File Name,Net Site EUI (kWh/m2),Net Site Energy (kWh),Net Source EUI (kWh/m2),Net Source Energy (kWh)
CZ11/Asm&0&cDXGF&New&dxAC_equip/NE-dxAC-PkgAC-18to33-New-SEER-13.4/instance-out.sql,131.57,831244.47,351.40,2220136.80
CZ11/Asm&0&cDXGF&New&dxAC_equip/NE-dxAC-PkgAC-18to33-New-SEER-15.2/instance-out.sql,129.63,818975.61,344.91,2179158.83
CZ11/Asm&0&cDXGF&New&dxAC_equip/NE-dxAC-PkgAC-18to33-New-SEER-16.2/instance-out.sql,128.84,814020.58,342.29,2162609.01
CZ11/Asm&0&cDXGF&New&dxAC_equip/NE-dxAC-PkgAC-18to33-New-SEER-17.1/instance-out.sql,128.21,810059.18,340.20,2149377.93
CZ11/Asm&0&cDXGF&New&dxAC_equip/NE-dxAC-PkgAC-18to33-New-SEER-18.1/instance-out.sql,127.62,806293.18,338.21,2136799.51
CZ11/Asm&0&cDXGF&New&dxAC_equip/NE-dxAC-PkgAC-33to65-New-SEER-13.4/instance-out.sql,130.57,824924.92,348.05,2199021.23
CZ11/Asm&0&cDXGF&New&dxAC_equip/NE-dxAC-PkgAC-33to65-New-SEER-15.2/instance-out.sql,128.70,813102.23,341.80,2159533.43
CZ11/Asm&0&cDXGF&New&dxAC_equip/NE-dxAC-PkgAC-33to65-New-SEER-16.2/instance-out.sql,127.94,808327.39,339.28,2143585.45
CZ11/Asm&0&cDXGF&New&dxAC_equip/NE-dxAC-PkgAC-33to65-New-SEER-17.1/instance-out.sql,127.34,804510.04,337.26,2130835.52
CZ11/Asm&0&cDXGF&New&dxAC_equip/NE-dxAC-PkgAC-33to65-New-SEER-18.1/instance-out.sql,126.76,800881.00,335.34,2118714.52
CZ11/ECC&0&cDXGF&New&dxAC_equip/NE-dxAC-PkgAC-18to33-New-SEER-13.4/instance-out.sql,96.27,2541711.02,271.74,7174617.69
CZ11/ECC&0&cDXGF&New&dxAC_equip/NE-dxAC-PkgAC-18to33-New-SEER-15.2/instance-out.sql,95.44,2519966.48,268.99,7101990.95
CZ11/ECC&0&cDXGF&New&dxAC_equip/NE-dxAC-PkgAC-18to33-New-SEER-16.2/instance-out.sql,95.11,2511184.49,267.88,7072659.10
CZ11/ECC&0&cDXGF&New&dxAC_equip/NE-dxAC-PkgAC-18to33-New-SEER-17.1/instance-out.sql,94.85,2504163.56,266.99,7049209.18
CZ11/ECC&0&cDXGF&New&dxAC_equip/NE-dxAC-PkgAC-18to33-New-SEER-18.1/instance-out.sql,94.59,2497488.95,266.15,7026915.98
CZ11/ECC&0&cDXGF&New&dxAC_equip/NE-dxAC-PkgAC-33to65-New-SEER-13.4/instance-out.sql,94.69,2500125.40,266.48,7035699.40
CZ11/ECC&0&cDXGF&New&dxAC_equip/NE-dxAC-PkgAC-33to65-New-SEER-15.2/instance-out.sql,93.98,2481315.76,264.10,6972875.20
CZ11/ECC&0&cDXGF&New&dxAC_equip/NE-dxAC-PkgAC-33to65-New-SEER-16.2/instance-out.sql,93.69,2473719.09,263.14,6947502.32
CZ11/ECC&0&cDXGF&New&dxAC_equip/NE-dxAC-PkgAC-33to65-New-SEER-17.1/instance-out.sql,93.46,2467645.78,262.37,6927217.47
CZ11/ECC&0&cDXGF&New&dxAC_equip/NE-dxAC-PkgAC-33to65-New-SEER-18.1/instance-out.sql,93.24,2461872.06,261.64,6907933.23
CZ11/EPr&0&cDXGF&New&dxAC_equip/NE-dxAC-PkgAC-18to33-New-SEER-13.4/instance-out.sql,103.32,391106.45,251.85,953346.44
CZ11/EPr&0&cDXGF&New&dxAC_equip/NE-dxAC-PkgAC-18to33-New-SEER-15.2/instance-out.sql,102.44,387777.96,248.91,942229.28
CZ11/EPr&0&cDXGF&New&dxAC_equip/NE-dxAC-PkgAC-18to33-New-SEER-16.2/instance-out.sql,102.09,386433.68,247.73,937739.38
CZ11/EPr&0&cDXGF&New&dxAC_equip/NE-dxAC-PkgAC-18to33-New-SEER-17.1/instance-out.sql,101.80,385358.97,246.78,934149.84
CZ11/EPr&0&cDXGF&New&dxAC_equip/NE-dxAC-PkgAC-18to33-New-SEER-18.1/instance-out.sql,101.53,384337.27,245.88,930737.36
CZ11/EPr&0&cDXGF&New&dxAC_equip/NE-dxAC-PkgAC-33to65-New-SEER-13.4/instance-out.sql,102.55,388208.20,249.29,943661.71
CZ11/EPr&0&cDXGF&New&dxAC_equip/NE-dxAC-PkgAC-33to65-New-SEER-15.2/instance-out.sql,101.73,385084.34,246.53,933228.00
CZ11/EPr&0&cDXGF&New&dxAC_equip/NE-dxAC-PkgAC-33to65-New-SEER-16.2/instance-out.sql,101.40,383822.70,245.42,929014.13
CZ11/EPr&0&cDXGF&New&dxAC_equip/NE-dxAC-PkgAC-33to65-New-SEER-17.1/instance-out.sql,101.13,382814.06,244.53,925645.27
CZ11/EPr&0&cDXGF&New&dxAC_equip/NE-dxAC-PkgAC-33to65-New-SEER-18.1/instance-out.sql,100.88,381855.17,243.69,922442.59
CZ11/ERC&0&cDXGF&New&dxAC_equip/NE-dxAC-PkgAC-18to33-New-SEER-13.4/instance-out.sql,73.39,19661.84,151.40,40559.07
CZ11/ERC&0&cDXGF&New&dxAC_equip/NE-dxAC-PkgAC-18to33-New-SEER-15.2/instance-out.sql,72.83,19510.17,149.51,40052.51
CZ11/ERC&0&cDXGF&New&dxAC_equip/NE-dxAC-PkgAC-18to33-New-SEER-16.2/instance-out.sql,72.60,19448.92,148.74,39847.92
CZ11/ERC&0&cDXGF&New&dxAC_equip/NE-dxAC-PkgAC-18to33-New-SEER-17.1/instance-out.sql,72.42,19399.95,148.13,39684.36
CZ11/ERC&0&cDXGF&New&dxAC_equip/NE-dxAC-PkgAC-18to33-New-SEER-18.1/instance-out.sql,72.24,19353.39,147.55,39528.87
CZ11/ERC&0&cDXGF&New&dxAC_equip/NE-dxAC-PkgAC-33to65-New-SEER-13.4/instance-out.sql,72.80,19503.35,149.42,40029.64
CZ11/ERC&0&cDXGF&New&dxAC_equip/NE-dxAC-PkgAC-33to65-New-SEER-15.2/instance-out.sql,72.28,19362.87,147.67,39560.43
CZ11/ERC&0&cDXGF&New&dxAC_equip/NE-dxAC-PkgAC-33to65-New-SEER-16.2/instance-out.sql,72.07,19306.13,146.96,39370.93
CZ11/ERC&0&cDXGF&New&dxAC_equip/NE-dxAC-PkgAC-33to65-New-SEER-17.1/instance-out.sql,71.90,19260.77,146.40,39219.44
CZ11/ERC&0&cDXGF&New&dxAC_equip/NE-dxAC-PkgAC-33to65-New-SEER-18.1/instance-out.sql,71.74,19217.65,145.86,39075.41
CZ11/ESe&0&cDXGF&New&dxAC_equip/NE-dxAC-PkgAC-18to33-New-SEER-13.4/instance-out.sql,162.36,1122299.56,404.24,2794195.15
CZ11/ESe&0&cDXGF&New&dxAC_equip/NE-dxAC-PkgAC-18to33-New-SEER-15.2/instance-out.sql,161.83,1118605.79,402.46,2781857.94
CZ11/ESe&0&cDXGF&New&dxAC_equip/NE-dxAC-PkgAC-18to33-New-SEER-16.2/instance-out.sql,161.61,1117113.98,401.74,2776875.29
CZ11/ESe&0&cDXGF&New&dxAC_equip/NE-dxAC-PkgAC-18to33-New-SEER-17.1/instance-out.sql,161.44,1115921.32,401.16,2772891.81
CZ11/ESe&0&cDXGF&New&dxAC_equip/NE-dxAC-PkgAC-18to33-New-SEER-18.1/instance-out.sql,161.28,1114787.49,400.61,2769104.83
CZ11/ESe&0&cDXGF&New&dxAC_equip/NE-dxAC-PkgAC-33to65-New-SEER-13.4/instance-out.sql,161.59,1116922.18,401.64,2776220.59
CZ11/ESe&0&cDXGF&New&dxAC_equip/NE-dxAC-PkgAC-33to65-New-SEER-15.2/instance-out.sql,161.11,1113608.22,400.04,2765151.97
CZ11/ESe&0&cDXGF&New&dxAC_equip/NE-dxAC-PkgAC-33to65-New-SEER-16.2/instance-out.sql,160.91,1112269.81,399.39,2760681.67
CZ11/ESe&0&cDXGF&New&dxAC_equip/NE-dxAC-PkgAC-33to65-New-SEER-17.1/instance-out.sql,160.76,1111199.79,398.88,2757107.80
CZ11/ESe&0&cDXGF&New&dxAC_equip/NE-dxAC-PkgAC-33to65-New-SEER-18.1/instance-out.sql,160.61,1110182.55,398.38,2753710.23
CZ11/EUn&0&cDXGF&New&dxAC_equip/NE-dxAC-PkgAC-18to33-New-SEER-13.4/instance-out.sql,99.95,7965010.42,303.25,24166146.54
CZ11/EUn&0&cDXGF&New&dxAC_equip/NE-dxAC-PkgAC-18to33-New-SEER-15.2/instance-out.sql,99.18,7903615.44,300.68,23961087.33
CZ11/EUn&0&cDXGF&New&dxAC_equip/NE-dxAC-PkgAC-18to33-New-SEER-16.2/instance-out.sql,98.87,7878819.78,299.64,23878269.83
CZ11/EUn&0&cDXGF&New&dxAC_equip/NE-dxAC-PkgAC-18to33-New-SEER-17.1/instance-out.sql,98.62,7858996.41,298.81,23812059.76
CZ11/EUn&0&cDXGF&New&dxAC_equip/NE-dxAC-PkgAC-18to33-New-SEER-18.1/instance-out.sql,98.38,7840150.87,298.02,23749115.66
CZ11/EUn&0&cDXGF&New&dxAC_equip/NE-dxAC-PkgAC-33to65-New-SEER-13.4/instance-out.sql,98.02,7811530.63,296.81,23653373.47
CZ11/EUn&0&cDXGF&New&dxAC_equip/NE-dxAC-PkgAC-33to65-New-SEER-15.2/instance-out.sql,97.39,7760969.51,294.69,23484499.33
CZ11/EUn&0&cDXGF&New&dxAC_equip/NE-dxAC-PkgAC-33to65-New-SEER-16.2/instance-out.sql,97.13,7740549.33,293.84,23416295.93
CZ11/EUn&0&cDXGF&New&dxAC_equip/NE-dxAC-PkgAC-33to65-New-SEER-17.1/instance-out.sql,96.93,7724224.02,293.15,23361769.39
CZ11/EUn&0&cDXGF&New&dxAC_equip/NE-dxAC-PkgAC-33to65-New-SEER-18.1/instance-out.sql,96.73,7708704.00,292.50,23309932.50
CZ11/Gro&0&cDXGF&New&dxAC_equip/NE-dxAC-PkgAC-18to33-New-SEER-13.4/instance-out.sql,399.69,1856499.90,1230.26,5714388.90
CZ11/Gro&0&cDXGF&New&dxAC_equip/NE-dxAC-PkgAC-18to33-New-SEER-15.2/instance-out.sql,398.72,1852022.65,1227.04,5699434.87
CZ11/Gro&0&cDXGF&New&dxAC_equip/NE-dxAC-PkgAC-18to33-New-SEER-16.2/instance-out.sql,398.34,1850214.41,1225.74,5693395.37
CZ11/Gro&0&cDXGF&New&dxAC_equip/NE-dxAC-PkgAC-18to33-New-SEER-17.1/instance-out.sql,398.02,1848768.79,1224.70,5688566.97
CZ11/Gro&0&cDXGF&New&dxAC_equip/NE-dxAC-PkgAC-18to33-New-SEER-18.1/instance-out.sql,397.73,1847394.47,1223.71,5683976.75
CZ11/Gro&0&cDXGF&New&dxAC_equip/NE-dxAC-PkgAC-33to65-New-SEER-13.4/instance-out.sql,399.27,1854536.44,1228.85,5707843.84
CZ11/Gro&0&cDXGF&New&dxAC_equip/NE-dxAC-PkgAC-33to65-New-SEER-15.2/instance-out.sql,398.34,1850237.82,1225.76,5693486.43
CZ11/Gro&0&cDXGF&New&dxAC_equip/NE-dxAC-PkgAC-33to65-New-SEER-16.2/instance-out.sql,397.97,1848501.73,1224.51,5687687.89
CZ11/Gro&0&cDXGF&New&dxAC_equip/NE-dxAC-PkgAC-33to65-New-SEER-17.1/instance-out.sql,397.67,1847113.77,1223.51,5683052.13
CZ11/Gro&0&cDXGF&New&dxAC_equip/NE-dxAC-PkgAC-33to65-New-SEER-18.1/instance-out.sql,397.38,1845794.29,1222.56,5678645.04
CZ11/Hsp&0&cDXGF&New&dxAC_equip/NE-dxAC-PkgAC-18to33-New-SEER-13.4/instance-out.sql,80.33,3687093.85,243.32,11168239.40
CZ11/Hsp&0&cDXGF&New&dxAC_equip/NE-dxAC-PkgAC-18to33-New-SEER-15.2/instance-out.sql,80.09,3676286.42,242.53,11132142.59
CZ11/Hsp&0&cDXGF&New&dxAC_equip/NE-dxAC-PkgAC-18to33-New-SEER-16.2/instance-out.sql,80.00,3671921.61,242.22,11117564.13
CZ11/Hsp&0&cDXGF&New&dxAC_equip/NE-dxAC-PkgAC-18to33-New-SEER-17.1/instance-out.sql,79.92,3668432.08,241.96,11105909.10
CZ11/Hsp&0&cDXGF&New&dxAC_equip/NE-dxAC-PkgAC-18to33-New-SEER-18.1/instance-out.sql,79.85,3665114.68,241.72,11094828.98
CZ11/Hsp&0&cDXGF&New&dxAC_equip/NE-dxAC-PkgAC-33to65-New-SEER-13.4/instance-out.sql,79.61,3654165.70,240.93,11058304.32
CZ11/Hsp&0&cDXGF&New&dxAC_equip/NE-dxAC-PkgAC-33to65-New-SEER-15.2/instance-out.sql,79.43,3645679.10,240.31,11029959.08
CZ11/Hsp&0&cDXGF&New&dxAC_equip/NE-dxAC-PkgAC-33to65-New-SEER-16.2/instance-out.sql,79.35,3642251.61,240.06,11018511.25
CZ11/Hsp&0&cDXGF&New&dxAC_equip/NE-dxAC-PkgAC-33to65-New-SEER-17.1/instance-out.sql,79.29,3639511.43,239.86,11009359.06
CZ11/Hsp&0&cDXGF&New&dxAC_equip/NE-dxAC-PkgAC-33to65-New-SEER-18.1/instance-out.sql,79.24,3636906.42,239.67,11000658.33
CZ11/MBT&0&cDXGF&New&dxAC_equip/NE-dxAC-PkgAC-18to33-New-SEER-13.4/instance-out.sql,178.86,6645924.74,399.57,14846700.10
CZ11/MBT&0&cDXGF&New&dxAC_equip/NE-dxAC-PkgAC-18to33-New-SEER-15.2/instance-out.sql,178.54,6633801.49,398.48,14806208.43
CZ11/MBT&0&cDXGF&New&dxAC_equip/NE-dxAC-PkgAC-18to33-New-SEER-16.2/instance-out.sql,178.41,6628905.26,398.04,14789855.01
CZ11/MBT&0&cDXGF&New&dxAC_equip/NE-dxAC-PkgAC-18to33-New-SEER-17.1/instance-out.sql,178.30,6624990.87,397.69,14776780.96
CZ11/MBT&0&cDXGF&New&dxAC_equip/NE-dxAC-PkgAC-18to33-New-SEER-18.1/instance-out.sql,178.20,6621269.57,397.36,14764351.81
CZ11/MBT&0&cDXGF&New&dxAC_equip/NE-dxAC-PkgAC-33to65-New-SEER-13.4/instance-out.sql,178.22,6621829.02,397.41,14766196.04
CZ11/MBT&0&cDXGF&New&dxAC_equip/NE-dxAC-PkgAC-33to65-New-SEER-15.2/instance-out.sql,177.93,6611406.56,396.47,14731385.04
CZ11/MBT&0&cDXGF&New&dxAC_equip/NE-dxAC-PkgAC-33to65-New-SEER-16.2/instance-out.sql,177.82,6607197.23,396.09,14717325.88
CZ11/MBT&0&cDXGF&New&dxAC_equip/NE-dxAC-PkgAC-33to65-New-SEER-17.1/instance-out.sql,177.73,6603832.00,395.79,14706086.01
CZ11/MBT&0&cDXGF&New&dxAC_equip/NE-dxAC-PkgAC-33to65-New-SEER-18.1/instance-out.sql,177.64,6600632.77,395.50,14695400.57
CZ11/MLI&0&cDXGF&New&dxAC_equip/NE-dxAC-PkgAC-18to33-New-SEER-13.4/instance-out.sql,106.32,987861.94,315.83,2934552.35
CZ11/MLI&0&cDXGF&New&dxAC_equip/NE-dxAC-PkgAC-18to33-New-SEER-15.2/instance-out.sql,105.12,976745.38,311.83,2897423.05
CZ11/MLI&0&cDXGF&New&dxAC_equip/NE-dxAC-PkgAC-18to33-New-SEER-16.2/instance-out.sql,104.64,972255.72,310.22,2882427.59
CZ11/MLI&0&cDXGF&New&dxAC_equip/NE-dxAC-PkgAC-18to33-New-SEER-17.1/instance-out.sql,104.25,968666.38,308.93,2870439.19
CZ11/MLI&0&cDXGF&New&dxAC_equip/NE-dxAC-PkgAC-18to33-New-SEER-18.1/instance-out.sql,103.88,965254.09,307.70,2859042.13
CZ11/MLI&0&cDXGF&New&dxAC_equip/NE-dxAC-PkgAC-33to65-New-SEER-13.4/instance-out.sql,104.30,969131.14,309.09,2871985.84
CZ11/MLI&0&cDXGF&New&dxAC_equip/NE-dxAC-PkgAC-33to65-New-SEER-15.2/instance-out.sql,103.25,959336.40,305.57,2839271.39
CZ11/MLI&0&cDXGF&New&dxAC_equip/NE-dxAC-PkgAC-33to65-New-SEER-16.2/instance-out.sql,102.82,955380.58,304.15,2826058.96
CZ11/MLI&0&cDXGF&New&dxAC_equip/NE-dxAC-PkgAC-33to65-New-SEER-17.1/instance-out.sql,102.48,952218.03,303.01,2815496.03
CZ11/MLI&0&cDXGF&New&dxAC_equip/NE-dxAC-PkgAC-33to65-New-SEER-18.1/instance-out.sql,102.16,949211.48,301.93,2805454.14
CZ11/Mtl&0&cDXGF&New&dxAC_equip/NE-dxAC-PkgAC-18to33-New-SEER-13.4/instance-out.sql,70.75,197105.87,210.04,585133.26
CZ11/Mtl&0&cDXGF&New&dxAC_equip/NE-dxAC-PkgAC-18to33-New-SEER-15.2/instance-out.sql,69.73,194267.85,206.64,575654.26
CZ11/Mtl&0&cDXGF&New&dxAC_equip/NE-dxAC-PkgAC-18to33-New-SEER-16.2/instance-out.sql,69.32,193121.65,205.26,571825.97
CZ11/Mtl&0&cDXGF&New&dxAC_equip/NE-dxAC-PkgAC-18to33-New-SEER-17.1/instance-out.sql,68.99,192205.30,204.17,568765.36
CZ11/Mtl&0&cDXGF&New&dxAC_equip/NE-dxAC-PkgAC-18to33-New-SEER-18.1/instance-out.sql,68.68,191334.16,203.12,565855.73
CZ11/Mtl&0&cDXGF&New&dxAC_equip/NE-dxAC-PkgAC-33to65-New-SEER-13.4/instance-out.sql,68.84,191780.33,203.66,567344.13
CZ11/Mtl&0&cDXGF&New&dxAC_equip/NE-dxAC-PkgAC-33to65-New-SEER-15.2/instance-out.sql,67.96,189318.12,200.70,559120.36
CZ11/Mtl&0&cDXGF&New&dxAC_equip/NE-dxAC-PkgAC-33to65-New-SEER-16.2/instance-out.sql,67.60,188323.71,199.51,555799.01
CZ11/Mtl&0&cDXGF&New&dxAC_equip/NE-dxAC-PkgAC-33to65-New-SEER-17.1/instance-out.sql,67.32,187528.71,198.56,553143.70
CZ11/Mtl&0&cDXGF&New&dxAC_equip/NE-dxAC-PkgAC-33to65-New-SEER-18.1/instance-out.sql,67.04,186772.92,197.65,550619.36
CZ11/Nrs&0&cDXGF&New&dxAC_equip/NE-dxAC-PkgAC-18to33-New-SEER-13.4/instance-out.sql,85.15,878066.72,232.39,2396390.78
CZ11/Nrs&0&cDXGF&New&dxAC_equip/NE-dxAC-PkgAC-18to33-New-SEER-15.2/instance-out.sql,84.77,874138.10,231.11,2383269.19
CZ11/Nrs&0&cDXGF&New&dxAC_equip/NE-dxAC-PkgAC-18to33-New-SEER-16.2/instance-out.sql,84.61,872551.45,230.60,2377969.76
CZ11/Nrs&0&cDXGF&New&dxAC_equip/NE-dxAC-PkgAC-18to33-New-SEER-17.1/instance-out.sql,84.49,871282.96,230.19,2373733.03
CZ11/Nrs&0&cDXGF&New&dxAC_equip/NE-dxAC-PkgAC-18to33-New-SEER-18.1/instance-out.sql,84.37,870077.05,229.80,2369705.29
CZ11/Nrs&0&cDXGF&New&dxAC_equip/NE-dxAC-PkgAC-33to65-New-SEER-13.4/instance-out.sql,84.33,869585.52,229.67,2368368.86
CZ11/Nrs&0&cDXGF&New&dxAC_equip/NE-dxAC-PkgAC-33to65-New-SEER-15.2/instance-out.sql,84.00,866237.81,228.58,2357187.53
CZ11/Nrs&0&cDXGF&New&dxAC_equip/NE-dxAC-PkgAC-33to65-New-SEER-16.2/instance-out.sql,83.87,864885.77,228.15,2352671.72
CZ11/Nrs&0&cDXGF&New&dxAC_equip/NE-dxAC-PkgAC-33to65-New-SEER-17.1/instance-out.sql,83.77,863804.86,227.80,2349061.46
CZ11/Nrs&0&cDXGF&New&dxAC_equip/NE-dxAC-PkgAC-33to65-New-SEER-18.1/instance-out.sql,83.67,862777.26,227.46,2345629.28
CZ11/OfL&0&cDXGF&New&dxAC_equip/NE-dxAC-PkgAC-18to33-New-SEER-13.4/instance-out.sql,71.09,2311046.96,225.10,7317672.05
CZ11/OfL&0&cDXGF&New&dxAC_equip/NE-dxAC-PkgAC-18to33-New-SEER-15.2/instance-out.sql,70.32,2286017.98,222.53,7234075.26
CZ11/OfL&0&cDXGF&New&dxAC_equip/NE-dxAC-PkgAC-18to33-New-SEER-16.2/instance-out.sql,70.01,2275909.50,221.49,7200312.92
CZ11/OfL&0&cDXGF&New&dxAC_equip/NE-dxAC-PkgAC-18to33-New-SEER-17.1/instance-out.sql,69.76,2267828.08,220.66,7173320.97
CZ11/OfL&0&cDXGF&New&dxAC_equip/NE-dxAC-PkgAC-18to33-New-SEER-18.1/instance-out.sql,69.52,2260145.29,219.87,7147660.45
CZ11/OfL&0&cDXGF&New&dxAC_equip/NE-dxAC-PkgAC-33to65-New-SEER-13.4/instance-out.sql,68.56,2228847.98,216.65,7043082.36
CZ11/OfL&0&cDXGF&New&dxAC_equip/NE-dxAC-PkgAC-33to65-New-SEER-15.2/instance-out.sql,67.97,2209620.36,214.68,6978862.08
CZ11/OfL&0&cDXGF&New&dxAC_equip/NE-dxAC-PkgAC-33to65-New-SEER-16.2/instance-out.sql,67.73,2201854.87,213.88,6952925.37
CZ11/OfL&0&cDXGF&New&dxAC_equip/NE-dxAC-PkgAC-33to65-New-SEER-17.1/instance-out.sql,67.54,2195646.60,213.24,6932189.75
CZ11/OfL&0&cDXGF&New&dxAC_equip/NE-dxAC-PkgAC-33to65-New-SEER-18.1/instance-out.sql,67.36,2189744.57,212.64,6912476.97
CZ11/OfS&0&cDXGF&New&dxAC_equip/NE-dxAC-PkgAC-18to33-New-SEER-13.4/instance-out.sql,68.26,126860.62,192.04,356909.36
CZ11/OfS&0&cDXGF&New&dxAC_equip/NE-dxAC-PkgAC-18to33-New-SEER-15.2/instance-out.sql,67.45,125354.68,189.34,351879.52
CZ11/OfS&0&cDXGF&New&dxAC_equip/NE-dxAC-PkgAC-18to33-New-SEER-16.2/instance-out.sql,67.12,124746.47,188.24,349848.11
CZ11/OfS&0&cDXGF&New&dxAC_equip/NE-dxAC-PkgAC-18to33-New-SEER-17.1/instance-out.sql,66.86,124260.23,187.37,348224.06
CZ11/OfS&0&cDXGF&New&dxAC_equip/NE-dxAC-PkgAC-18to33-New-SEER-18.1/instance-out.sql,66.61,123797.97,186.54,346680.12
CZ11/OfS&0&cDXGF&New&dxAC_equip/NE-dxAC-PkgAC-33to65-New-SEER-13.4/instance-out.sql,66.34,123285.81,185.62,344966.41
CZ11/OfS&0&cDXGF&New&dxAC_equip/NE-dxAC-PkgAC-33to65-New-SEER-15.2/instance-out.sql,65.66,122032.20,183.36,340779.36
CZ11/OfS&0&cDXGF&New&dxAC_equip/NE-dxAC-PkgAC-33to65-New-SEER-16.2/instance-out.sql,65.39,121525.90,182.45,339088.33
CZ11/OfS&0&cDXGF&New&dxAC_equip/NE-dxAC-PkgAC-33to65-New-SEER-17.1/instance-out.sql,65.17,121121.14,181.73,337736.40
CZ11/OfS&0&cDXGF&New&dxAC_equip/NE-dxAC-PkgAC-33to65-New-SEER-18.1/instance-out.sql,64.96,120736.33,181.03,336451.16
CZ11/RFF&0&cDXGF&New&dxAC_equip/NE-dxAC-PkgAC-18to33-New-SEER-13.4/instance-out.sql,275.11,102137.23,615.54,228526.40
CZ11/RFF&0&cDXGF&New&dxAC_equip/NE-dxAC-PkgAC-18to33-New-SEER-15.2/instance-out.sql,273.82,101657.58,611.23,226924.36
CZ11/RFF&0&cDXGF&New&dxAC_equip/NE-dxAC-PkgAC-18to33-New-SEER-16.2/instance-out.sql,273.30,101463.86,609.49,226277.34
CZ11/RFF&0&cDXGF&New&dxAC_equip/NE-dxAC-PkgAC-18to33-New-SEER-17.1/instance-out.sql,272.88,101308.99,608.09,225760.07
CZ11/RFF&0&cDXGF&New&dxAC_equip/NE-dxAC-PkgAC-18to33-New-SEER-18.1/instance-out.sql,272.48,101161.76,606.77,225268.31
CZ11/RFF&0&cDXGF&New&dxAC_equip/NE-dxAC-PkgAC-33to65-New-SEER-13.4/instance-out.sql,273.20,101427.07,609.15,226152.27
CZ11/RFF&0&cDXGF&New&dxAC_equip/NE-dxAC-PkgAC-33to65-New-SEER-15.2/instance-out.sql,272.04,100997.57,605.29,224717.75
CZ11/RFF&0&cDXGF&New&dxAC_equip/NE-dxAC-PkgAC-33to65-New-SEER-16.2/instance-out.sql,271.57,100824.11,603.73,224138.39
CZ11/RFF&0&cDXGF&New&dxAC_equip/NE-dxAC-PkgAC-33to65-New-SEER-17.1/instance-out.sql,271.20,100685.43,602.48,223675.21
CZ11/RFF&0&cDXGF&New&dxAC_equip/NE-dxAC-PkgAC-33to65-New-SEER-18.1/instance-out.sql,270.84,100553.60,601.29,223234.87
CZ11/RSD&0&cDXGF&New&dxAC_equip/NE-dxAC-PkgAC-18to33-New-SEER-13.4/instance-out.sql,243.56,253540.94,508.32,529153.55
CZ11/RSD&0&cDXGF&New&dxAC_equip/NE-dxAC-PkgAC-18to33-New-SEER-15.2/instance-out.sql,243.31,253283.27,507.49,528292.91
CZ11/RSD&0&cDXGF&New&dxAC_equip/NE-dxAC-PkgAC-18to33-New-SEER-16.2/instance-out.sql,243.21,253179.20,507.16,527945.33
CZ11/RSD&0&cDXGF&New&dxAC_equip/NE-dxAC-PkgAC-18to33-New-SEER-17.1/instance-out.sql,243.13,253096.00,506.89,527667.45
CZ11/RSD&0&cDXGF&New&dxAC_equip/NE-dxAC-PkgAC-18to33-New-SEER-18.1/instance-out.sql,243.06,253016.91,506.64,527403.27
CZ11/RSD&0&cDXGF&New&dxAC_equip/NE-dxAC-PkgAC-33to65-New-SEER-13.4/instance-out.sql,243.27,253235.55,507.30,528090.85
CZ11/RSD&0&cDXGF&New&dxAC_equip/NE-dxAC-PkgAC-33to65-New-SEER-15.2/instance-out.sql,243.04,253000.94,506.55,527307.25
CZ11/RSD&0&cDXGF&New&dxAC_equip/NE-dxAC-PkgAC-33to65-New-SEER-16.2/instance-out.sql,242.95,252906.19,506.24,526990.78
CZ11/RSD&0&cDXGF&New&dxAC_equip/NE-dxAC-PkgAC-33to65-New-SEER-17.1/instance-out.sql,242.88,252830.44,506.00,526737.77
CZ11/RSD&0&cDXGF&New&dxAC_equip/NE-dxAC-PkgAC-33to65-New-SEER-18.1/instance-out.sql,242.81,252758.42,505.77,526497.24
CZ11/Rt3&0&cDXGF&New&dxAC_equip/NE-dxAC-PkgAC-18to33-New-SEER-13.4/instance-out.sql,80.16,1787321.78,243.15,5421543.18
CZ11/Rt3&0&cDXGF&New&dxAC_equip/NE-dxAC-PkgAC-18to33-New-SEER-15.2/instance-out.sql,79.24,1766756.42,240.07,5352854.88
CZ11/Rt3&0&cDXGF&New&dxAC_equip/NE-dxAC-PkgAC-18to33-New-SEER-16.2/instance-out.sql,78.87,1758450.66,238.83,5325113.65
CZ11/Rt3&0&cDXGF&New&dxAC_equip/NE-dxAC-PkgAC-18to33-New-SEER-17.1/instance-out.sql,78.57,1751810.46,237.83,5302935.39
CZ11/Rt3&0&cDXGF&New&dxAC_equip/NE-dxAC-PkgAC-18to33-New-SEER-18.1/instance-out.sql,78.28,1745497.81,236.89,5281851.12
CZ11/Rt3&0&cDXGF&New&dxAC_equip/NE-dxAC-PkgAC-33to65-New-SEER-13.4/instance-out.sql,78.58,1751981.08,237.86,5303492.30
CZ11/Rt3&0&cDXGF&New&dxAC_equip/NE-dxAC-PkgAC-33to65-New-SEER-15.2/instance-out.sql,77.77,1733909.74,235.15,5243134.03
CZ11/Rt3&0&cDXGF&New&dxAC_equip/NE-dxAC-PkgAC-33to65-New-SEER-16.2/instance-out.sql,77.44,1726611.25,234.06,5218757.06
CZ11/Rt3&0&cDXGF&New&dxAC_equip/NE-dxAC-PkgAC-33to65-New-SEER-17.1/instance-out.sql,77.18,1720776.33,233.19,5199268.42
CZ11/Rt3&0&cDXGF&New&dxAC_equip/NE-dxAC-PkgAC-33to65-New-SEER-18.1/instance-out.sql,76.93,1715229.22,232.35,5180741.10
CZ11/RtL&0&cDXGF&New&dxAC_equip/NE-dxAC-PkgAC-18to33-New-SEER-13.4/instance-out.sql,148.96,1806027.24,453.08,5493091.47
CZ11/RtL&0&cDXGF&New&dxAC_equip/NE-dxAC-PkgAC-18to33-New-SEER-15.2/instance-out.sql,147.25,1785206.60,447.34,5423550.54
CZ11/RtL&0&cDXGF&New&dxAC_equip/NE-dxAC-PkgAC-18to33-New-SEER-16.2/instance-out.sql,146.55,1776797.74,445.02,5395464.96
CZ11/RtL&0&cDXGF&New&dxAC_equip/NE-dxAC-PkgAC-18to33-New-SEER-17.1/instance-out.sql,146.00,1770075.12,443.17,5373011.39
CZ11/RtL&0&cDXGF&New&dxAC_equip/NE-dxAC-PkgAC-18to33-New-SEER-18.1/instance-out.sql,145.47,1763684.11,441.41,5351665.41
CZ11/RtL&0&cDXGF&New&dxAC_equip/NE-dxAC-PkgAC-33to65-New-SEER-13.4/instance-out.sql,145.96,1769624.70,443.05,5371488.21
CZ11/RtL&0&cDXGF&New&dxAC_equip/NE-dxAC-PkgAC-33to65-New-SEER-15.2/instance-out.sql,144.46,1751373.18,438.02,5310528.13
CZ11/RtL&0&cDXGF&New&dxAC_equip/NE-dxAC-PkgAC-33to65-New-SEER-16.2/instance-out.sql,143.85,1744001.92,435.99,5285908.11
CZ11/RtL&0&cDXGF&New&dxAC_equip/NE-dxAC-PkgAC-33to65-New-SEER-17.1/instance-out.sql,143.36,1738108.82,434.36,5266225.15
CZ11/RtL&0&cDXGF&New&dxAC_equip/NE-dxAC-PkgAC-33to65-New-SEER-18.1/instance-out.sql,142.90,1732506.41,432.82,5247513.11
CZ11/RtS&0&cDXGF&New&dxAC_equip/NE-dxAC-PkgAC-18to33-New-SEER-13.4/instance-out.sql,81.41,121031.95,229.32,340924.26
CZ11/RtS&0&cDXGF&New&dxAC_equip/NE-dxAC-PkgAC-18to33-New-SEER-15.2/instance-out.sql,80.50,119677.70,226.27,336401.08
CZ11/RtS&0&cDXGF&New&dxAC_equip/NE-dxAC-PkgAC-18to33-New-SEER-16.2/instance-out.sql,80.13,119130.76,225.05,334574.30
CZ11/RtS&0&cDXGF&New&dxAC_equip/NE-dxAC-PkgAC-18to33-New-SEER-17.1/instance-out.sql,79.84,118693.50,224.06,333113.84
CZ11/RtS&0&cDXGF&New&dxAC_equip/NE-dxAC-PkgAC-18to33-New-SEER-18.1/instance-out.sql,79.56,118277.81,223.13,331725.42
CZ11/RtS&0&cDXGF&New&dxAC_equip/NE-dxAC-PkgAC-33to65-New-SEER-13.4/instance-out.sql,80.23,119283.28,225.39,335082.92
CZ11/RtS&0&cDXGF&New&dxAC_equip/NE-dxAC-PkgAC-33to65-New-SEER-15.2/instance-out.sql,79.41,118052.44,222.62,330971.93
CZ11/RtS&0&cDXGF&New&dxAC_equip/NE-dxAC-PkgAC-33to65-New-SEER-16.2/instance-out.sql,79.07,117555.34,221.51,329311.62
CZ11/RtS&0&cDXGF&New&dxAC_equip/NE-dxAC-PkgAC-33to65-New-SEER-17.1/instance-out.sql,78.80,117157.93,220.61,327984.25
CZ11/RtS&0&cDXGF&New&dxAC_equip/NE-dxAC-PkgAC-33to65-New-SEER-18.1/instance-out.sql,78.55,116780.12,219.76,326722.35
CZ11/SCn&0&cDXGF&New&dxAC_equip/NE-dxAC-PkgAC-18to33-New-SEER-13.4/instance-out.sql,74.97,3482567.05,208.48,9683841.72
CZ11/SCn&0&cDXGF&New&dxAC_equip/NE-dxAC-PkgAC-18to33-New-SEER-15.2/instance-out.sql,74.14,3443866.82,205.69,9554582.96
CZ11/SCn&0&cDXGF&New&dxAC_equip/NE-dxAC-PkgAC-18to33-New-SEER-16.2/instance-out.sql,73.80,3428236.92,204.57,9502379.07
CZ11/SCn&0&cDXGF&New&dxAC_equip/NE-dxAC-PkgAC-18to33-New-SEER-17.1/instance-out.sql,73.53,3415741.28,203.67,9460643.65
CZ11/SCn&0&cDXGF&New&dxAC_equip/NE-dxAC-PkgAC-18to33-New-SEER-18.1/instance-out.sql,73.28,3403862.03,202.82,9420966.93
CZ11/SCn&0&cDXGF&New&dxAC_equip/NE-dxAC-PkgAC-33to65-New-SEER-13.4/instance-out.sql,74.37,3454627.04,206.47,9590518.23
CZ11/SCn&0&cDXGF&New&dxAC_equip/NE-dxAC-PkgAC-33to65-New-SEER-15.2/instance-out.sql,73.58,3417898.36,203.83,9467844.46
CZ11/SCn&0&cDXGF&New&dxAC_equip/NE-dxAC-PkgAC-33to65-New-SEER-16.2/instance-out.sql,73.26,3403064.71,202.76,9418300.06
CZ11/SCn&0&cDXGF&New&dxAC_equip/NE-dxAC-PkgAC-33to65-New-SEER-17.1/instance-out.sql,73.01,3391205.66,201.91,9378690.82
CZ11/SCn&0&cDXGF&New&dxAC_equip/NE-dxAC-PkgAC-33to65-New-SEER-18.1/instance-out.sql,72.76,3379931.58,201.10,9341035.40
CZ12/Asm&0&cDXGF&New&dxAC_equip/NE-dxAC-PkgAC-18to33-New-SEER-13.4/instance-out.sql,123.38,779498.02,329.20,2079898.11
CZ12/Asm&0&cDXGF&New&dxAC_equip/NE-dxAC-PkgAC-18to33-New-SEER-15.2/instance-out.sql,121.78,769434.69,323.88,2046286.58
CZ12/Asm&0&cDXGF&New&dxAC_equip/NE-dxAC-PkgAC-18to33-New-SEER-16.2/instance-out.sql,121.14,765370.40,321.73,2032711.86
CZ12/Asm&0&cDXGF&New&dxAC_equip/NE-dxAC-PkgAC-18to33-New-SEER-17.1/instance-out.sql,120.63,762121.13,320.01,2021859.28
CZ12/Asm&0&cDXGF&New&dxAC_equip/NE-dxAC-PkgAC-18to33-New-SEER-18.1/instance-out.sql,120.14,759032.13,318.38,2011542.02
CZ12/Asm&0&cDXGF&New&dxAC_equip/NE-dxAC-PkgAC-33to65-New-SEER-13.4/instance-out.sql,122.28,772554.40,325.52,2056662.11
CZ12/Asm&0&cDXGF&New&dxAC_equip/NE-dxAC-PkgAC-33to65-New-SEER-15.2/instance-out.sql,120.76,762982.38,320.46,2024691.54
CZ12/Asm&0&cDXGF&New&dxAC_equip/NE-dxAC-PkgAC-33to65-New-SEER-16.2/instance-out.sql,120.15,759116.51,318.42,2011779.54
CZ12/Asm&0&cDXGF&New&dxAC_equip/NE-dxAC-PkgAC-33to65-New-SEER-17.1/instance-out.sql,119.66,756025.87,316.78,2001456.80
CZ12/Asm&0&cDXGF&New&dxAC_equip/NE-dxAC-PkgAC-33to65-New-SEER-18.1/instance-out.sql,119.20,753087.68,315.23,1991643.24
CZ12/ECC&0&cDXGF&New&dxAC_equip/NE-dxAC-PkgAC-18to33-New-SEER-13.4/instance-out.sql,93.89,2478940.93,262.59,6933015.34
CZ12/ECC&0&cDXGF&New&dxAC_equip/NE-dxAC-PkgAC-18to33-New-SEER-15.2/instance-out.sql,93.19,2460323.16,260.24,6870831.99
CZ12/ECC&0&cDXGF&New&dxAC_equip/NE-dxAC-PkgAC-18to33-New-SEER-16.2/instance-out.sql,92.90,2452803.98,259.28,6845717.92
CZ12/ECC&0&cDXGF&New&dxAC_equip/NE-dxAC-PkgAC-18to33-New-SEER-17.1/instance-out.sql,92.67,2446792.62,258.52,6825640.00
CZ12/ECC&0&cDXGF&New&dxAC_equip/NE-dxAC-PkgAC-18to33-New-SEER-18.1/instance-out.sql,92.46,2441077.79,257.80,6806552.46
CZ12/ECC&0&cDXGF&New&dxAC_equip/NE-dxAC-PkgAC-33to65-New-SEER-13.4/instance-out.sql,92.14,2432831.43,256.76,6778975.75
CZ12/ECC&0&cDXGF&New&dxAC_equip/NE-dxAC-PkgAC-33to65-New-SEER-15.2/instance-out.sql,91.56,2417468.47,254.81,6727663.46
CZ12/ECC&0&cDXGF&New&dxAC_equip/NE-dxAC-PkgAC-33to65-New-SEER-16.2/instance-out.sql,91.33,2411263.81,254.03,6706939.90
CZ12/ECC&0&cDXGF&New&dxAC_equip/NE-dxAC-PkgAC-33to65-New-SEER-17.1/instance-out.sql,91.14,2406303.37,253.40,6690372.05
CZ12/ECC&0&cDXGF&New&dxAC_equip/NE-dxAC-PkgAC-33to65-New-SEER-18.1/instance-out.sql,90.96,2401587.63,252.80,6674621.44
CZ12/EPr&0&cDXGF&New&dxAC_equip/NE-dxAC-PkgAC-18to33-New-SEER-13.4/instance-out.sql,100.42,380122.15,241.74,915094.36
CZ12/EPr&0&cDXGF&New&dxAC_equip/NE-dxAC-PkgAC-18to33-New-SEER-15.2/instance-out.sql,99.69,377365.31,239.31,905886.52
CZ12/EPr&0&cDXGF&New&dxAC_equip/NE-dxAC-PkgAC-18to33-New-SEER-16.2/instance-out.sql,99.40,376251.90,238.33,902167.74
CZ12/EPr&0&cDXGF&New&dxAC_equip/NE-dxAC-PkgAC-18to33-New-SEER-17.1/instance-out.sql,99.16,375361.77,237.54,899194.69
CZ12/EPr&0&cDXGF&New&dxAC_equip/NE-dxAC-PkgAC-18to33-New-SEER-18.1/instance-out.sql,98.94,374515.54,236.80,896368.29
CZ12/EPr&0&cDXGF&New&dxAC_equip/NE-dxAC-PkgAC-33to65-New-SEER-13.4/instance-out.sql,99.55,376833.51,238.84,904102.45
CZ12/EPr&0&cDXGF&New&dxAC_equip/NE-dxAC-PkgAC-33to65-New-SEER-15.2/instance-out.sql,98.88,374309.16,236.61,895671.11
CZ12/EPr&0&cDXGF&New&dxAC_equip/NE-dxAC-PkgAC-33to65-New-SEER-16.2/instance-out.sql,98.61,373289.65,235.71,892265.93
CZ12/EPr&0&cDXGF&New&dxAC_equip/NE-dxAC-PkgAC-33to65-New-SEER-17.1/instance-out.sql,98.40,372474.58,234.99,889543.60
CZ12/EPr&0&cDXGF&New&dxAC_equip/NE-dxAC-PkgAC-33to65-New-SEER-18.1/instance-out.sql,98.19,371699.71,234.31,886955.55
CZ12/ERC&0&cDXGF&New&dxAC_equip/NE-dxAC-PkgAC-18to33-New-SEER-13.4/instance-out.sql,70.53,18893.58,141.34,37863.02
CZ12/ERC&0&cDXGF&New&dxAC_equip/NE-dxAC-PkgAC-18to33-New-SEER-15.2/instance-out.sql,70.08,18773.43,139.84,37461.72
CZ12/ERC&0&cDXGF&New&dxAC_equip/NE-dxAC-PkgAC-18to33-New-SEER-16.2/instance-out.sql,69.90,18724.91,139.23,37299.65
CZ12/ERC&0&cDXGF&New&dxAC_equip/NE-dxAC-PkgAC-18to33-New-SEER-17.1/instance-out.sql,69.75,18686.11,138.75,37170.08
CZ12/ERC&0&cDXGF&New&dxAC_equip/NE-dxAC-PkgAC-18to33-New-SEER-18.1/instance-out.sql,69.61,18649.23,138.29,37046.90
CZ12/ERC&0&cDXGF&New&dxAC_equip/NE-dxAC-PkgAC-33to65-New-SEER-13.4/instance-out.sql,69.90,18726.48,139.25,37304.83
CZ12/ERC&0&cDXGF&New&dxAC_equip/NE-dxAC-PkgAC-33to65-New-SEER-15.2/instance-out.sql,69.50,18618.13,137.90,36942.92
CZ12/ERC&0&cDXGF&New&dxAC_equip/NE-dxAC-PkgAC-33to65-New-SEER-16.2/instance-out.sql,69.33,18574.37,137.36,36796.76
CZ12/ERC&0&cDXGF&New&dxAC_equip/NE-dxAC-PkgAC-33to65-New-SEER-17.1/instance-out.sql,69.20,18539.38,136.92,36679.91
CZ12/ERC&0&cDXGF&New&dxAC_equip/NE-dxAC-PkgAC-33to65-New-SEER-18.1/instance-out.sql,69.08,18506.12,136.50,36568.82
CZ12/ESe&0&cDXGF&New&dxAC_equip/NE-dxAC-PkgAC-18to33-New-SEER-13.4/instance-out.sql,158.30,1094187.48,388.28,2683869.68
CZ12/ESe&0&cDXGF&New&dxAC_equip/NE-dxAC-PkgAC-18to33-New-SEER-15.2/instance-out.sql,157.84,1091044.33,386.76,2673371.56
CZ12/ESe&0&cDXGF&New&dxAC_equip/NE-dxAC-PkgAC-18to33-New-SEER-16.2/instance-out.sql,157.66,1089774.90,386.15,2669131.67
CZ12/ESe&0&cDXGF&New&dxAC_equip/NE-dxAC-PkgAC-18to33-New-SEER-17.1/instance-out.sql,157.51,1088760.03,385.66,2665742.01
CZ12/ESe&0&cDXGF&New&dxAC_equip/NE-dxAC-PkgAC-18to33-New-SEER-18.1/instance-out.sql,157.37,1087795.22,385.19,2662519.55
CZ12/ESe&0&cDXGF&New&dxAC_equip/NE-dxAC-PkgAC-33to65-New-SEER-13.4/instance-out.sql,157.45,1088337.95,385.45,2664326.21
CZ12/ESe&0&cDXGF&New&dxAC_equip/NE-dxAC-PkgAC-33to65-New-SEER-15.2/instance-out.sql,157.06,1085607.75,384.13,2655207.35
CZ12/ESe&0&cDXGF&New&dxAC_equip/NE-dxAC-PkgAC-33to65-New-SEER-16.2/instance-out.sql,156.90,1084505.10,383.60,2651524.51
CZ12/ESe&0&cDXGF&New&dxAC_equip/NE-dxAC-PkgAC-33to65-New-SEER-17.1/instance-out.sql,156.77,1083623.57,383.17,2648580.18
CZ12/ESe&0&cDXGF&New&dxAC_equip/NE-dxAC-PkgAC-33to65-New-SEER-18.1/instance-out.sql,156.65,1082785.52,382.77,2645781.10
CZ12/EUn&0&cDXGF&New&dxAC_equip/NE-dxAC-PkgAC-18to33-New-SEER-13.4/instance-out.sql,97.52,7771857.91,294.54,23471996.77
CZ12/EUn&0&cDXGF&New&dxAC_equip/NE-dxAC-PkgAC-18to33-New-SEER-15.2/instance-out.sql,96.85,7718371.95,292.30,23293353.67
CZ12/EUn&0&cDXGF&New&dxAC_equip/NE-dxAC-PkgAC-18to33-New-SEER-16.2/instance-out.sql,96.58,7696770.51,291.39,23221204.87
CZ12/EUn&0&cDXGF&New&dxAC_equip/NE-dxAC-PkgAC-18to33-New-SEER-17.1/instance-out.sql,96.37,7679500.82,290.67,23163524.10
CZ12/EUn&0&cDXGF&New&dxAC_equip/NE-dxAC-PkgAC-18to33-New-SEER-18.1/instance-out.sql,96.16,7663083.00,289.98,23108688.57
CZ12/EUn&0&cDXGF&New&dxAC_equip/NE-dxAC-PkgAC-33to65-New-SEER-13.4/instance-out.sql,95.46,7607622.76,287.65,22923308.00
CZ12/EUn&0&cDXGF&New&dxAC_equip/NE-dxAC-PkgAC-33to65-New-SEER-15.2/instance-out.sql,94.94,7565729.34,285.90,22783383.99
CZ12/EUn&0&cDXGF&New&dxAC_equip/NE-dxAC-PkgAC-33to65-New-SEER-16.2/instance-out.sql,94.73,7548809.80,285.19,22726872.72
CZ12/EUn&0&cDXGF&New&dxAC_equip/NE-dxAC-PkgAC-33to65-New-SEER-17.1/instance-out.sql,94.56,7535283.14,284.62,22681693.68
CZ12/EUn&0&cDXGF&New&dxAC_equip/NE-dxAC-PkgAC-33to65-New-SEER-18.1/instance-out.sql,94.39,7522423.72,284.08,22638743.20
CZ12/Gro&0&cDXGF&New&dxAC_equip/NE-dxAC-PkgAC-18to33-New-SEER-13.4/instance-out.sql,389.34,1808447.64,1196.27,5556525.50
CZ12/Gro&0&cDXGF&New&dxAC_equip/NE-dxAC-PkgAC-18to33-New-SEER-15.2/instance-out.sql,388.62,1805082.81,1193.85,5545286.95
CZ12/Gro&0&cDXGF&New&dxAC_equip/NE-dxAC-PkgAC-18to33-New-SEER-16.2/instance-out.sql,388.33,1803723.85,1192.87,5540748.02
CZ12/Gro&0&cDXGF&New&dxAC_equip/NE-dxAC-PkgAC-18to33-New-SEER-17.1/instance-out.sql,388.09,1802637.40,1192.09,5537119.28
CZ12/Gro&0&cDXGF&New&dxAC_equip/NE-dxAC-PkgAC-18to33-New-SEER-18.1/instance-out.sql,387.87,1801604.54,1191.35,5533669.54
CZ12/Gro&0&cDXGF&New&dxAC_equip/NE-dxAC-PkgAC-33to65-New-SEER-13.4/instance-out.sql,389.22,1807867.00,1195.86,5554598.45
CZ12/Gro&0&cDXGF&New&dxAC_equip/NE-dxAC-PkgAC-33to65-New-SEER-15.2/instance-out.sql,388.53,1804688.97,1193.57,5543983.82
CZ12/Gro&0&cDXGF&New&dxAC_equip/NE-dxAC-PkgAC-33to65-New-SEER-16.2/instance-out.sql,388.26,1803405.45,1192.65,5539696.87
CZ12/Gro&0&cDXGF&New&dxAC_equip/NE-dxAC-PkgAC-33to65-New-SEER-17.1/instance-out.sql,388.04,1802379.32,1191.91,5536269.59
CZ12/Gro&0&cDXGF&New&dxAC_equip/NE-dxAC-PkgAC-33to65-New-SEER-18.1/instance-out.sql,387.83,1801403.80,1191.21,5533011.37
CZ12/Hsp&0&cDXGF&New&dxAC_equip/NE-dxAC-PkgAC-18to33-New-SEER-13.4/instance-out.sql,78.24,3591055.00,235.45,10807099.14
CZ12/Hsp&0&cDXGF&New&dxAC_equip/NE-dxAC-PkgAC-18to33-New-SEER-15.2/instance-out.sql,78.03,3581529.32,234.76,10775283.38
CZ12/Hsp&0&cDXGF&New&dxAC_equip/NE-dxAC-PkgAC-18to33-New-SEER-16.2/instance-out.sql,77.95,3577682.18,234.48,10762433.91
CZ12/Hsp&0&cDXGF&New&dxAC_equip/NE-dxAC-PkgAC-18to33-New-SEER-17.1/instance-out.sql,77.88,3574606.50,234.26,10752161.15
CZ12/Hsp&0&cDXGF&New&dxAC_equip/NE-dxAC-PkgAC-18to33-New-SEER-18.1/instance-out.sql,77.82,3571682.54,234.04,10742395.12
CZ12/Hsp&0&cDXGF&New&dxAC_equip/NE-dxAC-PkgAC-33to65-New-SEER-13.4/instance-out.sql,77.47,3555880.25,232.89,10689641.15
CZ12/Hsp&0&cDXGF&New&dxAC_equip/NE-dxAC-PkgAC-33to65-New-SEER-15.2/instance-out.sql,77.32,3548835.33,232.38,10666111.13
CZ12/Hsp&0&cDXGF&New&dxAC_equip/NE-dxAC-PkgAC-33to65-New-SEER-16.2/instance-out.sql,77.26,3545990.09,232.17,10656608.03
CZ12/Hsp&0&cDXGF&New&dxAC_equip/NE-dxAC-PkgAC-33to65-New-SEER-17.1/instance-out.sql,77.21,3543715.41,232.01,10649010.59
CZ12/Hsp&0&cDXGF&New&dxAC_equip/NE-dxAC-PkgAC-33to65-New-SEER-18.1/instance-out.sql,77.16,3541552.93,231.85,10641787.92
CZ12/MBT&0&cDXGF&New&dxAC_equip/NE-dxAC-PkgAC-18to33-New-SEER-13.4/instance-out.sql,175.72,6528938.26,385.35,14318340.72
CZ12/MBT&0&cDXGF&New&dxAC_equip/NE-dxAC-PkgAC-18to33-New-SEER-15.2/instance-out.sql,175.45,6519000.83,384.46,14285149.72
CZ12/MBT&0&cDXGF&New&dxAC_equip/NE-dxAC-PkgAC-18to33-New-SEER-16.2/instance-out.sql,175.34,6514987.40,384.10,14271744.84
CZ12/MBT&0&cDXGF&New&dxAC_equip/NE-dxAC-PkgAC-18to33-New-SEER-17.1/instance-out.sql,175.25,6511778.77,383.81,14261028.04
CZ12/MBT&0&cDXGF&New&dxAC_equip/NE-dxAC-PkgAC-18to33-New-SEER-18.1/instance-out.sql,175.17,6508728.42,383.54,14250839.87
CZ12/MBT&0&cDXGF&New&dxAC_equip/NE-dxAC-PkgAC-33to65-New-SEER-13.4/instance-out.sql,175.02,6503036.57,383.02,14231804.87
CZ12/MBT&0&cDXGF&New&dxAC_equip/NE-dxAC-PkgAC-33to65-New-SEER-15.2/instance-out.sql,174.80,6494927.43,382.30,14204720.34
CZ12/MBT&0&cDXGF&New&dxAC_equip/NE-dxAC-PkgAC-33to65-New-SEER-16.2/instance-out.sql,174.71,6491652.38,382.00,14193781.68
CZ12/MBT&0&cDXGF&New&dxAC_equip/NE-dxAC-PkgAC-33to65-New-SEER-17.1/instance-out.sql,174.64,6489034.08,381.77,14185036.56
CZ12/MBT&0&cDXGF&New&dxAC_equip/NE-dxAC-PkgAC-33to65-New-SEER-18.1/instance-out.sql,174.57,6486544.93,381.54,14176722.80
CZ12/MLI&0&cDXGF&New&dxAC_equip/NE-dxAC-PkgAC-18to33-New-SEER-13.4/instance-out.sql,103.34,960188.28,308.54,2866812.06
CZ12/MLI&0&cDXGF&New&dxAC_equip/NE-dxAC-PkgAC-18to33-New-SEER-15.2/instance-out.sql,102.32,950694.38,305.12,2835102.43
CZ12/MLI&0&cDXGF&New&dxAC_equip/NE-dxAC-PkgAC-18to33-New-SEER-16.2/instance-out.sql,101.90,946860.07,303.75,2822295.83
CZ12/MLI&0&cDXGF&New&dxAC_equip/NE-dxAC-PkgAC-18to33-New-SEER-17.1/instance-out.sql,101.57,943794.65,302.64,2812057.34
CZ12/MLI&0&cDXGF&New&dxAC_equip/NE-dxAC-PkgAC-18to33-New-SEER-18.1/instance-out.sql,101.26,940880.44,301.60,2802323.89
CZ12/MLI&0&cDXGF&New&dxAC_equip/NE-dxAC-PkgAC-33to65-New-SEER-13.4/instance-out.sql,100.93,937798.89,300.49,2792026.97
CZ12/MLI&0&cDXGF&New&dxAC_equip/NE-dxAC-PkgAC-33to65-New-SEER-15.2/instance-out.sql,100.08,929884.91,297.64,2765594.30
CZ12/MLI&0&cDXGF&New&dxAC_equip/NE-dxAC-PkgAC-33to65-New-SEER-16.2/instance-out.sql,99.73,926688.69,296.50,2754918.90
CZ12/MLI&0&cDXGF&New&dxAC_equip/NE-dxAC-PkgAC-33to65-New-SEER-17.1/instance-out.sql,99.46,924133.40,295.58,2746384.25
CZ12/MLI&0&cDXGF&New&dxAC_equip/NE-dxAC-PkgAC-33to65-New-SEER-18.1/instance-out.sql,99.20,921704.16,294.70,2738270.59
CZ12/Mtl&0&cDXGF&New&dxAC_equip/NE-dxAC-PkgAC-18to33-New-SEER-13.4/instance-out.sql,66.26,184577.51,194.63,542194.67
CZ12/Mtl&0&cDXGF&New&dxAC_equip/NE-dxAC-PkgAC-18to33-New-SEER-15.2/instance-out.sql,65.40,182183.85,191.76,534199.84
CZ12/Mtl&0&cDXGF&New&dxAC_equip/NE-dxAC-PkgAC-18to33-New-SEER-16.2/instance-out.sql,65.05,181217.11,190.60,530970.96
CZ12/Mtl&0&cDXGF&New&dxAC_equip/NE-dxAC-PkgAC-18to33-New-SEER-17.1/instance-out.sql,64.77,180444.24,189.67,528389.56
CZ12/Mtl&0&cDXGF&New&dxAC_equip/NE-dxAC-PkgAC-18to33-New-SEER-18.1/instance-out.sql,64.51,179709.49,188.79,525935.50
CZ12/Mtl&0&cDXGF&New&dxAC_equip/NE-dxAC-PkgAC-33to65-New-SEER-13.4/instance-out.sql,64.24,178961.86,187.89,523435.84
CZ12/Mtl&0&cDXGF&New&dxAC_equip/NE-dxAC-PkgAC-33to65-New-SEER-15.2/instance-out.sql,63.52,176964.50,185.50,516764.64
CZ12/Mtl&0&cDXGF&New&dxAC_equip/NE-dxAC-PkgAC-33to65-New-SEER-16.2/instance-out.sql,63.23,176157.82,184.53,514070.33
CZ12/Mtl&0&cDXGF&New&dxAC_equip/NE-dxAC-PkgAC-33to65-New-SEER-17.1/instance-out.sql,63.00,175512.90,183.76,511916.31
CZ12/Mtl&0&cDXGF&New&dxAC_equip/NE-dxAC-PkgAC-33to65-New-SEER-18.1/instance-out.sql,62.78,174899.80,183.02,509868.55
CZ12/Nrs&0&cDXGF&New&dxAC_equip/NE-dxAC-PkgAC-18to33-New-SEER-13.4/instance-out.sql,82.30,848705.65,223.01,2299731.50
CZ12/Nrs&0&cDXGF&New&dxAC_equip/NE-dxAC-PkgAC-18to33-New-SEER-15.2/instance-out.sql,81.98,845423.03,221.95,2288767.56
CZ12/Nrs&0&cDXGF&New&dxAC_equip/NE-dxAC-PkgAC-18to33-New-SEER-16.2/instance-out.sql,81.85,844097.27,221.52,2284339.53
CZ12/Nrs&0&cDXGF&New&dxAC_equip/NE-dxAC-PkgAC-18to33-New-SEER-17.1/instance-out.sql,81.75,843037.37,221.18,2280799.46
CZ12/Nrs&0&cDXGF&New&dxAC_equip/NE-dxAC-PkgAC-18to33-New-SEER-18.1/instance-out.sql,81.65,842029.75,220.85,2277434.02
CZ12/Nrs&0&cDXGF&New&dxAC_equip/NE-dxAC-PkgAC-33to65-New-SEER-13.4/instance-out.sql,81.48,840184.78,220.24,2271155.05
CZ12/Nrs&0&cDXGF&New&dxAC_equip/NE-dxAC-PkgAC-33to65-New-SEER-15.2/instance-out.sql,81.22,837507.76,219.37,2262213.78
CZ12/Nrs&0&cDXGF&New&dxAC_equip/NE-dxAC-PkgAC-33to65-New-SEER-16.2/instance-out.sql,81.11,836426.58,219.02,2258602.66
CZ12/Nrs&0&cDXGF&New&dxAC_equip/NE-dxAC-PkgAC-33to65-New-SEER-17.1/instance-out.sql,81.03,835562.22,218.74,2255715.68
CZ12/Nrs&0&cDXGF&New&dxAC_equip/NE-dxAC-PkgAC-33to65-New-SEER-18.1/instance-out.sql,80.95,834740.49,218.48,2252971.11
CZ12/OfL&0&cDXGF&New&dxAC_equip/NE-dxAC-PkgAC-18to33-New-SEER-13.4/instance-out.sql,68.50,2226738.41,216.39,7034408.62
CZ12/OfL&0&cDXGF&New&dxAC_equip/NE-dxAC-PkgAC-18to33-New-SEER-15.2/instance-out.sql,67.82,2204675.69,214.12,6960719.15
CZ12/OfL&0&cDXGF&New&dxAC_equip/NE-dxAC-PkgAC-18to33-New-SEER-16.2/instance-out.sql,67.54,2195765.20,213.20,6930958.10
CZ12/OfL&0&cDXGF&New&dxAC_equip/NE-dxAC-PkgAC-18to33-New-SEER-17.1/instance-out.sql,67.32,2188641.53,212.47,6907165.05
CZ12/OfL&0&cDXGF&New&dxAC_equip/NE-dxAC-PkgAC-18to33-New-SEER-18.1/instance-out.sql,67.12,2181869.25,211.78,6884545.64
CZ12/OfL&0&cDXGF&New&dxAC_equip/NE-dxAC-PkgAC-33to65-New-SEER-13.4/instance-out.sql,65.78,2138444.91,207.31,6739442.44
CZ12/OfL&0&cDXGF&New&dxAC_equip/NE-dxAC-PkgAC-33to65-New-SEER-15.2/instance-out.sql,65.29,2122612.73,205.69,6686562.97
CZ12/OfL&0&cDXGF&New&dxAC_equip/NE-dxAC-PkgAC-33to65-New-SEER-16.2/instance-out.sql,65.10,2116218.57,205.03,6665206.48
CZ12/OfL&0&cDXGF&New&dxAC_equip/NE-dxAC-PkgAC-33to65-New-SEER-17.1/instance-out.sql,64.94,2111106.64,204.50,6648132.61
CZ12/OfL&0&cDXGF&New&dxAC_equip/NE-dxAC-PkgAC-33to65-New-SEER-18.1/instance-out.sql,64.79,2106246.86,204.00,6631900.95
CZ12/OfS&0&cDXGF&New&dxAC_equip/NE-dxAC-PkgAC-18to33-New-SEER-13.4/instance-out.sql,65.48,121697.14,181.78,337831.08
CZ12/OfS&0&cDXGF&New&dxAC_equip/NE-dxAC-PkgAC-18to33-New-SEER-15.2/instance-out.sql,64.80,120435.07,179.51,333615.77
CZ12/OfS&0&cDXGF&New&dxAC_equip/NE-dxAC-PkgAC-18to33-New-SEER-16.2/instance-out.sql,64.53,119925.36,178.59,331913.33
CZ12/OfS&0&cDXGF&New&dxAC_equip/NE-dxAC-PkgAC-18to33-New-SEER-17.1/instance-out.sql,64.31,119517.86,177.86,330552.29
CZ12/OfS&0&cDXGF&New&dxAC_equip/NE-dxAC-PkgAC-18to33-New-SEER-18.1/instance-out.sql,64.10,119130.46,177.16,329258.37
CZ12/OfS&0&cDXGF&New&dxAC_equip/NE-dxAC-PkgAC-33to65-New-SEER-13.4/instance-out.sql,63.37,117776.93,174.73,324736.53
CZ12/OfS&0&cDXGF&New&dxAC_equip/NE-dxAC-PkgAC-33to65-New-SEER-15.2/instance-out.sql,62.84,116791.50,172.96,321445.21
CZ12/OfS&0&cDXGF&New&dxAC_equip/NE-dxAC-PkgAC-33to65-New-SEER-16.2/instance-out.sql,62.63,116393.52,172.25,320115.94
CZ12/OfS&0&cDXGF&New&dxAC_equip/NE-dxAC-PkgAC-33to65-New-SEER-17.1/instance-out.sql,62.46,116075.34,171.67,319053.22
CZ12/OfS&0&cDXGF&New&dxAC_equip/NE-dxAC-PkgAC-33to65-New-SEER-18.1/instance-out.sql,62.29,115772.86,171.13,318042.93
CZ12/RFF&0&cDXGF&New&dxAC_equip/NE-dxAC-PkgAC-18to33-New-SEER-13.4/instance-out.sql,269.93,100213.07,594.20,220601.57
CZ12/RFF&0&cDXGF&New&dxAC_equip/NE-dxAC-PkgAC-18to33-New-SEER-15.2/instance-out.sql,268.88,99824.44,590.70,219303.56
CZ12/RFF&0&cDXGF&New&dxAC_equip/NE-dxAC-PkgAC-18to33-New-SEER-16.2/instance-out.sql,268.46,99667.49,589.29,218779.33
CZ12/RFF&0&cDXGF&New&dxAC_equip/NE-dxAC-PkgAC-18to33-New-SEER-17.1/instance-out.sql,268.12,99542.01,588.16,218360.23
CZ12/RFF&0&cDXGF&New&dxAC_equip/NE-dxAC-PkgAC-18to33-New-SEER-18.1/instance-out.sql,267.80,99422.72,587.09,217961.80
CZ12/RFF&0&cDXGF&New&dxAC_equip/NE-dxAC-PkgAC-33to65-New-SEER-13.4/instance-out.sql,267.77,99412.08,586.99,217924.75
CZ12/RFF&0&cDXGF&New&dxAC_equip/NE-dxAC-PkgAC-33to65-New-SEER-15.2/instance-out.sql,266.88,99080.00,584.00,216815.61
CZ12/RFF&0&cDXGF&New&dxAC_equip/NE-dxAC-PkgAC-33to65-New-SEER-16.2/instance-out.sql,266.51,98945.88,582.79,216367.66
CZ12/RFF&0&cDXGF&New&dxAC_equip/NE-dxAC-PkgAC-33to65-New-SEER-17.1/instance-out.sql,266.23,98838.66,581.83,216009.54
CZ12/RFF&0&cDXGF&New&dxAC_equip/NE-dxAC-PkgAC-33to65-New-SEER-18.1/instance-out.sql,265.95,98736.73,580.91,215669.08
CZ12/RSD&0&cDXGF&New&dxAC_equip/NE-dxAC-PkgAC-18to33-New-SEER-13.4/instance-out.sql,233.30,242863.46,481.11,500831.48
CZ12/RSD&0&cDXGF&New&dxAC_equip/NE-dxAC-PkgAC-18to33-New-SEER-15.2/instance-out.sql,233.11,242658.97,480.46,500148.48
CZ12/RSD&0&cDXGF&New&dxAC_equip/NE-dxAC-PkgAC-18to33-New-SEER-16.2/instance-out.sql,233.03,242576.38,480.19,499872.64
CZ12/RSD&0&cDXGF&New&dxAC_equip/NE-dxAC-PkgAC-18to33-New-SEER-17.1/instance-out.sql,232.96,242510.35,479.98,499652.11
CZ12/RSD&0&cDXGF&New&dxAC_equip/NE-dxAC-PkgAC-18to33-New-SEER-18.1/instance-out.sql,232.90,242447.58,479.78,499442.46
CZ12/RSD&0&cDXGF&New&dxAC_equip/NE-dxAC-PkgAC-33to65-New-SEER-13.4/instance-out.sql,232.92,242469.50,479.90,499568.93
CZ12/RSD&0&cDXGF&New&dxAC_equip/NE-dxAC-PkgAC-33to65-New-SEER-15.2/instance-out.sql,232.75,242291.29,479.33,498973.70
CZ12/RSD&0&cDXGF&New&dxAC_equip/NE-dxAC-PkgAC-33to65-New-SEER-16.2/instance-out.sql,232.68,242219.31,479.10,498733.31
CZ12/RSD&0&cDXGF&New&dxAC_equip/NE-dxAC-PkgAC-33to65-New-SEER-17.1/instance-out.sql,232.63,242161.77,478.91,498541.12
CZ12/RSD&0&cDXGF&New&dxAC_equip/NE-dxAC-PkgAC-33to65-New-SEER-18.1/instance-out.sql,232.57,242107.07,478.74,498358.41
CZ12/Rt3&0&cDXGF&New&dxAC_equip/NE-dxAC-PkgAC-18to33-New-SEER-13.4/instance-out.sql,78.66,1753968.42,236.55,5274341.23
CZ12/Rt3&0&cDXGF&New&dxAC_equip/NE-dxAC-PkgAC-18to33-New-SEER-15.2/instance-out.sql,77.86,1735982.93,233.86,5214269.73
CZ12/Rt3&0&cDXGF&New&dxAC_equip/NE-dxAC-PkgAC-18to33-New-SEER-16.2/instance-out.sql,77.53,1728719.12,232.77,5190008.58
CZ12/Rt3&0&cDXGF&New&dxAC_equip/NE-dxAC-PkgAC-18to33-New-SEER-17.1/instance-out.sql,77.27,1722911.92,231.90,5170612.53
CZ12/Rt3&0&cDXGF&New&dxAC_equip/NE-dxAC-PkgAC-18to33-New-SEER-18.1/instance-out.sql,77.02,1717391.17,231.07,5152173.24
CZ12/Rt3&0&cDXGF&New&dxAC_equip/NE-dxAC-PkgAC-33to65-New-SEER-13.4/instance-out.sql,76.92,1715139.11,230.74,5144640.22
CZ12/Rt3&0&cDXGF&New&dxAC_equip/NE-dxAC-PkgAC-33to65-New-SEER-15.2/instance-out.sql,76.24,1699893.73,228.45,5093720.66
CZ12/Rt3&0&cDXGF&New&dxAC_equip/NE-dxAC-PkgAC-33to65-New-SEER-16.2/instance-out.sql,75.96,1693736.56,227.53,5073155.71
CZ12/Rt3&0&cDXGF&New&dxAC_equip/NE-dxAC-PkgAC-33to65-New-SEER-17.1/instance-out.sql,75.74,1688814.09,226.79,5056714.67
CZ12/Rt3&0&cDXGF&New&dxAC_equip/NE-dxAC-PkgAC-33to65-New-SEER-18.1/instance-out.sql,75.53,1684134.44,226.09,5041084.62
CZ12/RtL&0&cDXGF&New&dxAC_equip/NE-dxAC-PkgAC-18to33-New-SEER-13.4/instance-out.sql,144.05,1746471.35,436.89,5296843.12
CZ12/RtL&0&cDXGF&New&dxAC_equip/NE-dxAC-PkgAC-18to33-New-SEER-15.2/instance-out.sql,142.56,1728397.85,431.91,5236477.64
CZ12/RtL&0&cDXGF&New&dxAC_equip/NE-dxAC-PkgAC-18to33-New-SEER-16.2/instance-out.sql,141.96,1721098.49,429.90,5212097.76
CZ12/RtL&0&cDXGF&New&dxAC_equip/NE-dxAC-PkgAC-18to33-New-SEER-17.1/instance-out.sql,141.48,1715262.87,428.29,5192606.79
CZ12/RtL&0&cDXGF&New&dxAC_equip/NE-dxAC-PkgAC-18to33-New-SEER-18.1/instance-out.sql,141.02,1709715.10,426.76,5174077.25
CZ12/RtL&0&cDXGF&New&dxAC_equip/NE-dxAC-PkgAC-33to65-New-SEER-13.4/instance-out.sql,140.78,1706831.77,425.97,5164433.29
CZ12/RtL&0&cDXGF&New&dxAC_equip/NE-dxAC-PkgAC-33to65-New-SEER-15.2/instance-out.sql,139.52,1691555.64,421.76,5113411.00
CZ12/RtL&0&cDXGF&New&dxAC_equip/NE-dxAC-PkgAC-33to65-New-SEER-16.2/instance-out.sql,139.01,1685386.05,420.06,5092804.57
CZ12/RtL&0&cDXGF&New&dxAC_equip/NE-dxAC-PkgAC-33to65-New-SEER-17.1/instance-out.sql,138.61,1680453.65,418.70,5076330.35
CZ12/RtL&0&cDXGF&New&dxAC_equip/NE-dxAC-PkgAC-33to65-New-SEER-18.1/instance-out.sql,138.22,1675764.55,417.41,5060668.77
CZ12/RtS&0&cDXGF&New&dxAC_equip/NE-dxAC-PkgAC-18to33-New-SEER-13.4/instance-out.sql,79.62,118372.61,221.89,329889.73
CZ12/RtS&0&cDXGF&New&dxAC_equip/NE-dxAC-PkgAC-18to33-New-SEER-15.2/instance-out.sql,78.83,117201.56,219.26,325978.43
CZ12/RtS&0&cDXGF&New&dxAC_equip/NE-dxAC-PkgAC-18to33-New-SEER-16.2/instance-out.sql,78.52,116728.60,218.20,324398.76
CZ12/RtS&0&cDXGF&New&dxAC_equip/NE-dxAC-PkgAC-18to33-New-SEER-17.1/instance-out.sql,78.26,116350.49,217.35,323135.87
CZ12/RtS&0&cDXGF&New&dxAC_equip/NE-dxAC-PkgAC-18to33-New-SEER-18.1/instance-out.sql,78.02,115991.03,216.54,321935.27
CZ12/RtS&0&cDXGF&New&dxAC_equip/NE-dxAC-PkgAC-33to65-New-SEER-13.4/instance-out.sql,78.28,116373.55,217.40,323212.27
CZ12/RtS&0&cDXGF&New&dxAC_equip/NE-dxAC-PkgAC-33to65-New-SEER-15.2/instance-out.sql,77.58,115343.57,215.09,319772.15
CZ12/RtS&0&cDXGF&New&dxAC_equip/NE-dxAC-PkgAC-33to65-New-SEER-16.2/instance-out.sql,77.30,114927.60,214.15,318382.78
CZ12/RtS&0&cDXGF&New&dxAC_equip/NE-dxAC-PkgAC-33to65-New-SEER-17.1/instance-out.sql,77.08,114595.03,213.41,317272.02
CZ12/RtS&0&cDXGF&New&dxAC_equip/NE-dxAC-PkgAC-33to65-New-SEER-18.1/instance-out.sql,76.87,114278.88,212.70,316216.05
CZ12/SCn&0&cDXGF&New&dxAC_equip/NE-dxAC-PkgAC-18to33-New-SEER-13.4/instance-out.sql,69.06,3207662.17,189.15,8785943.71
CZ12/SCn&0&cDXGF&New&dxAC_equip/NE-dxAC-PkgAC-18to33-New-SEER-15.2/instance-out.sql,68.43,3178456.56,187.05,8688396.99
CZ12/SCn&0&cDXGF&New&dxAC_equip/NE-dxAC-PkgAC-18to33-New-SEER-16.2/instance-out.sql,68.17,3166661.26,186.20,8649000.68
CZ12/SCn&0&cDXGF&New&dxAC_equip/NE-dxAC-PkgAC-18to33-New-SEER-17.1/instance-out.sql,67.97,3157231.28,185.52,8617504.53
CZ12/SCn&0&cDXGF&New&dxAC_equip/NE-dxAC-PkgAC-18to33-New-SEER-18.1/instance-out.sql,67.78,3148266.45,184.88,8587562.00
CZ12/SCn&0&cDXGF&New&dxAC_equip/NE-dxAC-PkgAC-33to65-New-SEER-13.4/instance-out.sql,68.44,3179241.40,187.10,8691018.30
CZ12/SCn&0&cDXGF&New&dxAC_equip/NE-dxAC-PkgAC-33to65-New-SEER-15.2/instance-out.sql,67.86,3152041.16,185.15,8600169.48
CZ12/SCn&0&cDXGF&New&dxAC_equip/NE-dxAC-PkgAC-33to65-New-SEER-16.2/instance-out.sql,67.62,3141055.76,184.36,8563478.26
CZ12/SCn&0&cDXGF&New&dxAC_equip/NE-dxAC-PkgAC-33to65-New-SEER-17.1/instance-out.sql,67.43,3132273.27,183.73,8534144.75
CZ12/SCn&0&cDXGF&New&dxAC_equip/NE-dxAC-PkgAC-33to65-New-SEER-18.1/instance-out.sql,67.25,3123924.00,183.12,8506258.18

File Name,Total (kWh),Heating (kWh),Cooling (kWh),Interior Lighting (kWh),Exterior Lighting (kWh),Interior Equipment (kWh),Exterior Equipment (kWh),Fans (kWh),Pumps (kWh),Heat Rejection (kWh),Humidification (kWh),Heat Recovery (kWh),Water Systems (kWh),Refrigeration (kWh),Generators (kWh),Heating Elec (kWh),Cooling Elec (kWh),Heating NG (kWh),Cooling NG (kWh),Interior Equipment Elec (kWh),Interior Equipment NG (kWh)
CZ11/Asm&0&cDXGF&New&dxAC_equip/NE-dxAC-PkgAC-18to33-New-SEER-13.4/instance-out.sql,831244.4600000001,221311.86,173989.77,76844.55,0.0,145823.51,0.0,192010.35,3.36,0.0,0.0,0.0,21261.07,0.0,0.0,0.00,173989.77,221311.86,0.00,145823.51,0.00
CZ11/Asm&0&cDXGF&New&dxAC_equip/NE-dxAC-PkgAC-18to33-New-SEER-15.2/instance-out.sql,818975.61,221311.86,161720.92,76844.55,0.0,145823.51,0.0,192010.35,3.36,0.0,0.0,0.0,21261.07,0.0,0.0,0.00,161720.92,221311.86,0.00,145823.51,0.00
CZ11/Asm&0&cDXGF&New&dxAC_equip/NE-dxAC-PkgAC-18to33-New-SEER-16.2/instance-out.sql,814020.5700000001,221311.86,156765.88,76844.55,0.0,145823.51,0.0,192010.35,3.36,0.0,0.0,0.0,21261.07,0.0,0.0,0.00,156765.88,221311.86,0.00,145823.51,0.00
CZ11/Asm&0&cDXGF&New&dxAC_equip/NE-dxAC-PkgAC-18to33-New-SEER-17.1/instance-out.sql,810059.17,221311.86,152804.48,76844.55,0.0,145823.51,0.0,192010.35,3.36,0.0,0.0,0.0,21261.07,0.0,0.0,0.00,152804.48,221311.86,0.00,145823.51,0.00
CZ11/Asm&0&cDXGF&New&dxAC_equip/NE-dxAC-PkgAC-18to33-New-SEER-18.1/instance-out.sql,806293.18,221311.86,149038.49,76844.55,0.0,145823.51,0.0,192010.35,3.36,0.0,0.0,0.0,21261.07,0.0,0.0,0.00,149038.49,221311.86,0.00,145823.51,0.00
CZ11/Asm&0&cDXGF&New&dxAC_equip/NE-dxAC-PkgAC-33to65-New-SEER-13.4/instance-out.sql,824924.92,221315.48,167666.61,76844.55,0.0,145823.51,0.0,192010.35,3.36,0.0,0.0,0.0,21261.07,0.0,0.0,0.00,167666.61,221315.48,0.00,145823.51,0.00
CZ11/Asm&0&cDXGF&New&dxAC_equip/NE-dxAC-PkgAC-33to65-New-SEER-15.2/instance-out.sql,813102.23,221315.48,155843.91,76844.55,0.0,145823.51,0.0,192010.35,3.36,0.0,0.0,0.0,21261.07,0.0,0.0,0.00,155843.91,221315.48,0.00,145823.51,0.00
CZ11/Asm&0&cDXGF&New&dxAC_equip/NE-dxAC-PkgAC-33to65-New-SEER-16.2/instance-out.sql,808327.38,221315.48,151069.07,76844.55,0.0,145823.51,0.0,192010.35,3.36,0.0,0.0,0.0,21261.07,0.0,0.0,0.00,151069.07,221315.48,0.00,145823.51,0.00
CZ11/Asm&0&cDXGF&New&dxAC_equip/NE-dxAC-PkgAC-33to65-New-SEER-17.1/instance-out.sql,804510.04,221315.48,147251.73,76844.55,0.0,145823.51,0.0,192010.35,3.36,0.0,0.0,0.0,21261.07,0.0,0.0,0.00,147251.73,221315.48,0.00,145823.51,0.00
CZ11/Asm&0&cDXGF&New&dxAC_equip/NE-dxAC-PkgAC-33to65-New-SEER-18.1/instance-out.sql,800880.99,221315.48,143622.68,76844.55,0.0,145823.51,0.0,192010.35,3.36,0.0,0.0,0.0,21261.07,0.0,0.0,0.00,143622.68,221315.48,0.00,145823.51,0.00
CZ11/ECC&0&cDXGF&New&dxAC_equip/NE-dxAC-PkgAC-18to33-New-SEER-13.4/instance-out.sql,2541711.0100000002,95684.16,388945.89,167224.54,0.0,1013813.91,0.0,466125.72,872.51,0.0,0.0,0.0,409044.28,0.0,0.0,0.00,388945.89,95684.16,0.00,945189.93,68623.98
CZ11/ECC&0&cDXGF&New&dxAC_equip/NE-dxAC-PkgAC-18to33-New-SEER-15.2/instance-out.sql,2519966.48,95684.16,367201.35,167224.54,0.0,1013813.91,0.0,466125.72,872.51,0.0,0.0,0.0,409044.28,0.0,0.0,0.00,367201.35,95684.16,0.00,945189.93,68623.98
CZ11/ECC&0&cDXGF&New&dxAC_equip/NE-dxAC-PkgAC-18to33-New-SEER-16.2/instance-out.sql,2511184.49,95684.16,358419.36,167224.54,0.0,1013813.91,0.0,466125.72,872.51,0.0,0.0,0.0,409044.28,0.0,0.0,0.00,358419.36,95684.16,0.00,945189.93,68623.98
CZ11/ECC&0&cDXGF&New&dxAC_equip/NE-dxAC-PkgAC-18to33-New-SEER-17.1/instance-out.sql,2504163.56,95684.16,351398.43,167224.54,0.0,1013813.91,0.0,466125.72,872.51,0.0,0.0,0.0,409044.28,0.0,0.0,0.00,351398.43,95684.16,0.00,945189.93,68623.98
CZ11/ECC&0&cDXGF&New&dxAC_equip/NE-dxAC-PkgAC-18to33-New-SEER-18.1/instance-out.sql,2497488.95,95684.16,344723.82,167224.54,0.0,1013813.91,0.0,466125.72,872.51,0.0,0.0,0.0,409044.28,0.0,0.0,0.00,344723.82,95684.16,0.00,945189.93,68623.98
CZ11/ECC&0&cDXGF&New&dxAC_equip/NE-dxAC-PkgAC-33to65-New-SEER-13.4/instance-out.sql,2500125.41,95697.63,347350.62,167224.54,0.0,1013813.91,0.0,466125.63,872.51,0.0,0.0,0.0,409040.55,0.0,0.0,0.00,347350.62,95697.63,0.00,945189.93,68623.98
CZ11/ECC&0&cDXGF&New&dxAC_equip/NE-dxAC-PkgAC-33to65-New-SEER-15.2/instance-out.sql,2481315.77,95697.63,328540.98,167224.54,0.0,1013813.91,0.0,466125.63,872.51,0.0,0.0,0.0,409040.55,0.0,0.0,0.00,328540.98,95697.63,0.00,945189.93,68623.98
CZ11/ECC&0&cDXGF&New&dxAC_equip/NE-dxAC-PkgAC-33to65-New-SEER-16.2/instance-out.sql,2473719.1,95697.63,320944.31,167224.54,0.0,1013813.91,0.0,466125.63,872.51,0.0,0.0,0.0,409040.55,0.0,0.0,0.00,320944.31,95697.63,0.00,945189.93,68623.98
CZ11/ECC&0&cDXGF&New&dxAC_equip/NE-dxAC-PkgAC-33to65-New-SEER-17.1/instance-out.sql,2467645.79,95697.63,314871.01,167224.54,0.0,1013813.91,0.0,466125.63,872.51,0.0,0.0,0.0,409040.55,0.0,0.0,0.00,314871.01,95697.63,0.00,945189.93,68623.98
CZ11/ECC&0&cDXGF&New&dxAC_equip/NE-dxAC-PkgAC-33to65-New-SEER-18.1/instance-out.sql,2461872.06,95697.63,309097.28,167224.54,0.0,1013813.91,0.0,466125.63,872.51,0.0,0.0,0.0,409040.55,0.0,0.0,0.00,309097.28,95697.63,0.00,945189.93,68623.98
CZ11/EPr&0&cDXGF&New&dxAC_equip/NE-dxAC-PkgAC-18to33-New-SEER-13.4/instance-out.sql,391106.45,32732.22,58657.86,30835.78,0.0,125897.03,0.0,64458.09,3.37,0.0,0.0,0.0,78522.11,0.0,0.0,0.00,58657.86,32732.22,0.00,83226.75,42670.28
CZ11/EPr&0&cDXGF&New&dxAC_equip/NE-dxAC-PkgAC-18to33-New-SEER-15.2/instance-out.sql,387777.95999999996,32732.22,55329.37,30835.78,0.0,125897.03,0.0,64458.09,3.37,0.0,0.0,0.0,78522.11,0.0,0.0,0.00,55329.37,32732.22,0.00,83226.75,42670.28
CZ11/EPr&0&cDXGF&New&dxAC_equip/NE-dxAC-PkgAC-18to33-New-SEER-16.2/instance-out.sql,386433.68,32732.22,53985.09,30835.78,0.0,125897.03,0.0,64458.09,3.37,0.0,0.0,0.0,78522.11,0.0,0.0,0.00,53985.09,32732.22,0.00,83226.75,42670.28
CZ11/EPr&0&cDXGF&New&dxAC_equip/NE-dxAC-PkgAC-18to33-New-SEER-17.1/instance-out.sql,385358.97,32732.22,52910.38,30835.78,0.0,125897.03,0.0,64458.09,3.37,0.0,0.0,0.0,78522.11,0.0,0.0,0.00,52910.38,32732.22,0.00,83226.75,42670.28
CZ11/EPr&0&cDXGF&New&dxAC_equip/NE-dxAC-PkgAC-18to33-New-SEER-18.1/instance-out.sql,384337.27,32732.22,51888.68,30835.78,0.0,125897.03,0.0,64458.09,3.37,0.0,0.0,0.0,78522.11,0.0,0.0,0.00,51888.68,32732.22,0.00,83226.75,42670.28
CZ11/EPr&0&cDXGF&New&dxAC_equip/NE-dxAC-PkgAC-33to65-New-SEER-13.4/instance-out.sql,388208.2,32734.21,55757.61,30835.78,0.0,125897.03,0.0,64458.09,3.37,0.0,0.0,0.0,78522.11,0.0,0.0,0.00,55757.61,32734.21,0.00,83226.75,42670.28
CZ11/EPr&0&cDXGF&New&dxAC_equip/NE-dxAC-PkgAC-33to65-New-SEER-15.2/instance-out.sql,385084.33999999997,32734.21,52633.75,30835.78,0.0,125897.03,0.0,64458.09,3.37,0.0,0.0,0.0,78522.11,0.0,0.0,0.00,52633.75,32734.21,0.00,83226.75,42670.28
CZ11/EPr&0&cDXGF&New&dxAC_equip/NE-dxAC-PkgAC-33to65-New-SEER-16.2/instance-out.sql,383822.7,32734.21,51372.11,30835.78,0.0,125897.03,0.0,64458.09,3.37,0.0,0.0,0.0,78522.11,0.0,0.0,0.00,51372.11,32734.21,0.00,83226.75,42670.28
CZ11/EPr&0&cDXGF&New&dxAC_equip/NE-dxAC-PkgAC-33to65-New-SEER-17.1/instance-out.sql,382814.06,32734.21,50363.47,30835.78,0.0,125897.03,0.0,64458.09,3.37,0.0,0.0,0.0,78522.11,0.0,0.0,0.00,50363.47,32734.21,0.00,83226.75,42670.28
CZ11/EPr&0&cDXGF&New&dxAC_equip/NE-dxAC-PkgAC-33to65-New-SEER-18.1/instance-out.sql,381855.17000000004,32734.21,49404.58,30835.78,0.0,125897.03,0.0,64458.09,3.37,0.0,0.0,0.0,78522.11,0.0,0.0,0.00,49404.58,32734.21,0.00,83226.75,42670.28
CZ11/ERC&0&cDXGF&New&dxAC_equip/NE-dxAC-PkgAC-18to33-New-SEER-13.4/instance-out.sql,19661.84,1924.6,2171.57,1016.35,0.0,2196.82,0.0,3322.38,3.36,0.0,0.0,0.0,9026.76,0.0,0.0,0.00,2171.57,1924.60,0.00,2196.82,0.00
CZ11/ERC&0&cDXGF&New&dxAC_equip/NE-dxAC-PkgAC-18to33-New-SEER-15.2/instance-out.sql,19510.17,1924.6,2019.91,1016.35,0.0,2196.82,0.0,3322.38,3.36,0.0,0.0,0.0,9026.76,0.0,0.0,0.00,2019.91,1924.60,0.00,2196.82,0.00
CZ11/ERC&0&cDXGF&New&dxAC_equip/NE-dxAC-PkgAC-18to33-New-SEER-16.2/instance-out.sql,19448.92,1924.6,1958.65,1016.35,0.0,2196.82,0.0,3322.38,3.36,0.0,0.0,0.0,9026.76,0.0,0.0,0.00,1958.65,1924.60,0.00,2196.82,0.00
CZ11/ERC&0&cDXGF&New&dxAC_equip/NE-dxAC-PkgAC-18to33-New-SEER-17.1/instance-out.sql,19399.95,1924.6,1909.68,1016.35,0.0,2196.82,0.0,3322.38,3.36,0.0,0.0,0.0,9026.76,0.0,0.0,0.00,1909.68,1924.60,0.00,2196.82,0.00
CZ11/ERC&0&cDXGF&New&dxAC_equip/NE-dxAC-PkgAC-18to33-New-SEER-18.1/instance-out.sql,19353.39,1924.6,1863.13,1016.35,0.0,2196.82,0.0,3322.38,3.36,0.0,0.0,0.0,9026.76,0.0,0.0,0.00,1863.13,1924.60,0.00,2196.82,0.00
CZ11/ERC&0&cDXGF&New&dxAC_equip/NE-dxAC-PkgAC-33to65-New-SEER-13.4/instance-out.sql,19503.35,1924.64,2013.05,1016.35,0.0,2196.82,0.0,3322.38,3.36,0.0,0.0,0.0,9026.76,0.0,0.0,0.00,2013.05,1924.64,0.00,2196.82,0.00
CZ11/ERC&0&cDXGF&New&dxAC_equip/NE-dxAC-PkgAC-33to65-New-SEER-15.2/instance-out.sql,19362.87,1924.64,1872.57,1016.35,0.0,2196.82,0.0,3322.38,3.36,0.0,0.0,0.0,9026.76,0.0,0.0,0.00,1872.57,1924.64,0.00,2196.82,0.00
CZ11/ERC&0&cDXGF&New&dxAC_equip/NE-dxAC-PkgAC-33to65-New-SEER-16.2/instance-out.sql,19306.14,1924.64,1815.83,1016.35,0.0,2196.82,0.0,3322.38,3.36,0.0,0.0,0.0,9026.76,0.0,0.0,0.00,1815.83,1924.64,0.00,2196.82,0.00
CZ11/ERC&0&cDXGF&New&dxAC_equip/NE-dxAC-PkgAC-33to65-New-SEER-17.1/instance-out.sql,19260.78,1924.64,1770.47,1016.35,0.0,2196.82,0.0,3322.38,3.36,0.0,0.0,0.0,9026.76,0.0,0.0,0.00,1770.47,1924.64,0.00,2196.82,0.00
CZ11/ERC&0&cDXGF&New&dxAC_equip/NE-dxAC-PkgAC-33to65-New-SEER-18.1/instance-out.sql,19217.66,1924.64,1727.35,1016.35,0.0,2196.82,0.0,3322.38,3.36,0.0,0.0,0.0,9026.76,0.0,0.0,0.00,1727.35,1924.64,0.00,2196.82,0.00
CZ11/ESe&0&cDXGF&New&dxAC_equip/NE-dxAC-PkgAC-18to33-New-SEER-13.4/instance-out.sql,1122299.57,137173.03,168765.66,94750.45,0.0,323176.74,0.0,183520.93,3.39,0.0,0.0,0.0,214909.36,0.0,0.0,0.00,168765.66,137173.03,0.00,259085.82,64090.92
CZ11/ESe&0&cDXGF&New&dxAC_equip/NE-dxAC-PkgAC-18to33-New-SEER-15.2/instance-out.sql,1118605.79,137173.03,165071.88,94750.45,0.0,323176.74,0.0,183520.93,3.39,0.0,0.0,0.0,214909.36,0.0,0.0,0.00,165071.88,137173.03,0.00,259085.82,64090.92
CZ11/ESe&0&cDXGF&New&dxAC_equip/NE-dxAC-PkgAC-18to33-New-SEER-16.2/instance-out.sql,1117113.98,137173.03,163580.07,94750.45,0.0,323176.74,0.0,183520.93,3.39,0.0,0.0,0.0,214909.36,0.0,0.0,0.00,163580.07,137173.03,0.00,259085.82,64090.92
CZ11/ESe&0&cDXGF&New&dxAC_equip/NE-dxAC-PkgAC-18to33-New-SEER-17.1/instance-out.sql,1115921.32,137173.03,162387.42,94750.45,0.0,323176.74,0.0,183520.93,3.39,0.0,0.0,0.0,214909.36,0.0,0.0,0.00,162387.42,137173.03,0.00,259085.82,64090.92
CZ11/ESe&0&cDXGF&New&dxAC_equip/NE-dxAC-PkgAC-18to33-New-SEER-18.1/instance-out.sql,1114787.5,137173.03,161253.59,94750.45,0.0,323176.74,0.0,183520.93,3.39,0.0,0.0,0.0,214909.36,0.0,0.0,0.00,161253.59,137173.03,0.00,259085.82,64090.92
CZ11/ESe&0&cDXGF&New&dxAC_equip/NE-dxAC-PkgAC-33to65-New-SEER-13.4/instance-out.sql,1116922.18,137179.18,163382.14,94750.45,0.0,323176.74,0.0,183520.92,3.39,0.0,0.0,0.0,214909.36,0.0,0.0,0.00,163382.14,137179.18,0.00,259085.82,64090.92
CZ11/ESe&0&cDXGF&New&dxAC_equip/NE-dxAC-PkgAC-33to65-New-SEER-15.2/instance-out.sql,1113608.22,137179.18,160068.18,94750.45,0.0,323176.74,0.0,183520.92,3.39,0.0,0.0,0.0,214909.36,0.0,0.0,0.00,160068.18,137179.18,0.00,259085.82,64090.92
CZ11/ESe&0&cDXGF&New&dxAC_equip/NE-dxAC-PkgAC-33to65-New-SEER-16.2/instance-out.sql,1112269.81,137179.18,158729.77,94750.45,0.0,323176.74,0.0,183520.92,3.39,0.0,0.0,0.0,214909.36,0.0,0.0,0.00,158729.77,137179.18,0.00,259085.82,64090.92
CZ11/ESe&0&cDXGF&New&dxAC_equip/NE-dxAC-PkgAC-33to65-New-SEER-17.1/instance-out.sql,1111199.79,137179.18,157659.75,94750.45,0.0,323176.74,0.0,183520.92,3.39,0.0,0.0,0.0,214909.36,0.0,0.0,0.00,157659.75,137179.18,0.00,259085.82,64090.92
CZ11/ESe&0&cDXGF&New&dxAC_equip/NE-dxAC-PkgAC-33to65-New-SEER-18.1/instance-out.sql,1110182.55,137179.18,156642.51,94750.45,0.0,323176.74,0.0,183520.92,3.39,0.0,0.0,0.0,214909.36,0.0,0.0,0.00,156642.51,137179.18,0.00,259085.82,64090.92
CZ11/EUn&0&cDXGF&New&dxAC_equip/NE-dxAC-PkgAC-18to33-New-SEER-13.4/instance-out.sql,7965010.41,242172.97,1204599.88,644388.1,0.0,3682881.23,0.0,1497765.22,3.37,0.0,0.0,0.0,693199.65,0.0,0.0,0.00,1204599.88,242172.97,0.00,3555459.15,127422.08
CZ11/EUn&0&cDXGF&New&dxAC_equip/NE-dxAC-PkgAC-18to33-New-SEER-15.2/instance-out.sql,7903615.44,242172.97,1143204.91,644388.1,0.0,3682881.23,0.0,1497765.22,3.37,0.0,0.0,0.0,693199.65,0.0,0.0,0.00,1143204.91,242172.97,0.00,3555459.15,127422.08
CZ11/EUn&0&cDXGF&New&dxAC_equip/NE-dxAC-PkgAC-18to33-New-SEER-16.2/instance-out.sql,7878819.78,242172.97,1118409.25,644388.1,0.0,3682881.23,0.0,1497765.22,3.37,0.0,0.0,0.0,693199.65,0.0,0.0,0.00,1118409.25,242172.97,0.00,3555459.15,127422.08
CZ11/EUn&0&cDXGF&New&dxAC_equip/NE-dxAC-PkgAC-18to33-New-SEER-17.1/instance-out.sql,7858996.41,242172.97,1098585.87,644388.1,0.0,3682881.23,0.0,1497765.22,3.37,0.0,0.0,0.0,693199.65,0.0,0.0,0.00,1098585.87,242172.97,0.00,3555459.15,127422.08
CZ11/EUn&0&cDXGF&New&dxAC_equip/NE-dxAC-PkgAC-18to33-New-SEER-18.1/instance-out.sql,7840150.87,242172.97,1079740.33,644388.1,0.0,3682881.23,0.0,1497765.22,3.37,0.0,0.0,0.0,693199.65,0.0,0.0,0.00,1079740.33,242172.97,0.00,3555459.15,127422.08
CZ11/EUn&0&cDXGF&New&dxAC_equip/NE-dxAC-PkgAC-33to65-New-SEER-13.4/instance-out.sql,7811530.63,242238.66,1051054.56,644388.1,0.0,3682881.23,0.0,1497765.07,3.37,0.0,0.0,0.0,693199.64,0.0,0.0,0.00,1051054.56,242238.66,0.00,3555459.15,127422.08
CZ11/EUn&0&cDXGF&New&dxAC_equip/NE-dxAC-PkgAC-33to65-New-SEER-15.2/instance-out.sql,7760969.51,242238.66,1000493.44,644388.1,0.0,3682881.23,0.0,1497765.07,3.37,0.0,0.0,0.0,693199.64,0.0,0.0,0.00,1000493.44,242238.66,0.00,3555459.15,127422.08
CZ11/EUn&0&cDXGF&New&dxAC_equip/NE-dxAC-PkgAC-33to65-New-SEER-16.2/instance-out.sql,7740549.34,242238.66,980073.26,644388.1,0.0,3682881.23,0.0,1497765.07,3.37,0.0,0.0,0.0,693199.64,0.0,0.0,0.00,980073.26,242238.66,0.00,3555459.15,127422.08
CZ11/EUn&0&cDXGF&New&dxAC_equip/NE-dxAC-PkgAC-33to65-New-SEER-17.1/instance-out.sql,7724224.03,242238.66,963747.95,644388.1,0.0,3682881.23,0.0,1497765.07,3.37,0.0,0.0,0.0,693199.64,0.0,0.0,0.00,963747.95,242238.66,0.00,3555459.15,127422.08
CZ11/EUn&0&cDXGF&New&dxAC_equip/NE-dxAC-PkgAC-33to65-New-SEER-18.1/instance-out.sql,7708704.0,242238.66,948227.93,644388.1,0.0,3682881.23,0.0,1497765.07,3.37,0.0,0.0,0.0,693199.64,0.0,0.0,0.00,948227.93,242238.66,0.00,3555459.15,127422.08
CZ11/Gro&0&cDXGF&New&dxAC_equip/NE-dxAC-PkgAC-18to33-New-SEER-13.4/instance-out.sql,1856499.9000000001,155901.85,63586.1,157111.61,0.0,177584.03,0.0,131297.34,3.38,0.0,0.0,0.0,56187.45,1114828.14,0.0,0.00,63586.10,155901.85,0.00,177584.03,0.00
CZ11/Gro&0&cDXGF&New&dxAC_equip/NE-dxAC-PkgAC-18to33-New-SEER-15.2/instance-out.sql,1852022.6400000001,155901.85,59108.84,157111.61,0.0,177584.03,0.0,131297.34,3.38,0.0,0.0,0.0,56187.45,1114828.14,0.0,0.00,59108.84,155901.85,0.00,177584.03,0.00
CZ11/Gro&0&cDXGF&New&dxAC_equip/NE-dxAC-PkgAC-18to33-New-SEER-16.2/instance-out.sql,1850214.4100000001,155901.85,57300.61,157111.61,0.0,177584.03,0.0,131297.34,3.38,0.0,0.0,0.0,56187.45,1114828.14,0.0,0.00,57300.61,155901.85,0.00,177584.03,0.00
CZ11/Gro&0&cDXGF&New&dxAC_equip/NE-dxAC-PkgAC-18to33-New-SEER-17.1/instance-out.sql,1848768.78,155901.85,55854.98,157111.61,0.0,177584.03,0.0,131297.34,3.38,0.0,0.0,0.0,56187.45,1114828.14,0.0,0.00,55854.98,155901.85,0.00,177584.03,0.00
CZ11/Gro&0&cDXGF&New&dxAC_equip/NE-dxAC-PkgAC-18to33-New-SEER-18.1/instance-out.sql,1847394.46,155901.85,54480.66,157111.61,0.0,177584.03,0.0,131297.34,3.38,0.0,0.0,0.0,56187.45,1114828.14,0.0,0.00,54480.66,155901.85,0.00,177584.03,0.00
CZ11/Gro&0&cDXGF&New&dxAC_equip/NE-dxAC-PkgAC-33to65-New-SEER-13.4/instance-out.sql,1854536.44,155896.23,61054.49,157111.61,0.0,177584.03,0.0,131297.34,3.38,0.0,0.0,0.0,56187.45,1115401.9,0.0,0.00,61054.49,155896.23,0.00,177584.03,0.00
CZ11/Gro&0&cDXGF&New&dxAC_equip/NE-dxAC-PkgAC-33to65-New-SEER-15.2/instance-out.sql,1850237.8199999998,155896.23,56755.87,157111.61,0.0,177584.03,0.0,131297.34,3.38,0.0,0.0,0.0,56187.45,1115401.9,0.0,0.00,56755.87,155896.23,0.00,177584.03,0.00
CZ11/Gro&0&cDXGF&New&dxAC_equip/NE-dxAC-PkgAC-33to65-New-SEER-16.2/instance-out.sql,1848501.73,155896.23,55019.78,157111.61,0.0,177584.03,0.0,131297.34,3.38,0.0,0.0,0.0,56187.45,1115401.9,0.0,0.00,55019.78,155896.23,0.00,177584.03,0.00
CZ11/Gro&0&cDXGF&New&dxAC_equip/NE-dxAC-PkgAC-33to65-New-SEER-17.1/instance-out.sql,1847113.78,155896.23,53631.83,157111.61,0.0,177584.03,0.0,131297.34,3.38,0.0,0.0,0.0,56187.45,1115401.9,0.0,0.00,53631.83,155896.23,0.00,177584.03,0.00
CZ11/Gro&0&cDXGF&New&dxAC_equip/NE-dxAC-PkgAC-33to65-New-SEER-18.1/instance-out.sql,1845794.29,155896.23,52312.34,157111.61,0.0,177584.03,0.0,131297.34,3.38,0.0,0.0,0.0,56187.45,1115401.9,0.0,0.00,52312.34,155896.23,0.00,177584.03,0.00
CZ11/Hsp&0&cDXGF&New&dxAC_equip/NE-dxAC-PkgAC-18to33-New-SEER-13.4/instance-out.sql,3687093.85,214038.16,905326.24,625795.42,0.0,1182847.3,0.0,479414.67,37378.23,0.0,0.0,0.0,242293.83,0.0,0.0,0.00,905326.24,214038.16,0.00,1139112.10,43735.20
CZ11/Hsp&0&cDXGF&New&dxAC_equip/NE-dxAC-PkgAC-18to33-New-SEER-15.2/instance-out.sql,3676286.43,214038.16,894518.82,625795.42,0.0,1182847.3,0.0,479414.67,37378.23,0.0,0.0,0.0,242293.83,0.0,0.0,0.00,894518.82,214038.16,0.00,1139112.10,43735.20
CZ11/Hsp&0&cDXGF&New&dxAC_equip/NE-dxAC-PkgAC-18to33-New-SEER-16.2/instance-out.sql,3671921.62,214038.16,890154.01,625795.42,0.0,1182847.3,0.0,479414.67,37378.23,0.0,0.0,0.0,242293.83,0.0,0.0,0.00,890154.01,214038.16,0.00,1139112.10,43735.20
CZ11/Hsp&0&cDXGF&New&dxAC_equip/NE-dxAC-PkgAC-18to33-New-SEER-17.1/instance-out.sql,3668432.09,214038.16,886664.48,625795.42,0.0,1182847.3,0.0,479414.67,37378.23,0.0,0.0,0.0,242293.83,0.0,0.0,0.00,886664.48,214038.16,0.00,1139112.10,43735.20
CZ11/Hsp&0&cDXGF&New&dxAC_equip/NE-dxAC-PkgAC-18to33-New-SEER-18.1/instance-out.sql,3665114.68,214038.16,883347.08,625795.42,0.0,1182847.3,0.0,479414.67,37378.23,0.0,0.0,0.0,242293.83,0.0,0.0,0.00,883347.08,214038.16,0.00,1139112.10,43735.20
CZ11/Hsp&0&cDXGF&New&dxAC_equip/NE-dxAC-PkgAC-33to65-New-SEER-13.4/instance-out.sql,3654165.6999999997,214013.65,872420.27,625795.42,0.0,1182847.3,0.0,479412.14,37378.19,0.0,0.0,0.0,242298.74,0.0,0.0,0.00,872420.27,214013.65,0.00,1139112.10,43735.20
CZ11/Hsp&0&cDXGF&New&dxAC_equip/NE-dxAC-PkgAC-33to65-New-SEER-15.2/instance-out.sql,3645679.0999999996,214013.65,863933.67,625795.42,0.0,1182847.3,0.0,479412.14,37378.19,0.0,0.0,0.0,242298.74,0.0,0.0,0.00,863933.67,214013.65,0.00,1139112.10,43735.20
CZ11/Hsp&0&cDXGF&New&dxAC_equip/NE-dxAC-PkgAC-33to65-New-SEER-16.2/instance-out.sql,3642251.61,214013.65,860506.18,625795.42,0.0,1182847.3,0.0,479412.14,37378.19,0.0,0.0,0.0,242298.74,0.0,0.0,0.00,860506.18,214013.65,0.00,1139112.10,43735.20
CZ11/Hsp&0&cDXGF&New&dxAC_equip/NE-dxAC-PkgAC-33to65-New-SEER-17.1/instance-out.sql,3639511.4299999997,214013.65,857766.0,625795.42,0.0,1182847.3,0.0,479412.14,37378.19,0.0,0.0,0.0,242298.74,0.0,0.0,0.00,857766.00,214013.65,0.00,1139112.10,43735.20
CZ11/Hsp&0&cDXGF&New&dxAC_equip/NE-dxAC-PkgAC-33to65-New-SEER-18.1/instance-out.sql,3636906.42,214013.65,855160.99,625795.42,0.0,1182847.3,0.0,479412.14,37378.19,0.0,0.0,0.0,242298.74,0.0,0.0,0.00,855160.99,214013.65,0.00,1139112.10,43735.20
CZ11/MBT&0&cDXGF&New&dxAC_equip/NE-dxAC-PkgAC-18to33-New-SEER-13.4/instance-out.sql,6645924.74,2271274.67,660214.46,438466.02,0.0,2167645.51,0.0,946871.41,606.89,0.0,0.0,0.0,160845.77,0.0,0.0,0.00,660214.46,2271274.67,0.00,1394057.91,773587.60
CZ11/MBT&0&cDXGF&New&dxAC_equip/NE-dxAC-PkgAC-18to33-New-SEER-15.2/instance-out.sql,6633801.49,2271274.67,648091.21,438466.02,0.0,2167645.51,0.0,946871.41,606.89,0.0,0.0,0.0,160845.77,0.0,0.0,0.00,648091.21,2271274.67,0.00,1394057.91,773587.60
CZ11/MBT&0&cDXGF&New&dxAC_equip/NE-dxAC-PkgAC-18to33-New-SEER-16.2/instance-out.sql,6628905.25,2271274.67,643194.97,438466.02,0.0,2167645.51,0.0,946871.41,606.89,0.0,0.0,0.0,160845.77,0.0,0.0,0.00,643194.97,2271274.67,0.00,1394057.91,773587.60
CZ11/MBT&0&cDXGF&New&dxAC_equip/NE-dxAC-PkgAC-18to33-New-SEER-17.1/instance-out.sql,6624990.859999999,2271274.67,639280.58,438466.02,0.0,2167645.51,0.0,946871.41,606.89,0.0,0.0,0.0,160845.77,0.0,0.0,0.00,639280.58,2271274.67,0.00,1394057.91,773587.60
CZ11/MBT&0&cDXGF&New&dxAC_equip/NE-dxAC-PkgAC-18to33-New-SEER-18.1/instance-out.sql,6621269.5600000005,2271274.67,635559.28,438466.02,0.0,2167645.51,0.0,946871.41,606.89,0.0,0.0,0.0,160845.77,0.0,0.0,0.00,635559.28,2271274.67,0.00,1394057.91,773587.60
CZ11/MBT&0&cDXGF&New&dxAC_equip/NE-dxAC-PkgAC-33to65-New-SEER-13.4/instance-out.sql,6621829.02,2271285.28,636108.84,438466.02,0.0,2167645.51,0.0,946870.7,606.89,0.0,0.0,0.0,160845.77,0.0,0.0,0.00,636108.84,2271285.28,0.00,1394057.91,773587.60
CZ11/MBT&0&cDXGF&New&dxAC_equip/NE-dxAC-PkgAC-33to65-New-SEER-15.2/instance-out.sql,6611406.57,2271285.28,625686.38,438466.02,0.0,2167645.51,0.0,946870.7,606.89,0.0,0.0,0.0,160845.77,0.0,0.0,0.00,625686.38,2271285.28,0.00,1394057.91,773587.60
CZ11/MBT&0&cDXGF&New&dxAC_equip/NE-dxAC-PkgAC-33to65-New-SEER-16.2/instance-out.sql,6607197.24,2271285.28,621477.05,438466.02,0.0,2167645.51,0.0,946870.7,606.89,0.0,0.0,0.0,160845.77,0.0,0.0,0.00,621477.05,2271285.28,0.00,1394057.91,773587.60
CZ11/MBT&0&cDXGF&New&dxAC_equip/NE-dxAC-PkgAC-33to65-New-SEER-17.1/instance-out.sql,6603832.01,2271285.28,618111.82,438466.02,0.0,2167645.51,0.0,946870.7,606.89,0.0,0.0,0.0,160845.77,0.0,0.0,0.00,618111.82,2271285.28,0.00,1394057.91,773587.60
CZ11/MBT&0&cDXGF&New&dxAC_equip/NE-dxAC-PkgAC-33to65-New-SEER-18.1/instance-out.sql,6600632.77,2271285.28,614912.59,438466.02,0.0,2167645.51,0.0,946870.7,606.89,0.0,0.0,0.0,160845.77,0.0,0.0,0.00,614912.59,2271285.28,0.00,1394057.91,773587.60
CZ11/MLI&0&cDXGF&New&dxAC_equip/NE-dxAC-PkgAC-18to33-New-SEER-13.4/instance-out.sql,987861.94,113992.27,157614.75,153603.74,0.0,239893.0,0.0,277607.72,3.37,0.0,0.0,0.0,45147.08,0.0,0.0,0.00,157614.75,113992.27,0.00,239893.00,0.00
CZ11/MLI&0&cDXGF&New&dxAC_equip/NE-dxAC-PkgAC-18to33-New-SEER-15.2/instance-out.sql,976745.38,113992.27,146498.19,153603.74,0.0,239893.0,0.0,277607.72,3.37,0.0,0.0,0.0,45147.08,0.0,0.0,0.00,146498.19,113992.27,0.00,239893.00,0.00
CZ11/MLI&0&cDXGF&New&dxAC_equip/NE-dxAC-PkgAC-18to33-New-SEER-16.2/instance-out.sql,972255.73,113992.27,142008.54,153603.74,0.0,239893.0,0.0,277607.72,3.37,0.0,0.0,0.0,45147.08,0.0,0.0,0.00,142008.54,113992.27,0.00,239893.00,0.00
CZ11/MLI&0&cDXGF&New&dxAC_equip/NE-dxAC-PkgAC-18to33-New-SEER-17.1/instance-out.sql,968666.38,113992.27,138419.19,153603.74,0.0,239893.0,0.0,277607.72,3.37,0.0,0.0,0.0,45147.08,0.0,0.0,0.00,138419.19,113992.27,0.00,239893.00,0.00
CZ11/MLI&0&cDXGF&New&dxAC_equip/NE-dxAC-PkgAC-18to33-New-SEER-18.1/instance-out.sql,965254.09,113992.27,135006.9,153603.74,0.0,239893.0,0.0,277607.72,3.37,0.0,0.0,0.0,45147.08,0.0,0.0,0.00,135006.90,113992.27,0.00,239893.00,0.00
CZ11/MLI&0&cDXGF&New&dxAC_equip/NE-dxAC-PkgAC-33to65-New-SEER-13.4/instance-out.sql,969131.1499999999,113994.74,138881.49,153603.74,0.0,239893.0,0.0,277607.72,3.37,0.0,0.0,0.0,45147.08,0.0,0.0,0.00,138881.49,113994.74,0.00,239893.00,0.00
CZ11/MLI&0&cDXGF&New&dxAC_equip/NE-dxAC-PkgAC-33to65-New-SEER-15.2/instance-out.sql,959336.3999999999,113994.74,129086.74,153603.74,0.0,239893.0,0.0,277607.72,3.37,0.0,0.0,0.0,45147.08,0.0,0.0,0.00,129086.74,113994.74,0.00,239893.00,0.00
CZ11/MLI&0&cDXGF&New&dxAC_equip/NE-dxAC-PkgAC-33to65-New-SEER-16.2/instance-out.sql,955380.5900000001,113994.74,125130.93,153603.74,0.0,239893.0,0.0,277607.72,3.37,0.0,0.0,0.0,45147.08,0.0,0.0,0.00,125130.93,113994.74,0.00,239893.00,0.00
CZ11/MLI&0&cDXGF&New&dxAC_equip/NE-dxAC-PkgAC-33to65-New-SEER-17.1/instance-out.sql,952218.03,113994.74,121968.37,153603.74,0.0,239893.0,0.0,277607.72,3.37,0.0,0.0,0.0,45147.08,0.0,0.0,0.00,121968.37,113994.74,0.00,239893.00,0.00
CZ11/MLI&0&cDXGF&New&dxAC_equip/NE-dxAC-PkgAC-33to65-New-SEER-18.1/instance-out.sql,949211.48,113994.74,118961.82,153603.74,0.0,239893.0,0.0,277607.72,3.37,0.0,0.0,0.0,45147.08,0.0,0.0,0.00,118961.82,113994.74,0.00,239893.00,0.00
CZ11/Mtl&0&cDXGF&New&dxAC_equip/NE-dxAC-PkgAC-18to33-New-SEER-13.4/instance-out.sql,197105.87,24023.44,50272.63,34352.14,0.0,22443.33,0.0,58362.98,3.36,0.0,0.0,0.0,7647.98,0.0,0.0,0.00,50272.63,24023.44,0.00,22191.36,251.97
CZ11/Mtl&0&cDXGF&New&dxAC_equip/NE-dxAC-PkgAC-18to33-New-SEER-15.2/instance-out.sql,194267.85,24023.44,47434.61,34352.14,0.0,22443.33,0.0,58362.98,3.36,0.0,0.0,0.0,7647.98,0.0,0.0,0.00,47434.61,24023.44,0.00,22191.36,251.97
CZ11/Mtl&0&cDXGF&New&dxAC_equip/NE-dxAC-PkgAC-18to33-New-SEER-16.2/instance-out.sql,193121.65,24023.44,46288.41,34352.14,0.0,22443.33,0.0,58362.98,3.36,0.0,0.0,0.0,7647.98,0.0,0.0,0.00,46288.41,24023.44,0.00,22191.36,251.97
CZ11/Mtl&0&cDXGF&New&dxAC_equip/NE-dxAC-PkgAC-18to33-New-SEER-17.1/instance-out.sql,192205.31,24023.44,45372.06,34352.14,0.0,22443.33,0.0,58362.98,3.36,0.0,0.0,0.0,7647.98,0.0,0.0,0.00,45372.06,24023.44,0.00,22191.36,251.97
CZ11/Mtl&0&cDXGF&New&dxAC_equip/NE-dxAC-PkgAC-18to33-New-SEER-18.1/instance-out.sql,191334.16,24023.44,44500.92,34352.14,0.0,22443.33,0.0,58362.98,3.36,0.0,0.0,0.0,7647.98,0.0,0.0,0.00,44500.92,24023.44,0.00,22191.36,251.97
CZ11/Mtl&0&cDXGF&New&dxAC_equip/NE-dxAC-PkgAC-33to65-New-SEER-13.4/instance-out.sql,191780.33000000002,24024.24,44946.35,34352.14,0.0,22443.33,0.0,58362.92,3.36,0.0,0.0,0.0,7647.98,0.0,0.0,0.00,44946.35,24024.24,0.00,22191.36,251.97
CZ11/Mtl&0&cDXGF&New&dxAC_equip/NE-dxAC-PkgAC-33to65-New-SEER-15.2/instance-out.sql,189318.12,24024.24,42484.14,34352.14,0.0,22443.33,0.0,58362.92,3.36,0.0,0.0,0.0,7647.98,0.0,0.0,0.00,42484.14,24024.24,0.00,22191.36,251.97
CZ11/Mtl&0&cDXGF&New&dxAC_equip/NE-dxAC-PkgAC-33to65-New-SEER-16.2/instance-out.sql,188323.7,24024.24,41489.73,34352.14,0.0,22443.33,0.0,58362.92,3.36,0.0,0.0,0.0,7647.98,0.0,0.0,0.00,41489.73,24024.24,0.00,22191.36,251.97
CZ11/Mtl&0&cDXGF&New&dxAC_equip/NE-dxAC-PkgAC-33to65-New-SEER-17.1/instance-out.sql,187528.7,24024.24,40694.73,34352.14,0.0,22443.33,0.0,58362.92,3.36,0.0,0.0,0.0,7647.98,0.0,0.0,0.00,40694.73,24024.24,0.00,22191.36,251.97
CZ11/Mtl&0&cDXGF&New&dxAC_equip/NE-dxAC-PkgAC-33to65-New-SEER-18.1/instance-out.sql,186772.91,24024.24,39938.94,34352.14,0.0,22443.33,0.0,58362.92,3.36,0.0,0.0,0.0,7647.98,0.0,0.0,0.00,39938.94,24024.24,0.00,22191.36,251.97
CZ11/Nrs&0&cDXGF&New&dxAC_equip/NE-dxAC-PkgAC-18to33-New-SEER-13.4/instance-out.sql,878066.72,58914.38,130963.7,103109.51,0.0,347425.87,0.0,128461.34,49.13,0.0,0.0,0.0,109142.79,0.0,0.0,0.00,130963.70,58914.38,0.00,281574.59,65851.28
CZ11/Nrs&0&cDXGF&New&dxAC_equip/NE-dxAC-PkgAC-18to33-New-SEER-15.2/instance-out.sql,874138.1000000001,58914.38,127035.09,103109.51,0.0,347425.87,0.0,128461.34,49.13,0.0,0.0,0.0,109142.79,0.0,0.0,0.00,127035.09,58914.38,0.00,281574.59,65851.28
CZ11/Nrs&0&cDXGF&New&dxAC_equip/NE-dxAC-PkgAC-18to33-New-SEER-16.2/instance-out.sql,872551.44,58914.38,125448.43,103109.51,0.0,347425.87,0.0,128461.34,49.13,0.0,0.0,0.0,109142.79,0.0,0.0,0.00,125448.43,58914.38,0.00,281574.59,65851.28
CZ11/Nrs&0&cDXGF&New&dxAC_equip/NE-dxAC-PkgAC-18to33-New-SEER-17.1/instance-out.sql,871282.96,58914.38,124179.95,103109.51,0.0,347425.87,0.0,128461.34,49.13,0.0,0.0,0.0,109142.79,0.0,0.0,0.00,124179.95,58914.38,0.00,281574.59,65851.28
CZ11/Nrs&0&cDXGF&New&dxAC_equip/NE-dxAC-PkgAC-18to33-New-SEER-18.1/instance-out.sql,870077.05,58914.38,122974.04,103109.51,0.0,347425.87,0.0,128461.34,49.13,0.0,0.0,0.0,109142.79,0.0,0.0,0.00,122974.04,58914.38,0.00,281574.59,65851.28
CZ11/Nrs&0&cDXGF&New&dxAC_equip/NE-dxAC-PkgAC-33to65-New-SEER-13.4/instance-out.sql,869585.52,58787.58,122639.02,103109.51,0.0,347425.87,0.0,128438.16,48.94,0.0,0.0,0.0,109136.44,0.0,0.0,0.00,122639.02,58787.58,0.00,281574.59,65851.28
CZ11/Nrs&0&cDXGF&New&dxAC_equip/NE-dxAC-PkgAC-33to65-New-SEER-15.2/instance-out.sql,866237.81,58787.58,119291.31,103109.51,0.0,347425.87,0.0,128438.16,48.94,0.0,0.0,0.0,109136.44,0.0,0.0,0.00,119291.31,58787.58,0.00,281574.59,65851.28
CZ11/Nrs&0&cDXGF&New&dxAC_equip/NE-dxAC-PkgAC-33to65-New-SEER-16.2/instance-out.sql,864885.77,58787.58,117939.27,103109.51,0.0,347425.87,0.0,128438.16,48.94,0.0,0.0,0.0,109136.44,0.0,0.0,0.00,117939.27,58787.58,0.00,281574.59,65851.28
CZ11/Nrs&0&cDXGF&New&dxAC_equip/NE-dxAC-PkgAC-33to65-New-SEER-17.1/instance-out.sql,863804.8600000001,58787.58,116858.36,103109.51,0.0,347425.87,0.0,128438.16,48.94,0.0,0.0,0.0,109136.44,0.0,0.0,0.00,116858.36,58787.58,0.00,281574.59,65851.28
CZ11/Nrs&0&cDXGF&New&dxAC_equip/NE-dxAC-PkgAC-33to65-New-SEER-18.1/instance-out.sql,862777.26,58787.58,115830.76,103109.51,0.0,347425.87,0.0,128438.16,48.94,0.0,0.0,0.0,109136.44,0.0,0.0,0.00,115830.76,58787.58,0.00,281574.59,65851.28
CZ11/OfL&0&cDXGF&New&dxAC_equip/NE-dxAC-PkgAC-18to33-New-SEER-13.4/instance-out.sql,2311046.96,64199.97,468081.35,239041.7,0.0,829334.66,0.0,596806.28,2804.86,0.0,0.0,0.0,110778.14,0.0,0.0,0.00,468081.35,64199.97,0.00,829334.66,0.00
CZ11/OfL&0&cDXGF&New&dxAC_equip/NE-dxAC-PkgAC-18to33-New-SEER-15.2/instance-out.sql,2286017.98,64199.97,443052.37,239041.7,0.0,829334.66,0.0,596806.28,2804.86,0.0,0.0,0.0,110778.14,0.0,0.0,0.00,443052.37,64199.97,0.00,829334.66,0.00
CZ11/OfL&0&cDXGF&New&dxAC_equip/NE-dxAC-PkgAC-18to33-New-SEER-16.2/instance-out.sql,2275909.5,64199.97,432943.88,239041.7,0.0,829334.66,0.0,596806.28,2804.86,0.0,0.0,0.0,110778.14,0.0,0.0,0.00,432943.88,64199.97,0.00,829334.66,0.00
CZ11/OfL&0&cDXGF&New&dxAC_equip/NE-dxAC-PkgAC-18to33-New-SEER-17.1/instance-out.sql,2267828.08,64199.97,424862.46,239041.7,0.0,829334.66,0.0,596806.28,2804.86,0.0,0.0,0.0,110778.14,0.0,0.0,0.00,424862.46,64199.97,0.00,829334.66,0.00
CZ11/OfL&0&cDXGF&New&dxAC_equip/NE-dxAC-PkgAC-18to33-New-SEER-18.1/instance-out.sql,2260145.29,64199.97,417179.67,239041.7,0.0,829334.66,0.0,596806.28,2804.86,0.0,0.0,0.0,110778.14,0.0,0.0,0.00,417179.67,64199.97,0.00,829334.66,0.00
CZ11/OfL&0&cDXGF&New&dxAC_equip/NE-dxAC-PkgAC-33to65-New-SEER-13.4/instance-out.sql,2228847.9899999998,64222.42,385862.66,239041.7,0.0,829334.66,0.0,596806.32,2804.85,0.0,0.0,0.0,110775.36,0.0,0.0,0.00,385862.66,64222.42,0.00,829334.66,0.00
CZ11/OfL&0&cDXGF&New&dxAC_equip/NE-dxAC-PkgAC-33to65-New-SEER-15.2/instance-out.sql,2209620.36,64222.42,366635.04,239041.7,0.0,829334.66,0.0,596806.32,2804.85,0.0,0.0,0.0,110775.36,0.0,0.0,0.00,366635.04,64222.42,0.00,829334.66,0.00
CZ11/OfL&0&cDXGF&New&dxAC_equip/NE-dxAC-PkgAC-33to65-New-SEER-16.2/instance-out.sql,2201854.87,64222.42,358869.55,239041.7,0.0,829334.66,0.0,596806.32,2804.85,0.0,0.0,0.0,110775.36,0.0,0.0,0.00,358869.55,64222.42,0.00,829334.66,0.00
CZ11/OfL&0&cDXGF&New&dxAC_equip/NE-dxAC-PkgAC-33to65-New-SEER-17.1/instance-out.sql,2195646.61,64222.42,352661.28,239041.7,0.0,829334.66,0.0,596806.32,2804.85,0.0,0.0,0.0,110775.36,0.0,0.0,0.00,352661.28,64222.42,0.00,829334.66,0.00
CZ11/OfL&0&cDXGF&New&dxAC_equip/NE-dxAC-PkgAC-33to65-New-SEER-18.1/instance-out.sql,2189744.57,64222.42,346759.25,239041.7,0.0,829334.66,0.0,596806.32,2804.85,0.0,0.0,0.0,110775.36,0.0,0.0,0.00,346759.25,64222.42,0.00,829334.66,0.00
CZ11/OfS&0&cDXGF&New&dxAC_equip/NE-dxAC-PkgAC-18to33-New-SEER-13.4/instance-out.sql,126860.62,8422.67,21563.81,12106.19,0.0,29387.4,0.0,34667.71,1.13,0.0,0.0,0.0,20711.7,0.0,0.0,0.00,21563.81,8422.67,0.00,29387.40,0.00
CZ11/OfS&0&cDXGF&New&dxAC_equip/NE-dxAC-PkgAC-18to33-New-SEER-15.2/instance-out.sql,125354.68,8422.67,20057.87,12106.19,0.0,29387.4,0.0,34667.71,1.13,0.0,0.0,0.0,20711.7,0.0,0.0,0.00,20057.87,8422.67,0.00,29387.40,0.00
CZ11/OfS&0&cDXGF&New&dxAC_equip/NE-dxAC-PkgAC-18to33-New-SEER-16.2/instance-out.sql,124746.47,8422.67,19449.66,12106.19,0.0,29387.4,0.0,34667.71,1.13,0.0,0.0,0.0,20711.7,0.0,0.0,0.00,19449.66,8422.67,0.00,29387.40,0.00
CZ11/OfS&0&cDXGF&New&dxAC_equip/NE-dxAC-PkgAC-18to33-New-SEER-17.1/instance-out.sql,124260.23,8422.67,18963.42,12106.19,0.0,29387.4,0.0,34667.71,1.13,0.0,0.0,0.0,20711.7,0.0,0.0,0.00,18963.42,8422.67,0.00,29387.40,0.00
CZ11/OfS&0&cDXGF&New&dxAC_equip/NE-dxAC-PkgAC-18to33-New-SEER-18.1/instance-out.sql,123797.97,8422.67,18501.16,12106.19,0.0,29387.4,0.0,34667.71,1.13,0.0,0.0,0.0,20711.7,0.0,0.0,0.00,18501.16,8422.67,0.00,29387.40,0.00
CZ11/OfS&0&cDXGF&New&dxAC_equip/NE-dxAC-PkgAC-33to65-New-SEER-13.4/instance-out.sql,123285.81,8424.01,17987.66,12106.19,0.0,29387.4,0.0,34667.71,1.13,0.0,0.0,0.0,20711.7,0.0,0.0,0.00,17987.66,8424.01,0.00,29387.40,0.00
CZ11/OfS&0&cDXGF&New&dxAC_equip/NE-dxAC-PkgAC-33to65-New-SEER-15.2/instance-out.sql,122032.20000000001,8424.01,16734.05,12106.19,0.0,29387.4,0.0,34667.71,1.13,0.0,0.0,0.0,20711.7,0.0,0.0,0.00,16734.05,8424.01,0.00,29387.40,0.00
CZ11/OfS&0&cDXGF&New&dxAC_equip/NE-dxAC-PkgAC-33to65-New-SEER-16.2/instance-out.sql,121525.9,8424.01,16227.75,12106.19,0.0,29387.4,0.0,34667.71,1.13,0.0,0.0,0.0,20711.7,0.0,0.0,0.00,16227.75,8424.01,0.00,29387.40,0.00
CZ11/OfS&0&cDXGF&New&dxAC_equip/NE-dxAC-PkgAC-33to65-New-SEER-17.1/instance-out.sql,121121.13,8424.01,15822.98,12106.19,0.0,29387.4,0.0,34667.71,1.13,0.0,0.0,0.0,20711.7,0.0,0.0,0.00,15822.98,8424.01,0.00,29387.40,0.00
CZ11/OfS&0&cDXGF&New&dxAC_equip/NE-dxAC-PkgAC-33to65-New-SEER-18.1/instance-out.sql,120736.32999999999,8424.01,15438.18,12106.19,0.0,29387.4,0.0,34667.71,1.13,0.0,0.0,0.0,20711.7,0.0,0.0,0.00,15438.18,8424.01,0.00,29387.40,0.00
CZ11/RFF&0&cDXGF&New&dxAC_equip/NE-dxAC-PkgAC-18to33-New-SEER-13.4/instance-out.sql,102137.23000000001,5506.5,12955.7,6626.33,0.0,37903.17,0.0,15017.17,3.37,0.0,0.0,0.0,24124.98,0.0,0.0,0.00,12955.70,5506.50,0.00,18423.46,19479.71
CZ11/RFF&0&cDXGF&New&dxAC_equip/NE-dxAC-PkgAC-18to33-New-SEER-15.2/instance-out.sql,101657.58,5506.5,12476.05,6626.33,0.0,37903.17,0.0,15017.17,3.37,0.0,0.0,0.0,24124.98,0.0,0.0,0.00,12476.05,5506.50,0.00,18423.46,19479.71
CZ11/RFF&0&cDXGF&New&dxAC_equip/NE-dxAC-PkgAC-18to33-New-SEER-16.2/instance-out.sql,101463.86,5506.5,12282.33,6626.33,0.0,37903.17,0.0,15017.17,3.37,0.0,0.0,0.0,24124.98,0.0,0.0,0.00,12282.33,5506.50,0.00,18423.46,19479.71
CZ11/RFF&0&cDXGF&New&dxAC_equip/NE-dxAC-PkgAC-18to33-New-SEER-17.1/instance-out.sql,101308.99,5506.5,12127.46,6626.33,0.0,37903.17,0.0,15017.17,3.37,0.0,0.0,0.0,24124.98,0.0,0.0,0.00,12127.46,5506.50,0.00,18423.46,19479.71
CZ11/RFF&0&cDXGF&New&dxAC_equip/NE-dxAC-PkgAC-18to33-New-SEER-18.1/instance-out.sql,101161.76000000001,5506.5,11980.23,6626.33,0.0,37903.17,0.0,15017.17,3.37,0.0,0.0,0.0,24124.98,0.0,0.0,0.00,11980.23,5506.50,0.00,18423.46,19479.71
CZ11/RFF&0&cDXGF&New&dxAC_equip/NE-dxAC-PkgAC-33to65-New-SEER-13.4/instance-out.sql,101427.07,5507.45,12244.59,6626.33,0.0,37903.17,0.0,15017.17,3.37,0.0,0.0,0.0,24124.98,0.0,0.0,0.00,12244.59,5507.45,0.00,18423.46,19479.71
CZ11/RFF&0&cDXGF&New&dxAC_equip/NE-dxAC-PkgAC-33to65-New-SEER-15.2/instance-out.sql,100997.57,5507.45,11815.09,6626.33,0.0,37903.17,0.0,15017.17,3.37,0.0,0.0,0.0,24124.98,0.0,0.0,0.00,11815.09,5507.45,0.00,18423.46,19479.71
CZ11/RFF&0&cDXGF&New&dxAC_equip/NE-dxAC-PkgAC-33to65-New-SEER-16.2/instance-out.sql,100824.11,5507.45,11641.63,6626.33,0.0,37903.17,0.0,15017.17,3.37,0.0,0.0,0.0,24124.98,0.0,0.0,0.00,11641.63,5507.45,0.00,18423.46,19479.71
CZ11/RFF&0&cDXGF&New&dxAC_equip/NE-dxAC-PkgAC-33to65-New-SEER-17.1/instance-out.sql,100685.43,5507.45,11502.95,6626.33,0.0,37903.17,0.0,15017.17,3.37,0.0,0.0,0.0,24124.98,0.0,0.0,0.00,11502.95,5507.45,0.00,18423.46,19479.71
CZ11/RFF&0&cDXGF&New&dxAC_equip/NE-dxAC-PkgAC-33to65-New-SEER-18.1/instance-out.sql,100553.59,5507.45,11371.11,6626.33,0.0,37903.17,0.0,15017.17,3.37,0.0,0.0,0.0,24124.98,0.0,0.0,0.00,11371.11,5507.45,0.00,18423.46,19479.71
CZ11/RSD&0&cDXGF&New&dxAC_equip/NE-dxAC-PkgAC-18to33-New-SEER-13.4/instance-out.sql,253540.95,38479.71,32139.84,16225.45,0.0,76546.73,0.0,29146.72,12.91,0.0,0.0,0.0,60989.59,0.0,0.0,0.00,32139.84,38479.71,0.00,37475.60,39071.13
CZ11/RSD&0&cDXGF&New&dxAC_equip/NE-dxAC-PkgAC-18to33-New-SEER-15.2/instance-out.sql,253283.27,38479.71,31882.16,16225.45,0.0,76546.73,0.0,29146.72,12.91,0.0,0.0,0.0,60989.59,0.0,0.0,0.00,31882.16,38479.71,0.00,37475.60,39071.13
CZ11/RSD&0&cDXGF&New&dxAC_equip/NE-dxAC-PkgAC-18to33-New-SEER-16.2/instance-out.sql,253179.2,38479.71,31778.1,16225.45,0.0,76546.73,0.0,29146.72,12.91,0.0,0.0,0.0,60989.59,0.0,0.0,0.00,31778.10,38479.71,0.00,37475.60,39071.13
CZ11/RSD&0&cDXGF&New&dxAC_equip/NE-dxAC-PkgAC-18to33-New-SEER-17.1/instance-out.sql,253096.0,38479.71,31694.9,16225.45,0.0,76546.73,0.0,29146.72,12.91,0.0,0.0,0.0,60989.59,0.0,0.0,0.00,31694.90,38479.71,0.00,37475.60,39071.13
CZ11/RSD&0&cDXGF&New&dxAC_equip/NE-dxAC-PkgAC-18to33-New-SEER-18.1/instance-out.sql,253016.90999999997,38479.71,31615.8,16225.45,0.0,76546.73,0.0,29146.72,12.91,0.0,0.0,0.0,60989.59,0.0,0.0,0.00,31615.80,38479.71,0.00,37475.60,39071.13
CZ11/RSD&0&cDXGF&New&dxAC_equip/NE-dxAC-PkgAC-33to65-New-SEER-13.4/instance-out.sql,253235.56,38498.34,31812.71,16225.45,0.0,76546.73,0.0,29149.82,12.92,0.0,0.0,0.0,60989.58,0.0,0.0,0.00,31812.71,38498.34,0.00,37475.60,39071.13
CZ11/RSD&0&cDXGF&New&dxAC_equip/NE-dxAC-PkgAC-33to65-New-SEER-15.2/instance-out.sql,253000.94,38498.34,31578.1,16225.45,0.0,76546.73,0.0,29149.82,12.92,0.0,0.0,0.0,60989.58,0.0,0.0,0.00,31578.10,38498.34,0.00,37475.60,39071.13
CZ11/RSD&0&cDXGF&New&dxAC_equip/NE-dxAC-PkgAC-33to65-New-SEER-16.2/instance-out.sql,252906.19,38498.34,31483.35,16225.45,0.0,76546.73,0.0,29149.82,12.92,0.0,0.0,0.0,60989.58,0.0,0.0,0.00,31483.35,38498.34,0.00,37475.60,39071.13
CZ11/RSD&0&cDXGF&New&dxAC_equip/NE-dxAC-PkgAC-33to65-New-SEER-17.1/instance-out.sql,252830.44,38498.34,31407.6,16225.45,0.0,76546.73,0.0,29149.82,12.92,0.0,0.0,0.0,60989.58,0.0,0.0,0.00,31407.60,38498.34,0.00,37475.60,39071.13
CZ11/RSD&0&cDXGF&New&dxAC_equip/NE-dxAC-PkgAC-33to65-New-SEER-18.1/instance-out.sql,252758.43,38498.34,31335.58,16225.45,0.0,76546.73,0.0,29149.82,12.92,0.0,0.0,0.0,60989.58,0.0,0.0,0.00,31335.58,38498.34,0.00,37475.60,39071.13
CZ11/Rt3&0&cDXGF&New&dxAC_equip/NE-dxAC-PkgAC-18to33-New-SEER-13.4/instance-out.sql,1787321.7799999998,79597.43,298478.38,394371.6,0.0,436362.0,0.0,419069.54,3.38,0.0,0.0,0.0,159439.44,0.0,0.0,0.00,298478.38,79597.43,0.00,436362.00,0.00
CZ11/Rt3&0&cDXGF&New&dxAC_equip/NE-dxAC-PkgAC-18to33-New-SEER-15.2/instance-out.sql,1766756.42,79597.43,277913.02,394371.6,0.0,436362.0,0.0,419069.54,3.38,0.0,0.0,0.0,159439.44,0.0,0.0,0.00,277913.02,79597.43,0.00,436362.00,0.00
CZ11/Rt3&0&cDXGF&New&dxAC_equip/NE-dxAC-PkgAC-18to33-New-SEER-16.2/instance-out.sql,1758450.6600000001,79597.43,269607.26,394371.6,0.0,436362.0,0.0,419069.54,3.38,0.0,0.0,0.0,159439.44,0.0,0.0,0.00,269607.26,79597.43,0.00,436362.00,0.00
CZ11/Rt3&0&cDXGF&New&dxAC_equip/NE-dxAC-PkgAC-18to33-New-SEER-17.1/instance-out.sql,1751810.4700000002,79597.43,262967.06,394371.6,0.0,436362.0,0.0,419069.54,3.38,0.0,0.0,0.0,159439.44,0.0,0.0,0.00,262967.06,79597.43,0.00,436362.00,0.00
CZ11/Rt3&0&cDXGF&New&dxAC_equip/NE-dxAC-PkgAC-18to33-New-SEER-18.1/instance-out.sql,1745497.81,79597.43,256654.41,394371.6,0.0,436362.0,0.0,419069.54,3.38,0.0,0.0,0.0,159439.44,0.0,0.0,0.00,256654.41,79597.43,0.00,436362.00,0.00
CZ11/Rt3&0&cDXGF&New&dxAC_equip/NE-dxAC-PkgAC-33to65-New-SEER-13.4/instance-out.sql,1751981.08,79603.08,263132.03,394371.6,0.0,436362.0,0.0,419069.54,3.38,0.0,0.0,0.0,159439.44,0.0,0.0,0.00,263132.03,79603.08,0.00,436362.00,0.00
CZ11/Rt3&0&cDXGF&New&dxAC_equip/NE-dxAC-PkgAC-33to65-New-SEER-15.2/instance-out.sql,1733909.74,79603.08,245060.69,394371.6,0.0,436362.0,0.0,419069.54,3.38,0.0,0.0,0.0,159439.44,0.0,0.0,0.00,245060.69,79603.08,0.00,436362.00,0.00
CZ11/Rt3&0&cDXGF&New&dxAC_equip/NE-dxAC-PkgAC-33to65-New-SEER-16.2/instance-out.sql,1726611.24,79603.08,237762.2,394371.6,0.0,436362.0,0.0,419069.54,3.38,0.0,0.0,0.0,159439.44,0.0,0.0,0.00,237762.20,79603.08,0.00,436362.00,0.00
CZ11/Rt3&0&cDXGF&New&dxAC_equip/NE-dxAC-PkgAC-33to65-New-SEER-17.1/instance-out.sql,1720776.32,79603.08,231927.28,394371.6,0.0,436362.0,0.0,419069.54,3.38,0.0,0.0,0.0,159439.44,0.0,0.0,0.00,231927.28,79603.08,0.00,436362.00,0.00
CZ11/Rt3&0&cDXGF&New&dxAC_equip/NE-dxAC-PkgAC-33to65-New-SEER-18.1/instance-out.sql,1715229.22,79603.08,226380.18,394371.6,0.0,436362.0,0.0,419069.54,3.38,0.0,0.0,0.0,159439.44,0.0,0.0,0.00,226380.18,79603.08,0.00,436362.00,0.00
CZ11/RtL&0&cDXGF&New&dxAC_equip/NE-dxAC-PkgAC-18to33-New-SEER-13.4/instance-out.sql,1806027.24,77255.58,307689.96,395231.18,0.0,509200.67,0.0,399174.52,3.39,0.0,0.0,0.0,117471.93,0.0,0.0,0.00,307689.96,77255.58,0.00,468847.72,40352.95
CZ11/RtL&0&cDXGF&New&dxAC_equip/NE-dxAC-PkgAC-18to33-New-SEER-15.2/instance-out.sql,1785206.5999999999,77255.58,286869.32,395231.18,0.0,509200.67,0.0,399174.52,3.39,0.0,0.0,0.0,117471.93,0.0,0.0,0.00,286869.32,77255.58,0.00,468847.72,40352.95
CZ11/RtL&0&cDXGF&New&dxAC_equip/NE-dxAC-PkgAC-18to33-New-SEER-16.2/instance-out.sql,1776797.75,77255.58,278460.47,395231.18,0.0,509200.67,0.0,399174.52,3.39,0.0,0.0,0.0,117471.93,0.0,0.0,0.00,278460.47,77255.58,0.00,468847.72,40352.95
CZ11/RtL&0&cDXGF&New&dxAC_equip/NE-dxAC-PkgAC-18to33-New-SEER-17.1/instance-out.sql,1770075.1199999999,77255.58,271737.84,395231.18,0.0,509200.67,0.0,399174.52,3.39,0.0,0.0,0.0,117471.93,0.0,0.0,0.00,271737.84,77255.58,0.00,468847.72,40352.95
CZ11/RtL&0&cDXGF&New&dxAC_equip/NE-dxAC-PkgAC-18to33-New-SEER-18.1/instance-out.sql,1763684.1099999999,77255.58,265346.83,395231.18,0.0,509200.67,0.0,399174.52,3.39,0.0,0.0,0.0,117471.93,0.0,0.0,0.00,265346.83,77255.58,0.00,468847.72,40352.95
CZ11/RtL&0&cDXGF&New&dxAC_equip/NE-dxAC-PkgAC-33to65-New-SEER-13.4/instance-out.sql,1769624.7,77263.78,271279.23,395231.18,0.0,509200.67,0.0,399174.52,3.39,0.0,0.0,0.0,117471.94,0.0,0.0,0.00,271279.23,77263.78,0.00,468847.72,40352.95
CZ11/RtL&0&cDXGF&New&dxAC_equip/NE-dxAC-PkgAC-33to65-New-SEER-15.2/instance-out.sql,1751373.18,77263.78,253027.71,395231.18,0.0,509200.67,0.0,399174.52,3.39,0.0,0.0,0.0,117471.94,0.0,0.0,0.00,253027.71,77263.78,0.00,468847.72,40352.95
CZ11/RtL&0&cDXGF&New&dxAC_equip/NE-dxAC-PkgAC-33to65-New-SEER-16.2/instance-out.sql,1744001.92,77263.78,245656.45,395231.18,0.0,509200.67,0.0,399174.52,3.39,0.0,0.0,0.0,117471.94,0.0,0.0,0.00,245656.45,77263.78,0.00,468847.72,40352.95
CZ11/RtL&0&cDXGF&New&dxAC_equip/NE-dxAC-PkgAC-33to65-New-SEER-17.1/instance-out.sql,1738108.8199999998,77263.78,239763.35,395231.18,0.0,509200.67,0.0,399174.52,3.39,0.0,0.0,0.0,117471.94,0.0,0.0,0.00,239763.35,77263.78,0.00,468847.72,40352.95
CZ11/RtL&0&cDXGF&New&dxAC_equip/NE-dxAC-PkgAC-33to65-New-SEER-18.1/instance-out.sql,1732506.41,77263.78,234160.94,395231.18,0.0,509200.67,0.0,399174.52,3.39,0.0,0.0,0.0,117471.94,0.0,0.0,0.00,234160.94,77263.78,0.00,468847.72,40352.95
CZ11/RtS&0&cDXGF&New&dxAC_equip/NE-dxAC-PkgAC-18to33-New-SEER-13.4/instance-out.sql,121031.95,12697.97,19237.14,23251.32,0.0,24440.79,0.0,26483.79,3.36,0.0,0.0,0.0,14917.58,0.0,0.0,0.00,19237.14,12697.97,0.00,24440.79,0.00
CZ11/RtS&0&cDXGF&New&dxAC_equip/NE-dxAC-PkgAC-18to33-New-SEER-15.2/instance-out.sql,119677.71,12697.97,17882.89,23251.32,0.0,24440.79,0.0,26483.79,3.36,0.0,0.0,0.0,14917.58,0.0,0.0,0.00,17882.89,12697.97,0.00,24440.79,0.00
CZ11/RtS&0&cDXGF&New&dxAC_equip/NE-dxAC-PkgAC-18to33-New-SEER-16.2/instance-out.sql,119130.76000000001,12697.97,17335.95,23251.32,0.0,24440.79,0.0,26483.79,3.36,0.0,0.0,0.0,14917.58,0.0,0.0,0.00,17335.95,12697.97,0.00,24440.79,0.00
CZ11/RtS&0&cDXGF&New&dxAC_equip/NE-dxAC-PkgAC-18to33-New-SEER-17.1/instance-out.sql,118693.5,12697.97,16898.69,23251.32,0.0,24440.79,0.0,26483.79,3.36,0.0,0.0,0.0,14917.58,0.0,0.0,0.00,16898.69,12697.97,0.00,24440.79,0.00
CZ11/RtS&0&cDXGF&New&dxAC_equip/NE-dxAC-PkgAC-18to33-New-SEER-18.1/instance-out.sql,118277.81,12697.97,16482.99,23251.32,0.0,24440.79,0.0,26483.79,3.36,0.0,0.0,0.0,14917.58,0.0,0.0,0.00,16482.99,12697.97,0.00,24440.79,0.00
CZ11/RtS&0&cDXGF&New&dxAC_equip/NE-dxAC-PkgAC-33to65-New-SEER-13.4/instance-out.sql,119283.28,12698.31,17488.13,23251.32,0.0,24440.79,0.0,26483.79,3.36,0.0,0.0,0.0,14917.58,0.0,0.0,0.00,17488.13,12698.31,0.00,24440.79,0.00
CZ11/RtS&0&cDXGF&New&dxAC_equip/NE-dxAC-PkgAC-33to65-New-SEER-15.2/instance-out.sql,118052.44,12698.31,16257.29,23251.32,0.0,24440.79,0.0,26483.79,3.36,0.0,0.0,0.0,14917.58,0.0,0.0,0.00,16257.29,12698.31,0.00,24440.79,0.00
CZ11/RtS&0&cDXGF&New&dxAC_equip/NE-dxAC-PkgAC-33to65-New-SEER-16.2/instance-out.sql,117555.35,12698.31,15760.19,23251.32,0.0,24440.79,0.0,26483.79,3.36,0.0,0.0,0.0,14917.58,0.0,0.0,0.00,15760.19,12698.31,0.00,24440.79,0.00
CZ11/RtS&0&cDXGF&New&dxAC_equip/NE-dxAC-PkgAC-33to65-New-SEER-17.1/instance-out.sql,117157.93,12698.31,15362.78,23251.32,0.0,24440.79,0.0,26483.79,3.36,0.0,0.0,0.0,14917.58,0.0,0.0,0.00,15362.78,12698.31,0.00,24440.79,0.00
CZ11/RtS&0&cDXGF&New&dxAC_equip/NE-dxAC-PkgAC-33to65-New-SEER-18.1/instance-out.sql,116780.12,12698.31,14984.96,23251.32,0.0,24440.79,0.0,26483.79,3.36,0.0,0.0,0.0,14917.58,0.0,0.0,0.00,14984.96,12698.31,0.00,24440.79,0.00
CZ11/SCn&0&cDXGF&New&dxAC_equip/NE-dxAC-PkgAC-18to33-New-SEER-13.4/instance-out.sql,3482567.05,770818.6,548519.85,571539.04,0.0,449066.39,0.0,1063925.88,3.36,0.0,0.0,0.0,78693.93,0.0,0.0,0.00,548519.85,770818.60,0.00,449066.39,0.00
CZ11/SCn&0&cDXGF&New&dxAC_equip/NE-dxAC-PkgAC-18to33-New-SEER-15.2/instance-out.sql,3443866.8200000003,770818.6,509819.62,571539.04,0.0,449066.39,0.0,1063925.88,3.36,0.0,0.0,0.0,78693.93,0.0,0.0,0.00,509819.62,770818.60,0.00,449066.39,0.00
CZ11/SCn&0&cDXGF&New&dxAC_equip/NE-dxAC-PkgAC-18to33-New-SEER-16.2/instance-out.sql,3428236.91,770818.6,494189.72,571539.04,0.0,449066.39,0.0,1063925.88,3.36,0.0,0.0,0.0,78693.93,0.0,0.0,0.00,494189.72,770818.60,0.00,449066.39,0.00
CZ11/SCn&0&cDXGF&New&dxAC_equip/NE-dxAC-PkgAC-18to33-New-SEER-17.1/instance-out.sql,3415741.2800000003,770818.6,481694.08,571539.04,0.0,449066.39,0.0,1063925.88,3.36,0.0,0.0,0.0,78693.93,0.0,0.0,0.00,481694.08,770818.60,0.00,449066.39,0.00
CZ11/SCn&0&cDXGF&New&dxAC_equip/NE-dxAC-PkgAC-18to33-New-SEER-18.1/instance-out.sql,3403862.0200000005,770818.6,469814.83,571539.04,0.0,449066.39,0.0,1063925.88,3.36,0.0,0.0,0.0,78693.93,0.0,0.0,0.00,469814.83,770818.60,0.00,449066.39,0.00
CZ11/SCn&0&cDXGF&New&dxAC_equip/NE-dxAC-PkgAC-33to65-New-SEER-13.4/instance-out.sql,3454627.04,770820.27,520578.16,571539.04,0.0,449066.39,0.0,1063925.88,3.36,0.0,0.0,0.0,78693.93,0.0,0.0,0.00,520578.16,770820.27,0.00,449066.39,0.00
CZ11/SCn&0&cDXGF&New&dxAC_equip/NE-dxAC-PkgAC-33to65-New-SEER-15.2/instance-out.sql,3417898.37,770820.27,483849.49,571539.04,0.0,449066.39,0.0,1063925.88,3.36,0.0,0.0,0.0,78693.93,0.0,0.0,0.00,483849.49,770820.27,0.00,449066.39,0.00
CZ11/SCn&0&cDXGF&New&dxAC_equip/NE-dxAC-PkgAC-33to65-New-SEER-16.2/instance-out.sql,3403064.71,770820.27,469015.84,571539.04,0.0,449066.39,0.0,1063925.88,3.36,0.0,0.0,0.0,78693.93,0.0,0.0,0.00,469015.84,770820.27,0.00,449066.39,0.00
CZ11/SCn&0&cDXGF&New&dxAC_equip/NE-dxAC-PkgAC-33to65-New-SEER-17.1/instance-out.sql,3391205.66,770820.27,457156.78,571539.04,0.0,449066.39,0.0,1063925.88,3.36,0.0,0.0,0.0,78693.93,0.0,0.0,0.00,457156.78,770820.27,0.00,449066.39,0.00
CZ11/SCn&0&cDXGF&New&dxAC_equip/NE-dxAC-PkgAC-33to65-New-SEER-18.1/instance-out.sql,3379931.58,770820.27,445882.71,571539.04,0.0,449066.39,0.0,1063925.88,3.36,0.0,0.0,0.0,78693.93,0.0,0.0,0.00,445882.71,770820.27,0.00,449066.39,0.00
CZ12/Asm&0&cDXGF&New&dxAC_equip/NE-dxAC-PkgAC-18to33-New-SEER-13.4/instance-out.sql,779498.02,206683.19,142728.2,76844.55,0.0,145823.51,0.0,185740.24,3.36,0.0,0.0,0.0,21674.98,0.0,0.0,0.00,142728.20,206683.19,0.00,145823.51,0.00
CZ12/Asm&0&cDXGF&New&dxAC_equip/NE-dxAC-PkgAC-18to33-New-SEER-15.2/instance-out.sql,769434.6900000001,206683.19,132664.87,76844.55,0.0,145823.51,0.0,185740.24,3.36,0.0,0.0,0.0,21674.98,0.0,0.0,0.00,132664.87,206683.19,0.00,145823.51,0.00
CZ12/Asm&0&cDXGF&New&dxAC_equip/NE-dxAC-PkgAC-18to33-New-SEER-16.2/instance-out.sql,765370.4,206683.19,128600.58,76844.55,0.0,145823.51,0.0,185740.24,3.36,0.0,0.0,0.0,21674.98,0.0,0.0,0.00,128600.58,206683.19,0.00,145823.51,0.00
CZ12/Asm&0&cDXGF&New&dxAC_equip/NE-dxAC-PkgAC-18to33-New-SEER-17.1/instance-out.sql,762121.13,206683.19,125351.3,76844.55,0.0,145823.51,0.0,185740.24,3.36,0.0,0.0,0.0,21674.98,0.0,0.0,0.00,125351.30,206683.19,0.00,145823.51,0.00
CZ12/Asm&0&cDXGF&New&dxAC_equip/NE-dxAC-PkgAC-18to33-New-SEER-18.1/instance-out.sql,759032.13,206683.19,122262.3,76844.55,0.0,145823.51,0.0,185740.24,3.36,0.0,0.0,0.0,21674.98,0.0,0.0,0.00,122262.30,206683.19,0.00,145823.51,0.00
CZ12/Asm&0&cDXGF&New&dxAC_equip/NE-dxAC-PkgAC-33to65-New-SEER-13.4/instance-out.sql,772554.41,206702.51,135765.25,76844.55,0.0,145823.51,0.0,185740.24,3.36,0.0,0.0,0.0,21674.98,0.0,0.0,0.00,135765.25,206702.51,0.00,145823.51,0.00
CZ12/Asm&0&cDXGF&New&dxAC_equip/NE-dxAC-PkgAC-33to65-New-SEER-15.2/instance-out.sql,762982.38,206702.51,126193.23,76844.55,0.0,145823.51,0.0,185740.24,3.36,0.0,0.0,0.0,21674.98,0.0,0.0,0.00,126193.23,206702.51,0.00,145823.51,0.00
CZ12/Asm&0&cDXGF&New&dxAC_equip/NE-dxAC-PkgAC-33to65-New-SEER-16.2/instance-out.sql,759116.51,206702.51,122327.36,76844.55,0.0,145823.51,0.0,185740.24,3.36,0.0,0.0,0.0,21674.98,0.0,0.0,0.00,122327.36,206702.51,0.00,145823.51,0.00
CZ12/Asm&0&cDXGF&New&dxAC_equip/NE-dxAC-PkgAC-33to65-New-SEER-17.1/instance-out.sql,756025.87,206702.51,119236.72,76844.55,0.0,145823.51,0.0,185740.24,3.36,0.0,0.0,0.0,21674.98,0.0,0.0,0.00,119236.72,206702.51,0.00,145823.51,0.00
CZ12/Asm&0&cDXGF&New&dxAC_equip/NE-dxAC-PkgAC-33to65-New-SEER-18.1/instance-out.sql,753087.68,206702.51,116298.53,76844.55,0.0,145823.51,0.0,185740.24,3.36,0.0,0.0,0.0,21674.98,0.0,0.0,0.00,116298.53,206702.51,0.00,145823.51,0.00
CZ12/ECC&0&cDXGF&New&dxAC_equip/NE-dxAC-PkgAC-18to33-New-SEER-13.4/instance-out.sql,2478940.92,97529.74,334125.11,167224.54,0.0,1013813.91,0.0,444294.98,820.11,0.0,0.0,0.0,421132.52,0.0,0.0,0.00,334125.11,97529.74,0.00,945189.93,68623.98
CZ12/ECC&0&cDXGF&New&dxAC_equip/NE-dxAC-PkgAC-18to33-New-SEER-15.2/instance-out.sql,2460323.15,97529.74,315507.34,167224.54,0.0,1013813.91,0.0,444294.98,820.11,0.0,0.0,0.0,421132.52,0.0,0.0,0.00,315507.34,97529.74,0.00,945189.93,68623.98
CZ12/ECC&0&cDXGF&New&dxAC_equip/NE-dxAC-PkgAC-18to33-New-SEER-16.2/instance-out.sql,2452803.9699999997,97529.74,307988.16,167224.54,0.0,1013813.91,0.0,444294.98,820.11,0.0,0.0,0.0,421132.52,0.0,0.0,0.00,307988.16,97529.74,0.00,945189.93,68623.98
CZ12/ECC&0&cDXGF&New&dxAC_equip/NE-dxAC-PkgAC-18to33-New-SEER-17.1/instance-out.sql,2446792.62,97529.74,301976.81,167224.54,0.0,1013813.91,0.0,444294.98,820.11,0.0,0.0,0.0,421132.52,0.0,0.0,0.00,301976.81,97529.74,0.00,945189.93,68623.98
CZ12/ECC&0&cDXGF&New&dxAC_equip/NE-dxAC-PkgAC-18to33-New-SEER-18.1/instance-out.sql,2441077.79,97529.74,296261.97,167224.54,0.0,1013813.91,0.0,444294.98,820.11,0.0,0.0,0.0,421132.52,0.0,0.0,0.00,296261.97,97529.74,0.00,945189.93,68623.98
CZ12/ECC&0&cDXGF&New&dxAC_equip/NE-dxAC-PkgAC-33to65-New-SEER-13.4/instance-out.sql,2432831.4299999997,97544.52,287994.78,167224.54,0.0,1013813.91,0.0,444301.14,820.03,0.0,0.0,0.0,421132.51,0.0,0.0,0.00,287994.78,97544.52,0.00,945189.93,68623.98
CZ12/ECC&0&cDXGF&New&dxAC_equip/NE-dxAC-PkgAC-33to65-New-SEER-15.2/instance-out.sql,2417468.46,97544.52,272631.81,167224.54,0.0,1013813.91,0.0,444301.14,820.03,0.0,0.0,0.0,421132.51,0.0,0.0,0.00,272631.81,97544.52,0.00,945189.93,68623.98
CZ12/ECC&0&cDXGF&New&dxAC_equip/NE-dxAC-PkgAC-33to65-New-SEER-16.2/instance-out.sql,2411263.81,97544.52,266427.16,167224.54,0.0,1013813.91,0.0,444301.14,820.03,0.0,0.0,0.0,421132.51,0.0,0.0,0.00,266427.16,97544.52,0.00,945189.93,68623.98
CZ12/ECC&0&cDXGF&New&dxAC_equip/NE-dxAC-PkgAC-33to65-New-SEER-17.1/instance-out.sql,2406303.37,97544.52,261466.72,167224.54,0.0,1013813.91,0.0,444301.14,820.03,0.0,0.0,0.0,421132.51,0.0,0.0,0.00,261466.72,97544.52,0.00,945189.93,68623.98
CZ12/ECC&0&cDXGF&New&dxAC_equip/NE-dxAC-PkgAC-33to65-New-SEER-18.1/instance-out.sql,2401587.62,97544.52,256750.97,167224.54,0.0,1013813.91,0.0,444301.14,820.03,0.0,0.0,0.0,421132.51,0.0,0.0,0.00,256750.97,97544.52,0.00,945189.93,68623.98
CZ12/EPr&0&cDXGF&New&dxAC_equip/NE-dxAC-PkgAC-18to33-New-SEER-13.4/instance-out.sql,380122.15,31226.32,49863.96,30835.78,0.0,125897.03,0.0,61585.39,3.37,0.0,0.0,0.0,80710.29,0.0,0.0,0.00,49863.96,31226.32,0.00,83226.75,42670.28
CZ12/EPr&0&cDXGF&New&dxAC_equip/NE-dxAC-PkgAC-18to33-New-SEER-15.2/instance-out.sql,377365.31,31226.32,47107.12,30835.78,0.0,125897.03,0.0,61585.39,3.37,0.0,0.0,0.0,80710.29,0.0,0.0,0.00,47107.12,31226.32,0.00,83226.75,42670.28
CZ12/EPr&0&cDXGF&New&dxAC_equip/NE-dxAC-PkgAC-18to33-New-SEER-16.2/instance-out.sql,376251.91000000003,31226.32,45993.72,30835.78,0.0,125897.03,0.0,61585.39,3.37,0.0,0.0,0.0,80710.29,0.0,0.0,0.00,45993.72,31226.32,0.00,83226.75,42670.28
CZ12/EPr&0&cDXGF&New&dxAC_equip/NE-dxAC-PkgAC-18to33-New-SEER-17.1/instance-out.sql,375361.77,31226.32,45103.58,30835.78,0.0,125897.03,0.0,61585.39,3.37,0.0,0.0,0.0,80710.29,0.0,0.0,0.00,45103.58,31226.32,0.00,83226.75,42670.28
CZ12/EPr&0&cDXGF&New&dxAC_equip/NE-dxAC-PkgAC-18to33-New-SEER-18.1/instance-out.sql,374515.54000000004,31226.32,44257.36,30835.78,0.0,125897.03,0.0,61585.39,3.37,0.0,0.0,0.0,80710.29,0.0,0.0,0.00,44257.36,31226.32,0.00,83226.75,42670.28
CZ12/EPr&0&cDXGF&New&dxAC_equip/NE-dxAC-PkgAC-33to65-New-SEER-13.4/instance-out.sql,376833.51,31229.76,46568.95,30835.78,0.0,125897.03,0.0,61588.34,3.37,0.0,0.0,0.0,80710.29,0.0,0.0,0.00,46568.95,31229.76,0.00,83226.75,42670.28
CZ12/EPr&0&cDXGF&New&dxAC_equip/NE-dxAC-PkgAC-33to65-New-SEER-15.2/instance-out.sql,374309.16,31229.76,44044.59,30835.78,0.0,125897.03,0.0,61588.34,3.37,0.0,0.0,0.0,80710.29,0.0,0.0,0.00,44044.59,31229.76,0.00,83226.75,42670.28
CZ12/EPr&0&cDXGF&New&dxAC_equip/NE-dxAC-PkgAC-33to65-New-SEER-16.2/instance-out.sql,373289.65,31229.76,43025.08,30835.78,0.0,125897.03,0.0,61588.34,3.37,0.0,0.0,0.0,80710.29,0.0,0.0,0.00,43025.08,31229.76,0.00,83226.75,42670.28
CZ12/EPr&0&cDXGF&New&dxAC_equip/NE-dxAC-PkgAC-33to65-New-SEER-17.1/instance-out.sql,372474.57999999996,31229.76,42210.01,30835.78,0.0,125897.03,0.0,61588.34,3.37,0.0,0.0,0.0,80710.29,0.0,0.0,0.00,42210.01,31229.76,0.00,83226.75,42670.28
CZ12/EPr&0&cDXGF&New&dxAC_equip/NE-dxAC-PkgAC-33to65-New-SEER-18.1/instance-out.sql,371699.70999999996,31229.76,41435.14,30835.78,0.0,125897.03,0.0,61588.34,3.37,0.0,0.0,0.0,80710.29,0.0,0.0,0.00,41435.14,31229.76,0.00,83226.75,42670.28
CZ12/ERC&0&cDXGF&New&dxAC_equip/NE-dxAC-PkgAC-18to33-New-SEER-13.4/instance-out.sql,18893.58,1901.71,1724.09,1016.35,0.0,2196.82,0.0,2944.88,3.36,0.0,0.0,0.0,9106.38,0.0,0.0,0.00,1724.09,1901.71,0.00,2196.82,0.00
CZ12/ERC&0&cDXGF&New&dxAC_equip/NE-dxAC-PkgAC-18to33-New-SEER-15.2/instance-out.sql,18773.440000000002,1901.71,1603.94,1016.35,0.0,2196.82,0.0,2944.88,3.36,0.0,0.0,0.0,9106.38,0.0,0.0,0.00,1603.94,1901.71,0.00,2196.82,0.00
CZ12/ERC&0&cDXGF&New&dxAC_equip/NE-dxAC-PkgAC-18to33-New-SEER-16.2/instance-out.sql,18724.91,1901.71,1555.41,1016.35,0.0,2196.82,0.0,2944.88,3.36,0.0,0.0,0.0,9106.38,0.0,0.0,0.00,1555.41,1901.71,0.00,2196.82,0.00
CZ12/ERC&0&cDXGF&New&dxAC_equip/NE-dxAC-PkgAC-18to33-New-SEER-17.1/instance-out.sql,18686.12,1901.71,1516.62,1016.35,0.0,2196.82,0.0,2944.88,3.36,0.0,0.0,0.0,9106.38,0.0,0.0,0.00,1516.62,1901.71,0.00,2196.82,0.00
CZ12/ERC&0&cDXGF&New&dxAC_equip/NE-dxAC-PkgAC-18to33-New-SEER-18.1/instance-out.sql,18649.239999999998,1901.71,1479.74,1016.35,0.0,2196.82,0.0,2944.88,3.36,0.0,0.0,0.0,9106.38,0.0,0.0,0.00,1479.74,1901.71,0.00,2196.82,0.00
CZ12/ERC&0&cDXGF&New&dxAC_equip/NE-dxAC-PkgAC-33to65-New-SEER-13.4/instance-out.sql,18726.48,1901.75,1556.95,1016.35,0.0,2196.82,0.0,2944.88,3.36,0.0,0.0,0.0,9106.38,0.0,0.0,0.00,1556.95,1901.75,0.00,2196.82,0.00
CZ12/ERC&0&cDXGF&New&dxAC_equip/NE-dxAC-PkgAC-33to65-New-SEER-15.2/instance-out.sql,18618.120000000003,1901.75,1448.6,1016.35,0.0,2196.82,0.0,2944.88,3.36,0.0,0.0,0.0,9106.38,0.0,0.0,0.00,1448.60,1901.75,0.00,2196.82,0.00
CZ12/ERC&0&cDXGF&New&dxAC_equip/NE-dxAC-PkgAC-33to65-New-SEER-16.2/instance-out.sql,18574.36,1901.75,1404.83,1016.35,0.0,2196.82,0.0,2944.88,3.36,0.0,0.0,0.0,9106.38,0.0,0.0,0.00,1404.83,1901.75,0.00,2196.82,0.00
CZ12/ERC&0&cDXGF&New&dxAC_equip/NE-dxAC-PkgAC-33to65-New-SEER-17.1/instance-out.sql,18539.38,1901.75,1369.85,1016.35,0.0,2196.82,0.0,2944.88,3.36,0.0,0.0,0.0,9106.38,0.0,0.0,0.00,1369.85,1901.75,0.00,2196.82,0.00
CZ12/ERC&0&cDXGF&New&dxAC_equip/NE-dxAC-PkgAC-33to65-New-SEER-18.1/instance-out.sql,18506.120000000003,1901.75,1336.59,1016.35,0.0,2196.82,0.0,2944.88,3.36,0.0,0.0,0.0,9106.38,0.0,0.0,0.00,1336.59,1901.75,0.00,2196.82,0.00
CZ12/ESe&0&cDXGF&New&dxAC_equip/NE-dxAC-PkgAC-18to33-New-SEER-13.4/instance-out.sql,1094187.48,138502.39,140223.28,94750.45,0.0,323176.74,0.0,176785.47,3.39,0.0,0.0,0.0,220745.76,0.0,0.0,0.00,140223.28,138502.39,0.00,259085.82,64090.92
CZ12/ESe&0&cDXGF&New&dxAC_equip/NE-dxAC-PkgAC-18to33-New-SEER-15.2/instance-out.sql,1091044.33,138502.39,137080.13,94750.45,0.0,323176.74,0.0,176785.47,3.39,0.0,0.0,0.0,220745.76,0.0,0.0,0.00,137080.13,138502.39,0.00,259085.82,64090.92
CZ12/ESe&0&cDXGF&New&dxAC_equip/NE-dxAC-PkgAC-18to33-New-SEER-16.2/instance-out.sql,1089774.9,138502.39,135810.7,94750.45,0.0,323176.74,0.0,176785.47,3.39,0.0,0.0,0.0,220745.76,0.0,0.0,0.00,135810.70,138502.39,0.00,259085.82,64090.92
CZ12/ESe&0&cDXGF&New&dxAC_equip/NE-dxAC-PkgAC-18to33-New-SEER-17.1/instance-out.sql,1088760.03,138502.39,134795.83,94750.45,0.0,323176.74,0.0,176785.47,3.39,0.0,0.0,0.0,220745.76,0.0,0.0,0.00,134795.83,138502.39,0.00,259085.82,64090.92
CZ12/ESe&0&cDXGF&New&dxAC_equip/NE-dxAC-PkgAC-18to33-New-SEER-18.1/instance-out.sql,1087795.22,138502.39,133831.02,94750.45,0.0,323176.74,0.0,176785.47,3.39,0.0,0.0,0.0,220745.76,0.0,0.0,0.00,133831.02,138502.39,0.00,259085.82,64090.92
CZ12/ESe&0&cDXGF&New&dxAC_equip/NE-dxAC-PkgAC-33to65-New-SEER-13.4/instance-out.sql,1088337.95,138505.03,134370.0,94750.45,0.0,323176.74,0.0,176786.57,3.39,0.0,0.0,0.0,220745.76,0.0,0.0,0.00,134370.00,138505.03,0.00,259085.82,64090.92
CZ12/ESe&0&cDXGF&New&dxAC_equip/NE-dxAC-PkgAC-33to65-New-SEER-15.2/instance-out.sql,1085607.75,138505.03,131639.8,94750.45,0.0,323176.74,0.0,176786.57,3.39,0.0,0.0,0.0,220745.76,0.0,0.0,0.00,131639.80,138505.03,0.00,259085.82,64090.92
CZ12/ESe&0&cDXGF&New&dxAC_equip/NE-dxAC-PkgAC-33to65-New-SEER-16.2/instance-out.sql,1084505.1,138505.03,130537.16,94750.45,0.0,323176.74,0.0,176786.57,3.39,0.0,0.0,0.0,220745.76,0.0,0.0,0.00,130537.16,138505.03,0.00,259085.82,64090.92
CZ12/ESe&0&cDXGF&New&dxAC_equip/NE-dxAC-PkgAC-33to65-New-SEER-17.1/instance-out.sql,1083623.57,138505.03,129655.62,94750.45,0.0,323176.74,0.0,176786.57,3.39,0.0,0.0,0.0,220745.76,0.0,0.0,0.00,129655.62,138505.03,0.00,259085.82,64090.92
CZ12/ESe&0&cDXGF&New&dxAC_equip/NE-dxAC-PkgAC-33to65-New-SEER-18.1/instance-out.sql,1082785.52,138505.03,128817.57,94750.45,0.0,323176.74,0.0,176786.57,3.39,0.0,0.0,0.0,220745.76,0.0,0.0,0.00,128817.57,138505.03,0.00,259085.82,64090.92
CZ12/EUn&0&cDXGF&New&dxAC_equip/NE-dxAC-PkgAC-18to33-New-SEER-13.4/instance-out.sql,7771857.91,243938.32,1045212.39,644388.1,0.0,3682881.23,0.0,1442621.92,3.37,0.0,0.0,0.0,712812.58,0.0,0.0,0.00,1045212.39,243938.32,0.00,3555459.15,127422.08
CZ12/EUn&0&cDXGF&New&dxAC_equip/NE-dxAC-PkgAC-18to33-New-SEER-15.2/instance-out.sql,7718371.949999999,243938.32,991726.43,644388.1,0.0,3682881.23,0.0,1442621.92,3.37,0.0,0.0,0.0,712812.58,0.0,0.0,0.00,991726.43,243938.32,0.00,3555459.15,127422.08
CZ12/EUn&0&cDXGF&New&dxAC_equip/NE-dxAC-PkgAC-18to33-New-SEER-16.2/instance-out.sql,7696770.51,243938.32,970124.99,644388.1,0.0,3682881.23,0.0,1442621.92,3.37,0.0,0.0,0.0,712812.58,0.0,0.0,0.00,970124.99,243938.32,0.00,3555459.15,127422.08
CZ12/EUn&0&cDXGF&New&dxAC_equip/NE-dxAC-PkgAC-18to33-New-SEER-17.1/instance-out.sql,7679500.82,243938.32,952855.3,644388.1,0.0,3682881.23,0.0,1442621.92,3.37,0.0,0.0,0.0,712812.58,0.0,0.0,0.00,952855.30,243938.32,0.00,3555459.15,127422.08
CZ12/EUn&0&cDXGF&New&dxAC_equip/NE-dxAC-PkgAC-18to33-New-SEER-18.1/instance-out.sql,7663083.0,243938.32,936437.48,644388.1,0.0,3682881.23,0.0,1442621.92,3.37,0.0,0.0,0.0,712812.58,0.0,0.0,0.00,936437.48,243938.32,0.00,3555459.15,127422.08
CZ12/EUn&0&cDXGF&New&dxAC_equip/NE-dxAC-PkgAC-33to65-New-SEER-13.4/instance-out.sql,7607622.76,244000.84,880914.89,644388.1,0.0,3682881.23,0.0,1442621.74,3.37,0.0,0.0,0.0,712812.58,0.0,0.0,0.00,880914.89,244000.84,0.00,3555459.15,127422.08
CZ12/EUn&0&cDXGF&New&dxAC_equip/NE-dxAC-PkgAC-33to65-New-SEER-15.2/instance-out.sql,7565729.35,244000.84,839021.48,644388.1,0.0,3682881.23,0.0,1442621.74,3.37,0.0,0.0,0.0,712812.58,0.0,0.0,0.00,839021.48,244000.84,0.00,3555459.15,127422.08
CZ12/EUn&0&cDXGF&New&dxAC_equip/NE-dxAC-PkgAC-33to65-New-SEER-16.2/instance-out.sql,7548809.8,244000.84,822101.93,644388.1,0.0,3682881.23,0.0,1442621.74,3.37,0.0,0.0,0.0,712812.58,0.0,0.0,0.00,822101.93,244000.84,0.00,3555459.15,127422.08
CZ12/EUn&0&cDXGF&New&dxAC_equip/NE-dxAC-PkgAC-33to65-New-SEER-17.1/instance-out.sql,7535283.149999999,244000.84,808575.28,644388.1,0.0,3682881.23,0.0,1442621.74,3.37,0.0,0.0,0.0,712812.58,0.0,0.0,0.00,808575.28,244000.84,0.00,3555459.15,127422.08
CZ12/EUn&0&cDXGF&New&dxAC_equip/NE-dxAC-PkgAC-33to65-New-SEER-18.1/instance-out.sql,7522423.72,244000.84,795715.85,644388.1,0.0,3682881.23,0.0,1442621.74,3.37,0.0,0.0,0.0,712812.58,0.0,0.0,0.00,795715.85,244000.84,0.00,3555459.15,127422.08
CZ12/Gro&0&cDXGF&New&dxAC_equip/NE-dxAC-PkgAC-18to33-New-SEER-13.4/instance-out.sql,1808447.6400000001,153357.34,47815.66,157111.61,0.0,177584.03,0.0,116414.35,3.38,0.0,0.0,0.0,57584.49,1098576.77,0.0,0.00,47815.66,153357.34,0.00,177584.03,0.00
CZ12/Gro&0&cDXGF&New&dxAC_equip/NE-dxAC-PkgAC-18to33-New-SEER-15.2/instance-out.sql,1805082.8,153357.34,44450.82,157111.61,0.0,177584.03,0.0,116414.35,3.38,0.0,0.0,0.0,57584.49,1098576.77,0.0,0.00,44450.82,153357.34,0.00,177584.03,0.00
CZ12/Gro&0&cDXGF&New&dxAC_equip/NE-dxAC-PkgAC-18to33-New-SEER-16.2/instance-out.sql,1803723.84,153357.34,43091.86,157111.61,0.0,177584.03,0.0,116414.35,3.38,0.0,0.0,0.0,57584.49,1098576.77,0.0,0.00,43091.86,153357.34,0.00,177584.03,0.00
CZ12/Gro&0&cDXGF&New&dxAC_equip/NE-dxAC-PkgAC-18to33-New-SEER-17.1/instance-out.sql,1802637.3900000001,153357.34,42005.42,157111.61,0.0,177584.03,0.0,116414.35,3.38,0.0,0.0,0.0,57584.49,1098576.77,0.0,0.00,42005.42,153357.34,0.00,177584.03,0.00
CZ12/Gro&0&cDXGF&New&dxAC_equip/NE-dxAC-PkgAC-18to33-New-SEER-18.1/instance-out.sql,1801604.54,153357.34,40972.56,157111.61,0.0,177584.03,0.0,116414.35,3.38,0.0,0.0,0.0,57584.49,1098576.77,0.0,0.00,40972.56,153357.34,0.00,177584.03,0.00
CZ12/Gro&0&cDXGF&New&dxAC_equip/NE-dxAC-PkgAC-33to65-New-SEER-13.4/instance-out.sql,1807867.01,153351.98,45168.2,157111.61,0.0,177584.03,0.0,116414.35,3.38,0.0,0.0,0.0,57584.49,1100648.95,0.0,0.00,45168.20,153351.98,0.00,177584.03,0.00
CZ12/Gro&0&cDXGF&New&dxAC_equip/NE-dxAC-PkgAC-33to65-New-SEER-15.2/instance-out.sql,1804688.97,153351.98,41990.16,157111.61,0.0,177584.03,0.0,116414.35,3.38,0.0,0.0,0.0,57584.49,1100648.95,0.0,0.00,41990.16,153351.98,0.00,177584.03,0.00
CZ12/Gro&0&cDXGF&New&dxAC_equip/NE-dxAC-PkgAC-33to65-New-SEER-16.2/instance-out.sql,1803405.46,153351.98,40706.65,157111.61,0.0,177584.03,0.0,116414.35,3.38,0.0,0.0,0.0,57584.49,1100648.95,0.0,0.00,40706.65,153351.98,0.00,177584.03,0.00
CZ12/Gro&0&cDXGF&New&dxAC_equip/NE-dxAC-PkgAC-33to65-New-SEER-17.1/instance-out.sql,1802379.33,153351.98,39680.52,157111.61,0.0,177584.03,0.0,116414.35,3.38,0.0,0.0,0.0,57584.49,1100648.95,0.0,0.00,39680.52,153351.98,0.00,177584.03,0.00
CZ12/Gro&0&cDXGF&New&dxAC_equip/NE-dxAC-PkgAC-33to65-New-SEER-18.1/instance-out.sql,1801403.81,153351.98,38705.0,157111.61,0.0,177584.03,0.0,116414.35,3.38,0.0,0.0,0.0,57584.49,1100648.95,0.0,0.00,38705.00,153351.98,0.00,177584.03,0.00
CZ12/Hsp&0&cDXGF&New&dxAC_equip/NE-dxAC-PkgAC-18to33-New-SEER-13.4/instance-out.sql,3591055.0,225093.89,813436.46,625795.42,0.0,1182847.3,0.0,457755.77,37282.09,0.0,0.0,0.0,248844.08,0.0,0.0,0.00,813436.46,225093.89,0.00,1139112.10,43735.20
CZ12/Hsp&0&cDXGF&New&dxAC_equip/NE-dxAC-PkgAC-18to33-New-SEER-15.2/instance-out.sql,3581529.3200000003,225093.89,803910.78,625795.42,0.0,1182847.3,0.0,457755.77,37282.09,0.0,0.0,0.0,248844.08,0.0,0.0,0.00,803910.78,225093.89,0.00,1139112.10,43735.20
CZ12/Hsp&0&cDXGF&New&dxAC_equip/NE-dxAC-PkgAC-18to33-New-SEER-16.2/instance-out.sql,3577682.17,225093.89,800063.64,625795.42,0.0,1182847.3,0.0,457755.77,37282.09,0.0,0.0,0.0,248844.08,0.0,0.0,0.00,800063.64,225093.89,0.00,1139112.10,43735.20
CZ12/Hsp&0&cDXGF&New&dxAC_equip/NE-dxAC-PkgAC-18to33-New-SEER-17.1/instance-out.sql,3574606.5,225093.89,796987.96,625795.42,0.0,1182847.3,0.0,457755.77,37282.09,0.0,0.0,0.0,248844.08,0.0,0.0,0.00,796987.96,225093.89,0.00,1139112.10,43735.20
CZ12/Hsp&0&cDXGF&New&dxAC_equip/NE-dxAC-PkgAC-18to33-New-SEER-18.1/instance-out.sql,3571682.54,225093.89,794064.0,625795.42,0.0,1182847.3,0.0,457755.77,37282.09,0.0,0.0,0.0,248844.08,0.0,0.0,0.00,794064.00,225093.89,0.00,1139112.10,43735.20
CZ12/Hsp&0&cDXGF&New&dxAC_equip/NE-dxAC-PkgAC-33to65-New-SEER-13.4/instance-out.sql,3555880.25,225098.48,778273.26,625795.42,0.0,1182847.3,0.0,457755.41,37282.1,0.0,0.0,0.0,248828.27,0.0,0.0,0.00,778273.26,225098.48,0.00,1139112.10,43735.20
CZ12/Hsp&0&cDXGF&New&dxAC_equip/NE-dxAC-PkgAC-33to65-New-SEER-15.2/instance-out.sql,3548835.33,225098.48,771228.34,625795.42,0.0,1182847.3,0.0,457755.41,37282.1,0.0,0.0,0.0,248828.27,0.0,0.0,0.00,771228.34,225098.48,0.00,1139112.10,43735.20
CZ12/Hsp&0&cDXGF&New&dxAC_equip/NE-dxAC-PkgAC-33to65-New-SEER-16.2/instance-out.sql,3545990.09,225098.48,768383.11,625795.42,0.0,1182847.3,0.0,457755.41,37282.1,0.0,0.0,0.0,248828.27,0.0,0.0,0.00,768383.11,225098.48,0.00,1139112.10,43735.20
CZ12/Hsp&0&cDXGF&New&dxAC_equip/NE-dxAC-PkgAC-33to65-New-SEER-17.1/instance-out.sql,3543715.41,225098.48,766108.42,625795.42,0.0,1182847.3,0.0,457755.41,37282.1,0.0,0.0,0.0,248828.27,0.0,0.0,0.00,766108.42,225098.48,0.00,1139112.10,43735.20
CZ12/Hsp&0&cDXGF&New&dxAC_equip/NE-dxAC-PkgAC-33to65-New-SEER-18.1/instance-out.sql,3541552.93,225098.48,763945.95,625795.42,0.0,1182847.3,0.0,457755.41,37282.1,0.0,0.0,0.0,248828.27,0.0,0.0,0.00,763945.95,225098.48,0.00,1139112.10,43735.20
CZ12/MBT&0&cDXGF&New&dxAC_equip/NE-dxAC-PkgAC-18to33-New-SEER-13.4/instance-out.sql,6528938.26,2327001.56,491610.96,438466.02,0.0,2167645.51,0.0,938484.91,591.0,0.0,0.0,0.0,165138.3,0.0,0.0,0.00,491610.96,2327001.56,0.00,1394057.91,773587.60
CZ12/MBT&0&cDXGF&New&dxAC_equip/NE-dxAC-PkgAC-18to33-New-SEER-15.2/instance-out.sql,6519000.84,2327001.56,481673.54,438466.02,0.0,2167645.51,0.0,938484.91,591.0,0.0,0.0,0.0,165138.3,0.0,0.0,0.00,481673.54,2327001.56,0.00,1394057.91,773587.60
CZ12/MBT&0&cDXGF&New&dxAC_equip/NE-dxAC-PkgAC-18to33-New-SEER-16.2/instance-out.sql,6514987.4,2327001.56,477660.1,438466.02,0.0,2167645.51,0.0,938484.91,591.0,0.0,0.0,0.0,165138.3,0.0,0.0,0.00,477660.10,2327001.56,0.00,1394057.91,773587.60
CZ12/MBT&0&cDXGF&New&dxAC_equip/NE-dxAC-PkgAC-18to33-New-SEER-17.1/instance-out.sql,6511778.77,2327001.56,474451.48,438466.02,0.0,2167645.51,0.0,938484.91,591.0,0.0,0.0,0.0,165138.3,0.0,0.0,0.00,474451.48,2327001.56,0.00,1394057.91,773587.60
CZ12/MBT&0&cDXGF&New&dxAC_equip/NE-dxAC-PkgAC-18to33-New-SEER-18.1/instance-out.sql,6508728.42,2327001.56,471401.13,438466.02,0.0,2167645.51,0.0,938484.91,591.0,0.0,0.0,0.0,165138.3,0.0,0.0,0.00,471401.13,2327001.56,0.00,1394057.91,773587.60
CZ12/MBT&0&cDXGF&New&dxAC_equip/NE-dxAC-PkgAC-33to65-New-SEER-13.4/instance-out.sql,6503036.56,2327012.12,465698.74,438466.02,0.0,2167645.51,0.0,938484.88,591.0,0.0,0.0,0.0,165138.3,0.0,0.0,0.00,465698.74,2327012.12,0.00,1394057.91,773587.60
CZ12/MBT&0&cDXGF&New&dxAC_equip/NE-dxAC-PkgAC-33to65-New-SEER-15.2/instance-out.sql,6494927.42,2327012.12,457589.6,438466.02,0.0,2167645.51,0.0,938484.88,591.0,0.0,0.0,0.0,165138.3,0.0,0.0,0.00,457589.60,2327012.12,0.00,1394057.91,773587.60
CZ12/MBT&0&cDXGF&New&dxAC_equip/NE-dxAC-PkgAC-33to65-New-SEER-16.2/instance-out.sql,6491652.38,2327012.12,454314.55,438466.02,0.0,2167645.51,0.0,938484.88,591.0,0.0,0.0,0.0,165138.3,0.0,0.0,0.00,454314.55,2327012.12,0.00,1394057.91,773587.60
CZ12/MBT&0&cDXGF&New&dxAC_equip/NE-dxAC-PkgAC-33to65-New-SEER-17.1/instance-out.sql,6489034.08,2327012.12,451696.25,438466.02,0.0,2167645.51,0.0,938484.88,591.0,0.0,0.0,0.0,165138.3,0.0,0.0,0.00,451696.25,2327012.12,0.00,1394057.91,773587.60
CZ12/MBT&0&cDXGF&New&dxAC_equip/NE-dxAC-PkgAC-33to65-New-SEER-18.1/instance-out.sql,6486544.93,2327012.12,449207.11,438466.02,0.0,2167645.51,0.0,938484.88,591.0,0.0,0.0,0.0,165138.3,0.0,0.0,0.00,449207.11,2327012.12,0.00,1394057.91,773587.60
CZ12/MLI&0&cDXGF&New&dxAC_equip/NE-dxAC-PkgAC-18to33-New-SEER-13.4/instance-out.sql,960188.28,102125.73,134615.37,153603.74,0.0,239893.0,0.0,283700.88,3.37,0.0,0.0,0.0,46246.18,0.0,0.0,0.00,134615.37,102125.73,0.00,239893.00,0.00
CZ12/MLI&0&cDXGF&New&dxAC_equip/NE-dxAC-PkgAC-18to33-New-SEER-15.2/instance-out.sql,950694.38,102125.73,125121.47,153603.74,0.0,239893.0,0.0,283700.88,3.37,0.0,0.0,0.0,46246.18,0.0,0.0,0.00,125121.47,102125.73,0.00,239893.00,0.00
CZ12/MLI&0&cDXGF&New&dxAC_equip/NE-dxAC-PkgAC-18to33-New-SEER-16.2/instance-out.sql,946860.0700000001,102125.73,121287.16,153603.74,0.0,239893.0,0.0,283700.88,3.37,0.0,0.0,0.0,46246.18,0.0,0.0,0.00,121287.16,102125.73,0.00,239893.00,0.00
CZ12/MLI&0&cDXGF&New&dxAC_equip/NE-dxAC-PkgAC-18to33-New-SEER-17.1/instance-out.sql,943794.65,102125.73,118221.74,153603.74,0.0,239893.0,0.0,283700.88,3.37,0.0,0.0,0.0,46246.18,0.0,0.0,0.00,118221.74,102125.73,0.00,239893.00,0.00
CZ12/MLI&0&cDXGF&New&dxAC_equip/NE-dxAC-PkgAC-18to33-New-SEER-18.1/instance-out.sql,940880.4400000001,102125.73,115307.54,153603.74,0.0,239893.0,0.0,283700.88,3.37,0.0,0.0,0.0,46246.18,0.0,0.0,0.00,115307.54,102125.73,0.00,239893.00,0.00
CZ12/MLI&0&cDXGF&New&dxAC_equip/NE-dxAC-PkgAC-33to65-New-SEER-13.4/instance-out.sql,937798.88,102127.7,112224.01,153603.74,0.0,239893.0,0.0,283700.88,3.37,0.0,0.0,0.0,46246.18,0.0,0.0,0.00,112224.01,102127.70,0.00,239893.00,0.00
CZ12/MLI&0&cDXGF&New&dxAC_equip/NE-dxAC-PkgAC-33to65-New-SEER-15.2/instance-out.sql,929884.91,102127.7,104310.03,153603.74,0.0,239893.0,0.0,283700.88,3.37,0.0,0.0,0.0,46246.18,0.0,0.0,0.00,104310.03,102127.70,0.00,239893.00,0.00
CZ12/MLI&0&cDXGF&New&dxAC_equip/NE-dxAC-PkgAC-33to65-New-SEER-16.2/instance-out.sql,926688.6900000001,102127.7,101113.81,153603.74,0.0,239893.0,0.0,283700.88,3.37,0.0,0.0,0.0,46246.18,0.0,0.0,0.00,101113.81,102127.70,0.00,239893.00,0.00
CZ12/MLI&0&cDXGF&New&dxAC_equip/NE-dxAC-PkgAC-33to65-New-SEER-17.1/instance-out.sql,924133.4,102127.7,98558.52,153603.74,0.0,239893.0,0.0,283700.88,3.37,0.0,0.0,0.0,46246.18,0.0,0.0,0.00,98558.52,102127.70,0.00,239893.00,0.00
CZ12/MLI&0&cDXGF&New&dxAC_equip/NE-dxAC-PkgAC-33to65-New-SEER-18.1/instance-out.sql,921704.16,102127.7,96129.28,153603.74,0.0,239893.0,0.0,283700.88,3.37,0.0,0.0,0.0,46246.18,0.0,0.0,0.00,96129.28,102127.70,0.00,239893.00,0.00
CZ12/Mtl&0&cDXGF&New&dxAC_equip/NE-dxAC-PkgAC-18to33-New-SEER-13.4/instance-out.sql,184577.51,24467.56,41772.61,34352.14,0.0,22443.33,0.0,53857.59,3.36,0.0,0.0,0.0,7680.9,0.0,0.0,0.00,41772.61,24467.56,0.00,22191.36,251.97
CZ12/Mtl&0&cDXGF&New&dxAC_equip/NE-dxAC-PkgAC-18to33-New-SEER-15.2/instance-out.sql,182183.85,24467.56,39378.95,34352.14,0.0,22443.33,0.0,53857.59,3.36,0.0,0.0,0.0,7680.9,0.0,0.0,0.00,39378.95,24467.56,0.00,22191.36,251.97
CZ12/Mtl&0&cDXGF&New&dxAC_equip/NE-dxAC-PkgAC-18to33-New-SEER-16.2/instance-out.sql,181217.12,24467.56,38412.22,34352.14,0.0,22443.33,0.0,53857.59,3.36,0.0,0.0,0.0,7680.9,0.0,0.0,0.00,38412.22,24467.56,0.00,22191.36,251.97
CZ12/Mtl&0&cDXGF&New&dxAC_equip/NE-dxAC-PkgAC-18to33-New-SEER-17.1/instance-out.sql,180444.24,24467.56,37639.35,34352.14,0.0,22443.33,0.0,53857.59,3.36,0.0,0.0,0.0,7680.9,0.0,0.0,0.00,37639.35,24467.56,0.00,22191.36,251.97
CZ12/Mtl&0&cDXGF&New&dxAC_equip/NE-dxAC-PkgAC-18to33-New-SEER-18.1/instance-out.sql,179709.5,24467.56,36904.6,34352.14,0.0,22443.33,0.0,53857.59,3.36,0.0,0.0,0.0,7680.9,0.0,0.0,0.00,36904.60,24467.56,0.00,22191.36,251.97
CZ12/Mtl&0&cDXGF&New&dxAC_equip/NE-dxAC-PkgAC-33to65-New-SEER-13.4/instance-out.sql,178961.86,24468.69,36155.88,34352.14,0.0,22443.33,0.0,53857.56,3.36,0.0,0.0,0.0,7680.9,0.0,0.0,0.00,36155.88,24468.69,0.00,22191.36,251.97
CZ12/Mtl&0&cDXGF&New&dxAC_equip/NE-dxAC-PkgAC-33to65-New-SEER-15.2/instance-out.sql,176964.49,24468.69,34158.51,34352.14,0.0,22443.33,0.0,53857.56,3.36,0.0,0.0,0.0,7680.9,0.0,0.0,0.00,34158.51,24468.69,0.00,22191.36,251.97
CZ12/Mtl&0&cDXGF&New&dxAC_equip/NE-dxAC-PkgAC-33to65-New-SEER-16.2/instance-out.sql,176157.81,24468.69,33351.83,34352.14,0.0,22443.33,0.0,53857.56,3.36,0.0,0.0,0.0,7680.9,0.0,0.0,0.00,33351.83,24468.69,0.00,22191.36,251.97
CZ12/Mtl&0&cDXGF&New&dxAC_equip/NE-dxAC-PkgAC-33to65-New-SEER-17.1/instance-out.sql,175512.9,24468.69,32706.92,34352.14,0.0,22443.33,0.0,53857.56,3.36,0.0,0.0,0.0,7680.9,0.0,0.0,0.00,32706.92,24468.69,0.00,22191.36,251.97
CZ12/Mtl&0&cDXGF&New&dxAC_equip/NE-dxAC-PkgAC-33to65-New-SEER-18.1/instance-out.sql,174899.8,24468.69,32093.81,34352.14,0.0,22443.33,0.0,53857.56,3.36,0.0,0.0,0.0,7680.9,0.0,0.0,0.00,32093.81,24468.69,0.00,22191.36,251.97
CZ12/Nrs&0&cDXGF&New&dxAC_equip/NE-dxAC-PkgAC-18to33-New-SEER-13.4/instance-out.sql,848705.65,55647.11,109606.42,103109.51,0.0,347425.87,0.0,121081.22,38.95,0.0,0.0,0.0,111796.57,0.0,0.0,0.00,109606.42,55647.11,0.00,281574.59,65851.28
CZ12/Nrs&0&cDXGF&New&dxAC_equip/NE-dxAC-PkgAC-18to33-New-SEER-15.2/instance-out.sql,845423.03,55647.11,106323.8,103109.51,0.0,347425.87,0.0,121081.22,38.95,0.0,0.0,0.0,111796.57,0.0,0.0,0.00,106323.80,55647.11,0.00,281574.59,65851.28
CZ12/Nrs&0&cDXGF&New&dxAC_equip/NE-dxAC-PkgAC-18to33-New-SEER-16.2/instance-out.sql,844097.28,55647.11,104998.04,103109.51,0.0,347425.87,0.0,121081.22,38.95,0.0,0.0,0.0,111796.57,0.0,0.0,0.00,104998.04,55647.11,0.00,281574.59,65851.28
CZ12/Nrs&0&cDXGF&New&dxAC_equip/NE-dxAC-PkgAC-18to33-New-SEER-17.1/instance-out.sql,843037.38,55647.11,103938.14,103109.51,0.0,347425.87,0.0,121081.22,38.95,0.0,0.0,0.0,111796.57,0.0,0.0,0.00,103938.14,55647.11,0.00,281574.59,65851.28
CZ12/Nrs&0&cDXGF&New&dxAC_equip/NE-dxAC-PkgAC-18to33-New-SEER-18.1/instance-out.sql,842029.76,55647.11,102930.52,103109.51,0.0,347425.87,0.0,121081.22,38.95,0.0,0.0,0.0,111796.57,0.0,0.0,0.00,102930.52,55647.11,0.00,281574.59,65851.28
CZ12/Nrs&0&cDXGF&New&dxAC_equip/NE-dxAC-PkgAC-33to65-New-SEER-13.4/instance-out.sql,840184.78,55703.35,101048.49,103109.51,0.0,347425.87,0.0,121067.22,39.09,0.0,0.0,0.0,111791.26,0.0,0.0,0.00,101048.49,55703.35,0.00,281574.59,65851.28
CZ12/Nrs&0&cDXGF&New&dxAC_equip/NE-dxAC-PkgAC-33to65-New-SEER-15.2/instance-out.sql,837507.76,55703.35,98371.46,103109.51,0.0,347425.87,0.0,121067.22,39.09,0.0,0.0,0.0,111791.26,0.0,0.0,0.00,98371.46,55703.35,0.00,281574.59,65851.28
CZ12/Nrs&0&cDXGF&New&dxAC_equip/NE-dxAC-PkgAC-33to65-New-SEER-16.2/instance-out.sql,836426.58,55703.35,97290.29,103109.51,0.0,347425.87,0.0,121067.22,39.09,0.0,0.0,0.0,111791.26,0.0,0.0,0.00,97290.29,55703.35,0.00,281574.59,65851.28
CZ12/Nrs&0&cDXGF&New&dxAC_equip/NE-dxAC-PkgAC-33to65-New-SEER-17.1/instance-out.sql,835562.22,55703.35,96425.92,103109.51,0.0,347425.87,0.0,121067.22,39.09,0.0,0.0,0.0,111791.26,0.0,0.0,0.00,96425.92,55703.35,0.00,281574.59,65851.28
CZ12/Nrs&0&cDXGF&New&dxAC_equip/NE-dxAC-PkgAC-33to65-New-SEER-18.1/instance-out.sql,834740.49,55703.35,95604.19,103109.51,0.0,347425.87,0.0,121067.22,39.09,0.0,0.0,0.0,111791.26,0.0,0.0,0.00,95604.19,55703.35,0.00,281574.59,65851.28
CZ12/OfL&0&cDXGF&New&dxAC_equip/NE-dxAC-PkgAC-18to33-New-SEER-13.4/instance-out.sql,2226738.41,62016.2,414400.49,239041.7,0.0,829334.66,0.0,565530.05,2723.84,0.0,0.0,0.0,113691.46,0.0,0.0,0.00,414400.49,62016.20,0.00,829334.66,0.00
CZ12/OfL&0&cDXGF&New&dxAC_equip/NE-dxAC-PkgAC-18to33-New-SEER-15.2/instance-out.sql,2204675.69,62016.2,392337.78,239041.7,0.0,829334.66,0.0,565530.05,2723.84,0.0,0.0,0.0,113691.46,0.0,0.0,0.00,392337.78,62016.20,0.00,829334.66,0.00
CZ12/OfL&0&cDXGF&New&dxAC_equip/NE-dxAC-PkgAC-18to33-New-SEER-16.2/instance-out.sql,2195765.2,62016.2,383427.28,239041.7,0.0,829334.66,0.0,565530.05,2723.84,0.0,0.0,0.0,113691.46,0.0,0.0,0.00,383427.28,62016.20,0.00,829334.66,0.00
CZ12/OfL&0&cDXGF&New&dxAC_equip/NE-dxAC-PkgAC-18to33-New-SEER-17.1/instance-out.sql,2188641.5300000003,62016.2,376303.62,239041.7,0.0,829334.66,0.0,565530.05,2723.84,0.0,0.0,0.0,113691.46,0.0,0.0,0.00,376303.62,62016.20,0.00,829334.66,0.00
CZ12/OfL&0&cDXGF&New&dxAC_equip/NE-dxAC-PkgAC-18to33-New-SEER-18.1/instance-out.sql,2181869.25,62016.2,369531.34,239041.7,0.0,829334.66,0.0,565530.05,2723.84,0.0,0.0,0.0,113691.46,0.0,0.0,0.00,369531.34,62016.20,0.00,829334.66,0.00
CZ12/OfL&0&cDXGF&New&dxAC_equip/NE-dxAC-PkgAC-33to65-New-SEER-13.4/instance-out.sql,2138444.91,62051.97,326077.67,239041.7,0.0,829334.66,0.0,565530.63,2723.85,0.0,0.0,0.0,113684.42,0.0,0.0,0.00,326077.67,62051.97,0.00,829334.66,0.00
CZ12/OfL&0&cDXGF&New&dxAC_equip/NE-dxAC-PkgAC-33to65-New-SEER-15.2/instance-out.sql,2122612.74,62051.97,310245.49,239041.7,0.0,829334.66,0.0,565530.63,2723.85,0.0,0.0,0.0,113684.42,0.0,0.0,0.00,310245.49,62051.97,0.00,829334.66,0.00
CZ12/OfL&0&cDXGF&New&dxAC_equip/NE-dxAC-PkgAC-33to65-New-SEER-16.2/instance-out.sql,2116218.58,62051.97,303851.33,239041.7,0.0,829334.66,0.0,565530.63,2723.85,0.0,0.0,0.0,113684.42,0.0,0.0,0.00,303851.33,62051.97,0.00,829334.66,0.00
CZ12/OfL&0&cDXGF&New&dxAC_equip/NE-dxAC-PkgAC-33to65-New-SEER-17.1/instance-out.sql,2111106.64,62051.97,298739.4,239041.7,0.0,829334.66,0.0,565530.63,2723.85,0.0,0.0,0.0,113684.42,0.0,0.0,0.00,298739.40,62051.97,0.00,829334.66,0.00
CZ12/OfL&0&cDXGF&New&dxAC_equip/NE-dxAC-PkgAC-33to65-New-SEER-18.1/instance-out.sql,2106246.86,62051.97,293879.62,239041.7,0.0,829334.66,0.0,565530.63,2723.85,0.0,0.0,0.0,113684.42,0.0,0.0,0.00,293879.62,62051.97,0.00,829334.66,0.00
CZ12/OfS&0&cDXGF&New&dxAC_equip/NE-dxAC-PkgAC-18to33-New-SEER-13.4/instance-out.sql,121697.13,8764.53,18099.53,12106.19,0.0,29387.4,0.0,32169.44,1.13,0.0,0.0,0.0,21168.9,0.0,0.0,0.00,18099.53,8764.53,0.00,29387.40,0.00
CZ12/OfS&0&cDXGF&New&dxAC_equip/NE-dxAC-PkgAC-18to33-New-SEER-15.2/instance-out.sql,120435.07,8764.53,16837.47,12106.19,0.0,29387.4,0.0,32169.44,1.13,0.0,0.0,0.0,21168.9,0.0,0.0,0.00,16837.47,8764.53,0.00,29387.40,0.00
CZ12/OfS&0&cDXGF&New&dxAC_equip/NE-dxAC-PkgAC-18to33-New-SEER-16.2/instance-out.sql,119925.35999999999,8764.53,16327.75,12106.19,0.0,29387.4,0.0,32169.44,1.13,0.0,0.0,0.0,21168.9,0.0,0.0,0.00,16327.75,8764.53,0.00,29387.40,0.00
CZ12/OfS&0&cDXGF&New&dxAC_equip/NE-dxAC-PkgAC-18to33-New-SEER-17.1/instance-out.sql,119517.85999999999,8764.53,15920.26,12106.19,0.0,29387.4,0.0,32169.44,1.13,0.0,0.0,0.0,21168.9,0.0,0.0,0.00,15920.26,8764.53,0.00,29387.40,0.00
CZ12/OfS&0&cDXGF&New&dxAC_equip/NE-dxAC-PkgAC-18to33-New-SEER-18.1/instance-out.sql,119130.45999999999,8764.53,15532.86,12106.19,0.0,29387.4,0.0,32169.44,1.13,0.0,0.0,0.0,21168.9,0.0,0.0,0.00,15532.86,8764.53,0.00,29387.40,0.00
CZ12/OfS&0&cDXGF&New&dxAC_equip/NE-dxAC-PkgAC-33to65-New-SEER-13.4/instance-out.sql,117776.93,8764.99,14178.87,12106.19,0.0,29387.4,0.0,32169.44,1.13,0.0,0.0,0.0,21168.9,0.0,0.0,0.00,14178.87,8764.99,0.00,29387.40,0.00
CZ12/OfS&0&cDXGF&New&dxAC_equip/NE-dxAC-PkgAC-33to65-New-SEER-15.2/instance-out.sql,116791.5,8764.99,13193.44,12106.19,0.0,29387.4,0.0,32169.44,1.13,0.0,0.0,0.0,21168.9,0.0,0.0,0.00,13193.44,8764.99,0.00,29387.40,0.00
CZ12/OfS&0&cDXGF&New&dxAC_equip/NE-dxAC-PkgAC-33to65-New-SEER-16.2/instance-out.sql,116393.52,8764.99,12795.46,12106.19,0.0,29387.4,0.0,32169.44,1.13,0.0,0.0,0.0,21168.9,0.0,0.0,0.00,12795.46,8764.99,0.00,29387.40,0.00
CZ12/OfS&0&cDXGF&New&dxAC_equip/NE-dxAC-PkgAC-33to65-New-SEER-17.1/instance-out.sql,116075.34,8764.99,12477.28,12106.19,0.0,29387.4,0.0,32169.44,1.13,0.0,0.0,0.0,21168.9,0.0,0.0,0.00,12477.28,8764.99,0.00,29387.40,0.00
CZ12/OfS&0&cDXGF&New&dxAC_equip/NE-dxAC-PkgAC-33to65-New-SEER-18.1/instance-out.sql,115772.86,8764.99,12174.8,12106.19,0.0,29387.4,0.0,32169.44,1.13,0.0,0.0,0.0,21168.9,0.0,0.0,0.00,12174.80,8764.99,0.00,29387.40,0.00
CZ12/RFF&0&cDXGF&New&dxAC_equip/NE-dxAC-PkgAC-18to33-New-SEER-13.4/instance-out.sql,100213.06,5653.48,11074.5,6626.33,0.0,37903.17,0.0,14320.86,3.37,0.0,0.0,0.0,24631.34,0.0,0.0,0.00,11074.50,5653.48,0.00,18423.46,19479.71
CZ12/RFF&0&cDXGF&New&dxAC_equip/NE-dxAC-PkgAC-18to33-New-SEER-15.2/instance-out.sql,99824.44,5653.48,10685.88,6626.33,0.0,37903.17,0.0,14320.86,3.37,0.0,0.0,0.0,24631.34,0.0,0.0,0.00,10685.88,5653.48,0.00,18423.46,19479.71
CZ12/RFF&0&cDXGF&New&dxAC_equip/NE-dxAC-PkgAC-18to33-New-SEER-16.2/instance-out.sql,99667.48,5653.48,10528.92,6626.33,0.0,37903.17,0.0,14320.86,3.37,0.0,0.0,0.0,24631.34,0.0,0.0,0.00,10528.92,5653.48,0.00,18423.46,19479.71
CZ12/RFF&0&cDXGF&New&dxAC_equip/NE-dxAC-PkgAC-18to33-New-SEER-17.1/instance-out.sql,99542.0,5653.48,10403.44,6626.33,0.0,37903.17,0.0,14320.86,3.37,0.0,0.0,0.0,24631.34,0.0,0.0,0.00,10403.44,5653.48,0.00,18423.46,19479.71
CZ12/RFF&0&cDXGF&New&dxAC_equip/NE-dxAC-PkgAC-18to33-New-SEER-18.1/instance-out.sql,99422.70999999999,5653.48,10284.15,6626.33,0.0,37903.17,0.0,14320.86,3.37,0.0,0.0,0.0,24631.34,0.0,0.0,0.00,10284.15,5653.48,0.00,18423.46,19479.71
CZ12/RFF&0&cDXGF&New&dxAC_equip/NE-dxAC-PkgAC-33to65-New-SEER-13.4/instance-out.sql,99412.07,5654.14,10272.85,6626.33,0.0,37903.17,0.0,14320.86,3.37,0.0,0.0,0.0,24631.34,0.0,0.0,0.00,10272.85,5654.14,0.00,18423.46,19479.71
CZ12/RFF&0&cDXGF&New&dxAC_equip/NE-dxAC-PkgAC-33to65-New-SEER-15.2/instance-out.sql,99080.0,5654.14,9940.77,6626.33,0.0,37903.17,0.0,14320.86,3.37,0.0,0.0,0.0,24631.34,0.0,0.0,0.00,9940.77,5654.14,0.00,18423.46,19479.71
CZ12/RFF&0&cDXGF&New&dxAC_equip/NE-dxAC-PkgAC-33to65-New-SEER-16.2/instance-out.sql,98945.88,5654.14,9806.66,6626.33,0.0,37903.17,0.0,14320.86,3.37,0.0,0.0,0.0,24631.34,0.0,0.0,0.00,9806.66,5654.14,0.00,18423.46,19479.71
CZ12/RFF&0&cDXGF&New&dxAC_equip/NE-dxAC-PkgAC-33to65-New-SEER-17.1/instance-out.sql,98838.66,5654.14,9699.44,6626.33,0.0,37903.17,0.0,14320.86,3.37,0.0,0.0,0.0,24631.34,0.0,0.0,0.00,9699.44,5654.14,0.00,18423.46,19479.71
CZ12/RFF&0&cDXGF&New&dxAC_equip/NE-dxAC-PkgAC-33to65-New-SEER-18.1/instance-out.sql,98736.72,5654.14,9597.5,6626.33,0.0,37903.17,0.0,14320.86,3.37,0.0,0.0,0.0,24631.34,0.0,0.0,0.00,9597.50,5654.14,0.00,18423.46,19479.71
CZ12/RSD&0&cDXGF&New&dxAC_equip/NE-dxAC-PkgAC-18to33-New-SEER-13.4/instance-out.sql,242863.46,33751.48,26784.04,16225.45,0.0,76546.73,0.0,27028.22,11.09,0.0,0.0,0.0,62516.45,0.0,0.0,0.00,26784.04,33751.48,0.00,37475.60,39071.13
CZ12/RSD&0&cDXGF&New&dxAC_equip/NE-dxAC-PkgAC-18to33-New-SEER-15.2/instance-out.sql,242658.97,33751.48,26579.55,16225.45,0.0,76546.73,0.0,27028.22,11.09,0.0,0.0,0.0,62516.45,0.0,0.0,0.00,26579.55,33751.48,0.00,37475.60,39071.13
CZ12/RSD&0&cDXGF&New&dxAC_equip/NE-dxAC-PkgAC-18to33-New-SEER-16.2/instance-out.sql,242576.38,33751.48,26496.96,16225.45,0.0,76546.73,0.0,27028.22,11.09,0.0,0.0,0.0,62516.45,0.0,0.0,0.00,26496.96,33751.48,0.00,37475.60,39071.13
CZ12/RSD&0&cDXGF&New&dxAC_equip/NE-dxAC-PkgAC-18to33-New-SEER-17.1/instance-out.sql,242510.34999999998,33751.48,26430.93,16225.45,0.0,76546.73,0.0,27028.22,11.09,0.0,0.0,0.0,62516.45,0.0,0.0,0.00,26430.93,33751.48,0.00,37475.60,39071.13
CZ12/RSD&0&cDXGF&New&dxAC_equip/NE-dxAC-PkgAC-18to33-New-SEER-18.1/instance-out.sql,242447.58000000002,33751.48,26368.16,16225.45,0.0,76546.73,0.0,27028.22,11.09,0.0,0.0,0.0,62516.45,0.0,0.0,0.00,26368.16,33751.48,0.00,37475.60,39071.13
CZ12/RSD&0&cDXGF&New&dxAC_equip/NE-dxAC-PkgAC-33to65-New-SEER-13.4/instance-out.sql,242469.5,33728.25,26411.45,16225.45,0.0,76546.73,0.0,27030.09,11.08,0.0,0.0,0.0,62516.45,0.0,0.0,0.00,26411.45,33728.25,0.00,37475.60,39071.13
CZ12/RSD&0&cDXGF&New&dxAC_equip/NE-dxAC-PkgAC-33to65-New-SEER-15.2/instance-out.sql,242291.28999999998,33728.25,26233.23,16225.45,0.0,76546.73,0.0,27030.09,11.08,0.0,0.0,0.0,62516.45,0.0,0.0,0.00,26233.23,33728.25,0.00,37475.60,39071.13
CZ12/RSD&0&cDXGF&New&dxAC_equip/NE-dxAC-PkgAC-33to65-New-SEER-16.2/instance-out.sql,242219.31,33728.25,26161.26,16225.45,0.0,76546.73,0.0,27030.09,11.08,0.0,0.0,0.0,62516.45,0.0,0.0,0.00,26161.26,33728.25,0.00,37475.60,39071.13
CZ12/RSD&0&cDXGF&New&dxAC_equip/NE-dxAC-PkgAC-33to65-New-SEER-17.1/instance-out.sql,242161.77,33728.25,26103.72,16225.45,0.0,76546.73,0.0,27030.09,11.08,0.0,0.0,0.0,62516.45,0.0,0.0,0.00,26103.72,33728.25,0.00,37475.60,39071.13
CZ12/RSD&0&cDXGF&New&dxAC_equip/NE-dxAC-PkgAC-33to65-New-SEER-18.1/instance-out.sql,242107.07,33728.25,26049.02,16225.45,0.0,76546.73,0.0,27030.09,11.08,0.0,0.0,0.0,62516.45,0.0,0.0,0.00,26049.02,33728.25,0.00,37475.60,39071.13
CZ12/Rt3&0&cDXGF&New&dxAC_equip/NE-dxAC-PkgAC-18to33-New-SEER-13.4/instance-out.sql,1753968.42,90977.77,260773.34,394371.6,0.0,436362.0,0.0,407807.74,3.38,0.0,0.0,0.0,163672.59,0.0,0.0,0.00,260773.34,90977.77,0.00,436362.00,0.00
CZ12/Rt3&0&cDXGF&New&dxAC_equip/NE-dxAC-PkgAC-18to33-New-SEER-15.2/instance-out.sql,1735982.94,90977.77,242787.86,394371.6,0.0,436362.0,0.0,407807.74,3.38,0.0,0.0,0.0,163672.59,0.0,0.0,0.00,242787.86,90977.77,0.00,436362.00,0.00
CZ12/Rt3&0&cDXGF&New&dxAC_equip/NE-dxAC-PkgAC-18to33-New-SEER-16.2/instance-out.sql,1728719.12,90977.77,235524.04,394371.6,0.0,436362.0,0.0,407807.74,3.38,0.0,0.0,0.0,163672.59,0.0,0.0,0.00,235524.04,90977.77,0.00,436362.00,0.00
CZ12/Rt3&0&cDXGF&New&dxAC_equip/NE-dxAC-PkgAC-18to33-New-SEER-17.1/instance-out.sql,1722911.92,90977.77,229716.84,394371.6,0.0,436362.0,0.0,407807.74,3.38,0.0,0.0,0.0,163672.59,0.0,0.0,0.00,229716.84,90977.77,0.00,436362.00,0.00
CZ12/Rt3&0&cDXGF&New&dxAC_equip/NE-dxAC-PkgAC-18to33-New-SEER-18.1/instance-out.sql,1717391.17,90977.77,224196.09,394371.6,0.0,436362.0,0.0,407807.74,3.38,0.0,0.0,0.0,163672.59,0.0,0.0,0.00,224196.09,90977.77,0.00,436362.00,0.00
CZ12/Rt3&0&cDXGF&New&dxAC_equip/NE-dxAC-PkgAC-33to65-New-SEER-13.4/instance-out.sql,1715139.1099999999,90982.63,221939.45,394371.6,0.0,436362.0,0.0,407807.46,3.38,0.0,0.0,0.0,163672.59,0.0,0.0,0.00,221939.45,90982.63,0.00,436362.00,0.00
CZ12/Rt3&0&cDXGF&New&dxAC_equip/NE-dxAC-PkgAC-33to65-New-SEER-15.2/instance-out.sql,1699893.73,90982.63,206694.07,394371.6,0.0,436362.0,0.0,407807.46,3.38,0.0,0.0,0.0,163672.59,0.0,0.0,0.00,206694.07,90982.63,0.00,436362.00,0.00
CZ12/Rt3&0&cDXGF&New&dxAC_equip/NE-dxAC-PkgAC-33to65-New-SEER-16.2/instance-out.sql,1693736.56,90982.63,200536.9,394371.6,0.0,436362.0,0.0,407807.46,3.38,0.0,0.0,0.0,163672.59,0.0,0.0,0.00,200536.90,90982.63,0.00,436362.00,0.00
CZ12/Rt3&0&cDXGF&New&dxAC_equip/NE-dxAC-PkgAC-33to65-New-SEER-17.1/instance-out.sql,1688814.0899999999,90982.63,195614.43,394371.6,0.0,436362.0,0.0,407807.46,3.38,0.0,0.0,0.0,163672.59,0.0,0.0,0.00,195614.43,90982.63,0.00,436362.00,0.00
CZ12/Rt3&0&cDXGF&New&dxAC_equip/NE-dxAC-PkgAC-33to65-New-SEER-18.1/instance-out.sql,1684134.43,90982.63,190934.78,394371.6,0.0,436362.0,0.0,407807.46,3.38,0.0,0.0,0.0,163672.59,0.0,0.0,0.00,190934.78,90982.63,0.00,436362.00,0.00
CZ12/RtL&0&cDXGF&New&dxAC_equip/NE-dxAC-PkgAC-18to33-New-SEER-13.4/instance-out.sql,1746471.35,73013.4,267918.79,395231.18,0.0,509200.67,0.0,380553.49,3.39,0.0,0.0,0.0,120550.44,0.0,0.0,0.00,267918.79,73013.40,0.00,468847.72,40352.95
CZ12/RtL&0&cDXGF&New&dxAC_equip/NE-dxAC-PkgAC-18to33-New-SEER-15.2/instance-out.sql,1728397.85,73013.4,249845.29,395231.18,0.0,509200.67,0.0,380553.49,3.39,0.0,0.0,0.0,120550.44,0.0,0.0,0.00,249845.29,73013.40,0.00,468847.72,40352.95
CZ12/RtL&0&cDXGF&New&dxAC_equip/NE-dxAC-PkgAC-18to33-New-SEER-16.2/instance-out.sql,1721098.48,73013.4,242545.92,395231.18,0.0,509200.67,0.0,380553.49,3.39,0.0,0.0,0.0,120550.44,0.0,0.0,0.00,242545.92,73013.40,0.00,468847.72,40352.95
CZ12/RtL&0&cDXGF&New&dxAC_equip/NE-dxAC-PkgAC-18to33-New-SEER-17.1/instance-out.sql,1715262.86,73013.4,236710.3,395231.18,0.0,509200.67,0.0,380553.49,3.39,0.0,0.0,0.0,120550.44,0.0,0.0,0.00,236710.30,73013.40,0.00,468847.72,40352.95
CZ12/RtL&0&cDXGF&New&dxAC_equip/NE-dxAC-PkgAC-18to33-New-SEER-18.1/instance-out.sql,1709715.1,73013.4,231162.54,395231.18,0.0,509200.67,0.0,380553.49,3.39,0.0,0.0,0.0,120550.44,0.0,0.0,0.00,231162.54,73013.40,0.00,468847.72,40352.95
CZ12/RtL&0&cDXGF&New&dxAC_equip/NE-dxAC-PkgAC-33to65-New-SEER-13.4/instance-out.sql,1706831.78,73019.35,228273.26,395231.18,0.0,509200.67,0.0,380553.49,3.39,0.0,0.0,0.0,120550.44,0.0,0.0,0.00,228273.26,73019.35,0.00,468847.72,40352.95
CZ12/RtL&0&cDXGF&New&dxAC_equip/NE-dxAC-PkgAC-33to65-New-SEER-15.2/instance-out.sql,1691555.64,73019.35,212997.12,395231.18,0.0,509200.67,0.0,380553.49,3.39,0.0,0.0,0.0,120550.44,0.0,0.0,0.00,212997.12,73019.35,0.00,468847.72,40352.95
CZ12/RtL&0&cDXGF&New&dxAC_equip/NE-dxAC-PkgAC-33to65-New-SEER-16.2/instance-out.sql,1685386.05,73019.35,206827.53,395231.18,0.0,509200.67,0.0,380553.49,3.39,0.0,0.0,0.0,120550.44,0.0,0.0,0.00,206827.53,73019.35,0.00,468847.72,40352.95
CZ12/RtL&0&cDXGF&New&dxAC_equip/NE-dxAC-PkgAC-33to65-New-SEER-17.1/instance-out.sql,1680453.65,73019.35,201895.13,395231.18,0.0,509200.67,0.0,380553.49,3.39,0.0,0.0,0.0,120550.44,0.0,0.0,0.00,201895.13,73019.35,0.00,468847.72,40352.95
CZ12/RtL&0&cDXGF&New&dxAC_equip/NE-dxAC-PkgAC-33to65-New-SEER-18.1/instance-out.sql,1675764.56,73019.35,197206.04,395231.18,0.0,509200.67,0.0,380553.49,3.39,0.0,0.0,0.0,120550.44,0.0,0.0,0.00,197206.04,73019.35,0.00,468847.72,40352.95
CZ12/RtS&0&cDXGF&New&dxAC_equip/NE-dxAC-PkgAC-18to33-New-SEER-13.4/instance-out.sql,118372.61,13391.74,16639.19,23251.32,0.0,24440.79,0.0,25483.74,3.36,0.0,0.0,0.0,15162.46,0.0,0.0,0.00,16639.19,13391.74,0.00,24440.79,0.00
CZ12/RtS&0&cDXGF&New&dxAC_equip/NE-dxAC-PkgAC-18to33-New-SEER-15.2/instance-out.sql,117201.56,13391.74,15468.15,23251.32,0.0,24440.79,0.0,25483.74,3.36,0.0,0.0,0.0,15162.46,0.0,0.0,0.00,15468.15,13391.74,0.00,24440.79,0.00
CZ12/RtS&0&cDXGF&New&dxAC_equip/NE-dxAC-PkgAC-18to33-New-SEER-16.2/instance-out.sql,116728.61,13391.74,14995.19,23251.32,0.0,24440.79,0.0,25483.74,3.36,0.0,0.0,0.0,15162.46,0.0,0.0,0.00,14995.19,13391.74,0.00,24440.79,0.00
CZ12/RtS&0&cDXGF&New&dxAC_equip/NE-dxAC-PkgAC-18to33-New-SEER-17.1/instance-out.sql,116350.5,13391.74,14617.08,23251.32,0.0,24440.79,0.0,25483.74,3.36,0.0,0.0,0.0,15162.46,0.0,0.0,0.00,14617.08,13391.74,0.00,24440.79,0.00
CZ12/RtS&0&cDXGF&New&dxAC_equip/NE-dxAC-PkgAC-18to33-New-SEER-18.1/instance-out.sql,115991.04,13391.74,14257.62,23251.32,0.0,24440.79,0.0,25483.74,3.36,0.0,0.0,0.0,15162.46,0.0,0.0,0.00,14257.62,13391.74,0.00,24440.79,0.00
CZ12/RtS&0&cDXGF&New&dxAC_equip/NE-dxAC-PkgAC-33to65-New-SEER-13.4/instance-out.sql,116373.56,13392.01,14639.87,23251.32,0.0,24440.79,0.0,25483.74,3.36,0.0,0.0,0.0,15162.46,0.0,0.0,0.00,14639.87,13392.01,0.00,24440.79,0.00
CZ12/RtS&0&cDXGF&New&dxAC_equip/NE-dxAC-PkgAC-33to65-New-SEER-15.2/instance-out.sql,115343.58,13392.01,13609.89,23251.32,0.0,24440.79,0.0,25483.74,3.36,0.0,0.0,0.0,15162.46,0.0,0.0,0.00,13609.89,13392.01,0.00,24440.79,0.00
CZ12/RtS&0&cDXGF&New&dxAC_equip/NE-dxAC-PkgAC-33to65-New-SEER-16.2/instance-out.sql,114927.6,13392.01,13193.91,23251.32,0.0,24440.79,0.0,25483.74,3.36,0.0,0.0,0.0,15162.46,0.0,0.0,0.00,13193.91,13392.01,0.00,24440.79,0.00
CZ12/RtS&0&cDXGF&New&dxAC_equip/NE-dxAC-PkgAC-33to65-New-SEER-17.1/instance-out.sql,114595.04000000001,13392.01,12861.35,23251.32,0.0,24440.79,0.0,25483.74,3.36,0.0,0.0,0.0,15162.46,0.0,0.0,0.00,12861.35,13392.01,0.00,24440.79,0.00
CZ12/RtS&0&cDXGF&New&dxAC_equip/NE-dxAC-PkgAC-33to65-New-SEER-18.1/instance-out.sql,114278.88,13392.01,12545.2,23251.32,0.0,24440.79,0.0,25483.74,3.36,0.0,0.0,0.0,15162.46,0.0,0.0,0.00,12545.20,13392.01,0.00,24440.79,0.00
CZ12/SCn&0&cDXGF&New&dxAC_equip/NE-dxAC-PkgAC-18to33-New-SEER-13.4/instance-out.sql,3207662.17,759944.82,413956.52,571539.04,0.0,449066.39,0.0,932430.52,3.36,0.0,0.0,0.0,80721.53,0.0,0.0,0.00,413956.52,759944.82,0.00,449066.39,0.00
CZ12/SCn&0&cDXGF&New&dxAC_equip/NE-dxAC-PkgAC-18to33-New-SEER-15.2/instance-out.sql,3178456.5700000003,759944.82,384750.92,571539.04,0.0,449066.39,0.0,932430.52,3.36,0.0,0.0,0.0,80721.53,0.0,0.0,0.00,384750.92,759944.82,0.00,449066.39,0.00
CZ12/SCn&0&cDXGF&New&dxAC_equip/NE-dxAC-PkgAC-18to33-New-SEER-16.2/instance-out.sql,3166661.2600000002,759944.82,372955.61,571539.04,0.0,449066.39,0.0,932430.52,3.36,0.0,0.0,0.0,80721.53,0.0,0.0,0.00,372955.61,759944.82,0.00,449066.39,0.00
CZ12/SCn&0&cDXGF&New&dxAC_equip/NE-dxAC-PkgAC-18to33-New-SEER-17.1/instance-out.sql,3157231.2800000003,759944.82,363525.63,571539.04,0.0,449066.39,0.0,932430.52,3.36,0.0,0.0,0.0,80721.53,0.0,0.0,0.00,363525.63,759944.82,0.00,449066.39,0.00
CZ12/SCn&0&cDXGF&New&dxAC_equip/NE-dxAC-PkgAC-18to33-New-SEER-18.1/instance-out.sql,3148266.45,759944.82,354560.8,571539.04,0.0,449066.39,0.0,932430.52,3.36,0.0,0.0,0.0,80721.53,0.0,0.0,0.00,354560.80,759944.82,0.00,449066.39,0.00
CZ12/SCn&0&cDXGF&New&dxAC_equip/NE-dxAC-PkgAC-33to65-New-SEER-13.4/instance-out.sql,3179241.4,759944.84,385535.73,571539.04,0.0,449066.39,0.0,932430.52,3.36,0.0,0.0,0.0,80721.53,0.0,0.0,0.00,385535.73,759944.84,0.00,449066.39,0.00
CZ12/SCn&0&cDXGF&New&dxAC_equip/NE-dxAC-PkgAC-33to65-New-SEER-15.2/instance-out.sql,3152041.16,759944.84,358335.49,571539.04,0.0,449066.39,0.0,932430.52,3.36,0.0,0.0,0.0,80721.53,0.0,0.0,0.00,358335.49,759944.84,0.00,449066.39,0.00
CZ12/SCn&0&cDXGF&New&dxAC_equip/NE-dxAC-PkgAC-33to65-New-SEER-16.2/instance-out.sql,3141055.7600000002,759944.84,347350.09,571539.04,0.0,449066.39,0.0,932430.52,3.36,0.0,0.0,0.0,80721.53,0.0,0.0,0.00,347350.09,759944.84,0.00,449066.39,0.00
CZ12/SCn&0&cDXGF&New&dxAC_equip/NE-dxAC-PkgAC-33to65-New-SEER-17.1/instance-out.sql,3132273.27,759944.84,338567.6,571539.04,0.0,449066.39,0.0,932430.52,3.36,0.0,0.0,0.0,80721.53,0.0,0.0,0.00,338567.60,759944.84,0.00,449066.39,0.00
CZ12/SCn&0&cDXGF&New&dxAC_equip/NE-dxAC-PkgAC-33to65-New-SEER-18.1/instance-out.sql,3123924.0,759944.84,330218.33,571539.04,0.0,449066.39,0.0,932430.52,3.36,0.0,0.0,0.0,80721.53,0.0,0.0,0.00,330218.33,759944.84,0.00,449066.39,0.00

File Name,Electricity (kWh),Natural Gas (kWh)
CZ11/Asm&0&cDXGF&New&dxAC_equip/NE-dxAC-PkgAC-18to33-New-SEER-13.4/instance-out.sql,588671.54,242572.92
CZ11/Asm&0&cDXGF&New&dxAC_equip/NE-dxAC-PkgAC-18to33-New-SEER-15.2/instance-out.sql,576402.69,242572.92
CZ11/Asm&0&cDXGF&New&dxAC_equip/NE-dxAC-PkgAC-18to33-New-SEER-16.2/instance-out.sql,571447.65,242572.92
CZ11/Asm&0&cDXGF&New&dxAC_equip/NE-dxAC-PkgAC-18to33-New-SEER-17.1/instance-out.sql,567486.25,242572.92
CZ11/Asm&0&cDXGF&New&dxAC_equip/NE-dxAC-PkgAC-18to33-New-SEER-18.1/instance-out.sql,563720.26,242572.92
CZ11/Asm&0&cDXGF&New&dxAC_equip/NE-dxAC-PkgAC-33to65-New-SEER-13.4/instance-out.sql,582348.38,242576.54
CZ11/Asm&0&cDXGF&New&dxAC_equip/NE-dxAC-PkgAC-33to65-New-SEER-15.2/instance-out.sql,570525.69,242576.54
CZ11/Asm&0&cDXGF&New&dxAC_equip/NE-dxAC-PkgAC-33to65-New-SEER-16.2/instance-out.sql,565750.84,242576.54
CZ11/Asm&0&cDXGF&New&dxAC_equip/NE-dxAC-PkgAC-33to65-New-SEER-17.1/instance-out.sql,561933.50,242576.54
CZ11/Asm&0&cDXGF&New&dxAC_equip/NE-dxAC-PkgAC-33to65-New-SEER-18.1/instance-out.sql,558304.45,242576.54
CZ11/ECC&0&cDXGF&New&dxAC_equip/NE-dxAC-PkgAC-18to33-New-SEER-13.4/instance-out.sql,1968358.59,573352.42
CZ11/ECC&0&cDXGF&New&dxAC_equip/NE-dxAC-PkgAC-18to33-New-SEER-15.2/instance-out.sql,1946614.06,573352.42
CZ11/ECC&0&cDXGF&New&dxAC_equip/NE-dxAC-PkgAC-18to33-New-SEER-16.2/instance-out.sql,1937832.07,573352.42
CZ11/ECC&0&cDXGF&New&dxAC_equip/NE-dxAC-PkgAC-18to33-New-SEER-17.1/instance-out.sql,1930811.14,573352.42
CZ11/ECC&0&cDXGF&New&dxAC_equip/NE-dxAC-PkgAC-18to33-New-SEER-18.1/instance-out.sql,1924136.53,573352.42
CZ11/ECC&0&cDXGF&New&dxAC_equip/NE-dxAC-PkgAC-33to65-New-SEER-13.4/instance-out.sql,1926763.24,573362.17
CZ11/ECC&0&cDXGF&New&dxAC_equip/NE-dxAC-PkgAC-33to65-New-SEER-15.2/instance-out.sql,1907953.60,573362.17
CZ11/ECC&0&cDXGF&New&dxAC_equip/NE-dxAC-PkgAC-33to65-New-SEER-16.2/instance-out.sql,1900356.93,573362.17
CZ11/ECC&0&cDXGF&New&dxAC_equip/NE-dxAC-PkgAC-33to65-New-SEER-17.1/instance-out.sql,1894283.62,573362.17
CZ11/ECC&0&cDXGF&New&dxAC_equip/NE-dxAC-PkgAC-33to65-New-SEER-18.1/instance-out.sql,1888509.89,573362.17
CZ11/EPr&0&cDXGF&New&dxAC_equip/NE-dxAC-PkgAC-18to33-New-SEER-13.4/instance-out.sql,237181.85,153924.60
CZ11/EPr&0&cDXGF&New&dxAC_equip/NE-dxAC-PkgAC-18to33-New-SEER-15.2/instance-out.sql,233853.36,153924.60
CZ11/EPr&0&cDXGF&New&dxAC_equip/NE-dxAC-PkgAC-18to33-New-SEER-16.2/instance-out.sql,232509.08,153924.60
CZ11/EPr&0&cDXGF&New&dxAC_equip/NE-dxAC-PkgAC-18to33-New-SEER-17.1/instance-out.sql,231434.37,153924.60
CZ11/EPr&0&cDXGF&New&dxAC_equip/NE-dxAC-PkgAC-18to33-New-SEER-18.1/instance-out.sql,230412.67,153924.60
CZ11/EPr&0&cDXGF&New&dxAC_equip/NE-dxAC-PkgAC-33to65-New-SEER-13.4/instance-out.sql,234281.60,153926.60
CZ11/EPr&0&cDXGF&New&dxAC_equip/NE-dxAC-PkgAC-33to65-New-SEER-15.2/instance-out.sql,231157.74,153926.60
CZ11/EPr&0&cDXGF&New&dxAC_equip/NE-dxAC-PkgAC-33to65-New-SEER-16.2/instance-out.sql,229896.10,153926.60
CZ11/EPr&0&cDXGF&New&dxAC_equip/NE-dxAC-PkgAC-33to65-New-SEER-17.1/instance-out.sql,228887.46,153926.60
CZ11/EPr&0&cDXGF&New&dxAC_equip/NE-dxAC-PkgAC-33to65-New-SEER-18.1/instance-out.sql,227928.57,153926.60
CZ11/ERC&0&cDXGF&New&dxAC_equip/NE-dxAC-PkgAC-18to33-New-SEER-13.4/instance-out.sql,8710.48,10951.36
CZ11/ERC&0&cDXGF&New&dxAC_equip/NE-dxAC-PkgAC-18to33-New-SEER-15.2/instance-out.sql,8558.81,10951.36
CZ11/ERC&0&cDXGF&New&dxAC_equip/NE-dxAC-PkgAC-18to33-New-SEER-16.2/instance-out.sql,8497.56,10951.36
CZ11/ERC&0&cDXGF&New&dxAC_equip/NE-dxAC-PkgAC-18to33-New-SEER-17.1/instance-out.sql,8448.59,10951.36
CZ11/ERC&0&cDXGF&New&dxAC_equip/NE-dxAC-PkgAC-18to33-New-SEER-18.1/instance-out.sql,8402.03,10951.36
CZ11/ERC&0&cDXGF&New&dxAC_equip/NE-dxAC-PkgAC-33to65-New-SEER-13.4/instance-out.sql,8551.95,10951.40
CZ11/ERC&0&cDXGF&New&dxAC_equip/NE-dxAC-PkgAC-33to65-New-SEER-15.2/instance-out.sql,8411.47,10951.40
CZ11/ERC&0&cDXGF&New&dxAC_equip/NE-dxAC-PkgAC-33to65-New-SEER-16.2/instance-out.sql,8354.74,10951.40
CZ11/ERC&0&cDXGF&New&dxAC_equip/NE-dxAC-PkgAC-33to65-New-SEER-17.1/instance-out.sql,8309.38,10951.40
CZ11/ERC&0&cDXGF&New&dxAC_equip/NE-dxAC-PkgAC-33to65-New-SEER-18.1/instance-out.sql,8266.26,10951.40
CZ11/ESe&0&cDXGF&New&dxAC_equip/NE-dxAC-PkgAC-18to33-New-SEER-13.4/instance-out.sql,706126.26,416173.31
CZ11/ESe&0&cDXGF&New&dxAC_equip/NE-dxAC-PkgAC-18to33-New-SEER-15.2/instance-out.sql,702432.48,416173.31
CZ11/ESe&0&cDXGF&New&dxAC_equip/NE-dxAC-PkgAC-18to33-New-SEER-16.2/instance-out.sql,700940.67,416173.31
CZ11/ESe&0&cDXGF&New&dxAC_equip/NE-dxAC-PkgAC-18to33-New-SEER-17.1/instance-out.sql,699748.01,416173.31
CZ11/ESe&0&cDXGF&New&dxAC_equip/NE-dxAC-PkgAC-18to33-New-SEER-18.1/instance-out.sql,698614.19,416173.31
CZ11/ESe&0&cDXGF&New&dxAC_equip/NE-dxAC-PkgAC-33to65-New-SEER-13.4/instance-out.sql,700742.72,416179.46
CZ11/ESe&0&cDXGF&New&dxAC_equip/NE-dxAC-PkgAC-33to65-New-SEER-15.2/instance-out.sql,697428.76,416179.46
CZ11/ESe&0&cDXGF&New&dxAC_equip/NE-dxAC-PkgAC-33to65-New-SEER-16.2/instance-out.sql,696090.35,416179.46
CZ11/ESe&0&cDXGF&New&dxAC_equip/NE-dxAC-PkgAC-33to65-New-SEER-17.1/instance-out.sql,695020.33,416179.46
CZ11/ESe&0&cDXGF&New&dxAC_equip/NE-dxAC-PkgAC-33to65-New-SEER-18.1/instance-out.sql,694003.09,416179.46
CZ11/EUn&0&cDXGF&New&dxAC_equip/NE-dxAC-PkgAC-18to33-New-SEER-13.4/instance-out.sql,6902215.71,1062794.70
CZ11/EUn&0&cDXGF&New&dxAC_equip/NE-dxAC-PkgAC-18to33-New-SEER-15.2/instance-out.sql,6840820.74,1062794.70
CZ11/EUn&0&cDXGF&New&dxAC_equip/NE-dxAC-PkgAC-18to33-New-SEER-16.2/instance-out.sql,6816025.08,1062794.70
CZ11/EUn&0&cDXGF&New&dxAC_equip/NE-dxAC-PkgAC-18to33-New-SEER-17.1/instance-out.sql,6796201.71,1062794.70
CZ11/EUn&0&cDXGF&New&dxAC_equip/NE-dxAC-PkgAC-18to33-New-SEER-18.1/instance-out.sql,6777356.17,1062794.70
CZ11/EUn&0&cDXGF&New&dxAC_equip/NE-dxAC-PkgAC-33to65-New-SEER-13.4/instance-out.sql,6748670.25,1062860.38
CZ11/EUn&0&cDXGF&New&dxAC_equip/NE-dxAC-PkgAC-33to65-New-SEER-15.2/instance-out.sql,6698109.13,1062860.38
CZ11/EUn&0&cDXGF&New&dxAC_equip/NE-dxAC-PkgAC-33to65-New-SEER-16.2/instance-out.sql,6677688.96,1062860.38
CZ11/EUn&0&cDXGF&New&dxAC_equip/NE-dxAC-PkgAC-33to65-New-SEER-17.1/instance-out.sql,6661363.65,1062860.38
CZ11/EUn&0&cDXGF&New&dxAC_equip/NE-dxAC-PkgAC-33to65-New-SEER-18.1/instance-out.sql,6645843.62,1062860.38
CZ11/Gro&0&cDXGF&New&dxAC_equip/NE-dxAC-PkgAC-18to33-New-SEER-13.4/instance-out.sql,1644410.60,212089.30
CZ11/Gro&0&cDXGF&New&dxAC_equip/NE-dxAC-PkgAC-18to33-New-SEER-15.2/instance-out.sql,1639933.34,212089.30
CZ11/Gro&0&cDXGF&New&dxAC_equip/NE-dxAC-PkgAC-18to33-New-SEER-16.2/instance-out.sql,1638125.11,212089.30
CZ11/Gro&0&cDXGF&New&dxAC_equip/NE-dxAC-PkgAC-18to33-New-SEER-17.1/instance-out.sql,1636679.48,212089.30
CZ11/Gro&0&cDXGF&New&dxAC_equip/NE-dxAC-PkgAC-18to33-New-SEER-18.1/instance-out.sql,1635305.16,212089.30
CZ11/Gro&0&cDXGF&New&dxAC_equip/NE-dxAC-PkgAC-33to65-New-SEER-13.4/instance-out.sql,1642452.76,212083.68
CZ11/Gro&0&cDXGF&New&dxAC_equip/NE-dxAC-PkgAC-33to65-New-SEER-15.2/instance-out.sql,1638154.14,212083.68
CZ11/Gro&0&cDXGF&New&dxAC_equip/NE-dxAC-PkgAC-33to65-New-SEER-16.2/instance-out.sql,1636418.05,212083.68
CZ11/Gro&0&cDXGF&New&dxAC_equip/NE-dxAC-PkgAC-33to65-New-SEER-17.1/instance-out.sql,1635030.10,212083.68
CZ11/Gro&0&cDXGF&New&dxAC_equip/NE-dxAC-PkgAC-33to65-New-SEER-18.1/instance-out.sql,1633710.61,212083.68
CZ11/Hsp&0&cDXGF&New&dxAC_equip/NE-dxAC-PkgAC-18to33-New-SEER-13.4/instance-out.sql,3187026.66,500067.19
CZ11/Hsp&0&cDXGF&New&dxAC_equip/NE-dxAC-PkgAC-18to33-New-SEER-15.2/instance-out.sql,3176219.24,500067.19
CZ11/Hsp&0&cDXGF&New&dxAC_equip/NE-dxAC-PkgAC-18to33-New-SEER-16.2/instance-out.sql,3171854.43,500067.19
CZ11/Hsp&0&cDXGF&New&dxAC_equip/NE-dxAC-PkgAC-18to33-New-SEER-17.1/instance-out.sql,3168364.90,500067.19
CZ11/Hsp&0&cDXGF&New&dxAC_equip/NE-dxAC-PkgAC-18to33-New-SEER-18.1/instance-out.sql,3165047.49,500067.19
CZ11/Hsp&0&cDXGF&New&dxAC_equip/NE-dxAC-PkgAC-33to65-New-SEER-13.4/instance-out.sql,3154118.11,500047.59
CZ11/Hsp&0&cDXGF&New&dxAC_equip/NE-dxAC-PkgAC-33to65-New-SEER-15.2/instance-out.sql,3145631.51,500047.59
CZ11/Hsp&0&cDXGF&New&dxAC_equip/NE-dxAC-PkgAC-33to65-New-SEER-16.2/instance-out.sql,3142204.02,500047.59
CZ11/Hsp&0&cDXGF&New&dxAC_equip/NE-dxAC-PkgAC-33to65-New-SEER-17.1/instance-out.sql,3139463.84,500047.59
CZ11/Hsp&0&cDXGF&New&dxAC_equip/NE-dxAC-PkgAC-33to65-New-SEER-18.1/instance-out.sql,3136858.83,500047.59
CZ11/MBT&0&cDXGF&New&dxAC_equip/NE-dxAC-PkgAC-18to33-New-SEER-13.4/instance-out.sql,3440216.70,3205708.04
CZ11/MBT&0&cDXGF&New&dxAC_equip/NE-dxAC-PkgAC-18to33-New-SEER-15.2/instance-out.sql,3428093.45,3205708.04
CZ11/MBT&0&cDXGF&New&dxAC_equip/NE-dxAC-PkgAC-18to33-New-SEER-16.2/instance-out.sql,3423197.21,3205708.04
CZ11/MBT&0&cDXGF&New&dxAC_equip/NE-dxAC-PkgAC-18to33-New-SEER-17.1/instance-out.sql,3419282.82,3205708.04
CZ11/MBT&0&cDXGF&New&dxAC_equip/NE-dxAC-PkgAC-18to33-New-SEER-18.1/instance-out.sql,3415561.52,3205708.04
CZ11/MBT&0&cDXGF&New&dxAC_equip/NE-dxAC-PkgAC-33to65-New-SEER-13.4/instance-out.sql,3416110.36,3205718.66
CZ11/MBT&0&cDXGF&New&dxAC_equip/NE-dxAC-PkgAC-33to65-New-SEER-15.2/instance-out.sql,3405687.91,3205718.66
CZ11/MBT&0&cDXGF&New&dxAC_equip/NE-dxAC-PkgAC-33to65-New-SEER-16.2/instance-out.sql,3401478.58,3205718.66
CZ11/MBT&0&cDXGF&New&dxAC_equip/NE-dxAC-PkgAC-33to65-New-SEER-17.1/instance-out.sql,3398113.35,3205718.66
CZ11/MBT&0&cDXGF&New&dxAC_equip/NE-dxAC-PkgAC-33to65-New-SEER-18.1/instance-out.sql,3394914.11,3205718.66
CZ11/MLI&0&cDXGF&New&dxAC_equip/NE-dxAC-PkgAC-18to33-New-SEER-13.4/instance-out.sql,828722.59,159139.35
CZ11/MLI&0&cDXGF&New&dxAC_equip/NE-dxAC-PkgAC-18to33-New-SEER-15.2/instance-out.sql,817606.03,159139.35
CZ11/MLI&0&cDXGF&New&dxAC_equip/NE-dxAC-PkgAC-18to33-New-SEER-16.2/instance-out.sql,813116.38,159139.35
CZ11/MLI&0&cDXGF&New&dxAC_equip/NE-dxAC-PkgAC-18to33-New-SEER-17.1/instance-out.sql,809527.03,159139.35
CZ11/MLI&0&cDXGF&New&dxAC_equip/NE-dxAC-PkgAC-18to33-New-SEER-18.1/instance-out.sql,806114.74,159139.35
CZ11/MLI&0&cDXGF&New&dxAC_equip/NE-dxAC-PkgAC-33to65-New-SEER-13.4/instance-out.sql,809989.33,159141.82
CZ11/MLI&0&cDXGF&New&dxAC_equip/NE-dxAC-PkgAC-33to65-New-SEER-15.2/instance-out.sql,800194.58,159141.82
CZ11/MLI&0&cDXGF&New&dxAC_equip/NE-dxAC-PkgAC-33to65-New-SEER-16.2/instance-out.sql,796238.77,159141.82
CZ11/MLI&0&cDXGF&New&dxAC_equip/NE-dxAC-PkgAC-33to65-New-SEER-17.1/instance-out.sql,793076.21,159141.82
CZ11/MLI&0&cDXGF&New&dxAC_equip/NE-dxAC-PkgAC-33to65-New-SEER-18.1/instance-out.sql,790069.66,159141.82
CZ11/Mtl&0&cDXGF&New&dxAC_equip/NE-dxAC-PkgAC-18to33-New-SEER-13.4/instance-out.sql,165182.47,31923.40
CZ11/Mtl&0&cDXGF&New&dxAC_equip/NE-dxAC-PkgAC-18to33-New-SEER-15.2/instance-out.sql,162344.45,31923.40
CZ11/Mtl&0&cDXGF&New&dxAC_equip/NE-dxAC-PkgAC-18to33-New-SEER-16.2/instance-out.sql,161198.25,31923.40
CZ11/Mtl&0&cDXGF&New&dxAC_equip/NE-dxAC-PkgAC-18to33-New-SEER-17.1/instance-out.sql,160281.91,31923.40
CZ11/Mtl&0&cDXGF&New&dxAC_equip/NE-dxAC-PkgAC-18to33-New-SEER-18.1/instance-out.sql,159410.76,31923.40
CZ11/Mtl&0&cDXGF&New&dxAC_equip/NE-dxAC-PkgAC-33to65-New-SEER-13.4/instance-out.sql,159856.14,31924.19
CZ11/Mtl&0&cDXGF&New&dxAC_equip/NE-dxAC-PkgAC-33to65-New-SEER-15.2/instance-out.sql,157393.93,31924.19
CZ11/Mtl&0&cDXGF&New&dxAC_equip/NE-dxAC-PkgAC-33to65-New-SEER-16.2/instance-out.sql,156399.51,31924.19
CZ11/Mtl&0&cDXGF&New&dxAC_equip/NE-dxAC-PkgAC-33to65-New-SEER-17.1/instance-out.sql,155604.51,31924.19
CZ11/Mtl&0&cDXGF&New&dxAC_equip/NE-dxAC-PkgAC-33to65-New-SEER-18.1/instance-out.sql,154848.72,31924.19
CZ11/Nrs&0&cDXGF&New&dxAC_equip/NE-dxAC-PkgAC-18to33-New-SEER-13.4/instance-out.sql,644158.28,233908.44
CZ11/Nrs&0&cDXGF&New&dxAC_equip/NE-dxAC-PkgAC-18to33-New-SEER-15.2/instance-out.sql,640229.66,233908.44
CZ11/Nrs&0&cDXGF&New&dxAC_equip/NE-dxAC-PkgAC-18to33-New-SEER-16.2/instance-out.sql,638643.00,233908.44
CZ11/Nrs&0&cDXGF&New&dxAC_equip/NE-dxAC-PkgAC-18to33-New-SEER-17.1/instance-out.sql,637374.52,233908.44
CZ11/Nrs&0&cDXGF&New&dxAC_equip/NE-dxAC-PkgAC-18to33-New-SEER-18.1/instance-out.sql,636168.61,233908.44
CZ11/Nrs&0&cDXGF&New&dxAC_equip/NE-dxAC-PkgAC-33to65-New-SEER-13.4/instance-out.sql,635810.22,233775.30
CZ11/Nrs&0&cDXGF&New&dxAC_equip/NE-dxAC-PkgAC-33to65-New-SEER-15.2/instance-out.sql,632462.51,233775.30
CZ11/Nrs&0&cDXGF&New&dxAC_equip/NE-dxAC-PkgAC-33to65-New-SEER-16.2/instance-out.sql,631110.47,233775.30
CZ11/Nrs&0&cDXGF&New&dxAC_equip/NE-dxAC-PkgAC-33to65-New-SEER-17.1/instance-out.sql,630029.56,233775.30
CZ11/Nrs&0&cDXGF&New&dxAC_equip/NE-dxAC-PkgAC-33to65-New-SEER-18.1/instance-out.sql,629001.96,233775.30
CZ11/OfL&0&cDXGF&New&dxAC_equip/NE-dxAC-PkgAC-18to33-New-SEER-13.4/instance-out.sql,2136068.85,174978.11
CZ11/OfL&0&cDXGF&New&dxAC_equip/NE-dxAC-PkgAC-18to33-New-SEER-15.2/instance-out.sql,2111039.87,174978.11
CZ11/OfL&0&cDXGF&New&dxAC_equip/NE-dxAC-PkgAC-18to33-New-SEER-16.2/instance-out.sql,2100931.39,174978.11
CZ11/OfL&0&cDXGF&New&dxAC_equip/NE-dxAC-PkgAC-18to33-New-SEER-17.1/instance-out.sql,2092849.97,174978.11
CZ11/OfL&0&cDXGF&New&dxAC_equip/NE-dxAC-PkgAC-18to33-New-SEER-18.1/instance-out.sql,2085167.18,174978.11
CZ11/OfL&0&cDXGF&New&dxAC_equip/NE-dxAC-PkgAC-33to65-New-SEER-13.4/instance-out.sql,2053850.21,174997.78
CZ11/OfL&0&cDXGF&New&dxAC_equip/NE-dxAC-PkgAC-33to65-New-SEER-15.2/instance-out.sql,2034622.58,174997.78
CZ11/OfL&0&cDXGF&New&dxAC_equip/NE-dxAC-PkgAC-33to65-New-SEER-16.2/instance-out.sql,2026857.09,174997.78
CZ11/OfL&0&cDXGF&New&dxAC_equip/NE-dxAC-PkgAC-33to65-New-SEER-17.1/instance-out.sql,2020648.83,174997.78
CZ11/OfL&0&cDXGF&New&dxAC_equip/NE-dxAC-PkgAC-33to65-New-SEER-18.1/instance-out.sql,2014746.79,174997.78
CZ11/OfS&0&cDXGF&New&dxAC_equip/NE-dxAC-PkgAC-18to33-New-SEER-13.4/instance-out.sql,97726.25,29134.37
CZ11/OfS&0&cDXGF&New&dxAC_equip/NE-dxAC-PkgAC-18to33-New-SEER-15.2/instance-out.sql,96220.31,29134.37
CZ11/OfS&0&cDXGF&New&dxAC_equip/NE-dxAC-PkgAC-18to33-New-SEER-16.2/instance-out.sql,95612.10,29134.37
CZ11/OfS&0&cDXGF&New&dxAC_equip/NE-dxAC-PkgAC-18to33-New-SEER-17.1/instance-out.sql,95125.86,29134.37
CZ11/OfS&0&cDXGF&New&dxAC_equip/NE-dxAC-PkgAC-18to33-New-SEER-18.1/instance-out.sql,94663.60,29134.37
CZ11/OfS&0&cDXGF&New&dxAC_equip/NE-dxAC-PkgAC-33to65-New-SEER-13.4/instance-out.sql,94150.10,29135.71
CZ11/OfS&0&cDXGF&New&dxAC_equip/NE-dxAC-PkgAC-33to65-New-SEER-15.2/instance-out.sql,92896.49,29135.71
CZ11/OfS&0&cDXGF&New&dxAC_equip/NE-dxAC-PkgAC-33to65-New-SEER-16.2/instance-out.sql,92390.19,29135.71
CZ11/OfS&0&cDXGF&New&dxAC_equip/NE-dxAC-PkgAC-33to65-New-SEER-17.1/instance-out.sql,91985.42,29135.71
CZ11/OfS&0&cDXGF&New&dxAC_equip/NE-dxAC-PkgAC-33to65-New-SEER-18.1/instance-out.sql,91600.62,29135.71
CZ11/RFF&0&cDXGF&New&dxAC_equip/NE-dxAC-PkgAC-18to33-New-SEER-13.4/instance-out.sql,53026.04,49111.19
CZ11/RFF&0&cDXGF&New&dxAC_equip/NE-dxAC-PkgAC-18to33-New-SEER-15.2/instance-out.sql,52546.39,49111.19
CZ11/RFF&0&cDXGF&New&dxAC_equip/NE-dxAC-PkgAC-18to33-New-SEER-16.2/instance-out.sql,52352.67,49111.19
CZ11/RFF&0&cDXGF&New&dxAC_equip/NE-dxAC-PkgAC-18to33-New-SEER-17.1/instance-out.sql,52197.80,49111.19
CZ11/RFF&0&cDXGF&New&dxAC_equip/NE-dxAC-PkgAC-18to33-New-SEER-18.1/instance-out.sql,52050.57,49111.19
CZ11/RFF&0&cDXGF&New&dxAC_equip/NE-dxAC-PkgAC-33to65-New-SEER-13.4/instance-out.sql,52314.93,49112.14
CZ11/RFF&0&cDXGF&New&dxAC_equip/NE-dxAC-PkgAC-33to65-New-SEER-15.2/instance-out.sql,51885.43,49112.14
CZ11/RFF&0&cDXGF&New&dxAC_equip/NE-dxAC-PkgAC-33to65-New-SEER-16.2/instance-out.sql,51711.97,49112.14
CZ11/RFF&0&cDXGF&New&dxAC_equip/NE-dxAC-PkgAC-33to65-New-SEER-17.1/instance-out.sql,51573.29,49112.14
CZ11/RFF&0&cDXGF&New&dxAC_equip/NE-dxAC-PkgAC-33to65-New-SEER-18.1/instance-out.sql,51441.45,49112.14
CZ11/RSD&0&cDXGF&New&dxAC_equip/NE-dxAC-PkgAC-18to33-New-SEER-13.4/instance-out.sql,115000.52,138540.43
CZ11/RSD&0&cDXGF&New&dxAC_equip/NE-dxAC-PkgAC-18to33-New-SEER-15.2/instance-out.sql,114742.84,138540.43
CZ11/RSD&0&cDXGF&New&dxAC_equip/NE-dxAC-PkgAC-18to33-New-SEER-16.2/instance-out.sql,114638.77,138540.43
CZ11/RSD&0&cDXGF&New&dxAC_equip/NE-dxAC-PkgAC-18to33-New-SEER-17.1/instance-out.sql,114555.57,138540.43
CZ11/RSD&0&cDXGF&New&dxAC_equip/NE-dxAC-PkgAC-18to33-New-SEER-18.1/instance-out.sql,114476.48,138540.43
CZ11/RSD&0&cDXGF&New&dxAC_equip/NE-dxAC-PkgAC-33to65-New-SEER-13.4/instance-out.sql,114676.51,138559.05
CZ11/RSD&0&cDXGF&New&dxAC_equip/NE-dxAC-PkgAC-33to65-New-SEER-15.2/instance-out.sql,114441.89,138559.05
CZ11/RSD&0&cDXGF&New&dxAC_equip/NE-dxAC-PkgAC-33to65-New-SEER-16.2/instance-out.sql,114347.14,138559.05
CZ11/RSD&0&cDXGF&New&dxAC_equip/NE-dxAC-PkgAC-33to65-New-SEER-17.1/instance-out.sql,114271.39,138559.05
CZ11/RSD&0&cDXGF&New&dxAC_equip/NE-dxAC-PkgAC-33to65-New-SEER-18.1/instance-out.sql,114199.38,138559.05
CZ11/Rt3&0&cDXGF&New&dxAC_equip/NE-dxAC-PkgAC-18to33-New-SEER-13.4/instance-out.sql,1548284.90,239036.88
CZ11/Rt3&0&cDXGF&New&dxAC_equip/NE-dxAC-PkgAC-18to33-New-SEER-15.2/instance-out.sql,1527719.54,239036.88
CZ11/Rt3&0&cDXGF&New&dxAC_equip/NE-dxAC-PkgAC-18to33-New-SEER-16.2/instance-out.sql,1519413.78,239036.88
CZ11/Rt3&0&cDXGF&New&dxAC_equip/NE-dxAC-PkgAC-18to33-New-SEER-17.1/instance-out.sql,1512773.59,239036.88
CZ11/Rt3&0&cDXGF&New&dxAC_equip/NE-dxAC-PkgAC-18to33-New-SEER-18.1/instance-out.sql,1506460.93,239036.88
CZ11/Rt3&0&cDXGF&New&dxAC_equip/NE-dxAC-PkgAC-33to65-New-SEER-13.4/instance-out.sql,1512938.56,239042.52
CZ11/Rt3&0&cDXGF&New&dxAC_equip/NE-dxAC-PkgAC-33to65-New-SEER-15.2/instance-out.sql,1494867.22,239042.52
CZ11/Rt3&0&cDXGF&New&dxAC_equip/NE-dxAC-PkgAC-33to65-New-SEER-16.2/instance-out.sql,1487568.72,239042.52
CZ11/Rt3&0&cDXGF&New&dxAC_equip/NE-dxAC-PkgAC-33to65-New-SEER-17.1/instance-out.sql,1481733.80,239042.52
CZ11/Rt3&0&cDXGF&New&dxAC_equip/NE-dxAC-PkgAC-33to65-New-SEER-18.1/instance-out.sql,1476186.70,239042.52
CZ11/RtL&0&cDXGF&New&dxAC_equip/NE-dxAC-PkgAC-18to33-New-SEER-13.4/instance-out.sql,1570946.77,235080.47
CZ11/RtL&0&cDXGF&New&dxAC_equip/NE-dxAC-PkgAC-18to33-New-SEER-15.2/instance-out.sql,1550126.13,235080.47
CZ11/RtL&0&cDXGF&New&dxAC_equip/NE-dxAC-PkgAC-18to33-New-SEER-16.2/instance-out.sql,1541717.28,235080.47
CZ11/RtL&0&cDXGF&New&dxAC_equip/NE-dxAC-PkgAC-18to33-New-SEER-17.1/instance-out.sql,1534994.65,235080.47
CZ11/RtL&0&cDXGF&New&dxAC_equip/NE-dxAC-PkgAC-18to33-New-SEER-18.1/instance-out.sql,1528603.64,235080.47
CZ11/RtL&0&cDXGF&New&dxAC_equip/NE-dxAC-PkgAC-33to65-New-SEER-13.4/instance-out.sql,1534536.04,235088.66
CZ11/RtL&0&cDXGF&New&dxAC_equip/NE-dxAC-PkgAC-33to65-New-SEER-15.2/instance-out.sql,1516284.52,235088.66
CZ11/RtL&0&cDXGF&New&dxAC_equip/NE-dxAC-PkgAC-33to65-New-SEER-16.2/instance-out.sql,1508913.26,235088.66
CZ11/RtL&0&cDXGF&New&dxAC_equip/NE-dxAC-PkgAC-33to65-New-SEER-17.1/instance-out.sql,1503020.16,235088.66
CZ11/RtL&0&cDXGF&New&dxAC_equip/NE-dxAC-PkgAC-33to65-New-SEER-18.1/instance-out.sql,1497417.75,235088.66
CZ11/RtS&0&cDXGF&New&dxAC_equip/NE-dxAC-PkgAC-18to33-New-SEER-13.4/instance-out.sql,93416.40,27615.55
CZ11/RtS&0&cDXGF&New&dxAC_equip/NE-dxAC-PkgAC-18to33-New-SEER-15.2/instance-out.sql,92062.16,27615.55
CZ11/RtS&0&cDXGF&New&dxAC_equip/NE-dxAC-PkgAC-18to33-New-SEER-16.2/instance-out.sql,91515.21,27615.55
CZ11/RtS&0&cDXGF&New&dxAC_equip/NE-dxAC-PkgAC-18to33-New-SEER-17.1/instance-out.sql,91077.95,27615.55
CZ11/RtS&0&cDXGF&New&dxAC_equip/NE-dxAC-PkgAC-18to33-New-SEER-18.1/instance-out.sql,90662.26,27615.55
CZ11/RtS&0&cDXGF&New&dxAC_equip/NE-dxAC-PkgAC-33to65-New-SEER-13.4/instance-out.sql,91667.39,27615.89
CZ11/RtS&0&cDXGF&New&dxAC_equip/NE-dxAC-PkgAC-33to65-New-SEER-15.2/instance-out.sql,90436.55,27615.89
CZ11/RtS&0&cDXGF&New&dxAC_equip/NE-dxAC-PkgAC-33to65-New-SEER-16.2/instance-out.sql,89939.46,27615.89
CZ11/RtS&0&cDXGF&New&dxAC_equip/NE-dxAC-PkgAC-33to65-New-SEER-17.1/instance-out.sql,89542.04,27615.89
CZ11/RtS&0&cDXGF&New&dxAC_equip/NE-dxAC-PkgAC-33to65-New-SEER-18.1/instance-out.sql,89164.23,27615.89
CZ11/SCn&0&cDXGF&New&dxAC_equip/NE-dxAC-PkgAC-18to33-New-SEER-13.4/instance-out.sql,2633054.52,849512.53
CZ11/SCn&0&cDXGF&New&dxAC_equip/NE-dxAC-PkgAC-18to33-New-SEER-15.2/instance-out.sql,2594354.29,849512.53
CZ11/SCn&0&cDXGF&New&dxAC_equip/NE-dxAC-PkgAC-18to33-New-SEER-16.2/instance-out.sql,2578724.38,849512.53
CZ11/SCn&0&cDXGF&New&dxAC_equip/NE-dxAC-PkgAC-18to33-New-SEER-17.1/instance-out.sql,2566228.75,849512.53
CZ11/SCn&0&cDXGF&New&dxAC_equip/NE-dxAC-PkgAC-18to33-New-SEER-18.1/instance-out.sql,2554349.49,849512.53
CZ11/SCn&0&cDXGF&New&dxAC_equip/NE-dxAC-PkgAC-33to65-New-SEER-13.4/instance-out.sql,2605112.83,849514.21
CZ11/SCn&0&cDXGF&New&dxAC_equip/NE-dxAC-PkgAC-33to65-New-SEER-15.2/instance-out.sql,2568384.16,849514.21
CZ11/SCn&0&cDXGF&New&dxAC_equip/NE-dxAC-PkgAC-33to65-New-SEER-16.2/instance-out.sql,2553550.50,849514.21
CZ11/SCn&0&cDXGF&New&dxAC_equip/NE-dxAC-PkgAC-33to65-New-SEER-17.1/instance-out.sql,2541691.45,849514.21
CZ11/SCn&0&cDXGF&New&dxAC_equip/NE-dxAC-PkgAC-33to65-New-SEER-18.1/instance-out.sql,2530417.37,849514.21
CZ12/Asm&0&cDXGF&New&dxAC_equip/NE-dxAC-PkgAC-18to33-New-SEER-13.4/instance-out.sql,551139.85,228358.17
CZ12/Asm&0&cDXGF&New&dxAC_equip/NE-dxAC-PkgAC-18to33-New-SEER-15.2/instance-out.sql,541076.52,228358.17
CZ12/Asm&0&cDXGF&New&dxAC_equip/NE-dxAC-PkgAC-18to33-New-SEER-16.2/instance-out.sql,537012.23,228358.17
CZ12/Asm&0&cDXGF&New&dxAC_equip/NE-dxAC-PkgAC-18to33-New-SEER-17.1/instance-out.sql,533762.96,228358.17
CZ12/Asm&0&cDXGF&New&dxAC_equip/NE-dxAC-PkgAC-18to33-New-SEER-18.1/instance-out.sql,530673.96,228358.17
CZ12/Asm&0&cDXGF&New&dxAC_equip/NE-dxAC-PkgAC-33to65-New-SEER-13.4/instance-out.sql,544176.91,228377.50
CZ12/Asm&0&cDXGF&New&dxAC_equip/NE-dxAC-PkgAC-33to65-New-SEER-15.2/instance-out.sql,534604.88,228377.50
CZ12/Asm&0&cDXGF&New&dxAC_equip/NE-dxAC-PkgAC-33to65-New-SEER-16.2/instance-out.sql,530739.01,228377.50
CZ12/Asm&0&cDXGF&New&dxAC_equip/NE-dxAC-PkgAC-33to65-New-SEER-17.1/instance-out.sql,527648.37,228377.50
CZ12/Asm&0&cDXGF&New&dxAC_equip/NE-dxAC-PkgAC-33to65-New-SEER-18.1/instance-out.sql,524710.18,228377.50
CZ12/ECC&0&cDXGF&New&dxAC_equip/NE-dxAC-PkgAC-18to33-New-SEER-13.4/instance-out.sql,1891654.68,587286.24
CZ12/ECC&0&cDXGF&New&dxAC_equip/NE-dxAC-PkgAC-18to33-New-SEER-15.2/instance-out.sql,1873036.91,587286.24
CZ12/ECC&0&cDXGF&New&dxAC_equip/NE-dxAC-PkgAC-18to33-New-SEER-16.2/instance-out.sql,1865517.73,587286.24
CZ12/ECC&0&cDXGF&New&dxAC_equip/NE-dxAC-PkgAC-18to33-New-SEER-17.1/instance-out.sql,1859506.38,587286.24
CZ12/ECC&0&cDXGF&New&dxAC_equip/NE-dxAC-PkgAC-18to33-New-SEER-18.1/instance-out.sql,1853791.55,587286.24
CZ12/ECC&0&cDXGF&New&dxAC_equip/NE-dxAC-PkgAC-33to65-New-SEER-13.4/instance-out.sql,1845530.42,587301.01
CZ12/ECC&0&cDXGF&New&dxAC_equip/NE-dxAC-PkgAC-33to65-New-SEER-15.2/instance-out.sql,1830167.45,587301.01
CZ12/ECC&0&cDXGF&New&dxAC_equip/NE-dxAC-PkgAC-33to65-New-SEER-16.2/instance-out.sql,1823962.80,587301.01
CZ12/ECC&0&cDXGF&New&dxAC_equip/NE-dxAC-PkgAC-33to65-New-SEER-17.1/instance-out.sql,1819002.36,587301.01
CZ12/ECC&0&cDXGF&New&dxAC_equip/NE-dxAC-PkgAC-33to65-New-SEER-18.1/instance-out.sql,1814286.61,587301.01
CZ12/EPr&0&cDXGF&New&dxAC_equip/NE-dxAC-PkgAC-18to33-New-SEER-13.4/instance-out.sql,225515.25,154606.90
CZ12/EPr&0&cDXGF&New&dxAC_equip/NE-dxAC-PkgAC-18to33-New-SEER-15.2/instance-out.sql,222758.41,154606.90
CZ12/EPr&0&cDXGF&New&dxAC_equip/NE-dxAC-PkgAC-18to33-New-SEER-16.2/instance-out.sql,221645.01,154606.90
CZ12/EPr&0&cDXGF&New&dxAC_equip/NE-dxAC-PkgAC-18to33-New-SEER-17.1/instance-out.sql,220754.87,154606.90
CZ12/EPr&0&cDXGF&New&dxAC_equip/NE-dxAC-PkgAC-18to33-New-SEER-18.1/instance-out.sql,219908.64,154606.90
CZ12/EPr&0&cDXGF&New&dxAC_equip/NE-dxAC-PkgAC-33to65-New-SEER-13.4/instance-out.sql,222223.18,154610.33
CZ12/EPr&0&cDXGF&New&dxAC_equip/NE-dxAC-PkgAC-33to65-New-SEER-15.2/instance-out.sql,219698.83,154610.33
CZ12/EPr&0&cDXGF&New&dxAC_equip/NE-dxAC-PkgAC-33to65-New-SEER-16.2/instance-out.sql,218679.32,154610.33
CZ12/EPr&0&cDXGF&New&dxAC_equip/NE-dxAC-PkgAC-33to65-New-SEER-17.1/instance-out.sql,217864.25,154610.33
CZ12/EPr&0&cDXGF&New&dxAC_equip/NE-dxAC-PkgAC-33to65-New-SEER-18.1/instance-out.sql,217089.38,154610.33
CZ12/ERC&0&cDXGF&New&dxAC_equip/NE-dxAC-PkgAC-18to33-New-SEER-13.4/instance-out.sql,7885.49,11008.09
CZ12/ERC&0&cDXGF&New&dxAC_equip/NE-dxAC-PkgAC-18to33-New-SEER-15.2/instance-out.sql,7765.35,11008.09
CZ12/ERC&0&cDXGF&New&dxAC_equip/NE-dxAC-PkgAC-18to33-New-SEER-16.2/instance-out.sql,7716.82,11008.09
CZ12/ERC&0&cDXGF&New&dxAC_equip/NE-dxAC-PkgAC-18to33-New-SEER-17.1/instance-out.sql,7678.03,11008.09
CZ12/ERC&0&cDXGF&New&dxAC_equip/NE-dxAC-PkgAC-18to33-New-SEER-18.1/instance-out.sql,7641.15,11008.09
CZ12/ERC&0&cDXGF&New&dxAC_equip/NE-dxAC-PkgAC-33to65-New-SEER-13.4/instance-out.sql,7718.36,11008.12
CZ12/ERC&0&cDXGF&New&dxAC_equip/NE-dxAC-PkgAC-33to65-New-SEER-15.2/instance-out.sql,7610.00,11008.12
CZ12/ERC&0&cDXGF&New&dxAC_equip/NE-dxAC-PkgAC-33to65-New-SEER-16.2/instance-out.sql,7566.24,11008.12
CZ12/ERC&0&cDXGF&New&dxAC_equip/NE-dxAC-PkgAC-33to65-New-SEER-17.1/instance-out.sql,7531.26,11008.12
CZ12/ERC&0&cDXGF&New&dxAC_equip/NE-dxAC-PkgAC-33to65-New-SEER-18.1/instance-out.sql,7498.00,11008.12
CZ12/ESe&0&cDXGF&New&dxAC_equip/NE-dxAC-PkgAC-18to33-New-SEER-13.4/instance-out.sql,670848.41,423339.07
CZ12/ESe&0&cDXGF&New&dxAC_equip/NE-dxAC-PkgAC-18to33-New-SEER-15.2/instance-out.sql,667705.26,423339.07
CZ12/ESe&0&cDXGF&New&dxAC_equip/NE-dxAC-PkgAC-18to33-New-SEER-16.2/instance-out.sql,666435.83,423339.07
CZ12/ESe&0&cDXGF&New&dxAC_equip/NE-dxAC-PkgAC-18to33-New-SEER-17.1/instance-out.sql,665420.96,423339.07
CZ12/ESe&0&cDXGF&New&dxAC_equip/NE-dxAC-PkgAC-18to33-New-SEER-18.1/instance-out.sql,664456.15,423339.07
CZ12/ESe&0&cDXGF&New&dxAC_equip/NE-dxAC-PkgAC-33to65-New-SEER-13.4/instance-out.sql,664996.24,423341.71
CZ12/ESe&0&cDXGF&New&dxAC_equip/NE-dxAC-PkgAC-33to65-New-SEER-15.2/instance-out.sql,662266.04,423341.71
CZ12/ESe&0&cDXGF&New&dxAC_equip/NE-dxAC-PkgAC-33to65-New-SEER-16.2/instance-out.sql,661163.39,423341.71
CZ12/ESe&0&cDXGF&New&dxAC_equip/NE-dxAC-PkgAC-33to65-New-SEER-17.1/instance-out.sql,660281.86,423341.71
CZ12/ESe&0&cDXGF&New&dxAC_equip/NE-dxAC-PkgAC-33to65-New-SEER-18.1/instance-out.sql,659443.81,423341.71
CZ12/EUn&0&cDXGF&New&dxAC_equip/NE-dxAC-PkgAC-18to33-New-SEER-13.4/instance-out.sql,6687684.93,1084172.98
CZ12/EUn&0&cDXGF&New&dxAC_equip/NE-dxAC-PkgAC-18to33-New-SEER-15.2/instance-out.sql,6634198.97,1084172.98
CZ12/EUn&0&cDXGF&New&dxAC_equip/NE-dxAC-PkgAC-18to33-New-SEER-16.2/instance-out.sql,6612597.53,1084172.98
CZ12/EUn&0&cDXGF&New&dxAC_equip/NE-dxAC-PkgAC-18to33-New-SEER-17.1/instance-out.sql,6595327.84,1084172.98
CZ12/EUn&0&cDXGF&New&dxAC_equip/NE-dxAC-PkgAC-18to33-New-SEER-18.1/instance-out.sql,6578910.02,1084172.98
CZ12/EUn&0&cDXGF&New&dxAC_equip/NE-dxAC-PkgAC-33to65-New-SEER-13.4/instance-out.sql,6523387.25,1084235.51
CZ12/EUn&0&cDXGF&New&dxAC_equip/NE-dxAC-PkgAC-33to65-New-SEER-15.2/instance-out.sql,6481493.84,1084235.51
CZ12/EUn&0&cDXGF&New&dxAC_equip/NE-dxAC-PkgAC-33to65-New-SEER-16.2/instance-out.sql,6464574.29,1084235.51
CZ12/EUn&0&cDXGF&New&dxAC_equip/NE-dxAC-PkgAC-33to65-New-SEER-17.1/instance-out.sql,6451047.64,1084235.51
CZ12/EUn&0&cDXGF&New&dxAC_equip/NE-dxAC-PkgAC-33to65-New-SEER-18.1/instance-out.sql,6438188.21,1084235.51
CZ12/Gro&0&cDXGF&New&dxAC_equip/NE-dxAC-PkgAC-18to33-New-SEER-13.4/instance-out.sql,1597505.81,210941.83
CZ12/Gro&0&cDXGF&New&dxAC_equip/NE-dxAC-PkgAC-18to33-New-SEER-15.2/instance-out.sql,1594140.97,210941.83
CZ12/Gro&0&cDXGF&New&dxAC_equip/NE-dxAC-PkgAC-18to33-New-SEER-16.2/instance-out.sql,1592782.01,210941.83
CZ12/Gro&0&cDXGF&New&dxAC_equip/NE-dxAC-PkgAC-18to33-New-SEER-17.1/instance-out.sql,1591695.56,210941.83
CZ12/Gro&0&cDXGF&New&dxAC_equip/NE-dxAC-PkgAC-18to33-New-SEER-18.1/instance-out.sql,1590662.71,210941.83
CZ12/Gro&0&cDXGF&New&dxAC_equip/NE-dxAC-PkgAC-33to65-New-SEER-13.4/instance-out.sql,1596930.53,210936.48
CZ12/Gro&0&cDXGF&New&dxAC_equip/NE-dxAC-PkgAC-33to65-New-SEER-15.2/instance-out.sql,1593752.49,210936.48
CZ12/Gro&0&cDXGF&New&dxAC_equip/NE-dxAC-PkgAC-33to65-New-SEER-16.2/instance-out.sql,1592468.98,210936.48
CZ12/Gro&0&cDXGF&New&dxAC_equip/NE-dxAC-PkgAC-33to65-New-SEER-17.1/instance-out.sql,1591442.85,210936.48
CZ12/Gro&0&cDXGF&New&dxAC_equip/NE-dxAC-PkgAC-33to65-New-SEER-18.1/instance-out.sql,1590467.33,210936.48
CZ12/Hsp&0&cDXGF&New&dxAC_equip/NE-dxAC-PkgAC-18to33-New-SEER-13.4/instance-out.sql,3073381.84,517673.16
CZ12/Hsp&0&cDXGF&New&dxAC_equip/NE-dxAC-PkgAC-18to33-New-SEER-15.2/instance-out.sql,3063856.16,517673.16
CZ12/Hsp&0&cDXGF&New&dxAC_equip/NE-dxAC-PkgAC-18to33-New-SEER-16.2/instance-out.sql,3060009.01,517673.16
CZ12/Hsp&0&cDXGF&New&dxAC_equip/NE-dxAC-PkgAC-18to33-New-SEER-17.1/instance-out.sql,3056933.34,517673.16
CZ12/Hsp&0&cDXGF&New&dxAC_equip/NE-dxAC-PkgAC-18to33-New-SEER-18.1/instance-out.sql,3054009.38,517673.16
CZ12/Hsp&0&cDXGF&New&dxAC_equip/NE-dxAC-PkgAC-33to65-New-SEER-13.4/instance-out.sql,3038218.29,517661.96
CZ12/Hsp&0&cDXGF&New&dxAC_equip/NE-dxAC-PkgAC-33to65-New-SEER-15.2/instance-out.sql,3031173.37,517661.96
CZ12/Hsp&0&cDXGF&New&dxAC_equip/NE-dxAC-PkgAC-33to65-New-SEER-16.2/instance-out.sql,3028328.13,517661.96
CZ12/Hsp&0&cDXGF&New&dxAC_equip/NE-dxAC-PkgAC-33to65-New-SEER-17.1/instance-out.sql,3026053.45,517661.96
CZ12/Hsp&0&cDXGF&New&dxAC_equip/NE-dxAC-PkgAC-33to65-New-SEER-18.1/instance-out.sql,3023890.97,517661.96
CZ12/MBT&0&cDXGF&New&dxAC_equip/NE-dxAC-PkgAC-18to33-New-SEER-13.4/instance-out.sql,3263210.80,3265727.46
CZ12/MBT&0&cDXGF&New&dxAC_equip/NE-dxAC-PkgAC-18to33-New-SEER-15.2/instance-out.sql,3253273.38,3265727.46
CZ12/MBT&0&cDXGF&New&dxAC_equip/NE-dxAC-PkgAC-18to33-New-SEER-16.2/instance-out.sql,3249259.94,3265727.46
CZ12/MBT&0&cDXGF&New&dxAC_equip/NE-dxAC-PkgAC-18to33-New-SEER-17.1/instance-out.sql,3246051.31,3265727.46
CZ12/MBT&0&cDXGF&New&dxAC_equip/NE-dxAC-PkgAC-18to33-New-SEER-18.1/instance-out.sql,3243000.96,3265727.46
CZ12/MBT&0&cDXGF&New&dxAC_equip/NE-dxAC-PkgAC-33to65-New-SEER-13.4/instance-out.sql,3237298.55,3265738.01
CZ12/MBT&0&cDXGF&New&dxAC_equip/NE-dxAC-PkgAC-33to65-New-SEER-15.2/instance-out.sql,3229189.41,3265738.01
CZ12/MBT&0&cDXGF&New&dxAC_equip/NE-dxAC-PkgAC-33to65-New-SEER-16.2/instance-out.sql,3225914.37,3265738.01
CZ12/MBT&0&cDXGF&New&dxAC_equip/NE-dxAC-PkgAC-33to65-New-SEER-17.1/instance-out.sql,3223296.07,3265738.01
CZ12/MBT&0&cDXGF&New&dxAC_equip/NE-dxAC-PkgAC-33to65-New-SEER-18.1/instance-out.sql,3220806.92,3265738.01
CZ12/MLI&0&cDXGF&New&dxAC_equip/NE-dxAC-PkgAC-18to33-New-SEER-13.4/instance-out.sql,811816.37,148371.91
CZ12/MLI&0&cDXGF&New&dxAC_equip/NE-dxAC-PkgAC-18to33-New-SEER-15.2/instance-out.sql,802322.47,148371.91
CZ12/MLI&0&cDXGF&New&dxAC_equip/NE-dxAC-PkgAC-18to33-New-SEER-16.2/instance-out.sql,798488.16,148371.91
CZ12/MLI&0&cDXGF&New&dxAC_equip/NE-dxAC-PkgAC-18to33-New-SEER-17.1/instance-out.sql,795422.74,148371.91
CZ12/MLI&0&cDXGF&New&dxAC_equip/NE-dxAC-PkgAC-18to33-New-SEER-18.1/instance-out.sql,792508.53,148371.91
CZ12/MLI&0&cDXGF&New&dxAC_equip/NE-dxAC-PkgAC-33to65-New-SEER-13.4/instance-out.sql,789425.00,148373.88
CZ12/MLI&0&cDXGF&New&dxAC_equip/NE-dxAC-PkgAC-33to65-New-SEER-15.2/instance-out.sql,781511.03,148373.88
CZ12/MLI&0&cDXGF&New&dxAC_equip/NE-dxAC-PkgAC-33to65-New-SEER-16.2/instance-out.sql,778314.81,148373.88
CZ12/MLI&0&cDXGF&New&dxAC_equip/NE-dxAC-PkgAC-33to65-New-SEER-17.1/instance-out.sql,775759.52,148373.88
CZ12/MLI&0&cDXGF&New&dxAC_equip/NE-dxAC-PkgAC-33to65-New-SEER-18.1/instance-out.sql,773330.28,148373.88
CZ12/Mtl&0&cDXGF&New&dxAC_equip/NE-dxAC-PkgAC-18to33-New-SEER-13.4/instance-out.sql,152177.07,32400.44
CZ12/Mtl&0&cDXGF&New&dxAC_equip/NE-dxAC-PkgAC-18to33-New-SEER-15.2/instance-out.sql,149783.41,32400.44
CZ12/Mtl&0&cDXGF&New&dxAC_equip/NE-dxAC-PkgAC-18to33-New-SEER-16.2/instance-out.sql,148816.68,32400.44
CZ12/Mtl&0&cDXGF&New&dxAC_equip/NE-dxAC-PkgAC-18to33-New-SEER-17.1/instance-out.sql,148043.80,32400.44
CZ12/Mtl&0&cDXGF&New&dxAC_equip/NE-dxAC-PkgAC-18to33-New-SEER-18.1/instance-out.sql,147309.06,32400.44
CZ12/Mtl&0&cDXGF&New&dxAC_equip/NE-dxAC-PkgAC-33to65-New-SEER-13.4/instance-out.sql,146560.30,32401.56
CZ12/Mtl&0&cDXGF&New&dxAC_equip/NE-dxAC-PkgAC-33to65-New-SEER-15.2/instance-out.sql,144562.93,32401.56
CZ12/Mtl&0&cDXGF&New&dxAC_equip/NE-dxAC-PkgAC-33to65-New-SEER-16.2/instance-out.sql,143756.25,32401.56
CZ12/Mtl&0&cDXGF&New&dxAC_equip/NE-dxAC-PkgAC-33to65-New-SEER-17.1/instance-out.sql,143111.34,32401.56
CZ12/Mtl&0&cDXGF&New&dxAC_equip/NE-dxAC-PkgAC-33to65-New-SEER-18.1/instance-out.sql,142498.24,32401.56
CZ12/Nrs&0&cDXGF&New&dxAC_equip/NE-dxAC-PkgAC-18to33-New-SEER-13.4/instance-out.sql,615410.68,233294.97
CZ12/Nrs&0&cDXGF&New&dxAC_equip/NE-dxAC-PkgAC-18to33-New-SEER-15.2/instance-out.sql,612128.06,233294.97
CZ12/Nrs&0&cDXGF&New&dxAC_equip/NE-dxAC-PkgAC-18to33-New-SEER-16.2/instance-out.sql,610802.31,233294.97
CZ12/Nrs&0&cDXGF&New&dxAC_equip/NE-dxAC-PkgAC-18to33-New-SEER-17.1/instance-out.sql,609742.41,233294.97
CZ12/Nrs&0&cDXGF&New&dxAC_equip/NE-dxAC-PkgAC-18to33-New-SEER-18.1/instance-out.sql,608734.79,233294.97
CZ12/Nrs&0&cDXGF&New&dxAC_equip/NE-dxAC-PkgAC-33to65-New-SEER-13.4/instance-out.sql,606838.89,233345.89
CZ12/Nrs&0&cDXGF&New&dxAC_equip/NE-dxAC-PkgAC-33to65-New-SEER-15.2/instance-out.sql,604161.87,233345.89
CZ12/Nrs&0&cDXGF&New&dxAC_equip/NE-dxAC-PkgAC-33to65-New-SEER-16.2/instance-out.sql,603080.69,233345.89
CZ12/Nrs&0&cDXGF&New&dxAC_equip/NE-dxAC-PkgAC-33to65-New-SEER-17.1/instance-out.sql,602216.33,233345.89
CZ12/Nrs&0&cDXGF&New&dxAC_equip/NE-dxAC-PkgAC-33to65-New-SEER-18.1/instance-out.sql,601394.60,233345.89
CZ12/OfL&0&cDXGF&New&dxAC_equip/NE-dxAC-PkgAC-18to33-New-SEER-13.4/instance-out.sql,2051030.75,175707.66
CZ12/OfL&0&cDXGF&New&dxAC_equip/NE-dxAC-PkgAC-18to33-New-SEER-15.2/instance-out.sql,2028968.03,175707.66
CZ12/OfL&0&cDXGF&New&dxAC_equip/NE-dxAC-PkgAC-18to33-New-SEER-16.2/instance-out.sql,2020057.54,175707.66
CZ12/OfL&0&cDXGF&New&dxAC_equip/NE-dxAC-PkgAC-18to33-New-SEER-17.1/instance-out.sql,2012933.87,175707.66
CZ12/OfL&0&cDXGF&New&dxAC_equip/NE-dxAC-PkgAC-18to33-New-SEER-18.1/instance-out.sql,2006161.59,175707.66
CZ12/OfL&0&cDXGF&New&dxAC_equip/NE-dxAC-PkgAC-33to65-New-SEER-13.4/instance-out.sql,1962708.51,175736.40
CZ12/OfL&0&cDXGF&New&dxAC_equip/NE-dxAC-PkgAC-33to65-New-SEER-15.2/instance-out.sql,1946876.34,175736.40
CZ12/OfL&0&cDXGF&New&dxAC_equip/NE-dxAC-PkgAC-33to65-New-SEER-16.2/instance-out.sql,1940482.18,175736.40
CZ12/OfL&0&cDXGF&New&dxAC_equip/NE-dxAC-PkgAC-33to65-New-SEER-17.1/instance-out.sql,1935370.24,175736.40
CZ12/OfL&0&cDXGF&New&dxAC_equip/NE-dxAC-PkgAC-33to65-New-SEER-18.1/instance-out.sql,1930510.46,175736.40
CZ12/OfS&0&cDXGF&New&dxAC_equip/NE-dxAC-PkgAC-18to33-New-SEER-13.4/instance-out.sql,91763.70,29933.43
CZ12/OfS&0&cDXGF&New&dxAC_equip/NE-dxAC-PkgAC-18to33-New-SEER-15.2/instance-out.sql,90501.64,29933.43
CZ12/OfS&0&cDXGF&New&dxAC_equip/NE-dxAC-PkgAC-18to33-New-SEER-16.2/instance-out.sql,89991.93,29933.43
CZ12/OfS&0&cDXGF&New&dxAC_equip/NE-dxAC-PkgAC-18to33-New-SEER-17.1/instance-out.sql,89584.43,29933.43
CZ12/OfS&0&cDXGF&New&dxAC_equip/NE-dxAC-PkgAC-18to33-New-SEER-18.1/instance-out.sql,89197.03,29933.43
CZ12/OfS&0&cDXGF&New&dxAC_equip/NE-dxAC-PkgAC-33to65-New-SEER-13.4/instance-out.sql,87843.04,29933.89
CZ12/OfS&0&cDXGF&New&dxAC_equip/NE-dxAC-PkgAC-33to65-New-SEER-15.2/instance-out.sql,86857.61,29933.89
CZ12/OfS&0&cDXGF&New&dxAC_equip/NE-dxAC-PkgAC-33to65-New-SEER-16.2/instance-out.sql,86459.63,29933.89
CZ12/OfS&0&cDXGF&New&dxAC_equip/NE-dxAC-PkgAC-33to65-New-SEER-17.1/instance-out.sql,86141.45,29933.89
CZ12/OfS&0&cDXGF&New&dxAC_equip/NE-dxAC-PkgAC-33to65-New-SEER-18.1/instance-out.sql,85838.97,29933.89
CZ12/RFF&0&cDXGF&New&dxAC_equip/NE-dxAC-PkgAC-18to33-New-SEER-13.4/instance-out.sql,50448.53,49764.53
CZ12/RFF&0&cDXGF&New&dxAC_equip/NE-dxAC-PkgAC-18to33-New-SEER-15.2/instance-out.sql,50059.91,49764.53
CZ12/RFF&0&cDXGF&New&dxAC_equip/NE-dxAC-PkgAC-18to33-New-SEER-16.2/instance-out.sql,49902.95,49764.53
CZ12/RFF&0&cDXGF&New&dxAC_equip/NE-dxAC-PkgAC-18to33-New-SEER-17.1/instance-out.sql,49777.47,49764.53
CZ12/RFF&0&cDXGF&New&dxAC_equip/NE-dxAC-PkgAC-18to33-New-SEER-18.1/instance-out.sql,49658.18,49764.53
CZ12/RFF&0&cDXGF&New&dxAC_equip/NE-dxAC-PkgAC-33to65-New-SEER-13.4/instance-out.sql,49646.88,49765.19
CZ12/RFF&0&cDXGF&New&dxAC_equip/NE-dxAC-PkgAC-33to65-New-SEER-15.2/instance-out.sql,49314.81,49765.19
CZ12/RFF&0&cDXGF&New&dxAC_equip/NE-dxAC-PkgAC-33to65-New-SEER-16.2/instance-out.sql,49180.69,49765.19
CZ12/RFF&0&cDXGF&New&dxAC_equip/NE-dxAC-PkgAC-33to65-New-SEER-17.1/instance-out.sql,49073.47,49765.19
CZ12/RFF&0&cDXGF&New&dxAC_equip/NE-dxAC-PkgAC-33to65-New-SEER-18.1/instance-out.sql,48971.53,49765.19
CZ12/RSD&0&cDXGF&New&dxAC_equip/NE-dxAC-PkgAC-18to33-New-SEER-13.4/instance-out.sql,107524.40,135339.06
CZ12/RSD&0&cDXGF&New&dxAC_equip/NE-dxAC-PkgAC-18to33-New-SEER-15.2/instance-out.sql,107319.91,135339.06
CZ12/RSD&0&cDXGF&New&dxAC_equip/NE-dxAC-PkgAC-18to33-New-SEER-16.2/instance-out.sql,107237.32,135339.06
CZ12/RSD&0&cDXGF&New&dxAC_equip/NE-dxAC-PkgAC-18to33-New-SEER-17.1/instance-out.sql,107171.29,135339.06
CZ12/RSD&0&cDXGF&New&dxAC_equip/NE-dxAC-PkgAC-18to33-New-SEER-18.1/instance-out.sql,107108.52,135339.06
CZ12/RSD&0&cDXGF&New&dxAC_equip/NE-dxAC-PkgAC-33to65-New-SEER-13.4/instance-out.sql,107153.67,135315.83
CZ12/RSD&0&cDXGF&New&dxAC_equip/NE-dxAC-PkgAC-33to65-New-SEER-15.2/instance-out.sql,106975.46,135315.83
CZ12/RSD&0&cDXGF&New&dxAC_equip/NE-dxAC-PkgAC-33to65-New-SEER-16.2/instance-out.sql,106903.48,135315.83
CZ12/RSD&0&cDXGF&New&dxAC_equip/NE-dxAC-PkgAC-33to65-New-SEER-17.1/instance-out.sql,106845.94,135315.83
CZ12/RSD&0&cDXGF&New&dxAC_equip/NE-dxAC-PkgAC-33to65-New-SEER-18.1/instance-out.sql,106791.24,135315.83
CZ12/Rt3&0&cDXGF&New&dxAC_equip/NE-dxAC-PkgAC-18to33-New-SEER-13.4/instance-out.sql,1499318.06,254650.36
CZ12/Rt3&0&cDXGF&New&dxAC_equip/NE-dxAC-PkgAC-18to33-New-SEER-15.2/instance-out.sql,1481332.58,254650.36
CZ12/Rt3&0&cDXGF&New&dxAC_equip/NE-dxAC-PkgAC-18to33-New-SEER-16.2/instance-out.sql,1474068.76,254650.36
CZ12/Rt3&0&cDXGF&New&dxAC_equip/NE-dxAC-PkgAC-18to33-New-SEER-17.1/instance-out.sql,1468261.56,254650.36
CZ12/Rt3&0&cDXGF&New&dxAC_equip/NE-dxAC-PkgAC-18to33-New-SEER-18.1/instance-out.sql,1462740.81,254650.36
CZ12/Rt3&0&cDXGF&New&dxAC_equip/NE-dxAC-PkgAC-33to65-New-SEER-13.4/instance-out.sql,1460483.90,254655.21
CZ12/Rt3&0&cDXGF&New&dxAC_equip/NE-dxAC-PkgAC-33to65-New-SEER-15.2/instance-out.sql,1445238.52,254655.21
CZ12/Rt3&0&cDXGF&New&dxAC_equip/NE-dxAC-PkgAC-33to65-New-SEER-16.2/instance-out.sql,1439081.35,254655.21
CZ12/Rt3&0&cDXGF&New&dxAC_equip/NE-dxAC-PkgAC-33to65-New-SEER-17.1/instance-out.sql,1434158.88,254655.21
CZ12/Rt3&0&cDXGF&New&dxAC_equip/NE-dxAC-PkgAC-33to65-New-SEER-18.1/instance-out.sql,1429479.22,254655.21
CZ12/RtL&0&cDXGF&New&dxAC_equip/NE-dxAC-PkgAC-18to33-New-SEER-13.4/instance-out.sql,1512554.57,233916.78
CZ12/RtL&0&cDXGF&New&dxAC_equip/NE-dxAC-PkgAC-18to33-New-SEER-15.2/instance-out.sql,1494481.07,233916.78
CZ12/RtL&0&cDXGF&New&dxAC_equip/NE-dxAC-PkgAC-18to33-New-SEER-16.2/instance-out.sql,1487181.70,233916.78
CZ12/RtL&0&cDXGF&New&dxAC_equip/NE-dxAC-PkgAC-18to33-New-SEER-17.1/instance-out.sql,1481346.08,233916.78
CZ12/RtL&0&cDXGF&New&dxAC_equip/NE-dxAC-PkgAC-18to33-New-SEER-18.1/instance-out.sql,1475798.32,233916.78
CZ12/RtL&0&cDXGF&New&dxAC_equip/NE-dxAC-PkgAC-33to65-New-SEER-13.4/instance-out.sql,1472909.04,233922.74
CZ12/RtL&0&cDXGF&New&dxAC_equip/NE-dxAC-PkgAC-33to65-New-SEER-15.2/instance-out.sql,1457632.90,233922.74
CZ12/RtL&0&cDXGF&New&dxAC_equip/NE-dxAC-PkgAC-33to65-New-SEER-16.2/instance-out.sql,1451463.31,233922.74
CZ12/RtL&0&cDXGF&New&dxAC_equip/NE-dxAC-PkgAC-33to65-New-SEER-17.1/instance-out.sql,1446530.91,233922.74
CZ12/RtL&0&cDXGF&New&dxAC_equip/NE-dxAC-PkgAC-33to65-New-SEER-18.1/instance-out.sql,1441841.82,233922.74
CZ12/RtS&0&cDXGF&New&dxAC_equip/NE-dxAC-PkgAC-18to33-New-SEER-13.4/instance-out.sql,89818.41,28554.20
CZ12/RtS&0&cDXGF&New&dxAC_equip/NE-dxAC-PkgAC-18to33-New-SEER-15.2/instance-out.sql,88647.36,28554.20
CZ12/RtS&0&cDXGF&New&dxAC_equip/NE-dxAC-PkgAC-18to33-New-SEER-16.2/instance-out.sql,88174.41,28554.20
CZ12/RtS&0&cDXGF&New&dxAC_equip/NE-dxAC-PkgAC-18to33-New-SEER-17.1/instance-out.sql,87796.30,28554.20
CZ12/RtS&0&cDXGF&New&dxAC_equip/NE-dxAC-PkgAC-18to33-New-SEER-18.1/instance-out.sql,87436.84,28554.20
CZ12/RtS&0&cDXGF&New&dxAC_equip/NE-dxAC-PkgAC-33to65-New-SEER-13.4/instance-out.sql,87819.09,28554.47
CZ12/RtS&0&cDXGF&New&dxAC_equip/NE-dxAC-PkgAC-33to65-New-SEER-15.2/instance-out.sql,86789.11,28554.47
CZ12/RtS&0&cDXGF&New&dxAC_equip/NE-dxAC-PkgAC-33to65-New-SEER-16.2/instance-out.sql,86373.13,28554.47
CZ12/RtS&0&cDXGF&New&dxAC_equip/NE-dxAC-PkgAC-33to65-New-SEER-17.1/instance-out.sql,86040.57,28554.47
CZ12/RtS&0&cDXGF&New&dxAC_equip/NE-dxAC-PkgAC-33to65-New-SEER-18.1/instance-out.sql,85724.41,28554.47
CZ12/SCn&0&cDXGF&New&dxAC_equip/NE-dxAC-PkgAC-18to33-New-SEER-13.4/instance-out.sql,2366995.82,840666.35
CZ12/SCn&0&cDXGF&New&dxAC_equip/NE-dxAC-PkgAC-18to33-New-SEER-15.2/instance-out.sql,2337790.22,840666.35
CZ12/SCn&0&cDXGF&New&dxAC_equip/NE-dxAC-PkgAC-18to33-New-SEER-16.2/instance-out.sql,2325994.91,840666.35
CZ12/SCn&0&cDXGF&New&dxAC_equip/NE-dxAC-PkgAC-18to33-New-SEER-17.1/instance-out.sql,2316564.93,840666.35
CZ12/SCn&0&cDXGF&New&dxAC_equip/NE-dxAC-PkgAC-18to33-New-SEER-18.1/instance-out.sql,2307600.10,840666.35
CZ12/SCn&0&cDXGF&New&dxAC_equip/NE-dxAC-PkgAC-33to65-New-SEER-13.4/instance-out.sql,2338575.03,840666.37
CZ12/SCn&0&cDXGF&New&dxAC_equip/NE-dxAC-PkgAC-33to65-New-SEER-15.2/instance-out.sql,2311374.79,840666.37
CZ12/SCn&0&cDXGF&New&dxAC_equip/NE-dxAC-PkgAC-33to65-New-SEER-16.2/instance-out.sql,2300389.39,840666.37
CZ12/SCn&0&cDXGF&New&dxAC_equip/NE-dxAC-PkgAC-33to65-New-SEER-17.1/instance-out.sql,2291606.90,840666.37
CZ12/SCn&0&cDXGF&New&dxAC_equip/NE-dxAC-PkgAC-33to65-New-SEER-18.1/instance-out.sql,2283257.63,840666.37

File Name,Unmet Heating (Hours),Unmet Cooling (Hours)
CZ11/Asm&0&cDXGF&New&dxAC_equip/NE-dxAC-PkgAC-18to33-New-SEER-13.4/instance-out.sql,0.00,59.00
CZ11/Asm&0&cDXGF&New&dxAC_equip/NE-dxAC-PkgAC-18to33-New-SEER-15.2/instance-out.sql,0.00,59.00
CZ11/Asm&0&cDXGF&New&dxAC_equip/NE-dxAC-PkgAC-18to33-New-SEER-16.2/instance-out.sql,0.00,59.00
CZ11/Asm&0&cDXGF&New&dxAC_equip/NE-dxAC-PkgAC-18to33-New-SEER-17.1/instance-out.sql,0.00,59.00
CZ11/Asm&0&cDXGF&New&dxAC_equip/NE-dxAC-PkgAC-18to33-New-SEER-18.1/instance-out.sql,0.00,59.00
CZ11/Asm&0&cDXGF&New&dxAC_equip/NE-dxAC-PkgAC-33to65-New-SEER-13.4/instance-out.sql,0.00,59.00
CZ11/Asm&0&cDXGF&New&dxAC_equip/NE-dxAC-PkgAC-33to65-New-SEER-15.2/instance-out.sql,0.00,59.00
CZ11/Asm&0&cDXGF&New&dxAC_equip/NE-dxAC-PkgAC-33to65-New-SEER-16.2/instance-out.sql,0.00,59.00
CZ11/Asm&0&cDXGF&New&dxAC_equip/NE-dxAC-PkgAC-33to65-New-SEER-17.1/instance-out.sql,0.00,59.00
CZ11/Asm&0&cDXGF&New&dxAC_equip/NE-dxAC-PkgAC-33to65-New-SEER-18.1/instance-out.sql,0.00,59.00
CZ11/ECC&0&cDXGF&New&dxAC_equip/NE-dxAC-PkgAC-18to33-New-SEER-13.4/instance-out.sql,0.00,5683.00
CZ11/ECC&0&cDXGF&New&dxAC_equip/NE-dxAC-PkgAC-18to33-New-SEER-15.2/instance-out.sql,0.00,5683.00
CZ11/ECC&0&cDXGF&New&dxAC_equip/NE-dxAC-PkgAC-18to33-New-SEER-16.2/instance-out.sql,0.00,5683.00
CZ11/ECC&0&cDXGF&New&dxAC_equip/NE-dxAC-PkgAC-18to33-New-SEER-17.1/instance-out.sql,0.00,5683.00
CZ11/ECC&0&cDXGF&New&dxAC_equip/NE-dxAC-PkgAC-18to33-New-SEER-18.1/instance-out.sql,0.00,5683.00
CZ11/ECC&0&cDXGF&New&dxAC_equip/NE-dxAC-PkgAC-33to65-New-SEER-13.4/instance-out.sql,0.00,5683.00
CZ11/ECC&0&cDXGF&New&dxAC_equip/NE-dxAC-PkgAC-33to65-New-SEER-15.2/instance-out.sql,0.00,5683.00
CZ11/ECC&0&cDXGF&New&dxAC_equip/NE-dxAC-PkgAC-33to65-New-SEER-16.2/instance-out.sql,0.00,5683.00
CZ11/ECC&0&cDXGF&New&dxAC_equip/NE-dxAC-PkgAC-33to65-New-SEER-17.1/instance-out.sql,0.00,5683.00
CZ11/ECC&0&cDXGF&New&dxAC_equip/NE-dxAC-PkgAC-33to65-New-SEER-18.1/instance-out.sql,0.00,5683.00
CZ11/EPr&0&cDXGF&New&dxAC_equip/NE-dxAC-PkgAC-18to33-New-SEER-13.4/instance-out.sql,0.00,63.00
CZ11/EPr&0&cDXGF&New&dxAC_equip/NE-dxAC-PkgAC-18to33-New-SEER-15.2/instance-out.sql,0.00,63.00
CZ11/EPr&0&cDXGF&New&dxAC_equip/NE-dxAC-PkgAC-18to33-New-SEER-16.2/instance-out.sql,0.00,63.00
CZ11/EPr&0&cDXGF&New&dxAC_equip/NE-dxAC-PkgAC-18to33-New-SEER-17.1/instance-out.sql,0.00,63.00
CZ11/EPr&0&cDXGF&New&dxAC_equip/NE-dxAC-PkgAC-18to33-New-SEER-18.1/instance-out.sql,0.00,63.00
CZ11/EPr&0&cDXGF&New&dxAC_equip/NE-dxAC-PkgAC-33to65-New-SEER-13.4/instance-out.sql,0.00,63.00
CZ11/EPr&0&cDXGF&New&dxAC_equip/NE-dxAC-PkgAC-33to65-New-SEER-15.2/instance-out.sql,0.00,63.00
CZ11/EPr&0&cDXGF&New&dxAC_equip/NE-dxAC-PkgAC-33to65-New-SEER-16.2/instance-out.sql,0.00,63.00
CZ11/EPr&0&cDXGF&New&dxAC_equip/NE-dxAC-PkgAC-33to65-New-SEER-17.1/instance-out.sql,0.00,63.00
CZ11/EPr&0&cDXGF&New&dxAC_equip/NE-dxAC-PkgAC-33to65-New-SEER-18.1/instance-out.sql,0.00,63.00
CZ11/ERC&0&cDXGF&New&dxAC_equip/NE-dxAC-PkgAC-18to33-New-SEER-13.4/instance-out.sql,0.00,0.00
CZ11/ERC&0&cDXGF&New&dxAC_equip/NE-dxAC-PkgAC-18to33-New-SEER-15.2/instance-out.sql,0.00,0.00
CZ11/ERC&0&cDXGF&New&dxAC_equip/NE-dxAC-PkgAC-18to33-New-SEER-16.2/instance-out.sql,0.00,0.00
CZ11/ERC&0&cDXGF&New&dxAC_equip/NE-dxAC-PkgAC-18to33-New-SEER-17.1/instance-out.sql,0.00,0.00
CZ11/ERC&0&cDXGF&New&dxAC_equip/NE-dxAC-PkgAC-18to33-New-SEER-18.1/instance-out.sql,0.00,0.00
CZ11/ERC&0&cDXGF&New&dxAC_equip/NE-dxAC-PkgAC-33to65-New-SEER-13.4/instance-out.sql,0.00,0.00
CZ11/ERC&0&cDXGF&New&dxAC_equip/NE-dxAC-PkgAC-33to65-New-SEER-15.2/instance-out.sql,0.00,0.00
CZ11/ERC&0&cDXGF&New&dxAC_equip/NE-dxAC-PkgAC-33to65-New-SEER-16.2/instance-out.sql,0.00,0.00
CZ11/ERC&0&cDXGF&New&dxAC_equip/NE-dxAC-PkgAC-33to65-New-SEER-17.1/instance-out.sql,0.00,0.00
CZ11/ERC&0&cDXGF&New&dxAC_equip/NE-dxAC-PkgAC-33to65-New-SEER-18.1/instance-out.sql,0.00,0.00
CZ11/ESe&0&cDXGF&New&dxAC_equip/NE-dxAC-PkgAC-18to33-New-SEER-13.4/instance-out.sql,0.00,27.00
CZ11/ESe&0&cDXGF&New&dxAC_equip/NE-dxAC-PkgAC-18to33-New-SEER-15.2/instance-out.sql,0.00,27.00
CZ11/ESe&0&cDXGF&New&dxAC_equip/NE-dxAC-PkgAC-18to33-New-SEER-16.2/instance-out.sql,0.00,27.00
CZ11/ESe&0&cDXGF&New&dxAC_equip/NE-dxAC-PkgAC-18to33-New-SEER-17.1/instance-out.sql,0.00,27.00
CZ11/ESe&0&cDXGF&New&dxAC_equip/NE-dxAC-PkgAC-18to33-New-SEER-18.1/instance-out.sql,0.00,27.00
CZ11/ESe&0&cDXGF&New&dxAC_equip/NE-dxAC-PkgAC-33to65-New-SEER-13.4/instance-out.sql,0.00,27.00
CZ11/ESe&0&cDXGF&New&dxAC_equip/NE-dxAC-PkgAC-33to65-New-SEER-15.2/instance-out.sql,0.00,27.00
CZ11/ESe&0&cDXGF&New&dxAC_equip/NE-dxAC-PkgAC-33to65-New-SEER-16.2/instance-out.sql,0.00,27.00
CZ11/ESe&0&cDXGF&New&dxAC_equip/NE-dxAC-PkgAC-33to65-New-SEER-17.1/instance-out.sql,0.00,27.00
CZ11/ESe&0&cDXGF&New&dxAC_equip/NE-dxAC-PkgAC-33to65-New-SEER-18.1/instance-out.sql,0.00,27.00
CZ11/EUn&0&cDXGF&New&dxAC_equip/NE-dxAC-PkgAC-18to33-New-SEER-13.4/instance-out.sql,0.00,281.00
CZ11/EUn&0&cDXGF&New&dxAC_equip/NE-dxAC-PkgAC-18to33-New-SEER-15.2/instance-out.sql,0.00,281.00
CZ11/EUn&0&cDXGF&New&dxAC_equip/NE-dxAC-PkgAC-18to33-New-SEER-16.2/instance-out.sql,0.00,281.00
CZ11/EUn&0&cDXGF&New&dxAC_equip/NE-dxAC-PkgAC-18to33-New-SEER-17.1/instance-out.sql,0.00,281.00
CZ11/EUn&0&cDXGF&New&dxAC_equip/NE-dxAC-PkgAC-18to33-New-SEER-18.1/instance-out.sql,0.00,281.00
CZ11/EUn&0&cDXGF&New&dxAC_equip/NE-dxAC-PkgAC-33to65-New-SEER-13.4/instance-out.sql,0.00,281.00
CZ11/EUn&0&cDXGF&New&dxAC_equip/NE-dxAC-PkgAC-33to65-New-SEER-15.2/instance-out.sql,0.00,281.00
CZ11/EUn&0&cDXGF&New&dxAC_equip/NE-dxAC-PkgAC-33to65-New-SEER-16.2/instance-out.sql,0.00,281.00
CZ11/EUn&0&cDXGF&New&dxAC_equip/NE-dxAC-PkgAC-33to65-New-SEER-17.1/instance-out.sql,0.00,281.00
CZ11/EUn&0&cDXGF&New&dxAC_equip/NE-dxAC-PkgAC-33to65-New-SEER-18.1/instance-out.sql,0.00,281.00
CZ11/Gro&0&cDXGF&New&dxAC_equip/NE-dxAC-PkgAC-18to33-New-SEER-13.4/instance-out.sql,0.00,0.00
CZ11/Gro&0&cDXGF&New&dxAC_equip/NE-dxAC-PkgAC-18to33-New-SEER-15.2/instance-out.sql,0.00,0.00
CZ11/Gro&0&cDXGF&New&dxAC_equip/NE-dxAC-PkgAC-18to33-New-SEER-16.2/instance-out.sql,0.00,0.00
CZ11/Gro&0&cDXGF&New&dxAC_equip/NE-dxAC-PkgAC-18to33-New-SEER-17.1/instance-out.sql,0.00,0.00
CZ11/Gro&0&cDXGF&New&dxAC_equip/NE-dxAC-PkgAC-18to33-New-SEER-18.1/instance-out.sql,0.00,0.00
CZ11/Gro&0&cDXGF&New&dxAC_equip/NE-dxAC-PkgAC-33to65-New-SEER-13.4/instance-out.sql,0.00,0.00
CZ11/Gro&0&cDXGF&New&dxAC_equip/NE-dxAC-PkgAC-33to65-New-SEER-15.2/instance-out.sql,0.00,0.00
CZ11/Gro&0&cDXGF&New&dxAC_equip/NE-dxAC-PkgAC-33to65-New-SEER-16.2/instance-out.sql,0.00,0.00
CZ11/Gro&0&cDXGF&New&dxAC_equip/NE-dxAC-PkgAC-33to65-New-SEER-17.1/instance-out.sql,0.00,0.00
CZ11/Gro&0&cDXGF&New&dxAC_equip/NE-dxAC-PkgAC-33to65-New-SEER-18.1/instance-out.sql,0.00,0.00
CZ11/Hsp&0&cDXGF&New&dxAC_equip/NE-dxAC-PkgAC-18to33-New-SEER-13.4/instance-out.sql,0.00,46.00
CZ11/Hsp&0&cDXGF&New&dxAC_equip/NE-dxAC-PkgAC-18to33-New-SEER-15.2/instance-out.sql,0.00,46.00
CZ11/Hsp&0&cDXGF&New&dxAC_equip/NE-dxAC-PkgAC-18to33-New-SEER-16.2/instance-out.sql,0.00,46.00
CZ11/Hsp&0&cDXGF&New&dxAC_equip/NE-dxAC-PkgAC-18to33-New-SEER-17.1/instance-out.sql,0.00,46.00
CZ11/Hsp&0&cDXGF&New&dxAC_equip/NE-dxAC-PkgAC-18to33-New-SEER-18.1/instance-out.sql,0.00,46.00
CZ11/Hsp&0&cDXGF&New&dxAC_equip/NE-dxAC-PkgAC-33to65-New-SEER-13.4/instance-out.sql,0.00,46.00
CZ11/Hsp&0&cDXGF&New&dxAC_equip/NE-dxAC-PkgAC-33to65-New-SEER-15.2/instance-out.sql,0.00,46.00
CZ11/Hsp&0&cDXGF&New&dxAC_equip/NE-dxAC-PkgAC-33to65-New-SEER-16.2/instance-out.sql,0.00,46.00
CZ11/Hsp&0&cDXGF&New&dxAC_equip/NE-dxAC-PkgAC-33to65-New-SEER-17.1/instance-out.sql,0.00,46.00
CZ11/Hsp&0&cDXGF&New&dxAC_equip/NE-dxAC-PkgAC-33to65-New-SEER-18.1/instance-out.sql,0.00,46.00
CZ11/MBT&0&cDXGF&New&dxAC_equip/NE-dxAC-PkgAC-18to33-New-SEER-13.4/instance-out.sql,0.00,169.00
CZ11/MBT&0&cDXGF&New&dxAC_equip/NE-dxAC-PkgAC-18to33-New-SEER-15.2/instance-out.sql,0.00,169.00
CZ11/MBT&0&cDXGF&New&dxAC_equip/NE-dxAC-PkgAC-18to33-New-SEER-16.2/instance-out.sql,0.00,169.00
CZ11/MBT&0&cDXGF&New&dxAC_equip/NE-dxAC-PkgAC-18to33-New-SEER-17.1/instance-out.sql,0.00,169.00
CZ11/MBT&0&cDXGF&New&dxAC_equip/NE-dxAC-PkgAC-18to33-New-SEER-18.1/instance-out.sql,0.00,169.00
CZ11/MBT&0&cDXGF&New&dxAC_equip/NE-dxAC-PkgAC-33to65-New-SEER-13.4/instance-out.sql,0.00,169.00
CZ11/MBT&0&cDXGF&New&dxAC_equip/NE-dxAC-PkgAC-33to65-New-SEER-15.2/instance-out.sql,0.00,169.00
CZ11/MBT&0&cDXGF&New&dxAC_equip/NE-dxAC-PkgAC-33to65-New-SEER-16.2/instance-out.sql,0.00,169.00
CZ11/MBT&0&cDXGF&New&dxAC_equip/NE-dxAC-PkgAC-33to65-New-SEER-17.1/instance-out.sql,0.00,169.00
CZ11/MBT&0&cDXGF&New&dxAC_equip/NE-dxAC-PkgAC-33to65-New-SEER-18.1/instance-out.sql,0.00,169.00
CZ11/MLI&0&cDXGF&New&dxAC_equip/NE-dxAC-PkgAC-18to33-New-SEER-13.4/instance-out.sql,0.00,48.00
CZ11/MLI&0&cDXGF&New&dxAC_equip/NE-dxAC-PkgAC-18to33-New-SEER-15.2/instance-out.sql,0.00,48.00
CZ11/MLI&0&cDXGF&New&dxAC_equip/NE-dxAC-PkgAC-18to33-New-SEER-16.2/instance-out.sql,0.00,48.00
CZ11/MLI&0&cDXGF&New&dxAC_equip/NE-dxAC-PkgAC-18to33-New-SEER-17.1/instance-out.sql,0.00,48.00
CZ11/MLI&0&cDXGF&New&dxAC_equip/NE-dxAC-PkgAC-18to33-New-SEER-18.1/instance-out.sql,0.00,48.00
CZ11/MLI&0&cDXGF&New&dxAC_equip/NE-dxAC-PkgAC-33to65-New-SEER-13.4/instance-out.sql,0.00,48.00
CZ11/MLI&0&cDXGF&New&dxAC_equip/NE-dxAC-PkgAC-33to65-New-SEER-15.2/instance-out.sql,0.00,48.00
CZ11/MLI&0&cDXGF&New&dxAC_equip/NE-dxAC-PkgAC-33to65-New-SEER-16.2/instance-out.sql,0.00,48.00
CZ11/MLI&0&cDXGF&New&dxAC_equip/NE-dxAC-PkgAC-33to65-New-SEER-17.1/instance-out.sql,0.00,48.00
CZ11/MLI&0&cDXGF&New&dxAC_equip/NE-dxAC-PkgAC-33to65-New-SEER-18.1/instance-out.sql,0.00,48.00
CZ11/Mtl&0&cDXGF&New&dxAC_equip/NE-dxAC-PkgAC-18to33-New-SEER-13.4/instance-out.sql,0.00,237.00
CZ11/Mtl&0&cDXGF&New&dxAC_equip/NE-dxAC-PkgAC-18to33-New-SEER-15.2/instance-out.sql,0.00,237.00
CZ11/Mtl&0&cDXGF&New&dxAC_equip/NE-dxAC-PkgAC-18to33-New-SEER-16.2/instance-out.sql,0.00,237.00
CZ11/Mtl&0&cDXGF&New&dxAC_equip/NE-dxAC-PkgAC-18to33-New-SEER-17.1/instance-out.sql,0.00,237.00
CZ11/Mtl&0&cDXGF&New&dxAC_equip/NE-dxAC-PkgAC-18to33-New-SEER-18.1/instance-out.sql,0.00,237.00
CZ11/Mtl&0&cDXGF&New&dxAC_equip/NE-dxAC-PkgAC-33to65-New-SEER-13.4/instance-out.sql,0.00,237.00
CZ11/Mtl&0&cDXGF&New&dxAC_equip/NE-dxAC-PkgAC-33to65-New-SEER-15.2/instance-out.sql,0.00,237.00
CZ11/Mtl&0&cDXGF&New&dxAC_equip/NE-dxAC-PkgAC-33to65-New-SEER-16.2/instance-out.sql,0.00,237.00
CZ11/Mtl&0&cDXGF&New&dxAC_equip/NE-dxAC-PkgAC-33to65-New-SEER-17.1/instance-out.sql,0.00,237.00
CZ11/Mtl&0&cDXGF&New&dxAC_equip/NE-dxAC-PkgAC-33to65-New-SEER-18.1/instance-out.sql,0.00,237.00
CZ11/Nrs&0&cDXGF&New&dxAC_equip/NE-dxAC-PkgAC-18to33-New-SEER-13.4/instance-out.sql,0.00,7.00
CZ11/Nrs&0&cDXGF&New&dxAC_equip/NE-dxAC-PkgAC-18to33-New-SEER-15.2/instance-out.sql,0.00,7.00
CZ11/Nrs&0&cDXGF&New&dxAC_equip/NE-dxAC-PkgAC-18to33-New-SEER-16.2/instance-out.sql,0.00,7.00
CZ11/Nrs&0&cDXGF&New&dxAC_equip/NE-dxAC-PkgAC-18to33-New-SEER-17.1/instance-out.sql,0.00,7.00
CZ11/Nrs&0&cDXGF&New&dxAC_equip/NE-dxAC-PkgAC-18to33-New-SEER-18.1/instance-out.sql,0.00,7.00
CZ11/Nrs&0&cDXGF&New&dxAC_equip/NE-dxAC-PkgAC-33to65-New-SEER-13.4/instance-out.sql,0.00,7.00
CZ11/Nrs&0&cDXGF&New&dxAC_equip/NE-dxAC-PkgAC-33to65-New-SEER-15.2/instance-out.sql,0.00,7.00
CZ11/Nrs&0&cDXGF&New&dxAC_equip/NE-dxAC-PkgAC-33to65-New-SEER-16.2/instance-out.sql,0.00,7.00
CZ11/Nrs&0&cDXGF&New&dxAC_equip/NE-dxAC-PkgAC-33to65-New-SEER-17.1/instance-out.sql,0.00,7.00
CZ11/Nrs&0&cDXGF&New&dxAC_equip/NE-dxAC-PkgAC-33to65-New-SEER-18.1/instance-out.sql,0.00,7.00
CZ11/OfL&0&cDXGF&New&dxAC_equip/NE-dxAC-PkgAC-18to33-New-SEER-13.4/instance-out.sql,2.00,372.00
CZ11/OfL&0&cDXGF&New&dxAC_equip/NE-dxAC-PkgAC-18to33-New-SEER-15.2/instance-out.sql,2.00,372.00
CZ11/OfL&0&cDXGF&New&dxAC_equip/NE-dxAC-PkgAC-18to33-New-SEER-16.2/instance-out.sql,2.00,372.00
CZ11/OfL&0&cDXGF&New&dxAC_equip/NE-dxAC-PkgAC-18to33-New-SEER-17.1/instance-out.sql,2.00,372.00
CZ11/OfL&0&cDXGF&New&dxAC_equip/NE-dxAC-PkgAC-18to33-New-SEER-18.1/instance-out.sql,2.00,372.00
CZ11/OfL&0&cDXGF&New&dxAC_equip/NE-dxAC-PkgAC-33to65-New-SEER-13.4/instance-out.sql,2.00,372.00
CZ11/OfL&0&cDXGF&New&dxAC_equip/NE-dxAC-PkgAC-33to65-New-SEER-15.2/instance-out.sql,2.00,372.00
CZ11/OfL&0&cDXGF&New&dxAC_equip/NE-dxAC-PkgAC-33to65-New-SEER-16.2/instance-out.sql,2.00,372.00
CZ11/OfL&0&cDXGF&New&dxAC_equip/NE-dxAC-PkgAC-33to65-New-SEER-17.1/instance-out.sql,2.00,372.00
CZ11/OfL&0&cDXGF&New&dxAC_equip/NE-dxAC-PkgAC-33to65-New-SEER-18.1/instance-out.sql,2.00,372.00
CZ11/OfS&0&cDXGF&New&dxAC_equip/NE-dxAC-PkgAC-18to33-New-SEER-13.4/instance-out.sql,0.00,158.00
CZ11/OfS&0&cDXGF&New&dxAC_equip/NE-dxAC-PkgAC-18to33-New-SEER-15.2/instance-out.sql,0.00,158.00
CZ11/OfS&0&cDXGF&New&dxAC_equip/NE-dxAC-PkgAC-18to33-New-SEER-16.2/instance-out.sql,0.00,158.00
CZ11/OfS&0&cDXGF&New&dxAC_equip/NE-dxAC-PkgAC-18to33-New-SEER-17.1/instance-out.sql,0.00,158.00
CZ11/OfS&0&cDXGF&New&dxAC_equip/NE-dxAC-PkgAC-18to33-New-SEER-18.1/instance-out.sql,0.00,158.00
CZ11/OfS&0&cDXGF&New&dxAC_equip/NE-dxAC-PkgAC-33to65-New-SEER-13.4/instance-out.sql,0.00,158.00
CZ11/OfS&0&cDXGF&New&dxAC_equip/NE-dxAC-PkgAC-33to65-New-SEER-15.2/instance-out.sql,0.00,158.00
CZ11/OfS&0&cDXGF&New&dxAC_equip/NE-dxAC-PkgAC-33to65-New-SEER-16.2/instance-out.sql,0.00,158.00
CZ11/OfS&0&cDXGF&New&dxAC_equip/NE-dxAC-PkgAC-33to65-New-SEER-17.1/instance-out.sql,0.00,158.00
CZ11/OfS&0&cDXGF&New&dxAC_equip/NE-dxAC-PkgAC-33to65-New-SEER-18.1/instance-out.sql,0.00,158.00
CZ11/RFF&0&cDXGF&New&dxAC_equip/NE-dxAC-PkgAC-18to33-New-SEER-13.4/instance-out.sql,1.00,0.00
CZ11/RFF&0&cDXGF&New&dxAC_equip/NE-dxAC-PkgAC-18to33-New-SEER-15.2/instance-out.sql,1.00,0.00
CZ11/RFF&0&cDXGF&New&dxAC_equip/NE-dxAC-PkgAC-18to33-New-SEER-16.2/instance-out.sql,1.00,0.00
CZ11/RFF&0&cDXGF&New&dxAC_equip/NE-dxAC-PkgAC-18to33-New-SEER-17.1/instance-out.sql,1.00,0.00
CZ11/RFF&0&cDXGF&New&dxAC_equip/NE-dxAC-PkgAC-18to33-New-SEER-18.1/instance-out.sql,1.00,0.00
CZ11/RFF&0&cDXGF&New&dxAC_equip/NE-dxAC-PkgAC-33to65-New-SEER-13.4/instance-out.sql,1.00,0.00
CZ11/RFF&0&cDXGF&New&dxAC_equip/NE-dxAC-PkgAC-33to65-New-SEER-15.2/instance-out.sql,1.00,0.00
CZ11/RFF&0&cDXGF&New&dxAC_equip/NE-dxAC-PkgAC-33to65-New-SEER-16.2/instance-out.sql,1.00,0.00
CZ11/RFF&0&cDXGF&New&dxAC_equip/NE-dxAC-PkgAC-33to65-New-SEER-17.1/instance-out.sql,1.00,0.00
CZ11/RFF&0&cDXGF&New&dxAC_equip/NE-dxAC-PkgAC-33to65-New-SEER-18.1/instance-out.sql,1.00,0.00
CZ11/RSD&0&cDXGF&New&dxAC_equip/NE-dxAC-PkgAC-18to33-New-SEER-13.4/instance-out.sql,0.00,15.00
CZ11/RSD&0&cDXGF&New&dxAC_equip/NE-dxAC-PkgAC-18to33-New-SEER-15.2/instance-out.sql,0.00,15.00
CZ11/RSD&0&cDXGF&New&dxAC_equip/NE-dxAC-PkgAC-18to33-New-SEER-16.2/instance-out.sql,0.00,15.00
CZ11/RSD&0&cDXGF&New&dxAC_equip/NE-dxAC-PkgAC-18to33-New-SEER-17.1/instance-out.sql,0.00,15.00
CZ11/RSD&0&cDXGF&New&dxAC_equip/NE-dxAC-PkgAC-18to33-New-SEER-18.1/instance-out.sql,0.00,15.00
CZ11/RSD&0&cDXGF&New&dxAC_equip/NE-dxAC-PkgAC-33to65-New-SEER-13.4/instance-out.sql,0.00,15.00
CZ11/RSD&0&cDXGF&New&dxAC_equip/NE-dxAC-PkgAC-33to65-New-SEER-15.2/instance-out.sql,0.00,15.00
CZ11/RSD&0&cDXGF&New&dxAC_equip/NE-dxAC-PkgAC-33to65-New-SEER-16.2/instance-out.sql,0.00,15.00
CZ11/RSD&0&cDXGF&New&dxAC_equip/NE-dxAC-PkgAC-33to65-New-SEER-17.1/instance-out.sql,0.00,15.00
CZ11/RSD&0&cDXGF&New&dxAC_equip/NE-dxAC-PkgAC-33to65-New-SEER-18.1/instance-out.sql,0.00,15.00
CZ11/Rt3&0&cDXGF&New&dxAC_equip/NE-dxAC-PkgAC-18to33-New-SEER-13.4/instance-out.sql,0.00,5.00
CZ11/Rt3&0&cDXGF&New&dxAC_equip/NE-dxAC-PkgAC-18to33-New-SEER-15.2/instance-out.sql,0.00,5.00
CZ11/Rt3&0&cDXGF&New&dxAC_equip/NE-dxAC-PkgAC-18to33-New-SEER-16.2/instance-out.sql,0.00,5.00
CZ11/Rt3&0&cDXGF&New&dxAC_equip/NE-dxAC-PkgAC-18to33-New-SEER-17.1/instance-out.sql,0.00,5.00
CZ11/Rt3&0&cDXGF&New&dxAC_equip/NE-dxAC-PkgAC-18to33-New-SEER-18.1/instance-out.sql,0.00,5.00
CZ11/Rt3&0&cDXGF&New&dxAC_equip/NE-dxAC-PkgAC-33to65-New-SEER-13.4/instance-out.sql,0.00,5.00
CZ11/Rt3&0&cDXGF&New&dxAC_equip/NE-dxAC-PkgAC-33to65-New-SEER-15.2/instance-out.sql,0.00,5.00
CZ11/Rt3&0&cDXGF&New&dxAC_equip/NE-dxAC-PkgAC-33to65-New-SEER-16.2/instance-out.sql,0.00,5.00
CZ11/Rt3&0&cDXGF&New&dxAC_equip/NE-dxAC-PkgAC-33to65-New-SEER-17.1/instance-out.sql,0.00,5.00
CZ11/Rt3&0&cDXGF&New&dxAC_equip/NE-dxAC-PkgAC-33to65-New-SEER-18.1/instance-out.sql,0.00,5.00
CZ11/RtL&0&cDXGF&New&dxAC_equip/NE-dxAC-PkgAC-18to33-New-SEER-13.4/instance-out.sql,0.00,0.00
CZ11/RtL&0&cDXGF&New&dxAC_equip/NE-dxAC-PkgAC-18to33-New-SEER-15.2/instance-out.sql,0.00,0.00
CZ11/RtL&0&cDXGF&New&dxAC_equip/NE-dxAC-PkgAC-18to33-New-SEER-16.2/instance-out.sql,0.00,0.00
CZ11/RtL&0&cDXGF&New&dxAC_equip/NE-dxAC-PkgAC-18to33-New-SEER-17.1/instance-out.sql,0.00,0.00
CZ11/RtL&0&cDXGF&New&dxAC_equip/NE-dxAC-PkgAC-18to33-New-SEER-18.1/instance-out.sql,0.00,0.00
CZ11/RtL&0&cDXGF&New&dxAC_equip/NE-dxAC-PkgAC-33to65-New-SEER-13.4/instance-out.sql,0.00,0.00
CZ11/RtL&0&cDXGF&New&dxAC_equip/NE-dxAC-PkgAC-33to65-New-SEER-15.2/instance-out.sql,0.00,0.00
CZ11/RtL&0&cDXGF&New&dxAC_equip/NE-dxAC-PkgAC-33to65-New-SEER-16.2/instance-out.sql,0.00,0.00
CZ11/RtL&0&cDXGF&New&dxAC_equip/NE-dxAC-PkgAC-33to65-New-SEER-17.1/instance-out.sql,0.00,0.00
CZ11/RtL&0&cDXGF&New&dxAC_equip/NE-dxAC-PkgAC-33to65-New-SEER-18.1/instance-out.sql,0.00,0.00
CZ11/RtS&0&cDXGF&New&dxAC_equip/NE-dxAC-PkgAC-18to33-New-SEER-13.4/instance-out.sql,0.00,10.00
CZ11/RtS&0&cDXGF&New&dxAC_equip/NE-dxAC-PkgAC-18to33-New-SEER-15.2/instance-out.sql,0.00,10.00
CZ11/RtS&0&cDXGF&New&dxAC_equip/NE-dxAC-PkgAC-18to33-New-SEER-16.2/instance-out.sql,0.00,10.00
CZ11/RtS&0&cDXGF&New&dxAC_equip/NE-dxAC-PkgAC-18to33-New-SEER-17.1/instance-out.sql,0.00,10.00
CZ11/RtS&0&cDXGF&New&dxAC_equip/NE-dxAC-PkgAC-18to33-New-SEER-18.1/instance-out.sql,0.00,10.00
CZ11/RtS&0&cDXGF&New&dxAC_equip/NE-dxAC-PkgAC-33to65-New-SEER-13.4/instance-out.sql,0.00,10.00
CZ11/RtS&0&cDXGF&New&dxAC_equip/NE-dxAC-PkgAC-33to65-New-SEER-15.2/instance-out.sql,0.00,10.00
CZ11/RtS&0&cDXGF&New&dxAC_equip/NE-dxAC-PkgAC-33to65-New-SEER-16.2/instance-out.sql,0.00,10.00
CZ11/RtS&0&cDXGF&New&dxAC_equip/NE-dxAC-PkgAC-33to65-New-SEER-17.1/instance-out.sql,0.00,10.00
CZ11/RtS&0&cDXGF&New&dxAC_equip/NE-dxAC-PkgAC-33to65-New-SEER-18.1/instance-out.sql,0.00,10.00
CZ11/SCn&0&cDXGF&New&dxAC_equip/NE-dxAC-PkgAC-18to33-New-SEER-13.4/instance-out.sql,0.00,0.00
CZ11/SCn&0&cDXGF&New&dxAC_equip/NE-dxAC-PkgAC-18to33-New-SEER-15.2/instance-out.sql,0.00,0.00
CZ11/SCn&0&cDXGF&New&dxAC_equip/NE-dxAC-PkgAC-18to33-New-SEER-16.2/instance-out.sql,0.00,0.00
CZ11/SCn&0&cDXGF&New&dxAC_equip/NE-dxAC-PkgAC-18to33-New-SEER-17.1/instance-out.sql,0.00,0.00
CZ11/SCn&0&cDXGF&New&dxAC_equip/NE-dxAC-PkgAC-18to33-New-SEER-18.1/instance-out.sql,0.00,0.00
CZ11/SCn&0&cDXGF&New&dxAC_equip/NE-dxAC-PkgAC-33to65-New-SEER-13.4/instance-out.sql,0.00,0.00
CZ11/SCn&0&cDXGF&New&dxAC_equip/NE-dxAC-PkgAC-33to65-New-SEER-15.2/instance-out.sql,0.00,0.00
CZ11/SCn&0&cDXGF&New&dxAC_equip/NE-dxAC-PkgAC-33to65-New-SEER-16.2/instance-out.sql,0.00,0.00
CZ11/SCn&0&cDXGF&New&dxAC_equip/NE-dxAC-PkgAC-33to65-New-SEER-17.1/instance-out.sql,0.00,0.00
CZ11/SCn&0&cDXGF&New&dxAC_equip/NE-dxAC-PkgAC-33to65-New-SEER-18.1/instance-out.sql,0.00,0.00
CZ12/Asm&0&cDXGF&New&dxAC_equip/NE-dxAC-PkgAC-18to33-New-SEER-13.4/instance-out.sql,0.00,4.00
CZ12/Asm&0&cDXGF&New&dxAC_equip/NE-dxAC-PkgAC-18to33-New-SEER-15.2/instance-out.sql,0.00,4.00
CZ12/Asm&0&cDXGF&New&dxAC_equip/NE-dxAC-PkgAC-18to33-New-SEER-16.2/instance-out.sql,0.00,4.00
CZ12/Asm&0&cDXGF&New&dxAC_equip/NE-dxAC-PkgAC-18to33-New-SEER-17.1/instance-out.sql,0.00,4.00
CZ12/Asm&0&cDXGF&New&dxAC_equip/NE-dxAC-PkgAC-18to33-New-SEER-18.1/instance-out.sql,0.00,4.00
CZ12/Asm&0&cDXGF&New&dxAC_equip/NE-dxAC-PkgAC-33to65-New-SEER-13.4/instance-out.sql,0.00,4.00
CZ12/Asm&0&cDXGF&New&dxAC_equip/NE-dxAC-PkgAC-33to65-New-SEER-15.2/instance-out.sql,0.00,4.00
CZ12/Asm&0&cDXGF&New&dxAC_equip/NE-dxAC-PkgAC-33to65-New-SEER-16.2/instance-out.sql,0.00,4.00
CZ12/Asm&0&cDXGF&New&dxAC_equip/NE-dxAC-PkgAC-33to65-New-SEER-17.1/instance-out.sql,0.00,4.00
CZ12/Asm&0&cDXGF&New&dxAC_equip/NE-dxAC-PkgAC-33to65-New-SEER-18.1/instance-out.sql,0.00,4.00
CZ12/ECC&0&cDXGF&New&dxAC_equip/NE-dxAC-PkgAC-18to33-New-SEER-13.4/instance-out.sql,0.00,5599.00
CZ12/ECC&0&cDXGF&New&dxAC_equip/NE-dxAC-PkgAC-18to33-New-SEER-15.2/instance-out.sql,0.00,5599.00
CZ12/ECC&0&cDXGF&New&dxAC_equip/NE-dxAC-PkgAC-18to33-New-SEER-16.2/instance-out.sql,0.00,5599.00
CZ12/ECC&0&cDXGF&New&dxAC_equip/NE-dxAC-PkgAC-18to33-New-SEER-17.1/instance-out.sql,0.00,5599.00
CZ12/ECC&0&cDXGF&New&dxAC_equip/NE-dxAC-PkgAC-18to33-New-SEER-18.1/instance-out.sql,0.00,5599.00
CZ12/ECC&0&cDXGF&New&dxAC_equip/NE-dxAC-PkgAC-33to65-New-SEER-13.4/instance-out.sql,0.00,5600.00
CZ12/ECC&0&cDXGF&New&dxAC_equip/NE-dxAC-PkgAC-33to65-New-SEER-15.2/instance-out.sql,0.00,5600.00
CZ12/ECC&0&cDXGF&New&dxAC_equip/NE-dxAC-PkgAC-33to65-New-SEER-16.2/instance-out.sql,0.00,5600.00
CZ12/ECC&0&cDXGF&New&dxAC_equip/NE-dxAC-PkgAC-33to65-New-SEER-17.1/instance-out.sql,0.00,5600.00
CZ12/ECC&0&cDXGF&New&dxAC_equip/NE-dxAC-PkgAC-33to65-New-SEER-18.1/instance-out.sql,0.00,5600.00
CZ12/EPr&0&cDXGF&New&dxAC_equip/NE-dxAC-PkgAC-18to33-New-SEER-13.4/instance-out.sql,0.00,32.00
CZ12/EPr&0&cDXGF&New&dxAC_equip/NE-dxAC-PkgAC-18to33-New-SEER-15.2/instance-out.sql,0.00,32.00
CZ12/EPr&0&cDXGF&New&dxAC_equip/NE-dxAC-PkgAC-18to33-New-SEER-16.2/instance-out.sql,0.00,32.00
CZ12/EPr&0&cDXGF&New&dxAC_equip/NE-dxAC-PkgAC-18to33-New-SEER-17.1/instance-out.sql,0.00,32.00
CZ12/EPr&0&cDXGF&New&dxAC_equip/NE-dxAC-PkgAC-18to33-New-SEER-18.1/instance-out.sql,0.00,32.00
CZ12/EPr&0&cDXGF&New&dxAC_equip/NE-dxAC-PkgAC-33to65-New-SEER-13.4/instance-out.sql,0.00,32.00
CZ12/EPr&0&cDXGF&New&dxAC_equip/NE-dxAC-PkgAC-33to65-New-SEER-15.2/instance-out.sql,0.00,32.00
CZ12/EPr&0&cDXGF&New&dxAC_equip/NE-dxAC-PkgAC-33to65-New-SEER-16.2/instance-out.sql,0.00,32.00
CZ12/EPr&0&cDXGF&New&dxAC_equip/NE-dxAC-PkgAC-33to65-New-SEER-17.1/instance-out.sql,0.00,32.00
CZ12/EPr&0&cDXGF&New&dxAC_equip/NE-dxAC-PkgAC-33to65-New-SEER-18.1/instance-out.sql,0.00,32.00
CZ12/ERC&0&cDXGF&New&dxAC_equip/NE-dxAC-PkgAC-18to33-New-SEER-13.4/instance-out.sql,0.00,0.00
CZ12/ERC&0&cDXGF&New&dxAC_equip/NE-dxAC-PkgAC-18to33-New-SEER-15.2/instance-out.sql,0.00,0.00
CZ12/ERC&0&cDXGF&New&dxAC_equip/NE-dxAC-PkgAC-18to33-New-SEER-16.2/instance-out.sql,0.00,0.00
CZ12/ERC&0&cDXGF&New&dxAC_equip/NE-dxAC-PkgAC-18to33-New-SEER-17.1/instance-out.sql,0.00,0.00
CZ12/ERC&0&cDXGF&New&dxAC_equip/NE-dxAC-PkgAC-18to33-New-SEER-18.1/instance-out.sql,0.00,0.00
CZ12/ERC&0&cDXGF&New&dxAC_equip/NE-dxAC-PkgAC-33to65-New-SEER-13.4/instance-out.sql,0.00,0.00
CZ12/ERC&0&cDXGF&New&dxAC_equip/NE-dxAC-PkgAC-33to65-New-SEER-15.2/instance-out.sql,0.00,0.00
CZ12/ERC&0&cDXGF&New&dxAC_equip/NE-dxAC-PkgAC-33to65-New-SEER-16.2/instance-out.sql,0.00,0.00
CZ12/ERC&0&cDXGF&New&dxAC_equip/NE-dxAC-PkgAC-33to65-New-SEER-17.1/instance-out.sql,0.00,0.00
CZ12/ERC&0&cDXGF&New&dxAC_equip/NE-dxAC-PkgAC-33to65-New-SEER-18.1/instance-out.sql,0.00,0.00
CZ12/ESe&0&cDXGF&New&dxAC_equip/NE-dxAC-PkgAC-18to33-New-SEER-13.4/instance-out.sql,0.00,1.00
CZ12/ESe&0&cDXGF&New&dxAC_equip/NE-dxAC-PkgAC-18to33-New-SEER-15.2/instance-out.sql,0.00,1.00
CZ12/ESe&0&cDXGF&New&dxAC_equip/NE-dxAC-PkgAC-18to33-New-SEER-16.2/instance-out.sql,0.00,1.00
CZ12/ESe&0&cDXGF&New&dxAC_equip/NE-dxAC-PkgAC-18to33-New-SEER-17.1/instance-out.sql,0.00,1.00
CZ12/ESe&0&cDXGF&New&dxAC_equip/NE-dxAC-PkgAC-18to33-New-SEER-18.1/instance-out.sql,0.00,1.00
CZ12/ESe&0&cDXGF&New&dxAC_equip/NE-dxAC-PkgAC-33to65-New-SEER-13.4/instance-out.sql,0.00,1.00
CZ12/ESe&0&cDXGF&New&dxAC_equip/NE-dxAC-PkgAC-33to65-New-SEER-15.2/instance-out.sql,0.00,1.00
CZ12/ESe&0&cDXGF&New&dxAC_equip/NE-dxAC-PkgAC-33to65-New-SEER-16.2/instance-out.sql,0.00,1.00
CZ12/ESe&0&cDXGF&New&dxAC_equip/NE-dxAC-PkgAC-33to65-New-SEER-17.1/instance-out.sql,0.00,1.00
CZ12/ESe&0&cDXGF&New&dxAC_equip/NE-dxAC-PkgAC-33to65-New-SEER-18.1/instance-out.sql,0.00,1.00
CZ12/EUn&0&cDXGF&New&dxAC_equip/NE-dxAC-PkgAC-18to33-New-SEER-13.4/instance-out.sql,0.00,233.00
CZ12/EUn&0&cDXGF&New&dxAC_equip/NE-dxAC-PkgAC-18to33-New-SEER-15.2/instance-out.sql,0.00,233.00
CZ12/EUn&0&cDXGF&New&dxAC_equip/NE-dxAC-PkgAC-18to33-New-SEER-16.2/instance-out.sql,0.00,233.00
CZ12/EUn&0&cDXGF&New&dxAC_equip/NE-dxAC-PkgAC-18to33-New-SEER-17.1/instance-out.sql,0.00,233.00
CZ12/EUn&0&cDXGF&New&dxAC_equip/NE-dxAC-PkgAC-18to33-New-SEER-18.1/instance-out.sql,0.00,233.00
CZ12/EUn&0&cDXGF&New&dxAC_equip/NE-dxAC-PkgAC-33to65-New-SEER-13.4/instance-out.sql,0.00,233.00
CZ12/EUn&0&cDXGF&New&dxAC_equip/NE-dxAC-PkgAC-33to65-New-SEER-15.2/instance-out.sql,0.00,233.00
CZ12/EUn&0&cDXGF&New&dxAC_equip/NE-dxAC-PkgAC-33to65-New-SEER-16.2/instance-out.sql,0.00,233.00
CZ12/EUn&0&cDXGF&New&dxAC_equip/NE-dxAC-PkgAC-33to65-New-SEER-17.1/instance-out.sql,0.00,233.00
CZ12/EUn&0&cDXGF&New&dxAC_equip/NE-dxAC-PkgAC-33to65-New-SEER-18.1/instance-out.sql,0.00,233.00
CZ12/Gro&0&cDXGF&New&dxAC_equip/NE-dxAC-PkgAC-18to33-New-SEER-13.4/instance-out.sql,0.00,1.00
CZ12/Gro&0&cDXGF&New&dxAC_equip/NE-dxAC-PkgAC-18to33-New-SEER-15.2/instance-out.sql,0.00,1.00
CZ12/Gro&0&cDXGF&New&dxAC_equip/NE-dxAC-PkgAC-18to33-New-SEER-16.2/instance-out.sql,0.00,1.00
CZ12/Gro&0&cDXGF&New&dxAC_equip/NE-dxAC-PkgAC-18to33-New-SEER-17.1/instance-out.sql,0.00,1.00
CZ12/Gro&0&cDXGF&New&dxAC_equip/NE-dxAC-PkgAC-18to33-New-SEER-18.1/instance-out.sql,0.00,1.00
CZ12/Gro&0&cDXGF&New&dxAC_equip/NE-dxAC-PkgAC-33to65-New-SEER-13.4/instance-out.sql,0.00,1.00
CZ12/Gro&0&cDXGF&New&dxAC_equip/NE-dxAC-PkgAC-33to65-New-SEER-15.2/instance-out.sql,0.00,1.00
CZ12/Gro&0&cDXGF&New&dxAC_equip/NE-dxAC-PkgAC-33to65-New-SEER-16.2/instance-out.sql,0.00,1.00
CZ12/Gro&0&cDXGF&New&dxAC_equip/NE-dxAC-PkgAC-33to65-New-SEER-17.1/instance-out.sql,0.00,1.00
CZ12/Gro&0&cDXGF&New&dxAC_equip/NE-dxAC-PkgAC-33to65-New-SEER-18.1/instance-out.sql,0.00,1.00
CZ12/Hsp&0&cDXGF&New&dxAC_equip/NE-dxAC-PkgAC-18to33-New-SEER-13.4/instance-out.sql,0.00,2.00
CZ12/Hsp&0&cDXGF&New&dxAC_equip/NE-dxAC-PkgAC-18to33-New-SEER-15.2/instance-out.sql,0.00,2.00
CZ12/Hsp&0&cDXGF&New&dxAC_equip/NE-dxAC-PkgAC-18to33-New-SEER-16.2/instance-out.sql,0.00,2.00
CZ12/Hsp&0&cDXGF&New&dxAC_equip/NE-dxAC-PkgAC-18to33-New-SEER-17.1/instance-out.sql,0.00,2.00
CZ12/Hsp&0&cDXGF&New&dxAC_equip/NE-dxAC-PkgAC-18to33-New-SEER-18.1/instance-out.sql,0.00,2.00
CZ12/Hsp&0&cDXGF&New&dxAC_equip/NE-dxAC-PkgAC-33to65-New-SEER-13.4/instance-out.sql,0.00,2.00
CZ12/Hsp&0&cDXGF&New&dxAC_equip/NE-dxAC-PkgAC-33to65-New-SEER-15.2/instance-out.sql,0.00,2.00
CZ12/Hsp&0&cDXGF&New&dxAC_equip/NE-dxAC-PkgAC-33to65-New-SEER-16.2/instance-out.sql,0.00,2.00
CZ12/Hsp&0&cDXGF&New&dxAC_equip/NE-dxAC-PkgAC-33to65-New-SEER-17.1/instance-out.sql,0.00,2.00
CZ12/Hsp&0&cDXGF&New&dxAC_equip/NE-dxAC-PkgAC-33to65-New-SEER-18.1/instance-out.sql,0.00,2.00
CZ12/MBT&0&cDXGF&New&dxAC_equip/NE-dxAC-PkgAC-18to33-New-SEER-13.4/instance-out.sql,0.00,118.00
CZ12/MBT&0&cDXGF&New&dxAC_equip/NE-dxAC-PkgAC-18to33-New-SEER-15.2/instance-out.sql,0.00,118.00
CZ12/MBT&0&cDXGF&New&dxAC_equip/NE-dxAC-PkgAC-18to33-New-SEER-16.2/instance-out.sql,0.00,118.00
CZ12/MBT&0&cDXGF&New&dxAC_equip/NE-dxAC-PkgAC-18to33-New-SEER-17.1/instance-out.sql,0.00,118.00
CZ12/MBT&0&cDXGF&New&dxAC_equip/NE-dxAC-PkgAC-18to33-New-SEER-18.1/instance-out.sql,0.00,118.00
CZ12/MBT&0&cDXGF&New&dxAC_equip/NE-dxAC-PkgAC-33to65-New-SEER-13.4/instance-out.sql,0.00,118.00
CZ12/MBT&0&cDXGF&New&dxAC_equip/NE-dxAC-PkgAC-33to65-New-SEER-15.2/instance-out.sql,0.00,118.00
CZ12/MBT&0&cDXGF&New&dxAC_equip/NE-dxAC-PkgAC-33to65-New-SEER-16.2/instance-out.sql,0.00,118.00
CZ12/MBT&0&cDXGF&New&dxAC_equip/NE-dxAC-PkgAC-33to65-New-SEER-17.1/instance-out.sql,0.00,118.00
CZ12/MBT&0&cDXGF&New&dxAC_equip/NE-dxAC-PkgAC-33to65-New-SEER-18.1/instance-out.sql,0.00,118.00
CZ12/MLI&0&cDXGF&New&dxAC_equip/NE-dxAC-PkgAC-18to33-New-SEER-13.4/instance-out.sql,0.00,0.00
CZ12/MLI&0&cDXGF&New&dxAC_equip/NE-dxAC-PkgAC-18to33-New-SEER-15.2/instance-out.sql,0.00,0.00
CZ12/MLI&0&cDXGF&New&dxAC_equip/NE-dxAC-PkgAC-18to33-New-SEER-16.2/instance-out.sql,0.00,0.00
CZ12/MLI&0&cDXGF&New&dxAC_equip/NE-dxAC-PkgAC-18to33-New-SEER-17.1/instance-out.sql,0.00,0.00
CZ12/MLI&0&cDXGF&New&dxAC_equip/NE-dxAC-PkgAC-18to33-New-SEER-18.1/instance-out.sql,0.00,0.00
CZ12/MLI&0&cDXGF&New&dxAC_equip/NE-dxAC-PkgAC-33to65-New-SEER-13.4/instance-out.sql,0.00,0.00
CZ12/MLI&0&cDXGF&New&dxAC_equip/NE-dxAC-PkgAC-33to65-New-SEER-15.2/instance-out.sql,0.00,0.00
CZ12/MLI&0&cDXGF&New&dxAC_equip/NE-dxAC-PkgAC-33to65-New-SEER-16.2/instance-out.sql,0.00,0.00
CZ12/MLI&0&cDXGF&New&dxAC_equip/NE-dxAC-PkgAC-33to65-New-SEER-17.1/instance-out.sql,0.00,0.00
CZ12/MLI&0&cDXGF&New&dxAC_equip/NE-dxAC-PkgAC-33to65-New-SEER-18.1/instance-out.sql,0.00,0.00
CZ12/Mtl&0&cDXGF&New&dxAC_equip/NE-dxAC-PkgAC-18to33-New-SEER-13.4/instance-out.sql,2.00,204.00
CZ12/Mtl&0&cDXGF&New&dxAC_equip/NE-dxAC-PkgAC-18to33-New-SEER-15.2/instance-out.sql,2.00,204.00
CZ12/Mtl&0&cDXGF&New&dxAC_equip/NE-dxAC-PkgAC-18to33-New-SEER-16.2/instance-out.sql,2.00,204.00
CZ12/Mtl&0&cDXGF&New&dxAC_equip/NE-dxAC-PkgAC-18to33-New-SEER-17.1/instance-out.sql,2.00,204.00
CZ12/Mtl&0&cDXGF&New&dxAC_equip/NE-dxAC-PkgAC-18to33-New-SEER-18.1/instance-out.sql,2.00,204.00
CZ12/Mtl&0&cDXGF&New&dxAC_equip/NE-dxAC-PkgAC-33to65-New-SEER-13.4/instance-out.sql,2.00,204.00
CZ12/Mtl&0&cDXGF&New&dxAC_equip/NE-dxAC-PkgAC-33to65-New-SEER-15.2/instance-out.sql,2.00,204.00
CZ12/Mtl&0&cDXGF&New&dxAC_equip/NE-dxAC-PkgAC-33to65-New-SEER-16.2/instance-out.sql,2.00,204.00
CZ12/Mtl&0&cDXGF&New&dxAC_equip/NE-dxAC-PkgAC-33to65-New-SEER-17.1/instance-out.sql,2.00,204.00
CZ12/Mtl&0&cDXGF&New&dxAC_equip/NE-dxAC-PkgAC-33to65-New-SEER-18.1/instance-out.sql,2.00,204.00
CZ12/Nrs&0&cDXGF&New&dxAC_equip/NE-dxAC-PkgAC-18to33-New-SEER-13.4/instance-out.sql,0.00,0.00
CZ12/Nrs&0&cDXGF&New&dxAC_equip/NE-dxAC-PkgAC-18to33-New-SEER-15.2/instance-out.sql,0.00,0.00
CZ12/Nrs&0&cDXGF&New&dxAC_equip/NE-dxAC-PkgAC-18to33-New-SEER-16.2/instance-out.sql,0.00,0.00
CZ12/Nrs&0&cDXGF&New&dxAC_equip/NE-dxAC-PkgAC-18to33-New-SEER-17.1/instance-out.sql,0.00,0.00
CZ12/Nrs&0&cDXGF&New&dxAC_equip/NE-dxAC-PkgAC-18to33-New-SEER-18.1/instance-out.sql,0.00,0.00
CZ12/Nrs&0&cDXGF&New&dxAC_equip/NE-dxAC-PkgAC-33to65-New-SEER-13.4/instance-out.sql,0.00,0.00
CZ12/Nrs&0&cDXGF&New&dxAC_equip/NE-dxAC-PkgAC-33to65-New-SEER-15.2/instance-out.sql,0.00,0.00
CZ12/Nrs&0&cDXGF&New&dxAC_equip/NE-dxAC-PkgAC-33to65-New-SEER-16.2/instance-out.sql,0.00,0.00
CZ12/Nrs&0&cDXGF&New&dxAC_equip/NE-dxAC-PkgAC-33to65-New-SEER-17.1/instance-out.sql,0.00,0.00
CZ12/Nrs&0&cDXGF&New&dxAC_equip/NE-dxAC-PkgAC-33to65-New-SEER-18.1/instance-out.sql,0.00,0.00
CZ12/OfL&0&cDXGF&New&dxAC_equip/NE-dxAC-PkgAC-18to33-New-SEER-13.4/instance-out.sql,1.00,216.00
CZ12/OfL&0&cDXGF&New&dxAC_equip/NE-dxAC-PkgAC-18to33-New-SEER-15.2/instance-out.sql,1.00,216.00
CZ12/OfL&0&cDXGF&New&dxAC_equip/NE-dxAC-PkgAC-18to33-New-SEER-16.2/instance-out.sql,1.00,216.00
CZ12/OfL&0&cDXGF&New&dxAC_equip/NE-dxAC-PkgAC-18to33-New-SEER-17.1/instance-out.sql,1.00,216.00
CZ12/OfL&0&cDXGF&New&dxAC_equip/NE-dxAC-PkgAC-18to33-New-SEER-18.1/instance-out.sql,1.00,216.00
CZ12/OfL&0&cDXGF&New&dxAC_equip/NE-dxAC-PkgAC-33to65-New-SEER-13.4/instance-out.sql,1.00,216.00
CZ12/OfL&0&cDXGF&New&dxAC_equip/NE-dxAC-PkgAC-33to65-New-SEER-15.2/instance-out.sql,1.00,216.00
CZ12/OfL&0&cDXGF&New&dxAC_equip/NE-dxAC-PkgAC-33to65-New-SEER-16.2/instance-out.sql,1.00,216.00
CZ12/OfL&0&cDXGF&New&dxAC_equip/NE-dxAC-PkgAC-33to65-New-SEER-17.1/instance-out.sql,1.00,216.00
CZ12/OfL&0&cDXGF&New&dxAC_equip/NE-dxAC-PkgAC-33to65-New-SEER-18.1/instance-out.sql,1.00,216.00
CZ12/OfS&0&cDXGF&New&dxAC_equip/NE-dxAC-PkgAC-18to33-New-SEER-13.4/instance-out.sql,0.00,108.00
CZ12/OfS&0&cDXGF&New&dxAC_equip/NE-dxAC-PkgAC-18to33-New-SEER-15.2/instance-out.sql,0.00,108.00
CZ12/OfS&0&cDXGF&New&dxAC_equip/NE-dxAC-PkgAC-18to33-New-SEER-16.2/instance-out.sql,0.00,108.00
CZ12/OfS&0&cDXGF&New&dxAC_equip/NE-dxAC-PkgAC-18to33-New-SEER-17.1/instance-out.sql,0.00,108.00
CZ12/OfS&0&cDXGF&New&dxAC_equip/NE-dxAC-PkgAC-18to33-New-SEER-18.1/instance-out.sql,0.00,108.00
CZ12/OfS&0&cDXGF&New&dxAC_equip/NE-dxAC-PkgAC-33to65-New-SEER-13.4/instance-out.sql,0.00,108.00
CZ12/OfS&0&cDXGF&New&dxAC_equip/NE-dxAC-PkgAC-33to65-New-SEER-15.2/instance-out.sql,0.00,108.00
CZ12/OfS&0&cDXGF&New&dxAC_equip/NE-dxAC-PkgAC-33to65-New-SEER-16.2/instance-out.sql,0.00,108.00
CZ12/OfS&0&cDXGF&New&dxAC_equip/NE-dxAC-PkgAC-33to65-New-SEER-17.1/instance-out.sql,0.00,108.00
CZ12/OfS&0&cDXGF&New&dxAC_equip/NE-dxAC-PkgAC-33to65-New-SEER-18.1/instance-out.sql,0.00,108.00
CZ12/RFF&0&cDXGF&New&dxAC_equip/NE-dxAC-PkgAC-18to33-New-SEER-13.4/instance-out.sql,0.00,1.00
CZ12/RFF&0&cDXGF&New&dxAC_equip/NE-dxAC-PkgAC-18to33-New-SEER-15.2/instance-out.sql,0.00,1.00
CZ12/RFF&0&cDXGF&New&dxAC_equip/NE-dxAC-PkgAC-18to33-New-SEER-16.2/instance-out.sql,0.00,1.00
CZ12/RFF&0&cDXGF&New&dxAC_equip/NE-dxAC-PkgAC-18to33-New-SEER-17.1/instance-out.sql,0.00,1.00
CZ12/RFF&0&cDXGF&New&dxAC_equip/NE-dxAC-PkgAC-18to33-New-SEER-18.1/instance-out.sql,0.00,1.00
CZ12/RFF&0&cDXGF&New&dxAC_equip/NE-dxAC-PkgAC-33to65-New-SEER-13.4/instance-out.sql,0.00,0.00
CZ12/RFF&0&cDXGF&New&dxAC_equip/NE-dxAC-PkgAC-33to65-New-SEER-15.2/instance-out.sql,0.00,0.00
CZ12/RFF&0&cDXGF&New&dxAC_equip/NE-dxAC-PkgAC-33to65-New-SEER-16.2/instance-out.sql,0.00,0.00
CZ12/RFF&0&cDXGF&New&dxAC_equip/NE-dxAC-PkgAC-33to65-New-SEER-17.1/instance-out.sql,0.00,0.00
CZ12/RFF&0&cDXGF&New&dxAC_equip/NE-dxAC-PkgAC-33to65-New-SEER-18.1/instance-out.sql,0.00,0.00
CZ12/RSD&0&cDXGF&New&dxAC_equip/NE-dxAC-PkgAC-18to33-New-SEER-13.4/instance-out.sql,0.00,2.00
CZ12/RSD&0&cDXGF&New&dxAC_equip/NE-dxAC-PkgAC-18to33-New-SEER-15.2/instance-out.sql,0.00,2.00
CZ12/RSD&0&cDXGF&New&dxAC_equip/NE-dxAC-PkgAC-18to33-New-SEER-16.2/instance-out.sql,0.00,2.00
CZ12/RSD&0&cDXGF&New&dxAC_equip/NE-dxAC-PkgAC-18to33-New-SEER-17.1/instance-out.sql,0.00,2.00
CZ12/RSD&0&cDXGF&New&dxAC_equip/NE-dxAC-PkgAC-18to33-New-SEER-18.1/instance-out.sql,0.00,2.00
CZ12/RSD&0&cDXGF&New&dxAC_equip/NE-dxAC-PkgAC-33to65-New-SEER-13.4/instance-out.sql,0.00,2.00
CZ12/RSD&0&cDXGF&New&dxAC_equip/NE-dxAC-PkgAC-33to65-New-SEER-15.2/instance-out.sql,0.00,2.00
CZ12/RSD&0&cDXGF&New&dxAC_equip/NE-dxAC-PkgAC-33to65-New-SEER-16.2/instance-out.sql,0.00,2.00
CZ12/RSD&0&cDXGF&New&dxAC_equip/NE-dxAC-PkgAC-33to65-New-SEER-17.1/instance-out.sql,0.00,2.00
CZ12/RSD&0&cDXGF&New&dxAC_equip/NE-dxAC-PkgAC-33to65-New-SEER-18.1/instance-out.sql,0.00,2.00
CZ12/Rt3&0&cDXGF&New&dxAC_equip/NE-dxAC-PkgAC-18to33-New-SEER-13.4/instance-out.sql,0.00,0.00
CZ12/Rt3&0&cDXGF&New&dxAC_equip/NE-dxAC-PkgAC-18to33-New-SEER-15.2/instance-out.sql,0.00,0.00
CZ12/Rt3&0&cDXGF&New&dxAC_equip/NE-dxAC-PkgAC-18to33-New-SEER-16.2/instance-out.sql,0.00,0.00
CZ12/Rt3&0&cDXGF&New&dxAC_equip/NE-dxAC-PkgAC-18to33-New-SEER-17.1/instance-out.sql,0.00,0.00
CZ12/Rt3&0&cDXGF&New&dxAC_equip/NE-dxAC-PkgAC-18to33-New-SEER-18.1/instance-out.sql,0.00,0.00
CZ12/Rt3&0&cDXGF&New&dxAC_equip/NE-dxAC-PkgAC-33to65-New-SEER-13.4/instance-out.sql,0.00,0.00
CZ12/Rt3&0&cDXGF&New&dxAC_equip/NE-dxAC-PkgAC-33to65-New-SEER-15.2/instance-out.sql,0.00,0.00
CZ12/Rt3&0&cDXGF&New&dxAC_equip/NE-dxAC-PkgAC-33to65-New-SEER-16.2/instance-out.sql,0.00,0.00
CZ12/Rt3&0&cDXGF&New&dxAC_equip/NE-dxAC-PkgAC-33to65-New-SEER-17.1/instance-out.sql,0.00,0.00
CZ12/Rt3&0&cDXGF&New&dxAC_equip/NE-dxAC-PkgAC-33to65-New-SEER-18.1/instance-out.sql,0.00,0.00
CZ12/RtL&0&cDXGF&New&dxAC_equip/NE-dxAC-PkgAC-18to33-New-SEER-13.4/instance-out.sql,0.00,0.00
CZ12/RtL&0&cDXGF&New&dxAC_equip/NE-dxAC-PkgAC-18to33-New-SEER-15.2/instance-out.sql,0.00,0.00
CZ12/RtL&0&cDXGF&New&dxAC_equip/NE-dxAC-PkgAC-18to33-New-SEER-16.2/instance-out.sql,0.00,0.00
CZ12/RtL&0&cDXGF&New&dxAC_equip/NE-dxAC-PkgAC-18to33-New-SEER-17.1/instance-out.sql,0.00,0.00
CZ12/RtL&0&cDXGF&New&dxAC_equip/NE-dxAC-PkgAC-18to33-New-SEER-18.1/instance-out.sql,0.00,0.00
CZ12/RtL&0&cDXGF&New&dxAC_equip/NE-dxAC-PkgAC-33to65-New-SEER-13.4/instance-out.sql,0.00,0.00
CZ12/RtL&0&cDXGF&New&dxAC_equip/NE-dxAC-PkgAC-33to65-New-SEER-15.2/instance-out.sql,0.00,0.00
CZ12/RtL&0&cDXGF&New&dxAC_equip/NE-dxAC-PkgAC-33to65-New-SEER-16.2/instance-out.sql,0.00,0.00
CZ12/RtL&0&cDXGF&New&dxAC_equip/NE-dxAC-PkgAC-33to65-New-SEER-17.1/instance-out.sql,0.00,0.00
CZ12/RtL&0&cDXGF&New&dxAC_equip/NE-dxAC-PkgAC-33to65-New-SEER-18.1/instance-out.sql,0.00,0.00
CZ12/RtS&0&cDXGF&New&dxAC_equip/NE-dxAC-PkgAC-18to33-New-SEER-13.4/instance-out.sql,0.00,0.00
CZ12/RtS&0&cDXGF&New&dxAC_equip/NE-dxAC-PkgAC-18to33-New-SEER-15.2/instance-out.sql,0.00,0.00
CZ12/RtS&0&cDXGF&New&dxAC_equip/NE-dxAC-PkgAC-18to33-New-SEER-16.2/instance-out.sql,0.00,0.00
CZ12/RtS&0&cDXGF&New&dxAC_equip/NE-dxAC-PkgAC-18to33-New-SEER-17.1/instance-out.sql,0.00,0.00
CZ12/RtS&0&cDXGF&New&dxAC_equip/NE-dxAC-PkgAC-18to33-New-SEER-18.1/instance-out.sql,0.00,0.00
CZ12/RtS&0&cDXGF&New&dxAC_equip/NE-dxAC-PkgAC-33to65-New-SEER-13.4/instance-out.sql,0.00,0.00
CZ12/RtS&0&cDXGF&New&dxAC_equip/NE-dxAC-PkgAC-33to65-New-SEER-15.2/instance-out.sql,0.00,0.00
CZ12/RtS&0&cDXGF&New&dxAC_equip/NE-dxAC-PkgAC-33to65-New-SEER-16.2/instance-out.sql,0.00,0.00
CZ12/RtS&0&cDXGF&New&dxAC_equip/NE-dxAC-PkgAC-33to65-New-SEER-17.1/instance-out.sql,0.00,0.00
CZ12/RtS&0&cDXGF&New&dxAC_equip/NE-dxAC-PkgAC-33to65-New-SEER-18.1/instance-out.sql,0.00,0.00
CZ12/SCn&0&cDXGF&New&dxAC_equip/NE-dxAC-PkgAC-18to33-New-SEER-13.4/instance-out.sql,0.00,0.00
CZ12/SCn&0&cDXGF&New&dxAC_equip/NE-dxAC-PkgAC-18to33-New-SEER-15.2/instance-out.sql,0.00,0.00
CZ12/SCn&0&cDXGF&New&dxAC_equip/NE-dxAC-PkgAC-18to33-New-SEER-16.2/instance-out.sql,0.00,0.00
CZ12/SCn&0&cDXGF&New&dxAC_equip/NE-dxAC-PkgAC-18to33-New-SEER-17.1/instance-out.sql,0.00,0.00
CZ12/SCn&0&cDXGF&New&dxAC_equip/NE-dxAC-PkgAC-18to33-New-SEER-18.1/instance-out.sql,0.00,0.00
CZ12/SCn&0&cDXGF&New&dxAC_equip/NE-dxAC-PkgAC-33to65-New-SEER-13.4/instance-out.sql,0.00,0.00
CZ12/SCn&0&cDXGF&New&dxAC_equip/NE-dxAC-PkgAC-33to65-New-SEER-15.2/instance-out.sql,0.00,0.00
CZ12/SCn&0&cDXGF&New&dxAC_equip/NE-dxAC-PkgAC-33to65-New-SEER-16.2/instance-out.sql,0.00,0.00
CZ12/SCn&0&cDXGF&New&dxAC_equip/NE-dxAC-PkgAC-33to65-New-SEER-17.1/instance-out.sql,0.00,0.00
CZ12/SCn&0&cDXGF&New&dxAC_equip/NE-dxAC-PkgAC-33to65-New-SEER-18.1/instance-out.sql,0.00,0.00

