File Name,Net Site EUI (kWh/m2),Net Site Energy (kWh),Net Source EUI (kWh/m2),Net Source Energy (kWh)
CZ01/Asm&0&cDXHP&Ex&dxHP_equip__pkgEER/NE-dxAC_equip-pkgEER-14.2-IEER-TE-0.81/instance-out.sql,140.36,886818.06,330.83,2090192.57
CZ01/Asm&0&cDXHP&Ex&dxHP_equip__pkgEER/NE-dxAC_equip-pkgEER-13.2-IEER-TE-0.81/instance-out.sql,140.38,886917.32,330.88,2090524.13
CZ01/Asm&0&cDXHP&Ex&dxHP_equip__pkgEER/NE-dxAC_equip-pkgEER-14.8-IEER-TE-0.81/instance-out.sql,140.35,886732.20,330.78,2089905.82
CZ01/Asm&0&cDXHP&Ex&dxHP_equip__pkgEER/NE-dxAC_equip-pkgSEER-13.4-SEER2/instance-out.sql,140.37,886869.51,330.86,2090364.43
CZ01/Asm&0&cDXHP&Ex&dxHP_equip__pkgEER/NE-dxAC_equip-pkgEER-12.2-IEER-TE-0.80/instance-out.sql,141.10,891455.27,331.67,2095478.96
CZ01/Asm&0&cDXHP&Ex&dxHP_equip__pkgEER/NE-dxAC_equip-pkgEER-11.4-IEER-TE-0.80/instance-out.sql,141.12,891624.70,331.76,2096044.84
CZ01/Asm&0&cDXHP&Ex&dxHP_equip__pkgEER/NE-dxAC_equip-pkgEER-12.7-IEER-TE-0.80/instance-out.sql,141.10,891461.88,331.67,2095501.03
CZ01/Asm&0&cDXHP&Ex&dxHP_equip__pkgEER/NE-dxAC_equip-pkgSEER-12.35-SEER2/instance-out.sql,141.09,891422.78,331.65,2095370.43
CZ01/Asm&0&cDXHP&Ex&dxHP_equip__pkgEER/NE-dxHP_equip-pkgEER-14.5-IEER/instance-out.sql,99.00,625459.74,321.84,2033409.72
CZ01/Asm&0&cDXHP&Ex&dxHP_equip__pkgEER/NE-dxHP_equip-pkgEER-15.5-IEER/instance-out.sql,98.98,625375.50,321.80,2033128.37
CZ01/Asm&0&cDXHP&Ex&dxHP_equip__pkgEER/NE-dxHP_equip-pkgEER-13.5-IEER/instance-out.sql,99.01,625545.15,321.89,2033695.01
CZ01/Asm&0&cDXHP&Ex&dxHP_equip__pkgEER/NE-dxHP_equip-pkgEER-14-IEER/instance-out.sql,99.00,625481.87,321.85,2033483.66
CZ01/Asm&0&cDXHP&Ex&dxHP_equip__pkgEER/NE-dxHP_equip-pkgEER-15-IEER/instance-out.sql,98.11,619877.11,318.89,2014763.76
CZ01/Asm&0&cDXHP&Ex&dxHP_equip__pkgEER/NE-dxHP_equip-pkgEER-16-IEER/instance-out.sql,98.09,619766.90,318.83,2014395.66
CZ01/Asm&0&cDXHP&Ex&dxHP_equip__pkgEER/NE-dxHP_equip-pkgSEER-15.4-SEER2/instance-out.sql,96.95,612550.62,315.02,1990293.28
CZ01/Asm&0&cDXHP&Ex&dxHP_equip__pkgEER/NE-dxHP_equip-pkgSEER-16.3-SEER2/instance-out.sql,96.65,610647.59,314.01,1983937.15
CZ01/Asm&0&cDXHP&Ex&dxHP_equip__pkgEER/NE-dxHP_equip-pkgSEER-14.4-SEER2-1Stage/instance-out.sql,97.20,614106.43,315.84,1995489.67
CZ01/Asm&0&cDXHP&Ex&dxHP_equip__pkgEER/NE-dxHP_equip-pkgSEER-14.4-SEER2-2Stage/instance-out.sql,77.38,488880.09,249.64,1577233.16
CZ01/Asm&0&cDXHP&Ex&dxHP_equip__pkgEER/NE-dxHP_equip-spltSEER-14.4-SEER2-8.7-HSPF/instance-out.sql,96.83,611799.59,314.62,1987784.84
CZ01/Asm&0&cDXHP&Ex&dxHP_equip__pkgEER/NE-dxHP_equip-spltSEER-15.4-SEER2-9-HSPF/instance-out.sql,96.66,610719.89,314.05,1984178.62
CZ01/Asm&0&cDXHP&Ex&dxHP_equip__pkgEER/NE-dxHP_equip-spltSEER-16.3-SEER2-9.4-HSPF/instance-out.sql,96.44,609279.39,313.29,1979367.35
CZ01/Asm&0&cDXHP&Ex&dxHP_equip__pkgEER/NE-dxHP_equip-spltSEER-17.3-SEER2-9.7-HSPF/instance-out.sql,96.31,608463.38,312.86,1976641.88
CZ01/ECC&0&cDXHP&Ex&dxHP_equip__pkgEER/NE-dxAC_equip-pkgEER-14.2-IEER-TE-0.81/instance-out.sql,95.68,2526192.02,259.52,6851884.46
CZ01/ECC&0&cDXHP&Ex&dxHP_equip__pkgEER/NE-dxAC_equip-pkgEER-13.2-IEER-TE-0.81/instance-out.sql,95.69,2526431.43,259.55,6852684.07
CZ01/ECC&0&cDXHP&Ex&dxHP_equip__pkgEER/NE-dxAC_equip-pkgEER-14.8-IEER-TE-0.81/instance-out.sql,95.67,2525984.97,259.49,6851192.90
CZ01/ECC&0&cDXHP&Ex&dxHP_equip__pkgEER/NE-dxAC_equip-pkgSEER-13.4-SEER2/instance-out.sql,95.69,2526316.11,259.53,6852298.92
CZ01/ECC&0&cDXHP&Ex&dxHP_equip__pkgEER/NE-dxAC_equip-pkgEER-12.2-IEER-TE-0.80/instance-out.sql,95.76,2528262.41,259.64,6855092.12
CZ01/ECC&0&cDXHP&Ex&dxHP_equip__pkgEER/NE-dxAC_equip-pkgEER-11.4-IEER-TE-0.80/instance-out.sql,95.77,2528671.01,259.69,6856456.86
CZ01/ECC&0&cDXHP&Ex&dxHP_equip__pkgEER/NE-dxAC_equip-pkgEER-12.7-IEER-TE-0.80/instance-out.sql,95.76,2528278.34,259.64,6855145.34
CZ01/ECC&0&cDXHP&Ex&dxHP_equip__pkgEER/NE-dxAC_equip-pkgSEER-12.35-SEER2/instance-out.sql,95.76,2528184.05,259.63,6854830.39
CZ01/ECC&0&cDXHP&Ex&dxHP_equip__pkgEER/NE-dxHP_equip-pkgEER-14.5-IEER/instance-out.sql,92.12,2432237.08,258.87,6834668.31
CZ01/ECC&0&cDXHP&Ex&dxHP_equip__pkgEER/NE-dxHP_equip-pkgEER-15.5-IEER/instance-out.sql,92.11,2432032.78,258.84,6833985.97
CZ01/ECC&0&cDXHP&Ex&dxHP_equip__pkgEER/NE-dxHP_equip-pkgEER-13.5-IEER/instance-out.sql,92.13,2432444.22,258.89,6835360.18
CZ01/ECC&0&cDXHP&Ex&dxHP_equip__pkgEER/NE-dxHP_equip-pkgEER-14-IEER/instance-out.sql,92.12,2432290.76,258.87,6834847.62
CZ01/ECC&0&cDXHP&Ex&dxHP_equip__pkgEER/NE-dxHP_equip-pkgEER-15-IEER/instance-out.sql,92.04,2429975.58,258.58,6827114.91
CZ01/ECC&0&cDXHP&Ex&dxHP_equip__pkgEER/NE-dxHP_equip-pkgEER-16-IEER/instance-out.sql,92.03,2429708.30,258.55,6826222.19
CZ01/ECC&0&cDXHP&Ex&dxHP_equip__pkgEER/NE-dxHP_equip-pkgSEER-15.4-SEER2/instance-out.sql,91.93,2427074.57,258.21,6817425.53
CZ01/ECC&0&cDXHP&Ex&dxHP_equip__pkgEER/NE-dxHP_equip-pkgSEER-16.3-SEER2/instance-out.sql,91.89,2426214.27,258.10,6814552.14
CZ01/ECC&0&cDXHP&Ex&dxHP_equip__pkgEER/NE-dxHP_equip-pkgSEER-14.4-SEER2-1Stage/instance-out.sql,91.95,2427806.14,258.31,6819868.98
CZ01/ECC&0&cDXHP&Ex&dxHP_equip__pkgEER/NE-dxHP_equip-pkgSEER-14.4-SEER2-2Stage/instance-out.sql,84.90,2241610.26,234.75,6197884.33
CZ01/ECC&0&cDXHP&Ex&dxHP_equip__pkgEER/NE-dxHP_equip-spltSEER-14.4-SEER2-8.7-HSPF/instance-out.sql,91.92,2426943.04,258.20,6816986.24
CZ01/ECC&0&cDXHP&Ex&dxHP_equip__pkgEER/NE-dxHP_equip-spltSEER-15.4-SEER2-9-HSPF/instance-out.sql,91.90,2426389.60,258.13,6815137.74
CZ01/ECC&0&cDXHP&Ex&dxHP_equip__pkgEER/NE-dxHP_equip-spltSEER-16.3-SEER2-9.4-HSPF/instance-out.sql,91.87,2425702.36,258.04,6812842.36
CZ01/ECC&0&cDXHP&Ex&dxHP_equip__pkgEER/NE-dxHP_equip-spltSEER-17.3-SEER2-9.7-HSPF/instance-out.sql,91.86,2425284.24,257.99,6811445.82
CZ01/ECC&0&cDXHP&Ex&dxHP_equip__pkgEER/NE-dxAC_equip-pkgEER-14.2-IEER-TE-0.81-VarFan/instance-out.sql,95.67,2526040.57,259.50,6851296.07
CZ01/ECC&0&cDXHP&Ex&dxHP_equip__pkgEER/NE-dxAC_equip-pkgEER-13.2-IEER-TE-0.81-VarFan/instance-out.sql,95.68,2526279.91,259.53,6852095.48
CZ01/ECC&0&cDXHP&Ex&dxHP_equip__pkgEER/NE-dxAC_equip-pkgEER-14.8-IEER-TE-0.81-VarFan/instance-out.sql,95.67,2525833.57,259.47,6850604.70
CZ01/ECC&0&cDXHP&Ex&dxHP_equip__pkgEER/NE-dxAC_equip-pkgSEER-13.4-SEER2-VarFan/instance-out.sql,95.68,2526164.63,259.51,6851710.42
CZ01/EPr&0&cDXHP&Ex&dxHP_equip__pkgEER/NE-dxAC_equip-pkgEER-14.2-IEER-TE-0.81/instance-out.sql,110.03,416505.62,254.30,962629.79
CZ01/EPr&0&cDXHP&Ex&dxHP_equip__pkgEER/NE-dxAC_equip-pkgEER-13.2-IEER-TE-0.81/instance-out.sql,110.04,416541.11,254.33,962748.31
CZ01/EPr&0&cDXHP&Ex&dxHP_equip__pkgEER/NE-dxAC_equip-pkgEER-14.8-IEER-TE-0.81/instance-out.sql,110.02,416474.93,254.27,962527.29
CZ01/EPr&0&cDXHP&Ex&dxHP_equip__pkgEER/NE-dxAC_equip-pkgSEER-13.4-SEER2/instance-out.sql,110.03,416524.02,254.32,962691.22
CZ01/EPr&0&cDXHP&Ex&dxHP_equip__pkgEER/NE-dxAC_equip-pkgEER-12.2-IEER-TE-0.80/instance-out.sql,110.21,417203.22,254.54,963514.31
CZ01/EPr&0&cDXHP&Ex&dxHP_equip__pkgEER/NE-dxAC_equip-pkgEER-11.4-IEER-TE-0.80/instance-out.sql,110.23,417263.78,254.59,963716.59
CZ01/EPr&0&cDXHP&Ex&dxHP_equip__pkgEER/NE-dxAC_equip-pkgEER-12.7-IEER-TE-0.80/instance-out.sql,110.21,417205.58,254.54,963522.20
CZ01/EPr&0&cDXHP&Ex&dxHP_equip__pkgEER/NE-dxAC_equip-pkgSEER-12.35-SEER2/instance-out.sql,110.21,417191.60,254.53,963475.52
CZ01/EPr&0&cDXHP&Ex&dxHP_equip__pkgEER/NE-dxHP_equip-pkgEER-14.5-IEER/instance-out.sql,100.29,379651.62,252.33,955173.20
CZ01/EPr&0&cDXHP&Ex&dxHP_equip__pkgEER/NE-dxHP_equip-pkgEER-15.5-IEER/instance-out.sql,100.29,379621.49,252.31,955072.57
CZ01/EPr&0&cDXHP&Ex&dxHP_equip__pkgEER/NE-dxHP_equip-pkgEER-13.5-IEER/instance-out.sql,100.30,379682.17,252.36,955275.23
CZ01/EPr&0&cDXHP&Ex&dxHP_equip__pkgEER/NE-dxHP_equip-pkgEER-14-IEER/instance-out.sql,100.30,379659.54,252.34,955199.64
CZ01/EPr&0&cDXHP&Ex&dxHP_equip__pkgEER/NE-dxHP_equip-pkgEER-15-IEER/instance-out.sql,100.08,378832.08,251.61,952435.92
CZ01/EPr&0&cDXHP&Ex&dxHP_equip__pkgEER/NE-dxHP_equip-pkgEER-16-IEER/instance-out.sql,100.07,378792.66,251.57,952304.26
CZ01/EPr&0&cDXHP&Ex&dxHP_equip__pkgEER/NE-dxHP_equip-pkgSEER-15.4-SEER2/instance-out.sql,99.80,377763.51,250.67,948866.91
CZ01/EPr&0&cDXHP&Ex&dxHP_equip__pkgEER/NE-dxHP_equip-pkgSEER-16.3-SEER2/instance-out.sql,99.72,377474.81,250.41,947902.65
CZ01/EPr&0&cDXHP&Ex&dxHP_equip__pkgEER/NE-dxHP_equip-pkgSEER-14.4-SEER2-1Stage/instance-out.sql,99.86,378002.48,250.88,949665.08
CZ01/EPr&0&cDXHP&Ex&dxHP_equip__pkgEER/NE-dxHP_equip-pkgSEER-14.4-SEER2-2Stage/instance-out.sql,92.08,348547.30,224.89,851284.56
CZ01/EPr&0&cDXHP&Ex&dxHP_equip__pkgEER/NE-dxHP_equip-spltSEER-14.4-SEER2-8.7-HSPF/instance-out.sql,99.77,377671.28,250.58,948558.87
CZ01/EPr&0&cDXHP&Ex&dxHP_equip__pkgEER/NE-dxHP_equip-spltSEER-15.4-SEER2-9-HSPF/instance-out.sql,99.73,377500.67,250.43,947989.01
CZ01/EPr&0&cDXHP&Ex&dxHP_equip__pkgEER/NE-dxHP_equip-spltSEER-16.3-SEER2-9.4-HSPF/instance-out.sql,99.67,377278.37,250.24,947246.55
CZ01/EPr&0&cDXHP&Ex&dxHP_equip__pkgEER/NE-dxHP_equip-spltSEER-17.3-SEER2-9.7-HSPF/instance-out.sql,99.63,377149.44,250.12,946815.92
CZ01/EPr&0&cDXHP&Ex&dxHP_equip__pkgEER/NE-dxAC_equip-pkgEER-14.2-IEER-TE-0.81-VarFan/instance-out.sql,110.03,416488.96,254.28,962537.55
CZ01/EPr&0&cDXHP&Ex&dxHP_equip__pkgEER/NE-dxAC_equip-pkgEER-13.2-IEER-TE-0.81-VarFan/instance-out.sql,110.03,416524.43,254.31,962656.03
CZ01/EPr&0&cDXHP&Ex&dxHP_equip__pkgEER/NE-dxAC_equip-pkgEER-14.8-IEER-TE-0.81-VarFan/instance-out.sql,110.02,416458.28,254.25,962435.08
CZ01/EPr&0&cDXHP&Ex&dxHP_equip__pkgEER/NE-dxAC_equip-pkgSEER-13.4-SEER2-VarFan/instance-out.sql,110.03,416507.35,254.29,962598.96
CZ01/ERC&0&cDXHP&Ex&dxHP_equip__pkgEER/NE-dxAC_equip-pkgEER-14.2-IEER-TE-0.81/instance-out.sql,78.27,20966.81,146.71,39303.60
CZ01/ERC&0&cDXHP&Ex&dxHP_equip__pkgEER/NE-dxAC_equip-pkgEER-13.2-IEER-TE-0.81/instance-out.sql,78.27,20967.69,146.72,39306.53
CZ01/ERC&0&cDXHP&Ex&dxHP_equip__pkgEER/NE-dxAC_equip-pkgEER-14.8-IEER-TE-0.81/instance-out.sql,78.26,20966.06,146.70,39301.08
CZ01/ERC&0&cDXHP&Ex&dxHP_equip__pkgEER/NE-dxAC_equip-pkgSEER-13.4-SEER2/instance-out.sql,78.27,20967.27,146.72,39305.12
CZ01/ERC&0&cDXHP&Ex&dxHP_equip__pkgEER/NE-dxAC_equip-pkgEER-12.2-IEER-TE-0.80/instance-out.sql,78.45,21016.21,146.92,39359.13
CZ01/ERC&0&cDXHP&Ex&dxHP_equip__pkgEER/NE-dxAC_equip-pkgEER-11.4-IEER-TE-0.80/instance-out.sql,78.46,21017.71,146.94,39364.12
CZ01/ERC&0&cDXHP&Ex&dxHP_equip__pkgEER/NE-dxAC_equip-pkgEER-12.7-IEER-TE-0.80/instance-out.sql,78.45,21016.27,146.92,39359.32
CZ01/ERC&0&cDXHP&Ex&dxHP_equip__pkgEER/NE-dxAC_equip-pkgSEER-12.35-SEER2/instance-out.sql,78.45,21015.93,146.92,39358.17
CZ01/ERC&0&cDXHP&Ex&dxHP_equip__pkgEER/NE-dxHP_equip-pkgEER-14.5-IEER/instance-out.sql,67.81,18167.21,144.50,38710.80
CZ01/ERC&0&cDXHP&Ex&dxHP_equip__pkgEER/NE-dxHP_equip-pkgEER-15.5-IEER/instance-out.sql,67.81,18166.45,144.49,38708.26
CZ01/ERC&0&cDXHP&Ex&dxHP_equip__pkgEER/NE-dxHP_equip-pkgEER-13.5-IEER/instance-out.sql,67.82,18167.99,144.51,38713.38
CZ01/ERC&0&cDXHP&Ex&dxHP_equip__pkgEER/NE-dxHP_equip-pkgEER-14-IEER/instance-out.sql,67.82,18167.41,144.50,38711.47
CZ01/ERC&0&cDXHP&Ex&dxHP_equip__pkgEER/NE-dxHP_equip-pkgEER-15-IEER/instance-out.sql,67.59,18107.16,143.75,38510.23
CZ01/ERC&0&cDXHP&Ex&dxHP_equip__pkgEER/NE-dxHP_equip-pkgEER-16-IEER/instance-out.sql,67.59,18106.17,143.74,38506.91
CZ01/ERC&0&cDXHP&Ex&dxHP_equip__pkgEER/NE-dxHP_equip-pkgSEER-15.4-SEER2/instance-out.sql,67.30,18028.30,142.77,38246.82
CZ01/ERC&0&cDXHP&Ex&dxHP_equip__pkgEER/NE-dxHP_equip-pkgSEER-16.3-SEER2/instance-out.sql,67.22,18007.90,142.51,38178.70
CZ01/ERC&0&cDXHP&Ex&dxHP_equip__pkgEER/NE-dxHP_equip-pkgSEER-14.4-SEER2-1Stage/instance-out.sql,67.36,18044.94,142.98,38302.42
CZ01/ERC&0&cDXHP&Ex&dxHP_equip__pkgEER/NE-dxHP_equip-pkgSEER-14.4-SEER2-2Stage/instance-out.sql,61.78,16550.37,124.34,33310.54
CZ01/ERC&0&cDXHP&Ex&dxHP_equip__pkgEER/NE-dxHP_equip-spltSEER-14.4-SEER2-8.7-HSPF/instance-out.sql,67.27,18020.07,142.67,38219.34
CZ01/ERC&0&cDXHP&Ex&dxHP_equip__pkgEER/NE-dxHP_equip-spltSEER-15.4-SEER2-9-HSPF/instance-out.sql,67.22,18008.55,142.52,38180.88
CZ01/ERC&0&cDXHP&Ex&dxHP_equip__pkgEER/NE-dxHP_equip-spltSEER-16.3-SEER2-9.4-HSPF/instance-out.sql,67.17,17993.15,142.33,38129.42
CZ01/ERC&0&cDXHP&Ex&dxHP_equip__pkgEER/NE-dxHP_equip-spltSEER-17.3-SEER2-9.7-HSPF/instance-out.sql,67.13,17984.44,142.22,38100.36
CZ01/ERC&0&cDXHP&Ex&dxHP_equip__pkgEER/NE-dxAC_equip-pkgEER-14.2-IEER-TE-0.81-VarFan/instance-out.sql,78.26,20966.43,146.70,39300.47
CZ01/ERC&0&cDXHP&Ex&dxHP_equip__pkgEER/NE-dxAC_equip-pkgEER-13.2-IEER-TE-0.81-VarFan/instance-out.sql,78.27,20967.30,146.71,39303.40
CZ01/ERC&0&cDXHP&Ex&dxHP_equip__pkgEER/NE-dxAC_equip-pkgEER-14.8-IEER-TE-0.81-VarFan/instance-out.sql,78.26,20965.67,146.69,39297.95
CZ01/ERC&0&cDXHP&Ex&dxHP_equip__pkgEER/NE-dxAC_equip-pkgSEER-13.4-SEER2-VarFan/instance-out.sql,78.27,20966.88,146.71,39301.99
CZ01/ESe&0&cDXHP&Ex&dxHP_equip__pkgEER/NE-dxAC_equip-pkgEER-14.2-IEER-TE-0.81/instance-out.sql,179.89,1243432.46,418.19,2890599.91
CZ01/ESe&0&cDXHP&Ex&dxHP_equip__pkgEER/NE-dxAC_equip-pkgEER-13.2-IEER-TE-0.81/instance-out.sql,179.90,1243484.73,418.21,2890774.51
CZ01/ESe&0&cDXHP&Ex&dxHP_equip__pkgEER/NE-dxAC_equip-pkgEER-14.8-IEER-TE-0.81/instance-out.sql,179.88,1243387.24,418.17,2890448.91
CZ01/ESe&0&cDXHP&Ex&dxHP_equip__pkgEER/NE-dxAC_equip-pkgSEER-13.4-SEER2/instance-out.sql,179.89,1243459.55,418.20,2890690.41
CZ01/ESe&0&cDXHP&Ex&dxHP_equip__pkgEER/NE-dxAC_equip-pkgEER-12.2-IEER-TE-0.80/instance-out.sql,179.95,1243840.56,418.28,2891254.28
CZ01/ESe&0&cDXHP&Ex&dxHP_equip__pkgEER/NE-dxAC_equip-pkgEER-11.4-IEER-TE-0.80/instance-out.sql,179.96,1243929.78,418.33,2891552.27
CZ01/ESe&0&cDXHP&Ex&dxHP_equip__pkgEER/NE-dxAC_equip-pkgEER-12.7-IEER-TE-0.80/instance-out.sql,179.95,1243844.04,418.28,2891265.90
CZ01/ESe&0&cDXHP&Ex&dxHP_equip__pkgEER/NE-dxAC_equip-pkgSEER-12.35-SEER2/instance-out.sql,179.95,1243823.45,418.27,2891197.13
CZ01/ESe&0&cDXHP&Ex&dxHP_equip__pkgEER/NE-dxHP_equip-pkgEER-14.5-IEER/instance-out.sql,177.29,1225479.78,417.72,2887333.52
CZ01/ESe&0&cDXHP&Ex&dxHP_equip__pkgEER/NE-dxHP_equip-pkgEER-15.5-IEER/instance-out.sql,177.29,1225435.74,417.69,2887186.43
CZ01/ESe&0&cDXHP&Ex&dxHP_equip__pkgEER/NE-dxHP_equip-pkgEER-13.5-IEER/instance-out.sql,177.30,1225524.43,417.74,2887482.67
CZ01/ESe&0&cDXHP&Ex&dxHP_equip__pkgEER/NE-dxHP_equip-pkgEER-14-IEER/instance-out.sql,177.29,1225491.35,417.72,2887372.18
CZ01/ESe&0&cDXHP&Ex&dxHP_equip__pkgEER/NE-dxHP_equip-pkgEER-15-IEER/instance-out.sql,177.23,1225040.91,417.50,2885867.71
CZ01/ESe&0&cDXHP&Ex&dxHP_equip__pkgEER/NE-dxHP_equip-pkgEER-16-IEER/instance-out.sql,177.22,1224983.29,417.48,2885675.27
CZ01/ESe&0&cDXHP&Ex&dxHP_equip__pkgEER/NE-dxHP_equip-pkgSEER-15.4-SEER2/instance-out.sql,177.15,1224479.67,417.23,2883993.16
CZ01/ESe&0&cDXHP&Ex&dxHP_equip__pkgEER/NE-dxHP_equip-pkgSEER-16.3-SEER2/instance-out.sql,177.12,1224310.41,417.15,2883427.85
CZ01/ESe&0&cDXHP&Ex&dxHP_equip__pkgEER/NE-dxHP_equip-pkgSEER-14.4-SEER2-1Stage/instance-out.sql,177.17,1224624.26,417.30,2884476.08
CZ01/ESe&0&cDXHP&Ex&dxHP_equip__pkgEER/NE-dxHP_equip-pkgSEER-14.4-SEER2-2Stage/instance-out.sql,172.84,1194685.22,402.69,2783458.81
CZ01/ESe&0&cDXHP&Ex&dxHP_equip__pkgEER/NE-dxHP_equip-spltSEER-14.4-SEER2-8.7-HSPF/instance-out.sql,177.14,1224458.61,417.22,2883922.81
CZ01/ESe&0&cDXHP&Ex&dxHP_equip__pkgEER/NE-dxHP_equip-spltSEER-15.4-SEER2-9-HSPF/instance-out.sql,177.13,1224348.21,417.17,2883554.09
CZ01/ESe&0&cDXHP&Ex&dxHP_equip__pkgEER/NE-dxHP_equip-spltSEER-16.3-SEER2-9.4-HSPF/instance-out.sql,177.11,1224212.17,417.10,2883099.70
CZ01/ESe&0&cDXHP&Ex&dxHP_equip__pkgEER/NE-dxHP_equip-spltSEER-17.3-SEER2-9.7-HSPF/instance-out.sql,177.10,1224128.76,417.06,2882821.13
CZ01/ESe&0&cDXHP&Ex&dxHP_equip__pkgEER/NE-dxAC_equip-pkgEER-14.2-IEER-TE-0.81-VarFan/instance-out.sql,179.89,1243415.02,418.18,2890519.93
CZ01/ESe&0&cDXHP&Ex&dxHP_equip__pkgEER/NE-dxAC_equip-pkgEER-13.2-IEER-TE-0.81-VarFan/instance-out.sql,179.89,1243467.28,418.20,2890694.48
CZ01/ESe&0&cDXHP&Ex&dxHP_equip__pkgEER/NE-dxAC_equip-pkgEER-14.8-IEER-TE-0.81-VarFan/instance-out.sql,179.88,1243369.82,418.15,2890368.96
CZ01/ESe&0&cDXHP&Ex&dxHP_equip__pkgEER/NE-dxAC_equip-pkgSEER-13.4-SEER2-VarFan/instance-out.sql,179.89,1243442.10,418.19,2890610.40
CZ01/EUn&0&cDXHP&Ex&dxHP_equip__pkgEER/NE-dxAC_equip-pkgEER-14.2-IEER-TE-0.81/instance-out.sql,100.30,7992787.99,297.74,23727246.99
CZ01/EUn&0&cDXHP&Ex&dxHP_equip__pkgEER/NE-dxAC_equip-pkgEER-13.2-IEER-TE-0.81/instance-out.sql,100.31,7993676.10,297.78,23730213.28
CZ01/EUn&0&cDXHP&Ex&dxHP_equip__pkgEER/NE-dxAC_equip-pkgEER-14.8-IEER-TE-0.81/instance-out.sql,100.29,7992019.89,297.71,23724681.56
CZ01/EUn&0&cDXHP&Ex&dxHP_equip__pkgEER/NE-dxAC_equip-pkgSEER-13.4-SEER2/instance-out.sql,100.30,7993248.32,297.76,23728784.49
CZ01/EUn&0&cDXHP&Ex&dxHP_equip__pkgEER/NE-dxAC_equip-pkgEER-12.2-IEER-TE-0.80/instance-out.sql,100.37,7998342.51,297.86,23736920.49
CZ01/EUn&0&cDXHP&Ex&dxHP_equip__pkgEER/NE-dxAC_equip-pkgEER-11.4-IEER-TE-0.80/instance-out.sql,100.39,7999858.28,297.93,23741983.18
CZ01/EUn&0&cDXHP&Ex&dxHP_equip__pkgEER/NE-dxAC_equip-pkgEER-12.7-IEER-TE-0.80/instance-out.sql,100.37,7998401.62,297.86,23737117.92
CZ01/EUn&0&cDXHP&Ex&dxHP_equip__pkgEER/NE-dxAC_equip-pkgSEER-12.35-SEER2/instance-out.sql,100.36,7998051.81,297.85,23735949.56
CZ01/EUn&0&cDXHP&Ex&dxHP_equip__pkgEER/NE-dxHP_equip-pkgEER-14.5-IEER/instance-out.sql,97.49,7768750.41,297.26,23689249.43
CZ01/EUn&0&cDXHP&Ex&dxHP_equip__pkgEER/NE-dxHP_equip-pkgEER-15.5-IEER/instance-out.sql,97.48,7768004.72,297.23,23686758.85
CZ01/EUn&0&cDXHP&Ex&dxHP_equip__pkgEER/NE-dxHP_equip-pkgEER-13.5-IEER/instance-out.sql,97.50,7769506.51,297.30,23691774.83
CZ01/EUn&0&cDXHP&Ex&dxHP_equip__pkgEER/NE-dxHP_equip-pkgEER-14-IEER/instance-out.sql,97.49,7768946.36,297.27,23689903.92
CZ01/EUn&0&cDXHP&Ex&dxHP_equip__pkgEER/NE-dxHP_equip-pkgEER-15-IEER/instance-out.sql,97.41,7763005.85,297.02,23670062.62
CZ01/EUn&0&cDXHP&Ex&dxHP_equip__pkgEER/NE-dxHP_equip-pkgEER-16-IEER/instance-out.sql,97.40,7762030.26,296.98,23666804.13
CZ01/EUn&0&cDXHP&Ex&dxHP_equip__pkgEER/NE-dxHP_equip-pkgSEER-15.4-SEER2/instance-out.sql,97.32,7755726.00,296.72,23645747.91
CZ01/EUn&0&cDXHP&Ex&dxHP_equip__pkgEER/NE-dxHP_equip-pkgSEER-16.3-SEER2/instance-out.sql,97.29,7753421.61,296.62,23638051.24
CZ01/EUn&0&cDXHP&Ex&dxHP_equip__pkgEER/NE-dxHP_equip-pkgSEER-14.4-SEER2-1Stage/instance-out.sql,97.35,7757719.32,296.80,23652405.62
CZ01/EUn&0&cDXHP&Ex&dxHP_equip__pkgEER/NE-dxHP_equip-pkgSEER-14.4-SEER2-2Stage/instance-out.sql,90.04,7175077.61,272.37,21705040.98
CZ01/EUn&0&cDXHP&Ex&dxHP_equip__pkgEER/NE-dxHP_equip-spltSEER-14.4-SEER2-8.7-HSPF/instance-out.sql,97.32,7755622.06,296.71,23645400.75
CZ01/EUn&0&cDXHP&Ex&dxHP_equip__pkgEER/NE-dxHP_equip-spltSEER-15.4-SEER2-9-HSPF/instance-out.sql,97.30,7754061.58,296.65,23640188.75
CZ01/EUn&0&cDXHP&Ex&dxHP_equip__pkgEER/NE-dxHP_equip-spltSEER-16.3-SEER2-9.4-HSPF/instance-out.sql,97.28,7752177.70,296.57,23633896.60
CZ01/EUn&0&cDXHP&Ex&dxHP_equip__pkgEER/NE-dxHP_equip-spltSEER-17.3-SEER2-9.7-HSPF/instance-out.sql,97.26,7750998.92,296.52,23629959.47
CZ01/EUn&0&cDXHP&Ex&dxHP_equip__pkgEER/NE-dxAC_equip-pkgEER-14.2-IEER-TE-0.81-VarFan/instance-out.sql,100.29,7992326.72,297.72,23725475.43
CZ01/EUn&0&cDXHP&Ex&dxHP_equip__pkgEER/NE-dxAC_equip-pkgEER-13.2-IEER-TE-0.81-VarFan/instance-out.sql,100.30,7993214.59,297.76,23728440.92
CZ01/EUn&0&cDXHP&Ex&dxHP_equip__pkgEER/NE-dxAC_equip-pkgEER-14.8-IEER-TE-0.81-VarFan/instance-out.sql,100.28,7991558.83,297.69,23722910.68
CZ01/EUn&0&cDXHP&Ex&dxHP_equip__pkgEER/NE-dxAC_equip-pkgSEER-13.4-SEER2-VarFan/instance-out.sql,100.30,7992786.92,297.74,23727012.52
CZ01/Gro&0&cDXHP&Ex&dxHP_equip__pkgEER/NE-dxAC_equip-pkgEER-14.2-IEER-TE-0.81/instance-out.sql,311.59,1447289.60,875.07,4064571.55
CZ01/Gro&0&cDXHP&Ex&dxHP_equip__pkgEER/NE-dxAC_equip-pkgEER-13.2-IEER-TE-0.81/instance-out.sql,311.59,1447308.50,875.08,4064634.64
CZ01/Gro&0&cDXHP&Ex&dxHP_equip__pkgEER/NE-dxAC_equip-pkgEER-14.8-IEER-TE-0.81/instance-out.sql,311.59,1447273.27,875.06,4064516.97
CZ01/Gro&0&cDXHP&Ex&dxHP_equip__pkgEER/NE-dxAC_equip-pkgSEER-13.4-SEER2/instance-out.sql,311.59,1447299.40,875.07,4064604.25
CZ01/Gro&0&cDXHP&Ex&dxHP_equip__pkgEER/NE-dxAC_equip-pkgEER-12.2-IEER-TE-0.80/instance-out.sql,312.32,1450690.48,875.85,4068214.33
CZ01/Gro&0&cDXHP&Ex&dxHP_equip__pkgEER/NE-dxAC_equip-pkgEER-11.4-IEER-TE-0.80/instance-out.sql,312.33,1450722.72,875.87,4068322.02
CZ01/Gro&0&cDXHP&Ex&dxHP_equip__pkgEER/NE-dxAC_equip-pkgEER-12.7-IEER-TE-0.80/instance-out.sql,312.32,1450691.74,875.85,4068218.53
CZ01/Gro&0&cDXHP&Ex&dxHP_equip__pkgEER/NE-dxAC_equip-pkgSEER-12.35-SEER2/instance-out.sql,312.32,1450684.30,875.85,4068193.67
CZ01/Gro&0&cDXHP&Ex&dxHP_equip__pkgEER/NE-dxHP_equip-pkgEER-14.5-IEER/instance-out.sql,268.79,1248505.64,865.02,4017924.62
CZ01/Gro&0&cDXHP&Ex&dxHP_equip__pkgEER/NE-dxHP_equip-pkgEER-15.5-IEER/instance-out.sql,268.79,1248489.27,865.01,4017869.95
CZ01/Gro&0&cDXHP&Ex&dxHP_equip__pkgEER/NE-dxHP_equip-pkgEER-13.5-IEER/instance-out.sql,268.80,1248522.23,865.04,4017980.06
CZ01/Gro&0&cDXHP&Ex&dxHP_equip__pkgEER/NE-dxHP_equip-pkgEER-14-IEER/instance-out.sql,268.79,1248509.94,865.03,4017938.99
CZ01/Gro&0&cDXHP&Ex&dxHP_equip__pkgEER/NE-dxHP_equip-pkgEER-15-IEER/instance-out.sql,267.91,1244392.75,862.07,4004187.58
CZ01/Gro&0&cDXHP&Ex&dxHP_equip__pkgEER/NE-dxHP_equip-pkgEER-16-IEER/instance-out.sql,267.90,1244371.34,862.05,4004116.06
CZ01/Gro&0&cDXHP&Ex&dxHP_equip__pkgEER/NE-dxHP_equip-pkgSEER-15.4-SEER2/instance-out.sql,266.74,1238977.14,858.17,3986099.43
CZ01/Gro&0&cDXHP&Ex&dxHP_equip__pkgEER/NE-dxHP_equip-pkgSEER-16.3-SEER2/instance-out.sql,266.44,1237599.12,857.18,3981496.84
CZ01/Gro&0&cDXHP&Ex&dxHP_equip__pkgEER/NE-dxHP_equip-pkgSEER-14.4-SEER2-1Stage/instance-out.sql,266.98,1240096.14,858.98,3989836.90
CZ01/Gro&0&cDXHP&Ex&dxHP_equip__pkgEER/NE-dxHP_equip-pkgSEER-14.4-SEER2-2Stage/instance-out.sql,250.79,1164892.88,804.90,3738657.97
CZ01/Gro&0&cDXHP&Ex&dxHP_equip__pkgEER/NE-dxHP_equip-spltSEER-14.4-SEER2-8.7-HSPF/instance-out.sql,266.61,1238377.45,857.74,3984096.49
CZ01/Gro&0&cDXHP&Ex&dxHP_equip__pkgEER/NE-dxHP_equip-spltSEER-15.4-SEER2-9-HSPF/instance-out.sql,266.45,1237613.16,857.19,3981543.76
CZ01/Gro&0&cDXHP&Ex&dxHP_equip__pkgEER/NE-dxHP_equip-spltSEER-16.3-SEER2-9.4-HSPF/instance-out.sql,266.22,1236579.75,856.45,3978092.16
CZ01/Gro&0&cDXHP&Ex&dxHP_equip__pkgEER/NE-dxHP_equip-spltSEER-17.3-SEER2-9.7-HSPF/instance-out.sql,266.10,1236002.08,856.03,3976162.74
CZ01/Gro&0&cDXHP&Ex&dxHP_equip__pkgEER/NE-dxAC_equip-pkgEER-14.2-IEER-TE-0.81-VarFan/instance-out.sql,311.58,1447264.10,875.03,4064381.32
CZ01/Gro&0&cDXHP&Ex&dxHP_equip__pkgEER/NE-dxAC_equip-pkgEER-13.2-IEER-TE-0.81-VarFan/instance-out.sql,311.59,1447282.99,875.04,4064444.41
CZ01/Gro&0&cDXHP&Ex&dxHP_equip__pkgEER/NE-dxAC_equip-pkgEER-14.8-IEER-TE-0.81-VarFan/instance-out.sql,311.58,1447247.77,875.01,4064326.76
CZ01/Gro&0&cDXHP&Ex&dxHP_equip__pkgEER/NE-dxAC_equip-pkgSEER-13.4-SEER2-VarFan/instance-out.sql,311.59,1447273.89,875.03,4064414.02
CZ01/Hsp&0&cDXHP&Ex&dxHP_equip__pkgEER/NE-dxAC_equip-pkgEER-14.2-IEER-TE-0.81/instance-out.sql,69.44,3187464.24,199.46,9155190.89
CZ01/Hsp&0&cDXHP&Ex&dxHP_equip__pkgEER/NE-dxAC_equip-pkgEER-13.2-IEER-TE-0.81/instance-out.sql,69.45,3187556.29,199.47,9155498.34
CZ01/Hsp&0&cDXHP&Ex&dxHP_equip__pkgEER/NE-dxAC_equip-pkgEER-14.8-IEER-TE-0.81/instance-out.sql,69.44,3187384.63,199.46,9154924.99
CZ01/Hsp&0&cDXHP&Ex&dxHP_equip__pkgEER/NE-dxAC_equip-pkgSEER-13.4-SEER2/instance-out.sql,69.45,3187511.95,199.47,9155350.25
CZ01/Hsp&0&cDXHP&Ex&dxHP_equip__pkgEER/NE-dxAC_equip-pkgEER-12.2-IEER-TE-0.80/instance-out.sql,69.46,3188118.09,199.49,9156275.34
CZ01/Hsp&0&cDXHP&Ex&dxHP_equip__pkgEER/NE-dxAC_equip-pkgEER-11.4-IEER-TE-0.80/instance-out.sql,69.46,3188275.20,199.50,9156800.08
CZ01/Hsp&0&cDXHP&Ex&dxHP_equip__pkgEER/NE-dxAC_equip-pkgEER-12.7-IEER-TE-0.80/instance-out.sql,69.46,3188124.22,199.49,9156295.80
CZ01/Hsp&0&cDXHP&Ex&dxHP_equip__pkgEER/NE-dxAC_equip-pkgSEER-12.35-SEER2/instance-out.sql,69.46,3188087.96,199.48,9156174.71
CZ01/Hsp&0&cDXHP&Ex&dxHP_equip__pkgEER/NE-dxHP_equip-pkgEER-14.5-IEER/instance-out.sql,68.84,3159782.19,199.36,9150654.00
CZ01/Hsp&0&cDXHP&Ex&dxHP_equip__pkgEER/NE-dxHP_equip-pkgEER-15.5-IEER/instance-out.sql,68.84,3159703.54,199.36,9150391.32
CZ01/Hsp&0&cDXHP&Ex&dxHP_equip__pkgEER/NE-dxHP_equip-pkgEER-13.5-IEER/instance-out.sql,68.84,3159861.94,199.37,9150920.36
CZ01/Hsp&0&cDXHP&Ex&dxHP_equip__pkgEER/NE-dxHP_equip-pkgEER-14-IEER/instance-out.sql,68.84,3159802.85,199.37,9150723.03
CZ01/Hsp&0&cDXHP&Ex&dxHP_equip__pkgEER/NE-dxHP_equip-pkgEER-15-IEER/instance-out.sql,68.83,3159083.81,199.31,9148321.43
CZ01/Hsp&0&cDXHP&Ex&dxHP_equip__pkgEER/NE-dxHP_equip-pkgEER-16-IEER/instance-out.sql,68.82,3158980.91,199.31,9147977.75
CZ01/Hsp&0&cDXHP&Ex&dxHP_equip__pkgEER/NE-dxHP_equip-pkgSEER-15.4-SEER2/instance-out.sql,68.81,3158194.06,199.25,9145349.67
CZ01/Hsp&0&cDXHP&Ex&dxHP_equip__pkgEER/NE-dxHP_equip-pkgSEER-16.3-SEER2/instance-out.sql,68.80,3157920.22,199.23,9144435.03
CZ01/Hsp&0&cDXHP&Ex&dxHP_equip__pkgEER/NE-dxHP_equip-pkgSEER-14.4-SEER2-1Stage/instance-out.sql,68.81,3158429.25,199.27,9146135.19
CZ01/Hsp&0&cDXHP&Ex&dxHP_equip__pkgEER/NE-dxHP_equip-pkgSEER-14.4-SEER2-2Stage/instance-out.sql,66.55,3054801.29,191.51,8790170.42
CZ01/Hsp&0&cDXHP&Ex&dxHP_equip__pkgEER/NE-dxHP_equip-spltSEER-14.4-SEER2-8.7-HSPF/instance-out.sql,68.81,3158169.24,199.25,9145266.77
CZ01/Hsp&0&cDXHP&Ex&dxHP_equip__pkgEER/NE-dxHP_equip-spltSEER-15.4-SEER2-9-HSPF/instance-out.sql,68.80,3157987.72,199.23,9144660.48
CZ01/Hsp&0&cDXHP&Ex&dxHP_equip__pkgEER/NE-dxHP_equip-spltSEER-16.3-SEER2-9.4-HSPF/instance-out.sql,68.80,3157766.01,199.22,9143919.97
CZ01/Hsp&0&cDXHP&Ex&dxHP_equip__pkgEER/NE-dxHP_equip-spltSEER-17.3-SEER2-9.7-HSPF/instance-out.sql,68.79,3157628.88,199.21,9143461.96
CZ01/MBT&0&cDXHP&Ex&dxHP_equip__pkgEER/NE-dxAC_equip-pkgEER-14.2-IEER-TE-0.81/instance-out.sql,220.51,8193191.14,421.82,15673241.25
CZ01/MBT&0&cDXHP&Ex&dxHP_equip__pkgEER/NE-dxAC_equip-pkgEER-13.2-IEER-TE-0.81/instance-out.sql,220.51,8193281.43,421.83,15673542.83
CZ01/MBT&0&cDXHP&Ex&dxHP_equip__pkgEER/NE-dxAC_equip-pkgEER-14.8-IEER-TE-0.81/instance-out.sql,220.50,8193113.05,421.81,15672980.43
CZ01/MBT&0&cDXHP&Ex&dxHP_equip__pkgEER/NE-dxAC_equip-pkgSEER-13.4-SEER2/instance-out.sql,220.51,8193237.94,421.82,15673397.57
CZ01/MBT&0&cDXHP&Ex&dxHP_equip__pkgEER/NE-dxAC_equip-pkgEER-12.2-IEER-TE-0.80/instance-out.sql,220.57,8195523.84,421.89,15676075.83
CZ01/MBT&0&cDXHP&Ex&dxHP_equip__pkgEER/NE-dxAC_equip-pkgEER-11.4-IEER-TE-0.80/instance-out.sql,220.57,8195677.95,421.91,15676590.55
CZ01/MBT&0&cDXHP&Ex&dxHP_equip__pkgEER/NE-dxAC_equip-pkgEER-12.7-IEER-TE-0.80/instance-out.sql,220.57,8195529.85,421.90,15676095.90
CZ01/MBT&0&cDXHP&Ex&dxHP_equip__pkgEER/NE-dxAC_equip-pkgSEER-12.35-SEER2/instance-out.sql,220.57,8195494.29,421.89,15675977.11
CZ01/MBT&0&cDXHP&Ex&dxHP_equip__pkgEER/NE-dxHP_equip-pkgEER-14.5-IEER/instance-out.sql,217.11,8067005.48,421.15,15648309.34
CZ01/MBT&0&cDXHP&Ex&dxHP_equip__pkgEER/NE-dxHP_equip-pkgEER-15.5-IEER/instance-out.sql,217.11,8066928.66,421.14,15648052.75
CZ01/MBT&0&cDXHP&Ex&dxHP_equip__pkgEER/NE-dxHP_equip-pkgEER-13.5-IEER/instance-out.sql,217.11,8067083.38,421.15,15648569.51
CZ01/MBT&0&cDXHP&Ex&dxHP_equip__pkgEER/NE-dxHP_equip-pkgEER-14-IEER/instance-out.sql,217.11,8067025.67,421.15,15648376.77
CZ01/MBT&0&cDXHP&Ex&dxHP_equip__pkgEER/NE-dxHP_equip-pkgEER-15-IEER/instance-out.sql,217.03,8064212.27,420.90,15638980.01
CZ01/MBT&0&cDXHP&Ex&dxHP_equip__pkgEER/NE-dxHP_equip-pkgEER-16-IEER/instance-out.sql,217.03,8064111.76,420.89,15638644.31
CZ01/MBT&0&cDXHP&Ex&dxHP_equip__pkgEER/NE-dxHP_equip-pkgSEER-15.4-SEER2/instance-out.sql,216.94,8060560.17,420.57,15626781.99
CZ01/MBT&0&cDXHP&Ex&dxHP_equip__pkgEER/NE-dxHP_equip-pkgSEER-16.3-SEER2/instance-out.sql,216.91,8059589.79,420.48,15623540.92
CZ01/MBT&0&cDXHP&Ex&dxHP_equip__pkgEER/NE-dxHP_equip-pkgSEER-14.4-SEER2-1Stage/instance-out.sql,216.96,8061359.25,420.64,15629450.91
CZ01/MBT&0&cDXHP&Ex&dxHP_equip__pkgEER/NE-dxHP_equip-pkgSEER-14.4-SEER2-2Stage/instance-out.sql,213.55,7934615.44,408.98,15196131.02
CZ01/MBT&0&cDXHP&Ex&dxHP_equip__pkgEER/NE-dxHP_equip-spltSEER-14.4-SEER2-8.7-HSPF/instance-out.sql,216.93,8060219.59,420.54,15625644.46
CZ01/MBT&0&cDXHP&Ex&dxHP_equip__pkgEER/NE-dxHP_equip-spltSEER-15.4-SEER2-9-HSPF/instance-out.sql,216.91,8059655.72,420.49,15623761.14
CZ01/MBT&0&cDXHP&Ex&dxHP_equip__pkgEER/NE-dxHP_equip-spltSEER-16.3-SEER2-9.4-HSPF/instance-out.sql,216.89,8058913.85,420.42,15621283.29
CZ01/MBT&0&cDXHP&Ex&dxHP_equip__pkgEER/NE-dxHP_equip-spltSEER-17.3-SEER2-9.7-HSPF/instance-out.sql,216.88,8058487.72,420.38,15619860.03
CZ01/MLI&0&cDXHP&Ex&dxHP_equip__pkgEER/NE-dxAC_equip-pkgEER-14.2-IEER-TE-0.81/instance-out.sql,118.82,1104015.10,332.25,3087182.32
CZ01/MLI&0&cDXHP&Ex&dxHP_equip__pkgEER/NE-dxAC_equip-pkgEER-13.2-IEER-TE-0.81/instance-out.sql,118.83,1104083.10,332.28,3087409.45
CZ01/MLI&0&cDXHP&Ex&dxHP_equip__pkgEER/NE-dxAC_equip-pkgEER-14.8-IEER-TE-0.81/instance-out.sql,118.81,1103956.29,332.23,3086985.89
CZ01/MLI&0&cDXHP&Ex&dxHP_equip__pkgEER/NE-dxAC_equip-pkgSEER-13.4-SEER2/instance-out.sql,118.82,1104050.35,332.27,3087300.05
CZ01/MLI&0&cDXHP&Ex&dxHP_equip__pkgEER/NE-dxAC_equip-pkgEER-12.2-IEER-TE-0.80/instance-out.sql,119.11,1106752.29,332.60,3090343.56
CZ01/MLI&0&cDXHP&Ex&dxHP_equip__pkgEER/NE-dxAC_equip-pkgEER-11.4-IEER-TE-0.80/instance-out.sql,119.13,1106868.36,332.64,3090731.21
CZ01/MLI&0&cDXHP&Ex&dxHP_equip__pkgEER/NE-dxAC_equip-pkgEER-12.7-IEER-TE-0.80/instance-out.sql,119.11,1106756.82,332.60,3090358.68
CZ01/MLI&0&cDXHP&Ex&dxHP_equip__pkgEER/NE-dxAC_equip-pkgSEER-12.35-SEER2/instance-out.sql,119.11,1106730.04,332.59,3090269.22
CZ01/MLI&0&cDXHP&Ex&dxHP_equip__pkgEER/NE-dxHP_equip-pkgEER-14.5-IEER/instance-out.sql,102.50,952374.52,329.24,3059181.35
CZ01/MLI&0&cDXHP&Ex&dxHP_equip__pkgEER/NE-dxHP_equip-pkgEER-15.5-IEER/instance-out.sql,102.49,952315.82,329.22,3058985.30
CZ01/MLI&0&cDXHP&Ex&dxHP_equip__pkgEER/NE-dxHP_equip-pkgEER-13.5-IEER/instance-out.sql,102.50,952434.04,329.26,3059380.14
CZ01/MLI&0&cDXHP&Ex&dxHP_equip__pkgEER/NE-dxHP_equip-pkgEER-14-IEER/instance-out.sql,102.50,952389.94,329.25,3059232.87
CZ01/MLI&0&cDXHP&Ex&dxHP_equip__pkgEER/NE-dxHP_equip-pkgEER-15-IEER/instance-out.sql,102.14,949002.16,328.03,3047917.69
CZ01/MLI&0&cDXHP&Ex&dxHP_equip__pkgEER/NE-dxHP_equip-pkgEER-16-IEER/instance-out.sql,102.13,948925.37,328.00,3047661.19
CZ01/MLI&0&cDXHP&Ex&dxHP_equip__pkgEER/NE-dxHP_equip-pkgSEER-15.4-SEER2/instance-out.sql,101.66,944579.44,326.44,3033145.81
CZ01/MLI&0&cDXHP&Ex&dxHP_equip__pkgEER/NE-dxHP_equip-pkgSEER-16.3-SEER2/instance-out.sql,101.54,943425.76,326.02,3029292.49
CZ01/MLI&0&cDXHP&Ex&dxHP_equip__pkgEER/NE-dxHP_equip-pkgSEER-14.4-SEER2-1Stage/instance-out.sql,101.76,945523.93,326.78,3036300.38
CZ01/MLI&0&cDXHP&Ex&dxHP_equip__pkgEER/NE-dxHP_equip-pkgSEER-14.4-SEER2-2Stage/instance-out.sql,86.14,800420.09,274.62,2551653.48
CZ01/MLI&0&cDXHP&Ex&dxHP_equip__pkgEER/NE-dxHP_equip-spltSEER-14.4-SEER2-8.7-HSPF/instance-out.sql,101.61,944133.69,326.28,3031656.99
CZ01/MLI&0&cDXHP&Ex&dxHP_equip__pkgEER/NE-dxHP_equip-spltSEER-15.4-SEER2-9-HSPF/instance-out.sql,101.54,943476.13,326.04,3029460.75
CZ01/MLI&0&cDXHP&Ex&dxHP_equip__pkgEER/NE-dxHP_equip-spltSEER-16.3-SEER2-9.4-HSPF/instance-out.sql,101.45,942601.20,325.73,3026538.45
CZ01/MLI&0&cDXHP&Ex&dxHP_equip__pkgEER/NE-dxHP_equip-spltSEER-17.3-SEER2-9.7-HSPF/instance-out.sql,101.39,942104.24,325.55,3024878.62
CZ01/Mtl&0&cDXHP&Ex&dxHP_equip__pkgEER/NE-dxAC_equip-pkgEER-14.2-IEER-TE-0.81/instance-out.sql,59.70,166315.72,164.44,458097.35
CZ01/Mtl&0&cDXHP&Ex&dxHP_equip__pkgEER/NE-dxAC_equip-pkgEER-13.2-IEER-TE-0.81/instance-out.sql,59.71,166347.59,164.48,458203.80
CZ01/Mtl&0&cDXHP&Ex&dxHP_equip__pkgEER/NE-dxAC_equip-pkgEER-14.8-IEER-TE-0.81/instance-out.sql,59.69,166288.16,164.41,458005.29
CZ01/Mtl&0&cDXHP&Ex&dxHP_equip__pkgEER/NE-dxAC_equip-pkgSEER-13.4-SEER2/instance-out.sql,59.71,166332.24,164.46,458152.53
CZ01/Mtl&0&cDXHP&Ex&dxHP_equip__pkgEER/NE-dxAC_equip-pkgEER-12.2-IEER-TE-0.80/instance-out.sql,59.87,166797.55,164.67,458740.28
CZ01/Mtl&0&cDXHP&Ex&dxHP_equip__pkgEER/NE-dxAC_equip-pkgEER-11.4-IEER-TE-0.80/instance-out.sql,59.89,166851.95,164.74,458921.96
CZ01/Mtl&0&cDXHP&Ex&dxHP_equip__pkgEER/NE-dxAC_equip-pkgEER-12.7-IEER-TE-0.80/instance-out.sql,59.87,166799.67,164.67,458747.36
CZ01/Mtl&0&cDXHP&Ex&dxHP_equip__pkgEER/NE-dxAC_equip-pkgSEER-12.35-SEER2/instance-out.sql,59.87,166787.12,164.66,458705.44
CZ01/Mtl&0&cDXHP&Ex&dxHP_equip__pkgEER/NE-dxHP_equip-pkgEER-14.5-IEER/instance-out.sql,50.90,141791.11,162.79,453495.88
CZ01/Mtl&0&cDXHP&Ex&dxHP_equip__pkgEER/NE-dxHP_equip-pkgEER-15.5-IEER/instance-out.sql,50.89,141764.26,162.76,453406.23
CZ01/Mtl&0&cDXHP&Ex&dxHP_equip__pkgEER/NE-dxHP_equip-pkgEER-13.5-IEER/instance-out.sql,50.91,141818.32,162.82,453586.79
CZ01/Mtl&0&cDXHP&Ex&dxHP_equip__pkgEER/NE-dxHP_equip-pkgEER-14-IEER/instance-out.sql,50.90,141798.16,162.80,453519.44
CZ01/Mtl&0&cDXHP&Ex&dxHP_equip__pkgEER/NE-dxHP_equip-pkgEER-15-IEER/instance-out.sql,50.70,141228.85,162.11,451617.95
CZ01/Mtl&0&cDXHP&Ex&dxHP_equip__pkgEER/NE-dxHP_equip-pkgEER-16-IEER/instance-out.sql,50.68,141193.73,162.07,451500.65
CZ01/Mtl&0&cDXHP&Ex&dxHP_equip__pkgEER/NE-dxHP_equip-pkgSEER-15.4-SEER2/instance-out.sql,50.43,140498.18,161.24,449177.50
CZ01/Mtl&0&cDXHP&Ex&dxHP_equip__pkgEER/NE-dxHP_equip-pkgSEER-16.3-SEER2/instance-out.sql,50.36,140296.87,161.00,448505.13
CZ01/Mtl&0&cDXHP&Ex&dxHP_equip__pkgEER/NE-dxHP_equip-pkgSEER-14.4-SEER2-1Stage/instance-out.sql,50.49,140665.80,161.44,449737.37
CZ01/Mtl&0&cDXHP&Ex&dxHP_equip__pkgEER/NE-dxHP_equip-pkgSEER-14.4-SEER2-2Stage/instance-out.sql,42.49,118361.90,134.68,375184.32
CZ01/Mtl&0&cDXHP&Ex&dxHP_equip__pkgEER/NE-dxHP_equip-spltSEER-14.4-SEER2-8.7-HSPF/instance-out.sql,50.41,140441.17,161.17,448987.10
CZ01/Mtl&0&cDXHP&Ex&dxHP_equip__pkgEER/NE-dxHP_equip-spltSEER-15.4-SEER2-9-HSPF/instance-out.sql,50.37,140319.91,161.02,448582.08
CZ01/Mtl&0&cDXHP&Ex&dxHP_equip__pkgEER/NE-dxHP_equip-spltSEER-16.3-SEER2-9.4-HSPF/instance-out.sql,50.31,140163.64,160.84,448060.14
CZ01/Mtl&0&cDXHP&Ex&dxHP_equip__pkgEER/NE-dxHP_equip-spltSEER-17.3-SEER2-9.7-HSPF/instance-out.sql,50.28,140072.01,160.73,447754.09
CZ01/Nrs&0&cDXHP&Ex&dxHP_equip__pkgEER/NE-dxAC_equip-pkgEER-14.2-IEER-TE-0.81/instance-out.sql,90.08,928869.50,235.45,2427996.88
CZ01/Nrs&0&cDXHP&Ex&dxHP_equip__pkgEER/NE-dxAC_equip-pkgEER-13.2-IEER-TE-0.81/instance-out.sql,90.08,928914.63,235.47,2428147.60
CZ01/Nrs&0&cDXHP&Ex&dxHP_equip__pkgEER/NE-dxAC_equip-pkgEER-14.8-IEER-TE-0.81/instance-out.sql,90.07,928830.47,235.44,2427866.52
CZ01/Nrs&0&cDXHP&Ex&dxHP_equip__pkgEER/NE-dxAC_equip-pkgSEER-13.4-SEER2/instance-out.sql,90.08,928892.89,235.46,2428075.00
CZ01/Nrs&0&cDXHP&Ex&dxHP_equip__pkgEER/NE-dxAC_equip-pkgEER-12.2-IEER-TE-0.80/instance-out.sql,90.13,929416.48,235.53,2428765.59
CZ01/Nrs&0&cDXHP&Ex&dxHP_equip__pkgEER/NE-dxAC_equip-pkgEER-11.4-IEER-TE-0.80/instance-out.sql,90.14,929493.50,235.55,2429022.84
CZ01/Nrs&0&cDXHP&Ex&dxHP_equip__pkgEER/NE-dxAC_equip-pkgEER-12.7-IEER-TE-0.80/instance-out.sql,90.13,929419.48,235.53,2428775.62
CZ01/Nrs&0&cDXHP&Ex&dxHP_equip__pkgEER/NE-dxAC_equip-pkgSEER-12.35-SEER2/instance-out.sql,90.13,929401.71,235.52,2428716.25
CZ01/Nrs&0&cDXHP&Ex&dxHP_equip__pkgEER/NE-dxHP_equip-pkgEER-14.5-IEER/instance-out.sql,87.49,902186.64,235.01,2423487.70
CZ01/Nrs&0&cDXHP&Ex&dxHP_equip__pkgEER/NE-dxHP_equip-pkgEER-15.5-IEER/instance-out.sql,87.48,902148.17,235.00,2423359.23
CZ01/Nrs&0&cDXHP&Ex&dxHP_equip__pkgEER/NE-dxHP_equip-pkgEER-13.5-IEER/instance-out.sql,87.49,902225.64,235.03,2423617.96
CZ01/Nrs&0&cDXHP&Ex&dxHP_equip__pkgEER/NE-dxHP_equip-pkgEER-14-IEER/instance-out.sql,87.49,902196.74,235.02,2423521.46
CZ01/Nrs&0&cDXHP&Ex&dxHP_equip__pkgEER/NE-dxHP_equip-pkgEER-15-IEER/instance-out.sql,87.43,901557.29,234.81,2421385.67
CZ01/Nrs&0&cDXHP&Ex&dxHP_equip__pkgEER/NE-dxHP_equip-pkgEER-16-IEER/instance-out.sql,87.42,901506.96,234.79,2421217.59
CZ01/Nrs&0&cDXHP&Ex&dxHP_equip__pkgEER/NE-dxHP_equip-pkgSEER-15.4-SEER2/instance-out.sql,87.35,900742.73,234.55,2418665.07
CZ01/Nrs&0&cDXHP&Ex&dxHP_equip__pkgEER/NE-dxHP_equip-pkgSEER-16.3-SEER2/instance-out.sql,87.33,900512.98,234.47,2417897.70
CZ01/Nrs&0&cDXHP&Ex&dxHP_equip__pkgEER/NE-dxHP_equip-pkgSEER-14.4-SEER2-1Stage/instance-out.sql,87.37,900935.37,234.61,2419308.48
CZ01/Nrs&0&cDXHP&Ex&dxHP_equip__pkgEER/NE-dxHP_equip-pkgSEER-14.4-SEER2-2Stage/instance-out.sql,83.38,859829.59,220.82,2277109.42
CZ01/Nrs&0&cDXHP&Ex&dxHP_equip__pkgEER/NE-dxHP_equip-spltSEER-14.4-SEER2-8.7-HSPF/instance-out.sql,87.34,900687.47,234.53,2418480.48
CZ01/Nrs&0&cDXHP&Ex&dxHP_equip__pkgEER/NE-dxHP_equip-spltSEER-15.4-SEER2-9-HSPF/instance-out.sql,87.33,900545.99,234.48,2418007.95
CZ01/Nrs&0&cDXHP&Ex&dxHP_equip__pkgEER/NE-dxHP_equip-spltSEER-16.3-SEER2-9.4-HSPF/instance-out.sql,87.31,900365.95,234.42,2417406.60
CZ01/Nrs&0&cDXHP&Ex&dxHP_equip__pkgEER/NE-dxHP_equip-spltSEER-17.3-SEER2-9.7-HSPF/instance-out.sql,87.30,900259.05,234.39,2417049.57
CZ01/OfL&0&cDXHP&Ex&dxHP_equip__pkgEER/NE-dxAC_equip-pkgEER-14.2-IEER-TE-0.81/instance-out.sql,72.15,2345623.72,223.73,7273300.94
CZ01/OfL&0&cDXHP&Ex&dxHP_equip__pkgEER/NE-dxAC_equip-pkgEER-13.2-IEER-TE-0.81/instance-out.sql,72.17,2346042.63,223.78,7274700.09
CZ01/OfL&0&cDXHP&Ex&dxHP_equip__pkgEER/NE-dxAC_equip-pkgEER-14.8-IEER-TE-0.81/instance-out.sql,72.14,2345261.42,223.70,7272090.86
CZ01/OfL&0&cDXHP&Ex&dxHP_equip__pkgEER/NE-dxAC_equip-pkgSEER-13.4-SEER2/instance-out.sql,72.16,2345840.85,223.76,7274026.15
CZ01/OfL&0&cDXHP&Ex&dxHP_equip__pkgEER/NE-dxAC_equip-pkgEER-12.2-IEER-TE-0.80/instance-out.sql,72.21,2347305.30,223.84,7276881.28
CZ01/OfL&0&cDXHP&Ex&dxHP_equip__pkgEER/NE-dxAC_equip-pkgEER-11.4-IEER-TE-0.80/instance-out.sql,72.23,2348020.27,223.92,7279269.27
CZ01/OfL&0&cDXHP&Ex&dxHP_equip__pkgEER/NE-dxAC_equip-pkgEER-12.7-IEER-TE-0.80/instance-out.sql,72.21,2347333.19,223.85,7276974.40
CZ01/OfL&0&cDXHP&Ex&dxHP_equip__pkgEER/NE-dxAC_equip-pkgSEER-12.35-SEER2/instance-out.sql,72.20,2347168.19,223.83,7276423.30
CZ01/OfL&0&cDXHP&Ex&dxHP_equip__pkgEER/NE-dxHP_equip-pkgEER-14.5-IEER/instance-out.sql,70.57,2294062.61,223.45,7263986.52
CZ01/OfL&0&cDXHP&Ex&dxHP_equip__pkgEER/NE-dxHP_equip-pkgEER-15.5-IEER/instance-out.sql,70.56,2293708.47,223.41,7262803.71
CZ01/OfL&0&cDXHP&Ex&dxHP_equip__pkgEER/NE-dxHP_equip-pkgEER-13.5-IEER/instance-out.sql,70.58,2294421.70,223.48,7265185.87
CZ01/OfL&0&cDXHP&Ex&dxHP_equip__pkgEER/NE-dxHP_equip-pkgEER-14-IEER/instance-out.sql,70.57,2294155.67,223.46,7264297.35
CZ01/OfL&0&cDXHP&Ex&dxHP_equip__pkgEER/NE-dxHP_equip-pkgEER-15-IEER/instance-out.sql,70.52,2292570.01,223.29,7259001.24
CZ01/OfL&0&cDXHP&Ex&dxHP_equip__pkgEER/NE-dxHP_equip-pkgEER-16-IEER/instance-out.sql,70.51,2292106.69,223.25,7257453.74
CZ01/OfL&0&cDXHP&Ex&dxHP_equip__pkgEER/NE-dxHP_equip-pkgSEER-15.4-SEER2/instance-out.sql,70.47,2290741.57,223.11,7252894.25
CZ01/OfL&0&cDXHP&Ex&dxHP_equip__pkgEER/NE-dxHP_equip-pkgSEER-16.3-SEER2/instance-out.sql,70.44,2290058.58,223.04,7250613.06
CZ01/OfL&0&cDXHP&Ex&dxHP_equip__pkgEER/NE-dxHP_equip-pkgSEER-14.4-SEER2-1Stage/instance-out.sql,70.48,2291354.99,223.17,7254943.08
CZ01/OfL&0&cDXHP&Ex&dxHP_equip__pkgEER/NE-dxHP_equip-pkgSEER-14.4-SEER2-2Stage/instance-out.sql,62.21,2022443.22,195.58,6358009.61
CZ01/OfL&0&cDXHP&Ex&dxHP_equip__pkgEER/NE-dxHP_equip-spltSEER-14.4-SEER2-8.7-HSPF/instance-out.sql,70.47,2290877.35,223.12,7253347.77
CZ01/OfL&0&cDXHP&Ex&dxHP_equip__pkgEER/NE-dxHP_equip-spltSEER-15.4-SEER2-9-HSPF/instance-out.sql,70.45,2290362.51,223.07,7251628.19
CZ01/OfL&0&cDXHP&Ex&dxHP_equip__pkgEER/NE-dxHP_equip-spltSEER-16.3-SEER2-9.4-HSPF/instance-out.sql,70.44,2289775.29,223.01,7249666.86
CZ01/OfL&0&cDXHP&Ex&dxHP_equip__pkgEER/NE-dxHP_equip-spltSEER-17.3-SEER2-9.7-HSPF/instance-out.sql,70.42,2289386.48,222.97,7248368.24
CZ01/OfL&0&cDXHP&Ex&dxHP_equip__pkgEER/NE-dxAC_equip-pkgEER-14.2-IEER-TE-0.81-VarFan/instance-out.sql,72.15,2345352.93,223.71,7272350.89
CZ01/OfL&0&cDXHP&Ex&dxHP_equip__pkgEER/NE-dxAC_equip-pkgEER-13.2-IEER-TE-0.81-VarFan/instance-out.sql,72.16,2345771.74,223.75,7273749.72
CZ01/OfL&0&cDXHP&Ex&dxHP_equip__pkgEER/NE-dxAC_equip-pkgEER-14.8-IEER-TE-0.81-VarFan/instance-out.sql,72.13,2344990.72,223.67,7271141.10
CZ01/OfL&0&cDXHP&Ex&dxHP_equip__pkgEER/NE-dxAC_equip-pkgSEER-13.4-SEER2-VarFan/instance-out.sql,72.15,2345570.01,223.73,7273075.94
CZ01/OfS&0&cDXHP&Ex&dxHP_equip__pkgEER/NE-dxAC_equip-pkgEER-14.2-IEER-TE-0.81/instance-out.sql,75.02,139416.86,205.65,382207.11
CZ01/OfS&0&cDXHP&Ex&dxHP_equip__pkgEER/NE-dxAC_equip-pkgEER-13.2-IEER-TE-0.81/instance-out.sql,75.03,139442.15,205.70,382291.60
CZ01/OfS&0&cDXHP&Ex&dxHP_equip__pkgEER/NE-dxAC_equip-pkgEER-14.8-IEER-TE-0.81/instance-out.sql,75.00,139394.98,205.62,382134.04
CZ01/OfS&0&cDXHP&Ex&dxHP_equip__pkgEER/NE-dxAC_equip-pkgSEER-13.4-SEER2/instance-out.sql,75.02,139429.97,205.68,382250.90
CZ01/OfS&0&cDXHP&Ex&dxHP_equip__pkgEER/NE-dxAC_equip-pkgEER-12.2-IEER-TE-0.80/instance-out.sql,75.13,139619.31,205.83,382528.96
CZ01/OfS&0&cDXHP&Ex&dxHP_equip__pkgEER/NE-dxAC_equip-pkgEER-11.4-IEER-TE-0.80/instance-out.sql,75.15,139662.48,205.91,382673.15
CZ01/OfS&0&cDXHP&Ex&dxHP_equip__pkgEER/NE-dxAC_equip-pkgEER-12.7-IEER-TE-0.80/instance-out.sql,75.13,139620.99,205.83,382534.58
CZ01/OfS&0&cDXHP&Ex&dxHP_equip__pkgEER/NE-dxAC_equip-pkgSEER-12.35-SEER2/instance-out.sql,75.12,139611.03,205.81,382501.30
CZ01/OfS&0&cDXHP&Ex&dxHP_equip__pkgEER/NE-dxHP_equip-pkgEER-14.5-IEER/instance-out.sql,70.19,130448.13,204.79,380598.51
CZ01/OfS&0&cDXHP&Ex&dxHP_equip__pkgEER/NE-dxHP_equip-pkgEER-15.5-IEER/instance-out.sql,70.18,130426.73,204.75,380527.04
CZ01/OfS&0&cDXHP&Ex&dxHP_equip__pkgEER/NE-dxHP_equip-pkgEER-13.5-IEER/instance-out.sql,70.20,130469.83,204.83,380670.98
CZ01/OfS&0&cDXHP&Ex&dxHP_equip__pkgEER/NE-dxHP_equip-pkgEER-14-IEER/instance-out.sql,70.19,130453.75,204.80,380617.29
CZ01/OfS&0&cDXHP&Ex&dxHP_equip__pkgEER/NE-dxHP_equip-pkgEER-15-IEER/instance-out.sql,70.07,130228.71,204.39,379865.63
CZ01/OfS&0&cDXHP&Ex&dxHP_equip__pkgEER/NE-dxHP_equip-pkgEER-16-IEER/instance-out.sql,70.06,130200.71,204.34,379772.13
CZ01/OfS&0&cDXHP&Ex&dxHP_equip__pkgEER/NE-dxHP_equip-pkgSEER-15.4-SEER2/instance-out.sql,69.92,129947.85,203.89,378927.58
CZ01/OfS&0&cDXHP&Ex&dxHP_equip__pkgEER/NE-dxHP_equip-pkgSEER-16.3-SEER2/instance-out.sql,69.88,129863.55,203.74,378646.03
CZ01/OfS&0&cDXHP&Ex&dxHP_equip__pkgEER/NE-dxHP_equip-pkgSEER-14.4-SEER2-1Stage/instance-out.sql,69.96,130019.77,204.02,379167.80
CZ01/OfS&0&cDXHP&Ex&dxHP_equip__pkgEER/NE-dxHP_equip-pkgSEER-14.4-SEER2-2Stage/instance-out.sql,59.44,110475.66,168.90,313890.45
CZ01/OfS&0&cDXHP&Ex&dxHP_equip__pkgEER/NE-dxHP_equip-spltSEER-14.4-SEER2-8.7-HSPF/instance-out.sql,69.92,129936.69,203.87,378890.31
CZ01/OfS&0&cDXHP&Ex&dxHP_equip__pkgEER/NE-dxHP_equip-spltSEER-15.4-SEER2-9-HSPF/instance-out.sql,69.89,129881.92,203.77,378707.36
CZ01/OfS&0&cDXHP&Ex&dxHP_equip__pkgEER/NE-dxHP_equip-spltSEER-16.3-SEER2-9.4-HSPF/instance-out.sql,69.85,129814.28,203.65,378481.44
CZ01/OfS&0&cDXHP&Ex&dxHP_equip__pkgEER/NE-dxHP_equip-spltSEER-17.3-SEER2-9.7-HSPF/instance-out.sql,69.83,129772.90,203.58,378343.23
CZ01/OfS&0&cDXHP&Ex&dxHP_equip__pkgEER/NE-dxAC_equip-pkgEER-14.2-IEER-TE-0.81-VarFan/instance-out.sql,75.01,139407.43,205.63,382154.56
CZ01/OfS&0&cDXHP&Ex&dxHP_equip__pkgEER/NE-dxAC_equip-pkgEER-13.2-IEER-TE-0.81-VarFan/instance-out.sql,75.02,139432.72,205.67,382239.02
CZ01/OfS&0&cDXHP&Ex&dxHP_equip__pkgEER/NE-dxAC_equip-pkgEER-14.8-IEER-TE-0.81-VarFan/instance-out.sql,75.00,139385.56,205.59,382081.50
CZ01/OfS&0&cDXHP&Ex&dxHP_equip__pkgEER/NE-dxAC_equip-pkgSEER-13.4-SEER2-VarFan/instance-out.sql,75.02,139420.54,205.65,382198.34
CZ01/RFF&0&cDXHP&Ex&dxHP_equip__pkgEER/NE-dxAC_equip-pkgEER-14.2-IEER-TE-0.81/instance-out.sql,286.59,106398.22,619.36,229943.21
CZ01/RFF&0&cDXHP&Ex&dxHP_equip__pkgEER/NE-dxAC_equip-pkgEER-13.2-IEER-TE-0.81/instance-out.sql,286.60,106403.63,619.41,229961.28
CZ01/RFF&0&cDXHP&Ex&dxHP_equip__pkgEER/NE-dxAC_equip-pkgEER-14.8-IEER-TE-0.81/instance-out.sql,286.58,106393.54,619.32,229927.58
CZ01/RFF&0&cDXHP&Ex&dxHP_equip__pkgEER/NE-dxAC_equip-pkgSEER-13.4-SEER2/instance-out.sql,286.60,106401.03,619.39,229952.57
CZ01/RFF&0&cDXHP&Ex&dxHP_equip__pkgEER/NE-dxAC_equip-pkgEER-12.2-IEER-TE-0.80/instance-out.sql,286.86,106500.97,619.71,230074.28
CZ01/RFF&0&cDXHP&Ex&dxHP_equip__pkgEER/NE-dxAC_equip-pkgEER-11.4-IEER-TE-0.80/instance-out.sql,286.89,106510.20,619.80,230105.12
CZ01/RFF&0&cDXHP&Ex&dxHP_equip__pkgEER/NE-dxAC_equip-pkgEER-12.7-IEER-TE-0.80/instance-out.sql,286.87,106501.33,619.72,230075.49
CZ01/RFF&0&cDXHP&Ex&dxHP_equip__pkgEER/NE-dxAC_equip-pkgSEER-12.35-SEER2/instance-out.sql,286.86,106499.19,619.70,230068.37
CZ01/RFF&0&cDXHP&Ex&dxHP_equip__pkgEER/NE-dxHP_equip-pkgEER-14.5-IEER/instance-out.sql,272.27,101080.83,617.22,229150.27
CZ01/RFF&0&cDXHP&Ex&dxHP_equip__pkgEER/NE-dxHP_equip-pkgEER-15.5-IEER/instance-out.sql,272.25,101076.20,617.18,229134.81
CZ01/RFF&0&cDXHP&Ex&dxHP_equip__pkgEER/NE-dxHP_equip-pkgEER-13.5-IEER/instance-out.sql,272.28,101085.52,617.27,229165.95
CZ01/RFF&0&cDXHP&Ex&dxHP_equip__pkgEER/NE-dxHP_equip-pkgEER-14-IEER/instance-out.sql,272.27,101082.05,617.24,229154.33
CZ01/RFF&0&cDXHP&Ex&dxHP_equip__pkgEER/NE-dxHP_equip-pkgEER-15-IEER/instance-out.sql,271.93,100955.75,616.10,228732.48
CZ01/RFF&0&cDXHP&Ex&dxHP_equip__pkgEER/NE-dxHP_equip-pkgEER-16-IEER/instance-out.sql,271.91,100949.69,616.05,228712.26
CZ01/RFF&0&cDXHP&Ex&dxHP_equip__pkgEER/NE-dxHP_equip-pkgSEER-15.4-SEER2/instance-out.sql,271.49,100792.66,614.63,228187.79
CZ01/RFF&0&cDXHP&Ex&dxHP_equip__pkgEER/NE-dxHP_equip-pkgSEER-16.3-SEER2/instance-out.sql,271.37,100748.58,614.24,228040.56
CZ01/RFF&0&cDXHP&Ex&dxHP_equip__pkgEER/NE-dxHP_equip-pkgSEER-14.4-SEER2-1Stage/instance-out.sql,271.59,100829.15,614.96,228309.67
CZ01/RFF&0&cDXHP&Ex&dxHP_equip__pkgEER/NE-dxHP_equip-pkgSEER-14.4-SEER2-2Stage/instance-out.sql,256.12,95085.46,563.28,209123.23
CZ01/RFF&0&cDXHP&Ex&dxHP_equip__pkgEER/NE-dxHP_equip-spltSEER-14.4-SEER2-8.7-HSPF/instance-out.sql,271.45,100778.62,614.51,228140.87
CZ01/RFF&0&cDXHP&Ex&dxHP_equip__pkgEER/NE-dxHP_equip-spltSEER-15.4-SEER2-9-HSPF/instance-out.sql,271.38,100752.55,614.27,228053.83
CZ01/RFF&0&cDXHP&Ex&dxHP_equip__pkgEER/NE-dxHP_equip-spltSEER-16.3-SEER2-9.4-HSPF/instance-out.sql,271.29,100718.61,613.97,227940.45
CZ01/RFF&0&cDXHP&Ex&dxHP_equip__pkgEER/NE-dxHP_equip-spltSEER-17.3-SEER2-9.7-HSPF/instance-out.sql,271.24,100698.91,613.79,227874.67
CZ01/RSD&0&cDXHP&Ex&dxHP_equip__pkgEER/NE-dxAC_equip-pkgEER-14.2-IEER-TE-0.81/instance-out.sql,241.12,251004.39,493.63,513862.51
CZ01/RSD&0&cDXHP&Ex&dxHP_equip__pkgEER/NE-dxAC_equip-pkgEER-13.2-IEER-TE-0.81/instance-out.sql,241.12,251006.32,493.64,513868.94
CZ01/RSD&0&cDXHP&Ex&dxHP_equip__pkgEER/NE-dxAC_equip-pkgEER-14.8-IEER-TE-0.81/instance-out.sql,241.12,251002.73,493.63,513856.95
CZ01/RSD&0&cDXHP&Ex&dxHP_equip__pkgEER/NE-dxAC_equip-pkgSEER-13.4-SEER2/instance-out.sql,241.12,251005.39,493.63,513865.84
CZ01/RSD&0&cDXHP&Ex&dxHP_equip__pkgEER/NE-dxAC_equip-pkgEER-12.2-IEER-TE-0.80/instance-out.sql,241.17,251057.53,493.69,513926.51
CZ01/RSD&0&cDXHP&Ex&dxHP_equip__pkgEER/NE-dxAC_equip-pkgEER-11.4-IEER-TE-0.80/instance-out.sql,241.18,251060.82,493.70,513937.47
CZ01/RSD&0&cDXHP&Ex&dxHP_equip__pkgEER/NE-dxAC_equip-pkgEER-12.7-IEER-TE-0.80/instance-out.sql,241.17,251057.66,493.69,513926.94
CZ01/RSD&0&cDXHP&Ex&dxHP_equip__pkgEER/NE-dxAC_equip-pkgSEER-12.35-SEER2/instance-out.sql,241.17,251056.90,493.69,513924.41
CZ01/RSD&0&cDXHP&Ex&dxHP_equip__pkgEER/NE-dxHP_equip-pkgEER-14.5-IEER/instance-out.sql,238.40,248174.00,493.24,513455.85
CZ01/RSD&0&cDXHP&Ex&dxHP_equip__pkgEER/NE-dxHP_equip-pkgEER-15.5-IEER/instance-out.sql,238.40,248172.34,493.23,513450.31
CZ01/RSD&0&cDXHP&Ex&dxHP_equip__pkgEER/NE-dxHP_equip-pkgEER-13.5-IEER/instance-out.sql,238.40,248175.68,493.25,513461.46
CZ01/RSD&0&cDXHP&Ex&dxHP_equip__pkgEER/NE-dxHP_equip-pkgEER-14-IEER/instance-out.sql,238.40,248174.44,493.24,513457.30
CZ01/RSD&0&cDXHP&Ex&dxHP_equip__pkgEER/NE-dxHP_equip-pkgEER-15-IEER/instance-out.sql,238.34,248107.90,493.03,513235.07
CZ01/RSD&0&cDXHP&Ex&dxHP_equip__pkgEER/NE-dxHP_equip-pkgEER-16-IEER/instance-out.sql,238.34,248105.73,493.02,513227.82
CZ01/RSD&0&cDXHP&Ex&dxHP_equip__pkgEER/NE-dxHP_equip-pkgSEER-15.4-SEER2/instance-out.sql,238.26,248021.41,492.75,512946.19
CZ01/RSD&0&cDXHP&Ex&dxHP_equip__pkgEER/NE-dxHP_equip-pkgSEER-16.3-SEER2/instance-out.sql,238.23,247998.53,492.68,512869.78
CZ01/RSD&0&cDXHP&Ex&dxHP_equip__pkgEER/NE-dxHP_equip-pkgSEER-14.4-SEER2-1Stage/instance-out.sql,238.27,248040.23,492.81,513009.04
CZ01/RSD&0&cDXHP&Ex&dxHP_equip__pkgEER/NE-dxHP_equip-pkgSEER-14.4-SEER2-2Stage/instance-out.sql,235.30,244942.19,482.76,502550.31
CZ01/RSD&0&cDXHP&Ex&dxHP_equip__pkgEER/NE-dxHP_equip-spltSEER-14.4-SEER2-8.7-HSPF/instance-out.sql,238.25,248013.19,492.72,512918.74
CZ01/RSD&0&cDXHP&Ex&dxHP_equip__pkgEER/NE-dxHP_equip-spltSEER-15.4-SEER2-9-HSPF/instance-out.sql,238.24,247999.95,492.68,512874.53
CZ01/RSD&0&cDXHP&Ex&dxHP_equip__pkgEER/NE-dxHP_equip-spltSEER-16.3-SEER2-9.4-HSPF/instance-out.sql,238.22,247982.50,492.63,512816.22
CZ01/RSD&0&cDXHP&Ex&dxHP_equip__pkgEER/NE-dxHP_equip-spltSEER-17.3-SEER2-9.7-HSPF/instance-out.sql,238.21,247972.49,492.59,512782.81
CZ01/Rt3&0&cDXHP&Ex&dxHP_equip__pkgEER/NE-dxAC_equip-pkgEER-14.2-IEER-TE-0.81/instance-out.sql,87.50,1950925.33,264.31,5893332.00
CZ01/Rt3&0&cDXHP&Ex&dxHP_equip__pkgEER/NE-dxAC_equip-pkgEER-13.2-IEER-TE-0.81/instance-out.sql,87.51,1951099.07,264.34,5893912.30
CZ01/Rt3&0&cDXHP&Ex&dxHP_equip__pkgEER/NE-dxAC_equip-pkgEER-14.8-IEER-TE-0.81/instance-out.sql,87.49,1950775.07,264.29,5892830.13
CZ01/Rt3&0&cDXHP&Ex&dxHP_equip__pkgEER/NE-dxAC_equip-pkgSEER-13.4-SEER2/instance-out.sql,87.50,1951015.39,264.33,5893632.79
CZ01/Rt3&0&cDXHP&Ex&dxHP_equip__pkgEER/NE-dxAC_equip-pkgEER-12.2-IEER-TE-0.80/instance-out.sql,87.56,1952225.50,264.41,5895448.01
CZ01/Rt3&0&cDXHP&Ex&dxHP_equip__pkgEER/NE-dxAC_equip-pkgEER-11.4-IEER-TE-0.80/instance-out.sql,87.57,1952522.03,264.45,5896438.43
CZ01/Rt3&0&cDXHP&Ex&dxHP_equip__pkgEER/NE-dxAC_equip-pkgEER-12.7-IEER-TE-0.80/instance-out.sql,87.56,1952237.06,264.41,5895486.63
CZ01/Rt3&0&cDXHP&Ex&dxHP_equip__pkgEER/NE-dxAC_equip-pkgSEER-12.35-SEER2/instance-out.sql,87.55,1952168.63,264.40,5895258.07
CZ01/Rt3&0&cDXHP&Ex&dxHP_equip__pkgEER/NE-dxHP_equip-pkgEER-14.5-IEER/instance-out.sql,84.98,1894714.50,263.88,5883712.66
CZ01/Rt3&0&cDXHP&Ex&dxHP_equip__pkgEER/NE-dxHP_equip-pkgEER-15.5-IEER/instance-out.sql,84.97,1894566.07,263.86,5883216.91
CZ01/Rt3&0&cDXHP&Ex&dxHP_equip__pkgEER/NE-dxHP_equip-pkgEER-13.5-IEER/instance-out.sql,84.98,1894865.01,263.90,5884215.35
CZ01/Rt3&0&cDXHP&Ex&dxHP_equip__pkgEER/NE-dxHP_equip-pkgEER-14-IEER/instance-out.sql,84.98,1894753.51,263.89,5883842.94
CZ01/Rt3&0&cDXHP&Ex&dxHP_equip__pkgEER/NE-dxHP_equip-pkgEER-15-IEER/instance-out.sql,84.91,1893316.18,263.67,5879042.29
CZ01/Rt3&0&cDXHP&Ex&dxHP_equip__pkgEER/NE-dxHP_equip-pkgEER-16-IEER/instance-out.sql,84.91,1893121.99,263.64,5878393.68
CZ01/Rt3&0&cDXHP&Ex&dxHP_equip__pkgEER/NE-dxHP_equip-pkgSEER-15.4-SEER2/instance-out.sql,84.83,1891531.14,263.41,5873080.25
CZ01/Rt3&0&cDXHP&Ex&dxHP_equip__pkgEER/NE-dxHP_equip-pkgSEER-16.3-SEER2/instance-out.sql,84.81,1890987.59,263.32,5871264.80
CZ01/Rt3&0&cDXHP&Ex&dxHP_equip__pkgEER/NE-dxHP_equip-pkgSEER-14.4-SEER2-1Stage/instance-out.sql,84.86,1891996.65,263.48,5874635.05
CZ01/Rt3&0&cDXHP&Ex&dxHP_equip__pkgEER/NE-dxHP_equip-pkgSEER-14.4-SEER2-2Stage/instance-out.sql,76.11,1697092.64,234.24,5222711.17
CZ01/Rt3&0&cDXHP&Ex&dxHP_equip__pkgEER/NE-dxHP_equip-spltSEER-14.4-SEER2-8.7-HSPF/instance-out.sql,84.83,1891472.27,263.40,5872883.60
CZ01/Rt3&0&cDXHP&Ex&dxHP_equip__pkgEER/NE-dxHP_equip-spltSEER-15.4-SEER2-9-HSPF/instance-out.sql,84.82,1891114.98,263.34,5871690.27
CZ01/Rt3&0&cDXHP&Ex&dxHP_equip__pkgEER/NE-dxHP_equip-spltSEER-16.3-SEER2-9.4-HSPF/instance-out.sql,84.80,1890676.58,263.28,5870225.99
CZ01/Rt3&0&cDXHP&Ex&dxHP_equip__pkgEER/NE-dxHP_equip-spltSEER-17.3-SEER2-9.7-HSPF/instance-out.sql,84.78,1890406.66,263.24,5869324.49
CZ01/Rt3&0&cDXHP&Ex&dxHP_equip__pkgEER/NE-dxAC_equip-pkgEER-14.2-IEER-TE-0.81-VarFan/instance-out.sql,87.49,1950784.44,264.29,5892788.93
CZ01/Rt3&0&cDXHP&Ex&dxHP_equip__pkgEER/NE-dxAC_equip-pkgEER-13.2-IEER-TE-0.81-VarFan/instance-out.sql,87.50,1950958.13,264.32,5893369.05
CZ01/Rt3&0&cDXHP&Ex&dxHP_equip__pkgEER/NE-dxAC_equip-pkgEER-14.8-IEER-TE-0.81-VarFan/instance-out.sql,87.49,1950634.22,264.27,5892287.21
CZ01/Rt3&0&cDXHP&Ex&dxHP_equip__pkgEER/NE-dxAC_equip-pkgSEER-13.4-SEER2-VarFan/instance-out.sql,87.50,1950874.47,264.30,5893089.62
CZ01/RtL&0&cDXHP&Ex&dxHP_equip__pkgEER/NE-dxAC_equip-pkgEER-14.2-IEER-TE-0.81/instance-out.sql,162.48,1969949.80,494.41,5994259.99
CZ01/RtL&0&cDXHP&Ex&dxHP_equip__pkgEER/NE-dxAC_equip-pkgEER-13.2-IEER-TE-0.81/instance-out.sql,162.50,1970147.76,494.47,5994921.16
CZ01/RtL&0&cDXHP&Ex&dxHP_equip__pkgEER/NE-dxAC_equip-pkgEER-14.8-IEER-TE-0.81/instance-out.sql,162.47,1969778.60,494.37,5993688.18
CZ01/RtL&0&cDXHP&Ex&dxHP_equip__pkgEER/NE-dxAC_equip-pkgSEER-13.4-SEER2/instance-out.sql,162.49,1970052.41,494.44,5994602.69
CZ01/RtL&0&cDXHP&Ex&dxHP_equip__pkgEER/NE-dxAC_equip-pkgEER-12.2-IEER-TE-0.80/instance-out.sql,162.59,1971263.63,494.60,5996495.47
CZ01/RtL&0&cDXHP&Ex&dxHP_equip__pkgEER/NE-dxAC_equip-pkgEER-11.4-IEER-TE-0.80/instance-out.sql,162.62,1971601.48,494.69,5997623.90
CZ01/RtL&0&cDXHP&Ex&dxHP_equip__pkgEER/NE-dxAC_equip-pkgEER-12.7-IEER-TE-0.80/instance-out.sql,162.59,1971276.80,494.60,5996539.47
CZ01/RtL&0&cDXHP&Ex&dxHP_equip__pkgEER/NE-dxAC_equip-pkgSEER-12.35-SEER2/instance-out.sql,162.59,1971198.83,494.58,5996279.05
CZ01/RtL&0&cDXHP&Ex&dxHP_equip__pkgEER/NE-dxHP_equip-pkgEER-14.5-IEER/instance-out.sql,158.00,1915576.66,493.64,5984869.70
CZ01/RtL&0&cDXHP&Ex&dxHP_equip__pkgEER/NE-dxHP_equip-pkgEER-15.5-IEER/instance-out.sql,157.98,1915407.70,493.59,5984305.38
CZ01/RtL&0&cDXHP&Ex&dxHP_equip__pkgEER/NE-dxHP_equip-pkgEER-13.5-IEER/instance-out.sql,158.01,1915747.98,493.69,5985441.92
CZ01/RtL&0&cDXHP&Ex&dxHP_equip__pkgEER/NE-dxHP_equip-pkgEER-14-IEER/instance-out.sql,158.00,1915621.06,493.65,5985018.00
CZ01/RtL&0&cDXHP&Ex&dxHP_equip__pkgEER/NE-dxHP_equip-pkgEER-15-IEER/instance-out.sql,157.89,1914200.68,493.26,5980273.92
CZ01/RtL&0&cDXHP&Ex&dxHP_equip__pkgEER/NE-dxHP_equip-pkgEER-16-IEER/instance-out.sql,157.87,1913979.62,493.20,5979535.60
CZ01/RtL&0&cDXHP&Ex&dxHP_equip__pkgEER/NE-dxHP_equip-pkgSEER-15.4-SEER2/instance-out.sql,157.74,1912453.15,492.78,5974437.19
CZ01/RtL&0&cDXHP&Ex&dxHP_equip__pkgEER/NE-dxHP_equip-pkgSEER-16.3-SEER2/instance-out.sql,157.70,1911906.26,492.63,5972610.55
CZ01/RtL&0&cDXHP&Ex&dxHP_equip__pkgEER/NE-dxHP_equip-pkgSEER-14.4-SEER2-1Stage/instance-out.sql,157.78,1912924.86,492.91,5976012.70
CZ01/RtL&0&cDXHP&Ex&dxHP_equip__pkgEER/NE-dxHP_equip-pkgSEER-14.4-SEER2-2Stage/instance-out.sql,141.55,1716133.47,438.69,5318728.53
CZ01/RtL&0&cDXHP&Ex&dxHP_equip__pkgEER/NE-dxHP_equip-spltSEER-14.4-SEER2-8.7-HSPF/instance-out.sql,157.74,1912418.46,492.77,5974321.31
CZ01/RtL&0&cDXHP&Ex&dxHP_equip__pkgEER/NE-dxHP_equip-spltSEER-15.4-SEER2-9-HSPF/instance-out.sql,157.71,1912051.26,492.67,5973094.88
CZ01/RtL&0&cDXHP&Ex&dxHP_equip__pkgEER/NE-dxHP_equip-spltSEER-16.3-SEER2-9.4-HSPF/instance-out.sql,157.67,1911605.90,492.54,5971607.38
CZ01/RtL&0&cDXHP&Ex&dxHP_equip__pkgEER/NE-dxHP_equip-spltSEER-17.3-SEER2-9.7-HSPF/instance-out.sql,157.65,1911328.52,492.47,5970680.91
CZ01/RtL&0&cDXHP&Ex&dxHP_equip__pkgEER/NE-dxAC_equip-pkgEER-14.2-IEER-TE-0.81-VarFan/instance-out.sql,162.47,1969808.46,494.37,5993710.33
CZ01/RtL&0&cDXHP&Ex&dxHP_equip__pkgEER/NE-dxAC_equip-pkgEER-13.2-IEER-TE-0.81-VarFan/instance-out.sql,162.49,1970006.35,494.42,5994371.30
CZ01/RtL&0&cDXHP&Ex&dxHP_equip__pkgEER/NE-dxAC_equip-pkgEER-14.8-IEER-TE-0.81-VarFan/instance-out.sql,162.46,1969637.31,494.32,5993138.69
CZ01/RtL&0&cDXHP&Ex&dxHP_equip__pkgEER/NE-dxAC_equip-pkgSEER-13.4-SEER2-VarFan/instance-out.sql,162.48,1969911.03,494.40,5994052.93
CZ01/RtS&0&cDXHP&Ex&dxHP_equip__pkgEER/NE-dxAC_equip-pkgEER-14.2-IEER-TE-0.81/instance-out.sql,88.71,131881.93,244.22,363075.67
CZ01/RtS&0&cDXHP&Ex&dxHP_equip__pkgEER/NE-dxAC_equip-pkgEER-13.2-IEER-TE-0.81/instance-out.sql,88.72,131893.20,244.24,363113.31
CZ01/RtS&0&cDXHP&Ex&dxHP_equip__pkgEER/NE-dxAC_equip-pkgEER-14.8-IEER-TE-0.81/instance-out.sql,88.70,131872.18,244.19,363043.12
CZ01/RtS&0&cDXHP&Ex&dxHP_equip__pkgEER/NE-dxAC_equip-pkgSEER-13.4-SEER2/instance-out.sql,88.71,131887.77,244.23,363095.18
CZ01/RtS&0&cDXHP&Ex&dxHP_equip__pkgEER/NE-dxAC_equip-pkgEER-12.2-IEER-TE-0.80/instance-out.sql,88.87,132116.60,244.42,363370.32
CZ01/RtS&0&cDXHP&Ex&dxHP_equip__pkgEER/NE-dxAC_equip-pkgEER-11.4-IEER-TE-0.80/instance-out.sql,88.88,132135.83,244.46,363434.55
CZ01/RtS&0&cDXHP&Ex&dxHP_equip__pkgEER/NE-dxAC_equip-pkgEER-12.7-IEER-TE-0.80/instance-out.sql,88.87,132117.35,244.42,363372.82
CZ01/RtS&0&cDXHP&Ex&dxHP_equip__pkgEER/NE-dxAC_equip-pkgSEER-12.35-SEER2/instance-out.sql,88.86,132112.91,244.41,363358.00
CZ01/RtS&0&cDXHP&Ex&dxHP_equip__pkgEER/NE-dxHP_equip-pkgEER-14.5-IEER/instance-out.sql,80.36,119464.38,242.64,360732.19
CZ01/RtS&0&cDXHP&Ex&dxHP_equip__pkgEER/NE-dxHP_equip-pkgEER-15.5-IEER/instance-out.sql,80.35,119454.63,242.62,360699.62
CZ01/RtS&0&cDXHP&Ex&dxHP_equip__pkgEER/NE-dxHP_equip-pkgEER-13.5-IEER/instance-out.sql,80.36,119474.27,242.66,360765.21
CZ01/RtS&0&cDXHP&Ex&dxHP_equip__pkgEER/NE-dxHP_equip-pkgEER-14-IEER/instance-out.sql,80.36,119466.94,242.65,360740.75
CZ01/RtS&0&cDXHP&Ex&dxHP_equip__pkgEER/NE-dxHP_equip-pkgEER-15-IEER/instance-out.sql,80.17,119184.34,242.01,359796.84
CZ01/RtS&0&cDXHP&Ex&dxHP_equip__pkgEER/NE-dxHP_equip-pkgEER-16-IEER/instance-out.sql,80.16,119171.58,241.98,359754.24
CZ01/RtS&0&cDXHP&Ex&dxHP_equip__pkgEER/NE-dxHP_equip-pkgSEER-15.4-SEER2/instance-out.sql,79.92,118818.99,241.19,358576.58
CZ01/RtS&0&cDXHP&Ex&dxHP_equip__pkgEER/NE-dxHP_equip-pkgSEER-16.3-SEER2/instance-out.sql,79.86,118720.62,240.97,358248.04
CZ01/RtS&0&cDXHP&Ex&dxHP_equip__pkgEER/NE-dxHP_equip-pkgSEER-14.4-SEER2-1Stage/instance-out.sql,79.98,118900.32,241.37,358848.24
CZ01/RtS&0&cDXHP&Ex&dxHP_equip__pkgEER/NE-dxHP_equip-pkgSEER-14.4-SEER2-2Stage/instance-out.sql,70.94,105467.60,211.20,313982.90
CZ01/RtS&0&cDXHP&Ex&dxHP_equip__pkgEER/NE-dxHP_equip-spltSEER-14.4-SEER2-8.7-HSPF/instance-out.sql,79.90,118786.92,241.12,358469.48
CZ01/RtS&0&cDXHP&Ex&dxHP_equip__pkgEER/NE-dxHP_equip-spltSEER-15.4-SEER2-9-HSPF/instance-out.sql,79.86,118728.99,240.99,358275.99
CZ01/RtS&0&cDXHP&Ex&dxHP_equip__pkgEER/NE-dxHP_equip-spltSEER-16.3-SEER2-9.4-HSPF/instance-out.sql,79.81,118653.36,240.82,358023.40
CZ01/RtS&0&cDXHP&Ex&dxHP_equip__pkgEER/NE-dxHP_equip-spltSEER-17.3-SEER2-9.7-HSPF/instance-out.sql,79.78,118609.59,240.72,357877.18
CZ01/RtS&0&cDXHP&Ex&dxHP_equip__pkgEER/NE-dxAC_equip-pkgEER-14.2-IEER-TE-0.81-VarFan/instance-out.sql,88.70,131875.63,244.20,363043.76
CZ01/RtS&0&cDXHP&Ex&dxHP_equip__pkgEER/NE-dxAC_equip-pkgEER-13.2-IEER-TE-0.81-VarFan/instance-out.sql,88.71,131886.89,244.22,363081.39
CZ01/RtS&0&cDXHP&Ex&dxHP_equip__pkgEER/NE-dxAC_equip-pkgEER-14.8-IEER-TE-0.81-VarFan/instance-out.sql,88.70,131865.88,244.17,363011.22
CZ01/RtS&0&cDXHP&Ex&dxHP_equip__pkgEER/NE-dxAC_equip-pkgSEER-13.4-SEER2-VarFan/instance-out.sql,88.71,131881.47,244.21,363063.26
CZ01/SCn&0&cDXHP&Ex&dxHP_equip__pkgEER/NE-dxAC_equip-pkgEER-14.2-IEER-TE-0.81/instance-out.sql,89.12,4139824.94,225.89,10492547.70
CZ01/SCn&0&cDXHP&Ex&dxHP_equip__pkgEER/NE-dxAC_equip-pkgEER-13.2-IEER-TE-0.81/instance-out.sql,89.13,4139936.20,225.89,10492919.32
CZ01/SCn&0&cDXHP&Ex&dxHP_equip__pkgEER/NE-dxAC_equip-pkgEER-14.8-IEER-TE-0.81/instance-out.sql,89.12,4139728.71,225.88,10492226.29
CZ01/SCn&0&cDXHP&Ex&dxHP_equip__pkgEER/NE-dxAC_equip-pkgSEER-13.4-SEER2/instance-out.sql,89.12,4139882.61,225.89,10492740.32
CZ01/SCn&0&cDXHP&Ex&dxHP_equip__pkgEER/NE-dxAC_equip-pkgEER-12.2-IEER-TE-0.80/instance-out.sql,89.49,4157046.30,226.28,10511061.79
CZ01/SCn&0&cDXHP&Ex&dxHP_equip__pkgEER/NE-dxAC_equip-pkgEER-11.4-IEER-TE-0.80/instance-out.sql,89.50,4157236.20,226.30,10511696.06
CZ01/SCn&0&cDXHP&Ex&dxHP_equip__pkgEER/NE-dxAC_equip-pkgEER-12.7-IEER-TE-0.80/instance-out.sql,89.49,4157053.70,226.29,10511086.53
CZ01/SCn&0&cDXHP&Ex&dxHP_equip__pkgEER/NE-dxAC_equip-pkgSEER-12.35-SEER2/instance-out.sql,89.49,4157009.88,226.28,10510940.15
CZ01/SCn&0&cDXHP&Ex&dxHP_equip__pkgEER/NE-dxHP_equip-pkgEER-14.5-IEER/instance-out.sql,67.74,3146457.81,221.64,10295121.29
CZ01/SCn&0&cDXHP&Ex&dxHP_equip__pkgEER/NE-dxHP_equip-pkgEER-15.5-IEER/instance-out.sql,67.74,3146361.34,221.63,10294799.09
CZ01/SCn&0&cDXHP&Ex&dxHP_equip__pkgEER/NE-dxHP_equip-pkgEER-13.5-IEER/instance-out.sql,67.74,3146555.62,221.64,10295448.00
CZ01/SCn&0&cDXHP&Ex&dxHP_equip__pkgEER/NE-dxHP_equip-pkgEER-14-IEER/instance-out.sql,67.74,3146483.16,221.64,10295205.96
CZ01/SCn&0&cDXHP&Ex&dxHP_equip__pkgEER/NE-dxHP_equip-pkgEER-15-IEER/instance-out.sql,67.28,3124995.78,220.09,10223438.11
CZ01/SCn&0&cDXHP&Ex&dxHP_equip__pkgEER/NE-dxHP_equip-pkgEER-16-IEER/instance-out.sql,67.27,3124869.56,220.08,10223016.57
CZ01/SCn&0&cDXHP&Ex&dxHP_equip__pkgEER/NE-dxHP_equip-pkgSEER-15.4-SEER2/instance-out.sql,66.67,3096740.13,218.06,10129064.27
CZ01/SCn&0&cDXHP&Ex&dxHP_equip__pkgEER/NE-dxHP_equip-pkgSEER-16.3-SEER2/instance-out.sql,66.51,3089543.49,217.54,10105027.46
CZ01/SCn&0&cDXHP&Ex&dxHP_equip__pkgEER/NE-dxHP_equip-pkgSEER-14.4-SEER2-1Stage/instance-out.sql,66.79,3102585.94,218.48,10148589.25
CZ01/SCn&0&cDXHP&Ex&dxHP_equip__pkgEER/NE-dxHP_equip-pkgSEER-14.4-SEER2-2Stage/instance-out.sql,54.18,2516512.50,176.34,8191103.95
CZ01/SCn&0&cDXHP&Ex&dxHP_equip__pkgEER/NE-dxHP_equip-spltSEER-14.4-SEER2-8.7-HSPF/instance-out.sql,66.60,3093622.06,217.84,10118649.89
CZ01/SCn&0&cDXHP&Ex&dxHP_equip__pkgEER/NE-dxHP_equip-spltSEER-15.4-SEER2-9-HSPF/instance-out.sql,66.51,3089626.28,217.55,10105303.99
CZ01/SCn&0&cDXHP&Ex&dxHP_equip__pkgEER/NE-dxHP_equip-spltSEER-16.3-SEER2-9.4-HSPF/instance-out.sql,66.40,3084226.94,217.16,10087270.19
CZ01/SCn&0&cDXHP&Ex&dxHP_equip__pkgEER/NE-dxHP_equip-spltSEER-17.3-SEER2-9.7-HSPF/instance-out.sql,66.33,3081206.83,216.94,10077183.04
CZ02/Asm&0&cDXHP&Ex&dxHP_equip__pkgEER/NE-dxAC_equip-pkgEER-14.2-IEER-TE-0.81/instance-out.sql,131.59,831419.59,353.78,2235192.03
CZ02/Asm&0&cDXHP&Ex&dxHP_equip__pkgEER/NE-dxAC_equip-pkgEER-13.2-IEER-TE-0.81/instance-out.sql,132.12,834751.46,355.54,2246320.47
CZ02/Asm&0&cDXHP&Ex&dxHP_equip__pkgEER/NE-dxAC_equip-pkgEER-14.8-IEER-TE-0.81/instance-out.sql,131.14,828537.97,352.26,2225567.43
CZ02/Asm&0&cDXHP&Ex&dxHP_equip__pkgEER/NE-dxAC_equip-pkgSEER-13.4-SEER2/instance-out.sql,131.87,833146.58,354.69,2240960.17
CZ02/Asm&0&cDXHP&Ex&dxHP_equip__pkgEER/NE-dxAC_equip-pkgEER-12.2-IEER-TE-0.80/instance-out.sql,133.02,840399.77,357.56,2259067.78
CZ02/Asm&0&cDXHP&Ex&dxHP_equip__pkgEER/NE-dxAC_equip-pkgEER-11.4-IEER-TE-0.80/instance-out.sql,133.92,846086.42,360.57,2278061.20
CZ02/Asm&0&cDXHP&Ex&dxHP_equip__pkgEER/NE-dxAC_equip-pkgEER-12.7-IEER-TE-0.80/instance-out.sql,133.05,840621.53,357.68,2259808.47
CZ02/Asm&0&cDXHP&Ex&dxHP_equip__pkgEER/NE-dxAC_equip-pkgSEER-12.35-SEER2/instance-out.sql,132.84,839309.18,356.98,2255425.21
CZ02/Asm&0&cDXHP&Ex&dxHP_equip__pkgEER/NE-dxHP_equip-pkgEER-14.5-IEER/instance-out.sql,106.98,675920.34,349.04,2205268.03
CZ02/Asm&0&cDXHP&Ex&dxHP_equip__pkgEER/NE-dxHP_equip-pkgEER-15.5-IEER/instance-out.sql,106.53,673075.85,347.54,2195767.44
CZ02/Asm&0&cDXHP&Ex&dxHP_equip__pkgEER/NE-dxHP_equip-pkgEER-13.5-IEER/instance-out.sql,107.44,678804.59,350.57,2214901.45
CZ02/Asm&0&cDXHP&Ex&dxHP_equip__pkgEER/NE-dxHP_equip-pkgEER-14-IEER/instance-out.sql,107.10,676667.83,349.44,2207764.67
CZ02/Asm&0&cDXHP&Ex&dxHP_equip__pkgEER/NE-dxHP_equip-pkgEER-15-IEER/instance-out.sql,106.01,669750.02,345.78,2184659.17
CZ02/Asm&0&cDXHP&Ex&dxHP_equip__pkgEER/NE-dxHP_equip-pkgEER-16-IEER/instance-out.sql,105.42,666028.50,343.81,2172229.31
CZ02/Asm&0&cDXHP&Ex&dxHP_equip__pkgEER/NE-dxHP_equip-pkgSEER-15.4-SEER2/instance-out.sql,104.90,662734.23,342.07,2161226.44
CZ02/Asm&0&cDXHP&Ex&dxHP_equip__pkgEER/NE-dxHP_equip-pkgSEER-16.3-SEER2/instance-out.sql,104.33,659185.62,340.20,2149374.07
CZ02/Asm&0&cDXHP&Ex&dxHP_equip__pkgEER/NE-dxHP_equip-pkgSEER-14.4-SEER2-1Stage/instance-out.sql,105.43,666092.09,343.85,2172441.69
CZ02/Asm&0&cDXHP&Ex&dxHP_equip__pkgEER/NE-dxHP_equip-pkgSEER-14.4-SEER2-2Stage/instance-out.sql,89.66,566471.98,291.18,1839710.40
CZ02/Asm&0&cDXHP&Ex&dxHP_equip__pkgEER/NE-dxHP_equip-spltSEER-14.4-SEER2-8.7-HSPF/instance-out.sql,105.21,664696.74,343.11,2167781.23
CZ02/Asm&0&cDXHP&Ex&dxHP_equip__pkgEER/NE-dxHP_equip-spltSEER-15.4-SEER2-9-HSPF/instance-out.sql,104.72,661626.86,341.49,2157527.84
CZ02/Asm&0&cDXHP&Ex&dxHP_equip__pkgEER/NE-dxHP_equip-spltSEER-16.3-SEER2-9.4-HSPF/instance-out.sql,104.20,658358.03,339.76,2146609.92
CZ02/Asm&0&cDXHP&Ex&dxHP_equip__pkgEER/NE-dxHP_equip-spltSEER-17.3-SEER2-9.7-HSPF/instance-out.sql,103.84,656040.34,338.53,2138868.86
CZ02/ECC&0&cDXHP&Ex&dxHP_equip__pkgEER/NE-dxAC_equip-pkgEER-14.2-IEER-TE-0.81/instance-out.sql,101.59,2682149.53,285.97,7550227.92
CZ02/ECC&0&cDXHP&Ex&dxHP_equip__pkgEER/NE-dxAC_equip-pkgEER-13.2-IEER-TE-0.81/instance-out.sql,101.83,2688647.59,286.79,7571931.45
CZ02/ECC&0&cDXHP&Ex&dxHP_equip__pkgEER/NE-dxAC_equip-pkgEER-14.8-IEER-TE-0.81/instance-out.sql,101.37,2676529.58,285.26,7531457.30
CZ02/ECC&0&cDXHP&Ex&dxHP_equip__pkgEER/NE-dxAC_equip-pkgSEER-13.4-SEER2/instance-out.sql,101.72,2685517.63,286.39,7561477.39
CZ02/ECC&0&cDXHP&Ex&dxHP_equip__pkgEER/NE-dxAC_equip-pkgEER-12.2-IEER-TE-0.80/instance-out.sql,102.10,2695602.76,287.57,7592540.79
CZ02/ECC&0&cDXHP&Ex&dxHP_equip__pkgEER/NE-dxAC_equip-pkgEER-11.4-IEER-TE-0.80/instance-out.sql,102.52,2706693.30,288.97,7629583.19
CZ02/ECC&0&cDXHP&Ex&dxHP_equip__pkgEER/NE-dxAC_equip-pkgEER-12.7-IEER-TE-0.80/instance-out.sql,102.11,2696035.26,287.63,7593985.34
CZ02/ECC&0&cDXHP&Ex&dxHP_equip__pkgEER/NE-dxAC_equip-pkgSEER-12.35-SEER2/instance-out.sql,102.02,2693475.81,287.30,7585436.76
CZ02/ECC&0&cDXHP&Ex&dxHP_equip__pkgEER/NE-dxHP_equip-pkgEER-14.5-IEER/instance-out.sql,99.18,2618462.57,285.85,7547240.76
CZ02/ECC&0&cDXHP&Ex&dxHP_equip__pkgEER/NE-dxHP_equip-pkgEER-15.5-IEER/instance-out.sql,98.96,2612890.62,285.15,7528630.44
CZ02/ECC&0&cDXHP&Ex&dxHP_equip__pkgEER/NE-dxHP_equip-pkgEER-13.5-IEER/instance-out.sql,99.39,2624112.42,286.57,7566111.25
CZ02/ECC&0&cDXHP&Ex&dxHP_equip__pkgEER/NE-dxHP_equip-pkgEER-14-IEER/instance-out.sql,99.23,2619926.81,286.04,7552131.32
CZ02/ECC&0&cDXHP&Ex&dxHP_equip__pkgEER/NE-dxHP_equip-pkgEER-15-IEER/instance-out.sql,98.91,2611365.33,284.96,7523536.00
CZ02/ECC&0&cDXHP&Ex&dxHP_equip__pkgEER/NE-dxHP_equip-pkgEER-16-IEER/instance-out.sql,98.63,2604075.42,284.03,7499187.68
CZ02/ECC&0&cDXHP&Ex&dxHP_equip__pkgEER/NE-dxHP_equip-pkgSEER-15.4-SEER2/instance-out.sql,98.64,2604200.16,284.05,7499604.32
CZ02/ECC&0&cDXHP&Ex&dxHP_equip__pkgEER/NE-dxHP_equip-pkgSEER-16.3-SEER2/instance-out.sql,98.43,2598910.25,283.38,7481936.01
CZ02/ECC&0&cDXHP&Ex&dxHP_equip__pkgEER/NE-dxHP_equip-pkgSEER-14.4-SEER2-1Stage/instance-out.sql,98.83,2609432.04,284.71,7517078.78
CZ02/ECC&0&cDXHP&Ex&dxHP_equip__pkgEER/NE-dxHP_equip-pkgSEER-14.4-SEER2-2Stage/instance-out.sql,92.07,2430995.60,262.14,6921200.24
CZ02/ECC&0&cDXHP&Ex&dxHP_equip__pkgEER/NE-dxHP_equip-spltSEER-14.4-SEER2-8.7-HSPF/instance-out.sql,98.81,2608792.11,284.63,7514941.42
CZ02/ECC&0&cDXHP&Ex&dxHP_equip__pkgEER/NE-dxHP_equip-spltSEER-15.4-SEER2-9-HSPF/instance-out.sql,98.62,2603692.30,283.99,7497908.08
CZ02/ECC&0&cDXHP&Ex&dxHP_equip__pkgEER/NE-dxHP_equip-spltSEER-16.3-SEER2-9.4-HSPF/instance-out.sql,98.42,2598530.70,283.33,7480668.32
CZ02/ECC&0&cDXHP&Ex&dxHP_equip__pkgEER/NE-dxHP_equip-spltSEER-17.3-SEER2-9.7-HSPF/instance-out.sql,98.27,2594681.27,282.85,7467811.23
CZ02/ECC&0&cDXHP&Ex&dxHP_equip__pkgEER/NE-dxAC_equip-pkgEER-14.2-IEER-TE-0.81-VarFan/instance-out.sql,101.58,2681964.74,285.94,7549572.44
CZ02/ECC&0&cDXHP&Ex&dxHP_equip__pkgEER/NE-dxAC_equip-pkgEER-13.2-IEER-TE-0.81-VarFan/instance-out.sql,101.83,2688462.07,286.77,7571273.53
CZ02/ECC&0&cDXHP&Ex&dxHP_equip__pkgEER/NE-dxAC_equip-pkgEER-14.8-IEER-TE-0.81-VarFan/instance-out.sql,101.37,2676345.43,285.23,7530803.93
CZ02/ECC&0&cDXHP&Ex&dxHP_equip__pkgEER/NE-dxAC_equip-pkgSEER-13.4-SEER2-VarFan/instance-out.sql,101.71,2685332.47,286.37,7560820.65
CZ02/EPr&0&cDXHP&Ex&dxHP_equip__pkgEER/NE-dxAC_equip-pkgEER-14.2-IEER-TE-0.81/instance-out.sql,111.78,423111.66,277.08,1048851.34
CZ02/EPr&0&cDXHP&Ex&dxHP_equip__pkgEER/NE-dxAC_equip-pkgEER-13.2-IEER-TE-0.81/instance-out.sql,112.05,424147.82,277.99,1052312.11
CZ02/EPr&0&cDXHP&Ex&dxHP_equip__pkgEER/NE-dxAC_equip-pkgEER-14.8-IEER-TE-0.81/instance-out.sql,111.54,422215.52,276.29,1045858.24
CZ02/EPr&0&cDXHP&Ex&dxHP_equip__pkgEER/NE-dxAC_equip-pkgSEER-13.4-SEER2/instance-out.sql,111.92,423648.73,277.55,1050645.14
CZ02/EPr&0&cDXHP&Ex&dxHP_equip__pkgEER/NE-dxAC_equip-pkgEER-12.2-IEER-TE-0.80/instance-out.sql,112.39,425445.50,278.91,1055795.91
CZ02/EPr&0&cDXHP&Ex&dxHP_equip__pkgEER/NE-dxAC_equip-pkgEER-11.4-IEER-TE-0.80/instance-out.sql,112.86,427213.96,280.47,1061702.56
CZ02/EPr&0&cDXHP&Ex&dxHP_equip__pkgEER/NE-dxAC_equip-pkgEER-12.7-IEER-TE-0.80/instance-out.sql,112.41,425514.47,278.97,1056026.25
CZ02/EPr&0&cDXHP&Ex&dxHP_equip__pkgEER/NE-dxAC_equip-pkgSEER-12.35-SEER2/instance-out.sql,112.30,425106.34,278.61,1054663.12
CZ02/EPr&0&cDXHP&Ex&dxHP_equip__pkgEER/NE-dxHP_equip-pkgEER-14.5-IEER/instance-out.sql,106.20,401990.57,276.42,1046344.20
CZ02/EPr&0&cDXHP&Ex&dxHP_equip__pkgEER/NE-dxHP_equip-pkgEER-15.5-IEER/instance-out.sql,105.96,401104.89,275.64,1043386.00
CZ02/EPr&0&cDXHP&Ex&dxHP_equip__pkgEER/NE-dxHP_equip-pkgEER-13.5-IEER/instance-out.sql,106.43,402888.64,277.21,1049343.75
CZ02/EPr&0&cDXHP&Ex&dxHP_equip__pkgEER/NE-dxHP_equip-pkgEER-14-IEER/instance-out.sql,106.26,402223.32,276.62,1047121.58
CZ02/EPr&0&cDXHP&Ex&dxHP_equip__pkgEER/NE-dxHP_equip-pkgEER-15-IEER/instance-out.sql,105.83,400623.06,275.21,1041776.68
CZ02/EPr&0&cDXHP&Ex&dxHP_equip__pkgEER/NE-dxHP_equip-pkgEER-16-IEER/instance-out.sql,105.53,399464.29,274.19,1037906.40
CZ02/EPr&0&cDXHP&Ex&dxHP_equip__pkgEER/NE-dxHP_equip-pkgSEER-15.4-SEER2/instance-out.sql,105.45,399168.54,273.93,1036918.60
CZ02/EPr&0&cDXHP&Ex&dxHP_equip__pkgEER/NE-dxHP_equip-pkgSEER-16.3-SEER2/instance-out.sql,105.21,398247.98,273.11,1033843.93
CZ02/EPr&0&cDXHP&Ex&dxHP_equip__pkgEER/NE-dxHP_equip-pkgSEER-14.4-SEER2-1Stage/instance-out.sql,105.69,400064.73,274.72,1039911.89
CZ02/EPr&0&cDXHP&Ex&dxHP_equip__pkgEER/NE-dxHP_equip-pkgSEER-14.4-SEER2-2Stage/instance-out.sql,98.58,373180.62,251.00,950118.82
CZ02/EPr&0&cDXHP&Ex&dxHP_equip__pkgEER/NE-dxHP_equip-spltSEER-14.4-SEER2-8.7-HSPF/instance-out.sql,105.63,399862.58,274.54,1039236.70
CZ02/EPr&0&cDXHP&Ex&dxHP_equip__pkgEER/NE-dxHP_equip-spltSEER-15.4-SEER2-9-HSPF/instance-out.sql,105.41,399008.11,273.79,1036382.77
CZ02/EPr&0&cDXHP&Ex&dxHP_equip__pkgEER/NE-dxHP_equip-spltSEER-16.3-SEER2-9.4-HSPF/instance-out.sql,105.18,398128.08,273.01,1033443.48
CZ02/EPr&0&cDXHP&Ex&dxHP_equip__pkgEER/NE-dxHP_equip-spltSEER-17.3-SEER2-9.7-HSPF/instance-out.sql,105.00,397483.07,272.44,1031289.12
CZ02/EPr&0&cDXHP&Ex&dxHP_equip__pkgEER/NE-dxAC_equip-pkgEER-14.2-IEER-TE-0.81-VarFan/instance-out.sql,111.77,423080.90,277.05,1048730.12
CZ02/EPr&0&cDXHP&Ex&dxHP_equip__pkgEER/NE-dxAC_equip-pkgEER-13.2-IEER-TE-0.81-VarFan/instance-out.sql,112.04,424116.94,277.96,1052190.51
CZ02/EPr&0&cDXHP&Ex&dxHP_equip__pkgEER/NE-dxAC_equip-pkgEER-14.8-IEER-TE-0.81-VarFan/instance-out.sql,111.53,422184.86,276.26,1045737.36
CZ02/EPr&0&cDXHP&Ex&dxHP_equip__pkgEER/NE-dxAC_equip-pkgSEER-13.4-SEER2-VarFan/instance-out.sql,111.91,423617.91,277.52,1050523.73
CZ02/ERC&0&cDXHP&Ex&dxHP_equip__pkgEER/NE-dxAC_equip-pkgEER-14.2-IEER-TE-0.81/instance-out.sql,76.80,20573.89,159.72,42787.77
CZ02/ERC&0&cDXHP&Ex&dxHP_equip__pkgEER/NE-dxAC_equip-pkgEER-13.2-IEER-TE-0.81/instance-out.sql,76.96,20616.53,160.25,42930.20
CZ02/ERC&0&cDXHP&Ex&dxHP_equip__pkgEER/NE-dxAC_equip-pkgEER-14.8-IEER-TE-0.81/instance-out.sql,76.66,20537.01,159.26,42664.59
CZ02/ERC&0&cDXHP&Ex&dxHP_equip__pkgEER/NE-dxAC_equip-pkgSEER-13.4-SEER2/instance-out.sql,76.88,20595.99,159.99,42861.59
CZ02/ERC&0&cDXHP&Ex&dxHP_equip__pkgEER/NE-dxAC_equip-pkgEER-12.2-IEER-TE-0.80/instance-out.sql,77.19,20679.54,160.82,43083.63
CZ02/ERC&0&cDXHP&Ex&dxHP_equip__pkgEER/NE-dxAC_equip-pkgEER-11.4-IEER-TE-0.80/instance-out.sql,77.46,20752.32,161.73,43326.72
CZ02/ERC&0&cDXHP&Ex&dxHP_equip__pkgEER/NE-dxAC_equip-pkgEER-12.7-IEER-TE-0.80/instance-out.sql,77.20,20682.38,160.86,43093.11
CZ02/ERC&0&cDXHP&Ex&dxHP_equip__pkgEER/NE-dxAC_equip-pkgSEER-12.35-SEER2/instance-out.sql,77.14,20665.59,160.65,43037.01
CZ02/ERC&0&cDXHP&Ex&dxHP_equip__pkgEER/NE-dxHP_equip-pkgEER-14.5-IEER/instance-out.sql,71.53,19162.15,159.15,42634.32
CZ02/ERC&0&cDXHP&Ex&dxHP_equip__pkgEER/NE-dxHP_equip-pkgEER-15.5-IEER/instance-out.sql,71.39,19125.42,158.69,42511.63
CZ02/ERC&0&cDXHP&Ex&dxHP_equip__pkgEER/NE-dxHP_equip-pkgEER-13.5-IEER/instance-out.sql,71.67,19199.40,159.61,42758.73
CZ02/ERC&0&cDXHP&Ex&dxHP_equip__pkgEER/NE-dxHP_equip-pkgEER-14-IEER/instance-out.sql,71.56,19171.80,159.27,42666.57
CZ02/ERC&0&cDXHP&Ex&dxHP_equip__pkgEER/NE-dxHP_equip-pkgEER-15-IEER/instance-out.sql,71.27,19093.20,158.29,42404.02
CZ02/ERC&0&cDXHP&Ex&dxHP_equip__pkgEER/NE-dxHP_equip-pkgEER-16-IEER/instance-out.sql,71.09,19045.14,157.69,42243.49
CZ02/ERC&0&cDXHP&Ex&dxHP_equip__pkgEER/NE-dxHP_equip-pkgSEER-15.4-SEER2/instance-out.sql,70.99,19016.74,157.33,42148.66
CZ02/ERC&0&cDXHP&Ex&dxHP_equip__pkgEER/NE-dxHP_equip-pkgSEER-16.3-SEER2/instance-out.sql,70.83,18974.49,156.81,42007.53
CZ02/ERC&0&cDXHP&Ex&dxHP_equip__pkgEER/NE-dxHP_equip-pkgSEER-14.4-SEER2-1Stage/instance-out.sql,71.14,19057.21,157.84,42283.83
CZ02/ERC&0&cDXHP&Ex&dxHP_equip__pkgEER/NE-dxHP_equip-pkgSEER-14.4-SEER2-2Stage/instance-out.sql,65.46,17537.10,138.89,37206.63
CZ02/ERC&0&cDXHP&Ex&dxHP_equip__pkgEER/NE-dxHP_equip-spltSEER-14.4-SEER2-8.7-HSPF/instance-out.sql,71.09,19043.70,157.67,42238.68
CZ02/ERC&0&cDXHP&Ex&dxHP_equip__pkgEER/NE-dxHP_equip-spltSEER-15.4-SEER2-9-HSPF/instance-out.sql,70.95,19006.02,157.20,42112.83
CZ02/ERC&0&cDXHP&Ex&dxHP_equip__pkgEER/NE-dxHP_equip-spltSEER-16.3-SEER2-9.4-HSPF/instance-out.sql,70.80,18966.47,156.71,41980.75
CZ02/ERC&0&cDXHP&Ex&dxHP_equip__pkgEER/NE-dxHP_equip-spltSEER-17.3-SEER2-9.7-HSPF/instance-out.sql,70.69,18938.02,156.35,41885.74
CZ02/ERC&0&cDXHP&Ex&dxHP_equip__pkgEER/NE-dxAC_equip-pkgEER-14.2-IEER-TE-0.81-VarFan/instance-out.sql,76.79,20572.83,159.70,42783.03
CZ02/ERC&0&cDXHP&Ex&dxHP_equip__pkgEER/NE-dxAC_equip-pkgEER-13.2-IEER-TE-0.81-VarFan/instance-out.sql,76.95,20615.46,160.23,42925.44
CZ02/ERC&0&cDXHP&Ex&dxHP_equip__pkgEER/NE-dxAC_equip-pkgEER-14.8-IEER-TE-0.81-VarFan/instance-out.sql,76.66,20535.95,159.24,42659.86
CZ02/ERC&0&cDXHP&Ex&dxHP_equip__pkgEER/NE-dxAC_equip-pkgSEER-13.4-SEER2-VarFan/instance-out.sql,76.88,20594.93,159.98,42856.84
CZ02/ESe&0&cDXHP&Ex&dxHP_equip__pkgEER/NE-dxAC_equip-pkgEER-14.2-IEER-TE-0.81/instance-out.sql,180.47,1247468.01,452.26,3126135.50
CZ02/ESe&0&cDXHP&Ex&dxHP_equip__pkgEER/NE-dxAC_equip-pkgEER-13.2-IEER-TE-0.81/instance-out.sql,180.65,1248707.05,452.86,3130273.91
CZ02/ESe&0&cDXHP&Ex&dxHP_equip__pkgEER/NE-dxAC_equip-pkgEER-14.8-IEER-TE-0.81/instance-out.sql,180.32,1246396.40,451.75,3122556.34
CZ02/ESe&0&cDXHP&Ex&dxHP_equip__pkgEER/NE-dxAC_equip-pkgSEER-13.4-SEER2/instance-out.sql,180.57,1248110.23,452.57,3128280.54
CZ02/ESe&0&cDXHP&Ex&dxHP_equip__pkgEER/NE-dxAC_equip-pkgEER-12.2-IEER-TE-0.80/instance-out.sql,180.85,1250043.05,453.43,3134213.93
CZ02/ESe&0&cDXHP&Ex&dxHP_equip__pkgEER/NE-dxAC_equip-pkgEER-11.4-IEER-TE-0.80/instance-out.sql,181.15,1252157.78,454.45,3141277.14
CZ02/ESe&0&cDXHP&Ex&dxHP_equip__pkgEER/NE-dxAC_equip-pkgEER-12.7-IEER-TE-0.80/instance-out.sql,180.86,1250125.52,453.47,3134489.38
CZ02/ESe&0&cDXHP&Ex&dxHP_equip__pkgEER/NE-dxAC_equip-pkgSEER-12.35-SEER2/instance-out.sql,180.79,1249637.48,453.24,3132859.34
CZ02/ESe&0&cDXHP&Ex&dxHP_equip__pkgEER/NE-dxHP_equip-pkgEER-14.5-IEER/instance-out.sql,178.64,1234802.03,452.19,3125613.13
CZ02/ESe&0&cDXHP&Ex&dxHP_equip__pkgEER/NE-dxHP_equip-pkgEER-15.5-IEER/instance-out.sql,178.49,1233739.09,451.67,3122062.92
CZ02/ESe&0&cDXHP&Ex&dxHP_equip__pkgEER/NE-dxHP_equip-pkgEER-13.5-IEER/instance-out.sql,178.80,1235879.82,452.71,3129212.98
CZ02/ESe&0&cDXHP&Ex&dxHP_equip__pkgEER/NE-dxHP_equip-pkgEER-14-IEER/instance-out.sql,178.68,1235081.35,452.32,3126546.08
CZ02/ESe&0&cDXHP&Ex&dxHP_equip__pkgEER/NE-dxHP_equip-pkgEER-15-IEER/instance-out.sql,178.44,1233433.90,451.53,3121043.60
CZ02/ESe&0&cDXHP&Ex&dxHP_equip__pkgEER/NE-dxHP_equip-pkgEER-16-IEER/instance-out.sql,178.24,1232043.24,450.85,3116398.77
CZ02/ESe&0&cDXHP&Ex&dxHP_equip__pkgEER/NE-dxHP_equip-pkgSEER-15.4-SEER2/instance-out.sql,178.24,1232048.30,450.86,3116415.68
CZ02/ESe&0&cDXHP&Ex&dxHP_equip__pkgEER/NE-dxHP_equip-pkgSEER-16.3-SEER2/instance-out.sql,178.10,1231034.43,450.37,3113029.36
CZ02/ESe&0&cDXHP&Ex&dxHP_equip__pkgEER/NE-dxHP_equip-pkgSEER-14.4-SEER2-1Stage/instance-out.sql,178.39,1233050.19,451.34,3119762.01
CZ02/ESe&0&cDXHP&Ex&dxHP_equip__pkgEER/NE-dxHP_equip-pkgSEER-14.4-SEER2-2Stage/instance-out.sql,173.93,1202216.76,436.35,3016119.96
CZ02/ESe&0&cDXHP&Ex&dxHP_equip__pkgEER/NE-dxHP_equip-spltSEER-14.4-SEER2-8.7-HSPF/instance-out.sql,178.37,1232922.15,451.28,3119334.36
CZ02/ESe&0&cDXHP&Ex&dxHP_equip__pkgEER/NE-dxHP_equip-spltSEER-15.4-SEER2-9-HSPF/instance-out.sql,178.23,1231946.68,450.81,3116076.29
CZ02/ESe&0&cDXHP&Ex&dxHP_equip__pkgEER/NE-dxHP_equip-spltSEER-16.3-SEER2-9.4-HSPF/instance-out.sql,178.08,1230958.49,450.33,3112775.72
CZ02/ESe&0&cDXHP&Ex&dxHP_equip__pkgEER/NE-dxHP_equip-spltSEER-17.3-SEER2-9.7-HSPF/instance-out.sql,177.98,1230222.18,449.97,3110316.45
CZ02/ESe&0&cDXHP&Ex&dxHP_equip__pkgEER/NE-dxAC_equip-pkgEER-14.2-IEER-TE-0.81-VarFan/instance-out.sql,180.47,1247437.99,452.25,3126022.26
CZ02/ESe&0&cDXHP&Ex&dxHP_equip__pkgEER/NE-dxAC_equip-pkgEER-13.2-IEER-TE-0.81-VarFan/instance-out.sql,180.65,1248676.90,452.85,3130160.24
CZ02/ESe&0&cDXHP&Ex&dxHP_equip__pkgEER/NE-dxAC_equip-pkgEER-14.8-IEER-TE-0.81-VarFan/instance-out.sql,180.31,1246366.49,451.73,3122443.47
CZ02/ESe&0&cDXHP&Ex&dxHP_equip__pkgEER/NE-dxAC_equip-pkgSEER-13.4-SEER2-VarFan/instance-out.sql,180.56,1248080.15,452.56,3128167.07
CZ02/EUn&0&cDXHP&Ex&dxHP_equip__pkgEER/NE-dxAC_equip-pkgEER-14.2-IEER-TE-0.81/instance-out.sql,107.04,8529974.70,324.73,25877793.23
CZ02/EUn&0&cDXHP&Ex&dxHP_equip__pkgEER/NE-dxAC_equip-pkgEER-13.2-IEER-TE-0.81/instance-out.sql,107.29,8549975.47,325.57,25944595.79
CZ02/EUn&0&cDXHP&Ex&dxHP_equip__pkgEER/NE-dxAC_equip-pkgEER-14.8-IEER-TE-0.81/instance-out.sql,106.82,8512676.74,324.00,25820018.04
CZ02/EUn&0&cDXHP&Ex&dxHP_equip__pkgEER/NE-dxAC_equip-pkgSEER-13.4-SEER2/instance-out.sql,107.17,8540341.59,325.16,25912418.64
CZ02/EUn&0&cDXHP&Ex&dxHP_equip__pkgEER/NE-dxAC_equip-pkgEER-12.2-IEER-TE-0.80/instance-out.sql,107.55,8570711.34,326.35,26007327.04
CZ02/EUn&0&cDXHP&Ex&dxHP_equip__pkgEER/NE-dxAC_equip-pkgEER-11.4-IEER-TE-0.80/instance-out.sql,107.98,8604847.57,327.78,26121342.04
CZ02/EUn&0&cDXHP&Ex&dxHP_equip__pkgEER/NE-dxAC_equip-pkgEER-12.7-IEER-TE-0.80/instance-out.sql,107.57,8572042.56,326.41,26011773.31
CZ02/EUn&0&cDXHP&Ex&dxHP_equip__pkgEER/NE-dxAC_equip-pkgSEER-12.35-SEER2/instance-out.sql,107.47,8564164.67,326.08,25985461.15
CZ02/EUn&0&cDXHP&Ex&dxHP_equip__pkgEER/NE-dxHP_equip-pkgEER-14.5-IEER/instance-out.sql,105.10,8375379.12,324.80,25883566.33
CZ02/EUn&0&cDXHP&Ex&dxHP_equip__pkgEER/NE-dxHP_equip-pkgEER-15.5-IEER/instance-out.sql,104.88,8358178.10,324.08,25826114.92
CZ02/EUn&0&cDXHP&Ex&dxHP_equip__pkgEER/NE-dxHP_equip-pkgEER-13.5-IEER/instance-out.sql,105.32,8392820.62,325.53,25941820.93
CZ02/EUn&0&cDXHP&Ex&dxHP_equip__pkgEER/NE-dxHP_equip-pkgEER-14-IEER/instance-out.sql,105.15,8379899.34,324.99,25898663.86
CZ02/EUn&0&cDXHP&Ex&dxHP_equip__pkgEER/NE-dxHP_equip-pkgEER-15-IEER/instance-out.sql,104.83,8354292.42,323.92,25813136.75
CZ02/EUn&0&cDXHP&Ex&dxHP_equip__pkgEER/NE-dxHP_equip-pkgEER-16-IEER/instance-out.sql,104.55,8331787.92,322.97,25737971.70
CZ02/EUn&0&cDXHP&Ex&dxHP_equip__pkgEER/NE-dxHP_equip-pkgSEER-15.4-SEER2/instance-out.sql,104.57,8333257.95,323.03,25742881.60
CZ02/EUn&0&cDXHP&Ex&dxHP_equip__pkgEER/NE-dxHP_equip-pkgSEER-16.3-SEER2/instance-out.sql,104.37,8317201.62,322.36,25689253.46
CZ02/EUn&0&cDXHP&Ex&dxHP_equip__pkgEER/NE-dxHP_equip-pkgSEER-14.4-SEER2-1Stage/instance-out.sql,104.77,8349187.17,323.70,25796085.21
CZ02/EUn&0&cDXHP&Ex&dxHP_equip__pkgEER/NE-dxHP_equip-pkgSEER-14.4-SEER2-2Stage/instance-out.sql,97.70,7785900.33,300.08,23913631.74
CZ02/EUn&0&cDXHP&Ex&dxHP_equip__pkgEER/NE-dxHP_equip-spltSEER-14.4-SEER2-8.7-HSPF/instance-out.sql,104.75,8347556.94,323.63,25790640.24
CZ02/EUn&0&cDXHP&Ex&dxHP_equip__pkgEER/NE-dxHP_equip-spltSEER-15.4-SEER2-9-HSPF/instance-out.sql,104.55,8331964.17,322.98,25738560.40
CZ02/EUn&0&cDXHP&Ex&dxHP_equip__pkgEER/NE-dxHP_equip-spltSEER-16.3-SEER2-9.4-HSPF/instance-out.sql,104.36,8316234.72,322.32,25686024.01
CZ02/EUn&0&cDXHP&Ex&dxHP_equip__pkgEER/NE-dxHP_equip-spltSEER-17.3-SEER2-9.7-HSPF/instance-out.sql,104.21,8304465.15,321.83,25646713.67
CZ02/EUn&0&cDXHP&Ex&dxHP_equip__pkgEER/NE-dxAC_equip-pkgEER-14.2-IEER-TE-0.81-VarFan/instance-out.sql,107.03,8529385.80,324.70,25875650.99
CZ02/EUn&0&cDXHP&Ex&dxHP_equip__pkgEER/NE-dxAC_equip-pkgEER-13.2-IEER-TE-0.81-VarFan/instance-out.sql,107.28,8549384.38,325.54,25942446.24
CZ02/EUn&0&cDXHP&Ex&dxHP_equip__pkgEER/NE-dxAC_equip-pkgEER-14.8-IEER-TE-0.81-VarFan/instance-out.sql,106.81,8512089.73,323.98,25817882.12
CZ02/EUn&0&cDXHP&Ex&dxHP_equip__pkgEER/NE-dxAC_equip-pkgSEER-13.4-SEER2-VarFan/instance-out.sql,107.16,8539751.56,325.13,25910272.61
CZ02/Gro&0&cDXHP&Ex&dxHP_equip__pkgEER/NE-dxAC_equip-pkgEER-14.2-IEER-TE-0.81/instance-out.sql,385.45,1790383.92,1175.73,5461093.66
CZ02/Gro&0&cDXHP&Ex&dxHP_equip__pkgEER/NE-dxAC_equip-pkgEER-13.2-IEER-TE-0.81/instance-out.sql,385.76,1791797.90,1176.74,5465816.34
CZ02/Gro&0&cDXHP&Ex&dxHP_equip__pkgEER/NE-dxAC_equip-pkgEER-14.8-IEER-TE-0.81/instance-out.sql,385.19,1789161.03,1174.85,5457009.18
CZ02/Gro&0&cDXHP&Ex&dxHP_equip__pkgEER/NE-dxAC_equip-pkgSEER-13.4-SEER2/instance-out.sql,385.61,1791116.82,1176.25,5463541.54
CZ02/Gro&0&cDXHP&Ex&dxHP_equip__pkgEER/NE-dxAC_equip-pkgEER-12.2-IEER-TE-0.80/instance-out.sql,386.47,1795122.84,1178.12,5472197.56
CZ02/Gro&0&cDXHP&Ex&dxHP_equip__pkgEER/NE-dxAC_equip-pkgEER-11.4-IEER-TE-0.80/instance-out.sql,386.99,1797536.14,1179.85,5480257.98
CZ02/Gro&0&cDXHP&Ex&dxHP_equip__pkgEER/NE-dxAC_equip-pkgEER-12.7-IEER-TE-0.80/instance-out.sql,386.49,1795216.95,1178.18,5472511.89
CZ02/Gro&0&cDXHP&Ex&dxHP_equip__pkgEER/NE-dxAC_equip-pkgSEER-12.35-SEER2/instance-out.sql,386.37,1794660.01,1177.78,5470651.73
CZ02/Gro&0&cDXHP&Ex&dxHP_equip__pkgEER/NE-dxHP_equip-pkgEER-14.5-IEER/instance-out.sql,359.65,1670546.23,1170.92,5438760.65
CZ02/Gro&0&cDXHP&Ex&dxHP_equip__pkgEER/NE-dxHP_equip-pkgEER-15.5-IEER/instance-out.sql,359.39,1669312.94,1170.03,5434641.46
CZ02/Gro&0&cDXHP&Ex&dxHP_equip__pkgEER/NE-dxHP_equip-pkgEER-13.5-IEER/instance-out.sql,359.92,1671796.76,1171.82,5442937.43
CZ02/Gro&0&cDXHP&Ex&dxHP_equip__pkgEER/NE-dxHP_equip-pkgEER-14-IEER/instance-out.sql,359.72,1670870.32,1171.15,5439843.12
CZ02/Gro&0&cDXHP&Ex&dxHP_equip__pkgEER/NE-dxHP_equip-pkgEER-15-IEER/instance-out.sql,358.84,1666776.50,1168.21,5426169.73
CZ02/Gro&0&cDXHP&Ex&dxHP_equip__pkgEER/NE-dxHP_equip-pkgEER-16-IEER/instance-out.sql,358.50,1665162.95,1167.05,5420780.50
CZ02/Gro&0&cDXHP&Ex&dxHP_equip__pkgEER/NE-dxHP_equip-pkgSEER-15.4-SEER2/instance-out.sql,357.88,1662291.81,1164.98,5411190.89
CZ02/Gro&0&cDXHP&Ex&dxHP_equip__pkgEER/NE-dxHP_equip-pkgSEER-16.3-SEER2/instance-out.sql,357.47,1660388.83,1163.61,5404834.91
CZ02/Gro&0&cDXHP&Ex&dxHP_equip__pkgEER/NE-dxHP_equip-pkgSEER-14.4-SEER2-1Stage/instance-out.sql,358.25,1664042.86,1166.24,5417039.40
CZ02/Gro&0&cDXHP&Ex&dxHP_equip__pkgEER/NE-dxHP_equip-pkgSEER-14.4-SEER2-2Stage/instance-out.sql,342.69,1591752.19,1114.26,5175588.36
CZ02/Gro&0&cDXHP&Ex&dxHP_equip__pkgEER/NE-dxHP_equip-spltSEER-14.4-SEER2-8.7-HSPF/instance-out.sql,358.02,1662978.70,1165.48,5413485.11
CZ02/Gro&0&cDXHP&Ex&dxHP_equip__pkgEER/NE-dxHP_equip-spltSEER-15.4-SEER2-9-HSPF/instance-out.sql,357.70,1661447.28,1164.38,5408370.16
CZ02/Gro&0&cDXHP&Ex&dxHP_equip__pkgEER/NE-dxHP_equip-spltSEER-16.3-SEER2-9.4-HSPF/instance-out.sql,357.33,1659757.66,1163.16,5402726.83
CZ02/Gro&0&cDXHP&Ex&dxHP_equip__pkgEER/NE-dxHP_equip-spltSEER-17.3-SEER2-9.7-HSPF/instance-out.sql,357.08,1658601.30,1162.33,5398864.59
CZ02/Gro&0&cDXHP&Ex&dxHP_equip__pkgEER/NE-dxAC_equip-pkgEER-14.2-IEER-TE-0.81-VarFan/instance-out.sql,385.42,1790228.54,1175.60,5460512.53
CZ02/Gro&0&cDXHP&Ex&dxHP_equip__pkgEER/NE-dxAC_equip-pkgEER-13.2-IEER-TE-0.81-VarFan/instance-out.sql,385.73,1791642.36,1176.62,5465234.67
CZ02/Gro&0&cDXHP&Ex&dxHP_equip__pkgEER/NE-dxAC_equip-pkgEER-14.8-IEER-TE-0.81-VarFan/instance-out.sql,385.16,1789005.79,1174.72,5456428.53
CZ02/Gro&0&cDXHP&Ex&dxHP_equip__pkgEER/NE-dxAC_equip-pkgSEER-13.4-SEER2-VarFan/instance-out.sql,385.58,1790961.36,1176.13,5462960.13
CZ02/Hsp&0&cDXHP&Ex&dxHP_equip__pkgEER/NE-dxAC_equip-pkgEER-14.2-IEER-TE-0.81/instance-out.sql,80.38,3689470.26,237.77,10913380.52
CZ02/Hsp&0&cDXHP&Ex&dxHP_equip__pkgEER/NE-dxAC_equip-pkgEER-13.2-IEER-TE-0.81/instance-out.sql,80.45,3692499.97,237.99,10923499.73
CZ02/Hsp&0&cDXHP&Ex&dxHP_equip__pkgEER/NE-dxAC_equip-pkgEER-14.8-IEER-TE-0.81/instance-out.sql,80.32,3686849.98,237.58,10904628.76
CZ02/Hsp&0&cDXHP&Ex&dxHP_equip__pkgEER/NE-dxAC_equip-pkgSEER-13.4-SEER2/instance-out.sql,80.42,3691040.63,237.88,10918625.56
CZ02/Hsp&0&cDXHP&Ex&dxHP_equip__pkgEER/NE-dxAC_equip-pkgEER-12.2-IEER-TE-0.80/instance-out.sql,80.52,3695602.88,238.19,10932962.29
CZ02/Hsp&0&cDXHP&Ex&dxHP_equip__pkgEER/NE-dxAC_equip-pkgEER-11.4-IEER-TE-0.80/instance-out.sql,80.63,3700773.82,238.57,10950233.22
CZ02/Hsp&0&cDXHP&Ex&dxHP_equip__pkgEER/NE-dxAC_equip-pkgEER-12.7-IEER-TE-0.80/instance-out.sql,80.52,3695804.53,238.21,10933635.81
CZ02/Hsp&0&cDXHP&Ex&dxHP_equip__pkgEER/NE-dxAC_equip-pkgSEER-12.35-SEER2/instance-out.sql,80.49,3694611.19,238.12,10929650.05
CZ02/Hsp&0&cDXHP&Ex&dxHP_equip__pkgEER/NE-dxHP_equip-pkgEER-14.5-IEER/instance-out.sql,79.93,3668561.96,237.82,10915540.88
CZ02/Hsp&0&cDXHP&Ex&dxHP_equip__pkgEER/NE-dxHP_equip-pkgEER-15.5-IEER/instance-out.sql,79.87,3665944.33,237.62,10906797.98
CZ02/Hsp&0&cDXHP&Ex&dxHP_equip__pkgEER/NE-dxHP_equip-pkgEER-13.5-IEER/instance-out.sql,79.98,3671216.19,238.01,10924406.01
CZ02/Hsp&0&cDXHP&Ex&dxHP_equip__pkgEER/NE-dxHP_equip-pkgEER-14-IEER/instance-out.sql,79.94,3669249.84,237.87,10917838.41
CZ02/Hsp&0&cDXHP&Ex&dxHP_equip__pkgEER/NE-dxHP_equip-pkgEER-15-IEER/instance-out.sql,79.86,3665406.59,237.59,10905001.95
CZ02/Hsp&0&cDXHP&Ex&dxHP_equip__pkgEER/NE-dxHP_equip-pkgEER-16-IEER/instance-out.sql,79.78,3661981.88,237.34,10893563.40
CZ02/Hsp&0&cDXHP&Ex&dxHP_equip__pkgEER/NE-dxHP_equip-pkgSEER-15.4-SEER2/instance-out.sql,79.79,3662276.23,237.36,10894546.54
CZ02/Hsp&0&cDXHP&Ex&dxHP_equip__pkgEER/NE-dxHP_equip-pkgSEER-16.3-SEER2/instance-out.sql,79.74,3659850.63,237.18,10886445.05
CZ02/Hsp&0&cDXHP&Ex&dxHP_equip__pkgEER/NE-dxHP_equip-pkgSEER-14.4-SEER2-1Stage/instance-out.sql,79.84,3664685.87,237.53,10902594.74
CZ02/Hsp&0&cDXHP&Ex&dxHP_equip__pkgEER/NE-dxHP_equip-pkgSEER-14.4-SEER2-2Stage/instance-out.sql,77.61,3562214.38,229.91,10552685.14
CZ02/Hsp&0&cDXHP&Ex&dxHP_equip__pkgEER/NE-dxHP_equip-spltSEER-14.4-SEER2-8.7-HSPF/instance-out.sql,79.84,3664460.27,237.52,10901841.22
CZ02/Hsp&0&cDXHP&Ex&dxHP_equip__pkgEER/NE-dxHP_equip-spltSEER-15.4-SEER2-9-HSPF/instance-out.sql,79.79,3662097.19,237.34,10893948.53
CZ02/Hsp&0&cDXHP&Ex&dxHP_equip__pkgEER/NE-dxHP_equip-spltSEER-16.3-SEER2-9.4-HSPF/instance-out.sql,79.73,3659716.83,237.17,10885998.13
CZ02/Hsp&0&cDXHP&Ex&dxHP_equip__pkgEER/NE-dxHP_equip-spltSEER-17.3-SEER2-9.7-HSPF/instance-out.sql,79.69,3657933.16,237.04,10880040.69
CZ02/MBT&0&cDXHP&Ex&dxHP_equip__pkgEER/NE-dxAC_equip-pkgEER-14.2-IEER-TE-0.81/instance-out.sql,189.17,7028999.97,403.17,14980182.91
CZ02/MBT&0&cDXHP&Ex&dxHP_equip__pkgEER/NE-dxAC_equip-pkgEER-13.2-IEER-TE-0.81/instance-out.sql,189.26,7032325.35,403.47,14991289.68
CZ02/MBT&0&cDXHP&Ex&dxHP_equip__pkgEER/NE-dxAC_equip-pkgEER-14.8-IEER-TE-0.81/instance-out.sql,189.10,7026123.96,402.91,14970577.05
CZ02/MBT&0&cDXHP&Ex&dxHP_equip__pkgEER/NE-dxAC_equip-pkgSEER-13.4-SEER2/instance-out.sql,189.22,7030723.59,403.32,14985939.82
CZ02/MBT&0&cDXHP&Ex&dxHP_equip__pkgEER/NE-dxAC_equip-pkgEER-12.2-IEER-TE-0.80/instance-out.sql,189.38,7036593.35,403.77,15002578.52
CZ02/MBT&0&cDXHP&Ex&dxHP_equip__pkgEER/NE-dxAC_equip-pkgEER-11.4-IEER-TE-0.80/instance-out.sql,189.53,7042268.94,404.28,15021534.96
CZ02/MBT&0&cDXHP&Ex&dxHP_equip__pkgEER/NE-dxAC_equip-pkgEER-12.7-IEER-TE-0.80/instance-out.sql,189.38,7036814.69,403.79,15003317.76
CZ02/MBT&0&cDXHP&Ex&dxHP_equip__pkgEER/NE-dxAC_equip-pkgSEER-12.35-SEER2/instance-out.sql,189.35,7035504.89,403.67,14998943.03
CZ02/MBT&0&cDXHP&Ex&dxHP_equip__pkgEER/NE-dxHP_equip-pkgEER-14.5-IEER/instance-out.sql,187.23,6956648.74,403.04,14975660.18
CZ02/MBT&0&cDXHP&Ex&dxHP_equip__pkgEER/NE-dxHP_equip-pkgEER-15.5-IEER/instance-out.sql,187.15,6953784.53,402.79,14966093.72
CZ02/MBT&0&cDXHP&Ex&dxHP_equip__pkgEER/NE-dxHP_equip-pkgEER-13.5-IEER/instance-out.sql,187.30,6959553.00,403.31,14985360.38
CZ02/MBT&0&cDXHP&Ex&dxHP_equip__pkgEER/NE-dxHP_equip-pkgEER-14-IEER/instance-out.sql,187.25,6957401.42,403.11,14978174.13
CZ02/MBT&0&cDXHP&Ex&dxHP_equip__pkgEER/NE-dxHP_equip-pkgEER-15-IEER/instance-out.sql,187.10,6952083.98,402.63,14960413.86
CZ02/MBT&0&cDXHP&Ex&dxHP_equip__pkgEER/NE-dxHP_equip-pkgEER-16-IEER/instance-out.sql,187.00,6948336.66,402.30,14947897.83
CZ02/MBT&0&cDXHP&Ex&dxHP_equip__pkgEER/NE-dxHP_equip-pkgSEER-15.4-SEER2/instance-out.sql,186.97,6947192.56,402.19,14944076.51
CZ02/MBT&0&cDXHP&Ex&dxHP_equip__pkgEER/NE-dxHP_equip-pkgSEER-16.3-SEER2/instance-out.sql,186.89,6944168.17,401.92,14933975.06
CZ02/MBT&0&cDXHP&Ex&dxHP_equip__pkgEER/NE-dxHP_equip-pkgSEER-14.4-SEER2-1Stage/instance-out.sql,187.05,6950129.14,402.46,14953884.69
CZ02/MBT&0&cDXHP&Ex&dxHP_equip__pkgEER/NE-dxHP_equip-pkgSEER-14.4-SEER2-2Stage/instance-out.sql,183.73,6826717.16,391.21,14535772.51
CZ02/MBT&0&cDXHP&Ex&dxHP_equip__pkgEER/NE-dxHP_equip-spltSEER-14.4-SEER2-8.7-HSPF/instance-out.sql,187.03,6949415.67,402.39,14951501.72
CZ02/MBT&0&cDXHP&Ex&dxHP_equip__pkgEER/NE-dxHP_equip-spltSEER-15.4-SEER2-9-HSPF/instance-out.sql,186.96,6946626.34,402.14,14942185.35
CZ02/MBT&0&cDXHP&Ex&dxHP_equip__pkgEER/NE-dxHP_equip-spltSEER-16.3-SEER2-9.4-HSPF/instance-out.sql,186.88,6943745.01,401.88,14932561.70
CZ02/MBT&0&cDXHP&Ex&dxHP_equip__pkgEER/NE-dxHP_equip-spltSEER-17.3-SEER2-9.7-HSPF/instance-out.sql,186.82,6941639.40,401.70,14925528.95
CZ02/MLI&0&cDXHP&Ex&dxHP_equip__pkgEER/NE-dxAC_equip-pkgEER-14.2-IEER-TE-0.81/instance-out.sql,119.10,1106675.56,349.84,3250592.53
CZ02/MLI&0&cDXHP&Ex&dxHP_equip__pkgEER/NE-dxAC_equip-pkgEER-13.2-IEER-TE-0.81/instance-out.sql,119.46,1110001.88,351.04,3261702.45
CZ02/MLI&0&cDXHP&Ex&dxHP_equip__pkgEER/NE-dxAC_equip-pkgEER-14.8-IEER-TE-0.81/instance-out.sql,118.80,1103798.74,348.81,3240983.96
CZ02/MLI&0&cDXHP&Ex&dxHP_equip__pkgEER/NE-dxAC_equip-pkgSEER-13.4-SEER2/instance-out.sql,119.29,1108399.67,350.46,3256351.07
CZ02/MLI&0&cDXHP&Ex&dxHP_equip__pkgEER/NE-dxAC_equip-pkgEER-12.2-IEER-TE-0.80/instance-out.sql,119.98,1114790.98,352.31,3273538.79
CZ02/MLI&0&cDXHP&Ex&dxHP_equip__pkgEER/NE-dxAC_equip-pkgEER-11.4-IEER-TE-0.80/instance-out.sql,120.59,1120468.17,354.35,3292500.59
CZ02/MLI&0&cDXHP&Ex&dxHP_equip__pkgEER/NE-dxAC_equip-pkgEER-12.7-IEER-TE-0.80/instance-out.sql,120.00,1115012.38,352.39,3274278.25
CZ02/MLI&0&cDXHP&Ex&dxHP_equip__pkgEER/NE-dxAC_equip-pkgSEER-12.35-SEER2/instance-out.sql,119.86,1113702.21,351.92,3269902.28
CZ02/MLI&0&cDXHP&Ex&dxHP_equip__pkgEER/NE-dxHP_equip-pkgEER-14.5-IEER/instance-out.sql,108.34,1006630.98,349.69,3249184.26
CZ02/MLI&0&cDXHP&Ex&dxHP_equip__pkgEER/NE-dxHP_equip-pkgEER-15.5-IEER/instance-out.sql,108.03,1003738.53,348.65,3239523.48
CZ02/MLI&0&cDXHP&Ex&dxHP_equip__pkgEER/NE-dxHP_equip-pkgEER-13.5-IEER/instance-out.sql,108.65,1009563.87,350.74,3258980.11
CZ02/MLI&0&cDXHP&Ex&dxHP_equip__pkgEER/NE-dxHP_equip-pkgEER-14-IEER/instance-out.sql,108.42,1007391.08,349.96,3251723.00
CZ02/MLI&0&cDXHP&Ex&dxHP_equip__pkgEER/NE-dxHP_equip-pkgEER-15-IEER/instance-out.sql,107.77,1001335.15,347.79,3231496.19
CZ02/MLI&0&cDXHP&Ex&dxHP_equip__pkgEER/NE-dxHP_equip-pkgEER-16-IEER/instance-out.sql,107.36,997550.89,346.43,3218856.76
CZ02/MLI&0&cDXHP&Ex&dxHP_equip__pkgEER/NE-dxHP_equip-pkgSEER-15.4-SEER2/instance-out.sql,107.14,995491.07,345.69,3211976.96
CZ02/MLI&0&cDXHP&Ex&dxHP_equip__pkgEER/NE-dxHP_equip-pkgSEER-16.3-SEER2/instance-out.sql,106.79,992208.43,344.51,3201012.96
CZ02/MLI&0&cDXHP&Ex&dxHP_equip__pkgEER/NE-dxHP_equip-pkgSEER-14.4-SEER2-1Stage/instance-out.sql,107.48,998641.63,346.82,3222499.85
CZ02/MLI&0&cDXHP&Ex&dxHP_equip__pkgEER/NE-dxHP_equip-pkgSEER-14.4-SEER2-2Stage/instance-out.sql,92.74,861669.16,297.58,2765011.41
CZ02/MLI&0&cDXHP&Ex&dxHP_equip__pkgEER/NE-dxHP_equip-spltSEER-14.4-SEER2-8.7-HSPF/instance-out.sql,107.37,997633.30,346.46,3219132.01
CZ02/MLI&0&cDXHP&Ex&dxHP_equip__pkgEER/NE-dxHP_equip-spltSEER-15.4-SEER2-9-HSPF/instance-out.sql,107.05,994690.84,345.40,3209304.20
CZ02/MLI&0&cDXHP&Ex&dxHP_equip__pkgEER/NE-dxHP_equip-spltSEER-16.3-SEER2-9.4-HSPF/instance-out.sql,106.72,991610.38,344.29,3199015.47
CZ02/MLI&0&cDXHP&Ex&dxHP_equip__pkgEER/NE-dxHP_equip-spltSEER-17.3-SEER2-9.7-HSPF/instance-out.sql,106.48,989389.06,343.49,3191596.24
CZ02/Mtl&0&cDXHP&Ex&dxHP_equip__pkgEER/NE-dxAC_equip-pkgEER-14.2-IEER-TE-0.81/instance-out.sql,64.92,180861.74,192.64,536651.19
CZ02/Mtl&0&cDXHP&Ex&dxHP_equip__pkgEER/NE-dxAC_equip-pkgEER-13.2-IEER-TE-0.81/instance-out.sql,65.18,181580.17,193.50,539050.77
CZ02/Mtl&0&cDXHP&Ex&dxHP_equip__pkgEER/NE-dxAC_equip-pkgEER-14.8-IEER-TE-0.81/instance-out.sql,64.70,180240.39,191.89,534575.88
CZ02/Mtl&0&cDXHP&Ex&dxHP_equip__pkgEER/NE-dxAC_equip-pkgSEER-13.4-SEER2/instance-out.sql,65.06,181234.12,193.08,537894.95
CZ02/Mtl&0&cDXHP&Ex&dxHP_equip__pkgEER/NE-dxAC_equip-pkgEER-12.2-IEER-TE-0.80/instance-out.sql,65.51,182484.86,194.37,541471.46
CZ02/Mtl&0&cDXHP&Ex&dxHP_equip__pkgEER/NE-dxAC_equip-pkgEER-11.4-IEER-TE-0.80/instance-out.sql,65.95,183711.05,195.84,545566.94
CZ02/Mtl&0&cDXHP&Ex&dxHP_equip__pkgEER/NE-dxAC_equip-pkgEER-12.7-IEER-TE-0.80/instance-out.sql,65.52,182532.68,194.43,541631.17
CZ02/Mtl&0&cDXHP&Ex&dxHP_equip__pkgEER/NE-dxAC_equip-pkgSEER-12.35-SEER2/instance-out.sql,65.42,182249.70,194.09,540686.03
CZ02/Mtl&0&cDXHP&Ex&dxHP_equip__pkgEER/NE-dxHP_equip-pkgEER-14.5-IEER/instance-out.sql,59.71,166331.83,192.47,536186.83
CZ02/Mtl&0&cDXHP&Ex&dxHP_equip__pkgEER/NE-dxHP_equip-pkgEER-15.5-IEER/instance-out.sql,59.48,165710.99,191.73,534113.21
CZ02/Mtl&0&cDXHP&Ex&dxHP_equip__pkgEER/NE-dxHP_equip-pkgEER-13.5-IEER/instance-out.sql,59.93,166961.35,193.23,538289.43
CZ02/Mtl&0&cDXHP&Ex&dxHP_equip__pkgEER/NE-dxHP_equip-pkgEER-14-IEER/instance-out.sql,59.77,166494.98,192.67,536731.75
CZ02/Mtl&0&cDXHP&Ex&dxHP_equip__pkgEER/NE-dxHP_equip-pkgEER-15-IEER/instance-out.sql,59.36,165362.14,191.31,532948.08
CZ02/Mtl&0&cDXHP&Ex&dxHP_equip__pkgEER/NE-dxHP_equip-pkgEER-16-IEER/instance-out.sql,59.07,164549.88,190.33,530235.12
CZ02/Mtl&0&cDXHP&Ex&dxHP_equip__pkgEER/NE-dxHP_equip-pkgSEER-15.4-SEER2/instance-out.sql,58.99,164327.95,190.07,529493.86
CZ02/Mtl&0&cDXHP&Ex&dxHP_equip__pkgEER/NE-dxHP_equip-pkgSEER-16.3-SEER2/instance-out.sql,58.75,163678.97,189.29,527326.26
CZ02/Mtl&0&cDXHP&Ex&dxHP_equip__pkgEER/NE-dxHP_equip-pkgSEER-14.4-SEER2-1Stage/instance-out.sql,59.21,164959.14,190.82,531602.06
CZ02/Mtl&0&cDXHP&Ex&dxHP_equip__pkgEER/NE-dxHP_equip-pkgSEER-14.4-SEER2-2Stage/instance-out.sql,50.88,141742.71,162.98,454039.88
CZ02/Mtl&0&cDXHP&Ex&dxHP_equip__pkgEER/NE-dxHP_equip-spltSEER-14.4-SEER2-8.7-HSPF/instance-out.sql,59.16,164812.79,190.65,531113.23
CZ02/Mtl&0&cDXHP&Ex&dxHP_equip__pkgEER/NE-dxHP_equip-spltSEER-15.4-SEER2-9-HSPF/instance-out.sql,58.95,164211.80,189.93,529105.92
CZ02/Mtl&0&cDXHP&Ex&dxHP_equip__pkgEER/NE-dxHP_equip-spltSEER-16.3-SEER2-9.4-HSPF/instance-out.sql,58.72,163592.16,189.19,527036.33
CZ02/Mtl&0&cDXHP&Ex&dxHP_equip__pkgEER/NE-dxHP_equip-spltSEER-17.3-SEER2-9.7-HSPF/instance-out.sql,58.56,163138.49,188.64,525521.06
CZ02/Nrs&0&cDXHP&Ex&dxHP_equip__pkgEER/NE-dxAC_equip-pkgEER-14.2-IEER-TE-0.81/instance-out.sql,94.46,974133.21,258.55,2666186.60
CZ02/Nrs&0&cDXHP&Ex&dxHP_equip__pkgEER/NE-dxAC_equip-pkgEER-13.2-IEER-TE-0.81/instance-out.sql,94.59,975410.29,258.96,2670452.06
CZ02/Nrs&0&cDXHP&Ex&dxHP_equip__pkgEER/NE-dxAC_equip-pkgEER-14.8-IEER-TE-0.81/instance-out.sql,94.36,973028.70,258.19,2662497.56
CZ02/Nrs&0&cDXHP&Ex&dxHP_equip__pkgEER/NE-dxAC_equip-pkgSEER-13.4-SEER2/instance-out.sql,94.53,974795.15,258.76,2668397.49
CZ02/Nrs&0&cDXHP&Ex&dxHP_equip__pkgEER/NE-dxAC_equip-pkgEER-12.2-IEER-TE-0.80/instance-out.sql,94.73,976851.37,259.36,2674580.12
CZ02/Nrs&0&cDXHP&Ex&dxHP_equip__pkgEER/NE-dxAC_equip-pkgEER-11.4-IEER-TE-0.80/instance-out.sql,94.94,979031.03,260.07,2681860.18
CZ02/Nrs&0&cDXHP&Ex&dxHP_equip__pkgEER/NE-dxAC_equip-pkgEER-12.7-IEER-TE-0.80/instance-out.sql,94.74,976936.37,259.39,2674864.03
CZ02/Nrs&0&cDXHP&Ex&dxHP_equip__pkgEER/NE-dxAC_equip-pkgSEER-12.35-SEER2/instance-out.sql,94.69,976433.36,259.23,2673183.95
CZ02/Nrs&0&cDXHP&Ex&dxHP_equip__pkgEER/NE-dxHP_equip-pkgEER-14.5-IEER/instance-out.sql,92.82,957211.66,258.43,2664990.49
CZ02/Nrs&0&cDXHP&Ex&dxHP_equip__pkgEER/NE-dxHP_equip-pkgEER-15.5-IEER/instance-out.sql,92.72,956115.13,258.08,2661328.06
CZ02/Nrs&0&cDXHP&Ex&dxHP_equip__pkgEER/NE-dxHP_equip-pkgEER-13.5-IEER/instance-out.sql,92.93,958323.53,258.79,2668704.13
CZ02/Nrs&0&cDXHP&Ex&dxHP_equip__pkgEER/NE-dxHP_equip-pkgEER-14-IEER/instance-out.sql,92.85,957499.82,258.53,2665952.94
CZ02/Nrs&0&cDXHP&Ex&dxHP_equip__pkgEER/NE-dxHP_equip-pkgEER-15-IEER/instance-out.sql,92.68,955713.96,257.95,2659988.17
CZ02/Nrs&0&cDXHP&Ex&dxHP_equip__pkgEER/NE-dxHP_equip-pkgEER-16-IEER/instance-out.sql,92.54,954279.34,257.48,2655196.53
CZ02/Nrs&0&cDXHP&Ex&dxHP_equip__pkgEER/NE-dxHP_equip-pkgSEER-15.4-SEER2/instance-out.sql,92.53,954170.75,257.45,2654833.83
CZ02/Nrs&0&cDXHP&Ex&dxHP_equip__pkgEER/NE-dxHP_equip-pkgSEER-16.3-SEER2/instance-out.sql,92.42,953096.09,257.10,2651244.46
CZ02/Nrs&0&cDXHP&Ex&dxHP_equip__pkgEER/NE-dxHP_equip-pkgSEER-14.4-SEER2-1Stage/instance-out.sql,92.63,955227.60,257.79,2658363.70
CZ02/Nrs&0&cDXHP&Ex&dxHP_equip__pkgEER/NE-dxHP_equip-pkgSEER-14.4-SEER2-2Stage/instance-out.sql,88.80,915703.77,244.69,2523266.58
CZ02/Nrs&0&cDXHP&Ex&dxHP_equip__pkgEER/NE-dxHP_equip-spltSEER-14.4-SEER2-8.7-HSPF/instance-out.sql,92.62,955059.29,257.74,2657801.56
CZ02/Nrs&0&cDXHP&Ex&dxHP_equip__pkgEER/NE-dxHP_equip-spltSEER-15.4-SEER2-9-HSPF/instance-out.sql,92.52,954037.17,257.40,2654387.70
CZ02/Nrs&0&cDXHP&Ex&dxHP_equip__pkgEER/NE-dxHP_equip-spltSEER-16.3-SEER2-9.4-HSPF/instance-out.sql,92.42,952996.26,257.07,2650911.05
CZ02/Nrs&0&cDXHP&Ex&dxHP_equip__pkgEER/NE-dxHP_equip-spltSEER-17.3-SEER2-9.7-HSPF/instance-out.sql,92.34,952224.73,256.82,2648334.14
CZ02/OfL&0&cDXHP&Ex&dxHP_equip__pkgEER/NE-dxAC_equip-pkgEER-14.2-IEER-TE-0.81/instance-out.sql,82.02,2666243.84,259.71,8442786.46
CZ02/OfL&0&cDXHP&Ex&dxHP_equip__pkgEER/NE-dxAC_equip-pkgEER-13.2-IEER-TE-0.81/instance-out.sql,82.30,2675596.76,260.67,8474025.21
CZ02/OfL&0&cDXHP&Ex&dxHP_equip__pkgEER/NE-dxAC_equip-pkgEER-14.8-IEER-TE-0.81/instance-out.sql,81.77,2658154.83,258.88,8415769.16
CZ02/OfL&0&cDXHP&Ex&dxHP_equip__pkgEER/NE-dxAC_equip-pkgSEER-13.4-SEER2/instance-out.sql,82.17,2671091.69,260.21,8458978.27
CZ02/OfL&0&cDXHP&Ex&dxHP_equip__pkgEER/NE-dxAC_equip-pkgEER-12.2-IEER-TE-0.80/instance-out.sql,82.58,2684565.77,261.55,8502598.24
CZ02/OfL&0&cDXHP&Ex&dxHP_equip__pkgEER/NE-dxAC_equip-pkgEER-11.4-IEER-TE-0.80/instance-out.sql,83.07,2700528.83,263.19,8555914.85
CZ02/OfL&0&cDXHP&Ex&dxHP_equip__pkgEER/NE-dxAC_equip-pkgEER-12.7-IEER-TE-0.80/instance-out.sql,82.60,2685188.29,261.61,8504677.44
CZ02/OfL&0&cDXHP&Ex&dxHP_equip__pkgEER/NE-dxAC_equip-pkgSEER-12.35-SEER2/instance-out.sql,82.49,2681504.36,261.23,8492373.13
CZ02/OfL&0&cDXHP&Ex&dxHP_equip__pkgEER/NE-dxHP_equip-pkgEER-14.5-IEER/instance-out.sql,81.03,2634074.13,259.81,8446019.17
CZ02/OfL&0&cDXHP&Ex&dxHP_equip__pkgEER/NE-dxHP_equip-pkgEER-15.5-IEER/instance-out.sql,80.78,2626041.00,258.98,8419188.54
CZ02/OfL&0&cDXHP&Ex&dxHP_equip__pkgEER/NE-dxHP_equip-pkgEER-13.5-IEER/instance-out.sql,81.28,2642219.55,260.65,8473224.90
CZ02/OfL&0&cDXHP&Ex&dxHP_equip__pkgEER/NE-dxHP_equip-pkgEER-14-IEER/instance-out.sql,81.09,2636185.13,260.03,8453069.93
CZ02/OfL&0&cDXHP&Ex&dxHP_equip__pkgEER/NE-dxHP_equip-pkgEER-15-IEER/instance-out.sql,80.75,2625208.31,258.90,8416407.33
CZ02/OfL&0&cDXHP&Ex&dxHP_equip__pkgEER/NE-dxHP_equip-pkgEER-16-IEER/instance-out.sql,80.43,2614698.38,257.82,8381304.18
CZ02/OfL&0&cDXHP&Ex&dxHP_equip__pkgEER/NE-dxHP_equip-pkgSEER-15.4-SEER2/instance-out.sql,80.49,2616679.44,258.02,8387920.93
CZ02/OfL&0&cDXHP&Ex&dxHP_equip__pkgEER/NE-dxHP_equip-pkgSEER-16.3-SEER2/instance-out.sql,80.27,2609507.86,257.28,8363967.86
CZ02/OfL&0&cDXHP&Ex&dxHP_equip__pkgEER/NE-dxHP_equip-pkgSEER-14.4-SEER2-1Stage/instance-out.sql,80.71,2623853.78,258.76,8411883.22
CZ02/OfL&0&cDXHP&Ex&dxHP_equip__pkgEER/NE-dxHP_equip-pkgSEER-14.4-SEER2-2Stage/instance-out.sql,72.22,2347773.03,230.43,7490862.13
CZ02/OfL&0&cDXHP&Ex&dxHP_equip__pkgEER/NE-dxHP_equip-spltSEER-14.4-SEER2-8.7-HSPF/instance-out.sql,80.70,2623504.42,258.72,8410716.37
CZ02/OfL&0&cDXHP&Ex&dxHP_equip__pkgEER/NE-dxHP_equip-spltSEER-15.4-SEER2-9-HSPF/instance-out.sql,80.48,2616402.19,257.99,8386994.90
CZ02/OfL&0&cDXHP&Ex&dxHP_equip__pkgEER/NE-dxHP_equip-spltSEER-16.3-SEER2-9.4-HSPF/instance-out.sql,80.26,2609300.66,257.26,8363275.79
CZ02/OfL&0&cDXHP&Ex&dxHP_equip__pkgEER/NE-dxHP_equip-spltSEER-17.3-SEER2-9.7-HSPF/instance-out.sql,80.10,2603940.01,256.71,8345371.24
CZ02/OfL&0&cDXHP&Ex&dxHP_equip__pkgEER/NE-dxAC_equip-pkgEER-14.2-IEER-TE-0.81-VarFan/instance-out.sql,82.01,2665909.03,259.67,8441616.80
CZ02/OfL&0&cDXHP&Ex&dxHP_equip__pkgEER/NE-dxAC_equip-pkgEER-13.2-IEER-TE-0.81-VarFan/instance-out.sql,82.29,2675260.95,260.63,8472852.23
CZ02/OfL&0&cDXHP&Ex&dxHP_equip__pkgEER/NE-dxAC_equip-pkgEER-14.8-IEER-TE-0.81-VarFan/instance-out.sql,81.76,2657820.87,258.84,8414602.37
CZ02/OfL&0&cDXHP&Ex&dxHP_equip__pkgEER/NE-dxAC_equip-pkgSEER-13.4-SEER2-VarFan/instance-out.sql,82.16,2670756.36,260.17,8457806.89
CZ02/OfS&0&cDXHP&Ex&dxHP_equip__pkgEER/NE-dxAC_equip-pkgEER-14.2-IEER-TE-0.81/instance-out.sql,84.62,157261.51,245.62,456483.11
CZ02/OfS&0&cDXHP&Ex&dxHP_equip__pkgEER/NE-dxAC_equip-pkgEER-13.2-IEER-TE-0.81/instance-out.sql,84.97,157916.87,246.80,458672.02
CZ02/OfS&0&cDXHP&Ex&dxHP_equip__pkgEER/NE-dxAC_equip-pkgEER-14.8-IEER-TE-0.81/instance-out.sql,84.31,156694.71,244.60,454589.99
CZ02/OfS&0&cDXHP&Ex&dxHP_equip__pkgEER/NE-dxAC_equip-pkgSEER-13.4-SEER2/instance-out.sql,84.80,157601.20,246.23,457617.67
CZ02/OfS&0&cDXHP&Ex&dxHP_equip__pkgEER/NE-dxAC_equip-pkgEER-12.2-IEER-TE-0.80/instance-out.sql,85.34,158597.60,247.90,460728.86
CZ02/OfS&0&cDXHP&Ex&dxHP_equip__pkgEER/NE-dxAC_equip-pkgEER-11.4-IEER-TE-0.80/instance-out.sql,85.94,159716.14,249.92,464464.78
CZ02/OfS&0&cDXHP&Ex&dxHP_equip__pkgEER/NE-dxAC_equip-pkgEER-12.7-IEER-TE-0.80/instance-out.sql,85.36,158641.22,247.98,460874.55
CZ02/OfS&0&cDXHP&Ex&dxHP_equip__pkgEER/NE-dxAC_equip-pkgSEER-12.35-SEER2/instance-out.sql,85.22,158383.09,247.52,460012.39
CZ02/OfS&0&cDXHP&Ex&dxHP_equip__pkgEER/NE-dxHP_equip-pkgEER-14.5-IEER/instance-out.sql,81.82,152057.43,245.60,456444.82
CZ02/OfS&0&cDXHP&Ex&dxHP_equip__pkgEER/NE-dxHP_equip-pkgEER-15.5-IEER/instance-out.sql,81.52,151495.36,244.59,454567.52
CZ02/OfS&0&cDXHP&Ex&dxHP_equip__pkgEER/NE-dxHP_equip-pkgEER-13.5-IEER/instance-out.sql,82.12,152627.35,246.62,458348.37
CZ02/OfS&0&cDXHP&Ex&dxHP_equip__pkgEER/NE-dxHP_equip-pkgEER-14-IEER/instance-out.sql,81.90,152205.13,245.87,456938.15
CZ02/OfS&0&cDXHP&Ex&dxHP_equip__pkgEER/NE-dxHP_equip-pkgEER-15-IEER/instance-out.sql,81.45,151367.18,244.36,454139.39
CZ02/OfS&0&cDXHP&Ex&dxHP_equip__pkgEER/NE-dxHP_equip-pkgEER-16-IEER/instance-out.sql,81.05,150631.82,243.04,451683.27
CZ02/OfS&0&cDXHP&Ex&dxHP_equip__pkgEER/NE-dxHP_equip-pkgSEER-15.4-SEER2/instance-out.sql,81.08,150678.25,243.12,451838.36
CZ02/OfS&0&cDXHP&Ex&dxHP_equip__pkgEER/NE-dxHP_equip-pkgSEER-16.3-SEER2/instance-out.sql,80.79,150153.18,242.18,450084.64
CZ02/OfS&0&cDXHP&Ex&dxHP_equip__pkgEER/NE-dxHP_equip-pkgSEER-14.4-SEER2-1Stage/instance-out.sql,81.36,151199.09,244.06,453577.95
CZ02/OfS&0&cDXHP&Ex&dxHP_equip__pkgEER/NE-dxHP_equip-pkgSEER-14.4-SEER2-2Stage/instance-out.sql,70.43,130890.39,207.56,385746.83
CZ02/OfS&0&cDXHP&Ex&dxHP_equip__pkgEER/NE-dxHP_equip-spltSEER-14.4-SEER2-8.7-HSPF/instance-out.sql,81.33,151145.31,243.96,453398.33
CZ02/OfS&0&cDXHP&Ex&dxHP_equip__pkgEER/NE-dxHP_equip-spltSEER-15.4-SEER2-9-HSPF/instance-out.sql,81.05,150635.57,243.04,451695.81
CZ02/OfS&0&cDXHP&Ex&dxHP_equip__pkgEER/NE-dxHP_equip-spltSEER-16.3-SEER2-9.4-HSPF/instance-out.sql,80.78,150121.29,242.12,449978.10
CZ02/OfS&0&cDXHP&Ex&dxHP_equip__pkgEER/NE-dxHP_equip-spltSEER-17.3-SEER2-9.7-HSPF/instance-out.sql,80.57,149736.53,241.43,448693.03
CZ02/OfS&0&cDXHP&Ex&dxHP_equip__pkgEER/NE-dxAC_equip-pkgEER-14.2-IEER-TE-0.81-VarFan/instance-out.sql,84.61,157239.74,245.58,456404.86
CZ02/OfS&0&cDXHP&Ex&dxHP_equip__pkgEER/NE-dxAC_equip-pkgEER-13.2-IEER-TE-0.81-VarFan/instance-out.sql,84.96,157895.03,246.76,458593.54
CZ02/OfS&0&cDXHP&Ex&dxHP_equip__pkgEER/NE-dxAC_equip-pkgEER-14.8-IEER-TE-0.81-VarFan/instance-out.sql,84.30,156673.00,244.56,454511.94
CZ02/OfS&0&cDXHP&Ex&dxHP_equip__pkgEER/NE-dxAC_equip-pkgSEER-13.4-SEER2-VarFan/instance-out.sql,84.79,157579.39,246.19,457539.31
CZ02/RFF&0&cDXHP&Ex&dxHP_equip__pkgEER/NE-dxAC_equip-pkgEER-14.2-IEER-TE-0.81/instance-out.sql,304.79,113157.32,706.52,262301.94
CZ02/RFF&0&cDXHP&Ex&dxHP_equip__pkgEER/NE-dxAC_equip-pkgEER-13.2-IEER-TE-0.81/instance-out.sql,305.28,113337.08,708.14,262902.31
CZ02/RFF&0&cDXHP&Ex&dxHP_equip__pkgEER/NE-dxAC_equip-pkgEER-14.8-IEER-TE-0.81/instance-out.sql,304.37,113001.87,705.12,261782.71
CZ02/RFF&0&cDXHP&Ex&dxHP_equip__pkgEER/NE-dxAC_equip-pkgSEER-13.4-SEER2/instance-out.sql,305.04,113250.49,707.36,262613.13
CZ02/RFF&0&cDXHP&Ex&dxHP_equip__pkgEER/NE-dxAC_equip-pkgEER-12.2-IEER-TE-0.80/instance-out.sql,305.87,113558.70,709.76,263503.01
CZ02/RFF&0&cDXHP&Ex&dxHP_equip__pkgEER/NE-dxAC_equip-pkgEER-11.4-IEER-TE-0.80/instance-out.sql,306.70,113865.49,712.52,264527.68
CZ02/RFF&0&cDXHP&Ex&dxHP_equip__pkgEER/NE-dxAC_equip-pkgEER-12.7-IEER-TE-0.80/instance-out.sql,305.91,113570.67,709.86,263542.97
CZ02/RFF&0&cDXHP&Ex&dxHP_equip__pkgEER/NE-dxAC_equip-pkgSEER-12.35-SEER2/instance-out.sql,305.72,113499.87,709.23,263306.50
CZ02/RFF&0&cDXHP&Ex&dxHP_equip__pkgEER/NE-dxHP_equip-pkgEER-14.5-IEER/instance-out.sql,295.77,109808.81,706.46,262280.32
CZ02/RFF&0&cDXHP&Ex&dxHP_equip__pkgEER/NE-dxHP_equip-pkgEER-15.5-IEER/instance-out.sql,295.36,109653.42,705.06,261761.34
CZ02/RFF&0&cDXHP&Ex&dxHP_equip__pkgEER/NE-dxHP_equip-pkgEER-13.5-IEER/instance-out.sql,296.20,109966.36,707.88,262806.56
CZ02/RFF&0&cDXHP&Ex&dxHP_equip__pkgEER/NE-dxHP_equip-pkgEER-14-IEER/instance-out.sql,295.88,109849.64,706.83,262416.71
CZ02/RFF&0&cDXHP&Ex&dxHP_equip__pkgEER/NE-dxHP_equip-pkgEER-15-IEER/instance-out.sql,295.13,109571.00,704.32,261486.06
CZ02/RFF&0&cDXHP&Ex&dxHP_equip__pkgEER/NE-dxHP_equip-pkgEER-16-IEER/instance-out.sql,294.59,109367.71,702.49,260807.07
CZ02/RFF&0&cDXHP&Ex&dxHP_equip__pkgEER/NE-dxHP_equip-pkgSEER-15.4-SEER2/instance-out.sql,294.45,109318.61,702.05,260643.08
CZ02/RFF&0&cDXHP&Ex&dxHP_equip__pkgEER/NE-dxHP_equip-pkgSEER-16.3-SEER2/instance-out.sql,294.02,109157.81,700.61,260106.01
CZ02/RFF&0&cDXHP&Ex&dxHP_equip__pkgEER/NE-dxHP_equip-pkgSEER-14.4-SEER2-1Stage/instance-out.sql,294.88,109475.27,703.46,261166.31
CZ02/RFF&0&cDXHP&Ex&dxHP_equip__pkgEER/NE-dxHP_equip-pkgSEER-14.4-SEER2-2Stage/instance-out.sql,278.71,103473.26,649.45,241112.82
CZ02/RFF&0&cDXHP&Ex&dxHP_equip__pkgEER/NE-dxHP_equip-spltSEER-14.4-SEER2-8.7-HSPF/instance-out.sql,294.78,109440.69,703.15,261050.82
CZ02/RFF&0&cDXHP&Ex&dxHP_equip__pkgEER/NE-dxHP_equip-spltSEER-15.4-SEER2-9-HSPF/instance-out.sql,294.38,109291.17,701.81,260551.42
CZ02/RFF&0&cDXHP&Ex&dxHP_equip__pkgEER/NE-dxHP_equip-spltSEER-16.3-SEER2-9.4-HSPF/instance-out.sql,293.97,109137.31,700.42,260037.51
CZ02/RFF&0&cDXHP&Ex&dxHP_equip__pkgEER/NE-dxHP_equip-spltSEER-17.3-SEER2-9.7-HSPF/instance-out.sql,293.66,109024.44,699.41,259660.53
CZ02/RSD&0&cDXHP&Ex&dxHP_equip__pkgEER/NE-dxAC_equip-pkgEER-14.2-IEER-TE-0.81/instance-out.sql,245.39,255447.85,525.22,546751.47
CZ02/RSD&0&cDXHP&Ex&dxHP_equip__pkgEER/NE-dxAC_equip-pkgEER-13.2-IEER-TE-0.81/instance-out.sql,245.47,255532.11,525.50,547032.90
CZ02/RSD&0&cDXHP&Ex&dxHP_equip__pkgEER/NE-dxAC_equip-pkgEER-14.8-IEER-TE-0.81/instance-out.sql,245.32,255374.98,524.99,546508.07
CZ02/RSD&0&cDXHP&Ex&dxHP_equip__pkgEER/NE-dxAC_equip-pkgSEER-13.4-SEER2/instance-out.sql,245.43,255491.52,525.36,546897.34
CZ02/RSD&0&cDXHP&Ex&dxHP_equip__pkgEER/NE-dxAC_equip-pkgEER-12.2-IEER-TE-0.80/instance-out.sql,245.57,255637.07,525.77,547315.60
CZ02/RSD&0&cDXHP&Ex&dxHP_equip__pkgEER/NE-dxAC_equip-pkgEER-11.4-IEER-TE-0.80/instance-out.sql,245.71,255780.88,526.23,547795.93
CZ02/RSD&0&cDXHP&Ex&dxHP_equip__pkgEER/NE-dxAC_equip-pkgEER-12.7-IEER-TE-0.80/instance-out.sql,245.58,255642.67,525.78,547334.33
CZ02/RSD&0&cDXHP&Ex&dxHP_equip__pkgEER/NE-dxAC_equip-pkgSEER-12.35-SEER2/instance-out.sql,245.55,255609.49,525.68,547223.48
CZ02/RSD&0&cDXHP&Ex&dxHP_equip__pkgEER/NE-dxHP_equip-pkgEER-14.5-IEER/instance-out.sql,243.84,253836.97,525.22,546750.64
CZ02/RSD&0&cDXHP&Ex&dxHP_equip__pkgEER/NE-dxHP_equip-pkgEER-15.5-IEER/instance-out.sql,243.77,253764.75,524.99,546509.40
CZ02/RSD&0&cDXHP&Ex&dxHP_equip__pkgEER/NE-dxHP_equip-pkgEER-13.5-IEER/instance-out.sql,243.91,253910.21,525.46,546995.24
CZ02/RSD&0&cDXHP&Ex&dxHP_equip__pkgEER/NE-dxHP_equip-pkgEER-14-IEER/instance-out.sql,243.86,253855.95,525.28,546814.03
CZ02/RSD&0&cDXHP&Ex&dxHP_equip__pkgEER/NE-dxHP_equip-pkgEER-15-IEER/instance-out.sql,243.73,253724.60,524.86,546375.31
CZ02/RSD&0&cDXHP&Ex&dxHP_equip__pkgEER/NE-dxHP_equip-pkgEER-16-IEER/instance-out.sql,243.64,253630.10,524.56,546059.70
CZ02/RSD&0&cDXHP&Ex&dxHP_equip__pkgEER/NE-dxHP_equip-pkgSEER-15.4-SEER2/instance-out.sql,243.62,253604.86,524.48,545975.38
CZ02/RSD&0&cDXHP&Ex&dxHP_equip__pkgEER/NE-dxHP_equip-pkgSEER-16.3-SEER2/instance-out.sql,243.55,253529.50,524.24,545723.70
CZ02/RSD&0&cDXHP&Ex&dxHP_equip__pkgEER/NE-dxHP_equip-pkgSEER-14.4-SEER2-1Stage/instance-out.sql,243.69,253678.17,524.71,546220.24
CZ02/RSD&0&cDXHP&Ex&dxHP_equip__pkgEER/NE-dxHP_equip-pkgSEER-14.4-SEER2-2Stage/instance-out.sql,240.84,250713.48,515.18,536290.27
CZ02/RSD&0&cDXHP&Ex&dxHP_equip__pkgEER/NE-dxHP_equip-spltSEER-14.4-SEER2-8.7-HSPF/instance-out.sql,243.67,253661.33,524.66,546163.98
CZ02/RSD&0&cDXHP&Ex&dxHP_equip__pkgEER/NE-dxHP_equip-spltSEER-15.4-SEER2-9-HSPF/instance-out.sql,243.61,253591.49,524.44,545930.73
CZ02/RSD&0&cDXHP&Ex&dxHP_equip__pkgEER/NE-dxHP_equip-spltSEER-16.3-SEER2-9.4-HSPF/instance-out.sql,243.54,253519.51,524.21,545690.33
CZ02/RSD&0&cDXHP&Ex&dxHP_equip__pkgEER/NE-dxHP_equip-spltSEER-17.3-SEER2-9.7-HSPF/instance-out.sql,243.49,253466.80,524.04,545514.25
CZ02/Rt3&0&cDXHP&Ex&dxHP_equip__pkgEER/NE-dxAC_equip-pkgEER-14.2-IEER-TE-0.81/instance-out.sql,96.80,2158405.96,297.30,6628740.07
CZ02/Rt3&0&cDXHP&Ex&dxHP_equip__pkgEER/NE-dxAC_equip-pkgEER-13.2-IEER-TE-0.81/instance-out.sql,97.12,2165471.19,298.35,6652337.94
CZ02/Rt3&0&cDXHP&Ex&dxHP_equip__pkgEER/NE-dxAC_equip-pkgEER-14.8-IEER-TE-0.81/instance-out.sql,96.53,2152295.49,296.38,6608331.10
CZ02/Rt3&0&cDXHP&Ex&dxHP_equip__pkgEER/NE-dxAC_equip-pkgSEER-13.4-SEER2/instance-out.sql,96.97,2162068.04,297.85,6640971.43
CZ02/Rt3&0&cDXHP&Ex&dxHP_equip__pkgEER/NE-dxAC_equip-pkgEER-12.2-IEER-TE-0.80/instance-out.sql,97.45,2172719.78,299.35,6674417.72
CZ02/Rt3&0&cDXHP&Ex&dxHP_equip__pkgEER/NE-dxAC_equip-pkgEER-11.4-IEER-TE-0.80/instance-out.sql,97.99,2184778.33,301.15,6714693.29
CZ02/Rt3&0&cDXHP&Ex&dxHP_equip__pkgEER/NE-dxAC_equip-pkgEER-12.7-IEER-TE-0.80/instance-out.sql,97.47,2173190.03,299.42,6675988.36
CZ02/Rt3&0&cDXHP&Ex&dxHP_equip__pkgEER/NE-dxAC_equip-pkgSEER-12.35-SEER2/instance-out.sql,97.34,2170407.18,299.00,6666693.64
CZ02/Rt3&0&cDXHP&Ex&dxHP_equip__pkgEER/NE-dxHP_equip-pkgEER-14.5-IEER/instance-out.sql,94.57,2108683.67,297.49,6633106.75
CZ02/Rt3&0&cDXHP&Ex&dxHP_equip__pkgEER/NE-dxHP_equip-pkgEER-15.5-IEER/instance-out.sql,94.30,2102571.62,296.58,6612692.52
CZ02/Rt3&0&cDXHP&Ex&dxHP_equip__pkgEER/NE-dxHP_equip-pkgEER-13.5-IEER/instance-out.sql,94.85,2114881.16,298.42,6653806.37
CZ02/Rt3&0&cDXHP&Ex&dxHP_equip__pkgEER/NE-dxHP_equip-pkgEER-14-IEER/instance-out.sql,94.65,2110289.84,297.73,6638471.35
CZ02/Rt3&0&cDXHP&Ex&dxHP_equip__pkgEER/NE-dxHP_equip-pkgEER-15-IEER/instance-out.sql,94.24,2101314.59,296.39,6608494.02
CZ02/Rt3&0&cDXHP&Ex&dxHP_equip__pkgEER/NE-dxHP_equip-pkgEER-16-IEER/instance-out.sql,93.88,2093318.05,295.19,6581785.59
CZ02/Rt3&0&cDXHP&Ex&dxHP_equip__pkgEER/NE-dxHP_equip-pkgSEER-15.4-SEER2/instance-out.sql,93.92,2094003.43,295.29,6584074.74
CZ02/Rt3&0&cDXHP&Ex&dxHP_equip__pkgEER/NE-dxHP_equip-pkgSEER-16.3-SEER2/instance-out.sql,93.66,2088339.30,294.44,6565156.56
CZ02/Rt3&0&cDXHP&Ex&dxHP_equip__pkgEER/NE-dxHP_equip-pkgSEER-14.4-SEER2-1Stage/instance-out.sql,94.17,2099630.21,296.14,6602868.20
CZ02/Rt3&0&cDXHP&Ex&dxHP_equip__pkgEER/NE-dxHP_equip-pkgSEER-14.4-SEER2-2Stage/instance-out.sql,85.39,1903833.42,266.78,5948386.13
CZ02/Rt3&0&cDXHP&Ex&dxHP_equip__pkgEER/NE-dxHP_equip-spltSEER-14.4-SEER2-8.7-HSPF/instance-out.sql,94.14,2099102.83,296.06,6601106.73
CZ02/Rt3&0&cDXHP&Ex&dxHP_equip__pkgEER/NE-dxHP_equip-spltSEER-15.4-SEER2-9-HSPF/instance-out.sql,93.90,2093584.89,295.23,6582676.81
CZ02/Rt3&0&cDXHP&Ex&dxHP_equip__pkgEER/NE-dxHP_equip-spltSEER-16.3-SEER2-9.4-HSPF/instance-out.sql,93.65,2088026.50,294.40,6564111.82
CZ02/Rt3&0&cDXHP&Ex&dxHP_equip__pkgEER/NE-dxHP_equip-spltSEER-17.3-SEER2-9.7-HSPF/instance-out.sql,93.46,2083861.54,293.77,6550200.83
CZ02/Rt3&0&cDXHP&Ex&dxHP_equip__pkgEER/NE-dxAC_equip-pkgEER-14.2-IEER-TE-0.81-VarFan/instance-out.sql,96.80,2158217.30,297.27,6628049.51
CZ02/Rt3&0&cDXHP&Ex&dxHP_equip__pkgEER/NE-dxAC_equip-pkgEER-13.2-IEER-TE-0.81-VarFan/instance-out.sql,97.11,2165281.77,298.32,6651644.84
CZ02/Rt3&0&cDXHP&Ex&dxHP_equip__pkgEER/NE-dxAC_equip-pkgEER-14.8-IEER-TE-0.81-VarFan/instance-out.sql,96.52,2152107.49,296.35,6607642.74
CZ02/Rt3&0&cDXHP&Ex&dxHP_equip__pkgEER/NE-dxAC_equip-pkgSEER-13.4-SEER2-VarFan/instance-out.sql,96.96,2161878.99,297.81,6640279.55
CZ02/RtL&0&cDXHP&Ex&dxHP_equip__pkgEER/NE-dxAC_equip-pkgEER-14.2-IEER-TE-0.81/instance-out.sql,176.54,2140328.84,546.64,6627465.62
CZ02/RtL&0&cDXHP&Ex&dxHP_equip__pkgEER/NE-dxAC_equip-pkgEER-13.2-IEER-TE-0.81/instance-out.sql,177.14,2147640.44,548.65,6651886.39
CZ02/RtL&0&cDXHP&Ex&dxHP_equip__pkgEER/NE-dxAC_equip-pkgEER-14.8-IEER-TE-0.81/instance-out.sql,176.02,2134005.29,544.90,6606344.96
CZ02/RtL&0&cDXHP&Ex&dxHP_equip__pkgEER/NE-dxAC_equip-pkgSEER-13.4-SEER2/instance-out.sql,176.85,2144118.62,547.68,6640123.51
CZ02/RtL&0&cDXHP&Ex&dxHP_equip__pkgEER/NE-dxAC_equip-pkgEER-12.2-IEER-TE-0.80/instance-out.sql,177.74,2154904.33,550.52,6674487.50
CZ02/RtL&0&cDXHP&Ex&dxHP_equip__pkgEER/NE-dxAC_equip-pkgEER-11.4-IEER-TE-0.80/instance-out.sql,178.77,2167383.39,553.96,6716167.55
CZ02/RtL&0&cDXHP&Ex&dxHP_equip__pkgEER/NE-dxAC_equip-pkgEER-12.7-IEER-TE-0.80/instance-out.sql,177.78,2155390.98,550.65,6676112.91
CZ02/RtL&0&cDXHP&Ex&dxHP_equip__pkgEER/NE-dxAC_equip-pkgSEER-12.35-SEER2/instance-out.sql,177.54,2152511.09,549.86,6666494.07
CZ02/RtL&0&cDXHP&Ex&dxHP_equip__pkgEER/NE-dxHP_equip-pkgEER-14.5-IEER/instance-out.sql,173.33,2101432.97,546.88,6630376.15
CZ02/RtL&0&cDXHP&Ex&dxHP_equip__pkgEER/NE-dxHP_equip-pkgEER-15.5-IEER/instance-out.sql,172.81,2095147.69,545.15,6609383.32
CZ02/RtL&0&cDXHP&Ex&dxHP_equip__pkgEER/NE-dxHP_equip-pkgEER-13.5-IEER/instance-out.sql,173.85,2107806.12,548.64,6651662.47
CZ02/RtL&0&cDXHP&Ex&dxHP_equip__pkgEER/NE-dxHP_equip-pkgEER-14-IEER/instance-out.sql,173.46,2103084.66,547.34,6635892.81
CZ02/RtL&0&cDXHP&Ex&dxHP_equip__pkgEER/NE-dxHP_equip-pkgEER-15-IEER/instance-out.sql,172.73,2094155.61,544.88,6606069.78
CZ02/RtL&0&cDXHP&Ex&dxHP_equip__pkgEER/NE-dxHP_equip-pkgEER-16-IEER/instance-out.sql,172.05,2085932.43,542.61,6578604.36
CZ02/RtL&0&cDXHP&Ex&dxHP_equip__pkgEER/NE-dxHP_equip-pkgSEER-15.4-SEER2/instance-out.sql,172.14,2087033.50,542.91,6582281.92
CZ02/RtL&0&cDXHP&Ex&dxHP_equip__pkgEER/NE-dxHP_equip-pkgSEER-16.3-SEER2/instance-out.sql,171.67,2081308.92,541.34,6563161.82
CZ02/RtL&0&cDXHP&Ex&dxHP_equip__pkgEER/NE-dxHP_equip-pkgSEER-14.4-SEER2-1Stage/instance-out.sql,172.61,2092738.69,544.49,6601337.28
CZ02/RtL&0&cDXHP&Ex&dxHP_equip__pkgEER/NE-dxHP_equip-pkgSEER-14.4-SEER2-2Stage/instance-out.sql,157.28,1906904.01,493.29,5980646.54
CZ02/RtL&0&cDXHP&Ex&dxHP_equip__pkgEER/NE-dxHP_equip-spltSEER-14.4-SEER2-8.7-HSPF/instance-out.sql,172.58,2092322.47,544.37,6599947.09
CZ02/RtL&0&cDXHP&Ex&dxHP_equip__pkgEER/NE-dxHP_equip-spltSEER-15.4-SEER2-9-HSPF/instance-out.sql,172.11,2086703.18,542.82,6581178.65
CZ02/RtL&0&cDXHP&Ex&dxHP_equip__pkgEER/NE-dxHP_equip-spltSEER-16.3-SEER2-9.4-HSPF/instance-out.sql,171.65,2081062.05,541.27,6562337.29
CZ02/RtL&0&cDXHP&Ex&dxHP_equip__pkgEER/NE-dxHP_equip-spltSEER-17.3-SEER2-9.7-HSPF/instance-out.sql,171.30,2076820.64,540.10,6548170.97
CZ02/RtL&0&cDXHP&Ex&dxHP_equip__pkgEER/NE-dxAC_equip-pkgEER-14.2-IEER-TE-0.81-VarFan/instance-out.sql,176.52,2140146.56,546.59,6626806.08
CZ02/RtL&0&cDXHP&Ex&dxHP_equip__pkgEER/NE-dxAC_equip-pkgEER-13.2-IEER-TE-0.81-VarFan/instance-out.sql,177.12,2147457.41,548.60,6651224.33
CZ02/RtL&0&cDXHP&Ex&dxHP_equip__pkgEER/NE-dxAC_equip-pkgEER-14.8-IEER-TE-0.81-VarFan/instance-out.sql,176.00,2133823.66,544.84,6605687.58
CZ02/RtL&0&cDXHP&Ex&dxHP_equip__pkgEER/NE-dxAC_equip-pkgSEER-13.4-SEER2-VarFan/instance-out.sql,176.83,2143935.95,547.63,6639462.66
CZ02/RtS&0&cDXHP&Ex&dxHP_equip__pkgEER/NE-dxAC_equip-pkgEER-14.2-IEER-TE-0.81/instance-out.sql,97.74,145316.45,283.45,421400.10
CZ02/RtS&0&cDXHP&Ex&dxHP_equip__pkgEER/NE-dxAC_equip-pkgEER-13.2-IEER-TE-0.81/instance-out.sql,98.09,145825.97,284.59,423101.91
CZ02/RtS&0&cDXHP&Ex&dxHP_equip__pkgEER/NE-dxAC_equip-pkgEER-14.8-IEER-TE-0.81/instance-out.sql,97.45,144875.78,282.46,419928.27
CZ02/RtS&0&cDXHP&Ex&dxHP_equip__pkgEER/NE-dxAC_equip-pkgSEER-13.4-SEER2/instance-out.sql,97.92,145580.55,284.04,422282.19
CZ02/RtS&0&cDXHP&Ex&dxHP_equip__pkgEER/NE-dxAC_equip-pkgEER-12.2-IEER-TE-0.80/instance-out.sql,98.50,146432.41,285.72,424781.86
CZ02/RtS&0&cDXHP&Ex&dxHP_equip__pkgEER/NE-dxAC_equip-pkgEER-11.4-IEER-TE-0.80/instance-out.sql,99.08,147302.03,287.68,427686.41
CZ02/RtS&0&cDXHP&Ex&dxHP_equip__pkgEER/NE-dxAC_equip-pkgEER-12.7-IEER-TE-0.80/instance-out.sql,98.52,146466.32,285.80,424895.13
CZ02/RtS&0&cDXHP&Ex&dxHP_equip__pkgEER/NE-dxAC_equip-pkgSEER-12.35-SEER2/instance-out.sql,98.38,146265.63,285.35,424224.82
CZ02/RtS&0&cDXHP&Ex&dxHP_equip__pkgEER/NE-dxHP_equip-pkgEER-14.5-IEER/instance-out.sql,92.09,136910.05,283.16,420965.92
CZ02/RtS&0&cDXHP&Ex&dxHP_equip__pkgEER/NE-dxHP_equip-pkgEER-15.5-IEER/instance-out.sql,91.79,136469.89,282.17,419495.78
CZ02/RtS&0&cDXHP&Ex&dxHP_equip__pkgEER/NE-dxHP_equip-pkgEER-13.5-IEER/instance-out.sql,92.39,137356.36,284.16,422456.61
CZ02/RtS&0&cDXHP&Ex&dxHP_equip__pkgEER/NE-dxHP_equip-pkgEER-14-IEER/instance-out.sql,92.17,137025.72,283.42,421352.25
CZ02/RtS&0&cDXHP&Ex&dxHP_equip__pkgEER/NE-dxHP_equip-pkgEER-15-IEER/instance-out.sql,91.66,136271.93,281.72,418834.61
CZ02/RtS&0&cDXHP&Ex&dxHP_equip__pkgEER/NE-dxHP_equip-pkgEER-16-IEER/instance-out.sql,91.27,135696.06,280.43,416911.19
CZ02/RtS&0&cDXHP&Ex&dxHP_equip__pkgEER/NE-dxHP_equip-pkgSEER-15.4-SEER2/instance-out.sql,91.21,135603.79,280.22,416603.02
CZ02/RtS&0&cDXHP&Ex&dxHP_equip__pkgEER/NE-dxHP_equip-pkgSEER-16.3-SEER2/instance-out.sql,90.91,135160.12,279.22,415121.15
CZ02/RtS&0&cDXHP&Ex&dxHP_equip__pkgEER/NE-dxHP_equip-pkgSEER-14.4-SEER2-1Stage/instance-out.sql,91.50,136037.98,281.20,418053.21
CZ02/RtS&0&cDXHP&Ex&dxHP_equip__pkgEER/NE-dxHP_equip-pkgSEER-14.4-SEER2-2Stage/instance-out.sql,81.76,121552.19,248.65,369670.53
CZ02/RtS&0&cDXHP&Ex&dxHP_equip__pkgEER/NE-dxHP_equip-spltSEER-14.4-SEER2-8.7-HSPF/instance-out.sql,91.45,135954.93,281.01,417775.82
CZ02/RtS&0&cDXHP&Ex&dxHP_equip__pkgEER/NE-dxHP_equip-spltSEER-15.4-SEER2-9-HSPF/instance-out.sql,91.17,135537.88,280.07,416382.88
CZ02/RtS&0&cDXHP&Ex&dxHP_equip__pkgEER/NE-dxHP_equip-spltSEER-16.3-SEER2-9.4-HSPF/instance-out.sql,90.88,135110.86,279.11,414956.63
CZ02/RtS&0&cDXHP&Ex&dxHP_equip__pkgEER/NE-dxHP_equip-spltSEER-17.3-SEER2-9.7-HSPF/instance-out.sql,90.67,134796.05,278.41,413905.16
CZ02/RtS&0&cDXHP&Ex&dxHP_equip__pkgEER/NE-dxAC_equip-pkgEER-14.2-IEER-TE-0.81-VarFan/instance-out.sql,97.74,145304.69,283.42,421352.78
CZ02/RtS&0&cDXHP&Ex&dxHP_equip__pkgEER/NE-dxAC_equip-pkgEER-13.2-IEER-TE-0.81-VarFan/instance-out.sql,98.08,145814.16,284.56,423054.42
CZ02/RtS&0&cDXHP&Ex&dxHP_equip__pkgEER/NE-dxAC_equip-pkgEER-14.8-IEER-TE-0.81-VarFan/instance-out.sql,97.44,144864.06,282.43,419881.09
CZ02/RtS&0&cDXHP&Ex&dxHP_equip__pkgEER/NE-dxAC_equip-pkgSEER-13.4-SEER2-VarFan/instance-out.sql,97.91,145568.76,284.01,422234.78
CZ02/SCn&0&cDXHP&Ex&dxHP_equip__pkgEER/NE-dxAC_equip-pkgEER-14.2-IEER-TE-0.81/instance-out.sql,84.60,3929851.11,238.55,11080908.25
CZ02/SCn&0&cDXHP&Ex&dxHP_equip__pkgEER/NE-dxAC_equip-pkgEER-13.2-IEER-TE-0.81/instance-out.sql,84.85,3941236.81,239.37,11118936.48
CZ02/SCn&0&cDXHP&Ex&dxHP_equip__pkgEER/NE-dxAC_equip-pkgEER-14.8-IEER-TE-0.81/instance-out.sql,84.39,3920004.02,237.84,11048018.98
CZ02/SCn&0&cDXHP&Ex&dxHP_equip__pkgEER/NE-dxAC_equip-pkgSEER-13.4-SEER2/instance-out.sql,84.73,3935752.60,238.98,11100619.22
CZ02/SCn&0&cDXHP&Ex&dxHP_equip__pkgEER/NE-dxAC_equip-pkgEER-12.2-IEER-TE-0.80/instance-out.sql,85.28,3961489.02,240.33,11163492.17
CZ02/SCn&0&cDXHP&Ex&dxHP_equip__pkgEER/NE-dxAC_equip-pkgEER-11.4-IEER-TE-0.80/instance-out.sql,85.70,3980921.51,241.73,11228396.68
CZ02/SCn&0&cDXHP&Ex&dxHP_equip__pkgEER/NE-dxAC_equip-pkgEER-12.7-IEER-TE-0.80/instance-out.sql,85.30,3962246.84,240.38,11166023.26
CZ02/SCn&0&cDXHP&Ex&dxHP_equip__pkgEER/NE-dxAC_equip-pkgSEER-12.35-SEER2/instance-out.sql,85.20,3957762.24,240.06,11151044.72
CZ02/SCn&0&cDXHP&Ex&dxHP_equip__pkgEER/NE-dxHP_equip-pkgEER-14.5-IEER/instance-out.sql,72.38,3362313.82,237.51,11032270.94
CZ02/SCn&0&cDXHP&Ex&dxHP_equip__pkgEER/NE-dxHP_equip-pkgEER-15.5-IEER/instance-out.sql,72.17,3352399.74,236.79,10999157.90
CZ02/SCn&0&cDXHP&Ex&dxHP_equip__pkgEER/NE-dxHP_equip-pkgEER-13.5-IEER/instance-out.sql,72.60,3372366.51,238.23,11065846.90
CZ02/SCn&0&cDXHP&Ex&dxHP_equip__pkgEER/NE-dxHP_equip-pkgEER-14-IEER/instance-out.sql,72.44,3364919.12,237.69,11040972.63
CZ02/SCn&0&cDXHP&Ex&dxHP_equip__pkgEER/NE-dxHP_equip-pkgEER-15-IEER/instance-out.sql,71.89,3339363.02,235.86,10955615.26
CZ02/SCn&0&cDXHP&Ex&dxHP_equip__pkgEER/NE-dxHP_equip-pkgEER-16-IEER/instance-out.sql,71.61,3326392.20,234.92,10912292.70
CZ02/SCn&0&cDXHP&Ex&dxHP_equip__pkgEER/NE-dxHP_equip-pkgSEER-15.4-SEER2/instance-out.sql,71.32,3313005.50,233.96,10867581.14
CZ02/SCn&0&cDXHP&Ex&dxHP_equip__pkgEER/NE-dxHP_equip-pkgSEER-16.3-SEER2/instance-out.sql,71.05,3300156.18,233.04,10824664.39
CZ02/SCn&0&cDXHP&Ex&dxHP_equip__pkgEER/NE-dxHP_equip-pkgSEER-14.4-SEER2-1Stage/instance-out.sql,71.58,3325098.58,234.83,10907972.02
CZ02/SCn&0&cDXHP&Ex&dxHP_equip__pkgEER/NE-dxHP_equip-pkgSEER-14.4-SEER2-2Stage/instance-out.sql,57.32,2662697.82,187.20,8695553.42
CZ02/SCn&0&cDXHP&Ex&dxHP_equip__pkgEER/NE-dxHP_equip-spltSEER-14.4-SEER2-8.7-HSPF/instance-out.sql,71.47,3319629.05,234.44,10889703.79
CZ02/SCn&0&cDXHP&Ex&dxHP_equip__pkgEER/NE-dxHP_equip-spltSEER-15.4-SEER2-9-HSPF/instance-out.sql,71.23,3308664.81,233.65,10853083.22
CZ02/SCn&0&cDXHP&Ex&dxHP_equip__pkgEER/NE-dxHP_equip-spltSEER-16.3-SEER2-9.4-HSPF/instance-out.sql,70.98,3296912.15,232.80,10813829.36
CZ02/SCn&0&cDXHP&Ex&dxHP_equip__pkgEER/NE-dxHP_equip-spltSEER-17.3-SEER2-9.7-HSPF/instance-out.sql,70.80,3288634.19,232.21,10786180.97

File Name,Total (kWh),Heating (kWh),Cooling (kWh),Interior Lighting (kWh),Exterior Lighting (kWh),Interior Equipment (kWh),Exterior Equipment (kWh),Fans (kWh),Pumps (kWh),Heat Rejection (kWh),Humidification (kWh),Heat Recovery (kWh),Water Systems (kWh),Refrigeration (kWh),Generators (kWh),Heating Elec (kWh),Cooling Elec (kWh),Heating NG (kWh),Cooling NG (kWh),Interior Equipment Elec (kWh),Interior Equipment NG (kWh)
CZ01/Asm&0&cDXHP&Ex&dxHP_equip__pkgEER/NE-dxAC_equip-pkgEER-14.2-IEER-TE-0.81/instance-out.sql,886818.05,355932.81,2258.15,153727.01,0.0,145823.51,0.0,204814.26,3.36,0.0,0.0,0.0,24258.96,0.0,0.0,0.00,2258.15,355932.81,0.00,145823.51,0.00
CZ01/Asm&0&cDXHP&Ex&dxHP_equip__pkgEER/NE-dxAC_equip-pkgEER-13.2-IEER-TE-0.81/instance-out.sql,886917.3200000001,355932.81,2357.42,153727.01,0.0,145823.51,0.0,204814.26,3.36,0.0,0.0,0.0,24258.96,0.0,0.0,0.00,2357.42,355932.81,0.00,145823.51,0.00
CZ01/Asm&0&cDXHP&Ex&dxHP_equip__pkgEER/NE-dxAC_equip-pkgEER-14.8-IEER-TE-0.81/instance-out.sql,886732.2,355932.81,2172.3,153727.01,0.0,145823.51,0.0,204814.26,3.36,0.0,0.0,0.0,24258.96,0.0,0.0,0.00,2172.30,355932.81,0.00,145823.51,0.00
CZ01/Asm&0&cDXHP&Ex&dxHP_equip__pkgEER/NE-dxAC_equip-pkgSEER-13.4-SEER2/instance-out.sql,886869.51,355932.81,2309.6,153727.01,0.0,145823.51,0.0,204814.26,3.36,0.0,0.0,0.0,24258.96,0.0,0.0,0.00,2309.60,355932.81,0.00,145823.51,0.00
CZ01/Asm&0&cDXHP&Ex&dxHP_equip__pkgEER/NE-dxAC_equip-pkgEER-12.2-IEER-TE-0.80/instance-out.sql,891455.27,360381.97,2446.21,153727.01,0.0,145823.51,0.0,204814.26,3.36,0.0,0.0,0.0,24258.96,0.0,0.0,0.00,2446.21,360381.97,0.00,145823.51,0.00
CZ01/Asm&0&cDXHP&Ex&dxHP_equip__pkgEER/NE-dxAC_equip-pkgEER-11.4-IEER-TE-0.80/instance-out.sql,891624.7,360381.97,2615.63,153727.01,0.0,145823.51,0.0,204814.26,3.36,0.0,0.0,0.0,24258.96,0.0,0.0,0.00,2615.63,360381.97,0.00,145823.51,0.00
CZ01/Asm&0&cDXHP&Ex&dxHP_equip__pkgEER/NE-dxAC_equip-pkgEER-12.7-IEER-TE-0.80/instance-out.sql,891461.88,360381.97,2452.82,153727.01,0.0,145823.51,0.0,204814.26,3.36,0.0,0.0,0.0,24258.96,0.0,0.0,0.00,2452.82,360381.97,0.00,145823.51,0.00
CZ01/Asm&0&cDXHP&Ex&dxHP_equip__pkgEER/NE-dxAC_equip-pkgSEER-12.35-SEER2/instance-out.sql,891422.78,360381.97,2413.72,153727.01,0.0,145823.51,0.0,204814.26,3.36,0.0,0.0,0.0,24258.96,0.0,0.0,0.00,2413.72,360381.97,0.00,145823.51,0.00
CZ01/Asm&0&cDXHP&Ex&dxHP_equip__pkgEER/NE-dxHP_equip-pkgEER-14.5-IEER/instance-out.sql,625459.73,94668.79,2163.85,153727.01,0.0,145823.51,0.0,204814.26,3.36,0.0,0.0,0.0,24258.96,0.0,0.0,94668.79,2163.85,0.00,0.00,145823.51,0.00
CZ01/Asm&0&cDXHP&Ex&dxHP_equip__pkgEER/NE-dxHP_equip-pkgEER-15.5-IEER/instance-out.sql,625375.5,94668.79,2079.61,153727.01,0.0,145823.51,0.0,204814.26,3.36,0.0,0.0,0.0,24258.96,0.0,0.0,94668.79,2079.61,0.00,0.00,145823.51,0.00
CZ01/Asm&0&cDXHP&Ex&dxHP_equip__pkgEER/NE-dxHP_equip-pkgEER-13.5-IEER/instance-out.sql,625545.1499999999,94668.79,2249.26,153727.01,0.0,145823.51,0.0,204814.26,3.36,0.0,0.0,0.0,24258.96,0.0,0.0,94668.79,2249.26,0.00,0.00,145823.51,0.00
CZ01/Asm&0&cDXHP&Ex&dxHP_equip__pkgEER/NE-dxHP_equip-pkgEER-14-IEER/instance-out.sql,625481.87,94668.79,2185.99,153727.01,0.0,145823.51,0.0,204814.26,3.36,0.0,0.0,0.0,24258.96,0.0,0.0,94668.79,2185.99,0.00,0.00,145823.51,0.00
CZ01/Asm&0&cDXHP&Ex&dxHP_equip__pkgEER/NE-dxHP_equip-pkgEER-15-IEER/instance-out.sql,619877.11,89170.41,2079.61,153727.01,0.0,145823.51,0.0,204814.26,3.36,0.0,0.0,0.0,24258.96,0.0,0.0,89170.41,2079.61,0.00,0.00,145823.51,0.00
CZ01/Asm&0&cDXHP&Ex&dxHP_equip__pkgEER/NE-dxHP_equip-pkgEER-16-IEER/instance-out.sql,619766.8999999999,89170.41,1969.4,153727.01,0.0,145823.51,0.0,204814.26,3.36,0.0,0.0,0.0,24258.96,0.0,0.0,89170.41,1969.40,0.00,0.00,145823.51,0.00
CZ01/Asm&0&cDXHP&Ex&dxHP_equip__pkgEER/NE-dxHP_equip-pkgSEER-15.4-SEER2/instance-out.sql,612550.62,81921.84,2001.69,153727.01,0.0,145823.51,0.0,204814.26,3.36,0.0,0.0,0.0,24258.96,0.0,0.0,81921.84,2001.69,0.00,0.00,145823.51,0.00
CZ01/Asm&0&cDXHP&Ex&dxHP_equip__pkgEER/NE-dxHP_equip-pkgSEER-16.3-SEER2/instance-out.sql,610647.59,80091.1,1929.39,153727.01,0.0,145823.51,0.0,204814.26,3.36,0.0,0.0,0.0,24258.96,0.0,0.0,80091.10,1929.39,0.00,0.00,145823.51,0.00
CZ01/Asm&0&cDXHP&Ex&dxHP_equip__pkgEER/NE-dxHP_equip-pkgSEER-14.4-SEER2-1Stage/instance-out.sql,614106.4299999999,83404.77,2074.56,153727.01,0.0,145823.51,0.0,204814.26,3.36,0.0,0.0,0.0,24258.96,0.0,0.0,83404.77,2074.56,0.00,0.00,145823.51,0.00
CZ01/Asm&0&cDXHP&Ex&dxHP_equip__pkgEER/NE-dxHP_equip-pkgSEER-14.4-SEER2-2Stage/instance-out.sql,488880.08,30237.65,3991.82,153727.01,0.0,145823.51,0.0,130837.55,3.36,0.0,0.0,0.0,24259.19,0.0,0.0,30237.65,3991.82,0.00,0.00,145823.51,0.00
CZ01/Asm&0&cDXHP&Ex&dxHP_equip__pkgEER/NE-dxHP_equip-spltSEER-14.4-SEER2-8.7-HSPF/instance-out.sql,611799.59,81097.93,2074.56,153727.01,0.0,145823.51,0.0,204814.26,3.36,0.0,0.0,0.0,24258.96,0.0,0.0,81097.93,2074.56,0.00,0.00,145823.51,0.00
CZ01/Asm&0&cDXHP&Ex&dxHP_equip__pkgEER/NE-dxHP_equip-spltSEER-15.4-SEER2-9-HSPF/instance-out.sql,610719.88,80091.1,2001.69,153727.01,0.0,145823.51,0.0,204814.26,3.36,0.0,0.0,0.0,24258.96,0.0,0.0,80091.10,2001.69,0.00,0.00,145823.51,0.00
CZ01/Asm&0&cDXHP&Ex&dxHP_equip__pkgEER/NE-dxHP_equip-spltSEER-16.3-SEER2-9.4-HSPF/instance-out.sql,609279.38,78722.9,1929.39,153727.01,0.0,145823.51,0.0,204814.26,3.36,0.0,0.0,0.0,24258.96,0.0,0.0,78722.90,1929.39,0.00,0.00,145823.51,0.00
CZ01/Asm&0&cDXHP&Ex&dxHP_equip__pkgEER/NE-dxHP_equip-spltSEER-17.3-SEER2-9.7-HSPF/instance-out.sql,608463.37,77961.89,1874.39,153727.01,0.0,145823.51,0.0,204814.26,3.36,0.0,0.0,0.0,24258.96,0.0,0.0,77961.89,1874.39,0.00,0.00,145823.51,0.00
CZ01/ECC&0&cDXHP&Ex&dxHP_equip__pkgEER/NE-dxAC_equip-pkgEER-14.2-IEER-TE-0.81/instance-out.sql,2526192.0300000003,129658.29,26100.6,358430.2,0.0,1013813.91,0.0,504216.91,759.88,0.0,0.0,0.0,493212.24,0.0,0.0,0.00,26100.60,129658.29,0.00,945189.93,68623.98
CZ01/ECC&0&cDXHP&Ex&dxHP_equip__pkgEER/NE-dxAC_equip-pkgEER-13.2-IEER-TE-0.81/instance-out.sql,2526431.4299999997,129658.29,26340.0,358430.2,0.0,1013813.91,0.0,504216.91,759.88,0.0,0.0,0.0,493212.24,0.0,0.0,0.00,26340.00,129658.29,0.00,945189.93,68623.98
CZ01/ECC&0&cDXHP&Ex&dxHP_equip__pkgEER/NE-dxAC_equip-pkgEER-14.8-IEER-TE-0.81/instance-out.sql,2525984.9699999997,129658.29,25893.54,358430.2,0.0,1013813.91,0.0,504216.91,759.88,0.0,0.0,0.0,493212.24,0.0,0.0,0.00,25893.54,129658.29,0.00,945189.93,68623.98
CZ01/ECC&0&cDXHP&Ex&dxHP_equip__pkgEER/NE-dxAC_equip-pkgSEER-13.4-SEER2/instance-out.sql,2526316.12,129658.29,26224.69,358430.2,0.0,1013813.91,0.0,504216.91,759.88,0.0,0.0,0.0,493212.24,0.0,0.0,0.00,26224.69,129658.29,0.00,945189.93,68623.98
CZ01/ECC&0&cDXHP&Ex&dxHP_equip__pkgEER/NE-dxAC_equip-pkgEER-12.2-IEER-TE-0.80/instance-out.sql,2528262.41,131275.13,26554.14,358430.2,0.0,1013813.91,0.0,504216.91,759.88,0.0,0.0,0.0,493212.24,0.0,0.0,0.00,26554.14,131275.13,0.00,945189.93,68623.98
CZ01/ECC&0&cDXHP&Ex&dxHP_equip__pkgEER/NE-dxAC_equip-pkgEER-11.4-IEER-TE-0.80/instance-out.sql,2528671.01,131275.13,26962.74,358430.2,0.0,1013813.91,0.0,504216.91,759.88,0.0,0.0,0.0,493212.24,0.0,0.0,0.00,26962.74,131275.13,0.00,945189.93,68623.98
CZ01/ECC&0&cDXHP&Ex&dxHP_equip__pkgEER/NE-dxAC_equip-pkgEER-12.7-IEER-TE-0.80/instance-out.sql,2528278.34,131275.13,26570.07,358430.2,0.0,1013813.91,0.0,504216.91,759.88,0.0,0.0,0.0,493212.24,0.0,0.0,0.00,26570.07,131275.13,0.00,945189.93,68623.98
CZ01/ECC&0&cDXHP&Ex&dxHP_equip__pkgEER/NE-dxAC_equip-pkgSEER-12.35-SEER2/instance-out.sql,2528184.05,131275.13,26475.78,358430.2,0.0,1013813.91,0.0,504216.91,759.88,0.0,0.0,0.0,493212.24,0.0,0.0,0.00,26475.78,131275.13,0.00,945189.93,68623.98
CZ01/ECC&0&cDXHP&Ex&dxHP_equip__pkgEER/NE-dxHP_equip-pkgEER-14.5-IEER/instance-out.sql,2432237.08,35945.26,25858.67,358430.2,0.0,1013813.91,0.0,504216.91,759.88,0.0,0.0,0.0,493212.24,0.0,0.0,35634.28,25858.67,310.98,0.00,945189.93,68623.98
CZ01/ECC&0&cDXHP&Ex&dxHP_equip__pkgEER/NE-dxHP_equip-pkgEER-15.5-IEER/instance-out.sql,2432032.79,35945.26,25654.38,358430.2,0.0,1013813.91,0.0,504216.91,759.88,0.0,0.0,0.0,493212.24,0.0,0.0,35634.28,25654.38,310.98,0.00,945189.93,68623.98
CZ01/ECC&0&cDXHP&Ex&dxHP_equip__pkgEER/NE-dxHP_equip-pkgEER-13.5-IEER/instance-out.sql,2432444.23,35945.26,26065.82,358430.2,0.0,1013813.91,0.0,504216.91,759.88,0.0,0.0,0.0,493212.24,0.0,0.0,35634.28,26065.82,310.98,0.00,945189.93,68623.98
CZ01/ECC&0&cDXHP&Ex&dxHP_equip__pkgEER/NE-dxHP_equip-pkgEER-14-IEER/instance-out.sql,2432290.76,35945.26,25912.36,358430.2,0.0,1013813.91,0.0,504216.91,759.88,0.0,0.0,0.0,493212.24,0.0,0.0,35634.28,25912.36,310.98,0.00,945189.93,68623.98
CZ01/ECC&0&cDXHP&Ex&dxHP_equip__pkgEER/NE-dxHP_equip-pkgEER-15-IEER/instance-out.sql,2429975.58,33888.060000000005,25654.38,358430.2,0.0,1013813.91,0.0,504216.91,759.88,0.0,0.0,0.0,493212.24,0.0,0.0,33577.08,25654.38,310.98,0.00,945189.93,68623.98
CZ01/ECC&0&cDXHP&Ex&dxHP_equip__pkgEER/NE-dxHP_equip-pkgEER-16-IEER/instance-out.sql,2429708.3,33888.060000000005,25387.1,358430.2,0.0,1013813.91,0.0,504216.91,759.88,0.0,0.0,0.0,493212.24,0.0,0.0,33577.08,25387.10,310.98,0.00,945189.93,68623.98
CZ01/ECC&0&cDXHP&Ex&dxHP_equip__pkgEER/NE-dxHP_equip-pkgSEER-15.4-SEER2/instance-out.sql,2427074.5700000003,31176.03,25465.4,358430.2,0.0,1013813.91,0.0,504216.91,759.88,0.0,0.0,0.0,493212.24,0.0,0.0,30865.05,25465.40,310.98,0.00,945189.93,68623.98
CZ01/ECC&0&cDXHP&Ex&dxHP_equip__pkgEER/NE-dxHP_equip-pkgSEER-16.3-SEER2/instance-out.sql,2426214.27,30491.06,25290.07,358430.2,0.0,1013813.91,0.0,504216.91,759.88,0.0,0.0,0.0,493212.24,0.0,0.0,30180.08,25290.07,310.98,0.00,945189.93,68623.98
CZ01/ECC&0&cDXHP&Ex&dxHP_equip__pkgEER/NE-dxHP_equip-pkgSEER-14.4-SEER2-1Stage/instance-out.sql,2427806.1399999997,31730.86,25642.14,358430.2,0.0,1013813.91,0.0,504216.91,759.88,0.0,0.0,0.0,493212.24,0.0,0.0,31419.88,25642.14,310.98,0.00,945189.93,68623.98
CZ01/ECC&0&cDXHP&Ex&dxHP_equip__pkgEER/NE-dxHP_equip-pkgSEER-14.4-SEER2-2Stage/instance-out.sql,2241610.26,19961.760000000002,28392.14,358430.2,0.0,1013813.91,0.0,327049.29,750.12,0.0,0.0,0.0,493212.83,0.0,0.0,19611.95,28392.14,349.81,0.00,945189.93,68623.98
CZ01/ECC&0&cDXHP&Ex&dxHP_equip__pkgEER/NE-dxHP_equip-spltSEER-14.4-SEER2-8.7-HSPF/instance-out.sql,2426943.05,30867.77,25642.14,358430.2,0.0,1013813.91,0.0,504216.91,759.88,0.0,0.0,0.0,493212.24,0.0,0.0,30556.79,25642.14,310.98,0.00,945189.93,68623.98
CZ01/ECC&0&cDXHP&Ex&dxHP_equip__pkgEER/NE-dxHP_equip-spltSEER-15.4-SEER2-9-HSPF/instance-out.sql,2426389.5999999996,30491.06,25465.4,358430.2,0.0,1013813.91,0.0,504216.91,759.88,0.0,0.0,0.0,493212.24,0.0,0.0,30180.08,25465.40,310.98,0.00,945189.93,68623.98
CZ01/ECC&0&cDXHP&Ex&dxHP_equip__pkgEER/NE-dxHP_equip-spltSEER-16.3-SEER2-9.4-HSPF/instance-out.sql,2425702.36,29979.149999999998,25290.07,358430.2,0.0,1013813.91,0.0,504216.91,759.88,0.0,0.0,0.0,493212.24,0.0,0.0,29668.17,25290.07,310.98,0.00,945189.93,68623.98
CZ01/ECC&0&cDXHP&Ex&dxHP_equip__pkgEER/NE-dxHP_equip-spltSEER-17.3-SEER2-9.7-HSPF/instance-out.sql,2425284.24,29694.43,25156.67,358430.2,0.0,1013813.91,0.0,504216.91,759.88,0.0,0.0,0.0,493212.24,0.0,0.0,29383.45,25156.67,310.98,0.00,945189.93,68623.98
CZ01/ECC&0&cDXHP&Ex&dxHP_equip__pkgEER/NE-dxAC_equip-pkgEER-14.2-IEER-TE-0.81-VarFan/instance-out.sql,2526040.5700000003,129694.28,26098.79,358430.2,0.0,1013813.91,0.0,504031.26,759.89,0.0,0.0,0.0,493212.24,0.0,0.0,0.00,26098.79,129694.28,0.00,945189.93,68623.98
CZ01/ECC&0&cDXHP&Ex&dxHP_equip__pkgEER/NE-dxAC_equip-pkgEER-13.2-IEER-TE-0.81-VarFan/instance-out.sql,2526279.91,129694.28,26338.13,358430.2,0.0,1013813.91,0.0,504031.26,759.89,0.0,0.0,0.0,493212.24,0.0,0.0,0.00,26338.13,129694.28,0.00,945189.93,68623.98
CZ01/ECC&0&cDXHP&Ex&dxHP_equip__pkgEER/NE-dxAC_equip-pkgEER-14.8-IEER-TE-0.81-VarFan/instance-out.sql,2525833.5700000003,129694.28,25891.79,358430.2,0.0,1013813.91,0.0,504031.26,759.89,0.0,0.0,0.0,493212.24,0.0,0.0,0.00,25891.79,129694.28,0.00,945189.93,68623.98
CZ01/ECC&0&cDXHP&Ex&dxHP_equip__pkgEER/NE-dxAC_equip-pkgSEER-13.4-SEER2-VarFan/instance-out.sql,2526164.63,129694.28,26222.85,358430.2,0.0,1013813.91,0.0,504031.26,759.89,0.0,0.0,0.0,493212.24,0.0,0.0,0.00,26222.85,129694.28,0.00,945189.93,68623.98
CZ01/EPr&0&cDXHP&Ex&dxHP_equip__pkgEER/NE-dxAC_equip-pkgEER-14.2-IEER-TE-0.81/instance-out.sql,416505.62,50429.9,8544.05,64700.97,0.0,125897.03,0.0,73157.83,3.37,0.0,0.0,0.0,93772.46,0.0,0.0,0.00,8544.05,50429.90,0.00,83226.75,42670.28
CZ01/EPr&0&cDXHP&Ex&dxHP_equip__pkgEER/NE-dxAC_equip-pkgEER-13.2-IEER-TE-0.81/instance-out.sql,416541.11,50429.9,8579.54,64700.97,0.0,125897.03,0.0,73157.83,3.37,0.0,0.0,0.0,93772.46,0.0,0.0,0.00,8579.54,50429.90,0.00,83226.75,42670.28
CZ01/EPr&0&cDXHP&Ex&dxHP_equip__pkgEER/NE-dxAC_equip-pkgEER-14.8-IEER-TE-0.81/instance-out.sql,416474.93,50429.9,8513.37,64700.97,0.0,125897.03,0.0,73157.83,3.37,0.0,0.0,0.0,93772.46,0.0,0.0,0.00,8513.37,50429.90,0.00,83226.75,42670.28
CZ01/EPr&0&cDXHP&Ex&dxHP_equip__pkgEER/NE-dxAC_equip-pkgSEER-13.4-SEER2/instance-out.sql,416524.01,50429.9,8562.45,64700.97,0.0,125897.03,0.0,73157.83,3.37,0.0,0.0,0.0,93772.46,0.0,0.0,0.00,8562.45,50429.90,0.00,83226.75,42670.28
CZ01/EPr&0&cDXHP&Ex&dxHP_equip__pkgEER/NE-dxAC_equip-pkgEER-12.2-IEER-TE-0.80/instance-out.sql,417203.20999999996,51060.28,8611.28,64700.97,0.0,125897.03,0.0,73157.83,3.37,0.0,0.0,0.0,93772.46,0.0,0.0,0.00,8611.28,51060.28,0.00,83226.75,42670.28
CZ01/EPr&0&cDXHP&Ex&dxHP_equip__pkgEER/NE-dxAC_equip-pkgEER-11.4-IEER-TE-0.80/instance-out.sql,417263.78,51060.28,8671.84,64700.97,0.0,125897.03,0.0,73157.83,3.37,0.0,0.0,0.0,93772.46,0.0,0.0,0.00,8671.84,51060.28,0.00,83226.75,42670.28
CZ01/EPr&0&cDXHP&Ex&dxHP_equip__pkgEER/NE-dxAC_equip-pkgEER-12.7-IEER-TE-0.80/instance-out.sql,417205.57999999996,51060.28,8613.64,64700.97,0.0,125897.03,0.0,73157.83,3.37,0.0,0.0,0.0,93772.46,0.0,0.0,0.00,8613.64,51060.28,0.00,83226.75,42670.28
CZ01/EPr&0&cDXHP&Ex&dxHP_equip__pkgEER/NE-dxAC_equip-pkgSEER-12.35-SEER2/instance-out.sql,417191.6,51060.28,8599.66,64700.97,0.0,125897.03,0.0,73157.83,3.37,0.0,0.0,0.0,93772.46,0.0,0.0,0.00,8599.66,51060.28,0.00,83226.75,42670.28
CZ01/EPr&0&cDXHP&Ex&dxHP_equip__pkgEER/NE-dxHP_equip-pkgEER-14.5-IEER/instance-out.sql,379651.62,13671.74,8448.22,64700.97,0.0,125897.03,0.0,73157.83,3.37,0.0,0.0,0.0,93772.46,0.0,0.0,13671.74,8448.22,0.00,0.00,83226.75,42670.28
CZ01/EPr&0&cDXHP&Ex&dxHP_equip__pkgEER/NE-dxHP_equip-pkgEER-15.5-IEER/instance-out.sql,379621.5,13671.74,8418.09,64700.97,0.0,125897.03,0.0,73157.83,3.37,0.0,0.0,0.0,93772.46,0.0,0.0,13671.74,8418.09,0.00,0.00,83226.75,42670.28
CZ01/EPr&0&cDXHP&Ex&dxHP_equip__pkgEER/NE-dxHP_equip-pkgEER-13.5-IEER/instance-out.sql,379682.17000000004,13671.74,8478.76,64700.97,0.0,125897.03,0.0,73157.83,3.37,0.0,0.0,0.0,93772.46,0.0,0.0,13671.74,8478.76,0.00,0.00,83226.75,42670.28
CZ01/EPr&0&cDXHP&Ex&dxHP_equip__pkgEER/NE-dxHP_equip-pkgEER-14-IEER/instance-out.sql,379659.54000000004,13671.74,8456.13,64700.97,0.0,125897.03,0.0,73157.83,3.37,0.0,0.0,0.0,93772.46,0.0,0.0,13671.74,8456.13,0.00,0.00,83226.75,42670.28
CZ01/EPr&0&cDXHP&Ex&dxHP_equip__pkgEER/NE-dxHP_equip-pkgEER-15-IEER/instance-out.sql,378832.07999999996,12882.32,8418.09,64700.97,0.0,125897.03,0.0,73157.83,3.37,0.0,0.0,0.0,93772.46,0.0,0.0,12882.32,8418.09,0.00,0.00,83226.75,42670.28
CZ01/EPr&0&cDXHP&Ex&dxHP_equip__pkgEER/NE-dxHP_equip-pkgEER-16-IEER/instance-out.sql,378792.66000000003,12882.32,8378.67,64700.97,0.0,125897.03,0.0,73157.83,3.37,0.0,0.0,0.0,93772.46,0.0,0.0,12882.32,8378.67,0.00,0.00,83226.75,42670.28
CZ01/EPr&0&cDXHP&Ex&dxHP_equip__pkgEER/NE-dxHP_equip-pkgSEER-15.4-SEER2/instance-out.sql,377763.51,11841.63,8390.22,64700.97,0.0,125897.03,0.0,73157.83,3.37,0.0,0.0,0.0,93772.46,0.0,0.0,11841.63,8390.22,0.00,0.00,83226.75,42670.28
CZ01/EPr&0&cDXHP&Ex&dxHP_equip__pkgEER/NE-dxHP_equip-pkgSEER-16.3-SEER2/instance-out.sql,377474.81,11578.79,8364.36,64700.97,0.0,125897.03,0.0,73157.83,3.37,0.0,0.0,0.0,93772.46,0.0,0.0,11578.79,8364.36,0.00,0.00,83226.75,42670.28
CZ01/EPr&0&cDXHP&Ex&dxHP_equip__pkgEER/NE-dxHP_equip-pkgSEER-14.4-SEER2-1Stage/instance-out.sql,378002.49,12054.54,8416.28,64700.97,0.0,125897.03,0.0,73157.83,3.37,0.0,0.0,0.0,93772.46,0.0,0.0,12054.54,8416.28,0.00,0.00,83226.75,42670.28
CZ01/EPr&0&cDXHP&Ex&dxHP_equip__pkgEER/NE-dxHP_equip-pkgSEER-14.4-SEER2-2Stage/instance-out.sql,348547.3,6358.87,8856.84,64700.97,0.0,125897.03,0.0,48957.67,3.37,0.0,0.0,0.0,93772.55,0.0,0.0,6358.87,8856.84,0.00,0.00,83226.75,42670.28
CZ01/EPr&0&cDXHP&Ex&dxHP_equip__pkgEER/NE-dxHP_equip-spltSEER-14.4-SEER2-8.7-HSPF/instance-out.sql,377671.29000000004,11723.34,8416.28,64700.97,0.0,125897.03,0.0,73157.83,3.37,0.0,0.0,0.0,93772.46,0.0,0.0,11723.34,8416.28,0.00,0.00,83226.75,42670.28
CZ01/EPr&0&cDXHP&Ex&dxHP_equip__pkgEER/NE-dxHP_equip-spltSEER-15.4-SEER2-9-HSPF/instance-out.sql,377500.67000000004,11578.79,8390.22,64700.97,0.0,125897.03,0.0,73157.83,3.37,0.0,0.0,0.0,93772.46,0.0,0.0,11578.79,8390.22,0.00,0.00,83226.75,42670.28
CZ01/EPr&0&cDXHP&Ex&dxHP_equip__pkgEER/NE-dxHP_equip-spltSEER-16.3-SEER2-9.4-HSPF/instance-out.sql,377278.38,11382.35,8364.36,64700.97,0.0,125897.03,0.0,73157.83,3.37,0.0,0.0,0.0,93772.46,0.0,0.0,11382.35,8364.36,0.00,0.00,83226.75,42670.28
CZ01/EPr&0&cDXHP&Ex&dxHP_equip__pkgEER/NE-dxHP_equip-spltSEER-17.3-SEER2-9.7-HSPF/instance-out.sql,377149.44,11273.09,8344.69,64700.97,0.0,125897.03,0.0,73157.83,3.37,0.0,0.0,0.0,93772.46,0.0,0.0,11273.09,8344.69,0.00,0.00,83226.75,42670.28
CZ01/EPr&0&cDXHP&Ex&dxHP_equip__pkgEER/NE-dxAC_equip-pkgEER-14.2-IEER-TE-0.81-VarFan/instance-out.sql,416488.95,50445.86,8543.82,64700.97,0.0,125897.03,0.0,73125.44,3.37,0.0,0.0,0.0,93772.46,0.0,0.0,0.00,8543.82,50445.86,0.00,83226.75,42670.28
CZ01/EPr&0&cDXHP&Ex&dxHP_equip__pkgEER/NE-dxAC_equip-pkgEER-13.2-IEER-TE-0.81-VarFan/instance-out.sql,416524.43,50445.86,8579.3,64700.97,0.0,125897.03,0.0,73125.44,3.37,0.0,0.0,0.0,93772.46,0.0,0.0,0.00,8579.30,50445.86,0.00,83226.75,42670.28
CZ01/EPr&0&cDXHP&Ex&dxHP_equip__pkgEER/NE-dxAC_equip-pkgEER-14.8-IEER-TE-0.81-VarFan/instance-out.sql,416458.27,50445.86,8513.14,64700.97,0.0,125897.03,0.0,73125.44,3.37,0.0,0.0,0.0,93772.46,0.0,0.0,0.00,8513.14,50445.86,0.00,83226.75,42670.28
CZ01/EPr&0&cDXHP&Ex&dxHP_equip__pkgEER/NE-dxAC_equip-pkgSEER-13.4-SEER2-VarFan/instance-out.sql,416507.33999999997,50445.86,8562.21,64700.97,0.0,125897.03,0.0,73125.44,3.37,0.0,0.0,0.0,93772.46,0.0,0.0,0.00,8562.21,50445.86,0.00,83226.75,42670.28
CZ01/ERC&0&cDXHP&Ex&dxHP_equip__pkgEER/NE-dxAC_equip-pkgEER-14.2-IEER-TE-0.81/instance-out.sql,20966.82,3819.39,34.11,2224.35,0.0,2196.82,0.0,3108.46,3.36,0.0,0.0,0.0,9580.33,0.0,0.0,0.00,34.11,3819.39,0.00,2196.82,0.00
CZ01/ERC&0&cDXHP&Ex&dxHP_equip__pkgEER/NE-dxAC_equip-pkgEER-13.2-IEER-TE-0.81/instance-out.sql,20967.69,3819.39,34.98,2224.35,0.0,2196.82,0.0,3108.46,3.36,0.0,0.0,0.0,9580.33,0.0,0.0,0.00,34.98,3819.39,0.00,2196.82,0.00
CZ01/ERC&0&cDXHP&Ex&dxHP_equip__pkgEER/NE-dxAC_equip-pkgEER-14.8-IEER-TE-0.81/instance-out.sql,20966.059999999998,3819.39,33.35,2224.35,0.0,2196.82,0.0,3108.46,3.36,0.0,0.0,0.0,9580.33,0.0,0.0,0.00,33.35,3819.39,0.00,2196.82,0.00
CZ01/ERC&0&cDXHP&Ex&dxHP_equip__pkgEER/NE-dxAC_equip-pkgSEER-13.4-SEER2/instance-out.sql,20967.27,3819.39,34.56,2224.35,0.0,2196.82,0.0,3108.46,3.36,0.0,0.0,0.0,9580.33,0.0,0.0,0.00,34.56,3819.39,0.00,2196.82,0.00
CZ01/ERC&0&cDXHP&Ex&dxHP_equip__pkgEER/NE-dxAC_equip-pkgEER-12.2-IEER-TE-0.80/instance-out.sql,21016.21,3867.13,35.76,2224.35,0.0,2196.82,0.0,3108.46,3.36,0.0,0.0,0.0,9580.33,0.0,0.0,0.00,35.76,3867.13,0.00,2196.82,0.00
CZ01/ERC&0&cDXHP&Ex&dxHP_equip__pkgEER/NE-dxAC_equip-pkgEER-11.4-IEER-TE-0.80/instance-out.sql,21017.71,3867.13,37.26,2224.35,0.0,2196.82,0.0,3108.46,3.36,0.0,0.0,0.0,9580.33,0.0,0.0,0.00,37.26,3867.13,0.00,2196.82,0.00
CZ01/ERC&0&cDXHP&Ex&dxHP_equip__pkgEER/NE-dxAC_equip-pkgEER-12.7-IEER-TE-0.80/instance-out.sql,21016.27,3867.13,35.82,2224.35,0.0,2196.82,0.0,3108.46,3.36,0.0,0.0,0.0,9580.33,0.0,0.0,0.00,35.82,3867.13,0.00,2196.82,0.00
CZ01/ERC&0&cDXHP&Ex&dxHP_equip__pkgEER/NE-dxAC_equip-pkgSEER-12.35-SEER2/instance-out.sql,21015.93,3867.13,35.48,2224.35,0.0,2196.82,0.0,3108.46,3.36,0.0,0.0,0.0,9580.33,0.0,0.0,0.00,35.48,3867.13,0.00,2196.82,0.00
CZ01/ERC&0&cDXHP&Ex&dxHP_equip__pkgEER/NE-dxHP_equip-pkgEER-14.5-IEER/instance-out.sql,18167.22,1034.35,19.55,2224.35,0.0,2196.82,0.0,3108.46,3.36,0.0,0.0,0.0,9580.33,0.0,0.0,1034.35,19.55,0.00,0.00,2196.82,0.00
CZ01/ERC&0&cDXHP&Ex&dxHP_equip__pkgEER/NE-dxHP_equip-pkgEER-15.5-IEER/instance-out.sql,18166.46,1034.35,18.79,2224.35,0.0,2196.82,0.0,3108.46,3.36,0.0,0.0,0.0,9580.33,0.0,0.0,1034.35,18.79,0.00,0.00,2196.82,0.00
CZ01/ERC&0&cDXHP&Ex&dxHP_equip__pkgEER/NE-dxHP_equip-pkgEER-13.5-IEER/instance-out.sql,18167.989999999998,1034.35,20.32,2224.35,0.0,2196.82,0.0,3108.46,3.36,0.0,0.0,0.0,9580.33,0.0,0.0,1034.35,20.32,0.00,0.00,2196.82,0.00
CZ01/ERC&0&cDXHP&Ex&dxHP_equip__pkgEER/NE-dxHP_equip-pkgEER-14-IEER/instance-out.sql,18167.42,1034.35,19.75,2224.35,0.0,2196.82,0.0,3108.46,3.36,0.0,0.0,0.0,9580.33,0.0,0.0,1034.35,19.75,0.00,0.00,2196.82,0.00
CZ01/ERC&0&cDXHP&Ex&dxHP_equip__pkgEER/NE-dxHP_equip-pkgEER-15-IEER/instance-out.sql,18107.17,975.06,18.79,2224.35,0.0,2196.82,0.0,3108.46,3.36,0.0,0.0,0.0,9580.33,0.0,0.0,975.06,18.79,0.00,0.00,2196.82,0.00
CZ01/ERC&0&cDXHP&Ex&dxHP_equip__pkgEER/NE-dxHP_equip-pkgEER-16-IEER/instance-out.sql,18106.17,975.06,17.79,2224.35,0.0,2196.82,0.0,3108.46,3.36,0.0,0.0,0.0,9580.33,0.0,0.0,975.06,17.79,0.00,0.00,2196.82,0.00
CZ01/ERC&0&cDXHP&Ex&dxHP_equip__pkgEER/NE-dxHP_equip-pkgSEER-15.4-SEER2/instance-out.sql,18028.3,896.9,18.08,2224.35,0.0,2196.82,0.0,3108.46,3.36,0.0,0.0,0.0,9580.33,0.0,0.0,896.90,18.08,0.00,0.00,2196.82,0.00
CZ01/ERC&0&cDXHP&Ex&dxHP_equip__pkgEER/NE-dxHP_equip-pkgSEER-16.3-SEER2/instance-out.sql,18007.9,877.16,17.43,2224.35,0.0,2196.82,0.0,3108.46,3.36,0.0,0.0,0.0,9580.33,0.0,0.0,877.16,17.43,0.00,0.00,2196.82,0.00
CZ01/ERC&0&cDXHP&Ex&dxHP_equip__pkgEER/NE-dxHP_equip-pkgSEER-14.4-SEER2-1Stage/instance-out.sql,18044.95,912.89,18.74,2224.35,0.0,2196.82,0.0,3108.46,3.36,0.0,0.0,0.0,9580.33,0.0,0.0,912.89,18.74,0.00,0.00,2196.82,0.00
CZ01/ERC&0&cDXHP&Ex&dxHP_equip__pkgEER/NE-dxHP_equip-pkgSEER-14.4-SEER2-2Stage/instance-out.sql,16550.37,580.03,21.63,2224.35,0.0,2196.82,0.0,1943.85,3.36,0.0,0.0,0.0,9580.33,0.0,0.0,580.03,21.63,0.00,0.00,2196.82,0.00
CZ01/ERC&0&cDXHP&Ex&dxHP_equip__pkgEER/NE-dxHP_equip-spltSEER-14.4-SEER2-8.7-HSPF/instance-out.sql,18020.07,888.01,18.74,2224.35,0.0,2196.82,0.0,3108.46,3.36,0.0,0.0,0.0,9580.33,0.0,0.0,888.01,18.74,0.00,0.00,2196.82,0.00
CZ01/ERC&0&cDXHP&Ex&dxHP_equip__pkgEER/NE-dxHP_equip-spltSEER-15.4-SEER2-9-HSPF/instance-out.sql,18008.559999999998,877.16,18.08,2224.35,0.0,2196.82,0.0,3108.46,3.36,0.0,0.0,0.0,9580.33,0.0,0.0,877.16,18.08,0.00,0.00,2196.82,0.00
CZ01/ERC&0&cDXHP&Ex&dxHP_equip__pkgEER/NE-dxHP_equip-spltSEER-16.3-SEER2-9.4-HSPF/instance-out.sql,17993.15,862.4,17.43,2224.35,0.0,2196.82,0.0,3108.46,3.36,0.0,0.0,0.0,9580.33,0.0,0.0,862.40,17.43,0.00,0.00,2196.82,0.00
CZ01/ERC&0&cDXHP&Ex&dxHP_equip__pkgEER/NE-dxHP_equip-spltSEER-17.3-SEER2-9.7-HSPF/instance-out.sql,17984.45,854.2,16.93,2224.35,0.0,2196.82,0.0,3108.46,3.36,0.0,0.0,0.0,9580.33,0.0,0.0,854.20,16.93,0.00,0.00,2196.82,0.00
CZ01/ERC&0&cDXHP&Ex&dxHP_equip__pkgEER/NE-dxAC_equip-pkgEER-14.2-IEER-TE-0.81-VarFan/instance-out.sql,20966.43,3820.19,34.1,2224.35,0.0,2196.82,0.0,3107.27,3.36,0.0,0.0,0.0,9580.33,0.0,0.0,0.00,34.10,3820.19,0.00,2196.82,0.00
CZ01/ERC&0&cDXHP&Ex&dxHP_equip__pkgEER/NE-dxAC_equip-pkgEER-13.2-IEER-TE-0.81-VarFan/instance-out.sql,20967.3,3820.19,34.98,2224.35,0.0,2196.82,0.0,3107.27,3.36,0.0,0.0,0.0,9580.33,0.0,0.0,0.00,34.98,3820.19,0.00,2196.82,0.00
CZ01/ERC&0&cDXHP&Ex&dxHP_equip__pkgEER/NE-dxAC_equip-pkgEER-14.8-IEER-TE-0.81-VarFan/instance-out.sql,20965.67,3820.19,33.35,2224.35,0.0,2196.82,0.0,3107.27,3.36,0.0,0.0,0.0,9580.33,0.0,0.0,0.00,33.35,3820.19,0.00,2196.82,0.00
CZ01/ERC&0&cDXHP&Ex&dxHP_equip__pkgEER/NE-dxAC_equip-pkgSEER-13.4-SEER2-VarFan/instance-out.sql,20966.88,3820.19,34.56,2224.35,0.0,2196.82,0.0,3107.27,3.36,0.0,0.0,0.0,9580.33,0.0,0.0,0.00,34.56,3820.19,0.00,2196.82,0.00
CZ01/ESe&0&cDXHP&Ex&dxHP_equip__pkgEER/NE-dxAC_equip-pkgEER-14.2-IEER-TE-0.81/instance-out.sql,1243432.45,229529.9,14859.13,197959.32,0.0,323176.74,0.0,220951.54,3.39,0.0,0.0,0.0,256952.44,0.0,0.0,0.00,14859.13,229529.90,0.00,259085.82,64090.92
CZ01/ESe&0&cDXHP&Ex&dxHP_equip__pkgEER/NE-dxAC_equip-pkgEER-13.2-IEER-TE-0.81/instance-out.sql,1243484.73,229529.9,14911.41,197959.32,0.0,323176.74,0.0,220951.54,3.39,0.0,0.0,0.0,256952.44,0.0,0.0,0.00,14911.41,229529.90,0.00,259085.82,64090.92
CZ01/ESe&0&cDXHP&Ex&dxHP_equip__pkgEER/NE-dxAC_equip-pkgEER-14.8-IEER-TE-0.81/instance-out.sql,1243387.24,229529.9,14813.92,197959.32,0.0,323176.74,0.0,220951.54,3.39,0.0,0.0,0.0,256952.44,0.0,0.0,0.00,14813.92,229529.90,0.00,259085.82,64090.92
CZ01/ESe&0&cDXHP&Ex&dxHP_equip__pkgEER/NE-dxAC_equip-pkgSEER-13.4-SEER2/instance-out.sql,1243459.55,229529.9,14886.23,197959.32,0.0,323176.74,0.0,220951.54,3.39,0.0,0.0,0.0,256952.44,0.0,0.0,0.00,14886.23,229529.90,0.00,259085.82,64090.92
CZ01/ESe&0&cDXHP&Ex&dxHP_equip__pkgEER/NE-dxAC_equip-pkgEER-12.2-IEER-TE-0.80/instance-out.sql,1243840.56,229838.97,14958.16,197959.32,0.0,323176.74,0.0,220951.54,3.39,0.0,0.0,0.0,256952.44,0.0,0.0,0.00,14958.16,229838.97,0.00,259085.82,64090.92
CZ01/ESe&0&cDXHP&Ex&dxHP_equip__pkgEER/NE-dxAC_equip-pkgEER-11.4-IEER-TE-0.80/instance-out.sql,1243929.7799999998,229838.97,15047.38,197959.32,0.0,323176.74,0.0,220951.54,3.39,0.0,0.0,0.0,256952.44,0.0,0.0,0.00,15047.38,229838.97,0.00,259085.82,64090.92
CZ01/ESe&0&cDXHP&Ex&dxHP_equip__pkgEER/NE-dxAC_equip-pkgEER-12.7-IEER-TE-0.80/instance-out.sql,1243844.04,229838.97,14961.64,197959.32,0.0,323176.74,0.0,220951.54,3.39,0.0,0.0,0.0,256952.44,0.0,0.0,0.00,14961.64,229838.97,0.00,259085.82,64090.92
CZ01/ESe&0&cDXHP&Ex&dxHP_equip__pkgEER/NE-dxAC_equip-pkgSEER-12.35-SEER2/instance-out.sql,1243823.45,229838.97,14941.05,197959.32,0.0,323176.74,0.0,220951.54,3.39,0.0,0.0,0.0,256952.44,0.0,0.0,0.00,14941.05,229838.97,0.00,259085.82,64090.92
CZ01/ESe&0&cDXHP&Ex&dxHP_equip__pkgEER/NE-dxHP_equip-pkgEER-14.5-IEER/instance-out.sql,1225479.78,211714.87,14721.49,197959.32,0.0,323176.74,0.0,220951.53,3.39,0.0,0.0,0.0,256952.44,0.0,0.0,6910.46,14721.49,204804.41,0.00,259085.82,64090.92
CZ01/ESe&0&cDXHP&Ex&dxHP_equip__pkgEER/NE-dxHP_equip-pkgEER-15.5-IEER/instance-out.sql,1225435.74,211714.87,14677.45,197959.32,0.0,323176.74,0.0,220951.53,3.39,0.0,0.0,0.0,256952.44,0.0,0.0,6910.46,14677.45,204804.41,0.00,259085.82,64090.92
CZ01/ESe&0&cDXHP&Ex&dxHP_equip__pkgEER/NE-dxHP_equip-pkgEER-13.5-IEER/instance-out.sql,1225524.4300000002,211714.87,14766.15,197959.32,0.0,323176.74,0.0,220951.53,3.39,0.0,0.0,0.0,256952.44,0.0,0.0,6910.46,14766.15,204804.41,0.00,259085.82,64090.92
CZ01/ESe&0&cDXHP&Ex&dxHP_equip__pkgEER/NE-dxHP_equip-pkgEER-14-IEER/instance-out.sql,1225491.35,211714.87,14733.07,197959.32,0.0,323176.74,0.0,220951.53,3.39,0.0,0.0,0.0,256952.44,0.0,0.0,6910.46,14733.07,204804.41,0.00,259085.82,64090.92
CZ01/ESe&0&cDXHP&Ex&dxHP_equip__pkgEER/NE-dxHP_equip-pkgEER-15-IEER/instance-out.sql,1225040.9100000001,211320.04,14677.45,197959.32,0.0,323176.74,0.0,220951.53,3.39,0.0,0.0,0.0,256952.44,0.0,0.0,6515.63,14677.45,204804.41,0.00,259085.82,64090.92
CZ01/ESe&0&cDXHP&Ex&dxHP_equip__pkgEER/NE-dxHP_equip-pkgEER-16-IEER/instance-out.sql,1224983.29,211320.04,14619.84,197959.32,0.0,323176.74,0.0,220951.53,3.39,0.0,0.0,0.0,256952.44,0.0,0.0,6515.63,14619.84,204804.41,0.00,259085.82,64090.92
CZ01/ESe&0&cDXHP&Ex&dxHP_equip__pkgEER/NE-dxHP_equip-pkgSEER-15.4-SEER2/instance-out.sql,1224479.67,210799.54,14636.71,197959.32,0.0,323176.74,0.0,220951.53,3.39,0.0,0.0,0.0,256952.44,0.0,0.0,5995.13,14636.71,204804.41,0.00,259085.82,64090.92
CZ01/ESe&0&cDXHP&Ex&dxHP_equip__pkgEER/NE-dxHP_equip-pkgSEER-16.3-SEER2/instance-out.sql,1224310.4100000001,210668.08000000002,14598.92,197959.32,0.0,323176.74,0.0,220951.53,3.39,0.0,0.0,0.0,256952.44,0.0,0.0,5863.67,14598.92,204804.41,0.00,259085.82,64090.92
CZ01/ESe&0&cDXHP&Ex&dxHP_equip__pkgEER/NE-dxHP_equip-pkgSEER-14.4-SEER2-1Stage/instance-out.sql,1224624.26,210906.02,14674.81,197959.32,0.0,323176.74,0.0,220951.53,3.39,0.0,0.0,0.0,256952.44,0.0,0.0,6101.61,14674.81,204804.41,0.00,259085.82,64090.92
CZ01/ESe&0&cDXHP&Ex&dxHP_equip__pkgEER/NE-dxHP_equip-pkgSEER-14.4-SEER2-2Stage/instance-out.sql,1194685.21,209001.78,15253.41,197959.32,0.0,323176.74,0.0,192337.94,3.39,0.0,0.0,0.0,256952.65,0.0,0.0,3752.36,15253.41,205249.42,0.00,259085.82,64090.92
CZ01/ESe&0&cDXHP&Ex&dxHP_equip__pkgEER/NE-dxHP_equip-spltSEER-14.4-SEER2-8.7-HSPF/instance-out.sql,1224458.6099999999,210740.38,14674.81,197959.32,0.0,323176.74,0.0,220951.53,3.39,0.0,0.0,0.0,256952.44,0.0,0.0,5935.97,14674.81,204804.41,0.00,259085.82,64090.92
CZ01/ESe&0&cDXHP&Ex&dxHP_equip__pkgEER/NE-dxHP_equip-spltSEER-15.4-SEER2-9-HSPF/instance-out.sql,1224348.21,210668.08000000002,14636.71,197959.32,0.0,323176.74,0.0,220951.53,3.39,0.0,0.0,0.0,256952.44,0.0,0.0,5863.67,14636.71,204804.41,0.00,259085.82,64090.92
CZ01/ESe&0&cDXHP&Ex&dxHP_equip__pkgEER/NE-dxHP_equip-spltSEER-16.3-SEER2-9.4-HSPF/instance-out.sql,1224212.17,210569.83000000002,14598.92,197959.32,0.0,323176.74,0.0,220951.53,3.39,0.0,0.0,0.0,256952.44,0.0,0.0,5765.42,14598.92,204804.41,0.00,259085.82,64090.92
CZ01/ESe&0&cDXHP&Ex&dxHP_equip__pkgEER/NE-dxHP_equip-spltSEER-17.3-SEER2-9.7-HSPF/instance-out.sql,1224128.76,210515.18,14570.16,197959.32,0.0,323176.74,0.0,220951.53,3.39,0.0,0.0,0.0,256952.44,0.0,0.0,5710.77,14570.16,204804.41,0.00,259085.82,64090.92
CZ01/ESe&0&cDXHP&Ex&dxHP_equip__pkgEER/NE-dxAC_equip-pkgEER-14.2-IEER-TE-0.81-VarFan/instance-out.sql,1243415.01,229539.38,14858.78,197959.32,0.0,323176.74,0.0,220924.96,3.39,0.0,0.0,0.0,256952.44,0.0,0.0,0.00,14858.78,229539.38,0.00,259085.82,64090.92
CZ01/ESe&0&cDXHP&Ex&dxHP_equip__pkgEER/NE-dxAC_equip-pkgEER-13.2-IEER-TE-0.81-VarFan/instance-out.sql,1243467.28,229539.38,14911.05,197959.32,0.0,323176.74,0.0,220924.96,3.39,0.0,0.0,0.0,256952.44,0.0,0.0,0.00,14911.05,229539.38,0.00,259085.82,64090.92
CZ01/ESe&0&cDXHP&Ex&dxHP_equip__pkgEER/NE-dxAC_equip-pkgEER-14.8-IEER-TE-0.81-VarFan/instance-out.sql,1243369.81,229539.38,14813.58,197959.32,0.0,323176.74,0.0,220924.96,3.39,0.0,0.0,0.0,256952.44,0.0,0.0,0.00,14813.58,229539.38,0.00,259085.82,64090.92
CZ01/ESe&0&cDXHP&Ex&dxHP_equip__pkgEER/NE-dxAC_equip-pkgSEER-13.4-SEER2-VarFan/instance-out.sql,1243442.1,229539.38,14885.87,197959.32,0.0,323176.74,0.0,220924.96,3.39,0.0,0.0,0.0,256952.44,0.0,0.0,0.00,14885.87,229539.38,0.00,259085.82,64090.92
CZ01/EUn&0&cDXHP&Ex&dxHP_equip__pkgEER/NE-dxAC_equip-pkgEER-14.2-IEER-TE-0.81/instance-out.sql,7992787.9799999995,334423.55,98763.43,1277404.75,0.0,3682881.23,0.0,1766493.14,3.37,0.0,0.0,0.0,832818.51,0.0,0.0,0.00,98763.43,334423.55,0.00,3555459.15,127422.08
CZ01/EUn&0&cDXHP&Ex&dxHP_equip__pkgEER/NE-dxAC_equip-pkgEER-13.2-IEER-TE-0.81/instance-out.sql,7993676.09,334423.55,99651.54,1277404.75,0.0,3682881.23,0.0,1766493.14,3.37,0.0,0.0,0.0,832818.51,0.0,0.0,0.00,99651.54,334423.55,0.00,3555459.15,127422.08
CZ01/EUn&0&cDXHP&Ex&dxHP_equip__pkgEER/NE-dxAC_equip-pkgEER-14.8-IEER-TE-0.81/instance-out.sql,7992019.89,334423.55,97995.34,1277404.75,0.0,3682881.23,0.0,1766493.14,3.37,0.0,0.0,0.0,832818.51,0.0,0.0,0.00,97995.34,334423.55,0.00,3555459.15,127422.08
CZ01/EUn&0&cDXHP&Ex&dxHP_equip__pkgEER/NE-dxAC_equip-pkgSEER-13.4-SEER2/instance-out.sql,7993248.31,334423.55,99223.76,1277404.75,0.0,3682881.23,0.0,1766493.14,3.37,0.0,0.0,0.0,832818.51,0.0,0.0,0.00,99223.76,334423.55,0.00,3555459.15,127422.08
CZ01/EUn&0&cDXHP&Ex&dxHP_equip__pkgEER/NE-dxAC_equip-pkgEER-12.2-IEER-TE-0.80/instance-out.sql,7998342.51,338295.59,100445.9,1277404.75,0.0,3682881.23,0.0,1766493.14,3.37,0.0,0.0,0.0,832818.51,0.0,0.0,0.00,100445.90,338295.59,0.00,3555459.15,127422.08
CZ01/EUn&0&cDXHP&Ex&dxHP_equip__pkgEER/NE-dxAC_equip-pkgEER-11.4-IEER-TE-0.80/instance-out.sql,7999858.279999999,338295.59,101961.68,1277404.75,0.0,3682881.23,0.0,1766493.14,3.37,0.0,0.0,0.0,832818.51,0.0,0.0,0.00,101961.68,338295.59,0.00,3555459.15,127422.08
CZ01/EUn&0&cDXHP&Ex&dxHP_equip__pkgEER/NE-dxAC_equip-pkgEER-12.7-IEER-TE-0.80/instance-out.sql,7998401.619999999,338295.59,100505.02,1277404.75,0.0,3682881.23,0.0,1766493.14,3.37,0.0,0.0,0.0,832818.51,0.0,0.0,0.00,100505.02,338295.59,0.00,3555459.15,127422.08
CZ01/EUn&0&cDXHP&Ex&dxHP_equip__pkgEER/NE-dxAC_equip-pkgSEER-12.35-SEER2/instance-out.sql,7998051.8100000005,338295.59,100155.21,1277404.75,0.0,3682881.23,0.0,1766493.14,3.37,0.0,0.0,0.0,832818.51,0.0,0.0,0.00,100155.21,338295.59,0.00,3555459.15,127422.08
CZ01/EUn&0&cDXHP&Ex&dxHP_equip__pkgEER/NE-dxHP_equip-pkgEER-14.5-IEER/instance-out.sql,7768750.4,111114.12,98036.97,1277404.75,0.0,3682881.23,0.0,1766491.44,3.37,0.0,0.0,0.0,832818.51,0.0,0.0,86454.18,98036.97,24659.94,0.00,3555459.15,127422.08
CZ01/EUn&0&cDXHP&Ex&dxHP_equip__pkgEER/NE-dxHP_equip-pkgEER-15.5-IEER/instance-out.sql,7768004.720000001,111114.12,97291.29,1277404.75,0.0,3682881.23,0.0,1766491.44,3.37,0.0,0.0,0.0,832818.51,0.0,0.0,86454.18,97291.29,24659.94,0.00,3555459.15,127422.08
CZ01/EUn&0&cDXHP&Ex&dxHP_equip__pkgEER/NE-dxHP_equip-pkgEER-13.5-IEER/instance-out.sql,7769506.510000001,111114.12,98793.08,1277404.75,0.0,3682881.23,0.0,1766491.44,3.37,0.0,0.0,0.0,832818.51,0.0,0.0,86454.18,98793.08,24659.94,0.00,3555459.15,127422.08
CZ01/EUn&0&cDXHP&Ex&dxHP_equip__pkgEER/NE-dxHP_equip-pkgEER-14-IEER/instance-out.sql,7768946.36,111114.12,98232.93,1277404.75,0.0,3682881.23,0.0,1766491.44,3.37,0.0,0.0,0.0,832818.51,0.0,0.0,86454.18,98232.93,24659.94,0.00,3555459.15,127422.08
CZ01/EUn&0&cDXHP&Ex&dxHP_equip__pkgEER/NE-dxHP_equip-pkgEER-15-IEER/instance-out.sql,7763005.850000001,106115.25,97291.29,1277404.75,0.0,3682881.23,0.0,1766491.44,3.37,0.0,0.0,0.0,832818.51,0.0,0.0,81455.31,97291.29,24659.94,0.00,3555459.15,127422.08
CZ01/EUn&0&cDXHP&Ex&dxHP_equip__pkgEER/NE-dxHP_equip-pkgEER-16-IEER/instance-out.sql,7762030.25,106115.25,96315.7,1277404.75,0.0,3682881.23,0.0,1766491.44,3.37,0.0,0.0,0.0,832818.51,0.0,0.0,81455.31,96315.70,24659.94,0.00,3555459.15,127422.08
CZ01/EUn&0&cDXHP&Ex&dxHP_equip__pkgEER/NE-dxHP_equip-pkgSEER-15.4-SEER2/instance-out.sql,7755725.99,99525.2,96601.49,1277404.75,0.0,3682881.23,0.0,1766491.44,3.37,0.0,0.0,0.0,832818.51,0.0,0.0,74865.26,96601.49,24659.94,0.00,3555459.15,127422.08
CZ01/EUn&0&cDXHP&Ex&dxHP_equip__pkgEER/NE-dxHP_equip-pkgSEER-16.3-SEER2/instance-out.sql,7753421.600000001,97860.78,95961.52,1277404.75,0.0,3682881.23,0.0,1766491.44,3.37,0.0,0.0,0.0,832818.51,0.0,0.0,73200.84,95961.52,24659.94,0.00,3555459.15,127422.08
CZ01/EUn&0&cDXHP&Ex&dxHP_equip__pkgEER/NE-dxHP_equip-pkgSEER-14.4-SEER2-1Stage/instance-out.sql,7757719.32,100873.41,97246.61,1277404.75,0.0,3682881.23,0.0,1766491.44,3.37,0.0,0.0,0.0,832818.51,0.0,0.0,76213.47,97246.61,24659.94,0.00,3555459.15,127422.08
CZ01/EUn&0&cDXHP&Ex&dxHP_equip__pkgEER/NE-dxHP_equip-pkgSEER-14.4-SEER2-2Stage/instance-out.sql,7175077.62,78614.48,109574.31,1277404.75,0.0,3682881.23,0.0,1193778.24,3.37,0.0,0.0,0.0,832821.22,0.0,0.0,53372.29,109574.31,25242.19,0.00,3555459.15,127422.08
CZ01/EUn&0&cDXHP&Ex&dxHP_equip__pkgEER/NE-dxHP_equip-spltSEER-14.4-SEER2-8.7-HSPF/instance-out.sql,7755622.05,98776.14,97246.61,1277404.75,0.0,3682881.23,0.0,1766491.44,3.37,0.0,0.0,0.0,832818.51,0.0,0.0,74116.20,97246.61,24659.94,0.00,3555459.15,127422.08
CZ01/EUn&0&cDXHP&Ex&dxHP_equip__pkgEER/NE-dxHP_equip-spltSEER-15.4-SEER2-9-HSPF/instance-out.sql,7754061.58,97860.78,96601.49,1277404.75,0.0,3682881.23,0.0,1766491.44,3.37,0.0,0.0,0.0,832818.51,0.0,0.0,73200.84,96601.49,24659.94,0.00,3555459.15,127422.08
CZ01/EUn&0&cDXHP&Ex&dxHP_equip__pkgEER/NE-dxHP_equip-spltSEER-16.3-SEER2-9.4-HSPF/instance-out.sql,7752177.7,96616.88,95961.52,1277404.75,0.0,3682881.23,0.0,1766491.44,3.37,0.0,0.0,0.0,832818.51,0.0,0.0,71956.94,95961.52,24659.94,0.00,3555459.15,127422.08
CZ01/EUn&0&cDXHP&Ex&dxHP_equip__pkgEER/NE-dxHP_equip-spltSEER-17.3-SEER2-9.7-HSPF/instance-out.sql,7750998.92,95925.0,95474.61,1277404.75,0.0,3682881.23,0.0,1766491.44,3.37,0.0,0.0,0.0,832818.51,0.0,0.0,71265.06,95474.61,24659.94,0.00,3555459.15,127422.08
CZ01/EUn&0&cDXHP&Ex&dxHP_equip__pkgEER/NE-dxAC_equip-pkgEER-14.2-IEER-TE-0.81-VarFan/instance-out.sql,7992326.720000001,334524.25,98757.48,1277404.75,0.0,3682881.23,0.0,1765937.11,3.37,0.0,0.0,0.0,832818.51,0.0,0.0,0.00,98757.48,334524.25,0.00,3555459.15,127422.08
CZ01/EUn&0&cDXHP&Ex&dxHP_equip__pkgEER/NE-dxAC_equip-pkgEER-13.2-IEER-TE-0.81-VarFan/instance-out.sql,7993214.59,334524.25,99645.36,1277404.75,0.0,3682881.23,0.0,1765937.11,3.37,0.0,0.0,0.0,832818.51,0.0,0.0,0.00,99645.36,334524.25,0.00,3555459.15,127422.08
CZ01/EUn&0&cDXHP&Ex&dxHP_equip__pkgEER/NE-dxAC_equip-pkgEER-14.8-IEER-TE-0.81-VarFan/instance-out.sql,7991558.83,334524.25,97989.6,1277404.75,0.0,3682881.23,0.0,1765937.11,3.37,0.0,0.0,0.0,832818.51,0.0,0.0,0.00,97989.60,334524.25,0.00,3555459.15,127422.08
CZ01/EUn&0&cDXHP&Ex&dxHP_equip__pkgEER/NE-dxAC_equip-pkgSEER-13.4-SEER2-VarFan/instance-out.sql,7992786.92,334524.25,99217.69,1277404.75,0.0,3682881.23,0.0,1765937.11,3.37,0.0,0.0,0.0,832818.51,0.0,0.0,0.00,99217.69,334524.25,0.00,3555459.15,127422.08
CZ01/Gro&0&cDXHP&Ex&dxHP_equip__pkgEER/NE-dxAC_equip-pkgEER-14.2-IEER-TE-0.81/instance-out.sql,1447289.6,269206.95,504.72,249218.65,0.0,177584.03,0.0,135584.8,3.38,0.0,0.0,0.0,66325.43,548861.65,0.0,0.00,504.72,269206.95,0.00,177584.03,0.00
CZ01/Gro&0&cDXHP&Ex&dxHP_equip__pkgEER/NE-dxAC_equip-pkgEER-13.2-IEER-TE-0.81/instance-out.sql,1447308.4900000002,269206.95,523.61,249218.65,0.0,177584.03,0.0,135584.8,3.38,0.0,0.0,0.0,66325.43,548861.65,0.0,0.00,523.61,269206.95,0.00,177584.03,0.00
CZ01/Gro&0&cDXHP&Ex&dxHP_equip__pkgEER/NE-dxAC_equip-pkgEER-14.8-IEER-TE-0.81/instance-out.sql,1447273.2599999998,269206.95,488.38,249218.65,0.0,177584.03,0.0,135584.8,3.38,0.0,0.0,0.0,66325.43,548861.65,0.0,0.00,488.38,269206.95,0.00,177584.03,0.00
CZ01/Gro&0&cDXHP&Ex&dxHP_equip__pkgEER/NE-dxAC_equip-pkgSEER-13.4-SEER2/instance-out.sql,1447299.3900000001,269206.95,514.51,249218.65,0.0,177584.03,0.0,135584.8,3.38,0.0,0.0,0.0,66325.43,548861.65,0.0,0.00,514.51,269206.95,0.00,177584.03,0.00
CZ01/Gro&0&cDXHP&Ex&dxHP_equip__pkgEER/NE-dxAC_equip-pkgEER-12.2-IEER-TE-0.80/instance-out.sql,1450690.48,272572.03,540.51,249218.65,0.0,177584.03,0.0,135584.8,3.38,0.0,0.0,0.0,66325.43,548861.65,0.0,0.00,540.51,272572.03,0.00,177584.03,0.00
CZ01/Gro&0&cDXHP&Ex&dxHP_equip__pkgEER/NE-dxAC_equip-pkgEER-11.4-IEER-TE-0.80/instance-out.sql,1450722.72,272572.03,572.75,249218.65,0.0,177584.03,0.0,135584.8,3.38,0.0,0.0,0.0,66325.43,548861.65,0.0,0.00,572.75,272572.03,0.00,177584.03,0.00
CZ01/Gro&0&cDXHP&Ex&dxHP_equip__pkgEER/NE-dxAC_equip-pkgEER-12.7-IEER-TE-0.80/instance-out.sql,1450691.74,272572.03,541.77,249218.65,0.0,177584.03,0.0,135584.8,3.38,0.0,0.0,0.0,66325.43,548861.65,0.0,0.00,541.77,272572.03,0.00,177584.03,0.00
CZ01/Gro&0&cDXHP&Ex&dxHP_equip__pkgEER/NE-dxAC_equip-pkgSEER-12.35-SEER2/instance-out.sql,1450684.3,272572.03,534.32,249218.65,0.0,177584.03,0.0,135584.8,3.38,0.0,0.0,0.0,66325.43,548861.65,0.0,0.00,534.32,272572.03,0.00,177584.03,0.00
CZ01/Gro&0&cDXHP&Ex&dxHP_equip__pkgEER/NE-dxHP_equip-pkgEER-14.5-IEER/instance-out.sql,1248505.64,70507.19,420.47,249218.65,0.0,177584.03,0.0,135584.8,3.38,0.0,0.0,0.0,66325.43,548861.69,0.0,70507.19,420.47,0.00,0.00,177584.03,0.00
CZ01/Gro&0&cDXHP&Ex&dxHP_equip__pkgEER/NE-dxHP_equip-pkgEER-15.5-IEER/instance-out.sql,1248489.27,70507.19,404.1,249218.65,0.0,177584.03,0.0,135584.8,3.38,0.0,0.0,0.0,66325.43,548861.69,0.0,70507.19,404.10,0.00,0.00,177584.03,0.00
CZ01/Gro&0&cDXHP&Ex&dxHP_equip__pkgEER/NE-dxHP_equip-pkgEER-13.5-IEER/instance-out.sql,1248522.24,70507.19,437.07,249218.65,0.0,177584.03,0.0,135584.8,3.38,0.0,0.0,0.0,66325.43,548861.69,0.0,70507.19,437.07,0.00,0.00,177584.03,0.00
CZ01/Gro&0&cDXHP&Ex&dxHP_equip__pkgEER/NE-dxHP_equip-pkgEER-14-IEER/instance-out.sql,1248509.94,70507.19,424.77,249218.65,0.0,177584.03,0.0,135584.8,3.38,0.0,0.0,0.0,66325.43,548861.69,0.0,70507.19,424.77,0.00,0.00,177584.03,0.00
CZ01/Gro&0&cDXHP&Ex&dxHP_equip__pkgEER/NE-dxHP_equip-pkgEER-15-IEER/instance-out.sql,1244392.75,66410.67,404.1,249218.65,0.0,177584.03,0.0,135584.8,3.38,0.0,0.0,0.0,66325.43,548861.69,0.0,66410.67,404.10,0.00,0.00,177584.03,0.00
CZ01/Gro&0&cDXHP&Ex&dxHP_equip__pkgEER/NE-dxHP_equip-pkgEER-16-IEER/instance-out.sql,1244371.3399999999,66410.67,382.68,249218.65,0.0,177584.03,0.0,135584.8,3.38,0.0,0.0,0.0,66325.43,548861.69,0.0,66410.67,382.68,0.00,0.00,177584.03,0.00
CZ01/Gro&0&cDXHP&Ex&dxHP_equip__pkgEER/NE-dxHP_equip-pkgSEER-15.4-SEER2/instance-out.sql,1238977.14,61010.2,388.96,249218.65,0.0,177584.03,0.0,135584.8,3.38,0.0,0.0,0.0,66325.43,548861.69,0.0,61010.20,388.96,0.00,0.00,177584.03,0.00
CZ01/Gro&0&cDXHP&Ex&dxHP_equip__pkgEER/NE-dxHP_equip-pkgSEER-16.3-SEER2/instance-out.sql,1237599.1199999999,59646.22,374.91,249218.65,0.0,177584.03,0.0,135584.8,3.38,0.0,0.0,0.0,66325.43,548861.69,0.0,59646.22,374.91,0.00,0.00,177584.03,0.00
CZ01/Gro&0&cDXHP&Ex&dxHP_equip__pkgEER/NE-dxHP_equip-pkgSEER-14.4-SEER2-1Stage/instance-out.sql,1240096.14,62115.04,403.12,249218.65,0.0,177584.03,0.0,135584.8,3.38,0.0,0.0,0.0,66325.43,548861.69,0.0,62115.04,403.12,0.00,0.00,177584.03,0.00
CZ01/Gro&0&cDXHP&Ex&dxHP_equip__pkgEER/NE-dxHP_equip-pkgSEER-14.4-SEER2-2Stage/instance-out.sql,1164892.8699999999,40071.09,413.23,249218.65,0.0,177584.03,0.0,84588.43,3.38,0.0,0.0,0.0,66325.44,546688.61,0.0,40071.09,413.23,0.00,0.00,177584.03,0.00
CZ01/Gro&0&cDXHP&Ex&dxHP_equip__pkgEER/NE-dxHP_equip-spltSEER-14.4-SEER2-8.7-HSPF/instance-out.sql,1238377.46,60396.35,403.12,249218.65,0.0,177584.03,0.0,135584.8,3.38,0.0,0.0,0.0,66325.43,548861.69,0.0,60396.35,403.12,0.00,0.00,177584.03,0.00
CZ01/Gro&0&cDXHP&Ex&dxHP_equip__pkgEER/NE-dxHP_equip-spltSEER-15.4-SEER2-9-HSPF/instance-out.sql,1237613.17,59646.22,388.96,249218.65,0.0,177584.03,0.0,135584.8,3.38,0.0,0.0,0.0,66325.43,548861.69,0.0,59646.22,388.96,0.00,0.00,177584.03,0.00
CZ01/Gro&0&cDXHP&Ex&dxHP_equip__pkgEER/NE-dxHP_equip-spltSEER-16.3-SEER2-9.4-HSPF/instance-out.sql,1236579.75,58626.86,374.91,249218.65,0.0,177584.03,0.0,135584.8,3.38,0.0,0.0,0.0,66325.43,548861.69,0.0,58626.86,374.91,0.00,0.00,177584.03,0.00
CZ01/Gro&0&cDXHP&Ex&dxHP_equip__pkgEER/NE-dxHP_equip-spltSEER-17.3-SEER2-9.7-HSPF/instance-out.sql,1236002.0799999998,58059.88,364.22,249218.65,0.0,177584.03,0.0,135584.8,3.38,0.0,0.0,0.0,66325.43,548861.69,0.0,58059.88,364.22,0.00,0.00,177584.03,0.00
CZ01/Gro&0&cDXHP&Ex&dxHP_equip__pkgEER/NE-dxAC_equip-pkgEER-14.2-IEER-TE-0.81-VarFan/instance-out.sql,1447264.0999999999,269252.76,504.64,249218.65,0.0,177584.03,0.0,135533.08,3.38,0.0,0.0,0.0,66325.43,548842.13,0.0,0.00,504.64,269252.76,0.00,177584.03,0.00
CZ01/Gro&0&cDXHP&Ex&dxHP_equip__pkgEER/NE-dxAC_equip-pkgEER-13.2-IEER-TE-0.81-VarFan/instance-out.sql,1447282.98,269252.76,523.52,249218.65,0.0,177584.03,0.0,135533.08,3.38,0.0,0.0,0.0,66325.43,548842.13,0.0,0.00,523.52,269252.76,0.00,177584.03,0.00
CZ01/Gro&0&cDXHP&Ex&dxHP_equip__pkgEER/NE-dxAC_equip-pkgEER-14.8-IEER-TE-0.81-VarFan/instance-out.sql,1447247.76,269252.76,488.3,249218.65,0.0,177584.03,0.0,135533.08,3.38,0.0,0.0,0.0,66325.43,548842.13,0.0,0.00,488.30,269252.76,0.00,177584.03,0.00
CZ01/Gro&0&cDXHP&Ex&dxHP_equip__pkgEER/NE-dxAC_equip-pkgSEER-13.4-SEER2-VarFan/instance-out.sql,1447273.89,269252.76,514.43,249218.65,0.0,177584.03,0.0,135533.08,3.38,0.0,0.0,0.0,66325.43,548842.13,0.0,0.00,514.43,269252.76,0.00,177584.03,0.00
CZ01/Hsp&0&cDXHP&Ex&dxHP_equip__pkgEER/NE-dxAC_equip-pkgEER-14.2-IEER-TE-0.81/instance-out.sql,3187464.24,316892.65,117991.46,856282.21,0.0,1182847.3,0.0,396809.05,27055.87,0.0,0.0,0.0,289585.7,0.0,0.0,0.00,117991.46,316892.65,0.00,1139112.10,43735.20
CZ01/Hsp&0&cDXHP&Ex&dxHP_equip__pkgEER/NE-dxAC_equip-pkgEER-13.2-IEER-TE-0.81/instance-out.sql,3187556.29,316892.65,118083.51,856282.21,0.0,1182847.3,0.0,396809.05,27055.87,0.0,0.0,0.0,289585.7,0.0,0.0,0.00,118083.51,316892.65,0.00,1139112.10,43735.20
CZ01/Hsp&0&cDXHP&Ex&dxHP_equip__pkgEER/NE-dxAC_equip-pkgEER-14.8-IEER-TE-0.81/instance-out.sql,3187384.63,316892.65,117911.85,856282.21,0.0,1182847.3,0.0,396809.05,27055.87,0.0,0.0,0.0,289585.7,0.0,0.0,0.00,117911.85,316892.65,0.00,1139112.10,43735.20
CZ01/Hsp&0&cDXHP&Ex&dxHP_equip__pkgEER/NE-dxAC_equip-pkgSEER-13.4-SEER2/instance-out.sql,3187511.95,316892.65,118039.18,856282.21,0.0,1182847.3,0.0,396809.05,27055.87,0.0,0.0,0.0,289585.7,0.0,0.0,0.00,118039.18,316892.65,0.00,1139112.10,43735.20
CZ01/Hsp&0&cDXHP&Ex&dxHP_equip__pkgEER/NE-dxAC_equip-pkgEER-12.2-IEER-TE-0.80/instance-out.sql,3188118.09,317372.12,118165.85,856282.21,0.0,1182847.3,0.0,396809.05,27055.87,0.0,0.0,0.0,289585.7,0.0,0.0,0.00,118165.85,317372.12,0.00,1139112.10,43735.20
CZ01/Hsp&0&cDXHP&Ex&dxHP_equip__pkgEER/NE-dxAC_equip-pkgEER-11.4-IEER-TE-0.80/instance-out.sql,3188275.2,317372.12,118322.96,856282.21,0.0,1182847.3,0.0,396809.05,27055.87,0.0,0.0,0.0,289585.7,0.0,0.0,0.00,118322.96,317372.12,0.00,1139112.10,43735.20
CZ01/Hsp&0&cDXHP&Ex&dxHP_equip__pkgEER/NE-dxAC_equip-pkgEER-12.7-IEER-TE-0.80/instance-out.sql,3188124.22,317372.12,118171.97,856282.21,0.0,1182847.3,0.0,396809.05,27055.87,0.0,0.0,0.0,289585.7,0.0,0.0,0.00,118171.97,317372.12,0.00,1139112.10,43735.20
CZ01/Hsp&0&cDXHP&Ex&dxHP_equip__pkgEER/NE-dxAC_equip-pkgSEER-12.35-SEER2/instance-out.sql,3188087.96,317372.12,118135.72,856282.21,0.0,1182847.3,0.0,396809.05,27055.87,0.0,0.0,0.0,289585.7,0.0,0.0,0.00,118135.72,317372.12,0.00,1139112.10,43735.20
CZ01/Hsp&0&cDXHP&Ex&dxHP_equip__pkgEER/NE-dxHP_equip-pkgEER-14.5-IEER/instance-out.sql,3159782.1900000004,289349.24,117850.98,856282.21,0.0,1182847.3,0.0,396810.9,27055.87,0.0,0.0,0.0,289585.7,0.0,0.0,10799.88,117850.98,278549.36,0.00,1139112.10,43735.20
CZ01/Hsp&0&cDXHP&Ex&dxHP_equip__pkgEER/NE-dxHP_equip-pkgEER-15.5-IEER/instance-out.sql,3159703.54,289349.24,117772.33,856282.21,0.0,1182847.3,0.0,396810.9,27055.87,0.0,0.0,0.0,289585.7,0.0,0.0,10799.88,117772.33,278549.36,0.00,1139112.10,43735.20
CZ01/Hsp&0&cDXHP&Ex&dxHP_equip__pkgEER/NE-dxHP_equip-pkgEER-13.5-IEER/instance-out.sql,3159861.9400000004,289349.24,117930.72,856282.21,0.0,1182847.3,0.0,396810.9,27055.87,0.0,0.0,0.0,289585.7,0.0,0.0,10799.88,117930.72,278549.36,0.00,1139112.10,43735.20
CZ01/Hsp&0&cDXHP&Ex&dxHP_equip__pkgEER/NE-dxHP_equip-pkgEER-14-IEER/instance-out.sql,3159802.8600000003,289349.24,117871.64,856282.21,0.0,1182847.3,0.0,396810.9,27055.87,0.0,0.0,0.0,289585.7,0.0,0.0,10799.88,117871.64,278549.36,0.00,1139112.10,43735.20
CZ01/Hsp&0&cDXHP&Ex&dxHP_equip__pkgEER/NE-dxHP_equip-pkgEER-15-IEER/instance-out.sql,3159083.8099999996,288729.51,117772.33,856282.21,0.0,1182847.3,0.0,396810.9,27055.87,0.0,0.0,0.0,289585.7,0.0,0.0,10180.15,117772.33,278549.36,0.00,1139112.10,43735.20
CZ01/Hsp&0&cDXHP&Ex&dxHP_equip__pkgEER/NE-dxHP_equip-pkgEER-16-IEER/instance-out.sql,3158980.91,288729.51,117669.43,856282.21,0.0,1182847.3,0.0,396810.9,27055.87,0.0,0.0,0.0,289585.7,0.0,0.0,10180.15,117669.43,278549.36,0.00,1139112.10,43735.20
CZ01/Hsp&0&cDXHP&Ex&dxHP_equip__pkgEER/NE-dxHP_equip-pkgSEER-15.4-SEER2/instance-out.sql,3158194.0700000003,287912.51999999996,117699.57,856282.21,0.0,1182847.3,0.0,396810.9,27055.87,0.0,0.0,0.0,289585.7,0.0,0.0,9363.16,117699.57,278549.36,0.00,1139112.10,43735.20
CZ01/Hsp&0&cDXHP&Ex&dxHP_equip__pkgEER/NE-dxHP_equip-pkgSEER-16.3-SEER2/instance-out.sql,3157920.2199999997,287706.17,117632.07,856282.21,0.0,1182847.3,0.0,396810.9,27055.87,0.0,0.0,0.0,289585.7,0.0,0.0,9156.81,117632.07,278549.36,0.00,1139112.10,43735.20
CZ01/Hsp&0&cDXHP&Ex&dxHP_equip__pkgEER/NE-dxHP_equip-pkgSEER-14.4-SEER2-1Stage/instance-out.sql,3158429.25,288079.66,117767.61,856282.21,0.0,1182847.3,0.0,396810.9,27055.87,0.0,0.0,0.0,289585.7,0.0,0.0,9530.30,117767.61,278549.36,0.00,1139112.10,43735.20
CZ01/Hsp&0&cDXHP&Ex&dxHP_equip__pkgEER/NE-dxHP_equip-pkgSEER-14.4-SEER2-2Stage/instance-out.sql,3054801.29,289934.7,118314.62,856282.21,0.0,1182847.3,0.0,290850.02,27008.98,0.0,0.0,0.0,289563.46,0.0,0.0,7068.56,118314.62,282866.14,0.00,1139112.10,43735.20
CZ01/Hsp&0&cDXHP&Ex&dxHP_equip__pkgEER/NE-dxHP_equip-spltSEER-14.4-SEER2-8.7-HSPF/instance-out.sql,3158169.24,287819.64999999997,117767.61,856282.21,0.0,1182847.3,0.0,396810.9,27055.87,0.0,0.0,0.0,289585.7,0.0,0.0,9270.29,117767.61,278549.36,0.00,1139112.10,43735.20
CZ01/Hsp&0&cDXHP&Ex&dxHP_equip__pkgEER/NE-dxHP_equip-spltSEER-15.4-SEER2-9-HSPF/instance-out.sql,3157987.7199999997,287706.17,117699.57,856282.21,0.0,1182847.3,0.0,396810.9,27055.87,0.0,0.0,0.0,289585.7,0.0,0.0,9156.81,117699.57,278549.36,0.00,1139112.10,43735.20
CZ01/Hsp&0&cDXHP&Ex&dxHP_equip__pkgEER/NE-dxHP_equip-spltSEER-16.3-SEER2-9.4-HSPF/instance-out.sql,3157766.01,287551.95999999996,117632.07,856282.21,0.0,1182847.3,0.0,396810.9,27055.87,0.0,0.0,0.0,289585.7,0.0,0.0,9002.60,117632.07,278549.36,0.00,1139112.10,43735.20
CZ01/Hsp&0&cDXHP&Ex&dxHP_equip__pkgEER/NE-dxHP_equip-spltSEER-17.3-SEER2-9.7-HSPF/instance-out.sql,3157628.88,287466.19,117580.72,856282.21,0.0,1182847.3,0.0,396810.9,27055.87,0.0,0.0,0.0,289585.7,0.0,0.0,8916.83,117580.72,278549.36,0.00,1139112.10,43735.20
CZ01/MBT&0&cDXHP&Ex&dxHP_equip__pkgEER/NE-dxAC_equip-pkgEER-14.2-IEER-TE-0.81/instance-out.sql,8193191.14,4133507.54,27796.35,709539.71,0.0,2167645.51,0.0,962211.96,580.78,0.0,0.0,0.0,191909.28,0.0,0.0,0.00,27796.35,4133507.54,0.00,1394057.91,773587.60
CZ01/MBT&0&cDXHP&Ex&dxHP_equip__pkgEER/NE-dxAC_equip-pkgEER-13.2-IEER-TE-0.81/instance-out.sql,8193281.4399999995,4133507.54,27886.65,709539.71,0.0,2167645.51,0.0,962211.96,580.78,0.0,0.0,0.0,191909.28,0.0,0.0,0.00,27886.65,4133507.54,0.00,1394057.91,773587.60
CZ01/MBT&0&cDXHP&Ex&dxHP_equip__pkgEER/NE-dxAC_equip-pkgEER-14.8-IEER-TE-0.81/instance-out.sql,8193113.05,4133507.54,27718.26,709539.71,0.0,2167645.51,0.0,962211.96,580.78,0.0,0.0,0.0,191909.28,0.0,0.0,0.00,27718.26,4133507.54,0.00,1394057.91,773587.60
CZ01/MBT&0&cDXHP&Ex&dxHP_equip__pkgEER/NE-dxAC_equip-pkgSEER-13.4-SEER2/instance-out.sql,8193237.9399999995,4133507.54,27843.15,709539.71,0.0,2167645.51,0.0,962211.96,580.78,0.0,0.0,0.0,191909.28,0.0,0.0,0.00,27843.15,4133507.54,0.00,1394057.91,773587.60
CZ01/MBT&0&cDXHP&Ex&dxHP_equip__pkgEER/NE-dxAC_equip-pkgEER-12.2-IEER-TE-0.80/instance-out.sql,8195523.85,4135669.19,27967.41,709539.71,0.0,2167645.51,0.0,962211.96,580.78,0.0,0.0,0.0,191909.28,0.0,0.0,0.00,27967.41,4135669.19,0.00,1394057.91,773587.60
CZ01/MBT&0&cDXHP&Ex&dxHP_equip__pkgEER/NE-dxAC_equip-pkgEER-11.4-IEER-TE-0.80/instance-out.sql,8195677.96,4135669.19,28121.52,709539.71,0.0,2167645.51,0.0,962211.96,580.78,0.0,0.0,0.0,191909.28,0.0,0.0,0.00,28121.52,4135669.19,0.00,1394057.91,773587.60
CZ01/MBT&0&cDXHP&Ex&dxHP_equip__pkgEER/NE-dxAC_equip-pkgEER-12.7-IEER-TE-0.80/instance-out.sql,8195529.859999999,4135669.19,27973.42,709539.71,0.0,2167645.51,0.0,962211.96,580.78,0.0,0.0,0.0,191909.28,0.0,0.0,0.00,27973.42,4135669.19,0.00,1394057.91,773587.60
CZ01/MBT&0&cDXHP&Ex&dxHP_equip__pkgEER/NE-dxAC_equip-pkgSEER-12.35-SEER2/instance-out.sql,8195494.29,4135669.19,27937.85,709539.71,0.0,2167645.51,0.0,962211.96,580.78,0.0,0.0,0.0,191909.28,0.0,0.0,0.00,27937.85,4135669.19,0.00,1394057.91,773587.60
CZ01/MBT&0&cDXHP&Ex&dxHP_equip__pkgEER/NE-dxHP_equip-pkgEER-14.5-IEER/instance-out.sql,8067005.4799999995,4007453.9200000004,27664.32,709539.71,0.0,2167645.51,0.0,962211.96,580.78,0.0,0.0,0.0,191909.28,0.0,0.0,46876.24,27664.32,3960577.68,0.00,1394057.91,773587.60
CZ01/MBT&0&cDXHP&Ex&dxHP_equip__pkgEER/NE-dxHP_equip-pkgEER-15.5-IEER/instance-out.sql,8066928.66,4007453.9200000004,27587.5,709539.71,0.0,2167645.51,0.0,962211.96,580.78,0.0,0.0,0.0,191909.28,0.0,0.0,46876.24,27587.50,3960577.68,0.00,1394057.91,773587.60
CZ01/MBT&0&cDXHP&Ex&dxHP_equip__pkgEER/NE-dxHP_equip-pkgEER-13.5-IEER/instance-out.sql,8067083.379999999,4007453.9200000004,27742.22,709539.71,0.0,2167645.51,0.0,962211.96,580.78,0.0,0.0,0.0,191909.28,0.0,0.0,46876.24,27742.22,3960577.68,0.00,1394057.91,773587.60
CZ01/MBT&0&cDXHP&Ex&dxHP_equip__pkgEER/NE-dxHP_equip-pkgEER-14-IEER/instance-out.sql,8067025.67,4007453.9200000004,27684.51,709539.71,0.0,2167645.51,0.0,962211.96,580.78,0.0,0.0,0.0,191909.28,0.0,0.0,46876.24,27684.51,3960577.68,0.00,1394057.91,773587.60
CZ01/MBT&0&cDXHP&Ex&dxHP_equip__pkgEER/NE-dxHP_equip-pkgEER-15-IEER/instance-out.sql,8064212.27,4004737.5300000003,27587.5,709539.71,0.0,2167645.51,0.0,962211.96,580.78,0.0,0.0,0.0,191909.28,0.0,0.0,44159.85,27587.50,3960577.68,0.00,1394057.91,773587.60
CZ01/MBT&0&cDXHP&Ex&dxHP_equip__pkgEER/NE-dxHP_equip-pkgEER-16-IEER/instance-out.sql,8064111.76,4004737.5300000003,27486.99,709539.71,0.0,2167645.51,0.0,962211.96,580.78,0.0,0.0,0.0,191909.28,0.0,0.0,44159.85,27486.99,3960577.68,0.00,1394057.91,773587.60
CZ01/MBT&0&cDXHP&Ex&dxHP_equip__pkgEER/NE-dxHP_equip-pkgSEER-15.4-SEER2/instance-out.sql,8060560.16,4001156.49,27516.43,709539.71,0.0,2167645.51,0.0,962211.96,580.78,0.0,0.0,0.0,191909.28,0.0,0.0,40578.81,27516.43,3960577.68,0.00,1394057.91,773587.60
CZ01/MBT&0&cDXHP&Ex&dxHP_equip__pkgEER/NE-dxHP_equip-pkgSEER-16.3-SEER2/instance-out.sql,8059589.789999999,4000252.0500000003,27450.5,709539.71,0.0,2167645.51,0.0,962211.96,580.78,0.0,0.0,0.0,191909.28,0.0,0.0,39674.37,27450.50,3960577.68,0.00,1394057.91,773587.60
CZ01/MBT&0&cDXHP&Ex&dxHP_equip__pkgEER/NE-dxHP_equip-pkgSEER-14.4-SEER2-1Stage/instance-out.sql,8061359.24,4001889.1100000003,27582.9,709539.71,0.0,2167645.51,0.0,962211.96,580.78,0.0,0.0,0.0,191909.28,0.0,0.0,41311.43,27582.90,3960577.68,0.00,1394057.91,773587.60
CZ01/MBT&0&cDXHP&Ex&dxHP_equip__pkgEER/NE-dxHP_equip-pkgSEER-14.4-SEER2-2Stage/instance-out.sql,7934615.44,3988767.98,28472.82,709539.71,0.0,2167645.51,0.0,847699.34,580.59,0.0,0.0,0.0,191909.49,0.0,0.0,23831.33,28472.82,3964936.65,0.00,1394057.91,773587.60
CZ01/MBT&0&cDXHP&Ex&dxHP_equip__pkgEER/NE-dxHP_equip-spltSEER-14.4-SEER2-8.7-HSPF/instance-out.sql,8060219.59,4000749.45,27582.9,709539.71,0.0,2167645.51,0.0,962211.96,580.78,0.0,0.0,0.0,191909.28,0.0,0.0,40171.77,27582.90,3960577.68,0.00,1394057.91,773587.60
CZ01/MBT&0&cDXHP&Ex&dxHP_equip__pkgEER/NE-dxHP_equip-spltSEER-15.4-SEER2-9-HSPF/instance-out.sql,8059655.72,4000252.0500000003,27516.43,709539.71,0.0,2167645.51,0.0,962211.96,580.78,0.0,0.0,0.0,191909.28,0.0,0.0,39674.37,27516.43,3960577.68,0.00,1394057.91,773587.60
CZ01/MBT&0&cDXHP&Ex&dxHP_equip__pkgEER/NE-dxHP_equip-spltSEER-16.3-SEER2-9.4-HSPF/instance-out.sql,8058913.85,3999576.1100000003,27450.5,709539.71,0.0,2167645.51,0.0,962211.96,580.78,0.0,0.0,0.0,191909.28,0.0,0.0,38998.43,27450.50,3960577.68,0.00,1394057.91,773587.60
CZ01/MBT&0&cDXHP&Ex&dxHP_equip__pkgEER/NE-dxHP_equip-spltSEER-17.3-SEER2-9.7-HSPF/instance-out.sql,8058487.72,3999200.14,27400.34,709539.71,0.0,2167645.51,0.0,962211.96,580.78,0.0,0.0,0.0,191909.28,0.0,0.0,38622.46,27400.34,3960577.68,0.00,1394057.91,773587.60
CZ01/MLI&0&cDXHP&Ex&dxHP_equip__pkgEER/NE-dxAC_equip-pkgEER-14.2-IEER-TE-0.81/instance-out.sql,1104015.1,208669.25,1540.61,283149.19,0.0,239893.0,0.0,317663.51,3.37,0.0,0.0,0.0,53096.18,0.0,0.0,0.00,1540.61,208669.25,0.00,239893.00,0.00
CZ01/MLI&0&cDXHP&Ex&dxHP_equip__pkgEER/NE-dxAC_equip-pkgEER-13.2-IEER-TE-0.81/instance-out.sql,1104083.1,208669.25,1608.61,283149.19,0.0,239893.0,0.0,317663.51,3.37,0.0,0.0,0.0,53096.18,0.0,0.0,0.00,1608.61,208669.25,0.00,239893.00,0.00
CZ01/MLI&0&cDXHP&Ex&dxHP_equip__pkgEER/NE-dxAC_equip-pkgEER-14.8-IEER-TE-0.81/instance-out.sql,1103956.28,208669.25,1481.79,283149.19,0.0,239893.0,0.0,317663.51,3.37,0.0,0.0,0.0,53096.18,0.0,0.0,0.00,1481.79,208669.25,0.00,239893.00,0.00
CZ01/MLI&0&cDXHP&Ex&dxHP_equip__pkgEER/NE-dxAC_equip-pkgSEER-13.4-SEER2/instance-out.sql,1104050.34,208669.25,1575.85,283149.19,0.0,239893.0,0.0,317663.51,3.37,0.0,0.0,0.0,53096.18,0.0,0.0,0.00,1575.85,208669.25,0.00,239893.00,0.00
CZ01/MLI&0&cDXHP&Ex&dxHP_equip__pkgEER/NE-dxAC_equip-pkgEER-12.2-IEER-TE-0.80/instance-out.sql,1106752.29,211277.61,1669.43,283149.19,0.0,239893.0,0.0,317663.51,3.37,0.0,0.0,0.0,53096.18,0.0,0.0,0.00,1669.43,211277.61,0.00,239893.00,0.00
CZ01/MLI&0&cDXHP&Ex&dxHP_equip__pkgEER/NE-dxAC_equip-pkgEER-11.4-IEER-TE-0.80/instance-out.sql,1106868.3599999999,211277.61,1785.5,283149.19,0.0,239893.0,0.0,317663.51,3.37,0.0,0.0,0.0,53096.18,0.0,0.0,0.00,1785.50,211277.61,0.00,239893.00,0.00
CZ01/MLI&0&cDXHP&Ex&dxHP_equip__pkgEER/NE-dxAC_equip-pkgEER-12.7-IEER-TE-0.80/instance-out.sql,1106756.82,211277.61,1673.96,283149.19,0.0,239893.0,0.0,317663.51,3.37,0.0,0.0,0.0,53096.18,0.0,0.0,0.00,1673.96,211277.61,0.00,239893.00,0.00
CZ01/MLI&0&cDXHP&Ex&dxHP_equip__pkgEER/NE-dxAC_equip-pkgSEER-12.35-SEER2/instance-out.sql,1106730.04,211277.61,1647.17,283149.19,0.0,239893.0,0.0,317663.51,3.37,0.0,0.0,0.0,53096.18,0.0,0.0,0.00,1647.17,211277.61,0.00,239893.00,0.00
CZ01/MLI&0&cDXHP&Ex&dxHP_equip__pkgEER/NE-dxHP_equip-pkgEER-14.5-IEER/instance-out.sql,952374.52,57061.45,1507.82,283149.19,0.0,239893.0,0.0,317663.51,3.37,0.0,0.0,0.0,53096.18,0.0,0.0,57061.45,1507.82,0.00,0.00,239893.00,0.00
CZ01/MLI&0&cDXHP&Ex&dxHP_equip__pkgEER/NE-dxHP_equip-pkgEER-15.5-IEER/instance-out.sql,952315.8200000001,57061.45,1449.12,283149.19,0.0,239893.0,0.0,317663.51,3.37,0.0,0.0,0.0,53096.18,0.0,0.0,57061.45,1449.12,0.00,0.00,239893.00,0.00
CZ01/MLI&0&cDXHP&Ex&dxHP_equip__pkgEER/NE-dxHP_equip-pkgEER-13.5-IEER/instance-out.sql,952434.04,57061.45,1567.33,283149.19,0.0,239893.0,0.0,317663.51,3.37,0.0,0.0,0.0,53096.18,0.0,0.0,57061.45,1567.33,0.00,0.00,239893.00,0.00
CZ01/MLI&0&cDXHP&Ex&dxHP_equip__pkgEER/NE-dxHP_equip-pkgEER-14-IEER/instance-out.sql,952389.9400000001,57061.45,1523.24,283149.19,0.0,239893.0,0.0,317663.51,3.37,0.0,0.0,0.0,53096.18,0.0,0.0,57061.45,1523.24,0.00,0.00,239893.00,0.00
CZ01/MLI&0&cDXHP&Ex&dxHP_equip__pkgEER/NE-dxHP_equip-pkgEER-15-IEER/instance-out.sql,949002.16,53747.8,1449.12,283149.19,0.0,239893.0,0.0,317663.51,3.37,0.0,0.0,0.0,53096.18,0.0,0.0,53747.80,1449.12,0.00,0.00,239893.00,0.00
CZ01/MLI&0&cDXHP&Ex&dxHP_equip__pkgEER/NE-dxHP_equip-pkgEER-16-IEER/instance-out.sql,948925.37,53747.8,1372.32,283149.19,0.0,239893.0,0.0,317663.51,3.37,0.0,0.0,0.0,53096.18,0.0,0.0,53747.80,1372.32,0.00,0.00,239893.00,0.00
CZ01/MLI&0&cDXHP&Ex&dxHP_equip__pkgEER/NE-dxHP_equip-pkgSEER-15.4-SEER2/instance-out.sql,944579.4500000001,49379.38,1394.82,283149.19,0.0,239893.0,0.0,317663.51,3.37,0.0,0.0,0.0,53096.18,0.0,0.0,49379.38,1394.82,0.00,0.00,239893.00,0.00
CZ01/MLI&0&cDXHP&Ex&dxHP_equip__pkgEER/NE-dxHP_equip-pkgSEER-16.3-SEER2/instance-out.sql,943425.76,48276.07,1344.44,283149.19,0.0,239893.0,0.0,317663.51,3.37,0.0,0.0,0.0,53096.18,0.0,0.0,48276.07,1344.44,0.00,0.00,239893.00,0.00
CZ01/MLI&0&cDXHP&Ex&dxHP_equip__pkgEER/NE-dxHP_equip-pkgSEER-14.4-SEER2-1Stage/instance-out.sql,945523.93,50273.08,1445.6,283149.19,0.0,239893.0,0.0,317663.51,3.37,0.0,0.0,0.0,53096.18,0.0,0.0,50273.08,1445.60,0.00,0.00,239893.00,0.00
CZ01/MLI&0&cDXHP&Ex&dxHP_equip__pkgEER/NE-dxHP_equip-pkgSEER-14.4-SEER2-2Stage/instance-out.sql,800420.08,40455.22,1624.74,283149.19,0.0,239893.0,0.0,182198.36,3.37,0.0,0.0,0.0,53096.21,0.0,0.0,40455.22,1624.74,0.00,0.00,239893.00,0.00
CZ01/MLI&0&cDXHP&Ex&dxHP_equip__pkgEER/NE-dxHP_equip-spltSEER-14.4-SEER2-8.7-HSPF/instance-out.sql,944133.6900000001,48882.84,1445.6,283149.19,0.0,239893.0,0.0,317663.51,3.37,0.0,0.0,0.0,53096.18,0.0,0.0,48882.84,1445.60,0.00,0.00,239893.00,0.00
CZ01/MLI&0&cDXHP&Ex&dxHP_equip__pkgEER/NE-dxHP_equip-spltSEER-15.4-SEER2-9-HSPF/instance-out.sql,943476.13,48276.07,1394.82,283149.19,0.0,239893.0,0.0,317663.51,3.37,0.0,0.0,0.0,53096.18,0.0,0.0,48276.07,1394.82,0.00,0.00,239893.00,0.00
CZ01/MLI&0&cDXHP&Ex&dxHP_equip__pkgEER/NE-dxHP_equip-spltSEER-16.3-SEER2-9.4-HSPF/instance-out.sql,942601.2000000001,47451.5,1344.44,283149.19,0.0,239893.0,0.0,317663.51,3.37,0.0,0.0,0.0,53096.18,0.0,0.0,47451.50,1344.44,0.00,0.00,239893.00,0.00
CZ01/MLI&0&cDXHP&Ex&dxHP_equip__pkgEER/NE-dxHP_equip-spltSEER-17.3-SEER2-9.7-HSPF/instance-out.sql,942104.2400000001,46992.88,1306.11,283149.19,0.0,239893.0,0.0,317663.51,3.37,0.0,0.0,0.0,53096.18,0.0,0.0,46992.88,1306.11,0.00,0.00,239893.00,0.00
CZ01/Mtl&0&cDXHP&Ex&dxHP_equip__pkgEER/NE-dxAC_equip-pkgEER-14.2-IEER-TE-0.81/instance-out.sql,166315.73,34342.59,1831.14,51285.47,0.0,22443.33,0.0,48528.52,3.36,0.0,0.0,0.0,7881.3,0.0,0.0,0.00,1831.14,34342.59,0.00,22191.36,251.97
CZ01/Mtl&0&cDXHP&Ex&dxHP_equip__pkgEER/NE-dxAC_equip-pkgEER-13.2-IEER-TE-0.81/instance-out.sql,166347.6,34342.59,1863.01,51285.47,0.0,22443.33,0.0,48528.52,3.36,0.0,0.0,0.0,7881.3,0.0,0.0,0.00,1863.01,34342.59,0.00,22191.36,251.97
CZ01/Mtl&0&cDXHP&Ex&dxHP_equip__pkgEER/NE-dxAC_equip-pkgEER-14.8-IEER-TE-0.81/instance-out.sql,166288.16,34342.59,1803.57,51285.47,0.0,22443.33,0.0,48528.52,3.36,0.0,0.0,0.0,7881.3,0.0,0.0,0.00,1803.57,34342.59,0.00,22191.36,251.97
CZ01/Mtl&0&cDXHP&Ex&dxHP_equip__pkgEER/NE-dxAC_equip-pkgSEER-13.4-SEER2/instance-out.sql,166332.25,34342.59,1847.66,51285.47,0.0,22443.33,0.0,48528.52,3.36,0.0,0.0,0.0,7881.3,0.0,0.0,0.00,1847.66,34342.59,0.00,22191.36,251.97
CZ01/Mtl&0&cDXHP&Ex&dxHP_equip__pkgEER/NE-dxAC_equip-pkgEER-12.2-IEER-TE-0.80/instance-out.sql,166797.56,34764.04,1891.52,51285.47,0.0,22443.33,0.0,48528.52,3.36,0.0,0.0,0.0,7881.3,0.0,0.0,0.00,1891.52,34764.04,0.00,22191.36,251.97
CZ01/Mtl&0&cDXHP&Ex&dxHP_equip__pkgEER/NE-dxAC_equip-pkgEER-11.4-IEER-TE-0.80/instance-out.sql,166851.95,34764.04,1945.91,51285.47,0.0,22443.33,0.0,48528.52,3.36,0.0,0.0,0.0,7881.3,0.0,0.0,0.00,1945.91,34764.04,0.00,22191.36,251.97
CZ01/Mtl&0&cDXHP&Ex&dxHP_equip__pkgEER/NE-dxAC_equip-pkgEER-12.7-IEER-TE-0.80/instance-out.sql,166799.68,34764.04,1893.64,51285.47,0.0,22443.33,0.0,48528.52,3.36,0.0,0.0,0.0,7881.3,0.0,0.0,0.00,1893.64,34764.04,0.00,22191.36,251.97
CZ01/Mtl&0&cDXHP&Ex&dxHP_equip__pkgEER/NE-dxAC_equip-pkgSEER-12.35-SEER2/instance-out.sql,166787.12,34764.04,1881.08,51285.47,0.0,22443.33,0.0,48528.52,3.36,0.0,0.0,0.0,7881.3,0.0,0.0,0.00,1881.08,34764.04,0.00,22191.36,251.97
CZ01/Mtl&0&cDXHP&Ex&dxHP_equip__pkgEER/NE-dxHP_equip-pkgEER-14.5-IEER/instance-out.sql,141791.1,9993.480000000001,1655.92,51285.47,0.0,22443.33,0.0,48528.23,3.36,0.0,0.0,0.0,7881.3,0.0,0.0,9366.87,1655.92,626.61,0.00,22191.36,251.97
CZ01/Mtl&0&cDXHP&Ex&dxHP_equip__pkgEER/NE-dxHP_equip-pkgEER-15.5-IEER/instance-out.sql,141764.26,9993.480000000001,1629.08,51285.47,0.0,22443.33,0.0,48528.23,3.36,0.0,0.0,0.0,7881.3,0.0,0.0,9366.87,1629.08,626.61,0.00,22191.36,251.97
CZ01/Mtl&0&cDXHP&Ex&dxHP_equip__pkgEER/NE-dxHP_equip-pkgEER-13.5-IEER/instance-out.sql,141818.32,9993.480000000001,1683.14,51285.47,0.0,22443.33,0.0,48528.23,3.36,0.0,0.0,0.0,7881.3,0.0,0.0,9366.87,1683.14,626.61,0.00,22191.36,251.97
CZ01/Mtl&0&cDXHP&Ex&dxHP_equip__pkgEER/NE-dxHP_equip-pkgEER-14-IEER/instance-out.sql,141798.16,9993.480000000001,1662.98,51285.47,0.0,22443.33,0.0,48528.23,3.36,0.0,0.0,0.0,7881.3,0.0,0.0,9366.87,1662.98,626.61,0.00,22191.36,251.97
CZ01/Mtl&0&cDXHP&Ex&dxHP_equip__pkgEER/NE-dxHP_equip-pkgEER-15-IEER/instance-out.sql,141228.85,9458.07,1629.08,51285.47,0.0,22443.33,0.0,48528.23,3.36,0.0,0.0,0.0,7881.3,0.0,0.0,8831.46,1629.08,626.61,0.00,22191.36,251.97
CZ01/Mtl&0&cDXHP&Ex&dxHP_equip__pkgEER/NE-dxHP_equip-pkgEER-16-IEER/instance-out.sql,141193.73,9458.07,1593.96,51285.47,0.0,22443.33,0.0,48528.23,3.36,0.0,0.0,0.0,7881.3,0.0,0.0,8831.46,1593.96,626.61,0.00,22191.36,251.97
CZ01/Mtl&0&cDXHP&Ex&dxHP_equip__pkgEER/NE-dxHP_equip-pkgSEER-15.4-SEER2/instance-out.sql,140498.18,8752.23,1604.25,51285.47,0.0,22443.33,0.0,48528.23,3.36,0.0,0.0,0.0,7881.3,0.0,0.0,8125.62,1604.25,626.61,0.00,22191.36,251.97
CZ01/Mtl&0&cDXHP&Ex&dxHP_equip__pkgEER/NE-dxHP_equip-pkgSEER-16.3-SEER2/instance-out.sql,140296.87,8573.95,1581.21,51285.47,0.0,22443.33,0.0,48528.23,3.36,0.0,0.0,0.0,7881.3,0.0,0.0,7947.34,1581.21,626.61,0.00,22191.36,251.97
CZ01/Mtl&0&cDXHP&Ex&dxHP_equip__pkgEER/NE-dxHP_equip-pkgSEER-14.4-SEER2-1Stage/instance-out.sql,140665.80000000002,8896.630000000001,1627.47,51285.47,0.0,22443.33,0.0,48528.23,3.36,0.0,0.0,0.0,7881.3,0.0,0.0,8270.02,1627.47,626.61,0.00,22191.36,251.97
CZ01/Mtl&0&cDXHP&Ex&dxHP_equip__pkgEER/NE-dxHP_equip-pkgSEER-14.4-SEER2-2Stage/instance-out.sql,118361.9,6523.75,1828.21,51285.47,0.0,22443.33,0.0,28396.39,3.36,0.0,0.0,0.0,7881.37,0.0,0.0,5871.92,1828.21,651.83,0.00,22191.36,251.97
CZ01/Mtl&0&cDXHP&Ex&dxHP_equip__pkgEER/NE-dxHP_equip-spltSEER-14.4-SEER2-8.7-HSPF/instance-out.sql,140441.17,8672.0,1627.47,51285.47,0.0,22443.33,0.0,48528.23,3.36,0.0,0.0,0.0,7881.3,0.0,0.0,8045.39,1627.47,626.61,0.00,22191.36,251.97
CZ01/Mtl&0&cDXHP&Ex&dxHP_equip__pkgEER/NE-dxHP_equip-spltSEER-15.4-SEER2-9-HSPF/instance-out.sql,140319.9,8573.95,1604.25,51285.47,0.0,22443.33,0.0,48528.23,3.36,0.0,0.0,0.0,7881.3,0.0,0.0,7947.34,1604.25,626.61,0.00,22191.36,251.97
CZ01/Mtl&0&cDXHP&Ex&dxHP_equip__pkgEER/NE-dxHP_equip-spltSEER-16.3-SEER2-9.4-HSPF/instance-out.sql,140163.64,8440.72,1581.21,51285.47,0.0,22443.33,0.0,48528.23,3.36,0.0,0.0,0.0,7881.3,0.0,0.0,7814.11,1581.21,626.61,0.00,22191.36,251.97
CZ01/Mtl&0&cDXHP&Ex&dxHP_equip__pkgEER/NE-dxHP_equip-spltSEER-17.3-SEER2-9.7-HSPF/instance-out.sql,140072.0,8366.62,1563.69,51285.47,0.0,22443.33,0.0,48528.23,3.36,0.0,0.0,0.0,7881.3,0.0,0.0,7740.01,1563.69,626.61,0.00,22191.36,251.97
CZ01/Nrs&0&cDXHP&Ex&dxHP_equip__pkgEER/NE-dxAC_equip-pkgEER-14.2-IEER-TE-0.81/instance-out.sql,928869.51,98111.16,20525.48,200868.06,0.0,347425.87,0.0,131745.14,31.83,0.0,0.0,0.0,130161.97,0.0,0.0,0.00,20525.48,98111.16,0.00,281574.59,65851.28
CZ01/Nrs&0&cDXHP&Ex&dxHP_equip__pkgEER/NE-dxAC_equip-pkgEER-13.2-IEER-TE-0.81/instance-out.sql,928914.6299999999,98111.16,20570.6,200868.06,0.0,347425.87,0.0,131745.14,31.83,0.0,0.0,0.0,130161.97,0.0,0.0,0.00,20570.60,98111.16,0.00,281574.59,65851.28
CZ01/Nrs&0&cDXHP&Ex&dxHP_equip__pkgEER/NE-dxAC_equip-pkgEER-14.8-IEER-TE-0.81/instance-out.sql,928830.48,98111.16,20486.45,200868.06,0.0,347425.87,0.0,131745.14,31.83,0.0,0.0,0.0,130161.97,0.0,0.0,0.00,20486.45,98111.16,0.00,281574.59,65851.28
CZ01/Nrs&0&cDXHP&Ex&dxHP_equip__pkgEER/NE-dxAC_equip-pkgSEER-13.4-SEER2/instance-out.sql,928892.8999999999,98111.16,20548.87,200868.06,0.0,347425.87,0.0,131745.14,31.83,0.0,0.0,0.0,130161.97,0.0,0.0,0.00,20548.87,98111.16,0.00,281574.59,65851.28
CZ01/Nrs&0&cDXHP&Ex&dxHP_equip__pkgEER/NE-dxAC_equip-pkgEER-12.2-IEER-TE-0.80/instance-out.sql,929416.48,98572.65,20610.97,200868.06,0.0,347425.87,0.0,131745.14,31.83,0.0,0.0,0.0,130161.97,0.0,0.0,0.00,20610.97,98572.65,0.00,281574.59,65851.28
CZ01/Nrs&0&cDXHP&Ex&dxHP_equip__pkgEER/NE-dxAC_equip-pkgEER-11.4-IEER-TE-0.80/instance-out.sql,929493.5,98572.65,20687.99,200868.06,0.0,347425.87,0.0,131745.14,31.83,0.0,0.0,0.0,130161.97,0.0,0.0,0.00,20687.99,98572.65,0.00,281574.59,65851.28
CZ01/Nrs&0&cDXHP&Ex&dxHP_equip__pkgEER/NE-dxAC_equip-pkgEER-12.7-IEER-TE-0.80/instance-out.sql,929419.48,98572.65,20613.97,200868.06,0.0,347425.87,0.0,131745.14,31.83,0.0,0.0,0.0,130161.97,0.0,0.0,0.00,20613.97,98572.65,0.00,281574.59,65851.28
CZ01/Nrs&0&cDXHP&Ex&dxHP_equip__pkgEER/NE-dxAC_equip-pkgSEER-12.35-SEER2/instance-out.sql,929401.71,98572.65,20596.2,200868.06,0.0,347425.87,0.0,131745.14,31.83,0.0,0.0,0.0,130161.97,0.0,0.0,0.00,20596.20,98572.65,0.00,281574.59,65851.28
CZ01/Nrs&0&cDXHP&Ex&dxHP_equip__pkgEER/NE-dxHP_equip-pkgEER-14.5-IEER/instance-out.sql,902186.6300000001,71486.97,20443.5,200868.06,0.0,347425.87,0.0,131769.09,31.86,0.0,0.0,0.0,130161.28,0.0,0.0,10275.08,20443.50,61211.89,0.00,281574.59,65851.28
CZ01/Nrs&0&cDXHP&Ex&dxHP_equip__pkgEER/NE-dxHP_equip-pkgEER-15.5-IEER/instance-out.sql,902148.1699999999,71486.97,20405.04,200868.06,0.0,347425.87,0.0,131769.09,31.86,0.0,0.0,0.0,130161.28,0.0,0.0,10275.08,20405.04,61211.89,0.00,281574.59,65851.28
CZ01/Nrs&0&cDXHP&Ex&dxHP_equip__pkgEER/NE-dxHP_equip-pkgEER-13.5-IEER/instance-out.sql,902225.6399999999,71486.97,20482.5,200868.06,0.0,347425.87,0.0,131769.09,31.86,0.0,0.0,0.0,130161.28,0.0,0.0,10275.08,20482.50,61211.89,0.00,281574.59,65851.28
CZ01/Nrs&0&cDXHP&Ex&dxHP_equip__pkgEER/NE-dxHP_equip-pkgEER-14-IEER/instance-out.sql,902196.74,71486.97,20453.61,200868.06,0.0,347425.87,0.0,131769.09,31.86,0.0,0.0,0.0,130161.28,0.0,0.0,10275.08,20453.61,61211.89,0.00,281574.59,65851.28
CZ01/Nrs&0&cDXHP&Ex&dxHP_equip__pkgEER/NE-dxHP_equip-pkgEER-15-IEER/instance-out.sql,901557.28,70896.09,20405.04,200868.06,0.0,347425.87,0.0,131769.09,31.86,0.0,0.0,0.0,130161.28,0.0,0.0,9684.20,20405.04,61211.89,0.00,281574.59,65851.28
CZ01/Nrs&0&cDXHP&Ex&dxHP_equip__pkgEER/NE-dxHP_equip-pkgEER-16-IEER/instance-out.sql,901506.96,70896.09,20354.71,200868.06,0.0,347425.87,0.0,131769.09,31.86,0.0,0.0,0.0,130161.28,0.0,0.0,9684.20,20354.71,61211.89,0.00,281574.59,65851.28
CZ01/Nrs&0&cDXHP&Ex&dxHP_equip__pkgEER/NE-dxHP_equip-pkgSEER-15.4-SEER2/instance-out.sql,900742.73,70117.12,20369.46,200868.06,0.0,347425.87,0.0,131769.09,31.86,0.0,0.0,0.0,130161.28,0.0,0.0,8905.23,20369.46,61211.89,0.00,281574.59,65851.28
CZ01/Nrs&0&cDXHP&Ex&dxHP_equip__pkgEER/NE-dxHP_equip-pkgSEER-16.3-SEER2/instance-out.sql,900512.98,69920.38,20336.45,200868.06,0.0,347425.87,0.0,131769.09,31.86,0.0,0.0,0.0,130161.28,0.0,0.0,8708.49,20336.45,61211.89,0.00,281574.59,65851.28
CZ01/Nrs&0&cDXHP&Ex&dxHP_equip__pkgEER/NE-dxHP_equip-pkgSEER-14.4-SEER2-1Stage/instance-out.sql,900935.3700000001,70276.48,20402.73,200868.06,0.0,347425.87,0.0,131769.09,31.86,0.0,0.0,0.0,130161.28,0.0,0.0,9064.59,20402.73,61211.89,0.00,281574.59,65851.28
CZ01/Nrs&0&cDXHP&Ex&dxHP_equip__pkgEER/NE-dxHP_equip-pkgSEER-14.4-SEER2-2Stage/instance-out.sql,859829.59,68410.31999999999,20948.79,200868.06,0.0,347425.87,0.0,92005.32,32.79,0.0,0.0,0.0,130138.44,0.0,0.0,5036.15,20948.79,63374.17,0.00,281574.59,65851.28
CZ01/Nrs&0&cDXHP&Ex&dxHP_equip__pkgEER/NE-dxHP_equip-spltSEER-14.4-SEER2-8.7-HSPF/instance-out.sql,900687.47,70028.57,20402.73,200868.06,0.0,347425.87,0.0,131769.09,31.86,0.0,0.0,0.0,130161.28,0.0,0.0,8816.68,20402.73,61211.89,0.00,281574.59,65851.28
CZ01/Nrs&0&cDXHP&Ex&dxHP_equip__pkgEER/NE-dxHP_equip-spltSEER-15.4-SEER2-9-HSPF/instance-out.sql,900545.99,69920.38,20369.46,200868.06,0.0,347425.87,0.0,131769.09,31.86,0.0,0.0,0.0,130161.28,0.0,0.0,8708.49,20369.46,61211.89,0.00,281574.59,65851.28
CZ01/Nrs&0&cDXHP&Ex&dxHP_equip__pkgEER/NE-dxHP_equip-spltSEER-16.3-SEER2-9.4-HSPF/instance-out.sql,900365.95,69773.34,20336.45,200868.06,0.0,347425.87,0.0,131769.09,31.86,0.0,0.0,0.0,130161.28,0.0,0.0,8561.45,20336.45,61211.89,0.00,281574.59,65851.28
CZ01/Nrs&0&cDXHP&Ex&dxHP_equip__pkgEER/NE-dxHP_equip-spltSEER-17.3-SEER2-9.7-HSPF/instance-out.sql,900259.05,69691.56,20311.33,200868.06,0.0,347425.87,0.0,131769.09,31.86,0.0,0.0,0.0,130161.28,0.0,0.0,8479.67,20311.33,61211.89,0.00,281574.59,65851.28
CZ01/OfL&0&cDXHP&Ex&dxHP_equip__pkgEER/NE-dxAC_equip-pkgEER-14.2-IEER-TE-0.81/instance-out.sql,2345623.72,112823.13,19000.24,462712.61,0.0,829334.66,0.0,789272.57,610.1,0.0,0.0,0.0,131870.41,0.0,0.0,0.00,19000.24,112823.13,0.00,829334.66,0.00
CZ01/OfL&0&cDXHP&Ex&dxHP_equip__pkgEER/NE-dxAC_equip-pkgEER-13.2-IEER-TE-0.81/instance-out.sql,2346042.63,112823.13,19419.15,462712.61,0.0,829334.66,0.0,789272.57,610.1,0.0,0.0,0.0,131870.41,0.0,0.0,0.00,19419.15,112823.13,0.00,829334.66,0.00
CZ01/OfL&0&cDXHP&Ex&dxHP_equip__pkgEER/NE-dxAC_equip-pkgEER-14.8-IEER-TE-0.81/instance-out.sql,2345261.42,112823.13,18637.94,462712.61,0.0,829334.66,0.0,789272.57,610.1,0.0,0.0,0.0,131870.41,0.0,0.0,0.00,18637.94,112823.13,0.00,829334.66,0.00
CZ01/OfL&0&cDXHP&Ex&dxHP_equip__pkgEER/NE-dxAC_equip-pkgSEER-13.4-SEER2/instance-out.sql,2345840.85,112823.13,19217.37,462712.61,0.0,829334.66,0.0,789272.57,610.1,0.0,0.0,0.0,131870.41,0.0,0.0,0.00,19217.37,112823.13,0.00,829334.66,0.00
CZ01/OfL&0&cDXHP&Ex&dxHP_equip__pkgEER/NE-dxAC_equip-pkgEER-12.2-IEER-TE-0.80/instance-out.sql,2347305.3099999996,113711.12,19793.84,462712.61,0.0,829334.66,0.0,789272.57,610.1,0.0,0.0,0.0,131870.41,0.0,0.0,0.00,19793.84,113711.12,0.00,829334.66,0.00
CZ01/OfL&0&cDXHP&Ex&dxHP_equip__pkgEER/NE-dxAC_equip-pkgEER-11.4-IEER-TE-0.80/instance-out.sql,2348020.28,113711.12,20508.81,462712.61,0.0,829334.66,0.0,789272.57,610.1,0.0,0.0,0.0,131870.41,0.0,0.0,0.00,20508.81,113711.12,0.00,829334.66,0.00
CZ01/OfL&0&cDXHP&Ex&dxHP_equip__pkgEER/NE-dxAC_equip-pkgEER-12.7-IEER-TE-0.80/instance-out.sql,2347333.19,113711.12,19821.72,462712.61,0.0,829334.66,0.0,789272.57,610.1,0.0,0.0,0.0,131870.41,0.0,0.0,0.00,19821.72,113711.12,0.00,829334.66,0.00
CZ01/OfL&0&cDXHP&Ex&dxHP_equip__pkgEER/NE-dxAC_equip-pkgSEER-12.35-SEER2/instance-out.sql,2347168.19,113711.12,19656.72,462712.61,0.0,829334.66,0.0,789272.57,610.1,0.0,0.0,0.0,131870.41,0.0,0.0,0.00,19656.72,113711.12,0.00,829334.66,0.00
CZ01/OfL&0&cDXHP&Ex&dxHP_equip__pkgEER/NE-dxHP_equip-pkgEER-14.5-IEER/instance-out.sql,2294062.6100000003,61531.78,18730.47,462712.61,0.0,829334.66,0.0,789272.57,610.12,0.0,0.0,0.0,131870.41,0.0,0.0,19750.81,18730.47,41780.97,0.00,829334.66,0.00
CZ01/OfL&0&cDXHP&Ex&dxHP_equip__pkgEER/NE-dxHP_equip-pkgEER-15.5-IEER/instance-out.sql,2293708.47,61531.78,18376.33,462712.61,0.0,829334.66,0.0,789272.57,610.12,0.0,0.0,0.0,131870.41,0.0,0.0,19750.81,18376.33,41780.97,0.00,829334.66,0.00
CZ01/OfL&0&cDXHP&Ex&dxHP_equip__pkgEER/NE-dxHP_equip-pkgEER-13.5-IEER/instance-out.sql,2294421.69,61531.78,19089.55,462712.61,0.0,829334.66,0.0,789272.57,610.12,0.0,0.0,0.0,131870.41,0.0,0.0,19750.81,19089.55,41780.97,0.00,829334.66,0.00
CZ01/OfL&0&cDXHP&Ex&dxHP_equip__pkgEER/NE-dxHP_equip-pkgEER-14-IEER/instance-out.sql,2294155.67,61531.78,18823.53,462712.61,0.0,829334.66,0.0,789272.57,610.12,0.0,0.0,0.0,131870.41,0.0,0.0,19750.81,18823.53,41780.97,0.00,829334.66,0.00
CZ01/OfL&0&cDXHP&Ex&dxHP_equip__pkgEER/NE-dxHP_equip-pkgEER-15-IEER/instance-out.sql,2292570.0100000002,60393.32,18376.33,462712.61,0.0,829334.66,0.0,789272.57,610.12,0.0,0.0,0.0,131870.41,0.0,0.0,18612.35,18376.33,41780.97,0.00,829334.66,0.00
CZ01/OfL&0&cDXHP&Ex&dxHP_equip__pkgEER/NE-dxHP_equip-pkgEER-16-IEER/instance-out.sql,2292106.69,60393.32,17913.01,462712.61,0.0,829334.66,0.0,789272.57,610.12,0.0,0.0,0.0,131870.41,0.0,0.0,18612.35,17913.01,41780.97,0.00,829334.66,0.00
CZ01/OfL&0&cDXHP&Ex&dxHP_equip__pkgEER/NE-dxHP_equip-pkgSEER-15.4-SEER2/instance-out.sql,2290741.5700000003,58892.479999999996,18048.73,462712.61,0.0,829334.66,0.0,789272.57,610.12,0.0,0.0,0.0,131870.41,0.0,0.0,17111.51,18048.73,41780.97,0.00,829334.66,0.00
CZ01/OfL&0&cDXHP&Ex&dxHP_equip__pkgEER/NE-dxHP_equip-pkgSEER-16.3-SEER2/instance-out.sql,2290058.58,58513.42,17744.8,462712.61,0.0,829334.66,0.0,789272.57,610.12,0.0,0.0,0.0,131870.41,0.0,0.0,16732.45,17744.80,41780.97,0.00,829334.66,0.00
CZ01/OfL&0&cDXHP&Ex&dxHP_equip__pkgEER/NE-dxHP_equip-pkgSEER-14.4-SEER2-1Stage/instance-out.sql,2291354.99,59199.520000000004,18355.11,462712.61,0.0,829334.66,0.0,789272.57,610.12,0.0,0.0,0.0,131870.41,0.0,0.0,17418.55,18355.11,41780.97,0.00,829334.66,0.00
CZ01/OfL&0&cDXHP&Ex&dxHP_equip__pkgEER/NE-dxHP_equip-pkgSEER-14.4-SEER2-2Stage/instance-out.sql,2022443.21,57140.2,24081.55,462712.61,0.0,829334.66,0.0,517238.19,610.95,0.0,0.0,0.0,131325.06,0.0,0.0,15351.11,24081.55,41789.09,0.00,829334.66,0.00
CZ01/OfL&0&cDXHP&Ex&dxHP_equip__pkgEER/NE-dxHP_equip-spltSEER-14.4-SEER2-8.7-HSPF/instance-out.sql,2290877.35,58721.880000000005,18355.11,462712.61,0.0,829334.66,0.0,789272.57,610.12,0.0,0.0,0.0,131870.41,0.0,0.0,16940.91,18355.11,41780.97,0.00,829334.66,0.00
CZ01/OfL&0&cDXHP&Ex&dxHP_equip__pkgEER/NE-dxHP_equip-spltSEER-15.4-SEER2-9-HSPF/instance-out.sql,2290362.5100000002,58513.42,18048.73,462712.61,0.0,829334.66,0.0,789272.57,610.12,0.0,0.0,0.0,131870.41,0.0,0.0,16732.45,18048.73,41780.97,0.00,829334.66,0.00
CZ01/OfL&0&cDXHP&Ex&dxHP_equip__pkgEER/NE-dxHP_equip-spltSEER-16.3-SEER2-9.4-HSPF/instance-out.sql,2289775.2800000003,58230.12,17744.8,462712.61,0.0,829334.66,0.0,789272.57,610.12,0.0,0.0,0.0,131870.41,0.0,0.0,16449.15,17744.80,41780.97,0.00,829334.66,0.00
CZ01/OfL&0&cDXHP&Ex&dxHP_equip__pkgEER/NE-dxHP_equip-spltSEER-17.3-SEER2-9.7-HSPF/instance-out.sql,2289386.47,58072.55,17513.56,462712.61,0.0,829334.66,0.0,789272.57,610.12,0.0,0.0,0.0,131870.41,0.0,0.0,16291.58,17513.56,41780.97,0.00,829334.66,0.00
CZ01/OfL&0&cDXHP&Ex&dxHP_equip__pkgEER/NE-dxAC_equip-pkgEER-14.2-IEER-TE-0.81-VarFan/instance-out.sql,2345352.94,112843.86,18998.37,462712.61,0.0,829334.66,0.0,788983.75,610.11,0.0,0.0,0.0,131869.58,0.0,0.0,0.00,18998.37,112843.86,0.00,829334.66,0.00
CZ01/OfL&0&cDXHP&Ex&dxHP_equip__pkgEER/NE-dxAC_equip-pkgEER-13.2-IEER-TE-0.81-VarFan/instance-out.sql,2345771.75,112843.86,19417.18,462712.61,0.0,829334.66,0.0,788983.75,610.11,0.0,0.0,0.0,131869.58,0.0,0.0,0.00,19417.18,112843.86,0.00,829334.66,0.00
CZ01/OfL&0&cDXHP&Ex&dxHP_equip__pkgEER/NE-dxAC_equip-pkgEER-14.8-IEER-TE-0.81-VarFan/instance-out.sql,2344990.7199999997,112843.86,18636.15,462712.61,0.0,829334.66,0.0,788983.75,610.11,0.0,0.0,0.0,131869.58,0.0,0.0,0.00,18636.15,112843.86,0.00,829334.66,0.00
CZ01/OfL&0&cDXHP&Ex&dxHP_equip__pkgEER/NE-dxAC_equip-pkgSEER-13.4-SEER2-VarFan/instance-out.sql,2345570.02,112843.86,19215.45,462712.61,0.0,829334.66,0.0,788983.75,610.11,0.0,0.0,0.0,131869.58,0.0,0.0,0.00,19215.45,112843.86,0.00,829334.66,0.00
CZ01/OfS&0&cDXHP&Ex&dxHP_equip__pkgEER/NE-dxAC_equip-pkgEER-14.2-IEER-TE-0.81/instance-out.sql,139416.85,12362.38,704.98,23737.13,0.0,29387.4,0.0,49194.93,1.13,0.0,0.0,0.0,24028.89,0.0,0.0,0.00,704.98,12362.38,0.00,29387.40,0.00
CZ01/OfS&0&cDXHP&Ex&dxHP_equip__pkgEER/NE-dxAC_equip-pkgEER-13.2-IEER-TE-0.81/instance-out.sql,139442.15,12362.38,730.28,23737.13,0.0,29387.4,0.0,49194.93,1.13,0.0,0.0,0.0,24028.89,0.0,0.0,0.00,730.28,12362.38,0.00,29387.40,0.00
CZ01/OfS&0&cDXHP&Ex&dxHP_equip__pkgEER/NE-dxAC_equip-pkgEER-14.8-IEER-TE-0.81/instance-out.sql,139394.98,12362.38,683.11,23737.13,0.0,29387.4,0.0,49194.93,1.13,0.0,0.0,0.0,24028.89,0.0,0.0,0.00,683.11,12362.38,0.00,29387.40,0.00
CZ01/OfS&0&cDXHP&Ex&dxHP_equip__pkgEER/NE-dxAC_equip-pkgSEER-13.4-SEER2/instance-out.sql,139429.96,12362.38,718.09,23737.13,0.0,29387.4,0.0,49194.93,1.13,0.0,0.0,0.0,24028.89,0.0,0.0,0.00,718.09,12362.38,0.00,29387.40,0.00
CZ01/OfS&0&cDXHP&Ex&dxHP_equip__pkgEER/NE-dxAC_equip-pkgEER-12.2-IEER-TE-0.80/instance-out.sql,139619.3,12516.91,752.9,23737.13,0.0,29387.4,0.0,49194.93,1.13,0.0,0.0,0.0,24028.89,0.0,0.0,0.00,752.90,12516.91,0.00,29387.40,0.00
CZ01/OfS&0&cDXHP&Ex&dxHP_equip__pkgEER/NE-dxAC_equip-pkgEER-11.4-IEER-TE-0.80/instance-out.sql,139662.47,12516.91,796.07,23737.13,0.0,29387.4,0.0,49194.93,1.13,0.0,0.0,0.0,24028.89,0.0,0.0,0.00,796.07,12516.91,0.00,29387.40,0.00
CZ01/OfS&0&cDXHP&Ex&dxHP_equip__pkgEER/NE-dxAC_equip-pkgEER-12.7-IEER-TE-0.80/instance-out.sql,139620.99,12516.91,754.59,23737.13,0.0,29387.4,0.0,49194.93,1.13,0.0,0.0,0.0,24028.89,0.0,0.0,0.00,754.59,12516.91,0.00,29387.40,0.00
CZ01/OfS&0&cDXHP&Ex&dxHP_equip__pkgEER/NE-dxAC_equip-pkgSEER-12.35-SEER2/instance-out.sql,139611.02000000002,12516.91,744.62,23737.13,0.0,29387.4,0.0,49194.93,1.13,0.0,0.0,0.0,24028.89,0.0,0.0,0.00,744.62,12516.91,0.00,29387.40,0.00
CZ01/OfS&0&cDXHP&Ex&dxHP_equip__pkgEER/NE-dxHP_equip-pkgEER-14.5-IEER/instance-out.sql,130448.13,3548.92,549.66,23737.13,0.0,29387.4,0.0,49195.0,1.13,0.0,0.0,0.0,24028.89,0.0,0.0,3548.92,549.66,0.00,0.00,29387.40,0.00
CZ01/OfS&0&cDXHP&Ex&dxHP_equip__pkgEER/NE-dxHP_equip-pkgEER-15.5-IEER/instance-out.sql,130426.73,3548.92,528.26,23737.13,0.0,29387.4,0.0,49195.0,1.13,0.0,0.0,0.0,24028.89,0.0,0.0,3548.92,528.26,0.00,0.00,29387.40,0.00
CZ01/OfS&0&cDXHP&Ex&dxHP_equip__pkgEER/NE-dxHP_equip-pkgEER-13.5-IEER/instance-out.sql,130469.83,3548.92,571.36,23737.13,0.0,29387.4,0.0,49195.0,1.13,0.0,0.0,0.0,24028.89,0.0,0.0,3548.92,571.36,0.00,0.00,29387.40,0.00
CZ01/OfS&0&cDXHP&Ex&dxHP_equip__pkgEER/NE-dxHP_equip-pkgEER-14-IEER/instance-out.sql,130453.75,3548.92,555.28,23737.13,0.0,29387.4,0.0,49195.0,1.13,0.0,0.0,0.0,24028.89,0.0,0.0,3548.92,555.28,0.00,0.00,29387.40,0.00
CZ01/OfS&0&cDXHP&Ex&dxHP_equip__pkgEER/NE-dxHP_equip-pkgEER-15-IEER/instance-out.sql,130228.71,3350.89,528.26,23737.13,0.0,29387.4,0.0,49195.0,1.13,0.0,0.0,0.0,24028.89,0.0,0.0,3350.89,528.26,0.00,0.00,29387.40,0.00
CZ01/OfS&0&cDXHP&Ex&dxHP_equip__pkgEER/NE-dxHP_equip-pkgEER-16-IEER/instance-out.sql,130200.71,3350.89,500.27,23737.13,0.0,29387.4,0.0,49195.0,1.13,0.0,0.0,0.0,24028.89,0.0,0.0,3350.89,500.27,0.00,0.00,29387.40,0.00
CZ01/OfS&0&cDXHP&Ex&dxHP_equip__pkgEER/NE-dxHP_equip-pkgSEER-15.4-SEER2/instance-out.sql,129947.85,3089.83,508.47,23737.13,0.0,29387.4,0.0,49195.0,1.13,0.0,0.0,0.0,24028.89,0.0,0.0,3089.83,508.47,0.00,0.00,29387.40,0.00
CZ01/OfS&0&cDXHP&Ex&dxHP_equip__pkgEER/NE-dxHP_equip-pkgSEER-16.3-SEER2/instance-out.sql,129863.55,3023.9,490.1,23737.13,0.0,29387.4,0.0,49195.0,1.13,0.0,0.0,0.0,24028.89,0.0,0.0,3023.90,490.10,0.00,0.00,29387.40,0.00
CZ01/OfS&0&cDXHP&Ex&dxHP_equip__pkgEER/NE-dxHP_equip-pkgSEER-14.4-SEER2-1Stage/instance-out.sql,130019.77,3143.24,526.98,23737.13,0.0,29387.4,0.0,49195.0,1.13,0.0,0.0,0.0,24028.89,0.0,0.0,3143.24,526.98,0.00,0.00,29387.40,0.00
CZ01/OfS&0&cDXHP&Ex&dxHP_equip__pkgEER/NE-dxHP_equip-pkgSEER-14.4-SEER2-2Stage/instance-out.sql,110475.66,2484.55,798.67,23737.13,0.0,29387.4,0.0,30037.87,1.13,0.0,0.0,0.0,24028.9,0.0,0.0,2484.55,798.67,0.00,0.00,29387.40,0.00
CZ01/OfS&0&cDXHP&Ex&dxHP_equip__pkgEER/NE-dxHP_equip-spltSEER-14.4-SEER2-8.7-HSPF/instance-out.sql,129936.69,3060.16,526.98,23737.13,0.0,29387.4,0.0,49195.0,1.13,0.0,0.0,0.0,24028.89,0.0,0.0,3060.16,526.98,0.00,0.00,29387.40,0.00
CZ01/OfS&0&cDXHP&Ex&dxHP_equip__pkgEER/NE-dxHP_equip-spltSEER-15.4-SEER2-9-HSPF/instance-out.sql,129881.92,3023.9,508.47,23737.13,0.0,29387.4,0.0,49195.0,1.13,0.0,0.0,0.0,24028.89,0.0,0.0,3023.90,508.47,0.00,0.00,29387.40,0.00
CZ01/OfS&0&cDXHP&Ex&dxHP_equip__pkgEER/NE-dxHP_equip-spltSEER-16.3-SEER2-9.4-HSPF/instance-out.sql,129814.28,2974.62,490.1,23737.13,0.0,29387.4,0.0,49195.0,1.13,0.0,0.0,0.0,24028.89,0.0,0.0,2974.62,490.10,0.00,0.00,29387.40,0.00
CZ01/OfS&0&cDXHP&Ex&dxHP_equip__pkgEER/NE-dxHP_equip-spltSEER-17.3-SEER2-9.7-HSPF/instance-out.sql,129772.9,2947.21,476.13,23737.13,0.0,29387.4,0.0,49195.0,1.13,0.0,0.0,0.0,24028.89,0.0,0.0,2947.21,476.13,0.00,0.00,29387.40,0.00
CZ01/OfS&0&cDXHP&Ex&dxHP_equip__pkgEER/NE-dxAC_equip-pkgEER-14.2-IEER-TE-0.81-VarFan/instance-out.sql,139407.44,12371.58,704.86,23737.13,0.0,29387.4,0.0,49176.44,1.13,0.0,0.0,0.0,24028.89,0.0,0.0,0.00,704.86,12371.58,0.00,29387.40,0.00
CZ01/OfS&0&cDXHP&Ex&dxHP_equip__pkgEER/NE-dxAC_equip-pkgEER-13.2-IEER-TE-0.81-VarFan/instance-out.sql,139432.72,12371.58,730.15,23737.13,0.0,29387.4,0.0,49176.44,1.13,0.0,0.0,0.0,24028.89,0.0,0.0,0.00,730.15,12371.58,0.00,29387.40,0.00
CZ01/OfS&0&cDXHP&Ex&dxHP_equip__pkgEER/NE-dxAC_equip-pkgEER-14.8-IEER-TE-0.81-VarFan/instance-out.sql,139385.56,12371.58,682.99,23737.13,0.0,29387.4,0.0,49176.44,1.13,0.0,0.0,0.0,24028.89,0.0,0.0,0.00,682.99,12371.58,0.00,29387.40,0.00
CZ01/OfS&0&cDXHP&Ex&dxHP_equip__pkgEER/NE-dxAC_equip-pkgSEER-13.4-SEER2-VarFan/instance-out.sql,139420.54,12371.58,717.97,23737.13,0.0,29387.4,0.0,49176.44,1.13,0.0,0.0,0.0,24028.89,0.0,0.0,0.00,717.97,12371.58,0.00,29387.40,0.00
CZ01/RFF&0&cDXHP&Ex&dxHP_equip__pkgEER/NE-dxAC_equip-pkgEER-14.2-IEER-TE-0.81/instance-out.sql,106398.22,7420.67,2908.34,13247.63,0.0,37903.17,0.0,17115.52,3.37,0.0,0.0,0.0,27799.51,0.0,0.0,0.00,2908.34,7420.67,0.00,18423.46,19479.71
CZ01/RFF&0&cDXHP&Ex&dxHP_equip__pkgEER/NE-dxAC_equip-pkgEER-13.2-IEER-TE-0.81/instance-out.sql,106403.63,7420.67,2913.75,13247.63,0.0,37903.17,0.0,17115.52,3.37,0.0,0.0,0.0,27799.51,0.0,0.0,0.00,2913.75,7420.67,0.00,18423.46,19479.71
CZ01/RFF&0&cDXHP&Ex&dxHP_equip__pkgEER/NE-dxAC_equip-pkgEER-14.8-IEER-TE-0.81/instance-out.sql,106393.54000000001,7420.67,2903.66,13247.63,0.0,37903.17,0.0,17115.52,3.37,0.0,0.0,0.0,27799.51,0.0,0.0,0.00,2903.66,7420.67,0.00,18423.46,19479.71
CZ01/RFF&0&cDXHP&Ex&dxHP_equip__pkgEER/NE-dxAC_equip-pkgSEER-13.4-SEER2/instance-out.sql,106401.01999999999,7420.67,2911.15,13247.63,0.0,37903.17,0.0,17115.52,3.37,0.0,0.0,0.0,27799.51,0.0,0.0,0.00,2911.15,7420.67,0.00,18423.46,19479.71
CZ01/RFF&0&cDXHP&Ex&dxHP_equip__pkgEER/NE-dxAC_equip-pkgEER-12.2-IEER-TE-0.80/instance-out.sql,106500.97,7513.17,2918.59,13247.63,0.0,37903.17,0.0,17115.52,3.37,0.0,0.0,0.0,27799.51,0.0,0.0,0.00,2918.59,7513.17,0.00,18423.46,19479.71
CZ01/RFF&0&cDXHP&Ex&dxHP_equip__pkgEER/NE-dxAC_equip-pkgEER-11.4-IEER-TE-0.80/instance-out.sql,106510.2,7513.17,2927.83,13247.63,0.0,37903.17,0.0,17115.52,3.37,0.0,0.0,0.0,27799.51,0.0,0.0,0.00,2927.83,7513.17,0.00,18423.46,19479.71
CZ01/RFF&0&cDXHP&Ex&dxHP_equip__pkgEER/NE-dxAC_equip-pkgEER-12.7-IEER-TE-0.80/instance-out.sql,106501.33,7513.17,2918.95,13247.63,0.0,37903.17,0.0,17115.52,3.37,0.0,0.0,0.0,27799.51,0.0,0.0,0.00,2918.95,7513.17,0.00,18423.46,19479.71
CZ01/RFF&0&cDXHP&Ex&dxHP_equip__pkgEER/NE-dxAC_equip-pkgSEER-12.35-SEER2/instance-out.sql,106499.2,7513.17,2916.82,13247.63,0.0,37903.17,0.0,17115.52,3.37,0.0,0.0,0.0,27799.51,0.0,0.0,0.00,2916.82,7513.17,0.00,18423.46,19479.71
CZ01/RFF&0&cDXHP&Ex&dxHP_equip__pkgEER/NE-dxHP_equip-pkgEER-14.5-IEER/instance-out.sql,101080.83,2147.9900000000002,2863.63,13247.63,0.0,37903.17,0.0,17115.52,3.37,0.0,0.0,0.0,27799.51,0.0,0.0,2126.86,2863.63,21.13,0.00,18423.46,19479.71
CZ01/RFF&0&cDXHP&Ex&dxHP_equip__pkgEER/NE-dxHP_equip-pkgEER-15.5-IEER/instance-out.sql,101076.2,2147.9900000000002,2859.0,13247.63,0.0,37903.17,0.0,17115.52,3.37,0.0,0.0,0.0,27799.51,0.0,0.0,2126.86,2859.00,21.13,0.00,18423.46,19479.71
CZ01/RFF&0&cDXHP&Ex&dxHP_equip__pkgEER/NE-dxHP_equip-pkgEER-13.5-IEER/instance-out.sql,101085.51999999999,2147.9900000000002,2868.32,13247.63,0.0,37903.17,0.0,17115.52,3.37,0.0,0.0,0.0,27799.51,0.0,0.0,2126.86,2868.32,21.13,0.00,18423.46,19479.71
CZ01/RFF&0&cDXHP&Ex&dxHP_equip__pkgEER/NE-dxHP_equip-pkgEER-14-IEER/instance-out.sql,101082.04999999999,2147.9900000000002,2864.85,13247.63,0.0,37903.17,0.0,17115.52,3.37,0.0,0.0,0.0,27799.51,0.0,0.0,2126.86,2864.85,21.13,0.00,18423.46,19479.71
CZ01/RFF&0&cDXHP&Ex&dxHP_equip__pkgEER/NE-dxHP_equip-pkgEER-15-IEER/instance-out.sql,100955.73999999999,2027.5400000000002,2859.0,13247.63,0.0,37903.17,0.0,17115.52,3.37,0.0,0.0,0.0,27799.51,0.0,0.0,2006.41,2859.00,21.13,0.00,18423.46,19479.71
CZ01/RFF&0&cDXHP&Ex&dxHP_equip__pkgEER/NE-dxHP_equip-pkgEER-16-IEER/instance-out.sql,100949.69,2027.5400000000002,2852.95,13247.63,0.0,37903.17,0.0,17115.52,3.37,0.0,0.0,0.0,27799.51,0.0,0.0,2006.41,2852.95,21.13,0.00,18423.46,19479.71
CZ01/RFF&0&cDXHP&Ex&dxHP_equip__pkgEER/NE-dxHP_equip-pkgSEER-15.4-SEER2/instance-out.sql,100792.66,1868.73,2854.72,13247.63,0.0,37903.17,0.0,17115.52,3.37,0.0,0.0,0.0,27799.51,0.0,0.0,1847.60,2854.72,21.13,0.00,18423.46,19479.71
CZ01/RFF&0&cDXHP&Ex&dxHP_equip__pkgEER/NE-dxHP_equip-pkgSEER-16.3-SEER2/instance-out.sql,100748.58,1828.63,2850.75,13247.63,0.0,37903.17,0.0,17115.52,3.37,0.0,0.0,0.0,27799.51,0.0,0.0,1807.50,2850.75,21.13,0.00,18423.46,19479.71
CZ01/RFF&0&cDXHP&Ex&dxHP_equip__pkgEER/NE-dxHP_equip-pkgSEER-14.4-SEER2-1Stage/instance-out.sql,100829.15,1901.22,2858.72,13247.63,0.0,37903.17,0.0,17115.52,3.37,0.0,0.0,0.0,27799.51,0.0,0.0,1880.09,2858.72,21.13,0.00,18423.46,19479.71
CZ01/RFF&0&cDXHP&Ex&dxHP_equip__pkgEER/NE-dxHP_equip-pkgSEER-14.4-SEER2-2Stage/instance-out.sql,95085.45999999999,1274.23,2869.26,13247.63,0.0,37903.17,0.0,11988.27,3.37,0.0,0.0,0.0,27799.53,0.0,0.0,1252.03,2869.26,22.20,0.00,18423.46,19479.71
CZ01/RFF&0&cDXHP&Ex&dxHP_equip__pkgEER/NE-dxHP_equip-spltSEER-14.4-SEER2-8.7-HSPF/instance-out.sql,100778.62,1850.68,2858.72,13247.63,0.0,37903.17,0.0,17115.52,3.37,0.0,0.0,0.0,27799.51,0.0,0.0,1829.55,2858.72,21.13,0.00,18423.46,19479.71
CZ01/RFF&0&cDXHP&Ex&dxHP_equip__pkgEER/NE-dxHP_equip-spltSEER-15.4-SEER2-9-HSPF/instance-out.sql,100752.54999999999,1828.63,2854.72,13247.63,0.0,37903.17,0.0,17115.52,3.37,0.0,0.0,0.0,27799.51,0.0,0.0,1807.50,2854.72,21.13,0.00,18423.46,19479.71
CZ01/RFF&0&cDXHP&Ex&dxHP_equip__pkgEER/NE-dxHP_equip-spltSEER-16.3-SEER2-9.4-HSPF/instance-out.sql,100718.61,1798.65,2850.75,13247.63,0.0,37903.17,0.0,17115.52,3.37,0.0,0.0,0.0,27799.51,0.0,0.0,1777.52,2850.75,21.13,0.00,18423.46,19479.71
CZ01/RFF&0&cDXHP&Ex&dxHP_equip__pkgEER/NE-dxHP_equip-spltSEER-17.3-SEER2-9.7-HSPF/instance-out.sql,100698.91,1781.98,2847.72,13247.63,0.0,37903.17,0.0,17115.52,3.37,0.0,0.0,0.0,27799.51,0.0,0.0,1760.85,2847.72,21.13,0.00,18423.46,19479.71
CZ01/RSD&0&cDXHP&Ex&dxHP_equip__pkgEER/NE-dxAC_equip-pkgEER-14.2-IEER-TE-0.81/instance-out.sql,251004.38999999998,30372.14,8611.41,36047.32,0.0,76546.73,0.0,27343.92,11.89,0.0,0.0,0.0,72070.97,0.0,0.0,0.00,8611.41,30372.14,0.00,37475.60,39071.13
CZ01/RSD&0&cDXHP&Ex&dxHP_equip__pkgEER/NE-dxAC_equip-pkgEER-13.2-IEER-TE-0.81/instance-out.sql,251006.31,30372.14,8613.34,36047.32,0.0,76546.73,0.0,27343.92,11.89,0.0,0.0,0.0,72070.97,0.0,0.0,0.00,8613.34,30372.14,0.00,37475.60,39071.13
CZ01/RSD&0&cDXHP&Ex&dxHP_equip__pkgEER/NE-dxAC_equip-pkgEER-14.8-IEER-TE-0.81/instance-out.sql,251002.72999999998,30372.14,8609.75,36047.32,0.0,76546.73,0.0,27343.92,11.89,0.0,0.0,0.0,72070.97,0.0,0.0,0.00,8609.75,30372.14,0.00,37475.60,39071.13
CZ01/RSD&0&cDXHP&Ex&dxHP_equip__pkgEER/NE-dxAC_equip-pkgSEER-13.4-SEER2/instance-out.sql,251005.38999999998,30372.14,8612.41,36047.32,0.0,76546.73,0.0,27343.92,11.89,0.0,0.0,0.0,72070.97,0.0,0.0,0.00,8612.41,30372.14,0.00,37475.60,39071.13
CZ01/RSD&0&cDXHP&Ex&dxHP_equip__pkgEER/NE-dxAC_equip-pkgEER-12.2-IEER-TE-0.80/instance-out.sql,251057.52999999997,30421.64,8615.06,36047.32,0.0,76546.73,0.0,27343.92,11.89,0.0,0.0,0.0,72070.97,0.0,0.0,0.00,8615.06,30421.64,0.00,37475.60,39071.13
CZ01/RSD&0&cDXHP&Ex&dxHP_equip__pkgEER/NE-dxAC_equip-pkgEER-11.4-IEER-TE-0.80/instance-out.sql,251060.82,30421.64,8618.34,36047.32,0.0,76546.73,0.0,27343.92,11.89,0.0,0.0,0.0,72070.97,0.0,0.0,0.00,8618.34,30421.64,0.00,37475.60,39071.13
CZ01/RSD&0&cDXHP&Ex&dxHP_equip__pkgEER/NE-dxAC_equip-pkgEER-12.7-IEER-TE-0.80/instance-out.sql,251057.65999999997,30421.64,8615.19,36047.32,0.0,76546.73,0.0,27343.92,11.89,0.0,0.0,0.0,72070.97,0.0,0.0,0.00,8615.19,30421.64,0.00,37475.60,39071.13
CZ01/RSD&0&cDXHP&Ex&dxHP_equip__pkgEER/NE-dxAC_equip-pkgSEER-12.35-SEER2/instance-out.sql,251056.9,30421.64,8614.43,36047.32,0.0,76546.73,0.0,27343.92,11.89,0.0,0.0,0.0,72070.97,0.0,0.0,0.00,8614.43,30421.64,0.00,37475.60,39071.13
CZ01/RSD&0&cDXHP&Ex&dxHP_equip__pkgEER/NE-dxHP_equip-pkgEER-14.5-IEER/instance-out.sql,248174.00999999998,27571.17,8582.0,36047.32,0.0,76546.73,0.0,27343.92,11.89,0.0,0.0,0.0,72070.97,0.0,0.0,1144.44,8582.00,26426.73,0.00,37475.60,39071.13
CZ01/RSD&0&cDXHP&Ex&dxHP_equip__pkgEER/NE-dxHP_equip-pkgEER-15.5-IEER/instance-out.sql,248172.34999999998,27571.17,8580.34,36047.32,0.0,76546.73,0.0,27343.92,11.89,0.0,0.0,0.0,72070.97,0.0,0.0,1144.44,8580.34,26426.73,0.00,37475.60,39071.13
CZ01/RSD&0&cDXHP&Ex&dxHP_equip__pkgEER/NE-dxHP_equip-pkgEER-13.5-IEER/instance-out.sql,248175.69,27571.17,8583.68,36047.32,0.0,76546.73,0.0,27343.92,11.89,0.0,0.0,0.0,72070.97,0.0,0.0,1144.44,8583.68,26426.73,0.00,37475.60,39071.13
CZ01/RSD&0&cDXHP&Ex&dxHP_equip__pkgEER/NE-dxHP_equip-pkgEER-14-IEER/instance-out.sql,248174.44,27571.17,8582.44,36047.32,0.0,76546.73,0.0,27343.92,11.89,0.0,0.0,0.0,72070.97,0.0,0.0,1144.44,8582.44,26426.73,0.00,37475.60,39071.13
CZ01/RSD&0&cDXHP&Ex&dxHP_equip__pkgEER/NE-dxHP_equip-pkgEER-15-IEER/instance-out.sql,248107.9,27506.72,8580.34,36047.32,0.0,76546.73,0.0,27343.92,11.89,0.0,0.0,0.0,72070.97,0.0,0.0,1079.99,8580.34,26426.73,0.00,37475.60,39071.13
CZ01/RSD&0&cDXHP&Ex&dxHP_equip__pkgEER/NE-dxHP_equip-pkgEER-16-IEER/instance-out.sql,248105.72999999998,27506.72,8578.17,36047.32,0.0,76546.73,0.0,27343.92,11.89,0.0,0.0,0.0,72070.97,0.0,0.0,1079.99,8578.17,26426.73,0.00,37475.60,39071.13
CZ01/RSD&0&cDXHP&Ex&dxHP_equip__pkgEER/NE-dxHP_equip-pkgSEER-15.4-SEER2/instance-out.sql,248021.40999999997,27421.77,8578.81,36047.32,0.0,76546.73,0.0,27343.92,11.89,0.0,0.0,0.0,72070.97,0.0,0.0,995.04,8578.81,26426.73,0.00,37475.60,39071.13
CZ01/RSD&0&cDXHP&Ex&dxHP_equip__pkgEER/NE-dxHP_equip-pkgSEER-16.3-SEER2/instance-out.sql,247998.52999999997,27400.31,8577.38,36047.32,0.0,76546.73,0.0,27343.92,11.89,0.0,0.0,0.0,72070.97,0.0,0.0,973.58,8577.38,26426.73,0.00,37475.60,39071.13
CZ01/RSD&0&cDXHP&Ex&dxHP_equip__pkgEER/NE-dxHP_equip-pkgSEER-14.4-SEER2-1Stage/instance-out.sql,248040.22999999998,27439.149999999998,8580.24,36047.32,0.0,76546.73,0.0,27343.92,11.89,0.0,0.0,0.0,72070.97,0.0,0.0,1012.42,8580.24,26426.73,0.00,37475.60,39071.13
CZ01/RSD&0&cDXHP&Ex&dxHP_equip__pkgEER/NE-dxHP_equip-pkgSEER-14.4-SEER2-2Stage/instance-out.sql,244942.19,27040.050000000003,8551.93,36047.32,0.0,76546.73,0.0,24673.31,11.84,0.0,0.0,0.0,72071.01,0.0,0.0,564.83,8551.93,26475.22,0.00,37475.60,39071.13
CZ01/RSD&0&cDXHP&Ex&dxHP_equip__pkgEER/NE-dxHP_equip-spltSEER-14.4-SEER2-8.7-HSPF/instance-out.sql,248013.19,27412.11,8580.24,36047.32,0.0,76546.73,0.0,27343.92,11.89,0.0,0.0,0.0,72070.97,0.0,0.0,985.38,8580.24,26426.73,0.00,37475.60,39071.13
CZ01/RSD&0&cDXHP&Ex&dxHP_equip__pkgEER/NE-dxHP_equip-spltSEER-15.4-SEER2-9-HSPF/instance-out.sql,247999.96,27400.31,8578.81,36047.32,0.0,76546.73,0.0,27343.92,11.89,0.0,0.0,0.0,72070.97,0.0,0.0,973.58,8578.81,26426.73,0.00,37475.60,39071.13
CZ01/RSD&0&cDXHP&Ex&dxHP_equip__pkgEER/NE-dxHP_equip-spltSEER-16.3-SEER2-9.4-HSPF/instance-out.sql,247982.5,27384.28,8577.38,36047.32,0.0,76546.73,0.0,27343.92,11.89,0.0,0.0,0.0,72070.97,0.0,0.0,957.55,8577.38,26426.73,0.00,37475.60,39071.13
CZ01/RSD&0&cDXHP&Ex&dxHP_equip__pkgEER/NE-dxHP_equip-spltSEER-17.3-SEER2-9.7-HSPF/instance-out.sql,247972.5,27375.36,8576.3,36047.32,0.0,76546.73,0.0,27343.92,11.89,0.0,0.0,0.0,72070.97,0.0,0.0,948.63,8576.30,26426.73,0.00,37475.60,39071.13
CZ01/Rt3&0&cDXHP&Ex&dxHP_equip__pkgEER/NE-dxAC_equip-pkgEER-14.2-IEER-TE-0.81/instance-out.sql,1950925.3299999998,81451.67,4112.97,774348.97,0.0,436362.0,0.0,464506.82,3.38,0.0,0.0,0.0,190139.53,0.0,0.0,0.00,4112.97,81451.67,0.00,436362.00,0.00
CZ01/Rt3&0&cDXHP&Ex&dxHP_equip__pkgEER/NE-dxAC_equip-pkgEER-13.2-IEER-TE-0.81/instance-out.sql,1951099.0699999998,81451.67,4286.71,774348.97,0.0,436362.0,0.0,464506.82,3.38,0.0,0.0,0.0,190139.53,0.0,0.0,0.00,4286.71,81451.67,0.00,436362.00,0.00
CZ01/Rt3&0&cDXHP&Ex&dxHP_equip__pkgEER/NE-dxAC_equip-pkgEER-14.8-IEER-TE-0.81/instance-out.sql,1950775.0699999998,81451.67,3962.71,774348.97,0.0,436362.0,0.0,464506.82,3.38,0.0,0.0,0.0,190139.53,0.0,0.0,0.00,3962.71,81451.67,0.00,436362.00,0.00
CZ01/Rt3&0&cDXHP&Ex&dxHP_equip__pkgEER/NE-dxAC_equip-pkgSEER-13.4-SEER2/instance-out.sql,1951015.38,81451.67,4203.02,774348.97,0.0,436362.0,0.0,464506.82,3.38,0.0,0.0,0.0,190139.53,0.0,0.0,0.00,4203.02,81451.67,0.00,436362.00,0.00
CZ01/Rt3&0&cDXHP&Ex&dxHP_equip__pkgEER/NE-dxAC_equip-pkgEER-12.2-IEER-TE-0.80/instance-out.sql,1952225.5,82422.69,4442.11,774348.97,0.0,436362.0,0.0,464506.82,3.38,0.0,0.0,0.0,190139.53,0.0,0.0,0.00,4442.11,82422.69,0.00,436362.00,0.00
CZ01/Rt3&0&cDXHP&Ex&dxHP_equip__pkgEER/NE-dxAC_equip-pkgEER-11.4-IEER-TE-0.80/instance-out.sql,1952522.04,82422.69,4738.65,774348.97,0.0,436362.0,0.0,464506.82,3.38,0.0,0.0,0.0,190139.53,0.0,0.0,0.00,4738.65,82422.69,0.00,436362.00,0.00
CZ01/Rt3&0&cDXHP&Ex&dxHP_equip__pkgEER/NE-dxAC_equip-pkgEER-12.7-IEER-TE-0.80/instance-out.sql,1952237.07,82422.69,4453.68,774348.97,0.0,436362.0,0.0,464506.82,3.38,0.0,0.0,0.0,190139.53,0.0,0.0,0.00,4453.68,82422.69,0.00,436362.00,0.00
CZ01/Rt3&0&cDXHP&Ex&dxHP_equip__pkgEER/NE-dxAC_equip-pkgSEER-12.35-SEER2/instance-out.sql,1952168.64,82422.69,4385.24,774348.97,0.0,436362.0,0.0,464506.82,3.38,0.0,0.0,0.0,190139.53,0.0,0.0,0.00,4385.24,82422.69,0.00,436362.00,0.00
CZ01/Rt3&0&cDXHP&Ex&dxHP_equip__pkgEER/NE-dxHP_equip-pkgEER-14.5-IEER/instance-out.sql,1894714.5,25458.27,3895.53,774348.97,0.0,436362.0,0.0,464506.82,3.38,0.0,0.0,0.0,190139.53,0.0,0.0,21688.61,3895.53,3769.66,0.00,436362.00,0.00
CZ01/Rt3&0&cDXHP&Ex&dxHP_equip__pkgEER/NE-dxHP_equip-pkgEER-15.5-IEER/instance-out.sql,1894566.0699999998,25458.27,3747.1,774348.97,0.0,436362.0,0.0,464506.82,3.38,0.0,0.0,0.0,190139.53,0.0,0.0,21688.61,3747.10,3769.66,0.00,436362.00,0.00
CZ01/Rt3&0&cDXHP&Ex&dxHP_equip__pkgEER/NE-dxHP_equip-pkgEER-13.5-IEER/instance-out.sql,1894865.01,25458.27,4046.04,774348.97,0.0,436362.0,0.0,464506.82,3.38,0.0,0.0,0.0,190139.53,0.0,0.0,21688.61,4046.04,3769.66,0.00,436362.00,0.00
CZ01/Rt3&0&cDXHP&Ex&dxHP_equip__pkgEER/NE-dxHP_equip-pkgEER-14-IEER/instance-out.sql,1894753.51,25458.27,3934.54,774348.97,0.0,436362.0,0.0,464506.82,3.38,0.0,0.0,0.0,190139.53,0.0,0.0,21688.61,3934.54,3769.66,0.00,436362.00,0.00
CZ01/Rt3&0&cDXHP&Ex&dxHP_equip__pkgEER/NE-dxHP_equip-pkgEER-15-IEER/instance-out.sql,1893316.19,24208.38,3747.1,774348.97,0.0,436362.0,0.0,464506.82,3.38,0.0,0.0,0.0,190139.53,0.0,0.0,20438.72,3747.10,3769.66,0.00,436362.00,0.00
CZ01/Rt3&0&cDXHP&Ex&dxHP_equip__pkgEER/NE-dxHP_equip-pkgEER-16-IEER/instance-out.sql,1893121.99,24208.38,3552.91,774348.97,0.0,436362.0,0.0,464506.82,3.38,0.0,0.0,0.0,190139.53,0.0,0.0,20438.72,3552.91,3769.66,0.00,436362.00,0.00
CZ01/Rt3&0&cDXHP&Ex&dxHP_equip__pkgEER/NE-dxHP_equip-pkgSEER-15.4-SEER2/instance-out.sql,1891531.14,22560.65,3609.8,774348.97,0.0,436362.0,0.0,464506.82,3.38,0.0,0.0,0.0,190139.53,0.0,0.0,18790.99,3609.80,3769.66,0.00,436362.00,0.00
CZ01/Rt3&0&cDXHP&Ex&dxHP_equip__pkgEER/NE-dxHP_equip-pkgSEER-16.3-SEER2/instance-out.sql,1890987.5999999999,22144.48,3482.41,774348.97,0.0,436362.0,0.0,464506.82,3.38,0.0,0.0,0.0,190139.53,0.0,0.0,18374.82,3482.41,3769.66,0.00,436362.00,0.00
CZ01/Rt3&0&cDXHP&Ex&dxHP_equip__pkgEER/NE-dxHP_equip-pkgSEER-14.4-SEER2-1Stage/instance-out.sql,1891996.65,22897.74,3738.21,774348.97,0.0,436362.0,0.0,464506.82,3.38,0.0,0.0,0.0,190139.53,0.0,0.0,19128.08,3738.21,3769.66,0.00,436362.00,0.00
CZ01/Rt3&0&cDXHP&Ex&dxHP_equip__pkgEER/NE-dxHP_equip-pkgSEER-14.4-SEER2-2Stage/instance-out.sql,1697092.6400000001,20728.039999999997,6402.57,774348.97,0.0,436362.0,0.0,269107.96,3.38,0.0,0.0,0.0,190139.72,0.0,0.0,16546.67,6402.57,4181.37,0.00,436362.00,0.00
CZ01/Rt3&0&cDXHP&Ex&dxHP_equip__pkgEER/NE-dxHP_equip-spltSEER-14.4-SEER2-8.7-HSPF/instance-out.sql,1891472.27,22373.36,3738.21,774348.97,0.0,436362.0,0.0,464506.82,3.38,0.0,0.0,0.0,190139.53,0.0,0.0,18603.70,3738.21,3769.66,0.00,436362.00,0.00
CZ01/Rt3&0&cDXHP&Ex&dxHP_equip__pkgEER/NE-dxHP_equip-spltSEER-15.4-SEER2-9-HSPF/instance-out.sql,1891114.98,22144.48,3609.8,774348.97,0.0,436362.0,0.0,464506.82,3.38,0.0,0.0,0.0,190139.53,0.0,0.0,18374.82,3609.80,3769.66,0.00,436362.00,0.00
CZ01/Rt3&0&cDXHP&Ex&dxHP_equip__pkgEER/NE-dxHP_equip-spltSEER-16.3-SEER2-9.4-HSPF/instance-out.sql,1890676.5799999998,21833.47,3482.41,774348.97,0.0,436362.0,0.0,464506.82,3.38,0.0,0.0,0.0,190139.53,0.0,0.0,18063.81,3482.41,3769.66,0.00,436362.00,0.00
CZ01/Rt3&0&cDXHP&Ex&dxHP_equip__pkgEER/NE-dxHP_equip-spltSEER-17.3-SEER2-9.7-HSPF/instance-out.sql,1890406.67,21660.47,3385.49,774348.97,0.0,436362.0,0.0,464506.82,3.38,0.0,0.0,0.0,190139.53,0.0,0.0,17890.81,3385.49,3769.66,0.00,436362.00,0.00
CZ01/Rt3&0&cDXHP&Ex&dxHP_equip__pkgEER/NE-dxAC_equip-pkgEER-14.2-IEER-TE-0.81-VarFan/instance-out.sql,1950784.44,81483.28,4111.79,774348.97,0.0,436362.0,0.0,464335.49,3.38,0.0,0.0,0.0,190139.53,0.0,0.0,0.00,4111.79,81483.28,0.00,436362.00,0.00
CZ01/Rt3&0&cDXHP&Ex&dxHP_equip__pkgEER/NE-dxAC_equip-pkgEER-13.2-IEER-TE-0.81-VarFan/instance-out.sql,1950958.1300000001,81483.28,4285.48,774348.97,0.0,436362.0,0.0,464335.49,3.38,0.0,0.0,0.0,190139.53,0.0,0.0,0.00,4285.48,81483.28,0.00,436362.00,0.00
CZ01/Rt3&0&cDXHP&Ex&dxHP_equip__pkgEER/NE-dxAC_equip-pkgEER-14.8-IEER-TE-0.81-VarFan/instance-out.sql,1950634.22,81483.28,3961.57,774348.97,0.0,436362.0,0.0,464335.49,3.38,0.0,0.0,0.0,190139.53,0.0,0.0,0.00,3961.57,81483.28,0.00,436362.00,0.00
CZ01/Rt3&0&cDXHP&Ex&dxHP_equip__pkgEER/NE-dxAC_equip-pkgSEER-13.4-SEER2-VarFan/instance-out.sql,1950874.47,81483.28,4201.81,774348.97,0.0,436362.0,0.0,464335.49,3.38,0.0,0.0,0.0,190139.53,0.0,0.0,0.00,4201.81,81483.28,0.00,436362.00,0.00
CZ01/RtL&0&cDXHP&Ex&dxHP_equip__pkgEER/NE-dxAC_equip-pkgEER-14.2-IEER-TE-0.81/instance-out.sql,1969949.8099999998,75105.43,12452.86,767420.15,0.0,509200.67,0.0,465939.01,3.39,0.0,0.0,0.0,139828.3,0.0,0.0,0.00,12452.86,75105.43,0.00,468847.72,40352.95
CZ01/RtL&0&cDXHP&Ex&dxHP_equip__pkgEER/NE-dxAC_equip-pkgEER-13.2-IEER-TE-0.81/instance-out.sql,1970147.76,75105.43,12650.81,767420.15,0.0,509200.67,0.0,465939.01,3.39,0.0,0.0,0.0,139828.3,0.0,0.0,0.00,12650.81,75105.43,0.00,468847.72,40352.95
CZ01/RtL&0&cDXHP&Ex&dxHP_equip__pkgEER/NE-dxAC_equip-pkgEER-14.8-IEER-TE-0.81/instance-out.sql,1969778.5999999999,75105.43,12281.66,767420.15,0.0,509200.67,0.0,465939.01,3.39,0.0,0.0,0.0,139828.3,0.0,0.0,0.00,12281.66,75105.43,0.00,468847.72,40352.95
CZ01/RtL&0&cDXHP&Ex&dxHP_equip__pkgEER/NE-dxAC_equip-pkgSEER-13.4-SEER2/instance-out.sql,1970052.41,75105.43,12555.46,767420.15,0.0,509200.67,0.0,465939.01,3.39,0.0,0.0,0.0,139828.3,0.0,0.0,0.00,12555.46,75105.43,0.00,468847.72,40352.95
CZ01/RtL&0&cDXHP&Ex&dxHP_equip__pkgEER/NE-dxAC_equip-pkgEER-12.2-IEER-TE-0.80/instance-out.sql,1971263.63,76044.24,12827.87,767420.15,0.0,509200.67,0.0,465939.01,3.39,0.0,0.0,0.0,139828.3,0.0,0.0,0.00,12827.87,76044.24,0.00,468847.72,40352.95
CZ01/RtL&0&cDXHP&Ex&dxHP_equip__pkgEER/NE-dxAC_equip-pkgEER-11.4-IEER-TE-0.80/instance-out.sql,1971601.48,76044.24,13165.72,767420.15,0.0,509200.67,0.0,465939.01,3.39,0.0,0.0,0.0,139828.3,0.0,0.0,0.00,13165.72,76044.24,0.00,468847.72,40352.95
CZ01/RtL&0&cDXHP&Ex&dxHP_equip__pkgEER/NE-dxAC_equip-pkgEER-12.7-IEER-TE-0.80/instance-out.sql,1971276.8,76044.24,12841.05,767420.15,0.0,509200.67,0.0,465939.01,3.39,0.0,0.0,0.0,139828.3,0.0,0.0,0.00,12841.05,76044.24,0.00,468847.72,40352.95
CZ01/RtL&0&cDXHP&Ex&dxHP_equip__pkgEER/NE-dxAC_equip-pkgSEER-12.35-SEER2/instance-out.sql,1971198.83,76044.24,12763.08,767420.15,0.0,509200.67,0.0,465939.01,3.39,0.0,0.0,0.0,139828.3,0.0,0.0,0.00,12763.08,76044.24,0.00,468847.72,40352.95
CZ01/RtL&0&cDXHP&Ex&dxHP_equip__pkgEER/NE-dxHP_equip-pkgEER-14.5-IEER/instance-out.sql,1915576.6600000001,20850.91,12334.23,767420.15,0.0,509200.67,0.0,465939.01,3.39,0.0,0.0,0.0,139828.3,0.0,0.0,20850.59,12334.23,0.32,0.00,468847.72,40352.95
CZ01/RtL&0&cDXHP&Ex&dxHP_equip__pkgEER/NE-dxHP_equip-pkgEER-15.5-IEER/instance-out.sql,1915407.7,20850.91,12165.27,767420.15,0.0,509200.67,0.0,465939.01,3.39,0.0,0.0,0.0,139828.3,0.0,0.0,20850.59,12165.27,0.32,0.00,468847.72,40352.95
CZ01/RtL&0&cDXHP&Ex&dxHP_equip__pkgEER/NE-dxHP_equip-pkgEER-13.5-IEER/instance-out.sql,1915747.98,20850.91,12505.55,767420.15,0.0,509200.67,0.0,465939.01,3.39,0.0,0.0,0.0,139828.3,0.0,0.0,20850.59,12505.55,0.32,0.00,468847.72,40352.95
CZ01/RtL&0&cDXHP&Ex&dxHP_equip__pkgEER/NE-dxHP_equip-pkgEER-14-IEER/instance-out.sql,1915621.06,20850.91,12378.63,767420.15,0.0,509200.67,0.0,465939.01,3.39,0.0,0.0,0.0,139828.3,0.0,0.0,20850.59,12378.63,0.32,0.00,468847.72,40352.95
CZ01/RtL&0&cDXHP&Ex&dxHP_equip__pkgEER/NE-dxHP_equip-pkgEER-15-IEER/instance-out.sql,1914200.6800000002,19643.89,12165.27,767420.15,0.0,509200.67,0.0,465939.01,3.39,0.0,0.0,0.0,139828.3,0.0,0.0,19643.57,12165.27,0.32,0.00,468847.72,40352.95
CZ01/RtL&0&cDXHP&Ex&dxHP_equip__pkgEER/NE-dxHP_equip-pkgEER-16-IEER/instance-out.sql,1913979.62,19643.89,11944.22,767420.15,0.0,509200.67,0.0,465939.01,3.39,0.0,0.0,0.0,139828.3,0.0,0.0,19643.57,11944.22,0.32,0.00,468847.72,40352.95
CZ01/RtL&0&cDXHP&Ex&dxHP_equip__pkgEER/NE-dxHP_equip-pkgSEER-15.4-SEER2/instance-out.sql,1912453.1500000001,18052.66,12008.97,767420.15,0.0,509200.67,0.0,465939.01,3.39,0.0,0.0,0.0,139828.3,0.0,0.0,18052.34,12008.97,0.32,0.00,468847.72,40352.95
CZ01/RtL&0&cDXHP&Ex&dxHP_equip__pkgEER/NE-dxHP_equip-pkgSEER-16.3-SEER2/instance-out.sql,1911906.26,17650.77,11863.97,767420.15,0.0,509200.67,0.0,465939.01,3.39,0.0,0.0,0.0,139828.3,0.0,0.0,17650.45,11863.97,0.32,0.00,468847.72,40352.95
CZ01/RtL&0&cDXHP&Ex&dxHP_equip__pkgEER/NE-dxHP_equip-pkgSEER-14.4-SEER2-1Stage/instance-out.sql,1912924.86,18378.2,12155.15,767420.15,0.0,509200.67,0.0,465939.01,3.39,0.0,0.0,0.0,139828.3,0.0,0.0,18377.88,12155.15,0.32,0.00,468847.72,40352.95
CZ01/RtL&0&cDXHP&Ex&dxHP_equip__pkgEER/NE-dxHP_equip-pkgSEER-14.4-SEER2-2Stage/instance-out.sql,1716133.47,16205.490000000002,14638.31,767420.15,0.0,509200.67,0.0,268836.89,3.39,0.0,0.0,0.0,139828.58,0.0,0.0,16205.04,14638.31,0.45,0.00,468847.72,40352.95
CZ01/RtL&0&cDXHP&Ex&dxHP_equip__pkgEER/NE-dxHP_equip-spltSEER-14.4-SEER2-8.7-HSPF/instance-out.sql,1912418.46,17871.79,12155.15,767420.15,0.0,509200.67,0.0,465939.01,3.39,0.0,0.0,0.0,139828.3,0.0,0.0,17871.47,12155.15,0.32,0.00,468847.72,40352.95
CZ01/RtL&0&cDXHP&Ex&dxHP_equip__pkgEER/NE-dxHP_equip-spltSEER-15.4-SEER2-9-HSPF/instance-out.sql,1912051.26,17650.77,12008.97,767420.15,0.0,509200.67,0.0,465939.01,3.39,0.0,0.0,0.0,139828.3,0.0,0.0,17650.45,12008.97,0.32,0.00,468847.72,40352.95
CZ01/RtL&0&cDXHP&Ex&dxHP_equip__pkgEER/NE-dxHP_equip-spltSEER-16.3-SEER2-9.4-HSPF/instance-out.sql,1911605.9000000001,17350.42,11863.97,767420.15,0.0,509200.67,0.0,465939.01,3.39,0.0,0.0,0.0,139828.3,0.0,0.0,17350.10,11863.97,0.32,0.00,468847.72,40352.95
CZ01/RtL&0&cDXHP&Ex&dxHP_equip__pkgEER/NE-dxHP_equip-spltSEER-17.3-SEER2-9.7-HSPF/instance-out.sql,1911328.52,17183.36,11753.64,767420.15,0.0,509200.67,0.0,465939.01,3.39,0.0,0.0,0.0,139828.3,0.0,0.0,17183.04,11753.64,0.32,0.00,468847.72,40352.95
CZ01/RtL&0&cDXHP&Ex&dxHP_equip__pkgEER/NE-dxAC_equip-pkgEER-14.2-IEER-TE-0.81-VarFan/instance-out.sql,1969808.45,75139.25,12451.46,767420.15,0.0,509200.67,0.0,465765.24,3.39,0.0,0.0,0.0,139828.3,0.0,0.0,0.00,12451.46,75139.25,0.00,468847.72,40352.95
CZ01/RtL&0&cDXHP&Ex&dxHP_equip__pkgEER/NE-dxAC_equip-pkgEER-13.2-IEER-TE-0.81-VarFan/instance-out.sql,1970006.35,75139.25,12649.35,767420.15,0.0,509200.67,0.0,465765.24,3.39,0.0,0.0,0.0,139828.3,0.0,0.0,0.00,12649.35,75139.25,0.00,468847.72,40352.95
CZ01/RtL&0&cDXHP&Ex&dxHP_equip__pkgEER/NE-dxAC_equip-pkgEER-14.8-IEER-TE-0.81-VarFan/instance-out.sql,1969637.3,75139.25,12280.31,767420.15,0.0,509200.67,0.0,465765.24,3.39,0.0,0.0,0.0,139828.3,0.0,0.0,0.00,12280.31,75139.25,0.00,468847.72,40352.95
CZ01/RtL&0&cDXHP&Ex&dxHP_equip__pkgEER/NE-dxAC_equip-pkgSEER-13.4-SEER2-VarFan/instance-out.sql,1969911.03,75139.25,12554.03,767420.15,0.0,509200.67,0.0,465765.24,3.39,0.0,0.0,0.0,139828.3,0.0,0.0,0.00,12554.03,75139.25,0.00,468847.72,40352.95
CZ01/RtS&0&cDXHP&Ex&dxHP_equip__pkgEER/NE-dxAC_equip-pkgEER-14.2-IEER-TE-0.81/instance-out.sql,131881.91999999998,17065.47,277.6,44599.63,0.0,24440.79,0.0,28801.29,3.36,0.0,0.0,0.0,16693.78,0.0,0.0,0.00,277.60,17065.47,0.00,24440.79,0.00
CZ01/RtS&0&cDXHP&Ex&dxHP_equip__pkgEER/NE-dxAC_equip-pkgEER-13.2-IEER-TE-0.81/instance-out.sql,131893.19,17065.47,288.87,44599.63,0.0,24440.79,0.0,28801.29,3.36,0.0,0.0,0.0,16693.78,0.0,0.0,0.00,288.87,17065.47,0.00,24440.79,0.00
CZ01/RtS&0&cDXHP&Ex&dxHP_equip__pkgEER/NE-dxAC_equip-pkgEER-14.8-IEER-TE-0.81/instance-out.sql,131872.18,17065.47,267.86,44599.63,0.0,24440.79,0.0,28801.29,3.36,0.0,0.0,0.0,16693.78,0.0,0.0,0.00,267.86,17065.47,0.00,24440.79,0.00
CZ01/RtS&0&cDXHP&Ex&dxHP_equip__pkgEER/NE-dxAC_equip-pkgSEER-13.4-SEER2/instance-out.sql,131887.77000000002,17065.47,283.45,44599.63,0.0,24440.79,0.0,28801.29,3.36,0.0,0.0,0.0,16693.78,0.0,0.0,0.00,283.45,17065.47,0.00,24440.79,0.00
CZ01/RtS&0&cDXHP&Ex&dxHP_equip__pkgEER/NE-dxAC_equip-pkgEER-12.2-IEER-TE-0.80/instance-out.sql,132116.59,17278.79,298.95,44599.63,0.0,24440.79,0.0,28801.29,3.36,0.0,0.0,0.0,16693.78,0.0,0.0,0.00,298.95,17278.79,0.00,24440.79,0.00
CZ01/RtS&0&cDXHP&Ex&dxHP_equip__pkgEER/NE-dxAC_equip-pkgEER-11.4-IEER-TE-0.80/instance-out.sql,132135.82,17278.79,318.18,44599.63,0.0,24440.79,0.0,28801.29,3.36,0.0,0.0,0.0,16693.78,0.0,0.0,0.00,318.18,17278.79,0.00,24440.79,0.00
CZ01/RtS&0&cDXHP&Ex&dxHP_equip__pkgEER/NE-dxAC_equip-pkgEER-12.7-IEER-TE-0.80/instance-out.sql,132117.34,17278.79,299.7,44599.63,0.0,24440.79,0.0,28801.29,3.36,0.0,0.0,0.0,16693.78,0.0,0.0,0.00,299.70,17278.79,0.00,24440.79,0.00
CZ01/RtS&0&cDXHP&Ex&dxHP_equip__pkgEER/NE-dxAC_equip-pkgSEER-12.35-SEER2/instance-out.sql,132112.9,17278.79,295.26,44599.63,0.0,24440.79,0.0,28801.29,3.36,0.0,0.0,0.0,16693.78,0.0,0.0,0.00,295.26,17278.79,0.00,24440.79,0.00
CZ01/RtS&0&cDXHP&Ex&dxHP_equip__pkgEER/NE-dxHP_equip-pkgEER-14.5-IEER/instance-out.sql,119464.38,4675.06,250.47,44599.63,0.0,24440.79,0.0,28801.29,3.36,0.0,0.0,0.0,16693.78,0.0,0.0,4675.06,250.47,0.00,0.00,24440.79,0.00
CZ01/RtS&0&cDXHP&Ex&dxHP_equip__pkgEER/NE-dxHP_equip-pkgEER-15.5-IEER/instance-out.sql,119454.63,4675.06,240.72,44599.63,0.0,24440.79,0.0,28801.29,3.36,0.0,0.0,0.0,16693.78,0.0,0.0,4675.06,240.72,0.00,0.00,24440.79,0.00
CZ01/RtS&0&cDXHP&Ex&dxHP_equip__pkgEER/NE-dxHP_equip-pkgEER-13.5-IEER/instance-out.sql,119474.27,4675.06,260.35,44599.63,0.0,24440.79,0.0,28801.29,3.36,0.0,0.0,0.0,16693.78,0.0,0.0,4675.06,260.35,0.00,0.00,24440.79,0.00
CZ01/RtS&0&cDXHP&Ex&dxHP_equip__pkgEER/NE-dxHP_equip-pkgEER-14-IEER/instance-out.sql,119466.94,4675.06,253.03,44599.63,0.0,24440.79,0.0,28801.29,3.36,0.0,0.0,0.0,16693.78,0.0,0.0,4675.06,253.03,0.00,0.00,24440.79,0.00
CZ01/RtS&0&cDXHP&Ex&dxHP_equip__pkgEER/NE-dxHP_equip-pkgEER-15-IEER/instance-out.sql,119184.34,4404.77,240.72,44599.63,0.0,24440.79,0.0,28801.29,3.36,0.0,0.0,0.0,16693.78,0.0,0.0,4404.77,240.72,0.00,0.00,24440.79,0.00
CZ01/RtS&0&cDXHP&Ex&dxHP_equip__pkgEER/NE-dxHP_equip-pkgEER-16-IEER/instance-out.sql,119171.58,4404.77,227.96,44599.63,0.0,24440.79,0.0,28801.29,3.36,0.0,0.0,0.0,16693.78,0.0,0.0,4404.77,227.96,0.00,0.00,24440.79,0.00
CZ01/RtS&0&cDXHP&Ex&dxHP_equip__pkgEER/NE-dxHP_equip-pkgSEER-15.4-SEER2/instance-out.sql,118818.99,4048.44,231.7,44599.63,0.0,24440.79,0.0,28801.29,3.36,0.0,0.0,0.0,16693.78,0.0,0.0,4048.44,231.70,0.00,0.00,24440.79,0.00
CZ01/RtS&0&cDXHP&Ex&dxHP_equip__pkgEER/NE-dxHP_equip-pkgSEER-16.3-SEER2/instance-out.sql,118720.62,3958.45,223.33,44599.63,0.0,24440.79,0.0,28801.29,3.36,0.0,0.0,0.0,16693.78,0.0,0.0,3958.45,223.33,0.00,0.00,24440.79,0.00
CZ01/RtS&0&cDXHP&Ex&dxHP_equip__pkgEER/NE-dxHP_equip-pkgSEER-14.4-SEER2-1Stage/instance-out.sql,118900.31999999999,4121.34,240.13,44599.63,0.0,24440.79,0.0,28801.29,3.36,0.0,0.0,0.0,16693.78,0.0,0.0,4121.34,240.13,0.00,0.00,24440.79,0.00
CZ01/RtS&0&cDXHP&Ex&dxHP_equip__pkgEER/NE-dxHP_equip-pkgSEER-14.4-SEER2-2Stage/instance-out.sql,105467.59,2949.26,329.91,44599.63,0.0,24440.79,0.0,16450.85,3.36,0.0,0.0,0.0,16693.79,0.0,0.0,2949.26,329.91,0.00,0.00,24440.79,0.00
CZ01/RtS&0&cDXHP&Ex&dxHP_equip__pkgEER/NE-dxHP_equip-spltSEER-14.4-SEER2-8.7-HSPF/instance-out.sql,118786.92,4007.94,240.13,44599.63,0.0,24440.79,0.0,28801.29,3.36,0.0,0.0,0.0,16693.78,0.0,0.0,4007.94,240.13,0.00,0.00,24440.79,0.00
CZ01/RtS&0&cDXHP&Ex&dxHP_equip__pkgEER/NE-dxHP_equip-spltSEER-15.4-SEER2-9-HSPF/instance-out.sql,118728.99,3958.45,231.7,44599.63,0.0,24440.79,0.0,28801.29,3.36,0.0,0.0,0.0,16693.78,0.0,0.0,3958.45,231.70,0.00,0.00,24440.79,0.00
CZ01/RtS&0&cDXHP&Ex&dxHP_equip__pkgEER/NE-dxHP_equip-spltSEER-16.3-SEER2-9.4-HSPF/instance-out.sql,118653.36,3891.19,223.33,44599.63,0.0,24440.79,0.0,28801.29,3.36,0.0,0.0,0.0,16693.78,0.0,0.0,3891.19,223.33,0.00,0.00,24440.79,0.00
CZ01/RtS&0&cDXHP&Ex&dxHP_equip__pkgEER/NE-dxHP_equip-spltSEER-17.3-SEER2-9.7-HSPF/instance-out.sql,118609.59,3853.78,216.96,44599.63,0.0,24440.79,0.0,28801.29,3.36,0.0,0.0,0.0,16693.78,0.0,0.0,3853.78,216.96,0.00,0.00,24440.79,0.00
CZ01/RtS&0&cDXHP&Ex&dxHP_equip__pkgEER/NE-dxAC_equip-pkgEER-14.2-IEER-TE-0.81-VarFan/instance-out.sql,131875.62,17070.21,277.55,44599.63,0.0,24440.79,0.0,28790.3,3.36,0.0,0.0,0.0,16693.78,0.0,0.0,0.00,277.55,17070.21,0.00,24440.79,0.00
CZ01/RtS&0&cDXHP&Ex&dxHP_equip__pkgEER/NE-dxAC_equip-pkgEER-13.2-IEER-TE-0.81-VarFan/instance-out.sql,131886.88999999998,17070.21,288.82,44599.63,0.0,24440.79,0.0,28790.3,3.36,0.0,0.0,0.0,16693.78,0.0,0.0,0.00,288.82,17070.21,0.00,24440.79,0.00
CZ01/RtS&0&cDXHP&Ex&dxHP_equip__pkgEER/NE-dxAC_equip-pkgEER-14.8-IEER-TE-0.81-VarFan/instance-out.sql,131865.88,17070.21,267.81,44599.63,0.0,24440.79,0.0,28790.3,3.36,0.0,0.0,0.0,16693.78,0.0,0.0,0.00,267.81,17070.21,0.00,24440.79,0.00
CZ01/RtS&0&cDXHP&Ex&dxHP_equip__pkgEER/NE-dxAC_equip-pkgSEER-13.4-SEER2-VarFan/instance-out.sql,131881.46,17070.21,283.39,44599.63,0.0,24440.79,0.0,28790.3,3.36,0.0,0.0,0.0,16693.78,0.0,0.0,0.00,283.39,17070.21,0.00,24440.79,0.00
CZ01/SCn&0&cDXHP&Ex&dxHP_equip__pkgEER/NE-dxAC_equip-pkgEER-14.2-IEER-TE-0.81/instance-out.sql,4139824.94,1360845.97,2477.52,850055.03,0.0,449066.39,0.0,1384028.31,3.36,0.0,0.0,0.0,93348.36,0.0,0.0,0.00,2477.52,1360845.97,0.00,449066.39,0.00
CZ01/SCn&0&cDXHP&Ex&dxHP_equip__pkgEER/NE-dxAC_equip-pkgEER-13.2-IEER-TE-0.81/instance-out.sql,4139936.21,1360845.97,2588.79,850055.03,0.0,449066.39,0.0,1384028.31,3.36,0.0,0.0,0.0,93348.36,0.0,0.0,0.00,2588.79,1360845.97,0.00,449066.39,0.00
CZ01/SCn&0&cDXHP&Ex&dxHP_equip__pkgEER/NE-dxAC_equip-pkgEER-14.8-IEER-TE-0.81/instance-out.sql,4139728.71,1360845.97,2381.29,850055.03,0.0,449066.39,0.0,1384028.31,3.36,0.0,0.0,0.0,93348.36,0.0,0.0,0.00,2381.29,1360845.97,0.00,449066.39,0.00
CZ01/SCn&0&cDXHP&Ex&dxHP_equip__pkgEER/NE-dxAC_equip-pkgSEER-13.4-SEER2/instance-out.sql,4139882.61,1360845.97,2535.19,850055.03,0.0,449066.39,0.0,1384028.31,3.36,0.0,0.0,0.0,93348.36,0.0,0.0,0.00,2535.19,1360845.97,0.00,449066.39,0.00
CZ01/SCn&0&cDXHP&Ex&dxHP_equip__pkgEER/NE-dxAC_equip-pkgEER-12.2-IEER-TE-0.80/instance-out.sql,4157046.3,1377856.54,2688.31,850055.03,0.0,449066.39,0.0,1384028.31,3.36,0.0,0.0,0.0,93348.36,0.0,0.0,0.00,2688.31,1377856.54,0.00,449066.39,0.00
CZ01/SCn&0&cDXHP&Ex&dxHP_equip__pkgEER/NE-dxAC_equip-pkgEER-11.4-IEER-TE-0.80/instance-out.sql,4157236.1999999997,1377856.54,2878.21,850055.03,0.0,449066.39,0.0,1384028.31,3.36,0.0,0.0,0.0,93348.36,0.0,0.0,0.00,2878.21,1377856.54,0.00,449066.39,0.00
CZ01/SCn&0&cDXHP&Ex&dxHP_equip__pkgEER/NE-dxAC_equip-pkgEER-12.7-IEER-TE-0.80/instance-out.sql,4157053.6999999997,1377856.54,2695.71,850055.03,0.0,449066.39,0.0,1384028.31,3.36,0.0,0.0,0.0,93348.36,0.0,0.0,0.00,2695.71,1377856.54,0.00,449066.39,0.00
CZ01/SCn&0&cDXHP&Ex&dxHP_equip__pkgEER/NE-dxAC_equip-pkgSEER-12.35-SEER2/instance-out.sql,4157009.88,1377856.54,2651.89,850055.03,0.0,449066.39,0.0,1384028.31,3.36,0.0,0.0,0.0,93348.36,0.0,0.0,0.00,2651.89,1377856.54,0.00,449066.39,0.00
CZ01/SCn&0&cDXHP&Ex&dxHP_equip__pkgEER/NE-dxHP_equip-pkgEER-14.5-IEER/instance-out.sql,3146457.81,367478.35,2478.01,850055.03,0.0,449066.39,0.0,1384028.31,3.36,0.0,0.0,0.0,93348.36,0.0,0.0,367478.35,2478.01,0.00,0.00,449066.39,0.00
CZ01/SCn&0&cDXHP&Ex&dxHP_equip__pkgEER/NE-dxHP_equip-pkgEER-15.5-IEER/instance-out.sql,3146361.34,367478.35,2381.54,850055.03,0.0,449066.39,0.0,1384028.31,3.36,0.0,0.0,0.0,93348.36,0.0,0.0,367478.35,2381.54,0.00,0.00,449066.39,0.00
CZ01/SCn&0&cDXHP&Ex&dxHP_equip__pkgEER/NE-dxHP_equip-pkgEER-13.5-IEER/instance-out.sql,3146555.63,367478.35,2575.82,850055.03,0.0,449066.39,0.0,1384028.31,3.36,0.0,0.0,0.0,93348.36,0.0,0.0,367478.35,2575.82,0.00,0.00,449066.39,0.00
CZ01/SCn&0&cDXHP&Ex&dxHP_equip__pkgEER/NE-dxHP_equip-pkgEER-14-IEER/instance-out.sql,3146483.1599999997,367478.35,2503.36,850055.03,0.0,449066.39,0.0,1384028.31,3.36,0.0,0.0,0.0,93348.36,0.0,0.0,367478.35,2503.36,0.00,0.00,449066.39,0.00
CZ01/SCn&0&cDXHP&Ex&dxHP_equip__pkgEER/NE-dxHP_equip-pkgEER-15-IEER/instance-out.sql,3124995.78,346112.79,2381.54,850055.03,0.0,449066.39,0.0,1384028.31,3.36,0.0,0.0,0.0,93348.36,0.0,0.0,346112.79,2381.54,0.00,0.00,449066.39,0.00
CZ01/SCn&0&cDXHP&Ex&dxHP_equip__pkgEER/NE-dxHP_equip-pkgEER-16-IEER/instance-out.sql,3124869.57,346112.79,2255.33,850055.03,0.0,449066.39,0.0,1384028.31,3.36,0.0,0.0,0.0,93348.36,0.0,0.0,346112.79,2255.33,0.00,0.00,449066.39,0.00
CZ01/SCn&0&cDXHP&Ex&dxHP_equip__pkgEER/NE-dxHP_equip-pkgSEER-15.4-SEER2/instance-out.sql,3096740.1399999997,317946.39,2292.3,850055.03,0.0,449066.39,0.0,1384028.31,3.36,0.0,0.0,0.0,93348.36,0.0,0.0,317946.39,2292.30,0.00,0.00,449066.39,0.00
CZ01/SCn&0&cDXHP&Ex&dxHP_equip__pkgEER/NE-dxHP_equip-pkgSEER-16.3-SEER2/instance-out.sql,3089543.4899999998,310832.53,2209.51,850055.03,0.0,449066.39,0.0,1384028.31,3.36,0.0,0.0,0.0,93348.36,0.0,0.0,310832.53,2209.51,0.00,0.00,449066.39,0.00
CZ01/SCn&0&cDXHP&Ex&dxHP_equip__pkgEER/NE-dxHP_equip-pkgSEER-14.4-SEER2-1Stage/instance-out.sql,3102585.94,323708.73,2375.76,850055.03,0.0,449066.39,0.0,1384028.31,3.36,0.0,0.0,0.0,93348.36,0.0,0.0,323708.73,2375.76,0.00,0.00,449066.39,0.00
CZ01/SCn&0&cDXHP&Ex&dxHP_equip__pkgEER/NE-dxHP_equip-pkgSEER-14.4-SEER2-2Stage/instance-out.sql,2516512.5,257368.11,1693.54,850055.03,0.0,449066.39,0.0,864977.71,3.36,0.0,0.0,0.0,93348.37,0.0,0.0,257368.11,1693.54,0.00,0.00,449066.39,0.00
CZ01/SCn&0&cDXHP&Ex&dxHP_equip__pkgEER/NE-dxHP_equip-spltSEER-14.4-SEER2-8.7-HSPF/instance-out.sql,3093622.06,314744.85,2375.76,850055.03,0.0,449066.39,0.0,1384028.31,3.36,0.0,0.0,0.0,93348.36,0.0,0.0,314744.85,2375.76,0.00,0.00,449066.39,0.00
CZ01/SCn&0&cDXHP&Ex&dxHP_equip__pkgEER/NE-dxHP_equip-spltSEER-15.4-SEER2-9-HSPF/instance-out.sql,3089626.28,310832.53,2292.3,850055.03,0.0,449066.39,0.0,1384028.31,3.36,0.0,0.0,0.0,93348.36,0.0,0.0,310832.53,2292.30,0.00,0.00,449066.39,0.00
CZ01/SCn&0&cDXHP&Ex&dxHP_equip__pkgEER/NE-dxHP_equip-spltSEER-16.3-SEER2-9.4-HSPF/instance-out.sql,3084226.94,305515.98,2209.51,850055.03,0.0,449066.39,0.0,1384028.31,3.36,0.0,0.0,0.0,93348.36,0.0,0.0,305515.98,2209.51,0.00,0.00,449066.39,0.00
CZ01/SCn&0&cDXHP&Ex&dxHP_equip__pkgEER/NE-dxHP_equip-spltSEER-17.3-SEER2-9.7-HSPF/instance-out.sql,3081206.84,302558.87,2146.52,850055.03,0.0,449066.39,0.0,1384028.31,3.36,0.0,0.0,0.0,93348.36,0.0,0.0,302558.87,2146.52,0.00,0.00,449066.39,0.00
CZ02/Asm&0&cDXHP&Ex&dxHP_equip__pkgEER/NE-dxAC_equip-pkgEER-14.2-IEER-TE-0.81/instance-out.sql,831419.5900000001,213451.16,73418.85,153727.01,0.0,145823.51,0.0,222184.59,3.36,0.0,0.0,0.0,22811.11,0.0,0.0,0.00,73418.85,213451.16,0.00,145823.51,0.00
CZ02/Asm&0&cDXHP&Ex&dxHP_equip__pkgEER/NE-dxAC_equip-pkgEER-13.2-IEER-TE-0.81/instance-out.sql,834751.4600000001,213451.16,76750.72,153727.01,0.0,145823.51,0.0,222184.59,3.36,0.0,0.0,0.0,22811.11,0.0,0.0,0.00,76750.72,213451.16,0.00,145823.51,0.00
CZ02/Asm&0&cDXHP&Ex&dxHP_equip__pkgEER/NE-dxAC_equip-pkgEER-14.8-IEER-TE-0.81/instance-out.sql,828537.98,213451.16,70537.23,153727.01,0.0,145823.51,0.0,222184.59,3.36,0.0,0.0,0.0,22811.11,0.0,0.0,0.00,70537.23,213451.16,0.00,145823.51,0.00
CZ02/Asm&0&cDXHP&Ex&dxHP_equip__pkgEER/NE-dxAC_equip-pkgSEER-13.4-SEER2/instance-out.sql,833146.5800000001,213451.16,75145.84,153727.01,0.0,145823.51,0.0,222184.59,3.36,0.0,0.0,0.0,22811.11,0.0,0.0,0.00,75145.84,213451.16,0.00,145823.51,0.00
CZ02/Asm&0&cDXHP&Ex&dxHP_equip__pkgEER/NE-dxAC_equip-pkgEER-12.2-IEER-TE-0.80/instance-out.sql,840399.76,216119.3,79730.89,153727.01,0.0,145823.51,0.0,222184.59,3.36,0.0,0.0,0.0,22811.11,0.0,0.0,0.00,79730.89,216119.30,0.00,145823.51,0.00
CZ02/Asm&0&cDXHP&Ex&dxHP_equip__pkgEER/NE-dxAC_equip-pkgEER-11.4-IEER-TE-0.80/instance-out.sql,846086.41,216119.3,85417.54,153727.01,0.0,145823.51,0.0,222184.59,3.36,0.0,0.0,0.0,22811.11,0.0,0.0,0.00,85417.54,216119.30,0.00,145823.51,0.00
CZ02/Asm&0&cDXHP&Ex&dxHP_equip__pkgEER/NE-dxAC_equip-pkgEER-12.7-IEER-TE-0.80/instance-out.sql,840621.53,216119.3,79952.65,153727.01,0.0,145823.51,0.0,222184.59,3.36,0.0,0.0,0.0,22811.11,0.0,0.0,0.00,79952.65,216119.30,0.00,145823.51,0.00
CZ02/Asm&0&cDXHP&Ex&dxHP_equip__pkgEER/NE-dxAC_equip-pkgSEER-12.35-SEER2/instance-out.sql,839309.17,216119.3,78640.3,153727.01,0.0,145823.51,0.0,222184.59,3.36,0.0,0.0,0.0,22811.11,0.0,0.0,0.00,78640.30,216119.30,0.00,145823.51,0.00
CZ02/Asm&0&cDXHP&Ex&dxHP_equip__pkgEER/NE-dxHP_equip-pkgEER-14.5-IEER/instance-out.sql,675920.33,58302.91,73067.85,153727.01,0.0,145823.51,0.0,222184.59,3.36,0.0,0.0,0.0,22811.11,0.0,0.0,58302.91,73067.85,0.00,0.00,145823.51,0.00
CZ02/Asm&0&cDXHP&Ex&dxHP_equip__pkgEER/NE-dxHP_equip-pkgEER-15.5-IEER/instance-out.sql,673075.84,58302.91,70223.36,153727.01,0.0,145823.51,0.0,222184.59,3.36,0.0,0.0,0.0,22811.11,0.0,0.0,58302.91,70223.36,0.00,0.00,145823.51,0.00
CZ02/Asm&0&cDXHP&Ex&dxHP_equip__pkgEER/NE-dxHP_equip-pkgEER-13.5-IEER/instance-out.sql,678804.59,58302.91,75952.1,153727.01,0.0,145823.51,0.0,222184.59,3.36,0.0,0.0,0.0,22811.11,0.0,0.0,58302.91,75952.10,0.00,0.00,145823.51,0.00
CZ02/Asm&0&cDXHP&Ex&dxHP_equip__pkgEER/NE-dxHP_equip-pkgEER-14-IEER/instance-out.sql,676667.83,58302.91,73815.34,153727.01,0.0,145823.51,0.0,222184.59,3.36,0.0,0.0,0.0,22811.11,0.0,0.0,58302.91,73815.34,0.00,0.00,145823.51,0.00
CZ02/Asm&0&cDXHP&Ex&dxHP_equip__pkgEER/NE-dxHP_equip-pkgEER-15-IEER/instance-out.sql,669750.01,54977.08,70223.36,153727.01,0.0,145823.51,0.0,222184.59,3.36,0.0,0.0,0.0,22811.11,0.0,0.0,54977.08,70223.36,0.00,0.00,145823.51,0.00
CZ02/Asm&0&cDXHP&Ex&dxHP_equip__pkgEER/NE-dxHP_equip-pkgEER-16-IEER/instance-out.sql,666028.5,54977.08,66501.84,153727.01,0.0,145823.51,0.0,222184.59,3.36,0.0,0.0,0.0,22811.11,0.0,0.0,54977.08,66501.84,0.00,0.00,145823.51,0.00
CZ02/Asm&0&cDXHP&Ex&dxHP_equip__pkgEER/NE-dxHP_equip-pkgSEER-15.4-SEER2/instance-out.sql,662734.22,50592.61,67592.04,153727.01,0.0,145823.51,0.0,222184.59,3.36,0.0,0.0,0.0,22811.11,0.0,0.0,50592.61,67592.04,0.00,0.00,145823.51,0.00
CZ02/Asm&0&cDXHP&Ex&dxHP_equip__pkgEER/NE-dxHP_equip-pkgSEER-16.3-SEER2/instance-out.sql,659185.61,49485.25,65150.79,153727.01,0.0,145823.51,0.0,222184.59,3.36,0.0,0.0,0.0,22811.11,0.0,0.0,49485.25,65150.79,0.00,0.00,145823.51,0.00
CZ02/Asm&0&cDXHP&Ex&dxHP_equip__pkgEER/NE-dxHP_equip-pkgSEER-14.4-SEER2-1Stage/instance-out.sql,666092.08,51489.6,70052.91,153727.01,0.0,145823.51,0.0,222184.59,3.36,0.0,0.0,0.0,22811.11,0.0,0.0,51489.60,70052.91,0.00,0.00,145823.51,0.00
CZ02/Asm&0&cDXHP&Ex&dxHP_equip__pkgEER/NE-dxHP_equip-pkgSEER-14.4-SEER2-2Stage/instance-out.sql,566471.9900000001,21451.58,70096.71,153727.01,0.0,145823.51,0.0,152558.64,3.36,0.0,0.0,0.0,22811.18,0.0,0.0,21451.58,70096.71,0.00,0.00,145823.51,0.00
CZ02/Asm&0&cDXHP&Ex&dxHP_equip__pkgEER/NE-dxHP_equip-spltSEER-14.4-SEER2-8.7-HSPF/instance-out.sql,664696.74,50094.25,70052.91,153727.01,0.0,145823.51,0.0,222184.59,3.36,0.0,0.0,0.0,22811.11,0.0,0.0,50094.25,70052.91,0.00,0.00,145823.51,0.00
CZ02/Asm&0&cDXHP&Ex&dxHP_equip__pkgEER/NE-dxHP_equip-spltSEER-15.4-SEER2-9-HSPF/instance-out.sql,661626.86,49485.25,67592.04,153727.01,0.0,145823.51,0.0,222184.59,3.36,0.0,0.0,0.0,22811.11,0.0,0.0,49485.25,67592.04,0.00,0.00,145823.51,0.00
CZ02/Asm&0&cDXHP&Ex&dxHP_equip__pkgEER/NE-dxHP_equip-spltSEER-16.3-SEER2-9.4-HSPF/instance-out.sql,658358.02,48657.66,65150.79,153727.01,0.0,145823.51,0.0,222184.59,3.36,0.0,0.0,0.0,22811.11,0.0,0.0,48657.66,65150.79,0.00,0.00,145823.51,0.00
CZ02/Asm&0&cDXHP&Ex&dxHP_equip__pkgEER/NE-dxHP_equip-spltSEER-17.3-SEER2-9.7-HSPF/instance-out.sql,656040.34,48197.35,63293.42,153727.01,0.0,145823.51,0.0,222184.59,3.36,0.0,0.0,0.0,22811.11,0.0,0.0,48197.35,63293.42,0.00,0.00,145823.51,0.00
CZ02/ECC&0&cDXHP&Ex&dxHP_equip__pkgEER/NE-dxAC_equip-pkgEER-14.2-IEER-TE-0.81/instance-out.sql,2682149.5300000003,92120.21,193631.15,358430.2,0.0,1013813.91,0.0,569874.55,914.88,0.0,0.0,0.0,453364.62,0.0,0.0,0.00,193631.15,92120.21,0.00,945189.93,68623.98
CZ02/ECC&0&cDXHP&Ex&dxHP_equip__pkgEER/NE-dxAC_equip-pkgEER-13.2-IEER-TE-0.81/instance-out.sql,2688647.59,92120.21,200129.21,358430.2,0.0,1013813.91,0.0,569874.55,914.88,0.0,0.0,0.0,453364.62,0.0,0.0,0.00,200129.21,92120.21,0.00,945189.93,68623.98
CZ02/ECC&0&cDXHP&Ex&dxHP_equip__pkgEER/NE-dxAC_equip-pkgEER-14.8-IEER-TE-0.81/instance-out.sql,2676529.58,92120.21,188011.21,358430.2,0.0,1013813.91,0.0,569874.55,914.88,0.0,0.0,0.0,453364.62,0.0,0.0,0.00,188011.21,92120.21,0.00,945189.93,68623.98
CZ02/ECC&0&cDXHP&Ex&dxHP_equip__pkgEER/NE-dxAC_equip-pkgSEER-13.4-SEER2/instance-out.sql,2685517.63,92120.21,196999.26,358430.2,0.0,1013813.91,0.0,569874.55,914.88,0.0,0.0,0.0,453364.62,0.0,0.0,0.00,196999.26,92120.21,0.00,945189.93,68623.98
CZ02/ECC&0&cDXHP&Ex&dxHP_equip__pkgEER/NE-dxAC_equip-pkgEER-12.2-IEER-TE-0.80/instance-out.sql,2695602.76,93263.22,205941.37,358430.2,0.0,1013813.91,0.0,569874.55,914.88,0.0,0.0,0.0,453364.62,0.0,0.0,0.00,205941.37,93263.22,0.00,945189.93,68623.98
CZ02/ECC&0&cDXHP&Ex&dxHP_equip__pkgEER/NE-dxAC_equip-pkgEER-11.4-IEER-TE-0.80/instance-out.sql,2706693.3,93263.22,217031.91,358430.2,0.0,1013813.91,0.0,569874.55,914.88,0.0,0.0,0.0,453364.62,0.0,0.0,0.00,217031.91,93263.22,0.00,945189.93,68623.98
CZ02/ECC&0&cDXHP&Ex&dxHP_equip__pkgEER/NE-dxAC_equip-pkgEER-12.7-IEER-TE-0.80/instance-out.sql,2696035.26,93263.22,206373.87,358430.2,0.0,1013813.91,0.0,569874.55,914.88,0.0,0.0,0.0,453364.62,0.0,0.0,0.00,206373.87,93263.22,0.00,945189.93,68623.98
CZ02/ECC&0&cDXHP&Ex&dxHP_equip__pkgEER/NE-dxAC_equip-pkgSEER-12.35-SEER2/instance-out.sql,2693475.8,93263.22,203814.42,358430.2,0.0,1013813.91,0.0,569874.55,914.88,0.0,0.0,0.0,453364.62,0.0,0.0,0.00,203814.42,93263.22,0.00,945189.93,68623.98
CZ02/ECC&0&cDXHP&Ex&dxHP_equip__pkgEER/NE-dxHP_equip-pkgEER-14.5-IEER/instance-out.sql,2618462.57,28687.350000000002,193437.74,358430.2,0.0,1013813.91,0.0,569836.74,914.89,0.0,0.0,0.0,453341.73,0.0,0.0,28008.40,193437.74,678.95,0.00,945189.93,68623.98
CZ02/ECC&0&cDXHP&Ex&dxHP_equip__pkgEER/NE-dxHP_equip-pkgEER-15.5-IEER/instance-out.sql,2612890.62,28687.350000000002,187865.79,358430.2,0.0,1013813.91,0.0,569836.74,914.89,0.0,0.0,0.0,453341.73,0.0,0.0,28008.40,187865.79,678.95,0.00,945189.93,68623.98
CZ02/ECC&0&cDXHP&Ex&dxHP_equip__pkgEER/NE-dxHP_equip-pkgEER-13.5-IEER/instance-out.sql,2624112.42,28687.350000000002,199087.59,358430.2,0.0,1013813.91,0.0,569836.74,914.89,0.0,0.0,0.0,453341.73,0.0,0.0,28008.40,199087.59,678.95,0.00,945189.93,68623.98
CZ02/ECC&0&cDXHP&Ex&dxHP_equip__pkgEER/NE-dxHP_equip-pkgEER-14-IEER/instance-out.sql,2619926.81,28687.350000000002,194901.98,358430.2,0.0,1013813.91,0.0,569836.74,914.89,0.0,0.0,0.0,453341.73,0.0,0.0,28008.40,194901.98,678.95,0.00,945189.93,68623.98
CZ02/ECC&0&cDXHP&Ex&dxHP_equip__pkgEER/NE-dxHP_equip-pkgEER-15-IEER/instance-out.sql,2611365.34,27162.07,187865.79,358430.2,0.0,1013813.91,0.0,569836.74,914.89,0.0,0.0,0.0,453341.73,0.0,0.0,26483.12,187865.79,678.95,0.00,945189.93,68623.98
CZ02/ECC&0&cDXHP&Ex&dxHP_equip__pkgEER/NE-dxHP_equip-pkgEER-16-IEER/instance-out.sql,2604075.42,27162.07,180575.87,358430.2,0.0,1013813.91,0.0,569836.74,914.89,0.0,0.0,0.0,453341.73,0.0,0.0,26483.12,180575.87,678.95,0.00,945189.93,68623.98
CZ02/ECC&0&cDXHP&Ex&dxHP_equip__pkgEER/NE-dxHP_equip-pkgSEER-15.4-SEER2/instance-out.sql,2604200.16,25151.27,182711.41,358430.2,0.0,1013813.91,0.0,569836.74,914.89,0.0,0.0,0.0,453341.73,0.0,0.0,24472.32,182711.41,678.95,0.00,945189.93,68623.98
CZ02/ECC&0&cDXHP&Ex&dxHP_equip__pkgEER/NE-dxHP_equip-pkgSEER-16.3-SEER2/instance-out.sql,2598910.25,24643.420000000002,177929.35,358430.2,0.0,1013813.91,0.0,569836.74,914.89,0.0,0.0,0.0,453341.73,0.0,0.0,23964.47,177929.35,678.95,0.00,945189.93,68623.98
CZ02/ECC&0&cDXHP&Ex&dxHP_equip__pkgEER/NE-dxHP_equip-pkgSEER-14.4-SEER2-1Stage/instance-out.sql,2609432.04,25562.65,187531.91,358430.2,0.0,1013813.91,0.0,569836.74,914.89,0.0,0.0,0.0,453341.73,0.0,0.0,24883.70,187531.91,678.95,0.00,945189.93,68623.98
CZ02/ECC&0&cDXHP&Ex&dxHP_equip__pkgEER/NE-dxHP_equip-pkgSEER-14.4-SEER2-2Stage/instance-out.sql,2430995.61,16338.79,182672.91,358430.2,0.0,1013813.91,0.0,405586.09,908.61,0.0,0.0,0.0,453245.1,0.0,0.0,15606.44,182672.91,732.35,0.00,945189.93,68623.98
CZ02/ECC&0&cDXHP&Ex&dxHP_equip__pkgEER/NE-dxHP_equip-spltSEER-14.4-SEER2-8.7-HSPF/instance-out.sql,2608792.11,24922.72,187531.91,358430.2,0.0,1013813.91,0.0,569836.74,914.89,0.0,0.0,0.0,453341.73,0.0,0.0,24243.77,187531.91,678.95,0.00,945189.93,68623.98
CZ02/ECC&0&cDXHP&Ex&dxHP_equip__pkgEER/NE-dxHP_equip-spltSEER-15.4-SEER2-9-HSPF/instance-out.sql,2603692.31,24643.420000000002,182711.41,358430.2,0.0,1013813.91,0.0,569836.74,914.89,0.0,0.0,0.0,453341.73,0.0,0.0,23964.47,182711.41,678.95,0.00,945189.93,68623.98
CZ02/ECC&0&cDXHP&Ex&dxHP_equip__pkgEER/NE-dxHP_equip-spltSEER-16.3-SEER2-9.4-HSPF/instance-out.sql,2598530.71,24263.87,177929.35,358430.2,0.0,1013813.91,0.0,569836.74,914.89,0.0,0.0,0.0,453341.73,0.0,0.0,23584.92,177929.35,678.95,0.00,945189.93,68623.98
CZ02/ECC&0&cDXHP&Ex&dxHP_equip__pkgEER/NE-dxHP_equip-spltSEER-17.3-SEER2-9.7-HSPF/instance-out.sql,2594681.2800000003,24052.760000000002,174291.03,358430.2,0.0,1013813.91,0.0,569836.74,914.89,0.0,0.0,0.0,453341.73,0.0,0.0,23373.81,174291.03,678.95,0.00,945189.93,68623.98
CZ02/ECC&0&cDXHP&Ex&dxHP_equip__pkgEER/NE-dxAC_equip-pkgEER-14.2-IEER-TE-0.81-VarFan/instance-out.sql,2681964.74,92133.6,193615.55,358430.2,0.0,1013813.91,0.0,569688.66,914.88,0.0,0.0,0.0,453367.92,0.0,0.0,0.00,193615.55,92133.60,0.00,945189.93,68623.98
CZ02/ECC&0&cDXHP&Ex&dxHP_equip__pkgEER/NE-dxAC_equip-pkgEER-13.2-IEER-TE-0.81-VarFan/instance-out.sql,2688462.0700000003,92133.6,200112.88,358430.2,0.0,1013813.91,0.0,569688.66,914.88,0.0,0.0,0.0,453367.92,0.0,0.0,0.00,200112.88,92133.60,0.00,945189.93,68623.98
CZ02/ECC&0&cDXHP&Ex&dxHP_equip__pkgEER/NE-dxAC_equip-pkgEER-14.8-IEER-TE-0.81-VarFan/instance-out.sql,2676345.4299999997,92133.6,187996.24,358430.2,0.0,1013813.91,0.0,569688.66,914.88,0.0,0.0,0.0,453367.92,0.0,0.0,0.00,187996.24,92133.60,0.00,945189.93,68623.98
CZ02/ECC&0&cDXHP&Ex&dxHP_equip__pkgEER/NE-dxAC_equip-pkgSEER-13.4-SEER2-VarFan/instance-out.sql,2685332.4699999997,92133.6,196983.28,358430.2,0.0,1013813.91,0.0,569688.66,914.88,0.0,0.0,0.0,453367.92,0.0,0.0,0.00,196983.28,92133.60,0.00,945189.93,68623.98
CZ02/EPr&0&cDXHP&Ex&dxHP_equip__pkgEER/NE-dxAC_equip-pkgEER-14.2-IEER-TE-0.81/instance-out.sql,423111.66000000003,29671.72,33534.64,64700.97,0.0,125897.03,0.0,82752.96,3.37,0.0,0.0,0.0,86550.97,0.0,0.0,0.00,33534.64,29671.72,0.00,83226.75,42670.28
CZ02/EPr&0&cDXHP&Ex&dxHP_equip__pkgEER/NE-dxAC_equip-pkgEER-13.2-IEER-TE-0.81/instance-out.sql,424147.82000000007,29671.72,34570.8,64700.97,0.0,125897.03,0.0,82752.96,3.37,0.0,0.0,0.0,86550.97,0.0,0.0,0.00,34570.80,29671.72,0.00,83226.75,42670.28
CZ02/EPr&0&cDXHP&Ex&dxHP_equip__pkgEER/NE-dxAC_equip-pkgEER-14.8-IEER-TE-0.81/instance-out.sql,422215.52,29671.72,32638.5,64700.97,0.0,125897.03,0.0,82752.96,3.37,0.0,0.0,0.0,86550.97,0.0,0.0,0.00,32638.50,29671.72,0.00,83226.75,42670.28
CZ02/EPr&0&cDXHP&Ex&dxHP_equip__pkgEER/NE-dxAC_equip-pkgSEER-13.4-SEER2/instance-out.sql,423648.73,29671.72,34071.7,64700.97,0.0,125897.03,0.0,82752.96,3.37,0.0,0.0,0.0,86550.97,0.0,0.0,0.00,34071.70,29671.72,0.00,83226.75,42670.28
CZ02/EPr&0&cDXHP&Ex&dxHP_equip__pkgEER/NE-dxAC_equip-pkgEER-12.2-IEER-TE-0.80/instance-out.sql,425445.51,30042.62,35497.58,64700.97,0.0,125897.03,0.0,82752.96,3.37,0.0,0.0,0.0,86550.97,0.0,0.0,0.00,35497.58,30042.62,0.00,83226.75,42670.28
CZ02/EPr&0&cDXHP&Ex&dxHP_equip__pkgEER/NE-dxAC_equip-pkgEER-11.4-IEER-TE-0.80/instance-out.sql,427213.97000000003,30042.62,37266.04,64700.97,0.0,125897.03,0.0,82752.96,3.37,0.0,0.0,0.0,86550.97,0.0,0.0,0.00,37266.04,30042.62,0.00,83226.75,42670.28
CZ02/EPr&0&cDXHP&Ex&dxHP_equip__pkgEER/NE-dxAC_equip-pkgEER-12.7-IEER-TE-0.80/instance-out.sql,425514.47000000003,30042.62,35566.55,64700.97,0.0,125897.03,0.0,82752.96,3.37,0.0,0.0,0.0,86550.97,0.0,0.0,0.00,35566.55,30042.62,0.00,83226.75,42670.28
CZ02/EPr&0&cDXHP&Ex&dxHP_equip__pkgEER/NE-dxAC_equip-pkgSEER-12.35-SEER2/instance-out.sql,425106.35,30042.62,35158.43,64700.97,0.0,125897.03,0.0,82752.96,3.37,0.0,0.0,0.0,86550.97,0.0,0.0,0.00,35158.43,30042.62,0.00,83226.75,42670.28
CZ02/EPr&0&cDXHP&Ex&dxHP_equip__pkgEER/NE-dxHP_equip-pkgEER-14.5-IEER/instance-out.sql,401990.58,8751.03,33347.94,64700.97,0.0,125897.03,0.0,82739.27,3.37,0.0,0.0,0.0,86550.96,0.0,0.0,8751.03,33347.94,0.00,0.00,83226.75,42670.28
CZ02/EPr&0&cDXHP&Ex&dxHP_equip__pkgEER/NE-dxHP_equip-pkgEER-15.5-IEER/instance-out.sql,401104.89,8751.03,32462.25,64700.97,0.0,125897.03,0.0,82739.27,3.37,0.0,0.0,0.0,86550.96,0.0,0.0,8751.03,32462.25,0.00,0.00,83226.75,42670.28
CZ02/EPr&0&cDXHP&Ex&dxHP_equip__pkgEER/NE-dxHP_equip-pkgEER-13.5-IEER/instance-out.sql,402888.65,8751.03,34246.01,64700.97,0.0,125897.03,0.0,82739.27,3.37,0.0,0.0,0.0,86550.96,0.0,0.0,8751.03,34246.01,0.00,0.00,83226.75,42670.28
CZ02/EPr&0&cDXHP&Ex&dxHP_equip__pkgEER/NE-dxHP_equip-pkgEER-14-IEER/instance-out.sql,402223.32,8751.03,33580.69,64700.97,0.0,125897.03,0.0,82739.27,3.37,0.0,0.0,0.0,86550.96,0.0,0.0,8751.03,33580.69,0.00,0.00,83226.75,42670.28
CZ02/EPr&0&cDXHP&Ex&dxHP_equip__pkgEER/NE-dxHP_equip-pkgEER-15-IEER/instance-out.sql,400623.06,8269.2,32462.25,64700.97,0.0,125897.03,0.0,82739.27,3.37,0.0,0.0,0.0,86550.96,0.0,0.0,8269.20,32462.25,0.00,0.00,83226.75,42670.28
CZ02/EPr&0&cDXHP&Ex&dxHP_equip__pkgEER/NE-dxHP_equip-pkgEER-16-IEER/instance-out.sql,399464.29,8269.2,31303.48,64700.97,0.0,125897.03,0.0,82739.27,3.37,0.0,0.0,0.0,86550.96,0.0,0.0,8269.20,31303.48,0.00,0.00,83226.75,42670.28
CZ02/EPr&0&cDXHP&Ex&dxHP_equip__pkgEER/NE-dxHP_equip-pkgSEER-15.4-SEER2/instance-out.sql,399168.54,7634.0,31642.94,64700.97,0.0,125897.03,0.0,82739.27,3.37,0.0,0.0,0.0,86550.96,0.0,0.0,7634.00,31642.94,0.00,0.00,83226.75,42670.28
CZ02/EPr&0&cDXHP&Ex&dxHP_equip__pkgEER/NE-dxHP_equip-pkgSEER-16.3-SEER2/instance-out.sql,398247.98,7473.57,30882.81,64700.97,0.0,125897.03,0.0,82739.27,3.37,0.0,0.0,0.0,86550.96,0.0,0.0,7473.57,30882.81,0.00,0.00,83226.75,42670.28
CZ02/EPr&0&cDXHP&Ex&dxHP_equip__pkgEER/NE-dxHP_equip-pkgSEER-14.4-SEER2-1Stage/instance-out.sql,400064.74,7763.95,32409.18,64700.97,0.0,125897.03,0.0,82739.27,3.37,0.0,0.0,0.0,86550.96,0.0,0.0,7763.95,32409.18,0.00,0.00,83226.75,42670.28
CZ02/EPr&0&cDXHP&Ex&dxHP_equip__pkgEER/NE-dxHP_equip-pkgSEER-14.4-SEER2-2Stage/instance-out.sql,373180.62,4193.93,32270.42,64700.97,0.0,125897.03,0.0,59563.88,3.37,0.0,0.0,0.0,86551.03,0.0,0.0,4193.93,32270.42,0.00,0.00,83226.75,42670.28
CZ02/EPr&0&cDXHP&Ex&dxHP_equip__pkgEER/NE-dxHP_equip-spltSEER-14.4-SEER2-8.7-HSPF/instance-out.sql,399862.58,7561.8,32409.18,64700.97,0.0,125897.03,0.0,82739.27,3.37,0.0,0.0,0.0,86550.96,0.0,0.0,7561.80,32409.18,0.00,0.00,83226.75,42670.28
CZ02/EPr&0&cDXHP&Ex&dxHP_equip__pkgEER/NE-dxHP_equip-spltSEER-15.4-SEER2-9-HSPF/instance-out.sql,399008.11,7473.57,31642.94,64700.97,0.0,125897.03,0.0,82739.27,3.37,0.0,0.0,0.0,86550.96,0.0,0.0,7473.57,31642.94,0.00,0.00,83226.75,42670.28
CZ02/EPr&0&cDXHP&Ex&dxHP_equip__pkgEER/NE-dxHP_equip-spltSEER-16.3-SEER2-9.4-HSPF/instance-out.sql,398128.09,7353.67,30882.81,64700.97,0.0,125897.03,0.0,82739.27,3.37,0.0,0.0,0.0,86550.96,0.0,0.0,7353.67,30882.81,0.00,0.00,83226.75,42670.28
CZ02/EPr&0&cDXHP&Ex&dxHP_equip__pkgEER/NE-dxHP_equip-spltSEER-17.3-SEER2-9.7-HSPF/instance-out.sql,397483.07,7286.98,30304.48,64700.97,0.0,125897.03,0.0,82739.27,3.37,0.0,0.0,0.0,86550.96,0.0,0.0,7286.98,30304.48,0.00,0.00,83226.75,42670.28
CZ02/EPr&0&cDXHP&Ex&dxHP_equip__pkgEER/NE-dxAC_equip-pkgEER-14.2-IEER-TE-0.81-VarFan/instance-out.sql,423080.9,29679.78,33532.01,64700.97,0.0,125897.03,0.0,82716.77,3.37,0.0,0.0,0.0,86550.97,0.0,0.0,0.00,33532.01,29679.78,0.00,83226.75,42670.28
CZ02/EPr&0&cDXHP&Ex&dxHP_equip__pkgEER/NE-dxAC_equip-pkgEER-13.2-IEER-TE-0.81-VarFan/instance-out.sql,424116.94999999995,29679.78,34568.05,64700.97,0.0,125897.03,0.0,82716.77,3.37,0.0,0.0,0.0,86550.97,0.0,0.0,0.00,34568.05,29679.78,0.00,83226.75,42670.28
CZ02/EPr&0&cDXHP&Ex&dxHP_equip__pkgEER/NE-dxAC_equip-pkgEER-14.8-IEER-TE-0.81-VarFan/instance-out.sql,422184.86,29679.78,32635.97,64700.97,0.0,125897.03,0.0,82716.77,3.37,0.0,0.0,0.0,86550.97,0.0,0.0,0.00,32635.97,29679.78,0.00,83226.75,42670.28
CZ02/EPr&0&cDXHP&Ex&dxHP_equip__pkgEER/NE-dxAC_equip-pkgSEER-13.4-SEER2-VarFan/instance-out.sql,423617.91000000003,29679.78,34069.02,64700.97,0.0,125897.03,0.0,82716.77,3.37,0.0,0.0,0.0,86550.97,0.0,0.0,0.00,34069.02,29679.78,0.00,83226.75,42670.28
CZ02/ERC&0&cDXHP&Ex&dxHP_equip__pkgEER/NE-dxAC_equip-pkgEER-14.2-IEER-TE-0.81/instance-out.sql,20573.89,1989.43,961.7,2224.35,0.0,2196.82,0.0,3879.76,3.36,0.0,0.0,0.0,9318.47,0.0,0.0,0.00,961.70,1989.43,0.00,2196.82,0.00
CZ02/ERC&0&cDXHP&Ex&dxHP_equip__pkgEER/NE-dxAC_equip-pkgEER-13.2-IEER-TE-0.81/instance-out.sql,20616.53,1989.43,1004.34,2224.35,0.0,2196.82,0.0,3879.76,3.36,0.0,0.0,0.0,9318.47,0.0,0.0,0.00,1004.34,1989.43,0.00,2196.82,0.00
CZ02/ERC&0&cDXHP&Ex&dxHP_equip__pkgEER/NE-dxAC_equip-pkgEER-14.8-IEER-TE-0.81/instance-out.sql,20537.010000000002,1989.43,924.82,2224.35,0.0,2196.82,0.0,3879.76,3.36,0.0,0.0,0.0,9318.47,0.0,0.0,0.00,924.82,1989.43,0.00,2196.82,0.00
CZ02/ERC&0&cDXHP&Ex&dxHP_equip__pkgEER/NE-dxAC_equip-pkgSEER-13.4-SEER2/instance-out.sql,20595.989999999998,1989.43,983.8,2224.35,0.0,2196.82,0.0,3879.76,3.36,0.0,0.0,0.0,9318.47,0.0,0.0,0.00,983.80,1989.43,0.00,2196.82,0.00
CZ02/ERC&0&cDXHP&Ex&dxHP_equip__pkgEER/NE-dxAC_equip-pkgEER-12.2-IEER-TE-0.80/instance-out.sql,20679.54,2014.3,1042.48,2224.35,0.0,2196.82,0.0,3879.76,3.36,0.0,0.0,0.0,9318.47,0.0,0.0,0.00,1042.48,2014.30,0.00,2196.82,0.00
CZ02/ERC&0&cDXHP&Ex&dxHP_equip__pkgEER/NE-dxAC_equip-pkgEER-11.4-IEER-TE-0.80/instance-out.sql,20752.32,2014.3,1115.26,2224.35,0.0,2196.82,0.0,3879.76,3.36,0.0,0.0,0.0,9318.47,0.0,0.0,0.00,1115.26,2014.30,0.00,2196.82,0.00
CZ02/ERC&0&cDXHP&Ex&dxHP_equip__pkgEER/NE-dxAC_equip-pkgEER-12.7-IEER-TE-0.80/instance-out.sql,20682.38,2014.3,1045.32,2224.35,0.0,2196.82,0.0,3879.76,3.36,0.0,0.0,0.0,9318.47,0.0,0.0,0.00,1045.32,2014.30,0.00,2196.82,0.00
CZ02/ERC&0&cDXHP&Ex&dxHP_equip__pkgEER/NE-dxAC_equip-pkgSEER-12.35-SEER2/instance-out.sql,20665.58,2014.3,1028.53,2224.35,0.0,2196.82,0.0,3879.76,3.36,0.0,0.0,0.0,9318.47,0.0,0.0,0.00,1028.53,2014.30,0.00,2196.82,0.00
CZ02/ERC&0&cDXHP&Ex&dxHP_equip__pkgEER/NE-dxHP_equip-pkgEER-14.5-IEER/instance-out.sql,19162.15,595.74,943.64,2224.35,0.0,2196.82,0.0,3879.76,3.36,0.0,0.0,0.0,9318.47,0.0,0.0,595.74,943.64,0.00,0.00,2196.82,0.00
CZ02/ERC&0&cDXHP&Ex&dxHP_equip__pkgEER/NE-dxHP_equip-pkgEER-15.5-IEER/instance-out.sql,19125.41,595.74,906.91,2224.35,0.0,2196.82,0.0,3879.76,3.36,0.0,0.0,0.0,9318.47,0.0,0.0,595.74,906.91,0.00,0.00,2196.82,0.00
CZ02/ERC&0&cDXHP&Ex&dxHP_equip__pkgEER/NE-dxHP_equip-pkgEER-13.5-IEER/instance-out.sql,19199.4,595.74,980.89,2224.35,0.0,2196.82,0.0,3879.76,3.36,0.0,0.0,0.0,9318.47,0.0,0.0,595.74,980.89,0.00,0.00,2196.82,0.00
CZ02/ERC&0&cDXHP&Ex&dxHP_equip__pkgEER/NE-dxHP_equip-pkgEER-14-IEER/instance-out.sql,19171.8,595.74,953.3,2224.35,0.0,2196.82,0.0,3879.76,3.36,0.0,0.0,0.0,9318.47,0.0,0.0,595.74,953.30,0.00,0.00,2196.82,0.00
CZ02/ERC&0&cDXHP&Ex&dxHP_equip__pkgEER/NE-dxHP_equip-pkgEER-15-IEER/instance-out.sql,19093.19,563.53,906.91,2224.35,0.0,2196.82,0.0,3879.76,3.36,0.0,0.0,0.0,9318.47,0.0,0.0,563.53,906.91,0.00,0.00,2196.82,0.00
CZ02/ERC&0&cDXHP&Ex&dxHP_equip__pkgEER/NE-dxHP_equip-pkgEER-16-IEER/instance-out.sql,19045.129999999997,563.53,858.85,2224.35,0.0,2196.82,0.0,3879.76,3.36,0.0,0.0,0.0,9318.47,0.0,0.0,563.53,858.85,0.00,0.00,2196.82,0.00
CZ02/ERC&0&cDXHP&Ex&dxHP_equip__pkgEER/NE-dxHP_equip-pkgSEER-15.4-SEER2/instance-out.sql,19016.739999999998,521.05,872.93,2224.35,0.0,2196.82,0.0,3879.76,3.36,0.0,0.0,0.0,9318.47,0.0,0.0,521.05,872.93,0.00,0.00,2196.82,0.00
CZ02/ERC&0&cDXHP&Ex&dxHP_equip__pkgEER/NE-dxHP_equip-pkgSEER-16.3-SEER2/instance-out.sql,18974.48,510.33,841.4,2224.35,0.0,2196.82,0.0,3879.76,3.36,0.0,0.0,0.0,9318.47,0.0,0.0,510.33,841.40,0.00,0.00,2196.82,0.00
CZ02/ERC&0&cDXHP&Ex&dxHP_equip__pkgEER/NE-dxHP_equip-pkgSEER-14.4-SEER2-1Stage/instance-out.sql,19057.21,529.74,904.71,2224.35,0.0,2196.82,0.0,3879.76,3.36,0.0,0.0,0.0,9318.47,0.0,0.0,529.74,904.71,0.00,0.00,2196.82,0.00
CZ02/ERC&0&cDXHP&Ex&dxHP_equip__pkgEER/NE-dxHP_equip-pkgSEER-14.4-SEER2-2Stage/instance-out.sql,17537.1,344.81,843.77,2224.35,0.0,2196.82,0.0,2605.51,3.36,0.0,0.0,0.0,9318.48,0.0,0.0,344.81,843.77,0.00,0.00,2196.82,0.00
CZ02/ERC&0&cDXHP&Ex&dxHP_equip__pkgEER/NE-dxHP_equip-spltSEER-14.4-SEER2-8.7-HSPF/instance-out.sql,19043.69,516.23,904.71,2224.35,0.0,2196.82,0.0,3879.76,3.36,0.0,0.0,0.0,9318.47,0.0,0.0,516.23,904.71,0.00,0.00,2196.82,0.00
CZ02/ERC&0&cDXHP&Ex&dxHP_equip__pkgEER/NE-dxHP_equip-spltSEER-15.4-SEER2-9-HSPF/instance-out.sql,19006.010000000002,510.33,872.93,2224.35,0.0,2196.82,0.0,3879.76,3.36,0.0,0.0,0.0,9318.47,0.0,0.0,510.33,872.93,0.00,0.00,2196.82,0.00
CZ02/ERC&0&cDXHP&Ex&dxHP_equip__pkgEER/NE-dxHP_equip-spltSEER-16.3-SEER2-9.4-HSPF/instance-out.sql,18966.47,502.31,841.4,2224.35,0.0,2196.82,0.0,3879.76,3.36,0.0,0.0,0.0,9318.47,0.0,0.0,502.31,841.40,0.00,0.00,2196.82,0.00
CZ02/ERC&0&cDXHP&Ex&dxHP_equip__pkgEER/NE-dxHP_equip-spltSEER-17.3-SEER2-9.7-HSPF/instance-out.sql,18938.019999999997,497.85,817.41,2224.35,0.0,2196.82,0.0,3879.76,3.36,0.0,0.0,0.0,9318.47,0.0,0.0,497.85,817.41,0.00,0.00,2196.82,0.00
CZ02/ERC&0&cDXHP&Ex&dxHP_equip__pkgEER/NE-dxAC_equip-pkgEER-14.2-IEER-TE-0.81-VarFan/instance-out.sql,20572.82,1989.95,961.59,2224.35,0.0,2196.82,0.0,3878.28,3.36,0.0,0.0,0.0,9318.47,0.0,0.0,0.00,961.59,1989.95,0.00,2196.82,0.00
CZ02/ERC&0&cDXHP&Ex&dxHP_equip__pkgEER/NE-dxAC_equip-pkgEER-13.2-IEER-TE-0.81-VarFan/instance-out.sql,20615.46,1989.95,1004.23,2224.35,0.0,2196.82,0.0,3878.28,3.36,0.0,0.0,0.0,9318.47,0.0,0.0,0.00,1004.23,1989.95,0.00,2196.82,0.00
CZ02/ERC&0&cDXHP&Ex&dxHP_equip__pkgEER/NE-dxAC_equip-pkgEER-14.8-IEER-TE-0.81-VarFan/instance-out.sql,20535.95,1989.95,924.72,2224.35,0.0,2196.82,0.0,3878.28,3.36,0.0,0.0,0.0,9318.47,0.0,0.0,0.00,924.72,1989.95,0.00,2196.82,0.00
CZ02/ERC&0&cDXHP&Ex&dxHP_equip__pkgEER/NE-dxAC_equip-pkgSEER-13.4-SEER2-VarFan/instance-out.sql,20594.92,1989.95,983.7,2224.35,0.0,2196.82,0.0,3878.28,3.36,0.0,0.0,0.0,9318.47,0.0,0.0,0.00,983.70,1989.95,0.00,2196.82,0.00
CZ02/ESe&0&cDXHP&Ex&dxHP_equip__pkgEER/NE-dxAC_equip-pkgEER-14.2-IEER-TE-0.81/instance-out.sql,1247468.0,152914.07,87576.15,197959.32,0.0,323176.74,0.0,249111.26,3.39,0.0,0.0,0.0,236727.08,0.0,0.0,0.00,87576.15,152914.07,0.00,259085.82,64090.92
CZ02/ESe&0&cDXHP&Ex&dxHP_equip__pkgEER/NE-dxAC_equip-pkgEER-13.2-IEER-TE-0.81/instance-out.sql,1248707.05,152914.07,88815.19,197959.32,0.0,323176.74,0.0,249111.26,3.39,0.0,0.0,0.0,236727.08,0.0,0.0,0.00,88815.19,152914.07,0.00,259085.82,64090.92
CZ02/ESe&0&cDXHP&Ex&dxHP_equip__pkgEER/NE-dxAC_equip-pkgEER-14.8-IEER-TE-0.81/instance-out.sql,1246396.4,152914.07,86504.54,197959.32,0.0,323176.74,0.0,249111.26,3.39,0.0,0.0,0.0,236727.08,0.0,0.0,0.00,86504.54,152914.07,0.00,259085.82,64090.92
CZ02/ESe&0&cDXHP&Ex&dxHP_equip__pkgEER/NE-dxAC_equip-pkgSEER-13.4-SEER2/instance-out.sql,1248110.23,152914.07,88218.38,197959.32,0.0,323176.74,0.0,249111.26,3.39,0.0,0.0,0.0,236727.08,0.0,0.0,0.00,88218.38,152914.07,0.00,259085.82,64090.92
CZ02/ESe&0&cDXHP&Ex&dxHP_equip__pkgEER/NE-dxAC_equip-pkgEER-12.2-IEER-TE-0.80/instance-out.sql,1250043.05,153141.81,89923.45,197959.32,0.0,323176.74,0.0,249111.26,3.39,0.0,0.0,0.0,236727.08,0.0,0.0,0.00,89923.45,153141.81,0.00,259085.82,64090.92
CZ02/ESe&0&cDXHP&Ex&dxHP_equip__pkgEER/NE-dxAC_equip-pkgEER-11.4-IEER-TE-0.80/instance-out.sql,1252157.78,153141.81,92038.18,197959.32,0.0,323176.74,0.0,249111.26,3.39,0.0,0.0,0.0,236727.08,0.0,0.0,0.00,92038.18,153141.81,0.00,259085.82,64090.92
CZ02/ESe&0&cDXHP&Ex&dxHP_equip__pkgEER/NE-dxAC_equip-pkgEER-12.7-IEER-TE-0.80/instance-out.sql,1250125.51,153141.81,90005.92,197959.32,0.0,323176.74,0.0,249111.26,3.39,0.0,0.0,0.0,236727.08,0.0,0.0,0.00,90005.92,153141.81,0.00,259085.82,64090.92
CZ02/ESe&0&cDXHP&Ex&dxHP_equip__pkgEER/NE-dxAC_equip-pkgSEER-12.35-SEER2/instance-out.sql,1249637.48,153141.81,89517.89,197959.32,0.0,323176.74,0.0,249111.26,3.39,0.0,0.0,0.0,236727.08,0.0,0.0,0.00,89517.89,153141.81,0.00,259085.82,64090.92
CZ02/ESe&0&cDXHP&Ex&dxHP_equip__pkgEER/NE-dxHP_equip-pkgEER-14.5-IEER/instance-out.sql,1234802.03,140417.5,87420.03,197959.32,0.0,323176.74,0.0,249097.95,3.39,0.0,0.0,0.0,236727.08,0.0,0.0,5724.98,87420.03,134692.52,0.00,259085.82,64090.92
CZ02/ESe&0&cDXHP&Ex&dxHP_equip__pkgEER/NE-dxHP_equip-pkgEER-15.5-IEER/instance-out.sql,1233739.09,140417.5,86357.1,197959.32,0.0,323176.74,0.0,249097.95,3.39,0.0,0.0,0.0,236727.08,0.0,0.0,5724.98,86357.10,134692.52,0.00,259085.82,64090.92
CZ02/ESe&0&cDXHP&Ex&dxHP_equip__pkgEER/NE-dxHP_equip-pkgEER-13.5-IEER/instance-out.sql,1235879.83,140417.5,88497.83,197959.32,0.0,323176.74,0.0,249097.95,3.39,0.0,0.0,0.0,236727.08,0.0,0.0,5724.98,88497.83,134692.52,0.00,259085.82,64090.92
CZ02/ESe&0&cDXHP&Ex&dxHP_equip__pkgEER/NE-dxHP_equip-pkgEER-14-IEER/instance-out.sql,1235081.3599999999,140417.5,87699.36,197959.32,0.0,323176.74,0.0,249097.95,3.39,0.0,0.0,0.0,236727.08,0.0,0.0,5724.98,87699.36,134692.52,0.00,259085.82,64090.92
CZ02/ESe&0&cDXHP&Ex&dxHP_equip__pkgEER/NE-dxHP_equip-pkgEER-15-IEER/instance-out.sql,1233433.9100000001,140112.31999999998,86357.1,197959.32,0.0,323176.74,0.0,249097.95,3.39,0.0,0.0,0.0,236727.08,0.0,0.0,5419.80,86357.10,134692.52,0.00,259085.82,64090.92
CZ02/ESe&0&cDXHP&Ex&dxHP_equip__pkgEER/NE-dxHP_equip-pkgEER-16-IEER/instance-out.sql,1232043.24,140112.31999999998,84966.43,197959.32,0.0,323176.74,0.0,249097.95,3.39,0.0,0.0,0.0,236727.08,0.0,0.0,5419.80,84966.43,134692.52,0.00,259085.82,64090.92
CZ02/ESe&0&cDXHP&Ex&dxHP_equip__pkgEER/NE-dxHP_equip-pkgSEER-15.4-SEER2/instance-out.sql,1232048.3,139709.99,85373.82,197959.32,0.0,323176.74,0.0,249097.95,3.39,0.0,0.0,0.0,236727.08,0.0,0.0,5017.47,85373.82,134692.52,0.00,259085.82,64090.92
CZ02/ESe&0&cDXHP&Ex&dxHP_equip__pkgEER/NE-dxHP_equip-pkgSEER-16.3-SEER2/instance-out.sql,1231034.4300000002,139608.37999999998,84461.56,197959.32,0.0,323176.74,0.0,249097.95,3.39,0.0,0.0,0.0,236727.08,0.0,0.0,4915.86,84461.56,134692.52,0.00,259085.82,64090.92
CZ02/ESe&0&cDXHP&Ex&dxHP_equip__pkgEER/NE-dxHP_equip-pkgSEER-14.4-SEER2-1Stage/instance-out.sql,1233050.2000000002,139792.3,86293.4,197959.32,0.0,323176.74,0.0,249097.95,3.39,0.0,0.0,0.0,236727.08,0.0,0.0,5099.78,86293.40,134692.52,0.00,259085.82,64090.92
CZ02/ESe&0&cDXHP&Ex&dxHP_equip__pkgEER/NE-dxHP_equip-pkgSEER-14.4-SEER2-2Stage/instance-out.sql,1202216.76,138116.12,85619.79,197959.32,0.0,323176.74,0.0,220614.17,3.39,0.0,0.0,0.0,236727.22,0.0,0.0,3136.61,85619.79,134979.51,0.00,259085.82,64090.92
CZ02/ESe&0&cDXHP&Ex&dxHP_equip__pkgEER/NE-dxHP_equip-spltSEER-14.4-SEER2-8.7-HSPF/instance-out.sql,1232922.1600000001,139664.25999999998,86293.4,197959.32,0.0,323176.74,0.0,249097.95,3.39,0.0,0.0,0.0,236727.08,0.0,0.0,4971.74,86293.40,134692.52,0.00,259085.82,64090.92
CZ02/ESe&0&cDXHP&Ex&dxHP_equip__pkgEER/NE-dxHP_equip-spltSEER-15.4-SEER2-9-HSPF/instance-out.sql,1231946.69,139608.37999999998,85373.82,197959.32,0.0,323176.74,0.0,249097.95,3.39,0.0,0.0,0.0,236727.08,0.0,0.0,4915.86,85373.82,134692.52,0.00,259085.82,64090.92
CZ02/ESe&0&cDXHP&Ex&dxHP_equip__pkgEER/NE-dxHP_equip-spltSEER-16.3-SEER2-9.4-HSPF/instance-out.sql,1230958.49,139532.44,84461.56,197959.32,0.0,323176.74,0.0,249097.95,3.39,0.0,0.0,0.0,236727.08,0.0,0.0,4839.92,84461.56,134692.52,0.00,259085.82,64090.92
CZ02/ESe&0&cDXHP&Ex&dxHP_equip__pkgEER/NE-dxHP_equip-spltSEER-17.3-SEER2-9.7-HSPF/instance-out.sql,1230222.19,139490.19999999998,83767.49,197959.32,0.0,323176.74,0.0,249097.95,3.39,0.0,0.0,0.0,236727.08,0.0,0.0,4797.68,83767.49,134692.52,0.00,259085.82,64090.92
CZ02/ESe&0&cDXHP&Ex&dxHP_equip__pkgEER/NE-dxAC_equip-pkgEER-14.2-IEER-TE-0.81-VarFan/instance-out.sql,1247437.99,152919.73,87573.23,197959.32,0.0,323176.74,0.0,249078.5,3.39,0.0,0.0,0.0,236727.08,0.0,0.0,0.00,87573.23,152919.73,0.00,259085.82,64090.92
CZ02/ESe&0&cDXHP&Ex&dxHP_equip__pkgEER/NE-dxAC_equip-pkgEER-13.2-IEER-TE-0.81-VarFan/instance-out.sql,1248676.9,152919.73,88812.14,197959.32,0.0,323176.74,0.0,249078.5,3.39,0.0,0.0,0.0,236727.08,0.0,0.0,0.00,88812.14,152919.73,0.00,259085.82,64090.92
CZ02/ESe&0&cDXHP&Ex&dxHP_equip__pkgEER/NE-dxAC_equip-pkgEER-14.8-IEER-TE-0.81-VarFan/instance-out.sql,1246366.49,152919.73,86501.73,197959.32,0.0,323176.74,0.0,249078.5,3.39,0.0,0.0,0.0,236727.08,0.0,0.0,0.00,86501.73,152919.73,0.00,259085.82,64090.92
CZ02/ESe&0&cDXHP&Ex&dxHP_equip__pkgEER/NE-dxAC_equip-pkgSEER-13.4-SEER2-VarFan/instance-out.sql,1248080.15,152919.73,88215.39,197959.32,0.0,323176.74,0.0,249078.5,3.39,0.0,0.0,0.0,236727.08,0.0,0.0,0.00,88215.39,152919.73,0.00,259085.82,64090.92
CZ02/EUn&0&cDXHP&Ex&dxHP_equip__pkgEER/NE-dxAC_equip-pkgEER-14.2-IEER-TE-0.81/instance-out.sql,8529974.7,245791.14,645424.96,1277404.75,0.0,3682881.23,0.0,1912422.87,3.37,0.0,0.0,0.0,766046.38,0.0,0.0,0.00,645424.96,245791.14,0.00,3555459.15,127422.08
CZ02/EUn&0&cDXHP&Ex&dxHP_equip__pkgEER/NE-dxAC_equip-pkgEER-13.2-IEER-TE-0.81/instance-out.sql,8549975.46,245791.14,665425.72,1277404.75,0.0,3682881.23,0.0,1912422.87,3.37,0.0,0.0,0.0,766046.38,0.0,0.0,0.00,665425.72,245791.14,0.00,3555459.15,127422.08
CZ02/EUn&0&cDXHP&Ex&dxHP_equip__pkgEER/NE-dxAC_equip-pkgEER-14.8-IEER-TE-0.81/instance-out.sql,8512676.74,245791.14,628127.0,1277404.75,0.0,3682881.23,0.0,1912422.87,3.37,0.0,0.0,0.0,766046.38,0.0,0.0,0.00,628127.00,245791.14,0.00,3555459.15,127422.08
CZ02/EUn&0&cDXHP&Ex&dxHP_equip__pkgEER/NE-dxAC_equip-pkgSEER-13.4-SEER2/instance-out.sql,8540341.59,245791.14,655791.85,1277404.75,0.0,3682881.23,0.0,1912422.87,3.37,0.0,0.0,0.0,766046.38,0.0,0.0,0.00,655791.85,245791.14,0.00,3555459.15,127422.08
CZ02/EUn&0&cDXHP&Ex&dxHP_equip__pkgEER/NE-dxAC_equip-pkgEER-12.2-IEER-TE-0.80/instance-out.sql,8570711.34,248637.44,683315.3,1277404.75,0.0,3682881.23,0.0,1912422.87,3.37,0.0,0.0,0.0,766046.38,0.0,0.0,0.00,683315.30,248637.44,0.00,3555459.15,127422.08
CZ02/EUn&0&cDXHP&Ex&dxHP_equip__pkgEER/NE-dxAC_equip-pkgEER-11.4-IEER-TE-0.80/instance-out.sql,8604847.57,248637.44,717451.53,1277404.75,0.0,3682881.23,0.0,1912422.87,3.37,0.0,0.0,0.0,766046.38,0.0,0.0,0.00,717451.53,248637.44,0.00,3555459.15,127422.08
CZ02/EUn&0&cDXHP&Ex&dxHP_equip__pkgEER/NE-dxAC_equip-pkgEER-12.7-IEER-TE-0.80/instance-out.sql,8572042.56,248637.44,684646.52,1277404.75,0.0,3682881.23,0.0,1912422.87,3.37,0.0,0.0,0.0,766046.38,0.0,0.0,0.00,684646.52,248637.44,0.00,3555459.15,127422.08
CZ02/EUn&0&cDXHP&Ex&dxHP_equip__pkgEER/NE-dxAC_equip-pkgSEER-12.35-SEER2/instance-out.sql,8564164.66,248637.44,676768.62,1277404.75,0.0,3682881.23,0.0,1912422.87,3.37,0.0,0.0,0.0,766046.38,0.0,0.0,0.00,676768.62,248637.44,0.00,3555459.15,127422.08
CZ02/EUn&0&cDXHP&Ex&dxHP_equip__pkgEER/NE-dxHP_equip-pkgEER-14.5-IEER/instance-out.sql,8375379.13,90096.54000000001,646617.01,1277404.75,0.0,3682881.23,0.0,1912329.86,3.37,0.0,0.0,0.0,766046.37,0.0,0.0,72008.10,646617.01,18088.44,0.00,3555459.15,127422.08
CZ02/EUn&0&cDXHP&Ex&dxHP_equip__pkgEER/NE-dxHP_equip-pkgEER-15.5-IEER/instance-out.sql,8358178.1,90096.54000000001,629415.98,1277404.75,0.0,3682881.23,0.0,1912329.86,3.37,0.0,0.0,0.0,766046.37,0.0,0.0,72008.10,629415.98,18088.44,0.00,3555459.15,127422.08
CZ02/EUn&0&cDXHP&Ex&dxHP_equip__pkgEER/NE-dxHP_equip-pkgEER-13.5-IEER/instance-out.sql,8392820.620000001,90096.54000000001,664058.5,1277404.75,0.0,3682881.23,0.0,1912329.86,3.37,0.0,0.0,0.0,766046.37,0.0,0.0,72008.10,664058.50,18088.44,0.00,3555459.15,127422.08
CZ02/EUn&0&cDXHP&Ex&dxHP_equip__pkgEER/NE-dxHP_equip-pkgEER-14-IEER/instance-out.sql,8379899.34,90096.54000000001,651137.22,1277404.75,0.0,3682881.23,0.0,1912329.86,3.37,0.0,0.0,0.0,766046.37,0.0,0.0,72008.10,651137.22,18088.44,0.00,3555459.15,127422.08
CZ02/EUn&0&cDXHP&Ex&dxHP_equip__pkgEER/NE-dxHP_equip-pkgEER-15-IEER/instance-out.sql,8354292.43,86210.86,629415.98,1277404.75,0.0,3682881.23,0.0,1912329.86,3.37,0.0,0.0,0.0,766046.37,0.0,0.0,68122.42,629415.98,18088.44,0.00,3555459.15,127422.08
CZ02/EUn&0&cDXHP&Ex&dxHP_equip__pkgEER/NE-dxHP_equip-pkgEER-16-IEER/instance-out.sql,8331787.92,86210.86,606911.48,1277404.75,0.0,3682881.23,0.0,1912329.86,3.37,0.0,0.0,0.0,766046.37,0.0,0.0,68122.42,606911.48,18088.44,0.00,3555459.15,127422.08
CZ02/EUn&0&cDXHP&Ex&dxHP_equip__pkgEER/NE-dxHP_equip-pkgSEER-15.4-SEER2/instance-out.sql,8333257.949999999,81088.34,613504.03,1277404.75,0.0,3682881.23,0.0,1912329.86,3.37,0.0,0.0,0.0,766046.37,0.0,0.0,62999.90,613504.03,18088.44,0.00,3555459.15,127422.08
CZ02/EUn&0&cDXHP&Ex&dxHP_equip__pkgEER/NE-dxHP_equip-pkgSEER-16.3-SEER2/instance-out.sql,8317201.62,79794.56999999999,598741.48,1277404.75,0.0,3682881.23,0.0,1912329.86,3.37,0.0,0.0,0.0,766046.37,0.0,0.0,61706.13,598741.48,18088.44,0.00,3555459.15,127422.08
CZ02/EUn&0&cDXHP&Ex&dxHP_equip__pkgEER/NE-dxHP_equip-pkgSEER-14.4-SEER2-1Stage/instance-out.sql,8349187.17,82136.31999999999,628385.28,1277404.75,0.0,3682881.23,0.0,1912329.86,3.37,0.0,0.0,0.0,766046.37,0.0,0.0,64047.88,628385.28,18088.44,0.00,3555459.15,127422.08
CZ02/EUn&0&cDXHP&Ex&dxHP_equip__pkgEER/NE-dxHP_equip-pkgSEER-14.4-SEER2-2Stage/instance-out.sql,7785900.32,61293.1,619714.56,1277404.75,0.0,3682881.23,0.0,1378555.01,3.37,0.0,0.0,0.0,766048.29,0.0,0.0,42737.60,619714.56,18555.50,0.00,3555459.15,127422.08
CZ02/EUn&0&cDXHP&Ex&dxHP_equip__pkgEER/NE-dxHP_equip-spltSEER-14.4-SEER2-8.7-HSPF/instance-out.sql,8347556.9399999995,80506.09,628385.28,1277404.75,0.0,3682881.23,0.0,1912329.86,3.37,0.0,0.0,0.0,766046.37,0.0,0.0,62417.65,628385.28,18088.44,0.00,3555459.15,127422.08
CZ02/EUn&0&cDXHP&Ex&dxHP_equip__pkgEER/NE-dxHP_equip-spltSEER-15.4-SEER2-9-HSPF/instance-out.sql,8331964.18,79794.56999999999,613504.03,1277404.75,0.0,3682881.23,0.0,1912329.86,3.37,0.0,0.0,0.0,766046.37,0.0,0.0,61706.13,613504.03,18088.44,0.00,3555459.15,127422.08
CZ02/EUn&0&cDXHP&Ex&dxHP_equip__pkgEER/NE-dxHP_equip-spltSEER-16.3-SEER2-9.4-HSPF/instance-out.sql,8316234.72,78827.66,598741.48,1277404.75,0.0,3682881.23,0.0,1912329.86,3.37,0.0,0.0,0.0,766046.37,0.0,0.0,60739.22,598741.48,18088.44,0.00,3555459.15,127422.08
CZ02/EUn&0&cDXHP&Ex&dxHP_equip__pkgEER/NE-dxHP_equip-spltSEER-17.3-SEER2-9.7-HSPF/instance-out.sql,8304465.159999999,78289.86,587509.71,1277404.75,0.0,3682881.23,0.0,1912329.86,3.37,0.0,0.0,0.0,766046.37,0.0,0.0,60201.42,587509.71,18088.44,0.00,3555459.15,127422.08
CZ02/EUn&0&cDXHP&Ex&dxHP_equip__pkgEER/NE-dxAC_equip-pkgEER-14.2-IEER-TE-0.81-VarFan/instance-out.sql,8529385.8,245867.6,645376.15,1277404.75,0.0,3682881.23,0.0,1911806.32,3.37,0.0,0.0,0.0,766046.38,0.0,0.0,0.00,645376.15,245867.60,0.00,3555459.15,127422.08
CZ02/EUn&0&cDXHP&Ex&dxHP_equip__pkgEER/NE-dxAC_equip-pkgEER-13.2-IEER-TE-0.81-VarFan/instance-out.sql,8549384.38,245867.6,665374.73,1277404.75,0.0,3682881.23,0.0,1911806.32,3.37,0.0,0.0,0.0,766046.38,0.0,0.0,0.00,665374.73,245867.60,0.00,3555459.15,127422.08
CZ02/EUn&0&cDXHP&Ex&dxHP_equip__pkgEER/NE-dxAC_equip-pkgEER-14.8-IEER-TE-0.81-VarFan/instance-out.sql,8512089.73,245867.6,628080.08,1277404.75,0.0,3682881.23,0.0,1911806.32,3.37,0.0,0.0,0.0,766046.38,0.0,0.0,0.00,628080.08,245867.60,0.00,3555459.15,127422.08
CZ02/EUn&0&cDXHP&Ex&dxHP_equip__pkgEER/NE-dxAC_equip-pkgSEER-13.4-SEER2-VarFan/instance-out.sql,8539751.56,245867.6,655741.91,1277404.75,0.0,3682881.23,0.0,1911806.32,3.37,0.0,0.0,0.0,766046.38,0.0,0.0,0.00,655741.91,245867.60,0.00,3555459.15,127422.08
CZ02/Gro&0&cDXHP&Ex&dxHP_equip__pkgEER/NE-dxAC_equip-pkgEER-14.2-IEER-TE-0.81/instance-out.sql,1790383.9300000002,164816.8,31248.79,249218.65,0.0,177584.03,0.0,143836.63,3.38,0.0,0.0,0.0,61432.06,962243.57,0.0,0.00,31248.79,164816.80,0.00,177584.03,0.00
CZ02/Gro&0&cDXHP&Ex&dxHP_equip__pkgEER/NE-dxAC_equip-pkgEER-13.2-IEER-TE-0.81/instance-out.sql,1791797.9100000001,164816.8,32662.77,249218.65,0.0,177584.03,0.0,143836.63,3.38,0.0,0.0,0.0,61432.06,962243.57,0.0,0.00,32662.77,164816.80,0.00,177584.03,0.00
CZ02/Gro&0&cDXHP&Ex&dxHP_equip__pkgEER/NE-dxAC_equip-pkgEER-14.8-IEER-TE-0.81/instance-out.sql,1789161.0299999998,164816.8,30025.9,249218.65,0.0,177584.03,0.0,143836.63,3.38,0.0,0.0,0.0,61432.06,962243.57,0.0,0.00,30025.90,164816.80,0.00,177584.03,0.00
CZ02/Gro&0&cDXHP&Ex&dxHP_equip__pkgEER/NE-dxAC_equip-pkgSEER-13.4-SEER2/instance-out.sql,1791116.83,164816.8,31981.69,249218.65,0.0,177584.03,0.0,143836.63,3.38,0.0,0.0,0.0,61432.06,962243.57,0.0,0.00,31981.69,164816.80,0.00,177584.03,0.00
CZ02/Gro&0&cDXHP&Ex&dxHP_equip__pkgEER/NE-dxAC_equip-pkgEER-12.2-IEER-TE-0.80/instance-out.sql,1795122.84,166877.01,33927.49,249218.65,0.0,177584.03,0.0,143836.63,3.38,0.0,0.0,0.0,61432.06,962243.57,0.0,0.00,33927.49,166877.01,0.00,177584.03,0.00
CZ02/Gro&0&cDXHP&Ex&dxHP_equip__pkgEER/NE-dxAC_equip-pkgEER-11.4-IEER-TE-0.80/instance-out.sql,1797536.1400000001,166877.01,36340.79,249218.65,0.0,177584.03,0.0,143836.63,3.38,0.0,0.0,0.0,61432.06,962243.57,0.0,0.00,36340.79,166877.01,0.00,177584.03,0.00
CZ02/Gro&0&cDXHP&Ex&dxHP_equip__pkgEER/NE-dxAC_equip-pkgEER-12.7-IEER-TE-0.80/instance-out.sql,1795216.9500000002,166877.01,34021.61,249218.65,0.0,177584.03,0.0,143836.63,3.38,0.0,0.0,0.0,61432.06,962243.57,0.0,0.00,34021.61,166877.01,0.00,177584.03,0.00
CZ02/Gro&0&cDXHP&Ex&dxHP_equip__pkgEER/NE-dxAC_equip-pkgSEER-12.35-SEER2/instance-out.sql,1794660.01,166877.01,33464.67,249218.65,0.0,177584.03,0.0,143836.63,3.38,0.0,0.0,0.0,61432.06,962243.57,0.0,0.00,33464.67,166877.01,0.00,177584.03,0.00
CZ02/Gro&0&cDXHP&Ex&dxHP_equip__pkgEER/NE-dxHP_equip-pkgEER-14.5-IEER/instance-out.sql,1670546.23,44657.91,31680.15,249218.65,0.0,177584.03,0.0,143843.1,3.38,0.0,0.0,0.0,61432.08,962126.93,0.0,44657.91,31680.15,0.00,0.00,177584.03,0.00
CZ02/Gro&0&cDXHP&Ex&dxHP_equip__pkgEER/NE-dxHP_equip-pkgEER-15.5-IEER/instance-out.sql,1669312.9400000002,44657.91,30446.86,249218.65,0.0,177584.03,0.0,143843.1,3.38,0.0,0.0,0.0,61432.08,962126.93,0.0,44657.91,30446.86,0.00,0.00,177584.03,0.00
CZ02/Gro&0&cDXHP&Ex&dxHP_equip__pkgEER/NE-dxHP_equip-pkgEER-13.5-IEER/instance-out.sql,1671796.76,44657.91,32930.68,249218.65,0.0,177584.03,0.0,143843.1,3.38,0.0,0.0,0.0,61432.08,962126.93,0.0,44657.91,32930.68,0.00,0.00,177584.03,0.00
CZ02/Gro&0&cDXHP&Ex&dxHP_equip__pkgEER/NE-dxHP_equip-pkgEER-14-IEER/instance-out.sql,1670870.32,44657.91,32004.24,249218.65,0.0,177584.03,0.0,143843.1,3.38,0.0,0.0,0.0,61432.08,962126.93,0.0,44657.91,32004.24,0.00,0.00,177584.03,0.00
CZ02/Gro&0&cDXHP&Ex&dxHP_equip__pkgEER/NE-dxHP_equip-pkgEER-15-IEER/instance-out.sql,1666776.49,42121.47,30446.86,249218.65,0.0,177584.03,0.0,143843.1,3.38,0.0,0.0,0.0,61432.08,962126.93,0.0,42121.47,30446.86,0.00,0.00,177584.03,0.00
CZ02/Gro&0&cDXHP&Ex&dxHP_equip__pkgEER/NE-dxHP_equip-pkgEER-16-IEER/instance-out.sql,1665162.9500000002,42121.47,28833.31,249218.65,0.0,177584.03,0.0,143843.1,3.38,0.0,0.0,0.0,61432.08,962126.93,0.0,42121.47,28833.31,0.00,0.00,177584.03,0.00
CZ02/Gro&0&cDXHP&Ex&dxHP_equip__pkgEER/NE-dxHP_equip-pkgSEER-15.4-SEER2/instance-out.sql,1662291.81,38777.65,29305.99,249218.65,0.0,177584.03,0.0,143843.1,3.38,0.0,0.0,0.0,61432.08,962126.93,0.0,38777.65,29305.99,0.00,0.00,177584.03,0.00
CZ02/Gro&0&cDXHP&Ex&dxHP_equip__pkgEER/NE-dxHP_equip-pkgSEER-16.3-SEER2/instance-out.sql,1660388.82,37933.12,28247.54,249218.65,0.0,177584.03,0.0,143843.1,3.38,0.0,0.0,0.0,61432.08,962126.93,0.0,37933.12,28247.54,0.00,0.00,177584.03,0.00
CZ02/Gro&0&cDXHP&Ex&dxHP_equip__pkgEER/NE-dxHP_equip-pkgSEER-14.4-SEER2-1Stage/instance-out.sql,1664042.86,39461.73,30372.96,249218.65,0.0,177584.03,0.0,143843.1,3.38,0.0,0.0,0.0,61432.08,962126.93,0.0,39461.73,30372.96,0.00,0.00,177584.03,0.00
CZ02/Gro&0&cDXHP&Ex&dxHP_equip__pkgEER/NE-dxHP_equip-pkgSEER-14.4-SEER2-2Stage/instance-out.sql,1591752.19,25609.71,26263.76,249218.65,0.0,177584.03,0.0,92779.38,3.38,0.0,0.0,0.0,61432.17,958861.11,0.0,25609.71,26263.76,0.00,0.00,177584.03,0.00
CZ02/Gro&0&cDXHP&Ex&dxHP_equip__pkgEER/NE-dxHP_equip-spltSEER-14.4-SEER2-8.7-HSPF/instance-out.sql,1662978.7000000002,38397.57,30372.96,249218.65,0.0,177584.03,0.0,143843.1,3.38,0.0,0.0,0.0,61432.08,962126.93,0.0,38397.57,30372.96,0.00,0.00,177584.03,0.00
CZ02/Gro&0&cDXHP&Ex&dxHP_equip__pkgEER/NE-dxHP_equip-spltSEER-15.4-SEER2-9-HSPF/instance-out.sql,1661447.28,37933.12,29305.99,249218.65,0.0,177584.03,0.0,143843.1,3.38,0.0,0.0,0.0,61432.08,962126.93,0.0,37933.12,29305.99,0.00,0.00,177584.03,0.00
CZ02/Gro&0&cDXHP&Ex&dxHP_equip__pkgEER/NE-dxHP_equip-spltSEER-16.3-SEER2-9.4-HSPF/instance-out.sql,1659757.6600000001,37301.95,28247.54,249218.65,0.0,177584.03,0.0,143843.1,3.38,0.0,0.0,0.0,61432.08,962126.93,0.0,37301.95,28247.54,0.00,0.00,177584.03,0.00
CZ02/Gro&0&cDXHP&Ex&dxHP_equip__pkgEER/NE-dxHP_equip-spltSEER-17.3-SEER2-9.7-HSPF/instance-out.sql,1658601.3,36950.9,27442.23,249218.65,0.0,177584.03,0.0,143843.1,3.38,0.0,0.0,0.0,61432.08,962126.93,0.0,36950.90,27442.23,0.00,0.00,177584.03,0.00
CZ02/Gro&0&cDXHP&Ex&dxHP_equip__pkgEER/NE-dxAC_equip-pkgEER-14.2-IEER-TE-0.81-VarFan/instance-out.sql,1790228.54,164843.91,31245.16,249218.65,0.0,177584.03,0.0,143781.77,3.38,0.0,0.0,0.0,61432.06,962119.58,0.0,0.00,31245.16,164843.91,0.00,177584.03,0.00
CZ02/Gro&0&cDXHP&Ex&dxHP_equip__pkgEER/NE-dxAC_equip-pkgEER-13.2-IEER-TE-0.81-VarFan/instance-out.sql,1791642.3499999999,164843.91,32658.97,249218.65,0.0,177584.03,0.0,143781.77,3.38,0.0,0.0,0.0,61432.06,962119.58,0.0,0.00,32658.97,164843.91,0.00,177584.03,0.00
CZ02/Gro&0&cDXHP&Ex&dxHP_equip__pkgEER/NE-dxAC_equip-pkgEER-14.8-IEER-TE-0.81-VarFan/instance-out.sql,1789005.79,164843.91,30022.4,249218.65,0.0,177584.03,0.0,143781.77,3.38,0.0,0.0,0.0,61432.06,962119.58,0.0,0.00,30022.40,164843.91,0.00,177584.03,0.00
CZ02/Gro&0&cDXHP&Ex&dxHP_equip__pkgEER/NE-dxAC_equip-pkgSEER-13.4-SEER2-VarFan/instance-out.sql,1790961.3599999999,164843.91,31977.97,249218.65,0.0,177584.03,0.0,143781.77,3.38,0.0,0.0,0.0,61432.06,962119.58,0.0,0.00,31977.97,164843.91,0.00,177584.03,0.00
CZ02/Hsp&0&cDXHP&Ex&dxHP_equip__pkgEER/NE-dxAC_equip-pkgEER-14.2-IEER-TE-0.81/instance-out.sql,3689470.26,304142.75,557049.27,856282.21,0.0,1182847.3,0.0,485446.99,36904.53,0.0,0.0,0.0,266797.21,0.0,0.0,0.00,557049.27,304142.75,0.00,1139112.10,43735.20
CZ02/Hsp&0&cDXHP&Ex&dxHP_equip__pkgEER/NE-dxAC_equip-pkgEER-13.2-IEER-TE-0.81/instance-out.sql,3692499.9699999997,304142.75,560078.97,856282.21,0.0,1182847.3,0.0,485446.99,36904.53,0.0,0.0,0.0,266797.21,0.0,0.0,0.00,560078.97,304142.75,0.00,1139112.10,43735.20
CZ02/Hsp&0&cDXHP&Ex&dxHP_equip__pkgEER/NE-dxAC_equip-pkgEER-14.8-IEER-TE-0.81/instance-out.sql,3686849.98,304142.75,554428.98,856282.21,0.0,1182847.3,0.0,485446.99,36904.53,0.0,0.0,0.0,266797.21,0.0,0.0,0.00,554428.98,304142.75,0.00,1139112.10,43735.20
CZ02/Hsp&0&cDXHP&Ex&dxHP_equip__pkgEER/NE-dxAC_equip-pkgSEER-13.4-SEER2/instance-out.sql,3691040.64,304142.75,558619.64,856282.21,0.0,1182847.3,0.0,485446.99,36904.53,0.0,0.0,0.0,266797.21,0.0,0.0,0.00,558619.64,304142.75,0.00,1139112.10,43735.20
CZ02/Hsp&0&cDXHP&Ex&dxHP_equip__pkgEER/NE-dxAC_equip-pkgEER-12.2-IEER-TE-0.80/instance-out.sql,3695602.87,304535.76,562788.88,856282.21,0.0,1182847.3,0.0,485446.99,36904.53,0.0,0.0,0.0,266797.21,0.0,0.0,0.00,562788.88,304535.76,0.00,1139112.10,43735.20
CZ02/Hsp&0&cDXHP&Ex&dxHP_equip__pkgEER/NE-dxAC_equip-pkgEER-11.4-IEER-TE-0.80/instance-out.sql,3700773.81,304535.76,567959.82,856282.21,0.0,1182847.3,0.0,485446.99,36904.53,0.0,0.0,0.0,266797.21,0.0,0.0,0.00,567959.82,304535.76,0.00,1139112.10,43735.20
CZ02/Hsp&0&cDXHP&Ex&dxHP_equip__pkgEER/NE-dxAC_equip-pkgEER-12.7-IEER-TE-0.80/instance-out.sql,3695804.53,304535.76,562990.53,856282.21,0.0,1182847.3,0.0,485446.99,36904.53,0.0,0.0,0.0,266797.21,0.0,0.0,0.00,562990.53,304535.76,0.00,1139112.10,43735.20
CZ02/Hsp&0&cDXHP&Ex&dxHP_equip__pkgEER/NE-dxAC_equip-pkgSEER-12.35-SEER2/instance-out.sql,3694611.19,304535.76,561797.19,856282.21,0.0,1182847.3,0.0,485446.99,36904.53,0.0,0.0,0.0,266797.21,0.0,0.0,0.00,561797.19,304535.76,0.00,1139112.10,43735.20
CZ02/Hsp&0&cDXHP&Ex&dxHP_equip__pkgEER/NE-dxHP_equip-pkgEER-14.5-IEER/instance-out.sql,3668561.96,282883.57,557433.52,856282.21,0.0,1182847.3,0.0,485422.95,36904.59,0.0,0.0,0.0,266787.83,0.0,0.0,10128.77,557433.52,272754.80,0.00,1139112.10,43735.20
CZ02/Hsp&0&cDXHP&Ex&dxHP_equip__pkgEER/NE-dxHP_equip-pkgEER-15.5-IEER/instance-out.sql,3665944.3200000003,282883.57,554815.88,856282.21,0.0,1182847.3,0.0,485422.95,36904.59,0.0,0.0,0.0,266787.83,0.0,0.0,10128.77,554815.88,272754.80,0.00,1139112.10,43735.20
CZ02/Hsp&0&cDXHP&Ex&dxHP_equip__pkgEER/NE-dxHP_equip-pkgEER-13.5-IEER/instance-out.sql,3671216.19,282883.57,560087.75,856282.21,0.0,1182847.3,0.0,485422.95,36904.59,0.0,0.0,0.0,266787.83,0.0,0.0,10128.77,560087.75,272754.80,0.00,1139112.10,43735.20
CZ02/Hsp&0&cDXHP&Ex&dxHP_equip__pkgEER/NE-dxHP_equip-pkgEER-14-IEER/instance-out.sql,3669249.84,282883.57,558121.4,856282.21,0.0,1182847.3,0.0,485422.95,36904.59,0.0,0.0,0.0,266787.83,0.0,0.0,10128.77,558121.40,272754.80,0.00,1139112.10,43735.20
CZ02/Hsp&0&cDXHP&Ex&dxHP_equip__pkgEER/NE-dxHP_equip-pkgEER-15-IEER/instance-out.sql,3665406.59,282345.83999999997,554815.88,856282.21,0.0,1182847.3,0.0,485422.95,36904.59,0.0,0.0,0.0,266787.83,0.0,0.0,9591.04,554815.88,272754.80,0.00,1139112.10,43735.20
CZ02/Hsp&0&cDXHP&Ex&dxHP_equip__pkgEER/NE-dxHP_equip-pkgEER-16-IEER/instance-out.sql,3661981.88,282345.83999999997,551391.17,856282.21,0.0,1182847.3,0.0,485422.95,36904.59,0.0,0.0,0.0,266787.83,0.0,0.0,9591.04,551391.17,272754.80,0.00,1139112.10,43735.20
CZ02/Hsp&0&cDXHP&Ex&dxHP_equip__pkgEER/NE-dxHP_equip-pkgSEER-15.4-SEER2/instance-out.sql,3662276.23,281636.94,552394.42,856282.21,0.0,1182847.3,0.0,485422.95,36904.59,0.0,0.0,0.0,266787.83,0.0,0.0,8882.14,552394.42,272754.80,0.00,1139112.10,43735.20
CZ02/Hsp&0&cDXHP&Ex&dxHP_equip__pkgEER/NE-dxHP_equip-pkgSEER-16.3-SEER2/instance-out.sql,3659850.63,281457.89999999997,550147.87,856282.21,0.0,1182847.3,0.0,485422.95,36904.59,0.0,0.0,0.0,266787.83,0.0,0.0,8703.10,550147.87,272754.80,0.00,1139112.10,43735.20
CZ02/Hsp&0&cDXHP&Ex&dxHP_equip__pkgEER/NE-dxHP_equip-pkgSEER-14.4-SEER2-1Stage/instance-out.sql,3664685.87,281781.97,554659.03,856282.21,0.0,1182847.3,0.0,485422.95,36904.59,0.0,0.0,0.0,266787.83,0.0,0.0,9027.17,554659.03,272754.80,0.00,1139112.10,43735.20
CZ02/Hsp&0&cDXHP&Ex&dxHP_equip__pkgEER/NE-dxHP_equip-pkgSEER-14.4-SEER2-2Stage/instance-out.sql,3562214.38,282728.65,550962.98,856282.21,0.0,1182847.3,0.0,385844.13,36851.84,0.0,0.0,0.0,266697.26,0.0,0.0,6544.94,550962.98,276183.71,0.00,1139112.10,43735.20
CZ02/Hsp&0&cDXHP&Ex&dxHP_equip__pkgEER/NE-dxHP_equip-spltSEER-14.4-SEER2-8.7-HSPF/instance-out.sql,3664460.2600000002,281556.36,554659.03,856282.21,0.0,1182847.3,0.0,485422.95,36904.59,0.0,0.0,0.0,266787.83,0.0,0.0,8801.56,554659.03,272754.80,0.00,1139112.10,43735.20
CZ02/Hsp&0&cDXHP&Ex&dxHP_equip__pkgEER/NE-dxHP_equip-spltSEER-15.4-SEER2-9-HSPF/instance-out.sql,3662097.18,281457.89999999997,552394.42,856282.21,0.0,1182847.3,0.0,485422.95,36904.59,0.0,0.0,0.0,266787.83,0.0,0.0,8703.10,552394.42,272754.80,0.00,1139112.10,43735.20
CZ02/Hsp&0&cDXHP&Ex&dxHP_equip__pkgEER/NE-dxHP_equip-spltSEER-16.3-SEER2-9.4-HSPF/instance-out.sql,3659716.8200000003,281324.08999999997,550147.87,856282.21,0.0,1182847.3,0.0,485422.95,36904.59,0.0,0.0,0.0,266787.83,0.0,0.0,8569.29,550147.87,272754.80,0.00,1139112.10,43735.20
CZ02/Hsp&0&cDXHP&Ex&dxHP_equip__pkgEER/NE-dxHP_equip-spltSEER-17.3-SEER2-9.7-HSPF/instance-out.sql,3657933.16,281249.66,548438.63,856282.21,0.0,1182847.3,0.0,485422.95,36904.59,0.0,0.0,0.0,266787.83,0.0,0.0,8494.86,548438.63,272754.80,0.00,1139112.10,43735.20
CZ02/MBT&0&cDXHP&Ex&dxHP_equip__pkgEER/NE-dxAC_equip-pkgEER-14.2-IEER-TE-0.81/instance-out.sql,7028999.96,2754962.69,206963.95,709539.71,0.0,2167645.51,0.0,1012326.34,627.11,0.0,0.0,0.0,176934.66,0.0,0.0,0.00,206963.95,2754962.69,0.00,1394057.91,773587.60
CZ02/MBT&0&cDXHP&Ex&dxHP_equip__pkgEER/NE-dxAC_equip-pkgEER-13.2-IEER-TE-0.81/instance-out.sql,7032325.34,2754962.69,210289.33,709539.71,0.0,2167645.51,0.0,1012326.34,627.11,0.0,0.0,0.0,176934.66,0.0,0.0,0.00,210289.33,2754962.69,0.00,1394057.91,773587.60
CZ02/MBT&0&cDXHP&Ex&dxHP_equip__pkgEER/NE-dxAC_equip-pkgEER-14.8-IEER-TE-0.81/instance-out.sql,7026123.96,2754962.69,204087.94,709539.71,0.0,2167645.51,0.0,1012326.34,627.11,0.0,0.0,0.0,176934.66,0.0,0.0,0.00,204087.94,2754962.69,0.00,1394057.91,773587.60
CZ02/MBT&0&cDXHP&Ex&dxHP_equip__pkgEER/NE-dxAC_equip-pkgSEER-13.4-SEER2/instance-out.sql,7030723.59,2754962.69,208687.57,709539.71,0.0,2167645.51,0.0,1012326.34,627.11,0.0,0.0,0.0,176934.66,0.0,0.0,0.00,208687.57,2754962.69,0.00,1394057.91,773587.60
CZ02/MBT&0&cDXHP&Ex&dxHP_equip__pkgEER/NE-dxAC_equip-pkgEER-12.2-IEER-TE-0.80/instance-out.sql,7036593.35,2756256.33,213263.7,709539.71,0.0,2167645.51,0.0,1012326.34,627.11,0.0,0.0,0.0,176934.66,0.0,0.0,0.00,213263.70,2756256.33,0.00,1394057.91,773587.60
CZ02/MBT&0&cDXHP&Ex&dxHP_equip__pkgEER/NE-dxAC_equip-pkgEER-11.4-IEER-TE-0.80/instance-out.sql,7042268.93,2756256.33,218939.28,709539.71,0.0,2167645.51,0.0,1012326.34,627.11,0.0,0.0,0.0,176934.66,0.0,0.0,0.00,218939.28,2756256.33,0.00,1394057.91,773587.60
CZ02/MBT&0&cDXHP&Ex&dxHP_equip__pkgEER/NE-dxAC_equip-pkgEER-12.7-IEER-TE-0.80/instance-out.sql,7036814.68,2756256.33,213485.03,709539.71,0.0,2167645.51,0.0,1012326.34,627.11,0.0,0.0,0.0,176934.66,0.0,0.0,0.00,213485.03,2756256.33,0.00,1394057.91,773587.60
CZ02/MBT&0&cDXHP&Ex&dxHP_equip__pkgEER/NE-dxAC_equip-pkgSEER-12.35-SEER2/instance-out.sql,7035504.88,2756256.33,212175.23,709539.71,0.0,2167645.51,0.0,1012326.34,627.11,0.0,0.0,0.0,176934.66,0.0,0.0,0.00,212175.23,2756256.33,0.00,1394057.91,773587.60
CZ02/MBT&0&cDXHP&Ex&dxHP_equip__pkgEER/NE-dxHP_equip-pkgEER-14.5-IEER/instance-out.sql,6956648.74,2682469.3099999996,207152.17,709539.71,0.0,2167645.51,0.0,1012280.59,626.8,0.0,0.0,0.0,176934.66,0.0,0.0,30921.51,207152.17,2651547.80,0.00,1394057.91,773587.60
CZ02/MBT&0&cDXHP&Ex&dxHP_equip__pkgEER/NE-dxHP_equip-pkgEER-15.5-IEER/instance-out.sql,6953784.529999999,2682469.3099999996,204287.96,709539.71,0.0,2167645.51,0.0,1012280.59,626.8,0.0,0.0,0.0,176934.66,0.0,0.0,30921.51,204287.96,2651547.80,0.00,1394057.91,773587.60
CZ02/MBT&0&cDXHP&Ex&dxHP_equip__pkgEER/NE-dxHP_equip-pkgEER-13.5-IEER/instance-out.sql,6959553.0,2682469.3099999996,210056.42,709539.71,0.0,2167645.51,0.0,1012280.59,626.8,0.0,0.0,0.0,176934.66,0.0,0.0,30921.51,210056.42,2651547.80,0.00,1394057.91,773587.60
CZ02/MBT&0&cDXHP&Ex&dxHP_equip__pkgEER/NE-dxHP_equip-pkgEER-14-IEER/instance-out.sql,6957401.42,2682469.3099999996,207904.85,709539.71,0.0,2167645.51,0.0,1012280.59,626.8,0.0,0.0,0.0,176934.66,0.0,0.0,30921.51,207904.85,2651547.80,0.00,1394057.91,773587.60
CZ02/MBT&0&cDXHP&Ex&dxHP_equip__pkgEER/NE-dxHP_equip-pkgEER-15-IEER/instance-out.sql,6952083.98,2680768.75,204287.96,709539.71,0.0,2167645.51,0.0,1012280.59,626.8,0.0,0.0,0.0,176934.66,0.0,0.0,29220.95,204287.96,2651547.80,0.00,1394057.91,773587.60
CZ02/MBT&0&cDXHP&Ex&dxHP_equip__pkgEER/NE-dxHP_equip-pkgEER-16-IEER/instance-out.sql,6948336.66,2680768.75,200540.64,709539.71,0.0,2167645.51,0.0,1012280.59,626.8,0.0,0.0,0.0,176934.66,0.0,0.0,29220.95,200540.64,2651547.80,0.00,1394057.91,773587.60
CZ02/MBT&0&cDXHP&Ex&dxHP_equip__pkgEER/NE-dxHP_equip-pkgSEER-15.4-SEER2/instance-out.sql,6947192.56,2678526.8899999997,201638.4,709539.71,0.0,2167645.51,0.0,1012280.59,626.8,0.0,0.0,0.0,176934.66,0.0,0.0,26979.09,201638.40,2651547.80,0.00,1394057.91,773587.60
CZ02/MBT&0&cDXHP&Ex&dxHP_equip__pkgEER/NE-dxHP_equip-pkgSEER-16.3-SEER2/instance-out.sql,6944168.17,2677960.6799999997,199180.22,709539.71,0.0,2167645.51,0.0,1012280.59,626.8,0.0,0.0,0.0,176934.66,0.0,0.0,26412.88,199180.22,2651547.80,0.00,1394057.91,773587.60
CZ02/MBT&0&cDXHP&Ex&dxHP_equip__pkgEER/NE-dxHP_equip-pkgSEER-14.4-SEER2-1Stage/instance-out.sql,6950129.14,2678985.54,204116.33,709539.71,0.0,2167645.51,0.0,1012280.59,626.8,0.0,0.0,0.0,176934.66,0.0,0.0,27437.74,204116.33,2651547.80,0.00,1394057.91,773587.60
CZ02/MBT&0&cDXHP&Ex&dxHP_equip__pkgEER/NE-dxHP_equip-pkgSEER-14.4-SEER2-2Stage/instance-out.sql,6826717.16,2670249.53,200462.39,709539.71,0.0,2167645.51,0.0,901258.57,626.65,0.0,0.0,0.0,176934.81,0.0,0.0,16121.78,200462.39,2654127.75,0.00,1394057.91,773587.60
CZ02/MBT&0&cDXHP&Ex&dxHP_equip__pkgEER/NE-dxHP_equip-spltSEER-14.4-SEER2-8.7-HSPF/instance-out.sql,6949415.67,2678272.07,204116.33,709539.71,0.0,2167645.51,0.0,1012280.59,626.8,0.0,0.0,0.0,176934.66,0.0,0.0,26724.27,204116.33,2651547.80,0.00,1394057.91,773587.60
CZ02/MBT&0&cDXHP&Ex&dxHP_equip__pkgEER/NE-dxHP_equip-spltSEER-15.4-SEER2-9-HSPF/instance-out.sql,6946626.34,2677960.6799999997,201638.4,709539.71,0.0,2167645.51,0.0,1012280.59,626.8,0.0,0.0,0.0,176934.66,0.0,0.0,26412.88,201638.40,2651547.80,0.00,1394057.91,773587.60
CZ02/MBT&0&cDXHP&Ex&dxHP_equip__pkgEER/NE-dxHP_equip-spltSEER-16.3-SEER2-9.4-HSPF/instance-out.sql,6943745.01,2677537.52,199180.22,709539.71,0.0,2167645.51,0.0,1012280.59,626.8,0.0,0.0,0.0,176934.66,0.0,0.0,25989.72,199180.22,2651547.80,0.00,1394057.91,773587.60
CZ02/MBT&0&cDXHP&Ex&dxHP_equip__pkgEER/NE-dxHP_equip-spltSEER-17.3-SEER2-9.7-HSPF/instance-out.sql,6941639.39,2677302.15,197309.98,709539.71,0.0,2167645.51,0.0,1012280.59,626.8,0.0,0.0,0.0,176934.66,0.0,0.0,25754.35,197309.98,2651547.80,0.00,1394057.91,773587.60
CZ02/MLI&0&cDXHP&Ex&dxHP_equip__pkgEER/NE-dxAC_equip-pkgEER-14.2-IEER-TE-0.81/instance-out.sql,1106675.56,145111.48,73249.72,283149.19,0.0,239893.0,0.0,316004.42,3.37,0.0,0.0,0.0,49264.37,0.0,0.0,0.00,73249.72,145111.48,0.00,239893.00,0.00
CZ02/MLI&0&cDXHP&Ex&dxHP_equip__pkgEER/NE-dxAC_equip-pkgEER-13.2-IEER-TE-0.81/instance-out.sql,1110001.8800000001,145111.48,76576.04,283149.19,0.0,239893.0,0.0,316004.42,3.37,0.0,0.0,0.0,49264.37,0.0,0.0,0.00,76576.04,145111.48,0.00,239893.00,0.00
CZ02/MLI&0&cDXHP&Ex&dxHP_equip__pkgEER/NE-dxAC_equip-pkgEER-14.8-IEER-TE-0.81/instance-out.sql,1103798.74,145111.48,70372.9,283149.19,0.0,239893.0,0.0,316004.42,3.37,0.0,0.0,0.0,49264.37,0.0,0.0,0.00,70372.90,145111.48,0.00,239893.00,0.00
CZ02/MLI&0&cDXHP&Ex&dxHP_equip__pkgEER/NE-dxAC_equip-pkgSEER-13.4-SEER2/instance-out.sql,1108399.67,145111.48,74973.83,283149.19,0.0,239893.0,0.0,316004.42,3.37,0.0,0.0,0.0,49264.37,0.0,0.0,0.00,74973.83,145111.48,0.00,239893.00,0.00
CZ02/MLI&0&cDXHP&Ex&dxHP_equip__pkgEER/NE-dxAC_equip-pkgEER-12.2-IEER-TE-0.80/instance-out.sql,1114790.99,146925.37,79551.25,283149.19,0.0,239893.0,0.0,316004.42,3.37,0.0,0.0,0.0,49264.37,0.0,0.0,0.00,79551.25,146925.37,0.00,239893.00,0.00
CZ02/MLI&0&cDXHP&Ex&dxHP_equip__pkgEER/NE-dxAC_equip-pkgEER-11.4-IEER-TE-0.80/instance-out.sql,1120468.17,146925.37,85228.44,283149.19,0.0,239893.0,0.0,316004.42,3.37,0.0,0.0,0.0,49264.37,0.0,0.0,0.00,85228.44,146925.37,0.00,239893.00,0.00
CZ02/MLI&0&cDXHP&Ex&dxHP_equip__pkgEER/NE-dxAC_equip-pkgEER-12.7-IEER-TE-0.80/instance-out.sql,1115012.38,146925.37,79772.64,283149.19,0.0,239893.0,0.0,316004.42,3.37,0.0,0.0,0.0,49264.37,0.0,0.0,0.00,79772.64,146925.37,0.00,239893.00,0.00
CZ02/MLI&0&cDXHP&Ex&dxHP_equip__pkgEER/NE-dxAC_equip-pkgSEER-12.35-SEER2/instance-out.sql,1113702.21,146925.37,78462.47,283149.19,0.0,239893.0,0.0,316004.42,3.37,0.0,0.0,0.0,49264.37,0.0,0.0,0.00,78462.47,146925.37,0.00,239893.00,0.00
CZ02/MLI&0&cDXHP&Ex&dxHP_equip__pkgEER/NE-dxHP_equip-pkgEER-14.5-IEER/instance-out.sql,1006630.98,44016.82,74299.8,283149.19,0.0,239893.0,0.0,316004.42,3.37,0.0,0.0,0.0,49264.37,0.0,0.0,44016.82,74299.80,0.00,0.00,239893.00,0.00
CZ02/MLI&0&cDXHP&Ex&dxHP_equip__pkgEER/NE-dxHP_equip-pkgEER-15.5-IEER/instance-out.sql,1003738.53,44016.82,71407.35,283149.19,0.0,239893.0,0.0,316004.42,3.37,0.0,0.0,0.0,49264.37,0.0,0.0,44016.82,71407.35,0.00,0.00,239893.00,0.00
CZ02/MLI&0&cDXHP&Ex&dxHP_equip__pkgEER/NE-dxHP_equip-pkgEER-13.5-IEER/instance-out.sql,1009563.86,44016.82,77232.69,283149.19,0.0,239893.0,0.0,316004.42,3.37,0.0,0.0,0.0,49264.37,0.0,0.0,44016.82,77232.69,0.00,0.00,239893.00,0.00
CZ02/MLI&0&cDXHP&Ex&dxHP_equip__pkgEER/NE-dxHP_equip-pkgEER-14-IEER/instance-out.sql,1007391.08,44016.82,75059.9,283149.19,0.0,239893.0,0.0,316004.42,3.37,0.0,0.0,0.0,49264.37,0.0,0.0,44016.82,75059.90,0.00,0.00,239893.00,0.00
CZ02/MLI&0&cDXHP&Ex&dxHP_equip__pkgEER/NE-dxHP_equip-pkgEER-15-IEER/instance-out.sql,1001335.15,41613.44,71407.35,283149.19,0.0,239893.0,0.0,316004.42,3.37,0.0,0.0,0.0,49264.37,0.0,0.0,41613.44,71407.35,0.00,0.00,239893.00,0.00
CZ02/MLI&0&cDXHP&Ex&dxHP_equip__pkgEER/NE-dxHP_equip-pkgEER-16-IEER/instance-out.sql,997550.89,41613.44,67623.09,283149.19,0.0,239893.0,0.0,316004.42,3.37,0.0,0.0,0.0,49264.37,0.0,0.0,41613.44,67623.09,0.00,0.00,239893.00,0.00
CZ02/MLI&0&cDXHP&Ex&dxHP_equip__pkgEER/NE-dxHP_equip-pkgSEER-15.4-SEER2/instance-out.sql,995491.07,38445.04,68731.67,283149.19,0.0,239893.0,0.0,316004.42,3.37,0.0,0.0,0.0,49264.37,0.0,0.0,38445.04,68731.67,0.00,0.00,239893.00,0.00
CZ02/MLI&0&cDXHP&Ex&dxHP_equip__pkgEER/NE-dxHP_equip-pkgSEER-16.3-SEER2/instance-out.sql,992208.43,37644.82,66249.26,283149.19,0.0,239893.0,0.0,316004.42,3.37,0.0,0.0,0.0,49264.37,0.0,0.0,37644.82,66249.26,0.00,0.00,239893.00,0.00
CZ02/MLI&0&cDXHP&Ex&dxHP_equip__pkgEER/NE-dxHP_equip-pkgSEER-14.4-SEER2-1Stage/instance-out.sql,998641.63,39093.24,71234.03,283149.19,0.0,239893.0,0.0,316004.42,3.37,0.0,0.0,0.0,49264.37,0.0,0.0,39093.24,71234.03,0.00,0.00,239893.00,0.00
CZ02/MLI&0&cDXHP&Ex&dxHP_equip__pkgEER/NE-dxHP_equip-pkgSEER-14.4-SEER2-2Stage/instance-out.sql,861669.15,27733.04,64287.78,283149.19,0.0,239893.0,0.0,197338.24,3.37,0.0,0.0,0.0,49264.53,0.0,0.0,27733.04,64287.78,0.00,0.00,239893.00,0.00
CZ02/MLI&0&cDXHP&Ex&dxHP_equip__pkgEER/NE-dxHP_equip-spltSEER-14.4-SEER2-8.7-HSPF/instance-out.sql,997633.3,38084.91,71234.03,283149.19,0.0,239893.0,0.0,316004.42,3.37,0.0,0.0,0.0,49264.37,0.0,0.0,38084.91,71234.03,0.00,0.00,239893.00,0.00
CZ02/MLI&0&cDXHP&Ex&dxHP_equip__pkgEER/NE-dxHP_equip-spltSEER-15.4-SEER2-9-HSPF/instance-out.sql,994690.84,37644.82,68731.67,283149.19,0.0,239893.0,0.0,316004.42,3.37,0.0,0.0,0.0,49264.37,0.0,0.0,37644.82,68731.67,0.00,0.00,239893.00,0.00
CZ02/MLI&0&cDXHP&Ex&dxHP_equip__pkgEER/NE-dxHP_equip-spltSEER-16.3-SEER2-9.4-HSPF/instance-out.sql,991610.38,37046.77,66249.26,283149.19,0.0,239893.0,0.0,316004.42,3.37,0.0,0.0,0.0,49264.37,0.0,0.0,37046.77,66249.26,0.00,0.00,239893.00,0.00
CZ02/MLI&0&cDXHP&Ex&dxHP_equip__pkgEER/NE-dxHP_equip-spltSEER-17.3-SEER2-9.7-HSPF/instance-out.sql,989389.05,36714.12,64360.57,283149.19,0.0,239893.0,0.0,316004.42,3.37,0.0,0.0,0.0,49264.37,0.0,0.0,36714.12,64360.57,0.00,0.00,239893.00,0.00
CZ02/Mtl&0&cDXHP&Ex&dxHP_equip__pkgEER/NE-dxAC_equip-pkgEER-14.2-IEER-TE-0.81/instance-out.sql,180861.74,21384.39,20265.48,51285.47,0.0,22443.33,0.0,57710.47,3.36,0.0,0.0,0.0,7769.22,0.0,0.0,0.00,20265.48,21384.39,0.00,22191.36,251.97
CZ02/Mtl&0&cDXHP&Ex&dxHP_equip__pkgEER/NE-dxAC_equip-pkgEER-13.2-IEER-TE-0.81/instance-out.sql,181580.18,21384.39,20983.92,51285.47,0.0,22443.33,0.0,57710.47,3.36,0.0,0.0,0.0,7769.22,0.0,0.0,0.00,20983.92,21384.39,0.00,22191.36,251.97
CZ02/Mtl&0&cDXHP&Ex&dxHP_equip__pkgEER/NE-dxAC_equip-pkgEER-14.8-IEER-TE-0.81/instance-out.sql,180240.38999999998,21384.39,19644.13,51285.47,0.0,22443.33,0.0,57710.47,3.36,0.0,0.0,0.0,7769.22,0.0,0.0,0.00,19644.13,21384.39,0.00,22191.36,251.97
CZ02/Mtl&0&cDXHP&Ex&dxHP_equip__pkgEER/NE-dxAC_equip-pkgSEER-13.4-SEER2/instance-out.sql,181234.12,21384.39,20637.87,51285.47,0.0,22443.33,0.0,57710.47,3.36,0.0,0.0,0.0,7769.22,0.0,0.0,0.00,20637.87,21384.39,0.00,22191.36,251.97
CZ02/Mtl&0&cDXHP&Ex&dxHP_equip__pkgEER/NE-dxAC_equip-pkgEER-12.2-IEER-TE-0.80/instance-out.sql,182484.86,21646.48,21626.52,51285.47,0.0,22443.33,0.0,57710.47,3.36,0.0,0.0,0.0,7769.22,0.0,0.0,0.00,21626.52,21646.48,0.00,22191.36,251.97
CZ02/Mtl&0&cDXHP&Ex&dxHP_equip__pkgEER/NE-dxAC_equip-pkgEER-11.4-IEER-TE-0.80/instance-out.sql,183711.05,21646.48,22852.71,51285.47,0.0,22443.33,0.0,57710.47,3.36,0.0,0.0,0.0,7769.22,0.0,0.0,0.00,22852.71,21646.48,0.00,22191.36,251.97
CZ02/Mtl&0&cDXHP&Ex&dxHP_equip__pkgEER/NE-dxAC_equip-pkgEER-12.7-IEER-TE-0.80/instance-out.sql,182532.68,21646.48,21674.34,51285.47,0.0,22443.33,0.0,57710.47,3.36,0.0,0.0,0.0,7769.22,0.0,0.0,0.00,21674.34,21646.48,0.00,22191.36,251.97
CZ02/Mtl&0&cDXHP&Ex&dxHP_equip__pkgEER/NE-dxAC_equip-pkgSEER-12.35-SEER2/instance-out.sql,182249.7,21646.48,21391.36,51285.47,0.0,22443.33,0.0,57710.47,3.36,0.0,0.0,0.0,7769.22,0.0,0.0,0.00,21391.36,21646.48,0.00,22191.36,251.97
CZ02/Mtl&0&cDXHP&Ex&dxHP_equip__pkgEER/NE-dxHP_equip-pkgEER-14.5-IEER/instance-out.sql,166331.83000000002,6994.34,20131.22,51285.47,0.0,22443.33,0.0,57704.89,3.36,0.0,0.0,0.0,7769.22,0.0,0.0,6571.80,20131.22,422.54,0.00,22191.36,251.97
CZ02/Mtl&0&cDXHP&Ex&dxHP_equip__pkgEER/NE-dxHP_equip-pkgEER-15.5-IEER/instance-out.sql,165710.98,6994.34,19510.37,51285.47,0.0,22443.33,0.0,57704.89,3.36,0.0,0.0,0.0,7769.22,0.0,0.0,6571.80,19510.37,422.54,0.00,22191.36,251.97
CZ02/Mtl&0&cDXHP&Ex&dxHP_equip__pkgEER/NE-dxHP_equip-pkgEER-13.5-IEER/instance-out.sql,166961.35,6994.34,20760.74,51285.47,0.0,22443.33,0.0,57704.89,3.36,0.0,0.0,0.0,7769.22,0.0,0.0,6571.80,20760.74,422.54,0.00,22191.36,251.97
CZ02/Mtl&0&cDXHP&Ex&dxHP_equip__pkgEER/NE-dxHP_equip-pkgEER-14-IEER/instance-out.sql,166494.98,6994.34,20294.37,51285.47,0.0,22443.33,0.0,57704.89,3.36,0.0,0.0,0.0,7769.22,0.0,0.0,6571.80,20294.37,422.54,0.00,22191.36,251.97
CZ02/Mtl&0&cDXHP&Ex&dxHP_equip__pkgEER/NE-dxHP_equip-pkgEER-15-IEER/instance-out.sql,165362.14,6645.49,19510.37,51285.47,0.0,22443.33,0.0,57704.89,3.36,0.0,0.0,0.0,7769.22,0.0,0.0,6222.95,19510.37,422.54,0.00,22191.36,251.97
CZ02/Mtl&0&cDXHP&Ex&dxHP_equip__pkgEER/NE-dxHP_equip-pkgEER-16-IEER/instance-out.sql,164549.88,6645.49,18698.11,51285.47,0.0,22443.33,0.0,57704.89,3.36,0.0,0.0,0.0,7769.22,0.0,0.0,6222.95,18698.11,422.54,0.00,22191.36,251.97
CZ02/Mtl&0&cDXHP&Ex&dxHP_equip__pkgEER/NE-dxHP_equip-pkgSEER-15.4-SEER2/instance-out.sql,164327.94,6185.61,18936.06,51285.47,0.0,22443.33,0.0,57704.89,3.36,0.0,0.0,0.0,7769.22,0.0,0.0,5763.07,18936.06,422.54,0.00,22191.36,251.97
CZ02/Mtl&0&cDXHP&Ex&dxHP_equip__pkgEER/NE-dxHP_equip-pkgSEER-16.3-SEER2/instance-out.sql,163678.96000000002,6069.46,18403.23,51285.47,0.0,22443.33,0.0,57704.89,3.36,0.0,0.0,0.0,7769.22,0.0,0.0,5646.92,18403.23,422.54,0.00,22191.36,251.97
CZ02/Mtl&0&cDXHP&Ex&dxHP_equip__pkgEER/NE-dxHP_equip-pkgSEER-14.4-SEER2-1Stage/instance-out.sql,164959.14,6279.7,19473.17,51285.47,0.0,22443.33,0.0,57704.89,3.36,0.0,0.0,0.0,7769.22,0.0,0.0,5857.16,19473.17,422.54,0.00,22191.36,251.97
CZ02/Mtl&0&cDXHP&Ex&dxHP_equip__pkgEER/NE-dxHP_equip-pkgSEER-14.4-SEER2-2Stage/instance-out.sql,141742.71,4471.51,18620.58,51285.47,0.0,22443.33,0.0,37149.18,3.36,0.0,0.0,0.0,7769.26,0.0,0.0,4040.60,18620.58,430.91,0.00,22191.36,251.97
CZ02/Mtl&0&cDXHP&Ex&dxHP_equip__pkgEER/NE-dxHP_equip-spltSEER-14.4-SEER2-8.7-HSPF/instance-out.sql,164812.78,6133.34,19473.17,51285.47,0.0,22443.33,0.0,57704.89,3.36,0.0,0.0,0.0,7769.22,0.0,0.0,5710.80,19473.17,422.54,0.00,22191.36,251.97
CZ02/Mtl&0&cDXHP&Ex&dxHP_equip__pkgEER/NE-dxHP_equip-spltSEER-15.4-SEER2-9-HSPF/instance-out.sql,164211.79,6069.46,18936.06,51285.47,0.0,22443.33,0.0,57704.89,3.36,0.0,0.0,0.0,7769.22,0.0,0.0,5646.92,18936.06,422.54,0.00,22191.36,251.97
CZ02/Mtl&0&cDXHP&Ex&dxHP_equip__pkgEER/NE-dxHP_equip-spltSEER-16.3-SEER2-9.4-HSPF/instance-out.sql,163592.16,5982.66,18403.23,51285.47,0.0,22443.33,0.0,57704.89,3.36,0.0,0.0,0.0,7769.22,0.0,0.0,5560.12,18403.23,422.54,0.00,22191.36,251.97
CZ02/Mtl&0&cDXHP&Ex&dxHP_equip__pkgEER/NE-dxHP_equip-spltSEER-17.3-SEER2-9.7-HSPF/instance-out.sql,163138.48,5934.37,17997.84,51285.47,0.0,22443.33,0.0,57704.89,3.36,0.0,0.0,0.0,7769.22,0.0,0.0,5511.83,17997.84,422.54,0.00,22191.36,251.97
CZ02/Nrs&0&cDXHP&Ex&dxHP_equip__pkgEER/NE-dxAC_equip-pkgEER-14.2-IEER-TE-0.81/instance-out.sql,974133.21,70605.68,79602.47,200868.06,0.0,347425.87,0.0,155878.84,30.31,0.0,0.0,0.0,119721.98,0.0,0.0,0.00,79602.47,70605.68,0.00,281574.59,65851.28
CZ02/Nrs&0&cDXHP&Ex&dxHP_equip__pkgEER/NE-dxAC_equip-pkgEER-13.2-IEER-TE-0.81/instance-out.sql,975410.29,70605.68,80879.55,200868.06,0.0,347425.87,0.0,155878.84,30.31,0.0,0.0,0.0,119721.98,0.0,0.0,0.00,80879.55,70605.68,0.00,281574.59,65851.28
CZ02/Nrs&0&cDXHP&Ex&dxHP_equip__pkgEER/NE-dxAC_equip-pkgEER-14.8-IEER-TE-0.81/instance-out.sql,973028.7,70605.68,78497.96,200868.06,0.0,347425.87,0.0,155878.84,30.31,0.0,0.0,0.0,119721.98,0.0,0.0,0.00,78497.96,70605.68,0.00,281574.59,65851.28
CZ02/Nrs&0&cDXHP&Ex&dxHP_equip__pkgEER/NE-dxAC_equip-pkgSEER-13.4-SEER2/instance-out.sql,974795.1499999999,70605.68,80264.41,200868.06,0.0,347425.87,0.0,155878.84,30.31,0.0,0.0,0.0,119721.98,0.0,0.0,0.00,80264.41,70605.68,0.00,281574.59,65851.28
CZ02/Nrs&0&cDXHP&Ex&dxHP_equip__pkgEER/NE-dxAC_equip-pkgEER-12.2-IEER-TE-0.80/instance-out.sql,976851.37,70904.48,82021.83,200868.06,0.0,347425.87,0.0,155878.84,30.31,0.0,0.0,0.0,119721.98,0.0,0.0,0.00,82021.83,70904.48,0.00,281574.59,65851.28
CZ02/Nrs&0&cDXHP&Ex&dxHP_equip__pkgEER/NE-dxAC_equip-pkgEER-11.4-IEER-TE-0.80/instance-out.sql,979031.03,70904.48,84201.49,200868.06,0.0,347425.87,0.0,155878.84,30.31,0.0,0.0,0.0,119721.98,0.0,0.0,0.00,84201.49,70904.48,0.00,281574.59,65851.28
CZ02/Nrs&0&cDXHP&Ex&dxHP_equip__pkgEER/NE-dxAC_equip-pkgEER-12.7-IEER-TE-0.80/instance-out.sql,976936.37,70904.48,82106.83,200868.06,0.0,347425.87,0.0,155878.84,30.31,0.0,0.0,0.0,119721.98,0.0,0.0,0.00,82106.83,70904.48,0.00,281574.59,65851.28
CZ02/Nrs&0&cDXHP&Ex&dxHP_equip__pkgEER/NE-dxAC_equip-pkgSEER-12.35-SEER2/instance-out.sql,976433.36,70904.48,81603.82,200868.06,0.0,347425.87,0.0,155878.84,30.31,0.0,0.0,0.0,119721.98,0.0,0.0,0.00,81603.82,70904.48,0.00,281574.59,65851.28
CZ02/Nrs&0&cDXHP&Ex&dxHP_equip__pkgEER/NE-dxHP_equip-pkgEER-14.5-IEER/instance-out.sql,957211.67,54044.53,79370.69,200868.06,0.0,347425.87,0.0,155843.31,29.97,0.0,0.0,0.0,119629.22,0.0,0.0,7472.50,79370.69,46572.03,0.00,281574.59,65851.28
CZ02/Nrs&0&cDXHP&Ex&dxHP_equip__pkgEER/NE-dxHP_equip-pkgEER-15.5-IEER/instance-out.sql,956115.13,54044.53,78274.16,200868.06,0.0,347425.87,0.0,155843.31,29.97,0.0,0.0,0.0,119629.22,0.0,0.0,7472.50,78274.16,46572.03,0.00,281574.59,65851.28
CZ02/Nrs&0&cDXHP&Ex&dxHP_equip__pkgEER/NE-dxHP_equip-pkgEER-13.5-IEER/instance-out.sql,958323.53,54044.53,80482.56,200868.06,0.0,347425.87,0.0,155843.31,29.97,0.0,0.0,0.0,119629.22,0.0,0.0,7472.50,80482.56,46572.03,0.00,281574.59,65851.28
CZ02/Nrs&0&cDXHP&Ex&dxHP_equip__pkgEER/NE-dxHP_equip-pkgEER-14-IEER/instance-out.sql,957499.8200000001,54044.53,79658.85,200868.06,0.0,347425.87,0.0,155843.31,29.97,0.0,0.0,0.0,119629.22,0.0,0.0,7472.50,79658.85,46572.03,0.00,281574.59,65851.28
CZ02/Nrs&0&cDXHP&Ex&dxHP_equip__pkgEER/NE-dxHP_equip-pkgEER-15-IEER/instance-out.sql,955713.9700000001,53643.369999999995,78274.16,200868.06,0.0,347425.87,0.0,155843.31,29.97,0.0,0.0,0.0,119629.22,0.0,0.0,7071.34,78274.16,46572.03,0.00,281574.59,65851.28
CZ02/Nrs&0&cDXHP&Ex&dxHP_equip__pkgEER/NE-dxHP_equip-pkgEER-16-IEER/instance-out.sql,954279.3400000001,53643.369999999995,76839.53,200868.06,0.0,347425.87,0.0,155843.31,29.97,0.0,0.0,0.0,119629.22,0.0,0.0,7071.34,76839.53,46572.03,0.00,281574.59,65851.28
CZ02/Nrs&0&cDXHP&Ex&dxHP_equip__pkgEER/NE-dxHP_equip-pkgSEER-15.4-SEER2/instance-out.sql,954170.75,53114.509999999995,77259.79,200868.06,0.0,347425.87,0.0,155843.31,29.97,0.0,0.0,0.0,119629.22,0.0,0.0,6542.48,77259.79,46572.03,0.00,281574.59,65851.28
CZ02/Nrs&0&cDXHP&Ex&dxHP_equip__pkgEER/NE-dxHP_equip-pkgSEER-16.3-SEER2/instance-out.sql,953096.0900000001,52980.94,76318.71,200868.06,0.0,347425.87,0.0,155843.31,29.97,0.0,0.0,0.0,119629.22,0.0,0.0,6408.91,76318.71,46572.03,0.00,281574.59,65851.28
CZ02/Nrs&0&cDXHP&Ex&dxHP_equip__pkgEER/NE-dxHP_equip-pkgSEER-14.4-SEER2-1Stage/instance-out.sql,955227.6000000001,53222.7,78208.45,200868.06,0.0,347425.87,0.0,155843.31,29.97,0.0,0.0,0.0,119629.22,0.0,0.0,6650.67,78208.45,46572.03,0.00,281574.59,65851.28
CZ02/Nrs&0&cDXHP&Ex&dxHP_equip__pkgEER/NE-dxHP_equip-pkgSEER-14.4-SEER2-2Stage/instance-out.sql,915703.77,51675.509999999995,77229.87,200868.06,0.0,347425.87,0.0,118826.43,31.07,0.0,0.0,0.0,119646.97,0.0,0.0,3774.70,77229.87,47900.81,0.00,281574.59,65851.28
CZ02/Nrs&0&cDXHP&Ex&dxHP_equip__pkgEER/NE-dxHP_equip-spltSEER-14.4-SEER2-8.7-HSPF/instance-out.sql,955059.29,53054.39,78208.45,200868.06,0.0,347425.87,0.0,155843.31,29.97,0.0,0.0,0.0,119629.22,0.0,0.0,6482.36,78208.45,46572.03,0.00,281574.59,65851.28
CZ02/Nrs&0&cDXHP&Ex&dxHP_equip__pkgEER/NE-dxHP_equip-spltSEER-15.4-SEER2-9-HSPF/instance-out.sql,954037.18,52980.94,77259.79,200868.06,0.0,347425.87,0.0,155843.31,29.97,0.0,0.0,0.0,119629.22,0.0,0.0,6408.91,77259.79,46572.03,0.00,281574.59,65851.28
CZ02/Nrs&0&cDXHP&Ex&dxHP_equip__pkgEER/NE-dxHP_equip-spltSEER-16.3-SEER2-9.4-HSPF/instance-out.sql,952996.27,52881.11,76318.71,200868.06,0.0,347425.87,0.0,155843.31,29.97,0.0,0.0,0.0,119629.22,0.0,0.0,6309.08,76318.71,46572.03,0.00,281574.59,65851.28
CZ02/Nrs&0&cDXHP&Ex&dxHP_equip__pkgEER/NE-dxHP_equip-spltSEER-17.3-SEER2-9.7-HSPF/instance-out.sql,952224.74,52825.59,75602.7,200868.06,0.0,347425.87,0.0,155843.31,29.97,0.0,0.0,0.0,119629.22,0.0,0.0,6253.56,75602.70,46572.03,0.00,281574.59,65851.28
CZ02/OfL&0&cDXHP&Ex&dxHP_equip__pkgEER/NE-dxAC_equip-pkgEER-14.2-IEER-TE-0.81/instance-out.sql,2666243.84,79979.76,284762.75,462712.61,0.0,829334.66,0.0,884957.28,2789.68,0.0,0.0,0.0,121707.1,0.0,0.0,0.00,284762.75,79979.76,0.00,829334.66,0.00
CZ02/OfL&0&cDXHP&Ex&dxHP_equip__pkgEER/NE-dxAC_equip-pkgEER-13.2-IEER-TE-0.81/instance-out.sql,2675596.76,79979.76,294115.67,462712.61,0.0,829334.66,0.0,884957.28,2789.68,0.0,0.0,0.0,121707.1,0.0,0.0,0.00,294115.67,79979.76,0.00,829334.66,0.00
CZ02/OfL&0&cDXHP&Ex&dxHP_equip__pkgEER/NE-dxAC_equip-pkgEER-14.8-IEER-TE-0.81/instance-out.sql,2658154.83,79979.76,276673.74,462712.61,0.0,829334.66,0.0,884957.28,2789.68,0.0,0.0,0.0,121707.1,0.0,0.0,0.00,276673.74,79979.76,0.00,829334.66,0.00
CZ02/OfL&0&cDXHP&Ex&dxHP_equip__pkgEER/NE-dxAC_equip-pkgSEER-13.4-SEER2/instance-out.sql,2671091.69,79979.76,289610.6,462712.61,0.0,829334.66,0.0,884957.28,2789.68,0.0,0.0,0.0,121707.1,0.0,0.0,0.00,289610.60,79979.76,0.00,829334.66,0.00
CZ02/OfL&0&cDXHP&Ex&dxHP_equip__pkgEER/NE-dxAC_equip-pkgEER-12.2-IEER-TE-0.80/instance-out.sql,2684565.77,80583.1,302481.34,462712.61,0.0,829334.66,0.0,884957.28,2789.68,0.0,0.0,0.0,121707.1,0.0,0.0,0.00,302481.34,80583.10,0.00,829334.66,0.00
CZ02/OfL&0&cDXHP&Ex&dxHP_equip__pkgEER/NE-dxAC_equip-pkgEER-11.4-IEER-TE-0.80/instance-out.sql,2700528.83,80583.1,318444.39,462712.61,0.0,829334.66,0.0,884957.28,2789.68,0.0,0.0,0.0,121707.1,0.0,0.0,0.00,318444.39,80583.10,0.00,829334.66,0.00
CZ02/OfL&0&cDXHP&Ex&dxHP_equip__pkgEER/NE-dxAC_equip-pkgEER-12.7-IEER-TE-0.80/instance-out.sql,2685188.2800000003,80583.1,303103.85,462712.61,0.0,829334.66,0.0,884957.28,2789.68,0.0,0.0,0.0,121707.1,0.0,0.0,0.00,303103.85,80583.10,0.00,829334.66,0.00
CZ02/OfL&0&cDXHP&Ex&dxHP_equip__pkgEER/NE-dxAC_equip-pkgSEER-12.35-SEER2/instance-out.sql,2681504.3600000003,80583.1,299419.93,462712.61,0.0,829334.66,0.0,884957.28,2789.68,0.0,0.0,0.0,121707.1,0.0,0.0,0.00,299419.93,80583.10,0.00,829334.66,0.00
CZ02/OfL&0&cDXHP&Ex&dxHP_equip__pkgEER/NE-dxHP_equip-pkgEER-14.5-IEER/instance-out.sql,2634074.1300000004,47516.35,285113.9,462712.61,0.0,829334.66,0.0,884900.3,2789.69,0.0,0.0,0.0,121706.61,0.0,0.0,15804.56,285113.90,31711.79,0.00,829334.66,0.00
CZ02/OfL&0&cDXHP&Ex&dxHP_equip__pkgEER/NE-dxHP_equip-pkgEER-15.5-IEER/instance-out.sql,2626041.0,47516.35,277080.78,462712.61,0.0,829334.66,0.0,884900.3,2789.69,0.0,0.0,0.0,121706.61,0.0,0.0,15804.56,277080.78,31711.79,0.00,829334.66,0.00
CZ02/OfL&0&cDXHP&Ex&dxHP_equip__pkgEER/NE-dxHP_equip-pkgEER-13.5-IEER/instance-out.sql,2642219.56,47516.35,293259.33,462712.61,0.0,829334.66,0.0,884900.3,2789.69,0.0,0.0,0.0,121706.61,0.0,0.0,15804.56,293259.33,31711.79,0.00,829334.66,0.00
CZ02/OfL&0&cDXHP&Ex&dxHP_equip__pkgEER/NE-dxHP_equip-pkgEER-14-IEER/instance-out.sql,2636185.1300000004,47516.35,287224.91,462712.61,0.0,829334.66,0.0,884900.3,2789.69,0.0,0.0,0.0,121706.61,0.0,0.0,15804.56,287224.91,31711.79,0.00,829334.66,0.00
CZ02/OfL&0&cDXHP&Ex&dxHP_equip__pkgEER/NE-dxHP_equip-pkgEER-15-IEER/instance-out.sql,2625208.31,46683.66,277080.78,462712.61,0.0,829334.66,0.0,884900.3,2789.69,0.0,0.0,0.0,121706.61,0.0,0.0,14971.87,277080.78,31711.79,0.00,829334.66,0.00
CZ02/OfL&0&cDXHP&Ex&dxHP_equip__pkgEER/NE-dxHP_equip-pkgEER-16-IEER/instance-out.sql,2614698.3800000004,46683.66,266570.85,462712.61,0.0,829334.66,0.0,884900.3,2789.69,0.0,0.0,0.0,121706.61,0.0,0.0,14971.87,266570.85,31711.79,0.00,829334.66,0.00
CZ02/OfL&0&cDXHP&Ex&dxHP_equip__pkgEER/NE-dxHP_equip-pkgSEER-15.4-SEER2/instance-out.sql,2616679.45,45585.9,269649.67,462712.61,0.0,829334.66,0.0,884900.3,2789.69,0.0,0.0,0.0,121706.61,0.0,0.0,13874.11,269649.67,31711.79,0.00,829334.66,0.00
CZ02/OfL&0&cDXHP&Ex&dxHP_equip__pkgEER/NE-dxHP_equip-pkgSEER-16.3-SEER2/instance-out.sql,2609507.87,45308.65,262755.35,462712.61,0.0,829334.66,0.0,884900.3,2789.69,0.0,0.0,0.0,121706.61,0.0,0.0,13596.86,262755.35,31711.79,0.00,829334.66,0.00
CZ02/OfL&0&cDXHP&Ex&dxHP_equip__pkgEER/NE-dxHP_equip-pkgSEER-14.4-SEER2-1Stage/instance-out.sql,2623853.7800000003,45810.48,276599.43,462712.61,0.0,829334.66,0.0,884900.3,2789.69,0.0,0.0,0.0,121706.61,0.0,0.0,14098.69,276599.43,31711.79,0.00,829334.66,0.00
CZ02/OfL&0&cDXHP&Ex&dxHP_equip__pkgEER/NE-dxHP_equip-pkgSEER-14.4-SEER2-2Stage/instance-out.sql,2347773.03,43634.28,270130.7,462712.61,0.0,829334.66,0.0,617914.35,2788.85,0.0,0.0,0.0,121257.58,0.0,0.0,11948.21,270130.70,31686.07,0.00,829334.66,0.00
CZ02/OfL&0&cDXHP&Ex&dxHP_equip__pkgEER/NE-dxHP_equip-spltSEER-14.4-SEER2-8.7-HSPF/instance-out.sql,2623504.43,45461.130000000005,276599.43,462712.61,0.0,829334.66,0.0,884900.3,2789.69,0.0,0.0,0.0,121706.61,0.0,0.0,13749.34,276599.43,31711.79,0.00,829334.66,0.00
CZ02/OfL&0&cDXHP&Ex&dxHP_equip__pkgEER/NE-dxHP_equip-spltSEER-15.4-SEER2-9-HSPF/instance-out.sql,2616402.19,45308.65,269649.67,462712.61,0.0,829334.66,0.0,884900.3,2789.69,0.0,0.0,0.0,121706.61,0.0,0.0,13596.86,269649.67,31711.79,0.00,829334.66,0.00
CZ02/OfL&0&cDXHP&Ex&dxHP_equip__pkgEER/NE-dxHP_equip-spltSEER-16.3-SEER2-9.4-HSPF/instance-out.sql,2609300.66,45101.44,262755.35,462712.61,0.0,829334.66,0.0,884900.3,2789.69,0.0,0.0,0.0,121706.61,0.0,0.0,13389.65,262755.35,31711.79,0.00,829334.66,0.00
CZ02/OfL&0&cDXHP&Ex&dxHP_equip__pkgEER/NE-dxHP_equip-spltSEER-17.3-SEER2-9.7-HSPF/instance-out.sql,2603940.02,44986.19,257509.95,462712.61,0.0,829334.66,0.0,884900.3,2789.69,0.0,0.0,0.0,121706.61,0.0,0.0,13274.40,257509.95,31711.79,0.00,829334.66,0.00
CZ02/OfL&0&cDXHP&Ex&dxHP_equip__pkgEER/NE-dxAC_equip-pkgEER-14.2-IEER-TE-0.81-VarFan/instance-out.sql,2665909.03,80002.52,284740.96,462712.61,0.0,829334.66,0.0,884621.84,2789.69,0.0,0.0,0.0,121706.75,0.0,0.0,0.00,284740.96,80002.52,0.00,829334.66,0.00
CZ02/OfL&0&cDXHP&Ex&dxHP_equip__pkgEER/NE-dxAC_equip-pkgEER-13.2-IEER-TE-0.81-VarFan/instance-out.sql,2675260.96,80002.52,294092.89,462712.61,0.0,829334.66,0.0,884621.84,2789.69,0.0,0.0,0.0,121706.75,0.0,0.0,0.00,294092.89,80002.52,0.00,829334.66,0.00
CZ02/OfL&0&cDXHP&Ex&dxHP_equip__pkgEER/NE-dxAC_equip-pkgEER-14.8-IEER-TE-0.81-VarFan/instance-out.sql,2657820.88,80002.52,276652.81,462712.61,0.0,829334.66,0.0,884621.84,2789.69,0.0,0.0,0.0,121706.75,0.0,0.0,0.00,276652.81,80002.52,0.00,829334.66,0.00
CZ02/OfL&0&cDXHP&Ex&dxHP_equip__pkgEER/NE-dxAC_equip-pkgSEER-13.4-SEER2-VarFan/instance-out.sql,2670756.36,80002.52,289588.3,462712.61,0.0,829334.66,0.0,884621.84,2789.69,0.0,0.0,0.0,121706.75,0.0,0.0,0.00,289588.30,80002.52,0.00,829334.66,0.00
CZ02/OfS&0&cDXHP&Ex&dxHP_equip__pkgEER/NE-dxAC_equip-pkgEER-14.2-IEER-TE-0.81/instance-out.sql,157261.51,7563.6,14653.39,23737.13,0.0,29387.4,0.0,59491.03,1.13,0.0,0.0,0.0,22427.82,0.0,0.0,0.00,14653.39,7563.60,0.00,29387.40,0.00
CZ02/OfS&0&cDXHP&Ex&dxHP_equip__pkgEER/NE-dxAC_equip-pkgEER-13.2-IEER-TE-0.81/instance-out.sql,157916.87,7563.6,15308.75,23737.13,0.0,29387.4,0.0,59491.03,1.13,0.0,0.0,0.0,22427.82,0.0,0.0,0.00,15308.75,7563.60,0.00,29387.40,0.00
CZ02/OfS&0&cDXHP&Ex&dxHP_equip__pkgEER/NE-dxAC_equip-pkgEER-14.8-IEER-TE-0.81/instance-out.sql,156694.71,7563.6,14086.59,23737.13,0.0,29387.4,0.0,59491.03,1.13,0.0,0.0,0.0,22427.82,0.0,0.0,0.00,14086.59,7563.60,0.00,29387.40,0.00
CZ02/OfS&0&cDXHP&Ex&dxHP_equip__pkgEER/NE-dxAC_equip-pkgSEER-13.4-SEER2/instance-out.sql,157601.2,7563.6,14993.08,23737.13,0.0,29387.4,0.0,59491.03,1.13,0.0,0.0,0.0,22427.82,0.0,0.0,0.00,14993.08,7563.60,0.00,29387.40,0.00
CZ02/OfS&0&cDXHP&Ex&dxHP_equip__pkgEER/NE-dxAC_equip-pkgEER-12.2-IEER-TE-0.80/instance-out.sql,158597.6,7658.15,15894.94,23737.13,0.0,29387.4,0.0,59491.03,1.13,0.0,0.0,0.0,22427.82,0.0,0.0,0.00,15894.94,7658.15,0.00,29387.40,0.00
CZ02/OfS&0&cDXHP&Ex&dxHP_equip__pkgEER/NE-dxAC_equip-pkgEER-11.4-IEER-TE-0.80/instance-out.sql,159716.14,7658.15,17013.48,23737.13,0.0,29387.4,0.0,59491.03,1.13,0.0,0.0,0.0,22427.82,0.0,0.0,0.00,17013.48,7658.15,0.00,29387.40,0.00
CZ02/OfS&0&cDXHP&Ex&dxHP_equip__pkgEER/NE-dxAC_equip-pkgEER-12.7-IEER-TE-0.80/instance-out.sql,158641.22,7658.15,15938.56,23737.13,0.0,29387.4,0.0,59491.03,1.13,0.0,0.0,0.0,22427.82,0.0,0.0,0.00,15938.56,7658.15,0.00,29387.40,0.00
CZ02/OfS&0&cDXHP&Ex&dxHP_equip__pkgEER/NE-dxAC_equip-pkgSEER-12.35-SEER2/instance-out.sql,158383.09,7658.15,15680.43,23737.13,0.0,29387.4,0.0,59491.03,1.13,0.0,0.0,0.0,22427.82,0.0,0.0,0.00,15680.43,7658.15,0.00,29387.40,0.00
CZ02/OfS&0&cDXHP&Ex&dxHP_equip__pkgEER/NE-dxHP_equip-pkgEER-14.5-IEER/instance-out.sql,152057.43,2579.39,14438.07,23737.13,0.0,29387.4,0.0,59486.47,1.13,0.0,0.0,0.0,22427.82,0.0,0.0,2579.39,14438.07,0.00,0.00,29387.40,0.00
CZ02/OfS&0&cDXHP&Ex&dxHP_equip__pkgEER/NE-dxHP_equip-pkgEER-15.5-IEER/instance-out.sql,151495.36,2579.39,13876.01,23737.13,0.0,29387.4,0.0,59486.47,1.13,0.0,0.0,0.0,22427.82,0.0,0.0,2579.39,13876.01,0.00,0.00,29387.40,0.00
CZ02/OfS&0&cDXHP&Ex&dxHP_equip__pkgEER/NE-dxHP_equip-pkgEER-13.5-IEER/instance-out.sql,152627.35,2579.39,15008.0,23737.13,0.0,29387.4,0.0,59486.47,1.13,0.0,0.0,0.0,22427.82,0.0,0.0,2579.39,15008.00,0.00,0.00,29387.40,0.00
CZ02/OfS&0&cDXHP&Ex&dxHP_equip__pkgEER/NE-dxHP_equip-pkgEER-14-IEER/instance-out.sql,152205.13,2579.39,14585.78,23737.13,0.0,29387.4,0.0,59486.47,1.13,0.0,0.0,0.0,22427.82,0.0,0.0,2579.39,14585.78,0.00,0.00,29387.40,0.00
CZ02/OfS&0&cDXHP&Ex&dxHP_equip__pkgEER/NE-dxHP_equip-pkgEER-15-IEER/instance-out.sql,151367.18,2451.21,13876.01,23737.13,0.0,29387.4,0.0,59486.47,1.13,0.0,0.0,0.0,22427.82,0.0,0.0,2451.21,13876.01,0.00,0.00,29387.40,0.00
CZ02/OfS&0&cDXHP&Ex&dxHP_equip__pkgEER/NE-dxHP_equip-pkgEER-16-IEER/instance-out.sql,150631.81,2451.21,13140.64,23737.13,0.0,29387.4,0.0,59486.47,1.13,0.0,0.0,0.0,22427.82,0.0,0.0,2451.21,13140.64,0.00,0.00,29387.40,0.00
CZ02/OfS&0&cDXHP&Ex&dxHP_equip__pkgEER/NE-dxHP_equip-pkgSEER-15.4-SEER2/instance-out.sql,150678.25,2282.23,13356.06,23737.13,0.0,29387.4,0.0,59486.47,1.13,0.0,0.0,0.0,22427.82,0.0,0.0,2282.23,13356.06,0.00,0.00,29387.40,0.00
CZ02/OfS&0&cDXHP&Ex&dxHP_equip__pkgEER/NE-dxHP_equip-pkgSEER-16.3-SEER2/instance-out.sql,150153.18,2239.55,12873.68,23737.13,0.0,29387.4,0.0,59486.47,1.13,0.0,0.0,0.0,22427.82,0.0,0.0,2239.55,12873.68,0.00,0.00,29387.40,0.00
CZ02/OfS&0&cDXHP&Ex&dxHP_equip__pkgEER/NE-dxHP_equip-pkgSEER-14.4-SEER2-1Stage/instance-out.sql,151199.08,2316.8,13842.33,23737.13,0.0,29387.4,0.0,59486.47,1.13,0.0,0.0,0.0,22427.82,0.0,0.0,2316.80,13842.33,0.00,0.00,29387.40,0.00
CZ02/OfS&0&cDXHP&Ex&dxHP_equip__pkgEER/NE-dxHP_equip-pkgSEER-14.4-SEER2-2Stage/instance-out.sql,130890.39,1825.31,13299.87,23737.13,0.0,29387.4,0.0,40211.69,1.13,0.0,0.0,0.0,22427.86,0.0,0.0,1825.31,13299.87,0.00,0.00,29387.40,0.00
CZ02/OfS&0&cDXHP&Ex&dxHP_equip__pkgEER/NE-dxHP_equip-spltSEER-14.4-SEER2-8.7-HSPF/instance-out.sql,151145.3,2263.02,13842.33,23737.13,0.0,29387.4,0.0,59486.47,1.13,0.0,0.0,0.0,22427.82,0.0,0.0,2263.02,13842.33,0.00,0.00,29387.40,0.00
CZ02/OfS&0&cDXHP&Ex&dxHP_equip__pkgEER/NE-dxHP_equip-spltSEER-15.4-SEER2-9-HSPF/instance-out.sql,150635.57,2239.55,13356.06,23737.13,0.0,29387.4,0.0,59486.47,1.13,0.0,0.0,0.0,22427.82,0.0,0.0,2239.55,13356.06,0.00,0.00,29387.40,0.00
CZ02/OfS&0&cDXHP&Ex&dxHP_equip__pkgEER/NE-dxHP_equip-spltSEER-16.3-SEER2-9.4-HSPF/instance-out.sql,150121.29,2207.65,12873.68,23737.13,0.0,29387.4,0.0,59486.47,1.13,0.0,0.0,0.0,22427.82,0.0,0.0,2207.65,12873.68,0.00,0.00,29387.40,0.00
CZ02/OfS&0&cDXHP&Ex&dxHP_equip__pkgEER/NE-dxHP_equip-spltSEER-17.3-SEER2-9.7-HSPF/instance-out.sql,149736.53,2189.91,12506.66,23737.13,0.0,29387.4,0.0,59486.47,1.13,0.0,0.0,0.0,22427.82,0.0,0.0,2189.91,12506.66,0.00,0.00,29387.40,0.00
CZ02/OfS&0&cDXHP&Ex&dxHP_equip__pkgEER/NE-dxAC_equip-pkgEER-14.2-IEER-TE-0.81-VarFan/instance-out.sql,157239.72999999998,7566.02,14651.9,23737.13,0.0,29387.4,0.0,59468.34,1.13,0.0,0.0,0.0,22427.82,0.0,0.0,0.00,14651.90,7566.02,0.00,29387.40,0.00
CZ02/OfS&0&cDXHP&Ex&dxHP_equip__pkgEER/NE-dxAC_equip-pkgEER-13.2-IEER-TE-0.81-VarFan/instance-out.sql,157895.03,7566.02,15307.19,23737.13,0.0,29387.4,0.0,59468.34,1.13,0.0,0.0,0.0,22427.82,0.0,0.0,0.00,15307.19,7566.02,0.00,29387.40,0.00
CZ02/OfS&0&cDXHP&Ex&dxHP_equip__pkgEER/NE-dxAC_equip-pkgEER-14.8-IEER-TE-0.81-VarFan/instance-out.sql,156672.99,7566.02,14085.16,23737.13,0.0,29387.4,0.0,59468.34,1.13,0.0,0.0,0.0,22427.82,0.0,0.0,0.00,14085.16,7566.02,0.00,29387.40,0.00
CZ02/OfS&0&cDXHP&Ex&dxHP_equip__pkgEER/NE-dxAC_equip-pkgSEER-13.4-SEER2-VarFan/instance-out.sql,157579.39,7566.02,14991.55,23737.13,0.0,29387.4,0.0,59468.34,1.13,0.0,0.0,0.0,22427.82,0.0,0.0,0.00,14991.55,7566.02,0.00,29387.40,0.00
CZ02/RFF&0&cDXHP&Ex&dxHP_equip__pkgEER/NE-dxAC_equip-pkgEER-14.2-IEER-TE-0.81/instance-out.sql,113157.32,4927.69,8861.55,13247.63,0.0,37903.17,0.0,22188.02,3.37,0.0,0.0,0.0,26025.88,0.0,0.0,0.00,8861.55,4927.69,0.00,18423.46,19479.71
CZ02/RFF&0&cDXHP&Ex&dxHP_equip__pkgEER/NE-dxAC_equip-pkgEER-13.2-IEER-TE-0.81/instance-out.sql,113337.07,4927.69,9041.3,13247.63,0.0,37903.17,0.0,22188.02,3.37,0.0,0.0,0.0,26025.88,0.0,0.0,0.00,9041.30,4927.69,0.00,18423.46,19479.71
CZ02/RFF&0&cDXHP&Ex&dxHP_equip__pkgEER/NE-dxAC_equip-pkgEER-14.8-IEER-TE-0.81/instance-out.sql,113001.86,4927.69,8706.09,13247.63,0.0,37903.17,0.0,22188.02,3.37,0.0,0.0,0.0,26025.88,0.0,0.0,0.00,8706.09,4927.69,0.00,18423.46,19479.71
CZ02/RFF&0&cDXHP&Ex&dxHP_equip__pkgEER/NE-dxAC_equip-pkgSEER-13.4-SEER2/instance-out.sql,113250.48999999999,4927.69,8954.72,13247.63,0.0,37903.17,0.0,22188.02,3.37,0.0,0.0,0.0,26025.88,0.0,0.0,0.00,8954.72,4927.69,0.00,18423.46,19479.71
CZ02/RFF&0&cDXHP&Ex&dxHP_equip__pkgEER/NE-dxAC_equip-pkgEER-12.2-IEER-TE-0.80/instance-out.sql,113558.70999999999,4988.54,9202.08,13247.63,0.0,37903.17,0.0,22188.02,3.37,0.0,0.0,0.0,26025.88,0.0,0.0,0.00,9202.08,4988.54,0.00,18423.46,19479.71
CZ02/RFF&0&cDXHP&Ex&dxHP_equip__pkgEER/NE-dxAC_equip-pkgEER-11.4-IEER-TE-0.80/instance-out.sql,113865.48999999999,4988.54,9508.87,13247.63,0.0,37903.17,0.0,22188.02,3.37,0.0,0.0,0.0,26025.88,0.0,0.0,0.00,9508.87,4988.54,0.00,18423.46,19479.71
CZ02/RFF&0&cDXHP&Ex&dxHP_equip__pkgEER/NE-dxAC_equip-pkgEER-12.7-IEER-TE-0.80/instance-out.sql,113570.67,4988.54,9214.05,13247.63,0.0,37903.17,0.0,22188.02,3.37,0.0,0.0,0.0,26025.88,0.0,0.0,0.00,9214.05,4988.54,0.00,18423.46,19479.71
CZ02/RFF&0&cDXHP&Ex&dxHP_equip__pkgEER/NE-dxAC_equip-pkgSEER-12.35-SEER2/instance-out.sql,113499.87,4988.54,9143.25,13247.63,0.0,37903.17,0.0,22188.02,3.37,0.0,0.0,0.0,26025.88,0.0,0.0,0.00,9143.25,4988.54,0.00,18423.46,19479.71
CZ02/RFF&0&cDXHP&Ex&dxHP_equip__pkgEER/NE-dxHP_equip-pkgEER-14.5-IEER/instance-out.sql,109808.81,1614.5900000000001,8826.38,13247.63,0.0,37903.17,0.0,22187.77,3.37,0.0,0.0,0.0,26025.88,0.0,0.0,1554.95,8826.38,59.64,0.00,18423.46,19479.71
CZ02/RFF&0&cDXHP&Ex&dxHP_equip__pkgEER/NE-dxHP_equip-pkgEER-15.5-IEER/instance-out.sql,109653.42,1614.5900000000001,8670.99,13247.63,0.0,37903.17,0.0,22187.77,3.37,0.0,0.0,0.0,26025.88,0.0,0.0,1554.95,8670.99,59.64,0.00,18423.46,19479.71
CZ02/RFF&0&cDXHP&Ex&dxHP_equip__pkgEER/NE-dxHP_equip-pkgEER-13.5-IEER/instance-out.sql,109966.37,1614.5900000000001,8983.94,13247.63,0.0,37903.17,0.0,22187.77,3.37,0.0,0.0,0.0,26025.88,0.0,0.0,1554.95,8983.94,59.64,0.00,18423.46,19479.71
CZ02/RFF&0&cDXHP&Ex&dxHP_equip__pkgEER/NE-dxHP_equip-pkgEER-14-IEER/instance-out.sql,109849.64,1614.5900000000001,8867.21,13247.63,0.0,37903.17,0.0,22187.77,3.37,0.0,0.0,0.0,26025.88,0.0,0.0,1554.95,8867.21,59.64,0.00,18423.46,19479.71
CZ02/RFF&0&cDXHP&Ex&dxHP_equip__pkgEER/NE-dxHP_equip-pkgEER-15-IEER/instance-out.sql,109571.01,1532.17,8670.99,13247.63,0.0,37903.17,0.0,22187.77,3.37,0.0,0.0,0.0,26025.88,0.0,0.0,1472.53,8670.99,59.64,0.00,18423.46,19479.71
CZ02/RFF&0&cDXHP&Ex&dxHP_equip__pkgEER/NE-dxHP_equip-pkgEER-16-IEER/instance-out.sql,109367.70999999999,1532.17,8467.7,13247.63,0.0,37903.17,0.0,22187.77,3.37,0.0,0.0,0.0,26025.88,0.0,0.0,1472.53,8467.70,59.64,0.00,18423.46,19479.71
CZ02/RFF&0&cDXHP&Ex&dxHP_equip__pkgEER/NE-dxHP_equip-pkgSEER-15.4-SEER2/instance-out.sql,109318.62,1423.5200000000002,8527.25,13247.63,0.0,37903.17,0.0,22187.77,3.37,0.0,0.0,0.0,26025.88,0.0,0.0,1363.88,8527.25,59.64,0.00,18423.46,19479.71
CZ02/RFF&0&cDXHP&Ex&dxHP_equip__pkgEER/NE-dxHP_equip-pkgSEER-16.3-SEER2/instance-out.sql,109157.82,1396.0800000000002,8393.9,13247.63,0.0,37903.17,0.0,22187.77,3.37,0.0,0.0,0.0,26025.88,0.0,0.0,1336.44,8393.90,59.64,0.00,18423.46,19479.71
CZ02/RFF&0&cDXHP&Ex&dxHP_equip__pkgEER/NE-dxHP_equip-pkgSEER-14.4-SEER2-1Stage/instance-out.sql,109475.26999999999,1445.75,8661.68,13247.63,0.0,37903.17,0.0,22187.77,3.37,0.0,0.0,0.0,26025.88,0.0,0.0,1386.11,8661.68,59.64,0.00,18423.46,19479.71
CZ02/RFF&0&cDXHP&Ex&dxHP_equip__pkgEER/NE-dxHP_equip-pkgSEER-14.4-SEER2-2Stage/instance-out.sql,103473.26999999999,1006.94,8509.25,13247.63,0.0,37903.17,0.0,16777.0,3.37,0.0,0.0,0.0,26025.9,0.0,0.0,944.35,8509.25,62.59,0.00,18423.46,19479.71
CZ02/RFF&0&cDXHP&Ex&dxHP_equip__pkgEER/NE-dxHP_equip-spltSEER-14.4-SEER2-8.7-HSPF/instance-out.sql,109440.69,1411.17,8661.68,13247.63,0.0,37903.17,0.0,22187.77,3.37,0.0,0.0,0.0,26025.88,0.0,0.0,1351.53,8661.68,59.64,0.00,18423.46,19479.71
CZ02/RFF&0&cDXHP&Ex&dxHP_equip__pkgEER/NE-dxHP_equip-spltSEER-15.4-SEER2-9-HSPF/instance-out.sql,109291.17,1396.0800000000002,8527.25,13247.63,0.0,37903.17,0.0,22187.77,3.37,0.0,0.0,0.0,26025.88,0.0,0.0,1336.44,8527.25,59.64,0.00,18423.46,19479.71
CZ02/RFF&0&cDXHP&Ex&dxHP_equip__pkgEER/NE-dxHP_equip-spltSEER-16.3-SEER2-9.4-HSPF/instance-out.sql,109137.31,1375.5700000000002,8393.9,13247.63,0.0,37903.17,0.0,22187.77,3.37,0.0,0.0,0.0,26025.88,0.0,0.0,1315.93,8393.90,59.64,0.00,18423.46,19479.71
CZ02/RFF&0&cDXHP&Ex&dxHP_equip__pkgEER/NE-dxHP_equip-spltSEER-17.3-SEER2-9.7-HSPF/instance-out.sql,109024.44,1364.16,8292.44,13247.63,0.0,37903.17,0.0,22187.77,3.37,0.0,0.0,0.0,26025.88,0.0,0.0,1304.52,8292.44,59.64,0.00,18423.46,19479.71
CZ02/RSD&0&cDXHP&Ex&dxHP_equip__pkgEER/NE-dxAC_equip-pkgEER-14.2-IEER-TE-0.81/instance-out.sql,255447.85,27850.47,20381.8,36047.32,0.0,76546.73,0.0,27886.07,13.65,0.0,0.0,0.0,66721.82,0.0,0.0,0.00,20381.80,27850.47,0.00,37475.60,39071.13
CZ02/RSD&0&cDXHP&Ex&dxHP_equip__pkgEER/NE-dxAC_equip-pkgEER-13.2-IEER-TE-0.81/instance-out.sql,255532.11,27850.47,20466.06,36047.32,0.0,76546.73,0.0,27886.07,13.65,0.0,0.0,0.0,66721.82,0.0,0.0,0.00,20466.06,27850.47,0.00,37475.60,39071.13
CZ02/RSD&0&cDXHP&Ex&dxHP_equip__pkgEER/NE-dxAC_equip-pkgEER-14.8-IEER-TE-0.81/instance-out.sql,255374.97,27850.47,20308.92,36047.32,0.0,76546.73,0.0,27886.07,13.65,0.0,0.0,0.0,66721.82,0.0,0.0,0.00,20308.92,27850.47,0.00,37475.60,39071.13
CZ02/RSD&0&cDXHP&Ex&dxHP_equip__pkgEER/NE-dxAC_equip-pkgSEER-13.4-SEER2/instance-out.sql,255491.52000000002,27850.47,20425.47,36047.32,0.0,76546.73,0.0,27886.07,13.65,0.0,0.0,0.0,66721.82,0.0,0.0,0.00,20425.47,27850.47,0.00,37475.60,39071.13
CZ02/RSD&0&cDXHP&Ex&dxHP_equip__pkgEER/NE-dxAC_equip-pkgEER-12.2-IEER-TE-0.80/instance-out.sql,255637.06,27880.06,20541.42,36047.32,0.0,76546.73,0.0,27886.07,13.65,0.0,0.0,0.0,66721.82,0.0,0.0,0.00,20541.42,27880.06,0.00,37475.60,39071.13
CZ02/RSD&0&cDXHP&Ex&dxHP_equip__pkgEER/NE-dxAC_equip-pkgEER-11.4-IEER-TE-0.80/instance-out.sql,255780.87,27880.06,20685.23,36047.32,0.0,76546.73,0.0,27886.07,13.65,0.0,0.0,0.0,66721.82,0.0,0.0,0.00,20685.23,27880.06,0.00,37475.60,39071.13
CZ02/RSD&0&cDXHP&Ex&dxHP_equip__pkgEER/NE-dxAC_equip-pkgEER-12.7-IEER-TE-0.80/instance-out.sql,255642.66999999998,27880.06,20547.03,36047.32,0.0,76546.73,0.0,27886.07,13.65,0.0,0.0,0.0,66721.82,0.0,0.0,0.00,20547.03,27880.06,0.00,37475.60,39071.13
CZ02/RSD&0&cDXHP&Ex&dxHP_equip__pkgEER/NE-dxAC_equip-pkgSEER-12.35-SEER2/instance-out.sql,255609.47999999998,27880.06,20513.84,36047.32,0.0,76546.73,0.0,27886.07,13.65,0.0,0.0,0.0,66721.82,0.0,0.0,0.00,20513.84,27880.06,0.00,37475.60,39071.13
CZ02/RSD&0&cDXHP&Ex&dxHP_equip__pkgEER/NE-dxHP_equip-pkgEER-14.5-IEER/instance-out.sql,253836.96999999997,26276.31,20341.76,36047.32,0.0,76546.73,0.0,27889.37,13.67,0.0,0.0,0.0,66721.82,0.0,0.0,771.90,20341.76,25504.41,0.00,37475.60,39071.13
CZ02/RSD&0&cDXHP&Ex&dxHP_equip__pkgEER/NE-dxHP_equip-pkgEER-15.5-IEER/instance-out.sql,253764.75,26276.31,20269.53,36047.32,0.0,76546.73,0.0,27889.37,13.67,0.0,0.0,0.0,66721.82,0.0,0.0,771.90,20269.53,25504.41,0.00,37475.60,39071.13
CZ02/RSD&0&cDXHP&Ex&dxHP_equip__pkgEER/NE-dxHP_equip-pkgEER-13.5-IEER/instance-out.sql,253910.21,26276.31,20414.99,36047.32,0.0,76546.73,0.0,27889.37,13.67,0.0,0.0,0.0,66721.82,0.0,0.0,771.90,20414.99,25504.41,0.00,37475.60,39071.13
CZ02/RSD&0&cDXHP&Ex&dxHP_equip__pkgEER/NE-dxHP_equip-pkgEER-14-IEER/instance-out.sql,253855.94999999998,26276.31,20360.74,36047.32,0.0,76546.73,0.0,27889.37,13.67,0.0,0.0,0.0,66721.82,0.0,0.0,771.90,20360.74,25504.41,0.00,37475.60,39071.13
CZ02/RSD&0&cDXHP&Ex&dxHP_equip__pkgEER/NE-dxHP_equip-pkgEER-15-IEER/instance-out.sql,253724.59999999998,26236.16,20269.53,36047.32,0.0,76546.73,0.0,27889.37,13.67,0.0,0.0,0.0,66721.82,0.0,0.0,731.75,20269.53,25504.41,0.00,37475.60,39071.13
CZ02/RSD&0&cDXHP&Ex&dxHP_equip__pkgEER/NE-dxHP_equip-pkgEER-16-IEER/instance-out.sql,253630.09999999998,26236.16,20175.04,36047.32,0.0,76546.73,0.0,27889.37,13.67,0.0,0.0,0.0,66721.82,0.0,0.0,731.75,20175.04,25504.41,0.00,37475.60,39071.13
CZ02/RSD&0&cDXHP&Ex&dxHP_equip__pkgEER/NE-dxHP_equip-pkgSEER-15.4-SEER2/instance-out.sql,253604.86,26183.23,20202.72,36047.32,0.0,76546.73,0.0,27889.37,13.67,0.0,0.0,0.0,66721.82,0.0,0.0,678.82,20202.72,25504.41,0.00,37475.60,39071.13
CZ02/RSD&0&cDXHP&Ex&dxHP_equip__pkgEER/NE-dxHP_equip-pkgSEER-16.3-SEER2/instance-out.sql,253529.5,26169.86,20140.73,36047.32,0.0,76546.73,0.0,27889.37,13.67,0.0,0.0,0.0,66721.82,0.0,0.0,665.45,20140.73,25504.41,0.00,37475.60,39071.13
CZ02/RSD&0&cDXHP&Ex&dxHP_equip__pkgEER/NE-dxHP_equip-pkgSEER-14.4-SEER2-1Stage/instance-out.sql,253678.16999999998,26194.06,20265.2,36047.32,0.0,76546.73,0.0,27889.37,13.67,0.0,0.0,0.0,66721.82,0.0,0.0,689.65,20265.20,25504.41,0.00,37475.60,39071.13
CZ02/RSD&0&cDXHP&Ex&dxHP_equip__pkgEER/NE-dxHP_equip-pkgSEER-14.4-SEER2-2Stage/instance-out.sql,250713.47999999998,25905.85,20167.49,36047.32,0.0,76546.73,0.0,25310.62,13.63,0.0,0.0,0.0,66721.84,0.0,0.0,389.28,20167.49,25516.57,0.00,37475.60,39071.13
CZ02/RSD&0&cDXHP&Ex&dxHP_equip__pkgEER/NE-dxHP_equip-spltSEER-14.4-SEER2-8.7-HSPF/instance-out.sql,253661.33,26177.21,20265.2,36047.32,0.0,76546.73,0.0,27889.37,13.67,0.0,0.0,0.0,66721.82,0.0,0.0,672.80,20265.20,25504.41,0.00,37475.60,39071.13
CZ02/RSD&0&cDXHP&Ex&dxHP_equip__pkgEER/NE-dxHP_equip-spltSEER-15.4-SEER2-9-HSPF/instance-out.sql,253591.49,26169.86,20202.72,36047.32,0.0,76546.73,0.0,27889.37,13.67,0.0,0.0,0.0,66721.82,0.0,0.0,665.45,20202.72,25504.41,0.00,37475.60,39071.13
CZ02/RSD&0&cDXHP&Ex&dxHP_equip__pkgEER/NE-dxHP_equip-spltSEER-16.3-SEER2-9.4-HSPF/instance-out.sql,253519.50999999998,26159.87,20140.73,36047.32,0.0,76546.73,0.0,27889.37,13.67,0.0,0.0,0.0,66721.82,0.0,0.0,655.46,20140.73,25504.41,0.00,37475.60,39071.13
CZ02/RSD&0&cDXHP&Ex&dxHP_equip__pkgEER/NE-dxHP_equip-spltSEER-17.3-SEER2-9.7-HSPF/instance-out.sql,253466.8,26154.32,20093.57,36047.32,0.0,76546.73,0.0,27889.37,13.67,0.0,0.0,0.0,66721.82,0.0,0.0,649.91,20093.57,25504.41,0.00,37475.60,39071.13
CZ02/Rt3&0&cDXHP&Ex&dxHP_equip__pkgEER/NE-dxAC_equip-pkgEER-14.2-IEER-TE-0.81/instance-out.sql,2158405.96,77765.0,159085.78,774348.97,0.0,436362.0,0.0,535515.62,3.38,0.0,0.0,0.0,175325.2,0.0,0.0,0.00,159085.78,77765.00,0.00,436362.00,0.00
CZ02/Rt3&0&cDXHP&Ex&dxHP_equip__pkgEER/NE-dxAC_equip-pkgEER-13.2-IEER-TE-0.81/instance-out.sql,2165471.19,77765.0,166151.01,774348.97,0.0,436362.0,0.0,535515.62,3.38,0.0,0.0,0.0,175325.2,0.0,0.0,0.00,166151.01,77765.00,0.00,436362.00,0.00
CZ02/Rt3&0&cDXHP&Ex&dxHP_equip__pkgEER/NE-dxAC_equip-pkgEER-14.8-IEER-TE-0.81/instance-out.sql,2152295.49,77765.0,152975.31,774348.97,0.0,436362.0,0.0,535515.62,3.38,0.0,0.0,0.0,175325.2,0.0,0.0,0.00,152975.31,77765.00,0.00,436362.00,0.00
CZ02/Rt3&0&cDXHP&Ex&dxHP_equip__pkgEER/NE-dxAC_equip-pkgSEER-13.4-SEER2/instance-out.sql,2162068.04,77765.0,162747.87,774348.97,0.0,436362.0,0.0,535515.62,3.38,0.0,0.0,0.0,175325.2,0.0,0.0,0.00,162747.87,77765.00,0.00,436362.00,0.00
CZ02/Rt3&0&cDXHP&Ex&dxHP_equip__pkgEER/NE-dxAC_equip-pkgEER-12.2-IEER-TE-0.80/instance-out.sql,2172719.78,78694.13,172470.47,774348.97,0.0,436362.0,0.0,535515.62,3.38,0.0,0.0,0.0,175325.2,0.0,0.0,0.00,172470.47,78694.13,0.00,436362.00,0.00
CZ02/Rt3&0&cDXHP&Ex&dxHP_equip__pkgEER/NE-dxAC_equip-pkgEER-11.4-IEER-TE-0.80/instance-out.sql,2184778.34,78694.13,184529.02,774348.97,0.0,436362.0,0.0,535515.62,3.38,0.0,0.0,0.0,175325.2,0.0,0.0,0.00,184529.02,78694.13,0.00,436362.00,0.00
CZ02/Rt3&0&cDXHP&Ex&dxHP_equip__pkgEER/NE-dxAC_equip-pkgEER-12.7-IEER-TE-0.80/instance-out.sql,2173190.03,78694.13,172940.72,774348.97,0.0,436362.0,0.0,535515.62,3.38,0.0,0.0,0.0,175325.2,0.0,0.0,0.00,172940.72,78694.13,0.00,436362.00,0.00
CZ02/Rt3&0&cDXHP&Ex&dxHP_equip__pkgEER/NE-dxAC_equip-pkgSEER-12.35-SEER2/instance-out.sql,2170407.18,78694.13,170157.87,774348.97,0.0,436362.0,0.0,535515.62,3.38,0.0,0.0,0.0,175325.2,0.0,0.0,0.00,170157.87,78694.13,0.00,436362.00,0.00
CZ02/Rt3&0&cDXHP&Ex&dxHP_equip__pkgEER/NE-dxHP_equip-pkgEER-14.5-IEER/instance-out.sql,2108683.67,26821.06,160316.89,774348.97,0.0,436362.0,0.0,535506.16,3.38,0.0,0.0,0.0,175325.21,0.0,0.0,23386.25,160316.89,3434.81,0.00,436362.00,0.00
CZ02/Rt3&0&cDXHP&Ex&dxHP_equip__pkgEER/NE-dxHP_equip-pkgEER-15.5-IEER/instance-out.sql,2102571.62,26821.06,154204.85,774348.97,0.0,436362.0,0.0,535506.16,3.38,0.0,0.0,0.0,175325.21,0.0,0.0,23386.25,154204.85,3434.81,0.00,436362.00,0.00
CZ02/Rt3&0&cDXHP&Ex&dxHP_equip__pkgEER/NE-dxHP_equip-pkgEER-13.5-IEER/instance-out.sql,2114881.16,26821.06,166514.39,774348.97,0.0,436362.0,0.0,535506.16,3.38,0.0,0.0,0.0,175325.21,0.0,0.0,23386.25,166514.39,3434.81,0.00,436362.00,0.00
CZ02/Rt3&0&cDXHP&Ex&dxHP_equip__pkgEER/NE-dxHP_equip-pkgEER-14-IEER/instance-out.sql,2110289.84,26821.06,161923.07,774348.97,0.0,436362.0,0.0,535506.16,3.38,0.0,0.0,0.0,175325.21,0.0,0.0,23386.25,161923.07,3434.81,0.00,436362.00,0.00
CZ02/Rt3&0&cDXHP&Ex&dxHP_equip__pkgEER/NE-dxHP_equip-pkgEER-15-IEER/instance-out.sql,2101314.59,25564.030000000002,154204.85,774348.97,0.0,436362.0,0.0,535506.16,3.38,0.0,0.0,0.0,175325.21,0.0,0.0,22129.22,154204.85,3434.81,0.00,436362.00,0.00
CZ02/Rt3&0&cDXHP&Ex&dxHP_equip__pkgEER/NE-dxHP_equip-pkgEER-16-IEER/instance-out.sql,2093318.05,25564.030000000002,146208.32,774348.97,0.0,436362.0,0.0,535506.16,3.38,0.0,0.0,0.0,175325.21,0.0,0.0,22129.22,146208.32,3434.81,0.00,436362.00,0.00
CZ02/Rt3&0&cDXHP&Ex&dxHP_equip__pkgEER/NE-dxHP_equip-pkgSEER-15.4-SEER2/instance-out.sql,2094003.43,23906.870000000003,148550.85,774348.97,0.0,436362.0,0.0,535506.16,3.38,0.0,0.0,0.0,175325.21,0.0,0.0,20472.06,148550.85,3434.81,0.00,436362.00,0.00
CZ02/Rt3&0&cDXHP&Ex&dxHP_equip__pkgEER/NE-dxHP_equip-pkgSEER-16.3-SEER2/instance-out.sql,2088339.3,23488.33,143305.27,774348.97,0.0,436362.0,0.0,535506.16,3.38,0.0,0.0,0.0,175325.21,0.0,0.0,20053.52,143305.27,3434.81,0.00,436362.00,0.00
CZ02/Rt3&0&cDXHP&Ex&dxHP_equip__pkgEER/NE-dxHP_equip-pkgSEER-14.4-SEER2-1Stage/instance-out.sql,2099630.21,24245.890000000003,153838.61,774348.97,0.0,436362.0,0.0,535506.16,3.38,0.0,0.0,0.0,175325.21,0.0,0.0,20811.08,153838.61,3434.81,0.00,436362.00,0.00
CZ02/Rt3&0&cDXHP&Ex&dxHP_equip__pkgEER/NE-dxHP_equip-pkgSEER-14.4-SEER2-2Stage/instance-out.sql,1903833.42,19556.07,146197.27,774348.97,0.0,436362.0,0.0,352040.5,3.38,0.0,0.0,0.0,175325.23,0.0,0.0,15894.17,146197.27,3661.90,0.00,436362.00,0.00
CZ02/Rt3&0&cDXHP&Ex&dxHP_equip__pkgEER/NE-dxHP_equip-spltSEER-14.4-SEER2-8.7-HSPF/instance-out.sql,2099102.8200000003,23718.510000000002,153838.61,774348.97,0.0,436362.0,0.0,535506.16,3.38,0.0,0.0,0.0,175325.21,0.0,0.0,20283.70,153838.61,3434.81,0.00,436362.00,0.00
CZ02/Rt3&0&cDXHP&Ex&dxHP_equip__pkgEER/NE-dxHP_equip-spltSEER-15.4-SEER2-9-HSPF/instance-out.sql,2093584.8800000001,23488.33,148550.85,774348.97,0.0,436362.0,0.0,535506.16,3.38,0.0,0.0,0.0,175325.21,0.0,0.0,20053.52,148550.85,3434.81,0.00,436362.00,0.00
CZ02/Rt3&0&cDXHP&Ex&dxHP_equip__pkgEER/NE-dxHP_equip-spltSEER-16.3-SEER2-9.4-HSPF/instance-out.sql,2088026.5,23175.530000000002,143305.27,774348.97,0.0,436362.0,0.0,535506.16,3.38,0.0,0.0,0.0,175325.21,0.0,0.0,19740.72,143305.27,3434.81,0.00,436362.00,0.00
CZ02/Rt3&0&cDXHP&Ex&dxHP_equip__pkgEER/NE-dxHP_equip-spltSEER-17.3-SEER2-9.7-HSPF/instance-out.sql,2083861.54,23001.550000000003,139314.28,774348.97,0.0,436362.0,0.0,535506.16,3.38,0.0,0.0,0.0,175325.21,0.0,0.0,19566.74,139314.28,3434.81,0.00,436362.00,0.00
CZ02/Rt3&0&cDXHP&Ex&dxHP_equip__pkgEER/NE-dxAC_equip-pkgEER-14.2-IEER-TE-0.81-VarFan/instance-out.sql,2158217.3,77791.36,159069.06,774348.97,0.0,436362.0,0.0,535317.33,3.38,0.0,0.0,0.0,175325.2,0.0,0.0,0.00,159069.06,77791.36,0.00,436362.00,0.00
CZ02/Rt3&0&cDXHP&Ex&dxHP_equip__pkgEER/NE-dxAC_equip-pkgEER-13.2-IEER-TE-0.81-VarFan/instance-out.sql,2165281.77,77791.36,166133.53,774348.97,0.0,436362.0,0.0,535317.33,3.38,0.0,0.0,0.0,175325.2,0.0,0.0,0.00,166133.53,77791.36,0.00,436362.00,0.00
CZ02/Rt3&0&cDXHP&Ex&dxHP_equip__pkgEER/NE-dxAC_equip-pkgEER-14.8-IEER-TE-0.81-VarFan/instance-out.sql,2152107.4899999998,77791.36,152959.25,774348.97,0.0,436362.0,0.0,535317.33,3.38,0.0,0.0,0.0,175325.2,0.0,0.0,0.00,152959.25,77791.36,0.00,436362.00,0.00
CZ02/Rt3&0&cDXHP&Ex&dxHP_equip__pkgEER/NE-dxAC_equip-pkgSEER-13.4-SEER2-VarFan/instance-out.sql,2161878.9899999998,77791.36,162730.75,774348.97,0.0,436362.0,0.0,535317.33,3.38,0.0,0.0,0.0,175325.2,0.0,0.0,0.00,162730.75,77791.36,0.00,436362.00,0.00
CZ02/RtL&0&cDXHP&Ex&dxHP_equip__pkgEER/NE-dxAC_equip-pkgEER-14.2-IEER-TE-0.81/instance-out.sql,2140328.84,57927.07,172579.08,767420.15,0.0,509200.67,0.0,504163.77,3.39,0.0,0.0,0.0,129034.72,0.0,0.0,0.00,172579.08,57927.07,0.00,468847.72,40352.95
CZ02/RtL&0&cDXHP&Ex&dxHP_equip__pkgEER/NE-dxAC_equip-pkgEER-13.2-IEER-TE-0.81/instance-out.sql,2147640.45,57927.07,179890.68,767420.15,0.0,509200.67,0.0,504163.77,3.39,0.0,0.0,0.0,129034.72,0.0,0.0,0.00,179890.68,57927.07,0.00,468847.72,40352.95
CZ02/RtL&0&cDXHP&Ex&dxHP_equip__pkgEER/NE-dxAC_equip-pkgEER-14.8-IEER-TE-0.81/instance-out.sql,2134005.29,57927.07,166255.53,767420.15,0.0,509200.67,0.0,504163.77,3.39,0.0,0.0,0.0,129034.72,0.0,0.0,0.00,166255.53,57927.07,0.00,468847.72,40352.95
CZ02/RtL&0&cDXHP&Ex&dxHP_equip__pkgEER/NE-dxAC_equip-pkgSEER-13.4-SEER2/instance-out.sql,2144118.62,57927.07,176368.86,767420.15,0.0,509200.67,0.0,504163.77,3.39,0.0,0.0,0.0,129034.72,0.0,0.0,0.00,176368.86,57927.07,0.00,468847.72,40352.95
CZ02/RtL&0&cDXHP&Ex&dxHP_equip__pkgEER/NE-dxAC_equip-pkgEER-12.2-IEER-TE-0.80/instance-out.sql,2154904.33,58651.14,186430.51,767420.15,0.0,509200.67,0.0,504163.77,3.39,0.0,0.0,0.0,129034.72,0.0,0.0,0.00,186430.51,58651.14,0.00,468847.72,40352.95
CZ02/RtL&0&cDXHP&Ex&dxHP_equip__pkgEER/NE-dxAC_equip-pkgEER-11.4-IEER-TE-0.80/instance-out.sql,2167383.39,58651.14,198909.57,767420.15,0.0,509200.67,0.0,504163.77,3.39,0.0,0.0,0.0,129034.72,0.0,0.0,0.00,198909.57,58651.14,0.00,468847.72,40352.95
CZ02/RtL&0&cDXHP&Ex&dxHP_equip__pkgEER/NE-dxAC_equip-pkgEER-12.7-IEER-TE-0.80/instance-out.sql,2155390.98,58651.14,186917.16,767420.15,0.0,509200.67,0.0,504163.77,3.39,0.0,0.0,0.0,129034.72,0.0,0.0,0.00,186917.16,58651.14,0.00,468847.72,40352.95
CZ02/RtL&0&cDXHP&Ex&dxHP_equip__pkgEER/NE-dxAC_equip-pkgSEER-12.35-SEER2/instance-out.sql,2152511.09,58651.14,184037.27,767420.15,0.0,509200.67,0.0,504163.77,3.39,0.0,0.0,0.0,129034.72,0.0,0.0,0.00,184037.27,58651.14,0.00,468847.72,40352.95
CZ02/RtL&0&cDXHP&Ex&dxHP_equip__pkgEER/NE-dxHP_equip-pkgEER-14.5-IEER/instance-out.sql,2101432.97,18601.399999999998,173009.08,767420.15,0.0,509200.67,0.0,504163.77,3.39,0.0,0.0,0.0,129034.52,0.0,0.0,18599.44,173009.08,1.96,0.00,468847.72,40352.95
CZ02/RtL&0&cDXHP&Ex&dxHP_equip__pkgEER/NE-dxHP_equip-pkgEER-15.5-IEER/instance-out.sql,2095147.69,18601.399999999998,166723.8,767420.15,0.0,509200.67,0.0,504163.77,3.39,0.0,0.0,0.0,129034.52,0.0,0.0,18599.44,166723.80,1.96,0.00,468847.72,40352.95
CZ02/RtL&0&cDXHP&Ex&dxHP_equip__pkgEER/NE-dxHP_equip-pkgEER-13.5-IEER/instance-out.sql,2107806.12,18601.399999999998,179382.23,767420.15,0.0,509200.67,0.0,504163.77,3.39,0.0,0.0,0.0,129034.52,0.0,0.0,18599.44,179382.23,1.96,0.00,468847.72,40352.95
CZ02/RtL&0&cDXHP&Ex&dxHP_equip__pkgEER/NE-dxHP_equip-pkgEER-14-IEER/instance-out.sql,2103084.66,18601.399999999998,174660.78,767420.15,0.0,509200.67,0.0,504163.77,3.39,0.0,0.0,0.0,129034.52,0.0,0.0,18599.44,174660.78,1.96,0.00,468847.72,40352.95
CZ02/RtL&0&cDXHP&Ex&dxHP_equip__pkgEER/NE-dxHP_equip-pkgEER-15-IEER/instance-out.sql,2094155.6099999999,17609.32,166723.8,767420.15,0.0,509200.67,0.0,504163.77,3.39,0.0,0.0,0.0,129034.52,0.0,0.0,17607.36,166723.80,1.96,0.00,468847.72,40352.95
CZ02/RtL&0&cDXHP&Ex&dxHP_equip__pkgEER/NE-dxHP_equip-pkgEER-16-IEER/instance-out.sql,2085932.43,17609.32,158500.62,767420.15,0.0,509200.67,0.0,504163.77,3.39,0.0,0.0,0.0,129034.52,0.0,0.0,17607.36,158500.62,1.96,0.00,468847.72,40352.95
CZ02/RtL&0&cDXHP&Ex&dxHP_equip__pkgEER/NE-dxHP_equip-pkgSEER-15.4-SEER2/instance-out.sql,2087033.5,16301.46,160909.55,767420.15,0.0,509200.67,0.0,504163.77,3.39,0.0,0.0,0.0,129034.52,0.0,0.0,16299.50,160909.55,1.96,0.00,468847.72,40352.95
CZ02/RtL&0&cDXHP&Ex&dxHP_equip__pkgEER/NE-dxHP_equip-pkgSEER-16.3-SEER2/instance-out.sql,2081308.92,15971.14,155515.29,767420.15,0.0,509200.67,0.0,504163.77,3.39,0.0,0.0,0.0,129034.52,0.0,0.0,15969.18,155515.29,1.96,0.00,468847.72,40352.95
CZ02/RtL&0&cDXHP&Ex&dxHP_equip__pkgEER/NE-dxHP_equip-pkgSEER-14.4-SEER2-1Stage/instance-out.sql,2092738.69,16569.02,166347.18,767420.15,0.0,509200.67,0.0,504163.77,3.39,0.0,0.0,0.0,129034.52,0.0,0.0,16567.06,166347.18,1.96,0.00,468847.72,40352.95
CZ02/RtL&0&cDXHP&Ex&dxHP_equip__pkgEER/NE-dxHP_equip-pkgSEER-14.4-SEER2-2Stage/instance-out.sql,1906904.01,12446.08,159861.41,767420.15,0.0,509200.67,0.0,328938.06,3.39,0.0,0.0,0.0,129034.26,0.0,0.0,12442.60,159861.41,3.48,0.00,468847.72,40352.95
CZ02/RtL&0&cDXHP&Ex&dxHP_equip__pkgEER/NE-dxHP_equip-spltSEER-14.4-SEER2-8.7-HSPF/instance-out.sql,2092322.47,16152.8,166347.18,767420.15,0.0,509200.67,0.0,504163.77,3.39,0.0,0.0,0.0,129034.52,0.0,0.0,16150.84,166347.18,1.96,0.00,468847.72,40352.95
CZ02/RtL&0&cDXHP&Ex&dxHP_equip__pkgEER/NE-dxHP_equip-spltSEER-15.4-SEER2-9-HSPF/instance-out.sql,2086703.18,15971.14,160909.55,767420.15,0.0,509200.67,0.0,504163.77,3.39,0.0,0.0,0.0,129034.52,0.0,0.0,15969.18,160909.55,1.96,0.00,468847.72,40352.95
CZ02/RtL&0&cDXHP&Ex&dxHP_equip__pkgEER/NE-dxHP_equip-spltSEER-16.3-SEER2-9.4-HSPF/instance-out.sql,2081062.05,15724.269999999999,155515.29,767420.15,0.0,509200.67,0.0,504163.77,3.39,0.0,0.0,0.0,129034.52,0.0,0.0,15722.31,155515.29,1.96,0.00,468847.72,40352.95
CZ02/RtL&0&cDXHP&Ex&dxHP_equip__pkgEER/NE-dxHP_equip-spltSEER-17.3-SEER2-9.7-HSPF/instance-out.sql,2076820.64,15586.96,151411.18,767420.15,0.0,509200.67,0.0,504163.77,3.39,0.0,0.0,0.0,129034.52,0.0,0.0,15585.00,151411.18,1.96,0.00,468847.72,40352.95
CZ02/RtL&0&cDXHP&Ex&dxHP_equip__pkgEER/NE-dxAC_equip-pkgEER-14.2-IEER-TE-0.81-VarFan/instance-out.sql,2140146.55,57949.2,172562.48,767420.15,0.0,509200.67,0.0,503975.96,3.39,0.0,0.0,0.0,129034.72,0.0,0.0,0.00,172562.48,57949.20,0.00,468847.72,40352.95
CZ02/RtL&0&cDXHP&Ex&dxHP_equip__pkgEER/NE-dxAC_equip-pkgEER-13.2-IEER-TE-0.81-VarFan/instance-out.sql,2147457.41,57949.2,179873.34,767420.15,0.0,509200.67,0.0,503975.96,3.39,0.0,0.0,0.0,129034.72,0.0,0.0,0.00,179873.34,57949.20,0.00,468847.72,40352.95
CZ02/RtL&0&cDXHP&Ex&dxHP_equip__pkgEER/NE-dxAC_equip-pkgEER-14.8-IEER-TE-0.81-VarFan/instance-out.sql,2133823.65,57949.2,166239.58,767420.15,0.0,509200.67,0.0,503975.96,3.39,0.0,0.0,0.0,129034.72,0.0,0.0,0.00,166239.58,57949.20,0.00,468847.72,40352.95
CZ02/RtL&0&cDXHP&Ex&dxHP_equip__pkgEER/NE-dxAC_equip-pkgSEER-13.4-SEER2-VarFan/instance-out.sql,2143935.95,57949.2,176351.88,767420.15,0.0,509200.67,0.0,503975.96,3.39,0.0,0.0,0.0,129034.72,0.0,0.0,0.00,176351.88,57949.20,0.00,468847.72,40352.95
CZ02/RtS&0&cDXHP&Ex&dxHP_equip__pkgEER/NE-dxAC_equip-pkgEER-14.2-IEER-TE-0.81/instance-out.sql,145316.45,12055.51,11256.6,44599.63,0.0,24440.79,0.0,37123.85,3.36,0.0,0.0,0.0,15836.7,0.0,0.0,0.00,11256.60,12055.51,0.00,24440.79,0.00
CZ02/RtS&0&cDXHP&Ex&dxHP_equip__pkgEER/NE-dxAC_equip-pkgEER-13.2-IEER-TE-0.81/instance-out.sql,145825.97,12055.51,11766.13,44599.63,0.0,24440.79,0.0,37123.85,3.36,0.0,0.0,0.0,15836.7,0.0,0.0,0.00,11766.13,12055.51,0.00,24440.79,0.00
CZ02/RtS&0&cDXHP&Ex&dxHP_equip__pkgEER/NE-dxAC_equip-pkgEER-14.8-IEER-TE-0.81/instance-out.sql,144875.78,12055.51,10815.94,44599.63,0.0,24440.79,0.0,37123.85,3.36,0.0,0.0,0.0,15836.7,0.0,0.0,0.00,10815.94,12055.51,0.00,24440.79,0.00
CZ02/RtS&0&cDXHP&Ex&dxHP_equip__pkgEER/NE-dxAC_equip-pkgSEER-13.4-SEER2/instance-out.sql,145580.55,12055.51,11520.7,44599.63,0.0,24440.79,0.0,37123.85,3.36,0.0,0.0,0.0,15836.7,0.0,0.0,0.00,11520.70,12055.51,0.00,24440.79,0.00
CZ02/RtS&0&cDXHP&Ex&dxHP_equip__pkgEER/NE-dxAC_equip-pkgEER-12.2-IEER-TE-0.80/instance-out.sql,146432.4,12206.2,12221.87,44599.63,0.0,24440.79,0.0,37123.85,3.36,0.0,0.0,0.0,15836.7,0.0,0.0,0.00,12221.87,12206.20,0.00,24440.79,0.00
CZ02/RtS&0&cDXHP&Ex&dxHP_equip__pkgEER/NE-dxAC_equip-pkgEER-11.4-IEER-TE-0.80/instance-out.sql,147302.03,12206.2,13091.49,44599.63,0.0,24440.79,0.0,37123.85,3.36,0.0,0.0,0.0,15836.7,0.0,0.0,0.00,13091.49,12206.20,0.00,24440.79,0.00
CZ02/RtS&0&cDXHP&Ex&dxHP_equip__pkgEER/NE-dxAC_equip-pkgEER-12.7-IEER-TE-0.80/instance-out.sql,146466.31,12206.2,12255.78,44599.63,0.0,24440.79,0.0,37123.85,3.36,0.0,0.0,0.0,15836.7,0.0,0.0,0.00,12255.78,12206.20,0.00,24440.79,0.00
CZ02/RtS&0&cDXHP&Ex&dxHP_equip__pkgEER/NE-dxAC_equip-pkgSEER-12.35-SEER2/instance-out.sql,146265.62,12206.2,12055.09,44599.63,0.0,24440.79,0.0,37123.85,3.36,0.0,0.0,0.0,15836.7,0.0,0.0,0.00,12055.09,12206.20,0.00,24440.79,0.00
CZ02/RtS&0&cDXHP&Ex&dxHP_equip__pkgEER/NE-dxHP_equip-pkgEER-14.5-IEER/instance-out.sql,136910.05,3599.03,11306.65,44599.63,0.0,24440.79,0.0,37123.85,3.36,0.0,0.0,0.0,15836.74,0.0,0.0,3599.03,11306.65,0.00,0.00,24440.79,0.00
CZ02/RtS&0&cDXHP&Ex&dxHP_equip__pkgEER/NE-dxHP_equip-pkgEER-15.5-IEER/instance-out.sql,136469.88999999998,3599.03,10866.49,44599.63,0.0,24440.79,0.0,37123.85,3.36,0.0,0.0,0.0,15836.74,0.0,0.0,3599.03,10866.49,0.00,0.00,24440.79,0.00
CZ02/RtS&0&cDXHP&Ex&dxHP_equip__pkgEER/NE-dxHP_equip-pkgEER-13.5-IEER/instance-out.sql,137356.36,3599.03,11752.96,44599.63,0.0,24440.79,0.0,37123.85,3.36,0.0,0.0,0.0,15836.74,0.0,0.0,3599.03,11752.96,0.00,0.00,24440.79,0.00
CZ02/RtS&0&cDXHP&Ex&dxHP_equip__pkgEER/NE-dxHP_equip-pkgEER-14-IEER/instance-out.sql,137025.72,3599.03,11422.32,44599.63,0.0,24440.79,0.0,37123.85,3.36,0.0,0.0,0.0,15836.74,0.0,0.0,3599.03,11422.32,0.00,0.00,24440.79,0.00
CZ02/RtS&0&cDXHP&Ex&dxHP_equip__pkgEER/NE-dxHP_equip-pkgEER-15-IEER/instance-out.sql,136271.93,3401.07,10866.49,44599.63,0.0,24440.79,0.0,37123.85,3.36,0.0,0.0,0.0,15836.74,0.0,0.0,3401.07,10866.49,0.00,0.00,24440.79,0.00
CZ02/RtS&0&cDXHP&Ex&dxHP_equip__pkgEER/NE-dxHP_equip-pkgEER-16-IEER/instance-out.sql,135696.06,3401.07,10290.61,44599.63,0.0,24440.79,0.0,37123.85,3.36,0.0,0.0,0.0,15836.74,0.0,0.0,3401.07,10290.61,0.00,0.00,24440.79,0.00
CZ02/RtS&0&cDXHP&Ex&dxHP_equip__pkgEER/NE-dxHP_equip-pkgSEER-15.4-SEER2/instance-out.sql,135603.79,3140.11,10459.31,44599.63,0.0,24440.79,0.0,37123.85,3.36,0.0,0.0,0.0,15836.74,0.0,0.0,3140.11,10459.31,0.00,0.00,24440.79,0.00
CZ02/RtS&0&cDXHP&Ex&dxHP_equip__pkgEER/NE-dxHP_equip-pkgSEER-16.3-SEER2/instance-out.sql,135160.12,3074.19,10081.55,44599.63,0.0,24440.79,0.0,37123.85,3.36,0.0,0.0,0.0,15836.74,0.0,0.0,3074.19,10081.55,0.00,0.00,24440.79,0.00
CZ02/RtS&0&cDXHP&Ex&dxHP_equip__pkgEER/NE-dxHP_equip-pkgSEER-14.4-SEER2-1Stage/instance-out.sql,136037.98,3193.49,10840.11,44599.63,0.0,24440.79,0.0,37123.85,3.36,0.0,0.0,0.0,15836.74,0.0,0.0,3193.49,10840.11,0.00,0.00,24440.79,0.00
CZ02/RtS&0&cDXHP&Ex&dxHP_equip__pkgEER/NE-dxHP_equip-pkgSEER-14.4-SEER2-2Stage/instance-out.sql,121552.18,2239.07,10168.68,44599.63,0.0,24440.79,0.0,24263.86,3.36,0.0,0.0,0.0,15836.79,0.0,0.0,2239.07,10168.68,0.00,0.00,24440.79,0.00
CZ02/RtS&0&cDXHP&Ex&dxHP_equip__pkgEER/NE-dxHP_equip-spltSEER-14.4-SEER2-8.7-HSPF/instance-out.sql,135954.93,3110.44,10840.11,44599.63,0.0,24440.79,0.0,37123.85,3.36,0.0,0.0,0.0,15836.74,0.0,0.0,3110.44,10840.11,0.00,0.00,24440.79,0.00
CZ02/RtS&0&cDXHP&Ex&dxHP_equip__pkgEER/NE-dxHP_equip-spltSEER-15.4-SEER2-9-HSPF/instance-out.sql,135537.88,3074.19,10459.31,44599.63,0.0,24440.79,0.0,37123.85,3.36,0.0,0.0,0.0,15836.74,0.0,0.0,3074.19,10459.31,0.00,0.00,24440.79,0.00
CZ02/RtS&0&cDXHP&Ex&dxHP_equip__pkgEER/NE-dxHP_equip-spltSEER-16.3-SEER2-9.4-HSPF/instance-out.sql,135110.86,3024.94,10081.55,44599.63,0.0,24440.79,0.0,37123.85,3.36,0.0,0.0,0.0,15836.74,0.0,0.0,3024.94,10081.55,0.00,0.00,24440.79,0.00
CZ02/RtS&0&cDXHP&Ex&dxHP_equip__pkgEER/NE-dxHP_equip-spltSEER-17.3-SEER2-9.7-HSPF/instance-out.sql,134796.05,2997.54,9794.14,44599.63,0.0,24440.79,0.0,37123.85,3.36,0.0,0.0,0.0,15836.74,0.0,0.0,2997.54,9794.14,0.00,0.00,24440.79,0.00
CZ02/RtS&0&cDXHP&Ex&dxHP_equip__pkgEER/NE-dxAC_equip-pkgEER-14.2-IEER-TE-0.81-VarFan/instance-out.sql,145304.69,12059.02,11255.5,44599.63,0.0,24440.79,0.0,37109.69,3.36,0.0,0.0,0.0,15836.7,0.0,0.0,0.00,11255.50,12059.02,0.00,24440.79,0.00
CZ02/RtS&0&cDXHP&Ex&dxHP_equip__pkgEER/NE-dxAC_equip-pkgEER-13.2-IEER-TE-0.81-VarFan/instance-out.sql,145814.16,12059.02,11764.97,44599.63,0.0,24440.79,0.0,37109.69,3.36,0.0,0.0,0.0,15836.7,0.0,0.0,0.00,11764.97,12059.02,0.00,24440.79,0.00
CZ02/RtS&0&cDXHP&Ex&dxHP_equip__pkgEER/NE-dxAC_equip-pkgEER-14.8-IEER-TE-0.81-VarFan/instance-out.sql,144864.07,12059.02,10814.87,44599.63,0.0,24440.79,0.0,37109.69,3.36,0.0,0.0,0.0,15836.7,0.0,0.0,0.00,10814.87,12059.02,0.00,24440.79,0.00
CZ02/RtS&0&cDXHP&Ex&dxHP_equip__pkgEER/NE-dxAC_equip-pkgSEER-13.4-SEER2-VarFan/instance-out.sql,145568.76,12059.02,11519.57,44599.63,0.0,24440.79,0.0,37109.69,3.36,0.0,0.0,0.0,15836.7,0.0,0.0,0.00,11519.57,12059.02,0.00,24440.79,0.00
CZ02/SCn&0&cDXHP&Ex&dxHP_equip__pkgEER/NE-dxAC_equip-pkgEER-14.2-IEER-TE-0.81/instance-out.sql,3929851.11,805467.6,250532.4,850055.03,0.0,449066.39,0.0,1488438.83,3.36,0.0,0.0,0.0,86287.5,0.0,0.0,0.00,250532.40,805467.60,0.00,449066.39,0.00
CZ02/SCn&0&cDXHP&Ex&dxHP_equip__pkgEER/NE-dxAC_equip-pkgEER-13.2-IEER-TE-0.81/instance-out.sql,3941236.8000000003,805467.6,261918.1,850055.03,0.0,449066.39,0.0,1488438.83,3.36,0.0,0.0,0.0,86287.5,0.0,0.0,0.00,261918.10,805467.60,0.00,449066.39,0.00
CZ02/SCn&0&cDXHP&Ex&dxHP_equip__pkgEER/NE-dxAC_equip-pkgEER-14.8-IEER-TE-0.81/instance-out.sql,3920004.02,805467.6,240685.31,850055.03,0.0,449066.39,0.0,1488438.83,3.36,0.0,0.0,0.0,86287.5,0.0,0.0,0.00,240685.31,805467.60,0.00,449066.39,0.00
CZ02/SCn&0&cDXHP&Ex&dxHP_equip__pkgEER/NE-dxAC_equip-pkgSEER-13.4-SEER2/instance-out.sql,3935752.5900000003,805467.6,256433.89,850055.03,0.0,449066.39,0.0,1488438.83,3.36,0.0,0.0,0.0,86287.5,0.0,0.0,0.00,256433.89,805467.60,0.00,449066.39,0.00
CZ02/SCn&0&cDXHP&Ex&dxHP_equip__pkgEER/NE-dxAC_equip-pkgEER-12.2-IEER-TE-0.80/instance-out.sql,3961489.0199999996,815535.95,272101.97,850055.03,0.0,449066.39,0.0,1488438.83,3.36,0.0,0.0,0.0,86287.5,0.0,0.0,0.00,272101.97,815535.95,0.00,449066.39,0.00
CZ02/SCn&0&cDXHP&Ex&dxHP_equip__pkgEER/NE-dxAC_equip-pkgEER-11.4-IEER-TE-0.80/instance-out.sql,3980921.51,815535.95,291534.46,850055.03,0.0,449066.39,0.0,1488438.83,3.36,0.0,0.0,0.0,86287.5,0.0,0.0,0.00,291534.46,815535.95,0.00,449066.39,0.00
CZ02/SCn&0&cDXHP&Ex&dxHP_equip__pkgEER/NE-dxAC_equip-pkgEER-12.7-IEER-TE-0.80/instance-out.sql,3962246.84,815535.95,272859.78,850055.03,0.0,449066.39,0.0,1488438.83,3.36,0.0,0.0,0.0,86287.5,0.0,0.0,0.00,272859.78,815535.95,0.00,449066.39,0.00
CZ02/SCn&0&cDXHP&Ex&dxHP_equip__pkgEER/NE-dxAC_equip-pkgSEER-12.35-SEER2/instance-out.sql,3957762.24,815535.95,268375.19,850055.03,0.0,449066.39,0.0,1488438.83,3.36,0.0,0.0,0.0,86287.5,0.0,0.0,0.00,268375.19,815535.95,0.00,449066.39,0.00
CZ02/SCn&0&cDXHP&Ex&dxHP_equip__pkgEER/NE-dxHP_equip-pkgEER-14.5-IEER/instance-out.sql,3362313.82,233794.75,254667.97,850055.03,0.0,449066.39,0.0,1488438.83,3.36,0.0,0.0,0.0,86287.5,0.0,0.0,233794.75,254667.97,0.00,0.00,449066.39,0.00
CZ02/SCn&0&cDXHP&Ex&dxHP_equip__pkgEER/NE-dxHP_equip-pkgEER-15.5-IEER/instance-out.sql,3352399.74,233794.75,244753.89,850055.03,0.0,449066.39,0.0,1488438.83,3.36,0.0,0.0,0.0,86287.5,0.0,0.0,233794.75,244753.89,0.00,0.00,449066.39,0.00
CZ02/SCn&0&cDXHP&Ex&dxHP_equip__pkgEER/NE-dxHP_equip-pkgEER-13.5-IEER/instance-out.sql,3372366.51,233794.75,264720.65,850055.03,0.0,449066.39,0.0,1488438.83,3.36,0.0,0.0,0.0,86287.5,0.0,0.0,233794.75,264720.65,0.00,0.00,449066.39,0.00
CZ02/SCn&0&cDXHP&Ex&dxHP_equip__pkgEER/NE-dxHP_equip-pkgEER-14-IEER/instance-out.sql,3364919.12,233794.75,257273.27,850055.03,0.0,449066.39,0.0,1488438.83,3.36,0.0,0.0,0.0,86287.5,0.0,0.0,233794.75,257273.27,0.00,0.00,449066.39,0.00
CZ02/SCn&0&cDXHP&Ex&dxHP_equip__pkgEER/NE-dxHP_equip-pkgEER-15-IEER/instance-out.sql,3339363.02,220758.03,244753.89,850055.03,0.0,449066.39,0.0,1488438.83,3.36,0.0,0.0,0.0,86287.5,0.0,0.0,220758.03,244753.89,0.00,0.00,449066.39,0.00
CZ02/SCn&0&cDXHP&Ex&dxHP_equip__pkgEER/NE-dxHP_equip-pkgEER-16-IEER/instance-out.sql,3326392.2,220758.03,231783.06,850055.03,0.0,449066.39,0.0,1488438.83,3.36,0.0,0.0,0.0,86287.5,0.0,0.0,220758.03,231783.06,0.00,0.00,449066.39,0.00
CZ02/SCn&0&cDXHP&Ex&dxHP_equip__pkgEER/NE-dxHP_equip-pkgSEER-15.4-SEER2/instance-out.sql,3313005.5,203571.62,235582.78,850055.03,0.0,449066.39,0.0,1488438.83,3.36,0.0,0.0,0.0,86287.5,0.0,0.0,203571.62,235582.78,0.00,0.00,449066.39,0.00
CZ02/SCn&0&cDXHP&Ex&dxHP_equip__pkgEER/NE-dxHP_equip-pkgSEER-16.3-SEER2/instance-out.sql,3300156.18,199230.92,227074.15,850055.03,0.0,449066.39,0.0,1488438.83,3.36,0.0,0.0,0.0,86287.5,0.0,0.0,199230.92,227074.15,0.00,0.00,449066.39,0.00
CZ02/SCn&0&cDXHP&Ex&dxHP_equip__pkgEER/NE-dxHP_equip-pkgSEER-14.4-SEER2-1Stage/instance-out.sql,3325098.58,207087.65,244159.82,850055.03,0.0,449066.39,0.0,1488438.83,3.36,0.0,0.0,0.0,86287.5,0.0,0.0,207087.65,244159.82,0.00,0.00,449066.39,0.00
CZ02/SCn&0&cDXHP&Ex&dxHP_equip__pkgEER/NE-dxHP_equip-pkgSEER-14.4-SEER2-2Stage/instance-out.sql,2662697.82,154578.73,195406.93,850055.03,0.0,449066.39,0.0,927299.86,3.36,0.0,0.0,0.0,86287.53,0.0,0.0,154578.73,195406.93,0.00,0.00,449066.39,0.00
CZ02/SCn&0&cDXHP&Ex&dxHP_equip__pkgEER/NE-dxHP_equip-spltSEER-14.4-SEER2-8.7-HSPF/instance-out.sql,3319629.05,201618.12,244159.82,850055.03,0.0,449066.39,0.0,1488438.83,3.36,0.0,0.0,0.0,86287.5,0.0,0.0,201618.12,244159.82,0.00,0.00,449066.39,0.00
CZ02/SCn&0&cDXHP&Ex&dxHP_equip__pkgEER/NE-dxHP_equip-spltSEER-15.4-SEER2-9-HSPF/instance-out.sql,3308664.81,199230.92,235582.78,850055.03,0.0,449066.39,0.0,1488438.83,3.36,0.0,0.0,0.0,86287.5,0.0,0.0,199230.92,235582.78,0.00,0.00,449066.39,0.00
CZ02/SCn&0&cDXHP&Ex&dxHP_equip__pkgEER/NE-dxHP_equip-spltSEER-16.3-SEER2-9.4-HSPF/instance-out.sql,3296912.15,195986.9,227074.15,850055.03,0.0,449066.39,0.0,1488438.83,3.36,0.0,0.0,0.0,86287.5,0.0,0.0,195986.90,227074.15,0.00,0.00,449066.39,0.00
CZ02/SCn&0&cDXHP&Ex&dxHP_equip__pkgEER/NE-dxHP_equip-spltSEER-17.3-SEER2-9.7-HSPF/instance-out.sql,3288634.2,194182.55,220600.54,850055.03,0.0,449066.39,0.0,1488438.83,3.36,0.0,0.0,0.0,86287.5,0.0,0.0,194182.55,220600.54,0.00,0.00,449066.39,0.00

File Name,Electricity (kWh),Natural Gas (kWh)
CZ01/Asm&0&cDXHP&Ex&dxHP_equip__pkgEER/NE-dxAC_equip-pkgEER-14.2-IEER-TE-0.81/instance-out.sql,506626.28,380191.77
CZ01/Asm&0&cDXHP&Ex&dxHP_equip__pkgEER/NE-dxAC_equip-pkgEER-13.2-IEER-TE-0.81/instance-out.sql,506725.55,380191.77
CZ01/Asm&0&cDXHP&Ex&dxHP_equip__pkgEER/NE-dxAC_equip-pkgEER-14.8-IEER-TE-0.81/instance-out.sql,506540.43,380191.77
CZ01/Asm&0&cDXHP&Ex&dxHP_equip__pkgEER/NE-dxAC_equip-pkgSEER-13.4-SEER2/instance-out.sql,506677.74,380191.77
CZ01/Asm&0&cDXHP&Ex&dxHP_equip__pkgEER/NE-dxAC_equip-pkgEER-12.2-IEER-TE-0.80/instance-out.sql,506814.34,384640.93
CZ01/Asm&0&cDXHP&Ex&dxHP_equip__pkgEER/NE-dxAC_equip-pkgEER-11.4-IEER-TE-0.80/instance-out.sql,506983.77,384640.93
CZ01/Asm&0&cDXHP&Ex&dxHP_equip__pkgEER/NE-dxAC_equip-pkgEER-12.7-IEER-TE-0.80/instance-out.sql,506820.95,384640.93
CZ01/Asm&0&cDXHP&Ex&dxHP_equip__pkgEER/NE-dxAC_equip-pkgSEER-12.35-SEER2/instance-out.sql,506781.85,384640.93
CZ01/Asm&0&cDXHP&Ex&dxHP_equip__pkgEER/NE-dxHP_equip-pkgEER-14.5-IEER/instance-out.sql,601200.77,24258.96
CZ01/Asm&0&cDXHP&Ex&dxHP_equip__pkgEER/NE-dxHP_equip-pkgEER-15.5-IEER/instance-out.sql,601116.54,24258.96
CZ01/Asm&0&cDXHP&Ex&dxHP_equip__pkgEER/NE-dxHP_equip-pkgEER-13.5-IEER/instance-out.sql,601286.19,24258.96
CZ01/Asm&0&cDXHP&Ex&dxHP_equip__pkgEER/NE-dxHP_equip-pkgEER-14-IEER/instance-out.sql,601222.91,24258.96
CZ01/Asm&0&cDXHP&Ex&dxHP_equip__pkgEER/NE-dxHP_equip-pkgEER-15-IEER/instance-out.sql,595618.15,24258.96
CZ01/Asm&0&cDXHP&Ex&dxHP_equip__pkgEER/NE-dxHP_equip-pkgEER-16-IEER/instance-out.sql,595507.94,24258.96
CZ01/Asm&0&cDXHP&Ex&dxHP_equip__pkgEER/NE-dxHP_equip-pkgSEER-15.4-SEER2/instance-out.sql,588291.66,24258.96
CZ01/Asm&0&cDXHP&Ex&dxHP_equip__pkgEER/NE-dxHP_equip-pkgSEER-16.3-SEER2/instance-out.sql,586388.63,24258.96
CZ01/Asm&0&cDXHP&Ex&dxHP_equip__pkgEER/NE-dxHP_equip-pkgSEER-14.4-SEER2-1Stage/instance-out.sql,589847.47,24258.96
CZ01/Asm&0&cDXHP&Ex&dxHP_equip__pkgEER/NE-dxHP_equip-pkgSEER-14.4-SEER2-2Stage/instance-out.sql,464620.89,24259.19
CZ01/Asm&0&cDXHP&Ex&dxHP_equip__pkgEER/NE-dxHP_equip-spltSEER-14.4-SEER2-8.7-HSPF/instance-out.sql,587540.63,24258.96
CZ01/Asm&0&cDXHP&Ex&dxHP_equip__pkgEER/NE-dxHP_equip-spltSEER-15.4-SEER2-9-HSPF/instance-out.sql,586460.92,24258.96
CZ01/Asm&0&cDXHP&Ex&dxHP_equip__pkgEER/NE-dxHP_equip-spltSEER-16.3-SEER2-9.4-HSPF/instance-out.sql,585020.42,24258.96
CZ01/Asm&0&cDXHP&Ex&dxHP_equip__pkgEER/NE-dxHP_equip-spltSEER-17.3-SEER2-9.7-HSPF/instance-out.sql,584204.41,24258.96
CZ01/ECC&0&cDXHP&Ex&dxHP_equip__pkgEER/NE-dxAC_equip-pkgEER-14.2-IEER-TE-0.81/instance-out.sql,1834697.52,691494.51
CZ01/ECC&0&cDXHP&Ex&dxHP_equip__pkgEER/NE-dxAC_equip-pkgEER-13.2-IEER-TE-0.81/instance-out.sql,1834936.92,691494.51
CZ01/ECC&0&cDXHP&Ex&dxHP_equip__pkgEER/NE-dxAC_equip-pkgEER-14.8-IEER-TE-0.81/instance-out.sql,1834490.46,691494.51
CZ01/ECC&0&cDXHP&Ex&dxHP_equip__pkgEER/NE-dxAC_equip-pkgSEER-13.4-SEER2/instance-out.sql,1834821.61,691494.51
CZ01/ECC&0&cDXHP&Ex&dxHP_equip__pkgEER/NE-dxAC_equip-pkgEER-12.2-IEER-TE-0.80/instance-out.sql,1835151.06,693111.35
CZ01/ECC&0&cDXHP&Ex&dxHP_equip__pkgEER/NE-dxAC_equip-pkgEER-11.4-IEER-TE-0.80/instance-out.sql,1835559.66,693111.35
CZ01/ECC&0&cDXHP&Ex&dxHP_equip__pkgEER/NE-dxAC_equip-pkgEER-12.7-IEER-TE-0.80/instance-out.sql,1835166.99,693111.35
CZ01/ECC&0&cDXHP&Ex&dxHP_equip__pkgEER/NE-dxAC_equip-pkgSEER-12.35-SEER2/instance-out.sql,1835072.70,693111.35
CZ01/ECC&0&cDXHP&Ex&dxHP_equip__pkgEER/NE-dxHP_equip-pkgEER-14.5-IEER/instance-out.sql,1870089.88,562147.20
CZ01/ECC&0&cDXHP&Ex&dxHP_equip__pkgEER/NE-dxHP_equip-pkgEER-15.5-IEER/instance-out.sql,1869885.59,562147.20
CZ01/ECC&0&cDXHP&Ex&dxHP_equip__pkgEER/NE-dxHP_equip-pkgEER-13.5-IEER/instance-out.sql,1870297.03,562147.20
CZ01/ECC&0&cDXHP&Ex&dxHP_equip__pkgEER/NE-dxHP_equip-pkgEER-14-IEER/instance-out.sql,1870143.56,562147.20
CZ01/ECC&0&cDXHP&Ex&dxHP_equip__pkgEER/NE-dxHP_equip-pkgEER-15-IEER/instance-out.sql,1867828.38,562147.20
CZ01/ECC&0&cDXHP&Ex&dxHP_equip__pkgEER/NE-dxHP_equip-pkgEER-16-IEER/instance-out.sql,1867561.10,562147.20
CZ01/ECC&0&cDXHP&Ex&dxHP_equip__pkgEER/NE-dxHP_equip-pkgSEER-15.4-SEER2/instance-out.sql,1864927.37,562147.20
CZ01/ECC&0&cDXHP&Ex&dxHP_equip__pkgEER/NE-dxHP_equip-pkgSEER-16.3-SEER2/instance-out.sql,1864067.07,562147.20
CZ01/ECC&0&cDXHP&Ex&dxHP_equip__pkgEER/NE-dxHP_equip-pkgSEER-14.4-SEER2-1Stage/instance-out.sql,1865658.94,562147.20
CZ01/ECC&0&cDXHP&Ex&dxHP_equip__pkgEER/NE-dxHP_equip-pkgSEER-14.4-SEER2-2Stage/instance-out.sql,1679423.63,562186.63
CZ01/ECC&0&cDXHP&Ex&dxHP_equip__pkgEER/NE-dxHP_equip-spltSEER-14.4-SEER2-8.7-HSPF/instance-out.sql,1864795.85,562147.20
CZ01/ECC&0&cDXHP&Ex&dxHP_equip__pkgEER/NE-dxHP_equip-spltSEER-15.4-SEER2-9-HSPF/instance-out.sql,1864242.40,562147.20
CZ01/ECC&0&cDXHP&Ex&dxHP_equip__pkgEER/NE-dxHP_equip-spltSEER-16.3-SEER2-9.4-HSPF/instance-out.sql,1863555.16,562147.20
CZ01/ECC&0&cDXHP&Ex&dxHP_equip__pkgEER/NE-dxHP_equip-spltSEER-17.3-SEER2-9.7-HSPF/instance-out.sql,1863137.04,562147.20
CZ01/ECC&0&cDXHP&Ex&dxHP_equip__pkgEER/NE-dxAC_equip-pkgEER-14.2-IEER-TE-0.81-VarFan/instance-out.sql,1834510.07,691530.50
CZ01/ECC&0&cDXHP&Ex&dxHP_equip__pkgEER/NE-dxAC_equip-pkgEER-13.2-IEER-TE-0.81-VarFan/instance-out.sql,1834749.41,691530.50
CZ01/ECC&0&cDXHP&Ex&dxHP_equip__pkgEER/NE-dxAC_equip-pkgEER-14.8-IEER-TE-0.81-VarFan/instance-out.sql,1834303.07,691530.50
CZ01/ECC&0&cDXHP&Ex&dxHP_equip__pkgEER/NE-dxAC_equip-pkgSEER-13.4-SEER2-VarFan/instance-out.sql,1834634.13,691530.50
CZ01/EPr&0&cDXHP&Ex&dxHP_equip__pkgEER/NE-dxAC_equip-pkgEER-14.2-IEER-TE-0.81/instance-out.sql,229632.97,186872.65
CZ01/EPr&0&cDXHP&Ex&dxHP_equip__pkgEER/NE-dxAC_equip-pkgEER-13.2-IEER-TE-0.81/instance-out.sql,229668.46,186872.65
CZ01/EPr&0&cDXHP&Ex&dxHP_equip__pkgEER/NE-dxAC_equip-pkgEER-14.8-IEER-TE-0.81/instance-out.sql,229602.28,186872.65
CZ01/EPr&0&cDXHP&Ex&dxHP_equip__pkgEER/NE-dxAC_equip-pkgSEER-13.4-SEER2/instance-out.sql,229651.36,186872.65
CZ01/EPr&0&cDXHP&Ex&dxHP_equip__pkgEER/NE-dxAC_equip-pkgEER-12.2-IEER-TE-0.80/instance-out.sql,229700.19,187503.02
CZ01/EPr&0&cDXHP&Ex&dxHP_equip__pkgEER/NE-dxAC_equip-pkgEER-11.4-IEER-TE-0.80/instance-out.sql,229760.76,187503.02
CZ01/EPr&0&cDXHP&Ex&dxHP_equip__pkgEER/NE-dxAC_equip-pkgEER-12.7-IEER-TE-0.80/instance-out.sql,229702.56,187503.02
CZ01/EPr&0&cDXHP&Ex&dxHP_equip__pkgEER/NE-dxAC_equip-pkgSEER-12.35-SEER2/instance-out.sql,229688.58,187503.02
CZ01/EPr&0&cDXHP&Ex&dxHP_equip__pkgEER/NE-dxHP_equip-pkgEER-14.5-IEER/instance-out.sql,243208.87,136442.75
CZ01/EPr&0&cDXHP&Ex&dxHP_equip__pkgEER/NE-dxHP_equip-pkgEER-15.5-IEER/instance-out.sql,243178.75,136442.75
CZ01/EPr&0&cDXHP&Ex&dxHP_equip__pkgEER/NE-dxHP_equip-pkgEER-13.5-IEER/instance-out.sql,243239.42,136442.75
CZ01/EPr&0&cDXHP&Ex&dxHP_equip__pkgEER/NE-dxHP_equip-pkgEER-14-IEER/instance-out.sql,243216.79,136442.75
CZ01/EPr&0&cDXHP&Ex&dxHP_equip__pkgEER/NE-dxHP_equip-pkgEER-15-IEER/instance-out.sql,242389.33,136442.75
CZ01/EPr&0&cDXHP&Ex&dxHP_equip__pkgEER/NE-dxHP_equip-pkgEER-16-IEER/instance-out.sql,242349.91,136442.75
CZ01/EPr&0&cDXHP&Ex&dxHP_equip__pkgEER/NE-dxHP_equip-pkgSEER-15.4-SEER2/instance-out.sql,241320.76,136442.75
CZ01/EPr&0&cDXHP&Ex&dxHP_equip__pkgEER/NE-dxHP_equip-pkgSEER-16.3-SEER2/instance-out.sql,241032.06,136442.75
CZ01/EPr&0&cDXHP&Ex&dxHP_equip__pkgEER/NE-dxHP_equip-pkgSEER-14.4-SEER2-1Stage/instance-out.sql,241559.74,136442.75
CZ01/EPr&0&cDXHP&Ex&dxHP_equip__pkgEER/NE-dxHP_equip-pkgSEER-14.4-SEER2-2Stage/instance-out.sql,212104.46,136442.84
CZ01/EPr&0&cDXHP&Ex&dxHP_equip__pkgEER/NE-dxHP_equip-spltSEER-14.4-SEER2-8.7-HSPF/instance-out.sql,241228.54,136442.75
CZ01/EPr&0&cDXHP&Ex&dxHP_equip__pkgEER/NE-dxHP_equip-spltSEER-15.4-SEER2-9-HSPF/instance-out.sql,241057.92,136442.75
CZ01/EPr&0&cDXHP&Ex&dxHP_equip__pkgEER/NE-dxHP_equip-spltSEER-16.3-SEER2-9.4-HSPF/instance-out.sql,240835.63,136442.75
CZ01/EPr&0&cDXHP&Ex&dxHP_equip__pkgEER/NE-dxHP_equip-spltSEER-17.3-SEER2-9.7-HSPF/instance-out.sql,240706.69,136442.75
CZ01/EPr&0&cDXHP&Ex&dxHP_equip__pkgEER/NE-dxAC_equip-pkgEER-14.2-IEER-TE-0.81-VarFan/instance-out.sql,229600.35,186888.60
CZ01/EPr&0&cDXHP&Ex&dxHP_equip__pkgEER/NE-dxAC_equip-pkgEER-13.2-IEER-TE-0.81-VarFan/instance-out.sql,229635.83,186888.60
CZ01/EPr&0&cDXHP&Ex&dxHP_equip__pkgEER/NE-dxAC_equip-pkgEER-14.8-IEER-TE-0.81-VarFan/instance-out.sql,229569.67,186888.60
CZ01/EPr&0&cDXHP&Ex&dxHP_equip__pkgEER/NE-dxAC_equip-pkgSEER-13.4-SEER2-VarFan/instance-out.sql,229618.74,186888.60
CZ01/ERC&0&cDXHP&Ex&dxHP_equip__pkgEER/NE-dxAC_equip-pkgEER-14.2-IEER-TE-0.81/instance-out.sql,7567.10,13399.72
CZ01/ERC&0&cDXHP&Ex&dxHP_equip__pkgEER/NE-dxAC_equip-pkgEER-13.2-IEER-TE-0.81/instance-out.sql,7567.97,13399.72
CZ01/ERC&0&cDXHP&Ex&dxHP_equip__pkgEER/NE-dxAC_equip-pkgEER-14.8-IEER-TE-0.81/instance-out.sql,7566.34,13399.72
CZ01/ERC&0&cDXHP&Ex&dxHP_equip__pkgEER/NE-dxAC_equip-pkgSEER-13.4-SEER2/instance-out.sql,7567.55,13399.72
CZ01/ERC&0&cDXHP&Ex&dxHP_equip__pkgEER/NE-dxAC_equip-pkgEER-12.2-IEER-TE-0.80/instance-out.sql,7568.75,13447.46
CZ01/ERC&0&cDXHP&Ex&dxHP_equip__pkgEER/NE-dxAC_equip-pkgEER-11.4-IEER-TE-0.80/instance-out.sql,7570.25,13447.46
CZ01/ERC&0&cDXHP&Ex&dxHP_equip__pkgEER/NE-dxAC_equip-pkgEER-12.7-IEER-TE-0.80/instance-out.sql,7568.81,13447.46
CZ01/ERC&0&cDXHP&Ex&dxHP_equip__pkgEER/NE-dxAC_equip-pkgSEER-12.35-SEER2/instance-out.sql,7568.47,13447.46
CZ01/ERC&0&cDXHP&Ex&dxHP_equip__pkgEER/NE-dxHP_equip-pkgEER-14.5-IEER/instance-out.sql,8586.89,9580.33
CZ01/ERC&0&cDXHP&Ex&dxHP_equip__pkgEER/NE-dxHP_equip-pkgEER-15.5-IEER/instance-out.sql,8586.13,9580.33
CZ01/ERC&0&cDXHP&Ex&dxHP_equip__pkgEER/NE-dxHP_equip-pkgEER-13.5-IEER/instance-out.sql,8587.66,9580.33
CZ01/ERC&0&cDXHP&Ex&dxHP_equip__pkgEER/NE-dxHP_equip-pkgEER-14-IEER/instance-out.sql,8587.09,9580.33
CZ01/ERC&0&cDXHP&Ex&dxHP_equip__pkgEER/NE-dxHP_equip-pkgEER-15-IEER/instance-out.sql,8526.84,9580.33
CZ01/ERC&0&cDXHP&Ex&dxHP_equip__pkgEER/NE-dxHP_equip-pkgEER-16-IEER/instance-out.sql,8525.84,9580.33
CZ01/ERC&0&cDXHP&Ex&dxHP_equip__pkgEER/NE-dxHP_equip-pkgSEER-15.4-SEER2/instance-out.sql,8447.97,9580.33
CZ01/ERC&0&cDXHP&Ex&dxHP_equip__pkgEER/NE-dxHP_equip-pkgSEER-16.3-SEER2/instance-out.sql,8427.57,9580.33
CZ01/ERC&0&cDXHP&Ex&dxHP_equip__pkgEER/NE-dxHP_equip-pkgSEER-14.4-SEER2-1Stage/instance-out.sql,8464.62,9580.33
CZ01/ERC&0&cDXHP&Ex&dxHP_equip__pkgEER/NE-dxHP_equip-pkgSEER-14.4-SEER2-2Stage/instance-out.sql,6970.04,9580.33
CZ01/ERC&0&cDXHP&Ex&dxHP_equip__pkgEER/NE-dxHP_equip-spltSEER-14.4-SEER2-8.7-HSPF/instance-out.sql,8439.74,9580.33
CZ01/ERC&0&cDXHP&Ex&dxHP_equip__pkgEER/NE-dxHP_equip-spltSEER-15.4-SEER2-9-HSPF/instance-out.sql,8428.23,9580.33
CZ01/ERC&0&cDXHP&Ex&dxHP_equip__pkgEER/NE-dxHP_equip-spltSEER-16.3-SEER2-9.4-HSPF/instance-out.sql,8412.82,9580.33
CZ01/ERC&0&cDXHP&Ex&dxHP_equip__pkgEER/NE-dxHP_equip-spltSEER-17.3-SEER2-9.7-HSPF/instance-out.sql,8404.12,9580.33
CZ01/ERC&0&cDXHP&Ex&dxHP_equip__pkgEER/NE-dxAC_equip-pkgEER-14.2-IEER-TE-0.81-VarFan/instance-out.sql,7565.91,13400.52
CZ01/ERC&0&cDXHP&Ex&dxHP_equip__pkgEER/NE-dxAC_equip-pkgEER-13.2-IEER-TE-0.81-VarFan/instance-out.sql,7566.78,13400.52
CZ01/ERC&0&cDXHP&Ex&dxHP_equip__pkgEER/NE-dxAC_equip-pkgEER-14.8-IEER-TE-0.81-VarFan/instance-out.sql,7565.15,13400.52
CZ01/ERC&0&cDXHP&Ex&dxHP_equip__pkgEER/NE-dxAC_equip-pkgSEER-13.4-SEER2-VarFan/instance-out.sql,7566.36,13400.52
CZ01/ESe&0&cDXHP&Ex&dxHP_equip__pkgEER/NE-dxAC_equip-pkgEER-14.2-IEER-TE-0.81/instance-out.sql,692859.19,550573.26
CZ01/ESe&0&cDXHP&Ex&dxHP_equip__pkgEER/NE-dxAC_equip-pkgEER-13.2-IEER-TE-0.81/instance-out.sql,692911.47,550573.26
CZ01/ESe&0&cDXHP&Ex&dxHP_equip__pkgEER/NE-dxAC_equip-pkgEER-14.8-IEER-TE-0.81/instance-out.sql,692813.98,550573.26
CZ01/ESe&0&cDXHP&Ex&dxHP_equip__pkgEER/NE-dxAC_equip-pkgSEER-13.4-SEER2/instance-out.sql,692886.29,550573.26
CZ01/ESe&0&cDXHP&Ex&dxHP_equip__pkgEER/NE-dxAC_equip-pkgEER-12.2-IEER-TE-0.80/instance-out.sql,692958.23,550882.33
CZ01/ESe&0&cDXHP&Ex&dxHP_equip__pkgEER/NE-dxAC_equip-pkgEER-11.4-IEER-TE-0.80/instance-out.sql,693047.45,550882.33
CZ01/ESe&0&cDXHP&Ex&dxHP_equip__pkgEER/NE-dxAC_equip-pkgEER-12.7-IEER-TE-0.80/instance-out.sql,692961.71,550882.33
CZ01/ESe&0&cDXHP&Ex&dxHP_equip__pkgEER/NE-dxAC_equip-pkgSEER-12.35-SEER2/instance-out.sql,692941.12,550882.33
CZ01/ESe&0&cDXHP&Ex&dxHP_equip__pkgEER/NE-dxHP_equip-pkgEER-14.5-IEER/instance-out.sql,699632.01,525847.77
CZ01/ESe&0&cDXHP&Ex&dxHP_equip__pkgEER/NE-dxHP_equip-pkgEER-15.5-IEER/instance-out.sql,699587.97,525847.77
CZ01/ESe&0&cDXHP&Ex&dxHP_equip__pkgEER/NE-dxHP_equip-pkgEER-13.5-IEER/instance-out.sql,699676.66,525847.77
CZ01/ESe&0&cDXHP&Ex&dxHP_equip__pkgEER/NE-dxHP_equip-pkgEER-14-IEER/instance-out.sql,699643.58,525847.77
CZ01/ESe&0&cDXHP&Ex&dxHP_equip__pkgEER/NE-dxHP_equip-pkgEER-15-IEER/instance-out.sql,699193.14,525847.77
CZ01/ESe&0&cDXHP&Ex&dxHP_equip__pkgEER/NE-dxHP_equip-pkgEER-16-IEER/instance-out.sql,699135.52,525847.77
CZ01/ESe&0&cDXHP&Ex&dxHP_equip__pkgEER/NE-dxHP_equip-pkgSEER-15.4-SEER2/instance-out.sql,698631.90,525847.77
CZ01/ESe&0&cDXHP&Ex&dxHP_equip__pkgEER/NE-dxHP_equip-pkgSEER-16.3-SEER2/instance-out.sql,698462.64,525847.77
CZ01/ESe&0&cDXHP&Ex&dxHP_equip__pkgEER/NE-dxHP_equip-pkgSEER-14.4-SEER2-1Stage/instance-out.sql,698776.49,525847.77
CZ01/ESe&0&cDXHP&Ex&dxHP_equip__pkgEER/NE-dxHP_equip-pkgSEER-14.4-SEER2-2Stage/instance-out.sql,668392.23,526292.98
CZ01/ESe&0&cDXHP&Ex&dxHP_equip__pkgEER/NE-dxHP_equip-spltSEER-14.4-SEER2-8.7-HSPF/instance-out.sql,698610.84,525847.77
CZ01/ESe&0&cDXHP&Ex&dxHP_equip__pkgEER/NE-dxHP_equip-spltSEER-15.4-SEER2-9-HSPF/instance-out.sql,698500.44,525847.77
CZ01/ESe&0&cDXHP&Ex&dxHP_equip__pkgEER/NE-dxHP_equip-spltSEER-16.3-SEER2-9.4-HSPF/instance-out.sql,698364.40,525847.77
CZ01/ESe&0&cDXHP&Ex&dxHP_equip__pkgEER/NE-dxHP_equip-spltSEER-17.3-SEER2-9.7-HSPF/instance-out.sql,698280.99,525847.77
CZ01/ESe&0&cDXHP&Ex&dxHP_equip__pkgEER/NE-dxAC_equip-pkgEER-14.2-IEER-TE-0.81-VarFan/instance-out.sql,692832.27,550582.74
CZ01/ESe&0&cDXHP&Ex&dxHP_equip__pkgEER/NE-dxAC_equip-pkgEER-13.2-IEER-TE-0.81-VarFan/instance-out.sql,692884.54,550582.74
CZ01/ESe&0&cDXHP&Ex&dxHP_equip__pkgEER/NE-dxAC_equip-pkgEER-14.8-IEER-TE-0.81-VarFan/instance-out.sql,692787.07,550582.74
CZ01/ESe&0&cDXHP&Ex&dxHP_equip__pkgEER/NE-dxAC_equip-pkgSEER-13.4-SEER2-VarFan/instance-out.sql,692859.36,550582.74
CZ01/EUn&0&cDXHP&Ex&dxHP_equip__pkgEER/NE-dxAC_equip-pkgEER-14.2-IEER-TE-0.81/instance-out.sql,6698123.84,1294664.14
CZ01/EUn&0&cDXHP&Ex&dxHP_equip__pkgEER/NE-dxAC_equip-pkgEER-13.2-IEER-TE-0.81/instance-out.sql,6699011.95,1294664.14
CZ01/EUn&0&cDXHP&Ex&dxHP_equip__pkgEER/NE-dxAC_equip-pkgEER-14.8-IEER-TE-0.81/instance-out.sql,6697355.75,1294664.14
CZ01/EUn&0&cDXHP&Ex&dxHP_equip__pkgEER/NE-dxAC_equip-pkgSEER-13.4-SEER2/instance-out.sql,6698584.17,1294664.14
CZ01/EUn&0&cDXHP&Ex&dxHP_equip__pkgEER/NE-dxAC_equip-pkgEER-12.2-IEER-TE-0.80/instance-out.sql,6699806.32,1298536.19
CZ01/EUn&0&cDXHP&Ex&dxHP_equip__pkgEER/NE-dxAC_equip-pkgEER-11.4-IEER-TE-0.80/instance-out.sql,6701322.09,1298536.19
CZ01/EUn&0&cDXHP&Ex&dxHP_equip__pkgEER/NE-dxAC_equip-pkgEER-12.7-IEER-TE-0.80/instance-out.sql,6699865.43,1298536.19
CZ01/EUn&0&cDXHP&Ex&dxHP_equip__pkgEER/NE-dxAC_equip-pkgSEER-12.35-SEER2/instance-out.sql,6699515.62,1298536.19
CZ01/EUn&0&cDXHP&Ex&dxHP_equip__pkgEER/NE-dxHP_equip-pkgEER-14.5-IEER/instance-out.sql,6783849.87,984900.53
CZ01/EUn&0&cDXHP&Ex&dxHP_equip__pkgEER/NE-dxHP_equip-pkgEER-15.5-IEER/instance-out.sql,6783104.19,984900.53
CZ01/EUn&0&cDXHP&Ex&dxHP_equip__pkgEER/NE-dxHP_equip-pkgEER-13.5-IEER/instance-out.sql,6784605.98,984900.53
CZ01/EUn&0&cDXHP&Ex&dxHP_equip__pkgEER/NE-dxHP_equip-pkgEER-14-IEER/instance-out.sql,6784045.83,984900.53
CZ01/EUn&0&cDXHP&Ex&dxHP_equip__pkgEER/NE-dxHP_equip-pkgEER-15-IEER/instance-out.sql,6778105.32,984900.53
CZ01/EUn&0&cDXHP&Ex&dxHP_equip__pkgEER/NE-dxHP_equip-pkgEER-16-IEER/instance-out.sql,6777129.72,984900.53
CZ01/EUn&0&cDXHP&Ex&dxHP_equip__pkgEER/NE-dxHP_equip-pkgSEER-15.4-SEER2/instance-out.sql,6770825.46,984900.53
CZ01/EUn&0&cDXHP&Ex&dxHP_equip__pkgEER/NE-dxHP_equip-pkgSEER-16.3-SEER2/instance-out.sql,6768521.07,984900.53
CZ01/EUn&0&cDXHP&Ex&dxHP_equip__pkgEER/NE-dxHP_equip-pkgSEER-14.4-SEER2-1Stage/instance-out.sql,6772818.79,984900.53
CZ01/EUn&0&cDXHP&Ex&dxHP_equip__pkgEER/NE-dxHP_equip-pkgSEER-14.4-SEER2-2Stage/instance-out.sql,6189592.12,985485.50
CZ01/EUn&0&cDXHP&Ex&dxHP_equip__pkgEER/NE-dxHP_equip-spltSEER-14.4-SEER2-8.7-HSPF/instance-out.sql,6770721.52,984900.53
CZ01/EUn&0&cDXHP&Ex&dxHP_equip__pkgEER/NE-dxHP_equip-spltSEER-15.4-SEER2-9-HSPF/instance-out.sql,6769161.05,984900.53
CZ01/EUn&0&cDXHP&Ex&dxHP_equip__pkgEER/NE-dxHP_equip-spltSEER-16.3-SEER2-9.4-HSPF/instance-out.sql,6767277.17,984900.53
CZ01/EUn&0&cDXHP&Ex&dxHP_equip__pkgEER/NE-dxHP_equip-spltSEER-17.3-SEER2-9.7-HSPF/instance-out.sql,6766098.39,984900.53
CZ01/EUn&0&cDXHP&Ex&dxHP_equip__pkgEER/NE-dxAC_equip-pkgEER-14.2-IEER-TE-0.81-VarFan/instance-out.sql,6697561.87,1294764.85
CZ01/EUn&0&cDXHP&Ex&dxHP_equip__pkgEER/NE-dxAC_equip-pkgEER-13.2-IEER-TE-0.81-VarFan/instance-out.sql,6698449.74,1294764.85
CZ01/EUn&0&cDXHP&Ex&dxHP_equip__pkgEER/NE-dxAC_equip-pkgEER-14.8-IEER-TE-0.81-VarFan/instance-out.sql,6696793.98,1294764.85
CZ01/EUn&0&cDXHP&Ex&dxHP_equip__pkgEER/NE-dxAC_equip-pkgSEER-13.4-SEER2-VarFan/instance-out.sql,6698022.07,1294764.85
CZ01/Gro&0&cDXHP&Ex&dxHP_equip__pkgEER/NE-dxAC_equip-pkgEER-14.2-IEER-TE-0.81/instance-out.sql,1111757.23,335532.37
CZ01/Gro&0&cDXHP&Ex&dxHP_equip__pkgEER/NE-dxAC_equip-pkgEER-13.2-IEER-TE-0.81/instance-out.sql,1111776.12,335532.37
CZ01/Gro&0&cDXHP&Ex&dxHP_equip__pkgEER/NE-dxAC_equip-pkgEER-14.8-IEER-TE-0.81/instance-out.sql,1111740.89,335532.37
CZ01/Gro&0&cDXHP&Ex&dxHP_equip__pkgEER/NE-dxAC_equip-pkgSEER-13.4-SEER2/instance-out.sql,1111767.02,335532.37
CZ01/Gro&0&cDXHP&Ex&dxHP_equip__pkgEER/NE-dxAC_equip-pkgEER-12.2-IEER-TE-0.80/instance-out.sql,1111793.02,338897.46
CZ01/Gro&0&cDXHP&Ex&dxHP_equip__pkgEER/NE-dxAC_equip-pkgEER-11.4-IEER-TE-0.80/instance-out.sql,1111825.26,338897.46
CZ01/Gro&0&cDXHP&Ex&dxHP_equip__pkgEER/NE-dxAC_equip-pkgEER-12.7-IEER-TE-0.80/instance-out.sql,1111794.28,338897.46
CZ01/Gro&0&cDXHP&Ex&dxHP_equip__pkgEER/NE-dxAC_equip-pkgSEER-12.35-SEER2/instance-out.sql,1111786.84,338897.46
CZ01/Gro&0&cDXHP&Ex&dxHP_equip__pkgEER/NE-dxHP_equip-pkgEER-14.5-IEER/instance-out.sql,1182180.21,66325.43
CZ01/Gro&0&cDXHP&Ex&dxHP_equip__pkgEER/NE-dxHP_equip-pkgEER-15.5-IEER/instance-out.sql,1182163.84,66325.43
CZ01/Gro&0&cDXHP&Ex&dxHP_equip__pkgEER/NE-dxHP_equip-pkgEER-13.5-IEER/instance-out.sql,1182196.81,66325.43
CZ01/Gro&0&cDXHP&Ex&dxHP_equip__pkgEER/NE-dxHP_equip-pkgEER-14-IEER/instance-out.sql,1182184.51,66325.43
CZ01/Gro&0&cDXHP&Ex&dxHP_equip__pkgEER/NE-dxHP_equip-pkgEER-15-IEER/instance-out.sql,1178067.32,66325.43
CZ01/Gro&0&cDXHP&Ex&dxHP_equip__pkgEER/NE-dxHP_equip-pkgEER-16-IEER/instance-out.sql,1178045.91,66325.43
CZ01/Gro&0&cDXHP&Ex&dxHP_equip__pkgEER/NE-dxHP_equip-pkgSEER-15.4-SEER2/instance-out.sql,1172651.71,66325.43
CZ01/Gro&0&cDXHP&Ex&dxHP_equip__pkgEER/NE-dxHP_equip-pkgSEER-16.3-SEER2/instance-out.sql,1171273.69,66325.43
CZ01/Gro&0&cDXHP&Ex&dxHP_equip__pkgEER/NE-dxHP_equip-pkgSEER-14.4-SEER2-1Stage/instance-out.sql,1173770.71,66325.43
CZ01/Gro&0&cDXHP&Ex&dxHP_equip__pkgEER/NE-dxHP_equip-pkgSEER-14.4-SEER2-2Stage/instance-out.sql,1098567.43,66325.44
CZ01/Gro&0&cDXHP&Ex&dxHP_equip__pkgEER/NE-dxHP_equip-spltSEER-14.4-SEER2-8.7-HSPF/instance-out.sql,1172052.03,66325.43
CZ01/Gro&0&cDXHP&Ex&dxHP_equip__pkgEER/NE-dxHP_equip-spltSEER-15.4-SEER2-9-HSPF/instance-out.sql,1171287.74,66325.43
CZ01/Gro&0&cDXHP&Ex&dxHP_equip__pkgEER/NE-dxHP_equip-spltSEER-16.3-SEER2-9.4-HSPF/instance-out.sql,1170254.32,66325.43
CZ01/Gro&0&cDXHP&Ex&dxHP_equip__pkgEER/NE-dxHP_equip-spltSEER-17.3-SEER2-9.7-HSPF/instance-out.sql,1169676.65,66325.43
CZ01/Gro&0&cDXHP&Ex&dxHP_equip__pkgEER/NE-dxAC_equip-pkgEER-14.2-IEER-TE-0.81-VarFan/instance-out.sql,1111685.92,335578.18
CZ01/Gro&0&cDXHP&Ex&dxHP_equip__pkgEER/NE-dxAC_equip-pkgEER-13.2-IEER-TE-0.81-VarFan/instance-out.sql,1111704.80,335578.18
CZ01/Gro&0&cDXHP&Ex&dxHP_equip__pkgEER/NE-dxAC_equip-pkgEER-14.8-IEER-TE-0.81-VarFan/instance-out.sql,1111669.58,335578.18
CZ01/Gro&0&cDXHP&Ex&dxHP_equip__pkgEER/NE-dxAC_equip-pkgSEER-13.4-SEER2-VarFan/instance-out.sql,1111695.71,335578.18
CZ01/Hsp&0&cDXHP&Ex&dxHP_equip__pkgEER/NE-dxAC_equip-pkgEER-14.2-IEER-TE-0.81/instance-out.sql,2537250.69,650213.55
CZ01/Hsp&0&cDXHP&Ex&dxHP_equip__pkgEER/NE-dxAC_equip-pkgEER-13.2-IEER-TE-0.81/instance-out.sql,2537342.74,650213.55
CZ01/Hsp&0&cDXHP&Ex&dxHP_equip__pkgEER/NE-dxAC_equip-pkgEER-14.8-IEER-TE-0.81/instance-out.sql,2537171.08,650213.55
CZ01/Hsp&0&cDXHP&Ex&dxHP_equip__pkgEER/NE-dxAC_equip-pkgSEER-13.4-SEER2/instance-out.sql,2537298.40,650213.55
CZ01/Hsp&0&cDXHP&Ex&dxHP_equip__pkgEER/NE-dxAC_equip-pkgEER-12.2-IEER-TE-0.80/instance-out.sql,2537425.07,650693.02
CZ01/Hsp&0&cDXHP&Ex&dxHP_equip__pkgEER/NE-dxAC_equip-pkgEER-11.4-IEER-TE-0.80/instance-out.sql,2537582.18,650693.02
CZ01/Hsp&0&cDXHP&Ex&dxHP_equip__pkgEER/NE-dxAC_equip-pkgEER-12.7-IEER-TE-0.80/instance-out.sql,2537431.20,650693.02
CZ01/Hsp&0&cDXHP&Ex&dxHP_equip__pkgEER/NE-dxAC_equip-pkgSEER-12.35-SEER2/instance-out.sql,2537394.94,650693.02
CZ01/Hsp&0&cDXHP&Ex&dxHP_equip__pkgEER/NE-dxHP_equip-pkgEER-14.5-IEER/instance-out.sql,2547911.93,611870.26
CZ01/Hsp&0&cDXHP&Ex&dxHP_equip__pkgEER/NE-dxHP_equip-pkgEER-15.5-IEER/instance-out.sql,2547833.28,611870.26
CZ01/Hsp&0&cDXHP&Ex&dxHP_equip__pkgEER/NE-dxHP_equip-pkgEER-13.5-IEER/instance-out.sql,2547991.68,611870.26
CZ01/Hsp&0&cDXHP&Ex&dxHP_equip__pkgEER/NE-dxHP_equip-pkgEER-14-IEER/instance-out.sql,2547932.60,611870.26
CZ01/Hsp&0&cDXHP&Ex&dxHP_equip__pkgEER/NE-dxHP_equip-pkgEER-15-IEER/instance-out.sql,2547213.55,611870.26
CZ01/Hsp&0&cDXHP&Ex&dxHP_equip__pkgEER/NE-dxHP_equip-pkgEER-16-IEER/instance-out.sql,2547110.65,611870.26
CZ01/Hsp&0&cDXHP&Ex&dxHP_equip__pkgEER/NE-dxHP_equip-pkgSEER-15.4-SEER2/instance-out.sql,2546323.81,611870.26
CZ01/Hsp&0&cDXHP&Ex&dxHP_equip__pkgEER/NE-dxHP_equip-pkgSEER-16.3-SEER2/instance-out.sql,2546049.96,611870.26
CZ01/Hsp&0&cDXHP&Ex&dxHP_equip__pkgEER/NE-dxHP_equip-pkgSEER-14.4-SEER2-1Stage/instance-out.sql,2546558.99,611870.26
CZ01/Hsp&0&cDXHP&Ex&dxHP_equip__pkgEER/NE-dxHP_equip-pkgSEER-14.4-SEER2-2Stage/instance-out.sql,2438636.49,616164.80
CZ01/Hsp&0&cDXHP&Ex&dxHP_equip__pkgEER/NE-dxHP_equip-spltSEER-14.4-SEER2-8.7-HSPF/instance-out.sql,2546298.98,611870.26
CZ01/Hsp&0&cDXHP&Ex&dxHP_equip__pkgEER/NE-dxHP_equip-spltSEER-15.4-SEER2-9-HSPF/instance-out.sql,2546117.46,611870.26
CZ01/Hsp&0&cDXHP&Ex&dxHP_equip__pkgEER/NE-dxHP_equip-spltSEER-16.3-SEER2-9.4-HSPF/instance-out.sql,2545895.75,611870.26
CZ01/Hsp&0&cDXHP&Ex&dxHP_equip__pkgEER/NE-dxHP_equip-spltSEER-17.3-SEER2-9.7-HSPF/instance-out.sql,2545758.62,611870.26
CZ01/MBT&0&cDXHP&Ex&dxHP_equip__pkgEER/NE-dxAC_equip-pkgEER-14.2-IEER-TE-0.81/instance-out.sql,3094186.71,5099004.43
CZ01/MBT&0&cDXHP&Ex&dxHP_equip__pkgEER/NE-dxAC_equip-pkgEER-13.2-IEER-TE-0.81/instance-out.sql,3094277.01,5099004.43
CZ01/MBT&0&cDXHP&Ex&dxHP_equip__pkgEER/NE-dxAC_equip-pkgEER-14.8-IEER-TE-0.81/instance-out.sql,3094108.62,5099004.43
CZ01/MBT&0&cDXHP&Ex&dxHP_equip__pkgEER/NE-dxAC_equip-pkgSEER-13.4-SEER2/instance-out.sql,3094233.51,5099004.43
CZ01/MBT&0&cDXHP&Ex&dxHP_equip__pkgEER/NE-dxAC_equip-pkgEER-12.2-IEER-TE-0.80/instance-out.sql,3094357.77,5101166.08
CZ01/MBT&0&cDXHP&Ex&dxHP_equip__pkgEER/NE-dxAC_equip-pkgEER-11.4-IEER-TE-0.80/instance-out.sql,3094511.88,5101166.08
CZ01/MBT&0&cDXHP&Ex&dxHP_equip__pkgEER/NE-dxAC_equip-pkgEER-12.7-IEER-TE-0.80/instance-out.sql,3094363.78,5101166.08
CZ01/MBT&0&cDXHP&Ex&dxHP_equip__pkgEER/NE-dxAC_equip-pkgSEER-12.35-SEER2/instance-out.sql,3094328.21,5101166.08
CZ01/MBT&0&cDXHP&Ex&dxHP_equip__pkgEER/NE-dxHP_equip-pkgEER-14.5-IEER/instance-out.sql,3140930.92,4926074.56
CZ01/MBT&0&cDXHP&Ex&dxHP_equip__pkgEER/NE-dxHP_equip-pkgEER-15.5-IEER/instance-out.sql,3140854.10,4926074.56
CZ01/MBT&0&cDXHP&Ex&dxHP_equip__pkgEER/NE-dxHP_equip-pkgEER-13.5-IEER/instance-out.sql,3141008.82,4926074.56
CZ01/MBT&0&cDXHP&Ex&dxHP_equip__pkgEER/NE-dxHP_equip-pkgEER-14-IEER/instance-out.sql,3140951.11,4926074.56
CZ01/MBT&0&cDXHP&Ex&dxHP_equip__pkgEER/NE-dxHP_equip-pkgEER-15-IEER/instance-out.sql,3138137.71,4926074.56
CZ01/MBT&0&cDXHP&Ex&dxHP_equip__pkgEER/NE-dxHP_equip-pkgEER-16-IEER/instance-out.sql,3138037.20,4926074.56
CZ01/MBT&0&cDXHP&Ex&dxHP_equip__pkgEER/NE-dxHP_equip-pkgSEER-15.4-SEER2/instance-out.sql,3134485.60,4926074.56
CZ01/MBT&0&cDXHP&Ex&dxHP_equip__pkgEER/NE-dxHP_equip-pkgSEER-16.3-SEER2/instance-out.sql,3133515.23,4926074.56
CZ01/MBT&0&cDXHP&Ex&dxHP_equip__pkgEER/NE-dxHP_equip-pkgSEER-14.4-SEER2-1Stage/instance-out.sql,3135284.68,4926074.56
CZ01/MBT&0&cDXHP&Ex&dxHP_equip__pkgEER/NE-dxHP_equip-pkgSEER-14.4-SEER2-2Stage/instance-out.sql,3004181.70,4930433.74
CZ01/MBT&0&cDXHP&Ex&dxHP_equip__pkgEER/NE-dxHP_equip-spltSEER-14.4-SEER2-8.7-HSPF/instance-out.sql,3134145.03,4926074.56
CZ01/MBT&0&cDXHP&Ex&dxHP_equip__pkgEER/NE-dxHP_equip-spltSEER-15.4-SEER2-9-HSPF/instance-out.sql,3133581.16,4926074.56
CZ01/MBT&0&cDXHP&Ex&dxHP_equip__pkgEER/NE-dxHP_equip-spltSEER-16.3-SEER2-9.4-HSPF/instance-out.sql,3132839.29,4926074.56
CZ01/MBT&0&cDXHP&Ex&dxHP_equip__pkgEER/NE-dxHP_equip-spltSEER-17.3-SEER2-9.7-HSPF/instance-out.sql,3132413.16,4926074.56
CZ01/MLI&0&cDXHP&Ex&dxHP_equip__pkgEER/NE-dxAC_equip-pkgEER-14.2-IEER-TE-0.81/instance-out.sql,842249.68,261765.42
CZ01/MLI&0&cDXHP&Ex&dxHP_equip__pkgEER/NE-dxAC_equip-pkgEER-13.2-IEER-TE-0.81/instance-out.sql,842317.68,261765.42
CZ01/MLI&0&cDXHP&Ex&dxHP_equip__pkgEER/NE-dxAC_equip-pkgEER-14.8-IEER-TE-0.81/instance-out.sql,842190.86,261765.42
CZ01/MLI&0&cDXHP&Ex&dxHP_equip__pkgEER/NE-dxAC_equip-pkgSEER-13.4-SEER2/instance-out.sql,842284.92,261765.42
CZ01/MLI&0&cDXHP&Ex&dxHP_equip__pkgEER/NE-dxAC_equip-pkgEER-12.2-IEER-TE-0.80/instance-out.sql,842378.50,264373.79
CZ01/MLI&0&cDXHP&Ex&dxHP_equip__pkgEER/NE-dxAC_equip-pkgEER-11.4-IEER-TE-0.80/instance-out.sql,842494.57,264373.79
CZ01/MLI&0&cDXHP&Ex&dxHP_equip__pkgEER/NE-dxAC_equip-pkgEER-12.7-IEER-TE-0.80/instance-out.sql,842383.03,264373.79
CZ01/MLI&0&cDXHP&Ex&dxHP_equip__pkgEER/NE-dxAC_equip-pkgSEER-12.35-SEER2/instance-out.sql,842356.25,264373.79
CZ01/MLI&0&cDXHP&Ex&dxHP_equip__pkgEER/NE-dxHP_equip-pkgEER-14.5-IEER/instance-out.sql,899278.34,53096.18
CZ01/MLI&0&cDXHP&Ex&dxHP_equip__pkgEER/NE-dxHP_equip-pkgEER-15.5-IEER/instance-out.sql,899219.64,53096.18
CZ01/MLI&0&cDXHP&Ex&dxHP_equip__pkgEER/NE-dxHP_equip-pkgEER-13.5-IEER/instance-out.sql,899337.86,53096.18
CZ01/MLI&0&cDXHP&Ex&dxHP_equip__pkgEER/NE-dxHP_equip-pkgEER-14-IEER/instance-out.sql,899293.76,53096.18
CZ01/MLI&0&cDXHP&Ex&dxHP_equip__pkgEER/NE-dxHP_equip-pkgEER-15-IEER/instance-out.sql,895905.98,53096.18
CZ01/MLI&0&cDXHP&Ex&dxHP_equip__pkgEER/NE-dxHP_equip-pkgEER-16-IEER/instance-out.sql,895829.19,53096.18
CZ01/MLI&0&cDXHP&Ex&dxHP_equip__pkgEER/NE-dxHP_equip-pkgSEER-15.4-SEER2/instance-out.sql,891483.27,53096.18
CZ01/MLI&0&cDXHP&Ex&dxHP_equip__pkgEER/NE-dxHP_equip-pkgSEER-16.3-SEER2/instance-out.sql,890329.58,53096.18
CZ01/MLI&0&cDXHP&Ex&dxHP_equip__pkgEER/NE-dxHP_equip-pkgSEER-14.4-SEER2-1Stage/instance-out.sql,892427.75,53096.18
CZ01/MLI&0&cDXHP&Ex&dxHP_equip__pkgEER/NE-dxHP_equip-pkgSEER-14.4-SEER2-2Stage/instance-out.sql,747323.87,53096.21
CZ01/MLI&0&cDXHP&Ex&dxHP_equip__pkgEER/NE-dxHP_equip-spltSEER-14.4-SEER2-8.7-HSPF/instance-out.sql,891037.51,53096.18
CZ01/MLI&0&cDXHP&Ex&dxHP_equip__pkgEER/NE-dxHP_equip-spltSEER-15.4-SEER2-9-HSPF/instance-out.sql,890379.95,53096.18
CZ01/MLI&0&cDXHP&Ex&dxHP_equip__pkgEER/NE-dxHP_equip-spltSEER-16.3-SEER2-9.4-HSPF/instance-out.sql,889505.02,53096.18
CZ01/MLI&0&cDXHP&Ex&dxHP_equip__pkgEER/NE-dxHP_equip-spltSEER-17.3-SEER2-9.7-HSPF/instance-out.sql,889008.06,53096.18
CZ01/Mtl&0&cDXHP&Ex&dxHP_equip__pkgEER/NE-dxAC_equip-pkgEER-14.2-IEER-TE-0.81/instance-out.sql,123839.86,42475.87
CZ01/Mtl&0&cDXHP&Ex&dxHP_equip__pkgEER/NE-dxAC_equip-pkgEER-13.2-IEER-TE-0.81/instance-out.sql,123871.73,42475.87
CZ01/Mtl&0&cDXHP&Ex&dxHP_equip__pkgEER/NE-dxAC_equip-pkgEER-14.8-IEER-TE-0.81/instance-out.sql,123812.29,42475.87
CZ01/Mtl&0&cDXHP&Ex&dxHP_equip__pkgEER/NE-dxAC_equip-pkgSEER-13.4-SEER2/instance-out.sql,123856.38,42475.87
CZ01/Mtl&0&cDXHP&Ex&dxHP_equip__pkgEER/NE-dxAC_equip-pkgEER-12.2-IEER-TE-0.80/instance-out.sql,123900.24,42897.32
CZ01/Mtl&0&cDXHP&Ex&dxHP_equip__pkgEER/NE-dxAC_equip-pkgEER-11.4-IEER-TE-0.80/instance-out.sql,123954.63,42897.32
CZ01/Mtl&0&cDXHP&Ex&dxHP_equip__pkgEER/NE-dxAC_equip-pkgEER-12.7-IEER-TE-0.80/instance-out.sql,123902.36,42897.32
CZ01/Mtl&0&cDXHP&Ex&dxHP_equip__pkgEER/NE-dxAC_equip-pkgSEER-12.35-SEER2/instance-out.sql,123889.80,42897.32
CZ01/Mtl&0&cDXHP&Ex&dxHP_equip__pkgEER/NE-dxHP_equip-pkgEER-14.5-IEER/instance-out.sql,133031.22,8759.88
CZ01/Mtl&0&cDXHP&Ex&dxHP_equip__pkgEER/NE-dxHP_equip-pkgEER-15.5-IEER/instance-out.sql,133004.38,8759.88
CZ01/Mtl&0&cDXHP&Ex&dxHP_equip__pkgEER/NE-dxHP_equip-pkgEER-13.5-IEER/instance-out.sql,133058.44,8759.88
CZ01/Mtl&0&cDXHP&Ex&dxHP_equip__pkgEER/NE-dxHP_equip-pkgEER-14-IEER/instance-out.sql,133038.28,8759.88
CZ01/Mtl&0&cDXHP&Ex&dxHP_equip__pkgEER/NE-dxHP_equip-pkgEER-15-IEER/instance-out.sql,132468.97,8759.88
CZ01/Mtl&0&cDXHP&Ex&dxHP_equip__pkgEER/NE-dxHP_equip-pkgEER-16-IEER/instance-out.sql,132433.85,8759.88
CZ01/Mtl&0&cDXHP&Ex&dxHP_equip__pkgEER/NE-dxHP_equip-pkgSEER-15.4-SEER2/instance-out.sql,131738.30,8759.88
CZ01/Mtl&0&cDXHP&Ex&dxHP_equip__pkgEER/NE-dxHP_equip-pkgSEER-16.3-SEER2/instance-out.sql,131536.99,8759.88
CZ01/Mtl&0&cDXHP&Ex&dxHP_equip__pkgEER/NE-dxHP_equip-pkgSEER-14.4-SEER2-1Stage/instance-out.sql,131905.92,8759.88
CZ01/Mtl&0&cDXHP&Ex&dxHP_equip__pkgEER/NE-dxHP_equip-pkgSEER-14.4-SEER2-2Stage/instance-out.sql,109576.72,8785.18
CZ01/Mtl&0&cDXHP&Ex&dxHP_equip__pkgEER/NE-dxHP_equip-spltSEER-14.4-SEER2-8.7-HSPF/instance-out.sql,131681.29,8759.88
CZ01/Mtl&0&cDXHP&Ex&dxHP_equip__pkgEER/NE-dxHP_equip-spltSEER-15.4-SEER2-9-HSPF/instance-out.sql,131560.02,8759.88
CZ01/Mtl&0&cDXHP&Ex&dxHP_equip__pkgEER/NE-dxHP_equip-spltSEER-16.3-SEER2-9.4-HSPF/instance-out.sql,131403.76,8759.88
CZ01/Mtl&0&cDXHP&Ex&dxHP_equip__pkgEER/NE-dxHP_equip-spltSEER-17.3-SEER2-9.7-HSPF/instance-out.sql,131312.12,8759.88
CZ01/Nrs&0&cDXHP&Ex&dxHP_equip__pkgEER/NE-dxAC_equip-pkgEER-14.2-IEER-TE-0.81/instance-out.sql,634745.10,294124.41
CZ01/Nrs&0&cDXHP&Ex&dxHP_equip__pkgEER/NE-dxAC_equip-pkgEER-13.2-IEER-TE-0.81/instance-out.sql,634790.22,294124.41
CZ01/Nrs&0&cDXHP&Ex&dxHP_equip__pkgEER/NE-dxAC_equip-pkgEER-14.8-IEER-TE-0.81/instance-out.sql,634706.07,294124.41
CZ01/Nrs&0&cDXHP&Ex&dxHP_equip__pkgEER/NE-dxAC_equip-pkgSEER-13.4-SEER2/instance-out.sql,634768.49,294124.41
CZ01/Nrs&0&cDXHP&Ex&dxHP_equip__pkgEER/NE-dxAC_equip-pkgEER-12.2-IEER-TE-0.80/instance-out.sql,634830.59,294585.89
CZ01/Nrs&0&cDXHP&Ex&dxHP_equip__pkgEER/NE-dxAC_equip-pkgEER-11.4-IEER-TE-0.80/instance-out.sql,634907.61,294585.89
CZ01/Nrs&0&cDXHP&Ex&dxHP_equip__pkgEER/NE-dxAC_equip-pkgEER-12.7-IEER-TE-0.80/instance-out.sql,634833.59,294585.89
CZ01/Nrs&0&cDXHP&Ex&dxHP_equip__pkgEER/NE-dxAC_equip-pkgSEER-12.35-SEER2/instance-out.sql,634815.82,294585.89
CZ01/Nrs&0&cDXHP&Ex&dxHP_equip__pkgEER/NE-dxHP_equip-pkgEER-14.5-IEER/instance-out.sql,644962.18,257224.45
CZ01/Nrs&0&cDXHP&Ex&dxHP_equip__pkgEER/NE-dxHP_equip-pkgEER-15.5-IEER/instance-out.sql,644923.72,257224.45
CZ01/Nrs&0&cDXHP&Ex&dxHP_equip__pkgEER/NE-dxHP_equip-pkgEER-13.5-IEER/instance-out.sql,645001.19,257224.45
CZ01/Nrs&0&cDXHP&Ex&dxHP_equip__pkgEER/NE-dxHP_equip-pkgEER-14-IEER/instance-out.sql,644972.29,257224.45
CZ01/Nrs&0&cDXHP&Ex&dxHP_equip__pkgEER/NE-dxHP_equip-pkgEER-15-IEER/instance-out.sql,644332.83,257224.45
CZ01/Nrs&0&cDXHP&Ex&dxHP_equip__pkgEER/NE-dxHP_equip-pkgEER-16-IEER/instance-out.sql,644282.51,257224.45
CZ01/Nrs&0&cDXHP&Ex&dxHP_equip__pkgEER/NE-dxHP_equip-pkgSEER-15.4-SEER2/instance-out.sql,643518.28,257224.45
CZ01/Nrs&0&cDXHP&Ex&dxHP_equip__pkgEER/NE-dxHP_equip-pkgSEER-16.3-SEER2/instance-out.sql,643288.53,257224.45
CZ01/Nrs&0&cDXHP&Ex&dxHP_equip__pkgEER/NE-dxHP_equip-pkgSEER-14.4-SEER2-1Stage/instance-out.sql,643710.92,257224.45
CZ01/Nrs&0&cDXHP&Ex&dxHP_equip__pkgEER/NE-dxHP_equip-pkgSEER-14.4-SEER2-2Stage/instance-out.sql,600465.70,259363.89
CZ01/Nrs&0&cDXHP&Ex&dxHP_equip__pkgEER/NE-dxHP_equip-spltSEER-14.4-SEER2-8.7-HSPF/instance-out.sql,643463.02,257224.45
CZ01/Nrs&0&cDXHP&Ex&dxHP_equip__pkgEER/NE-dxHP_equip-spltSEER-15.4-SEER2-9-HSPF/instance-out.sql,643321.54,257224.45
CZ01/Nrs&0&cDXHP&Ex&dxHP_equip__pkgEER/NE-dxHP_equip-spltSEER-16.3-SEER2-9.4-HSPF/instance-out.sql,643141.50,257224.45
CZ01/Nrs&0&cDXHP&Ex&dxHP_equip__pkgEER/NE-dxHP_equip-spltSEER-17.3-SEER2-9.7-HSPF/instance-out.sql,643034.60,257224.45
CZ01/OfL&0&cDXHP&Ex&dxHP_equip__pkgEER/NE-dxAC_equip-pkgEER-14.2-IEER-TE-0.81/instance-out.sql,2100930.18,244693.54
CZ01/OfL&0&cDXHP&Ex&dxHP_equip__pkgEER/NE-dxAC_equip-pkgEER-13.2-IEER-TE-0.81/instance-out.sql,2101349.09,244693.54
CZ01/OfL&0&cDXHP&Ex&dxHP_equip__pkgEER/NE-dxAC_equip-pkgEER-14.8-IEER-TE-0.81/instance-out.sql,2100567.88,244693.54
CZ01/OfL&0&cDXHP&Ex&dxHP_equip__pkgEER/NE-dxAC_equip-pkgSEER-13.4-SEER2/instance-out.sql,2101147.31,244693.54
CZ01/OfL&0&cDXHP&Ex&dxHP_equip__pkgEER/NE-dxAC_equip-pkgEER-12.2-IEER-TE-0.80/instance-out.sql,2101723.78,245581.53
CZ01/OfL&0&cDXHP&Ex&dxHP_equip__pkgEER/NE-dxAC_equip-pkgEER-11.4-IEER-TE-0.80/instance-out.sql,2102438.75,245581.53
CZ01/OfL&0&cDXHP&Ex&dxHP_equip__pkgEER/NE-dxAC_equip-pkgEER-12.7-IEER-TE-0.80/instance-out.sql,2101751.66,245581.53
CZ01/OfL&0&cDXHP&Ex&dxHP_equip__pkgEER/NE-dxAC_equip-pkgSEER-12.35-SEER2/instance-out.sql,2101586.66,245581.53
CZ01/OfL&0&cDXHP&Ex&dxHP_equip__pkgEER/NE-dxHP_equip-pkgEER-14.5-IEER/instance-out.sql,2120411.24,173651.37
CZ01/OfL&0&cDXHP&Ex&dxHP_equip__pkgEER/NE-dxHP_equip-pkgEER-15.5-IEER/instance-out.sql,2120057.10,173651.37
CZ01/OfL&0&cDXHP&Ex&dxHP_equip__pkgEER/NE-dxHP_equip-pkgEER-13.5-IEER/instance-out.sql,2120770.32,173651.37
CZ01/OfL&0&cDXHP&Ex&dxHP_equip__pkgEER/NE-dxHP_equip-pkgEER-14-IEER/instance-out.sql,2120504.30,173651.37
CZ01/OfL&0&cDXHP&Ex&dxHP_equip__pkgEER/NE-dxHP_equip-pkgEER-15-IEER/instance-out.sql,2118918.64,173651.37
CZ01/OfL&0&cDXHP&Ex&dxHP_equip__pkgEER/NE-dxHP_equip-pkgEER-16-IEER/instance-out.sql,2118455.32,173651.37
CZ01/OfL&0&cDXHP&Ex&dxHP_equip__pkgEER/NE-dxHP_equip-pkgSEER-15.4-SEER2/instance-out.sql,2117090.20,173651.37
CZ01/OfL&0&cDXHP&Ex&dxHP_equip__pkgEER/NE-dxHP_equip-pkgSEER-16.3-SEER2/instance-out.sql,2116407.21,173651.37
CZ01/OfL&0&cDXHP&Ex&dxHP_equip__pkgEER/NE-dxHP_equip-pkgSEER-14.4-SEER2-1Stage/instance-out.sql,2117703.62,173651.37
CZ01/OfL&0&cDXHP&Ex&dxHP_equip__pkgEER/NE-dxHP_equip-pkgSEER-14.4-SEER2-2Stage/instance-out.sql,1849329.07,173114.14
CZ01/OfL&0&cDXHP&Ex&dxHP_equip__pkgEER/NE-dxHP_equip-spltSEER-14.4-SEER2-8.7-HSPF/instance-out.sql,2117225.98,173651.37
CZ01/OfL&0&cDXHP&Ex&dxHP_equip__pkgEER/NE-dxHP_equip-spltSEER-15.4-SEER2-9-HSPF/instance-out.sql,2116711.14,173651.37
CZ01/OfL&0&cDXHP&Ex&dxHP_equip__pkgEER/NE-dxHP_equip-spltSEER-16.3-SEER2-9.4-HSPF/instance-out.sql,2116123.91,173651.37
CZ01/OfL&0&cDXHP&Ex&dxHP_equip__pkgEER/NE-dxHP_equip-spltSEER-17.3-SEER2-9.7-HSPF/instance-out.sql,2115735.10,173651.37
CZ01/OfL&0&cDXHP&Ex&dxHP_equip__pkgEER/NE-dxAC_equip-pkgEER-14.2-IEER-TE-0.81-VarFan/instance-out.sql,2100639.50,244713.44
CZ01/OfL&0&cDXHP&Ex&dxHP_equip__pkgEER/NE-dxAC_equip-pkgEER-13.2-IEER-TE-0.81-VarFan/instance-out.sql,2101058.31,244713.44
CZ01/OfL&0&cDXHP&Ex&dxHP_equip__pkgEER/NE-dxAC_equip-pkgEER-14.8-IEER-TE-0.81-VarFan/instance-out.sql,2100277.28,244713.44
CZ01/OfL&0&cDXHP&Ex&dxHP_equip__pkgEER/NE-dxAC_equip-pkgSEER-13.4-SEER2-VarFan/instance-out.sql,2100856.58,244713.44
CZ01/OfS&0&cDXHP&Ex&dxHP_equip__pkgEER/NE-dxAC_equip-pkgEER-14.2-IEER-TE-0.81/instance-out.sql,103025.58,36391.27
CZ01/OfS&0&cDXHP&Ex&dxHP_equip__pkgEER/NE-dxAC_equip-pkgEER-13.2-IEER-TE-0.81/instance-out.sql,103050.88,36391.27
CZ01/OfS&0&cDXHP&Ex&dxHP_equip__pkgEER/NE-dxAC_equip-pkgEER-14.8-IEER-TE-0.81/instance-out.sql,103003.71,36391.27
CZ01/OfS&0&cDXHP&Ex&dxHP_equip__pkgEER/NE-dxAC_equip-pkgSEER-13.4-SEER2/instance-out.sql,103038.69,36391.27
CZ01/OfS&0&cDXHP&Ex&dxHP_equip__pkgEER/NE-dxAC_equip-pkgEER-12.2-IEER-TE-0.80/instance-out.sql,103073.50,36545.80
CZ01/OfS&0&cDXHP&Ex&dxHP_equip__pkgEER/NE-dxAC_equip-pkgEER-11.4-IEER-TE-0.80/instance-out.sql,103116.67,36545.80
CZ01/OfS&0&cDXHP&Ex&dxHP_equip__pkgEER/NE-dxAC_equip-pkgEER-12.7-IEER-TE-0.80/instance-out.sql,103075.19,36545.80
CZ01/OfS&0&cDXHP&Ex&dxHP_equip__pkgEER/NE-dxAC_equip-pkgSEER-12.35-SEER2/instance-out.sql,103065.22,36545.80
CZ01/OfS&0&cDXHP&Ex&dxHP_equip__pkgEER/NE-dxHP_equip-pkgEER-14.5-IEER/instance-out.sql,106419.24,24028.89
CZ01/OfS&0&cDXHP&Ex&dxHP_equip__pkgEER/NE-dxHP_equip-pkgEER-15.5-IEER/instance-out.sql,106397.84,24028.89
CZ01/OfS&0&cDXHP&Ex&dxHP_equip__pkgEER/NE-dxHP_equip-pkgEER-13.5-IEER/instance-out.sql,106440.94,24028.89
CZ01/OfS&0&cDXHP&Ex&dxHP_equip__pkgEER/NE-dxHP_equip-pkgEER-14-IEER/instance-out.sql,106424.86,24028.89
CZ01/OfS&0&cDXHP&Ex&dxHP_equip__pkgEER/NE-dxHP_equip-pkgEER-15-IEER/instance-out.sql,106199.82,24028.89
CZ01/OfS&0&cDXHP&Ex&dxHP_equip__pkgEER/NE-dxHP_equip-pkgEER-16-IEER/instance-out.sql,106171.82,24028.89
CZ01/OfS&0&cDXHP&Ex&dxHP_equip__pkgEER/NE-dxHP_equip-pkgSEER-15.4-SEER2/instance-out.sql,105918.96,24028.89
CZ01/OfS&0&cDXHP&Ex&dxHP_equip__pkgEER/NE-dxHP_equip-pkgSEER-16.3-SEER2/instance-out.sql,105834.66,24028.89
CZ01/OfS&0&cDXHP&Ex&dxHP_equip__pkgEER/NE-dxHP_equip-pkgSEER-14.4-SEER2-1Stage/instance-out.sql,105990.88,24028.89
CZ01/OfS&0&cDXHP&Ex&dxHP_equip__pkgEER/NE-dxHP_equip-pkgSEER-14.4-SEER2-2Stage/instance-out.sql,86446.76,24028.90
CZ01/OfS&0&cDXHP&Ex&dxHP_equip__pkgEER/NE-dxHP_equip-spltSEER-14.4-SEER2-8.7-HSPF/instance-out.sql,105907.80,24028.89
CZ01/OfS&0&cDXHP&Ex&dxHP_equip__pkgEER/NE-dxHP_equip-spltSEER-15.4-SEER2-9-HSPF/instance-out.sql,105853.03,24028.89
CZ01/OfS&0&cDXHP&Ex&dxHP_equip__pkgEER/NE-dxHP_equip-spltSEER-16.3-SEER2-9.4-HSPF/instance-out.sql,105785.39,24028.89
CZ01/OfS&0&cDXHP&Ex&dxHP_equip__pkgEER/NE-dxHP_equip-spltSEER-17.3-SEER2-9.7-HSPF/instance-out.sql,105744.01,24028.89
CZ01/OfS&0&cDXHP&Ex&dxHP_equip__pkgEER/NE-dxAC_equip-pkgEER-14.2-IEER-TE-0.81-VarFan/instance-out.sql,103006.97,36400.47
CZ01/OfS&0&cDXHP&Ex&dxHP_equip__pkgEER/NE-dxAC_equip-pkgEER-13.2-IEER-TE-0.81-VarFan/instance-out.sql,103032.25,36400.47
CZ01/OfS&0&cDXHP&Ex&dxHP_equip__pkgEER/NE-dxAC_equip-pkgEER-14.8-IEER-TE-0.81-VarFan/instance-out.sql,102985.09,36400.47
CZ01/OfS&0&cDXHP&Ex&dxHP_equip__pkgEER/NE-dxAC_equip-pkgSEER-13.4-SEER2-VarFan/instance-out.sql,103020.07,36400.47
CZ01/RFF&0&cDXHP&Ex&dxHP_equip__pkgEER/NE-dxAC_equip-pkgEER-14.2-IEER-TE-0.81/instance-out.sql,51698.33,54699.89
CZ01/RFF&0&cDXHP&Ex&dxHP_equip__pkgEER/NE-dxAC_equip-pkgEER-13.2-IEER-TE-0.81/instance-out.sql,51703.74,54699.89
CZ01/RFF&0&cDXHP&Ex&dxHP_equip__pkgEER/NE-dxAC_equip-pkgEER-14.8-IEER-TE-0.81/instance-out.sql,51693.65,54699.89
CZ01/RFF&0&cDXHP&Ex&dxHP_equip__pkgEER/NE-dxAC_equip-pkgSEER-13.4-SEER2/instance-out.sql,51701.13,54699.89
CZ01/RFF&0&cDXHP&Ex&dxHP_equip__pkgEER/NE-dxAC_equip-pkgEER-12.2-IEER-TE-0.80/instance-out.sql,51708.58,54792.39
CZ01/RFF&0&cDXHP&Ex&dxHP_equip__pkgEER/NE-dxAC_equip-pkgEER-11.4-IEER-TE-0.80/instance-out.sql,51717.81,54792.39
CZ01/RFF&0&cDXHP&Ex&dxHP_equip__pkgEER/NE-dxAC_equip-pkgEER-12.7-IEER-TE-0.80/instance-out.sql,51708.94,54792.39
CZ01/RFF&0&cDXHP&Ex&dxHP_equip__pkgEER/NE-dxAC_equip-pkgSEER-12.35-SEER2/instance-out.sql,51706.81,54792.39
CZ01/RFF&0&cDXHP&Ex&dxHP_equip__pkgEER/NE-dxHP_equip-pkgEER-14.5-IEER/instance-out.sql,53780.48,47300.35
CZ01/RFF&0&cDXHP&Ex&dxHP_equip__pkgEER/NE-dxHP_equip-pkgEER-15.5-IEER/instance-out.sql,53775.85,47300.35
CZ01/RFF&0&cDXHP&Ex&dxHP_equip__pkgEER/NE-dxHP_equip-pkgEER-13.5-IEER/instance-out.sql,53785.17,47300.35
CZ01/RFF&0&cDXHP&Ex&dxHP_equip__pkgEER/NE-dxHP_equip-pkgEER-14-IEER/instance-out.sql,53781.70,47300.35
CZ01/RFF&0&cDXHP&Ex&dxHP_equip__pkgEER/NE-dxHP_equip-pkgEER-15-IEER/instance-out.sql,53655.39,47300.35
CZ01/RFF&0&cDXHP&Ex&dxHP_equip__pkgEER/NE-dxHP_equip-pkgEER-16-IEER/instance-out.sql,53649.34,47300.35
CZ01/RFF&0&cDXHP&Ex&dxHP_equip__pkgEER/NE-dxHP_equip-pkgSEER-15.4-SEER2/instance-out.sql,53492.31,47300.35
CZ01/RFF&0&cDXHP&Ex&dxHP_equip__pkgEER/NE-dxHP_equip-pkgSEER-16.3-SEER2/instance-out.sql,53448.23,47300.35
CZ01/RFF&0&cDXHP&Ex&dxHP_equip__pkgEER/NE-dxHP_equip-pkgSEER-14.4-SEER2-1Stage/instance-out.sql,53528.80,47300.35
CZ01/RFF&0&cDXHP&Ex&dxHP_equip__pkgEER/NE-dxHP_equip-pkgSEER-14.4-SEER2-2Stage/instance-out.sql,47784.02,47301.44
CZ01/RFF&0&cDXHP&Ex&dxHP_equip__pkgEER/NE-dxHP_equip-spltSEER-14.4-SEER2-8.7-HSPF/instance-out.sql,53478.27,47300.35
CZ01/RFF&0&cDXHP&Ex&dxHP_equip__pkgEER/NE-dxHP_equip-spltSEER-15.4-SEER2-9-HSPF/instance-out.sql,53452.20,47300.35
CZ01/RFF&0&cDXHP&Ex&dxHP_equip__pkgEER/NE-dxHP_equip-spltSEER-16.3-SEER2-9.4-HSPF/instance-out.sql,53418.26,47300.35
CZ01/RFF&0&cDXHP&Ex&dxHP_equip__pkgEER/NE-dxHP_equip-spltSEER-17.3-SEER2-9.7-HSPF/instance-out.sql,53398.56,47300.35
CZ01/RSD&0&cDXHP&Ex&dxHP_equip__pkgEER/NE-dxAC_equip-pkgEER-14.2-IEER-TE-0.81/instance-out.sql,109490.15,141514.24
CZ01/RSD&0&cDXHP&Ex&dxHP_equip__pkgEER/NE-dxAC_equip-pkgEER-13.2-IEER-TE-0.81/instance-out.sql,109492.07,141514.24
CZ01/RSD&0&cDXHP&Ex&dxHP_equip__pkgEER/NE-dxAC_equip-pkgEER-14.8-IEER-TE-0.81/instance-out.sql,109488.49,141514.24
CZ01/RSD&0&cDXHP&Ex&dxHP_equip__pkgEER/NE-dxAC_equip-pkgSEER-13.4-SEER2/instance-out.sql,109491.15,141514.24
CZ01/RSD&0&cDXHP&Ex&dxHP_equip__pkgEER/NE-dxAC_equip-pkgEER-12.2-IEER-TE-0.80/instance-out.sql,109493.79,141563.74
CZ01/RSD&0&cDXHP&Ex&dxHP_equip__pkgEER/NE-dxAC_equip-pkgEER-11.4-IEER-TE-0.80/instance-out.sql,109497.08,141563.74
CZ01/RSD&0&cDXHP&Ex&dxHP_equip__pkgEER/NE-dxAC_equip-pkgEER-12.7-IEER-TE-0.80/instance-out.sql,109493.92,141563.74
CZ01/RSD&0&cDXHP&Ex&dxHP_equip__pkgEER/NE-dxAC_equip-pkgSEER-12.35-SEER2/instance-out.sql,109493.16,141563.74
CZ01/RSD&0&cDXHP&Ex&dxHP_equip__pkgEER/NE-dxHP_equip-pkgEER-14.5-IEER/instance-out.sql,110605.18,137568.83
CZ01/RSD&0&cDXHP&Ex&dxHP_equip__pkgEER/NE-dxHP_equip-pkgEER-15.5-IEER/instance-out.sql,110603.52,137568.83
CZ01/RSD&0&cDXHP&Ex&dxHP_equip__pkgEER/NE-dxHP_equip-pkgEER-13.5-IEER/instance-out.sql,110606.86,137568.83
CZ01/RSD&0&cDXHP&Ex&dxHP_equip__pkgEER/NE-dxHP_equip-pkgEER-14-IEER/instance-out.sql,110605.61,137568.83
CZ01/RSD&0&cDXHP&Ex&dxHP_equip__pkgEER/NE-dxHP_equip-pkgEER-15-IEER/instance-out.sql,110539.07,137568.83
CZ01/RSD&0&cDXHP&Ex&dxHP_equip__pkgEER/NE-dxHP_equip-pkgEER-16-IEER/instance-out.sql,110536.90,137568.83
CZ01/RSD&0&cDXHP&Ex&dxHP_equip__pkgEER/NE-dxHP_equip-pkgSEER-15.4-SEER2/instance-out.sql,110452.58,137568.83
CZ01/RSD&0&cDXHP&Ex&dxHP_equip__pkgEER/NE-dxHP_equip-pkgSEER-16.3-SEER2/instance-out.sql,110429.70,137568.83
CZ01/RSD&0&cDXHP&Ex&dxHP_equip__pkgEER/NE-dxHP_equip-pkgSEER-14.4-SEER2-1Stage/instance-out.sql,110471.40,137568.83
CZ01/RSD&0&cDXHP&Ex&dxHP_equip__pkgEER/NE-dxHP_equip-pkgSEER-14.4-SEER2-2Stage/instance-out.sql,107324.83,137617.36
CZ01/RSD&0&cDXHP&Ex&dxHP_equip__pkgEER/NE-dxHP_equip-spltSEER-14.4-SEER2-8.7-HSPF/instance-out.sql,110444.36,137568.83
CZ01/RSD&0&cDXHP&Ex&dxHP_equip__pkgEER/NE-dxHP_equip-spltSEER-15.4-SEER2-9-HSPF/instance-out.sql,110431.13,137568.83
CZ01/RSD&0&cDXHP&Ex&dxHP_equip__pkgEER/NE-dxHP_equip-spltSEER-16.3-SEER2-9.4-HSPF/instance-out.sql,110413.67,137568.83
CZ01/RSD&0&cDXHP&Ex&dxHP_equip__pkgEER/NE-dxHP_equip-spltSEER-17.3-SEER2-9.7-HSPF/instance-out.sql,110403.67,137568.83
CZ01/Rt3&0&cDXHP&Ex&dxHP_equip__pkgEER/NE-dxAC_equip-pkgEER-14.2-IEER-TE-0.81/instance-out.sql,1679334.14,271591.19
CZ01/Rt3&0&cDXHP&Ex&dxHP_equip__pkgEER/NE-dxAC_equip-pkgEER-13.2-IEER-TE-0.81/instance-out.sql,1679507.88,271591.19
CZ01/Rt3&0&cDXHP&Ex&dxHP_equip__pkgEER/NE-dxAC_equip-pkgEER-14.8-IEER-TE-0.81/instance-out.sql,1679183.88,271591.19
CZ01/Rt3&0&cDXHP&Ex&dxHP_equip__pkgEER/NE-dxAC_equip-pkgSEER-13.4-SEER2/instance-out.sql,1679424.19,271591.19
CZ01/Rt3&0&cDXHP&Ex&dxHP_equip__pkgEER/NE-dxAC_equip-pkgEER-12.2-IEER-TE-0.80/instance-out.sql,1679663.28,272562.22
CZ01/Rt3&0&cDXHP&Ex&dxHP_equip__pkgEER/NE-dxAC_equip-pkgEER-11.4-IEER-TE-0.80/instance-out.sql,1679959.82,272562.22
CZ01/Rt3&0&cDXHP&Ex&dxHP_equip__pkgEER/NE-dxAC_equip-pkgEER-12.7-IEER-TE-0.80/instance-out.sql,1679674.85,272562.22
CZ01/Rt3&0&cDXHP&Ex&dxHP_equip__pkgEER/NE-dxAC_equip-pkgSEER-12.35-SEER2/instance-out.sql,1679606.42,272562.22
CZ01/Rt3&0&cDXHP&Ex&dxHP_equip__pkgEER/NE-dxHP_equip-pkgEER-14.5-IEER/instance-out.sql,1700805.31,193909.19
CZ01/Rt3&0&cDXHP&Ex&dxHP_equip__pkgEER/NE-dxHP_equip-pkgEER-15.5-IEER/instance-out.sql,1700656.88,193909.19
CZ01/Rt3&0&cDXHP&Ex&dxHP_equip__pkgEER/NE-dxHP_equip-pkgEER-13.5-IEER/instance-out.sql,1700955.82,193909.19
CZ01/Rt3&0&cDXHP&Ex&dxHP_equip__pkgEER/NE-dxHP_equip-pkgEER-14-IEER/instance-out.sql,1700844.32,193909.19
CZ01/Rt3&0&cDXHP&Ex&dxHP_equip__pkgEER/NE-dxHP_equip-pkgEER-15-IEER/instance-out.sql,1699407.00,193909.19
CZ01/Rt3&0&cDXHP&Ex&dxHP_equip__pkgEER/NE-dxHP_equip-pkgEER-16-IEER/instance-out.sql,1699212.80,193909.19
CZ01/Rt3&0&cDXHP&Ex&dxHP_equip__pkgEER/NE-dxHP_equip-pkgSEER-15.4-SEER2/instance-out.sql,1697621.95,193909.19
CZ01/Rt3&0&cDXHP&Ex&dxHP_equip__pkgEER/NE-dxHP_equip-pkgSEER-16.3-SEER2/instance-out.sql,1697078.41,193909.19
CZ01/Rt3&0&cDXHP&Ex&dxHP_equip__pkgEER/NE-dxHP_equip-pkgSEER-14.4-SEER2-1Stage/instance-out.sql,1698087.46,193909.19
CZ01/Rt3&0&cDXHP&Ex&dxHP_equip__pkgEER/NE-dxHP_equip-pkgSEER-14.4-SEER2-2Stage/instance-out.sql,1502771.55,194321.09
CZ01/Rt3&0&cDXHP&Ex&dxHP_equip__pkgEER/NE-dxHP_equip-spltSEER-14.4-SEER2-8.7-HSPF/instance-out.sql,1697563.08,193909.19
CZ01/Rt3&0&cDXHP&Ex&dxHP_equip__pkgEER/NE-dxHP_equip-spltSEER-15.4-SEER2-9-HSPF/instance-out.sql,1697205.79,193909.19
CZ01/Rt3&0&cDXHP&Ex&dxHP_equip__pkgEER/NE-dxHP_equip-spltSEER-16.3-SEER2-9.4-HSPF/instance-out.sql,1696767.39,193909.19
CZ01/Rt3&0&cDXHP&Ex&dxHP_equip__pkgEER/NE-dxHP_equip-spltSEER-17.3-SEER2-9.7-HSPF/instance-out.sql,1696497.48,193909.19
CZ01/Rt3&0&cDXHP&Ex&dxHP_equip__pkgEER/NE-dxAC_equip-pkgEER-14.2-IEER-TE-0.81-VarFan/instance-out.sql,1679161.63,271622.81
CZ01/Rt3&0&cDXHP&Ex&dxHP_equip__pkgEER/NE-dxAC_equip-pkgEER-13.2-IEER-TE-0.81-VarFan/instance-out.sql,1679335.32,271622.81
CZ01/Rt3&0&cDXHP&Ex&dxHP_equip__pkgEER/NE-dxAC_equip-pkgEER-14.8-IEER-TE-0.81-VarFan/instance-out.sql,1679011.41,271622.81
CZ01/Rt3&0&cDXHP&Ex&dxHP_equip__pkgEER/NE-dxAC_equip-pkgSEER-13.4-SEER2-VarFan/instance-out.sql,1679251.66,271622.81
CZ01/RtL&0&cDXHP&Ex&dxHP_equip__pkgEER/NE-dxAC_equip-pkgEER-14.2-IEER-TE-0.81/instance-out.sql,1714663.13,255286.68
CZ01/RtL&0&cDXHP&Ex&dxHP_equip__pkgEER/NE-dxAC_equip-pkgEER-13.2-IEER-TE-0.81/instance-out.sql,1714861.08,255286.68
CZ01/RtL&0&cDXHP&Ex&dxHP_equip__pkgEER/NE-dxAC_equip-pkgEER-14.8-IEER-TE-0.81/instance-out.sql,1714491.92,255286.68
CZ01/RtL&0&cDXHP&Ex&dxHP_equip__pkgEER/NE-dxAC_equip-pkgSEER-13.4-SEER2/instance-out.sql,1714765.73,255286.68
CZ01/RtL&0&cDXHP&Ex&dxHP_equip__pkgEER/NE-dxAC_equip-pkgEER-12.2-IEER-TE-0.80/instance-out.sql,1715038.14,256225.49
CZ01/RtL&0&cDXHP&Ex&dxHP_equip__pkgEER/NE-dxAC_equip-pkgEER-11.4-IEER-TE-0.80/instance-out.sql,1715375.99,256225.49
CZ01/RtL&0&cDXHP&Ex&dxHP_equip__pkgEER/NE-dxAC_equip-pkgEER-12.7-IEER-TE-0.80/instance-out.sql,1715051.31,256225.49
CZ01/RtL&0&cDXHP&Ex&dxHP_equip__pkgEER/NE-dxAC_equip-pkgSEER-12.35-SEER2/instance-out.sql,1714973.34,256225.49
CZ01/RtL&0&cDXHP&Ex&dxHP_equip__pkgEER/NE-dxHP_equip-pkgEER-14.5-IEER/instance-out.sql,1735395.09,180181.57
CZ01/RtL&0&cDXHP&Ex&dxHP_equip__pkgEER/NE-dxHP_equip-pkgEER-15.5-IEER/instance-out.sql,1735226.13,180181.57
CZ01/RtL&0&cDXHP&Ex&dxHP_equip__pkgEER/NE-dxHP_equip-pkgEER-13.5-IEER/instance-out.sql,1735566.41,180181.57
CZ01/RtL&0&cDXHP&Ex&dxHP_equip__pkgEER/NE-dxHP_equip-pkgEER-14-IEER/instance-out.sql,1735439.49,180181.57
CZ01/RtL&0&cDXHP&Ex&dxHP_equip__pkgEER/NE-dxHP_equip-pkgEER-15-IEER/instance-out.sql,1734019.11,180181.57
CZ01/RtL&0&cDXHP&Ex&dxHP_equip__pkgEER/NE-dxHP_equip-pkgEER-16-IEER/instance-out.sql,1733798.05,180181.57
CZ01/RtL&0&cDXHP&Ex&dxHP_equip__pkgEER/NE-dxHP_equip-pkgSEER-15.4-SEER2/instance-out.sql,1732271.58,180181.57
CZ01/RtL&0&cDXHP&Ex&dxHP_equip__pkgEER/NE-dxHP_equip-pkgSEER-16.3-SEER2/instance-out.sql,1731724.69,180181.57
CZ01/RtL&0&cDXHP&Ex&dxHP_equip__pkgEER/NE-dxHP_equip-pkgSEER-14.4-SEER2-1Stage/instance-out.sql,1732743.29,180181.57
CZ01/RtL&0&cDXHP&Ex&dxHP_equip__pkgEER/NE-dxHP_equip-pkgSEER-14.4-SEER2-2Stage/instance-out.sql,1535951.50,180181.97
CZ01/RtL&0&cDXHP&Ex&dxHP_equip__pkgEER/NE-dxHP_equip-spltSEER-14.4-SEER2-8.7-HSPF/instance-out.sql,1732236.89,180181.57
CZ01/RtL&0&cDXHP&Ex&dxHP_equip__pkgEER/NE-dxHP_equip-spltSEER-15.4-SEER2-9-HSPF/instance-out.sql,1731869.69,180181.57
CZ01/RtL&0&cDXHP&Ex&dxHP_equip__pkgEER/NE-dxHP_equip-spltSEER-16.3-SEER2-9.4-HSPF/instance-out.sql,1731424.33,180181.57
CZ01/RtL&0&cDXHP&Ex&dxHP_equip__pkgEER/NE-dxHP_equip-spltSEER-17.3-SEER2-9.7-HSPF/instance-out.sql,1731146.95,180181.57
CZ01/RtL&0&cDXHP&Ex&dxHP_equip__pkgEER/NE-dxAC_equip-pkgEER-14.2-IEER-TE-0.81-VarFan/instance-out.sql,1714487.95,255320.50
CZ01/RtL&0&cDXHP&Ex&dxHP_equip__pkgEER/NE-dxAC_equip-pkgEER-13.2-IEER-TE-0.81-VarFan/instance-out.sql,1714685.85,255320.50
CZ01/RtL&0&cDXHP&Ex&dxHP_equip__pkgEER/NE-dxAC_equip-pkgEER-14.8-IEER-TE-0.81-VarFan/instance-out.sql,1714316.80,255320.50
CZ01/RtL&0&cDXHP&Ex&dxHP_equip__pkgEER/NE-dxAC_equip-pkgSEER-13.4-SEER2-VarFan/instance-out.sql,1714590.53,255320.50
CZ01/RtS&0&cDXHP&Ex&dxHP_equip__pkgEER/NE-dxAC_equip-pkgEER-14.2-IEER-TE-0.81/instance-out.sql,98122.67,33759.25
CZ01/RtS&0&cDXHP&Ex&dxHP_equip__pkgEER/NE-dxAC_equip-pkgEER-13.2-IEER-TE-0.81/instance-out.sql,98133.94,33759.25
CZ01/RtS&0&cDXHP&Ex&dxHP_equip__pkgEER/NE-dxAC_equip-pkgEER-14.8-IEER-TE-0.81/instance-out.sql,98112.93,33759.25
CZ01/RtS&0&cDXHP&Ex&dxHP_equip__pkgEER/NE-dxAC_equip-pkgSEER-13.4-SEER2/instance-out.sql,98128.52,33759.25
CZ01/RtS&0&cDXHP&Ex&dxHP_equip__pkgEER/NE-dxAC_equip-pkgEER-12.2-IEER-TE-0.80/instance-out.sql,98144.02,33972.57
CZ01/RtS&0&cDXHP&Ex&dxHP_equip__pkgEER/NE-dxAC_equip-pkgEER-11.4-IEER-TE-0.80/instance-out.sql,98163.25,33972.57
CZ01/RtS&0&cDXHP&Ex&dxHP_equip__pkgEER/NE-dxAC_equip-pkgEER-12.7-IEER-TE-0.80/instance-out.sql,98144.77,33972.57
CZ01/RtS&0&cDXHP&Ex&dxHP_equip__pkgEER/NE-dxAC_equip-pkgSEER-12.35-SEER2/instance-out.sql,98140.33,33972.57
CZ01/RtS&0&cDXHP&Ex&dxHP_equip__pkgEER/NE-dxHP_equip-pkgEER-14.5-IEER/instance-out.sql,102770.60,16693.78
CZ01/RtS&0&cDXHP&Ex&dxHP_equip__pkgEER/NE-dxHP_equip-pkgEER-15.5-IEER/instance-out.sql,102760.85,16693.78
CZ01/RtS&0&cDXHP&Ex&dxHP_equip__pkgEER/NE-dxHP_equip-pkgEER-13.5-IEER/instance-out.sql,102780.49,16693.78
CZ01/RtS&0&cDXHP&Ex&dxHP_equip__pkgEER/NE-dxHP_equip-pkgEER-14-IEER/instance-out.sql,102773.16,16693.78
CZ01/RtS&0&cDXHP&Ex&dxHP_equip__pkgEER/NE-dxHP_equip-pkgEER-15-IEER/instance-out.sql,102490.56,16693.78
CZ01/RtS&0&cDXHP&Ex&dxHP_equip__pkgEER/NE-dxHP_equip-pkgEER-16-IEER/instance-out.sql,102477.80,16693.78
CZ01/RtS&0&cDXHP&Ex&dxHP_equip__pkgEER/NE-dxHP_equip-pkgSEER-15.4-SEER2/instance-out.sql,102125.21,16693.78
CZ01/RtS&0&cDXHP&Ex&dxHP_equip__pkgEER/NE-dxHP_equip-pkgSEER-16.3-SEER2/instance-out.sql,102026.84,16693.78
CZ01/RtS&0&cDXHP&Ex&dxHP_equip__pkgEER/NE-dxHP_equip-pkgSEER-14.4-SEER2-1Stage/instance-out.sql,102206.54,16693.78
CZ01/RtS&0&cDXHP&Ex&dxHP_equip__pkgEER/NE-dxHP_equip-pkgSEER-14.4-SEER2-2Stage/instance-out.sql,88773.80,16693.79
CZ01/RtS&0&cDXHP&Ex&dxHP_equip__pkgEER/NE-dxHP_equip-spltSEER-14.4-SEER2-8.7-HSPF/instance-out.sql,102093.14,16693.78
CZ01/RtS&0&cDXHP&Ex&dxHP_equip__pkgEER/NE-dxHP_equip-spltSEER-15.4-SEER2-9-HSPF/instance-out.sql,102035.21,16693.78
CZ01/RtS&0&cDXHP&Ex&dxHP_equip__pkgEER/NE-dxHP_equip-spltSEER-16.3-SEER2-9.4-HSPF/instance-out.sql,101959.58,16693.78
CZ01/RtS&0&cDXHP&Ex&dxHP_equip__pkgEER/NE-dxHP_equip-spltSEER-17.3-SEER2-9.7-HSPF/instance-out.sql,101915.81,16693.78
CZ01/RtS&0&cDXHP&Ex&dxHP_equip__pkgEER/NE-dxAC_equip-pkgEER-14.2-IEER-TE-0.81-VarFan/instance-out.sql,98111.63,33763.99
CZ01/RtS&0&cDXHP&Ex&dxHP_equip__pkgEER/NE-dxAC_equip-pkgEER-13.2-IEER-TE-0.81-VarFan/instance-out.sql,98122.90,33763.99
CZ01/RtS&0&cDXHP&Ex&dxHP_equip__pkgEER/NE-dxAC_equip-pkgEER-14.8-IEER-TE-0.81-VarFan/instance-out.sql,98101.89,33763.99
CZ01/RtS&0&cDXHP&Ex&dxHP_equip__pkgEER/NE-dxAC_equip-pkgSEER-13.4-SEER2-VarFan/instance-out.sql,98117.47,33763.99
CZ01/SCn&0&cDXHP&Ex&dxHP_equip__pkgEER/NE-dxAC_equip-pkgEER-14.2-IEER-TE-0.81/instance-out.sql,2685630.61,1454194.33
CZ01/SCn&0&cDXHP&Ex&dxHP_equip__pkgEER/NE-dxAC_equip-pkgEER-13.2-IEER-TE-0.81/instance-out.sql,2685741.88,1454194.33
CZ01/SCn&0&cDXHP&Ex&dxHP_equip__pkgEER/NE-dxAC_equip-pkgEER-14.8-IEER-TE-0.81/instance-out.sql,2685534.38,1454194.33
CZ01/SCn&0&cDXHP&Ex&dxHP_equip__pkgEER/NE-dxAC_equip-pkgSEER-13.4-SEER2/instance-out.sql,2685688.28,1454194.33
CZ01/SCn&0&cDXHP&Ex&dxHP_equip__pkgEER/NE-dxAC_equip-pkgEER-12.2-IEER-TE-0.80/instance-out.sql,2685841.40,1471204.90
CZ01/SCn&0&cDXHP&Ex&dxHP_equip__pkgEER/NE-dxAC_equip-pkgEER-11.4-IEER-TE-0.80/instance-out.sql,2686031.30,1471204.90
CZ01/SCn&0&cDXHP&Ex&dxHP_equip__pkgEER/NE-dxAC_equip-pkgEER-12.7-IEER-TE-0.80/instance-out.sql,2685848.80,1471204.90
CZ01/SCn&0&cDXHP&Ex&dxHP_equip__pkgEER/NE-dxAC_equip-pkgSEER-12.35-SEER2/instance-out.sql,2685804.98,1471204.90
CZ01/SCn&0&cDXHP&Ex&dxHP_equip__pkgEER/NE-dxHP_equip-pkgEER-14.5-IEER/instance-out.sql,3053109.45,93348.36
CZ01/SCn&0&cDXHP&Ex&dxHP_equip__pkgEER/NE-dxHP_equip-pkgEER-15.5-IEER/instance-out.sql,3053012.98,93348.36
CZ01/SCn&0&cDXHP&Ex&dxHP_equip__pkgEER/NE-dxHP_equip-pkgEER-13.5-IEER/instance-out.sql,3053207.27,93348.36
CZ01/SCn&0&cDXHP&Ex&dxHP_equip__pkgEER/NE-dxHP_equip-pkgEER-14-IEER/instance-out.sql,3053134.80,93348.36
CZ01/SCn&0&cDXHP&Ex&dxHP_equip__pkgEER/NE-dxHP_equip-pkgEER-15-IEER/instance-out.sql,3031647.42,93348.36
CZ01/SCn&0&cDXHP&Ex&dxHP_equip__pkgEER/NE-dxHP_equip-pkgEER-16-IEER/instance-out.sql,3031521.21,93348.36
CZ01/SCn&0&cDXHP&Ex&dxHP_equip__pkgEER/NE-dxHP_equip-pkgSEER-15.4-SEER2/instance-out.sql,3003391.78,93348.36
CZ01/SCn&0&cDXHP&Ex&dxHP_equip__pkgEER/NE-dxHP_equip-pkgSEER-16.3-SEER2/instance-out.sql,2996195.13,93348.36
CZ01/SCn&0&cDXHP&Ex&dxHP_equip__pkgEER/NE-dxHP_equip-pkgSEER-14.4-SEER2-1Stage/instance-out.sql,3009237.58,93348.36
CZ01/SCn&0&cDXHP&Ex&dxHP_equip__pkgEER/NE-dxHP_equip-pkgSEER-14.4-SEER2-2Stage/instance-out.sql,2423164.13,93348.37
CZ01/SCn&0&cDXHP&Ex&dxHP_equip__pkgEER/NE-dxHP_equip-spltSEER-14.4-SEER2-8.7-HSPF/instance-out.sql,3000273.70,93348.36
CZ01/SCn&0&cDXHP&Ex&dxHP_equip__pkgEER/NE-dxHP_equip-spltSEER-15.4-SEER2-9-HSPF/instance-out.sql,2996277.92,93348.36
CZ01/SCn&0&cDXHP&Ex&dxHP_equip__pkgEER/NE-dxHP_equip-spltSEER-16.3-SEER2-9.4-HSPF/instance-out.sql,2990878.58,93348.36
CZ01/SCn&0&cDXHP&Ex&dxHP_equip__pkgEER/NE-dxHP_equip-spltSEER-17.3-SEER2-9.7-HSPF/instance-out.sql,2987858.48,93348.36
CZ02/Asm&0&cDXHP&Ex&dxHP_equip__pkgEER/NE-dxAC_equip-pkgEER-14.2-IEER-TE-0.81/instance-out.sql,595157.31,236262.28
CZ02/Asm&0&cDXHP&Ex&dxHP_equip__pkgEER/NE-dxAC_equip-pkgEER-13.2-IEER-TE-0.81/instance-out.sql,598489.18,236262.28
CZ02/Asm&0&cDXHP&Ex&dxHP_equip__pkgEER/NE-dxAC_equip-pkgEER-14.8-IEER-TE-0.81/instance-out.sql,592275.70,236262.28
CZ02/Asm&0&cDXHP&Ex&dxHP_equip__pkgEER/NE-dxAC_equip-pkgSEER-13.4-SEER2/instance-out.sql,596884.30,236262.28
CZ02/Asm&0&cDXHP&Ex&dxHP_equip__pkgEER/NE-dxAC_equip-pkgEER-12.2-IEER-TE-0.80/instance-out.sql,601469.35,238930.41
CZ02/Asm&0&cDXHP&Ex&dxHP_equip__pkgEER/NE-dxAC_equip-pkgEER-11.4-IEER-TE-0.80/instance-out.sql,607156.00,238930.41
CZ02/Asm&0&cDXHP&Ex&dxHP_equip__pkgEER/NE-dxAC_equip-pkgEER-12.7-IEER-TE-0.80/instance-out.sql,601691.12,238930.41
CZ02/Asm&0&cDXHP&Ex&dxHP_equip__pkgEER/NE-dxAC_equip-pkgSEER-12.35-SEER2/instance-out.sql,600378.76,238930.41
CZ02/Asm&0&cDXHP&Ex&dxHP_equip__pkgEER/NE-dxHP_equip-pkgEER-14.5-IEER/instance-out.sql,653109.22,22811.11
CZ02/Asm&0&cDXHP&Ex&dxHP_equip__pkgEER/NE-dxHP_equip-pkgEER-15.5-IEER/instance-out.sql,650264.73,22811.11
CZ02/Asm&0&cDXHP&Ex&dxHP_equip__pkgEER/NE-dxHP_equip-pkgEER-13.5-IEER/instance-out.sql,655993.48,22811.11
CZ02/Asm&0&cDXHP&Ex&dxHP_equip__pkgEER/NE-dxHP_equip-pkgEER-14-IEER/instance-out.sql,653856.72,22811.11
CZ02/Asm&0&cDXHP&Ex&dxHP_equip__pkgEER/NE-dxHP_equip-pkgEER-15-IEER/instance-out.sql,646938.90,22811.11
CZ02/Asm&0&cDXHP&Ex&dxHP_equip__pkgEER/NE-dxHP_equip-pkgEER-16-IEER/instance-out.sql,643217.39,22811.11
CZ02/Asm&0&cDXHP&Ex&dxHP_equip__pkgEER/NE-dxHP_equip-pkgSEER-15.4-SEER2/instance-out.sql,639923.11,22811.11
CZ02/Asm&0&cDXHP&Ex&dxHP_equip__pkgEER/NE-dxHP_equip-pkgSEER-16.3-SEER2/instance-out.sql,636374.50,22811.11
CZ02/Asm&0&cDXHP&Ex&dxHP_equip__pkgEER/NE-dxHP_equip-pkgSEER-14.4-SEER2-1Stage/instance-out.sql,643280.97,22811.11
CZ02/Asm&0&cDXHP&Ex&dxHP_equip__pkgEER/NE-dxHP_equip-pkgSEER-14.4-SEER2-2Stage/instance-out.sql,543660.81,22811.18
CZ02/Asm&0&cDXHP&Ex&dxHP_equip__pkgEER/NE-dxHP_equip-spltSEER-14.4-SEER2-8.7-HSPF/instance-out.sql,641885.63,22811.11
CZ02/Asm&0&cDXHP&Ex&dxHP_equip__pkgEER/NE-dxHP_equip-spltSEER-15.4-SEER2-9-HSPF/instance-out.sql,638815.75,22811.11
CZ02/Asm&0&cDXHP&Ex&dxHP_equip__pkgEER/NE-dxHP_equip-spltSEER-16.3-SEER2-9.4-HSPF/instance-out.sql,635546.91,22811.11
CZ02/Asm&0&cDXHP&Ex&dxHP_equip__pkgEER/NE-dxHP_equip-spltSEER-17.3-SEER2-9.7-HSPF/instance-out.sql,633229.23,22811.11
CZ02/ECC&0&cDXHP&Ex&dxHP_equip__pkgEER/NE-dxAC_equip-pkgEER-14.2-IEER-TE-0.81/instance-out.sql,2068040.72,614108.81
CZ02/ECC&0&cDXHP&Ex&dxHP_equip__pkgEER/NE-dxAC_equip-pkgEER-13.2-IEER-TE-0.81/instance-out.sql,2074538.78,614108.81
CZ02/ECC&0&cDXHP&Ex&dxHP_equip__pkgEER/NE-dxAC_equip-pkgEER-14.8-IEER-TE-0.81/instance-out.sql,2062420.77,614108.81
CZ02/ECC&0&cDXHP&Ex&dxHP_equip__pkgEER/NE-dxAC_equip-pkgSEER-13.4-SEER2/instance-out.sql,2071408.82,614108.81
CZ02/ECC&0&cDXHP&Ex&dxHP_equip__pkgEER/NE-dxAC_equip-pkgEER-12.2-IEER-TE-0.80/instance-out.sql,2080350.94,615251.82
CZ02/ECC&0&cDXHP&Ex&dxHP_equip__pkgEER/NE-dxAC_equip-pkgEER-11.4-IEER-TE-0.80/instance-out.sql,2091441.48,615251.82
CZ02/ECC&0&cDXHP&Ex&dxHP_equip__pkgEER/NE-dxAC_equip-pkgEER-12.7-IEER-TE-0.80/instance-out.sql,2080783.44,615251.82
CZ02/ECC&0&cDXHP&Ex&dxHP_equip__pkgEER/NE-dxAC_equip-pkgSEER-12.35-SEER2/instance-out.sql,2078223.98,615251.82
CZ02/ECC&0&cDXHP&Ex&dxHP_equip__pkgEER/NE-dxHP_equip-pkgEER-14.5-IEER/instance-out.sql,2095817.90,522644.67
CZ02/ECC&0&cDXHP&Ex&dxHP_equip__pkgEER/NE-dxHP_equip-pkgEER-15.5-IEER/instance-out.sql,2090245.95,522644.67
CZ02/ECC&0&cDXHP&Ex&dxHP_equip__pkgEER/NE-dxHP_equip-pkgEER-13.5-IEER/instance-out.sql,2101467.75,522644.67
CZ02/ECC&0&cDXHP&Ex&dxHP_equip__pkgEER/NE-dxHP_equip-pkgEER-14-IEER/instance-out.sql,2097282.14,522644.67
CZ02/ECC&0&cDXHP&Ex&dxHP_equip__pkgEER/NE-dxHP_equip-pkgEER-15-IEER/instance-out.sql,2088720.67,522644.67
CZ02/ECC&0&cDXHP&Ex&dxHP_equip__pkgEER/NE-dxHP_equip-pkgEER-16-IEER/instance-out.sql,2081430.75,522644.67
CZ02/ECC&0&cDXHP&Ex&dxHP_equip__pkgEER/NE-dxHP_equip-pkgSEER-15.4-SEER2/instance-out.sql,2081555.49,522644.67
CZ02/ECC&0&cDXHP&Ex&dxHP_equip__pkgEER/NE-dxHP_equip-pkgSEER-16.3-SEER2/instance-out.sql,2076265.58,522644.67
CZ02/ECC&0&cDXHP&Ex&dxHP_equip__pkgEER/NE-dxHP_equip-pkgSEER-14.4-SEER2-1Stage/instance-out.sql,2086787.37,522644.67
CZ02/ECC&0&cDXHP&Ex&dxHP_equip__pkgEER/NE-dxHP_equip-pkgSEER-14.4-SEER2-2Stage/instance-out.sql,1908394.18,522601.43
CZ02/ECC&0&cDXHP&Ex&dxHP_equip__pkgEER/NE-dxHP_equip-spltSEER-14.4-SEER2-8.7-HSPF/instance-out.sql,2086147.44,522644.67
CZ02/ECC&0&cDXHP&Ex&dxHP_equip__pkgEER/NE-dxHP_equip-spltSEER-15.4-SEER2-9-HSPF/instance-out.sql,2081047.64,522644.67
CZ02/ECC&0&cDXHP&Ex&dxHP_equip__pkgEER/NE-dxHP_equip-spltSEER-16.3-SEER2-9.4-HSPF/instance-out.sql,2075886.04,522644.67
CZ02/ECC&0&cDXHP&Ex&dxHP_equip__pkgEER/NE-dxHP_equip-spltSEER-17.3-SEER2-9.7-HSPF/instance-out.sql,2072036.61,522644.67
CZ02/ECC&0&cDXHP&Ex&dxHP_equip__pkgEER/NE-dxAC_equip-pkgEER-14.2-IEER-TE-0.81-VarFan/instance-out.sql,2067839.23,614125.51
CZ02/ECC&0&cDXHP&Ex&dxHP_equip__pkgEER/NE-dxAC_equip-pkgEER-13.2-IEER-TE-0.81-VarFan/instance-out.sql,2074336.56,614125.51
CZ02/ECC&0&cDXHP&Ex&dxHP_equip__pkgEER/NE-dxAC_equip-pkgEER-14.8-IEER-TE-0.81-VarFan/instance-out.sql,2062219.92,614125.51
CZ02/ECC&0&cDXHP&Ex&dxHP_equip__pkgEER/NE-dxAC_equip-pkgSEER-13.4-SEER2-VarFan/instance-out.sql,2071206.96,614125.51
CZ02/EPr&0&cDXHP&Ex&dxHP_equip__pkgEER/NE-dxAC_equip-pkgEER-14.2-IEER-TE-0.81/instance-out.sql,264218.68,158892.98
CZ02/EPr&0&cDXHP&Ex&dxHP_equip__pkgEER/NE-dxAC_equip-pkgEER-13.2-IEER-TE-0.81/instance-out.sql,265254.84,158892.98
CZ02/EPr&0&cDXHP&Ex&dxHP_equip__pkgEER/NE-dxAC_equip-pkgEER-14.8-IEER-TE-0.81/instance-out.sql,263322.54,158892.98
CZ02/EPr&0&cDXHP&Ex&dxHP_equip__pkgEER/NE-dxAC_equip-pkgSEER-13.4-SEER2/instance-out.sql,264755.75,158892.98
CZ02/EPr&0&cDXHP&Ex&dxHP_equip__pkgEER/NE-dxAC_equip-pkgEER-12.2-IEER-TE-0.80/instance-out.sql,266181.63,159263.88
CZ02/EPr&0&cDXHP&Ex&dxHP_equip__pkgEER/NE-dxAC_equip-pkgEER-11.4-IEER-TE-0.80/instance-out.sql,267950.09,159263.88
CZ02/EPr&0&cDXHP&Ex&dxHP_equip__pkgEER/NE-dxAC_equip-pkgEER-12.7-IEER-TE-0.80/instance-out.sql,266250.59,159263.88
CZ02/EPr&0&cDXHP&Ex&dxHP_equip__pkgEER/NE-dxAC_equip-pkgSEER-12.35-SEER2/instance-out.sql,265842.47,159263.88
CZ02/EPr&0&cDXHP&Ex&dxHP_equip__pkgEER/NE-dxHP_equip-pkgEER-14.5-IEER/instance-out.sql,272769.33,129221.25
CZ02/EPr&0&cDXHP&Ex&dxHP_equip__pkgEER/NE-dxHP_equip-pkgEER-15.5-IEER/instance-out.sql,271883.64,129221.25
CZ02/EPr&0&cDXHP&Ex&dxHP_equip__pkgEER/NE-dxHP_equip-pkgEER-13.5-IEER/instance-out.sql,273667.40,129221.25
CZ02/EPr&0&cDXHP&Ex&dxHP_equip__pkgEER/NE-dxHP_equip-pkgEER-14-IEER/instance-out.sql,273002.07,129221.25
CZ02/EPr&0&cDXHP&Ex&dxHP_equip__pkgEER/NE-dxHP_equip-pkgEER-15-IEER/instance-out.sql,271401.81,129221.25
CZ02/EPr&0&cDXHP&Ex&dxHP_equip__pkgEER/NE-dxHP_equip-pkgEER-16-IEER/instance-out.sql,270243.04,129221.25
CZ02/EPr&0&cDXHP&Ex&dxHP_equip__pkgEER/NE-dxHP_equip-pkgSEER-15.4-SEER2/instance-out.sql,269947.29,129221.25
CZ02/EPr&0&cDXHP&Ex&dxHP_equip__pkgEER/NE-dxHP_equip-pkgSEER-16.3-SEER2/instance-out.sql,269026.73,129221.25
CZ02/EPr&0&cDXHP&Ex&dxHP_equip__pkgEER/NE-dxHP_equip-pkgSEER-14.4-SEER2-1Stage/instance-out.sql,270843.49,129221.25
CZ02/EPr&0&cDXHP&Ex&dxHP_equip__pkgEER/NE-dxHP_equip-pkgSEER-14.4-SEER2-2Stage/instance-out.sql,243959.31,129221.31
CZ02/EPr&0&cDXHP&Ex&dxHP_equip__pkgEER/NE-dxHP_equip-spltSEER-14.4-SEER2-8.7-HSPF/instance-out.sql,270641.33,129221.25
CZ02/EPr&0&cDXHP&Ex&dxHP_equip__pkgEER/NE-dxHP_equip-spltSEER-15.4-SEER2-9-HSPF/instance-out.sql,269786.86,129221.25
CZ02/EPr&0&cDXHP&Ex&dxHP_equip__pkgEER/NE-dxHP_equip-spltSEER-16.3-SEER2-9.4-HSPF/instance-out.sql,268906.84,129221.25
CZ02/EPr&0&cDXHP&Ex&dxHP_equip__pkgEER/NE-dxHP_equip-spltSEER-17.3-SEER2-9.7-HSPF/instance-out.sql,268261.82,129221.25
CZ02/EPr&0&cDXHP&Ex&dxHP_equip__pkgEER/NE-dxAC_equip-pkgEER-14.2-IEER-TE-0.81-VarFan/instance-out.sql,264179.86,158901.04
CZ02/EPr&0&cDXHP&Ex&dxHP_equip__pkgEER/NE-dxAC_equip-pkgEER-13.2-IEER-TE-0.81-VarFan/instance-out.sql,265215.91,158901.04
CZ02/EPr&0&cDXHP&Ex&dxHP_equip__pkgEER/NE-dxAC_equip-pkgEER-14.8-IEER-TE-0.81-VarFan/instance-out.sql,263283.82,158901.04
CZ02/EPr&0&cDXHP&Ex&dxHP_equip__pkgEER/NE-dxAC_equip-pkgSEER-13.4-SEER2-VarFan/instance-out.sql,264716.87,158901.04
CZ02/ERC&0&cDXHP&Ex&dxHP_equip__pkgEER/NE-dxAC_equip-pkgEER-14.2-IEER-TE-0.81/instance-out.sql,9265.99,11307.90
CZ02/ERC&0&cDXHP&Ex&dxHP_equip__pkgEER/NE-dxAC_equip-pkgEER-13.2-IEER-TE-0.81/instance-out.sql,9308.63,11307.90
CZ02/ERC&0&cDXHP&Ex&dxHP_equip__pkgEER/NE-dxAC_equip-pkgEER-14.8-IEER-TE-0.81/instance-out.sql,9229.11,11307.90
CZ02/ERC&0&cDXHP&Ex&dxHP_equip__pkgEER/NE-dxAC_equip-pkgSEER-13.4-SEER2/instance-out.sql,9288.09,11307.90
CZ02/ERC&0&cDXHP&Ex&dxHP_equip__pkgEER/NE-dxAC_equip-pkgEER-12.2-IEER-TE-0.80/instance-out.sql,9346.77,11332.77
CZ02/ERC&0&cDXHP&Ex&dxHP_equip__pkgEER/NE-dxAC_equip-pkgEER-11.4-IEER-TE-0.80/instance-out.sql,9419.55,11332.77
CZ02/ERC&0&cDXHP&Ex&dxHP_equip__pkgEER/NE-dxAC_equip-pkgEER-12.7-IEER-TE-0.80/instance-out.sql,9349.61,11332.77
CZ02/ERC&0&cDXHP&Ex&dxHP_equip__pkgEER/NE-dxAC_equip-pkgSEER-12.35-SEER2/instance-out.sql,9332.81,11332.77
CZ02/ERC&0&cDXHP&Ex&dxHP_equip__pkgEER/NE-dxHP_equip-pkgEER-14.5-IEER/instance-out.sql,9843.68,9318.47
CZ02/ERC&0&cDXHP&Ex&dxHP_equip__pkgEER/NE-dxHP_equip-pkgEER-15.5-IEER/instance-out.sql,9806.94,9318.47
CZ02/ERC&0&cDXHP&Ex&dxHP_equip__pkgEER/NE-dxHP_equip-pkgEER-13.5-IEER/instance-out.sql,9880.93,9318.47
CZ02/ERC&0&cDXHP&Ex&dxHP_equip__pkgEER/NE-dxHP_equip-pkgEER-14-IEER/instance-out.sql,9853.33,9318.47
CZ02/ERC&0&cDXHP&Ex&dxHP_equip__pkgEER/NE-dxHP_equip-pkgEER-15-IEER/instance-out.sql,9774.72,9318.47
CZ02/ERC&0&cDXHP&Ex&dxHP_equip__pkgEER/NE-dxHP_equip-pkgEER-16-IEER/instance-out.sql,9726.66,9318.47
CZ02/ERC&0&cDXHP&Ex&dxHP_equip__pkgEER/NE-dxHP_equip-pkgSEER-15.4-SEER2/instance-out.sql,9698.27,9318.47
CZ02/ERC&0&cDXHP&Ex&dxHP_equip__pkgEER/NE-dxHP_equip-pkgSEER-16.3-SEER2/instance-out.sql,9656.01,9318.47
CZ02/ERC&0&cDXHP&Ex&dxHP_equip__pkgEER/NE-dxHP_equip-pkgSEER-14.4-SEER2-1Stage/instance-out.sql,9738.74,9318.47
CZ02/ERC&0&cDXHP&Ex&dxHP_equip__pkgEER/NE-dxHP_equip-pkgSEER-14.4-SEER2-2Stage/instance-out.sql,8218.62,9318.48
CZ02/ERC&0&cDXHP&Ex&dxHP_equip__pkgEER/NE-dxHP_equip-spltSEER-14.4-SEER2-8.7-HSPF/instance-out.sql,9725.22,9318.47
CZ02/ERC&0&cDXHP&Ex&dxHP_equip__pkgEER/NE-dxHP_equip-spltSEER-15.4-SEER2-9-HSPF/instance-out.sql,9687.54,9318.47
CZ02/ERC&0&cDXHP&Ex&dxHP_equip__pkgEER/NE-dxHP_equip-spltSEER-16.3-SEER2-9.4-HSPF/instance-out.sql,9648.00,9318.47
CZ02/ERC&0&cDXHP&Ex&dxHP_equip__pkgEER/NE-dxHP_equip-spltSEER-17.3-SEER2-9.7-HSPF/instance-out.sql,9619.55,9318.47
CZ02/ERC&0&cDXHP&Ex&dxHP_equip__pkgEER/NE-dxAC_equip-pkgEER-14.2-IEER-TE-0.81-VarFan/instance-out.sql,9264.40,11308.42
CZ02/ERC&0&cDXHP&Ex&dxHP_equip__pkgEER/NE-dxAC_equip-pkgEER-13.2-IEER-TE-0.81-VarFan/instance-out.sql,9307.04,11308.42
CZ02/ERC&0&cDXHP&Ex&dxHP_equip__pkgEER/NE-dxAC_equip-pkgEER-14.8-IEER-TE-0.81-VarFan/instance-out.sql,9227.53,11308.42
CZ02/ERC&0&cDXHP&Ex&dxHP_equip__pkgEER/NE-dxAC_equip-pkgSEER-13.4-SEER2-VarFan/instance-out.sql,9286.50,11308.42
CZ02/ESe&0&cDXHP&Ex&dxHP_equip__pkgEER/NE-dxAC_equip-pkgEER-14.2-IEER-TE-0.81/instance-out.sql,793735.93,453732.07
CZ02/ESe&0&cDXHP&Ex&dxHP_equip__pkgEER/NE-dxAC_equip-pkgEER-13.2-IEER-TE-0.81/instance-out.sql,794974.98,453732.07
CZ02/ESe&0&cDXHP&Ex&dxHP_equip__pkgEER/NE-dxAC_equip-pkgEER-14.8-IEER-TE-0.81/instance-out.sql,792664.33,453732.07
CZ02/ESe&0&cDXHP&Ex&dxHP_equip__pkgEER/NE-dxAC_equip-pkgSEER-13.4-SEER2/instance-out.sql,794378.16,453732.07
CZ02/ESe&0&cDXHP&Ex&dxHP_equip__pkgEER/NE-dxAC_equip-pkgEER-12.2-IEER-TE-0.80/instance-out.sql,796083.24,453959.81
CZ02/ESe&0&cDXHP&Ex&dxHP_equip__pkgEER/NE-dxAC_equip-pkgEER-11.4-IEER-TE-0.80/instance-out.sql,798197.97,453959.81
CZ02/ESe&0&cDXHP&Ex&dxHP_equip__pkgEER/NE-dxAC_equip-pkgEER-12.7-IEER-TE-0.80/instance-out.sql,796165.70,453959.81
CZ02/ESe&0&cDXHP&Ex&dxHP_equip__pkgEER/NE-dxAC_equip-pkgSEER-12.35-SEER2/instance-out.sql,795677.67,453959.81
CZ02/ESe&0&cDXHP&Ex&dxHP_equip__pkgEER/NE-dxHP_equip-pkgEER-14.5-IEER/instance-out.sql,799291.50,435510.53
CZ02/ESe&0&cDXHP&Ex&dxHP_equip__pkgEER/NE-dxHP_equip-pkgEER-15.5-IEER/instance-out.sql,798228.56,435510.53
CZ02/ESe&0&cDXHP&Ex&dxHP_equip__pkgEER/NE-dxHP_equip-pkgEER-13.5-IEER/instance-out.sql,800369.30,435510.53
CZ02/ESe&0&cDXHP&Ex&dxHP_equip__pkgEER/NE-dxHP_equip-pkgEER-14-IEER/instance-out.sql,799570.83,435510.53
CZ02/ESe&0&cDXHP&Ex&dxHP_equip__pkgEER/NE-dxHP_equip-pkgEER-15-IEER/instance-out.sql,797923.38,435510.53
CZ02/ESe&0&cDXHP&Ex&dxHP_equip__pkgEER/NE-dxHP_equip-pkgEER-16-IEER/instance-out.sql,796532.71,435510.53
CZ02/ESe&0&cDXHP&Ex&dxHP_equip__pkgEER/NE-dxHP_equip-pkgSEER-15.4-SEER2/instance-out.sql,796537.77,435510.53
CZ02/ESe&0&cDXHP&Ex&dxHP_equip__pkgEER/NE-dxHP_equip-pkgSEER-16.3-SEER2/instance-out.sql,795523.90,435510.53
CZ02/ESe&0&cDXHP&Ex&dxHP_equip__pkgEER/NE-dxHP_equip-pkgSEER-14.4-SEER2-1Stage/instance-out.sql,797539.67,435510.53
CZ02/ESe&0&cDXHP&Ex&dxHP_equip__pkgEER/NE-dxHP_equip-pkgSEER-14.4-SEER2-2Stage/instance-out.sql,766419.11,435797.65
CZ02/ESe&0&cDXHP&Ex&dxHP_equip__pkgEER/NE-dxHP_equip-spltSEER-14.4-SEER2-8.7-HSPF/instance-out.sql,797411.63,435510.53
CZ02/ESe&0&cDXHP&Ex&dxHP_equip__pkgEER/NE-dxHP_equip-spltSEER-15.4-SEER2-9-HSPF/instance-out.sql,796436.16,435510.53
CZ02/ESe&0&cDXHP&Ex&dxHP_equip__pkgEER/NE-dxHP_equip-spltSEER-16.3-SEER2-9.4-HSPF/instance-out.sql,795447.96,435510.53
CZ02/ESe&0&cDXHP&Ex&dxHP_equip__pkgEER/NE-dxHP_equip-spltSEER-17.3-SEER2-9.7-HSPF/instance-out.sql,794711.66,435510.53
CZ02/ESe&0&cDXHP&Ex&dxHP_equip__pkgEER/NE-dxAC_equip-pkgEER-14.2-IEER-TE-0.81-VarFan/instance-out.sql,793700.26,453737.73
CZ02/ESe&0&cDXHP&Ex&dxHP_equip__pkgEER/NE-dxAC_equip-pkgEER-13.2-IEER-TE-0.81-VarFan/instance-out.sql,794939.17,453737.73
CZ02/ESe&0&cDXHP&Ex&dxHP_equip__pkgEER/NE-dxAC_equip-pkgEER-14.8-IEER-TE-0.81-VarFan/instance-out.sql,792628.76,453737.73
CZ02/ESe&0&cDXHP&Ex&dxHP_equip__pkgEER/NE-dxAC_equip-pkgSEER-13.4-SEER2-VarFan/instance-out.sql,794342.42,453737.73
CZ02/EUn&0&cDXHP&Ex&dxHP_equip__pkgEER/NE-dxAC_equip-pkgEER-14.2-IEER-TE-0.81/instance-out.sql,7390715.10,1139259.60
CZ02/EUn&0&cDXHP&Ex&dxHP_equip__pkgEER/NE-dxAC_equip-pkgEER-13.2-IEER-TE-0.81/instance-out.sql,7410715.86,1139259.60
CZ02/EUn&0&cDXHP&Ex&dxHP_equip__pkgEER/NE-dxAC_equip-pkgEER-14.8-IEER-TE-0.81/instance-out.sql,7373417.14,1139259.60
CZ02/EUn&0&cDXHP&Ex&dxHP_equip__pkgEER/NE-dxAC_equip-pkgSEER-13.4-SEER2/instance-out.sql,7401081.99,1139259.60
CZ02/EUn&0&cDXHP&Ex&dxHP_equip__pkgEER/NE-dxAC_equip-pkgEER-12.2-IEER-TE-0.80/instance-out.sql,7428605.44,1142105.90
CZ02/EUn&0&cDXHP&Ex&dxHP_equip__pkgEER/NE-dxAC_equip-pkgEER-11.4-IEER-TE-0.80/instance-out.sql,7462741.67,1142105.90
CZ02/EUn&0&cDXHP&Ex&dxHP_equip__pkgEER/NE-dxAC_equip-pkgEER-12.7-IEER-TE-0.80/instance-out.sql,7429936.66,1142105.90
CZ02/EUn&0&cDXHP&Ex&dxHP_equip__pkgEER/NE-dxAC_equip-pkgSEER-12.35-SEER2/instance-out.sql,7422058.76,1142105.90
CZ02/EUn&0&cDXHP&Ex&dxHP_equip__pkgEER/NE-dxHP_equip-pkgEER-14.5-IEER/instance-out.sql,7463822.24,911556.89
CZ02/EUn&0&cDXHP&Ex&dxHP_equip__pkgEER/NE-dxHP_equip-pkgEER-15.5-IEER/instance-out.sql,7446621.21,911556.89
CZ02/EUn&0&cDXHP&Ex&dxHP_equip__pkgEER/NE-dxHP_equip-pkgEER-13.5-IEER/instance-out.sql,7481263.73,911556.89
CZ02/EUn&0&cDXHP&Ex&dxHP_equip__pkgEER/NE-dxHP_equip-pkgEER-14-IEER/instance-out.sql,7468342.45,911556.89
CZ02/EUn&0&cDXHP&Ex&dxHP_equip__pkgEER/NE-dxHP_equip-pkgEER-15-IEER/instance-out.sql,7442735.54,911556.89
CZ02/EUn&0&cDXHP&Ex&dxHP_equip__pkgEER/NE-dxHP_equip-pkgEER-16-IEER/instance-out.sql,7420231.03,911556.89
CZ02/EUn&0&cDXHP&Ex&dxHP_equip__pkgEER/NE-dxHP_equip-pkgSEER-15.4-SEER2/instance-out.sql,7421701.06,911556.89
CZ02/EUn&0&cDXHP&Ex&dxHP_equip__pkgEER/NE-dxHP_equip-pkgSEER-16.3-SEER2/instance-out.sql,7405644.73,911556.89
CZ02/EUn&0&cDXHP&Ex&dxHP_equip__pkgEER/NE-dxHP_equip-pkgSEER-14.4-SEER2-1Stage/instance-out.sql,7437630.28,911556.89
CZ02/EUn&0&cDXHP&Ex&dxHP_equip__pkgEER/NE-dxHP_equip-pkgSEER-14.4-SEER2-2Stage/instance-out.sql,6873874.44,912025.88
CZ02/EUn&0&cDXHP&Ex&dxHP_equip__pkgEER/NE-dxHP_equip-spltSEER-14.4-SEER2-8.7-HSPF/instance-out.sql,7436000.05,911556.89
CZ02/EUn&0&cDXHP&Ex&dxHP_equip__pkgEER/NE-dxHP_equip-spltSEER-15.4-SEER2-9-HSPF/instance-out.sql,7420407.29,911556.89
CZ02/EUn&0&cDXHP&Ex&dxHP_equip__pkgEER/NE-dxHP_equip-spltSEER-16.3-SEER2-9.4-HSPF/instance-out.sql,7404677.83,911556.89
CZ02/EUn&0&cDXHP&Ex&dxHP_equip__pkgEER/NE-dxHP_equip-spltSEER-17.3-SEER2-9.7-HSPF/instance-out.sql,7392908.27,911556.89
CZ02/EUn&0&cDXHP&Ex&dxHP_equip__pkgEER/NE-dxAC_equip-pkgEER-14.2-IEER-TE-0.81-VarFan/instance-out.sql,7390049.74,1139336.06
CZ02/EUn&0&cDXHP&Ex&dxHP_equip__pkgEER/NE-dxAC_equip-pkgEER-13.2-IEER-TE-0.81-VarFan/instance-out.sql,7410048.32,1139336.06
CZ02/EUn&0&cDXHP&Ex&dxHP_equip__pkgEER/NE-dxAC_equip-pkgEER-14.8-IEER-TE-0.81-VarFan/instance-out.sql,7372753.67,1139336.06
CZ02/EUn&0&cDXHP&Ex&dxHP_equip__pkgEER/NE-dxAC_equip-pkgSEER-13.4-SEER2-VarFan/instance-out.sql,7400415.50,1139336.06
CZ02/Gro&0&cDXHP&Ex&dxHP_equip__pkgEER/NE-dxAC_equip-pkgEER-14.2-IEER-TE-0.81/instance-out.sql,1564135.06,226248.87
CZ02/Gro&0&cDXHP&Ex&dxHP_equip__pkgEER/NE-dxAC_equip-pkgEER-13.2-IEER-TE-0.81/instance-out.sql,1565549.04,226248.87
CZ02/Gro&0&cDXHP&Ex&dxHP_equip__pkgEER/NE-dxAC_equip-pkgEER-14.8-IEER-TE-0.81/instance-out.sql,1562912.16,226248.87
CZ02/Gro&0&cDXHP&Ex&dxHP_equip__pkgEER/NE-dxAC_equip-pkgSEER-13.4-SEER2/instance-out.sql,1564867.96,226248.87
CZ02/Gro&0&cDXHP&Ex&dxHP_equip__pkgEER/NE-dxAC_equip-pkgEER-12.2-IEER-TE-0.80/instance-out.sql,1566813.76,228309.08
CZ02/Gro&0&cDXHP&Ex&dxHP_equip__pkgEER/NE-dxAC_equip-pkgEER-11.4-IEER-TE-0.80/instance-out.sql,1569227.06,228309.08
CZ02/Gro&0&cDXHP&Ex&dxHP_equip__pkgEER/NE-dxAC_equip-pkgEER-12.7-IEER-TE-0.80/instance-out.sql,1566907.87,228309.08
CZ02/Gro&0&cDXHP&Ex&dxHP_equip__pkgEER/NE-dxAC_equip-pkgSEER-12.35-SEER2/instance-out.sql,1566350.93,228309.08
CZ02/Gro&0&cDXHP&Ex&dxHP_equip__pkgEER/NE-dxHP_equip-pkgEER-14.5-IEER/instance-out.sql,1609114.15,61432.08
CZ02/Gro&0&cDXHP&Ex&dxHP_equip__pkgEER/NE-dxHP_equip-pkgEER-15.5-IEER/instance-out.sql,1607880.86,61432.08
CZ02/Gro&0&cDXHP&Ex&dxHP_equip__pkgEER/NE-dxHP_equip-pkgEER-13.5-IEER/instance-out.sql,1610364.68,61432.08
CZ02/Gro&0&cDXHP&Ex&dxHP_equip__pkgEER/NE-dxHP_equip-pkgEER-14-IEER/instance-out.sql,1609438.24,61432.08
CZ02/Gro&0&cDXHP&Ex&dxHP_equip__pkgEER/NE-dxHP_equip-pkgEER-15-IEER/instance-out.sql,1605344.41,61432.08
CZ02/Gro&0&cDXHP&Ex&dxHP_equip__pkgEER/NE-dxHP_equip-pkgEER-16-IEER/instance-out.sql,1603730.87,61432.08
CZ02/Gro&0&cDXHP&Ex&dxHP_equip__pkgEER/NE-dxHP_equip-pkgSEER-15.4-SEER2/instance-out.sql,1600859.73,61432.08
CZ02/Gro&0&cDXHP&Ex&dxHP_equip__pkgEER/NE-dxHP_equip-pkgSEER-16.3-SEER2/instance-out.sql,1598956.74,61432.08
CZ02/Gro&0&cDXHP&Ex&dxHP_equip__pkgEER/NE-dxHP_equip-pkgSEER-14.4-SEER2-1Stage/instance-out.sql,1602610.78,61432.08
CZ02/Gro&0&cDXHP&Ex&dxHP_equip__pkgEER/NE-dxHP_equip-pkgSEER-14.4-SEER2-2Stage/instance-out.sql,1530320.02,61432.17
CZ02/Gro&0&cDXHP&Ex&dxHP_equip__pkgEER/NE-dxHP_equip-spltSEER-14.4-SEER2-8.7-HSPF/instance-out.sql,1601546.62,61432.08
CZ02/Gro&0&cDXHP&Ex&dxHP_equip__pkgEER/NE-dxHP_equip-spltSEER-15.4-SEER2-9-HSPF/instance-out.sql,1600015.20,61432.08
CZ02/Gro&0&cDXHP&Ex&dxHP_equip__pkgEER/NE-dxHP_equip-spltSEER-16.3-SEER2-9.4-HSPF/instance-out.sql,1598325.58,61432.08
CZ02/Gro&0&cDXHP&Ex&dxHP_equip__pkgEER/NE-dxHP_equip-spltSEER-17.3-SEER2-9.7-HSPF/instance-out.sql,1597169.22,61432.08
CZ02/Gro&0&cDXHP&Ex&dxHP_equip__pkgEER/NE-dxAC_equip-pkgEER-14.2-IEER-TE-0.81-VarFan/instance-out.sql,1563952.57,226275.97
CZ02/Gro&0&cDXHP&Ex&dxHP_equip__pkgEER/NE-dxAC_equip-pkgEER-13.2-IEER-TE-0.81-VarFan/instance-out.sql,1565366.38,226275.97
CZ02/Gro&0&cDXHP&Ex&dxHP_equip__pkgEER/NE-dxAC_equip-pkgEER-14.8-IEER-TE-0.81-VarFan/instance-out.sql,1562729.82,226275.97
CZ02/Gro&0&cDXHP&Ex&dxHP_equip__pkgEER/NE-dxAC_equip-pkgSEER-13.4-SEER2-VarFan/instance-out.sql,1564685.39,226275.97
CZ02/Hsp&0&cDXHP&Ex&dxHP_equip__pkgEER/NE-dxAC_equip-pkgEER-14.2-IEER-TE-0.81/instance-out.sql,3074795.09,614675.17
CZ02/Hsp&0&cDXHP&Ex&dxHP_equip__pkgEER/NE-dxAC_equip-pkgEER-13.2-IEER-TE-0.81/instance-out.sql,3077824.80,614675.17
CZ02/Hsp&0&cDXHP&Ex&dxHP_equip__pkgEER/NE-dxAC_equip-pkgEER-14.8-IEER-TE-0.81/instance-out.sql,3072174.81,614675.17
CZ02/Hsp&0&cDXHP&Ex&dxHP_equip__pkgEER/NE-dxAC_equip-pkgSEER-13.4-SEER2/instance-out.sql,3076365.47,614675.17
CZ02/Hsp&0&cDXHP&Ex&dxHP_equip__pkgEER/NE-dxAC_equip-pkgEER-12.2-IEER-TE-0.80/instance-out.sql,3080534.70,615068.17
CZ02/Hsp&0&cDXHP&Ex&dxHP_equip__pkgEER/NE-dxAC_equip-pkgEER-11.4-IEER-TE-0.80/instance-out.sql,3085705.64,615068.17
CZ02/Hsp&0&cDXHP&Ex&dxHP_equip__pkgEER/NE-dxAC_equip-pkgEER-12.7-IEER-TE-0.80/instance-out.sql,3080736.36,615068.17
CZ02/Hsp&0&cDXHP&Ex&dxHP_equip__pkgEER/NE-dxAC_equip-pkgSEER-12.35-SEER2/instance-out.sql,3079543.02,615068.17
CZ02/Hsp&0&cDXHP&Ex&dxHP_equip__pkgEER/NE-dxHP_equip-pkgEER-14.5-IEER/instance-out.sql,3085284.13,583277.83
CZ02/Hsp&0&cDXHP&Ex&dxHP_equip__pkgEER/NE-dxHP_equip-pkgEER-15.5-IEER/instance-out.sql,3082666.49,583277.83
CZ02/Hsp&0&cDXHP&Ex&dxHP_equip__pkgEER/NE-dxHP_equip-pkgEER-13.5-IEER/instance-out.sql,3087938.36,583277.83
CZ02/Hsp&0&cDXHP&Ex&dxHP_equip__pkgEER/NE-dxHP_equip-pkgEER-14-IEER/instance-out.sql,3085972.01,583277.83
CZ02/Hsp&0&cDXHP&Ex&dxHP_equip__pkgEER/NE-dxHP_equip-pkgEER-15-IEER/instance-out.sql,3082128.76,583277.83
CZ02/Hsp&0&cDXHP&Ex&dxHP_equip__pkgEER/NE-dxHP_equip-pkgEER-16-IEER/instance-out.sql,3078704.05,583277.83
CZ02/Hsp&0&cDXHP&Ex&dxHP_equip__pkgEER/NE-dxHP_equip-pkgSEER-15.4-SEER2/instance-out.sql,3078998.40,583277.83
CZ02/Hsp&0&cDXHP&Ex&dxHP_equip__pkgEER/NE-dxHP_equip-pkgSEER-16.3-SEER2/instance-out.sql,3076572.80,583277.83
CZ02/Hsp&0&cDXHP&Ex&dxHP_equip__pkgEER/NE-dxHP_equip-pkgSEER-14.4-SEER2-1Stage/instance-out.sql,3081408.04,583277.83
CZ02/Hsp&0&cDXHP&Ex&dxHP_equip__pkgEER/NE-dxHP_equip-pkgSEER-14.4-SEER2-2Stage/instance-out.sql,2975598.21,586616.17
CZ02/Hsp&0&cDXHP&Ex&dxHP_equip__pkgEER/NE-dxHP_equip-spltSEER-14.4-SEER2-8.7-HSPF/instance-out.sql,3081182.43,583277.83
CZ02/Hsp&0&cDXHP&Ex&dxHP_equip__pkgEER/NE-dxHP_equip-spltSEER-15.4-SEER2-9-HSPF/instance-out.sql,3078819.35,583277.83
CZ02/Hsp&0&cDXHP&Ex&dxHP_equip__pkgEER/NE-dxHP_equip-spltSEER-16.3-SEER2-9.4-HSPF/instance-out.sql,3076438.99,583277.83
CZ02/Hsp&0&cDXHP&Ex&dxHP_equip__pkgEER/NE-dxHP_equip-spltSEER-17.3-SEER2-9.7-HSPF/instance-out.sql,3074655.33,583277.83
CZ02/MBT&0&cDXHP&Ex&dxHP_equip__pkgEER/NE-dxAC_equip-pkgEER-14.2-IEER-TE-0.81/instance-out.sql,3323515.02,3705484.94
CZ02/MBT&0&cDXHP&Ex&dxHP_equip__pkgEER/NE-dxAC_equip-pkgEER-13.2-IEER-TE-0.81/instance-out.sql,3326840.40,3705484.94
CZ02/MBT&0&cDXHP&Ex&dxHP_equip__pkgEER/NE-dxAC_equip-pkgEER-14.8-IEER-TE-0.81/instance-out.sql,3320639.02,3705484.94
CZ02/MBT&0&cDXHP&Ex&dxHP_equip__pkgEER/NE-dxAC_equip-pkgSEER-13.4-SEER2/instance-out.sql,3325238.65,3705484.94
CZ02/MBT&0&cDXHP&Ex&dxHP_equip__pkgEER/NE-dxAC_equip-pkgEER-12.2-IEER-TE-0.80/instance-out.sql,3329814.77,3706778.58
CZ02/MBT&0&cDXHP&Ex&dxHP_equip__pkgEER/NE-dxAC_equip-pkgEER-11.4-IEER-TE-0.80/instance-out.sql,3335490.35,3706778.58
CZ02/MBT&0&cDXHP&Ex&dxHP_equip__pkgEER/NE-dxAC_equip-pkgEER-12.7-IEER-TE-0.80/instance-out.sql,3330036.10,3706778.58
CZ02/MBT&0&cDXHP&Ex&dxHP_equip__pkgEER/NE-dxAC_equip-pkgSEER-12.35-SEER2/instance-out.sql,3328726.30,3706778.58
CZ02/MBT&0&cDXHP&Ex&dxHP_equip__pkgEER/NE-dxHP_equip-pkgEER-14.5-IEER/instance-out.sql,3354578.69,3602070.05
CZ02/MBT&0&cDXHP&Ex&dxHP_equip__pkgEER/NE-dxHP_equip-pkgEER-15.5-IEER/instance-out.sql,3351714.48,3602070.05
CZ02/MBT&0&cDXHP&Ex&dxHP_equip__pkgEER/NE-dxHP_equip-pkgEER-13.5-IEER/instance-out.sql,3357482.95,3602070.05
CZ02/MBT&0&cDXHP&Ex&dxHP_equip__pkgEER/NE-dxHP_equip-pkgEER-14-IEER/instance-out.sql,3355331.37,3602070.05
CZ02/MBT&0&cDXHP&Ex&dxHP_equip__pkgEER/NE-dxHP_equip-pkgEER-15-IEER/instance-out.sql,3350013.93,3602070.05
CZ02/MBT&0&cDXHP&Ex&dxHP_equip__pkgEER/NE-dxHP_equip-pkgEER-16-IEER/instance-out.sql,3346266.61,3602070.05
CZ02/MBT&0&cDXHP&Ex&dxHP_equip__pkgEER/NE-dxHP_equip-pkgSEER-15.4-SEER2/instance-out.sql,3345122.51,3602070.05
CZ02/MBT&0&cDXHP&Ex&dxHP_equip__pkgEER/NE-dxHP_equip-pkgSEER-16.3-SEER2/instance-out.sql,3342098.12,3602070.05
CZ02/MBT&0&cDXHP&Ex&dxHP_equip__pkgEER/NE-dxHP_equip-pkgSEER-14.4-SEER2-1Stage/instance-out.sql,3348059.09,3602070.05
CZ02/MBT&0&cDXHP&Ex&dxHP_equip__pkgEER/NE-dxHP_equip-pkgSEER-14.4-SEER2-2Stage/instance-out.sql,3222067.01,3604650.15
CZ02/MBT&0&cDXHP&Ex&dxHP_equip__pkgEER/NE-dxHP_equip-spltSEER-14.4-SEER2-8.7-HSPF/instance-out.sql,3347345.62,3602070.05
CZ02/MBT&0&cDXHP&Ex&dxHP_equip__pkgEER/NE-dxHP_equip-spltSEER-15.4-SEER2-9-HSPF/instance-out.sql,3344556.29,3602070.05
CZ02/MBT&0&cDXHP&Ex&dxHP_equip__pkgEER/NE-dxHP_equip-spltSEER-16.3-SEER2-9.4-HSPF/instance-out.sql,3341674.96,3602070.05
CZ02/MBT&0&cDXHP&Ex&dxHP_equip__pkgEER/NE-dxHP_equip-spltSEER-17.3-SEER2-9.7-HSPF/instance-out.sql,3339569.34,3602070.05
CZ02/MLI&0&cDXHP&Ex&dxHP_equip__pkgEER/NE-dxAC_equip-pkgEER-14.2-IEER-TE-0.81/instance-out.sql,912299.71,194375.85
CZ02/MLI&0&cDXHP&Ex&dxHP_equip__pkgEER/NE-dxAC_equip-pkgEER-13.2-IEER-TE-0.81/instance-out.sql,915626.03,194375.85
CZ02/MLI&0&cDXHP&Ex&dxHP_equip__pkgEER/NE-dxAC_equip-pkgEER-14.8-IEER-TE-0.81/instance-out.sql,909422.89,194375.85
CZ02/MLI&0&cDXHP&Ex&dxHP_equip__pkgEER/NE-dxAC_equip-pkgSEER-13.4-SEER2/instance-out.sql,914023.82,194375.85
CZ02/MLI&0&cDXHP&Ex&dxHP_equip__pkgEER/NE-dxAC_equip-pkgEER-12.2-IEER-TE-0.80/instance-out.sql,918601.24,196189.75
CZ02/MLI&0&cDXHP&Ex&dxHP_equip__pkgEER/NE-dxAC_equip-pkgEER-11.4-IEER-TE-0.80/instance-out.sql,924278.42,196189.75
CZ02/MLI&0&cDXHP&Ex&dxHP_equip__pkgEER/NE-dxAC_equip-pkgEER-12.7-IEER-TE-0.80/instance-out.sql,918822.63,196189.75
CZ02/MLI&0&cDXHP&Ex&dxHP_equip__pkgEER/NE-dxAC_equip-pkgSEER-12.35-SEER2/instance-out.sql,917512.46,196189.75
CZ02/MLI&0&cDXHP&Ex&dxHP_equip__pkgEER/NE-dxHP_equip-pkgEER-14.5-IEER/instance-out.sql,957366.61,49264.37
CZ02/MLI&0&cDXHP&Ex&dxHP_equip__pkgEER/NE-dxHP_equip-pkgEER-15.5-IEER/instance-out.sql,954474.16,49264.37
CZ02/MLI&0&cDXHP&Ex&dxHP_equip__pkgEER/NE-dxHP_equip-pkgEER-13.5-IEER/instance-out.sql,960299.49,49264.37
CZ02/MLI&0&cDXHP&Ex&dxHP_equip__pkgEER/NE-dxHP_equip-pkgEER-14-IEER/instance-out.sql,958126.71,49264.37
CZ02/MLI&0&cDXHP&Ex&dxHP_equip__pkgEER/NE-dxHP_equip-pkgEER-15-IEER/instance-out.sql,952070.78,49264.37
CZ02/MLI&0&cDXHP&Ex&dxHP_equip__pkgEER/NE-dxHP_equip-pkgEER-16-IEER/instance-out.sql,948286.52,49264.37
CZ02/MLI&0&cDXHP&Ex&dxHP_equip__pkgEER/NE-dxHP_equip-pkgSEER-15.4-SEER2/instance-out.sql,946226.70,49264.37
CZ02/MLI&0&cDXHP&Ex&dxHP_equip__pkgEER/NE-dxHP_equip-pkgSEER-16.3-SEER2/instance-out.sql,942944.06,49264.37
CZ02/MLI&0&cDXHP&Ex&dxHP_equip__pkgEER/NE-dxHP_equip-pkgSEER-14.4-SEER2-1Stage/instance-out.sql,949377.26,49264.37
CZ02/MLI&0&cDXHP&Ex&dxHP_equip__pkgEER/NE-dxHP_equip-pkgSEER-14.4-SEER2-2Stage/instance-out.sql,812404.62,49264.53
CZ02/MLI&0&cDXHP&Ex&dxHP_equip__pkgEER/NE-dxHP_equip-spltSEER-14.4-SEER2-8.7-HSPF/instance-out.sql,948368.93,49264.37
CZ02/MLI&0&cDXHP&Ex&dxHP_equip__pkgEER/NE-dxHP_equip-spltSEER-15.4-SEER2-9-HSPF/instance-out.sql,945426.47,49264.37
CZ02/MLI&0&cDXHP&Ex&dxHP_equip__pkgEER/NE-dxHP_equip-spltSEER-16.3-SEER2-9.4-HSPF/instance-out.sql,942346.01,49264.37
CZ02/MLI&0&cDXHP&Ex&dxHP_equip__pkgEER/NE-dxHP_equip-spltSEER-17.3-SEER2-9.7-HSPF/instance-out.sql,940124.68,49264.37
CZ02/Mtl&0&cDXHP&Ex&dxHP_equip__pkgEER/NE-dxAC_equip-pkgEER-14.2-IEER-TE-0.81/instance-out.sql,151456.15,29405.59
CZ02/Mtl&0&cDXHP&Ex&dxHP_equip__pkgEER/NE-dxAC_equip-pkgEER-13.2-IEER-TE-0.81/instance-out.sql,152174.59,29405.59
CZ02/Mtl&0&cDXHP&Ex&dxHP_equip__pkgEER/NE-dxAC_equip-pkgEER-14.8-IEER-TE-0.81/instance-out.sql,150834.80,29405.59
CZ02/Mtl&0&cDXHP&Ex&dxHP_equip__pkgEER/NE-dxAC_equip-pkgSEER-13.4-SEER2/instance-out.sql,151828.53,29405.59
CZ02/Mtl&0&cDXHP&Ex&dxHP_equip__pkgEER/NE-dxAC_equip-pkgEER-12.2-IEER-TE-0.80/instance-out.sql,152817.19,29667.67
CZ02/Mtl&0&cDXHP&Ex&dxHP_equip__pkgEER/NE-dxAC_equip-pkgEER-11.4-IEER-TE-0.80/instance-out.sql,154043.38,29667.67
CZ02/Mtl&0&cDXHP&Ex&dxHP_equip__pkgEER/NE-dxAC_equip-pkgEER-12.7-IEER-TE-0.80/instance-out.sql,152865.01,29667.67
CZ02/Mtl&0&cDXHP&Ex&dxHP_equip__pkgEER/NE-dxAC_equip-pkgSEER-12.35-SEER2/instance-out.sql,152582.03,29667.67
CZ02/Mtl&0&cDXHP&Ex&dxHP_equip__pkgEER/NE-dxHP_equip-pkgEER-14.5-IEER/instance-out.sql,157888.10,8443.73
CZ02/Mtl&0&cDXHP&Ex&dxHP_equip__pkgEER/NE-dxHP_equip-pkgEER-15.5-IEER/instance-out.sql,157267.25,8443.73
CZ02/Mtl&0&cDXHP&Ex&dxHP_equip__pkgEER/NE-dxHP_equip-pkgEER-13.5-IEER/instance-out.sql,158517.62,8443.73
CZ02/Mtl&0&cDXHP&Ex&dxHP_equip__pkgEER/NE-dxHP_equip-pkgEER-14-IEER/instance-out.sql,158051.25,8443.73
CZ02/Mtl&0&cDXHP&Ex&dxHP_equip__pkgEER/NE-dxHP_equip-pkgEER-15-IEER/instance-out.sql,156918.41,8443.73
CZ02/Mtl&0&cDXHP&Ex&dxHP_equip__pkgEER/NE-dxHP_equip-pkgEER-16-IEER/instance-out.sql,156106.15,8443.73
CZ02/Mtl&0&cDXHP&Ex&dxHP_equip__pkgEER/NE-dxHP_equip-pkgSEER-15.4-SEER2/instance-out.sql,155884.21,8443.73
CZ02/Mtl&0&cDXHP&Ex&dxHP_equip__pkgEER/NE-dxHP_equip-pkgSEER-16.3-SEER2/instance-out.sql,155235.23,8443.73
CZ02/Mtl&0&cDXHP&Ex&dxHP_equip__pkgEER/NE-dxHP_equip-pkgSEER-14.4-SEER2-1Stage/instance-out.sql,156515.41,8443.73
CZ02/Mtl&0&cDXHP&Ex&dxHP_equip__pkgEER/NE-dxHP_equip-pkgSEER-14.4-SEER2-2Stage/instance-out.sql,133290.56,8452.15
CZ02/Mtl&0&cDXHP&Ex&dxHP_equip__pkgEER/NE-dxHP_equip-spltSEER-14.4-SEER2-8.7-HSPF/instance-out.sql,156369.05,8443.73
CZ02/Mtl&0&cDXHP&Ex&dxHP_equip__pkgEER/NE-dxHP_equip-spltSEER-15.4-SEER2-9-HSPF/instance-out.sql,155768.06,8443.73
CZ02/Mtl&0&cDXHP&Ex&dxHP_equip__pkgEER/NE-dxHP_equip-spltSEER-16.3-SEER2-9.4-HSPF/instance-out.sql,155148.43,8443.73
CZ02/Mtl&0&cDXHP&Ex&dxHP_equip__pkgEER/NE-dxHP_equip-spltSEER-17.3-SEER2-9.7-HSPF/instance-out.sql,154694.75,8443.73
CZ02/Nrs&0&cDXHP&Ex&dxHP_equip__pkgEER/NE-dxAC_equip-pkgEER-14.2-IEER-TE-0.81/instance-out.sql,717954.27,256178.94
CZ02/Nrs&0&cDXHP&Ex&dxHP_equip__pkgEER/NE-dxAC_equip-pkgEER-13.2-IEER-TE-0.81/instance-out.sql,719231.35,256178.94
CZ02/Nrs&0&cDXHP&Ex&dxHP_equip__pkgEER/NE-dxAC_equip-pkgEER-14.8-IEER-TE-0.81/instance-out.sql,716849.76,256178.94
CZ02/Nrs&0&cDXHP&Ex&dxHP_equip__pkgEER/NE-dxAC_equip-pkgSEER-13.4-SEER2/instance-out.sql,718616.21,256178.94
CZ02/Nrs&0&cDXHP&Ex&dxHP_equip__pkgEER/NE-dxAC_equip-pkgEER-12.2-IEER-TE-0.80/instance-out.sql,720373.63,256477.74
CZ02/Nrs&0&cDXHP&Ex&dxHP_equip__pkgEER/NE-dxAC_equip-pkgEER-11.4-IEER-TE-0.80/instance-out.sql,722553.29,256477.74
CZ02/Nrs&0&cDXHP&Ex&dxHP_equip__pkgEER/NE-dxAC_equip-pkgEER-12.7-IEER-TE-0.80/instance-out.sql,720458.63,256477.74
CZ02/Nrs&0&cDXHP&Ex&dxHP_equip__pkgEER/NE-dxAC_equip-pkgSEER-12.35-SEER2/instance-out.sql,719955.62,256477.74
CZ02/Nrs&0&cDXHP&Ex&dxHP_equip__pkgEER/NE-dxHP_equip-pkgEER-14.5-IEER/instance-out.sql,725159.13,232052.54
CZ02/Nrs&0&cDXHP&Ex&dxHP_equip__pkgEER/NE-dxHP_equip-pkgEER-15.5-IEER/instance-out.sql,724062.59,232052.54
CZ02/Nrs&0&cDXHP&Ex&dxHP_equip__pkgEER/NE-dxHP_equip-pkgEER-13.5-IEER/instance-out.sql,726270.99,232052.54
CZ02/Nrs&0&cDXHP&Ex&dxHP_equip__pkgEER/NE-dxHP_equip-pkgEER-14-IEER/instance-out.sql,725447.28,232052.54
CZ02/Nrs&0&cDXHP&Ex&dxHP_equip__pkgEER/NE-dxHP_equip-pkgEER-15-IEER/instance-out.sql,723661.43,232052.54
CZ02/Nrs&0&cDXHP&Ex&dxHP_equip__pkgEER/NE-dxHP_equip-pkgEER-16-IEER/instance-out.sql,722226.80,232052.54
CZ02/Nrs&0&cDXHP&Ex&dxHP_equip__pkgEER/NE-dxHP_equip-pkgSEER-15.4-SEER2/instance-out.sql,722118.21,232052.54
CZ02/Nrs&0&cDXHP&Ex&dxHP_equip__pkgEER/NE-dxHP_equip-pkgSEER-16.3-SEER2/instance-out.sql,721043.55,232052.54
CZ02/Nrs&0&cDXHP&Ex&dxHP_equip__pkgEER/NE-dxHP_equip-pkgSEER-14.4-SEER2-1Stage/instance-out.sql,723175.06,232052.54
CZ02/Nrs&0&cDXHP&Ex&dxHP_equip__pkgEER/NE-dxHP_equip-pkgSEER-14.4-SEER2-2Stage/instance-out.sql,682304.72,233399.05
CZ02/Nrs&0&cDXHP&Ex&dxHP_equip__pkgEER/NE-dxHP_equip-spltSEER-14.4-SEER2-8.7-HSPF/instance-out.sql,723006.75,232052.54
CZ02/Nrs&0&cDXHP&Ex&dxHP_equip__pkgEER/NE-dxHP_equip-spltSEER-15.4-SEER2-9-HSPF/instance-out.sql,721984.64,232052.54
CZ02/Nrs&0&cDXHP&Ex&dxHP_equip__pkgEER/NE-dxHP_equip-spltSEER-16.3-SEER2-9.4-HSPF/instance-out.sql,720943.73,232052.54
CZ02/Nrs&0&cDXHP&Ex&dxHP_equip__pkgEER/NE-dxHP_equip-spltSEER-17.3-SEER2-9.7-HSPF/instance-out.sql,720172.20,232052.54
CZ02/OfL&0&cDXHP&Ex&dxHP_equip__pkgEER/NE-dxAC_equip-pkgEER-14.2-IEER-TE-0.81/instance-out.sql,2464556.98,201686.86
CZ02/OfL&0&cDXHP&Ex&dxHP_equip__pkgEER/NE-dxAC_equip-pkgEER-13.2-IEER-TE-0.81/instance-out.sql,2473909.90,201686.86
CZ02/OfL&0&cDXHP&Ex&dxHP_equip__pkgEER/NE-dxAC_equip-pkgEER-14.8-IEER-TE-0.81/instance-out.sql,2456467.97,201686.86
CZ02/OfL&0&cDXHP&Ex&dxHP_equip__pkgEER/NE-dxAC_equip-pkgSEER-13.4-SEER2/instance-out.sql,2469404.83,201686.86
CZ02/OfL&0&cDXHP&Ex&dxHP_equip__pkgEER/NE-dxAC_equip-pkgEER-12.2-IEER-TE-0.80/instance-out.sql,2482275.57,202290.20
CZ02/OfL&0&cDXHP&Ex&dxHP_equip__pkgEER/NE-dxAC_equip-pkgEER-11.4-IEER-TE-0.80/instance-out.sql,2498238.63,202290.20
CZ02/OfL&0&cDXHP&Ex&dxHP_equip__pkgEER/NE-dxAC_equip-pkgEER-12.7-IEER-TE-0.80/instance-out.sql,2482898.08,202290.20
CZ02/OfL&0&cDXHP&Ex&dxHP_equip__pkgEER/NE-dxAC_equip-pkgSEER-12.35-SEER2/instance-out.sql,2479214.16,202290.20
CZ02/OfL&0&cDXHP&Ex&dxHP_equip__pkgEER/NE-dxHP_equip-pkgEER-14.5-IEER/instance-out.sql,2480655.72,153418.41
CZ02/OfL&0&cDXHP&Ex&dxHP_equip__pkgEER/NE-dxHP_equip-pkgEER-15.5-IEER/instance-out.sql,2472622.59,153418.41
CZ02/OfL&0&cDXHP&Ex&dxHP_equip__pkgEER/NE-dxHP_equip-pkgEER-13.5-IEER/instance-out.sql,2488801.15,153418.41
CZ02/OfL&0&cDXHP&Ex&dxHP_equip__pkgEER/NE-dxHP_equip-pkgEER-14-IEER/instance-out.sql,2482766.72,153418.41
CZ02/OfL&0&cDXHP&Ex&dxHP_equip__pkgEER/NE-dxHP_equip-pkgEER-15-IEER/instance-out.sql,2471789.90,153418.41
CZ02/OfL&0&cDXHP&Ex&dxHP_equip__pkgEER/NE-dxHP_equip-pkgEER-16-IEER/instance-out.sql,2461279.97,153418.41
CZ02/OfL&0&cDXHP&Ex&dxHP_equip__pkgEER/NE-dxHP_equip-pkgSEER-15.4-SEER2/instance-out.sql,2463261.04,153418.41
CZ02/OfL&0&cDXHP&Ex&dxHP_equip__pkgEER/NE-dxHP_equip-pkgSEER-16.3-SEER2/instance-out.sql,2456089.46,153418.41
CZ02/OfL&0&cDXHP&Ex&dxHP_equip__pkgEER/NE-dxHP_equip-pkgSEER-14.4-SEER2-1Stage/instance-out.sql,2470435.37,153418.41
CZ02/OfL&0&cDXHP&Ex&dxHP_equip__pkgEER/NE-dxHP_equip-pkgSEER-14.4-SEER2-2Stage/instance-out.sql,2194829.38,152943.65
CZ02/OfL&0&cDXHP&Ex&dxHP_equip__pkgEER/NE-dxHP_equip-spltSEER-14.4-SEER2-8.7-HSPF/instance-out.sql,2470086.02,153418.41
CZ02/OfL&0&cDXHP&Ex&dxHP_equip__pkgEER/NE-dxHP_equip-spltSEER-15.4-SEER2-9-HSPF/instance-out.sql,2462983.78,153418.41
CZ02/OfL&0&cDXHP&Ex&dxHP_equip__pkgEER/NE-dxHP_equip-spltSEER-16.3-SEER2-9.4-HSPF/instance-out.sql,2455882.25,153418.41
CZ02/OfL&0&cDXHP&Ex&dxHP_equip__pkgEER/NE-dxHP_equip-spltSEER-17.3-SEER2-9.7-HSPF/instance-out.sql,2450521.61,153418.41
CZ02/OfL&0&cDXHP&Ex&dxHP_equip__pkgEER/NE-dxAC_equip-pkgEER-14.2-IEER-TE-0.81-VarFan/instance-out.sql,2464199.76,201709.27
CZ02/OfL&0&cDXHP&Ex&dxHP_equip__pkgEER/NE-dxAC_equip-pkgEER-13.2-IEER-TE-0.81-VarFan/instance-out.sql,2473551.69,201709.27
CZ02/OfL&0&cDXHP&Ex&dxHP_equip__pkgEER/NE-dxAC_equip-pkgEER-14.8-IEER-TE-0.81-VarFan/instance-out.sql,2456111.61,201709.27
CZ02/OfL&0&cDXHP&Ex&dxHP_equip__pkgEER/NE-dxAC_equip-pkgSEER-13.4-SEER2-VarFan/instance-out.sql,2469047.09,201709.27
CZ02/OfS&0&cDXHP&Ex&dxHP_equip__pkgEER/NE-dxAC_equip-pkgEER-14.2-IEER-TE-0.81/instance-out.sql,127270.09,29991.42
CZ02/OfS&0&cDXHP&Ex&dxHP_equip__pkgEER/NE-dxAC_equip-pkgEER-13.2-IEER-TE-0.81/instance-out.sql,127925.45,29991.42
CZ02/OfS&0&cDXHP&Ex&dxHP_equip__pkgEER/NE-dxAC_equip-pkgEER-14.8-IEER-TE-0.81/instance-out.sql,126703.29,29991.42
CZ02/OfS&0&cDXHP&Ex&dxHP_equip__pkgEER/NE-dxAC_equip-pkgSEER-13.4-SEER2/instance-out.sql,127609.78,29991.42
CZ02/OfS&0&cDXHP&Ex&dxHP_equip__pkgEER/NE-dxAC_equip-pkgEER-12.2-IEER-TE-0.80/instance-out.sql,128511.63,30085.97
CZ02/OfS&0&cDXHP&Ex&dxHP_equip__pkgEER/NE-dxAC_equip-pkgEER-11.4-IEER-TE-0.80/instance-out.sql,129630.17,30085.97
CZ02/OfS&0&cDXHP&Ex&dxHP_equip__pkgEER/NE-dxAC_equip-pkgEER-12.7-IEER-TE-0.80/instance-out.sql,128555.25,30085.97
CZ02/OfS&0&cDXHP&Ex&dxHP_equip__pkgEER/NE-dxAC_equip-pkgSEER-12.35-SEER2/instance-out.sql,128297.12,30085.97
CZ02/OfS&0&cDXHP&Ex&dxHP_equip__pkgEER/NE-dxHP_equip-pkgEER-14.5-IEER/instance-out.sql,129629.61,22427.82
CZ02/OfS&0&cDXHP&Ex&dxHP_equip__pkgEER/NE-dxHP_equip-pkgEER-15.5-IEER/instance-out.sql,129067.54,22427.82
CZ02/OfS&0&cDXHP&Ex&dxHP_equip__pkgEER/NE-dxHP_equip-pkgEER-13.5-IEER/instance-out.sql,130199.53,22427.82
CZ02/OfS&0&cDXHP&Ex&dxHP_equip__pkgEER/NE-dxHP_equip-pkgEER-14-IEER/instance-out.sql,129777.31,22427.82
CZ02/OfS&0&cDXHP&Ex&dxHP_equip__pkgEER/NE-dxHP_equip-pkgEER-15-IEER/instance-out.sql,128939.36,22427.82
CZ02/OfS&0&cDXHP&Ex&dxHP_equip__pkgEER/NE-dxHP_equip-pkgEER-16-IEER/instance-out.sql,128203.99,22427.82
CZ02/OfS&0&cDXHP&Ex&dxHP_equip__pkgEER/NE-dxHP_equip-pkgSEER-15.4-SEER2/instance-out.sql,128250.43,22427.82
CZ02/OfS&0&cDXHP&Ex&dxHP_equip__pkgEER/NE-dxHP_equip-pkgSEER-16.3-SEER2/instance-out.sql,127725.36,22427.82
CZ02/OfS&0&cDXHP&Ex&dxHP_equip__pkgEER/NE-dxHP_equip-pkgSEER-14.4-SEER2-1Stage/instance-out.sql,128771.26,22427.82
CZ02/OfS&0&cDXHP&Ex&dxHP_equip__pkgEER/NE-dxHP_equip-pkgSEER-14.4-SEER2-2Stage/instance-out.sql,108462.53,22427.86
CZ02/OfS&0&cDXHP&Ex&dxHP_equip__pkgEER/NE-dxHP_equip-spltSEER-14.4-SEER2-8.7-HSPF/instance-out.sql,128717.48,22427.82
CZ02/OfS&0&cDXHP&Ex&dxHP_equip__pkgEER/NE-dxHP_equip-spltSEER-15.4-SEER2-9-HSPF/instance-out.sql,128207.75,22427.82
CZ02/OfS&0&cDXHP&Ex&dxHP_equip__pkgEER/NE-dxHP_equip-spltSEER-16.3-SEER2-9.4-HSPF/instance-out.sql,127693.47,22427.82
CZ02/OfS&0&cDXHP&Ex&dxHP_equip__pkgEER/NE-dxHP_equip-spltSEER-17.3-SEER2-9.7-HSPF/instance-out.sql,127308.71,22427.82
CZ02/OfS&0&cDXHP&Ex&dxHP_equip__pkgEER/NE-dxAC_equip-pkgEER-14.2-IEER-TE-0.81-VarFan/instance-out.sql,127245.90,29993.83
CZ02/OfS&0&cDXHP&Ex&dxHP_equip__pkgEER/NE-dxAC_equip-pkgEER-13.2-IEER-TE-0.81-VarFan/instance-out.sql,127901.20,29993.83
CZ02/OfS&0&cDXHP&Ex&dxHP_equip__pkgEER/NE-dxAC_equip-pkgEER-14.8-IEER-TE-0.81-VarFan/instance-out.sql,126679.16,29993.83
CZ02/OfS&0&cDXHP&Ex&dxHP_equip__pkgEER/NE-dxAC_equip-pkgSEER-13.4-SEER2-VarFan/instance-out.sql,127585.56,29993.83
CZ02/RFF&0&cDXHP&Ex&dxHP_equip__pkgEER/NE-dxAC_equip-pkgEER-14.2-IEER-TE-0.81/instance-out.sql,62724.04,50433.28
CZ02/RFF&0&cDXHP&Ex&dxHP_equip__pkgEER/NE-dxAC_equip-pkgEER-13.2-IEER-TE-0.81/instance-out.sql,62903.79,50433.28
CZ02/RFF&0&cDXHP&Ex&dxHP_equip__pkgEER/NE-dxAC_equip-pkgEER-14.8-IEER-TE-0.81/instance-out.sql,62568.58,50433.28
CZ02/RFF&0&cDXHP&Ex&dxHP_equip__pkgEER/NE-dxAC_equip-pkgSEER-13.4-SEER2/instance-out.sql,62817.21,50433.28
CZ02/RFF&0&cDXHP&Ex&dxHP_equip__pkgEER/NE-dxAC_equip-pkgEER-12.2-IEER-TE-0.80/instance-out.sql,63064.57,50494.14
CZ02/RFF&0&cDXHP&Ex&dxHP_equip__pkgEER/NE-dxAC_equip-pkgEER-11.4-IEER-TE-0.80/instance-out.sql,63371.35,50494.14
CZ02/RFF&0&cDXHP&Ex&dxHP_equip__pkgEER/NE-dxAC_equip-pkgEER-12.7-IEER-TE-0.80/instance-out.sql,63076.53,50494.14
CZ02/RFF&0&cDXHP&Ex&dxHP_equip__pkgEER/NE-dxAC_equip-pkgSEER-12.35-SEER2/instance-out.sql,63005.73,50494.14
CZ02/RFF&0&cDXHP&Ex&dxHP_equip__pkgEER/NE-dxHP_equip-pkgEER-14.5-IEER/instance-out.sql,64243.57,45565.24
CZ02/RFF&0&cDXHP&Ex&dxHP_equip__pkgEER/NE-dxHP_equip-pkgEER-15.5-IEER/instance-out.sql,64088.18,45565.24
CZ02/RFF&0&cDXHP&Ex&dxHP_equip__pkgEER/NE-dxHP_equip-pkgEER-13.5-IEER/instance-out.sql,64401.13,45565.24
CZ02/RFF&0&cDXHP&Ex&dxHP_equip__pkgEER/NE-dxHP_equip-pkgEER-14-IEER/instance-out.sql,64284.40,45565.24
CZ02/RFF&0&cDXHP&Ex&dxHP_equip__pkgEER/NE-dxHP_equip-pkgEER-15-IEER/instance-out.sql,64005.77,45565.24
CZ02/RFF&0&cDXHP&Ex&dxHP_equip__pkgEER/NE-dxHP_equip-pkgEER-16-IEER/instance-out.sql,63802.47,45565.24
CZ02/RFF&0&cDXHP&Ex&dxHP_equip__pkgEER/NE-dxHP_equip-pkgSEER-15.4-SEER2/instance-out.sql,63753.38,45565.24
CZ02/RFF&0&cDXHP&Ex&dxHP_equip__pkgEER/NE-dxHP_equip-pkgSEER-16.3-SEER2/instance-out.sql,63592.58,45565.24
CZ02/RFF&0&cDXHP&Ex&dxHP_equip__pkgEER/NE-dxHP_equip-pkgSEER-14.4-SEER2-1Stage/instance-out.sql,63910.03,45565.24
CZ02/RFF&0&cDXHP&Ex&dxHP_equip__pkgEER/NE-dxHP_equip-pkgSEER-14.4-SEER2-2Stage/instance-out.sql,57905.07,45568.20
CZ02/RFF&0&cDXHP&Ex&dxHP_equip__pkgEER/NE-dxHP_equip-spltSEER-14.4-SEER2-8.7-HSPF/instance-out.sql,63875.45,45565.24
CZ02/RFF&0&cDXHP&Ex&dxHP_equip__pkgEER/NE-dxHP_equip-spltSEER-15.4-SEER2-9-HSPF/instance-out.sql,63725.93,45565.24
CZ02/RFF&0&cDXHP&Ex&dxHP_equip__pkgEER/NE-dxHP_equip-spltSEER-16.3-SEER2-9.4-HSPF/instance-out.sql,63572.07,45565.24
CZ02/RFF&0&cDXHP&Ex&dxHP_equip__pkgEER/NE-dxHP_equip-spltSEER-17.3-SEER2-9.7-HSPF/instance-out.sql,63459.20,45565.24
CZ02/RSD&0&cDXHP&Ex&dxHP_equip__pkgEER/NE-dxAC_equip-pkgEER-14.2-IEER-TE-0.81/instance-out.sql,121804.44,133643.41
CZ02/RSD&0&cDXHP&Ex&dxHP_equip__pkgEER/NE-dxAC_equip-pkgEER-13.2-IEER-TE-0.81/instance-out.sql,121888.70,133643.41
CZ02/RSD&0&cDXHP&Ex&dxHP_equip__pkgEER/NE-dxAC_equip-pkgEER-14.8-IEER-TE-0.81/instance-out.sql,121731.56,133643.41
CZ02/RSD&0&cDXHP&Ex&dxHP_equip__pkgEER/NE-dxAC_equip-pkgSEER-13.4-SEER2/instance-out.sql,121848.11,133643.41
CZ02/RSD&0&cDXHP&Ex&dxHP_equip__pkgEER/NE-dxAC_equip-pkgEER-12.2-IEER-TE-0.80/instance-out.sql,121964.06,133673.00
CZ02/RSD&0&cDXHP&Ex&dxHP_equip__pkgEER/NE-dxAC_equip-pkgEER-11.4-IEER-TE-0.80/instance-out.sql,122107.87,133673.00
CZ02/RSD&0&cDXHP&Ex&dxHP_equip__pkgEER/NE-dxAC_equip-pkgEER-12.7-IEER-TE-0.80/instance-out.sql,121969.67,133673.00
CZ02/RSD&0&cDXHP&Ex&dxHP_equip__pkgEER/NE-dxAC_equip-pkgSEER-12.35-SEER2/instance-out.sql,121936.48,133673.00
CZ02/RSD&0&cDXHP&Ex&dxHP_equip__pkgEER/NE-dxHP_equip-pkgEER-14.5-IEER/instance-out.sql,122539.61,131297.36
CZ02/RSD&0&cDXHP&Ex&dxHP_equip__pkgEER/NE-dxHP_equip-pkgEER-15.5-IEER/instance-out.sql,122467.39,131297.36
CZ02/RSD&0&cDXHP&Ex&dxHP_equip__pkgEER/NE-dxHP_equip-pkgEER-13.5-IEER/instance-out.sql,122612.85,131297.36
CZ02/RSD&0&cDXHP&Ex&dxHP_equip__pkgEER/NE-dxHP_equip-pkgEER-14-IEER/instance-out.sql,122558.59,131297.36
CZ02/RSD&0&cDXHP&Ex&dxHP_equip__pkgEER/NE-dxHP_equip-pkgEER-15-IEER/instance-out.sql,122427.24,131297.36
CZ02/RSD&0&cDXHP&Ex&dxHP_equip__pkgEER/NE-dxHP_equip-pkgEER-16-IEER/instance-out.sql,122332.74,131297.36
CZ02/RSD&0&cDXHP&Ex&dxHP_equip__pkgEER/NE-dxHP_equip-pkgSEER-15.4-SEER2/instance-out.sql,122307.50,131297.36
CZ02/RSD&0&cDXHP&Ex&dxHP_equip__pkgEER/NE-dxHP_equip-pkgSEER-16.3-SEER2/instance-out.sql,122232.14,131297.36
CZ02/RSD&0&cDXHP&Ex&dxHP_equip__pkgEER/NE-dxHP_equip-pkgSEER-14.4-SEER2-1Stage/instance-out.sql,122380.81,131297.36
CZ02/RSD&0&cDXHP&Ex&dxHP_equip__pkgEER/NE-dxHP_equip-pkgSEER-14.4-SEER2-2Stage/instance-out.sql,119403.95,131309.53
CZ02/RSD&0&cDXHP&Ex&dxHP_equip__pkgEER/NE-dxHP_equip-spltSEER-14.4-SEER2-8.7-HSPF/instance-out.sql,122363.97,131297.36
CZ02/RSD&0&cDXHP&Ex&dxHP_equip__pkgEER/NE-dxHP_equip-spltSEER-15.4-SEER2-9-HSPF/instance-out.sql,122294.13,131297.36
CZ02/RSD&0&cDXHP&Ex&dxHP_equip__pkgEER/NE-dxHP_equip-spltSEER-16.3-SEER2-9.4-HSPF/instance-out.sql,122222.15,131297.36
CZ02/RSD&0&cDXHP&Ex&dxHP_equip__pkgEER/NE-dxHP_equip-spltSEER-17.3-SEER2-9.7-HSPF/instance-out.sql,122169.44,131297.36
CZ02/Rt3&0&cDXHP&Ex&dxHP_equip__pkgEER/NE-dxAC_equip-pkgEER-14.2-IEER-TE-0.81/instance-out.sql,1905315.76,253090.20
CZ02/Rt3&0&cDXHP&Ex&dxHP_equip__pkgEER/NE-dxAC_equip-pkgEER-13.2-IEER-TE-0.81/instance-out.sql,1912380.99,253090.20
CZ02/Rt3&0&cDXHP&Ex&dxHP_equip__pkgEER/NE-dxAC_equip-pkgEER-14.8-IEER-TE-0.81/instance-out.sql,1899205.29,253090.20
CZ02/Rt3&0&cDXHP&Ex&dxHP_equip__pkgEER/NE-dxAC_equip-pkgSEER-13.4-SEER2/instance-out.sql,1908977.84,253090.20
CZ02/Rt3&0&cDXHP&Ex&dxHP_equip__pkgEER/NE-dxAC_equip-pkgEER-12.2-IEER-TE-0.80/instance-out.sql,1918700.44,254019.34
CZ02/Rt3&0&cDXHP&Ex&dxHP_equip__pkgEER/NE-dxAC_equip-pkgEER-11.4-IEER-TE-0.80/instance-out.sql,1930759.00,254019.34
CZ02/Rt3&0&cDXHP&Ex&dxHP_equip__pkgEER/NE-dxAC_equip-pkgEER-12.7-IEER-TE-0.80/instance-out.sql,1919170.69,254019.34
CZ02/Rt3&0&cDXHP&Ex&dxHP_equip__pkgEER/NE-dxAC_equip-pkgSEER-12.35-SEER2/instance-out.sql,1916387.84,254019.34
CZ02/Rt3&0&cDXHP&Ex&dxHP_equip__pkgEER/NE-dxHP_equip-pkgEER-14.5-IEER/instance-out.sql,1929923.66,178760.01
CZ02/Rt3&0&cDXHP&Ex&dxHP_equip__pkgEER/NE-dxHP_equip-pkgEER-15.5-IEER/instance-out.sql,1923811.61,178760.01
CZ02/Rt3&0&cDXHP&Ex&dxHP_equip__pkgEER/NE-dxHP_equip-pkgEER-13.5-IEER/instance-out.sql,1936121.15,178760.01
CZ02/Rt3&0&cDXHP&Ex&dxHP_equip__pkgEER/NE-dxHP_equip-pkgEER-14-IEER/instance-out.sql,1931529.83,178760.01
CZ02/Rt3&0&cDXHP&Ex&dxHP_equip__pkgEER/NE-dxHP_equip-pkgEER-15-IEER/instance-out.sql,1922554.58,178760.01
CZ02/Rt3&0&cDXHP&Ex&dxHP_equip__pkgEER/NE-dxHP_equip-pkgEER-16-IEER/instance-out.sql,1914558.04,178760.01
CZ02/Rt3&0&cDXHP&Ex&dxHP_equip__pkgEER/NE-dxHP_equip-pkgSEER-15.4-SEER2/instance-out.sql,1915243.42,178760.01
CZ02/Rt3&0&cDXHP&Ex&dxHP_equip__pkgEER/NE-dxHP_equip-pkgSEER-16.3-SEER2/instance-out.sql,1909579.29,178760.01
CZ02/Rt3&0&cDXHP&Ex&dxHP_equip__pkgEER/NE-dxHP_equip-pkgSEER-14.4-SEER2-1Stage/instance-out.sql,1920870.20,178760.01
CZ02/Rt3&0&cDXHP&Ex&dxHP_equip__pkgEER/NE-dxHP_equip-pkgSEER-14.4-SEER2-2Stage/instance-out.sql,1724846.29,178987.13
CZ02/Rt3&0&cDXHP&Ex&dxHP_equip__pkgEER/NE-dxHP_equip-spltSEER-14.4-SEER2-8.7-HSPF/instance-out.sql,1920342.81,178760.01
CZ02/Rt3&0&cDXHP&Ex&dxHP_equip__pkgEER/NE-dxHP_equip-spltSEER-15.4-SEER2-9-HSPF/instance-out.sql,1914824.87,178760.01
CZ02/Rt3&0&cDXHP&Ex&dxHP_equip__pkgEER/NE-dxHP_equip-spltSEER-16.3-SEER2-9.4-HSPF/instance-out.sql,1909266.49,178760.01
CZ02/Rt3&0&cDXHP&Ex&dxHP_equip__pkgEER/NE-dxHP_equip-spltSEER-17.3-SEER2-9.7-HSPF/instance-out.sql,1905101.53,178760.01
CZ02/Rt3&0&cDXHP&Ex&dxHP_equip__pkgEER/NE-dxAC_equip-pkgEER-14.2-IEER-TE-0.81-VarFan/instance-out.sql,1905100.74,253116.56
CZ02/Rt3&0&cDXHP&Ex&dxHP_equip__pkgEER/NE-dxAC_equip-pkgEER-13.2-IEER-TE-0.81-VarFan/instance-out.sql,1912165.21,253116.56
CZ02/Rt3&0&cDXHP&Ex&dxHP_equip__pkgEER/NE-dxAC_equip-pkgEER-14.8-IEER-TE-0.81-VarFan/instance-out.sql,1898990.93,253116.56
CZ02/Rt3&0&cDXHP&Ex&dxHP_equip__pkgEER/NE-dxAC_equip-pkgSEER-13.4-SEER2-VarFan/instance-out.sql,1908762.43,253116.56
CZ02/RtL&0&cDXHP&Ex&dxHP_equip__pkgEER/NE-dxAC_equip-pkgEER-14.2-IEER-TE-0.81/instance-out.sql,1913014.10,227314.74
CZ02/RtL&0&cDXHP&Ex&dxHP_equip__pkgEER/NE-dxAC_equip-pkgEER-13.2-IEER-TE-0.81/instance-out.sql,1920325.71,227314.74
CZ02/RtL&0&cDXHP&Ex&dxHP_equip__pkgEER/NE-dxAC_equip-pkgEER-14.8-IEER-TE-0.81/instance-out.sql,1906690.55,227314.74
CZ02/RtL&0&cDXHP&Ex&dxHP_equip__pkgEER/NE-dxAC_equip-pkgSEER-13.4-SEER2/instance-out.sql,1916803.88,227314.74
CZ02/RtL&0&cDXHP&Ex&dxHP_equip__pkgEER/NE-dxAC_equip-pkgEER-12.2-IEER-TE-0.80/instance-out.sql,1926865.53,228038.80
CZ02/RtL&0&cDXHP&Ex&dxHP_equip__pkgEER/NE-dxAC_equip-pkgEER-11.4-IEER-TE-0.80/instance-out.sql,1939344.59,228038.80
CZ02/RtL&0&cDXHP&Ex&dxHP_equip__pkgEER/NE-dxAC_equip-pkgEER-12.7-IEER-TE-0.80/instance-out.sql,1927352.18,228038.80
CZ02/RtL&0&cDXHP&Ex&dxHP_equip__pkgEER/NE-dxAC_equip-pkgSEER-12.35-SEER2/instance-out.sql,1924472.29,228038.80
CZ02/RtL&0&cDXHP&Ex&dxHP_equip__pkgEER/NE-dxHP_equip-pkgEER-14.5-IEER/instance-out.sql,1932043.54,169389.43
CZ02/RtL&0&cDXHP&Ex&dxHP_equip__pkgEER/NE-dxHP_equip-pkgEER-15.5-IEER/instance-out.sql,1925758.26,169389.43
CZ02/RtL&0&cDXHP&Ex&dxHP_equip__pkgEER/NE-dxHP_equip-pkgEER-13.5-IEER/instance-out.sql,1938416.69,169389.43
CZ02/RtL&0&cDXHP&Ex&dxHP_equip__pkgEER/NE-dxHP_equip-pkgEER-14-IEER/instance-out.sql,1933695.23,169389.43
CZ02/RtL&0&cDXHP&Ex&dxHP_equip__pkgEER/NE-dxHP_equip-pkgEER-15-IEER/instance-out.sql,1924766.18,169389.43
CZ02/RtL&0&cDXHP&Ex&dxHP_equip__pkgEER/NE-dxHP_equip-pkgEER-16-IEER/instance-out.sql,1916543.00,169389.43
CZ02/RtL&0&cDXHP&Ex&dxHP_equip__pkgEER/NE-dxHP_equip-pkgSEER-15.4-SEER2/instance-out.sql,1917644.07,169389.43
CZ02/RtL&0&cDXHP&Ex&dxHP_equip__pkgEER/NE-dxHP_equip-pkgSEER-16.3-SEER2/instance-out.sql,1911919.49,169389.43
CZ02/RtL&0&cDXHP&Ex&dxHP_equip__pkgEER/NE-dxHP_equip-pkgSEER-14.4-SEER2-1Stage/instance-out.sql,1923349.26,169389.43
CZ02/RtL&0&cDXHP&Ex&dxHP_equip__pkgEER/NE-dxHP_equip-pkgSEER-14.4-SEER2-2Stage/instance-out.sql,1737513.32,169390.69
CZ02/RtL&0&cDXHP&Ex&dxHP_equip__pkgEER/NE-dxHP_equip-spltSEER-14.4-SEER2-8.7-HSPF/instance-out.sql,1922933.04,169389.43
CZ02/RtL&0&cDXHP&Ex&dxHP_equip__pkgEER/NE-dxHP_equip-spltSEER-15.4-SEER2-9-HSPF/instance-out.sql,1917313.75,169389.43
CZ02/RtL&0&cDXHP&Ex&dxHP_equip__pkgEER/NE-dxHP_equip-spltSEER-16.3-SEER2-9.4-HSPF/instance-out.sql,1911672.62,169389.43
CZ02/RtL&0&cDXHP&Ex&dxHP_equip__pkgEER/NE-dxHP_equip-spltSEER-17.3-SEER2-9.7-HSPF/instance-out.sql,1907431.21,169389.43
CZ02/RtL&0&cDXHP&Ex&dxHP_equip__pkgEER/NE-dxAC_equip-pkgEER-14.2-IEER-TE-0.81-VarFan/instance-out.sql,1912809.69,227336.86
CZ02/RtL&0&cDXHP&Ex&dxHP_equip__pkgEER/NE-dxAC_equip-pkgEER-13.2-IEER-TE-0.81-VarFan/instance-out.sql,1920120.55,227336.86
CZ02/RtL&0&cDXHP&Ex&dxHP_equip__pkgEER/NE-dxAC_equip-pkgEER-14.8-IEER-TE-0.81-VarFan/instance-out.sql,1906486.79,227336.86
CZ02/RtL&0&cDXHP&Ex&dxHP_equip__pkgEER/NE-dxAC_equip-pkgSEER-13.4-SEER2-VarFan/instance-out.sql,1916599.09,227336.86
CZ02/RtS&0&cDXHP&Ex&dxHP_equip__pkgEER/NE-dxAC_equip-pkgEER-14.2-IEER-TE-0.81/instance-out.sql,117424.24,27892.21
CZ02/RtS&0&cDXHP&Ex&dxHP_equip__pkgEER/NE-dxAC_equip-pkgEER-13.2-IEER-TE-0.81/instance-out.sql,117933.76,27892.21
CZ02/RtS&0&cDXHP&Ex&dxHP_equip__pkgEER/NE-dxAC_equip-pkgEER-14.8-IEER-TE-0.81/instance-out.sql,116983.57,27892.21
CZ02/RtS&0&cDXHP&Ex&dxHP_equip__pkgEER/NE-dxAC_equip-pkgSEER-13.4-SEER2/instance-out.sql,117688.34,27892.21
CZ02/RtS&0&cDXHP&Ex&dxHP_equip__pkgEER/NE-dxAC_equip-pkgEER-12.2-IEER-TE-0.80/instance-out.sql,118389.50,28042.90
CZ02/RtS&0&cDXHP&Ex&dxHP_equip__pkgEER/NE-dxAC_equip-pkgEER-11.4-IEER-TE-0.80/instance-out.sql,119259.13,28042.90
CZ02/RtS&0&cDXHP&Ex&dxHP_equip__pkgEER/NE-dxAC_equip-pkgEER-12.7-IEER-TE-0.80/instance-out.sql,118423.41,28042.90
CZ02/RtS&0&cDXHP&Ex&dxHP_equip__pkgEER/NE-dxAC_equip-pkgSEER-12.35-SEER2/instance-out.sql,118222.72,28042.90
CZ02/RtS&0&cDXHP&Ex&dxHP_equip__pkgEER/NE-dxHP_equip-pkgEER-14.5-IEER/instance-out.sql,121073.31,15836.74
CZ02/RtS&0&cDXHP&Ex&dxHP_equip__pkgEER/NE-dxHP_equip-pkgEER-15.5-IEER/instance-out.sql,120633.15,15836.74
CZ02/RtS&0&cDXHP&Ex&dxHP_equip__pkgEER/NE-dxHP_equip-pkgEER-13.5-IEER/instance-out.sql,121519.62,15836.74
CZ02/RtS&0&cDXHP&Ex&dxHP_equip__pkgEER/NE-dxHP_equip-pkgEER-14-IEER/instance-out.sql,121188.98,15836.74
CZ02/RtS&0&cDXHP&Ex&dxHP_equip__pkgEER/NE-dxHP_equip-pkgEER-15-IEER/instance-out.sql,120435.19,15836.74
CZ02/RtS&0&cDXHP&Ex&dxHP_equip__pkgEER/NE-dxHP_equip-pkgEER-16-IEER/instance-out.sql,119859.32,15836.74
CZ02/RtS&0&cDXHP&Ex&dxHP_equip__pkgEER/NE-dxHP_equip-pkgSEER-15.4-SEER2/instance-out.sql,119767.05,15836.74
CZ02/RtS&0&cDXHP&Ex&dxHP_equip__pkgEER/NE-dxHP_equip-pkgSEER-16.3-SEER2/instance-out.sql,119323.38,15836.74
CZ02/RtS&0&cDXHP&Ex&dxHP_equip__pkgEER/NE-dxHP_equip-pkgSEER-14.4-SEER2-1Stage/instance-out.sql,120201.24,15836.74
CZ02/RtS&0&cDXHP&Ex&dxHP_equip__pkgEER/NE-dxHP_equip-pkgSEER-14.4-SEER2-2Stage/instance-out.sql,105715.39,15836.79
CZ02/RtS&0&cDXHP&Ex&dxHP_equip__pkgEER/NE-dxHP_equip-spltSEER-14.4-SEER2-8.7-HSPF/instance-out.sql,120118.19,15836.74
CZ02/RtS&0&cDXHP&Ex&dxHP_equip__pkgEER/NE-dxHP_equip-spltSEER-15.4-SEER2-9-HSPF/instance-out.sql,119701.14,15836.74
CZ02/RtS&0&cDXHP&Ex&dxHP_equip__pkgEER/NE-dxHP_equip-spltSEER-16.3-SEER2-9.4-HSPF/instance-out.sql,119274.12,15836.74
CZ02/RtS&0&cDXHP&Ex&dxHP_equip__pkgEER/NE-dxHP_equip-spltSEER-17.3-SEER2-9.7-HSPF/instance-out.sql,118959.31,15836.74
CZ02/RtS&0&cDXHP&Ex&dxHP_equip__pkgEER/NE-dxAC_equip-pkgEER-14.2-IEER-TE-0.81-VarFan/instance-out.sql,117408.97,27895.72
CZ02/RtS&0&cDXHP&Ex&dxHP_equip__pkgEER/NE-dxAC_equip-pkgEER-13.2-IEER-TE-0.81-VarFan/instance-out.sql,117918.44,27895.72
CZ02/RtS&0&cDXHP&Ex&dxHP_equip__pkgEER/NE-dxAC_equip-pkgEER-14.8-IEER-TE-0.81-VarFan/instance-out.sql,116968.35,27895.72
CZ02/RtS&0&cDXHP&Ex&dxHP_equip__pkgEER/NE-dxAC_equip-pkgSEER-13.4-SEER2-VarFan/instance-out.sql,117673.04,27895.72
CZ02/SCn&0&cDXHP&Ex&dxHP_equip__pkgEER/NE-dxAC_equip-pkgEER-14.2-IEER-TE-0.81/instance-out.sql,3038096.01,891755.10
CZ02/SCn&0&cDXHP&Ex&dxHP_equip__pkgEER/NE-dxAC_equip-pkgEER-13.2-IEER-TE-0.81/instance-out.sql,3049481.70,891755.10
CZ02/SCn&0&cDXHP&Ex&dxHP_equip__pkgEER/NE-dxAC_equip-pkgEER-14.8-IEER-TE-0.81/instance-out.sql,3028248.92,891755.10
CZ02/SCn&0&cDXHP&Ex&dxHP_equip__pkgEER/NE-dxAC_equip-pkgSEER-13.4-SEER2/instance-out.sql,3043997.49,891755.10
CZ02/SCn&0&cDXHP&Ex&dxHP_equip__pkgEER/NE-dxAC_equip-pkgEER-12.2-IEER-TE-0.80/instance-out.sql,3059665.57,901823.45
CZ02/SCn&0&cDXHP&Ex&dxHP_equip__pkgEER/NE-dxAC_equip-pkgEER-11.4-IEER-TE-0.80/instance-out.sql,3079098.06,901823.45
CZ02/SCn&0&cDXHP&Ex&dxHP_equip__pkgEER/NE-dxAC_equip-pkgEER-12.7-IEER-TE-0.80/instance-out.sql,3060423.39,901823.45
CZ02/SCn&0&cDXHP&Ex&dxHP_equip__pkgEER/NE-dxAC_equip-pkgSEER-12.35-SEER2/instance-out.sql,3055938.79,901823.45
CZ02/SCn&0&cDXHP&Ex&dxHP_equip__pkgEER/NE-dxHP_equip-pkgEER-14.5-IEER/instance-out.sql,3276026.32,86287.50
CZ02/SCn&0&cDXHP&Ex&dxHP_equip__pkgEER/NE-dxHP_equip-pkgEER-15.5-IEER/instance-out.sql,3266112.24,86287.50
CZ02/SCn&0&cDXHP&Ex&dxHP_equip__pkgEER/NE-dxHP_equip-pkgEER-13.5-IEER/instance-out.sql,3286079.01,86287.50
CZ02/SCn&0&cDXHP&Ex&dxHP_equip__pkgEER/NE-dxHP_equip-pkgEER-14-IEER/instance-out.sql,3278631.62,86287.50
CZ02/SCn&0&cDXHP&Ex&dxHP_equip__pkgEER/NE-dxHP_equip-pkgEER-15-IEER/instance-out.sql,3253075.52,86287.50
CZ02/SCn&0&cDXHP&Ex&dxHP_equip__pkgEER/NE-dxHP_equip-pkgEER-16-IEER/instance-out.sql,3240104.70,86287.50
CZ02/SCn&0&cDXHP&Ex&dxHP_equip__pkgEER/NE-dxHP_equip-pkgSEER-15.4-SEER2/instance-out.sql,3226718.00,86287.50
CZ02/SCn&0&cDXHP&Ex&dxHP_equip__pkgEER/NE-dxHP_equip-pkgSEER-16.3-SEER2/instance-out.sql,3213868.68,86287.50
CZ02/SCn&0&cDXHP&Ex&dxHP_equip__pkgEER/NE-dxHP_equip-pkgSEER-14.4-SEER2-1Stage/instance-out.sql,3238811.08,86287.50
CZ02/SCn&0&cDXHP&Ex&dxHP_equip__pkgEER/NE-dxHP_equip-pkgSEER-14.4-SEER2-2Stage/instance-out.sql,2576410.29,86287.53
CZ02/SCn&0&cDXHP&Ex&dxHP_equip__pkgEER/NE-dxHP_equip-spltSEER-14.4-SEER2-8.7-HSPF/instance-out.sql,3233341.55,86287.50
CZ02/SCn&0&cDXHP&Ex&dxHP_equip__pkgEER/NE-dxHP_equip-spltSEER-15.4-SEER2-9-HSPF/instance-out.sql,3222377.31,86287.50
CZ02/SCn&0&cDXHP&Ex&dxHP_equip__pkgEER/NE-dxHP_equip-spltSEER-16.3-SEER2-9.4-HSPF/instance-out.sql,3210624.65,86287.50
CZ02/SCn&0&cDXHP&Ex&dxHP_equip__pkgEER/NE-dxHP_equip-spltSEER-17.3-SEER2-9.7-HSPF/instance-out.sql,3202346.70,86287.50

File Name,Unmet Heating (Hours),Unmet Cooling (Hours)
CZ01/Asm&0&cDXHP&Ex&dxHP_equip__pkgEER/NE-dxAC_equip-pkgEER-14.2-IEER-TE-0.81/instance-out.sql,0.00,0.00
CZ01/Asm&0&cDXHP&Ex&dxHP_equip__pkgEER/NE-dxAC_equip-pkgEER-13.2-IEER-TE-0.81/instance-out.sql,0.00,0.00
CZ01/Asm&0&cDXHP&Ex&dxHP_equip__pkgEER/NE-dxAC_equip-pkgEER-14.8-IEER-TE-0.81/instance-out.sql,0.00,0.00
CZ01/Asm&0&cDXHP&Ex&dxHP_equip__pkgEER/NE-dxAC_equip-pkgSEER-13.4-SEER2/instance-out.sql,0.00,0.00
CZ01/Asm&0&cDXHP&Ex&dxHP_equip__pkgEER/NE-dxAC_equip-pkgEER-12.2-IEER-TE-0.80/instance-out.sql,0.00,0.00
CZ01/Asm&0&cDXHP&Ex&dxHP_equip__pkgEER/NE-dxAC_equip-pkgEER-11.4-IEER-TE-0.80/instance-out.sql,0.00,0.00
CZ01/Asm&0&cDXHP&Ex&dxHP_equip__pkgEER/NE-dxAC_equip-pkgEER-12.7-IEER-TE-0.80/instance-out.sql,0.00,0.00
CZ01/Asm&0&cDXHP&Ex&dxHP_equip__pkgEER/NE-dxAC_equip-pkgSEER-12.35-SEER2/instance-out.sql,0.00,0.00
CZ01/Asm&0&cDXHP&Ex&dxHP_equip__pkgEER/NE-dxHP_equip-pkgEER-14.5-IEER/instance-out.sql,0.00,0.00
CZ01/Asm&0&cDXHP&Ex&dxHP_equip__pkgEER/NE-dxHP_equip-pkgEER-15.5-IEER/instance-out.sql,0.00,0.00
CZ01/Asm&0&cDXHP&Ex&dxHP_equip__pkgEER/NE-dxHP_equip-pkgEER-13.5-IEER/instance-out.sql,0.00,0.00
CZ01/Asm&0&cDXHP&Ex&dxHP_equip__pkgEER/NE-dxHP_equip-pkgEER-14-IEER/instance-out.sql,0.00,0.00
CZ01/Asm&0&cDXHP&Ex&dxHP_equip__pkgEER/NE-dxHP_equip-pkgEER-15-IEER/instance-out.sql,0.00,0.00
CZ01/Asm&0&cDXHP&Ex&dxHP_equip__pkgEER/NE-dxHP_equip-pkgEER-16-IEER/instance-out.sql,0.00,0.00
CZ01/Asm&0&cDXHP&Ex&dxHP_equip__pkgEER/NE-dxHP_equip-pkgSEER-15.4-SEER2/instance-out.sql,0.00,0.00
CZ01/Asm&0&cDXHP&Ex&dxHP_equip__pkgEER/NE-dxHP_equip-pkgSEER-16.3-SEER2/instance-out.sql,0.00,0.00
CZ01/Asm&0&cDXHP&Ex&dxHP_equip__pkgEER/NE-dxHP_equip-pkgSEER-14.4-SEER2-1Stage/instance-out.sql,0.00,0.00
CZ01/Asm&0&cDXHP&Ex&dxHP_equip__pkgEER/NE-dxHP_equip-pkgSEER-14.4-SEER2-2Stage/instance-out.sql,0.00,0.00
CZ01/Asm&0&cDXHP&Ex&dxHP_equip__pkgEER/NE-dxHP_equip-spltSEER-14.4-SEER2-8.7-HSPF/instance-out.sql,0.00,0.00
CZ01/Asm&0&cDXHP&Ex&dxHP_equip__pkgEER/NE-dxHP_equip-spltSEER-15.4-SEER2-9-HSPF/instance-out.sql,0.00,0.00
CZ01/Asm&0&cDXHP&Ex&dxHP_equip__pkgEER/NE-dxHP_equip-spltSEER-16.3-SEER2-9.4-HSPF/instance-out.sql,0.00,0.00
CZ01/Asm&0&cDXHP&Ex&dxHP_equip__pkgEER/NE-dxHP_equip-spltSEER-17.3-SEER2-9.7-HSPF/instance-out.sql,0.00,0.00
CZ01/ECC&0&cDXHP&Ex&dxHP_equip__pkgEER/NE-dxAC_equip-pkgEER-14.2-IEER-TE-0.81/instance-out.sql,1.00,2959.00
CZ01/ECC&0&cDXHP&Ex&dxHP_equip__pkgEER/NE-dxAC_equip-pkgEER-13.2-IEER-TE-0.81/instance-out.sql,1.00,2959.00
CZ01/ECC&0&cDXHP&Ex&dxHP_equip__pkgEER/NE-dxAC_equip-pkgEER-14.8-IEER-TE-0.81/instance-out.sql,1.00,2959.00
CZ01/ECC&0&cDXHP&Ex&dxHP_equip__pkgEER/NE-dxAC_equip-pkgSEER-13.4-SEER2/instance-out.sql,1.00,2959.00
CZ01/ECC&0&cDXHP&Ex&dxHP_equip__pkgEER/NE-dxAC_equip-pkgEER-12.2-IEER-TE-0.80/instance-out.sql,1.00,2959.00
CZ01/ECC&0&cDXHP&Ex&dxHP_equip__pkgEER/NE-dxAC_equip-pkgEER-11.4-IEER-TE-0.80/instance-out.sql,1.00,2959.00
CZ01/ECC&0&cDXHP&Ex&dxHP_equip__pkgEER/NE-dxAC_equip-pkgEER-12.7-IEER-TE-0.80/instance-out.sql,1.00,2959.00
CZ01/ECC&0&cDXHP&Ex&dxHP_equip__pkgEER/NE-dxAC_equip-pkgSEER-12.35-SEER2/instance-out.sql,1.00,2959.00
CZ01/ECC&0&cDXHP&Ex&dxHP_equip__pkgEER/NE-dxHP_equip-pkgEER-14.5-IEER/instance-out.sql,1.00,2959.00
CZ01/ECC&0&cDXHP&Ex&dxHP_equip__pkgEER/NE-dxHP_equip-pkgEER-15.5-IEER/instance-out.sql,1.00,2959.00
CZ01/ECC&0&cDXHP&Ex&dxHP_equip__pkgEER/NE-dxHP_equip-pkgEER-13.5-IEER/instance-out.sql,1.00,2959.00
CZ01/ECC&0&cDXHP&Ex&dxHP_equip__pkgEER/NE-dxHP_equip-pkgEER-14-IEER/instance-out.sql,1.00,2959.00
CZ01/ECC&0&cDXHP&Ex&dxHP_equip__pkgEER/NE-dxHP_equip-pkgEER-15-IEER/instance-out.sql,1.00,2959.00
CZ01/ECC&0&cDXHP&Ex&dxHP_equip__pkgEER/NE-dxHP_equip-pkgEER-16-IEER/instance-out.sql,1.00,2959.00
CZ01/ECC&0&cDXHP&Ex&dxHP_equip__pkgEER/NE-dxHP_equip-pkgSEER-15.4-SEER2/instance-out.sql,1.00,2959.00
CZ01/ECC&0&cDXHP&Ex&dxHP_equip__pkgEER/NE-dxHP_equip-pkgSEER-16.3-SEER2/instance-out.sql,1.00,2959.00
CZ01/ECC&0&cDXHP&Ex&dxHP_equip__pkgEER/NE-dxHP_equip-pkgSEER-14.4-SEER2-1Stage/instance-out.sql,1.00,2959.00
CZ01/ECC&0&cDXHP&Ex&dxHP_equip__pkgEER/NE-dxHP_equip-pkgSEER-14.4-SEER2-2Stage/instance-out.sql,0.00,2404.00
CZ01/ECC&0&cDXHP&Ex&dxHP_equip__pkgEER/NE-dxHP_equip-spltSEER-14.4-SEER2-8.7-HSPF/instance-out.sql,1.00,2959.00
CZ01/ECC&0&cDXHP&Ex&dxHP_equip__pkgEER/NE-dxHP_equip-spltSEER-15.4-SEER2-9-HSPF/instance-out.sql,1.00,2959.00
CZ01/ECC&0&cDXHP&Ex&dxHP_equip__pkgEER/NE-dxHP_equip-spltSEER-16.3-SEER2-9.4-HSPF/instance-out.sql,1.00,2959.00
CZ01/ECC&0&cDXHP&Ex&dxHP_equip__pkgEER/NE-dxHP_equip-spltSEER-17.3-SEER2-9.7-HSPF/instance-out.sql,1.00,2959.00
CZ01/ECC&0&cDXHP&Ex&dxHP_equip__pkgEER/NE-dxAC_equip-pkgEER-14.2-IEER-TE-0.81-VarFan/instance-out.sql,1.00,2959.00
CZ01/ECC&0&cDXHP&Ex&dxHP_equip__pkgEER/NE-dxAC_equip-pkgEER-13.2-IEER-TE-0.81-VarFan/instance-out.sql,1.00,2959.00
CZ01/ECC&0&cDXHP&Ex&dxHP_equip__pkgEER/NE-dxAC_equip-pkgEER-14.8-IEER-TE-0.81-VarFan/instance-out.sql,1.00,2959.00
CZ01/ECC&0&cDXHP&Ex&dxHP_equip__pkgEER/NE-dxAC_equip-pkgSEER-13.4-SEER2-VarFan/instance-out.sql,1.00,2959.00
CZ01/EPr&0&cDXHP&Ex&dxHP_equip__pkgEER/NE-dxAC_equip-pkgEER-14.2-IEER-TE-0.81/instance-out.sql,0.00,0.00
CZ01/EPr&0&cDXHP&Ex&dxHP_equip__pkgEER/NE-dxAC_equip-pkgEER-13.2-IEER-TE-0.81/instance-out.sql,0.00,0.00
CZ01/EPr&0&cDXHP&Ex&dxHP_equip__pkgEER/NE-dxAC_equip-pkgEER-14.8-IEER-TE-0.81/instance-out.sql,0.00,0.00
CZ01/EPr&0&cDXHP&Ex&dxHP_equip__pkgEER/NE-dxAC_equip-pkgSEER-13.4-SEER2/instance-out.sql,0.00,0.00
CZ01/EPr&0&cDXHP&Ex&dxHP_equip__pkgEER/NE-dxAC_equip-pkgEER-12.2-IEER-TE-0.80/instance-out.sql,0.00,0.00
CZ01/EPr&0&cDXHP&Ex&dxHP_equip__pkgEER/NE-dxAC_equip-pkgEER-11.4-IEER-TE-0.80/instance-out.sql,0.00,0.00
CZ01/EPr&0&cDXHP&Ex&dxHP_equip__pkgEER/NE-dxAC_equip-pkgEER-12.7-IEER-TE-0.80/instance-out.sql,0.00,0.00
CZ01/EPr&0&cDXHP&Ex&dxHP_equip__pkgEER/NE-dxAC_equip-pkgSEER-12.35-SEER2/instance-out.sql,0.00,0.00
CZ01/EPr&0&cDXHP&Ex&dxHP_equip__pkgEER/NE-dxHP_equip-pkgEER-14.5-IEER/instance-out.sql,0.00,0.00
CZ01/EPr&0&cDXHP&Ex&dxHP_equip__pkgEER/NE-dxHP_equip-pkgEER-15.5-IEER/instance-out.sql,0.00,0.00
CZ01/EPr&0&cDXHP&Ex&dxHP_equip__pkgEER/NE-dxHP_equip-pkgEER-13.5-IEER/instance-out.sql,0.00,0.00
CZ01/EPr&0&cDXHP&Ex&dxHP_equip__pkgEER/NE-dxHP_equip-pkgEER-14-IEER/instance-out.sql,0.00,0.00
CZ01/EPr&0&cDXHP&Ex&dxHP_equip__pkgEER/NE-dxHP_equip-pkgEER-15-IEER/instance-out.sql,0.00,0.00
CZ01/EPr&0&cDXHP&Ex&dxHP_equip__pkgEER/NE-dxHP_equip-pkgEER-16-IEER/instance-out.sql,0.00,0.00
CZ01/EPr&0&cDXHP&Ex&dxHP_equip__pkgEER/NE-dxHP_equip-pkgSEER-15.4-SEER2/instance-out.sql,0.00,0.00
CZ01/EPr&0&cDXHP&Ex&dxHP_equip__pkgEER/NE-dxHP_equip-pkgSEER-16.3-SEER2/instance-out.sql,0.00,0.00
CZ01/EPr&0&cDXHP&Ex&dxHP_equip__pkgEER/NE-dxHP_equip-pkgSEER-14.4-SEER2-1Stage/instance-out.sql,0.00,0.00
CZ01/EPr&0&cDXHP&Ex&dxHP_equip__pkgEER/NE-dxHP_equip-pkgSEER-14.4-SEER2-2Stage/instance-out.sql,0.00,0.00
CZ01/EPr&0&cDXHP&Ex&dxHP_equip__pkgEER/NE-dxHP_equip-spltSEER-14.4-SEER2-8.7-HSPF/instance-out.sql,0.00,0.00
CZ01/EPr&0&cDXHP&Ex&dxHP_equip__pkgEER/NE-dxHP_equip-spltSEER-15.4-SEER2-9-HSPF/instance-out.sql,0.00,0.00
CZ01/EPr&0&cDXHP&Ex&dxHP_equip__pkgEER/NE-dxHP_equip-spltSEER-16.3-SEER2-9.4-HSPF/instance-out.sql,0.00,0.00
CZ01/EPr&0&cDXHP&Ex&dxHP_equip__pkgEER/NE-dxHP_equip-spltSEER-17.3-SEER2-9.7-HSPF/instance-out.sql,0.00,0.00
CZ01/EPr&0&cDXHP&Ex&dxHP_equip__pkgEER/NE-dxAC_equip-pkgEER-14.2-IEER-TE-0.81-VarFan/instance-out.sql,0.00,0.00
CZ01/EPr&0&cDXHP&Ex&dxHP_equip__pkgEER/NE-dxAC_equip-pkgEER-13.2-IEER-TE-0.81-VarFan/instance-out.sql,0.00,0.00
CZ01/EPr&0&cDXHP&Ex&dxHP_equip__pkgEER/NE-dxAC_equip-pkgEER-14.8-IEER-TE-0.81-VarFan/instance-out.sql,0.00,0.00
CZ01/EPr&0&cDXHP&Ex&dxHP_equip__pkgEER/NE-dxAC_equip-pkgSEER-13.4-SEER2-VarFan/instance-out.sql,0.00,0.00
CZ01/ERC&0&cDXHP&Ex&dxHP_equip__pkgEER/NE-dxAC_equip-pkgEER-14.2-IEER-TE-0.81/instance-out.sql,0.00,0.00
CZ01/ERC&0&cDXHP&Ex&dxHP_equip__pkgEER/NE-dxAC_equip-pkgEER-13.2-IEER-TE-0.81/instance-out.sql,0.00,0.00
CZ01/ERC&0&cDXHP&Ex&dxHP_equip__pkgEER/NE-dxAC_equip-pkgEER-14.8-IEER-TE-0.81/instance-out.sql,0.00,0.00
CZ01/ERC&0&cDXHP&Ex&dxHP_equip__pkgEER/NE-dxAC_equip-pkgSEER-13.4-SEER2/instance-out.sql,0.00,0.00
CZ01/ERC&0&cDXHP&Ex&dxHP_equip__pkgEER/NE-dxAC_equip-pkgEER-12.2-IEER-TE-0.80/instance-out.sql,0.00,0.00
CZ01/ERC&0&cDXHP&Ex&dxHP_equip__pkgEER/NE-dxAC_equip-pkgEER-11.4-IEER-TE-0.80/instance-out.sql,0.00,0.00
CZ01/ERC&0&cDXHP&Ex&dxHP_equip__pkgEER/NE-dxAC_equip-pkgEER-12.7-IEER-TE-0.80/instance-out.sql,0.00,0.00
CZ01/ERC&0&cDXHP&Ex&dxHP_equip__pkgEER/NE-dxAC_equip-pkgSEER-12.35-SEER2/instance-out.sql,0.00,0.00
CZ01/ERC&0&cDXHP&Ex&dxHP_equip__pkgEER/NE-dxHP_equip-pkgEER-14.5-IEER/instance-out.sql,0.00,0.00
CZ01/ERC&0&cDXHP&Ex&dxHP_equip__pkgEER/NE-dxHP_equip-pkgEER-15.5-IEER/instance-out.sql,0.00,0.00
CZ01/ERC&0&cDXHP&Ex&dxHP_equip__pkgEER/NE-dxHP_equip-pkgEER-13.5-IEER/instance-out.sql,0.00,0.00
CZ01/ERC&0&cDXHP&Ex&dxHP_equip__pkgEER/NE-dxHP_equip-pkgEER-14-IEER/instance-out.sql,0.00,0.00
CZ01/ERC&0&cDXHP&Ex&dxHP_equip__pkgEER/NE-dxHP_equip-pkgEER-15-IEER/instance-out.sql,0.00,0.00
CZ01/ERC&0&cDXHP&Ex&dxHP_equip__pkgEER/NE-dxHP_equip-pkgEER-16-IEER/instance-out.sql,0.00,0.00
CZ01/ERC&0&cDXHP&Ex&dxHP_equip__pkgEER/NE-dxHP_equip-pkgSEER-15.4-SEER2/instance-out.sql,0.00,0.00
CZ01/ERC&0&cDXHP&Ex&dxHP_equip__pkgEER/NE-dxHP_equip-pkgSEER-16.3-SEER2/instance-out.sql,0.00,0.00
CZ01/ERC&0&cDXHP&Ex&dxHP_equip__pkgEER/NE-dxHP_equip-pkgSEER-14.4-SEER2-1Stage/instance-out.sql,0.00,0.00
CZ01/ERC&0&cDXHP&Ex&dxHP_equip__pkgEER/NE-dxHP_equip-pkgSEER-14.4-SEER2-2Stage/instance-out.sql,1.00,0.00
CZ01/ERC&0&cDXHP&Ex&dxHP_equip__pkgEER/NE-dxHP_equip-spltSEER-14.4-SEER2-8.7-HSPF/instance-out.sql,0.00,0.00
CZ01/ERC&0&cDXHP&Ex&dxHP_equip__pkgEER/NE-dxHP_equip-spltSEER-15.4-SEER2-9-HSPF/instance-out.sql,0.00,0.00
CZ01/ERC&0&cDXHP&Ex&dxHP_equip__pkgEER/NE-dxHP_equip-spltSEER-16.3-SEER2-9.4-HSPF/instance-out.sql,0.00,0.00
CZ01/ERC&0&cDXHP&Ex&dxHP_equip__pkgEER/NE-dxHP_equip-spltSEER-17.3-SEER2-9.7-HSPF/instance-out.sql,0.00,0.00
CZ01/ERC&0&cDXHP&Ex&dxHP_equip__pkgEER/NE-dxAC_equip-pkgEER-14.2-IEER-TE-0.81-VarFan/instance-out.sql,0.00,0.00
CZ01/ERC&0&cDXHP&Ex&dxHP_equip__pkgEER/NE-dxAC_equip-pkgEER-13.2-IEER-TE-0.81-VarFan/instance-out.sql,0.00,0.00
CZ01/ERC&0&cDXHP&Ex&dxHP_equip__pkgEER/NE-dxAC_equip-pkgEER-14.8-IEER-TE-0.81-VarFan/instance-out.sql,0.00,0.00
CZ01/ERC&0&cDXHP&Ex&dxHP_equip__pkgEER/NE-dxAC_equip-pkgSEER-13.4-SEER2-VarFan/instance-out.sql,0.00,0.00
CZ01/ESe&0&cDXHP&Ex&dxHP_equip__pkgEER/NE-dxAC_equip-pkgEER-14.2-IEER-TE-0.81/instance-out.sql,1.00,0.00
CZ01/ESe&0&cDXHP&Ex&dxHP_equip__pkgEER/NE-dxAC_equip-pkgEER-13.2-IEER-TE-0.81/instance-out.sql,1.00,0.00
CZ01/ESe&0&cDXHP&Ex&dxHP_equip__pkgEER/NE-dxAC_equip-pkgEER-14.8-IEER-TE-0.81/instance-out.sql,1.00,0.00
CZ01/ESe&0&cDXHP&Ex&dxHP_equip__pkgEER/NE-dxAC_equip-pkgSEER-13.4-SEER2/instance-out.sql,1.00,0.00
CZ01/ESe&0&cDXHP&Ex&dxHP_equip__pkgEER/NE-dxAC_equip-pkgEER-12.2-IEER-TE-0.80/instance-out.sql,1.00,0.00
CZ01/ESe&0&cDXHP&Ex&dxHP_equip__pkgEER/NE-dxAC_equip-pkgEER-11.4-IEER-TE-0.80/instance-out.sql,1.00,0.00
CZ01/ESe&0&cDXHP&Ex&dxHP_equip__pkgEER/NE-dxAC_equip-pkgEER-12.7-IEER-TE-0.80/instance-out.sql,1.00,0.00
CZ01/ESe&0&cDXHP&Ex&dxHP_equip__pkgEER/NE-dxAC_equip-pkgSEER-12.35-SEER2/instance-out.sql,1.00,0.00
CZ01/ESe&0&cDXHP&Ex&dxHP_equip__pkgEER/NE-dxHP_equip-pkgEER-14.5-IEER/instance-out.sql,1.00,0.00
CZ01/ESe&0&cDXHP&Ex&dxHP_equip__pkgEER/NE-dxHP_equip-pkgEER-15.5-IEER/instance-out.sql,1.00,0.00
CZ01/ESe&0&cDXHP&Ex&dxHP_equip__pkgEER/NE-dxHP_equip-pkgEER-13.5-IEER/instance-out.sql,1.00,0.00
CZ01/ESe&0&cDXHP&Ex&dxHP_equip__pkgEER/NE-dxHP_equip-pkgEER-14-IEER/instance-out.sql,1.00,0.00
CZ01/ESe&0&cDXHP&Ex&dxHP_equip__pkgEER/NE-dxHP_equip-pkgEER-15-IEER/instance-out.sql,1.00,0.00
CZ01/ESe&0&cDXHP&Ex&dxHP_equip__pkgEER/NE-dxHP_equip-pkgEER-16-IEER/instance-out.sql,1.00,0.00
CZ01/ESe&0&cDXHP&Ex&dxHP_equip__pkgEER/NE-dxHP_equip-pkgSEER-15.4-SEER2/instance-out.sql,1.00,0.00
CZ01/ESe&0&cDXHP&Ex&dxHP_equip__pkgEER/NE-dxHP_equip-pkgSEER-16.3-SEER2/instance-out.sql,1.00,0.00
CZ01/ESe&0&cDXHP&Ex&dxHP_equip__pkgEER/NE-dxHP_equip-pkgSEER-14.4-SEER2-1Stage/instance-out.sql,1.00,0.00
CZ01/ESe&0&cDXHP&Ex&dxHP_equip__pkgEER/NE-dxHP_equip-pkgSEER-14.4-SEER2-2Stage/instance-out.sql,2.00,0.00
CZ01/ESe&0&cDXHP&Ex&dxHP_equip__pkgEER/NE-dxHP_equip-spltSEER-14.4-SEER2-8.7-HSPF/instance-out.sql,1.00,0.00
CZ01/ESe&0&cDXHP&Ex&dxHP_equip__pkgEER/NE-dxHP_equip-spltSEER-15.4-SEER2-9-HSPF/instance-out.sql,1.00,0.00
CZ01/ESe&0&cDXHP&Ex&dxHP_equip__pkgEER/NE-dxHP_equip-spltSEER-16.3-SEER2-9.4-HSPF/instance-out.sql,1.00,0.00
CZ01/ESe&0&cDXHP&Ex&dxHP_equip__pkgEER/NE-dxHP_equip-spltSEER-17.3-SEER2-9.7-HSPF/instance-out.sql,1.00,0.00
CZ01/ESe&0&cDXHP&Ex&dxHP_equip__pkgEER/NE-dxAC_equip-pkgEER-14.2-IEER-TE-0.81-VarFan/instance-out.sql,1.00,0.00
CZ01/ESe&0&cDXHP&Ex&dxHP_equip__pkgEER/NE-dxAC_equip-pkgEER-13.2-IEER-TE-0.81-VarFan/instance-out.sql,1.00,0.00
CZ01/ESe&0&cDXHP&Ex&dxHP_equip__pkgEER/NE-dxAC_equip-pkgEER-14.8-IEER-TE-0.81-VarFan/instance-out.sql,1.00,0.00
CZ01/ESe&0&cDXHP&Ex&dxHP_equip__pkgEER/NE-dxAC_equip-pkgSEER-13.4-SEER2-VarFan/instance-out.sql,1.00,0.00
CZ01/EUn&0&cDXHP&Ex&dxHP_equip__pkgEER/NE-dxAC_equip-pkgEER-14.2-IEER-TE-0.81/instance-out.sql,1.00,204.00
CZ01/EUn&0&cDXHP&Ex&dxHP_equip__pkgEER/NE-dxAC_equip-pkgEER-13.2-IEER-TE-0.81/instance-out.sql,1.00,204.00
CZ01/EUn&0&cDXHP&Ex&dxHP_equip__pkgEER/NE-dxAC_equip-pkgEER-14.8-IEER-TE-0.81/instance-out.sql,1.00,204.00
CZ01/EUn&0&cDXHP&Ex&dxHP_equip__pkgEER/NE-dxAC_equip-pkgSEER-13.4-SEER2/instance-out.sql,1.00,204.00
CZ01/EUn&0&cDXHP&Ex&dxHP_equip__pkgEER/NE-dxAC_equip-pkgEER-12.2-IEER-TE-0.80/instance-out.sql,1.00,204.00
CZ01/EUn&0&cDXHP&Ex&dxHP_equip__pkgEER/NE-dxAC_equip-pkgEER-11.4-IEER-TE-0.80/instance-out.sql,1.00,204.00
CZ01/EUn&0&cDXHP&Ex&dxHP_equip__pkgEER/NE-dxAC_equip-pkgEER-12.7-IEER-TE-0.80/instance-out.sql,1.00,204.00
CZ01/EUn&0&cDXHP&Ex&dxHP_equip__pkgEER/NE-dxAC_equip-pkgSEER-12.35-SEER2/instance-out.sql,1.00,204.00
CZ01/EUn&0&cDXHP&Ex&dxHP_equip__pkgEER/NE-dxHP_equip-pkgEER-14.5-IEER/instance-out.sql,1.00,203.00
CZ01/EUn&0&cDXHP&Ex&dxHP_equip__pkgEER/NE-dxHP_equip-pkgEER-15.5-IEER/instance-out.sql,1.00,203.00
CZ01/EUn&0&cDXHP&Ex&dxHP_equip__pkgEER/NE-dxHP_equip-pkgEER-13.5-IEER/instance-out.sql,1.00,203.00
CZ01/EUn&0&cDXHP&Ex&dxHP_equip__pkgEER/NE-dxHP_equip-pkgEER-14-IEER/instance-out.sql,1.00,203.00
CZ01/EUn&0&cDXHP&Ex&dxHP_equip__pkgEER/NE-dxHP_equip-pkgEER-15-IEER/instance-out.sql,1.00,203.00
CZ01/EUn&0&cDXHP&Ex&dxHP_equip__pkgEER/NE-dxHP_equip-pkgEER-16-IEER/instance-out.sql,1.00,203.00
CZ01/EUn&0&cDXHP&Ex&dxHP_equip__pkgEER/NE-dxHP_equip-pkgSEER-15.4-SEER2/instance-out.sql,1.00,203.00
CZ01/EUn&0&cDXHP&Ex&dxHP_equip__pkgEER/NE-dxHP_equip-pkgSEER-16.3-SEER2/instance-out.sql,1.00,203.00
CZ01/EUn&0&cDXHP&Ex&dxHP_equip__pkgEER/NE-dxHP_equip-pkgSEER-14.4-SEER2-1Stage/instance-out.sql,1.00,203.00
CZ01/EUn&0&cDXHP&Ex&dxHP_equip__pkgEER/NE-dxHP_equip-pkgSEER-14.4-SEER2-2Stage/instance-out.sql,2.00,185.00
CZ01/EUn&0&cDXHP&Ex&dxHP_equip__pkgEER/NE-dxHP_equip-spltSEER-14.4-SEER2-8.7-HSPF/instance-out.sql,1.00,203.00
CZ01/EUn&0&cDXHP&Ex&dxHP_equip__pkgEER/NE-dxHP_equip-spltSEER-15.4-SEER2-9-HSPF/instance-out.sql,1.00,203.00
CZ01/EUn&0&cDXHP&Ex&dxHP_equip__pkgEER/NE-dxHP_equip-spltSEER-16.3-SEER2-9.4-HSPF/instance-out.sql,1.00,203.00
CZ01/EUn&0&cDXHP&Ex&dxHP_equip__pkgEER/NE-dxHP_equip-spltSEER-17.3-SEER2-9.7-HSPF/instance-out.sql,1.00,203.00
CZ01/EUn&0&cDXHP&Ex&dxHP_equip__pkgEER/NE-dxAC_equip-pkgEER-14.2-IEER-TE-0.81-VarFan/instance-out.sql,1.00,204.00
CZ01/EUn&0&cDXHP&Ex&dxHP_equip__pkgEER/NE-dxAC_equip-pkgEER-13.2-IEER-TE-0.81-VarFan/instance-out.sql,1.00,204.00
CZ01/EUn&0&cDXHP&Ex&dxHP_equip__pkgEER/NE-dxAC_equip-pkgEER-14.8-IEER-TE-0.81-VarFan/instance-out.sql,1.00,204.00
CZ01/EUn&0&cDXHP&Ex&dxHP_equip__pkgEER/NE-dxAC_equip-pkgSEER-13.4-SEER2-VarFan/instance-out.sql,1.00,204.00
CZ01/Gro&0&cDXHP&Ex&dxHP_equip__pkgEER/NE-dxAC_equip-pkgEER-14.2-IEER-TE-0.81/instance-out.sql,0.00,0.00
CZ01/Gro&0&cDXHP&Ex&dxHP_equip__pkgEER/NE-dxAC_equip-pkgEER-13.2-IEER-TE-0.81/instance-out.sql,0.00,0.00
CZ01/Gro&0&cDXHP&Ex&dxHP_equip__pkgEER/NE-dxAC_equip-pkgEER-14.8-IEER-TE-0.81/instance-out.sql,0.00,0.00
CZ01/Gro&0&cDXHP&Ex&dxHP_equip__pkgEER/NE-dxAC_equip-pkgSEER-13.4-SEER2/instance-out.sql,0.00,0.00
CZ01/Gro&0&cDXHP&Ex&dxHP_equip__pkgEER/NE-dxAC_equip-pkgEER-12.2-IEER-TE-0.80/instance-out.sql,0.00,0.00
CZ01/Gro&0&cDXHP&Ex&dxHP_equip__pkgEER/NE-dxAC_equip-pkgEER-11.4-IEER-TE-0.80/instance-out.sql,0.00,0.00
CZ01/Gro&0&cDXHP&Ex&dxHP_equip__pkgEER/NE-dxAC_equip-pkgEER-12.7-IEER-TE-0.80/instance-out.sql,0.00,0.00
CZ01/Gro&0&cDXHP&Ex&dxHP_equip__pkgEER/NE-dxAC_equip-pkgSEER-12.35-SEER2/instance-out.sql,0.00,0.00
CZ01/Gro&0&cDXHP&Ex&dxHP_equip__pkgEER/NE-dxHP_equip-pkgEER-14.5-IEER/instance-out.sql,0.00,0.00
CZ01/Gro&0&cDXHP&Ex&dxHP_equip__pkgEER/NE-dxHP_equip-pkgEER-15.5-IEER/instance-out.sql,0.00,0.00
CZ01/Gro&0&cDXHP&Ex&dxHP_equip__pkgEER/NE-dxHP_equip-pkgEER-13.5-IEER/instance-out.sql,0.00,0.00
CZ01/Gro&0&cDXHP&Ex&dxHP_equip__pkgEER/NE-dxHP_equip-pkgEER-14-IEER/instance-out.sql,0.00,0.00
CZ01/Gro&0&cDXHP&Ex&dxHP_equip__pkgEER/NE-dxHP_equip-pkgEER-15-IEER/instance-out.sql,0.00,0.00
CZ01/Gro&0&cDXHP&Ex&dxHP_equip__pkgEER/NE-dxHP_equip-pkgEER-16-IEER/instance-out.sql,0.00,0.00
CZ01/Gro&0&cDXHP&Ex&dxHP_equip__pkgEER/NE-dxHP_equip-pkgSEER-15.4-SEER2/instance-out.sql,0.00,0.00
CZ01/Gro&0&cDXHP&Ex&dxHP_equip__pkgEER/NE-dxHP_equip-pkgSEER-16.3-SEER2/instance-out.sql,0.00,0.00
CZ01/Gro&0&cDXHP&Ex&dxHP_equip__pkgEER/NE-dxHP_equip-pkgSEER-14.4-SEER2-1Stage/instance-out.sql,0.00,0.00
CZ01/Gro&0&cDXHP&Ex&dxHP_equip__pkgEER/NE-dxHP_equip-pkgSEER-14.4-SEER2-2Stage/instance-out.sql,0.00,0.00
CZ01/Gro&0&cDXHP&Ex&dxHP_equip__pkgEER/NE-dxHP_equip-spltSEER-14.4-SEER2-8.7-HSPF/instance-out.sql,0.00,0.00
CZ01/Gro&0&cDXHP&Ex&dxHP_equip__pkgEER/NE-dxHP_equip-spltSEER-15.4-SEER2-9-HSPF/instance-out.sql,0.00,0.00
CZ01/Gro&0&cDXHP&Ex&dxHP_equip__pkgEER/NE-dxHP_equip-spltSEER-16.3-SEER2-9.4-HSPF/instance-out.sql,0.00,0.00
CZ01/Gro&0&cDXHP&Ex&dxHP_equip__pkgEER/NE-dxHP_equip-spltSEER-17.3-SEER2-9.7-HSPF/instance-out.sql,0.00,0.00
CZ01/Gro&0&cDXHP&Ex&dxHP_equip__pkgEER/NE-dxAC_equip-pkgEER-14.2-IEER-TE-0.81-VarFan/instance-out.sql,0.00,0.00
CZ01/Gro&0&cDXHP&Ex&dxHP_equip__pkgEER/NE-dxAC_equip-pkgEER-13.2-IEER-TE-0.81-VarFan/instance-out.sql,0.00,0.00
CZ01/Gro&0&cDXHP&Ex&dxHP_equip__pkgEER/NE-dxAC_equip-pkgEER-14.8-IEER-TE-0.81-VarFan/instance-out.sql,0.00,0.00
CZ01/Gro&0&cDXHP&Ex&dxHP_equip__pkgEER/NE-dxAC_equip-pkgSEER-13.4-SEER2-VarFan/instance-out.sql,0.00,0.00
CZ01/Hsp&0&cDXHP&Ex&dxHP_equip__pkgEER/NE-dxAC_equip-pkgEER-14.2-IEER-TE-0.81/instance-out.sql,1.00,204.00
CZ01/Hsp&0&cDXHP&Ex&dxHP_equip__pkgEER/NE-dxAC_equip-pkgEER-13.2-IEER-TE-0.81/instance-out.sql,1.00,204.00
CZ01/Hsp&0&cDXHP&Ex&dxHP_equip__pkgEER/NE-dxAC_equip-pkgEER-14.8-IEER-TE-0.81/instance-out.sql,1.00,204.00
CZ01/Hsp&0&cDXHP&Ex&dxHP_equip__pkgEER/NE-dxAC_equip-pkgSEER-13.4-SEER2/instance-out.sql,1.00,204.00
CZ01/Hsp&0&cDXHP&Ex&dxHP_equip__pkgEER/NE-dxAC_equip-pkgEER-12.2-IEER-TE-0.80/instance-out.sql,1.00,204.00
CZ01/Hsp&0&cDXHP&Ex&dxHP_equip__pkgEER/NE-dxAC_equip-pkgEER-11.4-IEER-TE-0.80/instance-out.sql,1.00,204.00
CZ01/Hsp&0&cDXHP&Ex&dxHP_equip__pkgEER/NE-dxAC_equip-pkgEER-12.7-IEER-TE-0.80/instance-out.sql,1.00,204.00
CZ01/Hsp&0&cDXHP&Ex&dxHP_equip__pkgEER/NE-dxAC_equip-pkgSEER-12.35-SEER2/instance-out.sql,1.00,204.00
CZ01/Hsp&0&cDXHP&Ex&dxHP_equip__pkgEER/NE-dxHP_equip-pkgEER-14.5-IEER/instance-out.sql,1.00,204.00
CZ01/Hsp&0&cDXHP&Ex&dxHP_equip__pkgEER/NE-dxHP_equip-pkgEER-15.5-IEER/instance-out.sql,1.00,204.00
CZ01/Hsp&0&cDXHP&Ex&dxHP_equip__pkgEER/NE-dxHP_equip-pkgEER-13.5-IEER/instance-out.sql,1.00,204.00
CZ01/Hsp&0&cDXHP&Ex&dxHP_equip__pkgEER/NE-dxHP_equip-pkgEER-14-IEER/instance-out.sql,1.00,204.00
CZ01/Hsp&0&cDXHP&Ex&dxHP_equip__pkgEER/NE-dxHP_equip-pkgEER-15-IEER/instance-out.sql,1.00,204.00
CZ01/Hsp&0&cDXHP&Ex&dxHP_equip__pkgEER/NE-dxHP_equip-pkgEER-16-IEER/instance-out.sql,1.00,204.00
CZ01/Hsp&0&cDXHP&Ex&dxHP_equip__pkgEER/NE-dxHP_equip-pkgSEER-15.4-SEER2/instance-out.sql,1.00,204.00
CZ01/Hsp&0&cDXHP&Ex&dxHP_equip__pkgEER/NE-dxHP_equip-pkgSEER-16.3-SEER2/instance-out.sql,1.00,204.00
CZ01/Hsp&0&cDXHP&Ex&dxHP_equip__pkgEER/NE-dxHP_equip-pkgSEER-14.4-SEER2-1Stage/instance-out.sql,1.00,204.00
CZ01/Hsp&0&cDXHP&Ex&dxHP_equip__pkgEER/NE-dxHP_equip-pkgSEER-14.4-SEER2-2Stage/instance-out.sql,2.00,192.00
CZ01/Hsp&0&cDXHP&Ex&dxHP_equip__pkgEER/NE-dxHP_equip-spltSEER-14.4-SEER2-8.7-HSPF/instance-out.sql,1.00,204.00
CZ01/Hsp&0&cDXHP&Ex&dxHP_equip__pkgEER/NE-dxHP_equip-spltSEER-15.4-SEER2-9-HSPF/instance-out.sql,1.00,204.00
CZ01/Hsp&0&cDXHP&Ex&dxHP_equip__pkgEER/NE-dxHP_equip-spltSEER-16.3-SEER2-9.4-HSPF/instance-out.sql,1.00,204.00
CZ01/Hsp&0&cDXHP&Ex&dxHP_equip__pkgEER/NE-dxHP_equip-spltSEER-17.3-SEER2-9.7-HSPF/instance-out.sql,1.00,204.00
CZ01/MBT&0&cDXHP&Ex&dxHP_equip__pkgEER/NE-dxAC_equip-pkgEER-14.2-IEER-TE-0.81/instance-out.sql,0.00,188.00
CZ01/MBT&0&cDXHP&Ex&dxHP_equip__pkgEER/NE-dxAC_equip-pkgEER-13.2-IEER-TE-0.81/instance-out.sql,0.00,188.00
CZ01/MBT&0&cDXHP&Ex&dxHP_equip__pkgEER/NE-dxAC_equip-pkgEER-14.8-IEER-TE-0.81/instance-out.sql,0.00,188.00
CZ01/MBT&0&cDXHP&Ex&dxHP_equip__pkgEER/NE-dxAC_equip-pkgSEER-13.4-SEER2/instance-out.sql,0.00,188.00
CZ01/MBT&0&cDXHP&Ex&dxHP_equip__pkgEER/NE-dxAC_equip-pkgEER-12.2-IEER-TE-0.80/instance-out.sql,0.00,188.00
CZ01/MBT&0&cDXHP&Ex&dxHP_equip__pkgEER/NE-dxAC_equip-pkgEER-11.4-IEER-TE-0.80/instance-out.sql,0.00,188.00
CZ01/MBT&0&cDXHP&Ex&dxHP_equip__pkgEER/NE-dxAC_equip-pkgEER-12.7-IEER-TE-0.80/instance-out.sql,0.00,188.00
CZ01/MBT&0&cDXHP&Ex&dxHP_equip__pkgEER/NE-dxAC_equip-pkgSEER-12.35-SEER2/instance-out.sql,0.00,188.00
CZ01/MBT&0&cDXHP&Ex&dxHP_equip__pkgEER/NE-dxHP_equip-pkgEER-14.5-IEER/instance-out.sql,0.00,188.00
CZ01/MBT&0&cDXHP&Ex&dxHP_equip__pkgEER/NE-dxHP_equip-pkgEER-15.5-IEER/instance-out.sql,0.00,188.00
CZ01/MBT&0&cDXHP&Ex&dxHP_equip__pkgEER/NE-dxHP_equip-pkgEER-13.5-IEER/instance-out.sql,0.00,188.00
CZ01/MBT&0&cDXHP&Ex&dxHP_equip__pkgEER/NE-dxHP_equip-pkgEER-14-IEER/instance-out.sql,0.00,188.00
CZ01/MBT&0&cDXHP&Ex&dxHP_equip__pkgEER/NE-dxHP_equip-pkgEER-15-IEER/instance-out.sql,0.00,188.00
CZ01/MBT&0&cDXHP&Ex&dxHP_equip__pkgEER/NE-dxHP_equip-pkgEER-16-IEER/instance-out.sql,0.00,188.00
CZ01/MBT&0&cDXHP&Ex&dxHP_equip__pkgEER/NE-dxHP_equip-pkgSEER-15.4-SEER2/instance-out.sql,0.00,188.00
CZ01/MBT&0&cDXHP&Ex&dxHP_equip__pkgEER/NE-dxHP_equip-pkgSEER-16.3-SEER2/instance-out.sql,0.00,188.00
CZ01/MBT&0&cDXHP&Ex&dxHP_equip__pkgEER/NE-dxHP_equip-pkgSEER-14.4-SEER2-1Stage/instance-out.sql,0.00,188.00
CZ01/MBT&0&cDXHP&Ex&dxHP_equip__pkgEER/NE-dxHP_equip-pkgSEER-14.4-SEER2-2Stage/instance-out.sql,2.00,152.00
CZ01/MBT&0&cDXHP&Ex&dxHP_equip__pkgEER/NE-dxHP_equip-spltSEER-14.4-SEER2-8.7-HSPF/instance-out.sql,0.00,188.00
CZ01/MBT&0&cDXHP&Ex&dxHP_equip__pkgEER/NE-dxHP_equip-spltSEER-15.4-SEER2-9-HSPF/instance-out.sql,0.00,188.00
CZ01/MBT&0&cDXHP&Ex&dxHP_equip__pkgEER/NE-dxHP_equip-spltSEER-16.3-SEER2-9.4-HSPF/instance-out.sql,0.00,188.00
CZ01/MBT&0&cDXHP&Ex&dxHP_equip__pkgEER/NE-dxHP_equip-spltSEER-17.3-SEER2-9.7-HSPF/instance-out.sql,0.00,188.00
CZ01/MLI&0&cDXHP&Ex&dxHP_equip__pkgEER/NE-dxAC_equip-pkgEER-14.2-IEER-TE-0.81/instance-out.sql,0.00,0.00
CZ01/MLI&0&cDXHP&Ex&dxHP_equip__pkgEER/NE-dxAC_equip-pkgEER-13.2-IEER-TE-0.81/instance-out.sql,0.00,0.00
CZ01/MLI&0&cDXHP&Ex&dxHP_equip__pkgEER/NE-dxAC_equip-pkgEER-14.8-IEER-TE-0.81/instance-out.sql,0.00,0.00
CZ01/MLI&0&cDXHP&Ex&dxHP_equip__pkgEER/NE-dxAC_equip-pkgSEER-13.4-SEER2/instance-out.sql,0.00,0.00
CZ01/MLI&0&cDXHP&Ex&dxHP_equip__pkgEER/NE-dxAC_equip-pkgEER-12.2-IEER-TE-0.80/instance-out.sql,0.00,0.00
CZ01/MLI&0&cDXHP&Ex&dxHP_equip__pkgEER/NE-dxAC_equip-pkgEER-11.4-IEER-TE-0.80/instance-out.sql,0.00,0.00
CZ01/MLI&0&cDXHP&Ex&dxHP_equip__pkgEER/NE-dxAC_equip-pkgEER-12.7-IEER-TE-0.80/instance-out.sql,0.00,0.00
CZ01/MLI&0&cDXHP&Ex&dxHP_equip__pkgEER/NE-dxAC_equip-pkgSEER-12.35-SEER2/instance-out.sql,0.00,0.00
CZ01/MLI&0&cDXHP&Ex&dxHP_equip__pkgEER/NE-dxHP_equip-pkgEER-14.5-IEER/instance-out.sql,0.00,0.00
CZ01/MLI&0&cDXHP&Ex&dxHP_equip__pkgEER/NE-dxHP_equip-pkgEER-15.5-IEER/instance-out.sql,0.00,0.00
CZ01/MLI&0&cDXHP&Ex&dxHP_equip__pkgEER/NE-dxHP_equip-pkgEER-13.5-IEER/instance-out.sql,0.00,0.00
CZ01/MLI&0&cDXHP&Ex&dxHP_equip__pkgEER/NE-dxHP_equip-pkgEER-14-IEER/instance-out.sql,0.00,0.00
CZ01/MLI&0&cDXHP&Ex&dxHP_equip__pkgEER/NE-dxHP_equip-pkgEER-15-IEER/instance-out.sql,0.00,0.00
CZ01/MLI&0&cDXHP&Ex&dxHP_equip__pkgEER/NE-dxHP_equip-pkgEER-16-IEER/instance-out.sql,0.00,0.00
CZ01/MLI&0&cDXHP&Ex&dxHP_equip__pkgEER/NE-dxHP_equip-pkgSEER-15.4-SEER2/instance-out.sql,0.00,0.00
CZ01/MLI&0&cDXHP&Ex&dxHP_equip__pkgEER/NE-dxHP_equip-pkgSEER-16.3-SEER2/instance-out.sql,0.00,0.00
CZ01/MLI&0&cDXHP&Ex&dxHP_equip__pkgEER/NE-dxHP_equip-pkgSEER-14.4-SEER2-1Stage/instance-out.sql,0.00,0.00
CZ01/MLI&0&cDXHP&Ex&dxHP_equip__pkgEER/NE-dxHP_equip-pkgSEER-14.4-SEER2-2Stage/instance-out.sql,0.00,0.00
CZ01/MLI&0&cDXHP&Ex&dxHP_equip__pkgEER/NE-dxHP_equip-spltSEER-14.4-SEER2-8.7-HSPF/instance-out.sql,0.00,0.00
CZ01/MLI&0&cDXHP&Ex&dxHP_equip__pkgEER/NE-dxHP_equip-spltSEER-15.4-SEER2-9-HSPF/instance-out.sql,0.00,0.00
CZ01/MLI&0&cDXHP&Ex&dxHP_equip__pkgEER/NE-dxHP_equip-spltSEER-16.3-SEER2-9.4-HSPF/instance-out.sql,0.00,0.00
CZ01/MLI&0&cDXHP&Ex&dxHP_equip__pkgEER/NE-dxHP_equip-spltSEER-17.3-SEER2-9.7-HSPF/instance-out.sql,0.00,0.00
CZ01/Mtl&0&cDXHP&Ex&dxHP_equip__pkgEER/NE-dxAC_equip-pkgEER-14.2-IEER-TE-0.81/instance-out.sql,0.00,48.00
CZ01/Mtl&0&cDXHP&Ex&dxHP_equip__pkgEER/NE-dxAC_equip-pkgEER-13.2-IEER-TE-0.81/instance-out.sql,0.00,48.00
CZ01/Mtl&0&cDXHP&Ex&dxHP_equip__pkgEER/NE-dxAC_equip-pkgEER-14.8-IEER-TE-0.81/instance-out.sql,0.00,48.00
CZ01/Mtl&0&cDXHP&Ex&dxHP_equip__pkgEER/NE-dxAC_equip-pkgSEER-13.4-SEER2/instance-out.sql,0.00,48.00
CZ01/Mtl&0&cDXHP&Ex&dxHP_equip__pkgEER/NE-dxAC_equip-pkgEER-12.2-IEER-TE-0.80/instance-out.sql,0.00,48.00
CZ01/Mtl&0&cDXHP&Ex&dxHP_equip__pkgEER/NE-dxAC_equip-pkgEER-11.4-IEER-TE-0.80/instance-out.sql,0.00,48.00
CZ01/Mtl&0&cDXHP&Ex&dxHP_equip__pkgEER/NE-dxAC_equip-pkgEER-12.7-IEER-TE-0.80/instance-out.sql,0.00,48.00
CZ01/Mtl&0&cDXHP&Ex&dxHP_equip__pkgEER/NE-dxAC_equip-pkgSEER-12.35-SEER2/instance-out.sql,0.00,48.00
CZ01/Mtl&0&cDXHP&Ex&dxHP_equip__pkgEER/NE-dxHP_equip-pkgEER-14.5-IEER/instance-out.sql,0.00,47.00
CZ01/Mtl&0&cDXHP&Ex&dxHP_equip__pkgEER/NE-dxHP_equip-pkgEER-15.5-IEER/instance-out.sql,0.00,47.00
CZ01/Mtl&0&cDXHP&Ex&dxHP_equip__pkgEER/NE-dxHP_equip-pkgEER-13.5-IEER/instance-out.sql,0.00,47.00
CZ01/Mtl&0&cDXHP&Ex&dxHP_equip__pkgEER/NE-dxHP_equip-pkgEER-14-IEER/instance-out.sql,0.00,47.00
CZ01/Mtl&0&cDXHP&Ex&dxHP_equip__pkgEER/NE-dxHP_equip-pkgEER-15-IEER/instance-out.sql,0.00,47.00
CZ01/Mtl&0&cDXHP&Ex&dxHP_equip__pkgEER/NE-dxHP_equip-pkgEER-16-IEER/instance-out.sql,0.00,47.00
CZ01/Mtl&0&cDXHP&Ex&dxHP_equip__pkgEER/NE-dxHP_equip-pkgSEER-15.4-SEER2/instance-out.sql,0.00,47.00
CZ01/Mtl&0&cDXHP&Ex&dxHP_equip__pkgEER/NE-dxHP_equip-pkgSEER-16.3-SEER2/instance-out.sql,0.00,47.00
CZ01/Mtl&0&cDXHP&Ex&dxHP_equip__pkgEER/NE-dxHP_equip-pkgSEER-14.4-SEER2-1Stage/instance-out.sql,0.00,47.00
CZ01/Mtl&0&cDXHP&Ex&dxHP_equip__pkgEER/NE-dxHP_equip-pkgSEER-14.4-SEER2-2Stage/instance-out.sql,5.00,46.00
CZ01/Mtl&0&cDXHP&Ex&dxHP_equip__pkgEER/NE-dxHP_equip-spltSEER-14.4-SEER2-8.7-HSPF/instance-out.sql,0.00,47.00
CZ01/Mtl&0&cDXHP&Ex&dxHP_equip__pkgEER/NE-dxHP_equip-spltSEER-15.4-SEER2-9-HSPF/instance-out.sql,0.00,47.00
CZ01/Mtl&0&cDXHP&Ex&dxHP_equip__pkgEER/NE-dxHP_equip-spltSEER-16.3-SEER2-9.4-HSPF/instance-out.sql,0.00,47.00
CZ01/Mtl&0&cDXHP&Ex&dxHP_equip__pkgEER/NE-dxHP_equip-spltSEER-17.3-SEER2-9.7-HSPF/instance-out.sql,0.00,47.00
CZ01/Nrs&0&cDXHP&Ex&dxHP_equip__pkgEER/NE-dxAC_equip-pkgEER-14.2-IEER-TE-0.81/instance-out.sql,0.00,0.00
CZ01/Nrs&0&cDXHP&Ex&dxHP_equip__pkgEER/NE-dxAC_equip-pkgEER-13.2-IEER-TE-0.81/instance-out.sql,0.00,0.00
CZ01/Nrs&0&cDXHP&Ex&dxHP_equip__pkgEER/NE-dxAC_equip-pkgEER-14.8-IEER-TE-0.81/instance-out.sql,0.00,0.00
CZ01/Nrs&0&cDXHP&Ex&dxHP_equip__pkgEER/NE-dxAC_equip-pkgSEER-13.4-SEER2/instance-out.sql,0.00,0.00
CZ01/Nrs&0&cDXHP&Ex&dxHP_equip__pkgEER/NE-dxAC_equip-pkgEER-12.2-IEER-TE-0.80/instance-out.sql,0.00,0.00
CZ01/Nrs&0&cDXHP&Ex&dxHP_equip__pkgEER/NE-dxAC_equip-pkgEER-11.4-IEER-TE-0.80/instance-out.sql,0.00,0.00
CZ01/Nrs&0&cDXHP&Ex&dxHP_equip__pkgEER/NE-dxAC_equip-pkgEER-12.7-IEER-TE-0.80/instance-out.sql,0.00,0.00
CZ01/Nrs&0&cDXHP&Ex&dxHP_equip__pkgEER/NE-dxAC_equip-pkgSEER-12.35-SEER2/instance-out.sql,0.00,0.00
CZ01/Nrs&0&cDXHP&Ex&dxHP_equip__pkgEER/NE-dxHP_equip-pkgEER-14.5-IEER/instance-out.sql,0.00,0.00
CZ01/Nrs&0&cDXHP&Ex&dxHP_equip__pkgEER/NE-dxHP_equip-pkgEER-15.5-IEER/instance-out.sql,0.00,0.00
CZ01/Nrs&0&cDXHP&Ex&dxHP_equip__pkgEER/NE-dxHP_equip-pkgEER-13.5-IEER/instance-out.sql,0.00,0.00
CZ01/Nrs&0&cDXHP&Ex&dxHP_equip__pkgEER/NE-dxHP_equip-pkgEER-14-IEER/instance-out.sql,0.00,0.00
CZ01/Nrs&0&cDXHP&Ex&dxHP_equip__pkgEER/NE-dxHP_equip-pkgEER-15-IEER/instance-out.sql,0.00,0.00
CZ01/Nrs&0&cDXHP&Ex&dxHP_equip__pkgEER/NE-dxHP_equip-pkgEER-16-IEER/instance-out.sql,0.00,0.00
CZ01/Nrs&0&cDXHP&Ex&dxHP_equip__pkgEER/NE-dxHP_equip-pkgSEER-15.4-SEER2/instance-out.sql,0.00,0.00
CZ01/Nrs&0&cDXHP&Ex&dxHP_equip__pkgEER/NE-dxHP_equip-pkgSEER-16.3-SEER2/instance-out.sql,0.00,0.00
CZ01/Nrs&0&cDXHP&Ex&dxHP_equip__pkgEER/NE-dxHP_equip-pkgSEER-14.4-SEER2-1Stage/instance-out.sql,0.00,0.00
CZ01/Nrs&0&cDXHP&Ex&dxHP_equip__pkgEER/NE-dxHP_equip-pkgSEER-14.4-SEER2-2Stage/instance-out.sql,0.00,0.00
CZ01/Nrs&0&cDXHP&Ex&dxHP_equip__pkgEER/NE-dxHP_equip-spltSEER-14.4-SEER2-8.7-HSPF/instance-out.sql,0.00,0.00
CZ01/Nrs&0&cDXHP&Ex&dxHP_equip__pkgEER/NE-dxHP_equip-spltSEER-15.4-SEER2-9-HSPF/instance-out.sql,0.00,0.00
CZ01/Nrs&0&cDXHP&Ex&dxHP_equip__pkgEER/NE-dxHP_equip-spltSEER-16.3-SEER2-9.4-HSPF/instance-out.sql,0.00,0.00
CZ01/Nrs&0&cDXHP&Ex&dxHP_equip__pkgEER/NE-dxHP_equip-spltSEER-17.3-SEER2-9.7-HSPF/instance-out.sql,0.00,0.00
CZ01/OfL&0&cDXHP&Ex&dxHP_equip__pkgEER/NE-dxAC_equip-pkgEER-14.2-IEER-TE-0.81/instance-out.sql,15.00,161.00
CZ01/OfL&0&cDXHP&Ex&dxHP_equip__pkgEER/NE-dxAC_equip-pkgEER-13.2-IEER-TE-0.81/instance-out.sql,15.00,161.00
CZ01/OfL&0&cDXHP&Ex&dxHP_equip__pkgEER/NE-dxAC_equip-pkgEER-14.8-IEER-TE-0.81/instance-out.sql,15.00,161.00
CZ01/OfL&0&cDXHP&Ex&dxHP_equip__pkgEER/NE-dxAC_equip-pkgSEER-13.4-SEER2/instance-out.sql,15.00,161.00
CZ01/OfL&0&cDXHP&Ex&dxHP_equip__pkgEER/NE-dxAC_equip-pkgEER-12.2-IEER-TE-0.80/instance-out.sql,15.00,161.00
CZ01/OfL&0&cDXHP&Ex&dxHP_equip__pkgEER/NE-dxAC_equip-pkgEER-11.4-IEER-TE-0.80/instance-out.sql,15.00,161.00
CZ01/OfL&0&cDXHP&Ex&dxHP_equip__pkgEER/NE-dxAC_equip-pkgEER-12.7-IEER-TE-0.80/instance-out.sql,15.00,161.00
CZ01/OfL&0&cDXHP&Ex&dxHP_equip__pkgEER/NE-dxAC_equip-pkgSEER-12.35-SEER2/instance-out.sql,15.00,161.00
CZ01/OfL&0&cDXHP&Ex&dxHP_equip__pkgEER/NE-dxHP_equip-pkgEER-14.5-IEER/instance-out.sql,15.00,159.00
CZ01/OfL&0&cDXHP&Ex&dxHP_equip__pkgEER/NE-dxHP_equip-pkgEER-15.5-IEER/instance-out.sql,15.00,159.00
CZ01/OfL&0&cDXHP&Ex&dxHP_equip__pkgEER/NE-dxHP_equip-pkgEER-13.5-IEER/instance-out.sql,15.00,159.00
CZ01/OfL&0&cDXHP&Ex&dxHP_equip__pkgEER/NE-dxHP_equip-pkgEER-14-IEER/instance-out.sql,15.00,159.00
CZ01/OfL&0&cDXHP&Ex&dxHP_equip__pkgEER/NE-dxHP_equip-pkgEER-15-IEER/instance-out.sql,15.00,159.00
CZ01/OfL&0&cDXHP&Ex&dxHP_equip__pkgEER/NE-dxHP_equip-pkgEER-16-IEER/instance-out.sql,15.00,159.00
CZ01/OfL&0&cDXHP&Ex&dxHP_equip__pkgEER/NE-dxHP_equip-pkgSEER-15.4-SEER2/instance-out.sql,15.00,159.00
CZ01/OfL&0&cDXHP&Ex&dxHP_equip__pkgEER/NE-dxHP_equip-pkgSEER-16.3-SEER2/instance-out.sql,15.00,159.00
CZ01/OfL&0&cDXHP&Ex&dxHP_equip__pkgEER/NE-dxHP_equip-pkgSEER-14.4-SEER2-1Stage/instance-out.sql,15.00,159.00
CZ01/OfL&0&cDXHP&Ex&dxHP_equip__pkgEER/NE-dxHP_equip-pkgSEER-14.4-SEER2-2Stage/instance-out.sql,20.00,148.00
CZ01/OfL&0&cDXHP&Ex&dxHP_equip__pkgEER/NE-dxHP_equip-spltSEER-14.4-SEER2-8.7-HSPF/instance-out.sql,15.00,159.00
CZ01/OfL&0&cDXHP&Ex&dxHP_equip__pkgEER/NE-dxHP_equip-spltSEER-15.4-SEER2-9-HSPF/instance-out.sql,15.00,159.00
CZ01/OfL&0&cDXHP&Ex&dxHP_equip__pkgEER/NE-dxHP_equip-spltSEER-16.3-SEER2-9.4-HSPF/instance-out.sql,15.00,159.00
CZ01/OfL&0&cDXHP&Ex&dxHP_equip__pkgEER/NE-dxHP_equip-spltSEER-17.3-SEER2-9.7-HSPF/instance-out.sql,15.00,159.00
CZ01/OfL&0&cDXHP&Ex&dxHP_equip__pkgEER/NE-dxAC_equip-pkgEER-14.2-IEER-TE-0.81-VarFan/instance-out.sql,15.00,161.00
CZ01/OfL&0&cDXHP&Ex&dxHP_equip__pkgEER/NE-dxAC_equip-pkgEER-13.2-IEER-TE-0.81-VarFan/instance-out.sql,15.00,161.00
CZ01/OfL&0&cDXHP&Ex&dxHP_equip__pkgEER/NE-dxAC_equip-pkgEER-14.8-IEER-TE-0.81-VarFan/instance-out.sql,15.00,161.00
CZ01/OfL&0&cDXHP&Ex&dxHP_equip__pkgEER/NE-dxAC_equip-pkgSEER-13.4-SEER2-VarFan/instance-out.sql,15.00,161.00
CZ01/OfS&0&cDXHP&Ex&dxHP_equip__pkgEER/NE-dxAC_equip-pkgEER-14.2-IEER-TE-0.81/instance-out.sql,6.00,114.00
CZ01/OfS&0&cDXHP&Ex&dxHP_equip__pkgEER/NE-dxAC_equip-pkgEER-13.2-IEER-TE-0.81/instance-out.sql,6.00,114.00
CZ01/OfS&0&cDXHP&Ex&dxHP_equip__pkgEER/NE-dxAC_equip-pkgEER-14.8-IEER-TE-0.81/instance-out.sql,6.00,114.00
CZ01/OfS&0&cDXHP&Ex&dxHP_equip__pkgEER/NE-dxAC_equip-pkgSEER-13.4-SEER2/instance-out.sql,6.00,114.00
CZ01/OfS&0&cDXHP&Ex&dxHP_equip__pkgEER/NE-dxAC_equip-pkgEER-12.2-IEER-TE-0.80/instance-out.sql,6.00,114.00
CZ01/OfS&0&cDXHP&Ex&dxHP_equip__pkgEER/NE-dxAC_equip-pkgEER-11.4-IEER-TE-0.80/instance-out.sql,6.00,114.00
CZ01/OfS&0&cDXHP&Ex&dxHP_equip__pkgEER/NE-dxAC_equip-pkgEER-12.7-IEER-TE-0.80/instance-out.sql,6.00,114.00
CZ01/OfS&0&cDXHP&Ex&dxHP_equip__pkgEER/NE-dxAC_equip-pkgSEER-12.35-SEER2/instance-out.sql,6.00,114.00
CZ01/OfS&0&cDXHP&Ex&dxHP_equip__pkgEER/NE-dxHP_equip-pkgEER-14.5-IEER/instance-out.sql,6.00,113.00
CZ01/OfS&0&cDXHP&Ex&dxHP_equip__pkgEER/NE-dxHP_equip-pkgEER-15.5-IEER/instance-out.sql,6.00,113.00
CZ01/OfS&0&cDXHP&Ex&dxHP_equip__pkgEER/NE-dxHP_equip-pkgEER-13.5-IEER/instance-out.sql,6.00,113.00
CZ01/OfS&0&cDXHP&Ex&dxHP_equip__pkgEER/NE-dxHP_equip-pkgEER-14-IEER/instance-out.sql,6.00,113.00
CZ01/OfS&0&cDXHP&Ex&dxHP_equip__pkgEER/NE-dxHP_equip-pkgEER-15-IEER/instance-out.sql,6.00,113.00
CZ01/OfS&0&cDXHP&Ex&dxHP_equip__pkgEER/NE-dxHP_equip-pkgEER-16-IEER/instance-out.sql,6.00,113.00
CZ01/OfS&0&cDXHP&Ex&dxHP_equip__pkgEER/NE-dxHP_equip-pkgSEER-15.4-SEER2/instance-out.sql,6.00,113.00
CZ01/OfS&0&cDXHP&Ex&dxHP_equip__pkgEER/NE-dxHP_equip-pkgSEER-16.3-SEER2/instance-out.sql,6.00,113.00
CZ01/OfS&0&cDXHP&Ex&dxHP_equip__pkgEER/NE-dxHP_equip-pkgSEER-14.4-SEER2-1Stage/instance-out.sql,6.00,113.00
CZ01/OfS&0&cDXHP&Ex&dxHP_equip__pkgEER/NE-dxHP_equip-pkgSEER-14.4-SEER2-2Stage/instance-out.sql,7.00,111.00
CZ01/OfS&0&cDXHP&Ex&dxHP_equip__pkgEER/NE-dxHP_equip-spltSEER-14.4-SEER2-8.7-HSPF/instance-out.sql,6.00,113.00
CZ01/OfS&0&cDXHP&Ex&dxHP_equip__pkgEER/NE-dxHP_equip-spltSEER-15.4-SEER2-9-HSPF/instance-out.sql,6.00,113.00
CZ01/OfS&0&cDXHP&Ex&dxHP_equip__pkgEER/NE-dxHP_equip-spltSEER-16.3-SEER2-9.4-HSPF/instance-out.sql,6.00,113.00
CZ01/OfS&0&cDXHP&Ex&dxHP_equip__pkgEER/NE-dxHP_equip-spltSEER-17.3-SEER2-9.7-HSPF/instance-out.sql,6.00,113.00
CZ01/OfS&0&cDXHP&Ex&dxHP_equip__pkgEER/NE-dxAC_equip-pkgEER-14.2-IEER-TE-0.81-VarFan/instance-out.sql,6.00,114.00
CZ01/OfS&0&cDXHP&Ex&dxHP_equip__pkgEER/NE-dxAC_equip-pkgEER-13.2-IEER-TE-0.81-VarFan/instance-out.sql,6.00,114.00
CZ01/OfS&0&cDXHP&Ex&dxHP_equip__pkgEER/NE-dxAC_equip-pkgEER-14.8-IEER-TE-0.81-VarFan/instance-out.sql,6.00,114.00
CZ01/OfS&0&cDXHP&Ex&dxHP_equip__pkgEER/NE-dxAC_equip-pkgSEER-13.4-SEER2-VarFan/instance-out.sql,6.00,114.00
CZ01/RFF&0&cDXHP&Ex&dxHP_equip__pkgEER/NE-dxAC_equip-pkgEER-14.2-IEER-TE-0.81/instance-out.sql,0.00,1.00
CZ01/RFF&0&cDXHP&Ex&dxHP_equip__pkgEER/NE-dxAC_equip-pkgEER-13.2-IEER-TE-0.81/instance-out.sql,0.00,1.00
CZ01/RFF&0&cDXHP&Ex&dxHP_equip__pkgEER/NE-dxAC_equip-pkgEER-14.8-IEER-TE-0.81/instance-out.sql,0.00,1.00
CZ01/RFF&0&cDXHP&Ex&dxHP_equip__pkgEER/NE-dxAC_equip-pkgSEER-13.4-SEER2/instance-out.sql,0.00,1.00
CZ01/RFF&0&cDXHP&Ex&dxHP_equip__pkgEER/NE-dxAC_equip-pkgEER-12.2-IEER-TE-0.80/instance-out.sql,0.00,1.00
CZ01/RFF&0&cDXHP&Ex&dxHP_equip__pkgEER/NE-dxAC_equip-pkgEER-11.4-IEER-TE-0.80/instance-out.sql,0.00,1.00
CZ01/RFF&0&cDXHP&Ex&dxHP_equip__pkgEER/NE-dxAC_equip-pkgEER-12.7-IEER-TE-0.80/instance-out.sql,0.00,1.00
CZ01/RFF&0&cDXHP&Ex&dxHP_equip__pkgEER/NE-dxAC_equip-pkgSEER-12.35-SEER2/instance-out.sql,0.00,1.00
CZ01/RFF&0&cDXHP&Ex&dxHP_equip__pkgEER/NE-dxHP_equip-pkgEER-14.5-IEER/instance-out.sql,0.00,0.00
CZ01/RFF&0&cDXHP&Ex&dxHP_equip__pkgEER/NE-dxHP_equip-pkgEER-15.5-IEER/instance-out.sql,0.00,0.00
CZ01/RFF&0&cDXHP&Ex&dxHP_equip__pkgEER/NE-dxHP_equip-pkgEER-13.5-IEER/instance-out.sql,0.00,0.00
CZ01/RFF&0&cDXHP&Ex&dxHP_equip__pkgEER/NE-dxHP_equip-pkgEER-14-IEER/instance-out.sql,0.00,0.00
CZ01/RFF&0&cDXHP&Ex&dxHP_equip__pkgEER/NE-dxHP_equip-pkgEER-15-IEER/instance-out.sql,0.00,0.00
CZ01/RFF&0&cDXHP&Ex&dxHP_equip__pkgEER/NE-dxHP_equip-pkgEER-16-IEER/instance-out.sql,0.00,0.00
CZ01/RFF&0&cDXHP&Ex&dxHP_equip__pkgEER/NE-dxHP_equip-pkgSEER-15.4-SEER2/instance-out.sql,0.00,0.00
CZ01/RFF&0&cDXHP&Ex&dxHP_equip__pkgEER/NE-dxHP_equip-pkgSEER-16.3-SEER2/instance-out.sql,0.00,0.00
CZ01/RFF&0&cDXHP&Ex&dxHP_equip__pkgEER/NE-dxHP_equip-pkgSEER-14.4-SEER2-1Stage/instance-out.sql,0.00,0.00
CZ01/RFF&0&cDXHP&Ex&dxHP_equip__pkgEER/NE-dxHP_equip-pkgSEER-14.4-SEER2-2Stage/instance-out.sql,8.00,0.00
CZ01/RFF&0&cDXHP&Ex&dxHP_equip__pkgEER/NE-dxHP_equip-spltSEER-14.4-SEER2-8.7-HSPF/instance-out.sql,0.00,0.00
CZ01/RFF&0&cDXHP&Ex&dxHP_equip__pkgEER/NE-dxHP_equip-spltSEER-15.4-SEER2-9-HSPF/instance-out.sql,0.00,0.00
CZ01/RFF&0&cDXHP&Ex&dxHP_equip__pkgEER/NE-dxHP_equip-spltSEER-16.3-SEER2-9.4-HSPF/instance-out.sql,0.00,0.00
CZ01/RFF&0&cDXHP&Ex&dxHP_equip__pkgEER/NE-dxHP_equip-spltSEER-17.3-SEER2-9.7-HSPF/instance-out.sql,0.00,0.00
CZ01/RSD&0&cDXHP&Ex&dxHP_equip__pkgEER/NE-dxAC_equip-pkgEER-14.2-IEER-TE-0.81/instance-out.sql,0.00,0.00
CZ01/RSD&0&cDXHP&Ex&dxHP_equip__pkgEER/NE-dxAC_equip-pkgEER-13.2-IEER-TE-0.81/instance-out.sql,0.00,0.00
CZ01/RSD&0&cDXHP&Ex&dxHP_equip__pkgEER/NE-dxAC_equip-pkgEER-14.8-IEER-TE-0.81/instance-out.sql,0.00,0.00
CZ01/RSD&0&cDXHP&Ex&dxHP_equip__pkgEER/NE-dxAC_equip-pkgSEER-13.4-SEER2/instance-out.sql,0.00,0.00
CZ01/RSD&0&cDXHP&Ex&dxHP_equip__pkgEER/NE-dxAC_equip-pkgEER-12.2-IEER-TE-0.80/instance-out.sql,0.00,0.00
CZ01/RSD&0&cDXHP&Ex&dxHP_equip__pkgEER/NE-dxAC_equip-pkgEER-11.4-IEER-TE-0.80/instance-out.sql,0.00,0.00
CZ01/RSD&0&cDXHP&Ex&dxHP_equip__pkgEER/NE-dxAC_equip-pkgEER-12.7-IEER-TE-0.80/instance-out.sql,0.00,0.00
CZ01/RSD&0&cDXHP&Ex&dxHP_equip__pkgEER/NE-dxAC_equip-pkgSEER-12.35-SEER2/instance-out.sql,0.00,0.00
CZ01/RSD&0&cDXHP&Ex&dxHP_equip__pkgEER/NE-dxHP_equip-pkgEER-14.5-IEER/instance-out.sql,0.00,0.00
CZ01/RSD&0&cDXHP&Ex&dxHP_equip__pkgEER/NE-dxHP_equip-pkgEER-15.5-IEER/instance-out.sql,0.00,0.00
CZ01/RSD&0&cDXHP&Ex&dxHP_equip__pkgEER/NE-dxHP_equip-pkgEER-13.5-IEER/instance-out.sql,0.00,0.00
CZ01/RSD&0&cDXHP&Ex&dxHP_equip__pkgEER/NE-dxHP_equip-pkgEER-14-IEER/instance-out.sql,0.00,0.00
CZ01/RSD&0&cDXHP&Ex&dxHP_equip__pkgEER/NE-dxHP_equip-pkgEER-15-IEER/instance-out.sql,0.00,0.00
CZ01/RSD&0&cDXHP&Ex&dxHP_equip__pkgEER/NE-dxHP_equip-pkgEER-16-IEER/instance-out.sql,0.00,0.00
CZ01/RSD&0&cDXHP&Ex&dxHP_equip__pkgEER/NE-dxHP_equip-pkgSEER-15.4-SEER2/instance-out.sql,0.00,0.00
CZ01/RSD&0&cDXHP&Ex&dxHP_equip__pkgEER/NE-dxHP_equip-pkgSEER-16.3-SEER2/instance-out.sql,0.00,0.00
CZ01/RSD&0&cDXHP&Ex&dxHP_equip__pkgEER/NE-dxHP_equip-pkgSEER-14.4-SEER2-1Stage/instance-out.sql,0.00,0.00
CZ01/RSD&0&cDXHP&Ex&dxHP_equip__pkgEER/NE-dxHP_equip-pkgSEER-14.4-SEER2-2Stage/instance-out.sql,0.00,0.00
CZ01/RSD&0&cDXHP&Ex&dxHP_equip__pkgEER/NE-dxHP_equip-spltSEER-14.4-SEER2-8.7-HSPF/instance-out.sql,0.00,0.00
CZ01/RSD&0&cDXHP&Ex&dxHP_equip__pkgEER/NE-dxHP_equip-spltSEER-15.4-SEER2-9-HSPF/instance-out.sql,0.00,0.00
CZ01/RSD&0&cDXHP&Ex&dxHP_equip__pkgEER/NE-dxHP_equip-spltSEER-16.3-SEER2-9.4-HSPF/instance-out.sql,0.00,0.00
CZ01/RSD&0&cDXHP&Ex&dxHP_equip__pkgEER/NE-dxHP_equip-spltSEER-17.3-SEER2-9.7-HSPF/instance-out.sql,0.00,0.00
CZ01/Rt3&0&cDXHP&Ex&dxHP_equip__pkgEER/NE-dxAC_equip-pkgEER-14.2-IEER-TE-0.81/instance-out.sql,0.00,0.00
CZ01/Rt3&0&cDXHP&Ex&dxHP_equip__pkgEER/NE-dxAC_equip-pkgEER-13.2-IEER-TE-0.81/instance-out.sql,0.00,0.00
CZ01/Rt3&0&cDXHP&Ex&dxHP_equip__pkgEER/NE-dxAC_equip-pkgEER-14.8-IEER-TE-0.81/instance-out.sql,0.00,0.00
CZ01/Rt3&0&cDXHP&Ex&dxHP_equip__pkgEER/NE-dxAC_equip-pkgSEER-13.4-SEER2/instance-out.sql,0.00,0.00
CZ01/Rt3&0&cDXHP&Ex&dxHP_equip__pkgEER/NE-dxAC_equip-pkgEER-12.2-IEER-TE-0.80/instance-out.sql,0.00,0.00
CZ01/Rt3&0&cDXHP&Ex&dxHP_equip__pkgEER/NE-dxAC_equip-pkgEER-11.4-IEER-TE-0.80/instance-out.sql,0.00,0.00
CZ01/Rt3&0&cDXHP&Ex&dxHP_equip__pkgEER/NE-dxAC_equip-pkgEER-12.7-IEER-TE-0.80/instance-out.sql,0.00,0.00
CZ01/Rt3&0&cDXHP&Ex&dxHP_equip__pkgEER/NE-dxAC_equip-pkgSEER-12.35-SEER2/instance-out.sql,0.00,0.00
CZ01/Rt3&0&cDXHP&Ex&dxHP_equip__pkgEER/NE-dxHP_equip-pkgEER-14.5-IEER/instance-out.sql,0.00,0.00
CZ01/Rt3&0&cDXHP&Ex&dxHP_equip__pkgEER/NE-dxHP_equip-pkgEER-15.5-IEER/instance-out.sql,0.00,0.00
CZ01/Rt3&0&cDXHP&Ex&dxHP_equip__pkgEER/NE-dxHP_equip-pkgEER-13.5-IEER/instance-out.sql,0.00,0.00
CZ01/Rt3&0&cDXHP&Ex&dxHP_equip__pkgEER/NE-dxHP_equip-pkgEER-14-IEER/instance-out.sql,0.00,0.00
CZ01/Rt3&0&cDXHP&Ex&dxHP_equip__pkgEER/NE-dxHP_equip-pkgEER-15-IEER/instance-out.sql,0.00,0.00
CZ01/Rt3&0&cDXHP&Ex&dxHP_equip__pkgEER/NE-dxHP_equip-pkgEER-16-IEER/instance-out.sql,0.00,0.00
CZ01/Rt3&0&cDXHP&Ex&dxHP_equip__pkgEER/NE-dxHP_equip-pkgSEER-15.4-SEER2/instance-out.sql,0.00,0.00
CZ01/Rt3&0&cDXHP&Ex&dxHP_equip__pkgEER/NE-dxHP_equip-pkgSEER-16.3-SEER2/instance-out.sql,0.00,0.00
CZ01/Rt3&0&cDXHP&Ex&dxHP_equip__pkgEER/NE-dxHP_equip-pkgSEER-14.4-SEER2-1Stage/instance-out.sql,0.00,0.00
CZ01/Rt3&0&cDXHP&Ex&dxHP_equip__pkgEER/NE-dxHP_equip-pkgSEER-14.4-SEER2-2Stage/instance-out.sql,2.00,0.00
CZ01/Rt3&0&cDXHP&Ex&dxHP_equip__pkgEER/NE-dxHP_equip-spltSEER-14.4-SEER2-8.7-HSPF/instance-out.sql,0.00,0.00
CZ01/Rt3&0&cDXHP&Ex&dxHP_equip__pkgEER/NE-dxHP_equip-spltSEER-15.4-SEER2-9-HSPF/instance-out.sql,0.00,0.00
CZ01/Rt3&0&cDXHP&Ex&dxHP_equip__pkgEER/NE-dxHP_equip-spltSEER-16.3-SEER2-9.4-HSPF/instance-out.sql,0.00,0.00
CZ01/Rt3&0&cDXHP&Ex&dxHP_equip__pkgEER/NE-dxHP_equip-spltSEER-17.3-SEER2-9.7-HSPF/instance-out.sql,0.00,0.00
CZ01/Rt3&0&cDXHP&Ex&dxHP_equip__pkgEER/NE-dxAC_equip-pkgEER-14.2-IEER-TE-0.81-VarFan/instance-out.sql,0.00,0.00
CZ01/Rt3&0&cDXHP&Ex&dxHP_equip__pkgEER/NE-dxAC_equip-pkgEER-13.2-IEER-TE-0.81-VarFan/instance-out.sql,0.00,0.00
CZ01/Rt3&0&cDXHP&Ex&dxHP_equip__pkgEER/NE-dxAC_equip-pkgEER-14.8-IEER-TE-0.81-VarFan/instance-out.sql,0.00,0.00
CZ01/Rt3&0&cDXHP&Ex&dxHP_equip__pkgEER/NE-dxAC_equip-pkgSEER-13.4-SEER2-VarFan/instance-out.sql,0.00,0.00
CZ01/RtL&0&cDXHP&Ex&dxHP_equip__pkgEER/NE-dxAC_equip-pkgEER-14.2-IEER-TE-0.81/instance-out.sql,0.00,0.00
CZ01/RtL&0&cDXHP&Ex&dxHP_equip__pkgEER/NE-dxAC_equip-pkgEER-13.2-IEER-TE-0.81/instance-out.sql,0.00,0.00
CZ01/RtL&0&cDXHP&Ex&dxHP_equip__pkgEER/NE-dxAC_equip-pkgEER-14.8-IEER-TE-0.81/instance-out.sql,0.00,0.00
CZ01/RtL&0&cDXHP&Ex&dxHP_equip__pkgEER/NE-dxAC_equip-pkgSEER-13.4-SEER2/instance-out.sql,0.00,0.00
CZ01/RtL&0&cDXHP&Ex&dxHP_equip__pkgEER/NE-dxAC_equip-pkgEER-12.2-IEER-TE-0.80/instance-out.sql,0.00,0.00
CZ01/RtL&0&cDXHP&Ex&dxHP_equip__pkgEER/NE-dxAC_equip-pkgEER-11.4-IEER-TE-0.80/instance-out.sql,0.00,0.00
CZ01/RtL&0&cDXHP&Ex&dxHP_equip__pkgEER/NE-dxAC_equip-pkgEER-12.7-IEER-TE-0.80/instance-out.sql,0.00,0.00
CZ01/RtL&0&cDXHP&Ex&dxHP_equip__pkgEER/NE-dxAC_equip-pkgSEER-12.35-SEER2/instance-out.sql,0.00,0.00
CZ01/RtL&0&cDXHP&Ex&dxHP_equip__pkgEER/NE-dxHP_equip-pkgEER-14.5-IEER/instance-out.sql,0.00,0.00
CZ01/RtL&0&cDXHP&Ex&dxHP_equip__pkgEER/NE-dxHP_equip-pkgEER-15.5-IEER/instance-out.sql,0.00,0.00
CZ01/RtL&0&cDXHP&Ex&dxHP_equip__pkgEER/NE-dxHP_equip-pkgEER-13.5-IEER/instance-out.sql,0.00,0.00
CZ01/RtL&0&cDXHP&Ex&dxHP_equip__pkgEER/NE-dxHP_equip-pkgEER-14-IEER/instance-out.sql,0.00,0.00
CZ01/RtL&0&cDXHP&Ex&dxHP_equip__pkgEER/NE-dxHP_equip-pkgEER-15-IEER/instance-out.sql,0.00,0.00
CZ01/RtL&0&cDXHP&Ex&dxHP_equip__pkgEER/NE-dxHP_equip-pkgEER-16-IEER/instance-out.sql,0.00,0.00
CZ01/RtL&0&cDXHP&Ex&dxHP_equip__pkgEER/NE-dxHP_equip-pkgSEER-15.4-SEER2/instance-out.sql,0.00,0.00
CZ01/RtL&0&cDXHP&Ex&dxHP_equip__pkgEER/NE-dxHP_equip-pkgSEER-16.3-SEER2/instance-out.sql,0.00,0.00
CZ01/RtL&0&cDXHP&Ex&dxHP_equip__pkgEER/NE-dxHP_equip-pkgSEER-14.4-SEER2-1Stage/instance-out.sql,0.00,0.00
CZ01/RtL&0&cDXHP&Ex&dxHP_equip__pkgEER/NE-dxHP_equip-pkgSEER-14.4-SEER2-2Stage/instance-out.sql,0.00,0.00
CZ01/RtL&0&cDXHP&Ex&dxHP_equip__pkgEER/NE-dxHP_equip-spltSEER-14.4-SEER2-8.7-HSPF/instance-out.sql,0.00,0.00
CZ01/RtL&0&cDXHP&Ex&dxHP_equip__pkgEER/NE-dxHP_equip-spltSEER-15.4-SEER2-9-HSPF/instance-out.sql,0.00,0.00
CZ01/RtL&0&cDXHP&Ex&dxHP_equip__pkgEER/NE-dxHP_equip-spltSEER-16.3-SEER2-9.4-HSPF/instance-out.sql,0.00,0.00
CZ01/RtL&0&cDXHP&Ex&dxHP_equip__pkgEER/NE-dxHP_equip-spltSEER-17.3-SEER2-9.7-HSPF/instance-out.sql,0.00,0.00
CZ01/RtL&0&cDXHP&Ex&dxHP_equip__pkgEER/NE-dxAC_equip-pkgEER-14.2-IEER-TE-0.81-VarFan/instance-out.sql,0.00,0.00
CZ01/RtL&0&cDXHP&Ex&dxHP_equip__pkgEER/NE-dxAC_equip-pkgEER-13.2-IEER-TE-0.81-VarFan/instance-out.sql,0.00,0.00
CZ01/RtL&0&cDXHP&Ex&dxHP_equip__pkgEER/NE-dxAC_equip-pkgEER-14.8-IEER-TE-0.81-VarFan/instance-out.sql,0.00,0.00
CZ01/RtL&0&cDXHP&Ex&dxHP_equip__pkgEER/NE-dxAC_equip-pkgSEER-13.4-SEER2-VarFan/instance-out.sql,0.00,0.00
CZ01/RtS&0&cDXHP&Ex&dxHP_equip__pkgEER/NE-dxAC_equip-pkgEER-14.2-IEER-TE-0.81/instance-out.sql,0.00,0.00
CZ01/RtS&0&cDXHP&Ex&dxHP_equip__pkgEER/NE-dxAC_equip-pkgEER-13.2-IEER-TE-0.81/instance-out.sql,0.00,0.00
CZ01/RtS&0&cDXHP&Ex&dxHP_equip__pkgEER/NE-dxAC_equip-pkgEER-14.8-IEER-TE-0.81/instance-out.sql,0.00,0.00
CZ01/RtS&0&cDXHP&Ex&dxHP_equip__pkgEER/NE-dxAC_equip-pkgSEER-13.4-SEER2/instance-out.sql,0.00,0.00
CZ01/RtS&0&cDXHP&Ex&dxHP_equip__pkgEER/NE-dxAC_equip-pkgEER-12.2-IEER-TE-0.80/instance-out.sql,0.00,0.00
CZ01/RtS&0&cDXHP&Ex&dxHP_equip__pkgEER/NE-dxAC_equip-pkgEER-11.4-IEER-TE-0.80/instance-out.sql,0.00,0.00
CZ01/RtS&0&cDXHP&Ex&dxHP_equip__pkgEER/NE-dxAC_equip-pkgEER-12.7-IEER-TE-0.80/instance-out.sql,0.00,0.00
CZ01/RtS&0&cDXHP&Ex&dxHP_equip__pkgEER/NE-dxAC_equip-pkgSEER-12.35-SEER2/instance-out.sql,0.00,0.00
CZ01/RtS&0&cDXHP&Ex&dxHP_equip__pkgEER/NE-dxHP_equip-pkgEER-14.5-IEER/instance-out.sql,0.00,0.00
CZ01/RtS&0&cDXHP&Ex&dxHP_equip__pkgEER/NE-dxHP_equip-pkgEER-15.5-IEER/instance-out.sql,0.00,0.00
CZ01/RtS&0&cDXHP&Ex&dxHP_equip__pkgEER/NE-dxHP_equip-pkgEER-13.5-IEER/instance-out.sql,0.00,0.00
CZ01/RtS&0&cDXHP&Ex&dxHP_equip__pkgEER/NE-dxHP_equip-pkgEER-14-IEER/instance-out.sql,0.00,0.00
CZ01/RtS&0&cDXHP&Ex&dxHP_equip__pkgEER/NE-dxHP_equip-pkgEER-15-IEER/instance-out.sql,0.00,0.00
CZ01/RtS&0&cDXHP&Ex&dxHP_equip__pkgEER/NE-dxHP_equip-pkgEER-16-IEER/instance-out.sql,0.00,0.00
CZ01/RtS&0&cDXHP&Ex&dxHP_equip__pkgEER/NE-dxHP_equip-pkgSEER-15.4-SEER2/instance-out.sql,0.00,0.00
CZ01/RtS&0&cDXHP&Ex&dxHP_equip__pkgEER/NE-dxHP_equip-pkgSEER-16.3-SEER2/instance-out.sql,0.00,0.00
CZ01/RtS&0&cDXHP&Ex&dxHP_equip__pkgEER/NE-dxHP_equip-pkgSEER-14.4-SEER2-1Stage/instance-out.sql,0.00,0.00
CZ01/RtS&0&cDXHP&Ex&dxHP_equip__pkgEER/NE-dxHP_equip-pkgSEER-14.4-SEER2-2Stage/instance-out.sql,0.00,0.00
CZ01/RtS&0&cDXHP&Ex&dxHP_equip__pkgEER/NE-dxHP_equip-spltSEER-14.4-SEER2-8.7-HSPF/instance-out.sql,0.00,0.00
CZ01/RtS&0&cDXHP&Ex&dxHP_equip__pkgEER/NE-dxHP_equip-spltSEER-15.4-SEER2-9-HSPF/instance-out.sql,0.00,0.00
CZ01/RtS&0&cDXHP&Ex&dxHP_equip__pkgEER/NE-dxHP_equip-spltSEER-16.3-SEER2-9.4-HSPF/instance-out.sql,0.00,0.00
CZ01/RtS&0&cDXHP&Ex&dxHP_equip__pkgEER/NE-dxHP_equip-spltSEER-17.3-SEER2-9.7-HSPF/instance-out.sql,0.00,0.00
CZ01/RtS&0&cDXHP&Ex&dxHP_equip__pkgEER/NE-dxAC_equip-pkgEER-14.2-IEER-TE-0.81-VarFan/instance-out.sql,0.00,0.00
CZ01/RtS&0&cDXHP&Ex&dxHP_equip__pkgEER/NE-dxAC_equip-pkgEER-13.2-IEER-TE-0.81-VarFan/instance-out.sql,0.00,0.00
CZ01/RtS&0&cDXHP&Ex&dxHP_equip__pkgEER/NE-dxAC_equip-pkgEER-14.8-IEER-TE-0.81-VarFan/instance-out.sql,0.00,0.00
CZ01/RtS&0&cDXHP&Ex&dxHP_equip__pkgEER/NE-dxAC_equip-pkgSEER-13.4-SEER2-VarFan/instance-out.sql,0.00,0.00
CZ01/SCn&0&cDXHP&Ex&dxHP_equip__pkgEER/NE-dxAC_equip-pkgEER-14.2-IEER-TE-0.81/instance-out.sql,0.00,0.00
CZ01/SCn&0&cDXHP&Ex&dxHP_equip__pkgEER/NE-dxAC_equip-pkgEER-13.2-IEER-TE-0.81/instance-out.sql,0.00,0.00
CZ01/SCn&0&cDXHP&Ex&dxHP_equip__pkgEER/NE-dxAC_equip-pkgEER-14.8-IEER-TE-0.81/instance-out.sql,0.00,0.00
CZ01/SCn&0&cDXHP&Ex&dxHP_equip__pkgEER/NE-dxAC_equip-pkgSEER-13.4-SEER2/instance-out.sql,0.00,0.00
CZ01/SCn&0&cDXHP&Ex&dxHP_equip__pkgEER/NE-dxAC_equip-pkgEER-12.2-IEER-TE-0.80/instance-out.sql,0.00,0.00
CZ01/SCn&0&cDXHP&Ex&dxHP_equip__pkgEER/NE-dxAC_equip-pkgEER-11.4-IEER-TE-0.80/instance-out.sql,0.00,0.00
CZ01/SCn&0&cDXHP&Ex&dxHP_equip__pkgEER/NE-dxAC_equip-pkgEER-12.7-IEER-TE-0.80/instance-out.sql,0.00,0.00
CZ01/SCn&0&cDXHP&Ex&dxHP_equip__pkgEER/NE-dxAC_equip-pkgSEER-12.35-SEER2/instance-out.sql,0.00,0.00
CZ01/SCn&0&cDXHP&Ex&dxHP_equip__pkgEER/NE-dxHP_equip-pkgEER-14.5-IEER/instance-out.sql,0.00,0.00
CZ01/SCn&0&cDXHP&Ex&dxHP_equip__pkgEER/NE-dxHP_equip-pkgEER-15.5-IEER/instance-out.sql,0.00,0.00
CZ01/SCn&0&cDXHP&Ex&dxHP_equip__pkgEER/NE-dxHP_equip-pkgEER-13.5-IEER/instance-out.sql,0.00,0.00
CZ01/SCn&0&cDXHP&Ex&dxHP_equip__pkgEER/NE-dxHP_equip-pkgEER-14-IEER/instance-out.sql,0.00,0.00
CZ01/SCn&0&cDXHP&Ex&dxHP_equip__pkgEER/NE-dxHP_equip-pkgEER-15-IEER/instance-out.sql,0.00,0.00
CZ01/SCn&0&cDXHP&Ex&dxHP_equip__pkgEER/NE-dxHP_equip-pkgEER-16-IEER/instance-out.sql,0.00,0.00
CZ01/SCn&0&cDXHP&Ex&dxHP_equip__pkgEER/NE-dxHP_equip-pkgSEER-15.4-SEER2/instance-out.sql,0.00,0.00
CZ01/SCn&0&cDXHP&Ex&dxHP_equip__pkgEER/NE-dxHP_equip-pkgSEER-16.3-SEER2/instance-out.sql,0.00,0.00
CZ01/SCn&0&cDXHP&Ex&dxHP_equip__pkgEER/NE-dxHP_equip-pkgSEER-14.4-SEER2-1Stage/instance-out.sql,0.00,0.00
CZ01/SCn&0&cDXHP&Ex&dxHP_equip__pkgEER/NE-dxHP_equip-pkgSEER-14.4-SEER2-2Stage/instance-out.sql,0.00,0.00
CZ01/SCn&0&cDXHP&Ex&dxHP_equip__pkgEER/NE-dxHP_equip-spltSEER-14.4-SEER2-8.7-HSPF/instance-out.sql,0.00,0.00
CZ01/SCn&0&cDXHP&Ex&dxHP_equip__pkgEER/NE-dxHP_equip-spltSEER-15.4-SEER2-9-HSPF/instance-out.sql,0.00,0.00
CZ01/SCn&0&cDXHP&Ex&dxHP_equip__pkgEER/NE-dxHP_equip-spltSEER-16.3-SEER2-9.4-HSPF/instance-out.sql,0.00,0.00
CZ01/SCn&0&cDXHP&Ex&dxHP_equip__pkgEER/NE-dxHP_equip-spltSEER-17.3-SEER2-9.7-HSPF/instance-out.sql,0.00,0.00
CZ02/Asm&0&cDXHP&Ex&dxHP_equip__pkgEER/NE-dxAC_equip-pkgEER-14.2-IEER-TE-0.81/instance-out.sql,0.00,58.00
CZ02/Asm&0&cDXHP&Ex&dxHP_equip__pkgEER/NE-dxAC_equip-pkgEER-13.2-IEER-TE-0.81/instance-out.sql,0.00,58.00
CZ02/Asm&0&cDXHP&Ex&dxHP_equip__pkgEER/NE-dxAC_equip-pkgEER-14.8-IEER-TE-0.81/instance-out.sql,0.00,58.00
CZ02/Asm&0&cDXHP&Ex&dxHP_equip__pkgEER/NE-dxAC_equip-pkgSEER-13.4-SEER2/instance-out.sql,0.00,58.00
CZ02/Asm&0&cDXHP&Ex&dxHP_equip__pkgEER/NE-dxAC_equip-pkgEER-12.2-IEER-TE-0.80/instance-out.sql,0.00,58.00
CZ02/Asm&0&cDXHP&Ex&dxHP_equip__pkgEER/NE-dxAC_equip-pkgEER-11.4-IEER-TE-0.80/instance-out.sql,0.00,58.00
CZ02/Asm&0&cDXHP&Ex&dxHP_equip__pkgEER/NE-dxAC_equip-pkgEER-12.7-IEER-TE-0.80/instance-out.sql,0.00,58.00
CZ02/Asm&0&cDXHP&Ex&dxHP_equip__pkgEER/NE-dxAC_equip-pkgSEER-12.35-SEER2/instance-out.sql,0.00,58.00
CZ02/Asm&0&cDXHP&Ex&dxHP_equip__pkgEER/NE-dxHP_equip-pkgEER-14.5-IEER/instance-out.sql,0.00,15.00
CZ02/Asm&0&cDXHP&Ex&dxHP_equip__pkgEER/NE-dxHP_equip-pkgEER-15.5-IEER/instance-out.sql,0.00,15.00
CZ02/Asm&0&cDXHP&Ex&dxHP_equip__pkgEER/NE-dxHP_equip-pkgEER-13.5-IEER/instance-out.sql,0.00,15.00
CZ02/Asm&0&cDXHP&Ex&dxHP_equip__pkgEER/NE-dxHP_equip-pkgEER-14-IEER/instance-out.sql,0.00,15.00
CZ02/Asm&0&cDXHP&Ex&dxHP_equip__pkgEER/NE-dxHP_equip-pkgEER-15-IEER/instance-out.sql,0.00,15.00
CZ02/Asm&0&cDXHP&Ex&dxHP_equip__pkgEER/NE-dxHP_equip-pkgEER-16-IEER/instance-out.sql,0.00,15.00
CZ02/Asm&0&cDXHP&Ex&dxHP_equip__pkgEER/NE-dxHP_equip-pkgSEER-15.4-SEER2/instance-out.sql,0.00,15.00
CZ02/Asm&0&cDXHP&Ex&dxHP_equip__pkgEER/NE-dxHP_equip-pkgSEER-16.3-SEER2/instance-out.sql,0.00,15.00
CZ02/Asm&0&cDXHP&Ex&dxHP_equip__pkgEER/NE-dxHP_equip-pkgSEER-14.4-SEER2-1Stage/instance-out.sql,0.00,15.00
CZ02/Asm&0&cDXHP&Ex&dxHP_equip__pkgEER/NE-dxHP_equip-pkgSEER-14.4-SEER2-2Stage/instance-out.sql,0.00,15.00
CZ02/Asm&0&cDXHP&Ex&dxHP_equip__pkgEER/NE-dxHP_equip-spltSEER-14.4-SEER2-8.7-HSPF/instance-out.sql,0.00,15.00
CZ02/Asm&0&cDXHP&Ex&dxHP_equip__pkgEER/NE-dxHP_equip-spltSEER-15.4-SEER2-9-HSPF/instance-out.sql,0.00,15.00
CZ02/Asm&0&cDXHP&Ex&dxHP_equip__pkgEER/NE-dxHP_equip-spltSEER-16.3-SEER2-9.4-HSPF/instance-out.sql,0.00,15.00
CZ02/Asm&0&cDXHP&Ex&dxHP_equip__pkgEER/NE-dxHP_equip-spltSEER-17.3-SEER2-9.7-HSPF/instance-out.sql,0.00,15.00
CZ02/ECC&0&cDXHP&Ex&dxHP_equip__pkgEER/NE-dxAC_equip-pkgEER-14.2-IEER-TE-0.81/instance-out.sql,0.00,4438.00
CZ02/ECC&0&cDXHP&Ex&dxHP_equip__pkgEER/NE-dxAC_equip-pkgEER-13.2-IEER-TE-0.81/instance-out.sql,0.00,4438.00
CZ02/ECC&0&cDXHP&Ex&dxHP_equip__pkgEER/NE-dxAC_equip-pkgEER-14.8-IEER-TE-0.81/instance-out.sql,0.00,4438.00
CZ02/ECC&0&cDXHP&Ex&dxHP_equip__pkgEER/NE-dxAC_equip-pkgSEER-13.4-SEER2/instance-out.sql,0.00,4438.00
CZ02/ECC&0&cDXHP&Ex&dxHP_equip__pkgEER/NE-dxAC_equip-pkgEER-12.2-IEER-TE-0.80/instance-out.sql,0.00,4438.00
CZ02/ECC&0&cDXHP&Ex&dxHP_equip__pkgEER/NE-dxAC_equip-pkgEER-11.4-IEER-TE-0.80/instance-out.sql,0.00,4438.00
CZ02/ECC&0&cDXHP&Ex&dxHP_equip__pkgEER/NE-dxAC_equip-pkgEER-12.7-IEER-TE-0.80/instance-out.sql,0.00,4438.00
CZ02/ECC&0&cDXHP&Ex&dxHP_equip__pkgEER/NE-dxAC_equip-pkgSEER-12.35-SEER2/instance-out.sql,0.00,4438.00
CZ02/ECC&0&cDXHP&Ex&dxHP_equip__pkgEER/NE-dxHP_equip-pkgEER-14.5-IEER/instance-out.sql,1.00,4440.00
CZ02/ECC&0&cDXHP&Ex&dxHP_equip__pkgEER/NE-dxHP_equip-pkgEER-15.5-IEER/instance-out.sql,1.00,4440.00
CZ02/ECC&0&cDXHP&Ex&dxHP_equip__pkgEER/NE-dxHP_equip-pkgEER-13.5-IEER/instance-out.sql,1.00,4440.00
CZ02/ECC&0&cDXHP&Ex&dxHP_equip__pkgEER/NE-dxHP_equip-pkgEER-14-IEER/instance-out.sql,1.00,4440.00
CZ02/ECC&0&cDXHP&Ex&dxHP_equip__pkgEER/NE-dxHP_equip-pkgEER-15-IEER/instance-out.sql,1.00,4440.00
CZ02/ECC&0&cDXHP&Ex&dxHP_equip__pkgEER/NE-dxHP_equip-pkgEER-16-IEER/instance-out.sql,1.00,4440.00
CZ02/ECC&0&cDXHP&Ex&dxHP_equip__pkgEER/NE-dxHP_equip-pkgSEER-15.4-SEER2/instance-out.sql,1.00,4440.00
CZ02/ECC&0&cDXHP&Ex&dxHP_equip__pkgEER/NE-dxHP_equip-pkgSEER-16.3-SEER2/instance-out.sql,1.00,4440.00
CZ02/ECC&0&cDXHP&Ex&dxHP_equip__pkgEER/NE-dxHP_equip-pkgSEER-14.4-SEER2-1Stage/instance-out.sql,1.00,4440.00
CZ02/ECC&0&cDXHP&Ex&dxHP_equip__pkgEER/NE-dxHP_equip-pkgSEER-14.4-SEER2-2Stage/instance-out.sql,3.00,4386.00
CZ02/ECC&0&cDXHP&Ex&dxHP_equip__pkgEER/NE-dxHP_equip-spltSEER-14.4-SEER2-8.7-HSPF/instance-out.sql,1.00,4440.00
CZ02/ECC&0&cDXHP&Ex&dxHP_equip__pkgEER/NE-dxHP_equip-spltSEER-15.4-SEER2-9-HSPF/instance-out.sql,1.00,4440.00
CZ02/ECC&0&cDXHP&Ex&dxHP_equip__pkgEER/NE-dxHP_equip-spltSEER-16.3-SEER2-9.4-HSPF/instance-out.sql,1.00,4440.00
CZ02/ECC&0&cDXHP&Ex&dxHP_equip__pkgEER/NE-dxHP_equip-spltSEER-17.3-SEER2-9.7-HSPF/instance-out.sql,1.00,4440.00
CZ02/ECC&0&cDXHP&Ex&dxHP_equip__pkgEER/NE-dxAC_equip-pkgEER-14.2-IEER-TE-0.81-VarFan/instance-out.sql,0.00,4438.00
CZ02/ECC&0&cDXHP&Ex&dxHP_equip__pkgEER/NE-dxAC_equip-pkgEER-13.2-IEER-TE-0.81-VarFan/instance-out.sql,0.00,4438.00
CZ02/ECC&0&cDXHP&Ex&dxHP_equip__pkgEER/NE-dxAC_equip-pkgEER-14.8-IEER-TE-0.81-VarFan/instance-out.sql,0.00,4438.00
CZ02/ECC&0&cDXHP&Ex&dxHP_equip__pkgEER/NE-dxAC_equip-pkgSEER-13.4-SEER2-VarFan/instance-out.sql,0.00,4438.00
CZ02/EPr&0&cDXHP&Ex&dxHP_equip__pkgEER/NE-dxAC_equip-pkgEER-14.2-IEER-TE-0.81/instance-out.sql,0.00,16.00
CZ02/EPr&0&cDXHP&Ex&dxHP_equip__pkgEER/NE-dxAC_equip-pkgEER-13.2-IEER-TE-0.81/instance-out.sql,0.00,16.00
CZ02/EPr&0&cDXHP&Ex&dxHP_equip__pkgEER/NE-dxAC_equip-pkgEER-14.8-IEER-TE-0.81/instance-out.sql,0.00,16.00
CZ02/EPr&0&cDXHP&Ex&dxHP_equip__pkgEER/NE-dxAC_equip-pkgSEER-13.4-SEER2/instance-out.sql,0.00,16.00
CZ02/EPr&0&cDXHP&Ex&dxHP_equip__pkgEER/NE-dxAC_equip-pkgEER-12.2-IEER-TE-0.80/instance-out.sql,0.00,16.00
CZ02/EPr&0&cDXHP&Ex&dxHP_equip__pkgEER/NE-dxAC_equip-pkgEER-11.4-IEER-TE-0.80/instance-out.sql,0.00,16.00
CZ02/EPr&0&cDXHP&Ex&dxHP_equip__pkgEER/NE-dxAC_equip-pkgEER-12.7-IEER-TE-0.80/instance-out.sql,0.00,16.00
CZ02/EPr&0&cDXHP&Ex&dxHP_equip__pkgEER/NE-dxAC_equip-pkgSEER-12.35-SEER2/instance-out.sql,0.00,16.00
CZ02/EPr&0&cDXHP&Ex&dxHP_equip__pkgEER/NE-dxHP_equip-pkgEER-14.5-IEER/instance-out.sql,2.00,0.00
CZ02/EPr&0&cDXHP&Ex&dxHP_equip__pkgEER/NE-dxHP_equip-pkgEER-15.5-IEER/instance-out.sql,2.00,0.00
CZ02/EPr&0&cDXHP&Ex&dxHP_equip__pkgEER/NE-dxHP_equip-pkgEER-13.5-IEER/instance-out.sql,2.00,0.00
CZ02/EPr&0&cDXHP&Ex&dxHP_equip__pkgEER/NE-dxHP_equip-pkgEER-14-IEER/instance-out.sql,2.00,0.00
CZ02/EPr&0&cDXHP&Ex&dxHP_equip__pkgEER/NE-dxHP_equip-pkgEER-15-IEER/instance-out.sql,2.00,0.00
CZ02/EPr&0&cDXHP&Ex&dxHP_equip__pkgEER/NE-dxHP_equip-pkgEER-16-IEER/instance-out.sql,2.00,0.00
CZ02/EPr&0&cDXHP&Ex&dxHP_equip__pkgEER/NE-dxHP_equip-pkgSEER-15.4-SEER2/instance-out.sql,2.00,0.00
CZ02/EPr&0&cDXHP&Ex&dxHP_equip__pkgEER/NE-dxHP_equip-pkgSEER-16.3-SEER2/instance-out.sql,2.00,0.00
CZ02/EPr&0&cDXHP&Ex&dxHP_equip__pkgEER/NE-dxHP_equip-pkgSEER-14.4-SEER2-1Stage/instance-out.sql,2.00,0.00
CZ02/EPr&0&cDXHP&Ex&dxHP_equip__pkgEER/NE-dxHP_equip-pkgSEER-14.4-SEER2-2Stage/instance-out.sql,0.00,0.00
CZ02/EPr&0&cDXHP&Ex&dxHP_equip__pkgEER/NE-dxHP_equip-spltSEER-14.4-SEER2-8.7-HSPF/instance-out.sql,2.00,0.00
CZ02/EPr&0&cDXHP&Ex&dxHP_equip__pkgEER/NE-dxHP_equip-spltSEER-15.4-SEER2-9-HSPF/instance-out.sql,2.00,0.00
CZ02/EPr&0&cDXHP&Ex&dxHP_equip__pkgEER/NE-dxHP_equip-spltSEER-16.3-SEER2-9.4-HSPF/instance-out.sql,2.00,0.00
CZ02/EPr&0&cDXHP&Ex&dxHP_equip__pkgEER/NE-dxHP_equip-spltSEER-17.3-SEER2-9.7-HSPF/instance-out.sql,2.00,0.00
CZ02/EPr&0&cDXHP&Ex&dxHP_equip__pkgEER/NE-dxAC_equip-pkgEER-14.2-IEER-TE-0.81-VarFan/instance-out.sql,0.00,16.00
CZ02/EPr&0&cDXHP&Ex&dxHP_equip__pkgEER/NE-dxAC_equip-pkgEER-13.2-IEER-TE-0.81-VarFan/instance-out.sql,0.00,16.00
CZ02/EPr&0&cDXHP&Ex&dxHP_equip__pkgEER/NE-dxAC_equip-pkgEER-14.8-IEER-TE-0.81-VarFan/instance-out.sql,0.00,16.00
CZ02/EPr&0&cDXHP&Ex&dxHP_equip__pkgEER/NE-dxAC_equip-pkgSEER-13.4-SEER2-VarFan/instance-out.sql,0.00,16.00
CZ02/ERC&0&cDXHP&Ex&dxHP_equip__pkgEER/NE-dxAC_equip-pkgEER-14.2-IEER-TE-0.81/instance-out.sql,0.00,8.00
CZ02/ERC&0&cDXHP&Ex&dxHP_equip__pkgEER/NE-dxAC_equip-pkgEER-13.2-IEER-TE-0.81/instance-out.sql,0.00,8.00
CZ02/ERC&0&cDXHP&Ex&dxHP_equip__pkgEER/NE-dxAC_equip-pkgEER-14.8-IEER-TE-0.81/instance-out.sql,0.00,8.00
CZ02/ERC&0&cDXHP&Ex&dxHP_equip__pkgEER/NE-dxAC_equip-pkgSEER-13.4-SEER2/instance-out.sql,0.00,8.00
CZ02/ERC&0&cDXHP&Ex&dxHP_equip__pkgEER/NE-dxAC_equip-pkgEER-12.2-IEER-TE-0.80/instance-out.sql,0.00,8.00
CZ02/ERC&0&cDXHP&Ex&dxHP_equip__pkgEER/NE-dxAC_equip-pkgEER-11.4-IEER-TE-0.80/instance-out.sql,0.00,8.00
CZ02/ERC&0&cDXHP&Ex&dxHP_equip__pkgEER/NE-dxAC_equip-pkgEER-12.7-IEER-TE-0.80/instance-out.sql,0.00,8.00
CZ02/ERC&0&cDXHP&Ex&dxHP_equip__pkgEER/NE-dxAC_equip-pkgSEER-12.35-SEER2/instance-out.sql,0.00,8.00
CZ02/ERC&0&cDXHP&Ex&dxHP_equip__pkgEER/NE-dxHP_equip-pkgEER-14.5-IEER/instance-out.sql,0.00,0.00
CZ02/ERC&0&cDXHP&Ex&dxHP_equip__pkgEER/NE-dxHP_equip-pkgEER-15.5-IEER/instance-out.sql,0.00,0.00
CZ02/ERC&0&cDXHP&Ex&dxHP_equip__pkgEER/NE-dxHP_equip-pkgEER-13.5-IEER/instance-out.sql,0.00,0.00
CZ02/ERC&0&cDXHP&Ex&dxHP_equip__pkgEER/NE-dxHP_equip-pkgEER-14-IEER/instance-out.sql,0.00,0.00
CZ02/ERC&0&cDXHP&Ex&dxHP_equip__pkgEER/NE-dxHP_equip-pkgEER-15-IEER/instance-out.sql,0.00,0.00
CZ02/ERC&0&cDXHP&Ex&dxHP_equip__pkgEER/NE-dxHP_equip-pkgEER-16-IEER/instance-out.sql,0.00,0.00
CZ02/ERC&0&cDXHP&Ex&dxHP_equip__pkgEER/NE-dxHP_equip-pkgSEER-15.4-SEER2/instance-out.sql,0.00,0.00
CZ02/ERC&0&cDXHP&Ex&dxHP_equip__pkgEER/NE-dxHP_equip-pkgSEER-16.3-SEER2/instance-out.sql,0.00,0.00
CZ02/ERC&0&cDXHP&Ex&dxHP_equip__pkgEER/NE-dxHP_equip-pkgSEER-14.4-SEER2-1Stage/instance-out.sql,0.00,0.00
CZ02/ERC&0&cDXHP&Ex&dxHP_equip__pkgEER/NE-dxHP_equip-pkgSEER-14.4-SEER2-2Stage/instance-out.sql,1.00,0.00
CZ02/ERC&0&cDXHP&Ex&dxHP_equip__pkgEER/NE-dxHP_equip-spltSEER-14.4-SEER2-8.7-HSPF/instance-out.sql,0.00,0.00
CZ02/ERC&0&cDXHP&Ex&dxHP_equip__pkgEER/NE-dxHP_equip-spltSEER-15.4-SEER2-9-HSPF/instance-out.sql,0.00,0.00
CZ02/ERC&0&cDXHP&Ex&dxHP_equip__pkgEER/NE-dxHP_equip-spltSEER-16.3-SEER2-9.4-HSPF/instance-out.sql,0.00,0.00
CZ02/ERC&0&cDXHP&Ex&dxHP_equip__pkgEER/NE-dxHP_equip-spltSEER-17.3-SEER2-9.7-HSPF/instance-out.sql,0.00,0.00
CZ02/ERC&0&cDXHP&Ex&dxHP_equip__pkgEER/NE-dxAC_equip-pkgEER-14.2-IEER-TE-0.81-VarFan/instance-out.sql,0.00,8.00
CZ02/ERC&0&cDXHP&Ex&dxHP_equip__pkgEER/NE-dxAC_equip-pkgEER-13.2-IEER-TE-0.81-VarFan/instance-out.sql,0.00,8.00
CZ02/ERC&0&cDXHP&Ex&dxHP_equip__pkgEER/NE-dxAC_equip-pkgEER-14.8-IEER-TE-0.81-VarFan/instance-out.sql,0.00,8.00
CZ02/ERC&0&cDXHP&Ex&dxHP_equip__pkgEER/NE-dxAC_equip-pkgSEER-13.4-SEER2-VarFan/instance-out.sql,0.00,8.00
CZ02/ESe&0&cDXHP&Ex&dxHP_equip__pkgEER/NE-dxAC_equip-pkgEER-14.2-IEER-TE-0.81/instance-out.sql,0.00,30.00
CZ02/ESe&0&cDXHP&Ex&dxHP_equip__pkgEER/NE-dxAC_equip-pkgEER-13.2-IEER-TE-0.81/instance-out.sql,0.00,30.00
CZ02/ESe&0&cDXHP&Ex&dxHP_equip__pkgEER/NE-dxAC_equip-pkgEER-14.8-IEER-TE-0.81/instance-out.sql,0.00,30.00
CZ02/ESe&0&cDXHP&Ex&dxHP_equip__pkgEER/NE-dxAC_equip-pkgSEER-13.4-SEER2/instance-out.sql,0.00,30.00
CZ02/ESe&0&cDXHP&Ex&dxHP_equip__pkgEER/NE-dxAC_equip-pkgEER-12.2-IEER-TE-0.80/instance-out.sql,0.00,30.00
CZ02/ESe&0&cDXHP&Ex&dxHP_equip__pkgEER/NE-dxAC_equip-pkgEER-11.4-IEER-TE-0.80/instance-out.sql,0.00,30.00
CZ02/ESe&0&cDXHP&Ex&dxHP_equip__pkgEER/NE-dxAC_equip-pkgEER-12.7-IEER-TE-0.80/instance-out.sql,0.00,30.00
CZ02/ESe&0&cDXHP&Ex&dxHP_equip__pkgEER/NE-dxAC_equip-pkgSEER-12.35-SEER2/instance-out.sql,0.00,30.00
CZ02/ESe&0&cDXHP&Ex&dxHP_equip__pkgEER/NE-dxHP_equip-pkgEER-14.5-IEER/instance-out.sql,0.00,6.00
CZ02/ESe&0&cDXHP&Ex&dxHP_equip__pkgEER/NE-dxHP_equip-pkgEER-15.5-IEER/instance-out.sql,0.00,6.00
CZ02/ESe&0&cDXHP&Ex&dxHP_equip__pkgEER/NE-dxHP_equip-pkgEER-13.5-IEER/instance-out.sql,0.00,6.00
CZ02/ESe&0&cDXHP&Ex&dxHP_equip__pkgEER/NE-dxHP_equip-pkgEER-14-IEER/instance-out.sql,0.00,6.00
CZ02/ESe&0&cDXHP&Ex&dxHP_equip__pkgEER/NE-dxHP_equip-pkgEER-15-IEER/instance-out.sql,0.00,6.00
CZ02/ESe&0&cDXHP&Ex&dxHP_equip__pkgEER/NE-dxHP_equip-pkgEER-16-IEER/instance-out.sql,0.00,6.00
CZ02/ESe&0&cDXHP&Ex&dxHP_equip__pkgEER/NE-dxHP_equip-pkgSEER-15.4-SEER2/instance-out.sql,0.00,6.00
CZ02/ESe&0&cDXHP&Ex&dxHP_equip__pkgEER/NE-dxHP_equip-pkgSEER-16.3-SEER2/instance-out.sql,0.00,6.00
CZ02/ESe&0&cDXHP&Ex&dxHP_equip__pkgEER/NE-dxHP_equip-pkgSEER-14.4-SEER2-1Stage/instance-out.sql,0.00,6.00
CZ02/ESe&0&cDXHP&Ex&dxHP_equip__pkgEER/NE-dxHP_equip-pkgSEER-14.4-SEER2-2Stage/instance-out.sql,1.00,6.00
CZ02/ESe&0&cDXHP&Ex&dxHP_equip__pkgEER/NE-dxHP_equip-spltSEER-14.4-SEER2-8.7-HSPF/instance-out.sql,0.00,6.00
CZ02/ESe&0&cDXHP&Ex&dxHP_equip__pkgEER/NE-dxHP_equip-spltSEER-15.4-SEER2-9-HSPF/instance-out.sql,0.00,6.00
CZ02/ESe&0&cDXHP&Ex&dxHP_equip__pkgEER/NE-dxHP_equip-spltSEER-16.3-SEER2-9.4-HSPF/instance-out.sql,0.00,6.00
CZ02/ESe&0&cDXHP&Ex&dxHP_equip__pkgEER/NE-dxHP_equip-spltSEER-17.3-SEER2-9.7-HSPF/instance-out.sql,0.00,6.00
CZ02/ESe&0&cDXHP&Ex&dxHP_equip__pkgEER/NE-dxAC_equip-pkgEER-14.2-IEER-TE-0.81-VarFan/instance-out.sql,0.00,30.00
CZ02/ESe&0&cDXHP&Ex&dxHP_equip__pkgEER/NE-dxAC_equip-pkgEER-13.2-IEER-TE-0.81-VarFan/instance-out.sql,0.00,30.00
CZ02/ESe&0&cDXHP&Ex&dxHP_equip__pkgEER/NE-dxAC_equip-pkgEER-14.8-IEER-TE-0.81-VarFan/instance-out.sql,0.00,30.00
CZ02/ESe&0&cDXHP&Ex&dxHP_equip__pkgEER/NE-dxAC_equip-pkgSEER-13.4-SEER2-VarFan/instance-out.sql,0.00,30.00
CZ02/EUn&0&cDXHP&Ex&dxHP_equip__pkgEER/NE-dxAC_equip-pkgEER-14.2-IEER-TE-0.81/instance-out.sql,0.00,373.00
CZ02/EUn&0&cDXHP&Ex&dxHP_equip__pkgEER/NE-dxAC_equip-pkgEER-13.2-IEER-TE-0.81/instance-out.sql,0.00,373.00
CZ02/EUn&0&cDXHP&Ex&dxHP_equip__pkgEER/NE-dxAC_equip-pkgEER-14.8-IEER-TE-0.81/instance-out.sql,0.00,373.00
CZ02/EUn&0&cDXHP&Ex&dxHP_equip__pkgEER/NE-dxAC_equip-pkgSEER-13.4-SEER2/instance-out.sql,0.00,373.00
CZ02/EUn&0&cDXHP&Ex&dxHP_equip__pkgEER/NE-dxAC_equip-pkgEER-12.2-IEER-TE-0.80/instance-out.sql,0.00,373.00
CZ02/EUn&0&cDXHP&Ex&dxHP_equip__pkgEER/NE-dxAC_equip-pkgEER-11.4-IEER-TE-0.80/instance-out.sql,0.00,373.00
CZ02/EUn&0&cDXHP&Ex&dxHP_equip__pkgEER/NE-dxAC_equip-pkgEER-12.7-IEER-TE-0.80/instance-out.sql,0.00,373.00
CZ02/EUn&0&cDXHP&Ex&dxHP_equip__pkgEER/NE-dxAC_equip-pkgSEER-12.35-SEER2/instance-out.sql,0.00,373.00
CZ02/EUn&0&cDXHP&Ex&dxHP_equip__pkgEER/NE-dxHP_equip-pkgEER-14.5-IEER/instance-out.sql,0.00,351.00
CZ02/EUn&0&cDXHP&Ex&dxHP_equip__pkgEER/NE-dxHP_equip-pkgEER-15.5-IEER/instance-out.sql,0.00,351.00
CZ02/EUn&0&cDXHP&Ex&dxHP_equip__pkgEER/NE-dxHP_equip-pkgEER-13.5-IEER/instance-out.sql,0.00,351.00
CZ02/EUn&0&cDXHP&Ex&dxHP_equip__pkgEER/NE-dxHP_equip-pkgEER-14-IEER/instance-out.sql,0.00,351.00
CZ02/EUn&0&cDXHP&Ex&dxHP_equip__pkgEER/NE-dxHP_equip-pkgEER-15-IEER/instance-out.sql,0.00,351.00
CZ02/EUn&0&cDXHP&Ex&dxHP_equip__pkgEER/NE-dxHP_equip-pkgEER-16-IEER/instance-out.sql,0.00,351.00
CZ02/EUn&0&cDXHP&Ex&dxHP_equip__pkgEER/NE-dxHP_equip-pkgSEER-15.4-SEER2/instance-out.sql,0.00,351.00
CZ02/EUn&0&cDXHP&Ex&dxHP_equip__pkgEER/NE-dxHP_equip-pkgSEER-16.3-SEER2/instance-out.sql,0.00,351.00
CZ02/EUn&0&cDXHP&Ex&dxHP_equip__pkgEER/NE-dxHP_equip-pkgSEER-14.4-SEER2-1Stage/instance-out.sql,0.00,351.00
CZ02/EUn&0&cDXHP&Ex&dxHP_equip__pkgEER/NE-dxHP_equip-pkgSEER-14.4-SEER2-2Stage/instance-out.sql,2.00,332.00
CZ02/EUn&0&cDXHP&Ex&dxHP_equip__pkgEER/NE-dxHP_equip-spltSEER-14.4-SEER2-8.7-HSPF/instance-out.sql,0.00,351.00
CZ02/EUn&0&cDXHP&Ex&dxHP_equip__pkgEER/NE-dxHP_equip-spltSEER-15.4-SEER2-9-HSPF/instance-out.sql,0.00,351.00
CZ02/EUn&0&cDXHP&Ex&dxHP_equip__pkgEER/NE-dxHP_equip-spltSEER-16.3-SEER2-9.4-HSPF/instance-out.sql,0.00,351.00
CZ02/EUn&0&cDXHP&Ex&dxHP_equip__pkgEER/NE-dxHP_equip-spltSEER-17.3-SEER2-9.7-HSPF/instance-out.sql,0.00,351.00
CZ02/EUn&0&cDXHP&Ex&dxHP_equip__pkgEER/NE-dxAC_equip-pkgEER-14.2-IEER-TE-0.81-VarFan/instance-out.sql,0.00,373.00
CZ02/EUn&0&cDXHP&Ex&dxHP_equip__pkgEER/NE-dxAC_equip-pkgEER-13.2-IEER-TE-0.81-VarFan/instance-out.sql,0.00,373.00
CZ02/EUn&0&cDXHP&Ex&dxHP_equip__pkgEER/NE-dxAC_equip-pkgEER-14.8-IEER-TE-0.81-VarFan/instance-out.sql,0.00,373.00
CZ02/EUn&0&cDXHP&Ex&dxHP_equip__pkgEER/NE-dxAC_equip-pkgSEER-13.4-SEER2-VarFan/instance-out.sql,0.00,373.00
CZ02/Gro&0&cDXHP&Ex&dxHP_equip__pkgEER/NE-dxAC_equip-pkgEER-14.2-IEER-TE-0.81/instance-out.sql,0.00,34.00
CZ02/Gro&0&cDXHP&Ex&dxHP_equip__pkgEER/NE-dxAC_equip-pkgEER-13.2-IEER-TE-0.81/instance-out.sql,0.00,34.00
CZ02/Gro&0&cDXHP&Ex&dxHP_equip__pkgEER/NE-dxAC_equip-pkgEER-14.8-IEER-TE-0.81/instance-out.sql,0.00,34.00
CZ02/Gro&0&cDXHP&Ex&dxHP_equip__pkgEER/NE-dxAC_equip-pkgSEER-13.4-SEER2/instance-out.sql,0.00,34.00
CZ02/Gro&0&cDXHP&Ex&dxHP_equip__pkgEER/NE-dxAC_equip-pkgEER-12.2-IEER-TE-0.80/instance-out.sql,0.00,34.00
CZ02/Gro&0&cDXHP&Ex&dxHP_equip__pkgEER/NE-dxAC_equip-pkgEER-11.4-IEER-TE-0.80/instance-out.sql,0.00,34.00
CZ02/Gro&0&cDXHP&Ex&dxHP_equip__pkgEER/NE-dxAC_equip-pkgEER-12.7-IEER-TE-0.80/instance-out.sql,0.00,34.00
CZ02/Gro&0&cDXHP&Ex&dxHP_equip__pkgEER/NE-dxAC_equip-pkgSEER-12.35-SEER2/instance-out.sql,0.00,34.00
CZ02/Gro&0&cDXHP&Ex&dxHP_equip__pkgEER/NE-dxHP_equip-pkgEER-14.5-IEER/instance-out.sql,7.00,9.00
CZ02/Gro&0&cDXHP&Ex&dxHP_equip__pkgEER/NE-dxHP_equip-pkgEER-15.5-IEER/instance-out.sql,7.00,9.00
CZ02/Gro&0&cDXHP&Ex&dxHP_equip__pkgEER/NE-dxHP_equip-pkgEER-13.5-IEER/instance-out.sql,7.00,9.00
CZ02/Gro&0&cDXHP&Ex&dxHP_equip__pkgEER/NE-dxHP_equip-pkgEER-14-IEER/instance-out.sql,7.00,9.00
CZ02/Gro&0&cDXHP&Ex&dxHP_equip__pkgEER/NE-dxHP_equip-pkgEER-15-IEER/instance-out.sql,7.00,9.00
CZ02/Gro&0&cDXHP&Ex&dxHP_equip__pkgEER/NE-dxHP_equip-pkgEER-16-IEER/instance-out.sql,7.00,9.00
CZ02/Gro&0&cDXHP&Ex&dxHP_equip__pkgEER/NE-dxHP_equip-pkgSEER-15.4-SEER2/instance-out.sql,7.00,9.00
CZ02/Gro&0&cDXHP&Ex&dxHP_equip__pkgEER/NE-dxHP_equip-pkgSEER-16.3-SEER2/instance-out.sql,7.00,9.00
CZ02/Gro&0&cDXHP&Ex&dxHP_equip__pkgEER/NE-dxHP_equip-pkgSEER-14.4-SEER2-1Stage/instance-out.sql,7.00,9.00
CZ02/Gro&0&cDXHP&Ex&dxHP_equip__pkgEER/NE-dxHP_equip-pkgSEER-14.4-SEER2-2Stage/instance-out.sql,0.00,9.00
CZ02/Gro&0&cDXHP&Ex&dxHP_equip__pkgEER/NE-dxHP_equip-spltSEER-14.4-SEER2-8.7-HSPF/instance-out.sql,7.00,9.00
CZ02/Gro&0&cDXHP&Ex&dxHP_equip__pkgEER/NE-dxHP_equip-spltSEER-15.4-SEER2-9-HSPF/instance-out.sql,7.00,9.00
CZ02/Gro&0&cDXHP&Ex&dxHP_equip__pkgEER/NE-dxHP_equip-spltSEER-16.3-SEER2-9.4-HSPF/instance-out.sql,7.00,9.00
CZ02/Gro&0&cDXHP&Ex&dxHP_equip__pkgEER/NE-dxHP_equip-spltSEER-17.3-SEER2-9.7-HSPF/instance-out.sql,7.00,9.00
CZ02/Gro&0&cDXHP&Ex&dxHP_equip__pkgEER/NE-dxAC_equip-pkgEER-14.2-IEER-TE-0.81-VarFan/instance-out.sql,0.00,34.00
CZ02/Gro&0&cDXHP&Ex&dxHP_equip__pkgEER/NE-dxAC_equip-pkgEER-13.2-IEER-TE-0.81-VarFan/instance-out.sql,0.00,34.00
CZ02/Gro&0&cDXHP&Ex&dxHP_equip__pkgEER/NE-dxAC_equip-pkgEER-14.8-IEER-TE-0.81-VarFan/instance-out.sql,0.00,34.00
CZ02/Gro&0&cDXHP&Ex&dxHP_equip__pkgEER/NE-dxAC_equip-pkgSEER-13.4-SEER2-VarFan/instance-out.sql,0.00,34.00
CZ02/Hsp&0&cDXHP&Ex&dxHP_equip__pkgEER/NE-dxAC_equip-pkgEER-14.2-IEER-TE-0.81/instance-out.sql,1.00,77.00
CZ02/Hsp&0&cDXHP&Ex&dxHP_equip__pkgEER/NE-dxAC_equip-pkgEER-13.2-IEER-TE-0.81/instance-out.sql,1.00,77.00
CZ02/Hsp&0&cDXHP&Ex&dxHP_equip__pkgEER/NE-dxAC_equip-pkgEER-14.8-IEER-TE-0.81/instance-out.sql,1.00,77.00
CZ02/Hsp&0&cDXHP&Ex&dxHP_equip__pkgEER/NE-dxAC_equip-pkgSEER-13.4-SEER2/instance-out.sql,1.00,77.00
CZ02/Hsp&0&cDXHP&Ex&dxHP_equip__pkgEER/NE-dxAC_equip-pkgEER-12.2-IEER-TE-0.80/instance-out.sql,1.00,77.00
CZ02/Hsp&0&cDXHP&Ex&dxHP_equip__pkgEER/NE-dxAC_equip-pkgEER-11.4-IEER-TE-0.80/instance-out.sql,1.00,77.00
CZ02/Hsp&0&cDXHP&Ex&dxHP_equip__pkgEER/NE-dxAC_equip-pkgEER-12.7-IEER-TE-0.80/instance-out.sql,1.00,77.00
CZ02/Hsp&0&cDXHP&Ex&dxHP_equip__pkgEER/NE-dxAC_equip-pkgSEER-12.35-SEER2/instance-out.sql,1.00,77.00
CZ02/Hsp&0&cDXHP&Ex&dxHP_equip__pkgEER/NE-dxHP_equip-pkgEER-14.5-IEER/instance-out.sql,1.00,63.00
CZ02/Hsp&0&cDXHP&Ex&dxHP_equip__pkgEER/NE-dxHP_equip-pkgEER-15.5-IEER/instance-out.sql,1.00,63.00
CZ02/Hsp&0&cDXHP&Ex&dxHP_equip__pkgEER/NE-dxHP_equip-pkgEER-13.5-IEER/instance-out.sql,1.00,63.00
CZ02/Hsp&0&cDXHP&Ex&dxHP_equip__pkgEER/NE-dxHP_equip-pkgEER-14-IEER/instance-out.sql,1.00,63.00
CZ02/Hsp&0&cDXHP&Ex&dxHP_equip__pkgEER/NE-dxHP_equip-pkgEER-15-IEER/instance-out.sql,1.00,63.00
CZ02/Hsp&0&cDXHP&Ex&dxHP_equip__pkgEER/NE-dxHP_equip-pkgEER-16-IEER/instance-out.sql,1.00,63.00
CZ02/Hsp&0&cDXHP&Ex&dxHP_equip__pkgEER/NE-dxHP_equip-pkgSEER-15.4-SEER2/instance-out.sql,1.00,63.00
CZ02/Hsp&0&cDXHP&Ex&dxHP_equip__pkgEER/NE-dxHP_equip-pkgSEER-16.3-SEER2/instance-out.sql,1.00,63.00
CZ02/Hsp&0&cDXHP&Ex&dxHP_equip__pkgEER/NE-dxHP_equip-pkgSEER-14.4-SEER2-1Stage/instance-out.sql,1.00,63.00
CZ02/Hsp&0&cDXHP&Ex&dxHP_equip__pkgEER/NE-dxHP_equip-pkgSEER-14.4-SEER2-2Stage/instance-out.sql,2.00,63.00
CZ02/Hsp&0&cDXHP&Ex&dxHP_equip__pkgEER/NE-dxHP_equip-spltSEER-14.4-SEER2-8.7-HSPF/instance-out.sql,1.00,63.00
CZ02/Hsp&0&cDXHP&Ex&dxHP_equip__pkgEER/NE-dxHP_equip-spltSEER-15.4-SEER2-9-HSPF/instance-out.sql,1.00,63.00
CZ02/Hsp&0&cDXHP&Ex&dxHP_equip__pkgEER/NE-dxHP_equip-spltSEER-16.3-SEER2-9.4-HSPF/instance-out.sql,1.00,63.00
CZ02/Hsp&0&cDXHP&Ex&dxHP_equip__pkgEER/NE-dxHP_equip-spltSEER-17.3-SEER2-9.7-HSPF/instance-out.sql,1.00,63.00
CZ02/MBT&0&cDXHP&Ex&dxHP_equip__pkgEER/NE-dxAC_equip-pkgEER-14.2-IEER-TE-0.81/instance-out.sql,0.00,71.00
CZ02/MBT&0&cDXHP&Ex&dxHP_equip__pkgEER/NE-dxAC_equip-pkgEER-13.2-IEER-TE-0.81/instance-out.sql,0.00,71.00
CZ02/MBT&0&cDXHP&Ex&dxHP_equip__pkgEER/NE-dxAC_equip-pkgEER-14.8-IEER-TE-0.81/instance-out.sql,0.00,71.00
CZ02/MBT&0&cDXHP&Ex&dxHP_equip__pkgEER/NE-dxAC_equip-pkgSEER-13.4-SEER2/instance-out.sql,0.00,71.00
CZ02/MBT&0&cDXHP&Ex&dxHP_equip__pkgEER/NE-dxAC_equip-pkgEER-12.2-IEER-TE-0.80/instance-out.sql,0.00,71.00
CZ02/MBT&0&cDXHP&Ex&dxHP_equip__pkgEER/NE-dxAC_equip-pkgEER-11.4-IEER-TE-0.80/instance-out.sql,0.00,71.00
CZ02/MBT&0&cDXHP&Ex&dxHP_equip__pkgEER/NE-dxAC_equip-pkgEER-12.7-IEER-TE-0.80/instance-out.sql,0.00,71.00
CZ02/MBT&0&cDXHP&Ex&dxHP_equip__pkgEER/NE-dxAC_equip-pkgSEER-12.35-SEER2/instance-out.sql,0.00,71.00
CZ02/MBT&0&cDXHP&Ex&dxHP_equip__pkgEER/NE-dxHP_equip-pkgEER-14.5-IEER/instance-out.sql,5.00,47.00
CZ02/MBT&0&cDXHP&Ex&dxHP_equip__pkgEER/NE-dxHP_equip-pkgEER-15.5-IEER/instance-out.sql,5.00,47.00
CZ02/MBT&0&cDXHP&Ex&dxHP_equip__pkgEER/NE-dxHP_equip-pkgEER-13.5-IEER/instance-out.sql,5.00,47.00
CZ02/MBT&0&cDXHP&Ex&dxHP_equip__pkgEER/NE-dxHP_equip-pkgEER-14-IEER/instance-out.sql,5.00,47.00
CZ02/MBT&0&cDXHP&Ex&dxHP_equip__pkgEER/NE-dxHP_equip-pkgEER-15-IEER/instance-out.sql,5.00,47.00
CZ02/MBT&0&cDXHP&Ex&dxHP_equip__pkgEER/NE-dxHP_equip-pkgEER-16-IEER/instance-out.sql,5.00,47.00
CZ02/MBT&0&cDXHP&Ex&dxHP_equip__pkgEER/NE-dxHP_equip-pkgSEER-15.4-SEER2/instance-out.sql,5.00,47.00
CZ02/MBT&0&cDXHP&Ex&dxHP_equip__pkgEER/NE-dxHP_equip-pkgSEER-16.3-SEER2/instance-out.sql,5.00,47.00
CZ02/MBT&0&cDXHP&Ex&dxHP_equip__pkgEER/NE-dxHP_equip-pkgSEER-14.4-SEER2-1Stage/instance-out.sql,5.00,47.00
CZ02/MBT&0&cDXHP&Ex&dxHP_equip__pkgEER/NE-dxHP_equip-pkgSEER-14.4-SEER2-2Stage/instance-out.sql,0.00,45.00
CZ02/MBT&0&cDXHP&Ex&dxHP_equip__pkgEER/NE-dxHP_equip-spltSEER-14.4-SEER2-8.7-HSPF/instance-out.sql,5.00,47.00
CZ02/MBT&0&cDXHP&Ex&dxHP_equip__pkgEER/NE-dxHP_equip-spltSEER-15.4-SEER2-9-HSPF/instance-out.sql,5.00,47.00
CZ02/MBT&0&cDXHP&Ex&dxHP_equip__pkgEER/NE-dxHP_equip-spltSEER-16.3-SEER2-9.4-HSPF/instance-out.sql,5.00,47.00
CZ02/MBT&0&cDXHP&Ex&dxHP_equip__pkgEER/NE-dxHP_equip-spltSEER-17.3-SEER2-9.7-HSPF/instance-out.sql,5.00,47.00
CZ02/MLI&0&cDXHP&Ex&dxHP_equip__pkgEER/NE-dxAC_equip-pkgEER-14.2-IEER-TE-0.81/instance-out.sql,0.00,30.00
CZ02/MLI&0&cDXHP&Ex&dxHP_equip__pkgEER/NE-dxAC_equip-pkgEER-13.2-IEER-TE-0.81/instance-out.sql,0.00,30.00
CZ02/MLI&0&cDXHP&Ex&dxHP_equip__pkgEER/NE-dxAC_equip-pkgEER-14.8-IEER-TE-0.81/instance-out.sql,0.00,30.00
CZ02/MLI&0&cDXHP&Ex&dxHP_equip__pkgEER/NE-dxAC_equip-pkgSEER-13.4-SEER2/instance-out.sql,0.00,30.00
CZ02/MLI&0&cDXHP&Ex&dxHP_equip__pkgEER/NE-dxAC_equip-pkgEER-12.2-IEER-TE-0.80/instance-out.sql,0.00,30.00
CZ02/MLI&0&cDXHP&Ex&dxHP_equip__pkgEER/NE-dxAC_equip-pkgEER-11.4-IEER-TE-0.80/instance-out.sql,0.00,30.00
CZ02/MLI&0&cDXHP&Ex&dxHP_equip__pkgEER/NE-dxAC_equip-pkgEER-12.7-IEER-TE-0.80/instance-out.sql,0.00,30.00
CZ02/MLI&0&cDXHP&Ex&dxHP_equip__pkgEER/NE-dxAC_equip-pkgSEER-12.35-SEER2/instance-out.sql,0.00,30.00
CZ02/MLI&0&cDXHP&Ex&dxHP_equip__pkgEER/NE-dxHP_equip-pkgEER-14.5-IEER/instance-out.sql,1.00,0.00
CZ02/MLI&0&cDXHP&Ex&dxHP_equip__pkgEER/NE-dxHP_equip-pkgEER-15.5-IEER/instance-out.sql,1.00,0.00
CZ02/MLI&0&cDXHP&Ex&dxHP_equip__pkgEER/NE-dxHP_equip-pkgEER-13.5-IEER/instance-out.sql,1.00,0.00
CZ02/MLI&0&cDXHP&Ex&dxHP_equip__pkgEER/NE-dxHP_equip-pkgEER-14-IEER/instance-out.sql,1.00,0.00
CZ02/MLI&0&cDXHP&Ex&dxHP_equip__pkgEER/NE-dxHP_equip-pkgEER-15-IEER/instance-out.sql,1.00,0.00
CZ02/MLI&0&cDXHP&Ex&dxHP_equip__pkgEER/NE-dxHP_equip-pkgEER-16-IEER/instance-out.sql,1.00,0.00
CZ02/MLI&0&cDXHP&Ex&dxHP_equip__pkgEER/NE-dxHP_equip-pkgSEER-15.4-SEER2/instance-out.sql,1.00,0.00
CZ02/MLI&0&cDXHP&Ex&dxHP_equip__pkgEER/NE-dxHP_equip-pkgSEER-16.3-SEER2/instance-out.sql,1.00,0.00
CZ02/MLI&0&cDXHP&Ex&dxHP_equip__pkgEER/NE-dxHP_equip-pkgSEER-14.4-SEER2-1Stage/instance-out.sql,1.00,0.00
CZ02/MLI&0&cDXHP&Ex&dxHP_equip__pkgEER/NE-dxHP_equip-pkgSEER-14.4-SEER2-2Stage/instance-out.sql,0.00,0.00
CZ02/MLI&0&cDXHP&Ex&dxHP_equip__pkgEER/NE-dxHP_equip-spltSEER-14.4-SEER2-8.7-HSPF/instance-out.sql,1.00,0.00
CZ02/MLI&0&cDXHP&Ex&dxHP_equip__pkgEER/NE-dxHP_equip-spltSEER-15.4-SEER2-9-HSPF/instance-out.sql,1.00,0.00
CZ02/MLI&0&cDXHP&Ex&dxHP_equip__pkgEER/NE-dxHP_equip-spltSEER-16.3-SEER2-9.4-HSPF/instance-out.sql,1.00,0.00
CZ02/MLI&0&cDXHP&Ex&dxHP_equip__pkgEER/NE-dxHP_equip-spltSEER-17.3-SEER2-9.7-HSPF/instance-out.sql,1.00,0.00
CZ02/Mtl&0&cDXHP&Ex&dxHP_equip__pkgEER/NE-dxAC_equip-pkgEER-14.2-IEER-TE-0.81/instance-out.sql,1.00,188.00
CZ02/Mtl&0&cDXHP&Ex&dxHP_equip__pkgEER/NE-dxAC_equip-pkgEER-13.2-IEER-TE-0.81/instance-out.sql,1.00,188.00
CZ02/Mtl&0&cDXHP&Ex&dxHP_equip__pkgEER/NE-dxAC_equip-pkgEER-14.8-IEER-TE-0.81/instance-out.sql,1.00,188.00
CZ02/Mtl&0&cDXHP&Ex&dxHP_equip__pkgEER/NE-dxAC_equip-pkgSEER-13.4-SEER2/instance-out.sql,1.00,188.00
CZ02/Mtl&0&cDXHP&Ex&dxHP_equip__pkgEER/NE-dxAC_equip-pkgEER-12.2-IEER-TE-0.80/instance-out.sql,1.00,188.00
CZ02/Mtl&0&cDXHP&Ex&dxHP_equip__pkgEER/NE-dxAC_equip-pkgEER-11.4-IEER-TE-0.80/instance-out.sql,1.00,188.00
CZ02/Mtl&0&cDXHP&Ex&dxHP_equip__pkgEER/NE-dxAC_equip-pkgEER-12.7-IEER-TE-0.80/instance-out.sql,1.00,188.00
CZ02/Mtl&0&cDXHP&Ex&dxHP_equip__pkgEER/NE-dxAC_equip-pkgSEER-12.35-SEER2/instance-out.sql,1.00,188.00
CZ02/Mtl&0&cDXHP&Ex&dxHP_equip__pkgEER/NE-dxHP_equip-pkgEER-14.5-IEER/instance-out.sql,6.00,154.00
CZ02/Mtl&0&cDXHP&Ex&dxHP_equip__pkgEER/NE-dxHP_equip-pkgEER-15.5-IEER/instance-out.sql,6.00,154.00
CZ02/Mtl&0&cDXHP&Ex&dxHP_equip__pkgEER/NE-dxHP_equip-pkgEER-13.5-IEER/instance-out.sql,6.00,154.00
CZ02/Mtl&0&cDXHP&Ex&dxHP_equip__pkgEER/NE-dxHP_equip-pkgEER-14-IEER/instance-out.sql,6.00,154.00
CZ02/Mtl&0&cDXHP&Ex&dxHP_equip__pkgEER/NE-dxHP_equip-pkgEER-15-IEER/instance-out.sql,6.00,154.00
CZ02/Mtl&0&cDXHP&Ex&dxHP_equip__pkgEER/NE-dxHP_equip-pkgEER-16-IEER/instance-out.sql,6.00,154.00
CZ02/Mtl&0&cDXHP&Ex&dxHP_equip__pkgEER/NE-dxHP_equip-pkgSEER-15.4-SEER2/instance-out.sql,6.00,154.00
CZ02/Mtl&0&cDXHP&Ex&dxHP_equip__pkgEER/NE-dxHP_equip-pkgSEER-16.3-SEER2/instance-out.sql,6.00,154.00
CZ02/Mtl&0&cDXHP&Ex&dxHP_equip__pkgEER/NE-dxHP_equip-pkgSEER-14.4-SEER2-1Stage/instance-out.sql,6.00,154.00
CZ02/Mtl&0&cDXHP&Ex&dxHP_equip__pkgEER/NE-dxHP_equip-pkgSEER-14.4-SEER2-2Stage/instance-out.sql,3.00,154.00
CZ02/Mtl&0&cDXHP&Ex&dxHP_equip__pkgEER/NE-dxHP_equip-spltSEER-14.4-SEER2-8.7-HSPF/instance-out.sql,6.00,154.00
CZ02/Mtl&0&cDXHP&Ex&dxHP_equip__pkgEER/NE-dxHP_equip-spltSEER-15.4-SEER2-9-HSPF/instance-out.sql,6.00,154.00
CZ02/Mtl&0&cDXHP&Ex&dxHP_equip__pkgEER/NE-dxHP_equip-spltSEER-16.3-SEER2-9.4-HSPF/instance-out.sql,6.00,154.00
CZ02/Mtl&0&cDXHP&Ex&dxHP_equip__pkgEER/NE-dxHP_equip-spltSEER-17.3-SEER2-9.7-HSPF/instance-out.sql,6.00,154.00
CZ02/Nrs&0&cDXHP&Ex&dxHP_equip__pkgEER/NE-dxAC_equip-pkgEER-14.2-IEER-TE-0.81/instance-out.sql,0.00,36.00
CZ02/Nrs&0&cDXHP&Ex&dxHP_equip__pkgEER/NE-dxAC_equip-pkgEER-13.2-IEER-TE-0.81/instance-out.sql,0.00,36.00
CZ02/Nrs&0&cDXHP&Ex&dxHP_equip__pkgEER/NE-dxAC_equip-pkgEER-14.8-IEER-TE-0.81/instance-out.sql,0.00,36.00
CZ02/Nrs&0&cDXHP&Ex&dxHP_equip__pkgEER/NE-dxAC_equip-pkgSEER-13.4-SEER2/instance-out.sql,0.00,36.00
CZ02/Nrs&0&cDXHP&Ex&dxHP_equip__pkgEER/NE-dxAC_equip-pkgEER-12.2-IEER-TE-0.80/instance-out.sql,0.00,36.00
CZ02/Nrs&0&cDXHP&Ex&dxHP_equip__pkgEER/NE-dxAC_equip-pkgEER-11.4-IEER-TE-0.80/instance-out.sql,0.00,36.00
CZ02/Nrs&0&cDXHP&Ex&dxHP_equip__pkgEER/NE-dxAC_equip-pkgEER-12.7-IEER-TE-0.80/instance-out.sql,0.00,36.00
CZ02/Nrs&0&cDXHP&Ex&dxHP_equip__pkgEER/NE-dxAC_equip-pkgSEER-12.35-SEER2/instance-out.sql,0.00,36.00
CZ02/Nrs&0&cDXHP&Ex&dxHP_equip__pkgEER/NE-dxHP_equip-pkgEER-14.5-IEER/instance-out.sql,0.00,20.00
CZ02/Nrs&0&cDXHP&Ex&dxHP_equip__pkgEER/NE-dxHP_equip-pkgEER-15.5-IEER/instance-out.sql,0.00,20.00
CZ02/Nrs&0&cDXHP&Ex&dxHP_equip__pkgEER/NE-dxHP_equip-pkgEER-13.5-IEER/instance-out.sql,0.00,20.00
CZ02/Nrs&0&cDXHP&Ex&dxHP_equip__pkgEER/NE-dxHP_equip-pkgEER-14-IEER/instance-out.sql,0.00,20.00
CZ02/Nrs&0&cDXHP&Ex&dxHP_equip__pkgEER/NE-dxHP_equip-pkgEER-15-IEER/instance-out.sql,0.00,20.00
CZ02/Nrs&0&cDXHP&Ex&dxHP_equip__pkgEER/NE-dxHP_equip-pkgEER-16-IEER/instance-out.sql,0.00,20.00
CZ02/Nrs&0&cDXHP&Ex&dxHP_equip__pkgEER/NE-dxHP_equip-pkgSEER-15.4-SEER2/instance-out.sql,0.00,20.00
CZ02/Nrs&0&cDXHP&Ex&dxHP_equip__pkgEER/NE-dxHP_equip-pkgSEER-16.3-SEER2/instance-out.sql,0.00,20.00
CZ02/Nrs&0&cDXHP&Ex&dxHP_equip__pkgEER/NE-dxHP_equip-pkgSEER-14.4-SEER2-1Stage/instance-out.sql,0.00,20.00
CZ02/Nrs&0&cDXHP&Ex&dxHP_equip__pkgEER/NE-dxHP_equip-pkgSEER-14.4-SEER2-2Stage/instance-out.sql,0.00,19.00
CZ02/Nrs&0&cDXHP&Ex&dxHP_equip__pkgEER/NE-dxHP_equip-spltSEER-14.4-SEER2-8.7-HSPF/instance-out.sql,0.00,20.00
CZ02/Nrs&0&cDXHP&Ex&dxHP_equip__pkgEER/NE-dxHP_equip-spltSEER-15.4-SEER2-9-HSPF/instance-out.sql,0.00,20.00
CZ02/Nrs&0&cDXHP&Ex&dxHP_equip__pkgEER/NE-dxHP_equip-spltSEER-16.3-SEER2-9.4-HSPF/instance-out.sql,0.00,20.00
CZ02/Nrs&0&cDXHP&Ex&dxHP_equip__pkgEER/NE-dxHP_equip-spltSEER-17.3-SEER2-9.7-HSPF/instance-out.sql,0.00,20.00
CZ02/OfL&0&cDXHP&Ex&dxHP_equip__pkgEER/NE-dxAC_equip-pkgEER-14.2-IEER-TE-0.81/instance-out.sql,18.00,417.00
CZ02/OfL&0&cDXHP&Ex&dxHP_equip__pkgEER/NE-dxAC_equip-pkgEER-13.2-IEER-TE-0.81/instance-out.sql,18.00,417.00
CZ02/OfL&0&cDXHP&Ex&dxHP_equip__pkgEER/NE-dxAC_equip-pkgEER-14.8-IEER-TE-0.81/instance-out.sql,18.00,417.00
CZ02/OfL&0&cDXHP&Ex&dxHP_equip__pkgEER/NE-dxAC_equip-pkgSEER-13.4-SEER2/instance-out.sql,18.00,417.00
CZ02/OfL&0&cDXHP&Ex&dxHP_equip__pkgEER/NE-dxAC_equip-pkgEER-12.2-IEER-TE-0.80/instance-out.sql,18.00,417.00
CZ02/OfL&0&cDXHP&Ex&dxHP_equip__pkgEER/NE-dxAC_equip-pkgEER-11.4-IEER-TE-0.80/instance-out.sql,18.00,417.00
CZ02/OfL&0&cDXHP&Ex&dxHP_equip__pkgEER/NE-dxAC_equip-pkgEER-12.7-IEER-TE-0.80/instance-out.sql,18.00,417.00
CZ02/OfL&0&cDXHP&Ex&dxHP_equip__pkgEER/NE-dxAC_equip-pkgSEER-12.35-SEER2/instance-out.sql,18.00,417.00
CZ02/OfL&0&cDXHP&Ex&dxHP_equip__pkgEER/NE-dxHP_equip-pkgEER-14.5-IEER/instance-out.sql,19.00,364.00
CZ02/OfL&0&cDXHP&Ex&dxHP_equip__pkgEER/NE-dxHP_equip-pkgEER-15.5-IEER/instance-out.sql,19.00,364.00
CZ02/OfL&0&cDXHP&Ex&dxHP_equip__pkgEER/NE-dxHP_equip-pkgEER-13.5-IEER/instance-out.sql,19.00,364.00
CZ02/OfL&0&cDXHP&Ex&dxHP_equip__pkgEER/NE-dxHP_equip-pkgEER-14-IEER/instance-out.sql,19.00,364.00
CZ02/OfL&0&cDXHP&Ex&dxHP_equip__pkgEER/NE-dxHP_equip-pkgEER-15-IEER/instance-out.sql,19.00,364.00
CZ02/OfL&0&cDXHP&Ex&dxHP_equip__pkgEER/NE-dxHP_equip-pkgEER-16-IEER/instance-out.sql,19.00,364.00
CZ02/OfL&0&cDXHP&Ex&dxHP_equip__pkgEER/NE-dxHP_equip-pkgSEER-15.4-SEER2/instance-out.sql,19.00,364.00
CZ02/OfL&0&cDXHP&Ex&dxHP_equip__pkgEER/NE-dxHP_equip-pkgSEER-16.3-SEER2/instance-out.sql,19.00,364.00
CZ02/OfL&0&cDXHP&Ex&dxHP_equip__pkgEER/NE-dxHP_equip-pkgSEER-14.4-SEER2-1Stage/instance-out.sql,19.00,364.00
CZ02/OfL&0&cDXHP&Ex&dxHP_equip__pkgEER/NE-dxHP_equip-pkgSEER-14.4-SEER2-2Stage/instance-out.sql,23.00,358.00
CZ02/OfL&0&cDXHP&Ex&dxHP_equip__pkgEER/NE-dxHP_equip-spltSEER-14.4-SEER2-8.7-HSPF/instance-out.sql,19.00,364.00
CZ02/OfL&0&cDXHP&Ex&dxHP_equip__pkgEER/NE-dxHP_equip-spltSEER-15.4-SEER2-9-HSPF/instance-out.sql,19.00,364.00
CZ02/OfL&0&cDXHP&Ex&dxHP_equip__pkgEER/NE-dxHP_equip-spltSEER-16.3-SEER2-9.4-HSPF/instance-out.sql,19.00,364.00
CZ02/OfL&0&cDXHP&Ex&dxHP_equip__pkgEER/NE-dxHP_equip-spltSEER-17.3-SEER2-9.7-HSPF/instance-out.sql,19.00,364.00
CZ02/OfL&0&cDXHP&Ex&dxHP_equip__pkgEER/NE-dxAC_equip-pkgEER-14.2-IEER-TE-0.81-VarFan/instance-out.sql,18.00,417.00
CZ02/OfL&0&cDXHP&Ex&dxHP_equip__pkgEER/NE-dxAC_equip-pkgEER-13.2-IEER-TE-0.81-VarFan/instance-out.sql,18.00,417.00
CZ02/OfL&0&cDXHP&Ex&dxHP_equip__pkgEER/NE-dxAC_equip-pkgEER-14.8-IEER-TE-0.81-VarFan/instance-out.sql,18.00,417.00
CZ02/OfL&0&cDXHP&Ex&dxHP_equip__pkgEER/NE-dxAC_equip-pkgSEER-13.4-SEER2-VarFan/instance-out.sql,18.00,417.00
CZ02/OfS&0&cDXHP&Ex&dxHP_equip__pkgEER/NE-dxAC_equip-pkgEER-14.2-IEER-TE-0.81/instance-out.sql,5.00,356.00
CZ02/OfS&0&cDXHP&Ex&dxHP_equip__pkgEER/NE-dxAC_equip-pkgEER-13.2-IEER-TE-0.81/instance-out.sql,5.00,356.00
CZ02/OfS&0&cDXHP&Ex&dxHP_equip__pkgEER/NE-dxAC_equip-pkgEER-14.8-IEER-TE-0.81/instance-out.sql,5.00,356.00
CZ02/OfS&0&cDXHP&Ex&dxHP_equip__pkgEER/NE-dxAC_equip-pkgSEER-13.4-SEER2/instance-out.sql,5.00,356.00
CZ02/OfS&0&cDXHP&Ex&dxHP_equip__pkgEER/NE-dxAC_equip-pkgEER-12.2-IEER-TE-0.80/instance-out.sql,5.00,356.00
CZ02/OfS&0&cDXHP&Ex&dxHP_equip__pkgEER/NE-dxAC_equip-pkgEER-11.4-IEER-TE-0.80/instance-out.sql,5.00,356.00
CZ02/OfS&0&cDXHP&Ex&dxHP_equip__pkgEER/NE-dxAC_equip-pkgEER-12.7-IEER-TE-0.80/instance-out.sql,5.00,356.00
CZ02/OfS&0&cDXHP&Ex&dxHP_equip__pkgEER/NE-dxAC_equip-pkgSEER-12.35-SEER2/instance-out.sql,5.00,356.00
CZ02/OfS&0&cDXHP&Ex&dxHP_equip__pkgEER/NE-dxHP_equip-pkgEER-14.5-IEER/instance-out.sql,5.00,308.00
CZ02/OfS&0&cDXHP&Ex&dxHP_equip__pkgEER/NE-dxHP_equip-pkgEER-15.5-IEER/instance-out.sql,5.00,308.00
CZ02/OfS&0&cDXHP&Ex&dxHP_equip__pkgEER/NE-dxHP_equip-pkgEER-13.5-IEER/instance-out.sql,5.00,308.00
CZ02/OfS&0&cDXHP&Ex&dxHP_equip__pkgEER/NE-dxHP_equip-pkgEER-14-IEER/instance-out.sql,5.00,308.00
CZ02/OfS&0&cDXHP&Ex&dxHP_equip__pkgEER/NE-dxHP_equip-pkgEER-15-IEER/instance-out.sql,5.00,308.00
CZ02/OfS&0&cDXHP&Ex&dxHP_equip__pkgEER/NE-dxHP_equip-pkgEER-16-IEER/instance-out.sql,5.00,308.00
CZ02/OfS&0&cDXHP&Ex&dxHP_equip__pkgEER/NE-dxHP_equip-pkgSEER-15.4-SEER2/instance-out.sql,5.00,308.00
CZ02/OfS&0&cDXHP&Ex&dxHP_equip__pkgEER/NE-dxHP_equip-pkgSEER-16.3-SEER2/instance-out.sql,5.00,308.00
CZ02/OfS&0&cDXHP&Ex&dxHP_equip__pkgEER/NE-dxHP_equip-pkgSEER-14.4-SEER2-1Stage/instance-out.sql,5.00,308.00
CZ02/OfS&0&cDXHP&Ex&dxHP_equip__pkgEER/NE-dxHP_equip-pkgSEER-14.4-SEER2-2Stage/instance-out.sql,7.00,296.00
CZ02/OfS&0&cDXHP&Ex&dxHP_equip__pkgEER/NE-dxHP_equip-spltSEER-14.4-SEER2-8.7-HSPF/instance-out.sql,5.00,308.00
CZ02/OfS&0&cDXHP&Ex&dxHP_equip__pkgEER/NE-dxHP_equip-spltSEER-15.4-SEER2-9-HSPF/instance-out.sql,5.00,308.00
CZ02/OfS&0&cDXHP&Ex&dxHP_equip__pkgEER/NE-dxHP_equip-spltSEER-16.3-SEER2-9.4-HSPF/instance-out.sql,5.00,308.00
CZ02/OfS&0&cDXHP&Ex&dxHP_equip__pkgEER/NE-dxHP_equip-spltSEER-17.3-SEER2-9.7-HSPF/instance-out.sql,5.00,308.00
CZ02/OfS&0&cDXHP&Ex&dxHP_equip__pkgEER/NE-dxAC_equip-pkgEER-14.2-IEER-TE-0.81-VarFan/instance-out.sql,5.00,356.00
CZ02/OfS&0&cDXHP&Ex&dxHP_equip__pkgEER/NE-dxAC_equip-pkgEER-13.2-IEER-TE-0.81-VarFan/instance-out.sql,5.00,356.00
CZ02/OfS&0&cDXHP&Ex&dxHP_equip__pkgEER/NE-dxAC_equip-pkgEER-14.8-IEER-TE-0.81-VarFan/instance-out.sql,5.00,356.00
CZ02/OfS&0&cDXHP&Ex&dxHP_equip__pkgEER/NE-dxAC_equip-pkgSEER-13.4-SEER2-VarFan/instance-out.sql,5.00,356.00
CZ02/RFF&0&cDXHP&Ex&dxHP_equip__pkgEER/NE-dxAC_equip-pkgEER-14.2-IEER-TE-0.81/instance-out.sql,0.00,48.00
CZ02/RFF&0&cDXHP&Ex&dxHP_equip__pkgEER/NE-dxAC_equip-pkgEER-13.2-IEER-TE-0.81/instance-out.sql,0.00,48.00
CZ02/RFF&0&cDXHP&Ex&dxHP_equip__pkgEER/NE-dxAC_equip-pkgEER-14.8-IEER-TE-0.81/instance-out.sql,0.00,48.00
CZ02/RFF&0&cDXHP&Ex&dxHP_equip__pkgEER/NE-dxAC_equip-pkgSEER-13.4-SEER2/instance-out.sql,0.00,48.00
CZ02/RFF&0&cDXHP&Ex&dxHP_equip__pkgEER/NE-dxAC_equip-pkgEER-12.2-IEER-TE-0.80/instance-out.sql,0.00,48.00
CZ02/RFF&0&cDXHP&Ex&dxHP_equip__pkgEER/NE-dxAC_equip-pkgEER-11.4-IEER-TE-0.80/instance-out.sql,0.00,48.00
CZ02/RFF&0&cDXHP&Ex&dxHP_equip__pkgEER/NE-dxAC_equip-pkgEER-12.7-IEER-TE-0.80/instance-out.sql,0.00,48.00
CZ02/RFF&0&cDXHP&Ex&dxHP_equip__pkgEER/NE-dxAC_equip-pkgSEER-12.35-SEER2/instance-out.sql,0.00,48.00
CZ02/RFF&0&cDXHP&Ex&dxHP_equip__pkgEER/NE-dxHP_equip-pkgEER-14.5-IEER/instance-out.sql,0.00,16.00
CZ02/RFF&0&cDXHP&Ex&dxHP_equip__pkgEER/NE-dxHP_equip-pkgEER-15.5-IEER/instance-out.sql,0.00,16.00
CZ02/RFF&0&cDXHP&Ex&dxHP_equip__pkgEER/NE-dxHP_equip-pkgEER-13.5-IEER/instance-out.sql,0.00,16.00
CZ02/RFF&0&cDXHP&Ex&dxHP_equip__pkgEER/NE-dxHP_equip-pkgEER-14-IEER/instance-out.sql,0.00,16.00
CZ02/RFF&0&cDXHP&Ex&dxHP_equip__pkgEER/NE-dxHP_equip-pkgEER-15-IEER/instance-out.sql,0.00,16.00
CZ02/RFF&0&cDXHP&Ex&dxHP_equip__pkgEER/NE-dxHP_equip-pkgEER-16-IEER/instance-out.sql,0.00,16.00
CZ02/RFF&0&cDXHP&Ex&dxHP_equip__pkgEER/NE-dxHP_equip-pkgSEER-15.4-SEER2/instance-out.sql,0.00,16.00
CZ02/RFF&0&cDXHP&Ex&dxHP_equip__pkgEER/NE-dxHP_equip-pkgSEER-16.3-SEER2/instance-out.sql,0.00,16.00
CZ02/RFF&0&cDXHP&Ex&dxHP_equip__pkgEER/NE-dxHP_equip-pkgSEER-14.4-SEER2-1Stage/instance-out.sql,0.00,16.00
CZ02/RFF&0&cDXHP&Ex&dxHP_equip__pkgEER/NE-dxHP_equip-pkgSEER-14.4-SEER2-2Stage/instance-out.sql,8.00,16.00
CZ02/RFF&0&cDXHP&Ex&dxHP_equip__pkgEER/NE-dxHP_equip-spltSEER-14.4-SEER2-8.7-HSPF/instance-out.sql,0.00,16.00
CZ02/RFF&0&cDXHP&Ex&dxHP_equip__pkgEER/NE-dxHP_equip-spltSEER-15.4-SEER2-9-HSPF/instance-out.sql,0.00,16.00
CZ02/RFF&0&cDXHP&Ex&dxHP_equip__pkgEER/NE-dxHP_equip-spltSEER-16.3-SEER2-9.4-HSPF/instance-out.sql,0.00,16.00
CZ02/RFF&0&cDXHP&Ex&dxHP_equip__pkgEER/NE-dxHP_equip-spltSEER-17.3-SEER2-9.7-HSPF/instance-out.sql,0.00,16.00
CZ02/RSD&0&cDXHP&Ex&dxHP_equip__pkgEER/NE-dxAC_equip-pkgEER-14.2-IEER-TE-0.81/instance-out.sql,0.00,12.00
CZ02/RSD&0&cDXHP&Ex&dxHP_equip__pkgEER/NE-dxAC_equip-pkgEER-13.2-IEER-TE-0.81/instance-out.sql,0.00,12.00
CZ02/RSD&0&cDXHP&Ex&dxHP_equip__pkgEER/NE-dxAC_equip-pkgEER-14.8-IEER-TE-0.81/instance-out.sql,0.00,12.00
CZ02/RSD&0&cDXHP&Ex&dxHP_equip__pkgEER/NE-dxAC_equip-pkgSEER-13.4-SEER2/instance-out.sql,0.00,12.00
CZ02/RSD&0&cDXHP&Ex&dxHP_equip__pkgEER/NE-dxAC_equip-pkgEER-12.2-IEER-TE-0.80/instance-out.sql,0.00,12.00
CZ02/RSD&0&cDXHP&Ex&dxHP_equip__pkgEER/NE-dxAC_equip-pkgEER-11.4-IEER-TE-0.80/instance-out.sql,0.00,12.00
CZ02/RSD&0&cDXHP&Ex&dxHP_equip__pkgEER/NE-dxAC_equip-pkgEER-12.7-IEER-TE-0.80/instance-out.sql,0.00,12.00
CZ02/RSD&0&cDXHP&Ex&dxHP_equip__pkgEER/NE-dxAC_equip-pkgSEER-12.35-SEER2/instance-out.sql,0.00,12.00
CZ02/RSD&0&cDXHP&Ex&dxHP_equip__pkgEER/NE-dxHP_equip-pkgEER-14.5-IEER/instance-out.sql,0.00,0.00
CZ02/RSD&0&cDXHP&Ex&dxHP_equip__pkgEER/NE-dxHP_equip-pkgEER-15.5-IEER/instance-out.sql,0.00,0.00
CZ02/RSD&0&cDXHP&Ex&dxHP_equip__pkgEER/NE-dxHP_equip-pkgEER-13.5-IEER/instance-out.sql,0.00,0.00
CZ02/RSD&0&cDXHP&Ex&dxHP_equip__pkgEER/NE-dxHP_equip-pkgEER-14-IEER/instance-out.sql,0.00,0.00
CZ02/RSD&0&cDXHP&Ex&dxHP_equip__pkgEER/NE-dxHP_equip-pkgEER-15-IEER/instance-out.sql,0.00,0.00
CZ02/RSD&0&cDXHP&Ex&dxHP_equip__pkgEER/NE-dxHP_equip-pkgEER-16-IEER/instance-out.sql,0.00,0.00
CZ02/RSD&0&cDXHP&Ex&dxHP_equip__pkgEER/NE-dxHP_equip-pkgSEER-15.4-SEER2/instance-out.sql,0.00,0.00
CZ02/RSD&0&cDXHP&Ex&dxHP_equip__pkgEER/NE-dxHP_equip-pkgSEER-16.3-SEER2/instance-out.sql,0.00,0.00
CZ02/RSD&0&cDXHP&Ex&dxHP_equip__pkgEER/NE-dxHP_equip-pkgSEER-14.4-SEER2-1Stage/instance-out.sql,0.00,0.00
CZ02/RSD&0&cDXHP&Ex&dxHP_equip__pkgEER/NE-dxHP_equip-pkgSEER-14.4-SEER2-2Stage/instance-out.sql,0.00,0.00
CZ02/RSD&0&cDXHP&Ex&dxHP_equip__pkgEER/NE-dxHP_equip-spltSEER-14.4-SEER2-8.7-HSPF/instance-out.sql,0.00,0.00
CZ02/RSD&0&cDXHP&Ex&dxHP_equip__pkgEER/NE-dxHP_equip-spltSEER-15.4-SEER2-9-HSPF/instance-out.sql,0.00,0.00
CZ02/RSD&0&cDXHP&Ex&dxHP_equip__pkgEER/NE-dxHP_equip-spltSEER-16.3-SEER2-9.4-HSPF/instance-out.sql,0.00,0.00
CZ02/RSD&0&cDXHP&Ex&dxHP_equip__pkgEER/NE-dxHP_equip-spltSEER-17.3-SEER2-9.7-HSPF/instance-out.sql,0.00,0.00
CZ02/Rt3&0&cDXHP&Ex&dxHP_equip__pkgEER/NE-dxAC_equip-pkgEER-14.2-IEER-TE-0.81/instance-out.sql,0.00,76.00
CZ02/Rt3&0&cDXHP&Ex&dxHP_equip__pkgEER/NE-dxAC_equip-pkgEER-13.2-IEER-TE-0.81/instance-out.sql,0.00,76.00
CZ02/Rt3&0&cDXHP&Ex&dxHP_equip__pkgEER/NE-dxAC_equip-pkgEER-14.8-IEER-TE-0.81/instance-out.sql,0.00,76.00
CZ02/Rt3&0&cDXHP&Ex&dxHP_equip__pkgEER/NE-dxAC_equip-pkgSEER-13.4-SEER2/instance-out.sql,0.00,76.00
CZ02/Rt3&0&cDXHP&Ex&dxHP_equip__pkgEER/NE-dxAC_equip-pkgEER-12.2-IEER-TE-0.80/instance-out.sql,0.00,76.00
CZ02/Rt3&0&cDXHP&Ex&dxHP_equip__pkgEER/NE-dxAC_equip-pkgEER-11.4-IEER-TE-0.80/instance-out.sql,0.00,76.00
CZ02/Rt3&0&cDXHP&Ex&dxHP_equip__pkgEER/NE-dxAC_equip-pkgEER-12.7-IEER-TE-0.80/instance-out.sql,0.00,76.00
CZ02/Rt3&0&cDXHP&Ex&dxHP_equip__pkgEER/NE-dxAC_equip-pkgSEER-12.35-SEER2/instance-out.sql,0.00,76.00
CZ02/Rt3&0&cDXHP&Ex&dxHP_equip__pkgEER/NE-dxHP_equip-pkgEER-14.5-IEER/instance-out.sql,2.00,18.00
CZ02/Rt3&0&cDXHP&Ex&dxHP_equip__pkgEER/NE-dxHP_equip-pkgEER-15.5-IEER/instance-out.sql,2.00,18.00
CZ02/Rt3&0&cDXHP&Ex&dxHP_equip__pkgEER/NE-dxHP_equip-pkgEER-13.5-IEER/instance-out.sql,2.00,18.00
CZ02/Rt3&0&cDXHP&Ex&dxHP_equip__pkgEER/NE-dxHP_equip-pkgEER-14-IEER/instance-out.sql,2.00,18.00
CZ02/Rt3&0&cDXHP&Ex&dxHP_equip__pkgEER/NE-dxHP_equip-pkgEER-15-IEER/instance-out.sql,2.00,18.00
CZ02/Rt3&0&cDXHP&Ex&dxHP_equip__pkgEER/NE-dxHP_equip-pkgEER-16-IEER/instance-out.sql,2.00,18.00
CZ02/Rt3&0&cDXHP&Ex&dxHP_equip__pkgEER/NE-dxHP_equip-pkgSEER-15.4-SEER2/instance-out.sql,2.00,18.00
CZ02/Rt3&0&cDXHP&Ex&dxHP_equip__pkgEER/NE-dxHP_equip-pkgSEER-16.3-SEER2/instance-out.sql,2.00,18.00
CZ02/Rt3&0&cDXHP&Ex&dxHP_equip__pkgEER/NE-dxHP_equip-pkgSEER-14.4-SEER2-1Stage/instance-out.sql,2.00,18.00
CZ02/Rt3&0&cDXHP&Ex&dxHP_equip__pkgEER/NE-dxHP_equip-pkgSEER-14.4-SEER2-2Stage/instance-out.sql,0.00,18.00
CZ02/Rt3&0&cDXHP&Ex&dxHP_equip__pkgEER/NE-dxHP_equip-spltSEER-14.4-SEER2-8.7-HSPF/instance-out.sql,2.00,18.00
CZ02/Rt3&0&cDXHP&Ex&dxHP_equip__pkgEER/NE-dxHP_equip-spltSEER-15.4-SEER2-9-HSPF/instance-out.sql,2.00,18.00
CZ02/Rt3&0&cDXHP&Ex&dxHP_equip__pkgEER/NE-dxHP_equip-spltSEER-16.3-SEER2-9.4-HSPF/instance-out.sql,2.00,18.00
CZ02/Rt3&0&cDXHP&Ex&dxHP_equip__pkgEER/NE-dxHP_equip-spltSEER-17.3-SEER2-9.7-HSPF/instance-out.sql,2.00,18.00
CZ02/Rt3&0&cDXHP&Ex&dxHP_equip__pkgEER/NE-dxAC_equip-pkgEER-14.2-IEER-TE-0.81-VarFan/instance-out.sql,0.00,76.00
CZ02/Rt3&0&cDXHP&Ex&dxHP_equip__pkgEER/NE-dxAC_equip-pkgEER-13.2-IEER-TE-0.81-VarFan/instance-out.sql,0.00,76.00
CZ02/Rt3&0&cDXHP&Ex&dxHP_equip__pkgEER/NE-dxAC_equip-pkgEER-14.8-IEER-TE-0.81-VarFan/instance-out.sql,0.00,76.00
CZ02/Rt3&0&cDXHP&Ex&dxHP_equip__pkgEER/NE-dxAC_equip-pkgSEER-13.4-SEER2-VarFan/instance-out.sql,0.00,76.00
CZ02/RtL&0&cDXHP&Ex&dxHP_equip__pkgEER/NE-dxAC_equip-pkgEER-14.2-IEER-TE-0.81/instance-out.sql,0.00,60.00
CZ02/RtL&0&cDXHP&Ex&dxHP_equip__pkgEER/NE-dxAC_equip-pkgEER-13.2-IEER-TE-0.81/instance-out.sql,0.00,60.00
CZ02/RtL&0&cDXHP&Ex&dxHP_equip__pkgEER/NE-dxAC_equip-pkgEER-14.8-IEER-TE-0.81/instance-out.sql,0.00,60.00
CZ02/RtL&0&cDXHP&Ex&dxHP_equip__pkgEER/NE-dxAC_equip-pkgSEER-13.4-SEER2/instance-out.sql,0.00,60.00
CZ02/RtL&0&cDXHP&Ex&dxHP_equip__pkgEER/NE-dxAC_equip-pkgEER-12.2-IEER-TE-0.80/instance-out.sql,0.00,60.00
CZ02/RtL&0&cDXHP&Ex&dxHP_equip__pkgEER/NE-dxAC_equip-pkgEER-11.4-IEER-TE-0.80/instance-out.sql,0.00,60.00
CZ02/RtL&0&cDXHP&Ex&dxHP_equip__pkgEER/NE-dxAC_equip-pkgEER-12.7-IEER-TE-0.80/instance-out.sql,0.00,60.00
CZ02/RtL&0&cDXHP&Ex&dxHP_equip__pkgEER/NE-dxAC_equip-pkgSEER-12.35-SEER2/instance-out.sql,0.00,60.00
CZ02/RtL&0&cDXHP&Ex&dxHP_equip__pkgEER/NE-dxHP_equip-pkgEER-14.5-IEER/instance-out.sql,0.00,35.00
CZ02/RtL&0&cDXHP&Ex&dxHP_equip__pkgEER/NE-dxHP_equip-pkgEER-15.5-IEER/instance-out.sql,0.00,35.00
CZ02/RtL&0&cDXHP&Ex&dxHP_equip__pkgEER/NE-dxHP_equip-pkgEER-13.5-IEER/instance-out.sql,0.00,35.00
CZ02/RtL&0&cDXHP&Ex&dxHP_equip__pkgEER/NE-dxHP_equip-pkgEER-14-IEER/instance-out.sql,0.00,35.00
CZ02/RtL&0&cDXHP&Ex&dxHP_equip__pkgEER/NE-dxHP_equip-pkgEER-15-IEER/instance-out.sql,0.00,35.00
CZ02/RtL&0&cDXHP&Ex&dxHP_equip__pkgEER/NE-dxHP_equip-pkgEER-16-IEER/instance-out.sql,0.00,35.00
CZ02/RtL&0&cDXHP&Ex&dxHP_equip__pkgEER/NE-dxHP_equip-pkgSEER-15.4-SEER2/instance-out.sql,0.00,35.00
CZ02/RtL&0&cDXHP&Ex&dxHP_equip__pkgEER/NE-dxHP_equip-pkgSEER-16.3-SEER2/instance-out.sql,0.00,35.00
CZ02/RtL&0&cDXHP&Ex&dxHP_equip__pkgEER/NE-dxHP_equip-pkgSEER-14.4-SEER2-1Stage/instance-out.sql,0.00,35.00
CZ02/RtL&0&cDXHP&Ex&dxHP_equip__pkgEER/NE-dxHP_equip-pkgSEER-14.4-SEER2-2Stage/instance-out.sql,0.00,35.00
CZ02/RtL&0&cDXHP&Ex&dxHP_equip__pkgEER/NE-dxHP_equip-spltSEER-14.4-SEER2-8.7-HSPF/instance-out.sql,0.00,35.00
CZ02/RtL&0&cDXHP&Ex&dxHP_equip__pkgEER/NE-dxHP_equip-spltSEER-15.4-SEER2-9-HSPF/instance-out.sql,0.00,35.00
CZ02/RtL&0&cDXHP&Ex&dxHP_equip__pkgEER/NE-dxHP_equip-spltSEER-16.3-SEER2-9.4-HSPF/instance-out.sql,0.00,35.00
CZ02/RtL&0&cDXHP&Ex&dxHP_equip__pkgEER/NE-dxHP_equip-spltSEER-17.3-SEER2-9.7-HSPF/instance-out.sql,0.00,35.00
CZ02/RtL&0&cDXHP&Ex&dxHP_equip__pkgEER/NE-dxAC_equip-pkgEER-14.2-IEER-TE-0.81-VarFan/instance-out.sql,0.00,60.00
CZ02/RtL&0&cDXHP&Ex&dxHP_equip__pkgEER/NE-dxAC_equip-pkgEER-13.2-IEER-TE-0.81-VarFan/instance-out.sql,0.00,60.00
CZ02/RtL&0&cDXHP&Ex&dxHP_equip__pkgEER/NE-dxAC_equip-pkgEER-14.8-IEER-TE-0.81-VarFan/instance-out.sql,0.00,60.00
CZ02/RtL&0&cDXHP&Ex&dxHP_equip__pkgEER/NE-dxAC_equip-pkgSEER-13.4-SEER2-VarFan/instance-out.sql,0.00,60.00
CZ02/RtS&0&cDXHP&Ex&dxHP_equip__pkgEER/NE-dxAC_equip-pkgEER-14.2-IEER-TE-0.81/instance-out.sql,0.00,23.00
CZ02/RtS&0&cDXHP&Ex&dxHP_equip__pkgEER/NE-dxAC_equip-pkgEER-13.2-IEER-TE-0.81/instance-out.sql,0.00,23.00
CZ02/RtS&0&cDXHP&Ex&dxHP_equip__pkgEER/NE-dxAC_equip-pkgEER-14.8-IEER-TE-0.81/instance-out.sql,0.00,23.00
CZ02/RtS&0&cDXHP&Ex&dxHP_equip__pkgEER/NE-dxAC_equip-pkgSEER-13.4-SEER2/instance-out.sql,0.00,23.00
CZ02/RtS&0&cDXHP&Ex&dxHP_equip__pkgEER/NE-dxAC_equip-pkgEER-12.2-IEER-TE-0.80/instance-out.sql,0.00,23.00
CZ02/RtS&0&cDXHP&Ex&dxHP_equip__pkgEER/NE-dxAC_equip-pkgEER-11.4-IEER-TE-0.80/instance-out.sql,0.00,23.00
CZ02/RtS&0&cDXHP&Ex&dxHP_equip__pkgEER/NE-dxAC_equip-pkgEER-12.7-IEER-TE-0.80/instance-out.sql,0.00,23.00
CZ02/RtS&0&cDXHP&Ex&dxHP_equip__pkgEER/NE-dxAC_equip-pkgSEER-12.35-SEER2/instance-out.sql,0.00,23.00
CZ02/RtS&0&cDXHP&Ex&dxHP_equip__pkgEER/NE-dxHP_equip-pkgEER-14.5-IEER/instance-out.sql,0.00,3.00
CZ02/RtS&0&cDXHP&Ex&dxHP_equip__pkgEER/NE-dxHP_equip-pkgEER-15.5-IEER/instance-out.sql,0.00,3.00
CZ02/RtS&0&cDXHP&Ex&dxHP_equip__pkgEER/NE-dxHP_equip-pkgEER-13.5-IEER/instance-out.sql,0.00,3.00
CZ02/RtS&0&cDXHP&Ex&dxHP_equip__pkgEER/NE-dxHP_equip-pkgEER-14-IEER/instance-out.sql,0.00,3.00
CZ02/RtS&0&cDXHP&Ex&dxHP_equip__pkgEER/NE-dxHP_equip-pkgEER-15-IEER/instance-out.sql,0.00,3.00
CZ02/RtS&0&cDXHP&Ex&dxHP_equip__pkgEER/NE-dxHP_equip-pkgEER-16-IEER/instance-out.sql,0.00,3.00
CZ02/RtS&0&cDXHP&Ex&dxHP_equip__pkgEER/NE-dxHP_equip-pkgSEER-15.4-SEER2/instance-out.sql,0.00,3.00
CZ02/RtS&0&cDXHP&Ex&dxHP_equip__pkgEER/NE-dxHP_equip-pkgSEER-16.3-SEER2/instance-out.sql,0.00,3.00
CZ02/RtS&0&cDXHP&Ex&dxHP_equip__pkgEER/NE-dxHP_equip-pkgSEER-14.4-SEER2-1Stage/instance-out.sql,0.00,3.00
CZ02/RtS&0&cDXHP&Ex&dxHP_equip__pkgEER/NE-dxHP_equip-pkgSEER-14.4-SEER2-2Stage/instance-out.sql,0.00,3.00
CZ02/RtS&0&cDXHP&Ex&dxHP_equip__pkgEER/NE-dxHP_equip-spltSEER-14.4-SEER2-8.7-HSPF/instance-out.sql,0.00,3.00
CZ02/RtS&0&cDXHP&Ex&dxHP_equip__pkgEER/NE-dxHP_equip-spltSEER-15.4-SEER2-9-HSPF/instance-out.sql,0.00,3.00
CZ02/RtS&0&cDXHP&Ex&dxHP_equip__pkgEER/NE-dxHP_equip-spltSEER-16.3-SEER2-9.4-HSPF/instance-out.sql,0.00,3.00
CZ02/RtS&0&cDXHP&Ex&dxHP_equip__pkgEER/NE-dxHP_equip-spltSEER-17.3-SEER2-9.7-HSPF/instance-out.sql,0.00,3.00
CZ02/RtS&0&cDXHP&Ex&dxHP_equip__pkgEER/NE-dxAC_equip-pkgEER-14.2-IEER-TE-0.81-VarFan/instance-out.sql,0.00,23.00
CZ02/RtS&0&cDXHP&Ex&dxHP_equip__pkgEER/NE-dxAC_equip-pkgEER-13.2-IEER-TE-0.81-VarFan/instance-out.sql,0.00,23.00
CZ02/RtS&0&cDXHP&Ex&dxHP_equip__pkgEER/NE-dxAC_equip-pkgEER-14.8-IEER-TE-0.81-VarFan/instance-out.sql,0.00,23.00
CZ02/RtS&0&cDXHP&Ex&dxHP_equip__pkgEER/NE-dxAC_equip-pkgSEER-13.4-SEER2-VarFan/instance-out.sql,0.00,23.00
CZ02/SCn&0&cDXHP&Ex&dxHP_equip__pkgEER/NE-dxAC_equip-pkgEER-14.2-IEER-TE-0.81/instance-out.sql,0.00,7.00
CZ02/SCn&0&cDXHP&Ex&dxHP_equip__pkgEER/NE-dxAC_equip-pkgEER-13.2-IEER-TE-0.81/instance-out.sql,0.00,7.00
CZ02/SCn&0&cDXHP&Ex&dxHP_equip__pkgEER/NE-dxAC_equip-pkgEER-14.8-IEER-TE-0.81/instance-out.sql,0.00,7.00
CZ02/SCn&0&cDXHP&Ex&dxHP_equip__pkgEER/NE-dxAC_equip-pkgSEER-13.4-SEER2/instance-out.sql,0.00,7.00
CZ02/SCn&0&cDXHP&Ex&dxHP_equip__pkgEER/NE-dxAC_equip-pkgEER-12.2-IEER-TE-0.80/instance-out.sql,0.00,7.00
CZ02/SCn&0&cDXHP&Ex&dxHP_equip__pkgEER/NE-dxAC_equip-pkgEER-11.4-IEER-TE-0.80/instance-out.sql,0.00,7.00
CZ02/SCn&0&cDXHP&Ex&dxHP_equip__pkgEER/NE-dxAC_equip-pkgEER-12.7-IEER-TE-0.80/instance-out.sql,0.00,7.00
CZ02/SCn&0&cDXHP&Ex&dxHP_equip__pkgEER/NE-dxAC_equip-pkgSEER-12.35-SEER2/instance-out.sql,0.00,7.00
CZ02/SCn&0&cDXHP&Ex&dxHP_equip__pkgEER/NE-dxHP_equip-pkgEER-14.5-IEER/instance-out.sql,0.00,0.00
CZ02/SCn&0&cDXHP&Ex&dxHP_equip__pkgEER/NE-dxHP_equip-pkgEER-15.5-IEER/instance-out.sql,0.00,0.00
CZ02/SCn&0&cDXHP&Ex&dxHP_equip__pkgEER/NE-dxHP_equip-pkgEER-13.5-IEER/instance-out.sql,0.00,0.00
CZ02/SCn&0&cDXHP&Ex&dxHP_equip__pkgEER/NE-dxHP_equip-pkgEER-14-IEER/instance-out.sql,0.00,0.00
CZ02/SCn&0&cDXHP&Ex&dxHP_equip__pkgEER/NE-dxHP_equip-pkgEER-15-IEER/instance-out.sql,0.00,0.00
CZ02/SCn&0&cDXHP&Ex&dxHP_equip__pkgEER/NE-dxHP_equip-pkgEER-16-IEER/instance-out.sql,0.00,0.00
CZ02/SCn&0&cDXHP&Ex&dxHP_equip__pkgEER/NE-dxHP_equip-pkgSEER-15.4-SEER2/instance-out.sql,0.00,0.00
CZ02/SCn&0&cDXHP&Ex&dxHP_equip__pkgEER/NE-dxHP_equip-pkgSEER-16.3-SEER2/instance-out.sql,0.00,0.00
CZ02/SCn&0&cDXHP&Ex&dxHP_equip__pkgEER/NE-dxHP_equip-pkgSEER-14.4-SEER2-1Stage/instance-out.sql,0.00,0.00
CZ02/SCn&0&cDXHP&Ex&dxHP_equip__pkgEER/NE-dxHP_equip-pkgSEER-14.4-SEER2-2Stage/instance-out.sql,0.00,0.00
CZ02/SCn&0&cDXHP&Ex&dxHP_equip__pkgEER/NE-dxHP_equip-spltSEER-14.4-SEER2-8.7-HSPF/instance-out.sql,0.00,0.00
CZ02/SCn&0&cDXHP&Ex&dxHP_equip__pkgEER/NE-dxHP_equip-spltSEER-15.4-SEER2-9-HSPF/instance-out.sql,0.00,0.00
CZ02/SCn&0&cDXHP&Ex&dxHP_equip__pkgEER/NE-dxHP_equip-spltSEER-16.3-SEER2-9.4-HSPF/instance-out.sql,0.00,0.00
CZ02/SCn&0&cDXHP&Ex&dxHP_equip__pkgEER/NE-dxHP_equip-spltSEER-17.3-SEER2-9.7-HSPF/instance-out.sql,0.00,0.00

