File Name,Net Site EUI (kWh/m2),Net Site Energy (kWh),Net Source EUI (kWh/m2),Net Source Energy (kWh)
CZ11/Asm&0&cDXHP&Ex&dxHP_equip__pkgEER/NE-dxAC_equip-pkgEER-14.2-IEER-TE-0.81/instance-out.sql,156.17,986673.68,440.23,2781390.75
CZ11/Asm&0&cDXHP&Ex&dxHP_equip__pkgEER/NE-dxAC_equip-pkgEER-13.2-IEER-TE-0.81/instance-out.sql,157.76,996753.61,445.56,2815057.71
CZ11/Asm&0&cDXHP&Ex&dxHP_equip__pkgEER/NE-dxAC_equip-pkgEER-14.8-IEER-TE-0.81/instance-out.sql,154.79,977955.91,435.62,2752273.39
CZ11/Asm&0&cDXHP&Ex&dxHP_equip__pkgEER/NE-dxAC_equip-pkgSEER-13.4-SEER2/instance-out.sql,156.99,991898.36,442.99,2798841.17
CZ11/Asm&0&cDXHP&Ex&dxHP_equip__pkgEER/NE-dxAC_equip-pkgEER-12.2-IEER-TE-0.80/instance-out.sql,159.59,1008306.31,450.75,2847826.93
CZ11/Asm&0&cDXHP&Ex&dxHP_equip__pkgEER/NE-dxAC_equip-pkgEER-11.4-IEER-TE-0.80/instance-out.sql,162.31,1025510.19,459.84,2905287.87
CZ11/Asm&0&cDXHP&Ex&dxHP_equip__pkgEER/NE-dxAC_equip-pkgEER-12.7-IEER-TE-0.80/instance-out.sql,159.70,1008977.22,451.10,2850067.75
CZ11/Asm&0&cDXHP&Ex&dxHP_equip__pkgEER/NE-dxAC_equip-pkgSEER-12.35-SEER2/instance-out.sql,159.07,1005006.94,449.00,2836807.02
CZ11/Asm&0&cDXHP&Ex&dxHP_equip__pkgEER/NE-dxHP_equip-pkgEER-14.5-IEER/instance-out.sql,132.64,838035.33,435.31,2750283.95
CZ11/Asm&0&cDXHP&Ex&dxHP_equip__pkgEER/NE-dxHP_equip-pkgEER-15.5-IEER/instance-out.sql,131.29,829466.71,430.78,2721664.74
CZ11/Asm&0&cDXHP&Ex&dxHP_equip__pkgEER/NE-dxHP_equip-pkgEER-13.5-IEER/instance-out.sql,134.02,846723.75,439.90,2779303.26
CZ11/Asm&0&cDXHP&Ex&dxHP_equip__pkgEER/NE-dxHP_equip-pkgEER-14-IEER/instance-out.sql,133.00,840287.06,436.50,2757804.73
CZ11/Asm&0&cDXHP&Ex&dxHP_equip__pkgEER/NE-dxHP_equip-pkgEER-15-IEER/instance-out.sql,130.78,826251.80,429.08,2710926.96
CZ11/Asm&0&cDXHP&Ex&dxHP_equip__pkgEER/NE-dxHP_equip-pkgEER-16-IEER/instance-out.sql,129.00,815041.27,423.15,2673483.78
CZ11/Asm&0&cDXHP&Ex&dxHP_equip__pkgEER/NE-dxHP_equip-pkgSEER-15.4-SEER2/instance-out.sql,128.85,814087.09,422.65,2670296.82
CZ11/Asm&0&cDXHP&Ex&dxHP_equip__pkgEER/NE-dxHP_equip-pkgSEER-16.3-SEER2/instance-out.sql,127.52,805662.74,418.19,2642159.51
CZ11/Asm&0&cDXHP&Ex&dxHP_equip__pkgEER/NE-dxHP_equip-pkgSEER-14.4-SEER2-1Stage/instance-out.sql,130.16,822367.19,427.02,2697952.37
CZ11/Asm&0&cDXHP&Ex&dxHP_equip__pkgEER/NE-dxHP_equip-pkgSEER-14.4-SEER2-2Stage/instance-out.sql,112.98,713792.90,369.63,2335313.70
CZ11/Asm&0&cDXHP&Ex&dxHP_equip__pkgEER/NE-dxHP_equip-spltSEER-14.4-SEER2-8.7-HSPF/instance-out.sql,129.95,821018.39,426.31,2693447.35
CZ11/Asm&0&cDXHP&Ex&dxHP_equip__pkgEER/NE-dxHP_equip-spltSEER-15.4-SEER2-9-HSPF/instance-out.sql,128.68,813016.65,422.08,2666721.58
CZ11/Asm&0&cDXHP&Ex&dxHP_equip__pkgEER/NE-dxHP_equip-spltSEER-16.3-SEER2-9.4-HSPF/instance-out.sql,127.39,804862.75,417.77,2639487.55
CZ11/Asm&0&cDXHP&Ex&dxHP_equip__pkgEER/NE-dxHP_equip-spltSEER-17.3-SEER2-9.7-HSPF/instance-out.sql,126.44,798822.73,414.58,2619313.88
CZ11/ECC&0&cDXHP&Ex&dxHP_equip__pkgEER/NE-dxAC_equip-pkgEER-14.2-IEER-TE-0.81/instance-out.sql,117.58,3104370.59,343.69,9074115.49
CZ11/ECC&0&cDXHP&Ex&dxHP_equip__pkgEER/NE-dxAC_equip-pkgEER-13.2-IEER-TE-0.81/instance-out.sql,118.43,3126781.59,346.52,9148968.22
CZ11/ECC&0&cDXHP&Ex&dxHP_equip__pkgEER/NE-dxAC_equip-pkgEER-14.8-IEER-TE-0.81/instance-out.sql,116.85,3084988.11,341.23,9009378.00
CZ11/ECC&0&cDXHP&Ex&dxHP_equip__pkgEER/NE-dxAC_equip-pkgSEER-13.4-SEER2/instance-out.sql,118.02,3115986.77,345.16,9112913.51
CZ11/ECC&0&cDXHP&Ex&dxHP_equip__pkgEER/NE-dxAC_equip-pkgEER-12.2-IEER-TE-0.80/instance-out.sql,119.23,3147905.66,349.10,9217049.20
CZ11/ECC&0&cDXHP&Ex&dxHP_equip__pkgEER/NE-dxAC_equip-pkgEER-11.4-IEER-TE-0.80/instance-out.sql,120.68,3186155.53,353.94,9344803.79
CZ11/ECC&0&cDXHP&Ex&dxHP_equip__pkgEER/NE-dxAC_equip-pkgEER-12.7-IEER-TE-0.80/instance-out.sql,119.28,3149397.29,349.29,9222031.27
CZ11/ECC&0&cDXHP&Ex&dxHP_equip__pkgEER/NE-dxAC_equip-pkgSEER-12.35-SEER2/instance-out.sql,118.95,3140570.06,348.17,9192548.32
CZ11/ECC&0&cDXHP&Ex&dxHP_equip__pkgEER/NE-dxHP_equip-pkgEER-14.5-IEER/instance-out.sql,115.41,3047030.30,343.93,9080577.39
CZ11/ECC&0&cDXHP&Ex&dxHP_equip__pkgEER/NE-dxHP_equip-pkgEER-15.5-IEER/instance-out.sql,114.67,3027596.88,341.47,9015669.77
CZ11/ECC&0&cDXHP&Ex&dxHP_equip__pkgEER/NE-dxHP_equip-pkgEER-13.5-IEER/instance-out.sql,116.15,3066735.40,346.42,9146392.43
CZ11/ECC&0&cDXHP&Ex&dxHP_equip__pkgEER/NE-dxHP_equip-pkgEER-14-IEER/instance-out.sql,115.60,3052137.16,344.58,9097634.31
CZ11/ECC&0&cDXHP&Ex&dxHP_equip__pkgEER/NE-dxHP_equip-pkgEER-15-IEER/instance-out.sql,114.62,3026152.58,341.29,9010845.82
CZ11/ECC&0&cDXHP&Ex&dxHP_equip__pkgEER/NE-dxHP_equip-pkgEER-16-IEER/instance-out.sql,113.65,3000727.38,338.07,8925925.65
CZ11/ECC&0&cDXHP&Ex&dxHP_equip__pkgEER/NE-dxHP_equip-pkgSEER-15.4-SEER2/instance-out.sql,113.86,3006271.51,338.77,8944443.02
CZ11/ECC&0&cDXHP&Ex&dxHP_equip__pkgEER/NE-dxHP_equip-pkgSEER-16.3-SEER2/instance-out.sql,113.21,2989112.13,336.60,8887130.71
CZ11/ECC&0&cDXHP&Ex&dxHP_equip__pkgEER/NE-dxHP_equip-pkgSEER-14.4-SEER2-1Stage/instance-out.sql,114.52,3023473.61,340.95,9001898.06
CZ11/ECC&0&cDXHP&Ex&dxHP_equip__pkgEER/NE-dxHP_equip-pkgSEER-14.4-SEER2-2Stage/instance-out.sql,106.38,2808744.82,313.78,8284543.43
CZ11/ECC&0&cDXHP&Ex&dxHP_equip__pkgEER/NE-dxHP_equip-spltSEER-14.4-SEER2-8.7-HSPF/instance-out.sql,114.49,3022867.66,340.87,8999874.18
CZ11/ECC&0&cDXHP&Ex&dxHP_equip__pkgEER/NE-dxHP_equip-spltSEER-15.4-SEER2-9-HSPF/instance-out.sql,113.85,3005790.61,338.71,8942836.84
CZ11/ECC&0&cDXHP&Ex&dxHP_equip__pkgEER/NE-dxHP_equip-spltSEER-16.3-SEER2-9.4-HSPF/instance-out.sql,113.20,2988752.74,336.56,8885930.33
CZ11/ECC&0&cDXHP&Ex&dxHP_equip__pkgEER/NE-dxHP_equip-spltSEER-17.3-SEER2-9.7-HSPF/instance-out.sql,112.71,2975863.39,334.93,8842879.90
CZ11/ECC&0&cDXHP&Ex&dxHP_equip__pkgEER/NE-dxAC_equip-pkgEER-14.2-IEER-TE-0.81-VarFan/instance-out.sql,117.57,3104024.49,343.64,9072913.41
CZ11/ECC&0&cDXHP&Ex&dxHP_equip__pkgEER/NE-dxAC_equip-pkgEER-13.2-IEER-TE-0.81-VarFan/instance-out.sql,118.41,3126434.43,346.48,9147762.61
CZ11/ECC&0&cDXHP&Ex&dxHP_equip__pkgEER/NE-dxAC_equip-pkgEER-14.8-IEER-TE-0.81-VarFan/instance-out.sql,116.83,3084642.92,341.19,9008178.97
CZ11/ECC&0&cDXHP&Ex&dxHP_equip__pkgEER/NE-dxAC_equip-pkgSEER-13.4-SEER2-VarFan/instance-out.sql,118.01,3115640.12,345.11,9111709.59
CZ11/EPr&0&cDXHP&Ex&dxHP_equip__pkgEER/NE-dxAC_equip-pkgEER-14.2-IEER-TE-0.81/instance-out.sql,127.80,483768.43,336.29,1272968.97
CZ11/EPr&0&cDXHP&Ex&dxHP_equip__pkgEER/NE-dxAC_equip-pkgEER-13.2-IEER-TE-0.81/instance-out.sql,128.71,487210.10,339.32,1284464.13
CZ11/EPr&0&cDXHP&Ex&dxHP_equip__pkgEER/NE-dxAC_equip-pkgEER-14.8-IEER-TE-0.81/instance-out.sql,127.01,480791.86,333.66,1263027.22
CZ11/EPr&0&cDXHP&Ex&dxHP_equip__pkgEER/NE-dxAC_equip-pkgSEER-13.4-SEER2/instance-out.sql,128.27,485552.33,337.86,1278927.19
CZ11/EPr&0&cDXHP&Ex&dxHP_equip__pkgEER/NE-dxAC_equip-pkgEER-12.2-IEER-TE-0.80/instance-out.sql,129.62,490642.39,342.14,1295116.46
CZ11/EPr&0&cDXHP&Ex&dxHP_equip__pkgEER/NE-dxAC_equip-pkgEER-11.4-IEER-TE-0.80/instance-out.sql,131.17,496516.44,347.32,1314735.76
CZ11/EPr&0&cDXHP&Ex&dxHP_equip__pkgEER/NE-dxAC_equip-pkgEER-12.7-IEER-TE-0.80/instance-out.sql,129.68,490871.46,342.34,1295881.55
CZ11/EPr&0&cDXHP&Ex&dxHP_equip__pkgEER/NE-dxAC_equip-pkgSEER-12.35-SEER2/instance-out.sql,129.32,489515.86,341.14,1291353.85
CZ11/EPr&0&cDXHP&Ex&dxHP_equip__pkgEER/NE-dxHP_equip-pkgEER-14.5-IEER/instance-out.sql,122.56,463955.20,335.95,1271715.66
CZ11/EPr&0&cDXHP&Ex&dxHP_equip__pkgEER/NE-dxHP_equip-pkgEER-15.5-IEER/instance-out.sql,121.78,460983.35,333.33,1261789.67
CZ11/EPr&0&cDXHP&Ex&dxHP_equip__pkgEER/NE-dxHP_equip-pkgEER-13.5-IEER/instance-out.sql,123.36,466968.60,338.61,1281780.41
CZ11/EPr&0&cDXHP&Ex&dxHP_equip__pkgEER/NE-dxHP_equip-pkgEER-14-IEER/instance-out.sql,122.77,464736.17,336.64,1274324.08
CZ11/EPr&0&cDXHP&Ex&dxHP_equip__pkgEER/NE-dxHP_equip-pkgEER-15-IEER/instance-out.sql,121.66,460519.77,332.92,1260241.33
CZ11/EPr&0&cDXHP&Ex&dxHP_equip__pkgEER/NE-dxHP_equip-pkgEER-16-IEER/instance-out.sql,120.63,456631.63,329.49,1247254.93
CZ11/EPr&0&cDXHP&Ex&dxHP_equip__pkgEER/NE-dxHP_equip-pkgSEER-15.4-SEER2/instance-out.sql,120.77,457159.50,329.96,1249018.03
CZ11/EPr&0&cDXHP&Ex&dxHP_equip__pkgEER/NE-dxHP_equip-pkgSEER-16.3-SEER2/instance-out.sql,120.06,454454.60,327.57,1239983.64
CZ11/EPr&0&cDXHP&Ex&dxHP_equip__pkgEER/NE-dxHP_equip-pkgSEER-14.4-SEER2-1Stage/instance-out.sql,121.48,459855.59,332.34,1258022.96
CZ11/EPr&0&cDXHP&Ex&dxHP_equip__pkgEER/NE-dxHP_equip-pkgSEER-14.4-SEER2-2Stage/instance-out.sql,112.81,427036.95,303.38,1148408.47
CZ11/EPr&0&cDXHP&Ex&dxHP_equip__pkgEER/NE-dxHP_equip-spltSEER-14.4-SEER2-8.7-HSPF/instance-out.sql,121.43,459661.10,332.17,1257373.36
CZ11/EPr&0&cDXHP&Ex&dxHP_equip__pkgEER/NE-dxHP_equip-spltSEER-15.4-SEER2-9-HSPF/instance-out.sql,120.73,457005.15,329.82,1248502.49
CZ11/EPr&0&cDXHP&Ex&dxHP_equip__pkgEER/NE-dxHP_equip-spltSEER-16.3-SEER2-9.4-HSPF/instance-out.sql,120.02,454339.24,327.47,1239598.36
CZ11/EPr&0&cDXHP&Ex&dxHP_equip__pkgEER/NE-dxHP_equip-spltSEER-17.3-SEER2-9.7-HSPF/instance-out.sql,119.50,452334.55,325.70,1232902.68
CZ11/EPr&0&cDXHP&Ex&dxHP_equip__pkgEER/NE-dxAC_equip-pkgEER-14.2-IEER-TE-0.81-VarFan/instance-out.sql,127.79,483737.09,336.25,1272826.41
CZ11/EPr&0&cDXHP&Ex&dxHP_equip__pkgEER/NE-dxAC_equip-pkgEER-13.2-IEER-TE-0.81-VarFan/instance-out.sql,128.70,487178.61,339.28,1284321.10
CZ11/EPr&0&cDXHP&Ex&dxHP_equip__pkgEER/NE-dxAC_equip-pkgEER-14.8-IEER-TE-0.81-VarFan/instance-out.sql,127.00,480760.63,333.62,1262885.06
CZ11/EPr&0&cDXHP&Ex&dxHP_equip__pkgEER/NE-dxAC_equip-pkgSEER-13.4-SEER2-VarFan/instance-out.sql,128.26,485520.91,337.82,1278784.39
CZ11/ERC&0&cDXHP&Ex&dxHP_equip__pkgEER/NE-dxAC_equip-pkgEER-14.2-IEER-TE-0.81/instance-out.sql,90.25,24177.71,209.12,56021.67
CZ11/ERC&0&cDXHP&Ex&dxHP_equip__pkgEER/NE-dxAC_equip-pkgEER-13.2-IEER-TE-0.81/instance-out.sql,90.92,24356.14,211.34,56617.60
CZ11/ERC&0&cDXHP&Ex&dxHP_equip__pkgEER/NE-dxAC_equip-pkgEER-14.8-IEER-TE-0.81/instance-out.sql,89.67,24023.40,207.19,55506.28
CZ11/ERC&0&cDXHP&Ex&dxHP_equip__pkgEER/NE-dxAC_equip-pkgSEER-13.4-SEER2/instance-out.sql,90.60,24270.19,210.27,56330.56
CZ11/ERC&0&cDXHP&Ex&dxHP_equip__pkgEER/NE-dxAC_equip-pkgEER-12.2-IEER-TE-0.80/instance-out.sql,91.59,24537.71,213.42,57173.64
CZ11/ERC&0&cDXHP&Ex&dxHP_equip__pkgEER/NE-dxAC_equip-pkgEER-11.4-IEER-TE-0.80/instance-out.sql,92.73,24842.23,217.22,58190.74
CZ11/ERC&0&cDXHP&Ex&dxHP_equip__pkgEER/NE-dxAC_equip-pkgEER-12.7-IEER-TE-0.80/instance-out.sql,91.64,24549.59,213.57,57213.31
CZ11/ERC&0&cDXHP&Ex&dxHP_equip__pkgEER/NE-dxAC_equip-pkgSEER-12.35-SEER2/instance-out.sql,91.38,24479.31,212.69,56978.58
CZ11/ERC&0&cDXHP&Ex&dxHP_equip__pkgEER/NE-dxHP_equip-pkgEER-14.5-IEER/instance-out.sql,85.65,22944.93,208.80,55937.62
CZ11/ERC&0&cDXHP&Ex&dxHP_equip__pkgEER/NE-dxHP_equip-pkgEER-15.5-IEER/instance-out.sql,85.07,22791.08,206.89,55423.76
CZ11/ERC&0&cDXHP&Ex&dxHP_equip__pkgEER/NE-dxHP_equip-pkgEER-13.5-IEER/instance-out.sql,86.23,23100.93,210.75,56458.66
CZ11/ERC&0&cDXHP&Ex&dxHP_equip__pkgEER/NE-dxHP_equip-pkgEER-14-IEER/instance-out.sql,85.80,22985.36,209.31,56072.65
CZ11/ERC&0&cDXHP&Ex&dxHP_equip__pkgEER/NE-dxHP_equip-pkgEER-15-IEER/instance-out.sql,84.97,22762.31,206.53,55327.64
CZ11/ERC&0&cDXHP&Ex&dxHP_equip__pkgEER/NE-dxHP_equip-pkgEER-16-IEER/instance-out.sql,84.22,22561.02,204.02,54655.35
CZ11/ERC&0&cDXHP&Ex&dxHP_equip__pkgEER/NE-dxHP_equip-pkgSEER-15.4-SEER2/instance-out.sql,84.29,22582.05,204.28,54725.58
CZ11/ERC&0&cDXHP&Ex&dxHP_equip__pkgEER/NE-dxHP_equip-pkgSEER-16.3-SEER2/instance-out.sql,83.77,22440.43,202.51,54252.56
CZ11/ERC&0&cDXHP&Ex&dxHP_equip__pkgEER/NE-dxHP_equip-pkgSEER-14.4-SEER2-1Stage/instance-out.sql,84.82,22722.91,206.04,55196.06
CZ11/ERC&0&cDXHP&Ex&dxHP_equip__pkgEER/NE-dxHP_equip-pkgSEER-14.4-SEER2-2Stage/instance-out.sql,77.70,20815.01,182.25,48823.67
CZ11/ERC&0&cDXHP&Ex&dxHP_equip__pkgEER/NE-dxHP_equip-spltSEER-14.4-SEER2-8.7-HSPF/instance-out.sql,84.78,22710.84,205.89,55155.74
CZ11/ERC&0&cDXHP&Ex&dxHP_equip__pkgEER/NE-dxHP_equip-spltSEER-15.4-SEER2-9-HSPF/instance-out.sql,84.26,22572.47,204.16,54693.58
CZ11/ERC&0&cDXHP&Ex&dxHP_equip__pkgEER/NE-dxHP_equip-spltSEER-16.3-SEER2-9.4-HSPF/instance-out.sql,83.74,22433.27,202.43,54228.65
CZ11/ERC&0&cDXHP&Ex&dxHP_equip__pkgEER/NE-dxHP_equip-spltSEER-17.3-SEER2-9.7-HSPF/instance-out.sql,83.35,22328.82,201.12,53879.81
CZ11/ERC&0&cDXHP&Ex&dxHP_equip__pkgEER/NE-dxAC_equip-pkgEER-14.2-IEER-TE-0.81-VarFan/instance-out.sql,90.24,24176.13,209.09,56015.20
CZ11/ERC&0&cDXHP&Ex&dxHP_equip__pkgEER/NE-dxAC_equip-pkgEER-13.2-IEER-TE-0.81-VarFan/instance-out.sql,90.91,24354.54,211.32,56611.10
CZ11/ERC&0&cDXHP&Ex&dxHP_equip__pkgEER/NE-dxAC_equip-pkgEER-14.8-IEER-TE-0.81-VarFan/instance-out.sql,89.67,24021.83,207.17,55499.83
CZ11/ERC&0&cDXHP&Ex&dxHP_equip__pkgEER/NE-dxAC_equip-pkgSEER-13.4-SEER2-VarFan/instance-out.sql,90.59,24268.61,210.25,56324.07
CZ11/ESe&0&cDXHP&Ex&dxHP_equip__pkgEER/NE-dxAC_equip-pkgEER-14.2-IEER-TE-0.81/instance-out.sql,200.04,1382720.69,528.90,3655884.51
CZ11/ESe&0&cDXHP&Ex&dxHP_equip__pkgEER/NE-dxAC_equip-pkgEER-13.2-IEER-TE-0.81/instance-out.sql,200.61,1386645.85,530.80,3668994.55
CZ11/ESe&0&cDXHP&Ex&dxHP_equip__pkgEER/NE-dxAC_equip-pkgEER-14.8-IEER-TE-0.81/instance-out.sql,199.55,1379325.96,527.26,3644546.09
CZ11/ESe&0&cDXHP&Ex&dxHP_equip__pkgEER/NE-dxAC_equip-pkgSEER-13.4-SEER2/instance-out.sql,200.33,1384755.20,529.89,3662679.76
CZ11/ESe&0&cDXHP&Ex&dxHP_equip__pkgEER/NE-dxAC_equip-pkgEER-12.2-IEER-TE-0.80/instance-out.sql,201.15,1390373.49,532.53,3680947.74
CZ11/ESe&0&cDXHP&Ex&dxHP_equip__pkgEER/NE-dxAC_equip-pkgEER-11.4-IEER-TE-0.80/instance-out.sql,202.12,1397072.74,535.77,3703323.25
CZ11/ESe&0&cDXHP&Ex&dxHP_equip__pkgEER/NE-dxAC_equip-pkgEER-12.7-IEER-TE-0.80/instance-out.sql,201.19,1390634.74,532.65,3681820.32
CZ11/ESe&0&cDXHP&Ex&dxHP_equip__pkgEER/NE-dxAC_equip-pkgSEER-12.35-SEER2/instance-out.sql,200.96,1389088.70,531.91,3676656.54
CZ11/ESe&0&cDXHP&Ex&dxHP_equip__pkgEER/NE-dxHP_equip-pkgEER-14.5-IEER/instance-out.sql,198.46,1371779.10,529.37,3659108.56
CZ11/ESe&0&cDXHP&Ex&dxHP_equip__pkgEER/NE-dxHP_equip-pkgEER-15.5-IEER/instance-out.sql,197.96,1368351.94,527.71,3647661.84
CZ11/ESe&0&cDXHP&Ex&dxHP_equip__pkgEER/NE-dxHP_equip-pkgEER-13.5-IEER/instance-out.sql,198.96,1375254.17,531.05,3670715.30
CZ11/ESe&0&cDXHP&Ex&dxHP_equip__pkgEER/NE-dxHP_equip-pkgEER-14-IEER/instance-out.sql,198.59,1372679.72,529.80,3662116.62
CZ11/ESe&0&cDXHP&Ex&dxHP_equip__pkgEER/NE-dxHP_equip-pkgEER-15-IEER/instance-out.sql,197.92,1368060.17,527.57,3646687.34
CZ11/ESe&0&cDXHP&Ex&dxHP_equip__pkgEER/NE-dxHP_equip-pkgEER-16-IEER/instance-out.sql,197.27,1363576.34,525.41,3631711.33
CZ11/ESe&0&cDXHP&Ex&dxHP_equip__pkgEER/NE-dxHP_equip-pkgSEER-15.4-SEER2/instance-out.sql,197.41,1364505.21,525.85,3634813.76
CZ11/ESe&0&cDXHP&Ex&dxHP_equip__pkgEER/NE-dxHP_equip-pkgSEER-16.3-SEER2/instance-out.sql,196.97,1361466.74,524.39,3624665.29
CZ11/ESe&0&cDXHP&Ex&dxHP_equip__pkgEER/NE-dxHP_equip-pkgSEER-14.4-SEER2-1Stage/instance-out.sql,197.85,1367548.86,527.33,3644979.57
CZ11/ESe&0&cDXHP&Ex&dxHP_equip__pkgEER/NE-dxHP_equip-pkgSEER-14.4-SEER2-2Stage/instance-out.sql,192.66,1331672.65,509.91,3524571.54
CZ11/ESe&0&cDXHP&Ex&dxHP_equip__pkgEER/NE-dxHP_equip-spltSEER-14.4-SEER2-8.7-HSPF/instance-out.sql,197.83,1367426.45,527.27,3644570.71
CZ11/ESe&0&cDXHP&Ex&dxHP_equip__pkgEER/NE-dxHP_equip-spltSEER-15.4-SEER2-9-HSPF/instance-out.sql,197.39,1364408.06,525.81,3634489.29
CZ11/ESe&0&cDXHP&Ex&dxHP_equip__pkgEER/NE-dxHP_equip-spltSEER-16.3-SEER2-9.4-HSPF/instance-out.sql,196.96,1361394.14,524.35,3624422.80
CZ11/ESe&0&cDXHP&Ex&dxHP_equip__pkgEER/NE-dxHP_equip-spltSEER-17.3-SEER2-9.7-HSPF/instance-out.sql,196.63,1359115.92,523.25,3616813.55
CZ11/ESe&0&cDXHP&Ex&dxHP_equip__pkgEER/NE-dxAC_equip-pkgEER-14.2-IEER-TE-0.81-VarFan/instance-out.sql,200.04,1382686.85,528.88,3655760.27
CZ11/ESe&0&cDXHP&Ex&dxHP_equip__pkgEER/NE-dxAC_equip-pkgEER-13.2-IEER-TE-0.81-VarFan/instance-out.sql,200.60,1386611.83,530.78,3668869.71
CZ11/ESe&0&cDXHP&Ex&dxHP_equip__pkgEER/NE-dxAC_equip-pkgEER-14.8-IEER-TE-0.81-VarFan/instance-out.sql,199.54,1379292.27,527.24,3644422.37
CZ11/ESe&0&cDXHP&Ex&dxHP_equip__pkgEER/NE-dxAC_equip-pkgSEER-13.4-SEER2-VarFan/instance-out.sql,200.33,1384721.26,529.87,3662555.21
CZ11/EUn&0&cDXHP&Ex&dxHP_equip__pkgEER/NE-dxAC_equip-pkgEER-14.2-IEER-TE-0.81/instance-out.sql,120.86,9631332.88,373.32,29749940.00
CZ11/EUn&0&cDXHP&Ex&dxHP_equip__pkgEER/NE-dxAC_equip-pkgEER-13.2-IEER-TE-0.81/instance-out.sql,121.60,9690569.27,375.80,29947789.55
CZ11/EUn&0&cDXHP&Ex&dxHP_equip__pkgEER/NE-dxAC_equip-pkgEER-14.8-IEER-TE-0.81/instance-out.sql,120.22,9580101.40,371.17,29578826.88
CZ11/EUn&0&cDXHP&Ex&dxHP_equip__pkgEER/NE-dxAC_equip-pkgSEER-13.4-SEER2/instance-out.sql,121.24,9662036.56,374.60,29852490.29
CZ11/EUn&0&cDXHP&Ex&dxHP_equip__pkgEER/NE-dxAC_equip-pkgEER-12.2-IEER-TE-0.80/instance-out.sql,122.30,9746199.49,378.05,30127525.93
CZ11/EUn&0&cDXHP&Ex&dxHP_equip__pkgEER/NE-dxAC_equip-pkgEER-11.4-IEER-TE-0.80/instance-out.sql,123.57,9847300.97,382.29,30465204.87
CZ11/EUn&0&cDXHP&Ex&dxHP_equip__pkgEER/NE-dxAC_equip-pkgEER-12.7-IEER-TE-0.80/instance-out.sql,122.35,9750142.16,378.22,30140694.47
CZ11/EUn&0&cDXHP&Ex&dxHP_equip__pkgEER/NE-dxAC_equip-pkgSEER-12.35-SEER2/instance-out.sql,122.06,9726810.16,377.24,30062765.59
CZ11/EUn&0&cDXHP&Ex&dxHP_equip__pkgEER/NE-dxHP_equip-pkgEER-14.5-IEER/instance-out.sql,119.51,9524050.65,374.91,29877103.32
CZ11/EUn&0&cDXHP&Ex&dxHP_equip__pkgEER/NE-dxHP_equip-pkgEER-15.5-IEER/instance-out.sql,118.85,9471355.06,372.70,29701100.04
CZ11/EUn&0&cDXHP&Ex&dxHP_equip__pkgEER/NE-dxHP_equip-pkgEER-13.5-IEER/instance-out.sql,120.18,9577482.94,377.15,30055567.16
CZ11/EUn&0&cDXHP&Ex&dxHP_equip__pkgEER/NE-dxHP_equip-pkgEER-14-IEER/instance-out.sql,119.69,9537898.40,375.49,29923354.81
CZ11/EUn&0&cDXHP&Ex&dxHP_equip__pkgEER/NE-dxHP_equip-pkgEER-15-IEER/instance-out.sql,118.81,9467758.97,372.55,29689089.12
CZ11/EUn&0&cDXHP&Ex&dxHP_equip__pkgEER/NE-dxHP_equip-pkgEER-16-IEER/instance-out.sql,117.94,9398816.08,369.66,29458819.86
CZ11/EUn&0&cDXHP&Ex&dxHP_equip__pkgEER/NE-dxHP_equip-pkgSEER-15.4-SEER2/instance-out.sql,118.13,9414271.71,370.31,29510441.68
CZ11/EUn&0&cDXHP&Ex&dxHP_equip__pkgEER/NE-dxHP_equip-pkgSEER-16.3-SEER2/instance-out.sql,117.55,9367849.05,368.37,29355389.98
CZ11/EUn&0&cDXHP&Ex&dxHP_equip__pkgEER/NE-dxHP_equip-pkgSEER-14.4-SEER2-1Stage/instance-out.sql,118.72,9460830.51,372.26,29665948.07
CZ11/EUn&0&cDXHP&Ex&dxHP_equip__pkgEER/NE-dxHP_equip-pkgSEER-14.4-SEER2-2Stage/instance-out.sql,110.98,8843878.40,346.39,27604192.40
CZ11/EUn&0&cDXHP&Ex&dxHP_equip__pkgEER/NE-dxHP_equip-spltSEER-14.4-SEER2-8.7-HSPF/instance-out.sql,118.70,9459321.78,372.20,29660908.91
CZ11/EUn&0&cDXHP&Ex&dxHP_equip__pkgEER/NE-dxHP_equip-spltSEER-15.4-SEER2-9-HSPF/instance-out.sql,118.12,9413074.36,370.26,29506442.53
CZ11/EUn&0&cDXHP&Ex&dxHP_equip__pkgEER/NE-dxHP_equip-spltSEER-16.3-SEER2-9.4-HSPF/instance-out.sql,117.54,9366954.21,368.33,29352401.21
CZ11/EUn&0&cDXHP&Ex&dxHP_equip__pkgEER/NE-dxHP_equip-spltSEER-17.3-SEER2-9.7-HSPF/instance-out.sql,117.10,9332047.81,366.86,29235813.85
CZ11/EUn&0&cDXHP&Ex&dxHP_equip__pkgEER/NE-dxAC_equip-pkgEER-14.2-IEER-TE-0.81-VarFan/instance-out.sql,120.85,9630683.29,373.29,29747588.35
CZ11/EUn&0&cDXHP&Ex&dxHP_equip__pkgEER/NE-dxAC_equip-pkgEER-13.2-IEER-TE-0.81-VarFan/instance-out.sql,121.59,9689916.61,375.77,29945427.66
CZ11/EUn&0&cDXHP&Ex&dxHP_equip__pkgEER/NE-dxAC_equip-pkgEER-14.8-IEER-TE-0.81-VarFan/instance-out.sql,120.21,9579454.46,371.14,29576484.08
CZ11/EUn&0&cDXHP&Ex&dxHP_equip__pkgEER/NE-dxAC_equip-pkgSEER-13.4-SEER2-VarFan/instance-out.sql,121.24,9661385.38,374.57,29850133.33
CZ11/Gro&0&cDXHP&Ex&dxHP_equip__pkgEER/NE-dxAC_equip-pkgEER-14.2-IEER-TE-0.81/instance-out.sql,445.12,2067526.05,1387.57,6445102.72
CZ11/Gro&0&cDXHP&Ex&dxHP_equip__pkgEER/NE-dxAC_equip-pkgEER-13.2-IEER-TE-0.81/instance-out.sql,446.37,2073327.48,1391.75,6464479.51
CZ11/Gro&0&cDXHP&Ex&dxHP_equip__pkgEER/NE-dxAC_equip-pkgEER-14.8-IEER-TE-0.81/instance-out.sql,444.04,2062508.60,1383.97,6428344.43
CZ11/Gro&0&cDXHP&Ex&dxHP_equip__pkgEER/NE-dxAC_equip-pkgSEER-13.4-SEER2/instance-out.sql,445.77,2070533.08,1389.74,6455146.19
CZ11/Gro&0&cDXHP&Ex&dxHP_equip__pkgEER/NE-dxAC_equip-pkgEER-12.2-IEER-TE-0.80/instance-out.sql,447.88,2080324.20,1395.88,6483703.58
CZ11/Gro&0&cDXHP&Ex&dxHP_equip__pkgEER/NE-dxAC_equip-pkgEER-11.4-IEER-TE-0.80/instance-out.sql,450.01,2090225.77,1403.00,6516774.82
CZ11/Gro&0&cDXHP&Ex&dxHP_equip__pkgEER/NE-dxAC_equip-pkgEER-12.7-IEER-TE-0.80/instance-out.sql,447.96,2080710.33,1396.16,6484993.26
CZ11/Gro&0&cDXHP&Ex&dxHP_equip__pkgEER/NE-dxAC_equip-pkgSEER-12.35-SEER2/instance-out.sql,447.47,2078425.27,1394.52,6477361.15
CZ11/Gro&0&cDXHP&Ex&dxHP_equip__pkgEER/NE-dxHP_equip-pkgEER-14.5-IEER/instance-out.sql,424.74,1972867.02,1390.90,6460537.94
CZ11/Gro&0&cDXHP&Ex&dxHP_equip__pkgEER/NE-dxHP_equip-pkgEER-15.5-IEER/instance-out.sql,423.59,1967515.69,1387.05,6442664.49
CZ11/Gro&0&cDXHP&Ex&dxHP_equip__pkgEER/NE-dxHP_equip-pkgEER-13.5-IEER/instance-out.sql,425.91,1978293.17,1394.80,6478661.26
CZ11/Gro&0&cDXHP&Ex&dxHP_equip__pkgEER/NE-dxHP_equip-pkgEER-14-IEER/instance-out.sql,425.04,1974273.29,1391.91,6465234.86
CZ11/Gro&0&cDXHP&Ex&dxHP_equip__pkgEER/NE-dxHP_equip-pkgEER-15-IEER/instance-out.sql,423.10,1965224.98,1385.40,6435013.53
CZ11/Gro&0&cDXHP&Ex&dxHP_equip__pkgEER/NE-dxHP_equip-pkgEER-16-IEER/instance-out.sql,421.59,1958223.71,1380.37,6411629.27
CZ11/Gro&0&cDXHP&Ex&dxHP_equip__pkgEER/NE-dxHP_equip-pkgSEER-15.4-SEER2/instance-out.sql,421.38,1957254.83,1379.67,6408393.21
CZ11/Gro&0&cDXHP&Ex&dxHP_equip__pkgEER/NE-dxHP_equip-pkgSEER-16.3-SEER2/instance-out.sql,420.23,1951899.41,1375.82,6390506.09
CZ11/Gro&0&cDXHP&Ex&dxHP_equip__pkgEER/NE-dxHP_equip-pkgSEER-14.4-SEER2-1Stage/instance-out.sql,422.51,1962502.28,1383.44,6425919.68
CZ11/Gro&0&cDXHP&Ex&dxHP_equip__pkgEER/NE-dxHP_equip-pkgSEER-14.4-SEER2-2Stage/instance-out.sql,403.79,1875551.24,1320.92,6135503.18
CZ11/Gro&0&cDXHP&Ex&dxHP_equip__pkgEER/NE-dxHP_equip-spltSEER-14.4-SEER2-8.7-HSPF/instance-out.sql,422.30,1961541.21,1382.75,6422709.74
CZ11/Gro&0&cDXHP&Ex&dxHP_equip__pkgEER/NE-dxHP_equip-spltSEER-15.4-SEER2-9-HSPF/instance-out.sql,421.22,1956492.12,1379.12,6405845.75
CZ11/Gro&0&cDXHP&Ex&dxHP_equip__pkgEER/NE-dxHP_equip-spltSEER-16.3-SEER2-9.4-HSPF/instance-out.sql,420.10,1951329.39,1375.41,6388602.25
CZ11/Gro&0&cDXHP&Ex&dxHP_equip__pkgEER/NE-dxHP_equip-spltSEER-17.3-SEER2-9.7-HSPF/instance-out.sql,419.28,1947518.08,1372.67,6375872.47
CZ11/Gro&0&cDXHP&Ex&dxHP_equip__pkgEER/NE-dxAC_equip-pkgEER-14.2-IEER-TE-0.81-VarFan/instance-out.sql,445.11,2067469.47,1387.52,6444858.81
CZ11/Gro&0&cDXHP&Ex&dxHP_equip__pkgEER/NE-dxAC_equip-pkgEER-13.2-IEER-TE-0.81-VarFan/instance-out.sql,446.36,2073270.67,1391.69,6464234.79
CZ11/Gro&0&cDXHP&Ex&dxHP_equip__pkgEER/NE-dxAC_equip-pkgEER-14.8-IEER-TE-0.81-VarFan/instance-out.sql,444.03,2062452.22,1383.91,6428101.20
CZ11/Gro&0&cDXHP&Ex&dxHP_equip__pkgEER/NE-dxAC_equip-pkgSEER-13.4-SEER2-VarFan/instance-out.sql,445.76,2070476.37,1389.68,6454901.86
CZ11/Hsp&0&cDXHP&Ex&dxHP_equip__pkgEER/NE-dxAC_equip-pkgEER-14.2-IEER-TE-0.81/instance-out.sql,95.64,4389684.40,288.79,13255316.73
CZ11/Hsp&0&cDXHP&Ex&dxHP_equip__pkgEER/NE-dxAC_equip-pkgEER-13.2-IEER-TE-0.81/instance-out.sql,95.85,4399422.85,289.50,13287843.16
CZ11/Hsp&0&cDXHP&Ex&dxHP_equip__pkgEER/NE-dxAC_equip-pkgEER-14.8-IEER-TE-0.81/instance-out.sql,95.45,4381261.96,288.18,13227185.76
CZ11/Hsp&0&cDXHP&Ex&dxHP_equip__pkgEER/NE-dxAC_equip-pkgSEER-13.4-SEER2/instance-out.sql,95.75,4394732.08,289.16,13272175.98
CZ11/Hsp&0&cDXHP&Ex&dxHP_equip__pkgEER/NE-dxAC_equip-pkgEER-12.2-IEER-TE-0.80/instance-out.sql,96.05,4408472.70,290.14,13317291.53
CZ11/Hsp&0&cDXHP&Ex&dxHP_equip__pkgEER/NE-dxAC_equip-pkgEER-11.4-IEER-TE-0.80/instance-out.sql,96.41,4425093.76,291.35,13372805.89
CZ11/Hsp&0&cDXHP&Ex&dxHP_equip__pkgEER/NE-dxAC_equip-pkgEER-12.7-IEER-TE-0.80/instance-out.sql,96.06,4409120.87,290.19,13319456.44
CZ11/Hsp&0&cDXHP&Ex&dxHP_equip__pkgEER/NE-dxAC_equip-pkgSEER-12.35-SEER2/instance-out.sql,95.98,4405285.09,289.91,13306644.94
CZ11/Hsp&0&cDXHP&Ex&dxHP_equip__pkgEER/NE-dxHP_equip-pkgEER-14.5-IEER/instance-out.sql,95.50,4383593.92,289.58,13291724.40
CZ11/Hsp&0&cDXHP&Ex&dxHP_equip__pkgEER/NE-dxHP_equip-pkgEER-15.5-IEER/instance-out.sql,95.31,4374811.05,288.95,13262389.64
CZ11/Hsp&0&cDXHP&Ex&dxHP_equip__pkgEER/NE-dxHP_equip-pkgEER-13.5-IEER/instance-out.sql,95.70,4392499.57,290.23,13321469.27
CZ11/Hsp&0&cDXHP&Ex&dxHP_equip__pkgEER/NE-dxHP_equip-pkgEER-14-IEER/instance-out.sql,95.55,4385901.95,289.75,13299433.22
CZ11/Hsp&0&cDXHP&Ex&dxHP_equip__pkgEER/NE-dxHP_equip-pkgEER-15-IEER/instance-out.sql,95.30,4374348.09,288.91,13260843.35
CZ11/Hsp&0&cDXHP&Ex&dxHP_equip__pkgEER/NE-dxHP_equip-pkgEER-16-IEER/instance-out.sql,95.05,4362857.27,288.08,13222463.99
CZ11/Hsp&0&cDXHP&Ex&dxHP_equip__pkgEER/NE-dxHP_equip-pkgSEER-15.4-SEER2/instance-out.sql,95.11,4365613.11,288.28,13231668.49
CZ11/Hsp&0&cDXHP&Ex&dxHP_equip__pkgEER/NE-dxHP_equip-pkgSEER-16.3-SEER2/instance-out.sql,94.95,4357921.18,287.72,13205977.46
CZ11/Hsp&0&cDXHP&Ex&dxHP_equip__pkgEER/NE-dxHP_equip-pkgSEER-14.4-SEER2-1Stage/instance-out.sql,95.28,4373336.35,288.84,13257464.13
CZ11/Hsp&0&cDXHP&Ex&dxHP_equip__pkgEER/NE-dxHP_equip-pkgSEER-14.4-SEER2-2Stage/instance-out.sql,92.86,4262435.61,280.60,12879425.78
CZ11/Hsp&0&cDXHP&Ex&dxHP_equip__pkgEER/NE-dxHP_equip-spltSEER-14.4-SEER2-8.7-HSPF/instance-out.sql,95.28,4373142.12,288.82,13256815.38
CZ11/Hsp&0&cDXHP&Ex&dxHP_equip__pkgEER/NE-dxHP_equip-spltSEER-15.4-SEER2-9-HSPF/instance-out.sql,95.11,4365458.96,288.26,13231153.64
CZ11/Hsp&0&cDXHP&Ex&dxHP_equip__pkgEER/NE-dxHP_equip-spltSEER-16.3-SEER2-9.4-HSPF/instance-out.sql,94.94,4357805.98,287.71,13205592.68
CZ11/Hsp&0&cDXHP&Ex&dxHP_equip__pkgEER/NE-dxHP_equip-spltSEER-17.3-SEER2-9.7-HSPF/instance-out.sql,94.82,4352006.95,287.29,13186223.93
CZ11/MBT&0&cDXHP&Ex&dxHP_equip__pkgEER/NE-dxAC_equip-pkgEER-14.2-IEER-TE-0.81/instance-out.sql,190.87,7092026.14,442.87,16455569.84
CZ11/MBT&0&cDXHP&Ex&dxHP_equip__pkgEER/NE-dxAC_equip-pkgEER-13.2-IEER-TE-0.81/instance-out.sql,191.19,7104007.04,443.95,16495586.06
CZ11/MBT&0&cDXHP&Ex&dxHP_equip__pkgEER/NE-dxAC_equip-pkgEER-14.8-IEER-TE-0.81/instance-out.sql,190.59,7081664.28,441.94,16420961.23
CZ11/MBT&0&cDXHP&Ex&dxHP_equip__pkgEER/NE-dxAC_equip-pkgSEER-13.4-SEER2/instance-out.sql,191.04,7098236.13,443.43,16476311.23
CZ11/MBT&0&cDXHP&Ex&dxHP_equip__pkgEER/NE-dxAC_equip-pkgEER-12.2-IEER-TE-0.80/instance-out.sql,191.51,7115917.93,444.95,16532629.12
CZ11/MBT&0&cDXHP&Ex&dxHP_equip__pkgEER/NE-dxAC_equip-pkgEER-11.4-IEER-TE-0.80/instance-out.sql,192.06,7136366.29,446.79,16600926.63
CZ11/MBT&0&cDXHP&Ex&dxHP_equip__pkgEER/NE-dxAC_equip-pkgEER-12.7-IEER-TE-0.80/instance-out.sql,191.53,7116715.36,445.02,16535292.53
CZ11/MBT&0&cDXHP&Ex&dxHP_equip__pkgEER/NE-dxAC_equip-pkgSEER-12.35-SEER2/instance-out.sql,191.41,7111996.33,444.60,16519530.97
CZ11/MBT&0&cDXHP&Ex&dxHP_equip__pkgEER/NE-dxHP_equip-pkgEER-14.5-IEER/instance-out.sql,189.34,7035105.92,443.65,16484558.07
CZ11/MBT&0&cDXHP&Ex&dxHP_equip__pkgEER/NE-dxHP_equip-pkgEER-15.5-IEER/instance-out.sql,189.05,7024343.71,442.69,16448612.28
CZ11/MBT&0&cDXHP&Ex&dxHP_equip__pkgEER/NE-dxHP_equip-pkgEER-13.5-IEER/instance-out.sql,189.63,7046018.59,444.63,16521006.38
CZ11/MBT&0&cDXHP&Ex&dxHP_equip__pkgEER/NE-dxHP_equip-pkgEER-14-IEER/instance-out.sql,189.41,7037934.10,443.91,16494004.18
CZ11/MBT&0&cDXHP&Ex&dxHP_equip__pkgEER/NE-dxHP_equip-pkgEER-15-IEER/instance-out.sql,189.01,7022760.44,442.54,16443324.17
CZ11/MBT&0&cDXHP&Ex&dxHP_equip__pkgEER/NE-dxHP_equip-pkgEER-16-IEER/instance-out.sql,188.63,7008679.98,441.28,16396295.45
CZ11/MBT&0&cDXHP&Ex&dxHP_equip__pkgEER/NE-dxHP_equip-pkgSEER-15.4-SEER2/instance-out.sql,188.68,7010717.53,441.46,16403100.84
CZ11/MBT&0&cDXHP&Ex&dxHP_equip__pkgEER/NE-dxHP_equip-pkgSEER-16.3-SEER2/instance-out.sql,188.42,7000953.84,440.58,16370490.11
CZ11/MBT&0&cDXHP&Ex&dxHP_equip__pkgEER/NE-dxHP_equip-pkgSEER-14.4-SEER2-1Stage/instance-out.sql,188.94,7020455.33,442.34,16435625.10
CZ11/MBT&0&cDXHP&Ex&dxHP_equip__pkgEER/NE-dxHP_equip-pkgSEER-14.4-SEER2-2Stage/instance-out.sql,185.33,6886074.90,430.11,15981434.10
CZ11/MBT&0&cDXHP&Ex&dxHP_equip__pkgEER/NE-dxHP_equip-spltSEER-14.4-SEER2-8.7-HSPF/instance-out.sql,188.93,7019791.07,442.28,16433406.48
CZ11/MBT&0&cDXHP&Ex&dxHP_equip__pkgEER/NE-dxHP_equip-spltSEER-15.4-SEER2-9-HSPF/instance-out.sql,188.67,7010190.37,441.41,16401340.12
CZ11/MBT&0&cDXHP&Ex&dxHP_equip__pkgEER/NE-dxHP_equip-spltSEER-16.3-SEER2-9.4-HSPF/instance-out.sql,188.41,7000559.86,440.55,16369174.23
CZ11/MBT&0&cDXHP&Ex&dxHP_equip__pkgEER/NE-dxHP_equip-spltSEER-17.3-SEER2-9.7-HSPF/instance-out.sql,188.21,6993313.32,439.90,16344970.78
CZ11/MLI&0&cDXHP&Ex&dxHP_equip__pkgEER/NE-dxAC_equip-pkgEER-14.2-IEER-TE-0.81/instance-out.sql,147.27,1368362.73,447.64,4159283.71
CZ11/MLI&0&cDXHP&Ex&dxHP_equip__pkgEER/NE-dxAC_equip-pkgEER-13.2-IEER-TE-0.81/instance-out.sql,148.66,1381285.59,452.28,4202446.04
CZ11/MLI&0&cDXHP&Ex&dxHP_equip__pkgEER/NE-dxAC_equip-pkgEER-14.8-IEER-TE-0.81/instance-out.sql,146.07,1357186.21,443.62,4121954.13
CZ11/MLI&0&cDXHP&Ex&dxHP_equip__pkgEER/NE-dxAC_equip-pkgSEER-13.4-SEER2/instance-out.sql,147.99,1375060.97,450.05,4181655.81
CZ11/MLI&0&cDXHP&Ex&dxHP_equip__pkgEER/NE-dxAC_equip-pkgEER-12.2-IEER-TE-0.80/instance-out.sql,150.08,1394520.80,456.63,4242807.57
CZ11/MLI&0&cDXHP&Ex&dxHP_equip__pkgEER/NE-dxAC_equip-pkgEER-11.4-IEER-TE-0.80/instance-out.sql,152.46,1416576.82,464.56,4316474.70
CZ11/MLI&0&cDXHP&Ex&dxHP_equip__pkgEER/NE-dxAC_equip-pkgEER-12.7-IEER-TE-0.80/instance-out.sql,150.18,1395380.92,456.94,4245680.38
CZ11/MLI&0&cDXHP&Ex&dxHP_equip__pkgEER/NE-dxAC_equip-pkgSEER-12.35-SEER2/instance-out.sql,149.63,1390290.87,455.11,4228679.63
CZ11/MLI&0&cDXHP&Ex&dxHP_equip__pkgEER/NE-dxHP_equip-pkgEER-14.5-IEER/instance-out.sql,136.99,1272831.73,446.40,4147735.65
CZ11/MLI&0&cDXHP&Ex&dxHP_equip__pkgEER/NE-dxHP_equip-pkgEER-15.5-IEER/instance-out.sql,135.80,1261805.18,442.43,4110906.97
CZ11/MLI&0&cDXHP&Ex&dxHP_equip__pkgEER/NE-dxHP_equip-pkgEER-13.5-IEER/instance-out.sql,138.19,1284012.43,450.41,4185079.19
CZ11/MLI&0&cDXHP&Ex&dxHP_equip__pkgEER/NE-dxHP_equip-pkgEER-14-IEER/instance-out.sql,137.30,1275729.37,447.44,4157413.77
CZ11/MLI&0&cDXHP&Ex&dxHP_equip__pkgEER/NE-dxHP_equip-pkgEER-15-IEER/instance-out.sql,135.56,1259582.65,441.63,4103483.70
CZ11/MLI&0&cDXHP&Ex&dxHP_equip__pkgEER/NE-dxHP_equip-pkgEER-16-IEER/instance-out.sql,134.01,1245156.35,436.45,4055299.88
CZ11/MLI&0&cDXHP&Ex&dxHP_equip__pkgEER/NE-dxHP_equip-pkgSEER-15.4-SEER2/instance-out.sql,134.15,1246452.45,436.91,4059628.86
CZ11/MLI&0&cDXHP&Ex&dxHP_equip__pkgEER/NE-dxHP_equip-pkgSEER-16.3-SEER2/instance-out.sql,133.05,1236249.05,433.25,4025549.48
CZ11/MLI&0&cDXHP&Ex&dxHP_equip__pkgEER/NE-dxHP_equip-pkgSEER-14.4-SEER2-1Stage/instance-out.sql,135.24,1256591.36,440.56,4093492.80
CZ11/MLI&0&cDXHP&Ex&dxHP_equip__pkgEER/NE-dxHP_equip-pkgSEER-14.4-SEER2-2Stage/instance-out.sql,119.44,1109824.21,387.80,3603290.48
CZ11/MLI&0&cDXHP&Ex&dxHP_equip__pkgEER/NE-dxHP_equip-spltSEER-14.4-SEER2-8.7-HSPF/instance-out.sql,135.14,1255658.90,440.22,4090378.38
CZ11/MLI&0&cDXHP&Ex&dxHP_equip__pkgEER/NE-dxHP_equip-spltSEER-15.4-SEER2-9-HSPF/instance-out.sql,134.07,1245712.44,436.65,4057157.21
CZ11/MLI&0&cDXHP&Ex&dxHP_equip__pkgEER/NE-dxHP_equip-spltSEER-16.3-SEER2-9.4-HSPF/instance-out.sql,132.99,1235696.00,433.05,4023702.29
CZ11/MLI&0&cDXHP&Ex&dxHP_equip__pkgEER/NE-dxHP_equip-spltSEER-17.3-SEER2-9.7-HSPF/instance-out.sql,132.18,1228188.37,430.35,3998626.82
CZ11/Mtl&0&cDXHP&Ex&dxHP_equip__pkgEER/NE-dxAC_equip-pkgEER-14.2-IEER-TE-0.81/instance-out.sql,82.13,228803.62,250.30,697293.66
CZ11/Mtl&0&cDXHP&Ex&dxHP_equip__pkgEER/NE-dxAC_equip-pkgEER-13.2-IEER-TE-0.81/instance-out.sql,82.95,231090.80,253.04,704932.87
CZ11/Mtl&0&cDXHP&Ex&dxHP_equip__pkgEER/NE-dxAC_equip-pkgEER-14.8-IEER-TE-0.81/instance-out.sql,81.42,226825.51,247.93,690686.77
CZ11/Mtl&0&cDXHP&Ex&dxHP_equip__pkgEER/NE-dxAC_equip-pkgSEER-13.4-SEER2/instance-out.sql,82.56,229989.12,251.72,701253.25
CZ11/Mtl&0&cDXHP&Ex&dxHP_equip__pkgEER/NE-dxAC_equip-pkgEER-12.2-IEER-TE-0.80/instance-out.sql,83.78,233397.40,255.59,712038.81
CZ11/Mtl&0&cDXHP&Ex&dxHP_equip__pkgEER/NE-dxAC_equip-pkgEER-11.4-IEER-TE-0.80/instance-out.sql,85.18,237301.05,260.28,725077.00
CZ11/Mtl&0&cDXHP&Ex&dxHP_equip__pkgEER/NE-dxAC_equip-pkgEER-12.7-IEER-TE-0.80/instance-out.sql,83.84,233549.63,255.78,712547.26
CZ11/Mtl&0&cDXHP&Ex&dxHP_equip__pkgEER/NE-dxAC_equip-pkgSEER-12.35-SEER2/instance-out.sql,83.51,232648.76,254.70,709538.33
CZ11/Mtl&0&cDXHP&Ex&dxHP_equip__pkgEER/NE-dxHP_equip-pkgEER-14.5-IEER/instance-out.sql,76.91,214245.26,250.02,696515.91
CZ11/Mtl&0&cDXHP&Ex&dxHP_equip__pkgEER/NE-dxHP_equip-pkgEER-15.5-IEER/instance-out.sql,76.20,212274.05,247.66,689932.07
CZ11/Mtl&0&cDXHP&Ex&dxHP_equip__pkgEER/NE-dxHP_equip-pkgEER-13.5-IEER/instance-out.sql,77.62,216244.03,252.42,703191.80
CZ11/Mtl&0&cDXHP&Ex&dxHP_equip__pkgEER/NE-dxHP_equip-pkgEER-14-IEER/instance-out.sql,77.09,214763.27,250.64,698246.07
CZ11/Mtl&0&cDXHP&Ex&dxHP_equip__pkgEER/NE-dxHP_equip-pkgEER-15-IEER/instance-out.sql,76.07,211926.35,247.24,688770.74
CZ11/Mtl&0&cDXHP&Ex&dxHP_equip__pkgEER/NE-dxHP_equip-pkgEER-16-IEER/instance-out.sql,75.15,209347.37,244.15,680156.94
CZ11/Mtl&0&cDXHP&Ex&dxHP_equip__pkgEER/NE-dxHP_equip-pkgSEER-15.4-SEER2/instance-out.sql,75.25,209644.48,244.51,681149.30
CZ11/Mtl&0&cDXHP&Ex&dxHP_equip__pkgEER/NE-dxHP_equip-pkgSEER-16.3-SEER2/instance-out.sql,74.61,207836.94,242.34,675112.12
CZ11/Mtl&0&cDXHP&Ex&dxHP_equip__pkgEER/NE-dxHP_equip-pkgSEER-14.4-SEER2-1Stage/instance-out.sql,75.90,211443.63,246.66,687158.44
CZ11/Mtl&0&cDXHP&Ex&dxHP_equip__pkgEER/NE-dxHP_equip-pkgSEER-14.4-SEER2-2Stage/instance-out.sql,67.43,187846.92,218.33,608227.91
CZ11/Mtl&0&cDXHP&Ex&dxHP_equip__pkgEER/NE-dxHP_equip-spltSEER-14.4-SEER2-8.7-HSPF/instance-out.sql,75.85,211297.75,246.49,686671.21
CZ11/Mtl&0&cDXHP&Ex&dxHP_equip__pkgEER/NE-dxHP_equip-spltSEER-15.4-SEER2-9-HSPF/instance-out.sql,75.21,209528.71,244.37,680762.62
CZ11/Mtl&0&cDXHP&Ex&dxHP_equip__pkgEER/NE-dxHP_equip-spltSEER-16.3-SEER2-9.4-HSPF/instance-out.sql,74.57,207750.42,242.24,674823.14
CZ11/Mtl&0&cDXHP&Ex&dxHP_equip__pkgEER/NE-dxHP_equip-spltSEER-17.3-SEER2-9.7-HSPF/instance-out.sql,74.10,206415.16,240.64,670363.35
CZ11/Nrs&0&cDXHP&Ex&dxHP_equip__pkgEER/NE-dxAC_equip-pkgEER-14.2-IEER-TE-0.81/instance-out.sql,110.43,1138817.06,309.14,3187922.81
CZ11/Nrs&0&cDXHP&Ex&dxHP_equip__pkgEER/NE-dxAC_equip-pkgEER-13.2-IEER-TE-0.81/instance-out.sql,110.84,1143045.20,310.51,3202044.78
CZ11/Nrs&0&cDXHP&Ex&dxHP_equip__pkgEER/NE-dxAC_equip-pkgEER-14.8-IEER-TE-0.81/instance-out.sql,110.08,1135160.30,307.96,3175709.21
CZ11/Nrs&0&cDXHP&Ex&dxHP_equip__pkgEER/NE-dxAC_equip-pkgSEER-13.4-SEER2/instance-out.sql,110.65,1141008.61,309.85,3195242.58
CZ11/Nrs&0&cDXHP&Ex&dxHP_equip__pkgEER/NE-dxAC_equip-pkgEER-12.2-IEER-TE-0.80/instance-out.sql,111.24,1147102.64,311.77,3214964.67
CZ11/Nrs&0&cDXHP&Ex&dxHP_equip__pkgEER/NE-dxAC_equip-pkgEER-11.4-IEER-TE-0.80/instance-out.sql,111.94,1154318.99,314.10,3239067.29
CZ11/Nrs&0&cDXHP&Ex&dxHP_equip__pkgEER/NE-dxAC_equip-pkgEER-12.7-IEER-TE-0.80/instance-out.sql,111.27,1147384.06,311.86,3215904.60
CZ11/Nrs&0&cDXHP&Ex&dxHP_equip__pkgEER/NE-dxAC_equip-pkgSEER-12.35-SEER2/instance-out.sql,111.10,1145718.68,311.32,3210342.25
CZ11/Nrs&0&cDXHP&Ex&dxHP_equip__pkgEER/NE-dxHP_equip-pkgEER-14.5-IEER/instance-out.sql,108.93,1123275.51,309.02,3186656.64
CZ11/Nrs&0&cDXHP&Ex&dxHP_equip__pkgEER/NE-dxHP_equip-pkgEER-15.5-IEER/instance-out.sql,108.58,1119642.27,307.84,3174521.62
CZ11/Nrs&0&cDXHP&Ex&dxHP_equip__pkgEER/NE-dxHP_equip-pkgEER-13.5-IEER/instance-out.sql,109.28,1126959.54,310.21,3198961.30
CZ11/Nrs&0&cDXHP&Ex&dxHP_equip__pkgEER/NE-dxHP_equip-pkgEER-14-IEER/instance-out.sql,109.02,1124230.28,309.33,3189845.57
CZ11/Nrs&0&cDXHP&Ex&dxHP_equip__pkgEER/NE-dxHP_equip-pkgEER-15-IEER/instance-out.sql,108.54,1119272.91,307.72,3173287.96
CZ11/Nrs&0&cDXHP&Ex&dxHP_equip__pkgEER/NE-dxHP_equip-pkgEER-16-IEER/instance-out.sql,108.08,1114519.46,306.18,3157411.43
CZ11/Nrs&0&cDXHP&Ex&dxHP_equip__pkgEER/NE-dxHP_equip-pkgSEER-15.4-SEER2/instance-out.sql,108.17,1115425.02,306.48,3160436.01
CZ11/Nrs&0&cDXHP&Ex&dxHP_equip__pkgEER/NE-dxHP_equip-pkgSEER-16.3-SEER2/instance-out.sql,107.85,1112183.86,305.43,3149610.53
CZ11/Nrs&0&cDXHP&Ex&dxHP_equip__pkgEER/NE-dxHP_equip-pkgSEER-14.4-SEER2-1Stage/instance-out.sql,108.48,1118667.89,307.53,3171267.19
CZ11/Nrs&0&cDXHP&Ex&dxHP_equip__pkgEER/NE-dxHP_equip-pkgSEER-14.4-SEER2-2Stage/instance-out.sql,104.32,1075724.81,293.36,3025152.44
CZ11/Nrs&0&cDXHP&Ex&dxHP_equip__pkgEER/NE-dxHP_equip-spltSEER-14.4-SEER2-8.7-HSPF/instance-out.sql,108.47,1118512.93,307.48,3170749.61
CZ11/Nrs&0&cDXHP&Ex&dxHP_equip__pkgEER/NE-dxHP_equip-spltSEER-15.4-SEER2-9-HSPF/instance-out.sql,108.15,1115302.04,306.44,3160025.25
CZ11/Nrs&0&cDXHP&Ex&dxHP_equip__pkgEER/NE-dxHP_equip-spltSEER-16.3-SEER2-9.4-HSPF/instance-out.sql,107.84,1112091.95,305.40,3149303.54
CZ11/Nrs&0&cDXHP&Ex&dxHP_equip__pkgEER/NE-dxHP_equip-spltSEER-17.3-SEER2-9.7-HSPF/instance-out.sql,107.61,1109668.43,304.61,3141208.99
CZ11/OfL&0&cDXHP&Ex&dxHP_equip__pkgEER/NE-dxAC_equip-pkgEER-14.2-IEER-TE-0.81/instance-out.sql,98.38,3198247.19,315.30,10250132.90
CZ11/OfL&0&cDXHP&Ex&dxHP_equip__pkgEER/NE-dxAC_equip-pkgEER-13.2-IEER-TE-0.81/instance-out.sql,99.24,3226149.65,318.17,10343327.12
CZ11/OfL&0&cDXHP&Ex&dxHP_equip__pkgEER/NE-dxAC_equip-pkgEER-14.8-IEER-TE-0.81/instance-out.sql,97.64,3174115.33,312.83,10169532.50
CZ11/OfL&0&cDXHP&Ex&dxHP_equip__pkgEER/NE-dxAC_equip-pkgSEER-13.4-SEER2/instance-out.sql,98.83,3212709.72,316.79,10298437.76
CZ11/OfL&0&cDXHP&Ex&dxHP_equip__pkgEER/NE-dxAC_equip-pkgEER-12.2-IEER-TE-0.80/instance-out.sql,100.02,3251652.67,320.75,10427255.64
CZ11/OfL&0&cDXHP&Ex&dxHP_equip__pkgEER/NE-dxAC_equip-pkgEER-11.4-IEER-TE-0.80/instance-out.sql,101.49,3299275.09,325.65,10586314.51
CZ11/OfL&0&cDXHP&Ex&dxHP_equip__pkgEER/NE-dxAC_equip-pkgEER-12.7-IEER-TE-0.80/instance-out.sql,100.08,3253509.81,320.94,10433458.50
CZ11/OfL&0&cDXHP&Ex&dxHP_equip__pkgEER/NE-dxAC_equip-pkgSEER-12.35-SEER2/instance-out.sql,99.74,3242519.61,319.82,10396751.21
CZ11/OfL&0&cDXHP&Ex&dxHP_equip__pkgEER/NE-dxHP_equip-pkgEER-14.5-IEER/instance-out.sql,98.08,3188315.45,317.36,10317069.82
CZ11/OfL&0&cDXHP&Ex&dxHP_equip__pkgEER/NE-dxHP_equip-pkgEER-15.5-IEER/instance-out.sql,97.32,3163593.00,314.82,10234496.84
CZ11/OfL&0&cDXHP&Ex&dxHP_equip__pkgEER/NE-dxHP_equip-pkgEER-13.5-IEER/instance-out.sql,98.85,3213383.52,319.94,10400797.19
CZ11/OfL&0&cDXHP&Ex&dxHP_equip__pkgEER/NE-dxHP_equip-pkgEER-14-IEER/instance-out.sql,98.28,3194812.20,318.03,10338768.99
CZ11/OfL&0&cDXHP&Ex&dxHP_equip__pkgEER/NE-dxHP_equip-pkgEER-15-IEER/instance-out.sql,97.29,3162842.20,314.75,10231989.19
CZ11/OfL&0&cDXHP&Ex&dxHP_equip__pkgEER/NE-dxHP_equip-pkgEER-16-IEER/instance-out.sql,96.30,3130497.24,311.42,10123957.00
CZ11/OfL&0&cDXHP&Ex&dxHP_equip__pkgEER/NE-dxHP_equip-pkgSEER-15.4-SEER2/instance-out.sql,96.56,3138982.71,312.30,10152298.49
CZ11/OfL&0&cDXHP&Ex&dxHP_equip__pkgEER/NE-dxHP_equip-pkgSEER-16.3-SEER2/instance-out.sql,95.90,3117515.00,310.09,10080596.35
CZ11/OfL&0&cDXHP&Ex&dxHP_equip__pkgEER/NE-dxHP_equip-pkgSEER-14.4-SEER2-1Stage/instance-out.sql,97.22,3160573.52,314.51,10224411.79
CZ11/OfL&0&cDXHP&Ex&dxHP_equip__pkgEER/NE-dxHP_equip-pkgSEER-14.4-SEER2-2Stage/instance-out.sql,88.48,2876338.47,285.35,9276477.48
CZ11/OfL&0&cDXHP&Ex&dxHP_equip__pkgEER/NE-dxHP_equip-spltSEER-14.4-SEER2-8.7-HSPF/instance-out.sql,97.21,3160258.53,314.48,10223359.71
CZ11/OfL&0&cDXHP&Ex&dxHP_equip__pkgEER/NE-dxHP_equip-spltSEER-15.4-SEER2-9-HSPF/instance-out.sql,96.55,3138732.73,312.27,10151463.55
CZ11/OfL&0&cDXHP&Ex&dxHP_equip__pkgEER/NE-dxHP_equip-spltSEER-16.3-SEER2-9.4-HSPF/instance-out.sql,95.89,3117328.18,310.07,10079972.35
CZ11/OfL&0&cDXHP&Ex&dxHP_equip__pkgEER/NE-dxHP_equip-spltSEER-17.3-SEER2-9.7-HSPF/instance-out.sql,95.39,3101081.23,308.40,10025707.54
CZ11/OfL&0&cDXHP&Ex&dxHP_equip__pkgEER/NE-dxAC_equip-pkgEER-14.2-IEER-TE-0.81-VarFan/instance-out.sql,98.37,3197893.80,315.27,10248910.46
CZ11/OfL&0&cDXHP&Ex&dxHP_equip__pkgEER/NE-dxAC_equip-pkgEER-13.2-IEER-TE-0.81-VarFan/instance-out.sql,99.23,3225794.96,318.13,10342100.33
CZ11/OfL&0&cDXHP&Ex&dxHP_equip__pkgEER/NE-dxAC_equip-pkgEER-14.8-IEER-TE-0.81-VarFan/instance-out.sql,97.63,3173763.07,312.79,10168313.81
CZ11/OfL&0&cDXHP&Ex&dxHP_equip__pkgEER/NE-dxAC_equip-pkgSEER-13.4-SEER2-VarFan/instance-out.sql,98.82,3212355.66,316.75,10297213.06
CZ11/OfS&0&cDXHP&Ex&dxHP_equip__pkgEER/NE-dxAC_equip-pkgEER-14.2-IEER-TE-0.81/instance-out.sql,104.92,194987.16,315.96,587202.04
CZ11/OfS&0&cDXHP&Ex&dxHP_equip__pkgEER/NE-dxAC_equip-pkgEER-13.2-IEER-TE-0.81/instance-out.sql,106.06,197120.68,319.79,594328.02
CZ11/OfS&0&cDXHP&Ex&dxHP_equip__pkgEER/NE-dxAC_equip-pkgEER-14.8-IEER-TE-0.81/instance-out.sql,103.92,193141.94,312.64,581039.03
CZ11/OfS&0&cDXHP&Ex&dxHP_equip__pkgEER/NE-dxAC_equip-pkgSEER-13.4-SEER2/instance-out.sql,105.51,196093.01,317.94,590895.61
CZ11/OfS&0&cDXHP&Ex&dxHP_equip__pkgEER/NE-dxAC_equip-pkgEER-12.2-IEER-TE-0.80/instance-out.sql,107.14,199119.29,323.27,600796.35
CZ11/OfS&0&cDXHP&Ex&dxHP_equip__pkgEER/NE-dxAC_equip-pkgEER-11.4-IEER-TE-0.80/instance-out.sql,109.10,202760.68,329.82,612958.58
CZ11/OfS&0&cDXHP&Ex&dxHP_equip__pkgEER/NE-dxAC_equip-pkgEER-12.7-IEER-TE-0.80/instance-out.sql,107.22,199261.30,323.53,601270.64
CZ11/OfS&0&cDXHP&Ex&dxHP_equip__pkgEER/NE-dxAC_equip-pkgSEER-12.35-SEER2/instance-out.sql,106.76,198420.95,322.02,598463.86
CZ11/OfS&0&cDXHP&Ex&dxHP_equip__pkgEER/NE-dxHP_equip-pkgEER-14.5-IEER/instance-out.sql,102.55,190581.41,316.95,589049.78
CZ11/OfS&0&cDXHP&Ex&dxHP_equip__pkgEER/NE-dxHP_equip-pkgEER-15.5-IEER/instance-out.sql,101.55,188726.23,313.62,582853.50
CZ11/OfS&0&cDXHP&Ex&dxHP_equip__pkgEER/NE-dxHP_equip-pkgEER-13.5-IEER/instance-out.sql,103.56,192462.52,320.33,595332.69
CZ11/OfS&0&cDXHP&Ex&dxHP_equip__pkgEER/NE-dxHP_equip-pkgEER-14-IEER/instance-out.sql,102.81,191068.92,317.83,590678.09
CZ11/OfS&0&cDXHP&Ex&dxHP_equip__pkgEER/NE-dxHP_equip-pkgEER-15-IEER/instance-out.sql,101.48,188603.58,313.40,582443.85
CZ11/OfS&0&cDXHP&Ex&dxHP_equip__pkgEER/NE-dxHP_equip-pkgEER-16-IEER/instance-out.sql,100.18,186176.41,309.03,574337.10
CZ11/OfS&0&cDXHP&Ex&dxHP_equip__pkgEER/NE-dxHP_equip-pkgSEER-15.4-SEER2/instance-out.sql,100.47,186725.75,310.02,576171.87
CZ11/OfS&0&cDXHP&Ex&dxHP_equip__pkgEER/NE-dxHP_equip-pkgSEER-16.3-SEER2/instance-out.sql,99.59,185092.73,307.09,570717.60
CZ11/OfS&0&cDXHP&Ex&dxHP_equip__pkgEER/NE-dxHP_equip-pkgSEER-14.4-SEER2-1Stage/instance-out.sql,101.35,188363.81,312.97,581643.00
CZ11/OfS&0&cDXHP&Ex&dxHP_equip__pkgEER/NE-dxHP_equip-pkgSEER-14.4-SEER2-2Stage/instance-out.sql,90.15,167539.03,275.54,512088.23
CZ11/OfS&0&cDXHP&Ex&dxHP_equip__pkgEER/NE-dxHP_equip-spltSEER-14.4-SEER2-8.7-HSPF/instance-out.sql,101.33,188312.35,312.87,581471.13
CZ11/OfS&0&cDXHP&Ex&dxHP_equip__pkgEER/NE-dxHP_equip-spltSEER-15.4-SEER2-9-HSPF/instance-out.sql,100.45,186684.91,309.95,576035.48
CZ11/OfS&0&cDXHP&Ex&dxHP_equip__pkgEER/NE-dxHP_equip-spltSEER-16.3-SEER2-9.4-HSPF/instance-out.sql,99.58,185062.21,307.03,570615.66
CZ11/OfS&0&cDXHP&Ex&dxHP_equip__pkgEER/NE-dxHP_equip-spltSEER-17.3-SEER2-9.7-HSPF/instance-out.sql,98.92,183833.86,304.82,566512.97
CZ11/OfS&0&cDXHP&Ex&dxHP_equip__pkgEER/NE-dxAC_equip-pkgEER-14.2-IEER-TE-0.81-VarFan/instance-out.sql,104.90,194962.92,315.91,587113.36
CZ11/OfS&0&cDXHP&Ex&dxHP_equip__pkgEER/NE-dxAC_equip-pkgEER-13.2-IEER-TE-0.81-VarFan/instance-out.sql,106.05,197096.35,319.74,594239.02
CZ11/OfS&0&cDXHP&Ex&dxHP_equip__pkgEER/NE-dxAC_equip-pkgEER-14.8-IEER-TE-0.81-VarFan/instance-out.sql,103.91,193117.79,312.59,580950.63
CZ11/OfS&0&cDXHP&Ex&dxHP_equip__pkgEER/NE-dxAC_equip-pkgSEER-13.4-SEER2-VarFan/instance-out.sql,105.50,196068.73,317.90,590806.77
CZ11/RFF&0&cDXHP&Ex&dxHP_equip__pkgEER/NE-dxAC_equip-pkgEER-14.2-IEER-TE-0.81/instance-out.sql,338.94,125835.27,834.16,309688.93
CZ11/RFF&0&cDXHP&Ex&dxHP_equip__pkgEER/NE-dxAC_equip-pkgEER-13.2-IEER-TE-0.81/instance-out.sql,340.58,126442.66,839.62,311717.62
CZ11/RFF&0&cDXHP&Ex&dxHP_equip__pkgEER/NE-dxAC_equip-pkgEER-14.8-IEER-TE-0.81/instance-out.sql,337.53,125309.95,829.43,307934.39
CZ11/RFF&0&cDXHP&Ex&dxHP_equip__pkgEER/NE-dxAC_equip-pkgSEER-13.4-SEER2/instance-out.sql,339.79,126150.09,836.99,310740.45
CZ11/RFF&0&cDXHP&Ex&dxHP_equip__pkgEER/NE-dxAC_equip-pkgEER-12.2-IEER-TE-0.80/instance-out.sql,342.20,127043.49,844.67,313592.43
CZ11/RFF&0&cDXHP&Ex&dxHP_equip__pkgEER/NE-dxAC_equip-pkgEER-11.4-IEER-TE-0.80/instance-out.sql,344.99,128080.16,854.00,317054.88
CZ11/RFF&0&cDXHP&Ex&dxHP_equip__pkgEER/NE-dxAC_equip-pkgEER-12.7-IEER-TE-0.80/instance-out.sql,342.31,127083.92,845.04,313727.46
CZ11/RFF&0&cDXHP&Ex&dxHP_equip__pkgEER/NE-dxAC_equip-pkgSEER-12.35-SEER2/instance-out.sql,341.66,126844.68,842.88,312928.40
CZ11/RFF&0&cDXHP&Ex&dxHP_equip__pkgEER/NE-dxHP_equip-pkgEER-14.5-IEER/instance-out.sql,330.52,122707.23,834.46,309799.81
CZ11/RFF&0&cDXHP&Ex&dxHP_equip__pkgEER/NE-dxHP_equip-pkgEER-15.5-IEER/instance-out.sql,329.10,122182.86,829.74,308048.41
CZ11/RFF&0&cDXHP&Ex&dxHP_equip__pkgEER/NE-dxHP_equip-pkgEER-13.5-IEER/instance-out.sql,331.95,123238.93,839.24,311575.69
CZ11/RFF&0&cDXHP&Ex&dxHP_equip__pkgEER/NE-dxHP_equip-pkgEER-14-IEER/instance-out.sql,330.89,122845.02,835.70,310260.05
CZ11/RFF&0&cDXHP&Ex&dxHP_equip__pkgEER/NE-dxHP_equip-pkgEER-15-IEER/instance-out.sql,328.89,122104.74,829.04,307787.51
CZ11/RFF&0&cDXHP&Ex&dxHP_equip__pkgEER/NE-dxHP_equip-pkgEER-16-IEER/instance-out.sql,327.05,121418.69,822.87,305496.12
CZ11/RFF&0&cDXHP&Ex&dxHP_equip__pkgEER/NE-dxHP_equip-pkgSEER-15.4-SEER2/instance-out.sql,327.31,121516.69,823.75,305823.41
CZ11/RFF&0&cDXHP&Ex&dxHP_equip__pkgEER/NE-dxHP_equip-pkgSEER-16.3-SEER2/instance-out.sql,326.03,121040.64,819.46,304233.42
CZ11/RFF&0&cDXHP&Ex&dxHP_equip__pkgEER/NE-dxHP_equip-pkgSEER-14.4-SEER2-1Stage/instance-out.sql,328.59,121991.41,828.02,307408.97
CZ11/RFF&0&cDXHP&Ex&dxHP_equip__pkgEER/NE-dxHP_equip-pkgSEER-14.4-SEER2-2Stage/instance-out.sql,312.61,116058.79,774.64,287590.89
CZ11/RFF&0&cDXHP&Ex&dxHP_equip__pkgEER/NE-dxHP_equip-spltSEER-14.4-SEER2-8.7-HSPF/instance-out.sql,328.50,121958.63,827.72,307299.51
CZ11/RFF&0&cDXHP&Ex&dxHP_equip__pkgEER/NE-dxHP_equip-spltSEER-15.4-SEER2-9-HSPF/instance-out.sql,327.24,121490.68,823.51,305736.53
CZ11/RFF&0&cDXHP&Ex&dxHP_equip__pkgEER/NE-dxHP_equip-spltSEER-16.3-SEER2-9.4-HSPF/instance-out.sql,325.98,121021.20,819.29,304168.50
CZ11/RFF&0&cDXHP&Ex&dxHP_equip__pkgEER/NE-dxHP_equip-spltSEER-17.3-SEER2-9.7-HSPF/instance-out.sql,325.02,120668.00,816.11,302988.78
CZ11/RSD&0&cDXHP&Ex&dxHP_equip__pkgEER/NE-dxAC_equip-pkgEER-14.2-IEER-TE-0.81/instance-out.sql,284.97,296647.43,634.31,660312.46
CZ11/RSD&0&cDXHP&Ex&dxHP_equip__pkgEER/NE-dxAC_equip-pkgEER-13.2-IEER-TE-0.81/instance-out.sql,285.25,296940.14,635.25,661290.11
CZ11/RSD&0&cDXHP&Ex&dxHP_equip__pkgEER/NE-dxAC_equip-pkgEER-14.8-IEER-TE-0.81/instance-out.sql,284.72,296394.28,633.50,659466.92
CZ11/RSD&0&cDXHP&Ex&dxHP_equip__pkgEER/NE-dxAC_equip-pkgSEER-13.4-SEER2/instance-out.sql,285.11,296799.15,634.80,660819.20
CZ11/RSD&0&cDXHP&Ex&dxHP_equip__pkgEER/NE-dxAC_equip-pkgEER-12.2-IEER-TE-0.80/instance-out.sql,285.53,297232.04,636.12,662196.06
CZ11/RSD&0&cDXHP&Ex&dxHP_equip__pkgEER/NE-dxAC_equip-pkgEER-11.4-IEER-TE-0.80/instance-out.sql,286.01,297731.62,637.73,663864.66
CZ11/RSD&0&cDXHP&Ex&dxHP_equip__pkgEER/NE-dxAC_equip-pkgEER-12.7-IEER-TE-0.80/instance-out.sql,285.55,297251.52,636.19,662261.13
CZ11/RSD&0&cDXHP&Ex&dxHP_equip__pkgEER/NE-dxAC_equip-pkgSEER-12.35-SEER2/instance-out.sql,285.44,297136.23,635.82,661876.06
CZ11/RSD&0&cDXHP&Ex&dxHP_equip__pkgEER/NE-dxHP_equip-pkgEER-14.5-IEER/instance-out.sql,283.37,294981.03,634.29,660283.31
CZ11/RSD&0&cDXHP&Ex&dxHP_equip__pkgEER/NE-dxHP_equip-pkgEER-15.5-IEER/instance-out.sql,283.12,294728.92,633.48,659441.27
CZ11/RSD&0&cDXHP&Ex&dxHP_equip__pkgEER/NE-dxHP_equip-pkgEER-13.5-IEER/instance-out.sql,283.61,295236.66,635.11,661137.13
CZ11/RSD&0&cDXHP&Ex&dxHP_equip__pkgEER/NE-dxHP_equip-pkgEER-14-IEER/instance-out.sql,283.43,295047.28,634.50,660504.59
CZ11/RSD&0&cDXHP&Ex&dxHP_equip__pkgEER/NE-dxHP_equip-pkgEER-15-IEER/instance-out.sql,283.09,294688.12,633.35,659305.02
CZ11/RSD&0&cDXHP&Ex&dxHP_equip__pkgEER/NE-dxHP_equip-pkgEER-16-IEER/instance-out.sql,282.77,294358.28,632.29,658203.35
CZ11/RSD&0&cDXHP&Ex&dxHP_equip__pkgEER/NE-dxHP_equip-pkgSEER-15.4-SEER2/instance-out.sql,282.81,294401.13,632.43,658346.46
CZ11/RSD&0&cDXHP&Ex&dxHP_equip__pkgEER/NE-dxHP_equip-pkgSEER-16.3-SEER2/instance-out.sql,282.59,294171.18,631.69,657578.43
CZ11/RSD&0&cDXHP&Ex&dxHP_equip__pkgEER/NE-dxHP_equip-pkgSEER-14.4-SEER2-1Stage/instance-out.sql,283.03,294630.24,633.16,659111.69
CZ11/RSD&0&cDXHP&Ex&dxHP_equip__pkgEER/NE-dxHP_equip-pkgSEER-14.4-SEER2-2Stage/instance-out.sql,279.97,291441.30,622.78,648305.87
CZ11/RSD&0&cDXHP&Ex&dxHP_equip__pkgEER/NE-dxHP_equip-spltSEER-14.4-SEER2-8.7-HSPF/instance-out.sql,283.01,294613.13,633.11,659054.53
CZ11/RSD&0&cDXHP&Ex&dxHP_equip__pkgEER/NE-dxHP_equip-spltSEER-15.4-SEER2-9-HSPF/instance-out.sql,282.80,294387.55,632.38,658301.10
CZ11/RSD&0&cDXHP&Ex&dxHP_equip__pkgEER/NE-dxHP_equip-spltSEER-16.3-SEER2-9.4-HSPF/instance-out.sql,282.58,294161.03,631.66,657544.52
CZ11/RSD&0&cDXHP&Ex&dxHP_equip__pkgEER/NE-dxHP_equip-spltSEER-17.3-SEER2-9.7-HSPF/instance-out.sql,282.42,293990.76,631.11,656975.83
CZ11/Rt3&0&cDXHP&Ex&dxHP_equip__pkgEER/NE-dxAC_equip-pkgEER-14.2-IEER-TE-0.81/instance-out.sql,112.18,2501330.92,351.04,7827099.85
CZ11/Rt3&0&cDXHP&Ex&dxHP_equip__pkgEER/NE-dxAC_equip-pkgEER-13.2-IEER-TE-0.81/instance-out.sql,113.13,2522365.04,354.19,7897353.82
CZ11/Rt3&0&cDXHP&Ex&dxHP_equip__pkgEER/NE-dxAC_equip-pkgEER-14.8-IEER-TE-0.81/instance-out.sql,111.37,2483139.24,348.32,7766339.66
CZ11/Rt3&0&cDXHP&Ex&dxHP_equip__pkgEER/NE-dxAC_equip-pkgSEER-13.4-SEER2/instance-out.sql,112.67,2512233.42,352.68,7863514.21
CZ11/Rt3&0&cDXHP&Ex&dxHP_equip__pkgEER/NE-dxAC_equip-pkgEER-12.2-IEER-TE-0.80/instance-out.sql,114.01,2542024.02,357.05,7961076.95
CZ11/Rt3&0&cDXHP&Ex&dxHP_equip__pkgEER/NE-dxAC_equip-pkgEER-11.4-IEER-TE-0.80/instance-out.sql,115.62,2577923.93,362.43,8080982.64
CZ11/Rt3&0&cDXHP&Ex&dxHP_equip__pkgEER/NE-dxAC_equip-pkgEER-12.7-IEER-TE-0.80/instance-out.sql,114.07,2543424.02,357.26,7965752.94
CZ11/Rt3&0&cDXHP&Ex&dxHP_equip__pkgEER/NE-dxAC_equip-pkgSEER-12.35-SEER2/instance-out.sql,113.70,2535139.11,356.02,7938081.34
CZ11/Rt3&0&cDXHP&Ex&dxHP_equip__pkgEER/NE-dxHP_equip-pkgEER-14.5-IEER/instance-out.sql,111.17,2478769.58,354.62,7906775.09
CZ11/Rt3&0&cDXHP&Ex&dxHP_equip__pkgEER/NE-dxHP_equip-pkgEER-15.5-IEER/instance-out.sql,110.31,2459519.58,351.73,7842480.11
CZ11/Rt3&0&cDXHP&Ex&dxHP_equip__pkgEER/NE-dxHP_equip-pkgEER-13.5-IEER/instance-out.sql,112.05,2498288.69,357.54,7971968.94
CZ11/Rt3&0&cDXHP&Ex&dxHP_equip__pkgEER/NE-dxHP_equip-pkgEER-14-IEER/instance-out.sql,111.40,2483828.24,355.37,7923671.03
CZ11/Rt3&0&cDXHP&Ex&dxHP_equip__pkgEER/NE-dxHP_equip-pkgEER-15-IEER/instance-out.sql,110.26,2458371.10,351.56,7838644.20
CZ11/Rt3&0&cDXHP&Ex&dxHP_equip__pkgEER/NE-dxHP_equip-pkgEER-16-IEER/instance-out.sql,109.13,2433185.88,347.79,7754525.54
CZ11/Rt3&0&cDXHP&Ex&dxHP_equip__pkgEER/NE-dxHP_equip-pkgSEER-15.4-SEER2/instance-out.sql,109.39,2439049.68,348.67,7774110.66
CZ11/Rt3&0&cDXHP&Ex&dxHP_equip__pkgEER/NE-dxHP_equip-pkgSEER-16.3-SEER2/instance-out.sql,108.63,2422146.23,346.13,7717653.11
CZ11/Rt3&0&cDXHP&Ex&dxHP_equip__pkgEER/NE-dxHP_equip-pkgSEER-14.4-SEER2-1Stage/instance-out.sql,110.15,2456013.32,351.21,7830769.21
CZ11/Rt3&0&cDXHP&Ex&dxHP_equip__pkgEER/NE-dxHP_equip-pkgSEER-14.4-SEER2-2Stage/instance-out.sql,100.90,2249699.18,320.28,7141093.63
CZ11/Rt3&0&cDXHP&Ex&dxHP_equip__pkgEER/NE-dxHP_equip-spltSEER-14.4-SEER2-8.7-HSPF/instance-out.sql,110.13,2455531.48,351.13,7829159.86
CZ11/Rt3&0&cDXHP&Ex&dxHP_equip__pkgEER/NE-dxHP_equip-spltSEER-15.4-SEER2-9-HSPF/instance-out.sql,109.37,2438667.29,348.61,7772833.46
CZ11/Rt3&0&cDXHP&Ex&dxHP_equip__pkgEER/NE-dxHP_equip-spltSEER-16.3-SEER2-9.4-HSPF/instance-out.sql,108.62,2421860.44,346.09,7716698.59
CZ11/Rt3&0&cDXHP&Ex&dxHP_equip__pkgEER/NE-dxHP_equip-spltSEER-17.3-SEER2-9.7-HSPF/instance-out.sql,108.05,2409131.80,344.18,7674184.94
CZ11/Rt3&0&cDXHP&Ex&dxHP_equip__pkgEER/NE-dxAC_equip-pkgEER-14.2-IEER-TE-0.81-VarFan/instance-out.sql,112.17,2501124.55,351.01,7826340.54
CZ11/Rt3&0&cDXHP&Ex&dxHP_equip__pkgEER/NE-dxAC_equip-pkgEER-13.2-IEER-TE-0.81-VarFan/instance-out.sql,113.12,2522157.82,354.16,7896591.65
CZ11/Rt3&0&cDXHP&Ex&dxHP_equip__pkgEER/NE-dxAC_equip-pkgEER-14.8-IEER-TE-0.81-VarFan/instance-out.sql,111.36,2482933.62,348.28,7765582.83
CZ11/Rt3&0&cDXHP&Ex&dxHP_equip__pkgEER/NE-dxAC_equip-pkgSEER-13.4-SEER2-VarFan/instance-out.sql,112.66,2512026.61,352.64,7862753.42
CZ11/RtL&0&cDXHP&Ex&dxHP_equip__pkgEER/NE-dxAC_equip-pkgEER-14.2-IEER-TE-0.81/instance-out.sql,207.18,2511827.51,650.90,7891450.01
CZ11/RtL&0&cDXHP&Ex&dxHP_equip__pkgEER/NE-dxAC_equip-pkgEER-13.2-IEER-TE-0.81/instance-out.sql,209.00,2533951.08,656.99,7965342.73
CZ11/RtL&0&cDXHP&Ex&dxHP_equip__pkgEER/NE-dxAC_equip-pkgEER-14.8-IEER-TE-0.81/instance-out.sql,205.60,2492693.61,645.62,7827542.79
CZ11/RtL&0&cDXHP&Ex&dxHP_equip__pkgEER/NE-dxAC_equip-pkgSEER-13.4-SEER2/instance-out.sql,208.12,2523294.70,654.05,7929750.42
CZ11/RtL&0&cDXHP&Ex&dxHP_equip__pkgEER/NE-dxAC_equip-pkgEER-12.2-IEER-TE-0.80/instance-out.sql,210.70,2554481.64,662.51,8032212.81
CZ11/RtL&0&cDXHP&Ex&dxHP_equip__pkgEER/NE-dxAC_equip-pkgEER-11.4-IEER-TE-0.80/instance-out.sql,213.81,2592240.96,672.91,8158328.91
CZ11/RtL&0&cDXHP&Ex&dxHP_equip__pkgEER/NE-dxAC_equip-pkgEER-12.7-IEER-TE-0.80/instance-out.sql,210.82,2555954.15,662.91,8037130.99
CZ11/RtL&0&cDXHP&Ex&dxHP_equip__pkgEER/NE-dxAC_equip-pkgSEER-12.35-SEER2/instance-out.sql,210.10,2547240.13,660.51,8008026.16
CZ11/RtL&0&cDXHP&Ex&dxHP_equip__pkgEER/NE-dxHP_equip-pkgEER-14.5-IEER/instance-out.sql,203.92,2472312.30,651.24,7895630.18
CZ11/RtL&0&cDXHP&Ex&dxHP_equip__pkgEER/NE-dxHP_equip-pkgEER-15.5-IEER/instance-out.sql,202.35,2453269.75,645.99,7832028.08
CZ11/RtL&0&cDXHP&Ex&dxHP_equip__pkgEER/NE-dxHP_equip-pkgEER-13.5-IEER/instance-out.sql,205.51,2491621.06,656.56,7960121.45
CZ11/RtL&0&cDXHP&Ex&dxHP_equip__pkgEER/NE-dxHP_equip-pkgEER-14-IEER/instance-out.sql,204.33,2477316.44,652.62,7912344.03
CZ11/RtL&0&cDXHP&Ex&dxHP_equip__pkgEER/NE-dxHP_equip-pkgEER-15-IEER/instance-out.sql,202.26,2452259.10,645.72,7828652.50
CZ11/RtL&0&cDXHP&Ex&dxHP_equip__pkgEER/NE-dxHP_equip-pkgEER-16-IEER/instance-out.sql,200.21,2427345.29,638.85,7745440.36
CZ11/RtL&0&cDXHP&Ex&dxHP_equip__pkgEER/NE-dxHP_equip-pkgSEER-15.4-SEER2/instance-out.sql,200.70,2433311.28,640.50,7765366.79
CZ11/RtL&0&cDXHP&Ex&dxHP_equip__pkgEER/NE-dxHP_equip-pkgSEER-16.3-SEER2/instance-out.sql,199.33,2416631.76,635.90,7709657.18
CZ11/RtL&0&cDXHP&Ex&dxHP_equip__pkgEER/NE-dxHP_equip-pkgSEER-14.4-SEER2-1Stage/instance-out.sql,202.08,2450058.28,645.11,7821301.75
CZ11/RtL&0&cDXHP&Ex&dxHP_equip__pkgEER/NE-dxHP_equip-pkgSEER-14.4-SEER2-2Stage/instance-out.sql,185.57,2249897.55,589.97,7152764.00
CZ11/RtL&0&cDXHP&Ex&dxHP_equip__pkgEER/NE-dxHP_equip-spltSEER-14.4-SEER2-8.7-HSPF/instance-out.sql,202.05,2449634.26,644.99,7819885.53
CZ11/RtL&0&cDXHP&Ex&dxHP_equip__pkgEER/NE-dxHP_equip-spltSEER-15.4-SEER2-9-HSPF/instance-out.sql,200.67,2432974.78,640.40,7764242.86
CZ11/RtL&0&cDXHP&Ex&dxHP_equip__pkgEER/NE-dxHP_equip-spltSEER-16.3-SEER2-9.4-HSPF/instance-out.sql,199.31,2416380.27,635.83,7708817.21
CZ11/RtL&0&cDXHP&Ex&dxHP_equip__pkgEER/NE-dxHP_equip-spltSEER-17.3-SEER2-9.7-HSPF/instance-out.sql,198.27,2403806.17,632.37,7666819.70
CZ11/RtL&0&cDXHP&Ex&dxHP_equip__pkgEER/NE-dxAC_equip-pkgEER-14.2-IEER-TE-0.81-VarFan/instance-out.sql,207.16,2511624.33,650.83,7890714.04
CZ11/RtL&0&cDXHP&Ex&dxHP_equip__pkgEER/NE-dxAC_equip-pkgEER-13.2-IEER-TE-0.81-VarFan/instance-out.sql,208.99,2533746.94,656.93,7964603.55
CZ11/RtL&0&cDXHP&Ex&dxHP_equip__pkgEER/NE-dxAC_equip-pkgEER-14.8-IEER-TE-0.81-VarFan/instance-out.sql,205.58,2492491.27,645.56,7826809.60
CZ11/RtL&0&cDXHP&Ex&dxHP_equip__pkgEER/NE-dxAC_equip-pkgSEER-13.4-SEER2-VarFan/instance-out.sql,208.11,2523091.03,653.99,7929012.79
CZ11/RtS&0&cDXHP&Ex&dxHP_equip__pkgEER/NE-dxAC_equip-pkgEER-14.2-IEER-TE-0.81/instance-out.sql,117.74,175045.28,351.91,523188.66
CZ11/RtS&0&cDXHP&Ex&dxHP_equip__pkgEER/NE-dxAC_equip-pkgEER-13.2-IEER-TE-0.81/instance-out.sql,118.88,176737.22,355.72,528839.76
CZ11/RtS&0&cDXHP&Ex&dxHP_equip__pkgEER/NE-dxAC_equip-pkgEER-14.8-IEER-TE-0.81/instance-out.sql,116.76,173581.98,348.63,518301.23
CZ11/RtS&0&cDXHP&Ex&dxHP_equip__pkgEER/NE-dxAC_equip-pkgSEER-13.4-SEER2/instance-out.sql,118.33,175922.26,353.88,526117.76
CZ11/RtS&0&cDXHP&Ex&dxHP_equip__pkgEER/NE-dxAC_equip-pkgEER-12.2-IEER-TE-0.80/instance-out.sql,120.00,178399.16,359.22,534049.92
CZ11/RtS&0&cDXHP&Ex&dxHP_equip__pkgEER/NE-dxAC_equip-pkgEER-11.4-IEER-TE-0.80/instance-out.sql,121.94,181286.88,365.71,543694.90
CZ11/RtS&0&cDXHP&Ex&dxHP_equip__pkgEER/NE-dxAC_equip-pkgEER-12.7-IEER-TE-0.80/instance-out.sql,120.07,178511.77,359.47,534426.05
CZ11/RtS&0&cDXHP&Ex&dxHP_equip__pkgEER/NE-dxAC_equip-pkgSEER-12.35-SEER2/instance-out.sql,119.62,177845.35,357.98,532200.19
CZ11/RtS&0&cDXHP&Ex&dxHP_equip__pkgEER/NE-dxHP_equip-pkgEER-14.5-IEER/instance-out.sql,111.98,166482.58,351.01,521845.75
CZ11/RtS&0&cDXHP&Ex&dxHP_equip__pkgEER/NE-dxHP_equip-pkgEER-15.5-IEER/instance-out.sql,111.01,165037.30,347.76,517018.51
CZ11/RtS&0&cDXHP&Ex&dxHP_equip__pkgEER/NE-dxHP_equip-pkgEER-13.5-IEER/instance-out.sql,112.97,167948.07,354.30,526740.47
CZ11/RtS&0&cDXHP&Ex&dxHP_equip__pkgEER/NE-dxHP_equip-pkgEER-14-IEER/instance-out.sql,112.24,166862.38,351.86,523114.29
CZ11/RtS&0&cDXHP&Ex&dxHP_equip__pkgEER/NE-dxHP_equip-pkgEER-15-IEER/instance-out.sql,110.88,164841.35,347.32,516364.02
CZ11/RtS&0&cDXHP&Ex&dxHP_equip__pkgEER/NE-dxHP_equip-pkgEER-16-IEER/instance-out.sql,109.61,162950.45,343.08,510048.43
CZ11/RtS&0&cDXHP&Ex&dxHP_equip__pkgEER/NE-dxHP_equip-pkgSEER-15.4-SEER2/instance-out.sql,109.80,163246.05,343.74,511035.72
CZ11/RtS&0&cDXHP&Ex&dxHP_equip__pkgEER/NE-dxHP_equip-pkgSEER-16.3-SEER2/instance-out.sql,108.93,161940.41,340.81,506674.88
CZ11/RtS&0&cDXHP&Ex&dxHP_equip__pkgEER/NE-dxHP_equip-pkgSEER-14.4-SEER2-1Stage/instance-out.sql,110.68,164549.26,346.67,515388.46
CZ11/RtS&0&cDXHP&Ex&dxHP_equip__pkgEER/NE-dxHP_equip-pkgSEER-14.4-SEER2-2Stage/instance-out.sql,101.19,150445.47,314.98,468281.77
CZ11/RtS&0&cDXHP&Ex&dxHP_equip__pkgEER/NE-dxHP_equip-spltSEER-14.4-SEER2-8.7-HSPF/instance-out.sql,110.63,164467.05,346.48,515113.87
CZ11/RtS&0&cDXHP&Ex&dxHP_equip__pkgEER/NE-dxHP_equip-spltSEER-15.4-SEER2-9-HSPF/instance-out.sql,109.76,163180.80,343.59,510817.80
CZ11/RtS&0&cDXHP&Ex&dxHP_equip__pkgEER/NE-dxHP_equip-spltSEER-16.3-SEER2-9.4-HSPF/instance-out.sql,108.89,161891.65,340.70,506512.02
CZ11/RtS&0&cDXHP&Ex&dxHP_equip__pkgEER/NE-dxHP_equip-spltSEER-17.3-SEER2-9.7-HSPF/instance-out.sql,108.24,160920.80,338.52,503269.39
CZ11/RtS&0&cDXHP&Ex&dxHP_equip__pkgEER/NE-dxAC_equip-pkgEER-14.2-IEER-TE-0.81-VarFan/instance-out.sql,117.73,175031.32,351.88,523134.10
CZ11/RtS&0&cDXHP&Ex&dxHP_equip__pkgEER/NE-dxAC_equip-pkgEER-13.2-IEER-TE-0.81-VarFan/instance-out.sql,118.87,176723.20,355.68,528784.98
CZ11/RtS&0&cDXHP&Ex&dxHP_equip__pkgEER/NE-dxAC_equip-pkgEER-14.8-IEER-TE-0.81-VarFan/instance-out.sql,116.75,173568.07,348.59,518246.86
CZ11/RtS&0&cDXHP&Ex&dxHP_equip__pkgEER/NE-dxAC_equip-pkgSEER-13.4-SEER2-VarFan/instance-out.sql,118.32,175908.26,353.85,526063.09
CZ11/SCn&0&cDXHP&Ex&dxHP_equip__pkgEER/NE-dxAC_equip-pkgEER-14.2-IEER-TE-0.81/instance-out.sql,99.85,4638164.25,287.15,13338486.14
CZ11/SCn&0&cDXHP&Ex&dxHP_equip__pkgEER/NE-dxAC_equip-pkgEER-13.2-IEER-TE-0.81/instance-out.sql,100.81,4682464.68,290.34,13486449.57
CZ11/SCn&0&cDXHP&Ex&dxHP_equip__pkgEER/NE-dxAC_equip-pkgEER-14.8-IEER-TE-0.81/instance-out.sql,99.03,4599850.37,284.40,13210517.77
CZ11/SCn&0&cDXHP&Ex&dxHP_equip__pkgEER/NE-dxAC_equip-pkgSEER-13.4-SEER2/instance-out.sql,100.35,4661126.25,288.81,13415179.23
CZ11/SCn&0&cDXHP&Ex&dxHP_equip__pkgEER/NE-dxAC_equip-pkgEER-12.2-IEER-TE-0.80/instance-out.sql,101.89,4732841.99,293.43,13630053.07
CZ11/SCn&0&cDXHP&Ex&dxHP_equip__pkgEER/NE-dxAC_equip-pkgEER-11.4-IEER-TE-0.80/instance-out.sql,103.52,4808451.57,298.87,13882589.06
CZ11/SCn&0&cDXHP&Ex&dxHP_equip__pkgEER/NE-dxAC_equip-pkgEER-12.7-IEER-TE-0.80/instance-out.sql,101.95,4735790.55,293.64,13639901.27
CZ11/SCn&0&cDXHP&Ex&dxHP_equip__pkgEER/NE-dxAC_equip-pkgSEER-12.35-SEER2/instance-out.sql,101.58,4718341.52,292.39,13581621.51
CZ11/SCn&0&cDXHP&Ex&dxHP_equip__pkgEER/NE-dxHP_equip-pkgEER-14.5-IEER/instance-out.sql,88.98,4133269.21,293.32,13624673.92
CZ11/SCn&0&cDXHP&Ex&dxHP_equip__pkgEER/NE-dxHP_equip-pkgEER-15.5-IEER/instance-out.sql,88.07,4090939.85,290.27,13483293.84
CZ11/SCn&0&cDXHP&Ex&dxHP_equip__pkgEER/NE-dxHP_equip-pkgEER-13.5-IEER/instance-out.sql,89.91,4176190.35,296.40,13768030.53
CZ11/SCn&0&cDXHP&Ex&dxHP_equip__pkgEER/NE-dxHP_equip-pkgEER-14-IEER/instance-out.sql,89.22,4144392.85,294.12,13661826.86
CZ11/SCn&0&cDXHP&Ex&dxHP_equip__pkgEER/NE-dxHP_equip-pkgEER-15-IEER/instance-out.sql,87.77,4077040.68,289.27,13436870.63
CZ11/SCn&0&cDXHP&Ex&dxHP_equip__pkgEER/NE-dxHP_equip-pkgEER-16-IEER/instance-out.sql,86.58,4021660.17,285.29,13251899.72
CZ11/SCn&0&cDXHP&Ex&dxHP_equip__pkgEER/NE-dxHP_equip-pkgSEER-15.4-SEER2/instance-out.sql,86.53,4019560.16,285.14,13244885.68
CZ11/SCn&0&cDXHP&Ex&dxHP_equip__pkgEER/NE-dxHP_equip-pkgSEER-16.3-SEER2/instance-out.sql,85.65,3978603.67,282.19,13108091.02
CZ11/SCn&0&cDXHP&Ex&dxHP_equip__pkgEER/NE-dxHP_equip-pkgSEER-14.4-SEER2-1Stage/instance-out.sql,87.40,4059929.52,288.04,13379719.34
CZ11/SCn&0&cDXHP&Ex&dxHP_equip__pkgEER/NE-dxHP_equip-pkgSEER-14.4-SEER2-2Stage/instance-out.sql,74.10,3441915.46,243.60,11315552.33
CZ11/SCn&0&cDXHP&Ex&dxHP_equip__pkgEER/NE-dxHP_equip-spltSEER-14.4-SEER2-8.7-HSPF/instance-out.sql,87.28,4054098.15,287.62,13360242.57
CZ11/SCn&0&cDXHP&Ex&dxHP_equip__pkgEER/NE-dxHP_equip-spltSEER-15.4-SEER2-9-HSPF/instance-out.sql,86.43,4014932.31,284.81,13229428.66
CZ11/SCn&0&cDXHP&Ex&dxHP_equip__pkgEER/NE-dxHP_equip-spltSEER-16.3-SEER2-9.4-HSPF/instance-out.sql,85.58,3975145.04,281.95,13096539.20
CZ11/SCn&0&cDXHP&Ex&dxHP_equip__pkgEER/NE-dxHP_equip-spltSEER-17.3-SEER2-9.7-HSPF/instance-out.sql,84.94,3945581.49,279.82,12997796.92
CZ12/Asm&0&cDXHP&Ex&dxHP_equip__pkgEER/NE-dxAC_equip-pkgEER-14.2-IEER-TE-0.81/instance-out.sql,144.71,914253.73,407.02,2571545.52
CZ12/Asm&0&cDXHP&Ex&dxHP_equip__pkgEER/NE-dxAC_equip-pkgEER-13.2-IEER-TE-0.81/instance-out.sql,145.97,922225.91,411.23,2598172.63
CZ12/Asm&0&cDXHP&Ex&dxHP_equip__pkgEER/NE-dxAC_equip-pkgEER-14.8-IEER-TE-0.81/instance-out.sql,143.61,907358.86,403.37,2548516.67
CZ12/Asm&0&cDXHP&Ex&dxHP_equip__pkgEER/NE-dxAC_equip-pkgSEER-13.4-SEER2/instance-out.sql,145.36,918385.91,409.20,2585347.00
CZ12/Asm&0&cDXHP&Ex&dxHP_equip__pkgEER/NE-dxAC_equip-pkgEER-12.2-IEER-TE-0.80/instance-out.sql,147.47,931713.55,415.39,2624456.83
CZ12/Asm&0&cDXHP&Ex&dxHP_equip__pkgEER/NE-dxAC_equip-pkgEER-11.4-IEER-TE-0.80/instance-out.sql,149.62,945320.05,422.58,2669902.54
CZ12/Asm&0&cDXHP&Ex&dxHP_equip__pkgEER/NE-dxAC_equip-pkgEER-12.7-IEER-TE-0.80/instance-out.sql,147.55,932244.17,415.67,2626229.09
CZ12/Asm&0&cDXHP&Ex&dxHP_equip__pkgEER/NE-dxAC_equip-pkgSEER-12.35-SEER2/instance-out.sql,147.06,929104.09,414.01,2615741.21
CZ12/Asm&0&cDXHP&Ex&dxHP_equip__pkgEER/NE-dxHP_equip-pkgEER-14.5-IEER/instance-out.sql,122.84,776084.14,402.41,2542419.76
CZ12/Asm&0&cDXHP&Ex&dxHP_equip__pkgEER/NE-dxHP_equip-pkgEER-15.5-IEER/instance-out.sql,121.76,769303.72,398.82,2519773.16
CZ12/Asm&0&cDXHP&Ex&dxHP_equip__pkgEER/NE-dxHP_equip-pkgEER-13.5-IEER/instance-out.sql,123.92,782959.35,406.04,2565382.96
CZ12/Asm&0&cDXHP&Ex&dxHP_equip__pkgEER/NE-dxHP_equip-pkgEER-14-IEER/instance-out.sql,123.12,777865.95,403.35,2548371.01
CZ12/Asm&0&cDXHP&Ex&dxHP_equip__pkgEER/NE-dxHP_equip-pkgEER-15-IEER/instance-out.sql,121.29,766343.02,397.26,2509884.44
CZ12/Asm&0&cDXHP&Ex&dxHP_equip__pkgEER/NE-dxHP_equip-pkgEER-16-IEER/instance-out.sql,119.89,757472.04,392.57,2480255.36
CZ12/Asm&0&cDXHP&Ex&dxHP_equip__pkgEER/NE-dxHP_equip-pkgSEER-15.4-SEER2/instance-out.sql,119.68,756167.63,391.88,2475898.63
CZ12/Asm&0&cDXHP&Ex&dxHP_equip__pkgEER/NE-dxHP_equip-pkgSEER-16.3-SEER2/instance-out.sql,118.61,749362.63,388.28,2453169.94
CZ12/Asm&0&cDXHP&Ex&dxHP_equip__pkgEER/NE-dxHP_equip-pkgSEER-14.4-SEER2-1Stage/instance-out.sql,120.74,762832.13,395.40,2498158.06
CZ12/Asm&0&cDXHP&Ex&dxHP_equip__pkgEER/NE-dxHP_equip-pkgSEER-14.4-SEER2-2Stage/instance-out.sql,104.23,658503.63,340.25,2149705.29
CZ12/Asm&0&cDXHP&Ex&dxHP_equip__pkgEER/NE-dxHP_equip-spltSEER-14.4-SEER2-8.7-HSPF/instance-out.sql,120.54,761589.98,394.74,2494009.27
CZ12/Asm&0&cDXHP&Ex&dxHP_equip__pkgEER/NE-dxHP_equip-spltSEER-15.4-SEER2-9-HSPF/instance-out.sql,119.53,755181.84,391.36,2472606.09
CZ12/Asm&0&cDXHP&Ex&dxHP_equip__pkgEER/NE-dxHP_equip-spltSEER-16.3-SEER2-9.4-HSPF/instance-out.sql,118.49,748625.90,387.89,2450709.26
CZ12/Asm&0&cDXHP&Ex&dxHP_equip__pkgEER/NE-dxHP_equip-spltSEER-17.3-SEER2-9.7-HSPF/instance-out.sql,117.72,743788.71,385.33,2434553.04
CZ12/ECC&0&cDXHP&Ex&dxHP_equip__pkgEER/NE-dxAC_equip-pkgEER-14.2-IEER-TE-0.81/instance-out.sql,110.80,2925491.94,320.40,8459327.44
CZ12/ECC&0&cDXHP&Ex&dxHP_equip__pkgEER/NE-dxAC_equip-pkgEER-13.2-IEER-TE-0.81/instance-out.sql,111.44,2942361.30,322.53,8515671.10
CZ12/ECC&0&cDXHP&Ex&dxHP_equip__pkgEER/NE-dxAC_equip-pkgEER-14.8-IEER-TE-0.81/instance-out.sql,110.25,2910902.22,318.55,8410597.78
CZ12/ECC&0&cDXHP&Ex&dxHP_equip__pkgEER/NE-dxAC_equip-pkgSEER-13.4-SEER2/instance-out.sql,111.14,2934235.75,321.51,8488531.74
CZ12/ECC&0&cDXHP&Ex&dxHP_equip__pkgEER/NE-dxAC_equip-pkgEER-12.2-IEER-TE-0.80/instance-out.sql,112.05,2958470.87,324.48,8567136.23
CZ12/ECC&0&cDXHP&Ex&dxHP_equip__pkgEER/NE-dxAC_equip-pkgEER-11.4-IEER-TE-0.80/instance-out.sql,113.14,2987262.59,328.13,8663300.56
CZ12/ECC&0&cDXHP&Ex&dxHP_equip__pkgEER/NE-dxAC_equip-pkgEER-12.7-IEER-TE-0.80/instance-out.sql,112.10,2959593.67,324.63,8570886.37
CZ12/ECC&0&cDXHP&Ex&dxHP_equip__pkgEER/NE-dxAC_equip-pkgSEER-12.35-SEER2/instance-out.sql,111.84,2952949.17,323.79,8548693.75
CZ12/ECC&0&cDXHP&Ex&dxHP_equip__pkgEER/NE-dxHP_equip-pkgEER-14.5-IEER/instance-out.sql,108.70,2869844.59,320.45,8460689.24
CZ12/ECC&0&cDXHP&Ex&dxHP_equip__pkgEER/NE-dxHP_equip-pkgEER-15.5-IEER/instance-out.sql,108.15,2855300.11,318.61,8412110.68
CZ12/ECC&0&cDXHP&Ex&dxHP_equip__pkgEER/NE-dxHP_equip-pkgEER-13.5-IEER/instance-out.sql,109.26,2884592.41,322.32,8509946.94
CZ12/ECC&0&cDXHP&Ex&dxHP_equip__pkgEER/NE-dxHP_equip-pkgEER-14-IEER/instance-out.sql,108.84,2873666.70,320.94,8473455.09
CZ12/ECC&0&cDXHP&Ex&dxHP_equip__pkgEER/NE-dxHP_equip-pkgEER-15-IEER/instance-out.sql,108.09,2853937.21,318.44,8407558.57
CZ12/ECC&0&cDXHP&Ex&dxHP_equip__pkgEER/NE-dxHP_equip-pkgEER-16-IEER/instance-out.sql,107.37,2834908.32,316.03,8344002.09
CZ12/ECC&0&cDXHP&Ex&dxHP_equip__pkgEER/NE-dxHP_equip-pkgSEER-15.4-SEER2/instance-out.sql,107.52,2838685.98,316.51,8356619.48
CZ12/ECC&0&cDXHP&Ex&dxHP_equip__pkgEER/NE-dxHP_equip-pkgSEER-16.3-SEER2/instance-out.sql,107.03,2825749.58,314.87,8313411.89
CZ12/ECC&0&cDXHP&Ex&dxHP_equip__pkgEER/NE-dxHP_equip-pkgSEER-14.4-SEER2-1Stage/instance-out.sql,108.01,2851636.53,318.15,8399874.32
CZ12/ECC&0&cDXHP&Ex&dxHP_equip__pkgEER/NE-dxHP_equip-pkgSEER-14.4-SEER2-2Stage/instance-out.sql,100.52,2654007.08,293.15,7739759.60
CZ12/ECC&0&cDXHP&Ex&dxHP_equip__pkgEER/NE-dxHP_equip-spltSEER-14.4-SEER2-8.7-HSPF/instance-out.sql,107.99,2851064.73,318.08,8397964.49
CZ12/ECC&0&cDXHP&Ex&dxHP_equip__pkgEER/NE-dxHP_equip-spltSEER-15.4-SEER2-9-HSPF/instance-out.sql,107.50,2838232.19,316.45,8355103.81
CZ12/ECC&0&cDXHP&Ex&dxHP_equip__pkgEER/NE-dxHP_equip-spltSEER-16.3-SEER2-9.4-HSPF/instance-out.sql,107.01,2825410.43,314.83,8312279.15
CZ12/ECC&0&cDXHP&Ex&dxHP_equip__pkgEER/NE-dxHP_equip-spltSEER-17.3-SEER2-9.7-HSPF/instance-out.sql,106.65,2815724.68,313.61,8279928.74
CZ12/ECC&0&cDXHP&Ex&dxHP_equip__pkgEER/NE-dxAC_equip-pkgEER-14.2-IEER-TE-0.81-VarFan/instance-out.sql,110.80,2925408.36,320.38,8458860.13
CZ12/ECC&0&cDXHP&Ex&dxHP_equip__pkgEER/NE-dxAC_equip-pkgEER-13.2-IEER-TE-0.81-VarFan/instance-out.sql,111.44,2942276.66,322.52,8515200.24
CZ12/ECC&0&cDXHP&Ex&dxHP_equip__pkgEER/NE-dxAC_equip-pkgEER-14.8-IEER-TE-0.81-VarFan/instance-out.sql,110.25,2910819.57,318.54,8410133.56
CZ12/ECC&0&cDXHP&Ex&dxHP_equip__pkgEER/NE-dxAC_equip-pkgSEER-13.4-SEER2-VarFan/instance-out.sql,111.13,2934151.61,321.49,8488062.59
CZ12/EPr&0&cDXHP&Ex&dxHP_equip__pkgEER/NE-dxAC_equip-pkgEER-14.2-IEER-TE-0.81/instance-out.sql,120.91,457707.81,313.13,1185306.08
CZ12/EPr&0&cDXHP&Ex&dxHP_equip__pkgEER/NE-dxAC_equip-pkgEER-13.2-IEER-TE-0.81/instance-out.sql,121.61,460336.46,315.45,1194085.77
CZ12/EPr&0&cDXHP&Ex&dxHP_equip__pkgEER/NE-dxAC_equip-pkgEER-14.8-IEER-TE-0.81/instance-out.sql,120.31,455434.38,311.12,1177712.83
CZ12/EPr&0&cDXHP&Ex&dxHP_equip__pkgEER/NE-dxAC_equip-pkgSEER-13.4-SEER2/instance-out.sql,121.27,459070.30,314.33,1189856.81
CZ12/EPr&0&cDXHP&Ex&dxHP_equip__pkgEER/NE-dxAC_equip-pkgEER-12.2-IEER-TE-0.80/instance-out.sql,122.32,463017.59,317.61,1202284.18
CZ12/EPr&0&cDXHP&Ex&dxHP_equip__pkgEER/NE-dxAC_equip-pkgEER-11.4-IEER-TE-0.80/instance-out.sql,123.50,467504.03,321.57,1217268.89
CZ12/EPr&0&cDXHP&Ex&dxHP_equip__pkgEER/NE-dxAC_equip-pkgEER-12.7-IEER-TE-0.80/instance-out.sql,122.36,463192.55,317.77,1202868.54
CZ12/EPr&0&cDXHP&Ex&dxHP_equip__pkgEER/NE-dxAC_equip-pkgSEER-12.35-SEER2/instance-out.sql,122.09,462157.18,316.85,1199410.40
CZ12/EPr&0&cDXHP&Ex&dxHP_equip__pkgEER/NE-dxHP_equip-pkgEER-14.5-IEER/instance-out.sql,115.98,439022.92,312.63,1183424.47
CZ12/EPr&0&cDXHP&Ex&dxHP_equip__pkgEER/NE-dxHP_equip-pkgEER-15.5-IEER/instance-out.sql,115.38,436764.42,310.64,1175881.08
CZ12/EPr&0&cDXHP&Ex&dxHP_equip__pkgEER/NE-dxHP_equip-pkgEER-13.5-IEER/instance-out.sql,116.58,441312.99,314.65,1191073.32
CZ12/EPr&0&cDXHP&Ex&dxHP_equip__pkgEER/NE-dxHP_equip-pkgEER-14-IEER/instance-out.sql,116.14,439616.43,313.15,1185406.78
CZ12/EPr&0&cDXHP&Ex&dxHP_equip__pkgEER/NE-dxHP_equip-pkgEER-15-IEER/instance-out.sql,115.27,436333.85,310.26,1174442.97
CZ12/EPr&0&cDXHP&Ex&dxHP_equip__pkgEER/NE-dxHP_equip-pkgEER-16-IEER/instance-out.sql,114.49,433379.00,307.65,1164573.78
CZ12/EPr&0&cDXHP&Ex&dxHP_equip__pkgEER/NE-dxHP_equip-pkgSEER-15.4-SEER2/instance-out.sql,114.57,433676.98,307.91,1165569.03
CZ12/EPr&0&cDXHP&Ex&dxHP_equip__pkgEER/NE-dxHP_equip-pkgSEER-16.3-SEER2/instance-out.sql,114.02,431595.29,306.08,1158616.18
CZ12/EPr&0&cDXHP&Ex&dxHP_equip__pkgEER/NE-dxHP_equip-pkgSEER-14.4-SEER2-1Stage/instance-out.sql,115.11,435747.02,309.74,1172482.96
CZ12/EPr&0&cDXHP&Ex&dxHP_equip__pkgEER/NE-dxHP_equip-pkgSEER-14.4-SEER2-2Stage/instance-out.sql,107.16,405634.16,283.17,1071906.13
CZ12/EPr&0&cDXHP&Ex&dxHP_equip__pkgEER/NE-dxHP_equip-spltSEER-14.4-SEER2-8.7-HSPF/instance-out.sql,115.07,435566.37,309.58,1171879.60
CZ12/EPr&0&cDXHP&Ex&dxHP_equip__pkgEER/NE-dxHP_equip-spltSEER-15.4-SEER2-9-HSPF/instance-out.sql,114.53,433533.62,307.79,1165090.20
CZ12/EPr&0&cDXHP&Ex&dxHP_equip__pkgEER/NE-dxHP_equip-spltSEER-16.3-SEER2-9.4-HSPF/instance-out.sql,113.99,431488.15,305.98,1158258.33
CZ12/EPr&0&cDXHP&Ex&dxHP_equip__pkgEER/NE-dxHP_equip-spltSEER-17.3-SEER2-9.7-HSPF/instance-out.sql,113.58,429953.82,304.63,1153133.68
CZ12/EPr&0&cDXHP&Ex&dxHP_equip__pkgEER/NE-dxAC_equip-pkgEER-14.2-IEER-TE-0.81-VarFan/instance-out.sql,120.90,457669.01,313.08,1185128.03
CZ12/EPr&0&cDXHP&Ex&dxHP_equip__pkgEER/NE-dxAC_equip-pkgEER-13.2-IEER-TE-0.81-VarFan/instance-out.sql,121.60,460297.56,315.40,1193907.39
CZ12/EPr&0&cDXHP&Ex&dxHP_equip__pkgEER/NE-dxAC_equip-pkgEER-14.8-IEER-TE-0.81-VarFan/instance-out.sql,120.30,455395.66,311.07,1177535.07
CZ12/EPr&0&cDXHP&Ex&dxHP_equip__pkgEER/NE-dxAC_equip-pkgSEER-13.4-SEER2-VarFan/instance-out.sql,121.26,459031.45,314.28,1189678.59
CZ12/ERC&0&cDXHP&Ex&dxHP_equip__pkgEER/NE-dxAC_equip-pkgEER-14.2-IEER-TE-0.81/instance-out.sql,84.10,22530.86,188.94,50616.03
CZ12/ERC&0&cDXHP&Ex&dxHP_equip__pkgEER/NE-dxAC_equip-pkgEER-13.2-IEER-TE-0.81/instance-out.sql,84.59,22660.65,190.56,51049.51
CZ12/ERC&0&cDXHP&Ex&dxHP_equip__pkgEER/NE-dxAC_equip-pkgEER-14.8-IEER-TE-0.81/instance-out.sql,83.68,22418.61,187.54,50241.12
CZ12/ERC&0&cDXHP&Ex&dxHP_equip__pkgEER/NE-dxAC_equip-pkgSEER-13.4-SEER2/instance-out.sql,84.35,22598.13,189.78,50840.71
CZ12/ERC&0&cDXHP&Ex&dxHP_equip__pkgEER/NE-dxAC_equip-pkgEER-12.2-IEER-TE-0.80/instance-out.sql,85.10,22797.21,192.09,51458.68
CZ12/ERC&0&cDXHP&Ex&dxHP_equip__pkgEER/NE-dxAC_equip-pkgEER-11.4-IEER-TE-0.80/instance-out.sql,85.92,23018.72,194.85,52198.54
CZ12/ERC&0&cDXHP&Ex&dxHP_equip__pkgEER/NE-dxAC_equip-pkgEER-12.7-IEER-TE-0.80/instance-out.sql,85.13,22805.85,192.19,51487.54
CZ12/ERC&0&cDXHP&Ex&dxHP_equip__pkgEER/NE-dxAC_equip-pkgSEER-12.35-SEER2/instance-out.sql,84.94,22754.73,191.56,51316.79
CZ12/ERC&0&cDXHP&Ex&dxHP_equip__pkgEER/NE-dxHP_equip-pkgEER-14.5-IEER/instance-out.sql,79.78,21372.40,188.52,50502.82
CZ12/ERC&0&cDXHP&Ex&dxHP_equip__pkgEER/NE-dxHP_equip-pkgEER-15.5-IEER/instance-out.sql,79.36,21260.86,187.13,50130.24
CZ12/ERC&0&cDXHP&Ex&dxHP_equip__pkgEER/NE-dxHP_equip-pkgEER-13.5-IEER/instance-out.sql,80.20,21485.51,189.93,50880.60
CZ12/ERC&0&cDXHP&Ex&dxHP_equip__pkgEER/NE-dxHP_equip-pkgEER-14-IEER/instance-out.sql,79.89,21401.72,188.88,50600.72
CZ12/ERC&0&cDXHP&Ex&dxHP_equip__pkgEER/NE-dxHP_equip-pkgEER-15-IEER/instance-out.sql,79.26,21234.14,186.79,50041.02
CZ12/ERC&0&cDXHP&Ex&dxHP_equip__pkgEER/NE-dxHP_equip-pkgEER-16-IEER/instance-out.sql,78.72,21088.20,184.97,49553.58
CZ12/ERC&0&cDXHP&Ex&dxHP_equip__pkgEER/NE-dxHP_equip-pkgSEER-15.4-SEER2/instance-out.sql,78.75,21095.74,185.07,49578.75
CZ12/ERC&0&cDXHP&Ex&dxHP_equip__pkgEER/NE-dxHP_equip-pkgSEER-16.3-SEER2/instance-out.sql,78.36,20991.11,183.76,49229.28
CZ12/ERC&0&cDXHP&Ex&dxHP_equip__pkgEER/NE-dxHP_equip-pkgSEER-14.4-SEER2-1Stage/instance-out.sql,79.13,21199.45,186.36,49925.14
CZ12/ERC&0&cDXHP&Ex&dxHP_equip__pkgEER/NE-dxHP_equip-pkgSEER-14.4-SEER2-2Stage/instance-out.sql,72.50,19423.55,164.22,43993.62
CZ12/ERC&0&cDXHP&Ex&dxHP_equip__pkgEER/NE-dxHP_equip-spltSEER-14.4-SEER2-8.7-HSPF/instance-out.sql,79.09,21188.24,186.22,49887.70
CZ12/ERC&0&cDXHP&Ex&dxHP_equip__pkgEER/NE-dxHP_equip-spltSEER-15.4-SEER2-9-HSPF/instance-out.sql,78.71,21086.84,184.96,49549.04
CZ12/ERC&0&cDXHP&Ex&dxHP_equip__pkgEER/NE-dxHP_equip-spltSEER-16.3-SEER2-9.4-HSPF/instance-out.sql,78.33,20984.46,183.68,49207.08
CZ12/ERC&0&cDXHP&Ex&dxHP_equip__pkgEER/NE-dxHP_equip-spltSEER-17.3-SEER2-9.7-HSPF/instance-out.sql,78.05,20907.93,182.73,48951.46
CZ12/ERC&0&cDXHP&Ex&dxHP_equip__pkgEER/NE-dxAC_equip-pkgEER-14.2-IEER-TE-0.81-VarFan/instance-out.sql,84.10,22529.43,188.92,50610.20
CZ12/ERC&0&cDXHP&Ex&dxHP_equip__pkgEER/NE-dxAC_equip-pkgEER-13.2-IEER-TE-0.81-VarFan/instance-out.sql,84.58,22659.21,190.54,51043.66
CZ12/ERC&0&cDXHP&Ex&dxHP_equip__pkgEER/NE-dxAC_equip-pkgEER-14.8-IEER-TE-0.81-VarFan/instance-out.sql,83.68,22417.19,187.52,50235.32
CZ12/ERC&0&cDXHP&Ex&dxHP_equip__pkgEER/NE-dxAC_equip-pkgSEER-13.4-SEER2-VarFan/instance-out.sql,84.35,22596.70,189.76,50834.88
CZ12/ESe&0&cDXHP&Ex&dxHP_equip__pkgEER/NE-dxAC_equip-pkgEER-14.2-IEER-TE-0.81/instance-out.sql,190.30,1315383.66,496.45,3431577.53
CZ12/ESe&0&cDXHP&Ex&dxHP_equip__pkgEER/NE-dxAC_equip-pkgEER-13.2-IEER-TE-0.81/instance-out.sql,190.74,1318405.85,497.91,3441671.64
CZ12/ESe&0&cDXHP&Ex&dxHP_equip__pkgEER/NE-dxAC_equip-pkgEER-14.8-IEER-TE-0.81/instance-out.sql,189.92,1312769.87,495.19,3422847.49
CZ12/ESe&0&cDXHP&Ex&dxHP_equip__pkgEER/NE-dxAC_equip-pkgSEER-13.4-SEER2/instance-out.sql,190.53,1316950.13,497.21,3436809.56
CZ12/ESe&0&cDXHP&Ex&dxHP_equip__pkgEER/NE-dxAC_equip-pkgEER-12.2-IEER-TE-0.80/instance-out.sql,191.16,1321315.97,499.25,3450916.93
CZ12/ESe&0&cDXHP&Ex&dxHP_equip__pkgEER/NE-dxAC_equip-pkgEER-11.4-IEER-TE-0.80/instance-out.sql,191.90,1326474.08,501.74,3468145.02
CZ12/ESe&0&cDXHP&Ex&dxHP_equip__pkgEER/NE-dxAC_equip-pkgEER-12.7-IEER-TE-0.80/instance-out.sql,191.19,1321517.12,499.35,3451588.78
CZ12/ESe&0&cDXHP&Ex&dxHP_equip__pkgEER/NE-dxAC_equip-pkgSEER-12.35-SEER2/instance-out.sql,191.01,1320326.74,498.77,3447612.92
CZ12/ESe&0&cDXHP&Ex&dxHP_equip__pkgEER/NE-dxHP_equip-pkgEER-14.5-IEER/instance-out.sql,188.72,1304441.44,496.66,3432991.36
CZ12/ESe&0&cDXHP&Ex&dxHP_equip__pkgEER/NE-dxHP_equip-pkgEER-15.5-IEER/instance-out.sql,188.34,1301822.17,495.39,3424243.02
CZ12/ESe&0&cDXHP&Ex&dxHP_equip__pkgEER/NE-dxHP_equip-pkgEER-13.5-IEER/instance-out.sql,189.10,1307097.32,497.94,3441862.02
CZ12/ESe&0&cDXHP&Ex&dxHP_equip__pkgEER/NE-dxHP_equip-pkgEER-14-IEER/instance-out.sql,188.82,1305129.75,496.99,3435290.32
CZ12/ESe&0&cDXHP&Ex&dxHP_equip__pkgEER/NE-dxHP_equip-pkgEER-15-IEER/instance-out.sql,188.30,1301544.06,495.26,3423314.11
CZ12/ESe&0&cDXHP&Ex&dxHP_equip__pkgEER/NE-dxHP_equip-pkgEER-16-IEER/instance-out.sql,187.80,1298117.21,493.60,3411868.43
CZ12/ESe&0&cDXHP&Ex&dxHP_equip__pkgEER/NE-dxHP_equip-pkgSEER-15.4-SEER2/instance-out.sql,187.89,1298754.44,493.91,3413996.78
CZ12/ESe&0&cDXHP&Ex&dxHP_equip__pkgEER/NE-dxHP_equip-pkgSEER-16.3-SEER2/instance-out.sql,187.55,1296413.89,492.78,3406179.34
CZ12/ESe&0&cDXHP&Ex&dxHP_equip__pkgEER/NE-dxHP_equip-pkgSEER-14.4-SEER2-1Stage/instance-out.sql,188.23,1301095.47,495.04,3421815.84
CZ12/ESe&0&cDXHP&Ex&dxHP_equip__pkgEER/NE-dxHP_equip-pkgSEER-14.4-SEER2-2Stage/instance-out.sql,183.42,1267839.78,478.88,3310116.67
CZ12/ESe&0&cDXHP&Ex&dxHP_equip__pkgEER/NE-dxHP_equip-spltSEER-14.4-SEER2-8.7-HSPF/instance-out.sql,188.21,1300978.79,494.98,3421426.12
CZ12/ESe&0&cDXHP&Ex&dxHP_equip__pkgEER/NE-dxHP_equip-spltSEER-15.4-SEER2-9-HSPF/instance-out.sql,187.88,1298661.84,493.86,3413687.50
CZ12/ESe&0&cDXHP&Ex&dxHP_equip__pkgEER/NE-dxHP_equip-spltSEER-16.3-SEER2-9.4-HSPF/instance-out.sql,187.54,1296344.68,492.74,3405948.19
CZ12/ESe&0&cDXHP&Ex&dxHP_equip__pkgEER/NE-dxHP_equip-spltSEER-17.3-SEER2-9.7-HSPF/instance-out.sql,187.29,1294595.88,491.90,3400107.21
CZ12/ESe&0&cDXHP&Ex&dxHP_equip__pkgEER/NE-dxAC_equip-pkgEER-14.2-IEER-TE-0.81-VarFan/instance-out.sql,190.30,1315398.75,496.45,3431571.19
CZ12/ESe&0&cDXHP&Ex&dxHP_equip__pkgEER/NE-dxAC_equip-pkgEER-13.2-IEER-TE-0.81-VarFan/instance-out.sql,190.74,1318420.76,497.91,3441664.71
CZ12/ESe&0&cDXHP&Ex&dxHP_equip__pkgEER/NE-dxAC_equip-pkgEER-14.8-IEER-TE-0.81-VarFan/instance-out.sql,189.92,1312785.12,495.19,3422841.66
CZ12/ESe&0&cDXHP&Ex&dxHP_equip__pkgEER/NE-dxAC_equip-pkgSEER-13.4-SEER2-VarFan/instance-out.sql,190.53,1316965.13,497.21,3436802.91
CZ12/EUn&0&cDXHP&Ex&dxHP_equip__pkgEER/NE-dxAC_equip-pkgEER-14.2-IEER-TE-0.81/instance-out.sql,115.36,9193285.30,354.47,28248005.50
CZ12/EUn&0&cDXHP&Ex&dxHP_equip__pkgEER/NE-dxAC_equip-pkgEER-13.2-IEER-TE-0.81/instance-out.sql,115.94,9239436.39,356.40,28402150.13
CZ12/EUn&0&cDXHP&Ex&dxHP_equip__pkgEER/NE-dxAC_equip-pkgEER-14.8-IEER-TE-0.81/instance-out.sql,114.86,9153370.85,352.80,28114691.23
CZ12/EUn&0&cDXHP&Ex&dxHP_equip__pkgEER/NE-dxAC_equip-pkgSEER-13.4-SEER2/instance-out.sql,115.66,9217206.55,355.47,28327902.46
CZ12/EUn&0&cDXHP&Ex&dxHP_equip__pkgEER/NE-dxAC_equip-pkgEER-12.2-IEER-TE-0.80/instance-out.sql,116.49,9283380.73,358.17,28542813.94
CZ12/EUn&0&cDXHP&Ex&dxHP_equip__pkgEER/NE-dxAC_equip-pkgEER-11.4-IEER-TE-0.80/instance-out.sql,117.48,9362148.92,361.47,28805899.68
CZ12/EUn&0&cDXHP&Ex&dxHP_equip__pkgEER/NE-dxAC_equip-pkgEER-12.7-IEER-TE-0.80/instance-out.sql,116.53,9286452.47,358.30,28553073.55
CZ12/EUn&0&cDXHP&Ex&dxHP_equip__pkgEER/NE-dxAC_equip-pkgSEER-12.35-SEER2/instance-out.sql,116.30,9268274.50,357.54,28492359.14
CZ12/EUn&0&cDXHP&Ex&dxHP_equip__pkgEER/NE-dxHP_equip-pkgEER-14.5-IEER/instance-out.sql,113.85,9073054.52,355.56,28335256.08
CZ12/EUn&0&cDXHP&Ex&dxHP_equip__pkgEER/NE-dxHP_equip-pkgEER-15.5-IEER/instance-out.sql,113.34,9032325.67,353.86,28199221.69
CZ12/EUn&0&cDXHP&Ex&dxHP_equip__pkgEER/NE-dxHP_equip-pkgEER-13.5-IEER/instance-out.sql,114.37,9114352.78,357.30,28473192.27
CZ12/EUn&0&cDXHP&Ex&dxHP_equip__pkgEER/NE-dxHP_equip-pkgEER-14-IEER/instance-out.sql,113.99,9083757.57,356.01,28371004.25
CZ12/EUn&0&cDXHP&Ex&dxHP_equip__pkgEER/NE-dxHP_equip-pkgEER-15-IEER/instance-out.sql,113.30,9028680.03,353.70,28187045.27
CZ12/EUn&0&cDXHP&Ex&dxHP_equip__pkgEER/NE-dxHP_equip-pkgEER-16-IEER/instance-out.sql,112.63,8975393.50,351.47,28009068.25
CZ12/EUn&0&cDXHP&Ex&dxHP_equip__pkgEER/NE-dxHP_equip-pkgSEER-15.4-SEER2/instance-out.sql,112.76,8986197.38,351.92,28045153.22
CZ12/EUn&0&cDXHP&Ex&dxHP_equip__pkgEER/NE-dxHP_equip-pkgSEER-16.3-SEER2/instance-out.sql,112.31,8950028.51,350.41,27924349.21
CZ12/EUn&0&cDXHP&Ex&dxHP_equip__pkgEER/NE-dxHP_equip-pkgSEER-14.4-SEER2-1Stage/instance-out.sql,113.22,9022416.68,353.44,28166125.68
CZ12/EUn&0&cDXHP&Ex&dxHP_equip__pkgEER/NE-dxHP_equip-pkgSEER-14.4-SEER2-2Stage/instance-out.sql,105.71,8424204.31,328.36,26167273.72
CZ12/EUn&0&cDXHP&Ex&dxHP_equip__pkgEER/NE-dxHP_equip-spltSEER-14.4-SEER2-8.7-HSPF/instance-out.sql,113.20,9020887.16,353.38,28161017.08
CZ12/EUn&0&cDXHP&Ex&dxHP_equip__pkgEER/NE-dxHP_equip-spltSEER-15.4-SEER2-9-HSPF/instance-out.sql,112.75,8984983.53,351.87,28041098.97
CZ12/EUn&0&cDXHP&Ex&dxHP_equip__pkgEER/NE-dxHP_equip-spltSEER-16.3-SEER2-9.4-HSPF/instance-out.sql,112.30,8949121.34,350.37,27921319.26
CZ12/EUn&0&cDXHP&Ex&dxHP_equip__pkgEER/NE-dxHP_equip-spltSEER-17.3-SEER2-9.7-HSPF/instance-out.sql,111.96,8922022.02,349.23,27830807.50
CZ12/EUn&0&cDXHP&Ex&dxHP_equip__pkgEER/NE-dxAC_equip-pkgEER-14.2-IEER-TE-0.81-VarFan/instance-out.sql,115.35,9192669.62,354.44,28245785.06
CZ12/EUn&0&cDXHP&Ex&dxHP_equip__pkgEER/NE-dxAC_equip-pkgEER-13.2-IEER-TE-0.81-VarFan/instance-out.sql,115.93,9238817.91,356.38,28399920.36
CZ12/EUn&0&cDXHP&Ex&dxHP_equip__pkgEER/NE-dxAC_equip-pkgEER-14.8-IEER-TE-0.81-VarFan/instance-out.sql,114.85,9152757.58,352.77,28112478.85
CZ12/EUn&0&cDXHP&Ex&dxHP_equip__pkgEER/NE-dxAC_equip-pkgSEER-13.4-SEER2-VarFan/instance-out.sql,115.65,9216589.41,355.44,28325677.18
CZ12/Gro&0&cDXHP&Ex&dxHP_equip__pkgEER/NE-dxAC_equip-pkgEER-14.2-IEER-TE-0.81/instance-out.sql,428.17,1988811.65,1332.26,6188164.10
CZ12/Gro&0&cDXHP&Ex&dxHP_equip__pkgEER/NE-dxAC_equip-pkgEER-13.2-IEER-TE-0.81/instance-out.sql,429.09,1993051.81,1335.31,6202326.22
CZ12/Gro&0&cDXHP&Ex&dxHP_equip__pkgEER/NE-dxAC_equip-pkgEER-14.8-IEER-TE-0.81/instance-out.sql,427.38,1985144.49,1329.62,6175915.79
CZ12/Gro&0&cDXHP&Ex&dxHP_equip__pkgEER/NE-dxAC_equip-pkgSEER-13.4-SEER2/instance-out.sql,428.65,1991009.43,1333.84,6195504.67
CZ12/Gro&0&cDXHP&Ex&dxHP_equip__pkgEER/NE-dxAC_equip-pkgEER-12.2-IEER-TE-0.80/instance-out.sql,430.28,1998602.05,1338.43,6216833.71
CZ12/Gro&0&cDXHP&Ex&dxHP_equip__pkgEER/NE-dxAC_equip-pkgEER-11.4-IEER-TE-0.80/instance-out.sql,431.84,2005838.92,1343.63,6241004.84
CZ12/Gro&0&cDXHP&Ex&dxHP_equip__pkgEER/NE-dxAC_equip-pkgEER-12.7-IEER-TE-0.80/instance-out.sql,430.34,1998884.27,1338.63,6217776.32
CZ12/Gro&0&cDXHP&Ex&dxHP_equip__pkgEER/NE-dxAC_equip-pkgSEER-12.35-SEER2/instance-out.sql,429.98,1997214.16,1337.43,6212198.15
CZ12/Gro&0&cDXHP&Ex&dxHP_equip__pkgEER/NE-dxHP_equip-pkgEER-14.5-IEER/instance-out.sql,407.43,1892449.15,1332.38,6188738.83
CZ12/Gro&0&cDXHP&Ex&dxHP_equip__pkgEER/NE-dxHP_equip-pkgEER-15.5-IEER/instance-out.sql,406.60,1888595.44,1329.61,6175867.45
CZ12/Gro&0&cDXHP&Ex&dxHP_equip__pkgEER/NE-dxHP_equip-pkgEER-13.5-IEER/instance-out.sql,408.27,1896356.73,1335.19,6201790.14
CZ12/Gro&0&cDXHP&Ex&dxHP_equip__pkgEER/NE-dxHP_equip-pkgEER-14-IEER/instance-out.sql,407.65,1893461.85,1333.11,6192121.26
CZ12/Gro&0&cDXHP&Ex&dxHP_equip__pkgEER/NE-dxHP_equip-pkgEER-15-IEER/instance-out.sql,406.12,1886390.39,1328.02,6168502.59
CZ12/Gro&0&cDXHP&Ex&dxHP_equip__pkgEER/NE-dxHP_equip-pkgEER-16-IEER/instance-out.sql,405.04,1881348.50,1324.40,6151662.67
CZ12/Gro&0&cDXHP&Ex&dxHP_equip__pkgEER/NE-dxHP_equip-pkgSEER-15.4-SEER2/instance-out.sql,404.73,1879918.56,1323.37,6146886.65
CZ12/Gro&0&cDXHP&Ex&dxHP_equip__pkgEER/NE-dxHP_equip-pkgSEER-16.3-SEER2/instance-out.sql,403.86,1875876.97,1320.47,6133387.76
CZ12/Gro&0&cDXHP&Ex&dxHP_equip__pkgEER/NE-dxHP_equip-pkgSEER-14.4-SEER2-1Stage/instance-out.sql,405.58,1883847.25,1326.20,6160008.48
CZ12/Gro&0&cDXHP&Ex&dxHP_equip__pkgEER/NE-dxHP_equip-pkgSEER-14.4-SEER2-2Stage/instance-out.sql,388.55,1804774.07,1269.34,5895903.97
CZ12/Gro&0&cDXHP&Ex&dxHP_equip__pkgEER/NE-dxHP_equip-spltSEER-14.4-SEER2-8.7-HSPF/instance-out.sql,405.38,1882922.12,1325.53,6156918.57
CZ12/Gro&0&cDXHP&Ex&dxHP_equip__pkgEER/NE-dxHP_equip-spltSEER-15.4-SEER2-9-HSPF/instance-out.sql,404.57,1879184.37,1322.84,6144434.46
CZ12/Gro&0&cDXHP&Ex&dxHP_equip__pkgEER/NE-dxHP_equip-spltSEER-16.3-SEER2-9.4-HSPF/instance-out.sql,403.74,1875328.28,1320.07,6131555.11
CZ12/Gro&0&cDXHP&Ex&dxHP_equip__pkgEER/NE-dxHP_equip-spltSEER-17.3-SEER2-9.7-HSPF/instance-out.sql,403.13,1872506.73,1318.04,6122131.14
CZ12/Gro&0&cDXHP&Ex&dxHP_equip__pkgEER/NE-dxAC_equip-pkgEER-14.2-IEER-TE-0.81-VarFan/instance-out.sql,428.16,1988751.77,1332.20,6187908.95
CZ12/Gro&0&cDXHP&Ex&dxHP_equip__pkgEER/NE-dxAC_equip-pkgEER-13.2-IEER-TE-0.81-VarFan/instance-out.sql,429.07,1992991.68,1335.25,6202070.26
CZ12/Gro&0&cDXHP&Ex&dxHP_equip__pkgEER/NE-dxAC_equip-pkgEER-14.8-IEER-TE-0.81-VarFan/instance-out.sql,427.37,1985084.81,1329.57,6175661.33
CZ12/Gro&0&cDXHP&Ex&dxHP_equip__pkgEER/NE-dxAC_equip-pkgSEER-13.4-SEER2-VarFan/instance-out.sql,428.63,1990949.42,1333.78,6195249.11
CZ12/Hsp&0&cDXHP&Ex&dxHP_equip__pkgEER/NE-dxAC_equip-pkgEER-14.2-IEER-TE-0.81/instance-out.sql,91.27,4189174.43,274.71,12609140.84
CZ12/Hsp&0&cDXHP&Ex&dxHP_equip__pkgEER/NE-dxAC_equip-pkgEER-13.2-IEER-TE-0.81/instance-out.sql,91.43,4196670.79,275.26,12634178.67
CZ12/Hsp&0&cDXHP&Ex&dxHP_equip__pkgEER/NE-dxAC_equip-pkgEER-14.8-IEER-TE-0.81/instance-out.sql,91.13,4182691.10,274.24,12587486.50
CZ12/Hsp&0&cDXHP&Ex&dxHP_equip__pkgEER/NE-dxAC_equip-pkgSEER-13.4-SEER2/instance-out.sql,91.35,4193059.98,275.00,12622118.56
CZ12/Hsp&0&cDXHP&Ex&dxHP_equip__pkgEER/NE-dxAC_equip-pkgEER-12.2-IEER-TE-0.80/instance-out.sql,91.59,4203726.37,275.75,12656940.60
CZ12/Hsp&0&cDXHP&Ex&dxHP_equip__pkgEER/NE-dxAC_equip-pkgEER-11.4-IEER-TE-0.80/instance-out.sql,91.86,4216520.75,276.69,12699673.82
CZ12/Hsp&0&cDXHP&Ex&dxHP_equip__pkgEER/NE-dxAC_equip-pkgEER-12.7-IEER-TE-0.80/instance-out.sql,91.60,4204225.32,275.79,12658607.08
CZ12/Hsp&0&cDXHP&Ex&dxHP_equip__pkgEER/NE-dxAC_equip-pkgSEER-12.35-SEER2/instance-out.sql,91.53,4201272.65,275.58,12648745.19
CZ12/Hsp&0&cDXHP&Ex&dxHP_equip__pkgEER/NE-dxHP_equip-pkgEER-14.5-IEER/instance-out.sql,91.00,4177052.15,275.16,12629737.60
CZ12/Hsp&0&cDXHP&Ex&dxHP_equip__pkgEER/NE-dxHP_equip-pkgEER-15.5-IEER/instance-out.sql,90.86,4170393.83,274.68,12607498.82
CZ12/Hsp&0&cDXHP&Ex&dxHP_equip__pkgEER/NE-dxHP_equip-pkgEER-13.5-IEER/instance-out.sql,91.15,4183803.55,275.65,12652287.28
CZ12/Hsp&0&cDXHP&Ex&dxHP_equip__pkgEER/NE-dxHP_equip-pkgEER-14-IEER/instance-out.sql,91.04,4178801.87,275.29,12635581.68
CZ12/Hsp&0&cDXHP&Ex&dxHP_equip__pkgEER/NE-dxHP_equip-pkgEER-15-IEER/instance-out.sql,90.85,4169911.86,274.64,12605889.04
CZ12/Hsp&0&cDXHP&Ex&dxHP_equip__pkgEER/NE-dxHP_equip-pkgEER-16-IEER/instance-out.sql,90.66,4161200.63,274.01,12576793.53
CZ12/Hsp&0&cDXHP&Ex&dxHP_equip__pkgEER/NE-dxHP_equip-pkgSEER-15.4-SEER2/instance-out.sql,90.70,4163117.14,274.15,12583194.68
CZ12/Hsp&0&cDXHP&Ex&dxHP_equip__pkgEER/NE-dxHP_equip-pkgSEER-16.3-SEER2/instance-out.sql,90.57,4157242.25,273.72,12563572.55
CZ12/Hsp&0&cDXHP&Ex&dxHP_equip__pkgEER/NE-dxHP_equip-pkgSEER-14.4-SEER2-1Stage/instance-out.sql,90.83,4169007.49,274.58,12602868.44
CZ12/Hsp&0&cDXHP&Ex&dxHP_equip__pkgEER/NE-dxHP_equip-pkgSEER-14.4-SEER2-2Stage/instance-out.sql,88.45,4059749.53,266.47,12230826.07
CZ12/Hsp&0&cDXHP&Ex&dxHP_equip__pkgEER/NE-dxHP_equip-spltSEER-14.4-SEER2-8.7-HSPF/instance-out.sql,90.83,4168805.28,274.56,12602193.06
CZ12/Hsp&0&cDXHP&Ex&dxHP_equip__pkgEER/NE-dxHP_equip-spltSEER-15.4-SEER2-9-HSPF/instance-out.sql,90.70,4162956.67,274.14,12582658.69
CZ12/Hsp&0&cDXHP&Ex&dxHP_equip__pkgEER/NE-dxHP_equip-spltSEER-16.3-SEER2-9.4-HSPF/instance-out.sql,90.57,4157122.32,273.71,12563171.98
CZ12/Hsp&0&cDXHP&Ex&dxHP_equip__pkgEER/NE-dxHP_equip-spltSEER-17.3-SEER2-9.7-HSPF/instance-out.sql,90.47,4152707.93,273.39,12548427.90
CZ12/MBT&0&cDXHP&Ex&dxHP_equip__pkgEER/NE-dxAC_equip-pkgEER-14.2-IEER-TE-0.81/instance-out.sql,185.80,6903788.48,423.27,15727017.03
CZ12/MBT&0&cDXHP&Ex&dxHP_equip__pkgEER/NE-dxAC_equip-pkgEER-13.2-IEER-TE-0.81/instance-out.sql,186.04,6912650.97,424.06,15756617.76
CZ12/MBT&0&cDXHP&Ex&dxHP_equip__pkgEER/NE-dxAC_equip-pkgEER-14.8-IEER-TE-0.81/instance-out.sql,185.60,6896123.62,422.58,15701416.40
CZ12/MBT&0&cDXHP&Ex&dxHP_equip__pkgEER/NE-dxAC_equip-pkgSEER-13.4-SEER2/instance-out.sql,185.93,6908382.13,423.68,15742359.82
CZ12/MBT&0&cDXHP&Ex&dxHP_equip__pkgEER/NE-dxAC_equip-pkgEER-12.2-IEER-TE-0.80/instance-out.sql,186.29,6921776.67,424.81,15784348.99
CZ12/MBT&0&cDXHP&Ex&dxHP_equip__pkgEER/NE-dxAC_equip-pkgEER-11.4-IEER-TE-0.80/instance-out.sql,186.69,6936902.70,426.17,15834869.92
CZ12/MBT&0&cDXHP&Ex&dxHP_equip__pkgEER/NE-dxAC_equip-pkgEER-12.7-IEER-TE-0.80/instance-out.sql,186.30,6922366.54,424.86,15786319.17
CZ12/MBT&0&cDXHP&Ex&dxHP_equip__pkgEER/NE-dxAC_equip-pkgSEER-12.35-SEER2/instance-out.sql,186.21,6918875.79,424.55,15774660.05
CZ12/MBT&0&cDXHP&Ex&dxHP_equip__pkgEER/NE-dxHP_equip-pkgEER-14.5-IEER/instance-out.sql,184.18,6843409.96,423.75,15744825.53
CZ12/MBT&0&cDXHP&Ex&dxHP_equip__pkgEER/NE-dxHP_equip-pkgEER-15.5-IEER/instance-out.sql,183.97,6835514.82,423.04,15718455.75
CZ12/MBT&0&cDXHP&Ex&dxHP_equip__pkgEER/NE-dxHP_equip-pkgEER-13.5-IEER/instance-out.sql,184.39,6851415.48,424.46,15771563.97
CZ12/MBT&0&cDXHP&Ex&dxHP_equip__pkgEER/NE-dxHP_equip-pkgEER-14-IEER/instance-out.sql,184.23,6845484.71,423.93,15751755.19
CZ12/MBT&0&cDXHP&Ex&dxHP_equip__pkgEER/NE-dxHP_equip-pkgEER-15-IEER/instance-out.sql,183.92,6833926.18,422.89,15713149.72
CZ12/MBT&0&cDXHP&Ex&dxHP_equip__pkgEER/NE-dxHP_equip-pkgEER-16-IEER/instance-out.sql,183.65,6823596.78,421.96,15678649.51
CZ12/MBT&0&cDXHP&Ex&dxHP_equip__pkgEER/NE-dxHP_equip-pkgSEER-15.4-SEER2/instance-out.sql,183.67,6824528.41,422.05,15681761.14
CZ12/MBT&0&cDXHP&Ex&dxHP_equip__pkgEER/NE-dxHP_equip-pkgSEER-16.3-SEER2/instance-out.sql,183.47,6817223.55,421.39,15657362.92
CZ12/MBT&0&cDXHP&Ex&dxHP_equip__pkgEER/NE-dxHP_equip-pkgSEER-14.4-SEER2-1Stage/instance-out.sql,183.87,6831787.25,422.70,15706005.67
CZ12/MBT&0&cDXHP&Ex&dxHP_equip__pkgEER/NE-dxHP_equip-pkgSEER-14.4-SEER2-2Stage/instance-out.sql,180.41,6703210.62,411.01,15271725.16
CZ12/MBT&0&cDXHP&Ex&dxHP_equip__pkgEER/NE-dxHP_equip-spltSEER-14.4-SEER2-8.7-HSPF/instance-out.sql,183.85,6831120.74,422.64,15703779.54
CZ12/MBT&0&cDXHP&Ex&dxHP_equip__pkgEER/NE-dxHP_equip-spltSEER-15.4-SEER2-9-HSPF/instance-out.sql,183.66,6823999.46,422.00,15679994.45
CZ12/MBT&0&cDXHP&Ex&dxHP_equip__pkgEER/NE-dxHP_equip-spltSEER-16.3-SEER2-9.4-HSPF/instance-out.sql,183.46,6816828.24,421.36,15656042.58
CZ12/MBT&0&cDXHP&Ex&dxHP_equip__pkgEER/NE-dxHP_equip-spltSEER-17.3-SEER2-9.7-HSPF/instance-out.sql,183.32,6811453.07,420.87,15638089.50
CZ12/MLI&0&cDXHP&Ex&dxHP_equip__pkgEER/NE-dxAC_equip-pkgEER-14.2-IEER-TE-0.81/instance-out.sql,136.94,1272403.96,415.01,3856091.16
CZ12/MLI&0&cDXHP&Ex&dxHP_equip__pkgEER/NE-dxAC_equip-pkgEER-13.2-IEER-TE-0.81/instance-out.sql,138.00,1282208.20,418.53,3888837.32
CZ12/MLI&0&cDXHP&Ex&dxHP_equip__pkgEER/NE-dxAC_equip-pkgEER-14.8-IEER-TE-0.81/instance-out.sql,136.03,1263924.62,411.96,3827770.15
CZ12/MLI&0&cDXHP&Ex&dxHP_equip__pkgEER/NE-dxAC_equip-pkgSEER-13.4-SEER2/instance-out.sql,137.49,1277485.74,416.83,3873064.30
CZ12/MLI&0&cDXHP&Ex&dxHP_equip__pkgEER/NE-dxAC_equip-pkgEER-12.2-IEER-TE-0.80/instance-out.sql,139.11,1292545.89,421.86,3919769.00
CZ12/MLI&0&cDXHP&Ex&dxHP_equip__pkgEER/NE-dxAC_equip-pkgEER-11.4-IEER-TE-0.80/instance-out.sql,140.91,1309279.24,427.88,3975658.38
CZ12/MLI&0&cDXHP&Ex&dxHP_equip__pkgEER/NE-dxAC_equip-pkgEER-12.7-IEER-TE-0.80/instance-out.sql,139.18,1293198.44,422.10,3921948.53
CZ12/MLI&0&cDXHP&Ex&dxHP_equip__pkgEER/NE-dxAC_equip-pkgSEER-12.35-SEER2/instance-out.sql,138.76,1289336.75,420.71,3909050.48
CZ12/MLI&0&cDXHP&Ex&dxHP_equip__pkgEER/NE-dxHP_equip-pkgEER-14.5-IEER/instance-out.sql,127.46,1184296.38,414.30,3849507.38
CZ12/MLI&0&cDXHP&Ex&dxHP_equip__pkgEER/NE-dxHP_equip-pkgEER-15.5-IEER/instance-out.sql,126.56,1175919.79,411.29,3821529.56
CZ12/MLI&0&cDXHP&Ex&dxHP_equip__pkgEER/NE-dxHP_equip-pkgEER-13.5-IEER/instance-out.sql,128.37,1192790.09,417.35,3877876.35
CZ12/MLI&0&cDXHP&Ex&dxHP_equip__pkgEER/NE-dxHP_equip-pkgEER-14-IEER/instance-out.sql,127.70,1186497.65,415.09,3856859.61
CZ12/MLI&0&cDXHP&Ex&dxHP_equip__pkgEER/NE-dxHP_equip-pkgEER-15-IEER/instance-out.sql,126.33,1173831.32,410.54,3814554.07
CZ12/MLI&0&cDXHP&Ex&dxHP_equip__pkgEER/NE-dxHP_equip-pkgEER-16-IEER/instance-out.sql,125.15,1162872.02,406.60,3777950.01
CZ12/MLI&0&cDXHP&Ex&dxHP_equip__pkgEER/NE-dxHP_equip-pkgSEER-15.4-SEER2/instance-out.sql,125.20,1163329.23,406.76,3779477.10
CZ12/MLI&0&cDXHP&Ex&dxHP_equip__pkgEER/NE-dxHP_equip-pkgSEER-16.3-SEER2/instance-out.sql,124.35,1155444.75,403.93,3753142.93
CZ12/MLI&0&cDXHP&Ex&dxHP_equip__pkgEER/NE-dxHP_equip-pkgSEER-14.4-SEER2-1Stage/instance-out.sql,126.04,1171139.40,409.57,3805563.07
CZ12/MLI&0&cDXHP&Ex&dxHP_equip__pkgEER/NE-dxHP_equip-pkgSEER-14.4-SEER2-2Stage/instance-out.sql,109.97,1021778.03,355.88,3306696.00
CZ12/MLI&0&cDXHP&Ex&dxHP_equip__pkgEER/NE-dxHP_equip-spltSEER-14.4-SEER2-8.7-HSPF/instance-out.sql,125.95,1170263.19,409.25,3802636.51
CZ12/MLI&0&cDXHP&Ex&dxHP_equip__pkgEER/NE-dxHP_equip-spltSEER-15.4-SEER2-9-HSPF/instance-out.sql,125.13,1162633.86,406.51,3777154.54
CZ12/MLI&0&cDXHP&Ex&dxHP_equip__pkgEER/NE-dxHP_equip-spltSEER-16.3-SEER2-9.4-HSPF/instance-out.sql,124.30,1154925.06,403.74,3751407.17
CZ12/MLI&0&cDXHP&Ex&dxHP_equip__pkgEER/NE-dxHP_equip-spltSEER-17.3-SEER2-9.7-HSPF/instance-out.sql,123.68,1149166.34,401.67,3732173.02
CZ12/Mtl&0&cDXHP&Ex&dxHP_equip__pkgEER/NE-dxAC_equip-pkgEER-14.2-IEER-TE-0.81/instance-out.sql,75.06,209114.12,226.66,631430.36
CZ12/Mtl&0&cDXHP&Ex&dxHP_equip__pkgEER/NE-dxAC_equip-pkgEER-13.2-IEER-TE-0.81/instance-out.sql,75.69,210854.59,228.75,637243.55
CZ12/Mtl&0&cDXHP&Ex&dxHP_equip__pkgEER/NE-dxAC_equip-pkgEER-14.8-IEER-TE-0.81/instance-out.sql,74.52,207608.84,224.85,626402.73
CZ12/Mtl&0&cDXHP&Ex&dxHP_equip__pkgEER/NE-dxAC_equip-pkgSEER-13.4-SEER2/instance-out.sql,75.39,210016.25,227.74,634443.48
CZ12/Mtl&0&cDXHP&Ex&dxHP_equip__pkgEER/NE-dxAC_equip-pkgEER-12.2-IEER-TE-0.80/instance-out.sql,76.34,212669.61,230.71,642713.53
CZ12/Mtl&0&cDXHP&Ex&dxHP_equip__pkgEER/NE-dxAC_equip-pkgEER-11.4-IEER-TE-0.80/instance-out.sql,77.41,215640.17,234.27,652635.18
CZ12/Mtl&0&cDXHP&Ex&dxHP_equip__pkgEER/NE-dxAC_equip-pkgEER-12.7-IEER-TE-0.80/instance-out.sql,76.38,212785.46,230.85,643100.45
CZ12/Mtl&0&cDXHP&Ex&dxHP_equip__pkgEER/NE-dxAC_equip-pkgSEER-12.35-SEER2/instance-out.sql,76.14,212099.92,230.03,640810.75
CZ12/Mtl&0&cDXHP&Ex&dxHP_equip__pkgEER/NE-dxHP_equip-pkgEER-14.5-IEER/instance-out.sql,69.92,194792.16,226.49,630969.99
CZ12/Mtl&0&cDXHP&Ex&dxHP_equip__pkgEER/NE-dxHP_equip-pkgEER-15.5-IEER/instance-out.sql,69.38,193293.23,224.70,625963.57
CZ12/Mtl&0&cDXHP&Ex&dxHP_equip__pkgEER/NE-dxHP_equip-pkgEER-13.5-IEER/instance-out.sql,70.47,196312.04,228.32,636046.40
CZ12/Mtl&0&cDXHP&Ex&dxHP_equip__pkgEER/NE-dxHP_equip-pkgEER-14-IEER/instance-out.sql,70.06,195186.06,226.97,632285.61
CZ12/Mtl&0&cDXHP&Ex&dxHP_equip__pkgEER/NE-dxHP_equip-pkgEER-15-IEER/instance-out.sql,69.26,192947.69,224.28,624809.47
CZ12/Mtl&0&cDXHP&Ex&dxHP_equip__pkgEER/NE-dxHP_equip-pkgEER-16-IEER/instance-out.sql,68.56,190986.61,221.93,618259.45
CZ12/Mtl&0&cDXHP&Ex&dxHP_equip__pkgEER/NE-dxHP_equip-pkgSEER-15.4-SEER2/instance-out.sql,68.60,191105.57,222.07,618656.79
CZ12/Mtl&0&cDXHP&Ex&dxHP_equip__pkgEER/NE-dxHP_equip-pkgSEER-16.3-SEER2/instance-out.sql,68.10,189704.09,220.39,613975.83
CZ12/Mtl&0&cDXHP&Ex&dxHP_equip__pkgEER/NE-dxHP_equip-pkgSEER-14.4-SEER2-1Stage/instance-out.sql,69.10,192495.54,223.74,623299.29
CZ12/Mtl&0&cDXHP&Ex&dxHP_equip__pkgEER/NE-dxHP_equip-pkgSEER-14.4-SEER2-2Stage/instance-out.sql,60.85,169527.06,196.18,546524.14
CZ12/Mtl&0&cDXHP&Ex&dxHP_equip__pkgEER/NE-dxHP_equip-spltSEER-14.4-SEER2-8.7-HSPF/instance-out.sql,69.05,192350.57,223.57,622815.10
CZ12/Mtl&0&cDXHP&Ex&dxHP_equip__pkgEER/NE-dxHP_equip-spltSEER-15.4-SEER2-9-HSPF/instance-out.sql,68.56,190990.52,221.94,618272.52
CZ12/Mtl&0&cDXHP&Ex&dxHP_equip__pkgEER/NE-dxHP_equip-spltSEER-16.3-SEER2-9.4-HSPF/instance-out.sql,68.07,189618.10,220.29,613688.65
CZ12/Mtl&0&cDXHP&Ex&dxHP_equip__pkgEER/NE-dxHP_equip-spltSEER-17.3-SEER2-9.7-HSPF/instance-out.sql,67.70,188591.52,219.06,610259.87
CZ12/Nrs&0&cDXHP&Ex&dxHP_equip__pkgEER/NE-dxAC_equip-pkgEER-14.2-IEER-TE-0.81/instance-out.sql,103.77,1070089.49,289.75,2987920.94
CZ12/Nrs&0&cDXHP&Ex&dxHP_equip__pkgEER/NE-dxAC_equip-pkgEER-13.2-IEER-TE-0.81/instance-out.sql,104.08,1073273.18,290.78,2998554.45
CZ12/Nrs&0&cDXHP&Ex&dxHP_equip__pkgEER/NE-dxAC_equip-pkgEER-14.8-IEER-TE-0.81/instance-out.sql,103.50,1067336.03,288.86,2978724.38
CZ12/Nrs&0&cDXHP&Ex&dxHP_equip__pkgEER/NE-dxAC_equip-pkgSEER-13.4-SEER2/instance-out.sql,103.93,1071739.67,290.28,2993432.55
CZ12/Nrs&0&cDXHP&Ex&dxHP_equip__pkgEER/NE-dxAC_equip-pkgEER-12.2-IEER-TE-0.80/instance-out.sql,104.38,1076402.06,291.73,3008360.01
CZ12/Nrs&0&cDXHP&Ex&dxHP_equip__pkgEER/NE-dxAC_equip-pkgEER-11.4-IEER-TE-0.80/instance-out.sql,104.91,1081835.80,293.49,3026508.72
CZ12/Nrs&0&cDXHP&Ex&dxHP_equip__pkgEER/NE-dxAC_equip-pkgEER-12.7-IEER-TE-0.80/instance-out.sql,104.40,1076613.96,291.80,3009067.76
CZ12/Nrs&0&cDXHP&Ex&dxHP_equip__pkgEER/NE-dxAC_equip-pkgSEER-12.35-SEER2/instance-out.sql,104.28,1075359.97,291.39,3004879.43
CZ12/Nrs&0&cDXHP&Ex&dxHP_equip__pkgEER/NE-dxHP_equip-pkgEER-14.5-IEER/instance-out.sql,102.33,1055263.56,289.84,2988899.59
CZ12/Nrs&0&cDXHP&Ex&dxHP_equip__pkgEER/NE-dxHP_equip-pkgEER-15.5-IEER/instance-out.sql,102.07,1052533.05,288.96,2979779.71
CZ12/Nrs&0&cDXHP&Ex&dxHP_equip__pkgEER/NE-dxHP_equip-pkgEER-13.5-IEER/instance-out.sql,102.60,1058032.23,290.74,2998146.97
CZ12/Nrs&0&cDXHP&Ex&dxHP_equip__pkgEER/NE-dxHP_equip-pkgEER-14-IEER/instance-out.sql,102.40,1055981.10,290.08,2991296.19
CZ12/Nrs&0&cDXHP&Ex&dxHP_equip__pkgEER/NE-dxHP_equip-pkgEER-15-IEER/instance-out.sql,102.03,1052154.25,288.84,2978514.50
CZ12/Nrs&0&cDXHP&Ex&dxHP_equip__pkgEER/NE-dxHP_equip-pkgEER-16-IEER/instance-out.sql,101.68,1048581.87,287.68,2966582.75
CZ12/Nrs&0&cDXHP&Ex&dxHP_equip__pkgEER/NE-dxHP_equip-pkgSEER-15.4-SEER2/instance-out.sql,101.74,1049128.99,287.86,2968410.14
CZ12/Nrs&0&cDXHP&Ex&dxHP_equip__pkgEER/NE-dxHP_equip-pkgSEER-16.3-SEER2/instance-out.sql,101.50,1046659.45,287.06,2960161.86
CZ12/Nrs&0&cDXHP&Ex&dxHP_equip__pkgEER/NE-dxHP_equip-pkgSEER-14.4-SEER2-1Stage/instance-out.sql,101.98,1051593.42,288.65,2976641.32
CZ12/Nrs&0&cDXHP&Ex&dxHP_equip__pkgEER/NE-dxHP_equip-pkgSEER-14.4-SEER2-2Stage/instance-out.sql,97.99,1010514.38,275.08,2836642.43
CZ12/Nrs&0&cDXHP&Ex&dxHP_equip__pkgEER/NE-dxHP_equip-spltSEER-14.4-SEER2-8.7-HSPF/instance-out.sql,101.96,1051434.49,288.60,2976110.51
CZ12/Nrs&0&cDXHP&Ex&dxHP_equip__pkgEER/NE-dxHP_equip-spltSEER-15.4-SEER2-9-HSPF/instance-out.sql,101.73,1049002.86,287.82,2967988.88
CZ12/Nrs&0&cDXHP&Ex&dxHP_equip__pkgEER/NE-dxHP_equip-spltSEER-16.3-SEER2-9.4-HSPF/instance-out.sql,101.49,1046565.18,287.03,2959847.03
CZ12/Nrs&0&cDXHP&Ex&dxHP_equip__pkgEER/NE-dxHP_equip-spltSEER-17.3-SEER2-9.7-HSPF/instance-out.sql,101.31,1044729.82,286.43,2953716.90
CZ12/OfL&0&cDXHP&Ex&dxHP_equip__pkgEER/NE-dxAC_equip-pkgEER-14.2-IEER-TE-0.81/instance-out.sql,91.71,2981284.30,293.24,9532723.51
CZ12/OfL&0&cDXHP&Ex&dxHP_equip__pkgEER/NE-dxAC_equip-pkgEER-13.2-IEER-TE-0.81/instance-out.sql,92.37,3002956.86,295.46,9605109.85
CZ12/OfL&0&cDXHP&Ex&dxHP_equip__pkgEER/NE-dxAC_equip-pkgEER-14.8-IEER-TE-0.81/instance-out.sql,91.13,2962540.47,291.31,9470119.11
CZ12/OfL&0&cDXHP&Ex&dxHP_equip__pkgEER/NE-dxAC_equip-pkgSEER-13.4-SEER2/instance-out.sql,92.05,2992517.72,294.39,9570243.13
CZ12/OfL&0&cDXHP&Ex&dxHP_equip__pkgEER/NE-dxAC_equip-pkgEER-12.2-IEER-TE-0.80/instance-out.sql,92.99,3022863.87,297.47,9670402.06
CZ12/OfL&0&cDXHP&Ex&dxHP_equip__pkgEER/NE-dxAC_equip-pkgEER-11.4-IEER-TE-0.80/instance-out.sql,94.12,3059853.42,301.27,9793947.16
CZ12/OfL&0&cDXHP&Ex&dxHP_equip__pkgEER/NE-dxAC_equip-pkgEER-12.7-IEER-TE-0.80/instance-out.sql,93.03,3024306.36,297.62,9675219.98
CZ12/OfL&0&cDXHP&Ex&dxHP_equip__pkgEER/NE-dxAC_equip-pkgSEER-12.35-SEER2/instance-out.sql,92.77,3015769.98,296.74,9646708.48
CZ12/OfL&0&cDXHP&Ex&dxHP_equip__pkgEER/NE-dxHP_equip-pkgEER-14.5-IEER/instance-out.sql,91.15,2963051.88,294.31,9567584.01
CZ12/OfL&0&cDXHP&Ex&dxHP_equip__pkgEER/NE-dxHP_equip-pkgEER-15.5-IEER/instance-out.sql,90.56,2944082.93,292.36,9504227.74
CZ12/OfL&0&cDXHP&Ex&dxHP_equip__pkgEER/NE-dxHP_equip-pkgEER-13.5-IEER/instance-out.sql,91.74,2982286.01,296.29,9631826.02
CZ12/OfL&0&cDXHP&Ex&dxHP_equip__pkgEER/NE-dxHP_equip-pkgEER-14-IEER/instance-out.sql,91.30,2968036.68,294.82,9584233.26
CZ12/OfL&0&cDXHP&Ex&dxHP_equip__pkgEER/NE-dxHP_equip-pkgEER-15-IEER/instance-out.sql,90.54,2943354.09,292.29,9501793.39
CZ12/OfL&0&cDXHP&Ex&dxHP_equip__pkgEER/NE-dxHP_equip-pkgEER-16-IEER/instance-out.sql,89.78,2918536.57,289.74,9418902.87
CZ12/OfL&0&cDXHP&Ex&dxHP_equip__pkgEER/NE-dxHP_equip-pkgSEER-15.4-SEER2/instance-out.sql,89.97,2924845.86,290.38,9439975.90
CZ12/OfL&0&cDXHP&Ex&dxHP_equip__pkgEER/NE-dxHP_equip-pkgSEER-16.3-SEER2/instance-out.sql,89.46,2908323.33,288.69,9384790.66
CZ12/OfL&0&cDXHP&Ex&dxHP_equip__pkgEER/NE-dxHP_equip-pkgSEER-14.4-SEER2-1Stage/instance-out.sql,90.48,2941453.17,292.09,9495444.34
CZ12/OfL&0&cDXHP&Ex&dxHP_equip__pkgEER/NE-dxHP_equip-pkgSEER-14.4-SEER2-2Stage/instance-out.sql,81.91,2662719.17,263.47,8565200.29
CZ12/OfL&0&cDXHP&Ex&dxHP_equip__pkgEER/NE-dxHP_equip-spltSEER-14.4-SEER2-8.7-HSPF/instance-out.sql,90.47,2941147.39,292.06,9494423.01
CZ12/OfL&0&cDXHP&Ex&dxHP_equip__pkgEER/NE-dxHP_equip-spltSEER-15.4-SEER2-9-HSPF/instance-out.sql,89.96,2924603.18,290.36,9439165.36
CZ12/OfL&0&cDXHP&Ex&dxHP_equip__pkgEER/NE-dxHP_equip-spltSEER-16.3-SEER2-9.4-HSPF/instance-out.sql,89.46,2908141.97,288.67,9384184.90
CZ12/OfL&0&cDXHP&Ex&dxHP_equip__pkgEER/NE-dxHP_equip-spltSEER-17.3-SEER2-9.7-HSPF/instance-out.sql,89.07,2895654.92,287.38,9342478.18
CZ12/OfL&0&cDXHP&Ex&dxHP_equip__pkgEER/NE-dxAC_equip-pkgEER-14.2-IEER-TE-0.81-VarFan/instance-out.sql,91.70,2980997.93,293.20,9531622.22
CZ12/OfL&0&cDXHP&Ex&dxHP_equip__pkgEER/NE-dxAC_equip-pkgEER-13.2-IEER-TE-0.81-VarFan/instance-out.sql,92.37,3002669.24,295.43,9604004.41
CZ12/OfL&0&cDXHP&Ex&dxHP_equip__pkgEER/NE-dxAC_equip-pkgEER-14.8-IEER-TE-0.81-VarFan/instance-out.sql,91.12,2962255.17,291.28,9469021.41
CZ12/OfL&0&cDXHP&Ex&dxHP_equip__pkgEER/NE-dxAC_equip-pkgSEER-13.4-SEER2-VarFan/instance-out.sql,92.04,2992230.70,294.36,9569139.69
CZ12/OfS&0&cDXHP&Ex&dxHP_equip__pkgEER/NE-dxAC_equip-pkgEER-14.2-IEER-TE-0.81/instance-out.sql,95.59,177644.88,284.39,528533.31
CZ12/OfS&0&cDXHP&Ex&dxHP_equip__pkgEER/NE-dxAC_equip-pkgEER-13.2-IEER-TE-0.81/instance-out.sql,96.45,179248.63,287.27,533889.84
CZ12/OfS&0&cDXHP&Ex&dxHP_equip__pkgEER/NE-dxAC_equip-pkgEER-14.8-IEER-TE-0.81/instance-out.sql,94.84,176257.85,281.90,523900.63
CZ12/OfS&0&cDXHP&Ex&dxHP_equip__pkgEER/NE-dxAC_equip-pkgSEER-13.4-SEER2/instance-out.sql,96.03,178476.15,285.88,531309.73
CZ12/OfS&0&cDXHP&Ex&dxHP_equip__pkgEER/NE-dxAC_equip-pkgEER-12.2-IEER-TE-0.80/instance-out.sql,97.27,180771.74,289.90,538773.77
CZ12/OfS&0&cDXHP&Ex&dxHP_equip__pkgEER/NE-dxAC_equip-pkgEER-11.4-IEER-TE-0.80/instance-out.sql,98.74,183508.94,294.82,547916.02
CZ12/OfS&0&cDXHP&Ex&dxHP_equip__pkgEER/NE-dxAC_equip-pkgEER-12.7-IEER-TE-0.80/instance-out.sql,97.33,180878.49,290.09,539130.30
CZ12/OfS&0&cDXHP&Ex&dxHP_equip__pkgEER/NE-dxAC_equip-pkgSEER-12.35-SEER2/instance-out.sql,96.99,180246.80,288.96,537020.47
CZ12/OfS&0&cDXHP&Ex&dxHP_equip__pkgEER/NE-dxHP_equip-pkgEER-14.5-IEER/instance-out.sql,93.11,173046.77,284.87,529435.82
CZ12/OfS&0&cDXHP&Ex&dxHP_equip__pkgEER/NE-dxHP_equip-pkgEER-15.5-IEER/instance-out.sql,92.37,171659.76,282.38,524803.18
CZ12/OfS&0&cDXHP&Ex&dxHP_equip__pkgEER/NE-dxHP_equip-pkgEER-13.5-IEER/instance-out.sql,93.87,174453.18,287.40,534133.22
CZ12/OfS&0&cDXHP&Ex&dxHP_equip__pkgEER/NE-dxHP_equip-pkgEER-14-IEER/instance-out.sql,93.31,173411.26,285.53,530653.21
CZ12/OfS&0&cDXHP&Ex&dxHP_equip__pkgEER/NE-dxHP_equip-pkgEER-15-IEER/instance-out.sql,92.30,171538.70,282.16,524398.86
CZ12/OfS&0&cDXHP&Ex&dxHP_equip__pkgEER/NE-dxHP_equip-pkgEER-16-IEER/instance-out.sql,91.32,169724.04,278.90,518337.87
CZ12/OfS&0&cDXHP&Ex&dxHP_equip__pkgEER/NE-dxHP_equip-pkgSEER-15.4-SEER2/instance-out.sql,91.52,170096.04,279.57,519580.38
CZ12/OfS&0&cDXHP&Ex&dxHP_equip__pkgEER/NE-dxHP_equip-pkgSEER-16.3-SEER2/instance-out.sql,90.86,168865.35,277.36,515469.86
CZ12/OfS&0&cDXHP&Ex&dxHP_equip__pkgEER/NE-dxHP_equip-pkgSEER-14.4-SEER2-1Stage/instance-out.sql,92.19,171328.65,281.79,523697.29
CZ12/OfS&0&cDXHP&Ex&dxHP_equip__pkgEER/NE-dxHP_equip-pkgSEER-14.4-SEER2-2Stage/instance-out.sql,81.47,151406.10,245.98,457155.96
CZ12/OfS&0&cDXHP&Ex&dxHP_equip__pkgEER/NE-dxHP_equip-spltSEER-14.4-SEER2-8.7-HSPF/instance-out.sql,92.16,171277.86,281.70,523527.66
CZ12/OfS&0&cDXHP&Ex&dxHP_equip__pkgEER/NE-dxHP_equip-spltSEER-15.4-SEER2-9-HSPF/instance-out.sql,91.50,170055.74,279.50,519445.76
CZ12/OfS&0&cDXHP&Ex&dxHP_equip__pkgEER/NE-dxHP_equip-spltSEER-16.3-SEER2-9.4-HSPF/instance-out.sql,90.85,168835.23,277.31,515369.25
CZ12/OfS&0&cDXHP&Ex&dxHP_equip__pkgEER/NE-dxHP_equip-spltSEER-17.3-SEER2-9.7-HSPF/instance-out.sql,90.35,167912.79,275.65,512288.32
CZ12/OfS&0&cDXHP&Ex&dxHP_equip__pkgEER/NE-dxAC_equip-pkgEER-14.2-IEER-TE-0.81-VarFan/instance-out.sql,95.57,177624.11,284.35,528457.05
CZ12/OfS&0&cDXHP&Ex&dxHP_equip__pkgEER/NE-dxAC_equip-pkgEER-13.2-IEER-TE-0.81-VarFan/instance-out.sql,96.44,179227.78,287.23,533813.29
CZ12/OfS&0&cDXHP&Ex&dxHP_equip__pkgEER/NE-dxAC_equip-pkgEER-14.8-IEER-TE-0.81-VarFan/instance-out.sql,94.83,176237.16,281.85,523824.62
CZ12/OfS&0&cDXHP&Ex&dxHP_equip__pkgEER/NE-dxAC_equip-pkgSEER-13.4-SEER2-VarFan/instance-out.sql,96.02,178455.33,285.84,531233.32
CZ12/RFF&0&cDXHP&Ex&dxHP_equip__pkgEER/NE-dxAC_equip-pkgEER-14.2-IEER-TE-0.81/instance-out.sql,322.50,119732.84,777.07,288495.25
CZ12/RFF&0&cDXHP&Ex&dxHP_equip__pkgEER/NE-dxAC_equip-pkgEER-13.2-IEER-TE-0.81/instance-out.sql,323.72,120184.04,781.13,290002.26
CZ12/RFF&0&cDXHP&Ex&dxHP_equip__pkgEER/NE-dxAC_equip-pkgEER-14.8-IEER-TE-0.81/instance-out.sql,321.45,119342.61,773.56,287191.88
CZ12/RFF&0&cDXHP&Ex&dxHP_equip__pkgEER/NE-dxAC_equip-pkgSEER-13.4-SEER2/instance-out.sql,323.13,119966.71,779.18,289276.37
CZ12/RFF&0&cDXHP&Ex&dxHP_equip__pkgEER/NE-dxAC_equip-pkgEER-12.2-IEER-TE-0.80/instance-out.sql,324.96,120643.02,784.92,291408.21
CZ12/RFF&0&cDXHP&Ex&dxHP_equip__pkgEER/NE-dxAC_equip-pkgEER-11.4-IEER-TE-0.80/instance-out.sql,327.03,121413.11,791.85,293980.31
CZ12/RFF&0&cDXHP&Ex&dxHP_equip__pkgEER/NE-dxAC_equip-pkgEER-12.7-IEER-TE-0.80/instance-out.sql,325.04,120673.06,785.19,291508.52
CZ12/RFF&0&cDXHP&Ex&dxHP_equip__pkgEER/NE-dxAC_equip-pkgSEER-12.35-SEER2/instance-out.sql,324.56,120495.34,783.59,290914.94
CZ12/RFF&0&cDXHP&Ex&dxHP_equip__pkgEER/NE-dxHP_equip-pkgEER-14.5-IEER/instance-out.sql,314.43,116735.46,777.48,288647.75
CZ12/RFF&0&cDXHP&Ex&dxHP_equip__pkgEER/NE-dxHP_equip-pkgEER-15.5-IEER/instance-out.sql,313.38,116345.15,773.97,287344.12
CZ12/RFF&0&cDXHP&Ex&dxHP_equip__pkgEER/NE-dxHP_equip-pkgEER-13.5-IEER/instance-out.sql,315.50,117131.22,781.04,289969.61
CZ12/RFF&0&cDXHP&Ex&dxHP_equip__pkgEER/NE-dxHP_equip-pkgEER-14-IEER/instance-out.sql,314.71,116838.03,778.41,288990.33
CZ12/RFF&0&cDXHP&Ex&dxHP_equip__pkgEER/NE-dxHP_equip-pkgEER-15-IEER/instance-out.sql,313.18,116270.00,773.30,287093.11
CZ12/RFF&0&cDXHP&Ex&dxHP_equip__pkgEER/NE-dxHP_equip-pkgEER-16-IEER/instance-out.sql,311.80,115759.35,768.70,285387.54
CZ12/RFF&0&cDXHP&Ex&dxHP_equip__pkgEER/NE-dxHP_equip-pkgSEER-15.4-SEER2/instance-out.sql,311.94,115809.86,769.16,285556.27
CZ12/RFF&0&cDXHP&Ex&dxHP_equip__pkgEER/NE-dxHP_equip-pkgSEER-16.3-SEER2/instance-out.sql,310.97,115449.86,765.92,284353.87
CZ12/RFF&0&cDXHP&Ex&dxHP_equip__pkgEER/NE-dxHP_equip-pkgSEER-14.4-SEER2-1Stage/instance-out.sql,312.90,116167.80,772.38,286751.78
CZ12/RFF&0&cDXHP&Ex&dxHP_equip__pkgEER/NE-dxHP_equip-pkgSEER-14.4-SEER2-2Stage/instance-out.sql,297.62,110492.62,721.31,267792.99
CZ12/RFF&0&cDXHP&Ex&dxHP_equip__pkgEER/NE-dxHP_equip-spltSEER-14.4-SEER2-8.7-HSPF/instance-out.sql,312.82,116136.27,772.09,286646.47
CZ12/RFF&0&cDXHP&Ex&dxHP_equip__pkgEER/NE-dxHP_equip-spltSEER-15.4-SEER2-9-HSPF/instance-out.sql,311.87,115784.84,768.93,285472.69
CZ12/RFF&0&cDXHP&Ex&dxHP_equip__pkgEER/NE-dxHP_equip-spltSEER-16.3-SEER2-9.4-HSPF/instance-out.sql,310.92,115431.16,765.75,284291.41
CZ12/RFF&0&cDXHP&Ex&dxHP_equip__pkgEER/NE-dxHP_equip-spltSEER-17.3-SEER2-9.7-HSPF/instance-out.sql,310.20,115165.90,763.36,283405.44
CZ12/RSD&0&cDXHP&Ex&dxHP_equip__pkgEER/NE-dxAC_equip-pkgEER-14.2-IEER-TE-0.81/instance-out.sql,269.54,280582.20,593.60,617930.62
CZ12/RSD&0&cDXHP&Ex&dxHP_equip__pkgEER/NE-dxAC_equip-pkgEER-13.2-IEER-TE-0.81/instance-out.sql,269.74,280798.79,594.30,618654.03
CZ12/RSD&0&cDXHP&Ex&dxHP_equip__pkgEER/NE-dxAC_equip-pkgEER-14.8-IEER-TE-0.81/instance-out.sql,269.36,280394.88,593.00,617304.97
CZ12/RSD&0&cDXHP&Ex&dxHP_equip__pkgEER/NE-dxAC_equip-pkgSEER-13.4-SEER2/instance-out.sql,269.64,280694.47,593.96,618305.58
CZ12/RSD&0&cDXHP&Ex&dxHP_equip__pkgEER/NE-dxAC_equip-pkgEER-12.2-IEER-TE-0.80/instance-out.sql,269.96,281021.40,594.95,619331.32
CZ12/RSD&0&cDXHP&Ex&dxHP_equip__pkgEER/NE-dxAC_equip-pkgEER-11.4-IEER-TE-0.80/instance-out.sql,270.31,281391.06,596.13,620566.00
CZ12/RSD&0&cDXHP&Ex&dxHP_equip__pkgEER/NE-dxAC_equip-pkgEER-12.7-IEER-TE-0.80/instance-out.sql,269.97,281035.82,594.99,619379.47
CZ12/RSD&0&cDXHP&Ex&dxHP_equip__pkgEER/NE-dxAC_equip-pkgSEER-12.35-SEER2/instance-out.sql,269.89,280950.50,594.72,619094.53
CZ12/RSD&0&cDXHP&Ex&dxHP_equip__pkgEER/NE-dxHP_equip-pkgEER-14.5-IEER/instance-out.sql,267.99,278969.35,593.51,617834.71
CZ12/RSD&0&cDXHP&Ex&dxHP_equip__pkgEER/NE-dxHP_equip-pkgEER-15.5-IEER/instance-out.sql,267.81,278784.10,592.92,617215.98
CZ12/RSD&0&cDXHP&Ex&dxHP_equip__pkgEER/NE-dxHP_equip-pkgEER-13.5-IEER/instance-out.sql,268.17,279157.19,594.11,618462.10
CZ12/RSD&0&cDXHP&Ex&dxHP_equip__pkgEER/NE-dxHP_equip-pkgEER-14-IEER/instance-out.sql,268.03,279018.03,593.67,617997.31
CZ12/RSD&0&cDXHP&Ex&dxHP_equip__pkgEER/NE-dxHP_equip-pkgEER-15-IEER/instance-out.sql,267.77,278744.96,592.79,617085.23
CZ12/RSD&0&cDXHP&Ex&dxHP_equip__pkgEER/NE-dxHP_equip-pkgEER-16-IEER/instance-out.sql,267.54,278502.59,592.01,616275.73
CZ12/RSD&0&cDXHP&Ex&dxHP_equip__pkgEER/NE-dxHP_equip-pkgSEER-15.4-SEER2/instance-out.sql,267.56,278521.98,592.07,616340.51
CZ12/RSD&0&cDXHP&Ex&dxHP_equip__pkgEER/NE-dxHP_equip-pkgSEER-16.3-SEER2/instance-out.sql,267.39,278349.96,591.52,615765.95
CZ12/RSD&0&cDXHP&Ex&dxHP_equip__pkgEER/NE-dxHP_equip-pkgSEER-14.4-SEER2-1Stage/instance-out.sql,267.72,278692.81,592.62,616911.06
CZ12/RSD&0&cDXHP&Ex&dxHP_equip__pkgEER/NE-dxHP_equip-pkgSEER-14.4-SEER2-2Stage/instance-out.sql,264.79,275638.70,582.75,606631.91
CZ12/RSD&0&cDXHP&Ex&dxHP_equip__pkgEER/NE-dxHP_equip-spltSEER-14.4-SEER2-8.7-HSPF/instance-out.sql,267.70,278676.39,592.57,616856.21
CZ12/RSD&0&cDXHP&Ex&dxHP_equip__pkgEER/NE-dxHP_equip-spltSEER-15.4-SEER2-9-HSPF/instance-out.sql,267.54,278508.95,592.03,616296.98
CZ12/RSD&0&cDXHP&Ex&dxHP_equip__pkgEER/NE-dxHP_equip-spltSEER-16.3-SEER2-9.4-HSPF/instance-out.sql,267.38,278340.22,591.49,615733.42
CZ12/RSD&0&cDXHP&Ex&dxHP_equip__pkgEER/NE-dxHP_equip-spltSEER-17.3-SEER2-9.7-HSPF/instance-out.sql,267.26,278213.84,591.09,615311.31
CZ12/Rt3&0&cDXHP&Ex&dxHP_equip__pkgEER/NE-dxAC_equip-pkgEER-14.2-IEER-TE-0.81/instance-out.sql,106.35,2371165.14,331.23,7385280.63
CZ12/Rt3&0&cDXHP&Ex&dxHP_equip__pkgEER/NE-dxAC_equip-pkgEER-13.2-IEER-TE-0.81/instance-out.sql,107.10,2387996.27,333.75,7441496.61
CZ12/Rt3&0&cDXHP&Ex&dxHP_equip__pkgEER/NE-dxAC_equip-pkgEER-14.8-IEER-TE-0.81/instance-out.sql,105.69,2356608.48,329.05,7336661.40
CZ12/Rt3&0&cDXHP&Ex&dxHP_equip__pkgEER/NE-dxAC_equip-pkgSEER-13.4-SEER2/instance-out.sql,106.74,2379889.13,332.53,7414418.76
CZ12/Rt3&0&cDXHP&Ex&dxHP_equip__pkgEER/NE-dxAC_equip-pkgEER-12.2-IEER-TE-0.80/instance-out.sql,107.81,2403883.28,336.04,7492650.31
CZ12/Rt3&0&cDXHP&Ex&dxHP_equip__pkgEER/NE-dxAC_equip-pkgEER-11.4-IEER-TE-0.80/instance-out.sql,109.10,2432609.75,340.35,7588596.72
CZ12/Rt3&0&cDXHP&Ex&dxHP_equip__pkgEER/NE-dxAC_equip-pkgEER-12.7-IEER-TE-0.80/instance-out.sql,107.86,2405003.53,336.21,7496391.95
CZ12/Rt3&0&cDXHP&Ex&dxHP_equip__pkgEER/NE-dxAC_equip-pkgSEER-12.35-SEER2/instance-out.sql,107.57,2398374.10,335.22,7474249.63
CZ12/Rt3&0&cDXHP&Ex&dxHP_equip__pkgEER/NE-dxHP_equip-pkgEER-14.5-IEER/instance-out.sql,105.11,2343509.28,333.93,7445623.32
CZ12/Rt3&0&cDXHP&Ex&dxHP_equip__pkgEER/NE-dxHP_equip-pkgEER-15.5-IEER/instance-out.sql,104.42,2328310.36,331.66,7394858.92
CZ12/Rt3&0&cDXHP&Ex&dxHP_equip__pkgEER/NE-dxHP_equip-pkgEER-13.5-IEER/instance-out.sql,105.80,2358920.69,336.24,7497097.43
CZ12/Rt3&0&cDXHP&Ex&dxHP_equip__pkgEER/NE-dxHP_equip-pkgEER-14-IEER/instance-out.sql,105.28,2347503.37,334.53,7458963.59
CZ12/Rt3&0&cDXHP&Ex&dxHP_equip__pkgEER/NE-dxHP_equip-pkgEER-15-IEER/instance-out.sql,104.37,2327173.84,331.49,7391062.94
CZ12/Rt3&0&cDXHP&Ex&dxHP_equip__pkgEER/NE-dxHP_equip-pkgEER-16-IEER/instance-out.sql,103.48,2307288.72,328.51,7324646.66
CZ12/Rt3&0&cDXHP&Ex&dxHP_equip__pkgEER/NE-dxHP_equip-pkgSEER-15.4-SEER2/instance-out.sql,103.68,2311615.66,329.16,7339098.62
CZ12/Rt3&0&cDXHP&Ex&dxHP_equip__pkgEER/NE-dxHP_equip-pkgSEER-16.3-SEER2/instance-out.sql,103.07,2298192.96,327.15,7294266.81
CZ12/Rt3&0&cDXHP&Ex&dxHP_equip__pkgEER/NE-dxHP_equip-pkgSEER-14.4-SEER2-1Stage/instance-out.sql,104.28,2325071.34,331.17,7384040.59
CZ12/Rt3&0&cDXHP&Ex&dxHP_equip__pkgEER/NE-dxHP_equip-pkgSEER-14.4-SEER2-2Stage/instance-out.sql,95.08,2120023.04,300.43,6698656.31
CZ12/Rt3&0&cDXHP&Ex&dxHP_equip__pkgEER/NE-dxHP_equip-spltSEER-14.4-SEER2-8.7-HSPF/instance-out.sql,104.26,2324594.51,331.10,7382447.99
CZ12/Rt3&0&cDXHP&Ex&dxHP_equip__pkgEER/NE-dxHP_equip-spltSEER-15.4-SEER2-9-HSPF/instance-out.sql,103.66,2311237.24,329.10,7337834.71
CZ12/Rt3&0&cDXHP&Ex&dxHP_equip__pkgEER/NE-dxHP_equip-spltSEER-16.3-SEER2-9.4-HSPF/instance-out.sql,103.06,2297910.15,327.10,7293322.23
CZ12/Rt3&0&cDXHP&Ex&dxHP_equip__pkgEER/NE-dxHP_equip-spltSEER-17.3-SEER2-9.7-HSPF/instance-out.sql,102.61,2287828.40,325.59,7259649.17
CZ12/Rt3&0&cDXHP&Ex&dxHP_equip__pkgEER/NE-dxAC_equip-pkgEER-14.2-IEER-TE-0.81-VarFan/instance-out.sql,106.34,2370968.70,331.19,7384564.81
CZ12/Rt3&0&cDXHP&Ex&dxHP_equip__pkgEER/NE-dxAC_equip-pkgEER-13.2-IEER-TE-0.81-VarFan/instance-out.sql,107.09,2387798.93,333.72,7440777.79
CZ12/Rt3&0&cDXHP&Ex&dxHP_equip__pkgEER/NE-dxAC_equip-pkgEER-14.8-IEER-TE-0.81-VarFan/instance-out.sql,105.68,2356412.82,329.01,7335948.18
CZ12/Rt3&0&cDXHP&Ex&dxHP_equip__pkgEER/NE-dxAC_equip-pkgSEER-13.4-SEER2-VarFan/instance-out.sql,106.73,2379692.22,332.50,7413701.38
CZ12/RtL&0&cDXHP&Ex&dxHP_equip__pkgEER/NE-dxAC_equip-pkgEER-14.2-IEER-TE-0.81/instance-out.sql,196.60,2383526.73,615.42,7461399.73
CZ12/RtL&0&cDXHP&Ex&dxHP_equip__pkgEER/NE-dxAC_equip-pkgEER-13.2-IEER-TE-0.81/instance-out.sql,198.06,2401222.44,620.30,7520503.40
CZ12/RtL&0&cDXHP&Ex&dxHP_equip__pkgEER/NE-dxAC_equip-pkgEER-14.8-IEER-TE-0.81/instance-out.sql,195.33,2368222.33,611.21,7410283.03
CZ12/RtL&0&cDXHP&Ex&dxHP_equip__pkgEER/NE-dxAC_equip-pkgSEER-13.4-SEER2/instance-out.sql,197.35,2392698.86,617.95,7492034.62
CZ12/RtL&0&cDXHP&Ex&dxHP_equip__pkgEER/NE-dxAC_equip-pkgEER-12.2-IEER-TE-0.80/instance-out.sql,199.42,2417762.38,624.72,7574113.93
CZ12/RtL&0&cDXHP&Ex&dxHP_equip__pkgEER/NE-dxAC_equip-pkgEER-11.4-IEER-TE-0.80/instance-out.sql,201.91,2447964.46,633.04,7674988.90
CZ12/RtL&0&cDXHP&Ex&dxHP_equip__pkgEER/NE-dxAC_equip-pkgEER-12.7-IEER-TE-0.80/instance-out.sql,199.52,2418940.17,625.05,7578047.77
CZ12/RtL&0&cDXHP&Ex&dxHP_equip__pkgEER/NE-dxAC_equip-pkgSEER-12.35-SEER2/instance-out.sql,198.94,2411970.19,623.13,7554768.04
CZ12/RtL&0&cDXHP&Ex&dxHP_equip__pkgEER/NE-dxHP_equip-pkgEER-14.5-IEER/instance-out.sql,193.47,2345661.49,615.77,7465557.25
CZ12/RtL&0&cDXHP&Ex&dxHP_equip__pkgEER/NE-dxHP_equip-pkgEER-15.5-IEER/instance-out.sql,192.22,2330463.83,611.58,7414797.07
CZ12/RtL&0&cDXHP&Ex&dxHP_equip__pkgEER/NE-dxHP_equip-pkgEER-13.5-IEER/instance-out.sql,194.74,2361071.61,620.01,7517027.08
CZ12/RtL&0&cDXHP&Ex&dxHP_equip__pkgEER/NE-dxHP_equip-pkgEER-14-IEER/instance-out.sql,193.80,2349655.25,616.87,7478896.41
CZ12/RtL&0&cDXHP&Ex&dxHP_equip__pkgEER/NE-dxHP_equip-pkgEER-15-IEER/instance-out.sql,192.14,2329487.39,611.31,7411535.78
CZ12/RtL&0&cDXHP&Ex&dxHP_equip__pkgEER/NE-dxHP_equip-pkgEER-16-IEER/instance-out.sql,190.50,2309603.93,605.83,7345125.02
CZ12/RtL&0&cDXHP&Ex&dxHP_equip__pkgEER/NE-dxHP_equip-pkgSEER-15.4-SEER2/instance-out.sql,190.87,2314141.42,607.08,7360280.24
CZ12/RtL&0&cDXHP&Ex&dxHP_equip__pkgEER/NE-dxHP_equip-pkgSEER-16.3-SEER2/instance-out.sql,189.77,2300773.11,603.40,7315630.09
CZ12/RtL&0&cDXHP&Ex&dxHP_equip__pkgEER/NE-dxHP_equip-pkgSEER-14.4-SEER2-1Stage/instance-out.sql,191.98,2327552.83,610.78,7405074.36
CZ12/RtL&0&cDXHP&Ex&dxHP_equip__pkgEER/NE-dxHP_equip-pkgSEER-14.4-SEER2-2Stage/instance-out.sql,175.46,2127259.89,555.60,6736094.51
CZ12/RtL&0&cDXHP&Ex&dxHP_equip__pkgEER/NE-dxHP_equip-spltSEER-14.4-SEER2-8.7-HSPF/instance-out.sql,191.95,2327143.17,610.67,7403706.09
CZ12/RtL&0&cDXHP&Ex&dxHP_equip__pkgEER/NE-dxHP_equip-spltSEER-15.4-SEER2-9-HSPF/instance-out.sql,190.85,2313816.31,606.99,7359194.37
CZ12/RtL&0&cDXHP&Ex&dxHP_equip__pkgEER/NE-dxHP_equip-spltSEER-16.3-SEER2-9.4-HSPF/instance-out.sql,189.75,2300530.14,603.33,7314818.56
CZ12/RtL&0&cDXHP&Ex&dxHP_equip__pkgEER/NE-dxHP_equip-spltSEER-17.3-SEER2-9.7-HSPF/instance-out.sql,188.92,2290471.37,600.56,7281222.26
CZ12/RtL&0&cDXHP&Ex&dxHP_equip__pkgEER/NE-dxAC_equip-pkgEER-14.2-IEER-TE-0.81-VarFan/instance-out.sql,196.58,2383332.03,615.37,7460697.73
CZ12/RtL&0&cDXHP&Ex&dxHP_equip__pkgEER/NE-dxAC_equip-pkgEER-13.2-IEER-TE-0.81-VarFan/instance-out.sql,198.04,2401026.77,620.24,7519798.14
CZ12/RtL&0&cDXHP&Ex&dxHP_equip__pkgEER/NE-dxAC_equip-pkgEER-14.8-IEER-TE-0.81-VarFan/instance-out.sql,195.32,2368028.48,611.15,7409583.86
CZ12/RtL&0&cDXHP&Ex&dxHP_equip__pkgEER/NE-dxAC_equip-pkgSEER-13.4-SEER2-VarFan/instance-out.sql,197.34,2392503.65,617.89,7491330.93
CZ12/RtS&0&cDXHP&Ex&dxHP_equip__pkgEER/NE-dxAC_equip-pkgEER-14.2-IEER-TE-0.81/instance-out.sql,109.48,162757.83,324.90,483030.17
CZ12/RtS&0&cDXHP&Ex&dxHP_equip__pkgEER/NE-dxAC_equip-pkgEER-13.2-IEER-TE-0.81/instance-out.sql,110.36,164078.80,327.87,487442.20
CZ12/RtS&0&cDXHP&Ex&dxHP_equip__pkgEER/NE-dxAC_equip-pkgEER-14.8-IEER-TE-0.81/instance-out.sql,108.71,161615.38,322.34,479214.36
CZ12/RtS&0&cDXHP&Ex&dxHP_equip__pkgEER/NE-dxAC_equip-pkgSEER-13.4-SEER2/instance-out.sql,109.94,163442.52,326.44,485317.03
CZ12/RtS&0&cDXHP&Ex&dxHP_equip__pkgEER/NE-dxAC_equip-pkgEER-12.2-IEER-TE-0.80/instance-out.sql,111.25,165401.05,330.62,491535.84
CZ12/RtS&0&cDXHP&Ex&dxHP_equip__pkgEER/NE-dxAC_equip-pkgEER-11.4-IEER-TE-0.80/instance-out.sql,112.77,167655.60,335.69,499066.05
CZ12/RtS&0&cDXHP&Ex&dxHP_equip__pkgEER/NE-dxAC_equip-pkgEER-12.7-IEER-TE-0.80/instance-out.sql,111.31,165488.97,330.82,491829.50
CZ12/RtS&0&cDXHP&Ex&dxHP_equip__pkgEER/NE-dxAC_equip-pkgSEER-12.35-SEER2/instance-out.sql,110.96,164968.67,329.65,490091.69
CZ12/RtS&0&cDXHP&Ex&dxHP_equip__pkgEER/NE-dxHP_equip-pkgEER-14.5-IEER/instance-out.sql,104.11,154774.16,324.33,482178.06
CZ12/RtS&0&cDXHP&Ex&dxHP_equip__pkgEER/NE-dxHP_equip-pkgEER-15.5-IEER/instance-out.sql,103.35,153644.52,321.79,478405.08
CZ12/RtS&0&cDXHP&Ex&dxHP_equip__pkgEER/NE-dxHP_equip-pkgEER-13.5-IEER/instance-out.sql,104.88,155919.59,326.90,486003.79
CZ12/RtS&0&cDXHP&Ex&dxHP_equip__pkgEER/NE-dxHP_equip-pkgEER-14-IEER/instance-out.sql,104.31,155071.01,325.00,483169.55
CZ12/RtS&0&cDXHP&Ex&dxHP_equip__pkgEER/NE-dxHP_equip-pkgEER-15-IEER/instance-out.sql,103.22,153458.77,321.37,477784.68
CZ12/RtS&0&cDXHP&Ex&dxHP_equip__pkgEER/NE-dxHP_equip-pkgEER-16-IEER/instance-out.sql,102.23,151980.85,318.05,472848.40
CZ12/RtS&0&cDXHP&Ex&dxHP_equip__pkgEER/NE-dxHP_equip-pkgSEER-15.4-SEER2/instance-out.sql,102.35,152168.92,318.48,473476.57
CZ12/RtS&0&cDXHP&Ex&dxHP_equip__pkgEER/NE-dxHP_equip-pkgSEER-16.3-SEER2/instance-out.sql,101.66,151137.58,316.16,470031.89
CZ12/RtS&0&cDXHP&Ex&dxHP_equip__pkgEER/NE-dxHP_equip-pkgSEER-14.4-SEER2-1Stage/instance-out.sql,103.04,153196.31,320.78,476908.04
CZ12/RtS&0&cDXHP&Ex&dxHP_equip__pkgEER/NE-dxHP_equip-pkgSEER-14.4-SEER2-2Stage/instance-out.sql,93.56,139093.18,289.10,429803.58
CZ12/RtS&0&cDXHP&Ex&dxHP_equip__pkgEER/NE-dxHP_equip-spltSEER-14.4-SEER2-8.7-HSPF/instance-out.sql,102.99,153118.38,320.61,476647.75
CZ12/RtS&0&cDXHP&Ex&dxHP_equip__pkgEER/NE-dxHP_equip-spltSEER-15.4-SEER2-9-HSPF/instance-out.sql,102.31,152107.07,318.34,473270.00
CZ12/RtS&0&cDXHP&Ex&dxHP_equip__pkgEER/NE-dxHP_equip-spltSEER-16.3-SEER2-9.4-HSPF/instance-out.sql,101.63,151091.36,316.06,469877.51
CZ12/RtS&0&cDXHP&Ex&dxHP_equip__pkgEER/NE-dxHP_equip-spltSEER-17.3-SEER2-9.7-HSPF/instance-out.sql,101.12,150328.03,314.34,467328.00
CZ12/RtS&0&cDXHP&Ex&dxHP_equip__pkgEER/NE-dxAC_equip-pkgEER-14.2-IEER-TE-0.81-VarFan/instance-out.sql,109.47,162744.92,324.87,482979.88
CZ12/RtS&0&cDXHP&Ex&dxHP_equip__pkgEER/NE-dxAC_equip-pkgEER-13.2-IEER-TE-0.81-VarFan/instance-out.sql,110.36,164065.82,327.84,487391.69
CZ12/RtS&0&cDXHP&Ex&dxHP_equip__pkgEER/NE-dxAC_equip-pkgEER-14.8-IEER-TE-0.81-VarFan/instance-out.sql,108.70,161602.52,322.30,479164.27
CZ12/RtS&0&cDXHP&Ex&dxHP_equip__pkgEER/NE-dxAC_equip-pkgSEER-13.4-SEER2-VarFan/instance-out.sql,109.93,163429.57,326.41,485266.63
CZ12/SCn&0&cDXHP&Ex&dxHP_equip__pkgEER/NE-dxAC_equip-pkgEER-14.2-IEER-TE-0.81/instance-out.sql,94.33,4381713.32,273.11,12686130.61
CZ12/SCn&0&cDXHP&Ex&dxHP_equip__pkgEER/NE-dxAC_equip-pkgEER-13.2-IEER-TE-0.81/instance-out.sql,95.09,4416932.43,275.64,12803762.43
CZ12/SCn&0&cDXHP&Ex&dxHP_equip__pkgEER/NE-dxAC_equip-pkgEER-14.8-IEER-TE-0.81/instance-out.sql,93.67,4351253.55,270.92,12584394.98
CZ12/SCn&0&cDXHP&Ex&dxHP_equip__pkgEER/NE-dxAC_equip-pkgSEER-13.4-SEER2/instance-out.sql,94.72,4399968.25,274.42,12747102.07
CZ12/SCn&0&cDXHP&Ex&dxHP_equip__pkgEER/NE-dxAC_equip-pkgEER-12.2-IEER-TE-0.80/instance-out.sql,95.97,4458048.54,278.12,12919044.02
CZ12/SCn&0&cDXHP&Ex&dxHP_equip__pkgEER/NE-dxAC_equip-pkgEER-11.4-IEER-TE-0.80/instance-out.sql,97.27,4518158.61,282.45,13119811.66
CZ12/SCn&0&cDXHP&Ex&dxHP_equip__pkgEER/NE-dxAC_equip-pkgEER-12.7-IEER-TE-0.80/instance-out.sql,96.02,4460392.66,278.29,12926873.40
CZ12/SCn&0&cDXHP&Ex&dxHP_equip__pkgEER/NE-dxAC_equip-pkgSEER-12.35-SEER2/instance-out.sql,95.73,4446520.58,277.30,12880540.63
CZ12/SCn&0&cDXHP&Ex&dxHP_equip__pkgEER/NE-dxHP_equip-pkgEER-14.5-IEER/instance-out.sql,83.77,3891114.26,275.80,12811227.13
CZ12/SCn&0&cDXHP&Ex&dxHP_equip__pkgEER/NE-dxHP_equip-pkgEER-15.5-IEER/instance-out.sql,83.07,3858728.91,273.47,12703060.09
CZ12/SCn&0&cDXHP&Ex&dxHP_equip__pkgEER/NE-dxHP_equip-pkgEER-13.5-IEER/instance-out.sql,84.48,3923952.35,278.16,12920906.38
CZ12/SCn&0&cDXHP&Ex&dxHP_equip__pkgEER/NE-dxHP_equip-pkgEER-14-IEER/instance-out.sql,83.95,3899624.73,276.42,12839652.10
CZ12/SCn&0&cDXHP&Ex&dxHP_equip__pkgEER/NE-dxHP_equip-pkgEER-15-IEER/instance-out.sql,82.80,3846271.75,272.58,12661453.15
CZ12/SCn&0&cDXHP&Ex&dxHP_equip__pkgEER/NE-dxHP_equip-pkgEER-16-IEER/instance-out.sql,81.89,3803901.24,269.53,12519935.64
CZ12/SCn&0&cDXHP&Ex&dxHP_equip__pkgEER/NE-dxHP_equip-pkgSEER-15.4-SEER2/instance-out.sql,81.80,3799891.02,269.24,12506541.52
CZ12/SCn&0&cDXHP&Ex&dxHP_equip__pkgEER/NE-dxHP_equip-pkgSEER-16.3-SEER2/instance-out.sql,81.12,3767948.99,266.95,12399855.14
CZ12/SCn&0&cDXHP&Ex&dxHP_equip__pkgEER/NE-dxHP_equip-pkgSEER-14.4-SEER2-1Stage/instance-out.sql,82.48,3831268.52,271.50,12611342.37
CZ12/SCn&0&cDXHP&Ex&dxHP_equip__pkgEER/NE-dxHP_equip-pkgSEER-14.4-SEER2-2Stage/instance-out.sql,68.24,3169939.17,223.95,10402502.26
CZ12/SCn&0&cDXHP&Ex&dxHP_equip__pkgEER/NE-dxHP_equip-spltSEER-14.4-SEER2-8.7-HSPF/instance-out.sql,82.37,3826042.14,271.12,12593886.26
CZ12/SCn&0&cDXHP&Ex&dxHP_equip__pkgEER/NE-dxHP_equip-spltSEER-15.4-SEER2-9-HSPF/instance-out.sql,81.72,3795743.29,268.95,12492688.11
CZ12/SCn&0&cDXHP&Ex&dxHP_equip__pkgEER/NE-dxHP_equip-spltSEER-16.3-SEER2-9.4-HSPF/instance-out.sql,81.05,3764849.18,266.72,12389501.78
CZ12/SCn&0&cDXHP&Ex&dxHP_equip__pkgEER/NE-dxHP_equip-spltSEER-17.3-SEER2-9.7-HSPF/instance-out.sql,80.56,3741978.36,265.08,12313113.23

File Name,Total (kWh),Heating (kWh),Cooling (kWh),Interior Lighting (kWh),Exterior Lighting (kWh),Interior Equipment (kWh),Exterior Equipment (kWh),Fans (kWh),Pumps (kWh),Heat Rejection (kWh),Humidification (kWh),Heat Recovery (kWh),Water Systems (kWh),Refrigeration (kWh),Generators (kWh),Heating Elec (kWh),Cooling Elec (kWh),Heating NG (kWh),Cooling NG (kWh),Interior Equipment Elec (kWh),Interior Equipment NG (kWh)
CZ11/Asm&0&cDXHP&Ex&dxHP_equip__pkgEER/NE-dxAC_equip-pkgEER-14.2-IEER-TE-0.81/instance-out.sql,986673.6799999999,202941.69,221868.88,153727.01,0.0,145823.51,0.0,241047.11,3.36,0.0,0.0,0.0,21262.12,0.0,0.0,0.00,221868.88,202941.69,0.00,145823.51,0.00
CZ11/Asm&0&cDXHP&Ex&dxHP_equip__pkgEER/NE-dxAC_equip-pkgEER-13.2-IEER-TE-0.81/instance-out.sql,996753.6100000001,202941.69,231948.81,153727.01,0.0,145823.51,0.0,241047.11,3.36,0.0,0.0,0.0,21262.12,0.0,0.0,0.00,231948.81,202941.69,0.00,145823.51,0.00
CZ11/Asm&0&cDXHP&Ex&dxHP_equip__pkgEER/NE-dxAC_equip-pkgEER-14.8-IEER-TE-0.81/instance-out.sql,977955.8999999999,202941.69,213151.11,153727.01,0.0,145823.51,0.0,241047.11,3.36,0.0,0.0,0.0,21262.12,0.0,0.0,0.00,213151.11,202941.69,0.00,145823.51,0.00
CZ11/Asm&0&cDXHP&Ex&dxHP_equip__pkgEER/NE-dxAC_equip-pkgSEER-13.4-SEER2/instance-out.sql,991898.3500000001,202941.69,227093.56,153727.01,0.0,145823.51,0.0,241047.11,3.36,0.0,0.0,0.0,21262.12,0.0,0.0,0.00,227093.56,202941.69,0.00,145823.51,0.00
CZ11/Asm&0&cDXHP&Ex&dxHP_equip__pkgEER/NE-dxAC_equip-pkgEER-12.2-IEER-TE-0.80/instance-out.sql,1008306.3099999999,205478.46,240964.74,153727.01,0.0,145823.51,0.0,241047.11,3.36,0.0,0.0,0.0,21262.12,0.0,0.0,0.00,240964.74,205478.46,0.00,145823.51,0.00
CZ11/Asm&0&cDXHP&Ex&dxHP_equip__pkgEER/NE-dxAC_equip-pkgEER-11.4-IEER-TE-0.80/instance-out.sql,1025510.1799999999,205478.46,258168.62,153727.01,0.0,145823.51,0.0,241047.11,3.36,0.0,0.0,0.0,21262.12,0.0,0.0,0.00,258168.62,205478.46,0.00,145823.51,0.00
CZ11/Asm&0&cDXHP&Ex&dxHP_equip__pkgEER/NE-dxAC_equip-pkgEER-12.7-IEER-TE-0.80/instance-out.sql,1008977.21,205478.46,241635.65,153727.01,0.0,145823.51,0.0,241047.11,3.36,0.0,0.0,0.0,21262.12,0.0,0.0,0.00,241635.65,205478.46,0.00,145823.51,0.00
CZ11/Asm&0&cDXHP&Ex&dxHP_equip__pkgEER/NE-dxAC_equip-pkgSEER-12.35-SEER2/instance-out.sql,1005006.94,205478.46,237665.37,153727.01,0.0,145823.51,0.0,241047.11,3.36,0.0,0.0,0.0,21262.12,0.0,0.0,0.00,237665.37,205478.46,0.00,145823.51,0.00
CZ11/Asm&0&cDXHP&Ex&dxHP_equip__pkgEER/NE-dxHP_equip-pkgEER-14.5-IEER/instance-out.sql,838035.33,56177.6,220106.55,153727.01,0.0,145823.51,0.0,240935.18,3.36,0.0,0.0,0.0,21262.12,0.0,0.0,56177.60,220106.55,0.00,0.00,145823.51,0.00
CZ11/Asm&0&cDXHP&Ex&dxHP_equip__pkgEER/NE-dxHP_equip-pkgEER-15.5-IEER/instance-out.sql,829466.7,56177.6,211537.92,153727.01,0.0,145823.51,0.0,240935.18,3.36,0.0,0.0,0.0,21262.12,0.0,0.0,56177.60,211537.92,0.00,0.00,145823.51,0.00
CZ11/Asm&0&cDXHP&Ex&dxHP_equip__pkgEER/NE-dxHP_equip-pkgEER-13.5-IEER/instance-out.sql,846723.74,56177.6,228794.96,153727.01,0.0,145823.51,0.0,240935.18,3.36,0.0,0.0,0.0,21262.12,0.0,0.0,56177.60,228794.96,0.00,0.00,145823.51,0.00
CZ11/Asm&0&cDXHP&Ex&dxHP_equip__pkgEER/NE-dxHP_equip-pkgEER-14-IEER/instance-out.sql,840287.05,56177.6,222358.27,153727.01,0.0,145823.51,0.0,240935.18,3.36,0.0,0.0,0.0,21262.12,0.0,0.0,56177.60,222358.27,0.00,0.00,145823.51,0.00
CZ11/Asm&0&cDXHP&Ex&dxHP_equip__pkgEER/NE-dxHP_equip-pkgEER-15-IEER/instance-out.sql,826251.8,52962.7,211537.92,153727.01,0.0,145823.51,0.0,240935.18,3.36,0.0,0.0,0.0,21262.12,0.0,0.0,52962.70,211537.92,0.00,0.00,145823.51,0.00
CZ11/Asm&0&cDXHP&Ex&dxHP_equip__pkgEER/NE-dxHP_equip-pkgEER-16-IEER/instance-out.sql,815041.26,52962.7,200327.39,153727.01,0.0,145823.51,0.0,240935.18,3.36,0.0,0.0,0.0,21262.12,0.0,0.0,52962.70,200327.39,0.00,0.00,145823.51,0.00
CZ11/Asm&0&cDXHP&Ex&dxHP_equip__pkgEER/NE-dxHP_equip-pkgSEER-15.4-SEER2/instance-out.sql,814087.08,48724.46,203611.44,153727.01,0.0,145823.51,0.0,240935.18,3.36,0.0,0.0,0.0,21262.12,0.0,0.0,48724.46,203611.44,0.00,0.00,145823.51,0.00
CZ11/Asm&0&cDXHP&Ex&dxHP_equip__pkgEER/NE-dxHP_equip-pkgSEER-16.3-SEER2/instance-out.sql,805662.74,47654.03,196257.53,153727.01,0.0,145823.51,0.0,240935.18,3.36,0.0,0.0,0.0,21262.12,0.0,0.0,47654.03,196257.53,0.00,0.00,145823.51,0.00
CZ11/Asm&0&cDXHP&Ex&dxHP_equip__pkgEER/NE-dxHP_equip-pkgSEER-14.4-SEER2-1Stage/instance-out.sql,822367.19,49591.53,211024.48,153727.01,0.0,145823.51,0.0,240935.18,3.36,0.0,0.0,0.0,21262.12,0.0,0.0,49591.53,211024.48,0.00,0.00,145823.51,0.00
CZ11/Asm&0&cDXHP&Ex&dxHP_equip__pkgEER/NE-dxHP_equip-pkgSEER-14.4-SEER2-2Stage/instance-out.sql,713792.9,20652.9,196305.04,153727.01,0.0,145823.51,0.0,176018.73,3.36,0.0,0.0,0.0,21262.35,0.0,0.0,20652.90,196305.04,0.00,0.00,145823.51,0.00
CZ11/Asm&0&cDXHP&Ex&dxHP_equip__pkgEER/NE-dxHP_equip-spltSEER-14.4-SEER2-8.7-HSPF/instance-out.sql,821018.38,48242.73,211024.48,153727.01,0.0,145823.51,0.0,240935.18,3.36,0.0,0.0,0.0,21262.12,0.0,0.0,48242.73,211024.48,0.00,0.00,145823.51,0.00
CZ11/Asm&0&cDXHP&Ex&dxHP_equip__pkgEER/NE-dxHP_equip-spltSEER-15.4-SEER2-9-HSPF/instance-out.sql,813016.65,47654.03,203611.44,153727.01,0.0,145823.51,0.0,240935.18,3.36,0.0,0.0,0.0,21262.12,0.0,0.0,47654.03,203611.44,0.00,0.00,145823.51,0.00
CZ11/Asm&0&cDXHP&Ex&dxHP_equip__pkgEER/NE-dxHP_equip-spltSEER-16.3-SEER2-9.4-HSPF/instance-out.sql,804862.75,46854.05,196257.53,153727.01,0.0,145823.51,0.0,240935.18,3.36,0.0,0.0,0.0,21262.12,0.0,0.0,46854.05,196257.53,0.00,0.00,145823.51,0.00
CZ11/Asm&0&cDXHP&Ex&dxHP_equip__pkgEER/NE-dxHP_equip-spltSEER-17.3-SEER2-9.7-HSPF/instance-out.sql,798822.73,46409.09,190662.47,153727.01,0.0,145823.51,0.0,240935.18,3.36,0.0,0.0,0.0,21262.12,0.0,0.0,46409.09,190662.47,0.00,0.00,145823.51,0.00
CZ11/ECC&0&cDXHP&Ex&dxHP_equip__pkgEER/NE-dxAC_equip-pkgEER-14.2-IEER-TE-0.81/instance-out.sql,3104370.59,86875.31,583346.93,358430.2,0.0,1013813.91,0.0,651776.71,1090.27,0.0,0.0,0.0,409037.25,0.0,0.0,0.00,583346.93,86875.31,0.00,945189.93,68623.98
CZ11/ECC&0&cDXHP&Ex&dxHP_equip__pkgEER/NE-dxAC_equip-pkgEER-13.2-IEER-TE-0.81/instance-out.sql,3126781.59,86875.31,605757.93,358430.2,0.0,1013813.91,0.0,651776.71,1090.27,0.0,0.0,0.0,409037.25,0.0,0.0,0.00,605757.93,86875.31,0.00,945189.93,68623.98
CZ11/ECC&0&cDXHP&Ex&dxHP_equip__pkgEER/NE-dxAC_equip-pkgEER-14.8-IEER-TE-0.81/instance-out.sql,3084988.11,86875.31,563964.45,358430.2,0.0,1013813.91,0.0,651776.71,1090.27,0.0,0.0,0.0,409037.25,0.0,0.0,0.00,563964.45,86875.31,0.00,945189.93,68623.98
CZ11/ECC&0&cDXHP&Ex&dxHP_equip__pkgEER/NE-dxAC_equip-pkgSEER-13.4-SEER2/instance-out.sql,3115986.7600000002,86875.31,594963.11,358430.2,0.0,1013813.91,0.0,651776.71,1090.27,0.0,0.0,0.0,409037.25,0.0,0.0,0.00,594963.11,86875.31,0.00,945189.93,68623.98
CZ11/ECC&0&cDXHP&Ex&dxHP_equip__pkgEER/NE-dxAC_equip-pkgEER-12.2-IEER-TE-0.80/instance-out.sql,3147905.66,87953.99,625803.32,358430.2,0.0,1013813.91,0.0,651776.71,1090.27,0.0,0.0,0.0,409037.25,0.0,0.0,0.00,625803.32,87953.99,0.00,945189.93,68623.98
CZ11/ECC&0&cDXHP&Ex&dxHP_equip__pkgEER/NE-dxAC_equip-pkgEER-11.4-IEER-TE-0.80/instance-out.sql,3186155.54,87953.99,664053.2,358430.2,0.0,1013813.91,0.0,651776.71,1090.27,0.0,0.0,0.0,409037.25,0.0,0.0,0.00,664053.20,87953.99,0.00,945189.93,68623.98
CZ11/ECC&0&cDXHP&Ex&dxHP_equip__pkgEER/NE-dxAC_equip-pkgEER-12.7-IEER-TE-0.80/instance-out.sql,3149397.3,87953.99,627294.96,358430.2,0.0,1013813.91,0.0,651776.71,1090.27,0.0,0.0,0.0,409037.25,0.0,0.0,0.00,627294.96,87953.99,0.00,945189.93,68623.98
CZ11/ECC&0&cDXHP&Ex&dxHP_equip__pkgEER/NE-dxAC_equip-pkgSEER-12.35-SEER2/instance-out.sql,3140570.0700000003,87953.99,618467.73,358430.2,0.0,1013813.91,0.0,651776.71,1090.27,0.0,0.0,0.0,409037.25,0.0,0.0,0.00,618467.73,87953.99,0.00,945189.93,68623.98
CZ11/ECC&0&cDXHP&Ex&dxHP_equip__pkgEER/NE-dxHP_equip-pkgEER-14.5-IEER/instance-out.sql,3047030.3,26501.08,588923.54,358430.2,0.0,1013813.91,0.0,649280.28,1090.1,0.0,0.0,0.0,408991.18,0.0,0.0,25920.08,588923.54,581.00,0.00,945189.93,68623.98
CZ11/ECC&0&cDXHP&Ex&dxHP_equip__pkgEER/NE-dxHP_equip-pkgEER-15.5-IEER/instance-out.sql,3027596.88,26501.08,569490.12,358430.2,0.0,1013813.91,0.0,649280.28,1090.1,0.0,0.0,0.0,408991.18,0.0,0.0,25920.08,569490.12,581.00,0.00,945189.93,68623.98
CZ11/ECC&0&cDXHP&Ex&dxHP_equip__pkgEER/NE-dxHP_equip-pkgEER-13.5-IEER/instance-out.sql,3066735.4,26501.08,608628.64,358430.2,0.0,1013813.91,0.0,649280.28,1090.1,0.0,0.0,0.0,408991.18,0.0,0.0,25920.08,608628.64,581.00,0.00,945189.93,68623.98
CZ11/ECC&0&cDXHP&Ex&dxHP_equip__pkgEER/NE-dxHP_equip-pkgEER-14-IEER/instance-out.sql,3052137.17,26501.08,594030.4,358430.2,0.0,1013813.91,0.0,649280.28,1090.1,0.0,0.0,0.0,408991.18,0.0,0.0,25920.08,594030.40,581.00,0.00,945189.93,68623.98
CZ11/ECC&0&cDXHP&Ex&dxHP_equip__pkgEER/NE-dxHP_equip-pkgEER-15-IEER/instance-out.sql,3026152.59,25056.78,569490.12,358430.2,0.0,1013813.91,0.0,649280.28,1090.1,0.0,0.0,0.0,408991.18,0.0,0.0,24475.78,569490.12,581.00,0.00,945189.93,68623.98
CZ11/ECC&0&cDXHP&Ex&dxHP_equip__pkgEER/NE-dxHP_equip-pkgEER-16-IEER/instance-out.sql,3000727.39,25056.78,544064.92,358430.2,0.0,1013813.91,0.0,649280.28,1090.1,0.0,0.0,0.0,408991.18,0.0,0.0,24475.78,544064.92,581.00,0.00,945189.93,68623.98
CZ11/ECC&0&cDXHP&Ex&dxHP_equip__pkgEER/NE-dxHP_equip-pkgSEER-15.4-SEER2/instance-out.sql,3006271.51,23152.75,551513.07,358430.2,0.0,1013813.91,0.0,649280.28,1090.1,0.0,0.0,0.0,408991.18,0.0,0.0,22571.75,551513.07,581.00,0.00,945189.93,68623.98
CZ11/ECC&0&cDXHP&Ex&dxHP_equip__pkgEER/NE-dxHP_equip-pkgSEER-16.3-SEER2/instance-out.sql,2989112.14,22671.86,534834.59,358430.2,0.0,1013813.91,0.0,649280.28,1090.1,0.0,0.0,0.0,408991.18,0.0,0.0,22090.86,534834.59,581.00,0.00,945189.93,68623.98
CZ11/ECC&0&cDXHP&Ex&dxHP_equip__pkgEER/NE-dxHP_equip-pkgSEER-14.4-SEER2-1Stage/instance-out.sql,3023473.62,23542.28,568325.65,358430.2,0.0,1013813.91,0.0,649280.28,1090.1,0.0,0.0,0.0,408991.18,0.0,0.0,22961.28,568325.65,581.00,0.00,945189.93,68623.98
CZ11/ECC&0&cDXHP&Ex&dxHP_equip__pkgEER/NE-dxHP_equip-pkgSEER-14.4-SEER2-2Stage/instance-out.sql,2808744.8200000003,15835.710000000001,525388.76,358430.2,0.0,1013813.91,0.0,485199.28,1083.23,0.0,0.0,0.0,408993.73,0.0,0.0,15187.28,525388.76,648.43,0.00,945189.93,68623.98
CZ11/ECC&0&cDXHP&Ex&dxHP_equip__pkgEER/NE-dxHP_equip-spltSEER-14.4-SEER2-8.7-HSPF/instance-out.sql,3022867.66,22936.33,568325.65,358430.2,0.0,1013813.91,0.0,649280.28,1090.1,0.0,0.0,0.0,408991.18,0.0,0.0,22355.33,568325.65,581.00,0.00,945189.93,68623.98
CZ11/ECC&0&cDXHP&Ex&dxHP_equip__pkgEER/NE-dxHP_equip-spltSEER-15.4-SEER2-9-HSPF/instance-out.sql,3005790.62,22671.86,551513.07,358430.2,0.0,1013813.91,0.0,649280.28,1090.1,0.0,0.0,0.0,408991.18,0.0,0.0,22090.86,551513.07,581.00,0.00,945189.93,68623.98
CZ11/ECC&0&cDXHP&Ex&dxHP_equip__pkgEER/NE-dxHP_equip-spltSEER-16.3-SEER2-9.4-HSPF/instance-out.sql,2988752.7399999998,22312.46,534834.59,358430.2,0.0,1013813.91,0.0,649280.28,1090.1,0.0,0.0,0.0,408991.18,0.0,0.0,21731.46,534834.59,581.00,0.00,945189.93,68623.98
CZ11/ECC&0&cDXHP&Ex&dxHP_equip__pkgEER/NE-dxHP_equip-spltSEER-17.3-SEER2-9.7-HSPF/instance-out.sql,2975863.39,22112.56,522145.14,358430.2,0.0,1013813.91,0.0,649280.28,1090.1,0.0,0.0,0.0,408991.18,0.0,0.0,21531.56,522145.14,581.00,0.00,945189.93,68623.98
CZ11/ECC&0&cDXHP&Ex&dxHP_equip__pkgEER/NE-dxAC_equip-pkgEER-14.2-IEER-TE-0.81-VarFan/instance-out.sql,3104024.4899999998,86901.76,583323.43,358430.2,0.0,1013813.91,0.0,651434.0,1090.28,0.0,0.0,0.0,409030.9,0.0,0.0,0.00,583323.43,86901.76,0.00,945189.93,68623.98
CZ11/ECC&0&cDXHP&Ex&dxHP_equip__pkgEER/NE-dxAC_equip-pkgEER-13.2-IEER-TE-0.81-VarFan/instance-out.sql,3126434.4299999997,86901.76,605733.37,358430.2,0.0,1013813.91,0.0,651434.0,1090.28,0.0,0.0,0.0,409030.9,0.0,0.0,0.00,605733.37,86901.76,0.00,945189.93,68623.98
CZ11/ECC&0&cDXHP&Ex&dxHP_equip__pkgEER/NE-dxAC_equip-pkgEER-14.8-IEER-TE-0.81-VarFan/instance-out.sql,3084642.92,86901.76,563941.86,358430.2,0.0,1013813.91,0.0,651434.0,1090.28,0.0,0.0,0.0,409030.9,0.0,0.0,0.00,563941.86,86901.76,0.00,945189.93,68623.98
CZ11/ECC&0&cDXHP&Ex&dxHP_equip__pkgEER/NE-dxAC_equip-pkgSEER-13.4-SEER2-VarFan/instance-out.sql,3115640.12,86901.76,594939.05,358430.2,0.0,1013813.91,0.0,651434.0,1090.28,0.0,0.0,0.0,409030.9,0.0,0.0,0.00,594939.05,86901.76,0.00,945189.93,68623.98
CZ11/EPr&0&cDXHP&Ex&dxHP_equip__pkgEER/NE-dxAC_equip-pkgEER-14.2-IEER-TE-0.81/instance-out.sql,483768.43999999994,28313.51,89566.94,64700.97,0.0,125897.03,0.0,96764.26,3.37,0.0,0.0,0.0,78522.35,0.0,0.0,0.00,89566.94,28313.51,0.00,83226.75,42670.28
CZ11/EPr&0&cDXHP&Ex&dxHP_equip__pkgEER/NE-dxAC_equip-pkgEER-13.2-IEER-TE-0.81/instance-out.sql,487210.1,28313.51,93008.6,64700.97,0.0,125897.03,0.0,96764.26,3.37,0.0,0.0,0.0,78522.35,0.0,0.0,0.00,93008.60,28313.51,0.00,83226.75,42670.28
CZ11/EPr&0&cDXHP&Ex&dxHP_equip__pkgEER/NE-dxAC_equip-pkgEER-14.8-IEER-TE-0.81/instance-out.sql,480791.86,28313.51,86590.36,64700.97,0.0,125897.03,0.0,96764.26,3.37,0.0,0.0,0.0,78522.35,0.0,0.0,0.00,86590.36,28313.51,0.00,83226.75,42670.28
CZ11/EPr&0&cDXHP&Ex&dxHP_equip__pkgEER/NE-dxAC_equip-pkgSEER-13.4-SEER2/instance-out.sql,485552.32999999996,28313.51,91350.83,64700.97,0.0,125897.03,0.0,96764.26,3.37,0.0,0.0,0.0,78522.35,0.0,0.0,0.00,91350.83,28313.51,0.00,83226.75,42670.28
CZ11/EPr&0&cDXHP&Ex&dxHP_equip__pkgEER/NE-dxAC_equip-pkgEER-12.2-IEER-TE-0.80/instance-out.sql,490642.39,28667.43,96086.97,64700.97,0.0,125897.03,0.0,96764.26,3.37,0.0,0.0,0.0,78522.35,0.0,0.0,0.00,96086.97,28667.43,0.00,83226.75,42670.28
CZ11/EPr&0&cDXHP&Ex&dxHP_equip__pkgEER/NE-dxAC_equip-pkgEER-11.4-IEER-TE-0.80/instance-out.sql,496516.44,28667.43,101961.02,64700.97,0.0,125897.03,0.0,96764.26,3.37,0.0,0.0,0.0,78522.35,0.0,0.0,0.00,101961.02,28667.43,0.00,83226.75,42670.28
CZ11/EPr&0&cDXHP&Ex&dxHP_equip__pkgEER/NE-dxAC_equip-pkgEER-12.7-IEER-TE-0.80/instance-out.sql,490871.47000000003,28667.43,96316.05,64700.97,0.0,125897.03,0.0,96764.26,3.37,0.0,0.0,0.0,78522.35,0.0,0.0,0.00,96316.05,28667.43,0.00,83226.75,42670.28
CZ11/EPr&0&cDXHP&Ex&dxHP_equip__pkgEER/NE-dxAC_equip-pkgSEER-12.35-SEER2/instance-out.sql,489515.87,28667.43,94960.45,64700.97,0.0,125897.03,0.0,96764.26,3.37,0.0,0.0,0.0,78522.35,0.0,0.0,0.00,94960.45,28667.43,0.00,83226.75,42670.28
CZ11/EPr&0&cDXHP&Ex&dxHP_equip__pkgEER/NE-dxHP_equip-pkgEER-14.5-IEER/instance-out.sql,463955.2,8272.7,90055.41,64700.97,0.0,125897.03,0.0,96503.36,3.37,0.0,0.0,0.0,78522.35,0.0,0.0,8272.70,90055.41,0.00,0.00,83226.75,42670.28
CZ11/EPr&0&cDXHP&Ex&dxHP_equip__pkgEER/NE-dxHP_equip-pkgEER-15.5-IEER/instance-out.sql,460983.34,8272.7,87083.56,64700.97,0.0,125897.03,0.0,96503.36,3.37,0.0,0.0,0.0,78522.35,0.0,0.0,8272.70,87083.56,0.00,0.00,83226.75,42670.28
CZ11/EPr&0&cDXHP&Ex&dxHP_equip__pkgEER/NE-dxHP_equip-pkgEER-13.5-IEER/instance-out.sql,466968.6,8272.7,93068.81,64700.97,0.0,125897.03,0.0,96503.36,3.37,0.0,0.0,0.0,78522.35,0.0,0.0,8272.70,93068.81,0.00,0.00,83226.75,42670.28
CZ11/EPr&0&cDXHP&Ex&dxHP_equip__pkgEER/NE-dxHP_equip-pkgEER-14-IEER/instance-out.sql,464736.16000000003,8272.7,90836.38,64700.97,0.0,125897.03,0.0,96503.36,3.37,0.0,0.0,0.0,78522.35,0.0,0.0,8272.70,90836.38,0.00,0.00,83226.75,42670.28
CZ11/EPr&0&cDXHP&Ex&dxHP_equip__pkgEER/NE-dxHP_equip-pkgEER-15-IEER/instance-out.sql,460519.77,7809.13,87083.56,64700.97,0.0,125897.03,0.0,96503.36,3.37,0.0,0.0,0.0,78522.35,0.0,0.0,7809.13,87083.56,0.00,0.00,83226.75,42670.28
CZ11/EPr&0&cDXHP&Ex&dxHP_equip__pkgEER/NE-dxHP_equip-pkgEER-16-IEER/instance-out.sql,456631.63,7809.13,83195.42,64700.97,0.0,125897.03,0.0,96503.36,3.37,0.0,0.0,0.0,78522.35,0.0,0.0,7809.13,83195.42,0.00,0.00,83226.75,42670.28
CZ11/EPr&0&cDXHP&Ex&dxHP_equip__pkgEER/NE-dxHP_equip-pkgSEER-15.4-SEER2/instance-out.sql,457159.5,7197.99,84334.43,64700.97,0.0,125897.03,0.0,96503.36,3.37,0.0,0.0,0.0,78522.35,0.0,0.0,7197.99,84334.43,0.00,0.00,83226.75,42670.28
CZ11/EPr&0&cDXHP&Ex&dxHP_equip__pkgEER/NE-dxHP_equip-pkgSEER-16.3-SEER2/instance-out.sql,454454.59,7043.64,81783.87,64700.97,0.0,125897.03,0.0,96503.36,3.37,0.0,0.0,0.0,78522.35,0.0,0.0,7043.64,81783.87,0.00,0.00,83226.75,42670.28
CZ11/EPr&0&cDXHP&Ex&dxHP_equip__pkgEER/NE-dxHP_equip-pkgSEER-14.4-SEER2-1Stage/instance-out.sql,459855.59,7323.02,86905.49,64700.97,0.0,125897.03,0.0,96503.36,3.37,0.0,0.0,0.0,78522.35,0.0,0.0,7323.02,86905.49,0.00,0.00,83226.75,42670.28
CZ11/EPr&0&cDXHP&Ex&dxHP_equip__pkgEER/NE-dxHP_equip-pkgSEER-14.4-SEER2-2Stage/instance-out.sql,427036.94999999995,4211.94,80741.99,64700.97,0.0,125897.03,0.0,72959.2,3.37,0.0,0.0,0.0,78522.45,0.0,0.0,4211.94,80741.99,0.00,0.00,83226.75,42670.28
CZ11/EPr&0&cDXHP&Ex&dxHP_equip__pkgEER/NE-dxHP_equip-spltSEER-14.4-SEER2-8.7-HSPF/instance-out.sql,459661.09,7128.53,86905.49,64700.97,0.0,125897.03,0.0,96503.36,3.37,0.0,0.0,0.0,78522.35,0.0,0.0,7128.53,86905.49,0.00,0.00,83226.75,42670.28
CZ11/EPr&0&cDXHP&Ex&dxHP_equip__pkgEER/NE-dxHP_equip-spltSEER-15.4-SEER2-9-HSPF/instance-out.sql,457005.15,7043.64,84334.43,64700.97,0.0,125897.03,0.0,96503.36,3.37,0.0,0.0,0.0,78522.35,0.0,0.0,7043.64,84334.43,0.00,0.00,83226.75,42670.28
CZ11/EPr&0&cDXHP&Ex&dxHP_equip__pkgEER/NE-dxHP_equip-spltSEER-16.3-SEER2-9.4-HSPF/instance-out.sql,454339.24,6928.29,81783.87,64700.97,0.0,125897.03,0.0,96503.36,3.37,0.0,0.0,0.0,78522.35,0.0,0.0,6928.29,81783.87,0.00,0.00,83226.75,42670.28
CZ11/EPr&0&cDXHP&Ex&dxHP_equip__pkgEER/NE-dxHP_equip-spltSEER-17.3-SEER2-9.7-HSPF/instance-out.sql,452334.54,6864.13,79843.34,64700.97,0.0,125897.03,0.0,96503.36,3.37,0.0,0.0,0.0,78522.35,0.0,0.0,6864.13,79843.34,0.00,0.00,83226.75,42670.28
CZ11/EPr&0&cDXHP&Ex&dxHP_equip__pkgEER/NE-dxAC_equip-pkgEER-14.2-IEER-TE-0.81-VarFan/instance-out.sql,483737.08999999997,28330.02,89563.81,64700.97,0.0,125897.03,0.0,96719.53,3.37,0.0,0.0,0.0,78522.35,0.0,0.0,0.00,89563.81,28330.02,0.00,83226.75,42670.28
CZ11/EPr&0&cDXHP&Ex&dxHP_equip__pkgEER/NE-dxAC_equip-pkgEER-13.2-IEER-TE-0.81-VarFan/instance-out.sql,487178.61,28330.02,93005.34,64700.97,0.0,125897.03,0.0,96719.53,3.37,0.0,0.0,0.0,78522.35,0.0,0.0,0.00,93005.34,28330.02,0.00,83226.75,42670.28
CZ11/EPr&0&cDXHP&Ex&dxHP_equip__pkgEER/NE-dxAC_equip-pkgEER-14.8-IEER-TE-0.81-VarFan/instance-out.sql,480760.64,28330.02,86587.36,64700.97,0.0,125897.03,0.0,96719.53,3.37,0.0,0.0,0.0,78522.35,0.0,0.0,0.00,86587.36,28330.02,0.00,83226.75,42670.28
CZ11/EPr&0&cDXHP&Ex&dxHP_equip__pkgEER/NE-dxAC_equip-pkgSEER-13.4-SEER2-VarFan/instance-out.sql,485520.92000000004,28330.02,91347.64,64700.97,0.0,125897.03,0.0,96719.53,3.37,0.0,0.0,0.0,78522.35,0.0,0.0,0.00,91347.64,28330.02,0.00,83226.75,42670.28
CZ11/ERC&0&cDXHP&Ex&dxHP_equip__pkgEER/NE-dxAC_equip-pkgEER-14.2-IEER-TE-0.81/instance-out.sql,24177.71,1759.02,3947.36,2224.35,0.0,2196.82,0.0,5020.0,3.36,0.0,0.0,0.0,9026.8,0.0,0.0,0.00,3947.36,1759.02,0.00,2196.82,0.00
CZ11/ERC&0&cDXHP&Ex&dxHP_equip__pkgEER/NE-dxAC_equip-pkgEER-13.2-IEER-TE-0.81/instance-out.sql,24356.129999999997,1759.02,4125.78,2224.35,0.0,2196.82,0.0,5020.0,3.36,0.0,0.0,0.0,9026.8,0.0,0.0,0.00,4125.78,1759.02,0.00,2196.82,0.00
CZ11/ERC&0&cDXHP&Ex&dxHP_equip__pkgEER/NE-dxAC_equip-pkgEER-14.8-IEER-TE-0.81/instance-out.sql,24023.4,1759.02,3793.05,2224.35,0.0,2196.82,0.0,5020.0,3.36,0.0,0.0,0.0,9026.8,0.0,0.0,0.00,3793.05,1759.02,0.00,2196.82,0.00
CZ11/ERC&0&cDXHP&Ex&dxHP_equip__pkgEER/NE-dxAC_equip-pkgSEER-13.4-SEER2/instance-out.sql,24270.190000000002,1759.02,4039.84,2224.35,0.0,2196.82,0.0,5020.0,3.36,0.0,0.0,0.0,9026.8,0.0,0.0,0.00,4039.84,1759.02,0.00,2196.82,0.00
CZ11/ERC&0&cDXHP&Ex&dxHP_equip__pkgEER/NE-dxAC_equip-pkgEER-12.2-IEER-TE-0.80/instance-out.sql,24537.71,1781.01,4285.37,2224.35,0.0,2196.82,0.0,5020.0,3.36,0.0,0.0,0.0,9026.8,0.0,0.0,0.00,4285.37,1781.01,0.00,2196.82,0.00
CZ11/ERC&0&cDXHP&Ex&dxHP_equip__pkgEER/NE-dxAC_equip-pkgEER-11.4-IEER-TE-0.80/instance-out.sql,24842.23,1781.01,4589.88,2224.35,0.0,2196.82,0.0,5020.0,3.36,0.0,0.0,0.0,9026.8,0.0,0.0,0.00,4589.88,1781.01,0.00,2196.82,0.00
CZ11/ERC&0&cDXHP&Ex&dxHP_equip__pkgEER/NE-dxAC_equip-pkgEER-12.7-IEER-TE-0.80/instance-out.sql,24549.59,1781.01,4297.24,2224.35,0.0,2196.82,0.0,5020.0,3.36,0.0,0.0,0.0,9026.8,0.0,0.0,0.00,4297.24,1781.01,0.00,2196.82,0.00
CZ11/ERC&0&cDXHP&Ex&dxHP_equip__pkgEER/NE-dxAC_equip-pkgSEER-12.35-SEER2/instance-out.sql,24479.309999999998,1781.01,4226.96,2224.35,0.0,2196.82,0.0,5020.0,3.36,0.0,0.0,0.0,9026.8,0.0,0.0,0.00,4226.96,1781.01,0.00,2196.82,0.00
CZ11/ERC&0&cDXHP&Ex&dxHP_equip__pkgEER/NE-dxHP_equip-pkgEER-14.5-IEER/instance-out.sql,22944.93,525.87,3952.03,2224.35,0.0,2196.82,0.0,5015.7,3.36,0.0,0.0,0.0,9026.8,0.0,0.0,525.87,3952.03,0.00,0.00,2196.82,0.00
CZ11/ERC&0&cDXHP&Ex&dxHP_equip__pkgEER/NE-dxHP_equip-pkgEER-15.5-IEER/instance-out.sql,22791.08,525.87,3798.18,2224.35,0.0,2196.82,0.0,5015.7,3.36,0.0,0.0,0.0,9026.8,0.0,0.0,525.87,3798.18,0.00,0.00,2196.82,0.00
CZ11/ERC&0&cDXHP&Ex&dxHP_equip__pkgEER/NE-dxHP_equip-pkgEER-13.5-IEER/instance-out.sql,23100.93,525.87,4108.03,2224.35,0.0,2196.82,0.0,5015.7,3.36,0.0,0.0,0.0,9026.8,0.0,0.0,525.87,4108.03,0.00,0.00,2196.82,0.00
CZ11/ERC&0&cDXHP&Ex&dxHP_equip__pkgEER/NE-dxHP_equip-pkgEER-14-IEER/instance-out.sql,22985.36,525.87,3992.46,2224.35,0.0,2196.82,0.0,5015.7,3.36,0.0,0.0,0.0,9026.8,0.0,0.0,525.87,3992.46,0.00,0.00,2196.82,0.00
CZ11/ERC&0&cDXHP&Ex&dxHP_equip__pkgEER/NE-dxHP_equip-pkgEER-15-IEER/instance-out.sql,22762.3,497.09,3798.18,2224.35,0.0,2196.82,0.0,5015.7,3.36,0.0,0.0,0.0,9026.8,0.0,0.0,497.09,3798.18,0.00,0.00,2196.82,0.00
CZ11/ERC&0&cDXHP&Ex&dxHP_equip__pkgEER/NE-dxHP_equip-pkgEER-16-IEER/instance-out.sql,22561.019999999997,497.09,3596.89,2224.35,0.0,2196.82,0.0,5015.7,3.36,0.0,0.0,0.0,9026.8,0.0,0.0,497.09,3596.89,0.00,0.00,2196.82,0.00
CZ11/ERC&0&cDXHP&Ex&dxHP_equip__pkgEER/NE-dxHP_equip-pkgSEER-15.4-SEER2/instance-out.sql,22582.04,459.16,3655.85,2224.35,0.0,2196.82,0.0,5015.7,3.36,0.0,0.0,0.0,9026.8,0.0,0.0,459.16,3655.85,0.00,0.00,2196.82,0.00
CZ11/ERC&0&cDXHP&Ex&dxHP_equip__pkgEER/NE-dxHP_equip-pkgSEER-16.3-SEER2/instance-out.sql,22440.42,449.58,3523.82,2224.35,0.0,2196.82,0.0,5015.7,3.36,0.0,0.0,0.0,9026.8,0.0,0.0,449.58,3523.82,0.00,0.00,2196.82,0.00
CZ11/ERC&0&cDXHP&Ex&dxHP_equip__pkgEER/NE-dxHP_equip-pkgSEER-14.4-SEER2-1Stage/instance-out.sql,22722.91,466.92,3788.96,2224.35,0.0,2196.82,0.0,5015.7,3.36,0.0,0.0,0.0,9026.8,0.0,0.0,466.92,3788.96,0.00,0.00,2196.82,0.00
CZ11/ERC&0&cDXHP&Ex&dxHP_equip__pkgEER/NE-dxHP_equip-pkgSEER-14.4-SEER2-2Stage/instance-out.sql,20815.010000000002,323.49,3444.2,2224.35,0.0,2196.82,0.0,3595.98,3.36,0.0,0.0,0.0,9026.81,0.0,0.0,323.49,3444.20,0.00,0.00,2196.82,0.00
CZ11/ERC&0&cDXHP&Ex&dxHP_equip__pkgEER/NE-dxHP_equip-spltSEER-14.4-SEER2-8.7-HSPF/instance-out.sql,22710.83,454.85,3788.96,2224.35,0.0,2196.82,0.0,5015.7,3.36,0.0,0.0,0.0,9026.8,0.0,0.0,454.85,3788.96,0.00,0.00,2196.82,0.00
CZ11/ERC&0&cDXHP&Ex&dxHP_equip__pkgEER/NE-dxHP_equip-spltSEER-15.4-SEER2-9-HSPF/instance-out.sql,22572.46,449.58,3655.85,2224.35,0.0,2196.82,0.0,5015.7,3.36,0.0,0.0,0.0,9026.8,0.0,0.0,449.58,3655.85,0.00,0.00,2196.82,0.00
CZ11/ERC&0&cDXHP&Ex&dxHP_equip__pkgEER/NE-dxHP_equip-spltSEER-16.3-SEER2-9.4-HSPF/instance-out.sql,22433.26,442.41,3523.82,2224.35,0.0,2196.82,0.0,5015.7,3.36,0.0,0.0,0.0,9026.8,0.0,0.0,442.41,3523.82,0.00,0.00,2196.82,0.00
CZ11/ERC&0&cDXHP&Ex&dxHP_equip__pkgEER/NE-dxHP_equip-spltSEER-17.3-SEER2-9.7-HSPF/instance-out.sql,22328.82,438.43,3423.36,2224.35,0.0,2196.82,0.0,5015.7,3.36,0.0,0.0,0.0,9026.8,0.0,0.0,438.43,3423.36,0.00,0.00,2196.82,0.00
CZ11/ERC&0&cDXHP&Ex&dxHP_equip__pkgEER/NE-dxAC_equip-pkgEER-14.2-IEER-TE-0.81-VarFan/instance-out.sql,24176.13,1759.54,3947.17,2224.35,0.0,2196.82,0.0,5018.09,3.36,0.0,0.0,0.0,9026.8,0.0,0.0,0.00,3947.17,1759.54,0.00,2196.82,0.00
CZ11/ERC&0&cDXHP&Ex&dxHP_equip__pkgEER/NE-dxAC_equip-pkgEER-13.2-IEER-TE-0.81-VarFan/instance-out.sql,24354.54,1759.54,4125.58,2224.35,0.0,2196.82,0.0,5018.09,3.36,0.0,0.0,0.0,9026.8,0.0,0.0,0.00,4125.58,1759.54,0.00,2196.82,0.00
CZ11/ERC&0&cDXHP&Ex&dxHP_equip__pkgEER/NE-dxAC_equip-pkgEER-14.8-IEER-TE-0.81-VarFan/instance-out.sql,24021.83,1759.54,3792.87,2224.35,0.0,2196.82,0.0,5018.09,3.36,0.0,0.0,0.0,9026.8,0.0,0.0,0.00,3792.87,1759.54,0.00,2196.82,0.00
CZ11/ERC&0&cDXHP&Ex&dxHP_equip__pkgEER/NE-dxAC_equip-pkgSEER-13.4-SEER2-VarFan/instance-out.sql,24268.61,1759.54,4039.65,2224.35,0.0,2196.82,0.0,5018.09,3.36,0.0,0.0,0.0,9026.8,0.0,0.0,0.00,4039.65,1759.54,0.00,2196.82,0.00
CZ11/ESe&0&cDXHP&Ex&dxHP_equip__pkgEER/NE-dxAC_equip-pkgEER-14.2-IEER-TE-0.81/instance-out.sql,1382720.69,140711.89,236940.82,197959.32,0.0,323176.74,0.0,269018.04,3.39,0.0,0.0,0.0,214910.5,0.0,0.0,0.00,236940.82,140711.89,0.00,259085.82,64090.92
CZ11/ESe&0&cDXHP&Ex&dxHP_equip__pkgEER/NE-dxAC_equip-pkgEER-13.2-IEER-TE-0.81/instance-out.sql,1386645.85,140711.89,240865.98,197959.32,0.0,323176.74,0.0,269018.04,3.39,0.0,0.0,0.0,214910.5,0.0,0.0,0.00,240865.98,140711.89,0.00,259085.82,64090.92
CZ11/ESe&0&cDXHP&Ex&dxHP_equip__pkgEER/NE-dxAC_equip-pkgEER-14.8-IEER-TE-0.81/instance-out.sql,1379325.95,140711.89,233546.09,197959.32,0.0,323176.74,0.0,269018.04,3.39,0.0,0.0,0.0,214910.5,0.0,0.0,0.00,233546.09,140711.89,0.00,259085.82,64090.92
CZ11/ESe&0&cDXHP&Ex&dxHP_equip__pkgEER/NE-dxAC_equip-pkgSEER-13.4-SEER2/instance-out.sql,1384755.2,140711.89,238975.33,197959.32,0.0,323176.74,0.0,269018.04,3.39,0.0,0.0,0.0,214910.5,0.0,0.0,0.00,238975.33,140711.89,0.00,259085.82,64090.92
CZ11/ESe&0&cDXHP&Ex&dxHP_equip__pkgEER/NE-dxAC_equip-pkgEER-12.2-IEER-TE-0.80/instance-out.sql,1390373.49,140928.68,244376.82,197959.32,0.0,323176.74,0.0,269018.04,3.39,0.0,0.0,0.0,214910.5,0.0,0.0,0.00,244376.82,140928.68,0.00,259085.82,64090.92
CZ11/ESe&0&cDXHP&Ex&dxHP_equip__pkgEER/NE-dxAC_equip-pkgEER-11.4-IEER-TE-0.80/instance-out.sql,1397072.75,140928.68,251076.08,197959.32,0.0,323176.74,0.0,269018.04,3.39,0.0,0.0,0.0,214910.5,0.0,0.0,0.00,251076.08,140928.68,0.00,259085.82,64090.92
CZ11/ESe&0&cDXHP&Ex&dxHP_equip__pkgEER/NE-dxAC_equip-pkgEER-12.7-IEER-TE-0.80/instance-out.sql,1390634.74,140928.68,244638.08,197959.32,0.0,323176.74,0.0,269018.04,3.39,0.0,0.0,0.0,214910.5,0.0,0.0,0.00,244638.08,140928.68,0.00,259085.82,64090.92
CZ11/ESe&0&cDXHP&Ex&dxHP_equip__pkgEER/NE-dxAC_equip-pkgSEER-12.35-SEER2/instance-out.sql,1389088.7,140928.68,243092.04,197959.32,0.0,323176.74,0.0,269018.04,3.39,0.0,0.0,0.0,214910.5,0.0,0.0,0.00,243092.04,140928.68,0.00,259085.82,64090.92
CZ11/ESe&0&cDXHP&Ex&dxHP_equip__pkgEER/NE-dxHP_equip-pkgEER-14.5-IEER/instance-out.sql,1371779.0999999999,128717.7,238281.51,197959.32,0.0,323176.74,0.0,268729.95,3.39,0.0,0.0,0.0,214910.49,0.0,0.0,5349.45,238281.51,123368.25,0.00,259085.82,64090.92
CZ11/ESe&0&cDXHP&Ex&dxHP_equip__pkgEER/NE-dxHP_equip-pkgEER-15.5-IEER/instance-out.sql,1368351.94,128717.7,234854.35,197959.32,0.0,323176.74,0.0,268729.95,3.39,0.0,0.0,0.0,214910.49,0.0,0.0,5349.45,234854.35,123368.25,0.00,259085.82,64090.92
CZ11/ESe&0&cDXHP&Ex&dxHP_equip__pkgEER/NE-dxHP_equip-pkgEER-13.5-IEER/instance-out.sql,1375254.17,128717.7,241756.59,197959.32,0.0,323176.74,0.0,268729.95,3.39,0.0,0.0,0.0,214910.49,0.0,0.0,5349.45,241756.59,123368.25,0.00,259085.82,64090.92
CZ11/ESe&0&cDXHP&Ex&dxHP_equip__pkgEER/NE-dxHP_equip-pkgEER-14-IEER/instance-out.sql,1372679.71,128717.7,239182.13,197959.32,0.0,323176.74,0.0,268729.95,3.39,0.0,0.0,0.0,214910.49,0.0,0.0,5349.45,239182.13,123368.25,0.00,259085.82,64090.92
CZ11/ESe&0&cDXHP&Ex&dxHP_equip__pkgEER/NE-dxHP_equip-pkgEER-15-IEER/instance-out.sql,1368060.17,128425.93,234854.35,197959.32,0.0,323176.74,0.0,268729.95,3.39,0.0,0.0,0.0,214910.49,0.0,0.0,5057.68,234854.35,123368.25,0.00,259085.82,64090.92
CZ11/ESe&0&cDXHP&Ex&dxHP_equip__pkgEER/NE-dxHP_equip-pkgEER-16-IEER/instance-out.sql,1363576.33,128425.93,230370.52,197959.32,0.0,323176.74,0.0,268729.95,3.39,0.0,0.0,0.0,214910.49,0.0,0.0,5057.68,230370.52,123368.25,0.00,259085.82,64090.92
CZ11/ESe&0&cDXHP&Ex&dxHP_equip__pkgEER/NE-dxHP_equip-pkgSEER-15.4-SEER2/instance-out.sql,1364505.2,128041.29,231684.03,197959.32,0.0,323176.74,0.0,268729.95,3.39,0.0,0.0,0.0,214910.49,0.0,0.0,4673.04,231684.03,123368.25,0.00,259085.82,64090.92
CZ11/ESe&0&cDXHP&Ex&dxHP_equip__pkgEER/NE-dxHP_equip-pkgSEER-16.3-SEER2/instance-out.sql,1361466.74,127944.14,228742.71,197959.32,0.0,323176.74,0.0,268729.95,3.39,0.0,0.0,0.0,214910.49,0.0,0.0,4575.89,228742.71,123368.25,0.00,259085.82,64090.92
CZ11/ESe&0&cDXHP&Ex&dxHP_equip__pkgEER/NE-dxHP_equip-pkgSEER-14.4-SEER2-1Stage/instance-out.sql,1367548.8599999999,128119.98,234648.99,197959.32,0.0,323176.74,0.0,268729.95,3.39,0.0,0.0,0.0,214910.49,0.0,0.0,4751.73,234648.99,123368.25,0.00,259085.82,64090.92
CZ11/ESe&0&cDXHP&Ex&dxHP_equip__pkgEER/NE-dxHP_equip-pkgSEER-14.4-SEER2-2Stage/instance-out.sql,1331672.6400000001,126704.4,228043.09,197959.32,0.0,323176.74,0.0,240875.06,3.39,0.0,0.0,0.0,214910.65,0.0,0.0,3082.73,228043.09,123621.67,0.00,259085.82,64090.92
CZ11/ESe&0&cDXHP&Ex&dxHP_equip__pkgEER/NE-dxHP_equip-spltSEER-14.4-SEER2-8.7-HSPF/instance-out.sql,1367426.45,127997.57,234648.99,197959.32,0.0,323176.74,0.0,268729.95,3.39,0.0,0.0,0.0,214910.49,0.0,0.0,4629.32,234648.99,123368.25,0.00,259085.82,64090.92
CZ11/ESe&0&cDXHP&Ex&dxHP_equip__pkgEER/NE-dxHP_equip-spltSEER-15.4-SEER2-9-HSPF/instance-out.sql,1364408.06,127944.14,231684.03,197959.32,0.0,323176.74,0.0,268729.95,3.39,0.0,0.0,0.0,214910.49,0.0,0.0,4575.89,231684.03,123368.25,0.00,259085.82,64090.92
CZ11/ESe&0&cDXHP&Ex&dxHP_equip__pkgEER/NE-dxHP_equip-spltSEER-16.3-SEER2-9.4-HSPF/instance-out.sql,1361394.14,127871.54,228742.71,197959.32,0.0,323176.74,0.0,268729.95,3.39,0.0,0.0,0.0,214910.49,0.0,0.0,4503.29,228742.71,123368.25,0.00,259085.82,64090.92
CZ11/ESe&0&cDXHP&Ex&dxHP_equip__pkgEER/NE-dxHP_equip-spltSEER-17.3-SEER2-9.7-HSPF/instance-out.sql,1359115.92,127831.16,226504.88,197959.32,0.0,323176.74,0.0,268729.95,3.39,0.0,0.0,0.0,214910.49,0.0,0.0,4462.91,226504.88,123368.25,0.00,259085.82,64090.92
CZ11/ESe&0&cDXHP&Ex&dxHP_equip__pkgEER/NE-dxAC_equip-pkgEER-14.2-IEER-TE-0.81-VarFan/instance-out.sql,1382686.84,140716.77,236936.74,197959.32,0.0,323176.74,0.0,268983.39,3.39,0.0,0.0,0.0,214910.5,0.0,0.0,0.00,236936.74,140716.77,0.00,259085.82,64090.92
CZ11/ESe&0&cDXHP&Ex&dxHP_equip__pkgEER/NE-dxAC_equip-pkgEER-13.2-IEER-TE-0.81-VarFan/instance-out.sql,1386611.82,140716.77,240861.72,197959.32,0.0,323176.74,0.0,268983.39,3.39,0.0,0.0,0.0,214910.5,0.0,0.0,0.00,240861.72,140716.77,0.00,259085.82,64090.92
CZ11/ESe&0&cDXHP&Ex&dxHP_equip__pkgEER/NE-dxAC_equip-pkgEER-14.8-IEER-TE-0.81-VarFan/instance-out.sql,1379292.26,140716.77,233542.16,197959.32,0.0,323176.74,0.0,268983.39,3.39,0.0,0.0,0.0,214910.5,0.0,0.0,0.00,233542.16,140716.77,0.00,259085.82,64090.92
CZ11/ESe&0&cDXHP&Ex&dxHP_equip__pkgEER/NE-dxAC_equip-pkgSEER-13.4-SEER2-VarFan/instance-out.sql,1384721.26,140716.77,238971.15,197959.32,0.0,323176.74,0.0,268983.39,3.39,0.0,0.0,0.0,214910.5,0.0,0.0,0.00,238971.15,140716.77,0.00,259085.82,64090.92
CZ11/EUn&0&cDXHP&Ex&dxHP_equip__pkgEER/NE-dxAC_equip-pkgEER-14.2-IEER-TE-0.81/instance-out.sql,9631332.870000001,234191.48,1698855.65,1277404.75,0.0,3682881.23,0.0,2044785.79,3.37,0.0,0.0,0.0,693210.6,0.0,0.0,0.00,1698855.65,234191.48,0.00,3555459.15,127422.08
CZ11/EUn&0&cDXHP&Ex&dxHP_equip__pkgEER/NE-dxAC_equip-pkgEER-13.2-IEER-TE-0.81/instance-out.sql,9690569.27,234191.48,1758092.04,1277404.75,0.0,3682881.23,0.0,2044785.79,3.37,0.0,0.0,0.0,693210.6,0.0,0.0,0.00,1758092.04,234191.48,0.00,3555459.15,127422.08
CZ11/EUn&0&cDXHP&Ex&dxHP_equip__pkgEER/NE-dxAC_equip-pkgEER-14.8-IEER-TE-0.81/instance-out.sql,9580101.4,234191.48,1647624.18,1277404.75,0.0,3682881.23,0.0,2044785.79,3.37,0.0,0.0,0.0,693210.6,0.0,0.0,0.00,1647624.18,234191.48,0.00,3555459.15,127422.08
CZ11/EUn&0&cDXHP&Ex&dxHP_equip__pkgEER/NE-dxAC_equip-pkgSEER-13.4-SEER2/instance-out.sql,9662036.55,234191.48,1729559.33,1277404.75,0.0,3682881.23,0.0,2044785.79,3.37,0.0,0.0,0.0,693210.6,0.0,0.0,0.00,1729559.33,234191.48,0.00,3555459.15,127422.08
CZ11/EUn&0&cDXHP&Ex&dxHP_equip__pkgEER/NE-dxAC_equip-pkgEER-12.2-IEER-TE-0.80/instance-out.sql,9746199.49,236838.04,1811075.71,1277404.75,0.0,3682881.23,0.0,2044785.79,3.37,0.0,0.0,0.0,693210.6,0.0,0.0,0.00,1811075.71,236838.04,0.00,3555459.15,127422.08
CZ11/EUn&0&cDXHP&Ex&dxHP_equip__pkgEER/NE-dxAC_equip-pkgEER-11.4-IEER-TE-0.80/instance-out.sql,9847300.97,236838.04,1912177.18,1277404.75,0.0,3682881.23,0.0,2044785.79,3.37,0.0,0.0,0.0,693210.6,0.0,0.0,0.00,1912177.18,236838.04,0.00,3555459.15,127422.08
CZ11/EUn&0&cDXHP&Ex&dxHP_equip__pkgEER/NE-dxAC_equip-pkgEER-12.7-IEER-TE-0.80/instance-out.sql,9750142.17,236838.04,1815018.38,1277404.75,0.0,3682881.23,0.0,2044785.79,3.37,0.0,0.0,0.0,693210.6,0.0,0.0,0.00,1815018.38,236838.04,0.00,3555459.15,127422.08
CZ11/EUn&0&cDXHP&Ex&dxHP_equip__pkgEER/NE-dxAC_equip-pkgSEER-12.35-SEER2/instance-out.sql,9726810.16,236838.04,1791686.38,1277404.75,0.0,3682881.23,0.0,2044785.79,3.37,0.0,0.0,0.0,693210.6,0.0,0.0,0.00,1791686.38,236838.04,0.00,3555459.15,127422.08
CZ11/EUn&0&cDXHP&Ex&dxHP_equip__pkgEER/NE-dxHP_equip-pkgEER-14.5-IEER/instance-out.sql,9524050.65,87505.88,1746839.76,1277404.75,0.0,3682881.23,0.0,2036205.65,3.37,0.0,0.0,0.0,693210.01,0.0,0.0,65039.04,1746839.76,22466.84,0.00,3555459.15,127422.08
CZ11/EUn&0&cDXHP&Ex&dxHP_equip__pkgEER/NE-dxHP_equip-pkgEER-15.5-IEER/instance-out.sql,9471355.06,87505.88,1694144.17,1277404.75,0.0,3682881.23,0.0,2036205.65,3.37,0.0,0.0,0.0,693210.01,0.0,0.0,65039.04,1694144.17,22466.84,0.00,3555459.15,127422.08
CZ11/EUn&0&cDXHP&Ex&dxHP_equip__pkgEER/NE-dxHP_equip-pkgEER-13.5-IEER/instance-out.sql,9577482.94,87505.88,1800272.04,1277404.75,0.0,3682881.23,0.0,2036205.65,3.37,0.0,0.0,0.0,693210.01,0.0,0.0,65039.04,1800272.04,22466.84,0.00,3555459.15,127422.08
CZ11/EUn&0&cDXHP&Ex&dxHP_equip__pkgEER/NE-dxHP_equip-pkgEER-14-IEER/instance-out.sql,9537898.4,87505.88,1760687.51,1277404.75,0.0,3682881.23,0.0,2036205.65,3.37,0.0,0.0,0.0,693210.01,0.0,0.0,65039.04,1760687.51,22466.84,0.00,3555459.15,127422.08
CZ11/EUn&0&cDXHP&Ex&dxHP_equip__pkgEER/NE-dxHP_equip-pkgEER-15-IEER/instance-out.sql,9467758.969999999,83909.79,1694144.17,1277404.75,0.0,3682881.23,0.0,2036205.65,3.37,0.0,0.0,0.0,693210.01,0.0,0.0,61442.95,1694144.17,22466.84,0.00,3555459.15,127422.08
CZ11/EUn&0&cDXHP&Ex&dxHP_equip__pkgEER/NE-dxHP_equip-pkgEER-16-IEER/instance-out.sql,9398816.08,83909.79,1625201.27,1277404.75,0.0,3682881.23,0.0,2036205.65,3.37,0.0,0.0,0.0,693210.01,0.0,0.0,61442.95,1625201.27,22466.84,0.00,3555459.15,127422.08
CZ11/EUn&0&cDXHP&Ex&dxHP_equip__pkgEER/NE-dxHP_equip-pkgSEER-15.4-SEER2/instance-out.sql,9414271.709999999,79169.04,1645397.66,1277404.75,0.0,3682881.23,0.0,2036205.65,3.37,0.0,0.0,0.0,693210.01,0.0,0.0,56702.20,1645397.66,22466.84,0.00,3555459.15,127422.08
CZ11/EUn&0&cDXHP&Ex&dxHP_equip__pkgEER/NE-dxHP_equip-pkgSEER-16.3-SEER2/instance-out.sql,9367849.049999999,77971.69,1600172.35,1277404.75,0.0,3682881.23,0.0,2036205.65,3.37,0.0,0.0,0.0,693210.01,0.0,0.0,55504.85,1600172.35,22466.84,0.00,3555459.15,127422.08
CZ11/EUn&0&cDXHP&Ex&dxHP_equip__pkgEER/NE-dxHP_equip-pkgSEER-14.4-SEER2-1Stage/instance-out.sql,9460830.51,80138.91,1690986.59,1277404.75,0.0,3682881.23,0.0,2036205.65,3.37,0.0,0.0,0.0,693210.01,0.0,0.0,57672.07,1690986.59,22466.84,0.00,3555459.15,127422.08
CZ11/EUn&0&cDXHP&Ex&dxHP_equip__pkgEER/NE-dxHP_equip-pkgSEER-14.4-SEER2-2Stage/instance-out.sql,8843878.4,63615.7,1589067.96,1277404.75,0.0,3682881.23,0.0,1537695.21,3.37,0.0,0.0,0.0,693210.17,0.0,0.0,40653.78,1589067.96,22961.92,0.00,3555459.15,127422.08
CZ11/EUn&0&cDXHP&Ex&dxHP_equip__pkgEER/NE-dxHP_equip-spltSEER-14.4-SEER2-8.7-HSPF/instance-out.sql,9459321.78,78630.18,1690986.59,1277404.75,0.0,3682881.23,0.0,2036205.65,3.37,0.0,0.0,0.0,693210.01,0.0,0.0,56163.34,1690986.59,22466.84,0.00,3555459.15,127422.08
CZ11/EUn&0&cDXHP&Ex&dxHP_equip__pkgEER/NE-dxHP_equip-spltSEER-15.4-SEER2-9-HSPF/instance-out.sql,9413074.36,77971.69,1645397.66,1277404.75,0.0,3682881.23,0.0,2036205.65,3.37,0.0,0.0,0.0,693210.01,0.0,0.0,55504.85,1645397.66,22466.84,0.00,3555459.15,127422.08
CZ11/EUn&0&cDXHP&Ex&dxHP_equip__pkgEER/NE-dxHP_equip-spltSEER-16.3-SEER2-9.4-HSPF/instance-out.sql,9366954.209999999,77076.85,1600172.35,1277404.75,0.0,3682881.23,0.0,2036205.65,3.37,0.0,0.0,0.0,693210.01,0.0,0.0,54610.01,1600172.35,22466.84,0.00,3555459.15,127422.08
CZ11/EUn&0&cDXHP&Ex&dxHP_equip__pkgEER/NE-dxHP_equip-spltSEER-17.3-SEER2-9.7-HSPF/instance-out.sql,9332047.81,76579.13,1565763.67,1277404.75,0.0,3682881.23,0.0,2036205.65,3.37,0.0,0.0,0.0,693210.01,0.0,0.0,54112.29,1565763.67,22466.84,0.00,3555459.15,127422.08
CZ11/EUn&0&cDXHP&Ex&dxHP_equip__pkgEER/NE-dxAC_equip-pkgEER-14.2-IEER-TE-0.81-VarFan/instance-out.sql,9630683.280000001,234270.87,1698787.29,1277404.75,0.0,3682881.23,0.0,2044125.18,3.37,0.0,0.0,0.0,693210.59,0.0,0.0,0.00,1698787.29,234270.87,0.00,3555459.15,127422.08
CZ11/EUn&0&cDXHP&Ex&dxHP_equip__pkgEER/NE-dxAC_equip-pkgEER-13.2-IEER-TE-0.81-VarFan/instance-out.sql,9689916.61,234270.87,1758020.62,1277404.75,0.0,3682881.23,0.0,2044125.18,3.37,0.0,0.0,0.0,693210.59,0.0,0.0,0.00,1758020.62,234270.87,0.00,3555459.15,127422.08
CZ11/EUn&0&cDXHP&Ex&dxHP_equip__pkgEER/NE-dxAC_equip-pkgEER-14.8-IEER-TE-0.81-VarFan/instance-out.sql,9579454.46,234270.87,1647558.47,1277404.75,0.0,3682881.23,0.0,2044125.18,3.37,0.0,0.0,0.0,693210.59,0.0,0.0,0.00,1647558.47,234270.87,0.00,3555459.15,127422.08
CZ11/EUn&0&cDXHP&Ex&dxHP_equip__pkgEER/NE-dxAC_equip-pkgSEER-13.4-SEER2-VarFan/instance-out.sql,9661385.370000001,234270.87,1729489.38,1277404.75,0.0,3682881.23,0.0,2044125.18,3.37,0.0,0.0,0.0,693210.59,0.0,0.0,0.00,1729489.38,234270.87,0.00,3555459.15,127422.08
CZ11/Gro&0&cDXHP&Ex&dxHP_equip__pkgEER/NE-dxAC_equip-pkgEER-14.2-IEER-TE-0.81/instance-out.sql,2067526.05,144612.46,127764.1,249218.65,0.0,177584.03,0.0,177625.76,3.38,0.0,0.0,0.0,56187.49,1134530.17,0.0,0.00,127764.10,144612.46,0.00,177584.03,0.00
CZ11/Gro&0&cDXHP&Ex&dxHP_equip__pkgEER/NE-dxAC_equip-pkgEER-13.2-IEER-TE-0.81/instance-out.sql,2073327.48,144612.46,133565.53,249218.65,0.0,177584.03,0.0,177625.76,3.38,0.0,0.0,0.0,56187.49,1134530.17,0.0,0.00,133565.53,144612.46,0.00,177584.03,0.00
CZ11/Gro&0&cDXHP&Ex&dxHP_equip__pkgEER/NE-dxAC_equip-pkgEER-14.8-IEER-TE-0.81/instance-out.sql,2062508.5999999999,144612.46,122746.65,249218.65,0.0,177584.03,0.0,177625.76,3.38,0.0,0.0,0.0,56187.49,1134530.17,0.0,0.00,122746.65,144612.46,0.00,177584.03,0.00
CZ11/Gro&0&cDXHP&Ex&dxHP_equip__pkgEER/NE-dxAC_equip-pkgSEER-13.4-SEER2/instance-out.sql,2070533.0799999998,144612.46,130771.12,249218.65,0.0,177584.03,0.0,177625.76,3.38,0.0,0.0,0.0,56187.49,1134530.17,0.0,0.00,130771.12,144612.46,0.00,177584.03,0.00
CZ11/Gro&0&cDXHP&Ex&dxHP_equip__pkgEER/NE-dxAC_equip-pkgEER-12.2-IEER-TE-0.80/instance-out.sql,2080324.2000000002,146420.11,138754.59,249218.65,0.0,177584.03,0.0,177625.76,3.38,0.0,0.0,0.0,56187.49,1134530.17,0.0,0.00,138754.59,146420.11,0.00,177584.03,0.00
CZ11/Gro&0&cDXHP&Ex&dxHP_equip__pkgEER/NE-dxAC_equip-pkgEER-11.4-IEER-TE-0.80/instance-out.sql,2090225.77,146420.11,148656.16,249218.65,0.0,177584.03,0.0,177625.76,3.38,0.0,0.0,0.0,56187.49,1134530.17,0.0,0.00,148656.16,146420.11,0.00,177584.03,0.00
CZ11/Gro&0&cDXHP&Ex&dxHP_equip__pkgEER/NE-dxAC_equip-pkgEER-12.7-IEER-TE-0.80/instance-out.sql,2080710.33,146420.11,139140.72,249218.65,0.0,177584.03,0.0,177625.76,3.38,0.0,0.0,0.0,56187.49,1134530.17,0.0,0.00,139140.72,146420.11,0.00,177584.03,0.00
CZ11/Gro&0&cDXHP&Ex&dxHP_equip__pkgEER/NE-dxAC_equip-pkgSEER-12.35-SEER2/instance-out.sql,2078425.27,146420.11,136855.66,249218.65,0.0,177584.03,0.0,177625.76,3.38,0.0,0.0,0.0,56187.49,1134530.17,0.0,0.00,136855.66,146420.11,0.00,177584.03,0.00
CZ11/Gro&0&cDXHP&Ex&dxHP_equip__pkgEER/NE-dxHP_equip-pkgEER-14.5-IEER/instance-out.sql,1972867.02,40122.46,137462.35,249218.65,0.0,177584.03,0.0,177538.67,3.38,0.0,0.0,0.0,56187.49,1134749.98,0.0,40122.46,137462.35,0.00,0.00,177584.03,0.00
CZ11/Gro&0&cDXHP&Ex&dxHP_equip__pkgEER/NE-dxHP_equip-pkgEER-15.5-IEER/instance-out.sql,1967515.69,40122.46,132111.02,249218.65,0.0,177584.03,0.0,177538.67,3.38,0.0,0.0,0.0,56187.49,1134749.98,0.0,40122.46,132111.02,0.00,0.00,177584.03,0.00
CZ11/Gro&0&cDXHP&Ex&dxHP_equip__pkgEER/NE-dxHP_equip-pkgEER-13.5-IEER/instance-out.sql,1978293.17,40122.46,142888.49,249218.65,0.0,177584.03,0.0,177538.67,3.38,0.0,0.0,0.0,56187.49,1134749.98,0.0,40122.46,142888.49,0.00,0.00,177584.03,0.00
CZ11/Gro&0&cDXHP&Ex&dxHP_equip__pkgEER/NE-dxHP_equip-pkgEER-14-IEER/instance-out.sql,1974273.29,40122.46,138868.61,249218.65,0.0,177584.03,0.0,177538.67,3.38,0.0,0.0,0.0,56187.49,1134749.98,0.0,40122.46,138868.61,0.00,0.00,177584.03,0.00
CZ11/Gro&0&cDXHP&Ex&dxHP_equip__pkgEER/NE-dxHP_equip-pkgEER-15-IEER/instance-out.sql,1965224.98,37831.76,132111.02,249218.65,0.0,177584.03,0.0,177538.67,3.38,0.0,0.0,0.0,56187.49,1134749.98,0.0,37831.76,132111.02,0.00,0.00,177584.03,0.00
CZ11/Gro&0&cDXHP&Ex&dxHP_equip__pkgEER/NE-dxHP_equip-pkgEER-16-IEER/instance-out.sql,1958223.71,37831.76,125109.74,249218.65,0.0,177584.03,0.0,177538.67,3.38,0.0,0.0,0.0,56187.49,1134749.98,0.0,37831.76,125109.74,0.00,0.00,177584.03,0.00
CZ11/Gro&0&cDXHP&Ex&dxHP_equip__pkgEER/NE-dxHP_equip-pkgSEER-15.4-SEER2/instance-out.sql,1957254.83,34811.9,127160.72,249218.65,0.0,177584.03,0.0,177538.67,3.38,0.0,0.0,0.0,56187.49,1134749.98,0.0,34811.90,127160.72,0.00,0.00,177584.03,0.00
CZ11/Gro&0&cDXHP&Ex&dxHP_equip__pkgEER/NE-dxHP_equip-pkgSEER-16.3-SEER2/instance-out.sql,1951899.4,34049.19,122568.01,249218.65,0.0,177584.03,0.0,177538.67,3.38,0.0,0.0,0.0,56187.49,1134749.98,0.0,34049.19,122568.01,0.00,0.00,177584.03,0.00
CZ11/Gro&0&cDXHP&Ex&dxHP_equip__pkgEER/NE-dxHP_equip-pkgSEER-14.4-SEER2-1Stage/instance-out.sql,1962502.27,35429.71,131790.36,249218.65,0.0,177584.03,0.0,177538.67,3.38,0.0,0.0,0.0,56187.49,1134749.98,0.0,35429.71,131790.36,0.00,0.00,177584.03,0.00
CZ11/Gro&0&cDXHP&Ex&dxHP_equip__pkgEER/NE-dxHP_equip-pkgSEER-14.4-SEER2-2Stage/instance-out.sql,1875551.23,23791.36,116943.49,249218.65,0.0,177584.03,0.0,123886.34,3.38,0.0,0.0,0.0,56187.5,1127936.48,0.0,23791.36,116943.49,0.00,0.00,177584.03,0.00
CZ11/Gro&0&cDXHP&Ex&dxHP_equip__pkgEER/NE-dxHP_equip-spltSEER-14.4-SEER2-8.7-HSPF/instance-out.sql,1961541.21,34468.64,131790.36,249218.65,0.0,177584.03,0.0,177538.67,3.38,0.0,0.0,0.0,56187.49,1134749.98,0.0,34468.64,131790.36,0.00,0.00,177584.03,0.00
CZ11/Gro&0&cDXHP&Ex&dxHP_equip__pkgEER/NE-dxHP_equip-spltSEER-15.4-SEER2-9-HSPF/instance-out.sql,1956492.11,34049.19,127160.72,249218.65,0.0,177584.03,0.0,177538.67,3.38,0.0,0.0,0.0,56187.49,1134749.98,0.0,34049.19,127160.72,0.00,0.00,177584.03,0.00
CZ11/Gro&0&cDXHP&Ex&dxHP_equip__pkgEER/NE-dxHP_equip-spltSEER-16.3-SEER2-9.4-HSPF/instance-out.sql,1951329.39,33479.17,122568.01,249218.65,0.0,177584.03,0.0,177538.67,3.38,0.0,0.0,0.0,56187.49,1134749.98,0.0,33479.17,122568.01,0.00,0.00,177584.03,0.00
CZ11/Gro&0&cDXHP&Ex&dxHP_equip__pkgEER/NE-dxHP_equip-spltSEER-17.3-SEER2-9.7-HSPF/instance-out.sql,1947518.08,33162.13,119073.75,249218.65,0.0,177584.03,0.0,177538.67,3.38,0.0,0.0,0.0,56187.49,1134749.98,0.0,33162.13,119073.75,0.00,0.00,177584.03,0.00
CZ11/Gro&0&cDXHP&Ex&dxHP_equip__pkgEER/NE-dxAC_equip-pkgEER-14.2-IEER-TE-0.81-VarFan/instance-out.sql,2067469.47,144636.42,127758.86,249218.65,0.0,177584.03,0.0,177558.01,3.38,0.0,0.0,0.0,56187.49,1134522.62,0.0,0.00,127758.86,144636.42,0.00,177584.03,0.00
CZ11/Gro&0&cDXHP&Ex&dxHP_equip__pkgEER/NE-dxAC_equip-pkgEER-13.2-IEER-TE-0.81-VarFan/instance-out.sql,2073270.66,144636.42,133560.05,249218.65,0.0,177584.03,0.0,177558.01,3.38,0.0,0.0,0.0,56187.49,1134522.62,0.0,0.00,133560.05,144636.42,0.00,177584.03,0.00
CZ11/Gro&0&cDXHP&Ex&dxHP_equip__pkgEER/NE-dxAC_equip-pkgEER-14.8-IEER-TE-0.81-VarFan/instance-out.sql,2062452.22,144636.42,122741.61,249218.65,0.0,177584.03,0.0,177558.01,3.38,0.0,0.0,0.0,56187.49,1134522.62,0.0,0.00,122741.61,144636.42,0.00,177584.03,0.00
CZ11/Gro&0&cDXHP&Ex&dxHP_equip__pkgEER/NE-dxAC_equip-pkgSEER-13.4-SEER2-VarFan/instance-out.sql,2070476.3699999999,144636.42,130765.76,249218.65,0.0,177584.03,0.0,177558.01,3.38,0.0,0.0,0.0,56187.49,1134522.62,0.0,0.00,130765.76,144636.42,0.00,177584.03,0.00
CZ11/Hsp&0&cDXHP&Ex&dxHP_equip__pkgEER/NE-dxAC_equip-pkgEER-14.2-IEER-TE-0.81/instance-out.sql,4389684.4,327238.79,1122835.59,856282.21,0.0,1182847.3,0.0,614404.51,43779.54,0.0,0.0,0.0,242296.47,0.0,0.0,0.00,1122835.59,327238.79,0.00,1139112.10,43735.20
CZ11/Hsp&0&cDXHP&Ex&dxHP_equip__pkgEER/NE-dxAC_equip-pkgEER-13.2-IEER-TE-0.81/instance-out.sql,4399422.85,327238.79,1132574.04,856282.21,0.0,1182847.3,0.0,614404.51,43779.54,0.0,0.0,0.0,242296.47,0.0,0.0,0.00,1132574.04,327238.79,0.00,1139112.10,43735.20
CZ11/Hsp&0&cDXHP&Ex&dxHP_equip__pkgEER/NE-dxAC_equip-pkgEER-14.8-IEER-TE-0.81/instance-out.sql,4381261.95,327238.79,1114413.14,856282.21,0.0,1182847.3,0.0,614404.51,43779.54,0.0,0.0,0.0,242296.47,0.0,0.0,0.00,1114413.14,327238.79,0.00,1139112.10,43735.20
CZ11/Hsp&0&cDXHP&Ex&dxHP_equip__pkgEER/NE-dxAC_equip-pkgSEER-13.4-SEER2/instance-out.sql,4394732.08,327238.79,1127883.27,856282.21,0.0,1182847.3,0.0,614404.51,43779.54,0.0,0.0,0.0,242296.47,0.0,0.0,0.00,1127883.27,327238.79,0.00,1139112.10,43735.20
CZ11/Hsp&0&cDXHP&Ex&dxHP_equip__pkgEER/NE-dxAC_equip-pkgEER-12.2-IEER-TE-0.80/instance-out.sql,4408472.7,327578.13,1141284.54,856282.21,0.0,1182847.3,0.0,614404.51,43779.54,0.0,0.0,0.0,242296.47,0.0,0.0,0.00,1141284.54,327578.13,0.00,1139112.10,43735.20
CZ11/Hsp&0&cDXHP&Ex&dxHP_equip__pkgEER/NE-dxAC_equip-pkgEER-11.4-IEER-TE-0.80/instance-out.sql,4425093.76,327578.13,1157905.61,856282.21,0.0,1182847.3,0.0,614404.51,43779.54,0.0,0.0,0.0,242296.47,0.0,0.0,0.00,1157905.61,327578.13,0.00,1139112.10,43735.20
CZ11/Hsp&0&cDXHP&Ex&dxHP_equip__pkgEER/NE-dxAC_equip-pkgEER-12.7-IEER-TE-0.80/instance-out.sql,4409120.87,327578.13,1141932.72,856282.21,0.0,1182847.3,0.0,614404.51,43779.54,0.0,0.0,0.0,242296.47,0.0,0.0,0.00,1141932.72,327578.13,0.00,1139112.10,43735.20
CZ11/Hsp&0&cDXHP&Ex&dxHP_equip__pkgEER/NE-dxAC_equip-pkgSEER-12.35-SEER2/instance-out.sql,4405285.09,327578.13,1138096.94,856282.21,0.0,1182847.3,0.0,614404.51,43779.54,0.0,0.0,0.0,242296.47,0.0,0.0,0.00,1138096.94,327578.13,0.00,1139112.10,43735.20
CZ11/Hsp&0&cDXHP&Ex&dxHP_equip__pkgEER/NE-dxHP_equip-pkgEER-14.5-IEER/instance-out.sql,4383593.91,311040.19,1133463.56,856282.21,0.0,1182847.3,0.0,613900.45,43772.05,0.0,0.0,0.0,242288.16,0.0,0.0,8542.28,1133463.56,302497.91,0.00,1139112.10,43735.20
CZ11/Hsp&0&cDXHP&Ex&dxHP_equip__pkgEER/NE-dxHP_equip-pkgEER-15.5-IEER/instance-out.sql,4374811.05,311040.19,1124680.7,856282.21,0.0,1182847.3,0.0,613900.45,43772.05,0.0,0.0,0.0,242288.16,0.0,0.0,8542.28,1124680.70,302497.91,0.00,1139112.10,43735.20
CZ11/Hsp&0&cDXHP&Ex&dxHP_equip__pkgEER/NE-dxHP_equip-pkgEER-13.5-IEER/instance-out.sql,4392499.5600000005,311040.19,1142369.21,856282.21,0.0,1182847.3,0.0,613900.45,43772.05,0.0,0.0,0.0,242288.16,0.0,0.0,8542.28,1142369.21,302497.91,0.00,1139112.10,43735.20
CZ11/Hsp&0&cDXHP&Ex&dxHP_equip__pkgEER/NE-dxHP_equip-pkgEER-14-IEER/instance-out.sql,4385901.9399999995,311040.19,1135771.59,856282.21,0.0,1182847.3,0.0,613900.45,43772.05,0.0,0.0,0.0,242288.16,0.0,0.0,8542.28,1135771.59,302497.91,0.00,1139112.10,43735.20
CZ11/Hsp&0&cDXHP&Ex&dxHP_equip__pkgEER/NE-dxHP_equip-pkgEER-15-IEER/instance-out.sql,4374348.09,310577.22,1124680.7,856282.21,0.0,1182847.3,0.0,613900.45,43772.05,0.0,0.0,0.0,242288.16,0.0,0.0,8079.31,1124680.70,302497.91,0.00,1139112.10,43735.20
CZ11/Hsp&0&cDXHP&Ex&dxHP_equip__pkgEER/NE-dxHP_equip-pkgEER-16-IEER/instance-out.sql,4362857.26,310577.22,1113189.87,856282.21,0.0,1182847.3,0.0,613900.45,43772.05,0.0,0.0,0.0,242288.16,0.0,0.0,8079.31,1113189.87,302497.91,0.00,1139112.10,43735.20
CZ11/Hsp&0&cDXHP&Ex&dxHP_equip__pkgEER/NE-dxHP_equip-pkgSEER-15.4-SEER2/instance-out.sql,4365613.1,309966.89999999997,1116556.04,856282.21,0.0,1182847.3,0.0,613900.45,43772.05,0.0,0.0,0.0,242288.16,0.0,0.0,7468.99,1116556.04,302497.91,0.00,1139112.10,43735.20
CZ11/Hsp&0&cDXHP&Ex&dxHP_equip__pkgEER/NE-dxHP_equip-pkgSEER-16.3-SEER2/instance-out.sql,4357921.18,309812.75,1109018.26,856282.21,0.0,1182847.3,0.0,613900.45,43772.05,0.0,0.0,0.0,242288.16,0.0,0.0,7314.84,1109018.26,302497.91,0.00,1139112.10,43735.20
CZ11/Hsp&0&cDXHP&Ex&dxHP_equip__pkgEER/NE-dxHP_equip-pkgSEER-14.4-SEER2-1Stage/instance-out.sql,4373336.35,310091.75999999995,1124154.42,856282.21,0.0,1182847.3,0.0,613900.45,43772.05,0.0,0.0,0.0,242288.16,0.0,0.0,7593.85,1124154.42,302497.91,0.00,1139112.10,43735.20
CZ11/Hsp&0&cDXHP&Ex&dxHP_equip__pkgEER/NE-dxHP_equip-pkgSEER-14.4-SEER2-2Stage/instance-out.sql,4262435.62,311864.01,1105198.0,856282.21,0.0,1182847.3,0.0,520368.44,43742.1,0.0,0.0,0.0,242133.56,0.0,0.0,5884.03,1105198.00,305979.98,0.00,1139112.10,43735.20
CZ11/Hsp&0&cDXHP&Ex&dxHP_equip__pkgEER/NE-dxHP_equip-spltSEER-14.4-SEER2-8.7-HSPF/instance-out.sql,4373142.109999999,309897.52999999997,1124154.42,856282.21,0.0,1182847.3,0.0,613900.45,43772.05,0.0,0.0,0.0,242288.16,0.0,0.0,7399.62,1124154.42,302497.91,0.00,1139112.10,43735.20
CZ11/Hsp&0&cDXHP&Ex&dxHP_equip__pkgEER/NE-dxHP_equip-spltSEER-15.4-SEER2-9-HSPF/instance-out.sql,4365458.95,309812.75,1116556.04,856282.21,0.0,1182847.3,0.0,613900.45,43772.05,0.0,0.0,0.0,242288.16,0.0,0.0,7314.84,1116556.04,302497.91,0.00,1139112.10,43735.20
CZ11/Hsp&0&cDXHP&Ex&dxHP_equip__pkgEER/NE-dxHP_equip-spltSEER-16.3-SEER2-9.4-HSPF/instance-out.sql,4357805.970000001,309697.55,1109018.26,856282.21,0.0,1182847.3,0.0,613900.45,43772.05,0.0,0.0,0.0,242288.16,0.0,0.0,7199.64,1109018.26,302497.91,0.00,1139112.10,43735.20
CZ11/Hsp&0&cDXHP&Ex&dxHP_equip__pkgEER/NE-dxHP_equip-spltSEER-17.3-SEER2-9.7-HSPF/instance-out.sql,4352006.95,309633.47,1103283.31,856282.21,0.0,1182847.3,0.0,613900.45,43772.05,0.0,0.0,0.0,242288.16,0.0,0.0,7135.56,1103283.31,302497.91,0.00,1139112.10,43735.20
CZ11/MBT&0&cDXHP&Ex&dxHP_equip__pkgEER/NE-dxAC_equip-pkgEER-14.2-IEER-TE-0.81/instance-out.sql,7092026.13,2219424.61,778762.41,709539.71,0.0,2167645.51,0.0,1055121.9,685.75,0.0,0.0,0.0,160846.25,0.0,0.0,0.00,778762.41,2219424.61,0.00,1394057.91,773587.60
CZ11/MBT&0&cDXHP&Ex&dxHP_equip__pkgEER/NE-dxAC_equip-pkgEER-13.2-IEER-TE-0.81/instance-out.sql,7104007.04,2219424.61,790743.31,709539.71,0.0,2167645.51,0.0,1055121.9,685.75,0.0,0.0,0.0,160846.25,0.0,0.0,0.00,790743.31,2219424.61,0.00,1394057.91,773587.60
CZ11/MBT&0&cDXHP&Ex&dxHP_equip__pkgEER/NE-dxAC_equip-pkgEER-14.8-IEER-TE-0.81/instance-out.sql,7081664.27,2219424.61,768400.55,709539.71,0.0,2167645.51,0.0,1055121.9,685.75,0.0,0.0,0.0,160846.25,0.0,0.0,0.00,768400.55,2219424.61,0.00,1394057.91,773587.60
CZ11/MBT&0&cDXHP&Ex&dxHP_equip__pkgEER/NE-dxAC_equip-pkgSEER-13.4-SEER2/instance-out.sql,7098236.13,2219424.61,784972.4,709539.71,0.0,2167645.51,0.0,1055121.9,685.75,0.0,0.0,0.0,160846.25,0.0,0.0,0.00,784972.40,2219424.61,0.00,1394057.91,773587.60
CZ11/MBT&0&cDXHP&Ex&dxHP_equip__pkgEER/NE-dxAC_equip-pkgEER-12.2-IEER-TE-0.80/instance-out.sql,7115917.93,2220619.25,801459.56,709539.71,0.0,2167645.51,0.0,1055121.9,685.75,0.0,0.0,0.0,160846.25,0.0,0.0,0.00,801459.56,2220619.25,0.00,1394057.91,773587.60
CZ11/MBT&0&cDXHP&Ex&dxHP_equip__pkgEER/NE-dxAC_equip-pkgEER-11.4-IEER-TE-0.80/instance-out.sql,7136366.28,2220619.25,821907.92,709539.71,0.0,2167645.51,0.0,1055121.9,685.75,0.0,0.0,0.0,160846.25,0.0,0.0,0.00,821907.92,2220619.25,0.00,1394057.91,773587.60
CZ11/MBT&0&cDXHP&Ex&dxHP_equip__pkgEER/NE-dxAC_equip-pkgEER-12.7-IEER-TE-0.80/instance-out.sql,7116715.359999999,2220619.25,802256.99,709539.71,0.0,2167645.51,0.0,1055121.9,685.75,0.0,0.0,0.0,160846.25,0.0,0.0,0.00,802256.99,2220619.25,0.00,1394057.91,773587.60
CZ11/MBT&0&cDXHP&Ex&dxHP_equip__pkgEER/NE-dxAC_equip-pkgSEER-12.35-SEER2/instance-out.sql,7111996.32,2220619.25,797537.96,709539.71,0.0,2167645.51,0.0,1055121.9,685.75,0.0,0.0,0.0,160846.25,0.0,0.0,0.00,797537.96,2220619.25,0.00,1394057.91,773587.60
CZ11/MBT&0&cDXHP&Ex&dxHP_equip__pkgEER/NE-dxHP_equip-pkgEER-14.5-IEER/instance-out.sql,7035105.92,2152186.6300000004,790754.4,709539.71,0.0,2167645.51,0.0,1053448.67,684.77,0.0,0.0,0.0,160846.24,0.0,0.0,28314.45,790754.40,2123872.18,0.00,1394057.91,773587.60
CZ11/MBT&0&cDXHP&Ex&dxHP_equip__pkgEER/NE-dxHP_equip-pkgEER-15.5-IEER/instance-out.sql,7024343.71,2152186.6300000004,779992.19,709539.71,0.0,2167645.51,0.0,1053448.67,684.77,0.0,0.0,0.0,160846.24,0.0,0.0,28314.45,779992.19,2123872.18,0.00,1394057.91,773587.60
CZ11/MBT&0&cDXHP&Ex&dxHP_equip__pkgEER/NE-dxHP_equip-pkgEER-13.5-IEER/instance-out.sql,7046018.59,2152186.6300000004,801667.07,709539.71,0.0,2167645.51,0.0,1053448.67,684.77,0.0,0.0,0.0,160846.24,0.0,0.0,28314.45,801667.07,2123872.18,0.00,1394057.91,773587.60
CZ11/MBT&0&cDXHP&Ex&dxHP_equip__pkgEER/NE-dxHP_equip-pkgEER-14-IEER/instance-out.sql,7037934.1,2152186.6300000004,793582.57,709539.71,0.0,2167645.51,0.0,1053448.67,684.77,0.0,0.0,0.0,160846.24,0.0,0.0,28314.45,793582.57,2123872.18,0.00,1394057.91,773587.60
CZ11/MBT&0&cDXHP&Ex&dxHP_equip__pkgEER/NE-dxHP_equip-pkgEER-15-IEER/instance-out.sql,7022760.4399999995,2150603.3600000003,779992.19,709539.71,0.0,2167645.51,0.0,1053448.67,684.77,0.0,0.0,0.0,160846.24,0.0,0.0,26731.18,779992.19,2123872.18,0.00,1394057.91,773587.60
CZ11/MBT&0&cDXHP&Ex&dxHP_equip__pkgEER/NE-dxHP_equip-pkgEER-16-IEER/instance-out.sql,7008679.99,2150603.3600000003,765911.73,709539.71,0.0,2167645.51,0.0,1053448.67,684.77,0.0,0.0,0.0,160846.24,0.0,0.0,26731.18,765911.73,2123872.18,0.00,1394057.91,773587.60
CZ11/MBT&0&cDXHP&Ex&dxHP_equip__pkgEER/NE-dxHP_equip-pkgSEER-15.4-SEER2/instance-out.sql,7010717.529999999,2148516.12,770036.51,709539.71,0.0,2167645.51,0.0,1053448.67,684.77,0.0,0.0,0.0,160846.24,0.0,0.0,24643.94,770036.51,2123872.18,0.00,1394057.91,773587.60
CZ11/MBT&0&cDXHP&Ex&dxHP_equip__pkgEER/NE-dxHP_equip-pkgSEER-16.3-SEER2/instance-out.sql,7000953.84,2147988.96,760799.98,709539.71,0.0,2167645.51,0.0,1053448.67,684.77,0.0,0.0,0.0,160846.24,0.0,0.0,24116.78,760799.98,2123872.18,0.00,1394057.91,773587.60
CZ11/MBT&0&cDXHP&Ex&dxHP_equip__pkgEER/NE-dxHP_equip-pkgSEER-14.4-SEER2-1Stage/instance-out.sql,7020455.33,2148943.1300000004,779347.3,709539.71,0.0,2167645.51,0.0,1053448.67,684.77,0.0,0.0,0.0,160846.24,0.0,0.0,25070.95,779347.30,2123872.18,0.00,1394057.91,773587.60
CZ11/MBT&0&cDXHP&Ex&dxHP_equip__pkgEER/NE-dxHP_equip-pkgSEER-14.4-SEER2-2Stage/instance-out.sql,6886074.890000001,2142402.35,760358.06,709539.71,0.0,2167645.51,0.0,944598.04,684.84,0.0,0.0,0.0,160846.39,0.0,0.0,16192.61,760358.06,2126209.74,0.00,1394057.91,773587.60
CZ11/MBT&0&cDXHP&Ex&dxHP_equip__pkgEER/NE-dxHP_equip-spltSEER-14.4-SEER2-8.7-HSPF/instance-out.sql,7019791.07,2148278.87,779347.3,709539.71,0.0,2167645.51,0.0,1053448.67,684.77,0.0,0.0,0.0,160846.24,0.0,0.0,24406.69,779347.30,2123872.18,0.00,1394057.91,773587.60
CZ11/MBT&0&cDXHP&Ex&dxHP_equip__pkgEER/NE-dxHP_equip-spltSEER-15.4-SEER2-9-HSPF/instance-out.sql,7010190.37,2147988.96,770036.51,709539.71,0.0,2167645.51,0.0,1053448.67,684.77,0.0,0.0,0.0,160846.24,0.0,0.0,24116.78,770036.51,2123872.18,0.00,1394057.91,773587.60
CZ11/MBT&0&cDXHP&Ex&dxHP_equip__pkgEER/NE-dxHP_equip-spltSEER-16.3-SEER2-9.4-HSPF/instance-out.sql,7000559.859999999,2147594.98,760799.98,709539.71,0.0,2167645.51,0.0,1053448.67,684.77,0.0,0.0,0.0,160846.24,0.0,0.0,23722.80,760799.98,2123872.18,0.00,1394057.91,773587.60
CZ11/MBT&0&cDXHP&Ex&dxHP_equip__pkgEER/NE-dxHP_equip-spltSEER-17.3-SEER2-9.7-HSPF/instance-out.sql,6993313.32,2147375.85,753772.58,709539.71,0.0,2167645.51,0.0,1053448.67,684.77,0.0,0.0,0.0,160846.24,0.0,0.0,23503.67,753772.58,2123872.18,0.00,1394057.91,773587.60
CZ11/MLI&0&cDXHP&Ex&dxHP_equip__pkgEER/NE-dxAC_equip-pkgEER-14.2-IEER-TE-0.81/instance-out.sql,1368362.73,134114.9,284369.05,283149.19,0.0,239893.0,0.0,381686.09,3.37,0.0,0.0,0.0,45147.12,0.0,0.0,0.00,284369.05,134114.90,0.00,239893.00,0.00
CZ11/MLI&0&cDXHP&Ex&dxHP_equip__pkgEER/NE-dxAC_equip-pkgEER-13.2-IEER-TE-0.81/instance-out.sql,1381285.58,134114.9,297291.91,283149.19,0.0,239893.0,0.0,381686.09,3.37,0.0,0.0,0.0,45147.12,0.0,0.0,0.00,297291.91,134114.90,0.00,239893.00,0.00
CZ11/MLI&0&cDXHP&Ex&dxHP_equip__pkgEER/NE-dxAC_equip-pkgEER-14.8-IEER-TE-0.81/instance-out.sql,1357186.21,134114.9,273192.53,283149.19,0.0,239893.0,0.0,381686.09,3.37,0.0,0.0,0.0,45147.12,0.0,0.0,0.00,273192.53,134114.90,0.00,239893.00,0.00
CZ11/MLI&0&cDXHP&Ex&dxHP_equip__pkgEER/NE-dxAC_equip-pkgSEER-13.4-SEER2/instance-out.sql,1375060.96,134114.9,291067.29,283149.19,0.0,239893.0,0.0,381686.09,3.37,0.0,0.0,0.0,45147.12,0.0,0.0,0.00,291067.29,134114.90,0.00,239893.00,0.00
CZ11/MLI&0&cDXHP&Ex&dxHP_equip__pkgEER/NE-dxAC_equip-pkgEER-12.2-IEER-TE-0.80/instance-out.sql,1394520.8,135791.34,308850.68,283149.19,0.0,239893.0,0.0,381686.09,3.37,0.0,0.0,0.0,45147.12,0.0,0.0,0.00,308850.68,135791.34,0.00,239893.00,0.00
CZ11/MLI&0&cDXHP&Ex&dxHP_equip__pkgEER/NE-dxAC_equip-pkgEER-11.4-IEER-TE-0.80/instance-out.sql,1416576.82,135791.34,330906.71,283149.19,0.0,239893.0,0.0,381686.09,3.37,0.0,0.0,0.0,45147.12,0.0,0.0,0.00,330906.71,135791.34,0.00,239893.00,0.00
CZ11/MLI&0&cDXHP&Ex&dxHP_equip__pkgEER/NE-dxAC_equip-pkgEER-12.7-IEER-TE-0.80/instance-out.sql,1395380.92,135791.34,309710.8,283149.19,0.0,239893.0,0.0,381686.09,3.37,0.0,0.0,0.0,45147.12,0.0,0.0,0.00,309710.80,135791.34,0.00,239893.00,0.00
CZ11/MLI&0&cDXHP&Ex&dxHP_equip__pkgEER/NE-dxAC_equip-pkgSEER-12.35-SEER2/instance-out.sql,1390290.8699999999,135791.34,304620.76,283149.19,0.0,239893.0,0.0,381686.09,3.37,0.0,0.0,0.0,45147.12,0.0,0.0,0.00,304620.76,135791.34,0.00,239893.00,0.00
CZ11/MLI&0&cDXHP&Ex&dxHP_equip__pkgEER/NE-dxHP_equip-pkgEER-14.5-IEER/instance-out.sql,1272831.7400000002,39720.67,283244.47,283149.19,0.0,239893.0,0.0,381673.91,3.37,0.0,0.0,0.0,45147.12,0.0,0.0,39720.67,283244.47,0.00,0.00,239893.00,0.00
CZ11/MLI&0&cDXHP&Ex&dxHP_equip__pkgEER/NE-dxHP_equip-pkgEER-15.5-IEER/instance-out.sql,1261805.1900000002,39720.67,272217.92,283149.19,0.0,239893.0,0.0,381673.91,3.37,0.0,0.0,0.0,45147.12,0.0,0.0,39720.67,272217.92,0.00,0.00,239893.00,0.00
CZ11/MLI&0&cDXHP&Ex&dxHP_equip__pkgEER/NE-dxHP_equip-pkgEER-13.5-IEER/instance-out.sql,1284012.4400000002,39720.67,294425.17,283149.19,0.0,239893.0,0.0,381673.91,3.37,0.0,0.0,0.0,45147.12,0.0,0.0,39720.67,294425.17,0.00,0.00,239893.00,0.00
CZ11/MLI&0&cDXHP&Ex&dxHP_equip__pkgEER/NE-dxHP_equip-pkgEER-14-IEER/instance-out.sql,1275729.3800000001,39720.67,286142.11,283149.19,0.0,239893.0,0.0,381673.91,3.37,0.0,0.0,0.0,45147.12,0.0,0.0,39720.67,286142.11,0.00,0.00,239893.00,0.00
CZ11/MLI&0&cDXHP&Ex&dxHP_equip__pkgEER/NE-dxHP_equip-pkgEER-15-IEER/instance-out.sql,1259582.6500000001,37498.13,272217.92,283149.19,0.0,239893.0,0.0,381673.91,3.37,0.0,0.0,0.0,45147.12,0.0,0.0,37498.13,272217.92,0.00,0.00,239893.00,0.00
CZ11/MLI&0&cDXHP&Ex&dxHP_equip__pkgEER/NE-dxHP_equip-pkgEER-16-IEER/instance-out.sql,1245156.35,37498.13,257791.62,283149.19,0.0,239893.0,0.0,381673.91,3.37,0.0,0.0,0.0,45147.12,0.0,0.0,37498.13,257791.62,0.00,0.00,239893.00,0.00
CZ11/MLI&0&cDXHP&Ex&dxHP_equip__pkgEER/NE-dxHP_equip-pkgSEER-15.4-SEER2/instance-out.sql,1246452.4600000002,34568.15,262017.72,283149.19,0.0,239893.0,0.0,381673.91,3.37,0.0,0.0,0.0,45147.12,0.0,0.0,34568.15,262017.72,0.00,0.00,239893.00,0.00
CZ11/MLI&0&cDXHP&Ex&dxHP_equip__pkgEER/NE-dxHP_equip-pkgSEER-16.3-SEER2/instance-out.sql,1236249.05,33828.13,252554.32,283149.19,0.0,239893.0,0.0,381673.91,3.37,0.0,0.0,0.0,45147.12,0.0,0.0,33828.13,252554.32,0.00,0.00,239893.00,0.00
CZ11/MLI&0&cDXHP&Ex&dxHP_equip__pkgEER/NE-dxHP_equip-pkgSEER-14.4-SEER2-1Stage/instance-out.sql,1256591.36,35167.57,271557.2,283149.19,0.0,239893.0,0.0,381673.91,3.37,0.0,0.0,0.0,45147.12,0.0,0.0,35167.57,271557.20,0.00,0.00,239893.00,0.00
CZ11/MLI&0&cDXHP&Ex&dxHP_equip__pkgEER/NE-dxHP_equip-pkgSEER-14.4-SEER2-2Stage/instance-out.sql,1109824.21,26644.61,250702.34,283149.19,0.0,239893.0,0.0,264284.57,3.37,0.0,0.0,0.0,45147.14,0.0,0.0,26644.61,250702.34,0.00,0.00,239893.00,0.00
CZ11/MLI&0&cDXHP&Ex&dxHP_equip__pkgEER/NE-dxHP_equip-spltSEER-14.4-SEER2-8.7-HSPF/instance-out.sql,1255658.9000000001,34235.11,271557.2,283149.19,0.0,239893.0,0.0,381673.91,3.37,0.0,0.0,0.0,45147.12,0.0,0.0,34235.11,271557.20,0.00,0.00,239893.00,0.00
CZ11/MLI&0&cDXHP&Ex&dxHP_equip__pkgEER/NE-dxHP_equip-spltSEER-15.4-SEER2-9-HSPF/instance-out.sql,1245712.4400000002,33828.13,262017.72,283149.19,0.0,239893.0,0.0,381673.91,3.37,0.0,0.0,0.0,45147.12,0.0,0.0,33828.13,262017.72,0.00,0.00,239893.00,0.00
CZ11/MLI&0&cDXHP&Ex&dxHP_equip__pkgEER/NE-dxHP_equip-spltSEER-16.3-SEER2-9.4-HSPF/instance-out.sql,1235696.0,33275.08,252554.32,283149.19,0.0,239893.0,0.0,381673.91,3.37,0.0,0.0,0.0,45147.12,0.0,0.0,33275.08,252554.32,0.00,0.00,239893.00,0.00
CZ11/MLI&0&cDXHP&Ex&dxHP_equip__pkgEER/NE-dxHP_equip-spltSEER-17.3-SEER2-9.7-HSPF/instance-out.sql,1228188.3800000001,32967.47,245354.31,283149.19,0.0,239893.0,0.0,381673.91,3.37,0.0,0.0,0.0,45147.12,0.0,0.0,32967.47,245354.31,0.00,0.00,239893.00,0.00
CZ11/Mtl&0&cDXHP&Ex&dxHP_equip__pkgEER/NE-dxAC_equip-pkgEER-14.2-IEER-TE-0.81/instance-out.sql,228803.62,21280.31,61581.03,51285.47,0.0,22443.33,0.0,64562.09,3.36,0.0,0.0,0.0,7648.01,0.0,0.0,0.00,61581.03,21280.31,0.00,22191.36,251.97
CZ11/Mtl&0&cDXHP&Ex&dxHP_equip__pkgEER/NE-dxAC_equip-pkgEER-13.2-IEER-TE-0.81/instance-out.sql,231090.81,21280.31,63868.22,51285.47,0.0,22443.33,0.0,64562.09,3.36,0.0,0.0,0.0,7648.01,0.0,0.0,0.00,63868.22,21280.31,0.00,22191.36,251.97
CZ11/Mtl&0&cDXHP&Ex&dxHP_equip__pkgEER/NE-dxAC_equip-pkgEER-14.8-IEER-TE-0.81/instance-out.sql,226825.50999999998,21280.31,59602.92,51285.47,0.0,22443.33,0.0,64562.09,3.36,0.0,0.0,0.0,7648.01,0.0,0.0,0.00,59602.92,21280.31,0.00,22191.36,251.97
CZ11/Mtl&0&cDXHP&Ex&dxHP_equip__pkgEER/NE-dxAC_equip-pkgSEER-13.4-SEER2/instance-out.sql,229989.12,21280.31,62766.54,51285.47,0.0,22443.33,0.0,64562.09,3.36,0.0,0.0,0.0,7648.01,0.0,0.0,0.00,62766.54,21280.31,0.00,22191.36,251.97
CZ11/Mtl&0&cDXHP&Ex&dxHP_equip__pkgEER/NE-dxAC_equip-pkgEER-12.2-IEER-TE-0.80/instance-out.sql,233397.4,21541.15,65913.98,51285.47,0.0,22443.33,0.0,64562.09,3.36,0.0,0.0,0.0,7648.01,0.0,0.0,0.00,65913.98,21541.15,0.00,22191.36,251.97
CZ11/Mtl&0&cDXHP&Ex&dxHP_equip__pkgEER/NE-dxAC_equip-pkgEER-11.4-IEER-TE-0.80/instance-out.sql,237301.05000000002,21541.15,69817.63,51285.47,0.0,22443.33,0.0,64562.09,3.36,0.0,0.0,0.0,7648.01,0.0,0.0,0.00,69817.63,21541.15,0.00,22191.36,251.97
CZ11/Mtl&0&cDXHP&Ex&dxHP_equip__pkgEER/NE-dxAC_equip-pkgEER-12.7-IEER-TE-0.80/instance-out.sql,233549.63,21541.15,66066.21,51285.47,0.0,22443.33,0.0,64562.09,3.36,0.0,0.0,0.0,7648.01,0.0,0.0,0.00,66066.21,21541.15,0.00,22191.36,251.97
CZ11/Mtl&0&cDXHP&Ex&dxHP_equip__pkgEER/NE-dxAC_equip-pkgSEER-12.35-SEER2/instance-out.sql,232648.76,21541.15,65165.34,51285.47,0.0,22443.33,0.0,64562.09,3.36,0.0,0.0,0.0,7648.01,0.0,0.0,0.00,65165.34,21541.15,0.00,22191.36,251.97
CZ11/Mtl&0&cDXHP&Ex&dxHP_equip__pkgEER/NE-dxHP_equip-pkgEER-14.5-IEER/instance-out.sql,214245.25999999998,6818.24,61517.19,51285.47,0.0,22443.33,0.0,64529.65,3.36,0.0,0.0,0.0,7648.01,0.0,0.0,6404.54,61517.19,413.70,0.00,22191.36,251.97
CZ11/Mtl&0&cDXHP&Ex&dxHP_equip__pkgEER/NE-dxHP_equip-pkgEER-15.5-IEER/instance-out.sql,212274.05,6818.24,59545.98,51285.47,0.0,22443.33,0.0,64529.65,3.36,0.0,0.0,0.0,7648.01,0.0,0.0,6404.54,59545.98,413.70,0.00,22191.36,251.97
CZ11/Mtl&0&cDXHP&Ex&dxHP_equip__pkgEER/NE-dxHP_equip-pkgEER-13.5-IEER/instance-out.sql,216244.03,6818.24,63515.96,51285.47,0.0,22443.33,0.0,64529.65,3.36,0.0,0.0,0.0,7648.01,0.0,0.0,6404.54,63515.96,413.70,0.00,22191.36,251.97
CZ11/Mtl&0&cDXHP&Ex&dxHP_equip__pkgEER/NE-dxHP_equip-pkgEER-14-IEER/instance-out.sql,214763.27,6818.24,62035.2,51285.47,0.0,22443.33,0.0,64529.65,3.36,0.0,0.0,0.0,7648.01,0.0,0.0,6404.54,62035.20,413.70,0.00,22191.36,251.97
CZ11/Mtl&0&cDXHP&Ex&dxHP_equip__pkgEER/NE-dxHP_equip-pkgEER-15-IEER/instance-out.sql,211926.35,6470.54,59545.98,51285.47,0.0,22443.33,0.0,64529.65,3.36,0.0,0.0,0.0,7648.01,0.0,0.0,6056.84,59545.98,413.70,0.00,22191.36,251.97
CZ11/Mtl&0&cDXHP&Ex&dxHP_equip__pkgEER/NE-dxHP_equip-pkgEER-16-IEER/instance-out.sql,209347.37,6470.54,56967.0,51285.47,0.0,22443.33,0.0,64529.65,3.36,0.0,0.0,0.0,7648.01,0.0,0.0,6056.84,56967.00,413.70,0.00,22191.36,251.97
CZ11/Mtl&0&cDXHP&Ex&dxHP_equip__pkgEER/NE-dxHP_equip-pkgSEER-15.4-SEER2/instance-out.sql,209644.47999999998,6012.16,57722.5,51285.47,0.0,22443.33,0.0,64529.65,3.36,0.0,0.0,0.0,7648.01,0.0,0.0,5598.46,57722.50,413.70,0.00,22191.36,251.97
CZ11/Mtl&0&cDXHP&Ex&dxHP_equip__pkgEER/NE-dxHP_equip-pkgSEER-16.3-SEER2/instance-out.sql,207836.94,5896.389999999999,56030.73,51285.47,0.0,22443.33,0.0,64529.65,3.36,0.0,0.0,0.0,7648.01,0.0,0.0,5482.69,56030.73,413.70,0.00,22191.36,251.97
CZ11/Mtl&0&cDXHP&Ex&dxHP_equip__pkgEER/NE-dxHP_equip-pkgSEER-14.4-SEER2-1Stage/instance-out.sql,211443.63,6105.929999999999,59427.86,51285.47,0.0,22443.33,0.0,64529.65,3.36,0.0,0.0,0.0,7648.01,0.0,0.0,5692.23,59427.86,413.70,0.00,22191.36,251.97
CZ11/Mtl&0&cDXHP&Ex&dxHP_equip__pkgEER/NE-dxHP_equip-pkgSEER-14.4-SEER2-2Stage/instance-out.sql,187846.91,4534.39,56165.16,51285.47,0.0,22443.33,0.0,45767.15,3.36,0.0,0.0,0.0,7648.05,0.0,0.0,4069.48,56165.16,464.91,0.00,22191.36,251.97
CZ11/Mtl&0&cDXHP&Ex&dxHP_equip__pkgEER/NE-dxHP_equip-spltSEER-14.4-SEER2-8.7-HSPF/instance-out.sql,211297.75,5960.0599999999995,59427.86,51285.47,0.0,22443.33,0.0,64529.65,3.36,0.0,0.0,0.0,7648.01,0.0,0.0,5546.36,59427.86,413.70,0.00,22191.36,251.97
CZ11/Mtl&0&cDXHP&Ex&dxHP_equip__pkgEER/NE-dxHP_equip-spltSEER-15.4-SEER2-9-HSPF/instance-out.sql,209528.71,5896.389999999999,57722.5,51285.47,0.0,22443.33,0.0,64529.65,3.36,0.0,0.0,0.0,7648.01,0.0,0.0,5482.69,57722.50,413.70,0.00,22191.36,251.97
CZ11/Mtl&0&cDXHP&Ex&dxHP_equip__pkgEER/NE-dxHP_equip-spltSEER-16.3-SEER2-9.4-HSPF/instance-out.sql,207750.41999999998,5809.86,56030.73,51285.47,0.0,22443.33,0.0,64529.65,3.36,0.0,0.0,0.0,7648.01,0.0,0.0,5396.16,56030.73,413.70,0.00,22191.36,251.97
CZ11/Mtl&0&cDXHP&Ex&dxHP_equip__pkgEER/NE-dxHP_equip-spltSEER-17.3-SEER2-9.7-HSPF/instance-out.sql,206415.15,5761.74,54743.59,51285.47,0.0,22443.33,0.0,64529.65,3.36,0.0,0.0,0.0,7648.01,0.0,0.0,5348.04,54743.59,413.70,0.00,22191.36,251.97
CZ11/Nrs&0&cDXHP&Ex&dxHP_equip__pkgEER/NE-dxAC_equip-pkgEER-14.2-IEER-TE-0.81/instance-out.sql,1138817.06,94347.02,202306.5,200868.06,0.0,347425.87,0.0,185496.69,46.94,0.0,0.0,0.0,108325.98,0.0,0.0,0.00,202306.50,94347.02,0.00,281574.59,65851.28
CZ11/Nrs&0&cDXHP&Ex&dxHP_equip__pkgEER/NE-dxAC_equip-pkgEER-13.2-IEER-TE-0.81/instance-out.sql,1143045.2000000002,94347.02,206534.63,200868.06,0.0,347425.87,0.0,185496.69,46.94,0.0,0.0,0.0,108325.98,0.0,0.0,0.00,206534.63,94347.02,0.00,281574.59,65851.28
CZ11/Nrs&0&cDXHP&Ex&dxHP_equip__pkgEER/NE-dxAC_equip-pkgEER-14.8-IEER-TE-0.81/instance-out.sql,1135160.3,94347.02,198649.73,200868.06,0.0,347425.87,0.0,185496.69,46.94,0.0,0.0,0.0,108325.98,0.0,0.0,0.00,198649.73,94347.02,0.00,281574.59,65851.28
CZ11/Nrs&0&cDXHP&Ex&dxHP_equip__pkgEER/NE-dxAC_equip-pkgSEER-13.4-SEER2/instance-out.sql,1141008.6099999999,94347.02,204498.04,200868.06,0.0,347425.87,0.0,185496.69,46.94,0.0,0.0,0.0,108325.98,0.0,0.0,0.00,204498.04,94347.02,0.00,281574.59,65851.28
CZ11/Nrs&0&cDXHP&Ex&dxHP_equip__pkgEER/NE-dxAC_equip-pkgEER-12.2-IEER-TE-0.80/instance-out.sql,1147102.6400000001,94622.63,210316.47,200868.06,0.0,347425.87,0.0,185496.69,46.94,0.0,0.0,0.0,108325.98,0.0,0.0,0.00,210316.47,94622.63,0.00,281574.59,65851.28
CZ11/Nrs&0&cDXHP&Ex&dxHP_equip__pkgEER/NE-dxAC_equip-pkgEER-11.4-IEER-TE-0.80/instance-out.sql,1154318.99,94622.63,217532.82,200868.06,0.0,347425.87,0.0,185496.69,46.94,0.0,0.0,0.0,108325.98,0.0,0.0,0.00,217532.82,94622.63,0.00,281574.59,65851.28
CZ11/Nrs&0&cDXHP&Ex&dxHP_equip__pkgEER/NE-dxAC_equip-pkgEER-12.7-IEER-TE-0.80/instance-out.sql,1147384.06,94622.63,210597.88,200868.06,0.0,347425.87,0.0,185496.69,46.94,0.0,0.0,0.0,108325.98,0.0,0.0,0.00,210597.88,94622.63,0.00,281574.59,65851.28
CZ11/Nrs&0&cDXHP&Ex&dxHP_equip__pkgEER/NE-dxAC_equip-pkgSEER-12.35-SEER2/instance-out.sql,1145718.6800000002,94622.63,208932.51,200868.06,0.0,347425.87,0.0,185496.69,46.94,0.0,0.0,0.0,108325.98,0.0,0.0,0.00,208932.51,94622.63,0.00,281574.59,65851.28
CZ11/Nrs&0&cDXHP&Ex&dxHP_equip__pkgEER/NE-dxHP_equip-pkgEER-14.5-IEER/instance-out.sql,1123275.51,79019.68999999999,202190.93,200868.06,0.0,347425.87,0.0,185414.74,46.65,0.0,0.0,0.0,108309.58,0.0,0.0,6742.01,202190.93,72277.68,0.00,281574.59,65851.28
CZ11/Nrs&0&cDXHP&Ex&dxHP_equip__pkgEER/NE-dxHP_equip-pkgEER-15.5-IEER/instance-out.sql,1119642.27,79019.68999999999,198557.69,200868.06,0.0,347425.87,0.0,185414.74,46.65,0.0,0.0,0.0,108309.58,0.0,0.0,6742.01,198557.69,72277.68,0.00,281574.59,65851.28
CZ11/Nrs&0&cDXHP&Ex&dxHP_equip__pkgEER/NE-dxHP_equip-pkgEER-13.5-IEER/instance-out.sql,1126959.54,79019.68999999999,205874.96,200868.06,0.0,347425.87,0.0,185414.74,46.65,0.0,0.0,0.0,108309.58,0.0,0.0,6742.01,205874.96,72277.68,0.00,281574.59,65851.28
CZ11/Nrs&0&cDXHP&Ex&dxHP_equip__pkgEER/NE-dxHP_equip-pkgEER-14-IEER/instance-out.sql,1124230.28,79019.68999999999,203145.7,200868.06,0.0,347425.87,0.0,185414.74,46.65,0.0,0.0,0.0,108309.58,0.0,0.0,6742.01,203145.70,72277.68,0.00,281574.59,65851.28
CZ11/Nrs&0&cDXHP&Ex&dxHP_equip__pkgEER/NE-dxHP_equip-pkgEER-15-IEER/instance-out.sql,1119272.91,78650.32999999999,198557.69,200868.06,0.0,347425.87,0.0,185414.74,46.65,0.0,0.0,0.0,108309.58,0.0,0.0,6372.65,198557.69,72277.68,0.00,281574.59,65851.28
CZ11/Nrs&0&cDXHP&Ex&dxHP_equip__pkgEER/NE-dxHP_equip-pkgEER-16-IEER/instance-out.sql,1114519.46,78650.32999999999,193804.24,200868.06,0.0,347425.87,0.0,185414.74,46.65,0.0,0.0,0.0,108309.58,0.0,0.0,6372.65,193804.24,72277.68,0.00,281574.59,65851.28
CZ11/Nrs&0&cDXHP&Ex&dxHP_equip__pkgEER/NE-dxHP_equip-pkgSEER-15.4-SEER2/instance-out.sql,1115425.02,78163.4,195196.73,200868.06,0.0,347425.87,0.0,185414.74,46.65,0.0,0.0,0.0,108309.58,0.0,0.0,5885.72,195196.73,72277.68,0.00,281574.59,65851.28
CZ11/Nrs&0&cDXHP&Ex&dxHP_equip__pkgEER/NE-dxHP_equip-pkgSEER-16.3-SEER2/instance-out.sql,1112183.8599999999,78040.40999999999,192078.55,200868.06,0.0,347425.87,0.0,185414.74,46.65,0.0,0.0,0.0,108309.58,0.0,0.0,5762.73,192078.55,72277.68,0.00,281574.59,65851.28
CZ11/Nrs&0&cDXHP&Ex&dxHP_equip__pkgEER/NE-dxHP_equip-pkgSEER-14.4-SEER2-1Stage/instance-out.sql,1118667.89,78263.01,198339.98,200868.06,0.0,347425.87,0.0,185414.74,46.65,0.0,0.0,0.0,108309.58,0.0,0.0,5985.33,198339.98,72277.68,0.00,281574.59,65851.28
CZ11/Nrs&0&cDXHP&Ex&dxHP_equip__pkgEER/NE-dxHP_equip-pkgSEER-14.4-SEER2-2Stage/instance-out.sql,1075724.82,77154.43000000001,192112.51,200868.06,0.0,347425.87,0.0,149848.11,47.88,0.0,0.0,0.0,108267.94,0.0,0.0,3664.22,192112.51,73490.21,0.00,281574.59,65851.28
CZ11/Nrs&0&cDXHP&Ex&dxHP_equip__pkgEER/NE-dxHP_equip-spltSEER-14.4-SEER2-8.7-HSPF/instance-out.sql,1118512.93,78108.04999999999,198339.98,200868.06,0.0,347425.87,0.0,185414.74,46.65,0.0,0.0,0.0,108309.58,0.0,0.0,5830.37,198339.98,72277.68,0.00,281574.59,65851.28
CZ11/Nrs&0&cDXHP&Ex&dxHP_equip__pkgEER/NE-dxHP_equip-spltSEER-15.4-SEER2-9-HSPF/instance-out.sql,1115302.04,78040.40999999999,195196.73,200868.06,0.0,347425.87,0.0,185414.74,46.65,0.0,0.0,0.0,108309.58,0.0,0.0,5762.73,195196.73,72277.68,0.00,281574.59,65851.28
CZ11/Nrs&0&cDXHP&Ex&dxHP_equip__pkgEER/NE-dxHP_equip-spltSEER-16.3-SEER2-9.4-HSPF/instance-out.sql,1112091.95,77948.5,192078.55,200868.06,0.0,347425.87,0.0,185414.74,46.65,0.0,0.0,0.0,108309.58,0.0,0.0,5670.82,192078.55,72277.68,0.00,281574.59,65851.28
CZ11/Nrs&0&cDXHP&Ex&dxHP_equip__pkgEER/NE-dxHP_equip-spltSEER-17.3-SEER2-9.7-HSPF/instance-out.sql,1109668.43,77897.37999999999,189706.15,200868.06,0.0,347425.87,0.0,185414.74,46.65,0.0,0.0,0.0,108309.58,0.0,0.0,5619.70,189706.15,72277.68,0.00,281574.59,65851.28
CZ11/OfL&0&cDXHP&Ex&dxHP_equip__pkgEER/NE-dxAC_equip-pkgEER-14.2-IEER-TE-0.81/instance-out.sql,3198247.19,77634.16,760876.22,462712.61,0.0,829334.66,0.0,953098.95,3819.73,0.0,0.0,0.0,110770.85,0.0,0.0,0.00,760876.22,77634.16,0.00,829334.66,0.00
CZ11/OfL&0&cDXHP&Ex&dxHP_equip__pkgEER/NE-dxAC_equip-pkgEER-13.2-IEER-TE-0.81/instance-out.sql,3226149.65,77634.16,788778.68,462712.61,0.0,829334.66,0.0,953098.95,3819.73,0.0,0.0,0.0,110770.85,0.0,0.0,0.00,788778.68,77634.16,0.00,829334.66,0.00
CZ11/OfL&0&cDXHP&Ex&dxHP_equip__pkgEER/NE-dxAC_equip-pkgEER-14.8-IEER-TE-0.81/instance-out.sql,3174115.33,77634.16,736744.36,462712.61,0.0,829334.66,0.0,953098.95,3819.73,0.0,0.0,0.0,110770.85,0.0,0.0,0.00,736744.36,77634.16,0.00,829334.66,0.00
CZ11/OfL&0&cDXHP&Ex&dxHP_equip__pkgEER/NE-dxAC_equip-pkgSEER-13.4-SEER2/instance-out.sql,3212709.72,77634.16,775338.75,462712.61,0.0,829334.66,0.0,953098.95,3819.73,0.0,0.0,0.0,110770.85,0.0,0.0,0.00,775338.75,77634.16,0.00,829334.66,0.00
CZ11/OfL&0&cDXHP&Ex&dxHP_equip__pkgEER/NE-dxAC_equip-pkgEER-12.2-IEER-TE-0.80/instance-out.sql,3251652.67,78179.99,813735.88,462712.61,0.0,829334.66,0.0,953098.95,3819.73,0.0,0.0,0.0,110770.85,0.0,0.0,0.00,813735.88,78179.99,0.00,829334.66,0.00
CZ11/OfL&0&cDXHP&Ex&dxHP_equip__pkgEER/NE-dxAC_equip-pkgEER-11.4-IEER-TE-0.80/instance-out.sql,3299275.08,78179.99,861358.29,462712.61,0.0,829334.66,0.0,953098.95,3819.73,0.0,0.0,0.0,110770.85,0.0,0.0,0.00,861358.29,78179.99,0.00,829334.66,0.00
CZ11/OfL&0&cDXHP&Ex&dxHP_equip__pkgEER/NE-dxAC_equip-pkgEER-12.7-IEER-TE-0.80/instance-out.sql,3253509.81,78179.99,815593.02,462712.61,0.0,829334.66,0.0,953098.95,3819.73,0.0,0.0,0.0,110770.85,0.0,0.0,0.00,815593.02,78179.99,0.00,829334.66,0.00
CZ11/OfL&0&cDXHP&Ex&dxHP_equip__pkgEER/NE-dxAC_equip-pkgSEER-12.35-SEER2/instance-out.sql,3242519.5999999996,78179.99,804602.81,462712.61,0.0,829334.66,0.0,953098.95,3819.73,0.0,0.0,0.0,110770.85,0.0,0.0,0.00,804602.81,78179.99,0.00,829334.66,0.00
CZ11/OfL&0&cDXHP&Ex&dxHP_equip__pkgEER/NE-dxHP_equip-pkgEER-14.5-IEER/instance-out.sql,3188315.45,47867.28,781860.7,462712.61,0.0,829334.66,0.0,951949.8,3819.74,0.0,0.0,0.0,110770.66,0.0,0.0,13891.42,781860.70,33975.86,0.00,829334.66,0.00
CZ11/OfL&0&cDXHP&Ex&dxHP_equip__pkgEER/NE-dxHP_equip-pkgEER-15.5-IEER/instance-out.sql,3163593.0,47867.28,757138.25,462712.61,0.0,829334.66,0.0,951949.8,3819.74,0.0,0.0,0.0,110770.66,0.0,0.0,13891.42,757138.25,33975.86,0.00,829334.66,0.00
CZ11/OfL&0&cDXHP&Ex&dxHP_equip__pkgEER/NE-dxHP_equip-pkgEER-13.5-IEER/instance-out.sql,3213383.52,47867.28,806928.77,462712.61,0.0,829334.66,0.0,951949.8,3819.74,0.0,0.0,0.0,110770.66,0.0,0.0,13891.42,806928.77,33975.86,0.00,829334.66,0.00
CZ11/OfL&0&cDXHP&Ex&dxHP_equip__pkgEER/NE-dxHP_equip-pkgEER-14-IEER/instance-out.sql,3194812.2,47867.28,788357.45,462712.61,0.0,829334.66,0.0,951949.8,3819.74,0.0,0.0,0.0,110770.66,0.0,0.0,13891.42,788357.45,33975.86,0.00,829334.66,0.00
CZ11/OfL&0&cDXHP&Ex&dxHP_equip__pkgEER/NE-dxHP_equip-pkgEER-15-IEER/instance-out.sql,3162842.2,47116.49,757138.25,462712.61,0.0,829334.66,0.0,951949.8,3819.74,0.0,0.0,0.0,110770.66,0.0,0.0,13140.63,757138.25,33975.86,0.00,829334.66,0.00
CZ11/OfL&0&cDXHP&Ex&dxHP_equip__pkgEER/NE-dxHP_equip-pkgEER-16-IEER/instance-out.sql,3130497.24,47116.49,724793.28,462712.61,0.0,829334.66,0.0,951949.8,3819.74,0.0,0.0,0.0,110770.66,0.0,0.0,13140.63,724793.28,33975.86,0.00,829334.66,0.00
CZ11/OfL&0&cDXHP&Ex&dxHP_equip__pkgEER/NE-dxHP_equip-pkgSEER-15.4-SEER2/instance-out.sql,3138982.71,46126.71,734268.53,462712.61,0.0,829334.66,0.0,951949.8,3819.74,0.0,0.0,0.0,110770.66,0.0,0.0,12150.85,734268.53,33975.86,0.00,829334.66,0.00
CZ11/OfL&0&cDXHP&Ex&dxHP_equip__pkgEER/NE-dxHP_equip-pkgSEER-16.3-SEER2/instance-out.sql,3117515.0100000002,45876.73,713050.81,462712.61,0.0,829334.66,0.0,951949.8,3819.74,0.0,0.0,0.0,110770.66,0.0,0.0,11900.87,713050.81,33975.86,0.00,829334.66,0.00
CZ11/OfL&0&cDXHP&Ex&dxHP_equip__pkgEER/NE-dxHP_equip-pkgSEER-14.4-SEER2-1Stage/instance-out.sql,3160573.52,46329.2,755656.85,462712.61,0.0,829334.66,0.0,951949.8,3819.74,0.0,0.0,0.0,110770.66,0.0,0.0,12353.34,755656.85,33975.86,0.00,829334.66,0.00
CZ11/OfL&0&cDXHP&Ex&dxHP_equip__pkgEER/NE-dxHP_equip-pkgSEER-14.4-SEER2-2Stage/instance-out.sql,2876338.47,45756.43,719632.12,462712.61,0.0,829334.66,0.0,705051.67,3821.02,0.0,0.0,0.0,110029.96,0.0,0.0,11655.12,719632.12,34101.31,0.00,829334.66,0.00
CZ11/OfL&0&cDXHP&Ex&dxHP_equip__pkgEER/NE-dxHP_equip-spltSEER-14.4-SEER2-8.7-HSPF/instance-out.sql,3160258.53,46014.21,755656.85,462712.61,0.0,829334.66,0.0,951949.8,3819.74,0.0,0.0,0.0,110770.66,0.0,0.0,12038.35,755656.85,33975.86,0.00,829334.66,0.00
CZ11/OfL&0&cDXHP&Ex&dxHP_equip__pkgEER/NE-dxHP_equip-spltSEER-15.4-SEER2-9-HSPF/instance-out.sql,3138732.73,45876.73,734268.53,462712.61,0.0,829334.66,0.0,951949.8,3819.74,0.0,0.0,0.0,110770.66,0.0,0.0,11900.87,734268.53,33975.86,0.00,829334.66,0.00
CZ11/OfL&0&cDXHP&Ex&dxHP_equip__pkgEER/NE-dxHP_equip-spltSEER-16.3-SEER2-9.4-HSPF/instance-out.sql,3117328.18,45689.9,713050.81,462712.61,0.0,829334.66,0.0,951949.8,3819.74,0.0,0.0,0.0,110770.66,0.0,0.0,11714.04,713050.81,33975.86,0.00,829334.66,0.00
CZ11/OfL&0&cDXHP&Ex&dxHP_equip__pkgEER/NE-dxHP_equip-spltSEER-17.3-SEER2-9.7-HSPF/instance-out.sql,3101081.23,45585.99,696907.77,462712.61,0.0,829334.66,0.0,951949.8,3819.74,0.0,0.0,0.0,110770.66,0.0,0.0,11610.13,696907.77,33975.86,0.00,829334.66,0.00
CZ11/OfL&0&cDXHP&Ex&dxHP_equip__pkgEER/NE-dxAC_equip-pkgEER-14.2-IEER-TE-0.81-VarFan/instance-out.sql,3197893.8000000003,77651.2,760847.33,462712.61,0.0,829334.66,0.0,952756.11,3819.7,0.0,0.0,0.0,110772.19,0.0,0.0,0.00,760847.33,77651.20,0.00,829334.66,0.00
CZ11/OfL&0&cDXHP&Ex&dxHP_equip__pkgEER/NE-dxAC_equip-pkgEER-13.2-IEER-TE-0.81-VarFan/instance-out.sql,3225794.96,77651.2,788748.49,462712.61,0.0,829334.66,0.0,952756.11,3819.7,0.0,0.0,0.0,110772.19,0.0,0.0,0.00,788748.49,77651.20,0.00,829334.66,0.00
CZ11/OfL&0&cDXHP&Ex&dxHP_equip__pkgEER/NE-dxAC_equip-pkgEER-14.8-IEER-TE-0.81-VarFan/instance-out.sql,3173763.0700000003,77651.2,736716.6,462712.61,0.0,829334.66,0.0,952756.11,3819.7,0.0,0.0,0.0,110772.19,0.0,0.0,0.00,736716.60,77651.20,0.00,829334.66,0.00
CZ11/OfL&0&cDXHP&Ex&dxHP_equip__pkgEER/NE-dxAC_equip-pkgSEER-13.4-SEER2-VarFan/instance-out.sql,3212355.66,77651.2,775309.19,462712.61,0.0,829334.66,0.0,952756.11,3819.7,0.0,0.0,0.0,110772.19,0.0,0.0,0.00,775309.19,77651.20,0.00,829334.66,0.00
CZ11/OfS&0&cDXHP&Ex&dxHP_equip__pkgEER/NE-dxAC_equip-pkgEER-14.2-IEER-TE-0.81/instance-out.sql,194987.15,7223.26,47158.5,23737.13,0.0,29387.4,0.0,66767.95,1.13,0.0,0.0,0.0,20711.78,0.0,0.0,0.00,47158.50,7223.26,0.00,29387.40,0.00
CZ11/OfS&0&cDXHP&Ex&dxHP_equip__pkgEER/NE-dxAC_equip-pkgEER-13.2-IEER-TE-0.81/instance-out.sql,197120.68000000002,7223.26,49292.02,23737.13,0.0,29387.4,0.0,66767.95,1.13,0.0,0.0,0.0,20711.78,0.0,0.0,0.00,49292.02,7223.26,0.00,29387.40,0.00
CZ11/OfS&0&cDXHP&Ex&dxHP_equip__pkgEER/NE-dxAC_equip-pkgEER-14.8-IEER-TE-0.81/instance-out.sql,193141.94,7223.26,45313.28,23737.13,0.0,29387.4,0.0,66767.95,1.13,0.0,0.0,0.0,20711.78,0.0,0.0,0.00,45313.28,7223.26,0.00,29387.40,0.00
CZ11/OfS&0&cDXHP&Ex&dxHP_equip__pkgEER/NE-dxAC_equip-pkgSEER-13.4-SEER2/instance-out.sql,196093.01,7223.26,48264.36,23737.13,0.0,29387.4,0.0,66767.95,1.13,0.0,0.0,0.0,20711.78,0.0,0.0,0.00,48264.36,7223.26,0.00,29387.40,0.00
CZ11/OfS&0&cDXHP&Ex&dxHP_equip__pkgEER/NE-dxAC_equip-pkgEER-12.2-IEER-TE-0.80/instance-out.sql,199119.28999999998,7313.55,51200.34,23737.13,0.0,29387.4,0.0,66767.95,1.13,0.0,0.0,0.0,20711.78,0.0,0.0,0.00,51200.34,7313.55,0.00,29387.40,0.00
CZ11/OfS&0&cDXHP&Ex&dxHP_equip__pkgEER/NE-dxAC_equip-pkgEER-11.4-IEER-TE-0.80/instance-out.sql,202760.68,7313.55,54841.73,23737.13,0.0,29387.4,0.0,66767.95,1.13,0.0,0.0,0.0,20711.78,0.0,0.0,0.00,54841.73,7313.55,0.00,29387.40,0.00
CZ11/OfS&0&cDXHP&Ex&dxHP_equip__pkgEER/NE-dxAC_equip-pkgEER-12.7-IEER-TE-0.80/instance-out.sql,199261.28999999998,7313.55,51342.35,23737.13,0.0,29387.4,0.0,66767.95,1.13,0.0,0.0,0.0,20711.78,0.0,0.0,0.00,51342.35,7313.55,0.00,29387.40,0.00
CZ11/OfS&0&cDXHP&Ex&dxHP_equip__pkgEER/NE-dxAC_equip-pkgSEER-12.35-SEER2/instance-out.sql,198420.94,7313.55,50502.0,23737.13,0.0,29387.4,0.0,66767.95,1.13,0.0,0.0,0.0,20711.78,0.0,0.0,0.00,50502.00,7313.55,0.00,29387.40,0.00
CZ11/OfS&0&cDXHP&Ex&dxHP_equip__pkgEER/NE-dxHP_equip-pkgEER-14.5-IEER/instance-out.sql,190581.4,2414.29,47654.81,23737.13,0.0,29387.4,0.0,66674.86,1.13,0.0,0.0,0.0,20711.78,0.0,0.0,2414.29,47654.81,0.00,0.00,29387.40,0.00
CZ11/OfS&0&cDXHP&Ex&dxHP_equip__pkgEER/NE-dxHP_equip-pkgEER-15.5-IEER/instance-out.sql,188726.23,2414.29,45799.64,23737.13,0.0,29387.4,0.0,66674.86,1.13,0.0,0.0,0.0,20711.78,0.0,0.0,2414.29,45799.64,0.00,0.00,29387.40,0.00
CZ11/OfS&0&cDXHP&Ex&dxHP_equip__pkgEER/NE-dxHP_equip-pkgEER-13.5-IEER/instance-out.sql,192462.52,2414.29,49535.92,23737.13,0.0,29387.4,0.0,66674.86,1.13,0.0,0.0,0.0,20711.78,0.0,0.0,2414.29,49535.92,0.00,0.00,29387.40,0.00
CZ11/OfS&0&cDXHP&Ex&dxHP_equip__pkgEER/NE-dxHP_equip-pkgEER-14-IEER/instance-out.sql,191068.92,2414.29,48142.33,23737.13,0.0,29387.4,0.0,66674.86,1.13,0.0,0.0,0.0,20711.78,0.0,0.0,2414.29,48142.33,0.00,0.00,29387.40,0.00
CZ11/OfS&0&cDXHP&Ex&dxHP_equip__pkgEER/NE-dxHP_equip-pkgEER-15-IEER/instance-out.sql,188603.58,2291.64,45799.64,23737.13,0.0,29387.4,0.0,66674.86,1.13,0.0,0.0,0.0,20711.78,0.0,0.0,2291.64,45799.64,0.00,0.00,29387.40,0.00
CZ11/OfS&0&cDXHP&Ex&dxHP_equip__pkgEER/NE-dxHP_equip-pkgEER-16-IEER/instance-out.sql,186176.41,2291.64,43372.47,23737.13,0.0,29387.4,0.0,66674.86,1.13,0.0,0.0,0.0,20711.78,0.0,0.0,2291.64,43372.47,0.00,0.00,29387.40,0.00
CZ11/OfS&0&cDXHP&Ex&dxHP_equip__pkgEER/NE-dxHP_equip-pkgSEER-15.4-SEER2/instance-out.sql,186725.74,2129.95,44083.49,23737.13,0.0,29387.4,0.0,66674.86,1.13,0.0,0.0,0.0,20711.78,0.0,0.0,2129.95,44083.49,0.00,0.00,29387.40,0.00
CZ11/OfS&0&cDXHP&Ex&dxHP_equip__pkgEER/NE-dxHP_equip-pkgSEER-16.3-SEER2/instance-out.sql,185092.73,2089.11,42491.31,23737.13,0.0,29387.4,0.0,66674.86,1.13,0.0,0.0,0.0,20711.78,0.0,0.0,2089.11,42491.31,0.00,0.00,29387.40,0.00
CZ11/OfS&0&cDXHP&Ex&dxHP_equip__pkgEER/NE-dxHP_equip-pkgSEER-14.4-SEER2-1Stage/instance-out.sql,188363.8,2163.03,45688.47,23737.13,0.0,29387.4,0.0,66674.86,1.13,0.0,0.0,0.0,20711.78,0.0,0.0,2163.03,45688.47,0.00,0.00,29387.40,0.00
CZ11/OfS&0&cDXHP&Ex&dxHP_equip__pkgEER/NE-dxHP_equip-pkgSEER-14.4-SEER2-2Stage/instance-out.sql,167539.03,1836.17,43580.17,23737.13,0.0,29387.4,0.0,48285.24,1.13,0.0,0.0,0.0,20711.79,0.0,0.0,1836.17,43580.17,0.00,0.00,29387.40,0.00
CZ11/OfS&0&cDXHP&Ex&dxHP_equip__pkgEER/NE-dxHP_equip-spltSEER-14.4-SEER2-8.7-HSPF/instance-out.sql,188312.35,2111.57,45688.47,23737.13,0.0,29387.4,0.0,66674.86,1.13,0.0,0.0,0.0,20711.78,0.0,0.0,2111.57,45688.47,0.00,0.00,29387.40,0.00
CZ11/OfS&0&cDXHP&Ex&dxHP_equip__pkgEER/NE-dxHP_equip-spltSEER-15.4-SEER2-9-HSPF/instance-out.sql,186684.91,2089.11,44083.49,23737.13,0.0,29387.4,0.0,66674.86,1.13,0.0,0.0,0.0,20711.78,0.0,0.0,2089.11,44083.49,0.00,0.00,29387.40,0.00
CZ11/OfS&0&cDXHP&Ex&dxHP_equip__pkgEER/NE-dxHP_equip-spltSEER-16.3-SEER2-9.4-HSPF/instance-out.sql,185062.21,2058.59,42491.31,23737.13,0.0,29387.4,0.0,66674.86,1.13,0.0,0.0,0.0,20711.78,0.0,0.0,2058.59,42491.31,0.00,0.00,29387.40,0.00
CZ11/OfS&0&cDXHP&Ex&dxHP_equip__pkgEER/NE-dxHP_equip-spltSEER-17.3-SEER2-9.7-HSPF/instance-out.sql,183833.86,2041.61,41279.94,23737.13,0.0,29387.4,0.0,66674.86,1.13,0.0,0.0,0.0,20711.78,0.0,0.0,2041.61,41279.94,0.00,0.00,29387.40,0.00
CZ11/OfS&0&cDXHP&Ex&dxHP_equip__pkgEER/NE-dxAC_equip-pkgEER-14.2-IEER-TE-0.81-VarFan/instance-out.sql,194962.91,7226.63,47156.39,23737.13,0.0,29387.4,0.0,66742.45,1.13,0.0,0.0,0.0,20711.78,0.0,0.0,0.00,47156.39,7226.63,0.00,29387.40,0.00
CZ11/OfS&0&cDXHP&Ex&dxHP_equip__pkgEER/NE-dxAC_equip-pkgEER-13.2-IEER-TE-0.81-VarFan/instance-out.sql,197096.35,7226.63,49289.82,23737.13,0.0,29387.4,0.0,66742.45,1.13,0.0,0.0,0.0,20711.78,0.0,0.0,0.00,49289.82,7226.63,0.00,29387.40,0.00
CZ11/OfS&0&cDXHP&Ex&dxHP_equip__pkgEER/NE-dxAC_equip-pkgEER-14.8-IEER-TE-0.81-VarFan/instance-out.sql,193117.79,7226.63,45311.26,23737.13,0.0,29387.4,0.0,66742.45,1.13,0.0,0.0,0.0,20711.78,0.0,0.0,0.00,45311.26,7226.63,0.00,29387.40,0.00
CZ11/OfS&0&cDXHP&Ex&dxHP_equip__pkgEER/NE-dxAC_equip-pkgSEER-13.4-SEER2-VarFan/instance-out.sql,196068.72,7226.63,48262.2,23737.13,0.0,29387.4,0.0,66742.45,1.13,0.0,0.0,0.0,20711.78,0.0,0.0,0.00,48262.20,7226.63,0.00,29387.40,0.00
CZ11/RFF&0&cDXHP&Ex&dxHP_equip__pkgEER/NE-dxAC_equip-pkgEER-14.2-IEER-TE-0.81/instance-out.sql,125835.26999999999,4629.29,21007.66,13247.63,0.0,37903.17,0.0,24919.01,3.37,0.0,0.0,0.0,24125.12,0.0,0.0,0.00,21007.66,4629.29,0.00,18423.46,19479.71
CZ11/RFF&0&cDXHP&Ex&dxHP_equip__pkgEER/NE-dxAC_equip-pkgEER-13.2-IEER-TE-0.81/instance-out.sql,126442.66,4629.29,21615.05,13247.63,0.0,37903.17,0.0,24919.01,3.37,0.0,0.0,0.0,24125.12,0.0,0.0,0.00,21615.05,4629.29,0.00,18423.46,19479.71
CZ11/RFF&0&cDXHP&Ex&dxHP_equip__pkgEER/NE-dxAC_equip-pkgEER-14.8-IEER-TE-0.81/instance-out.sql,125309.95999999999,4629.29,20482.35,13247.63,0.0,37903.17,0.0,24919.01,3.37,0.0,0.0,0.0,24125.12,0.0,0.0,0.00,20482.35,4629.29,0.00,18423.46,19479.71
CZ11/RFF&0&cDXHP&Ex&dxHP_equip__pkgEER/NE-dxAC_equip-pkgSEER-13.4-SEER2/instance-out.sql,126150.09,4629.29,21322.49,13247.63,0.0,37903.17,0.0,24919.01,3.37,0.0,0.0,0.0,24125.12,0.0,0.0,0.00,21322.49,4629.29,0.00,18423.46,19479.71
CZ11/RFF&0&cDXHP&Ex&dxHP_equip__pkgEER/NE-dxAC_equip-pkgEER-12.2-IEER-TE-0.80/instance-out.sql,127043.5,4686.85,22158.33,13247.63,0.0,37903.17,0.0,24919.01,3.37,0.0,0.0,0.0,24125.12,0.0,0.0,0.00,22158.33,4686.85,0.00,18423.46,19479.71
CZ11/RFF&0&cDXHP&Ex&dxHP_equip__pkgEER/NE-dxAC_equip-pkgEER-11.4-IEER-TE-0.80/instance-out.sql,128080.16,4686.85,23194.99,13247.63,0.0,37903.17,0.0,24919.01,3.37,0.0,0.0,0.0,24125.12,0.0,0.0,0.00,23194.99,4686.85,0.00,18423.46,19479.71
CZ11/RFF&0&cDXHP&Ex&dxHP_equip__pkgEER/NE-dxAC_equip-pkgEER-12.7-IEER-TE-0.80/instance-out.sql,127083.92,4686.85,22198.76,13247.63,0.0,37903.17,0.0,24919.01,3.37,0.0,0.0,0.0,24125.12,0.0,0.0,0.00,22198.76,4686.85,0.00,18423.46,19479.71
CZ11/RFF&0&cDXHP&Ex&dxHP_equip__pkgEER/NE-dxAC_equip-pkgSEER-12.35-SEER2/instance-out.sql,126844.68000000001,4686.85,21959.52,13247.63,0.0,37903.17,0.0,24919.01,3.37,0.0,0.0,0.0,24125.12,0.0,0.0,0.00,21959.52,4686.85,0.00,18423.46,19479.71
CZ11/RFF&0&cDXHP&Ex&dxHP_equip__pkgEER/NE-dxHP_equip-pkgEER-14.5-IEER/instance-out.sql,122707.23,1470.7099999999998,21043.69,13247.63,0.0,37903.17,0.0,24913.52,3.37,0.0,0.0,0.0,24125.12,0.0,0.0,1446.10,21043.69,24.61,0.00,18423.46,19479.71
CZ11/RFF&0&cDXHP&Ex&dxHP_equip__pkgEER/NE-dxHP_equip-pkgEER-15.5-IEER/instance-out.sql,122182.86,1470.7099999999998,20519.32,13247.63,0.0,37903.17,0.0,24913.52,3.37,0.0,0.0,0.0,24125.12,0.0,0.0,1446.10,20519.32,24.61,0.00,18423.46,19479.71
CZ11/RFF&0&cDXHP&Ex&dxHP_equip__pkgEER/NE-dxHP_equip-pkgEER-13.5-IEER/instance-out.sql,123238.93,1470.7099999999998,21575.39,13247.63,0.0,37903.17,0.0,24913.52,3.37,0.0,0.0,0.0,24125.12,0.0,0.0,1446.10,21575.39,24.61,0.00,18423.46,19479.71
CZ11/RFF&0&cDXHP&Ex&dxHP_equip__pkgEER/NE-dxHP_equip-pkgEER-14-IEER/instance-out.sql,122845.02,1470.7099999999998,21181.48,13247.63,0.0,37903.17,0.0,24913.52,3.37,0.0,0.0,0.0,24125.12,0.0,0.0,1446.10,21181.48,24.61,0.00,18423.46,19479.71
CZ11/RFF&0&cDXHP&Ex&dxHP_equip__pkgEER/NE-dxHP_equip-pkgEER-15-IEER/instance-out.sql,122104.73999999999,1392.6,20519.32,13247.63,0.0,37903.17,0.0,24913.52,3.37,0.0,0.0,0.0,24125.12,0.0,0.0,1367.99,20519.32,24.61,0.00,18423.46,19479.71
CZ11/RFF&0&cDXHP&Ex&dxHP_equip__pkgEER/NE-dxHP_equip-pkgEER-16-IEER/instance-out.sql,121418.7,1392.6,19833.27,13247.63,0.0,37903.17,0.0,24913.52,3.37,0.0,0.0,0.0,24125.12,0.0,0.0,1367.99,19833.27,24.61,0.00,18423.46,19479.71
CZ11/RFF&0&cDXHP&Ex&dxHP_equip__pkgEER/NE-dxHP_equip-pkgSEER-15.4-SEER2/instance-out.sql,121516.69,1289.62,20034.25,13247.63,0.0,37903.17,0.0,24913.52,3.37,0.0,0.0,0.0,24125.12,0.0,0.0,1265.01,20034.25,24.61,0.00,18423.46,19479.71
CZ11/RFF&0&cDXHP&Ex&dxHP_equip__pkgEER/NE-dxHP_equip-pkgSEER-16.3-SEER2/instance-out.sql,121040.64,1263.61,19584.21,13247.63,0.0,37903.17,0.0,24913.52,3.37,0.0,0.0,0.0,24125.12,0.0,0.0,1239.00,19584.21,24.61,0.00,18423.46,19479.71
CZ11/RFF&0&cDXHP&Ex&dxHP_equip__pkgEER/NE-dxHP_equip-pkgSEER-14.4-SEER2-1Stage/instance-out.sql,121991.41,1310.6799999999998,20487.9,13247.63,0.0,37903.17,0.0,24913.52,3.37,0.0,0.0,0.0,24125.12,0.0,0.0,1286.07,20487.90,24.61,0.00,18423.46,19479.71
CZ11/RFF&0&cDXHP&Ex&dxHP_equip__pkgEER/NE-dxHP_equip-pkgSEER-14.4-SEER2-2Stage/instance-out.sql,116058.79000000001,953.15,19862.22,13247.63,0.0,37903.17,0.0,19964.11,3.37,0.0,0.0,0.0,24125.13,0.0,0.0,927.17,19862.22,25.98,0.00,18423.46,19479.71
CZ11/RFF&0&cDXHP&Ex&dxHP_equip__pkgEER/NE-dxHP_equip-spltSEER-14.4-SEER2-8.7-HSPF/instance-out.sql,121958.62999999999,1277.9099999999999,20487.9,13247.63,0.0,37903.17,0.0,24913.52,3.37,0.0,0.0,0.0,24125.12,0.0,0.0,1253.30,20487.90,24.61,0.00,18423.46,19479.71
CZ11/RFF&0&cDXHP&Ex&dxHP_equip__pkgEER/NE-dxHP_equip-spltSEER-15.4-SEER2-9-HSPF/instance-out.sql,121490.68,1263.61,20034.25,13247.63,0.0,37903.17,0.0,24913.52,3.37,0.0,0.0,0.0,24125.12,0.0,0.0,1239.00,20034.25,24.61,0.00,18423.46,19479.71
CZ11/RFF&0&cDXHP&Ex&dxHP_equip__pkgEER/NE-dxHP_equip-spltSEER-16.3-SEER2-9.4-HSPF/instance-out.sql,121021.20999999999,1244.1699999999998,19584.21,13247.63,0.0,37903.17,0.0,24913.52,3.37,0.0,0.0,0.0,24125.12,0.0,0.0,1219.56,19584.21,24.61,0.00,18423.46,19479.71
CZ11/RFF&0&cDXHP&Ex&dxHP_equip__pkgEER/NE-dxHP_equip-spltSEER-17.3-SEER2-9.7-HSPF/instance-out.sql,120668.0,1233.36,19241.81,13247.63,0.0,37903.17,0.0,24913.52,3.37,0.0,0.0,0.0,24125.12,0.0,0.0,1208.75,19241.81,24.61,0.00,18423.46,19479.71
CZ11/RSD&0&cDXHP&Ex&dxHP_equip__pkgEER/NE-dxAC_equip-pkgEER-14.2-IEER-TE-0.81/instance-out.sql,296647.44,44069.14,43211.75,36047.32,0.0,76546.73,0.0,35748.91,33.91,0.0,0.0,0.0,60989.68,0.0,0.0,0.00,43211.75,44069.14,0.00,37475.60,39071.13
CZ11/RSD&0&cDXHP&Ex&dxHP_equip__pkgEER/NE-dxAC_equip-pkgEER-13.2-IEER-TE-0.81/instance-out.sql,296940.15,44069.14,43504.46,36047.32,0.0,76546.73,0.0,35748.91,33.91,0.0,0.0,0.0,60989.68,0.0,0.0,0.00,43504.46,44069.14,0.00,37475.60,39071.13
CZ11/RSD&0&cDXHP&Ex&dxHP_equip__pkgEER/NE-dxAC_equip-pkgEER-14.8-IEER-TE-0.81/instance-out.sql,296394.28,44069.14,42958.59,36047.32,0.0,76546.73,0.0,35748.91,33.91,0.0,0.0,0.0,60989.68,0.0,0.0,0.00,42958.59,44069.14,0.00,37475.60,39071.13
CZ11/RSD&0&cDXHP&Ex&dxHP_equip__pkgEER/NE-dxAC_equip-pkgSEER-13.4-SEER2/instance-out.sql,296799.15,44069.14,43363.46,36047.32,0.0,76546.73,0.0,35748.91,33.91,0.0,0.0,0.0,60989.68,0.0,0.0,0.00,43363.46,44069.14,0.00,37475.60,39071.13
CZ11/RSD&0&cDXHP&Ex&dxHP_equip__pkgEER/NE-dxAC_equip-pkgEER-12.2-IEER-TE-0.80/instance-out.sql,297232.04000000004,44099.23,43766.27,36047.32,0.0,76546.73,0.0,35748.91,33.91,0.0,0.0,0.0,60989.68,0.0,0.0,0.00,43766.27,44099.23,0.00,37475.60,39071.13
CZ11/RSD&0&cDXHP&Ex&dxHP_equip__pkgEER/NE-dxAC_equip-pkgEER-11.4-IEER-TE-0.80/instance-out.sql,297731.62,44099.23,44265.85,36047.32,0.0,76546.73,0.0,35748.91,33.91,0.0,0.0,0.0,60989.68,0.0,0.0,0.00,44265.85,44099.23,0.00,37475.60,39071.13
CZ11/RSD&0&cDXHP&Ex&dxHP_equip__pkgEER/NE-dxAC_equip-pkgEER-12.7-IEER-TE-0.80/instance-out.sql,297251.52,44099.23,43785.75,36047.32,0.0,76546.73,0.0,35748.91,33.91,0.0,0.0,0.0,60989.68,0.0,0.0,0.00,43785.75,44099.23,0.00,37475.60,39071.13
CZ11/RSD&0&cDXHP&Ex&dxHP_equip__pkgEER/NE-dxAC_equip-pkgSEER-12.35-SEER2/instance-out.sql,297136.23,44099.23,43670.46,36047.32,0.0,76546.73,0.0,35748.91,33.91,0.0,0.0,0.0,60989.68,0.0,0.0,0.00,43670.46,44099.23,0.00,37475.60,39071.13
CZ11/RSD&0&cDXHP&Ex&dxHP_equip__pkgEER/NE-dxHP_equip-pkgEER-14.5-IEER/instance-out.sql,294981.03,42419.869999999995,43196.28,36047.32,0.0,76546.73,0.0,35747.29,33.87,0.0,0.0,0.0,60989.67,0.0,0.0,765.31,43196.28,41654.56,0.00,37475.60,39071.13
CZ11/RSD&0&cDXHP&Ex&dxHP_equip__pkgEER/NE-dxHP_equip-pkgEER-15.5-IEER/instance-out.sql,294728.92,42419.869999999995,42944.17,36047.32,0.0,76546.73,0.0,35747.29,33.87,0.0,0.0,0.0,60989.67,0.0,0.0,765.31,42944.17,41654.56,0.00,37475.60,39071.13
CZ11/RSD&0&cDXHP&Ex&dxHP_equip__pkgEER/NE-dxHP_equip-pkgEER-13.5-IEER/instance-out.sql,295236.66,42419.869999999995,43451.91,36047.32,0.0,76546.73,0.0,35747.29,33.87,0.0,0.0,0.0,60989.67,0.0,0.0,765.31,43451.91,41654.56,0.00,37475.60,39071.13
CZ11/RSD&0&cDXHP&Ex&dxHP_equip__pkgEER/NE-dxHP_equip-pkgEER-14-IEER/instance-out.sql,295047.28,42419.869999999995,43262.53,36047.32,0.0,76546.73,0.0,35747.29,33.87,0.0,0.0,0.0,60989.67,0.0,0.0,765.31,43262.53,41654.56,0.00,37475.60,39071.13
CZ11/RSD&0&cDXHP&Ex&dxHP_equip__pkgEER/NE-dxHP_equip-pkgEER-15-IEER/instance-out.sql,294688.13,42379.07,42944.17,36047.32,0.0,76546.73,0.0,35747.29,33.87,0.0,0.0,0.0,60989.67,0.0,0.0,724.51,42944.17,41654.56,0.00,37475.60,39071.13
CZ11/RSD&0&cDXHP&Ex&dxHP_equip__pkgEER/NE-dxHP_equip-pkgEER-16-IEER/instance-out.sql,294358.29,42379.07,42614.33,36047.32,0.0,76546.73,0.0,35747.29,33.87,0.0,0.0,0.0,60989.67,0.0,0.0,724.51,42614.33,41654.56,0.00,37475.60,39071.13
CZ11/RSD&0&cDXHP&Ex&dxHP_equip__pkgEER/NE-dxHP_equip-pkgSEER-15.4-SEER2/instance-out.sql,294401.13,42325.299999999996,42710.95,36047.32,0.0,76546.73,0.0,35747.29,33.87,0.0,0.0,0.0,60989.67,0.0,0.0,670.74,42710.95,41654.56,0.00,37475.60,39071.13
CZ11/RSD&0&cDXHP&Ex&dxHP_equip__pkgEER/NE-dxHP_equip-pkgSEER-16.3-SEER2/instance-out.sql,294171.18,42311.71,42494.59,36047.32,0.0,76546.73,0.0,35747.29,33.87,0.0,0.0,0.0,60989.67,0.0,0.0,657.15,42494.59,41654.56,0.00,37475.60,39071.13
CZ11/RSD&0&cDXHP&Ex&dxHP_equip__pkgEER/NE-dxHP_equip-pkgSEER-14.4-SEER2-1Stage/instance-out.sql,294630.24,42336.299999999996,42929.06,36047.32,0.0,76546.73,0.0,35747.29,33.87,0.0,0.0,0.0,60989.67,0.0,0.0,681.74,42929.06,41654.56,0.00,37475.60,39071.13
CZ11/RSD&0&cDXHP&Ex&dxHP_equip__pkgEER/NE-dxHP_equip-pkgSEER-14.4-SEER2-2Stage/instance-out.sql,291441.29000000004,42133.72,42449.6,36047.32,0.0,76546.73,0.0,33240.4,33.82,0.0,0.0,0.0,60989.7,0.0,0.0,411.71,42449.60,41722.01,0.00,37475.60,39071.13
CZ11/RSD&0&cDXHP&Ex&dxHP_equip__pkgEER/NE-dxHP_equip-spltSEER-14.4-SEER2-8.7-HSPF/instance-out.sql,294613.13,42319.18,42929.06,36047.32,0.0,76546.73,0.0,35747.29,33.87,0.0,0.0,0.0,60989.67,0.0,0.0,664.62,42929.06,41654.56,0.00,37475.60,39071.13
CZ11/RSD&0&cDXHP&Ex&dxHP_equip__pkgEER/NE-dxHP_equip-spltSEER-15.4-SEER2-9-HSPF/instance-out.sql,294387.55,42311.71,42710.95,36047.32,0.0,76546.73,0.0,35747.29,33.87,0.0,0.0,0.0,60989.67,0.0,0.0,657.15,42710.95,41654.56,0.00,37475.60,39071.13
CZ11/RSD&0&cDXHP&Ex&dxHP_equip__pkgEER/NE-dxHP_equip-spltSEER-16.3-SEER2-9.4-HSPF/instance-out.sql,294161.03,42301.56,42494.59,36047.32,0.0,76546.73,0.0,35747.29,33.87,0.0,0.0,0.0,60989.67,0.0,0.0,647.00,42494.59,41654.56,0.00,37475.60,39071.13
CZ11/RSD&0&cDXHP&Ex&dxHP_equip__pkgEER/NE-dxHP_equip-spltSEER-17.3-SEER2-9.7-HSPF/instance-out.sql,293990.77,42295.92,42329.97,36047.32,0.0,76546.73,0.0,35747.29,33.87,0.0,0.0,0.0,60989.67,0.0,0.0,641.36,42329.97,41654.56,0.00,37475.60,39071.13
CZ11/Rt3&0&cDXHP&Ex&dxHP_equip__pkgEER/NE-dxAC_equip-pkgEER-14.2-IEER-TE-0.81/instance-out.sql,2501330.92,70540.47,473410.5,774348.97,0.0,436362.0,0.0,587225.51,3.38,0.0,0.0,0.0,159440.09,0.0,0.0,0.00,473410.50,70540.47,0.00,436362.00,0.00
CZ11/Rt3&0&cDXHP&Ex&dxHP_equip__pkgEER/NE-dxAC_equip-pkgEER-13.2-IEER-TE-0.81/instance-out.sql,2522365.0500000003,70540.47,494444.62,774348.97,0.0,436362.0,0.0,587225.51,3.38,0.0,0.0,0.0,159440.09,0.0,0.0,0.00,494444.62,70540.47,0.00,436362.00,0.00
CZ11/Rt3&0&cDXHP&Ex&dxHP_equip__pkgEER/NE-dxAC_equip-pkgEER-14.8-IEER-TE-0.81/instance-out.sql,2483139.25,70540.47,455218.83,774348.97,0.0,436362.0,0.0,587225.51,3.38,0.0,0.0,0.0,159440.09,0.0,0.0,0.00,455218.83,70540.47,0.00,436362.00,0.00
CZ11/Rt3&0&cDXHP&Ex&dxHP_equip__pkgEER/NE-dxAC_equip-pkgSEER-13.4-SEER2/instance-out.sql,2512233.43,70540.47,484313.0,774348.97,0.0,436362.0,0.0,587225.51,3.38,0.0,0.0,0.0,159440.09,0.0,0.0,0.00,484313.00,70540.47,0.00,436362.00,0.00
CZ11/Rt3&0&cDXHP&Ex&dxHP_equip__pkgEER/NE-dxAC_equip-pkgEER-12.2-IEER-TE-0.80/instance-out.sql,2542024.02,71385.59,513258.48,774348.97,0.0,436362.0,0.0,587225.51,3.38,0.0,0.0,0.0,159440.09,0.0,0.0,0.00,513258.48,71385.59,0.00,436362.00,0.00
CZ11/Rt3&0&cDXHP&Ex&dxHP_equip__pkgEER/NE-dxAC_equip-pkgEER-11.4-IEER-TE-0.80/instance-out.sql,2577923.93,71385.59,549158.39,774348.97,0.0,436362.0,0.0,587225.51,3.38,0.0,0.0,0.0,159440.09,0.0,0.0,0.00,549158.39,71385.59,0.00,436362.00,0.00
CZ11/Rt3&0&cDXHP&Ex&dxHP_equip__pkgEER/NE-dxAC_equip-pkgEER-12.7-IEER-TE-0.80/instance-out.sql,2543424.02,71385.59,514658.48,774348.97,0.0,436362.0,0.0,587225.51,3.38,0.0,0.0,0.0,159440.09,0.0,0.0,0.00,514658.48,71385.59,0.00,436362.00,0.00
CZ11/Rt3&0&cDXHP&Ex&dxHP_equip__pkgEER/NE-dxAC_equip-pkgSEER-12.35-SEER2/instance-out.sql,2535139.1100000003,71385.59,506373.57,774348.97,0.0,436362.0,0.0,587225.51,3.38,0.0,0.0,0.0,159440.09,0.0,0.0,0.00,506373.57,71385.59,0.00,436362.00,0.00
CZ11/Rt3&0&cDXHP&Ex&dxHP_equip__pkgEER/NE-dxHP_equip-pkgEER-14.5-IEER/instance-out.sql,2478769.57,23805.85,504649.18,774348.97,0.0,436362.0,0.0,580160.12,3.38,0.0,0.0,0.0,159440.08,0.0,0.0,20875.55,504649.18,2930.30,0.00,436362.00,0.00
CZ11/Rt3&0&cDXHP&Ex&dxHP_equip__pkgEER/NE-dxHP_equip-pkgEER-15.5-IEER/instance-out.sql,2459519.58,23805.85,485399.18,774348.97,0.0,436362.0,0.0,580160.12,3.38,0.0,0.0,0.0,159440.08,0.0,0.0,20875.55,485399.18,2930.30,0.00,436362.00,0.00
CZ11/Rt3&0&cDXHP&Ex&dxHP_equip__pkgEER/NE-dxHP_equip-pkgEER-13.5-IEER/instance-out.sql,2498288.69,23805.85,524168.29,774348.97,0.0,436362.0,0.0,580160.12,3.38,0.0,0.0,0.0,159440.08,0.0,0.0,20875.55,524168.29,2930.30,0.00,436362.00,0.00
CZ11/Rt3&0&cDXHP&Ex&dxHP_equip__pkgEER/NE-dxHP_equip-pkgEER-14-IEER/instance-out.sql,2483828.2399999998,23805.85,509707.84,774348.97,0.0,436362.0,0.0,580160.12,3.38,0.0,0.0,0.0,159440.08,0.0,0.0,20875.55,509707.84,2930.30,0.00,436362.00,0.00
CZ11/Rt3&0&cDXHP&Ex&dxHP_equip__pkgEER/NE-dxHP_equip-pkgEER-15-IEER/instance-out.sql,2458371.1,22657.37,485399.18,774348.97,0.0,436362.0,0.0,580160.12,3.38,0.0,0.0,0.0,159440.08,0.0,0.0,19727.07,485399.18,2930.30,0.00,436362.00,0.00
CZ11/Rt3&0&cDXHP&Ex&dxHP_equip__pkgEER/NE-dxHP_equip-pkgEER-16-IEER/instance-out.sql,2433185.87,22657.37,460213.95,774348.97,0.0,436362.0,0.0,580160.12,3.38,0.0,0.0,0.0,159440.08,0.0,0.0,19727.07,460213.95,2930.30,0.00,436362.00,0.00
CZ11/Rt3&0&cDXHP&Ex&dxHP_equip__pkgEER/NE-dxHP_equip-pkgSEER-15.4-SEER2/instance-out.sql,2439049.6799999997,21143.32,467591.81,774348.97,0.0,436362.0,0.0,580160.12,3.38,0.0,0.0,0.0,159440.08,0.0,0.0,18213.02,467591.81,2930.30,0.00,436362.00,0.00
CZ11/Rt3&0&cDXHP&Ex&dxHP_equip__pkgEER/NE-dxHP_equip-pkgSEER-16.3-SEER2/instance-out.sql,2422146.2199999997,20760.93,451070.75,774348.97,0.0,436362.0,0.0,580160.12,3.38,0.0,0.0,0.0,159440.08,0.0,0.0,17830.63,451070.75,2930.30,0.00,436362.00,0.00
CZ11/Rt3&0&cDXHP&Ex&dxHP_equip__pkgEER/NE-dxHP_equip-pkgSEER-14.4-SEER2-1Stage/instance-out.sql,2456013.32,21453.07,484245.7,774348.97,0.0,436362.0,0.0,580160.12,3.38,0.0,0.0,0.0,159440.08,0.0,0.0,18522.77,484245.70,2930.30,0.00,436362.00,0.00
CZ11/Rt3&0&cDXHP&Ex&dxHP_equip__pkgEER/NE-dxHP_equip-pkgSEER-14.4-SEER2-2Stage/instance-out.sql,2249699.18,18355.85,449039.98,774348.97,0.0,436362.0,0.0,412148.88,3.38,0.0,0.0,0.0,159440.12,0.0,0.0,15169.88,449039.98,3185.97,0.00,436362.00,0.00
CZ11/Rt3&0&cDXHP&Ex&dxHP_equip__pkgEER/NE-dxHP_equip-spltSEER-14.4-SEER2-8.7-HSPF/instance-out.sql,2455531.48,20971.23,484245.7,774348.97,0.0,436362.0,0.0,580160.12,3.38,0.0,0.0,0.0,159440.08,0.0,0.0,18040.93,484245.70,2930.30,0.00,436362.00,0.00
CZ11/Rt3&0&cDXHP&Ex&dxHP_equip__pkgEER/NE-dxHP_equip-spltSEER-15.4-SEER2-9-HSPF/instance-out.sql,2438667.29,20760.93,467591.81,774348.97,0.0,436362.0,0.0,580160.12,3.38,0.0,0.0,0.0,159440.08,0.0,0.0,17830.63,467591.81,2930.30,0.00,436362.00,0.00
CZ11/Rt3&0&cDXHP&Ex&dxHP_equip__pkgEER/NE-dxHP_equip-spltSEER-16.3-SEER2-9.4-HSPF/instance-out.sql,2421860.44,20475.14,451070.75,774348.97,0.0,436362.0,0.0,580160.12,3.38,0.0,0.0,0.0,159440.08,0.0,0.0,17544.84,451070.75,2930.30,0.00,436362.00,0.00
CZ11/Rt3&0&cDXHP&Ex&dxHP_equip__pkgEER/NE-dxHP_equip-spltSEER-17.3-SEER2-9.7-HSPF/instance-out.sql,2409131.8,20316.19,438501.06,774348.97,0.0,436362.0,0.0,580160.12,3.38,0.0,0.0,0.0,159440.08,0.0,0.0,17385.89,438501.06,2930.30,0.00,436362.00,0.00
CZ11/Rt3&0&cDXHP&Ex&dxHP_equip__pkgEER/NE-dxAC_equip-pkgEER-14.2-IEER-TE-0.81-VarFan/instance-out.sql,2501124.5500000003,70571.01,473391.57,774348.97,0.0,436362.0,0.0,587007.53,3.38,0.0,0.0,0.0,159440.09,0.0,0.0,0.00,473391.57,70571.01,0.00,436362.00,0.00
CZ11/Rt3&0&cDXHP&Ex&dxHP_equip__pkgEER/NE-dxAC_equip-pkgEER-13.2-IEER-TE-0.81-VarFan/instance-out.sql,2522157.81,70571.01,494424.83,774348.97,0.0,436362.0,0.0,587007.53,3.38,0.0,0.0,0.0,159440.09,0.0,0.0,0.00,494424.83,70571.01,0.00,436362.00,0.00
CZ11/Rt3&0&cDXHP&Ex&dxHP_equip__pkgEER/NE-dxAC_equip-pkgEER-14.8-IEER-TE-0.81-VarFan/instance-out.sql,2482933.62,70571.01,455200.64,774348.97,0.0,436362.0,0.0,587007.53,3.38,0.0,0.0,0.0,159440.09,0.0,0.0,0.00,455200.64,70571.01,0.00,436362.00,0.00
CZ11/Rt3&0&cDXHP&Ex&dxHP_equip__pkgEER/NE-dxAC_equip-pkgSEER-13.4-SEER2-VarFan/instance-out.sql,2512026.61,70571.01,484293.63,774348.97,0.0,436362.0,0.0,587007.53,3.38,0.0,0.0,0.0,159440.09,0.0,0.0,0.00,484293.63,70571.01,0.00,436362.00,0.00
CZ11/RtL&0&cDXHP&Ex&dxHP_equip__pkgEER/NE-dxAC_equip-pkgEER-14.2-IEER-TE-0.81/instance-out.sql,2511827.5100000002,59381.22,502515.7,767420.15,0.0,509200.67,0.0,555834.33,3.39,0.0,0.0,0.0,117472.05,0.0,0.0,0.00,502515.70,59381.22,0.00,468847.72,40352.95
CZ11/RtL&0&cDXHP&Ex&dxHP_equip__pkgEER/NE-dxAC_equip-pkgEER-13.2-IEER-TE-0.81/instance-out.sql,2533951.0700000003,59381.22,524639.27,767420.15,0.0,509200.67,0.0,555834.33,3.39,0.0,0.0,0.0,117472.05,0.0,0.0,0.00,524639.27,59381.22,0.00,468847.72,40352.95
CZ11/RtL&0&cDXHP&Ex&dxHP_equip__pkgEER/NE-dxAC_equip-pkgEER-14.8-IEER-TE-0.81/instance-out.sql,2492693.6100000003,59381.22,483381.8,767420.15,0.0,509200.67,0.0,555834.33,3.39,0.0,0.0,0.0,117472.05,0.0,0.0,0.00,483381.80,59381.22,0.00,468847.72,40352.95
CZ11/RtL&0&cDXHP&Ex&dxHP_equip__pkgEER/NE-dxAC_equip-pkgSEER-13.4-SEER2/instance-out.sql,2523294.7,59381.22,513982.89,767420.15,0.0,509200.67,0.0,555834.33,3.39,0.0,0.0,0.0,117472.05,0.0,0.0,0.00,513982.89,59381.22,0.00,468847.72,40352.95
CZ11/RtL&0&cDXHP&Ex&dxHP_equip__pkgEER/NE-dxAC_equip-pkgEER-12.2-IEER-TE-0.80/instance-out.sql,2554481.6500000004,60123.48,544427.57,767420.15,0.0,509200.67,0.0,555834.33,3.39,0.0,0.0,0.0,117472.05,0.0,0.0,0.00,544427.57,60123.48,0.00,468847.72,40352.95
CZ11/RtL&0&cDXHP&Ex&dxHP_equip__pkgEER/NE-dxAC_equip-pkgEER-11.4-IEER-TE-0.80/instance-out.sql,2592240.96,60123.48,582186.88,767420.15,0.0,509200.67,0.0,555834.33,3.39,0.0,0.0,0.0,117472.05,0.0,0.0,0.00,582186.88,60123.48,0.00,468847.72,40352.95
CZ11/RtL&0&cDXHP&Ex&dxHP_equip__pkgEER/NE-dxAC_equip-pkgEER-12.7-IEER-TE-0.80/instance-out.sql,2555954.1500000004,60123.48,545900.08,767420.15,0.0,509200.67,0.0,555834.33,3.39,0.0,0.0,0.0,117472.05,0.0,0.0,0.00,545900.08,60123.48,0.00,468847.72,40352.95
CZ11/RtL&0&cDXHP&Ex&dxHP_equip__pkgEER/NE-dxAC_equip-pkgSEER-12.35-SEER2/instance-out.sql,2547240.13,60123.48,537186.06,767420.15,0.0,509200.67,0.0,555834.33,3.39,0.0,0.0,0.0,117472.05,0.0,0.0,0.00,537186.06,60123.48,0.00,468847.72,40352.95
CZ11/RtL&0&cDXHP&Ex&dxHP_equip__pkgEER/NE-dxHP_equip-pkgEER-14.5-IEER/instance-out.sql,2472312.29,18345.140000000003,504776.66,767420.15,0.0,509200.67,0.0,555094.25,3.39,0.0,0.0,0.0,117472.04,0.0,0.0,18345.06,504776.66,0.08,0.00,468847.72,40352.95
CZ11/RtL&0&cDXHP&Ex&dxHP_equip__pkgEER/NE-dxHP_equip-pkgEER-15.5-IEER/instance-out.sql,2453269.75,18345.140000000003,485734.11,767420.15,0.0,509200.67,0.0,555094.25,3.39,0.0,0.0,0.0,117472.04,0.0,0.0,18345.06,485734.11,0.08,0.00,468847.72,40352.95
CZ11/RtL&0&cDXHP&Ex&dxHP_equip__pkgEER/NE-dxHP_equip-pkgEER-13.5-IEER/instance-out.sql,2491621.06,18345.140000000003,524085.42,767420.15,0.0,509200.67,0.0,555094.25,3.39,0.0,0.0,0.0,117472.04,0.0,0.0,18345.06,524085.42,0.08,0.00,468847.72,40352.95
CZ11/RtL&0&cDXHP&Ex&dxHP_equip__pkgEER/NE-dxHP_equip-pkgEER-14-IEER/instance-out.sql,2477316.44,18345.140000000003,509780.81,767420.15,0.0,509200.67,0.0,555094.25,3.39,0.0,0.0,0.0,117472.04,0.0,0.0,18345.06,509780.81,0.08,0.00,468847.72,40352.95
CZ11/RtL&0&cDXHP&Ex&dxHP_equip__pkgEER/NE-dxHP_equip-pkgEER-15-IEER/instance-out.sql,2452259.0999999996,17334.49,485734.11,767420.15,0.0,509200.67,0.0,555094.25,3.39,0.0,0.0,0.0,117472.04,0.0,0.0,17334.41,485734.11,0.08,0.00,468847.72,40352.95
CZ11/RtL&0&cDXHP&Ex&dxHP_equip__pkgEER/NE-dxHP_equip-pkgEER-16-IEER/instance-out.sql,2427345.28,17334.49,460820.3,767420.15,0.0,509200.67,0.0,555094.25,3.39,0.0,0.0,0.0,117472.04,0.0,0.0,17334.41,460820.30,0.08,0.00,468847.72,40352.95
CZ11/RtL&0&cDXHP&Ex&dxHP_equip__pkgEER/NE-dxHP_equip-pkgSEER-15.4-SEER2/instance-out.sql,2433311.28,16002.14,468118.64,767420.15,0.0,509200.67,0.0,555094.25,3.39,0.0,0.0,0.0,117472.04,0.0,0.0,16002.06,468118.64,0.08,0.00,468847.72,40352.95
CZ11/RtL&0&cDXHP&Ex&dxHP_equip__pkgEER/NE-dxHP_equip-pkgSEER-16.3-SEER2/instance-out.sql,2416631.75,15665.64,451775.62,767420.15,0.0,509200.67,0.0,555094.25,3.39,0.0,0.0,0.0,117472.04,0.0,0.0,15665.56,451775.62,0.08,0.00,468847.72,40352.95
CZ11/RtL&0&cDXHP&Ex&dxHP_equip__pkgEER/NE-dxHP_equip-pkgSEER-14.4-SEER2-1Stage/instance-out.sql,2450058.27,16274.72,484593.06,767420.15,0.0,509200.67,0.0,555094.25,3.39,0.0,0.0,0.0,117472.04,0.0,0.0,16274.64,484593.06,0.08,0.00,468847.72,40352.95
CZ11/RtL&0&cDXHP&Ex&dxHP_equip__pkgEER/NE-dxHP_equip-pkgSEER-14.4-SEER2-2Stage/instance-out.sql,2249897.54,13151.19,451018.23,767420.15,0.0,509200.67,0.0,391631.76,3.39,0.0,0.0,0.0,117472.17,0.0,0.0,13150.84,451018.23,0.35,0.00,468847.72,40352.95
CZ11/RtL&0&cDXHP&Ex&dxHP_equip__pkgEER/NE-dxHP_equip-spltSEER-14.4-SEER2-8.7-HSPF/instance-out.sql,2449634.26,15850.7,484593.06,767420.15,0.0,509200.67,0.0,555094.25,3.39,0.0,0.0,0.0,117472.04,0.0,0.0,15850.62,484593.06,0.08,0.00,468847.72,40352.95
CZ11/RtL&0&cDXHP&Ex&dxHP_equip__pkgEER/NE-dxHP_equip-spltSEER-15.4-SEER2-9-HSPF/instance-out.sql,2432974.77,15665.64,468118.64,767420.15,0.0,509200.67,0.0,555094.25,3.39,0.0,0.0,0.0,117472.04,0.0,0.0,15665.56,468118.64,0.08,0.00,468847.72,40352.95
CZ11/RtL&0&cDXHP&Ex&dxHP_equip__pkgEER/NE-dxHP_equip-spltSEER-16.3-SEER2-9.4-HSPF/instance-out.sql,2416380.27,15414.15,451775.62,767420.15,0.0,509200.67,0.0,555094.25,3.39,0.0,0.0,0.0,117472.04,0.0,0.0,15414.07,451775.62,0.08,0.00,468847.72,40352.95
CZ11/RtL&0&cDXHP&Ex&dxHP_equip__pkgEER/NE-dxHP_equip-spltSEER-17.3-SEER2-9.7-HSPF/instance-out.sql,2403806.1599999997,15274.27,439341.4,767420.15,0.0,509200.67,0.0,555094.25,3.39,0.0,0.0,0.0,117472.04,0.0,0.0,15274.19,439341.40,0.08,0.00,468847.72,40352.95
CZ11/RtL&0&cDXHP&Ex&dxHP_equip__pkgEER/NE-dxAC_equip-pkgEER-14.2-IEER-TE-0.81-VarFan/instance-out.sql,2511624.33,59406.24,502494.54,767420.15,0.0,509200.67,0.0,555627.3,3.39,0.0,0.0,0.0,117472.05,0.0,0.0,0.00,502494.54,59406.24,0.00,468847.72,40352.95
CZ11/RtL&0&cDXHP&Ex&dxHP_equip__pkgEER/NE-dxAC_equip-pkgEER-13.2-IEER-TE-0.81-VarFan/instance-out.sql,2533746.9400000004,59406.24,524617.15,767420.15,0.0,509200.67,0.0,555627.3,3.39,0.0,0.0,0.0,117472.05,0.0,0.0,0.00,524617.15,59406.24,0.00,468847.72,40352.95
CZ11/RtL&0&cDXHP&Ex&dxHP_equip__pkgEER/NE-dxAC_equip-pkgEER-14.8-IEER-TE-0.81-VarFan/instance-out.sql,2492491.2699999996,59406.24,483361.47,767420.15,0.0,509200.67,0.0,555627.3,3.39,0.0,0.0,0.0,117472.05,0.0,0.0,0.00,483361.47,59406.24,0.00,468847.72,40352.95
CZ11/RtL&0&cDXHP&Ex&dxHP_equip__pkgEER/NE-dxAC_equip-pkgSEER-13.4-SEER2-VarFan/instance-out.sql,2523091.0300000003,59406.24,513961.23,767420.15,0.0,509200.67,0.0,555627.3,3.39,0.0,0.0,0.0,117472.05,0.0,0.0,0.00,513961.23,59406.24,0.00,468847.72,40352.95
CZ11/RtS&0&cDXHP&Ex&dxHP_equip__pkgEER/NE-dxAC_equip-pkgEER-14.2-IEER-TE-0.81/instance-out.sql,175045.28,11886.83,37266.99,44599.63,0.0,24440.79,0.0,41930.07,3.36,0.0,0.0,0.0,14917.61,0.0,0.0,0.00,37266.99,11886.83,0.00,24440.79,0.00
CZ11/RtS&0&cDXHP&Ex&dxHP_equip__pkgEER/NE-dxAC_equip-pkgEER-13.2-IEER-TE-0.81/instance-out.sql,176737.23,11886.83,38958.93,44599.63,0.0,24440.79,0.0,41930.07,3.36,0.0,0.0,0.0,14917.61,0.0,0.0,0.00,38958.93,11886.83,0.00,24440.79,0.00
CZ11/RtS&0&cDXHP&Ex&dxHP_equip__pkgEER/NE-dxAC_equip-pkgEER-14.8-IEER-TE-0.81/instance-out.sql,173581.98,11886.83,35803.68,44599.63,0.0,24440.79,0.0,41930.07,3.36,0.0,0.0,0.0,14917.61,0.0,0.0,0.00,35803.68,11886.83,0.00,24440.79,0.00
CZ11/RtS&0&cDXHP&Ex&dxHP_equip__pkgEER/NE-dxAC_equip-pkgSEER-13.4-SEER2/instance-out.sql,175922.26,11886.83,38143.96,44599.63,0.0,24440.79,0.0,41930.07,3.36,0.0,0.0,0.0,14917.61,0.0,0.0,0.00,38143.96,11886.83,0.00,24440.79,0.00
CZ11/RtS&0&cDXHP&Ex&dxHP_equip__pkgEER/NE-dxAC_equip-pkgEER-12.2-IEER-TE-0.80/instance-out.sql,178399.16,12035.41,40472.28,44599.63,0.0,24440.79,0.0,41930.07,3.36,0.0,0.0,0.0,14917.61,0.0,0.0,0.00,40472.28,12035.41,0.00,24440.79,0.00
CZ11/RtS&0&cDXHP&Ex&dxHP_equip__pkgEER/NE-dxAC_equip-pkgEER-11.4-IEER-TE-0.80/instance-out.sql,181286.87999999998,12035.41,43360.0,44599.63,0.0,24440.79,0.0,41930.07,3.36,0.0,0.0,0.0,14917.61,0.0,0.0,0.00,43360.00,12035.41,0.00,24440.79,0.00
CZ11/RtS&0&cDXHP&Ex&dxHP_equip__pkgEER/NE-dxAC_equip-pkgEER-12.7-IEER-TE-0.80/instance-out.sql,178511.77,12035.41,40584.9,44599.63,0.0,24440.79,0.0,41930.07,3.36,0.0,0.0,0.0,14917.61,0.0,0.0,0.00,40584.90,12035.41,0.00,24440.79,0.00
CZ11/RtS&0&cDXHP&Ex&dxHP_equip__pkgEER/NE-dxAC_equip-pkgSEER-12.35-SEER2/instance-out.sql,177845.34999999998,12035.41,39918.47,44599.63,0.0,24440.79,0.0,41930.07,3.36,0.0,0.0,0.0,14917.61,0.0,0.0,0.00,39918.47,12035.41,0.00,24440.79,0.00
CZ11/RtS&0&cDXHP&Ex&dxHP_equip__pkgEER/NE-dxHP_equip-pkgEER-14.5-IEER/instance-out.sql,166482.58000000002,3497.15,37125.65,44599.63,0.0,24440.79,0.0,41898.39,3.36,0.0,0.0,0.0,14917.61,0.0,0.0,3497.15,37125.65,0.00,0.00,24440.79,0.00
CZ11/RtS&0&cDXHP&Ex&dxHP_equip__pkgEER/NE-dxHP_equip-pkgEER-15.5-IEER/instance-out.sql,165037.3,3497.15,35680.37,44599.63,0.0,24440.79,0.0,41898.39,3.36,0.0,0.0,0.0,14917.61,0.0,0.0,3497.15,35680.37,0.00,0.00,24440.79,0.00
CZ11/RtS&0&cDXHP&Ex&dxHP_equip__pkgEER/NE-dxHP_equip-pkgEER-13.5-IEER/instance-out.sql,167948.07,3497.15,38591.13,44599.63,0.0,24440.79,0.0,41898.39,3.36,0.0,0.0,0.0,14917.61,0.0,0.0,3497.15,38591.13,0.00,0.00,24440.79,0.00
CZ11/RtS&0&cDXHP&Ex&dxHP_equip__pkgEER/NE-dxHP_equip-pkgEER-14-IEER/instance-out.sql,166862.39,3497.15,37505.45,44599.63,0.0,24440.79,0.0,41898.39,3.36,0.0,0.0,0.0,14917.61,0.0,0.0,3497.15,37505.45,0.00,0.00,24440.79,0.00
CZ11/RtS&0&cDXHP&Ex&dxHP_equip__pkgEER/NE-dxHP_equip-pkgEER-15-IEER/instance-out.sql,164841.34999999998,3301.19,35680.37,44599.63,0.0,24440.79,0.0,41898.39,3.36,0.0,0.0,0.0,14917.61,0.0,0.0,3301.19,35680.37,0.00,0.00,24440.79,0.00
CZ11/RtS&0&cDXHP&Ex&dxHP_equip__pkgEER/NE-dxHP_equip-pkgEER-16-IEER/instance-out.sql,162950.45,3301.19,33789.47,44599.63,0.0,24440.79,0.0,41898.39,3.36,0.0,0.0,0.0,14917.61,0.0,0.0,3301.19,33789.47,0.00,0.00,24440.79,0.00
CZ11/RtS&0&cDXHP&Ex&dxHP_equip__pkgEER/NE-dxHP_equip-pkgSEER-15.4-SEER2/instance-out.sql,163246.05,3042.86,34343.4,44599.63,0.0,24440.79,0.0,41898.39,3.36,0.0,0.0,0.0,14917.61,0.0,0.0,3042.86,34343.40,0.00,0.00,24440.79,0.00
CZ11/RtS&0&cDXHP&Ex&dxHP_equip__pkgEER/NE-dxHP_equip-pkgSEER-16.3-SEER2/instance-out.sql,161940.40999999997,2977.62,33103.0,44599.63,0.0,24440.79,0.0,41898.39,3.36,0.0,0.0,0.0,14917.61,0.0,0.0,2977.62,33103.00,0.00,0.00,24440.79,0.00
CZ11/RtS&0&cDXHP&Ex&dxHP_equip__pkgEER/NE-dxHP_equip-pkgSEER-14.4-SEER2-1Stage/instance-out.sql,164549.26,3095.71,35593.76,44599.63,0.0,24440.79,0.0,41898.39,3.36,0.0,0.0,0.0,14917.61,0.0,0.0,3095.71,35593.76,0.00,0.00,24440.79,0.00
CZ11/RtS&0&cDXHP&Ex&dxHP_equip__pkgEER/NE-dxHP_equip-pkgSEER-14.4-SEER2-2Stage/instance-out.sql,150445.47,2244.41,33916.91,44599.63,0.0,24440.79,0.0,30322.75,3.36,0.0,0.0,0.0,14917.62,0.0,0.0,2244.41,33916.91,0.00,0.00,24440.79,0.00
CZ11/RtS&0&cDXHP&Ex&dxHP_equip__pkgEER/NE-dxHP_equip-spltSEER-14.4-SEER2-8.7-HSPF/instance-out.sql,164467.05,3013.5,35593.76,44599.63,0.0,24440.79,0.0,41898.39,3.36,0.0,0.0,0.0,14917.61,0.0,0.0,3013.50,35593.76,0.00,0.00,24440.79,0.00
CZ11/RtS&0&cDXHP&Ex&dxHP_equip__pkgEER/NE-dxHP_equip-spltSEER-15.4-SEER2-9-HSPF/instance-out.sql,163180.8,2977.62,34343.4,44599.63,0.0,24440.79,0.0,41898.39,3.36,0.0,0.0,0.0,14917.61,0.0,0.0,2977.62,34343.40,0.00,0.00,24440.79,0.00
CZ11/RtS&0&cDXHP&Ex&dxHP_equip__pkgEER/NE-dxHP_equip-spltSEER-16.3-SEER2-9.4-HSPF/instance-out.sql,161891.65000000002,2928.86,33103.0,44599.63,0.0,24440.79,0.0,41898.39,3.36,0.0,0.0,0.0,14917.61,0.0,0.0,2928.86,33103.00,0.00,0.00,24440.79,0.00
CZ11/RtS&0&cDXHP&Ex&dxHP_equip__pkgEER/NE-dxHP_equip-spltSEER-17.3-SEER2-9.7-HSPF/instance-out.sql,160920.8,2901.74,32159.28,44599.63,0.0,24440.79,0.0,41898.39,3.36,0.0,0.0,0.0,14917.61,0.0,0.0,2901.74,32159.28,0.00,0.00,24440.79,0.00
CZ11/RtS&0&cDXHP&Ex&dxHP_equip__pkgEER/NE-dxAC_equip-pkgEER-14.2-IEER-TE-0.81-VarFan/instance-out.sql,175031.32,11890.29,37265.56,44599.63,0.0,24440.79,0.0,41914.08,3.36,0.0,0.0,0.0,14917.61,0.0,0.0,0.00,37265.56,11890.29,0.00,24440.79,0.00
CZ11/RtS&0&cDXHP&Ex&dxHP_equip__pkgEER/NE-dxAC_equip-pkgEER-13.2-IEER-TE-0.81-VarFan/instance-out.sql,176723.19999999998,11890.29,38957.44,44599.63,0.0,24440.79,0.0,41914.08,3.36,0.0,0.0,0.0,14917.61,0.0,0.0,0.00,38957.44,11890.29,0.00,24440.79,0.00
CZ11/RtS&0&cDXHP&Ex&dxHP_equip__pkgEER/NE-dxAC_equip-pkgEER-14.8-IEER-TE-0.81-VarFan/instance-out.sql,173568.08,11890.29,35802.31,44599.63,0.0,24440.79,0.0,41914.08,3.36,0.0,0.0,0.0,14917.61,0.0,0.0,0.00,35802.31,11890.29,0.00,24440.79,0.00
CZ11/RtS&0&cDXHP&Ex&dxHP_equip__pkgEER/NE-dxAC_equip-pkgSEER-13.4-SEER2-VarFan/instance-out.sql,175908.27,11890.29,38142.5,44599.63,0.0,24440.79,0.0,41914.08,3.36,0.0,0.0,0.0,14917.61,0.0,0.0,0.00,38142.50,11890.29,0.00,24440.79,0.00
CZ11/SCn&0&cDXHP&Ex&dxHP_equip__pkgEER/NE-dxAC_equip-pkgEER-14.2-IEER-TE-0.81/instance-out.sql,4638164.25,860242.97,974653.61,850055.03,0.0,449066.39,0.0,1425448.9,3.36,0.0,0.0,0.0,78693.99,0.0,0.0,0.00,974653.61,860242.97,0.00,449066.39,0.00
CZ11/SCn&0&cDXHP&Ex&dxHP_equip__pkgEER/NE-dxAC_equip-pkgEER-13.2-IEER-TE-0.81/instance-out.sql,4682464.68,860242.97,1018954.04,850055.03,0.0,449066.39,0.0,1425448.9,3.36,0.0,0.0,0.0,78693.99,0.0,0.0,0.00,1018954.04,860242.97,0.00,449066.39,0.00
CZ11/SCn&0&cDXHP&Ex&dxHP_equip__pkgEER/NE-dxAC_equip-pkgEER-14.8-IEER-TE-0.81/instance-out.sql,4599850.359999999,860242.97,936339.73,850055.03,0.0,449066.39,0.0,1425448.9,3.36,0.0,0.0,0.0,78693.99,0.0,0.0,0.00,936339.73,860242.97,0.00,449066.39,0.00
CZ11/SCn&0&cDXHP&Ex&dxHP_equip__pkgEER/NE-dxAC_equip-pkgSEER-13.4-SEER2/instance-out.sql,4661126.25,860242.97,997615.61,850055.03,0.0,449066.39,0.0,1425448.9,3.36,0.0,0.0,0.0,78693.99,0.0,0.0,0.00,997615.61,860242.97,0.00,449066.39,0.00
CZ11/SCn&0&cDXHP&Ex&dxHP_equip__pkgEER/NE-dxAC_equip-pkgEER-12.2-IEER-TE-0.80/instance-out.sql,4732841.99,870996.01,1058578.31,850055.03,0.0,449066.39,0.0,1425448.9,3.36,0.0,0.0,0.0,78693.99,0.0,0.0,0.00,1058578.31,870996.01,0.00,449066.39,0.00
CZ11/SCn&0&cDXHP&Ex&dxHP_equip__pkgEER/NE-dxAC_equip-pkgEER-11.4-IEER-TE-0.80/instance-out.sql,4808451.57,870996.01,1134187.89,850055.03,0.0,449066.39,0.0,1425448.9,3.36,0.0,0.0,0.0,78693.99,0.0,0.0,0.00,1134187.89,870996.01,0.00,449066.39,0.00
CZ11/SCn&0&cDXHP&Ex&dxHP_equip__pkgEER/NE-dxAC_equip-pkgEER-12.7-IEER-TE-0.80/instance-out.sql,4735790.55,870996.01,1061526.87,850055.03,0.0,449066.39,0.0,1425448.9,3.36,0.0,0.0,0.0,78693.99,0.0,0.0,0.00,1061526.87,870996.01,0.00,449066.39,0.00
CZ11/SCn&0&cDXHP&Ex&dxHP_equip__pkgEER/NE-dxAC_equip-pkgSEER-12.35-SEER2/instance-out.sql,4718341.52,870996.01,1044077.84,850055.03,0.0,449066.39,0.0,1425448.9,3.36,0.0,0.0,0.0,78693.99,0.0,0.0,0.00,1044077.84,870996.01,0.00,449066.39,0.00
CZ11/SCn&0&cDXHP&Ex&dxHP_equip__pkgEER/NE-dxHP_equip-pkgEER-14.5-IEER/instance-out.sql,4133269.21,244104.34,1087335.56,850055.03,0.0,449066.39,0.0,1424010.57,3.36,0.0,0.0,0.0,78693.96,0.0,0.0,244104.34,1087335.56,0.00,0.00,449066.39,0.00
CZ11/SCn&0&cDXHP&Ex&dxHP_equip__pkgEER/NE-dxHP_equip-pkgEER-15.5-IEER/instance-out.sql,4090939.85,244104.34,1045006.2,850055.03,0.0,449066.39,0.0,1424010.57,3.36,0.0,0.0,0.0,78693.96,0.0,0.0,244104.34,1045006.20,0.00,0.00,449066.39,0.00
CZ11/SCn&0&cDXHP&Ex&dxHP_equip__pkgEER/NE-dxHP_equip-pkgEER-13.5-IEER/instance-out.sql,4176190.35,244104.34,1130256.7,850055.03,0.0,449066.39,0.0,1424010.57,3.36,0.0,0.0,0.0,78693.96,0.0,0.0,244104.34,1130256.70,0.00,0.00,449066.39,0.00
CZ11/SCn&0&cDXHP&Ex&dxHP_equip__pkgEER/NE-dxHP_equip-pkgEER-14-IEER/instance-out.sql,4144392.85,244104.34,1098459.2,850055.03,0.0,449066.39,0.0,1424010.57,3.36,0.0,0.0,0.0,78693.96,0.0,0.0,244104.34,1098459.20,0.00,0.00,449066.39,0.00
CZ11/SCn&0&cDXHP&Ex&dxHP_equip__pkgEER/NE-dxHP_equip-pkgEER-15-IEER/instance-out.sql,4077040.68,230205.18,1045006.2,850055.03,0.0,449066.39,0.0,1424010.57,3.36,0.0,0.0,0.0,78693.96,0.0,0.0,230205.18,1045006.20,0.00,0.00,449066.39,0.00
CZ11/SCn&0&cDXHP&Ex&dxHP_equip__pkgEER/NE-dxHP_equip-pkgEER-16-IEER/instance-out.sql,4021660.17,230205.18,989625.68,850055.03,0.0,449066.39,0.0,1424010.57,3.36,0.0,0.0,0.0,78693.96,0.0,0.0,230205.18,989625.68,0.00,0.00,449066.39,0.00
CZ11/SCn&0&cDXHP&Ex&dxHP_equip__pkgEER/NE-dxHP_equip-pkgSEER-15.4-SEER2/instance-out.sql,4019560.16,211881.8,1005849.06,850055.03,0.0,449066.39,0.0,1424010.57,3.36,0.0,0.0,0.0,78693.96,0.0,0.0,211881.80,1005849.06,0.00,0.00,449066.39,0.00
CZ11/SCn&0&cDXHP&Ex&dxHP_equip__pkgEER/NE-dxHP_equip-pkgSEER-16.3-SEER2/instance-out.sql,3978603.67,207253.95,969520.42,850055.03,0.0,449066.39,0.0,1424010.57,3.36,0.0,0.0,0.0,78693.96,0.0,0.0,207253.95,969520.42,0.00,0.00,449066.39,0.00
CZ11/SCn&0&cDXHP&Ex&dxHP_equip__pkgEER/NE-dxHP_equip-pkgSEER-14.4-SEER2-1Stage/instance-out.sql,4059929.52,215630.44,1042469.77,850055.03,0.0,449066.39,0.0,1424010.57,3.36,0.0,0.0,0.0,78693.96,0.0,0.0,215630.44,1042469.77,0.00,0.00,449066.39,0.00
CZ11/SCn&0&cDXHP&Ex&dxHP_equip__pkgEER/NE-dxHP_equip-pkgSEER-14.4-SEER2-2Stage/instance-out.sql,3441915.46,156063.53,916476.3,850055.03,0.0,449066.39,0.0,991556.87,3.36,0.0,0.0,0.0,78693.98,0.0,0.0,156063.53,916476.30,0.00,0.00,449066.39,0.00
CZ11/SCn&0&cDXHP&Ex&dxHP_equip__pkgEER/NE-dxHP_equip-spltSEER-14.4-SEER2-8.7-HSPF/instance-out.sql,4054098.15,209799.07,1042469.77,850055.03,0.0,449066.39,0.0,1424010.57,3.36,0.0,0.0,0.0,78693.96,0.0,0.0,209799.07,1042469.77,0.00,0.00,449066.39,0.00
CZ11/SCn&0&cDXHP&Ex&dxHP_equip__pkgEER/NE-dxHP_equip-spltSEER-15.4-SEER2-9-HSPF/instance-out.sql,4014932.31,207253.95,1005849.06,850055.03,0.0,449066.39,0.0,1424010.57,3.36,0.0,0.0,0.0,78693.96,0.0,0.0,207253.95,1005849.06,0.00,0.00,449066.39,0.00
CZ11/SCn&0&cDXHP&Ex&dxHP_equip__pkgEER/NE-dxHP_equip-spltSEER-16.3-SEER2-9.4-HSPF/instance-out.sql,3975145.04,203795.31,969520.42,850055.03,0.0,449066.39,0.0,1424010.57,3.36,0.0,0.0,0.0,78693.96,0.0,0.0,203795.31,969520.42,0.00,0.00,449066.39,0.00
CZ11/SCn&0&cDXHP&Ex&dxHP_equip__pkgEER/NE-dxHP_equip-spltSEER-17.3-SEER2-9.7-HSPF/instance-out.sql,3945581.4899999998,201871.59,941880.59,850055.03,0.0,449066.39,0.0,1424010.57,3.36,0.0,0.0,0.0,78693.96,0.0,0.0,201871.59,941880.59,0.00,0.00,449066.39,0.00
CZ12/Asm&0&cDXHP&Ex&dxHP_equip__pkgEER/NE-dxAC_equip-pkgEER-14.2-IEER-TE-0.81/instance-out.sql,914253.73,188556.77,175494.64,153727.01,0.0,145823.51,0.0,228973.23,3.36,0.0,0.0,0.0,21675.21,0.0,0.0,0.00,175494.64,188556.77,0.00,145823.51,0.00
CZ12/Asm&0&cDXHP&Ex&dxHP_equip__pkgEER/NE-dxAC_equip-pkgEER-13.2-IEER-TE-0.81/instance-out.sql,922225.91,188556.77,183466.82,153727.01,0.0,145823.51,0.0,228973.23,3.36,0.0,0.0,0.0,21675.21,0.0,0.0,0.00,183466.82,188556.77,0.00,145823.51,0.00
CZ12/Asm&0&cDXHP&Ex&dxHP_equip__pkgEER/NE-dxAC_equip-pkgEER-14.8-IEER-TE-0.81/instance-out.sql,907358.86,188556.77,168599.77,153727.01,0.0,145823.51,0.0,228973.23,3.36,0.0,0.0,0.0,21675.21,0.0,0.0,0.00,168599.77,188556.77,0.00,145823.51,0.00
CZ12/Asm&0&cDXHP&Ex&dxHP_equip__pkgEER/NE-dxAC_equip-pkgSEER-13.4-SEER2/instance-out.sql,918385.91,188556.77,179626.82,153727.01,0.0,145823.51,0.0,228973.23,3.36,0.0,0.0,0.0,21675.21,0.0,0.0,0.00,179626.82,188556.77,0.00,145823.51,0.00
CZ12/Asm&0&cDXHP&Ex&dxHP_equip__pkgEER/NE-dxAC_equip-pkgEER-12.2-IEER-TE-0.80/instance-out.sql,931713.55,190913.73,190597.5,153727.01,0.0,145823.51,0.0,228973.23,3.36,0.0,0.0,0.0,21675.21,0.0,0.0,0.00,190597.50,190913.73,0.00,145823.51,0.00
CZ12/Asm&0&cDXHP&Ex&dxHP_equip__pkgEER/NE-dxAC_equip-pkgEER-11.4-IEER-TE-0.80/instance-out.sql,945320.05,190913.73,204204.0,153727.01,0.0,145823.51,0.0,228973.23,3.36,0.0,0.0,0.0,21675.21,0.0,0.0,0.00,204204.00,190913.73,0.00,145823.51,0.00
CZ12/Asm&0&cDXHP&Ex&dxHP_equip__pkgEER/NE-dxAC_equip-pkgEER-12.7-IEER-TE-0.80/instance-out.sql,932244.1699999999,190913.73,191128.12,153727.01,0.0,145823.51,0.0,228973.23,3.36,0.0,0.0,0.0,21675.21,0.0,0.0,0.00,191128.12,190913.73,0.00,145823.51,0.00
CZ12/Asm&0&cDXHP&Ex&dxHP_equip__pkgEER/NE-dxAC_equip-pkgSEER-12.35-SEER2/instance-out.sql,929104.0900000001,190913.73,187988.04,153727.01,0.0,145823.51,0.0,228973.23,3.36,0.0,0.0,0.0,21675.21,0.0,0.0,0.00,187988.04,190913.73,0.00,145823.51,0.00
CZ12/Asm&0&cDXHP&Ex&dxHP_equip__pkgEER/NE-dxHP_equip-pkgEER-14.5-IEER/instance-out.sql,776084.14,51774.83,174172.0,153727.01,0.0,145823.51,0.0,228908.22,3.36,0.0,0.0,0.0,21675.21,0.0,0.0,51774.83,174172.00,0.00,0.00,145823.51,0.00
CZ12/Asm&0&cDXHP&Ex&dxHP_equip__pkgEER/NE-dxHP_equip-pkgEER-15.5-IEER/instance-out.sql,769303.72,51774.83,167391.58,153727.01,0.0,145823.51,0.0,228908.22,3.36,0.0,0.0,0.0,21675.21,0.0,0.0,51774.83,167391.58,0.00,0.00,145823.51,0.00
CZ12/Asm&0&cDXHP&Ex&dxHP_equip__pkgEER/NE-dxHP_equip-pkgEER-13.5-IEER/instance-out.sql,782959.35,51774.83,181047.21,153727.01,0.0,145823.51,0.0,228908.22,3.36,0.0,0.0,0.0,21675.21,0.0,0.0,51774.83,181047.21,0.00,0.00,145823.51,0.00
CZ12/Asm&0&cDXHP&Ex&dxHP_equip__pkgEER/NE-dxHP_equip-pkgEER-14-IEER/instance-out.sql,777865.95,51774.83,175953.81,153727.01,0.0,145823.51,0.0,228908.22,3.36,0.0,0.0,0.0,21675.21,0.0,0.0,51774.83,175953.81,0.00,0.00,145823.51,0.00
CZ12/Asm&0&cDXHP&Ex&dxHP_equip__pkgEER/NE-dxHP_equip-pkgEER-15-IEER/instance-out.sql,766343.02,48814.14,167391.58,153727.01,0.0,145823.51,0.0,228908.22,3.36,0.0,0.0,0.0,21675.21,0.0,0.0,48814.14,167391.58,0.00,0.00,145823.51,0.00
CZ12/Asm&0&cDXHP&Ex&dxHP_equip__pkgEER/NE-dxHP_equip-pkgEER-16-IEER/instance-out.sql,757472.0399999999,48814.14,158520.6,153727.01,0.0,145823.51,0.0,228908.22,3.36,0.0,0.0,0.0,21675.21,0.0,0.0,48814.14,158520.60,0.00,0.00,145823.51,0.00
CZ12/Asm&0&cDXHP&Ex&dxHP_equip__pkgEER/NE-dxHP_equip-pkgSEER-15.4-SEER2/instance-out.sql,756167.63,44911.03,161119.29,153727.01,0.0,145823.51,0.0,228908.22,3.36,0.0,0.0,0.0,21675.21,0.0,0.0,44911.03,161119.29,0.00,0.00,145823.51,0.00
CZ12/Asm&0&cDXHP&Ex&dxHP_equip__pkgEER/NE-dxHP_equip-pkgSEER-16.3-SEER2/instance-out.sql,749362.64,43925.24,155300.09,153727.01,0.0,145823.51,0.0,228908.22,3.36,0.0,0.0,0.0,21675.21,0.0,0.0,43925.24,155300.09,0.00,0.00,145823.51,0.00
CZ12/Asm&0&cDXHP&Ex&dxHP_equip__pkgEER/NE-dxHP_equip-pkgSEER-14.4-SEER2-1Stage/instance-out.sql,762832.13,45709.53,166985.29,153727.01,0.0,145823.51,0.0,228908.22,3.36,0.0,0.0,0.0,21675.21,0.0,0.0,45709.53,166985.29,0.00,0.00,145823.51,0.00
CZ12/Asm&0&cDXHP&Ex&dxHP_equip__pkgEER/NE-dxHP_equip-pkgSEER-14.4-SEER2-2Stage/instance-out.sql,658503.63,19239.29,153830.95,153727.01,0.0,145823.51,0.0,164206.23,3.36,0.0,0.0,0.0,21673.28,0.0,0.0,19239.29,153830.95,0.00,0.00,145823.51,0.00
CZ12/Asm&0&cDXHP&Ex&dxHP_equip__pkgEER/NE-dxHP_equip-spltSEER-14.4-SEER2-8.7-HSPF/instance-out.sql,761589.98,44467.38,166985.29,153727.01,0.0,145823.51,0.0,228908.22,3.36,0.0,0.0,0.0,21675.21,0.0,0.0,44467.38,166985.29,0.00,0.00,145823.51,0.00
CZ12/Asm&0&cDXHP&Ex&dxHP_equip__pkgEER/NE-dxHP_equip-spltSEER-15.4-SEER2-9-HSPF/instance-out.sql,755181.84,43925.24,161119.29,153727.01,0.0,145823.51,0.0,228908.22,3.36,0.0,0.0,0.0,21675.21,0.0,0.0,43925.24,161119.29,0.00,0.00,145823.51,0.00
CZ12/Asm&0&cDXHP&Ex&dxHP_equip__pkgEER/NE-dxHP_equip-spltSEER-16.3-SEER2-9.4-HSPF/instance-out.sql,748625.8999999999,43188.51,155300.09,153727.01,0.0,145823.51,0.0,228908.22,3.36,0.0,0.0,0.0,21675.21,0.0,0.0,43188.51,155300.09,0.00,0.00,145823.51,0.00
CZ12/Asm&0&cDXHP&Ex&dxHP_equip__pkgEER/NE-dxHP_equip-spltSEER-17.3-SEER2-9.7-HSPF/instance-out.sql,743788.71,42778.73,150872.67,153727.01,0.0,145823.51,0.0,228908.22,3.36,0.0,0.0,0.0,21675.21,0.0,0.0,42778.73,150872.67,0.00,0.00,145823.51,0.00
CZ12/ECC&0&cDXHP&Ex&dxHP_equip__pkgEER/NE-dxAC_equip-pkgEER-14.2-IEER-TE-0.81/instance-out.sql,2925491.94,82369.2,449920.5,358430.2,0.0,1013813.91,0.0,598806.91,1048.6,0.0,0.0,0.0,421102.6,0.0,0.0,0.00,449920.50,82369.20,0.00,945189.93,68623.98
CZ12/ECC&0&cDXHP&Ex&dxHP_equip__pkgEER/NE-dxAC_equip-pkgEER-13.2-IEER-TE-0.81/instance-out.sql,2942361.3,82369.2,466789.86,358430.2,0.0,1013813.91,0.0,598806.91,1048.6,0.0,0.0,0.0,421102.6,0.0,0.0,0.00,466789.86,82369.20,0.00,945189.93,68623.98
CZ12/ECC&0&cDXHP&Ex&dxHP_equip__pkgEER/NE-dxAC_equip-pkgEER-14.8-IEER-TE-0.81/instance-out.sql,2910902.22,82369.2,435330.78,358430.2,0.0,1013813.91,0.0,598806.91,1048.6,0.0,0.0,0.0,421102.6,0.0,0.0,0.00,435330.78,82369.20,0.00,945189.93,68623.98
CZ12/ECC&0&cDXHP&Ex&dxHP_equip__pkgEER/NE-dxAC_equip-pkgSEER-13.4-SEER2/instance-out.sql,2934235.75,82369.2,458664.31,358430.2,0.0,1013813.91,0.0,598806.91,1048.6,0.0,0.0,0.0,421102.6,0.0,0.0,0.00,458664.31,82369.20,0.00,945189.93,68623.98
CZ12/ECC&0&cDXHP&Ex&dxHP_equip__pkgEER/NE-dxAC_equip-pkgEER-12.2-IEER-TE-0.80/instance-out.sql,2958470.87,83390.06,481878.57,358430.2,0.0,1013813.91,0.0,598806.91,1048.6,0.0,0.0,0.0,421102.6,0.0,0.0,0.00,481878.57,83390.06,0.00,945189.93,68623.98
CZ12/ECC&0&cDXHP&Ex&dxHP_equip__pkgEER/NE-dxAC_equip-pkgEER-11.4-IEER-TE-0.80/instance-out.sql,2987262.58,83390.06,510670.28,358430.2,0.0,1013813.91,0.0,598806.91,1048.6,0.0,0.0,0.0,421102.6,0.0,0.0,0.00,510670.28,83390.06,0.00,945189.93,68623.98
CZ12/ECC&0&cDXHP&Ex&dxHP_equip__pkgEER/NE-dxAC_equip-pkgEER-12.7-IEER-TE-0.80/instance-out.sql,2959593.67,83390.06,483001.37,358430.2,0.0,1013813.91,0.0,598806.91,1048.6,0.0,0.0,0.0,421102.6,0.0,0.0,0.00,483001.37,83390.06,0.00,945189.93,68623.98
CZ12/ECC&0&cDXHP&Ex&dxHP_equip__pkgEER/NE-dxAC_equip-pkgSEER-12.35-SEER2/instance-out.sql,2952949.17,83390.06,476356.87,358430.2,0.0,1013813.91,0.0,598806.91,1048.6,0.0,0.0,0.0,421102.6,0.0,0.0,0.00,476356.87,83390.06,0.00,945189.93,68623.98
CZ12/ECC&0&cDXHP&Ex&dxHP_equip__pkgEER/NE-dxHP_equip-pkgEER-14.5-IEER/instance-out.sql,2869844.59,25458.710000000003,452002.19,358430.2,0.0,1013813.91,0.0,597970.2,1048.01,0.0,0.0,0.0,421121.37,0.0,0.0,24758.49,452002.19,700.22,0.00,945189.93,68623.98
CZ12/ECC&0&cDXHP&Ex&dxHP_equip__pkgEER/NE-dxHP_equip-pkgEER-15.5-IEER/instance-out.sql,2855300.11,25458.710000000003,437457.71,358430.2,0.0,1013813.91,0.0,597970.2,1048.01,0.0,0.0,0.0,421121.37,0.0,0.0,24758.49,437457.71,700.22,0.00,945189.93,68623.98
CZ12/ECC&0&cDXHP&Ex&dxHP_equip__pkgEER/NE-dxHP_equip-pkgEER-13.5-IEER/instance-out.sql,2884592.4,25458.710000000003,466750.01,358430.2,0.0,1013813.91,0.0,597970.2,1048.01,0.0,0.0,0.0,421121.37,0.0,0.0,24758.49,466750.01,700.22,0.00,945189.93,68623.98
CZ12/ECC&0&cDXHP&Ex&dxHP_equip__pkgEER/NE-dxHP_equip-pkgEER-14-IEER/instance-out.sql,2873666.6999999997,25458.710000000003,455824.3,358430.2,0.0,1013813.91,0.0,597970.2,1048.01,0.0,0.0,0.0,421121.37,0.0,0.0,24758.49,455824.30,700.22,0.00,945189.93,68623.98
CZ12/ECC&0&cDXHP&Ex&dxHP_equip__pkgEER/NE-dxHP_equip-pkgEER-15-IEER/instance-out.sql,2853937.1999999997,24095.800000000003,437457.71,358430.2,0.0,1013813.91,0.0,597970.2,1048.01,0.0,0.0,0.0,421121.37,0.0,0.0,23395.58,437457.71,700.22,0.00,945189.93,68623.98
CZ12/ECC&0&cDXHP&Ex&dxHP_equip__pkgEER/NE-dxHP_equip-pkgEER-16-IEER/instance-out.sql,2834908.32,24095.800000000003,418428.83,358430.2,0.0,1013813.91,0.0,597970.2,1048.01,0.0,0.0,0.0,421121.37,0.0,0.0,23395.58,418428.83,700.22,0.00,945189.93,68623.98
CZ12/ECC&0&cDXHP&Ex&dxHP_equip__pkgEER/NE-dxHP_equip-pkgSEER-15.4-SEER2/instance-out.sql,2838685.98,22299.07,424003.22,358430.2,0.0,1013813.91,0.0,597970.2,1048.01,0.0,0.0,0.0,421121.37,0.0,0.0,21598.85,424003.22,700.22,0.00,945189.93,68623.98
CZ12/ECC&0&cDXHP&Ex&dxHP_equip__pkgEER/NE-dxHP_equip-pkgSEER-16.3-SEER2/instance-out.sql,2825749.57,21845.280000000002,411520.61,358430.2,0.0,1013813.91,0.0,597970.2,1048.01,0.0,0.0,0.0,421121.37,0.0,0.0,21145.06,411520.61,700.22,0.00,945189.93,68623.98
CZ12/ECC&0&cDXHP&Ex&dxHP_equip__pkgEER/NE-dxHP_equip-pkgSEER-14.4-SEER2-1Stage/instance-out.sql,2851636.53,22666.65,436586.19,358430.2,0.0,1013813.91,0.0,597970.2,1048.01,0.0,0.0,0.0,421121.37,0.0,0.0,21966.43,436586.19,700.22,0.00,945189.93,68623.98
CZ12/ECC&0&cDXHP&Ex&dxHP_equip__pkgEER/NE-dxHP_equip-pkgSEER-14.4-SEER2-2Stage/instance-out.sql,2654007.08,14840.15,400615.31,358430.2,0.0,1013813.91,0.0,444216.14,1041.43,0.0,0.0,0.0,421049.92,0.0,0.0,14054.38,400615.31,785.77,0.00,945189.93,68623.98
CZ12/ECC&0&cDXHP&Ex&dxHP_equip__pkgEER/NE-dxHP_equip-spltSEER-14.4-SEER2-8.7-HSPF/instance-out.sql,2851064.73,22094.84,436586.19,358430.2,0.0,1013813.91,0.0,597970.2,1048.01,0.0,0.0,0.0,421121.37,0.0,0.0,21394.62,436586.19,700.22,0.00,945189.93,68623.98
CZ12/ECC&0&cDXHP&Ex&dxHP_equip__pkgEER/NE-dxHP_equip-spltSEER-15.4-SEER2-9-HSPF/instance-out.sql,2838232.19,21845.280000000002,424003.22,358430.2,0.0,1013813.91,0.0,597970.2,1048.01,0.0,0.0,0.0,421121.37,0.0,0.0,21145.06,424003.22,700.22,0.00,945189.93,68623.98
CZ12/ECC&0&cDXHP&Ex&dxHP_equip__pkgEER/NE-dxHP_equip-spltSEER-16.3-SEER2-9.4-HSPF/instance-out.sql,2825410.4299999997,21506.13,411520.61,358430.2,0.0,1013813.91,0.0,597970.2,1048.01,0.0,0.0,0.0,421121.37,0.0,0.0,20805.91,411520.61,700.22,0.00,945189.93,68623.98
CZ12/ECC&0&cDXHP&Ex&dxHP_equip__pkgEER/NE-dxHP_equip-spltSEER-17.3-SEER2-9.7-HSPF/instance-out.sql,2815724.6799999997,21317.5,402023.49,358430.2,0.0,1013813.91,0.0,597970.2,1048.01,0.0,0.0,0.0,421121.37,0.0,0.0,20617.28,402023.49,700.22,0.00,945189.93,68623.98
CZ12/ECC&0&cDXHP&Ex&dxHP_equip__pkgEER/NE-dxAC_equip-pkgEER-14.2-IEER-TE-0.81-VarFan/instance-out.sql,2925408.37,82441.72,449894.12,358430.2,0.0,1013813.91,0.0,598667.66,1048.6,0.0,0.0,0.0,421112.14,0.0,0.0,0.00,449894.12,82441.72,0.00,945189.93,68623.98
CZ12/ECC&0&cDXHP&Ex&dxHP_equip__pkgEER/NE-dxAC_equip-pkgEER-13.2-IEER-TE-0.81-VarFan/instance-out.sql,2942276.66,82441.72,466762.42,358430.2,0.0,1013813.91,0.0,598667.66,1048.6,0.0,0.0,0.0,421112.14,0.0,0.0,0.00,466762.42,82441.72,0.00,945189.93,68623.98
CZ12/ECC&0&cDXHP&Ex&dxHP_equip__pkgEER/NE-dxAC_equip-pkgEER-14.8-IEER-TE-0.81-VarFan/instance-out.sql,2910819.5700000003,82441.72,435305.33,358430.2,0.0,1013813.91,0.0,598667.66,1048.6,0.0,0.0,0.0,421112.14,0.0,0.0,0.00,435305.33,82441.72,0.00,945189.93,68623.98
CZ12/ECC&0&cDXHP&Ex&dxHP_equip__pkgEER/NE-dxAC_equip-pkgSEER-13.4-SEER2-VarFan/instance-out.sql,2934151.62,82441.72,458637.37,358430.2,0.0,1013813.91,0.0,598667.66,1048.6,0.0,0.0,0.0,421112.14,0.0,0.0,0.00,458637.37,82441.72,0.00,945189.93,68623.98
CZ12/EPr&0&cDXHP&Ex&dxHP_equip__pkgEER/NE-dxAC_equip-pkgEER-14.2-IEER-TE-0.81/instance-out.sql,457707.80999999994,26395.94,70795.48,64700.97,0.0,125897.03,0.0,89204.53,3.37,0.0,0.0,0.0,80710.48,0.0,0.0,0.00,70795.48,26395.94,0.00,83226.75,42670.28
CZ12/EPr&0&cDXHP&Ex&dxHP_equip__pkgEER/NE-dxAC_equip-pkgEER-13.2-IEER-TE-0.81/instance-out.sql,460336.45999999996,26395.94,73424.13,64700.97,0.0,125897.03,0.0,89204.53,3.37,0.0,0.0,0.0,80710.48,0.0,0.0,0.00,73424.13,26395.94,0.00,83226.75,42670.28
CZ12/EPr&0&cDXHP&Ex&dxHP_equip__pkgEER/NE-dxAC_equip-pkgEER-14.8-IEER-TE-0.81/instance-out.sql,455434.38,26395.94,68522.05,64700.97,0.0,125897.03,0.0,89204.53,3.37,0.0,0.0,0.0,80710.48,0.0,0.0,0.00,68522.05,26395.94,0.00,83226.75,42670.28
CZ12/EPr&0&cDXHP&Ex&dxHP_equip__pkgEER/NE-dxAC_equip-pkgSEER-13.4-SEER2/instance-out.sql,459070.30000000005,26395.94,72157.97,64700.97,0.0,125897.03,0.0,89204.53,3.37,0.0,0.0,0.0,80710.48,0.0,0.0,0.00,72157.97,26395.94,0.00,83226.75,42670.28
CZ12/EPr&0&cDXHP&Ex&dxHP_equip__pkgEER/NE-dxAC_equip-pkgEER-12.2-IEER-TE-0.80/instance-out.sql,463017.58999999997,26725.89,75775.31,64700.97,0.0,125897.03,0.0,89204.53,3.37,0.0,0.0,0.0,80710.48,0.0,0.0,0.00,75775.31,26725.89,0.00,83226.75,42670.28
CZ12/EPr&0&cDXHP&Ex&dxHP_equip__pkgEER/NE-dxAC_equip-pkgEER-11.4-IEER-TE-0.80/instance-out.sql,467504.03,26725.89,80261.75,64700.97,0.0,125897.03,0.0,89204.53,3.37,0.0,0.0,0.0,80710.48,0.0,0.0,0.00,80261.75,26725.89,0.00,83226.75,42670.28
CZ12/EPr&0&cDXHP&Ex&dxHP_equip__pkgEER/NE-dxAC_equip-pkgEER-12.7-IEER-TE-0.80/instance-out.sql,463192.55000000005,26725.89,75950.27,64700.97,0.0,125897.03,0.0,89204.53,3.37,0.0,0.0,0.0,80710.48,0.0,0.0,0.00,75950.27,26725.89,0.00,83226.75,42670.28
CZ12/EPr&0&cDXHP&Ex&dxHP_equip__pkgEER/NE-dxAC_equip-pkgSEER-12.35-SEER2/instance-out.sql,462157.18000000005,26725.89,74914.9,64700.97,0.0,125897.03,0.0,89204.53,3.37,0.0,0.0,0.0,80710.48,0.0,0.0,0.00,74914.90,26725.89,0.00,83226.75,42670.28
CZ12/EPr&0&cDXHP&Ex&dxHP_equip__pkgEER/NE-dxHP_equip-pkgEER-14.5-IEER/instance-out.sql,439022.92,7758.82,70851.96,64700.97,0.0,125897.03,0.0,89100.29,3.37,0.0,0.0,0.0,80710.48,0.0,0.0,7758.82,70851.96,0.00,0.00,83226.75,42670.28
CZ12/EPr&0&cDXHP&Ex&dxHP_equip__pkgEER/NE-dxHP_equip-pkgEER-15.5-IEER/instance-out.sql,436764.42,7758.82,68593.46,64700.97,0.0,125897.03,0.0,89100.29,3.37,0.0,0.0,0.0,80710.48,0.0,0.0,7758.82,68593.46,0.00,0.00,83226.75,42670.28
CZ12/EPr&0&cDXHP&Ex&dxHP_equip__pkgEER/NE-dxHP_equip-pkgEER-13.5-IEER/instance-out.sql,441312.99,7758.82,73142.04,64700.97,0.0,125897.03,0.0,89100.29,3.37,0.0,0.0,0.0,80710.48,0.0,0.0,7758.82,73142.04,0.00,0.00,83226.75,42670.28
CZ12/EPr&0&cDXHP&Ex&dxHP_equip__pkgEER/NE-dxHP_equip-pkgEER-14-IEER/instance-out.sql,439616.43,7758.82,71445.47,64700.97,0.0,125897.03,0.0,89100.29,3.37,0.0,0.0,0.0,80710.48,0.0,0.0,7758.82,71445.47,0.00,0.00,83226.75,42670.28
CZ12/EPr&0&cDXHP&Ex&dxHP_equip__pkgEER/NE-dxHP_equip-pkgEER-15-IEER/instance-out.sql,436333.85000000003,7328.25,68593.46,64700.97,0.0,125897.03,0.0,89100.29,3.37,0.0,0.0,0.0,80710.48,0.0,0.0,7328.25,68593.46,0.00,0.00,83226.75,42670.28
CZ12/EPr&0&cDXHP&Ex&dxHP_equip__pkgEER/NE-dxHP_equip-pkgEER-16-IEER/instance-out.sql,433379.0,7328.25,65638.62,64700.97,0.0,125897.03,0.0,89100.29,3.37,0.0,0.0,0.0,80710.48,0.0,0.0,7328.25,65638.62,0.00,0.00,83226.75,42670.28
CZ12/EPr&0&cDXHP&Ex&dxHP_equip__pkgEER/NE-dxHP_equip-pkgSEER-15.4-SEER2/instance-out.sql,433676.98,6760.62,66504.22,64700.97,0.0,125897.03,0.0,89100.29,3.37,0.0,0.0,0.0,80710.48,0.0,0.0,6760.62,66504.22,0.00,0.00,83226.75,42670.28
CZ12/EPr&0&cDXHP&Ex&dxHP_equip__pkgEER/NE-dxHP_equip-pkgSEER-16.3-SEER2/instance-out.sql,431595.29000000004,6617.26,64565.89,64700.97,0.0,125897.03,0.0,89100.29,3.37,0.0,0.0,0.0,80710.48,0.0,0.0,6617.26,64565.89,0.00,0.00,83226.75,42670.28
CZ12/EPr&0&cDXHP&Ex&dxHP_equip__pkgEER/NE-dxHP_equip-pkgSEER-14.4-SEER2-1Stage/instance-out.sql,435747.02,6876.75,68458.13,64700.97,0.0,125897.03,0.0,89100.29,3.37,0.0,0.0,0.0,80710.48,0.0,0.0,6876.75,68458.13,0.00,0.00,83226.75,42670.28
CZ12/EPr&0&cDXHP&Ex&dxHP_equip__pkgEER/NE-dxHP_equip-pkgSEER-14.4-SEER2-2Stage/instance-out.sql,405634.16000000003,3834.88,63570.25,64700.97,0.0,125897.03,0.0,66917.23,3.37,0.0,0.0,0.0,80710.43,0.0,0.0,3834.88,63570.25,0.00,0.00,83226.75,42670.28
CZ12/EPr&0&cDXHP&Ex&dxHP_equip__pkgEER/NE-dxHP_equip-spltSEER-14.4-SEER2-8.7-HSPF/instance-out.sql,435566.37,6696.1,68458.13,64700.97,0.0,125897.03,0.0,89100.29,3.37,0.0,0.0,0.0,80710.48,0.0,0.0,6696.10,68458.13,0.00,0.00,83226.75,42670.28
CZ12/EPr&0&cDXHP&Ex&dxHP_equip__pkgEER/NE-dxHP_equip-spltSEER-15.4-SEER2-9-HSPF/instance-out.sql,433533.62,6617.26,66504.22,64700.97,0.0,125897.03,0.0,89100.29,3.37,0.0,0.0,0.0,80710.48,0.0,0.0,6617.26,66504.22,0.00,0.00,83226.75,42670.28
CZ12/EPr&0&cDXHP&Ex&dxHP_equip__pkgEER/NE-dxHP_equip-spltSEER-16.3-SEER2-9.4-HSPF/instance-out.sql,431488.15,6510.12,64565.89,64700.97,0.0,125897.03,0.0,89100.29,3.37,0.0,0.0,0.0,80710.48,0.0,0.0,6510.12,64565.89,0.00,0.00,83226.75,42670.28
CZ12/EPr&0&cDXHP&Ex&dxHP_equip__pkgEER/NE-dxHP_equip-spltSEER-17.3-SEER2-9.7-HSPF/instance-out.sql,429953.82,6450.52,63091.16,64700.97,0.0,125897.03,0.0,89100.29,3.37,0.0,0.0,0.0,80710.48,0.0,0.0,6450.52,63091.16,0.00,0.00,83226.75,42670.28
CZ12/EPr&0&cDXHP&Ex&dxHP_equip__pkgEER/NE-dxAC_equip-pkgEER-14.2-IEER-TE-0.81-VarFan/instance-out.sql,457669.0,26417.08,70793.31,64700.97,0.0,125897.03,0.0,89146.77,3.37,0.0,0.0,0.0,80710.48,0.0,0.0,0.00,70793.31,26417.08,0.00,83226.75,42670.28
CZ12/EPr&0&cDXHP&Ex&dxHP_equip__pkgEER/NE-dxAC_equip-pkgEER-13.2-IEER-TE-0.81-VarFan/instance-out.sql,460297.55999999994,26417.08,73421.86,64700.97,0.0,125897.03,0.0,89146.77,3.37,0.0,0.0,0.0,80710.48,0.0,0.0,0.00,73421.86,26417.08,0.00,83226.75,42670.28
CZ12/EPr&0&cDXHP&Ex&dxHP_equip__pkgEER/NE-dxAC_equip-pkgEER-14.8-IEER-TE-0.81-VarFan/instance-out.sql,455395.66000000003,26417.08,68519.97,64700.97,0.0,125897.03,0.0,89146.77,3.37,0.0,0.0,0.0,80710.48,0.0,0.0,0.00,68519.97,26417.08,0.00,83226.75,42670.28
CZ12/EPr&0&cDXHP&Ex&dxHP_equip__pkgEER/NE-dxAC_equip-pkgSEER-13.4-SEER2-VarFan/instance-out.sql,459031.44999999995,26417.08,72155.75,64700.97,0.0,125897.03,0.0,89146.77,3.37,0.0,0.0,0.0,80710.48,0.0,0.0,0.00,72155.75,26417.08,0.00,83226.75,42670.28
CZ12/ERC&0&cDXHP&Ex&dxHP_equip__pkgEER/NE-dxAC_equip-pkgEER-14.2-IEER-TE-0.81/instance-out.sql,22530.86,1638.04,2876.61,2224.35,0.0,2196.82,0.0,4485.26,3.36,0.0,0.0,0.0,9106.42,0.0,0.0,0.00,2876.61,1638.04,0.00,2196.82,0.00
CZ12/ERC&0&cDXHP&Ex&dxHP_equip__pkgEER/NE-dxAC_equip-pkgEER-13.2-IEER-TE-0.81/instance-out.sql,22660.65,1638.04,3006.4,2224.35,0.0,2196.82,0.0,4485.26,3.36,0.0,0.0,0.0,9106.42,0.0,0.0,0.00,3006.40,1638.04,0.00,2196.82,0.00
CZ12/ERC&0&cDXHP&Ex&dxHP_equip__pkgEER/NE-dxAC_equip-pkgEER-14.8-IEER-TE-0.81/instance-out.sql,22418.61,1638.04,2764.37,2224.35,0.0,2196.82,0.0,4485.26,3.36,0.0,0.0,0.0,9106.42,0.0,0.0,0.00,2764.37,1638.04,0.00,2196.82,0.00
CZ12/ERC&0&cDXHP&Ex&dxHP_equip__pkgEER/NE-dxAC_equip-pkgSEER-13.4-SEER2/instance-out.sql,22598.129999999997,1638.04,2943.89,2224.35,0.0,2196.82,0.0,4485.26,3.36,0.0,0.0,0.0,9106.42,0.0,0.0,0.00,2943.89,1638.04,0.00,2196.82,0.00
CZ12/ERC&0&cDXHP&Ex&dxHP_equip__pkgEER/NE-dxAC_equip-pkgEER-12.2-IEER-TE-0.80/instance-out.sql,22797.21,1658.52,3122.49,2224.35,0.0,2196.82,0.0,4485.26,3.36,0.0,0.0,0.0,9106.42,0.0,0.0,0.00,3122.49,1658.52,0.00,2196.82,0.00
CZ12/ERC&0&cDXHP&Ex&dxHP_equip__pkgEER/NE-dxAC_equip-pkgEER-11.4-IEER-TE-0.80/instance-out.sql,23018.730000000003,1658.52,3344.0,2224.35,0.0,2196.82,0.0,4485.26,3.36,0.0,0.0,0.0,9106.42,0.0,0.0,0.00,3344.00,1658.52,0.00,2196.82,0.00
CZ12/ERC&0&cDXHP&Ex&dxHP_equip__pkgEER/NE-dxAC_equip-pkgEER-12.7-IEER-TE-0.80/instance-out.sql,22805.85,1658.52,3131.13,2224.35,0.0,2196.82,0.0,4485.26,3.36,0.0,0.0,0.0,9106.42,0.0,0.0,0.00,3131.13,1658.52,0.00,2196.82,0.00
CZ12/ERC&0&cDXHP&Ex&dxHP_equip__pkgEER/NE-dxAC_equip-pkgSEER-12.35-SEER2/instance-out.sql,22754.730000000003,1658.52,3080.01,2224.35,0.0,2196.82,0.0,4485.26,3.36,0.0,0.0,0.0,9106.42,0.0,0.0,0.00,3080.01,1658.52,0.00,2196.82,0.00
CZ12/ERC&0&cDXHP&Ex&dxHP_equip__pkgEER/NE-dxHP_equip-pkgEER-14.5-IEER/instance-out.sql,21372.41,492.88,2865.4,2224.35,0.0,2196.82,0.0,4483.17,3.36,0.0,0.0,0.0,9106.42,0.0,0.0,492.88,2865.40,0.00,0.00,2196.82,0.00
CZ12/ERC&0&cDXHP&Ex&dxHP_equip__pkgEER/NE-dxHP_equip-pkgEER-15.5-IEER/instance-out.sql,21260.86,492.88,2753.85,2224.35,0.0,2196.82,0.0,4483.17,3.36,0.0,0.0,0.0,9106.42,0.0,0.0,492.88,2753.85,0.00,0.00,2196.82,0.00
CZ12/ERC&0&cDXHP&Ex&dxHP_equip__pkgEER/NE-dxHP_equip-pkgEER-13.5-IEER/instance-out.sql,21485.510000000002,492.88,2978.51,2224.35,0.0,2196.82,0.0,4483.17,3.36,0.0,0.0,0.0,9106.42,0.0,0.0,492.88,2978.51,0.00,0.00,2196.82,0.00
CZ12/ERC&0&cDXHP&Ex&dxHP_equip__pkgEER/NE-dxHP_equip-pkgEER-14-IEER/instance-out.sql,21401.72,492.88,2894.71,2224.35,0.0,2196.82,0.0,4483.17,3.36,0.0,0.0,0.0,9106.42,0.0,0.0,492.88,2894.71,0.00,0.00,2196.82,0.00
CZ12/ERC&0&cDXHP&Ex&dxHP_equip__pkgEER/NE-dxHP_equip-pkgEER-15-IEER/instance-out.sql,21234.15,466.17,2753.85,2224.35,0.0,2196.82,0.0,4483.17,3.36,0.0,0.0,0.0,9106.42,0.0,0.0,466.17,2753.85,0.00,0.00,2196.82,0.00
CZ12/ERC&0&cDXHP&Ex&dxHP_equip__pkgEER/NE-dxHP_equip-pkgEER-16-IEER/instance-out.sql,21088.2,466.17,2607.91,2224.35,0.0,2196.82,0.0,4483.17,3.36,0.0,0.0,0.0,9106.42,0.0,0.0,466.17,2607.91,0.00,0.00,2196.82,0.00
CZ12/ERC&0&cDXHP&Ex&dxHP_equip__pkgEER/NE-dxHP_equip-pkgSEER-15.4-SEER2/instance-out.sql,21095.739999999998,430.95,2650.66,2224.35,0.0,2196.82,0.0,4483.17,3.36,0.0,0.0,0.0,9106.42,0.0,0.0,430.95,2650.66,0.00,0.00,2196.82,0.00
CZ12/ERC&0&cDXHP&Ex&dxHP_equip__pkgEER/NE-dxHP_equip-pkgSEER-16.3-SEER2/instance-out.sql,20991.11,422.06,2554.93,2224.35,0.0,2196.82,0.0,4483.17,3.36,0.0,0.0,0.0,9106.42,0.0,0.0,422.06,2554.93,0.00,0.00,2196.82,0.00
CZ12/ERC&0&cDXHP&Ex&dxHP_equip__pkgEER/NE-dxHP_equip-pkgSEER-14.4-SEER2-1Stage/instance-out.sql,21199.45,438.16,2747.17,2224.35,0.0,2196.82,0.0,4483.17,3.36,0.0,0.0,0.0,9106.42,0.0,0.0,438.16,2747.17,0.00,0.00,2196.82,0.00
CZ12/ERC&0&cDXHP&Ex&dxHP_equip__pkgEER/NE-dxHP_equip-pkgSEER-14.4-SEER2-2Stage/instance-out.sql,19423.55,294.44,2430.49,2224.35,0.0,2196.82,0.0,3167.66,3.36,0.0,0.0,0.0,9106.42,0.0,0.0,294.44,2430.49,0.00,0.00,2196.82,0.00
CZ12/ERC&0&cDXHP&Ex&dxHP_equip__pkgEER/NE-dxHP_equip-spltSEER-14.4-SEER2-8.7-HSPF/instance-out.sql,21188.239999999998,426.95,2747.17,2224.35,0.0,2196.82,0.0,4483.17,3.36,0.0,0.0,0.0,9106.42,0.0,0.0,426.95,2747.17,0.00,0.00,2196.82,0.00
CZ12/ERC&0&cDXHP&Ex&dxHP_equip__pkgEER/NE-dxHP_equip-spltSEER-15.4-SEER2-9-HSPF/instance-out.sql,21086.85,422.06,2650.66,2224.35,0.0,2196.82,0.0,4483.17,3.36,0.0,0.0,0.0,9106.42,0.0,0.0,422.06,2650.66,0.00,0.00,2196.82,0.00
CZ12/ERC&0&cDXHP&Ex&dxHP_equip__pkgEER/NE-dxHP_equip-spltSEER-16.3-SEER2-9.4-HSPF/instance-out.sql,20984.46,415.41,2554.93,2224.35,0.0,2196.82,0.0,4483.17,3.36,0.0,0.0,0.0,9106.42,0.0,0.0,415.41,2554.93,0.00,0.00,2196.82,0.00
CZ12/ERC&0&cDXHP&Ex&dxHP_equip__pkgEER/NE-dxHP_equip-spltSEER-17.3-SEER2-9.7-HSPF/instance-out.sql,20907.93,411.72,2482.09,2224.35,0.0,2196.82,0.0,4483.17,3.36,0.0,0.0,0.0,9106.42,0.0,0.0,411.72,2482.09,0.00,0.00,2196.82,0.00
CZ12/ERC&0&cDXHP&Ex&dxHP_equip__pkgEER/NE-dxAC_equip-pkgEER-14.2-IEER-TE-0.81-VarFan/instance-out.sql,22529.42,1638.5,2876.44,2224.35,0.0,2196.82,0.0,4483.55,3.36,0.0,0.0,0.0,9106.42,0.0,0.0,0.00,2876.44,1638.50,0.00,2196.82,0.00
CZ12/ERC&0&cDXHP&Ex&dxHP_equip__pkgEER/NE-dxAC_equip-pkgEER-13.2-IEER-TE-0.81-VarFan/instance-out.sql,22659.2,1638.5,3006.22,2224.35,0.0,2196.82,0.0,4483.55,3.36,0.0,0.0,0.0,9106.42,0.0,0.0,0.00,3006.22,1638.50,0.00,2196.82,0.00
CZ12/ERC&0&cDXHP&Ex&dxHP_equip__pkgEER/NE-dxAC_equip-pkgEER-14.8-IEER-TE-0.81-VarFan/instance-out.sql,22417.18,1638.5,2764.2,2224.35,0.0,2196.82,0.0,4483.55,3.36,0.0,0.0,0.0,9106.42,0.0,0.0,0.00,2764.20,1638.50,0.00,2196.82,0.00
CZ12/ERC&0&cDXHP&Ex&dxHP_equip__pkgEER/NE-dxAC_equip-pkgSEER-13.4-SEER2-VarFan/instance-out.sql,22596.690000000002,1638.5,2943.71,2224.35,0.0,2196.82,0.0,4483.55,3.36,0.0,0.0,0.0,9106.42,0.0,0.0,0.00,2943.71,1638.50,0.00,2196.82,0.00
CZ12/ESe&0&cDXHP&Ex&dxHP_equip__pkgEER/NE-dxAC_equip-pkgEER-14.2-IEER-TE-0.81/instance-out.sql,1315383.66,134614.44,189566.61,197959.32,0.0,323176.74,0.0,249316.32,3.39,0.0,0.0,0.0,220746.83,0.0,0.0,0.00,189566.61,134614.44,0.00,259085.82,64090.92
CZ12/ESe&0&cDXHP&Ex&dxHP_equip__pkgEER/NE-dxAC_equip-pkgEER-13.2-IEER-TE-0.81/instance-out.sql,1318405.85,134614.44,192588.8,197959.32,0.0,323176.74,0.0,249316.32,3.39,0.0,0.0,0.0,220746.83,0.0,0.0,0.00,192588.80,134614.44,0.00,259085.82,64090.92
CZ12/ESe&0&cDXHP&Ex&dxHP_equip__pkgEER/NE-dxAC_equip-pkgEER-14.8-IEER-TE-0.81/instance-out.sql,1312769.8800000001,134614.44,186952.82,197959.32,0.0,323176.74,0.0,249316.32,3.39,0.0,0.0,0.0,220746.83,0.0,0.0,0.00,186952.82,134614.44,0.00,259085.82,64090.92
CZ12/ESe&0&cDXHP&Ex&dxHP_equip__pkgEER/NE-dxAC_equip-pkgSEER-13.4-SEER2/instance-out.sql,1316950.14,134614.44,191133.09,197959.32,0.0,323176.74,0.0,249316.32,3.39,0.0,0.0,0.0,220746.83,0.0,0.0,0.00,191133.09,134614.44,0.00,259085.82,64090.92
CZ12/ESe&0&cDXHP&Ex&dxHP_equip__pkgEER/NE-dxAC_equip-pkgEER-12.2-IEER-TE-0.80/instance-out.sql,1321315.97,134821.38,195291.98,197959.32,0.0,323176.74,0.0,249316.32,3.39,0.0,0.0,0.0,220746.83,0.0,0.0,0.00,195291.98,134821.38,0.00,259085.82,64090.92
CZ12/ESe&0&cDXHP&Ex&dxHP_equip__pkgEER/NE-dxAC_equip-pkgEER-11.4-IEER-TE-0.80/instance-out.sql,1326474.08,134821.38,200450.09,197959.32,0.0,323176.74,0.0,249316.32,3.39,0.0,0.0,0.0,220746.83,0.0,0.0,0.00,200450.09,134821.38,0.00,259085.82,64090.92
CZ12/ESe&0&cDXHP&Ex&dxHP_equip__pkgEER/NE-dxAC_equip-pkgEER-12.7-IEER-TE-0.80/instance-out.sql,1321517.12,134821.38,195493.13,197959.32,0.0,323176.74,0.0,249316.32,3.39,0.0,0.0,0.0,220746.83,0.0,0.0,0.00,195493.13,134821.38,0.00,259085.82,64090.92
CZ12/ESe&0&cDXHP&Ex&dxHP_equip__pkgEER/NE-dxAC_equip-pkgSEER-12.35-SEER2/instance-out.sql,1320326.75,134821.38,194302.75,197959.32,0.0,323176.74,0.0,249316.32,3.39,0.0,0.0,0.0,220746.83,0.0,0.0,0.00,194302.75,134821.38,0.00,259085.82,64090.92
CZ12/ESe&0&cDXHP&Ex&dxHP_equip__pkgEER/NE-dxHP_equip-pkgEER-14.5-IEER/instance-out.sql,1304441.44,123234.45000000001,190110.01,197959.32,0.0,323176.74,0.0,249210.71,3.39,0.0,0.0,0.0,220746.83,0.0,0.0,5175.10,190110.01,118059.35,0.00,259085.82,64090.92
CZ12/ESe&0&cDXHP&Ex&dxHP_equip__pkgEER/NE-dxHP_equip-pkgEER-15.5-IEER/instance-out.sql,1301822.18,123234.45000000001,187490.74,197959.32,0.0,323176.74,0.0,249210.71,3.39,0.0,0.0,0.0,220746.83,0.0,0.0,5175.10,187490.74,118059.35,0.00,259085.82,64090.92
CZ12/ESe&0&cDXHP&Ex&dxHP_equip__pkgEER/NE-dxHP_equip-pkgEER-13.5-IEER/instance-out.sql,1307097.33,123234.45000000001,192765.89,197959.32,0.0,323176.74,0.0,249210.71,3.39,0.0,0.0,0.0,220746.83,0.0,0.0,5175.10,192765.89,118059.35,0.00,259085.82,64090.92
CZ12/ESe&0&cDXHP&Ex&dxHP_equip__pkgEER/NE-dxHP_equip-pkgEER-14-IEER/instance-out.sql,1305129.75,123234.45000000001,190798.32,197959.32,0.0,323176.74,0.0,249210.71,3.39,0.0,0.0,0.0,220746.83,0.0,0.0,5175.10,190798.32,118059.35,0.00,259085.82,64090.92
CZ12/ESe&0&cDXHP&Ex&dxHP_equip__pkgEER/NE-dxHP_equip-pkgEER-15-IEER/instance-out.sql,1301544.06,122956.33,187490.74,197959.32,0.0,323176.74,0.0,249210.71,3.39,0.0,0.0,0.0,220746.83,0.0,0.0,4896.98,187490.74,118059.35,0.00,259085.82,64090.92
CZ12/ESe&0&cDXHP&Ex&dxHP_equip__pkgEER/NE-dxHP_equip-pkgEER-16-IEER/instance-out.sql,1298117.21,122956.33,184063.89,197959.32,0.0,323176.74,0.0,249210.71,3.39,0.0,0.0,0.0,220746.83,0.0,0.0,4896.98,184063.89,118059.35,0.00,259085.82,64090.92
CZ12/ESe&0&cDXHP&Ex&dxHP_equip__pkgEER/NE-dxHP_equip-pkgSEER-15.4-SEER2/instance-out.sql,1298754.44,122589.69,185067.77,197959.32,0.0,323176.74,0.0,249210.71,3.39,0.0,0.0,0.0,220746.83,0.0,0.0,4530.34,185067.77,118059.35,0.00,259085.82,64090.92
CZ12/ESe&0&cDXHP&Ex&dxHP_equip__pkgEER/NE-dxHP_equip-pkgSEER-16.3-SEER2/instance-out.sql,1296413.8900000001,122497.09000000001,182819.81,197959.32,0.0,323176.74,0.0,249210.71,3.39,0.0,0.0,0.0,220746.83,0.0,0.0,4437.74,182819.81,118059.35,0.00,259085.82,64090.92
CZ12/ESe&0&cDXHP&Ex&dxHP_equip__pkgEER/NE-dxHP_equip-pkgSEER-14.4-SEER2-1Stage/instance-out.sql,1301095.48,122664.70000000001,187333.79,197959.32,0.0,323176.74,0.0,249210.71,3.39,0.0,0.0,0.0,220746.83,0.0,0.0,4605.35,187333.79,118059.35,0.00,259085.82,64090.92
CZ12/ESe&0&cDXHP&Ex&dxHP_equip__pkgEER/NE-dxHP_equip-pkgSEER-14.4-SEER2-2Stage/instance-out.sql,1267839.78,121187.90000000001,181613.73,197959.32,0.0,323176.74,0.0,223151.73,3.39,0.0,0.0,0.0,220746.97,0.0,0.0,2856.05,181613.73,118331.85,0.00,259085.82,64090.92
CZ12/ESe&0&cDXHP&Ex&dxHP_equip__pkgEER/NE-dxHP_equip-spltSEER-14.4-SEER2-8.7-HSPF/instance-out.sql,1300978.79,122548.01000000001,187333.79,197959.32,0.0,323176.74,0.0,249210.71,3.39,0.0,0.0,0.0,220746.83,0.0,0.0,4488.66,187333.79,118059.35,0.00,259085.82,64090.92
CZ12/ESe&0&cDXHP&Ex&dxHP_equip__pkgEER/NE-dxHP_equip-spltSEER-15.4-SEER2-9-HSPF/instance-out.sql,1298661.8399999999,122497.09000000001,185067.77,197959.32,0.0,323176.74,0.0,249210.71,3.39,0.0,0.0,0.0,220746.83,0.0,0.0,4437.74,185067.77,118059.35,0.00,259085.82,64090.92
CZ12/ESe&0&cDXHP&Ex&dxHP_equip__pkgEER/NE-dxHP_equip-spltSEER-16.3-SEER2-9.4-HSPF/instance-out.sql,1296344.68,122427.88,182819.81,197959.32,0.0,323176.74,0.0,249210.71,3.39,0.0,0.0,0.0,220746.83,0.0,0.0,4368.53,182819.81,118059.35,0.00,259085.82,64090.92
CZ12/ESe&0&cDXHP&Ex&dxHP_equip__pkgEER/NE-dxHP_equip-spltSEER-17.3-SEER2-9.7-HSPF/instance-out.sql,1294595.8900000001,122389.39,181109.51,197959.32,0.0,323176.74,0.0,249210.71,3.39,0.0,0.0,0.0,220746.83,0.0,0.0,4330.04,181109.51,118059.35,0.00,259085.82,64090.92
CZ12/ESe&0&cDXHP&Ex&dxHP_equip__pkgEER/NE-dxAC_equip-pkgEER-14.2-IEER-TE-0.81-VarFan/instance-out.sql,1315398.74,134639.19,189562.58,197959.32,0.0,323176.74,0.0,249310.7,3.39,0.0,0.0,0.0,220746.83,0.0,0.0,0.00,189562.58,134639.19,0.00,259085.82,64090.92
CZ12/ESe&0&cDXHP&Ex&dxHP_equip__pkgEER/NE-dxAC_equip-pkgEER-13.2-IEER-TE-0.81-VarFan/instance-out.sql,1318420.76,134639.19,192584.59,197959.32,0.0,323176.74,0.0,249310.7,3.39,0.0,0.0,0.0,220746.83,0.0,0.0,0.00,192584.59,134639.19,0.00,259085.82,64090.92
CZ12/ESe&0&cDXHP&Ex&dxHP_equip__pkgEER/NE-dxAC_equip-pkgEER-14.8-IEER-TE-0.81-VarFan/instance-out.sql,1312785.11,134639.19,186948.95,197959.32,0.0,323176.74,0.0,249310.7,3.39,0.0,0.0,0.0,220746.83,0.0,0.0,0.00,186948.95,134639.19,0.00,259085.82,64090.92
CZ12/ESe&0&cDXHP&Ex&dxHP_equip__pkgEER/NE-dxAC_equip-pkgSEER-13.4-SEER2-VarFan/instance-out.sql,1316965.13,134639.19,191128.96,197959.32,0.0,323176.74,0.0,249310.7,3.39,0.0,0.0,0.0,220746.83,0.0,0.0,0.00,191128.96,134639.19,0.00,259085.82,64090.92
CZ12/EUn&0&cDXHP&Ex&dxHP_equip__pkgEER/NE-dxAC_equip-pkgEER-14.2-IEER-TE-0.81/instance-out.sql,9193285.31,231531.42,1351810.86,1277404.75,0.0,3682881.23,0.0,1936837.7,3.37,0.0,0.0,0.0,712815.98,0.0,0.0,0.00,1351810.86,231531.42,0.00,3555459.15,127422.08
CZ12/EUn&0&cDXHP&Ex&dxHP_equip__pkgEER/NE-dxAC_equip-pkgEER-13.2-IEER-TE-0.81/instance-out.sql,9239436.39,231531.42,1397961.94,1277404.75,0.0,3682881.23,0.0,1936837.7,3.37,0.0,0.0,0.0,712815.98,0.0,0.0,0.00,1397961.94,231531.42,0.00,3555459.15,127422.08
CZ12/EUn&0&cDXHP&Ex&dxHP_equip__pkgEER/NE-dxAC_equip-pkgEER-14.8-IEER-TE-0.81/instance-out.sql,9153370.85,231531.42,1311896.4,1277404.75,0.0,3682881.23,0.0,1936837.7,3.37,0.0,0.0,0.0,712815.98,0.0,0.0,0.00,1311896.40,231531.42,0.00,3555459.15,127422.08
CZ12/EUn&0&cDXHP&Ex&dxHP_equip__pkgEER/NE-dxAC_equip-pkgSEER-13.4-SEER2/instance-out.sql,9217206.55,231531.42,1375732.1,1277404.75,0.0,3682881.23,0.0,1936837.7,3.37,0.0,0.0,0.0,712815.98,0.0,0.0,0.00,1375732.10,231531.42,0.00,3555459.15,127422.08
CZ12/EUn&0&cDXHP&Ex&dxHP_equip__pkgEER/NE-dxAC_equip-pkgEER-12.2-IEER-TE-0.80/instance-out.sql,9283380.74,234196.18,1439241.53,1277404.75,0.0,3682881.23,0.0,1936837.7,3.37,0.0,0.0,0.0,712815.98,0.0,0.0,0.00,1439241.53,234196.18,0.00,3555459.15,127422.08
CZ12/EUn&0&cDXHP&Ex&dxHP_equip__pkgEER/NE-dxAC_equip-pkgEER-11.4-IEER-TE-0.80/instance-out.sql,9362148.92,234196.18,1518009.71,1277404.75,0.0,3682881.23,0.0,1936837.7,3.37,0.0,0.0,0.0,712815.98,0.0,0.0,0.00,1518009.71,234196.18,0.00,3555459.15,127422.08
CZ12/EUn&0&cDXHP&Ex&dxHP_equip__pkgEER/NE-dxAC_equip-pkgEER-12.7-IEER-TE-0.80/instance-out.sql,9286452.48,234196.18,1442313.27,1277404.75,0.0,3682881.23,0.0,1936837.7,3.37,0.0,0.0,0.0,712815.98,0.0,0.0,0.00,1442313.27,234196.18,0.00,3555459.15,127422.08
CZ12/EUn&0&cDXHP&Ex&dxHP_equip__pkgEER/NE-dxAC_equip-pkgSEER-12.35-SEER2/instance-out.sql,9268274.51,234196.18,1424135.3,1277404.75,0.0,3682881.23,0.0,1936837.7,3.37,0.0,0.0,0.0,712815.98,0.0,0.0,0.00,1424135.30,234196.18,0.00,3555459.15,127422.08
CZ12/EUn&0&cDXHP&Ex&dxHP_equip__pkgEER/NE-dxHP_equip-pkgEER-14.5-IEER/instance-out.sql,9073054.52,85363.27,1381178.81,1277404.75,0.0,3682881.23,0.0,1933407.18,3.37,0.0,0.0,0.0,712815.91,0.0,0.0,67011.63,1381178.81,18351.64,0.00,3555459.15,127422.08
CZ12/EUn&0&cDXHP&Ex&dxHP_equip__pkgEER/NE-dxHP_equip-pkgEER-15.5-IEER/instance-out.sql,9032325.66,85363.27,1340449.95,1277404.75,0.0,3682881.23,0.0,1933407.18,3.37,0.0,0.0,0.0,712815.91,0.0,0.0,67011.63,1340449.95,18351.64,0.00,3555459.15,127422.08
CZ12/EUn&0&cDXHP&Ex&dxHP_equip__pkgEER/NE-dxHP_equip-pkgEER-13.5-IEER/instance-out.sql,9114352.780000001,85363.27,1422477.07,1277404.75,0.0,3682881.23,0.0,1933407.18,3.37,0.0,0.0,0.0,712815.91,0.0,0.0,67011.63,1422477.07,18351.64,0.00,3555459.15,127422.08
CZ12/EUn&0&cDXHP&Ex&dxHP_equip__pkgEER/NE-dxHP_equip-pkgEER-14-IEER/instance-out.sql,9083757.56,85363.27,1391881.85,1277404.75,0.0,3682881.23,0.0,1933407.18,3.37,0.0,0.0,0.0,712815.91,0.0,0.0,67011.63,1391881.85,18351.64,0.00,3555459.15,127422.08
CZ12/EUn&0&cDXHP&Ex&dxHP_equip__pkgEER/NE-dxHP_equip-pkgEER-15-IEER/instance-out.sql,9028680.030000001,81717.64,1340449.95,1277404.75,0.0,3682881.23,0.0,1933407.18,3.37,0.0,0.0,0.0,712815.91,0.0,0.0,63366.00,1340449.95,18351.64,0.00,3555459.15,127422.08
CZ12/EUn&0&cDXHP&Ex&dxHP_equip__pkgEER/NE-dxHP_equip-pkgEER-16-IEER/instance-out.sql,8975393.49,81717.64,1287163.41,1277404.75,0.0,3682881.23,0.0,1933407.18,3.37,0.0,0.0,0.0,712815.91,0.0,0.0,63366.00,1287163.41,18351.64,0.00,3555459.15,127422.08
CZ12/EUn&0&cDXHP&Ex&dxHP_equip__pkgEER/NE-dxHP_equip-pkgSEER-15.4-SEER2/instance-out.sql,8986197.38,76911.57,1302773.37,1277404.75,0.0,3682881.23,0.0,1933407.18,3.37,0.0,0.0,0.0,712815.91,0.0,0.0,58559.93,1302773.37,18351.64,0.00,3555459.15,127422.08
CZ12/EUn&0&cDXHP&Ex&dxHP_equip__pkgEER/NE-dxHP_equip-pkgSEER-16.3-SEER2/instance-out.sql,8950028.51,75697.72,1267818.35,1277404.75,0.0,3682881.23,0.0,1933407.18,3.37,0.0,0.0,0.0,712815.91,0.0,0.0,57346.08,1267818.35,18351.64,0.00,3555459.15,127422.08
CZ12/EUn&0&cDXHP&Ex&dxHP_equip__pkgEER/NE-dxHP_equip-pkgSEER-14.4-SEER2-1Stage/instance-out.sql,9022416.67,77894.8,1338009.43,1277404.75,0.0,3682881.23,0.0,1933407.18,3.37,0.0,0.0,0.0,712815.91,0.0,0.0,59543.16,1338009.43,18351.64,0.00,3555459.15,127422.08
CZ12/EUn&0&cDXHP&Ex&dxHP_equip__pkgEER/NE-dxHP_equip-pkgSEER-14.4-SEER2-2Stage/instance-out.sql,8424204.31,58510.67999999999,1248213.4,1277404.75,0.0,3682881.23,0.0,1444373.25,3.37,0.0,0.0,0.0,712817.63,0.0,0.0,39801.99,1248213.40,18708.69,0.00,3555459.15,127422.08
CZ12/EUn&0&cDXHP&Ex&dxHP_equip__pkgEER/NE-dxHP_equip-spltSEER-14.4-SEER2-8.7-HSPF/instance-out.sql,9020887.16,76365.29000000001,1338009.43,1277404.75,0.0,3682881.23,0.0,1933407.18,3.37,0.0,0.0,0.0,712815.91,0.0,0.0,58013.65,1338009.43,18351.64,0.00,3555459.15,127422.08
CZ12/EUn&0&cDXHP&Ex&dxHP_equip__pkgEER/NE-dxHP_equip-spltSEER-15.4-SEER2-9-HSPF/instance-out.sql,8984983.530000001,75697.72,1302773.37,1277404.75,0.0,3682881.23,0.0,1933407.18,3.37,0.0,0.0,0.0,712815.91,0.0,0.0,57346.08,1302773.37,18351.64,0.00,3555459.15,127422.08
CZ12/EUn&0&cDXHP&Ex&dxHP_equip__pkgEER/NE-dxHP_equip-spltSEER-16.3-SEER2-9.4-HSPF/instance-out.sql,8949121.34,74790.55,1267818.35,1277404.75,0.0,3682881.23,0.0,1933407.18,3.37,0.0,0.0,0.0,712815.91,0.0,0.0,56438.91,1267818.35,18351.64,0.00,3555459.15,127422.08
CZ12/EUn&0&cDXHP&Ex&dxHP_equip__pkgEER/NE-dxHP_equip-spltSEER-17.3-SEER2-9.7-HSPF/instance-out.sql,8922022.01,74285.98,1241223.59,1277404.75,0.0,3682881.23,0.0,1933407.18,3.37,0.0,0.0,0.0,712815.91,0.0,0.0,55934.34,1241223.59,18351.64,0.00,3555459.15,127422.08
CZ12/EUn&0&cDXHP&Ex&dxHP_equip__pkgEER/NE-dxAC_equip-pkgEER-14.2-IEER-TE-0.81-VarFan/instance-out.sql,9192669.62,231602.97,1351748.65,1277404.75,0.0,3682881.23,0.0,1936212.68,3.37,0.0,0.0,0.0,712815.97,0.0,0.0,0.00,1351748.65,231602.97,0.00,3555459.15,127422.08
CZ12/EUn&0&cDXHP&Ex&dxHP_equip__pkgEER/NE-dxAC_equip-pkgEER-13.2-IEER-TE-0.81-VarFan/instance-out.sql,9238817.91,231602.97,1397896.94,1277404.75,0.0,3682881.23,0.0,1936212.68,3.37,0.0,0.0,0.0,712815.97,0.0,0.0,0.00,1397896.94,231602.97,0.00,3555459.15,127422.08
CZ12/EUn&0&cDXHP&Ex&dxHP_equip__pkgEER/NE-dxAC_equip-pkgEER-14.8-IEER-TE-0.81-VarFan/instance-out.sql,9152757.58,231602.97,1311836.61,1277404.75,0.0,3682881.23,0.0,1936212.68,3.37,0.0,0.0,0.0,712815.97,0.0,0.0,0.00,1311836.61,231602.97,0.00,3555459.15,127422.08
CZ12/EUn&0&cDXHP&Ex&dxHP_equip__pkgEER/NE-dxAC_equip-pkgSEER-13.4-SEER2-VarFan/instance-out.sql,9216589.41,231602.97,1375668.44,1277404.75,0.0,3682881.23,0.0,1936212.68,3.37,0.0,0.0,0.0,712815.97,0.0,0.0,0.00,1375668.44,231602.97,0.00,3555459.15,127422.08
CZ12/Gro&0&cDXHP&Ex&dxHP_equip__pkgEER/NE-dxAC_equip-pkgEER-14.2-IEER-TE-0.81/instance-out.sql,1988811.65,140612.95,93411.18,249218.65,0.0,177584.03,0.0,159107.03,3.38,0.0,0.0,0.0,57584.53,1111289.9,0.0,0.00,93411.18,140612.95,0.00,177584.03,0.00
CZ12/Gro&0&cDXHP&Ex&dxHP_equip__pkgEER/NE-dxAC_equip-pkgEER-13.2-IEER-TE-0.81/instance-out.sql,1993051.81,140612.95,97651.33,249218.65,0.0,177584.03,0.0,159107.03,3.38,0.0,0.0,0.0,57584.53,1111289.9,0.0,0.00,97651.33,140612.95,0.00,177584.03,0.00
CZ12/Gro&0&cDXHP&Ex&dxHP_equip__pkgEER/NE-dxAC_equip-pkgEER-14.8-IEER-TE-0.81/instance-out.sql,1985144.5,140612.95,89744.02,249218.65,0.0,177584.03,0.0,159107.03,3.38,0.0,0.0,0.0,57584.53,1111289.9,0.0,0.00,89744.02,140612.95,0.00,177584.03,0.00
CZ12/Gro&0&cDXHP&Ex&dxHP_equip__pkgEER/NE-dxAC_equip-pkgSEER-13.4-SEER2/instance-out.sql,1991009.43,140612.95,95608.96,249218.65,0.0,177584.03,0.0,159107.03,3.38,0.0,0.0,0.0,57584.53,1111289.9,0.0,0.00,95608.96,140612.95,0.00,177584.03,0.00
CZ12/Gro&0&cDXHP&Ex&dxHP_equip__pkgEER/NE-dxAC_equip-pkgEER-12.2-IEER-TE-0.80/instance-out.sql,1998602.0499999998,142370.61,101443.91,249218.65,0.0,177584.03,0.0,159107.03,3.38,0.0,0.0,0.0,57584.53,1111289.9,0.0,0.00,101443.91,142370.61,0.00,177584.03,0.00
CZ12/Gro&0&cDXHP&Ex&dxHP_equip__pkgEER/NE-dxAC_equip-pkgEER-11.4-IEER-TE-0.80/instance-out.sql,2005838.92,142370.61,108680.78,249218.65,0.0,177584.03,0.0,159107.03,3.38,0.0,0.0,0.0,57584.53,1111289.9,0.0,0.00,108680.78,142370.61,0.00,177584.03,0.00
CZ12/Gro&0&cDXHP&Ex&dxHP_equip__pkgEER/NE-dxAC_equip-pkgEER-12.7-IEER-TE-0.80/instance-out.sql,1998884.27,142370.61,101726.13,249218.65,0.0,177584.03,0.0,159107.03,3.38,0.0,0.0,0.0,57584.53,1111289.9,0.0,0.00,101726.13,142370.61,0.00,177584.03,0.00
CZ12/Gro&0&cDXHP&Ex&dxHP_equip__pkgEER/NE-dxAC_equip-pkgSEER-12.35-SEER2/instance-out.sql,1997214.1600000001,142370.61,100056.02,249218.65,0.0,177584.03,0.0,159107.03,3.38,0.0,0.0,0.0,57584.53,1111289.9,0.0,0.00,100056.02,142370.61,0.00,177584.03,0.00
CZ12/Gro&0&cDXHP&Ex&dxHP_equip__pkgEER/NE-dxHP_equip-pkgEER-14.5-IEER/instance-out.sql,1892449.1500000001,38929.02,98992.04,249218.65,0.0,177584.03,0.0,159100.84,3.38,0.0,0.0,0.0,57584.53,1111036.66,0.0,38929.02,98992.04,0.00,0.00,177584.03,0.00
CZ12/Gro&0&cDXHP&Ex&dxHP_equip__pkgEER/NE-dxHP_equip-pkgEER-15.5-IEER/instance-out.sql,1888595.44,38929.02,95138.33,249218.65,0.0,177584.03,0.0,159100.84,3.38,0.0,0.0,0.0,57584.53,1111036.66,0.0,38929.02,95138.33,0.00,0.00,177584.03,0.00
CZ12/Gro&0&cDXHP&Ex&dxHP_equip__pkgEER/NE-dxHP_equip-pkgEER-13.5-IEER/instance-out.sql,1896356.73,38929.02,102899.62,249218.65,0.0,177584.03,0.0,159100.84,3.38,0.0,0.0,0.0,57584.53,1111036.66,0.0,38929.02,102899.62,0.00,0.00,177584.03,0.00
CZ12/Gro&0&cDXHP&Ex&dxHP_equip__pkgEER/NE-dxHP_equip-pkgEER-14-IEER/instance-out.sql,1893461.85,38929.02,100004.74,249218.65,0.0,177584.03,0.0,159100.84,3.38,0.0,0.0,0.0,57584.53,1111036.66,0.0,38929.02,100004.74,0.00,0.00,177584.03,0.00
CZ12/Gro&0&cDXHP&Ex&dxHP_equip__pkgEER/NE-dxHP_equip-pkgEER-15-IEER/instance-out.sql,1886390.3900000001,36723.97,95138.33,249218.65,0.0,177584.03,0.0,159100.84,3.38,0.0,0.0,0.0,57584.53,1111036.66,0.0,36723.97,95138.33,0.00,0.00,177584.03,0.00
CZ12/Gro&0&cDXHP&Ex&dxHP_equip__pkgEER/NE-dxHP_equip-pkgEER-16-IEER/instance-out.sql,1881348.5,36723.97,90096.44,249218.65,0.0,177584.03,0.0,159100.84,3.38,0.0,0.0,0.0,57584.53,1111036.66,0.0,36723.97,90096.44,0.00,0.00,177584.03,0.00
CZ12/Gro&0&cDXHP&Ex&dxHP_equip__pkgEER/NE-dxHP_equip-pkgSEER-15.4-SEER2/instance-out.sql,1879918.56,33817.03,91573.43,249218.65,0.0,177584.03,0.0,159100.84,3.38,0.0,0.0,0.0,57584.53,1111036.66,0.0,33817.03,91573.43,0.00,0.00,177584.03,0.00
CZ12/Gro&0&cDXHP&Ex&dxHP_equip__pkgEER/NE-dxHP_equip-pkgSEER-16.3-SEER2/instance-out.sql,1875876.97,33082.84,88266.04,249218.65,0.0,177584.03,0.0,159100.84,3.38,0.0,0.0,0.0,57584.53,1111036.66,0.0,33082.84,88266.04,0.00,0.00,177584.03,0.00
CZ12/Gro&0&cDXHP&Ex&dxHP_equip__pkgEER/NE-dxHP_equip-pkgSEER-14.4-SEER2-1Stage/instance-out.sql,1883847.25,34411.74,94907.41,249218.65,0.0,177584.03,0.0,159100.84,3.38,0.0,0.0,0.0,57584.53,1111036.66,0.0,34411.74,94907.41,0.00,0.00,177584.03,0.00
CZ12/Gro&0&cDXHP&Ex&dxHP_equip__pkgEER/NE-dxHP_equip-pkgSEER-14.4-SEER2-2Stage/instance-out.sql,1804774.07,22502.62,81676.77,249218.65,0.0,177584.03,0.0,108313.44,3.38,0.0,0.0,0.0,57584.57,1107890.61,0.0,22502.62,81676.77,0.00,0.00,177584.03,0.00
CZ12/Gro&0&cDXHP&Ex&dxHP_equip__pkgEER/NE-dxHP_equip-spltSEER-14.4-SEER2-8.7-HSPF/instance-out.sql,1882922.12,33486.62,94907.41,249218.65,0.0,177584.03,0.0,159100.84,3.38,0.0,0.0,0.0,57584.53,1111036.66,0.0,33486.62,94907.41,0.00,0.00,177584.03,0.00
CZ12/Gro&0&cDXHP&Ex&dxHP_equip__pkgEER/NE-dxHP_equip-spltSEER-15.4-SEER2-9-HSPF/instance-out.sql,1879184.37,33082.84,91573.43,249218.65,0.0,177584.03,0.0,159100.84,3.38,0.0,0.0,0.0,57584.53,1111036.66,0.0,33082.84,91573.43,0.00,0.00,177584.03,0.00
CZ12/Gro&0&cDXHP&Ex&dxHP_equip__pkgEER/NE-dxHP_equip-spltSEER-16.3-SEER2-9.4-HSPF/instance-out.sql,1875328.28,32534.14,88266.04,249218.65,0.0,177584.03,0.0,159100.84,3.38,0.0,0.0,0.0,57584.53,1111036.66,0.0,32534.14,88266.04,0.00,0.00,177584.03,0.00
CZ12/Gro&0&cDXHP&Ex&dxHP_equip__pkgEER/NE-dxHP_equip-spltSEER-17.3-SEER2-9.7-HSPF/instance-out.sql,1872506.73,32228.95,85749.68,249218.65,0.0,177584.03,0.0,159100.84,3.38,0.0,0.0,0.0,57584.53,1111036.66,0.0,32228.95,85749.68,0.00,0.00,177584.03,0.00
CZ12/Gro&0&cDXHP&Ex&dxHP_equip__pkgEER/NE-dxAC_equip-pkgEER-14.2-IEER-TE-0.81-VarFan/instance-out.sql,1988751.77,140636.99,93405.9,249218.65,0.0,177584.03,0.0,159046.35,3.38,0.0,0.0,0.0,57584.53,1111271.93,0.0,0.00,93405.90,140636.99,0.00,177584.03,0.00
CZ12/Gro&0&cDXHP&Ex&dxHP_equip__pkgEER/NE-dxAC_equip-pkgEER-13.2-IEER-TE-0.81-VarFan/instance-out.sql,1992991.68,140636.99,97645.82,249218.65,0.0,177584.03,0.0,159046.35,3.38,0.0,0.0,0.0,57584.53,1111271.93,0.0,0.00,97645.82,140636.99,0.00,177584.03,0.00
CZ12/Gro&0&cDXHP&Ex&dxHP_equip__pkgEER/NE-dxAC_equip-pkgEER-14.8-IEER-TE-0.81-VarFan/instance-out.sql,1985084.81,140636.99,89738.95,249218.65,0.0,177584.03,0.0,159046.35,3.38,0.0,0.0,0.0,57584.53,1111271.93,0.0,0.00,89738.95,140636.99,0.00,177584.03,0.00
CZ12/Gro&0&cDXHP&Ex&dxHP_equip__pkgEER/NE-dxAC_equip-pkgSEER-13.4-SEER2-VarFan/instance-out.sql,1990949.42,140636.99,95603.55,249218.65,0.0,177584.03,0.0,159046.35,3.38,0.0,0.0,0.0,57584.53,1111271.93,0.0,0.00,95603.55,140636.99,0.00,177584.03,0.00
CZ12/Hsp&0&cDXHP&Ex&dxHP_equip__pkgEER/NE-dxAC_equip-pkgEER-14.2-IEER-TE-0.81/instance-out.sql,4189174.43,310437.51,979020.85,856282.21,0.0,1182847.3,0.0,568860.99,42888.35,0.0,0.0,0.0,248837.22,0.0,0.0,0.00,979020.85,310437.51,0.00,1139112.10,43735.20
CZ12/Hsp&0&cDXHP&Ex&dxHP_equip__pkgEER/NE-dxAC_equip-pkgEER-13.2-IEER-TE-0.81/instance-out.sql,4196670.79,310437.51,986517.21,856282.21,0.0,1182847.3,0.0,568860.99,42888.35,0.0,0.0,0.0,248837.22,0.0,0.0,0.00,986517.21,310437.51,0.00,1139112.10,43735.20
CZ12/Hsp&0&cDXHP&Ex&dxHP_equip__pkgEER/NE-dxAC_equip-pkgEER-14.8-IEER-TE-0.81/instance-out.sql,4182691.1,310437.51,972537.51,856282.21,0.0,1182847.3,0.0,568860.99,42888.35,0.0,0.0,0.0,248837.22,0.0,0.0,0.00,972537.51,310437.51,0.00,1139112.10,43735.20
CZ12/Hsp&0&cDXHP&Ex&dxHP_equip__pkgEER/NE-dxAC_equip-pkgSEER-13.4-SEER2/instance-out.sql,4193059.98,310437.51,982906.4,856282.21,0.0,1182847.3,0.0,568860.99,42888.35,0.0,0.0,0.0,248837.22,0.0,0.0,0.00,982906.40,310437.51,0.00,1139112.10,43735.20
CZ12/Hsp&0&cDXHP&Ex&dxHP_equip__pkgEER/NE-dxAC_equip-pkgEER-12.2-IEER-TE-0.80/instance-out.sql,4203726.37,310788.02,993222.28,856282.21,0.0,1182847.3,0.0,568860.99,42888.35,0.0,0.0,0.0,248837.22,0.0,0.0,0.00,993222.28,310788.02,0.00,1139112.10,43735.20
CZ12/Hsp&0&cDXHP&Ex&dxHP_equip__pkgEER/NE-dxAC_equip-pkgEER-11.4-IEER-TE-0.80/instance-out.sql,4216520.74,310788.02,1006016.66,856282.21,0.0,1182847.3,0.0,568860.99,42888.35,0.0,0.0,0.0,248837.22,0.0,0.0,0.00,1006016.66,310788.02,0.00,1139112.10,43735.20
CZ12/Hsp&0&cDXHP&Ex&dxHP_equip__pkgEER/NE-dxAC_equip-pkgEER-12.7-IEER-TE-0.80/instance-out.sql,4204225.31,310788.02,993721.23,856282.21,0.0,1182847.3,0.0,568860.99,42888.35,0.0,0.0,0.0,248837.22,0.0,0.0,0.00,993721.23,310788.02,0.00,1139112.10,43735.20
CZ12/Hsp&0&cDXHP&Ex&dxHP_equip__pkgEER/NE-dxAC_equip-pkgSEER-12.35-SEER2/instance-out.sql,4201272.65,310788.02,990768.57,856282.21,0.0,1182847.3,0.0,568860.99,42888.35,0.0,0.0,0.0,248837.22,0.0,0.0,0.00,990768.57,310788.02,0.00,1139112.10,43735.20
CZ12/Hsp&0&cDXHP&Ex&dxHP_equip__pkgEER/NE-dxHP_equip-pkgEER-14.5-IEER/instance-out.sql,4177052.15,292842.93,984691.44,856282.21,0.0,1182847.3,0.0,568675.87,42887.53,0.0,0.0,0.0,248824.87,0.0,0.0,9032.93,984691.44,283810.00,0.00,1139112.10,43735.20
CZ12/Hsp&0&cDXHP&Ex&dxHP_equip__pkgEER/NE-dxHP_equip-pkgEER-15.5-IEER/instance-out.sql,4170393.8299999996,292842.93,978033.13,856282.21,0.0,1182847.3,0.0,568675.87,42887.53,0.0,0.0,0.0,248824.87,0.0,0.0,9032.93,978033.13,283810.00,0.00,1139112.10,43735.20
CZ12/Hsp&0&cDXHP&Ex&dxHP_equip__pkgEER/NE-dxHP_equip-pkgEER-13.5-IEER/instance-out.sql,4183803.55,292842.93,991442.84,856282.21,0.0,1182847.3,0.0,568675.87,42887.53,0.0,0.0,0.0,248824.87,0.0,0.0,9032.93,991442.84,283810.00,0.00,1139112.10,43735.20
CZ12/Hsp&0&cDXHP&Ex&dxHP_equip__pkgEER/NE-dxHP_equip-pkgEER-14-IEER/instance-out.sql,4178801.8699999996,292842.93,986441.16,856282.21,0.0,1182847.3,0.0,568675.87,42887.53,0.0,0.0,0.0,248824.87,0.0,0.0,9032.93,986441.16,283810.00,0.00,1139112.10,43735.20
CZ12/Hsp&0&cDXHP&Ex&dxHP_equip__pkgEER/NE-dxHP_equip-pkgEER-15-IEER/instance-out.sql,4169911.86,292360.96,978033.13,856282.21,0.0,1182847.3,0.0,568675.87,42887.53,0.0,0.0,0.0,248824.87,0.0,0.0,8550.96,978033.13,283810.00,0.00,1139112.10,43735.20
CZ12/Hsp&0&cDXHP&Ex&dxHP_equip__pkgEER/NE-dxHP_equip-pkgEER-16-IEER/instance-out.sql,4161200.63,292360.96,969321.89,856282.21,0.0,1182847.3,0.0,568675.87,42887.53,0.0,0.0,0.0,248824.87,0.0,0.0,8550.96,969321.89,283810.00,0.00,1139112.10,43735.20
CZ12/Hsp&0&cDXHP&Ex&dxHP_equip__pkgEER/NE-dxHP_equip-pkgSEER-15.4-SEER2/instance-out.sql,4163117.1399999997,291725.57,971873.79,856282.21,0.0,1182847.3,0.0,568675.87,42887.53,0.0,0.0,0.0,248824.87,0.0,0.0,7915.57,971873.79,283810.00,0.00,1139112.10,43735.20
CZ12/Hsp&0&cDXHP&Ex&dxHP_equip__pkgEER/NE-dxHP_equip-pkgSEER-16.3-SEER2/instance-out.sql,4157242.25,291565.1,966159.38,856282.21,0.0,1182847.3,0.0,568675.87,42887.53,0.0,0.0,0.0,248824.87,0.0,0.0,7755.10,966159.38,283810.00,0.00,1139112.10,43735.20
CZ12/Hsp&0&cDXHP&Ex&dxHP_equip__pkgEER/NE-dxHP_equip-pkgSEER-14.4-SEER2-1Stage/instance-out.sql,4169007.4899999998,291855.56,977634.15,856282.21,0.0,1182847.3,0.0,568675.87,42887.53,0.0,0.0,0.0,248824.87,0.0,0.0,8045.56,977634.15,283810.00,0.00,1139112.10,43735.20
CZ12/Hsp&0&cDXHP&Ex&dxHP_equip__pkgEER/NE-dxHP_equip-pkgSEER-14.4-SEER2-2Stage/instance-out.sql,4059749.5199999996,292902.21,960127.91,856282.21,0.0,1182847.3,0.0,475941.2,42865.88,0.0,0.0,0.0,248782.82,0.0,0.0,5944.71,960127.91,286957.50,0.00,1139112.10,43735.20
CZ12/Hsp&0&cDXHP&Ex&dxHP_equip__pkgEER/NE-dxHP_equip-spltSEER-14.4-SEER2-8.7-HSPF/instance-out.sql,4168805.28,291653.35,977634.15,856282.21,0.0,1182847.3,0.0,568675.87,42887.53,0.0,0.0,0.0,248824.87,0.0,0.0,7843.35,977634.15,283810.00,0.00,1139112.10,43735.20
CZ12/Hsp&0&cDXHP&Ex&dxHP_equip__pkgEER/NE-dxHP_equip-spltSEER-15.4-SEER2-9-HSPF/instance-out.sql,4162956.67,291565.1,971873.79,856282.21,0.0,1182847.3,0.0,568675.87,42887.53,0.0,0.0,0.0,248824.87,0.0,0.0,7755.10,971873.79,283810.00,0.00,1139112.10,43735.20
CZ12/Hsp&0&cDXHP&Ex&dxHP_equip__pkgEER/NE-dxHP_equip-spltSEER-16.3-SEER2-9.4-HSPF/instance-out.sql,4157122.32,291445.16,966159.38,856282.21,0.0,1182847.3,0.0,568675.87,42887.53,0.0,0.0,0.0,248824.87,0.0,0.0,7635.16,966159.38,283810.00,0.00,1139112.10,43735.20
CZ12/Hsp&0&cDXHP&Ex&dxHP_equip__pkgEER/NE-dxHP_equip-spltSEER-17.3-SEER2-9.7-HSPF/instance-out.sql,4152707.9299999997,291378.46,961811.69,856282.21,0.0,1182847.3,0.0,568675.87,42887.53,0.0,0.0,0.0,248824.87,0.0,0.0,7568.46,961811.69,283810.00,0.00,1139112.10,43735.20
CZ12/MBT&0&cDXHP&Ex&dxHP_equip__pkgEER/NE-dxAC_equip-pkgEER-14.2-IEER-TE-0.81/instance-out.sql,6903788.48,2258672.83,566109.18,709539.71,0.0,2167645.51,0.0,1036017.67,664.75,0.0,0.0,0.0,165138.83,0.0,0.0,0.00,566109.18,2258672.83,0.00,1394057.91,773587.60
CZ12/MBT&0&cDXHP&Ex&dxHP_equip__pkgEER/NE-dxAC_equip-pkgEER-13.2-IEER-TE-0.81/instance-out.sql,6912650.98,2258672.83,574971.68,709539.71,0.0,2167645.51,0.0,1036017.67,664.75,0.0,0.0,0.0,165138.83,0.0,0.0,0.00,574971.68,2258672.83,0.00,1394057.91,773587.60
CZ12/MBT&0&cDXHP&Ex&dxHP_equip__pkgEER/NE-dxAC_equip-pkgEER-14.8-IEER-TE-0.81/instance-out.sql,6896123.619999999,2258672.83,558444.32,709539.71,0.0,2167645.51,0.0,1036017.67,664.75,0.0,0.0,0.0,165138.83,0.0,0.0,0.00,558444.32,2258672.83,0.00,1394057.91,773587.60
CZ12/MBT&0&cDXHP&Ex&dxHP_equip__pkgEER/NE-dxAC_equip-pkgSEER-13.4-SEER2/instance-out.sql,6908382.13,2258672.83,570702.83,709539.71,0.0,2167645.51,0.0,1036017.67,664.75,0.0,0.0,0.0,165138.83,0.0,0.0,0.00,570702.83,2258672.83,0.00,1394057.91,773587.60
CZ12/MBT&0&cDXHP&Ex&dxHP_equip__pkgEER/NE-dxAC_equip-pkgEER-12.2-IEER-TE-0.80/instance-out.sql,6921776.67,2259871.51,582898.68,709539.71,0.0,2167645.51,0.0,1036017.67,664.75,0.0,0.0,0.0,165138.83,0.0,0.0,0.00,582898.68,2259871.51,0.00,1394057.91,773587.60
CZ12/MBT&0&cDXHP&Ex&dxHP_equip__pkgEER/NE-dxAC_equip-pkgEER-11.4-IEER-TE-0.80/instance-out.sql,6936902.6899999995,2259871.51,598024.71,709539.71,0.0,2167645.51,0.0,1036017.67,664.75,0.0,0.0,0.0,165138.83,0.0,0.0,0.00,598024.71,2259871.51,0.00,1394057.91,773587.60
CZ12/MBT&0&cDXHP&Ex&dxHP_equip__pkgEER/NE-dxAC_equip-pkgEER-12.7-IEER-TE-0.80/instance-out.sql,6922366.54,2259871.51,583488.56,709539.71,0.0,2167645.51,0.0,1036017.67,664.75,0.0,0.0,0.0,165138.83,0.0,0.0,0.00,583488.56,2259871.51,0.00,1394057.91,773587.60
CZ12/MBT&0&cDXHP&Ex&dxHP_equip__pkgEER/NE-dxAC_equip-pkgSEER-12.35-SEER2/instance-out.sql,6918875.79,2259871.51,579997.8,709539.71,0.0,2167645.51,0.0,1036017.67,664.75,0.0,0.0,0.0,165138.83,0.0,0.0,0.00,579997.80,2259871.51,0.00,1394057.91,773587.60
CZ12/MBT&0&cDXHP&Ex&dxHP_equip__pkgEER/NE-dxHP_equip-pkgEER-14.5-IEER/instance-out.sql,6843409.96,2191727.46,573370.97,709539.71,0.0,2167645.51,0.0,1035323.12,664.38,0.0,0.0,0.0,165138.81,0.0,0.0,28768.86,573370.97,2162958.60,0.00,1394057.91,773587.60
CZ12/MBT&0&cDXHP&Ex&dxHP_equip__pkgEER/NE-dxHP_equip-pkgEER-15.5-IEER/instance-out.sql,6835514.81,2191727.46,565475.82,709539.71,0.0,2167645.51,0.0,1035323.12,664.38,0.0,0.0,0.0,165138.81,0.0,0.0,28768.86,565475.82,2162958.60,0.00,1394057.91,773587.60
CZ12/MBT&0&cDXHP&Ex&dxHP_equip__pkgEER/NE-dxHP_equip-pkgEER-13.5-IEER/instance-out.sql,6851415.48,2191727.46,581376.49,709539.71,0.0,2167645.51,0.0,1035323.12,664.38,0.0,0.0,0.0,165138.81,0.0,0.0,28768.86,581376.49,2162958.60,0.00,1394057.91,773587.60
CZ12/MBT&0&cDXHP&Ex&dxHP_equip__pkgEER/NE-dxHP_equip-pkgEER-14-IEER/instance-out.sql,6845484.699999999,2191727.46,575445.71,709539.71,0.0,2167645.51,0.0,1035323.12,664.38,0.0,0.0,0.0,165138.81,0.0,0.0,28768.86,575445.71,2162958.60,0.00,1394057.91,773587.60
CZ12/MBT&0&cDXHP&Ex&dxHP_equip__pkgEER/NE-dxHP_equip-pkgEER-15-IEER/instance-out.sql,6833926.18,2190138.83,565475.82,709539.71,0.0,2167645.51,0.0,1035323.12,664.38,0.0,0.0,0.0,165138.81,0.0,0.0,27180.23,565475.82,2162958.60,0.00,1394057.91,773587.60
CZ12/MBT&0&cDXHP&Ex&dxHP_equip__pkgEER/NE-dxHP_equip-pkgEER-16-IEER/instance-out.sql,6823596.779999999,2190138.83,555146.42,709539.71,0.0,2167645.51,0.0,1035323.12,664.38,0.0,0.0,0.0,165138.81,0.0,0.0,27180.23,555146.42,2162958.60,0.00,1394057.91,773587.60
CZ12/MBT&0&cDXHP&Ex&dxHP_equip__pkgEER/NE-dxHP_equip-pkgSEER-15.4-SEER2/instance-out.sql,6824528.4,2188044.52,558172.35,709539.71,0.0,2167645.51,0.0,1035323.12,664.38,0.0,0.0,0.0,165138.81,0.0,0.0,25085.92,558172.35,2162958.60,0.00,1394057.91,773587.60
CZ12/MBT&0&cDXHP&Ex&dxHP_equip__pkgEER/NE-dxHP_equip-pkgSEER-16.3-SEER2/instance-out.sql,6817223.55,2187515.5700000003,551396.45,709539.71,0.0,2167645.51,0.0,1035323.12,664.38,0.0,0.0,0.0,165138.81,0.0,0.0,24556.97,551396.45,2162958.60,0.00,1394057.91,773587.60
CZ12/MBT&0&cDXHP&Ex&dxHP_equip__pkgEER/NE-dxHP_equip-pkgSEER-14.4-SEER2-1Stage/instance-out.sql,6831787.24,2188472.98,565002.74,709539.71,0.0,2167645.51,0.0,1035323.12,664.38,0.0,0.0,0.0,165138.81,0.0,0.0,25514.38,565002.74,2162958.60,0.00,1394057.91,773587.60
CZ12/MBT&0&cDXHP&Ex&dxHP_equip__pkgEER/NE-dxHP_equip-pkgSEER-14.4-SEER2-2Stage/instance-out.sql,6703210.62,2180594.05,547780.11,709539.71,0.0,2167645.51,0.0,931847.82,664.43,0.0,0.0,0.0,165138.98,0.0,0.0,15527.21,547780.11,2165066.84,0.00,1394057.91,773587.60
CZ12/MBT&0&cDXHP&Ex&dxHP_equip__pkgEER/NE-dxHP_equip-spltSEER-14.4-SEER2-8.7-HSPF/instance-out.sql,6831120.74,2187806.47,565002.74,709539.71,0.0,2167645.51,0.0,1035323.12,664.38,0.0,0.0,0.0,165138.81,0.0,0.0,24847.87,565002.74,2162958.60,0.00,1394057.91,773587.60
CZ12/MBT&0&cDXHP&Ex&dxHP_equip__pkgEER/NE-dxHP_equip-spltSEER-15.4-SEER2-9-HSPF/instance-out.sql,6823999.449999999,2187515.5700000003,558172.35,709539.71,0.0,2167645.51,0.0,1035323.12,664.38,0.0,0.0,0.0,165138.81,0.0,0.0,24556.97,558172.35,2162958.60,0.00,1394057.91,773587.60
CZ12/MBT&0&cDXHP&Ex&dxHP_equip__pkgEER/NE-dxHP_equip-spltSEER-16.3-SEER2-9.4-HSPF/instance-out.sql,6816828.23,2187120.2600000002,551396.45,709539.71,0.0,2167645.51,0.0,1035323.12,664.38,0.0,0.0,0.0,165138.81,0.0,0.0,24161.66,551396.45,2162958.60,0.00,1394057.91,773587.60
CZ12/MBT&0&cDXHP&Ex&dxHP_equip__pkgEER/NE-dxHP_equip-spltSEER-17.3-SEER2-9.7-HSPF/instance-out.sql,6811453.06,2186900.38,546241.15,709539.71,0.0,2167645.51,0.0,1035323.12,664.38,0.0,0.0,0.0,165138.81,0.0,0.0,23941.78,546241.15,2162958.60,0.00,1394057.91,773587.60
CZ12/MLI&0&cDXHP&Ex&dxHP_equip__pkgEER/NE-dxAC_equip-pkgEER-14.2-IEER-TE-0.81/instance-out.sql,1272403.96,125466.87,215757.2,283149.19,0.0,239893.0,0.0,361888.12,3.37,0.0,0.0,0.0,46246.2,0.0,0.0,0.00,215757.20,125466.87,0.00,239893.00,0.00
CZ12/MLI&0&cDXHP&Ex&dxHP_equip__pkgEER/NE-dxAC_equip-pkgEER-13.2-IEER-TE-0.81/instance-out.sql,1282208.2,125466.87,225561.44,283149.19,0.0,239893.0,0.0,361888.12,3.37,0.0,0.0,0.0,46246.2,0.0,0.0,0.00,225561.44,125466.87,0.00,239893.00,0.00
CZ12/MLI&0&cDXHP&Ex&dxHP_equip__pkgEER/NE-dxAC_equip-pkgEER-14.8-IEER-TE-0.81/instance-out.sql,1263924.62,125466.87,207277.86,283149.19,0.0,239893.0,0.0,361888.12,3.37,0.0,0.0,0.0,46246.2,0.0,0.0,0.00,207277.86,125466.87,0.00,239893.00,0.00
CZ12/MLI&0&cDXHP&Ex&dxHP_equip__pkgEER/NE-dxAC_equip-pkgSEER-13.4-SEER2/instance-out.sql,1277485.74,125466.87,220838.98,283149.19,0.0,239893.0,0.0,361888.12,3.37,0.0,0.0,0.0,46246.2,0.0,0.0,0.00,220838.98,125466.87,0.00,239893.00,0.00
CZ12/MLI&0&cDXHP&Ex&dxHP_equip__pkgEER/NE-dxAC_equip-pkgEER-12.2-IEER-TE-0.80/instance-out.sql,1292545.89,127035.2,234330.79,283149.19,0.0,239893.0,0.0,361888.12,3.37,0.0,0.0,0.0,46246.2,0.0,0.0,0.00,234330.79,127035.20,0.00,239893.00,0.00
CZ12/MLI&0&cDXHP&Ex&dxHP_equip__pkgEER/NE-dxAC_equip-pkgEER-11.4-IEER-TE-0.80/instance-out.sql,1309279.24,127035.2,251064.14,283149.19,0.0,239893.0,0.0,361888.12,3.37,0.0,0.0,0.0,46246.2,0.0,0.0,0.00,251064.14,127035.20,0.00,239893.00,0.00
CZ12/MLI&0&cDXHP&Ex&dxHP_equip__pkgEER/NE-dxAC_equip-pkgEER-12.7-IEER-TE-0.80/instance-out.sql,1293198.44,127035.2,234983.35,283149.19,0.0,239893.0,0.0,361888.12,3.37,0.0,0.0,0.0,46246.2,0.0,0.0,0.00,234983.35,127035.20,0.00,239893.00,0.00
CZ12/MLI&0&cDXHP&Ex&dxHP_equip__pkgEER/NE-dxAC_equip-pkgSEER-12.35-SEER2/instance-out.sql,1289336.75,127035.2,231121.66,283149.19,0.0,239893.0,0.0,361888.12,3.37,0.0,0.0,0.0,46246.2,0.0,0.0,0.00,231121.66,127035.20,0.00,239893.00,0.00
CZ12/MLI&0&cDXHP&Ex&dxHP_equip__pkgEER/NE-dxHP_equip-pkgEER-14.5-IEER/instance-out.sql,1184296.38,37942.72,215173.78,283149.19,0.0,239893.0,0.0,361888.12,3.37,0.0,0.0,0.0,46246.2,0.0,0.0,37942.72,215173.78,0.00,0.00,239893.00,0.00
CZ12/MLI&0&cDXHP&Ex&dxHP_equip__pkgEER/NE-dxHP_equip-pkgEER-15.5-IEER/instance-out.sql,1175919.79,37942.72,206797.19,283149.19,0.0,239893.0,0.0,361888.12,3.37,0.0,0.0,0.0,46246.2,0.0,0.0,37942.72,206797.19,0.00,0.00,239893.00,0.00
CZ12/MLI&0&cDXHP&Ex&dxHP_equip__pkgEER/NE-dxHP_equip-pkgEER-13.5-IEER/instance-out.sql,1192790.0799999998,37942.72,223667.48,283149.19,0.0,239893.0,0.0,361888.12,3.37,0.0,0.0,0.0,46246.2,0.0,0.0,37942.72,223667.48,0.00,0.00,239893.00,0.00
CZ12/MLI&0&cDXHP&Ex&dxHP_equip__pkgEER/NE-dxHP_equip-pkgEER-14-IEER/instance-out.sql,1186497.65,37942.72,217375.05,283149.19,0.0,239893.0,0.0,361888.12,3.37,0.0,0.0,0.0,46246.2,0.0,0.0,37942.72,217375.05,0.00,0.00,239893.00,0.00
CZ12/MLI&0&cDXHP&Ex&dxHP_equip__pkgEER/NE-dxHP_equip-pkgEER-15-IEER/instance-out.sql,1173831.32,35854.25,206797.19,283149.19,0.0,239893.0,0.0,361888.12,3.37,0.0,0.0,0.0,46246.2,0.0,0.0,35854.25,206797.19,0.00,0.00,239893.00,0.00
CZ12/MLI&0&cDXHP&Ex&dxHP_equip__pkgEER/NE-dxHP_equip-pkgEER-16-IEER/instance-out.sql,1162872.02,35854.25,195837.89,283149.19,0.0,239893.0,0.0,361888.12,3.37,0.0,0.0,0.0,46246.2,0.0,0.0,35854.25,195837.89,0.00,0.00,239893.00,0.00
CZ12/MLI&0&cDXHP&Ex&dxHP_equip__pkgEER/NE-dxHP_equip-pkgSEER-15.4-SEER2/instance-out.sql,1163329.23,33101.0,199048.34,283149.19,0.0,239893.0,0.0,361888.12,3.37,0.0,0.0,0.0,46246.2,0.0,0.0,33101.00,199048.34,0.00,0.00,239893.00,0.00
CZ12/MLI&0&cDXHP&Ex&dxHP_equip__pkgEER/NE-dxHP_equip-pkgSEER-16.3-SEER2/instance-out.sql,1155444.75,32405.63,191859.24,283149.19,0.0,239893.0,0.0,361888.12,3.37,0.0,0.0,0.0,46246.2,0.0,0.0,32405.63,191859.24,0.00,0.00,239893.00,0.00
CZ12/MLI&0&cDXHP&Ex&dxHP_equip__pkgEER/NE-dxHP_equip-pkgSEER-14.4-SEER2-1Stage/instance-out.sql,1171139.4,33664.27,206295.25,283149.19,0.0,239893.0,0.0,361888.12,3.37,0.0,0.0,0.0,46246.2,0.0,0.0,33664.27,206295.25,0.00,0.00,239893.00,0.00
CZ12/MLI&0&cDXHP&Ex&dxHP_equip__pkgEER/NE-dxHP_equip-pkgSEER-14.4-SEER2-2Stage/instance-out.sql,1021778.03,24747.26,183684.84,283149.19,0.0,239893.0,0.0,244054.12,3.37,0.0,0.0,0.0,46246.24,0.0,0.0,24747.26,183684.84,0.00,0.00,239893.00,0.00
CZ12/MLI&0&cDXHP&Ex&dxHP_equip__pkgEER/NE-dxHP_equip-spltSEER-14.4-SEER2-8.7-HSPF/instance-out.sql,1170263.19,32788.05,206295.25,283149.19,0.0,239893.0,0.0,361888.12,3.37,0.0,0.0,0.0,46246.2,0.0,0.0,32788.05,206295.25,0.00,0.00,239893.00,0.00
CZ12/MLI&0&cDXHP&Ex&dxHP_equip__pkgEER/NE-dxHP_equip-spltSEER-15.4-SEER2-9-HSPF/instance-out.sql,1162633.8599999999,32405.63,199048.34,283149.19,0.0,239893.0,0.0,361888.12,3.37,0.0,0.0,0.0,46246.2,0.0,0.0,32405.63,199048.34,0.00,0.00,239893.00,0.00
CZ12/MLI&0&cDXHP&Ex&dxHP_equip__pkgEER/NE-dxHP_equip-spltSEER-16.3-SEER2-9.4-HSPF/instance-out.sql,1154925.06,31885.94,191859.24,283149.19,0.0,239893.0,0.0,361888.12,3.37,0.0,0.0,0.0,46246.2,0.0,0.0,31885.94,191859.24,0.00,0.00,239893.00,0.00
CZ12/MLI&0&cDXHP&Ex&dxHP_equip__pkgEER/NE-dxHP_equip-spltSEER-17.3-SEER2-9.7-HSPF/instance-out.sql,1149166.3299999998,31596.88,186389.57,283149.19,0.0,239893.0,0.0,361888.12,3.37,0.0,0.0,0.0,46246.2,0.0,0.0,31596.88,186389.57,0.00,0.00,239893.00,0.00
CZ12/Mtl&0&cDXHP&Ex&dxHP_equip__pkgEER/NE-dxAC_equip-pkgEER-14.2-IEER-TE-0.81/instance-out.sql,209114.12,21291.18,47037.68,51285.47,0.0,22443.33,0.0,59372.17,3.36,0.0,0.0,0.0,7680.92,0.0,0.0,0.00,47037.68,21291.18,0.00,22191.36,251.97
CZ12/Mtl&0&cDXHP&Ex&dxHP_equip__pkgEER/NE-dxAC_equip-pkgEER-13.2-IEER-TE-0.81/instance-out.sql,210854.59,21291.18,48778.16,51285.47,0.0,22443.33,0.0,59372.17,3.36,0.0,0.0,0.0,7680.92,0.0,0.0,0.00,48778.16,21291.18,0.00,22191.36,251.97
CZ12/Mtl&0&cDXHP&Ex&dxHP_equip__pkgEER/NE-dxAC_equip-pkgEER-14.8-IEER-TE-0.81/instance-out.sql,207608.84,21291.18,45532.4,51285.47,0.0,22443.33,0.0,59372.17,3.36,0.0,0.0,0.0,7680.92,0.0,0.0,0.00,45532.40,21291.18,0.00,22191.36,251.97
CZ12/Mtl&0&cDXHP&Ex&dxHP_equip__pkgEER/NE-dxAC_equip-pkgSEER-13.4-SEER2/instance-out.sql,210016.25,21291.18,47939.81,51285.47,0.0,22443.33,0.0,59372.17,3.36,0.0,0.0,0.0,7680.92,0.0,0.0,0.00,47939.81,21291.18,0.00,22191.36,251.97
CZ12/Mtl&0&cDXHP&Ex&dxHP_equip__pkgEER/NE-dxAC_equip-pkgEER-12.2-IEER-TE-0.80/instance-out.sql,212669.62,21549.44,50334.92,51285.47,0.0,22443.33,0.0,59372.17,3.36,0.0,0.0,0.0,7680.92,0.0,0.0,0.00,50334.92,21549.44,0.00,22191.36,251.97
CZ12/Mtl&0&cDXHP&Ex&dxHP_equip__pkgEER/NE-dxAC_equip-pkgEER-11.4-IEER-TE-0.80/instance-out.sql,215640.16999999998,21549.44,53305.47,51285.47,0.0,22443.33,0.0,59372.17,3.36,0.0,0.0,0.0,7680.92,0.0,0.0,0.00,53305.47,21549.44,0.00,22191.36,251.97
CZ12/Mtl&0&cDXHP&Ex&dxHP_equip__pkgEER/NE-dxAC_equip-pkgEER-12.7-IEER-TE-0.80/instance-out.sql,212785.46000000002,21549.44,50450.76,51285.47,0.0,22443.33,0.0,59372.17,3.36,0.0,0.0,0.0,7680.92,0.0,0.0,0.00,50450.76,21549.44,0.00,22191.36,251.97
CZ12/Mtl&0&cDXHP&Ex&dxHP_equip__pkgEER/NE-dxAC_equip-pkgSEER-12.35-SEER2/instance-out.sql,212099.91999999998,21549.44,49765.23,51285.47,0.0,22443.33,0.0,59372.17,3.36,0.0,0.0,0.0,7680.92,0.0,0.0,0.00,49765.23,21549.44,0.00,22191.36,251.97
CZ12/Mtl&0&cDXHP&Ex&dxHP_equip__pkgEER/NE-dxHP_equip-pkgEER-14.5-IEER/instance-out.sql,194792.16,7084.599999999999,46940.06,51285.47,0.0,22443.33,0.0,59354.42,3.36,0.0,0.0,0.0,7680.91,0.0,0.0,6454.11,46940.06,630.49,0.00,22191.36,251.97
CZ12/Mtl&0&cDXHP&Ex&dxHP_equip__pkgEER/NE-dxHP_equip-pkgEER-15.5-IEER/instance-out.sql,193293.23,7084.599999999999,45441.13,51285.47,0.0,22443.33,0.0,59354.42,3.36,0.0,0.0,0.0,7680.91,0.0,0.0,6454.11,45441.13,630.49,0.00,22191.36,251.97
CZ12/Mtl&0&cDXHP&Ex&dxHP_equip__pkgEER/NE-dxHP_equip-pkgEER-13.5-IEER/instance-out.sql,196312.05000000002,7084.599999999999,48459.94,51285.47,0.0,22443.33,0.0,59354.42,3.36,0.0,0.0,0.0,7680.91,0.0,0.0,6454.11,48459.94,630.49,0.00,22191.36,251.97
CZ12/Mtl&0&cDXHP&Ex&dxHP_equip__pkgEER/NE-dxHP_equip-pkgEER-14-IEER/instance-out.sql,195186.06,7084.599999999999,47333.96,51285.47,0.0,22443.33,0.0,59354.42,3.36,0.0,0.0,0.0,7680.91,0.0,0.0,6454.11,47333.96,630.49,0.00,22191.36,251.97
CZ12/Mtl&0&cDXHP&Ex&dxHP_equip__pkgEER/NE-dxHP_equip-pkgEER-15-IEER/instance-out.sql,192947.7,6739.0599999999995,45441.13,51285.47,0.0,22443.33,0.0,59354.42,3.36,0.0,0.0,0.0,7680.91,0.0,0.0,6108.57,45441.13,630.49,0.00,22191.36,251.97
CZ12/Mtl&0&cDXHP&Ex&dxHP_equip__pkgEER/NE-dxHP_equip-pkgEER-16-IEER/instance-out.sql,190986.61000000002,6739.0599999999995,43480.05,51285.47,0.0,22443.33,0.0,59354.42,3.36,0.0,0.0,0.0,7680.91,0.0,0.0,6108.57,43480.05,630.49,0.00,22191.36,251.97
CZ12/Mtl&0&cDXHP&Ex&dxHP_equip__pkgEER/NE-dxHP_equip-pkgSEER-15.4-SEER2/instance-out.sql,191105.58000000002,6283.54,44054.53,51285.47,0.0,22443.33,0.0,59354.42,3.36,0.0,0.0,0.0,7680.91,0.0,0.0,5653.05,44054.53,630.49,0.00,22191.36,251.97
CZ12/Mtl&0&cDXHP&Ex&dxHP_equip__pkgEER/NE-dxHP_equip-pkgSEER-16.3-SEER2/instance-out.sql,189704.09,6168.49,42768.1,51285.47,0.0,22443.33,0.0,59354.42,3.36,0.0,0.0,0.0,7680.91,0.0,0.0,5538.00,42768.10,630.49,0.00,22191.36,251.97
CZ12/Mtl&0&cDXHP&Ex&dxHP_equip__pkgEER/NE-dxHP_equip-pkgSEER-14.4-SEER2-1Stage/instance-out.sql,192495.55000000002,6376.73,45351.31,51285.47,0.0,22443.33,0.0,59354.42,3.36,0.0,0.0,0.0,7680.91,0.0,0.0,5746.24,45351.31,630.49,0.00,22191.36,251.97
CZ12/Mtl&0&cDXHP&Ex&dxHP_equip__pkgEER/NE-dxHP_equip-pkgSEER-14.4-SEER2-2Stage/instance-out.sql,169527.06,4580.88,42302.0,51285.47,0.0,22443.33,0.0,41231.07,3.36,0.0,0.0,0.0,7680.95,0.0,0.0,3924.07,42302.00,656.81,0.00,22191.36,251.97
CZ12/Mtl&0&cDXHP&Ex&dxHP_equip__pkgEER/NE-dxHP_equip-spltSEER-14.4-SEER2-8.7-HSPF/instance-out.sql,192350.58000000002,6231.76,45351.31,51285.47,0.0,22443.33,0.0,59354.42,3.36,0.0,0.0,0.0,7680.91,0.0,0.0,5601.27,45351.31,630.49,0.00,22191.36,251.97
CZ12/Mtl&0&cDXHP&Ex&dxHP_equip__pkgEER/NE-dxHP_equip-spltSEER-15.4-SEER2-9-HSPF/instance-out.sql,190990.53,6168.49,44054.53,51285.47,0.0,22443.33,0.0,59354.42,3.36,0.0,0.0,0.0,7680.91,0.0,0.0,5538.00,44054.53,630.49,0.00,22191.36,251.97
CZ12/Mtl&0&cDXHP&Ex&dxHP_equip__pkgEER/NE-dxHP_equip-spltSEER-16.3-SEER2-9.4-HSPF/instance-out.sql,189618.11000000002,6082.51,42768.1,51285.47,0.0,22443.33,0.0,59354.42,3.36,0.0,0.0,0.0,7680.91,0.0,0.0,5452.02,42768.10,630.49,0.00,22191.36,251.97
CZ12/Mtl&0&cDXHP&Ex&dxHP_equip__pkgEER/NE-dxHP_equip-spltSEER-17.3-SEER2-9.7-HSPF/instance-out.sql,188591.53,6034.679999999999,41789.34,51285.47,0.0,22443.33,0.0,59354.42,3.36,0.0,0.0,0.0,7680.91,0.0,0.0,5404.19,41789.34,630.49,0.00,22191.36,251.97
CZ12/Nrs&0&cDXHP&Ex&dxHP_equip__pkgEER/NE-dxAC_equip-pkgEER-14.2-IEER-TE-0.81/instance-out.sql,1070089.49,78692.12,160679.24,200868.06,0.0,347425.87,0.0,171292.23,37.36,0.0,0.0,0.0,111094.61,0.0,0.0,0.00,160679.24,78692.12,0.00,281574.59,65851.28
CZ12/Nrs&0&cDXHP&Ex&dxHP_equip__pkgEER/NE-dxAC_equip-pkgEER-13.2-IEER-TE-0.81/instance-out.sql,1073273.1800000002,78692.12,163862.92,200868.06,0.0,347425.87,0.0,171292.23,37.36,0.0,0.0,0.0,111094.61,0.0,0.0,0.00,163862.92,78692.12,0.00,281574.59,65851.28
CZ12/Nrs&0&cDXHP&Ex&dxHP_equip__pkgEER/NE-dxAC_equip-pkgEER-14.8-IEER-TE-0.81/instance-out.sql,1067336.03,78692.12,157925.78,200868.06,0.0,347425.87,0.0,171292.23,37.36,0.0,0.0,0.0,111094.61,0.0,0.0,0.00,157925.78,78692.12,0.00,281574.59,65851.28
CZ12/Nrs&0&cDXHP&Ex&dxHP_equip__pkgEER/NE-dxAC_equip-pkgSEER-13.4-SEER2/instance-out.sql,1071739.67,78692.12,162329.42,200868.06,0.0,347425.87,0.0,171292.23,37.36,0.0,0.0,0.0,111094.61,0.0,0.0,0.00,162329.42,78692.12,0.00,281574.59,65851.28
CZ12/Nrs&0&cDXHP&Ex&dxHP_equip__pkgEER/NE-dxAC_equip-pkgEER-12.2-IEER-TE-0.80/instance-out.sql,1076402.06,78973.37,166710.55,200868.06,0.0,347425.87,0.0,171292.23,37.36,0.0,0.0,0.0,111094.61,0.0,0.0,0.00,166710.55,78973.37,0.00,281574.59,65851.28
CZ12/Nrs&0&cDXHP&Ex&dxHP_equip__pkgEER/NE-dxAC_equip-pkgEER-11.4-IEER-TE-0.80/instance-out.sql,1081835.8,78973.37,172144.3,200868.06,0.0,347425.87,0.0,171292.23,37.36,0.0,0.0,0.0,111094.61,0.0,0.0,0.00,172144.30,78973.37,0.00,281574.59,65851.28
CZ12/Nrs&0&cDXHP&Ex&dxHP_equip__pkgEER/NE-dxAC_equip-pkgEER-12.7-IEER-TE-0.80/instance-out.sql,1076613.96,78973.37,166922.45,200868.06,0.0,347425.87,0.0,171292.23,37.36,0.0,0.0,0.0,111094.61,0.0,0.0,0.00,166922.45,78973.37,0.00,281574.59,65851.28
CZ12/Nrs&0&cDXHP&Ex&dxHP_equip__pkgEER/NE-dxAC_equip-pkgSEER-12.35-SEER2/instance-out.sql,1075359.97,78973.37,165668.47,200868.06,0.0,347425.87,0.0,171292.23,37.36,0.0,0.0,0.0,111094.61,0.0,0.0,0.00,165668.47,78973.37,0.00,281574.59,65851.28
CZ12/Nrs&0&cDXHP&Ex&dxHP_equip__pkgEER/NE-dxHP_equip-pkgEER-14.5-IEER/instance-out.sql,1055263.56,63695.729999999996,160849.92,200868.06,0.0,347425.87,0.0,171307.71,37.39,0.0,0.0,0.0,111078.88,0.0,0.0,7010.24,160849.92,56685.49,0.00,281574.59,65851.28
CZ12/Nrs&0&cDXHP&Ex&dxHP_equip__pkgEER/NE-dxHP_equip-pkgEER-15.5-IEER/instance-out.sql,1052533.05,63695.729999999996,158119.42,200868.06,0.0,347425.87,0.0,171307.71,37.39,0.0,0.0,0.0,111078.88,0.0,0.0,7010.24,158119.42,56685.49,0.00,281574.59,65851.28
CZ12/Nrs&0&cDXHP&Ex&dxHP_equip__pkgEER/NE-dxHP_equip-pkgEER-13.5-IEER/instance-out.sql,1058032.23,63695.729999999996,163618.6,200868.06,0.0,347425.87,0.0,171307.71,37.39,0.0,0.0,0.0,111078.88,0.0,0.0,7010.24,163618.60,56685.49,0.00,281574.59,65851.28
CZ12/Nrs&0&cDXHP&Ex&dxHP_equip__pkgEER/NE-dxHP_equip-pkgEER-14-IEER/instance-out.sql,1055981.0999999999,63695.729999999996,161567.46,200868.06,0.0,347425.87,0.0,171307.71,37.39,0.0,0.0,0.0,111078.88,0.0,0.0,7010.24,161567.46,56685.49,0.00,281574.59,65851.28
CZ12/Nrs&0&cDXHP&Ex&dxHP_equip__pkgEER/NE-dxHP_equip-pkgEER-15-IEER/instance-out.sql,1052154.25,63316.92,158119.42,200868.06,0.0,347425.87,0.0,171307.71,37.39,0.0,0.0,0.0,111078.88,0.0,0.0,6631.43,158119.42,56685.49,0.00,281574.59,65851.28
CZ12/Nrs&0&cDXHP&Ex&dxHP_equip__pkgEER/NE-dxHP_equip-pkgEER-16-IEER/instance-out.sql,1048581.8699999999,63316.92,154547.04,200868.06,0.0,347425.87,0.0,171307.71,37.39,0.0,0.0,0.0,111078.88,0.0,0.0,6631.43,154547.04,56685.49,0.00,281574.59,65851.28
CZ12/Nrs&0&cDXHP&Ex&dxHP_equip__pkgEER/NE-dxHP_equip-pkgSEER-15.4-SEER2/instance-out.sql,1049128.99,62817.54,155593.54,200868.06,0.0,347425.87,0.0,171307.71,37.39,0.0,0.0,0.0,111078.88,0.0,0.0,6132.05,155593.54,56685.49,0.00,281574.59,65851.28
CZ12/Nrs&0&cDXHP&Ex&dxHP_equip__pkgEER/NE-dxHP_equip-pkgSEER-16.3-SEER2/instance-out.sql,1046659.4400000001,62691.42,153250.12,200868.06,0.0,347425.87,0.0,171307.71,37.39,0.0,0.0,0.0,111078.88,0.0,0.0,6005.93,153250.12,56685.49,0.00,281574.59,65851.28
CZ12/Nrs&0&cDXHP&Ex&dxHP_equip__pkgEER/NE-dxHP_equip-pkgSEER-14.4-SEER2-1Stage/instance-out.sql,1051593.42,62919.71,157955.8,200868.06,0.0,347425.87,0.0,171307.71,37.39,0.0,0.0,0.0,111078.88,0.0,0.0,6234.22,157955.80,56685.49,0.00,281574.59,65851.28
CZ12/Nrs&0&cDXHP&Ex&dxHP_equip__pkgEER/NE-dxHP_equip-pkgSEER-14.4-SEER2-2Stage/instance-out.sql,1010514.38,61605.77,152406.58,200868.06,0.0,347425.87,0.0,137193.75,38.65,0.0,0.0,0.0,110975.7,0.0,0.0,3598.21,152406.58,58007.56,0.00,281574.59,65851.28
CZ12/Nrs&0&cDXHP&Ex&dxHP_equip__pkgEER/NE-dxHP_equip-spltSEER-14.4-SEER2-8.7-HSPF/instance-out.sql,1051434.49,62760.78,157955.8,200868.06,0.0,347425.87,0.0,171307.71,37.39,0.0,0.0,0.0,111078.88,0.0,0.0,6075.29,157955.80,56685.49,0.00,281574.59,65851.28
CZ12/Nrs&0&cDXHP&Ex&dxHP_equip__pkgEER/NE-dxHP_equip-spltSEER-15.4-SEER2-9-HSPF/instance-out.sql,1049002.8599999999,62691.42,155593.54,200868.06,0.0,347425.87,0.0,171307.71,37.39,0.0,0.0,0.0,111078.88,0.0,0.0,6005.93,155593.54,56685.49,0.00,281574.59,65851.28
CZ12/Nrs&0&cDXHP&Ex&dxHP_equip__pkgEER/NE-dxHP_equip-spltSEER-16.3-SEER2-9.4-HSPF/instance-out.sql,1046565.18,62597.149999999994,153250.12,200868.06,0.0,347425.87,0.0,171307.71,37.39,0.0,0.0,0.0,111078.88,0.0,0.0,5911.66,153250.12,56685.49,0.00,281574.59,65851.28
CZ12/Nrs&0&cDXHP&Ex&dxHP_equip__pkgEER/NE-dxHP_equip-spltSEER-17.3-SEER2-9.7-HSPF/instance-out.sql,1044729.8200000001,62544.729999999996,151467.18,200868.06,0.0,347425.87,0.0,171307.71,37.39,0.0,0.0,0.0,111078.88,0.0,0.0,5859.24,151467.18,56685.49,0.00,281574.59,65851.28
CZ12/OfL&0&cDXHP&Ex&dxHP_equip__pkgEER/NE-dxAC_equip-pkgEER-14.2-IEER-TE-0.81/instance-out.sql,2981284.3000000003,71556.66,608751.35,462712.61,0.0,829334.66,0.0,891584.55,3656.45,0.0,0.0,0.0,113688.02,0.0,0.0,0.00,608751.35,71556.66,0.00,829334.66,0.00
CZ12/OfL&0&cDXHP&Ex&dxHP_equip__pkgEER/NE-dxAC_equip-pkgEER-13.2-IEER-TE-0.81/instance-out.sql,3002956.8600000003,71556.66,630423.91,462712.61,0.0,829334.66,0.0,891584.55,3656.45,0.0,0.0,0.0,113688.02,0.0,0.0,0.00,630423.91,71556.66,0.00,829334.66,0.00
CZ12/OfL&0&cDXHP&Ex&dxHP_equip__pkgEER/NE-dxAC_equip-pkgEER-14.8-IEER-TE-0.81/instance-out.sql,2962540.47,71556.66,590007.52,462712.61,0.0,829334.66,0.0,891584.55,3656.45,0.0,0.0,0.0,113688.02,0.0,0.0,0.00,590007.52,71556.66,0.00,829334.66,0.00
CZ12/OfL&0&cDXHP&Ex&dxHP_equip__pkgEER/NE-dxAC_equip-pkgSEER-13.4-SEER2/instance-out.sql,2992517.72,71556.66,619984.77,462712.61,0.0,829334.66,0.0,891584.55,3656.45,0.0,0.0,0.0,113688.02,0.0,0.0,0.00,619984.77,71556.66,0.00,829334.66,0.00
CZ12/OfL&0&cDXHP&Ex&dxHP_equip__pkgEER/NE-dxAC_equip-pkgEER-12.2-IEER-TE-0.80/instance-out.sql,3022863.87,72078.78,649808.81,462712.61,0.0,829334.66,0.0,891584.55,3656.45,0.0,0.0,0.0,113688.02,0.0,0.0,0.00,649808.81,72078.78,0.00,829334.66,0.00
CZ12/OfL&0&cDXHP&Ex&dxHP_equip__pkgEER/NE-dxAC_equip-pkgEER-11.4-IEER-TE-0.80/instance-out.sql,3059853.41,72078.78,686798.35,462712.61,0.0,829334.66,0.0,891584.55,3656.45,0.0,0.0,0.0,113688.02,0.0,0.0,0.00,686798.35,72078.78,0.00,829334.66,0.00
CZ12/OfL&0&cDXHP&Ex&dxHP_equip__pkgEER/NE-dxAC_equip-pkgEER-12.7-IEER-TE-0.80/instance-out.sql,3024306.35,72078.78,651251.29,462712.61,0.0,829334.66,0.0,891584.55,3656.45,0.0,0.0,0.0,113688.02,0.0,0.0,0.00,651251.29,72078.78,0.00,829334.66,0.00
CZ12/OfL&0&cDXHP&Ex&dxHP_equip__pkgEER/NE-dxAC_equip-pkgSEER-12.35-SEER2/instance-out.sql,3015769.98,72078.78,642714.92,462712.61,0.0,829334.66,0.0,891584.55,3656.45,0.0,0.0,0.0,113688.02,0.0,0.0,0.00,642714.92,72078.78,0.00,829334.66,0.00
CZ12/OfL&0&cDXHP&Ex&dxHP_equip__pkgEER/NE-dxHP_equip-pkgEER-14.5-IEER/instance-out.sql,2963051.8800000004,43627.92,619008.96,462712.61,0.0,829334.66,0.0,891020.29,3656.53,0.0,0.0,0.0,113690.91,0.0,0.0,13834.63,619008.96,29793.29,0.00,829334.66,0.00
CZ12/OfL&0&cDXHP&Ex&dxHP_equip__pkgEER/NE-dxHP_equip-pkgEER-15.5-IEER/instance-out.sql,2944082.9400000004,43627.92,600040.01,462712.61,0.0,829334.66,0.0,891020.29,3656.53,0.0,0.0,0.0,113690.91,0.0,0.0,13834.63,600040.01,29793.29,0.00,829334.66,0.00
CZ12/OfL&0&cDXHP&Ex&dxHP_equip__pkgEER/NE-dxHP_equip-pkgEER-13.5-IEER/instance-out.sql,2982286.02,43627.92,638243.09,462712.61,0.0,829334.66,0.0,891020.29,3656.53,0.0,0.0,0.0,113690.91,0.0,0.0,13834.63,638243.09,29793.29,0.00,829334.66,0.00
CZ12/OfL&0&cDXHP&Ex&dxHP_equip__pkgEER/NE-dxHP_equip-pkgEER-14-IEER/instance-out.sql,2968036.6900000004,43627.92,623993.76,462712.61,0.0,829334.66,0.0,891020.29,3656.53,0.0,0.0,0.0,113690.91,0.0,0.0,13834.63,623993.76,29793.29,0.00,829334.66,0.00
CZ12/OfL&0&cDXHP&Ex&dxHP_equip__pkgEER/NE-dxHP_equip-pkgEER-15-IEER/instance-out.sql,2943354.0900000003,42899.07,600040.01,462712.61,0.0,829334.66,0.0,891020.29,3656.53,0.0,0.0,0.0,113690.91,0.0,0.0,13105.78,600040.01,29793.29,0.00,829334.66,0.00
CZ12/OfL&0&cDXHP&Ex&dxHP_equip__pkgEER/NE-dxHP_equip-pkgEER-16-IEER/instance-out.sql,2918536.5700000003,42899.07,575222.49,462712.61,0.0,829334.66,0.0,891020.29,3656.53,0.0,0.0,0.0,113690.91,0.0,0.0,13105.78,575222.49,29793.29,0.00,829334.66,0.00
CZ12/OfL&0&cDXHP&Ex&dxHP_equip__pkgEER/NE-dxHP_equip-pkgSEER-15.4-SEER2/instance-out.sql,2924845.8600000003,41938.23,582492.63,462712.61,0.0,829334.66,0.0,891020.29,3656.53,0.0,0.0,0.0,113690.91,0.0,0.0,12144.94,582492.63,29793.29,0.00,829334.66,0.00
CZ12/OfL&0&cDXHP&Ex&dxHP_equip__pkgEER/NE-dxHP_equip-pkgSEER-16.3-SEER2/instance-out.sql,2908323.33,41695.55,566212.77,462712.61,0.0,829334.66,0.0,891020.29,3656.53,0.0,0.0,0.0,113690.91,0.0,0.0,11902.26,566212.77,29793.29,0.00,829334.66,0.00
CZ12/OfL&0&cDXHP&Ex&dxHP_equip__pkgEER/NE-dxHP_equip-pkgSEER-14.4-SEER2-1Stage/instance-out.sql,2941453.18,42134.8,598903.37,462712.61,0.0,829334.66,0.0,891020.29,3656.53,0.0,0.0,0.0,113690.91,0.0,0.0,12341.51,598903.37,29793.29,0.00,829334.66,0.00
CZ12/OfL&0&cDXHP&Ex&dxHP_equip__pkgEER/NE-dxHP_equip-pkgSEER-14.4-SEER2-2Stage/instance-out.sql,2662719.17,40785.71,563488.34,462712.61,0.0,829334.66,0.0,649403.63,3655.99,0.0,0.0,0.0,113338.22,0.0,0.0,10957.02,563488.34,29828.69,0.00,829334.66,0.00
CZ12/OfL&0&cDXHP&Ex&dxHP_equip__pkgEER/NE-dxHP_equip-spltSEER-14.4-SEER2-8.7-HSPF/instance-out.sql,2941147.39,41829.01,598903.37,462712.61,0.0,829334.66,0.0,891020.29,3656.53,0.0,0.0,0.0,113690.91,0.0,0.0,12035.72,598903.37,29793.29,0.00,829334.66,0.00
CZ12/OfL&0&cDXHP&Ex&dxHP_equip__pkgEER/NE-dxHP_equip-spltSEER-15.4-SEER2-9-HSPF/instance-out.sql,2924603.18,41695.55,582492.63,462712.61,0.0,829334.66,0.0,891020.29,3656.53,0.0,0.0,0.0,113690.91,0.0,0.0,11902.26,582492.63,29793.29,0.00,829334.66,0.00
CZ12/OfL&0&cDXHP&Ex&dxHP_equip__pkgEER/NE-dxHP_equip-spltSEER-16.3-SEER2-9.4-HSPF/instance-out.sql,2908141.97,41514.19,566212.77,462712.61,0.0,829334.66,0.0,891020.29,3656.53,0.0,0.0,0.0,113690.91,0.0,0.0,11720.90,566212.77,29793.29,0.00,829334.66,0.00
CZ12/OfL&0&cDXHP&Ex&dxHP_equip__pkgEER/NE-dxHP_equip-spltSEER-17.3-SEER2-9.7-HSPF/instance-out.sql,2895654.93,41413.31,553826.61,462712.61,0.0,829334.66,0.0,891020.29,3656.53,0.0,0.0,0.0,113690.91,0.0,0.0,11620.02,553826.61,29793.29,0.00,829334.66,0.00
CZ12/OfL&0&cDXHP&Ex&dxHP_equip__pkgEER/NE-dxAC_equip-pkgEER-14.2-IEER-TE-0.81-VarFan/instance-out.sql,2980997.93,71614.54,608725.76,462712.61,0.0,829334.66,0.0,891261.49,3655.57,0.0,0.0,0.0,113693.29,0.0,0.0,0.00,608725.76,71614.54,0.00,829334.66,0.00
CZ12/OfL&0&cDXHP&Ex&dxHP_equip__pkgEER/NE-dxAC_equip-pkgEER-13.2-IEER-TE-0.81-VarFan/instance-out.sql,3002669.24,71614.54,630397.08,462712.61,0.0,829334.66,0.0,891261.49,3655.57,0.0,0.0,0.0,113693.29,0.0,0.0,0.00,630397.08,71614.54,0.00,829334.66,0.00
CZ12/OfL&0&cDXHP&Ex&dxHP_equip__pkgEER/NE-dxAC_equip-pkgEER-14.8-IEER-TE-0.81-VarFan/instance-out.sql,2962255.17,71614.54,589983.0,462712.61,0.0,829334.66,0.0,891261.49,3655.57,0.0,0.0,0.0,113693.29,0.0,0.0,0.00,589983.00,71614.54,0.00,829334.66,0.00
CZ12/OfL&0&cDXHP&Ex&dxHP_equip__pkgEER/NE-dxAC_equip-pkgSEER-13.4-SEER2-VarFan/instance-out.sql,2992230.7,71614.54,619958.54,462712.61,0.0,829334.66,0.0,891261.49,3655.57,0.0,0.0,0.0,113693.29,0.0,0.0,0.00,619958.54,71614.54,0.00,829334.66,0.00
CZ12/OfS&0&cDXHP&Ex&dxHP_equip__pkgEER/NE-dxAC_equip-pkgEER-14.2-IEER-TE-0.81/instance-out.sql,177644.88,7091.23,35495.39,23737.13,0.0,29387.4,0.0,60763.64,1.13,0.0,0.0,0.0,21168.95,0.0,0.0,0.00,35495.39,7091.23,0.00,29387.40,0.00
CZ12/OfS&0&cDXHP&Ex&dxHP_equip__pkgEER/NE-dxAC_equip-pkgEER-13.2-IEER-TE-0.81/instance-out.sql,179248.63,7091.23,37099.15,23737.13,0.0,29387.4,0.0,60763.64,1.13,0.0,0.0,0.0,21168.95,0.0,0.0,0.00,37099.15,7091.23,0.00,29387.40,0.00
CZ12/OfS&0&cDXHP&Ex&dxHP_equip__pkgEER/NE-dxAC_equip-pkgEER-14.8-IEER-TE-0.81/instance-out.sql,176257.85,7091.23,34108.36,23737.13,0.0,29387.4,0.0,60763.64,1.13,0.0,0.0,0.0,21168.95,0.0,0.0,0.00,34108.36,7091.23,0.00,29387.40,0.00
CZ12/OfS&0&cDXHP&Ex&dxHP_equip__pkgEER/NE-dxAC_equip-pkgSEER-13.4-SEER2/instance-out.sql,178476.15,7091.23,36326.66,23737.13,0.0,29387.4,0.0,60763.64,1.13,0.0,0.0,0.0,21168.95,0.0,0.0,0.00,36326.66,7091.23,0.00,29387.40,0.00
CZ12/OfS&0&cDXHP&Ex&dxHP_equip__pkgEER/NE-dxAC_equip-pkgEER-12.2-IEER-TE-0.80/instance-out.sql,180771.74000000002,7179.87,38533.61,23737.13,0.0,29387.4,0.0,60763.64,1.13,0.0,0.0,0.0,21168.95,0.0,0.0,0.00,38533.61,7179.87,0.00,29387.40,0.00
CZ12/OfS&0&cDXHP&Ex&dxHP_equip__pkgEER/NE-dxAC_equip-pkgEER-11.4-IEER-TE-0.80/instance-out.sql,183508.94,7179.87,41270.81,23737.13,0.0,29387.4,0.0,60763.64,1.13,0.0,0.0,0.0,21168.95,0.0,0.0,0.00,41270.81,7179.87,0.00,29387.40,0.00
CZ12/OfS&0&cDXHP&Ex&dxHP_equip__pkgEER/NE-dxAC_equip-pkgEER-12.7-IEER-TE-0.80/instance-out.sql,180878.48,7179.87,38640.36,23737.13,0.0,29387.4,0.0,60763.64,1.13,0.0,0.0,0.0,21168.95,0.0,0.0,0.00,38640.36,7179.87,0.00,29387.40,0.00
CZ12/OfS&0&cDXHP&Ex&dxHP_equip__pkgEER/NE-dxAC_equip-pkgSEER-12.35-SEER2/instance-out.sql,180246.80000000002,7179.87,38008.67,23737.13,0.0,29387.4,0.0,60763.64,1.13,0.0,0.0,0.0,21168.95,0.0,0.0,0.00,38008.67,7179.87,0.00,29387.40,0.00
CZ12/OfS&0&cDXHP&Ex&dxHP_equip__pkgEER/NE-dxHP_equip-pkgEER-14.5-IEER/instance-out.sql,173046.77000000002,2414.31,35628.99,23737.13,0.0,29387.4,0.0,60708.86,1.13,0.0,0.0,0.0,21168.95,0.0,0.0,2414.31,35628.99,0.00,0.00,29387.40,0.00
CZ12/OfS&0&cDXHP&Ex&dxHP_equip__pkgEER/NE-dxHP_equip-pkgEER-15.5-IEER/instance-out.sql,171659.76,2414.31,34241.97,23737.13,0.0,29387.4,0.0,60708.86,1.13,0.0,0.0,0.0,21168.95,0.0,0.0,2414.31,34241.97,0.00,0.00,29387.40,0.00
CZ12/OfS&0&cDXHP&Ex&dxHP_equip__pkgEER/NE-dxHP_equip-pkgEER-13.5-IEER/instance-out.sql,174453.18000000002,2414.31,37035.39,23737.13,0.0,29387.4,0.0,60708.86,1.13,0.0,0.0,0.0,21168.95,0.0,0.0,2414.31,37035.39,0.00,0.00,29387.40,0.00
CZ12/OfS&0&cDXHP&Ex&dxHP_equip__pkgEER/NE-dxHP_equip-pkgEER-14-IEER/instance-out.sql,173411.26,2414.31,35993.48,23737.13,0.0,29387.4,0.0,60708.86,1.13,0.0,0.0,0.0,21168.95,0.0,0.0,2414.31,35993.48,0.00,0.00,29387.40,0.00
CZ12/OfS&0&cDXHP&Ex&dxHP_equip__pkgEER/NE-dxHP_equip-pkgEER-15-IEER/instance-out.sql,171538.7,2293.26,34241.97,23737.13,0.0,29387.4,0.0,60708.86,1.13,0.0,0.0,0.0,21168.95,0.0,0.0,2293.26,34241.97,0.00,0.00,29387.40,0.00
CZ12/OfS&0&cDXHP&Ex&dxHP_equip__pkgEER/NE-dxHP_equip-pkgEER-16-IEER/instance-out.sql,169724.03,2293.26,32427.3,23737.13,0.0,29387.4,0.0,60708.86,1.13,0.0,0.0,0.0,21168.95,0.0,0.0,2293.26,32427.30,0.00,0.00,29387.40,0.00
CZ12/OfS&0&cDXHP&Ex&dxHP_equip__pkgEER/NE-dxHP_equip-pkgSEER-15.4-SEER2/instance-out.sql,170096.04,2133.67,32958.9,23737.13,0.0,29387.4,0.0,60708.86,1.13,0.0,0.0,0.0,21168.95,0.0,0.0,2133.67,32958.90,0.00,0.00,29387.40,0.00
CZ12/OfS&0&cDXHP&Ex&dxHP_equip__pkgEER/NE-dxHP_equip-pkgSEER-16.3-SEER2/instance-out.sql,168865.35,2093.37,31768.51,23737.13,0.0,29387.4,0.0,60708.86,1.13,0.0,0.0,0.0,21168.95,0.0,0.0,2093.37,31768.51,0.00,0.00,29387.40,0.00
CZ12/OfS&0&cDXHP&Ex&dxHP_equip__pkgEER/NE-dxHP_equip-pkgSEER-14.4-SEER2-1Stage/instance-out.sql,171328.65000000002,2166.32,34158.86,23737.13,0.0,29387.4,0.0,60708.86,1.13,0.0,0.0,0.0,21168.95,0.0,0.0,2166.32,34158.86,0.00,0.00,29387.40,0.00
CZ12/OfS&0&cDXHP&Ex&dxHP_equip__pkgEER/NE-dxHP_equip-pkgSEER-14.4-SEER2-2Stage/instance-out.sql,151406.1,1747.24,32003.58,23737.13,0.0,29387.4,0.0,43360.66,1.13,0.0,0.0,0.0,21168.96,0.0,0.0,1747.24,32003.58,0.00,0.00,29387.40,0.00
CZ12/OfS&0&cDXHP&Ex&dxHP_equip__pkgEER/NE-dxHP_equip-spltSEER-14.4-SEER2-8.7-HSPF/instance-out.sql,171277.86000000002,2115.53,34158.86,23737.13,0.0,29387.4,0.0,60708.86,1.13,0.0,0.0,0.0,21168.95,0.0,0.0,2115.53,34158.86,0.00,0.00,29387.40,0.00
CZ12/OfS&0&cDXHP&Ex&dxHP_equip__pkgEER/NE-dxHP_equip-spltSEER-15.4-SEER2-9-HSPF/instance-out.sql,170055.74000000002,2093.37,32958.9,23737.13,0.0,29387.4,0.0,60708.86,1.13,0.0,0.0,0.0,21168.95,0.0,0.0,2093.37,32958.90,0.00,0.00,29387.40,0.00
CZ12/OfS&0&cDXHP&Ex&dxHP_equip__pkgEER/NE-dxHP_equip-spltSEER-16.3-SEER2-9.4-HSPF/instance-out.sql,168835.23,2063.24,31768.51,23737.13,0.0,29387.4,0.0,60708.86,1.13,0.0,0.0,0.0,21168.95,0.0,0.0,2063.24,31768.51,0.00,0.00,29387.40,0.00
CZ12/OfS&0&cDXHP&Ex&dxHP_equip__pkgEER/NE-dxHP_equip-spltSEER-17.3-SEER2-9.7-HSPF/instance-out.sql,167912.79,2046.49,30862.83,23737.13,0.0,29387.4,0.0,60708.86,1.13,0.0,0.0,0.0,21168.95,0.0,0.0,2046.49,30862.83,0.00,0.00,29387.40,0.00
CZ12/OfS&0&cDXHP&Ex&dxHP_equip__pkgEER/NE-dxAC_equip-pkgEER-14.2-IEER-TE-0.81-VarFan/instance-out.sql,177624.11000000002,7094.24,35493.45,23737.13,0.0,29387.4,0.0,60741.81,1.13,0.0,0.0,0.0,21168.95,0.0,0.0,0.00,35493.45,7094.24,0.00,29387.40,0.00
CZ12/OfS&0&cDXHP&Ex&dxHP_equip__pkgEER/NE-dxAC_equip-pkgEER-13.2-IEER-TE-0.81-VarFan/instance-out.sql,179227.78,7094.24,37097.11,23737.13,0.0,29387.4,0.0,60741.81,1.13,0.0,0.0,0.0,21168.95,0.0,0.0,0.00,37097.11,7094.24,0.00,29387.40,0.00
CZ12/OfS&0&cDXHP&Ex&dxHP_equip__pkgEER/NE-dxAC_equip-pkgEER-14.8-IEER-TE-0.81-VarFan/instance-out.sql,176237.16,7094.24,34106.5,23737.13,0.0,29387.4,0.0,60741.81,1.13,0.0,0.0,0.0,21168.95,0.0,0.0,0.00,34106.50,7094.24,0.00,29387.40,0.00
CZ12/OfS&0&cDXHP&Ex&dxHP_equip__pkgEER/NE-dxAC_equip-pkgSEER-13.4-SEER2-VarFan/instance-out.sql,178455.33000000002,7094.24,36324.67,23737.13,0.0,29387.4,0.0,60741.81,1.13,0.0,0.0,0.0,21168.95,0.0,0.0,0.00,36324.67,7094.24,0.00,29387.40,0.00
CZ12/RFF&0&cDXHP&Ex&dxHP_equip__pkgEER/NE-dxAC_equip-pkgEER-14.2-IEER-TE-0.81/instance-out.sql,119732.84,4476.94,16754.99,13247.63,0.0,37903.17,0.0,22715.32,3.37,0.0,0.0,0.0,24631.41,0.0,0.0,0.00,16754.99,4476.94,0.00,18423.46,19479.71
CZ12/RFF&0&cDXHP&Ex&dxHP_equip__pkgEER/NE-dxAC_equip-pkgEER-13.2-IEER-TE-0.81/instance-out.sql,120184.04000000001,4476.94,17206.19,13247.63,0.0,37903.17,0.0,22715.32,3.37,0.0,0.0,0.0,24631.41,0.0,0.0,0.00,17206.19,4476.94,0.00,18423.46,19479.71
CZ12/RFF&0&cDXHP&Ex&dxHP_equip__pkgEER/NE-dxAC_equip-pkgEER-14.8-IEER-TE-0.81/instance-out.sql,119342.60999999999,4476.94,16364.76,13247.63,0.0,37903.17,0.0,22715.32,3.37,0.0,0.0,0.0,24631.41,0.0,0.0,0.00,16364.76,4476.94,0.00,18423.46,19479.71
CZ12/RFF&0&cDXHP&Ex&dxHP_equip__pkgEER/NE-dxAC_equip-pkgSEER-13.4-SEER2/instance-out.sql,119966.70999999999,4476.94,16988.86,13247.63,0.0,37903.17,0.0,22715.32,3.37,0.0,0.0,0.0,24631.41,0.0,0.0,0.00,16988.86,4476.94,0.00,18423.46,19479.71
CZ12/RFF&0&cDXHP&Ex&dxHP_equip__pkgEER/NE-dxAC_equip-pkgEER-12.2-IEER-TE-0.80/instance-out.sql,120643.02,4532.35,17609.77,13247.63,0.0,37903.17,0.0,22715.32,3.37,0.0,0.0,0.0,24631.41,0.0,0.0,0.00,17609.77,4532.35,0.00,18423.46,19479.71
CZ12/RFF&0&cDXHP&Ex&dxHP_equip__pkgEER/NE-dxAC_equip-pkgEER-11.4-IEER-TE-0.80/instance-out.sql,121413.11,4532.35,18379.85,13247.63,0.0,37903.17,0.0,22715.32,3.37,0.0,0.0,0.0,24631.41,0.0,0.0,0.00,18379.85,4532.35,0.00,18423.46,19479.71
CZ12/RFF&0&cDXHP&Ex&dxHP_equip__pkgEER/NE-dxAC_equip-pkgEER-12.7-IEER-TE-0.80/instance-out.sql,120673.05,4532.35,17639.8,13247.63,0.0,37903.17,0.0,22715.32,3.37,0.0,0.0,0.0,24631.41,0.0,0.0,0.00,17639.80,4532.35,0.00,18423.46,19479.71
CZ12/RFF&0&cDXHP&Ex&dxHP_equip__pkgEER/NE-dxAC_equip-pkgSEER-12.35-SEER2/instance-out.sql,120495.33,4532.35,17462.08,13247.63,0.0,37903.17,0.0,22715.32,3.37,0.0,0.0,0.0,24631.41,0.0,0.0,0.00,17462.08,4532.35,0.00,18423.46,19479.71
CZ12/RFF&0&cDXHP&Ex&dxHP_equip__pkgEER/NE-dxHP_equip-pkgEER-14.5-IEER/instance-out.sql,116735.46,1448.52,16786.31,13247.63,0.0,37903.17,0.0,22715.03,3.37,0.0,0.0,0.0,24631.41,0.0,0.0,1404.10,16786.31,44.42,0.00,18423.46,19479.71
CZ12/RFF&0&cDXHP&Ex&dxHP_equip__pkgEER/NE-dxHP_equip-pkgEER-15.5-IEER/instance-out.sql,116345.15000000001,1448.52,16396.0,13247.63,0.0,37903.17,0.0,22715.03,3.37,0.0,0.0,0.0,24631.41,0.0,0.0,1404.10,16396.00,44.42,0.00,18423.46,19479.71
CZ12/RFF&0&cDXHP&Ex&dxHP_equip__pkgEER/NE-dxHP_equip-pkgEER-13.5-IEER/instance-out.sql,117131.22,1448.52,17182.08,13247.63,0.0,37903.17,0.0,22715.03,3.37,0.0,0.0,0.0,24631.41,0.0,0.0,1404.10,17182.08,44.42,0.00,18423.46,19479.71
CZ12/RFF&0&cDXHP&Ex&dxHP_equip__pkgEER/NE-dxHP_equip-pkgEER-14-IEER/instance-out.sql,116838.03,1448.52,16888.88,13247.63,0.0,37903.17,0.0,22715.03,3.37,0.0,0.0,0.0,24631.41,0.0,0.0,1404.10,16888.88,44.42,0.00,18423.46,19479.71
CZ12/RFF&0&cDXHP&Ex&dxHP_equip__pkgEER/NE-dxHP_equip-pkgEER-15-IEER/instance-out.sql,116270.0,1373.3700000000001,16396.0,13247.63,0.0,37903.17,0.0,22715.03,3.37,0.0,0.0,0.0,24631.41,0.0,0.0,1328.95,16396.00,44.42,0.00,18423.46,19479.71
CZ12/RFF&0&cDXHP&Ex&dxHP_equip__pkgEER/NE-dxHP_equip-pkgEER-16-IEER/instance-out.sql,115759.35,1373.3700000000001,15885.35,13247.63,0.0,37903.17,0.0,22715.03,3.37,0.0,0.0,0.0,24631.41,0.0,0.0,1328.95,15885.35,44.42,0.00,18423.46,19479.71
CZ12/RFF&0&cDXHP&Ex&dxHP_equip__pkgEER/NE-dxHP_equip-pkgSEER-15.4-SEER2/instance-out.sql,115809.86,1274.29,16034.94,13247.63,0.0,37903.17,0.0,22715.03,3.37,0.0,0.0,0.0,24631.41,0.0,0.0,1229.87,16034.94,44.42,0.00,18423.46,19479.71
CZ12/RFF&0&cDXHP&Ex&dxHP_equip__pkgEER/NE-dxHP_equip-pkgSEER-16.3-SEER2/instance-out.sql,115449.86,1249.27,15699.97,13247.63,0.0,37903.17,0.0,22715.03,3.37,0.0,0.0,0.0,24631.41,0.0,0.0,1204.85,15699.97,44.42,0.00,18423.46,19479.71
CZ12/RFF&0&cDXHP&Ex&dxHP_equip__pkgEER/NE-dxHP_equip-pkgSEER-14.4-SEER2-1Stage/instance-out.sql,116167.8,1294.5600000000002,16372.61,13247.63,0.0,37903.17,0.0,22715.03,3.37,0.0,0.0,0.0,24631.41,0.0,0.0,1250.14,16372.61,44.42,0.00,18423.46,19479.71
CZ12/RFF&0&cDXHP&Ex&dxHP_equip__pkgEER/NE-dxHP_equip-pkgSEER-14.4-SEER2-2Stage/instance-out.sql,110492.62000000001,899.6899999999999,15753.68,13247.63,0.0,37903.17,0.0,18053.65,3.37,0.0,0.0,0.0,24631.43,0.0,0.0,853.67,15753.68,46.02,0.00,18423.46,19479.71
CZ12/RFF&0&cDXHP&Ex&dxHP_equip__pkgEER/NE-dxHP_equip-spltSEER-14.4-SEER2-8.7-HSPF/instance-out.sql,116136.27,1263.03,16372.61,13247.63,0.0,37903.17,0.0,22715.03,3.37,0.0,0.0,0.0,24631.41,0.0,0.0,1218.61,16372.61,44.42,0.00,18423.46,19479.71
CZ12/RFF&0&cDXHP&Ex&dxHP_equip__pkgEER/NE-dxHP_equip-spltSEER-15.4-SEER2-9-HSPF/instance-out.sql,115784.84,1249.27,16034.94,13247.63,0.0,37903.17,0.0,22715.03,3.37,0.0,0.0,0.0,24631.41,0.0,0.0,1204.85,16034.94,44.42,0.00,18423.46,19479.71
CZ12/RFF&0&cDXHP&Ex&dxHP_equip__pkgEER/NE-dxHP_equip-spltSEER-16.3-SEER2-9.4-HSPF/instance-out.sql,115431.16,1230.5700000000002,15699.97,13247.63,0.0,37903.17,0.0,22715.03,3.37,0.0,0.0,0.0,24631.41,0.0,0.0,1186.15,15699.97,44.42,0.00,18423.46,19479.71
CZ12/RFF&0&cDXHP&Ex&dxHP_equip__pkgEER/NE-dxHP_equip-spltSEER-17.3-SEER2-9.7-HSPF/instance-out.sql,115165.90000000001,1220.17,15445.11,13247.63,0.0,37903.17,0.0,22715.03,3.37,0.0,0.0,0.0,24631.41,0.0,0.0,1175.75,15445.11,44.42,0.00,18423.46,19479.71
CZ12/RSD&0&cDXHP&Ex&dxHP_equip__pkgEER/NE-dxAC_equip-pkgEER-14.2-IEER-TE-0.81/instance-out.sql,280582.20999999996,37624.55,35753.7,36047.32,0.0,76546.73,0.0,32067.4,25.82,0.0,0.0,0.0,62516.68,0.0,0.0,0.00,35753.70,37624.55,0.00,37475.60,39071.13
CZ12/RSD&0&cDXHP&Ex&dxHP_equip__pkgEER/NE-dxAC_equip-pkgEER-13.2-IEER-TE-0.81/instance-out.sql,280798.8,37624.55,35970.29,36047.32,0.0,76546.73,0.0,32067.4,25.82,0.0,0.0,0.0,62516.68,0.0,0.0,0.00,35970.29,37624.55,0.00,37475.60,39071.13
CZ12/RSD&0&cDXHP&Ex&dxHP_equip__pkgEER/NE-dxAC_equip-pkgEER-14.8-IEER-TE-0.81/instance-out.sql,280394.88,37624.55,35566.38,36047.32,0.0,76546.73,0.0,32067.4,25.82,0.0,0.0,0.0,62516.68,0.0,0.0,0.00,35566.38,37624.55,0.00,37475.60,39071.13
CZ12/RSD&0&cDXHP&Ex&dxHP_equip__pkgEER/NE-dxAC_equip-pkgSEER-13.4-SEER2/instance-out.sql,280694.47,37624.55,35865.96,36047.32,0.0,76546.73,0.0,32067.4,25.82,0.0,0.0,0.0,62516.68,0.0,0.0,0.00,35865.96,37624.55,0.00,37475.60,39071.13
CZ12/RSD&0&cDXHP&Ex&dxHP_equip__pkgEER/NE-dxAC_equip-pkgEER-12.2-IEER-TE-0.80/instance-out.sql,281021.4,37653.43,36164.02,36047.32,0.0,76546.73,0.0,32067.4,25.82,0.0,0.0,0.0,62516.68,0.0,0.0,0.00,36164.02,37653.43,0.00,37475.60,39071.13
CZ12/RSD&0&cDXHP&Ex&dxHP_equip__pkgEER/NE-dxAC_equip-pkgEER-11.4-IEER-TE-0.80/instance-out.sql,281391.06999999995,37653.43,36533.68,36047.32,0.0,76546.73,0.0,32067.4,25.82,0.0,0.0,0.0,62516.68,0.0,0.0,0.00,36533.68,37653.43,0.00,37475.60,39071.13
CZ12/RSD&0&cDXHP&Ex&dxHP_equip__pkgEER/NE-dxAC_equip-pkgEER-12.7-IEER-TE-0.80/instance-out.sql,281035.81999999995,37653.43,36178.43,36047.32,0.0,76546.73,0.0,32067.4,25.82,0.0,0.0,0.0,62516.68,0.0,0.0,0.00,36178.43,37653.43,0.00,37475.60,39071.13
CZ12/RSD&0&cDXHP&Ex&dxHP_equip__pkgEER/NE-dxAC_equip-pkgSEER-12.35-SEER2/instance-out.sql,280950.51,37653.43,36093.12,36047.32,0.0,76546.73,0.0,32067.4,25.82,0.0,0.0,0.0,62516.68,0.0,0.0,0.00,36093.12,37653.43,0.00,37475.60,39071.13
CZ12/RSD&0&cDXHP&Ex&dxHP_equip__pkgEER/NE-dxHP_equip-pkgEER-14.5-IEER/instance-out.sql,278969.35,36059.35,35704.56,36047.32,0.0,76546.73,0.0,32068.89,25.83,0.0,0.0,0.0,62516.68,0.0,0.0,742.26,35704.56,35317.09,0.00,37475.60,39071.13
CZ12/RSD&0&cDXHP&Ex&dxHP_equip__pkgEER/NE-dxHP_equip-pkgEER-15.5-IEER/instance-out.sql,278784.1,36059.35,35519.31,36047.32,0.0,76546.73,0.0,32068.89,25.83,0.0,0.0,0.0,62516.68,0.0,0.0,742.26,35519.31,35317.09,0.00,37475.60,39071.13
CZ12/RSD&0&cDXHP&Ex&dxHP_equip__pkgEER/NE-dxHP_equip-pkgEER-13.5-IEER/instance-out.sql,279157.19,36059.35,35892.4,36047.32,0.0,76546.73,0.0,32068.89,25.83,0.0,0.0,0.0,62516.68,0.0,0.0,742.26,35892.40,35317.09,0.00,37475.60,39071.13
CZ12/RSD&0&cDXHP&Ex&dxHP_equip__pkgEER/NE-dxHP_equip-pkgEER-14-IEER/instance-out.sql,279018.03,36059.35,35753.24,36047.32,0.0,76546.73,0.0,32068.89,25.83,0.0,0.0,0.0,62516.68,0.0,0.0,742.26,35753.24,35317.09,0.00,37475.60,39071.13
CZ12/RSD&0&cDXHP&Ex&dxHP_equip__pkgEER/NE-dxHP_equip-pkgEER-15-IEER/instance-out.sql,278744.95,36020.2,35519.31,36047.32,0.0,76546.73,0.0,32068.89,25.83,0.0,0.0,0.0,62516.68,0.0,0.0,703.11,35519.31,35317.09,0.00,37475.60,39071.13
CZ12/RSD&0&cDXHP&Ex&dxHP_equip__pkgEER/NE-dxHP_equip-pkgEER-16-IEER/instance-out.sql,278502.59,36020.2,35276.95,36047.32,0.0,76546.73,0.0,32068.89,25.83,0.0,0.0,0.0,62516.68,0.0,0.0,703.11,35276.95,35317.09,0.00,37475.60,39071.13
CZ12/RSD&0&cDXHP&Ex&dxHP_equip__pkgEER/NE-dxHP_equip-pkgSEER-15.4-SEER2/instance-out.sql,278521.98,35968.6,35347.95,36047.32,0.0,76546.73,0.0,32068.89,25.83,0.0,0.0,0.0,62516.68,0.0,0.0,651.51,35347.95,35317.09,0.00,37475.60,39071.13
CZ12/RSD&0&cDXHP&Ex&dxHP_equip__pkgEER/NE-dxHP_equip-pkgSEER-16.3-SEER2/instance-out.sql,278349.96,35955.56,35188.96,36047.32,0.0,76546.73,0.0,32068.89,25.83,0.0,0.0,0.0,62516.68,0.0,0.0,638.47,35188.96,35317.09,0.00,37475.60,39071.13
CZ12/RSD&0&cDXHP&Ex&dxHP_equip__pkgEER/NE-dxHP_equip-pkgSEER-14.4-SEER2-1Stage/instance-out.sql,278692.81000000006,35979.149999999994,35508.21,36047.32,0.0,76546.73,0.0,32068.89,25.83,0.0,0.0,0.0,62516.68,0.0,0.0,662.06,35508.21,35317.09,0.00,37475.60,39071.13
CZ12/RSD&0&cDXHP&Ex&dxHP_equip__pkgEER/NE-dxHP_equip-pkgSEER-14.4-SEER2-2Stage/instance-out.sql,275638.69,35731.16,35088.14,36047.32,0.0,76546.73,0.0,29682.89,25.82,0.0,0.0,0.0,62516.64,0.0,0.0,379.83,35088.14,35351.33,0.00,37475.60,39071.13
CZ12/RSD&0&cDXHP&Ex&dxHP_equip__pkgEER/NE-dxHP_equip-spltSEER-14.4-SEER2-8.7-HSPF/instance-out.sql,278676.38,35962.729999999996,35508.21,36047.32,0.0,76546.73,0.0,32068.89,25.83,0.0,0.0,0.0,62516.68,0.0,0.0,645.64,35508.21,35317.09,0.00,37475.60,39071.13
CZ12/RSD&0&cDXHP&Ex&dxHP_equip__pkgEER/NE-dxHP_equip-spltSEER-15.4-SEER2-9-HSPF/instance-out.sql,278508.95,35955.56,35347.95,36047.32,0.0,76546.73,0.0,32068.89,25.83,0.0,0.0,0.0,62516.68,0.0,0.0,638.47,35347.95,35317.09,0.00,37475.60,39071.13
CZ12/RSD&0&cDXHP&Ex&dxHP_equip__pkgEER/NE-dxHP_equip-spltSEER-16.3-SEER2-9.4-HSPF/instance-out.sql,278340.22,35945.82,35188.96,36047.32,0.0,76546.73,0.0,32068.89,25.83,0.0,0.0,0.0,62516.68,0.0,0.0,628.73,35188.96,35317.09,0.00,37475.60,39071.13
CZ12/RSD&0&cDXHP&Ex&dxHP_equip__pkgEER/NE-dxHP_equip-spltSEER-17.3-SEER2-9.7-HSPF/instance-out.sql,278213.84,35940.399999999994,35068.0,36047.32,0.0,76546.73,0.0,32068.89,25.83,0.0,0.0,0.0,62516.68,0.0,0.0,623.31,35068.00,35317.09,0.00,37475.60,39071.13
CZ12/Rt3&0&cDXHP&Ex&dxHP_equip__pkgEER/NE-dxAC_equip-pkgEER-14.2-IEER-TE-0.81/instance-out.sql,2371165.14,69388.78,378776.67,774348.97,0.0,436362.0,0.0,548612.22,3.38,0.0,0.0,0.0,163673.11,0.0,0.0,0.00,378776.67,69388.78,0.00,436362.00,0.00
CZ12/Rt3&0&cDXHP&Ex&dxHP_equip__pkgEER/NE-dxAC_equip-pkgEER-13.2-IEER-TE-0.81/instance-out.sql,2387996.27,69388.78,395607.81,774348.97,0.0,436362.0,0.0,548612.22,3.38,0.0,0.0,0.0,163673.11,0.0,0.0,0.00,395607.81,69388.78,0.00,436362.00,0.00
CZ12/Rt3&0&cDXHP&Ex&dxHP_equip__pkgEER/NE-dxAC_equip-pkgEER-14.8-IEER-TE-0.81/instance-out.sql,2356608.4899999998,69388.78,364220.02,774348.97,0.0,436362.0,0.0,548612.22,3.38,0.0,0.0,0.0,163673.11,0.0,0.0,0.00,364220.02,69388.78,0.00,436362.00,0.00
CZ12/Rt3&0&cDXHP&Ex&dxHP_equip__pkgEER/NE-dxAC_equip-pkgSEER-13.4-SEER2/instance-out.sql,2379889.13,69388.78,387500.66,774348.97,0.0,436362.0,0.0,548612.22,3.38,0.0,0.0,0.0,163673.11,0.0,0.0,0.00,387500.66,69388.78,0.00,436362.00,0.00
CZ12/Rt3&0&cDXHP&Ex&dxHP_equip__pkgEER/NE-dxAC_equip-pkgEER-12.2-IEER-TE-0.80/instance-out.sql,2403883.29,70221.28,410662.32,774348.97,0.0,436362.0,0.0,548612.22,3.38,0.0,0.0,0.0,163673.11,0.0,0.0,0.00,410662.32,70221.28,0.00,436362.00,0.00
CZ12/Rt3&0&cDXHP&Ex&dxHP_equip__pkgEER/NE-dxAC_equip-pkgEER-11.4-IEER-TE-0.80/instance-out.sql,2432609.75,70221.28,439388.79,774348.97,0.0,436362.0,0.0,548612.22,3.38,0.0,0.0,0.0,163673.11,0.0,0.0,0.00,439388.79,70221.28,0.00,436362.00,0.00
CZ12/Rt3&0&cDXHP&Ex&dxHP_equip__pkgEER/NE-dxAC_equip-pkgEER-12.7-IEER-TE-0.80/instance-out.sql,2405003.54,70221.28,411782.57,774348.97,0.0,436362.0,0.0,548612.22,3.38,0.0,0.0,0.0,163673.11,0.0,0.0,0.00,411782.57,70221.28,0.00,436362.00,0.00
CZ12/Rt3&0&cDXHP&Ex&dxHP_equip__pkgEER/NE-dxAC_equip-pkgSEER-12.35-SEER2/instance-out.sql,2398374.1,70221.28,405153.13,774348.97,0.0,436362.0,0.0,548612.22,3.38,0.0,0.0,0.0,163673.11,0.0,0.0,0.00,405153.13,70221.28,0.00,436362.00,0.00
CZ12/Rt3&0&cDXHP&Ex&dxHP_equip__pkgEER/NE-dxHP_equip-pkgEER-14.5-IEER/instance-out.sql,2343509.29,23936.34,398519.85,774348.97,0.0,436362.0,0.0,546665.64,3.38,0.0,0.0,0.0,163673.11,0.0,0.0,21147.31,398519.85,2789.03,0.00,436362.00,0.00
CZ12/Rt3&0&cDXHP&Ex&dxHP_equip__pkgEER/NE-dxHP_equip-pkgEER-15.5-IEER/instance-out.sql,2328310.3600000003,23936.34,383320.92,774348.97,0.0,436362.0,0.0,546665.64,3.38,0.0,0.0,0.0,163673.11,0.0,0.0,21147.31,383320.92,2789.03,0.00,436362.00,0.00
CZ12/Rt3&0&cDXHP&Ex&dxHP_equip__pkgEER/NE-dxHP_equip-pkgEER-13.5-IEER/instance-out.sql,2358920.7,23936.34,413931.25,774348.97,0.0,436362.0,0.0,546665.64,3.38,0.0,0.0,0.0,163673.11,0.0,0.0,21147.31,413931.25,2789.03,0.00,436362.00,0.00
CZ12/Rt3&0&cDXHP&Ex&dxHP_equip__pkgEER/NE-dxHP_equip-pkgEER-14-IEER/instance-out.sql,2347503.3800000004,23936.34,402513.94,774348.97,0.0,436362.0,0.0,546665.64,3.38,0.0,0.0,0.0,163673.11,0.0,0.0,21147.31,402513.94,2789.03,0.00,436362.00,0.00
CZ12/Rt3&0&cDXHP&Ex&dxHP_equip__pkgEER/NE-dxHP_equip-pkgEER-15-IEER/instance-out.sql,2327173.8400000003,22799.82,383320.92,774348.97,0.0,436362.0,0.0,546665.64,3.38,0.0,0.0,0.0,163673.11,0.0,0.0,20010.79,383320.92,2789.03,0.00,436362.00,0.00
CZ12/Rt3&0&cDXHP&Ex&dxHP_equip__pkgEER/NE-dxHP_equip-pkgEER-16-IEER/instance-out.sql,2307288.73,22799.82,363435.81,774348.97,0.0,436362.0,0.0,546665.64,3.38,0.0,0.0,0.0,163673.11,0.0,0.0,20010.79,363435.81,2789.03,0.00,436362.00,0.00
CZ12/Rt3&0&cDXHP&Ex&dxHP_equip__pkgEER/NE-dxHP_equip-pkgSEER-15.4-SEER2/instance-out.sql,2311615.66,21301.53,369261.03,774348.97,0.0,436362.0,0.0,546665.64,3.38,0.0,0.0,0.0,163673.11,0.0,0.0,18512.50,369261.03,2789.03,0.00,436362.00,0.00
CZ12/Rt3&0&cDXHP&Ex&dxHP_equip__pkgEER/NE-dxHP_equip-pkgSEER-16.3-SEER2/instance-out.sql,2298192.96,20923.12,356216.74,774348.97,0.0,436362.0,0.0,546665.64,3.38,0.0,0.0,0.0,163673.11,0.0,0.0,18134.09,356216.74,2789.03,0.00,436362.00,0.00
CZ12/Rt3&0&cDXHP&Ex&dxHP_equip__pkgEER/NE-dxHP_equip-pkgSEER-14.4-SEER2-1Stage/instance-out.sql,2325071.3400000003,21608.059999999998,382410.18,774348.97,0.0,436362.0,0.0,546665.64,3.38,0.0,0.0,0.0,163673.11,0.0,0.0,18819.03,382410.18,2789.03,0.00,436362.00,0.00
CZ12/Rt3&0&cDXHP&Ex&dxHP_equip__pkgEER/NE-dxHP_equip-pkgSEER-14.4-SEER2-2Stage/instance-out.sql,2120023.04,17598.27,346339.18,774348.97,0.0,436362.0,0.0,381698.05,3.38,0.0,0.0,0.0,163673.19,0.0,0.0,14581.25,346339.18,3017.02,0.00,436362.00,0.00
CZ12/Rt3&0&cDXHP&Ex&dxHP_equip__pkgEER/NE-dxHP_equip-spltSEER-14.4-SEER2-8.7-HSPF/instance-out.sql,2324594.52,21131.23,382410.18,774348.97,0.0,436362.0,0.0,546665.64,3.38,0.0,0.0,0.0,163673.11,0.0,0.0,18342.20,382410.18,2789.03,0.00,436362.00,0.00
CZ12/Rt3&0&cDXHP&Ex&dxHP_equip__pkgEER/NE-dxHP_equip-spltSEER-15.4-SEER2-9-HSPF/instance-out.sql,2311237.25,20923.12,369261.03,774348.97,0.0,436362.0,0.0,546665.64,3.38,0.0,0.0,0.0,163673.11,0.0,0.0,18134.09,369261.03,2789.03,0.00,436362.00,0.00
CZ12/Rt3&0&cDXHP&Ex&dxHP_equip__pkgEER/NE-dxHP_equip-spltSEER-16.3-SEER2-9.4-HSPF/instance-out.sql,2297910.16,20640.309999999998,356216.74,774348.97,0.0,436362.0,0.0,546665.64,3.38,0.0,0.0,0.0,163673.11,0.0,0.0,17851.28,356216.74,2789.03,0.00,436362.00,0.00
CZ12/Rt3&0&cDXHP&Ex&dxHP_equip__pkgEER/NE-dxHP_equip-spltSEER-17.3-SEER2-9.7-HSPF/instance-out.sql,2287828.4,20483.01,346292.29,774348.97,0.0,436362.0,0.0,546665.64,3.38,0.0,0.0,0.0,163673.11,0.0,0.0,17693.98,346292.29,2789.03,0.00,436362.00,0.00
CZ12/Rt3&0&cDXHP&Ex&dxHP_equip__pkgEER/NE-dxAC_equip-pkgEER-14.2-IEER-TE-0.81-VarFan/instance-out.sql,2370968.6999999997,69414.82,378756.91,774348.97,0.0,436362.0,0.0,548409.5,3.38,0.0,0.0,0.0,163673.11,0.0,0.0,0.00,378756.91,69414.82,0.00,436362.00,0.00
CZ12/Rt3&0&cDXHP&Ex&dxHP_equip__pkgEER/NE-dxAC_equip-pkgEER-13.2-IEER-TE-0.81-VarFan/instance-out.sql,2387798.94,69414.82,395587.14,774348.97,0.0,436362.0,0.0,548409.5,3.38,0.0,0.0,0.0,163673.11,0.0,0.0,0.00,395587.14,69414.82,0.00,436362.00,0.00
CZ12/Rt3&0&cDXHP&Ex&dxHP_equip__pkgEER/NE-dxAC_equip-pkgEER-14.8-IEER-TE-0.81-VarFan/instance-out.sql,2356412.82,69414.82,364201.03,774348.97,0.0,436362.0,0.0,548409.5,3.38,0.0,0.0,0.0,163673.11,0.0,0.0,0.00,364201.03,69414.82,0.00,436362.00,0.00
CZ12/Rt3&0&cDXHP&Ex&dxHP_equip__pkgEER/NE-dxAC_equip-pkgSEER-13.4-SEER2-VarFan/instance-out.sql,2379692.23,69414.82,387480.43,774348.97,0.0,436362.0,0.0,548409.5,3.38,0.0,0.0,0.0,163673.11,0.0,0.0,0.00,387480.43,69414.82,0.00,436362.00,0.00
CZ12/RtL&0&cDXHP&Ex&dxHP_equip__pkgEER/NE-dxAC_equip-pkgEER-14.2-IEER-TE-0.81/instance-out.sql,2383526.73,56968.13,403885.16,767420.15,0.0,509200.67,0.0,525498.72,3.39,0.0,0.0,0.0,120550.51,0.0,0.0,0.00,403885.16,56968.13,0.00,468847.72,40352.95
CZ12/RtL&0&cDXHP&Ex&dxHP_equip__pkgEER/NE-dxAC_equip-pkgEER-13.2-IEER-TE-0.81/instance-out.sql,2401222.44,56968.13,421580.88,767420.15,0.0,509200.67,0.0,525498.72,3.39,0.0,0.0,0.0,120550.51,0.0,0.0,0.00,421580.88,56968.13,0.00,468847.72,40352.95
CZ12/RtL&0&cDXHP&Ex&dxHP_equip__pkgEER/NE-dxAC_equip-pkgEER-14.8-IEER-TE-0.81/instance-out.sql,2368222.33,56968.13,388580.76,767420.15,0.0,509200.67,0.0,525498.72,3.39,0.0,0.0,0.0,120550.51,0.0,0.0,0.00,388580.76,56968.13,0.00,468847.72,40352.95
CZ12/RtL&0&cDXHP&Ex&dxHP_equip__pkgEER/NE-dxAC_equip-pkgSEER-13.4-SEER2/instance-out.sql,2392698.8499999996,56968.13,413057.29,767420.15,0.0,509200.67,0.0,525498.72,3.39,0.0,0.0,0.0,120550.51,0.0,0.0,0.00,413057.29,56968.13,0.00,468847.72,40352.95
CZ12/RtL&0&cDXHP&Ex&dxHP_equip__pkgEER/NE-dxAC_equip-pkgEER-12.2-IEER-TE-0.80/instance-out.sql,2417762.37,57680.23,437408.71,767420.15,0.0,509200.67,0.0,525498.72,3.39,0.0,0.0,0.0,120550.51,0.0,0.0,0.00,437408.71,57680.23,0.00,468847.72,40352.95
CZ12/RtL&0&cDXHP&Ex&dxHP_equip__pkgEER/NE-dxAC_equip-pkgEER-11.4-IEER-TE-0.80/instance-out.sql,2447964.46,57680.23,467610.79,767420.15,0.0,509200.67,0.0,525498.72,3.39,0.0,0.0,0.0,120550.51,0.0,0.0,0.00,467610.79,57680.23,0.00,468847.72,40352.95
CZ12/RtL&0&cDXHP&Ex&dxHP_equip__pkgEER/NE-dxAC_equip-pkgEER-12.7-IEER-TE-0.80/instance-out.sql,2418940.17,57680.23,438586.51,767420.15,0.0,509200.67,0.0,525498.72,3.39,0.0,0.0,0.0,120550.51,0.0,0.0,0.00,438586.51,57680.23,0.00,468847.72,40352.95
CZ12/RtL&0&cDXHP&Ex&dxHP_equip__pkgEER/NE-dxAC_equip-pkgSEER-12.35-SEER2/instance-out.sql,2411970.19,57680.23,431616.53,767420.15,0.0,509200.67,0.0,525498.72,3.39,0.0,0.0,0.0,120550.51,0.0,0.0,0.00,431616.53,57680.23,0.00,468847.72,40352.95
CZ12/RtL&0&cDXHP&Ex&dxHP_equip__pkgEER/NE-dxHP_equip-pkgEER-14.5-IEER/instance-out.sql,2345661.4899999998,18203.35,404807.13,767420.15,0.0,509200.67,0.0,525476.29,3.39,0.0,0.0,0.0,120550.51,0.0,0.0,18203.14,404807.13,0.21,0.00,468847.72,40352.95
CZ12/RtL&0&cDXHP&Ex&dxHP_equip__pkgEER/NE-dxHP_equip-pkgEER-15.5-IEER/instance-out.sql,2330463.83,18203.35,389609.47,767420.15,0.0,509200.67,0.0,525476.29,3.39,0.0,0.0,0.0,120550.51,0.0,0.0,18203.14,389609.47,0.21,0.00,468847.72,40352.95
CZ12/RtL&0&cDXHP&Ex&dxHP_equip__pkgEER/NE-dxHP_equip-pkgEER-13.5-IEER/instance-out.sql,2361071.62,18203.35,420217.26,767420.15,0.0,509200.67,0.0,525476.29,3.39,0.0,0.0,0.0,120550.51,0.0,0.0,18203.14,420217.26,0.21,0.00,468847.72,40352.95
CZ12/RtL&0&cDXHP&Ex&dxHP_equip__pkgEER/NE-dxHP_equip-pkgEER-14-IEER/instance-out.sql,2349655.25,18203.35,408800.89,767420.15,0.0,509200.67,0.0,525476.29,3.39,0.0,0.0,0.0,120550.51,0.0,0.0,18203.14,408800.89,0.21,0.00,468847.72,40352.95
CZ12/RtL&0&cDXHP&Ex&dxHP_equip__pkgEER/NE-dxHP_equip-pkgEER-15-IEER/instance-out.sql,2329487.39,17226.92,389609.47,767420.15,0.0,509200.67,0.0,525476.29,3.39,0.0,0.0,0.0,120550.51,0.0,0.0,17226.71,389609.47,0.21,0.00,468847.72,40352.95
CZ12/RtL&0&cDXHP&Ex&dxHP_equip__pkgEER/NE-dxHP_equip-pkgEER-16-IEER/instance-out.sql,2309603.9299999997,17226.92,369726.01,767420.15,0.0,509200.67,0.0,525476.29,3.39,0.0,0.0,0.0,120550.51,0.0,0.0,17226.71,369726.01,0.21,0.00,468847.72,40352.95
CZ12/RtL&0&cDXHP&Ex&dxHP_equip__pkgEER/NE-dxHP_equip-pkgSEER-15.4-SEER2/instance-out.sql,2314141.42,15939.669999999998,375550.75,767420.15,0.0,509200.67,0.0,525476.29,3.39,0.0,0.0,0.0,120550.51,0.0,0.0,15939.46,375550.75,0.21,0.00,468847.72,40352.95
CZ12/RtL&0&cDXHP&Ex&dxHP_equip__pkgEER/NE-dxHP_equip-pkgSEER-16.3-SEER2/instance-out.sql,2300773.11,15614.56,362507.55,767420.15,0.0,509200.67,0.0,525476.29,3.39,0.0,0.0,0.0,120550.51,0.0,0.0,15614.35,362507.55,0.21,0.00,468847.72,40352.95
CZ12/RtL&0&cDXHP&Ex&dxHP_equip__pkgEER/NE-dxHP_equip-pkgSEER-14.4-SEER2-1Stage/instance-out.sql,2327552.84,16203.019999999999,388698.81,767420.15,0.0,509200.67,0.0,525476.29,3.39,0.0,0.0,0.0,120550.51,0.0,0.0,16202.81,388698.81,0.21,0.00,468847.72,40352.95
CZ12/RtL&0&cDXHP&Ex&dxHP_equip__pkgEER/NE-dxHP_equip-pkgSEER-14.4-SEER2-2Stage/instance-out.sql,2127259.89,12289.050000000001,353521.78,767420.15,0.0,509200.67,0.0,364274.22,3.39,0.0,0.0,0.0,120550.63,0.0,0.0,12288.35,353521.78,0.70,0.00,468847.72,40352.95
CZ12/RtL&0&cDXHP&Ex&dxHP_equip__pkgEER/NE-dxHP_equip-spltSEER-14.4-SEER2-8.7-HSPF/instance-out.sql,2327143.1799999997,15793.359999999999,388698.81,767420.15,0.0,509200.67,0.0,525476.29,3.39,0.0,0.0,0.0,120550.51,0.0,0.0,15793.15,388698.81,0.21,0.00,468847.72,40352.95
CZ12/RtL&0&cDXHP&Ex&dxHP_equip__pkgEER/NE-dxHP_equip-spltSEER-15.4-SEER2-9-HSPF/instance-out.sql,2313816.31,15614.56,375550.75,767420.15,0.0,509200.67,0.0,525476.29,3.39,0.0,0.0,0.0,120550.51,0.0,0.0,15614.35,375550.75,0.21,0.00,468847.72,40352.95
CZ12/RtL&0&cDXHP&Ex&dxHP_equip__pkgEER/NE-dxHP_equip-spltSEER-16.3-SEER2-9.4-HSPF/instance-out.sql,2300530.14,15371.589999999998,362507.55,767420.15,0.0,509200.67,0.0,525476.29,3.39,0.0,0.0,0.0,120550.51,0.0,0.0,15371.38,362507.55,0.21,0.00,468847.72,40352.95
CZ12/RtL&0&cDXHP&Ex&dxHP_equip__pkgEER/NE-dxHP_equip-spltSEER-17.3-SEER2-9.7-HSPF/instance-out.sql,2290471.37,15236.439999999999,352583.92,767420.15,0.0,509200.67,0.0,525476.29,3.39,0.0,0.0,0.0,120550.51,0.0,0.0,15236.23,352583.92,0.21,0.00,468847.72,40352.95
CZ12/RtL&0&cDXHP&Ex&dxHP_equip__pkgEER/NE-dxAC_equip-pkgEER-14.2-IEER-TE-0.81-VarFan/instance-out.sql,2383332.0300000003,56990.68,403863.6,767420.15,0.0,509200.67,0.0,525303.04,3.39,0.0,0.0,0.0,120550.51,0.0,0.0,0.00,403863.60,56990.68,0.00,468847.72,40352.95
CZ12/RtL&0&cDXHP&Ex&dxHP_equip__pkgEER/NE-dxAC_equip-pkgEER-13.2-IEER-TE-0.81-VarFan/instance-out.sql,2401026.77,56990.68,421558.33,767420.15,0.0,509200.67,0.0,525303.04,3.39,0.0,0.0,0.0,120550.51,0.0,0.0,0.00,421558.33,56990.68,0.00,468847.72,40352.95
CZ12/RtL&0&cDXHP&Ex&dxHP_equip__pkgEER/NE-dxAC_equip-pkgEER-14.8-IEER-TE-0.81-VarFan/instance-out.sql,2368028.48,56990.68,388560.04,767420.15,0.0,509200.67,0.0,525303.04,3.39,0.0,0.0,0.0,120550.51,0.0,0.0,0.00,388560.04,56990.68,0.00,468847.72,40352.95
CZ12/RtL&0&cDXHP&Ex&dxHP_equip__pkgEER/NE-dxAC_equip-pkgSEER-13.4-SEER2-VarFan/instance-out.sql,2392503.65,56990.68,413035.22,767420.15,0.0,509200.67,0.0,525303.04,3.39,0.0,0.0,0.0,120550.51,0.0,0.0,0.00,413035.22,56990.68,0.00,468847.72,40352.95
CZ12/RtS&0&cDXHP&Ex&dxHP_equip__pkgEER/NE-dxAC_equip-pkgEER-14.2-IEER-TE-0.81/instance-out.sql,162757.83,11257.46,29103.86,44599.63,0.0,24440.79,0.0,38190.22,3.36,0.0,0.0,0.0,15162.51,0.0,0.0,0.00,29103.86,11257.46,0.00,24440.79,0.00
CZ12/RtS&0&cDXHP&Ex&dxHP_equip__pkgEER/NE-dxAC_equip-pkgEER-13.2-IEER-TE-0.81/instance-out.sql,164078.8,11257.46,30424.82,44599.63,0.0,24440.79,0.0,38190.22,3.36,0.0,0.0,0.0,15162.51,0.0,0.0,0.00,30424.82,11257.46,0.00,24440.79,0.00
CZ12/RtS&0&cDXHP&Ex&dxHP_equip__pkgEER/NE-dxAC_equip-pkgEER-14.8-IEER-TE-0.81/instance-out.sql,161615.38,11257.46,27961.4,44599.63,0.0,24440.79,0.0,38190.22,3.36,0.0,0.0,0.0,15162.51,0.0,0.0,0.00,27961.40,11257.46,0.00,24440.79,0.00
CZ12/RtS&0&cDXHP&Ex&dxHP_equip__pkgEER/NE-dxAC_equip-pkgSEER-13.4-SEER2/instance-out.sql,163442.52,11257.46,29788.54,44599.63,0.0,24440.79,0.0,38190.22,3.36,0.0,0.0,0.0,15162.51,0.0,0.0,0.00,29788.54,11257.46,0.00,24440.79,0.00
CZ12/RtS&0&cDXHP&Ex&dxHP_equip__pkgEER/NE-dxAC_equip-pkgEER-12.2-IEER-TE-0.80/instance-out.sql,165401.05,11398.18,31606.35,44599.63,0.0,24440.79,0.0,38190.22,3.36,0.0,0.0,0.0,15162.51,0.0,0.0,0.00,31606.35,11398.18,0.00,24440.79,0.00
CZ12/RtS&0&cDXHP&Ex&dxHP_equip__pkgEER/NE-dxAC_equip-pkgEER-11.4-IEER-TE-0.80/instance-out.sql,167655.6,11398.18,33860.91,44599.63,0.0,24440.79,0.0,38190.22,3.36,0.0,0.0,0.0,15162.51,0.0,0.0,0.00,33860.91,11398.18,0.00,24440.79,0.00
CZ12/RtS&0&cDXHP&Ex&dxHP_equip__pkgEER/NE-dxAC_equip-pkgEER-12.7-IEER-TE-0.80/instance-out.sql,165488.97,11398.18,31694.27,44599.63,0.0,24440.79,0.0,38190.22,3.36,0.0,0.0,0.0,15162.51,0.0,0.0,0.00,31694.27,11398.18,0.00,24440.79,0.00
CZ12/RtS&0&cDXHP&Ex&dxHP_equip__pkgEER/NE-dxAC_equip-pkgSEER-12.35-SEER2/instance-out.sql,164968.67,11398.18,31173.97,44599.63,0.0,24440.79,0.0,38190.22,3.36,0.0,0.0,0.0,15162.51,0.0,0.0,0.00,31173.97,11398.18,0.00,24440.79,0.00
CZ12/RtS&0&cDXHP&Ex&dxHP_equip__pkgEER/NE-dxHP_equip-pkgEER-14.5-IEER/instance-out.sql,154774.16,3367.19,29017.49,44599.63,0.0,24440.79,0.0,38183.18,3.36,0.0,0.0,0.0,15162.51,0.0,0.0,3367.19,29017.49,0.00,0.00,24440.79,0.00
CZ12/RtS&0&cDXHP&Ex&dxHP_equip__pkgEER/NE-dxHP_equip-pkgEER-15.5-IEER/instance-out.sql,153644.53,3367.19,27887.86,44599.63,0.0,24440.79,0.0,38183.18,3.36,0.0,0.0,0.0,15162.51,0.0,0.0,3367.19,27887.86,0.00,0.00,24440.79,0.00
CZ12/RtS&0&cDXHP&Ex&dxHP_equip__pkgEER/NE-dxHP_equip-pkgEER-13.5-IEER/instance-out.sql,155919.59,3367.19,30162.92,44599.63,0.0,24440.79,0.0,38183.18,3.36,0.0,0.0,0.0,15162.51,0.0,0.0,3367.19,30162.92,0.00,0.00,24440.79,0.00
CZ12/RtS&0&cDXHP&Ex&dxHP_equip__pkgEER/NE-dxHP_equip-pkgEER-14-IEER/instance-out.sql,155071.02000000002,3367.19,29314.35,44599.63,0.0,24440.79,0.0,38183.18,3.36,0.0,0.0,0.0,15162.51,0.0,0.0,3367.19,29314.35,0.00,0.00,24440.79,0.00
CZ12/RtS&0&cDXHP&Ex&dxHP_equip__pkgEER/NE-dxHP_equip-pkgEER-15-IEER/instance-out.sql,153458.78,3181.44,27887.86,44599.63,0.0,24440.79,0.0,38183.18,3.36,0.0,0.0,0.0,15162.51,0.0,0.0,3181.44,27887.86,0.00,0.00,24440.79,0.00
CZ12/RtS&0&cDXHP&Ex&dxHP_equip__pkgEER/NE-dxHP_equip-pkgEER-16-IEER/instance-out.sql,151980.85,3181.44,26409.93,44599.63,0.0,24440.79,0.0,38183.18,3.36,0.0,0.0,0.0,15162.51,0.0,0.0,3181.44,26409.93,0.00,0.00,24440.79,0.00
CZ12/RtS&0&cDXHP&Ex&dxHP_equip__pkgEER/NE-dxHP_equip-pkgSEER-15.4-SEER2/instance-out.sql,152168.92,2936.57,26842.88,44599.63,0.0,24440.79,0.0,38183.18,3.36,0.0,0.0,0.0,15162.51,0.0,0.0,2936.57,26842.88,0.00,0.00,24440.79,0.00
CZ12/RtS&0&cDXHP&Ex&dxHP_equip__pkgEER/NE-dxHP_equip-pkgSEER-16.3-SEER2/instance-out.sql,151137.58000000002,2874.72,25873.38,44599.63,0.0,24440.79,0.0,38183.18,3.36,0.0,0.0,0.0,15162.51,0.0,0.0,2874.72,25873.38,0.00,0.00,24440.79,0.00
CZ12/RtS&0&cDXHP&Ex&dxHP_equip__pkgEER/NE-dxHP_equip-pkgSEER-14.4-SEER2-1Stage/instance-out.sql,153196.31,2986.67,27820.17,44599.63,0.0,24440.79,0.0,38183.18,3.36,0.0,0.0,0.0,15162.51,0.0,0.0,2986.67,27820.17,0.00,0.00,24440.79,0.00
CZ12/RtS&0&cDXHP&Ex&dxHP_equip__pkgEER/NE-dxHP_equip-pkgSEER-14.4-SEER2-2Stage/instance-out.sql,139093.19,2078.95,25736.5,44599.63,0.0,24440.79,0.0,27071.43,3.36,0.0,0.0,0.0,15162.52,0.0,0.0,2078.95,25736.50,0.00,0.00,24440.79,0.00
CZ12/RtS&0&cDXHP&Ex&dxHP_equip__pkgEER/NE-dxHP_equip-spltSEER-14.4-SEER2-8.7-HSPF/instance-out.sql,153118.38,2908.74,27820.17,44599.63,0.0,24440.79,0.0,38183.18,3.36,0.0,0.0,0.0,15162.51,0.0,0.0,2908.74,27820.17,0.00,0.00,24440.79,0.00
CZ12/RtS&0&cDXHP&Ex&dxHP_equip__pkgEER/NE-dxHP_equip-spltSEER-15.4-SEER2-9-HSPF/instance-out.sql,152107.08000000002,2874.72,26842.88,44599.63,0.0,24440.79,0.0,38183.18,3.36,0.0,0.0,0.0,15162.51,0.0,0.0,2874.72,26842.88,0.00,0.00,24440.79,0.00
CZ12/RtS&0&cDXHP&Ex&dxHP_equip__pkgEER/NE-dxHP_equip-spltSEER-16.3-SEER2-9.4-HSPF/instance-out.sql,151091.36000000002,2828.5,25873.38,44599.63,0.0,24440.79,0.0,38183.18,3.36,0.0,0.0,0.0,15162.51,0.0,0.0,2828.50,25873.38,0.00,0.00,24440.79,0.00
CZ12/RtS&0&cDXHP&Ex&dxHP_equip__pkgEER/NE-dxHP_equip-spltSEER-17.3-SEER2-9.7-HSPF/instance-out.sql,150328.03,2802.79,25135.77,44599.63,0.0,24440.79,0.0,38183.18,3.36,0.0,0.0,0.0,15162.51,0.0,0.0,2802.79,25135.77,0.00,0.00,24440.79,0.00
CZ12/RtS&0&cDXHP&Ex&dxHP_equip__pkgEER/NE-dxAC_equip-pkgEER-14.2-IEER-TE-0.81-VarFan/instance-out.sql,162744.91999999998,11260.59,29102.39,44599.63,0.0,24440.79,0.0,38175.66,3.36,0.0,0.0,0.0,15162.51,0.0,0.0,0.00,29102.39,11260.59,0.00,24440.79,0.00
CZ12/RtS&0&cDXHP&Ex&dxHP_equip__pkgEER/NE-dxAC_equip-pkgEER-13.2-IEER-TE-0.81-VarFan/instance-out.sql,164065.82,11260.59,30423.29,44599.63,0.0,24440.79,0.0,38175.66,3.36,0.0,0.0,0.0,15162.51,0.0,0.0,0.00,30423.29,11260.59,0.00,24440.79,0.00
CZ12/RtS&0&cDXHP&Ex&dxHP_equip__pkgEER/NE-dxAC_equip-pkgEER-14.8-IEER-TE-0.81-VarFan/instance-out.sql,161602.52,11260.59,27959.99,44599.63,0.0,24440.79,0.0,38175.66,3.36,0.0,0.0,0.0,15162.51,0.0,0.0,0.00,27959.99,11260.59,0.00,24440.79,0.00
CZ12/RtS&0&cDXHP&Ex&dxHP_equip__pkgEER/NE-dxAC_equip-pkgSEER-13.4-SEER2-VarFan/instance-out.sql,163429.57,11260.59,29787.04,44599.63,0.0,24440.79,0.0,38175.66,3.36,0.0,0.0,0.0,15162.51,0.0,0.0,0.00,29787.04,11260.59,0.00,24440.79,0.00
CZ12/SCn&0&cDXHP&Ex&dxHP_equip__pkgEER/NE-dxAC_equip-pkgEER-14.2-IEER-TE-0.81/instance-out.sql,4381713.32,769165.87,774862.99,850055.03,0.0,449066.39,0.0,1457838.12,3.36,0.0,0.0,0.0,80721.56,0.0,0.0,0.00,774862.99,769165.87,0.00,449066.39,0.00
CZ12/SCn&0&cDXHP&Ex&dxHP_equip__pkgEER/NE-dxAC_equip-pkgEER-13.2-IEER-TE-0.81/instance-out.sql,4416932.43,769165.87,810082.1,850055.03,0.0,449066.39,0.0,1457838.12,3.36,0.0,0.0,0.0,80721.56,0.0,0.0,0.00,810082.10,769165.87,0.00,449066.39,0.00
CZ12/SCn&0&cDXHP&Ex&dxHP_equip__pkgEER/NE-dxAC_equip-pkgEER-14.8-IEER-TE-0.81/instance-out.sql,4351253.55,769165.87,744403.22,850055.03,0.0,449066.39,0.0,1457838.12,3.36,0.0,0.0,0.0,80721.56,0.0,0.0,0.00,744403.22,769165.87,0.00,449066.39,0.00
CZ12/SCn&0&cDXHP&Ex&dxHP_equip__pkgEER/NE-dxAC_equip-pkgSEER-13.4-SEER2/instance-out.sql,4399968.25,769165.87,793117.92,850055.03,0.0,449066.39,0.0,1457838.12,3.36,0.0,0.0,0.0,80721.56,0.0,0.0,0.00,793117.92,769165.87,0.00,449066.39,0.00
CZ12/SCn&0&cDXHP&Ex&dxHP_equip__pkgEER/NE-dxAC_equip-pkgEER-12.2-IEER-TE-0.80/instance-out.sql,4458048.529999999,778780.44,841583.64,850055.03,0.0,449066.39,0.0,1457838.12,3.36,0.0,0.0,0.0,80721.56,0.0,0.0,0.00,841583.64,778780.44,0.00,449066.39,0.00
CZ12/SCn&0&cDXHP&Ex&dxHP_equip__pkgEER/NE-dxAC_equip-pkgEER-11.4-IEER-TE-0.80/instance-out.sql,4518158.609999999,778780.44,901693.71,850055.03,0.0,449066.39,0.0,1457838.12,3.36,0.0,0.0,0.0,80721.56,0.0,0.0,0.00,901693.71,778780.44,0.00,449066.39,0.00
CZ12/SCn&0&cDXHP&Ex&dxHP_equip__pkgEER/NE-dxAC_equip-pkgEER-12.7-IEER-TE-0.80/instance-out.sql,4460392.66,778780.44,843927.76,850055.03,0.0,449066.39,0.0,1457838.12,3.36,0.0,0.0,0.0,80721.56,0.0,0.0,0.00,843927.76,778780.44,0.00,449066.39,0.00
CZ12/SCn&0&cDXHP&Ex&dxHP_equip__pkgEER/NE-dxAC_equip-pkgSEER-12.35-SEER2/instance-out.sql,4446520.57,778780.44,830055.68,850055.03,0.0,449066.39,0.0,1457838.12,3.36,0.0,0.0,0.0,80721.56,0.0,0.0,0.00,830055.68,778780.44,0.00,449066.39,0.00
CZ12/SCn&0&cDXHP&Ex&dxHP_equip__pkgEER/NE-dxHP_equip-pkgEER-14.5-IEER/instance-out.sql,3891114.2600000002,221851.32,831898.47,850055.03,0.0,449066.39,0.0,1457518.15,3.36,0.0,0.0,0.0,80721.54,0.0,0.0,221851.32,831898.47,0.00,0.00,449066.39,0.00
CZ12/SCn&0&cDXHP&Ex&dxHP_equip__pkgEER/NE-dxHP_equip-pkgEER-15.5-IEER/instance-out.sql,3858728.92,221851.32,799513.13,850055.03,0.0,449066.39,0.0,1457518.15,3.36,0.0,0.0,0.0,80721.54,0.0,0.0,221851.32,799513.13,0.00,0.00,449066.39,0.00
CZ12/SCn&0&cDXHP&Ex&dxHP_equip__pkgEER/NE-dxHP_equip-pkgEER-13.5-IEER/instance-out.sql,3923952.36,221851.32,864736.57,850055.03,0.0,449066.39,0.0,1457518.15,3.36,0.0,0.0,0.0,80721.54,0.0,0.0,221851.32,864736.57,0.00,0.00,449066.39,0.00
CZ12/SCn&0&cDXHP&Ex&dxHP_equip__pkgEER/NE-dxHP_equip-pkgEER-14-IEER/instance-out.sql,3899624.73,221851.32,840408.94,850055.03,0.0,449066.39,0.0,1457518.15,3.36,0.0,0.0,0.0,80721.54,0.0,0.0,221851.32,840408.94,0.00,0.00,449066.39,0.00
CZ12/SCn&0&cDXHP&Ex&dxHP_equip__pkgEER/NE-dxHP_equip-pkgEER-15-IEER/instance-out.sql,3846271.75,209394.15,799513.13,850055.03,0.0,449066.39,0.0,1457518.15,3.36,0.0,0.0,0.0,80721.54,0.0,0.0,209394.15,799513.13,0.00,0.00,449066.39,0.00
CZ12/SCn&0&cDXHP&Ex&dxHP_equip__pkgEER/NE-dxHP_equip-pkgEER-16-IEER/instance-out.sql,3803901.24,209394.15,757142.62,850055.03,0.0,449066.39,0.0,1457518.15,3.36,0.0,0.0,0.0,80721.54,0.0,0.0,209394.15,757142.62,0.00,0.00,449066.39,0.00
CZ12/SCn&0&cDXHP&Ex&dxHP_equip__pkgEER/NE-dxHP_equip-pkgSEER-15.4-SEER2/instance-out.sql,3799891.02,192971.76,769554.79,850055.03,0.0,449066.39,0.0,1457518.15,3.36,0.0,0.0,0.0,80721.54,0.0,0.0,192971.76,769554.79,0.00,0.00,449066.39,0.00
CZ12/SCn&0&cDXHP&Ex&dxHP_equip__pkgEER/NE-dxHP_equip-pkgSEER-16.3-SEER2/instance-out.sql,3767948.99,188824.03,741760.49,850055.03,0.0,449066.39,0.0,1457518.15,3.36,0.0,0.0,0.0,80721.54,0.0,0.0,188824.03,741760.49,0.00,0.00,449066.39,0.00
CZ12/SCn&0&cDXHP&Ex&dxHP_equip__pkgEER/NE-dxHP_equip-pkgSEER-14.4-SEER2-1Stage/instance-out.sql,3831268.52,196331.49,797572.56,850055.03,0.0,449066.39,0.0,1457518.15,3.36,0.0,0.0,0.0,80721.54,0.0,0.0,196331.49,797572.56,0.00,0.00,449066.39,0.00
CZ12/SCn&0&cDXHP&Ex&dxHP_equip__pkgEER/NE-dxHP_equip-pkgSEER-14.4-SEER2-2Stage/instance-out.sql,3169939.17,141665.24,664894.23,850055.03,0.0,449066.39,0.0,983533.35,3.36,0.0,0.0,0.0,80721.58,0.0,0.0,141665.24,664894.23,0.00,0.00,449066.39,0.00
CZ12/SCn&0&cDXHP&Ex&dxHP_equip__pkgEER/NE-dxHP_equip-spltSEER-14.4-SEER2-8.7-HSPF/instance-out.sql,3826042.14,191105.11,797572.56,850055.03,0.0,449066.39,0.0,1457518.15,3.36,0.0,0.0,0.0,80721.54,0.0,0.0,191105.11,797572.56,0.00,0.00,449066.39,0.00
CZ12/SCn&0&cDXHP&Ex&dxHP_equip__pkgEER/NE-dxHP_equip-spltSEER-15.4-SEER2-9-HSPF/instance-out.sql,3795743.29,188824.03,769554.79,850055.03,0.0,449066.39,0.0,1457518.15,3.36,0.0,0.0,0.0,80721.54,0.0,0.0,188824.03,769554.79,0.00,0.00,449066.39,0.00
CZ12/SCn&0&cDXHP&Ex&dxHP_equip__pkgEER/NE-dxHP_equip-spltSEER-16.3-SEER2-9.4-HSPF/instance-out.sql,3764849.18,185724.22,741760.49,850055.03,0.0,449066.39,0.0,1457518.15,3.36,0.0,0.0,0.0,80721.54,0.0,0.0,185724.22,741760.49,0.00,0.00,449066.39,0.00
CZ12/SCn&0&cDXHP&Ex&dxHP_equip__pkgEER/NE-dxHP_equip-spltSEER-17.3-SEER2-9.7-HSPF/instance-out.sql,3741978.36,184000.08,720613.81,850055.03,0.0,449066.39,0.0,1457518.15,3.36,0.0,0.0,0.0,80721.54,0.0,0.0,184000.08,720613.81,0.00,0.00,449066.39,0.00

File Name,Electricity (kWh),Natural Gas (kWh)
CZ11/Asm&0&cDXHP&Ex&dxHP_equip__pkgEER/NE-dxAC_equip-pkgEER-14.2-IEER-TE-0.81/instance-out.sql,762469.87,224203.81
CZ11/Asm&0&cDXHP&Ex&dxHP_equip__pkgEER/NE-dxAC_equip-pkgEER-13.2-IEER-TE-0.81/instance-out.sql,772549.80,224203.81
CZ11/Asm&0&cDXHP&Ex&dxHP_equip__pkgEER/NE-dxAC_equip-pkgEER-14.8-IEER-TE-0.81/instance-out.sql,753752.09,224203.81
CZ11/Asm&0&cDXHP&Ex&dxHP_equip__pkgEER/NE-dxAC_equip-pkgSEER-13.4-SEER2/instance-out.sql,767694.54,224203.81
CZ11/Asm&0&cDXHP&Ex&dxHP_equip__pkgEER/NE-dxAC_equip-pkgEER-12.2-IEER-TE-0.80/instance-out.sql,781565.73,226740.58
CZ11/Asm&0&cDXHP&Ex&dxHP_equip__pkgEER/NE-dxAC_equip-pkgEER-11.4-IEER-TE-0.80/instance-out.sql,798769.60,226740.58
CZ11/Asm&0&cDXHP&Ex&dxHP_equip__pkgEER/NE-dxAC_equip-pkgEER-12.7-IEER-TE-0.80/instance-out.sql,782236.63,226740.58
CZ11/Asm&0&cDXHP&Ex&dxHP_equip__pkgEER/NE-dxAC_equip-pkgSEER-12.35-SEER2/instance-out.sql,778266.36,226740.58
CZ11/Asm&0&cDXHP&Ex&dxHP_equip__pkgEER/NE-dxHP_equip-pkgEER-14.5-IEER/instance-out.sql,816773.21,21262.12
CZ11/Asm&0&cDXHP&Ex&dxHP_equip__pkgEER/NE-dxHP_equip-pkgEER-15.5-IEER/instance-out.sql,808204.58,21262.12
CZ11/Asm&0&cDXHP&Ex&dxHP_equip__pkgEER/NE-dxHP_equip-pkgEER-13.5-IEER/instance-out.sql,825461.62,21262.12
CZ11/Asm&0&cDXHP&Ex&dxHP_equip__pkgEER/NE-dxHP_equip-pkgEER-14-IEER/instance-out.sql,819024.93,21262.12
CZ11/Asm&0&cDXHP&Ex&dxHP_equip__pkgEER/NE-dxHP_equip-pkgEER-15-IEER/instance-out.sql,804989.68,21262.12
CZ11/Asm&0&cDXHP&Ex&dxHP_equip__pkgEER/NE-dxHP_equip-pkgEER-16-IEER/instance-out.sql,793779.14,21262.12
CZ11/Asm&0&cDXHP&Ex&dxHP_equip__pkgEER/NE-dxHP_equip-pkgSEER-15.4-SEER2/instance-out.sql,792824.96,21262.12
CZ11/Asm&0&cDXHP&Ex&dxHP_equip__pkgEER/NE-dxHP_equip-pkgSEER-16.3-SEER2/instance-out.sql,784400.62,21262.12
CZ11/Asm&0&cDXHP&Ex&dxHP_equip__pkgEER/NE-dxHP_equip-pkgSEER-14.4-SEER2-1Stage/instance-out.sql,801105.07,21262.12
CZ11/Asm&0&cDXHP&Ex&dxHP_equip__pkgEER/NE-dxHP_equip-pkgSEER-14.4-SEER2-2Stage/instance-out.sql,692530.55,21262.35
CZ11/Asm&0&cDXHP&Ex&dxHP_equip__pkgEER/NE-dxHP_equip-spltSEER-14.4-SEER2-8.7-HSPF/instance-out.sql,799756.26,21262.12
CZ11/Asm&0&cDXHP&Ex&dxHP_equip__pkgEER/NE-dxHP_equip-spltSEER-15.4-SEER2-9-HSPF/instance-out.sql,791754.53,21262.12
CZ11/Asm&0&cDXHP&Ex&dxHP_equip__pkgEER/NE-dxHP_equip-spltSEER-16.3-SEER2-9.4-HSPF/instance-out.sql,783600.63,21262.12
CZ11/Asm&0&cDXHP&Ex&dxHP_equip__pkgEER/NE-dxHP_equip-spltSEER-17.3-SEER2-9.7-HSPF/instance-out.sql,777560.61,21262.12
CZ11/ECC&0&cDXHP&Ex&dxHP_equip__pkgEER/NE-dxAC_equip-pkgEER-14.2-IEER-TE-0.81/instance-out.sql,2539834.05,564536.54
CZ11/ECC&0&cDXHP&Ex&dxHP_equip__pkgEER/NE-dxAC_equip-pkgEER-13.2-IEER-TE-0.81/instance-out.sql,2562245.05,564536.54
CZ11/ECC&0&cDXHP&Ex&dxHP_equip__pkgEER/NE-dxAC_equip-pkgEER-14.8-IEER-TE-0.81/instance-out.sql,2520451.57,564536.54
CZ11/ECC&0&cDXHP&Ex&dxHP_equip__pkgEER/NE-dxAC_equip-pkgSEER-13.4-SEER2/instance-out.sql,2551450.22,564536.54
CZ11/ECC&0&cDXHP&Ex&dxHP_equip__pkgEER/NE-dxAC_equip-pkgEER-12.2-IEER-TE-0.80/instance-out.sql,2582290.44,565615.22
CZ11/ECC&0&cDXHP&Ex&dxHP_equip__pkgEER/NE-dxAC_equip-pkgEER-11.4-IEER-TE-0.80/instance-out.sql,2620540.32,565615.22
CZ11/ECC&0&cDXHP&Ex&dxHP_equip__pkgEER/NE-dxAC_equip-pkgEER-12.7-IEER-TE-0.80/instance-out.sql,2583782.08,565615.22
CZ11/ECC&0&cDXHP&Ex&dxHP_equip__pkgEER/NE-dxAC_equip-pkgSEER-12.35-SEER2/instance-out.sql,2574954.85,565615.22
CZ11/ECC&0&cDXHP&Ex&dxHP_equip__pkgEER/NE-dxHP_equip-pkgEER-14.5-IEER/instance-out.sql,2568834.13,478196.17
CZ11/ECC&0&cDXHP&Ex&dxHP_equip__pkgEER/NE-dxHP_equip-pkgEER-15.5-IEER/instance-out.sql,2549400.71,478196.17
CZ11/ECC&0&cDXHP&Ex&dxHP_equip__pkgEER/NE-dxHP_equip-pkgEER-13.5-IEER/instance-out.sql,2588539.23,478196.17
CZ11/ECC&0&cDXHP&Ex&dxHP_equip__pkgEER/NE-dxHP_equip-pkgEER-14-IEER/instance-out.sql,2573941.00,478196.17
CZ11/ECC&0&cDXHP&Ex&dxHP_equip__pkgEER/NE-dxHP_equip-pkgEER-15-IEER/instance-out.sql,2547956.42,478196.17
CZ11/ECC&0&cDXHP&Ex&dxHP_equip__pkgEER/NE-dxHP_equip-pkgEER-16-IEER/instance-out.sql,2522531.22,478196.17
CZ11/ECC&0&cDXHP&Ex&dxHP_equip__pkgEER/NE-dxHP_equip-pkgSEER-15.4-SEER2/instance-out.sql,2528075.34,478196.17
CZ11/ECC&0&cDXHP&Ex&dxHP_equip__pkgEER/NE-dxHP_equip-pkgSEER-16.3-SEER2/instance-out.sql,2510915.97,478196.17
CZ11/ECC&0&cDXHP&Ex&dxHP_equip__pkgEER/NE-dxHP_equip-pkgSEER-14.4-SEER2-1Stage/instance-out.sql,2545277.45,478196.17
CZ11/ECC&0&cDXHP&Ex&dxHP_equip__pkgEER/NE-dxHP_equip-pkgSEER-14.4-SEER2-2Stage/instance-out.sql,2330478.68,478266.14
CZ11/ECC&0&cDXHP&Ex&dxHP_equip__pkgEER/NE-dxHP_equip-spltSEER-14.4-SEER2-8.7-HSPF/instance-out.sql,2544671.49,478196.17
CZ11/ECC&0&cDXHP&Ex&dxHP_equip__pkgEER/NE-dxHP_equip-spltSEER-15.4-SEER2-9-HSPF/instance-out.sql,2527594.45,478196.17
CZ11/ECC&0&cDXHP&Ex&dxHP_equip__pkgEER/NE-dxHP_equip-spltSEER-16.3-SEER2-9.4-HSPF/instance-out.sql,2510556.57,478196.17
CZ11/ECC&0&cDXHP&Ex&dxHP_equip__pkgEER/NE-dxHP_equip-spltSEER-17.3-SEER2-9.7-HSPF/instance-out.sql,2497667.22,478196.17
CZ11/ECC&0&cDXHP&Ex&dxHP_equip__pkgEER/NE-dxAC_equip-pkgEER-14.2-IEER-TE-0.81-VarFan/instance-out.sql,2539467.84,564556.65
CZ11/ECC&0&cDXHP&Ex&dxHP_equip__pkgEER/NE-dxAC_equip-pkgEER-13.2-IEER-TE-0.81-VarFan/instance-out.sql,2561877.78,564556.65
CZ11/ECC&0&cDXHP&Ex&dxHP_equip__pkgEER/NE-dxAC_equip-pkgEER-14.8-IEER-TE-0.81-VarFan/instance-out.sql,2520086.27,564556.65
CZ11/ECC&0&cDXHP&Ex&dxHP_equip__pkgEER/NE-dxAC_equip-pkgSEER-13.4-SEER2-VarFan/instance-out.sql,2551083.47,564556.65
CZ11/EPr&0&cDXHP&Ex&dxHP_equip__pkgEER/NE-dxAC_equip-pkgEER-14.2-IEER-TE-0.81/instance-out.sql,334262.29,149506.15
CZ11/EPr&0&cDXHP&Ex&dxHP_equip__pkgEER/NE-dxAC_equip-pkgEER-13.2-IEER-TE-0.81/instance-out.sql,337703.95,149506.15
CZ11/EPr&0&cDXHP&Ex&dxHP_equip__pkgEER/NE-dxAC_equip-pkgEER-14.8-IEER-TE-0.81/instance-out.sql,331285.71,149506.15
CZ11/EPr&0&cDXHP&Ex&dxHP_equip__pkgEER/NE-dxAC_equip-pkgSEER-13.4-SEER2/instance-out.sql,336046.18,149506.15
CZ11/EPr&0&cDXHP&Ex&dxHP_equip__pkgEER/NE-dxAC_equip-pkgEER-12.2-IEER-TE-0.80/instance-out.sql,340782.32,149860.07
CZ11/EPr&0&cDXHP&Ex&dxHP_equip__pkgEER/NE-dxAC_equip-pkgEER-11.4-IEER-TE-0.80/instance-out.sql,346656.37,149860.07
CZ11/EPr&0&cDXHP&Ex&dxHP_equip__pkgEER/NE-dxAC_equip-pkgEER-12.7-IEER-TE-0.80/instance-out.sql,341011.40,149860.07
CZ11/EPr&0&cDXHP&Ex&dxHP_equip__pkgEER/NE-dxAC_equip-pkgSEER-12.35-SEER2/instance-out.sql,339655.80,149860.07
CZ11/EPr&0&cDXHP&Ex&dxHP_equip__pkgEER/NE-dxHP_equip-pkgEER-14.5-IEER/instance-out.sql,342762.57,121192.63
CZ11/EPr&0&cDXHP&Ex&dxHP_equip__pkgEER/NE-dxHP_equip-pkgEER-15.5-IEER/instance-out.sql,339790.71,121192.63
CZ11/EPr&0&cDXHP&Ex&dxHP_equip__pkgEER/NE-dxHP_equip-pkgEER-13.5-IEER/instance-out.sql,345775.97,121192.63
CZ11/EPr&0&cDXHP&Ex&dxHP_equip__pkgEER/NE-dxHP_equip-pkgEER-14-IEER/instance-out.sql,343543.53,121192.63
CZ11/EPr&0&cDXHP&Ex&dxHP_equip__pkgEER/NE-dxHP_equip-pkgEER-15-IEER/instance-out.sql,339327.14,121192.63
CZ11/EPr&0&cDXHP&Ex&dxHP_equip__pkgEER/NE-dxHP_equip-pkgEER-16-IEER/instance-out.sql,335439.00,121192.63
CZ11/EPr&0&cDXHP&Ex&dxHP_equip__pkgEER/NE-dxHP_equip-pkgSEER-15.4-SEER2/instance-out.sql,335966.87,121192.63
CZ11/EPr&0&cDXHP&Ex&dxHP_equip__pkgEER/NE-dxHP_equip-pkgSEER-16.3-SEER2/instance-out.sql,333261.96,121192.63
CZ11/EPr&0&cDXHP&Ex&dxHP_equip__pkgEER/NE-dxHP_equip-pkgSEER-14.4-SEER2-1Stage/instance-out.sql,338662.96,121192.63
CZ11/EPr&0&cDXHP&Ex&dxHP_equip__pkgEER/NE-dxHP_equip-pkgSEER-14.4-SEER2-2Stage/instance-out.sql,305844.22,121192.73
CZ11/EPr&0&cDXHP&Ex&dxHP_equip__pkgEER/NE-dxHP_equip-spltSEER-14.4-SEER2-8.7-HSPF/instance-out.sql,338468.46,121192.63
CZ11/EPr&0&cDXHP&Ex&dxHP_equip__pkgEER/NE-dxHP_equip-spltSEER-15.4-SEER2-9-HSPF/instance-out.sql,335812.52,121192.63
CZ11/EPr&0&cDXHP&Ex&dxHP_equip__pkgEER/NE-dxHP_equip-spltSEER-16.3-SEER2-9.4-HSPF/instance-out.sql,333146.61,121192.63
CZ11/EPr&0&cDXHP&Ex&dxHP_equip__pkgEER/NE-dxHP_equip-spltSEER-17.3-SEER2-9.7-HSPF/instance-out.sql,331141.91,121192.63
CZ11/EPr&0&cDXHP&Ex&dxHP_equip__pkgEER/NE-dxAC_equip-pkgEER-14.2-IEER-TE-0.81-VarFan/instance-out.sql,334214.43,149522.66
CZ11/EPr&0&cDXHP&Ex&dxHP_equip__pkgEER/NE-dxAC_equip-pkgEER-13.2-IEER-TE-0.81-VarFan/instance-out.sql,337655.95,149522.66
CZ11/EPr&0&cDXHP&Ex&dxHP_equip__pkgEER/NE-dxAC_equip-pkgEER-14.8-IEER-TE-0.81-VarFan/instance-out.sql,331237.98,149522.66
CZ11/EPr&0&cDXHP&Ex&dxHP_equip__pkgEER/NE-dxAC_equip-pkgSEER-13.4-SEER2-VarFan/instance-out.sql,335998.26,149522.66
CZ11/ERC&0&cDXHP&Ex&dxHP_equip__pkgEER/NE-dxAC_equip-pkgEER-14.2-IEER-TE-0.81/instance-out.sql,13391.89,10785.82
CZ11/ERC&0&cDXHP&Ex&dxHP_equip__pkgEER/NE-dxAC_equip-pkgEER-13.2-IEER-TE-0.81/instance-out.sql,13570.31,10785.82
CZ11/ERC&0&cDXHP&Ex&dxHP_equip__pkgEER/NE-dxAC_equip-pkgEER-14.8-IEER-TE-0.81/instance-out.sql,13237.58,10785.82
CZ11/ERC&0&cDXHP&Ex&dxHP_equip__pkgEER/NE-dxAC_equip-pkgSEER-13.4-SEER2/instance-out.sql,13484.37,10785.82
CZ11/ERC&0&cDXHP&Ex&dxHP_equip__pkgEER/NE-dxAC_equip-pkgEER-12.2-IEER-TE-0.80/instance-out.sql,13729.90,10807.81
CZ11/ERC&0&cDXHP&Ex&dxHP_equip__pkgEER/NE-dxAC_equip-pkgEER-11.4-IEER-TE-0.80/instance-out.sql,14034.42,10807.81
CZ11/ERC&0&cDXHP&Ex&dxHP_equip__pkgEER/NE-dxAC_equip-pkgEER-12.7-IEER-TE-0.80/instance-out.sql,13741.78,10807.81
CZ11/ERC&0&cDXHP&Ex&dxHP_equip__pkgEER/NE-dxAC_equip-pkgSEER-12.35-SEER2/instance-out.sql,13671.50,10807.81
CZ11/ERC&0&cDXHP&Ex&dxHP_equip__pkgEER/NE-dxHP_equip-pkgEER-14.5-IEER/instance-out.sql,13918.13,9026.80
CZ11/ERC&0&cDXHP&Ex&dxHP_equip__pkgEER/NE-dxHP_equip-pkgEER-15.5-IEER/instance-out.sql,13764.28,9026.80
CZ11/ERC&0&cDXHP&Ex&dxHP_equip__pkgEER/NE-dxHP_equip-pkgEER-13.5-IEER/instance-out.sql,14074.13,9026.80
CZ11/ERC&0&cDXHP&Ex&dxHP_equip__pkgEER/NE-dxHP_equip-pkgEER-14-IEER/instance-out.sql,13958.56,9026.80
CZ11/ERC&0&cDXHP&Ex&dxHP_equip__pkgEER/NE-dxHP_equip-pkgEER-15-IEER/instance-out.sql,13735.50,9026.80
CZ11/ERC&0&cDXHP&Ex&dxHP_equip__pkgEER/NE-dxHP_equip-pkgEER-16-IEER/instance-out.sql,13534.22,9026.80
CZ11/ERC&0&cDXHP&Ex&dxHP_equip__pkgEER/NE-dxHP_equip-pkgSEER-15.4-SEER2/instance-out.sql,13555.24,9026.80
CZ11/ERC&0&cDXHP&Ex&dxHP_equip__pkgEER/NE-dxHP_equip-pkgSEER-16.3-SEER2/instance-out.sql,13413.62,9026.80
CZ11/ERC&0&cDXHP&Ex&dxHP_equip__pkgEER/NE-dxHP_equip-pkgSEER-14.4-SEER2-1Stage/instance-out.sql,13696.11,9026.80
CZ11/ERC&0&cDXHP&Ex&dxHP_equip__pkgEER/NE-dxHP_equip-pkgSEER-14.4-SEER2-2Stage/instance-out.sql,11788.20,9026.81
CZ11/ERC&0&cDXHP&Ex&dxHP_equip__pkgEER/NE-dxHP_equip-spltSEER-14.4-SEER2-8.7-HSPF/instance-out.sql,13684.03,9026.80
CZ11/ERC&0&cDXHP&Ex&dxHP_equip__pkgEER/NE-dxHP_equip-spltSEER-15.4-SEER2-9-HSPF/instance-out.sql,13545.66,9026.80
CZ11/ERC&0&cDXHP&Ex&dxHP_equip__pkgEER/NE-dxHP_equip-spltSEER-16.3-SEER2-9.4-HSPF/instance-out.sql,13406.46,9026.80
CZ11/ERC&0&cDXHP&Ex&dxHP_equip__pkgEER/NE-dxHP_equip-spltSEER-17.3-SEER2-9.7-HSPF/instance-out.sql,13302.02,9026.80
CZ11/ERC&0&cDXHP&Ex&dxHP_equip__pkgEER/NE-dxAC_equip-pkgEER-14.2-IEER-TE-0.81-VarFan/instance-out.sql,13389.79,10786.34
CZ11/ERC&0&cDXHP&Ex&dxHP_equip__pkgEER/NE-dxAC_equip-pkgEER-13.2-IEER-TE-0.81-VarFan/instance-out.sql,13568.20,10786.34
CZ11/ERC&0&cDXHP&Ex&dxHP_equip__pkgEER/NE-dxAC_equip-pkgEER-14.8-IEER-TE-0.81-VarFan/instance-out.sql,13235.49,10786.34
CZ11/ERC&0&cDXHP&Ex&dxHP_equip__pkgEER/NE-dxAC_equip-pkgSEER-13.4-SEER2-VarFan/instance-out.sql,13482.27,10786.34
CZ11/ESe&0&cDXHP&Ex&dxHP_equip__pkgEER/NE-dxAC_equip-pkgEER-14.2-IEER-TE-0.81/instance-out.sql,963007.39,419713.30
CZ11/ESe&0&cDXHP&Ex&dxHP_equip__pkgEER/NE-dxAC_equip-pkgEER-13.2-IEER-TE-0.81/instance-out.sql,966932.55,419713.30
CZ11/ESe&0&cDXHP&Ex&dxHP_equip__pkgEER/NE-dxAC_equip-pkgEER-14.8-IEER-TE-0.81/instance-out.sql,959612.65,419713.30
CZ11/ESe&0&cDXHP&Ex&dxHP_equip__pkgEER/NE-dxAC_equip-pkgSEER-13.4-SEER2/instance-out.sql,965041.90,419713.30
CZ11/ESe&0&cDXHP&Ex&dxHP_equip__pkgEER/NE-dxAC_equip-pkgEER-12.2-IEER-TE-0.80/instance-out.sql,970443.39,419930.10
CZ11/ESe&0&cDXHP&Ex&dxHP_equip__pkgEER/NE-dxAC_equip-pkgEER-11.4-IEER-TE-0.80/instance-out.sql,977142.65,419930.10
CZ11/ESe&0&cDXHP&Ex&dxHP_equip__pkgEER/NE-dxAC_equip-pkgEER-12.7-IEER-TE-0.80/instance-out.sql,970704.64,419930.10
CZ11/ESe&0&cDXHP&Ex&dxHP_equip__pkgEER/NE-dxAC_equip-pkgSEER-12.35-SEER2/instance-out.sql,969158.60,419930.10
CZ11/ESe&0&cDXHP&Ex&dxHP_equip__pkgEER/NE-dxHP_equip-pkgEER-14.5-IEER/instance-out.sql,969409.44,402369.66
CZ11/ESe&0&cDXHP&Ex&dxHP_equip__pkgEER/NE-dxHP_equip-pkgEER-15.5-IEER/instance-out.sql,965982.28,402369.66
CZ11/ESe&0&cDXHP&Ex&dxHP_equip__pkgEER/NE-dxHP_equip-pkgEER-13.5-IEER/instance-out.sql,972884.51,402369.66
CZ11/ESe&0&cDXHP&Ex&dxHP_equip__pkgEER/NE-dxHP_equip-pkgEER-14-IEER/instance-out.sql,970310.05,402369.66
CZ11/ESe&0&cDXHP&Ex&dxHP_equip__pkgEER/NE-dxHP_equip-pkgEER-15-IEER/instance-out.sql,965690.51,402369.66
CZ11/ESe&0&cDXHP&Ex&dxHP_equip__pkgEER/NE-dxHP_equip-pkgEER-16-IEER/instance-out.sql,961206.67,402369.66
CZ11/ESe&0&cDXHP&Ex&dxHP_equip__pkgEER/NE-dxHP_equip-pkgSEER-15.4-SEER2/instance-out.sql,962135.54,402369.66
CZ11/ESe&0&cDXHP&Ex&dxHP_equip__pkgEER/NE-dxHP_equip-pkgSEER-16.3-SEER2/instance-out.sql,959097.08,402369.66
CZ11/ESe&0&cDXHP&Ex&dxHP_equip__pkgEER/NE-dxHP_equip-pkgSEER-14.4-SEER2-1Stage/instance-out.sql,965179.20,402369.66
CZ11/ESe&0&cDXHP&Ex&dxHP_equip__pkgEER/NE-dxHP_equip-pkgSEER-14.4-SEER2-2Stage/instance-out.sql,929049.40,402623.24
CZ11/ESe&0&cDXHP&Ex&dxHP_equip__pkgEER/NE-dxHP_equip-spltSEER-14.4-SEER2-8.7-HSPF/instance-out.sql,965056.79,402369.66
CZ11/ESe&0&cDXHP&Ex&dxHP_equip__pkgEER/NE-dxHP_equip-spltSEER-15.4-SEER2-9-HSPF/instance-out.sql,962038.40,402369.66
CZ11/ESe&0&cDXHP&Ex&dxHP_equip__pkgEER/NE-dxHP_equip-spltSEER-16.3-SEER2-9.4-HSPF/instance-out.sql,959024.48,402369.66
CZ11/ESe&0&cDXHP&Ex&dxHP_equip__pkgEER/NE-dxHP_equip-spltSEER-17.3-SEER2-9.7-HSPF/instance-out.sql,956746.26,402369.66
CZ11/ESe&0&cDXHP&Ex&dxHP_equip__pkgEER/NE-dxAC_equip-pkgEER-14.2-IEER-TE-0.81-VarFan/instance-out.sql,962968.66,419718.18
CZ11/ESe&0&cDXHP&Ex&dxHP_equip__pkgEER/NE-dxAC_equip-pkgEER-13.2-IEER-TE-0.81-VarFan/instance-out.sql,966893.64,419718.18
CZ11/ESe&0&cDXHP&Ex&dxHP_equip__pkgEER/NE-dxAC_equip-pkgEER-14.8-IEER-TE-0.81-VarFan/instance-out.sql,959574.08,419718.18
CZ11/ESe&0&cDXHP&Ex&dxHP_equip__pkgEER/NE-dxAC_equip-pkgSEER-13.4-SEER2-VarFan/instance-out.sql,965003.08,419718.18
CZ11/EUn&0&cDXHP&Ex&dxHP_equip__pkgEER/NE-dxAC_equip-pkgEER-14.2-IEER-TE-0.81/instance-out.sql,8576508.71,1054824.16
CZ11/EUn&0&cDXHP&Ex&dxHP_equip__pkgEER/NE-dxAC_equip-pkgEER-13.2-IEER-TE-0.81/instance-out.sql,8635745.11,1054824.16
CZ11/EUn&0&cDXHP&Ex&dxHP_equip__pkgEER/NE-dxAC_equip-pkgEER-14.8-IEER-TE-0.81/instance-out.sql,8525277.24,1054824.16
CZ11/EUn&0&cDXHP&Ex&dxHP_equip__pkgEER/NE-dxAC_equip-pkgSEER-13.4-SEER2/instance-out.sql,8607212.39,1054824.16
CZ11/EUn&0&cDXHP&Ex&dxHP_equip__pkgEER/NE-dxAC_equip-pkgEER-12.2-IEER-TE-0.80/instance-out.sql,8688728.77,1057470.72
CZ11/EUn&0&cDXHP&Ex&dxHP_equip__pkgEER/NE-dxAC_equip-pkgEER-11.4-IEER-TE-0.80/instance-out.sql,8789830.25,1057470.72
CZ11/EUn&0&cDXHP&Ex&dxHP_equip__pkgEER/NE-dxAC_equip-pkgEER-12.7-IEER-TE-0.80/instance-out.sql,8692671.45,1057470.72
CZ11/EUn&0&cDXHP&Ex&dxHP_equip__pkgEER/NE-dxAC_equip-pkgSEER-12.35-SEER2/instance-out.sql,8669339.44,1057470.72
CZ11/EUn&0&cDXHP&Ex&dxHP_equip__pkgEER/NE-dxHP_equip-pkgEER-14.5-IEER/instance-out.sql,8680951.72,843098.93
CZ11/EUn&0&cDXHP&Ex&dxHP_equip__pkgEER/NE-dxHP_equip-pkgEER-15.5-IEER/instance-out.sql,8628256.13,843098.93
CZ11/EUn&0&cDXHP&Ex&dxHP_equip__pkgEER/NE-dxHP_equip-pkgEER-13.5-IEER/instance-out.sql,8734384.01,843098.93
CZ11/EUn&0&cDXHP&Ex&dxHP_equip__pkgEER/NE-dxHP_equip-pkgEER-14-IEER/instance-out.sql,8694799.47,843098.93
CZ11/EUn&0&cDXHP&Ex&dxHP_equip__pkgEER/NE-dxHP_equip-pkgEER-15-IEER/instance-out.sql,8624660.04,843098.93
CZ11/EUn&0&cDXHP&Ex&dxHP_equip__pkgEER/NE-dxHP_equip-pkgEER-16-IEER/instance-out.sql,8555717.15,843098.93
CZ11/EUn&0&cDXHP&Ex&dxHP_equip__pkgEER/NE-dxHP_equip-pkgSEER-15.4-SEER2/instance-out.sql,8571172.78,843098.93
CZ11/EUn&0&cDXHP&Ex&dxHP_equip__pkgEER/NE-dxHP_equip-pkgSEER-16.3-SEER2/instance-out.sql,8524750.12,843098.93
CZ11/EUn&0&cDXHP&Ex&dxHP_equip__pkgEER/NE-dxHP_equip-pkgSEER-14.4-SEER2-1Stage/instance-out.sql,8617731.58,843098.93
CZ11/EUn&0&cDXHP&Ex&dxHP_equip__pkgEER/NE-dxHP_equip-pkgSEER-14.4-SEER2-2Stage/instance-out.sql,8000284.22,843594.18
CZ11/EUn&0&cDXHP&Ex&dxHP_equip__pkgEER/NE-dxHP_equip-spltSEER-14.4-SEER2-8.7-HSPF/instance-out.sql,8616222.85,843098.93
CZ11/EUn&0&cDXHP&Ex&dxHP_equip__pkgEER/NE-dxHP_equip-spltSEER-15.4-SEER2-9-HSPF/instance-out.sql,8569975.43,843098.93
CZ11/EUn&0&cDXHP&Ex&dxHP_equip__pkgEER/NE-dxHP_equip-spltSEER-16.3-SEER2-9.4-HSPF/instance-out.sql,8523855.28,843098.93
CZ11/EUn&0&cDXHP&Ex&dxHP_equip__pkgEER/NE-dxHP_equip-spltSEER-17.3-SEER2-9.7-HSPF/instance-out.sql,8488948.88,843098.93
CZ11/EUn&0&cDXHP&Ex&dxHP_equip__pkgEER/NE-dxAC_equip-pkgEER-14.2-IEER-TE-0.81-VarFan/instance-out.sql,8575779.74,1054903.54
CZ11/EUn&0&cDXHP&Ex&dxHP_equip__pkgEER/NE-dxAC_equip-pkgEER-13.2-IEER-TE-0.81-VarFan/instance-out.sql,8635013.07,1054903.54
CZ11/EUn&0&cDXHP&Ex&dxHP_equip__pkgEER/NE-dxAC_equip-pkgEER-14.8-IEER-TE-0.81-VarFan/instance-out.sql,8524550.92,1054903.54
CZ11/EUn&0&cDXHP&Ex&dxHP_equip__pkgEER/NE-dxAC_equip-pkgSEER-13.4-SEER2-VarFan/instance-out.sql,8606481.83,1054903.54
CZ11/Gro&0&cDXHP&Ex&dxHP_equip__pkgEER/NE-dxAC_equip-pkgEER-14.2-IEER-TE-0.81/instance-out.sql,1866726.10,200799.95
CZ11/Gro&0&cDXHP&Ex&dxHP_equip__pkgEER/NE-dxAC_equip-pkgEER-13.2-IEER-TE-0.81/instance-out.sql,1872527.53,200799.95
CZ11/Gro&0&cDXHP&Ex&dxHP_equip__pkgEER/NE-dxAC_equip-pkgEER-14.8-IEER-TE-0.81/instance-out.sql,1861708.65,200799.95
CZ11/Gro&0&cDXHP&Ex&dxHP_equip__pkgEER/NE-dxAC_equip-pkgSEER-13.4-SEER2/instance-out.sql,1869733.13,200799.95
CZ11/Gro&0&cDXHP&Ex&dxHP_equip__pkgEER/NE-dxAC_equip-pkgEER-12.2-IEER-TE-0.80/instance-out.sql,1877716.59,202607.61
CZ11/Gro&0&cDXHP&Ex&dxHP_equip__pkgEER/NE-dxAC_equip-pkgEER-11.4-IEER-TE-0.80/instance-out.sql,1887618.16,202607.61
CZ11/Gro&0&cDXHP&Ex&dxHP_equip__pkgEER/NE-dxAC_equip-pkgEER-12.7-IEER-TE-0.80/instance-out.sql,1878102.72,202607.61
CZ11/Gro&0&cDXHP&Ex&dxHP_equip__pkgEER/NE-dxAC_equip-pkgSEER-12.35-SEER2/instance-out.sql,1875817.66,202607.61
CZ11/Gro&0&cDXHP&Ex&dxHP_equip__pkgEER/NE-dxHP_equip-pkgEER-14.5-IEER/instance-out.sql,1916679.53,56187.49
CZ11/Gro&0&cDXHP&Ex&dxHP_equip__pkgEER/NE-dxHP_equip-pkgEER-15.5-IEER/instance-out.sql,1911328.20,56187.49
CZ11/Gro&0&cDXHP&Ex&dxHP_equip__pkgEER/NE-dxHP_equip-pkgEER-13.5-IEER/instance-out.sql,1922105.68,56187.49
CZ11/Gro&0&cDXHP&Ex&dxHP_equip__pkgEER/NE-dxHP_equip-pkgEER-14-IEER/instance-out.sql,1918085.80,56187.49
CZ11/Gro&0&cDXHP&Ex&dxHP_equip__pkgEER/NE-dxHP_equip-pkgEER-15-IEER/instance-out.sql,1909037.49,56187.49
CZ11/Gro&0&cDXHP&Ex&dxHP_equip__pkgEER/NE-dxHP_equip-pkgEER-16-IEER/instance-out.sql,1902036.22,56187.49
CZ11/Gro&0&cDXHP&Ex&dxHP_equip__pkgEER/NE-dxHP_equip-pkgSEER-15.4-SEER2/instance-out.sql,1901067.34,56187.49
CZ11/Gro&0&cDXHP&Ex&dxHP_equip__pkgEER/NE-dxHP_equip-pkgSEER-16.3-SEER2/instance-out.sql,1895711.91,56187.49
CZ11/Gro&0&cDXHP&Ex&dxHP_equip__pkgEER/NE-dxHP_equip-pkgSEER-14.4-SEER2-1Stage/instance-out.sql,1906314.78,56187.49
CZ11/Gro&0&cDXHP&Ex&dxHP_equip__pkgEER/NE-dxHP_equip-pkgSEER-14.4-SEER2-2Stage/instance-out.sql,1819363.73,56187.50
CZ11/Gro&0&cDXHP&Ex&dxHP_equip__pkgEER/NE-dxHP_equip-spltSEER-14.4-SEER2-8.7-HSPF/instance-out.sql,1905353.72,56187.49
CZ11/Gro&0&cDXHP&Ex&dxHP_equip__pkgEER/NE-dxHP_equip-spltSEER-15.4-SEER2-9-HSPF/instance-out.sql,1900304.62,56187.49
CZ11/Gro&0&cDXHP&Ex&dxHP_equip__pkgEER/NE-dxHP_equip-spltSEER-16.3-SEER2-9.4-HSPF/instance-out.sql,1895141.90,56187.49
CZ11/Gro&0&cDXHP&Ex&dxHP_equip__pkgEER/NE-dxHP_equip-spltSEER-17.3-SEER2-9.7-HSPF/instance-out.sql,1891330.59,56187.49
CZ11/Gro&0&cDXHP&Ex&dxHP_equip__pkgEER/NE-dxAC_equip-pkgEER-14.2-IEER-TE-0.81-VarFan/instance-out.sql,1866645.56,200823.91
CZ11/Gro&0&cDXHP&Ex&dxHP_equip__pkgEER/NE-dxAC_equip-pkgEER-13.2-IEER-TE-0.81-VarFan/instance-out.sql,1872446.75,200823.91
CZ11/Gro&0&cDXHP&Ex&dxHP_equip__pkgEER/NE-dxAC_equip-pkgEER-14.8-IEER-TE-0.81-VarFan/instance-out.sql,1861628.31,200823.91
CZ11/Gro&0&cDXHP&Ex&dxHP_equip__pkgEER/NE-dxAC_equip-pkgSEER-13.4-SEER2-VarFan/instance-out.sql,1869652.46,200823.91
CZ11/Hsp&0&cDXHP&Ex&dxHP_equip__pkgEER/NE-dxAC_equip-pkgEER-14.2-IEER-TE-0.81/instance-out.sql,3776413.94,613270.46
CZ11/Hsp&0&cDXHP&Ex&dxHP_equip__pkgEER/NE-dxAC_equip-pkgEER-13.2-IEER-TE-0.81/instance-out.sql,3786152.39,613270.46
CZ11/Hsp&0&cDXHP&Ex&dxHP_equip__pkgEER/NE-dxAC_equip-pkgEER-14.8-IEER-TE-0.81/instance-out.sql,3767991.49,613270.46
CZ11/Hsp&0&cDXHP&Ex&dxHP_equip__pkgEER/NE-dxAC_equip-pkgSEER-13.4-SEER2/instance-out.sql,3781461.62,613270.46
CZ11/Hsp&0&cDXHP&Ex&dxHP_equip__pkgEER/NE-dxAC_equip-pkgEER-12.2-IEER-TE-0.80/instance-out.sql,3794862.90,613609.80
CZ11/Hsp&0&cDXHP&Ex&dxHP_equip__pkgEER/NE-dxAC_equip-pkgEER-11.4-IEER-TE-0.80/instance-out.sql,3811483.96,613609.80
CZ11/Hsp&0&cDXHP&Ex&dxHP_equip__pkgEER/NE-dxAC_equip-pkgEER-12.7-IEER-TE-0.80/instance-out.sql,3795511.07,613609.80
CZ11/Hsp&0&cDXHP&Ex&dxHP_equip__pkgEER/NE-dxAC_equip-pkgSEER-12.35-SEER2/instance-out.sql,3791675.29,613609.80
CZ11/Hsp&0&cDXHP&Ex&dxHP_equip__pkgEER/NE-dxHP_equip-pkgEER-14.5-IEER/instance-out.sql,3795072.64,588521.27
CZ11/Hsp&0&cDXHP&Ex&dxHP_equip__pkgEER/NE-dxHP_equip-pkgEER-15.5-IEER/instance-out.sql,3786289.78,588521.27
CZ11/Hsp&0&cDXHP&Ex&dxHP_equip__pkgEER/NE-dxHP_equip-pkgEER-13.5-IEER/instance-out.sql,3803978.29,588521.27
CZ11/Hsp&0&cDXHP&Ex&dxHP_equip__pkgEER/NE-dxHP_equip-pkgEER-14-IEER/instance-out.sql,3797380.67,588521.27
CZ11/Hsp&0&cDXHP&Ex&dxHP_equip__pkgEER/NE-dxHP_equip-pkgEER-15-IEER/instance-out.sql,3785826.82,588521.27
CZ11/Hsp&0&cDXHP&Ex&dxHP_equip__pkgEER/NE-dxHP_equip-pkgEER-16-IEER/instance-out.sql,3774335.99,588521.27
CZ11/Hsp&0&cDXHP&Ex&dxHP_equip__pkgEER/NE-dxHP_equip-pkgSEER-15.4-SEER2/instance-out.sql,3777091.83,588521.27
CZ11/Hsp&0&cDXHP&Ex&dxHP_equip__pkgEER/NE-dxHP_equip-pkgSEER-16.3-SEER2/instance-out.sql,3769399.91,588521.27
CZ11/Hsp&0&cDXHP&Ex&dxHP_equip__pkgEER/NE-dxHP_equip-pkgSEER-14.4-SEER2-1Stage/instance-out.sql,3784815.08,588521.27
CZ11/Hsp&0&cDXHP&Ex&dxHP_equip__pkgEER/NE-dxHP_equip-pkgSEER-14.4-SEER2-2Stage/instance-out.sql,3670586.87,591848.75
CZ11/Hsp&0&cDXHP&Ex&dxHP_equip__pkgEER/NE-dxHP_equip-spltSEER-14.4-SEER2-8.7-HSPF/instance-out.sql,3784620.84,588521.27
CZ11/Hsp&0&cDXHP&Ex&dxHP_equip__pkgEER/NE-dxHP_equip-spltSEER-15.4-SEER2-9-HSPF/instance-out.sql,3776937.68,588521.27
CZ11/Hsp&0&cDXHP&Ex&dxHP_equip__pkgEER/NE-dxHP_equip-spltSEER-16.3-SEER2-9.4-HSPF/instance-out.sql,3769284.70,588521.27
CZ11/Hsp&0&cDXHP&Ex&dxHP_equip__pkgEER/NE-dxHP_equip-spltSEER-17.3-SEER2-9.7-HSPF/instance-out.sql,3763485.68,588521.27
CZ11/MBT&0&cDXHP&Ex&dxHP_equip__pkgEER/NE-dxAC_equip-pkgEER-14.2-IEER-TE-0.81/instance-out.sql,3938167.67,3153858.46
CZ11/MBT&0&cDXHP&Ex&dxHP_equip__pkgEER/NE-dxAC_equip-pkgEER-13.2-IEER-TE-0.81/instance-out.sql,3950148.58,3153858.46
CZ11/MBT&0&cDXHP&Ex&dxHP_equip__pkgEER/NE-dxAC_equip-pkgEER-14.8-IEER-TE-0.81/instance-out.sql,3927805.81,3153858.46
CZ11/MBT&0&cDXHP&Ex&dxHP_equip__pkgEER/NE-dxAC_equip-pkgSEER-13.4-SEER2/instance-out.sql,3944377.67,3153858.46
CZ11/MBT&0&cDXHP&Ex&dxHP_equip__pkgEER/NE-dxAC_equip-pkgEER-12.2-IEER-TE-0.80/instance-out.sql,3960864.83,3155053.10
CZ11/MBT&0&cDXHP&Ex&dxHP_equip__pkgEER/NE-dxAC_equip-pkgEER-11.4-IEER-TE-0.80/instance-out.sql,3981313.18,3155053.10
CZ11/MBT&0&cDXHP&Ex&dxHP_equip__pkgEER/NE-dxAC_equip-pkgEER-12.7-IEER-TE-0.80/instance-out.sql,3961662.26,3155053.10
CZ11/MBT&0&cDXHP&Ex&dxHP_equip__pkgEER/NE-dxAC_equip-pkgSEER-12.35-SEER2/instance-out.sql,3956943.22,3155053.10
CZ11/MBT&0&cDXHP&Ex&dxHP_equip__pkgEER/NE-dxHP_equip-pkgEER-14.5-IEER/instance-out.sql,3976799.90,3058306.02
CZ11/MBT&0&cDXHP&Ex&dxHP_equip__pkgEER/NE-dxHP_equip-pkgEER-15.5-IEER/instance-out.sql,3966037.69,3058306.02
CZ11/MBT&0&cDXHP&Ex&dxHP_equip__pkgEER/NE-dxHP_equip-pkgEER-13.5-IEER/instance-out.sql,3987712.57,3058306.02
CZ11/MBT&0&cDXHP&Ex&dxHP_equip__pkgEER/NE-dxHP_equip-pkgEER-14-IEER/instance-out.sql,3979628.08,3058306.02
CZ11/MBT&0&cDXHP&Ex&dxHP_equip__pkgEER/NE-dxHP_equip-pkgEER-15-IEER/instance-out.sql,3964454.42,3058306.02
CZ11/MBT&0&cDXHP&Ex&dxHP_equip__pkgEER/NE-dxHP_equip-pkgEER-16-IEER/instance-out.sql,3950373.97,3058306.02
CZ11/MBT&0&cDXHP&Ex&dxHP_equip__pkgEER/NE-dxHP_equip-pkgSEER-15.4-SEER2/instance-out.sql,3952411.51,3058306.02
CZ11/MBT&0&cDXHP&Ex&dxHP_equip__pkgEER/NE-dxHP_equip-pkgSEER-16.3-SEER2/instance-out.sql,3942647.82,3058306.02
CZ11/MBT&0&cDXHP&Ex&dxHP_equip__pkgEER/NE-dxHP_equip-pkgSEER-14.4-SEER2-1Stage/instance-out.sql,3962149.31,3058306.02
CZ11/MBT&0&cDXHP&Ex&dxHP_equip__pkgEER/NE-dxHP_equip-pkgSEER-14.4-SEER2-2Stage/instance-out.sql,3825431.17,3060643.72
CZ11/MBT&0&cDXHP&Ex&dxHP_equip__pkgEER/NE-dxHP_equip-spltSEER-14.4-SEER2-8.7-HSPF/instance-out.sql,3961485.05,3058306.02
CZ11/MBT&0&cDXHP&Ex&dxHP_equip__pkgEER/NE-dxHP_equip-spltSEER-15.4-SEER2-9-HSPF/instance-out.sql,3951884.35,3058306.02
CZ11/MBT&0&cDXHP&Ex&dxHP_equip__pkgEER/NE-dxHP_equip-spltSEER-16.3-SEER2-9.4-HSPF/instance-out.sql,3942253.84,3058306.02
CZ11/MBT&0&cDXHP&Ex&dxHP_equip__pkgEER/NE-dxHP_equip-spltSEER-17.3-SEER2-9.7-HSPF/instance-out.sql,3935007.30,3058306.02
CZ11/MLI&0&cDXHP&Ex&dxHP_equip__pkgEER/NE-dxAC_equip-pkgEER-14.2-IEER-TE-0.81/instance-out.sql,1189100.71,179262.02
CZ11/MLI&0&cDXHP&Ex&dxHP_equip__pkgEER/NE-dxAC_equip-pkgEER-13.2-IEER-TE-0.81/instance-out.sql,1202023.56,179262.02
CZ11/MLI&0&cDXHP&Ex&dxHP_equip__pkgEER/NE-dxAC_equip-pkgEER-14.8-IEER-TE-0.81/instance-out.sql,1177924.19,179262.02
CZ11/MLI&0&cDXHP&Ex&dxHP_equip__pkgEER/NE-dxAC_equip-pkgSEER-13.4-SEER2/instance-out.sql,1195798.94,179262.02
CZ11/MLI&0&cDXHP&Ex&dxHP_equip__pkgEER/NE-dxAC_equip-pkgEER-12.2-IEER-TE-0.80/instance-out.sql,1213582.34,180938.46
CZ11/MLI&0&cDXHP&Ex&dxHP_equip__pkgEER/NE-dxAC_equip-pkgEER-11.4-IEER-TE-0.80/instance-out.sql,1235638.36,180938.46
CZ11/MLI&0&cDXHP&Ex&dxHP_equip__pkgEER/NE-dxAC_equip-pkgEER-12.7-IEER-TE-0.80/instance-out.sql,1214442.46,180938.46
CZ11/MLI&0&cDXHP&Ex&dxHP_equip__pkgEER/NE-dxAC_equip-pkgSEER-12.35-SEER2/instance-out.sql,1209352.41,180938.46
CZ11/MLI&0&cDXHP&Ex&dxHP_equip__pkgEER/NE-dxHP_equip-pkgEER-14.5-IEER/instance-out.sql,1227684.62,45147.12
CZ11/MLI&0&cDXHP&Ex&dxHP_equip__pkgEER/NE-dxHP_equip-pkgEER-15.5-IEER/instance-out.sql,1216658.07,45147.12
CZ11/MLI&0&cDXHP&Ex&dxHP_equip__pkgEER/NE-dxHP_equip-pkgEER-13.5-IEER/instance-out.sql,1238865.32,45147.12
CZ11/MLI&0&cDXHP&Ex&dxHP_equip__pkgEER/NE-dxHP_equip-pkgEER-14-IEER/instance-out.sql,1230582.26,45147.12
CZ11/MLI&0&cDXHP&Ex&dxHP_equip__pkgEER/NE-dxHP_equip-pkgEER-15-IEER/instance-out.sql,1214435.53,45147.12
CZ11/MLI&0&cDXHP&Ex&dxHP_equip__pkgEER/NE-dxHP_equip-pkgEER-16-IEER/instance-out.sql,1200009.23,45147.12
CZ11/MLI&0&cDXHP&Ex&dxHP_equip__pkgEER/NE-dxHP_equip-pkgSEER-15.4-SEER2/instance-out.sql,1201305.34,45147.12
CZ11/MLI&0&cDXHP&Ex&dxHP_equip__pkgEER/NE-dxHP_equip-pkgSEER-16.3-SEER2/instance-out.sql,1191101.93,45147.12
CZ11/MLI&0&cDXHP&Ex&dxHP_equip__pkgEER/NE-dxHP_equip-pkgSEER-14.4-SEER2-1Stage/instance-out.sql,1211444.24,45147.12
CZ11/MLI&0&cDXHP&Ex&dxHP_equip__pkgEER/NE-dxHP_equip-pkgSEER-14.4-SEER2-2Stage/instance-out.sql,1064677.07,45147.14
CZ11/MLI&0&cDXHP&Ex&dxHP_equip__pkgEER/NE-dxHP_equip-spltSEER-14.4-SEER2-8.7-HSPF/instance-out.sql,1210511.78,45147.12
CZ11/MLI&0&cDXHP&Ex&dxHP_equip__pkgEER/NE-dxHP_equip-spltSEER-15.4-SEER2-9-HSPF/instance-out.sql,1200565.32,45147.12
CZ11/MLI&0&cDXHP&Ex&dxHP_equip__pkgEER/NE-dxHP_equip-spltSEER-16.3-SEER2-9.4-HSPF/instance-out.sql,1190548.88,45147.12
CZ11/MLI&0&cDXHP&Ex&dxHP_equip__pkgEER/NE-dxHP_equip-spltSEER-17.3-SEER2-9.7-HSPF/instance-out.sql,1183041.26,45147.12
CZ11/Mtl&0&cDXHP&Ex&dxHP_equip__pkgEER/NE-dxAC_equip-pkgEER-14.2-IEER-TE-0.81/instance-out.sql,199623.32,29180.30
CZ11/Mtl&0&cDXHP&Ex&dxHP_equip__pkgEER/NE-dxAC_equip-pkgEER-13.2-IEER-TE-0.81/instance-out.sql,201910.51,29180.30
CZ11/Mtl&0&cDXHP&Ex&dxHP_equip__pkgEER/NE-dxAC_equip-pkgEER-14.8-IEER-TE-0.81/instance-out.sql,197645.21,29180.30
CZ11/Mtl&0&cDXHP&Ex&dxHP_equip__pkgEER/NE-dxAC_equip-pkgSEER-13.4-SEER2/instance-out.sql,200808.82,29180.30
CZ11/Mtl&0&cDXHP&Ex&dxHP_equip__pkgEER/NE-dxAC_equip-pkgEER-12.2-IEER-TE-0.80/instance-out.sql,203956.27,29441.13
CZ11/Mtl&0&cDXHP&Ex&dxHP_equip__pkgEER/NE-dxAC_equip-pkgEER-11.4-IEER-TE-0.80/instance-out.sql,207859.92,29441.13
CZ11/Mtl&0&cDXHP&Ex&dxHP_equip__pkgEER/NE-dxAC_equip-pkgEER-12.7-IEER-TE-0.80/instance-out.sql,204108.50,29441.13
CZ11/Mtl&0&cDXHP&Ex&dxHP_equip__pkgEER/NE-dxAC_equip-pkgSEER-12.35-SEER2/instance-out.sql,203207.63,29441.13
CZ11/Mtl&0&cDXHP&Ex&dxHP_equip__pkgEER/NE-dxHP_equip-pkgEER-14.5-IEER/instance-out.sql,205931.58,8313.68
CZ11/Mtl&0&cDXHP&Ex&dxHP_equip__pkgEER/NE-dxHP_equip-pkgEER-15.5-IEER/instance-out.sql,203960.37,8313.68
CZ11/Mtl&0&cDXHP&Ex&dxHP_equip__pkgEER/NE-dxHP_equip-pkgEER-13.5-IEER/instance-out.sql,207930.35,8313.68
CZ11/Mtl&0&cDXHP&Ex&dxHP_equip__pkgEER/NE-dxHP_equip-pkgEER-14-IEER/instance-out.sql,206449.59,8313.68
CZ11/Mtl&0&cDXHP&Ex&dxHP_equip__pkgEER/NE-dxHP_equip-pkgEER-15-IEER/instance-out.sql,203612.67,8313.68
CZ11/Mtl&0&cDXHP&Ex&dxHP_equip__pkgEER/NE-dxHP_equip-pkgEER-16-IEER/instance-out.sql,201033.69,8313.68
CZ11/Mtl&0&cDXHP&Ex&dxHP_equip__pkgEER/NE-dxHP_equip-pkgSEER-15.4-SEER2/instance-out.sql,201330.80,8313.68
CZ11/Mtl&0&cDXHP&Ex&dxHP_equip__pkgEER/NE-dxHP_equip-pkgSEER-16.3-SEER2/instance-out.sql,199523.26,8313.68
CZ11/Mtl&0&cDXHP&Ex&dxHP_equip__pkgEER/NE-dxHP_equip-pkgSEER-14.4-SEER2-1Stage/instance-out.sql,203129.95,8313.68
CZ11/Mtl&0&cDXHP&Ex&dxHP_equip__pkgEER/NE-dxHP_equip-pkgSEER-14.4-SEER2-2Stage/instance-out.sql,179481.98,8364.93
CZ11/Mtl&0&cDXHP&Ex&dxHP_equip__pkgEER/NE-dxHP_equip-spltSEER-14.4-SEER2-8.7-HSPF/instance-out.sql,202984.07,8313.68
CZ11/Mtl&0&cDXHP&Ex&dxHP_equip__pkgEER/NE-dxHP_equip-spltSEER-15.4-SEER2-9-HSPF/instance-out.sql,201215.03,8313.68
CZ11/Mtl&0&cDXHP&Ex&dxHP_equip__pkgEER/NE-dxHP_equip-spltSEER-16.3-SEER2-9.4-HSPF/instance-out.sql,199436.74,8313.68
CZ11/Mtl&0&cDXHP&Ex&dxHP_equip__pkgEER/NE-dxHP_equip-spltSEER-17.3-SEER2-9.7-HSPF/instance-out.sql,198101.47,8313.68
CZ11/Nrs&0&cDXHP&Ex&dxHP_equip__pkgEER/NE-dxAC_equip-pkgEER-14.2-IEER-TE-0.81/instance-out.sql,870292.78,268524.28
CZ11/Nrs&0&cDXHP&Ex&dxHP_equip__pkgEER/NE-dxAC_equip-pkgEER-13.2-IEER-TE-0.81/instance-out.sql,874520.92,268524.28
CZ11/Nrs&0&cDXHP&Ex&dxHP_equip__pkgEER/NE-dxAC_equip-pkgEER-14.8-IEER-TE-0.81/instance-out.sql,866636.02,268524.28
CZ11/Nrs&0&cDXHP&Ex&dxHP_equip__pkgEER/NE-dxAC_equip-pkgSEER-13.4-SEER2/instance-out.sql,872484.33,268524.28
CZ11/Nrs&0&cDXHP&Ex&dxHP_equip__pkgEER/NE-dxAC_equip-pkgEER-12.2-IEER-TE-0.80/instance-out.sql,878302.75,268799.89
CZ11/Nrs&0&cDXHP&Ex&dxHP_equip__pkgEER/NE-dxAC_equip-pkgEER-11.4-IEER-TE-0.80/instance-out.sql,885519.10,268799.89
CZ11/Nrs&0&cDXHP&Ex&dxHP_equip__pkgEER/NE-dxAC_equip-pkgEER-12.7-IEER-TE-0.80/instance-out.sql,878584.17,268799.89
CZ11/Nrs&0&cDXHP&Ex&dxHP_equip__pkgEER/NE-dxAC_equip-pkgSEER-12.35-SEER2/instance-out.sql,876918.79,268799.89
CZ11/Nrs&0&cDXHP&Ex&dxHP_equip__pkgEER/NE-dxHP_equip-pkgEER-14.5-IEER/instance-out.sql,876836.97,246438.54
CZ11/Nrs&0&cDXHP&Ex&dxHP_equip__pkgEER/NE-dxHP_equip-pkgEER-15.5-IEER/instance-out.sql,873203.73,246438.54
CZ11/Nrs&0&cDXHP&Ex&dxHP_equip__pkgEER/NE-dxHP_equip-pkgEER-13.5-IEER/instance-out.sql,880521.00,246438.54
CZ11/Nrs&0&cDXHP&Ex&dxHP_equip__pkgEER/NE-dxHP_equip-pkgEER-14-IEER/instance-out.sql,877791.74,246438.54
CZ11/Nrs&0&cDXHP&Ex&dxHP_equip__pkgEER/NE-dxHP_equip-pkgEER-15-IEER/instance-out.sql,872834.37,246438.54
CZ11/Nrs&0&cDXHP&Ex&dxHP_equip__pkgEER/NE-dxHP_equip-pkgEER-16-IEER/instance-out.sql,868080.92,246438.54
CZ11/Nrs&0&cDXHP&Ex&dxHP_equip__pkgEER/NE-dxHP_equip-pkgSEER-15.4-SEER2/instance-out.sql,868986.48,246438.54
CZ11/Nrs&0&cDXHP&Ex&dxHP_equip__pkgEER/NE-dxHP_equip-pkgSEER-16.3-SEER2/instance-out.sql,865745.32,246438.54
CZ11/Nrs&0&cDXHP&Ex&dxHP_equip__pkgEER/NE-dxHP_equip-pkgSEER-14.4-SEER2-1Stage/instance-out.sql,872229.35,246438.54
CZ11/Nrs&0&cDXHP&Ex&dxHP_equip__pkgEER/NE-dxHP_equip-pkgSEER-14.4-SEER2-2Stage/instance-out.sql,828115.38,247609.44
CZ11/Nrs&0&cDXHP&Ex&dxHP_equip__pkgEER/NE-dxHP_equip-spltSEER-14.4-SEER2-8.7-HSPF/instance-out.sql,872074.39,246438.54
CZ11/Nrs&0&cDXHP&Ex&dxHP_equip__pkgEER/NE-dxHP_equip-spltSEER-15.4-SEER2-9-HSPF/instance-out.sql,868863.50,246438.54
CZ11/Nrs&0&cDXHP&Ex&dxHP_equip__pkgEER/NE-dxHP_equip-spltSEER-16.3-SEER2-9.4-HSPF/instance-out.sql,865653.41,246438.54
CZ11/Nrs&0&cDXHP&Ex&dxHP_equip__pkgEER/NE-dxHP_equip-spltSEER-17.3-SEER2-9.7-HSPF/instance-out.sql,863229.89,246438.54
CZ11/OfL&0&cDXHP&Ex&dxHP_equip__pkgEER/NE-dxAC_equip-pkgEER-14.2-IEER-TE-0.81/instance-out.sql,3009842.17,188405.02
CZ11/OfL&0&cDXHP&Ex&dxHP_equip__pkgEER/NE-dxAC_equip-pkgEER-13.2-IEER-TE-0.81/instance-out.sql,3037744.63,188405.02
CZ11/OfL&0&cDXHP&Ex&dxHP_equip__pkgEER/NE-dxAC_equip-pkgEER-14.8-IEER-TE-0.81/instance-out.sql,2985710.31,188405.02
CZ11/OfL&0&cDXHP&Ex&dxHP_equip__pkgEER/NE-dxAC_equip-pkgSEER-13.4-SEER2/instance-out.sql,3024304.70,188405.02
CZ11/OfL&0&cDXHP&Ex&dxHP_equip__pkgEER/NE-dxAC_equip-pkgEER-12.2-IEER-TE-0.80/instance-out.sql,3062701.83,188950.84
CZ11/OfL&0&cDXHP&Ex&dxHP_equip__pkgEER/NE-dxAC_equip-pkgEER-11.4-IEER-TE-0.80/instance-out.sql,3110324.24,188950.84
CZ11/OfL&0&cDXHP&Ex&dxHP_equip__pkgEER/NE-dxAC_equip-pkgEER-12.7-IEER-TE-0.80/instance-out.sql,3064558.97,188950.84
CZ11/OfL&0&cDXHP&Ex&dxHP_equip__pkgEER/NE-dxAC_equip-pkgSEER-12.35-SEER2/instance-out.sql,3053568.76,188950.84
CZ11/OfL&0&cDXHP&Ex&dxHP_equip__pkgEER/NE-dxHP_equip-pkgEER-14.5-IEER/instance-out.sql,3043568.93,144746.52
CZ11/OfL&0&cDXHP&Ex&dxHP_equip__pkgEER/NE-dxHP_equip-pkgEER-15.5-IEER/instance-out.sql,3018846.48,144746.52
CZ11/OfL&0&cDXHP&Ex&dxHP_equip__pkgEER/NE-dxHP_equip-pkgEER-13.5-IEER/instance-out.sql,3068637.00,144746.52
CZ11/OfL&0&cDXHP&Ex&dxHP_equip__pkgEER/NE-dxHP_equip-pkgEER-14-IEER/instance-out.sql,3050065.68,144746.52
CZ11/OfL&0&cDXHP&Ex&dxHP_equip__pkgEER/NE-dxHP_equip-pkgEER-15-IEER/instance-out.sql,3018095.68,144746.52
CZ11/OfL&0&cDXHP&Ex&dxHP_equip__pkgEER/NE-dxHP_equip-pkgEER-16-IEER/instance-out.sql,2985750.72,144746.52
CZ11/OfL&0&cDXHP&Ex&dxHP_equip__pkgEER/NE-dxHP_equip-pkgSEER-15.4-SEER2/instance-out.sql,2994236.19,144746.52
CZ11/OfL&0&cDXHP&Ex&dxHP_equip__pkgEER/NE-dxHP_equip-pkgSEER-16.3-SEER2/instance-out.sql,2972768.49,144746.52
CZ11/OfL&0&cDXHP&Ex&dxHP_equip__pkgEER/NE-dxHP_equip-pkgSEER-14.4-SEER2-1Stage/instance-out.sql,3015827.00,144746.52
CZ11/OfL&0&cDXHP&Ex&dxHP_equip__pkgEER/NE-dxHP_equip-pkgSEER-14.4-SEER2-2Stage/instance-out.sql,2732207.20,144131.27
CZ11/OfL&0&cDXHP&Ex&dxHP_equip__pkgEER/NE-dxHP_equip-spltSEER-14.4-SEER2-8.7-HSPF/instance-out.sql,3015512.01,144746.52
CZ11/OfL&0&cDXHP&Ex&dxHP_equip__pkgEER/NE-dxHP_equip-spltSEER-15.4-SEER2-9-HSPF/instance-out.sql,2993986.21,144746.52
CZ11/OfL&0&cDXHP&Ex&dxHP_equip__pkgEER/NE-dxHP_equip-spltSEER-16.3-SEER2-9.4-HSPF/instance-out.sql,2972581.66,144746.52
CZ11/OfL&0&cDXHP&Ex&dxHP_equip__pkgEER/NE-dxHP_equip-spltSEER-17.3-SEER2-9.7-HSPF/instance-out.sql,2956334.71,144746.52
CZ11/OfL&0&cDXHP&Ex&dxHP_equip__pkgEER/NE-dxAC_equip-pkgEER-14.2-IEER-TE-0.81-VarFan/instance-out.sql,3009470.41,188423.39
CZ11/OfL&0&cDXHP&Ex&dxHP_equip__pkgEER/NE-dxAC_equip-pkgEER-13.2-IEER-TE-0.81-VarFan/instance-out.sql,3037371.57,188423.39
CZ11/OfL&0&cDXHP&Ex&dxHP_equip__pkgEER/NE-dxAC_equip-pkgEER-14.8-IEER-TE-0.81-VarFan/instance-out.sql,2985339.68,188423.39
CZ11/OfL&0&cDXHP&Ex&dxHP_equip__pkgEER/NE-dxAC_equip-pkgSEER-13.4-SEER2-VarFan/instance-out.sql,3023932.27,188423.39
CZ11/OfS&0&cDXHP&Ex&dxHP_equip__pkgEER/NE-dxAC_equip-pkgEER-14.2-IEER-TE-0.81/instance-out.sql,167052.11,27935.04
CZ11/OfS&0&cDXHP&Ex&dxHP_equip__pkgEER/NE-dxAC_equip-pkgEER-13.2-IEER-TE-0.81/instance-out.sql,169185.64,27935.04
CZ11/OfS&0&cDXHP&Ex&dxHP_equip__pkgEER/NE-dxAC_equip-pkgEER-14.8-IEER-TE-0.81/instance-out.sql,165206.90,27935.04
CZ11/OfS&0&cDXHP&Ex&dxHP_equip__pkgEER/NE-dxAC_equip-pkgSEER-13.4-SEER2/instance-out.sql,168157.97,27935.04
CZ11/OfS&0&cDXHP&Ex&dxHP_equip__pkgEER/NE-dxAC_equip-pkgEER-12.2-IEER-TE-0.80/instance-out.sql,171093.96,28025.33
CZ11/OfS&0&cDXHP&Ex&dxHP_equip__pkgEER/NE-dxAC_equip-pkgEER-11.4-IEER-TE-0.80/instance-out.sql,174735.35,28025.33
CZ11/OfS&0&cDXHP&Ex&dxHP_equip__pkgEER/NE-dxAC_equip-pkgEER-12.7-IEER-TE-0.80/instance-out.sql,171235.96,28025.33
CZ11/OfS&0&cDXHP&Ex&dxHP_equip__pkgEER/NE-dxAC_equip-pkgSEER-12.35-SEER2/instance-out.sql,170395.61,28025.33
CZ11/OfS&0&cDXHP&Ex&dxHP_equip__pkgEER/NE-dxHP_equip-pkgEER-14.5-IEER/instance-out.sql,169869.62,20711.78
CZ11/OfS&0&cDXHP&Ex&dxHP_equip__pkgEER/NE-dxHP_equip-pkgEER-15.5-IEER/instance-out.sql,168014.45,20711.78
CZ11/OfS&0&cDXHP&Ex&dxHP_equip__pkgEER/NE-dxHP_equip-pkgEER-13.5-IEER/instance-out.sql,171750.74,20711.78
CZ11/OfS&0&cDXHP&Ex&dxHP_equip__pkgEER/NE-dxHP_equip-pkgEER-14-IEER/instance-out.sql,170357.14,20711.78
CZ11/OfS&0&cDXHP&Ex&dxHP_equip__pkgEER/NE-dxHP_equip-pkgEER-15-IEER/instance-out.sql,167891.80,20711.78
CZ11/OfS&0&cDXHP&Ex&dxHP_equip__pkgEER/NE-dxHP_equip-pkgEER-16-IEER/instance-out.sql,165464.63,20711.78
CZ11/OfS&0&cDXHP&Ex&dxHP_equip__pkgEER/NE-dxHP_equip-pkgSEER-15.4-SEER2/instance-out.sql,166013.96,20711.78
CZ11/OfS&0&cDXHP&Ex&dxHP_equip__pkgEER/NE-dxHP_equip-pkgSEER-16.3-SEER2/instance-out.sql,164380.95,20711.78
CZ11/OfS&0&cDXHP&Ex&dxHP_equip__pkgEER/NE-dxHP_equip-pkgSEER-14.4-SEER2-1Stage/instance-out.sql,167652.02,20711.78
CZ11/OfS&0&cDXHP&Ex&dxHP_equip__pkgEER/NE-dxHP_equip-pkgSEER-14.4-SEER2-2Stage/instance-out.sql,146827.24,20711.79
CZ11/OfS&0&cDXHP&Ex&dxHP_equip__pkgEER/NE-dxHP_equip-spltSEER-14.4-SEER2-8.7-HSPF/instance-out.sql,167600.57,20711.78
CZ11/OfS&0&cDXHP&Ex&dxHP_equip__pkgEER/NE-dxHP_equip-spltSEER-15.4-SEER2-9-HSPF/instance-out.sql,165973.13,20711.78
CZ11/OfS&0&cDXHP&Ex&dxHP_equip__pkgEER/NE-dxHP_equip-spltSEER-16.3-SEER2-9.4-HSPF/instance-out.sql,164350.43,20711.78
CZ11/OfS&0&cDXHP&Ex&dxHP_equip__pkgEER/NE-dxHP_equip-spltSEER-17.3-SEER2-9.7-HSPF/instance-out.sql,163122.08,20711.78
CZ11/OfS&0&cDXHP&Ex&dxHP_equip__pkgEER/NE-dxAC_equip-pkgEER-14.2-IEER-TE-0.81-VarFan/instance-out.sql,167024.50,27938.41
CZ11/OfS&0&cDXHP&Ex&dxHP_equip__pkgEER/NE-dxAC_equip-pkgEER-13.2-IEER-TE-0.81-VarFan/instance-out.sql,169157.94,27938.41
CZ11/OfS&0&cDXHP&Ex&dxHP_equip__pkgEER/NE-dxAC_equip-pkgEER-14.8-IEER-TE-0.81-VarFan/instance-out.sql,165179.38,27938.41
CZ11/OfS&0&cDXHP&Ex&dxHP_equip__pkgEER/NE-dxAC_equip-pkgSEER-13.4-SEER2-VarFan/instance-out.sql,168130.31,27938.41
CZ11/RFF&0&cDXHP&Ex&dxHP_equip__pkgEER/NE-dxAC_equip-pkgEER-14.2-IEER-TE-0.81/instance-out.sql,77601.14,48234.13
CZ11/RFF&0&cDXHP&Ex&dxHP_equip__pkgEER/NE-dxAC_equip-pkgEER-13.2-IEER-TE-0.81/instance-out.sql,78208.53,48234.13
CZ11/RFF&0&cDXHP&Ex&dxHP_equip__pkgEER/NE-dxAC_equip-pkgEER-14.8-IEER-TE-0.81/instance-out.sql,77075.83,48234.13
CZ11/RFF&0&cDXHP&Ex&dxHP_equip__pkgEER/NE-dxAC_equip-pkgSEER-13.4-SEER2/instance-out.sql,77915.96,48234.13
CZ11/RFF&0&cDXHP&Ex&dxHP_equip__pkgEER/NE-dxAC_equip-pkgEER-12.2-IEER-TE-0.80/instance-out.sql,78751.81,48291.69
CZ11/RFF&0&cDXHP&Ex&dxHP_equip__pkgEER/NE-dxAC_equip-pkgEER-11.4-IEER-TE-0.80/instance-out.sql,79788.47,48291.69
CZ11/RFF&0&cDXHP&Ex&dxHP_equip__pkgEER/NE-dxAC_equip-pkgEER-12.7-IEER-TE-0.80/instance-out.sql,78792.23,48291.69
CZ11/RFF&0&cDXHP&Ex&dxHP_equip__pkgEER/NE-dxAC_equip-pkgSEER-12.35-SEER2/instance-out.sql,78552.99,48291.69
CZ11/RFF&0&cDXHP&Ex&dxHP_equip__pkgEER/NE-dxHP_equip-pkgEER-14.5-IEER/instance-out.sql,79077.78,43629.45
CZ11/RFF&0&cDXHP&Ex&dxHP_equip__pkgEER/NE-dxHP_equip-pkgEER-15.5-IEER/instance-out.sql,78553.41,43629.45
CZ11/RFF&0&cDXHP&Ex&dxHP_equip__pkgEER/NE-dxHP_equip-pkgEER-13.5-IEER/instance-out.sql,79609.48,43629.45
CZ11/RFF&0&cDXHP&Ex&dxHP_equip__pkgEER/NE-dxHP_equip-pkgEER-14-IEER/instance-out.sql,79215.57,43629.45
CZ11/RFF&0&cDXHP&Ex&dxHP_equip__pkgEER/NE-dxHP_equip-pkgEER-15-IEER/instance-out.sql,78475.29,43629.45
CZ11/RFF&0&cDXHP&Ex&dxHP_equip__pkgEER/NE-dxHP_equip-pkgEER-16-IEER/instance-out.sql,77789.25,43629.45
CZ11/RFF&0&cDXHP&Ex&dxHP_equip__pkgEER/NE-dxHP_equip-pkgSEER-15.4-SEER2/instance-out.sql,77887.24,43629.45
CZ11/RFF&0&cDXHP&Ex&dxHP_equip__pkgEER/NE-dxHP_equip-pkgSEER-16.3-SEER2/instance-out.sql,77411.19,43629.45
CZ11/RFF&0&cDXHP&Ex&dxHP_equip__pkgEER/NE-dxHP_equip-pkgSEER-14.4-SEER2-1Stage/instance-out.sql,78361.96,43629.45
CZ11/RFF&0&cDXHP&Ex&dxHP_equip__pkgEER/NE-dxHP_equip-pkgSEER-14.4-SEER2-2Stage/instance-out.sql,72427.97,43630.82
CZ11/RFF&0&cDXHP&Ex&dxHP_equip__pkgEER/NE-dxHP_equip-spltSEER-14.4-SEER2-8.7-HSPF/instance-out.sql,78329.18,43629.45
CZ11/RFF&0&cDXHP&Ex&dxHP_equip__pkgEER/NE-dxHP_equip-spltSEER-15.4-SEER2-9-HSPF/instance-out.sql,77861.23,43629.45
CZ11/RFF&0&cDXHP&Ex&dxHP_equip__pkgEER/NE-dxHP_equip-spltSEER-16.3-SEER2-9.4-HSPF/instance-out.sql,77391.76,43629.45
CZ11/RFF&0&cDXHP&Ex&dxHP_equip__pkgEER/NE-dxHP_equip-spltSEER-17.3-SEER2-9.7-HSPF/instance-out.sql,77038.55,43629.45
CZ11/RSD&0&cDXHP&Ex&dxHP_equip__pkgEER/NE-dxAC_equip-pkgEER-14.2-IEER-TE-0.81/instance-out.sql,152517.49,144129.95
CZ11/RSD&0&cDXHP&Ex&dxHP_equip__pkgEER/NE-dxAC_equip-pkgEER-13.2-IEER-TE-0.81/instance-out.sql,152810.20,144129.95
CZ11/RSD&0&cDXHP&Ex&dxHP_equip__pkgEER/NE-dxAC_equip-pkgEER-14.8-IEER-TE-0.81/instance-out.sql,152264.33,144129.95
CZ11/RSD&0&cDXHP&Ex&dxHP_equip__pkgEER/NE-dxAC_equip-pkgSEER-13.4-SEER2/instance-out.sql,152669.20,144129.95
CZ11/RSD&0&cDXHP&Ex&dxHP_equip__pkgEER/NE-dxAC_equip-pkgEER-12.2-IEER-TE-0.80/instance-out.sql,153072.01,144160.03
CZ11/RSD&0&cDXHP&Ex&dxHP_equip__pkgEER/NE-dxAC_equip-pkgEER-11.4-IEER-TE-0.80/instance-out.sql,153571.59,144160.03
CZ11/RSD&0&cDXHP&Ex&dxHP_equip__pkgEER/NE-dxAC_equip-pkgEER-12.7-IEER-TE-0.80/instance-out.sql,153091.49,144160.03
CZ11/RSD&0&cDXHP&Ex&dxHP_equip__pkgEER/NE-dxAC_equip-pkgSEER-12.35-SEER2/instance-out.sql,152976.20,144160.03
CZ11/RSD&0&cDXHP&Ex&dxHP_equip__pkgEER/NE-dxHP_equip-pkgEER-14.5-IEER/instance-out.sql,153265.67,141715.36
CZ11/RSD&0&cDXHP&Ex&dxHP_equip__pkgEER/NE-dxHP_equip-pkgEER-15.5-IEER/instance-out.sql,153013.56,141715.36
CZ11/RSD&0&cDXHP&Ex&dxHP_equip__pkgEER/NE-dxHP_equip-pkgEER-13.5-IEER/instance-out.sql,153521.30,141715.36
CZ11/RSD&0&cDXHP&Ex&dxHP_equip__pkgEER/NE-dxHP_equip-pkgEER-14-IEER/instance-out.sql,153331.92,141715.36
CZ11/RSD&0&cDXHP&Ex&dxHP_equip__pkgEER/NE-dxHP_equip-pkgEER-15-IEER/instance-out.sql,152972.77,141715.36
CZ11/RSD&0&cDXHP&Ex&dxHP_equip__pkgEER/NE-dxHP_equip-pkgEER-16-IEER/instance-out.sql,152642.93,141715.36
CZ11/RSD&0&cDXHP&Ex&dxHP_equip__pkgEER/NE-dxHP_equip-pkgSEER-15.4-SEER2/instance-out.sql,152685.77,141715.36
CZ11/RSD&0&cDXHP&Ex&dxHP_equip__pkgEER/NE-dxHP_equip-pkgSEER-16.3-SEER2/instance-out.sql,152455.82,141715.36
CZ11/RSD&0&cDXHP&Ex&dxHP_equip__pkgEER/NE-dxHP_equip-pkgSEER-14.4-SEER2-1Stage/instance-out.sql,152914.88,141715.36
CZ11/RSD&0&cDXHP&Ex&dxHP_equip__pkgEER/NE-dxHP_equip-pkgSEER-14.4-SEER2-2Stage/instance-out.sql,149658.45,141782.84
CZ11/RSD&0&cDXHP&Ex&dxHP_equip__pkgEER/NE-dxHP_equip-spltSEER-14.4-SEER2-8.7-HSPF/instance-out.sql,152897.77,141715.36
CZ11/RSD&0&cDXHP&Ex&dxHP_equip__pkgEER/NE-dxHP_equip-spltSEER-15.4-SEER2-9-HSPF/instance-out.sql,152672.19,141715.36
CZ11/RSD&0&cDXHP&Ex&dxHP_equip__pkgEER/NE-dxHP_equip-spltSEER-16.3-SEER2-9.4-HSPF/instance-out.sql,152445.67,141715.36
CZ11/RSD&0&cDXHP&Ex&dxHP_equip__pkgEER/NE-dxHP_equip-spltSEER-17.3-SEER2-9.7-HSPF/instance-out.sql,152275.41,141715.36
CZ11/Rt3&0&cDXHP&Ex&dxHP_equip__pkgEER/NE-dxAC_equip-pkgEER-14.2-IEER-TE-0.81/instance-out.sql,2271350.36,229980.56
CZ11/Rt3&0&cDXHP&Ex&dxHP_equip__pkgEER/NE-dxAC_equip-pkgEER-13.2-IEER-TE-0.81/instance-out.sql,2292384.49,229980.56
CZ11/Rt3&0&cDXHP&Ex&dxHP_equip__pkgEER/NE-dxAC_equip-pkgEER-14.8-IEER-TE-0.81/instance-out.sql,2253158.69,229980.56
CZ11/Rt3&0&cDXHP&Ex&dxHP_equip__pkgEER/NE-dxAC_equip-pkgSEER-13.4-SEER2/instance-out.sql,2282252.87,229980.56
CZ11/Rt3&0&cDXHP&Ex&dxHP_equip__pkgEER/NE-dxAC_equip-pkgEER-12.2-IEER-TE-0.80/instance-out.sql,2311198.34,230825.68
CZ11/Rt3&0&cDXHP&Ex&dxHP_equip__pkgEER/NE-dxAC_equip-pkgEER-11.4-IEER-TE-0.80/instance-out.sql,2347098.25,230825.68
CZ11/Rt3&0&cDXHP&Ex&dxHP_equip__pkgEER/NE-dxAC_equip-pkgEER-12.7-IEER-TE-0.80/instance-out.sql,2312598.34,230825.68
CZ11/Rt3&0&cDXHP&Ex&dxHP_equip__pkgEER/NE-dxAC_equip-pkgSEER-12.35-SEER2/instance-out.sql,2304313.43,230825.68
CZ11/Rt3&0&cDXHP&Ex&dxHP_equip__pkgEER/NE-dxHP_equip-pkgEER-14.5-IEER/instance-out.sql,2316399.19,162370.38
CZ11/Rt3&0&cDXHP&Ex&dxHP_equip__pkgEER/NE-dxHP_equip-pkgEER-15.5-IEER/instance-out.sql,2297149.20,162370.38
CZ11/Rt3&0&cDXHP&Ex&dxHP_equip__pkgEER/NE-dxHP_equip-pkgEER-13.5-IEER/instance-out.sql,2335918.31,162370.38
CZ11/Rt3&0&cDXHP&Ex&dxHP_equip__pkgEER/NE-dxHP_equip-pkgEER-14-IEER/instance-out.sql,2321457.86,162370.38
CZ11/Rt3&0&cDXHP&Ex&dxHP_equip__pkgEER/NE-dxHP_equip-pkgEER-15-IEER/instance-out.sql,2296000.72,162370.38
CZ11/Rt3&0&cDXHP&Ex&dxHP_equip__pkgEER/NE-dxHP_equip-pkgEER-16-IEER/instance-out.sql,2270815.49,162370.38
CZ11/Rt3&0&cDXHP&Ex&dxHP_equip__pkgEER/NE-dxHP_equip-pkgSEER-15.4-SEER2/instance-out.sql,2276679.30,162370.38
CZ11/Rt3&0&cDXHP&Ex&dxHP_equip__pkgEER/NE-dxHP_equip-pkgSEER-16.3-SEER2/instance-out.sql,2259775.84,162370.38
CZ11/Rt3&0&cDXHP&Ex&dxHP_equip__pkgEER/NE-dxHP_equip-pkgSEER-14.4-SEER2-1Stage/instance-out.sql,2293642.94,162370.38
CZ11/Rt3&0&cDXHP&Ex&dxHP_equip__pkgEER/NE-dxHP_equip-pkgSEER-14.4-SEER2-2Stage/instance-out.sql,2087073.09,162626.09
CZ11/Rt3&0&cDXHP&Ex&dxHP_equip__pkgEER/NE-dxHP_equip-spltSEER-14.4-SEER2-8.7-HSPF/instance-out.sql,2293161.10,162370.38
CZ11/Rt3&0&cDXHP&Ex&dxHP_equip__pkgEER/NE-dxHP_equip-spltSEER-15.4-SEER2-9-HSPF/instance-out.sql,2276296.91,162370.38
CZ11/Rt3&0&cDXHP&Ex&dxHP_equip__pkgEER/NE-dxHP_equip-spltSEER-16.3-SEER2-9.4-HSPF/instance-out.sql,2259490.06,162370.38
CZ11/Rt3&0&cDXHP&Ex&dxHP_equip__pkgEER/NE-dxHP_equip-spltSEER-17.3-SEER2-9.7-HSPF/instance-out.sql,2246761.42,162370.38
CZ11/Rt3&0&cDXHP&Ex&dxHP_equip__pkgEER/NE-dxAC_equip-pkgEER-14.2-IEER-TE-0.81-VarFan/instance-out.sql,2271113.45,230011.10
CZ11/Rt3&0&cDXHP&Ex&dxHP_equip__pkgEER/NE-dxAC_equip-pkgEER-13.2-IEER-TE-0.81-VarFan/instance-out.sql,2292146.71,230011.10
CZ11/Rt3&0&cDXHP&Ex&dxHP_equip__pkgEER/NE-dxAC_equip-pkgEER-14.8-IEER-TE-0.81-VarFan/instance-out.sql,2252922.52,230011.10
CZ11/Rt3&0&cDXHP&Ex&dxHP_equip__pkgEER/NE-dxAC_equip-pkgSEER-13.4-SEER2-VarFan/instance-out.sql,2282015.51,230011.10
CZ11/RtL&0&cDXHP&Ex&dxHP_equip__pkgEER/NE-dxAC_equip-pkgEER-14.2-IEER-TE-0.81/instance-out.sql,2294621.29,217206.22
CZ11/RtL&0&cDXHP&Ex&dxHP_equip__pkgEER/NE-dxAC_equip-pkgEER-13.2-IEER-TE-0.81/instance-out.sql,2316744.85,217206.22
CZ11/RtL&0&cDXHP&Ex&dxHP_equip__pkgEER/NE-dxAC_equip-pkgEER-14.8-IEER-TE-0.81/instance-out.sql,2275487.39,217206.22
CZ11/RtL&0&cDXHP&Ex&dxHP_equip__pkgEER/NE-dxAC_equip-pkgSEER-13.4-SEER2/instance-out.sql,2306088.48,217206.22
CZ11/RtL&0&cDXHP&Ex&dxHP_equip__pkgEER/NE-dxAC_equip-pkgEER-12.2-IEER-TE-0.80/instance-out.sql,2336533.16,217948.49
CZ11/RtL&0&cDXHP&Ex&dxHP_equip__pkgEER/NE-dxAC_equip-pkgEER-11.4-IEER-TE-0.80/instance-out.sql,2374292.47,217948.49
CZ11/RtL&0&cDXHP&Ex&dxHP_equip__pkgEER/NE-dxAC_equip-pkgEER-12.7-IEER-TE-0.80/instance-out.sql,2338005.66,217948.49
CZ11/RtL&0&cDXHP&Ex&dxHP_equip__pkgEER/NE-dxAC_equip-pkgSEER-12.35-SEER2/instance-out.sql,2329291.64,217948.49
CZ11/RtL&0&cDXHP&Ex&dxHP_equip__pkgEER/NE-dxHP_equip-pkgEER-14.5-IEER/instance-out.sql,2314487.22,157825.07
CZ11/RtL&0&cDXHP&Ex&dxHP_equip__pkgEER/NE-dxHP_equip-pkgEER-15.5-IEER/instance-out.sql,2295444.68,157825.07
CZ11/RtL&0&cDXHP&Ex&dxHP_equip__pkgEER/NE-dxHP_equip-pkgEER-13.5-IEER/instance-out.sql,2333795.99,157825.07
CZ11/RtL&0&cDXHP&Ex&dxHP_equip__pkgEER/NE-dxHP_equip-pkgEER-14-IEER/instance-out.sql,2319491.37,157825.07
CZ11/RtL&0&cDXHP&Ex&dxHP_equip__pkgEER/NE-dxHP_equip-pkgEER-15-IEER/instance-out.sql,2294434.03,157825.07
CZ11/RtL&0&cDXHP&Ex&dxHP_equip__pkgEER/NE-dxHP_equip-pkgEER-16-IEER/instance-out.sql,2269520.21,157825.07
CZ11/RtL&0&cDXHP&Ex&dxHP_equip__pkgEER/NE-dxHP_equip-pkgSEER-15.4-SEER2/instance-out.sql,2275486.21,157825.07
CZ11/RtL&0&cDXHP&Ex&dxHP_equip__pkgEER/NE-dxHP_equip-pkgSEER-16.3-SEER2/instance-out.sql,2258806.68,157825.07
CZ11/RtL&0&cDXHP&Ex&dxHP_equip__pkgEER/NE-dxHP_equip-pkgSEER-14.4-SEER2-1Stage/instance-out.sql,2292233.20,157825.07
CZ11/RtL&0&cDXHP&Ex&dxHP_equip__pkgEER/NE-dxHP_equip-pkgSEER-14.4-SEER2-2Stage/instance-out.sql,2092072.07,157825.47
CZ11/RtL&0&cDXHP&Ex&dxHP_equip__pkgEER/NE-dxHP_equip-spltSEER-14.4-SEER2-8.7-HSPF/instance-out.sql,2291809.19,157825.07
CZ11/RtL&0&cDXHP&Ex&dxHP_equip__pkgEER/NE-dxHP_equip-spltSEER-15.4-SEER2-9-HSPF/instance-out.sql,2275149.70,157825.07
CZ11/RtL&0&cDXHP&Ex&dxHP_equip__pkgEER/NE-dxHP_equip-spltSEER-16.3-SEER2-9.4-HSPF/instance-out.sql,2258555.20,157825.07
CZ11/RtL&0&cDXHP&Ex&dxHP_equip__pkgEER/NE-dxHP_equip-spltSEER-17.3-SEER2-9.7-HSPF/instance-out.sql,2245981.09,157825.07
CZ11/RtL&0&cDXHP&Ex&dxHP_equip__pkgEER/NE-dxAC_equip-pkgEER-14.2-IEER-TE-0.81-VarFan/instance-out.sql,2294393.09,217231.24
CZ11/RtL&0&cDXHP&Ex&dxHP_equip__pkgEER/NE-dxAC_equip-pkgEER-13.2-IEER-TE-0.81-VarFan/instance-out.sql,2316515.70,217231.24
CZ11/RtL&0&cDXHP&Ex&dxHP_equip__pkgEER/NE-dxAC_equip-pkgEER-14.8-IEER-TE-0.81-VarFan/instance-out.sql,2275260.03,217231.24
CZ11/RtL&0&cDXHP&Ex&dxHP_equip__pkgEER/NE-dxAC_equip-pkgSEER-13.4-SEER2-VarFan/instance-out.sql,2305859.79,217231.24
CZ11/RtS&0&cDXHP&Ex&dxHP_equip__pkgEER/NE-dxAC_equip-pkgEER-14.2-IEER-TE-0.81/instance-out.sql,148240.84,26804.44
CZ11/RtS&0&cDXHP&Ex&dxHP_equip__pkgEER/NE-dxAC_equip-pkgEER-13.2-IEER-TE-0.81/instance-out.sql,149932.79,26804.44
CZ11/RtS&0&cDXHP&Ex&dxHP_equip__pkgEER/NE-dxAC_equip-pkgEER-14.8-IEER-TE-0.81/instance-out.sql,146777.54,26804.44
CZ11/RtS&0&cDXHP&Ex&dxHP_equip__pkgEER/NE-dxAC_equip-pkgSEER-13.4-SEER2/instance-out.sql,149117.82,26804.44
CZ11/RtS&0&cDXHP&Ex&dxHP_equip__pkgEER/NE-dxAC_equip-pkgEER-12.2-IEER-TE-0.80/instance-out.sql,151446.14,26953.02
CZ11/RtS&0&cDXHP&Ex&dxHP_equip__pkgEER/NE-dxAC_equip-pkgEER-11.4-IEER-TE-0.80/instance-out.sql,154333.86,26953.02
CZ11/RtS&0&cDXHP&Ex&dxHP_equip__pkgEER/NE-dxAC_equip-pkgEER-12.7-IEER-TE-0.80/instance-out.sql,151558.75,26953.02
CZ11/RtS&0&cDXHP&Ex&dxHP_equip__pkgEER/NE-dxAC_equip-pkgSEER-12.35-SEER2/instance-out.sql,150892.33,26953.02
CZ11/RtS&0&cDXHP&Ex&dxHP_equip__pkgEER/NE-dxHP_equip-pkgEER-14.5-IEER/instance-out.sql,151564.97,14917.61
CZ11/RtS&0&cDXHP&Ex&dxHP_equip__pkgEER/NE-dxHP_equip-pkgEER-15.5-IEER/instance-out.sql,150119.69,14917.61
CZ11/RtS&0&cDXHP&Ex&dxHP_equip__pkgEER/NE-dxHP_equip-pkgEER-13.5-IEER/instance-out.sql,153030.46,14917.61
CZ11/RtS&0&cDXHP&Ex&dxHP_equip__pkgEER/NE-dxHP_equip-pkgEER-14-IEER/instance-out.sql,151944.78,14917.61
CZ11/RtS&0&cDXHP&Ex&dxHP_equip__pkgEER/NE-dxHP_equip-pkgEER-15-IEER/instance-out.sql,149923.74,14917.61
CZ11/RtS&0&cDXHP&Ex&dxHP_equip__pkgEER/NE-dxHP_equip-pkgEER-16-IEER/instance-out.sql,148032.84,14917.61
CZ11/RtS&0&cDXHP&Ex&dxHP_equip__pkgEER/NE-dxHP_equip-pkgSEER-15.4-SEER2/instance-out.sql,148328.44,14917.61
CZ11/RtS&0&cDXHP&Ex&dxHP_equip__pkgEER/NE-dxHP_equip-pkgSEER-16.3-SEER2/instance-out.sql,147022.80,14917.61
CZ11/RtS&0&cDXHP&Ex&dxHP_equip__pkgEER/NE-dxHP_equip-pkgSEER-14.4-SEER2-1Stage/instance-out.sql,149631.65,14917.61
CZ11/RtS&0&cDXHP&Ex&dxHP_equip__pkgEER/NE-dxHP_equip-pkgSEER-14.4-SEER2-2Stage/instance-out.sql,135527.85,14917.62
CZ11/RtS&0&cDXHP&Ex&dxHP_equip__pkgEER/NE-dxHP_equip-spltSEER-14.4-SEER2-8.7-HSPF/instance-out.sql,149549.44,14917.61
CZ11/RtS&0&cDXHP&Ex&dxHP_equip__pkgEER/NE-dxHP_equip-spltSEER-15.4-SEER2-9-HSPF/instance-out.sql,148263.19,14917.61
CZ11/RtS&0&cDXHP&Ex&dxHP_equip__pkgEER/NE-dxHP_equip-spltSEER-16.3-SEER2-9.4-HSPF/instance-out.sql,146974.04,14917.61
CZ11/RtS&0&cDXHP&Ex&dxHP_equip__pkgEER/NE-dxHP_equip-spltSEER-17.3-SEER2-9.7-HSPF/instance-out.sql,146003.19,14917.61
CZ11/RtS&0&cDXHP&Ex&dxHP_equip__pkgEER/NE-dxAC_equip-pkgEER-14.2-IEER-TE-0.81-VarFan/instance-out.sql,148223.42,26807.90
CZ11/RtS&0&cDXHP&Ex&dxHP_equip__pkgEER/NE-dxAC_equip-pkgEER-13.2-IEER-TE-0.81-VarFan/instance-out.sql,149915.30,26807.90
CZ11/RtS&0&cDXHP&Ex&dxHP_equip__pkgEER/NE-dxAC_equip-pkgEER-14.8-IEER-TE-0.81-VarFan/instance-out.sql,146760.18,26807.90
CZ11/RtS&0&cDXHP&Ex&dxHP_equip__pkgEER/NE-dxAC_equip-pkgSEER-13.4-SEER2-VarFan/instance-out.sql,149100.37,26807.90
CZ11/SCn&0&cDXHP&Ex&dxHP_equip__pkgEER/NE-dxAC_equip-pkgEER-14.2-IEER-TE-0.81/instance-out.sql,3699227.29,938936.96
CZ11/SCn&0&cDXHP&Ex&dxHP_equip__pkgEER/NE-dxAC_equip-pkgEER-13.2-IEER-TE-0.81/instance-out.sql,3743527.72,938936.96
CZ11/SCn&0&cDXHP&Ex&dxHP_equip__pkgEER/NE-dxAC_equip-pkgEER-14.8-IEER-TE-0.81/instance-out.sql,3660913.40,938936.96
CZ11/SCn&0&cDXHP&Ex&dxHP_equip__pkgEER/NE-dxAC_equip-pkgSEER-13.4-SEER2/instance-out.sql,3722189.29,938936.96
CZ11/SCn&0&cDXHP&Ex&dxHP_equip__pkgEER/NE-dxAC_equip-pkgEER-12.2-IEER-TE-0.80/instance-out.sql,3783151.99,949690.00
CZ11/SCn&0&cDXHP&Ex&dxHP_equip__pkgEER/NE-dxAC_equip-pkgEER-11.4-IEER-TE-0.80/instance-out.sql,3858761.57,949690.00
CZ11/SCn&0&cDXHP&Ex&dxHP_equip__pkgEER/NE-dxAC_equip-pkgEER-12.7-IEER-TE-0.80/instance-out.sql,3786100.55,949690.00
CZ11/SCn&0&cDXHP&Ex&dxHP_equip__pkgEER/NE-dxAC_equip-pkgSEER-12.35-SEER2/instance-out.sql,3768651.52,949690.00
CZ11/SCn&0&cDXHP&Ex&dxHP_equip__pkgEER/NE-dxHP_equip-pkgEER-14.5-IEER/instance-out.sql,4054575.25,78693.96
CZ11/SCn&0&cDXHP&Ex&dxHP_equip__pkgEER/NE-dxHP_equip-pkgEER-15.5-IEER/instance-out.sql,4012245.89,78693.96
CZ11/SCn&0&cDXHP&Ex&dxHP_equip__pkgEER/NE-dxHP_equip-pkgEER-13.5-IEER/instance-out.sql,4097496.39,78693.96
CZ11/SCn&0&cDXHP&Ex&dxHP_equip__pkgEER/NE-dxHP_equip-pkgEER-14-IEER/instance-out.sql,4065698.89,78693.96
CZ11/SCn&0&cDXHP&Ex&dxHP_equip__pkgEER/NE-dxHP_equip-pkgEER-15-IEER/instance-out.sql,3998346.72,78693.96
CZ11/SCn&0&cDXHP&Ex&dxHP_equip__pkgEER/NE-dxHP_equip-pkgEER-16-IEER/instance-out.sql,3942966.21,78693.96
CZ11/SCn&0&cDXHP&Ex&dxHP_equip__pkgEER/NE-dxHP_equip-pkgSEER-15.4-SEER2/instance-out.sql,3940866.20,78693.96
CZ11/SCn&0&cDXHP&Ex&dxHP_equip__pkgEER/NE-dxHP_equip-pkgSEER-16.3-SEER2/instance-out.sql,3899909.71,78693.96
CZ11/SCn&0&cDXHP&Ex&dxHP_equip__pkgEER/NE-dxHP_equip-pkgSEER-14.4-SEER2-1Stage/instance-out.sql,3981235.56,78693.96
CZ11/SCn&0&cDXHP&Ex&dxHP_equip__pkgEER/NE-dxHP_equip-pkgSEER-14.4-SEER2-2Stage/instance-out.sql,3363221.48,78693.98
CZ11/SCn&0&cDXHP&Ex&dxHP_equip__pkgEER/NE-dxHP_equip-spltSEER-14.4-SEER2-8.7-HSPF/instance-out.sql,3975404.19,78693.96
CZ11/SCn&0&cDXHP&Ex&dxHP_equip__pkgEER/NE-dxHP_equip-spltSEER-15.4-SEER2-9-HSPF/instance-out.sql,3936238.35,78693.96
CZ11/SCn&0&cDXHP&Ex&dxHP_equip__pkgEER/NE-dxHP_equip-spltSEER-16.3-SEER2-9.4-HSPF/instance-out.sql,3896451.08,78693.96
CZ11/SCn&0&cDXHP&Ex&dxHP_equip__pkgEER/NE-dxHP_equip-spltSEER-17.3-SEER2-9.7-HSPF/instance-out.sql,3866887.53,78693.96
CZ12/Asm&0&cDXHP&Ex&dxHP_equip__pkgEER/NE-dxAC_equip-pkgEER-14.2-IEER-TE-0.81/instance-out.sql,704021.75,210231.98
CZ12/Asm&0&cDXHP&Ex&dxHP_equip__pkgEER/NE-dxAC_equip-pkgEER-13.2-IEER-TE-0.81/instance-out.sql,711993.93,210231.98
CZ12/Asm&0&cDXHP&Ex&dxHP_equip__pkgEER/NE-dxAC_equip-pkgEER-14.8-IEER-TE-0.81/instance-out.sql,697126.88,210231.98
CZ12/Asm&0&cDXHP&Ex&dxHP_equip__pkgEER/NE-dxAC_equip-pkgSEER-13.4-SEER2/instance-out.sql,708153.93,210231.98
CZ12/Asm&0&cDXHP&Ex&dxHP_equip__pkgEER/NE-dxAC_equip-pkgEER-12.2-IEER-TE-0.80/instance-out.sql,719124.61,212588.94
CZ12/Asm&0&cDXHP&Ex&dxHP_equip__pkgEER/NE-dxAC_equip-pkgEER-11.4-IEER-TE-0.80/instance-out.sql,732731.11,212588.94
CZ12/Asm&0&cDXHP&Ex&dxHP_equip__pkgEER/NE-dxAC_equip-pkgEER-12.7-IEER-TE-0.80/instance-out.sql,719655.23,212588.94
CZ12/Asm&0&cDXHP&Ex&dxHP_equip__pkgEER/NE-dxAC_equip-pkgSEER-12.35-SEER2/instance-out.sql,716515.15,212588.94
CZ12/Asm&0&cDXHP&Ex&dxHP_equip__pkgEER/NE-dxHP_equip-pkgEER-14.5-IEER/instance-out.sql,754408.93,21675.21
CZ12/Asm&0&cDXHP&Ex&dxHP_equip__pkgEER/NE-dxHP_equip-pkgEER-15.5-IEER/instance-out.sql,747628.51,21675.21
CZ12/Asm&0&cDXHP&Ex&dxHP_equip__pkgEER/NE-dxHP_equip-pkgEER-13.5-IEER/instance-out.sql,761284.14,21675.21
CZ12/Asm&0&cDXHP&Ex&dxHP_equip__pkgEER/NE-dxHP_equip-pkgEER-14-IEER/instance-out.sql,756190.74,21675.21
CZ12/Asm&0&cDXHP&Ex&dxHP_equip__pkgEER/NE-dxHP_equip-pkgEER-15-IEER/instance-out.sql,744667.81,21675.21
CZ12/Asm&0&cDXHP&Ex&dxHP_equip__pkgEER/NE-dxHP_equip-pkgEER-16-IEER/instance-out.sql,735796.83,21675.21
CZ12/Asm&0&cDXHP&Ex&dxHP_equip__pkgEER/NE-dxHP_equip-pkgSEER-15.4-SEER2/instance-out.sql,734492.42,21675.21
CZ12/Asm&0&cDXHP&Ex&dxHP_equip__pkgEER/NE-dxHP_equip-pkgSEER-16.3-SEER2/instance-out.sql,727687.43,21675.21
CZ12/Asm&0&cDXHP&Ex&dxHP_equip__pkgEER/NE-dxHP_equip-pkgSEER-14.4-SEER2-1Stage/instance-out.sql,741156.92,21675.21
CZ12/Asm&0&cDXHP&Ex&dxHP_equip__pkgEER/NE-dxHP_equip-pkgSEER-14.4-SEER2-2Stage/instance-out.sql,636830.35,21673.28
CZ12/Asm&0&cDXHP&Ex&dxHP_equip__pkgEER/NE-dxHP_equip-spltSEER-14.4-SEER2-8.7-HSPF/instance-out.sql,739914.77,21675.21
CZ12/Asm&0&cDXHP&Ex&dxHP_equip__pkgEER/NE-dxHP_equip-spltSEER-15.4-SEER2-9-HSPF/instance-out.sql,733506.63,21675.21
CZ12/Asm&0&cDXHP&Ex&dxHP_equip__pkgEER/NE-dxHP_equip-spltSEER-16.3-SEER2-9.4-HSPF/instance-out.sql,726950.69,21675.21
CZ12/Asm&0&cDXHP&Ex&dxHP_equip__pkgEER/NE-dxHP_equip-spltSEER-17.3-SEER2-9.7-HSPF/instance-out.sql,722113.50,21675.21
CZ12/ECC&0&cDXHP&Ex&dxHP_equip__pkgEER/NE-dxAC_equip-pkgEER-14.2-IEER-TE-0.81/instance-out.sql,2353396.15,572095.79
CZ12/ECC&0&cDXHP&Ex&dxHP_equip__pkgEER/NE-dxAC_equip-pkgEER-13.2-IEER-TE-0.81/instance-out.sql,2370265.51,572095.79
CZ12/ECC&0&cDXHP&Ex&dxHP_equip__pkgEER/NE-dxAC_equip-pkgEER-14.8-IEER-TE-0.81/instance-out.sql,2338806.43,572095.79
CZ12/ECC&0&cDXHP&Ex&dxHP_equip__pkgEER/NE-dxAC_equip-pkgSEER-13.4-SEER2/instance-out.sql,2362139.96,572095.79
CZ12/ECC&0&cDXHP&Ex&dxHP_equip__pkgEER/NE-dxAC_equip-pkgEER-12.2-IEER-TE-0.80/instance-out.sql,2385354.22,573116.65
CZ12/ECC&0&cDXHP&Ex&dxHP_equip__pkgEER/NE-dxAC_equip-pkgEER-11.4-IEER-TE-0.80/instance-out.sql,2414145.93,573116.65
CZ12/ECC&0&cDXHP&Ex&dxHP_equip__pkgEER/NE-dxAC_equip-pkgEER-12.7-IEER-TE-0.80/instance-out.sql,2386477.02,573116.65
CZ12/ECC&0&cDXHP&Ex&dxHP_equip__pkgEER/NE-dxAC_equip-pkgSEER-12.35-SEER2/instance-out.sql,2379832.52,573116.65
CZ12/ECC&0&cDXHP&Ex&dxHP_equip__pkgEER/NE-dxHP_equip-pkgEER-14.5-IEER/instance-out.sql,2379399.02,490445.57
CZ12/ECC&0&cDXHP&Ex&dxHP_equip__pkgEER/NE-dxHP_equip-pkgEER-15.5-IEER/instance-out.sql,2364854.54,490445.57
CZ12/ECC&0&cDXHP&Ex&dxHP_equip__pkgEER/NE-dxHP_equip-pkgEER-13.5-IEER/instance-out.sql,2394146.83,490445.57
CZ12/ECC&0&cDXHP&Ex&dxHP_equip__pkgEER/NE-dxHP_equip-pkgEER-14-IEER/instance-out.sql,2383221.13,490445.57
CZ12/ECC&0&cDXHP&Ex&dxHP_equip__pkgEER/NE-dxHP_equip-pkgEER-15-IEER/instance-out.sql,2363491.63,490445.57
CZ12/ECC&0&cDXHP&Ex&dxHP_equip__pkgEER/NE-dxHP_equip-pkgEER-16-IEER/instance-out.sql,2344462.75,490445.57
CZ12/ECC&0&cDXHP&Ex&dxHP_equip__pkgEER/NE-dxHP_equip-pkgSEER-15.4-SEER2/instance-out.sql,2348240.41,490445.57
CZ12/ECC&0&cDXHP&Ex&dxHP_equip__pkgEER/NE-dxHP_equip-pkgSEER-16.3-SEER2/instance-out.sql,2335304.00,490445.57
CZ12/ECC&0&cDXHP&Ex&dxHP_equip__pkgEER/NE-dxHP_equip-pkgSEER-14.4-SEER2-1Stage/instance-out.sql,2361190.96,490445.57
CZ12/ECC&0&cDXHP&Ex&dxHP_equip__pkgEER/NE-dxHP_equip-pkgSEER-14.4-SEER2-2Stage/instance-out.sql,2163547.40,490459.68
CZ12/ECC&0&cDXHP&Ex&dxHP_equip__pkgEER/NE-dxHP_equip-spltSEER-14.4-SEER2-8.7-HSPF/instance-out.sql,2360619.16,490445.57
CZ12/ECC&0&cDXHP&Ex&dxHP_equip__pkgEER/NE-dxHP_equip-spltSEER-15.4-SEER2-9-HSPF/instance-out.sql,2347786.62,490445.57
CZ12/ECC&0&cDXHP&Ex&dxHP_equip__pkgEER/NE-dxHP_equip-spltSEER-16.3-SEER2-9.4-HSPF/instance-out.sql,2334964.86,490445.57
CZ12/ECC&0&cDXHP&Ex&dxHP_equip__pkgEER/NE-dxHP_equip-spltSEER-17.3-SEER2-9.7-HSPF/instance-out.sql,2325279.11,490445.57
CZ12/ECC&0&cDXHP&Ex&dxHP_equip__pkgEER/NE-dxAC_equip-pkgEER-14.2-IEER-TE-0.81-VarFan/instance-out.sql,2353230.52,572177.85
CZ12/ECC&0&cDXHP&Ex&dxHP_equip__pkgEER/NE-dxAC_equip-pkgEER-13.2-IEER-TE-0.81-VarFan/instance-out.sql,2370098.81,572177.85
CZ12/ECC&0&cDXHP&Ex&dxHP_equip__pkgEER/NE-dxAC_equip-pkgEER-14.8-IEER-TE-0.81-VarFan/instance-out.sql,2338641.72,572177.85
CZ12/ECC&0&cDXHP&Ex&dxHP_equip__pkgEER/NE-dxAC_equip-pkgSEER-13.4-SEER2-VarFan/instance-out.sql,2361973.77,572177.85
CZ12/EPr&0&cDXHP&Ex&dxHP_equip__pkgEER/NE-dxAC_equip-pkgEER-14.2-IEER-TE-0.81/instance-out.sql,307931.10,149776.71
CZ12/EPr&0&cDXHP&Ex&dxHP_equip__pkgEER/NE-dxAC_equip-pkgEER-13.2-IEER-TE-0.81/instance-out.sql,310559.75,149776.71
CZ12/EPr&0&cDXHP&Ex&dxHP_equip__pkgEER/NE-dxAC_equip-pkgEER-14.8-IEER-TE-0.81/instance-out.sql,305657.67,149776.71
CZ12/EPr&0&cDXHP&Ex&dxHP_equip__pkgEER/NE-dxAC_equip-pkgSEER-13.4-SEER2/instance-out.sql,309293.59,149776.71
CZ12/EPr&0&cDXHP&Ex&dxHP_equip__pkgEER/NE-dxAC_equip-pkgEER-12.2-IEER-TE-0.80/instance-out.sql,312910.93,150106.66
CZ12/EPr&0&cDXHP&Ex&dxHP_equip__pkgEER/NE-dxAC_equip-pkgEER-11.4-IEER-TE-0.80/instance-out.sql,317397.37,150106.66
CZ12/EPr&0&cDXHP&Ex&dxHP_equip__pkgEER/NE-dxAC_equip-pkgEER-12.7-IEER-TE-0.80/instance-out.sql,313085.89,150106.66
CZ12/EPr&0&cDXHP&Ex&dxHP_equip__pkgEER/NE-dxAC_equip-pkgSEER-12.35-SEER2/instance-out.sql,312050.52,150106.66
CZ12/EPr&0&cDXHP&Ex&dxHP_equip__pkgEER/NE-dxHP_equip-pkgEER-14.5-IEER/instance-out.sql,315642.16,123380.76
CZ12/EPr&0&cDXHP&Ex&dxHP_equip__pkgEER/NE-dxHP_equip-pkgEER-15.5-IEER/instance-out.sql,313383.66,123380.76
CZ12/EPr&0&cDXHP&Ex&dxHP_equip__pkgEER/NE-dxHP_equip-pkgEER-13.5-IEER/instance-out.sql,317932.23,123380.76
CZ12/EPr&0&cDXHP&Ex&dxHP_equip__pkgEER/NE-dxHP_equip-pkgEER-14-IEER/instance-out.sql,316235.67,123380.76
CZ12/EPr&0&cDXHP&Ex&dxHP_equip__pkgEER/NE-dxHP_equip-pkgEER-15-IEER/instance-out.sql,312953.09,123380.76
CZ12/EPr&0&cDXHP&Ex&dxHP_equip__pkgEER/NE-dxHP_equip-pkgEER-16-IEER/instance-out.sql,309998.24,123380.76
CZ12/EPr&0&cDXHP&Ex&dxHP_equip__pkgEER/NE-dxHP_equip-pkgSEER-15.4-SEER2/instance-out.sql,310296.22,123380.76
CZ12/EPr&0&cDXHP&Ex&dxHP_equip__pkgEER/NE-dxHP_equip-pkgSEER-16.3-SEER2/instance-out.sql,308214.53,123380.76
CZ12/EPr&0&cDXHP&Ex&dxHP_equip__pkgEER/NE-dxHP_equip-pkgSEER-14.4-SEER2-1Stage/instance-out.sql,312366.26,123380.76
CZ12/EPr&0&cDXHP&Ex&dxHP_equip__pkgEER/NE-dxHP_equip-pkgSEER-14.4-SEER2-2Stage/instance-out.sql,282253.45,123380.71
CZ12/EPr&0&cDXHP&Ex&dxHP_equip__pkgEER/NE-dxHP_equip-spltSEER-14.4-SEER2-8.7-HSPF/instance-out.sql,312185.61,123380.76
CZ12/EPr&0&cDXHP&Ex&dxHP_equip__pkgEER/NE-dxHP_equip-spltSEER-15.4-SEER2-9-HSPF/instance-out.sql,310152.86,123380.76
CZ12/EPr&0&cDXHP&Ex&dxHP_equip__pkgEER/NE-dxHP_equip-spltSEER-16.3-SEER2-9.4-HSPF/instance-out.sql,308107.39,123380.76
CZ12/EPr&0&cDXHP&Ex&dxHP_equip__pkgEER/NE-dxHP_equip-spltSEER-17.3-SEER2-9.7-HSPF/instance-out.sql,306573.06,123380.76
CZ12/EPr&0&cDXHP&Ex&dxHP_equip__pkgEER/NE-dxAC_equip-pkgEER-14.2-IEER-TE-0.81-VarFan/instance-out.sql,307871.16,149797.84
CZ12/EPr&0&cDXHP&Ex&dxHP_equip__pkgEER/NE-dxAC_equip-pkgEER-13.2-IEER-TE-0.81-VarFan/instance-out.sql,310499.72,149797.84
CZ12/EPr&0&cDXHP&Ex&dxHP_equip__pkgEER/NE-dxAC_equip-pkgEER-14.8-IEER-TE-0.81-VarFan/instance-out.sql,305597.82,149797.84
CZ12/EPr&0&cDXHP&Ex&dxHP_equip__pkgEER/NE-dxAC_equip-pkgSEER-13.4-SEER2-VarFan/instance-out.sql,309233.61,149797.84
CZ12/ERC&0&cDXHP&Ex&dxHP_equip__pkgEER/NE-dxAC_equip-pkgEER-14.2-IEER-TE-0.81/instance-out.sql,11786.40,10744.46
CZ12/ERC&0&cDXHP&Ex&dxHP_equip__pkgEER/NE-dxAC_equip-pkgEER-13.2-IEER-TE-0.81/instance-out.sql,11916.19,10744.46
CZ12/ERC&0&cDXHP&Ex&dxHP_equip__pkgEER/NE-dxAC_equip-pkgEER-14.8-IEER-TE-0.81/instance-out.sql,11674.15,10744.46
CZ12/ERC&0&cDXHP&Ex&dxHP_equip__pkgEER/NE-dxAC_equip-pkgSEER-13.4-SEER2/instance-out.sql,11853.67,10744.46
CZ12/ERC&0&cDXHP&Ex&dxHP_equip__pkgEER/NE-dxAC_equip-pkgEER-12.2-IEER-TE-0.80/instance-out.sql,12032.27,10764.94
CZ12/ERC&0&cDXHP&Ex&dxHP_equip__pkgEER/NE-dxAC_equip-pkgEER-11.4-IEER-TE-0.80/instance-out.sql,12253.79,10764.94
CZ12/ERC&0&cDXHP&Ex&dxHP_equip__pkgEER/NE-dxAC_equip-pkgEER-12.7-IEER-TE-0.80/instance-out.sql,12040.91,10764.94
CZ12/ERC&0&cDXHP&Ex&dxHP_equip__pkgEER/NE-dxAC_equip-pkgSEER-12.35-SEER2/instance-out.sql,11989.79,10764.94
CZ12/ERC&0&cDXHP&Ex&dxHP_equip__pkgEER/NE-dxHP_equip-pkgEER-14.5-IEER/instance-out.sql,12265.99,9106.42
CZ12/ERC&0&cDXHP&Ex&dxHP_equip__pkgEER/NE-dxHP_equip-pkgEER-15.5-IEER/instance-out.sql,12154.44,9106.42
CZ12/ERC&0&cDXHP&Ex&dxHP_equip__pkgEER/NE-dxHP_equip-pkgEER-13.5-IEER/instance-out.sql,12379.09,9106.42
CZ12/ERC&0&cDXHP&Ex&dxHP_equip__pkgEER/NE-dxHP_equip-pkgEER-14-IEER/instance-out.sql,12295.30,9106.42
CZ12/ERC&0&cDXHP&Ex&dxHP_equip__pkgEER/NE-dxHP_equip-pkgEER-15-IEER/instance-out.sql,12127.73,9106.42
CZ12/ERC&0&cDXHP&Ex&dxHP_equip__pkgEER/NE-dxHP_equip-pkgEER-16-IEER/instance-out.sql,11981.78,9106.42
CZ12/ERC&0&cDXHP&Ex&dxHP_equip__pkgEER/NE-dxHP_equip-pkgSEER-15.4-SEER2/instance-out.sql,11989.32,9106.42
CZ12/ERC&0&cDXHP&Ex&dxHP_equip__pkgEER/NE-dxHP_equip-pkgSEER-16.3-SEER2/instance-out.sql,11884.69,9106.42
CZ12/ERC&0&cDXHP&Ex&dxHP_equip__pkgEER/NE-dxHP_equip-pkgSEER-14.4-SEER2-1Stage/instance-out.sql,12093.03,9106.42
CZ12/ERC&0&cDXHP&Ex&dxHP_equip__pkgEER/NE-dxHP_equip-pkgSEER-14.4-SEER2-2Stage/instance-out.sql,10317.13,9106.42
CZ12/ERC&0&cDXHP&Ex&dxHP_equip__pkgEER/NE-dxHP_equip-spltSEER-14.4-SEER2-8.7-HSPF/instance-out.sql,12081.82,9106.42
CZ12/ERC&0&cDXHP&Ex&dxHP_equip__pkgEER/NE-dxHP_equip-spltSEER-15.4-SEER2-9-HSPF/instance-out.sql,11980.43,9106.42
CZ12/ERC&0&cDXHP&Ex&dxHP_equip__pkgEER/NE-dxHP_equip-spltSEER-16.3-SEER2-9.4-HSPF/instance-out.sql,11878.04,9106.42
CZ12/ERC&0&cDXHP&Ex&dxHP_equip__pkgEER/NE-dxHP_equip-spltSEER-17.3-SEER2-9.7-HSPF/instance-out.sql,11801.51,9106.42
CZ12/ERC&0&cDXHP&Ex&dxHP_equip__pkgEER/NE-dxAC_equip-pkgEER-14.2-IEER-TE-0.81-VarFan/instance-out.sql,11784.51,10744.91
CZ12/ERC&0&cDXHP&Ex&dxHP_equip__pkgEER/NE-dxAC_equip-pkgEER-13.2-IEER-TE-0.81-VarFan/instance-out.sql,11914.29,10744.91
CZ12/ERC&0&cDXHP&Ex&dxHP_equip__pkgEER/NE-dxAC_equip-pkgEER-14.8-IEER-TE-0.81-VarFan/instance-out.sql,11672.27,10744.91
CZ12/ERC&0&cDXHP&Ex&dxHP_equip__pkgEER/NE-dxAC_equip-pkgSEER-13.4-SEER2-VarFan/instance-out.sql,11851.78,10744.91
CZ12/ESe&0&cDXHP&Ex&dxHP_equip__pkgEER/NE-dxAC_equip-pkgEER-14.2-IEER-TE-0.81/instance-out.sql,895931.46,419452.20
CZ12/ESe&0&cDXHP&Ex&dxHP_equip__pkgEER/NE-dxAC_equip-pkgEER-13.2-IEER-TE-0.81/instance-out.sql,898953.65,419452.20
CZ12/ESe&0&cDXHP&Ex&dxHP_equip__pkgEER/NE-dxAC_equip-pkgEER-14.8-IEER-TE-0.81/instance-out.sql,893317.68,419452.20
CZ12/ESe&0&cDXHP&Ex&dxHP_equip__pkgEER/NE-dxAC_equip-pkgSEER-13.4-SEER2/instance-out.sql,897497.94,419452.20
CZ12/ESe&0&cDXHP&Ex&dxHP_equip__pkgEER/NE-dxAC_equip-pkgEER-12.2-IEER-TE-0.80/instance-out.sql,901656.83,419659.14
CZ12/ESe&0&cDXHP&Ex&dxHP_equip__pkgEER/NE-dxAC_equip-pkgEER-11.4-IEER-TE-0.80/instance-out.sql,906814.94,419659.14
CZ12/ESe&0&cDXHP&Ex&dxHP_equip__pkgEER/NE-dxAC_equip-pkgEER-12.7-IEER-TE-0.80/instance-out.sql,901857.98,419659.14
CZ12/ESe&0&cDXHP&Ex&dxHP_equip__pkgEER/NE-dxAC_equip-pkgSEER-12.35-SEER2/instance-out.sql,900667.61,419659.14
CZ12/ESe&0&cDXHP&Ex&dxHP_equip__pkgEER/NE-dxHP_equip-pkgEER-14.5-IEER/instance-out.sql,901544.34,402897.10
CZ12/ESe&0&cDXHP&Ex&dxHP_equip__pkgEER/NE-dxHP_equip-pkgEER-15.5-IEER/instance-out.sql,898925.08,402897.10
CZ12/ESe&0&cDXHP&Ex&dxHP_equip__pkgEER/NE-dxHP_equip-pkgEER-13.5-IEER/instance-out.sql,904200.23,402897.10
CZ12/ESe&0&cDXHP&Ex&dxHP_equip__pkgEER/NE-dxHP_equip-pkgEER-14-IEER/instance-out.sql,902232.65,402897.10
CZ12/ESe&0&cDXHP&Ex&dxHP_equip__pkgEER/NE-dxHP_equip-pkgEER-15-IEER/instance-out.sql,898646.96,402897.10
CZ12/ESe&0&cDXHP&Ex&dxHP_equip__pkgEER/NE-dxHP_equip-pkgEER-16-IEER/instance-out.sql,895220.11,402897.10
CZ12/ESe&0&cDXHP&Ex&dxHP_equip__pkgEER/NE-dxHP_equip-pkgSEER-15.4-SEER2/instance-out.sql,895857.34,402897.10
CZ12/ESe&0&cDXHP&Ex&dxHP_equip__pkgEER/NE-dxHP_equip-pkgSEER-16.3-SEER2/instance-out.sql,893516.79,402897.10
CZ12/ESe&0&cDXHP&Ex&dxHP_equip__pkgEER/NE-dxHP_equip-pkgSEER-14.4-SEER2-1Stage/instance-out.sql,898198.38,402897.10
CZ12/ESe&0&cDXHP&Ex&dxHP_equip__pkgEER/NE-dxHP_equip-pkgSEER-14.4-SEER2-2Stage/instance-out.sql,864670.04,403169.74
CZ12/ESe&0&cDXHP&Ex&dxHP_equip__pkgEER/NE-dxHP_equip-spltSEER-14.4-SEER2-8.7-HSPF/instance-out.sql,898081.69,402897.10
CZ12/ESe&0&cDXHP&Ex&dxHP_equip__pkgEER/NE-dxHP_equip-spltSEER-15.4-SEER2-9-HSPF/instance-out.sql,895764.74,402897.10
CZ12/ESe&0&cDXHP&Ex&dxHP_equip__pkgEER/NE-dxHP_equip-spltSEER-16.3-SEER2-9.4-HSPF/instance-out.sql,893447.58,402897.10
CZ12/ESe&0&cDXHP&Ex&dxHP_equip__pkgEER/NE-dxHP_equip-spltSEER-17.3-SEER2-9.7-HSPF/instance-out.sql,891698.79,402897.10
CZ12/ESe&0&cDXHP&Ex&dxHP_equip__pkgEER/NE-dxAC_equip-pkgEER-14.2-IEER-TE-0.81-VarFan/instance-out.sql,895921.80,419476.94
CZ12/ESe&0&cDXHP&Ex&dxHP_equip__pkgEER/NE-dxAC_equip-pkgEER-13.2-IEER-TE-0.81-VarFan/instance-out.sql,898943.82,419476.94
CZ12/ESe&0&cDXHP&Ex&dxHP_equip__pkgEER/NE-dxAC_equip-pkgEER-14.8-IEER-TE-0.81-VarFan/instance-out.sql,893308.17,419476.94
CZ12/ESe&0&cDXHP&Ex&dxHP_equip__pkgEER/NE-dxAC_equip-pkgSEER-13.4-SEER2-VarFan/instance-out.sql,897488.19,419476.94
CZ12/EUn&0&cDXHP&Ex&dxHP_equip__pkgEER/NE-dxAC_equip-pkgEER-14.2-IEER-TE-0.81/instance-out.sql,8121515.83,1071769.48
CZ12/EUn&0&cDXHP&Ex&dxHP_equip__pkgEER/NE-dxAC_equip-pkgEER-13.2-IEER-TE-0.81/instance-out.sql,8167666.91,1071769.48
CZ12/EUn&0&cDXHP&Ex&dxHP_equip__pkgEER/NE-dxAC_equip-pkgEER-14.8-IEER-TE-0.81/instance-out.sql,8081601.37,1071769.48
CZ12/EUn&0&cDXHP&Ex&dxHP_equip__pkgEER/NE-dxAC_equip-pkgSEER-13.4-SEER2/instance-out.sql,8145437.07,1071769.48
CZ12/EUn&0&cDXHP&Ex&dxHP_equip__pkgEER/NE-dxAC_equip-pkgEER-12.2-IEER-TE-0.80/instance-out.sql,8208946.50,1074434.24
CZ12/EUn&0&cDXHP&Ex&dxHP_equip__pkgEER/NE-dxAC_equip-pkgEER-11.4-IEER-TE-0.80/instance-out.sql,8287714.68,1074434.24
CZ12/EUn&0&cDXHP&Ex&dxHP_equip__pkgEER/NE-dxAC_equip-pkgEER-12.7-IEER-TE-0.80/instance-out.sql,8212018.24,1074434.24
CZ12/EUn&0&cDXHP&Ex&dxHP_equip__pkgEER/NE-dxAC_equip-pkgSEER-12.35-SEER2/instance-out.sql,8193840.27,1074434.24
CZ12/EUn&0&cDXHP&Ex&dxHP_equip__pkgEER/NE-dxHP_equip-pkgEER-14.5-IEER/instance-out.sql,8214464.89,858589.63
CZ12/EUn&0&cDXHP&Ex&dxHP_equip__pkgEER/NE-dxHP_equip-pkgEER-15.5-IEER/instance-out.sql,8173736.03,858589.63
CZ12/EUn&0&cDXHP&Ex&dxHP_equip__pkgEER/NE-dxHP_equip-pkgEER-13.5-IEER/instance-out.sql,8255763.15,858589.63
CZ12/EUn&0&cDXHP&Ex&dxHP_equip__pkgEER/NE-dxHP_equip-pkgEER-14-IEER/instance-out.sql,8225167.93,858589.63
CZ12/EUn&0&cDXHP&Ex&dxHP_equip__pkgEER/NE-dxHP_equip-pkgEER-15-IEER/instance-out.sql,8170090.40,858589.63
CZ12/EUn&0&cDXHP&Ex&dxHP_equip__pkgEER/NE-dxHP_equip-pkgEER-16-IEER/instance-out.sql,8116803.86,858589.63
CZ12/EUn&0&cDXHP&Ex&dxHP_equip__pkgEER/NE-dxHP_equip-pkgSEER-15.4-SEER2/instance-out.sql,8127607.75,858589.63
CZ12/EUn&0&cDXHP&Ex&dxHP_equip__pkgEER/NE-dxHP_equip-pkgSEER-16.3-SEER2/instance-out.sql,8091438.88,858589.63
CZ12/EUn&0&cDXHP&Ex&dxHP_equip__pkgEER/NE-dxHP_equip-pkgSEER-14.4-SEER2-1Stage/instance-out.sql,8163827.04,858589.63
CZ12/EUn&0&cDXHP&Ex&dxHP_equip__pkgEER/NE-dxHP_equip-pkgSEER-14.4-SEER2-2Stage/instance-out.sql,7565255.91,858948.40
CZ12/EUn&0&cDXHP&Ex&dxHP_equip__pkgEER/NE-dxHP_equip-spltSEER-14.4-SEER2-8.7-HSPF/instance-out.sql,8162297.53,858589.63
CZ12/EUn&0&cDXHP&Ex&dxHP_equip__pkgEER/NE-dxHP_equip-spltSEER-15.4-SEER2-9-HSPF/instance-out.sql,8126393.90,858589.63
CZ12/EUn&0&cDXHP&Ex&dxHP_equip__pkgEER/NE-dxHP_equip-spltSEER-16.3-SEER2-9.4-HSPF/instance-out.sql,8090531.71,858589.63
CZ12/EUn&0&cDXHP&Ex&dxHP_equip__pkgEER/NE-dxHP_equip-spltSEER-17.3-SEER2-9.7-HSPF/instance-out.sql,8063432.38,858589.63
CZ12/EUn&0&cDXHP&Ex&dxHP_equip__pkgEER/NE-dxAC_equip-pkgEER-14.2-IEER-TE-0.81-VarFan/instance-out.sql,8120828.60,1071841.02
CZ12/EUn&0&cDXHP&Ex&dxHP_equip__pkgEER/NE-dxAC_equip-pkgEER-13.2-IEER-TE-0.81-VarFan/instance-out.sql,8166976.89,1071841.02
CZ12/EUn&0&cDXHP&Ex&dxHP_equip__pkgEER/NE-dxAC_equip-pkgEER-14.8-IEER-TE-0.81-VarFan/instance-out.sql,8080916.56,1071841.02
CZ12/EUn&0&cDXHP&Ex&dxHP_equip__pkgEER/NE-dxAC_equip-pkgSEER-13.4-SEER2-VarFan/instance-out.sql,8144748.39,1071841.02
CZ12/Gro&0&cDXHP&Ex&dxHP_equip__pkgEER/NE-dxAC_equip-pkgEER-14.2-IEER-TE-0.81/instance-out.sql,1790614.17,198197.48
CZ12/Gro&0&cDXHP&Ex&dxHP_equip__pkgEER/NE-dxAC_equip-pkgEER-13.2-IEER-TE-0.81/instance-out.sql,1794854.33,198197.48
CZ12/Gro&0&cDXHP&Ex&dxHP_equip__pkgEER/NE-dxAC_equip-pkgEER-14.8-IEER-TE-0.81/instance-out.sql,1786947.02,198197.48
CZ12/Gro&0&cDXHP&Ex&dxHP_equip__pkgEER/NE-dxAC_equip-pkgSEER-13.4-SEER2/instance-out.sql,1792811.95,198197.48
CZ12/Gro&0&cDXHP&Ex&dxHP_equip__pkgEER/NE-dxAC_equip-pkgEER-12.2-IEER-TE-0.80/instance-out.sql,1798646.91,199955.14
CZ12/Gro&0&cDXHP&Ex&dxHP_equip__pkgEER/NE-dxAC_equip-pkgEER-11.4-IEER-TE-0.80/instance-out.sql,1805883.78,199955.14
CZ12/Gro&0&cDXHP&Ex&dxHP_equip__pkgEER/NE-dxAC_equip-pkgEER-12.7-IEER-TE-0.80/instance-out.sql,1798929.13,199955.14
CZ12/Gro&0&cDXHP&Ex&dxHP_equip__pkgEER/NE-dxAC_equip-pkgSEER-12.35-SEER2/instance-out.sql,1797259.02,199955.14
CZ12/Gro&0&cDXHP&Ex&dxHP_equip__pkgEER/NE-dxHP_equip-pkgEER-14.5-IEER/instance-out.sql,1834864.62,57584.53
CZ12/Gro&0&cDXHP&Ex&dxHP_equip__pkgEER/NE-dxHP_equip-pkgEER-15.5-IEER/instance-out.sql,1831010.91,57584.53
CZ12/Gro&0&cDXHP&Ex&dxHP_equip__pkgEER/NE-dxHP_equip-pkgEER-13.5-IEER/instance-out.sql,1838772.20,57584.53
CZ12/Gro&0&cDXHP&Ex&dxHP_equip__pkgEER/NE-dxHP_equip-pkgEER-14-IEER/instance-out.sql,1835877.32,57584.53
CZ12/Gro&0&cDXHP&Ex&dxHP_equip__pkgEER/NE-dxHP_equip-pkgEER-15-IEER/instance-out.sql,1828805.86,57584.53
CZ12/Gro&0&cDXHP&Ex&dxHP_equip__pkgEER/NE-dxHP_equip-pkgEER-16-IEER/instance-out.sql,1823763.97,57584.53
CZ12/Gro&0&cDXHP&Ex&dxHP_equip__pkgEER/NE-dxHP_equip-pkgSEER-15.4-SEER2/instance-out.sql,1822334.03,57584.53
CZ12/Gro&0&cDXHP&Ex&dxHP_equip__pkgEER/NE-dxHP_equip-pkgSEER-16.3-SEER2/instance-out.sql,1818292.44,57584.53
CZ12/Gro&0&cDXHP&Ex&dxHP_equip__pkgEER/NE-dxHP_equip-pkgSEER-14.4-SEER2-1Stage/instance-out.sql,1826262.72,57584.53
CZ12/Gro&0&cDXHP&Ex&dxHP_equip__pkgEER/NE-dxHP_equip-pkgSEER-14.4-SEER2-2Stage/instance-out.sql,1747189.50,57584.57
CZ12/Gro&0&cDXHP&Ex&dxHP_equip__pkgEER/NE-dxHP_equip-spltSEER-14.4-SEER2-8.7-HSPF/instance-out.sql,1825337.59,57584.53
CZ12/Gro&0&cDXHP&Ex&dxHP_equip__pkgEER/NE-dxHP_equip-spltSEER-15.4-SEER2-9-HSPF/instance-out.sql,1821599.84,57584.53
CZ12/Gro&0&cDXHP&Ex&dxHP_equip__pkgEER/NE-dxHP_equip-spltSEER-16.3-SEER2-9.4-HSPF/instance-out.sql,1817743.75,57584.53
CZ12/Gro&0&cDXHP&Ex&dxHP_equip__pkgEER/NE-dxHP_equip-spltSEER-17.3-SEER2-9.7-HSPF/instance-out.sql,1814922.20,57584.53
CZ12/Gro&0&cDXHP&Ex&dxHP_equip__pkgEER/NE-dxAC_equip-pkgEER-14.2-IEER-TE-0.81-VarFan/instance-out.sql,1790530.25,198221.52
CZ12/Gro&0&cDXHP&Ex&dxHP_equip__pkgEER/NE-dxAC_equip-pkgEER-13.2-IEER-TE-0.81-VarFan/instance-out.sql,1794770.16,198221.52
CZ12/Gro&0&cDXHP&Ex&dxHP_equip__pkgEER/NE-dxAC_equip-pkgEER-14.8-IEER-TE-0.81-VarFan/instance-out.sql,1786863.29,198221.52
CZ12/Gro&0&cDXHP&Ex&dxHP_equip__pkgEER/NE-dxAC_equip-pkgSEER-13.4-SEER2-VarFan/instance-out.sql,1792727.90,198221.52
CZ12/Hsp&0&cDXHP&Ex&dxHP_equip__pkgEER/NE-dxAC_equip-pkgEER-14.2-IEER-TE-0.81/instance-out.sql,3586164.50,603009.93
CZ12/Hsp&0&cDXHP&Ex&dxHP_equip__pkgEER/NE-dxAC_equip-pkgEER-13.2-IEER-TE-0.81/instance-out.sql,3593660.86,603009.93
CZ12/Hsp&0&cDXHP&Ex&dxHP_equip__pkgEER/NE-dxAC_equip-pkgEER-14.8-IEER-TE-0.81/instance-out.sql,3579681.17,603009.93
CZ12/Hsp&0&cDXHP&Ex&dxHP_equip__pkgEER/NE-dxAC_equip-pkgSEER-13.4-SEER2/instance-out.sql,3590050.05,603009.93
CZ12/Hsp&0&cDXHP&Ex&dxHP_equip__pkgEER/NE-dxAC_equip-pkgEER-12.2-IEER-TE-0.80/instance-out.sql,3600365.94,603360.43
CZ12/Hsp&0&cDXHP&Ex&dxHP_equip__pkgEER/NE-dxAC_equip-pkgEER-11.4-IEER-TE-0.80/instance-out.sql,3613160.31,603360.43
CZ12/Hsp&0&cDXHP&Ex&dxHP_equip__pkgEER/NE-dxAC_equip-pkgEER-12.7-IEER-TE-0.80/instance-out.sql,3600864.88,603360.43
CZ12/Hsp&0&cDXHP&Ex&dxHP_equip__pkgEER/NE-dxAC_equip-pkgSEER-12.35-SEER2/instance-out.sql,3597912.22,603360.43
CZ12/Hsp&0&cDXHP&Ex&dxHP_equip__pkgEER/NE-dxHP_equip-pkgEER-14.5-IEER/instance-out.sql,3600682.08,576370.07
CZ12/Hsp&0&cDXHP&Ex&dxHP_equip__pkgEER/NE-dxHP_equip-pkgEER-15.5-IEER/instance-out.sql,3594023.76,576370.07
CZ12/Hsp&0&cDXHP&Ex&dxHP_equip__pkgEER/NE-dxHP_equip-pkgEER-13.5-IEER/instance-out.sql,3607433.48,576370.07
CZ12/Hsp&0&cDXHP&Ex&dxHP_equip__pkgEER/NE-dxHP_equip-pkgEER-14-IEER/instance-out.sql,3602431.80,576370.07
CZ12/Hsp&0&cDXHP&Ex&dxHP_equip__pkgEER/NE-dxHP_equip-pkgEER-15-IEER/instance-out.sql,3593541.79,576370.07
CZ12/Hsp&0&cDXHP&Ex&dxHP_equip__pkgEER/NE-dxHP_equip-pkgEER-16-IEER/instance-out.sql,3584830.56,576370.07
CZ12/Hsp&0&cDXHP&Ex&dxHP_equip__pkgEER/NE-dxHP_equip-pkgSEER-15.4-SEER2/instance-out.sql,3586747.07,576370.07
CZ12/Hsp&0&cDXHP&Ex&dxHP_equip__pkgEER/NE-dxHP_equip-pkgSEER-16.3-SEER2/instance-out.sql,3580872.18,576370.07
CZ12/Hsp&0&cDXHP&Ex&dxHP_equip__pkgEER/NE-dxHP_equip-pkgSEER-14.4-SEER2-1Stage/instance-out.sql,3592637.42,576370.07
CZ12/Hsp&0&cDXHP&Ex&dxHP_equip__pkgEER/NE-dxHP_equip-pkgSEER-14.4-SEER2-2Stage/instance-out.sql,3480274.01,579475.51
CZ12/Hsp&0&cDXHP&Ex&dxHP_equip__pkgEER/NE-dxHP_equip-spltSEER-14.4-SEER2-8.7-HSPF/instance-out.sql,3592435.21,576370.07
CZ12/Hsp&0&cDXHP&Ex&dxHP_equip__pkgEER/NE-dxHP_equip-spltSEER-15.4-SEER2-9-HSPF/instance-out.sql,3586586.60,576370.07
CZ12/Hsp&0&cDXHP&Ex&dxHP_equip__pkgEER/NE-dxHP_equip-spltSEER-16.3-SEER2-9.4-HSPF/instance-out.sql,3580752.25,576370.07
CZ12/Hsp&0&cDXHP&Ex&dxHP_equip__pkgEER/NE-dxHP_equip-spltSEER-17.3-SEER2-9.7-HSPF/instance-out.sql,3576337.86,576370.07
CZ12/MBT&0&cDXHP&Ex&dxHP_equip__pkgEER/NE-dxAC_equip-pkgEER-14.2-IEER-TE-0.81/instance-out.sql,3706389.22,3197399.26
CZ12/MBT&0&cDXHP&Ex&dxHP_equip__pkgEER/NE-dxAC_equip-pkgEER-13.2-IEER-TE-0.81/instance-out.sql,3715251.72,3197399.26
CZ12/MBT&0&cDXHP&Ex&dxHP_equip__pkgEER/NE-dxAC_equip-pkgEER-14.8-IEER-TE-0.81/instance-out.sql,3698724.36,3197399.26
CZ12/MBT&0&cDXHP&Ex&dxHP_equip__pkgEER/NE-dxAC_equip-pkgSEER-13.4-SEER2/instance-out.sql,3710982.87,3197399.26
CZ12/MBT&0&cDXHP&Ex&dxHP_equip__pkgEER/NE-dxAC_equip-pkgEER-12.2-IEER-TE-0.80/instance-out.sql,3723178.73,3198597.94
CZ12/MBT&0&cDXHP&Ex&dxHP_equip__pkgEER/NE-dxAC_equip-pkgEER-11.4-IEER-TE-0.80/instance-out.sql,3738304.75,3198597.94
CZ12/MBT&0&cDXHP&Ex&dxHP_equip__pkgEER/NE-dxAC_equip-pkgEER-12.7-IEER-TE-0.80/instance-out.sql,3723768.60,3198597.94
CZ12/MBT&0&cDXHP&Ex&dxHP_equip__pkgEER/NE-dxAC_equip-pkgSEER-12.35-SEER2/instance-out.sql,3720277.85,3198597.94
CZ12/MBT&0&cDXHP&Ex&dxHP_equip__pkgEER/NE-dxHP_equip-pkgEER-14.5-IEER/instance-out.sql,3741724.95,3101685.01
CZ12/MBT&0&cDXHP&Ex&dxHP_equip__pkgEER/NE-dxHP_equip-pkgEER-15.5-IEER/instance-out.sql,3733829.80,3101685.01
CZ12/MBT&0&cDXHP&Ex&dxHP_equip__pkgEER/NE-dxHP_equip-pkgEER-13.5-IEER/instance-out.sql,3749730.47,3101685.01
CZ12/MBT&0&cDXHP&Ex&dxHP_equip__pkgEER/NE-dxHP_equip-pkgEER-14-IEER/instance-out.sql,3743799.69,3101685.01
CZ12/MBT&0&cDXHP&Ex&dxHP_equip__pkgEER/NE-dxHP_equip-pkgEER-15-IEER/instance-out.sql,3732241.17,3101685.01
CZ12/MBT&0&cDXHP&Ex&dxHP_equip__pkgEER/NE-dxHP_equip-pkgEER-16-IEER/instance-out.sql,3721911.77,3101685.01
CZ12/MBT&0&cDXHP&Ex&dxHP_equip__pkgEER/NE-dxHP_equip-pkgSEER-15.4-SEER2/instance-out.sql,3722843.39,3101685.01
CZ12/MBT&0&cDXHP&Ex&dxHP_equip__pkgEER/NE-dxHP_equip-pkgSEER-16.3-SEER2/instance-out.sql,3715538.54,3101685.01
CZ12/MBT&0&cDXHP&Ex&dxHP_equip__pkgEER/NE-dxHP_equip-pkgSEER-14.4-SEER2-1Stage/instance-out.sql,3730102.23,3101685.01
CZ12/MBT&0&cDXHP&Ex&dxHP_equip__pkgEER/NE-dxHP_equip-pkgSEER-14.4-SEER2-2Stage/instance-out.sql,3599417.20,3103793.42
CZ12/MBT&0&cDXHP&Ex&dxHP_equip__pkgEER/NE-dxHP_equip-spltSEER-14.4-SEER2-8.7-HSPF/instance-out.sql,3729435.73,3101685.01
CZ12/MBT&0&cDXHP&Ex&dxHP_equip__pkgEER/NE-dxHP_equip-spltSEER-15.4-SEER2-9-HSPF/instance-out.sql,3722314.44,3101685.01
CZ12/MBT&0&cDXHP&Ex&dxHP_equip__pkgEER/NE-dxHP_equip-spltSEER-16.3-SEER2-9.4-HSPF/instance-out.sql,3715143.22,3101685.01
CZ12/MBT&0&cDXHP&Ex&dxHP_equip__pkgEER/NE-dxHP_equip-spltSEER-17.3-SEER2-9.7-HSPF/instance-out.sql,3709768.05,3101685.01
CZ12/MLI&0&cDXHP&Ex&dxHP_equip__pkgEER/NE-dxAC_equip-pkgEER-14.2-IEER-TE-0.81/instance-out.sql,1100690.89,171713.07
CZ12/MLI&0&cDXHP&Ex&dxHP_equip__pkgEER/NE-dxAC_equip-pkgEER-13.2-IEER-TE-0.81/instance-out.sql,1110495.13,171713.07
CZ12/MLI&0&cDXHP&Ex&dxHP_equip__pkgEER/NE-dxAC_equip-pkgEER-14.8-IEER-TE-0.81/instance-out.sql,1092211.55,171713.07
CZ12/MLI&0&cDXHP&Ex&dxHP_equip__pkgEER/NE-dxAC_equip-pkgSEER-13.4-SEER2/instance-out.sql,1105772.67,171713.07
CZ12/MLI&0&cDXHP&Ex&dxHP_equip__pkgEER/NE-dxAC_equip-pkgEER-12.2-IEER-TE-0.80/instance-out.sql,1119264.48,173281.41
CZ12/MLI&0&cDXHP&Ex&dxHP_equip__pkgEER/NE-dxAC_equip-pkgEER-11.4-IEER-TE-0.80/instance-out.sql,1135997.83,173281.41
CZ12/MLI&0&cDXHP&Ex&dxHP_equip__pkgEER/NE-dxAC_equip-pkgEER-12.7-IEER-TE-0.80/instance-out.sql,1119917.03,173281.41
CZ12/MLI&0&cDXHP&Ex&dxHP_equip__pkgEER/NE-dxAC_equip-pkgSEER-12.35-SEER2/instance-out.sql,1116055.34,173281.41
CZ12/MLI&0&cDXHP&Ex&dxHP_equip__pkgEER/NE-dxHP_equip-pkgEER-14.5-IEER/instance-out.sql,1138050.18,46246.20
CZ12/MLI&0&cDXHP&Ex&dxHP_equip__pkgEER/NE-dxHP_equip-pkgEER-15.5-IEER/instance-out.sql,1129673.59,46246.20
CZ12/MLI&0&cDXHP&Ex&dxHP_equip__pkgEER/NE-dxHP_equip-pkgEER-13.5-IEER/instance-out.sql,1146543.88,46246.20
CZ12/MLI&0&cDXHP&Ex&dxHP_equip__pkgEER/NE-dxHP_equip-pkgEER-14-IEER/instance-out.sql,1140251.45,46246.20
CZ12/MLI&0&cDXHP&Ex&dxHP_equip__pkgEER/NE-dxHP_equip-pkgEER-15-IEER/instance-out.sql,1127585.12,46246.20
CZ12/MLI&0&cDXHP&Ex&dxHP_equip__pkgEER/NE-dxHP_equip-pkgEER-16-IEER/instance-out.sql,1116625.82,46246.20
CZ12/MLI&0&cDXHP&Ex&dxHP_equip__pkgEER/NE-dxHP_equip-pkgSEER-15.4-SEER2/instance-out.sql,1117083.03,46246.20
CZ12/MLI&0&cDXHP&Ex&dxHP_equip__pkgEER/NE-dxHP_equip-pkgSEER-16.3-SEER2/instance-out.sql,1109198.55,46246.20
CZ12/MLI&0&cDXHP&Ex&dxHP_equip__pkgEER/NE-dxHP_equip-pkgSEER-14.4-SEER2-1Stage/instance-out.sql,1124893.20,46246.20
CZ12/MLI&0&cDXHP&Ex&dxHP_equip__pkgEER/NE-dxHP_equip-pkgSEER-14.4-SEER2-2Stage/instance-out.sql,975531.79,46246.24
CZ12/MLI&0&cDXHP&Ex&dxHP_equip__pkgEER/NE-dxHP_equip-spltSEER-14.4-SEER2-8.7-HSPF/instance-out.sql,1124016.99,46246.20
CZ12/MLI&0&cDXHP&Ex&dxHP_equip__pkgEER/NE-dxHP_equip-spltSEER-15.4-SEER2-9-HSPF/instance-out.sql,1116387.66,46246.20
CZ12/MLI&0&cDXHP&Ex&dxHP_equip__pkgEER/NE-dxHP_equip-spltSEER-16.3-SEER2-9.4-HSPF/instance-out.sql,1108678.86,46246.20
CZ12/MLI&0&cDXHP&Ex&dxHP_equip__pkgEER/NE-dxHP_equip-spltSEER-17.3-SEER2-9.7-HSPF/instance-out.sql,1102920.13,46246.20
CZ12/Mtl&0&cDXHP&Ex&dxHP_equip__pkgEER/NE-dxAC_equip-pkgEER-14.2-IEER-TE-0.81/instance-out.sql,179890.05,29224.07
CZ12/Mtl&0&cDXHP&Ex&dxHP_equip__pkgEER/NE-dxAC_equip-pkgEER-13.2-IEER-TE-0.81/instance-out.sql,181630.52,29224.07
CZ12/Mtl&0&cDXHP&Ex&dxHP_equip__pkgEER/NE-dxAC_equip-pkgEER-14.8-IEER-TE-0.81/instance-out.sql,178384.77,29224.07
CZ12/Mtl&0&cDXHP&Ex&dxHP_equip__pkgEER/NE-dxAC_equip-pkgSEER-13.4-SEER2/instance-out.sql,180792.18,29224.07
CZ12/Mtl&0&cDXHP&Ex&dxHP_equip__pkgEER/NE-dxAC_equip-pkgEER-12.2-IEER-TE-0.80/instance-out.sql,183187.29,29482.33
CZ12/Mtl&0&cDXHP&Ex&dxHP_equip__pkgEER/NE-dxAC_equip-pkgEER-11.4-IEER-TE-0.80/instance-out.sql,186157.84,29482.33
CZ12/Mtl&0&cDXHP&Ex&dxHP_equip__pkgEER/NE-dxAC_equip-pkgEER-12.7-IEER-TE-0.80/instance-out.sql,183303.13,29482.33
CZ12/Mtl&0&cDXHP&Ex&dxHP_equip__pkgEER/NE-dxAC_equip-pkgSEER-12.35-SEER2/instance-out.sql,182617.59,29482.33
CZ12/Mtl&0&cDXHP&Ex&dxHP_equip__pkgEER/NE-dxHP_equip-pkgEER-14.5-IEER/instance-out.sql,186228.78,8563.38
CZ12/Mtl&0&cDXHP&Ex&dxHP_equip__pkgEER/NE-dxHP_equip-pkgEER-15.5-IEER/instance-out.sql,184729.85,8563.38
CZ12/Mtl&0&cDXHP&Ex&dxHP_equip__pkgEER/NE-dxHP_equip-pkgEER-13.5-IEER/instance-out.sql,187748.67,8563.38
CZ12/Mtl&0&cDXHP&Ex&dxHP_equip__pkgEER/NE-dxHP_equip-pkgEER-14-IEER/instance-out.sql,186622.68,8563.38
CZ12/Mtl&0&cDXHP&Ex&dxHP_equip__pkgEER/NE-dxHP_equip-pkgEER-15-IEER/instance-out.sql,184384.32,8563.38
CZ12/Mtl&0&cDXHP&Ex&dxHP_equip__pkgEER/NE-dxHP_equip-pkgEER-16-IEER/instance-out.sql,182423.23,8563.38
CZ12/Mtl&0&cDXHP&Ex&dxHP_equip__pkgEER/NE-dxHP_equip-pkgSEER-15.4-SEER2/instance-out.sql,182542.20,8563.38
CZ12/Mtl&0&cDXHP&Ex&dxHP_equip__pkgEER/NE-dxHP_equip-pkgSEER-16.3-SEER2/instance-out.sql,181140.71,8563.38
CZ12/Mtl&0&cDXHP&Ex&dxHP_equip__pkgEER/NE-dxHP_equip-pkgSEER-14.4-SEER2-1Stage/instance-out.sql,183932.17,8563.38
CZ12/Mtl&0&cDXHP&Ex&dxHP_equip__pkgEER/NE-dxHP_equip-pkgSEER-14.4-SEER2-2Stage/instance-out.sql,160937.33,8589.73
CZ12/Mtl&0&cDXHP&Ex&dxHP_equip__pkgEER/NE-dxHP_equip-spltSEER-14.4-SEER2-8.7-HSPF/instance-out.sql,183787.20,8563.38
CZ12/Mtl&0&cDXHP&Ex&dxHP_equip__pkgEER/NE-dxHP_equip-spltSEER-15.4-SEER2-9-HSPF/instance-out.sql,182427.15,8563.38
CZ12/Mtl&0&cDXHP&Ex&dxHP_equip__pkgEER/NE-dxHP_equip-spltSEER-16.3-SEER2-9.4-HSPF/instance-out.sql,181054.73,8563.38
CZ12/Mtl&0&cDXHP&Ex&dxHP_equip__pkgEER/NE-dxHP_equip-spltSEER-17.3-SEER2-9.7-HSPF/instance-out.sql,180028.15,8563.38
CZ12/Nrs&0&cDXHP&Ex&dxHP_equip__pkgEER/NE-dxAC_equip-pkgEER-14.2-IEER-TE-0.81/instance-out.sql,814451.48,255638.01
CZ12/Nrs&0&cDXHP&Ex&dxHP_equip__pkgEER/NE-dxAC_equip-pkgEER-13.2-IEER-TE-0.81/instance-out.sql,817635.17,255638.01
CZ12/Nrs&0&cDXHP&Ex&dxHP_equip__pkgEER/NE-dxAC_equip-pkgEER-14.8-IEER-TE-0.81/instance-out.sql,811698.02,255638.01
CZ12/Nrs&0&cDXHP&Ex&dxHP_equip__pkgEER/NE-dxAC_equip-pkgSEER-13.4-SEER2/instance-out.sql,816101.66,255638.01
CZ12/Nrs&0&cDXHP&Ex&dxHP_equip__pkgEER/NE-dxAC_equip-pkgEER-12.2-IEER-TE-0.80/instance-out.sql,820482.80,255919.26
CZ12/Nrs&0&cDXHP&Ex&dxHP_equip__pkgEER/NE-dxAC_equip-pkgEER-11.4-IEER-TE-0.80/instance-out.sql,825916.54,255919.26
CZ12/Nrs&0&cDXHP&Ex&dxHP_equip__pkgEER/NE-dxAC_equip-pkgEER-12.7-IEER-TE-0.80/instance-out.sql,820694.70,255919.26
CZ12/Nrs&0&cDXHP&Ex&dxHP_equip__pkgEER/NE-dxAC_equip-pkgSEER-12.35-SEER2/instance-out.sql,819440.71,255919.26
CZ12/Nrs&0&cDXHP&Ex&dxHP_equip__pkgEER/NE-dxHP_equip-pkgEER-14.5-IEER/instance-out.sql,821647.91,233615.65
CZ12/Nrs&0&cDXHP&Ex&dxHP_equip__pkgEER/NE-dxHP_equip-pkgEER-15.5-IEER/instance-out.sql,818917.40,233615.65
CZ12/Nrs&0&cDXHP&Ex&dxHP_equip__pkgEER/NE-dxHP_equip-pkgEER-13.5-IEER/instance-out.sql,824416.58,233615.65
CZ12/Nrs&0&cDXHP&Ex&dxHP_equip__pkgEER/NE-dxHP_equip-pkgEER-14-IEER/instance-out.sql,822365.45,233615.65
CZ12/Nrs&0&cDXHP&Ex&dxHP_equip__pkgEER/NE-dxHP_equip-pkgEER-15-IEER/instance-out.sql,818538.60,233615.65
CZ12/Nrs&0&cDXHP&Ex&dxHP_equip__pkgEER/NE-dxHP_equip-pkgEER-16-IEER/instance-out.sql,814966.22,233615.65
CZ12/Nrs&0&cDXHP&Ex&dxHP_equip__pkgEER/NE-dxHP_equip-pkgSEER-15.4-SEER2/instance-out.sql,815513.34,233615.65
CZ12/Nrs&0&cDXHP&Ex&dxHP_equip__pkgEER/NE-dxHP_equip-pkgSEER-16.3-SEER2/instance-out.sql,813043.79,233615.65
CZ12/Nrs&0&cDXHP&Ex&dxHP_equip__pkgEER/NE-dxHP_equip-pkgSEER-14.4-SEER2-1Stage/instance-out.sql,817977.77,233615.65
CZ12/Nrs&0&cDXHP&Ex&dxHP_equip__pkgEER/NE-dxHP_equip-pkgSEER-14.4-SEER2-2Stage/instance-out.sql,775679.84,234834.54
CZ12/Nrs&0&cDXHP&Ex&dxHP_equip__pkgEER/NE-dxHP_equip-spltSEER-14.4-SEER2-8.7-HSPF/instance-out.sql,817818.84,233615.65
CZ12/Nrs&0&cDXHP&Ex&dxHP_equip__pkgEER/NE-dxHP_equip-spltSEER-15.4-SEER2-9-HSPF/instance-out.sql,815387.21,233615.65
CZ12/Nrs&0&cDXHP&Ex&dxHP_equip__pkgEER/NE-dxHP_equip-spltSEER-16.3-SEER2-9.4-HSPF/instance-out.sql,812949.53,233615.65
CZ12/Nrs&0&cDXHP&Ex&dxHP_equip__pkgEER/NE-dxHP_equip-spltSEER-17.3-SEER2-9.7-HSPF/instance-out.sql,811114.17,233615.65
CZ12/OfL&0&cDXHP&Ex&dxHP_equip__pkgEER/NE-dxAC_equip-pkgEER-14.2-IEER-TE-0.81/instance-out.sql,2796039.62,185244.68
CZ12/OfL&0&cDXHP&Ex&dxHP_equip__pkgEER/NE-dxAC_equip-pkgEER-13.2-IEER-TE-0.81/instance-out.sql,2817712.18,185244.68
CZ12/OfL&0&cDXHP&Ex&dxHP_equip__pkgEER/NE-dxAC_equip-pkgEER-14.8-IEER-TE-0.81/instance-out.sql,2777295.79,185244.68
CZ12/OfL&0&cDXHP&Ex&dxHP_equip__pkgEER/NE-dxAC_equip-pkgSEER-13.4-SEER2/instance-out.sql,2807273.04,185244.68
CZ12/OfL&0&cDXHP&Ex&dxHP_equip__pkgEER/NE-dxAC_equip-pkgEER-12.2-IEER-TE-0.80/instance-out.sql,2837097.08,185766.79
CZ12/OfL&0&cDXHP&Ex&dxHP_equip__pkgEER/NE-dxAC_equip-pkgEER-11.4-IEER-TE-0.80/instance-out.sql,2874086.62,185766.79
CZ12/OfL&0&cDXHP&Ex&dxHP_equip__pkgEER/NE-dxAC_equip-pkgEER-12.7-IEER-TE-0.80/instance-out.sql,2838539.56,185766.79
CZ12/OfL&0&cDXHP&Ex&dxHP_equip__pkgEER/NE-dxAC_equip-pkgSEER-12.35-SEER2/instance-out.sql,2830003.19,185766.79
CZ12/OfL&0&cDXHP&Ex&dxHP_equip__pkgEER/NE-dxHP_equip-pkgEER-14.5-IEER/instance-out.sql,2819567.68,143484.20
CZ12/OfL&0&cDXHP&Ex&dxHP_equip__pkgEER/NE-dxHP_equip-pkgEER-15.5-IEER/instance-out.sql,2800598.74,143484.20
CZ12/OfL&0&cDXHP&Ex&dxHP_equip__pkgEER/NE-dxHP_equip-pkgEER-13.5-IEER/instance-out.sql,2838801.82,143484.20
CZ12/OfL&0&cDXHP&Ex&dxHP_equip__pkgEER/NE-dxHP_equip-pkgEER-14-IEER/instance-out.sql,2824552.49,143484.20
CZ12/OfL&0&cDXHP&Ex&dxHP_equip__pkgEER/NE-dxHP_equip-pkgEER-15-IEER/instance-out.sql,2799869.89,143484.20
CZ12/OfL&0&cDXHP&Ex&dxHP_equip__pkgEER/NE-dxHP_equip-pkgEER-16-IEER/instance-out.sql,2775052.37,143484.20
CZ12/OfL&0&cDXHP&Ex&dxHP_equip__pkgEER/NE-dxHP_equip-pkgSEER-15.4-SEER2/instance-out.sql,2781361.66,143484.20
CZ12/OfL&0&cDXHP&Ex&dxHP_equip__pkgEER/NE-dxHP_equip-pkgSEER-16.3-SEER2/instance-out.sql,2764839.13,143484.20
CZ12/OfL&0&cDXHP&Ex&dxHP_equip__pkgEER/NE-dxHP_equip-pkgSEER-14.4-SEER2-1Stage/instance-out.sql,2797968.98,143484.20
CZ12/OfL&0&cDXHP&Ex&dxHP_equip__pkgEER/NE-dxHP_equip-pkgSEER-14.4-SEER2-2Stage/instance-out.sql,2519552.25,143166.92
CZ12/OfL&0&cDXHP&Ex&dxHP_equip__pkgEER/NE-dxHP_equip-spltSEER-14.4-SEER2-8.7-HSPF/instance-out.sql,2797663.19,143484.20
CZ12/OfL&0&cDXHP&Ex&dxHP_equip__pkgEER/NE-dxHP_equip-spltSEER-15.4-SEER2-9-HSPF/instance-out.sql,2781118.98,143484.20
CZ12/OfL&0&cDXHP&Ex&dxHP_equip__pkgEER/NE-dxHP_equip-spltSEER-16.3-SEER2-9.4-HSPF/instance-out.sql,2764657.77,143484.20
CZ12/OfL&0&cDXHP&Ex&dxHP_equip__pkgEER/NE-dxHP_equip-spltSEER-17.3-SEER2-9.7-HSPF/instance-out.sql,2752170.73,143484.20
CZ12/OfL&0&cDXHP&Ex&dxHP_equip__pkgEER/NE-dxAC_equip-pkgEER-14.2-IEER-TE-0.81-VarFan/instance-out.sql,2795690.10,185307.83
CZ12/OfL&0&cDXHP&Ex&dxHP_equip__pkgEER/NE-dxAC_equip-pkgEER-13.2-IEER-TE-0.81-VarFan/instance-out.sql,2817361.41,185307.83
CZ12/OfL&0&cDXHP&Ex&dxHP_equip__pkgEER/NE-dxAC_equip-pkgEER-14.8-IEER-TE-0.81-VarFan/instance-out.sql,2776947.34,185307.83
CZ12/OfL&0&cDXHP&Ex&dxHP_equip__pkgEER/NE-dxAC_equip-pkgSEER-13.4-SEER2-VarFan/instance-out.sql,2806922.87,185307.83
CZ12/OfS&0&cDXHP&Ex&dxHP_equip__pkgEER/NE-dxAC_equip-pkgEER-14.2-IEER-TE-0.81/instance-out.sql,149384.70,28260.18
CZ12/OfS&0&cDXHP&Ex&dxHP_equip__pkgEER/NE-dxAC_equip-pkgEER-13.2-IEER-TE-0.81/instance-out.sql,150988.45,28260.18
CZ12/OfS&0&cDXHP&Ex&dxHP_equip__pkgEER/NE-dxAC_equip-pkgEER-14.8-IEER-TE-0.81/instance-out.sql,147997.67,28260.18
CZ12/OfS&0&cDXHP&Ex&dxHP_equip__pkgEER/NE-dxAC_equip-pkgSEER-13.4-SEER2/instance-out.sql,150215.97,28260.18
CZ12/OfS&0&cDXHP&Ex&dxHP_equip__pkgEER/NE-dxAC_equip-pkgEER-12.2-IEER-TE-0.80/instance-out.sql,152422.92,28348.82
CZ12/OfS&0&cDXHP&Ex&dxHP_equip__pkgEER/NE-dxAC_equip-pkgEER-11.4-IEER-TE-0.80/instance-out.sql,155160.12,28348.82
CZ12/OfS&0&cDXHP&Ex&dxHP_equip__pkgEER/NE-dxAC_equip-pkgEER-12.7-IEER-TE-0.80/instance-out.sql,152529.66,28348.82
CZ12/OfS&0&cDXHP&Ex&dxHP_equip__pkgEER/NE-dxAC_equip-pkgSEER-12.35-SEER2/instance-out.sql,151897.98,28348.82
CZ12/OfS&0&cDXHP&Ex&dxHP_equip__pkgEER/NE-dxHP_equip-pkgEER-14.5-IEER/instance-out.sql,151877.82,21168.95
CZ12/OfS&0&cDXHP&Ex&dxHP_equip__pkgEER/NE-dxHP_equip-pkgEER-15.5-IEER/instance-out.sql,150490.81,21168.95
CZ12/OfS&0&cDXHP&Ex&dxHP_equip__pkgEER/NE-dxHP_equip-pkgEER-13.5-IEER/instance-out.sql,153284.23,21168.95
CZ12/OfS&0&cDXHP&Ex&dxHP_equip__pkgEER/NE-dxHP_equip-pkgEER-14-IEER/instance-out.sql,152242.31,21168.95
CZ12/OfS&0&cDXHP&Ex&dxHP_equip__pkgEER/NE-dxHP_equip-pkgEER-15-IEER/instance-out.sql,150369.75,21168.95
CZ12/OfS&0&cDXHP&Ex&dxHP_equip__pkgEER/NE-dxHP_equip-pkgEER-16-IEER/instance-out.sql,148555.08,21168.95
CZ12/OfS&0&cDXHP&Ex&dxHP_equip__pkgEER/NE-dxHP_equip-pkgSEER-15.4-SEER2/instance-out.sql,148927.09,21168.95
CZ12/OfS&0&cDXHP&Ex&dxHP_equip__pkgEER/NE-dxHP_equip-pkgSEER-16.3-SEER2/instance-out.sql,147696.40,21168.95
CZ12/OfS&0&cDXHP&Ex&dxHP_equip__pkgEER/NE-dxHP_equip-pkgSEER-14.4-SEER2-1Stage/instance-out.sql,150159.70,21168.95
CZ12/OfS&0&cDXHP&Ex&dxHP_equip__pkgEER/NE-dxHP_equip-pkgSEER-14.4-SEER2-2Stage/instance-out.sql,130237.14,21168.96
CZ12/OfS&0&cDXHP&Ex&dxHP_equip__pkgEER/NE-dxHP_equip-spltSEER-14.4-SEER2-8.7-HSPF/instance-out.sql,150108.91,21168.95
CZ12/OfS&0&cDXHP&Ex&dxHP_equip__pkgEER/NE-dxHP_equip-spltSEER-15.4-SEER2-9-HSPF/instance-out.sql,148886.79,21168.95
CZ12/OfS&0&cDXHP&Ex&dxHP_equip__pkgEER/NE-dxHP_equip-spltSEER-16.3-SEER2-9.4-HSPF/instance-out.sql,147666.28,21168.95
CZ12/OfS&0&cDXHP&Ex&dxHP_equip__pkgEER/NE-dxHP_equip-spltSEER-17.3-SEER2-9.7-HSPF/instance-out.sql,146743.84,21168.95
CZ12/OfS&0&cDXHP&Ex&dxHP_equip__pkgEER/NE-dxAC_equip-pkgEER-14.2-IEER-TE-0.81-VarFan/instance-out.sql,149360.92,28263.19
CZ12/OfS&0&cDXHP&Ex&dxHP_equip__pkgEER/NE-dxAC_equip-pkgEER-13.2-IEER-TE-0.81-VarFan/instance-out.sql,150964.59,28263.19
CZ12/OfS&0&cDXHP&Ex&dxHP_equip__pkgEER/NE-dxAC_equip-pkgEER-14.8-IEER-TE-0.81-VarFan/instance-out.sql,147973.97,28263.19
CZ12/OfS&0&cDXHP&Ex&dxHP_equip__pkgEER/NE-dxAC_equip-pkgSEER-13.4-SEER2-VarFan/instance-out.sql,150192.14,28263.19
CZ12/RFF&0&cDXHP&Ex&dxHP_equip__pkgEER/NE-dxAC_equip-pkgEER-14.2-IEER-TE-0.81/instance-out.sql,71144.77,48588.07
CZ12/RFF&0&cDXHP&Ex&dxHP_equip__pkgEER/NE-dxAC_equip-pkgEER-13.2-IEER-TE-0.81/instance-out.sql,71595.97,48588.07
CZ12/RFF&0&cDXHP&Ex&dxHP_equip__pkgEER/NE-dxAC_equip-pkgEER-14.8-IEER-TE-0.81/instance-out.sql,70754.54,48588.07
CZ12/RFF&0&cDXHP&Ex&dxHP_equip__pkgEER/NE-dxAC_equip-pkgSEER-13.4-SEER2/instance-out.sql,71378.64,48588.07
CZ12/RFF&0&cDXHP&Ex&dxHP_equip__pkgEER/NE-dxAC_equip-pkgEER-12.2-IEER-TE-0.80/instance-out.sql,71999.55,48643.47
CZ12/RFF&0&cDXHP&Ex&dxHP_equip__pkgEER/NE-dxAC_equip-pkgEER-11.4-IEER-TE-0.80/instance-out.sql,72769.64,48643.47
CZ12/RFF&0&cDXHP&Ex&dxHP_equip__pkgEER/NE-dxAC_equip-pkgEER-12.7-IEER-TE-0.80/instance-out.sql,72029.58,48643.47
CZ12/RFF&0&cDXHP&Ex&dxHP_equip__pkgEER/NE-dxAC_equip-pkgSEER-12.35-SEER2/instance-out.sql,71851.86,48643.47
CZ12/RFF&0&cDXHP&Ex&dxHP_equip__pkgEER/NE-dxHP_equip-pkgEER-14.5-IEER/instance-out.sql,72579.91,44155.55
CZ12/RFF&0&cDXHP&Ex&dxHP_equip__pkgEER/NE-dxHP_equip-pkgEER-15.5-IEER/instance-out.sql,72189.60,44155.55
CZ12/RFF&0&cDXHP&Ex&dxHP_equip__pkgEER/NE-dxHP_equip-pkgEER-13.5-IEER/instance-out.sql,72975.67,44155.55
CZ12/RFF&0&cDXHP&Ex&dxHP_equip__pkgEER/NE-dxHP_equip-pkgEER-14-IEER/instance-out.sql,72682.48,44155.55
CZ12/RFF&0&cDXHP&Ex&dxHP_equip__pkgEER/NE-dxHP_equip-pkgEER-15-IEER/instance-out.sql,72114.45,44155.55
CZ12/RFF&0&cDXHP&Ex&dxHP_equip__pkgEER/NE-dxHP_equip-pkgEER-16-IEER/instance-out.sql,71603.80,44155.55
CZ12/RFF&0&cDXHP&Ex&dxHP_equip__pkgEER/NE-dxHP_equip-pkgSEER-15.4-SEER2/instance-out.sql,71654.31,44155.55
CZ12/RFF&0&cDXHP&Ex&dxHP_equip__pkgEER/NE-dxHP_equip-pkgSEER-16.3-SEER2/instance-out.sql,71294.31,44155.55
CZ12/RFF&0&cDXHP&Ex&dxHP_equip__pkgEER/NE-dxHP_equip-pkgSEER-14.4-SEER2-1Stage/instance-out.sql,72012.25,44155.55
CZ12/RFF&0&cDXHP&Ex&dxHP_equip__pkgEER/NE-dxHP_equip-pkgSEER-14.4-SEER2-2Stage/instance-out.sql,66335.46,44157.16
CZ12/RFF&0&cDXHP&Ex&dxHP_equip__pkgEER/NE-dxHP_equip-spltSEER-14.4-SEER2-8.7-HSPF/instance-out.sql,71980.72,44155.55
CZ12/RFF&0&cDXHP&Ex&dxHP_equip__pkgEER/NE-dxHP_equip-spltSEER-15.4-SEER2-9-HSPF/instance-out.sql,71629.29,44155.55
CZ12/RFF&0&cDXHP&Ex&dxHP_equip__pkgEER/NE-dxHP_equip-spltSEER-16.3-SEER2-9.4-HSPF/instance-out.sql,71275.61,44155.55
CZ12/RFF&0&cDXHP&Ex&dxHP_equip__pkgEER/NE-dxHP_equip-spltSEER-17.3-SEER2-9.7-HSPF/instance-out.sql,71010.35,44155.55
CZ12/RSD&0&cDXHP&Ex&dxHP_equip__pkgEER/NE-dxAC_equip-pkgEER-14.2-IEER-TE-0.81/instance-out.sql,141369.85,139212.36
CZ12/RSD&0&cDXHP&Ex&dxHP_equip__pkgEER/NE-dxAC_equip-pkgEER-13.2-IEER-TE-0.81/instance-out.sql,141586.44,139212.36
CZ12/RSD&0&cDXHP&Ex&dxHP_equip__pkgEER/NE-dxAC_equip-pkgEER-14.8-IEER-TE-0.81/instance-out.sql,141182.52,139212.36
CZ12/RSD&0&cDXHP&Ex&dxHP_equip__pkgEER/NE-dxAC_equip-pkgSEER-13.4-SEER2/instance-out.sql,141482.11,139212.36
CZ12/RSD&0&cDXHP&Ex&dxHP_equip__pkgEER/NE-dxAC_equip-pkgEER-12.2-IEER-TE-0.80/instance-out.sql,141780.16,139241.24
CZ12/RSD&0&cDXHP&Ex&dxHP_equip__pkgEER/NE-dxAC_equip-pkgEER-11.4-IEER-TE-0.80/instance-out.sql,142149.83,139241.24
CZ12/RSD&0&cDXHP&Ex&dxHP_equip__pkgEER/NE-dxAC_equip-pkgEER-12.7-IEER-TE-0.80/instance-out.sql,141794.58,139241.24
CZ12/RSD&0&cDXHP&Ex&dxHP_equip__pkgEER/NE-dxAC_equip-pkgSEER-12.35-SEER2/instance-out.sql,141709.27,139241.24
CZ12/RSD&0&cDXHP&Ex&dxHP_equip__pkgEER/NE-dxHP_equip-pkgEER-14.5-IEER/instance-out.sql,142064.46,136904.89
CZ12/RSD&0&cDXHP&Ex&dxHP_equip__pkgEER/NE-dxHP_equip-pkgEER-15.5-IEER/instance-out.sql,141879.21,136904.89
CZ12/RSD&0&cDXHP&Ex&dxHP_equip__pkgEER/NE-dxHP_equip-pkgEER-13.5-IEER/instance-out.sql,142252.30,136904.89
CZ12/RSD&0&cDXHP&Ex&dxHP_equip__pkgEER/NE-dxHP_equip-pkgEER-14-IEER/instance-out.sql,142113.14,136904.89
CZ12/RSD&0&cDXHP&Ex&dxHP_equip__pkgEER/NE-dxHP_equip-pkgEER-15-IEER/instance-out.sql,141840.06,136904.89
CZ12/RSD&0&cDXHP&Ex&dxHP_equip__pkgEER/NE-dxHP_equip-pkgEER-16-IEER/instance-out.sql,141597.70,136904.89
CZ12/RSD&0&cDXHP&Ex&dxHP_equip__pkgEER/NE-dxHP_equip-pkgSEER-15.4-SEER2/instance-out.sql,141617.09,136904.89
CZ12/RSD&0&cDXHP&Ex&dxHP_equip__pkgEER/NE-dxHP_equip-pkgSEER-16.3-SEER2/instance-out.sql,141445.07,136904.89
CZ12/RSD&0&cDXHP&Ex&dxHP_equip__pkgEER/NE-dxHP_equip-pkgSEER-14.4-SEER2-1Stage/instance-out.sql,141787.92,136904.89
CZ12/RSD&0&cDXHP&Ex&dxHP_equip__pkgEER/NE-dxHP_equip-pkgSEER-14.4-SEER2-2Stage/instance-out.sql,138699.60,136939.09
CZ12/RSD&0&cDXHP&Ex&dxHP_equip__pkgEER/NE-dxHP_equip-spltSEER-14.4-SEER2-8.7-HSPF/instance-out.sql,141771.49,136904.89
CZ12/RSD&0&cDXHP&Ex&dxHP_equip__pkgEER/NE-dxHP_equip-spltSEER-15.4-SEER2-9-HSPF/instance-out.sql,141604.06,136904.89
CZ12/RSD&0&cDXHP&Ex&dxHP_equip__pkgEER/NE-dxHP_equip-spltSEER-16.3-SEER2-9.4-HSPF/instance-out.sql,141435.33,136904.89
CZ12/RSD&0&cDXHP&Ex&dxHP_equip__pkgEER/NE-dxHP_equip-spltSEER-17.3-SEER2-9.7-HSPF/instance-out.sql,141308.95,136904.89
CZ12/Rt3&0&cDXHP&Ex&dxHP_equip__pkgEER/NE-dxAC_equip-pkgEER-14.2-IEER-TE-0.81/instance-out.sql,2138103.24,233061.90
CZ12/Rt3&0&cDXHP&Ex&dxHP_equip__pkgEER/NE-dxAC_equip-pkgEER-13.2-IEER-TE-0.81/instance-out.sql,2154934.37,233061.90
CZ12/Rt3&0&cDXHP&Ex&dxHP_equip__pkgEER/NE-dxAC_equip-pkgEER-14.8-IEER-TE-0.81/instance-out.sql,2123546.59,233061.90
CZ12/Rt3&0&cDXHP&Ex&dxHP_equip__pkgEER/NE-dxAC_equip-pkgSEER-13.4-SEER2/instance-out.sql,2146827.23,233061.90
CZ12/Rt3&0&cDXHP&Ex&dxHP_equip__pkgEER/NE-dxAC_equip-pkgEER-12.2-IEER-TE-0.80/instance-out.sql,2169988.89,233894.40
CZ12/Rt3&0&cDXHP&Ex&dxHP_equip__pkgEER/NE-dxAC_equip-pkgEER-11.4-IEER-TE-0.80/instance-out.sql,2198715.35,233894.40
CZ12/Rt3&0&cDXHP&Ex&dxHP_equip__pkgEER/NE-dxAC_equip-pkgEER-12.7-IEER-TE-0.80/instance-out.sql,2171109.14,233894.40
CZ12/Rt3&0&cDXHP&Ex&dxHP_equip__pkgEER/NE-dxAC_equip-pkgSEER-12.35-SEER2/instance-out.sql,2164479.70,233894.40
CZ12/Rt3&0&cDXHP&Ex&dxHP_equip__pkgEER/NE-dxHP_equip-pkgEER-14.5-IEER/instance-out.sql,2177047.15,166462.14
CZ12/Rt3&0&cDXHP&Ex&dxHP_equip__pkgEER/NE-dxHP_equip-pkgEER-15.5-IEER/instance-out.sql,2161848.22,166462.14
CZ12/Rt3&0&cDXHP&Ex&dxHP_equip__pkgEER/NE-dxHP_equip-pkgEER-13.5-IEER/instance-out.sql,2192458.56,166462.14
CZ12/Rt3&0&cDXHP&Ex&dxHP_equip__pkgEER/NE-dxHP_equip-pkgEER-14-IEER/instance-out.sql,2181041.24,166462.14
CZ12/Rt3&0&cDXHP&Ex&dxHP_equip__pkgEER/NE-dxHP_equip-pkgEER-15-IEER/instance-out.sql,2160711.70,166462.14
CZ12/Rt3&0&cDXHP&Ex&dxHP_equip__pkgEER/NE-dxHP_equip-pkgEER-16-IEER/instance-out.sql,2140826.59,166462.14
CZ12/Rt3&0&cDXHP&Ex&dxHP_equip__pkgEER/NE-dxHP_equip-pkgSEER-15.4-SEER2/instance-out.sql,2145153.52,166462.14
CZ12/Rt3&0&cDXHP&Ex&dxHP_equip__pkgEER/NE-dxHP_equip-pkgSEER-16.3-SEER2/instance-out.sql,2131730.82,166462.14
CZ12/Rt3&0&cDXHP&Ex&dxHP_equip__pkgEER/NE-dxHP_equip-pkgSEER-14.4-SEER2-1Stage/instance-out.sql,2158609.20,166462.14
CZ12/Rt3&0&cDXHP&Ex&dxHP_equip__pkgEER/NE-dxHP_equip-pkgSEER-14.4-SEER2-2Stage/instance-out.sql,1953332.83,166690.21
CZ12/Rt3&0&cDXHP&Ex&dxHP_equip__pkgEER/NE-dxHP_equip-spltSEER-14.4-SEER2-8.7-HSPF/instance-out.sql,2158132.38,166462.14
CZ12/Rt3&0&cDXHP&Ex&dxHP_equip__pkgEER/NE-dxHP_equip-spltSEER-15.4-SEER2-9-HSPF/instance-out.sql,2144775.11,166462.14
CZ12/Rt3&0&cDXHP&Ex&dxHP_equip__pkgEER/NE-dxHP_equip-spltSEER-16.3-SEER2-9.4-HSPF/instance-out.sql,2131448.02,166462.14
CZ12/Rt3&0&cDXHP&Ex&dxHP_equip__pkgEER/NE-dxHP_equip-spltSEER-17.3-SEER2-9.7-HSPF/instance-out.sql,2121366.26,166462.14
CZ12/Rt3&0&cDXHP&Ex&dxHP_equip__pkgEER/NE-dxAC_equip-pkgEER-14.2-IEER-TE-0.81-VarFan/instance-out.sql,2137880.76,233087.94
CZ12/Rt3&0&cDXHP&Ex&dxHP_equip__pkgEER/NE-dxAC_equip-pkgEER-13.2-IEER-TE-0.81-VarFan/instance-out.sql,2154711.00,233087.94
CZ12/Rt3&0&cDXHP&Ex&dxHP_equip__pkgEER/NE-dxAC_equip-pkgEER-14.8-IEER-TE-0.81-VarFan/instance-out.sql,2123324.88,233087.94
CZ12/Rt3&0&cDXHP&Ex&dxHP_equip__pkgEER/NE-dxAC_equip-pkgSEER-13.4-SEER2-VarFan/instance-out.sql,2146604.29,233087.94
CZ12/RtL&0&cDXHP&Ex&dxHP_equip__pkgEER/NE-dxAC_equip-pkgEER-14.2-IEER-TE-0.81/instance-out.sql,2165655.14,217871.59
CZ12/RtL&0&cDXHP&Ex&dxHP_equip__pkgEER/NE-dxAC_equip-pkgEER-13.2-IEER-TE-0.81/instance-out.sql,2183350.85,217871.59
CZ12/RtL&0&cDXHP&Ex&dxHP_equip__pkgEER/NE-dxAC_equip-pkgEER-14.8-IEER-TE-0.81/instance-out.sql,2150350.74,217871.59
CZ12/RtL&0&cDXHP&Ex&dxHP_equip__pkgEER/NE-dxAC_equip-pkgSEER-13.4-SEER2/instance-out.sql,2174827.26,217871.59
CZ12/RtL&0&cDXHP&Ex&dxHP_equip__pkgEER/NE-dxAC_equip-pkgEER-12.2-IEER-TE-0.80/instance-out.sql,2199178.68,218583.69
CZ12/RtL&0&cDXHP&Ex&dxHP_equip__pkgEER/NE-dxAC_equip-pkgEER-11.4-IEER-TE-0.80/instance-out.sql,2229380.77,218583.69
CZ12/RtL&0&cDXHP&Ex&dxHP_equip__pkgEER/NE-dxAC_equip-pkgEER-12.7-IEER-TE-0.80/instance-out.sql,2200356.48,218583.69
CZ12/RtL&0&cDXHP&Ex&dxHP_equip__pkgEER/NE-dxAC_equip-pkgSEER-12.35-SEER2/instance-out.sql,2193386.50,218583.69
CZ12/RtL&0&cDXHP&Ex&dxHP_equip__pkgEER/NE-dxHP_equip-pkgEER-14.5-IEER/instance-out.sql,2184757.82,160903.67
CZ12/RtL&0&cDXHP&Ex&dxHP_equip__pkgEER/NE-dxHP_equip-pkgEER-15.5-IEER/instance-out.sql,2169560.16,160903.67
CZ12/RtL&0&cDXHP&Ex&dxHP_equip__pkgEER/NE-dxHP_equip-pkgEER-13.5-IEER/instance-out.sql,2200167.95,160903.67
CZ12/RtL&0&cDXHP&Ex&dxHP_equip__pkgEER/NE-dxHP_equip-pkgEER-14-IEER/instance-out.sql,2188751.58,160903.67
CZ12/RtL&0&cDXHP&Ex&dxHP_equip__pkgEER/NE-dxHP_equip-pkgEER-15-IEER/instance-out.sql,2168583.72,160903.67
CZ12/RtL&0&cDXHP&Ex&dxHP_equip__pkgEER/NE-dxHP_equip-pkgEER-16-IEER/instance-out.sql,2148700.26,160903.67
CZ12/RtL&0&cDXHP&Ex&dxHP_equip__pkgEER/NE-dxHP_equip-pkgSEER-15.4-SEER2/instance-out.sql,2153237.75,160903.67
CZ12/RtL&0&cDXHP&Ex&dxHP_equip__pkgEER/NE-dxHP_equip-pkgSEER-16.3-SEER2/instance-out.sql,2139869.44,160903.67
CZ12/RtL&0&cDXHP&Ex&dxHP_equip__pkgEER/NE-dxHP_equip-pkgSEER-14.4-SEER2-1Stage/instance-out.sql,2166649.17,160903.67
CZ12/RtL&0&cDXHP&Ex&dxHP_equip__pkgEER/NE-dxHP_equip-pkgSEER-14.4-SEER2-2Stage/instance-out.sql,1966355.60,160904.29
CZ12/RtL&0&cDXHP&Ex&dxHP_equip__pkgEER/NE-dxHP_equip-spltSEER-14.4-SEER2-8.7-HSPF/instance-out.sql,2166239.51,160903.67
CZ12/RtL&0&cDXHP&Ex&dxHP_equip__pkgEER/NE-dxHP_equip-spltSEER-15.4-SEER2-9-HSPF/instance-out.sql,2152912.64,160903.67
CZ12/RtL&0&cDXHP&Ex&dxHP_equip__pkgEER/NE-dxHP_equip-spltSEER-16.3-SEER2-9.4-HSPF/instance-out.sql,2139626.47,160903.67
CZ12/RtL&0&cDXHP&Ex&dxHP_equip__pkgEER/NE-dxHP_equip-spltSEER-17.3-SEER2-9.7-HSPF/instance-out.sql,2129567.70,160903.67
CZ12/RtL&0&cDXHP&Ex&dxHP_equip__pkgEER/NE-dxAC_equip-pkgEER-14.2-IEER-TE-0.81-VarFan/instance-out.sql,2165437.89,217894.14
CZ12/RtL&0&cDXHP&Ex&dxHP_equip__pkgEER/NE-dxAC_equip-pkgEER-13.2-IEER-TE-0.81-VarFan/instance-out.sql,2183132.63,217894.14
CZ12/RtL&0&cDXHP&Ex&dxHP_equip__pkgEER/NE-dxAC_equip-pkgEER-14.8-IEER-TE-0.81-VarFan/instance-out.sql,2150134.34,217894.14
CZ12/RtL&0&cDXHP&Ex&dxHP_equip__pkgEER/NE-dxAC_equip-pkgSEER-13.4-SEER2-VarFan/instance-out.sql,2174609.51,217894.14
CZ12/RtS&0&cDXHP&Ex&dxHP_equip__pkgEER/NE-dxAC_equip-pkgEER-14.2-IEER-TE-0.81/instance-out.sql,136337.86,26419.97
CZ12/RtS&0&cDXHP&Ex&dxHP_equip__pkgEER/NE-dxAC_equip-pkgEER-13.2-IEER-TE-0.81/instance-out.sql,137658.83,26419.97
CZ12/RtS&0&cDXHP&Ex&dxHP_equip__pkgEER/NE-dxAC_equip-pkgEER-14.8-IEER-TE-0.81/instance-out.sql,135195.41,26419.97
CZ12/RtS&0&cDXHP&Ex&dxHP_equip__pkgEER/NE-dxAC_equip-pkgSEER-13.4-SEER2/instance-out.sql,137022.55,26419.97
CZ12/RtS&0&cDXHP&Ex&dxHP_equip__pkgEER/NE-dxAC_equip-pkgEER-12.2-IEER-TE-0.80/instance-out.sql,138840.36,26560.69
CZ12/RtS&0&cDXHP&Ex&dxHP_equip__pkgEER/NE-dxAC_equip-pkgEER-11.4-IEER-TE-0.80/instance-out.sql,141094.91,26560.69
CZ12/RtS&0&cDXHP&Ex&dxHP_equip__pkgEER/NE-dxAC_equip-pkgEER-12.7-IEER-TE-0.80/instance-out.sql,138928.28,26560.69
CZ12/RtS&0&cDXHP&Ex&dxHP_equip__pkgEER/NE-dxAC_equip-pkgSEER-12.35-SEER2/instance-out.sql,138407.98,26560.69
CZ12/RtS&0&cDXHP&Ex&dxHP_equip__pkgEER/NE-dxHP_equip-pkgEER-14.5-IEER/instance-out.sql,139611.65,15162.51
CZ12/RtS&0&cDXHP&Ex&dxHP_equip__pkgEER/NE-dxHP_equip-pkgEER-15.5-IEER/instance-out.sql,138482.02,15162.51
CZ12/RtS&0&cDXHP&Ex&dxHP_equip__pkgEER/NE-dxHP_equip-pkgEER-13.5-IEER/instance-out.sql,140757.08,15162.51
CZ12/RtS&0&cDXHP&Ex&dxHP_equip__pkgEER/NE-dxHP_equip-pkgEER-14-IEER/instance-out.sql,139908.51,15162.51
CZ12/RtS&0&cDXHP&Ex&dxHP_equip__pkgEER/NE-dxHP_equip-pkgEER-15-IEER/instance-out.sql,138296.27,15162.51
CZ12/RtS&0&cDXHP&Ex&dxHP_equip__pkgEER/NE-dxHP_equip-pkgEER-16-IEER/instance-out.sql,136818.34,15162.51
CZ12/RtS&0&cDXHP&Ex&dxHP_equip__pkgEER/NE-dxHP_equip-pkgSEER-15.4-SEER2/instance-out.sql,137006.41,15162.51
CZ12/RtS&0&cDXHP&Ex&dxHP_equip__pkgEER/NE-dxHP_equip-pkgSEER-16.3-SEER2/instance-out.sql,135975.07,15162.51
CZ12/RtS&0&cDXHP&Ex&dxHP_equip__pkgEER/NE-dxHP_equip-pkgSEER-14.4-SEER2-1Stage/instance-out.sql,138033.80,15162.51
CZ12/RtS&0&cDXHP&Ex&dxHP_equip__pkgEER/NE-dxHP_equip-pkgSEER-14.4-SEER2-2Stage/instance-out.sql,123930.67,15162.52
CZ12/RtS&0&cDXHP&Ex&dxHP_equip__pkgEER/NE-dxHP_equip-spltSEER-14.4-SEER2-8.7-HSPF/instance-out.sql,137955.87,15162.51
CZ12/RtS&0&cDXHP&Ex&dxHP_equip__pkgEER/NE-dxHP_equip-spltSEER-15.4-SEER2-9-HSPF/instance-out.sql,136944.57,15162.51
CZ12/RtS&0&cDXHP&Ex&dxHP_equip__pkgEER/NE-dxHP_equip-spltSEER-16.3-SEER2-9.4-HSPF/instance-out.sql,135928.85,15162.51
CZ12/RtS&0&cDXHP&Ex&dxHP_equip__pkgEER/NE-dxHP_equip-spltSEER-17.3-SEER2-9.7-HSPF/instance-out.sql,135165.52,15162.51
CZ12/RtS&0&cDXHP&Ex&dxHP_equip__pkgEER/NE-dxAC_equip-pkgEER-14.2-IEER-TE-0.81-VarFan/instance-out.sql,136321.83,26423.09
CZ12/RtS&0&cDXHP&Ex&dxHP_equip__pkgEER/NE-dxAC_equip-pkgEER-13.2-IEER-TE-0.81-VarFan/instance-out.sql,137642.73,26423.09
CZ12/RtS&0&cDXHP&Ex&dxHP_equip__pkgEER/NE-dxAC_equip-pkgEER-14.8-IEER-TE-0.81-VarFan/instance-out.sql,135179.43,26423.09
CZ12/RtS&0&cDXHP&Ex&dxHP_equip__pkgEER/NE-dxAC_equip-pkgSEER-13.4-SEER2-VarFan/instance-out.sql,137006.48,26423.09
CZ12/SCn&0&cDXHP&Ex&dxHP_equip__pkgEER/NE-dxAC_equip-pkgEER-14.2-IEER-TE-0.81/instance-out.sql,3531825.89,849887.43
CZ12/SCn&0&cDXHP&Ex&dxHP_equip__pkgEER/NE-dxAC_equip-pkgEER-13.2-IEER-TE-0.81/instance-out.sql,3567045.00,849887.43
CZ12/SCn&0&cDXHP&Ex&dxHP_equip__pkgEER/NE-dxAC_equip-pkgEER-14.8-IEER-TE-0.81/instance-out.sql,3501366.12,849887.43
CZ12/SCn&0&cDXHP&Ex&dxHP_equip__pkgEER/NE-dxAC_equip-pkgSEER-13.4-SEER2/instance-out.sql,3550080.82,849887.43
CZ12/SCn&0&cDXHP&Ex&dxHP_equip__pkgEER/NE-dxAC_equip-pkgEER-12.2-IEER-TE-0.80/instance-out.sql,3598546.53,859502.00
CZ12/SCn&0&cDXHP&Ex&dxHP_equip__pkgEER/NE-dxAC_equip-pkgEER-11.4-IEER-TE-0.80/instance-out.sql,3658656.61,859502.00
CZ12/SCn&0&cDXHP&Ex&dxHP_equip__pkgEER/NE-dxAC_equip-pkgEER-12.7-IEER-TE-0.80/instance-out.sql,3600890.66,859502.00
CZ12/SCn&0&cDXHP&Ex&dxHP_equip__pkgEER/NE-dxAC_equip-pkgSEER-12.35-SEER2/instance-out.sql,3587018.57,859502.00
CZ12/SCn&0&cDXHP&Ex&dxHP_equip__pkgEER/NE-dxHP_equip-pkgEER-14.5-IEER/instance-out.sql,3810392.72,80721.54
CZ12/SCn&0&cDXHP&Ex&dxHP_equip__pkgEER/NE-dxHP_equip-pkgEER-15.5-IEER/instance-out.sql,3778007.38,80721.54
CZ12/SCn&0&cDXHP&Ex&dxHP_equip__pkgEER/NE-dxHP_equip-pkgEER-13.5-IEER/instance-out.sql,3843230.82,80721.54
CZ12/SCn&0&cDXHP&Ex&dxHP_equip__pkgEER/NE-dxHP_equip-pkgEER-14-IEER/instance-out.sql,3818903.19,80721.54
CZ12/SCn&0&cDXHP&Ex&dxHP_equip__pkgEER/NE-dxHP_equip-pkgEER-15-IEER/instance-out.sql,3765550.21,80721.54
CZ12/SCn&0&cDXHP&Ex&dxHP_equip__pkgEER/NE-dxHP_equip-pkgEER-16-IEER/instance-out.sql,3723179.70,80721.54
CZ12/SCn&0&cDXHP&Ex&dxHP_equip__pkgEER/NE-dxHP_equip-pkgSEER-15.4-SEER2/instance-out.sql,3719169.48,80721.54
CZ12/SCn&0&cDXHP&Ex&dxHP_equip__pkgEER/NE-dxHP_equip-pkgSEER-16.3-SEER2/instance-out.sql,3687227.45,80721.54
CZ12/SCn&0&cDXHP&Ex&dxHP_equip__pkgEER/NE-dxHP_equip-pkgSEER-14.4-SEER2-1Stage/instance-out.sql,3750546.98,80721.54
CZ12/SCn&0&cDXHP&Ex&dxHP_equip__pkgEER/NE-dxHP_equip-pkgSEER-14.4-SEER2-2Stage/instance-out.sql,3089217.59,80721.58
CZ12/SCn&0&cDXHP&Ex&dxHP_equip__pkgEER/NE-dxHP_equip-spltSEER-14.4-SEER2-8.7-HSPF/instance-out.sql,3745320.60,80721.54
CZ12/SCn&0&cDXHP&Ex&dxHP_equip__pkgEER/NE-dxHP_equip-spltSEER-15.4-SEER2-9-HSPF/instance-out.sql,3715021.75,80721.54
CZ12/SCn&0&cDXHP&Ex&dxHP_equip__pkgEER/NE-dxHP_equip-spltSEER-16.3-SEER2-9.4-HSPF/instance-out.sql,3684127.64,80721.54
CZ12/SCn&0&cDXHP&Ex&dxHP_equip__pkgEER/NE-dxHP_equip-spltSEER-17.3-SEER2-9.7-HSPF/instance-out.sql,3661256.82,80721.54

File Name,Unmet Heating (Hours),Unmet Cooling (Hours)
CZ11/Asm&0&cDXHP&Ex&dxHP_equip__pkgEER/NE-dxAC_equip-pkgEER-14.2-IEER-TE-0.81/instance-out.sql,0.00,704.00
CZ11/Asm&0&cDXHP&Ex&dxHP_equip__pkgEER/NE-dxAC_equip-pkgEER-13.2-IEER-TE-0.81/instance-out.sql,0.00,704.00
CZ11/Asm&0&cDXHP&Ex&dxHP_equip__pkgEER/NE-dxAC_equip-pkgEER-14.8-IEER-TE-0.81/instance-out.sql,0.00,704.00
CZ11/Asm&0&cDXHP&Ex&dxHP_equip__pkgEER/NE-dxAC_equip-pkgSEER-13.4-SEER2/instance-out.sql,0.00,704.00
CZ11/Asm&0&cDXHP&Ex&dxHP_equip__pkgEER/NE-dxAC_equip-pkgEER-12.2-IEER-TE-0.80/instance-out.sql,0.00,704.00
CZ11/Asm&0&cDXHP&Ex&dxHP_equip__pkgEER/NE-dxAC_equip-pkgEER-11.4-IEER-TE-0.80/instance-out.sql,0.00,704.00
CZ11/Asm&0&cDXHP&Ex&dxHP_equip__pkgEER/NE-dxAC_equip-pkgEER-12.7-IEER-TE-0.80/instance-out.sql,0.00,704.00
CZ11/Asm&0&cDXHP&Ex&dxHP_equip__pkgEER/NE-dxAC_equip-pkgSEER-12.35-SEER2/instance-out.sql,0.00,704.00
CZ11/Asm&0&cDXHP&Ex&dxHP_equip__pkgEER/NE-dxHP_equip-pkgEER-14.5-IEER/instance-out.sql,0.00,619.00
CZ11/Asm&0&cDXHP&Ex&dxHP_equip__pkgEER/NE-dxHP_equip-pkgEER-15.5-IEER/instance-out.sql,0.00,619.00
CZ11/Asm&0&cDXHP&Ex&dxHP_equip__pkgEER/NE-dxHP_equip-pkgEER-13.5-IEER/instance-out.sql,0.00,619.00
CZ11/Asm&0&cDXHP&Ex&dxHP_equip__pkgEER/NE-dxHP_equip-pkgEER-14-IEER/instance-out.sql,0.00,619.00
CZ11/Asm&0&cDXHP&Ex&dxHP_equip__pkgEER/NE-dxHP_equip-pkgEER-15-IEER/instance-out.sql,0.00,619.00
CZ11/Asm&0&cDXHP&Ex&dxHP_equip__pkgEER/NE-dxHP_equip-pkgEER-16-IEER/instance-out.sql,0.00,619.00
CZ11/Asm&0&cDXHP&Ex&dxHP_equip__pkgEER/NE-dxHP_equip-pkgSEER-15.4-SEER2/instance-out.sql,0.00,619.00
CZ11/Asm&0&cDXHP&Ex&dxHP_equip__pkgEER/NE-dxHP_equip-pkgSEER-16.3-SEER2/instance-out.sql,0.00,619.00
CZ11/Asm&0&cDXHP&Ex&dxHP_equip__pkgEER/NE-dxHP_equip-pkgSEER-14.4-SEER2-1Stage/instance-out.sql,0.00,619.00
CZ11/Asm&0&cDXHP&Ex&dxHP_equip__pkgEER/NE-dxHP_equip-pkgSEER-14.4-SEER2-2Stage/instance-out.sql,0.00,618.00
CZ11/Asm&0&cDXHP&Ex&dxHP_equip__pkgEER/NE-dxHP_equip-spltSEER-14.4-SEER2-8.7-HSPF/instance-out.sql,0.00,619.00
CZ11/Asm&0&cDXHP&Ex&dxHP_equip__pkgEER/NE-dxHP_equip-spltSEER-15.4-SEER2-9-HSPF/instance-out.sql,0.00,619.00
CZ11/Asm&0&cDXHP&Ex&dxHP_equip__pkgEER/NE-dxHP_equip-spltSEER-16.3-SEER2-9.4-HSPF/instance-out.sql,0.00,619.00
CZ11/Asm&0&cDXHP&Ex&dxHP_equip__pkgEER/NE-dxHP_equip-spltSEER-17.3-SEER2-9.7-HSPF/instance-out.sql,0.00,619.00
CZ11/ECC&0&cDXHP&Ex&dxHP_equip__pkgEER/NE-dxAC_equip-pkgEER-14.2-IEER-TE-0.81/instance-out.sql,0.00,4384.00
CZ11/ECC&0&cDXHP&Ex&dxHP_equip__pkgEER/NE-dxAC_equip-pkgEER-13.2-IEER-TE-0.81/instance-out.sql,0.00,4384.00
CZ11/ECC&0&cDXHP&Ex&dxHP_equip__pkgEER/NE-dxAC_equip-pkgEER-14.8-IEER-TE-0.81/instance-out.sql,0.00,4384.00
CZ11/ECC&0&cDXHP&Ex&dxHP_equip__pkgEER/NE-dxAC_equip-pkgSEER-13.4-SEER2/instance-out.sql,0.00,4384.00
CZ11/ECC&0&cDXHP&Ex&dxHP_equip__pkgEER/NE-dxAC_equip-pkgEER-12.2-IEER-TE-0.80/instance-out.sql,0.00,4384.00
CZ11/ECC&0&cDXHP&Ex&dxHP_equip__pkgEER/NE-dxAC_equip-pkgEER-11.4-IEER-TE-0.80/instance-out.sql,0.00,4384.00
CZ11/ECC&0&cDXHP&Ex&dxHP_equip__pkgEER/NE-dxAC_equip-pkgEER-12.7-IEER-TE-0.80/instance-out.sql,0.00,4384.00
CZ11/ECC&0&cDXHP&Ex&dxHP_equip__pkgEER/NE-dxAC_equip-pkgSEER-12.35-SEER2/instance-out.sql,0.00,4384.00
CZ11/ECC&0&cDXHP&Ex&dxHP_equip__pkgEER/NE-dxHP_equip-pkgEER-14.5-IEER/instance-out.sql,0.00,4388.00
CZ11/ECC&0&cDXHP&Ex&dxHP_equip__pkgEER/NE-dxHP_equip-pkgEER-15.5-IEER/instance-out.sql,0.00,4388.00
CZ11/ECC&0&cDXHP&Ex&dxHP_equip__pkgEER/NE-dxHP_equip-pkgEER-13.5-IEER/instance-out.sql,0.00,4388.00
CZ11/ECC&0&cDXHP&Ex&dxHP_equip__pkgEER/NE-dxHP_equip-pkgEER-14-IEER/instance-out.sql,0.00,4388.00
CZ11/ECC&0&cDXHP&Ex&dxHP_equip__pkgEER/NE-dxHP_equip-pkgEER-15-IEER/instance-out.sql,0.00,4388.00
CZ11/ECC&0&cDXHP&Ex&dxHP_equip__pkgEER/NE-dxHP_equip-pkgEER-16-IEER/instance-out.sql,0.00,4388.00
CZ11/ECC&0&cDXHP&Ex&dxHP_equip__pkgEER/NE-dxHP_equip-pkgSEER-15.4-SEER2/instance-out.sql,0.00,4388.00
CZ11/ECC&0&cDXHP&Ex&dxHP_equip__pkgEER/NE-dxHP_equip-pkgSEER-16.3-SEER2/instance-out.sql,0.00,4388.00
CZ11/ECC&0&cDXHP&Ex&dxHP_equip__pkgEER/NE-dxHP_equip-pkgSEER-14.4-SEER2-1Stage/instance-out.sql,0.00,4388.00
CZ11/ECC&0&cDXHP&Ex&dxHP_equip__pkgEER/NE-dxHP_equip-pkgSEER-14.4-SEER2-2Stage/instance-out.sql,1.00,4343.00
CZ11/ECC&0&cDXHP&Ex&dxHP_equip__pkgEER/NE-dxHP_equip-spltSEER-14.4-SEER2-8.7-HSPF/instance-out.sql,0.00,4388.00
CZ11/ECC&0&cDXHP&Ex&dxHP_equip__pkgEER/NE-dxHP_equip-spltSEER-15.4-SEER2-9-HSPF/instance-out.sql,0.00,4388.00
CZ11/ECC&0&cDXHP&Ex&dxHP_equip__pkgEER/NE-dxHP_equip-spltSEER-16.3-SEER2-9.4-HSPF/instance-out.sql,0.00,4388.00
CZ11/ECC&0&cDXHP&Ex&dxHP_equip__pkgEER/NE-dxHP_equip-spltSEER-17.3-SEER2-9.7-HSPF/instance-out.sql,0.00,4388.00
CZ11/ECC&0&cDXHP&Ex&dxHP_equip__pkgEER/NE-dxAC_equip-pkgEER-14.2-IEER-TE-0.81-VarFan/instance-out.sql,0.00,4383.00
CZ11/ECC&0&cDXHP&Ex&dxHP_equip__pkgEER/NE-dxAC_equip-pkgEER-13.2-IEER-TE-0.81-VarFan/instance-out.sql,0.00,4383.00
CZ11/ECC&0&cDXHP&Ex&dxHP_equip__pkgEER/NE-dxAC_equip-pkgEER-14.8-IEER-TE-0.81-VarFan/instance-out.sql,0.00,4383.00
CZ11/ECC&0&cDXHP&Ex&dxHP_equip__pkgEER/NE-dxAC_equip-pkgSEER-13.4-SEER2-VarFan/instance-out.sql,0.00,4383.00
CZ11/EPr&0&cDXHP&Ex&dxHP_equip__pkgEER/NE-dxAC_equip-pkgEER-14.2-IEER-TE-0.81/instance-out.sql,2.00,232.00
CZ11/EPr&0&cDXHP&Ex&dxHP_equip__pkgEER/NE-dxAC_equip-pkgEER-13.2-IEER-TE-0.81/instance-out.sql,2.00,232.00
CZ11/EPr&0&cDXHP&Ex&dxHP_equip__pkgEER/NE-dxAC_equip-pkgEER-14.8-IEER-TE-0.81/instance-out.sql,2.00,232.00
CZ11/EPr&0&cDXHP&Ex&dxHP_equip__pkgEER/NE-dxAC_equip-pkgSEER-13.4-SEER2/instance-out.sql,2.00,232.00
CZ11/EPr&0&cDXHP&Ex&dxHP_equip__pkgEER/NE-dxAC_equip-pkgEER-12.2-IEER-TE-0.80/instance-out.sql,2.00,232.00
CZ11/EPr&0&cDXHP&Ex&dxHP_equip__pkgEER/NE-dxAC_equip-pkgEER-11.4-IEER-TE-0.80/instance-out.sql,2.00,232.00
CZ11/EPr&0&cDXHP&Ex&dxHP_equip__pkgEER/NE-dxAC_equip-pkgEER-12.7-IEER-TE-0.80/instance-out.sql,2.00,232.00
CZ11/EPr&0&cDXHP&Ex&dxHP_equip__pkgEER/NE-dxAC_equip-pkgSEER-12.35-SEER2/instance-out.sql,2.00,232.00
CZ11/EPr&0&cDXHP&Ex&dxHP_equip__pkgEER/NE-dxHP_equip-pkgEER-14.5-IEER/instance-out.sql,2.00,108.00
CZ11/EPr&0&cDXHP&Ex&dxHP_equip__pkgEER/NE-dxHP_equip-pkgEER-15.5-IEER/instance-out.sql,2.00,108.00
CZ11/EPr&0&cDXHP&Ex&dxHP_equip__pkgEER/NE-dxHP_equip-pkgEER-13.5-IEER/instance-out.sql,2.00,108.00
CZ11/EPr&0&cDXHP&Ex&dxHP_equip__pkgEER/NE-dxHP_equip-pkgEER-14-IEER/instance-out.sql,2.00,108.00
CZ11/EPr&0&cDXHP&Ex&dxHP_equip__pkgEER/NE-dxHP_equip-pkgEER-15-IEER/instance-out.sql,2.00,108.00
CZ11/EPr&0&cDXHP&Ex&dxHP_equip__pkgEER/NE-dxHP_equip-pkgEER-16-IEER/instance-out.sql,2.00,108.00
CZ11/EPr&0&cDXHP&Ex&dxHP_equip__pkgEER/NE-dxHP_equip-pkgSEER-15.4-SEER2/instance-out.sql,2.00,108.00
CZ11/EPr&0&cDXHP&Ex&dxHP_equip__pkgEER/NE-dxHP_equip-pkgSEER-16.3-SEER2/instance-out.sql,2.00,108.00
CZ11/EPr&0&cDXHP&Ex&dxHP_equip__pkgEER/NE-dxHP_equip-pkgSEER-14.4-SEER2-1Stage/instance-out.sql,2.00,108.00
CZ11/EPr&0&cDXHP&Ex&dxHP_equip__pkgEER/NE-dxHP_equip-pkgSEER-14.4-SEER2-2Stage/instance-out.sql,0.00,108.00
CZ11/EPr&0&cDXHP&Ex&dxHP_equip__pkgEER/NE-dxHP_equip-spltSEER-14.4-SEER2-8.7-HSPF/instance-out.sql,2.00,108.00
CZ11/EPr&0&cDXHP&Ex&dxHP_equip__pkgEER/NE-dxHP_equip-spltSEER-15.4-SEER2-9-HSPF/instance-out.sql,2.00,108.00
CZ11/EPr&0&cDXHP&Ex&dxHP_equip__pkgEER/NE-dxHP_equip-spltSEER-16.3-SEER2-9.4-HSPF/instance-out.sql,2.00,108.00
CZ11/EPr&0&cDXHP&Ex&dxHP_equip__pkgEER/NE-dxHP_equip-spltSEER-17.3-SEER2-9.7-HSPF/instance-out.sql,2.00,108.00
CZ11/EPr&0&cDXHP&Ex&dxHP_equip__pkgEER/NE-dxAC_equip-pkgEER-14.2-IEER-TE-0.81-VarFan/instance-out.sql,2.00,232.00
CZ11/EPr&0&cDXHP&Ex&dxHP_equip__pkgEER/NE-dxAC_equip-pkgEER-13.2-IEER-TE-0.81-VarFan/instance-out.sql,2.00,232.00
CZ11/EPr&0&cDXHP&Ex&dxHP_equip__pkgEER/NE-dxAC_equip-pkgEER-14.8-IEER-TE-0.81-VarFan/instance-out.sql,2.00,232.00
CZ11/EPr&0&cDXHP&Ex&dxHP_equip__pkgEER/NE-dxAC_equip-pkgSEER-13.4-SEER2-VarFan/instance-out.sql,2.00,232.00
CZ11/ERC&0&cDXHP&Ex&dxHP_equip__pkgEER/NE-dxAC_equip-pkgEER-14.2-IEER-TE-0.81/instance-out.sql,1.00,123.00
CZ11/ERC&0&cDXHP&Ex&dxHP_equip__pkgEER/NE-dxAC_equip-pkgEER-13.2-IEER-TE-0.81/instance-out.sql,1.00,123.00
CZ11/ERC&0&cDXHP&Ex&dxHP_equip__pkgEER/NE-dxAC_equip-pkgEER-14.8-IEER-TE-0.81/instance-out.sql,1.00,123.00
CZ11/ERC&0&cDXHP&Ex&dxHP_equip__pkgEER/NE-dxAC_equip-pkgSEER-13.4-SEER2/instance-out.sql,1.00,123.00
CZ11/ERC&0&cDXHP&Ex&dxHP_equip__pkgEER/NE-dxAC_equip-pkgEER-12.2-IEER-TE-0.80/instance-out.sql,1.00,123.00
CZ11/ERC&0&cDXHP&Ex&dxHP_equip__pkgEER/NE-dxAC_equip-pkgEER-11.4-IEER-TE-0.80/instance-out.sql,1.00,123.00
CZ11/ERC&0&cDXHP&Ex&dxHP_equip__pkgEER/NE-dxAC_equip-pkgEER-12.7-IEER-TE-0.80/instance-out.sql,1.00,123.00
CZ11/ERC&0&cDXHP&Ex&dxHP_equip__pkgEER/NE-dxAC_equip-pkgSEER-12.35-SEER2/instance-out.sql,1.00,123.00
CZ11/ERC&0&cDXHP&Ex&dxHP_equip__pkgEER/NE-dxHP_equip-pkgEER-14.5-IEER/instance-out.sql,1.00,86.00
CZ11/ERC&0&cDXHP&Ex&dxHP_equip__pkgEER/NE-dxHP_equip-pkgEER-15.5-IEER/instance-out.sql,1.00,86.00
CZ11/ERC&0&cDXHP&Ex&dxHP_equip__pkgEER/NE-dxHP_equip-pkgEER-13.5-IEER/instance-out.sql,1.00,86.00
CZ11/ERC&0&cDXHP&Ex&dxHP_equip__pkgEER/NE-dxHP_equip-pkgEER-14-IEER/instance-out.sql,1.00,86.00
CZ11/ERC&0&cDXHP&Ex&dxHP_equip__pkgEER/NE-dxHP_equip-pkgEER-15-IEER/instance-out.sql,1.00,86.00
CZ11/ERC&0&cDXHP&Ex&dxHP_equip__pkgEER/NE-dxHP_equip-pkgEER-16-IEER/instance-out.sql,1.00,86.00
CZ11/ERC&0&cDXHP&Ex&dxHP_equip__pkgEER/NE-dxHP_equip-pkgSEER-15.4-SEER2/instance-out.sql,1.00,86.00
CZ11/ERC&0&cDXHP&Ex&dxHP_equip__pkgEER/NE-dxHP_equip-pkgSEER-16.3-SEER2/instance-out.sql,1.00,86.00
CZ11/ERC&0&cDXHP&Ex&dxHP_equip__pkgEER/NE-dxHP_equip-pkgSEER-14.4-SEER2-1Stage/instance-out.sql,1.00,86.00
CZ11/ERC&0&cDXHP&Ex&dxHP_equip__pkgEER/NE-dxHP_equip-pkgSEER-14.4-SEER2-2Stage/instance-out.sql,1.00,86.00
CZ11/ERC&0&cDXHP&Ex&dxHP_equip__pkgEER/NE-dxHP_equip-spltSEER-14.4-SEER2-8.7-HSPF/instance-out.sql,1.00,86.00
CZ11/ERC&0&cDXHP&Ex&dxHP_equip__pkgEER/NE-dxHP_equip-spltSEER-15.4-SEER2-9-HSPF/instance-out.sql,1.00,86.00
CZ11/ERC&0&cDXHP&Ex&dxHP_equip__pkgEER/NE-dxHP_equip-spltSEER-16.3-SEER2-9.4-HSPF/instance-out.sql,1.00,86.00
CZ11/ERC&0&cDXHP&Ex&dxHP_equip__pkgEER/NE-dxHP_equip-spltSEER-17.3-SEER2-9.7-HSPF/instance-out.sql,1.00,86.00
CZ11/ERC&0&cDXHP&Ex&dxHP_equip__pkgEER/NE-dxAC_equip-pkgEER-14.2-IEER-TE-0.81-VarFan/instance-out.sql,1.00,123.00
CZ11/ERC&0&cDXHP&Ex&dxHP_equip__pkgEER/NE-dxAC_equip-pkgEER-13.2-IEER-TE-0.81-VarFan/instance-out.sql,1.00,123.00
CZ11/ERC&0&cDXHP&Ex&dxHP_equip__pkgEER/NE-dxAC_equip-pkgEER-14.8-IEER-TE-0.81-VarFan/instance-out.sql,1.00,123.00
CZ11/ERC&0&cDXHP&Ex&dxHP_equip__pkgEER/NE-dxAC_equip-pkgSEER-13.4-SEER2-VarFan/instance-out.sql,1.00,123.00
CZ11/ESe&0&cDXHP&Ex&dxHP_equip__pkgEER/NE-dxAC_equip-pkgEER-14.2-IEER-TE-0.81/instance-out.sql,1.00,511.00
CZ11/ESe&0&cDXHP&Ex&dxHP_equip__pkgEER/NE-dxAC_equip-pkgEER-13.2-IEER-TE-0.81/instance-out.sql,1.00,511.00
CZ11/ESe&0&cDXHP&Ex&dxHP_equip__pkgEER/NE-dxAC_equip-pkgEER-14.8-IEER-TE-0.81/instance-out.sql,1.00,511.00
CZ11/ESe&0&cDXHP&Ex&dxHP_equip__pkgEER/NE-dxAC_equip-pkgSEER-13.4-SEER2/instance-out.sql,1.00,511.00
CZ11/ESe&0&cDXHP&Ex&dxHP_equip__pkgEER/NE-dxAC_equip-pkgEER-12.2-IEER-TE-0.80/instance-out.sql,1.00,511.00
CZ11/ESe&0&cDXHP&Ex&dxHP_equip__pkgEER/NE-dxAC_equip-pkgEER-11.4-IEER-TE-0.80/instance-out.sql,1.00,511.00
CZ11/ESe&0&cDXHP&Ex&dxHP_equip__pkgEER/NE-dxAC_equip-pkgEER-12.7-IEER-TE-0.80/instance-out.sql,1.00,511.00
CZ11/ESe&0&cDXHP&Ex&dxHP_equip__pkgEER/NE-dxAC_equip-pkgSEER-12.35-SEER2/instance-out.sql,1.00,511.00
CZ11/ESe&0&cDXHP&Ex&dxHP_equip__pkgEER/NE-dxHP_equip-pkgEER-14.5-IEER/instance-out.sql,1.00,342.00
CZ11/ESe&0&cDXHP&Ex&dxHP_equip__pkgEER/NE-dxHP_equip-pkgEER-15.5-IEER/instance-out.sql,1.00,342.00
CZ11/ESe&0&cDXHP&Ex&dxHP_equip__pkgEER/NE-dxHP_equip-pkgEER-13.5-IEER/instance-out.sql,1.00,342.00
CZ11/ESe&0&cDXHP&Ex&dxHP_equip__pkgEER/NE-dxHP_equip-pkgEER-14-IEER/instance-out.sql,1.00,342.00
CZ11/ESe&0&cDXHP&Ex&dxHP_equip__pkgEER/NE-dxHP_equip-pkgEER-15-IEER/instance-out.sql,1.00,342.00
CZ11/ESe&0&cDXHP&Ex&dxHP_equip__pkgEER/NE-dxHP_equip-pkgEER-16-IEER/instance-out.sql,1.00,342.00
CZ11/ESe&0&cDXHP&Ex&dxHP_equip__pkgEER/NE-dxHP_equip-pkgSEER-15.4-SEER2/instance-out.sql,1.00,342.00
CZ11/ESe&0&cDXHP&Ex&dxHP_equip__pkgEER/NE-dxHP_equip-pkgSEER-16.3-SEER2/instance-out.sql,1.00,342.00
CZ11/ESe&0&cDXHP&Ex&dxHP_equip__pkgEER/NE-dxHP_equip-pkgSEER-14.4-SEER2-1Stage/instance-out.sql,1.00,342.00
CZ11/ESe&0&cDXHP&Ex&dxHP_equip__pkgEER/NE-dxHP_equip-pkgSEER-14.4-SEER2-2Stage/instance-out.sql,3.00,341.00
CZ11/ESe&0&cDXHP&Ex&dxHP_equip__pkgEER/NE-dxHP_equip-spltSEER-14.4-SEER2-8.7-HSPF/instance-out.sql,1.00,342.00
CZ11/ESe&0&cDXHP&Ex&dxHP_equip__pkgEER/NE-dxHP_equip-spltSEER-15.4-SEER2-9-HSPF/instance-out.sql,1.00,342.00
CZ11/ESe&0&cDXHP&Ex&dxHP_equip__pkgEER/NE-dxHP_equip-spltSEER-16.3-SEER2-9.4-HSPF/instance-out.sql,1.00,342.00
CZ11/ESe&0&cDXHP&Ex&dxHP_equip__pkgEER/NE-dxHP_equip-spltSEER-17.3-SEER2-9.7-HSPF/instance-out.sql,1.00,342.00
CZ11/ESe&0&cDXHP&Ex&dxHP_equip__pkgEER/NE-dxAC_equip-pkgEER-14.2-IEER-TE-0.81-VarFan/instance-out.sql,1.00,511.00
CZ11/ESe&0&cDXHP&Ex&dxHP_equip__pkgEER/NE-dxAC_equip-pkgEER-13.2-IEER-TE-0.81-VarFan/instance-out.sql,1.00,511.00
CZ11/ESe&0&cDXHP&Ex&dxHP_equip__pkgEER/NE-dxAC_equip-pkgEER-14.8-IEER-TE-0.81-VarFan/instance-out.sql,1.00,511.00
CZ11/ESe&0&cDXHP&Ex&dxHP_equip__pkgEER/NE-dxAC_equip-pkgSEER-13.4-SEER2-VarFan/instance-out.sql,1.00,511.00
CZ11/EUn&0&cDXHP&Ex&dxHP_equip__pkgEER/NE-dxAC_equip-pkgEER-14.2-IEER-TE-0.81/instance-out.sql,0.00,1004.00
CZ11/EUn&0&cDXHP&Ex&dxHP_equip__pkgEER/NE-dxAC_equip-pkgEER-13.2-IEER-TE-0.81/instance-out.sql,0.00,1004.00
CZ11/EUn&0&cDXHP&Ex&dxHP_equip__pkgEER/NE-dxAC_equip-pkgEER-14.8-IEER-TE-0.81/instance-out.sql,0.00,1004.00
CZ11/EUn&0&cDXHP&Ex&dxHP_equip__pkgEER/NE-dxAC_equip-pkgSEER-13.4-SEER2/instance-out.sql,0.00,1004.00
CZ11/EUn&0&cDXHP&Ex&dxHP_equip__pkgEER/NE-dxAC_equip-pkgEER-12.2-IEER-TE-0.80/instance-out.sql,0.00,1004.00
CZ11/EUn&0&cDXHP&Ex&dxHP_equip__pkgEER/NE-dxAC_equip-pkgEER-11.4-IEER-TE-0.80/instance-out.sql,0.00,1004.00
CZ11/EUn&0&cDXHP&Ex&dxHP_equip__pkgEER/NE-dxAC_equip-pkgEER-12.7-IEER-TE-0.80/instance-out.sql,0.00,1004.00
CZ11/EUn&0&cDXHP&Ex&dxHP_equip__pkgEER/NE-dxAC_equip-pkgSEER-12.35-SEER2/instance-out.sql,0.00,1004.00
CZ11/EUn&0&cDXHP&Ex&dxHP_equip__pkgEER/NE-dxHP_equip-pkgEER-14.5-IEER/instance-out.sql,0.00,751.00
CZ11/EUn&0&cDXHP&Ex&dxHP_equip__pkgEER/NE-dxHP_equip-pkgEER-15.5-IEER/instance-out.sql,0.00,751.00
CZ11/EUn&0&cDXHP&Ex&dxHP_equip__pkgEER/NE-dxHP_equip-pkgEER-13.5-IEER/instance-out.sql,0.00,751.00
CZ11/EUn&0&cDXHP&Ex&dxHP_equip__pkgEER/NE-dxHP_equip-pkgEER-14-IEER/instance-out.sql,0.00,751.00
CZ11/EUn&0&cDXHP&Ex&dxHP_equip__pkgEER/NE-dxHP_equip-pkgEER-15-IEER/instance-out.sql,0.00,751.00
CZ11/EUn&0&cDXHP&Ex&dxHP_equip__pkgEER/NE-dxHP_equip-pkgEER-16-IEER/instance-out.sql,0.00,751.00
CZ11/EUn&0&cDXHP&Ex&dxHP_equip__pkgEER/NE-dxHP_equip-pkgSEER-15.4-SEER2/instance-out.sql,0.00,751.00
CZ11/EUn&0&cDXHP&Ex&dxHP_equip__pkgEER/NE-dxHP_equip-pkgSEER-16.3-SEER2/instance-out.sql,0.00,751.00
CZ11/EUn&0&cDXHP&Ex&dxHP_equip__pkgEER/NE-dxHP_equip-pkgSEER-14.4-SEER2-1Stage/instance-out.sql,0.00,751.00
CZ11/EUn&0&cDXHP&Ex&dxHP_equip__pkgEER/NE-dxHP_equip-pkgSEER-14.4-SEER2-2Stage/instance-out.sql,2.00,751.00
CZ11/EUn&0&cDXHP&Ex&dxHP_equip__pkgEER/NE-dxHP_equip-spltSEER-14.4-SEER2-8.7-HSPF/instance-out.sql,0.00,751.00
CZ11/EUn&0&cDXHP&Ex&dxHP_equip__pkgEER/NE-dxHP_equip-spltSEER-15.4-SEER2-9-HSPF/instance-out.sql,0.00,751.00
CZ11/EUn&0&cDXHP&Ex&dxHP_equip__pkgEER/NE-dxHP_equip-spltSEER-16.3-SEER2-9.4-HSPF/instance-out.sql,0.00,751.00
CZ11/EUn&0&cDXHP&Ex&dxHP_equip__pkgEER/NE-dxHP_equip-spltSEER-17.3-SEER2-9.7-HSPF/instance-out.sql,0.00,751.00
CZ11/EUn&0&cDXHP&Ex&dxHP_equip__pkgEER/NE-dxAC_equip-pkgEER-14.2-IEER-TE-0.81-VarFan/instance-out.sql,0.00,1004.00
CZ11/EUn&0&cDXHP&Ex&dxHP_equip__pkgEER/NE-dxAC_equip-pkgEER-13.2-IEER-TE-0.81-VarFan/instance-out.sql,0.00,1004.00
CZ11/EUn&0&cDXHP&Ex&dxHP_equip__pkgEER/NE-dxAC_equip-pkgEER-14.8-IEER-TE-0.81-VarFan/instance-out.sql,0.00,1004.00
CZ11/EUn&0&cDXHP&Ex&dxHP_equip__pkgEER/NE-dxAC_equip-pkgSEER-13.4-SEER2-VarFan/instance-out.sql,0.00,1004.00
CZ11/Gro&0&cDXHP&Ex&dxHP_equip__pkgEER/NE-dxAC_equip-pkgEER-14.2-IEER-TE-0.81/instance-out.sql,0.00,501.00
CZ11/Gro&0&cDXHP&Ex&dxHP_equip__pkgEER/NE-dxAC_equip-pkgEER-13.2-IEER-TE-0.81/instance-out.sql,0.00,501.00
CZ11/Gro&0&cDXHP&Ex&dxHP_equip__pkgEER/NE-dxAC_equip-pkgEER-14.8-IEER-TE-0.81/instance-out.sql,0.00,501.00
CZ11/Gro&0&cDXHP&Ex&dxHP_equip__pkgEER/NE-dxAC_equip-pkgSEER-13.4-SEER2/instance-out.sql,0.00,501.00
CZ11/Gro&0&cDXHP&Ex&dxHP_equip__pkgEER/NE-dxAC_equip-pkgEER-12.2-IEER-TE-0.80/instance-out.sql,0.00,501.00
CZ11/Gro&0&cDXHP&Ex&dxHP_equip__pkgEER/NE-dxAC_equip-pkgEER-11.4-IEER-TE-0.80/instance-out.sql,0.00,501.00
CZ11/Gro&0&cDXHP&Ex&dxHP_equip__pkgEER/NE-dxAC_equip-pkgEER-12.7-IEER-TE-0.80/instance-out.sql,0.00,501.00
CZ11/Gro&0&cDXHP&Ex&dxHP_equip__pkgEER/NE-dxAC_equip-pkgSEER-12.35-SEER2/instance-out.sql,0.00,501.00
CZ11/Gro&0&cDXHP&Ex&dxHP_equip__pkgEER/NE-dxHP_equip-pkgEER-14.5-IEER/instance-out.sql,1.00,450.00
CZ11/Gro&0&cDXHP&Ex&dxHP_equip__pkgEER/NE-dxHP_equip-pkgEER-15.5-IEER/instance-out.sql,1.00,450.00
CZ11/Gro&0&cDXHP&Ex&dxHP_equip__pkgEER/NE-dxHP_equip-pkgEER-13.5-IEER/instance-out.sql,1.00,450.00
CZ11/Gro&0&cDXHP&Ex&dxHP_equip__pkgEER/NE-dxHP_equip-pkgEER-14-IEER/instance-out.sql,1.00,450.00
CZ11/Gro&0&cDXHP&Ex&dxHP_equip__pkgEER/NE-dxHP_equip-pkgEER-15-IEER/instance-out.sql,1.00,450.00
CZ11/Gro&0&cDXHP&Ex&dxHP_equip__pkgEER/NE-dxHP_equip-pkgEER-16-IEER/instance-out.sql,1.00,450.00
CZ11/Gro&0&cDXHP&Ex&dxHP_equip__pkgEER/NE-dxHP_equip-pkgSEER-15.4-SEER2/instance-out.sql,1.00,450.00
CZ11/Gro&0&cDXHP&Ex&dxHP_equip__pkgEER/NE-dxHP_equip-pkgSEER-16.3-SEER2/instance-out.sql,1.00,450.00
CZ11/Gro&0&cDXHP&Ex&dxHP_equip__pkgEER/NE-dxHP_equip-pkgSEER-14.4-SEER2-1Stage/instance-out.sql,1.00,450.00
CZ11/Gro&0&cDXHP&Ex&dxHP_equip__pkgEER/NE-dxHP_equip-pkgSEER-14.4-SEER2-2Stage/instance-out.sql,0.00,448.00
CZ11/Gro&0&cDXHP&Ex&dxHP_equip__pkgEER/NE-dxHP_equip-spltSEER-14.4-SEER2-8.7-HSPF/instance-out.sql,1.00,450.00
CZ11/Gro&0&cDXHP&Ex&dxHP_equip__pkgEER/NE-dxHP_equip-spltSEER-15.4-SEER2-9-HSPF/instance-out.sql,1.00,450.00
CZ11/Gro&0&cDXHP&Ex&dxHP_equip__pkgEER/NE-dxHP_equip-spltSEER-16.3-SEER2-9.4-HSPF/instance-out.sql,1.00,450.00
CZ11/Gro&0&cDXHP&Ex&dxHP_equip__pkgEER/NE-dxHP_equip-spltSEER-17.3-SEER2-9.7-HSPF/instance-out.sql,1.00,450.00
CZ11/Gro&0&cDXHP&Ex&dxHP_equip__pkgEER/NE-dxAC_equip-pkgEER-14.2-IEER-TE-0.81-VarFan/instance-out.sql,0.00,501.00
CZ11/Gro&0&cDXHP&Ex&dxHP_equip__pkgEER/NE-dxAC_equip-pkgEER-13.2-IEER-TE-0.81-VarFan/instance-out.sql,0.00,501.00
CZ11/Gro&0&cDXHP&Ex&dxHP_equip__pkgEER/NE-dxAC_equip-pkgEER-14.8-IEER-TE-0.81-VarFan/instance-out.sql,0.00,501.00
CZ11/Gro&0&cDXHP&Ex&dxHP_equip__pkgEER/NE-dxAC_equip-pkgSEER-13.4-SEER2-VarFan/instance-out.sql,0.00,501.00
CZ11/Hsp&0&cDXHP&Ex&dxHP_equip__pkgEER/NE-dxAC_equip-pkgEER-14.2-IEER-TE-0.81/instance-out.sql,0.00,667.00
CZ11/Hsp&0&cDXHP&Ex&dxHP_equip__pkgEER/NE-dxAC_equip-pkgEER-13.2-IEER-TE-0.81/instance-out.sql,0.00,667.00
CZ11/Hsp&0&cDXHP&Ex&dxHP_equip__pkgEER/NE-dxAC_equip-pkgEER-14.8-IEER-TE-0.81/instance-out.sql,0.00,667.00
CZ11/Hsp&0&cDXHP&Ex&dxHP_equip__pkgEER/NE-dxAC_equip-pkgSEER-13.4-SEER2/instance-out.sql,0.00,667.00
CZ11/Hsp&0&cDXHP&Ex&dxHP_equip__pkgEER/NE-dxAC_equip-pkgEER-12.2-IEER-TE-0.80/instance-out.sql,0.00,667.00
CZ11/Hsp&0&cDXHP&Ex&dxHP_equip__pkgEER/NE-dxAC_equip-pkgEER-11.4-IEER-TE-0.80/instance-out.sql,0.00,667.00
CZ11/Hsp&0&cDXHP&Ex&dxHP_equip__pkgEER/NE-dxAC_equip-pkgEER-12.7-IEER-TE-0.80/instance-out.sql,0.00,667.00
CZ11/Hsp&0&cDXHP&Ex&dxHP_equip__pkgEER/NE-dxAC_equip-pkgSEER-12.35-SEER2/instance-out.sql,0.00,667.00
CZ11/Hsp&0&cDXHP&Ex&dxHP_equip__pkgEER/NE-dxHP_equip-pkgEER-14.5-IEER/instance-out.sql,0.00,518.00
CZ11/Hsp&0&cDXHP&Ex&dxHP_equip__pkgEER/NE-dxHP_equip-pkgEER-15.5-IEER/instance-out.sql,0.00,518.00
CZ11/Hsp&0&cDXHP&Ex&dxHP_equip__pkgEER/NE-dxHP_equip-pkgEER-13.5-IEER/instance-out.sql,0.00,518.00
CZ11/Hsp&0&cDXHP&Ex&dxHP_equip__pkgEER/NE-dxHP_equip-pkgEER-14-IEER/instance-out.sql,0.00,518.00
CZ11/Hsp&0&cDXHP&Ex&dxHP_equip__pkgEER/NE-dxHP_equip-pkgEER-15-IEER/instance-out.sql,0.00,518.00
CZ11/Hsp&0&cDXHP&Ex&dxHP_equip__pkgEER/NE-dxHP_equip-pkgEER-16-IEER/instance-out.sql,0.00,518.00
CZ11/Hsp&0&cDXHP&Ex&dxHP_equip__pkgEER/NE-dxHP_equip-pkgSEER-15.4-SEER2/instance-out.sql,0.00,518.00
CZ11/Hsp&0&cDXHP&Ex&dxHP_equip__pkgEER/NE-dxHP_equip-pkgSEER-16.3-SEER2/instance-out.sql,0.00,518.00
CZ11/Hsp&0&cDXHP&Ex&dxHP_equip__pkgEER/NE-dxHP_equip-pkgSEER-14.4-SEER2-1Stage/instance-out.sql,0.00,518.00
CZ11/Hsp&0&cDXHP&Ex&dxHP_equip__pkgEER/NE-dxHP_equip-pkgSEER-14.4-SEER2-2Stage/instance-out.sql,1.00,518.00
CZ11/Hsp&0&cDXHP&Ex&dxHP_equip__pkgEER/NE-dxHP_equip-spltSEER-14.4-SEER2-8.7-HSPF/instance-out.sql,0.00,518.00
CZ11/Hsp&0&cDXHP&Ex&dxHP_equip__pkgEER/NE-dxHP_equip-spltSEER-15.4-SEER2-9-HSPF/instance-out.sql,0.00,518.00
CZ11/Hsp&0&cDXHP&Ex&dxHP_equip__pkgEER/NE-dxHP_equip-spltSEER-16.3-SEER2-9.4-HSPF/instance-out.sql,0.00,518.00
CZ11/Hsp&0&cDXHP&Ex&dxHP_equip__pkgEER/NE-dxHP_equip-spltSEER-17.3-SEER2-9.7-HSPF/instance-out.sql,0.00,518.00
CZ11/MBT&0&cDXHP&Ex&dxHP_equip__pkgEER/NE-dxAC_equip-pkgEER-14.2-IEER-TE-0.81/instance-out.sql,0.00,795.00
CZ11/MBT&0&cDXHP&Ex&dxHP_equip__pkgEER/NE-dxAC_equip-pkgEER-13.2-IEER-TE-0.81/instance-out.sql,0.00,795.00
CZ11/MBT&0&cDXHP&Ex&dxHP_equip__pkgEER/NE-dxAC_equip-pkgEER-14.8-IEER-TE-0.81/instance-out.sql,0.00,795.00
CZ11/MBT&0&cDXHP&Ex&dxHP_equip__pkgEER/NE-dxAC_equip-pkgSEER-13.4-SEER2/instance-out.sql,0.00,795.00
CZ11/MBT&0&cDXHP&Ex&dxHP_equip__pkgEER/NE-dxAC_equip-pkgEER-12.2-IEER-TE-0.80/instance-out.sql,0.00,795.00
CZ11/MBT&0&cDXHP&Ex&dxHP_equip__pkgEER/NE-dxAC_equip-pkgEER-11.4-IEER-TE-0.80/instance-out.sql,0.00,795.00
CZ11/MBT&0&cDXHP&Ex&dxHP_equip__pkgEER/NE-dxAC_equip-pkgEER-12.7-IEER-TE-0.80/instance-out.sql,0.00,795.00
CZ11/MBT&0&cDXHP&Ex&dxHP_equip__pkgEER/NE-dxAC_equip-pkgSEER-12.35-SEER2/instance-out.sql,0.00,795.00
CZ11/MBT&0&cDXHP&Ex&dxHP_equip__pkgEER/NE-dxHP_equip-pkgEER-14.5-IEER/instance-out.sql,0.00,641.00
CZ11/MBT&0&cDXHP&Ex&dxHP_equip__pkgEER/NE-dxHP_equip-pkgEER-15.5-IEER/instance-out.sql,0.00,641.00
CZ11/MBT&0&cDXHP&Ex&dxHP_equip__pkgEER/NE-dxHP_equip-pkgEER-13.5-IEER/instance-out.sql,0.00,641.00
CZ11/MBT&0&cDXHP&Ex&dxHP_equip__pkgEER/NE-dxHP_equip-pkgEER-14-IEER/instance-out.sql,0.00,641.00
CZ11/MBT&0&cDXHP&Ex&dxHP_equip__pkgEER/NE-dxHP_equip-pkgEER-15-IEER/instance-out.sql,0.00,641.00
CZ11/MBT&0&cDXHP&Ex&dxHP_equip__pkgEER/NE-dxHP_equip-pkgEER-16-IEER/instance-out.sql,0.00,641.00
CZ11/MBT&0&cDXHP&Ex&dxHP_equip__pkgEER/NE-dxHP_equip-pkgSEER-15.4-SEER2/instance-out.sql,0.00,641.00
CZ11/MBT&0&cDXHP&Ex&dxHP_equip__pkgEER/NE-dxHP_equip-pkgSEER-16.3-SEER2/instance-out.sql,0.00,641.00
CZ11/MBT&0&cDXHP&Ex&dxHP_equip__pkgEER/NE-dxHP_equip-pkgSEER-14.4-SEER2-1Stage/instance-out.sql,0.00,641.00
CZ11/MBT&0&cDXHP&Ex&dxHP_equip__pkgEER/NE-dxHP_equip-pkgSEER-14.4-SEER2-2Stage/instance-out.sql,0.00,639.00
CZ11/MBT&0&cDXHP&Ex&dxHP_equip__pkgEER/NE-dxHP_equip-spltSEER-14.4-SEER2-8.7-HSPF/instance-out.sql,0.00,641.00
CZ11/MBT&0&cDXHP&Ex&dxHP_equip__pkgEER/NE-dxHP_equip-spltSEER-15.4-SEER2-9-HSPF/instance-out.sql,0.00,641.00
CZ11/MBT&0&cDXHP&Ex&dxHP_equip__pkgEER/NE-dxHP_equip-spltSEER-16.3-SEER2-9.4-HSPF/instance-out.sql,0.00,641.00
CZ11/MBT&0&cDXHP&Ex&dxHP_equip__pkgEER/NE-dxHP_equip-spltSEER-17.3-SEER2-9.7-HSPF/instance-out.sql,0.00,641.00
CZ11/MLI&0&cDXHP&Ex&dxHP_equip__pkgEER/NE-dxAC_equip-pkgEER-14.2-IEER-TE-0.81/instance-out.sql,0.00,287.00
CZ11/MLI&0&cDXHP&Ex&dxHP_equip__pkgEER/NE-dxAC_equip-pkgEER-13.2-IEER-TE-0.81/instance-out.sql,0.00,287.00
CZ11/MLI&0&cDXHP&Ex&dxHP_equip__pkgEER/NE-dxAC_equip-pkgEER-14.8-IEER-TE-0.81/instance-out.sql,0.00,287.00
CZ11/MLI&0&cDXHP&Ex&dxHP_equip__pkgEER/NE-dxAC_equip-pkgSEER-13.4-SEER2/instance-out.sql,0.00,287.00
CZ11/MLI&0&cDXHP&Ex&dxHP_equip__pkgEER/NE-dxAC_equip-pkgEER-12.2-IEER-TE-0.80/instance-out.sql,0.00,287.00
CZ11/MLI&0&cDXHP&Ex&dxHP_equip__pkgEER/NE-dxAC_equip-pkgEER-11.4-IEER-TE-0.80/instance-out.sql,0.00,287.00
CZ11/MLI&0&cDXHP&Ex&dxHP_equip__pkgEER/NE-dxAC_equip-pkgEER-12.7-IEER-TE-0.80/instance-out.sql,0.00,287.00
CZ11/MLI&0&cDXHP&Ex&dxHP_equip__pkgEER/NE-dxAC_equip-pkgSEER-12.35-SEER2/instance-out.sql,0.00,287.00
CZ11/MLI&0&cDXHP&Ex&dxHP_equip__pkgEER/NE-dxHP_equip-pkgEER-14.5-IEER/instance-out.sql,0.00,225.00
CZ11/MLI&0&cDXHP&Ex&dxHP_equip__pkgEER/NE-dxHP_equip-pkgEER-15.5-IEER/instance-out.sql,0.00,225.00
CZ11/MLI&0&cDXHP&Ex&dxHP_equip__pkgEER/NE-dxHP_equip-pkgEER-13.5-IEER/instance-out.sql,0.00,225.00
CZ11/MLI&0&cDXHP&Ex&dxHP_equip__pkgEER/NE-dxHP_equip-pkgEER-14-IEER/instance-out.sql,0.00,225.00
CZ11/MLI&0&cDXHP&Ex&dxHP_equip__pkgEER/NE-dxHP_equip-pkgEER-15-IEER/instance-out.sql,0.00,225.00
CZ11/MLI&0&cDXHP&Ex&dxHP_equip__pkgEER/NE-dxHP_equip-pkgEER-16-IEER/instance-out.sql,0.00,225.00
CZ11/MLI&0&cDXHP&Ex&dxHP_equip__pkgEER/NE-dxHP_equip-pkgSEER-15.4-SEER2/instance-out.sql,0.00,225.00
CZ11/MLI&0&cDXHP&Ex&dxHP_equip__pkgEER/NE-dxHP_equip-pkgSEER-16.3-SEER2/instance-out.sql,0.00,225.00
CZ11/MLI&0&cDXHP&Ex&dxHP_equip__pkgEER/NE-dxHP_equip-pkgSEER-14.4-SEER2-1Stage/instance-out.sql,0.00,225.00
CZ11/MLI&0&cDXHP&Ex&dxHP_equip__pkgEER/NE-dxHP_equip-pkgSEER-14.4-SEER2-2Stage/instance-out.sql,0.00,224.00
CZ11/MLI&0&cDXHP&Ex&dxHP_equip__pkgEER/NE-dxHP_equip-spltSEER-14.4-SEER2-8.7-HSPF/instance-out.sql,0.00,225.00
CZ11/MLI&0&cDXHP&Ex&dxHP_equip__pkgEER/NE-dxHP_equip-spltSEER-15.4-SEER2-9-HSPF/instance-out.sql,0.00,225.00
CZ11/MLI&0&cDXHP&Ex&dxHP_equip__pkgEER/NE-dxHP_equip-spltSEER-16.3-SEER2-9.4-HSPF/instance-out.sql,0.00,225.00
CZ11/MLI&0&cDXHP&Ex&dxHP_equip__pkgEER/NE-dxHP_equip-spltSEER-17.3-SEER2-9.7-HSPF/instance-out.sql,0.00,225.00
CZ11/Mtl&0&cDXHP&Ex&dxHP_equip__pkgEER/NE-dxAC_equip-pkgEER-14.2-IEER-TE-0.81/instance-out.sql,0.00,744.00
CZ11/Mtl&0&cDXHP&Ex&dxHP_equip__pkgEER/NE-dxAC_equip-pkgEER-13.2-IEER-TE-0.81/instance-out.sql,0.00,744.00
CZ11/Mtl&0&cDXHP&Ex&dxHP_equip__pkgEER/NE-dxAC_equip-pkgEER-14.8-IEER-TE-0.81/instance-out.sql,0.00,744.00
CZ11/Mtl&0&cDXHP&Ex&dxHP_equip__pkgEER/NE-dxAC_equip-pkgSEER-13.4-SEER2/instance-out.sql,0.00,744.00
CZ11/Mtl&0&cDXHP&Ex&dxHP_equip__pkgEER/NE-dxAC_equip-pkgEER-12.2-IEER-TE-0.80/instance-out.sql,0.00,744.00
CZ11/Mtl&0&cDXHP&Ex&dxHP_equip__pkgEER/NE-dxAC_equip-pkgEER-11.4-IEER-TE-0.80/instance-out.sql,0.00,744.00
CZ11/Mtl&0&cDXHP&Ex&dxHP_equip__pkgEER/NE-dxAC_equip-pkgEER-12.7-IEER-TE-0.80/instance-out.sql,0.00,744.00
CZ11/Mtl&0&cDXHP&Ex&dxHP_equip__pkgEER/NE-dxAC_equip-pkgSEER-12.35-SEER2/instance-out.sql,0.00,744.00
CZ11/Mtl&0&cDXHP&Ex&dxHP_equip__pkgEER/NE-dxHP_equip-pkgEER-14.5-IEER/instance-out.sql,0.00,663.00
CZ11/Mtl&0&cDXHP&Ex&dxHP_equip__pkgEER/NE-dxHP_equip-pkgEER-15.5-IEER/instance-out.sql,0.00,663.00
CZ11/Mtl&0&cDXHP&Ex&dxHP_equip__pkgEER/NE-dxHP_equip-pkgEER-13.5-IEER/instance-out.sql,0.00,663.00
CZ11/Mtl&0&cDXHP&Ex&dxHP_equip__pkgEER/NE-dxHP_equip-pkgEER-14-IEER/instance-out.sql,0.00,663.00
CZ11/Mtl&0&cDXHP&Ex&dxHP_equip__pkgEER/NE-dxHP_equip-pkgEER-15-IEER/instance-out.sql,0.00,663.00
CZ11/Mtl&0&cDXHP&Ex&dxHP_equip__pkgEER/NE-dxHP_equip-pkgEER-16-IEER/instance-out.sql,0.00,663.00
CZ11/Mtl&0&cDXHP&Ex&dxHP_equip__pkgEER/NE-dxHP_equip-pkgSEER-15.4-SEER2/instance-out.sql,0.00,663.00
CZ11/Mtl&0&cDXHP&Ex&dxHP_equip__pkgEER/NE-dxHP_equip-pkgSEER-16.3-SEER2/instance-out.sql,0.00,663.00
CZ11/Mtl&0&cDXHP&Ex&dxHP_equip__pkgEER/NE-dxHP_equip-pkgSEER-14.4-SEER2-1Stage/instance-out.sql,0.00,663.00
CZ11/Mtl&0&cDXHP&Ex&dxHP_equip__pkgEER/NE-dxHP_equip-pkgSEER-14.4-SEER2-2Stage/instance-out.sql,0.00,659.00
CZ11/Mtl&0&cDXHP&Ex&dxHP_equip__pkgEER/NE-dxHP_equip-spltSEER-14.4-SEER2-8.7-HSPF/instance-out.sql,0.00,663.00
CZ11/Mtl&0&cDXHP&Ex&dxHP_equip__pkgEER/NE-dxHP_equip-spltSEER-15.4-SEER2-9-HSPF/instance-out.sql,0.00,663.00
CZ11/Mtl&0&cDXHP&Ex&dxHP_equip__pkgEER/NE-dxHP_equip-spltSEER-16.3-SEER2-9.4-HSPF/instance-out.sql,0.00,663.00
CZ11/Mtl&0&cDXHP&Ex&dxHP_equip__pkgEER/NE-dxHP_equip-spltSEER-17.3-SEER2-9.7-HSPF/instance-out.sql,0.00,663.00
CZ11/Nrs&0&cDXHP&Ex&dxHP_equip__pkgEER/NE-dxAC_equip-pkgEER-14.2-IEER-TE-0.81/instance-out.sql,0.00,606.00
CZ11/Nrs&0&cDXHP&Ex&dxHP_equip__pkgEER/NE-dxAC_equip-pkgEER-13.2-IEER-TE-0.81/instance-out.sql,0.00,606.00
CZ11/Nrs&0&cDXHP&Ex&dxHP_equip__pkgEER/NE-dxAC_equip-pkgEER-14.8-IEER-TE-0.81/instance-out.sql,0.00,606.00
CZ11/Nrs&0&cDXHP&Ex&dxHP_equip__pkgEER/NE-dxAC_equip-pkgSEER-13.4-SEER2/instance-out.sql,0.00,606.00
CZ11/Nrs&0&cDXHP&Ex&dxHP_equip__pkgEER/NE-dxAC_equip-pkgEER-12.2-IEER-TE-0.80/instance-out.sql,0.00,606.00
CZ11/Nrs&0&cDXHP&Ex&dxHP_equip__pkgEER/NE-dxAC_equip-pkgEER-11.4-IEER-TE-0.80/instance-out.sql,0.00,606.00
CZ11/Nrs&0&cDXHP&Ex&dxHP_equip__pkgEER/NE-dxAC_equip-pkgEER-12.7-IEER-TE-0.80/instance-out.sql,0.00,606.00
CZ11/Nrs&0&cDXHP&Ex&dxHP_equip__pkgEER/NE-dxAC_equip-pkgSEER-12.35-SEER2/instance-out.sql,0.00,606.00
CZ11/Nrs&0&cDXHP&Ex&dxHP_equip__pkgEER/NE-dxHP_equip-pkgEER-14.5-IEER/instance-out.sql,0.00,430.00
CZ11/Nrs&0&cDXHP&Ex&dxHP_equip__pkgEER/NE-dxHP_equip-pkgEER-15.5-IEER/instance-out.sql,0.00,430.00
CZ11/Nrs&0&cDXHP&Ex&dxHP_equip__pkgEER/NE-dxHP_equip-pkgEER-13.5-IEER/instance-out.sql,0.00,430.00
CZ11/Nrs&0&cDXHP&Ex&dxHP_equip__pkgEER/NE-dxHP_equip-pkgEER-14-IEER/instance-out.sql,0.00,430.00
CZ11/Nrs&0&cDXHP&Ex&dxHP_equip__pkgEER/NE-dxHP_equip-pkgEER-15-IEER/instance-out.sql,0.00,430.00
CZ11/Nrs&0&cDXHP&Ex&dxHP_equip__pkgEER/NE-dxHP_equip-pkgEER-16-IEER/instance-out.sql,0.00,430.00
CZ11/Nrs&0&cDXHP&Ex&dxHP_equip__pkgEER/NE-dxHP_equip-pkgSEER-15.4-SEER2/instance-out.sql,0.00,430.00
CZ11/Nrs&0&cDXHP&Ex&dxHP_equip__pkgEER/NE-dxHP_equip-pkgSEER-16.3-SEER2/instance-out.sql,0.00,430.00
CZ11/Nrs&0&cDXHP&Ex&dxHP_equip__pkgEER/NE-dxHP_equip-pkgSEER-14.4-SEER2-1Stage/instance-out.sql,0.00,430.00
CZ11/Nrs&0&cDXHP&Ex&dxHP_equip__pkgEER/NE-dxHP_equip-pkgSEER-14.4-SEER2-2Stage/instance-out.sql,1.00,424.00
CZ11/Nrs&0&cDXHP&Ex&dxHP_equip__pkgEER/NE-dxHP_equip-spltSEER-14.4-SEER2-8.7-HSPF/instance-out.sql,0.00,430.00
CZ11/Nrs&0&cDXHP&Ex&dxHP_equip__pkgEER/NE-dxHP_equip-spltSEER-15.4-SEER2-9-HSPF/instance-out.sql,0.00,430.00
CZ11/Nrs&0&cDXHP&Ex&dxHP_equip__pkgEER/NE-dxHP_equip-spltSEER-16.3-SEER2-9.4-HSPF/instance-out.sql,0.00,430.00
CZ11/Nrs&0&cDXHP&Ex&dxHP_equip__pkgEER/NE-dxHP_equip-spltSEER-17.3-SEER2-9.7-HSPF/instance-out.sql,0.00,430.00
CZ11/OfL&0&cDXHP&Ex&dxHP_equip__pkgEER/NE-dxAC_equip-pkgEER-14.2-IEER-TE-0.81/instance-out.sql,11.00,1164.00
CZ11/OfL&0&cDXHP&Ex&dxHP_equip__pkgEER/NE-dxAC_equip-pkgEER-13.2-IEER-TE-0.81/instance-out.sql,11.00,1164.00
CZ11/OfL&0&cDXHP&Ex&dxHP_equip__pkgEER/NE-dxAC_equip-pkgEER-14.8-IEER-TE-0.81/instance-out.sql,11.00,1164.00
CZ11/OfL&0&cDXHP&Ex&dxHP_equip__pkgEER/NE-dxAC_equip-pkgSEER-13.4-SEER2/instance-out.sql,11.00,1164.00
CZ11/OfL&0&cDXHP&Ex&dxHP_equip__pkgEER/NE-dxAC_equip-pkgEER-12.2-IEER-TE-0.80/instance-out.sql,11.00,1164.00
CZ11/OfL&0&cDXHP&Ex&dxHP_equip__pkgEER/NE-dxAC_equip-pkgEER-11.4-IEER-TE-0.80/instance-out.sql,11.00,1164.00
CZ11/OfL&0&cDXHP&Ex&dxHP_equip__pkgEER/NE-dxAC_equip-pkgEER-12.7-IEER-TE-0.80/instance-out.sql,11.00,1164.00
CZ11/OfL&0&cDXHP&Ex&dxHP_equip__pkgEER/NE-dxAC_equip-pkgSEER-12.35-SEER2/instance-out.sql,11.00,1164.00
CZ11/OfL&0&cDXHP&Ex&dxHP_equip__pkgEER/NE-dxHP_equip-pkgEER-14.5-IEER/instance-out.sql,11.00,1088.00
CZ11/OfL&0&cDXHP&Ex&dxHP_equip__pkgEER/NE-dxHP_equip-pkgEER-15.5-IEER/instance-out.sql,11.00,1088.00
CZ11/OfL&0&cDXHP&Ex&dxHP_equip__pkgEER/NE-dxHP_equip-pkgEER-13.5-IEER/instance-out.sql,11.00,1088.00
CZ11/OfL&0&cDXHP&Ex&dxHP_equip__pkgEER/NE-dxHP_equip-pkgEER-14-IEER/instance-out.sql,11.00,1088.00
CZ11/OfL&0&cDXHP&Ex&dxHP_equip__pkgEER/NE-dxHP_equip-pkgEER-15-IEER/instance-out.sql,11.00,1088.00
CZ11/OfL&0&cDXHP&Ex&dxHP_equip__pkgEER/NE-dxHP_equip-pkgEER-16-IEER/instance-out.sql,11.00,1088.00
CZ11/OfL&0&cDXHP&Ex&dxHP_equip__pkgEER/NE-dxHP_equip-pkgSEER-15.4-SEER2/instance-out.sql,11.00,1088.00
CZ11/OfL&0&cDXHP&Ex&dxHP_equip__pkgEER/NE-dxHP_equip-pkgSEER-16.3-SEER2/instance-out.sql,11.00,1088.00
CZ11/OfL&0&cDXHP&Ex&dxHP_equip__pkgEER/NE-dxHP_equip-pkgSEER-14.4-SEER2-1Stage/instance-out.sql,11.00,1088.00
CZ11/OfL&0&cDXHP&Ex&dxHP_equip__pkgEER/NE-dxHP_equip-pkgSEER-14.4-SEER2-2Stage/instance-out.sql,37.00,1079.00
CZ11/OfL&0&cDXHP&Ex&dxHP_equip__pkgEER/NE-dxHP_equip-spltSEER-14.4-SEER2-8.7-HSPF/instance-out.sql,11.00,1088.00
CZ11/OfL&0&cDXHP&Ex&dxHP_equip__pkgEER/NE-dxHP_equip-spltSEER-15.4-SEER2-9-HSPF/instance-out.sql,11.00,1088.00
CZ11/OfL&0&cDXHP&Ex&dxHP_equip__pkgEER/NE-dxHP_equip-spltSEER-16.3-SEER2-9.4-HSPF/instance-out.sql,11.00,1088.00
CZ11/OfL&0&cDXHP&Ex&dxHP_equip__pkgEER/NE-dxHP_equip-spltSEER-17.3-SEER2-9.7-HSPF/instance-out.sql,11.00,1088.00
CZ11/OfL&0&cDXHP&Ex&dxHP_equip__pkgEER/NE-dxAC_equip-pkgEER-14.2-IEER-TE-0.81-VarFan/instance-out.sql,11.00,1164.00
CZ11/OfL&0&cDXHP&Ex&dxHP_equip__pkgEER/NE-dxAC_equip-pkgEER-13.2-IEER-TE-0.81-VarFan/instance-out.sql,11.00,1164.00
CZ11/OfL&0&cDXHP&Ex&dxHP_equip__pkgEER/NE-dxAC_equip-pkgEER-14.8-IEER-TE-0.81-VarFan/instance-out.sql,11.00,1164.00
CZ11/OfL&0&cDXHP&Ex&dxHP_equip__pkgEER/NE-dxAC_equip-pkgSEER-13.4-SEER2-VarFan/instance-out.sql,11.00,1164.00
CZ11/OfS&0&cDXHP&Ex&dxHP_equip__pkgEER/NE-dxAC_equip-pkgEER-14.2-IEER-TE-0.81/instance-out.sql,0.00,1100.00
CZ11/OfS&0&cDXHP&Ex&dxHP_equip__pkgEER/NE-dxAC_equip-pkgEER-13.2-IEER-TE-0.81/instance-out.sql,0.00,1100.00
CZ11/OfS&0&cDXHP&Ex&dxHP_equip__pkgEER/NE-dxAC_equip-pkgEER-14.8-IEER-TE-0.81/instance-out.sql,0.00,1100.00
CZ11/OfS&0&cDXHP&Ex&dxHP_equip__pkgEER/NE-dxAC_equip-pkgSEER-13.4-SEER2/instance-out.sql,0.00,1100.00
CZ11/OfS&0&cDXHP&Ex&dxHP_equip__pkgEER/NE-dxAC_equip-pkgEER-12.2-IEER-TE-0.80/instance-out.sql,0.00,1100.00
CZ11/OfS&0&cDXHP&Ex&dxHP_equip__pkgEER/NE-dxAC_equip-pkgEER-11.4-IEER-TE-0.80/instance-out.sql,0.00,1100.00
CZ11/OfS&0&cDXHP&Ex&dxHP_equip__pkgEER/NE-dxAC_equip-pkgEER-12.7-IEER-TE-0.80/instance-out.sql,0.00,1100.00
CZ11/OfS&0&cDXHP&Ex&dxHP_equip__pkgEER/NE-dxAC_equip-pkgSEER-12.35-SEER2/instance-out.sql,0.00,1100.00
CZ11/OfS&0&cDXHP&Ex&dxHP_equip__pkgEER/NE-dxHP_equip-pkgEER-14.5-IEER/instance-out.sql,0.00,1021.00
CZ11/OfS&0&cDXHP&Ex&dxHP_equip__pkgEER/NE-dxHP_equip-pkgEER-15.5-IEER/instance-out.sql,0.00,1021.00
CZ11/OfS&0&cDXHP&Ex&dxHP_equip__pkgEER/NE-dxHP_equip-pkgEER-13.5-IEER/instance-out.sql,0.00,1021.00
CZ11/OfS&0&cDXHP&Ex&dxHP_equip__pkgEER/NE-dxHP_equip-pkgEER-14-IEER/instance-out.sql,0.00,1021.00
CZ11/OfS&0&cDXHP&Ex&dxHP_equip__pkgEER/NE-dxHP_equip-pkgEER-15-IEER/instance-out.sql,0.00,1021.00
CZ11/OfS&0&cDXHP&Ex&dxHP_equip__pkgEER/NE-dxHP_equip-pkgEER-16-IEER/instance-out.sql,0.00,1021.00
CZ11/OfS&0&cDXHP&Ex&dxHP_equip__pkgEER/NE-dxHP_equip-pkgSEER-15.4-SEER2/instance-out.sql,0.00,1021.00
CZ11/OfS&0&cDXHP&Ex&dxHP_equip__pkgEER/NE-dxHP_equip-pkgSEER-16.3-SEER2/instance-out.sql,0.00,1021.00
CZ11/OfS&0&cDXHP&Ex&dxHP_equip__pkgEER/NE-dxHP_equip-pkgSEER-14.4-SEER2-1Stage/instance-out.sql,0.00,1021.00
CZ11/OfS&0&cDXHP&Ex&dxHP_equip__pkgEER/NE-dxHP_equip-pkgSEER-14.4-SEER2-2Stage/instance-out.sql,4.00,994.00
CZ11/OfS&0&cDXHP&Ex&dxHP_equip__pkgEER/NE-dxHP_equip-spltSEER-14.4-SEER2-8.7-HSPF/instance-out.sql,0.00,1021.00
CZ11/OfS&0&cDXHP&Ex&dxHP_equip__pkgEER/NE-dxHP_equip-spltSEER-15.4-SEER2-9-HSPF/instance-out.sql,0.00,1021.00
CZ11/OfS&0&cDXHP&Ex&dxHP_equip__pkgEER/NE-dxHP_equip-spltSEER-16.3-SEER2-9.4-HSPF/instance-out.sql,0.00,1021.00
CZ11/OfS&0&cDXHP&Ex&dxHP_equip__pkgEER/NE-dxHP_equip-spltSEER-17.3-SEER2-9.7-HSPF/instance-out.sql,0.00,1021.00
CZ11/OfS&0&cDXHP&Ex&dxHP_equip__pkgEER/NE-dxAC_equip-pkgEER-14.2-IEER-TE-0.81-VarFan/instance-out.sql,0.00,1100.00
CZ11/OfS&0&cDXHP&Ex&dxHP_equip__pkgEER/NE-dxAC_equip-pkgEER-13.2-IEER-TE-0.81-VarFan/instance-out.sql,0.00,1100.00
CZ11/OfS&0&cDXHP&Ex&dxHP_equip__pkgEER/NE-dxAC_equip-pkgEER-14.8-IEER-TE-0.81-VarFan/instance-out.sql,0.00,1100.00
CZ11/OfS&0&cDXHP&Ex&dxHP_equip__pkgEER/NE-dxAC_equip-pkgSEER-13.4-SEER2-VarFan/instance-out.sql,0.00,1100.00
CZ11/RFF&0&cDXHP&Ex&dxHP_equip__pkgEER/NE-dxAC_equip-pkgEER-14.2-IEER-TE-0.81/instance-out.sql,2.00,845.00
CZ11/RFF&0&cDXHP&Ex&dxHP_equip__pkgEER/NE-dxAC_equip-pkgEER-13.2-IEER-TE-0.81/instance-out.sql,2.00,845.00
CZ11/RFF&0&cDXHP&Ex&dxHP_equip__pkgEER/NE-dxAC_equip-pkgEER-14.8-IEER-TE-0.81/instance-out.sql,2.00,845.00
CZ11/RFF&0&cDXHP&Ex&dxHP_equip__pkgEER/NE-dxAC_equip-pkgSEER-13.4-SEER2/instance-out.sql,2.00,845.00
CZ11/RFF&0&cDXHP&Ex&dxHP_equip__pkgEER/NE-dxAC_equip-pkgEER-12.2-IEER-TE-0.80/instance-out.sql,2.00,845.00
CZ11/RFF&0&cDXHP&Ex&dxHP_equip__pkgEER/NE-dxAC_equip-pkgEER-11.4-IEER-TE-0.80/instance-out.sql,2.00,845.00
CZ11/RFF&0&cDXHP&Ex&dxHP_equip__pkgEER/NE-dxAC_equip-pkgEER-12.7-IEER-TE-0.80/instance-out.sql,2.00,845.00
CZ11/RFF&0&cDXHP&Ex&dxHP_equip__pkgEER/NE-dxAC_equip-pkgSEER-12.35-SEER2/instance-out.sql,2.00,845.00
CZ11/RFF&0&cDXHP&Ex&dxHP_equip__pkgEER/NE-dxHP_equip-pkgEER-14.5-IEER/instance-out.sql,2.00,837.00
CZ11/RFF&0&cDXHP&Ex&dxHP_equip__pkgEER/NE-dxHP_equip-pkgEER-15.5-IEER/instance-out.sql,2.00,837.00
CZ11/RFF&0&cDXHP&Ex&dxHP_equip__pkgEER/NE-dxHP_equip-pkgEER-13.5-IEER/instance-out.sql,2.00,837.00
CZ11/RFF&0&cDXHP&Ex&dxHP_equip__pkgEER/NE-dxHP_equip-pkgEER-14-IEER/instance-out.sql,2.00,837.00
CZ11/RFF&0&cDXHP&Ex&dxHP_equip__pkgEER/NE-dxHP_equip-pkgEER-15-IEER/instance-out.sql,2.00,837.00
CZ11/RFF&0&cDXHP&Ex&dxHP_equip__pkgEER/NE-dxHP_equip-pkgEER-16-IEER/instance-out.sql,2.00,837.00
CZ11/RFF&0&cDXHP&Ex&dxHP_equip__pkgEER/NE-dxHP_equip-pkgSEER-15.4-SEER2/instance-out.sql,2.00,837.00
CZ11/RFF&0&cDXHP&Ex&dxHP_equip__pkgEER/NE-dxHP_equip-pkgSEER-16.3-SEER2/instance-out.sql,2.00,837.00
CZ11/RFF&0&cDXHP&Ex&dxHP_equip__pkgEER/NE-dxHP_equip-pkgSEER-14.4-SEER2-1Stage/instance-out.sql,2.00,837.00
CZ11/RFF&0&cDXHP&Ex&dxHP_equip__pkgEER/NE-dxHP_equip-pkgSEER-14.4-SEER2-2Stage/instance-out.sql,7.00,836.00
CZ11/RFF&0&cDXHP&Ex&dxHP_equip__pkgEER/NE-dxHP_equip-spltSEER-14.4-SEER2-8.7-HSPF/instance-out.sql,2.00,837.00
CZ11/RFF&0&cDXHP&Ex&dxHP_equip__pkgEER/NE-dxHP_equip-spltSEER-15.4-SEER2-9-HSPF/instance-out.sql,2.00,837.00
CZ11/RFF&0&cDXHP&Ex&dxHP_equip__pkgEER/NE-dxHP_equip-spltSEER-16.3-SEER2-9.4-HSPF/instance-out.sql,2.00,837.00
CZ11/RFF&0&cDXHP&Ex&dxHP_equip__pkgEER/NE-dxHP_equip-spltSEER-17.3-SEER2-9.7-HSPF/instance-out.sql,2.00,837.00
CZ11/RSD&0&cDXHP&Ex&dxHP_equip__pkgEER/NE-dxAC_equip-pkgEER-14.2-IEER-TE-0.81/instance-out.sql,0.00,422.00
CZ11/RSD&0&cDXHP&Ex&dxHP_equip__pkgEER/NE-dxAC_equip-pkgEER-13.2-IEER-TE-0.81/instance-out.sql,0.00,422.00
CZ11/RSD&0&cDXHP&Ex&dxHP_equip__pkgEER/NE-dxAC_equip-pkgEER-14.8-IEER-TE-0.81/instance-out.sql,0.00,422.00
CZ11/RSD&0&cDXHP&Ex&dxHP_equip__pkgEER/NE-dxAC_equip-pkgSEER-13.4-SEER2/instance-out.sql,0.00,422.00
CZ11/RSD&0&cDXHP&Ex&dxHP_equip__pkgEER/NE-dxAC_equip-pkgEER-12.2-IEER-TE-0.80/instance-out.sql,0.00,422.00
CZ11/RSD&0&cDXHP&Ex&dxHP_equip__pkgEER/NE-dxAC_equip-pkgEER-11.4-IEER-TE-0.80/instance-out.sql,0.00,422.00
CZ11/RSD&0&cDXHP&Ex&dxHP_equip__pkgEER/NE-dxAC_equip-pkgEER-12.7-IEER-TE-0.80/instance-out.sql,0.00,422.00
CZ11/RSD&0&cDXHP&Ex&dxHP_equip__pkgEER/NE-dxAC_equip-pkgSEER-12.35-SEER2/instance-out.sql,0.00,422.00
CZ11/RSD&0&cDXHP&Ex&dxHP_equip__pkgEER/NE-dxHP_equip-pkgEER-14.5-IEER/instance-out.sql,0.00,422.00
CZ11/RSD&0&cDXHP&Ex&dxHP_equip__pkgEER/NE-dxHP_equip-pkgEER-15.5-IEER/instance-out.sql,0.00,422.00
CZ11/RSD&0&cDXHP&Ex&dxHP_equip__pkgEER/NE-dxHP_equip-pkgEER-13.5-IEER/instance-out.sql,0.00,422.00
CZ11/RSD&0&cDXHP&Ex&dxHP_equip__pkgEER/NE-dxHP_equip-pkgEER-14-IEER/instance-out.sql,0.00,422.00
CZ11/RSD&0&cDXHP&Ex&dxHP_equip__pkgEER/NE-dxHP_equip-pkgEER-15-IEER/instance-out.sql,0.00,422.00
CZ11/RSD&0&cDXHP&Ex&dxHP_equip__pkgEER/NE-dxHP_equip-pkgEER-16-IEER/instance-out.sql,0.00,422.00
CZ11/RSD&0&cDXHP&Ex&dxHP_equip__pkgEER/NE-dxHP_equip-pkgSEER-15.4-SEER2/instance-out.sql,0.00,422.00
CZ11/RSD&0&cDXHP&Ex&dxHP_equip__pkgEER/NE-dxHP_equip-pkgSEER-16.3-SEER2/instance-out.sql,0.00,422.00
CZ11/RSD&0&cDXHP&Ex&dxHP_equip__pkgEER/NE-dxHP_equip-pkgSEER-14.4-SEER2-1Stage/instance-out.sql,0.00,422.00
CZ11/RSD&0&cDXHP&Ex&dxHP_equip__pkgEER/NE-dxHP_equip-pkgSEER-14.4-SEER2-2Stage/instance-out.sql,0.00,422.00
CZ11/RSD&0&cDXHP&Ex&dxHP_equip__pkgEER/NE-dxHP_equip-spltSEER-14.4-SEER2-8.7-HSPF/instance-out.sql,0.00,422.00
CZ11/RSD&0&cDXHP&Ex&dxHP_equip__pkgEER/NE-dxHP_equip-spltSEER-15.4-SEER2-9-HSPF/instance-out.sql,0.00,422.00
CZ11/RSD&0&cDXHP&Ex&dxHP_equip__pkgEER/NE-dxHP_equip-spltSEER-16.3-SEER2-9.4-HSPF/instance-out.sql,0.00,422.00
CZ11/RSD&0&cDXHP&Ex&dxHP_equip__pkgEER/NE-dxHP_equip-spltSEER-17.3-SEER2-9.7-HSPF/instance-out.sql,0.00,422.00
CZ11/Rt3&0&cDXHP&Ex&dxHP_equip__pkgEER/NE-dxAC_equip-pkgEER-14.2-IEER-TE-0.81/instance-out.sql,0.00,728.00
CZ11/Rt3&0&cDXHP&Ex&dxHP_equip__pkgEER/NE-dxAC_equip-pkgEER-13.2-IEER-TE-0.81/instance-out.sql,0.00,728.00
CZ11/Rt3&0&cDXHP&Ex&dxHP_equip__pkgEER/NE-dxAC_equip-pkgEER-14.8-IEER-TE-0.81/instance-out.sql,0.00,728.00
CZ11/Rt3&0&cDXHP&Ex&dxHP_equip__pkgEER/NE-dxAC_equip-pkgSEER-13.4-SEER2/instance-out.sql,0.00,728.00
CZ11/Rt3&0&cDXHP&Ex&dxHP_equip__pkgEER/NE-dxAC_equip-pkgEER-12.2-IEER-TE-0.80/instance-out.sql,0.00,728.00
CZ11/Rt3&0&cDXHP&Ex&dxHP_equip__pkgEER/NE-dxAC_equip-pkgEER-11.4-IEER-TE-0.80/instance-out.sql,0.00,728.00
CZ11/Rt3&0&cDXHP&Ex&dxHP_equip__pkgEER/NE-dxAC_equip-pkgEER-12.7-IEER-TE-0.80/instance-out.sql,0.00,728.00
CZ11/Rt3&0&cDXHP&Ex&dxHP_equip__pkgEER/NE-dxAC_equip-pkgSEER-12.35-SEER2/instance-out.sql,0.00,728.00
CZ11/Rt3&0&cDXHP&Ex&dxHP_equip__pkgEER/NE-dxHP_equip-pkgEER-14.5-IEER/instance-out.sql,0.00,584.00
CZ11/Rt3&0&cDXHP&Ex&dxHP_equip__pkgEER/NE-dxHP_equip-pkgEER-15.5-IEER/instance-out.sql,0.00,584.00
CZ11/Rt3&0&cDXHP&Ex&dxHP_equip__pkgEER/NE-dxHP_equip-pkgEER-13.5-IEER/instance-out.sql,0.00,584.00
CZ11/Rt3&0&cDXHP&Ex&dxHP_equip__pkgEER/NE-dxHP_equip-pkgEER-14-IEER/instance-out.sql,0.00,584.00
CZ11/Rt3&0&cDXHP&Ex&dxHP_equip__pkgEER/NE-dxHP_equip-pkgEER-15-IEER/instance-out.sql,0.00,584.00
CZ11/Rt3&0&cDXHP&Ex&dxHP_equip__pkgEER/NE-dxHP_equip-pkgEER-16-IEER/instance-out.sql,0.00,584.00
CZ11/Rt3&0&cDXHP&Ex&dxHP_equip__pkgEER/NE-dxHP_equip-pkgSEER-15.4-SEER2/instance-out.sql,0.00,584.00
CZ11/Rt3&0&cDXHP&Ex&dxHP_equip__pkgEER/NE-dxHP_equip-pkgSEER-16.3-SEER2/instance-out.sql,0.00,584.00
CZ11/Rt3&0&cDXHP&Ex&dxHP_equip__pkgEER/NE-dxHP_equip-pkgSEER-14.4-SEER2-1Stage/instance-out.sql,0.00,584.00
CZ11/Rt3&0&cDXHP&Ex&dxHP_equip__pkgEER/NE-dxHP_equip-pkgSEER-14.4-SEER2-2Stage/instance-out.sql,1.00,584.00
CZ11/Rt3&0&cDXHP&Ex&dxHP_equip__pkgEER/NE-dxHP_equip-spltSEER-14.4-SEER2-8.7-HSPF/instance-out.sql,0.00,584.00
CZ11/Rt3&0&cDXHP&Ex&dxHP_equip__pkgEER/NE-dxHP_equip-spltSEER-15.4-SEER2-9-HSPF/instance-out.sql,0.00,584.00
CZ11/Rt3&0&cDXHP&Ex&dxHP_equip__pkgEER/NE-dxHP_equip-spltSEER-16.3-SEER2-9.4-HSPF/instance-out.sql,0.00,584.00
CZ11/Rt3&0&cDXHP&Ex&dxHP_equip__pkgEER/NE-dxHP_equip-spltSEER-17.3-SEER2-9.7-HSPF/instance-out.sql,0.00,584.00
CZ11/Rt3&0&cDXHP&Ex&dxHP_equip__pkgEER/NE-dxAC_equip-pkgEER-14.2-IEER-TE-0.81-VarFan/instance-out.sql,0.00,728.00
CZ11/Rt3&0&cDXHP&Ex&dxHP_equip__pkgEER/NE-dxAC_equip-pkgEER-13.2-IEER-TE-0.81-VarFan/instance-out.sql,0.00,728.00
CZ11/Rt3&0&cDXHP&Ex&dxHP_equip__pkgEER/NE-dxAC_equip-pkgEER-14.8-IEER-TE-0.81-VarFan/instance-out.sql,0.00,728.00
CZ11/Rt3&0&cDXHP&Ex&dxHP_equip__pkgEER/NE-dxAC_equip-pkgSEER-13.4-SEER2-VarFan/instance-out.sql,0.00,728.00
CZ11/RtL&0&cDXHP&Ex&dxHP_equip__pkgEER/NE-dxAC_equip-pkgEER-14.2-IEER-TE-0.81/instance-out.sql,0.00,756.00
CZ11/RtL&0&cDXHP&Ex&dxHP_equip__pkgEER/NE-dxAC_equip-pkgEER-13.2-IEER-TE-0.81/instance-out.sql,0.00,756.00
CZ11/RtL&0&cDXHP&Ex&dxHP_equip__pkgEER/NE-dxAC_equip-pkgEER-14.8-IEER-TE-0.81/instance-out.sql,0.00,756.00
CZ11/RtL&0&cDXHP&Ex&dxHP_equip__pkgEER/NE-dxAC_equip-pkgSEER-13.4-SEER2/instance-out.sql,0.00,756.00
CZ11/RtL&0&cDXHP&Ex&dxHP_equip__pkgEER/NE-dxAC_equip-pkgEER-12.2-IEER-TE-0.80/instance-out.sql,0.00,756.00
CZ11/RtL&0&cDXHP&Ex&dxHP_equip__pkgEER/NE-dxAC_equip-pkgEER-11.4-IEER-TE-0.80/instance-out.sql,0.00,756.00
CZ11/RtL&0&cDXHP&Ex&dxHP_equip__pkgEER/NE-dxAC_equip-pkgEER-12.7-IEER-TE-0.80/instance-out.sql,0.00,756.00
CZ11/RtL&0&cDXHP&Ex&dxHP_equip__pkgEER/NE-dxAC_equip-pkgSEER-12.35-SEER2/instance-out.sql,0.00,756.00
CZ11/RtL&0&cDXHP&Ex&dxHP_equip__pkgEER/NE-dxHP_equip-pkgEER-14.5-IEER/instance-out.sql,0.00,622.00
CZ11/RtL&0&cDXHP&Ex&dxHP_equip__pkgEER/NE-dxHP_equip-pkgEER-15.5-IEER/instance-out.sql,0.00,622.00
CZ11/RtL&0&cDXHP&Ex&dxHP_equip__pkgEER/NE-dxHP_equip-pkgEER-13.5-IEER/instance-out.sql,0.00,622.00
CZ11/RtL&0&cDXHP&Ex&dxHP_equip__pkgEER/NE-dxHP_equip-pkgEER-14-IEER/instance-out.sql,0.00,622.00
CZ11/RtL&0&cDXHP&Ex&dxHP_equip__pkgEER/NE-dxHP_equip-pkgEER-15-IEER/instance-out.sql,0.00,622.00
CZ11/RtL&0&cDXHP&Ex&dxHP_equip__pkgEER/NE-dxHP_equip-pkgEER-16-IEER/instance-out.sql,0.00,622.00
CZ11/RtL&0&cDXHP&Ex&dxHP_equip__pkgEER/NE-dxHP_equip-pkgSEER-15.4-SEER2/instance-out.sql,0.00,622.00
CZ11/RtL&0&cDXHP&Ex&dxHP_equip__pkgEER/NE-dxHP_equip-pkgSEER-16.3-SEER2/instance-out.sql,0.00,622.00
CZ11/RtL&0&cDXHP&Ex&dxHP_equip__pkgEER/NE-dxHP_equip-pkgSEER-14.4-SEER2-1Stage/instance-out.sql,0.00,622.00
CZ11/RtL&0&cDXHP&Ex&dxHP_equip__pkgEER/NE-dxHP_equip-pkgSEER-14.4-SEER2-2Stage/instance-out.sql,0.00,622.00
CZ11/RtL&0&cDXHP&Ex&dxHP_equip__pkgEER/NE-dxHP_equip-spltSEER-14.4-SEER2-8.7-HSPF/instance-out.sql,0.00,622.00
CZ11/RtL&0&cDXHP&Ex&dxHP_equip__pkgEER/NE-dxHP_equip-spltSEER-15.4-SEER2-9-HSPF/instance-out.sql,0.00,622.00
CZ11/RtL&0&cDXHP&Ex&dxHP_equip__pkgEER/NE-dxHP_equip-spltSEER-16.3-SEER2-9.4-HSPF/instance-out.sql,0.00,622.00
CZ11/RtL&0&cDXHP&Ex&dxHP_equip__pkgEER/NE-dxHP_equip-spltSEER-17.3-SEER2-9.7-HSPF/instance-out.sql,0.00,622.00
CZ11/RtL&0&cDXHP&Ex&dxHP_equip__pkgEER/NE-dxAC_equip-pkgEER-14.2-IEER-TE-0.81-VarFan/instance-out.sql,0.00,756.00
CZ11/RtL&0&cDXHP&Ex&dxHP_equip__pkgEER/NE-dxAC_equip-pkgEER-13.2-IEER-TE-0.81-VarFan/instance-out.sql,0.00,756.00
CZ11/RtL&0&cDXHP&Ex&dxHP_equip__pkgEER/NE-dxAC_equip-pkgEER-14.8-IEER-TE-0.81-VarFan/instance-out.sql,0.00,756.00
CZ11/RtL&0&cDXHP&Ex&dxHP_equip__pkgEER/NE-dxAC_equip-pkgSEER-13.4-SEER2-VarFan/instance-out.sql,0.00,756.00
CZ11/RtS&0&cDXHP&Ex&dxHP_equip__pkgEER/NE-dxAC_equip-pkgEER-14.2-IEER-TE-0.81/instance-out.sql,0.00,481.00
CZ11/RtS&0&cDXHP&Ex&dxHP_equip__pkgEER/NE-dxAC_equip-pkgEER-13.2-IEER-TE-0.81/instance-out.sql,0.00,481.00
CZ11/RtS&0&cDXHP&Ex&dxHP_equip__pkgEER/NE-dxAC_equip-pkgEER-14.8-IEER-TE-0.81/instance-out.sql,0.00,481.00
CZ11/RtS&0&cDXHP&Ex&dxHP_equip__pkgEER/NE-dxAC_equip-pkgSEER-13.4-SEER2/instance-out.sql,0.00,481.00
CZ11/RtS&0&cDXHP&Ex&dxHP_equip__pkgEER/NE-dxAC_equip-pkgEER-12.2-IEER-TE-0.80/instance-out.sql,0.00,481.00
CZ11/RtS&0&cDXHP&Ex&dxHP_equip__pkgEER/NE-dxAC_equip-pkgEER-11.4-IEER-TE-0.80/instance-out.sql,0.00,481.00
CZ11/RtS&0&cDXHP&Ex&dxHP_equip__pkgEER/NE-dxAC_equip-pkgEER-12.7-IEER-TE-0.80/instance-out.sql,0.00,481.00
CZ11/RtS&0&cDXHP&Ex&dxHP_equip__pkgEER/NE-dxAC_equip-pkgSEER-12.35-SEER2/instance-out.sql,0.00,481.00
CZ11/RtS&0&cDXHP&Ex&dxHP_equip__pkgEER/NE-dxHP_equip-pkgEER-14.5-IEER/instance-out.sql,0.00,386.00
CZ11/RtS&0&cDXHP&Ex&dxHP_equip__pkgEER/NE-dxHP_equip-pkgEER-15.5-IEER/instance-out.sql,0.00,386.00
CZ11/RtS&0&cDXHP&Ex&dxHP_equip__pkgEER/NE-dxHP_equip-pkgEER-13.5-IEER/instance-out.sql,0.00,386.00
CZ11/RtS&0&cDXHP&Ex&dxHP_equip__pkgEER/NE-dxHP_equip-pkgEER-14-IEER/instance-out.sql,0.00,386.00
CZ11/RtS&0&cDXHP&Ex&dxHP_equip__pkgEER/NE-dxHP_equip-pkgEER-15-IEER/instance-out.sql,0.00,386.00
CZ11/RtS&0&cDXHP&Ex&dxHP_equip__pkgEER/NE-dxHP_equip-pkgEER-16-IEER/instance-out.sql,0.00,386.00
CZ11/RtS&0&cDXHP&Ex&dxHP_equip__pkgEER/NE-dxHP_equip-pkgSEER-15.4-SEER2/instance-out.sql,0.00,386.00
CZ11/RtS&0&cDXHP&Ex&dxHP_equip__pkgEER/NE-dxHP_equip-pkgSEER-16.3-SEER2/instance-out.sql,0.00,386.00
CZ11/RtS&0&cDXHP&Ex&dxHP_equip__pkgEER/NE-dxHP_equip-pkgSEER-14.4-SEER2-1Stage/instance-out.sql,0.00,386.00
CZ11/RtS&0&cDXHP&Ex&dxHP_equip__pkgEER/NE-dxHP_equip-pkgSEER-14.4-SEER2-2Stage/instance-out.sql,0.00,385.00
CZ11/RtS&0&cDXHP&Ex&dxHP_equip__pkgEER/NE-dxHP_equip-spltSEER-14.4-SEER2-8.7-HSPF/instance-out.sql,0.00,386.00
CZ11/RtS&0&cDXHP&Ex&dxHP_equip__pkgEER/NE-dxHP_equip-spltSEER-15.4-SEER2-9-HSPF/instance-out.sql,0.00,386.00
CZ11/RtS&0&cDXHP&Ex&dxHP_equip__pkgEER/NE-dxHP_equip-spltSEER-16.3-SEER2-9.4-HSPF/instance-out.sql,0.00,386.00
CZ11/RtS&0&cDXHP&Ex&dxHP_equip__pkgEER/NE-dxHP_equip-spltSEER-17.3-SEER2-9.7-HSPF/instance-out.sql,0.00,386.00
CZ11/RtS&0&cDXHP&Ex&dxHP_equip__pkgEER/NE-dxAC_equip-pkgEER-14.2-IEER-TE-0.81-VarFan/instance-out.sql,0.00,481.00
CZ11/RtS&0&cDXHP&Ex&dxHP_equip__pkgEER/NE-dxAC_equip-pkgEER-13.2-IEER-TE-0.81-VarFan/instance-out.sql,0.00,481.00
CZ11/RtS&0&cDXHP&Ex&dxHP_equip__pkgEER/NE-dxAC_equip-pkgEER-14.8-IEER-TE-0.81-VarFan/instance-out.sql,0.00,481.00
CZ11/RtS&0&cDXHP&Ex&dxHP_equip__pkgEER/NE-dxAC_equip-pkgSEER-13.4-SEER2-VarFan/instance-out.sql,0.00,481.00
CZ11/SCn&0&cDXHP&Ex&dxHP_equip__pkgEER/NE-dxAC_equip-pkgEER-14.2-IEER-TE-0.81/instance-out.sql,0.00,576.00
CZ11/SCn&0&cDXHP&Ex&dxHP_equip__pkgEER/NE-dxAC_equip-pkgEER-13.2-IEER-TE-0.81/instance-out.sql,0.00,576.00
CZ11/SCn&0&cDXHP&Ex&dxHP_equip__pkgEER/NE-dxAC_equip-pkgEER-14.8-IEER-TE-0.81/instance-out.sql,0.00,576.00
CZ11/SCn&0&cDXHP&Ex&dxHP_equip__pkgEER/NE-dxAC_equip-pkgSEER-13.4-SEER2/instance-out.sql,0.00,576.00
CZ11/SCn&0&cDXHP&Ex&dxHP_equip__pkgEER/NE-dxAC_equip-pkgEER-12.2-IEER-TE-0.80/instance-out.sql,0.00,576.00
CZ11/SCn&0&cDXHP&Ex&dxHP_equip__pkgEER/NE-dxAC_equip-pkgEER-11.4-IEER-TE-0.80/instance-out.sql,0.00,576.00
CZ11/SCn&0&cDXHP&Ex&dxHP_equip__pkgEER/NE-dxAC_equip-pkgEER-12.7-IEER-TE-0.80/instance-out.sql,0.00,576.00
CZ11/SCn&0&cDXHP&Ex&dxHP_equip__pkgEER/NE-dxAC_equip-pkgSEER-12.35-SEER2/instance-out.sql,0.00,576.00
CZ11/SCn&0&cDXHP&Ex&dxHP_equip__pkgEER/NE-dxHP_equip-pkgEER-14.5-IEER/instance-out.sql,0.00,98.00
CZ11/SCn&0&cDXHP&Ex&dxHP_equip__pkgEER/NE-dxHP_equip-pkgEER-15.5-IEER/instance-out.sql,0.00,98.00
CZ11/SCn&0&cDXHP&Ex&dxHP_equip__pkgEER/NE-dxHP_equip-pkgEER-13.5-IEER/instance-out.sql,0.00,98.00
CZ11/SCn&0&cDXHP&Ex&dxHP_equip__pkgEER/NE-dxHP_equip-pkgEER-14-IEER/instance-out.sql,0.00,98.00
CZ11/SCn&0&cDXHP&Ex&dxHP_equip__pkgEER/NE-dxHP_equip-pkgEER-15-IEER/instance-out.sql,0.00,98.00
CZ11/SCn&0&cDXHP&Ex&dxHP_equip__pkgEER/NE-dxHP_equip-pkgEER-16-IEER/instance-out.sql,0.00,98.00
CZ11/SCn&0&cDXHP&Ex&dxHP_equip__pkgEER/NE-dxHP_equip-pkgSEER-15.4-SEER2/instance-out.sql,0.00,98.00
CZ11/SCn&0&cDXHP&Ex&dxHP_equip__pkgEER/NE-dxHP_equip-pkgSEER-16.3-SEER2/instance-out.sql,0.00,98.00
CZ11/SCn&0&cDXHP&Ex&dxHP_equip__pkgEER/NE-dxHP_equip-pkgSEER-14.4-SEER2-1Stage/instance-out.sql,0.00,98.00
CZ11/SCn&0&cDXHP&Ex&dxHP_equip__pkgEER/NE-dxHP_equip-pkgSEER-14.4-SEER2-2Stage/instance-out.sql,0.00,98.00
CZ11/SCn&0&cDXHP&Ex&dxHP_equip__pkgEER/NE-dxHP_equip-spltSEER-14.4-SEER2-8.7-HSPF/instance-out.sql,0.00,98.00
CZ11/SCn&0&cDXHP&Ex&dxHP_equip__pkgEER/NE-dxHP_equip-spltSEER-15.4-SEER2-9-HSPF/instance-out.sql,0.00,98.00
CZ11/SCn&0&cDXHP&Ex&dxHP_equip__pkgEER/NE-dxHP_equip-spltSEER-16.3-SEER2-9.4-HSPF/instance-out.sql,0.00,98.00
CZ11/SCn&0&cDXHP&Ex&dxHP_equip__pkgEER/NE-dxHP_equip-spltSEER-17.3-SEER2-9.7-HSPF/instance-out.sql,0.00,98.00
CZ12/Asm&0&cDXHP&Ex&dxHP_equip__pkgEER/NE-dxAC_equip-pkgEER-14.2-IEER-TE-0.81/instance-out.sql,0.00,377.00
CZ12/Asm&0&cDXHP&Ex&dxHP_equip__pkgEER/NE-dxAC_equip-pkgEER-13.2-IEER-TE-0.81/instance-out.sql,0.00,377.00
CZ12/Asm&0&cDXHP&Ex&dxHP_equip__pkgEER/NE-dxAC_equip-pkgEER-14.8-IEER-TE-0.81/instance-out.sql,0.00,377.00
CZ12/Asm&0&cDXHP&Ex&dxHP_equip__pkgEER/NE-dxAC_equip-pkgSEER-13.4-SEER2/instance-out.sql,0.00,377.00
CZ12/Asm&0&cDXHP&Ex&dxHP_equip__pkgEER/NE-dxAC_equip-pkgEER-12.2-IEER-TE-0.80/instance-out.sql,0.00,377.00
CZ12/Asm&0&cDXHP&Ex&dxHP_equip__pkgEER/NE-dxAC_equip-pkgEER-11.4-IEER-TE-0.80/instance-out.sql,0.00,377.00
CZ12/Asm&0&cDXHP&Ex&dxHP_equip__pkgEER/NE-dxAC_equip-pkgEER-12.7-IEER-TE-0.80/instance-out.sql,0.00,377.00
CZ12/Asm&0&cDXHP&Ex&dxHP_equip__pkgEER/NE-dxAC_equip-pkgSEER-12.35-SEER2/instance-out.sql,0.00,377.00
CZ12/Asm&0&cDXHP&Ex&dxHP_equip__pkgEER/NE-dxHP_equip-pkgEER-14.5-IEER/instance-out.sql,1.00,293.00
CZ12/Asm&0&cDXHP&Ex&dxHP_equip__pkgEER/NE-dxHP_equip-pkgEER-15.5-IEER/instance-out.sql,1.00,293.00
CZ12/Asm&0&cDXHP&Ex&dxHP_equip__pkgEER/NE-dxHP_equip-pkgEER-13.5-IEER/instance-out.sql,1.00,293.00
CZ12/Asm&0&cDXHP&Ex&dxHP_equip__pkgEER/NE-dxHP_equip-pkgEER-14-IEER/instance-out.sql,1.00,293.00
CZ12/Asm&0&cDXHP&Ex&dxHP_equip__pkgEER/NE-dxHP_equip-pkgEER-15-IEER/instance-out.sql,1.00,293.00
CZ12/Asm&0&cDXHP&Ex&dxHP_equip__pkgEER/NE-dxHP_equip-pkgEER-16-IEER/instance-out.sql,1.00,293.00
CZ12/Asm&0&cDXHP&Ex&dxHP_equip__pkgEER/NE-dxHP_equip-pkgSEER-15.4-SEER2/instance-out.sql,1.00,293.00
CZ12/Asm&0&cDXHP&Ex&dxHP_equip__pkgEER/NE-dxHP_equip-pkgSEER-16.3-SEER2/instance-out.sql,1.00,293.00
CZ12/Asm&0&cDXHP&Ex&dxHP_equip__pkgEER/NE-dxHP_equip-pkgSEER-14.4-SEER2-1Stage/instance-out.sql,1.00,293.00
CZ12/Asm&0&cDXHP&Ex&dxHP_equip__pkgEER/NE-dxHP_equip-pkgSEER-14.4-SEER2-2Stage/instance-out.sql,0.00,292.00
CZ12/Asm&0&cDXHP&Ex&dxHP_equip__pkgEER/NE-dxHP_equip-spltSEER-14.4-SEER2-8.7-HSPF/instance-out.sql,1.00,293.00
CZ12/Asm&0&cDXHP&Ex&dxHP_equip__pkgEER/NE-dxHP_equip-spltSEER-15.4-SEER2-9-HSPF/instance-out.sql,1.00,293.00
CZ12/Asm&0&cDXHP&Ex&dxHP_equip__pkgEER/NE-dxHP_equip-spltSEER-16.3-SEER2-9.4-HSPF/instance-out.sql,1.00,293.00
CZ12/Asm&0&cDXHP&Ex&dxHP_equip__pkgEER/NE-dxHP_equip-spltSEER-17.3-SEER2-9.7-HSPF/instance-out.sql,1.00,293.00
CZ12/ECC&0&cDXHP&Ex&dxHP_equip__pkgEER/NE-dxAC_equip-pkgEER-14.2-IEER-TE-0.81/instance-out.sql,0.00,4689.00
CZ12/ECC&0&cDXHP&Ex&dxHP_equip__pkgEER/NE-dxAC_equip-pkgEER-13.2-IEER-TE-0.81/instance-out.sql,0.00,4689.00
CZ12/ECC&0&cDXHP&Ex&dxHP_equip__pkgEER/NE-dxAC_equip-pkgEER-14.8-IEER-TE-0.81/instance-out.sql,0.00,4689.00
CZ12/ECC&0&cDXHP&Ex&dxHP_equip__pkgEER/NE-dxAC_equip-pkgSEER-13.4-SEER2/instance-out.sql,0.00,4689.00
CZ12/ECC&0&cDXHP&Ex&dxHP_equip__pkgEER/NE-dxAC_equip-pkgEER-12.2-IEER-TE-0.80/instance-out.sql,0.00,4689.00
CZ12/ECC&0&cDXHP&Ex&dxHP_equip__pkgEER/NE-dxAC_equip-pkgEER-11.4-IEER-TE-0.80/instance-out.sql,0.00,4689.00
CZ12/ECC&0&cDXHP&Ex&dxHP_equip__pkgEER/NE-dxAC_equip-pkgEER-12.7-IEER-TE-0.80/instance-out.sql,0.00,4689.00
CZ12/ECC&0&cDXHP&Ex&dxHP_equip__pkgEER/NE-dxAC_equip-pkgSEER-12.35-SEER2/instance-out.sql,0.00,4689.00
CZ12/ECC&0&cDXHP&Ex&dxHP_equip__pkgEER/NE-dxHP_equip-pkgEER-14.5-IEER/instance-out.sql,0.00,4697.00
CZ12/ECC&0&cDXHP&Ex&dxHP_equip__pkgEER/NE-dxHP_equip-pkgEER-15.5-IEER/instance-out.sql,0.00,4697.00
CZ12/ECC&0&cDXHP&Ex&dxHP_equip__pkgEER/NE-dxHP_equip-pkgEER-13.5-IEER/instance-out.sql,0.00,4697.00
CZ12/ECC&0&cDXHP&Ex&dxHP_equip__pkgEER/NE-dxHP_equip-pkgEER-14-IEER/instance-out.sql,0.00,4697.00
CZ12/ECC&0&cDXHP&Ex&dxHP_equip__pkgEER/NE-dxHP_equip-pkgEER-15-IEER/instance-out.sql,0.00,4697.00
CZ12/ECC&0&cDXHP&Ex&dxHP_equip__pkgEER/NE-dxHP_equip-pkgEER-16-IEER/instance-out.sql,0.00,4697.00
CZ12/ECC&0&cDXHP&Ex&dxHP_equip__pkgEER/NE-dxHP_equip-pkgSEER-15.4-SEER2/instance-out.sql,0.00,4697.00
CZ12/ECC&0&cDXHP&Ex&dxHP_equip__pkgEER/NE-dxHP_equip-pkgSEER-16.3-SEER2/instance-out.sql,0.00,4697.00
CZ12/ECC&0&cDXHP&Ex&dxHP_equip__pkgEER/NE-dxHP_equip-pkgSEER-14.4-SEER2-1Stage/instance-out.sql,0.00,4697.00
CZ12/ECC&0&cDXHP&Ex&dxHP_equip__pkgEER/NE-dxHP_equip-pkgSEER-14.4-SEER2-2Stage/instance-out.sql,0.00,4683.00
CZ12/ECC&0&cDXHP&Ex&dxHP_equip__pkgEER/NE-dxHP_equip-spltSEER-14.4-SEER2-8.7-HSPF/instance-out.sql,0.00,4697.00
CZ12/ECC&0&cDXHP&Ex&dxHP_equip__pkgEER/NE-dxHP_equip-spltSEER-15.4-SEER2-9-HSPF/instance-out.sql,0.00,4697.00
CZ12/ECC&0&cDXHP&Ex&dxHP_equip__pkgEER/NE-dxHP_equip-spltSEER-16.3-SEER2-9.4-HSPF/instance-out.sql,0.00,4697.00
CZ12/ECC&0&cDXHP&Ex&dxHP_equip__pkgEER/NE-dxHP_equip-spltSEER-17.3-SEER2-9.7-HSPF/instance-out.sql,0.00,4697.00
CZ12/ECC&0&cDXHP&Ex&dxHP_equip__pkgEER/NE-dxAC_equip-pkgEER-14.2-IEER-TE-0.81-VarFan/instance-out.sql,0.00,4689.00
CZ12/ECC&0&cDXHP&Ex&dxHP_equip__pkgEER/NE-dxAC_equip-pkgEER-13.2-IEER-TE-0.81-VarFan/instance-out.sql,0.00,4689.00
CZ12/ECC&0&cDXHP&Ex&dxHP_equip__pkgEER/NE-dxAC_equip-pkgEER-14.8-IEER-TE-0.81-VarFan/instance-out.sql,0.00,4689.00
CZ12/ECC&0&cDXHP&Ex&dxHP_equip__pkgEER/NE-dxAC_equip-pkgSEER-13.4-SEER2-VarFan/instance-out.sql,0.00,4689.00
CZ12/EPr&0&cDXHP&Ex&dxHP_equip__pkgEER/NE-dxAC_equip-pkgEER-14.2-IEER-TE-0.81/instance-out.sql,0.00,89.00
CZ12/EPr&0&cDXHP&Ex&dxHP_equip__pkgEER/NE-dxAC_equip-pkgEER-13.2-IEER-TE-0.81/instance-out.sql,0.00,89.00
CZ12/EPr&0&cDXHP&Ex&dxHP_equip__pkgEER/NE-dxAC_equip-pkgEER-14.8-IEER-TE-0.81/instance-out.sql,0.00,89.00
CZ12/EPr&0&cDXHP&Ex&dxHP_equip__pkgEER/NE-dxAC_equip-pkgSEER-13.4-SEER2/instance-out.sql,0.00,89.00
CZ12/EPr&0&cDXHP&Ex&dxHP_equip__pkgEER/NE-dxAC_equip-pkgEER-12.2-IEER-TE-0.80/instance-out.sql,0.00,89.00
CZ12/EPr&0&cDXHP&Ex&dxHP_equip__pkgEER/NE-dxAC_equip-pkgEER-11.4-IEER-TE-0.80/instance-out.sql,0.00,89.00
CZ12/EPr&0&cDXHP&Ex&dxHP_equip__pkgEER/NE-dxAC_equip-pkgEER-12.7-IEER-TE-0.80/instance-out.sql,0.00,89.00
CZ12/EPr&0&cDXHP&Ex&dxHP_equip__pkgEER/NE-dxAC_equip-pkgSEER-12.35-SEER2/instance-out.sql,0.00,89.00
CZ12/EPr&0&cDXHP&Ex&dxHP_equip__pkgEER/NE-dxHP_equip-pkgEER-14.5-IEER/instance-out.sql,0.00,33.00
CZ12/EPr&0&cDXHP&Ex&dxHP_equip__pkgEER/NE-dxHP_equip-pkgEER-15.5-IEER/instance-out.sql,0.00,33.00
CZ12/EPr&0&cDXHP&Ex&dxHP_equip__pkgEER/NE-dxHP_equip-pkgEER-13.5-IEER/instance-out.sql,0.00,33.00
CZ12/EPr&0&cDXHP&Ex&dxHP_equip__pkgEER/NE-dxHP_equip-pkgEER-14-IEER/instance-out.sql,0.00,33.00
CZ12/EPr&0&cDXHP&Ex&dxHP_equip__pkgEER/NE-dxHP_equip-pkgEER-15-IEER/instance-out.sql,0.00,33.00
CZ12/EPr&0&cDXHP&Ex&dxHP_equip__pkgEER/NE-dxHP_equip-pkgEER-16-IEER/instance-out.sql,0.00,33.00
CZ12/EPr&0&cDXHP&Ex&dxHP_equip__pkgEER/NE-dxHP_equip-pkgSEER-15.4-SEER2/instance-out.sql,0.00,33.00
CZ12/EPr&0&cDXHP&Ex&dxHP_equip__pkgEER/NE-dxHP_equip-pkgSEER-16.3-SEER2/instance-out.sql,0.00,33.00
CZ12/EPr&0&cDXHP&Ex&dxHP_equip__pkgEER/NE-dxHP_equip-pkgSEER-14.4-SEER2-1Stage/instance-out.sql,0.00,33.00
CZ12/EPr&0&cDXHP&Ex&dxHP_equip__pkgEER/NE-dxHP_equip-pkgSEER-14.4-SEER2-2Stage/instance-out.sql,0.00,33.00
CZ12/EPr&0&cDXHP&Ex&dxHP_equip__pkgEER/NE-dxHP_equip-spltSEER-14.4-SEER2-8.7-HSPF/instance-out.sql,0.00,33.00
CZ12/EPr&0&cDXHP&Ex&dxHP_equip__pkgEER/NE-dxHP_equip-spltSEER-15.4-SEER2-9-HSPF/instance-out.sql,0.00,33.00
CZ12/EPr&0&cDXHP&Ex&dxHP_equip__pkgEER/NE-dxHP_equip-spltSEER-16.3-SEER2-9.4-HSPF/instance-out.sql,0.00,33.00
CZ12/EPr&0&cDXHP&Ex&dxHP_equip__pkgEER/NE-dxHP_equip-spltSEER-17.3-SEER2-9.7-HSPF/instance-out.sql,0.00,33.00
CZ12/EPr&0&cDXHP&Ex&dxHP_equip__pkgEER/NE-dxAC_equip-pkgEER-14.2-IEER-TE-0.81-VarFan/instance-out.sql,0.00,89.00
CZ12/EPr&0&cDXHP&Ex&dxHP_equip__pkgEER/NE-dxAC_equip-pkgEER-13.2-IEER-TE-0.81-VarFan/instance-out.sql,0.00,89.00
CZ12/EPr&0&cDXHP&Ex&dxHP_equip__pkgEER/NE-dxAC_equip-pkgEER-14.8-IEER-TE-0.81-VarFan/instance-out.sql,0.00,89.00
CZ12/EPr&0&cDXHP&Ex&dxHP_equip__pkgEER/NE-dxAC_equip-pkgSEER-13.4-SEER2-VarFan/instance-out.sql,0.00,89.00
CZ12/ERC&0&cDXHP&Ex&dxHP_equip__pkgEER/NE-dxAC_equip-pkgEER-14.2-IEER-TE-0.81/instance-out.sql,1.00,35.00
CZ12/ERC&0&cDXHP&Ex&dxHP_equip__pkgEER/NE-dxAC_equip-pkgEER-13.2-IEER-TE-0.81/instance-out.sql,1.00,35.00
CZ12/ERC&0&cDXHP&Ex&dxHP_equip__pkgEER/NE-dxAC_equip-pkgEER-14.8-IEER-TE-0.81/instance-out.sql,1.00,35.00
CZ12/ERC&0&cDXHP&Ex&dxHP_equip__pkgEER/NE-dxAC_equip-pkgSEER-13.4-SEER2/instance-out.sql,1.00,35.00
CZ12/ERC&0&cDXHP&Ex&dxHP_equip__pkgEER/NE-dxAC_equip-pkgEER-12.2-IEER-TE-0.80/instance-out.sql,1.00,35.00
CZ12/ERC&0&cDXHP&Ex&dxHP_equip__pkgEER/NE-dxAC_equip-pkgEER-11.4-IEER-TE-0.80/instance-out.sql,1.00,35.00
CZ12/ERC&0&cDXHP&Ex&dxHP_equip__pkgEER/NE-dxAC_equip-pkgEER-12.7-IEER-TE-0.80/instance-out.sql,1.00,35.00
CZ12/ERC&0&cDXHP&Ex&dxHP_equip__pkgEER/NE-dxAC_equip-pkgSEER-12.35-SEER2/instance-out.sql,1.00,35.00
CZ12/ERC&0&cDXHP&Ex&dxHP_equip__pkgEER/NE-dxHP_equip-pkgEER-14.5-IEER/instance-out.sql,1.00,23.00
CZ12/ERC&0&cDXHP&Ex&dxHP_equip__pkgEER/NE-dxHP_equip-pkgEER-15.5-IEER/instance-out.sql,1.00,23.00
CZ12/ERC&0&cDXHP&Ex&dxHP_equip__pkgEER/NE-dxHP_equip-pkgEER-13.5-IEER/instance-out.sql,1.00,23.00
CZ12/ERC&0&cDXHP&Ex&dxHP_equip__pkgEER/NE-dxHP_equip-pkgEER-14-IEER/instance-out.sql,1.00,23.00
CZ12/ERC&0&cDXHP&Ex&dxHP_equip__pkgEER/NE-dxHP_equip-pkgEER-15-IEER/instance-out.sql,1.00,23.00
CZ12/ERC&0&cDXHP&Ex&dxHP_equip__pkgEER/NE-dxHP_equip-pkgEER-16-IEER/instance-out.sql,1.00,23.00
CZ12/ERC&0&cDXHP&Ex&dxHP_equip__pkgEER/NE-dxHP_equip-pkgSEER-15.4-SEER2/instance-out.sql,1.00,23.00
CZ12/ERC&0&cDXHP&Ex&dxHP_equip__pkgEER/NE-dxHP_equip-pkgSEER-16.3-SEER2/instance-out.sql,1.00,23.00
CZ12/ERC&0&cDXHP&Ex&dxHP_equip__pkgEER/NE-dxHP_equip-pkgSEER-14.4-SEER2-1Stage/instance-out.sql,1.00,23.00
CZ12/ERC&0&cDXHP&Ex&dxHP_equip__pkgEER/NE-dxHP_equip-pkgSEER-14.4-SEER2-2Stage/instance-out.sql,2.00,22.00
CZ12/ERC&0&cDXHP&Ex&dxHP_equip__pkgEER/NE-dxHP_equip-spltSEER-14.4-SEER2-8.7-HSPF/instance-out.sql,1.00,23.00
CZ12/ERC&0&cDXHP&Ex&dxHP_equip__pkgEER/NE-dxHP_equip-spltSEER-15.4-SEER2-9-HSPF/instance-out.sql,1.00,23.00
CZ12/ERC&0&cDXHP&Ex&dxHP_equip__pkgEER/NE-dxHP_equip-spltSEER-16.3-SEER2-9.4-HSPF/instance-out.sql,1.00,23.00
CZ12/ERC&0&cDXHP&Ex&dxHP_equip__pkgEER/NE-dxHP_equip-spltSEER-17.3-SEER2-9.7-HSPF/instance-out.sql,1.00,23.00
CZ12/ERC&0&cDXHP&Ex&dxHP_equip__pkgEER/NE-dxAC_equip-pkgEER-14.2-IEER-TE-0.81-VarFan/instance-out.sql,1.00,35.00
CZ12/ERC&0&cDXHP&Ex&dxHP_equip__pkgEER/NE-dxAC_equip-pkgEER-13.2-IEER-TE-0.81-VarFan/instance-out.sql,1.00,35.00
CZ12/ERC&0&cDXHP&Ex&dxHP_equip__pkgEER/NE-dxAC_equip-pkgEER-14.8-IEER-TE-0.81-VarFan/instance-out.sql,1.00,35.00
CZ12/ERC&0&cDXHP&Ex&dxHP_equip__pkgEER/NE-dxAC_equip-pkgSEER-13.4-SEER2-VarFan/instance-out.sql,1.00,35.00
CZ12/ESe&0&cDXHP&Ex&dxHP_equip__pkgEER/NE-dxAC_equip-pkgEER-14.2-IEER-TE-0.81/instance-out.sql,0.00,269.00
CZ12/ESe&0&cDXHP&Ex&dxHP_equip__pkgEER/NE-dxAC_equip-pkgEER-13.2-IEER-TE-0.81/instance-out.sql,0.00,269.00
CZ12/ESe&0&cDXHP&Ex&dxHP_equip__pkgEER/NE-dxAC_equip-pkgEER-14.8-IEER-TE-0.81/instance-out.sql,0.00,269.00
CZ12/ESe&0&cDXHP&Ex&dxHP_equip__pkgEER/NE-dxAC_equip-pkgSEER-13.4-SEER2/instance-out.sql,0.00,269.00
CZ12/ESe&0&cDXHP&Ex&dxHP_equip__pkgEER/NE-dxAC_equip-pkgEER-12.2-IEER-TE-0.80/instance-out.sql,0.00,269.00
CZ12/ESe&0&cDXHP&Ex&dxHP_equip__pkgEER/NE-dxAC_equip-pkgEER-11.4-IEER-TE-0.80/instance-out.sql,0.00,269.00
CZ12/ESe&0&cDXHP&Ex&dxHP_equip__pkgEER/NE-dxAC_equip-pkgEER-12.7-IEER-TE-0.80/instance-out.sql,0.00,269.00
CZ12/ESe&0&cDXHP&Ex&dxHP_equip__pkgEER/NE-dxAC_equip-pkgSEER-12.35-SEER2/instance-out.sql,0.00,269.00
CZ12/ESe&0&cDXHP&Ex&dxHP_equip__pkgEER/NE-dxHP_equip-pkgEER-14.5-IEER/instance-out.sql,0.00,129.00
CZ12/ESe&0&cDXHP&Ex&dxHP_equip__pkgEER/NE-dxHP_equip-pkgEER-15.5-IEER/instance-out.sql,0.00,129.00
CZ12/ESe&0&cDXHP&Ex&dxHP_equip__pkgEER/NE-dxHP_equip-pkgEER-13.5-IEER/instance-out.sql,0.00,129.00
CZ12/ESe&0&cDXHP&Ex&dxHP_equip__pkgEER/NE-dxHP_equip-pkgEER-14-IEER/instance-out.sql,0.00,129.00
CZ12/ESe&0&cDXHP&Ex&dxHP_equip__pkgEER/NE-dxHP_equip-pkgEER-15-IEER/instance-out.sql,0.00,129.00
CZ12/ESe&0&cDXHP&Ex&dxHP_equip__pkgEER/NE-dxHP_equip-pkgEER-16-IEER/instance-out.sql,0.00,129.00
CZ12/ESe&0&cDXHP&Ex&dxHP_equip__pkgEER/NE-dxHP_equip-pkgSEER-15.4-SEER2/instance-out.sql,0.00,129.00
CZ12/ESe&0&cDXHP&Ex&dxHP_equip__pkgEER/NE-dxHP_equip-pkgSEER-16.3-SEER2/instance-out.sql,0.00,129.00
CZ12/ESe&0&cDXHP&Ex&dxHP_equip__pkgEER/NE-dxHP_equip-pkgSEER-14.4-SEER2-1Stage/instance-out.sql,0.00,129.00
CZ12/ESe&0&cDXHP&Ex&dxHP_equip__pkgEER/NE-dxHP_equip-pkgSEER-14.4-SEER2-2Stage/instance-out.sql,2.00,128.00
CZ12/ESe&0&cDXHP&Ex&dxHP_equip__pkgEER/NE-dxHP_equip-spltSEER-14.4-SEER2-8.7-HSPF/instance-out.sql,0.00,129.00
CZ12/ESe&0&cDXHP&Ex&dxHP_equip__pkgEER/NE-dxHP_equip-spltSEER-15.4-SEER2-9-HSPF/instance-out.sql,0.00,129.00
CZ12/ESe&0&cDXHP&Ex&dxHP_equip__pkgEER/NE-dxHP_equip-spltSEER-16.3-SEER2-9.4-HSPF/instance-out.sql,0.00,129.00
CZ12/ESe&0&cDXHP&Ex&dxHP_equip__pkgEER/NE-dxHP_equip-spltSEER-17.3-SEER2-9.7-HSPF/instance-out.sql,0.00,129.00
CZ12/ESe&0&cDXHP&Ex&dxHP_equip__pkgEER/NE-dxAC_equip-pkgEER-14.2-IEER-TE-0.81-VarFan/instance-out.sql,0.00,269.00
CZ12/ESe&0&cDXHP&Ex&dxHP_equip__pkgEER/NE-dxAC_equip-pkgEER-13.2-IEER-TE-0.81-VarFan/instance-out.sql,0.00,269.00
CZ12/ESe&0&cDXHP&Ex&dxHP_equip__pkgEER/NE-dxAC_equip-pkgEER-14.8-IEER-TE-0.81-VarFan/instance-out.sql,0.00,269.00
CZ12/ESe&0&cDXHP&Ex&dxHP_equip__pkgEER/NE-dxAC_equip-pkgSEER-13.4-SEER2-VarFan/instance-out.sql,0.00,269.00
CZ12/EUn&0&cDXHP&Ex&dxHP_equip__pkgEER/NE-dxAC_equip-pkgEER-14.2-IEER-TE-0.81/instance-out.sql,0.00,752.00
CZ12/EUn&0&cDXHP&Ex&dxHP_equip__pkgEER/NE-dxAC_equip-pkgEER-13.2-IEER-TE-0.81/instance-out.sql,0.00,752.00
CZ12/EUn&0&cDXHP&Ex&dxHP_equip__pkgEER/NE-dxAC_equip-pkgEER-14.8-IEER-TE-0.81/instance-out.sql,0.00,752.00
CZ12/EUn&0&cDXHP&Ex&dxHP_equip__pkgEER/NE-dxAC_equip-pkgSEER-13.4-SEER2/instance-out.sql,0.00,752.00
CZ12/EUn&0&cDXHP&Ex&dxHP_equip__pkgEER/NE-dxAC_equip-pkgEER-12.2-IEER-TE-0.80/instance-out.sql,0.00,752.00
CZ12/EUn&0&cDXHP&Ex&dxHP_equip__pkgEER/NE-dxAC_equip-pkgEER-11.4-IEER-TE-0.80/instance-out.sql,0.00,752.00
CZ12/EUn&0&cDXHP&Ex&dxHP_equip__pkgEER/NE-dxAC_equip-pkgEER-12.7-IEER-TE-0.80/instance-out.sql,0.00,752.00
CZ12/EUn&0&cDXHP&Ex&dxHP_equip__pkgEER/NE-dxAC_equip-pkgSEER-12.35-SEER2/instance-out.sql,0.00,752.00
CZ12/EUn&0&cDXHP&Ex&dxHP_equip__pkgEER/NE-dxHP_equip-pkgEER-14.5-IEER/instance-out.sql,0.00,549.00
CZ12/EUn&0&cDXHP&Ex&dxHP_equip__pkgEER/NE-dxHP_equip-pkgEER-15.5-IEER/instance-out.sql,0.00,549.00
CZ12/EUn&0&cDXHP&Ex&dxHP_equip__pkgEER/NE-dxHP_equip-pkgEER-13.5-IEER/instance-out.sql,0.00,549.00
CZ12/EUn&0&cDXHP&Ex&dxHP_equip__pkgEER/NE-dxHP_equip-pkgEER-14-IEER/instance-out.sql,0.00,549.00
CZ12/EUn&0&cDXHP&Ex&dxHP_equip__pkgEER/NE-dxHP_equip-pkgEER-15-IEER/instance-out.sql,0.00,549.00
CZ12/EUn&0&cDXHP&Ex&dxHP_equip__pkgEER/NE-dxHP_equip-pkgEER-16-IEER/instance-out.sql,0.00,549.00
CZ12/EUn&0&cDXHP&Ex&dxHP_equip__pkgEER/NE-dxHP_equip-pkgSEER-15.4-SEER2/instance-out.sql,0.00,549.00
CZ12/EUn&0&cDXHP&Ex&dxHP_equip__pkgEER/NE-dxHP_equip-pkgSEER-16.3-SEER2/instance-out.sql,0.00,549.00
CZ12/EUn&0&cDXHP&Ex&dxHP_equip__pkgEER/NE-dxHP_equip-pkgSEER-14.4-SEER2-1Stage/instance-out.sql,0.00,549.00
CZ12/EUn&0&cDXHP&Ex&dxHP_equip__pkgEER/NE-dxHP_equip-pkgSEER-14.4-SEER2-2Stage/instance-out.sql,2.00,540.00
CZ12/EUn&0&cDXHP&Ex&dxHP_equip__pkgEER/NE-dxHP_equip-spltSEER-14.4-SEER2-8.7-HSPF/instance-out.sql,0.00,549.00
CZ12/EUn&0&cDXHP&Ex&dxHP_equip__pkgEER/NE-dxHP_equip-spltSEER-15.4-SEER2-9-HSPF/instance-out.sql,0.00,549.00
CZ12/EUn&0&cDXHP&Ex&dxHP_equip__pkgEER/NE-dxHP_equip-spltSEER-16.3-SEER2-9.4-HSPF/instance-out.sql,0.00,549.00
CZ12/EUn&0&cDXHP&Ex&dxHP_equip__pkgEER/NE-dxHP_equip-spltSEER-17.3-SEER2-9.7-HSPF/instance-out.sql,0.00,549.00
CZ12/EUn&0&cDXHP&Ex&dxHP_equip__pkgEER/NE-dxAC_equip-pkgEER-14.2-IEER-TE-0.81-VarFan/instance-out.sql,0.00,752.00
CZ12/EUn&0&cDXHP&Ex&dxHP_equip__pkgEER/NE-dxAC_equip-pkgEER-13.2-IEER-TE-0.81-VarFan/instance-out.sql,0.00,752.00
CZ12/EUn&0&cDXHP&Ex&dxHP_equip__pkgEER/NE-dxAC_equip-pkgEER-14.8-IEER-TE-0.81-VarFan/instance-out.sql,0.00,752.00
CZ12/EUn&0&cDXHP&Ex&dxHP_equip__pkgEER/NE-dxAC_equip-pkgSEER-13.4-SEER2-VarFan/instance-out.sql,0.00,752.00
CZ12/Gro&0&cDXHP&Ex&dxHP_equip__pkgEER/NE-dxAC_equip-pkgEER-14.2-IEER-TE-0.81/instance-out.sql,0.00,274.00
CZ12/Gro&0&cDXHP&Ex&dxHP_equip__pkgEER/NE-dxAC_equip-pkgEER-13.2-IEER-TE-0.81/instance-out.sql,0.00,274.00
CZ12/Gro&0&cDXHP&Ex&dxHP_equip__pkgEER/NE-dxAC_equip-pkgEER-14.8-IEER-TE-0.81/instance-out.sql,0.00,274.00
CZ12/Gro&0&cDXHP&Ex&dxHP_equip__pkgEER/NE-dxAC_equip-pkgSEER-13.4-SEER2/instance-out.sql,0.00,274.00
CZ12/Gro&0&cDXHP&Ex&dxHP_equip__pkgEER/NE-dxAC_equip-pkgEER-12.2-IEER-TE-0.80/instance-out.sql,0.00,274.00
CZ12/Gro&0&cDXHP&Ex&dxHP_equip__pkgEER/NE-dxAC_equip-pkgEER-11.4-IEER-TE-0.80/instance-out.sql,0.00,274.00
CZ12/Gro&0&cDXHP&Ex&dxHP_equip__pkgEER/NE-dxAC_equip-pkgEER-12.7-IEER-TE-0.80/instance-out.sql,0.00,274.00
CZ12/Gro&0&cDXHP&Ex&dxHP_equip__pkgEER/NE-dxAC_equip-pkgSEER-12.35-SEER2/instance-out.sql,0.00,274.00
CZ12/Gro&0&cDXHP&Ex&dxHP_equip__pkgEER/NE-dxHP_equip-pkgEER-14.5-IEER/instance-out.sql,2.00,203.00
CZ12/Gro&0&cDXHP&Ex&dxHP_equip__pkgEER/NE-dxHP_equip-pkgEER-15.5-IEER/instance-out.sql,2.00,203.00
CZ12/Gro&0&cDXHP&Ex&dxHP_equip__pkgEER/NE-dxHP_equip-pkgEER-13.5-IEER/instance-out.sql,2.00,203.00
CZ12/Gro&0&cDXHP&Ex&dxHP_equip__pkgEER/NE-dxHP_equip-pkgEER-14-IEER/instance-out.sql,2.00,203.00
CZ12/Gro&0&cDXHP&Ex&dxHP_equip__pkgEER/NE-dxHP_equip-pkgEER-15-IEER/instance-out.sql,2.00,203.00
CZ12/Gro&0&cDXHP&Ex&dxHP_equip__pkgEER/NE-dxHP_equip-pkgEER-16-IEER/instance-out.sql,2.00,203.00
CZ12/Gro&0&cDXHP&Ex&dxHP_equip__pkgEER/NE-dxHP_equip-pkgSEER-15.4-SEER2/instance-out.sql,2.00,203.00
CZ12/Gro&0&cDXHP&Ex&dxHP_equip__pkgEER/NE-dxHP_equip-pkgSEER-16.3-SEER2/instance-out.sql,2.00,203.00
CZ12/Gro&0&cDXHP&Ex&dxHP_equip__pkgEER/NE-dxHP_equip-pkgSEER-14.4-SEER2-1Stage/instance-out.sql,2.00,203.00
CZ12/Gro&0&cDXHP&Ex&dxHP_equip__pkgEER/NE-dxHP_equip-pkgSEER-14.4-SEER2-2Stage/instance-out.sql,0.00,202.00
CZ12/Gro&0&cDXHP&Ex&dxHP_equip__pkgEER/NE-dxHP_equip-spltSEER-14.4-SEER2-8.7-HSPF/instance-out.sql,2.00,203.00
CZ12/Gro&0&cDXHP&Ex&dxHP_equip__pkgEER/NE-dxHP_equip-spltSEER-15.4-SEER2-9-HSPF/instance-out.sql,2.00,203.00
CZ12/Gro&0&cDXHP&Ex&dxHP_equip__pkgEER/NE-dxHP_equip-spltSEER-16.3-SEER2-9.4-HSPF/instance-out.sql,2.00,203.00
CZ12/Gro&0&cDXHP&Ex&dxHP_equip__pkgEER/NE-dxHP_equip-spltSEER-17.3-SEER2-9.7-HSPF/instance-out.sql,2.00,203.00
CZ12/Gro&0&cDXHP&Ex&dxHP_equip__pkgEER/NE-dxAC_equip-pkgEER-14.2-IEER-TE-0.81-VarFan/instance-out.sql,0.00,274.00
CZ12/Gro&0&cDXHP&Ex&dxHP_equip__pkgEER/NE-dxAC_equip-pkgEER-13.2-IEER-TE-0.81-VarFan/instance-out.sql,0.00,274.00
CZ12/Gro&0&cDXHP&Ex&dxHP_equip__pkgEER/NE-dxAC_equip-pkgEER-14.8-IEER-TE-0.81-VarFan/instance-out.sql,0.00,274.00
CZ12/Gro&0&cDXHP&Ex&dxHP_equip__pkgEER/NE-dxAC_equip-pkgSEER-13.4-SEER2-VarFan/instance-out.sql,0.00,274.00
CZ12/Hsp&0&cDXHP&Ex&dxHP_equip__pkgEER/NE-dxAC_equip-pkgEER-14.2-IEER-TE-0.81/instance-out.sql,2.00,344.00
CZ12/Hsp&0&cDXHP&Ex&dxHP_equip__pkgEER/NE-dxAC_equip-pkgEER-13.2-IEER-TE-0.81/instance-out.sql,2.00,344.00
CZ12/Hsp&0&cDXHP&Ex&dxHP_equip__pkgEER/NE-dxAC_equip-pkgEER-14.8-IEER-TE-0.81/instance-out.sql,2.00,344.00
CZ12/Hsp&0&cDXHP&Ex&dxHP_equip__pkgEER/NE-dxAC_equip-pkgSEER-13.4-SEER2/instance-out.sql,2.00,344.00
CZ12/Hsp&0&cDXHP&Ex&dxHP_equip__pkgEER/NE-dxAC_equip-pkgEER-12.2-IEER-TE-0.80/instance-out.sql,2.00,344.00
CZ12/Hsp&0&cDXHP&Ex&dxHP_equip__pkgEER/NE-dxAC_equip-pkgEER-11.4-IEER-TE-0.80/instance-out.sql,2.00,344.00
CZ12/Hsp&0&cDXHP&Ex&dxHP_equip__pkgEER/NE-dxAC_equip-pkgEER-12.7-IEER-TE-0.80/instance-out.sql,2.00,344.00
CZ12/Hsp&0&cDXHP&Ex&dxHP_equip__pkgEER/NE-dxAC_equip-pkgSEER-12.35-SEER2/instance-out.sql,2.00,344.00
CZ12/Hsp&0&cDXHP&Ex&dxHP_equip__pkgEER/NE-dxHP_equip-pkgEER-14.5-IEER/instance-out.sql,2.00,226.00
CZ12/Hsp&0&cDXHP&Ex&dxHP_equip__pkgEER/NE-dxHP_equip-pkgEER-15.5-IEER/instance-out.sql,2.00,226.00
CZ12/Hsp&0&cDXHP&Ex&dxHP_equip__pkgEER/NE-dxHP_equip-pkgEER-13.5-IEER/instance-out.sql,2.00,226.00
CZ12/Hsp&0&cDXHP&Ex&dxHP_equip__pkgEER/NE-dxHP_equip-pkgEER-14-IEER/instance-out.sql,2.00,226.00
CZ12/Hsp&0&cDXHP&Ex&dxHP_equip__pkgEER/NE-dxHP_equip-pkgEER-15-IEER/instance-out.sql,2.00,226.00
CZ12/Hsp&0&cDXHP&Ex&dxHP_equip__pkgEER/NE-dxHP_equip-pkgEER-16-IEER/instance-out.sql,2.00,226.00
CZ12/Hsp&0&cDXHP&Ex&dxHP_equip__pkgEER/NE-dxHP_equip-pkgSEER-15.4-SEER2/instance-out.sql,2.00,226.00
CZ12/Hsp&0&cDXHP&Ex&dxHP_equip__pkgEER/NE-dxHP_equip-pkgSEER-16.3-SEER2/instance-out.sql,2.00,226.00
CZ12/Hsp&0&cDXHP&Ex&dxHP_equip__pkgEER/NE-dxHP_equip-pkgSEER-14.4-SEER2-1Stage/instance-out.sql,2.00,226.00
CZ12/Hsp&0&cDXHP&Ex&dxHP_equip__pkgEER/NE-dxHP_equip-pkgSEER-14.4-SEER2-2Stage/instance-out.sql,9.00,226.00
CZ12/Hsp&0&cDXHP&Ex&dxHP_equip__pkgEER/NE-dxHP_equip-spltSEER-14.4-SEER2-8.7-HSPF/instance-out.sql,2.00,226.00
CZ12/Hsp&0&cDXHP&Ex&dxHP_equip__pkgEER/NE-dxHP_equip-spltSEER-15.4-SEER2-9-HSPF/instance-out.sql,2.00,226.00
CZ12/Hsp&0&cDXHP&Ex&dxHP_equip__pkgEER/NE-dxHP_equip-spltSEER-16.3-SEER2-9.4-HSPF/instance-out.sql,2.00,226.00
CZ12/Hsp&0&cDXHP&Ex&dxHP_equip__pkgEER/NE-dxHP_equip-spltSEER-17.3-SEER2-9.7-HSPF/instance-out.sql,2.00,226.00
CZ12/MBT&0&cDXHP&Ex&dxHP_equip__pkgEER/NE-dxAC_equip-pkgEER-14.2-IEER-TE-0.81/instance-out.sql,0.00,526.00
CZ12/MBT&0&cDXHP&Ex&dxHP_equip__pkgEER/NE-dxAC_equip-pkgEER-13.2-IEER-TE-0.81/instance-out.sql,0.00,526.00
CZ12/MBT&0&cDXHP&Ex&dxHP_equip__pkgEER/NE-dxAC_equip-pkgEER-14.8-IEER-TE-0.81/instance-out.sql,0.00,526.00
CZ12/MBT&0&cDXHP&Ex&dxHP_equip__pkgEER/NE-dxAC_equip-pkgSEER-13.4-SEER2/instance-out.sql,0.00,526.00
CZ12/MBT&0&cDXHP&Ex&dxHP_equip__pkgEER/NE-dxAC_equip-pkgEER-12.2-IEER-TE-0.80/instance-out.sql,0.00,526.00
CZ12/MBT&0&cDXHP&Ex&dxHP_equip__pkgEER/NE-dxAC_equip-pkgEER-11.4-IEER-TE-0.80/instance-out.sql,0.00,526.00
CZ12/MBT&0&cDXHP&Ex&dxHP_equip__pkgEER/NE-dxAC_equip-pkgEER-12.7-IEER-TE-0.80/instance-out.sql,0.00,526.00
CZ12/MBT&0&cDXHP&Ex&dxHP_equip__pkgEER/NE-dxAC_equip-pkgSEER-12.35-SEER2/instance-out.sql,0.00,526.00
CZ12/MBT&0&cDXHP&Ex&dxHP_equip__pkgEER/NE-dxHP_equip-pkgEER-14.5-IEER/instance-out.sql,0.00,331.00
CZ12/MBT&0&cDXHP&Ex&dxHP_equip__pkgEER/NE-dxHP_equip-pkgEER-15.5-IEER/instance-out.sql,0.00,331.00
CZ12/MBT&0&cDXHP&Ex&dxHP_equip__pkgEER/NE-dxHP_equip-pkgEER-13.5-IEER/instance-out.sql,0.00,331.00
CZ12/MBT&0&cDXHP&Ex&dxHP_equip__pkgEER/NE-dxHP_equip-pkgEER-14-IEER/instance-out.sql,0.00,331.00
CZ12/MBT&0&cDXHP&Ex&dxHP_equip__pkgEER/NE-dxHP_equip-pkgEER-15-IEER/instance-out.sql,0.00,331.00
CZ12/MBT&0&cDXHP&Ex&dxHP_equip__pkgEER/NE-dxHP_equip-pkgEER-16-IEER/instance-out.sql,0.00,331.00
CZ12/MBT&0&cDXHP&Ex&dxHP_equip__pkgEER/NE-dxHP_equip-pkgSEER-15.4-SEER2/instance-out.sql,0.00,331.00
CZ12/MBT&0&cDXHP&Ex&dxHP_equip__pkgEER/NE-dxHP_equip-pkgSEER-16.3-SEER2/instance-out.sql,0.00,331.00
CZ12/MBT&0&cDXHP&Ex&dxHP_equip__pkgEER/NE-dxHP_equip-pkgSEER-14.4-SEER2-1Stage/instance-out.sql,0.00,331.00
CZ12/MBT&0&cDXHP&Ex&dxHP_equip__pkgEER/NE-dxHP_equip-pkgSEER-14.4-SEER2-2Stage/instance-out.sql,2.00,331.00
CZ12/MBT&0&cDXHP&Ex&dxHP_equip__pkgEER/NE-dxHP_equip-spltSEER-14.4-SEER2-8.7-HSPF/instance-out.sql,0.00,331.00
CZ12/MBT&0&cDXHP&Ex&dxHP_equip__pkgEER/NE-dxHP_equip-spltSEER-15.4-SEER2-9-HSPF/instance-out.sql,0.00,331.00
CZ12/MBT&0&cDXHP&Ex&dxHP_equip__pkgEER/NE-dxHP_equip-spltSEER-16.3-SEER2-9.4-HSPF/instance-out.sql,0.00,331.00
CZ12/MBT&0&cDXHP&Ex&dxHP_equip__pkgEER/NE-dxHP_equip-spltSEER-17.3-SEER2-9.7-HSPF/instance-out.sql,0.00,331.00
CZ12/MLI&0&cDXHP&Ex&dxHP_equip__pkgEER/NE-dxAC_equip-pkgEER-14.2-IEER-TE-0.81/instance-out.sql,0.00,102.00
CZ12/MLI&0&cDXHP&Ex&dxHP_equip__pkgEER/NE-dxAC_equip-pkgEER-13.2-IEER-TE-0.81/instance-out.sql,0.00,102.00
CZ12/MLI&0&cDXHP&Ex&dxHP_equip__pkgEER/NE-dxAC_equip-pkgEER-14.8-IEER-TE-0.81/instance-out.sql,0.00,102.00
CZ12/MLI&0&cDXHP&Ex&dxHP_equip__pkgEER/NE-dxAC_equip-pkgSEER-13.4-SEER2/instance-out.sql,0.00,102.00
CZ12/MLI&0&cDXHP&Ex&dxHP_equip__pkgEER/NE-dxAC_equip-pkgEER-12.2-IEER-TE-0.80/instance-out.sql,0.00,102.00
CZ12/MLI&0&cDXHP&Ex&dxHP_equip__pkgEER/NE-dxAC_equip-pkgEER-11.4-IEER-TE-0.80/instance-out.sql,0.00,102.00
CZ12/MLI&0&cDXHP&Ex&dxHP_equip__pkgEER/NE-dxAC_equip-pkgEER-12.7-IEER-TE-0.80/instance-out.sql,0.00,102.00
CZ12/MLI&0&cDXHP&Ex&dxHP_equip__pkgEER/NE-dxAC_equip-pkgSEER-12.35-SEER2/instance-out.sql,0.00,102.00
CZ12/MLI&0&cDXHP&Ex&dxHP_equip__pkgEER/NE-dxHP_equip-pkgEER-14.5-IEER/instance-out.sql,1.00,63.00
CZ12/MLI&0&cDXHP&Ex&dxHP_equip__pkgEER/NE-dxHP_equip-pkgEER-15.5-IEER/instance-out.sql,1.00,63.00
CZ12/MLI&0&cDXHP&Ex&dxHP_equip__pkgEER/NE-dxHP_equip-pkgEER-13.5-IEER/instance-out.sql,1.00,63.00
CZ12/MLI&0&cDXHP&Ex&dxHP_equip__pkgEER/NE-dxHP_equip-pkgEER-14-IEER/instance-out.sql,1.00,63.00
CZ12/MLI&0&cDXHP&Ex&dxHP_equip__pkgEER/NE-dxHP_equip-pkgEER-15-IEER/instance-out.sql,1.00,63.00
CZ12/MLI&0&cDXHP&Ex&dxHP_equip__pkgEER/NE-dxHP_equip-pkgEER-16-IEER/instance-out.sql,1.00,63.00
CZ12/MLI&0&cDXHP&Ex&dxHP_equip__pkgEER/NE-dxHP_equip-pkgSEER-15.4-SEER2/instance-out.sql,1.00,63.00
CZ12/MLI&0&cDXHP&Ex&dxHP_equip__pkgEER/NE-dxHP_equip-pkgSEER-16.3-SEER2/instance-out.sql,1.00,63.00
CZ12/MLI&0&cDXHP&Ex&dxHP_equip__pkgEER/NE-dxHP_equip-pkgSEER-14.4-SEER2-1Stage/instance-out.sql,1.00,63.00
CZ12/MLI&0&cDXHP&Ex&dxHP_equip__pkgEER/NE-dxHP_equip-pkgSEER-14.4-SEER2-2Stage/instance-out.sql,0.00,63.00
CZ12/MLI&0&cDXHP&Ex&dxHP_equip__pkgEER/NE-dxHP_equip-spltSEER-14.4-SEER2-8.7-HSPF/instance-out.sql,1.00,63.00
CZ12/MLI&0&cDXHP&Ex&dxHP_equip__pkgEER/NE-dxHP_equip-spltSEER-15.4-SEER2-9-HSPF/instance-out.sql,1.00,63.00
CZ12/MLI&0&cDXHP&Ex&dxHP_equip__pkgEER/NE-dxHP_equip-spltSEER-16.3-SEER2-9.4-HSPF/instance-out.sql,1.00,63.00
CZ12/MLI&0&cDXHP&Ex&dxHP_equip__pkgEER/NE-dxHP_equip-spltSEER-17.3-SEER2-9.7-HSPF/instance-out.sql,1.00,63.00
CZ12/Mtl&0&cDXHP&Ex&dxHP_equip__pkgEER/NE-dxAC_equip-pkgEER-14.2-IEER-TE-0.81/instance-out.sql,1.00,473.00
CZ12/Mtl&0&cDXHP&Ex&dxHP_equip__pkgEER/NE-dxAC_equip-pkgEER-13.2-IEER-TE-0.81/instance-out.sql,1.00,473.00
CZ12/Mtl&0&cDXHP&Ex&dxHP_equip__pkgEER/NE-dxAC_equip-pkgEER-14.8-IEER-TE-0.81/instance-out.sql,1.00,473.00
CZ12/Mtl&0&cDXHP&Ex&dxHP_equip__pkgEER/NE-dxAC_equip-pkgSEER-13.4-SEER2/instance-out.sql,1.00,473.00
CZ12/Mtl&0&cDXHP&Ex&dxHP_equip__pkgEER/NE-dxAC_equip-pkgEER-12.2-IEER-TE-0.80/instance-out.sql,1.00,473.00
CZ12/Mtl&0&cDXHP&Ex&dxHP_equip__pkgEER/NE-dxAC_equip-pkgEER-11.4-IEER-TE-0.80/instance-out.sql,1.00,473.00
CZ12/Mtl&0&cDXHP&Ex&dxHP_equip__pkgEER/NE-dxAC_equip-pkgEER-12.7-IEER-TE-0.80/instance-out.sql,1.00,473.00
CZ12/Mtl&0&cDXHP&Ex&dxHP_equip__pkgEER/NE-dxAC_equip-pkgSEER-12.35-SEER2/instance-out.sql,1.00,473.00
CZ12/Mtl&0&cDXHP&Ex&dxHP_equip__pkgEER/NE-dxHP_equip-pkgEER-14.5-IEER/instance-out.sql,1.00,388.00
CZ12/Mtl&0&cDXHP&Ex&dxHP_equip__pkgEER/NE-dxHP_equip-pkgEER-15.5-IEER/instance-out.sql,1.00,388.00
CZ12/Mtl&0&cDXHP&Ex&dxHP_equip__pkgEER/NE-dxHP_equip-pkgEER-13.5-IEER/instance-out.sql,1.00,388.00
CZ12/Mtl&0&cDXHP&Ex&dxHP_equip__pkgEER/NE-dxHP_equip-pkgEER-14-IEER/instance-out.sql,1.00,388.00
CZ12/Mtl&0&cDXHP&Ex&dxHP_equip__pkgEER/NE-dxHP_equip-pkgEER-15-IEER/instance-out.sql,1.00,388.00
CZ12/Mtl&0&cDXHP&Ex&dxHP_equip__pkgEER/NE-dxHP_equip-pkgEER-16-IEER/instance-out.sql,1.00,388.00
CZ12/Mtl&0&cDXHP&Ex&dxHP_equip__pkgEER/NE-dxHP_equip-pkgSEER-15.4-SEER2/instance-out.sql,1.00,388.00
CZ12/Mtl&0&cDXHP&Ex&dxHP_equip__pkgEER/NE-dxHP_equip-pkgSEER-16.3-SEER2/instance-out.sql,1.00,388.00
CZ12/Mtl&0&cDXHP&Ex&dxHP_equip__pkgEER/NE-dxHP_equip-pkgSEER-14.4-SEER2-1Stage/instance-out.sql,1.00,388.00
CZ12/Mtl&0&cDXHP&Ex&dxHP_equip__pkgEER/NE-dxHP_equip-pkgSEER-14.4-SEER2-2Stage/instance-out.sql,2.00,387.00
CZ12/Mtl&0&cDXHP&Ex&dxHP_equip__pkgEER/NE-dxHP_equip-spltSEER-14.4-SEER2-8.7-HSPF/instance-out.sql,1.00,388.00
CZ12/Mtl&0&cDXHP&Ex&dxHP_equip__pkgEER/NE-dxHP_equip-spltSEER-15.4-SEER2-9-HSPF/instance-out.sql,1.00,388.00
CZ12/Mtl&0&cDXHP&Ex&dxHP_equip__pkgEER/NE-dxHP_equip-spltSEER-16.3-SEER2-9.4-HSPF/instance-out.sql,1.00,388.00
CZ12/Mtl&0&cDXHP&Ex&dxHP_equip__pkgEER/NE-dxHP_equip-spltSEER-17.3-SEER2-9.7-HSPF/instance-out.sql,1.00,388.00
CZ12/Nrs&0&cDXHP&Ex&dxHP_equip__pkgEER/NE-dxAC_equip-pkgEER-14.2-IEER-TE-0.81/instance-out.sql,0.00,305.00
CZ12/Nrs&0&cDXHP&Ex&dxHP_equip__pkgEER/NE-dxAC_equip-pkgEER-13.2-IEER-TE-0.81/instance-out.sql,0.00,305.00
CZ12/Nrs&0&cDXHP&Ex&dxHP_equip__pkgEER/NE-dxAC_equip-pkgEER-14.8-IEER-TE-0.81/instance-out.sql,0.00,305.00
CZ12/Nrs&0&cDXHP&Ex&dxHP_equip__pkgEER/NE-dxAC_equip-pkgSEER-13.4-SEER2/instance-out.sql,0.00,305.00
CZ12/Nrs&0&cDXHP&Ex&dxHP_equip__pkgEER/NE-dxAC_equip-pkgEER-12.2-IEER-TE-0.80/instance-out.sql,0.00,305.00
CZ12/Nrs&0&cDXHP&Ex&dxHP_equip__pkgEER/NE-dxAC_equip-pkgEER-11.4-IEER-TE-0.80/instance-out.sql,0.00,305.00
CZ12/Nrs&0&cDXHP&Ex&dxHP_equip__pkgEER/NE-dxAC_equip-pkgEER-12.7-IEER-TE-0.80/instance-out.sql,0.00,305.00
CZ12/Nrs&0&cDXHP&Ex&dxHP_equip__pkgEER/NE-dxAC_equip-pkgSEER-12.35-SEER2/instance-out.sql,0.00,305.00
CZ12/Nrs&0&cDXHP&Ex&dxHP_equip__pkgEER/NE-dxHP_equip-pkgEER-14.5-IEER/instance-out.sql,0.00,190.00
CZ12/Nrs&0&cDXHP&Ex&dxHP_equip__pkgEER/NE-dxHP_equip-pkgEER-15.5-IEER/instance-out.sql,0.00,190.00
CZ12/Nrs&0&cDXHP&Ex&dxHP_equip__pkgEER/NE-dxHP_equip-pkgEER-13.5-IEER/instance-out.sql,0.00,190.00
CZ12/Nrs&0&cDXHP&Ex&dxHP_equip__pkgEER/NE-dxHP_equip-pkgEER-14-IEER/instance-out.sql,0.00,190.00
CZ12/Nrs&0&cDXHP&Ex&dxHP_equip__pkgEER/NE-dxHP_equip-pkgEER-15-IEER/instance-out.sql,0.00,190.00
CZ12/Nrs&0&cDXHP&Ex&dxHP_equip__pkgEER/NE-dxHP_equip-pkgEER-16-IEER/instance-out.sql,0.00,190.00
CZ12/Nrs&0&cDXHP&Ex&dxHP_equip__pkgEER/NE-dxHP_equip-pkgSEER-15.4-SEER2/instance-out.sql,0.00,190.00
CZ12/Nrs&0&cDXHP&Ex&dxHP_equip__pkgEER/NE-dxHP_equip-pkgSEER-16.3-SEER2/instance-out.sql,0.00,190.00
CZ12/Nrs&0&cDXHP&Ex&dxHP_equip__pkgEER/NE-dxHP_equip-pkgSEER-14.4-SEER2-1Stage/instance-out.sql,0.00,190.00
CZ12/Nrs&0&cDXHP&Ex&dxHP_equip__pkgEER/NE-dxHP_equip-pkgSEER-14.4-SEER2-2Stage/instance-out.sql,1.00,188.00
CZ12/Nrs&0&cDXHP&Ex&dxHP_equip__pkgEER/NE-dxHP_equip-spltSEER-14.4-SEER2-8.7-HSPF/instance-out.sql,0.00,190.00
CZ12/Nrs&0&cDXHP&Ex&dxHP_equip__pkgEER/NE-dxHP_equip-spltSEER-15.4-SEER2-9-HSPF/instance-out.sql,0.00,190.00
CZ12/Nrs&0&cDXHP&Ex&dxHP_equip__pkgEER/NE-dxHP_equip-spltSEER-16.3-SEER2-9.4-HSPF/instance-out.sql,0.00,190.00
CZ12/Nrs&0&cDXHP&Ex&dxHP_equip__pkgEER/NE-dxHP_equip-spltSEER-17.3-SEER2-9.7-HSPF/instance-out.sql,0.00,190.00
CZ12/OfL&0&cDXHP&Ex&dxHP_equip__pkgEER/NE-dxAC_equip-pkgEER-14.2-IEER-TE-0.81/instance-out.sql,12.00,909.00
CZ12/OfL&0&cDXHP&Ex&dxHP_equip__pkgEER/NE-dxAC_equip-pkgEER-13.2-IEER-TE-0.81/instance-out.sql,12.00,909.00
CZ12/OfL&0&cDXHP&Ex&dxHP_equip__pkgEER/NE-dxAC_equip-pkgEER-14.8-IEER-TE-0.81/instance-out.sql,12.00,909.00
CZ12/OfL&0&cDXHP&Ex&dxHP_equip__pkgEER/NE-dxAC_equip-pkgSEER-13.4-SEER2/instance-out.sql,12.00,909.00
CZ12/OfL&0&cDXHP&Ex&dxHP_equip__pkgEER/NE-dxAC_equip-pkgEER-12.2-IEER-TE-0.80/instance-out.sql,12.00,909.00
CZ12/OfL&0&cDXHP&Ex&dxHP_equip__pkgEER/NE-dxAC_equip-pkgEER-11.4-IEER-TE-0.80/instance-out.sql,12.00,909.00
CZ12/OfL&0&cDXHP&Ex&dxHP_equip__pkgEER/NE-dxAC_equip-pkgEER-12.7-IEER-TE-0.80/instance-out.sql,12.00,909.00
CZ12/OfL&0&cDXHP&Ex&dxHP_equip__pkgEER/NE-dxAC_equip-pkgSEER-12.35-SEER2/instance-out.sql,12.00,909.00
CZ12/OfL&0&cDXHP&Ex&dxHP_equip__pkgEER/NE-dxHP_equip-pkgEER-14.5-IEER/instance-out.sql,12.00,833.00
CZ12/OfL&0&cDXHP&Ex&dxHP_equip__pkgEER/NE-dxHP_equip-pkgEER-15.5-IEER/instance-out.sql,12.00,833.00
CZ12/OfL&0&cDXHP&Ex&dxHP_equip__pkgEER/NE-dxHP_equip-pkgEER-13.5-IEER/instance-out.sql,12.00,833.00
CZ12/OfL&0&cDXHP&Ex&dxHP_equip__pkgEER/NE-dxHP_equip-pkgEER-14-IEER/instance-out.sql,12.00,833.00
CZ12/OfL&0&cDXHP&Ex&dxHP_equip__pkgEER/NE-dxHP_equip-pkgEER-15-IEER/instance-out.sql,12.00,833.00
CZ12/OfL&0&cDXHP&Ex&dxHP_equip__pkgEER/NE-dxHP_equip-pkgEER-16-IEER/instance-out.sql,12.00,833.00
CZ12/OfL&0&cDXHP&Ex&dxHP_equip__pkgEER/NE-dxHP_equip-pkgSEER-15.4-SEER2/instance-out.sql,12.00,833.00
CZ12/OfL&0&cDXHP&Ex&dxHP_equip__pkgEER/NE-dxHP_equip-pkgSEER-16.3-SEER2/instance-out.sql,12.00,833.00
CZ12/OfL&0&cDXHP&Ex&dxHP_equip__pkgEER/NE-dxHP_equip-pkgSEER-14.4-SEER2-1Stage/instance-out.sql,12.00,833.00
CZ12/OfL&0&cDXHP&Ex&dxHP_equip__pkgEER/NE-dxHP_equip-pkgSEER-14.4-SEER2-2Stage/instance-out.sql,17.00,821.00
CZ12/OfL&0&cDXHP&Ex&dxHP_equip__pkgEER/NE-dxHP_equip-spltSEER-14.4-SEER2-8.7-HSPF/instance-out.sql,12.00,833.00
CZ12/OfL&0&cDXHP&Ex&dxHP_equip__pkgEER/NE-dxHP_equip-spltSEER-15.4-SEER2-9-HSPF/instance-out.sql,12.00,833.00
CZ12/OfL&0&cDXHP&Ex&dxHP_equip__pkgEER/NE-dxHP_equip-spltSEER-16.3-SEER2-9.4-HSPF/instance-out.sql,12.00,833.00
CZ12/OfL&0&cDXHP&Ex&dxHP_equip__pkgEER/NE-dxHP_equip-spltSEER-17.3-SEER2-9.7-HSPF/instance-out.sql,12.00,833.00
CZ12/OfL&0&cDXHP&Ex&dxHP_equip__pkgEER/NE-dxAC_equip-pkgEER-14.2-IEER-TE-0.81-VarFan/instance-out.sql,12.00,909.00
CZ12/OfL&0&cDXHP&Ex&dxHP_equip__pkgEER/NE-dxAC_equip-pkgEER-13.2-IEER-TE-0.81-VarFan/instance-out.sql,12.00,909.00
CZ12/OfL&0&cDXHP&Ex&dxHP_equip__pkgEER/NE-dxAC_equip-pkgEER-14.8-IEER-TE-0.81-VarFan/instance-out.sql,12.00,909.00
CZ12/OfL&0&cDXHP&Ex&dxHP_equip__pkgEER/NE-dxAC_equip-pkgSEER-13.4-SEER2-VarFan/instance-out.sql,12.00,909.00
CZ12/OfS&0&cDXHP&Ex&dxHP_equip__pkgEER/NE-dxAC_equip-pkgEER-14.2-IEER-TE-0.81/instance-out.sql,7.00,796.00
CZ12/OfS&0&cDXHP&Ex&dxHP_equip__pkgEER/NE-dxAC_equip-pkgEER-13.2-IEER-TE-0.81/instance-out.sql,7.00,796.00
CZ12/OfS&0&cDXHP&Ex&dxHP_equip__pkgEER/NE-dxAC_equip-pkgEER-14.8-IEER-TE-0.81/instance-out.sql,7.00,796.00
CZ12/OfS&0&cDXHP&Ex&dxHP_equip__pkgEER/NE-dxAC_equip-pkgSEER-13.4-SEER2/instance-out.sql,7.00,796.00
CZ12/OfS&0&cDXHP&Ex&dxHP_equip__pkgEER/NE-dxAC_equip-pkgEER-12.2-IEER-TE-0.80/instance-out.sql,7.00,796.00
CZ12/OfS&0&cDXHP&Ex&dxHP_equip__pkgEER/NE-dxAC_equip-pkgEER-11.4-IEER-TE-0.80/instance-out.sql,7.00,796.00
CZ12/OfS&0&cDXHP&Ex&dxHP_equip__pkgEER/NE-dxAC_equip-pkgEER-12.7-IEER-TE-0.80/instance-out.sql,7.00,796.00
CZ12/OfS&0&cDXHP&Ex&dxHP_equip__pkgEER/NE-dxAC_equip-pkgSEER-12.35-SEER2/instance-out.sql,7.00,796.00
CZ12/OfS&0&cDXHP&Ex&dxHP_equip__pkgEER/NE-dxHP_equip-pkgEER-14.5-IEER/instance-out.sql,7.00,734.00
CZ12/OfS&0&cDXHP&Ex&dxHP_equip__pkgEER/NE-dxHP_equip-pkgEER-15.5-IEER/instance-out.sql,7.00,734.00
CZ12/OfS&0&cDXHP&Ex&dxHP_equip__pkgEER/NE-dxHP_equip-pkgEER-13.5-IEER/instance-out.sql,7.00,734.00
CZ12/OfS&0&cDXHP&Ex&dxHP_equip__pkgEER/NE-dxHP_equip-pkgEER-14-IEER/instance-out.sql,7.00,734.00
CZ12/OfS&0&cDXHP&Ex&dxHP_equip__pkgEER/NE-dxHP_equip-pkgEER-15-IEER/instance-out.sql,7.00,734.00
CZ12/OfS&0&cDXHP&Ex&dxHP_equip__pkgEER/NE-dxHP_equip-pkgEER-16-IEER/instance-out.sql,7.00,734.00
CZ12/OfS&0&cDXHP&Ex&dxHP_equip__pkgEER/NE-dxHP_equip-pkgSEER-15.4-SEER2/instance-out.sql,7.00,734.00
CZ12/OfS&0&cDXHP&Ex&dxHP_equip__pkgEER/NE-dxHP_equip-pkgSEER-16.3-SEER2/instance-out.sql,7.00,734.00
CZ12/OfS&0&cDXHP&Ex&dxHP_equip__pkgEER/NE-dxHP_equip-pkgSEER-14.4-SEER2-1Stage/instance-out.sql,7.00,734.00
CZ12/OfS&0&cDXHP&Ex&dxHP_equip__pkgEER/NE-dxHP_equip-pkgSEER-14.4-SEER2-2Stage/instance-out.sql,9.00,726.00
CZ12/OfS&0&cDXHP&Ex&dxHP_equip__pkgEER/NE-dxHP_equip-spltSEER-14.4-SEER2-8.7-HSPF/instance-out.sql,7.00,734.00
CZ12/OfS&0&cDXHP&Ex&dxHP_equip__pkgEER/NE-dxHP_equip-spltSEER-15.4-SEER2-9-HSPF/instance-out.sql,7.00,734.00
CZ12/OfS&0&cDXHP&Ex&dxHP_equip__pkgEER/NE-dxHP_equip-spltSEER-16.3-SEER2-9.4-HSPF/instance-out.sql,7.00,734.00
CZ12/OfS&0&cDXHP&Ex&dxHP_equip__pkgEER/NE-dxHP_equip-spltSEER-17.3-SEER2-9.7-HSPF/instance-out.sql,7.00,734.00
CZ12/OfS&0&cDXHP&Ex&dxHP_equip__pkgEER/NE-dxAC_equip-pkgEER-14.2-IEER-TE-0.81-VarFan/instance-out.sql,7.00,796.00
CZ12/OfS&0&cDXHP&Ex&dxHP_equip__pkgEER/NE-dxAC_equip-pkgEER-13.2-IEER-TE-0.81-VarFan/instance-out.sql,7.00,796.00
CZ12/OfS&0&cDXHP&Ex&dxHP_equip__pkgEER/NE-dxAC_equip-pkgEER-14.8-IEER-TE-0.81-VarFan/instance-out.sql,7.00,796.00
CZ12/OfS&0&cDXHP&Ex&dxHP_equip__pkgEER/NE-dxAC_equip-pkgSEER-13.4-SEER2-VarFan/instance-out.sql,7.00,796.00
CZ12/RFF&0&cDXHP&Ex&dxHP_equip__pkgEER/NE-dxAC_equip-pkgEER-14.2-IEER-TE-0.81/instance-out.sql,0.00,365.00
CZ12/RFF&0&cDXHP&Ex&dxHP_equip__pkgEER/NE-dxAC_equip-pkgEER-13.2-IEER-TE-0.81/instance-out.sql,0.00,365.00
CZ12/RFF&0&cDXHP&Ex&dxHP_equip__pkgEER/NE-dxAC_equip-pkgEER-14.8-IEER-TE-0.81/instance-out.sql,0.00,365.00
CZ12/RFF&0&cDXHP&Ex&dxHP_equip__pkgEER/NE-dxAC_equip-pkgSEER-13.4-SEER2/instance-out.sql,0.00,365.00
CZ12/RFF&0&cDXHP&Ex&dxHP_equip__pkgEER/NE-dxAC_equip-pkgEER-12.2-IEER-TE-0.80/instance-out.sql,0.00,365.00
CZ12/RFF&0&cDXHP&Ex&dxHP_equip__pkgEER/NE-dxAC_equip-pkgEER-11.4-IEER-TE-0.80/instance-out.sql,0.00,365.00
CZ12/RFF&0&cDXHP&Ex&dxHP_equip__pkgEER/NE-dxAC_equip-pkgEER-12.7-IEER-TE-0.80/instance-out.sql,0.00,365.00
CZ12/RFF&0&cDXHP&Ex&dxHP_equip__pkgEER/NE-dxAC_equip-pkgSEER-12.35-SEER2/instance-out.sql,0.00,365.00
CZ12/RFF&0&cDXHP&Ex&dxHP_equip__pkgEER/NE-dxHP_equip-pkgEER-14.5-IEER/instance-out.sql,0.00,350.00
CZ12/RFF&0&cDXHP&Ex&dxHP_equip__pkgEER/NE-dxHP_equip-pkgEER-15.5-IEER/instance-out.sql,0.00,350.00
CZ12/RFF&0&cDXHP&Ex&dxHP_equip__pkgEER/NE-dxHP_equip-pkgEER-13.5-IEER/instance-out.sql,0.00,350.00
CZ12/RFF&0&cDXHP&Ex&dxHP_equip__pkgEER/NE-dxHP_equip-pkgEER-14-IEER/instance-out.sql,0.00,350.00
CZ12/RFF&0&cDXHP&Ex&dxHP_equip__pkgEER/NE-dxHP_equip-pkgEER-15-IEER/instance-out.sql,0.00,350.00
CZ12/RFF&0&cDXHP&Ex&dxHP_equip__pkgEER/NE-dxHP_equip-pkgEER-16-IEER/instance-out.sql,0.00,350.00
CZ12/RFF&0&cDXHP&Ex&dxHP_equip__pkgEER/NE-dxHP_equip-pkgSEER-15.4-SEER2/instance-out.sql,0.00,350.00
CZ12/RFF&0&cDXHP&Ex&dxHP_equip__pkgEER/NE-dxHP_equip-pkgSEER-16.3-SEER2/instance-out.sql,0.00,350.00
CZ12/RFF&0&cDXHP&Ex&dxHP_equip__pkgEER/NE-dxHP_equip-pkgSEER-14.4-SEER2-1Stage/instance-out.sql,0.00,350.00
CZ12/RFF&0&cDXHP&Ex&dxHP_equip__pkgEER/NE-dxHP_equip-pkgSEER-14.4-SEER2-2Stage/instance-out.sql,3.00,350.00
CZ12/RFF&0&cDXHP&Ex&dxHP_equip__pkgEER/NE-dxHP_equip-spltSEER-14.4-SEER2-8.7-HSPF/instance-out.sql,0.00,350.00
CZ12/RFF&0&cDXHP&Ex&dxHP_equip__pkgEER/NE-dxHP_equip-spltSEER-15.4-SEER2-9-HSPF/instance-out.sql,0.00,350.00
CZ12/RFF&0&cDXHP&Ex&dxHP_equip__pkgEER/NE-dxHP_equip-spltSEER-16.3-SEER2-9.4-HSPF/instance-out.sql,0.00,350.00
CZ12/RFF&0&cDXHP&Ex&dxHP_equip__pkgEER/NE-dxHP_equip-spltSEER-17.3-SEER2-9.7-HSPF/instance-out.sql,0.00,350.00
CZ12/RSD&0&cDXHP&Ex&dxHP_equip__pkgEER/NE-dxAC_equip-pkgEER-14.2-IEER-TE-0.81/instance-out.sql,0.00,179.00
CZ12/RSD&0&cDXHP&Ex&dxHP_equip__pkgEER/NE-dxAC_equip-pkgEER-13.2-IEER-TE-0.81/instance-out.sql,0.00,179.00
CZ12/RSD&0&cDXHP&Ex&dxHP_equip__pkgEER/NE-dxAC_equip-pkgEER-14.8-IEER-TE-0.81/instance-out.sql,0.00,179.00
CZ12/RSD&0&cDXHP&Ex&dxHP_equip__pkgEER/NE-dxAC_equip-pkgSEER-13.4-SEER2/instance-out.sql,0.00,179.00
CZ12/RSD&0&cDXHP&Ex&dxHP_equip__pkgEER/NE-dxAC_equip-pkgEER-12.2-IEER-TE-0.80/instance-out.sql,0.00,179.00
CZ12/RSD&0&cDXHP&Ex&dxHP_equip__pkgEER/NE-dxAC_equip-pkgEER-11.4-IEER-TE-0.80/instance-out.sql,0.00,179.00
CZ12/RSD&0&cDXHP&Ex&dxHP_equip__pkgEER/NE-dxAC_equip-pkgEER-12.7-IEER-TE-0.80/instance-out.sql,0.00,179.00
CZ12/RSD&0&cDXHP&Ex&dxHP_equip__pkgEER/NE-dxAC_equip-pkgSEER-12.35-SEER2/instance-out.sql,0.00,179.00
CZ12/RSD&0&cDXHP&Ex&dxHP_equip__pkgEER/NE-dxHP_equip-pkgEER-14.5-IEER/instance-out.sql,0.00,179.00
CZ12/RSD&0&cDXHP&Ex&dxHP_equip__pkgEER/NE-dxHP_equip-pkgEER-15.5-IEER/instance-out.sql,0.00,179.00
CZ12/RSD&0&cDXHP&Ex&dxHP_equip__pkgEER/NE-dxHP_equip-pkgEER-13.5-IEER/instance-out.sql,0.00,179.00
CZ12/RSD&0&cDXHP&Ex&dxHP_equip__pkgEER/NE-dxHP_equip-pkgEER-14-IEER/instance-out.sql,0.00,179.00
CZ12/RSD&0&cDXHP&Ex&dxHP_equip__pkgEER/NE-dxHP_equip-pkgEER-15-IEER/instance-out.sql,0.00,179.00
CZ12/RSD&0&cDXHP&Ex&dxHP_equip__pkgEER/NE-dxHP_equip-pkgEER-16-IEER/instance-out.sql,0.00,179.00
CZ12/RSD&0&cDXHP&Ex&dxHP_equip__pkgEER/NE-dxHP_equip-pkgSEER-15.4-SEER2/instance-out.sql,0.00,179.00
CZ12/RSD&0&cDXHP&Ex&dxHP_equip__pkgEER/NE-dxHP_equip-pkgSEER-16.3-SEER2/instance-out.sql,0.00,179.00
CZ12/RSD&0&cDXHP&Ex&dxHP_equip__pkgEER/NE-dxHP_equip-pkgSEER-14.4-SEER2-1Stage/instance-out.sql,0.00,179.00
CZ12/RSD&0&cDXHP&Ex&dxHP_equip__pkgEER/NE-dxHP_equip-pkgSEER-14.4-SEER2-2Stage/instance-out.sql,0.00,179.00
CZ12/RSD&0&cDXHP&Ex&dxHP_equip__pkgEER/NE-dxHP_equip-spltSEER-14.4-SEER2-8.7-HSPF/instance-out.sql,0.00,179.00
CZ12/RSD&0&cDXHP&Ex&dxHP_equip__pkgEER/NE-dxHP_equip-spltSEER-15.4-SEER2-9-HSPF/instance-out.sql,0.00,179.00
CZ12/RSD&0&cDXHP&Ex&dxHP_equip__pkgEER/NE-dxHP_equip-spltSEER-16.3-SEER2-9.4-HSPF/instance-out.sql,0.00,179.00
CZ12/RSD&0&cDXHP&Ex&dxHP_equip__pkgEER/NE-dxHP_equip-spltSEER-17.3-SEER2-9.7-HSPF/instance-out.sql,0.00,179.00
CZ12/Rt3&0&cDXHP&Ex&dxHP_equip__pkgEER/NE-dxAC_equip-pkgEER-14.2-IEER-TE-0.81/instance-out.sql,0.00,442.00
CZ12/Rt3&0&cDXHP&Ex&dxHP_equip__pkgEER/NE-dxAC_equip-pkgEER-13.2-IEER-TE-0.81/instance-out.sql,0.00,442.00
CZ12/Rt3&0&cDXHP&Ex&dxHP_equip__pkgEER/NE-dxAC_equip-pkgEER-14.8-IEER-TE-0.81/instance-out.sql,0.00,442.00
CZ12/Rt3&0&cDXHP&Ex&dxHP_equip__pkgEER/NE-dxAC_equip-pkgSEER-13.4-SEER2/instance-out.sql,0.00,442.00
CZ12/Rt3&0&cDXHP&Ex&dxHP_equip__pkgEER/NE-dxAC_equip-pkgEER-12.2-IEER-TE-0.80/instance-out.sql,0.00,442.00
CZ12/Rt3&0&cDXHP&Ex&dxHP_equip__pkgEER/NE-dxAC_equip-pkgEER-11.4-IEER-TE-0.80/instance-out.sql,0.00,442.00
CZ12/Rt3&0&cDXHP&Ex&dxHP_equip__pkgEER/NE-dxAC_equip-pkgEER-12.7-IEER-TE-0.80/instance-out.sql,0.00,442.00
CZ12/Rt3&0&cDXHP&Ex&dxHP_equip__pkgEER/NE-dxAC_equip-pkgSEER-12.35-SEER2/instance-out.sql,0.00,442.00
CZ12/Rt3&0&cDXHP&Ex&dxHP_equip__pkgEER/NE-dxHP_equip-pkgEER-14.5-IEER/instance-out.sql,0.00,293.00
CZ12/Rt3&0&cDXHP&Ex&dxHP_equip__pkgEER/NE-dxHP_equip-pkgEER-15.5-IEER/instance-out.sql,0.00,293.00
CZ12/Rt3&0&cDXHP&Ex&dxHP_equip__pkgEER/NE-dxHP_equip-pkgEER-13.5-IEER/instance-out.sql,0.00,293.00
CZ12/Rt3&0&cDXHP&Ex&dxHP_equip__pkgEER/NE-dxHP_equip-pkgEER-14-IEER/instance-out.sql,0.00,293.00
CZ12/Rt3&0&cDXHP&Ex&dxHP_equip__pkgEER/NE-dxHP_equip-pkgEER-15-IEER/instance-out.sql,0.00,293.00
CZ12/Rt3&0&cDXHP&Ex&dxHP_equip__pkgEER/NE-dxHP_equip-pkgEER-16-IEER/instance-out.sql,0.00,293.00
CZ12/Rt3&0&cDXHP&Ex&dxHP_equip__pkgEER/NE-dxHP_equip-pkgSEER-15.4-SEER2/instance-out.sql,0.00,293.00
CZ12/Rt3&0&cDXHP&Ex&dxHP_equip__pkgEER/NE-dxHP_equip-pkgSEER-16.3-SEER2/instance-out.sql,0.00,293.00
CZ12/Rt3&0&cDXHP&Ex&dxHP_equip__pkgEER/NE-dxHP_equip-pkgSEER-14.4-SEER2-1Stage/instance-out.sql,0.00,293.00
CZ12/Rt3&0&cDXHP&Ex&dxHP_equip__pkgEER/NE-dxHP_equip-pkgSEER-14.4-SEER2-2Stage/instance-out.sql,0.00,292.00
CZ12/Rt3&0&cDXHP&Ex&dxHP_equip__pkgEER/NE-dxHP_equip-spltSEER-14.4-SEER2-8.7-HSPF/instance-out.sql,0.00,293.00
CZ12/Rt3&0&cDXHP&Ex&dxHP_equip__pkgEER/NE-dxHP_equip-spltSEER-15.4-SEER2-9-HSPF/instance-out.sql,0.00,293.00
CZ12/Rt3&0&cDXHP&Ex&dxHP_equip__pkgEER/NE-dxHP_equip-spltSEER-16.3-SEER2-9.4-HSPF/instance-out.sql,0.00,293.00
CZ12/Rt3&0&cDXHP&Ex&dxHP_equip__pkgEER/NE-dxHP_equip-spltSEER-17.3-SEER2-9.7-HSPF/instance-out.sql,0.00,293.00
CZ12/Rt3&0&cDXHP&Ex&dxHP_equip__pkgEER/NE-dxAC_equip-pkgEER-14.2-IEER-TE-0.81-VarFan/instance-out.sql,0.00,442.00
CZ12/Rt3&0&cDXHP&Ex&dxHP_equip__pkgEER/NE-dxAC_equip-pkgEER-13.2-IEER-TE-0.81-VarFan/instance-out.sql,0.00,442.00
CZ12/Rt3&0&cDXHP&Ex&dxHP_equip__pkgEER/NE-dxAC_equip-pkgEER-14.8-IEER-TE-0.81-VarFan/instance-out.sql,0.00,442.00
CZ12/Rt3&0&cDXHP&Ex&dxHP_equip__pkgEER/NE-dxAC_equip-pkgSEER-13.4-SEER2-VarFan/instance-out.sql,0.00,442.00
CZ12/RtL&0&cDXHP&Ex&dxHP_equip__pkgEER/NE-dxAC_equip-pkgEER-14.2-IEER-TE-0.81/instance-out.sql,0.00,445.00
CZ12/RtL&0&cDXHP&Ex&dxHP_equip__pkgEER/NE-dxAC_equip-pkgEER-13.2-IEER-TE-0.81/instance-out.sql,0.00,445.00
CZ12/RtL&0&cDXHP&Ex&dxHP_equip__pkgEER/NE-dxAC_equip-pkgEER-14.8-IEER-TE-0.81/instance-out.sql,0.00,445.00
CZ12/RtL&0&cDXHP&Ex&dxHP_equip__pkgEER/NE-dxAC_equip-pkgSEER-13.4-SEER2/instance-out.sql,0.00,445.00
CZ12/RtL&0&cDXHP&Ex&dxHP_equip__pkgEER/NE-dxAC_equip-pkgEER-12.2-IEER-TE-0.80/instance-out.sql,0.00,445.00
CZ12/RtL&0&cDXHP&Ex&dxHP_equip__pkgEER/NE-dxAC_equip-pkgEER-11.4-IEER-TE-0.80/instance-out.sql,0.00,445.00
CZ12/RtL&0&cDXHP&Ex&dxHP_equip__pkgEER/NE-dxAC_equip-pkgEER-12.7-IEER-TE-0.80/instance-out.sql,0.00,445.00
CZ12/RtL&0&cDXHP&Ex&dxHP_equip__pkgEER/NE-dxAC_equip-pkgSEER-12.35-SEER2/instance-out.sql,0.00,445.00
CZ12/RtL&0&cDXHP&Ex&dxHP_equip__pkgEER/NE-dxHP_equip-pkgEER-14.5-IEER/instance-out.sql,0.00,372.00
CZ12/RtL&0&cDXHP&Ex&dxHP_equip__pkgEER/NE-dxHP_equip-pkgEER-15.5-IEER/instance-out.sql,0.00,372.00
CZ12/RtL&0&cDXHP&Ex&dxHP_equip__pkgEER/NE-dxHP_equip-pkgEER-13.5-IEER/instance-out.sql,0.00,372.00
CZ12/RtL&0&cDXHP&Ex&dxHP_equip__pkgEER/NE-dxHP_equip-pkgEER-14-IEER/instance-out.sql,0.00,372.00
CZ12/RtL&0&cDXHP&Ex&dxHP_equip__pkgEER/NE-dxHP_equip-pkgEER-15-IEER/instance-out.sql,0.00,372.00
CZ12/RtL&0&cDXHP&Ex&dxHP_equip__pkgEER/NE-dxHP_equip-pkgEER-16-IEER/instance-out.sql,0.00,372.00
CZ12/RtL&0&cDXHP&Ex&dxHP_equip__pkgEER/NE-dxHP_equip-pkgSEER-15.4-SEER2/instance-out.sql,0.00,372.00
CZ12/RtL&0&cDXHP&Ex&dxHP_equip__pkgEER/NE-dxHP_equip-pkgSEER-16.3-SEER2/instance-out.sql,0.00,372.00
CZ12/RtL&0&cDXHP&Ex&dxHP_equip__pkgEER/NE-dxHP_equip-pkgSEER-14.4-SEER2-1Stage/instance-out.sql,0.00,372.00
CZ12/RtL&0&cDXHP&Ex&dxHP_equip__pkgEER/NE-dxHP_equip-pkgSEER-14.4-SEER2-2Stage/instance-out.sql,0.00,372.00
CZ12/RtL&0&cDXHP&Ex&dxHP_equip__pkgEER/NE-dxHP_equip-spltSEER-14.4-SEER2-8.7-HSPF/instance-out.sql,0.00,372.00
CZ12/RtL&0&cDXHP&Ex&dxHP_equip__pkgEER/NE-dxHP_equip-spltSEER-15.4-SEER2-9-HSPF/instance-out.sql,0.00,372.00
CZ12/RtL&0&cDXHP&Ex&dxHP_equip__pkgEER/NE-dxHP_equip-spltSEER-16.3-SEER2-9.4-HSPF/instance-out.sql,0.00,372.00
CZ12/RtL&0&cDXHP&Ex&dxHP_equip__pkgEER/NE-dxHP_equip-spltSEER-17.3-SEER2-9.7-HSPF/instance-out.sql,0.00,372.00
CZ12/RtL&0&cDXHP&Ex&dxHP_equip__pkgEER/NE-dxAC_equip-pkgEER-14.2-IEER-TE-0.81-VarFan/instance-out.sql,0.00,445.00
CZ12/RtL&0&cDXHP&Ex&dxHP_equip__pkgEER/NE-dxAC_equip-pkgEER-13.2-IEER-TE-0.81-VarFan/instance-out.sql,0.00,445.00
CZ12/RtL&0&cDXHP&Ex&dxHP_equip__pkgEER/NE-dxAC_equip-pkgEER-14.8-IEER-TE-0.81-VarFan/instance-out.sql,0.00,445.00
CZ12/RtL&0&cDXHP&Ex&dxHP_equip__pkgEER/NE-dxAC_equip-pkgSEER-13.4-SEER2-VarFan/instance-out.sql,0.00,445.00
CZ12/RtS&0&cDXHP&Ex&dxHP_equip__pkgEER/NE-dxAC_equip-pkgEER-14.2-IEER-TE-0.81/instance-out.sql,0.00,181.00
CZ12/RtS&0&cDXHP&Ex&dxHP_equip__pkgEER/NE-dxAC_equip-pkgEER-13.2-IEER-TE-0.81/instance-out.sql,0.00,181.00
CZ12/RtS&0&cDXHP&Ex&dxHP_equip__pkgEER/NE-dxAC_equip-pkgEER-14.8-IEER-TE-0.81/instance-out.sql,0.00,181.00
CZ12/RtS&0&cDXHP&Ex&dxHP_equip__pkgEER/NE-dxAC_equip-pkgSEER-13.4-SEER2/instance-out.sql,0.00,181.00
CZ12/RtS&0&cDXHP&Ex&dxHP_equip__pkgEER/NE-dxAC_equip-pkgEER-12.2-IEER-TE-0.80/instance-out.sql,0.00,181.00
CZ12/RtS&0&cDXHP&Ex&dxHP_equip__pkgEER/NE-dxAC_equip-pkgEER-11.4-IEER-TE-0.80/instance-out.sql,0.00,181.00
CZ12/RtS&0&cDXHP&Ex&dxHP_equip__pkgEER/NE-dxAC_equip-pkgEER-12.7-IEER-TE-0.80/instance-out.sql,0.00,181.00
CZ12/RtS&0&cDXHP&Ex&dxHP_equip__pkgEER/NE-dxAC_equip-pkgSEER-12.35-SEER2/instance-out.sql,0.00,181.00
CZ12/RtS&0&cDXHP&Ex&dxHP_equip__pkgEER/NE-dxHP_equip-pkgEER-14.5-IEER/instance-out.sql,0.00,143.00
CZ12/RtS&0&cDXHP&Ex&dxHP_equip__pkgEER/NE-dxHP_equip-pkgEER-15.5-IEER/instance-out.sql,0.00,143.00
CZ12/RtS&0&cDXHP&Ex&dxHP_equip__pkgEER/NE-dxHP_equip-pkgEER-13.5-IEER/instance-out.sql,0.00,143.00
CZ12/RtS&0&cDXHP&Ex&dxHP_equip__pkgEER/NE-dxHP_equip-pkgEER-14-IEER/instance-out.sql,0.00,143.00
CZ12/RtS&0&cDXHP&Ex&dxHP_equip__pkgEER/NE-dxHP_equip-pkgEER-15-IEER/instance-out.sql,0.00,143.00
CZ12/RtS&0&cDXHP&Ex&dxHP_equip__pkgEER/NE-dxHP_equip-pkgEER-16-IEER/instance-out.sql,0.00,143.00
CZ12/RtS&0&cDXHP&Ex&dxHP_equip__pkgEER/NE-dxHP_equip-pkgSEER-15.4-SEER2/instance-out.sql,0.00,143.00
CZ12/RtS&0&cDXHP&Ex&dxHP_equip__pkgEER/NE-dxHP_equip-pkgSEER-16.3-SEER2/instance-out.sql,0.00,143.00
CZ12/RtS&0&cDXHP&Ex&dxHP_equip__pkgEER/NE-dxHP_equip-pkgSEER-14.4-SEER2-1Stage/instance-out.sql,0.00,143.00
CZ12/RtS&0&cDXHP&Ex&dxHP_equip__pkgEER/NE-dxHP_equip-pkgSEER-14.4-SEER2-2Stage/instance-out.sql,1.00,143.00
CZ12/RtS&0&cDXHP&Ex&dxHP_equip__pkgEER/NE-dxHP_equip-spltSEER-14.4-SEER2-8.7-HSPF/instance-out.sql,0.00,143.00
CZ12/RtS&0&cDXHP&Ex&dxHP_equip__pkgEER/NE-dxHP_equip-spltSEER-15.4-SEER2-9-HSPF/instance-out.sql,0.00,143.00
CZ12/RtS&0&cDXHP&Ex&dxHP_equip__pkgEER/NE-dxHP_equip-spltSEER-16.3-SEER2-9.4-HSPF/instance-out.sql,0.00,143.00
CZ12/RtS&0&cDXHP&Ex&dxHP_equip__pkgEER/NE-dxHP_equip-spltSEER-17.3-SEER2-9.7-HSPF/instance-out.sql,0.00,143.00
CZ12/RtS&0&cDXHP&Ex&dxHP_equip__pkgEER/NE-dxAC_equip-pkgEER-14.2-IEER-TE-0.81-VarFan/instance-out.sql,0.00,181.00
CZ12/RtS&0&cDXHP&Ex&dxHP_equip__pkgEER/NE-dxAC_equip-pkgEER-13.2-IEER-TE-0.81-VarFan/instance-out.sql,0.00,181.00
CZ12/RtS&0&cDXHP&Ex&dxHP_equip__pkgEER/NE-dxAC_equip-pkgEER-14.8-IEER-TE-0.81-VarFan/instance-out.sql,0.00,181.00
CZ12/RtS&0&cDXHP&Ex&dxHP_equip__pkgEER/NE-dxAC_equip-pkgSEER-13.4-SEER2-VarFan/instance-out.sql,0.00,181.00
CZ12/SCn&0&cDXHP&Ex&dxHP_equip__pkgEER/NE-dxAC_equip-pkgEER-14.2-IEER-TE-0.81/instance-out.sql,0.00,247.00
CZ12/SCn&0&cDXHP&Ex&dxHP_equip__pkgEER/NE-dxAC_equip-pkgEER-13.2-IEER-TE-0.81/instance-out.sql,0.00,247.00
CZ12/SCn&0&cDXHP&Ex&dxHP_equip__pkgEER/NE-dxAC_equip-pkgEER-14.8-IEER-TE-0.81/instance-out.sql,0.00,247.00
CZ12/SCn&0&cDXHP&Ex&dxHP_equip__pkgEER/NE-dxAC_equip-pkgSEER-13.4-SEER2/instance-out.sql,0.00,247.00
CZ12/SCn&0&cDXHP&Ex&dxHP_equip__pkgEER/NE-dxAC_equip-pkgEER-12.2-IEER-TE-0.80/instance-out.sql,0.00,247.00
CZ12/SCn&0&cDXHP&Ex&dxHP_equip__pkgEER/NE-dxAC_equip-pkgEER-11.4-IEER-TE-0.80/instance-out.sql,0.00,247.00
CZ12/SCn&0&cDXHP&Ex&dxHP_equip__pkgEER/NE-dxAC_equip-pkgEER-12.7-IEER-TE-0.80/instance-out.sql,0.00,247.00
CZ12/SCn&0&cDXHP&Ex&dxHP_equip__pkgEER/NE-dxAC_equip-pkgSEER-12.35-SEER2/instance-out.sql,0.00,247.00
CZ12/SCn&0&cDXHP&Ex&dxHP_equip__pkgEER/NE-dxHP_equip-pkgEER-14.5-IEER/instance-out.sql,0.00,9.00
CZ12/SCn&0&cDXHP&Ex&dxHP_equip__pkgEER/NE-dxHP_equip-pkgEER-15.5-IEER/instance-out.sql,0.00,9.00
CZ12/SCn&0&cDXHP&Ex&dxHP_equip__pkgEER/NE-dxHP_equip-pkgEER-13.5-IEER/instance-out.sql,0.00,9.00
CZ12/SCn&0&cDXHP&Ex&dxHP_equip__pkgEER/NE-dxHP_equip-pkgEER-14-IEER/instance-out.sql,0.00,9.00
CZ12/SCn&0&cDXHP&Ex&dxHP_equip__pkgEER/NE-dxHP_equip-pkgEER-15-IEER/instance-out.sql,0.00,9.00
CZ12/SCn&0&cDXHP&Ex&dxHP_equip__pkgEER/NE-dxHP_equip-pkgEER-16-IEER/instance-out.sql,0.00,9.00
CZ12/SCn&0&cDXHP&Ex&dxHP_equip__pkgEER/NE-dxHP_equip-pkgSEER-15.4-SEER2/instance-out.sql,0.00,9.00
CZ12/SCn&0&cDXHP&Ex&dxHP_equip__pkgEER/NE-dxHP_equip-pkgSEER-16.3-SEER2/instance-out.sql,0.00,9.00
CZ12/SCn&0&cDXHP&Ex&dxHP_equip__pkgEER/NE-dxHP_equip-pkgSEER-14.4-SEER2-1Stage/instance-out.sql,0.00,9.00
CZ12/SCn&0&cDXHP&Ex&dxHP_equip__pkgEER/NE-dxHP_equip-pkgSEER-14.4-SEER2-2Stage/instance-out.sql,0.00,9.00
CZ12/SCn&0&cDXHP&Ex&dxHP_equip__pkgEER/NE-dxHP_equip-spltSEER-14.4-SEER2-8.7-HSPF/instance-out.sql,0.00,9.00
CZ12/SCn&0&cDXHP&Ex&dxHP_equip__pkgEER/NE-dxHP_equip-spltSEER-15.4-SEER2-9-HSPF/instance-out.sql,0.00,9.00
CZ12/SCn&0&cDXHP&Ex&dxHP_equip__pkgEER/NE-dxHP_equip-spltSEER-16.3-SEER2-9.4-HSPF/instance-out.sql,0.00,9.00
CZ12/SCn&0&cDXHP&Ex&dxHP_equip__pkgEER/NE-dxHP_equip-spltSEER-17.3-SEER2-9.7-HSPF/instance-out.sql,0.00,9.00

