File Name,Net Site EUI (kWh/m2),Net Site Energy (kWh),Net Source EUI (kWh/m2),Net Source Energy (kWh)
CZ15/Asm&0&cDXGF&New&dxAC_equip/NE-dxAC-PkgAC-65to134-New-EER-11.0/instance-out.sql,127.46,805321.34,402.93,2545714.21
CZ15/Asm&0&cDXGF&New&dxAC_equip/NE-dxAC-PkgAC-65to134-New-EER-11.5/instance-out.sql,125.27,791456.31,395.60,2499405.00
CZ15/Asm&0&cDXGF&New&dxAC_equip/NE-dxAC-PkgAC-65to134-New-EER-12.0/instance-out.sql,123.26,778729.95,388.87,2456898.97
CZ15/Asm&0&cDXGF&New&dxAC_equip/NE-dxAC-PkgAC-65to134-New-EER-12.5/instance-out.sql,121.40,767007.53,382.67,2417746.08
CZ15/Asm&0&cDXGF&New&dxAC_equip/NE-dxAC-PkgAC-65to134-New-EER-13.0/instance-out.sql,119.59,755563.08,376.62,2379521.61
CZ15/Asm&0&cDXGF&New&dxAC_equip/NE-dxAC-PkgAC-135to239-New-EER-10.8/instance-out.sql,127.33,804471.50,402.48,2542875.74
CZ15/Asm&0&cDXGF&New&dxAC_equip/NE-dxAC-PkgAC-135to239-New-EER-11.5/instance-out.sql,124.18,784586.07,391.97,2476458.40
CZ15/Asm&0&cDXGF&New&dxAC_equip/NE-dxAC-PkgAC-135to239-New-EER-12.0/instance-out.sql,122.25,772406.59,385.53,2435778.95
CZ15/Asm&0&cDXGF&New&dxAC_equip/NE-dxAC-PkgAC-135to239-New-EER-12.5/instance-out.sql,120.38,760534.16,379.25,2396125.03
CZ15/Asm&0&cDXGF&New&dxAC_equip/NE-dxAC-PkgAC-240to759-New-EER-9.8/instance-out.sql,128.85,814072.40,407.55,2574942.75
CZ15/Asm&0&cDXGF&New&dxAC_equip/NE-dxAC-PkgAC-240to759-New-EER-10.8/instance-out.sql,124.06,783841.47,391.57,2473971.42
CZ15/Asm&0&cDXGF&New&dxAC_equip/NE-dxAC-PkgAC-240to759-New-EER-11.5/instance-out.sql,121.09,765034.20,381.63,2411155.15
CZ15/Asm&0&cDXGF&New&dxAC_equip/NE-dxAC-PkgAC-240to759-New-EER-12.5/instance-out.sql,117.47,742209.87,369.56,2334921.90
CZ15/Asm&0&cDXGF&New&dxAC_equip/NE-dxAC-PkgAC-gt760-New-EER-9.5/instance-out.sql,127.74,807034.51,403.83,2551436.20
CZ15/Asm&0&cDXGF&New&dxAC_equip/NE-dxAC-PkgAC-gt760-New-EER-10.2/instance-out.sql,124.18,784586.07,391.97,2476458.40
CZ15/Asm&0&cDXGF&New&dxAC_equip/NE-dxAC-PkgAC-gt760-New-EER-11.0/instance-out.sql,120.78,763087.96,380.60,2404654.71
CZ15/Asm&0&cDXGF&New&dxAC_equip/NE-dxAC-PkgAC-gt760-New-EER-12.0/instance-out.sql,117.04,739477.40,368.12,2325795.45
CZ15/ECC&0&cDXGF&New&dxAC_equip/NE-dxAC-PkgAC-65to134-New-EER-11.0/instance-out.sql,103.13,2722906.47,308.21,8137448.65
CZ15/ECC&0&cDXGF&New&dxAC_equip/NE-dxAC-PkgAC-65to134-New-EER-11.5/instance-out.sql,102.23,2698995.83,305.18,8057587.12
CZ15/ECC&0&cDXGF&New&dxAC_equip/NE-dxAC-PkgAC-65to134-New-EER-12.0/instance-out.sql,101.39,2677048.87,302.41,7984284.26
CZ15/ECC&0&cDXGF&New&dxAC_equip/NE-dxAC-PkgAC-65to134-New-EER-12.5/instance-out.sql,100.63,2656833.22,299.85,7916764.00
CZ15/ECC&0&cDXGF&New&dxAC_equip/NE-dxAC-PkgAC-65to134-New-EER-13.0/instance-out.sql,99.88,2637096.94,297.35,7850844.83
CZ15/ECC&0&cDXGF&New&dxAC_equip/NE-dxAC-PkgAC-135to239-New-EER-10.8/instance-out.sql,103.08,2721440.90,308.02,8132553.63
CZ15/ECC&0&cDXGF&New&dxAC_equip/NE-dxAC-PkgAC-135to239-New-EER-11.5/instance-out.sql,101.78,2687147.91,303.69,8018015.04
CZ15/ECC&0&cDXGF&New&dxAC_equip/NE-dxAC-PkgAC-135to239-New-EER-12.0/instance-out.sql,100.98,2666144.06,301.03,7947862.19
CZ15/ECC&0&cDXGF&New&dxAC_equip/NE-dxAC-PkgAC-135to239-New-EER-12.5/instance-out.sql,100.21,2645669.72,298.44,7879477.90
CZ15/ECC&0&cDXGF&New&dxAC_equip/NE-dxAC-PkgAC-240to759-New-EER-9.8/instance-out.sql,103.70,2737997.92,310.12,8187854.10
CZ15/ECC&0&cDXGF&New&dxAC_equip/NE-dxAC-PkgAC-240to759-New-EER-10.8/instance-out.sql,101.73,2685863.82,303.52,8013726.18
CZ15/ECC&0&cDXGF&New&dxAC_equip/NE-dxAC-PkgAC-240to759-New-EER-11.5/instance-out.sql,100.50,2653430.15,299.42,7905397.75
CZ15/ECC&0&cDXGF&New&dxAC_equip/NE-dxAC-PkgAC-240to759-New-EER-12.5/instance-out.sql,99.01,2614068.96,294.44,7773931.37
CZ15/ECC&0&cDXGF&New&dxAC_equip/NE-dxAC-PkgAC-gt760-New-EER-9.5/instance-out.sql,103.24,2725860.88,308.58,8147316.38
CZ15/ECC&0&cDXGF&New&dxAC_equip/NE-dxAC-PkgAC-gt760-New-EER-10.2/instance-out.sql,101.78,2687147.91,303.69,8018015.04
CZ15/ECC&0&cDXGF&New&dxAC_equip/NE-dxAC-PkgAC-gt760-New-EER-11.0/instance-out.sql,100.37,2650073.81,299.00,7894187.56
CZ15/ECC&0&cDXGF&New&dxAC_equip/NE-dxAC-PkgAC-gt760-New-EER-12.0/instance-out.sql,98.83,2609356.74,293.84,7758192.54
CZ15/EPr&0&cDXGF&New&dxAC_equip/NE-dxAC-PkgAC-65to134-New-EER-11.0/instance-out.sql,106.89,404628.82,288.41,1091740.54
CZ15/EPr&0&cDXGF&New&dxAC_equip/NE-dxAC-PkgAC-65to134-New-EER-11.5/instance-out.sql,105.83,400620.45,284.87,1078352.60
CZ15/EPr&0&cDXGF&New&dxAC_equip/NE-dxAC-PkgAC-65to134-New-EER-12.0/instance-out.sql,104.86,396941.28,281.63,1066064.16
CZ15/EPr&0&cDXGF&New&dxAC_equip/NE-dxAC-PkgAC-65to134-New-EER-12.5/instance-out.sql,103.97,393552.34,278.64,1054745.11
CZ15/EPr&0&cDXGF&New&dxAC_equip/NE-dxAC-PkgAC-65to134-New-EER-13.0/instance-out.sql,103.09,390243.77,275.72,1043694.47
CZ15/EPr&0&cDXGF&New&dxAC_equip/NE-dxAC-PkgAC-135to239-New-EER-10.8/instance-out.sql,106.83,404383.13,288.19,1090919.94
CZ15/EPr&0&cDXGF&New&dxAC_equip/NE-dxAC-PkgAC-135to239-New-EER-11.5/instance-out.sql,105.31,398634.28,283.12,1071718.77
CZ15/EPr&0&cDXGF&New&dxAC_equip/NE-dxAC-PkgAC-135to239-New-EER-12.0/instance-out.sql,104.38,395113.21,280.01,1059958.39
CZ15/EPr&0&cDXGF&New&dxAC_equip/NE-dxAC-PkgAC-135to239-New-EER-12.5/instance-out.sql,103.47,391680.90,276.99,1048494.50
CZ15/EPr&0&cDXGF&New&dxAC_equip/NE-dxAC-PkgAC-240to759-New-EER-9.8/instance-out.sql,107.56,407158.74,290.64,1100190.47
CZ15/EPr&0&cDXGF&New&dxAC_equip/NE-dxAC-PkgAC-240to759-New-EER-10.8/instance-out.sql,105.25,398419.01,282.93,1070999.79
CZ15/EPr&0&cDXGF&New&dxAC_equip/NE-dxAC-PkgAC-240to759-New-EER-11.5/instance-out.sql,103.82,392981.86,278.13,1052839.68
CZ15/EPr&0&cDXGF&New&dxAC_equip/NE-dxAC-PkgAC-240to759-New-EER-12.5/instance-out.sql,102.07,386383.37,272.31,1030800.75
CZ15/EPr&0&cDXGF&New&dxAC_equip/NE-dxAC-PkgAC-gt760-New-EER-9.5/instance-out.sql,107.02,405124.09,288.85,1093394.76
CZ15/EPr&0&cDXGF&New&dxAC_equip/NE-dxAC-PkgAC-gt760-New-EER-10.2/instance-out.sql,105.31,398634.28,283.12,1071718.77
CZ15/EPr&0&cDXGF&New&dxAC_equip/NE-dxAC-PkgAC-gt760-New-EER-11.0/instance-out.sql,103.67,392419.20,277.64,1050960.42
CZ15/EPr&0&cDXGF&New&dxAC_equip/NE-dxAC-PkgAC-gt760-New-EER-12.0/instance-out.sql,101.86,385593.42,271.61,1028162.30
CZ15/ERC&0&cDXGF&New&dxAC_equip/NE-dxAC-PkgAC-65to134-New-EER-11.0/instance-out.sql,75.83,20315.64,177.90,47657.11
CZ15/ERC&0&cDXGF&New&dxAC_equip/NE-dxAC-PkgAC-65to134-New-EER-11.5/instance-out.sql,75.11,20120.61,175.46,47005.70
CZ15/ERC&0&cDXGF&New&dxAC_equip/NE-dxAC-PkgAC-65to134-New-EER-12.0/instance-out.sql,74.44,19941.59,173.23,46407.80
CZ15/ERC&0&cDXGF&New&dxAC_equip/NE-dxAC-PkgAC-65to134-New-EER-12.5/instance-out.sql,73.82,19776.70,171.18,45857.06
CZ15/ERC&0&cDXGF&New&dxAC_equip/NE-dxAC-PkgAC-65to134-New-EER-13.0/instance-out.sql,73.22,19615.72,169.17,45319.38
CZ15/ERC&0&cDXGF&New&dxAC_equip/NE-dxAC-PkgAC-135to239-New-EER-10.8/instance-out.sql,75.79,20303.68,177.75,47617.18
CZ15/ERC&0&cDXGF&New&dxAC_equip/NE-dxAC-PkgAC-135to239-New-EER-11.5/instance-out.sql,74.75,20023.97,174.26,46682.93
CZ15/ERC&0&cDXGF&New&dxAC_equip/NE-dxAC-PkgAC-135to239-New-EER-12.0/instance-out.sql,74.11,19852.65,172.12,46110.72
CZ15/ERC&0&cDXGF&New&dxAC_equip/NE-dxAC-PkgAC-135to239-New-EER-12.5/instance-out.sql,73.48,19685.64,170.04,45552.93
CZ15/ERC&0&cDXGF&New&dxAC_equip/NE-dxAC-PkgAC-240to759-New-EER-9.8/instance-out.sql,76.29,20438.73,179.43,48068.25
CZ15/ERC&0&cDXGF&New&dxAC_equip/NE-dxAC-PkgAC-240to759-New-EER-10.8/instance-out.sql,74.71,20013.49,174.13,46647.95
CZ15/ERC&0&cDXGF&New&dxAC_equip/NE-dxAC-PkgAC-240to759-New-EER-11.5/instance-out.sql,73.72,19748.94,170.83,45764.35
CZ15/ERC&0&cDXGF&New&dxAC_equip/NE-dxAC-PkgAC-240to759-New-EER-12.5/instance-out.sql,72.52,19427.89,166.83,44692.02
CZ15/ERC&0&cDXGF&New&dxAC_equip/NE-dxAC-PkgAC-gt760-New-EER-9.5/instance-out.sql,75.92,20339.74,178.20,47737.60
CZ15/ERC&0&cDXGF&New&dxAC_equip/NE-dxAC-PkgAC-gt760-New-EER-10.2/instance-out.sql,74.75,20023.97,174.26,46682.93
CZ15/ERC&0&cDXGF&New&dxAC_equip/NE-dxAC-PkgAC-gt760-New-EER-11.0/instance-out.sql,73.62,19721.57,170.49,45672.91
CZ15/ERC&0&cDXGF&New&dxAC_equip/NE-dxAC-PkgAC-gt760-New-EER-12.0/instance-out.sql,72.38,19389.45,166.35,44563.65
CZ15/ESe&0&cDXGF&New&dxAC_equip/NE-dxAC-PkgAC-65to134-New-EER-11.0/instance-out.sql,163.76,1131955.34,459.27,3174538.10
CZ15/ESe&0&cDXGF&New&dxAC_equip/NE-dxAC-PkgAC-65to134-New-EER-11.5/instance-out.sql,163.16,1127810.88,457.26,3160695.60
CZ15/ESe&0&cDXGF&New&dxAC_equip/NE-dxAC-PkgAC-65to134-New-EER-12.0/instance-out.sql,162.61,1124006.79,455.42,3147989.93
CZ15/ESe&0&cDXGF&New&dxAC_equip/NE-dxAC-PkgAC-65to134-New-EER-12.5/instance-out.sql,162.10,1120502.79,453.73,3136286.56
CZ15/ESe&0&cDXGF&New&dxAC_equip/NE-dxAC-PkgAC-65to134-New-EER-13.0/instance-out.sql,161.61,1117081.87,452.08,3124860.72
CZ15/ESe&0&cDXGF&New&dxAC_equip/NE-dxAC-PkgAC-135to239-New-EER-10.8/instance-out.sql,163.73,1131701.31,459.14,3173689.64
CZ15/ESe&0&cDXGF&New&dxAC_equip/NE-dxAC-PkgAC-135to239-New-EER-11.5/instance-out.sql,162.87,1125757.27,456.27,3153836.53
CZ15/ESe&0&cDXGF&New&dxAC_equip/NE-dxAC-PkgAC-135to239-New-EER-12.0/instance-out.sql,162.34,1122116.64,454.51,3141676.85
CZ15/ESe&0&cDXGF&New&dxAC_equip/NE-dxAC-PkgAC-135to239-New-EER-12.5/instance-out.sql,161.83,1118567.80,452.80,3129823.72
CZ15/ESe&0&cDXGF&New&dxAC_equip/NE-dxAC-PkgAC-240to759-New-EER-9.8/instance-out.sql,164.14,1134571.16,460.53,3183274.93
CZ15/ESe&0&cDXGF&New&dxAC_equip/NE-dxAC-PkgAC-240to759-New-EER-10.8/instance-out.sql,162.83,1125534.69,456.16,3153093.13
CZ15/ESe&0&cDXGF&New&dxAC_equip/NE-dxAC-PkgAC-240to759-New-EER-11.5/instance-out.sql,162.02,1119912.93,453.45,3134316.44
CZ15/ESe&0&cDXGF&New&dxAC_equip/NE-dxAC-PkgAC-240to759-New-EER-12.5/instance-out.sql,161.03,1113090.41,450.15,3111529.22
CZ15/ESe&0&cDXGF&New&dxAC_equip/NE-dxAC-PkgAC-gt760-New-EER-9.5/instance-out.sql,163.84,1132467.43,459.51,3176248.48
CZ15/ESe&0&cDXGF&New&dxAC_equip/NE-dxAC-PkgAC-gt760-New-EER-10.2/instance-out.sql,162.87,1125757.27,456.27,3153836.53
CZ15/ESe&0&cDXGF&New&dxAC_equip/NE-dxAC-PkgAC-gt760-New-EER-11.0/instance-out.sql,161.94,1119331.17,453.17,3132373.36
CZ15/ESe&0&cDXGF&New&dxAC_equip/NE-dxAC-PkgAC-gt760-New-EER-12.0/instance-out.sql,160.91,1112273.63,449.76,3108801.19
CZ15/EUn&0&cDXGF&New&dxAC_equip/NE-dxAC-PkgAC-65to134-New-EER-11.0/instance-out.sql,106.39,8478078.57,333.99,26615786.86
CZ15/EUn&0&cDXGF&New&dxAC_equip/NE-dxAC-PkgAC-65to134-New-EER-11.5/instance-out.sql,105.61,8416380.33,331.40,26409714.76
CZ15/EUn&0&cDXGF&New&dxAC_equip/NE-dxAC-PkgAC-65to134-New-EER-12.0/instance-out.sql,104.90,8359749.10,329.03,26220566.45
CZ15/EUn&0&cDXGF&New&dxAC_equip/NE-dxAC-PkgAC-65to134-New-EER-12.5/instance-out.sql,104.25,8307585.30,326.84,26046339.36
CZ15/EUn&0&cDXGF&New&dxAC_equip/NE-dxAC-PkgAC-65to134-New-EER-13.0/instance-out.sql,103.61,8256658.45,324.71,25876243.68
CZ15/EUn&0&cDXGF&New&dxAC_equip/NE-dxAC-PkgAC-135to239-New-EER-10.8/instance-out.sql,106.34,8474296.85,333.83,26603155.92
CZ15/EUn&0&cDXGF&New&dxAC_equip/NE-dxAC-PkgAC-135to239-New-EER-11.5/instance-out.sql,105.23,8385808.33,330.12,26307604.27
CZ15/EUn&0&cDXGF&New&dxAC_equip/NE-dxAC-PkgAC-135to239-New-EER-12.0/instance-out.sql,104.55,8331610.68,327.85,26126584.13
CZ15/EUn&0&cDXGF&New&dxAC_equip/NE-dxAC-PkgAC-135to239-New-EER-12.5/instance-out.sql,103.89,8278779.36,325.63,25950127.51
CZ15/EUn&0&cDXGF&New&dxAC_equip/NE-dxAC-PkgAC-240to759-New-EER-9.8/instance-out.sql,106.88,8517020.06,335.62,26745851.45
CZ15/EUn&0&cDXGF&New&dxAC_equip/NE-dxAC-PkgAC-240to759-New-EER-10.8/instance-out.sql,105.19,8382494.90,329.98,26296537.42
CZ15/EUn&0&cDXGF&New&dxAC_equip/NE-dxAC-PkgAC-240to759-New-EER-11.5/instance-out.sql,104.14,8298804.14,326.47,26017010.26
CZ15/EUn&0&cDXGF&New&dxAC_equip/NE-dxAC-PkgAC-240to759-New-EER-12.5/instance-out.sql,102.86,8197237.80,322.22,25677778.70
CZ15/EUn&0&cDXGF&New&dxAC_equip/NE-dxAC-PkgAC-gt760-New-EER-9.5/instance-out.sql,106.48,8485702.03,334.31,26641249.24
CZ15/EUn&0&cDXGF&New&dxAC_equip/NE-dxAC-PkgAC-gt760-New-EER-10.2/instance-out.sql,105.23,8385808.33,330.12,26307604.27
CZ15/EUn&0&cDXGF&New&dxAC_equip/NE-dxAC-PkgAC-gt760-New-EER-11.0/instance-out.sql,104.03,8290143.54,326.11,25988083.86
CZ15/EUn&0&cDXGF&New&dxAC_equip/NE-dxAC-PkgAC-gt760-New-EER-12.0/instance-out.sql,102.71,8185078.53,321.71,25637166.73
CZ15/Gro&0&cDXGF&New&dxAC_equip/NE-dxAC-PkgAC-65to134-New-EER-11.0/instance-out.sql,470.77,2186661.59,1533.55,7123155.61
CZ15/Gro&0&cDXGF&New&dxAC_equip/NE-dxAC-PkgAC-65to134-New-EER-11.5/instance-out.sql,469.52,2180863.84,1529.38,7103791.13
CZ15/Gro&0&cDXGF&New&dxAC_equip/NE-dxAC-PkgAC-65to134-New-EER-12.0/instance-out.sql,468.38,2175542.23,1525.56,7086016.96
CZ15/Gro&0&cDXGF&New&dxAC_equip/NE-dxAC-PkgAC-65to134-New-EER-12.5/instance-out.sql,467.32,2170640.43,1522.03,7069644.93
CZ15/Gro&0&cDXGF&New&dxAC_equip/NE-dxAC-PkgAC-65to134-New-EER-13.0/instance-out.sql,466.29,2165854.86,1518.59,7053661.13
CZ15/Gro&0&cDXGF&New&dxAC_equip/NE-dxAC-PkgAC-135to239-New-EER-10.8/instance-out.sql,470.69,2186306.22,1533.30,7121968.69
CZ15/Gro&0&cDXGF&New&dxAC_equip/NE-dxAC-PkgAC-135to239-New-EER-11.5/instance-out.sql,468.90,2177991.00,1527.32,7094195.86
CZ15/Gro&0&cDXGF&New&dxAC_equip/NE-dxAC-PkgAC-135to239-New-EER-12.0/instance-out.sql,467.81,2172898.08,1523.66,7077185.49
CZ15/Gro&0&cDXGF&New&dxAC_equip/NE-dxAC-PkgAC-135to239-New-EER-12.5/instance-out.sql,466.74,2167933.55,1520.09,7060603.95
CZ15/Gro&0&cDXGF&New&dxAC_equip/NE-dxAC-PkgAC-240to759-New-EER-9.8/instance-out.sql,471.56,2190320.90,1536.18,7135377.72
CZ15/Gro&0&cDXGF&New&dxAC_equip/NE-dxAC-PkgAC-240to759-New-EER-10.8/instance-out.sql,468.84,2177679.64,1527.09,7093155.91
CZ15/Gro&0&cDXGF&New&dxAC_equip/NE-dxAC-PkgAC-240to759-New-EER-11.5/instance-out.sql,467.14,2169815.27,1521.44,7066888.89
CZ15/Gro&0&cDXGF&New&dxAC_equip/NE-dxAC-PkgAC-240to759-New-EER-12.5/instance-out.sql,465.09,2160271.13,1514.58,7035011.48
CZ15/Gro&0&cDXGF&New&dxAC_equip/NE-dxAC-PkgAC-gt760-New-EER-9.5/instance-out.sql,470.92,2187377.96,1534.07,7125548.30
CZ15/Gro&0&cDXGF&New&dxAC_equip/NE-dxAC-PkgAC-gt760-New-EER-10.2/instance-out.sql,468.90,2177991.00,1527.32,7094195.86
CZ15/Gro&0&cDXGF&New&dxAC_equip/NE-dxAC-PkgAC-gt760-New-EER-11.0/instance-out.sql,466.97,2169001.43,1520.85,7064170.69
CZ15/Gro&0&cDXGF&New&dxAC_equip/NE-dxAC-PkgAC-gt760-New-EER-12.0/instance-out.sql,464.84,2159128.53,1513.76,7031195.19
CZ15/Hsp&0&cDXGF&New&dxAC_equip/NE-dxAC-PkgAC-65to134-New-EER-11.0/instance-out.sql,93.82,4306355.56,292.13,13408363.77
CZ15/Hsp&0&cDXGF&New&dxAC_equip/NE-dxAC-PkgAC-65to134-New-EER-11.5/instance-out.sql,91.33,4192132.12,286.42,13146340.27
CZ15/Hsp&0&cDXGF&New&dxAC_equip/NE-dxAC-PkgAC-65to134-New-EER-12.0/instance-out.sql,91.13,4182602.11,285.72,13114510.03
CZ15/Hsp&0&cDXGF&New&dxAC_equip/NE-dxAC-PkgAC-65to134-New-EER-12.5/instance-out.sql,90.93,4173823.88,285.08,13085190.76
CZ15/Hsp&0&cDXGF&New&dxAC_equip/NE-dxAC-PkgAC-65to134-New-EER-13.0/instance-out.sql,90.75,4165253.81,284.46,13056566.73
CZ15/Hsp&0&cDXGF&New&dxAC_equip/NE-dxAC-PkgAC-135to239-New-EER-10.8/instance-out.sql,91.55,4201878.42,287.13,13178892.92
CZ15/Hsp&0&cDXGF&New&dxAC_equip/NE-dxAC-PkgAC-135to239-New-EER-11.5/instance-out.sql,91.22,4186987.41,286.04,13129156.92
CZ15/Hsp&0&cDXGF&New&dxAC_equip/NE-dxAC-PkgAC-135to239-New-EER-12.0/instance-out.sql,91.02,4177866.92,285.38,13098694.50
CZ15/Hsp&0&cDXGF&New&dxAC_equip/NE-dxAC-PkgAC-135to239-New-EER-12.5/instance-out.sql,90.83,4168976.36,284.73,13069000.04
CZ15/Hsp&0&cDXGF&New&dxAC_equip/NE-dxAC-PkgAC-240to759-New-EER-9.8/instance-out.sql,91.70,4209067.97,287.65,13202906.00
CZ15/Hsp&0&cDXGF&New&dxAC_equip/NE-dxAC-PkgAC-240to759-New-EER-10.8/instance-out.sql,91.21,4186429.82,286.00,13127294.57
CZ15/Hsp&0&cDXGF&New&dxAC_equip/NE-dxAC-PkgAC-240to759-New-EER-11.5/instance-out.sql,90.90,4172346.17,284.98,13080255.20
CZ15/Hsp&0&cDXGF&New&dxAC_equip/NE-dxAC-PkgAC-240to759-New-EER-12.5/instance-out.sql,90.53,4155254.39,283.73,13023168.66
CZ15/Hsp&0&cDXGF&New&dxAC_equip/NE-dxAC-PkgAC-gt760-New-EER-9.5/instance-out.sql,91.59,4203797.71,287.27,13185303.34
CZ15/Hsp&0&cDXGF&New&dxAC_equip/NE-dxAC-PkgAC-gt760-New-EER-10.2/instance-out.sql,91.22,4186987.41,286.04,13129156.92
CZ15/Hsp&0&cDXGF&New&dxAC_equip/NE-dxAC-PkgAC-gt760-New-EER-11.0/instance-out.sql,90.87,4170888.75,284.87,13075387.41
CZ15/Hsp&0&cDXGF&New&dxAC_equip/NE-dxAC-PkgAC-gt760-New-EER-12.0/instance-out.sql,90.49,4153208.21,283.58,13016334.40
CZ15/MBT&0&cDXGF&New&dxAC_equip/NE-dxAC-PkgAC-65to134-New-EER-11.0/instance-out.sql,159.58,5929531.18,425.80,15821187.48
CZ15/MBT&0&cDXGF&New&dxAC_equip/NE-dxAC-PkgAC-65to134-New-EER-11.5/instance-out.sql,159.22,5916036.31,424.59,15776114.61
CZ15/MBT&0&cDXGF&New&dxAC_equip/NE-dxAC-PkgAC-65to134-New-EER-12.0/instance-out.sql,158.89,5903649.72,423.47,15734743.38
CZ15/MBT&0&cDXGF&New&dxAC_equip/NE-dxAC-PkgAC-65to134-New-EER-12.5/instance-out.sql,158.58,5892240.25,422.45,15696635.77
CZ15/MBT&0&cDXGF&New&dxAC_equip/NE-dxAC-PkgAC-65to134-New-EER-13.0/instance-out.sql,158.28,5881101.34,421.45,15659431.80
CZ15/MBT&0&cDXGF&New&dxAC_equip/NE-dxAC-PkgAC-135to239-New-EER-10.8/instance-out.sql,159.56,5928704.03,425.73,15818424.79
CZ15/MBT&0&cDXGF&New&dxAC_equip/NE-dxAC-PkgAC-135to239-New-EER-11.5/instance-out.sql,159.04,5909349.49,423.99,15753780.62
CZ15/MBT&0&cDXGF&New&dxAC_equip/NE-dxAC-PkgAC-135to239-New-EER-12.0/instance-out.sql,158.72,5897495.17,422.92,15714187.21
CZ15/MBT&0&cDXGF&New&dxAC_equip/NE-dxAC-PkgAC-135to239-New-EER-12.5/instance-out.sql,158.41,5885939.71,421.88,15675591.95
CZ15/MBT&0&cDXGF&New&dxAC_equip/NE-dxAC-PkgAC-240to759-New-EER-9.8/instance-out.sql,159.81,5938048.61,426.57,15849635.70
CZ15/MBT&0&cDXGF&New&dxAC_equip/NE-dxAC-PkgAC-240to759-New-EER-10.8/instance-out.sql,159.02,5908624.76,423.92,15751360.04
CZ15/MBT&0&cDXGF&New&dxAC_equip/NE-dxAC-PkgAC-240to759-New-EER-11.5/instance-out.sql,158.53,5890319.60,422.28,15690220.80
CZ15/MBT&0&cDXGF&New&dxAC_equip/NE-dxAC-PkgAC-240to759-New-EER-12.5/instance-out.sql,157.93,5868104.63,420.28,15616022.79
CZ15/MBT&0&cDXGF&New&dxAC_equip/NE-dxAC-PkgAC-gt760-New-EER-9.5/instance-out.sql,159.63,5931198.62,425.95,15826756.71
CZ15/MBT&0&cDXGF&New&dxAC_equip/NE-dxAC-PkgAC-gt760-New-EER-10.2/instance-out.sql,159.04,5909349.49,423.99,15753780.62
CZ15/MBT&0&cDXGF&New&dxAC_equip/NE-dxAC-PkgAC-gt760-New-EER-11.0/instance-out.sql,158.48,5888425.32,422.11,15683893.91
CZ15/MBT&0&cDXGF&New&dxAC_equip/NE-dxAC-PkgAC-gt760-New-EER-12.0/instance-out.sql,157.86,5865445.11,420.04,15607139.99
CZ15/MLI&0&cDXGF&New&dxAC_equip/NE-dxAC-PkgAC-65to134-New-EER-11.0/instance-out.sql,105.81,983191.48,340.61,3164837.58
CZ15/MLI&0&cDXGF&New&dxAC_equip/NE-dxAC-PkgAC-65to134-New-EER-11.5/instance-out.sql,104.50,970979.07,336.22,3124048.16
CZ15/MLI&0&cDXGF&New&dxAC_equip/NE-dxAC-PkgAC-65to134-New-EER-12.0/instance-out.sql,103.29,959769.62,332.19,3086608.59
CZ15/MLI&0&cDXGF&New&dxAC_equip/NE-dxAC-PkgAC-65to134-New-EER-12.5/instance-out.sql,102.18,949444.44,328.48,3052122.48
CZ15/MLI&0&cDXGF&New&dxAC_equip/NE-dxAC-PkgAC-65to134-New-EER-13.0/instance-out.sql,101.10,939364.10,324.86,3018454.15
CZ15/MLI&0&cDXGF&New&dxAC_equip/NE-dxAC-PkgAC-135to239-New-EER-10.8/instance-out.sql,105.73,982442.93,340.34,3162337.44
CZ15/MLI&0&cDXGF&New&dxAC_equip/NE-dxAC-PkgAC-135to239-New-EER-11.5/instance-out.sql,103.85,964927.72,334.05,3103836.65
CZ15/MLI&0&cDXGF&New&dxAC_equip/NE-dxAC-PkgAC-135to239-New-EER-12.0/instance-out.sql,102.69,954199.97,330.19,3068005.95
CZ15/MLI&0&cDXGF&New&dxAC_equip/NE-dxAC-PkgAC-135to239-New-EER-12.5/instance-out.sql,101.57,943742.66,326.43,3033078.54
CZ15/MLI&0&cDXGF&New&dxAC_equip/NE-dxAC-PkgAC-240to759-New-EER-9.8/instance-out.sql,106.64,990899.47,343.38,3190582.26
CZ15/MLI&0&cDXGF&New&dxAC_equip/NE-dxAC-PkgAC-240to759-New-EER-10.8/instance-out.sql,103.78,964271.87,333.81,3101646.10
CZ15/MLI&0&cDXGF&New&dxAC_equip/NE-dxAC-PkgAC-240to759-New-EER-11.5/instance-out.sql,102.00,947706.32,327.86,3046317.15
CZ15/MLI&0&cDXGF&New&dxAC_equip/NE-dxAC-PkgAC-240to759-New-EER-12.5/instance-out.sql,99.83,927602.52,320.63,2979170.45
CZ15/MLI&0&cDXGF&New&dxAC_equip/NE-dxAC-PkgAC-gt760-New-EER-9.5/instance-out.sql,105.98,984700.45,341.15,3169877.55
CZ15/MLI&0&cDXGF&New&dxAC_equip/NE-dxAC-PkgAC-gt760-New-EER-10.2/instance-out.sql,103.85,964927.72,334.05,3103836.65
CZ15/MLI&0&cDXGF&New&dxAC_equip/NE-dxAC-PkgAC-gt760-New-EER-11.0/instance-out.sql,101.81,945992.06,327.24,3040591.53
CZ15/MLI&0&cDXGF&New&dxAC_equip/NE-dxAC-PkgAC-gt760-New-EER-12.0/instance-out.sql,99.57,925195.74,319.77,2971131.82
CZ15/Mtl&0&cDXGF&New&dxAC_equip/NE-dxAC-PkgAC-65to134-New-EER-11.0/instance-out.sql,77.38,215578.56,250.02,696511.95
CZ15/Mtl&0&cDXGF&New&dxAC_equip/NE-dxAC-PkgAC-65to134-New-EER-11.5/instance-out.sql,76.32,212621.86,246.48,686636.58
CZ15/Mtl&0&cDXGF&New&dxAC_equip/NE-dxAC-PkgAC-65to134-New-EER-12.0/instance-out.sql,75.35,209907.99,243.22,677572.23
CZ15/Mtl&0&cDXGF&New&dxAC_equip/NE-dxAC-PkgAC-65to134-New-EER-12.5/instance-out.sql,74.45,207408.20,240.23,669222.94
CZ15/Mtl&0&cDXGF&New&dxAC_equip/NE-dxAC-PkgAC-65to134-New-EER-13.0/instance-out.sql,73.58,204967.69,237.30,661071.62
CZ15/Mtl&0&cDXGF&New&dxAC_equip/NE-dxAC-PkgAC-135to239-New-EER-10.8/instance-out.sql,77.32,215397.34,249.80,695906.65
CZ15/Mtl&0&cDXGF&New&dxAC_equip/NE-dxAC-PkgAC-135to239-New-EER-11.5/instance-out.sql,75.80,211156.80,244.72,681743.25
CZ15/Mtl&0&cDXGF&New&dxAC_equip/NE-dxAC-PkgAC-135to239-New-EER-12.0/instance-out.sql,74.86,208559.54,241.61,673068.42
CZ15/Mtl&0&cDXGF&New&dxAC_equip/NE-dxAC-PkgAC-135to239-New-EER-12.5/instance-out.sql,73.96,206027.76,238.57,664612.28
CZ15/Mtl&0&cDXGF&New&dxAC_equip/NE-dxAC-PkgAC-240to759-New-EER-9.8/instance-out.sql,78.05,217444.71,252.26,702744.90
CZ15/Mtl&0&cDXGF&New&dxAC_equip/NE-dxAC-PkgAC-240to759-New-EER-10.8/instance-out.sql,75.74,210998.01,244.53,681212.91
CZ15/Mtl&0&cDXGF&New&dxAC_equip/NE-dxAC-PkgAC-240to759-New-EER-11.5/instance-out.sql,74.30,206987.39,239.72,667817.43
CZ15/Mtl&0&cDXGF&New&dxAC_equip/NE-dxAC-PkgAC-240to759-New-EER-12.5/instance-out.sql,72.55,202120.13,233.89,651560.80
CZ15/Mtl&0&cDXGF&New&dxAC_equip/NE-dxAC-PkgAC-gt760-New-EER-9.5/instance-out.sql,77.52,215943.89,250.46,697732.16
CZ15/Mtl&0&cDXGF&New&dxAC_equip/NE-dxAC-PkgAC-gt760-New-EER-10.2/instance-out.sql,75.80,211156.80,244.72,681743.25
CZ15/Mtl&0&cDXGF&New&dxAC_equip/NE-dxAC-PkgAC-gt760-New-EER-11.0/instance-out.sql,74.15,206572.36,239.22,666431.22
CZ15/Mtl&0&cDXGF&New&dxAC_equip/NE-dxAC-PkgAC-gt760-New-EER-12.0/instance-out.sql,72.34,201537.44,233.19,649614.60
CZ15/Nrs&0&cDXGF&New&dxAC_equip/NE-dxAC-PkgAC-65to134-New-EER-11.0/instance-out.sql,92.98,958777.02,268.64,2770255.24
CZ15/Nrs&0&cDXGF&New&dxAC_equip/NE-dxAC-PkgAC-65to134-New-EER-11.5/instance-out.sql,92.57,954612.83,267.29,2756346.85
CZ15/Nrs&0&cDXGF&New&dxAC_equip/NE-dxAC-PkgAC-65to134-New-EER-12.0/instance-out.sql,92.20,950790.63,266.05,2743580.69
CZ15/Nrs&0&cDXGF&New&dxAC_equip/NE-dxAC-PkgAC-65to134-New-EER-12.5/instance-out.sql,91.86,947269.94,264.91,2731821.61
CZ15/Nrs&0&cDXGF&New&dxAC_equip/NE-dxAC-PkgAC-65to134-New-EER-13.0/instance-out.sql,91.53,943832.75,263.80,2720341.37
CZ15/Nrs&0&cDXGF&New&dxAC_equip/NE-dxAC-PkgAC-135to239-New-EER-10.8/instance-out.sql,92.95,958521.78,268.56,2769402.74
CZ15/Nrs&0&cDXGF&New&dxAC_equip/NE-dxAC-PkgAC-135to239-New-EER-11.5/instance-out.sql,92.37,952549.44,266.62,2749455.12
CZ15/Nrs&0&cDXGF&New&dxAC_equip/NE-dxAC-PkgAC-135to239-New-EER-12.0/instance-out.sql,92.02,948891.48,265.44,2737237.56
CZ15/Nrs&0&cDXGF&New&dxAC_equip/NE-dxAC-PkgAC-135to239-New-EER-12.5/instance-out.sql,91.67,945325.75,264.28,2725328.00
CZ15/Nrs&0&cDXGF&New&dxAC_equip/NE-dxAC-PkgAC-240to759-New-EER-9.8/instance-out.sql,93.23,961405.29,269.49,2779033.67
CZ15/Nrs&0&cDXGF&New&dxAC_equip/NE-dxAC-PkgAC-240to759-New-EER-10.8/instance-out.sql,92.35,952325.81,266.55,2748708.19
CZ15/Nrs&0&cDXGF&New&dxAC_equip/NE-dxAC-PkgAC-240to759-New-EER-11.5/instance-out.sql,91.80,946677.28,264.72,2729842.11
CZ15/Nrs&0&cDXGF&New&dxAC_equip/NE-dxAC-PkgAC-240to759-New-EER-12.5/instance-out.sql,91.14,939822.28,262.50,2706946.40
CZ15/Nrs&0&cDXGF&New&dxAC_equip/NE-dxAC-PkgAC-gt760-New-EER-9.5/instance-out.sql,93.03,959291.55,268.81,2771973.77
CZ15/Nrs&0&cDXGF&New&dxAC_equip/NE-dxAC-PkgAC-gt760-New-EER-10.2/instance-out.sql,92.37,952549.44,266.62,2749455.12
CZ15/Nrs&0&cDXGF&New&dxAC_equip/NE-dxAC-PkgAC-gt760-New-EER-11.0/instance-out.sql,91.75,946092.75,264.53,2727889.78
CZ15/Nrs&0&cDXGF&New&dxAC_equip/NE-dxAC-PkgAC-gt760-New-EER-12.0/instance-out.sql,91.06,939001.61,262.24,2704205.39
CZ15/OfL&0&cDXGF&New&dxAC_equip/NE-dxAC-PkgAC-65to134-New-EER-11.0/instance-out.sql,77.80,2529210.10,252.06,8194171.90
CZ15/OfL&0&cDXGF&New&dxAC_equip/NE-dxAC-PkgAC-65to134-New-EER-11.5/instance-out.sql,77.10,2506288.65,249.71,8117614.26
CZ15/OfL&0&cDXGF&New&dxAC_equip/NE-dxAC-PkgAC-65to134-New-EER-12.0/instance-out.sql,76.45,2485249.64,247.54,8047343.97
CZ15/OfL&0&cDXGF&New&dxAC_equip/NE-dxAC-PkgAC-65to134-New-EER-12.5/instance-out.sql,75.85,2465870.32,245.55,7982617.05
CZ15/OfL&0&cDXGF&New&dxAC_equip/NE-dxAC-PkgAC-65to134-New-EER-13.0/instance-out.sql,75.27,2446950.54,243.61,7919424.98
CZ15/OfL&0&cDXGF&New&dxAC_equip/NE-dxAC-PkgAC-135to239-New-EER-10.8/instance-out.sql,77.76,2527805.15,251.92,8189479.39
CZ15/OfL&0&cDXGF&New&dxAC_equip/NE-dxAC-PkgAC-135to239-New-EER-11.5/instance-out.sql,76.75,2494930.88,248.54,8079679.30
CZ15/OfL&0&cDXGF&New&dxAC_equip/NE-dxAC-PkgAC-135to239-New-EER-12.0/instance-out.sql,76.13,2474795.97,246.47,8012428.70
CZ15/OfL&0&cDXGF&New&dxAC_equip/NE-dxAC-PkgAC-135to239-New-EER-12.5/instance-out.sql,75.52,2455168.66,244.45,7946873.49
CZ15/OfL&0&cDXGF&New&dxAC_equip/NE-dxAC-PkgAC-240to759-New-EER-9.8/instance-out.sql,78.25,2543677.21,253.55,8242492.06
CZ15/OfL&0&cDXGF&New&dxAC_equip/NE-dxAC-PkgAC-240to759-New-EER-10.8/instance-out.sql,76.71,2493699.91,248.41,8075567.87
CZ15/OfL&0&cDXGF&New&dxAC_equip/NE-dxAC-PkgAC-240to759-New-EER-11.5/instance-out.sql,75.75,2462608.04,245.22,7971721.03
CZ15/OfL&0&cDXGF&New&dxAC_equip/NE-dxAC-PkgAC-240to759-New-EER-12.5/instance-out.sql,74.59,2424875.24,241.34,7845693.46
CZ15/OfL&0&cDXGF&New&dxAC_equip/NE-dxAC-PkgAC-gt760-New-EER-9.5/instance-out.sql,77.89,2532042.28,252.35,8203631.40
CZ15/OfL&0&cDXGF&New&dxAC_equip/NE-dxAC-PkgAC-gt760-New-EER-10.2/instance-out.sql,76.75,2494930.88,248.54,8079679.30
CZ15/OfL&0&cDXGF&New&dxAC_equip/NE-dxAC-PkgAC-gt760-New-EER-11.0/instance-out.sql,75.65,2459390.55,244.89,7960974.61
CZ15/OfL&0&cDXGF&New&dxAC_equip/NE-dxAC-PkgAC-gt760-New-EER-12.0/instance-out.sql,74.45,2420357.96,240.88,7830605.76
CZ15/OfS&0&cDXGF&New&dxAC_equip/NE-dxAC-PkgAC-65to134-New-EER-11.0/instance-out.sql,71.60,133075.08,216.62,402580.49
CZ15/OfS&0&cDXGF&New&dxAC_equip/NE-dxAC-PkgAC-65to134-New-EER-11.5/instance-out.sql,70.76,131505.43,213.80,397337.88
CZ15/OfS&0&cDXGF&New&dxAC_equip/NE-dxAC-PkgAC-65to134-New-EER-12.0/instance-out.sql,69.98,130064.70,211.21,392525.82
CZ15/OfS&0&cDXGF&New&dxAC_equip/NE-dxAC-PkgAC-65to134-New-EER-12.5/instance-out.sql,69.27,128737.61,208.82,388093.36
CZ15/OfS&0&cDXGF&New&dxAC_equip/NE-dxAC-PkgAC-65to134-New-EER-13.0/instance-out.sql,68.57,127442.00,206.49,383766.01
CZ15/OfS&0&cDXGF&New&dxAC_equip/NE-dxAC-PkgAC-135to239-New-EER-10.8/instance-out.sql,71.55,132978.87,216.44,402259.15
CZ15/OfS&0&cDXGF&New&dxAC_equip/NE-dxAC-PkgAC-135to239-New-EER-11.5/instance-out.sql,70.34,130727.66,212.40,394740.12
CZ15/OfS&0&cDXGF&New&dxAC_equip/NE-dxAC-PkgAC-135to239-New-EER-12.0/instance-out.sql,69.60,129348.83,209.92,390134.84
CZ15/OfS&0&cDXGF&New&dxAC_equip/NE-dxAC-PkgAC-135to239-New-EER-12.5/instance-out.sql,68.88,128004.77,207.50,385645.67
CZ15/OfS&0&cDXGF&New&dxAC_equip/NE-dxAC-PkgAC-240to759-New-EER-9.8/instance-out.sql,72.14,134065.77,218.40,405889.42
CZ15/OfS&0&cDXGF&New&dxAC_equip/NE-dxAC-PkgAC-240to759-New-EER-10.8/instance-out.sql,70.30,130643.36,212.25,394458.57
CZ15/OfS&0&cDXGF&New&dxAC_equip/NE-dxAC-PkgAC-240to759-New-EER-11.5/instance-out.sql,69.15,128514.21,208.42,387347.21
CZ15/OfS&0&cDXGF&New&dxAC_equip/NE-dxAC-PkgAC-240to759-New-EER-12.5/instance-out.sql,67.76,125930.30,203.78,378716.93
CZ15/OfS&0&cDXGF&New&dxAC_equip/NE-dxAC-PkgAC-gt760-New-EER-9.5/instance-out.sql,71.71,133269.02,216.97,403228.27
CZ15/OfS&0&cDXGF&New&dxAC_equip/NE-dxAC-PkgAC-gt760-New-EER-10.2/instance-out.sql,70.34,130727.66,212.40,394740.12
CZ15/OfS&0&cDXGF&New&dxAC_equip/NE-dxAC-PkgAC-gt760-New-EER-11.0/instance-out.sql,69.03,128293.88,208.02,386611.30
CZ15/OfS&0&cDXGF&New&dxAC_equip/NE-dxAC-PkgAC-gt760-New-EER-12.0/instance-out.sql,67.59,125620.96,203.22,377683.74
CZ15/RFF&0&cDXGF&New&dxAC_equip/NE-dxAC-PkgAC-65to134-New-EER-11.0/instance-out.sql,282.77,104981.54,691.05,256559.27
CZ15/RFF&0&cDXGF&New&dxAC_equip/NE-dxAC-PkgAC-65to134-New-EER-11.5/instance-out.sql,281.31,104439.32,686.17,254748.25
CZ15/RFF&0&cDXGF&New&dxAC_equip/NE-dxAC-PkgAC-65to134-New-EER-12.0/instance-out.sql,279.97,103941.63,681.70,253085.95
CZ15/RFF&0&cDXGF&New&dxAC_equip/NE-dxAC-PkgAC-65to134-New-EER-12.5/instance-out.sql,278.74,103483.19,677.57,251554.79
CZ15/RFF&0&cDXGF&New&dxAC_equip/NE-dxAC-PkgAC-65to134-New-EER-13.0/instance-out.sql,277.53,103035.63,673.55,250059.93
CZ15/RFF&0&cDXGF&New&dxAC_equip/NE-dxAC-PkgAC-135to239-New-EER-10.8/instance-out.sql,282.68,104948.31,690.75,256448.27
CZ15/RFF&0&cDXGF&New&dxAC_equip/NE-dxAC-PkgAC-135to239-New-EER-11.5/instance-out.sql,280.59,104170.64,683.76,253850.87
CZ15/RFF&0&cDXGF&New&dxAC_equip/NE-dxAC-PkgAC-135to239-New-EER-12.0/instance-out.sql,279.30,103694.34,679.47,252260.00
CZ15/RFF&0&cDXGF&New&dxAC_equip/NE-dxAC-PkgAC-135to239-New-EER-12.5/instance-out.sql,278.05,103230.04,675.29,250709.25
CZ15/RFF&0&cDXGF&New&dxAC_equip/NE-dxAC-PkgAC-240to759-New-EER-9.8/instance-out.sql,283.69,105323.77,694.13,257702.32
CZ15/RFF&0&cDXGF&New&dxAC_equip/NE-dxAC-PkgAC-240to759-New-EER-10.8/instance-out.sql,280.51,104141.52,683.49,253753.61
CZ15/RFF&0&cDXGF&New&dxAC_equip/NE-dxAC-PkgAC-240to759-New-EER-11.5/instance-out.sql,278.53,103406.02,676.88,251297.03
CZ15/RFF&0&cDXGF&New&dxAC_equip/NE-dxAC-PkgAC-240to759-New-EER-12.5/instance-out.sql,276.12,102513.43,668.85,248315.76
CZ15/RFF&0&cDXGF&New&dxAC_equip/NE-dxAC-PkgAC-gt760-New-EER-9.5/instance-out.sql,282.95,105048.54,691.65,256783.04
CZ15/RFF&0&cDXGF&New&dxAC_equip/NE-dxAC-PkgAC-gt760-New-EER-10.2/instance-out.sql,280.59,104170.64,683.76,253850.87
CZ15/RFF&0&cDXGF&New&dxAC_equip/NE-dxAC-PkgAC-gt760-New-EER-11.0/instance-out.sql,278.32,103329.91,676.19,251042.82
CZ15/RFF&0&cDXGF&New&dxAC_equip/NE-dxAC-PkgAC-gt760-New-EER-12.0/instance-out.sql,275.84,102406.57,667.89,247958.85
CZ15/RSD&0&cDXGF&New&dxAC_equip/NE-dxAC-PkgAC-65to134-New-EER-11.0/instance-out.sql,252.38,262725.65,574.97,598539.14
CZ15/RSD&0&cDXGF&New&dxAC_equip/NE-dxAC-PkgAC-65to134-New-EER-11.5/instance-out.sql,252.10,262431.59,574.03,597556.97
CZ15/RSD&0&cDXGF&New&dxAC_equip/NE-dxAC-PkgAC-65to134-New-EER-12.0/instance-out.sql,251.84,262161.68,573.16,596655.47
CZ15/RSD&0&cDXGF&New&dxAC_equip/NE-dxAC-PkgAC-65to134-New-EER-12.5/instance-out.sql,251.60,261913.06,572.37,595825.08
CZ15/RSD&0&cDXGF&New&dxAC_equip/NE-dxAC-PkgAC-65to134-New-EER-13.0/instance-out.sql,251.37,261670.34,571.59,595014.39
CZ15/RSD&0&cDXGF&New&dxAC_equip/NE-dxAC-PkgAC-135to239-New-EER-10.8/instance-out.sql,252.36,262707.63,574.92,598478.94
CZ15/RSD&0&cDXGF&New&dxAC_equip/NE-dxAC-PkgAC-135to239-New-EER-11.5/instance-out.sql,251.96,262285.88,573.56,597070.30
CZ15/RSD&0&cDXGF&New&dxAC_equip/NE-dxAC-PkgAC-135to239-New-EER-12.0/instance-out.sql,251.71,262027.57,572.73,596207.54
CZ15/RSD&0&cDXGF&New&dxAC_equip/NE-dxAC-PkgAC-135to239-New-EER-12.5/instance-out.sql,251.47,261775.77,571.93,595366.53
CZ15/RSD&0&cDXGF&New&dxAC_equip/NE-dxAC-PkgAC-240to759-New-EER-9.8/instance-out.sql,252.56,262911.25,575.57,599159.04
CZ15/RSD&0&cDXGF&New&dxAC_equip/NE-dxAC-PkgAC-240to759-New-EER-10.8/instance-out.sql,251.94,262270.09,573.51,597017.56
CZ15/RSD&0&cDXGF&New&dxAC_equip/NE-dxAC-PkgAC-240to759-New-EER-11.5/instance-out.sql,251.56,261871.21,572.23,595685.30
CZ15/RSD&0&cDXGF&New&dxAC_equip/NE-dxAC-PkgAC-240to759-New-EER-12.5/instance-out.sql,251.10,261387.13,570.68,594068.48
CZ15/RSD&0&cDXGF&New&dxAC_equip/NE-dxAC-PkgAC-gt760-New-EER-9.5/instance-out.sql,252.42,262761.99,575.09,598660.50
CZ15/RSD&0&cDXGF&New&dxAC_equip/NE-dxAC-PkgAC-gt760-New-EER-10.2/instance-out.sql,251.96,262285.88,573.56,597070.30
CZ15/RSD&0&cDXGF&New&dxAC_equip/NE-dxAC-PkgAC-gt760-New-EER-11.0/instance-out.sql,251.52,261829.93,572.10,595547.43
CZ15/RSD&0&cDXGF&New&dxAC_equip/NE-dxAC-PkgAC-gt760-New-EER-12.0/instance-out.sql,251.04,261329.18,570.49,593874.92
CZ15/Rt3&0&cDXGF&New&dxAC_equip/NE-dxAC-PkgAC-65to134-New-EER-11.0/instance-out.sql,86.61,1931101.73,274.98,6131068.62
CZ15/Rt3&0&cDXGF&New&dxAC_equip/NE-dxAC-PkgAC-65to134-New-EER-11.5/instance-out.sql,85.62,1909066.49,271.68,6057470.93
CZ15/Rt3&0&cDXGF&New&dxAC_equip/NE-dxAC-PkgAC-65to134-New-EER-12.0/instance-out.sql,84.71,1888840.91,268.65,5989917.50
CZ15/Rt3&0&cDXGF&New&dxAC_equip/NE-dxAC-PkgAC-65to134-New-EER-12.5/instance-out.sql,83.88,1870210.86,265.85,5927693.11
CZ15/Rt3&0&cDXGF&New&dxAC_equip/NE-dxAC-PkgAC-65to134-New-EER-13.0/instance-out.sql,83.06,1852022.57,263.13,5866944.23
CZ15/Rt3&0&cDXGF&New&dxAC_equip/NE-dxAC-PkgAC-135to239-New-EER-10.8/instance-out.sql,86.55,1929751.10,274.77,6126557.54
CZ15/Rt3&0&cDXGF&New&dxAC_equip/NE-dxAC-PkgAC-135to239-New-EER-11.5/instance-out.sql,85.13,1898147.84,270.04,6021002.65
CZ15/Rt3&0&cDXGF&New&dxAC_equip/NE-dxAC-PkgAC-135to239-New-EER-12.0/instance-out.sql,84.26,1878791.41,267.14,5956352.15
CZ15/Rt3&0&cDXGF&New&dxAC_equip/NE-dxAC-PkgAC-135to239-New-EER-12.5/instance-out.sql,83.42,1859922.95,264.31,5893331.50
CZ15/Rt3&0&cDXGF&New&dxAC_equip/NE-dxAC-PkgAC-240to759-New-EER-9.8/instance-out.sql,87.23,1945009.50,277.06,6177520.58
CZ15/Rt3&0&cDXGF&New&dxAC_equip/NE-dxAC-PkgAC-240to759-New-EER-10.8/instance-out.sql,85.08,1896964.47,269.86,6017050.18
CZ15/Rt3&0&cDXGF&New&dxAC_equip/NE-dxAC-PkgAC-240to759-New-EER-11.5/instance-out.sql,83.74,1867074.70,265.39,5917218.36
CZ15/Rt3&0&cDXGF&New&dxAC_equip/NE-dxAC-PkgAC-240to759-New-EER-12.5/instance-out.sql,82.11,1830800.76,259.95,5796063.39
CZ15/Rt3&0&cDXGF&New&dxAC_equip/NE-dxAC-PkgAC-gt760-New-EER-9.5/instance-out.sql,86.73,1933824.41,275.38,6140162.39
CZ15/Rt3&0&cDXGF&New&dxAC_equip/NE-dxAC-PkgAC-gt760-New-EER-10.2/instance-out.sql,85.13,1898147.84,270.04,6021002.65
CZ15/Rt3&0&cDXGF&New&dxAC_equip/NE-dxAC-PkgAC-gt760-New-EER-11.0/instance-out.sql,83.60,1863981.61,264.92,5906887.43
CZ15/Rt3&0&cDXGF&New&dxAC_equip/NE-dxAC-PkgAC-gt760-New-EER-12.0/instance-out.sql,81.92,1826458.13,259.30,5781559.02
CZ15/RtL&0&cDXGF&New&dxAC_equip/NE-dxAC-PkgAC-65to134-New-EER-11.0/instance-out.sql,161.93,1963296.31,513.77,6228910.68
CZ15/RtL&0&cDXGF&New&dxAC_equip/NE-dxAC-PkgAC-65to134-New-EER-11.5/instance-out.sql,160.11,1941127.66,507.66,6154867.39
CZ15/RtL&0&cDXGF&New&dxAC_equip/NE-dxAC-PkgAC-65to134-New-EER-12.0/instance-out.sql,158.43,1920779.62,502.05,6086904.95
CZ15/RtL&0&cDXGF&New&dxAC_equip/NE-dxAC-PkgAC-65to134-New-EER-12.5/instance-out.sql,156.88,1902036.77,496.89,6024303.82
CZ15/RtL&0&cDXGF&New&dxAC_equip/NE-dxAC-PkgAC-65to134-New-EER-13.0/instance-out.sql,155.37,1883738.36,491.85,5963187.13
CZ15/RtL&0&cDXGF&New&dxAC_equip/NE-dxAC-PkgAC-135to239-New-EER-10.8/instance-out.sql,161.82,1961937.51,513.39,6224372.29
CZ15/RtL&0&cDXGF&New&dxAC_equip/NE-dxAC-PkgAC-135to239-New-EER-11.5/instance-out.sql,159.20,1930142.90,504.63,6118178.31
CZ15/RtL&0&cDXGF&New&dxAC_equip/NE-dxAC-PkgAC-135to239-New-EER-12.0/instance-out.sql,157.59,1910669.27,499.27,6053136.38
CZ15/RtL&0&cDXGF&New&dxAC_equip/NE-dxAC-PkgAC-135to239-New-EER-12.5/instance-out.sql,156.03,1891686.57,494.04,5989734.16
CZ15/RtL&0&cDXGF&New&dxAC_equip/NE-dxAC-PkgAC-240to759-New-EER-9.8/instance-out.sql,163.09,1977288.28,517.62,6275643.89
CZ15/RtL&0&cDXGF&New&dxAC_equip/NE-dxAC-PkgAC-240to759-New-EER-10.8/instance-out.sql,159.10,1928952.36,504.31,6114201.90
CZ15/RtL&0&cDXGF&New&dxAC_equip/NE-dxAC-PkgAC-240to759-New-EER-11.5/instance-out.sql,156.62,1898881.63,496.02,6013765.65
CZ15/RtL&0&cDXGF&New&dxAC_equip/NE-dxAC-PkgAC-240to759-New-EER-12.5/instance-out.sql,153.61,1862388.06,485.97,5891877.14
CZ15/RtL&0&cDXGF&New&dxAC_equip/NE-dxAC-PkgAC-gt760-New-EER-9.5/instance-out.sql,162.16,1966035.48,514.52,6238059.51
CZ15/RtL&0&cDXGF&New&dxAC_equip/NE-dxAC-PkgAC-gt760-New-EER-10.2/instance-out.sql,159.20,1930142.90,504.63,6118178.31
CZ15/RtL&0&cDXGF&New&dxAC_equip/NE-dxAC-PkgAC-gt760-New-EER-11.0/instance-out.sql,156.37,1895769.81,495.16,6003372.17
CZ15/RtL&0&cDXGF&New&dxAC_equip/NE-dxAC-PkgAC-gt760-New-EER-12.0/instance-out.sql,153.25,1858019.14,484.76,5877284.95
CZ15/RtS&0&cDXGF&New&dxAC_equip/NE-dxAC-PkgAC-65to134-New-EER-11.0/instance-out.sql,86.57,128698.14,267.07,397046.16
CZ15/RtS&0&cDXGF&New&dxAC_equip/NE-dxAC-PkgAC-65to134-New-EER-11.5/instance-out.sql,85.50,127117.69,263.52,391767.46
CZ15/RtS&0&cDXGF&New&dxAC_equip/NE-dxAC-PkgAC-65to134-New-EER-12.0/instance-out.sql,84.53,125667.04,260.26,386922.27
CZ15/RtS&0&cDXGF&New&dxAC_equip/NE-dxAC-PkgAC-65to134-New-EER-12.5/instance-out.sql,83.63,124330.82,257.25,382459.31
CZ15/RtS&0&cDXGF&New&dxAC_equip/NE-dxAC-PkgAC-65to134-New-EER-13.0/instance-out.sql,82.75,123026.29,254.32,378102.17
CZ15/RtS&0&cDXGF&New&dxAC_equip/NE-dxAC-PkgAC-135to239-New-EER-10.8/instance-out.sql,86.50,128601.27,266.85,396722.60
CZ15/RtS&0&cDXGF&New&dxAC_equip/NE-dxAC-PkgAC-135to239-New-EER-11.5/instance-out.sql,84.98,126334.57,261.76,389151.82
CZ15/RtS&0&cDXGF&New&dxAC_equip/NE-dxAC-PkgAC-135to239-New-EER-12.0/instance-out.sql,84.04,124946.25,258.64,384514.84
CZ15/RtS&0&cDXGF&New&dxAC_equip/NE-dxAC-PkgAC-135to239-New-EER-12.5/instance-out.sql,83.13,123592.93,255.60,379994.77
CZ15/RtS&0&cDXGF&New&dxAC_equip/NE-dxAC-PkgAC-240to759-New-EER-9.8/instance-out.sql,87.24,129695.66,269.31,400377.86
CZ15/RtS&0&cDXGF&New&dxAC_equip/NE-dxAC-PkgAC-240to759-New-EER-10.8/instance-out.sql,84.92,126249.69,261.57,388868.33
CZ15/RtS&0&cDXGF&New&dxAC_equip/NE-dxAC-PkgAC-240to759-New-EER-11.5/instance-out.sql,83.48,124105.88,256.75,381708.02
CZ15/RtS&0&cDXGF&New&dxAC_equip/NE-dxAC-PkgAC-240to759-New-EER-12.5/instance-out.sql,81.73,121504.18,250.90,373018.34
CZ15/RtS&0&cDXGF&New&dxAC_equip/NE-dxAC-PkgAC-gt760-New-EER-9.5/instance-out.sql,86.70,128893.42,267.51,397698.39
CZ15/RtS&0&cDXGF&New&dxAC_equip/NE-dxAC-PkgAC-gt760-New-EER-10.2/instance-out.sql,84.98,126334.57,261.76,389151.82
CZ15/RtS&0&cDXGF&New&dxAC_equip/NE-dxAC-PkgAC-gt760-New-EER-11.0/instance-out.sql,83.33,123884.04,256.25,380967.05
CZ15/RtS&0&cDXGF&New&dxAC_equip/NE-dxAC-PkgAC-gt760-New-EER-12.0/instance-out.sql,81.52,121192.71,250.20,371978.03
CZ15/SCn&0&cDXGF&New&dxAC_equip/NE-dxAC-PkgAC-65to134-New-EER-11.0/instance-out.sql,75.19,3492657.88,244.29,11347437.81
CZ15/SCn&0&cDXGF&New&dxAC_equip/NE-dxAC-PkgAC-65to134-New-EER-11.5/instance-out.sql,74.14,3444021.28,240.79,11184991.58
CZ15/SCn&0&cDXGF&New&dxAC_equip/NE-dxAC-PkgAC-65to134-New-EER-12.0/instance-out.sql,73.18,3399379.00,237.58,11035886.35
CZ15/SCn&0&cDXGF&New&dxAC_equip/NE-dxAC-PkgAC-65to134-New-EER-12.5/instance-out.sql,72.30,3358258.38,234.63,10898543.48
CZ15/SCn&0&cDXGF&New&dxAC_equip/NE-dxAC-PkgAC-65to134-New-EER-13.0/instance-out.sql,71.43,3318112.84,231.74,10764457.39
CZ15/SCn&0&cDXGF&New&dxAC_equip/NE-dxAC-PkgAC-135to239-New-EER-10.8/instance-out.sql,75.13,3489676.75,244.08,11337480.86
CZ15/SCn&0&cDXGF&New&dxAC_equip/NE-dxAC-PkgAC-135to239-New-EER-11.5/instance-out.sql,73.62,3419921.43,239.06,11104498.09
CZ15/SCn&0&cDXGF&New&dxAC_equip/NE-dxAC-PkgAC-135to239-New-EER-12.0/instance-out.sql,72.71,3377197.53,235.99,10961800.27
CZ15/SCn&0&cDXGF&New&dxAC_equip/NE-dxAC-PkgAC-135to239-New-EER-12.5/instance-out.sql,71.81,3335550.71,232.99,10822699.87
CZ15/SCn&0&cDXGF&New&dxAC_equip/NE-dxAC-PkgAC-240to759-New-EER-9.8/instance-out.sql,75.85,3523355.38,246.50,11449967.46
CZ15/SCn&0&cDXGF&New&dxAC_equip/NE-dxAC-PkgAC-240to759-New-EER-10.8/instance-out.sql,73.57,3417309.46,238.87,11095774.11
CZ15/SCn&0&cDXGF&New&dxAC_equip/NE-dxAC-PkgAC-240to759-New-EER-11.5/instance-out.sql,72.15,3351336.20,234.13,10875423.41
CZ15/SCn&0&cDXGF&New&dxAC_equip/NE-dxAC-PkgAC-240to759-New-EER-12.5/instance-out.sql,70.42,3271271.66,228.37,10608007.85
CZ15/SCn&0&cDXGF&New&dxAC_equip/NE-dxAC-PkgAC-gt760-New-EER-9.5/instance-out.sql,75.32,3498667.44,244.72,11367509.75
CZ15/SCn&0&cDXGF&New&dxAC_equip/NE-dxAC-PkgAC-gt760-New-EER-10.2/instance-out.sql,73.62,3419921.43,239.06,11104498.09
CZ15/SCn&0&cDXGF&New&dxAC_equip/NE-dxAC-PkgAC-gt760-New-EER-11.0/instance-out.sql,72.00,3344509.07,233.64,10852620.78
CZ15/SCn&0&cDXGF&New&dxAC_equip/NE-dxAC-PkgAC-gt760-New-EER-12.0/instance-out.sql,70.22,3261686.53,227.68,10575993.51
CZ16/Asm&0&cDXGF&New&dxAC_equip/NE-dxAC-PkgAC-65to134-New-EER-11.0/instance-out.sql,141.41,893413.43,363.88,2299012.33
CZ16/Asm&0&cDXGF&New&dxAC_equip/NE-dxAC-PkgAC-65to134-New-EER-11.5/instance-out.sql,140.36,886802.73,360.39,2276932.58
CZ16/Asm&0&cDXGF&New&dxAC_equip/NE-dxAC-PkgAC-65to134-New-EER-12.0/instance-out.sql,139.40,880734.93,357.18,2256666.14
CZ16/Asm&0&cDXGF&New&dxAC_equip/NE-dxAC-PkgAC-65to134-New-EER-12.5/instance-out.sql,138.52,875145.80,354.22,2237998.45
CZ16/Asm&0&cDXGF&New&dxAC_equip/NE-dxAC-PkgAC-65to134-New-EER-13.0/instance-out.sql,137.65,869689.21,351.34,2219773.43
CZ16/Asm&0&cDXGF&New&dxAC_equip/NE-dxAC-PkgAC-135to239-New-EER-10.8/instance-out.sql,141.34,893008.23,363.67,2297658.97
CZ16/Asm&0&cDXGF&New&dxAC_equip/NE-dxAC-PkgAC-135to239-New-EER-11.5/instance-out.sql,139.84,883527.07,358.65,2265991.88
CZ16/Asm&0&cDXGF&New&dxAC_equip/NE-dxAC-PkgAC-135to239-New-EER-12.0/instance-out.sql,138.92,877720.02,355.58,2246596.34
CZ16/Asm&0&cDXGF&New&dxAC_equip/NE-dxAC-PkgAC-135to239-New-EER-12.5/instance-out.sql,138.03,872059.37,352.59,2227689.77
CZ16/Asm&0&cDXGF&New&dxAC_equip/NE-dxAC-PkgAC-240to759-New-EER-9.8/instance-out.sql,142.07,897585.84,366.09,2312948.19
CZ16/Asm&0&cDXGF&New&dxAC_equip/NE-dxAC-PkgAC-240to759-New-EER-10.8/instance-out.sql,139.79,883172.05,358.47,2264806.11
CZ16/Asm&0&cDXGF&New&dxAC_equip/NE-dxAC-PkgAC-240to759-New-EER-11.5/instance-out.sql,138.37,874204.94,353.73,2234855.97
CZ16/Asm&0&cDXGF&New&dxAC_equip/NE-dxAC-PkgAC-240to759-New-EER-12.5/instance-out.sql,136.64,863322.54,347.97,2198508.75
CZ16/Asm&0&cDXGF&New&dxAC_equip/NE-dxAC-PkgAC-gt760-New-EER-9.5/instance-out.sql,141.54,894230.25,364.31,2301740.51
CZ16/Asm&0&cDXGF&New&dxAC_equip/NE-dxAC-PkgAC-gt760-New-EER-10.2/instance-out.sql,139.84,883527.07,358.65,2265991.88
CZ16/Asm&0&cDXGF&New&dxAC_equip/NE-dxAC-PkgAC-gt760-New-EER-11.0/instance-out.sql,138.22,873276.99,353.24,2231756.63
CZ16/Asm&0&cDXGF&New&dxAC_equip/NE-dxAC-PkgAC-gt760-New-EER-12.0/instance-out.sql,136.44,862019.72,347.28,2194157.35
CZ16/ECC&0&cDXGF&New&dxAC_equip/NE-dxAC-PkgAC-65to134-New-EER-11.0/instance-out.sql,99.32,2622326.75,275.13,7264035.04
CZ16/ECC&0&cDXGF&New&dxAC_equip/NE-dxAC-PkgAC-65to134-New-EER-11.5/instance-out.sql,98.92,2611695.93,273.78,7228528.11
CZ16/ECC&0&cDXGF&New&dxAC_equip/NE-dxAC-PkgAC-65to134-New-EER-12.0/instance-out.sql,98.55,2601938.17,272.55,7195937.21
CZ16/ECC&0&cDXGF&New&dxAC_equip/NE-dxAC-PkgAC-65to134-New-EER-12.5/instance-out.sql,98.21,2592950.17,271.41,7165917.28
CZ16/ECC&0&cDXGF&New&dxAC_equip/NE-dxAC-PkgAC-65to134-New-EER-13.0/instance-out.sql,97.88,2584175.30,270.30,7136609.21
CZ16/ECC&0&cDXGF&New&dxAC_equip/NE-dxAC-PkgAC-135to239-New-EER-10.8/instance-out.sql,99.30,2621675.14,275.05,7261858.68
CZ16/ECC&0&cDXGF&New&dxAC_equip/NE-dxAC-PkgAC-135to239-New-EER-11.5/instance-out.sql,98.72,2606428.27,273.12,7210934.12
CZ16/ECC&0&cDXGF&New&dxAC_equip/NE-dxAC-PkgAC-135to239-New-EER-12.0/instance-out.sql,98.37,2597089.83,271.94,7179743.73
CZ16/ECC&0&cDXGF&New&dxAC_equip/NE-dxAC-PkgAC-135to239-New-EER-12.5/instance-out.sql,98.02,2587986.81,270.78,7149339.65
CZ16/ECC&0&cDXGF&New&dxAC_equip/NE-dxAC-PkgAC-240to759-New-EER-9.8/instance-out.sql,99.58,2629036.50,275.98,7286445.61
CZ16/ECC&0&cDXGF&New&dxAC_equip/NE-dxAC-PkgAC-240to759-New-EER-10.8/instance-out.sql,98.70,2605857.35,273.04,7209027.27
CZ16/ECC&0&cDXGF&New&dxAC_equip/NE-dxAC-PkgAC-240to759-New-EER-11.5/instance-out.sql,98.15,2591437.15,271.22,7160863.78
CZ16/ECC&0&cDXGF&New&dxAC_equip/NE-dxAC-PkgAC-240to759-New-EER-12.5/instance-out.sql,97.49,2573936.92,269.01,7102413.02
CZ16/ECC&0&cDXGF&New&dxAC_equip/NE-dxAC-PkgAC-gt760-New-EER-9.5/instance-out.sql,99.37,2623640.29,275.29,7268422.29
CZ16/ECC&0&cDXGF&New&dxAC_equip/NE-dxAC-PkgAC-gt760-New-EER-10.2/instance-out.sql,98.72,2606428.27,273.12,7210934.12
CZ16/ECC&0&cDXGF&New&dxAC_equip/NE-dxAC-PkgAC-gt760-New-EER-11.0/instance-out.sql,98.10,2589944.90,271.03,7155879.66
CZ16/ECC&0&cDXGF&New&dxAC_equip/NE-dxAC-PkgAC-gt760-New-EER-12.0/instance-out.sql,97.41,2571841.84,268.74,7095415.44
CZ16/EPr&0&cDXGF&New&dxAC_equip/NE-dxAC-PkgAC-65to134-New-EER-11.0/instance-out.sql,108.93,412334.46,259.29,981501.17
CZ16/EPr&0&cDXGF&New&dxAC_equip/NE-dxAC-PkgAC-65to134-New-EER-11.5/instance-out.sql,108.46,410575.03,257.73,975624.67
CZ16/EPr&0&cDXGF&New&dxAC_equip/NE-dxAC-PkgAC-65to134-New-EER-12.0/instance-out.sql,108.04,408960.09,256.31,970230.77
CZ16/EPr&0&cDXGF&New&dxAC_equip/NE-dxAC-PkgAC-65to134-New-EER-12.5/instance-out.sql,107.64,407472.55,255.00,965262.38
CZ16/EPr&0&cDXGF&New&dxAC_equip/NE-dxAC-PkgAC-65to134-New-EER-13.0/instance-out.sql,107.26,406020.28,253.72,960411.81
CZ16/EPr&0&cDXGF&New&dxAC_equip/NE-dxAC-PkgAC-135to239-New-EER-10.8/instance-out.sql,108.90,412226.62,259.19,981140.98
CZ16/EPr&0&cDXGF&New&dxAC_equip/NE-dxAC-PkgAC-135to239-New-EER-11.5/instance-out.sql,108.23,409703.22,256.97,972712.81
CZ16/EPr&0&cDXGF&New&dxAC_equip/NE-dxAC-PkgAC-135to239-New-EER-12.0/instance-out.sql,107.82,408157.68,255.60,967550.70
CZ16/EPr&0&cDXGF&New&dxAC_equip/NE-dxAC-PkgAC-135to239-New-EER-12.5/instance-out.sql,107.43,406651.10,254.27,962518.74
CZ16/EPr&0&cDXGF&New&dxAC_equip/NE-dxAC-PkgAC-240to759-New-EER-9.8/instance-out.sql,109.22,413444.95,260.27,985210.19
CZ16/EPr&0&cDXGF&New&dxAC_equip/NE-dxAC-PkgAC-240to759-New-EER-10.8/instance-out.sql,108.21,409608.73,256.88,972397.22
CZ16/EPr&0&cDXGF&New&dxAC_equip/NE-dxAC-PkgAC-240to759-New-EER-11.5/instance-out.sql,107.58,407222.14,254.78,964426.01
CZ16/EPr&0&cDXGF&New&dxAC_equip/NE-dxAC-PkgAC-240to759-New-EER-12.5/instance-out.sql,106.81,404325.80,252.22,954752.24
CZ16/EPr&0&cDXGF&New&dxAC_equip/NE-dxAC-PkgAC-gt760-New-EER-9.5/instance-out.sql,108.99,412551.86,259.48,982227.28
CZ16/EPr&0&cDXGF&New&dxAC_equip/NE-dxAC-PkgAC-gt760-New-EER-10.2/instance-out.sql,108.23,409703.22,256.97,972712.81
CZ16/EPr&0&cDXGF&New&dxAC_equip/NE-dxAC-PkgAC-gt760-New-EER-11.0/instance-out.sql,107.51,406975.17,254.56,963601.13
CZ16/EPr&0&cDXGF&New&dxAC_equip/NE-dxAC-PkgAC-gt760-New-EER-12.0/instance-out.sql,106.72,403979.06,251.91,953594.12
CZ16/ERC&0&cDXGF&New&dxAC_equip/NE-dxAC-PkgAC-65to134-New-EER-11.0/instance-out.sql,77.80,20842.88,155.97,41784.47
CZ16/ERC&0&cDXGF&New&dxAC_equip/NE-dxAC-PkgAC-65to134-New-EER-11.5/instance-out.sql,77.51,20765.64,155.01,41526.50
CZ16/ERC&0&cDXGF&New&dxAC_equip/NE-dxAC-PkgAC-65to134-New-EER-12.0/instance-out.sql,77.25,20694.74,154.13,41289.71
CZ16/ERC&0&cDXGF&New&dxAC_equip/NE-dxAC-PkgAC-65to134-New-EER-12.5/instance-out.sql,77.01,20629.44,153.31,41071.60
CZ16/ERC&0&cDXGF&New&dxAC_equip/NE-dxAC-PkgAC-65to134-New-EER-13.0/instance-out.sql,76.77,20565.69,152.52,40858.66
CZ16/ERC&0&cDXGF&New&dxAC_equip/NE-dxAC-PkgAC-135to239-New-EER-10.8/instance-out.sql,77.78,20838.14,155.91,41768.66
CZ16/ERC&0&cDXGF&New&dxAC_equip/NE-dxAC-PkgAC-135to239-New-EER-11.5/instance-out.sql,77.37,20727.37,154.53,41398.67
CZ16/ERC&0&cDXGF&New&dxAC_equip/NE-dxAC-PkgAC-135to239-New-EER-12.0/instance-out.sql,77.12,20659.52,153.69,41172.05
CZ16/ERC&0&cDXGF&New&dxAC_equip/NE-dxAC-PkgAC-135to239-New-EER-12.5/instance-out.sql,76.87,20593.38,152.86,40951.15
CZ16/ERC&0&cDXGF&New&dxAC_equip/NE-dxAC-PkgAC-240to759-New-EER-9.8/instance-out.sql,77.98,20891.63,156.58,41947.30
CZ16/ERC&0&cDXGF&New&dxAC_equip/NE-dxAC-PkgAC-240to759-New-EER-10.8/instance-out.sql,77.36,20723.22,154.48,41384.81
CZ16/ERC&0&cDXGF&New&dxAC_equip/NE-dxAC-PkgAC-240to759-New-EER-11.5/instance-out.sql,76.96,20618.45,153.18,41034.88
CZ16/ERC&0&cDXGF&New&dxAC_equip/NE-dxAC-PkgAC-240to759-New-EER-12.5/instance-out.sql,76.49,20491.30,151.59,40610.21
CZ16/ERC&0&cDXGF&New&dxAC_equip/NE-dxAC-PkgAC-gt760-New-EER-9.5/instance-out.sql,77.84,20852.42,156.09,41816.35
CZ16/ERC&0&cDXGF&New&dxAC_equip/NE-dxAC-PkgAC-gt760-New-EER-10.2/instance-out.sql,77.37,20727.37,154.53,41398.67
CZ16/ERC&0&cDXGF&New&dxAC_equip/NE-dxAC-PkgAC-gt760-New-EER-11.0/instance-out.sql,76.92,20607.61,153.04,40998.67
CZ16/ERC&0&cDXGF&New&dxAC_equip/NE-dxAC-PkgAC-gt760-New-EER-12.0/instance-out.sql,76.43,20476.08,151.40,40559.37
CZ16/ESe&0&cDXGF&New&dxAC_equip/NE-dxAC-PkgAC-65to134-New-EER-11.0/instance-out.sql,171.42,1184877.32,412.57,2851789.22
CZ16/ESe&0&cDXGF&New&dxAC_equip/NE-dxAC-PkgAC-65to134-New-EER-11.5/instance-out.sql,171.15,1183008.47,411.67,2845547.26
CZ16/ESe&0&cDXGF&New&dxAC_equip/NE-dxAC-PkgAC-65to134-New-EER-12.0/instance-out.sql,170.90,1181293.10,410.84,2839817.93
CZ16/ESe&0&cDXGF&New&dxAC_equip/NE-dxAC-PkgAC-65to134-New-EER-12.5/instance-out.sql,170.67,1179713.05,410.08,2834540.56
CZ16/ESe&0&cDXGF&New&dxAC_equip/NE-dxAC-PkgAC-65to134-New-EER-13.0/instance-out.sql,170.45,1178170.46,409.33,2829388.33
CZ16/ESe&0&cDXGF&New&dxAC_equip/NE-dxAC-PkgAC-135to239-New-EER-10.8/instance-out.sql,171.40,1184762.77,412.52,2851406.63
CZ16/ESe&0&cDXGF&New&dxAC_equip/NE-dxAC-PkgAC-135to239-New-EER-11.5/instance-out.sql,171.01,1182082.44,411.22,2842454.32
CZ16/ESe&0&cDXGF&New&dxAC_equip/NE-dxAC-PkgAC-135to239-New-EER-12.0/instance-out.sql,170.78,1180440.78,410.43,2836971.19
CZ16/ESe&0&cDXGF&New&dxAC_equip/NE-dxAC-PkgAC-135to239-New-EER-12.5/instance-out.sql,170.54,1178840.51,409.66,2831626.29
CZ16/ESe&0&cDXGF&New&dxAC_equip/NE-dxAC-PkgAC-240to759-New-EER-9.8/instance-out.sql,171.59,1186056.86,413.14,2855728.90
CZ16/ESe&0&cDXGF&New&dxAC_equip/NE-dxAC-PkgAC-240to759-New-EER-10.8/instance-out.sql,171.00,1181982.07,411.17,2842119.10
CZ16/ESe&0&cDXGF&New&dxAC_equip/NE-dxAC-PkgAC-240to759-New-EER-11.5/instance-out.sql,170.63,1179447.06,409.95,2833652.18
CZ16/ESe&0&cDXGF&New&dxAC_equip/NE-dxAC-PkgAC-240to759-New-EER-12.5/instance-out.sql,170.19,1176370.60,408.46,2823376.80
CZ16/ESe&0&cDXGF&New&dxAC_equip/NE-dxAC-PkgAC-gt760-New-EER-9.5/instance-out.sql,171.45,1185108.23,412.68,2852560.48
CZ16/ESe&0&cDXGF&New&dxAC_equip/NE-dxAC-PkgAC-gt760-New-EER-10.2/instance-out.sql,171.01,1182082.44,411.22,2842454.32
CZ16/ESe&0&cDXGF&New&dxAC_equip/NE-dxAC-PkgAC-gt760-New-EER-11.0/instance-out.sql,170.59,1179184.73,409.82,2832775.99
CZ16/ESe&0&cDXGF&New&dxAC_equip/NE-dxAC-PkgAC-gt760-New-EER-12.0/instance-out.sql,170.13,1176002.30,408.28,2822146.65
CZ16/EUn&0&cDXGF&New&dxAC_equip/NE-dxAC-PkgAC-65to134-New-EER-11.0/instance-out.sql,103.49,8247538.50,308.25,24564723.59
CZ16/EUn&0&cDXGF&New&dxAC_equip/NE-dxAC-PkgAC-65to134-New-EER-11.5/instance-out.sql,103.13,8218323.95,307.03,24467147.01
CZ16/EUn&0&cDXGF&New&dxAC_equip/NE-dxAC-PkgAC-65to134-New-EER-12.0/instance-out.sql,102.79,8191508.67,305.90,24377583.97
CZ16/EUn&0&cDXGF&New&dxAC_equip/NE-dxAC-PkgAC-65to134-New-EER-12.5/instance-out.sql,102.48,8166808.75,304.87,24295086.23
CZ16/EUn&0&cDXGF&New&dxAC_equip/NE-dxAC-PkgAC-65to134-New-EER-13.0/instance-out.sql,102.18,8142694.53,303.86,24214544.74
CZ16/EUn&0&cDXGF&New&dxAC_equip/NE-dxAC-PkgAC-135to239-New-EER-10.8/instance-out.sql,103.47,8245747.83,308.17,24558742.75
CZ16/EUn&0&cDXGF&New&dxAC_equip/NE-dxAC-PkgAC-135to239-New-EER-11.5/instance-out.sql,102.95,8203847.90,306.42,24418796.98
CZ16/EUn&0&cDXGF&New&dxAC_equip/NE-dxAC-PkgAC-135to239-New-EER-12.0/instance-out.sql,102.62,8178184.93,305.34,24333082.68
CZ16/EUn&0&cDXGF&New&dxAC_equip/NE-dxAC-PkgAC-135to239-New-EER-12.5/instance-out.sql,102.31,8153168.94,304.29,24249529.25
CZ16/EUn&0&cDXGF&New&dxAC_equip/NE-dxAC-PkgAC-240to759-New-EER-9.8/instance-out.sql,103.73,8265977.57,309.02,24626310.07
CZ16/EUn&0&cDXGF&New&dxAC_equip/NE-dxAC-PkgAC-240to759-New-EER-10.8/instance-out.sql,102.93,8202278.97,306.35,24413556.75
CZ16/EUn&0&cDXGF&New&dxAC_equip/NE-dxAC-PkgAC-240to759-New-EER-11.5/instance-out.sql,102.43,8162650.81,304.69,24281198.70
CZ16/EUn&0&cDXGF&New&dxAC_equip/NE-dxAC-PkgAC-240to759-New-EER-12.5/instance-out.sql,101.83,8114558.44,302.68,24120570.19
CZ16/EUn&0&cDXGF&New&dxAC_equip/NE-dxAC-PkgAC-gt760-New-EER-9.5/instance-out.sql,103.54,8251148.26,308.40,24576780.20
CZ16/EUn&0&cDXGF&New&dxAC_equip/NE-dxAC-PkgAC-gt760-New-EER-10.2/instance-out.sql,102.95,8203847.90,306.42,24418796.98
CZ16/EUn&0&cDXGF&New&dxAC_equip/NE-dxAC-PkgAC-gt760-New-EER-11.0/instance-out.sql,102.38,8158549.95,304.52,24267501.84
CZ16/EUn&0&cDXGF&New&dxAC_equip/NE-dxAC-PkgAC-gt760-New-EER-12.0/instance-out.sql,101.75,8108800.94,302.44,24101340.14
CZ16/Gro&0&cDXGF&New&dxAC_equip/NE-dxAC-PkgAC-65to134-New-EER-11.0/instance-out.sql,416.62,1935130.84,1265.51,5878117.87
CZ16/Gro&0&cDXGF&New&dxAC_equip/NE-dxAC-PkgAC-65to134-New-EER-11.5/instance-out.sql,416.13,1932869.35,1263.88,5870564.48
CZ16/Gro&0&cDXGF&New&dxAC_equip/NE-dxAC-PkgAC-65to134-New-EER-12.0/instance-out.sql,415.68,1930793.58,1262.39,5863631.42
CZ16/Gro&0&cDXGF&New&dxAC_equip/NE-dxAC-PkgAC-65to134-New-EER-12.5/instance-out.sql,415.27,1928881.56,1261.01,5857245.28
CZ16/Gro&0&cDXGF&New&dxAC_equip/NE-dxAC-PkgAC-65to134-New-EER-13.0/instance-out.sql,414.87,1927014.88,1259.67,5851010.57
CZ16/Gro&0&cDXGF&New&dxAC_equip/NE-dxAC-PkgAC-135to239-New-EER-10.8/instance-out.sql,416.59,1934992.22,1265.41,5877654.90
CZ16/Gro&0&cDXGF&New&dxAC_equip/NE-dxAC-PkgAC-135to239-New-EER-11.5/instance-out.sql,415.89,1931748.76,1263.08,5866821.71
CZ16/Gro&0&cDXGF&New&dxAC_equip/NE-dxAC-PkgAC-135to239-New-EER-12.0/instance-out.sql,415.46,1929762.19,1261.65,5860186.58
CZ16/Gro&0&cDXGF&New&dxAC_equip/NE-dxAC-PkgAC-135to239-New-EER-12.5/instance-out.sql,415.04,1927825.70,1260.25,5853718.72
CZ16/Gro&0&cDXGF&New&dxAC_equip/NE-dxAC-PkgAC-240to759-New-EER-9.8/instance-out.sql,416.92,1936558.21,1266.53,5882885.28
CZ16/Gro&0&cDXGF&New&dxAC_equip/NE-dxAC-PkgAC-240to759-New-EER-10.8/instance-out.sql,415.86,1931627.30,1262.99,5866416.07
CZ16/Gro&0&cDXGF&New&dxAC_equip/NE-dxAC-PkgAC-240to759-New-EER-11.5/instance-out.sql,415.20,1928559.69,1260.78,5856170.25
CZ16/Gro&0&cDXGF&New&dxAC_equip/NE-dxAC-PkgAC-240to759-New-EER-12.5/instance-out.sql,414.40,1924836.87,1258.11,5843736.01
CZ16/Gro&0&cDXGF&New&dxAC_equip/NE-dxAC-PkgAC-gt760-New-EER-9.5/instance-out.sql,416.68,1935410.27,1265.71,5879051.17
CZ16/Gro&0&cDXGF&New&dxAC_equip/NE-dxAC-PkgAC-gt760-New-EER-10.2/instance-out.sql,415.89,1931748.76,1263.08,5866821.71
CZ16/Gro&0&cDXGF&New&dxAC_equip/NE-dxAC-PkgAC-gt760-New-EER-11.0/instance-out.sql,415.13,1928242.25,1260.55,5855109.97
CZ16/Gro&0&cDXGF&New&dxAC_equip/NE-dxAC-PkgAC-gt760-New-EER-12.0/instance-out.sql,414.30,1924391.18,1257.79,5842247.42
CZ16/Hsp&0&cDXGF&New&dxAC_equip/NE-dxAC-PkgAC-65to134-New-EER-11.0/instance-out.sql,83.97,3854070.11,250.43,11494363.80
CZ16/Hsp&0&cDXGF&New&dxAC_equip/NE-dxAC-PkgAC-65to134-New-EER-11.5/instance-out.sql,83.86,3849230.29,250.07,11478198.81
CZ16/Hsp&0&cDXGF&New&dxAC_equip/NE-dxAC-PkgAC-65to134-New-EER-12.0/instance-out.sql,83.77,3844787.95,249.75,11463361.37
CZ16/Hsp&0&cDXGF&New&dxAC_equip/NE-dxAC-PkgAC-65to134-New-EER-12.5/instance-out.sql,83.68,3840696.04,249.45,11449694.41
CZ16/Hsp&0&cDXGF&New&dxAC_equip/NE-dxAC-PkgAC-65to134-New-EER-13.0/instance-out.sql,83.59,3836701.17,249.16,11436351.53
CZ16/Hsp&0&cDXGF&New&dxAC_equip/NE-dxAC-PkgAC-135to239-New-EER-10.8/instance-out.sql,83.96,3853773.46,250.40,11493372.99
CZ16/Hsp&0&cDXGF&New&dxAC_equip/NE-dxAC-PkgAC-135to239-New-EER-11.5/instance-out.sql,83.81,3846832.12,249.90,11470188.91
CZ16/Hsp&0&cDXGF&New&dxAC_equip/NE-dxAC-PkgAC-135to239-New-EER-12.0/instance-out.sql,83.72,3842580.67,249.59,11455989.08
CZ16/Hsp&0&cDXGF&New&dxAC_equip/NE-dxAC-PkgAC-135to239-New-EER-12.5/instance-out.sql,83.63,3838436.41,249.29,11442147.23
CZ16/Hsp&0&cDXGF&New&dxAC_equip/NE-dxAC-PkgAC-240to759-New-EER-9.8/instance-out.sql,84.03,3857124.82,250.65,11504566.51
CZ16/Hsp&0&cDXGF&New&dxAC_equip/NE-dxAC-PkgAC-240to759-New-EER-10.8/instance-out.sql,83.80,3846572.21,249.88,11469320.79
CZ16/Hsp&0&cDXGF&New&dxAC_equip/NE-dxAC-PkgAC-240to759-New-EER-11.5/instance-out.sql,83.66,3840007.22,249.40,11447393.73
CZ16/Hsp&0&cDXGF&New&dxAC_equip/NE-dxAC-PkgAC-240to759-New-EER-12.5/instance-out.sql,83.49,3832040.01,248.82,11420783.26
CZ16/Hsp&0&cDXGF&New&dxAC_equip/NE-dxAC-PkgAC-gt760-New-EER-9.5/instance-out.sql,83.98,3854668.12,250.47,11496361.16
CZ16/Hsp&0&cDXGF&New&dxAC_equip/NE-dxAC-PkgAC-gt760-New-EER-10.2/instance-out.sql,83.81,3846832.12,249.90,11470188.91
CZ16/Hsp&0&cDXGF&New&dxAC_equip/NE-dxAC-PkgAC-gt760-New-EER-11.0/instance-out.sql,83.65,3839327.85,249.35,11445124.65
CZ16/Hsp&0&cDXGF&New&dxAC_equip/NE-dxAC-PkgAC-gt760-New-EER-12.0/instance-out.sql,83.47,3831086.20,248.75,11417597.52
CZ16/MBT&0&cDXGF&New&dxAC_equip/NE-dxAC-PkgAC-65to134-New-EER-11.0/instance-out.sql,186.31,6922512.16,392.48,14583055.98
CZ16/MBT&0&cDXGF&New&dxAC_equip/NE-dxAC-PkgAC-65to134-New-EER-11.5/instance-out.sql,186.15,6916792.73,391.96,14563953.08
CZ16/MBT&0&cDXGF&New&dxAC_equip/NE-dxAC-PkgAC-65to134-New-EER-12.0/instance-out.sql,186.01,6911543.01,391.49,14546419.02
CZ16/MBT&0&cDXGF&New&dxAC_equip/NE-dxAC-PkgAC-65to134-New-EER-12.5/instance-out.sql,185.88,6906707.42,391.06,14530268.16
CZ16/MBT&0&cDXGF&New&dxAC_equip/NE-dxAC-PkgAC-65to134-New-EER-13.0/instance-out.sql,185.76,6901986.50,390.63,14514500.28
CZ16/MBT&0&cDXGF&New&dxAC_equip/NE-dxAC-PkgAC-135to239-New-EER-10.8/instance-out.sql,186.30,6922161.59,392.45,14581885.09
CZ16/MBT&0&cDXGF&New&dxAC_equip/NE-dxAC-PkgAC-135to239-New-EER-11.5/instance-out.sql,186.08,6913958.70,391.71,14554487.43
CZ16/MBT&0&cDXGF&New&dxAC_equip/NE-dxAC-PkgAC-135to239-New-EER-12.0/instance-out.sql,185.94,6908934.58,391.26,14537706.85
CZ16/MBT&0&cDXGF&New&dxAC_equip/NE-dxAC-PkgAC-135to239-New-EER-12.5/instance-out.sql,185.81,6904037.11,390.82,14521349.32
CZ16/MBT&0&cDXGF&New&dxAC_equip/NE-dxAC-PkgAC-240to759-New-EER-9.8/instance-out.sql,186.40,6926122.04,392.80,14595112.97
CZ16/MBT&0&cDXGF&New&dxAC_equip/NE-dxAC-PkgAC-240to759-New-EER-10.8/instance-out.sql,186.07,6913651.55,391.68,14553461.54
CZ16/MBT&0&cDXGF&New&dxAC_equip/NE-dxAC-PkgAC-240to759-New-EER-11.5/instance-out.sql,185.86,6905893.41,390.98,14527549.35
CZ16/MBT&0&cDXGF&New&dxAC_equip/NE-dxAC-PkgAC-240to759-New-EER-12.5/instance-out.sql,185.61,6896478.20,390.14,14496102.57
CZ16/MBT&0&cDXGF&New&dxAC_equip/NE-dxAC-PkgAC-gt760-New-EER-9.5/instance-out.sql,186.33,6923218.85,392.54,14585416.34
CZ16/MBT&0&cDXGF&New&dxAC_equip/NE-dxAC-PkgAC-gt760-New-EER-10.2/instance-out.sql,186.08,6913958.70,391.71,14554487.43
CZ16/MBT&0&cDXGF&New&dxAC_equip/NE-dxAC-PkgAC-gt760-New-EER-11.0/instance-out.sql,185.84,6905090.57,390.91,14524867.87
CZ16/MBT&0&cDXGF&New&dxAC_equip/NE-dxAC-PkgAC-gt760-New-EER-12.0/instance-out.sql,185.58,6895351.04,390.04,14492337.83
CZ16/MLI&0&cDXGF&New&dxAC_equip/NE-dxAC-PkgAC-65to134-New-EER-11.0/instance-out.sql,114.70,1065715.57,329.98,3066079.76
CZ16/MLI&0&cDXGF&New&dxAC_equip/NE-dxAC-PkgAC-65to134-New-EER-11.5/instance-out.sql,114.10,1060129.38,327.98,3047421.91
CZ16/MLI&0&cDXGF&New&dxAC_equip/NE-dxAC-PkgAC-65to134-New-EER-12.0/instance-out.sql,113.54,1055001.97,326.13,3030296.35
CZ16/MLI&0&cDXGF&New&dxAC_equip/NE-dxAC-PkgAC-65to134-New-EER-12.5/instance-out.sql,113.04,1050279.04,324.43,3014521.76
CZ16/MLI&0&cDXGF&New&dxAC_equip/NE-dxAC-PkgAC-65to134-New-EER-13.0/instance-out.sql,112.54,1045668.10,322.78,2999121.23
CZ16/MLI&0&cDXGF&New&dxAC_equip/NE-dxAC-PkgAC-135to239-New-EER-10.8/instance-out.sql,114.66,1065373.17,329.86,3064936.15
CZ16/MLI&0&cDXGF&New&dxAC_equip/NE-dxAC-PkgAC-135to239-New-EER-11.5/instance-out.sql,113.80,1057361.38,326.98,3038176.79
CZ16/MLI&0&cDXGF&New&dxAC_equip/NE-dxAC-PkgAC-135to239-New-EER-12.0/instance-out.sql,113.27,1052454.31,325.22,3021787.15
CZ16/MLI&0&cDXGF&New&dxAC_equip/NE-dxAC-PkgAC-135to239-New-EER-12.5/instance-out.sql,112.75,1047670.94,323.50,3005810.70
CZ16/MLI&0&cDXGF&New&dxAC_equip/NE-dxAC-PkgAC-240to759-New-EER-9.8/instance-out.sql,115.08,1069241.34,331.25,3077855.86
CZ16/MLI&0&cDXGF&New&dxAC_equip/NE-dxAC-PkgAC-240to759-New-EER-10.8/instance-out.sql,113.77,1057061.38,326.87,3037174.79
CZ16/MLI&0&cDXGF&New&dxAC_equip/NE-dxAC-PkgAC-240to759-New-EER-11.5/instance-out.sql,112.95,1049483.99,324.15,3011866.29
CZ16/MLI&0&cDXGF&New&dxAC_equip/NE-dxAC-PkgAC-240to759-New-EER-12.5/instance-out.sql,111.96,1040288.13,320.84,2981152.14
CZ16/MLI&0&cDXGF&New&dxAC_equip/NE-dxAC-PkgAC-gt760-New-EER-9.5/instance-out.sql,114.77,1066405.80,330.23,3068385.13
CZ16/MLI&0&cDXGF&New&dxAC_equip/NE-dxAC-PkgAC-gt760-New-EER-10.2/instance-out.sql,113.80,1057361.38,326.98,3038176.79
CZ16/MLI&0&cDXGF&New&dxAC_equip/NE-dxAC-PkgAC-gt760-New-EER-11.0/instance-out.sql,112.87,1048699.86,323.87,3009247.29
CZ16/MLI&0&cDXGF&New&dxAC_equip/NE-dxAC-PkgAC-gt760-New-EER-12.0/instance-out.sql,111.84,1039187.23,320.45,2977475.11
CZ16/Mtl&0&cDXGF&New&dxAC_equip/NE-dxAC-PkgAC-65to134-New-EER-11.0/instance-out.sql,74.07,206349.22,209.38,583305.30
CZ16/Mtl&0&cDXGF&New&dxAC_equip/NE-dxAC-PkgAC-65to134-New-EER-11.5/instance-out.sql,73.58,204978.13,207.74,578725.84
CZ16/Mtl&0&cDXGF&New&dxAC_equip/NE-dxAC-PkgAC-65to134-New-EER-12.0/instance-out.sql,73.13,203719.63,206.23,574522.46
CZ16/Mtl&0&cDXGF&New&dxAC_equip/NE-dxAC-PkgAC-65to134-New-EER-12.5/instance-out.sql,72.71,202560.41,204.84,570650.68
CZ16/Mtl&0&cDXGF&New&dxAC_equip/NE-dxAC-PkgAC-65to134-New-EER-13.0/instance-out.sql,72.31,201428.69,203.49,566870.70
CZ16/Mtl&0&cDXGF&New&dxAC_equip/NE-dxAC-PkgAC-135to239-New-EER-10.8/instance-out.sql,74.04,206265.18,209.28,583024.61
CZ16/Mtl&0&cDXGF&New&dxAC_equip/NE-dxAC-PkgAC-135to239-New-EER-11.5/instance-out.sql,73.34,204298.74,206.93,576456.67
CZ16/Mtl&0&cDXGF&New&dxAC_equip/NE-dxAC-PkgAC-135to239-New-EER-12.0/instance-out.sql,72.90,203094.32,205.48,572433.93
CZ16/Mtl&0&cDXGF&New&dxAC_equip/NE-dxAC-PkgAC-135to239-New-EER-12.5/instance-out.sql,72.48,201920.27,204.07,568512.60
CZ16/Mtl&0&cDXGF&New&dxAC_equip/NE-dxAC-PkgAC-240to759-New-EER-9.8/instance-out.sql,74.38,207214.61,210.42,586195.68
CZ16/Mtl&0&cDXGF&New&dxAC_equip/NE-dxAC-PkgAC-240to759-New-EER-10.8/instance-out.sql,73.31,204225.10,206.84,576210.74
CZ16/Mtl&0&cDXGF&New&dxAC_equip/NE-dxAC-PkgAC-240to759-New-EER-11.5/instance-out.sql,72.64,202365.27,204.61,569998.91
CZ16/Mtl&0&cDXGF&New&dxAC_equip/NE-dxAC-PkgAC-240to759-New-EER-12.5/instance-out.sql,71.83,200108.20,201.90,562460.29
CZ16/Mtl&0&cDXGF&New&dxAC_equip/NE-dxAC-PkgAC-gt760-New-EER-9.5/instance-out.sql,74.13,206518.64,209.59,583871.14
CZ16/Mtl&0&cDXGF&New&dxAC_equip/NE-dxAC-PkgAC-gt760-New-EER-10.2/instance-out.sql,73.34,204298.74,206.93,576456.67
CZ16/Mtl&0&cDXGF&New&dxAC_equip/NE-dxAC-PkgAC-gt760-New-EER-11.0/instance-out.sql,72.57,202172.81,204.38,569356.09
CZ16/Mtl&0&cDXGF&New&dxAC_equip/NE-dxAC-PkgAC-gt760-New-EER-12.0/instance-out.sql,71.73,199837.99,201.58,561557.78
CZ16/Nrs&0&cDXGF&New&dxAC_equip/NE-dxAC-PkgAC-65to134-New-EER-11.0/instance-out.sql,89.97,927765.81,236.81,2441966.30
CZ16/Nrs&0&cDXGF&New&dxAC_equip/NE-dxAC-PkgAC-65to134-New-EER-11.5/instance-out.sql,89.79,925879.02,236.19,2435664.40
CZ16/Nrs&0&cDXGF&New&dxAC_equip/NE-dxAC-PkgAC-65to134-New-EER-12.0/instance-out.sql,89.62,924147.18,235.63,2429880.06
CZ16/Nrs&0&cDXGF&New&dxAC_equip/NE-dxAC-PkgAC-65to134-New-EER-12.5/instance-out.sql,89.46,922551.96,235.12,2424552.02
CZ16/Nrs&0&cDXGF&New&dxAC_equip/NE-dxAC-PkgAC-65to134-New-EER-13.0/instance-out.sql,89.31,920994.56,234.61,2419350.32
CZ16/Nrs&0&cDXGF&New&dxAC_equip/NE-dxAC-PkgAC-135to239-New-EER-10.8/instance-out.sql,89.96,927650.17,236.77,2441580.03
CZ16/Nrs&0&cDXGF&New&dxAC_equip/NE-dxAC-PkgAC-135to239-New-EER-11.5/instance-out.sql,89.69,924944.10,235.89,2432541.76
CZ16/Nrs&0&cDXGF&New&dxAC_equip/NE-dxAC-PkgAC-135to239-New-EER-12.0/instance-out.sql,89.53,923286.68,235.35,2427005.99
CZ16/Nrs&0&cDXGF&New&dxAC_equip/NE-dxAC-PkgAC-135to239-New-EER-12.5/instance-out.sql,89.38,921671.04,234.83,2421609.77
CZ16/Nrs&0&cDXGF&New&dxAC_equip/NE-dxAC-PkgAC-240to759-New-EER-9.8/instance-out.sql,90.08,928956.68,237.19,2445943.80
CZ16/Nrs&0&cDXGF&New&dxAC_equip/NE-dxAC-PkgAC-240to759-New-EER-10.8/instance-out.sql,89.68,924842.77,235.86,2432203.33
CZ16/Nrs&0&cDXGF&New&dxAC_equip/NE-dxAC-PkgAC-240to759-New-EER-11.5/instance-out.sql,89.44,922283.42,235.03,2423655.11
CZ16/Nrs&0&cDXGF&New&dxAC_equip/NE-dxAC-PkgAC-240to759-New-EER-12.5/instance-out.sql,89.14,919177.42,234.02,2413281.07
CZ16/Nrs&0&cDXGF&New&dxAC_equip/NE-dxAC-PkgAC-gt760-New-EER-9.5/instance-out.sql,89.99,927998.95,236.88,2442744.96
CZ16/Nrs&0&cDXGF&New&dxAC_equip/NE-dxAC-PkgAC-gt760-New-EER-10.2/instance-out.sql,89.69,924944.10,235.89,2432541.76
CZ16/Nrs&0&cDXGF&New&dxAC_equip/NE-dxAC-PkgAC-gt760-New-EER-11.0/instance-out.sql,89.41,922018.57,234.94,2422770.51
CZ16/Nrs&0&cDXGF&New&dxAC_equip/NE-dxAC-PkgAC-gt760-New-EER-12.0/instance-out.sql,89.10,918805.58,233.90,2412039.11
CZ16/OfL&0&cDXGF&New&dxAC_equip/NE-dxAC-PkgAC-65to134-New-EER-11.0/instance-out.sql,72.12,2344462.28,224.47,7297102.10
CZ16/OfL&0&cDXGF&New&dxAC_equip/NE-dxAC-PkgAC-65to134-New-EER-11.5/instance-out.sql,71.77,2333095.94,223.30,7259138.53
CZ16/OfL&0&cDXGF&New&dxAC_equip/NE-dxAC-PkgAC-65to134-New-EER-12.0/instance-out.sql,71.45,2322663.07,222.23,7224292.74
CZ16/OfL&0&cDXGF&New&dxAC_equip/NE-dxAC-PkgAC-65to134-New-EER-12.5/instance-out.sql,71.15,2313053.21,221.24,7192195.80
CZ16/OfL&0&cDXGF&New&dxAC_equip/NE-dxAC-PkgAC-65to134-New-EER-13.0/instance-out.sql,70.86,2303671.22,220.28,7160859.97
CZ16/OfL&0&cDXGF&New&dxAC_equip/NE-dxAC-PkgAC-135to239-New-EER-10.8/instance-out.sql,72.10,2343765.59,224.40,7294775.17
CZ16/OfL&0&cDXGF&New&dxAC_equip/NE-dxAC-PkgAC-135to239-New-EER-11.5/instance-out.sql,71.60,2327463.82,222.72,7240327.25
CZ16/OfL&0&cDXGF&New&dxAC_equip/NE-dxAC-PkgAC-135to239-New-EER-12.0/instance-out.sql,71.29,2317479.28,221.69,7206978.87
CZ16/OfL&0&cDXGF&New&dxAC_equip/NE-dxAC-PkgAC-135to239-New-EER-12.5/instance-out.sql,70.99,2307746.44,220.69,7174471.20
CZ16/OfL&0&cDXGF&New&dxAC_equip/NE-dxAC-PkgAC-240to759-New-EER-9.8/instance-out.sql,72.34,2351636.27,225.20,7321063.21
CZ16/OfL&0&cDXGF&New&dxAC_equip/NE-dxAC-PkgAC-240to759-New-EER-10.8/instance-out.sql,71.58,2326853.41,222.66,7238288.47
CZ16/OfL&0&cDXGF&New&dxAC_equip/NE-dxAC-PkgAC-240to759-New-EER-11.5/instance-out.sql,71.10,2311435.50,221.07,7186792.65
CZ16/OfL&0&cDXGF&New&dxAC_equip/NE-dxAC-PkgAC-240to759-New-EER-12.5/instance-out.sql,70.53,2292724.47,219.15,7124297.82
CZ16/OfL&0&cDXGF&New&dxAC_equip/NE-dxAC-PkgAC-gt760-New-EER-9.5/instance-out.sql,72.16,2345866.71,224.61,7301792.90
CZ16/OfL&0&cDXGF&New&dxAC_equip/NE-dxAC-PkgAC-gt760-New-EER-10.2/instance-out.sql,71.60,2327463.82,222.72,7240327.25
CZ16/OfL&0&cDXGF&New&dxAC_equip/NE-dxAC-PkgAC-gt760-New-EER-11.0/instance-out.sql,71.05,2309840.00,220.91,7181463.70
CZ16/OfL&0&cDXGF&New&dxAC_equip/NE-dxAC-PkgAC-gt760-New-EER-12.0/instance-out.sql,70.46,2290484.43,218.92,7116816.09
CZ16/OfS&0&cDXGF&New&dxAC_equip/NE-dxAC-PkgAC-65to134-New-EER-11.0/instance-out.sql,72.44,134622.81,197.18,366463.29
CZ16/OfS&0&cDXGF&New&dxAC_equip/NE-dxAC-PkgAC-65to134-New-EER-11.5/instance-out.sql,72.05,133901.26,195.89,364053.31
CZ16/OfS&0&cDXGF&New&dxAC_equip/NE-dxAC-PkgAC-65to134-New-EER-12.0/instance-out.sql,71.69,133238.97,194.70,361841.25
CZ16/OfS&0&cDXGF&New&dxAC_equip/NE-dxAC-PkgAC-65to134-New-EER-12.5/instance-out.sql,71.36,132628.92,193.60,359803.69
CZ16/OfS&0&cDXGF&New&dxAC_equip/NE-dxAC-PkgAC-65to134-New-EER-13.0/instance-out.sql,71.04,132033.34,192.53,357814.45
CZ16/OfS&0&cDXGF&New&dxAC_equip/NE-dxAC-PkgAC-135to239-New-EER-10.8/instance-out.sql,72.41,134578.59,197.10,366315.58
CZ16/OfS&0&cDXGF&New&dxAC_equip/NE-dxAC-PkgAC-135to239-New-EER-11.5/instance-out.sql,71.86,133543.73,195.24,362859.14
CZ16/OfS&0&cDXGF&New&dxAC_equip/NE-dxAC-PkgAC-135to239-New-EER-12.0/instance-out.sql,71.51,132909.89,194.10,360742.14
CZ16/OfS&0&cDXGF&New&dxAC_equip/NE-dxAC-PkgAC-135to239-New-EER-12.5/instance-out.sql,71.18,132292.04,192.99,358678.51
CZ16/OfS&0&cDXGF&New&dxAC_equip/NE-dxAC-PkgAC-240to759-New-EER-9.8/instance-out.sql,72.68,135078.23,198.00,367984.38
CZ16/OfS&0&cDXGF&New&dxAC_equip/NE-dxAC-PkgAC-240to759-New-EER-10.8/instance-out.sql,71.84,133504.98,195.17,362729.72
CZ16/OfS&0&cDXGF&New&dxAC_equip/NE-dxAC-PkgAC-240to759-New-EER-11.5/instance-out.sql,71.31,132526.23,193.42,359460.69
CZ16/OfS&0&cDXGF&New&dxAC_equip/NE-dxAC-PkgAC-240to759-New-EER-12.5/instance-out.sql,70.67,131338.42,191.28,355493.43
CZ16/OfS&0&cDXGF&New&dxAC_equip/NE-dxAC-PkgAC-gt760-New-EER-9.5/instance-out.sql,72.48,134711.97,197.34,366761.07
CZ16/OfS&0&cDXGF&New&dxAC_equip/NE-dxAC-PkgAC-gt760-New-EER-10.2/instance-out.sql,71.86,133543.73,195.24,362859.14
CZ16/OfS&0&cDXGF&New&dxAC_equip/NE-dxAC-PkgAC-gt760-New-EER-11.0/instance-out.sql,71.25,132424.94,193.23,359122.40
CZ16/OfS&0&cDXGF&New&dxAC_equip/NE-dxAC-PkgAC-gt760-New-EER-12.0/instance-out.sql,70.59,131196.22,191.03,355018.48
CZ16/RFF&0&cDXGF&New&dxAC_equip/NE-dxAC-PkgAC-65to134-New-EER-11.0/instance-out.sql,285.35,105937.15,623.38,231434.90
CZ16/RFF&0&cDXGF&New&dxAC_equip/NE-dxAC-PkgAC-65to134-New-EER-11.5/instance-out.sql,284.73,105709.17,621.33,230673.44
CZ16/RFF&0&cDXGF&New&dxAC_equip/NE-dxAC-PkgAC-65to134-New-EER-12.0/instance-out.sql,284.17,105499.91,619.45,229974.51
CZ16/RFF&0&cDXGF&New&dxAC_equip/NE-dxAC-PkgAC-65to134-New-EER-12.5/instance-out.sql,283.65,105307.16,617.71,229330.72
CZ16/RFF&0&cDXGF&New&dxAC_equip/NE-dxAC-PkgAC-65to134-New-EER-13.0/instance-out.sql,283.14,105118.98,616.02,228702.20
CZ16/RFF&0&cDXGF&New&dxAC_equip/NE-dxAC-PkgAC-135to239-New-EER-10.8/instance-out.sql,285.31,105923.18,623.25,231388.23
CZ16/RFF&0&cDXGF&New&dxAC_equip/NE-dxAC-PkgAC-135to239-New-EER-11.5/instance-out.sql,284.43,105596.20,620.31,230296.13
CZ16/RFF&0&cDXGF&New&dxAC_equip/NE-dxAC-PkgAC-135to239-New-EER-12.0/instance-out.sql,283.89,105395.94,618.51,229627.24
CZ16/RFF&0&cDXGF&New&dxAC_equip/NE-dxAC-PkgAC-135to239-New-EER-12.5/instance-out.sql,283.36,105200.72,616.75,228975.21
CZ16/RFF&0&cDXGF&New&dxAC_equip/NE-dxAC-PkgAC-240to759-New-EER-9.8/instance-out.sql,285.73,106081.05,624.67,231915.50
CZ16/RFF&0&cDXGF&New&dxAC_equip/NE-dxAC-PkgAC-240to759-New-EER-10.8/instance-out.sql,284.39,105583.96,620.20,230255.24
CZ16/RFF&0&cDXGF&New&dxAC_equip/NE-dxAC-PkgAC-240to759-New-EER-11.5/instance-out.sql,283.56,105274.71,617.42,229222.35
CZ16/RFF&0&cDXGF&New&dxAC_equip/NE-dxAC-PkgAC-240to759-New-EER-12.5/instance-out.sql,282.55,104899.41,614.04,227968.85
CZ16/RFF&0&cDXGF&New&dxAC_equip/NE-dxAC-PkgAC-gt760-New-EER-9.5/instance-out.sql,285.42,105965.32,623.63,231528.98
CZ16/RFF&0&cDXGF&New&dxAC_equip/NE-dxAC-PkgAC-gt760-New-EER-10.2/instance-out.sql,284.43,105596.20,620.31,230296.13
CZ16/RFF&0&cDXGF&New&dxAC_equip/NE-dxAC-PkgAC-gt760-New-EER-11.0/instance-out.sql,283.48,105242.71,617.13,229115.46
CZ16/RFF&0&cDXGF&New&dxAC_equip/NE-dxAC-PkgAC-gt760-New-EER-12.0/instance-out.sql,282.43,104854.48,613.64,227818.78
CZ16/RSD&0&cDXGF&New&dxAC_equip/NE-dxAC-PkgAC-65to134-New-EER-11.0/instance-out.sql,251.06,261351.39,510.95,531891.47
CZ16/RSD&0&cDXGF&New&dxAC_equip/NE-dxAC-PkgAC-65to134-New-EER-11.5/instance-out.sql,250.94,261226.09,510.55,531472.96
CZ16/RSD&0&cDXGF&New&dxAC_equip/NE-dxAC-PkgAC-65to134-New-EER-12.0/instance-out.sql,250.83,261111.07,510.18,531088.82
CZ16/RSD&0&cDXGF&New&dxAC_equip/NE-dxAC-PkgAC-65to134-New-EER-12.5/instance-out.sql,250.73,261005.13,509.84,530734.98
CZ16/RSD&0&cDXGF&New&dxAC_equip/NE-dxAC-PkgAC-65to134-New-EER-13.0/instance-out.sql,250.63,260901.71,509.51,530389.53
CZ16/RSD&0&cDXGF&New&dxAC_equip/NE-dxAC-PkgAC-135to239-New-EER-10.8/instance-out.sql,251.05,261343.71,510.93,531865.82
CZ16/RSD&0&cDXGF&New&dxAC_equip/NE-dxAC-PkgAC-135to239-New-EER-11.5/instance-out.sql,250.88,261164.00,510.35,531265.59
CZ16/RSD&0&cDXGF&New&dxAC_equip/NE-dxAC-PkgAC-135to239-New-EER-12.0/instance-out.sql,250.78,261053.93,510.00,530897.95
CZ16/RSD&0&cDXGF&New&dxAC_equip/NE-dxAC-PkgAC-135to239-New-EER-12.5/instance-out.sql,250.67,260946.63,509.65,530539.58
CZ16/RSD&0&cDXGF&New&dxAC_equip/NE-dxAC-PkgAC-240to759-New-EER-9.8/instance-out.sql,251.14,261430.48,511.20,532155.62
CZ16/RSD&0&cDXGF&New&dxAC_equip/NE-dxAC-PkgAC-240to759-New-EER-10.8/instance-out.sql,250.88,261157.27,510.33,531243.11
CZ16/RSD&0&cDXGF&New&dxAC_equip/NE-dxAC-PkgAC-240to759-New-EER-11.5/instance-out.sql,250.71,260987.30,509.78,530675.42
CZ16/RSD&0&cDXGF&New&dxAC_equip/NE-dxAC-PkgAC-240to759-New-EER-12.5/instance-out.sql,250.51,260781.03,509.12,529986.47
CZ16/RSD&0&cDXGF&New&dxAC_equip/NE-dxAC-PkgAC-gt760-New-EER-9.5/instance-out.sql,251.08,261366.87,511.00,531943.19
CZ16/RSD&0&cDXGF&New&dxAC_equip/NE-dxAC-PkgAC-gt760-New-EER-10.2/instance-out.sql,250.88,261164.00,510.35,531265.59
CZ16/RSD&0&cDXGF&New&dxAC_equip/NE-dxAC-PkgAC-gt760-New-EER-11.0/instance-out.sql,250.69,260969.71,509.73,530616.67
CZ16/RSD&0&cDXGF&New&dxAC_equip/NE-dxAC-PkgAC-gt760-New-EER-12.0/instance-out.sql,250.49,260756.34,509.04,529903.99
CZ16/Rt3&0&cDXGF&New&dxAC_equip/NE-dxAC-PkgAC-65to134-New-EER-11.0/instance-out.sql,82.44,1838079.93,244.04,5441234.94
CZ16/Rt3&0&cDXGF&New&dxAC_equip/NE-dxAC-PkgAC-65to134-New-EER-11.5/instance-out.sql,81.98,1827936.87,242.52,5407357.13
CZ16/Rt3&0&cDXGF&New&dxAC_equip/NE-dxAC-PkgAC-65to134-New-EER-12.0/instance-out.sql,81.56,1818626.82,241.12,5376261.55
CZ16/Rt3&0&cDXGF&New&dxAC_equip/NE-dxAC-PkgAC-65to134-New-EER-12.5/instance-out.sql,81.18,1810051.20,239.84,5347618.99
CZ16/Rt3&0&cDXGF&New&dxAC_equip/NE-dxAC-PkgAC-65to134-New-EER-13.0/instance-out.sql,80.80,1801678.93,238.58,5319655.63
CZ16/Rt3&0&cDXGF&New&dxAC_equip/NE-dxAC-PkgAC-135to239-New-EER-10.8/instance-out.sql,82.41,1837458.22,243.94,5439158.44
CZ16/Rt3&0&cDXGF&New&dxAC_equip/NE-dxAC-PkgAC-135to239-New-EER-11.5/instance-out.sql,81.76,1822910.90,241.77,5390570.39
CZ16/Rt3&0&cDXGF&New&dxAC_equip/NE-dxAC-PkgAC-135to239-New-EER-12.0/instance-out.sql,81.36,1814000.92,240.43,5360811.06
CZ16/Rt3&0&cDXGF&New&dxAC_equip/NE-dxAC-PkgAC-135to239-New-EER-12.5/instance-out.sql,80.97,1805315.56,239.13,5331801.97
CZ16/Rt3&0&cDXGF&New&dxAC_equip/NE-dxAC-PkgAC-240to759-New-EER-9.8/instance-out.sql,82.72,1844481.82,245.00,5462617.28
CZ16/Rt3&0&cDXGF&New&dxAC_equip/NE-dxAC-PkgAC-240to759-New-EER-10.8/instance-out.sql,81.73,1822366.18,241.68,5388751.02
CZ16/Rt3&0&cDXGF&New&dxAC_equip/NE-dxAC-PkgAC-240to759-New-EER-11.5/instance-out.sql,81.12,1808607.59,239.62,5342797.35
CZ16/Rt3&0&cDXGF&New&dxAC_equip/NE-dxAC-PkgAC-240to759-New-EER-12.5/instance-out.sql,80.37,1791910.30,237.12,5287028.41
CZ16/Rt3&0&cDXGF&New&dxAC_equip/NE-dxAC-PkgAC-gt760-New-EER-9.5/instance-out.sql,82.49,1839333.21,244.23,5445420.90
CZ16/Rt3&0&cDXGF&New&dxAC_equip/NE-dxAC-PkgAC-gt760-New-EER-10.2/instance-out.sql,81.76,1822910.90,241.77,5390570.39
CZ16/Rt3&0&cDXGF&New&dxAC_equip/NE-dxAC-PkgAC-gt760-New-EER-11.0/instance-out.sql,81.05,1807183.81,239.41,5338041.91
CZ16/Rt3&0&cDXGF&New&dxAC_equip/NE-dxAC-PkgAC-gt760-New-EER-12.0/instance-out.sql,80.28,1789911.35,236.82,5280351.89
CZ16/RtL&0&cDXGF&New&dxAC_equip/NE-dxAC-PkgAC-65to134-New-EER-11.0/instance-out.sql,153.41,1859925.21,456.39,5533208.04
CZ16/RtL&0&cDXGF&New&dxAC_equip/NE-dxAC-PkgAC-65to134-New-EER-11.5/instance-out.sql,152.56,1849579.50,453.53,5498653.36
CZ16/RtL&0&cDXGF&New&dxAC_equip/NE-dxAC-PkgAC-65to134-New-EER-12.0/instance-out.sql,151.77,1840083.43,450.92,5466936.49
CZ16/RtL&0&cDXGF&New&dxAC_equip/NE-dxAC-PkgAC-65to134-New-EER-12.5/instance-out.sql,151.05,1831336.47,448.51,5437721.66
CZ16/RtL&0&cDXGF&New&dxAC_equip/NE-dxAC-PkgAC-65to134-New-EER-13.0/instance-out.sql,150.35,1822796.93,446.16,5409199.59
CZ16/RtL&0&cDXGF&New&dxAC_equip/NE-dxAC-PkgAC-135to239-New-EER-10.8/instance-out.sql,153.36,1859291.08,456.21,5531090.05
CZ16/RtL&0&cDXGF&New&dxAC_equip/NE-dxAC-PkgAC-135to239-New-EER-11.5/instance-out.sql,152.13,1844453.11,452.12,5481531.21
CZ16/RtL&0&cDXGF&New&dxAC_equip/NE-dxAC-PkgAC-135to239-New-EER-12.0/instance-out.sql,151.38,1835365.11,449.62,5451177.30
CZ16/RtL&0&cDXGF&New&dxAC_equip/NE-dxAC-PkgAC-135to239-New-EER-12.5/instance-out.sql,150.65,1826506.22,447.18,5421588.62
CZ16/RtL&0&cDXGF&New&dxAC_equip/NE-dxAC-PkgAC-240to759-New-EER-9.8/instance-out.sql,153.95,1866455.02,458.18,5555017.60
CZ16/RtL&0&cDXGF&New&dxAC_equip/NE-dxAC-PkgAC-240to759-New-EER-10.8/instance-out.sql,152.09,1843897.50,451.97,5479675.50
CZ16/RtL&0&cDXGF&New&dxAC_equip/NE-dxAC-PkgAC-240to759-New-EER-11.5/instance-out.sql,150.93,1829864.02,448.10,5432803.68
CZ16/RtL&0&cDXGF&New&dxAC_equip/NE-dxAC-PkgAC-240to759-New-EER-12.5/instance-out.sql,149.52,1812833.13,443.41,5375920.48
CZ16/RtL&0&cDXGF&New&dxAC_equip/NE-dxAC-PkgAC-gt760-New-EER-9.5/instance-out.sql,153.51,1861203.53,456.74,5537477.64
CZ16/RtL&0&cDXGF&New&dxAC_equip/NE-dxAC-PkgAC-gt760-New-EER-10.2/instance-out.sql,152.13,1844453.11,452.12,5481531.21
CZ16/RtL&0&cDXGF&New&dxAC_equip/NE-dxAC-PkgAC-gt760-New-EER-11.0/instance-out.sql,150.81,1828411.79,447.70,5427953.23
CZ16/RtL&0&cDXGF&New&dxAC_equip/NE-dxAC-PkgAC-gt760-New-EER-12.0/instance-out.sql,149.36,1810794.23,442.85,5369110.57
CZ16/RtS&0&cDXGF&New&dxAC_equip/NE-dxAC-PkgAC-65to134-New-EER-11.0/instance-out.sql,84.62,125804.85,231.15,343644.51
CZ16/RtS&0&cDXGF&New&dxAC_equip/NE-dxAC-PkgAC-65to134-New-EER-11.5/instance-out.sql,84.17,125130.75,229.63,341393.00
CZ16/RtS&0&cDXGF&New&dxAC_equip/NE-dxAC-PkgAC-65to134-New-EER-12.0/instance-out.sql,83.75,124512.00,228.24,339326.40
CZ16/RtS&0&cDXGF&New&dxAC_equip/NE-dxAC-PkgAC-65to134-New-EER-12.5/instance-out.sql,83.37,123942.07,226.96,337422.83
CZ16/RtS&0&cDXGF&New&dxAC_equip/NE-dxAC-PkgAC-65to134-New-EER-13.0/instance-out.sql,82.99,123385.65,225.71,335564.39
CZ16/RtS&0&cDXGF&New&dxAC_equip/NE-dxAC-PkgAC-135to239-New-EER-10.8/instance-out.sql,84.59,125763.53,231.05,343506.50
CZ16/RtS&0&cDXGF&New&dxAC_equip/NE-dxAC-PkgAC-135to239-New-EER-11.5/instance-out.sql,83.94,124796.72,228.88,340277.36
CZ16/RtS&0&cDXGF&New&dxAC_equip/NE-dxAC-PkgAC-135to239-New-EER-12.0/instance-out.sql,83.54,124204.57,227.55,338299.57
CZ16/RtS&0&cDXGF&New&dxAC_equip/NE-dxAC-PkgAC-135to239-New-EER-12.5/instance-out.sql,83.16,123627.34,226.25,336371.63
CZ16/RtS&0&cDXGF&New&dxAC_equip/NE-dxAC-PkgAC-240to759-New-EER-9.8/instance-out.sql,84.91,126230.32,232.10,345065.57
CZ16/RtS&0&cDXGF&New&dxAC_equip/NE-dxAC-PkgAC-240to759-New-EER-10.8/instance-out.sql,83.92,124760.52,228.80,340156.44
CZ16/RtS&0&cDXGF&New&dxAC_equip/NE-dxAC-PkgAC-240to759-New-EER-11.5/instance-out.sql,83.30,123846.13,226.75,337102.38
CZ16/RtS&0&cDXGF&New&dxAC_equip/NE-dxAC-PkgAC-240to759-New-EER-12.5/instance-out.sql,82.56,122736.43,224.25,333396.00
CZ16/RtS&0&cDXGF&New&dxAC_equip/NE-dxAC-PkgAC-gt760-New-EER-9.5/instance-out.sql,84.68,125888.14,231.33,343922.70
CZ16/RtS&0&cDXGF&New&dxAC_equip/NE-dxAC-PkgAC-gt760-New-EER-10.2/instance-out.sql,83.94,124796.72,228.88,340277.36
CZ16/RtS&0&cDXGF&New&dxAC_equip/NE-dxAC-PkgAC-gt760-New-EER-11.0/instance-out.sql,83.24,123751.51,226.53,336786.34
CZ16/RtS&0&cDXGF&New&dxAC_equip/NE-dxAC-PkgAC-gt760-New-EER-12.0/instance-out.sql,82.47,122603.58,223.95,332952.28
CZ16/SCn&0&cDXGF&New&dxAC_equip/NE-dxAC-PkgAC-65to134-New-EER-11.0/instance-out.sql,82.12,3814570.28,220.37,10236547.33
CZ16/SCn&0&cDXGF&New&dxAC_equip/NE-dxAC-PkgAC-65to134-New-EER-11.5/instance-out.sql,81.68,3794145.64,218.91,10168329.02
CZ16/SCn&0&cDXGF&New&dxAC_equip/NE-dxAC-PkgAC-65to134-New-EER-12.0/instance-out.sql,81.28,3775398.38,217.56,10105713.19
CZ16/SCn&0&cDXGF&New&dxAC_equip/NE-dxAC-PkgAC-65to134-New-EER-12.5/instance-out.sql,80.91,3758130.03,216.32,10048036.88
CZ16/SCn&0&cDXGF&New&dxAC_equip/NE-dxAC-PkgAC-65to134-New-EER-13.0/instance-out.sql,80.54,3741271.16,215.10,9991728.24
CZ16/SCn&0&cDXGF&New&dxAC_equip/NE-dxAC-PkgAC-135to239-New-EER-10.8/instance-out.sql,82.09,3813318.38,220.28,10232365.97
CZ16/SCn&0&cDXGF&New&dxAC_equip/NE-dxAC-PkgAC-135to239-New-EER-11.5/instance-out.sql,81.46,3784025.06,218.18,10134526.27
CZ16/SCn&0&cDXGF&New&dxAC_equip/NE-dxAC-PkgAC-135to239-New-EER-12.0/instance-out.sql,81.08,3766083.41,216.89,10074601.19
CZ16/SCn&0&cDXGF&New&dxAC_equip/NE-dxAC-PkgAC-135to239-New-EER-12.5/instance-out.sql,80.70,3748594.08,215.63,10016186.82
CZ16/SCn&0&cDXGF&New&dxAC_equip/NE-dxAC-PkgAC-240to759-New-EER-9.8/instance-out.sql,82.40,3827461.51,221.30,10279604.04
CZ16/SCn&0&cDXGF&New&dxAC_equip/NE-dxAC-PkgAC-240to759-New-EER-10.8/instance-out.sql,81.44,3782928.17,218.10,10130862.69
CZ16/SCn&0&cDXGF&New&dxAC_equip/NE-dxAC-PkgAC-240to759-New-EER-11.5/instance-out.sql,80.84,3755223.10,216.11,10038327.75
CZ16/SCn&0&cDXGF&New&dxAC_equip/NE-dxAC-PkgAC-240to759-New-EER-12.5/instance-out.sql,80.12,3721600.49,213.69,9926028.21
CZ16/SCn&0&cDXGF&New&dxAC_equip/NE-dxAC-PkgAC-gt760-New-EER-9.5/instance-out.sql,82.18,3817093.96,220.56,10244976.42
CZ16/SCn&0&cDXGF&New&dxAC_equip/NE-dxAC-PkgAC-gt760-New-EER-10.2/instance-out.sql,81.46,3784025.06,218.18,10134526.27
CZ16/SCn&0&cDXGF&New&dxAC_equip/NE-dxAC-PkgAC-gt760-New-EER-11.0/instance-out.sql,80.78,3752356.09,215.90,10028751.93
CZ16/SCn&0&cDXGF&New&dxAC_equip/NE-dxAC-PkgAC-gt760-New-EER-12.0/instance-out.sql,80.03,3717575.27,213.40,9912583.98

File Name,Total (kWh),Heating (kWh),Cooling (kWh),Interior Lighting (kWh),Exterior Lighting (kWh),Interior Equipment (kWh),Exterior Equipment (kWh),Fans (kWh),Pumps (kWh),Heat Rejection (kWh),Humidification (kWh),Heat Recovery (kWh),Water Systems (kWh),Refrigeration (kWh),Generators (kWh),Heating Elec (kWh),Cooling Elec (kWh),Heating NG (kWh),Cooling NG (kWh),Interior Equipment Elec (kWh),Interior Equipment NG (kWh)
CZ15/Asm&0&cDXGF&New&dxAC_equip/NE-dxAC-PkgAC-65to134-New-EER-11.0/instance-out.sql,805321.34,44263.92,323808.77,76844.55,0.0,145823.51,0.0,196015.56,3.36,0.0,0.0,0.0,18561.67,0.0,0.0,0.00,323808.77,44263.92,0.00,145823.51,0.00
CZ15/Asm&0&cDXGF&New&dxAC_equip/NE-dxAC-PkgAC-65to134-New-EER-11.5/instance-out.sql,791456.3099999999,44263.92,309943.74,76844.55,0.0,145823.51,0.0,196015.56,3.36,0.0,0.0,0.0,18561.67,0.0,0.0,0.00,309943.74,44263.92,0.00,145823.51,0.00
CZ15/Asm&0&cDXGF&New&dxAC_equip/NE-dxAC-PkgAC-65to134-New-EER-12.0/instance-out.sql,778729.95,44263.92,297217.38,76844.55,0.0,145823.51,0.0,196015.56,3.36,0.0,0.0,0.0,18561.67,0.0,0.0,0.00,297217.38,44263.92,0.00,145823.51,0.00
CZ15/Asm&0&cDXGF&New&dxAC_equip/NE-dxAC-PkgAC-65to134-New-EER-12.5/instance-out.sql,767007.5299999999,44263.92,285494.96,76844.55,0.0,145823.51,0.0,196015.56,3.36,0.0,0.0,0.0,18561.67,0.0,0.0,0.00,285494.96,44263.92,0.00,145823.51,0.00
CZ15/Asm&0&cDXGF&New&dxAC_equip/NE-dxAC-PkgAC-65to134-New-EER-13.0/instance-out.sql,755563.08,44263.92,274050.51,76844.55,0.0,145823.51,0.0,196015.56,3.36,0.0,0.0,0.0,18561.67,0.0,0.0,0.00,274050.51,44263.92,0.00,145823.51,0.00
CZ15/Asm&0&cDXGF&New&dxAC_equip/NE-dxAC-PkgAC-135to239-New-EER-10.8/instance-out.sql,804471.5,44263.92,322958.93,76844.55,0.0,145823.51,0.0,196015.56,3.36,0.0,0.0,0.0,18561.67,0.0,0.0,0.00,322958.93,44263.92,0.00,145823.51,0.00
CZ15/Asm&0&cDXGF&New&dxAC_equip/NE-dxAC-PkgAC-135to239-New-EER-11.5/instance-out.sql,784586.07,44263.92,303073.5,76844.55,0.0,145823.51,0.0,196015.56,3.36,0.0,0.0,0.0,18561.67,0.0,0.0,0.00,303073.50,44263.92,0.00,145823.51,0.00
CZ15/Asm&0&cDXGF&New&dxAC_equip/NE-dxAC-PkgAC-135to239-New-EER-12.0/instance-out.sql,772406.59,44263.92,290894.03,76844.55,0.0,145823.51,0.0,196015.56,3.36,0.0,0.0,0.0,18561.67,0.0,0.0,0.00,290894.03,44263.92,0.00,145823.51,0.00
CZ15/Asm&0&cDXGF&New&dxAC_equip/NE-dxAC-PkgAC-135to239-New-EER-12.5/instance-out.sql,760534.1599999999,44263.92,279021.6,76844.55,0.0,145823.51,0.0,196015.56,3.36,0.0,0.0,0.0,18561.67,0.0,0.0,0.00,279021.60,44263.92,0.00,145823.51,0.00
CZ15/Asm&0&cDXGF&New&dxAC_equip/NE-dxAC-PkgAC-240to759-New-EER-9.8/instance-out.sql,814072.4099999999,44263.92,332559.84,76844.55,0.0,145823.51,0.0,196015.56,3.36,0.0,0.0,0.0,18561.67,0.0,0.0,0.00,332559.84,44263.92,0.00,145823.51,0.00
CZ15/Asm&0&cDXGF&New&dxAC_equip/NE-dxAC-PkgAC-240to759-New-EER-10.8/instance-out.sql,783841.47,44263.92,302328.9,76844.55,0.0,145823.51,0.0,196015.56,3.36,0.0,0.0,0.0,18561.67,0.0,0.0,0.00,302328.90,44263.92,0.00,145823.51,0.00
CZ15/Asm&0&cDXGF&New&dxAC_equip/NE-dxAC-PkgAC-240to759-New-EER-11.5/instance-out.sql,765034.2,44263.92,283521.63,76844.55,0.0,145823.51,0.0,196015.56,3.36,0.0,0.0,0.0,18561.67,0.0,0.0,0.00,283521.63,44263.92,0.00,145823.51,0.00
CZ15/Asm&0&cDXGF&New&dxAC_equip/NE-dxAC-PkgAC-240to759-New-EER-12.5/instance-out.sql,742209.87,44263.92,260697.31,76844.55,0.0,145823.51,0.0,196015.56,3.36,0.0,0.0,0.0,18561.67,0.0,0.0,0.00,260697.31,44263.92,0.00,145823.51,0.00
CZ15/Asm&0&cDXGF&New&dxAC_equip/NE-dxAC-PkgAC-gt760-New-EER-9.5/instance-out.sql,807034.51,44263.92,325521.95,76844.55,0.0,145823.51,0.0,196015.56,3.36,0.0,0.0,0.0,18561.67,0.0,0.0,0.00,325521.95,44263.92,0.00,145823.51,0.00
CZ15/Asm&0&cDXGF&New&dxAC_equip/NE-dxAC-PkgAC-gt760-New-EER-10.2/instance-out.sql,784586.07,44263.92,303073.5,76844.55,0.0,145823.51,0.0,196015.56,3.36,0.0,0.0,0.0,18561.67,0.0,0.0,0.00,303073.50,44263.92,0.00,145823.51,0.00
CZ15/Asm&0&cDXGF&New&dxAC_equip/NE-dxAC-PkgAC-gt760-New-EER-11.0/instance-out.sql,763087.96,44263.92,281575.39,76844.55,0.0,145823.51,0.0,196015.56,3.36,0.0,0.0,0.0,18561.67,0.0,0.0,0.00,281575.39,44263.92,0.00,145823.51,0.00
CZ15/Asm&0&cDXGF&New&dxAC_equip/NE-dxAC-PkgAC-gt760-New-EER-12.0/instance-out.sql,739477.4,44263.92,257964.83,76844.55,0.0,145823.51,0.0,196015.56,3.36,0.0,0.0,0.0,18561.67,0.0,0.0,0.00,257964.83,44263.92,0.00,145823.51,0.00
CZ15/ECC&0&cDXGF&New&dxAC_equip/NE-dxAC-PkgAC-65to134-New-EER-11.0/instance-out.sql,2722906.47,13438.57,693430.7,167224.54,0.0,1013813.91,0.0,498605.9,1072.51,0.0,0.0,0.0,335320.34,0.0,0.0,0.00,693430.70,13438.57,0.00,945189.93,68623.98
CZ15/ECC&0&cDXGF&New&dxAC_equip/NE-dxAC-PkgAC-65to134-New-EER-11.5/instance-out.sql,2698995.83,13438.57,669520.06,167224.54,0.0,1013813.91,0.0,498605.9,1072.51,0.0,0.0,0.0,335320.34,0.0,0.0,0.00,669520.06,13438.57,0.00,945189.93,68623.98
CZ15/ECC&0&cDXGF&New&dxAC_equip/NE-dxAC-PkgAC-65to134-New-EER-12.0/instance-out.sql,2677048.87,13438.57,647573.1,167224.54,0.0,1013813.91,0.0,498605.9,1072.51,0.0,0.0,0.0,335320.34,0.0,0.0,0.00,647573.10,13438.57,0.00,945189.93,68623.98
CZ15/ECC&0&cDXGF&New&dxAC_equip/NE-dxAC-PkgAC-65to134-New-EER-12.5/instance-out.sql,2656833.22,13438.57,627357.45,167224.54,0.0,1013813.91,0.0,498605.9,1072.51,0.0,0.0,0.0,335320.34,0.0,0.0,0.00,627357.45,13438.57,0.00,945189.93,68623.98
CZ15/ECC&0&cDXGF&New&dxAC_equip/NE-dxAC-PkgAC-65to134-New-EER-13.0/instance-out.sql,2637096.94,13438.57,607621.17,167224.54,0.0,1013813.91,0.0,498605.9,1072.51,0.0,0.0,0.0,335320.34,0.0,0.0,0.00,607621.17,13438.57,0.00,945189.93,68623.98
CZ15/ECC&0&cDXGF&New&dxAC_equip/NE-dxAC-PkgAC-135to239-New-EER-10.8/instance-out.sql,2721440.9,13438.57,691965.13,167224.54,0.0,1013813.91,0.0,498605.9,1072.51,0.0,0.0,0.0,335320.34,0.0,0.0,0.00,691965.13,13438.57,0.00,945189.93,68623.98
CZ15/ECC&0&cDXGF&New&dxAC_equip/NE-dxAC-PkgAC-135to239-New-EER-11.5/instance-out.sql,2687147.91,13438.57,657672.14,167224.54,0.0,1013813.91,0.0,498605.9,1072.51,0.0,0.0,0.0,335320.34,0.0,0.0,0.00,657672.14,13438.57,0.00,945189.93,68623.98
CZ15/ECC&0&cDXGF&New&dxAC_equip/NE-dxAC-PkgAC-135to239-New-EER-12.0/instance-out.sql,2666144.06,13438.57,636668.29,167224.54,0.0,1013813.91,0.0,498605.9,1072.51,0.0,0.0,0.0,335320.34,0.0,0.0,0.00,636668.29,13438.57,0.00,945189.93,68623.98
CZ15/ECC&0&cDXGF&New&dxAC_equip/NE-dxAC-PkgAC-135to239-New-EER-12.5/instance-out.sql,2645669.72,13438.57,616193.95,167224.54,0.0,1013813.91,0.0,498605.9,1072.51,0.0,0.0,0.0,335320.34,0.0,0.0,0.00,616193.95,13438.57,0.00,945189.93,68623.98
CZ15/ECC&0&cDXGF&New&dxAC_equip/NE-dxAC-PkgAC-240to759-New-EER-9.8/instance-out.sql,2737997.92,13438.57,708522.15,167224.54,0.0,1013813.91,0.0,498605.9,1072.51,0.0,0.0,0.0,335320.34,0.0,0.0,0.00,708522.15,13438.57,0.00,945189.93,68623.98
CZ15/ECC&0&cDXGF&New&dxAC_equip/NE-dxAC-PkgAC-240to759-New-EER-10.8/instance-out.sql,2685863.8200000003,13438.57,656388.04,167224.54,0.0,1013813.91,0.0,498605.9,1072.51,0.0,0.0,0.0,335320.34,0.0,0.0,0.00,656388.04,13438.57,0.00,945189.93,68623.98
CZ15/ECC&0&cDXGF&New&dxAC_equip/NE-dxAC-PkgAC-240to759-New-EER-11.5/instance-out.sql,2653430.15,13438.57,623954.38,167224.54,0.0,1013813.91,0.0,498605.9,1072.51,0.0,0.0,0.0,335320.34,0.0,0.0,0.00,623954.38,13438.57,0.00,945189.93,68623.98
CZ15/ECC&0&cDXGF&New&dxAC_equip/NE-dxAC-PkgAC-240to759-New-EER-12.5/instance-out.sql,2614068.96,13438.57,584593.19,167224.54,0.0,1013813.91,0.0,498605.9,1072.51,0.0,0.0,0.0,335320.34,0.0,0.0,0.00,584593.19,13438.57,0.00,945189.93,68623.98
CZ15/ECC&0&cDXGF&New&dxAC_equip/NE-dxAC-PkgAC-gt760-New-EER-9.5/instance-out.sql,2725860.8800000004,13438.57,696385.11,167224.54,0.0,1013813.91,0.0,498605.9,1072.51,0.0,0.0,0.0,335320.34,0.0,0.0,0.00,696385.11,13438.57,0.00,945189.93,68623.98
CZ15/ECC&0&cDXGF&New&dxAC_equip/NE-dxAC-PkgAC-gt760-New-EER-10.2/instance-out.sql,2687147.91,13438.57,657672.14,167224.54,0.0,1013813.91,0.0,498605.9,1072.51,0.0,0.0,0.0,335320.34,0.0,0.0,0.00,657672.14,13438.57,0.00,945189.93,68623.98
CZ15/ECC&0&cDXGF&New&dxAC_equip/NE-dxAC-PkgAC-gt760-New-EER-11.0/instance-out.sql,2650073.81,13438.57,620598.04,167224.54,0.0,1013813.91,0.0,498605.9,1072.51,0.0,0.0,0.0,335320.34,0.0,0.0,0.00,620598.04,13438.57,0.00,945189.93,68623.98
CZ15/ECC&0&cDXGF&New&dxAC_equip/NE-dxAC-PkgAC-gt760-New-EER-12.0/instance-out.sql,2609356.74,13438.57,579880.97,167224.54,0.0,1013813.91,0.0,498605.9,1072.51,0.0,0.0,0.0,335320.34,0.0,0.0,0.00,579880.97,13438.57,0.00,945189.93,68623.98
CZ15/EPr&0&cDXGF&New&dxAC_equip/NE-dxAC-PkgAC-65to134-New-EER-11.0/instance-out.sql,404628.81999999995,5440.64,109690.22,30835.78,0.0,125897.03,0.0,67606.35,3.37,0.0,0.0,0.0,65155.41,0.0,0.0,0.00,109690.22,5440.64,0.00,83226.75,42670.28
CZ15/EPr&0&cDXGF&New&dxAC_equip/NE-dxAC-PkgAC-65to134-New-EER-11.5/instance-out.sql,400620.45999999996,5440.64,105681.86,30835.78,0.0,125897.03,0.0,67606.35,3.37,0.0,0.0,0.0,65155.41,0.0,0.0,0.00,105681.86,5440.64,0.00,83226.75,42670.28
CZ15/EPr&0&cDXGF&New&dxAC_equip/NE-dxAC-PkgAC-65to134-New-EER-12.0/instance-out.sql,396941.28,5440.64,102002.69,30835.78,0.0,125897.03,0.0,67606.35,3.37,0.0,0.0,0.0,65155.41,0.0,0.0,0.00,102002.69,5440.64,0.00,83226.75,42670.28
CZ15/EPr&0&cDXGF&New&dxAC_equip/NE-dxAC-PkgAC-65to134-New-EER-12.5/instance-out.sql,393552.35,5440.64,98613.75,30835.78,0.0,125897.03,0.0,67606.35,3.37,0.0,0.0,0.0,65155.41,0.0,0.0,0.00,98613.75,5440.64,0.00,83226.75,42670.28
CZ15/EPr&0&cDXGF&New&dxAC_equip/NE-dxAC-PkgAC-65to134-New-EER-13.0/instance-out.sql,390243.77,5440.64,95305.17,30835.78,0.0,125897.03,0.0,67606.35,3.37,0.0,0.0,0.0,65155.41,0.0,0.0,0.00,95305.17,5440.64,0.00,83226.75,42670.28
CZ15/EPr&0&cDXGF&New&dxAC_equip/NE-dxAC-PkgAC-135to239-New-EER-10.8/instance-out.sql,404383.13,5440.64,109444.54,30835.78,0.0,125897.03,0.0,67606.35,3.37,0.0,0.0,0.0,65155.41,0.0,0.0,0.00,109444.54,5440.64,0.00,83226.75,42670.28
CZ15/EPr&0&cDXGF&New&dxAC_equip/NE-dxAC-PkgAC-135to239-New-EER-11.5/instance-out.sql,398634.28,5440.64,103695.68,30835.78,0.0,125897.03,0.0,67606.35,3.37,0.0,0.0,0.0,65155.41,0.0,0.0,0.00,103695.68,5440.64,0.00,83226.75,42670.28
CZ15/EPr&0&cDXGF&New&dxAC_equip/NE-dxAC-PkgAC-135to239-New-EER-12.0/instance-out.sql,395113.20999999996,5440.64,100174.61,30835.78,0.0,125897.03,0.0,67606.35,3.37,0.0,0.0,0.0,65155.41,0.0,0.0,0.00,100174.61,5440.64,0.00,83226.75,42670.28
CZ15/EPr&0&cDXGF&New&dxAC_equip/NE-dxAC-PkgAC-135to239-New-EER-12.5/instance-out.sql,391680.9,5440.64,96742.31,30835.78,0.0,125897.03,0.0,67606.35,3.37,0.0,0.0,0.0,65155.41,0.0,0.0,0.00,96742.31,5440.64,0.00,83226.75,42670.28
CZ15/EPr&0&cDXGF&New&dxAC_equip/NE-dxAC-PkgAC-240to759-New-EER-9.8/instance-out.sql,407158.74,5440.64,112220.14,30835.78,0.0,125897.03,0.0,67606.35,3.37,0.0,0.0,0.0,65155.41,0.0,0.0,0.00,112220.14,5440.64,0.00,83226.75,42670.28
CZ15/EPr&0&cDXGF&New&dxAC_equip/NE-dxAC-PkgAC-240to759-New-EER-10.8/instance-out.sql,398419.01,5440.64,103480.42,30835.78,0.0,125897.03,0.0,67606.35,3.37,0.0,0.0,0.0,65155.41,0.0,0.0,0.00,103480.42,5440.64,0.00,83226.75,42670.28
CZ15/EPr&0&cDXGF&New&dxAC_equip/NE-dxAC-PkgAC-240to759-New-EER-11.5/instance-out.sql,392981.86,5440.64,98043.26,30835.78,0.0,125897.03,0.0,67606.35,3.37,0.0,0.0,0.0,65155.41,0.0,0.0,0.00,98043.26,5440.64,0.00,83226.75,42670.28
CZ15/EPr&0&cDXGF&New&dxAC_equip/NE-dxAC-PkgAC-240to759-New-EER-12.5/instance-out.sql,386383.37,5440.64,91444.78,30835.78,0.0,125897.03,0.0,67606.35,3.37,0.0,0.0,0.0,65155.41,0.0,0.0,0.00,91444.78,5440.64,0.00,83226.75,42670.28
CZ15/EPr&0&cDXGF&New&dxAC_equip/NE-dxAC-PkgAC-gt760-New-EER-9.5/instance-out.sql,405124.08999999997,5440.64,110185.5,30835.78,0.0,125897.03,0.0,67606.35,3.37,0.0,0.0,0.0,65155.41,0.0,0.0,0.00,110185.50,5440.64,0.00,83226.75,42670.28
CZ15/EPr&0&cDXGF&New&dxAC_equip/NE-dxAC-PkgAC-gt760-New-EER-10.2/instance-out.sql,398634.28,5440.64,103695.68,30835.78,0.0,125897.03,0.0,67606.35,3.37,0.0,0.0,0.0,65155.41,0.0,0.0,0.00,103695.68,5440.64,0.00,83226.75,42670.28
CZ15/EPr&0&cDXGF&New&dxAC_equip/NE-dxAC-PkgAC-gt760-New-EER-11.0/instance-out.sql,392419.19999999995,5440.64,97480.61,30835.78,0.0,125897.03,0.0,67606.35,3.37,0.0,0.0,0.0,65155.41,0.0,0.0,0.00,97480.61,5440.64,0.00,83226.75,42670.28
CZ15/EPr&0&cDXGF&New&dxAC_equip/NE-dxAC-PkgAC-gt760-New-EER-12.0/instance-out.sql,385593.42000000004,5440.64,90654.83,30835.78,0.0,125897.03,0.0,67606.35,3.37,0.0,0.0,0.0,65155.41,0.0,0.0,0.00,90654.83,5440.64,0.00,83226.75,42670.28
CZ15/ERC&0&cDXGF&New&dxAC_equip/NE-dxAC-PkgAC-65to134-New-EER-11.0/instance-out.sql,20315.64,266.14,4558.45,1016.35,0.0,2196.82,0.0,3732.5,3.36,0.0,0.0,0.0,8542.03,0.0,0.0,0.00,4558.45,266.14,0.00,2196.82,0.00
CZ15/ERC&0&cDXGF&New&dxAC_equip/NE-dxAC-PkgAC-65to134-New-EER-11.5/instance-out.sql,20120.61,266.14,4363.41,1016.35,0.0,2196.82,0.0,3732.5,3.36,0.0,0.0,0.0,8542.03,0.0,0.0,0.00,4363.41,266.14,0.00,2196.82,0.00
CZ15/ERC&0&cDXGF&New&dxAC_equip/NE-dxAC-PkgAC-65to134-New-EER-12.0/instance-out.sql,19941.6,266.14,4184.4,1016.35,0.0,2196.82,0.0,3732.5,3.36,0.0,0.0,0.0,8542.03,0.0,0.0,0.00,4184.40,266.14,0.00,2196.82,0.00
CZ15/ERC&0&cDXGF&New&dxAC_equip/NE-dxAC-PkgAC-65to134-New-EER-12.5/instance-out.sql,19776.71,266.14,4019.51,1016.35,0.0,2196.82,0.0,3732.5,3.36,0.0,0.0,0.0,8542.03,0.0,0.0,0.00,4019.51,266.14,0.00,2196.82,0.00
CZ15/ERC&0&cDXGF&New&dxAC_equip/NE-dxAC-PkgAC-65to134-New-EER-13.0/instance-out.sql,19615.72,266.14,3858.53,1016.35,0.0,2196.82,0.0,3732.5,3.36,0.0,0.0,0.0,8542.03,0.0,0.0,0.00,3858.53,266.14,0.00,2196.82,0.00
CZ15/ERC&0&cDXGF&New&dxAC_equip/NE-dxAC-PkgAC-135to239-New-EER-10.8/instance-out.sql,20303.690000000002,266.14,4546.49,1016.35,0.0,2196.82,0.0,3732.5,3.36,0.0,0.0,0.0,8542.03,0.0,0.0,0.00,4546.49,266.14,0.00,2196.82,0.00
CZ15/ERC&0&cDXGF&New&dxAC_equip/NE-dxAC-PkgAC-135to239-New-EER-11.5/instance-out.sql,20023.97,266.14,4266.77,1016.35,0.0,2196.82,0.0,3732.5,3.36,0.0,0.0,0.0,8542.03,0.0,0.0,0.00,4266.77,266.14,0.00,2196.82,0.00
CZ15/ERC&0&cDXGF&New&dxAC_equip/NE-dxAC-PkgAC-135to239-New-EER-12.0/instance-out.sql,19852.65,266.14,4095.45,1016.35,0.0,2196.82,0.0,3732.5,3.36,0.0,0.0,0.0,8542.03,0.0,0.0,0.00,4095.45,266.14,0.00,2196.82,0.00
CZ15/ERC&0&cDXGF&New&dxAC_equip/NE-dxAC-PkgAC-135to239-New-EER-12.5/instance-out.sql,19685.65,266.14,3928.45,1016.35,0.0,2196.82,0.0,3732.5,3.36,0.0,0.0,0.0,8542.03,0.0,0.0,0.00,3928.45,266.14,0.00,2196.82,0.00
CZ15/ERC&0&cDXGF&New&dxAC_equip/NE-dxAC-PkgAC-240to759-New-EER-9.8/instance-out.sql,20438.739999999998,266.14,4681.54,1016.35,0.0,2196.82,0.0,3732.5,3.36,0.0,0.0,0.0,8542.03,0.0,0.0,0.00,4681.54,266.14,0.00,2196.82,0.00
CZ15/ERC&0&cDXGF&New&dxAC_equip/NE-dxAC-PkgAC-240to759-New-EER-10.8/instance-out.sql,20013.5,266.14,4256.3,1016.35,0.0,2196.82,0.0,3732.5,3.36,0.0,0.0,0.0,8542.03,0.0,0.0,0.00,4256.30,266.14,0.00,2196.82,0.00
CZ15/ERC&0&cDXGF&New&dxAC_equip/NE-dxAC-PkgAC-240to759-New-EER-11.5/instance-out.sql,19748.95,266.14,3991.75,1016.35,0.0,2196.82,0.0,3732.5,3.36,0.0,0.0,0.0,8542.03,0.0,0.0,0.00,3991.75,266.14,0.00,2196.82,0.00
CZ15/ERC&0&cDXGF&New&dxAC_equip/NE-dxAC-PkgAC-240to759-New-EER-12.5/instance-out.sql,19427.89,266.14,3670.69,1016.35,0.0,2196.82,0.0,3732.5,3.36,0.0,0.0,0.0,8542.03,0.0,0.0,0.00,3670.69,266.14,0.00,2196.82,0.00
CZ15/ERC&0&cDXGF&New&dxAC_equip/NE-dxAC-PkgAC-gt760-New-EER-9.5/instance-out.sql,20339.739999999998,266.14,4582.54,1016.35,0.0,2196.82,0.0,3732.5,3.36,0.0,0.0,0.0,8542.03,0.0,0.0,0.00,4582.54,266.14,0.00,2196.82,0.00
CZ15/ERC&0&cDXGF&New&dxAC_equip/NE-dxAC-PkgAC-gt760-New-EER-10.2/instance-out.sql,20023.97,266.14,4266.77,1016.35,0.0,2196.82,0.0,3732.5,3.36,0.0,0.0,0.0,8542.03,0.0,0.0,0.00,4266.77,266.14,0.00,2196.82,0.00
CZ15/ERC&0&cDXGF&New&dxAC_equip/NE-dxAC-PkgAC-gt760-New-EER-11.0/instance-out.sql,19721.57,266.14,3964.37,1016.35,0.0,2196.82,0.0,3732.5,3.36,0.0,0.0,0.0,8542.03,0.0,0.0,0.00,3964.37,266.14,0.00,2196.82,0.00
CZ15/ERC&0&cDXGF&New&dxAC_equip/NE-dxAC-PkgAC-gt760-New-EER-12.0/instance-out.sql,19389.46,266.14,3632.26,1016.35,0.0,2196.82,0.0,3732.5,3.36,0.0,0.0,0.0,8542.03,0.0,0.0,0.00,3632.26,266.14,0.00,2196.82,0.00
CZ15/ESe&0&cDXGF&New&dxAC_equip/NE-dxAC-PkgAC-65to134-New-EER-11.0/instance-out.sql,1131955.3399999999,23037.11,330021.33,94750.45,0.0,323176.74,0.0,183727.7,3.39,0.0,0.0,0.0,177238.63,0.0,0.0,0.00,330021.33,23037.11,0.00,259085.82,64090.92
CZ15/ESe&0&cDXGF&New&dxAC_equip/NE-dxAC-PkgAC-65to134-New-EER-11.5/instance-out.sql,1127810.88,23037.11,325876.87,94750.45,0.0,323176.74,0.0,183727.7,3.39,0.0,0.0,0.0,177238.63,0.0,0.0,0.00,325876.87,23037.11,0.00,259085.82,64090.92
CZ15/ESe&0&cDXGF&New&dxAC_equip/NE-dxAC-PkgAC-65to134-New-EER-12.0/instance-out.sql,1124006.78,23037.11,322072.77,94750.45,0.0,323176.74,0.0,183727.7,3.39,0.0,0.0,0.0,177238.63,0.0,0.0,0.00,322072.77,23037.11,0.00,259085.82,64090.92
CZ15/ESe&0&cDXGF&New&dxAC_equip/NE-dxAC-PkgAC-65to134-New-EER-12.5/instance-out.sql,1120502.78,23037.11,318568.77,94750.45,0.0,323176.74,0.0,183727.7,3.39,0.0,0.0,0.0,177238.63,0.0,0.0,0.00,318568.77,23037.11,0.00,259085.82,64090.92
CZ15/ESe&0&cDXGF&New&dxAC_equip/NE-dxAC-PkgAC-65to134-New-EER-13.0/instance-out.sql,1117081.87,23037.11,315147.86,94750.45,0.0,323176.74,0.0,183727.7,3.39,0.0,0.0,0.0,177238.63,0.0,0.0,0.00,315147.86,23037.11,0.00,259085.82,64090.92
CZ15/ESe&0&cDXGF&New&dxAC_equip/NE-dxAC-PkgAC-135to239-New-EER-10.8/instance-out.sql,1131701.31,23037.11,329767.3,94750.45,0.0,323176.74,0.0,183727.7,3.39,0.0,0.0,0.0,177238.63,0.0,0.0,0.00,329767.30,23037.11,0.00,259085.82,64090.92
CZ15/ESe&0&cDXGF&New&dxAC_equip/NE-dxAC-PkgAC-135to239-New-EER-11.5/instance-out.sql,1125757.26,23037.11,323823.25,94750.45,0.0,323176.74,0.0,183727.7,3.39,0.0,0.0,0.0,177238.63,0.0,0.0,0.00,323823.25,23037.11,0.00,259085.82,64090.92
CZ15/ESe&0&cDXGF&New&dxAC_equip/NE-dxAC-PkgAC-135to239-New-EER-12.0/instance-out.sql,1122116.6400000001,23037.11,320182.63,94750.45,0.0,323176.74,0.0,183727.7,3.39,0.0,0.0,0.0,177238.63,0.0,0.0,0.00,320182.63,23037.11,0.00,259085.82,64090.92
CZ15/ESe&0&cDXGF&New&dxAC_equip/NE-dxAC-PkgAC-135to239-New-EER-12.5/instance-out.sql,1118567.8,23037.11,316633.79,94750.45,0.0,323176.74,0.0,183727.7,3.39,0.0,0.0,0.0,177238.63,0.0,0.0,0.00,316633.79,23037.11,0.00,259085.82,64090.92
CZ15/ESe&0&cDXGF&New&dxAC_equip/NE-dxAC-PkgAC-240to759-New-EER-9.8/instance-out.sql,1134571.15,23037.11,332637.15,94750.45,0.0,323176.74,0.0,183727.7,3.39,0.0,0.0,0.0,177238.63,0.0,0.0,0.00,332637.15,23037.11,0.00,259085.82,64090.92
CZ15/ESe&0&cDXGF&New&dxAC_equip/NE-dxAC-PkgAC-240to759-New-EER-10.8/instance-out.sql,1125534.69,23037.11,323600.68,94750.45,0.0,323176.74,0.0,183727.7,3.39,0.0,0.0,0.0,177238.63,0.0,0.0,0.00,323600.68,23037.11,0.00,259085.82,64090.92
CZ15/ESe&0&cDXGF&New&dxAC_equip/NE-dxAC-PkgAC-240to759-New-EER-11.5/instance-out.sql,1119912.92,23037.11,317978.91,94750.45,0.0,323176.74,0.0,183727.7,3.39,0.0,0.0,0.0,177238.63,0.0,0.0,0.00,317978.91,23037.11,0.00,259085.82,64090.92
CZ15/ESe&0&cDXGF&New&dxAC_equip/NE-dxAC-PkgAC-240to759-New-EER-12.5/instance-out.sql,1113090.4,23037.11,311156.39,94750.45,0.0,323176.74,0.0,183727.7,3.39,0.0,0.0,0.0,177238.63,0.0,0.0,0.00,311156.39,23037.11,0.00,259085.82,64090.92
CZ15/ESe&0&cDXGF&New&dxAC_equip/NE-dxAC-PkgAC-gt760-New-EER-9.5/instance-out.sql,1132467.4300000002,23037.11,330533.42,94750.45,0.0,323176.74,0.0,183727.7,3.39,0.0,0.0,0.0,177238.63,0.0,0.0,0.00,330533.42,23037.11,0.00,259085.82,64090.92
CZ15/ESe&0&cDXGF&New&dxAC_equip/NE-dxAC-PkgAC-gt760-New-EER-10.2/instance-out.sql,1125757.26,23037.11,323823.25,94750.45,0.0,323176.74,0.0,183727.7,3.39,0.0,0.0,0.0,177238.63,0.0,0.0,0.00,323823.25,23037.11,0.00,259085.82,64090.92
CZ15/ESe&0&cDXGF&New&dxAC_equip/NE-dxAC-PkgAC-gt760-New-EER-11.0/instance-out.sql,1119331.1600000001,23037.11,317397.16,94750.45,0.0,323176.74,0.0,183727.7,3.39,0.0,0.0,0.0,177238.63,0.0,0.0,0.00,317397.16,23037.11,0.00,259085.82,64090.92
CZ15/ESe&0&cDXGF&New&dxAC_equip/NE-dxAC-PkgAC-gt760-New-EER-12.0/instance-out.sql,1112273.63,23037.11,310339.62,94750.45,0.0,323176.74,0.0,183727.7,3.39,0.0,0.0,0.0,177238.63,0.0,0.0,0.00,310339.62,23037.11,0.00,259085.82,64090.92
CZ15/EUn&0&cDXGF&New&dxAC_equip/NE-dxAC-PkgAC-65to134-New-EER-11.0/instance-out.sql,8478078.57,45361.32,2012506.12,644388.1,0.0,3682881.23,0.0,1523900.83,3.37,0.0,0.0,0.0,569037.6,0.0,0.0,0.00,2012506.12,45361.32,0.00,3555459.15,127422.08
CZ15/EUn&0&cDXGF&New&dxAC_equip/NE-dxAC-PkgAC-65to134-New-EER-11.5/instance-out.sql,8416380.33,45361.32,1950807.89,644388.1,0.0,3682881.23,0.0,1523900.83,3.37,0.0,0.0,0.0,569037.6,0.0,0.0,0.00,1950807.89,45361.32,0.00,3555459.15,127422.08
CZ15/EUn&0&cDXGF&New&dxAC_equip/NE-dxAC-PkgAC-65to134-New-EER-12.0/instance-out.sql,8359749.1,45361.32,1894176.66,644388.1,0.0,3682881.23,0.0,1523900.83,3.37,0.0,0.0,0.0,569037.6,0.0,0.0,0.00,1894176.66,45361.32,0.00,3555459.15,127422.08
CZ15/EUn&0&cDXGF&New&dxAC_equip/NE-dxAC-PkgAC-65to134-New-EER-12.5/instance-out.sql,8307585.3,45361.32,1842012.86,644388.1,0.0,3682881.23,0.0,1523900.83,3.37,0.0,0.0,0.0,569037.6,0.0,0.0,0.00,1842012.86,45361.32,0.00,3555459.15,127422.08
CZ15/EUn&0&cDXGF&New&dxAC_equip/NE-dxAC-PkgAC-65to134-New-EER-13.0/instance-out.sql,8256658.45,45361.32,1791086.01,644388.1,0.0,3682881.23,0.0,1523900.83,3.37,0.0,0.0,0.0,569037.6,0.0,0.0,0.00,1791086.01,45361.32,0.00,3555459.15,127422.08
CZ15/EUn&0&cDXGF&New&dxAC_equip/NE-dxAC-PkgAC-135to239-New-EER-10.8/instance-out.sql,8474296.85,45361.32,2008724.4,644388.1,0.0,3682881.23,0.0,1523900.83,3.37,0.0,0.0,0.0,569037.6,0.0,0.0,0.00,2008724.40,45361.32,0.00,3555459.15,127422.08
CZ15/EUn&0&cDXGF&New&dxAC_equip/NE-dxAC-PkgAC-135to239-New-EER-11.5/instance-out.sql,8385808.33,45361.32,1920235.89,644388.1,0.0,3682881.23,0.0,1523900.83,3.37,0.0,0.0,0.0,569037.6,0.0,0.0,0.00,1920235.89,45361.32,0.00,3555459.15,127422.08
CZ15/EUn&0&cDXGF&New&dxAC_equip/NE-dxAC-PkgAC-135to239-New-EER-12.0/instance-out.sql,8331610.68,45361.32,1866038.24,644388.1,0.0,3682881.23,0.0,1523900.83,3.37,0.0,0.0,0.0,569037.6,0.0,0.0,0.00,1866038.24,45361.32,0.00,3555459.15,127422.08
CZ15/EUn&0&cDXGF&New&dxAC_equip/NE-dxAC-PkgAC-135to239-New-EER-12.5/instance-out.sql,8278779.36,45361.32,1813206.92,644388.1,0.0,3682881.23,0.0,1523900.83,3.37,0.0,0.0,0.0,569037.6,0.0,0.0,0.00,1813206.92,45361.32,0.00,3555459.15,127422.08
CZ15/EUn&0&cDXGF&New&dxAC_equip/NE-dxAC-PkgAC-240to759-New-EER-9.8/instance-out.sql,8517020.059999999,45361.32,2051447.62,644388.1,0.0,3682881.23,0.0,1523900.83,3.37,0.0,0.0,0.0,569037.6,0.0,0.0,0.00,2051447.62,45361.32,0.00,3555459.15,127422.08
CZ15/EUn&0&cDXGF&New&dxAC_equip/NE-dxAC-PkgAC-240to759-New-EER-10.8/instance-out.sql,8382494.9,45361.32,1916922.46,644388.1,0.0,3682881.23,0.0,1523900.83,3.37,0.0,0.0,0.0,569037.6,0.0,0.0,0.00,1916922.46,45361.32,0.00,3555459.15,127422.08
CZ15/EUn&0&cDXGF&New&dxAC_equip/NE-dxAC-PkgAC-240to759-New-EER-11.5/instance-out.sql,8298804.14,45361.32,1833231.69,644388.1,0.0,3682881.23,0.0,1523900.83,3.37,0.0,0.0,0.0,569037.6,0.0,0.0,0.00,1833231.69,45361.32,0.00,3555459.15,127422.08
CZ15/EUn&0&cDXGF&New&dxAC_equip/NE-dxAC-PkgAC-240to759-New-EER-12.5/instance-out.sql,8197237.8,45361.32,1731665.36,644388.1,0.0,3682881.23,0.0,1523900.83,3.37,0.0,0.0,0.0,569037.6,0.0,0.0,0.00,1731665.36,45361.32,0.00,3555459.15,127422.08
CZ15/EUn&0&cDXGF&New&dxAC_equip/NE-dxAC-PkgAC-gt760-New-EER-9.5/instance-out.sql,8485702.030000001,45361.32,2020129.59,644388.1,0.0,3682881.23,0.0,1523900.83,3.37,0.0,0.0,0.0,569037.6,0.0,0.0,0.00,2020129.59,45361.32,0.00,3555459.15,127422.08
CZ15/EUn&0&cDXGF&New&dxAC_equip/NE-dxAC-PkgAC-gt760-New-EER-10.2/instance-out.sql,8385808.33,45361.32,1920235.89,644388.1,0.0,3682881.23,0.0,1523900.83,3.37,0.0,0.0,0.0,569037.6,0.0,0.0,0.00,1920235.89,45361.32,0.00,3555459.15,127422.08
CZ15/EUn&0&cDXGF&New&dxAC_equip/NE-dxAC-PkgAC-gt760-New-EER-11.0/instance-out.sql,8290143.54,45361.32,1824571.09,644388.1,0.0,3682881.23,0.0,1523900.83,3.37,0.0,0.0,0.0,569037.6,0.0,0.0,0.00,1824571.09,45361.32,0.00,3555459.15,127422.08
CZ15/EUn&0&cDXGF&New&dxAC_equip/NE-dxAC-PkgAC-gt760-New-EER-12.0/instance-out.sql,8185078.53,45361.32,1719506.08,644388.1,0.0,3682881.23,0.0,1523900.83,3.37,0.0,0.0,0.0,569037.6,0.0,0.0,0.00,1719506.08,45361.32,0.00,3555459.15,127422.08
CZ15/Gro&0&cDXGF&New&dxAC_equip/NE-dxAC-PkgAC-65to134-New-EER-11.0/instance-out.sql,2186661.59,31563.82,135417.93,157111.61,0.0,177584.03,0.0,147652.72,3.38,0.0,0.0,0.0,47064.22,1490263.88,0.0,0.00,135417.93,31563.82,0.00,177584.03,0.00
CZ15/Gro&0&cDXGF&New&dxAC_equip/NE-dxAC-PkgAC-65to134-New-EER-11.5/instance-out.sql,2180863.84,31563.82,129620.18,157111.61,0.0,177584.03,0.0,147652.72,3.38,0.0,0.0,0.0,47064.22,1490263.88,0.0,0.00,129620.18,31563.82,0.00,177584.03,0.00
CZ15/Gro&0&cDXGF&New&dxAC_equip/NE-dxAC-PkgAC-65to134-New-EER-12.0/instance-out.sql,2175542.23,31563.82,124298.58,157111.61,0.0,177584.03,0.0,147652.72,3.38,0.0,0.0,0.0,47064.22,1490263.88,0.0,0.00,124298.58,31563.82,0.00,177584.03,0.00
CZ15/Gro&0&cDXGF&New&dxAC_equip/NE-dxAC-PkgAC-65to134-New-EER-12.5/instance-out.sql,2170640.4299999997,31563.82,119396.77,157111.61,0.0,177584.03,0.0,147652.72,3.38,0.0,0.0,0.0,47064.22,1490263.88,0.0,0.00,119396.77,31563.82,0.00,177584.03,0.00
CZ15/Gro&0&cDXGF&New&dxAC_equip/NE-dxAC-PkgAC-65to134-New-EER-13.0/instance-out.sql,2165854.86,31563.82,114611.2,157111.61,0.0,177584.03,0.0,147652.72,3.38,0.0,0.0,0.0,47064.22,1490263.88,0.0,0.00,114611.20,31563.82,0.00,177584.03,0.00
CZ15/Gro&0&cDXGF&New&dxAC_equip/NE-dxAC-PkgAC-135to239-New-EER-10.8/instance-out.sql,2186306.22,31563.82,135062.57,157111.61,0.0,177584.03,0.0,147652.72,3.38,0.0,0.0,0.0,47064.22,1490263.88,0.0,0.00,135062.57,31563.82,0.00,177584.03,0.00
CZ15/Gro&0&cDXGF&New&dxAC_equip/NE-dxAC-PkgAC-135to239-New-EER-11.5/instance-out.sql,2177991.0,31563.82,126747.35,157111.61,0.0,177584.03,0.0,147652.72,3.38,0.0,0.0,0.0,47064.22,1490263.88,0.0,0.00,126747.35,31563.82,0.00,177584.03,0.00
CZ15/Gro&0&cDXGF&New&dxAC_equip/NE-dxAC-PkgAC-135to239-New-EER-12.0/instance-out.sql,2172898.08,31563.82,121654.42,157111.61,0.0,177584.03,0.0,147652.72,3.38,0.0,0.0,0.0,47064.22,1490263.88,0.0,0.00,121654.42,31563.82,0.00,177584.03,0.00
CZ15/Gro&0&cDXGF&New&dxAC_equip/NE-dxAC-PkgAC-135to239-New-EER-12.5/instance-out.sql,2167933.55,31563.82,116689.89,157111.61,0.0,177584.03,0.0,147652.72,3.38,0.0,0.0,0.0,47064.22,1490263.88,0.0,0.00,116689.89,31563.82,0.00,177584.03,0.00
CZ15/Gro&0&cDXGF&New&dxAC_equip/NE-dxAC-PkgAC-240to759-New-EER-9.8/instance-out.sql,2190320.9,31563.82,139077.24,157111.61,0.0,177584.03,0.0,147652.72,3.38,0.0,0.0,0.0,47064.22,1490263.88,0.0,0.00,139077.24,31563.82,0.00,177584.03,0.00
CZ15/Gro&0&cDXGF&New&dxAC_equip/NE-dxAC-PkgAC-240to759-New-EER-10.8/instance-out.sql,2177679.64,31563.82,126435.99,157111.61,0.0,177584.03,0.0,147652.72,3.38,0.0,0.0,0.0,47064.22,1490263.88,0.0,0.00,126435.99,31563.82,0.00,177584.03,0.00
CZ15/Gro&0&cDXGF&New&dxAC_equip/NE-dxAC-PkgAC-240to759-New-EER-11.5/instance-out.sql,2169815.27,31563.82,118571.61,157111.61,0.0,177584.03,0.0,147652.72,3.38,0.0,0.0,0.0,47064.22,1490263.88,0.0,0.00,118571.61,31563.82,0.00,177584.03,0.00
CZ15/Gro&0&cDXGF&New&dxAC_equip/NE-dxAC-PkgAC-240to759-New-EER-12.5/instance-out.sql,2160271.13,31563.82,109027.47,157111.61,0.0,177584.03,0.0,147652.72,3.38,0.0,0.0,0.0,47064.22,1490263.88,0.0,0.00,109027.47,31563.82,0.00,177584.03,0.00
CZ15/Gro&0&cDXGF&New&dxAC_equip/NE-dxAC-PkgAC-gt760-New-EER-9.5/instance-out.sql,2187377.96,31563.82,136134.31,157111.61,0.0,177584.03,0.0,147652.72,3.38,0.0,0.0,0.0,47064.22,1490263.88,0.0,0.00,136134.31,31563.82,0.00,177584.03,0.00
CZ15/Gro&0&cDXGF&New&dxAC_equip/NE-dxAC-PkgAC-gt760-New-EER-10.2/instance-out.sql,2177991.0,31563.82,126747.35,157111.61,0.0,177584.03,0.0,147652.72,3.38,0.0,0.0,0.0,47064.22,1490263.88,0.0,0.00,126747.35,31563.82,0.00,177584.03,0.00
CZ15/Gro&0&cDXGF&New&dxAC_equip/NE-dxAC-PkgAC-gt760-New-EER-11.0/instance-out.sql,2169001.4299999997,31563.82,117757.78,157111.61,0.0,177584.03,0.0,147652.72,3.38,0.0,0.0,0.0,47064.22,1490263.88,0.0,0.00,117757.78,31563.82,0.00,177584.03,0.00
CZ15/Gro&0&cDXGF&New&dxAC_equip/NE-dxAC-PkgAC-gt760-New-EER-12.0/instance-out.sql,2159128.53,31563.82,107884.87,157111.61,0.0,177584.03,0.0,147652.72,3.38,0.0,0.0,0.0,47064.22,1490263.88,0.0,0.00,107884.87,31563.82,0.00,177584.03,0.00
CZ15/Hsp&0&cDXGF&New&dxAC_equip/NE-dxAC-PkgAC-65to134-New-EER-11.0/instance-out.sql,4306355.56,181654.37,1494007.01,625795.42,0.0,1182847.3,0.0,581221.09,41072.18,0.0,0.0,0.0,199758.18,0.0,0.0,0.00,1494007.01,181654.37,0.00,1139112.10,43735.20
CZ15/Hsp&0&cDXGF&New&dxAC_equip/NE-dxAC-PkgAC-65to134-New-EER-11.5/instance-out.sql,4192132.12,129515.38,1458849.61,625795.42,0.0,1182847.3,0.0,554327.33,41007.53,0.0,0.0,0.0,199789.55,0.0,0.0,0.00,1458849.61,129515.38,0.00,1139112.10,43735.20
CZ15/Hsp&0&cDXGF&New&dxAC_equip/NE-dxAC-PkgAC-65to134-New-EER-12.0/instance-out.sql,4182602.11,129515.38,1449319.6,625795.42,0.0,1182847.3,0.0,554327.33,41007.53,0.0,0.0,0.0,199789.55,0.0,0.0,0.00,1449319.60,129515.38,0.00,1139112.10,43735.20
CZ15/Hsp&0&cDXGF&New&dxAC_equip/NE-dxAC-PkgAC-65to134-New-EER-12.5/instance-out.sql,4173823.88,129515.38,1440541.37,625795.42,0.0,1182847.3,0.0,554327.33,41007.53,0.0,0.0,0.0,199789.55,0.0,0.0,0.00,1440541.37,129515.38,0.00,1139112.10,43735.20
CZ15/Hsp&0&cDXGF&New&dxAC_equip/NE-dxAC-PkgAC-65to134-New-EER-13.0/instance-out.sql,4165253.82,129515.38,1431971.3,625795.42,0.0,1182847.3,0.0,554327.33,41007.53,0.0,0.0,0.0,199789.55,0.0,0.0,0.00,1431971.30,129515.38,0.00,1139112.10,43735.20
CZ15/Hsp&0&cDXGF&New&dxAC_equip/NE-dxAC-PkgAC-135to239-New-EER-10.8/instance-out.sql,4201878.43,129515.38,1468595.91,625795.42,0.0,1182847.3,0.0,554327.33,41007.53,0.0,0.0,0.0,199789.55,0.0,0.0,0.00,1468595.91,129515.38,0.00,1139112.10,43735.20
CZ15/Hsp&0&cDXGF&New&dxAC_equip/NE-dxAC-PkgAC-135to239-New-EER-11.5/instance-out.sql,4186987.4099999997,129515.38,1453704.9,625795.42,0.0,1182847.3,0.0,554327.33,41007.53,0.0,0.0,0.0,199789.55,0.0,0.0,0.00,1453704.90,129515.38,0.00,1139112.10,43735.20
CZ15/Hsp&0&cDXGF&New&dxAC_equip/NE-dxAC-PkgAC-135to239-New-EER-12.0/instance-out.sql,4177866.92,129515.38,1444584.41,625795.42,0.0,1182847.3,0.0,554327.33,41007.53,0.0,0.0,0.0,199789.55,0.0,0.0,0.00,1444584.41,129515.38,0.00,1139112.10,43735.20
CZ15/Hsp&0&cDXGF&New&dxAC_equip/NE-dxAC-PkgAC-135to239-New-EER-12.5/instance-out.sql,4168976.37,129515.38,1435693.85,625795.42,0.0,1182847.3,0.0,554327.33,41007.53,0.0,0.0,0.0,199789.55,0.0,0.0,0.00,1435693.85,129515.38,0.00,1139112.10,43735.20
CZ15/Hsp&0&cDXGF&New&dxAC_equip/NE-dxAC-PkgAC-240to759-New-EER-9.8/instance-out.sql,4209067.97,129515.38,1475785.46,625795.42,0.0,1182847.3,0.0,554327.33,41007.53,0.0,0.0,0.0,199789.55,0.0,0.0,0.00,1475785.46,129515.38,0.00,1139112.10,43735.20
CZ15/Hsp&0&cDXGF&New&dxAC_equip/NE-dxAC-PkgAC-240to759-New-EER-10.8/instance-out.sql,4186429.82,129515.38,1453147.31,625795.42,0.0,1182847.3,0.0,554327.33,41007.53,0.0,0.0,0.0,199789.55,0.0,0.0,0.00,1453147.31,129515.38,0.00,1139112.10,43735.20
CZ15/Hsp&0&cDXGF&New&dxAC_equip/NE-dxAC-PkgAC-240to759-New-EER-11.5/instance-out.sql,4172346.17,129515.38,1439063.66,625795.42,0.0,1182847.3,0.0,554327.33,41007.53,0.0,0.0,0.0,199789.55,0.0,0.0,0.00,1439063.66,129515.38,0.00,1139112.10,43735.20
CZ15/Hsp&0&cDXGF&New&dxAC_equip/NE-dxAC-PkgAC-240to759-New-EER-12.5/instance-out.sql,4155254.3899999997,129515.38,1421971.88,625795.42,0.0,1182847.3,0.0,554327.33,41007.53,0.0,0.0,0.0,199789.55,0.0,0.0,0.00,1421971.88,129515.38,0.00,1139112.10,43735.20
CZ15/Hsp&0&cDXGF&New&dxAC_equip/NE-dxAC-PkgAC-gt760-New-EER-9.5/instance-out.sql,4203797.71,129515.38,1470515.2,625795.42,0.0,1182847.3,0.0,554327.33,41007.53,0.0,0.0,0.0,199789.55,0.0,0.0,0.00,1470515.20,129515.38,0.00,1139112.10,43735.20
CZ15/Hsp&0&cDXGF&New&dxAC_equip/NE-dxAC-PkgAC-gt760-New-EER-10.2/instance-out.sql,4186987.4099999997,129515.38,1453704.9,625795.42,0.0,1182847.3,0.0,554327.33,41007.53,0.0,0.0,0.0,199789.55,0.0,0.0,0.00,1453704.90,129515.38,0.00,1139112.10,43735.20
CZ15/Hsp&0&cDXGF&New&dxAC_equip/NE-dxAC-PkgAC-gt760-New-EER-11.0/instance-out.sql,4170888.75,129515.38,1437606.24,625795.42,0.0,1182847.3,0.0,554327.33,41007.53,0.0,0.0,0.0,199789.55,0.0,0.0,0.00,1437606.24,129515.38,0.00,1139112.10,43735.20
CZ15/Hsp&0&cDXGF&New&dxAC_equip/NE-dxAC-PkgAC-gt760-New-EER-12.0/instance-out.sql,4153208.21,129515.38,1419925.7,625795.42,0.0,1182847.3,0.0,554327.33,41007.53,0.0,0.0,0.0,199789.55,0.0,0.0,0.00,1419925.70,129515.38,0.00,1139112.10,43735.20
CZ15/MBT&0&cDXGF&New&dxAC_equip/NE-dxAC-PkgAC-65to134-New-EER-11.0/instance-out.sql,5929531.18,830721.36,1371053.97,438466.02,0.0,2167645.51,0.0,988081.7,651.05,0.0,0.0,0.0,132911.57,0.0,0.0,0.00,1371053.97,830721.36,0.00,1394057.91,773587.60
CZ15/MBT&0&cDXGF&New&dxAC_equip/NE-dxAC-PkgAC-65to134-New-EER-11.5/instance-out.sql,5916036.31,830721.36,1357559.1,438466.02,0.0,2167645.51,0.0,988081.7,651.05,0.0,0.0,0.0,132911.57,0.0,0.0,0.00,1357559.10,830721.36,0.00,1394057.91,773587.60
CZ15/MBT&0&cDXGF&New&dxAC_equip/NE-dxAC-PkgAC-65to134-New-EER-12.0/instance-out.sql,5903649.72,830721.36,1345172.5,438466.02,0.0,2167645.51,0.0,988081.7,651.05,0.0,0.0,0.0,132911.57,0.0,0.0,0.00,1345172.50,830721.36,0.00,1394057.91,773587.60
CZ15/MBT&0&cDXGF&New&dxAC_equip/NE-dxAC-PkgAC-65to134-New-EER-12.5/instance-out.sql,5892240.25,830721.36,1333763.04,438466.02,0.0,2167645.51,0.0,988081.7,651.05,0.0,0.0,0.0,132911.57,0.0,0.0,0.00,1333763.04,830721.36,0.00,1394057.91,773587.60
CZ15/MBT&0&cDXGF&New&dxAC_equip/NE-dxAC-PkgAC-65to134-New-EER-13.0/instance-out.sql,5881101.34,830721.36,1322624.13,438466.02,0.0,2167645.51,0.0,988081.7,651.05,0.0,0.0,0.0,132911.57,0.0,0.0,0.00,1322624.13,830721.36,0.00,1394057.91,773587.60
CZ15/MBT&0&cDXGF&New&dxAC_equip/NE-dxAC-PkgAC-135to239-New-EER-10.8/instance-out.sql,5928704.03,830721.36,1370226.82,438466.02,0.0,2167645.51,0.0,988081.7,651.05,0.0,0.0,0.0,132911.57,0.0,0.0,0.00,1370226.82,830721.36,0.00,1394057.91,773587.60
CZ15/MBT&0&cDXGF&New&dxAC_equip/NE-dxAC-PkgAC-135to239-New-EER-11.5/instance-out.sql,5909349.49,830721.36,1350872.27,438466.02,0.0,2167645.51,0.0,988081.7,651.05,0.0,0.0,0.0,132911.57,0.0,0.0,0.00,1350872.27,830721.36,0.00,1394057.91,773587.60
CZ15/MBT&0&cDXGF&New&dxAC_equip/NE-dxAC-PkgAC-135to239-New-EER-12.0/instance-out.sql,5897495.18,830721.36,1339017.96,438466.02,0.0,2167645.51,0.0,988081.7,651.05,0.0,0.0,0.0,132911.57,0.0,0.0,0.00,1339017.96,830721.36,0.00,1394057.91,773587.60
CZ15/MBT&0&cDXGF&New&dxAC_equip/NE-dxAC-PkgAC-135to239-New-EER-12.5/instance-out.sql,5885939.71,830721.36,1327462.49,438466.02,0.0,2167645.51,0.0,988081.7,651.05,0.0,0.0,0.0,132911.57,0.0,0.0,0.00,1327462.49,830721.36,0.00,1394057.91,773587.60
CZ15/MBT&0&cDXGF&New&dxAC_equip/NE-dxAC-PkgAC-240to759-New-EER-9.8/instance-out.sql,5938048.61,830721.36,1379571.4,438466.02,0.0,2167645.51,0.0,988081.7,651.05,0.0,0.0,0.0,132911.57,0.0,0.0,0.00,1379571.40,830721.36,0.00,1394057.91,773587.60
CZ15/MBT&0&cDXGF&New&dxAC_equip/NE-dxAC-PkgAC-240to759-New-EER-10.8/instance-out.sql,5908624.76,830721.36,1350147.55,438466.02,0.0,2167645.51,0.0,988081.7,651.05,0.0,0.0,0.0,132911.57,0.0,0.0,0.00,1350147.55,830721.36,0.00,1394057.91,773587.60
CZ15/MBT&0&cDXGF&New&dxAC_equip/NE-dxAC-PkgAC-240to759-New-EER-11.5/instance-out.sql,5890319.6,830721.36,1331842.39,438466.02,0.0,2167645.51,0.0,988081.7,651.05,0.0,0.0,0.0,132911.57,0.0,0.0,0.00,1331842.39,830721.36,0.00,1394057.91,773587.60
CZ15/MBT&0&cDXGF&New&dxAC_equip/NE-dxAC-PkgAC-240to759-New-EER-12.5/instance-out.sql,5868104.63,830721.36,1309627.42,438466.02,0.0,2167645.51,0.0,988081.7,651.05,0.0,0.0,0.0,132911.57,0.0,0.0,0.00,1309627.42,830721.36,0.00,1394057.91,773587.60
CZ15/MBT&0&cDXGF&New&dxAC_equip/NE-dxAC-PkgAC-gt760-New-EER-9.5/instance-out.sql,5931198.62,830721.36,1372721.4,438466.02,0.0,2167645.51,0.0,988081.7,651.05,0.0,0.0,0.0,132911.57,0.0,0.0,0.00,1372721.40,830721.36,0.00,1394057.91,773587.60
CZ15/MBT&0&cDXGF&New&dxAC_equip/NE-dxAC-PkgAC-gt760-New-EER-10.2/instance-out.sql,5909349.49,830721.36,1350872.27,438466.02,0.0,2167645.51,0.0,988081.7,651.05,0.0,0.0,0.0,132911.57,0.0,0.0,0.00,1350872.27,830721.36,0.00,1394057.91,773587.60
CZ15/MBT&0&cDXGF&New&dxAC_equip/NE-dxAC-PkgAC-gt760-New-EER-11.0/instance-out.sql,5888425.32,830721.36,1329948.11,438466.02,0.0,2167645.51,0.0,988081.7,651.05,0.0,0.0,0.0,132911.57,0.0,0.0,0.00,1329948.11,830721.36,0.00,1394057.91,773587.60
CZ15/MBT&0&cDXGF&New&dxAC_equip/NE-dxAC-PkgAC-gt760-New-EER-12.0/instance-out.sql,5865445.11,830721.36,1306967.89,438466.02,0.0,2167645.51,0.0,988081.7,651.05,0.0,0.0,0.0,132911.57,0.0,0.0,0.00,1306967.89,830721.36,0.00,1394057.91,773587.60
CZ15/MLI&0&cDXGF&New&dxAC_equip/NE-dxAC-PkgAC-65to134-New-EER-11.0/instance-out.sql,983191.48,13906.94,285207.24,153603.74,0.0,239893.0,0.0,252577.47,3.37,0.0,0.0,0.0,37999.71,0.0,0.0,0.00,285207.24,13906.94,0.00,239893.00,0.00
CZ15/MLI&0&cDXGF&New&dxAC_equip/NE-dxAC-PkgAC-65to134-New-EER-11.5/instance-out.sql,970979.0700000001,13906.94,272994.84,153603.74,0.0,239893.0,0.0,252577.47,3.37,0.0,0.0,0.0,37999.71,0.0,0.0,0.00,272994.84,13906.94,0.00,239893.00,0.00
CZ15/MLI&0&cDXGF&New&dxAC_equip/NE-dxAC-PkgAC-65to134-New-EER-12.0/instance-out.sql,959769.62,13906.94,261785.38,153603.74,0.0,239893.0,0.0,252577.47,3.37,0.0,0.0,0.0,37999.71,0.0,0.0,0.00,261785.38,13906.94,0.00,239893.00,0.00
CZ15/MLI&0&cDXGF&New&dxAC_equip/NE-dxAC-PkgAC-65to134-New-EER-12.5/instance-out.sql,949444.4400000001,13906.94,251460.2,153603.74,0.0,239893.0,0.0,252577.47,3.37,0.0,0.0,0.0,37999.71,0.0,0.0,0.00,251460.20,13906.94,0.00,239893.00,0.00
CZ15/MLI&0&cDXGF&New&dxAC_equip/NE-dxAC-PkgAC-65to134-New-EER-13.0/instance-out.sql,939364.1,13906.94,241379.86,153603.74,0.0,239893.0,0.0,252577.47,3.37,0.0,0.0,0.0,37999.71,0.0,0.0,0.00,241379.86,13906.94,0.00,239893.00,0.00
CZ15/MLI&0&cDXGF&New&dxAC_equip/NE-dxAC-PkgAC-135to239-New-EER-10.8/instance-out.sql,982442.93,13906.94,284458.69,153603.74,0.0,239893.0,0.0,252577.47,3.37,0.0,0.0,0.0,37999.71,0.0,0.0,0.00,284458.69,13906.94,0.00,239893.00,0.00
CZ15/MLI&0&cDXGF&New&dxAC_equip/NE-dxAC-PkgAC-135to239-New-EER-11.5/instance-out.sql,964927.72,13906.94,266943.48,153603.74,0.0,239893.0,0.0,252577.47,3.37,0.0,0.0,0.0,37999.71,0.0,0.0,0.00,266943.48,13906.94,0.00,239893.00,0.00
CZ15/MLI&0&cDXGF&New&dxAC_equip/NE-dxAC-PkgAC-135to239-New-EER-12.0/instance-out.sql,954199.97,13906.94,256215.73,153603.74,0.0,239893.0,0.0,252577.47,3.37,0.0,0.0,0.0,37999.71,0.0,0.0,0.00,256215.73,13906.94,0.00,239893.00,0.00
CZ15/MLI&0&cDXGF&New&dxAC_equip/NE-dxAC-PkgAC-135to239-New-EER-12.5/instance-out.sql,943742.66,13906.94,245758.42,153603.74,0.0,239893.0,0.0,252577.47,3.37,0.0,0.0,0.0,37999.71,0.0,0.0,0.00,245758.42,13906.94,0.00,239893.00,0.00
CZ15/MLI&0&cDXGF&New&dxAC_equip/NE-dxAC-PkgAC-240to759-New-EER-9.8/instance-out.sql,990899.4600000001,13906.94,292915.23,153603.74,0.0,239893.0,0.0,252577.47,3.37,0.0,0.0,0.0,37999.71,0.0,0.0,0.00,292915.23,13906.94,0.00,239893.00,0.00
CZ15/MLI&0&cDXGF&New&dxAC_equip/NE-dxAC-PkgAC-240to759-New-EER-10.8/instance-out.sql,964271.87,13906.94,266287.63,153603.74,0.0,239893.0,0.0,252577.47,3.37,0.0,0.0,0.0,37999.71,0.0,0.0,0.00,266287.63,13906.94,0.00,239893.00,0.00
CZ15/MLI&0&cDXGF&New&dxAC_equip/NE-dxAC-PkgAC-240to759-New-EER-11.5/instance-out.sql,947706.3200000001,13906.94,249722.08,153603.74,0.0,239893.0,0.0,252577.47,3.37,0.0,0.0,0.0,37999.71,0.0,0.0,0.00,249722.08,13906.94,0.00,239893.00,0.00
CZ15/MLI&0&cDXGF&New&dxAC_equip/NE-dxAC-PkgAC-240to759-New-EER-12.5/instance-out.sql,927602.52,13906.94,229618.28,153603.74,0.0,239893.0,0.0,252577.47,3.37,0.0,0.0,0.0,37999.71,0.0,0.0,0.00,229618.28,13906.94,0.00,239893.00,0.00
CZ15/MLI&0&cDXGF&New&dxAC_equip/NE-dxAC-PkgAC-gt760-New-EER-9.5/instance-out.sql,984700.4500000001,13906.94,286716.21,153603.74,0.0,239893.0,0.0,252577.47,3.37,0.0,0.0,0.0,37999.71,0.0,0.0,0.00,286716.21,13906.94,0.00,239893.00,0.00
CZ15/MLI&0&cDXGF&New&dxAC_equip/NE-dxAC-PkgAC-gt760-New-EER-10.2/instance-out.sql,964927.72,13906.94,266943.48,153603.74,0.0,239893.0,0.0,252577.47,3.37,0.0,0.0,0.0,37999.71,0.0,0.0,0.00,266943.48,13906.94,0.00,239893.00,0.00
CZ15/MLI&0&cDXGF&New&dxAC_equip/NE-dxAC-PkgAC-gt760-New-EER-11.0/instance-out.sql,945992.06,13906.94,248007.82,153603.74,0.0,239893.0,0.0,252577.47,3.37,0.0,0.0,0.0,37999.71,0.0,0.0,0.00,248007.82,13906.94,0.00,239893.00,0.00
CZ15/MLI&0&cDXGF&New&dxAC_equip/NE-dxAC-PkgAC-gt760-New-EER-12.0/instance-out.sql,925195.74,13906.94,227211.5,153603.74,0.0,239893.0,0.0,252577.47,3.37,0.0,0.0,0.0,37999.71,0.0,0.0,0.00,227211.50,13906.94,0.00,239893.00,0.00
CZ15/Mtl&0&cDXGF&New&dxAC_equip/NE-dxAC-PkgAC-65to134-New-EER-11.0/instance-out.sql,215578.56,2566.96,88772.92,34352.14,0.0,22443.33,0.0,60001.27,3.36,0.0,0.0,0.0,7438.56,0.0,0.0,0.00,88772.92,2566.96,0.00,22191.36,251.97
CZ15/Mtl&0&cDXGF&New&dxAC_equip/NE-dxAC-PkgAC-65to134-New-EER-11.5/instance-out.sql,212621.87,2566.96,85816.23,34352.14,0.0,22443.33,0.0,60001.27,3.36,0.0,0.0,0.0,7438.56,0.0,0.0,0.00,85816.23,2566.96,0.00,22191.36,251.97
CZ15/Mtl&0&cDXGF&New&dxAC_equip/NE-dxAC-PkgAC-65to134-New-EER-12.0/instance-out.sql,209907.99,2566.96,83102.35,34352.14,0.0,22443.33,0.0,60001.27,3.36,0.0,0.0,0.0,7438.56,0.0,0.0,0.00,83102.35,2566.96,0.00,22191.36,251.97
CZ15/Mtl&0&cDXGF&New&dxAC_equip/NE-dxAC-PkgAC-65to134-New-EER-12.5/instance-out.sql,207408.2,2566.96,80602.56,34352.14,0.0,22443.33,0.0,60001.27,3.36,0.0,0.0,0.0,7438.56,0.0,0.0,0.00,80602.56,2566.96,0.00,22191.36,251.97
CZ15/Mtl&0&cDXGF&New&dxAC_equip/NE-dxAC-PkgAC-65to134-New-EER-13.0/instance-out.sql,204967.69,2566.96,78162.05,34352.14,0.0,22443.33,0.0,60001.27,3.36,0.0,0.0,0.0,7438.56,0.0,0.0,0.00,78162.05,2566.96,0.00,22191.36,251.97
CZ15/Mtl&0&cDXGF&New&dxAC_equip/NE-dxAC-PkgAC-135to239-New-EER-10.8/instance-out.sql,215397.34,2566.96,88591.7,34352.14,0.0,22443.33,0.0,60001.27,3.36,0.0,0.0,0.0,7438.56,0.0,0.0,0.00,88591.70,2566.96,0.00,22191.36,251.97
CZ15/Mtl&0&cDXGF&New&dxAC_equip/NE-dxAC-PkgAC-135to239-New-EER-11.5/instance-out.sql,211156.8,2566.96,84351.16,34352.14,0.0,22443.33,0.0,60001.27,3.36,0.0,0.0,0.0,7438.56,0.0,0.0,0.00,84351.16,2566.96,0.00,22191.36,251.97
CZ15/Mtl&0&cDXGF&New&dxAC_equip/NE-dxAC-PkgAC-135to239-New-EER-12.0/instance-out.sql,208559.54,2566.96,81753.9,34352.14,0.0,22443.33,0.0,60001.27,3.36,0.0,0.0,0.0,7438.56,0.0,0.0,0.00,81753.90,2566.96,0.00,22191.36,251.97
CZ15/Mtl&0&cDXGF&New&dxAC_equip/NE-dxAC-PkgAC-135to239-New-EER-12.5/instance-out.sql,206027.76,2566.96,79222.12,34352.14,0.0,22443.33,0.0,60001.27,3.36,0.0,0.0,0.0,7438.56,0.0,0.0,0.00,79222.12,2566.96,0.00,22191.36,251.97
CZ15/Mtl&0&cDXGF&New&dxAC_equip/NE-dxAC-PkgAC-240to759-New-EER-9.8/instance-out.sql,217444.71,2566.96,90639.08,34352.14,0.0,22443.33,0.0,60001.27,3.36,0.0,0.0,0.0,7438.56,0.0,0.0,0.00,90639.08,2566.96,0.00,22191.36,251.97
CZ15/Mtl&0&cDXGF&New&dxAC_equip/NE-dxAC-PkgAC-240to759-New-EER-10.8/instance-out.sql,210998.01,2566.96,84192.37,34352.14,0.0,22443.33,0.0,60001.27,3.36,0.0,0.0,0.0,7438.56,0.0,0.0,0.00,84192.37,2566.96,0.00,22191.36,251.97
CZ15/Mtl&0&cDXGF&New&dxAC_equip/NE-dxAC-PkgAC-240to759-New-EER-11.5/instance-out.sql,206987.39,2566.96,80181.75,34352.14,0.0,22443.33,0.0,60001.27,3.36,0.0,0.0,0.0,7438.56,0.0,0.0,0.00,80181.75,2566.96,0.00,22191.36,251.97
CZ15/Mtl&0&cDXGF&New&dxAC_equip/NE-dxAC-PkgAC-240to759-New-EER-12.5/instance-out.sql,202120.13,2566.96,75314.5,34352.14,0.0,22443.33,0.0,60001.27,3.36,0.0,0.0,0.0,7438.56,0.0,0.0,0.00,75314.50,2566.96,0.00,22191.36,251.97
CZ15/Mtl&0&cDXGF&New&dxAC_equip/NE-dxAC-PkgAC-gt760-New-EER-9.5/instance-out.sql,215943.89,2566.96,89138.26,34352.14,0.0,22443.33,0.0,60001.27,3.36,0.0,0.0,0.0,7438.56,0.0,0.0,0.00,89138.26,2566.96,0.00,22191.36,251.97
CZ15/Mtl&0&cDXGF&New&dxAC_equip/NE-dxAC-PkgAC-gt760-New-EER-10.2/instance-out.sql,211156.8,2566.96,84351.16,34352.14,0.0,22443.33,0.0,60001.27,3.36,0.0,0.0,0.0,7438.56,0.0,0.0,0.00,84351.16,2566.96,0.00,22191.36,251.97
CZ15/Mtl&0&cDXGF&New&dxAC_equip/NE-dxAC-PkgAC-gt760-New-EER-11.0/instance-out.sql,206572.36,2566.96,79766.72,34352.14,0.0,22443.33,0.0,60001.27,3.36,0.0,0.0,0.0,7438.56,0.0,0.0,0.00,79766.72,2566.96,0.00,22191.36,251.97
CZ15/Mtl&0&cDXGF&New&dxAC_equip/NE-dxAC-PkgAC-gt760-New-EER-12.0/instance-out.sql,201537.44,2566.96,74731.8,34352.14,0.0,22443.33,0.0,60001.27,3.36,0.0,0.0,0.0,7438.56,0.0,0.0,0.00,74731.80,2566.96,0.00,22191.36,251.97
CZ15/Nrs&0&cDXGF&New&dxAC_equip/NE-dxAC-PkgAC-65to134-New-EER-11.0/instance-out.sql,958777.01,32155.21,244108.16,103109.51,0.0,347425.87,0.0,141470.66,88.46,0.0,0.0,0.0,90419.15,0.0,0.0,0.00,244108.16,32155.21,0.00,281574.59,65851.28
CZ15/Nrs&0&cDXGF&New&dxAC_equip/NE-dxAC-PkgAC-65to134-New-EER-11.5/instance-out.sql,954612.8200000001,32155.21,239943.98,103109.51,0.0,347425.87,0.0,141470.66,88.46,0.0,0.0,0.0,90419.15,0.0,0.0,0.00,239943.98,32155.21,0.00,281574.59,65851.28
CZ15/Nrs&0&cDXGF&New&dxAC_equip/NE-dxAC-PkgAC-65to134-New-EER-12.0/instance-out.sql,950790.62,32155.21,236121.77,103109.51,0.0,347425.87,0.0,141470.66,88.46,0.0,0.0,0.0,90419.15,0.0,0.0,0.00,236121.77,32155.21,0.00,281574.59,65851.28
CZ15/Nrs&0&cDXGF&New&dxAC_equip/NE-dxAC-PkgAC-65to134-New-EER-12.5/instance-out.sql,947269.9400000001,32155.21,232601.09,103109.51,0.0,347425.87,0.0,141470.66,88.46,0.0,0.0,0.0,90419.15,0.0,0.0,0.00,232601.09,32155.21,0.00,281574.59,65851.28
CZ15/Nrs&0&cDXGF&New&dxAC_equip/NE-dxAC-PkgAC-65to134-New-EER-13.0/instance-out.sql,943832.74,32155.21,229163.89,103109.51,0.0,347425.87,0.0,141470.66,88.46,0.0,0.0,0.0,90419.15,0.0,0.0,0.00,229163.89,32155.21,0.00,281574.59,65851.28
CZ15/Nrs&0&cDXGF&New&dxAC_equip/NE-dxAC-PkgAC-135to239-New-EER-10.8/instance-out.sql,958521.77,32155.21,243852.93,103109.51,0.0,347425.87,0.0,141470.66,88.46,0.0,0.0,0.0,90419.15,0.0,0.0,0.00,243852.93,32155.21,0.00,281574.59,65851.28
CZ15/Nrs&0&cDXGF&New&dxAC_equip/NE-dxAC-PkgAC-135to239-New-EER-11.5/instance-out.sql,952549.43,32155.21,237880.58,103109.51,0.0,347425.87,0.0,141470.66,88.46,0.0,0.0,0.0,90419.15,0.0,0.0,0.00,237880.58,32155.21,0.00,281574.59,65851.28
CZ15/Nrs&0&cDXGF&New&dxAC_equip/NE-dxAC-PkgAC-135to239-New-EER-12.0/instance-out.sql,948891.48,32155.21,234222.63,103109.51,0.0,347425.87,0.0,141470.66,88.46,0.0,0.0,0.0,90419.15,0.0,0.0,0.00,234222.63,32155.21,0.00,281574.59,65851.28
CZ15/Nrs&0&cDXGF&New&dxAC_equip/NE-dxAC-PkgAC-135to239-New-EER-12.5/instance-out.sql,945325.74,32155.21,230656.89,103109.51,0.0,347425.87,0.0,141470.66,88.46,0.0,0.0,0.0,90419.15,0.0,0.0,0.00,230656.89,32155.21,0.00,281574.59,65851.28
CZ15/Nrs&0&cDXGF&New&dxAC_equip/NE-dxAC-PkgAC-240to759-New-EER-9.8/instance-out.sql,961405.29,32155.21,246736.44,103109.51,0.0,347425.87,0.0,141470.66,88.46,0.0,0.0,0.0,90419.15,0.0,0.0,0.00,246736.44,32155.21,0.00,281574.59,65851.28
CZ15/Nrs&0&cDXGF&New&dxAC_equip/NE-dxAC-PkgAC-240to759-New-EER-10.8/instance-out.sql,952325.8,32155.21,237656.95,103109.51,0.0,347425.87,0.0,141470.66,88.46,0.0,0.0,0.0,90419.15,0.0,0.0,0.00,237656.95,32155.21,0.00,281574.59,65851.28
CZ15/Nrs&0&cDXGF&New&dxAC_equip/NE-dxAC-PkgAC-240to759-New-EER-11.5/instance-out.sql,946677.27,32155.21,232008.42,103109.51,0.0,347425.87,0.0,141470.66,88.46,0.0,0.0,0.0,90419.15,0.0,0.0,0.00,232008.42,32155.21,0.00,281574.59,65851.28
CZ15/Nrs&0&cDXGF&New&dxAC_equip/NE-dxAC-PkgAC-240to759-New-EER-12.5/instance-out.sql,939822.27,32155.21,225153.42,103109.51,0.0,347425.87,0.0,141470.66,88.46,0.0,0.0,0.0,90419.15,0.0,0.0,0.00,225153.42,32155.21,0.00,281574.59,65851.28
CZ15/Nrs&0&cDXGF&New&dxAC_equip/NE-dxAC-PkgAC-gt760-New-EER-9.5/instance-out.sql,959291.54,32155.21,244622.69,103109.51,0.0,347425.87,0.0,141470.66,88.46,0.0,0.0,0.0,90419.15,0.0,0.0,0.00,244622.69,32155.21,0.00,281574.59,65851.28
CZ15/Nrs&0&cDXGF&New&dxAC_equip/NE-dxAC-PkgAC-gt760-New-EER-10.2/instance-out.sql,952549.43,32155.21,237880.58,103109.51,0.0,347425.87,0.0,141470.66,88.46,0.0,0.0,0.0,90419.15,0.0,0.0,0.00,237880.58,32155.21,0.00,281574.59,65851.28
CZ15/Nrs&0&cDXGF&New&dxAC_equip/NE-dxAC-PkgAC-gt760-New-EER-11.0/instance-out.sql,946092.74,32155.21,231423.9,103109.51,0.0,347425.87,0.0,141470.66,88.46,0.0,0.0,0.0,90419.15,0.0,0.0,0.00,231423.90,32155.21,0.00,281574.59,65851.28
CZ15/Nrs&0&cDXGF&New&dxAC_equip/NE-dxAC-PkgAC-gt760-New-EER-12.0/instance-out.sql,939001.61,32155.21,224332.76,103109.51,0.0,347425.87,0.0,141470.66,88.46,0.0,0.0,0.0,90419.15,0.0,0.0,0.00,224332.76,32155.21,0.00,281574.59,65851.28
CZ15/OfL&0&cDXGF&New&dxAC_equip/NE-dxAC-PkgAC-65to134-New-EER-11.0/instance-out.sql,2529210.1,18691.58,736250.82,239041.7,0.0,829334.66,0.0,609841.37,4235.73,0.0,0.0,0.0,91814.23,0.0,0.0,0.00,736250.82,18691.58,0.00,829334.66,0.00
CZ15/OfL&0&cDXGF&New&dxAC_equip/NE-dxAC-PkgAC-65to134-New-EER-11.5/instance-out.sql,2506288.65,18691.58,713329.37,239041.7,0.0,829334.66,0.0,609841.37,4235.73,0.0,0.0,0.0,91814.23,0.0,0.0,0.00,713329.37,18691.58,0.00,829334.66,0.00
CZ15/OfL&0&cDXGF&New&dxAC_equip/NE-dxAC-PkgAC-65to134-New-EER-12.0/instance-out.sql,2485249.64,18691.58,692290.36,239041.7,0.0,829334.66,0.0,609841.37,4235.73,0.0,0.0,0.0,91814.23,0.0,0.0,0.00,692290.36,18691.58,0.00,829334.66,0.00
CZ15/OfL&0&cDXGF&New&dxAC_equip/NE-dxAC-PkgAC-65to134-New-EER-12.5/instance-out.sql,2465870.32,18691.58,672911.04,239041.7,0.0,829334.66,0.0,609841.37,4235.73,0.0,0.0,0.0,91814.23,0.0,0.0,0.00,672911.04,18691.58,0.00,829334.66,0.00
CZ15/OfL&0&cDXGF&New&dxAC_equip/NE-dxAC-PkgAC-65to134-New-EER-13.0/instance-out.sql,2446950.54,18691.58,653991.26,239041.7,0.0,829334.66,0.0,609841.37,4235.73,0.0,0.0,0.0,91814.23,0.0,0.0,0.00,653991.26,18691.58,0.00,829334.66,0.00
CZ15/OfL&0&cDXGF&New&dxAC_equip/NE-dxAC-PkgAC-135to239-New-EER-10.8/instance-out.sql,2527805.15,18691.58,734845.87,239041.7,0.0,829334.66,0.0,609841.37,4235.73,0.0,0.0,0.0,91814.23,0.0,0.0,0.00,734845.87,18691.58,0.00,829334.66,0.00
CZ15/OfL&0&cDXGF&New&dxAC_equip/NE-dxAC-PkgAC-135to239-New-EER-11.5/instance-out.sql,2494930.88,18691.58,701971.6,239041.7,0.0,829334.66,0.0,609841.37,4235.73,0.0,0.0,0.0,91814.23,0.0,0.0,0.00,701971.60,18691.58,0.00,829334.66,0.00
CZ15/OfL&0&cDXGF&New&dxAC_equip/NE-dxAC-PkgAC-135to239-New-EER-12.0/instance-out.sql,2474795.96,18691.58,681836.69,239041.7,0.0,829334.66,0.0,609841.37,4235.73,0.0,0.0,0.0,91814.23,0.0,0.0,0.00,681836.69,18691.58,0.00,829334.66,0.00
CZ15/OfL&0&cDXGF&New&dxAC_equip/NE-dxAC-PkgAC-135to239-New-EER-12.5/instance-out.sql,2455168.66,18691.58,662209.38,239041.7,0.0,829334.66,0.0,609841.37,4235.73,0.0,0.0,0.0,91814.23,0.0,0.0,0.00,662209.38,18691.58,0.00,829334.66,0.00
CZ15/OfL&0&cDXGF&New&dxAC_equip/NE-dxAC-PkgAC-240to759-New-EER-9.8/instance-out.sql,2543677.21,18691.58,750717.93,239041.7,0.0,829334.66,0.0,609841.37,4235.73,0.0,0.0,0.0,91814.23,0.0,0.0,0.00,750717.93,18691.58,0.00,829334.66,0.00
CZ15/OfL&0&cDXGF&New&dxAC_equip/NE-dxAC-PkgAC-240to759-New-EER-10.8/instance-out.sql,2493699.91,18691.58,700740.63,239041.7,0.0,829334.66,0.0,609841.37,4235.73,0.0,0.0,0.0,91814.23,0.0,0.0,0.00,700740.63,18691.58,0.00,829334.66,0.00
CZ15/OfL&0&cDXGF&New&dxAC_equip/NE-dxAC-PkgAC-240to759-New-EER-11.5/instance-out.sql,2462608.04,18691.58,669648.76,239041.7,0.0,829334.66,0.0,609841.37,4235.73,0.0,0.0,0.0,91814.23,0.0,0.0,0.00,669648.76,18691.58,0.00,829334.66,0.00
CZ15/OfL&0&cDXGF&New&dxAC_equip/NE-dxAC-PkgAC-240to759-New-EER-12.5/instance-out.sql,2424875.24,18691.58,631915.96,239041.7,0.0,829334.66,0.0,609841.37,4235.73,0.0,0.0,0.0,91814.23,0.0,0.0,0.00,631915.96,18691.58,0.00,829334.66,0.00
CZ15/OfL&0&cDXGF&New&dxAC_equip/NE-dxAC-PkgAC-gt760-New-EER-9.5/instance-out.sql,2532042.2800000003,18691.58,739083.0,239041.7,0.0,829334.66,0.0,609841.37,4235.73,0.0,0.0,0.0,91814.23,0.0,0.0,0.00,739083.00,18691.58,0.00,829334.66,0.00
CZ15/OfL&0&cDXGF&New&dxAC_equip/NE-dxAC-PkgAC-gt760-New-EER-10.2/instance-out.sql,2494930.88,18691.58,701971.6,239041.7,0.0,829334.66,0.0,609841.37,4235.73,0.0,0.0,0.0,91814.23,0.0,0.0,0.00,701971.60,18691.58,0.00,829334.66,0.00
CZ15/OfL&0&cDXGF&New&dxAC_equip/NE-dxAC-PkgAC-gt760-New-EER-11.0/instance-out.sql,2459390.5500000003,18691.58,666431.27,239041.7,0.0,829334.66,0.0,609841.37,4235.73,0.0,0.0,0.0,91814.23,0.0,0.0,0.00,666431.27,18691.58,0.00,829334.66,0.00
CZ15/OfL&0&cDXGF&New&dxAC_equip/NE-dxAC-PkgAC-gt760-New-EER-12.0/instance-out.sql,2420357.96,18691.58,627398.68,239041.7,0.0,829334.66,0.0,609841.37,4235.73,0.0,0.0,0.0,91814.23,0.0,0.0,0.00,627398.68,18691.58,0.00,829334.66,0.00
CZ15/OfS&0&cDXGF&New&dxAC_equip/NE-dxAC-PkgAC-65to134-New-EER-11.0/instance-out.sql,133075.08000000002,542.45,36694.82,12106.19,0.0,29387.4,0.0,36616.77,1.13,0.0,0.0,0.0,17726.31,0.0,0.0,0.00,36694.82,542.45,0.00,29387.40,0.00
CZ15/OfS&0&cDXGF&New&dxAC_equip/NE-dxAC-PkgAC-65to134-New-EER-11.5/instance-out.sql,131505.43,542.45,35125.18,12106.19,0.0,29387.4,0.0,36616.77,1.13,0.0,0.0,0.0,17726.31,0.0,0.0,0.00,35125.18,542.45,0.00,29387.40,0.00
CZ15/OfS&0&cDXGF&New&dxAC_equip/NE-dxAC-PkgAC-65to134-New-EER-12.0/instance-out.sql,130064.7,542.45,33684.44,12106.19,0.0,29387.4,0.0,36616.77,1.13,0.0,0.0,0.0,17726.31,0.0,0.0,0.00,33684.44,542.45,0.00,29387.40,0.00
CZ15/OfS&0&cDXGF&New&dxAC_equip/NE-dxAC-PkgAC-65to134-New-EER-12.5/instance-out.sql,128737.61,542.45,32357.36,12106.19,0.0,29387.4,0.0,36616.77,1.13,0.0,0.0,0.0,17726.31,0.0,0.0,0.00,32357.36,542.45,0.00,29387.40,0.00
CZ15/OfS&0&cDXGF&New&dxAC_equip/NE-dxAC-PkgAC-65to134-New-EER-13.0/instance-out.sql,127442.0,542.45,31061.74,12106.19,0.0,29387.4,0.0,36616.77,1.13,0.0,0.0,0.0,17726.31,0.0,0.0,0.00,31061.74,542.45,0.00,29387.40,0.00
CZ15/OfS&0&cDXGF&New&dxAC_equip/NE-dxAC-PkgAC-135to239-New-EER-10.8/instance-out.sql,132978.87,542.45,36598.61,12106.19,0.0,29387.4,0.0,36616.77,1.13,0.0,0.0,0.0,17726.31,0.0,0.0,0.00,36598.61,542.45,0.00,29387.40,0.00
CZ15/OfS&0&cDXGF&New&dxAC_equip/NE-dxAC-PkgAC-135to239-New-EER-11.5/instance-out.sql,130727.65999999999,542.45,34347.41,12106.19,0.0,29387.4,0.0,36616.77,1.13,0.0,0.0,0.0,17726.31,0.0,0.0,0.00,34347.41,542.45,0.00,29387.40,0.00
CZ15/OfS&0&cDXGF&New&dxAC_equip/NE-dxAC-PkgAC-135to239-New-EER-12.0/instance-out.sql,129348.84,542.45,32968.58,12106.19,0.0,29387.4,0.0,36616.77,1.13,0.0,0.0,0.0,17726.31,0.0,0.0,0.00,32968.58,542.45,0.00,29387.40,0.00
CZ15/OfS&0&cDXGF&New&dxAC_equip/NE-dxAC-PkgAC-135to239-New-EER-12.5/instance-out.sql,128004.76999999999,542.45,31624.52,12106.19,0.0,29387.4,0.0,36616.77,1.13,0.0,0.0,0.0,17726.31,0.0,0.0,0.00,31624.52,542.45,0.00,29387.40,0.00
CZ15/OfS&0&cDXGF&New&dxAC_equip/NE-dxAC-PkgAC-240to759-New-EER-9.8/instance-out.sql,134065.78,542.45,37685.52,12106.19,0.0,29387.4,0.0,36616.77,1.13,0.0,0.0,0.0,17726.31,0.0,0.0,0.00,37685.52,542.45,0.00,29387.40,0.00
CZ15/OfS&0&cDXGF&New&dxAC_equip/NE-dxAC-PkgAC-240to759-New-EER-10.8/instance-out.sql,130643.37,542.45,34263.11,12106.19,0.0,29387.4,0.0,36616.77,1.13,0.0,0.0,0.0,17726.31,0.0,0.0,0.00,34263.11,542.45,0.00,29387.40,0.00
CZ15/OfS&0&cDXGF&New&dxAC_equip/NE-dxAC-PkgAC-240to759-New-EER-11.5/instance-out.sql,128514.22,542.45,32133.96,12106.19,0.0,29387.4,0.0,36616.77,1.13,0.0,0.0,0.0,17726.31,0.0,0.0,0.00,32133.96,542.45,0.00,29387.40,0.00
CZ15/OfS&0&cDXGF&New&dxAC_equip/NE-dxAC-PkgAC-240to759-New-EER-12.5/instance-out.sql,125930.29999999999,542.45,29550.04,12106.19,0.0,29387.4,0.0,36616.77,1.13,0.0,0.0,0.0,17726.31,0.0,0.0,0.00,29550.04,542.45,0.00,29387.40,0.00
CZ15/OfS&0&cDXGF&New&dxAC_equip/NE-dxAC-PkgAC-gt760-New-EER-9.5/instance-out.sql,133269.02,542.45,36888.77,12106.19,0.0,29387.4,0.0,36616.77,1.13,0.0,0.0,0.0,17726.31,0.0,0.0,0.00,36888.77,542.45,0.00,29387.40,0.00
CZ15/OfS&0&cDXGF&New&dxAC_equip/NE-dxAC-PkgAC-gt760-New-EER-10.2/instance-out.sql,130727.65999999999,542.45,34347.41,12106.19,0.0,29387.4,0.0,36616.77,1.13,0.0,0.0,0.0,17726.31,0.0,0.0,0.00,34347.41,542.45,0.00,29387.40,0.00
CZ15/OfS&0&cDXGF&New&dxAC_equip/NE-dxAC-PkgAC-gt760-New-EER-11.0/instance-out.sql,128293.87999999999,542.45,31913.63,12106.19,0.0,29387.4,0.0,36616.77,1.13,0.0,0.0,0.0,17726.31,0.0,0.0,0.00,31913.63,542.45,0.00,29387.40,0.00
CZ15/OfS&0&cDXGF&New&dxAC_equip/NE-dxAC-PkgAC-gt760-New-EER-12.0/instance-out.sql,125620.95999999999,542.45,29240.7,12106.19,0.0,29387.4,0.0,36616.77,1.13,0.0,0.0,0.0,17726.31,0.0,0.0,0.00,29240.70,542.45,0.00,29387.40,0.00
CZ15/RFF&0&cDXGF&New&dxAC_equip/NE-dxAC-PkgAC-65to134-New-EER-11.0/instance-out.sql,104981.54000000001,730.99,22494.51,6626.33,0.0,37903.17,0.0,16405.04,3.37,0.0,0.0,0.0,20818.12,0.0,0.0,0.00,22494.51,730.99,0.00,18423.46,19479.71
CZ15/RFF&0&cDXGF&New&dxAC_equip/NE-dxAC-PkgAC-65to134-New-EER-11.5/instance-out.sql,104439.32,730.99,21952.29,6626.33,0.0,37903.17,0.0,16405.04,3.37,0.0,0.0,0.0,20818.12,0.0,0.0,0.00,21952.29,730.99,0.00,18423.46,19479.71
CZ15/RFF&0&cDXGF&New&dxAC_equip/NE-dxAC-PkgAC-65to134-New-EER-12.0/instance-out.sql,103941.63,730.99,21454.6,6626.33,0.0,37903.17,0.0,16405.04,3.37,0.0,0.0,0.0,20818.12,0.0,0.0,0.00,21454.60,730.99,0.00,18423.46,19479.71
CZ15/RFF&0&cDXGF&New&dxAC_equip/NE-dxAC-PkgAC-65to134-New-EER-12.5/instance-out.sql,103483.2,730.99,20996.16,6626.33,0.0,37903.17,0.0,16405.04,3.37,0.0,0.0,0.0,20818.12,0.0,0.0,0.00,20996.16,730.99,0.00,18423.46,19479.71
CZ15/RFF&0&cDXGF&New&dxAC_equip/NE-dxAC-PkgAC-65to134-New-EER-13.0/instance-out.sql,103035.63,730.99,20548.6,6626.33,0.0,37903.17,0.0,16405.04,3.37,0.0,0.0,0.0,20818.12,0.0,0.0,0.00,20548.60,730.99,0.00,18423.46,19479.71
CZ15/RFF&0&cDXGF&New&dxAC_equip/NE-dxAC-PkgAC-135to239-New-EER-10.8/instance-out.sql,104948.31,730.99,22461.28,6626.33,0.0,37903.17,0.0,16405.04,3.37,0.0,0.0,0.0,20818.12,0.0,0.0,0.00,22461.28,730.99,0.00,18423.46,19479.71
CZ15/RFF&0&cDXGF&New&dxAC_equip/NE-dxAC-PkgAC-135to239-New-EER-11.5/instance-out.sql,104170.64,730.99,21683.61,6626.33,0.0,37903.17,0.0,16405.04,3.37,0.0,0.0,0.0,20818.12,0.0,0.0,0.00,21683.61,730.99,0.00,18423.46,19479.71
CZ15/RFF&0&cDXGF&New&dxAC_equip/NE-dxAC-PkgAC-135to239-New-EER-12.0/instance-out.sql,103694.34,730.99,21207.31,6626.33,0.0,37903.17,0.0,16405.04,3.37,0.0,0.0,0.0,20818.12,0.0,0.0,0.00,21207.31,730.99,0.00,18423.46,19479.71
CZ15/RFF&0&cDXGF&New&dxAC_equip/NE-dxAC-PkgAC-135to239-New-EER-12.5/instance-out.sql,103230.04000000001,730.99,20743.01,6626.33,0.0,37903.17,0.0,16405.04,3.37,0.0,0.0,0.0,20818.12,0.0,0.0,0.00,20743.01,730.99,0.00,18423.46,19479.71
CZ15/RFF&0&cDXGF&New&dxAC_equip/NE-dxAC-PkgAC-240to759-New-EER-9.8/instance-out.sql,105323.76999999999,730.99,22836.74,6626.33,0.0,37903.17,0.0,16405.04,3.37,0.0,0.0,0.0,20818.12,0.0,0.0,0.00,22836.74,730.99,0.00,18423.46,19479.71
CZ15/RFF&0&cDXGF&New&dxAC_equip/NE-dxAC-PkgAC-240to759-New-EER-10.8/instance-out.sql,104141.51999999999,730.99,21654.49,6626.33,0.0,37903.17,0.0,16405.04,3.37,0.0,0.0,0.0,20818.12,0.0,0.0,0.00,21654.49,730.99,0.00,18423.46,19479.71
CZ15/RFF&0&cDXGF&New&dxAC_equip/NE-dxAC-PkgAC-240to759-New-EER-11.5/instance-out.sql,103406.01999999999,730.99,20918.99,6626.33,0.0,37903.17,0.0,16405.04,3.37,0.0,0.0,0.0,20818.12,0.0,0.0,0.00,20918.99,730.99,0.00,18423.46,19479.71
CZ15/RFF&0&cDXGF&New&dxAC_equip/NE-dxAC-PkgAC-240to759-New-EER-12.5/instance-out.sql,102513.43,730.99,20026.4,6626.33,0.0,37903.17,0.0,16405.04,3.37,0.0,0.0,0.0,20818.12,0.0,0.0,0.00,20026.40,730.99,0.00,18423.46,19479.71
CZ15/RFF&0&cDXGF&New&dxAC_equip/NE-dxAC-PkgAC-gt760-New-EER-9.5/instance-out.sql,105048.54000000001,730.99,22561.51,6626.33,0.0,37903.17,0.0,16405.04,3.37,0.0,0.0,0.0,20818.12,0.0,0.0,0.00,22561.51,730.99,0.00,18423.46,19479.71
CZ15/RFF&0&cDXGF&New&dxAC_equip/NE-dxAC-PkgAC-gt760-New-EER-10.2/instance-out.sql,104170.64,730.99,21683.61,6626.33,0.0,37903.17,0.0,16405.04,3.37,0.0,0.0,0.0,20818.12,0.0,0.0,0.00,21683.61,730.99,0.00,18423.46,19479.71
CZ15/RFF&0&cDXGF&New&dxAC_equip/NE-dxAC-PkgAC-gt760-New-EER-11.0/instance-out.sql,103329.91,730.99,20842.88,6626.33,0.0,37903.17,0.0,16405.04,3.37,0.0,0.0,0.0,20818.12,0.0,0.0,0.00,20842.88,730.99,0.00,18423.46,19479.71
CZ15/RFF&0&cDXGF&New&dxAC_equip/NE-dxAC-PkgAC-gt760-New-EER-12.0/instance-out.sql,102406.57,730.99,19919.54,6626.33,0.0,37903.17,0.0,16405.04,3.37,0.0,0.0,0.0,20818.12,0.0,0.0,0.00,19919.54,730.99,0.00,18423.46,19479.71
CZ15/RSD&0&cDXGF&New&dxAC_equip/NE-dxAC-PkgAC-65to134-New-EER-11.0/instance-out.sql,262725.65,31571.58,55689.14,16225.45,0.0,76546.73,0.0,31644.34,31.93,0.0,0.0,0.0,51016.5,0.0,0.0,0.00,55689.14,31571.58,0.00,37475.60,39071.13
CZ15/RSD&0&cDXGF&New&dxAC_equip/NE-dxAC-PkgAC-65to134-New-EER-11.5/instance-out.sql,262431.59,31571.58,55395.08,16225.45,0.0,76546.73,0.0,31644.34,31.93,0.0,0.0,0.0,51016.5,0.0,0.0,0.00,55395.08,31571.58,0.00,37475.60,39071.13
CZ15/RSD&0&cDXGF&New&dxAC_equip/NE-dxAC-PkgAC-65to134-New-EER-12.0/instance-out.sql,262161.68,31571.58,55125.17,16225.45,0.0,76546.73,0.0,31644.34,31.93,0.0,0.0,0.0,51016.5,0.0,0.0,0.00,55125.17,31571.58,0.00,37475.60,39071.13
CZ15/RSD&0&cDXGF&New&dxAC_equip/NE-dxAC-PkgAC-65to134-New-EER-12.5/instance-out.sql,261913.06,31571.58,54876.55,16225.45,0.0,76546.73,0.0,31644.34,31.93,0.0,0.0,0.0,51016.5,0.0,0.0,0.00,54876.55,31571.58,0.00,37475.60,39071.13
CZ15/RSD&0&cDXGF&New&dxAC_equip/NE-dxAC-PkgAC-65to134-New-EER-13.0/instance-out.sql,261670.34000000003,31571.58,54633.83,16225.45,0.0,76546.73,0.0,31644.34,31.93,0.0,0.0,0.0,51016.5,0.0,0.0,0.00,54633.83,31571.58,0.00,37475.60,39071.13
CZ15/RSD&0&cDXGF&New&dxAC_equip/NE-dxAC-PkgAC-135to239-New-EER-10.8/instance-out.sql,262707.63,31571.58,55671.12,16225.45,0.0,76546.73,0.0,31644.34,31.93,0.0,0.0,0.0,51016.5,0.0,0.0,0.00,55671.12,31571.58,0.00,37475.60,39071.13
CZ15/RSD&0&cDXGF&New&dxAC_equip/NE-dxAC-PkgAC-135to239-New-EER-11.5/instance-out.sql,262285.88,31571.58,55249.37,16225.45,0.0,76546.73,0.0,31644.34,31.93,0.0,0.0,0.0,51016.5,0.0,0.0,0.00,55249.37,31571.58,0.00,37475.60,39071.13
CZ15/RSD&0&cDXGF&New&dxAC_equip/NE-dxAC-PkgAC-135to239-New-EER-12.0/instance-out.sql,262027.57,31571.58,54991.06,16225.45,0.0,76546.73,0.0,31644.34,31.93,0.0,0.0,0.0,51016.5,0.0,0.0,0.00,54991.06,31571.58,0.00,37475.60,39071.13
CZ15/RSD&0&cDXGF&New&dxAC_equip/NE-dxAC-PkgAC-135to239-New-EER-12.5/instance-out.sql,261775.77000000002,31571.58,54739.26,16225.45,0.0,76546.73,0.0,31644.34,31.93,0.0,0.0,0.0,51016.5,0.0,0.0,0.00,54739.26,31571.58,0.00,37475.60,39071.13
CZ15/RSD&0&cDXGF&New&dxAC_equip/NE-dxAC-PkgAC-240to759-New-EER-9.8/instance-out.sql,262911.25,31571.58,55874.74,16225.45,0.0,76546.73,0.0,31644.34,31.93,0.0,0.0,0.0,51016.5,0.0,0.0,0.00,55874.74,31571.58,0.00,37475.60,39071.13
CZ15/RSD&0&cDXGF&New&dxAC_equip/NE-dxAC-PkgAC-240to759-New-EER-10.8/instance-out.sql,262270.09,31571.58,55233.58,16225.45,0.0,76546.73,0.0,31644.34,31.93,0.0,0.0,0.0,51016.5,0.0,0.0,0.00,55233.58,31571.58,0.00,37475.60,39071.13
CZ15/RSD&0&cDXGF&New&dxAC_equip/NE-dxAC-PkgAC-240to759-New-EER-11.5/instance-out.sql,261871.21000000002,31571.58,54834.7,16225.45,0.0,76546.73,0.0,31644.34,31.93,0.0,0.0,0.0,51016.5,0.0,0.0,0.00,54834.70,31571.58,0.00,37475.60,39071.13
CZ15/RSD&0&cDXGF&New&dxAC_equip/NE-dxAC-PkgAC-240to759-New-EER-12.5/instance-out.sql,261387.13,31571.58,54350.62,16225.45,0.0,76546.73,0.0,31644.34,31.93,0.0,0.0,0.0,51016.5,0.0,0.0,0.00,54350.62,31571.58,0.00,37475.60,39071.13
CZ15/RSD&0&cDXGF&New&dxAC_equip/NE-dxAC-PkgAC-gt760-New-EER-9.5/instance-out.sql,262761.99,31571.58,55725.48,16225.45,0.0,76546.73,0.0,31644.34,31.93,0.0,0.0,0.0,51016.5,0.0,0.0,0.00,55725.48,31571.58,0.00,37475.60,39071.13
CZ15/RSD&0&cDXGF&New&dxAC_equip/NE-dxAC-PkgAC-gt760-New-EER-10.2/instance-out.sql,262285.88,31571.58,55249.37,16225.45,0.0,76546.73,0.0,31644.34,31.93,0.0,0.0,0.0,51016.5,0.0,0.0,0.00,55249.37,31571.58,0.00,37475.60,39071.13
CZ15/RSD&0&cDXGF&New&dxAC_equip/NE-dxAC-PkgAC-gt760-New-EER-11.0/instance-out.sql,261829.93,31571.58,54793.42,16225.45,0.0,76546.73,0.0,31644.34,31.93,0.0,0.0,0.0,51016.5,0.0,0.0,0.00,54793.42,31571.58,0.00,37475.60,39071.13
CZ15/RSD&0&cDXGF&New&dxAC_equip/NE-dxAC-PkgAC-gt760-New-EER-12.0/instance-out.sql,261329.18,31571.58,54292.67,16225.45,0.0,76546.73,0.0,31644.34,31.93,0.0,0.0,0.0,51016.5,0.0,0.0,0.00,54292.67,31571.58,0.00,37475.60,39071.13
CZ15/Rt3&0&cDXGF&New&dxAC_equip/NE-dxAC-PkgAC-65to134-New-EER-11.0/instance-out.sql,1931101.73,7221.93,528852.04,394371.6,0.0,436362.0,0.0,432476.0,3.38,0.0,0.0,0.0,131814.77,0.0,0.0,0.00,528852.04,7221.93,0.00,436362.00,0.00
CZ15/Rt3&0&cDXGF&New&dxAC_equip/NE-dxAC-PkgAC-65to134-New-EER-11.5/instance-out.sql,1909066.49,7221.93,506816.8,394371.6,0.0,436362.0,0.0,432476.0,3.38,0.0,0.0,0.0,131814.77,0.0,0.0,0.00,506816.80,7221.93,0.00,436362.00,0.00
CZ15/Rt3&0&cDXGF&New&dxAC_equip/NE-dxAC-PkgAC-65to134-New-EER-12.0/instance-out.sql,1888840.91,7221.93,486591.22,394371.6,0.0,436362.0,0.0,432476.0,3.38,0.0,0.0,0.0,131814.77,0.0,0.0,0.00,486591.22,7221.93,0.00,436362.00,0.00
CZ15/Rt3&0&cDXGF&New&dxAC_equip/NE-dxAC-PkgAC-65to134-New-EER-12.5/instance-out.sql,1870210.8599999999,7221.93,467961.17,394371.6,0.0,436362.0,0.0,432476.0,3.38,0.0,0.0,0.0,131814.77,0.0,0.0,0.00,467961.17,7221.93,0.00,436362.00,0.00
CZ15/Rt3&0&cDXGF&New&dxAC_equip/NE-dxAC-PkgAC-65to134-New-EER-13.0/instance-out.sql,1852022.57,7221.93,449772.88,394371.6,0.0,436362.0,0.0,432476.0,3.38,0.0,0.0,0.0,131814.77,0.0,0.0,0.00,449772.88,7221.93,0.00,436362.00,0.00
CZ15/Rt3&0&cDXGF&New&dxAC_equip/NE-dxAC-PkgAC-135to239-New-EER-10.8/instance-out.sql,1929751.1099999999,7221.93,527501.42,394371.6,0.0,436362.0,0.0,432476.0,3.38,0.0,0.0,0.0,131814.77,0.0,0.0,0.00,527501.42,7221.93,0.00,436362.00,0.00
CZ15/Rt3&0&cDXGF&New&dxAC_equip/NE-dxAC-PkgAC-135to239-New-EER-11.5/instance-out.sql,1898147.8499999999,7221.93,495898.16,394371.6,0.0,436362.0,0.0,432476.0,3.38,0.0,0.0,0.0,131814.77,0.0,0.0,0.00,495898.16,7221.93,0.00,436362.00,0.00
CZ15/Rt3&0&cDXGF&New&dxAC_equip/NE-dxAC-PkgAC-135to239-New-EER-12.0/instance-out.sql,1878791.41,7221.93,476541.72,394371.6,0.0,436362.0,0.0,432476.0,3.38,0.0,0.0,0.0,131814.77,0.0,0.0,0.00,476541.72,7221.93,0.00,436362.00,0.00
CZ15/Rt3&0&cDXGF&New&dxAC_equip/NE-dxAC-PkgAC-135to239-New-EER-12.5/instance-out.sql,1859922.95,7221.93,457673.26,394371.6,0.0,436362.0,0.0,432476.0,3.38,0.0,0.0,0.0,131814.77,0.0,0.0,0.00,457673.26,7221.93,0.00,436362.00,0.00
CZ15/Rt3&0&cDXGF&New&dxAC_equip/NE-dxAC-PkgAC-240to759-New-EER-9.8/instance-out.sql,1945009.5,7221.93,542759.81,394371.6,0.0,436362.0,0.0,432476.0,3.38,0.0,0.0,0.0,131814.77,0.0,0.0,0.00,542759.81,7221.93,0.00,436362.00,0.00
CZ15/Rt3&0&cDXGF&New&dxAC_equip/NE-dxAC-PkgAC-240to759-New-EER-10.8/instance-out.sql,1896964.47,7221.93,494714.78,394371.6,0.0,436362.0,0.0,432476.0,3.38,0.0,0.0,0.0,131814.77,0.0,0.0,0.00,494714.78,7221.93,0.00,436362.00,0.00
CZ15/Rt3&0&cDXGF&New&dxAC_equip/NE-dxAC-PkgAC-240to759-New-EER-11.5/instance-out.sql,1867074.7,7221.93,464825.02,394371.6,0.0,436362.0,0.0,432476.0,3.38,0.0,0.0,0.0,131814.77,0.0,0.0,0.00,464825.02,7221.93,0.00,436362.00,0.00
CZ15/Rt3&0&cDXGF&New&dxAC_equip/NE-dxAC-PkgAC-240to759-New-EER-12.5/instance-out.sql,1830800.76,7221.93,428551.07,394371.6,0.0,436362.0,0.0,432476.0,3.38,0.0,0.0,0.0,131814.77,0.0,0.0,0.00,428551.07,7221.93,0.00,436362.00,0.00
CZ15/Rt3&0&cDXGF&New&dxAC_equip/NE-dxAC-PkgAC-gt760-New-EER-9.5/instance-out.sql,1933824.41,7221.93,531574.73,394371.6,0.0,436362.0,0.0,432476.0,3.38,0.0,0.0,0.0,131814.77,0.0,0.0,0.00,531574.73,7221.93,0.00,436362.00,0.00
CZ15/Rt3&0&cDXGF&New&dxAC_equip/NE-dxAC-PkgAC-gt760-New-EER-10.2/instance-out.sql,1898147.8499999999,7221.93,495898.16,394371.6,0.0,436362.0,0.0,432476.0,3.38,0.0,0.0,0.0,131814.77,0.0,0.0,0.00,495898.16,7221.93,0.00,436362.00,0.00
CZ15/Rt3&0&cDXGF&New&dxAC_equip/NE-dxAC-PkgAC-gt760-New-EER-11.0/instance-out.sql,1863981.6099999999,7221.93,461731.92,394371.6,0.0,436362.0,0.0,432476.0,3.38,0.0,0.0,0.0,131814.77,0.0,0.0,0.00,461731.92,7221.93,0.00,436362.00,0.00
CZ15/Rt3&0&cDXGF&New&dxAC_equip/NE-dxAC-PkgAC-gt760-New-EER-12.0/instance-out.sql,1826458.14,7221.93,424208.45,394371.6,0.0,436362.0,0.0,432476.0,3.38,0.0,0.0,0.0,131814.77,0.0,0.0,0.00,424208.45,7221.93,0.00,436362.00,0.00
CZ15/RtL&0&cDXGF&New&dxAC_equip/NE-dxAC-PkgAC-65to134-New-EER-11.0/instance-out.sql,1963296.3099999998,5559.19,535932.45,395231.18,0.0,509200.67,0.0,420019.91,3.39,0.0,0.0,0.0,97349.52,0.0,0.0,0.00,535932.45,5559.19,0.00,468847.72,40352.95
CZ15/RtL&0&cDXGF&New&dxAC_equip/NE-dxAC-PkgAC-65to134-New-EER-11.5/instance-out.sql,1941127.66,5559.19,513763.8,395231.18,0.0,509200.67,0.0,420019.91,3.39,0.0,0.0,0.0,97349.52,0.0,0.0,0.00,513763.80,5559.19,0.00,468847.72,40352.95
CZ15/RtL&0&cDXGF&New&dxAC_equip/NE-dxAC-PkgAC-65to134-New-EER-12.0/instance-out.sql,1920779.6199999999,5559.19,493415.76,395231.18,0.0,509200.67,0.0,420019.91,3.39,0.0,0.0,0.0,97349.52,0.0,0.0,0.00,493415.76,5559.19,0.00,468847.72,40352.95
CZ15/RtL&0&cDXGF&New&dxAC_equip/NE-dxAC-PkgAC-65to134-New-EER-12.5/instance-out.sql,1902036.77,5559.19,474672.91,395231.18,0.0,509200.67,0.0,420019.91,3.39,0.0,0.0,0.0,97349.52,0.0,0.0,0.00,474672.91,5559.19,0.00,468847.72,40352.95
CZ15/RtL&0&cDXGF&New&dxAC_equip/NE-dxAC-PkgAC-65to134-New-EER-13.0/instance-out.sql,1883738.3599999999,5559.19,456374.5,395231.18,0.0,509200.67,0.0,420019.91,3.39,0.0,0.0,0.0,97349.52,0.0,0.0,0.00,456374.50,5559.19,0.00,468847.72,40352.95
CZ15/RtL&0&cDXGF&New&dxAC_equip/NE-dxAC-PkgAC-135to239-New-EER-10.8/instance-out.sql,1961937.51,5559.19,534573.65,395231.18,0.0,509200.67,0.0,420019.91,3.39,0.0,0.0,0.0,97349.52,0.0,0.0,0.00,534573.65,5559.19,0.00,468847.72,40352.95
CZ15/RtL&0&cDXGF&New&dxAC_equip/NE-dxAC-PkgAC-135to239-New-EER-11.5/instance-out.sql,1930142.9,5559.19,502779.04,395231.18,0.0,509200.67,0.0,420019.91,3.39,0.0,0.0,0.0,97349.52,0.0,0.0,0.00,502779.04,5559.19,0.00,468847.72,40352.95
CZ15/RtL&0&cDXGF&New&dxAC_equip/NE-dxAC-PkgAC-135to239-New-EER-12.0/instance-out.sql,1910669.27,5559.19,483305.41,395231.18,0.0,509200.67,0.0,420019.91,3.39,0.0,0.0,0.0,97349.52,0.0,0.0,0.00,483305.41,5559.19,0.00,468847.72,40352.95
CZ15/RtL&0&cDXGF&New&dxAC_equip/NE-dxAC-PkgAC-135to239-New-EER-12.5/instance-out.sql,1891686.5699999998,5559.19,464322.71,395231.18,0.0,509200.67,0.0,420019.91,3.39,0.0,0.0,0.0,97349.52,0.0,0.0,0.00,464322.71,5559.19,0.00,468847.72,40352.95
CZ15/RtL&0&cDXGF&New&dxAC_equip/NE-dxAC-PkgAC-240to759-New-EER-9.8/instance-out.sql,1977288.2899999998,5559.19,549924.43,395231.18,0.0,509200.67,0.0,420019.91,3.39,0.0,0.0,0.0,97349.52,0.0,0.0,0.00,549924.43,5559.19,0.00,468847.72,40352.95
CZ15/RtL&0&cDXGF&New&dxAC_equip/NE-dxAC-PkgAC-240to759-New-EER-10.8/instance-out.sql,1928952.3599999999,5559.19,501588.5,395231.18,0.0,509200.67,0.0,420019.91,3.39,0.0,0.0,0.0,97349.52,0.0,0.0,0.00,501588.50,5559.19,0.00,468847.72,40352.95
CZ15/RtL&0&cDXGF&New&dxAC_equip/NE-dxAC-PkgAC-240to759-New-EER-11.5/instance-out.sql,1898881.63,5559.19,471517.77,395231.18,0.0,509200.67,0.0,420019.91,3.39,0.0,0.0,0.0,97349.52,0.0,0.0,0.00,471517.77,5559.19,0.00,468847.72,40352.95
CZ15/RtL&0&cDXGF&New&dxAC_equip/NE-dxAC-PkgAC-240to759-New-EER-12.5/instance-out.sql,1862388.0599999998,5559.19,435024.2,395231.18,0.0,509200.67,0.0,420019.91,3.39,0.0,0.0,0.0,97349.52,0.0,0.0,0.00,435024.20,5559.19,0.00,468847.72,40352.95
CZ15/RtL&0&cDXGF&New&dxAC_equip/NE-dxAC-PkgAC-gt760-New-EER-9.5/instance-out.sql,1966035.48,5559.19,538671.62,395231.18,0.0,509200.67,0.0,420019.91,3.39,0.0,0.0,0.0,97349.52,0.0,0.0,0.00,538671.62,5559.19,0.00,468847.72,40352.95
CZ15/RtL&0&cDXGF&New&dxAC_equip/NE-dxAC-PkgAC-gt760-New-EER-10.2/instance-out.sql,1930142.9,5559.19,502779.04,395231.18,0.0,509200.67,0.0,420019.91,3.39,0.0,0.0,0.0,97349.52,0.0,0.0,0.00,502779.04,5559.19,0.00,468847.72,40352.95
CZ15/RtL&0&cDXGF&New&dxAC_equip/NE-dxAC-PkgAC-gt760-New-EER-11.0/instance-out.sql,1895769.8099999998,5559.19,468405.95,395231.18,0.0,509200.67,0.0,420019.91,3.39,0.0,0.0,0.0,97349.52,0.0,0.0,0.00,468405.95,5559.19,0.00,468847.72,40352.95
CZ15/RtL&0&cDXGF&New&dxAC_equip/NE-dxAC-PkgAC-gt760-New-EER-12.0/instance-out.sql,1858019.14,5559.19,430655.28,395231.18,0.0,509200.67,0.0,420019.91,3.39,0.0,0.0,0.0,97349.52,0.0,0.0,0.00,430655.28,5559.19,0.00,468847.72,40352.95
CZ15/RtS&0&cDXGF&New&dxAC_equip/NE-dxAC-PkgAC-65to134-New-EER-11.0/instance-out.sql,128698.14,987.55,36915.93,23251.32,0.0,24440.79,0.0,29779.87,3.36,0.0,0.0,0.0,13319.31,0.0,0.0,0.00,36915.93,987.55,0.00,24440.79,0.00
CZ15/RtS&0&cDXGF&New&dxAC_equip/NE-dxAC-PkgAC-65to134-New-EER-11.5/instance-out.sql,127117.69,987.55,35335.48,23251.32,0.0,24440.79,0.0,29779.87,3.36,0.0,0.0,0.0,13319.31,0.0,0.0,0.00,35335.48,987.55,0.00,24440.79,0.00
CZ15/RtS&0&cDXGF&New&dxAC_equip/NE-dxAC-PkgAC-65to134-New-EER-12.0/instance-out.sql,125667.04,987.55,33884.83,23251.32,0.0,24440.79,0.0,29779.87,3.36,0.0,0.0,0.0,13319.31,0.0,0.0,0.00,33884.83,987.55,0.00,24440.79,0.00
CZ15/RtS&0&cDXGF&New&dxAC_equip/NE-dxAC-PkgAC-65to134-New-EER-12.5/instance-out.sql,124330.82,987.55,32548.61,23251.32,0.0,24440.79,0.0,29779.87,3.36,0.0,0.0,0.0,13319.31,0.0,0.0,0.00,32548.61,987.55,0.00,24440.79,0.00
CZ15/RtS&0&cDXGF&New&dxAC_equip/NE-dxAC-PkgAC-65to134-New-EER-13.0/instance-out.sql,123026.29,987.55,31244.08,23251.32,0.0,24440.79,0.0,29779.87,3.36,0.0,0.0,0.0,13319.31,0.0,0.0,0.00,31244.08,987.55,0.00,24440.79,0.00
CZ15/RtS&0&cDXGF&New&dxAC_equip/NE-dxAC-PkgAC-135to239-New-EER-10.8/instance-out.sql,128601.27,987.55,36819.06,23251.32,0.0,24440.79,0.0,29779.87,3.36,0.0,0.0,0.0,13319.31,0.0,0.0,0.00,36819.06,987.55,0.00,24440.79,0.00
CZ15/RtS&0&cDXGF&New&dxAC_equip/NE-dxAC-PkgAC-135to239-New-EER-11.5/instance-out.sql,126334.56,987.55,34552.35,23251.32,0.0,24440.79,0.0,29779.87,3.36,0.0,0.0,0.0,13319.31,0.0,0.0,0.00,34552.35,987.55,0.00,24440.79,0.00
CZ15/RtS&0&cDXGF&New&dxAC_equip/NE-dxAC-PkgAC-135to239-New-EER-12.0/instance-out.sql,124946.25,987.55,33164.04,23251.32,0.0,24440.79,0.0,29779.87,3.36,0.0,0.0,0.0,13319.31,0.0,0.0,0.00,33164.04,987.55,0.00,24440.79,0.00
CZ15/RtS&0&cDXGF&New&dxAC_equip/NE-dxAC-PkgAC-135to239-New-EER-12.5/instance-out.sql,123592.93000000001,987.55,31810.72,23251.32,0.0,24440.79,0.0,29779.87,3.36,0.0,0.0,0.0,13319.31,0.0,0.0,0.00,31810.72,987.55,0.00,24440.79,0.00
CZ15/RtS&0&cDXGF&New&dxAC_equip/NE-dxAC-PkgAC-240to759-New-EER-9.8/instance-out.sql,129695.66,987.55,37913.45,23251.32,0.0,24440.79,0.0,29779.87,3.36,0.0,0.0,0.0,13319.31,0.0,0.0,0.00,37913.45,987.55,0.00,24440.79,0.00
CZ15/RtS&0&cDXGF&New&dxAC_equip/NE-dxAC-PkgAC-240to759-New-EER-10.8/instance-out.sql,126249.69,987.55,34467.48,23251.32,0.0,24440.79,0.0,29779.87,3.36,0.0,0.0,0.0,13319.31,0.0,0.0,0.00,34467.48,987.55,0.00,24440.79,0.00
CZ15/RtS&0&cDXGF&New&dxAC_equip/NE-dxAC-PkgAC-240to759-New-EER-11.5/instance-out.sql,124105.88,987.55,32323.67,23251.32,0.0,24440.79,0.0,29779.87,3.36,0.0,0.0,0.0,13319.31,0.0,0.0,0.00,32323.67,987.55,0.00,24440.79,0.00
CZ15/RtS&0&cDXGF&New&dxAC_equip/NE-dxAC-PkgAC-240to759-New-EER-12.5/instance-out.sql,121504.18000000001,987.55,29721.97,23251.32,0.0,24440.79,0.0,29779.87,3.36,0.0,0.0,0.0,13319.31,0.0,0.0,0.00,29721.97,987.55,0.00,24440.79,0.00
CZ15/RtS&0&cDXGF&New&dxAC_equip/NE-dxAC-PkgAC-gt760-New-EER-9.5/instance-out.sql,128893.42,987.55,37111.21,23251.32,0.0,24440.79,0.0,29779.87,3.36,0.0,0.0,0.0,13319.31,0.0,0.0,0.00,37111.21,987.55,0.00,24440.79,0.00
CZ15/RtS&0&cDXGF&New&dxAC_equip/NE-dxAC-PkgAC-gt760-New-EER-10.2/instance-out.sql,126334.56,987.55,34552.35,23251.32,0.0,24440.79,0.0,29779.87,3.36,0.0,0.0,0.0,13319.31,0.0,0.0,0.00,34552.35,987.55,0.00,24440.79,0.00
CZ15/RtS&0&cDXGF&New&dxAC_equip/NE-dxAC-PkgAC-gt760-New-EER-11.0/instance-out.sql,123884.04,987.55,32101.83,23251.32,0.0,24440.79,0.0,29779.87,3.36,0.0,0.0,0.0,13319.31,0.0,0.0,0.00,32101.83,987.55,0.00,24440.79,0.00
CZ15/RtS&0&cDXGF&New&dxAC_equip/NE-dxAC-PkgAC-gt760-New-EER-12.0/instance-out.sql,121192.71,987.55,29410.5,23251.32,0.0,24440.79,0.0,29779.87,3.36,0.0,0.0,0.0,13319.31,0.0,0.0,0.00,29410.50,987.55,0.00,24440.79,0.00
CZ15/SCn&0&cDXGF&New&dxAC_equip/NE-dxAC-PkgAC-65to134-New-EER-11.0/instance-out.sql,3492657.87,73179.65,1135815.35,571539.04,0.0,449066.39,0.0,1197533.57,3.36,0.0,0.0,0.0,65520.52,0.0,0.0,0.00,1135815.35,73179.65,0.00,449066.39,0.00
CZ15/SCn&0&cDXGF&New&dxAC_equip/NE-dxAC-PkgAC-65to134-New-EER-11.5/instance-out.sql,3444021.28,73179.65,1087178.75,571539.04,0.0,449066.39,0.0,1197533.57,3.36,0.0,0.0,0.0,65520.52,0.0,0.0,0.00,1087178.75,73179.65,0.00,449066.39,0.00
CZ15/SCn&0&cDXGF&New&dxAC_equip/NE-dxAC-PkgAC-65to134-New-EER-12.0/instance-out.sql,3399378.9899999998,73179.65,1042536.47,571539.04,0.0,449066.39,0.0,1197533.57,3.36,0.0,0.0,0.0,65520.52,0.0,0.0,0.00,1042536.47,73179.65,0.00,449066.39,0.00
CZ15/SCn&0&cDXGF&New&dxAC_equip/NE-dxAC-PkgAC-65to134-New-EER-12.5/instance-out.sql,3358258.37,73179.65,1001415.85,571539.04,0.0,449066.39,0.0,1197533.57,3.36,0.0,0.0,0.0,65520.52,0.0,0.0,0.00,1001415.85,73179.65,0.00,449066.39,0.00
CZ15/SCn&0&cDXGF&New&dxAC_equip/NE-dxAC-PkgAC-65to134-New-EER-13.0/instance-out.sql,3318112.84,73179.65,961270.31,571539.04,0.0,449066.39,0.0,1197533.57,3.36,0.0,0.0,0.0,65520.52,0.0,0.0,0.00,961270.31,73179.65,0.00,449066.39,0.00
CZ15/SCn&0&cDXGF&New&dxAC_equip/NE-dxAC-PkgAC-135to239-New-EER-10.8/instance-out.sql,3489676.75,73179.65,1132834.22,571539.04,0.0,449066.39,0.0,1197533.57,3.36,0.0,0.0,0.0,65520.52,0.0,0.0,0.00,1132834.22,73179.65,0.00,449066.39,0.00
CZ15/SCn&0&cDXGF&New&dxAC_equip/NE-dxAC-PkgAC-135to239-New-EER-11.5/instance-out.sql,3419921.4299999997,73179.65,1063078.9,571539.04,0.0,449066.39,0.0,1197533.57,3.36,0.0,0.0,0.0,65520.52,0.0,0.0,0.00,1063078.90,73179.65,0.00,449066.39,0.00
CZ15/SCn&0&cDXGF&New&dxAC_equip/NE-dxAC-PkgAC-135to239-New-EER-12.0/instance-out.sql,3377197.53,73179.65,1020355.0,571539.04,0.0,449066.39,0.0,1197533.57,3.36,0.0,0.0,0.0,65520.52,0.0,0.0,0.00,1020355.00,73179.65,0.00,449066.39,0.00
CZ15/SCn&0&cDXGF&New&dxAC_equip/NE-dxAC-PkgAC-135to239-New-EER-12.5/instance-out.sql,3335550.71,73179.65,978708.18,571539.04,0.0,449066.39,0.0,1197533.57,3.36,0.0,0.0,0.0,65520.52,0.0,0.0,0.00,978708.18,73179.65,0.00,449066.39,0.00
CZ15/SCn&0&cDXGF&New&dxAC_equip/NE-dxAC-PkgAC-240to759-New-EER-9.8/instance-out.sql,3523355.37,73179.65,1166512.85,571539.04,0.0,449066.39,0.0,1197533.57,3.36,0.0,0.0,0.0,65520.52,0.0,0.0,0.00,1166512.85,73179.65,0.00,449066.39,0.00
CZ15/SCn&0&cDXGF&New&dxAC_equip/NE-dxAC-PkgAC-240to759-New-EER-10.8/instance-out.sql,3417309.46,73179.65,1060466.93,571539.04,0.0,449066.39,0.0,1197533.57,3.36,0.0,0.0,0.0,65520.52,0.0,0.0,0.00,1060466.93,73179.65,0.00,449066.39,0.00
CZ15/SCn&0&cDXGF&New&dxAC_equip/NE-dxAC-PkgAC-240to759-New-EER-11.5/instance-out.sql,3351336.1999999997,73179.65,994493.67,571539.04,0.0,449066.39,0.0,1197533.57,3.36,0.0,0.0,0.0,65520.52,0.0,0.0,0.00,994493.67,73179.65,0.00,449066.39,0.00
CZ15/SCn&0&cDXGF&New&dxAC_equip/NE-dxAC-PkgAC-240to759-New-EER-12.5/instance-out.sql,3271271.66,73179.65,914429.13,571539.04,0.0,449066.39,0.0,1197533.57,3.36,0.0,0.0,0.0,65520.52,0.0,0.0,0.00,914429.13,73179.65,0.00,449066.39,0.00
CZ15/SCn&0&cDXGF&New&dxAC_equip/NE-dxAC-PkgAC-gt760-New-EER-9.5/instance-out.sql,3498667.44,73179.65,1141824.91,571539.04,0.0,449066.39,0.0,1197533.57,3.36,0.0,0.0,0.0,65520.52,0.0,0.0,0.00,1141824.91,73179.65,0.00,449066.39,0.00
CZ15/SCn&0&cDXGF&New&dxAC_equip/NE-dxAC-PkgAC-gt760-New-EER-10.2/instance-out.sql,3419921.4299999997,73179.65,1063078.9,571539.04,0.0,449066.39,0.0,1197533.57,3.36,0.0,0.0,0.0,65520.52,0.0,0.0,0.00,1063078.90,73179.65,0.00,449066.39,0.00
CZ15/SCn&0&cDXGF&New&dxAC_equip/NE-dxAC-PkgAC-gt760-New-EER-11.0/instance-out.sql,3344509.06,73179.65,987666.54,571539.04,0.0,449066.39,0.0,1197533.57,3.36,0.0,0.0,0.0,65520.52,0.0,0.0,0.00,987666.54,73179.65,0.00,449066.39,0.00
CZ15/SCn&0&cDXGF&New&dxAC_equip/NE-dxAC-PkgAC-gt760-New-EER-12.0/instance-out.sql,3261686.53,73179.65,904844.0,571539.04,0.0,449066.39,0.0,1197533.57,3.36,0.0,0.0,0.0,65520.52,0.0,0.0,0.00,904844.00,73179.65,0.00,449066.39,0.00
CZ16/Asm&0&cDXGF&New&dxAC_equip/NE-dxAC-PkgAC-65to134-New-EER-11.0/instance-out.sql,893413.43,276182.52,154837.59,76844.55,0.0,145823.51,0.0,217174.14,3.36,0.0,0.0,0.0,22547.75,0.0,0.0,0.00,154837.59,276182.52,0.00,145823.51,0.00
CZ16/Asm&0&cDXGF&New&dxAC_equip/NE-dxAC-PkgAC-65to134-New-EER-11.5/instance-out.sql,886802.73,276182.52,148226.89,76844.55,0.0,145823.51,0.0,217174.14,3.36,0.0,0.0,0.0,22547.75,0.0,0.0,0.00,148226.89,276182.52,0.00,145823.51,0.00
CZ16/Asm&0&cDXGF&New&dxAC_equip/NE-dxAC-PkgAC-65to134-New-EER-12.0/instance-out.sql,880734.93,276182.52,142159.09,76844.55,0.0,145823.51,0.0,217174.14,3.36,0.0,0.0,0.0,22547.75,0.0,0.0,0.00,142159.09,276182.52,0.00,145823.51,0.00
CZ16/Asm&0&cDXGF&New&dxAC_equip/NE-dxAC-PkgAC-65to134-New-EER-12.5/instance-out.sql,875145.8,276182.52,136569.96,76844.55,0.0,145823.51,0.0,217174.14,3.36,0.0,0.0,0.0,22547.75,0.0,0.0,0.00,136569.96,276182.52,0.00,145823.51,0.00
CZ16/Asm&0&cDXGF&New&dxAC_equip/NE-dxAC-PkgAC-65to134-New-EER-13.0/instance-out.sql,869689.2100000001,276182.52,131113.37,76844.55,0.0,145823.51,0.0,217174.14,3.36,0.0,0.0,0.0,22547.75,0.0,0.0,0.00,131113.37,276182.52,0.00,145823.51,0.00
CZ16/Asm&0&cDXGF&New&dxAC_equip/NE-dxAC-PkgAC-135to239-New-EER-10.8/instance-out.sql,893008.24,276182.52,154432.4,76844.55,0.0,145823.51,0.0,217174.14,3.36,0.0,0.0,0.0,22547.75,0.0,0.0,0.00,154432.40,276182.52,0.00,145823.51,0.00
CZ16/Asm&0&cDXGF&New&dxAC_equip/NE-dxAC-PkgAC-135to239-New-EER-11.5/instance-out.sql,883527.0700000001,276182.52,144951.23,76844.55,0.0,145823.51,0.0,217174.14,3.36,0.0,0.0,0.0,22547.75,0.0,0.0,0.00,144951.23,276182.52,0.00,145823.51,0.00
CZ16/Asm&0&cDXGF&New&dxAC_equip/NE-dxAC-PkgAC-135to239-New-EER-12.0/instance-out.sql,877720.02,276182.52,139144.18,76844.55,0.0,145823.51,0.0,217174.14,3.36,0.0,0.0,0.0,22547.75,0.0,0.0,0.00,139144.18,276182.52,0.00,145823.51,0.00
CZ16/Asm&0&cDXGF&New&dxAC_equip/NE-dxAC-PkgAC-135to239-New-EER-12.5/instance-out.sql,872059.37,276182.52,133483.53,76844.55,0.0,145823.51,0.0,217174.14,3.36,0.0,0.0,0.0,22547.75,0.0,0.0,0.00,133483.53,276182.52,0.00,145823.51,0.00
CZ16/Asm&0&cDXGF&New&dxAC_equip/NE-dxAC-PkgAC-240to759-New-EER-9.8/instance-out.sql,897585.85,276182.52,159010.01,76844.55,0.0,145823.51,0.0,217174.14,3.36,0.0,0.0,0.0,22547.75,0.0,0.0,0.00,159010.01,276182.52,0.00,145823.51,0.00
CZ16/Asm&0&cDXGF&New&dxAC_equip/NE-dxAC-PkgAC-240to759-New-EER-10.8/instance-out.sql,883172.05,276182.52,144596.21,76844.55,0.0,145823.51,0.0,217174.14,3.36,0.0,0.0,0.0,22547.75,0.0,0.0,0.00,144596.21,276182.52,0.00,145823.51,0.00
CZ16/Asm&0&cDXGF&New&dxAC_equip/NE-dxAC-PkgAC-240to759-New-EER-11.5/instance-out.sql,874204.9400000001,276182.52,135629.1,76844.55,0.0,145823.51,0.0,217174.14,3.36,0.0,0.0,0.0,22547.75,0.0,0.0,0.00,135629.10,276182.52,0.00,145823.51,0.00
CZ16/Asm&0&cDXGF&New&dxAC_equip/NE-dxAC-PkgAC-240to759-New-EER-12.5/instance-out.sql,863322.54,276182.52,124746.7,76844.55,0.0,145823.51,0.0,217174.14,3.36,0.0,0.0,0.0,22547.75,0.0,0.0,0.00,124746.70,276182.52,0.00,145823.51,0.00
CZ16/Asm&0&cDXGF&New&dxAC_equip/NE-dxAC-PkgAC-gt760-New-EER-9.5/instance-out.sql,894230.25,276182.52,155654.41,76844.55,0.0,145823.51,0.0,217174.14,3.36,0.0,0.0,0.0,22547.75,0.0,0.0,0.00,155654.41,276182.52,0.00,145823.51,0.00
CZ16/Asm&0&cDXGF&New&dxAC_equip/NE-dxAC-PkgAC-gt760-New-EER-10.2/instance-out.sql,883527.0700000001,276182.52,144951.23,76844.55,0.0,145823.51,0.0,217174.14,3.36,0.0,0.0,0.0,22547.75,0.0,0.0,0.00,144951.23,276182.52,0.00,145823.51,0.00
CZ16/Asm&0&cDXGF&New&dxAC_equip/NE-dxAC-PkgAC-gt760-New-EER-11.0/instance-out.sql,873276.99,276182.52,134701.15,76844.55,0.0,145823.51,0.0,217174.14,3.36,0.0,0.0,0.0,22547.75,0.0,0.0,0.00,134701.15,276182.52,0.00,145823.51,0.00
CZ16/Asm&0&cDXGF&New&dxAC_equip/NE-dxAC-PkgAC-gt760-New-EER-12.0/instance-out.sql,862019.73,276182.52,123443.89,76844.55,0.0,145823.51,0.0,217174.14,3.36,0.0,0.0,0.0,22547.75,0.0,0.0,0.00,123443.89,276182.52,0.00,145823.51,0.00
CZ16/ECC&0&cDXGF&New&dxAC_equip/NE-dxAC-PkgAC-65to134-New-EER-11.0/instance-out.sql,2622326.7399999998,139294.98,337919.2,167224.54,0.0,1013813.91,0.0,519461.16,749.84,0.0,0.0,0.0,443863.11,0.0,0.0,0.00,337919.20,139294.98,0.00,945189.93,68623.98
CZ16/ECC&0&cDXGF&New&dxAC_equip/NE-dxAC-PkgAC-65to134-New-EER-11.5/instance-out.sql,2611695.93,139294.98,327288.38,167224.54,0.0,1013813.91,0.0,519461.16,749.84,0.0,0.0,0.0,443863.11,0.0,0.0,0.00,327288.38,139294.98,0.00,945189.93,68623.98
CZ16/ECC&0&cDXGF&New&dxAC_equip/NE-dxAC-PkgAC-65to134-New-EER-12.0/instance-out.sql,2601938.17,139294.98,317530.63,167224.54,0.0,1013813.91,0.0,519461.16,749.84,0.0,0.0,0.0,443863.11,0.0,0.0,0.00,317530.63,139294.98,0.00,945189.93,68623.98
CZ16/ECC&0&cDXGF&New&dxAC_equip/NE-dxAC-PkgAC-65to134-New-EER-12.5/instance-out.sql,2592950.17,139294.98,308542.63,167224.54,0.0,1013813.91,0.0,519461.16,749.84,0.0,0.0,0.0,443863.11,0.0,0.0,0.00,308542.63,139294.98,0.00,945189.93,68623.98
CZ16/ECC&0&cDXGF&New&dxAC_equip/NE-dxAC-PkgAC-65to134-New-EER-13.0/instance-out.sql,2584175.3,139294.98,299767.76,167224.54,0.0,1013813.91,0.0,519461.16,749.84,0.0,0.0,0.0,443863.11,0.0,0.0,0.00,299767.76,139294.98,0.00,945189.93,68623.98
CZ16/ECC&0&cDXGF&New&dxAC_equip/NE-dxAC-PkgAC-135to239-New-EER-10.8/instance-out.sql,2621675.14,139294.98,337267.6,167224.54,0.0,1013813.91,0.0,519461.16,749.84,0.0,0.0,0.0,443863.11,0.0,0.0,0.00,337267.60,139294.98,0.00,945189.93,68623.98
CZ16/ECC&0&cDXGF&New&dxAC_equip/NE-dxAC-PkgAC-135to239-New-EER-11.5/instance-out.sql,2606428.27,139294.98,322020.72,167224.54,0.0,1013813.91,0.0,519461.16,749.84,0.0,0.0,0.0,443863.11,0.0,0.0,0.00,322020.72,139294.98,0.00,945189.93,68623.98
CZ16/ECC&0&cDXGF&New&dxAC_equip/NE-dxAC-PkgAC-135to239-New-EER-12.0/instance-out.sql,2597089.82,139294.98,312682.28,167224.54,0.0,1013813.91,0.0,519461.16,749.84,0.0,0.0,0.0,443863.11,0.0,0.0,0.00,312682.28,139294.98,0.00,945189.93,68623.98
CZ16/ECC&0&cDXGF&New&dxAC_equip/NE-dxAC-PkgAC-135to239-New-EER-12.5/instance-out.sql,2587986.81,139294.98,303579.26,167224.54,0.0,1013813.91,0.0,519461.16,749.84,0.0,0.0,0.0,443863.11,0.0,0.0,0.00,303579.26,139294.98,0.00,945189.93,68623.98
CZ16/ECC&0&cDXGF&New&dxAC_equip/NE-dxAC-PkgAC-240to759-New-EER-9.8/instance-out.sql,2629036.5,139294.98,344628.95,167224.54,0.0,1013813.91,0.0,519461.16,749.84,0.0,0.0,0.0,443863.11,0.0,0.0,0.00,344628.95,139294.98,0.00,945189.93,68623.98
CZ16/ECC&0&cDXGF&New&dxAC_equip/NE-dxAC-PkgAC-240to759-New-EER-10.8/instance-out.sql,2605857.35,139294.98,321449.81,167224.54,0.0,1013813.91,0.0,519461.16,749.84,0.0,0.0,0.0,443863.11,0.0,0.0,0.00,321449.81,139294.98,0.00,945189.93,68623.98
CZ16/ECC&0&cDXGF&New&dxAC_equip/NE-dxAC-PkgAC-240to759-New-EER-11.5/instance-out.sql,2591437.14,139294.98,307029.6,167224.54,0.0,1013813.91,0.0,519461.16,749.84,0.0,0.0,0.0,443863.11,0.0,0.0,0.00,307029.60,139294.98,0.00,945189.93,68623.98
CZ16/ECC&0&cDXGF&New&dxAC_equip/NE-dxAC-PkgAC-240to759-New-EER-12.5/instance-out.sql,2573936.92,139294.98,289529.37,167224.54,0.0,1013813.91,0.0,519461.16,749.84,0.0,0.0,0.0,443863.11,0.0,0.0,0.00,289529.37,139294.98,0.00,945189.93,68623.98
CZ16/ECC&0&cDXGF&New&dxAC_equip/NE-dxAC-PkgAC-gt760-New-EER-9.5/instance-out.sql,2623640.29,139294.98,339232.75,167224.54,0.0,1013813.91,0.0,519461.16,749.84,0.0,0.0,0.0,443863.11,0.0,0.0,0.00,339232.75,139294.98,0.00,945189.93,68623.98
CZ16/ECC&0&cDXGF&New&dxAC_equip/NE-dxAC-PkgAC-gt760-New-EER-10.2/instance-out.sql,2606428.27,139294.98,322020.72,167224.54,0.0,1013813.91,0.0,519461.16,749.84,0.0,0.0,0.0,443863.11,0.0,0.0,0.00,322020.72,139294.98,0.00,945189.93,68623.98
CZ16/ECC&0&cDXGF&New&dxAC_equip/NE-dxAC-PkgAC-gt760-New-EER-11.0/instance-out.sql,2589944.89,139294.98,305537.35,167224.54,0.0,1013813.91,0.0,519461.16,749.84,0.0,0.0,0.0,443863.11,0.0,0.0,0.00,305537.35,139294.98,0.00,945189.93,68623.98
CZ16/ECC&0&cDXGF&New&dxAC_equip/NE-dxAC-PkgAC-gt760-New-EER-12.0/instance-out.sql,2571841.83,139294.98,287434.29,167224.54,0.0,1013813.91,0.0,519461.16,749.84,0.0,0.0,0.0,443863.11,0.0,0.0,0.00,287434.29,139294.98,0.00,945189.93,68623.98
CZ16/EPr&0&cDXGF&New&dxAC_equip/NE-dxAC-PkgAC-65to134-New-EER-11.0/instance-out.sql,412334.45999999996,45059.57,52454.68,30835.78,0.0,125897.03,0.0,73246.96,3.37,0.0,0.0,0.0,84837.06,0.0,0.0,0.00,52454.68,45059.57,0.00,83226.75,42670.28
CZ16/EPr&0&cDXGF&New&dxAC_equip/NE-dxAC-PkgAC-65to134-New-EER-11.5/instance-out.sql,410575.03,45059.57,50695.25,30835.78,0.0,125897.03,0.0,73246.96,3.37,0.0,0.0,0.0,84837.06,0.0,0.0,0.00,50695.25,45059.57,0.00,83226.75,42670.28
CZ16/EPr&0&cDXGF&New&dxAC_equip/NE-dxAC-PkgAC-65to134-New-EER-12.0/instance-out.sql,408960.08999999997,45059.57,49080.31,30835.78,0.0,125897.03,0.0,73246.96,3.37,0.0,0.0,0.0,84837.06,0.0,0.0,0.00,49080.31,45059.57,0.00,83226.75,42670.28
CZ16/EPr&0&cDXGF&New&dxAC_equip/NE-dxAC-PkgAC-65to134-New-EER-12.5/instance-out.sql,407472.55000000005,45059.57,47592.77,30835.78,0.0,125897.03,0.0,73246.96,3.37,0.0,0.0,0.0,84837.06,0.0,0.0,0.00,47592.77,45059.57,0.00,83226.75,42670.28
CZ16/EPr&0&cDXGF&New&dxAC_equip/NE-dxAC-PkgAC-65to134-New-EER-13.0/instance-out.sql,406020.28,45059.57,46140.5,30835.78,0.0,125897.03,0.0,73246.96,3.37,0.0,0.0,0.0,84837.06,0.0,0.0,0.00,46140.50,45059.57,0.00,83226.75,42670.28
CZ16/EPr&0&cDXGF&New&dxAC_equip/NE-dxAC-PkgAC-135to239-New-EER-10.8/instance-out.sql,412226.62,45059.57,52346.84,30835.78,0.0,125897.03,0.0,73246.96,3.37,0.0,0.0,0.0,84837.06,0.0,0.0,0.00,52346.84,45059.57,0.00,83226.75,42670.28
CZ16/EPr&0&cDXGF&New&dxAC_equip/NE-dxAC-PkgAC-135to239-New-EER-11.5/instance-out.sql,409703.20999999996,45059.57,49823.44,30835.78,0.0,125897.03,0.0,73246.96,3.37,0.0,0.0,0.0,84837.06,0.0,0.0,0.00,49823.44,45059.57,0.00,83226.75,42670.28
CZ16/EPr&0&cDXGF&New&dxAC_equip/NE-dxAC-PkgAC-135to239-New-EER-12.0/instance-out.sql,408157.67000000004,45059.57,48277.9,30835.78,0.0,125897.03,0.0,73246.96,3.37,0.0,0.0,0.0,84837.06,0.0,0.0,0.00,48277.90,45059.57,0.00,83226.75,42670.28
CZ16/EPr&0&cDXGF&New&dxAC_equip/NE-dxAC-PkgAC-135to239-New-EER-12.5/instance-out.sql,406651.08999999997,45059.57,46771.32,30835.78,0.0,125897.03,0.0,73246.96,3.37,0.0,0.0,0.0,84837.06,0.0,0.0,0.00,46771.32,45059.57,0.00,83226.75,42670.28
CZ16/EPr&0&cDXGF&New&dxAC_equip/NE-dxAC-PkgAC-240to759-New-EER-9.8/instance-out.sql,413444.94,45059.57,53565.17,30835.78,0.0,125897.03,0.0,73246.96,3.37,0.0,0.0,0.0,84837.06,0.0,0.0,0.00,53565.17,45059.57,0.00,83226.75,42670.28
CZ16/EPr&0&cDXGF&New&dxAC_equip/NE-dxAC-PkgAC-240to759-New-EER-10.8/instance-out.sql,409608.72,45059.57,49728.95,30835.78,0.0,125897.03,0.0,73246.96,3.37,0.0,0.0,0.0,84837.06,0.0,0.0,0.00,49728.95,45059.57,0.00,83226.75,42670.28
CZ16/EPr&0&cDXGF&New&dxAC_equip/NE-dxAC-PkgAC-240to759-New-EER-11.5/instance-out.sql,407222.14,45059.57,47342.36,30835.78,0.0,125897.03,0.0,73246.96,3.37,0.0,0.0,0.0,84837.06,0.0,0.0,0.00,47342.36,45059.57,0.00,83226.75,42670.28
CZ16/EPr&0&cDXGF&New&dxAC_equip/NE-dxAC-PkgAC-240to759-New-EER-12.5/instance-out.sql,404325.80000000005,45059.57,44446.02,30835.78,0.0,125897.03,0.0,73246.96,3.37,0.0,0.0,0.0,84837.06,0.0,0.0,0.00,44446.02,45059.57,0.00,83226.75,42670.28
CZ16/EPr&0&cDXGF&New&dxAC_equip/NE-dxAC-PkgAC-gt760-New-EER-9.5/instance-out.sql,412551.85,45059.57,52672.08,30835.78,0.0,125897.03,0.0,73246.96,3.37,0.0,0.0,0.0,84837.06,0.0,0.0,0.00,52672.08,45059.57,0.00,83226.75,42670.28
CZ16/EPr&0&cDXGF&New&dxAC_equip/NE-dxAC-PkgAC-gt760-New-EER-10.2/instance-out.sql,409703.20999999996,45059.57,49823.44,30835.78,0.0,125897.03,0.0,73246.96,3.37,0.0,0.0,0.0,84837.06,0.0,0.0,0.00,49823.44,45059.57,0.00,83226.75,42670.28
CZ16/EPr&0&cDXGF&New&dxAC_equip/NE-dxAC-PkgAC-gt760-New-EER-11.0/instance-out.sql,406975.16000000003,45059.57,47095.39,30835.78,0.0,125897.03,0.0,73246.96,3.37,0.0,0.0,0.0,84837.06,0.0,0.0,0.00,47095.39,45059.57,0.00,83226.75,42670.28
CZ16/EPr&0&cDXGF&New&dxAC_equip/NE-dxAC-PkgAC-gt760-New-EER-12.0/instance-out.sql,403979.05000000005,45059.57,44099.28,30835.78,0.0,125897.03,0.0,73246.96,3.37,0.0,0.0,0.0,84837.06,0.0,0.0,0.00,44099.28,45059.57,0.00,83226.75,42670.28
CZ16/ERC&0&cDXGF&New&dxAC_equip/NE-dxAC-PkgAC-65to134-New-EER-11.0/instance-out.sql,20842.88,2881.59,1895.39,1016.35,0.0,2196.82,0.0,3593.7,3.36,0.0,0.0,0.0,9255.67,0.0,0.0,0.00,1895.39,2881.59,0.00,2196.82,0.00
CZ16/ERC&0&cDXGF&New&dxAC_equip/NE-dxAC-PkgAC-65to134-New-EER-11.5/instance-out.sql,20765.64,2881.59,1818.15,1016.35,0.0,2196.82,0.0,3593.7,3.36,0.0,0.0,0.0,9255.67,0.0,0.0,0.00,1818.15,2881.59,0.00,2196.82,0.00
CZ16/ERC&0&cDXGF&New&dxAC_equip/NE-dxAC-PkgAC-65to134-New-EER-12.0/instance-out.sql,20694.739999999998,2881.59,1747.26,1016.35,0.0,2196.82,0.0,3593.7,3.36,0.0,0.0,0.0,9255.67,0.0,0.0,0.00,1747.26,2881.59,0.00,2196.82,0.00
CZ16/ERC&0&cDXGF&New&dxAC_equip/NE-dxAC-PkgAC-65to134-New-EER-12.5/instance-out.sql,20629.440000000002,2881.59,1681.96,1016.35,0.0,2196.82,0.0,3593.7,3.36,0.0,0.0,0.0,9255.67,0.0,0.0,0.00,1681.96,2881.59,0.00,2196.82,0.00
CZ16/ERC&0&cDXGF&New&dxAC_equip/NE-dxAC-PkgAC-65to134-New-EER-13.0/instance-out.sql,20565.690000000002,2881.59,1618.2,1016.35,0.0,2196.82,0.0,3593.7,3.36,0.0,0.0,0.0,9255.67,0.0,0.0,0.00,1618.20,2881.59,0.00,2196.82,0.00
CZ16/ERC&0&cDXGF&New&dxAC_equip/NE-dxAC-PkgAC-135to239-New-EER-10.8/instance-out.sql,20838.14,2881.59,1890.66,1016.35,0.0,2196.82,0.0,3593.7,3.36,0.0,0.0,0.0,9255.67,0.0,0.0,0.00,1890.66,2881.59,0.00,2196.82,0.00
CZ16/ERC&0&cDXGF&New&dxAC_equip/NE-dxAC-PkgAC-135to239-New-EER-11.5/instance-out.sql,20727.370000000003,2881.59,1779.88,1016.35,0.0,2196.82,0.0,3593.7,3.36,0.0,0.0,0.0,9255.67,0.0,0.0,0.00,1779.88,2881.59,0.00,2196.82,0.00
CZ16/ERC&0&cDXGF&New&dxAC_equip/NE-dxAC-PkgAC-135to239-New-EER-12.0/instance-out.sql,20659.52,2881.59,1712.03,1016.35,0.0,2196.82,0.0,3593.7,3.36,0.0,0.0,0.0,9255.67,0.0,0.0,0.00,1712.03,2881.59,0.00,2196.82,0.00
CZ16/ERC&0&cDXGF&New&dxAC_equip/NE-dxAC-PkgAC-135to239-New-EER-12.5/instance-out.sql,20593.38,2881.59,1645.89,1016.35,0.0,2196.82,0.0,3593.7,3.36,0.0,0.0,0.0,9255.67,0.0,0.0,0.00,1645.89,2881.59,0.00,2196.82,0.00
CZ16/ERC&0&cDXGF&New&dxAC_equip/NE-dxAC-PkgAC-240to759-New-EER-9.8/instance-out.sql,20891.63,2881.59,1944.14,1016.35,0.0,2196.82,0.0,3593.7,3.36,0.0,0.0,0.0,9255.67,0.0,0.0,0.00,1944.14,2881.59,0.00,2196.82,0.00
CZ16/ERC&0&cDXGF&New&dxAC_equip/NE-dxAC-PkgAC-240to759-New-EER-10.8/instance-out.sql,20723.22,2881.59,1775.73,1016.35,0.0,2196.82,0.0,3593.7,3.36,0.0,0.0,0.0,9255.67,0.0,0.0,0.00,1775.73,2881.59,0.00,2196.82,0.00
CZ16/ERC&0&cDXGF&New&dxAC_equip/NE-dxAC-PkgAC-240to759-New-EER-11.5/instance-out.sql,20618.45,2881.59,1670.96,1016.35,0.0,2196.82,0.0,3593.7,3.36,0.0,0.0,0.0,9255.67,0.0,0.0,0.00,1670.96,2881.59,0.00,2196.82,0.00
CZ16/ERC&0&cDXGF&New&dxAC_equip/NE-dxAC-PkgAC-240to759-New-EER-12.5/instance-out.sql,20491.300000000003,2881.59,1543.81,1016.35,0.0,2196.82,0.0,3593.7,3.36,0.0,0.0,0.0,9255.67,0.0,0.0,0.00,1543.81,2881.59,0.00,2196.82,0.00
CZ16/ERC&0&cDXGF&New&dxAC_equip/NE-dxAC-PkgAC-gt760-New-EER-9.5/instance-out.sql,20852.42,2881.59,1904.93,1016.35,0.0,2196.82,0.0,3593.7,3.36,0.0,0.0,0.0,9255.67,0.0,0.0,0.00,1904.93,2881.59,0.00,2196.82,0.00
CZ16/ERC&0&cDXGF&New&dxAC_equip/NE-dxAC-PkgAC-gt760-New-EER-10.2/instance-out.sql,20727.370000000003,2881.59,1779.88,1016.35,0.0,2196.82,0.0,3593.7,3.36,0.0,0.0,0.0,9255.67,0.0,0.0,0.00,1779.88,2881.59,0.00,2196.82,0.00
CZ16/ERC&0&cDXGF&New&dxAC_equip/NE-dxAC-PkgAC-gt760-New-EER-11.0/instance-out.sql,20607.61,2881.59,1660.12,1016.35,0.0,2196.82,0.0,3593.7,3.36,0.0,0.0,0.0,9255.67,0.0,0.0,0.00,1660.12,2881.59,0.00,2196.82,0.00
CZ16/ERC&0&cDXGF&New&dxAC_equip/NE-dxAC-PkgAC-gt760-New-EER-12.0/instance-out.sql,20476.08,2881.59,1528.59,1016.35,0.0,2196.82,0.0,3593.7,3.36,0.0,0.0,0.0,9255.67,0.0,0.0,0.00,1528.59,2881.59,0.00,2196.82,0.00
CZ16/ESe&0&cDXGF&New&dxAC_equip/NE-dxAC-PkgAC-65to134-New-EER-11.0/instance-out.sql,1184877.32,185296.64,148700.9,94750.45,0.0,323176.74,0.0,200129.6,3.39,0.0,0.0,0.0,232819.6,0.0,0.0,0.00,148700.90,185296.64,0.00,259085.82,64090.92
CZ16/ESe&0&cDXGF&New&dxAC_equip/NE-dxAC-PkgAC-65to134-New-EER-11.5/instance-out.sql,1183008.47,185296.64,146832.05,94750.45,0.0,323176.74,0.0,200129.6,3.39,0.0,0.0,0.0,232819.6,0.0,0.0,0.00,146832.05,185296.64,0.00,259085.82,64090.92
CZ16/ESe&0&cDXGF&New&dxAC_equip/NE-dxAC-PkgAC-65to134-New-EER-12.0/instance-out.sql,1181293.0999999999,185296.64,145116.68,94750.45,0.0,323176.74,0.0,200129.6,3.39,0.0,0.0,0.0,232819.6,0.0,0.0,0.00,145116.68,185296.64,0.00,259085.82,64090.92
CZ16/ESe&0&cDXGF&New&dxAC_equip/NE-dxAC-PkgAC-65to134-New-EER-12.5/instance-out.sql,1179713.05,185296.64,143536.63,94750.45,0.0,323176.74,0.0,200129.6,3.39,0.0,0.0,0.0,232819.6,0.0,0.0,0.00,143536.63,185296.64,0.00,259085.82,64090.92
CZ16/ESe&0&cDXGF&New&dxAC_equip/NE-dxAC-PkgAC-65to134-New-EER-13.0/instance-out.sql,1178170.47,185296.64,141994.04,94750.45,0.0,323176.74,0.0,200129.6,3.39,0.0,0.0,0.0,232819.6,0.0,0.0,0.00,141994.04,185296.64,0.00,259085.82,64090.92
CZ16/ESe&0&cDXGF&New&dxAC_equip/NE-dxAC-PkgAC-135to239-New-EER-10.8/instance-out.sql,1184762.77,185296.64,148586.35,94750.45,0.0,323176.74,0.0,200129.6,3.39,0.0,0.0,0.0,232819.6,0.0,0.0,0.00,148586.35,185296.64,0.00,259085.82,64090.92
CZ16/ESe&0&cDXGF&New&dxAC_equip/NE-dxAC-PkgAC-135to239-New-EER-11.5/instance-out.sql,1182082.44,185296.64,145906.02,94750.45,0.0,323176.74,0.0,200129.6,3.39,0.0,0.0,0.0,232819.6,0.0,0.0,0.00,145906.02,185296.64,0.00,259085.82,64090.92
CZ16/ESe&0&cDXGF&New&dxAC_equip/NE-dxAC-PkgAC-135to239-New-EER-12.0/instance-out.sql,1180440.78,185296.64,144264.36,94750.45,0.0,323176.74,0.0,200129.6,3.39,0.0,0.0,0.0,232819.6,0.0,0.0,0.00,144264.36,185296.64,0.00,259085.82,64090.92
CZ16/ESe&0&cDXGF&New&dxAC_equip/NE-dxAC-PkgAC-135to239-New-EER-12.5/instance-out.sql,1178840.51,185296.64,142664.09,94750.45,0.0,323176.74,0.0,200129.6,3.39,0.0,0.0,0.0,232819.6,0.0,0.0,0.00,142664.09,185296.64,0.00,259085.82,64090.92
CZ16/ESe&0&cDXGF&New&dxAC_equip/NE-dxAC-PkgAC-240to759-New-EER-9.8/instance-out.sql,1186056.8599999999,185296.64,149880.44,94750.45,0.0,323176.74,0.0,200129.6,3.39,0.0,0.0,0.0,232819.6,0.0,0.0,0.00,149880.44,185296.64,0.00,259085.82,64090.92
CZ16/ESe&0&cDXGF&New&dxAC_equip/NE-dxAC-PkgAC-240to759-New-EER-10.8/instance-out.sql,1181982.07,185296.64,145805.65,94750.45,0.0,323176.74,0.0,200129.6,3.39,0.0,0.0,0.0,232819.6,0.0,0.0,0.00,145805.65,185296.64,0.00,259085.82,64090.92
CZ16/ESe&0&cDXGF&New&dxAC_equip/NE-dxAC-PkgAC-240to759-New-EER-11.5/instance-out.sql,1179447.07,185296.64,143270.64,94750.45,0.0,323176.74,0.0,200129.6,3.39,0.0,0.0,0.0,232819.6,0.0,0.0,0.00,143270.64,185296.64,0.00,259085.82,64090.92
CZ16/ESe&0&cDXGF&New&dxAC_equip/NE-dxAC-PkgAC-240to759-New-EER-12.5/instance-out.sql,1176370.5999999999,185296.64,140194.18,94750.45,0.0,323176.74,0.0,200129.6,3.39,0.0,0.0,0.0,232819.6,0.0,0.0,0.00,140194.18,185296.64,0.00,259085.82,64090.92
CZ16/ESe&0&cDXGF&New&dxAC_equip/NE-dxAC-PkgAC-gt760-New-EER-9.5/instance-out.sql,1185108.23,185296.64,148931.81,94750.45,0.0,323176.74,0.0,200129.6,3.39,0.0,0.0,0.0,232819.6,0.0,0.0,0.00,148931.81,185296.64,0.00,259085.82,64090.92
CZ16/ESe&0&cDXGF&New&dxAC_equip/NE-dxAC-PkgAC-gt760-New-EER-10.2/instance-out.sql,1182082.44,185296.64,145906.02,94750.45,0.0,323176.74,0.0,200129.6,3.39,0.0,0.0,0.0,232819.6,0.0,0.0,0.00,145906.02,185296.64,0.00,259085.82,64090.92
CZ16/ESe&0&cDXGF&New&dxAC_equip/NE-dxAC-PkgAC-gt760-New-EER-11.0/instance-out.sql,1179184.73,185296.64,143008.31,94750.45,0.0,323176.74,0.0,200129.6,3.39,0.0,0.0,0.0,232819.6,0.0,0.0,0.00,143008.31,185296.64,0.00,259085.82,64090.92
CZ16/ESe&0&cDXGF&New&dxAC_equip/NE-dxAC-PkgAC-gt760-New-EER-12.0/instance-out.sql,1176002.3,185296.64,139825.88,94750.45,0.0,323176.74,0.0,200129.6,3.39,0.0,0.0,0.0,232819.6,0.0,0.0,0.00,139825.88,185296.64,0.00,259085.82,64090.92
CZ16/EUn&0&cDXGF&New&dxAC_equip/NE-dxAC-PkgAC-65to134-New-EER-11.0/instance-out.sql,8247538.49,420990.05,1051579.23,644388.1,0.0,3682881.23,0.0,1695604.95,3.37,0.0,0.0,0.0,752091.57,0.0,0.0,0.00,1051579.23,420990.05,0.00,3555459.15,127422.08
CZ16/EUn&0&cDXGF&New&dxAC_equip/NE-dxAC-PkgAC-65to134-New-EER-11.5/instance-out.sql,8218323.95,420990.05,1022364.68,644388.1,0.0,3682881.23,0.0,1695604.95,3.37,0.0,0.0,0.0,752091.57,0.0,0.0,0.00,1022364.68,420990.05,0.00,3555459.15,127422.08
CZ16/EUn&0&cDXGF&New&dxAC_equip/NE-dxAC-PkgAC-65to134-New-EER-12.0/instance-out.sql,8191508.67,420990.05,995549.4,644388.1,0.0,3682881.23,0.0,1695604.95,3.37,0.0,0.0,0.0,752091.57,0.0,0.0,0.00,995549.40,420990.05,0.00,3555459.15,127422.08
CZ16/EUn&0&cDXGF&New&dxAC_equip/NE-dxAC-PkgAC-65to134-New-EER-12.5/instance-out.sql,8166808.74,420990.05,970849.48,644388.1,0.0,3682881.23,0.0,1695604.95,3.37,0.0,0.0,0.0,752091.57,0.0,0.0,0.00,970849.48,420990.05,0.00,3555459.15,127422.08
CZ16/EUn&0&cDXGF&New&dxAC_equip/NE-dxAC-PkgAC-65to134-New-EER-13.0/instance-out.sql,8142694.53,420990.05,946735.26,644388.1,0.0,3682881.23,0.0,1695604.95,3.37,0.0,0.0,0.0,752091.57,0.0,0.0,0.00,946735.26,420990.05,0.00,3555459.15,127422.08
CZ16/EUn&0&cDXGF&New&dxAC_equip/NE-dxAC-PkgAC-135to239-New-EER-10.8/instance-out.sql,8245747.82,420990.05,1049788.56,644388.1,0.0,3682881.23,0.0,1695604.95,3.37,0.0,0.0,0.0,752091.57,0.0,0.0,0.00,1049788.56,420990.05,0.00,3555459.15,127422.08
CZ16/EUn&0&cDXGF&New&dxAC_equip/NE-dxAC-PkgAC-135to239-New-EER-11.5/instance-out.sql,8203847.890000001,420990.05,1007888.63,644388.1,0.0,3682881.23,0.0,1695604.95,3.37,0.0,0.0,0.0,752091.57,0.0,0.0,0.00,1007888.63,420990.05,0.00,3555459.15,127422.08
CZ16/EUn&0&cDXGF&New&dxAC_equip/NE-dxAC-PkgAC-135to239-New-EER-12.0/instance-out.sql,8178184.930000001,420990.05,982225.66,644388.1,0.0,3682881.23,0.0,1695604.95,3.37,0.0,0.0,0.0,752091.57,0.0,0.0,0.00,982225.66,420990.05,0.00,3555459.15,127422.08
CZ16/EUn&0&cDXGF&New&dxAC_equip/NE-dxAC-PkgAC-135to239-New-EER-12.5/instance-out.sql,8153168.930000001,420990.05,957209.67,644388.1,0.0,3682881.23,0.0,1695604.95,3.37,0.0,0.0,0.0,752091.57,0.0,0.0,0.00,957209.67,420990.05,0.00,3555459.15,127422.08
CZ16/EUn&0&cDXGF&New&dxAC_equip/NE-dxAC-PkgAC-240to759-New-EER-9.8/instance-out.sql,8265977.5600000005,420990.05,1070018.29,644388.1,0.0,3682881.23,0.0,1695604.95,3.37,0.0,0.0,0.0,752091.57,0.0,0.0,0.00,1070018.29,420990.05,0.00,3555459.15,127422.08
CZ16/EUn&0&cDXGF&New&dxAC_equip/NE-dxAC-PkgAC-240to759-New-EER-10.8/instance-out.sql,8202278.96,420990.05,1006319.7,644388.1,0.0,3682881.23,0.0,1695604.95,3.37,0.0,0.0,0.0,752091.57,0.0,0.0,0.00,1006319.70,420990.05,0.00,3555459.15,127422.08
CZ16/EUn&0&cDXGF&New&dxAC_equip/NE-dxAC-PkgAC-240to759-New-EER-11.5/instance-out.sql,8162650.8,420990.05,966691.54,644388.1,0.0,3682881.23,0.0,1695604.95,3.37,0.0,0.0,0.0,752091.57,0.0,0.0,0.00,966691.54,420990.05,0.00,3555459.15,127422.08
CZ16/EUn&0&cDXGF&New&dxAC_equip/NE-dxAC-PkgAC-240to759-New-EER-12.5/instance-out.sql,8114558.430000001,420990.05,918599.17,644388.1,0.0,3682881.23,0.0,1695604.95,3.37,0.0,0.0,0.0,752091.57,0.0,0.0,0.00,918599.17,420990.05,0.00,3555459.15,127422.08
CZ16/EUn&0&cDXGF&New&dxAC_equip/NE-dxAC-PkgAC-gt760-New-EER-9.5/instance-out.sql,8251148.26,420990.05,1055188.99,644388.1,0.0,3682881.23,0.0,1695604.95,3.37,0.0,0.0,0.0,752091.57,0.0,0.0,0.00,1055188.99,420990.05,0.00,3555459.15,127422.08
CZ16/EUn&0&cDXGF&New&dxAC_equip/NE-dxAC-PkgAC-gt760-New-EER-10.2/instance-out.sql,8203847.890000001,420990.05,1007888.63,644388.1,0.0,3682881.23,0.0,1695604.95,3.37,0.0,0.0,0.0,752091.57,0.0,0.0,0.00,1007888.63,420990.05,0.00,3555459.15,127422.08
CZ16/EUn&0&cDXGF&New&dxAC_equip/NE-dxAC-PkgAC-gt760-New-EER-11.0/instance-out.sql,8158549.95,420990.05,962590.68,644388.1,0.0,3682881.23,0.0,1695604.95,3.37,0.0,0.0,0.0,752091.57,0.0,0.0,0.00,962590.68,420990.05,0.00,3555459.15,127422.08
CZ16/EUn&0&cDXGF&New&dxAC_equip/NE-dxAC-PkgAC-gt760-New-EER-12.0/instance-out.sql,8108800.930000001,420990.05,912841.67,644388.1,0.0,3682881.23,0.0,1695604.95,3.37,0.0,0.0,0.0,752091.57,0.0,0.0,0.00,912841.67,420990.05,0.00,3555459.15,127422.08
CZ16/Gro&0&cDXGF&New&dxAC_equip/NE-dxAC-PkgAC-65to134-New-EER-11.0/instance-out.sql,1935130.8399999999,194687.59,53362.44,157111.61,0.0,177584.03,0.0,138743.85,3.38,0.0,0.0,0.0,60532.27,1153105.67,0.0,0.00,53362.44,194687.59,0.00,177584.03,0.00
CZ16/Gro&0&cDXGF&New&dxAC_equip/NE-dxAC-PkgAC-65to134-New-EER-11.5/instance-out.sql,1932869.35,194687.59,51100.94,157111.61,0.0,177584.03,0.0,138743.85,3.38,0.0,0.0,0.0,60532.27,1153105.67,0.0,0.00,51100.94,194687.59,0.00,177584.03,0.00
CZ16/Gro&0&cDXGF&New&dxAC_equip/NE-dxAC-PkgAC-65to134-New-EER-12.0/instance-out.sql,1930793.58,194687.59,49025.18,157111.61,0.0,177584.03,0.0,138743.85,3.38,0.0,0.0,0.0,60532.27,1153105.67,0.0,0.00,49025.18,194687.59,0.00,177584.03,0.00
CZ16/Gro&0&cDXGF&New&dxAC_equip/NE-dxAC-PkgAC-65to134-New-EER-12.5/instance-out.sql,1928881.56,194687.59,47113.16,157111.61,0.0,177584.03,0.0,138743.85,3.38,0.0,0.0,0.0,60532.27,1153105.67,0.0,0.00,47113.16,194687.59,0.00,177584.03,0.00
CZ16/Gro&0&cDXGF&New&dxAC_equip/NE-dxAC-PkgAC-65to134-New-EER-13.0/instance-out.sql,1927014.88,194687.59,45246.48,157111.61,0.0,177584.03,0.0,138743.85,3.38,0.0,0.0,0.0,60532.27,1153105.67,0.0,0.00,45246.48,194687.59,0.00,177584.03,0.00
CZ16/Gro&0&cDXGF&New&dxAC_equip/NE-dxAC-PkgAC-135to239-New-EER-10.8/instance-out.sql,1934992.23,194687.59,53223.82,157111.61,0.0,177584.03,0.0,138743.85,3.38,0.0,0.0,0.0,60532.27,1153105.67,0.0,0.00,53223.82,194687.59,0.00,177584.03,0.00
CZ16/Gro&0&cDXGF&New&dxAC_equip/NE-dxAC-PkgAC-135to239-New-EER-11.5/instance-out.sql,1931748.7599999998,194687.59,49980.35,157111.61,0.0,177584.03,0.0,138743.85,3.38,0.0,0.0,0.0,60532.27,1153105.67,0.0,0.00,49980.35,194687.59,0.00,177584.03,0.00
CZ16/Gro&0&cDXGF&New&dxAC_equip/NE-dxAC-PkgAC-135to239-New-EER-12.0/instance-out.sql,1929762.19,194687.59,47993.79,157111.61,0.0,177584.03,0.0,138743.85,3.38,0.0,0.0,0.0,60532.27,1153105.67,0.0,0.00,47993.79,194687.59,0.00,177584.03,0.00
CZ16/Gro&0&cDXGF&New&dxAC_equip/NE-dxAC-PkgAC-135to239-New-EER-12.5/instance-out.sql,1927825.71,194687.59,46057.3,157111.61,0.0,177584.03,0.0,138743.85,3.38,0.0,0.0,0.0,60532.27,1153105.67,0.0,0.00,46057.30,194687.59,0.00,177584.03,0.00
CZ16/Gro&0&cDXGF&New&dxAC_equip/NE-dxAC-PkgAC-240to759-New-EER-9.8/instance-out.sql,1936558.21,194687.59,54789.8,157111.61,0.0,177584.03,0.0,138743.85,3.38,0.0,0.0,0.0,60532.27,1153105.67,0.0,0.00,54789.80,194687.59,0.00,177584.03,0.00
CZ16/Gro&0&cDXGF&New&dxAC_equip/NE-dxAC-PkgAC-240to759-New-EER-10.8/instance-out.sql,1931627.31,194687.59,49858.9,157111.61,0.0,177584.03,0.0,138743.85,3.38,0.0,0.0,0.0,60532.27,1153105.67,0.0,0.00,49858.90,194687.59,0.00,177584.03,0.00
CZ16/Gro&0&cDXGF&New&dxAC_equip/NE-dxAC-PkgAC-240to759-New-EER-11.5/instance-out.sql,1928559.7000000002,194687.59,46791.29,157111.61,0.0,177584.03,0.0,138743.85,3.38,0.0,0.0,0.0,60532.27,1153105.67,0.0,0.00,46791.29,194687.59,0.00,177584.03,0.00
CZ16/Gro&0&cDXGF&New&dxAC_equip/NE-dxAC-PkgAC-240to759-New-EER-12.5/instance-out.sql,1924836.87,194687.59,43068.47,157111.61,0.0,177584.03,0.0,138743.85,3.38,0.0,0.0,0.0,60532.27,1153105.67,0.0,0.00,43068.47,194687.59,0.00,177584.03,0.00
CZ16/Gro&0&cDXGF&New&dxAC_equip/NE-dxAC-PkgAC-gt760-New-EER-9.5/instance-out.sql,1935410.27,194687.59,53641.87,157111.61,0.0,177584.03,0.0,138743.85,3.38,0.0,0.0,0.0,60532.27,1153105.67,0.0,0.00,53641.87,194687.59,0.00,177584.03,0.00
CZ16/Gro&0&cDXGF&New&dxAC_equip/NE-dxAC-PkgAC-gt760-New-EER-10.2/instance-out.sql,1931748.7599999998,194687.59,49980.35,157111.61,0.0,177584.03,0.0,138743.85,3.38,0.0,0.0,0.0,60532.27,1153105.67,0.0,0.00,49980.35,194687.59,0.00,177584.03,0.00
CZ16/Gro&0&cDXGF&New&dxAC_equip/NE-dxAC-PkgAC-gt760-New-EER-11.0/instance-out.sql,1928242.25,194687.59,46473.85,157111.61,0.0,177584.03,0.0,138743.85,3.38,0.0,0.0,0.0,60532.27,1153105.67,0.0,0.00,46473.85,194687.59,0.00,177584.03,0.00
CZ16/Gro&0&cDXGF&New&dxAC_equip/NE-dxAC-PkgAC-gt760-New-EER-12.0/instance-out.sql,1924391.19,194687.59,42622.78,157111.61,0.0,177584.03,0.0,138743.85,3.38,0.0,0.0,0.0,60532.27,1153105.67,0.0,0.00,42622.78,194687.59,0.00,177584.03,0.00
CZ16/Hsp&0&cDXGF&New&dxAC_equip/NE-dxAC-PkgAC-65to134-New-EER-11.0/instance-out.sql,3854070.1100000003,294807.37,890084.2,625795.42,0.0,1182847.3,0.0,562652.02,35366.47,0.0,0.0,0.0,262517.34,0.0,0.0,0.00,890084.20,294807.37,0.00,1139112.10,43735.20
CZ16/Hsp&0&cDXGF&New&dxAC_equip/NE-dxAC-PkgAC-65to134-New-EER-11.5/instance-out.sql,3849230.29,294807.37,885244.38,625795.42,0.0,1182847.3,0.0,562652.02,35366.47,0.0,0.0,0.0,262517.34,0.0,0.0,0.00,885244.38,294807.37,0.00,1139112.10,43735.20
CZ16/Hsp&0&cDXGF&New&dxAC_equip/NE-dxAC-PkgAC-65to134-New-EER-12.0/instance-out.sql,3844787.95,294807.37,880802.03,625795.42,0.0,1182847.3,0.0,562652.02,35366.47,0.0,0.0,0.0,262517.34,0.0,0.0,0.00,880802.03,294807.37,0.00,1139112.10,43735.20
CZ16/Hsp&0&cDXGF&New&dxAC_equip/NE-dxAC-PkgAC-65to134-New-EER-12.5/instance-out.sql,3840696.04,294807.37,876710.13,625795.42,0.0,1182847.3,0.0,562652.02,35366.47,0.0,0.0,0.0,262517.34,0.0,0.0,0.00,876710.13,294807.37,0.00,1139112.10,43735.20
CZ16/Hsp&0&cDXGF&New&dxAC_equip/NE-dxAC-PkgAC-65to134-New-EER-13.0/instance-out.sql,3836701.17,294807.37,872715.25,625795.42,0.0,1182847.3,0.0,562652.02,35366.47,0.0,0.0,0.0,262517.34,0.0,0.0,0.00,872715.25,294807.37,0.00,1139112.10,43735.20
CZ16/Hsp&0&cDXGF&New&dxAC_equip/NE-dxAC-PkgAC-135to239-New-EER-10.8/instance-out.sql,3853773.46,294807.37,889787.55,625795.42,0.0,1182847.3,0.0,562652.02,35366.47,0.0,0.0,0.0,262517.34,0.0,0.0,0.00,889787.55,294807.37,0.00,1139112.10,43735.20
CZ16/Hsp&0&cDXGF&New&dxAC_equip/NE-dxAC-PkgAC-135to239-New-EER-11.5/instance-out.sql,3846832.12,294807.37,882846.21,625795.42,0.0,1182847.3,0.0,562652.02,35366.47,0.0,0.0,0.0,262517.34,0.0,0.0,0.00,882846.21,294807.37,0.00,1139112.10,43735.20
CZ16/Hsp&0&cDXGF&New&dxAC_equip/NE-dxAC-PkgAC-135to239-New-EER-12.0/instance-out.sql,3842580.67,294807.37,878594.76,625795.42,0.0,1182847.3,0.0,562652.02,35366.47,0.0,0.0,0.0,262517.34,0.0,0.0,0.00,878594.76,294807.37,0.00,1139112.10,43735.20
CZ16/Hsp&0&cDXGF&New&dxAC_equip/NE-dxAC-PkgAC-135to239-New-EER-12.5/instance-out.sql,3838436.41,294807.37,874450.49,625795.42,0.0,1182847.3,0.0,562652.02,35366.47,0.0,0.0,0.0,262517.34,0.0,0.0,0.00,874450.49,294807.37,0.00,1139112.10,43735.20
CZ16/Hsp&0&cDXGF&New&dxAC_equip/NE-dxAC-PkgAC-240to759-New-EER-9.8/instance-out.sql,3857124.8200000003,294807.37,893138.9,625795.42,0.0,1182847.3,0.0,562652.02,35366.47,0.0,0.0,0.0,262517.34,0.0,0.0,0.00,893138.90,294807.37,0.00,1139112.10,43735.20
CZ16/Hsp&0&cDXGF&New&dxAC_equip/NE-dxAC-PkgAC-240to759-New-EER-10.8/instance-out.sql,3846572.21,294807.37,882586.29,625795.42,0.0,1182847.3,0.0,562652.02,35366.47,0.0,0.0,0.0,262517.34,0.0,0.0,0.00,882586.29,294807.37,0.00,1139112.10,43735.20
CZ16/Hsp&0&cDXGF&New&dxAC_equip/NE-dxAC-PkgAC-240to759-New-EER-11.5/instance-out.sql,3840007.22,294807.37,876021.3,625795.42,0.0,1182847.3,0.0,562652.02,35366.47,0.0,0.0,0.0,262517.34,0.0,0.0,0.00,876021.30,294807.37,0.00,1139112.10,43735.20
CZ16/Hsp&0&cDXGF&New&dxAC_equip/NE-dxAC-PkgAC-240to759-New-EER-12.5/instance-out.sql,3832040.0100000002,294807.37,868054.09,625795.42,0.0,1182847.3,0.0,562652.02,35366.47,0.0,0.0,0.0,262517.34,0.0,0.0,0.00,868054.09,294807.37,0.00,1139112.10,43735.20
CZ16/Hsp&0&cDXGF&New&dxAC_equip/NE-dxAC-PkgAC-gt760-New-EER-9.5/instance-out.sql,3854668.12,294807.37,890682.21,625795.42,0.0,1182847.3,0.0,562652.02,35366.47,0.0,0.0,0.0,262517.34,0.0,0.0,0.00,890682.21,294807.37,0.00,1139112.10,43735.20
CZ16/Hsp&0&cDXGF&New&dxAC_equip/NE-dxAC-PkgAC-gt760-New-EER-10.2/instance-out.sql,3846832.12,294807.37,882846.21,625795.42,0.0,1182847.3,0.0,562652.02,35366.47,0.0,0.0,0.0,262517.34,0.0,0.0,0.00,882846.21,294807.37,0.00,1139112.10,43735.20
CZ16/Hsp&0&cDXGF&New&dxAC_equip/NE-dxAC-PkgAC-gt760-New-EER-11.0/instance-out.sql,3839327.85,294807.37,875341.93,625795.42,0.0,1182847.3,0.0,562652.02,35366.47,0.0,0.0,0.0,262517.34,0.0,0.0,0.00,875341.93,294807.37,0.00,1139112.10,43735.20
CZ16/Hsp&0&cDXGF&New&dxAC_equip/NE-dxAC-PkgAC-gt760-New-EER-12.0/instance-out.sql,3831086.2,294807.37,867100.28,625795.42,0.0,1182847.3,0.0,562652.02,35366.47,0.0,0.0,0.0,262517.34,0.0,0.0,0.00,867100.28,294807.37,0.00,1139112.10,43735.20
CZ16/MBT&0&cDXGF&New&dxAC_equip/NE-dxAC-PkgAC-65to134-New-EER-11.0/instance-out.sql,6922512.16,2775837.23,538292.79,438466.02,0.0,2167645.51,0.0,827584.94,545.45,0.0,0.0,0.0,174140.21,0.0,0.0,0.00,538292.79,2775837.23,0.00,1394057.91,773587.60
CZ16/MBT&0&cDXGF&New&dxAC_equip/NE-dxAC-PkgAC-65to134-New-EER-11.5/instance-out.sql,6916792.73,2775837.23,532573.36,438466.02,0.0,2167645.51,0.0,827584.94,545.45,0.0,0.0,0.0,174140.21,0.0,0.0,0.00,532573.36,2775837.23,0.00,1394057.91,773587.60
CZ16/MBT&0&cDXGF&New&dxAC_equip/NE-dxAC-PkgAC-65to134-New-EER-12.0/instance-out.sql,6911543.01,2775837.23,527323.64,438466.02,0.0,2167645.51,0.0,827584.94,545.45,0.0,0.0,0.0,174140.21,0.0,0.0,0.00,527323.64,2775837.23,0.00,1394057.91,773587.60
CZ16/MBT&0&cDXGF&New&dxAC_equip/NE-dxAC-PkgAC-65to134-New-EER-12.5/instance-out.sql,6906707.43,2775837.23,522488.05,438466.02,0.0,2167645.51,0.0,827584.94,545.45,0.0,0.0,0.0,174140.21,0.0,0.0,0.00,522488.05,2775837.23,0.00,1394057.91,773587.60
CZ16/MBT&0&cDXGF&New&dxAC_equip/NE-dxAC-PkgAC-65to134-New-EER-13.0/instance-out.sql,6901986.5,2775837.23,517767.13,438466.02,0.0,2167645.51,0.0,827584.94,545.45,0.0,0.0,0.0,174140.21,0.0,0.0,0.00,517767.13,2775837.23,0.00,1394057.91,773587.60
CZ16/MBT&0&cDXGF&New&dxAC_equip/NE-dxAC-PkgAC-135to239-New-EER-10.8/instance-out.sql,6922161.6,2775837.23,537942.22,438466.02,0.0,2167645.51,0.0,827584.94,545.45,0.0,0.0,0.0,174140.21,0.0,0.0,0.00,537942.22,2775837.23,0.00,1394057.91,773587.60
CZ16/MBT&0&cDXGF&New&dxAC_equip/NE-dxAC-PkgAC-135to239-New-EER-11.5/instance-out.sql,6913958.7,2775837.23,529739.33,438466.02,0.0,2167645.51,0.0,827584.94,545.45,0.0,0.0,0.0,174140.21,0.0,0.0,0.00,529739.33,2775837.23,0.00,1394057.91,773587.60
CZ16/MBT&0&cDXGF&New&dxAC_equip/NE-dxAC-PkgAC-135to239-New-EER-12.0/instance-out.sql,6908934.58,2775837.23,524715.21,438466.02,0.0,2167645.51,0.0,827584.94,545.45,0.0,0.0,0.0,174140.21,0.0,0.0,0.00,524715.21,2775837.23,0.00,1394057.91,773587.60
CZ16/MBT&0&cDXGF&New&dxAC_equip/NE-dxAC-PkgAC-135to239-New-EER-12.5/instance-out.sql,6904037.109999999,2775837.23,519817.74,438466.02,0.0,2167645.51,0.0,827584.94,545.45,0.0,0.0,0.0,174140.21,0.0,0.0,0.00,519817.74,2775837.23,0.00,1394057.91,773587.60
CZ16/MBT&0&cDXGF&New&dxAC_equip/NE-dxAC-PkgAC-240to759-New-EER-9.8/instance-out.sql,6926122.04,2775837.23,541902.67,438466.02,0.0,2167645.51,0.0,827584.94,545.45,0.0,0.0,0.0,174140.21,0.0,0.0,0.00,541902.67,2775837.23,0.00,1394057.91,773587.60
CZ16/MBT&0&cDXGF&New&dxAC_equip/NE-dxAC-PkgAC-240to759-New-EER-10.8/instance-out.sql,6913651.55,2775837.23,529432.18,438466.02,0.0,2167645.51,0.0,827584.94,545.45,0.0,0.0,0.0,174140.21,0.0,0.0,0.00,529432.18,2775837.23,0.00,1394057.91,773587.60
CZ16/MBT&0&cDXGF&New&dxAC_equip/NE-dxAC-PkgAC-240to759-New-EER-11.5/instance-out.sql,6905893.41,2775837.23,521674.04,438466.02,0.0,2167645.51,0.0,827584.94,545.45,0.0,0.0,0.0,174140.21,0.0,0.0,0.00,521674.04,2775837.23,0.00,1394057.91,773587.60
CZ16/MBT&0&cDXGF&New&dxAC_equip/NE-dxAC-PkgAC-240to759-New-EER-12.5/instance-out.sql,6896478.21,2775837.23,512258.83,438466.02,0.0,2167645.51,0.0,827584.94,545.45,0.0,0.0,0.0,174140.21,0.0,0.0,0.00,512258.83,2775837.23,0.00,1394057.91,773587.60
CZ16/MBT&0&cDXGF&New&dxAC_equip/NE-dxAC-PkgAC-gt760-New-EER-9.5/instance-out.sql,6923218.859999999,2775837.23,538999.48,438466.02,0.0,2167645.51,0.0,827584.94,545.45,0.0,0.0,0.0,174140.21,0.0,0.0,0.00,538999.48,2775837.23,0.00,1394057.91,773587.60
CZ16/MBT&0&cDXGF&New&dxAC_equip/NE-dxAC-PkgAC-gt760-New-EER-10.2/instance-out.sql,6913958.7,2775837.23,529739.33,438466.02,0.0,2167645.51,0.0,827584.94,545.45,0.0,0.0,0.0,174140.21,0.0,0.0,0.00,529739.33,2775837.23,0.00,1394057.91,773587.60
CZ16/MBT&0&cDXGF&New&dxAC_equip/NE-dxAC-PkgAC-gt760-New-EER-11.0/instance-out.sql,6905090.57,2775837.23,520871.2,438466.02,0.0,2167645.51,0.0,827584.94,545.45,0.0,0.0,0.0,174140.21,0.0,0.0,0.00,520871.20,2775837.23,0.00,1394057.91,773587.60
CZ16/MBT&0&cDXGF&New&dxAC_equip/NE-dxAC-PkgAC-gt760-New-EER-12.0/instance-out.sql,6895351.04,2775837.23,511131.67,438466.02,0.0,2167645.51,0.0,827584.94,545.45,0.0,0.0,0.0,174140.21,0.0,0.0,0.00,511131.67,2775837.23,0.00,1394057.91,773587.60
CZ16/MLI&0&cDXGF&New&dxAC_equip/NE-dxAC-PkgAC-65to134-New-EER-11.0/instance-out.sql,1065715.57,166632.74,130728.73,153603.74,0.0,239893.0,0.0,326305.63,3.37,0.0,0.0,0.0,48548.35,0.0,0.0,0.00,130728.73,166632.74,0.00,239893.00,0.00
CZ16/MLI&0&cDXGF&New&dxAC_equip/NE-dxAC-PkgAC-65to134-New-EER-11.5/instance-out.sql,1060129.3900000001,166632.74,125142.55,153603.74,0.0,239893.0,0.0,326305.63,3.37,0.0,0.0,0.0,48548.35,0.0,0.0,0.00,125142.55,166632.74,0.00,239893.00,0.00
CZ16/MLI&0&cDXGF&New&dxAC_equip/NE-dxAC-PkgAC-65to134-New-EER-12.0/instance-out.sql,1055001.97,166632.74,120015.13,153603.74,0.0,239893.0,0.0,326305.63,3.37,0.0,0.0,0.0,48548.35,0.0,0.0,0.00,120015.13,166632.74,0.00,239893.00,0.00
CZ16/MLI&0&cDXGF&New&dxAC_equip/NE-dxAC-PkgAC-65to134-New-EER-12.5/instance-out.sql,1050279.04,166632.74,115292.2,153603.74,0.0,239893.0,0.0,326305.63,3.37,0.0,0.0,0.0,48548.35,0.0,0.0,0.00,115292.20,166632.74,0.00,239893.00,0.00
CZ16/MLI&0&cDXGF&New&dxAC_equip/NE-dxAC-PkgAC-65to134-New-EER-13.0/instance-out.sql,1045668.11,166632.74,110681.27,153603.74,0.0,239893.0,0.0,326305.63,3.37,0.0,0.0,0.0,48548.35,0.0,0.0,0.00,110681.27,166632.74,0.00,239893.00,0.00
CZ16/MLI&0&cDXGF&New&dxAC_equip/NE-dxAC-PkgAC-135to239-New-EER-10.8/instance-out.sql,1065373.17,166632.74,130386.33,153603.74,0.0,239893.0,0.0,326305.63,3.37,0.0,0.0,0.0,48548.35,0.0,0.0,0.00,130386.33,166632.74,0.00,239893.00,0.00
CZ16/MLI&0&cDXGF&New&dxAC_equip/NE-dxAC-PkgAC-135to239-New-EER-11.5/instance-out.sql,1057361.3900000001,166632.74,122374.55,153603.74,0.0,239893.0,0.0,326305.63,3.37,0.0,0.0,0.0,48548.35,0.0,0.0,0.00,122374.55,166632.74,0.00,239893.00,0.00
CZ16/MLI&0&cDXGF&New&dxAC_equip/NE-dxAC-PkgAC-135to239-New-EER-12.0/instance-out.sql,1052454.31,166632.74,117467.47,153603.74,0.0,239893.0,0.0,326305.63,3.37,0.0,0.0,0.0,48548.35,0.0,0.0,0.00,117467.47,166632.74,0.00,239893.00,0.00
CZ16/MLI&0&cDXGF&New&dxAC_equip/NE-dxAC-PkgAC-135to239-New-EER-12.5/instance-out.sql,1047670.94,166632.74,112684.1,153603.74,0.0,239893.0,0.0,326305.63,3.37,0.0,0.0,0.0,48548.35,0.0,0.0,0.00,112684.10,166632.74,0.00,239893.00,0.00
CZ16/MLI&0&cDXGF&New&dxAC_equip/NE-dxAC-PkgAC-240to759-New-EER-9.8/instance-out.sql,1069241.35,166632.74,134254.51,153603.74,0.0,239893.0,0.0,326305.63,3.37,0.0,0.0,0.0,48548.35,0.0,0.0,0.00,134254.51,166632.74,0.00,239893.00,0.00
CZ16/MLI&0&cDXGF&New&dxAC_equip/NE-dxAC-PkgAC-240to759-New-EER-10.8/instance-out.sql,1057061.3900000001,166632.74,122074.55,153603.74,0.0,239893.0,0.0,326305.63,3.37,0.0,0.0,0.0,48548.35,0.0,0.0,0.00,122074.55,166632.74,0.00,239893.00,0.00
CZ16/MLI&0&cDXGF&New&dxAC_equip/NE-dxAC-PkgAC-240to759-New-EER-11.5/instance-out.sql,1049483.99,166632.74,114497.15,153603.74,0.0,239893.0,0.0,326305.63,3.37,0.0,0.0,0.0,48548.35,0.0,0.0,0.00,114497.15,166632.74,0.00,239893.00,0.00
CZ16/MLI&0&cDXGF&New&dxAC_equip/NE-dxAC-PkgAC-240to759-New-EER-12.5/instance-out.sql,1040288.14,166632.74,105301.3,153603.74,0.0,239893.0,0.0,326305.63,3.37,0.0,0.0,0.0,48548.35,0.0,0.0,0.00,105301.30,166632.74,0.00,239893.00,0.00
CZ16/MLI&0&cDXGF&New&dxAC_equip/NE-dxAC-PkgAC-gt760-New-EER-9.5/instance-out.sql,1066405.8,166632.74,131418.96,153603.74,0.0,239893.0,0.0,326305.63,3.37,0.0,0.0,0.0,48548.35,0.0,0.0,0.00,131418.96,166632.74,0.00,239893.00,0.00
CZ16/MLI&0&cDXGF&New&dxAC_equip/NE-dxAC-PkgAC-gt760-New-EER-10.2/instance-out.sql,1057361.3900000001,166632.74,122374.55,153603.74,0.0,239893.0,0.0,326305.63,3.37,0.0,0.0,0.0,48548.35,0.0,0.0,0.00,122374.55,166632.74,0.00,239893.00,0.00
CZ16/MLI&0&cDXGF&New&dxAC_equip/NE-dxAC-PkgAC-gt760-New-EER-11.0/instance-out.sql,1048699.86,166632.74,113713.02,153603.74,0.0,239893.0,0.0,326305.63,3.37,0.0,0.0,0.0,48548.35,0.0,0.0,0.00,113713.02,166632.74,0.00,239893.00,0.00
CZ16/MLI&0&cDXGF&New&dxAC_equip/NE-dxAC-PkgAC-gt760-New-EER-12.0/instance-out.sql,1039187.23,166632.74,104200.39,153603.74,0.0,239893.0,0.0,326305.63,3.37,0.0,0.0,0.0,48548.35,0.0,0.0,0.00,104200.39,166632.74,0.00,239893.00,0.00
CZ16/Mtl&0&cDXGF&New&dxAC_equip/NE-dxAC-PkgAC-65to134-New-EER-11.0/instance-out.sql,206349.22,38184.37,40717.22,34352.14,0.0,22443.33,0.0,62900.62,3.36,0.0,0.0,0.0,7748.18,0.0,0.0,0.00,40717.22,38184.37,0.00,22191.36,251.97
CZ16/Mtl&0&cDXGF&New&dxAC_equip/NE-dxAC-PkgAC-65to134-New-EER-11.5/instance-out.sql,204978.12999999998,38184.37,39346.12,34352.14,0.0,22443.33,0.0,62900.62,3.36,0.0,0.0,0.0,7748.18,0.0,0.0,0.00,39346.12,38184.37,0.00,22191.36,251.97
CZ16/Mtl&0&cDXGF&New&dxAC_equip/NE-dxAC-PkgAC-65to134-New-EER-12.0/instance-out.sql,203719.62999999998,38184.37,38087.63,34352.14,0.0,22443.33,0.0,62900.62,3.36,0.0,0.0,0.0,7748.18,0.0,0.0,0.00,38087.63,38184.37,0.00,22191.36,251.97
CZ16/Mtl&0&cDXGF&New&dxAC_equip/NE-dxAC-PkgAC-65to134-New-EER-12.5/instance-out.sql,202560.41,38184.37,36928.41,34352.14,0.0,22443.33,0.0,62900.62,3.36,0.0,0.0,0.0,7748.18,0.0,0.0,0.00,36928.41,38184.37,0.00,22191.36,251.97
CZ16/Mtl&0&cDXGF&New&dxAC_equip/NE-dxAC-PkgAC-65to134-New-EER-13.0/instance-out.sql,201428.68,38184.37,35796.68,34352.14,0.0,22443.33,0.0,62900.62,3.36,0.0,0.0,0.0,7748.18,0.0,0.0,0.00,35796.68,38184.37,0.00,22191.36,251.97
CZ16/Mtl&0&cDXGF&New&dxAC_equip/NE-dxAC-PkgAC-135to239-New-EER-10.8/instance-out.sql,206265.18,38184.37,40633.18,34352.14,0.0,22443.33,0.0,62900.62,3.36,0.0,0.0,0.0,7748.18,0.0,0.0,0.00,40633.18,38184.37,0.00,22191.36,251.97
CZ16/Mtl&0&cDXGF&New&dxAC_equip/NE-dxAC-PkgAC-135to239-New-EER-11.5/instance-out.sql,204298.72999999998,38184.37,38666.73,34352.14,0.0,22443.33,0.0,62900.62,3.36,0.0,0.0,0.0,7748.18,0.0,0.0,0.00,38666.73,38184.37,0.00,22191.36,251.97
CZ16/Mtl&0&cDXGF&New&dxAC_equip/NE-dxAC-PkgAC-135to239-New-EER-12.0/instance-out.sql,203094.31999999998,38184.37,37462.32,34352.14,0.0,22443.33,0.0,62900.62,3.36,0.0,0.0,0.0,7748.18,0.0,0.0,0.00,37462.32,38184.37,0.00,22191.36,251.97
CZ16/Mtl&0&cDXGF&New&dxAC_equip/NE-dxAC-PkgAC-135to239-New-EER-12.5/instance-out.sql,201920.27,38184.37,36288.27,34352.14,0.0,22443.33,0.0,62900.62,3.36,0.0,0.0,0.0,7748.18,0.0,0.0,0.00,36288.27,38184.37,0.00,22191.36,251.97
CZ16/Mtl&0&cDXGF&New&dxAC_equip/NE-dxAC-PkgAC-240to759-New-EER-9.8/instance-out.sql,207214.61,38184.37,41582.6,34352.14,0.0,22443.33,0.0,62900.62,3.36,0.0,0.0,0.0,7748.18,0.0,0.0,0.00,41582.60,38184.37,0.00,22191.36,251.97
CZ16/Mtl&0&cDXGF&New&dxAC_equip/NE-dxAC-PkgAC-240to759-New-EER-10.8/instance-out.sql,204225.09999999998,38184.37,38593.1,34352.14,0.0,22443.33,0.0,62900.62,3.36,0.0,0.0,0.0,7748.18,0.0,0.0,0.00,38593.10,38184.37,0.00,22191.36,251.97
CZ16/Mtl&0&cDXGF&New&dxAC_equip/NE-dxAC-PkgAC-240to759-New-EER-11.5/instance-out.sql,202365.27,38184.37,36733.27,34352.14,0.0,22443.33,0.0,62900.62,3.36,0.0,0.0,0.0,7748.18,0.0,0.0,0.00,36733.27,38184.37,0.00,22191.36,251.97
CZ16/Mtl&0&cDXGF&New&dxAC_equip/NE-dxAC-PkgAC-240to759-New-EER-12.5/instance-out.sql,200108.19999999998,38184.37,34476.2,34352.14,0.0,22443.33,0.0,62900.62,3.36,0.0,0.0,0.0,7748.18,0.0,0.0,0.00,34476.20,38184.37,0.00,22191.36,251.97
CZ16/Mtl&0&cDXGF&New&dxAC_equip/NE-dxAC-PkgAC-gt760-New-EER-9.5/instance-out.sql,206518.63999999998,38184.37,40886.63,34352.14,0.0,22443.33,0.0,62900.62,3.36,0.0,0.0,0.0,7748.18,0.0,0.0,0.00,40886.63,38184.37,0.00,22191.36,251.97
CZ16/Mtl&0&cDXGF&New&dxAC_equip/NE-dxAC-PkgAC-gt760-New-EER-10.2/instance-out.sql,204298.72999999998,38184.37,38666.73,34352.14,0.0,22443.33,0.0,62900.62,3.36,0.0,0.0,0.0,7748.18,0.0,0.0,0.00,38666.73,38184.37,0.00,22191.36,251.97
CZ16/Mtl&0&cDXGF&New&dxAC_equip/NE-dxAC-PkgAC-gt760-New-EER-11.0/instance-out.sql,202172.81,38184.37,36540.81,34352.14,0.0,22443.33,0.0,62900.62,3.36,0.0,0.0,0.0,7748.18,0.0,0.0,0.00,36540.81,38184.37,0.00,22191.36,251.97
CZ16/Mtl&0&cDXGF&New&dxAC_equip/NE-dxAC-PkgAC-gt760-New-EER-12.0/instance-out.sql,199837.99,38184.37,34205.99,34352.14,0.0,22443.33,0.0,62900.62,3.36,0.0,0.0,0.0,7748.18,0.0,0.0,0.00,34205.99,38184.37,0.00,22191.36,251.97
CZ16/Nrs&0&cDXGF&New&dxAC_equip/NE-dxAC-PkgAC-65to134-New-EER-11.0/instance-out.sql,927765.81,102736.33,112131.22,103109.51,0.0,347425.87,0.0,144481.5,44.44,0.0,0.0,0.0,117836.95,0.0,0.0,0.00,112131.22,102736.33,0.00,281574.59,65851.28
CZ16/Nrs&0&cDXGF&New&dxAC_equip/NE-dxAC-PkgAC-65to134-New-EER-11.5/instance-out.sql,925879.02,102736.33,110244.42,103109.51,0.0,347425.87,0.0,144481.5,44.44,0.0,0.0,0.0,117836.95,0.0,0.0,0.00,110244.42,102736.33,0.00,281574.59,65851.28
CZ16/Nrs&0&cDXGF&New&dxAC_equip/NE-dxAC-PkgAC-65to134-New-EER-12.0/instance-out.sql,924147.1799999999,102736.33,108512.58,103109.51,0.0,347425.87,0.0,144481.5,44.44,0.0,0.0,0.0,117836.95,0.0,0.0,0.00,108512.58,102736.33,0.00,281574.59,65851.28
CZ16/Nrs&0&cDXGF&New&dxAC_equip/NE-dxAC-PkgAC-65to134-New-EER-12.5/instance-out.sql,922551.96,102736.33,106917.36,103109.51,0.0,347425.87,0.0,144481.5,44.44,0.0,0.0,0.0,117836.95,0.0,0.0,0.00,106917.36,102736.33,0.00,281574.59,65851.28
CZ16/Nrs&0&cDXGF&New&dxAC_equip/NE-dxAC-PkgAC-65to134-New-EER-13.0/instance-out.sql,920994.56,102736.33,105359.97,103109.51,0.0,347425.87,0.0,144481.5,44.44,0.0,0.0,0.0,117836.95,0.0,0.0,0.00,105359.97,102736.33,0.00,281574.59,65851.28
CZ16/Nrs&0&cDXGF&New&dxAC_equip/NE-dxAC-PkgAC-135to239-New-EER-10.8/instance-out.sql,927650.1599999999,102736.33,112015.57,103109.51,0.0,347425.87,0.0,144481.5,44.44,0.0,0.0,0.0,117836.95,0.0,0.0,0.00,112015.57,102736.33,0.00,281574.59,65851.28
CZ16/Nrs&0&cDXGF&New&dxAC_equip/NE-dxAC-PkgAC-135to239-New-EER-11.5/instance-out.sql,924944.0900000001,102736.33,109309.5,103109.51,0.0,347425.87,0.0,144481.5,44.44,0.0,0.0,0.0,117836.95,0.0,0.0,0.00,109309.50,102736.33,0.00,281574.59,65851.28
CZ16/Nrs&0&cDXGF&New&dxAC_equip/NE-dxAC-PkgAC-135to239-New-EER-12.0/instance-out.sql,923286.6799999999,102736.33,107652.08,103109.51,0.0,347425.87,0.0,144481.5,44.44,0.0,0.0,0.0,117836.95,0.0,0.0,0.00,107652.08,102736.33,0.00,281574.59,65851.28
CZ16/Nrs&0&cDXGF&New&dxAC_equip/NE-dxAC-PkgAC-135to239-New-EER-12.5/instance-out.sql,921671.04,102736.33,106036.45,103109.51,0.0,347425.87,0.0,144481.5,44.44,0.0,0.0,0.0,117836.95,0.0,0.0,0.00,106036.45,102736.33,0.00,281574.59,65851.28
CZ16/Nrs&0&cDXGF&New&dxAC_equip/NE-dxAC-PkgAC-240to759-New-EER-9.8/instance-out.sql,928956.6799999999,102736.33,113322.09,103109.51,0.0,347425.87,0.0,144481.5,44.44,0.0,0.0,0.0,117836.95,0.0,0.0,0.00,113322.09,102736.33,0.00,281574.59,65851.28
CZ16/Nrs&0&cDXGF&New&dxAC_equip/NE-dxAC-PkgAC-240to759-New-EER-10.8/instance-out.sql,924842.77,102736.33,109208.17,103109.51,0.0,347425.87,0.0,144481.5,44.44,0.0,0.0,0.0,117836.95,0.0,0.0,0.00,109208.17,102736.33,0.00,281574.59,65851.28
CZ16/Nrs&0&cDXGF&New&dxAC_equip/NE-dxAC-PkgAC-240to759-New-EER-11.5/instance-out.sql,922283.4199999999,102736.33,106648.83,103109.51,0.0,347425.87,0.0,144481.5,44.44,0.0,0.0,0.0,117836.95,0.0,0.0,0.00,106648.83,102736.33,0.00,281574.59,65851.28
CZ16/Nrs&0&cDXGF&New&dxAC_equip/NE-dxAC-PkgAC-240to759-New-EER-12.5/instance-out.sql,919177.4199999999,102736.33,103542.83,103109.51,0.0,347425.87,0.0,144481.5,44.44,0.0,0.0,0.0,117836.95,0.0,0.0,0.00,103542.83,102736.33,0.00,281574.59,65851.28
CZ16/Nrs&0&cDXGF&New&dxAC_equip/NE-dxAC-PkgAC-gt760-New-EER-9.5/instance-out.sql,927998.94,102736.33,112364.35,103109.51,0.0,347425.87,0.0,144481.5,44.44,0.0,0.0,0.0,117836.95,0.0,0.0,0.00,112364.35,102736.33,0.00,281574.59,65851.28
CZ16/Nrs&0&cDXGF&New&dxAC_equip/NE-dxAC-PkgAC-gt760-New-EER-10.2/instance-out.sql,924944.0900000001,102736.33,109309.5,103109.51,0.0,347425.87,0.0,144481.5,44.44,0.0,0.0,0.0,117836.95,0.0,0.0,0.00,109309.50,102736.33,0.00,281574.59,65851.28
CZ16/Nrs&0&cDXGF&New&dxAC_equip/NE-dxAC-PkgAC-gt760-New-EER-11.0/instance-out.sql,922018.5700000001,102736.33,106383.98,103109.51,0.0,347425.87,0.0,144481.5,44.44,0.0,0.0,0.0,117836.95,0.0,0.0,0.00,106383.98,102736.33,0.00,281574.59,65851.28
CZ16/Nrs&0&cDXGF&New&dxAC_equip/NE-dxAC-PkgAC-gt760-New-EER-12.0/instance-out.sql,918805.5800000001,102736.33,103170.98,103109.51,0.0,347425.87,0.0,144481.5,44.44,0.0,0.0,0.0,117836.95,0.0,0.0,0.00,103170.98,102736.33,0.00,281574.59,65851.28
CZ16/OfL&0&cDXGF&New&dxAC_equip/NE-dxAC-PkgAC-65to134-New-EER-11.0/instance-out.sql,2344462.29,112849.06,367086.25,239041.7,0.0,829334.66,0.0,673816.28,2561.53,0.0,0.0,0.0,119772.79,0.0,0.0,0.00,367086.25,112849.06,0.00,829334.66,0.00
CZ16/OfL&0&cDXGF&New&dxAC_equip/NE-dxAC-PkgAC-65to134-New-EER-11.5/instance-out.sql,2333095.9499999997,112849.06,355719.91,239041.7,0.0,829334.66,0.0,673816.28,2561.53,0.0,0.0,0.0,119772.79,0.0,0.0,0.00,355719.91,112849.06,0.00,829334.66,0.00
CZ16/OfL&0&cDXGF&New&dxAC_equip/NE-dxAC-PkgAC-65to134-New-EER-12.0/instance-out.sql,2322663.07,112849.06,345287.04,239041.7,0.0,829334.66,0.0,673816.28,2561.53,0.0,0.0,0.0,119772.79,0.0,0.0,0.00,345287.04,112849.06,0.00,829334.66,0.00
CZ16/OfL&0&cDXGF&New&dxAC_equip/NE-dxAC-PkgAC-65to134-New-EER-12.5/instance-out.sql,2313053.21,112849.06,335677.17,239041.7,0.0,829334.66,0.0,673816.28,2561.53,0.0,0.0,0.0,119772.79,0.0,0.0,0.00,335677.17,112849.06,0.00,829334.66,0.00
CZ16/OfL&0&cDXGF&New&dxAC_equip/NE-dxAC-PkgAC-65to134-New-EER-13.0/instance-out.sql,2303671.23,112849.06,326295.19,239041.7,0.0,829334.66,0.0,673816.28,2561.53,0.0,0.0,0.0,119772.79,0.0,0.0,0.00,326295.19,112849.06,0.00,829334.66,0.00
CZ16/OfL&0&cDXGF&New&dxAC_equip/NE-dxAC-PkgAC-135to239-New-EER-10.8/instance-out.sql,2343765.6,112849.06,366389.56,239041.7,0.0,829334.66,0.0,673816.28,2561.53,0.0,0.0,0.0,119772.79,0.0,0.0,0.00,366389.56,112849.06,0.00,829334.66,0.00
CZ16/OfL&0&cDXGF&New&dxAC_equip/NE-dxAC-PkgAC-135to239-New-EER-11.5/instance-out.sql,2327463.83,112849.06,350087.79,239041.7,0.0,829334.66,0.0,673816.28,2561.53,0.0,0.0,0.0,119772.79,0.0,0.0,0.00,350087.79,112849.06,0.00,829334.66,0.00
CZ16/OfL&0&cDXGF&New&dxAC_equip/NE-dxAC-PkgAC-135to239-New-EER-12.0/instance-out.sql,2317479.28,112849.06,340103.24,239041.7,0.0,829334.66,0.0,673816.28,2561.53,0.0,0.0,0.0,119772.79,0.0,0.0,0.00,340103.24,112849.06,0.00,829334.66,0.00
CZ16/OfL&0&cDXGF&New&dxAC_equip/NE-dxAC-PkgAC-135to239-New-EER-12.5/instance-out.sql,2307746.45,112849.06,330370.41,239041.7,0.0,829334.66,0.0,673816.28,2561.53,0.0,0.0,0.0,119772.79,0.0,0.0,0.00,330370.41,112849.06,0.00,829334.66,0.00
CZ16/OfL&0&cDXGF&New&dxAC_equip/NE-dxAC-PkgAC-240to759-New-EER-9.8/instance-out.sql,2351636.27,112849.06,374260.23,239041.7,0.0,829334.66,0.0,673816.28,2561.53,0.0,0.0,0.0,119772.79,0.0,0.0,0.00,374260.23,112849.06,0.00,829334.66,0.00
CZ16/OfL&0&cDXGF&New&dxAC_equip/NE-dxAC-PkgAC-240to759-New-EER-10.8/instance-out.sql,2326853.41,112849.06,349477.37,239041.7,0.0,829334.66,0.0,673816.28,2561.53,0.0,0.0,0.0,119772.79,0.0,0.0,0.00,349477.37,112849.06,0.00,829334.66,0.00
CZ16/OfL&0&cDXGF&New&dxAC_equip/NE-dxAC-PkgAC-240to759-New-EER-11.5/instance-out.sql,2311435.5,112849.06,334059.47,239041.7,0.0,829334.66,0.0,673816.28,2561.53,0.0,0.0,0.0,119772.79,0.0,0.0,0.00,334059.47,112849.06,0.00,829334.66,0.00
CZ16/OfL&0&cDXGF&New&dxAC_equip/NE-dxAC-PkgAC-240to759-New-EER-12.5/instance-out.sql,2292724.48,112849.06,315348.44,239041.7,0.0,829334.66,0.0,673816.28,2561.53,0.0,0.0,0.0,119772.79,0.0,0.0,0.00,315348.44,112849.06,0.00,829334.66,0.00
CZ16/OfL&0&cDXGF&New&dxAC_equip/NE-dxAC-PkgAC-gt760-New-EER-9.5/instance-out.sql,2345866.7199999997,112849.06,368490.68,239041.7,0.0,829334.66,0.0,673816.28,2561.53,0.0,0.0,0.0,119772.79,0.0,0.0,0.00,368490.68,112849.06,0.00,829334.66,0.00
CZ16/OfL&0&cDXGF&New&dxAC_equip/NE-dxAC-PkgAC-gt760-New-EER-10.2/instance-out.sql,2327463.83,112849.06,350087.79,239041.7,0.0,829334.66,0.0,673816.28,2561.53,0.0,0.0,0.0,119772.79,0.0,0.0,0.00,350087.79,112849.06,0.00,829334.66,0.00
CZ16/OfL&0&cDXGF&New&dxAC_equip/NE-dxAC-PkgAC-gt760-New-EER-11.0/instance-out.sql,2309840.01,112849.06,332463.97,239041.7,0.0,829334.66,0.0,673816.28,2561.53,0.0,0.0,0.0,119772.79,0.0,0.0,0.00,332463.97,112849.06,0.00,829334.66,0.00
CZ16/OfL&0&cDXGF&New&dxAC_equip/NE-dxAC-PkgAC-gt760-New-EER-12.0/instance-out.sql,2290484.44,112849.06,313108.4,239041.7,0.0,829334.66,0.0,673816.28,2561.53,0.0,0.0,0.0,119772.79,0.0,0.0,0.00,313108.40,112849.06,0.00,829334.66,0.00
CZ16/OfS&0&cDXGF&New&dxAC_equip/NE-dxAC-PkgAC-65to134-New-EER-11.0/instance-out.sql,134622.81,14141.02,17766.71,12106.19,0.0,29387.4,0.0,39087.1,1.13,0.0,0.0,0.0,22133.25,0.0,0.0,0.00,17766.71,14141.02,0.00,29387.40,0.00
CZ16/OfS&0&cDXGF&New&dxAC_equip/NE-dxAC-PkgAC-65to134-New-EER-11.5/instance-out.sql,133901.26,14141.02,17045.16,12106.19,0.0,29387.4,0.0,39087.1,1.13,0.0,0.0,0.0,22133.25,0.0,0.0,0.00,17045.16,14141.02,0.00,29387.40,0.00
CZ16/OfS&0&cDXGF&New&dxAC_equip/NE-dxAC-PkgAC-65to134-New-EER-12.0/instance-out.sql,133238.97,14141.02,16382.87,12106.19,0.0,29387.4,0.0,39087.1,1.13,0.0,0.0,0.0,22133.25,0.0,0.0,0.00,16382.87,14141.02,0.00,29387.40,0.00
CZ16/OfS&0&cDXGF&New&dxAC_equip/NE-dxAC-PkgAC-65to134-New-EER-12.5/instance-out.sql,132628.91999999998,14141.02,15772.82,12106.19,0.0,29387.4,0.0,39087.1,1.13,0.0,0.0,0.0,22133.25,0.0,0.0,0.00,15772.82,14141.02,0.00,29387.40,0.00
CZ16/OfS&0&cDXGF&New&dxAC_equip/NE-dxAC-PkgAC-65to134-New-EER-13.0/instance-out.sql,132033.34,14141.02,15177.24,12106.19,0.0,29387.4,0.0,39087.1,1.13,0.0,0.0,0.0,22133.25,0.0,0.0,0.00,15177.24,14141.02,0.00,29387.40,0.00
CZ16/OfS&0&cDXGF&New&dxAC_equip/NE-dxAC-PkgAC-135to239-New-EER-10.8/instance-out.sql,134578.59,14141.02,17722.49,12106.19,0.0,29387.4,0.0,39087.1,1.13,0.0,0.0,0.0,22133.25,0.0,0.0,0.00,17722.49,14141.02,0.00,29387.40,0.00
CZ16/OfS&0&cDXGF&New&dxAC_equip/NE-dxAC-PkgAC-135to239-New-EER-11.5/instance-out.sql,133543.73,14141.02,16687.63,12106.19,0.0,29387.4,0.0,39087.1,1.13,0.0,0.0,0.0,22133.25,0.0,0.0,0.00,16687.63,14141.02,0.00,29387.40,0.00
CZ16/OfS&0&cDXGF&New&dxAC_equip/NE-dxAC-PkgAC-135to239-New-EER-12.0/instance-out.sql,132909.88999999998,14141.02,16053.79,12106.19,0.0,29387.4,0.0,39087.1,1.13,0.0,0.0,0.0,22133.25,0.0,0.0,0.00,16053.79,14141.02,0.00,29387.40,0.00
CZ16/OfS&0&cDXGF&New&dxAC_equip/NE-dxAC-PkgAC-135to239-New-EER-12.5/instance-out.sql,132292.04,14141.02,15435.94,12106.19,0.0,29387.4,0.0,39087.1,1.13,0.0,0.0,0.0,22133.25,0.0,0.0,0.00,15435.94,14141.02,0.00,29387.40,0.00
CZ16/OfS&0&cDXGF&New&dxAC_equip/NE-dxAC-PkgAC-240to759-New-EER-9.8/instance-out.sql,135078.23,14141.02,18222.13,12106.19,0.0,29387.4,0.0,39087.1,1.13,0.0,0.0,0.0,22133.25,0.0,0.0,0.00,18222.13,14141.02,0.00,29387.40,0.00
CZ16/OfS&0&cDXGF&New&dxAC_equip/NE-dxAC-PkgAC-240to759-New-EER-10.8/instance-out.sql,133504.98,14141.02,16648.88,12106.19,0.0,29387.4,0.0,39087.1,1.13,0.0,0.0,0.0,22133.25,0.0,0.0,0.00,16648.88,14141.02,0.00,29387.40,0.00
CZ16/OfS&0&cDXGF&New&dxAC_equip/NE-dxAC-PkgAC-240to759-New-EER-11.5/instance-out.sql,132526.22,14141.02,15670.12,12106.19,0.0,29387.4,0.0,39087.1,1.13,0.0,0.0,0.0,22133.25,0.0,0.0,0.00,15670.12,14141.02,0.00,29387.40,0.00
CZ16/OfS&0&cDXGF&New&dxAC_equip/NE-dxAC-PkgAC-240to759-New-EER-12.5/instance-out.sql,131338.41999999998,14141.02,14482.32,12106.19,0.0,29387.4,0.0,39087.1,1.13,0.0,0.0,0.0,22133.25,0.0,0.0,0.00,14482.32,14141.02,0.00,29387.40,0.00
CZ16/OfS&0&cDXGF&New&dxAC_equip/NE-dxAC-PkgAC-gt760-New-EER-9.5/instance-out.sql,134711.97,14141.02,17855.87,12106.19,0.0,29387.4,0.0,39087.1,1.13,0.0,0.0,0.0,22133.25,0.0,0.0,0.00,17855.87,14141.02,0.00,29387.40,0.00
CZ16/OfS&0&cDXGF&New&dxAC_equip/NE-dxAC-PkgAC-gt760-New-EER-10.2/instance-out.sql,133543.73,14141.02,16687.63,12106.19,0.0,29387.4,0.0,39087.1,1.13,0.0,0.0,0.0,22133.25,0.0,0.0,0.00,16687.63,14141.02,0.00,29387.40,0.00
CZ16/OfS&0&cDXGF&New&dxAC_equip/NE-dxAC-PkgAC-gt760-New-EER-11.0/instance-out.sql,132424.94,14141.02,15568.84,12106.19,0.0,29387.4,0.0,39087.1,1.13,0.0,0.0,0.0,22133.25,0.0,0.0,0.00,15568.84,14141.02,0.00,29387.40,0.00
CZ16/OfS&0&cDXGF&New&dxAC_equip/NE-dxAC-PkgAC-gt760-New-EER-12.0/instance-out.sql,131196.22,14141.02,14340.12,12106.19,0.0,29387.4,0.0,39087.1,1.13,0.0,0.0,0.0,22133.25,0.0,0.0,0.00,14340.12,14141.02,0.00,29387.40,0.00
CZ16/RFF&0&cDXGF&New&dxAC_equip/NE-dxAC-PkgAC-65to134-New-EER-11.0/instance-out.sql,105937.15,8198.29,11112.36,6626.33,0.0,37903.17,0.0,16393.87,3.37,0.0,0.0,0.0,25699.75,0.0,0.0,0.00,11112.36,8198.29,0.00,18423.46,19479.71
CZ16/RFF&0&cDXGF&New&dxAC_equip/NE-dxAC-PkgAC-65to134-New-EER-11.5/instance-out.sql,105709.17,8198.29,10884.38,6626.33,0.0,37903.17,0.0,16393.87,3.37,0.0,0.0,0.0,25699.75,0.0,0.0,0.00,10884.38,8198.29,0.00,18423.46,19479.71
CZ16/RFF&0&cDXGF&New&dxAC_equip/NE-dxAC-PkgAC-65to134-New-EER-12.0/instance-out.sql,105499.91,8198.29,10675.12,6626.33,0.0,37903.17,0.0,16393.87,3.37,0.0,0.0,0.0,25699.75,0.0,0.0,0.00,10675.12,8198.29,0.00,18423.46,19479.71
CZ16/RFF&0&cDXGF&New&dxAC_equip/NE-dxAC-PkgAC-65to134-New-EER-12.5/instance-out.sql,105307.16,8198.29,10482.37,6626.33,0.0,37903.17,0.0,16393.87,3.37,0.0,0.0,0.0,25699.75,0.0,0.0,0.00,10482.37,8198.29,0.00,18423.46,19479.71
CZ16/RFF&0&cDXGF&New&dxAC_equip/NE-dxAC-PkgAC-65to134-New-EER-13.0/instance-out.sql,105118.98000000001,8198.29,10294.19,6626.33,0.0,37903.17,0.0,16393.87,3.37,0.0,0.0,0.0,25699.75,0.0,0.0,0.00,10294.19,8198.29,0.00,18423.46,19479.71
CZ16/RFF&0&cDXGF&New&dxAC_equip/NE-dxAC-PkgAC-135to239-New-EER-10.8/instance-out.sql,105923.17,8198.29,11098.39,6626.33,0.0,37903.17,0.0,16393.87,3.37,0.0,0.0,0.0,25699.75,0.0,0.0,0.00,11098.39,8198.29,0.00,18423.46,19479.71
CZ16/RFF&0&cDXGF&New&dxAC_equip/NE-dxAC-PkgAC-135to239-New-EER-11.5/instance-out.sql,105596.2,8198.29,10771.41,6626.33,0.0,37903.17,0.0,16393.87,3.37,0.0,0.0,0.0,25699.75,0.0,0.0,0.00,10771.41,8198.29,0.00,18423.46,19479.71
CZ16/RFF&0&cDXGF&New&dxAC_equip/NE-dxAC-PkgAC-135to239-New-EER-12.0/instance-out.sql,105395.93,8198.29,10571.14,6626.33,0.0,37903.17,0.0,16393.87,3.37,0.0,0.0,0.0,25699.75,0.0,0.0,0.00,10571.14,8198.29,0.00,18423.46,19479.71
CZ16/RFF&0&cDXGF&New&dxAC_equip/NE-dxAC-PkgAC-135to239-New-EER-12.5/instance-out.sql,105200.70999999999,8198.29,10375.93,6626.33,0.0,37903.17,0.0,16393.87,3.37,0.0,0.0,0.0,25699.75,0.0,0.0,0.00,10375.93,8198.29,0.00,18423.46,19479.71
CZ16/RFF&0&cDXGF&New&dxAC_equip/NE-dxAC-PkgAC-240to759-New-EER-9.8/instance-out.sql,106081.04000000001,8198.29,11256.25,6626.33,0.0,37903.17,0.0,16393.87,3.37,0.0,0.0,0.0,25699.75,0.0,0.0,0.00,11256.25,8198.29,0.00,18423.46,19479.71
CZ16/RFF&0&cDXGF&New&dxAC_equip/NE-dxAC-PkgAC-240to759-New-EER-10.8/instance-out.sql,105583.95999999999,8198.29,10759.17,6626.33,0.0,37903.17,0.0,16393.87,3.37,0.0,0.0,0.0,25699.75,0.0,0.0,0.00,10759.17,8198.29,0.00,18423.46,19479.71
CZ16/RFF&0&cDXGF&New&dxAC_equip/NE-dxAC-PkgAC-240to759-New-EER-11.5/instance-out.sql,105274.70999999999,8198.29,10449.92,6626.33,0.0,37903.17,0.0,16393.87,3.37,0.0,0.0,0.0,25699.75,0.0,0.0,0.00,10449.92,8198.29,0.00,18423.46,19479.71
CZ16/RFF&0&cDXGF&New&dxAC_equip/NE-dxAC-PkgAC-240to759-New-EER-12.5/instance-out.sql,104899.41,8198.29,10074.62,6626.33,0.0,37903.17,0.0,16393.87,3.37,0.0,0.0,0.0,25699.75,0.0,0.0,0.00,10074.62,8198.29,0.00,18423.46,19479.71
CZ16/RFF&0&cDXGF&New&dxAC_equip/NE-dxAC-PkgAC-gt760-New-EER-9.5/instance-out.sql,105965.32,8198.29,11140.53,6626.33,0.0,37903.17,0.0,16393.87,3.37,0.0,0.0,0.0,25699.75,0.0,0.0,0.00,11140.53,8198.29,0.00,18423.46,19479.71
CZ16/RFF&0&cDXGF&New&dxAC_equip/NE-dxAC-PkgAC-gt760-New-EER-10.2/instance-out.sql,105596.2,8198.29,10771.41,6626.33,0.0,37903.17,0.0,16393.87,3.37,0.0,0.0,0.0,25699.75,0.0,0.0,0.00,10771.41,8198.29,0.00,18423.46,19479.71
CZ16/RFF&0&cDXGF&New&dxAC_equip/NE-dxAC-PkgAC-gt760-New-EER-11.0/instance-out.sql,105242.70999999999,8198.29,10417.92,6626.33,0.0,37903.17,0.0,16393.87,3.37,0.0,0.0,0.0,25699.75,0.0,0.0,0.00,10417.92,8198.29,0.00,18423.46,19479.71
CZ16/RFF&0&cDXGF&New&dxAC_equip/NE-dxAC-PkgAC-gt760-New-EER-12.0/instance-out.sql,104854.48000000001,8198.29,10029.69,6626.33,0.0,37903.17,0.0,16393.87,3.37,0.0,0.0,0.0,25699.75,0.0,0.0,0.00,10029.69,8198.29,0.00,18423.46,19479.71
CZ16/RSD&0&cDXGF&New&dxAC_equip/NE-dxAC-PkgAC-65to134-New-EER-11.0/instance-out.sql,261351.39,43913.39,26911.23,16225.45,0.0,76546.73,0.0,32002.93,13.04,0.0,0.0,0.0,65738.63,0.0,0.0,0.00,26911.23,43913.39,0.00,37475.60,39071.13
CZ16/RSD&0&cDXGF&New&dxAC_equip/NE-dxAC-PkgAC-65to134-New-EER-11.5/instance-out.sql,261226.08000000002,43913.39,26785.92,16225.45,0.0,76546.73,0.0,32002.93,13.04,0.0,0.0,0.0,65738.63,0.0,0.0,0.00,26785.92,43913.39,0.00,37475.60,39071.13
CZ16/RSD&0&cDXGF&New&dxAC_equip/NE-dxAC-PkgAC-65to134-New-EER-12.0/instance-out.sql,261111.07,43913.39,26670.91,16225.45,0.0,76546.73,0.0,32002.93,13.04,0.0,0.0,0.0,65738.63,0.0,0.0,0.00,26670.91,43913.39,0.00,37475.60,39071.13
CZ16/RSD&0&cDXGF&New&dxAC_equip/NE-dxAC-PkgAC-65to134-New-EER-12.5/instance-out.sql,261005.13,43913.39,26564.97,16225.45,0.0,76546.73,0.0,32002.93,13.04,0.0,0.0,0.0,65738.63,0.0,0.0,0.00,26564.97,43913.39,0.00,37475.60,39071.13
CZ16/RSD&0&cDXGF&New&dxAC_equip/NE-dxAC-PkgAC-65to134-New-EER-13.0/instance-out.sql,260901.7,43913.39,26461.54,16225.45,0.0,76546.73,0.0,32002.93,13.04,0.0,0.0,0.0,65738.63,0.0,0.0,0.00,26461.54,43913.39,0.00,37475.60,39071.13
CZ16/RSD&0&cDXGF&New&dxAC_equip/NE-dxAC-PkgAC-135to239-New-EER-10.8/instance-out.sql,261343.71000000002,43913.39,26903.55,16225.45,0.0,76546.73,0.0,32002.93,13.04,0.0,0.0,0.0,65738.63,0.0,0.0,0.00,26903.55,43913.39,0.00,37475.60,39071.13
CZ16/RSD&0&cDXGF&New&dxAC_equip/NE-dxAC-PkgAC-135to239-New-EER-11.5/instance-out.sql,261163.99000000002,43913.39,26723.84,16225.45,0.0,76546.73,0.0,32002.93,13.04,0.0,0.0,0.0,65738.63,0.0,0.0,0.00,26723.84,43913.39,0.00,37475.60,39071.13
CZ16/RSD&0&cDXGF&New&dxAC_equip/NE-dxAC-PkgAC-135to239-New-EER-12.0/instance-out.sql,261053.92,43913.39,26613.76,16225.45,0.0,76546.73,0.0,32002.93,13.04,0.0,0.0,0.0,65738.63,0.0,0.0,0.00,26613.76,43913.39,0.00,37475.60,39071.13
CZ16/RSD&0&cDXGF&New&dxAC_equip/NE-dxAC-PkgAC-135to239-New-EER-12.5/instance-out.sql,260946.63,43913.39,26506.47,16225.45,0.0,76546.73,0.0,32002.93,13.04,0.0,0.0,0.0,65738.63,0.0,0.0,0.00,26506.47,43913.39,0.00,37475.60,39071.13
CZ16/RSD&0&cDXGF&New&dxAC_equip/NE-dxAC-PkgAC-240to759-New-EER-9.8/instance-out.sql,261430.47000000003,43913.39,26990.31,16225.45,0.0,76546.73,0.0,32002.93,13.04,0.0,0.0,0.0,65738.63,0.0,0.0,0.00,26990.31,43913.39,0.00,37475.60,39071.13
CZ16/RSD&0&cDXGF&New&dxAC_equip/NE-dxAC-PkgAC-240to759-New-EER-10.8/instance-out.sql,261157.27000000002,43913.39,26717.11,16225.45,0.0,76546.73,0.0,32002.93,13.04,0.0,0.0,0.0,65738.63,0.0,0.0,0.00,26717.11,43913.39,0.00,37475.60,39071.13
CZ16/RSD&0&cDXGF&New&dxAC_equip/NE-dxAC-PkgAC-240to759-New-EER-11.5/instance-out.sql,260987.30000000002,43913.39,26547.14,16225.45,0.0,76546.73,0.0,32002.93,13.04,0.0,0.0,0.0,65738.63,0.0,0.0,0.00,26547.14,43913.39,0.00,37475.60,39071.13
CZ16/RSD&0&cDXGF&New&dxAC_equip/NE-dxAC-PkgAC-240to759-New-EER-12.5/instance-out.sql,260781.03000000003,43913.39,26340.87,16225.45,0.0,76546.73,0.0,32002.93,13.04,0.0,0.0,0.0,65738.63,0.0,0.0,0.00,26340.87,43913.39,0.00,37475.60,39071.13
CZ16/RSD&0&cDXGF&New&dxAC_equip/NE-dxAC-PkgAC-gt760-New-EER-9.5/instance-out.sql,261366.87,43913.39,26926.71,16225.45,0.0,76546.73,0.0,32002.93,13.04,0.0,0.0,0.0,65738.63,0.0,0.0,0.00,26926.71,43913.39,0.00,37475.60,39071.13
CZ16/RSD&0&cDXGF&New&dxAC_equip/NE-dxAC-PkgAC-gt760-New-EER-10.2/instance-out.sql,261163.99000000002,43913.39,26723.84,16225.45,0.0,76546.73,0.0,32002.93,13.04,0.0,0.0,0.0,65738.63,0.0,0.0,0.00,26723.84,43913.39,0.00,37475.60,39071.13
CZ16/RSD&0&cDXGF&New&dxAC_equip/NE-dxAC-PkgAC-gt760-New-EER-11.0/instance-out.sql,260969.71000000002,43913.39,26529.55,16225.45,0.0,76546.73,0.0,32002.93,13.04,0.0,0.0,0.0,65738.63,0.0,0.0,0.00,26529.55,43913.39,0.00,37475.60,39071.13
CZ16/RSD&0&cDXGF&New&dxAC_equip/NE-dxAC-PkgAC-gt760-New-EER-12.0/instance-out.sql,260756.33000000002,43913.39,26316.17,16225.45,0.0,76546.73,0.0,32002.93,13.04,0.0,0.0,0.0,65738.63,0.0,0.0,0.00,26316.17,43913.39,0.00,37475.60,39071.13
CZ16/Rt3&0&cDXGF&New&dxAC_equip/NE-dxAC-PkgAC-65to134-New-EER-11.0/instance-out.sql,1838079.93,131791.45,244047.42,394371.6,0.0,436362.0,0.0,458911.74,3.38,0.0,0.0,0.0,172592.33,0.0,0.0,0.00,244047.42,131791.45,0.00,436362.00,0.00
CZ16/Rt3&0&cDXGF&New&dxAC_equip/NE-dxAC-PkgAC-65to134-New-EER-11.5/instance-out.sql,1827936.87,131791.45,233904.36,394371.6,0.0,436362.0,0.0,458911.74,3.38,0.0,0.0,0.0,172592.33,0.0,0.0,0.00,233904.36,131791.45,0.00,436362.00,0.00
CZ16/Rt3&0&cDXGF&New&dxAC_equip/NE-dxAC-PkgAC-65to134-New-EER-12.0/instance-out.sql,1818626.81,131791.45,224594.31,394371.6,0.0,436362.0,0.0,458911.74,3.38,0.0,0.0,0.0,172592.33,0.0,0.0,0.00,224594.31,131791.45,0.00,436362.00,0.00
CZ16/Rt3&0&cDXGF&New&dxAC_equip/NE-dxAC-PkgAC-65to134-New-EER-12.5/instance-out.sql,1810051.2,131791.45,216018.69,394371.6,0.0,436362.0,0.0,458911.74,3.38,0.0,0.0,0.0,172592.33,0.0,0.0,0.00,216018.69,131791.45,0.00,436362.00,0.00
CZ16/Rt3&0&cDXGF&New&dxAC_equip/NE-dxAC-PkgAC-65to134-New-EER-13.0/instance-out.sql,1801678.93,131791.45,207646.43,394371.6,0.0,436362.0,0.0,458911.74,3.38,0.0,0.0,0.0,172592.33,0.0,0.0,0.00,207646.43,131791.45,0.00,436362.00,0.00
CZ16/Rt3&0&cDXGF&New&dxAC_equip/NE-dxAC-PkgAC-135to239-New-EER-10.8/instance-out.sql,1837458.22,131791.45,243425.71,394371.6,0.0,436362.0,0.0,458911.74,3.38,0.0,0.0,0.0,172592.33,0.0,0.0,0.00,243425.71,131791.45,0.00,436362.00,0.00
CZ16/Rt3&0&cDXGF&New&dxAC_equip/NE-dxAC-PkgAC-135to239-New-EER-11.5/instance-out.sql,1822910.9000000001,131791.45,228878.39,394371.6,0.0,436362.0,0.0,458911.74,3.38,0.0,0.0,0.0,172592.33,0.0,0.0,0.00,228878.39,131791.45,0.00,436362.00,0.00
CZ16/Rt3&0&cDXGF&New&dxAC_equip/NE-dxAC-PkgAC-135to239-New-EER-12.0/instance-out.sql,1814000.92,131791.45,219968.41,394371.6,0.0,436362.0,0.0,458911.74,3.38,0.0,0.0,0.0,172592.33,0.0,0.0,0.00,219968.41,131791.45,0.00,436362.00,0.00
CZ16/Rt3&0&cDXGF&New&dxAC_equip/NE-dxAC-PkgAC-135to239-New-EER-12.5/instance-out.sql,1805315.56,131791.45,211283.06,394371.6,0.0,436362.0,0.0,458911.74,3.38,0.0,0.0,0.0,172592.33,0.0,0.0,0.00,211283.06,131791.45,0.00,436362.00,0.00
CZ16/Rt3&0&cDXGF&New&dxAC_equip/NE-dxAC-PkgAC-240to759-New-EER-9.8/instance-out.sql,1844481.82,131791.45,250449.32,394371.6,0.0,436362.0,0.0,458911.74,3.38,0.0,0.0,0.0,172592.33,0.0,0.0,0.00,250449.32,131791.45,0.00,436362.00,0.00
CZ16/Rt3&0&cDXGF&New&dxAC_equip/NE-dxAC-PkgAC-240to759-New-EER-10.8/instance-out.sql,1822366.18,131791.45,228333.67,394371.6,0.0,436362.0,0.0,458911.74,3.38,0.0,0.0,0.0,172592.33,0.0,0.0,0.00,228333.67,131791.45,0.00,436362.00,0.00
CZ16/Rt3&0&cDXGF&New&dxAC_equip/NE-dxAC-PkgAC-240to759-New-EER-11.5/instance-out.sql,1808607.59,131791.45,214575.09,394371.6,0.0,436362.0,0.0,458911.74,3.38,0.0,0.0,0.0,172592.33,0.0,0.0,0.00,214575.09,131791.45,0.00,436362.00,0.00
CZ16/Rt3&0&cDXGF&New&dxAC_equip/NE-dxAC-PkgAC-240to759-New-EER-12.5/instance-out.sql,1791910.3,131791.45,197877.8,394371.6,0.0,436362.0,0.0,458911.74,3.38,0.0,0.0,0.0,172592.33,0.0,0.0,0.00,197877.80,131791.45,0.00,436362.00,0.00
CZ16/Rt3&0&cDXGF&New&dxAC_equip/NE-dxAC-PkgAC-gt760-New-EER-9.5/instance-out.sql,1839333.21,131791.45,245300.7,394371.6,0.0,436362.0,0.0,458911.74,3.38,0.0,0.0,0.0,172592.33,0.0,0.0,0.00,245300.70,131791.45,0.00,436362.00,0.00
CZ16/Rt3&0&cDXGF&New&dxAC_equip/NE-dxAC-PkgAC-gt760-New-EER-10.2/instance-out.sql,1822910.9000000001,131791.45,228878.39,394371.6,0.0,436362.0,0.0,458911.74,3.38,0.0,0.0,0.0,172592.33,0.0,0.0,0.00,228878.39,131791.45,0.00,436362.00,0.00
CZ16/Rt3&0&cDXGF&New&dxAC_equip/NE-dxAC-PkgAC-gt760-New-EER-11.0/instance-out.sql,1807183.81,131791.45,213151.3,394371.6,0.0,436362.0,0.0,458911.74,3.38,0.0,0.0,0.0,172592.33,0.0,0.0,0.00,213151.30,131791.45,0.00,436362.00,0.00
CZ16/Rt3&0&cDXGF&New&dxAC_equip/NE-dxAC-PkgAC-gt760-New-EER-12.0/instance-out.sql,1789911.35,131791.45,195878.84,394371.6,0.0,436362.0,0.0,458911.74,3.38,0.0,0.0,0.0,172592.33,0.0,0.0,0.00,195878.84,131791.45,0.00,436362.00,0.00
CZ16/RtL&0&cDXGF&New&dxAC_equip/NE-dxAC-PkgAC-65to134-New-EER-11.0/instance-out.sql,1859925.21,128686.83,253882.15,395231.18,0.0,509200.67,0.0,445867.37,3.39,0.0,0.0,0.0,127053.61,0.0,0.0,0.00,253882.15,128686.83,0.00,468847.72,40352.95
CZ16/RtL&0&cDXGF&New&dxAC_equip/NE-dxAC-PkgAC-65to134-New-EER-11.5/instance-out.sql,1849579.5,128686.83,243536.43,395231.18,0.0,509200.67,0.0,445867.37,3.39,0.0,0.0,0.0,127053.61,0.0,0.0,0.00,243536.43,128686.83,0.00,468847.72,40352.95
CZ16/RtL&0&cDXGF&New&dxAC_equip/NE-dxAC-PkgAC-65to134-New-EER-12.0/instance-out.sql,1840083.4300000002,128686.83,234040.37,395231.18,0.0,509200.67,0.0,445867.37,3.39,0.0,0.0,0.0,127053.61,0.0,0.0,0.00,234040.37,128686.83,0.00,468847.72,40352.95
CZ16/RtL&0&cDXGF&New&dxAC_equip/NE-dxAC-PkgAC-65to134-New-EER-12.5/instance-out.sql,1831336.48,128686.83,225293.41,395231.18,0.0,509200.67,0.0,445867.37,3.39,0.0,0.0,0.0,127053.61,0.0,0.0,0.00,225293.41,128686.83,0.00,468847.72,40352.95
CZ16/RtL&0&cDXGF&New&dxAC_equip/NE-dxAC-PkgAC-65to134-New-EER-13.0/instance-out.sql,1822796.9300000002,128686.83,216753.87,395231.18,0.0,509200.67,0.0,445867.37,3.39,0.0,0.0,0.0,127053.61,0.0,0.0,0.00,216753.87,128686.83,0.00,468847.72,40352.95
CZ16/RtL&0&cDXGF&New&dxAC_equip/NE-dxAC-PkgAC-135to239-New-EER-10.8/instance-out.sql,1859291.08,128686.83,253248.02,395231.18,0.0,509200.67,0.0,445867.37,3.39,0.0,0.0,0.0,127053.61,0.0,0.0,0.00,253248.02,128686.83,0.00,468847.72,40352.95
CZ16/RtL&0&cDXGF&New&dxAC_equip/NE-dxAC-PkgAC-135to239-New-EER-11.5/instance-out.sql,1844453.1099999999,128686.83,238410.04,395231.18,0.0,509200.67,0.0,445867.37,3.39,0.0,0.0,0.0,127053.61,0.0,0.0,0.00,238410.04,128686.83,0.00,468847.72,40352.95
CZ16/RtL&0&cDXGF&New&dxAC_equip/NE-dxAC-PkgAC-135to239-New-EER-12.0/instance-out.sql,1835365.1099999999,128686.83,229322.05,395231.18,0.0,509200.67,0.0,445867.37,3.39,0.0,0.0,0.0,127053.61,0.0,0.0,0.00,229322.05,128686.83,0.00,468847.72,40352.95
CZ16/RtL&0&cDXGF&New&dxAC_equip/NE-dxAC-PkgAC-135to239-New-EER-12.5/instance-out.sql,1826506.2200000002,128686.83,220463.16,395231.18,0.0,509200.67,0.0,445867.37,3.39,0.0,0.0,0.0,127053.61,0.0,0.0,0.00,220463.16,128686.83,0.00,468847.72,40352.95
CZ16/RtL&0&cDXGF&New&dxAC_equip/NE-dxAC-PkgAC-240to759-New-EER-9.8/instance-out.sql,1866455.02,128686.83,260411.96,395231.18,0.0,509200.67,0.0,445867.37,3.39,0.0,0.0,0.0,127053.61,0.0,0.0,0.00,260411.96,128686.83,0.00,468847.72,40352.95
CZ16/RtL&0&cDXGF&New&dxAC_equip/NE-dxAC-PkgAC-240to759-New-EER-10.8/instance-out.sql,1843897.5,128686.83,237854.44,395231.18,0.0,509200.67,0.0,445867.37,3.39,0.0,0.0,0.0,127053.61,0.0,0.0,0.00,237854.44,128686.83,0.00,468847.72,40352.95
CZ16/RtL&0&cDXGF&New&dxAC_equip/NE-dxAC-PkgAC-240to759-New-EER-11.5/instance-out.sql,1829864.0299999998,128686.83,223820.96,395231.18,0.0,509200.67,0.0,445867.37,3.39,0.0,0.0,0.0,127053.61,0.0,0.0,0.00,223820.96,128686.83,0.00,468847.72,40352.95
CZ16/RtL&0&cDXGF&New&dxAC_equip/NE-dxAC-PkgAC-240to759-New-EER-12.5/instance-out.sql,1812833.13,128686.83,206790.07,395231.18,0.0,509200.67,0.0,445867.37,3.39,0.0,0.0,0.0,127053.61,0.0,0.0,0.00,206790.07,128686.83,0.00,468847.72,40352.95
CZ16/RtL&0&cDXGF&New&dxAC_equip/NE-dxAC-PkgAC-gt760-New-EER-9.5/instance-out.sql,1861203.5299999998,128686.83,255160.47,395231.18,0.0,509200.67,0.0,445867.37,3.39,0.0,0.0,0.0,127053.61,0.0,0.0,0.00,255160.47,128686.83,0.00,468847.72,40352.95
CZ16/RtL&0&cDXGF&New&dxAC_equip/NE-dxAC-PkgAC-gt760-New-EER-10.2/instance-out.sql,1844453.1099999999,128686.83,238410.04,395231.18,0.0,509200.67,0.0,445867.37,3.39,0.0,0.0,0.0,127053.61,0.0,0.0,0.00,238410.04,128686.83,0.00,468847.72,40352.95
CZ16/RtL&0&cDXGF&New&dxAC_equip/NE-dxAC-PkgAC-gt760-New-EER-11.0/instance-out.sql,1828411.7999999998,128686.83,222368.73,395231.18,0.0,509200.67,0.0,445867.37,3.39,0.0,0.0,0.0,127053.61,0.0,0.0,0.00,222368.73,128686.83,0.00,468847.72,40352.95
CZ16/RtL&0&cDXGF&New&dxAC_equip/NE-dxAC-PkgAC-gt760-New-EER-12.0/instance-out.sql,1810794.23,128686.83,204751.17,395231.18,0.0,509200.67,0.0,445867.37,3.39,0.0,0.0,0.0,127053.61,0.0,0.0,0.00,204751.17,128686.83,0.00,468847.72,40352.95
CZ16/RtS&0&cDXGF&New&dxAC_equip/NE-dxAC-PkgAC-65to134-New-EER-11.0/instance-out.sql,125804.85,17702.87,15925.61,23251.32,0.0,24440.79,0.0,28802.3,3.36,0.0,0.0,0.0,15678.59,0.0,0.0,0.00,15925.61,17702.87,0.00,24440.79,0.00
CZ16/RtS&0&cDXGF&New&dxAC_equip/NE-dxAC-PkgAC-65to134-New-EER-11.5/instance-out.sql,125130.73999999999,17702.87,15251.5,23251.32,0.0,24440.79,0.0,28802.3,3.36,0.0,0.0,0.0,15678.59,0.0,0.0,0.00,15251.50,17702.87,0.00,24440.79,0.00
CZ16/RtS&0&cDXGF&New&dxAC_equip/NE-dxAC-PkgAC-65to134-New-EER-12.0/instance-out.sql,124512.0,17702.87,14632.76,23251.32,0.0,24440.79,0.0,28802.3,3.36,0.0,0.0,0.0,15678.59,0.0,0.0,0.00,14632.76,17702.87,0.00,24440.79,0.00
CZ16/RtS&0&cDXGF&New&dxAC_equip/NE-dxAC-PkgAC-65to134-New-EER-12.5/instance-out.sql,123942.07,17702.87,14062.83,23251.32,0.0,24440.79,0.0,28802.3,3.36,0.0,0.0,0.0,15678.59,0.0,0.0,0.00,14062.83,17702.87,0.00,24440.79,0.00
CZ16/RtS&0&cDXGF&New&dxAC_equip/NE-dxAC-PkgAC-65to134-New-EER-13.0/instance-out.sql,123385.65,17702.87,13506.41,23251.32,0.0,24440.79,0.0,28802.3,3.36,0.0,0.0,0.0,15678.59,0.0,0.0,0.00,13506.41,17702.87,0.00,24440.79,0.00
CZ16/RtS&0&cDXGF&New&dxAC_equip/NE-dxAC-PkgAC-135to239-New-EER-10.8/instance-out.sql,125763.53,17702.87,15884.29,23251.32,0.0,24440.79,0.0,28802.3,3.36,0.0,0.0,0.0,15678.59,0.0,0.0,0.00,15884.29,17702.87,0.00,24440.79,0.00
CZ16/RtS&0&cDXGF&New&dxAC_equip/NE-dxAC-PkgAC-135to239-New-EER-11.5/instance-out.sql,124796.72,17702.87,14917.48,23251.32,0.0,24440.79,0.0,28802.3,3.36,0.0,0.0,0.0,15678.59,0.0,0.0,0.00,14917.48,17702.87,0.00,24440.79,0.00
CZ16/RtS&0&cDXGF&New&dxAC_equip/NE-dxAC-PkgAC-135to239-New-EER-12.0/instance-out.sql,124204.57,17702.87,14325.33,23251.32,0.0,24440.79,0.0,28802.3,3.36,0.0,0.0,0.0,15678.59,0.0,0.0,0.00,14325.33,17702.87,0.00,24440.79,0.00
CZ16/RtS&0&cDXGF&New&dxAC_equip/NE-dxAC-PkgAC-135to239-New-EER-12.5/instance-out.sql,123627.34,17702.87,13748.1,23251.32,0.0,24440.79,0.0,28802.3,3.36,0.0,0.0,0.0,15678.59,0.0,0.0,0.00,13748.10,17702.87,0.00,24440.79,0.00
CZ16/RtS&0&cDXGF&New&dxAC_equip/NE-dxAC-PkgAC-240to759-New-EER-9.8/instance-out.sql,126230.32,17702.87,16351.08,23251.32,0.0,24440.79,0.0,28802.3,3.36,0.0,0.0,0.0,15678.59,0.0,0.0,0.00,16351.08,17702.87,0.00,24440.79,0.00
CZ16/RtS&0&cDXGF&New&dxAC_equip/NE-dxAC-PkgAC-240to759-New-EER-10.8/instance-out.sql,124760.51999999999,17702.87,14881.28,23251.32,0.0,24440.79,0.0,28802.3,3.36,0.0,0.0,0.0,15678.59,0.0,0.0,0.00,14881.28,17702.87,0.00,24440.79,0.00
CZ16/RtS&0&cDXGF&New&dxAC_equip/NE-dxAC-PkgAC-240to759-New-EER-11.5/instance-out.sql,123846.13,17702.87,13966.89,23251.32,0.0,24440.79,0.0,28802.3,3.36,0.0,0.0,0.0,15678.59,0.0,0.0,0.00,13966.89,17702.87,0.00,24440.79,0.00
CZ16/RtS&0&cDXGF&New&dxAC_equip/NE-dxAC-PkgAC-240to759-New-EER-12.5/instance-out.sql,122736.43,17702.87,12857.19,23251.32,0.0,24440.79,0.0,28802.3,3.36,0.0,0.0,0.0,15678.59,0.0,0.0,0.00,12857.19,17702.87,0.00,24440.79,0.00
CZ16/RtS&0&cDXGF&New&dxAC_equip/NE-dxAC-PkgAC-gt760-New-EER-9.5/instance-out.sql,125888.13999999998,17702.87,16008.9,23251.32,0.0,24440.79,0.0,28802.3,3.36,0.0,0.0,0.0,15678.59,0.0,0.0,0.00,16008.90,17702.87,0.00,24440.79,0.00
CZ16/RtS&0&cDXGF&New&dxAC_equip/NE-dxAC-PkgAC-gt760-New-EER-10.2/instance-out.sql,124796.72,17702.87,14917.48,23251.32,0.0,24440.79,0.0,28802.3,3.36,0.0,0.0,0.0,15678.59,0.0,0.0,0.00,14917.48,17702.87,0.00,24440.79,0.00
CZ16/RtS&0&cDXGF&New&dxAC_equip/NE-dxAC-PkgAC-gt760-New-EER-11.0/instance-out.sql,123751.5,17702.87,13872.26,23251.32,0.0,24440.79,0.0,28802.3,3.36,0.0,0.0,0.0,15678.59,0.0,0.0,0.00,13872.26,17702.87,0.00,24440.79,0.00
CZ16/RtS&0&cDXGF&New&dxAC_equip/NE-dxAC-PkgAC-gt760-New-EER-12.0/instance-out.sql,122603.57999999999,17702.87,12724.34,23251.32,0.0,24440.79,0.0,28802.3,3.36,0.0,0.0,0.0,15678.59,0.0,0.0,0.00,12724.34,17702.87,0.00,24440.79,0.00
CZ16/SCn&0&cDXGF&New&dxAC_equip/NE-dxAC-PkgAC-65to134-New-EER-11.0/instance-out.sql,3814570.2800000003,1007109.23,477158.79,571539.04,0.0,449066.39,0.0,1224732.32,3.36,0.0,0.0,0.0,84961.17,0.0,0.0,0.00,477158.79,1007109.23,0.00,449066.39,0.00
CZ16/SCn&0&cDXGF&New&dxAC_equip/NE-dxAC-PkgAC-65to134-New-EER-11.5/instance-out.sql,3794145.6399999997,1007109.23,456734.14,571539.04,0.0,449066.39,0.0,1224732.32,3.36,0.0,0.0,0.0,84961.17,0.0,0.0,0.00,456734.14,1007109.23,0.00,449066.39,0.00
CZ16/SCn&0&cDXGF&New&dxAC_equip/NE-dxAC-PkgAC-65to134-New-EER-12.0/instance-out.sql,3775398.38,1007109.23,437986.89,571539.04,0.0,449066.39,0.0,1224732.32,3.36,0.0,0.0,0.0,84961.17,0.0,0.0,0.00,437986.89,1007109.23,0.00,449066.39,0.00
CZ16/SCn&0&cDXGF&New&dxAC_equip/NE-dxAC-PkgAC-65to134-New-EER-12.5/instance-out.sql,3758130.0199999996,1007109.23,420718.53,571539.04,0.0,449066.39,0.0,1224732.32,3.36,0.0,0.0,0.0,84961.17,0.0,0.0,0.00,420718.53,1007109.23,0.00,449066.39,0.00
CZ16/SCn&0&cDXGF&New&dxAC_equip/NE-dxAC-PkgAC-65to134-New-EER-13.0/instance-out.sql,3741271.1499999994,1007109.23,403859.66,571539.04,0.0,449066.39,0.0,1224732.32,3.36,0.0,0.0,0.0,84961.17,0.0,0.0,0.00,403859.66,1007109.23,0.00,449066.39,0.00
CZ16/SCn&0&cDXGF&New&dxAC_equip/NE-dxAC-PkgAC-135to239-New-EER-10.8/instance-out.sql,3813318.38,1007109.23,475906.88,571539.04,0.0,449066.39,0.0,1224732.32,3.36,0.0,0.0,0.0,84961.17,0.0,0.0,0.00,475906.88,1007109.23,0.00,449066.39,0.00
CZ16/SCn&0&cDXGF&New&dxAC_equip/NE-dxAC-PkgAC-135to239-New-EER-11.5/instance-out.sql,3784025.05,1007109.23,446613.56,571539.04,0.0,449066.39,0.0,1224732.32,3.36,0.0,0.0,0.0,84961.17,0.0,0.0,0.00,446613.56,1007109.23,0.00,449066.39,0.00
CZ16/SCn&0&cDXGF&New&dxAC_equip/NE-dxAC-PkgAC-135to239-New-EER-12.0/instance-out.sql,3766083.41,1007109.23,428671.92,571539.04,0.0,449066.39,0.0,1224732.32,3.36,0.0,0.0,0.0,84961.17,0.0,0.0,0.00,428671.92,1007109.23,0.00,449066.39,0.00
CZ16/SCn&0&cDXGF&New&dxAC_equip/NE-dxAC-PkgAC-135to239-New-EER-12.5/instance-out.sql,3748594.08,1007109.23,411182.58,571539.04,0.0,449066.39,0.0,1224732.32,3.36,0.0,0.0,0.0,84961.17,0.0,0.0,0.00,411182.58,1007109.23,0.00,449066.39,0.00
CZ16/SCn&0&cDXGF&New&dxAC_equip/NE-dxAC-PkgAC-240to759-New-EER-9.8/instance-out.sql,3827461.51,1007109.23,490050.01,571539.04,0.0,449066.39,0.0,1224732.32,3.36,0.0,0.0,0.0,84961.17,0.0,0.0,0.00,490050.01,1007109.23,0.00,449066.39,0.00
CZ16/SCn&0&cDXGF&New&dxAC_equip/NE-dxAC-PkgAC-240to759-New-EER-10.8/instance-out.sql,3782928.17,1007109.23,445516.68,571539.04,0.0,449066.39,0.0,1224732.32,3.36,0.0,0.0,0.0,84961.17,0.0,0.0,0.00,445516.68,1007109.23,0.00,449066.39,0.00
CZ16/SCn&0&cDXGF&New&dxAC_equip/NE-dxAC-PkgAC-240to759-New-EER-11.5/instance-out.sql,3755223.0999999996,1007109.23,417811.61,571539.04,0.0,449066.39,0.0,1224732.32,3.36,0.0,0.0,0.0,84961.17,0.0,0.0,0.00,417811.61,1007109.23,0.00,449066.39,0.00
CZ16/SCn&0&cDXGF&New&dxAC_equip/NE-dxAC-PkgAC-240to759-New-EER-12.5/instance-out.sql,3721600.4799999995,1007109.23,384188.99,571539.04,0.0,449066.39,0.0,1224732.32,3.36,0.0,0.0,0.0,84961.17,0.0,0.0,0.00,384188.99,1007109.23,0.00,449066.39,0.00
CZ16/SCn&0&cDXGF&New&dxAC_equip/NE-dxAC-PkgAC-gt760-New-EER-9.5/instance-out.sql,3817093.96,1007109.23,479682.47,571539.04,0.0,449066.39,0.0,1224732.32,3.36,0.0,0.0,0.0,84961.17,0.0,0.0,0.00,479682.47,1007109.23,0.00,449066.39,0.00
CZ16/SCn&0&cDXGF&New&dxAC_equip/NE-dxAC-PkgAC-gt760-New-EER-10.2/instance-out.sql,3784025.05,1007109.23,446613.56,571539.04,0.0,449066.39,0.0,1224732.32,3.36,0.0,0.0,0.0,84961.17,0.0,0.0,0.00,446613.56,1007109.23,0.00,449066.39,0.00
CZ16/SCn&0&cDXGF&New&dxAC_equip/NE-dxAC-PkgAC-gt760-New-EER-11.0/instance-out.sql,3752356.09,1007109.23,414944.59,571539.04,0.0,449066.39,0.0,1224732.32,3.36,0.0,0.0,0.0,84961.17,0.0,0.0,0.00,414944.59,1007109.23,0.00,449066.39,0.00
CZ16/SCn&0&cDXGF&New&dxAC_equip/NE-dxAC-PkgAC-gt760-New-EER-12.0/instance-out.sql,3717575.26,1007109.23,380163.77,571539.04,0.0,449066.39,0.0,1224732.32,3.36,0.0,0.0,0.0,84961.17,0.0,0.0,0.00,380163.77,1007109.23,0.00,449066.39,0.00

File Name,Electricity (kWh),Natural Gas (kWh)
CZ15/Asm&0&cDXGF&New&dxAC_equip/NE-dxAC-PkgAC-65to134-New-EER-11.0/instance-out.sql,742495.75,62825.59
CZ15/Asm&0&cDXGF&New&dxAC_equip/NE-dxAC-PkgAC-65to134-New-EER-11.5/instance-out.sql,728630.72,62825.59
CZ15/Asm&0&cDXGF&New&dxAC_equip/NE-dxAC-PkgAC-65to134-New-EER-12.0/instance-out.sql,715904.36,62825.59
CZ15/Asm&0&cDXGF&New&dxAC_equip/NE-dxAC-PkgAC-65to134-New-EER-12.5/instance-out.sql,704181.94,62825.59
CZ15/Asm&0&cDXGF&New&dxAC_equip/NE-dxAC-PkgAC-65to134-New-EER-13.0/instance-out.sql,692737.49,62825.59
CZ15/Asm&0&cDXGF&New&dxAC_equip/NE-dxAC-PkgAC-135to239-New-EER-10.8/instance-out.sql,741645.91,62825.59
CZ15/Asm&0&cDXGF&New&dxAC_equip/NE-dxAC-PkgAC-135to239-New-EER-11.5/instance-out.sql,721760.48,62825.59
CZ15/Asm&0&cDXGF&New&dxAC_equip/NE-dxAC-PkgAC-135to239-New-EER-12.0/instance-out.sql,709581.00,62825.59
CZ15/Asm&0&cDXGF&New&dxAC_equip/NE-dxAC-PkgAC-135to239-New-EER-12.5/instance-out.sql,697708.57,62825.59
CZ15/Asm&0&cDXGF&New&dxAC_equip/NE-dxAC-PkgAC-240to759-New-EER-9.8/instance-out.sql,751246.82,62825.59
CZ15/Asm&0&cDXGF&New&dxAC_equip/NE-dxAC-PkgAC-240to759-New-EER-10.8/instance-out.sql,721015.88,62825.59
CZ15/Asm&0&cDXGF&New&dxAC_equip/NE-dxAC-PkgAC-240to759-New-EER-11.5/instance-out.sql,702208.61,62825.59
CZ15/Asm&0&cDXGF&New&dxAC_equip/NE-dxAC-PkgAC-240to759-New-EER-12.5/instance-out.sql,679384.28,62825.59
CZ15/Asm&0&cDXGF&New&dxAC_equip/NE-dxAC-PkgAC-gt760-New-EER-9.5/instance-out.sql,744208.92,62825.59
CZ15/Asm&0&cDXGF&New&dxAC_equip/NE-dxAC-PkgAC-gt760-New-EER-10.2/instance-out.sql,721760.48,62825.59
CZ15/Asm&0&cDXGF&New&dxAC_equip/NE-dxAC-PkgAC-gt760-New-EER-11.0/instance-out.sql,700262.37,62825.59
CZ15/Asm&0&cDXGF&New&dxAC_equip/NE-dxAC-PkgAC-gt760-New-EER-12.0/instance-out.sql,676651.81,62825.59
CZ15/ECC&0&cDXGF&New&dxAC_equip/NE-dxAC-PkgAC-65to134-New-EER-11.0/instance-out.sql,2305523.58,417382.89
CZ15/ECC&0&cDXGF&New&dxAC_equip/NE-dxAC-PkgAC-65to134-New-EER-11.5/instance-out.sql,2281612.94,417382.89
CZ15/ECC&0&cDXGF&New&dxAC_equip/NE-dxAC-PkgAC-65to134-New-EER-12.0/instance-out.sql,2259665.98,417382.89
CZ15/ECC&0&cDXGF&New&dxAC_equip/NE-dxAC-PkgAC-65to134-New-EER-12.5/instance-out.sql,2239450.33,417382.89
CZ15/ECC&0&cDXGF&New&dxAC_equip/NE-dxAC-PkgAC-65to134-New-EER-13.0/instance-out.sql,2219714.05,417382.89
CZ15/ECC&0&cDXGF&New&dxAC_equip/NE-dxAC-PkgAC-135to239-New-EER-10.8/instance-out.sql,2304058.01,417382.89
CZ15/ECC&0&cDXGF&New&dxAC_equip/NE-dxAC-PkgAC-135to239-New-EER-11.5/instance-out.sql,2269765.02,417382.89
CZ15/ECC&0&cDXGF&New&dxAC_equip/NE-dxAC-PkgAC-135to239-New-EER-12.0/instance-out.sql,2248761.17,417382.89
CZ15/ECC&0&cDXGF&New&dxAC_equip/NE-dxAC-PkgAC-135to239-New-EER-12.5/instance-out.sql,2228286.83,417382.89
CZ15/ECC&0&cDXGF&New&dxAC_equip/NE-dxAC-PkgAC-240to759-New-EER-9.8/instance-out.sql,2320615.03,417382.89
CZ15/ECC&0&cDXGF&New&dxAC_equip/NE-dxAC-PkgAC-240to759-New-EER-10.8/instance-out.sql,2268480.93,417382.89
CZ15/ECC&0&cDXGF&New&dxAC_equip/NE-dxAC-PkgAC-240to759-New-EER-11.5/instance-out.sql,2236047.26,417382.89
CZ15/ECC&0&cDXGF&New&dxAC_equip/NE-dxAC-PkgAC-240to759-New-EER-12.5/instance-out.sql,2196686.07,417382.89
CZ15/ECC&0&cDXGF&New&dxAC_equip/NE-dxAC-PkgAC-gt760-New-EER-9.5/instance-out.sql,2308477.99,417382.89
CZ15/ECC&0&cDXGF&New&dxAC_equip/NE-dxAC-PkgAC-gt760-New-EER-10.2/instance-out.sql,2269765.02,417382.89
CZ15/ECC&0&cDXGF&New&dxAC_equip/NE-dxAC-PkgAC-gt760-New-EER-11.0/instance-out.sql,2232690.92,417382.89
CZ15/ECC&0&cDXGF&New&dxAC_equip/NE-dxAC-PkgAC-gt760-New-EER-12.0/instance-out.sql,2191973.85,417382.89
CZ15/EPr&0&cDXGF&New&dxAC_equip/NE-dxAC-PkgAC-65to134-New-EER-11.0/instance-out.sql,291362.48,113266.34
CZ15/EPr&0&cDXGF&New&dxAC_equip/NE-dxAC-PkgAC-65to134-New-EER-11.5/instance-out.sql,287354.12,113266.34
CZ15/EPr&0&cDXGF&New&dxAC_equip/NE-dxAC-PkgAC-65to134-New-EER-12.0/instance-out.sql,283674.94,113266.34
CZ15/EPr&0&cDXGF&New&dxAC_equip/NE-dxAC-PkgAC-65to134-New-EER-12.5/instance-out.sql,280286.01,113266.34
CZ15/EPr&0&cDXGF&New&dxAC_equip/NE-dxAC-PkgAC-65to134-New-EER-13.0/instance-out.sql,276977.43,113266.34
CZ15/EPr&0&cDXGF&New&dxAC_equip/NE-dxAC-PkgAC-135to239-New-EER-10.8/instance-out.sql,291116.79,113266.34
CZ15/EPr&0&cDXGF&New&dxAC_equip/NE-dxAC-PkgAC-135to239-New-EER-11.5/instance-out.sql,285367.94,113266.34
CZ15/EPr&0&cDXGF&New&dxAC_equip/NE-dxAC-PkgAC-135to239-New-EER-12.0/instance-out.sql,281846.87,113266.34
CZ15/EPr&0&cDXGF&New&dxAC_equip/NE-dxAC-PkgAC-135to239-New-EER-12.5/instance-out.sql,278414.56,113266.34
CZ15/EPr&0&cDXGF&New&dxAC_equip/NE-dxAC-PkgAC-240to759-New-EER-9.8/instance-out.sql,293892.40,113266.34
CZ15/EPr&0&cDXGF&New&dxAC_equip/NE-dxAC-PkgAC-240to759-New-EER-10.8/instance-out.sql,285152.67,113266.34
CZ15/EPr&0&cDXGF&New&dxAC_equip/NE-dxAC-PkgAC-240to759-New-EER-11.5/instance-out.sql,279715.52,113266.34
CZ15/EPr&0&cDXGF&New&dxAC_equip/NE-dxAC-PkgAC-240to759-New-EER-12.5/instance-out.sql,273117.03,113266.34
CZ15/EPr&0&cDXGF&New&dxAC_equip/NE-dxAC-PkgAC-gt760-New-EER-9.5/instance-out.sql,291857.75,113266.34
CZ15/EPr&0&cDXGF&New&dxAC_equip/NE-dxAC-PkgAC-gt760-New-EER-10.2/instance-out.sql,285367.94,113266.34
CZ15/EPr&0&cDXGF&New&dxAC_equip/NE-dxAC-PkgAC-gt760-New-EER-11.0/instance-out.sql,279152.86,113266.34
CZ15/EPr&0&cDXGF&New&dxAC_equip/NE-dxAC-PkgAC-gt760-New-EER-12.0/instance-out.sql,272327.08,113266.34
CZ15/ERC&0&cDXGF&New&dxAC_equip/NE-dxAC-PkgAC-65to134-New-EER-11.0/instance-out.sql,11507.47,8808.17
CZ15/ERC&0&cDXGF&New&dxAC_equip/NE-dxAC-PkgAC-65to134-New-EER-11.5/instance-out.sql,11312.44,8808.17
CZ15/ERC&0&cDXGF&New&dxAC_equip/NE-dxAC-PkgAC-65to134-New-EER-12.0/instance-out.sql,11133.43,8808.17
CZ15/ERC&0&cDXGF&New&dxAC_equip/NE-dxAC-PkgAC-65to134-New-EER-12.5/instance-out.sql,10968.54,8808.17
CZ15/ERC&0&cDXGF&New&dxAC_equip/NE-dxAC-PkgAC-65to134-New-EER-13.0/instance-out.sql,10807.55,8808.17
CZ15/ERC&0&cDXGF&New&dxAC_equip/NE-dxAC-PkgAC-135to239-New-EER-10.8/instance-out.sql,11495.52,8808.17
CZ15/ERC&0&cDXGF&New&dxAC_equip/NE-dxAC-PkgAC-135to239-New-EER-11.5/instance-out.sql,11215.80,8808.17
CZ15/ERC&0&cDXGF&New&dxAC_equip/NE-dxAC-PkgAC-135to239-New-EER-12.0/instance-out.sql,11044.48,8808.17
CZ15/ERC&0&cDXGF&New&dxAC_equip/NE-dxAC-PkgAC-135to239-New-EER-12.5/instance-out.sql,10877.48,8808.17
CZ15/ERC&0&cDXGF&New&dxAC_equip/NE-dxAC-PkgAC-240to759-New-EER-9.8/instance-out.sql,11630.57,8808.17
CZ15/ERC&0&cDXGF&New&dxAC_equip/NE-dxAC-PkgAC-240to759-New-EER-10.8/instance-out.sql,11205.33,8808.17
CZ15/ERC&0&cDXGF&New&dxAC_equip/NE-dxAC-PkgAC-240to759-New-EER-11.5/instance-out.sql,10940.78,8808.17
CZ15/ERC&0&cDXGF&New&dxAC_equip/NE-dxAC-PkgAC-240to759-New-EER-12.5/instance-out.sql,10619.72,8808.17
CZ15/ERC&0&cDXGF&New&dxAC_equip/NE-dxAC-PkgAC-gt760-New-EER-9.5/instance-out.sql,11531.57,8808.17
CZ15/ERC&0&cDXGF&New&dxAC_equip/NE-dxAC-PkgAC-gt760-New-EER-10.2/instance-out.sql,11215.80,8808.17
CZ15/ERC&0&cDXGF&New&dxAC_equip/NE-dxAC-PkgAC-gt760-New-EER-11.0/instance-out.sql,10913.40,8808.17
CZ15/ERC&0&cDXGF&New&dxAC_equip/NE-dxAC-PkgAC-gt760-New-EER-12.0/instance-out.sql,10581.29,8808.17
CZ15/ESe&0&cDXGF&New&dxAC_equip/NE-dxAC-PkgAC-65to134-New-EER-11.0/instance-out.sql,867588.69,264366.65
CZ15/ESe&0&cDXGF&New&dxAC_equip/NE-dxAC-PkgAC-65to134-New-EER-11.5/instance-out.sql,863444.23,264366.65
CZ15/ESe&0&cDXGF&New&dxAC_equip/NE-dxAC-PkgAC-65to134-New-EER-12.0/instance-out.sql,859640.13,264366.65
CZ15/ESe&0&cDXGF&New&dxAC_equip/NE-dxAC-PkgAC-65to134-New-EER-12.5/instance-out.sql,856136.13,264366.65
CZ15/ESe&0&cDXGF&New&dxAC_equip/NE-dxAC-PkgAC-65to134-New-EER-13.0/instance-out.sql,852715.22,264366.65
CZ15/ESe&0&cDXGF&New&dxAC_equip/NE-dxAC-PkgAC-135to239-New-EER-10.8/instance-out.sql,867334.66,264366.65
CZ15/ESe&0&cDXGF&New&dxAC_equip/NE-dxAC-PkgAC-135to239-New-EER-11.5/instance-out.sql,861390.61,264366.65
CZ15/ESe&0&cDXGF&New&dxAC_equip/NE-dxAC-PkgAC-135to239-New-EER-12.0/instance-out.sql,857749.99,264366.65
CZ15/ESe&0&cDXGF&New&dxAC_equip/NE-dxAC-PkgAC-135to239-New-EER-12.5/instance-out.sql,854201.15,264366.65
CZ15/ESe&0&cDXGF&New&dxAC_equip/NE-dxAC-PkgAC-240to759-New-EER-9.8/instance-out.sql,870204.50,264366.65
CZ15/ESe&0&cDXGF&New&dxAC_equip/NE-dxAC-PkgAC-240to759-New-EER-10.8/instance-out.sql,861168.04,264366.65
CZ15/ESe&0&cDXGF&New&dxAC_equip/NE-dxAC-PkgAC-240to759-New-EER-11.5/instance-out.sql,855546.27,264366.65
CZ15/ESe&0&cDXGF&New&dxAC_equip/NE-dxAC-PkgAC-240to759-New-EER-12.5/instance-out.sql,848723.75,264366.65
CZ15/ESe&0&cDXGF&New&dxAC_equip/NE-dxAC-PkgAC-gt760-New-EER-9.5/instance-out.sql,868100.78,264366.65
CZ15/ESe&0&cDXGF&New&dxAC_equip/NE-dxAC-PkgAC-gt760-New-EER-10.2/instance-out.sql,861390.61,264366.65
CZ15/ESe&0&cDXGF&New&dxAC_equip/NE-dxAC-PkgAC-gt760-New-EER-11.0/instance-out.sql,854964.51,264366.65
CZ15/ESe&0&cDXGF&New&dxAC_equip/NE-dxAC-PkgAC-gt760-New-EER-12.0/instance-out.sql,847906.98,264366.65
CZ15/EUn&0&cDXGF&New&dxAC_equip/NE-dxAC-PkgAC-65to134-New-EER-11.0/instance-out.sql,7736257.57,741821.00
CZ15/EUn&0&cDXGF&New&dxAC_equip/NE-dxAC-PkgAC-65to134-New-EER-11.5/instance-out.sql,7674559.33,741821.00
CZ15/EUn&0&cDXGF&New&dxAC_equip/NE-dxAC-PkgAC-65to134-New-EER-12.0/instance-out.sql,7617928.10,741821.00
CZ15/EUn&0&cDXGF&New&dxAC_equip/NE-dxAC-PkgAC-65to134-New-EER-12.5/instance-out.sql,7565764.30,741821.00
CZ15/EUn&0&cDXGF&New&dxAC_equip/NE-dxAC-PkgAC-65to134-New-EER-13.0/instance-out.sql,7514837.45,741821.00
CZ15/EUn&0&cDXGF&New&dxAC_equip/NE-dxAC-PkgAC-135to239-New-EER-10.8/instance-out.sql,7732475.85,741821.00
CZ15/EUn&0&cDXGF&New&dxAC_equip/NE-dxAC-PkgAC-135to239-New-EER-11.5/instance-out.sql,7643987.33,741821.00
CZ15/EUn&0&cDXGF&New&dxAC_equip/NE-dxAC-PkgAC-135to239-New-EER-12.0/instance-out.sql,7589789.68,741821.00
CZ15/EUn&0&cDXGF&New&dxAC_equip/NE-dxAC-PkgAC-135to239-New-EER-12.5/instance-out.sql,7536958.36,741821.00
CZ15/EUn&0&cDXGF&New&dxAC_equip/NE-dxAC-PkgAC-240to759-New-EER-9.8/instance-out.sql,7775199.06,741821.00
CZ15/EUn&0&cDXGF&New&dxAC_equip/NE-dxAC-PkgAC-240to759-New-EER-10.8/instance-out.sql,7640673.90,741821.00
CZ15/EUn&0&cDXGF&New&dxAC_equip/NE-dxAC-PkgAC-240to759-New-EER-11.5/instance-out.sql,7556983.14,741821.00
CZ15/EUn&0&cDXGF&New&dxAC_equip/NE-dxAC-PkgAC-240to759-New-EER-12.5/instance-out.sql,7455416.80,741821.00
CZ15/EUn&0&cDXGF&New&dxAC_equip/NE-dxAC-PkgAC-gt760-New-EER-9.5/instance-out.sql,7743881.03,741821.00
CZ15/EUn&0&cDXGF&New&dxAC_equip/NE-dxAC-PkgAC-gt760-New-EER-10.2/instance-out.sql,7643987.33,741821.00
CZ15/EUn&0&cDXGF&New&dxAC_equip/NE-dxAC-PkgAC-gt760-New-EER-11.0/instance-out.sql,7548322.54,741821.00
CZ15/EUn&0&cDXGF&New&dxAC_equip/NE-dxAC-PkgAC-gt760-New-EER-12.0/instance-out.sql,7443257.53,741821.00
CZ15/Gro&0&cDXGF&New&dxAC_equip/NE-dxAC-PkgAC-65to134-New-EER-11.0/instance-out.sql,2108033.55,78628.04
CZ15/Gro&0&cDXGF&New&dxAC_equip/NE-dxAC-PkgAC-65to134-New-EER-11.5/instance-out.sql,2102235.80,78628.04
CZ15/Gro&0&cDXGF&New&dxAC_equip/NE-dxAC-PkgAC-65to134-New-EER-12.0/instance-out.sql,2096914.19,78628.04
CZ15/Gro&0&cDXGF&New&dxAC_equip/NE-dxAC-PkgAC-65to134-New-EER-12.5/instance-out.sql,2092012.39,78628.04
CZ15/Gro&0&cDXGF&New&dxAC_equip/NE-dxAC-PkgAC-65to134-New-EER-13.0/instance-out.sql,2087226.82,78628.04
CZ15/Gro&0&cDXGF&New&dxAC_equip/NE-dxAC-PkgAC-135to239-New-EER-10.8/instance-out.sql,2107678.18,78628.04
CZ15/Gro&0&cDXGF&New&dxAC_equip/NE-dxAC-PkgAC-135to239-New-EER-11.5/instance-out.sql,2099362.96,78628.04
CZ15/Gro&0&cDXGF&New&dxAC_equip/NE-dxAC-PkgAC-135to239-New-EER-12.0/instance-out.sql,2094270.04,78628.04
CZ15/Gro&0&cDXGF&New&dxAC_equip/NE-dxAC-PkgAC-135to239-New-EER-12.5/instance-out.sql,2089305.51,78628.04
CZ15/Gro&0&cDXGF&New&dxAC_equip/NE-dxAC-PkgAC-240to759-New-EER-9.8/instance-out.sql,2111692.86,78628.04
CZ15/Gro&0&cDXGF&New&dxAC_equip/NE-dxAC-PkgAC-240to759-New-EER-10.8/instance-out.sql,2099051.60,78628.04
CZ15/Gro&0&cDXGF&New&dxAC_equip/NE-dxAC-PkgAC-240to759-New-EER-11.5/instance-out.sql,2091187.23,78628.04
CZ15/Gro&0&cDXGF&New&dxAC_equip/NE-dxAC-PkgAC-240to759-New-EER-12.5/instance-out.sql,2081643.09,78628.04
CZ15/Gro&0&cDXGF&New&dxAC_equip/NE-dxAC-PkgAC-gt760-New-EER-9.5/instance-out.sql,2108749.92,78628.04
CZ15/Gro&0&cDXGF&New&dxAC_equip/NE-dxAC-PkgAC-gt760-New-EER-10.2/instance-out.sql,2099362.96,78628.04
CZ15/Gro&0&cDXGF&New&dxAC_equip/NE-dxAC-PkgAC-gt760-New-EER-11.0/instance-out.sql,2090373.39,78628.04
CZ15/Gro&0&cDXGF&New&dxAC_equip/NE-dxAC-PkgAC-gt760-New-EER-12.0/instance-out.sql,2080500.49,78628.04
CZ15/Hsp&0&cDXGF&New&dxAC_equip/NE-dxAC-PkgAC-65to134-New-EER-11.0/instance-out.sql,3881207.80,425147.76
CZ15/Hsp&0&cDXGF&New&dxAC_equip/NE-dxAC-PkgAC-65to134-New-EER-11.5/instance-out.sql,3819091.99,373040.13
CZ15/Hsp&0&cDXGF&New&dxAC_equip/NE-dxAC-PkgAC-65to134-New-EER-12.0/instance-out.sql,3809561.98,373040.13
CZ15/Hsp&0&cDXGF&New&dxAC_equip/NE-dxAC-PkgAC-65to134-New-EER-12.5/instance-out.sql,3800783.75,373040.13
CZ15/Hsp&0&cDXGF&New&dxAC_equip/NE-dxAC-PkgAC-65to134-New-EER-13.0/instance-out.sql,3792213.69,373040.13
CZ15/Hsp&0&cDXGF&New&dxAC_equip/NE-dxAC-PkgAC-135to239-New-EER-10.8/instance-out.sql,3828838.30,373040.13
CZ15/Hsp&0&cDXGF&New&dxAC_equip/NE-dxAC-PkgAC-135to239-New-EER-11.5/instance-out.sql,3813947.28,373040.13
CZ15/Hsp&0&cDXGF&New&dxAC_equip/NE-dxAC-PkgAC-135to239-New-EER-12.0/instance-out.sql,3804826.79,373040.13
CZ15/Hsp&0&cDXGF&New&dxAC_equip/NE-dxAC-PkgAC-135to239-New-EER-12.5/instance-out.sql,3795936.24,373040.13
CZ15/Hsp&0&cDXGF&New&dxAC_equip/NE-dxAC-PkgAC-240to759-New-EER-9.8/instance-out.sql,3836027.84,373040.13
CZ15/Hsp&0&cDXGF&New&dxAC_equip/NE-dxAC-PkgAC-240to759-New-EER-10.8/instance-out.sql,3813389.69,373040.13
CZ15/Hsp&0&cDXGF&New&dxAC_equip/NE-dxAC-PkgAC-240to759-New-EER-11.5/instance-out.sql,3799306.04,373040.13
CZ15/Hsp&0&cDXGF&New&dxAC_equip/NE-dxAC-PkgAC-240to759-New-EER-12.5/instance-out.sql,3782214.26,373040.13
CZ15/Hsp&0&cDXGF&New&dxAC_equip/NE-dxAC-PkgAC-gt760-New-EER-9.5/instance-out.sql,3830757.58,373040.13
CZ15/Hsp&0&cDXGF&New&dxAC_equip/NE-dxAC-PkgAC-gt760-New-EER-10.2/instance-out.sql,3813947.28,373040.13
CZ15/Hsp&0&cDXGF&New&dxAC_equip/NE-dxAC-PkgAC-gt760-New-EER-11.0/instance-out.sql,3797848.62,373040.13
CZ15/Hsp&0&cDXGF&New&dxAC_equip/NE-dxAC-PkgAC-gt760-New-EER-12.0/instance-out.sql,3780168.08,373040.13
CZ15/MBT&0&cDXGF&New&dxAC_equip/NE-dxAC-PkgAC-65to134-New-EER-11.0/instance-out.sql,4192310.65,1737220.53
CZ15/MBT&0&cDXGF&New&dxAC_equip/NE-dxAC-PkgAC-65to134-New-EER-11.5/instance-out.sql,4178815.78,1737220.53
CZ15/MBT&0&cDXGF&New&dxAC_equip/NE-dxAC-PkgAC-65to134-New-EER-12.0/instance-out.sql,4166429.19,1737220.53
CZ15/MBT&0&cDXGF&New&dxAC_equip/NE-dxAC-PkgAC-65to134-New-EER-12.5/instance-out.sql,4155019.72,1737220.53
CZ15/MBT&0&cDXGF&New&dxAC_equip/NE-dxAC-PkgAC-65to134-New-EER-13.0/instance-out.sql,4143880.81,1737220.53
CZ15/MBT&0&cDXGF&New&dxAC_equip/NE-dxAC-PkgAC-135to239-New-EER-10.8/instance-out.sql,4191483.50,1737220.53
CZ15/MBT&0&cDXGF&New&dxAC_equip/NE-dxAC-PkgAC-135to239-New-EER-11.5/instance-out.sql,4172128.96,1737220.53
CZ15/MBT&0&cDXGF&New&dxAC_equip/NE-dxAC-PkgAC-135to239-New-EER-12.0/instance-out.sql,4160274.65,1737220.53
CZ15/MBT&0&cDXGF&New&dxAC_equip/NE-dxAC-PkgAC-135to239-New-EER-12.5/instance-out.sql,4148719.18,1737220.53
CZ15/MBT&0&cDXGF&New&dxAC_equip/NE-dxAC-PkgAC-240to759-New-EER-9.8/instance-out.sql,4200828.08,1737220.53
CZ15/MBT&0&cDXGF&New&dxAC_equip/NE-dxAC-PkgAC-240to759-New-EER-10.8/instance-out.sql,4171404.23,1737220.53
CZ15/MBT&0&cDXGF&New&dxAC_equip/NE-dxAC-PkgAC-240to759-New-EER-11.5/instance-out.sql,4153099.07,1737220.53
CZ15/MBT&0&cDXGF&New&dxAC_equip/NE-dxAC-PkgAC-240to759-New-EER-12.5/instance-out.sql,4130884.10,1737220.53
CZ15/MBT&0&cDXGF&New&dxAC_equip/NE-dxAC-PkgAC-gt760-New-EER-9.5/instance-out.sql,4193978.09,1737220.53
CZ15/MBT&0&cDXGF&New&dxAC_equip/NE-dxAC-PkgAC-gt760-New-EER-10.2/instance-out.sql,4172128.96,1737220.53
CZ15/MBT&0&cDXGF&New&dxAC_equip/NE-dxAC-PkgAC-gt760-New-EER-11.0/instance-out.sql,4151204.79,1737220.53
CZ15/MBT&0&cDXGF&New&dxAC_equip/NE-dxAC-PkgAC-gt760-New-EER-12.0/instance-out.sql,4128224.58,1737220.53
CZ15/MLI&0&cDXGF&New&dxAC_equip/NE-dxAC-PkgAC-65to134-New-EER-11.0/instance-out.sql,931284.83,51906.65
CZ15/MLI&0&cDXGF&New&dxAC_equip/NE-dxAC-PkgAC-65to134-New-EER-11.5/instance-out.sql,919072.42,51906.65
CZ15/MLI&0&cDXGF&New&dxAC_equip/NE-dxAC-PkgAC-65to134-New-EER-12.0/instance-out.sql,907862.97,51906.65
CZ15/MLI&0&cDXGF&New&dxAC_equip/NE-dxAC-PkgAC-65to134-New-EER-12.5/instance-out.sql,897537.79,51906.65
CZ15/MLI&0&cDXGF&New&dxAC_equip/NE-dxAC-PkgAC-65to134-New-EER-13.0/instance-out.sql,887457.45,51906.65
CZ15/MLI&0&cDXGF&New&dxAC_equip/NE-dxAC-PkgAC-135to239-New-EER-10.8/instance-out.sql,930536.28,51906.65
CZ15/MLI&0&cDXGF&New&dxAC_equip/NE-dxAC-PkgAC-135to239-New-EER-11.5/instance-out.sql,913021.07,51906.65
CZ15/MLI&0&cDXGF&New&dxAC_equip/NE-dxAC-PkgAC-135to239-New-EER-12.0/instance-out.sql,902293.32,51906.65
CZ15/MLI&0&cDXGF&New&dxAC_equip/NE-dxAC-PkgAC-135to239-New-EER-12.5/instance-out.sql,891836.01,51906.65
CZ15/MLI&0&cDXGF&New&dxAC_equip/NE-dxAC-PkgAC-240to759-New-EER-9.8/instance-out.sql,938992.81,51906.65
CZ15/MLI&0&cDXGF&New&dxAC_equip/NE-dxAC-PkgAC-240to759-New-EER-10.8/instance-out.sql,912365.22,51906.65
CZ15/MLI&0&cDXGF&New&dxAC_equip/NE-dxAC-PkgAC-240to759-New-EER-11.5/instance-out.sql,895799.67,51906.65
CZ15/MLI&0&cDXGF&New&dxAC_equip/NE-dxAC-PkgAC-240to759-New-EER-12.5/instance-out.sql,875695.87,51906.65
CZ15/MLI&0&cDXGF&New&dxAC_equip/NE-dxAC-PkgAC-gt760-New-EER-9.5/instance-out.sql,932793.80,51906.65
CZ15/MLI&0&cDXGF&New&dxAC_equip/NE-dxAC-PkgAC-gt760-New-EER-10.2/instance-out.sql,913021.07,51906.65
CZ15/MLI&0&cDXGF&New&dxAC_equip/NE-dxAC-PkgAC-gt760-New-EER-11.0/instance-out.sql,894085.41,51906.65
CZ15/MLI&0&cDXGF&New&dxAC_equip/NE-dxAC-PkgAC-gt760-New-EER-12.0/instance-out.sql,873289.09,51906.65
CZ15/Mtl&0&cDXGF&New&dxAC_equip/NE-dxAC-PkgAC-65to134-New-EER-11.0/instance-out.sql,205321.06,10257.50
CZ15/Mtl&0&cDXGF&New&dxAC_equip/NE-dxAC-PkgAC-65to134-New-EER-11.5/instance-out.sql,202364.37,10257.50
CZ15/Mtl&0&cDXGF&New&dxAC_equip/NE-dxAC-PkgAC-65to134-New-EER-12.0/instance-out.sql,199650.49,10257.50
CZ15/Mtl&0&cDXGF&New&dxAC_equip/NE-dxAC-PkgAC-65to134-New-EER-12.5/instance-out.sql,197150.70,10257.50
CZ15/Mtl&0&cDXGF&New&dxAC_equip/NE-dxAC-PkgAC-65to134-New-EER-13.0/instance-out.sql,194710.19,10257.50
CZ15/Mtl&0&cDXGF&New&dxAC_equip/NE-dxAC-PkgAC-135to239-New-EER-10.8/instance-out.sql,205139.84,10257.50
CZ15/Mtl&0&cDXGF&New&dxAC_equip/NE-dxAC-PkgAC-135to239-New-EER-11.5/instance-out.sql,200899.30,10257.50
CZ15/Mtl&0&cDXGF&New&dxAC_equip/NE-dxAC-PkgAC-135to239-New-EER-12.0/instance-out.sql,198302.04,10257.50
CZ15/Mtl&0&cDXGF&New&dxAC_equip/NE-dxAC-PkgAC-135to239-New-EER-12.5/instance-out.sql,195770.26,10257.50
CZ15/Mtl&0&cDXGF&New&dxAC_equip/NE-dxAC-PkgAC-240to759-New-EER-9.8/instance-out.sql,207187.21,10257.50
CZ15/Mtl&0&cDXGF&New&dxAC_equip/NE-dxAC-PkgAC-240to759-New-EER-10.8/instance-out.sql,200740.51,10257.50
CZ15/Mtl&0&cDXGF&New&dxAC_equip/NE-dxAC-PkgAC-240to759-New-EER-11.5/instance-out.sql,196729.89,10257.50
CZ15/Mtl&0&cDXGF&New&dxAC_equip/NE-dxAC-PkgAC-240to759-New-EER-12.5/instance-out.sql,191862.63,10257.50
CZ15/Mtl&0&cDXGF&New&dxAC_equip/NE-dxAC-PkgAC-gt760-New-EER-9.5/instance-out.sql,205686.39,10257.50
CZ15/Mtl&0&cDXGF&New&dxAC_equip/NE-dxAC-PkgAC-gt760-New-EER-10.2/instance-out.sql,200899.30,10257.50
CZ15/Mtl&0&cDXGF&New&dxAC_equip/NE-dxAC-PkgAC-gt760-New-EER-11.0/instance-out.sql,196314.86,10257.50
CZ15/Mtl&0&cDXGF&New&dxAC_equip/NE-dxAC-PkgAC-gt760-New-EER-12.0/instance-out.sql,191279.94,10257.50
CZ15/Nrs&0&cDXGF&New&dxAC_equip/NE-dxAC-PkgAC-65to134-New-EER-11.0/instance-out.sql,770351.37,188425.64
CZ15/Nrs&0&cDXGF&New&dxAC_equip/NE-dxAC-PkgAC-65to134-New-EER-11.5/instance-out.sql,766187.18,188425.64
CZ15/Nrs&0&cDXGF&New&dxAC_equip/NE-dxAC-PkgAC-65to134-New-EER-12.0/instance-out.sql,762364.98,188425.64
CZ15/Nrs&0&cDXGF&New&dxAC_equip/NE-dxAC-PkgAC-65to134-New-EER-12.5/instance-out.sql,758844.30,188425.64
CZ15/Nrs&0&cDXGF&New&dxAC_equip/NE-dxAC-PkgAC-65to134-New-EER-13.0/instance-out.sql,755407.10,188425.64
CZ15/Nrs&0&cDXGF&New&dxAC_equip/NE-dxAC-PkgAC-135to239-New-EER-10.8/instance-out.sql,770096.13,188425.64
CZ15/Nrs&0&cDXGF&New&dxAC_equip/NE-dxAC-PkgAC-135to239-New-EER-11.5/instance-out.sql,764123.79,188425.64
CZ15/Nrs&0&cDXGF&New&dxAC_equip/NE-dxAC-PkgAC-135to239-New-EER-12.0/instance-out.sql,760465.84,188425.64
CZ15/Nrs&0&cDXGF&New&dxAC_equip/NE-dxAC-PkgAC-135to239-New-EER-12.5/instance-out.sql,756900.10,188425.64
CZ15/Nrs&0&cDXGF&New&dxAC_equip/NE-dxAC-PkgAC-240to759-New-EER-9.8/instance-out.sql,772979.65,188425.64
CZ15/Nrs&0&cDXGF&New&dxAC_equip/NE-dxAC-PkgAC-240to759-New-EER-10.8/instance-out.sql,763900.16,188425.64
CZ15/Nrs&0&cDXGF&New&dxAC_equip/NE-dxAC-PkgAC-240to759-New-EER-11.5/instance-out.sql,758251.63,188425.64
CZ15/Nrs&0&cDXGF&New&dxAC_equip/NE-dxAC-PkgAC-240to759-New-EER-12.5/instance-out.sql,751396.63,188425.64
CZ15/Nrs&0&cDXGF&New&dxAC_equip/NE-dxAC-PkgAC-gt760-New-EER-9.5/instance-out.sql,770865.90,188425.64
CZ15/Nrs&0&cDXGF&New&dxAC_equip/NE-dxAC-PkgAC-gt760-New-EER-10.2/instance-out.sql,764123.79,188425.64
CZ15/Nrs&0&cDXGF&New&dxAC_equip/NE-dxAC-PkgAC-gt760-New-EER-11.0/instance-out.sql,757667.10,188425.64
CZ15/Nrs&0&cDXGF&New&dxAC_equip/NE-dxAC-PkgAC-gt760-New-EER-12.0/instance-out.sql,750575.97,188425.64
CZ15/OfL&0&cDXGF&New&dxAC_equip/NE-dxAC-PkgAC-65to134-New-EER-11.0/instance-out.sql,2418704.29,110505.81
CZ15/OfL&0&cDXGF&New&dxAC_equip/NE-dxAC-PkgAC-65to134-New-EER-11.5/instance-out.sql,2395782.84,110505.81
CZ15/OfL&0&cDXGF&New&dxAC_equip/NE-dxAC-PkgAC-65to134-New-EER-12.0/instance-out.sql,2374743.83,110505.81
CZ15/OfL&0&cDXGF&New&dxAC_equip/NE-dxAC-PkgAC-65to134-New-EER-12.5/instance-out.sql,2355364.51,110505.81
CZ15/OfL&0&cDXGF&New&dxAC_equip/NE-dxAC-PkgAC-65to134-New-EER-13.0/instance-out.sql,2336444.73,110505.81
CZ15/OfL&0&cDXGF&New&dxAC_equip/NE-dxAC-PkgAC-135to239-New-EER-10.8/instance-out.sql,2417299.34,110505.81
CZ15/OfL&0&cDXGF&New&dxAC_equip/NE-dxAC-PkgAC-135to239-New-EER-11.5/instance-out.sql,2384425.07,110505.81
CZ15/OfL&0&cDXGF&New&dxAC_equip/NE-dxAC-PkgAC-135to239-New-EER-12.0/instance-out.sql,2364290.15,110505.81
CZ15/OfL&0&cDXGF&New&dxAC_equip/NE-dxAC-PkgAC-135to239-New-EER-12.5/instance-out.sql,2344662.85,110505.81
CZ15/OfL&0&cDXGF&New&dxAC_equip/NE-dxAC-PkgAC-240to759-New-EER-9.8/instance-out.sql,2433171.40,110505.81
CZ15/OfL&0&cDXGF&New&dxAC_equip/NE-dxAC-PkgAC-240to759-New-EER-10.8/instance-out.sql,2383194.10,110505.81
CZ15/OfL&0&cDXGF&New&dxAC_equip/NE-dxAC-PkgAC-240to759-New-EER-11.5/instance-out.sql,2352102.23,110505.81
CZ15/OfL&0&cDXGF&New&dxAC_equip/NE-dxAC-PkgAC-240to759-New-EER-12.5/instance-out.sql,2314369.43,110505.81
CZ15/OfL&0&cDXGF&New&dxAC_equip/NE-dxAC-PkgAC-gt760-New-EER-9.5/instance-out.sql,2421536.47,110505.81
CZ15/OfL&0&cDXGF&New&dxAC_equip/NE-dxAC-PkgAC-gt760-New-EER-10.2/instance-out.sql,2384425.07,110505.81
CZ15/OfL&0&cDXGF&New&dxAC_equip/NE-dxAC-PkgAC-gt760-New-EER-11.0/instance-out.sql,2348884.74,110505.81
CZ15/OfL&0&cDXGF&New&dxAC_equip/NE-dxAC-PkgAC-gt760-New-EER-12.0/instance-out.sql,2309852.15,110505.81
CZ15/OfS&0&cDXGF&New&dxAC_equip/NE-dxAC-PkgAC-65to134-New-EER-11.0/instance-out.sql,114806.32,18268.76
CZ15/OfS&0&cDXGF&New&dxAC_equip/NE-dxAC-PkgAC-65to134-New-EER-11.5/instance-out.sql,113236.67,18268.76
CZ15/OfS&0&cDXGF&New&dxAC_equip/NE-dxAC-PkgAC-65to134-New-EER-12.0/instance-out.sql,111795.94,18268.76
CZ15/OfS&0&cDXGF&New&dxAC_equip/NE-dxAC-PkgAC-65to134-New-EER-12.5/instance-out.sql,110468.85,18268.76
CZ15/OfS&0&cDXGF&New&dxAC_equip/NE-dxAC-PkgAC-65to134-New-EER-13.0/instance-out.sql,109173.24,18268.76
CZ15/OfS&0&cDXGF&New&dxAC_equip/NE-dxAC-PkgAC-135to239-New-EER-10.8/instance-out.sql,114710.11,18268.76
CZ15/OfS&0&cDXGF&New&dxAC_equip/NE-dxAC-PkgAC-135to239-New-EER-11.5/instance-out.sql,112458.90,18268.76
CZ15/OfS&0&cDXGF&New&dxAC_equip/NE-dxAC-PkgAC-135to239-New-EER-12.0/instance-out.sql,111080.08,18268.76
CZ15/OfS&0&cDXGF&New&dxAC_equip/NE-dxAC-PkgAC-135to239-New-EER-12.5/instance-out.sql,109736.01,18268.76
CZ15/OfS&0&cDXGF&New&dxAC_equip/NE-dxAC-PkgAC-240to759-New-EER-9.8/instance-out.sql,115797.02,18268.76
CZ15/OfS&0&cDXGF&New&dxAC_equip/NE-dxAC-PkgAC-240to759-New-EER-10.8/instance-out.sql,112374.61,18268.76
CZ15/OfS&0&cDXGF&New&dxAC_equip/NE-dxAC-PkgAC-240to759-New-EER-11.5/instance-out.sql,110245.46,18268.76
CZ15/OfS&0&cDXGF&New&dxAC_equip/NE-dxAC-PkgAC-240to759-New-EER-12.5/instance-out.sql,107661.54,18268.76
CZ15/OfS&0&cDXGF&New&dxAC_equip/NE-dxAC-PkgAC-gt760-New-EER-9.5/instance-out.sql,115000.26,18268.76
CZ15/OfS&0&cDXGF&New&dxAC_equip/NE-dxAC-PkgAC-gt760-New-EER-10.2/instance-out.sql,112458.90,18268.76
CZ15/OfS&0&cDXGF&New&dxAC_equip/NE-dxAC-PkgAC-gt760-New-EER-11.0/instance-out.sql,110025.12,18268.76
CZ15/OfS&0&cDXGF&New&dxAC_equip/NE-dxAC-PkgAC-gt760-New-EER-12.0/instance-out.sql,107352.20,18268.76
CZ15/RFF&0&cDXGF&New&dxAC_equip/NE-dxAC-PkgAC-65to134-New-EER-11.0/instance-out.sql,63952.72,41028.82
CZ15/RFF&0&cDXGF&New&dxAC_equip/NE-dxAC-PkgAC-65to134-New-EER-11.5/instance-out.sql,63410.50,41028.82
CZ15/RFF&0&cDXGF&New&dxAC_equip/NE-dxAC-PkgAC-65to134-New-EER-12.0/instance-out.sql,62912.81,41028.82
CZ15/RFF&0&cDXGF&New&dxAC_equip/NE-dxAC-PkgAC-65to134-New-EER-12.5/instance-out.sql,62454.38,41028.82
CZ15/RFF&0&cDXGF&New&dxAC_equip/NE-dxAC-PkgAC-65to134-New-EER-13.0/instance-out.sql,62006.81,41028.82
CZ15/RFF&0&cDXGF&New&dxAC_equip/NE-dxAC-PkgAC-135to239-New-EER-10.8/instance-out.sql,63919.49,41028.82
CZ15/RFF&0&cDXGF&New&dxAC_equip/NE-dxAC-PkgAC-135to239-New-EER-11.5/instance-out.sql,63141.82,41028.82
CZ15/RFF&0&cDXGF&New&dxAC_equip/NE-dxAC-PkgAC-135to239-New-EER-12.0/instance-out.sql,62665.52,41028.82
CZ15/RFF&0&cDXGF&New&dxAC_equip/NE-dxAC-PkgAC-135to239-New-EER-12.5/instance-out.sql,62201.22,41028.82
CZ15/RFF&0&cDXGF&New&dxAC_equip/NE-dxAC-PkgAC-240to759-New-EER-9.8/instance-out.sql,64294.95,41028.82
CZ15/RFF&0&cDXGF&New&dxAC_equip/NE-dxAC-PkgAC-240to759-New-EER-10.8/instance-out.sql,63112.70,41028.82
CZ15/RFF&0&cDXGF&New&dxAC_equip/NE-dxAC-PkgAC-240to759-New-EER-11.5/instance-out.sql,62377.20,41028.82
CZ15/RFF&0&cDXGF&New&dxAC_equip/NE-dxAC-PkgAC-240to759-New-EER-12.5/instance-out.sql,61484.61,41028.82
CZ15/RFF&0&cDXGF&New&dxAC_equip/NE-dxAC-PkgAC-gt760-New-EER-9.5/instance-out.sql,64019.72,41028.82
CZ15/RFF&0&cDXGF&New&dxAC_equip/NE-dxAC-PkgAC-gt760-New-EER-10.2/instance-out.sql,63141.82,41028.82
CZ15/RFF&0&cDXGF&New&dxAC_equip/NE-dxAC-PkgAC-gt760-New-EER-11.0/instance-out.sql,62301.09,41028.82
CZ15/RFF&0&cDXGF&New&dxAC_equip/NE-dxAC-PkgAC-gt760-New-EER-12.0/instance-out.sql,61377.75,41028.82
CZ15/RSD&0&cDXGF&New&dxAC_equip/NE-dxAC-PkgAC-65to134-New-EER-11.0/instance-out.sql,141066.45,121659.20
CZ15/RSD&0&cDXGF&New&dxAC_equip/NE-dxAC-PkgAC-65to134-New-EER-11.5/instance-out.sql,140772.39,121659.20
CZ15/RSD&0&cDXGF&New&dxAC_equip/NE-dxAC-PkgAC-65to134-New-EER-12.0/instance-out.sql,140502.48,121659.20
CZ15/RSD&0&cDXGF&New&dxAC_equip/NE-dxAC-PkgAC-65to134-New-EER-12.5/instance-out.sql,140253.86,121659.20
CZ15/RSD&0&cDXGF&New&dxAC_equip/NE-dxAC-PkgAC-65to134-New-EER-13.0/instance-out.sql,140011.14,121659.20
CZ15/RSD&0&cDXGF&New&dxAC_equip/NE-dxAC-PkgAC-135to239-New-EER-10.8/instance-out.sql,141048.43,121659.20
CZ15/RSD&0&cDXGF&New&dxAC_equip/NE-dxAC-PkgAC-135to239-New-EER-11.5/instance-out.sql,140626.68,121659.20
CZ15/RSD&0&cDXGF&New&dxAC_equip/NE-dxAC-PkgAC-135to239-New-EER-12.0/instance-out.sql,140368.37,121659.20
CZ15/RSD&0&cDXGF&New&dxAC_equip/NE-dxAC-PkgAC-135to239-New-EER-12.5/instance-out.sql,140116.57,121659.20
CZ15/RSD&0&cDXGF&New&dxAC_equip/NE-dxAC-PkgAC-240to759-New-EER-9.8/instance-out.sql,141252.05,121659.20
CZ15/RSD&0&cDXGF&New&dxAC_equip/NE-dxAC-PkgAC-240to759-New-EER-10.8/instance-out.sql,140610.89,121659.20
CZ15/RSD&0&cDXGF&New&dxAC_equip/NE-dxAC-PkgAC-240to759-New-EER-11.5/instance-out.sql,140212.01,121659.20
CZ15/RSD&0&cDXGF&New&dxAC_equip/NE-dxAC-PkgAC-240to759-New-EER-12.5/instance-out.sql,139727.93,121659.20
CZ15/RSD&0&cDXGF&New&dxAC_equip/NE-dxAC-PkgAC-gt760-New-EER-9.5/instance-out.sql,141102.79,121659.20
CZ15/RSD&0&cDXGF&New&dxAC_equip/NE-dxAC-PkgAC-gt760-New-EER-10.2/instance-out.sql,140626.68,121659.20
CZ15/RSD&0&cDXGF&New&dxAC_equip/NE-dxAC-PkgAC-gt760-New-EER-11.0/instance-out.sql,140170.73,121659.20
CZ15/RSD&0&cDXGF&New&dxAC_equip/NE-dxAC-PkgAC-gt760-New-EER-12.0/instance-out.sql,139669.98,121659.20
CZ15/Rt3&0&cDXGF&New&dxAC_equip/NE-dxAC-PkgAC-65to134-New-EER-11.0/instance-out.sql,1792065.03,139036.70
CZ15/Rt3&0&cDXGF&New&dxAC_equip/NE-dxAC-PkgAC-65to134-New-EER-11.5/instance-out.sql,1770029.79,139036.70
CZ15/Rt3&0&cDXGF&New&dxAC_equip/NE-dxAC-PkgAC-65to134-New-EER-12.0/instance-out.sql,1749804.21,139036.70
CZ15/Rt3&0&cDXGF&New&dxAC_equip/NE-dxAC-PkgAC-65to134-New-EER-12.5/instance-out.sql,1731174.16,139036.70
CZ15/Rt3&0&cDXGF&New&dxAC_equip/NE-dxAC-PkgAC-65to134-New-EER-13.0/instance-out.sql,1712985.87,139036.70
CZ15/Rt3&0&cDXGF&New&dxAC_equip/NE-dxAC-PkgAC-135to239-New-EER-10.8/instance-out.sql,1790714.41,139036.70
CZ15/Rt3&0&cDXGF&New&dxAC_equip/NE-dxAC-PkgAC-135to239-New-EER-11.5/instance-out.sql,1759111.15,139036.70
CZ15/Rt3&0&cDXGF&New&dxAC_equip/NE-dxAC-PkgAC-135to239-New-EER-12.0/instance-out.sql,1739754.71,139036.70
CZ15/Rt3&0&cDXGF&New&dxAC_equip/NE-dxAC-PkgAC-135to239-New-EER-12.5/instance-out.sql,1720886.25,139036.70
CZ15/Rt3&0&cDXGF&New&dxAC_equip/NE-dxAC-PkgAC-240to759-New-EER-9.8/instance-out.sql,1805972.80,139036.70
CZ15/Rt3&0&cDXGF&New&dxAC_equip/NE-dxAC-PkgAC-240to759-New-EER-10.8/instance-out.sql,1757927.77,139036.70
CZ15/Rt3&0&cDXGF&New&dxAC_equip/NE-dxAC-PkgAC-240to759-New-EER-11.5/instance-out.sql,1728038.00,139036.70
CZ15/Rt3&0&cDXGF&New&dxAC_equip/NE-dxAC-PkgAC-240to759-New-EER-12.5/instance-out.sql,1691764.06,139036.70
CZ15/Rt3&0&cDXGF&New&dxAC_equip/NE-dxAC-PkgAC-gt760-New-EER-9.5/instance-out.sql,1794787.71,139036.70
CZ15/Rt3&0&cDXGF&New&dxAC_equip/NE-dxAC-PkgAC-gt760-New-EER-10.2/instance-out.sql,1759111.15,139036.70
CZ15/Rt3&0&cDXGF&New&dxAC_equip/NE-dxAC-PkgAC-gt760-New-EER-11.0/instance-out.sql,1724944.91,139036.70
CZ15/Rt3&0&cDXGF&New&dxAC_equip/NE-dxAC-PkgAC-gt760-New-EER-12.0/instance-out.sql,1687421.44,139036.70
CZ15/RtL&0&cDXGF&New&dxAC_equip/NE-dxAC-PkgAC-65to134-New-EER-11.0/instance-out.sql,1820034.65,143261.66
CZ15/RtL&0&cDXGF&New&dxAC_equip/NE-dxAC-PkgAC-65to134-New-EER-11.5/instance-out.sql,1797866.00,143261.66
CZ15/RtL&0&cDXGF&New&dxAC_equip/NE-dxAC-PkgAC-65to134-New-EER-12.0/instance-out.sql,1777517.96,143261.66
CZ15/RtL&0&cDXGF&New&dxAC_equip/NE-dxAC-PkgAC-65to134-New-EER-12.5/instance-out.sql,1758775.11,143261.66
CZ15/RtL&0&cDXGF&New&dxAC_equip/NE-dxAC-PkgAC-65to134-New-EER-13.0/instance-out.sql,1740476.70,143261.66
CZ15/RtL&0&cDXGF&New&dxAC_equip/NE-dxAC-PkgAC-135to239-New-EER-10.8/instance-out.sql,1818675.85,143261.66
CZ15/RtL&0&cDXGF&New&dxAC_equip/NE-dxAC-PkgAC-135to239-New-EER-11.5/instance-out.sql,1786881.24,143261.66
CZ15/RtL&0&cDXGF&New&dxAC_equip/NE-dxAC-PkgAC-135to239-New-EER-12.0/instance-out.sql,1767407.61,143261.66
CZ15/RtL&0&cDXGF&New&dxAC_equip/NE-dxAC-PkgAC-135to239-New-EER-12.5/instance-out.sql,1748424.91,143261.66
CZ15/RtL&0&cDXGF&New&dxAC_equip/NE-dxAC-PkgAC-240to759-New-EER-9.8/instance-out.sql,1834026.63,143261.66
CZ15/RtL&0&cDXGF&New&dxAC_equip/NE-dxAC-PkgAC-240to759-New-EER-10.8/instance-out.sql,1785690.70,143261.66
CZ15/RtL&0&cDXGF&New&dxAC_equip/NE-dxAC-PkgAC-240to759-New-EER-11.5/instance-out.sql,1755619.97,143261.66
CZ15/RtL&0&cDXGF&New&dxAC_equip/NE-dxAC-PkgAC-240to759-New-EER-12.5/instance-out.sql,1719126.40,143261.66
CZ15/RtL&0&cDXGF&New&dxAC_equip/NE-dxAC-PkgAC-gt760-New-EER-9.5/instance-out.sql,1822773.82,143261.66
CZ15/RtL&0&cDXGF&New&dxAC_equip/NE-dxAC-PkgAC-gt760-New-EER-10.2/instance-out.sql,1786881.24,143261.66
CZ15/RtL&0&cDXGF&New&dxAC_equip/NE-dxAC-PkgAC-gt760-New-EER-11.0/instance-out.sql,1752508.15,143261.66
CZ15/RtL&0&cDXGF&New&dxAC_equip/NE-dxAC-PkgAC-gt760-New-EER-12.0/instance-out.sql,1714757.48,143261.66
CZ15/RtS&0&cDXGF&New&dxAC_equip/NE-dxAC-PkgAC-65to134-New-EER-11.0/instance-out.sql,114391.28,14306.86
CZ15/RtS&0&cDXGF&New&dxAC_equip/NE-dxAC-PkgAC-65to134-New-EER-11.5/instance-out.sql,112810.83,14306.86
CZ15/RtS&0&cDXGF&New&dxAC_equip/NE-dxAC-PkgAC-65to134-New-EER-12.0/instance-out.sql,111360.18,14306.86
CZ15/RtS&0&cDXGF&New&dxAC_equip/NE-dxAC-PkgAC-65to134-New-EER-12.5/instance-out.sql,110023.96,14306.86
CZ15/RtS&0&cDXGF&New&dxAC_equip/NE-dxAC-PkgAC-65to134-New-EER-13.0/instance-out.sql,108719.43,14306.86
CZ15/RtS&0&cDXGF&New&dxAC_equip/NE-dxAC-PkgAC-135to239-New-EER-10.8/instance-out.sql,114294.41,14306.86
CZ15/RtS&0&cDXGF&New&dxAC_equip/NE-dxAC-PkgAC-135to239-New-EER-11.5/instance-out.sql,112027.70,14306.86
CZ15/RtS&0&cDXGF&New&dxAC_equip/NE-dxAC-PkgAC-135to239-New-EER-12.0/instance-out.sql,110639.39,14306.86
CZ15/RtS&0&cDXGF&New&dxAC_equip/NE-dxAC-PkgAC-135to239-New-EER-12.5/instance-out.sql,109286.07,14306.86
CZ15/RtS&0&cDXGF&New&dxAC_equip/NE-dxAC-PkgAC-240to759-New-EER-9.8/instance-out.sql,115388.80,14306.86
CZ15/RtS&0&cDXGF&New&dxAC_equip/NE-dxAC-PkgAC-240to759-New-EER-10.8/instance-out.sql,111942.83,14306.86
CZ15/RtS&0&cDXGF&New&dxAC_equip/NE-dxAC-PkgAC-240to759-New-EER-11.5/instance-out.sql,109799.02,14306.86
CZ15/RtS&0&cDXGF&New&dxAC_equip/NE-dxAC-PkgAC-240to759-New-EER-12.5/instance-out.sql,107197.32,14306.86
CZ15/RtS&0&cDXGF&New&dxAC_equip/NE-dxAC-PkgAC-gt760-New-EER-9.5/instance-out.sql,114586.56,14306.86
CZ15/RtS&0&cDXGF&New&dxAC_equip/NE-dxAC-PkgAC-gt760-New-EER-10.2/instance-out.sql,112027.70,14306.86
CZ15/RtS&0&cDXGF&New&dxAC_equip/NE-dxAC-PkgAC-gt760-New-EER-11.0/instance-out.sql,109577.18,14306.86
CZ15/RtS&0&cDXGF&New&dxAC_equip/NE-dxAC-PkgAC-gt760-New-EER-12.0/instance-out.sql,106885.85,14306.86
CZ15/SCn&0&cDXGF&New&dxAC_equip/NE-dxAC-PkgAC-65to134-New-EER-11.0/instance-out.sql,3353957.70,138700.17
CZ15/SCn&0&cDXGF&New&dxAC_equip/NE-dxAC-PkgAC-65to134-New-EER-11.5/instance-out.sql,3305321.11,138700.17
CZ15/SCn&0&cDXGF&New&dxAC_equip/NE-dxAC-PkgAC-65to134-New-EER-12.0/instance-out.sql,3260678.82,138700.17
CZ15/SCn&0&cDXGF&New&dxAC_equip/NE-dxAC-PkgAC-65to134-New-EER-12.5/instance-out.sql,3219558.20,138700.17
CZ15/SCn&0&cDXGF&New&dxAC_equip/NE-dxAC-PkgAC-65to134-New-EER-13.0/instance-out.sql,3179412.67,138700.17
CZ15/SCn&0&cDXGF&New&dxAC_equip/NE-dxAC-PkgAC-135to239-New-EER-10.8/instance-out.sql,3350976.58,138700.17
CZ15/SCn&0&cDXGF&New&dxAC_equip/NE-dxAC-PkgAC-135to239-New-EER-11.5/instance-out.sql,3281221.26,138700.17
CZ15/SCn&0&cDXGF&New&dxAC_equip/NE-dxAC-PkgAC-135to239-New-EER-12.0/instance-out.sql,3238497.36,138700.17
CZ15/SCn&0&cDXGF&New&dxAC_equip/NE-dxAC-PkgAC-135to239-New-EER-12.5/instance-out.sql,3196850.54,138700.17
CZ15/SCn&0&cDXGF&New&dxAC_equip/NE-dxAC-PkgAC-240to759-New-EER-9.8/instance-out.sql,3384655.20,138700.17
CZ15/SCn&0&cDXGF&New&dxAC_equip/NE-dxAC-PkgAC-240to759-New-EER-10.8/instance-out.sql,3278609.29,138700.17
CZ15/SCn&0&cDXGF&New&dxAC_equip/NE-dxAC-PkgAC-240to759-New-EER-11.5/instance-out.sql,3212636.03,138700.17
CZ15/SCn&0&cDXGF&New&dxAC_equip/NE-dxAC-PkgAC-240to759-New-EER-12.5/instance-out.sql,3132571.49,138700.17
CZ15/SCn&0&cDXGF&New&dxAC_equip/NE-dxAC-PkgAC-gt760-New-EER-9.5/instance-out.sql,3359967.27,138700.17
CZ15/SCn&0&cDXGF&New&dxAC_equip/NE-dxAC-PkgAC-gt760-New-EER-10.2/instance-out.sql,3281221.26,138700.17
CZ15/SCn&0&cDXGF&New&dxAC_equip/NE-dxAC-PkgAC-gt760-New-EER-11.0/instance-out.sql,3205808.89,138700.17
CZ15/SCn&0&cDXGF&New&dxAC_equip/NE-dxAC-PkgAC-gt760-New-EER-12.0/instance-out.sql,3122986.36,138700.17
CZ16/Asm&0&cDXGF&New&dxAC_equip/NE-dxAC-PkgAC-65to134-New-EER-11.0/instance-out.sql,594683.15,298730.28
CZ16/Asm&0&cDXGF&New&dxAC_equip/NE-dxAC-PkgAC-65to134-New-EER-11.5/instance-out.sql,588072.45,298730.28
CZ16/Asm&0&cDXGF&New&dxAC_equip/NE-dxAC-PkgAC-65to134-New-EER-12.0/instance-out.sql,582004.65,298730.28
CZ16/Asm&0&cDXGF&New&dxAC_equip/NE-dxAC-PkgAC-65to134-New-EER-12.5/instance-out.sql,576415.52,298730.28
CZ16/Asm&0&cDXGF&New&dxAC_equip/NE-dxAC-PkgAC-65to134-New-EER-13.0/instance-out.sql,570958.93,298730.28
CZ16/Asm&0&cDXGF&New&dxAC_equip/NE-dxAC-PkgAC-135to239-New-EER-10.8/instance-out.sql,594277.96,298730.28
CZ16/Asm&0&cDXGF&New&dxAC_equip/NE-dxAC-PkgAC-135to239-New-EER-11.5/instance-out.sql,584796.79,298730.28
CZ16/Asm&0&cDXGF&New&dxAC_equip/NE-dxAC-PkgAC-135to239-New-EER-12.0/instance-out.sql,578989.74,298730.28
CZ16/Asm&0&cDXGF&New&dxAC_equip/NE-dxAC-PkgAC-135to239-New-EER-12.5/instance-out.sql,573329.09,298730.28
CZ16/Asm&0&cDXGF&New&dxAC_equip/NE-dxAC-PkgAC-240to759-New-EER-9.8/instance-out.sql,598855.57,298730.28
CZ16/Asm&0&cDXGF&New&dxAC_equip/NE-dxAC-PkgAC-240to759-New-EER-10.8/instance-out.sql,584441.77,298730.28
CZ16/Asm&0&cDXGF&New&dxAC_equip/NE-dxAC-PkgAC-240to759-New-EER-11.5/instance-out.sql,575474.66,298730.28
CZ16/Asm&0&cDXGF&New&dxAC_equip/NE-dxAC-PkgAC-240to759-New-EER-12.5/instance-out.sql,564592.26,298730.28
CZ16/Asm&0&cDXGF&New&dxAC_equip/NE-dxAC-PkgAC-gt760-New-EER-9.5/instance-out.sql,595499.97,298730.28
CZ16/Asm&0&cDXGF&New&dxAC_equip/NE-dxAC-PkgAC-gt760-New-EER-10.2/instance-out.sql,584796.79,298730.28
CZ16/Asm&0&cDXGF&New&dxAC_equip/NE-dxAC-PkgAC-gt760-New-EER-11.0/instance-out.sql,574546.71,298730.28
CZ16/Asm&0&cDXGF&New&dxAC_equip/NE-dxAC-PkgAC-gt760-New-EER-12.0/instance-out.sql,563289.45,298730.28
CZ16/ECC&0&cDXGF&New&dxAC_equip/NE-dxAC-PkgAC-65to134-New-EER-11.0/instance-out.sql,1970544.67,651782.07
CZ16/ECC&0&cDXGF&New&dxAC_equip/NE-dxAC-PkgAC-65to134-New-EER-11.5/instance-out.sql,1959913.86,651782.07
CZ16/ECC&0&cDXGF&New&dxAC_equip/NE-dxAC-PkgAC-65to134-New-EER-12.0/instance-out.sql,1950156.10,651782.07
CZ16/ECC&0&cDXGF&New&dxAC_equip/NE-dxAC-PkgAC-65to134-New-EER-12.5/instance-out.sql,1941168.10,651782.07
CZ16/ECC&0&cDXGF&New&dxAC_equip/NE-dxAC-PkgAC-65to134-New-EER-13.0/instance-out.sql,1932393.23,651782.07
CZ16/ECC&0&cDXGF&New&dxAC_equip/NE-dxAC-PkgAC-135to239-New-EER-10.8/instance-out.sql,1969893.07,651782.07
CZ16/ECC&0&cDXGF&New&dxAC_equip/NE-dxAC-PkgAC-135to239-New-EER-11.5/instance-out.sql,1954646.20,651782.07
CZ16/ECC&0&cDXGF&New&dxAC_equip/NE-dxAC-PkgAC-135to239-New-EER-12.0/instance-out.sql,1945307.75,651782.07
CZ16/ECC&0&cDXGF&New&dxAC_equip/NE-dxAC-PkgAC-135to239-New-EER-12.5/instance-out.sql,1936204.74,651782.07
CZ16/ECC&0&cDXGF&New&dxAC_equip/NE-dxAC-PkgAC-240to759-New-EER-9.8/instance-out.sql,1977254.43,651782.07
CZ16/ECC&0&cDXGF&New&dxAC_equip/NE-dxAC-PkgAC-240to759-New-EER-10.8/instance-out.sql,1954075.28,651782.07
CZ16/ECC&0&cDXGF&New&dxAC_equip/NE-dxAC-PkgAC-240to759-New-EER-11.5/instance-out.sql,1939655.07,651782.07
CZ16/ECC&0&cDXGF&New&dxAC_equip/NE-dxAC-PkgAC-240to759-New-EER-12.5/instance-out.sql,1922154.85,651782.07
CZ16/ECC&0&cDXGF&New&dxAC_equip/NE-dxAC-PkgAC-gt760-New-EER-9.5/instance-out.sql,1971858.22,651782.07
CZ16/ECC&0&cDXGF&New&dxAC_equip/NE-dxAC-PkgAC-gt760-New-EER-10.2/instance-out.sql,1954646.20,651782.07
CZ16/ECC&0&cDXGF&New&dxAC_equip/NE-dxAC-PkgAC-gt760-New-EER-11.0/instance-out.sql,1938162.82,651782.07
CZ16/ECC&0&cDXGF&New&dxAC_equip/NE-dxAC-PkgAC-gt760-New-EER-12.0/instance-out.sql,1920059.76,651782.07
CZ16/EPr&0&cDXGF&New&dxAC_equip/NE-dxAC-PkgAC-65to134-New-EER-11.0/instance-out.sql,239767.55,172566.91
CZ16/EPr&0&cDXGF&New&dxAC_equip/NE-dxAC-PkgAC-65to134-New-EER-11.5/instance-out.sql,238008.12,172566.91
CZ16/EPr&0&cDXGF&New&dxAC_equip/NE-dxAC-PkgAC-65to134-New-EER-12.0/instance-out.sql,236393.18,172566.91
CZ16/EPr&0&cDXGF&New&dxAC_equip/NE-dxAC-PkgAC-65to134-New-EER-12.5/instance-out.sql,234905.64,172566.91
CZ16/EPr&0&cDXGF&New&dxAC_equip/NE-dxAC-PkgAC-65to134-New-EER-13.0/instance-out.sql,233453.37,172566.91
CZ16/EPr&0&cDXGF&New&dxAC_equip/NE-dxAC-PkgAC-135to239-New-EER-10.8/instance-out.sql,239659.71,172566.91
CZ16/EPr&0&cDXGF&New&dxAC_equip/NE-dxAC-PkgAC-135to239-New-EER-11.5/instance-out.sql,237136.30,172566.91
CZ16/EPr&0&cDXGF&New&dxAC_equip/NE-dxAC-PkgAC-135to239-New-EER-12.0/instance-out.sql,235590.76,172566.91
CZ16/EPr&0&cDXGF&New&dxAC_equip/NE-dxAC-PkgAC-135to239-New-EER-12.5/instance-out.sql,234084.18,172566.91
CZ16/EPr&0&cDXGF&New&dxAC_equip/NE-dxAC-PkgAC-240to759-New-EER-9.8/instance-out.sql,240878.03,172566.91
CZ16/EPr&0&cDXGF&New&dxAC_equip/NE-dxAC-PkgAC-240to759-New-EER-10.8/instance-out.sql,237041.81,172566.91
CZ16/EPr&0&cDXGF&New&dxAC_equip/NE-dxAC-PkgAC-240to759-New-EER-11.5/instance-out.sql,234655.23,172566.91
CZ16/EPr&0&cDXGF&New&dxAC_equip/NE-dxAC-PkgAC-240to759-New-EER-12.5/instance-out.sql,231758.89,172566.91
CZ16/EPr&0&cDXGF&New&dxAC_equip/NE-dxAC-PkgAC-gt760-New-EER-9.5/instance-out.sql,239984.94,172566.91
CZ16/EPr&0&cDXGF&New&dxAC_equip/NE-dxAC-PkgAC-gt760-New-EER-10.2/instance-out.sql,237136.30,172566.91
CZ16/EPr&0&cDXGF&New&dxAC_equip/NE-dxAC-PkgAC-gt760-New-EER-11.0/instance-out.sql,234408.25,172566.91
CZ16/EPr&0&cDXGF&New&dxAC_equip/NE-dxAC-PkgAC-gt760-New-EER-12.0/instance-out.sql,231412.14,172566.91
CZ16/ERC&0&cDXGF&New&dxAC_equip/NE-dxAC-PkgAC-65to134-New-EER-11.0/instance-out.sql,8705.62,12137.26
CZ16/ERC&0&cDXGF&New&dxAC_equip/NE-dxAC-PkgAC-65to134-New-EER-11.5/instance-out.sql,8628.38,12137.26
CZ16/ERC&0&cDXGF&New&dxAC_equip/NE-dxAC-PkgAC-65to134-New-EER-12.0/instance-out.sql,8557.48,12137.26
CZ16/ERC&0&cDXGF&New&dxAC_equip/NE-dxAC-PkgAC-65to134-New-EER-12.5/instance-out.sql,8492.18,12137.26
CZ16/ERC&0&cDXGF&New&dxAC_equip/NE-dxAC-PkgAC-65to134-New-EER-13.0/instance-out.sql,8428.43,12137.26
CZ16/ERC&0&cDXGF&New&dxAC_equip/NE-dxAC-PkgAC-135to239-New-EER-10.8/instance-out.sql,8700.88,12137.26
CZ16/ERC&0&cDXGF&New&dxAC_equip/NE-dxAC-PkgAC-135to239-New-EER-11.5/instance-out.sql,8590.11,12137.26
CZ16/ERC&0&cDXGF&New&dxAC_equip/NE-dxAC-PkgAC-135to239-New-EER-12.0/instance-out.sql,8522.26,12137.26
CZ16/ERC&0&cDXGF&New&dxAC_equip/NE-dxAC-PkgAC-135to239-New-EER-12.5/instance-out.sql,8456.12,12137.26
CZ16/ERC&0&cDXGF&New&dxAC_equip/NE-dxAC-PkgAC-240to759-New-EER-9.8/instance-out.sql,8754.37,12137.26
CZ16/ERC&0&cDXGF&New&dxAC_equip/NE-dxAC-PkgAC-240to759-New-EER-10.8/instance-out.sql,8585.96,12137.26
CZ16/ERC&0&cDXGF&New&dxAC_equip/NE-dxAC-PkgAC-240to759-New-EER-11.5/instance-out.sql,8481.19,12137.26
CZ16/ERC&0&cDXGF&New&dxAC_equip/NE-dxAC-PkgAC-240to759-New-EER-12.5/instance-out.sql,8354.04,12137.26
CZ16/ERC&0&cDXGF&New&dxAC_equip/NE-dxAC-PkgAC-gt760-New-EER-9.5/instance-out.sql,8715.16,12137.26
CZ16/ERC&0&cDXGF&New&dxAC_equip/NE-dxAC-PkgAC-gt760-New-EER-10.2/instance-out.sql,8590.11,12137.26
CZ16/ERC&0&cDXGF&New&dxAC_equip/NE-dxAC-PkgAC-gt760-New-EER-11.0/instance-out.sql,8470.35,12137.26
CZ16/ERC&0&cDXGF&New&dxAC_equip/NE-dxAC-PkgAC-gt760-New-EER-12.0/instance-out.sql,8338.82,12137.26
CZ16/ESe&0&cDXGF&New&dxAC_equip/NE-dxAC-PkgAC-65to134-New-EER-11.0/instance-out.sql,702670.16,482207.16
CZ16/ESe&0&cDXGF&New&dxAC_equip/NE-dxAC-PkgAC-65to134-New-EER-11.5/instance-out.sql,700801.31,482207.16
CZ16/ESe&0&cDXGF&New&dxAC_equip/NE-dxAC-PkgAC-65to134-New-EER-12.0/instance-out.sql,699085.94,482207.16
CZ16/ESe&0&cDXGF&New&dxAC_equip/NE-dxAC-PkgAC-65to134-New-EER-12.5/instance-out.sql,697505.89,482207.16
CZ16/ESe&0&cDXGF&New&dxAC_equip/NE-dxAC-PkgAC-65to134-New-EER-13.0/instance-out.sql,695963.31,482207.16
CZ16/ESe&0&cDXGF&New&dxAC_equip/NE-dxAC-PkgAC-135to239-New-EER-10.8/instance-out.sql,702555.61,482207.16
CZ16/ESe&0&cDXGF&New&dxAC_equip/NE-dxAC-PkgAC-135to239-New-EER-11.5/instance-out.sql,699875.28,482207.16
CZ16/ESe&0&cDXGF&New&dxAC_equip/NE-dxAC-PkgAC-135to239-New-EER-12.0/instance-out.sql,698233.62,482207.16
CZ16/ESe&0&cDXGF&New&dxAC_equip/NE-dxAC-PkgAC-135to239-New-EER-12.5/instance-out.sql,696633.35,482207.16
CZ16/ESe&0&cDXGF&New&dxAC_equip/NE-dxAC-PkgAC-240to759-New-EER-9.8/instance-out.sql,703849.70,482207.16
CZ16/ESe&0&cDXGF&New&dxAC_equip/NE-dxAC-PkgAC-240to759-New-EER-10.8/instance-out.sql,699774.91,482207.16
CZ16/ESe&0&cDXGF&New&dxAC_equip/NE-dxAC-PkgAC-240to759-New-EER-11.5/instance-out.sql,697239.91,482207.16
CZ16/ESe&0&cDXGF&New&dxAC_equip/NE-dxAC-PkgAC-240to759-New-EER-12.5/instance-out.sql,694163.44,482207.16
CZ16/ESe&0&cDXGF&New&dxAC_equip/NE-dxAC-PkgAC-gt760-New-EER-9.5/instance-out.sql,702901.07,482207.16
CZ16/ESe&0&cDXGF&New&dxAC_equip/NE-dxAC-PkgAC-gt760-New-EER-10.2/instance-out.sql,699875.28,482207.16
CZ16/ESe&0&cDXGF&New&dxAC_equip/NE-dxAC-PkgAC-gt760-New-EER-11.0/instance-out.sql,696977.57,482207.16
CZ16/ESe&0&cDXGF&New&dxAC_equip/NE-dxAC-PkgAC-gt760-New-EER-12.0/instance-out.sql,693795.14,482207.16
CZ16/EUn&0&cDXGF&New&dxAC_equip/NE-dxAC-PkgAC-65to134-New-EER-11.0/instance-out.sql,6947034.79,1300503.70
CZ16/EUn&0&cDXGF&New&dxAC_equip/NE-dxAC-PkgAC-65to134-New-EER-11.5/instance-out.sql,6917820.25,1300503.70
CZ16/EUn&0&cDXGF&New&dxAC_equip/NE-dxAC-PkgAC-65to134-New-EER-12.0/instance-out.sql,6891004.97,1300503.70
CZ16/EUn&0&cDXGF&New&dxAC_equip/NE-dxAC-PkgAC-65to134-New-EER-12.5/instance-out.sql,6866305.04,1300503.70
CZ16/EUn&0&cDXGF&New&dxAC_equip/NE-dxAC-PkgAC-65to134-New-EER-13.0/instance-out.sql,6842190.83,1300503.70
CZ16/EUn&0&cDXGF&New&dxAC_equip/NE-dxAC-PkgAC-135to239-New-EER-10.8/instance-out.sql,6945244.12,1300503.70
CZ16/EUn&0&cDXGF&New&dxAC_equip/NE-dxAC-PkgAC-135to239-New-EER-11.5/instance-out.sql,6903344.19,1300503.70
CZ16/EUn&0&cDXGF&New&dxAC_equip/NE-dxAC-PkgAC-135to239-New-EER-12.0/instance-out.sql,6877681.23,1300503.70
CZ16/EUn&0&cDXGF&New&dxAC_equip/NE-dxAC-PkgAC-135to239-New-EER-12.5/instance-out.sql,6852665.23,1300503.70
CZ16/EUn&0&cDXGF&New&dxAC_equip/NE-dxAC-PkgAC-240to759-New-EER-9.8/instance-out.sql,6965473.86,1300503.70
CZ16/EUn&0&cDXGF&New&dxAC_equip/NE-dxAC-PkgAC-240to759-New-EER-10.8/instance-out.sql,6901775.26,1300503.70
CZ16/EUn&0&cDXGF&New&dxAC_equip/NE-dxAC-PkgAC-240to759-New-EER-11.5/instance-out.sql,6862147.10,1300503.70
CZ16/EUn&0&cDXGF&New&dxAC_equip/NE-dxAC-PkgAC-240to759-New-EER-12.5/instance-out.sql,6814054.73,1300503.70
CZ16/EUn&0&cDXGF&New&dxAC_equip/NE-dxAC-PkgAC-gt760-New-EER-9.5/instance-out.sql,6950644.56,1300503.70
CZ16/EUn&0&cDXGF&New&dxAC_equip/NE-dxAC-PkgAC-gt760-New-EER-10.2/instance-out.sql,6903344.19,1300503.70
CZ16/EUn&0&cDXGF&New&dxAC_equip/NE-dxAC-PkgAC-gt760-New-EER-11.0/instance-out.sql,6858046.25,1300503.70
CZ16/EUn&0&cDXGF&New&dxAC_equip/NE-dxAC-PkgAC-gt760-New-EER-12.0/instance-out.sql,6808297.23,1300503.70
CZ16/Gro&0&cDXGF&New&dxAC_equip/NE-dxAC-PkgAC-65to134-New-EER-11.0/instance-out.sql,1679910.98,255219.86
CZ16/Gro&0&cDXGF&New&dxAC_equip/NE-dxAC-PkgAC-65to134-New-EER-11.5/instance-out.sql,1677649.49,255219.86
CZ16/Gro&0&cDXGF&New&dxAC_equip/NE-dxAC-PkgAC-65to134-New-EER-12.0/instance-out.sql,1675573.72,255219.86
CZ16/Gro&0&cDXGF&New&dxAC_equip/NE-dxAC-PkgAC-65to134-New-EER-12.5/instance-out.sql,1673661.70,255219.86
CZ16/Gro&0&cDXGF&New&dxAC_equip/NE-dxAC-PkgAC-65to134-New-EER-13.0/instance-out.sql,1671795.02,255219.86
CZ16/Gro&0&cDXGF&New&dxAC_equip/NE-dxAC-PkgAC-135to239-New-EER-10.8/instance-out.sql,1679772.37,255219.86
CZ16/Gro&0&cDXGF&New&dxAC_equip/NE-dxAC-PkgAC-135to239-New-EER-11.5/instance-out.sql,1676528.90,255219.86
CZ16/Gro&0&cDXGF&New&dxAC_equip/NE-dxAC-PkgAC-135to239-New-EER-12.0/instance-out.sql,1674542.33,255219.86
CZ16/Gro&0&cDXGF&New&dxAC_equip/NE-dxAC-PkgAC-135to239-New-EER-12.5/instance-out.sql,1672605.85,255219.86
CZ16/Gro&0&cDXGF&New&dxAC_equip/NE-dxAC-PkgAC-240to759-New-EER-9.8/instance-out.sql,1681338.35,255219.86
CZ16/Gro&0&cDXGF&New&dxAC_equip/NE-dxAC-PkgAC-240to759-New-EER-10.8/instance-out.sql,1676407.45,255219.86
CZ16/Gro&0&cDXGF&New&dxAC_equip/NE-dxAC-PkgAC-240to759-New-EER-11.5/instance-out.sql,1673339.84,255219.86
CZ16/Gro&0&cDXGF&New&dxAC_equip/NE-dxAC-PkgAC-240to759-New-EER-12.5/instance-out.sql,1669617.01,255219.86
CZ16/Gro&0&cDXGF&New&dxAC_equip/NE-dxAC-PkgAC-gt760-New-EER-9.5/instance-out.sql,1680190.41,255219.86
CZ16/Gro&0&cDXGF&New&dxAC_equip/NE-dxAC-PkgAC-gt760-New-EER-10.2/instance-out.sql,1676528.90,255219.86
CZ16/Gro&0&cDXGF&New&dxAC_equip/NE-dxAC-PkgAC-gt760-New-EER-11.0/instance-out.sql,1673022.39,255219.86
CZ16/Gro&0&cDXGF&New&dxAC_equip/NE-dxAC-PkgAC-gt760-New-EER-12.0/instance-out.sql,1669171.33,255219.86
CZ16/Hsp&0&cDXGF&New&dxAC_equip/NE-dxAC-PkgAC-65to134-New-EER-11.0/instance-out.sql,3253010.20,601059.91
CZ16/Hsp&0&cDXGF&New&dxAC_equip/NE-dxAC-PkgAC-65to134-New-EER-11.5/instance-out.sql,3248170.38,601059.91
CZ16/Hsp&0&cDXGF&New&dxAC_equip/NE-dxAC-PkgAC-65to134-New-EER-12.0/instance-out.sql,3243728.04,601059.91
CZ16/Hsp&0&cDXGF&New&dxAC_equip/NE-dxAC-PkgAC-65to134-New-EER-12.5/instance-out.sql,3239636.13,601059.91
CZ16/Hsp&0&cDXGF&New&dxAC_equip/NE-dxAC-PkgAC-65to134-New-EER-13.0/instance-out.sql,3235641.26,601059.91
CZ16/Hsp&0&cDXGF&New&dxAC_equip/NE-dxAC-PkgAC-135to239-New-EER-10.8/instance-out.sql,3252713.55,601059.91
CZ16/Hsp&0&cDXGF&New&dxAC_equip/NE-dxAC-PkgAC-135to239-New-EER-11.5/instance-out.sql,3245772.21,601059.91
CZ16/Hsp&0&cDXGF&New&dxAC_equip/NE-dxAC-PkgAC-135to239-New-EER-12.0/instance-out.sql,3241520.76,601059.91
CZ16/Hsp&0&cDXGF&New&dxAC_equip/NE-dxAC-PkgAC-135to239-New-EER-12.5/instance-out.sql,3237376.50,601059.91
CZ16/Hsp&0&cDXGF&New&dxAC_equip/NE-dxAC-PkgAC-240to759-New-EER-9.8/instance-out.sql,3256064.91,601059.91
CZ16/Hsp&0&cDXGF&New&dxAC_equip/NE-dxAC-PkgAC-240to759-New-EER-10.8/instance-out.sql,3245512.30,601059.91
CZ16/Hsp&0&cDXGF&New&dxAC_equip/NE-dxAC-PkgAC-240to759-New-EER-11.5/instance-out.sql,3238947.31,601059.91
CZ16/Hsp&0&cDXGF&New&dxAC_equip/NE-dxAC-PkgAC-240to759-New-EER-12.5/instance-out.sql,3230980.10,601059.91
CZ16/Hsp&0&cDXGF&New&dxAC_equip/NE-dxAC-PkgAC-gt760-New-EER-9.5/instance-out.sql,3253608.21,601059.91
CZ16/Hsp&0&cDXGF&New&dxAC_equip/NE-dxAC-PkgAC-gt760-New-EER-10.2/instance-out.sql,3245772.21,601059.91
CZ16/Hsp&0&cDXGF&New&dxAC_equip/NE-dxAC-PkgAC-gt760-New-EER-11.0/instance-out.sql,3238267.94,601059.91
CZ16/Hsp&0&cDXGF&New&dxAC_equip/NE-dxAC-PkgAC-gt760-New-EER-12.0/instance-out.sql,3230026.29,601059.91
CZ16/MBT&0&cDXGF&New&dxAC_equip/NE-dxAC-PkgAC-65to134-New-EER-11.0/instance-out.sql,3198947.12,3723565.04
CZ16/MBT&0&cDXGF&New&dxAC_equip/NE-dxAC-PkgAC-65to134-New-EER-11.5/instance-out.sql,3193227.69,3723565.04
CZ16/MBT&0&cDXGF&New&dxAC_equip/NE-dxAC-PkgAC-65to134-New-EER-12.0/instance-out.sql,3187977.97,3723565.04
CZ16/MBT&0&cDXGF&New&dxAC_equip/NE-dxAC-PkgAC-65to134-New-EER-12.5/instance-out.sql,3183142.39,3723565.04
CZ16/MBT&0&cDXGF&New&dxAC_equip/NE-dxAC-PkgAC-65to134-New-EER-13.0/instance-out.sql,3178421.46,3723565.04
CZ16/MBT&0&cDXGF&New&dxAC_equip/NE-dxAC-PkgAC-135to239-New-EER-10.8/instance-out.sql,3198596.56,3723565.04
CZ16/MBT&0&cDXGF&New&dxAC_equip/NE-dxAC-PkgAC-135to239-New-EER-11.5/instance-out.sql,3190393.66,3723565.04
CZ16/MBT&0&cDXGF&New&dxAC_equip/NE-dxAC-PkgAC-135to239-New-EER-12.0/instance-out.sql,3185369.54,3723565.04
CZ16/MBT&0&cDXGF&New&dxAC_equip/NE-dxAC-PkgAC-135to239-New-EER-12.5/instance-out.sql,3180472.07,3723565.04
CZ16/MBT&0&cDXGF&New&dxAC_equip/NE-dxAC-PkgAC-240to759-New-EER-9.8/instance-out.sql,3202557.00,3723565.04
CZ16/MBT&0&cDXGF&New&dxAC_equip/NE-dxAC-PkgAC-240to759-New-EER-10.8/instance-out.sql,3190086.51,3723565.04
CZ16/MBT&0&cDXGF&New&dxAC_equip/NE-dxAC-PkgAC-240to759-New-EER-11.5/instance-out.sql,3182328.37,3723565.04
CZ16/MBT&0&cDXGF&New&dxAC_equip/NE-dxAC-PkgAC-240to759-New-EER-12.5/instance-out.sql,3172913.17,3723565.04
CZ16/MBT&0&cDXGF&New&dxAC_equip/NE-dxAC-PkgAC-gt760-New-EER-9.5/instance-out.sql,3199653.82,3723565.04
CZ16/MBT&0&cDXGF&New&dxAC_equip/NE-dxAC-PkgAC-gt760-New-EER-10.2/instance-out.sql,3190393.66,3723565.04
CZ16/MBT&0&cDXGF&New&dxAC_equip/NE-dxAC-PkgAC-gt760-New-EER-11.0/instance-out.sql,3181525.53,3723565.04
CZ16/MBT&0&cDXGF&New&dxAC_equip/NE-dxAC-PkgAC-gt760-New-EER-12.0/instance-out.sql,3171786.00,3723565.04
CZ16/MLI&0&cDXGF&New&dxAC_equip/NE-dxAC-PkgAC-65to134-New-EER-11.0/instance-out.sql,850534.48,215181.09
CZ16/MLI&0&cDXGF&New&dxAC_equip/NE-dxAC-PkgAC-65to134-New-EER-11.5/instance-out.sql,844948.30,215181.09
CZ16/MLI&0&cDXGF&New&dxAC_equip/NE-dxAC-PkgAC-65to134-New-EER-12.0/instance-out.sql,839820.88,215181.09
CZ16/MLI&0&cDXGF&New&dxAC_equip/NE-dxAC-PkgAC-65to134-New-EER-12.5/instance-out.sql,835097.95,215181.09
CZ16/MLI&0&cDXGF&New&dxAC_equip/NE-dxAC-PkgAC-65to134-New-EER-13.0/instance-out.sql,830487.02,215181.09
CZ16/MLI&0&cDXGF&New&dxAC_equip/NE-dxAC-PkgAC-135to239-New-EER-10.8/instance-out.sql,850192.08,215181.09
CZ16/MLI&0&cDXGF&New&dxAC_equip/NE-dxAC-PkgAC-135to239-New-EER-11.5/instance-out.sql,842180.30,215181.09
CZ16/MLI&0&cDXGF&New&dxAC_equip/NE-dxAC-PkgAC-135to239-New-EER-12.0/instance-out.sql,837273.22,215181.09
CZ16/MLI&0&cDXGF&New&dxAC_equip/NE-dxAC-PkgAC-135to239-New-EER-12.5/instance-out.sql,832489.85,215181.09
CZ16/MLI&0&cDXGF&New&dxAC_equip/NE-dxAC-PkgAC-240to759-New-EER-9.8/instance-out.sql,854060.26,215181.09
CZ16/MLI&0&cDXGF&New&dxAC_equip/NE-dxAC-PkgAC-240to759-New-EER-10.8/instance-out.sql,841880.30,215181.09
CZ16/MLI&0&cDXGF&New&dxAC_equip/NE-dxAC-PkgAC-240to759-New-EER-11.5/instance-out.sql,834302.90,215181.09
CZ16/MLI&0&cDXGF&New&dxAC_equip/NE-dxAC-PkgAC-240to759-New-EER-12.5/instance-out.sql,825107.05,215181.09
CZ16/MLI&0&cDXGF&New&dxAC_equip/NE-dxAC-PkgAC-gt760-New-EER-9.5/instance-out.sql,851224.71,215181.09
CZ16/MLI&0&cDXGF&New&dxAC_equip/NE-dxAC-PkgAC-gt760-New-EER-10.2/instance-out.sql,842180.30,215181.09
CZ16/MLI&0&cDXGF&New&dxAC_equip/NE-dxAC-PkgAC-gt760-New-EER-11.0/instance-out.sql,833518.77,215181.09
CZ16/MLI&0&cDXGF&New&dxAC_equip/NE-dxAC-PkgAC-gt760-New-EER-12.0/instance-out.sql,824006.14,215181.09
CZ16/Mtl&0&cDXGF&New&dxAC_equip/NE-dxAC-PkgAC-65to134-New-EER-11.0/instance-out.sql,160164.70,46184.52
CZ16/Mtl&0&cDXGF&New&dxAC_equip/NE-dxAC-PkgAC-65to134-New-EER-11.5/instance-out.sql,158793.61,46184.52
CZ16/Mtl&0&cDXGF&New&dxAC_equip/NE-dxAC-PkgAC-65to134-New-EER-12.0/instance-out.sql,157535.11,46184.52
CZ16/Mtl&0&cDXGF&New&dxAC_equip/NE-dxAC-PkgAC-65to134-New-EER-12.5/instance-out.sql,156375.89,46184.52
CZ16/Mtl&0&cDXGF&New&dxAC_equip/NE-dxAC-PkgAC-65to134-New-EER-13.0/instance-out.sql,155244.16,46184.52
CZ16/Mtl&0&cDXGF&New&dxAC_equip/NE-dxAC-PkgAC-135to239-New-EER-10.8/instance-out.sql,160080.66,46184.52
CZ16/Mtl&0&cDXGF&New&dxAC_equip/NE-dxAC-PkgAC-135to239-New-EER-11.5/instance-out.sql,158114.21,46184.52
CZ16/Mtl&0&cDXGF&New&dxAC_equip/NE-dxAC-PkgAC-135to239-New-EER-12.0/instance-out.sql,156909.80,46184.52
CZ16/Mtl&0&cDXGF&New&dxAC_equip/NE-dxAC-PkgAC-135to239-New-EER-12.5/instance-out.sql,155735.75,46184.52
CZ16/Mtl&0&cDXGF&New&dxAC_equip/NE-dxAC-PkgAC-240to759-New-EER-9.8/instance-out.sql,161030.09,46184.52
CZ16/Mtl&0&cDXGF&New&dxAC_equip/NE-dxAC-PkgAC-240to759-New-EER-10.8/instance-out.sql,158040.58,46184.52
CZ16/Mtl&0&cDXGF&New&dxAC_equip/NE-dxAC-PkgAC-240to759-New-EER-11.5/instance-out.sql,156180.75,46184.52
CZ16/Mtl&0&cDXGF&New&dxAC_equip/NE-dxAC-PkgAC-240to759-New-EER-12.5/instance-out.sql,153923.68,46184.52
CZ16/Mtl&0&cDXGF&New&dxAC_equip/NE-dxAC-PkgAC-gt760-New-EER-9.5/instance-out.sql,160334.12,46184.52
CZ16/Mtl&0&cDXGF&New&dxAC_equip/NE-dxAC-PkgAC-gt760-New-EER-10.2/instance-out.sql,158114.21,46184.52
CZ16/Mtl&0&cDXGF&New&dxAC_equip/NE-dxAC-PkgAC-gt760-New-EER-11.0/instance-out.sql,155988.29,46184.52
CZ16/Mtl&0&cDXGF&New&dxAC_equip/NE-dxAC-PkgAC-gt760-New-EER-12.0/instance-out.sql,153653.47,46184.52
CZ16/Nrs&0&cDXGF&New&dxAC_equip/NE-dxAC-PkgAC-65to134-New-EER-11.0/instance-out.sql,641341.25,286424.56
CZ16/Nrs&0&cDXGF&New&dxAC_equip/NE-dxAC-PkgAC-65to134-New-EER-11.5/instance-out.sql,639454.46,286424.56
CZ16/Nrs&0&cDXGF&New&dxAC_equip/NE-dxAC-PkgAC-65to134-New-EER-12.0/instance-out.sql,637722.62,286424.56
CZ16/Nrs&0&cDXGF&New&dxAC_equip/NE-dxAC-PkgAC-65to134-New-EER-12.5/instance-out.sql,636127.40,286424.56
CZ16/Nrs&0&cDXGF&New&dxAC_equip/NE-dxAC-PkgAC-65to134-New-EER-13.0/instance-out.sql,634570.00,286424.56
CZ16/Nrs&0&cDXGF&New&dxAC_equip/NE-dxAC-PkgAC-135to239-New-EER-10.8/instance-out.sql,641225.60,286424.56
CZ16/Nrs&0&cDXGF&New&dxAC_equip/NE-dxAC-PkgAC-135to239-New-EER-11.5/instance-out.sql,638519.53,286424.56
CZ16/Nrs&0&cDXGF&New&dxAC_equip/NE-dxAC-PkgAC-135to239-New-EER-12.0/instance-out.sql,636862.12,286424.56
CZ16/Nrs&0&cDXGF&New&dxAC_equip/NE-dxAC-PkgAC-135to239-New-EER-12.5/instance-out.sql,635246.48,286424.56
CZ16/Nrs&0&cDXGF&New&dxAC_equip/NE-dxAC-PkgAC-240to759-New-EER-9.8/instance-out.sql,642532.12,286424.56
CZ16/Nrs&0&cDXGF&New&dxAC_equip/NE-dxAC-PkgAC-240to759-New-EER-10.8/instance-out.sql,638418.21,286424.56
CZ16/Nrs&0&cDXGF&New&dxAC_equip/NE-dxAC-PkgAC-240to759-New-EER-11.5/instance-out.sql,635858.86,286424.56
CZ16/Nrs&0&cDXGF&New&dxAC_equip/NE-dxAC-PkgAC-240to759-New-EER-12.5/instance-out.sql,632752.86,286424.56
CZ16/Nrs&0&cDXGF&New&dxAC_equip/NE-dxAC-PkgAC-gt760-New-EER-9.5/instance-out.sql,641574.38,286424.56
CZ16/Nrs&0&cDXGF&New&dxAC_equip/NE-dxAC-PkgAC-gt760-New-EER-10.2/instance-out.sql,638519.53,286424.56
CZ16/Nrs&0&cDXGF&New&dxAC_equip/NE-dxAC-PkgAC-gt760-New-EER-11.0/instance-out.sql,635594.01,286424.56
CZ16/Nrs&0&cDXGF&New&dxAC_equip/NE-dxAC-PkgAC-gt760-New-EER-12.0/instance-out.sql,632381.02,286424.56
CZ16/OfL&0&cDXGF&New&dxAC_equip/NE-dxAC-PkgAC-65to134-New-EER-11.0/instance-out.sql,2111840.43,232621.86
CZ16/OfL&0&cDXGF&New&dxAC_equip/NE-dxAC-PkgAC-65to134-New-EER-11.5/instance-out.sql,2100474.09,232621.86
CZ16/OfL&0&cDXGF&New&dxAC_equip/NE-dxAC-PkgAC-65to134-New-EER-12.0/instance-out.sql,2090041.21,232621.86
CZ16/OfL&0&cDXGF&New&dxAC_equip/NE-dxAC-PkgAC-65to134-New-EER-12.5/instance-out.sql,2080431.35,232621.86
CZ16/OfL&0&cDXGF&New&dxAC_equip/NE-dxAC-PkgAC-65to134-New-EER-13.0/instance-out.sql,2071049.37,232621.86
CZ16/OfL&0&cDXGF&New&dxAC_equip/NE-dxAC-PkgAC-135to239-New-EER-10.8/instance-out.sql,2111143.74,232621.86
CZ16/OfL&0&cDXGF&New&dxAC_equip/NE-dxAC-PkgAC-135to239-New-EER-11.5/instance-out.sql,2094841.97,232621.86
CZ16/OfL&0&cDXGF&New&dxAC_equip/NE-dxAC-PkgAC-135to239-New-EER-12.0/instance-out.sql,2084857.42,232621.86
CZ16/OfL&0&cDXGF&New&dxAC_equip/NE-dxAC-PkgAC-135to239-New-EER-12.5/instance-out.sql,2075124.59,232621.86
CZ16/OfL&0&cDXGF&New&dxAC_equip/NE-dxAC-PkgAC-240to759-New-EER-9.8/instance-out.sql,2119014.41,232621.86
CZ16/OfL&0&cDXGF&New&dxAC_equip/NE-dxAC-PkgAC-240to759-New-EER-10.8/instance-out.sql,2094231.55,232621.86
CZ16/OfL&0&cDXGF&New&dxAC_equip/NE-dxAC-PkgAC-240to759-New-EER-11.5/instance-out.sql,2078813.64,232621.86
CZ16/OfL&0&cDXGF&New&dxAC_equip/NE-dxAC-PkgAC-240to759-New-EER-12.5/instance-out.sql,2060102.62,232621.86
CZ16/OfL&0&cDXGF&New&dxAC_equip/NE-dxAC-PkgAC-gt760-New-EER-9.5/instance-out.sql,2113244.86,232621.86
CZ16/OfL&0&cDXGF&New&dxAC_equip/NE-dxAC-PkgAC-gt760-New-EER-10.2/instance-out.sql,2094841.97,232621.86
CZ16/OfL&0&cDXGF&New&dxAC_equip/NE-dxAC-PkgAC-gt760-New-EER-11.0/instance-out.sql,2077218.15,232621.86
CZ16/OfL&0&cDXGF&New&dxAC_equip/NE-dxAC-PkgAC-gt760-New-EER-12.0/instance-out.sql,2057862.58,232621.86
CZ16/OfS&0&cDXGF&New&dxAC_equip/NE-dxAC-PkgAC-65to134-New-EER-11.0/instance-out.sql,98348.54,36274.27
CZ16/OfS&0&cDXGF&New&dxAC_equip/NE-dxAC-PkgAC-65to134-New-EER-11.5/instance-out.sql,97626.99,36274.27
CZ16/OfS&0&cDXGF&New&dxAC_equip/NE-dxAC-PkgAC-65to134-New-EER-12.0/instance-out.sql,96964.70,36274.27
CZ16/OfS&0&cDXGF&New&dxAC_equip/NE-dxAC-PkgAC-65to134-New-EER-12.5/instance-out.sql,96354.65,36274.27
CZ16/OfS&0&cDXGF&New&dxAC_equip/NE-dxAC-PkgAC-65to134-New-EER-13.0/instance-out.sql,95759.07,36274.27
CZ16/OfS&0&cDXGF&New&dxAC_equip/NE-dxAC-PkgAC-135to239-New-EER-10.8/instance-out.sql,98304.32,36274.27
CZ16/OfS&0&cDXGF&New&dxAC_equip/NE-dxAC-PkgAC-135to239-New-EER-11.5/instance-out.sql,97269.46,36274.27
CZ16/OfS&0&cDXGF&New&dxAC_equip/NE-dxAC-PkgAC-135to239-New-EER-12.0/instance-out.sql,96635.62,36274.27
CZ16/OfS&0&cDXGF&New&dxAC_equip/NE-dxAC-PkgAC-135to239-New-EER-12.5/instance-out.sql,96017.77,36274.27
CZ16/OfS&0&cDXGF&New&dxAC_equip/NE-dxAC-PkgAC-240to759-New-EER-9.8/instance-out.sql,98803.96,36274.27
CZ16/OfS&0&cDXGF&New&dxAC_equip/NE-dxAC-PkgAC-240to759-New-EER-10.8/instance-out.sql,97230.71,36274.27
CZ16/OfS&0&cDXGF&New&dxAC_equip/NE-dxAC-PkgAC-240to759-New-EER-11.5/instance-out.sql,96251.95,36274.27
CZ16/OfS&0&cDXGF&New&dxAC_equip/NE-dxAC-PkgAC-240to759-New-EER-12.5/instance-out.sql,95064.15,36274.27
CZ16/OfS&0&cDXGF&New&dxAC_equip/NE-dxAC-PkgAC-gt760-New-EER-9.5/instance-out.sql,98437.70,36274.27
CZ16/OfS&0&cDXGF&New&dxAC_equip/NE-dxAC-PkgAC-gt760-New-EER-10.2/instance-out.sql,97269.46,36274.27
CZ16/OfS&0&cDXGF&New&dxAC_equip/NE-dxAC-PkgAC-gt760-New-EER-11.0/instance-out.sql,96150.67,36274.27
CZ16/OfS&0&cDXGF&New&dxAC_equip/NE-dxAC-PkgAC-gt760-New-EER-12.0/instance-out.sql,94921.95,36274.27
CZ16/RFF&0&cDXGF&New&dxAC_equip/NE-dxAC-PkgAC-65to134-New-EER-11.0/instance-out.sql,52559.40,53377.75
CZ16/RFF&0&cDXGF&New&dxAC_equip/NE-dxAC-PkgAC-65to134-New-EER-11.5/instance-out.sql,52331.42,53377.75
CZ16/RFF&0&cDXGF&New&dxAC_equip/NE-dxAC-PkgAC-65to134-New-EER-12.0/instance-out.sql,52122.16,53377.75
CZ16/RFF&0&cDXGF&New&dxAC_equip/NE-dxAC-PkgAC-65to134-New-EER-12.5/instance-out.sql,51929.41,53377.75
CZ16/RFF&0&cDXGF&New&dxAC_equip/NE-dxAC-PkgAC-65to134-New-EER-13.0/instance-out.sql,51741.23,53377.75
CZ16/RFF&0&cDXGF&New&dxAC_equip/NE-dxAC-PkgAC-135to239-New-EER-10.8/instance-out.sql,52545.42,53377.75
CZ16/RFF&0&cDXGF&New&dxAC_equip/NE-dxAC-PkgAC-135to239-New-EER-11.5/instance-out.sql,52218.45,53377.75
CZ16/RFF&0&cDXGF&New&dxAC_equip/NE-dxAC-PkgAC-135to239-New-EER-12.0/instance-out.sql,52018.18,53377.75
CZ16/RFF&0&cDXGF&New&dxAC_equip/NE-dxAC-PkgAC-135to239-New-EER-12.5/instance-out.sql,51822.96,53377.75
CZ16/RFF&0&cDXGF&New&dxAC_equip/NE-dxAC-PkgAC-240to759-New-EER-9.8/instance-out.sql,52703.29,53377.75
CZ16/RFF&0&cDXGF&New&dxAC_equip/NE-dxAC-PkgAC-240to759-New-EER-10.8/instance-out.sql,52206.21,53377.75
CZ16/RFF&0&cDXGF&New&dxAC_equip/NE-dxAC-PkgAC-240to759-New-EER-11.5/instance-out.sql,51896.96,53377.75
CZ16/RFF&0&cDXGF&New&dxAC_equip/NE-dxAC-PkgAC-240to759-New-EER-12.5/instance-out.sql,51521.66,53377.75
CZ16/RFF&0&cDXGF&New&dxAC_equip/NE-dxAC-PkgAC-gt760-New-EER-9.5/instance-out.sql,52587.57,53377.75
CZ16/RFF&0&cDXGF&New&dxAC_equip/NE-dxAC-PkgAC-gt760-New-EER-10.2/instance-out.sql,52218.45,53377.75
CZ16/RFF&0&cDXGF&New&dxAC_equip/NE-dxAC-PkgAC-gt760-New-EER-11.0/instance-out.sql,51864.96,53377.75
CZ16/RFF&0&cDXGF&New&dxAC_equip/NE-dxAC-PkgAC-gt760-New-EER-12.0/instance-out.sql,51476.73,53377.75
CZ16/RSD&0&cDXGF&New&dxAC_equip/NE-dxAC-PkgAC-65to134-New-EER-11.0/instance-out.sql,112628.25,148723.14
CZ16/RSD&0&cDXGF&New&dxAC_equip/NE-dxAC-PkgAC-65to134-New-EER-11.5/instance-out.sql,112502.94,148723.14
CZ16/RSD&0&cDXGF&New&dxAC_equip/NE-dxAC-PkgAC-65to134-New-EER-12.0/instance-out.sql,112387.93,148723.14
CZ16/RSD&0&cDXGF&New&dxAC_equip/NE-dxAC-PkgAC-65to134-New-EER-12.5/instance-out.sql,112281.99,148723.14
CZ16/RSD&0&cDXGF&New&dxAC_equip/NE-dxAC-PkgAC-65to134-New-EER-13.0/instance-out.sql,112178.56,148723.14
CZ16/RSD&0&cDXGF&New&dxAC_equip/NE-dxAC-PkgAC-135to239-New-EER-10.8/instance-out.sql,112620.57,148723.14
CZ16/RSD&0&cDXGF&New&dxAC_equip/NE-dxAC-PkgAC-135to239-New-EER-11.5/instance-out.sql,112440.85,148723.14
CZ16/RSD&0&cDXGF&New&dxAC_equip/NE-dxAC-PkgAC-135to239-New-EER-12.0/instance-out.sql,112330.78,148723.14
CZ16/RSD&0&cDXGF&New&dxAC_equip/NE-dxAC-PkgAC-135to239-New-EER-12.5/instance-out.sql,112223.49,148723.14
CZ16/RSD&0&cDXGF&New&dxAC_equip/NE-dxAC-PkgAC-240to759-New-EER-9.8/instance-out.sql,112707.33,148723.14
CZ16/RSD&0&cDXGF&New&dxAC_equip/NE-dxAC-PkgAC-240to759-New-EER-10.8/instance-out.sql,112434.13,148723.14
CZ16/RSD&0&cDXGF&New&dxAC_equip/NE-dxAC-PkgAC-240to759-New-EER-11.5/instance-out.sql,112264.16,148723.14
CZ16/RSD&0&cDXGF&New&dxAC_equip/NE-dxAC-PkgAC-240to759-New-EER-12.5/instance-out.sql,112057.89,148723.14
CZ16/RSD&0&cDXGF&New&dxAC_equip/NE-dxAC-PkgAC-gt760-New-EER-9.5/instance-out.sql,112643.73,148723.14
CZ16/RSD&0&cDXGF&New&dxAC_equip/NE-dxAC-PkgAC-gt760-New-EER-10.2/instance-out.sql,112440.85,148723.14
CZ16/RSD&0&cDXGF&New&dxAC_equip/NE-dxAC-PkgAC-gt760-New-EER-11.0/instance-out.sql,112246.57,148723.14
CZ16/RSD&0&cDXGF&New&dxAC_equip/NE-dxAC-PkgAC-gt760-New-EER-12.0/instance-out.sql,112033.19,148723.14
CZ16/Rt3&0&cDXGF&New&dxAC_equip/NE-dxAC-PkgAC-65to134-New-EER-11.0/instance-out.sql,1533696.15,304383.78
CZ16/Rt3&0&cDXGF&New&dxAC_equip/NE-dxAC-PkgAC-65to134-New-EER-11.5/instance-out.sql,1523553.09,304383.78
CZ16/Rt3&0&cDXGF&New&dxAC_equip/NE-dxAC-PkgAC-65to134-New-EER-12.0/instance-out.sql,1514243.03,304383.78
CZ16/Rt3&0&cDXGF&New&dxAC_equip/NE-dxAC-PkgAC-65to134-New-EER-12.5/instance-out.sql,1505667.42,304383.78
CZ16/Rt3&0&cDXGF&New&dxAC_equip/NE-dxAC-PkgAC-65to134-New-EER-13.0/instance-out.sql,1497295.15,304383.78
CZ16/Rt3&0&cDXGF&New&dxAC_equip/NE-dxAC-PkgAC-135to239-New-EER-10.8/instance-out.sql,1533074.44,304383.78
CZ16/Rt3&0&cDXGF&New&dxAC_equip/NE-dxAC-PkgAC-135to239-New-EER-11.5/instance-out.sql,1518527.12,304383.78
CZ16/Rt3&0&cDXGF&New&dxAC_equip/NE-dxAC-PkgAC-135to239-New-EER-12.0/instance-out.sql,1509617.14,304383.78
CZ16/Rt3&0&cDXGF&New&dxAC_equip/NE-dxAC-PkgAC-135to239-New-EER-12.5/instance-out.sql,1500931.78,304383.78
CZ16/Rt3&0&cDXGF&New&dxAC_equip/NE-dxAC-PkgAC-240to759-New-EER-9.8/instance-out.sql,1540098.04,304383.78
CZ16/Rt3&0&cDXGF&New&dxAC_equip/NE-dxAC-PkgAC-240to759-New-EER-10.8/instance-out.sql,1517982.40,304383.78
CZ16/Rt3&0&cDXGF&New&dxAC_equip/NE-dxAC-PkgAC-240to759-New-EER-11.5/instance-out.sql,1504223.81,304383.78
CZ16/Rt3&0&cDXGF&New&dxAC_equip/NE-dxAC-PkgAC-240to759-New-EER-12.5/instance-out.sql,1487526.52,304383.78
CZ16/Rt3&0&cDXGF&New&dxAC_equip/NE-dxAC-PkgAC-gt760-New-EER-9.5/instance-out.sql,1534949.43,304383.78
CZ16/Rt3&0&cDXGF&New&dxAC_equip/NE-dxAC-PkgAC-gt760-New-EER-10.2/instance-out.sql,1518527.12,304383.78
CZ16/Rt3&0&cDXGF&New&dxAC_equip/NE-dxAC-PkgAC-gt760-New-EER-11.0/instance-out.sql,1502800.03,304383.78
CZ16/Rt3&0&cDXGF&New&dxAC_equip/NE-dxAC-PkgAC-gt760-New-EER-12.0/instance-out.sql,1485527.57,304383.78
CZ16/RtL&0&cDXGF&New&dxAC_equip/NE-dxAC-PkgAC-65to134-New-EER-11.0/instance-out.sql,1563831.81,296093.40
CZ16/RtL&0&cDXGF&New&dxAC_equip/NE-dxAC-PkgAC-65to134-New-EER-11.5/instance-out.sql,1553486.10,296093.40
CZ16/RtL&0&cDXGF&New&dxAC_equip/NE-dxAC-PkgAC-65to134-New-EER-12.0/instance-out.sql,1543990.03,296093.40
CZ16/RtL&0&cDXGF&New&dxAC_equip/NE-dxAC-PkgAC-65to134-New-EER-12.5/instance-out.sql,1535243.08,296093.40
CZ16/RtL&0&cDXGF&New&dxAC_equip/NE-dxAC-PkgAC-65to134-New-EER-13.0/instance-out.sql,1526703.53,296093.40
CZ16/RtL&0&cDXGF&New&dxAC_equip/NE-dxAC-PkgAC-135to239-New-EER-10.8/instance-out.sql,1563197.68,296093.40
CZ16/RtL&0&cDXGF&New&dxAC_equip/NE-dxAC-PkgAC-135to239-New-EER-11.5/instance-out.sql,1548359.71,296093.40
CZ16/RtL&0&cDXGF&New&dxAC_equip/NE-dxAC-PkgAC-135to239-New-EER-12.0/instance-out.sql,1539271.71,296093.40
CZ16/RtL&0&cDXGF&New&dxAC_equip/NE-dxAC-PkgAC-135to239-New-EER-12.5/instance-out.sql,1530412.82,296093.40
CZ16/RtL&0&cDXGF&New&dxAC_equip/NE-dxAC-PkgAC-240to759-New-EER-9.8/instance-out.sql,1570361.62,296093.40
CZ16/RtL&0&cDXGF&New&dxAC_equip/NE-dxAC-PkgAC-240to759-New-EER-10.8/instance-out.sql,1547804.10,296093.40
CZ16/RtL&0&cDXGF&New&dxAC_equip/NE-dxAC-PkgAC-240to759-New-EER-11.5/instance-out.sql,1533770.63,296093.40
CZ16/RtL&0&cDXGF&New&dxAC_equip/NE-dxAC-PkgAC-240to759-New-EER-12.5/instance-out.sql,1516739.73,296093.40
CZ16/RtL&0&cDXGF&New&dxAC_equip/NE-dxAC-PkgAC-gt760-New-EER-9.5/instance-out.sql,1565110.13,296093.40
CZ16/RtL&0&cDXGF&New&dxAC_equip/NE-dxAC-PkgAC-gt760-New-EER-10.2/instance-out.sql,1548359.71,296093.40
CZ16/RtL&0&cDXGF&New&dxAC_equip/NE-dxAC-PkgAC-gt760-New-EER-11.0/instance-out.sql,1532318.40,296093.40
CZ16/RtL&0&cDXGF&New&dxAC_equip/NE-dxAC-PkgAC-gt760-New-EER-12.0/instance-out.sql,1514700.83,296093.40
CZ16/RtS&0&cDXGF&New&dxAC_equip/NE-dxAC-PkgAC-65to134-New-EER-11.0/instance-out.sql,92423.39,33381.46
CZ16/RtS&0&cDXGF&New&dxAC_equip/NE-dxAC-PkgAC-65to134-New-EER-11.5/instance-out.sql,91749.28,33381.46
CZ16/RtS&0&cDXGF&New&dxAC_equip/NE-dxAC-PkgAC-65to134-New-EER-12.0/instance-out.sql,91130.54,33381.46
CZ16/RtS&0&cDXGF&New&dxAC_equip/NE-dxAC-PkgAC-65to134-New-EER-12.5/instance-out.sql,90560.61,33381.46
CZ16/RtS&0&cDXGF&New&dxAC_equip/NE-dxAC-PkgAC-65to134-New-EER-13.0/instance-out.sql,90004.19,33381.46
CZ16/RtS&0&cDXGF&New&dxAC_equip/NE-dxAC-PkgAC-135to239-New-EER-10.8/instance-out.sql,92382.07,33381.46
CZ16/RtS&0&cDXGF&New&dxAC_equip/NE-dxAC-PkgAC-135to239-New-EER-11.5/instance-out.sql,91415.26,33381.46
CZ16/RtS&0&cDXGF&New&dxAC_equip/NE-dxAC-PkgAC-135to239-New-EER-12.0/instance-out.sql,90823.11,33381.46
CZ16/RtS&0&cDXGF&New&dxAC_equip/NE-dxAC-PkgAC-135to239-New-EER-12.5/instance-out.sql,90245.88,33381.46
CZ16/RtS&0&cDXGF&New&dxAC_equip/NE-dxAC-PkgAC-240to759-New-EER-9.8/instance-out.sql,92848.86,33381.46
CZ16/RtS&0&cDXGF&New&dxAC_equip/NE-dxAC-PkgAC-240to759-New-EER-10.8/instance-out.sql,91379.06,33381.46
CZ16/RtS&0&cDXGF&New&dxAC_equip/NE-dxAC-PkgAC-240to759-New-EER-11.5/instance-out.sql,90464.67,33381.46
CZ16/RtS&0&cDXGF&New&dxAC_equip/NE-dxAC-PkgAC-240to759-New-EER-12.5/instance-out.sql,89354.97,33381.46
CZ16/RtS&0&cDXGF&New&dxAC_equip/NE-dxAC-PkgAC-gt760-New-EER-9.5/instance-out.sql,92506.68,33381.46
CZ16/RtS&0&cDXGF&New&dxAC_equip/NE-dxAC-PkgAC-gt760-New-EER-10.2/instance-out.sql,91415.26,33381.46
CZ16/RtS&0&cDXGF&New&dxAC_equip/NE-dxAC-PkgAC-gt760-New-EER-11.0/instance-out.sql,90370.04,33381.46
CZ16/RtS&0&cDXGF&New&dxAC_equip/NE-dxAC-PkgAC-gt760-New-EER-12.0/instance-out.sql,89222.12,33381.46
CZ16/SCn&0&cDXGF&New&dxAC_equip/NE-dxAC-PkgAC-65to134-New-EER-11.0/instance-out.sql,2722499.89,1092070.39
CZ16/SCn&0&cDXGF&New&dxAC_equip/NE-dxAC-PkgAC-65to134-New-EER-11.5/instance-out.sql,2702075.25,1092070.39
CZ16/SCn&0&cDXGF&New&dxAC_equip/NE-dxAC-PkgAC-65to134-New-EER-12.0/instance-out.sql,2683327.99,1092070.39
CZ16/SCn&0&cDXGF&New&dxAC_equip/NE-dxAC-PkgAC-65to134-New-EER-12.5/instance-out.sql,2666059.63,1092070.39
CZ16/SCn&0&cDXGF&New&dxAC_equip/NE-dxAC-PkgAC-65to134-New-EER-13.0/instance-out.sql,2649200.76,1092070.39
CZ16/SCn&0&cDXGF&New&dxAC_equip/NE-dxAC-PkgAC-135to239-New-EER-10.8/instance-out.sql,2721247.99,1092070.39
CZ16/SCn&0&cDXGF&New&dxAC_equip/NE-dxAC-PkgAC-135to239-New-EER-11.5/instance-out.sql,2691954.66,1092070.39
CZ16/SCn&0&cDXGF&New&dxAC_equip/NE-dxAC-PkgAC-135to239-New-EER-12.0/instance-out.sql,2674013.02,1092070.39
CZ16/SCn&0&cDXGF&New&dxAC_equip/NE-dxAC-PkgAC-135to239-New-EER-12.5/instance-out.sql,2656523.69,1092070.39
CZ16/SCn&0&cDXGF&New&dxAC_equip/NE-dxAC-PkgAC-240to759-New-EER-9.8/instance-out.sql,2735391.12,1092070.39
CZ16/SCn&0&cDXGF&New&dxAC_equip/NE-dxAC-PkgAC-240to759-New-EER-10.8/instance-out.sql,2690857.78,1092070.39
CZ16/SCn&0&cDXGF&New&dxAC_equip/NE-dxAC-PkgAC-240to759-New-EER-11.5/instance-out.sql,2663152.71,1092070.39
CZ16/SCn&0&cDXGF&New&dxAC_equip/NE-dxAC-PkgAC-240to759-New-EER-12.5/instance-out.sql,2629530.09,1092070.39
CZ16/SCn&0&cDXGF&New&dxAC_equip/NE-dxAC-PkgAC-gt760-New-EER-9.5/instance-out.sql,2725023.57,1092070.39
CZ16/SCn&0&cDXGF&New&dxAC_equip/NE-dxAC-PkgAC-gt760-New-EER-10.2/instance-out.sql,2691954.66,1092070.39
CZ16/SCn&0&cDXGF&New&dxAC_equip/NE-dxAC-PkgAC-gt760-New-EER-11.0/instance-out.sql,2660285.70,1092070.39
CZ16/SCn&0&cDXGF&New&dxAC_equip/NE-dxAC-PkgAC-gt760-New-EER-12.0/instance-out.sql,2625504.87,1092070.39

File Name,Unmet Heating (Hours),Unmet Cooling (Hours)
CZ15/Asm&0&cDXGF&New&dxAC_equip/NE-dxAC-PkgAC-65to134-New-EER-11.0/instance-out.sql,0.00,343.00
CZ15/Asm&0&cDXGF&New&dxAC_equip/NE-dxAC-PkgAC-65to134-New-EER-11.5/instance-out.sql,0.00,343.00
CZ15/Asm&0&cDXGF&New&dxAC_equip/NE-dxAC-PkgAC-65to134-New-EER-12.0/instance-out.sql,0.00,343.00
CZ15/Asm&0&cDXGF&New&dxAC_equip/NE-dxAC-PkgAC-65to134-New-EER-12.5/instance-out.sql,0.00,343.00
CZ15/Asm&0&cDXGF&New&dxAC_equip/NE-dxAC-PkgAC-65to134-New-EER-13.0/instance-out.sql,0.00,343.00
CZ15/Asm&0&cDXGF&New&dxAC_equip/NE-dxAC-PkgAC-135to239-New-EER-10.8/instance-out.sql,0.00,343.00
CZ15/Asm&0&cDXGF&New&dxAC_equip/NE-dxAC-PkgAC-135to239-New-EER-11.5/instance-out.sql,0.00,343.00
CZ15/Asm&0&cDXGF&New&dxAC_equip/NE-dxAC-PkgAC-135to239-New-EER-12.0/instance-out.sql,0.00,343.00
CZ15/Asm&0&cDXGF&New&dxAC_equip/NE-dxAC-PkgAC-135to239-New-EER-12.5/instance-out.sql,0.00,343.00
CZ15/Asm&0&cDXGF&New&dxAC_equip/NE-dxAC-PkgAC-240to759-New-EER-9.8/instance-out.sql,0.00,343.00
CZ15/Asm&0&cDXGF&New&dxAC_equip/NE-dxAC-PkgAC-240to759-New-EER-10.8/instance-out.sql,0.00,343.00
CZ15/Asm&0&cDXGF&New&dxAC_equip/NE-dxAC-PkgAC-240to759-New-EER-11.5/instance-out.sql,0.00,343.00
CZ15/Asm&0&cDXGF&New&dxAC_equip/NE-dxAC-PkgAC-240to759-New-EER-12.5/instance-out.sql,0.00,343.00
CZ15/Asm&0&cDXGF&New&dxAC_equip/NE-dxAC-PkgAC-gt760-New-EER-9.5/instance-out.sql,0.00,343.00
CZ15/Asm&0&cDXGF&New&dxAC_equip/NE-dxAC-PkgAC-gt760-New-EER-10.2/instance-out.sql,0.00,343.00
CZ15/Asm&0&cDXGF&New&dxAC_equip/NE-dxAC-PkgAC-gt760-New-EER-11.0/instance-out.sql,0.00,343.00
CZ15/Asm&0&cDXGF&New&dxAC_equip/NE-dxAC-PkgAC-gt760-New-EER-12.0/instance-out.sql,0.00,343.00
CZ15/ECC&0&cDXGF&New&dxAC_equip/NE-dxAC-PkgAC-65to134-New-EER-11.0/instance-out.sql,0.00,6500.00
CZ15/ECC&0&cDXGF&New&dxAC_equip/NE-dxAC-PkgAC-65to134-New-EER-11.5/instance-out.sql,0.00,6500.00
CZ15/ECC&0&cDXGF&New&dxAC_equip/NE-dxAC-PkgAC-65to134-New-EER-12.0/instance-out.sql,0.00,6500.00
CZ15/ECC&0&cDXGF&New&dxAC_equip/NE-dxAC-PkgAC-65to134-New-EER-12.5/instance-out.sql,0.00,6500.00
CZ15/ECC&0&cDXGF&New&dxAC_equip/NE-dxAC-PkgAC-65to134-New-EER-13.0/instance-out.sql,0.00,6500.00
CZ15/ECC&0&cDXGF&New&dxAC_equip/NE-dxAC-PkgAC-135to239-New-EER-10.8/instance-out.sql,0.00,6500.00
CZ15/ECC&0&cDXGF&New&dxAC_equip/NE-dxAC-PkgAC-135to239-New-EER-11.5/instance-out.sql,0.00,6500.00
CZ15/ECC&0&cDXGF&New&dxAC_equip/NE-dxAC-PkgAC-135to239-New-EER-12.0/instance-out.sql,0.00,6500.00
CZ15/ECC&0&cDXGF&New&dxAC_equip/NE-dxAC-PkgAC-135to239-New-EER-12.5/instance-out.sql,0.00,6500.00
CZ15/ECC&0&cDXGF&New&dxAC_equip/NE-dxAC-PkgAC-240to759-New-EER-9.8/instance-out.sql,0.00,6500.00
CZ15/ECC&0&cDXGF&New&dxAC_equip/NE-dxAC-PkgAC-240to759-New-EER-10.8/instance-out.sql,0.00,6500.00
CZ15/ECC&0&cDXGF&New&dxAC_equip/NE-dxAC-PkgAC-240to759-New-EER-11.5/instance-out.sql,0.00,6500.00
CZ15/ECC&0&cDXGF&New&dxAC_equip/NE-dxAC-PkgAC-240to759-New-EER-12.5/instance-out.sql,0.00,6500.00
CZ15/ECC&0&cDXGF&New&dxAC_equip/NE-dxAC-PkgAC-gt760-New-EER-9.5/instance-out.sql,0.00,6500.00
CZ15/ECC&0&cDXGF&New&dxAC_equip/NE-dxAC-PkgAC-gt760-New-EER-10.2/instance-out.sql,0.00,6500.00
CZ15/ECC&0&cDXGF&New&dxAC_equip/NE-dxAC-PkgAC-gt760-New-EER-11.0/instance-out.sql,0.00,6500.00
CZ15/ECC&0&cDXGF&New&dxAC_equip/NE-dxAC-PkgAC-gt760-New-EER-12.0/instance-out.sql,0.00,6500.00
CZ15/EPr&0&cDXGF&New&dxAC_equip/NE-dxAC-PkgAC-65to134-New-EER-11.0/instance-out.sql,0.00,173.00
CZ15/EPr&0&cDXGF&New&dxAC_equip/NE-dxAC-PkgAC-65to134-New-EER-11.5/instance-out.sql,0.00,173.00
CZ15/EPr&0&cDXGF&New&dxAC_equip/NE-dxAC-PkgAC-65to134-New-EER-12.0/instance-out.sql,0.00,173.00
CZ15/EPr&0&cDXGF&New&dxAC_equip/NE-dxAC-PkgAC-65to134-New-EER-12.5/instance-out.sql,0.00,173.00
CZ15/EPr&0&cDXGF&New&dxAC_equip/NE-dxAC-PkgAC-65to134-New-EER-13.0/instance-out.sql,0.00,173.00
CZ15/EPr&0&cDXGF&New&dxAC_equip/NE-dxAC-PkgAC-135to239-New-EER-10.8/instance-out.sql,0.00,173.00
CZ15/EPr&0&cDXGF&New&dxAC_equip/NE-dxAC-PkgAC-135to239-New-EER-11.5/instance-out.sql,0.00,173.00
CZ15/EPr&0&cDXGF&New&dxAC_equip/NE-dxAC-PkgAC-135to239-New-EER-12.0/instance-out.sql,0.00,173.00
CZ15/EPr&0&cDXGF&New&dxAC_equip/NE-dxAC-PkgAC-135to239-New-EER-12.5/instance-out.sql,0.00,173.00
CZ15/EPr&0&cDXGF&New&dxAC_equip/NE-dxAC-PkgAC-240to759-New-EER-9.8/instance-out.sql,0.00,173.00
CZ15/EPr&0&cDXGF&New&dxAC_equip/NE-dxAC-PkgAC-240to759-New-EER-10.8/instance-out.sql,0.00,173.00
CZ15/EPr&0&cDXGF&New&dxAC_equip/NE-dxAC-PkgAC-240to759-New-EER-11.5/instance-out.sql,0.00,173.00
CZ15/EPr&0&cDXGF&New&dxAC_equip/NE-dxAC-PkgAC-240to759-New-EER-12.5/instance-out.sql,0.00,173.00
CZ15/EPr&0&cDXGF&New&dxAC_equip/NE-dxAC-PkgAC-gt760-New-EER-9.5/instance-out.sql,0.00,173.00
CZ15/EPr&0&cDXGF&New&dxAC_equip/NE-dxAC-PkgAC-gt760-New-EER-10.2/instance-out.sql,0.00,173.00
CZ15/EPr&0&cDXGF&New&dxAC_equip/NE-dxAC-PkgAC-gt760-New-EER-11.0/instance-out.sql,0.00,173.00
CZ15/EPr&0&cDXGF&New&dxAC_equip/NE-dxAC-PkgAC-gt760-New-EER-12.0/instance-out.sql,0.00,173.00
CZ15/ERC&0&cDXGF&New&dxAC_equip/NE-dxAC-PkgAC-65to134-New-EER-11.0/instance-out.sql,0.00,7.00
CZ15/ERC&0&cDXGF&New&dxAC_equip/NE-dxAC-PkgAC-65to134-New-EER-11.5/instance-out.sql,0.00,7.00
CZ15/ERC&0&cDXGF&New&dxAC_equip/NE-dxAC-PkgAC-65to134-New-EER-12.0/instance-out.sql,0.00,7.00
CZ15/ERC&0&cDXGF&New&dxAC_equip/NE-dxAC-PkgAC-65to134-New-EER-12.5/instance-out.sql,0.00,7.00
CZ15/ERC&0&cDXGF&New&dxAC_equip/NE-dxAC-PkgAC-65to134-New-EER-13.0/instance-out.sql,0.00,7.00
CZ15/ERC&0&cDXGF&New&dxAC_equip/NE-dxAC-PkgAC-135to239-New-EER-10.8/instance-out.sql,0.00,7.00
CZ15/ERC&0&cDXGF&New&dxAC_equip/NE-dxAC-PkgAC-135to239-New-EER-11.5/instance-out.sql,0.00,7.00
CZ15/ERC&0&cDXGF&New&dxAC_equip/NE-dxAC-PkgAC-135to239-New-EER-12.0/instance-out.sql,0.00,7.00
CZ15/ERC&0&cDXGF&New&dxAC_equip/NE-dxAC-PkgAC-135to239-New-EER-12.5/instance-out.sql,0.00,7.00
CZ15/ERC&0&cDXGF&New&dxAC_equip/NE-dxAC-PkgAC-240to759-New-EER-9.8/instance-out.sql,0.00,7.00
CZ15/ERC&0&cDXGF&New&dxAC_equip/NE-dxAC-PkgAC-240to759-New-EER-10.8/instance-out.sql,0.00,7.00
CZ15/ERC&0&cDXGF&New&dxAC_equip/NE-dxAC-PkgAC-240to759-New-EER-11.5/instance-out.sql,0.00,7.00
CZ15/ERC&0&cDXGF&New&dxAC_equip/NE-dxAC-PkgAC-240to759-New-EER-12.5/instance-out.sql,0.00,7.00
CZ15/ERC&0&cDXGF&New&dxAC_equip/NE-dxAC-PkgAC-gt760-New-EER-9.5/instance-out.sql,0.00,7.00
CZ15/ERC&0&cDXGF&New&dxAC_equip/NE-dxAC-PkgAC-gt760-New-EER-10.2/instance-out.sql,0.00,7.00
CZ15/ERC&0&cDXGF&New&dxAC_equip/NE-dxAC-PkgAC-gt760-New-EER-11.0/instance-out.sql,0.00,7.00
CZ15/ERC&0&cDXGF&New&dxAC_equip/NE-dxAC-PkgAC-gt760-New-EER-12.0/instance-out.sql,0.00,7.00
CZ15/ESe&0&cDXGF&New&dxAC_equip/NE-dxAC-PkgAC-65to134-New-EER-11.0/instance-out.sql,0.00,147.00
CZ15/ESe&0&cDXGF&New&dxAC_equip/NE-dxAC-PkgAC-65to134-New-EER-11.5/instance-out.sql,0.00,147.00
CZ15/ESe&0&cDXGF&New&dxAC_equip/NE-dxAC-PkgAC-65to134-New-EER-12.0/instance-out.sql,0.00,147.00
CZ15/ESe&0&cDXGF&New&dxAC_equip/NE-dxAC-PkgAC-65to134-New-EER-12.5/instance-out.sql,0.00,147.00
CZ15/ESe&0&cDXGF&New&dxAC_equip/NE-dxAC-PkgAC-65to134-New-EER-13.0/instance-out.sql,0.00,147.00
CZ15/ESe&0&cDXGF&New&dxAC_equip/NE-dxAC-PkgAC-135to239-New-EER-10.8/instance-out.sql,0.00,147.00
CZ15/ESe&0&cDXGF&New&dxAC_equip/NE-dxAC-PkgAC-135to239-New-EER-11.5/instance-out.sql,0.00,147.00
CZ15/ESe&0&cDXGF&New&dxAC_equip/NE-dxAC-PkgAC-135to239-New-EER-12.0/instance-out.sql,0.00,147.00
CZ15/ESe&0&cDXGF&New&dxAC_equip/NE-dxAC-PkgAC-135to239-New-EER-12.5/instance-out.sql,0.00,147.00
CZ15/ESe&0&cDXGF&New&dxAC_equip/NE-dxAC-PkgAC-240to759-New-EER-9.8/instance-out.sql,0.00,147.00
CZ15/ESe&0&cDXGF&New&dxAC_equip/NE-dxAC-PkgAC-240to759-New-EER-10.8/instance-out.sql,0.00,147.00
CZ15/ESe&0&cDXGF&New&dxAC_equip/NE-dxAC-PkgAC-240to759-New-EER-11.5/instance-out.sql,0.00,147.00
CZ15/ESe&0&cDXGF&New&dxAC_equip/NE-dxAC-PkgAC-240to759-New-EER-12.5/instance-out.sql,0.00,147.00
CZ15/ESe&0&cDXGF&New&dxAC_equip/NE-dxAC-PkgAC-gt760-New-EER-9.5/instance-out.sql,0.00,147.00
CZ15/ESe&0&cDXGF&New&dxAC_equip/NE-dxAC-PkgAC-gt760-New-EER-10.2/instance-out.sql,0.00,147.00
CZ15/ESe&0&cDXGF&New&dxAC_equip/NE-dxAC-PkgAC-gt760-New-EER-11.0/instance-out.sql,0.00,147.00
CZ15/ESe&0&cDXGF&New&dxAC_equip/NE-dxAC-PkgAC-gt760-New-EER-12.0/instance-out.sql,0.00,147.00
CZ15/EUn&0&cDXGF&New&dxAC_equip/NE-dxAC-PkgAC-65to134-New-EER-11.0/instance-out.sql,0.00,479.00
CZ15/EUn&0&cDXGF&New&dxAC_equip/NE-dxAC-PkgAC-65to134-New-EER-11.5/instance-out.sql,0.00,479.00
CZ15/EUn&0&cDXGF&New&dxAC_equip/NE-dxAC-PkgAC-65to134-New-EER-12.0/instance-out.sql,0.00,479.00
CZ15/EUn&0&cDXGF&New&dxAC_equip/NE-dxAC-PkgAC-65to134-New-EER-12.5/instance-out.sql,0.00,479.00
CZ15/EUn&0&cDXGF&New&dxAC_equip/NE-dxAC-PkgAC-65to134-New-EER-13.0/instance-out.sql,0.00,479.00
CZ15/EUn&0&cDXGF&New&dxAC_equip/NE-dxAC-PkgAC-135to239-New-EER-10.8/instance-out.sql,0.00,479.00
CZ15/EUn&0&cDXGF&New&dxAC_equip/NE-dxAC-PkgAC-135to239-New-EER-11.5/instance-out.sql,0.00,479.00
CZ15/EUn&0&cDXGF&New&dxAC_equip/NE-dxAC-PkgAC-135to239-New-EER-12.0/instance-out.sql,0.00,479.00
CZ15/EUn&0&cDXGF&New&dxAC_equip/NE-dxAC-PkgAC-135to239-New-EER-12.5/instance-out.sql,0.00,479.00
CZ15/EUn&0&cDXGF&New&dxAC_equip/NE-dxAC-PkgAC-240to759-New-EER-9.8/instance-out.sql,0.00,479.00
CZ15/EUn&0&cDXGF&New&dxAC_equip/NE-dxAC-PkgAC-240to759-New-EER-10.8/instance-out.sql,0.00,479.00
CZ15/EUn&0&cDXGF&New&dxAC_equip/NE-dxAC-PkgAC-240to759-New-EER-11.5/instance-out.sql,0.00,479.00
CZ15/EUn&0&cDXGF&New&dxAC_equip/NE-dxAC-PkgAC-240to759-New-EER-12.5/instance-out.sql,0.00,479.00
CZ15/EUn&0&cDXGF&New&dxAC_equip/NE-dxAC-PkgAC-gt760-New-EER-9.5/instance-out.sql,0.00,479.00
CZ15/EUn&0&cDXGF&New&dxAC_equip/NE-dxAC-PkgAC-gt760-New-EER-10.2/instance-out.sql,0.00,479.00
CZ15/EUn&0&cDXGF&New&dxAC_equip/NE-dxAC-PkgAC-gt760-New-EER-11.0/instance-out.sql,0.00,479.00
CZ15/EUn&0&cDXGF&New&dxAC_equip/NE-dxAC-PkgAC-gt760-New-EER-12.0/instance-out.sql,0.00,479.00
CZ15/Gro&0&cDXGF&New&dxAC_equip/NE-dxAC-PkgAC-65to134-New-EER-11.0/instance-out.sql,0.00,0.00
CZ15/Gro&0&cDXGF&New&dxAC_equip/NE-dxAC-PkgAC-65to134-New-EER-11.5/instance-out.sql,0.00,0.00
CZ15/Gro&0&cDXGF&New&dxAC_equip/NE-dxAC-PkgAC-65to134-New-EER-12.0/instance-out.sql,0.00,0.00
CZ15/Gro&0&cDXGF&New&dxAC_equip/NE-dxAC-PkgAC-65to134-New-EER-12.5/instance-out.sql,0.00,0.00
CZ15/Gro&0&cDXGF&New&dxAC_equip/NE-dxAC-PkgAC-65to134-New-EER-13.0/instance-out.sql,0.00,0.00
CZ15/Gro&0&cDXGF&New&dxAC_equip/NE-dxAC-PkgAC-135to239-New-EER-10.8/instance-out.sql,0.00,0.00
CZ15/Gro&0&cDXGF&New&dxAC_equip/NE-dxAC-PkgAC-135to239-New-EER-11.5/instance-out.sql,0.00,0.00
CZ15/Gro&0&cDXGF&New&dxAC_equip/NE-dxAC-PkgAC-135to239-New-EER-12.0/instance-out.sql,0.00,0.00
CZ15/Gro&0&cDXGF&New&dxAC_equip/NE-dxAC-PkgAC-135to239-New-EER-12.5/instance-out.sql,0.00,0.00
CZ15/Gro&0&cDXGF&New&dxAC_equip/NE-dxAC-PkgAC-240to759-New-EER-9.8/instance-out.sql,0.00,0.00
CZ15/Gro&0&cDXGF&New&dxAC_equip/NE-dxAC-PkgAC-240to759-New-EER-10.8/instance-out.sql,0.00,0.00
CZ15/Gro&0&cDXGF&New&dxAC_equip/NE-dxAC-PkgAC-240to759-New-EER-11.5/instance-out.sql,0.00,0.00
CZ15/Gro&0&cDXGF&New&dxAC_equip/NE-dxAC-PkgAC-240to759-New-EER-12.5/instance-out.sql,0.00,0.00
CZ15/Gro&0&cDXGF&New&dxAC_equip/NE-dxAC-PkgAC-gt760-New-EER-9.5/instance-out.sql,0.00,0.00
CZ15/Gro&0&cDXGF&New&dxAC_equip/NE-dxAC-PkgAC-gt760-New-EER-10.2/instance-out.sql,0.00,0.00
CZ15/Gro&0&cDXGF&New&dxAC_equip/NE-dxAC-PkgAC-gt760-New-EER-11.0/instance-out.sql,0.00,0.00
CZ15/Gro&0&cDXGF&New&dxAC_equip/NE-dxAC-PkgAC-gt760-New-EER-12.0/instance-out.sql,0.00,0.00
CZ15/Hsp&0&cDXGF&New&dxAC_equip/NE-dxAC-PkgAC-65to134-New-EER-11.0/instance-out.sql,0.00,83.00
CZ15/Hsp&0&cDXGF&New&dxAC_equip/NE-dxAC-PkgAC-65to134-New-EER-11.5/instance-out.sql,0.00,83.00
CZ15/Hsp&0&cDXGF&New&dxAC_equip/NE-dxAC-PkgAC-65to134-New-EER-12.0/instance-out.sql,0.00,83.00
CZ15/Hsp&0&cDXGF&New&dxAC_equip/NE-dxAC-PkgAC-65to134-New-EER-12.5/instance-out.sql,0.00,83.00
CZ15/Hsp&0&cDXGF&New&dxAC_equip/NE-dxAC-PkgAC-65to134-New-EER-13.0/instance-out.sql,0.00,83.00
CZ15/Hsp&0&cDXGF&New&dxAC_equip/NE-dxAC-PkgAC-135to239-New-EER-10.8/instance-out.sql,0.00,83.00
CZ15/Hsp&0&cDXGF&New&dxAC_equip/NE-dxAC-PkgAC-135to239-New-EER-11.5/instance-out.sql,0.00,83.00
CZ15/Hsp&0&cDXGF&New&dxAC_equip/NE-dxAC-PkgAC-135to239-New-EER-12.0/instance-out.sql,0.00,83.00
CZ15/Hsp&0&cDXGF&New&dxAC_equip/NE-dxAC-PkgAC-135to239-New-EER-12.5/instance-out.sql,0.00,83.00
CZ15/Hsp&0&cDXGF&New&dxAC_equip/NE-dxAC-PkgAC-240to759-New-EER-9.8/instance-out.sql,0.00,83.00
CZ15/Hsp&0&cDXGF&New&dxAC_equip/NE-dxAC-PkgAC-240to759-New-EER-10.8/instance-out.sql,0.00,83.00
CZ15/Hsp&0&cDXGF&New&dxAC_equip/NE-dxAC-PkgAC-240to759-New-EER-11.5/instance-out.sql,0.00,83.00
CZ15/Hsp&0&cDXGF&New&dxAC_equip/NE-dxAC-PkgAC-240to759-New-EER-12.5/instance-out.sql,0.00,83.00
CZ15/Hsp&0&cDXGF&New&dxAC_equip/NE-dxAC-PkgAC-gt760-New-EER-9.5/instance-out.sql,0.00,83.00
CZ15/Hsp&0&cDXGF&New&dxAC_equip/NE-dxAC-PkgAC-gt760-New-EER-10.2/instance-out.sql,0.00,83.00
CZ15/Hsp&0&cDXGF&New&dxAC_equip/NE-dxAC-PkgAC-gt760-New-EER-11.0/instance-out.sql,0.00,83.00
CZ15/Hsp&0&cDXGF&New&dxAC_equip/NE-dxAC-PkgAC-gt760-New-EER-12.0/instance-out.sql,0.00,83.00
CZ15/MBT&0&cDXGF&New&dxAC_equip/NE-dxAC-PkgAC-65to134-New-EER-11.0/instance-out.sql,0.00,343.00
CZ15/MBT&0&cDXGF&New&dxAC_equip/NE-dxAC-PkgAC-65to134-New-EER-11.5/instance-out.sql,0.00,343.00
CZ15/MBT&0&cDXGF&New&dxAC_equip/NE-dxAC-PkgAC-65to134-New-EER-12.0/instance-out.sql,0.00,343.00
CZ15/MBT&0&cDXGF&New&dxAC_equip/NE-dxAC-PkgAC-65to134-New-EER-12.5/instance-out.sql,0.00,343.00
CZ15/MBT&0&cDXGF&New&dxAC_equip/NE-dxAC-PkgAC-65to134-New-EER-13.0/instance-out.sql,0.00,343.00
CZ15/MBT&0&cDXGF&New&dxAC_equip/NE-dxAC-PkgAC-135to239-New-EER-10.8/instance-out.sql,0.00,343.00
CZ15/MBT&0&cDXGF&New&dxAC_equip/NE-dxAC-PkgAC-135to239-New-EER-11.5/instance-out.sql,0.00,343.00
CZ15/MBT&0&cDXGF&New&dxAC_equip/NE-dxAC-PkgAC-135to239-New-EER-12.0/instance-out.sql,0.00,343.00
CZ15/MBT&0&cDXGF&New&dxAC_equip/NE-dxAC-PkgAC-135to239-New-EER-12.5/instance-out.sql,0.00,343.00
CZ15/MBT&0&cDXGF&New&dxAC_equip/NE-dxAC-PkgAC-240to759-New-EER-9.8/instance-out.sql,0.00,343.00
CZ15/MBT&0&cDXGF&New&dxAC_equip/NE-dxAC-PkgAC-240to759-New-EER-10.8/instance-out.sql,0.00,343.00
CZ15/MBT&0&cDXGF&New&dxAC_equip/NE-dxAC-PkgAC-240to759-New-EER-11.5/instance-out.sql,0.00,343.00
CZ15/MBT&0&cDXGF&New&dxAC_equip/NE-dxAC-PkgAC-240to759-New-EER-12.5/instance-out.sql,0.00,343.00
CZ15/MBT&0&cDXGF&New&dxAC_equip/NE-dxAC-PkgAC-gt760-New-EER-9.5/instance-out.sql,0.00,343.00
CZ15/MBT&0&cDXGF&New&dxAC_equip/NE-dxAC-PkgAC-gt760-New-EER-10.2/instance-out.sql,0.00,343.00
CZ15/MBT&0&cDXGF&New&dxAC_equip/NE-dxAC-PkgAC-gt760-New-EER-11.0/instance-out.sql,0.00,343.00
CZ15/MBT&0&cDXGF&New&dxAC_equip/NE-dxAC-PkgAC-gt760-New-EER-12.0/instance-out.sql,0.00,343.00
CZ15/MLI&0&cDXGF&New&dxAC_equip/NE-dxAC-PkgAC-65to134-New-EER-11.0/instance-out.sql,0.00,18.00
CZ15/MLI&0&cDXGF&New&dxAC_equip/NE-dxAC-PkgAC-65to134-New-EER-11.5/instance-out.sql,0.00,18.00
CZ15/MLI&0&cDXGF&New&dxAC_equip/NE-dxAC-PkgAC-65to134-New-EER-12.0/instance-out.sql,0.00,18.00
CZ15/MLI&0&cDXGF&New&dxAC_equip/NE-dxAC-PkgAC-65to134-New-EER-12.5/instance-out.sql,0.00,18.00
CZ15/MLI&0&cDXGF&New&dxAC_equip/NE-dxAC-PkgAC-65to134-New-EER-13.0/instance-out.sql,0.00,18.00
CZ15/MLI&0&cDXGF&New&dxAC_equip/NE-dxAC-PkgAC-135to239-New-EER-10.8/instance-out.sql,0.00,18.00
CZ15/MLI&0&cDXGF&New&dxAC_equip/NE-dxAC-PkgAC-135to239-New-EER-11.5/instance-out.sql,0.00,18.00
CZ15/MLI&0&cDXGF&New&dxAC_equip/NE-dxAC-PkgAC-135to239-New-EER-12.0/instance-out.sql,0.00,18.00
CZ15/MLI&0&cDXGF&New&dxAC_equip/NE-dxAC-PkgAC-135to239-New-EER-12.5/instance-out.sql,0.00,18.00
CZ15/MLI&0&cDXGF&New&dxAC_equip/NE-dxAC-PkgAC-240to759-New-EER-9.8/instance-out.sql,0.00,18.00
CZ15/MLI&0&cDXGF&New&dxAC_equip/NE-dxAC-PkgAC-240to759-New-EER-10.8/instance-out.sql,0.00,18.00
CZ15/MLI&0&cDXGF&New&dxAC_equip/NE-dxAC-PkgAC-240to759-New-EER-11.5/instance-out.sql,0.00,18.00
CZ15/MLI&0&cDXGF&New&dxAC_equip/NE-dxAC-PkgAC-240to759-New-EER-12.5/instance-out.sql,0.00,18.00
CZ15/MLI&0&cDXGF&New&dxAC_equip/NE-dxAC-PkgAC-gt760-New-EER-9.5/instance-out.sql,0.00,18.00
CZ15/MLI&0&cDXGF&New&dxAC_equip/NE-dxAC-PkgAC-gt760-New-EER-10.2/instance-out.sql,0.00,18.00
CZ15/MLI&0&cDXGF&New&dxAC_equip/NE-dxAC-PkgAC-gt760-New-EER-11.0/instance-out.sql,0.00,18.00
CZ15/MLI&0&cDXGF&New&dxAC_equip/NE-dxAC-PkgAC-gt760-New-EER-12.0/instance-out.sql,0.00,18.00
CZ15/Mtl&0&cDXGF&New&dxAC_equip/NE-dxAC-PkgAC-65to134-New-EER-11.0/instance-out.sql,0.00,419.00
CZ15/Mtl&0&cDXGF&New&dxAC_equip/NE-dxAC-PkgAC-65to134-New-EER-11.5/instance-out.sql,0.00,419.00
CZ15/Mtl&0&cDXGF&New&dxAC_equip/NE-dxAC-PkgAC-65to134-New-EER-12.0/instance-out.sql,0.00,419.00
CZ15/Mtl&0&cDXGF&New&dxAC_equip/NE-dxAC-PkgAC-65to134-New-EER-12.5/instance-out.sql,0.00,419.00
CZ15/Mtl&0&cDXGF&New&dxAC_equip/NE-dxAC-PkgAC-65to134-New-EER-13.0/instance-out.sql,0.00,419.00
CZ15/Mtl&0&cDXGF&New&dxAC_equip/NE-dxAC-PkgAC-135to239-New-EER-10.8/instance-out.sql,0.00,419.00
CZ15/Mtl&0&cDXGF&New&dxAC_equip/NE-dxAC-PkgAC-135to239-New-EER-11.5/instance-out.sql,0.00,419.00
CZ15/Mtl&0&cDXGF&New&dxAC_equip/NE-dxAC-PkgAC-135to239-New-EER-12.0/instance-out.sql,0.00,419.00
CZ15/Mtl&0&cDXGF&New&dxAC_equip/NE-dxAC-PkgAC-135to239-New-EER-12.5/instance-out.sql,0.00,419.00
CZ15/Mtl&0&cDXGF&New&dxAC_equip/NE-dxAC-PkgAC-240to759-New-EER-9.8/instance-out.sql,0.00,419.00
CZ15/Mtl&0&cDXGF&New&dxAC_equip/NE-dxAC-PkgAC-240to759-New-EER-10.8/instance-out.sql,0.00,419.00
CZ15/Mtl&0&cDXGF&New&dxAC_equip/NE-dxAC-PkgAC-240to759-New-EER-11.5/instance-out.sql,0.00,419.00
CZ15/Mtl&0&cDXGF&New&dxAC_equip/NE-dxAC-PkgAC-240to759-New-EER-12.5/instance-out.sql,0.00,419.00
CZ15/Mtl&0&cDXGF&New&dxAC_equip/NE-dxAC-PkgAC-gt760-New-EER-9.5/instance-out.sql,0.00,419.00
CZ15/Mtl&0&cDXGF&New&dxAC_equip/NE-dxAC-PkgAC-gt760-New-EER-10.2/instance-out.sql,0.00,419.00
CZ15/Mtl&0&cDXGF&New&dxAC_equip/NE-dxAC-PkgAC-gt760-New-EER-11.0/instance-out.sql,0.00,419.00
CZ15/Mtl&0&cDXGF&New&dxAC_equip/NE-dxAC-PkgAC-gt760-New-EER-12.0/instance-out.sql,0.00,419.00
CZ15/Nrs&0&cDXGF&New&dxAC_equip/NE-dxAC-PkgAC-65to134-New-EER-11.0/instance-out.sql,0.00,104.00
CZ15/Nrs&0&cDXGF&New&dxAC_equip/NE-dxAC-PkgAC-65to134-New-EER-11.5/instance-out.sql,0.00,104.00
CZ15/Nrs&0&cDXGF&New&dxAC_equip/NE-dxAC-PkgAC-65to134-New-EER-12.0/instance-out.sql,0.00,104.00
CZ15/Nrs&0&cDXGF&New&dxAC_equip/NE-dxAC-PkgAC-65to134-New-EER-12.5/instance-out.sql,0.00,104.00
CZ15/Nrs&0&cDXGF&New&dxAC_equip/NE-dxAC-PkgAC-65to134-New-EER-13.0/instance-out.sql,0.00,104.00
CZ15/Nrs&0&cDXGF&New&dxAC_equip/NE-dxAC-PkgAC-135to239-New-EER-10.8/instance-out.sql,0.00,104.00
CZ15/Nrs&0&cDXGF&New&dxAC_equip/NE-dxAC-PkgAC-135to239-New-EER-11.5/instance-out.sql,0.00,104.00
CZ15/Nrs&0&cDXGF&New&dxAC_equip/NE-dxAC-PkgAC-135to239-New-EER-12.0/instance-out.sql,0.00,104.00
CZ15/Nrs&0&cDXGF&New&dxAC_equip/NE-dxAC-PkgAC-135to239-New-EER-12.5/instance-out.sql,0.00,104.00
CZ15/Nrs&0&cDXGF&New&dxAC_equip/NE-dxAC-PkgAC-240to759-New-EER-9.8/instance-out.sql,0.00,104.00
CZ15/Nrs&0&cDXGF&New&dxAC_equip/NE-dxAC-PkgAC-240to759-New-EER-10.8/instance-out.sql,0.00,104.00
CZ15/Nrs&0&cDXGF&New&dxAC_equip/NE-dxAC-PkgAC-240to759-New-EER-11.5/instance-out.sql,0.00,104.00
CZ15/Nrs&0&cDXGF&New&dxAC_equip/NE-dxAC-PkgAC-240to759-New-EER-12.5/instance-out.sql,0.00,104.00
CZ15/Nrs&0&cDXGF&New&dxAC_equip/NE-dxAC-PkgAC-gt760-New-EER-9.5/instance-out.sql,0.00,104.00
CZ15/Nrs&0&cDXGF&New&dxAC_equip/NE-dxAC-PkgAC-gt760-New-EER-10.2/instance-out.sql,0.00,104.00
CZ15/Nrs&0&cDXGF&New&dxAC_equip/NE-dxAC-PkgAC-gt760-New-EER-11.0/instance-out.sql,0.00,104.00
CZ15/Nrs&0&cDXGF&New&dxAC_equip/NE-dxAC-PkgAC-gt760-New-EER-12.0/instance-out.sql,0.00,104.00
CZ15/OfL&0&cDXGF&New&dxAC_equip/NE-dxAC-PkgAC-65to134-New-EER-11.0/instance-out.sql,0.00,332.00
CZ15/OfL&0&cDXGF&New&dxAC_equip/NE-dxAC-PkgAC-65to134-New-EER-11.5/instance-out.sql,0.00,332.00
CZ15/OfL&0&cDXGF&New&dxAC_equip/NE-dxAC-PkgAC-65to134-New-EER-12.0/instance-out.sql,0.00,332.00
CZ15/OfL&0&cDXGF&New&dxAC_equip/NE-dxAC-PkgAC-65to134-New-EER-12.5/instance-out.sql,0.00,332.00
CZ15/OfL&0&cDXGF&New&dxAC_equip/NE-dxAC-PkgAC-65to134-New-EER-13.0/instance-out.sql,0.00,332.00
CZ15/OfL&0&cDXGF&New&dxAC_equip/NE-dxAC-PkgAC-135to239-New-EER-10.8/instance-out.sql,0.00,332.00
CZ15/OfL&0&cDXGF&New&dxAC_equip/NE-dxAC-PkgAC-135to239-New-EER-11.5/instance-out.sql,0.00,332.00
CZ15/OfL&0&cDXGF&New&dxAC_equip/NE-dxAC-PkgAC-135to239-New-EER-12.0/instance-out.sql,0.00,332.00
CZ15/OfL&0&cDXGF&New&dxAC_equip/NE-dxAC-PkgAC-135to239-New-EER-12.5/instance-out.sql,0.00,332.00
CZ15/OfL&0&cDXGF&New&dxAC_equip/NE-dxAC-PkgAC-240to759-New-EER-9.8/instance-out.sql,0.00,332.00
CZ15/OfL&0&cDXGF&New&dxAC_equip/NE-dxAC-PkgAC-240to759-New-EER-10.8/instance-out.sql,0.00,332.00
CZ15/OfL&0&cDXGF&New&dxAC_equip/NE-dxAC-PkgAC-240to759-New-EER-11.5/instance-out.sql,0.00,332.00
CZ15/OfL&0&cDXGF&New&dxAC_equip/NE-dxAC-PkgAC-240to759-New-EER-12.5/instance-out.sql,0.00,332.00
CZ15/OfL&0&cDXGF&New&dxAC_equip/NE-dxAC-PkgAC-gt760-New-EER-9.5/instance-out.sql,0.00,332.00
CZ15/OfL&0&cDXGF&New&dxAC_equip/NE-dxAC-PkgAC-gt760-New-EER-10.2/instance-out.sql,0.00,332.00
CZ15/OfL&0&cDXGF&New&dxAC_equip/NE-dxAC-PkgAC-gt760-New-EER-11.0/instance-out.sql,0.00,332.00
CZ15/OfL&0&cDXGF&New&dxAC_equip/NE-dxAC-PkgAC-gt760-New-EER-12.0/instance-out.sql,0.00,332.00
CZ15/OfS&0&cDXGF&New&dxAC_equip/NE-dxAC-PkgAC-65to134-New-EER-11.0/instance-out.sql,0.00,259.00
CZ15/OfS&0&cDXGF&New&dxAC_equip/NE-dxAC-PkgAC-65to134-New-EER-11.5/instance-out.sql,0.00,259.00
CZ15/OfS&0&cDXGF&New&dxAC_equip/NE-dxAC-PkgAC-65to134-New-EER-12.0/instance-out.sql,0.00,259.00
CZ15/OfS&0&cDXGF&New&dxAC_equip/NE-dxAC-PkgAC-65to134-New-EER-12.5/instance-out.sql,0.00,259.00
CZ15/OfS&0&cDXGF&New&dxAC_equip/NE-dxAC-PkgAC-65to134-New-EER-13.0/instance-out.sql,0.00,259.00
CZ15/OfS&0&cDXGF&New&dxAC_equip/NE-dxAC-PkgAC-135to239-New-EER-10.8/instance-out.sql,0.00,259.00
CZ15/OfS&0&cDXGF&New&dxAC_equip/NE-dxAC-PkgAC-135to239-New-EER-11.5/instance-out.sql,0.00,259.00
CZ15/OfS&0&cDXGF&New&dxAC_equip/NE-dxAC-PkgAC-135to239-New-EER-12.0/instance-out.sql,0.00,259.00
CZ15/OfS&0&cDXGF&New&dxAC_equip/NE-dxAC-PkgAC-135to239-New-EER-12.5/instance-out.sql,0.00,259.00
CZ15/OfS&0&cDXGF&New&dxAC_equip/NE-dxAC-PkgAC-240to759-New-EER-9.8/instance-out.sql,0.00,259.00
CZ15/OfS&0&cDXGF&New&dxAC_equip/NE-dxAC-PkgAC-240to759-New-EER-10.8/instance-out.sql,0.00,259.00
CZ15/OfS&0&cDXGF&New&dxAC_equip/NE-dxAC-PkgAC-240to759-New-EER-11.5/instance-out.sql,0.00,259.00
CZ15/OfS&0&cDXGF&New&dxAC_equip/NE-dxAC-PkgAC-240to759-New-EER-12.5/instance-out.sql,0.00,259.00
CZ15/OfS&0&cDXGF&New&dxAC_equip/NE-dxAC-PkgAC-gt760-New-EER-9.5/instance-out.sql,0.00,259.00
CZ15/OfS&0&cDXGF&New&dxAC_equip/NE-dxAC-PkgAC-gt760-New-EER-10.2/instance-out.sql,0.00,259.00
CZ15/OfS&0&cDXGF&New&dxAC_equip/NE-dxAC-PkgAC-gt760-New-EER-11.0/instance-out.sql,0.00,259.00
CZ15/OfS&0&cDXGF&New&dxAC_equip/NE-dxAC-PkgAC-gt760-New-EER-12.0/instance-out.sql,0.00,259.00
CZ15/RFF&0&cDXGF&New&dxAC_equip/NE-dxAC-PkgAC-65to134-New-EER-11.0/instance-out.sql,0.00,4.00
CZ15/RFF&0&cDXGF&New&dxAC_equip/NE-dxAC-PkgAC-65to134-New-EER-11.5/instance-out.sql,0.00,4.00
CZ15/RFF&0&cDXGF&New&dxAC_equip/NE-dxAC-PkgAC-65to134-New-EER-12.0/instance-out.sql,0.00,4.00
CZ15/RFF&0&cDXGF&New&dxAC_equip/NE-dxAC-PkgAC-65to134-New-EER-12.5/instance-out.sql,0.00,4.00
CZ15/RFF&0&cDXGF&New&dxAC_equip/NE-dxAC-PkgAC-65to134-New-EER-13.0/instance-out.sql,0.00,4.00
CZ15/RFF&0&cDXGF&New&dxAC_equip/NE-dxAC-PkgAC-135to239-New-EER-10.8/instance-out.sql,0.00,4.00
CZ15/RFF&0&cDXGF&New&dxAC_equip/NE-dxAC-PkgAC-135to239-New-EER-11.5/instance-out.sql,0.00,4.00
CZ15/RFF&0&cDXGF&New&dxAC_equip/NE-dxAC-PkgAC-135to239-New-EER-12.0/instance-out.sql,0.00,4.00
CZ15/RFF&0&cDXGF&New&dxAC_equip/NE-dxAC-PkgAC-135to239-New-EER-12.5/instance-out.sql,0.00,4.00
CZ15/RFF&0&cDXGF&New&dxAC_equip/NE-dxAC-PkgAC-240to759-New-EER-9.8/instance-out.sql,0.00,4.00
CZ15/RFF&0&cDXGF&New&dxAC_equip/NE-dxAC-PkgAC-240to759-New-EER-10.8/instance-out.sql,0.00,4.00
CZ15/RFF&0&cDXGF&New&dxAC_equip/NE-dxAC-PkgAC-240to759-New-EER-11.5/instance-out.sql,0.00,4.00
CZ15/RFF&0&cDXGF&New&dxAC_equip/NE-dxAC-PkgAC-240to759-New-EER-12.5/instance-out.sql,0.00,4.00
CZ15/RFF&0&cDXGF&New&dxAC_equip/NE-dxAC-PkgAC-gt760-New-EER-9.5/instance-out.sql,0.00,4.00
CZ15/RFF&0&cDXGF&New&dxAC_equip/NE-dxAC-PkgAC-gt760-New-EER-10.2/instance-out.sql,0.00,4.00
CZ15/RFF&0&cDXGF&New&dxAC_equip/NE-dxAC-PkgAC-gt760-New-EER-11.0/instance-out.sql,0.00,4.00
CZ15/RFF&0&cDXGF&New&dxAC_equip/NE-dxAC-PkgAC-gt760-New-EER-12.0/instance-out.sql,0.00,4.00
CZ15/RSD&0&cDXGF&New&dxAC_equip/NE-dxAC-PkgAC-65to134-New-EER-11.0/instance-out.sql,0.00,7.00
CZ15/RSD&0&cDXGF&New&dxAC_equip/NE-dxAC-PkgAC-65to134-New-EER-11.5/instance-out.sql,0.00,7.00
CZ15/RSD&0&cDXGF&New&dxAC_equip/NE-dxAC-PkgAC-65to134-New-EER-12.0/instance-out.sql,0.00,7.00
CZ15/RSD&0&cDXGF&New&dxAC_equip/NE-dxAC-PkgAC-65to134-New-EER-12.5/instance-out.sql,0.00,7.00
CZ15/RSD&0&cDXGF&New&dxAC_equip/NE-dxAC-PkgAC-65to134-New-EER-13.0/instance-out.sql,0.00,7.00
CZ15/RSD&0&cDXGF&New&dxAC_equip/NE-dxAC-PkgAC-135to239-New-EER-10.8/instance-out.sql,0.00,7.00
CZ15/RSD&0&cDXGF&New&dxAC_equip/NE-dxAC-PkgAC-135to239-New-EER-11.5/instance-out.sql,0.00,7.00
CZ15/RSD&0&cDXGF&New&dxAC_equip/NE-dxAC-PkgAC-135to239-New-EER-12.0/instance-out.sql,0.00,7.00
CZ15/RSD&0&cDXGF&New&dxAC_equip/NE-dxAC-PkgAC-135to239-New-EER-12.5/instance-out.sql,0.00,7.00
CZ15/RSD&0&cDXGF&New&dxAC_equip/NE-dxAC-PkgAC-240to759-New-EER-9.8/instance-out.sql,0.00,7.00
CZ15/RSD&0&cDXGF&New&dxAC_equip/NE-dxAC-PkgAC-240to759-New-EER-10.8/instance-out.sql,0.00,7.00
CZ15/RSD&0&cDXGF&New&dxAC_equip/NE-dxAC-PkgAC-240to759-New-EER-11.5/instance-out.sql,0.00,7.00
CZ15/RSD&0&cDXGF&New&dxAC_equip/NE-dxAC-PkgAC-240to759-New-EER-12.5/instance-out.sql,0.00,7.00
CZ15/RSD&0&cDXGF&New&dxAC_equip/NE-dxAC-PkgAC-gt760-New-EER-9.5/instance-out.sql,0.00,7.00
CZ15/RSD&0&cDXGF&New&dxAC_equip/NE-dxAC-PkgAC-gt760-New-EER-10.2/instance-out.sql,0.00,7.00
CZ15/RSD&0&cDXGF&New&dxAC_equip/NE-dxAC-PkgAC-gt760-New-EER-11.0/instance-out.sql,0.00,7.00
CZ15/RSD&0&cDXGF&New&dxAC_equip/NE-dxAC-PkgAC-gt760-New-EER-12.0/instance-out.sql,0.00,7.00
CZ15/Rt3&0&cDXGF&New&dxAC_equip/NE-dxAC-PkgAC-65to134-New-EER-11.0/instance-out.sql,0.00,1.00
CZ15/Rt3&0&cDXGF&New&dxAC_equip/NE-dxAC-PkgAC-65to134-New-EER-11.5/instance-out.sql,0.00,1.00
CZ15/Rt3&0&cDXGF&New&dxAC_equip/NE-dxAC-PkgAC-65to134-New-EER-12.0/instance-out.sql,0.00,1.00
CZ15/Rt3&0&cDXGF&New&dxAC_equip/NE-dxAC-PkgAC-65to134-New-EER-12.5/instance-out.sql,0.00,1.00
CZ15/Rt3&0&cDXGF&New&dxAC_equip/NE-dxAC-PkgAC-65to134-New-EER-13.0/instance-out.sql,0.00,1.00
CZ15/Rt3&0&cDXGF&New&dxAC_equip/NE-dxAC-PkgAC-135to239-New-EER-10.8/instance-out.sql,0.00,1.00
CZ15/Rt3&0&cDXGF&New&dxAC_equip/NE-dxAC-PkgAC-135to239-New-EER-11.5/instance-out.sql,0.00,1.00
CZ15/Rt3&0&cDXGF&New&dxAC_equip/NE-dxAC-PkgAC-135to239-New-EER-12.0/instance-out.sql,0.00,1.00
CZ15/Rt3&0&cDXGF&New&dxAC_equip/NE-dxAC-PkgAC-135to239-New-EER-12.5/instance-out.sql,0.00,1.00
CZ15/Rt3&0&cDXGF&New&dxAC_equip/NE-dxAC-PkgAC-240to759-New-EER-9.8/instance-out.sql,0.00,1.00
CZ15/Rt3&0&cDXGF&New&dxAC_equip/NE-dxAC-PkgAC-240to759-New-EER-10.8/instance-out.sql,0.00,1.00
CZ15/Rt3&0&cDXGF&New&dxAC_equip/NE-dxAC-PkgAC-240to759-New-EER-11.5/instance-out.sql,0.00,1.00
CZ15/Rt3&0&cDXGF&New&dxAC_equip/NE-dxAC-PkgAC-240to759-New-EER-12.5/instance-out.sql,0.00,1.00
CZ15/Rt3&0&cDXGF&New&dxAC_equip/NE-dxAC-PkgAC-gt760-New-EER-9.5/instance-out.sql,0.00,1.00
CZ15/Rt3&0&cDXGF&New&dxAC_equip/NE-dxAC-PkgAC-gt760-New-EER-10.2/instance-out.sql,0.00,1.00
CZ15/Rt3&0&cDXGF&New&dxAC_equip/NE-dxAC-PkgAC-gt760-New-EER-11.0/instance-out.sql,0.00,1.00
CZ15/Rt3&0&cDXGF&New&dxAC_equip/NE-dxAC-PkgAC-gt760-New-EER-12.0/instance-out.sql,0.00,1.00
CZ15/RtL&0&cDXGF&New&dxAC_equip/NE-dxAC-PkgAC-65to134-New-EER-11.0/instance-out.sql,0.00,1.00
CZ15/RtL&0&cDXGF&New&dxAC_equip/NE-dxAC-PkgAC-65to134-New-EER-11.5/instance-out.sql,0.00,1.00
CZ15/RtL&0&cDXGF&New&dxAC_equip/NE-dxAC-PkgAC-65to134-New-EER-12.0/instance-out.sql,0.00,1.00
CZ15/RtL&0&cDXGF&New&dxAC_equip/NE-dxAC-PkgAC-65to134-New-EER-12.5/instance-out.sql,0.00,1.00
CZ15/RtL&0&cDXGF&New&dxAC_equip/NE-dxAC-PkgAC-65to134-New-EER-13.0/instance-out.sql,0.00,1.00
CZ15/RtL&0&cDXGF&New&dxAC_equip/NE-dxAC-PkgAC-135to239-New-EER-10.8/instance-out.sql,0.00,1.00
CZ15/RtL&0&cDXGF&New&dxAC_equip/NE-dxAC-PkgAC-135to239-New-EER-11.5/instance-out.sql,0.00,1.00
CZ15/RtL&0&cDXGF&New&dxAC_equip/NE-dxAC-PkgAC-135to239-New-EER-12.0/instance-out.sql,0.00,1.00
CZ15/RtL&0&cDXGF&New&dxAC_equip/NE-dxAC-PkgAC-135to239-New-EER-12.5/instance-out.sql,0.00,1.00
CZ15/RtL&0&cDXGF&New&dxAC_equip/NE-dxAC-PkgAC-240to759-New-EER-9.8/instance-out.sql,0.00,1.00
CZ15/RtL&0&cDXGF&New&dxAC_equip/NE-dxAC-PkgAC-240to759-New-EER-10.8/instance-out.sql,0.00,1.00
CZ15/RtL&0&cDXGF&New&dxAC_equip/NE-dxAC-PkgAC-240to759-New-EER-11.5/instance-out.sql,0.00,1.00
CZ15/RtL&0&cDXGF&New&dxAC_equip/NE-dxAC-PkgAC-240to759-New-EER-12.5/instance-out.sql,0.00,1.00
CZ15/RtL&0&cDXGF&New&dxAC_equip/NE-dxAC-PkgAC-gt760-New-EER-9.5/instance-out.sql,0.00,1.00
CZ15/RtL&0&cDXGF&New&dxAC_equip/NE-dxAC-PkgAC-gt760-New-EER-10.2/instance-out.sql,0.00,1.00
CZ15/RtL&0&cDXGF&New&dxAC_equip/NE-dxAC-PkgAC-gt760-New-EER-11.0/instance-out.sql,0.00,1.00
CZ15/RtL&0&cDXGF&New&dxAC_equip/NE-dxAC-PkgAC-gt760-New-EER-12.0/instance-out.sql,0.00,1.00
CZ15/RtS&0&cDXGF&New&dxAC_equip/NE-dxAC-PkgAC-65to134-New-EER-11.0/instance-out.sql,0.00,2.00
CZ15/RtS&0&cDXGF&New&dxAC_equip/NE-dxAC-PkgAC-65to134-New-EER-11.5/instance-out.sql,0.00,2.00
CZ15/RtS&0&cDXGF&New&dxAC_equip/NE-dxAC-PkgAC-65to134-New-EER-12.0/instance-out.sql,0.00,2.00
CZ15/RtS&0&cDXGF&New&dxAC_equip/NE-dxAC-PkgAC-65to134-New-EER-12.5/instance-out.sql,0.00,2.00
CZ15/RtS&0&cDXGF&New&dxAC_equip/NE-dxAC-PkgAC-65to134-New-EER-13.0/instance-out.sql,0.00,2.00
CZ15/RtS&0&cDXGF&New&dxAC_equip/NE-dxAC-PkgAC-135to239-New-EER-10.8/instance-out.sql,0.00,2.00
CZ15/RtS&0&cDXGF&New&dxAC_equip/NE-dxAC-PkgAC-135to239-New-EER-11.5/instance-out.sql,0.00,2.00
CZ15/RtS&0&cDXGF&New&dxAC_equip/NE-dxAC-PkgAC-135to239-New-EER-12.0/instance-out.sql,0.00,2.00
CZ15/RtS&0&cDXGF&New&dxAC_equip/NE-dxAC-PkgAC-135to239-New-EER-12.5/instance-out.sql,0.00,2.00
CZ15/RtS&0&cDXGF&New&dxAC_equip/NE-dxAC-PkgAC-240to759-New-EER-9.8/instance-out.sql,0.00,2.00
CZ15/RtS&0&cDXGF&New&dxAC_equip/NE-dxAC-PkgAC-240to759-New-EER-10.8/instance-out.sql,0.00,2.00
CZ15/RtS&0&cDXGF&New&dxAC_equip/NE-dxAC-PkgAC-240to759-New-EER-11.5/instance-out.sql,0.00,2.00
CZ15/RtS&0&cDXGF&New&dxAC_equip/NE-dxAC-PkgAC-240to759-New-EER-12.5/instance-out.sql,0.00,2.00
CZ15/RtS&0&cDXGF&New&dxAC_equip/NE-dxAC-PkgAC-gt760-New-EER-9.5/instance-out.sql,0.00,2.00
CZ15/RtS&0&cDXGF&New&dxAC_equip/NE-dxAC-PkgAC-gt760-New-EER-10.2/instance-out.sql,0.00,2.00
CZ15/RtS&0&cDXGF&New&dxAC_equip/NE-dxAC-PkgAC-gt760-New-EER-11.0/instance-out.sql,0.00,2.00
CZ15/RtS&0&cDXGF&New&dxAC_equip/NE-dxAC-PkgAC-gt760-New-EER-12.0/instance-out.sql,0.00,2.00
CZ15/SCn&0&cDXGF&New&dxAC_equip/NE-dxAC-PkgAC-65to134-New-EER-11.0/instance-out.sql,0.00,0.00
CZ15/SCn&0&cDXGF&New&dxAC_equip/NE-dxAC-PkgAC-65to134-New-EER-11.5/instance-out.sql,0.00,0.00
CZ15/SCn&0&cDXGF&New&dxAC_equip/NE-dxAC-PkgAC-65to134-New-EER-12.0/instance-out.sql,0.00,0.00
CZ15/SCn&0&cDXGF&New&dxAC_equip/NE-dxAC-PkgAC-65to134-New-EER-12.5/instance-out.sql,0.00,0.00
CZ15/SCn&0&cDXGF&New&dxAC_equip/NE-dxAC-PkgAC-65to134-New-EER-13.0/instance-out.sql,0.00,0.00
CZ15/SCn&0&cDXGF&New&dxAC_equip/NE-dxAC-PkgAC-135to239-New-EER-10.8/instance-out.sql,0.00,0.00
CZ15/SCn&0&cDXGF&New&dxAC_equip/NE-dxAC-PkgAC-135to239-New-EER-11.5/instance-out.sql,0.00,0.00
CZ15/SCn&0&cDXGF&New&dxAC_equip/NE-dxAC-PkgAC-135to239-New-EER-12.0/instance-out.sql,0.00,0.00
CZ15/SCn&0&cDXGF&New&dxAC_equip/NE-dxAC-PkgAC-135to239-New-EER-12.5/instance-out.sql,0.00,0.00
CZ15/SCn&0&cDXGF&New&dxAC_equip/NE-dxAC-PkgAC-240to759-New-EER-9.8/instance-out.sql,0.00,0.00
CZ15/SCn&0&cDXGF&New&dxAC_equip/NE-dxAC-PkgAC-240to759-New-EER-10.8/instance-out.sql,0.00,0.00
CZ15/SCn&0&cDXGF&New&dxAC_equip/NE-dxAC-PkgAC-240to759-New-EER-11.5/instance-out.sql,0.00,0.00
CZ15/SCn&0&cDXGF&New&dxAC_equip/NE-dxAC-PkgAC-240to759-New-EER-12.5/instance-out.sql,0.00,0.00
CZ15/SCn&0&cDXGF&New&dxAC_equip/NE-dxAC-PkgAC-gt760-New-EER-9.5/instance-out.sql,0.00,0.00
CZ15/SCn&0&cDXGF&New&dxAC_equip/NE-dxAC-PkgAC-gt760-New-EER-10.2/instance-out.sql,0.00,0.00
CZ15/SCn&0&cDXGF&New&dxAC_equip/NE-dxAC-PkgAC-gt760-New-EER-11.0/instance-out.sql,0.00,0.00
CZ15/SCn&0&cDXGF&New&dxAC_equip/NE-dxAC-PkgAC-gt760-New-EER-12.0/instance-out.sql,0.00,0.00
CZ16/Asm&0&cDXGF&New&dxAC_equip/NE-dxAC-PkgAC-65to134-New-EER-11.0/instance-out.sql,0.00,5.00
CZ16/Asm&0&cDXGF&New&dxAC_equip/NE-dxAC-PkgAC-65to134-New-EER-11.5/instance-out.sql,0.00,5.00
CZ16/Asm&0&cDXGF&New&dxAC_equip/NE-dxAC-PkgAC-65to134-New-EER-12.0/instance-out.sql,0.00,5.00
CZ16/Asm&0&cDXGF&New&dxAC_equip/NE-dxAC-PkgAC-65to134-New-EER-12.5/instance-out.sql,0.00,5.00
CZ16/Asm&0&cDXGF&New&dxAC_equip/NE-dxAC-PkgAC-65to134-New-EER-13.0/instance-out.sql,0.00,5.00
CZ16/Asm&0&cDXGF&New&dxAC_equip/NE-dxAC-PkgAC-135to239-New-EER-10.8/instance-out.sql,0.00,5.00
CZ16/Asm&0&cDXGF&New&dxAC_equip/NE-dxAC-PkgAC-135to239-New-EER-11.5/instance-out.sql,0.00,5.00
CZ16/Asm&0&cDXGF&New&dxAC_equip/NE-dxAC-PkgAC-135to239-New-EER-12.0/instance-out.sql,0.00,5.00
CZ16/Asm&0&cDXGF&New&dxAC_equip/NE-dxAC-PkgAC-135to239-New-EER-12.5/instance-out.sql,0.00,5.00
CZ16/Asm&0&cDXGF&New&dxAC_equip/NE-dxAC-PkgAC-240to759-New-EER-9.8/instance-out.sql,0.00,5.00
CZ16/Asm&0&cDXGF&New&dxAC_equip/NE-dxAC-PkgAC-240to759-New-EER-10.8/instance-out.sql,0.00,5.00
CZ16/Asm&0&cDXGF&New&dxAC_equip/NE-dxAC-PkgAC-240to759-New-EER-11.5/instance-out.sql,0.00,5.00
CZ16/Asm&0&cDXGF&New&dxAC_equip/NE-dxAC-PkgAC-240to759-New-EER-12.5/instance-out.sql,0.00,5.00
CZ16/Asm&0&cDXGF&New&dxAC_equip/NE-dxAC-PkgAC-gt760-New-EER-9.5/instance-out.sql,0.00,5.00
CZ16/Asm&0&cDXGF&New&dxAC_equip/NE-dxAC-PkgAC-gt760-New-EER-10.2/instance-out.sql,0.00,5.00
CZ16/Asm&0&cDXGF&New&dxAC_equip/NE-dxAC-PkgAC-gt760-New-EER-11.0/instance-out.sql,0.00,5.00
CZ16/Asm&0&cDXGF&New&dxAC_equip/NE-dxAC-PkgAC-gt760-New-EER-12.0/instance-out.sql,0.00,5.00
CZ16/ECC&0&cDXGF&New&dxAC_equip/NE-dxAC-PkgAC-65to134-New-EER-11.0/instance-out.sql,1.00,4794.00
CZ16/ECC&0&cDXGF&New&dxAC_equip/NE-dxAC-PkgAC-65to134-New-EER-11.5/instance-out.sql,1.00,4794.00
CZ16/ECC&0&cDXGF&New&dxAC_equip/NE-dxAC-PkgAC-65to134-New-EER-12.0/instance-out.sql,1.00,4794.00
CZ16/ECC&0&cDXGF&New&dxAC_equip/NE-dxAC-PkgAC-65to134-New-EER-12.5/instance-out.sql,1.00,4794.00
CZ16/ECC&0&cDXGF&New&dxAC_equip/NE-dxAC-PkgAC-65to134-New-EER-13.0/instance-out.sql,1.00,4794.00
CZ16/ECC&0&cDXGF&New&dxAC_equip/NE-dxAC-PkgAC-135to239-New-EER-10.8/instance-out.sql,1.00,4794.00
CZ16/ECC&0&cDXGF&New&dxAC_equip/NE-dxAC-PkgAC-135to239-New-EER-11.5/instance-out.sql,1.00,4794.00
CZ16/ECC&0&cDXGF&New&dxAC_equip/NE-dxAC-PkgAC-135to239-New-EER-12.0/instance-out.sql,1.00,4794.00
CZ16/ECC&0&cDXGF&New&dxAC_equip/NE-dxAC-PkgAC-135to239-New-EER-12.5/instance-out.sql,1.00,4794.00
CZ16/ECC&0&cDXGF&New&dxAC_equip/NE-dxAC-PkgAC-240to759-New-EER-9.8/instance-out.sql,1.00,4794.00
CZ16/ECC&0&cDXGF&New&dxAC_equip/NE-dxAC-PkgAC-240to759-New-EER-10.8/instance-out.sql,1.00,4794.00
CZ16/ECC&0&cDXGF&New&dxAC_equip/NE-dxAC-PkgAC-240to759-New-EER-11.5/instance-out.sql,1.00,4794.00
CZ16/ECC&0&cDXGF&New&dxAC_equip/NE-dxAC-PkgAC-240to759-New-EER-12.5/instance-out.sql,1.00,4794.00
CZ16/ECC&0&cDXGF&New&dxAC_equip/NE-dxAC-PkgAC-gt760-New-EER-9.5/instance-out.sql,1.00,4794.00
CZ16/ECC&0&cDXGF&New&dxAC_equip/NE-dxAC-PkgAC-gt760-New-EER-10.2/instance-out.sql,1.00,4794.00
CZ16/ECC&0&cDXGF&New&dxAC_equip/NE-dxAC-PkgAC-gt760-New-EER-11.0/instance-out.sql,1.00,4794.00
CZ16/ECC&0&cDXGF&New&dxAC_equip/NE-dxAC-PkgAC-gt760-New-EER-12.0/instance-out.sql,1.00,4794.00
CZ16/EPr&0&cDXGF&New&dxAC_equip/NE-dxAC-PkgAC-65to134-New-EER-11.0/instance-out.sql,1.00,29.00
CZ16/EPr&0&cDXGF&New&dxAC_equip/NE-dxAC-PkgAC-65to134-New-EER-11.5/instance-out.sql,1.00,29.00
CZ16/EPr&0&cDXGF&New&dxAC_equip/NE-dxAC-PkgAC-65to134-New-EER-12.0/instance-out.sql,1.00,29.00
CZ16/EPr&0&cDXGF&New&dxAC_equip/NE-dxAC-PkgAC-65to134-New-EER-12.5/instance-out.sql,1.00,29.00
CZ16/EPr&0&cDXGF&New&dxAC_equip/NE-dxAC-PkgAC-65to134-New-EER-13.0/instance-out.sql,1.00,29.00
CZ16/EPr&0&cDXGF&New&dxAC_equip/NE-dxAC-PkgAC-135to239-New-EER-10.8/instance-out.sql,1.00,29.00
CZ16/EPr&0&cDXGF&New&dxAC_equip/NE-dxAC-PkgAC-135to239-New-EER-11.5/instance-out.sql,1.00,29.00
CZ16/EPr&0&cDXGF&New&dxAC_equip/NE-dxAC-PkgAC-135to239-New-EER-12.0/instance-out.sql,1.00,29.00
CZ16/EPr&0&cDXGF&New&dxAC_equip/NE-dxAC-PkgAC-135to239-New-EER-12.5/instance-out.sql,1.00,29.00
CZ16/EPr&0&cDXGF&New&dxAC_equip/NE-dxAC-PkgAC-240to759-New-EER-9.8/instance-out.sql,1.00,29.00
CZ16/EPr&0&cDXGF&New&dxAC_equip/NE-dxAC-PkgAC-240to759-New-EER-10.8/instance-out.sql,1.00,29.00
CZ16/EPr&0&cDXGF&New&dxAC_equip/NE-dxAC-PkgAC-240to759-New-EER-11.5/instance-out.sql,1.00,29.00
CZ16/EPr&0&cDXGF&New&dxAC_equip/NE-dxAC-PkgAC-240to759-New-EER-12.5/instance-out.sql,1.00,29.00
CZ16/EPr&0&cDXGF&New&dxAC_equip/NE-dxAC-PkgAC-gt760-New-EER-9.5/instance-out.sql,1.00,29.00
CZ16/EPr&0&cDXGF&New&dxAC_equip/NE-dxAC-PkgAC-gt760-New-EER-10.2/instance-out.sql,1.00,29.00
CZ16/EPr&0&cDXGF&New&dxAC_equip/NE-dxAC-PkgAC-gt760-New-EER-11.0/instance-out.sql,1.00,29.00
CZ16/EPr&0&cDXGF&New&dxAC_equip/NE-dxAC-PkgAC-gt760-New-EER-12.0/instance-out.sql,1.00,29.00
CZ16/ERC&0&cDXGF&New&dxAC_equip/NE-dxAC-PkgAC-65to134-New-EER-11.0/instance-out.sql,0.00,0.00
CZ16/ERC&0&cDXGF&New&dxAC_equip/NE-dxAC-PkgAC-65to134-New-EER-11.5/instance-out.sql,0.00,0.00
CZ16/ERC&0&cDXGF&New&dxAC_equip/NE-dxAC-PkgAC-65to134-New-EER-12.0/instance-out.sql,0.00,0.00
CZ16/ERC&0&cDXGF&New&dxAC_equip/NE-dxAC-PkgAC-65to134-New-EER-12.5/instance-out.sql,0.00,0.00
CZ16/ERC&0&cDXGF&New&dxAC_equip/NE-dxAC-PkgAC-65to134-New-EER-13.0/instance-out.sql,0.00,0.00
CZ16/ERC&0&cDXGF&New&dxAC_equip/NE-dxAC-PkgAC-135to239-New-EER-10.8/instance-out.sql,0.00,0.00
CZ16/ERC&0&cDXGF&New&dxAC_equip/NE-dxAC-PkgAC-135to239-New-EER-11.5/instance-out.sql,0.00,0.00
CZ16/ERC&0&cDXGF&New&dxAC_equip/NE-dxAC-PkgAC-135to239-New-EER-12.0/instance-out.sql,0.00,0.00
CZ16/ERC&0&cDXGF&New&dxAC_equip/NE-dxAC-PkgAC-135to239-New-EER-12.5/instance-out.sql,0.00,0.00
CZ16/ERC&0&cDXGF&New&dxAC_equip/NE-dxAC-PkgAC-240to759-New-EER-9.8/instance-out.sql,0.00,0.00
CZ16/ERC&0&cDXGF&New&dxAC_equip/NE-dxAC-PkgAC-240to759-New-EER-10.8/instance-out.sql,0.00,0.00
CZ16/ERC&0&cDXGF&New&dxAC_equip/NE-dxAC-PkgAC-240to759-New-EER-11.5/instance-out.sql,0.00,0.00
CZ16/ERC&0&cDXGF&New&dxAC_equip/NE-dxAC-PkgAC-240to759-New-EER-12.5/instance-out.sql,0.00,0.00
CZ16/ERC&0&cDXGF&New&dxAC_equip/NE-dxAC-PkgAC-gt760-New-EER-9.5/instance-out.sql,0.00,0.00
CZ16/ERC&0&cDXGF&New&dxAC_equip/NE-dxAC-PkgAC-gt760-New-EER-10.2/instance-out.sql,0.00,0.00
CZ16/ERC&0&cDXGF&New&dxAC_equip/NE-dxAC-PkgAC-gt760-New-EER-11.0/instance-out.sql,0.00,0.00
CZ16/ERC&0&cDXGF&New&dxAC_equip/NE-dxAC-PkgAC-gt760-New-EER-12.0/instance-out.sql,0.00,0.00
CZ16/ESe&0&cDXGF&New&dxAC_equip/NE-dxAC-PkgAC-65to134-New-EER-11.0/instance-out.sql,1.00,19.00
CZ16/ESe&0&cDXGF&New&dxAC_equip/NE-dxAC-PkgAC-65to134-New-EER-11.5/instance-out.sql,1.00,19.00
CZ16/ESe&0&cDXGF&New&dxAC_equip/NE-dxAC-PkgAC-65to134-New-EER-12.0/instance-out.sql,1.00,19.00
CZ16/ESe&0&cDXGF&New&dxAC_equip/NE-dxAC-PkgAC-65to134-New-EER-12.5/instance-out.sql,1.00,19.00
CZ16/ESe&0&cDXGF&New&dxAC_equip/NE-dxAC-PkgAC-65to134-New-EER-13.0/instance-out.sql,1.00,19.00
CZ16/ESe&0&cDXGF&New&dxAC_equip/NE-dxAC-PkgAC-135to239-New-EER-10.8/instance-out.sql,1.00,19.00
CZ16/ESe&0&cDXGF&New&dxAC_equip/NE-dxAC-PkgAC-135to239-New-EER-11.5/instance-out.sql,1.00,19.00
CZ16/ESe&0&cDXGF&New&dxAC_equip/NE-dxAC-PkgAC-135to239-New-EER-12.0/instance-out.sql,1.00,19.00
CZ16/ESe&0&cDXGF&New&dxAC_equip/NE-dxAC-PkgAC-135to239-New-EER-12.5/instance-out.sql,1.00,19.00
CZ16/ESe&0&cDXGF&New&dxAC_equip/NE-dxAC-PkgAC-240to759-New-EER-9.8/instance-out.sql,1.00,19.00
CZ16/ESe&0&cDXGF&New&dxAC_equip/NE-dxAC-PkgAC-240to759-New-EER-10.8/instance-out.sql,1.00,19.00
CZ16/ESe&0&cDXGF&New&dxAC_equip/NE-dxAC-PkgAC-240to759-New-EER-11.5/instance-out.sql,1.00,19.00
CZ16/ESe&0&cDXGF&New&dxAC_equip/NE-dxAC-PkgAC-240to759-New-EER-12.5/instance-out.sql,1.00,19.00
CZ16/ESe&0&cDXGF&New&dxAC_equip/NE-dxAC-PkgAC-gt760-New-EER-9.5/instance-out.sql,1.00,19.00
CZ16/ESe&0&cDXGF&New&dxAC_equip/NE-dxAC-PkgAC-gt760-New-EER-10.2/instance-out.sql,1.00,19.00
CZ16/ESe&0&cDXGF&New&dxAC_equip/NE-dxAC-PkgAC-gt760-New-EER-11.0/instance-out.sql,1.00,19.00
CZ16/ESe&0&cDXGF&New&dxAC_equip/NE-dxAC-PkgAC-gt760-New-EER-12.0/instance-out.sql,1.00,19.00
CZ16/EUn&0&cDXGF&New&dxAC_equip/NE-dxAC-PkgAC-65to134-New-EER-11.0/instance-out.sql,1.00,238.00
CZ16/EUn&0&cDXGF&New&dxAC_equip/NE-dxAC-PkgAC-65to134-New-EER-11.5/instance-out.sql,1.00,238.00
CZ16/EUn&0&cDXGF&New&dxAC_equip/NE-dxAC-PkgAC-65to134-New-EER-12.0/instance-out.sql,1.00,238.00
CZ16/EUn&0&cDXGF&New&dxAC_equip/NE-dxAC-PkgAC-65to134-New-EER-12.5/instance-out.sql,1.00,238.00
CZ16/EUn&0&cDXGF&New&dxAC_equip/NE-dxAC-PkgAC-65to134-New-EER-13.0/instance-out.sql,1.00,238.00
CZ16/EUn&0&cDXGF&New&dxAC_equip/NE-dxAC-PkgAC-135to239-New-EER-10.8/instance-out.sql,1.00,238.00
CZ16/EUn&0&cDXGF&New&dxAC_equip/NE-dxAC-PkgAC-135to239-New-EER-11.5/instance-out.sql,1.00,238.00
CZ16/EUn&0&cDXGF&New&dxAC_equip/NE-dxAC-PkgAC-135to239-New-EER-12.0/instance-out.sql,1.00,238.00
CZ16/EUn&0&cDXGF&New&dxAC_equip/NE-dxAC-PkgAC-135to239-New-EER-12.5/instance-out.sql,1.00,238.00
CZ16/EUn&0&cDXGF&New&dxAC_equip/NE-dxAC-PkgAC-240to759-New-EER-9.8/instance-out.sql,1.00,238.00
CZ16/EUn&0&cDXGF&New&dxAC_equip/NE-dxAC-PkgAC-240to759-New-EER-10.8/instance-out.sql,1.00,238.00
CZ16/EUn&0&cDXGF&New&dxAC_equip/NE-dxAC-PkgAC-240to759-New-EER-11.5/instance-out.sql,1.00,238.00
CZ16/EUn&0&cDXGF&New&dxAC_equip/NE-dxAC-PkgAC-240to759-New-EER-12.5/instance-out.sql,1.00,238.00
CZ16/EUn&0&cDXGF&New&dxAC_equip/NE-dxAC-PkgAC-gt760-New-EER-9.5/instance-out.sql,1.00,238.00
CZ16/EUn&0&cDXGF&New&dxAC_equip/NE-dxAC-PkgAC-gt760-New-EER-10.2/instance-out.sql,1.00,238.00
CZ16/EUn&0&cDXGF&New&dxAC_equip/NE-dxAC-PkgAC-gt760-New-EER-11.0/instance-out.sql,1.00,238.00
CZ16/EUn&0&cDXGF&New&dxAC_equip/NE-dxAC-PkgAC-gt760-New-EER-12.0/instance-out.sql,1.00,238.00
CZ16/Gro&0&cDXGF&New&dxAC_equip/NE-dxAC-PkgAC-65to134-New-EER-11.0/instance-out.sql,0.00,0.00
CZ16/Gro&0&cDXGF&New&dxAC_equip/NE-dxAC-PkgAC-65to134-New-EER-11.5/instance-out.sql,0.00,0.00
CZ16/Gro&0&cDXGF&New&dxAC_equip/NE-dxAC-PkgAC-65to134-New-EER-12.0/instance-out.sql,0.00,0.00
CZ16/Gro&0&cDXGF&New&dxAC_equip/NE-dxAC-PkgAC-65to134-New-EER-12.5/instance-out.sql,0.00,0.00
CZ16/Gro&0&cDXGF&New&dxAC_equip/NE-dxAC-PkgAC-65to134-New-EER-13.0/instance-out.sql,0.00,0.00
CZ16/Gro&0&cDXGF&New&dxAC_equip/NE-dxAC-PkgAC-135to239-New-EER-10.8/instance-out.sql,0.00,0.00
CZ16/Gro&0&cDXGF&New&dxAC_equip/NE-dxAC-PkgAC-135to239-New-EER-11.5/instance-out.sql,0.00,0.00
CZ16/Gro&0&cDXGF&New&dxAC_equip/NE-dxAC-PkgAC-135to239-New-EER-12.0/instance-out.sql,0.00,0.00
CZ16/Gro&0&cDXGF&New&dxAC_equip/NE-dxAC-PkgAC-135to239-New-EER-12.5/instance-out.sql,0.00,0.00
CZ16/Gro&0&cDXGF&New&dxAC_equip/NE-dxAC-PkgAC-240to759-New-EER-9.8/instance-out.sql,0.00,0.00
CZ16/Gro&0&cDXGF&New&dxAC_equip/NE-dxAC-PkgAC-240to759-New-EER-10.8/instance-out.sql,0.00,0.00
CZ16/Gro&0&cDXGF&New&dxAC_equip/NE-dxAC-PkgAC-240to759-New-EER-11.5/instance-out.sql,0.00,0.00
CZ16/Gro&0&cDXGF&New&dxAC_equip/NE-dxAC-PkgAC-240to759-New-EER-12.5/instance-out.sql,0.00,0.00
CZ16/Gro&0&cDXGF&New&dxAC_equip/NE-dxAC-PkgAC-gt760-New-EER-9.5/instance-out.sql,0.00,0.00
CZ16/Gro&0&cDXGF&New&dxAC_equip/NE-dxAC-PkgAC-gt760-New-EER-10.2/instance-out.sql,0.00,0.00
CZ16/Gro&0&cDXGF&New&dxAC_equip/NE-dxAC-PkgAC-gt760-New-EER-11.0/instance-out.sql,0.00,0.00
CZ16/Gro&0&cDXGF&New&dxAC_equip/NE-dxAC-PkgAC-gt760-New-EER-12.0/instance-out.sql,0.00,0.00
CZ16/Hsp&0&cDXGF&New&dxAC_equip/NE-dxAC-PkgAC-65to134-New-EER-11.0/instance-out.sql,1.00,22.00
CZ16/Hsp&0&cDXGF&New&dxAC_equip/NE-dxAC-PkgAC-65to134-New-EER-11.5/instance-out.sql,1.00,22.00
CZ16/Hsp&0&cDXGF&New&dxAC_equip/NE-dxAC-PkgAC-65to134-New-EER-12.0/instance-out.sql,1.00,22.00
CZ16/Hsp&0&cDXGF&New&dxAC_equip/NE-dxAC-PkgAC-65to134-New-EER-12.5/instance-out.sql,1.00,22.00
CZ16/Hsp&0&cDXGF&New&dxAC_equip/NE-dxAC-PkgAC-65to134-New-EER-13.0/instance-out.sql,1.00,22.00
CZ16/Hsp&0&cDXGF&New&dxAC_equip/NE-dxAC-PkgAC-135to239-New-EER-10.8/instance-out.sql,1.00,22.00
CZ16/Hsp&0&cDXGF&New&dxAC_equip/NE-dxAC-PkgAC-135to239-New-EER-11.5/instance-out.sql,1.00,22.00
CZ16/Hsp&0&cDXGF&New&dxAC_equip/NE-dxAC-PkgAC-135to239-New-EER-12.0/instance-out.sql,1.00,22.00
CZ16/Hsp&0&cDXGF&New&dxAC_equip/NE-dxAC-PkgAC-135to239-New-EER-12.5/instance-out.sql,1.00,22.00
CZ16/Hsp&0&cDXGF&New&dxAC_equip/NE-dxAC-PkgAC-240to759-New-EER-9.8/instance-out.sql,1.00,22.00
CZ16/Hsp&0&cDXGF&New&dxAC_equip/NE-dxAC-PkgAC-240to759-New-EER-10.8/instance-out.sql,1.00,22.00
CZ16/Hsp&0&cDXGF&New&dxAC_equip/NE-dxAC-PkgAC-240to759-New-EER-11.5/instance-out.sql,1.00,22.00
CZ16/Hsp&0&cDXGF&New&dxAC_equip/NE-dxAC-PkgAC-240to759-New-EER-12.5/instance-out.sql,1.00,22.00
CZ16/Hsp&0&cDXGF&New&dxAC_equip/NE-dxAC-PkgAC-gt760-New-EER-9.5/instance-out.sql,1.00,22.00
CZ16/Hsp&0&cDXGF&New&dxAC_equip/NE-dxAC-PkgAC-gt760-New-EER-10.2/instance-out.sql,1.00,22.00
CZ16/Hsp&0&cDXGF&New&dxAC_equip/NE-dxAC-PkgAC-gt760-New-EER-11.0/instance-out.sql,1.00,22.00
CZ16/Hsp&0&cDXGF&New&dxAC_equip/NE-dxAC-PkgAC-gt760-New-EER-12.0/instance-out.sql,1.00,22.00
CZ16/MBT&0&cDXGF&New&dxAC_equip/NE-dxAC-PkgAC-65to134-New-EER-11.0/instance-out.sql,0.00,219.00
CZ16/MBT&0&cDXGF&New&dxAC_equip/NE-dxAC-PkgAC-65to134-New-EER-11.5/instance-out.sql,0.00,219.00
CZ16/MBT&0&cDXGF&New&dxAC_equip/NE-dxAC-PkgAC-65to134-New-EER-12.0/instance-out.sql,0.00,219.00
CZ16/MBT&0&cDXGF&New&dxAC_equip/NE-dxAC-PkgAC-65to134-New-EER-12.5/instance-out.sql,0.00,219.00
CZ16/MBT&0&cDXGF&New&dxAC_equip/NE-dxAC-PkgAC-65to134-New-EER-13.0/instance-out.sql,0.00,219.00
CZ16/MBT&0&cDXGF&New&dxAC_equip/NE-dxAC-PkgAC-135to239-New-EER-10.8/instance-out.sql,0.00,219.00
CZ16/MBT&0&cDXGF&New&dxAC_equip/NE-dxAC-PkgAC-135to239-New-EER-11.5/instance-out.sql,0.00,219.00
CZ16/MBT&0&cDXGF&New&dxAC_equip/NE-dxAC-PkgAC-135to239-New-EER-12.0/instance-out.sql,0.00,219.00
CZ16/MBT&0&cDXGF&New&dxAC_equip/NE-dxAC-PkgAC-135to239-New-EER-12.5/instance-out.sql,0.00,219.00
CZ16/MBT&0&cDXGF&New&dxAC_equip/NE-dxAC-PkgAC-240to759-New-EER-9.8/instance-out.sql,0.00,219.00
CZ16/MBT&0&cDXGF&New&dxAC_equip/NE-dxAC-PkgAC-240to759-New-EER-10.8/instance-out.sql,0.00,219.00
CZ16/MBT&0&cDXGF&New&dxAC_equip/NE-dxAC-PkgAC-240to759-New-EER-11.5/instance-out.sql,0.00,219.00
CZ16/MBT&0&cDXGF&New&dxAC_equip/NE-dxAC-PkgAC-240to759-New-EER-12.5/instance-out.sql,0.00,219.00
CZ16/MBT&0&cDXGF&New&dxAC_equip/NE-dxAC-PkgAC-gt760-New-EER-9.5/instance-out.sql,0.00,219.00
CZ16/MBT&0&cDXGF&New&dxAC_equip/NE-dxAC-PkgAC-gt760-New-EER-10.2/instance-out.sql,0.00,219.00
CZ16/MBT&0&cDXGF&New&dxAC_equip/NE-dxAC-PkgAC-gt760-New-EER-11.0/instance-out.sql,0.00,219.00
CZ16/MBT&0&cDXGF&New&dxAC_equip/NE-dxAC-PkgAC-gt760-New-EER-12.0/instance-out.sql,0.00,219.00
CZ16/MLI&0&cDXGF&New&dxAC_equip/NE-dxAC-PkgAC-65to134-New-EER-11.0/instance-out.sql,0.00,0.00
CZ16/MLI&0&cDXGF&New&dxAC_equip/NE-dxAC-PkgAC-65to134-New-EER-11.5/instance-out.sql,0.00,0.00
CZ16/MLI&0&cDXGF&New&dxAC_equip/NE-dxAC-PkgAC-65to134-New-EER-12.0/instance-out.sql,0.00,0.00
CZ16/MLI&0&cDXGF&New&dxAC_equip/NE-dxAC-PkgAC-65to134-New-EER-12.5/instance-out.sql,0.00,0.00
CZ16/MLI&0&cDXGF&New&dxAC_equip/NE-dxAC-PkgAC-65to134-New-EER-13.0/instance-out.sql,0.00,0.00
CZ16/MLI&0&cDXGF&New&dxAC_equip/NE-dxAC-PkgAC-135to239-New-EER-10.8/instance-out.sql,0.00,0.00
CZ16/MLI&0&cDXGF&New&dxAC_equip/NE-dxAC-PkgAC-135to239-New-EER-11.5/instance-out.sql,0.00,0.00
CZ16/MLI&0&cDXGF&New&dxAC_equip/NE-dxAC-PkgAC-135to239-New-EER-12.0/instance-out.sql,0.00,0.00
CZ16/MLI&0&cDXGF&New&dxAC_equip/NE-dxAC-PkgAC-135to239-New-EER-12.5/instance-out.sql,0.00,0.00
CZ16/MLI&0&cDXGF&New&dxAC_equip/NE-dxAC-PkgAC-240to759-New-EER-9.8/instance-out.sql,0.00,0.00
CZ16/MLI&0&cDXGF&New&dxAC_equip/NE-dxAC-PkgAC-240to759-New-EER-10.8/instance-out.sql,0.00,0.00
CZ16/MLI&0&cDXGF&New&dxAC_equip/NE-dxAC-PkgAC-240to759-New-EER-11.5/instance-out.sql,0.00,0.00
CZ16/MLI&0&cDXGF&New&dxAC_equip/NE-dxAC-PkgAC-240to759-New-EER-12.5/instance-out.sql,0.00,0.00
CZ16/MLI&0&cDXGF&New&dxAC_equip/NE-dxAC-PkgAC-gt760-New-EER-9.5/instance-out.sql,0.00,0.00
CZ16/MLI&0&cDXGF&New&dxAC_equip/NE-dxAC-PkgAC-gt760-New-EER-10.2/instance-out.sql,0.00,0.00
CZ16/MLI&0&cDXGF&New&dxAC_equip/NE-dxAC-PkgAC-gt760-New-EER-11.0/instance-out.sql,0.00,0.00
CZ16/MLI&0&cDXGF&New&dxAC_equip/NE-dxAC-PkgAC-gt760-New-EER-12.0/instance-out.sql,0.00,0.00
CZ16/Mtl&0&cDXGF&New&dxAC_equip/NE-dxAC-PkgAC-65to134-New-EER-11.0/instance-out.sql,9.00,221.00
CZ16/Mtl&0&cDXGF&New&dxAC_equip/NE-dxAC-PkgAC-65to134-New-EER-11.5/instance-out.sql,9.00,221.00
CZ16/Mtl&0&cDXGF&New&dxAC_equip/NE-dxAC-PkgAC-65to134-New-EER-12.0/instance-out.sql,9.00,221.00
CZ16/Mtl&0&cDXGF&New&dxAC_equip/NE-dxAC-PkgAC-65to134-New-EER-12.5/instance-out.sql,9.00,221.00
CZ16/Mtl&0&cDXGF&New&dxAC_equip/NE-dxAC-PkgAC-65to134-New-EER-13.0/instance-out.sql,9.00,221.00
CZ16/Mtl&0&cDXGF&New&dxAC_equip/NE-dxAC-PkgAC-135to239-New-EER-10.8/instance-out.sql,9.00,221.00
CZ16/Mtl&0&cDXGF&New&dxAC_equip/NE-dxAC-PkgAC-135to239-New-EER-11.5/instance-out.sql,9.00,221.00
CZ16/Mtl&0&cDXGF&New&dxAC_equip/NE-dxAC-PkgAC-135to239-New-EER-12.0/instance-out.sql,9.00,221.00
CZ16/Mtl&0&cDXGF&New&dxAC_equip/NE-dxAC-PkgAC-135to239-New-EER-12.5/instance-out.sql,9.00,221.00
CZ16/Mtl&0&cDXGF&New&dxAC_equip/NE-dxAC-PkgAC-240to759-New-EER-9.8/instance-out.sql,9.00,221.00
CZ16/Mtl&0&cDXGF&New&dxAC_equip/NE-dxAC-PkgAC-240to759-New-EER-10.8/instance-out.sql,9.00,221.00
CZ16/Mtl&0&cDXGF&New&dxAC_equip/NE-dxAC-PkgAC-240to759-New-EER-11.5/instance-out.sql,9.00,221.00
CZ16/Mtl&0&cDXGF&New&dxAC_equip/NE-dxAC-PkgAC-240to759-New-EER-12.5/instance-out.sql,9.00,221.00
CZ16/Mtl&0&cDXGF&New&dxAC_equip/NE-dxAC-PkgAC-gt760-New-EER-9.5/instance-out.sql,9.00,221.00
CZ16/Mtl&0&cDXGF&New&dxAC_equip/NE-dxAC-PkgAC-gt760-New-EER-10.2/instance-out.sql,9.00,221.00
CZ16/Mtl&0&cDXGF&New&dxAC_equip/NE-dxAC-PkgAC-gt760-New-EER-11.0/instance-out.sql,9.00,221.00
CZ16/Mtl&0&cDXGF&New&dxAC_equip/NE-dxAC-PkgAC-gt760-New-EER-12.0/instance-out.sql,9.00,221.00
CZ16/Nrs&0&cDXGF&New&dxAC_equip/NE-dxAC-PkgAC-65to134-New-EER-11.0/instance-out.sql,0.00,0.00
CZ16/Nrs&0&cDXGF&New&dxAC_equip/NE-dxAC-PkgAC-65to134-New-EER-11.5/instance-out.sql,0.00,0.00
CZ16/Nrs&0&cDXGF&New&dxAC_equip/NE-dxAC-PkgAC-65to134-New-EER-12.0/instance-out.sql,0.00,0.00
CZ16/Nrs&0&cDXGF&New&dxAC_equip/NE-dxAC-PkgAC-65to134-New-EER-12.5/instance-out.sql,0.00,0.00
CZ16/Nrs&0&cDXGF&New&dxAC_equip/NE-dxAC-PkgAC-65to134-New-EER-13.0/instance-out.sql,0.00,0.00
CZ16/Nrs&0&cDXGF&New&dxAC_equip/NE-dxAC-PkgAC-135to239-New-EER-10.8/instance-out.sql,0.00,0.00
CZ16/Nrs&0&cDXGF&New&dxAC_equip/NE-dxAC-PkgAC-135to239-New-EER-11.5/instance-out.sql,0.00,0.00
CZ16/Nrs&0&cDXGF&New&dxAC_equip/NE-dxAC-PkgAC-135to239-New-EER-12.0/instance-out.sql,0.00,0.00
CZ16/Nrs&0&cDXGF&New&dxAC_equip/NE-dxAC-PkgAC-135to239-New-EER-12.5/instance-out.sql,0.00,0.00
CZ16/Nrs&0&cDXGF&New&dxAC_equip/NE-dxAC-PkgAC-240to759-New-EER-9.8/instance-out.sql,0.00,0.00
CZ16/Nrs&0&cDXGF&New&dxAC_equip/NE-dxAC-PkgAC-240to759-New-EER-10.8/instance-out.sql,0.00,0.00
CZ16/Nrs&0&cDXGF&New&dxAC_equip/NE-dxAC-PkgAC-240to759-New-EER-11.5/instance-out.sql,0.00,0.00
CZ16/Nrs&0&cDXGF&New&dxAC_equip/NE-dxAC-PkgAC-240to759-New-EER-12.5/instance-out.sql,0.00,0.00
CZ16/Nrs&0&cDXGF&New&dxAC_equip/NE-dxAC-PkgAC-gt760-New-EER-9.5/instance-out.sql,0.00,0.00
CZ16/Nrs&0&cDXGF&New&dxAC_equip/NE-dxAC-PkgAC-gt760-New-EER-10.2/instance-out.sql,0.00,0.00
CZ16/Nrs&0&cDXGF&New&dxAC_equip/NE-dxAC-PkgAC-gt760-New-EER-11.0/instance-out.sql,0.00,0.00
CZ16/Nrs&0&cDXGF&New&dxAC_equip/NE-dxAC-PkgAC-gt760-New-EER-12.0/instance-out.sql,0.00,0.00
CZ16/OfL&0&cDXGF&New&dxAC_equip/NE-dxAC-PkgAC-65to134-New-EER-11.0/instance-out.sql,11.00,202.00
CZ16/OfL&0&cDXGF&New&dxAC_equip/NE-dxAC-PkgAC-65to134-New-EER-11.5/instance-out.sql,11.00,202.00
CZ16/OfL&0&cDXGF&New&dxAC_equip/NE-dxAC-PkgAC-65to134-New-EER-12.0/instance-out.sql,11.00,202.00
CZ16/OfL&0&cDXGF&New&dxAC_equip/NE-dxAC-PkgAC-65to134-New-EER-12.5/instance-out.sql,11.00,202.00
CZ16/OfL&0&cDXGF&New&dxAC_equip/NE-dxAC-PkgAC-65to134-New-EER-13.0/instance-out.sql,11.00,202.00
CZ16/OfL&0&cDXGF&New&dxAC_equip/NE-dxAC-PkgAC-135to239-New-EER-10.8/instance-out.sql,11.00,202.00
CZ16/OfL&0&cDXGF&New&dxAC_equip/NE-dxAC-PkgAC-135to239-New-EER-11.5/instance-out.sql,11.00,202.00
CZ16/OfL&0&cDXGF&New&dxAC_equip/NE-dxAC-PkgAC-135to239-New-EER-12.0/instance-out.sql,11.00,202.00
CZ16/OfL&0&cDXGF&New&dxAC_equip/NE-dxAC-PkgAC-135to239-New-EER-12.5/instance-out.sql,11.00,202.00
CZ16/OfL&0&cDXGF&New&dxAC_equip/NE-dxAC-PkgAC-240to759-New-EER-9.8/instance-out.sql,11.00,202.00
CZ16/OfL&0&cDXGF&New&dxAC_equip/NE-dxAC-PkgAC-240to759-New-EER-10.8/instance-out.sql,11.00,202.00
CZ16/OfL&0&cDXGF&New&dxAC_equip/NE-dxAC-PkgAC-240to759-New-EER-11.5/instance-out.sql,11.00,202.00
CZ16/OfL&0&cDXGF&New&dxAC_equip/NE-dxAC-PkgAC-240to759-New-EER-12.5/instance-out.sql,11.00,202.00
CZ16/OfL&0&cDXGF&New&dxAC_equip/NE-dxAC-PkgAC-gt760-New-EER-9.5/instance-out.sql,11.00,202.00
CZ16/OfL&0&cDXGF&New&dxAC_equip/NE-dxAC-PkgAC-gt760-New-EER-10.2/instance-out.sql,11.00,202.00
CZ16/OfL&0&cDXGF&New&dxAC_equip/NE-dxAC-PkgAC-gt760-New-EER-11.0/instance-out.sql,11.00,202.00
CZ16/OfL&0&cDXGF&New&dxAC_equip/NE-dxAC-PkgAC-gt760-New-EER-12.0/instance-out.sql,11.00,202.00
CZ16/OfS&0&cDXGF&New&dxAC_equip/NE-dxAC-PkgAC-65to134-New-EER-11.0/instance-out.sql,6.00,137.00
CZ16/OfS&0&cDXGF&New&dxAC_equip/NE-dxAC-PkgAC-65to134-New-EER-11.5/instance-out.sql,6.00,137.00
CZ16/OfS&0&cDXGF&New&dxAC_equip/NE-dxAC-PkgAC-65to134-New-EER-12.0/instance-out.sql,6.00,137.00
CZ16/OfS&0&cDXGF&New&dxAC_equip/NE-dxAC-PkgAC-65to134-New-EER-12.5/instance-out.sql,6.00,137.00
CZ16/OfS&0&cDXGF&New&dxAC_equip/NE-dxAC-PkgAC-65to134-New-EER-13.0/instance-out.sql,6.00,137.00
CZ16/OfS&0&cDXGF&New&dxAC_equip/NE-dxAC-PkgAC-135to239-New-EER-10.8/instance-out.sql,6.00,137.00
CZ16/OfS&0&cDXGF&New&dxAC_equip/NE-dxAC-PkgAC-135to239-New-EER-11.5/instance-out.sql,6.00,137.00
CZ16/OfS&0&cDXGF&New&dxAC_equip/NE-dxAC-PkgAC-135to239-New-EER-12.0/instance-out.sql,6.00,137.00
CZ16/OfS&0&cDXGF&New&dxAC_equip/NE-dxAC-PkgAC-135to239-New-EER-12.5/instance-out.sql,6.00,137.00
CZ16/OfS&0&cDXGF&New&dxAC_equip/NE-dxAC-PkgAC-240to759-New-EER-9.8/instance-out.sql,6.00,137.00
CZ16/OfS&0&cDXGF&New&dxAC_equip/NE-dxAC-PkgAC-240to759-New-EER-10.8/instance-out.sql,6.00,137.00
CZ16/OfS&0&cDXGF&New&dxAC_equip/NE-dxAC-PkgAC-240to759-New-EER-11.5/instance-out.sql,6.00,137.00
CZ16/OfS&0&cDXGF&New&dxAC_equip/NE-dxAC-PkgAC-240to759-New-EER-12.5/instance-out.sql,6.00,137.00
CZ16/OfS&0&cDXGF&New&dxAC_equip/NE-dxAC-PkgAC-gt760-New-EER-9.5/instance-out.sql,6.00,137.00
CZ16/OfS&0&cDXGF&New&dxAC_equip/NE-dxAC-PkgAC-gt760-New-EER-10.2/instance-out.sql,6.00,137.00
CZ16/OfS&0&cDXGF&New&dxAC_equip/NE-dxAC-PkgAC-gt760-New-EER-11.0/instance-out.sql,6.00,137.00
CZ16/OfS&0&cDXGF&New&dxAC_equip/NE-dxAC-PkgAC-gt760-New-EER-12.0/instance-out.sql,6.00,137.00
CZ16/RFF&0&cDXGF&New&dxAC_equip/NE-dxAC-PkgAC-65to134-New-EER-11.0/instance-out.sql,0.00,2.00
CZ16/RFF&0&cDXGF&New&dxAC_equip/NE-dxAC-PkgAC-65to134-New-EER-11.5/instance-out.sql,0.00,2.00
CZ16/RFF&0&cDXGF&New&dxAC_equip/NE-dxAC-PkgAC-65to134-New-EER-12.0/instance-out.sql,0.00,2.00
CZ16/RFF&0&cDXGF&New&dxAC_equip/NE-dxAC-PkgAC-65to134-New-EER-12.5/instance-out.sql,0.00,2.00
CZ16/RFF&0&cDXGF&New&dxAC_equip/NE-dxAC-PkgAC-65to134-New-EER-13.0/instance-out.sql,0.00,2.00
CZ16/RFF&0&cDXGF&New&dxAC_equip/NE-dxAC-PkgAC-135to239-New-EER-10.8/instance-out.sql,0.00,2.00
CZ16/RFF&0&cDXGF&New&dxAC_equip/NE-dxAC-PkgAC-135to239-New-EER-11.5/instance-out.sql,0.00,2.00
CZ16/RFF&0&cDXGF&New&dxAC_equip/NE-dxAC-PkgAC-135to239-New-EER-12.0/instance-out.sql,0.00,2.00
CZ16/RFF&0&cDXGF&New&dxAC_equip/NE-dxAC-PkgAC-135to239-New-EER-12.5/instance-out.sql,0.00,2.00
CZ16/RFF&0&cDXGF&New&dxAC_equip/NE-dxAC-PkgAC-240to759-New-EER-9.8/instance-out.sql,0.00,2.00
CZ16/RFF&0&cDXGF&New&dxAC_equip/NE-dxAC-PkgAC-240to759-New-EER-10.8/instance-out.sql,0.00,2.00
CZ16/RFF&0&cDXGF&New&dxAC_equip/NE-dxAC-PkgAC-240to759-New-EER-11.5/instance-out.sql,0.00,2.00
CZ16/RFF&0&cDXGF&New&dxAC_equip/NE-dxAC-PkgAC-240to759-New-EER-12.5/instance-out.sql,0.00,2.00
CZ16/RFF&0&cDXGF&New&dxAC_equip/NE-dxAC-PkgAC-gt760-New-EER-9.5/instance-out.sql,0.00,2.00
CZ16/RFF&0&cDXGF&New&dxAC_equip/NE-dxAC-PkgAC-gt760-New-EER-10.2/instance-out.sql,0.00,2.00
CZ16/RFF&0&cDXGF&New&dxAC_equip/NE-dxAC-PkgAC-gt760-New-EER-11.0/instance-out.sql,0.00,2.00
CZ16/RFF&0&cDXGF&New&dxAC_equip/NE-dxAC-PkgAC-gt760-New-EER-12.0/instance-out.sql,0.00,2.00
CZ16/RSD&0&cDXGF&New&dxAC_equip/NE-dxAC-PkgAC-65to134-New-EER-11.0/instance-out.sql,0.00,49.00
CZ16/RSD&0&cDXGF&New&dxAC_equip/NE-dxAC-PkgAC-65to134-New-EER-11.5/instance-out.sql,0.00,49.00
CZ16/RSD&0&cDXGF&New&dxAC_equip/NE-dxAC-PkgAC-65to134-New-EER-12.0/instance-out.sql,0.00,49.00
CZ16/RSD&0&cDXGF&New&dxAC_equip/NE-dxAC-PkgAC-65to134-New-EER-12.5/instance-out.sql,0.00,49.00
CZ16/RSD&0&cDXGF&New&dxAC_equip/NE-dxAC-PkgAC-65to134-New-EER-13.0/instance-out.sql,0.00,49.00
CZ16/RSD&0&cDXGF&New&dxAC_equip/NE-dxAC-PkgAC-135to239-New-EER-10.8/instance-out.sql,0.00,49.00
CZ16/RSD&0&cDXGF&New&dxAC_equip/NE-dxAC-PkgAC-135to239-New-EER-11.5/instance-out.sql,0.00,49.00
CZ16/RSD&0&cDXGF&New&dxAC_equip/NE-dxAC-PkgAC-135to239-New-EER-12.0/instance-out.sql,0.00,49.00
CZ16/RSD&0&cDXGF&New&dxAC_equip/NE-dxAC-PkgAC-135to239-New-EER-12.5/instance-out.sql,0.00,49.00
CZ16/RSD&0&cDXGF&New&dxAC_equip/NE-dxAC-PkgAC-240to759-New-EER-9.8/instance-out.sql,0.00,49.00
CZ16/RSD&0&cDXGF&New&dxAC_equip/NE-dxAC-PkgAC-240to759-New-EER-10.8/instance-out.sql,0.00,49.00
CZ16/RSD&0&cDXGF&New&dxAC_equip/NE-dxAC-PkgAC-240to759-New-EER-11.5/instance-out.sql,0.00,49.00
CZ16/RSD&0&cDXGF&New&dxAC_equip/NE-dxAC-PkgAC-240to759-New-EER-12.5/instance-out.sql,0.00,49.00
CZ16/RSD&0&cDXGF&New&dxAC_equip/NE-dxAC-PkgAC-gt760-New-EER-9.5/instance-out.sql,0.00,49.00
CZ16/RSD&0&cDXGF&New&dxAC_equip/NE-dxAC-PkgAC-gt760-New-EER-10.2/instance-out.sql,0.00,49.00
CZ16/RSD&0&cDXGF&New&dxAC_equip/NE-dxAC-PkgAC-gt760-New-EER-11.0/instance-out.sql,0.00,49.00
CZ16/RSD&0&cDXGF&New&dxAC_equip/NE-dxAC-PkgAC-gt760-New-EER-12.0/instance-out.sql,0.00,49.00
CZ16/Rt3&0&cDXGF&New&dxAC_equip/NE-dxAC-PkgAC-65to134-New-EER-11.0/instance-out.sql,0.00,0.00
CZ16/Rt3&0&cDXGF&New&dxAC_equip/NE-dxAC-PkgAC-65to134-New-EER-11.5/instance-out.sql,0.00,0.00
CZ16/Rt3&0&cDXGF&New&dxAC_equip/NE-dxAC-PkgAC-65to134-New-EER-12.0/instance-out.sql,0.00,0.00
CZ16/Rt3&0&cDXGF&New&dxAC_equip/NE-dxAC-PkgAC-65to134-New-EER-12.5/instance-out.sql,0.00,0.00
CZ16/Rt3&0&cDXGF&New&dxAC_equip/NE-dxAC-PkgAC-65to134-New-EER-13.0/instance-out.sql,0.00,0.00
CZ16/Rt3&0&cDXGF&New&dxAC_equip/NE-dxAC-PkgAC-135to239-New-EER-10.8/instance-out.sql,0.00,0.00
CZ16/Rt3&0&cDXGF&New&dxAC_equip/NE-dxAC-PkgAC-135to239-New-EER-11.5/instance-out.sql,0.00,0.00
CZ16/Rt3&0&cDXGF&New&dxAC_equip/NE-dxAC-PkgAC-135to239-New-EER-12.0/instance-out.sql,0.00,0.00
CZ16/Rt3&0&cDXGF&New&dxAC_equip/NE-dxAC-PkgAC-135to239-New-EER-12.5/instance-out.sql,0.00,0.00
CZ16/Rt3&0&cDXGF&New&dxAC_equip/NE-dxAC-PkgAC-240to759-New-EER-9.8/instance-out.sql,0.00,0.00
CZ16/Rt3&0&cDXGF&New&dxAC_equip/NE-dxAC-PkgAC-240to759-New-EER-10.8/instance-out.sql,0.00,0.00
CZ16/Rt3&0&cDXGF&New&dxAC_equip/NE-dxAC-PkgAC-240to759-New-EER-11.5/instance-out.sql,0.00,0.00
CZ16/Rt3&0&cDXGF&New&dxAC_equip/NE-dxAC-PkgAC-240to759-New-EER-12.5/instance-out.sql,0.00,0.00
CZ16/Rt3&0&cDXGF&New&dxAC_equip/NE-dxAC-PkgAC-gt760-New-EER-9.5/instance-out.sql,0.00,0.00
CZ16/Rt3&0&cDXGF&New&dxAC_equip/NE-dxAC-PkgAC-gt760-New-EER-10.2/instance-out.sql,0.00,0.00
CZ16/Rt3&0&cDXGF&New&dxAC_equip/NE-dxAC-PkgAC-gt760-New-EER-11.0/instance-out.sql,0.00,0.00
CZ16/Rt3&0&cDXGF&New&dxAC_equip/NE-dxAC-PkgAC-gt760-New-EER-12.0/instance-out.sql,0.00,0.00
CZ16/RtL&0&cDXGF&New&dxAC_equip/NE-dxAC-PkgAC-65to134-New-EER-11.0/instance-out.sql,0.00,0.00
CZ16/RtL&0&cDXGF&New&dxAC_equip/NE-dxAC-PkgAC-65to134-New-EER-11.5/instance-out.sql,0.00,0.00
CZ16/RtL&0&cDXGF&New&dxAC_equip/NE-dxAC-PkgAC-65to134-New-EER-12.0/instance-out.sql,0.00,0.00
CZ16/RtL&0&cDXGF&New&dxAC_equip/NE-dxAC-PkgAC-65to134-New-EER-12.5/instance-out.sql,0.00,0.00
CZ16/RtL&0&cDXGF&New&dxAC_equip/NE-dxAC-PkgAC-65to134-New-EER-13.0/instance-out.sql,0.00,0.00
CZ16/RtL&0&cDXGF&New&dxAC_equip/NE-dxAC-PkgAC-135to239-New-EER-10.8/instance-out.sql,0.00,0.00
CZ16/RtL&0&cDXGF&New&dxAC_equip/NE-dxAC-PkgAC-135to239-New-EER-11.5/instance-out.sql,0.00,0.00
CZ16/RtL&0&cDXGF&New&dxAC_equip/NE-dxAC-PkgAC-135to239-New-EER-12.0/instance-out.sql,0.00,0.00
CZ16/RtL&0&cDXGF&New&dxAC_equip/NE-dxAC-PkgAC-135to239-New-EER-12.5/instance-out.sql,0.00,0.00
CZ16/RtL&0&cDXGF&New&dxAC_equip/NE-dxAC-PkgAC-240to759-New-EER-9.8/instance-out.sql,0.00,0.00
CZ16/RtL&0&cDXGF&New&dxAC_equip/NE-dxAC-PkgAC-240to759-New-EER-10.8/instance-out.sql,0.00,0.00
CZ16/RtL&0&cDXGF&New&dxAC_equip/NE-dxAC-PkgAC-240to759-New-EER-11.5/instance-out.sql,0.00,0.00
CZ16/RtL&0&cDXGF&New&dxAC_equip/NE-dxAC-PkgAC-240to759-New-EER-12.5/instance-out.sql,0.00,0.00
CZ16/RtL&0&cDXGF&New&dxAC_equip/NE-dxAC-PkgAC-gt760-New-EER-9.5/instance-out.sql,0.00,0.00
CZ16/RtL&0&cDXGF&New&dxAC_equip/NE-dxAC-PkgAC-gt760-New-EER-10.2/instance-out.sql,0.00,0.00
CZ16/RtL&0&cDXGF&New&dxAC_equip/NE-dxAC-PkgAC-gt760-New-EER-11.0/instance-out.sql,0.00,0.00
CZ16/RtL&0&cDXGF&New&dxAC_equip/NE-dxAC-PkgAC-gt760-New-EER-12.0/instance-out.sql,0.00,0.00
CZ16/RtS&0&cDXGF&New&dxAC_equip/NE-dxAC-PkgAC-65to134-New-EER-11.0/instance-out.sql,0.00,0.00
CZ16/RtS&0&cDXGF&New&dxAC_equip/NE-dxAC-PkgAC-65to134-New-EER-11.5/instance-out.sql,0.00,0.00
CZ16/RtS&0&cDXGF&New&dxAC_equip/NE-dxAC-PkgAC-65to134-New-EER-12.0/instance-out.sql,0.00,0.00
CZ16/RtS&0&cDXGF&New&dxAC_equip/NE-dxAC-PkgAC-65to134-New-EER-12.5/instance-out.sql,0.00,0.00
CZ16/RtS&0&cDXGF&New&dxAC_equip/NE-dxAC-PkgAC-65to134-New-EER-13.0/instance-out.sql,0.00,0.00
CZ16/RtS&0&cDXGF&New&dxAC_equip/NE-dxAC-PkgAC-135to239-New-EER-10.8/instance-out.sql,0.00,0.00
CZ16/RtS&0&cDXGF&New&dxAC_equip/NE-dxAC-PkgAC-135to239-New-EER-11.5/instance-out.sql,0.00,0.00
CZ16/RtS&0&cDXGF&New&dxAC_equip/NE-dxAC-PkgAC-135to239-New-EER-12.0/instance-out.sql,0.00,0.00
CZ16/RtS&0&cDXGF&New&dxAC_equip/NE-dxAC-PkgAC-135to239-New-EER-12.5/instance-out.sql,0.00,0.00
CZ16/RtS&0&cDXGF&New&dxAC_equip/NE-dxAC-PkgAC-240to759-New-EER-9.8/instance-out.sql,0.00,0.00
CZ16/RtS&0&cDXGF&New&dxAC_equip/NE-dxAC-PkgAC-240to759-New-EER-10.8/instance-out.sql,0.00,0.00
CZ16/RtS&0&cDXGF&New&dxAC_equip/NE-dxAC-PkgAC-240to759-New-EER-11.5/instance-out.sql,0.00,0.00
CZ16/RtS&0&cDXGF&New&dxAC_equip/NE-dxAC-PkgAC-240to759-New-EER-12.5/instance-out.sql,0.00,0.00
CZ16/RtS&0&cDXGF&New&dxAC_equip/NE-dxAC-PkgAC-gt760-New-EER-9.5/instance-out.sql,0.00,0.00
CZ16/RtS&0&cDXGF&New&dxAC_equip/NE-dxAC-PkgAC-gt760-New-EER-10.2/instance-out.sql,0.00,0.00
CZ16/RtS&0&cDXGF&New&dxAC_equip/NE-dxAC-PkgAC-gt760-New-EER-11.0/instance-out.sql,0.00,0.00
CZ16/RtS&0&cDXGF&New&dxAC_equip/NE-dxAC-PkgAC-gt760-New-EER-12.0/instance-out.sql,0.00,0.00
CZ16/SCn&0&cDXGF&New&dxAC_equip/NE-dxAC-PkgAC-65to134-New-EER-11.0/instance-out.sql,0.00,0.00
CZ16/SCn&0&cDXGF&New&dxAC_equip/NE-dxAC-PkgAC-65to134-New-EER-11.5/instance-out.sql,0.00,0.00
CZ16/SCn&0&cDXGF&New&dxAC_equip/NE-dxAC-PkgAC-65to134-New-EER-12.0/instance-out.sql,0.00,0.00
CZ16/SCn&0&cDXGF&New&dxAC_equip/NE-dxAC-PkgAC-65to134-New-EER-12.5/instance-out.sql,0.00,0.00
CZ16/SCn&0&cDXGF&New&dxAC_equip/NE-dxAC-PkgAC-65to134-New-EER-13.0/instance-out.sql,0.00,0.00
CZ16/SCn&0&cDXGF&New&dxAC_equip/NE-dxAC-PkgAC-135to239-New-EER-10.8/instance-out.sql,0.00,0.00
CZ16/SCn&0&cDXGF&New&dxAC_equip/NE-dxAC-PkgAC-135to239-New-EER-11.5/instance-out.sql,0.00,0.00
CZ16/SCn&0&cDXGF&New&dxAC_equip/NE-dxAC-PkgAC-135to239-New-EER-12.0/instance-out.sql,0.00,0.00
CZ16/SCn&0&cDXGF&New&dxAC_equip/NE-dxAC-PkgAC-135to239-New-EER-12.5/instance-out.sql,0.00,0.00
CZ16/SCn&0&cDXGF&New&dxAC_equip/NE-dxAC-PkgAC-240to759-New-EER-9.8/instance-out.sql,0.00,0.00
CZ16/SCn&0&cDXGF&New&dxAC_equip/NE-dxAC-PkgAC-240to759-New-EER-10.8/instance-out.sql,0.00,0.00
CZ16/SCn&0&cDXGF&New&dxAC_equip/NE-dxAC-PkgAC-240to759-New-EER-11.5/instance-out.sql,0.00,0.00
CZ16/SCn&0&cDXGF&New&dxAC_equip/NE-dxAC-PkgAC-240to759-New-EER-12.5/instance-out.sql,0.00,0.00
CZ16/SCn&0&cDXGF&New&dxAC_equip/NE-dxAC-PkgAC-gt760-New-EER-9.5/instance-out.sql,0.00,0.00
CZ16/SCn&0&cDXGF&New&dxAC_equip/NE-dxAC-PkgAC-gt760-New-EER-10.2/instance-out.sql,0.00,0.00
CZ16/SCn&0&cDXGF&New&dxAC_equip/NE-dxAC-PkgAC-gt760-New-EER-11.0/instance-out.sql,0.00,0.00
CZ16/SCn&0&cDXGF&New&dxAC_equip/NE-dxAC-PkgAC-gt760-New-EER-12.0/instance-out.sql,0.00,0.00

