File Name,Net Site EUI (kWh/m2),Net Site Energy (kWh),Net Source EUI (kWh/m2),Net Source Energy (kWh)
CZ09/Asm&0&cDXGF&New&dxAC_equip/NE-dxAC-PkgAC-65to134-New-EER-11.0/instance-out.sql,93.39,590037.93,285.25,1802230.95
CZ09/Asm&0&cDXGF&New&dxAC_equip/NE-dxAC-PkgAC-65to134-New-EER-11.5/instance-out.sql,92.66,585434.28,282.82,1786854.77
CZ09/Asm&0&cDXGF&New&dxAC_equip/NE-dxAC-PkgAC-65to134-New-EER-12.0/instance-out.sql,91.99,581208.71,280.58,1772741.38
CZ09/Asm&0&cDXGF&New&dxAC_equip/NE-dxAC-PkgAC-65to134-New-EER-12.5/instance-out.sql,91.38,577316.49,278.53,1759741.34
CZ09/Asm&0&cDXGF&New&dxAC_equip/NE-dxAC-PkgAC-65to134-New-EER-13.0/instance-out.sql,90.77,573516.55,276.52,1747049.57
CZ09/Asm&0&cDXGF&New&dxAC_equip/NE-dxAC-PkgAC-135to239-New-EER-10.8/instance-out.sql,93.34,589755.75,285.10,1801288.48
CZ09/Asm&0&cDXGF&New&dxAC_equip/NE-dxAC-PkgAC-135to239-New-EER-11.5/instance-out.sql,92.30,583153.14,281.61,1779235.75
CZ09/Asm&0&cDXGF&New&dxAC_equip/NE-dxAC-PkgAC-135to239-New-EER-12.0/instance-out.sql,91.66,579109.15,279.47,1765728.84
CZ09/Asm&0&cDXGF&New&dxAC_equip/NE-dxAC-PkgAC-135to239-New-EER-12.5/instance-out.sql,91.04,575167.12,277.39,1752562.44
CZ09/Asm&0&cDXGF&New&dxAC_equip/NE-dxAC-PkgAC-240to759-New-EER-9.8/instance-out.sql,93.85,592943.56,286.79,1811935.78
CZ09/Asm&0&cDXGF&New&dxAC_equip/NE-dxAC-PkgAC-240to759-New-EER-10.8/instance-out.sql,92.26,582905.90,281.48,1778409.99
CZ09/Asm&0&cDXGF&New&dxAC_equip/NE-dxAC-PkgAC-240to759-New-EER-11.5/instance-out.sql,91.27,576661.28,278.18,1757552.93
CZ09/Asm&0&cDXGF&New&dxAC_equip/NE-dxAC-PkgAC-240to759-New-EER-12.5/instance-out.sql,90.07,569082.85,274.17,1732241.00
CZ09/Asm&0&cDXGF&New&dxAC_equip/NE-dxAC-PkgAC-gt760-New-EER-9.5/instance-out.sql,93.48,590606.75,285.55,1804130.83
CZ09/Asm&0&cDXGF&New&dxAC_equip/NE-dxAC-PkgAC-gt760-New-EER-10.2/instance-out.sql,92.30,583153.14,281.61,1779235.75
CZ09/Asm&0&cDXGF&New&dxAC_equip/NE-dxAC-PkgAC-gt760-New-EER-11.0/instance-out.sql,91.17,576015.06,277.84,1755394.58
CZ09/Asm&0&cDXGF&New&dxAC_equip/NE-dxAC-PkgAC-gt760-New-EER-12.0/instance-out.sql,89.93,568175.58,273.69,1729210.72
CZ09/ECC&0&cDXGF&New&dxAC_equip/NE-dxAC-PkgAC-65to134-New-EER-11.0/instance-out.sql,90.71,2394864.35,260.19,6869677.94
CZ09/ECC&0&cDXGF&New&dxAC_equip/NE-dxAC-PkgAC-65to134-New-EER-11.5/instance-out.sql,90.34,2385138.01,258.96,6837191.96
CZ09/ECC&0&cDXGF&New&dxAC_equip/NE-dxAC-PkgAC-65to134-New-EER-12.0/instance-out.sql,90.00,2376210.45,257.83,6807373.92
CZ09/ECC&0&cDXGF&New&dxAC_equip/NE-dxAC-PkgAC-65to134-New-EER-12.5/instance-out.sql,89.69,2367987.16,256.79,6779908.11
CZ09/ECC&0&cDXGF&New&dxAC_equip/NE-dxAC-PkgAC-65to134-New-EER-13.0/instance-out.sql,89.38,2359958.86,255.78,6753093.59
CZ09/ECC&0&cDXGF&New&dxAC_equip/NE-dxAC-PkgAC-135to239-New-EER-10.8/instance-out.sql,90.68,2394268.19,260.12,6867686.75
CZ09/ECC&0&cDXGF&New&dxAC_equip/NE-dxAC-PkgAC-135to239-New-EER-11.5/instance-out.sql,90.16,2380318.53,258.35,6821094.89
CZ09/ECC&0&cDXGF&New&dxAC_equip/NE-dxAC-PkgAC-135to239-New-EER-12.0/instance-out.sql,89.83,2371774.61,257.27,6792558.19
CZ09/ECC&0&cDXGF&New&dxAC_equip/NE-dxAC-PkgAC-135to239-New-EER-12.5/instance-out.sql,89.52,2363446.08,256.22,6764740.91
CZ09/ECC&0&cDXGF&New&dxAC_equip/NE-dxAC-PkgAC-240to759-New-EER-9.8/instance-out.sql,90.94,2401003.24,260.97,6890181.81
CZ09/ECC&0&cDXGF&New&dxAC_equip/NE-dxAC-PkgAC-240to759-New-EER-10.8/instance-out.sql,90.14,2379796.19,258.29,6819350.27
CZ09/ECC&0&cDXGF&New&dxAC_equip/NE-dxAC-PkgAC-240to759-New-EER-11.5/instance-out.sql,89.64,2366602.86,256.62,6775284.56
CZ09/ECC&0&cDXGF&New&dxAC_equip/NE-dxAC-PkgAC-240to759-New-EER-12.5/instance-out.sql,89.03,2350591.56,254.59,6721806.83
CZ09/ECC&0&cDXGF&New&dxAC_equip/NE-dxAC-PkgAC-gt760-New-EER-9.5/instance-out.sql,90.75,2396066.15,260.34,6873691.93
CZ09/ECC&0&cDXGF&New&dxAC_equip/NE-dxAC-PkgAC-gt760-New-EER-10.2/instance-out.sql,90.16,2380318.53,258.35,6821094.89
CZ09/ECC&0&cDXGF&New&dxAC_equip/NE-dxAC-PkgAC-gt760-New-EER-11.0/instance-out.sql,89.58,2365237.57,256.44,6770724.49
CZ09/ECC&0&cDXGF&New&dxAC_equip/NE-dxAC-PkgAC-gt760-New-EER-12.0/instance-out.sql,88.96,2348674.73,254.35,6715404.60
CZ09/EPr&0&cDXGF&New&dxAC_equip/NE-dxAC-PkgAC-65to134-New-EER-11.0/instance-out.sql,91.32,345679.15,228.79,866075.93
CZ09/EPr&0&cDXGF&New&dxAC_equip/NE-dxAC-PkgAC-65to134-New-EER-11.5/instance-out.sql,90.94,344242.01,227.53,861275.87
CZ09/EPr&0&cDXGF&New&dxAC_equip/NE-dxAC-PkgAC-65to134-New-EER-12.0/instance-out.sql,90.59,342922.89,226.36,856870.01
CZ09/EPr&0&cDXGF&New&dxAC_equip/NE-dxAC-PkgAC-65to134-New-EER-12.5/instance-out.sql,90.27,341707.83,225.29,852811.72
CZ09/EPr&0&cDXGF&New&dxAC_equip/NE-dxAC-PkgAC-65to134-New-EER-13.0/instance-out.sql,89.96,340521.58,224.24,848849.66
CZ09/EPr&0&cDXGF&New&dxAC_equip/NE-dxAC-PkgAC-135to239-New-EER-10.8/instance-out.sql,91.30,345591.06,228.72,865781.72
CZ09/EPr&0&cDXGF&New&dxAC_equip/NE-dxAC-PkgAC-135to239-New-EER-11.5/instance-out.sql,90.75,343529.89,226.90,858897.40
CZ09/EPr&0&cDXGF&New&dxAC_equip/NE-dxAC-PkgAC-135to239-New-EER-12.0/instance-out.sql,90.42,342267.46,225.78,854680.87
CZ09/EPr&0&cDXGF&New&dxAC_equip/NE-dxAC-PkgAC-135to239-New-EER-12.5/instance-out.sql,90.09,341036.85,224.70,850570.64
CZ09/EPr&0&cDXGF&New&dxAC_equip/NE-dxAC-PkgAC-240to759-New-EER-9.8/instance-out.sql,91.56,346586.22,229.60,869105.54
CZ09/EPr&0&cDXGF&New&dxAC_equip/NE-dxAC-PkgAC-240to759-New-EER-10.8/instance-out.sql,90.73,343452.71,226.83,858639.61
CZ09/EPr&0&cDXGF&New&dxAC_equip/NE-dxAC-PkgAC-240to759-New-EER-11.5/instance-out.sql,90.22,341503.29,225.11,852128.55
CZ09/EPr&0&cDXGF&New&dxAC_equip/NE-dxAC-PkgAC-240to759-New-EER-12.5/instance-out.sql,89.59,339137.49,223.02,844226.79
CZ09/EPr&0&cDXGF&New&dxAC_equip/NE-dxAC-PkgAC-gt760-New-EER-9.5/instance-out.sql,91.37,345856.73,228.95,866669.03
CZ09/EPr&0&cDXGF&New&dxAC_equip/NE-dxAC-PkgAC-gt760-New-EER-10.2/instance-out.sql,90.75,343529.89,226.90,858897.40
CZ09/EPr&0&cDXGF&New&dxAC_equip/NE-dxAC-PkgAC-gt760-New-EER-11.0/instance-out.sql,90.16,341301.56,224.93,851454.77
CZ09/EPr&0&cDXGF&New&dxAC_equip/NE-dxAC-PkgAC-gt760-New-EER-12.0/instance-out.sql,89.52,338854.26,222.77,843280.81
CZ09/ERC&0&cDXGF&New&dxAC_equip/NE-dxAC-PkgAC-65to134-New-EER-11.0/instance-out.sql,62.30,16689.07,128.05,34303.25
CZ09/ERC&0&cDXGF&New&dxAC_equip/NE-dxAC-PkgAC-65to134-New-EER-11.5/instance-out.sql,62.08,16631.40,127.33,34110.63
CZ09/ERC&0&cDXGF&New&dxAC_equip/NE-dxAC-PkgAC-65to134-New-EER-12.0/instance-out.sql,61.88,16578.46,126.67,33933.83
CZ09/ERC&0&cDXGF&New&dxAC_equip/NE-dxAC-PkgAC-65to134-New-EER-12.5/instance-out.sql,61.70,16529.71,126.06,33770.98
CZ09/ERC&0&cDXGF&New&dxAC_equip/NE-dxAC-PkgAC-65to134-New-EER-13.0/instance-out.sql,61.52,16482.10,125.47,33611.99
CZ09/ERC&0&cDXGF&New&dxAC_equip/NE-dxAC-PkgAC-135to239-New-EER-10.8/instance-out.sql,62.28,16685.53,128.00,34291.44
CZ09/ERC&0&cDXGF&New&dxAC_equip/NE-dxAC-PkgAC-135to239-New-EER-11.5/instance-out.sql,61.98,16602.82,126.97,34015.19
CZ09/ERC&0&cDXGF&New&dxAC_equip/NE-dxAC-PkgAC-135to239-New-EER-12.0/instance-out.sql,61.79,16552.16,126.34,33845.99
CZ09/ERC&0&cDXGF&New&dxAC_equip/NE-dxAC-PkgAC-135to239-New-EER-12.5/instance-out.sql,61.60,16502.78,125.73,33681.05
CZ09/ERC&0&cDXGF&New&dxAC_equip/NE-dxAC-PkgAC-240to759-New-EER-9.8/instance-out.sql,62.43,16725.47,128.50,34424.82
CZ09/ERC&0&cDXGF&New&dxAC_equip/NE-dxAC-PkgAC-240to759-New-EER-10.8/instance-out.sql,61.96,16599.72,126.93,34004.84
CZ09/ERC&0&cDXGF&New&dxAC_equip/NE-dxAC-PkgAC-240to759-New-EER-11.5/instance-out.sql,61.67,16521.50,125.96,33743.57
CZ09/ERC&0&cDXGF&New&dxAC_equip/NE-dxAC-PkgAC-240to759-New-EER-12.5/instance-out.sql,61.32,16426.56,124.77,33426.48
CZ09/ERC&0&cDXGF&New&dxAC_equip/NE-dxAC-PkgAC-gt760-New-EER-9.5/instance-out.sql,62.32,16696.19,128.14,34327.05
CZ09/ERC&0&cDXGF&New&dxAC_equip/NE-dxAC-PkgAC-gt760-New-EER-10.2/instance-out.sql,61.98,16602.82,126.97,34015.19
CZ09/ERC&0&cDXGF&New&dxAC_equip/NE-dxAC-PkgAC-gt760-New-EER-11.0/instance-out.sql,61.64,16513.40,125.86,33716.53
CZ09/ERC&0&cDXGF&New&dxAC_equip/NE-dxAC-PkgAC-gt760-New-EER-12.0/instance-out.sql,61.27,16415.20,124.63,33388.52
CZ09/ESe&0&cDXGF&New&dxAC_equip/NE-dxAC-PkgAC-65to134-New-EER-11.0/instance-out.sql,147.29,1018124.84,388.29,2683917.69
CZ09/ESe&0&cDXGF&New&dxAC_equip/NE-dxAC-PkgAC-65to134-New-EER-11.5/instance-out.sql,147.05,1016424.10,387.46,2678237.22
CZ09/ESe&0&cDXGF&New&dxAC_equip/NE-dxAC-PkgAC-65to134-New-EER-12.0/instance-out.sql,146.82,1014863.03,386.71,2673023.27
CZ09/ESe&0&cDXGF&New&dxAC_equip/NE-dxAC-PkgAC-65to134-New-EER-12.5/instance-out.sql,146.61,1013425.12,386.02,2668220.63
CZ09/ESe&0&cDXGF&New&dxAC_equip/NE-dxAC-PkgAC-65to134-New-EER-13.0/instance-out.sql,146.41,1012021.30,385.34,2663531.87
CZ09/ESe&0&cDXGF&New&dxAC_equip/NE-dxAC-PkgAC-135to239-New-EER-10.8/instance-out.sql,147.28,1018020.59,388.24,2683569.51
CZ09/ESe&0&cDXGF&New&dxAC_equip/NE-dxAC-PkgAC-135to239-New-EER-11.5/instance-out.sql,146.93,1015581.37,387.06,2675422.50
CZ09/ESe&0&cDXGF&New&dxAC_equip/NE-dxAC-PkgAC-135to239-New-EER-12.0/instance-out.sql,146.71,1014087.39,386.34,2670432.61
CZ09/ESe&0&cDXGF&New&dxAC_equip/NE-dxAC-PkgAC-135to239-New-EER-12.5/instance-out.sql,146.50,1012631.07,385.63,2665568.51
CZ09/ESe&0&cDXGF&New&dxAC_equip/NE-dxAC-PkgAC-240to759-New-EER-9.8/instance-out.sql,147.45,1019198.27,388.81,2687502.97
CZ09/ESe&0&cDXGF&New&dxAC_equip/NE-dxAC-PkgAC-240to759-New-EER-10.8/instance-out.sql,146.91,1015490.03,387.01,2675117.44
CZ09/ESe&0&cDXGF&New&dxAC_equip/NE-dxAC-PkgAC-240to759-New-EER-11.5/instance-out.sql,146.58,1013183.06,385.90,2667412.16
CZ09/ESe&0&cDXGF&New&dxAC_equip/NE-dxAC-PkgAC-240to759-New-EER-12.5/instance-out.sql,146.17,1010383.34,384.55,2658061.10
CZ09/ESe&0&cDXGF&New&dxAC_equip/NE-dxAC-PkgAC-gt760-New-EER-9.5/instance-out.sql,147.32,1018334.98,388.39,2684619.57
CZ09/ESe&0&cDXGF&New&dxAC_equip/NE-dxAC-PkgAC-gt760-New-EER-10.2/instance-out.sql,146.93,1015581.37,387.06,2675422.50
CZ09/ESe&0&cDXGF&New&dxAC_equip/NE-dxAC-PkgAC-gt760-New-EER-11.0/instance-out.sql,146.54,1012944.33,385.78,2666614.79
CZ09/ESe&0&cDXGF&New&dxAC_equip/NE-dxAC-PkgAC-gt760-New-EER-12.0/instance-out.sql,146.13,1010048.16,384.38,2656941.61
CZ09/EUn&0&cDXGF&New&dxAC_equip/NE-dxAC-PkgAC-65to134-New-EER-11.0/instance-out.sql,92.33,7358011.81,284.07,22638035.78
CZ09/EUn&0&cDXGF&New&dxAC_equip/NE-dxAC-PkgAC-65to134-New-EER-11.5/instance-out.sql,92.02,7333426.37,283.04,22555920.41
CZ09/EUn&0&cDXGF&New&dxAC_equip/NE-dxAC-PkgAC-65to134-New-EER-12.0/instance-out.sql,91.74,7310860.02,282.10,22480548.81
CZ09/EUn&0&cDXGF&New&dxAC_equip/NE-dxAC-PkgAC-65to134-New-EER-12.5/instance-out.sql,91.48,7290073.85,281.23,22411123.01
CZ09/EUn&0&cDXGF&New&dxAC_equip/NE-dxAC-PkgAC-65to134-New-EER-13.0/instance-out.sql,91.22,7269780.58,280.37,22343343.48
CZ09/EUn&0&cDXGF&New&dxAC_equip/NE-dxAC-PkgAC-135to239-New-EER-10.8/instance-out.sql,92.31,7356504.87,284.01,22633002.61
CZ09/EUn&0&cDXGF&New&dxAC_equip/NE-dxAC-PkgAC-135to239-New-EER-11.5/instance-out.sql,91.87,7321244.07,282.53,22515231.54
CZ09/EUn&0&cDXGF&New&dxAC_equip/NE-dxAC-PkgAC-135to239-New-EER-12.0/instance-out.sql,91.60,7299647.46,281.63,22443098.85
CZ09/EUn&0&cDXGF&New&dxAC_equip/NE-dxAC-PkgAC-135to239-New-EER-12.5/instance-out.sql,91.34,7278595.30,280.74,22372784.63
CZ09/EUn&0&cDXGF&New&dxAC_equip/NE-dxAC-PkgAC-240to759-New-EER-9.8/instance-out.sql,92.53,7373529.17,284.72,22689863.76
CZ09/EUn&0&cDXGF&New&dxAC_equip/NE-dxAC-PkgAC-240to759-New-EER-10.8/instance-out.sql,91.85,7319923.74,282.48,22510821.64
CZ09/EUn&0&cDXGF&New&dxAC_equip/NE-dxAC-PkgAC-240to759-New-EER-11.5/instance-out.sql,91.44,7286574.74,281.08,22399435.98
CZ09/EUn&0&cDXGF&New&dxAC_equip/NE-dxAC-PkgAC-240to759-New-EER-12.5/instance-out.sql,90.93,7246102.71,279.38,22264259.39
CZ09/EUn&0&cDXGF&New&dxAC_equip/NE-dxAC-PkgAC-gt760-New-EER-9.5/instance-out.sql,92.37,7361049.60,284.20,22648182.00
CZ09/EUn&0&cDXGF&New&dxAC_equip/NE-dxAC-PkgAC-gt760-New-EER-10.2/instance-out.sql,91.87,7321244.07,282.53,22515231.54
CZ09/EUn&0&cDXGF&New&dxAC_equip/NE-dxAC-PkgAC-gt760-New-EER-11.0/instance-out.sql,91.39,7283123.68,280.93,22387909.42
CZ09/EUn&0&cDXGF&New&dxAC_equip/NE-dxAC-PkgAC-gt760-New-EER-12.0/instance-out.sql,90.87,7241257.50,279.18,22248076.38
CZ09/Gro&0&cDXGF&New&dxAC_equip/NE-dxAC-PkgAC-65to134-New-EER-11.0/instance-out.sql,414.75,1926453.37,1332.63,6189880.94
CZ09/Gro&0&cDXGF&New&dxAC_equip/NE-dxAC-PkgAC-65to134-New-EER-11.5/instance-out.sql,414.43,1924956.91,1331.55,6184882.76
CZ09/Gro&0&cDXGF&New&dxAC_equip/NE-dxAC-PkgAC-65to134-New-EER-12.0/instance-out.sql,414.13,1923583.35,1330.56,6180295.06
CZ09/Gro&0&cDXGF&New&dxAC_equip/NE-dxAC-PkgAC-65to134-New-EER-12.5/instance-out.sql,413.86,1922318.14,1329.65,6176069.27
CZ09/Gro&0&cDXGF&New&dxAC_equip/NE-dxAC-PkgAC-65to134-New-EER-13.0/instance-out.sql,413.59,1921082.93,1328.77,6171943.68
CZ09/Gro&0&cDXGF&New&dxAC_equip/NE-dxAC-PkgAC-135to239-New-EER-10.8/instance-out.sql,414.73,1926361.65,1332.56,6189574.59
CZ09/Gro&0&cDXGF&New&dxAC_equip/NE-dxAC-PkgAC-135to239-New-EER-11.5/instance-out.sql,414.27,1924215.40,1331.02,6182406.12
CZ09/Gro&0&cDXGF&New&dxAC_equip/NE-dxAC-PkgAC-135to239-New-EER-12.0/instance-out.sql,413.98,1922900.86,1330.07,6178015.57
CZ09/Gro&0&cDXGF&New&dxAC_equip/NE-dxAC-PkgAC-135to239-New-EER-12.5/instance-out.sql,413.71,1921619.47,1329.15,6173735.70
CZ09/Gro&0&cDXGF&New&dxAC_equip/NE-dxAC-PkgAC-240to759-New-EER-9.8/instance-out.sql,414.95,1927397.88,1333.31,6193035.60
CZ09/Gro&0&cDXGF&New&dxAC_equip/NE-dxAC-PkgAC-240to759-New-EER-10.8/instance-out.sql,414.25,1924135.04,1330.96,6182137.70
CZ09/Gro&0&cDXGF&New&dxAC_equip/NE-dxAC-PkgAC-240to759-New-EER-11.5/instance-out.sql,413.81,1922105.16,1329.50,6175357.91
CZ09/Gro&0&cDXGF&New&dxAC_equip/NE-dxAC-PkgAC-240to759-New-EER-12.5/instance-out.sql,413.28,1919641.71,1327.73,6167130.01
CZ09/Gro&0&cDXGF&New&dxAC_equip/NE-dxAC-PkgAC-gt760-New-EER-9.5/instance-out.sql,414.79,1926638.28,1332.76,6190498.52
CZ09/Gro&0&cDXGF&New&dxAC_equip/NE-dxAC-PkgAC-gt760-New-EER-10.2/instance-out.sql,414.27,1924215.40,1331.02,6182406.12
CZ09/Gro&0&cDXGF&New&dxAC_equip/NE-dxAC-PkgAC-gt760-New-EER-11.0/instance-out.sql,413.77,1921895.10,1329.35,6174656.31
CZ09/Gro&0&cDXGF&New&dxAC_equip/NE-dxAC-PkgAC-gt760-New-EER-12.0/instance-out.sql,413.22,1919346.80,1327.52,6166144.98
CZ09/Hsp&0&cDXGF&New&dxAC_equip/NE-dxAC-PkgAC-65to134-New-EER-11.0/instance-out.sql,78.35,3596161.36,240.77,11051048.18
CZ09/Hsp&0&cDXGF&New&dxAC_equip/NE-dxAC-PkgAC-65to134-New-EER-11.5/instance-out.sql,78.25,3591454.64,240.42,11035327.73
CZ09/Hsp&0&cDXGF&New&dxAC_equip/NE-dxAC-PkgAC-65to134-New-EER-12.0/instance-out.sql,78.15,3587134.46,240.11,11020898.34
CZ09/Hsp&0&cDXGF&New&dxAC_equip/NE-dxAC-PkgAC-65to134-New-EER-12.5/instance-out.sql,78.07,3583155.09,239.82,11007607.23
CZ09/Hsp&0&cDXGF&New&dxAC_equip/NE-dxAC-PkgAC-65to134-New-EER-13.0/instance-out.sql,77.98,3579270.08,239.54,10994631.29
CZ09/Hsp&0&cDXGF&New&dxAC_equip/NE-dxAC-PkgAC-135to239-New-EER-10.8/instance-out.sql,78.34,3595872.87,240.75,11050084.61
CZ09/Hsp&0&cDXGF&New&dxAC_equip/NE-dxAC-PkgAC-135to239-New-EER-11.5/instance-out.sql,78.20,3589122.42,240.26,11027538.12
CZ09/Hsp&0&cDXGF&New&dxAC_equip/NE-dxAC-PkgAC-135to239-New-EER-12.0/instance-out.sql,78.11,3584987.89,239.95,11013728.79
CZ09/Hsp&0&cDXGF&New&dxAC_equip/NE-dxAC-PkgAC-135to239-New-EER-12.5/instance-out.sql,78.02,3580957.59,239.66,11000267.60
CZ09/Hsp&0&cDXGF&New&dxAC_equip/NE-dxAC-PkgAC-240to759-New-EER-9.8/instance-out.sql,78.41,3599132.06,240.98,11060970.30
CZ09/Hsp&0&cDXGF&New&dxAC_equip/NE-dxAC-PkgAC-240to759-New-EER-10.8/instance-out.sql,78.19,3588869.65,240.24,11026693.87
CZ09/Hsp&0&cDXGF&New&dxAC_equip/NE-dxAC-PkgAC-240to759-New-EER-11.5/instance-out.sql,78.05,3582485.21,239.77,11005369.83
CZ09/Hsp&0&cDXGF&New&dxAC_equip/NE-dxAC-PkgAC-240to759-New-EER-12.5/instance-out.sql,77.88,3574737.10,239.21,10979491.16
CZ09/Hsp&0&cDXGF&New&dxAC_equip/NE-dxAC-PkgAC-gt760-New-EER-9.5/instance-out.sql,78.36,3596742.92,240.81,11052990.60
CZ09/Hsp&0&cDXGF&New&dxAC_equip/NE-dxAC-PkgAC-gt760-New-EER-10.2/instance-out.sql,78.20,3589122.42,240.26,11027538.12
CZ09/Hsp&0&cDXGF&New&dxAC_equip/NE-dxAC-PkgAC-gt760-New-EER-11.0/instance-out.sql,78.04,3581824.52,239.72,11003163.14
CZ09/Hsp&0&cDXGF&New&dxAC_equip/NE-dxAC-PkgAC-gt760-New-EER-12.0/instance-out.sql,77.86,3573809.52,239.14,10976393.03
CZ09/MBT&0&cDXGF&New&dxAC_equip/NE-dxAC-PkgAC-65to134-New-EER-11.0/instance-out.sql,134.54,4999053.52,331.61,12321533.54
CZ09/MBT&0&cDXGF&New&dxAC_equip/NE-dxAC-PkgAC-65to134-New-EER-11.5/instance-out.sql,134.42,4994429.91,331.20,12306090.69
CZ09/MBT&0&cDXGF&New&dxAC_equip/NE-dxAC-PkgAC-65to134-New-EER-12.0/instance-out.sql,134.30,4990186.02,330.82,12291916.10
CZ09/MBT&0&cDXGF&New&dxAC_equip/NE-dxAC-PkgAC-65to134-New-EER-12.5/instance-out.sql,134.20,4986276.92,330.46,12278859.68
CZ09/MBT&0&cDXGF&New&dxAC_equip/NE-dxAC-PkgAC-65to134-New-EER-13.0/instance-out.sql,134.09,4982460.51,330.12,12266112.87
CZ09/MBT&0&cDXGF&New&dxAC_equip/NE-dxAC-PkgAC-135to239-New-EER-10.8/instance-out.sql,134.53,4998770.12,331.59,12320586.99
CZ09/MBT&0&cDXGF&New&dxAC_equip/NE-dxAC-PkgAC-135to239-New-EER-11.5/instance-out.sql,134.35,4992138.88,330.99,12298438.63
CZ09/MBT&0&cDXGF&New&dxAC_equip/NE-dxAC-PkgAC-135to239-New-EER-12.0/instance-out.sql,134.25,4988077.36,330.63,12284873.15
CZ09/MBT&0&cDXGF&New&dxAC_equip/NE-dxAC-PkgAC-135to239-New-EER-12.5/instance-out.sql,134.14,4984118.23,330.27,12271649.66
CZ09/MBT&0&cDXGF&New&dxAC_equip/NE-dxAC-PkgAC-240to759-New-EER-9.8/instance-out.sql,134.62,5001971.76,331.88,12331280.46
CZ09/MBT&0&cDXGF&New&dxAC_equip/NE-dxAC-PkgAC-240to759-New-EER-10.8/instance-out.sql,134.35,4991890.57,330.97,12297609.29
CZ09/MBT&0&cDXGF&New&dxAC_equip/NE-dxAC-PkgAC-240to759-New-EER-11.5/instance-out.sql,134.18,4985618.86,330.41,12276661.79
CZ09/MBT&0&cDXGF&New&dxAC_equip/NE-dxAC-PkgAC-240to759-New-EER-12.5/instance-out.sql,133.97,4978007.58,329.72,12251240.09
CZ09/MBT&0&cDXGF&New&dxAC_equip/NE-dxAC-PkgAC-gt760-New-EER-9.5/instance-out.sql,134.56,4999624.82,331.66,12323441.67
CZ09/MBT&0&cDXGF&New&dxAC_equip/NE-dxAC-PkgAC-gt760-New-EER-10.2/instance-out.sql,134.35,4992138.88,330.99,12298438.63
CZ09/MBT&0&cDXGF&New&dxAC_equip/NE-dxAC-PkgAC-gt760-New-EER-11.0/instance-out.sql,134.16,4984969.85,330.35,12274494.07
CZ09/MBT&0&cDXGF&New&dxAC_equip/NE-dxAC-PkgAC-gt760-New-EER-12.0/instance-out.sql,133.95,4977096.37,329.64,12248196.67
CZ09/MLI&0&cDXGF&New&dxAC_equip/NE-dxAC-PkgAC-65to134-New-EER-11.0/instance-out.sql,89.60,832504.11,284.98,2647958.87
CZ09/MLI&0&cDXGF&New&dxAC_equip/NE-dxAC-PkgAC-65to134-New-EER-11.5/instance-out.sql,89.12,828109.14,283.40,2633279.69
CZ09/MLI&0&cDXGF&New&dxAC_equip/NE-dxAC-PkgAC-65to134-New-EER-12.0/instance-out.sql,88.69,824075.12,281.95,2619806.04
CZ09/MLI&0&cDXGF&New&dxAC_equip/NE-dxAC-PkgAC-65to134-New-EER-12.5/instance-out.sql,88.29,820359.32,280.62,2607395.27
CZ09/MLI&0&cDXGF&New&dxAC_equip/NE-dxAC-PkgAC-65to134-New-EER-13.0/instance-out.sql,87.90,816731.63,279.31,2595278.80
CZ09/MLI&0&cDXGF&New&dxAC_equip/NE-dxAC-PkgAC-135to239-New-EER-10.8/instance-out.sql,89.57,832234.72,284.89,2647059.13
CZ09/MLI&0&cDXGF&New&dxAC_equip/NE-dxAC-PkgAC-135to239-New-EER-11.5/instance-out.sql,88.89,825931.40,282.62,2626006.02
CZ09/MLI&0&cDXGF&New&dxAC_equip/NE-dxAC-PkgAC-135to239-New-EER-12.0/instance-out.sql,88.47,822070.72,281.23,2613111.37
CZ09/MLI&0&cDXGF&New&dxAC_equip/NE-dxAC-PkgAC-135to239-New-EER-12.5/instance-out.sql,88.07,818307.38,279.88,2600541.79
CZ09/MLI&0&cDXGF&New&dxAC_equip/NE-dxAC-PkgAC-240to759-New-EER-9.8/instance-out.sql,89.90,835278.04,285.98,2657223.80
CZ09/MLI&0&cDXGF&New&dxAC_equip/NE-dxAC-PkgAC-240to759-New-EER-10.8/instance-out.sql,88.86,825695.37,282.54,2625217.70
CZ09/MLI&0&cDXGF&New&dxAC_equip/NE-dxAC-PkgAC-240to759-New-EER-11.5/instance-out.sql,88.22,819733.81,280.39,2605306.07
CZ09/MLI&0&cDXGF&New&dxAC_equip/NE-dxAC-PkgAC-240to759-New-EER-12.5/instance-out.sql,87.44,812498.91,277.79,2581141.50
CZ09/MLI&0&cDXGF&New&dxAC_equip/NE-dxAC-PkgAC-gt760-New-EER-9.5/instance-out.sql,89.66,833047.15,285.18,2649772.64
CZ09/MLI&0&cDXGF&New&dxAC_equip/NE-dxAC-PkgAC-gt760-New-EER-10.2/instance-out.sql,88.89,825931.40,282.62,2626006.02
CZ09/MLI&0&cDXGF&New&dxAC_equip/NE-dxAC-PkgAC-gt760-New-EER-11.0/instance-out.sql,88.16,819116.88,280.17,2603245.54
CZ09/MLI&0&cDXGF&New&dxAC_equip/NE-dxAC-PkgAC-gt760-New-EER-12.0/instance-out.sql,87.35,811632.76,277.48,2578248.57
CZ09/Mtl&0&cDXGF&New&dxAC_equip/NE-dxAC-PkgAC-65to134-New-EER-11.0/instance-out.sql,56.66,157854.60,180.43,502639.39
CZ09/Mtl&0&cDXGF&New&dxAC_equip/NE-dxAC-PkgAC-65to134-New-EER-11.5/instance-out.sql,56.24,156684.85,179.03,498732.41
CZ09/Mtl&0&cDXGF&New&dxAC_equip/NE-dxAC-PkgAC-65to134-New-EER-12.0/instance-out.sql,55.86,155611.17,177.74,495146.30
CZ09/Mtl&0&cDXGF&New&dxAC_equip/NE-dxAC-PkgAC-65to134-New-EER-12.5/instance-out.sql,55.50,154622.18,176.55,491843.08
CZ09/Mtl&0&cDXGF&New&dxAC_equip/NE-dxAC-PkgAC-65to134-New-EER-13.0/instance-out.sql,55.16,153656.64,175.40,488618.19
CZ09/Mtl&0&cDXGF&New&dxAC_equip/NE-dxAC-PkgAC-135to239-New-EER-10.8/instance-out.sql,56.64,157782.91,180.34,502399.92
CZ09/Mtl&0&cDXGF&New&dxAC_equip/NE-dxAC-PkgAC-135to239-New-EER-11.5/instance-out.sql,56.04,156105.23,178.33,496796.47
CZ09/Mtl&0&cDXGF&New&dxAC_equip/NE-dxAC-PkgAC-135to239-New-EER-12.0/instance-out.sql,55.67,155077.68,177.10,493364.47
CZ09/Mtl&0&cDXGF&New&dxAC_equip/NE-dxAC-PkgAC-135to239-New-EER-12.5/instance-out.sql,55.31,154076.04,175.90,490018.98
CZ09/Mtl&0&cDXGF&New&dxAC_equip/NE-dxAC-PkgAC-240to759-New-EER-9.8/instance-out.sql,56.93,158592.91,181.31,505105.32
CZ09/Mtl&0&cDXGF&New&dxAC_equip/NE-dxAC-PkgAC-240to759-New-EER-10.8/instance-out.sql,56.01,156042.41,178.26,496586.66
CZ09/Mtl&0&cDXGF&New&dxAC_equip/NE-dxAC-PkgAC-240to759-New-EER-11.5/instance-out.sql,55.44,154455.69,176.35,491287.03
CZ09/Mtl&0&cDXGF&New&dxAC_equip/NE-dxAC-PkgAC-240to759-New-EER-12.5/instance-out.sql,54.75,152530.07,174.04,484855.44
CZ09/Mtl&0&cDXGF&New&dxAC_equip/NE-dxAC-PkgAC-gt760-New-EER-9.5/instance-out.sql,56.72,157999.14,180.60,503122.14
CZ09/Mtl&0&cDXGF&New&dxAC_equip/NE-dxAC-PkgAC-gt760-New-EER-10.2/instance-out.sql,56.04,156105.23,178.33,496796.47
CZ09/Mtl&0&cDXGF&New&dxAC_equip/NE-dxAC-PkgAC-gt760-New-EER-11.0/instance-out.sql,55.38,154291.49,176.16,490738.60
CZ09/Mtl&0&cDXGF&New&dxAC_equip/NE-dxAC-PkgAC-gt760-New-EER-12.0/instance-out.sql,54.67,152299.54,173.77,484085.47
CZ09/Nrs&0&cDXGF&New&dxAC_equip/NE-dxAC-PkgAC-65to134-New-EER-11.0/instance-out.sql,76.27,786454.18,213.77,2204438.97
CZ09/Nrs&0&cDXGF&New&dxAC_equip/NE-dxAC-PkgAC-65to134-New-EER-11.5/instance-out.sql,76.12,784959.73,213.29,2199447.51
CZ09/Nrs&0&cDXGF&New&dxAC_equip/NE-dxAC-PkgAC-65to134-New-EER-12.0/instance-out.sql,75.99,783588.02,212.84,2194865.97
CZ09/Nrs&0&cDXGF&New&dxAC_equip/NE-dxAC-PkgAC-65to134-New-EER-12.5/instance-out.sql,75.86,782324.51,212.43,2190645.86
CZ09/Nrs&0&cDXGF&New&dxAC_equip/NE-dxAC-PkgAC-65to134-New-EER-13.0/instance-out.sql,75.74,781090.96,212.03,2186525.82
CZ09/Nrs&0&cDXGF&New&dxAC_equip/NE-dxAC-PkgAC-135to239-New-EER-10.8/instance-out.sql,76.26,786362.58,213.74,2204133.02
CZ09/Nrs&0&cDXGF&New&dxAC_equip/NE-dxAC-PkgAC-135to239-New-EER-11.5/instance-out.sql,76.05,784219.22,213.05,2196974.20
CZ09/Nrs&0&cDXGF&New&dxAC_equip/NE-dxAC-PkgAC-135to239-New-EER-12.0/instance-out.sql,75.92,782906.45,212.62,2192589.54
CZ09/Nrs&0&cDXGF&New&dxAC_equip/NE-dxAC-PkgAC-135to239-New-EER-12.5/instance-out.sql,75.80,781626.77,212.21,2188315.42
CZ09/Nrs&0&cDXGF&New&dxAC_equip/NE-dxAC-PkgAC-240to759-New-EER-9.8/instance-out.sql,76.36,787397.42,214.08,2207589.38
CZ09/Nrs&0&cDXGF&New&dxAC_equip/NE-dxAC-PkgAC-240to759-New-EER-10.8/instance-out.sql,76.04,784138.96,213.02,2196706.14
CZ09/Nrs&0&cDXGF&New&dxAC_equip/NE-dxAC-PkgAC-240to759-New-EER-11.5/instance-out.sql,75.84,782111.81,212.37,2189935.45
CZ09/Nrs&0&cDXGF&New&dxAC_equip/NE-dxAC-PkgAC-240to759-New-EER-12.5/instance-out.sql,75.61,779651.68,211.57,2181718.61
CZ09/Nrs&0&cDXGF&New&dxAC_equip/NE-dxAC-PkgAC-gt760-New-EER-9.5/instance-out.sql,76.28,786638.84,213.83,2205055.72
CZ09/Nrs&0&cDXGF&New&dxAC_equip/NE-dxAC-PkgAC-gt760-New-EER-10.2/instance-out.sql,76.05,784219.22,213.05,2196974.20
CZ09/Nrs&0&cDXGF&New&dxAC_equip/NE-dxAC-PkgAC-gt760-New-EER-11.0/instance-out.sql,75.82,781902.04,212.30,2189234.80
CZ09/Nrs&0&cDXGF&New&dxAC_equip/NE-dxAC-PkgAC-gt760-New-EER-12.0/instance-out.sql,75.58,779357.16,211.47,2180734.91
CZ09/OfL&0&cDXGF&New&dxAC_equip/NE-dxAC-PkgAC-65to134-New-EER-11.0/instance-out.sql,64.01,2081019.71,205.35,6675488.91
CZ09/OfL&0&cDXGF&New&dxAC_equip/NE-dxAC-PkgAC-65to134-New-EER-11.5/instance-out.sql,63.73,2071788.17,204.40,6644655.58
CZ09/OfL&0&cDXGF&New&dxAC_equip/NE-dxAC-PkgAC-65to134-New-EER-12.0/instance-out.sql,63.47,2063314.78,203.53,6616354.47
CZ09/OfL&0&cDXGF&New&dxAC_equip/NE-dxAC-PkgAC-65to134-New-EER-12.5/instance-out.sql,63.23,2055509.83,202.72,6590285.92
CZ09/OfL&0&cDXGF&New&dxAC_equip/NE-dxAC-PkgAC-65to134-New-EER-13.0/instance-out.sql,63.00,2047889.95,201.94,6564835.53
CZ09/OfL&0&cDXGF&New&dxAC_equip/NE-dxAC-PkgAC-135to239-New-EER-10.8/instance-out.sql,64.00,2080453.87,205.29,6673599.01
CZ09/OfL&0&cDXGF&New&dxAC_equip/NE-dxAC-PkgAC-135to239-New-EER-11.5/instance-out.sql,63.59,2067213.87,203.93,6629377.41
CZ09/OfL&0&cDXGF&New&dxAC_equip/NE-dxAC-PkgAC-135to239-New-EER-12.0/instance-out.sql,63.34,2059104.60,203.09,6602292.46
CZ09/OfL&0&cDXGF&New&dxAC_equip/NE-dxAC-PkgAC-135to239-New-EER-12.5/instance-out.sql,63.10,2051199.77,202.28,6575890.32
CZ09/OfL&0&cDXGF&New&dxAC_equip/NE-dxAC-PkgAC-240to759-New-EER-9.8/instance-out.sql,64.19,2086846.29,205.94,6694949.68
CZ09/OfL&0&cDXGF&New&dxAC_equip/NE-dxAC-PkgAC-240to759-New-EER-10.8/instance-out.sql,63.57,2066718.10,203.88,6627721.54
CZ09/OfL&0&cDXGF&New&dxAC_equip/NE-dxAC-PkgAC-240to759-New-EER-11.5/instance-out.sql,63.19,2054195.96,202.59,6585897.58
CZ09/OfL&0&cDXGF&New&dxAC_equip/NE-dxAC-PkgAC-240to759-New-EER-12.5/instance-out.sql,62.72,2038999.20,201.03,6535140.42
CZ09/OfL&0&cDXGF&New&dxAC_equip/NE-dxAC-PkgAC-gt760-New-EER-9.5/instance-out.sql,64.05,2082160.36,205.46,6679298.69
CZ09/OfL&0&cDXGF&New&dxAC_equip/NE-dxAC-PkgAC-gt760-New-EER-10.2/instance-out.sql,63.59,2067213.87,203.93,6629377.41
CZ09/OfL&0&cDXGF&New&dxAC_equip/NE-dxAC-PkgAC-gt760-New-EER-11.0/instance-out.sql,63.15,2052900.12,202.46,6581569.50
CZ09/OfL&0&cDXGF&New&dxAC_equip/NE-dxAC-PkgAC-gt760-New-EER-12.0/instance-out.sql,62.67,2037179.88,200.84,6529063.89
CZ09/OfS&0&cDXGF&New&dxAC_equip/NE-dxAC-PkgAC-65to134-New-EER-11.0/instance-out.sql,57.85,107507.24,167.22,310771.84
CZ09/OfS&0&cDXGF&New&dxAC_equip/NE-dxAC-PkgAC-65to134-New-EER-11.5/instance-out.sql,57.55,106956.44,166.23,308932.20
CZ09/OfS&0&cDXGF&New&dxAC_equip/NE-dxAC-PkgAC-65to134-New-EER-12.0/instance-out.sql,57.28,106450.89,165.32,307243.64
CZ09/OfS&0&cDXGF&New&dxAC_equip/NE-dxAC-PkgAC-65to134-New-EER-12.5/instance-out.sql,57.03,105985.21,164.48,305688.28
CZ09/OfS&0&cDXGF&New&dxAC_equip/NE-dxAC-PkgAC-65to134-New-EER-13.0/instance-out.sql,56.78,105530.58,163.66,304169.81
CZ09/OfS&0&cDXGF&New&dxAC_equip/NE-dxAC-PkgAC-135to239-New-EER-10.8/instance-out.sql,57.83,107473.48,167.16,310659.08
CZ09/OfS&0&cDXGF&New&dxAC_equip/NE-dxAC-PkgAC-135to239-New-EER-11.5/instance-out.sql,57.40,106683.52,165.74,308020.64
CZ09/OfS&0&cDXGF&New&dxAC_equip/NE-dxAC-PkgAC-135to239-New-EER-12.0/instance-out.sql,57.14,106199.69,164.87,306404.64
CZ09/OfS&0&cDXGF&New&dxAC_equip/NE-dxAC-PkgAC-135to239-New-EER-12.5/instance-out.sql,56.89,105728.06,164.02,304829.38
CZ09/OfS&0&cDXGF&New&dxAC_equip/NE-dxAC-PkgAC-240to759-New-EER-9.8/instance-out.sql,58.03,107854.87,167.84,311932.95
CZ09/OfS&0&cDXGF&New&dxAC_equip/NE-dxAC-PkgAC-240to759-New-EER-10.8/instance-out.sql,57.39,106653.94,165.68,307921.84
CZ09/OfS&0&cDXGF&New&dxAC_equip/NE-dxAC-PkgAC-240to759-New-EER-11.5/instance-out.sql,56.99,105906.82,164.34,305426.46
CZ09/OfS&0&cDXGF&New&dxAC_equip/NE-dxAC-PkgAC-240to759-New-EER-12.5/instance-out.sql,56.50,105000.12,162.71,302398.08
CZ09/OfS&0&cDXGF&New&dxAC_equip/NE-dxAC-PkgAC-gt760-New-EER-9.5/instance-out.sql,57.88,107575.29,167.34,310999.15
CZ09/OfS&0&cDXGF&New&dxAC_equip/NE-dxAC-PkgAC-gt760-New-EER-10.2/instance-out.sql,57.40,106683.52,165.74,308020.64
CZ09/OfS&0&cDXGF&New&dxAC_equip/NE-dxAC-PkgAC-gt760-New-EER-11.0/instance-out.sql,56.94,105829.51,164.20,305168.22
CZ09/OfS&0&cDXGF&New&dxAC_equip/NE-dxAC-PkgAC-gt760-New-EER-12.0/instance-out.sql,56.44,104891.57,162.52,302035.52
CZ09/RFF&0&cDXGF&New&dxAC_equip/NE-dxAC-PkgAC-65to134-New-EER-11.0/instance-out.sql,270.84,100551.87,630.12,233937.32
CZ09/RFF&0&cDXGF&New&dxAC_equip/NE-dxAC-PkgAC-65to134-New-EER-11.5/instance-out.sql,270.29,100348.62,628.29,233258.47
CZ09/RFF&0&cDXGF&New&dxAC_equip/NE-dxAC-PkgAC-65to134-New-EER-12.0/instance-out.sql,269.79,100162.07,626.61,232635.38
CZ09/RFF&0&cDXGF&New&dxAC_equip/NE-dxAC-PkgAC-65to134-New-EER-12.5/instance-out.sql,269.33,99990.23,625.07,232061.43
CZ09/RFF&0&cDXGF&New&dxAC_equip/NE-dxAC-PkgAC-65to134-New-EER-13.0/instance-out.sql,268.88,99822.46,623.56,231501.10
CZ09/RFF&0&cDXGF&New&dxAC_equip/NE-dxAC-PkgAC-135to239-New-EER-10.8/instance-out.sql,270.81,100539.41,630.01,233895.71
CZ09/RFF&0&cDXGF&New&dxAC_equip/NE-dxAC-PkgAC-135to239-New-EER-11.5/instance-out.sql,270.02,100247.91,627.38,232922.10
CZ09/RFF&0&cDXGF&New&dxAC_equip/NE-dxAC-PkgAC-135to239-New-EER-12.0/instance-out.sql,269.54,100069.37,625.78,232325.78
CZ09/RFF&0&cDXGF&New&dxAC_equip/NE-dxAC-PkgAC-135to239-New-EER-12.5/instance-out.sql,269.07,99895.34,624.21,231744.49
CZ09/RFF&0&cDXGF&New&dxAC_equip/NE-dxAC-PkgAC-240to759-New-EER-9.8/instance-out.sql,271.19,100680.15,631.27,234365.78
CZ09/RFF&0&cDXGF&New&dxAC_equip/NE-dxAC-PkgAC-240to759-New-EER-10.8/instance-out.sql,269.99,100237.00,627.29,232885.64
CZ09/RFF&0&cDXGF&New&dxAC_equip/NE-dxAC-PkgAC-240to759-New-EER-11.5/instance-out.sql,269.25,99961.30,624.81,231964.82
CZ09/RFF&0&cDXGF&New&dxAC_equip/NE-dxAC-PkgAC-240to759-New-EER-12.5/instance-out.sql,268.35,99626.72,621.80,230847.32
CZ09/RFF&0&cDXGF&New&dxAC_equip/NE-dxAC-PkgAC-gt760-New-EER-9.5/instance-out.sql,270.91,100576.98,630.34,234021.20
CZ09/RFF&0&cDXGF&New&dxAC_equip/NE-dxAC-PkgAC-gt760-New-EER-10.2/instance-out.sql,270.02,100247.91,627.38,232922.10
CZ09/RFF&0&cDXGF&New&dxAC_equip/NE-dxAC-PkgAC-gt760-New-EER-11.0/instance-out.sql,269.17,99932.77,624.55,231869.53
CZ09/RFF&0&cDXGF&New&dxAC_equip/NE-dxAC-PkgAC-gt760-New-EER-12.0/instance-out.sql,268.24,99586.66,621.44,230713.53
CZ09/RSD&0&cDXGF&New&dxAC_equip/NE-dxAC-PkgAC-65to134-New-EER-11.0/instance-out.sql,213.65,222408.09,454.82,473458.62
CZ09/RSD&0&cDXGF&New&dxAC_equip/NE-dxAC-PkgAC-65to134-New-EER-11.5/instance-out.sql,213.57,222321.39,454.54,473169.04
CZ09/RSD&0&cDXGF&New&dxAC_equip/NE-dxAC-PkgAC-65to134-New-EER-12.0/instance-out.sql,213.49,222241.81,454.28,472903.25
CZ09/RSD&0&cDXGF&New&dxAC_equip/NE-dxAC-PkgAC-65to134-New-EER-12.5/instance-out.sql,213.42,222168.51,454.05,472658.42
CZ09/RSD&0&cDXGF&New&dxAC_equip/NE-dxAC-PkgAC-65to134-New-EER-13.0/instance-out.sql,213.35,222096.94,453.82,472419.40
CZ09/RSD&0&cDXGF&New&dxAC_equip/NE-dxAC-PkgAC-135to239-New-EER-10.8/instance-out.sql,213.65,222402.77,454.80,473440.87
CZ09/RSD&0&cDXGF&New&dxAC_equip/NE-dxAC-PkgAC-135to239-New-EER-11.5/instance-out.sql,213.53,222278.43,454.40,473025.55
CZ09/RSD&0&cDXGF&New&dxAC_equip/NE-dxAC-PkgAC-135to239-New-EER-12.0/instance-out.sql,213.45,222202.27,454.16,472771.18
CZ09/RSD&0&cDXGF&New&dxAC_equip/NE-dxAC-PkgAC-135to239-New-EER-12.5/instance-out.sql,213.38,222128.03,453.92,472523.22
CZ09/RSD&0&cDXGF&New&dxAC_equip/NE-dxAC-PkgAC-240to759-New-EER-9.8/instance-out.sql,213.70,222462.81,454.99,473641.38
CZ09/RSD&0&cDXGF&New&dxAC_equip/NE-dxAC-PkgAC-240to759-New-EER-10.8/instance-out.sql,213.52,222273.77,454.39,473010.00
CZ09/RSD&0&cDXGF&New&dxAC_equip/NE-dxAC-PkgAC-240to759-New-EER-11.5/instance-out.sql,213.41,222156.17,454.01,472617.21
CZ09/RSD&0&cDXGF&New&dxAC_equip/NE-dxAC-PkgAC-240to759-New-EER-12.5/instance-out.sql,213.27,222013.44,453.55,472140.51
CZ09/RSD&0&cDXGF&New&dxAC_equip/NE-dxAC-PkgAC-gt760-New-EER-9.5/instance-out.sql,213.66,222418.80,454.85,473494.40
CZ09/RSD&0&cDXGF&New&dxAC_equip/NE-dxAC-PkgAC-gt760-New-EER-10.2/instance-out.sql,213.53,222278.43,454.40,473025.55
CZ09/RSD&0&cDXGF&New&dxAC_equip/NE-dxAC-PkgAC-gt760-New-EER-11.0/instance-out.sql,213.40,222144.00,453.97,472576.56
CZ09/RSD&0&cDXGF&New&dxAC_equip/NE-dxAC-PkgAC-gt760-New-EER-12.0/instance-out.sql,213.26,221996.36,453.50,472083.45
CZ09/Rt3&0&cDXGF&New&dxAC_equip/NE-dxAC-PkgAC-65to134-New-EER-11.0/instance-out.sql,81.42,1815348.98,253.63,5655140.10
CZ09/Rt3&0&cDXGF&New&dxAC_equip/NE-dxAC-PkgAC-65to134-New-EER-11.5/instance-out.sql,80.95,1804837.09,252.06,5620030.40
CZ09/Rt3&0&cDXGF&New&dxAC_equip/NE-dxAC-PkgAC-65to134-New-EER-12.0/instance-out.sql,80.51,1795188.50,250.61,5587804.11
CZ09/Rt3&0&cDXGF&New&dxAC_equip/NE-dxAC-PkgAC-65to134-New-EER-12.5/instance-out.sql,80.11,1786301.06,249.28,5558120.03
CZ09/Rt3&0&cDXGF&New&dxAC_equip/NE-dxAC-PkgAC-65to134-New-EER-13.0/instance-out.sql,79.73,1777624.35,247.98,5529139.85
CZ09/Rt3&0&cDXGF&New&dxAC_equip/NE-dxAC-PkgAC-135to239-New-EER-10.8/instance-out.sql,81.39,1814704.66,253.53,5652988.09
CZ09/Rt3&0&cDXGF&New&dxAC_equip/NE-dxAC-PkgAC-135to239-New-EER-11.5/instance-out.sql,80.71,1799628.36,251.28,5602633.25
CZ09/Rt3&0&cDXGF&New&dxAC_equip/NE-dxAC-PkgAC-135to239-New-EER-12.0/instance-out.sql,80.30,1790394.40,249.89,5571791.80
CZ09/Rt3&0&cDXGF&New&dxAC_equip/NE-dxAC-PkgAC-135to239-New-EER-12.5/instance-out.sql,79.89,1781393.22,248.54,5541727.87
CZ09/Rt3&0&cDXGF&New&dxAC_equip/NE-dxAC-PkgAC-240to759-New-EER-9.8/instance-out.sql,81.72,1821983.67,254.62,5677299.95
CZ09/Rt3&0&cDXGF&New&dxAC_equip/NE-dxAC-PkgAC-240to759-New-EER-10.8/instance-out.sql,80.69,1799063.84,251.19,5600747.72
CZ09/Rt3&0&cDXGF&New&dxAC_equip/NE-dxAC-PkgAC-240to759-New-EER-11.5/instance-out.sql,80.05,1784804.96,249.06,5553123.07
CZ09/Rt3&0&cDXGF&New&dxAC_equip/NE-dxAC-PkgAC-240to759-New-EER-12.5/instance-out.sql,79.27,1767500.51,246.46,5495326.22
CZ09/Rt3&0&cDXGF&New&dxAC_equip/NE-dxAC-PkgAC-gt760-New-EER-9.5/instance-out.sql,81.48,1816647.83,253.83,5659478.27
CZ09/Rt3&0&cDXGF&New&dxAC_equip/NE-dxAC-PkgAC-gt760-New-EER-10.2/instance-out.sql,80.71,1799628.36,251.28,5602633.25
CZ09/Rt3&0&cDXGF&New&dxAC_equip/NE-dxAC-PkgAC-gt760-New-EER-11.0/instance-out.sql,79.98,1783329.40,248.83,5548194.71
CZ09/Rt3&0&cDXGF&New&dxAC_equip/NE-dxAC-PkgAC-gt760-New-EER-12.0/instance-out.sql,79.18,1765428.87,246.15,5488406.93
CZ09/RtL&0&cDXGF&New&dxAC_equip/NE-dxAC-PkgAC-65to134-New-EER-11.0/instance-out.sql,133.78,1621943.50,416.38,5048155.39
CZ09/RtL&0&cDXGF&New&dxAC_equip/NE-dxAC-PkgAC-65to134-New-EER-11.5/instance-out.sql,133.07,1613326.81,414.00,5019375.64
CZ09/RtL&0&cDXGF&New&dxAC_equip/NE-dxAC-PkgAC-65to134-New-EER-12.0/instance-out.sql,132.42,1605417.77,411.82,4992959.45
CZ09/RtL&0&cDXGF&New&dxAC_equip/NE-dxAC-PkgAC-65to134-New-EER-12.5/instance-out.sql,131.82,1598132.65,409.82,4968627.13
CZ09/RtL&0&cDXGF&New&dxAC_equip/NE-dxAC-PkgAC-65to134-New-EER-13.0/instance-out.sql,131.23,1591020.27,407.86,4944871.80
CZ09/RtL&0&cDXGF&New&dxAC_equip/NE-dxAC-PkgAC-135to239-New-EER-10.8/instance-out.sql,133.74,1621415.35,416.23,5046391.37
CZ09/RtL&0&cDXGF&New&dxAC_equip/NE-dxAC-PkgAC-135to239-New-EER-11.5/instance-out.sql,132.72,1609057.17,412.83,5005115.03
CZ09/RtL&0&cDXGF&New&dxAC_equip/NE-dxAC-PkgAC-135to239-New-EER-12.0/instance-out.sql,132.09,1601488.00,410.74,4979834.01
CZ09/RtL&0&cDXGF&New&dxAC_equip/NE-dxAC-PkgAC-135to239-New-EER-12.5/instance-out.sql,131.48,1594109.65,408.71,4955190.32
CZ09/RtL&0&cDXGF&New&dxAC_equip/NE-dxAC-PkgAC-240to759-New-EER-9.8/instance-out.sql,134.23,1627382.02,417.88,5066320.04
CZ09/RtL&0&cDXGF&New&dxAC_equip/NE-dxAC-PkgAC-240to759-New-EER-10.8/instance-out.sql,132.68,1608594.42,412.70,5003569.45
CZ09/RtL&0&cDXGF&New&dxAC_equip/NE-dxAC-PkgAC-240to759-New-EER-11.5/instance-out.sql,131.71,1596906.28,409.48,4964531.07
CZ09/RtL&0&cDXGF&New&dxAC_equip/NE-dxAC-PkgAC-240to759-New-EER-12.5/instance-out.sql,130.54,1582721.67,405.57,4917154.45
CZ09/RtL&0&cDXGF&New&dxAC_equip/NE-dxAC-PkgAC-gt760-New-EER-9.5/instance-out.sql,133.87,1623008.19,416.67,5051711.43
CZ09/RtL&0&cDXGF&New&dxAC_equip/NE-dxAC-PkgAC-gt760-New-EER-10.2/instance-out.sql,132.72,1609057.17,412.83,5005115.03
CZ09/RtL&0&cDXGF&New&dxAC_equip/NE-dxAC-PkgAC-gt760-New-EER-11.0/instance-out.sql,131.61,1595696.75,409.15,4960491.25
CZ09/RtL&0&cDXGF&New&dxAC_equip/NE-dxAC-PkgAC-gt760-New-EER-12.0/instance-out.sql,130.40,1581023.52,405.10,4911482.64
CZ09/RtS&0&cDXGF&New&dxAC_equip/NE-dxAC-PkgAC-65to134-New-EER-11.0/instance-out.sql,78.43,116595.12,233.84,347647.09
CZ09/RtS&0&cDXGF&New&dxAC_equip/NE-dxAC-PkgAC-65to134-New-EER-11.5/instance-out.sql,77.95,115885.20,232.24,345275.93
CZ09/RtS&0&cDXGF&New&dxAC_equip/NE-dxAC-PkgAC-65to134-New-EER-12.0/instance-out.sql,77.51,115233.57,230.78,343099.52
CZ09/RtS&0&cDXGF&New&dxAC_equip/NE-dxAC-PkgAC-65to134-New-EER-12.5/instance-out.sql,77.11,114633.36,229.43,341094.79
CZ09/RtS&0&cDXGF&New&dxAC_equip/NE-dxAC-PkgAC-65to134-New-EER-13.0/instance-out.sql,76.71,114047.37,228.12,339137.60
CZ09/RtS&0&cDXGF&New&dxAC_equip/NE-dxAC-PkgAC-135to239-New-EER-10.8/instance-out.sql,78.40,116551.61,233.74,347501.75
CZ09/RtS&0&cDXGF&New&dxAC_equip/NE-dxAC-PkgAC-135to239-New-EER-11.5/instance-out.sql,77.71,115533.42,231.45,344101.01
CZ09/RtS&0&cDXGF&New&dxAC_equip/NE-dxAC-PkgAC-135to239-New-EER-12.0/instance-out.sql,77.29,114909.80,230.05,342018.12
CZ09/RtS&0&cDXGF&New&dxAC_equip/NE-dxAC-PkgAC-135to239-New-EER-12.5/instance-out.sql,76.88,114301.90,228.69,339987.73
CZ09/RtS&0&cDXGF&New&dxAC_equip/NE-dxAC-PkgAC-240to759-New-EER-9.8/instance-out.sql,78.73,117043.20,234.85,349143.66
CZ09/RtS&0&cDXGF&New&dxAC_equip/NE-dxAC-PkgAC-240to759-New-EER-10.8/instance-out.sql,77.69,115495.30,231.37,343973.67
CZ09/RtS&0&cDXGF&New&dxAC_equip/NE-dxAC-PkgAC-240to759-New-EER-11.5/instance-out.sql,77.04,114532.32,229.20,340757.31
CZ09/RtS&0&cDXGF&New&dxAC_equip/NE-dxAC-PkgAC-240to759-New-EER-12.5/instance-out.sql,76.25,113363.65,226.58,336853.98
CZ09/RtS&0&cDXGF&New&dxAC_equip/NE-dxAC-PkgAC-gt760-New-EER-9.5/instance-out.sql,78.48,116682.84,234.04,347940.07
CZ09/RtS&0&cDXGF&New&dxAC_equip/NE-dxAC-PkgAC-gt760-New-EER-10.2/instance-out.sql,77.71,115533.42,231.45,344101.01
CZ09/RtS&0&cDXGF&New&dxAC_equip/NE-dxAC-PkgAC-gt760-New-EER-11.0/instance-out.sql,76.97,114432.66,228.98,340424.48
CZ09/RtS&0&cDXGF&New&dxAC_equip/NE-dxAC-PkgAC-gt760-New-EER-12.0/instance-out.sql,76.16,113223.74,226.26,336386.68
CZ09/SCn&0&cDXGF&New&dxAC_equip/NE-dxAC-PkgAC-65to134-New-EER-11.0/instance-out.sql,54.68,2539771.08,172.62,8018122.34
CZ09/SCn&0&cDXGF&New&dxAC_equip/NE-dxAC-PkgAC-65to134-New-EER-11.5/instance-out.sql,54.39,2526252.68,171.64,7972970.90
CZ09/SCn&0&cDXGF&New&dxAC_equip/NE-dxAC-PkgAC-65to134-New-EER-12.0/instance-out.sql,54.12,2513844.49,170.75,7931527.54
CZ09/SCn&0&cDXGF&New&dxAC_equip/NE-dxAC-PkgAC-65to134-New-EER-12.5/instance-out.sql,53.87,2502415.14,169.93,7893353.49
CZ09/SCn&0&cDXGF&New&dxAC_equip/NE-dxAC-PkgAC-65to134-New-EER-13.0/instance-out.sql,53.63,2491256.80,169.13,7856084.67
CZ09/SCn&0&cDXGF&New&dxAC_equip/NE-dxAC-PkgAC-135to239-New-EER-10.8/instance-out.sql,54.66,2538942.49,172.56,8015354.84
CZ09/SCn&0&cDXGF&New&dxAC_equip/NE-dxAC-PkgAC-135to239-New-EER-11.5/instance-out.sql,54.24,2519554.20,171.16,7950597.97
CZ09/SCn&0&cDXGF&New&dxAC_equip/NE-dxAC-PkgAC-135to239-New-EER-12.0/instance-out.sql,53.99,2507679.22,170.31,7910935.53
CZ09/SCn&0&cDXGF&New&dxAC_equip/NE-dxAC-PkgAC-135to239-New-EER-12.5/instance-out.sql,53.74,2496103.61,169.48,7872272.99
CZ09/SCn&0&cDXGF&New&dxAC_equip/NE-dxAC-PkgAC-240to759-New-EER-9.8/instance-out.sql,54.86,2548303.36,173.23,8046620.16
CZ09/SCn&0&cDXGF&New&dxAC_equip/NE-dxAC-PkgAC-240to759-New-EER-10.8/instance-out.sql,54.23,2518828.21,171.11,7948173.16
CZ09/SCn&0&cDXGF&New&dxAC_equip/NE-dxAC-PkgAC-240to759-New-EER-11.5/instance-out.sql,53.83,2500491.14,169.79,7886927.34
CZ09/SCn&0&cDXGF&New&dxAC_equip/NE-dxAC-PkgAC-240to759-New-EER-12.5/instance-out.sql,53.35,2478237.44,168.19,7812599.98
CZ09/SCn&0&cDXGF&New&dxAC_equip/NE-dxAC-PkgAC-gt760-New-EER-9.5/instance-out.sql,54.71,2541441.42,172.74,8023701.28
CZ09/SCn&0&cDXGF&New&dxAC_equip/NE-dxAC-PkgAC-gt760-New-EER-10.2/instance-out.sql,54.24,2519554.20,171.16,7950597.97
CZ09/SCn&0&cDXGF&New&dxAC_equip/NE-dxAC-PkgAC-gt760-New-EER-11.0/instance-out.sql,53.79,2498593.56,169.66,7880589.42
CZ09/SCn&0&cDXGF&New&dxAC_equip/NE-dxAC-PkgAC-gt760-New-EER-12.0/instance-out.sql,53.29,2475573.28,168.00,7803701.69
CZ10/Asm&0&cDXGF&New&dxAC_equip/NE-dxAC-PkgAC-65to134-New-EER-11.0/instance-out.sql,109.15,689604.83,321.72,2032639.64
CZ10/Asm&0&cDXGF&New&dxAC_equip/NE-dxAC-PkgAC-65to134-New-EER-11.5/instance-out.sql,108.08,682861.62,318.16,2010117.32
CZ10/Asm&0&cDXGF&New&dxAC_equip/NE-dxAC-PkgAC-65to134-New-EER-12.0/instance-out.sql,107.10,676672.20,314.88,1989444.66
CZ10/Asm&0&cDXGF&New&dxAC_equip/NE-dxAC-PkgAC-65to134-New-EER-12.5/instance-out.sql,106.20,670971.04,311.87,1970402.79
CZ10/Asm&0&cDXGF&New&dxAC_equip/NE-dxAC-PkgAC-65to134-New-EER-13.0/instance-out.sql,105.32,665405.07,308.93,1951812.46
CZ10/Asm&0&cDXGF&New&dxAC_equip/NE-dxAC-PkgAC-135to239-New-EER-10.8/instance-out.sql,109.08,689191.51,321.50,2031259.16
CZ10/Asm&0&cDXGF&New&dxAC_equip/NE-dxAC-PkgAC-135to239-New-EER-11.5/instance-out.sql,107.55,679520.30,316.39,1998957.32
CZ10/Asm&0&cDXGF&New&dxAC_equip/NE-dxAC-PkgAC-135to239-New-EER-12.0/instance-out.sql,106.61,673596.85,313.26,1979173.02
CZ10/Asm&0&cDXGF&New&dxAC_equip/NE-dxAC-PkgAC-135to239-New-EER-12.5/instance-out.sql,105.70,667822.74,310.21,1959887.48
CZ10/Asm&0&cDXGF&New&dxAC_equip/NE-dxAC-PkgAC-240to759-New-EER-9.8/instance-out.sql,109.82,693860.87,323.97,2046854.84
CZ10/Asm&0&cDXGF&New&dxAC_equip/NE-dxAC-PkgAC-240to759-New-EER-10.8/instance-out.sql,107.50,679158.16,316.20,1997747.79
CZ10/Asm&0&cDXGF&New&dxAC_equip/NE-dxAC-PkgAC-240to759-New-EER-11.5/instance-out.sql,106.05,670011.32,311.36,1967197.32
CZ10/Asm&0&cDXGF&New&dxAC_equip/NE-dxAC-PkgAC-240to759-New-EER-12.5/instance-out.sql,104.29,658910.79,305.49,1930121.55
CZ10/Asm&0&cDXGF&New&dxAC_equip/NE-dxAC-PkgAC-gt760-New-EER-9.5/instance-out.sql,109.28,690438.02,322.16,2035422.51
CZ10/Asm&0&cDXGF&New&dxAC_equip/NE-dxAC-PkgAC-gt760-New-EER-10.2/instance-out.sql,107.55,679520.30,316.39,1998957.32
CZ10/Asm&0&cDXGF&New&dxAC_equip/NE-dxAC-PkgAC-gt760-New-EER-11.0/instance-out.sql,105.90,669064.77,310.86,1964035.85
CZ10/Asm&0&cDXGF&New&dxAC_equip/NE-dxAC-PkgAC-gt760-New-EER-12.0/instance-out.sql,104.08,657581.86,304.79,1925682.93
CZ10/ECC&0&cDXGF&New&dxAC_equip/NE-dxAC-PkgAC-65to134-New-EER-11.0/instance-out.sql,95.85,2530599.38,274.73,7253435.26
CZ10/ECC&0&cDXGF&New&dxAC_equip/NE-dxAC-PkgAC-65to134-New-EER-11.5/instance-out.sql,95.37,2517952.07,273.13,7211193.26
CZ10/ECC&0&cDXGF&New&dxAC_equip/NE-dxAC-PkgAC-65to134-New-EER-12.0/instance-out.sql,94.93,2506343.44,271.66,7172420.41
CZ10/ECC&0&cDXGF&New&dxAC_equip/NE-dxAC-PkgAC-65to134-New-EER-12.5/instance-out.sql,94.52,2495650.56,270.31,7136706.21
CZ10/ECC&0&cDXGF&New&dxAC_equip/NE-dxAC-PkgAC-65to134-New-EER-13.0/instance-out.sql,94.13,2485211.24,268.99,7101838.89
CZ10/ECC&0&cDXGF&New&dxAC_equip/NE-dxAC-PkgAC-135to239-New-EER-10.8/instance-out.sql,95.82,2529824.18,274.63,7250846.09
CZ10/ECC&0&cDXGF&New&dxAC_equip/NE-dxAC-PkgAC-135to239-New-EER-11.5/instance-out.sql,95.13,2511685.23,272.33,7190261.99
CZ10/ECC&0&cDXGF&New&dxAC_equip/NE-dxAC-PkgAC-135to239-New-EER-12.0/instance-out.sql,94.71,2500575.44,270.93,7153155.30
CZ10/ECC&0&cDXGF&New&dxAC_equip/NE-dxAC-PkgAC-135to239-New-EER-12.5/instance-out.sql,94.30,2489745.73,269.56,7116984.08
CZ10/ECC&0&cDXGF&New&dxAC_equip/NE-dxAC-PkgAC-240to759-New-EER-9.8/instance-out.sql,96.15,2538581.86,275.74,7280096.75
CZ10/ECC&0&cDXGF&New&dxAC_equip/NE-dxAC-PkgAC-240to759-New-EER-10.8/instance-out.sql,95.11,2511006.02,272.25,7187993.43
CZ10/ECC&0&cDXGF&New&dxAC_equip/NE-dxAC-PkgAC-240to759-New-EER-11.5/instance-out.sql,94.46,2493850.54,270.08,7130694.14
CZ10/ECC&0&cDXGF&New&dxAC_equip/NE-dxAC-PkgAC-240to759-New-EER-12.5/instance-out.sql,93.67,2473030.81,267.44,7061156.24
CZ10/ECC&0&cDXGF&New&dxAC_equip/NE-dxAC-PkgAC-gt760-New-EER-9.5/instance-out.sql,95.91,2532162.09,274.92,7258654.71
CZ10/ECC&0&cDXGF&New&dxAC_equip/NE-dxAC-PkgAC-gt760-New-EER-10.2/instance-out.sql,95.13,2511685.23,272.33,7190261.99
CZ10/ECC&0&cDXGF&New&dxAC_equip/NE-dxAC-PkgAC-gt760-New-EER-11.0/instance-out.sql,94.39,2492075.23,269.85,7124764.61
CZ10/ECC&0&cDXGF&New&dxAC_equip/NE-dxAC-PkgAC-gt760-New-EER-12.0/instance-out.sql,93.57,2470538.32,267.13,7052831.34
CZ10/EPr&0&cDXGF&New&dxAC_equip/NE-dxAC-PkgAC-65to134-New-EER-11.0/instance-out.sql,96.85,366597.94,243.00,919859.60
CZ10/EPr&0&cDXGF&New&dxAC_equip/NE-dxAC-PkgAC-65to134-New-EER-11.5/instance-out.sql,96.34,364693.90,241.32,913500.11
CZ10/EPr&0&cDXGF&New&dxAC_equip/NE-dxAC-PkgAC-65to134-New-EER-12.0/instance-out.sql,95.88,362946.23,239.78,907662.90
CZ10/EPr&0&cDXGF&New&dxAC_equip/NE-dxAC-PkgAC-65to134-New-EER-12.5/instance-out.sql,95.46,361336.43,238.36,902286.17
CZ10/EPr&0&cDXGF&New&dxAC_equip/NE-dxAC-PkgAC-65to134-New-EER-13.0/instance-out.sql,95.04,359764.80,236.97,897036.93
CZ10/EPr&0&cDXGF&New&dxAC_equip/NE-dxAC-PkgAC-135to239-New-EER-10.8/instance-out.sql,96.81,366481.23,242.90,919469.80
CZ10/EPr&0&cDXGF&New&dxAC_equip/NE-dxAC-PkgAC-135to239-New-EER-11.5/instance-out.sql,96.09,363750.43,240.49,910348.93
CZ10/EPr&0&cDXGF&New&dxAC_equip/NE-dxAC-PkgAC-135to239-New-EER-12.0/instance-out.sql,95.65,362077.86,239.01,904762.56
CZ10/EPr&0&cDXGF&New&dxAC_equip/NE-dxAC-PkgAC-135to239-New-EER-12.5/instance-out.sql,95.22,360447.46,237.58,899317.02
CZ10/EPr&0&cDXGF&New&dxAC_equip/NE-dxAC-PkgAC-240to759-New-EER-9.8/instance-out.sql,97.16,367799.69,244.06,923873.46
CZ10/EPr&0&cDXGF&New&dxAC_equip/NE-dxAC-PkgAC-240to759-New-EER-10.8/instance-out.sql,96.07,363648.18,240.40,910007.40
CZ10/EPr&0&cDXGF&New&dxAC_equip/NE-dxAC-PkgAC-240to759-New-EER-11.5/instance-out.sql,95.38,361065.44,238.12,901381.06
CZ10/EPr&0&cDXGF&New&dxAC_equip/NE-dxAC-PkgAC-240to759-New-EER-12.5/instance-out.sql,94.56,357931.05,235.36,890912.20
CZ10/EPr&0&cDXGF&New&dxAC_equip/NE-dxAC-PkgAC-gt760-New-EER-9.5/instance-out.sql,96.91,366833.20,243.21,920645.38
CZ10/EPr&0&cDXGF&New&dxAC_equip/NE-dxAC-PkgAC-gt760-New-EER-10.2/instance-out.sql,96.09,363750.43,240.49,910348.93
CZ10/EPr&0&cDXGF&New&dxAC_equip/NE-dxAC-PkgAC-gt760-New-EER-11.0/instance-out.sql,95.31,360798.17,237.89,900488.37
CZ10/EPr&0&cDXGF&New&dxAC_equip/NE-dxAC-PkgAC-gt760-New-EER-12.0/instance-out.sql,94.46,357555.81,235.02,889658.90
CZ10/ERC&0&cDXGF&New&dxAC_equip/NE-dxAC-PkgAC-65to134-New-EER-11.0/instance-out.sql,66.60,17840.69,138.83,37192.22
CZ10/ERC&0&cDXGF&New&dxAC_equip/NE-dxAC-PkgAC-65to134-New-EER-11.5/instance-out.sql,66.29,17758.99,137.81,36919.36
CZ10/ERC&0&cDXGF&New&dxAC_equip/NE-dxAC-PkgAC-65to134-New-EER-12.0/instance-out.sql,66.01,17684.00,136.88,36668.90
CZ10/ERC&0&cDXGF&New&dxAC_equip/NE-dxAC-PkgAC-65to134-New-EER-12.5/instance-out.sql,65.75,17614.93,136.02,36438.21
CZ10/ERC&0&cDXGF&New&dxAC_equip/NE-dxAC-PkgAC-65to134-New-EER-13.0/instance-out.sql,65.50,17547.50,135.18,36212.99
CZ10/ERC&0&cDXGF&New&dxAC_equip/NE-dxAC-PkgAC-135to239-New-EER-10.8/instance-out.sql,66.58,17835.68,138.77,37175.49
CZ10/ERC&0&cDXGF&New&dxAC_equip/NE-dxAC-PkgAC-135to239-New-EER-11.5/instance-out.sql,66.14,17718.51,137.31,36784.15
CZ10/ERC&0&cDXGF&New&dxAC_equip/NE-dxAC-PkgAC-135to239-New-EER-12.0/instance-out.sql,65.87,17646.75,136.41,36544.46
CZ10/ERC&0&cDXGF&New&dxAC_equip/NE-dxAC-PkgAC-135to239-New-EER-12.5/instance-out.sql,65.61,17576.79,135.54,36310.82
CZ10/ERC&0&cDXGF&New&dxAC_equip/NE-dxAC-PkgAC-240to759-New-EER-9.8/instance-out.sql,66.79,17892.25,139.47,37364.43
CZ10/ERC&0&cDXGF&New&dxAC_equip/NE-dxAC-PkgAC-240to759-New-EER-10.8/instance-out.sql,66.12,17714.12,137.25,36769.50
CZ10/ERC&0&cDXGF&New&dxAC_equip/NE-dxAC-PkgAC-240to759-New-EER-11.5/instance-out.sql,65.71,17603.31,135.87,36399.37
CZ10/ERC&0&cDXGF&New&dxAC_equip/NE-dxAC-PkgAC-240to759-New-EER-12.5/instance-out.sql,65.21,17468.82,134.20,35950.20
CZ10/ERC&0&cDXGF&New&dxAC_equip/NE-dxAC-PkgAC-gt760-New-EER-9.5/instance-out.sql,66.63,17850.78,138.96,37225.93
CZ10/ERC&0&cDXGF&New&dxAC_equip/NE-dxAC-PkgAC-gt760-New-EER-10.2/instance-out.sql,66.14,17718.51,137.31,36784.15
CZ10/ERC&0&cDXGF&New&dxAC_equip/NE-dxAC-PkgAC-gt760-New-EER-11.0/instance-out.sql,65.67,17591.84,135.73,36361.07
CZ10/ERC&0&cDXGF&New&dxAC_equip/NE-dxAC-PkgAC-gt760-New-EER-12.0/instance-out.sql,65.15,17452.72,133.99,35896.42
CZ10/ESe&0&cDXGF&New&dxAC_equip/NE-dxAC-PkgAC-65to134-New-EER-11.0/instance-out.sql,160.59,1110051.92,420.97,2909861.16
CZ10/ESe&0&cDXGF&New&dxAC_equip/NE-dxAC-PkgAC-65to134-New-EER-11.5/instance-out.sql,160.27,1107815.29,419.89,2902390.81
CZ10/ESe&0&cDXGF&New&dxAC_equip/NE-dxAC-PkgAC-65to134-New-EER-12.0/instance-out.sql,159.97,1105762.35,418.90,2895533.97
CZ10/ESe&0&cDXGF&New&dxAC_equip/NE-dxAC-PkgAC-65to134-New-EER-12.5/instance-out.sql,159.70,1103871.35,417.99,2889218.03
CZ10/ESe&0&cDXGF&New&dxAC_equip/NE-dxAC-PkgAC-65to134-New-EER-13.0/instance-out.sql,159.43,1102025.19,417.10,2883051.87
CZ10/ESe&0&cDXGF&New&dxAC_equip/NE-dxAC-PkgAC-135to239-New-EER-10.8/instance-out.sql,160.57,1109914.83,420.91,2909403.27
CZ10/ESe&0&cDXGF&New&dxAC_equip/NE-dxAC-PkgAC-135to239-New-EER-11.5/instance-out.sql,160.11,1106707.02,419.36,2898689.19
CZ10/ESe&0&cDXGF&New&dxAC_equip/NE-dxAC-PkgAC-135to239-New-EER-12.0/instance-out.sql,159.82,1104742.30,418.41,2892127.00
CZ10/ESe&0&cDXGF&New&dxAC_equip/NE-dxAC-PkgAC-135to239-New-EER-12.5/instance-out.sql,159.55,1102827.10,417.48,2885730.25
CZ10/ESe&0&cDXGF&New&dxAC_equip/NE-dxAC-PkgAC-240to759-New-EER-9.8/instance-out.sql,160.80,1111463.60,421.66,2914576.15
CZ10/ESe&0&cDXGF&New&dxAC_equip/NE-dxAC-PkgAC-240to759-New-EER-10.8/instance-out.sql,160.09,1106586.91,419.30,2898288.00
CZ10/ESe&0&cDXGF&New&dxAC_equip/NE-dxAC-PkgAC-240to759-New-EER-11.5/instance-out.sql,159.65,1103553.02,417.83,2888154.82
CZ10/ESe&0&cDXGF&New&dxAC_equip/NE-dxAC-PkgAC-240to759-New-EER-12.5/instance-out.sql,159.12,1099871.13,416.05,2875857.29
CZ10/ESe&0&cDXGF&New&dxAC_equip/NE-dxAC-PkgAC-gt760-New-EER-9.5/instance-out.sql,160.63,1110328.28,421.11,2910784.20
CZ10/ESe&0&cDXGF&New&dxAC_equip/NE-dxAC-PkgAC-gt760-New-EER-10.2/instance-out.sql,160.11,1106707.02,419.36,2898689.19
CZ10/ESe&0&cDXGF&New&dxAC_equip/NE-dxAC-PkgAC-gt760-New-EER-11.0/instance-out.sql,159.61,1103239.07,417.68,2887106.21
CZ10/ESe&0&cDXGF&New&dxAC_equip/NE-dxAC-PkgAC-gt760-New-EER-12.0/instance-out.sql,159.06,1099430.34,415.84,2874385.06
CZ10/EUn&0&cDXGF&New&dxAC_equip/NE-dxAC-PkgAC-65to134-New-EER-11.0/instance-out.sql,96.51,7691206.39,296.38,23618579.98
CZ10/EUn&0&cDXGF&New&dxAC_equip/NE-dxAC-PkgAC-65to134-New-EER-11.5/instance-out.sql,96.11,7659465.36,295.05,23512564.94
CZ10/EUn&0&cDXGF&New&dxAC_equip/NE-dxAC-PkgAC-65to134-New-EER-12.0/instance-out.sql,95.75,7630331.08,293.83,23415256.45
CZ10/EUn&0&cDXGF&New&dxAC_equip/NE-dxAC-PkgAC-65to134-New-EER-12.5/instance-out.sql,95.41,7603495.09,292.70,23325624.26
CZ10/EUn&0&cDXGF&New&dxAC_equip/NE-dxAC-PkgAC-65to134-New-EER-13.0/instance-out.sql,95.08,7577295.47,291.60,23238117.51
CZ10/EUn&0&cDXGF&New&dxAC_equip/NE-dxAC-PkgAC-135to239-New-EER-10.8/instance-out.sql,96.49,7689260.86,296.30,23612081.92
CZ10/EUn&0&cDXGF&New&dxAC_equip/NE-dxAC-PkgAC-135to239-New-EER-11.5/instance-out.sql,95.92,7643737.40,294.39,23460033.58
CZ10/EUn&0&cDXGF&New&dxAC_equip/NE-dxAC-PkgAC-135to239-New-EER-12.0/instance-out.sql,95.57,7615855.09,293.22,23366906.67
CZ10/EUn&0&cDXGF&New&dxAC_equip/NE-dxAC-PkgAC-135to239-New-EER-12.5/instance-out.sql,95.23,7588675.70,292.08,23276127.49
CZ10/EUn&0&cDXGF&New&dxAC_equip/NE-dxAC-PkgAC-240to759-New-EER-9.8/instance-out.sql,96.76,7711240.07,297.22,23685492.50
CZ10/EUn&0&cDXGF&New&dxAC_equip/NE-dxAC-PkgAC-240to759-New-EER-10.8/instance-out.sql,95.90,7642032.79,294.32,23454340.17
CZ10/EUn&0&cDXGF&New&dxAC_equip/NE-dxAC-PkgAC-240to759-New-EER-11.5/instance-out.sql,95.36,7598977.57,292.51,23310535.73
CZ10/EUn&0&cDXGF&New&dxAC_equip/NE-dxAC-PkgAC-240to759-New-EER-12.5/instance-out.sql,94.70,7546726.15,290.32,23136015.99
CZ10/EUn&0&cDXGF&New&dxAC_equip/NE-dxAC-PkgAC-gt760-New-EER-9.5/instance-out.sql,96.56,7695128.33,296.54,23631679.26
CZ10/EUn&0&cDXGF&New&dxAC_equip/NE-dxAC-PkgAC-gt760-New-EER-10.2/instance-out.sql,95.92,7643737.40,294.39,23460033.58
CZ10/EUn&0&cDXGF&New&dxAC_equip/NE-dxAC-PkgAC-gt760-New-EER-11.0/instance-out.sql,95.30,7594522.07,292.32,23295654.37
CZ10/EUn&0&cDXGF&New&dxAC_equip/NE-dxAC-PkgAC-gt760-New-EER-12.0/instance-out.sql,94.62,7540470.74,290.06,23115122.92
CZ10/Gro&0&cDXGF&New&dxAC_equip/NE-dxAC-PkgAC-65to134-New-EER-11.0/instance-out.sql,419.33,1947713.72,1335.37,6202605.16
CZ10/Gro&0&cDXGF&New&dxAC_equip/NE-dxAC-PkgAC-65to134-New-EER-11.5/instance-out.sql,418.84,1945438.20,1333.73,6195004.94
CZ10/Gro&0&cDXGF&New&dxAC_equip/NE-dxAC-PkgAC-65to134-New-EER-12.0/instance-out.sql,418.39,1943349.57,1332.23,6188028.89
CZ10/Gro&0&cDXGF&New&dxAC_equip/NE-dxAC-PkgAC-65to134-New-EER-12.5/instance-out.sql,417.97,1941425.69,1330.85,6181603.15
CZ10/Gro&0&cDXGF&New&dxAC_equip/NE-dxAC-PkgAC-65to134-New-EER-13.0/instance-out.sql,417.57,1939547.44,1329.49,6175329.79
CZ10/Gro&0&cDXGF&New&dxAC_equip/NE-dxAC-PkgAC-135to239-New-EER-10.8/instance-out.sql,419.30,1947574.24,1335.27,6202139.31
CZ10/Gro&0&cDXGF&New&dxAC_equip/NE-dxAC-PkgAC-135to239-New-EER-11.5/instance-out.sql,418.59,1944310.67,1332.92,6191238.96
CZ10/Gro&0&cDXGF&New&dxAC_equip/NE-dxAC-PkgAC-135to239-New-EER-12.0/instance-out.sql,418.16,1942311.78,1331.48,6184562.69
CZ10/Gro&0&cDXGF&New&dxAC_equip/NE-dxAC-PkgAC-135to239-New-EER-12.5/instance-out.sql,417.74,1940363.29,1330.08,6178054.73
CZ10/Gro&0&cDXGF&New&dxAC_equip/NE-dxAC-PkgAC-240to759-New-EER-9.8/instance-out.sql,419.64,1949149.94,1336.40,6207402.12
CZ10/Gro&0&cDXGF&New&dxAC_equip/NE-dxAC-PkgAC-240to759-New-EER-10.8/instance-out.sql,418.57,1944188.46,1332.83,6190830.80
CZ10/Gro&0&cDXGF&New&dxAC_equip/NE-dxAC-PkgAC-240to759-New-EER-11.5/instance-out.sql,417.90,1941101.83,1330.61,6180521.45
CZ10/Gro&0&cDXGF&New&dxAC_equip/NE-dxAC-PkgAC-240to759-New-EER-12.5/instance-out.sql,417.10,1937355.92,1327.92,6168010.13
CZ10/Gro&0&cDXGF&New&dxAC_equip/NE-dxAC-PkgAC-gt760-New-EER-9.5/instance-out.sql,419.39,1947994.88,1335.57,6203544.25
CZ10/Gro&0&cDXGF&New&dxAC_equip/NE-dxAC-PkgAC-gt760-New-EER-10.2/instance-out.sql,418.59,1944310.67,1332.92,6191238.96
CZ10/Gro&0&cDXGF&New&dxAC_equip/NE-dxAC-PkgAC-gt760-New-EER-11.0/instance-out.sql,417.83,1940782.42,1330.38,6179454.61
CZ10/Gro&0&cDXGF&New&dxAC_equip/NE-dxAC-PkgAC-gt760-New-EER-12.0/instance-out.sql,417.00,1936907.47,1327.60,6166512.30
CZ10/Hsp&0&cDXGF&New&dxAC_equip/NE-dxAC-PkgAC-65to134-New-EER-11.0/instance-out.sql,84.12,3861151.42,255.73,11737839.63
CZ10/Hsp&0&cDXGF&New&dxAC_equip/NE-dxAC-PkgAC-65to134-New-EER-11.5/instance-out.sql,83.99,3855049.28,255.29,11717458.45
CZ10/Hsp&0&cDXGF&New&dxAC_equip/NE-dxAC-PkgAC-65to134-New-EER-12.0/instance-out.sql,83.87,3849448.27,254.88,11698751.10
CZ10/Hsp&0&cDXGF&New&dxAC_equip/NE-dxAC-PkgAC-65to134-New-EER-12.5/instance-out.sql,83.75,3844289.11,254.50,11681519.49
CZ10/Hsp&0&cDXGF&New&dxAC_equip/NE-dxAC-PkgAC-65to134-New-EER-13.0/instance-out.sql,83.65,3839252.28,254.14,11664696.50
CZ10/Hsp&0&cDXGF&New&dxAC_equip/NE-dxAC-PkgAC-135to239-New-EER-10.8/instance-out.sql,84.11,3860777.40,255.70,11736590.39
CZ10/Hsp&0&cDXGF&New&dxAC_equip/NE-dxAC-PkgAC-135to239-New-EER-11.5/instance-out.sql,83.92,3852025.61,255.07,11707359.41
CZ10/Hsp&0&cDXGF&New&dxAC_equip/NE-dxAC-PkgAC-135to239-New-EER-12.0/instance-out.sql,83.81,3846665.29,254.68,11689455.95
CZ10/Hsp&0&cDXGF&New&dxAC_equip/NE-dxAC-PkgAC-135to239-New-EER-12.5/instance-out.sql,83.69,3841440.11,254.30,11672003.84
CZ10/Hsp&0&cDXGF&New&dxAC_equip/NE-dxAC-PkgAC-240to759-New-EER-9.8/instance-out.sql,84.21,3865002.86,256.01,11750703.42
CZ10/Hsp&0&cDXGF&New&dxAC_equip/NE-dxAC-PkgAC-240to759-New-EER-10.8/instance-out.sql,83.92,3851697.90,255.04,11706264.86
CZ10/Hsp&0&cDXGF&New&dxAC_equip/NE-dxAC-PkgAC-240to759-New-EER-11.5/instance-out.sql,83.74,3843420.62,254.44,11678618.75
CZ10/Hsp&0&cDXGF&New&dxAC_equip/NE-dxAC-PkgAC-240to759-New-EER-12.5/instance-out.sql,83.52,3833375.39,253.71,11645067.69
CZ10/Hsp&0&cDXGF&New&dxAC_equip/NE-dxAC-PkgAC-gt760-New-EER-9.5/instance-out.sql,84.14,3861905.41,255.79,11740357.94
CZ10/Hsp&0&cDXGF&New&dxAC_equip/NE-dxAC-PkgAC-gt760-New-EER-10.2/instance-out.sql,83.92,3852025.61,255.07,11707359.41
CZ10/Hsp&0&cDXGF&New&dxAC_equip/NE-dxAC-PkgAC-gt760-New-EER-11.0/instance-out.sql,83.72,3842564.06,254.38,11675757.84
CZ10/Hsp&0&cDXGF&New&dxAC_equip/NE-dxAC-PkgAC-gt760-New-EER-12.0/instance-out.sql,83.49,3832172.80,253.62,11641051.04
CZ10/MBT&0&cDXGF&New&dxAC_equip/NE-dxAC-PkgAC-65to134-New-EER-11.0/instance-out.sql,151.67,5635454.54,361.03,13414577.93
CZ10/MBT&0&cDXGF&New&dxAC_equip/NE-dxAC-PkgAC-65to134-New-EER-11.5/instance-out.sql,151.50,5629363.78,360.48,13394234.79
CZ10/MBT&0&cDXGF&New&dxAC_equip/NE-dxAC-PkgAC-65to134-New-EER-12.0/instance-out.sql,151.35,5623773.23,359.98,13375562.34
CZ10/MBT&0&cDXGF&New&dxAC_equip/NE-dxAC-PkgAC-65to134-New-EER-12.5/instance-out.sql,151.22,5618623.70,359.52,13358362.89
CZ10/MBT&0&cDXGF&New&dxAC_equip/NE-dxAC-PkgAC-65to134-New-EER-13.0/instance-out.sql,151.08,5613596.27,359.07,13341571.30
CZ10/MBT&0&cDXGF&New&dxAC_equip/NE-dxAC-PkgAC-135to239-New-EER-10.8/instance-out.sql,151.66,5635081.22,361.00,13413331.02
CZ10/MBT&0&cDXGF&New&dxAC_equip/NE-dxAC-PkgAC-135to239-New-EER-11.5/instance-out.sql,151.42,5626345.76,360.21,13384154.59
CZ10/MBT&0&cDXGF&New&dxAC_equip/NE-dxAC-PkgAC-135to239-New-EER-12.0/instance-out.sql,151.28,5620995.45,359.73,13366284.54
CZ10/MBT&0&cDXGF&New&dxAC_equip/NE-dxAC-PkgAC-135to239-New-EER-12.5/instance-out.sql,151.14,5615780.02,359.26,13348865.00
CZ10/MBT&0&cDXGF&New&dxAC_equip/NE-dxAC-PkgAC-240to759-New-EER-9.8/instance-out.sql,151.77,5639298.79,361.38,13427417.71
CZ10/MBT&0&cDXGF&New&dxAC_equip/NE-dxAC-PkgAC-240to759-New-EER-10.8/instance-out.sql,151.41,5626018.66,360.18,13383062.08
CZ10/MBT&0&cDXGF&New&dxAC_equip/NE-dxAC-PkgAC-240to759-New-EER-11.5/instance-out.sql,151.19,5617756.83,359.44,13355467.57
CZ10/MBT&0&cDXGF&New&dxAC_equip/NE-dxAC-PkgAC-240to759-New-EER-12.5/instance-out.sql,150.92,5607730.35,358.54,13321979.12
CZ10/MBT&0&cDXGF&New&dxAC_equip/NE-dxAC-PkgAC-gt760-New-EER-9.5/instance-out.sql,151.69,5636207.12,361.10,13417091.53
CZ10/MBT&0&cDXGF&New&dxAC_equip/NE-dxAC-PkgAC-gt760-New-EER-10.2/instance-out.sql,151.42,5626345.76,360.21,13384154.59
CZ10/MBT&0&cDXGF&New&dxAC_equip/NE-dxAC-PkgAC-gt760-New-EER-11.0/instance-out.sql,151.17,5616901.87,359.36,13352612.00
CZ10/MBT&0&cDXGF&New&dxAC_equip/NE-dxAC-PkgAC-gt760-New-EER-12.0/instance-out.sql,150.89,5606530.01,358.43,13317969.97
CZ10/MLI&0&cDXGF&New&dxAC_equip/NE-dxAC-PkgAC-65to134-New-EER-11.0/instance-out.sql,95.85,890574.33,300.00,2787497.70
CZ10/MLI&0&cDXGF&New&dxAC_equip/NE-dxAC-PkgAC-65to134-New-EER-11.5/instance-out.sql,95.23,884809.23,297.93,2768242.30
CZ10/MLI&0&cDXGF&New&dxAC_equip/NE-dxAC-PkgAC-65to134-New-EER-12.0/instance-out.sql,94.66,879517.60,296.03,2750568.25
CZ10/MLI&0&cDXGF&New&dxAC_equip/NE-dxAC-PkgAC-65to134-New-EER-12.5/instance-out.sql,94.13,874643.41,294.27,2734288.45
CZ10/MLI&0&cDXGF&New&dxAC_equip/NE-dxAC-PkgAC-65to134-New-EER-13.0/instance-out.sql,93.62,869884.80,292.56,2718394.69
CZ10/MLI&0&cDXGF&New&dxAC_equip/NE-dxAC-PkgAC-135to239-New-EER-10.8/instance-out.sql,95.81,890220.96,299.87,2786317.47
CZ10/MLI&0&cDXGF&New&dxAC_equip/NE-dxAC-PkgAC-135to239-New-EER-11.5/instance-out.sql,94.92,881952.58,296.90,2758701.08
CZ10/MLI&0&cDXGF&New&dxAC_equip/NE-dxAC-PkgAC-135to239-New-EER-12.0/instance-out.sql,94.37,876888.35,295.08,2741786.53
CZ10/MLI&0&cDXGF&New&dxAC_equip/NE-dxAC-PkgAC-135to239-New-EER-12.5/instance-out.sql,93.84,871951.78,293.31,2725298.40
CZ10/MLI&0&cDXGF&New&dxAC_equip/NE-dxAC-PkgAC-240to759-New-EER-9.8/instance-out.sql,96.24,894213.02,301.31,2799650.96
CZ10/MLI&0&cDXGF&New&dxAC_equip/NE-dxAC-PkgAC-240to759-New-EER-10.8/instance-out.sql,94.89,881642.97,296.79,2757666.99
CZ10/MLI&0&cDXGF&New&dxAC_equip/NE-dxAC-PkgAC-240to759-New-EER-11.5/instance-out.sql,94.04,873822.90,293.98,2731547.94
CZ10/MLI&0&cDXGF&New&dxAC_equip/NE-dxAC-PkgAC-240to759-New-EER-12.5/instance-out.sql,93.02,864332.53,290.57,2699850.09
CZ10/MLI&0&cDXGF&New&dxAC_equip/NE-dxAC-PkgAC-gt760-New-EER-9.5/instance-out.sql,95.92,891286.66,300.26,2789876.91
CZ10/MLI&0&cDXGF&New&dxAC_equip/NE-dxAC-PkgAC-gt760-New-EER-10.2/instance-out.sql,94.92,881952.58,296.90,2758701.08
CZ10/MLI&0&cDXGF&New&dxAC_equip/NE-dxAC-PkgAC-gt760-New-EER-11.0/instance-out.sql,93.96,873013.65,293.69,2728845.05
CZ10/MLI&0&cDXGF&New&dxAC_equip/NE-dxAC-PkgAC-gt760-New-EER-12.0/instance-out.sql,92.90,863196.36,290.16,2696055.30
CZ10/Mtl&0&cDXGF&New&dxAC_equip/NE-dxAC-PkgAC-65to134-New-EER-11.0/instance-out.sql,61.95,172580.84,194.28,541240.94
CZ10/Mtl&0&cDXGF&New&dxAC_equip/NE-dxAC-PkgAC-65to134-New-EER-11.5/instance-out.sql,61.42,171096.08,192.50,536281.85
CZ10/Mtl&0&cDXGF&New&dxAC_equip/NE-dxAC-PkgAC-65to134-New-EER-12.0/instance-out.sql,60.93,169733.26,190.87,531730.03
CZ10/Mtl&0&cDXGF&New&dxAC_equip/NE-dxAC-PkgAC-65to134-New-EER-12.5/instance-out.sql,60.48,168477.94,189.37,527537.28
CZ10/Mtl&0&cDXGF&New&dxAC_equip/NE-dxAC-PkgAC-65to134-New-EER-13.0/instance-out.sql,60.04,167252.40,187.90,523443.96
CZ10/Mtl&0&cDXGF&New&dxAC_equip/NE-dxAC-PkgAC-135to239-New-EER-10.8/instance-out.sql,61.92,172489.83,194.18,540936.98
CZ10/Mtl&0&cDXGF&New&dxAC_equip/NE-dxAC-PkgAC-135to239-New-EER-11.5/instance-out.sql,61.15,170360.37,191.62,533824.58
CZ10/Mtl&0&cDXGF&New&dxAC_equip/NE-dxAC-PkgAC-135to239-New-EER-12.0/instance-out.sql,60.68,169056.11,190.06,529468.36
CZ10/Mtl&0&cDXGF&New&dxAC_equip/NE-dxAC-PkgAC-135to239-New-EER-12.5/instance-out.sql,60.23,167784.73,188.53,525221.96
CZ10/Mtl&0&cDXGF&New&dxAC_equip/NE-dxAC-PkgAC-240to759-New-EER-9.8/instance-out.sql,62.29,173517.96,195.41,544370.92
CZ10/Mtl&0&cDXGF&New&dxAC_equip/NE-dxAC-PkgAC-240to759-New-EER-10.8/instance-out.sql,61.12,170280.63,191.53,533558.25
CZ10/Mtl&0&cDXGF&New&dxAC_equip/NE-dxAC-PkgAC-240to759-New-EER-11.5/instance-out.sql,60.40,168266.63,189.11,526831.48
CZ10/Mtl&0&cDXGF&New&dxAC_equip/NE-dxAC-PkgAC-240to759-New-EER-12.5/instance-out.sql,59.52,165822.45,186.18,518667.93
CZ10/Mtl&0&cDXGF&New&dxAC_equip/NE-dxAC-PkgAC-gt760-New-EER-9.5/instance-out.sql,62.02,172764.29,194.50,541853.68
CZ10/Mtl&0&cDXGF&New&dxAC_equip/NE-dxAC-PkgAC-gt760-New-EER-10.2/instance-out.sql,61.15,170360.37,191.62,533824.58
CZ10/Mtl&0&cDXGF&New&dxAC_equip/NE-dxAC-PkgAC-gt760-New-EER-11.0/instance-out.sql,60.33,168058.21,188.86,526135.37
CZ10/Mtl&0&cDXGF&New&dxAC_equip/NE-dxAC-PkgAC-gt760-New-EER-12.0/instance-out.sql,59.42,165529.84,185.83,517690.61
CZ10/Nrs&0&cDXGF&New&dxAC_equip/NE-dxAC-PkgAC-65to134-New-EER-11.0/instance-out.sql,80.32,828320.14,225.28,2323069.61
CZ10/Nrs&0&cDXGF&New&dxAC_equip/NE-dxAC-PkgAC-65to134-New-EER-11.5/instance-out.sql,80.13,826293.12,224.62,2316299.36
CZ10/Nrs&0&cDXGF&New&dxAC_equip/NE-dxAC-PkgAC-65to134-New-EER-12.0/instance-out.sql,79.95,824432.57,224.02,2310085.13
CZ10/Nrs&0&cDXGF&New&dxAC_equip/NE-dxAC-PkgAC-65to134-New-EER-12.5/instance-out.sql,79.78,822718.79,223.46,2304361.11
CZ10/Nrs&0&cDXGF&New&dxAC_equip/NE-dxAC-PkgAC-65to134-New-EER-13.0/instance-out.sql,79.62,821045.66,222.92,2298772.83
CZ10/Nrs&0&cDXGF&New&dxAC_equip/NE-dxAC-PkgAC-135to239-New-EER-10.8/instance-out.sql,80.31,828195.90,225.24,2322654.63
CZ10/Nrs&0&cDXGF&New&dxAC_equip/NE-dxAC-PkgAC-135to239-New-EER-11.5/instance-out.sql,80.03,825288.72,224.29,2312944.65
CZ10/Nrs&0&cDXGF&New&dxAC_equip/NE-dxAC-PkgAC-135to239-New-EER-12.0/instance-out.sql,79.86,823508.12,223.72,2306997.45
CZ10/Nrs&0&cDXGF&New&dxAC_equip/NE-dxAC-PkgAC-135to239-New-EER-12.5/instance-out.sql,79.69,821772.41,223.15,2301200.19
CZ10/Nrs&0&cDXGF&New&dxAC_equip/NE-dxAC-PkgAC-240to759-New-EER-9.8/instance-out.sql,80.45,829599.52,225.69,2327342.72
CZ10/Nrs&0&cDXGF&New&dxAC_equip/NE-dxAC-PkgAC-240to759-New-EER-10.8/instance-out.sql,80.02,825179.86,224.26,2312581.06
CZ10/Nrs&0&cDXGF&New&dxAC_equip/NE-dxAC-PkgAC-240to759-New-EER-11.5/instance-out.sql,79.75,822430.30,223.37,2303397.54
CZ10/Nrs&0&cDXGF&New&dxAC_equip/NE-dxAC-PkgAC-240to759-New-EER-12.5/instance-out.sql,79.43,819093.46,222.29,2292252.50
CZ10/Nrs&0&cDXGF&New&dxAC_equip/NE-dxAC-PkgAC-gt760-New-EER-9.5/instance-out.sql,80.35,828570.60,225.36,2323906.14
CZ10/Nrs&0&cDXGF&New&dxAC_equip/NE-dxAC-PkgAC-gt760-New-EER-10.2/instance-out.sql,80.03,825288.72,224.29,2312944.65
CZ10/Nrs&0&cDXGF&New&dxAC_equip/NE-dxAC-PkgAC-gt760-New-EER-11.0/instance-out.sql,79.73,822145.77,223.28,2302447.20
CZ10/Nrs&0&cDXGF&New&dxAC_equip/NE-dxAC-PkgAC-gt760-New-EER-12.0/instance-out.sql,79.39,818693.98,222.16,2290918.25
CZ10/OfL&0&cDXGF&New&dxAC_equip/NE-dxAC-PkgAC-65to134-New-EER-11.0/instance-out.sql,68.01,2210812.74,217.78,7079825.15
CZ10/OfL&0&cDXGF&New&dxAC_equip/NE-dxAC-PkgAC-65to134-New-EER-11.5/instance-out.sql,67.63,2198697.44,216.54,7039360.07
CZ10/OfL&0&cDXGF&New&dxAC_equip/NE-dxAC-PkgAC-65to134-New-EER-12.0/instance-out.sql,67.29,2187577.13,215.40,7002218.21
CZ10/OfL&0&cDXGF&New&dxAC_equip/NE-dxAC-PkgAC-65to134-New-EER-12.5/instance-out.sql,66.98,2177334.05,214.34,6968006.34
CZ10/OfL&0&cDXGF&New&dxAC_equip/NE-dxAC-PkgAC-65to134-New-EER-13.0/instance-out.sql,66.67,2167333.87,213.32,6934605.72
CZ10/OfL&0&cDXGF&New&dxAC_equip/NE-dxAC-PkgAC-135to239-New-EER-10.8/instance-out.sql,67.98,2210070.14,217.71,7077344.89
CZ10/OfL&0&cDXGF&New&dxAC_equip/NE-dxAC-PkgAC-135to239-New-EER-11.5/instance-out.sql,67.45,2192694.21,215.92,7019309.28
CZ10/OfL&0&cDXGF&New&dxAC_equip/NE-dxAC-PkgAC-135to239-New-EER-12.0/instance-out.sql,67.12,2182051.76,214.83,6983763.49
CZ10/OfL&0&cDXGF&New&dxAC_equip/NE-dxAC-PkgAC-135to239-New-EER-12.5/instance-out.sql,66.80,2171677.61,213.76,6949113.82
CZ10/OfL&0&cDXGF&New&dxAC_equip/NE-dxAC-PkgAC-240to759-New-EER-9.8/instance-out.sql,68.24,2218459.43,218.57,7105365.11
CZ10/OfL&0&cDXGF&New&dxAC_equip/NE-dxAC-PkgAC-240to759-New-EER-10.8/instance-out.sql,67.43,2192043.58,215.85,7017136.15
CZ10/OfL&0&cDXGF&New&dxAC_equip/NE-dxAC-PkgAC-240to759-New-EER-11.5/instance-out.sql,66.92,2175609.75,214.17,6962247.17
CZ10/OfL&0&cDXGF&New&dxAC_equip/NE-dxAC-PkgAC-240to759-New-EER-12.5/instance-out.sql,66.31,2155665.81,212.12,6895634.41
CZ10/OfL&0&cDXGF&New&dxAC_equip/NE-dxAC-PkgAC-gt760-New-EER-9.5/instance-out.sql,68.05,2212309.71,217.94,7084825.03
CZ10/OfL&0&cDXGF&New&dxAC_equip/NE-dxAC-PkgAC-gt760-New-EER-10.2/instance-out.sql,67.45,2192694.21,215.92,7019309.28
CZ10/OfL&0&cDXGF&New&dxAC_equip/NE-dxAC-PkgAC-gt760-New-EER-11.0/instance-out.sql,66.87,2173909.12,213.99,6956567.07
CZ10/OfL&0&cDXGF&New&dxAC_equip/NE-dxAC-PkgAC-gt760-New-EER-12.0/instance-out.sql,66.24,2153278.17,211.87,6887659.69
CZ10/OfS&0&cDXGF&New&dxAC_equip/NE-dxAC-PkgAC-65to134-New-EER-11.0/instance-out.sql,62.75,116628.29,181.85,337974.76
CZ10/OfS&0&cDXGF&New&dxAC_equip/NE-dxAC-PkgAC-65to134-New-EER-11.5/instance-out.sql,62.34,115864.18,180.48,335422.62
CZ10/OfS&0&cDXGF&New&dxAC_equip/NE-dxAC-PkgAC-65to134-New-EER-12.0/instance-out.sql,61.97,115162.82,179.22,333080.08
CZ10/OfS&0&cDXGF&New&dxAC_equip/NE-dxAC-PkgAC-65to134-New-EER-12.5/instance-out.sql,61.62,114516.79,178.06,330922.33
CZ10/OfS&0&cDXGF&New&dxAC_equip/NE-dxAC-PkgAC-65to134-New-EER-13.0/instance-out.sql,61.28,113886.07,176.93,328815.75
CZ10/OfS&0&cDXGF&New&dxAC_equip/NE-dxAC-PkgAC-135to239-New-EER-10.8/instance-out.sql,62.73,116581.46,181.77,337818.33
CZ10/OfS&0&cDXGF&New&dxAC_equip/NE-dxAC-PkgAC-135to239-New-EER-11.5/instance-out.sql,62.14,115485.55,179.80,334158.01
CZ10/OfS&0&cDXGF&New&dxAC_equip/NE-dxAC-PkgAC-135to239-New-EER-12.0/instance-out.sql,61.78,114814.33,178.59,331916.13
CZ10/OfS&0&cDXGF&New&dxAC_equip/NE-dxAC-PkgAC-135to239-New-EER-12.5/instance-out.sql,61.43,114160.03,177.42,329730.77
CZ10/OfS&0&cDXGF&New&dxAC_equip/NE-dxAC-PkgAC-240to759-New-EER-9.8/instance-out.sql,63.01,117110.57,182.72,339585.56
CZ10/OfS&0&cDXGF&New&dxAC_equip/NE-dxAC-PkgAC-240to759-New-EER-10.8/instance-out.sql,62.12,115444.52,179.73,334020.95
CZ10/OfS&0&cDXGF&New&dxAC_equip/NE-dxAC-PkgAC-240to759-New-EER-11.5/instance-out.sql,61.56,114408.03,177.86,330559.10
CZ10/OfS&0&cDXGF&New&dxAC_equip/NE-dxAC-PkgAC-240to759-New-EER-12.5/instance-out.sql,60.88,113150.17,175.60,326357.82
CZ10/OfS&0&cDXGF&New&dxAC_equip/NE-dxAC-PkgAC-gt760-New-EER-9.5/instance-out.sql,62.81,116722.71,182.02,338290.10
CZ10/OfS&0&cDXGF&New&dxAC_equip/NE-dxAC-PkgAC-gt760-New-EER-10.2/instance-out.sql,62.14,115485.55,179.80,334158.01
CZ10/OfS&0&cDXGF&New&dxAC_equip/NE-dxAC-PkgAC-gt760-New-EER-11.0/instance-out.sql,61.50,114300.78,177.67,330200.85
CZ10/OfS&0&cDXGF&New&dxAC_equip/NE-dxAC-PkgAC-gt760-New-EER-12.0/instance-out.sql,60.80,112999.58,175.33,325854.85
CZ10/RFF&0&cDXGF&New&dxAC_equip/NE-dxAC-PkgAC-65to134-New-EER-11.0/instance-out.sql,283.87,105389.39,663.85,246459.34
CZ10/RFF&0&cDXGF&New&dxAC_equip/NE-dxAC-PkgAC-65to134-New-EER-11.5/instance-out.sql,283.08,105097.62,661.22,245484.82
CZ10/RFF&0&cDXGF&New&dxAC_equip/NE-dxAC-PkgAC-65to134-New-EER-12.0/instance-out.sql,282.36,104829.81,658.81,244590.33
CZ10/RFF&0&cDXGF&New&dxAC_equip/NE-dxAC-PkgAC-65to134-New-EER-12.5/instance-out.sql,281.70,104583.13,656.59,243766.41
CZ10/RFF&0&cDXGF&New&dxAC_equip/NE-dxAC-PkgAC-65to134-New-EER-13.0/instance-out.sql,281.05,104342.29,654.43,242962.02
CZ10/RFF&0&cDXGF&New&dxAC_equip/NE-dxAC-PkgAC-135to239-New-EER-10.8/instance-out.sql,283.82,105371.51,663.69,246399.61
CZ10/RFF&0&cDXGF&New&dxAC_equip/NE-dxAC-PkgAC-135to239-New-EER-11.5/instance-out.sql,282.70,104953.05,659.92,245001.93
CZ10/RFF&0&cDXGF&New&dxAC_equip/NE-dxAC-PkgAC-135to239-New-EER-12.0/instance-out.sql,282.00,104696.74,657.62,244145.89
CZ10/RFF&0&cDXGF&New&dxAC_equip/NE-dxAC-PkgAC-135to239-New-EER-12.5/instance-out.sql,281.33,104446.90,655.37,243311.42
CZ10/RFF&0&cDXGF&New&dxAC_equip/NE-dxAC-PkgAC-240to759-New-EER-9.8/instance-out.sql,284.37,105573.55,665.50,247074.42
CZ10/RFF&0&cDXGF&New&dxAC_equip/NE-dxAC-PkgAC-240to759-New-EER-10.8/instance-out.sql,282.65,104937.38,659.78,244949.60
CZ10/RFF&0&cDXGF&New&dxAC_equip/NE-dxAC-PkgAC-240to759-New-EER-11.5/instance-out.sql,281.59,104541.60,656.22,243627.71
CZ10/RFF&0&cDXGF&New&dxAC_equip/NE-dxAC-PkgAC-240to759-New-EER-12.5/instance-out.sql,280.29,104061.29,651.90,242023.47
CZ10/RFF&0&cDXGF&New&dxAC_equip/NE-dxAC-PkgAC-gt760-New-EER-9.5/instance-out.sql,283.97,105425.45,664.17,246579.75
CZ10/RFF&0&cDXGF&New&dxAC_equip/NE-dxAC-PkgAC-gt760-New-EER-10.2/instance-out.sql,282.70,104953.05,659.92,245001.93
CZ10/RFF&0&cDXGF&New&dxAC_equip/NE-dxAC-PkgAC-gt760-New-EER-11.0/instance-out.sql,281.48,104500.64,655.85,243490.91
CZ10/RFF&0&cDXGF&New&dxAC_equip/NE-dxAC-PkgAC-gt760-New-EER-12.0/instance-out.sql,280.14,104003.79,651.38,241831.42
CZ10/RSD&0&cDXGF&New&dxAC_equip/NE-dxAC-PkgAC-65to134-New-EER-11.0/instance-out.sql,231.57,241058.06,492.05,512213.82
CZ10/RSD&0&cDXGF&New&dxAC_equip/NE-dxAC-PkgAC-65to134-New-EER-11.5/instance-out.sql,231.44,240928.49,491.63,511781.06
CZ10/RSD&0&cDXGF&New&dxAC_equip/NE-dxAC-PkgAC-65to134-New-EER-12.0/instance-out.sql,231.33,240809.56,491.25,511383.84
CZ10/RSD&0&cDXGF&New&dxAC_equip/NE-dxAC-PkgAC-65to134-New-EER-12.5/instance-out.sql,231.22,240700.01,490.90,511017.95
CZ10/RSD&0&cDXGF&New&dxAC_equip/NE-dxAC-PkgAC-65to134-New-EER-13.0/instance-out.sql,231.12,240593.06,490.56,510660.74
CZ10/RSD&0&cDXGF&New&dxAC_equip/NE-dxAC-PkgAC-135to239-New-EER-10.8/instance-out.sql,231.56,241050.12,492.02,512187.29
CZ10/RSD&0&cDXGF&New&dxAC_equip/NE-dxAC-PkgAC-135to239-New-EER-11.5/instance-out.sql,231.38,240864.29,491.43,511566.62
CZ10/RSD&0&cDXGF&New&dxAC_equip/NE-dxAC-PkgAC-135to239-New-EER-12.0/instance-out.sql,231.27,240750.47,491.06,511186.47
CZ10/RSD&0&cDXGF&New&dxAC_equip/NE-dxAC-PkgAC-135to239-New-EER-12.5/instance-out.sql,231.17,240639.52,490.70,510815.90
CZ10/RSD&0&cDXGF&New&dxAC_equip/NE-dxAC-PkgAC-240to759-New-EER-9.8/instance-out.sql,231.65,241139.84,492.31,512486.96
CZ10/RSD&0&cDXGF&New&dxAC_equip/NE-dxAC-PkgAC-240to759-New-EER-10.8/instance-out.sql,231.37,240857.33,491.40,511543.38
CZ10/RSD&0&cDXGF&New&dxAC_equip/NE-dxAC-PkgAC-240to759-New-EER-11.5/instance-out.sql,231.21,240681.57,490.84,510956.36
CZ10/RSD&0&cDXGF&New&dxAC_equip/NE-dxAC-PkgAC-240to759-New-EER-12.5/instance-out.sql,231.00,240468.28,490.15,510243.95
CZ10/RSD&0&cDXGF&New&dxAC_equip/NE-dxAC-PkgAC-gt760-New-EER-9.5/instance-out.sql,231.58,241074.07,492.10,512267.29
CZ10/RSD&0&cDXGF&New&dxAC_equip/NE-dxAC-PkgAC-gt760-New-EER-10.2/instance-out.sql,231.38,240864.29,491.43,511566.62
CZ10/RSD&0&cDXGF&New&dxAC_equip/NE-dxAC-PkgAC-gt760-New-EER-11.0/instance-out.sql,231.19,240663.39,490.78,510895.61
CZ10/RSD&0&cDXGF&New&dxAC_equip/NE-dxAC-PkgAC-gt760-New-EER-12.0/instance-out.sql,230.98,240442.74,490.07,510158.67
CZ10/Rt3&0&cDXGF&New&dxAC_equip/NE-dxAC-PkgAC-65to134-New-EER-11.0/instance-out.sql,85.99,1917240.17,265.50,5919767.13
CZ10/Rt3&0&cDXGF&New&dxAC_equip/NE-dxAC-PkgAC-65to134-New-EER-11.5/instance-out.sql,85.38,1903699.52,263.47,5874541.35
CZ10/Rt3&0&cDXGF&New&dxAC_equip/NE-dxAC-PkgAC-65to134-New-EER-12.0/instance-out.sql,84.82,1891270.90,261.61,5833029.78
CZ10/Rt3&0&cDXGF&New&dxAC_equip/NE-dxAC-PkgAC-65to134-New-EER-12.5/instance-out.sql,84.31,1879822.73,259.89,5794792.89
CZ10/Rt3&0&cDXGF&New&dxAC_equip/NE-dxAC-PkgAC-65to134-New-EER-13.0/instance-out.sql,83.81,1868646.03,258.22,5757462.71
CZ10/Rt3&0&cDXGF&New&dxAC_equip/NE-dxAC-PkgAC-135to239-New-EER-10.8/instance-out.sql,85.95,1916410.21,265.38,5916995.07
CZ10/Rt3&0&cDXGF&New&dxAC_equip/NE-dxAC-PkgAC-135to239-New-EER-11.5/instance-out.sql,85.08,1896990.01,262.47,5852131.60
CZ10/Rt3&0&cDXGF&New&dxAC_equip/NE-dxAC-PkgAC-135to239-New-EER-12.0/instance-out.sql,84.55,1885095.48,260.68,5812403.87
CZ10/Rt3&0&cDXGF&New&dxAC_equip/NE-dxAC-PkgAC-135to239-New-EER-12.5/instance-out.sql,84.03,1873500.81,258.95,5773677.69
CZ10/Rt3&0&cDXGF&New&dxAC_equip/NE-dxAC-PkgAC-240to759-New-EER-9.8/instance-out.sql,86.37,1925786.49,266.78,5948311.85
CZ10/Rt3&0&cDXGF&New&dxAC_equip/NE-dxAC-PkgAC-240to759-New-EER-10.8/instance-out.sql,85.05,1896262.83,262.36,5849702.80
CZ10/Rt3&0&cDXGF&New&dxAC_equip/NE-dxAC-PkgAC-240to759-New-EER-11.5/instance-out.sql,84.22,1877895.57,259.61,5788356.16
CZ10/Rt3&0&cDXGF&New&dxAC_equip/NE-dxAC-PkgAC-240to759-New-EER-12.5/instance-out.sql,83.22,1855605.23,256.27,5713906.44
CZ10/Rt3&0&cDXGF&New&dxAC_equip/NE-dxAC-PkgAC-gt760-New-EER-9.5/instance-out.sql,86.06,1918913.26,265.75,5925355.25
CZ10/Rt3&0&cDXGF&New&dxAC_equip/NE-dxAC-PkgAC-gt760-New-EER-10.2/instance-out.sql,85.08,1896990.01,262.47,5852131.60
CZ10/Rt3&0&cDXGF&New&dxAC_equip/NE-dxAC-PkgAC-gt760-New-EER-11.0/instance-out.sql,84.14,1875994.86,259.32,5782007.80
CZ10/Rt3&0&cDXGF&New&dxAC_equip/NE-dxAC-PkgAC-gt760-New-EER-12.0/instance-out.sql,83.10,1852936.69,255.87,5704993.51
CZ10/RtL&0&cDXGF&New&dxAC_equip/NE-dxAC-PkgAC-65to134-New-EER-11.0/instance-out.sql,140.29,1700846.35,435.77,5283272.58
CZ10/RtL&0&cDXGF&New&dxAC_equip/NE-dxAC-PkgAC-65to134-New-EER-11.5/instance-out.sql,139.37,1689762.75,432.72,5246253.37
CZ10/RtL&0&cDXGF&New&dxAC_equip/NE-dxAC-PkgAC-65to134-New-EER-12.0/instance-out.sql,138.53,1679589.40,429.91,5212274.38
CZ10/RtL&0&cDXGF&New&dxAC_equip/NE-dxAC-PkgAC-65to134-New-EER-12.5/instance-out.sql,137.76,1670218.59,427.33,5180975.87
CZ10/RtL&0&cDXGF&New&dxAC_equip/NE-dxAC-PkgAC-65to134-New-EER-13.0/instance-out.sql,137.01,1661069.99,424.81,5150419.54
CZ10/RtL&0&cDXGF&New&dxAC_equip/NE-dxAC-PkgAC-135to239-New-EER-10.8/instance-out.sql,140.23,1700166.99,435.58,5281003.53
CZ10/RtL&0&cDXGF&New&dxAC_equip/NE-dxAC-PkgAC-135to239-New-EER-11.5/instance-out.sql,138.92,1684270.74,431.20,5227910.03
CZ10/RtL&0&cDXGF&New&dxAC_equip/NE-dxAC-PkgAC-135to239-New-EER-12.0/instance-out.sql,138.12,1674534.56,428.52,5195391.21
CZ10/RtL&0&cDXGF&New&dxAC_equip/NE-dxAC-PkgAC-135to239-New-EER-12.5/instance-out.sql,137.33,1665043.84,425.91,5163692.18
CZ10/RtL&0&cDXGF&New&dxAC_equip/NE-dxAC-PkgAC-240to759-New-EER-9.8/instance-out.sql,140.86,1707841.88,437.70,5306637.64
CZ10/RtL&0&cDXGF&New&dxAC_equip/NE-dxAC-PkgAC-240to759-New-EER-10.8/instance-out.sql,138.87,1683675.51,431.04,5225921.96
CZ10/RtL&0&cDXGF&New&dxAC_equip/NE-dxAC-PkgAC-240to759-New-EER-11.5/instance-out.sql,137.63,1668641.13,426.90,5175707.14
CZ10/RtL&0&cDXGF&New&dxAC_equip/NE-dxAC-PkgAC-240to759-New-EER-12.5/instance-out.sql,136.13,1650395.54,421.87,5114766.89
CZ10/RtL&0&cDXGF&New&dxAC_equip/NE-dxAC-PkgAC-gt760-New-EER-9.5/instance-out.sql,140.40,1702215.84,436.15,5287846.69
CZ10/RtL&0&cDXGF&New&dxAC_equip/NE-dxAC-PkgAC-gt760-New-EER-10.2/instance-out.sql,138.92,1684270.74,431.20,5227910.03
CZ10/RtL&0&cDXGF&New&dxAC_equip/NE-dxAC-PkgAC-gt760-New-EER-11.0/instance-out.sql,137.50,1667085.32,426.47,5170510.74
CZ10/RtL&0&cDXGF&New&dxAC_equip/NE-dxAC-PkgAC-gt760-New-EER-12.0/instance-out.sql,135.95,1648211.23,421.27,5107471.27
CZ10/RtS&0&cDXGF&New&dxAC_equip/NE-dxAC-PkgAC-65to134-New-EER-11.0/instance-out.sql,86.34,128365.39,254.72,378695.74
CZ10/RtS&0&cDXGF&New&dxAC_equip/NE-dxAC-PkgAC-65to134-New-EER-11.5/instance-out.sql,85.69,127396.69,252.55,375460.29
CZ10/RtS&0&cDXGF&New&dxAC_equip/NE-dxAC-PkgAC-65to134-New-EER-12.0/instance-out.sql,85.09,126507.55,250.55,372490.56
CZ10/RtS&0&cDXGF&New&dxAC_equip/NE-dxAC-PkgAC-65to134-New-EER-12.5/instance-out.sql,84.54,125688.54,248.71,369755.10
CZ10/RtS&0&cDXGF&New&dxAC_equip/NE-dxAC-PkgAC-65to134-New-EER-13.0/instance-out.sql,84.00,124888.96,246.91,367084.50
CZ10/RtS&0&cDXGF&New&dxAC_equip/NE-dxAC-PkgAC-135to239-New-EER-10.8/instance-out.sql,86.30,128306.01,254.59,378497.43
CZ10/RtS&0&cDXGF&New&dxAC_equip/NE-dxAC-PkgAC-135to239-New-EER-11.5/instance-out.sql,85.37,126916.69,251.47,373857.10
CZ10/RtS&0&cDXGF&New&dxAC_equip/NE-dxAC-PkgAC-135to239-New-EER-12.0/instance-out.sql,84.80,126065.76,249.56,371014.98
CZ10/RtS&0&cDXGF&New&dxAC_equip/NE-dxAC-PkgAC-135to239-New-EER-12.5/instance-out.sql,84.24,125236.28,247.69,368244.52
CZ10/RtS&0&cDXGF&New&dxAC_equip/NE-dxAC-PkgAC-240to759-New-EER-9.8/instance-out.sql,86.75,128976.79,256.10,380737.83
CZ10/RtS&0&cDXGF&New&dxAC_equip/NE-dxAC-PkgAC-240to759-New-EER-10.8/instance-out.sql,85.33,126864.67,251.35,373683.35
CZ10/RtS&0&cDXGF&New&dxAC_equip/NE-dxAC-PkgAC-240to759-New-EER-11.5/instance-out.sql,84.45,125550.68,248.40,369294.61
CZ10/RtS&0&cDXGF&New&dxAC_equip/NE-dxAC-PkgAC-240to759-New-EER-12.5/instance-out.sql,83.38,123956.03,244.82,363968.49
CZ10/RtS&0&cDXGF&New&dxAC_equip/NE-dxAC-PkgAC-gt760-New-EER-9.5/instance-out.sql,86.42,128485.08,254.99,379095.52
CZ10/RtS&0&cDXGF&New&dxAC_equip/NE-dxAC-PkgAC-gt760-New-EER-10.2/instance-out.sql,85.37,126916.69,251.47,373857.10
CZ10/RtS&0&cDXGF&New&dxAC_equip/NE-dxAC-PkgAC-gt760-New-EER-11.0/instance-out.sql,84.36,125414.70,248.09,368840.45
CZ10/RtS&0&cDXGF&New&dxAC_equip/NE-dxAC-PkgAC-gt760-New-EER-12.0/instance-out.sql,83.25,123765.12,244.39,363330.86
CZ10/SCn&0&cDXGF&New&dxAC_equip/NE-dxAC-PkgAC-65to134-New-EER-11.0/instance-out.sql,60.68,2818746.45,184.33,8562269.92
CZ10/SCn&0&cDXGF&New&dxAC_equip/NE-dxAC-PkgAC-65to134-New-EER-11.5/instance-out.sql,60.26,2799338.33,182.94,8497446.80
CZ10/SCn&0&cDXGF&New&dxAC_equip/NE-dxAC-PkgAC-65to134-New-EER-12.0/instance-out.sql,59.88,2781524.12,181.65,8437947.33
CZ10/SCn&0&cDXGF&New&dxAC_equip/NE-dxAC-PkgAC-65to134-New-EER-12.5/instance-out.sql,59.53,2765115.20,180.47,8383141.55
CZ10/SCn&0&cDXGF&New&dxAC_equip/NE-dxAC-PkgAC-65to134-New-EER-13.0/instance-out.sql,59.18,2749095.39,179.32,8329635.37
CZ10/SCn&0&cDXGF&New&dxAC_equip/NE-dxAC-PkgAC-135to239-New-EER-10.8/instance-out.sql,60.66,2817556.85,184.25,8558296.66
CZ10/SCn&0&cDXGF&New&dxAC_equip/NE-dxAC-PkgAC-135to239-New-EER-11.5/instance-out.sql,60.06,2789721.44,182.24,8465326.40
CZ10/SCn&0&cDXGF&New&dxAC_equip/NE-dxAC-PkgAC-135to239-New-EER-12.0/instance-out.sql,59.69,2772672.75,181.02,8408383.76
CZ10/SCn&0&cDXGF&New&dxAC_equip/NE-dxAC-PkgAC-135to239-New-EER-12.5/instance-out.sql,59.33,2756053.85,179.82,8352876.65
CZ10/SCn&0&cDXGF&New&dxAC_equip/NE-dxAC-PkgAC-240to759-New-EER-9.8/instance-out.sql,60.95,2830996.09,185.21,8603183.71
CZ10/SCn&0&cDXGF&New&dxAC_equip/NE-dxAC-PkgAC-240to759-New-EER-10.8/instance-out.sql,60.04,2788679.15,182.17,8461845.15
CZ10/SCn&0&cDXGF&New&dxAC_equip/NE-dxAC-PkgAC-240to759-New-EER-11.5/instance-out.sql,59.47,2762352.95,180.28,8373915.64
CZ10/SCn&0&cDXGF&New&dxAC_equip/NE-dxAC-PkgAC-240to759-New-EER-12.5/instance-out.sql,58.78,2730403.72,177.98,8267205.19
CZ10/SCn&0&cDXGF&New&dxAC_equip/NE-dxAC-PkgAC-gt760-New-EER-9.5/instance-out.sql,60.73,2821144.52,184.50,8570279.49
CZ10/SCn&0&cDXGF&New&dxAC_equip/NE-dxAC-PkgAC-gt760-New-EER-10.2/instance-out.sql,60.06,2789721.44,182.24,8465326.40
CZ10/SCn&0&cDXGF&New&dxAC_equip/NE-dxAC-PkgAC-gt760-New-EER-11.0/instance-out.sql,59.41,2759628.63,180.08,8364816.40
CZ10/SCn&0&cDXGF&New&dxAC_equip/NE-dxAC-PkgAC-gt760-New-EER-12.0/instance-out.sql,58.70,2726578.83,177.70,8254430.08

File Name,Total (kWh),Heating (kWh),Cooling (kWh),Interior Lighting (kWh),Exterior Lighting (kWh),Interior Equipment (kWh),Exterior Equipment (kWh),Fans (kWh),Pumps (kWh),Heat Rejection (kWh),Humidification (kWh),Heat Recovery (kWh),Water Systems (kWh),Refrigeration (kWh),Generators (kWh),Heating Elec (kWh),Cooling Elec (kWh),Heating NG (kWh),Cooling NG (kWh),Interior Equipment Elec (kWh),Interior Equipment NG (kWh)
CZ09/Asm&0&cDXGF&New&dxAC_equip/NE-dxAC-PkgAC-65to134-New-EER-11.0/instance-out.sql,590037.92,52439.3,107509.14,76844.55,0.0,145823.51,0.0,186374.72,3.36,0.0,0.0,0.0,21043.35,0.0,0.0,0.00,107509.14,52439.30,0.00,145823.51,0.00
CZ09/Asm&0&cDXGF&New&dxAC_equip/NE-dxAC-PkgAC-65to134-New-EER-11.5/instance-out.sql,585434.28,52439.3,102905.49,76844.55,0.0,145823.51,0.0,186374.72,3.36,0.0,0.0,0.0,21043.35,0.0,0.0,0.00,102905.49,52439.30,0.00,145823.51,0.00
CZ09/Asm&0&cDXGF&New&dxAC_equip/NE-dxAC-PkgAC-65to134-New-EER-12.0/instance-out.sql,581208.71,52439.3,98679.92,76844.55,0.0,145823.51,0.0,186374.72,3.36,0.0,0.0,0.0,21043.35,0.0,0.0,0.00,98679.92,52439.30,0.00,145823.51,0.00
CZ09/Asm&0&cDXGF&New&dxAC_equip/NE-dxAC-PkgAC-65to134-New-EER-12.5/instance-out.sql,577316.48,52439.3,94787.7,76844.55,0.0,145823.51,0.0,186374.72,3.36,0.0,0.0,0.0,21043.35,0.0,0.0,0.00,94787.70,52439.30,0.00,145823.51,0.00
CZ09/Asm&0&cDXGF&New&dxAC_equip/NE-dxAC-PkgAC-65to134-New-EER-13.0/instance-out.sql,573516.55,52439.3,90987.76,76844.55,0.0,145823.51,0.0,186374.72,3.36,0.0,0.0,0.0,21043.35,0.0,0.0,0.00,90987.76,52439.30,0.00,145823.51,0.00
CZ09/Asm&0&cDXGF&New&dxAC_equip/NE-dxAC-PkgAC-135to239-New-EER-10.8/instance-out.sql,589755.75,52439.3,107226.96,76844.55,0.0,145823.51,0.0,186374.72,3.36,0.0,0.0,0.0,21043.35,0.0,0.0,0.00,107226.96,52439.30,0.00,145823.51,0.00
CZ09/Asm&0&cDXGF&New&dxAC_equip/NE-dxAC-PkgAC-135to239-New-EER-11.5/instance-out.sql,583153.13,52439.3,100624.35,76844.55,0.0,145823.51,0.0,186374.72,3.36,0.0,0.0,0.0,21043.35,0.0,0.0,0.00,100624.35,52439.30,0.00,145823.51,0.00
CZ09/Asm&0&cDXGF&New&dxAC_equip/NE-dxAC-PkgAC-135to239-New-EER-12.0/instance-out.sql,579109.15,52439.3,96580.36,76844.55,0.0,145823.51,0.0,186374.72,3.36,0.0,0.0,0.0,21043.35,0.0,0.0,0.00,96580.36,52439.30,0.00,145823.51,0.00
CZ09/Asm&0&cDXGF&New&dxAC_equip/NE-dxAC-PkgAC-135to239-New-EER-12.5/instance-out.sql,575167.11,52439.3,92638.33,76844.55,0.0,145823.51,0.0,186374.72,3.36,0.0,0.0,0.0,21043.35,0.0,0.0,0.00,92638.33,52439.30,0.00,145823.51,0.00
CZ09/Asm&0&cDXGF&New&dxAC_equip/NE-dxAC-PkgAC-240to759-New-EER-9.8/instance-out.sql,592943.5599999999,52439.3,110414.78,76844.55,0.0,145823.51,0.0,186374.72,3.36,0.0,0.0,0.0,21043.35,0.0,0.0,0.00,110414.78,52439.30,0.00,145823.51,0.00
CZ09/Asm&0&cDXGF&New&dxAC_equip/NE-dxAC-PkgAC-240to759-New-EER-10.8/instance-out.sql,582905.9,52439.3,100377.11,76844.55,0.0,145823.51,0.0,186374.72,3.36,0.0,0.0,0.0,21043.35,0.0,0.0,0.00,100377.11,52439.30,0.00,145823.51,0.00
CZ09/Asm&0&cDXGF&New&dxAC_equip/NE-dxAC-PkgAC-240to759-New-EER-11.5/instance-out.sql,576661.27,52439.3,94132.49,76844.55,0.0,145823.51,0.0,186374.72,3.36,0.0,0.0,0.0,21043.35,0.0,0.0,0.00,94132.49,52439.30,0.00,145823.51,0.00
CZ09/Asm&0&cDXGF&New&dxAC_equip/NE-dxAC-PkgAC-240to759-New-EER-12.5/instance-out.sql,569082.85,52439.3,86554.06,76844.55,0.0,145823.51,0.0,186374.72,3.36,0.0,0.0,0.0,21043.35,0.0,0.0,0.00,86554.06,52439.30,0.00,145823.51,0.00
CZ09/Asm&0&cDXGF&New&dxAC_equip/NE-dxAC-PkgAC-gt760-New-EER-9.5/instance-out.sql,590606.75,52439.3,108077.97,76844.55,0.0,145823.51,0.0,186374.72,3.36,0.0,0.0,0.0,21043.35,0.0,0.0,0.00,108077.97,52439.30,0.00,145823.51,0.00
CZ09/Asm&0&cDXGF&New&dxAC_equip/NE-dxAC-PkgAC-gt760-New-EER-10.2/instance-out.sql,583153.13,52439.3,100624.35,76844.55,0.0,145823.51,0.0,186374.72,3.36,0.0,0.0,0.0,21043.35,0.0,0.0,0.00,100624.35,52439.30,0.00,145823.51,0.00
CZ09/Asm&0&cDXGF&New&dxAC_equip/NE-dxAC-PkgAC-gt760-New-EER-11.0/instance-out.sql,576015.0599999999,52439.3,93486.27,76844.55,0.0,145823.51,0.0,186374.72,3.36,0.0,0.0,0.0,21043.35,0.0,0.0,0.00,93486.27,52439.30,0.00,145823.51,0.00
CZ09/Asm&0&cDXGF&New&dxAC_equip/NE-dxAC-PkgAC-gt760-New-EER-12.0/instance-out.sql,568175.58,52439.3,85646.79,76844.55,0.0,145823.51,0.0,186374.72,3.36,0.0,0.0,0.0,21043.35,0.0,0.0,0.00,85646.79,52439.30,0.00,145823.51,0.00
CZ09/ECC&0&cDXGF&New&dxAC_equip/NE-dxAC-PkgAC-65to134-New-EER-11.0/instance-out.sql,2394864.35,18238.65,299476.25,167224.54,0.0,1013813.91,0.0,489543.58,988.26,0.0,0.0,0.0,405579.15,0.0,0.0,0.00,299476.25,18238.65,0.00,945189.93,68623.98
CZ09/ECC&0&cDXGF&New&dxAC_equip/NE-dxAC-PkgAC-65to134-New-EER-11.5/instance-out.sql,2385138.01,18238.65,289749.91,167224.54,0.0,1013813.91,0.0,489543.58,988.26,0.0,0.0,0.0,405579.15,0.0,0.0,0.00,289749.91,18238.65,0.00,945189.93,68623.98
CZ09/ECC&0&cDXGF&New&dxAC_equip/NE-dxAC-PkgAC-65to134-New-EER-12.0/instance-out.sql,2376210.46,18238.65,280822.35,167224.54,0.0,1013813.91,0.0,489543.58,988.26,0.0,0.0,0.0,405579.15,0.0,0.0,0.00,280822.35,18238.65,0.00,945189.93,68623.98
CZ09/ECC&0&cDXGF&New&dxAC_equip/NE-dxAC-PkgAC-65to134-New-EER-12.5/instance-out.sql,2367987.16,18238.65,272599.06,167224.54,0.0,1013813.91,0.0,489543.58,988.26,0.0,0.0,0.0,405579.15,0.0,0.0,0.00,272599.06,18238.65,0.00,945189.93,68623.98
CZ09/ECC&0&cDXGF&New&dxAC_equip/NE-dxAC-PkgAC-65to134-New-EER-13.0/instance-out.sql,2359958.8600000003,18238.65,264570.76,167224.54,0.0,1013813.91,0.0,489543.58,988.26,0.0,0.0,0.0,405579.15,0.0,0.0,0.00,264570.76,18238.65,0.00,945189.93,68623.98
CZ09/ECC&0&cDXGF&New&dxAC_equip/NE-dxAC-PkgAC-135to239-New-EER-10.8/instance-out.sql,2394268.19,18238.65,298880.09,167224.54,0.0,1013813.91,0.0,489543.58,988.26,0.0,0.0,0.0,405579.15,0.0,0.0,0.00,298880.09,18238.65,0.00,945189.93,68623.98
CZ09/ECC&0&cDXGF&New&dxAC_equip/NE-dxAC-PkgAC-135to239-New-EER-11.5/instance-out.sql,2380318.5300000003,18238.65,284930.43,167224.54,0.0,1013813.91,0.0,489543.58,988.26,0.0,0.0,0.0,405579.15,0.0,0.0,0.00,284930.43,18238.65,0.00,945189.93,68623.98
CZ09/ECC&0&cDXGF&New&dxAC_equip/NE-dxAC-PkgAC-135to239-New-EER-12.0/instance-out.sql,2371774.6100000003,18238.65,276386.51,167224.54,0.0,1013813.91,0.0,489543.58,988.26,0.0,0.0,0.0,405579.15,0.0,0.0,0.00,276386.51,18238.65,0.00,945189.93,68623.98
CZ09/ECC&0&cDXGF&New&dxAC_equip/NE-dxAC-PkgAC-135to239-New-EER-12.5/instance-out.sql,2363446.08,18238.65,268057.98,167224.54,0.0,1013813.91,0.0,489543.58,988.26,0.0,0.0,0.0,405579.15,0.0,0.0,0.00,268057.98,18238.65,0.00,945189.93,68623.98
CZ09/ECC&0&cDXGF&New&dxAC_equip/NE-dxAC-PkgAC-240to759-New-EER-9.8/instance-out.sql,2401003.24,18238.65,305615.14,167224.54,0.0,1013813.91,0.0,489543.58,988.26,0.0,0.0,0.0,405579.15,0.0,0.0,0.00,305615.14,18238.65,0.00,945189.93,68623.98
CZ09/ECC&0&cDXGF&New&dxAC_equip/NE-dxAC-PkgAC-240to759-New-EER-10.8/instance-out.sql,2379796.19,18238.65,284408.09,167224.54,0.0,1013813.91,0.0,489543.58,988.26,0.0,0.0,0.0,405579.15,0.0,0.0,0.00,284408.09,18238.65,0.00,945189.93,68623.98
CZ09/ECC&0&cDXGF&New&dxAC_equip/NE-dxAC-PkgAC-240to759-New-EER-11.5/instance-out.sql,2366602.8600000003,18238.65,271214.76,167224.54,0.0,1013813.91,0.0,489543.58,988.26,0.0,0.0,0.0,405579.15,0.0,0.0,0.00,271214.76,18238.65,0.00,945189.93,68623.98
CZ09/ECC&0&cDXGF&New&dxAC_equip/NE-dxAC-PkgAC-240to759-New-EER-12.5/instance-out.sql,2350591.5700000003,18238.65,255203.46,167224.54,0.0,1013813.91,0.0,489543.58,988.26,0.0,0.0,0.0,405579.15,0.0,0.0,0.00,255203.46,18238.65,0.00,945189.93,68623.98
CZ09/ECC&0&cDXGF&New&dxAC_equip/NE-dxAC-PkgAC-gt760-New-EER-9.5/instance-out.sql,2396066.1500000004,18238.65,300678.04,167224.54,0.0,1013813.91,0.0,489543.58,988.26,0.0,0.0,0.0,405579.15,0.0,0.0,0.00,300678.04,18238.65,0.00,945189.93,68623.98
CZ09/ECC&0&cDXGF&New&dxAC_equip/NE-dxAC-PkgAC-gt760-New-EER-10.2/instance-out.sql,2380318.5300000003,18238.65,284930.43,167224.54,0.0,1013813.91,0.0,489543.58,988.26,0.0,0.0,0.0,405579.15,0.0,0.0,0.00,284930.43,18238.65,0.00,945189.93,68623.98
CZ09/ECC&0&cDXGF&New&dxAC_equip/NE-dxAC-PkgAC-gt760-New-EER-11.0/instance-out.sql,2365237.5700000003,18238.65,269849.47,167224.54,0.0,1013813.91,0.0,489543.58,988.26,0.0,0.0,0.0,405579.15,0.0,0.0,0.00,269849.47,18238.65,0.00,945189.93,68623.98
CZ09/ECC&0&cDXGF&New&dxAC_equip/NE-dxAC-PkgAC-gt760-New-EER-12.0/instance-out.sql,2348674.73,18238.65,253286.63,167224.54,0.0,1013813.91,0.0,489543.58,988.26,0.0,0.0,0.0,405579.15,0.0,0.0,0.00,253286.63,18238.65,0.00,945189.93,68623.98
CZ09/EPr&0&cDXGF&New&dxAC_equip/NE-dxAC-PkgAC-65to134-New-EER-11.0/instance-out.sql,345679.16000000003,5260.5,45122.89,30835.78,0.0,125897.03,0.0,60675.95,3.37,0.0,0.0,0.0,77883.63,0.0,0.0,0.00,45122.89,5260.50,0.00,83226.75,42670.28
CZ09/EPr&0&cDXGF&New&dxAC_equip/NE-dxAC-PkgAC-65to134-New-EER-11.5/instance-out.sql,344242.01,5260.5,43685.75,30835.78,0.0,125897.03,0.0,60675.95,3.37,0.0,0.0,0.0,77883.63,0.0,0.0,0.00,43685.75,5260.50,0.00,83226.75,42670.28
CZ09/EPr&0&cDXGF&New&dxAC_equip/NE-dxAC-PkgAC-65to134-New-EER-12.0/instance-out.sql,342922.89,5260.5,42366.63,30835.78,0.0,125897.03,0.0,60675.95,3.37,0.0,0.0,0.0,77883.63,0.0,0.0,0.00,42366.63,5260.50,0.00,83226.75,42670.28
CZ09/EPr&0&cDXGF&New&dxAC_equip/NE-dxAC-PkgAC-65to134-New-EER-12.5/instance-out.sql,341707.83,5260.5,41151.57,30835.78,0.0,125897.03,0.0,60675.95,3.37,0.0,0.0,0.0,77883.63,0.0,0.0,0.00,41151.57,5260.50,0.00,83226.75,42670.28
CZ09/EPr&0&cDXGF&New&dxAC_equip/NE-dxAC-PkgAC-65to134-New-EER-13.0/instance-out.sql,340521.58999999997,5260.5,39965.32,30835.78,0.0,125897.03,0.0,60675.95,3.37,0.0,0.0,0.0,77883.63,0.0,0.0,0.00,39965.32,5260.50,0.00,83226.75,42670.28
CZ09/EPr&0&cDXGF&New&dxAC_equip/NE-dxAC-PkgAC-135to239-New-EER-10.8/instance-out.sql,345591.07,5260.5,45034.8,30835.78,0.0,125897.03,0.0,60675.95,3.37,0.0,0.0,0.0,77883.63,0.0,0.0,0.00,45034.80,5260.50,0.00,83226.75,42670.28
CZ09/EPr&0&cDXGF&New&dxAC_equip/NE-dxAC-PkgAC-135to239-New-EER-11.5/instance-out.sql,343529.89,5260.5,42973.63,30835.78,0.0,125897.03,0.0,60675.95,3.37,0.0,0.0,0.0,77883.63,0.0,0.0,0.00,42973.63,5260.50,0.00,83226.75,42670.28
CZ09/EPr&0&cDXGF&New&dxAC_equip/NE-dxAC-PkgAC-135to239-New-EER-12.0/instance-out.sql,342267.45999999996,5260.5,41711.2,30835.78,0.0,125897.03,0.0,60675.95,3.37,0.0,0.0,0.0,77883.63,0.0,0.0,0.00,41711.20,5260.50,0.00,83226.75,42670.28
CZ09/EPr&0&cDXGF&New&dxAC_equip/NE-dxAC-PkgAC-135to239-New-EER-12.5/instance-out.sql,341036.85,5260.5,40480.59,30835.78,0.0,125897.03,0.0,60675.95,3.37,0.0,0.0,0.0,77883.63,0.0,0.0,0.00,40480.59,5260.50,0.00,83226.75,42670.28
CZ09/EPr&0&cDXGF&New&dxAC_equip/NE-dxAC-PkgAC-240to759-New-EER-9.8/instance-out.sql,346586.22,5260.5,46029.96,30835.78,0.0,125897.03,0.0,60675.95,3.37,0.0,0.0,0.0,77883.63,0.0,0.0,0.00,46029.96,5260.50,0.00,83226.75,42670.28
CZ09/EPr&0&cDXGF&New&dxAC_equip/NE-dxAC-PkgAC-240to759-New-EER-10.8/instance-out.sql,343452.70999999996,5260.5,42896.45,30835.78,0.0,125897.03,0.0,60675.95,3.37,0.0,0.0,0.0,77883.63,0.0,0.0,0.00,42896.45,5260.50,0.00,83226.75,42670.28
CZ09/EPr&0&cDXGF&New&dxAC_equip/NE-dxAC-PkgAC-240to759-New-EER-11.5/instance-out.sql,341503.29000000004,5260.5,40947.03,30835.78,0.0,125897.03,0.0,60675.95,3.37,0.0,0.0,0.0,77883.63,0.0,0.0,0.00,40947.03,5260.50,0.00,83226.75,42670.28
CZ09/EPr&0&cDXGF&New&dxAC_equip/NE-dxAC-PkgAC-240to759-New-EER-12.5/instance-out.sql,339137.5,5260.5,38581.23,30835.78,0.0,125897.03,0.0,60675.95,3.37,0.0,0.0,0.0,77883.63,0.0,0.0,0.00,38581.23,5260.50,0.00,83226.75,42670.28
CZ09/EPr&0&cDXGF&New&dxAC_equip/NE-dxAC-PkgAC-gt760-New-EER-9.5/instance-out.sql,345856.73,5260.5,45300.47,30835.78,0.0,125897.03,0.0,60675.95,3.37,0.0,0.0,0.0,77883.63,0.0,0.0,0.00,45300.47,5260.50,0.00,83226.75,42670.28
CZ09/EPr&0&cDXGF&New&dxAC_equip/NE-dxAC-PkgAC-gt760-New-EER-10.2/instance-out.sql,343529.89,5260.5,42973.63,30835.78,0.0,125897.03,0.0,60675.95,3.37,0.0,0.0,0.0,77883.63,0.0,0.0,0.00,42973.63,5260.50,0.00,83226.75,42670.28
CZ09/EPr&0&cDXGF&New&dxAC_equip/NE-dxAC-PkgAC-gt760-New-EER-11.0/instance-out.sql,341301.56,5260.5,40745.3,30835.78,0.0,125897.03,0.0,60675.95,3.37,0.0,0.0,0.0,77883.63,0.0,0.0,0.00,40745.30,5260.50,0.00,83226.75,42670.28
CZ09/EPr&0&cDXGF&New&dxAC_equip/NE-dxAC-PkgAC-gt760-New-EER-12.0/instance-out.sql,338854.27,5260.5,38298.0,30835.78,0.0,125897.03,0.0,60675.95,3.37,0.0,0.0,0.0,77883.63,0.0,0.0,0.00,38298.00,5260.50,0.00,83226.75,42670.28
CZ09/ERC&0&cDXGF&New&dxAC_equip/NE-dxAC-PkgAC-65to134-New-EER-11.0/instance-out.sql,16689.07,345.3,1346.86,1016.35,0.0,2196.82,0.0,2776.25,3.36,0.0,0.0,0.0,9004.12,0.0,0.0,0.00,1346.86,345.30,0.00,2196.82,0.00
CZ09/ERC&0&cDXGF&New&dxAC_equip/NE-dxAC-PkgAC-65to134-New-EER-11.5/instance-out.sql,16631.4,345.3,1289.19,1016.35,0.0,2196.82,0.0,2776.25,3.36,0.0,0.0,0.0,9004.12,0.0,0.0,0.00,1289.19,345.30,0.00,2196.82,0.00
CZ09/ERC&0&cDXGF&New&dxAC_equip/NE-dxAC-PkgAC-65to134-New-EER-12.0/instance-out.sql,16578.47,345.3,1236.26,1016.35,0.0,2196.82,0.0,2776.25,3.36,0.0,0.0,0.0,9004.12,0.0,0.0,0.00,1236.26,345.30,0.00,2196.82,0.00
CZ09/ERC&0&cDXGF&New&dxAC_equip/NE-dxAC-PkgAC-65to134-New-EER-12.5/instance-out.sql,16529.71,345.3,1187.5,1016.35,0.0,2196.82,0.0,2776.25,3.36,0.0,0.0,0.0,9004.12,0.0,0.0,0.00,1187.50,345.30,0.00,2196.82,0.00
CZ09/ERC&0&cDXGF&New&dxAC_equip/NE-dxAC-PkgAC-65to134-New-EER-13.0/instance-out.sql,16482.11,345.3,1139.9,1016.35,0.0,2196.82,0.0,2776.25,3.36,0.0,0.0,0.0,9004.12,0.0,0.0,0.00,1139.90,345.30,0.00,2196.82,0.00
CZ09/ERC&0&cDXGF&New&dxAC_equip/NE-dxAC-PkgAC-135to239-New-EER-10.8/instance-out.sql,16685.54,345.3,1343.33,1016.35,0.0,2196.82,0.0,2776.25,3.36,0.0,0.0,0.0,9004.12,0.0,0.0,0.00,1343.33,345.30,0.00,2196.82,0.00
CZ09/ERC&0&cDXGF&New&dxAC_equip/NE-dxAC-PkgAC-135to239-New-EER-11.5/instance-out.sql,16602.82,345.3,1260.61,1016.35,0.0,2196.82,0.0,2776.25,3.36,0.0,0.0,0.0,9004.12,0.0,0.0,0.00,1260.61,345.30,0.00,2196.82,0.00
CZ09/ERC&0&cDXGF&New&dxAC_equip/NE-dxAC-PkgAC-135to239-New-EER-12.0/instance-out.sql,16552.17,345.3,1209.96,1016.35,0.0,2196.82,0.0,2776.25,3.36,0.0,0.0,0.0,9004.12,0.0,0.0,0.00,1209.96,345.30,0.00,2196.82,0.00
CZ09/ERC&0&cDXGF&New&dxAC_equip/NE-dxAC-PkgAC-135to239-New-EER-12.5/instance-out.sql,16502.78,345.3,1160.57,1016.35,0.0,2196.82,0.0,2776.25,3.36,0.0,0.0,0.0,9004.12,0.0,0.0,0.00,1160.57,345.30,0.00,2196.82,0.00
CZ09/ERC&0&cDXGF&New&dxAC_equip/NE-dxAC-PkgAC-240to759-New-EER-9.8/instance-out.sql,16725.47,345.3,1383.26,1016.35,0.0,2196.82,0.0,2776.25,3.36,0.0,0.0,0.0,9004.12,0.0,0.0,0.00,1383.26,345.30,0.00,2196.82,0.00
CZ09/ERC&0&cDXGF&New&dxAC_equip/NE-dxAC-PkgAC-240to759-New-EER-10.8/instance-out.sql,16599.73,345.3,1257.52,1016.35,0.0,2196.82,0.0,2776.25,3.36,0.0,0.0,0.0,9004.12,0.0,0.0,0.00,1257.52,345.30,0.00,2196.82,0.00
CZ09/ERC&0&cDXGF&New&dxAC_equip/NE-dxAC-PkgAC-240to759-New-EER-11.5/instance-out.sql,16521.5,345.3,1179.29,1016.35,0.0,2196.82,0.0,2776.25,3.36,0.0,0.0,0.0,9004.12,0.0,0.0,0.00,1179.29,345.30,0.00,2196.82,0.00
CZ09/ERC&0&cDXGF&New&dxAC_equip/NE-dxAC-PkgAC-240to759-New-EER-12.5/instance-out.sql,16426.57,345.3,1084.36,1016.35,0.0,2196.82,0.0,2776.25,3.36,0.0,0.0,0.0,9004.12,0.0,0.0,0.00,1084.36,345.30,0.00,2196.82,0.00
CZ09/ERC&0&cDXGF&New&dxAC_equip/NE-dxAC-PkgAC-gt760-New-EER-9.5/instance-out.sql,16696.2,345.3,1353.99,1016.35,0.0,2196.82,0.0,2776.25,3.36,0.0,0.0,0.0,9004.12,0.0,0.0,0.00,1353.99,345.30,0.00,2196.82,0.00
CZ09/ERC&0&cDXGF&New&dxAC_equip/NE-dxAC-PkgAC-gt760-New-EER-10.2/instance-out.sql,16602.82,345.3,1260.61,1016.35,0.0,2196.82,0.0,2776.25,3.36,0.0,0.0,0.0,9004.12,0.0,0.0,0.00,1260.61,345.30,0.00,2196.82,0.00
CZ09/ERC&0&cDXGF&New&dxAC_equip/NE-dxAC-PkgAC-gt760-New-EER-11.0/instance-out.sql,16513.41,345.3,1171.2,1016.35,0.0,2196.82,0.0,2776.25,3.36,0.0,0.0,0.0,9004.12,0.0,0.0,0.00,1171.20,345.30,0.00,2196.82,0.00
CZ09/ERC&0&cDXGF&New&dxAC_equip/NE-dxAC-PkgAC-gt760-New-EER-12.0/instance-out.sql,16415.2,345.3,1072.99,1016.35,0.0,2196.82,0.0,2776.25,3.36,0.0,0.0,0.0,9004.12,0.0,0.0,0.00,1072.99,345.30,0.00,2196.82,0.00
CZ09/ESe&0&cDXGF&New&dxAC_equip/NE-dxAC-PkgAC-65to134-New-EER-11.0/instance-out.sql,1018124.83,36320.06,135754.14,94750.45,0.0,323176.74,0.0,216006.28,3.39,0.0,0.0,0.0,212113.78,0.0,0.0,0.00,135754.14,36320.06,0.00,259085.82,64090.92
CZ09/ESe&0&cDXGF&New&dxAC_equip/NE-dxAC-PkgAC-65to134-New-EER-11.5/instance-out.sql,1016424.09,36320.06,134053.4,94750.45,0.0,323176.74,0.0,216006.28,3.39,0.0,0.0,0.0,212113.78,0.0,0.0,0.00,134053.40,36320.06,0.00,259085.82,64090.92
CZ09/ESe&0&cDXGF&New&dxAC_equip/NE-dxAC-PkgAC-65to134-New-EER-12.0/instance-out.sql,1014863.03,36320.06,132492.34,94750.45,0.0,323176.74,0.0,216006.28,3.39,0.0,0.0,0.0,212113.78,0.0,0.0,0.00,132492.34,36320.06,0.00,259085.82,64090.92
CZ09/ESe&0&cDXGF&New&dxAC_equip/NE-dxAC-PkgAC-65to134-New-EER-12.5/instance-out.sql,1013425.11,36320.06,131054.42,94750.45,0.0,323176.74,0.0,216006.28,3.39,0.0,0.0,0.0,212113.78,0.0,0.0,0.00,131054.42,36320.06,0.00,259085.82,64090.92
CZ09/ESe&0&cDXGF&New&dxAC_equip/NE-dxAC-PkgAC-65to134-New-EER-13.0/instance-out.sql,1012021.29,36320.06,129650.6,94750.45,0.0,323176.74,0.0,216006.28,3.39,0.0,0.0,0.0,212113.78,0.0,0.0,0.00,129650.60,36320.06,0.00,259085.82,64090.92
CZ09/ESe&0&cDXGF&New&dxAC_equip/NE-dxAC-PkgAC-135to239-New-EER-10.8/instance-out.sql,1018020.59,36320.06,135649.9,94750.45,0.0,323176.74,0.0,216006.28,3.39,0.0,0.0,0.0,212113.78,0.0,0.0,0.00,135649.90,36320.06,0.00,259085.82,64090.92
CZ09/ESe&0&cDXGF&New&dxAC_equip/NE-dxAC-PkgAC-135to239-New-EER-11.5/instance-out.sql,1015581.36,36320.06,133210.67,94750.45,0.0,323176.74,0.0,216006.28,3.39,0.0,0.0,0.0,212113.78,0.0,0.0,0.00,133210.67,36320.06,0.00,259085.82,64090.92
CZ09/ESe&0&cDXGF&New&dxAC_equip/NE-dxAC-PkgAC-135to239-New-EER-12.0/instance-out.sql,1014087.38,36320.06,131716.69,94750.45,0.0,323176.74,0.0,216006.28,3.39,0.0,0.0,0.0,212113.78,0.0,0.0,0.00,131716.69,36320.06,0.00,259085.82,64090.92
CZ09/ESe&0&cDXGF&New&dxAC_equip/NE-dxAC-PkgAC-135to239-New-EER-12.5/instance-out.sql,1012631.06,36320.06,130260.37,94750.45,0.0,323176.74,0.0,216006.28,3.39,0.0,0.0,0.0,212113.78,0.0,0.0,0.00,130260.37,36320.06,0.00,259085.82,64090.92
CZ09/ESe&0&cDXGF&New&dxAC_equip/NE-dxAC-PkgAC-240to759-New-EER-9.8/instance-out.sql,1019198.27,36320.06,136827.58,94750.45,0.0,323176.74,0.0,216006.28,3.39,0.0,0.0,0.0,212113.78,0.0,0.0,0.00,136827.58,36320.06,0.00,259085.82,64090.92
CZ09/ESe&0&cDXGF&New&dxAC_equip/NE-dxAC-PkgAC-240to759-New-EER-10.8/instance-out.sql,1015490.03,36320.06,133119.34,94750.45,0.0,323176.74,0.0,216006.28,3.39,0.0,0.0,0.0,212113.78,0.0,0.0,0.00,133119.34,36320.06,0.00,259085.82,64090.92
CZ09/ESe&0&cDXGF&New&dxAC_equip/NE-dxAC-PkgAC-240to759-New-EER-11.5/instance-out.sql,1013183.06,36320.06,130812.36,94750.45,0.0,323176.74,0.0,216006.28,3.39,0.0,0.0,0.0,212113.78,0.0,0.0,0.00,130812.36,36320.06,0.00,259085.82,64090.92
CZ09/ESe&0&cDXGF&New&dxAC_equip/NE-dxAC-PkgAC-240to759-New-EER-12.5/instance-out.sql,1010383.34,36320.06,128012.65,94750.45,0.0,323176.74,0.0,216006.28,3.39,0.0,0.0,0.0,212113.78,0.0,0.0,0.00,128012.65,36320.06,0.00,259085.82,64090.92
CZ09/ESe&0&cDXGF&New&dxAC_equip/NE-dxAC-PkgAC-gt760-New-EER-9.5/instance-out.sql,1018334.98,36320.06,135964.28,94750.45,0.0,323176.74,0.0,216006.28,3.39,0.0,0.0,0.0,212113.78,0.0,0.0,0.00,135964.28,36320.06,0.00,259085.82,64090.92
CZ09/ESe&0&cDXGF&New&dxAC_equip/NE-dxAC-PkgAC-gt760-New-EER-10.2/instance-out.sql,1015581.36,36320.06,133210.67,94750.45,0.0,323176.74,0.0,216006.28,3.39,0.0,0.0,0.0,212113.78,0.0,0.0,0.00,133210.67,36320.06,0.00,259085.82,64090.92
CZ09/ESe&0&cDXGF&New&dxAC_equip/NE-dxAC-PkgAC-gt760-New-EER-11.0/instance-out.sql,1012944.32,36320.06,130573.63,94750.45,0.0,323176.74,0.0,216006.28,3.39,0.0,0.0,0.0,212113.78,0.0,0.0,0.00,130573.63,36320.06,0.00,259085.82,64090.92
CZ09/ESe&0&cDXGF&New&dxAC_equip/NE-dxAC-PkgAC-gt760-New-EER-12.0/instance-out.sql,1010048.16,36320.06,127677.47,94750.45,0.0,323176.74,0.0,216006.28,3.39,0.0,0.0,0.0,212113.78,0.0,0.0,0.00,127677.47,36320.06,0.00,259085.82,64090.92
CZ09/EUn&0&cDXGF&New&dxAC_equip/NE-dxAC-PkgAC-65to134-New-EER-11.0/instance-out.sql,7358011.81,32482.04,853684.65,644388.1,0.0,3682881.23,0.0,1459416.06,3.37,0.0,0.0,0.0,685156.35,0.0,0.0,0.00,853684.65,32482.04,0.00,3555459.15,127422.08
CZ09/EUn&0&cDXGF&New&dxAC_equip/NE-dxAC-PkgAC-65to134-New-EER-11.5/instance-out.sql,7333426.37,32482.04,829099.21,644388.1,0.0,3682881.23,0.0,1459416.06,3.37,0.0,0.0,0.0,685156.35,0.0,0.0,0.00,829099.21,32482.04,0.00,3555459.15,127422.08
CZ09/EUn&0&cDXGF&New&dxAC_equip/NE-dxAC-PkgAC-65to134-New-EER-12.0/instance-out.sql,7310860.02,32482.04,806532.87,644388.1,0.0,3682881.23,0.0,1459416.06,3.37,0.0,0.0,0.0,685156.35,0.0,0.0,0.00,806532.87,32482.04,0.00,3555459.15,127422.08
CZ09/EUn&0&cDXGF&New&dxAC_equip/NE-dxAC-PkgAC-65to134-New-EER-12.5/instance-out.sql,7290073.85,32482.04,785746.7,644388.1,0.0,3682881.23,0.0,1459416.06,3.37,0.0,0.0,0.0,685156.35,0.0,0.0,0.00,785746.70,32482.04,0.00,3555459.15,127422.08
CZ09/EUn&0&cDXGF&New&dxAC_equip/NE-dxAC-PkgAC-65to134-New-EER-13.0/instance-out.sql,7269780.58,32482.04,765453.43,644388.1,0.0,3682881.23,0.0,1459416.06,3.37,0.0,0.0,0.0,685156.35,0.0,0.0,0.00,765453.43,32482.04,0.00,3555459.15,127422.08
CZ09/EUn&0&cDXGF&New&dxAC_equip/NE-dxAC-PkgAC-135to239-New-EER-10.8/instance-out.sql,7356504.87,32482.04,852177.72,644388.1,0.0,3682881.23,0.0,1459416.06,3.37,0.0,0.0,0.0,685156.35,0.0,0.0,0.00,852177.72,32482.04,0.00,3555459.15,127422.08
CZ09/EUn&0&cDXGF&New&dxAC_equip/NE-dxAC-PkgAC-135to239-New-EER-11.5/instance-out.sql,7321244.069999999,32482.04,816916.92,644388.1,0.0,3682881.23,0.0,1459416.06,3.37,0.0,0.0,0.0,685156.35,0.0,0.0,0.00,816916.92,32482.04,0.00,3555459.15,127422.08
CZ09/EUn&0&cDXGF&New&dxAC_equip/NE-dxAC-PkgAC-135to239-New-EER-12.0/instance-out.sql,7299647.46,32482.04,795320.3,644388.1,0.0,3682881.23,0.0,1459416.06,3.37,0.0,0.0,0.0,685156.35,0.0,0.0,0.00,795320.30,32482.04,0.00,3555459.15,127422.08
CZ09/EUn&0&cDXGF&New&dxAC_equip/NE-dxAC-PkgAC-135to239-New-EER-12.5/instance-out.sql,7278595.29,32482.04,774268.14,644388.1,0.0,3682881.23,0.0,1459416.06,3.37,0.0,0.0,0.0,685156.35,0.0,0.0,0.00,774268.14,32482.04,0.00,3555459.15,127422.08
CZ09/EUn&0&cDXGF&New&dxAC_equip/NE-dxAC-PkgAC-240to759-New-EER-9.8/instance-out.sql,7373529.17,32482.04,869202.01,644388.1,0.0,3682881.23,0.0,1459416.06,3.37,0.0,0.0,0.0,685156.35,0.0,0.0,0.00,869202.01,32482.04,0.00,3555459.15,127422.08
CZ09/EUn&0&cDXGF&New&dxAC_equip/NE-dxAC-PkgAC-240to759-New-EER-10.8/instance-out.sql,7319923.739999999,32482.04,815596.59,644388.1,0.0,3682881.23,0.0,1459416.06,3.37,0.0,0.0,0.0,685156.35,0.0,0.0,0.00,815596.59,32482.04,0.00,3555459.15,127422.08
CZ09/EUn&0&cDXGF&New&dxAC_equip/NE-dxAC-PkgAC-240to759-New-EER-11.5/instance-out.sql,7286574.739999999,32482.04,782247.59,644388.1,0.0,3682881.23,0.0,1459416.06,3.37,0.0,0.0,0.0,685156.35,0.0,0.0,0.00,782247.59,32482.04,0.00,3555459.15,127422.08
CZ09/EUn&0&cDXGF&New&dxAC_equip/NE-dxAC-PkgAC-240to759-New-EER-12.5/instance-out.sql,7246102.71,32482.04,741775.56,644388.1,0.0,3682881.23,0.0,1459416.06,3.37,0.0,0.0,0.0,685156.35,0.0,0.0,0.00,741775.56,32482.04,0.00,3555459.15,127422.08
CZ09/EUn&0&cDXGF&New&dxAC_equip/NE-dxAC-PkgAC-gt760-New-EER-9.5/instance-out.sql,7361049.6,32482.04,856722.44,644388.1,0.0,3682881.23,0.0,1459416.06,3.37,0.0,0.0,0.0,685156.35,0.0,0.0,0.00,856722.44,32482.04,0.00,3555459.15,127422.08
CZ09/EUn&0&cDXGF&New&dxAC_equip/NE-dxAC-PkgAC-gt760-New-EER-10.2/instance-out.sql,7321244.069999999,32482.04,816916.92,644388.1,0.0,3682881.23,0.0,1459416.06,3.37,0.0,0.0,0.0,685156.35,0.0,0.0,0.00,816916.92,32482.04,0.00,3555459.15,127422.08
CZ09/EUn&0&cDXGF&New&dxAC_equip/NE-dxAC-PkgAC-gt760-New-EER-11.0/instance-out.sql,7283123.68,32482.04,778796.52,644388.1,0.0,3682881.23,0.0,1459416.06,3.37,0.0,0.0,0.0,685156.35,0.0,0.0,0.00,778796.52,32482.04,0.00,3555459.15,127422.08
CZ09/EUn&0&cDXGF&New&dxAC_equip/NE-dxAC-PkgAC-gt760-New-EER-12.0/instance-out.sql,7241257.5,32482.04,736930.34,644388.1,0.0,3682881.23,0.0,1459416.06,3.37,0.0,0.0,0.0,685156.35,0.0,0.0,0.00,736930.34,32482.04,0.00,3555459.15,127422.08
CZ09/Gro&0&cDXGF&New&dxAC_equip/NE-dxAC-PkgAC-65to134-New-EER-11.0/instance-out.sql,1926453.3699999999,51156.95,34947.37,157111.61,0.0,177584.03,0.0,119527.61,3.38,0.0,0.0,0.0,55460.28,1330662.14,0.0,0.00,34947.37,51156.95,0.00,177584.03,0.00
CZ09/Gro&0&cDXGF&New&dxAC_equip/NE-dxAC-PkgAC-65to134-New-EER-11.5/instance-out.sql,1924956.91,51156.95,33450.9,157111.61,0.0,177584.03,0.0,119527.61,3.38,0.0,0.0,0.0,55460.28,1330662.14,0.0,0.00,33450.90,51156.95,0.00,177584.03,0.00
CZ09/Gro&0&cDXGF&New&dxAC_equip/NE-dxAC-PkgAC-65to134-New-EER-12.0/instance-out.sql,1923583.34,51156.95,32077.34,157111.61,0.0,177584.03,0.0,119527.61,3.38,0.0,0.0,0.0,55460.28,1330662.14,0.0,0.00,32077.34,51156.95,0.00,177584.03,0.00
CZ09/Gro&0&cDXGF&New&dxAC_equip/NE-dxAC-PkgAC-65to134-New-EER-12.5/instance-out.sql,1922318.14,51156.95,30812.13,157111.61,0.0,177584.03,0.0,119527.61,3.38,0.0,0.0,0.0,55460.28,1330662.14,0.0,0.00,30812.13,51156.95,0.00,177584.03,0.00
CZ09/Gro&0&cDXGF&New&dxAC_equip/NE-dxAC-PkgAC-65to134-New-EER-13.0/instance-out.sql,1921082.93,51156.95,29576.93,157111.61,0.0,177584.03,0.0,119527.61,3.38,0.0,0.0,0.0,55460.28,1330662.14,0.0,0.00,29576.93,51156.95,0.00,177584.03,0.00
CZ09/Gro&0&cDXGF&New&dxAC_equip/NE-dxAC-PkgAC-135to239-New-EER-10.8/instance-out.sql,1926361.64,51156.95,34855.64,157111.61,0.0,177584.03,0.0,119527.61,3.38,0.0,0.0,0.0,55460.28,1330662.14,0.0,0.00,34855.64,51156.95,0.00,177584.03,0.00
CZ09/Gro&0&cDXGF&New&dxAC_equip/NE-dxAC-PkgAC-135to239-New-EER-11.5/instance-out.sql,1924215.4,51156.95,32709.4,157111.61,0.0,177584.03,0.0,119527.61,3.38,0.0,0.0,0.0,55460.28,1330662.14,0.0,0.00,32709.40,51156.95,0.00,177584.03,0.00
CZ09/Gro&0&cDXGF&New&dxAC_equip/NE-dxAC-PkgAC-135to239-New-EER-12.0/instance-out.sql,1922900.8599999999,51156.95,31394.86,157111.61,0.0,177584.03,0.0,119527.61,3.38,0.0,0.0,0.0,55460.28,1330662.14,0.0,0.00,31394.86,51156.95,0.00,177584.03,0.00
CZ09/Gro&0&cDXGF&New&dxAC_equip/NE-dxAC-PkgAC-135to239-New-EER-12.5/instance-out.sql,1921619.46,51156.95,30113.46,157111.61,0.0,177584.03,0.0,119527.61,3.38,0.0,0.0,0.0,55460.28,1330662.14,0.0,0.00,30113.46,51156.95,0.00,177584.03,0.00
CZ09/Gro&0&cDXGF&New&dxAC_equip/NE-dxAC-PkgAC-240to759-New-EER-9.8/instance-out.sql,1927397.8699999999,51156.95,35891.87,157111.61,0.0,177584.03,0.0,119527.61,3.38,0.0,0.0,0.0,55460.28,1330662.14,0.0,0.00,35891.87,51156.95,0.00,177584.03,0.00
CZ09/Gro&0&cDXGF&New&dxAC_equip/NE-dxAC-PkgAC-240to759-New-EER-10.8/instance-out.sql,1924135.03,51156.95,32629.03,157111.61,0.0,177584.03,0.0,119527.61,3.38,0.0,0.0,0.0,55460.28,1330662.14,0.0,0.00,32629.03,51156.95,0.00,177584.03,0.00
CZ09/Gro&0&cDXGF&New&dxAC_equip/NE-dxAC-PkgAC-240to759-New-EER-11.5/instance-out.sql,1922105.15,51156.95,30599.15,157111.61,0.0,177584.03,0.0,119527.61,3.38,0.0,0.0,0.0,55460.28,1330662.14,0.0,0.00,30599.15,51156.95,0.00,177584.03,0.00
CZ09/Gro&0&cDXGF&New&dxAC_equip/NE-dxAC-PkgAC-240to759-New-EER-12.5/instance-out.sql,1919641.71,51156.95,28135.71,157111.61,0.0,177584.03,0.0,119527.61,3.38,0.0,0.0,0.0,55460.28,1330662.14,0.0,0.00,28135.71,51156.95,0.00,177584.03,0.00
CZ09/Gro&0&cDXGF&New&dxAC_equip/NE-dxAC-PkgAC-gt760-New-EER-9.5/instance-out.sql,1926638.27,51156.95,35132.27,157111.61,0.0,177584.03,0.0,119527.61,3.38,0.0,0.0,0.0,55460.28,1330662.14,0.0,0.00,35132.27,51156.95,0.00,177584.03,0.00
CZ09/Gro&0&cDXGF&New&dxAC_equip/NE-dxAC-PkgAC-gt760-New-EER-10.2/instance-out.sql,1924215.4,51156.95,32709.4,157111.61,0.0,177584.03,0.0,119527.61,3.38,0.0,0.0,0.0,55460.28,1330662.14,0.0,0.00,32709.40,51156.95,0.00,177584.03,0.00
CZ09/Gro&0&cDXGF&New&dxAC_equip/NE-dxAC-PkgAC-gt760-New-EER-11.0/instance-out.sql,1921895.09,51156.95,30389.09,157111.61,0.0,177584.03,0.0,119527.61,3.38,0.0,0.0,0.0,55460.28,1330662.14,0.0,0.00,30389.09,51156.95,0.00,177584.03,0.00
CZ09/Gro&0&cDXGF&New&dxAC_equip/NE-dxAC-PkgAC-gt760-New-EER-12.0/instance-out.sql,1919346.79,51156.95,27840.79,157111.61,0.0,177584.03,0.0,119527.61,3.38,0.0,0.0,0.0,55460.28,1330662.14,0.0,0.00,27840.79,51156.95,0.00,177584.03,0.00
CZ09/Hsp&0&cDXGF&New&dxAC_equip/NE-dxAC-PkgAC-65to134-New-EER-11.0/instance-out.sql,3596161.3600000003,135968.13,864748.95,625795.42,0.0,1182847.3,0.0,510271.2,37511.16,0.0,0.0,0.0,239019.2,0.0,0.0,0.00,864748.95,135968.13,0.00,1139112.10,43735.20
CZ09/Hsp&0&cDXGF&New&dxAC_equip/NE-dxAC-PkgAC-65to134-New-EER-11.5/instance-out.sql,3591454.6399999997,135968.13,860042.23,625795.42,0.0,1182847.3,0.0,510271.2,37511.16,0.0,0.0,0.0,239019.2,0.0,0.0,0.00,860042.23,135968.13,0.00,1139112.10,43735.20
CZ09/Hsp&0&cDXGF&New&dxAC_equip/NE-dxAC-PkgAC-65to134-New-EER-12.0/instance-out.sql,3587134.46,135968.13,855722.06,625795.42,0.0,1182847.3,0.0,510271.2,37511.16,0.0,0.0,0.0,239019.2,0.0,0.0,0.00,855722.06,135968.13,0.00,1139112.10,43735.20
CZ09/Hsp&0&cDXGF&New&dxAC_equip/NE-dxAC-PkgAC-65to134-New-EER-12.5/instance-out.sql,3583155.09,135968.13,851742.68,625795.42,0.0,1182847.3,0.0,510271.2,37511.16,0.0,0.0,0.0,239019.2,0.0,0.0,0.00,851742.68,135968.13,0.00,1139112.10,43735.20
CZ09/Hsp&0&cDXGF&New&dxAC_equip/NE-dxAC-PkgAC-65to134-New-EER-13.0/instance-out.sql,3579270.0700000003,135968.13,847857.67,625795.42,0.0,1182847.3,0.0,510271.2,37511.16,0.0,0.0,0.0,239019.2,0.0,0.0,0.00,847857.67,135968.13,0.00,1139112.10,43735.20
CZ09/Hsp&0&cDXGF&New&dxAC_equip/NE-dxAC-PkgAC-135to239-New-EER-10.8/instance-out.sql,3595872.87,135968.13,864460.46,625795.42,0.0,1182847.3,0.0,510271.2,37511.16,0.0,0.0,0.0,239019.2,0.0,0.0,0.00,864460.46,135968.13,0.00,1139112.10,43735.20
CZ09/Hsp&0&cDXGF&New&dxAC_equip/NE-dxAC-PkgAC-135to239-New-EER-11.5/instance-out.sql,3589122.42,135968.13,857710.01,625795.42,0.0,1182847.3,0.0,510271.2,37511.16,0.0,0.0,0.0,239019.2,0.0,0.0,0.00,857710.01,135968.13,0.00,1139112.10,43735.20
CZ09/Hsp&0&cDXGF&New&dxAC_equip/NE-dxAC-PkgAC-135to239-New-EER-12.0/instance-out.sql,3584987.8899999997,135968.13,853575.49,625795.42,0.0,1182847.3,0.0,510271.2,37511.16,0.0,0.0,0.0,239019.2,0.0,0.0,0.00,853575.49,135968.13,0.00,1139112.10,43735.20
CZ09/Hsp&0&cDXGF&New&dxAC_equip/NE-dxAC-PkgAC-135to239-New-EER-12.5/instance-out.sql,3580957.59,135968.13,849545.19,625795.42,0.0,1182847.3,0.0,510271.2,37511.16,0.0,0.0,0.0,239019.2,0.0,0.0,0.00,849545.19,135968.13,0.00,1139112.10,43735.20
CZ09/Hsp&0&cDXGF&New&dxAC_equip/NE-dxAC-PkgAC-240to759-New-EER-9.8/instance-out.sql,3599132.05,135968.13,867719.65,625795.42,0.0,1182847.3,0.0,510271.2,37511.16,0.0,0.0,0.0,239019.2,0.0,0.0,0.00,867719.65,135968.13,0.00,1139112.10,43735.20
CZ09/Hsp&0&cDXGF&New&dxAC_equip/NE-dxAC-PkgAC-240to759-New-EER-10.8/instance-out.sql,3588869.6500000004,135968.13,857457.25,625795.42,0.0,1182847.3,0.0,510271.2,37511.16,0.0,0.0,0.0,239019.2,0.0,0.0,0.00,857457.25,135968.13,0.00,1139112.10,43735.20
CZ09/Hsp&0&cDXGF&New&dxAC_equip/NE-dxAC-PkgAC-240to759-New-EER-11.5/instance-out.sql,3582485.21,135968.13,851072.8,625795.42,0.0,1182847.3,0.0,510271.2,37511.16,0.0,0.0,0.0,239019.2,0.0,0.0,0.00,851072.80,135968.13,0.00,1139112.10,43735.20
CZ09/Hsp&0&cDXGF&New&dxAC_equip/NE-dxAC-PkgAC-240to759-New-EER-12.5/instance-out.sql,3574737.0999999996,135968.13,843324.7,625795.42,0.0,1182847.3,0.0,510271.2,37511.16,0.0,0.0,0.0,239019.2,0.0,0.0,0.00,843324.70,135968.13,0.00,1139112.10,43735.20
CZ09/Hsp&0&cDXGF&New&dxAC_equip/NE-dxAC-PkgAC-gt760-New-EER-9.5/instance-out.sql,3596742.92,135968.13,865330.52,625795.42,0.0,1182847.3,0.0,510271.2,37511.16,0.0,0.0,0.0,239019.2,0.0,0.0,0.00,865330.52,135968.13,0.00,1139112.10,43735.20
CZ09/Hsp&0&cDXGF&New&dxAC_equip/NE-dxAC-PkgAC-gt760-New-EER-10.2/instance-out.sql,3589122.42,135968.13,857710.01,625795.42,0.0,1182847.3,0.0,510271.2,37511.16,0.0,0.0,0.0,239019.2,0.0,0.0,0.00,857710.01,135968.13,0.00,1139112.10,43735.20
CZ09/Hsp&0&cDXGF&New&dxAC_equip/NE-dxAC-PkgAC-gt760-New-EER-11.0/instance-out.sql,3581824.5200000005,135968.13,850412.12,625795.42,0.0,1182847.3,0.0,510271.2,37511.16,0.0,0.0,0.0,239019.2,0.0,0.0,0.00,850412.12,135968.13,0.00,1139112.10,43735.20
CZ09/Hsp&0&cDXGF&New&dxAC_equip/NE-dxAC-PkgAC-gt760-New-EER-12.0/instance-out.sql,3573809.5200000005,135968.13,842397.11,625795.42,0.0,1182847.3,0.0,510271.2,37511.16,0.0,0.0,0.0,239019.2,0.0,0.0,0.00,842397.11,135968.13,0.00,1139112.10,43735.20
CZ09/MBT&0&cDXGF&New&dxAC_equip/NE-dxAC-PkgAC-65to134-New-EER-11.0/instance-out.sql,4999053.52,975859.59,327992.37,438466.02,0.0,2167645.51,0.0,929825.45,597.84,0.0,0.0,0.0,158666.73,0.0,0.0,0.00,327992.37,975859.59,0.00,1394057.91,773587.60
CZ09/MBT&0&cDXGF&New&dxAC_equip/NE-dxAC-PkgAC-65to134-New-EER-11.5/instance-out.sql,4994429.91,975859.59,323368.77,438466.02,0.0,2167645.51,0.0,929825.45,597.84,0.0,0.0,0.0,158666.73,0.0,0.0,0.00,323368.77,975859.59,0.00,1394057.91,773587.60
CZ09/MBT&0&cDXGF&New&dxAC_equip/NE-dxAC-PkgAC-65to134-New-EER-12.0/instance-out.sql,4990186.02,975859.59,319124.88,438466.02,0.0,2167645.51,0.0,929825.45,597.84,0.0,0.0,0.0,158666.73,0.0,0.0,0.00,319124.88,975859.59,0.00,1394057.91,773587.60
CZ09/MBT&0&cDXGF&New&dxAC_equip/NE-dxAC-PkgAC-65to134-New-EER-12.5/instance-out.sql,4986276.92,975859.59,315215.77,438466.02,0.0,2167645.51,0.0,929825.45,597.84,0.0,0.0,0.0,158666.73,0.0,0.0,0.00,315215.77,975859.59,0.00,1394057.91,773587.60
CZ09/MBT&0&cDXGF&New&dxAC_equip/NE-dxAC-PkgAC-65to134-New-EER-13.0/instance-out.sql,4982460.51,975859.59,311399.36,438466.02,0.0,2167645.51,0.0,929825.45,597.84,0.0,0.0,0.0,158666.73,0.0,0.0,0.00,311399.36,975859.59,0.00,1394057.91,773587.60
CZ09/MBT&0&cDXGF&New&dxAC_equip/NE-dxAC-PkgAC-135to239-New-EER-10.8/instance-out.sql,4998770.12,975859.59,327708.98,438466.02,0.0,2167645.51,0.0,929825.45,597.84,0.0,0.0,0.0,158666.73,0.0,0.0,0.00,327708.98,975859.59,0.00,1394057.91,773587.60
CZ09/MBT&0&cDXGF&New&dxAC_equip/NE-dxAC-PkgAC-135to239-New-EER-11.5/instance-out.sql,4992138.88,975859.59,321077.73,438466.02,0.0,2167645.51,0.0,929825.45,597.84,0.0,0.0,0.0,158666.73,0.0,0.0,0.00,321077.73,975859.59,0.00,1394057.91,773587.60
CZ09/MBT&0&cDXGF&New&dxAC_equip/NE-dxAC-PkgAC-135to239-New-EER-12.0/instance-out.sql,4988077.359999999,975859.59,317016.21,438466.02,0.0,2167645.51,0.0,929825.45,597.84,0.0,0.0,0.0,158666.73,0.0,0.0,0.00,317016.21,975859.59,0.00,1394057.91,773587.60
CZ09/MBT&0&cDXGF&New&dxAC_equip/NE-dxAC-PkgAC-135to239-New-EER-12.5/instance-out.sql,4984118.23,975859.59,313057.08,438466.02,0.0,2167645.51,0.0,929825.45,597.84,0.0,0.0,0.0,158666.73,0.0,0.0,0.00,313057.08,975859.59,0.00,1394057.91,773587.60
CZ09/MBT&0&cDXGF&New&dxAC_equip/NE-dxAC-PkgAC-240to759-New-EER-9.8/instance-out.sql,5001971.76,975859.59,330910.61,438466.02,0.0,2167645.51,0.0,929825.45,597.84,0.0,0.0,0.0,158666.73,0.0,0.0,0.00,330910.61,975859.59,0.00,1394057.91,773587.60
CZ09/MBT&0&cDXGF&New&dxAC_equip/NE-dxAC-PkgAC-240to759-New-EER-10.8/instance-out.sql,4991890.57,975859.59,320829.42,438466.02,0.0,2167645.51,0.0,929825.45,597.84,0.0,0.0,0.0,158666.73,0.0,0.0,0.00,320829.42,975859.59,0.00,1394057.91,773587.60
CZ09/MBT&0&cDXGF&New&dxAC_equip/NE-dxAC-PkgAC-240to759-New-EER-11.5/instance-out.sql,4985618.859999999,975859.59,314557.72,438466.02,0.0,2167645.51,0.0,929825.45,597.84,0.0,0.0,0.0,158666.73,0.0,0.0,0.00,314557.72,975859.59,0.00,1394057.91,773587.60
CZ09/MBT&0&cDXGF&New&dxAC_equip/NE-dxAC-PkgAC-240to759-New-EER-12.5/instance-out.sql,4978007.58,975859.59,306946.43,438466.02,0.0,2167645.51,0.0,929825.45,597.84,0.0,0.0,0.0,158666.73,0.0,0.0,0.00,306946.43,975859.59,0.00,1394057.91,773587.60
CZ09/MBT&0&cDXGF&New&dxAC_equip/NE-dxAC-PkgAC-gt760-New-EER-9.5/instance-out.sql,4999624.82,975859.59,328563.67,438466.02,0.0,2167645.51,0.0,929825.45,597.84,0.0,0.0,0.0,158666.73,0.0,0.0,0.00,328563.67,975859.59,0.00,1394057.91,773587.60
CZ09/MBT&0&cDXGF&New&dxAC_equip/NE-dxAC-PkgAC-gt760-New-EER-10.2/instance-out.sql,4992138.88,975859.59,321077.73,438466.02,0.0,2167645.51,0.0,929825.45,597.84,0.0,0.0,0.0,158666.73,0.0,0.0,0.00,321077.73,975859.59,0.00,1394057.91,773587.60
CZ09/MBT&0&cDXGF&New&dxAC_equip/NE-dxAC-PkgAC-gt760-New-EER-11.0/instance-out.sql,4984969.85,975859.59,313908.7,438466.02,0.0,2167645.51,0.0,929825.45,597.84,0.0,0.0,0.0,158666.73,0.0,0.0,0.00,313908.70,975859.59,0.00,1394057.91,773587.60
CZ09/MBT&0&cDXGF&New&dxAC_equip/NE-dxAC-PkgAC-gt760-New-EER-12.0/instance-out.sql,4977096.37,975859.59,306035.23,438466.02,0.0,2167645.51,0.0,929825.45,597.84,0.0,0.0,0.0,158666.73,0.0,0.0,0.00,306035.23,975859.59,0.00,1394057.91,773587.60
CZ09/MLI&0&cDXGF&New&dxAC_equip/NE-dxAC-PkgAC-65to134-New-EER-11.0/instance-out.sql,832504.11,13238.19,102635.68,153603.74,0.0,239893.0,0.0,278538.02,3.37,0.0,0.0,0.0,44592.1,0.0,0.0,0.00,102635.68,13238.19,0.00,239893.00,0.00
CZ09/MLI&0&cDXGF&New&dxAC_equip/NE-dxAC-PkgAC-65to134-New-EER-11.5/instance-out.sql,828109.14,13238.19,98240.72,153603.74,0.0,239893.0,0.0,278538.02,3.37,0.0,0.0,0.0,44592.1,0.0,0.0,0.00,98240.72,13238.19,0.00,239893.00,0.00
CZ09/MLI&0&cDXGF&New&dxAC_equip/NE-dxAC-PkgAC-65to134-New-EER-12.0/instance-out.sql,824075.12,13238.19,94206.69,153603.74,0.0,239893.0,0.0,278538.02,3.37,0.0,0.0,0.0,44592.1,0.0,0.0,0.00,94206.69,13238.19,0.00,239893.00,0.00
CZ09/MLI&0&cDXGF&New&dxAC_equip/NE-dxAC-PkgAC-65to134-New-EER-12.5/instance-out.sql,820359.3200000001,13238.19,90490.89,153603.74,0.0,239893.0,0.0,278538.02,3.37,0.0,0.0,0.0,44592.1,0.0,0.0,0.00,90490.89,13238.19,0.00,239893.00,0.00
CZ09/MLI&0&cDXGF&New&dxAC_equip/NE-dxAC-PkgAC-65to134-New-EER-13.0/instance-out.sql,816731.63,13238.19,86863.21,153603.74,0.0,239893.0,0.0,278538.02,3.37,0.0,0.0,0.0,44592.1,0.0,0.0,0.00,86863.21,13238.19,0.00,239893.00,0.00
CZ09/MLI&0&cDXGF&New&dxAC_equip/NE-dxAC-PkgAC-135to239-New-EER-10.8/instance-out.sql,832234.73,13238.19,102366.3,153603.74,0.0,239893.0,0.0,278538.02,3.37,0.0,0.0,0.0,44592.1,0.0,0.0,0.00,102366.30,13238.19,0.00,239893.00,0.00
CZ09/MLI&0&cDXGF&New&dxAC_equip/NE-dxAC-PkgAC-135to239-New-EER-11.5/instance-out.sql,825931.4,13238.19,96062.97,153603.74,0.0,239893.0,0.0,278538.02,3.37,0.0,0.0,0.0,44592.1,0.0,0.0,0.00,96062.97,13238.19,0.00,239893.00,0.00
CZ09/MLI&0&cDXGF&New&dxAC_equip/NE-dxAC-PkgAC-135to239-New-EER-12.0/instance-out.sql,822070.73,13238.19,92202.3,153603.74,0.0,239893.0,0.0,278538.02,3.37,0.0,0.0,0.0,44592.1,0.0,0.0,0.00,92202.30,13238.19,0.00,239893.00,0.00
CZ09/MLI&0&cDXGF&New&dxAC_equip/NE-dxAC-PkgAC-135to239-New-EER-12.5/instance-out.sql,818307.38,13238.19,88438.95,153603.74,0.0,239893.0,0.0,278538.02,3.37,0.0,0.0,0.0,44592.1,0.0,0.0,0.00,88438.95,13238.19,0.00,239893.00,0.00
CZ09/MLI&0&cDXGF&New&dxAC_equip/NE-dxAC-PkgAC-240to759-New-EER-9.8/instance-out.sql,835278.04,13238.19,105409.61,153603.74,0.0,239893.0,0.0,278538.02,3.37,0.0,0.0,0.0,44592.1,0.0,0.0,0.00,105409.61,13238.19,0.00,239893.00,0.00
CZ09/MLI&0&cDXGF&New&dxAC_equip/NE-dxAC-PkgAC-240to759-New-EER-10.8/instance-out.sql,825695.37,13238.19,95826.95,153603.74,0.0,239893.0,0.0,278538.02,3.37,0.0,0.0,0.0,44592.1,0.0,0.0,0.00,95826.95,13238.19,0.00,239893.00,0.00
CZ09/MLI&0&cDXGF&New&dxAC_equip/NE-dxAC-PkgAC-240to759-New-EER-11.5/instance-out.sql,819733.81,13238.19,89865.38,153603.74,0.0,239893.0,0.0,278538.02,3.37,0.0,0.0,0.0,44592.1,0.0,0.0,0.00,89865.38,13238.19,0.00,239893.00,0.00
CZ09/MLI&0&cDXGF&New&dxAC_equip/NE-dxAC-PkgAC-240to759-New-EER-12.5/instance-out.sql,812498.91,13238.19,82630.48,153603.74,0.0,239893.0,0.0,278538.02,3.37,0.0,0.0,0.0,44592.1,0.0,0.0,0.00,82630.48,13238.19,0.00,239893.00,0.00
CZ09/MLI&0&cDXGF&New&dxAC_equip/NE-dxAC-PkgAC-gt760-New-EER-9.5/instance-out.sql,833047.15,13238.19,103178.73,153603.74,0.0,239893.0,0.0,278538.02,3.37,0.0,0.0,0.0,44592.1,0.0,0.0,0.00,103178.73,13238.19,0.00,239893.00,0.00
CZ09/MLI&0&cDXGF&New&dxAC_equip/NE-dxAC-PkgAC-gt760-New-EER-10.2/instance-out.sql,825931.4,13238.19,96062.97,153603.74,0.0,239893.0,0.0,278538.02,3.37,0.0,0.0,0.0,44592.1,0.0,0.0,0.00,96062.97,13238.19,0.00,239893.00,0.00
CZ09/MLI&0&cDXGF&New&dxAC_equip/NE-dxAC-PkgAC-gt760-New-EER-11.0/instance-out.sql,819116.89,13238.19,89248.46,153603.74,0.0,239893.0,0.0,278538.02,3.37,0.0,0.0,0.0,44592.1,0.0,0.0,0.00,89248.46,13238.19,0.00,239893.00,0.00
CZ09/MLI&0&cDXGF&New&dxAC_equip/NE-dxAC-PkgAC-gt760-New-EER-12.0/instance-out.sql,811632.76,13238.19,81764.34,153603.74,0.0,239893.0,0.0,278538.02,3.37,0.0,0.0,0.0,44592.1,0.0,0.0,0.00,81764.34,13238.19,0.00,239893.00,0.00
CZ09/Mtl&0&cDXGF&New&dxAC_equip/NE-dxAC-PkgAC-65to134-New-EER-11.0/instance-out.sql,157854.61,2842.03,34744.09,34352.14,0.0,22443.33,0.0,55837.53,3.36,0.0,0.0,0.0,7632.11,0.0,0.0,0.00,34744.09,2842.03,0.00,22191.36,251.97
CZ09/Mtl&0&cDXGF&New&dxAC_equip/NE-dxAC-PkgAC-65to134-New-EER-11.5/instance-out.sql,156684.85,2842.03,33574.34,34352.14,0.0,22443.33,0.0,55837.53,3.36,0.0,0.0,0.0,7632.11,0.0,0.0,0.00,33574.34,2842.03,0.00,22191.36,251.97
CZ09/Mtl&0&cDXGF&New&dxAC_equip/NE-dxAC-PkgAC-65to134-New-EER-12.0/instance-out.sql,155611.16999999998,2842.03,32500.65,34352.14,0.0,22443.33,0.0,55837.53,3.36,0.0,0.0,0.0,7632.11,0.0,0.0,0.00,32500.65,2842.03,0.00,22191.36,251.97
CZ09/Mtl&0&cDXGF&New&dxAC_equip/NE-dxAC-PkgAC-65to134-New-EER-12.5/instance-out.sql,154622.18,2842.03,31511.67,34352.14,0.0,22443.33,0.0,55837.53,3.36,0.0,0.0,0.0,7632.11,0.0,0.0,0.00,31511.67,2842.03,0.00,22191.36,251.97
CZ09/Mtl&0&cDXGF&New&dxAC_equip/NE-dxAC-PkgAC-65to134-New-EER-13.0/instance-out.sql,153656.63999999998,2842.03,30546.13,34352.14,0.0,22443.33,0.0,55837.53,3.36,0.0,0.0,0.0,7632.11,0.0,0.0,0.00,30546.13,2842.03,0.00,22191.36,251.97
CZ09/Mtl&0&cDXGF&New&dxAC_equip/NE-dxAC-PkgAC-135to239-New-EER-10.8/instance-out.sql,157782.91,2842.03,34672.4,34352.14,0.0,22443.33,0.0,55837.53,3.36,0.0,0.0,0.0,7632.11,0.0,0.0,0.00,34672.40,2842.03,0.00,22191.36,251.97
CZ09/Mtl&0&cDXGF&New&dxAC_equip/NE-dxAC-PkgAC-135to239-New-EER-11.5/instance-out.sql,156105.22999999998,2842.03,32994.72,34352.14,0.0,22443.33,0.0,55837.53,3.36,0.0,0.0,0.0,7632.11,0.0,0.0,0.00,32994.72,2842.03,0.00,22191.36,251.97
CZ09/Mtl&0&cDXGF&New&dxAC_equip/NE-dxAC-PkgAC-135to239-New-EER-12.0/instance-out.sql,155077.68,2842.03,31967.17,34352.14,0.0,22443.33,0.0,55837.53,3.36,0.0,0.0,0.0,7632.11,0.0,0.0,0.00,31967.17,2842.03,0.00,22191.36,251.97
CZ09/Mtl&0&cDXGF&New&dxAC_equip/NE-dxAC-PkgAC-135to239-New-EER-12.5/instance-out.sql,154076.04,2842.03,30965.53,34352.14,0.0,22443.33,0.0,55837.53,3.36,0.0,0.0,0.0,7632.11,0.0,0.0,0.00,30965.53,2842.03,0.00,22191.36,251.97
CZ09/Mtl&0&cDXGF&New&dxAC_equip/NE-dxAC-PkgAC-240to759-New-EER-9.8/instance-out.sql,158592.91,2842.03,35482.4,34352.14,0.0,22443.33,0.0,55837.53,3.36,0.0,0.0,0.0,7632.11,0.0,0.0,0.00,35482.40,2842.03,0.00,22191.36,251.97
CZ09/Mtl&0&cDXGF&New&dxAC_equip/NE-dxAC-PkgAC-240to759-New-EER-10.8/instance-out.sql,156042.41,2842.03,32931.9,34352.14,0.0,22443.33,0.0,55837.53,3.36,0.0,0.0,0.0,7632.11,0.0,0.0,0.00,32931.90,2842.03,0.00,22191.36,251.97
CZ09/Mtl&0&cDXGF&New&dxAC_equip/NE-dxAC-PkgAC-240to759-New-EER-11.5/instance-out.sql,154455.69,2842.03,31345.18,34352.14,0.0,22443.33,0.0,55837.53,3.36,0.0,0.0,0.0,7632.11,0.0,0.0,0.00,31345.18,2842.03,0.00,22191.36,251.97
CZ09/Mtl&0&cDXGF&New&dxAC_equip/NE-dxAC-PkgAC-240to759-New-EER-12.5/instance-out.sql,152530.07,2842.03,29419.56,34352.14,0.0,22443.33,0.0,55837.53,3.36,0.0,0.0,0.0,7632.11,0.0,0.0,0.00,29419.56,2842.03,0.00,22191.36,251.97
CZ09/Mtl&0&cDXGF&New&dxAC_equip/NE-dxAC-PkgAC-gt760-New-EER-9.5/instance-out.sql,157999.13999999998,2842.03,34888.63,34352.14,0.0,22443.33,0.0,55837.53,3.36,0.0,0.0,0.0,7632.11,0.0,0.0,0.00,34888.63,2842.03,0.00,22191.36,251.97
CZ09/Mtl&0&cDXGF&New&dxAC_equip/NE-dxAC-PkgAC-gt760-New-EER-10.2/instance-out.sql,156105.22999999998,2842.03,32994.72,34352.14,0.0,22443.33,0.0,55837.53,3.36,0.0,0.0,0.0,7632.11,0.0,0.0,0.00,32994.72,2842.03,0.00,22191.36,251.97
CZ09/Mtl&0&cDXGF&New&dxAC_equip/NE-dxAC-PkgAC-gt760-New-EER-11.0/instance-out.sql,154291.5,2842.03,31180.98,34352.14,0.0,22443.33,0.0,55837.53,3.36,0.0,0.0,0.0,7632.11,0.0,0.0,0.00,31180.98,2842.03,0.00,22191.36,251.97
CZ09/Mtl&0&cDXGF&New&dxAC_equip/NE-dxAC-PkgAC-gt760-New-EER-12.0/instance-out.sql,152299.54,2842.03,29189.03,34352.14,0.0,22443.33,0.0,55837.53,3.36,0.0,0.0,0.0,7632.11,0.0,0.0,0.00,29189.03,2842.03,0.00,22191.36,251.97
CZ09/Nrs&0&cDXGF&New&dxAC_equip/NE-dxAC-PkgAC-65to134-New-EER-11.0/instance-out.sql,786454.1799999999,11187.84,96901.43,103109.51,0.0,347425.87,0.0,120658.67,32.93,0.0,0.0,0.0,107137.94,0.0,0.0,0.00,96901.43,11187.84,0.00,281574.59,65851.28
CZ09/Nrs&0&cDXGF&New&dxAC_equip/NE-dxAC-PkgAC-65to134-New-EER-11.5/instance-out.sql,784959.73,11187.84,95406.98,103109.51,0.0,347425.87,0.0,120658.67,32.93,0.0,0.0,0.0,107137.94,0.0,0.0,0.00,95406.98,11187.84,0.00,281574.59,65851.28
CZ09/Nrs&0&cDXGF&New&dxAC_equip/NE-dxAC-PkgAC-65to134-New-EER-12.0/instance-out.sql,783588.02,11187.84,94035.27,103109.51,0.0,347425.87,0.0,120658.67,32.93,0.0,0.0,0.0,107137.94,0.0,0.0,0.00,94035.27,11187.84,0.00,281574.59,65851.28
CZ09/Nrs&0&cDXGF&New&dxAC_equip/NE-dxAC-PkgAC-65to134-New-EER-12.5/instance-out.sql,782324.51,11187.84,92771.76,103109.51,0.0,347425.87,0.0,120658.67,32.93,0.0,0.0,0.0,107137.94,0.0,0.0,0.00,92771.76,11187.84,0.00,281574.59,65851.28
CZ09/Nrs&0&cDXGF&New&dxAC_equip/NE-dxAC-PkgAC-65to134-New-EER-13.0/instance-out.sql,781090.96,11187.84,91538.21,103109.51,0.0,347425.87,0.0,120658.67,32.93,0.0,0.0,0.0,107137.94,0.0,0.0,0.00,91538.21,11187.84,0.00,281574.59,65851.28
CZ09/Nrs&0&cDXGF&New&dxAC_equip/NE-dxAC-PkgAC-135to239-New-EER-10.8/instance-out.sql,786362.5800000001,11187.84,96809.83,103109.51,0.0,347425.87,0.0,120658.67,32.93,0.0,0.0,0.0,107137.94,0.0,0.0,0.00,96809.83,11187.84,0.00,281574.59,65851.28
CZ09/Nrs&0&cDXGF&New&dxAC_equip/NE-dxAC-PkgAC-135to239-New-EER-11.5/instance-out.sql,784219.22,11187.84,94666.47,103109.51,0.0,347425.87,0.0,120658.67,32.93,0.0,0.0,0.0,107137.94,0.0,0.0,0.00,94666.47,11187.84,0.00,281574.59,65851.28
CZ09/Nrs&0&cDXGF&New&dxAC_equip/NE-dxAC-PkgAC-135to239-New-EER-12.0/instance-out.sql,782906.45,11187.84,93353.7,103109.51,0.0,347425.87,0.0,120658.67,32.93,0.0,0.0,0.0,107137.94,0.0,0.0,0.00,93353.70,11187.84,0.00,281574.59,65851.28
CZ09/Nrs&0&cDXGF&New&dxAC_equip/NE-dxAC-PkgAC-135to239-New-EER-12.5/instance-out.sql,781626.77,11187.84,92074.02,103109.51,0.0,347425.87,0.0,120658.67,32.93,0.0,0.0,0.0,107137.94,0.0,0.0,0.00,92074.02,11187.84,0.00,281574.59,65851.28
CZ09/Nrs&0&cDXGF&New&dxAC_equip/NE-dxAC-PkgAC-240to759-New-EER-9.8/instance-out.sql,787397.4199999999,11187.84,97844.67,103109.51,0.0,347425.87,0.0,120658.67,32.93,0.0,0.0,0.0,107137.94,0.0,0.0,0.00,97844.67,11187.84,0.00,281574.59,65851.28
CZ09/Nrs&0&cDXGF&New&dxAC_equip/NE-dxAC-PkgAC-240to759-New-EER-10.8/instance-out.sql,784138.96,11187.84,94586.21,103109.51,0.0,347425.87,0.0,120658.67,32.93,0.0,0.0,0.0,107137.94,0.0,0.0,0.00,94586.21,11187.84,0.00,281574.59,65851.28
CZ09/Nrs&0&cDXGF&New&dxAC_equip/NE-dxAC-PkgAC-240to759-New-EER-11.5/instance-out.sql,782111.81,11187.84,92559.06,103109.51,0.0,347425.87,0.0,120658.67,32.93,0.0,0.0,0.0,107137.94,0.0,0.0,0.00,92559.06,11187.84,0.00,281574.59,65851.28
CZ09/Nrs&0&cDXGF&New&dxAC_equip/NE-dxAC-PkgAC-240to759-New-EER-12.5/instance-out.sql,779651.6799999999,11187.84,90098.93,103109.51,0.0,347425.87,0.0,120658.67,32.93,0.0,0.0,0.0,107137.94,0.0,0.0,0.00,90098.93,11187.84,0.00,281574.59,65851.28
CZ09/Nrs&0&cDXGF&New&dxAC_equip/NE-dxAC-PkgAC-gt760-New-EER-9.5/instance-out.sql,786638.8400000001,11187.84,97086.09,103109.51,0.0,347425.87,0.0,120658.67,32.93,0.0,0.0,0.0,107137.94,0.0,0.0,0.00,97086.09,11187.84,0.00,281574.59,65851.28
CZ09/Nrs&0&cDXGF&New&dxAC_equip/NE-dxAC-PkgAC-gt760-New-EER-10.2/instance-out.sql,784219.22,11187.84,94666.47,103109.51,0.0,347425.87,0.0,120658.67,32.93,0.0,0.0,0.0,107137.94,0.0,0.0,0.00,94666.47,11187.84,0.00,281574.59,65851.28
CZ09/Nrs&0&cDXGF&New&dxAC_equip/NE-dxAC-PkgAC-gt760-New-EER-11.0/instance-out.sql,781902.04,11187.84,92349.29,103109.51,0.0,347425.87,0.0,120658.67,32.93,0.0,0.0,0.0,107137.94,0.0,0.0,0.00,92349.29,11187.84,0.00,281574.59,65851.28
CZ09/Nrs&0&cDXGF&New&dxAC_equip/NE-dxAC-PkgAC-gt760-New-EER-12.0/instance-out.sql,779357.1599999999,11187.84,89804.41,103109.51,0.0,347425.87,0.0,120658.67,32.93,0.0,0.0,0.0,107137.94,0.0,0.0,0.00,89804.41,11187.84,0.00,281574.59,65851.28
CZ09/OfL&0&cDXGF&New&dxAC_equip/NE-dxAC-PkgAC-65to134-New-EER-11.0/instance-out.sql,2081019.71,10670.02,323848.46,239041.7,0.0,829334.66,0.0,565470.36,3343.31,0.0,0.0,0.0,109311.19,0.0,0.0,0.00,323848.46,10670.02,0.00,829334.66,0.00
CZ09/OfL&0&cDXGF&New&dxAC_equip/NE-dxAC-PkgAC-65to134-New-EER-11.5/instance-out.sql,2071788.17,10670.02,314616.93,239041.7,0.0,829334.66,0.0,565470.36,3343.31,0.0,0.0,0.0,109311.19,0.0,0.0,0.00,314616.93,10670.02,0.00,829334.66,0.00
CZ09/OfL&0&cDXGF&New&dxAC_equip/NE-dxAC-PkgAC-65to134-New-EER-12.0/instance-out.sql,2063314.79,10670.02,306143.54,239041.7,0.0,829334.66,0.0,565470.36,3343.31,0.0,0.0,0.0,109311.19,0.0,0.0,0.00,306143.54,10670.02,0.00,829334.66,0.00
CZ09/OfL&0&cDXGF&New&dxAC_equip/NE-dxAC-PkgAC-65to134-New-EER-12.5/instance-out.sql,2055509.83,10670.02,298338.59,239041.7,0.0,829334.66,0.0,565470.36,3343.31,0.0,0.0,0.0,109311.19,0.0,0.0,0.00,298338.59,10670.02,0.00,829334.66,0.00
CZ09/OfL&0&cDXGF&New&dxAC_equip/NE-dxAC-PkgAC-65to134-New-EER-13.0/instance-out.sql,2047889.95,10670.02,290718.71,239041.7,0.0,829334.66,0.0,565470.36,3343.31,0.0,0.0,0.0,109311.19,0.0,0.0,0.00,290718.71,10670.02,0.00,829334.66,0.00
CZ09/OfL&0&cDXGF&New&dxAC_equip/NE-dxAC-PkgAC-135to239-New-EER-10.8/instance-out.sql,2080453.8699999999,10670.02,323282.63,239041.7,0.0,829334.66,0.0,565470.36,3343.31,0.0,0.0,0.0,109311.19,0.0,0.0,0.00,323282.63,10670.02,0.00,829334.66,0.00
CZ09/OfL&0&cDXGF&New&dxAC_equip/NE-dxAC-PkgAC-135to239-New-EER-11.5/instance-out.sql,2067213.8699999999,10670.02,310042.63,239041.7,0.0,829334.66,0.0,565470.36,3343.31,0.0,0.0,0.0,109311.19,0.0,0.0,0.00,310042.63,10670.02,0.00,829334.66,0.00
CZ09/OfL&0&cDXGF&New&dxAC_equip/NE-dxAC-PkgAC-135to239-New-EER-12.0/instance-out.sql,2059104.5999999999,10670.02,301933.36,239041.7,0.0,829334.66,0.0,565470.36,3343.31,0.0,0.0,0.0,109311.19,0.0,0.0,0.00,301933.36,10670.02,0.00,829334.66,0.00
CZ09/OfL&0&cDXGF&New&dxAC_equip/NE-dxAC-PkgAC-135to239-New-EER-12.5/instance-out.sql,2051199.77,10670.02,294028.53,239041.7,0.0,829334.66,0.0,565470.36,3343.31,0.0,0.0,0.0,109311.19,0.0,0.0,0.00,294028.53,10670.02,0.00,829334.66,0.00
CZ09/OfL&0&cDXGF&New&dxAC_equip/NE-dxAC-PkgAC-240to759-New-EER-9.8/instance-out.sql,2086846.29,10670.02,329675.04,239041.7,0.0,829334.66,0.0,565470.36,3343.31,0.0,0.0,0.0,109311.19,0.0,0.0,0.00,329675.04,10670.02,0.00,829334.66,0.00
CZ09/OfL&0&cDXGF&New&dxAC_equip/NE-dxAC-PkgAC-240to759-New-EER-10.8/instance-out.sql,2066718.0999999999,10670.02,309546.86,239041.7,0.0,829334.66,0.0,565470.36,3343.31,0.0,0.0,0.0,109311.19,0.0,0.0,0.00,309546.86,10670.02,0.00,829334.66,0.00
CZ09/OfL&0&cDXGF&New&dxAC_equip/NE-dxAC-PkgAC-240to759-New-EER-11.5/instance-out.sql,2054195.96,10670.02,297024.72,239041.7,0.0,829334.66,0.0,565470.36,3343.31,0.0,0.0,0.0,109311.19,0.0,0.0,0.00,297024.72,10670.02,0.00,829334.66,0.00
CZ09/OfL&0&cDXGF&New&dxAC_equip/NE-dxAC-PkgAC-240to759-New-EER-12.5/instance-out.sql,2038999.2,10670.02,281827.96,239041.7,0.0,829334.66,0.0,565470.36,3343.31,0.0,0.0,0.0,109311.19,0.0,0.0,0.00,281827.96,10670.02,0.00,829334.66,0.00
CZ09/OfL&0&cDXGF&New&dxAC_equip/NE-dxAC-PkgAC-gt760-New-EER-9.5/instance-out.sql,2082160.3599999999,10670.02,324989.12,239041.7,0.0,829334.66,0.0,565470.36,3343.31,0.0,0.0,0.0,109311.19,0.0,0.0,0.00,324989.12,10670.02,0.00,829334.66,0.00
CZ09/OfL&0&cDXGF&New&dxAC_equip/NE-dxAC-PkgAC-gt760-New-EER-10.2/instance-out.sql,2067213.8699999999,10670.02,310042.63,239041.7,0.0,829334.66,0.0,565470.36,3343.31,0.0,0.0,0.0,109311.19,0.0,0.0,0.00,310042.63,10670.02,0.00,829334.66,0.00
CZ09/OfL&0&cDXGF&New&dxAC_equip/NE-dxAC-PkgAC-gt760-New-EER-11.0/instance-out.sql,2052900.1199999999,10670.02,295728.88,239041.7,0.0,829334.66,0.0,565470.36,3343.31,0.0,0.0,0.0,109311.19,0.0,0.0,0.00,295728.88,10670.02,0.00,829334.66,0.00
CZ09/OfL&0&cDXGF&New&dxAC_equip/NE-dxAC-PkgAC-gt760-New-EER-12.0/instance-out.sql,2037179.88,10670.02,280008.64,239041.7,0.0,829334.66,0.0,565470.36,3343.31,0.0,0.0,0.0,109311.19,0.0,0.0,0.00,280008.64,10670.02,0.00,829334.66,0.00
CZ09/OfS&0&cDXGF&New&dxAC_equip/NE-dxAC-PkgAC-65to134-New-EER-11.0/instance-out.sql,107507.23,591.6,12863.59,12106.19,0.0,29387.4,0.0,32083.79,1.13,0.0,0.0,0.0,20473.52,0.0,0.0,0.00,12863.59,591.60,0.00,29387.40,0.00
CZ09/OfS&0&cDXGF&New&dxAC_equip/NE-dxAC-PkgAC-65to134-New-EER-11.5/instance-out.sql,106956.44,591.6,12312.8,12106.19,0.0,29387.4,0.0,32083.79,1.13,0.0,0.0,0.0,20473.52,0.0,0.0,0.00,12312.80,591.60,0.00,29387.40,0.00
CZ09/OfS&0&cDXGF&New&dxAC_equip/NE-dxAC-PkgAC-65to134-New-EER-12.0/instance-out.sql,106450.87999999999,591.6,11807.24,12106.19,0.0,29387.4,0.0,32083.79,1.13,0.0,0.0,0.0,20473.52,0.0,0.0,0.00,11807.24,591.60,0.00,29387.40,0.00
CZ09/OfS&0&cDXGF&New&dxAC_equip/NE-dxAC-PkgAC-65to134-New-EER-12.5/instance-out.sql,105985.20999999999,591.6,11341.57,12106.19,0.0,29387.4,0.0,32083.79,1.13,0.0,0.0,0.0,20473.52,0.0,0.0,0.00,11341.57,591.60,0.00,29387.40,0.00
CZ09/OfS&0&cDXGF&New&dxAC_equip/NE-dxAC-PkgAC-65to134-New-EER-13.0/instance-out.sql,105530.58,591.6,10886.93,12106.19,0.0,29387.4,0.0,32083.79,1.13,0.0,0.0,0.0,20473.52,0.0,0.0,0.00,10886.93,591.60,0.00,29387.40,0.00
CZ09/OfS&0&cDXGF&New&dxAC_equip/NE-dxAC-PkgAC-135to239-New-EER-10.8/instance-out.sql,107473.47,591.6,12829.83,12106.19,0.0,29387.4,0.0,32083.79,1.13,0.0,0.0,0.0,20473.52,0.0,0.0,0.00,12829.83,591.60,0.00,29387.40,0.00
CZ09/OfS&0&cDXGF&New&dxAC_equip/NE-dxAC-PkgAC-135to239-New-EER-11.5/instance-out.sql,106683.51999999999,591.6,12039.88,12106.19,0.0,29387.4,0.0,32083.79,1.13,0.0,0.0,0.0,20473.52,0.0,0.0,0.00,12039.88,591.60,0.00,29387.40,0.00
CZ09/OfS&0&cDXGF&New&dxAC_equip/NE-dxAC-PkgAC-135to239-New-EER-12.0/instance-out.sql,106199.69,591.6,11556.05,12106.19,0.0,29387.4,0.0,32083.79,1.13,0.0,0.0,0.0,20473.52,0.0,0.0,0.00,11556.05,591.60,0.00,29387.40,0.00
CZ09/OfS&0&cDXGF&New&dxAC_equip/NE-dxAC-PkgAC-135to239-New-EER-12.5/instance-out.sql,105728.04999999999,591.6,11084.41,12106.19,0.0,29387.4,0.0,32083.79,1.13,0.0,0.0,0.0,20473.52,0.0,0.0,0.00,11084.41,591.60,0.00,29387.40,0.00
CZ09/OfS&0&cDXGF&New&dxAC_equip/NE-dxAC-PkgAC-240to759-New-EER-9.8/instance-out.sql,107854.87,591.6,13211.23,12106.19,0.0,29387.4,0.0,32083.79,1.13,0.0,0.0,0.0,20473.52,0.0,0.0,0.00,13211.23,591.60,0.00,29387.40,0.00
CZ09/OfS&0&cDXGF&New&dxAC_equip/NE-dxAC-PkgAC-240to759-New-EER-10.8/instance-out.sql,106653.94,591.6,12010.3,12106.19,0.0,29387.4,0.0,32083.79,1.13,0.0,0.0,0.0,20473.52,0.0,0.0,0.00,12010.30,591.60,0.00,29387.40,0.00
CZ09/OfS&0&cDXGF&New&dxAC_equip/NE-dxAC-PkgAC-240to759-New-EER-11.5/instance-out.sql,105906.81999999999,591.6,11263.18,12106.19,0.0,29387.4,0.0,32083.79,1.13,0.0,0.0,0.0,20473.52,0.0,0.0,0.00,11263.18,591.60,0.00,29387.40,0.00
CZ09/OfS&0&cDXGF&New&dxAC_equip/NE-dxAC-PkgAC-240to759-New-EER-12.5/instance-out.sql,105000.12,591.6,10356.48,12106.19,0.0,29387.4,0.0,32083.79,1.13,0.0,0.0,0.0,20473.52,0.0,0.0,0.00,10356.48,591.60,0.00,29387.40,0.00
CZ09/OfS&0&cDXGF&New&dxAC_equip/NE-dxAC-PkgAC-gt760-New-EER-9.5/instance-out.sql,107575.29,591.6,12931.65,12106.19,0.0,29387.4,0.0,32083.79,1.13,0.0,0.0,0.0,20473.52,0.0,0.0,0.00,12931.65,591.60,0.00,29387.40,0.00
CZ09/OfS&0&cDXGF&New&dxAC_equip/NE-dxAC-PkgAC-gt760-New-EER-10.2/instance-out.sql,106683.51999999999,591.6,12039.88,12106.19,0.0,29387.4,0.0,32083.79,1.13,0.0,0.0,0.0,20473.52,0.0,0.0,0.00,12039.88,591.60,0.00,29387.40,0.00
CZ09/OfS&0&cDXGF&New&dxAC_equip/NE-dxAC-PkgAC-gt760-New-EER-11.0/instance-out.sql,105829.5,591.6,11185.86,12106.19,0.0,29387.4,0.0,32083.79,1.13,0.0,0.0,0.0,20473.52,0.0,0.0,0.00,11185.86,591.60,0.00,29387.40,0.00
CZ09/OfS&0&cDXGF&New&dxAC_equip/NE-dxAC-PkgAC-gt760-New-EER-12.0/instance-out.sql,104891.56999999999,591.6,10247.93,12106.19,0.0,29387.4,0.0,32083.79,1.13,0.0,0.0,0.0,20473.52,0.0,0.0,0.00,10247.93,591.60,0.00,29387.40,0.00
CZ09/RFF&0&cDXGF&New&dxAC_equip/NE-dxAC-PkgAC-65to134-New-EER-11.0/instance-out.sql,100551.87,1100.79,11542.83,6626.33,0.0,37903.17,0.0,19513.68,3.37,0.0,0.0,0.0,23861.69,0.0,0.0,0.00,11542.83,1100.79,0.00,18423.46,19479.71
CZ09/RFF&0&cDXGF&New&dxAC_equip/NE-dxAC-PkgAC-65to134-New-EER-11.5/instance-out.sql,100348.62,1100.79,11339.58,6626.33,0.0,37903.17,0.0,19513.68,3.37,0.0,0.0,0.0,23861.69,0.0,0.0,0.00,11339.58,1100.79,0.00,18423.46,19479.71
CZ09/RFF&0&cDXGF&New&dxAC_equip/NE-dxAC-PkgAC-65to134-New-EER-12.0/instance-out.sql,100162.06,1100.79,11153.03,6626.33,0.0,37903.17,0.0,19513.68,3.37,0.0,0.0,0.0,23861.69,0.0,0.0,0.00,11153.03,1100.79,0.00,18423.46,19479.71
CZ09/RFF&0&cDXGF&New&dxAC_equip/NE-dxAC-PkgAC-65to134-New-EER-12.5/instance-out.sql,99990.22,1100.79,10981.19,6626.33,0.0,37903.17,0.0,19513.68,3.37,0.0,0.0,0.0,23861.69,0.0,0.0,0.00,10981.19,1100.79,0.00,18423.46,19479.71
CZ09/RFF&0&cDXGF&New&dxAC_equip/NE-dxAC-PkgAC-65to134-New-EER-13.0/instance-out.sql,99822.45999999999,1100.79,10813.42,6626.33,0.0,37903.17,0.0,19513.68,3.37,0.0,0.0,0.0,23861.69,0.0,0.0,0.00,10813.42,1100.79,0.00,18423.46,19479.71
CZ09/RFF&0&cDXGF&New&dxAC_equip/NE-dxAC-PkgAC-135to239-New-EER-10.8/instance-out.sql,100539.41,1100.79,11530.37,6626.33,0.0,37903.17,0.0,19513.68,3.37,0.0,0.0,0.0,23861.69,0.0,0.0,0.00,11530.37,1100.79,0.00,18423.46,19479.71
CZ09/RFF&0&cDXGF&New&dxAC_equip/NE-dxAC-PkgAC-135to239-New-EER-11.5/instance-out.sql,100247.91,1100.79,11238.87,6626.33,0.0,37903.17,0.0,19513.68,3.37,0.0,0.0,0.0,23861.69,0.0,0.0,0.00,11238.87,1100.79,0.00,18423.46,19479.71
CZ09/RFF&0&cDXGF&New&dxAC_equip/NE-dxAC-PkgAC-135to239-New-EER-12.0/instance-out.sql,100069.37,1100.79,11060.33,6626.33,0.0,37903.17,0.0,19513.68,3.37,0.0,0.0,0.0,23861.69,0.0,0.0,0.00,11060.33,1100.79,0.00,18423.46,19479.71
CZ09/RFF&0&cDXGF&New&dxAC_equip/NE-dxAC-PkgAC-135to239-New-EER-12.5/instance-out.sql,99895.33,1100.79,10886.3,6626.33,0.0,37903.17,0.0,19513.68,3.37,0.0,0.0,0.0,23861.69,0.0,0.0,0.00,10886.30,1100.79,0.00,18423.46,19479.71
CZ09/RFF&0&cDXGF&New&dxAC_equip/NE-dxAC-PkgAC-240to759-New-EER-9.8/instance-out.sql,100680.15,1100.79,11671.11,6626.33,0.0,37903.17,0.0,19513.68,3.37,0.0,0.0,0.0,23861.69,0.0,0.0,0.00,11671.11,1100.79,0.00,18423.46,19479.71
CZ09/RFF&0&cDXGF&New&dxAC_equip/NE-dxAC-PkgAC-240to759-New-EER-10.8/instance-out.sql,100236.98999999999,1100.79,11227.96,6626.33,0.0,37903.17,0.0,19513.68,3.37,0.0,0.0,0.0,23861.69,0.0,0.0,0.00,11227.96,1100.79,0.00,18423.46,19479.71
CZ09/RFF&0&cDXGF&New&dxAC_equip/NE-dxAC-PkgAC-240to759-New-EER-11.5/instance-out.sql,99961.3,1100.79,10952.26,6626.33,0.0,37903.17,0.0,19513.68,3.37,0.0,0.0,0.0,23861.69,0.0,0.0,0.00,10952.26,1100.79,0.00,18423.46,19479.71
CZ09/RFF&0&cDXGF&New&dxAC_equip/NE-dxAC-PkgAC-240to759-New-EER-12.5/instance-out.sql,99626.72,1100.79,10617.68,6626.33,0.0,37903.17,0.0,19513.68,3.37,0.0,0.0,0.0,23861.69,0.0,0.0,0.00,10617.68,1100.79,0.00,18423.46,19479.71
CZ09/RFF&0&cDXGF&New&dxAC_equip/NE-dxAC-PkgAC-gt760-New-EER-9.5/instance-out.sql,100576.98000000001,1100.79,11567.94,6626.33,0.0,37903.17,0.0,19513.68,3.37,0.0,0.0,0.0,23861.69,0.0,0.0,0.00,11567.94,1100.79,0.00,18423.46,19479.71
CZ09/RFF&0&cDXGF&New&dxAC_equip/NE-dxAC-PkgAC-gt760-New-EER-10.2/instance-out.sql,100247.91,1100.79,11238.87,6626.33,0.0,37903.17,0.0,19513.68,3.37,0.0,0.0,0.0,23861.69,0.0,0.0,0.00,11238.87,1100.79,0.00,18423.46,19479.71
CZ09/RFF&0&cDXGF&New&dxAC_equip/NE-dxAC-PkgAC-gt760-New-EER-11.0/instance-out.sql,99932.76999999999,1100.79,10923.73,6626.33,0.0,37903.17,0.0,19513.68,3.37,0.0,0.0,0.0,23861.69,0.0,0.0,0.00,10923.73,1100.79,0.00,18423.46,19479.71
CZ09/RFF&0&cDXGF&New&dxAC_equip/NE-dxAC-PkgAC-gt760-New-EER-12.0/instance-out.sql,99586.66,1100.79,10577.62,6626.33,0.0,37903.17,0.0,19513.68,3.37,0.0,0.0,0.0,23861.69,0.0,0.0,0.00,10577.62,1100.79,0.00,18423.46,19479.71
CZ09/RSD&0&cDXGF&New&dxAC_equip/NE-dxAC-PkgAC-65to134-New-EER-11.0/instance-out.sql,222408.09,18216.23,26915.18,16225.45,0.0,76546.73,0.0,24295.53,15.13,0.0,0.0,0.0,60193.84,0.0,0.0,0.00,26915.18,18216.23,0.00,37475.60,39071.13
CZ09/RSD&0&cDXGF&New&dxAC_equip/NE-dxAC-PkgAC-65to134-New-EER-11.5/instance-out.sql,222321.39,18216.23,26828.48,16225.45,0.0,76546.73,0.0,24295.53,15.13,0.0,0.0,0.0,60193.84,0.0,0.0,0.00,26828.48,18216.23,0.00,37475.60,39071.13
CZ09/RSD&0&cDXGF&New&dxAC_equip/NE-dxAC-PkgAC-65to134-New-EER-12.0/instance-out.sql,222241.81,18216.23,26748.9,16225.45,0.0,76546.73,0.0,24295.53,15.13,0.0,0.0,0.0,60193.84,0.0,0.0,0.00,26748.90,18216.23,0.00,37475.60,39071.13
CZ09/RSD&0&cDXGF&New&dxAC_equip/NE-dxAC-PkgAC-65to134-New-EER-12.5/instance-out.sql,222168.51,18216.23,26675.6,16225.45,0.0,76546.73,0.0,24295.53,15.13,0.0,0.0,0.0,60193.84,0.0,0.0,0.00,26675.60,18216.23,0.00,37475.60,39071.13
CZ09/RSD&0&cDXGF&New&dxAC_equip/NE-dxAC-PkgAC-65to134-New-EER-13.0/instance-out.sql,222096.94,18216.23,26604.04,16225.45,0.0,76546.73,0.0,24295.53,15.13,0.0,0.0,0.0,60193.84,0.0,0.0,0.00,26604.04,18216.23,0.00,37475.60,39071.13
CZ09/RSD&0&cDXGF&New&dxAC_equip/NE-dxAC-PkgAC-135to239-New-EER-10.8/instance-out.sql,222402.77000000002,18216.23,26909.86,16225.45,0.0,76546.73,0.0,24295.53,15.13,0.0,0.0,0.0,60193.84,0.0,0.0,0.00,26909.86,18216.23,0.00,37475.60,39071.13
CZ09/RSD&0&cDXGF&New&dxAC_equip/NE-dxAC-PkgAC-135to239-New-EER-11.5/instance-out.sql,222278.43,18216.23,26785.52,16225.45,0.0,76546.73,0.0,24295.53,15.13,0.0,0.0,0.0,60193.84,0.0,0.0,0.00,26785.52,18216.23,0.00,37475.60,39071.13
CZ09/RSD&0&cDXGF&New&dxAC_equip/NE-dxAC-PkgAC-135to239-New-EER-12.0/instance-out.sql,222202.27000000002,18216.23,26709.36,16225.45,0.0,76546.73,0.0,24295.53,15.13,0.0,0.0,0.0,60193.84,0.0,0.0,0.00,26709.36,18216.23,0.00,37475.60,39071.13
CZ09/RSD&0&cDXGF&New&dxAC_equip/NE-dxAC-PkgAC-135to239-New-EER-12.5/instance-out.sql,222128.03,18216.23,26635.12,16225.45,0.0,76546.73,0.0,24295.53,15.13,0.0,0.0,0.0,60193.84,0.0,0.0,0.00,26635.12,18216.23,0.00,37475.60,39071.13
CZ09/RSD&0&cDXGF&New&dxAC_equip/NE-dxAC-PkgAC-240to759-New-EER-9.8/instance-out.sql,222462.81,18216.23,26969.9,16225.45,0.0,76546.73,0.0,24295.53,15.13,0.0,0.0,0.0,60193.84,0.0,0.0,0.00,26969.90,18216.23,0.00,37475.60,39071.13
CZ09/RSD&0&cDXGF&New&dxAC_equip/NE-dxAC-PkgAC-240to759-New-EER-10.8/instance-out.sql,222273.77000000002,18216.23,26780.86,16225.45,0.0,76546.73,0.0,24295.53,15.13,0.0,0.0,0.0,60193.84,0.0,0.0,0.00,26780.86,18216.23,0.00,37475.60,39071.13
CZ09/RSD&0&cDXGF&New&dxAC_equip/NE-dxAC-PkgAC-240to759-New-EER-11.5/instance-out.sql,222156.16999999998,18216.23,26663.26,16225.45,0.0,76546.73,0.0,24295.53,15.13,0.0,0.0,0.0,60193.84,0.0,0.0,0.00,26663.26,18216.23,0.00,37475.60,39071.13
CZ09/RSD&0&cDXGF&New&dxAC_equip/NE-dxAC-PkgAC-240to759-New-EER-12.5/instance-out.sql,222013.45,18216.23,26520.54,16225.45,0.0,76546.73,0.0,24295.53,15.13,0.0,0.0,0.0,60193.84,0.0,0.0,0.00,26520.54,18216.23,0.00,37475.60,39071.13
CZ09/RSD&0&cDXGF&New&dxAC_equip/NE-dxAC-PkgAC-gt760-New-EER-9.5/instance-out.sql,222418.8,18216.23,26925.89,16225.45,0.0,76546.73,0.0,24295.53,15.13,0.0,0.0,0.0,60193.84,0.0,0.0,0.00,26925.89,18216.23,0.00,37475.60,39071.13
CZ09/RSD&0&cDXGF&New&dxAC_equip/NE-dxAC-PkgAC-gt760-New-EER-10.2/instance-out.sql,222278.43,18216.23,26785.52,16225.45,0.0,76546.73,0.0,24295.53,15.13,0.0,0.0,0.0,60193.84,0.0,0.0,0.00,26785.52,18216.23,0.00,37475.60,39071.13
CZ09/RSD&0&cDXGF&New&dxAC_equip/NE-dxAC-PkgAC-gt760-New-EER-11.0/instance-out.sql,222144.0,18216.23,26651.09,16225.45,0.0,76546.73,0.0,24295.53,15.13,0.0,0.0,0.0,60193.84,0.0,0.0,0.00,26651.09,18216.23,0.00,37475.60,39071.13
CZ09/RSD&0&cDXGF&New&dxAC_equip/NE-dxAC-PkgAC-gt760-New-EER-12.0/instance-out.sql,221996.36,18216.23,26503.45,16225.45,0.0,76546.73,0.0,24295.53,15.13,0.0,0.0,0.0,60193.84,0.0,0.0,0.00,26503.45,18216.23,0.00,37475.60,39071.13
CZ09/Rt3&0&cDXGF&New&dxAC_equip/NE-dxAC-PkgAC-65to134-New-EER-11.0/instance-out.sql,1815348.98,20741.98,252773.46,394371.6,0.0,436362.0,0.0,553850.96,3.38,0.0,0.0,0.0,157245.58,0.0,0.0,0.00,252773.46,20741.98,0.00,436362.00,0.00
CZ09/Rt3&0&cDXGF&New&dxAC_equip/NE-dxAC-PkgAC-65to134-New-EER-11.5/instance-out.sql,1804837.1,20741.98,242261.58,394371.6,0.0,436362.0,0.0,553850.96,3.38,0.0,0.0,0.0,157245.58,0.0,0.0,0.00,242261.58,20741.98,0.00,436362.00,0.00
CZ09/Rt3&0&cDXGF&New&dxAC_equip/NE-dxAC-PkgAC-65to134-New-EER-12.0/instance-out.sql,1795188.51,20741.98,232612.99,394371.6,0.0,436362.0,0.0,553850.96,3.38,0.0,0.0,0.0,157245.58,0.0,0.0,0.00,232612.99,20741.98,0.00,436362.00,0.00
CZ09/Rt3&0&cDXGF&New&dxAC_equip/NE-dxAC-PkgAC-65to134-New-EER-12.5/instance-out.sql,1786301.06,20741.98,223725.54,394371.6,0.0,436362.0,0.0,553850.96,3.38,0.0,0.0,0.0,157245.58,0.0,0.0,0.00,223725.54,20741.98,0.00,436362.00,0.00
CZ09/Rt3&0&cDXGF&New&dxAC_equip/NE-dxAC-PkgAC-65to134-New-EER-13.0/instance-out.sql,1777624.36,20741.98,215048.84,394371.6,0.0,436362.0,0.0,553850.96,3.38,0.0,0.0,0.0,157245.58,0.0,0.0,0.00,215048.84,20741.98,0.00,436362.00,0.00
CZ09/Rt3&0&cDXGF&New&dxAC_equip/NE-dxAC-PkgAC-135to239-New-EER-10.8/instance-out.sql,1814704.6700000002,20741.98,252129.15,394371.6,0.0,436362.0,0.0,553850.96,3.38,0.0,0.0,0.0,157245.58,0.0,0.0,0.00,252129.15,20741.98,0.00,436362.00,0.00
CZ09/Rt3&0&cDXGF&New&dxAC_equip/NE-dxAC-PkgAC-135to239-New-EER-11.5/instance-out.sql,1799628.37,20741.98,237052.85,394371.6,0.0,436362.0,0.0,553850.96,3.38,0.0,0.0,0.0,157245.58,0.0,0.0,0.00,237052.85,20741.98,0.00,436362.00,0.00
CZ09/Rt3&0&cDXGF&New&dxAC_equip/NE-dxAC-PkgAC-135to239-New-EER-12.0/instance-out.sql,1790394.4000000001,20741.98,227818.88,394371.6,0.0,436362.0,0.0,553850.96,3.38,0.0,0.0,0.0,157245.58,0.0,0.0,0.00,227818.88,20741.98,0.00,436362.00,0.00
CZ09/Rt3&0&cDXGF&New&dxAC_equip/NE-dxAC-PkgAC-135to239-New-EER-12.5/instance-out.sql,1781393.22,20741.98,218817.7,394371.6,0.0,436362.0,0.0,553850.96,3.38,0.0,0.0,0.0,157245.58,0.0,0.0,0.00,218817.70,20741.98,0.00,436362.00,0.00
CZ09/Rt3&0&cDXGF&New&dxAC_equip/NE-dxAC-PkgAC-240to759-New-EER-9.8/instance-out.sql,1821983.6700000002,20741.98,259408.15,394371.6,0.0,436362.0,0.0,553850.96,3.38,0.0,0.0,0.0,157245.58,0.0,0.0,0.00,259408.15,20741.98,0.00,436362.00,0.00
CZ09/Rt3&0&cDXGF&New&dxAC_equip/NE-dxAC-PkgAC-240to759-New-EER-10.8/instance-out.sql,1799063.84,20741.98,236488.32,394371.6,0.0,436362.0,0.0,553850.96,3.38,0.0,0.0,0.0,157245.58,0.0,0.0,0.00,236488.32,20741.98,0.00,436362.00,0.00
CZ09/Rt3&0&cDXGF&New&dxAC_equip/NE-dxAC-PkgAC-240to759-New-EER-11.5/instance-out.sql,1784804.96,20741.98,222229.44,394371.6,0.0,436362.0,0.0,553850.96,3.38,0.0,0.0,0.0,157245.58,0.0,0.0,0.00,222229.44,20741.98,0.00,436362.00,0.00
CZ09/Rt3&0&cDXGF&New&dxAC_equip/NE-dxAC-PkgAC-240to759-New-EER-12.5/instance-out.sql,1767500.52,20741.98,204925.0,394371.6,0.0,436362.0,0.0,553850.96,3.38,0.0,0.0,0.0,157245.58,0.0,0.0,0.00,204925.00,20741.98,0.00,436362.00,0.00
CZ09/Rt3&0&cDXGF&New&dxAC_equip/NE-dxAC-PkgAC-gt760-New-EER-9.5/instance-out.sql,1816647.84,20741.98,254072.32,394371.6,0.0,436362.0,0.0,553850.96,3.38,0.0,0.0,0.0,157245.58,0.0,0.0,0.00,254072.32,20741.98,0.00,436362.00,0.00
CZ09/Rt3&0&cDXGF&New&dxAC_equip/NE-dxAC-PkgAC-gt760-New-EER-10.2/instance-out.sql,1799628.37,20741.98,237052.85,394371.6,0.0,436362.0,0.0,553850.96,3.38,0.0,0.0,0.0,157245.58,0.0,0.0,0.00,237052.85,20741.98,0.00,436362.00,0.00
CZ09/Rt3&0&cDXGF&New&dxAC_equip/NE-dxAC-PkgAC-gt760-New-EER-11.0/instance-out.sql,1783329.4000000001,20741.98,220753.88,394371.6,0.0,436362.0,0.0,553850.96,3.38,0.0,0.0,0.0,157245.58,0.0,0.0,0.00,220753.88,20741.98,0.00,436362.00,0.00
CZ09/Rt3&0&cDXGF&New&dxAC_equip/NE-dxAC-PkgAC-gt760-New-EER-12.0/instance-out.sql,1765428.87,20741.98,202853.35,394371.6,0.0,436362.0,0.0,553850.96,3.38,0.0,0.0,0.0,157245.58,0.0,0.0,0.00,202853.35,20741.98,0.00,436362.00,0.00
CZ09/RtL&0&cDXGF&New&dxAC_equip/NE-dxAC-PkgAC-65to134-New-EER-11.0/instance-out.sql,1621943.51,4769.61,214066.44,395231.18,0.0,509200.67,0.0,382810.94,3.39,0.0,0.0,0.0,115861.26,0.0,0.0,0.00,214066.44,4769.61,0.00,468847.72,40352.95
CZ09/RtL&0&cDXGF&New&dxAC_equip/NE-dxAC-PkgAC-65to134-New-EER-11.5/instance-out.sql,1613326.82,4769.61,205449.75,395231.18,0.0,509200.67,0.0,382810.94,3.39,0.0,0.0,0.0,115861.26,0.0,0.0,0.00,205449.75,4769.61,0.00,468847.72,40352.95
CZ09/RtL&0&cDXGF&New&dxAC_equip/NE-dxAC-PkgAC-65to134-New-EER-12.0/instance-out.sql,1605417.78,4769.61,197540.71,395231.18,0.0,509200.67,0.0,382810.94,3.39,0.0,0.0,0.0,115861.26,0.0,0.0,0.00,197540.71,4769.61,0.00,468847.72,40352.95
CZ09/RtL&0&cDXGF&New&dxAC_equip/NE-dxAC-PkgAC-65to134-New-EER-12.5/instance-out.sql,1598132.6500000001,4769.61,190255.59,395231.18,0.0,509200.67,0.0,382810.94,3.39,0.0,0.0,0.0,115861.26,0.0,0.0,0.00,190255.59,4769.61,0.00,468847.72,40352.95
CZ09/RtL&0&cDXGF&New&dxAC_equip/NE-dxAC-PkgAC-65to134-New-EER-13.0/instance-out.sql,1591020.28,4769.61,183143.21,395231.18,0.0,509200.67,0.0,382810.94,3.39,0.0,0.0,0.0,115861.26,0.0,0.0,0.00,183143.21,4769.61,0.00,468847.72,40352.95
CZ09/RtL&0&cDXGF&New&dxAC_equip/NE-dxAC-PkgAC-135to239-New-EER-10.8/instance-out.sql,1621415.36,4769.61,213538.29,395231.18,0.0,509200.67,0.0,382810.94,3.39,0.0,0.0,0.0,115861.26,0.0,0.0,0.00,213538.29,4769.61,0.00,468847.72,40352.95
CZ09/RtL&0&cDXGF&New&dxAC_equip/NE-dxAC-PkgAC-135to239-New-EER-11.5/instance-out.sql,1609057.1700000002,4769.61,201180.11,395231.18,0.0,509200.67,0.0,382810.94,3.39,0.0,0.0,0.0,115861.26,0.0,0.0,0.00,201180.11,4769.61,0.00,468847.72,40352.95
CZ09/RtL&0&cDXGF&New&dxAC_equip/NE-dxAC-PkgAC-135to239-New-EER-12.0/instance-out.sql,1601488.0,4769.61,193610.94,395231.18,0.0,509200.67,0.0,382810.94,3.39,0.0,0.0,0.0,115861.26,0.0,0.0,0.00,193610.94,4769.61,0.00,468847.72,40352.95
CZ09/RtL&0&cDXGF&New&dxAC_equip/NE-dxAC-PkgAC-135to239-New-EER-12.5/instance-out.sql,1594109.6500000001,4769.61,186232.59,395231.18,0.0,509200.67,0.0,382810.94,3.39,0.0,0.0,0.0,115861.26,0.0,0.0,0.00,186232.59,4769.61,0.00,468847.72,40352.95
CZ09/RtL&0&cDXGF&New&dxAC_equip/NE-dxAC-PkgAC-240to759-New-EER-9.8/instance-out.sql,1627382.02,4769.61,219504.96,395231.18,0.0,509200.67,0.0,382810.94,3.39,0.0,0.0,0.0,115861.26,0.0,0.0,0.00,219504.96,4769.61,0.00,468847.72,40352.95
CZ09/RtL&0&cDXGF&New&dxAC_equip/NE-dxAC-PkgAC-240to759-New-EER-10.8/instance-out.sql,1608594.4200000002,4769.61,200717.36,395231.18,0.0,509200.67,0.0,382810.94,3.39,0.0,0.0,0.0,115861.26,0.0,0.0,0.00,200717.36,4769.61,0.00,468847.72,40352.95
CZ09/RtL&0&cDXGF&New&dxAC_equip/NE-dxAC-PkgAC-240to759-New-EER-11.5/instance-out.sql,1596906.29,4769.61,189029.22,395231.18,0.0,509200.67,0.0,382810.94,3.39,0.0,0.0,0.0,115861.26,0.0,0.0,0.00,189029.22,4769.61,0.00,468847.72,40352.95
CZ09/RtL&0&cDXGF&New&dxAC_equip/NE-dxAC-PkgAC-240to759-New-EER-12.5/instance-out.sql,1582721.6700000002,4769.61,174844.6,395231.18,0.0,509200.67,0.0,382810.94,3.39,0.0,0.0,0.0,115861.26,0.0,0.0,0.00,174844.60,4769.61,0.00,468847.72,40352.95
CZ09/RtL&0&cDXGF&New&dxAC_equip/NE-dxAC-PkgAC-gt760-New-EER-9.5/instance-out.sql,1623008.1900000002,4769.61,215131.13,395231.18,0.0,509200.67,0.0,382810.94,3.39,0.0,0.0,0.0,115861.26,0.0,0.0,0.00,215131.13,4769.61,0.00,468847.72,40352.95
CZ09/RtL&0&cDXGF&New&dxAC_equip/NE-dxAC-PkgAC-gt760-New-EER-10.2/instance-out.sql,1609057.1700000002,4769.61,201180.11,395231.18,0.0,509200.67,0.0,382810.94,3.39,0.0,0.0,0.0,115861.26,0.0,0.0,0.00,201180.11,4769.61,0.00,468847.72,40352.95
CZ09/RtL&0&cDXGF&New&dxAC_equip/NE-dxAC-PkgAC-gt760-New-EER-11.0/instance-out.sql,1595696.76,4769.61,187819.69,395231.18,0.0,509200.67,0.0,382810.94,3.39,0.0,0.0,0.0,115861.26,0.0,0.0,0.00,187819.69,4769.61,0.00,468847.72,40352.95
CZ09/RtL&0&cDXGF&New&dxAC_equip/NE-dxAC-PkgAC-gt760-New-EER-12.0/instance-out.sql,1581023.52,4769.61,173146.46,395231.18,0.0,509200.67,0.0,382810.94,3.39,0.0,0.0,0.0,115861.26,0.0,0.0,0.00,173146.46,4769.61,0.00,468847.72,40352.95
CZ09/RtS&0&cDXGF&New&dxAC_equip/NE-dxAC-PkgAC-65to134-New-EER-11.0/instance-out.sql,116595.12,3430.14,16579.04,23251.32,0.0,24440.79,0.0,34099.66,3.36,0.0,0.0,0.0,14790.8,0.0,0.0,0.00,16579.04,3430.14,0.00,24440.79,0.00
CZ09/RtS&0&cDXGF&New&dxAC_equip/NE-dxAC-PkgAC-65to134-New-EER-11.5/instance-out.sql,115885.19,3430.14,15869.12,23251.32,0.0,24440.79,0.0,34099.66,3.36,0.0,0.0,0.0,14790.8,0.0,0.0,0.00,15869.12,3430.14,0.00,24440.79,0.00
CZ09/RtS&0&cDXGF&New&dxAC_equip/NE-dxAC-PkgAC-65to134-New-EER-12.0/instance-out.sql,115233.57,3430.14,15217.5,23251.32,0.0,24440.79,0.0,34099.66,3.36,0.0,0.0,0.0,14790.8,0.0,0.0,0.00,15217.50,3430.14,0.00,24440.79,0.00
CZ09/RtS&0&cDXGF&New&dxAC_equip/NE-dxAC-PkgAC-65to134-New-EER-12.5/instance-out.sql,114633.35,3430.14,14617.28,23251.32,0.0,24440.79,0.0,34099.66,3.36,0.0,0.0,0.0,14790.8,0.0,0.0,0.00,14617.28,3430.14,0.00,24440.79,0.00
CZ09/RtS&0&cDXGF&New&dxAC_equip/NE-dxAC-PkgAC-65to134-New-EER-13.0/instance-out.sql,114047.37,3430.14,14031.29,23251.32,0.0,24440.79,0.0,34099.66,3.36,0.0,0.0,0.0,14790.8,0.0,0.0,0.00,14031.29,3430.14,0.00,24440.79,0.00
CZ09/RtS&0&cDXGF&New&dxAC_equip/NE-dxAC-PkgAC-135to239-New-EER-10.8/instance-out.sql,116551.6,3430.14,16535.53,23251.32,0.0,24440.79,0.0,34099.66,3.36,0.0,0.0,0.0,14790.8,0.0,0.0,0.00,16535.53,3430.14,0.00,24440.79,0.00
CZ09/RtS&0&cDXGF&New&dxAC_equip/NE-dxAC-PkgAC-135to239-New-EER-11.5/instance-out.sql,115533.42,3430.14,15517.35,23251.32,0.0,24440.79,0.0,34099.66,3.36,0.0,0.0,0.0,14790.8,0.0,0.0,0.00,15517.35,3430.14,0.00,24440.79,0.00
CZ09/RtS&0&cDXGF&New&dxAC_equip/NE-dxAC-PkgAC-135to239-New-EER-12.0/instance-out.sql,114909.8,3430.14,14893.72,23251.32,0.0,24440.79,0.0,34099.66,3.36,0.0,0.0,0.0,14790.8,0.0,0.0,0.00,14893.72,3430.14,0.00,24440.79,0.00
CZ09/RtS&0&cDXGF&New&dxAC_equip/NE-dxAC-PkgAC-135to239-New-EER-12.5/instance-out.sql,114301.90000000001,3430.14,14285.83,23251.32,0.0,24440.79,0.0,34099.66,3.36,0.0,0.0,0.0,14790.8,0.0,0.0,0.00,14285.83,3430.14,0.00,24440.79,0.00
CZ09/RtS&0&cDXGF&New&dxAC_equip/NE-dxAC-PkgAC-240to759-New-EER-9.8/instance-out.sql,117043.2,3430.14,17027.12,23251.32,0.0,24440.79,0.0,34099.66,3.36,0.0,0.0,0.0,14790.8,0.0,0.0,0.00,17027.12,3430.14,0.00,24440.79,0.00
CZ09/RtS&0&cDXGF&New&dxAC_equip/NE-dxAC-PkgAC-240to759-New-EER-10.8/instance-out.sql,115495.29000000001,3430.14,15479.22,23251.32,0.0,24440.79,0.0,34099.66,3.36,0.0,0.0,0.0,14790.8,0.0,0.0,0.00,15479.22,3430.14,0.00,24440.79,0.00
CZ09/RtS&0&cDXGF&New&dxAC_equip/NE-dxAC-PkgAC-240to759-New-EER-11.5/instance-out.sql,114532.31,3430.14,14516.24,23251.32,0.0,24440.79,0.0,34099.66,3.36,0.0,0.0,0.0,14790.8,0.0,0.0,0.00,14516.24,3430.14,0.00,24440.79,0.00
CZ09/RtS&0&cDXGF&New&dxAC_equip/NE-dxAC-PkgAC-240to759-New-EER-12.5/instance-out.sql,113363.65000000001,3430.14,13347.58,23251.32,0.0,24440.79,0.0,34099.66,3.36,0.0,0.0,0.0,14790.8,0.0,0.0,0.00,13347.58,3430.14,0.00,24440.79,0.00
CZ09/RtS&0&cDXGF&New&dxAC_equip/NE-dxAC-PkgAC-gt760-New-EER-9.5/instance-out.sql,116682.84,3430.14,16666.76,23251.32,0.0,24440.79,0.0,34099.66,3.36,0.0,0.0,0.0,14790.8,0.0,0.0,0.00,16666.76,3430.14,0.00,24440.79,0.00
CZ09/RtS&0&cDXGF&New&dxAC_equip/NE-dxAC-PkgAC-gt760-New-EER-10.2/instance-out.sql,115533.42,3430.14,15517.35,23251.32,0.0,24440.79,0.0,34099.66,3.36,0.0,0.0,0.0,14790.8,0.0,0.0,0.00,15517.35,3430.14,0.00,24440.79,0.00
CZ09/RtS&0&cDXGF&New&dxAC_equip/NE-dxAC-PkgAC-gt760-New-EER-11.0/instance-out.sql,114432.66,3430.14,14416.59,23251.32,0.0,24440.79,0.0,34099.66,3.36,0.0,0.0,0.0,14790.8,0.0,0.0,0.00,14416.59,3430.14,0.00,24440.79,0.00
CZ09/RtS&0&cDXGF&New&dxAC_equip/NE-dxAC-PkgAC-gt760-New-EER-12.0/instance-out.sql,113223.74,3430.14,13207.67,23251.32,0.0,24440.79,0.0,34099.66,3.36,0.0,0.0,0.0,14790.8,0.0,0.0,0.00,13207.67,3430.14,0.00,24440.79,0.00
CZ09/SCn&0&cDXGF&New&dxAC_equip/NE-dxAC-PkgAC-65to134-New-EER-11.0/instance-out.sql,2539771.08,124987.63,315694.54,571539.04,0.0,449066.39,0.0,1000801.79,3.36,0.0,0.0,0.0,77678.33,0.0,0.0,0.00,315694.54,124987.63,0.00,449066.39,0.00
CZ09/SCn&0&cDXGF&New&dxAC_equip/NE-dxAC-PkgAC-65to134-New-EER-11.5/instance-out.sql,2526252.6900000004,124987.63,302176.14,571539.04,0.0,449066.39,0.0,1000801.79,3.36,0.0,0.0,0.0,77678.33,0.0,0.0,0.00,302176.14,124987.63,0.00,449066.39,0.00
CZ09/SCn&0&cDXGF&New&dxAC_equip/NE-dxAC-PkgAC-65to134-New-EER-12.0/instance-out.sql,2513844.49,124987.63,289767.95,571539.04,0.0,449066.39,0.0,1000801.79,3.36,0.0,0.0,0.0,77678.33,0.0,0.0,0.00,289767.95,124987.63,0.00,449066.39,0.00
CZ09/SCn&0&cDXGF&New&dxAC_equip/NE-dxAC-PkgAC-65to134-New-EER-12.5/instance-out.sql,2502415.14,124987.63,278338.6,571539.04,0.0,449066.39,0.0,1000801.79,3.36,0.0,0.0,0.0,77678.33,0.0,0.0,0.00,278338.60,124987.63,0.00,449066.39,0.00
CZ09/SCn&0&cDXGF&New&dxAC_equip/NE-dxAC-PkgAC-65to134-New-EER-13.0/instance-out.sql,2491256.81,124987.63,267180.26,571539.04,0.0,449066.39,0.0,1000801.79,3.36,0.0,0.0,0.0,77678.33,0.0,0.0,0.00,267180.26,124987.63,0.00,449066.39,0.00
CZ09/SCn&0&cDXGF&New&dxAC_equip/NE-dxAC-PkgAC-135to239-New-EER-10.8/instance-out.sql,2538942.49,124987.63,314865.94,571539.04,0.0,449066.39,0.0,1000801.79,3.36,0.0,0.0,0.0,77678.33,0.0,0.0,0.00,314865.94,124987.63,0.00,449066.39,0.00
CZ09/SCn&0&cDXGF&New&dxAC_equip/NE-dxAC-PkgAC-135to239-New-EER-11.5/instance-out.sql,2519554.2,124987.63,295477.66,571539.04,0.0,449066.39,0.0,1000801.79,3.36,0.0,0.0,0.0,77678.33,0.0,0.0,0.00,295477.66,124987.63,0.00,449066.39,0.00
CZ09/SCn&0&cDXGF&New&dxAC_equip/NE-dxAC-PkgAC-135to239-New-EER-12.0/instance-out.sql,2507679.22,124987.63,283602.68,571539.04,0.0,449066.39,0.0,1000801.79,3.36,0.0,0.0,0.0,77678.33,0.0,0.0,0.00,283602.68,124987.63,0.00,449066.39,0.00
CZ09/SCn&0&cDXGF&New&dxAC_equip/NE-dxAC-PkgAC-135to239-New-EER-12.5/instance-out.sql,2496103.6100000003,124987.63,272027.07,571539.04,0.0,449066.39,0.0,1000801.79,3.36,0.0,0.0,0.0,77678.33,0.0,0.0,0.00,272027.07,124987.63,0.00,449066.39,0.00
CZ09/SCn&0&cDXGF&New&dxAC_equip/NE-dxAC-PkgAC-240to759-New-EER-9.8/instance-out.sql,2548303.3600000003,124987.63,324226.82,571539.04,0.0,449066.39,0.0,1000801.79,3.36,0.0,0.0,0.0,77678.33,0.0,0.0,0.00,324226.82,124987.63,0.00,449066.39,0.00
CZ09/SCn&0&cDXGF&New&dxAC_equip/NE-dxAC-PkgAC-240to759-New-EER-10.8/instance-out.sql,2518828.2100000004,124987.63,294751.67,571539.04,0.0,449066.39,0.0,1000801.79,3.36,0.0,0.0,0.0,77678.33,0.0,0.0,0.00,294751.67,124987.63,0.00,449066.39,0.00
CZ09/SCn&0&cDXGF&New&dxAC_equip/NE-dxAC-PkgAC-240to759-New-EER-11.5/instance-out.sql,2500491.14,124987.63,276414.6,571539.04,0.0,449066.39,0.0,1000801.79,3.36,0.0,0.0,0.0,77678.33,0.0,0.0,0.00,276414.60,124987.63,0.00,449066.39,0.00
CZ09/SCn&0&cDXGF&New&dxAC_equip/NE-dxAC-PkgAC-240to759-New-EER-12.5/instance-out.sql,2478237.4400000004,124987.63,254160.9,571539.04,0.0,449066.39,0.0,1000801.79,3.36,0.0,0.0,0.0,77678.33,0.0,0.0,0.00,254160.90,124987.63,0.00,449066.39,0.00
CZ09/SCn&0&cDXGF&New&dxAC_equip/NE-dxAC-PkgAC-gt760-New-EER-9.5/instance-out.sql,2541441.4200000004,124987.63,317364.88,571539.04,0.0,449066.39,0.0,1000801.79,3.36,0.0,0.0,0.0,77678.33,0.0,0.0,0.00,317364.88,124987.63,0.00,449066.39,0.00
CZ09/SCn&0&cDXGF&New&dxAC_equip/NE-dxAC-PkgAC-gt760-New-EER-10.2/instance-out.sql,2519554.2,124987.63,295477.66,571539.04,0.0,449066.39,0.0,1000801.79,3.36,0.0,0.0,0.0,77678.33,0.0,0.0,0.00,295477.66,124987.63,0.00,449066.39,0.00
CZ09/SCn&0&cDXGF&New&dxAC_equip/NE-dxAC-PkgAC-gt760-New-EER-11.0/instance-out.sql,2498593.56,124987.63,274517.02,571539.04,0.0,449066.39,0.0,1000801.79,3.36,0.0,0.0,0.0,77678.33,0.0,0.0,0.00,274517.02,124987.63,0.00,449066.39,0.00
CZ09/SCn&0&cDXGF&New&dxAC_equip/NE-dxAC-PkgAC-gt760-New-EER-12.0/instance-out.sql,2475573.2800000003,124987.63,251496.74,571539.04,0.0,449066.39,0.0,1000801.79,3.36,0.0,0.0,0.0,77678.33,0.0,0.0,0.00,251496.74,124987.63,0.00,449066.39,0.00
CZ10/Asm&0&cDXGF&New&dxAC_equip/NE-dxAC-PkgAC-65to134-New-EER-11.0/instance-out.sql,689604.82,97101.57,157528.26,76844.55,0.0,145823.51,0.0,191376.16,3.36,0.0,0.0,0.0,20927.43,0.0,0.0,0.00,157528.26,97101.57,0.00,145823.51,0.00
CZ10/Asm&0&cDXGF&New&dxAC_equip/NE-dxAC-PkgAC-65to134-New-EER-11.5/instance-out.sql,682861.61,97101.57,150785.05,76844.55,0.0,145823.51,0.0,191376.16,3.36,0.0,0.0,0.0,20927.43,0.0,0.0,0.00,150785.05,97101.57,0.00,145823.51,0.00
CZ10/Asm&0&cDXGF&New&dxAC_equip/NE-dxAC-PkgAC-65to134-New-EER-12.0/instance-out.sql,676672.2,97101.57,144595.63,76844.55,0.0,145823.51,0.0,191376.16,3.36,0.0,0.0,0.0,20927.43,0.0,0.0,0.00,144595.63,97101.57,0.00,145823.51,0.00
CZ10/Asm&0&cDXGF&New&dxAC_equip/NE-dxAC-PkgAC-65to134-New-EER-12.5/instance-out.sql,670971.04,97101.57,138894.47,76844.55,0.0,145823.51,0.0,191376.16,3.36,0.0,0.0,0.0,20927.43,0.0,0.0,0.00,138894.47,97101.57,0.00,145823.51,0.00
CZ10/Asm&0&cDXGF&New&dxAC_equip/NE-dxAC-PkgAC-65to134-New-EER-13.0/instance-out.sql,665405.07,97101.57,133328.51,76844.55,0.0,145823.51,0.0,191376.16,3.36,0.0,0.0,0.0,20927.43,0.0,0.0,0.00,133328.51,97101.57,0.00,145823.51,0.00
CZ10/Asm&0&cDXGF&New&dxAC_equip/NE-dxAC-PkgAC-135to239-New-EER-10.8/instance-out.sql,689191.51,97101.57,157114.94,76844.55,0.0,145823.51,0.0,191376.16,3.36,0.0,0.0,0.0,20927.43,0.0,0.0,0.00,157114.94,97101.57,0.00,145823.51,0.00
CZ10/Asm&0&cDXGF&New&dxAC_equip/NE-dxAC-PkgAC-135to239-New-EER-11.5/instance-out.sql,679520.3,97101.57,147443.73,76844.55,0.0,145823.51,0.0,191376.16,3.36,0.0,0.0,0.0,20927.43,0.0,0.0,0.00,147443.73,97101.57,0.00,145823.51,0.00
CZ10/Asm&0&cDXGF&New&dxAC_equip/NE-dxAC-PkgAC-135to239-New-EER-12.0/instance-out.sql,673596.85,97101.57,141520.29,76844.55,0.0,145823.51,0.0,191376.16,3.36,0.0,0.0,0.0,20927.43,0.0,0.0,0.00,141520.29,97101.57,0.00,145823.51,0.00
CZ10/Asm&0&cDXGF&New&dxAC_equip/NE-dxAC-PkgAC-135to239-New-EER-12.5/instance-out.sql,667822.74,97101.57,135746.17,76844.55,0.0,145823.51,0.0,191376.16,3.36,0.0,0.0,0.0,20927.43,0.0,0.0,0.00,135746.17,97101.57,0.00,145823.51,0.00
CZ10/Asm&0&cDXGF&New&dxAC_equip/NE-dxAC-PkgAC-240to759-New-EER-9.8/instance-out.sql,693860.87,97101.57,161784.31,76844.55,0.0,145823.51,0.0,191376.16,3.36,0.0,0.0,0.0,20927.43,0.0,0.0,0.00,161784.31,97101.57,0.00,145823.51,0.00
CZ10/Asm&0&cDXGF&New&dxAC_equip/NE-dxAC-PkgAC-240to759-New-EER-10.8/instance-out.sql,679158.16,97101.57,147081.6,76844.55,0.0,145823.51,0.0,191376.16,3.36,0.0,0.0,0.0,20927.43,0.0,0.0,0.00,147081.60,97101.57,0.00,145823.51,0.00
CZ10/Asm&0&cDXGF&New&dxAC_equip/NE-dxAC-PkgAC-240to759-New-EER-11.5/instance-out.sql,670011.3099999999,97101.57,137934.75,76844.55,0.0,145823.51,0.0,191376.16,3.36,0.0,0.0,0.0,20927.43,0.0,0.0,0.00,137934.75,97101.57,0.00,145823.51,0.00
CZ10/Asm&0&cDXGF&New&dxAC_equip/NE-dxAC-PkgAC-240to759-New-EER-12.5/instance-out.sql,658910.79,97101.57,126834.22,76844.55,0.0,145823.51,0.0,191376.16,3.36,0.0,0.0,0.0,20927.43,0.0,0.0,0.00,126834.22,97101.57,0.00,145823.51,0.00
CZ10/Asm&0&cDXGF&New&dxAC_equip/NE-dxAC-PkgAC-gt760-New-EER-9.5/instance-out.sql,690438.02,97101.57,158361.45,76844.55,0.0,145823.51,0.0,191376.16,3.36,0.0,0.0,0.0,20927.43,0.0,0.0,0.00,158361.45,97101.57,0.00,145823.51,0.00
CZ10/Asm&0&cDXGF&New&dxAC_equip/NE-dxAC-PkgAC-gt760-New-EER-10.2/instance-out.sql,679520.3,97101.57,147443.73,76844.55,0.0,145823.51,0.0,191376.16,3.36,0.0,0.0,0.0,20927.43,0.0,0.0,0.00,147443.73,97101.57,0.00,145823.51,0.00
CZ10/Asm&0&cDXGF&New&dxAC_equip/NE-dxAC-PkgAC-gt760-New-EER-11.0/instance-out.sql,669064.77,97101.57,136988.2,76844.55,0.0,145823.51,0.0,191376.16,3.36,0.0,0.0,0.0,20927.43,0.0,0.0,0.00,136988.20,97101.57,0.00,145823.51,0.00
CZ10/Asm&0&cDXGF&New&dxAC_equip/NE-dxAC-PkgAC-gt760-New-EER-12.0/instance-out.sql,657581.86,97101.57,125505.29,76844.55,0.0,145823.51,0.0,191376.16,3.36,0.0,0.0,0.0,20927.43,0.0,0.0,0.00,125505.29,97101.57,0.00,145823.51,0.00
CZ10/ECC&0&cDXGF&New&dxAC_equip/NE-dxAC-PkgAC-65to134-New-EER-11.0/instance-out.sql,2530599.38,53207.38,380438.36,167224.54,0.0,1013813.91,0.0,513995.46,957.08,0.0,0.0,0.0,400962.65,0.0,0.0,0.00,380438.36,53207.38,0.00,945189.93,68623.98
CZ10/ECC&0&cDXGF&New&dxAC_equip/NE-dxAC-PkgAC-65to134-New-EER-11.5/instance-out.sql,2517952.0700000003,53207.38,367791.05,167224.54,0.0,1013813.91,0.0,513995.46,957.08,0.0,0.0,0.0,400962.65,0.0,0.0,0.00,367791.05,53207.38,0.00,945189.93,68623.98
CZ10/ECC&0&cDXGF&New&dxAC_equip/NE-dxAC-PkgAC-65to134-New-EER-12.0/instance-out.sql,2506343.44,53207.38,356182.41,167224.54,0.0,1013813.91,0.0,513995.46,957.08,0.0,0.0,0.0,400962.65,0.0,0.0,0.00,356182.41,53207.38,0.00,945189.93,68623.98
CZ10/ECC&0&cDXGF&New&dxAC_equip/NE-dxAC-PkgAC-65to134-New-EER-12.5/instance-out.sql,2495650.56,53207.38,345489.54,167224.54,0.0,1013813.91,0.0,513995.46,957.08,0.0,0.0,0.0,400962.65,0.0,0.0,0.00,345489.54,53207.38,0.00,945189.93,68623.98
CZ10/ECC&0&cDXGF&New&dxAC_equip/NE-dxAC-PkgAC-65to134-New-EER-13.0/instance-out.sql,2485211.24,53207.38,335050.22,167224.54,0.0,1013813.91,0.0,513995.46,957.08,0.0,0.0,0.0,400962.65,0.0,0.0,0.00,335050.22,53207.38,0.00,945189.93,68623.98
CZ10/ECC&0&cDXGF&New&dxAC_equip/NE-dxAC-PkgAC-135to239-New-EER-10.8/instance-out.sql,2529824.1799999997,53207.38,379663.15,167224.54,0.0,1013813.91,0.0,513995.46,957.08,0.0,0.0,0.0,400962.65,0.0,0.0,0.00,379663.15,53207.38,0.00,945189.93,68623.98
CZ10/ECC&0&cDXGF&New&dxAC_equip/NE-dxAC-PkgAC-135to239-New-EER-11.5/instance-out.sql,2511685.23,53207.38,361524.2,167224.54,0.0,1013813.91,0.0,513995.46,957.08,0.0,0.0,0.0,400962.65,0.0,0.0,0.00,361524.20,53207.38,0.00,945189.93,68623.98
CZ10/ECC&0&cDXGF&New&dxAC_equip/NE-dxAC-PkgAC-135to239-New-EER-12.0/instance-out.sql,2500575.44,53207.38,350414.41,167224.54,0.0,1013813.91,0.0,513995.46,957.08,0.0,0.0,0.0,400962.65,0.0,0.0,0.00,350414.41,53207.38,0.00,945189.93,68623.98
CZ10/ECC&0&cDXGF&New&dxAC_equip/NE-dxAC-PkgAC-135to239-New-EER-12.5/instance-out.sql,2489745.73,53207.38,339584.71,167224.54,0.0,1013813.91,0.0,513995.46,957.08,0.0,0.0,0.0,400962.65,0.0,0.0,0.00,339584.71,53207.38,0.00,945189.93,68623.98
CZ10/ECC&0&cDXGF&New&dxAC_equip/NE-dxAC-PkgAC-240to759-New-EER-9.8/instance-out.sql,2538581.8600000003,53207.38,388420.84,167224.54,0.0,1013813.91,0.0,513995.46,957.08,0.0,0.0,0.0,400962.65,0.0,0.0,0.00,388420.84,53207.38,0.00,945189.93,68623.98
CZ10/ECC&0&cDXGF&New&dxAC_equip/NE-dxAC-PkgAC-240to759-New-EER-10.8/instance-out.sql,2511006.02,53207.38,360844.99,167224.54,0.0,1013813.91,0.0,513995.46,957.08,0.0,0.0,0.0,400962.65,0.0,0.0,0.00,360844.99,53207.38,0.00,945189.93,68623.98
CZ10/ECC&0&cDXGF&New&dxAC_equip/NE-dxAC-PkgAC-240to759-New-EER-11.5/instance-out.sql,2493850.54,53207.38,343689.52,167224.54,0.0,1013813.91,0.0,513995.46,957.08,0.0,0.0,0.0,400962.65,0.0,0.0,0.00,343689.52,53207.38,0.00,945189.93,68623.98
CZ10/ECC&0&cDXGF&New&dxAC_equip/NE-dxAC-PkgAC-240to759-New-EER-12.5/instance-out.sql,2473030.81,53207.38,322869.79,167224.54,0.0,1013813.91,0.0,513995.46,957.08,0.0,0.0,0.0,400962.65,0.0,0.0,0.00,322869.79,53207.38,0.00,945189.93,68623.98
CZ10/ECC&0&cDXGF&New&dxAC_equip/NE-dxAC-PkgAC-gt760-New-EER-9.5/instance-out.sql,2532162.09,53207.38,382001.06,167224.54,0.0,1013813.91,0.0,513995.46,957.08,0.0,0.0,0.0,400962.65,0.0,0.0,0.00,382001.06,53207.38,0.00,945189.93,68623.98
CZ10/ECC&0&cDXGF&New&dxAC_equip/NE-dxAC-PkgAC-gt760-New-EER-10.2/instance-out.sql,2511685.23,53207.38,361524.2,167224.54,0.0,1013813.91,0.0,513995.46,957.08,0.0,0.0,0.0,400962.65,0.0,0.0,0.00,361524.20,53207.38,0.00,945189.93,68623.98
CZ10/ECC&0&cDXGF&New&dxAC_equip/NE-dxAC-PkgAC-gt760-New-EER-11.0/instance-out.sql,2492075.23,53207.38,341914.21,167224.54,0.0,1013813.91,0.0,513995.46,957.08,0.0,0.0,0.0,400962.65,0.0,0.0,0.00,341914.21,53207.38,0.00,945189.93,68623.98
CZ10/ECC&0&cDXGF&New&dxAC_equip/NE-dxAC-PkgAC-gt760-New-EER-12.0/instance-out.sql,2470538.3200000003,53207.38,320377.3,167224.54,0.0,1013813.91,0.0,513995.46,957.08,0.0,0.0,0.0,400962.65,0.0,0.0,0.00,320377.30,53207.38,0.00,945189.93,68623.98
CZ10/EPr&0&cDXGF&New&dxAC_equip/NE-dxAC-PkgAC-65to134-New-EER-11.0/instance-out.sql,366597.94,13105.27,56500.18,30835.78,0.0,125897.03,0.0,63202.58,3.37,0.0,0.0,0.0,77053.72,0.0,0.0,0.00,56500.18,13105.27,0.00,83226.75,42670.28
CZ10/EPr&0&cDXGF&New&dxAC_equip/NE-dxAC-PkgAC-65to134-New-EER-11.5/instance-out.sql,364693.9,13105.27,54596.15,30835.78,0.0,125897.03,0.0,63202.58,3.37,0.0,0.0,0.0,77053.72,0.0,0.0,0.00,54596.15,13105.27,0.00,83226.75,42670.28
CZ10/EPr&0&cDXGF&New&dxAC_equip/NE-dxAC-PkgAC-65to134-New-EER-12.0/instance-out.sql,362946.23,13105.27,52848.48,30835.78,0.0,125897.03,0.0,63202.58,3.37,0.0,0.0,0.0,77053.72,0.0,0.0,0.00,52848.48,13105.27,0.00,83226.75,42670.28
CZ10/EPr&0&cDXGF&New&dxAC_equip/NE-dxAC-PkgAC-65to134-New-EER-12.5/instance-out.sql,361336.43,13105.27,51238.68,30835.78,0.0,125897.03,0.0,63202.58,3.37,0.0,0.0,0.0,77053.72,0.0,0.0,0.00,51238.68,13105.27,0.00,83226.75,42670.28
CZ10/EPr&0&cDXGF&New&dxAC_equip/NE-dxAC-PkgAC-65to134-New-EER-13.0/instance-out.sql,359764.81,13105.27,49667.05,30835.78,0.0,125897.03,0.0,63202.58,3.37,0.0,0.0,0.0,77053.72,0.0,0.0,0.00,49667.05,13105.27,0.00,83226.75,42670.28
CZ10/EPr&0&cDXGF&New&dxAC_equip/NE-dxAC-PkgAC-135to239-New-EER-10.8/instance-out.sql,366481.23,13105.27,56383.48,30835.78,0.0,125897.03,0.0,63202.58,3.37,0.0,0.0,0.0,77053.72,0.0,0.0,0.00,56383.48,13105.27,0.00,83226.75,42670.28
CZ10/EPr&0&cDXGF&New&dxAC_equip/NE-dxAC-PkgAC-135to239-New-EER-11.5/instance-out.sql,363750.43,13105.27,53652.68,30835.78,0.0,125897.03,0.0,63202.58,3.37,0.0,0.0,0.0,77053.72,0.0,0.0,0.00,53652.68,13105.27,0.00,83226.75,42670.28
CZ10/EPr&0&cDXGF&New&dxAC_equip/NE-dxAC-PkgAC-135to239-New-EER-12.0/instance-out.sql,362077.87,13105.27,51980.11,30835.78,0.0,125897.03,0.0,63202.58,3.37,0.0,0.0,0.0,77053.72,0.0,0.0,0.00,51980.11,13105.27,0.00,83226.75,42670.28
CZ10/EPr&0&cDXGF&New&dxAC_equip/NE-dxAC-PkgAC-135to239-New-EER-12.5/instance-out.sql,360447.47,13105.27,50349.71,30835.78,0.0,125897.03,0.0,63202.58,3.37,0.0,0.0,0.0,77053.72,0.0,0.0,0.00,50349.71,13105.27,0.00,83226.75,42670.28
CZ10/EPr&0&cDXGF&New&dxAC_equip/NE-dxAC-PkgAC-240to759-New-EER-9.8/instance-out.sql,367799.69,13105.27,57701.94,30835.78,0.0,125897.03,0.0,63202.58,3.37,0.0,0.0,0.0,77053.72,0.0,0.0,0.00,57701.94,13105.27,0.00,83226.75,42670.28
CZ10/EPr&0&cDXGF&New&dxAC_equip/NE-dxAC-PkgAC-240to759-New-EER-10.8/instance-out.sql,363648.18,13105.27,53550.42,30835.78,0.0,125897.03,0.0,63202.58,3.37,0.0,0.0,0.0,77053.72,0.0,0.0,0.00,53550.42,13105.27,0.00,83226.75,42670.28
CZ10/EPr&0&cDXGF&New&dxAC_equip/NE-dxAC-PkgAC-240to759-New-EER-11.5/instance-out.sql,361065.44,13105.27,50967.69,30835.78,0.0,125897.03,0.0,63202.58,3.37,0.0,0.0,0.0,77053.72,0.0,0.0,0.00,50967.69,13105.27,0.00,83226.75,42670.28
CZ10/EPr&0&cDXGF&New&dxAC_equip/NE-dxAC-PkgAC-240to759-New-EER-12.5/instance-out.sql,357931.05,13105.27,47833.3,30835.78,0.0,125897.03,0.0,63202.58,3.37,0.0,0.0,0.0,77053.72,0.0,0.0,0.00,47833.30,13105.27,0.00,83226.75,42670.28
CZ10/EPr&0&cDXGF&New&dxAC_equip/NE-dxAC-PkgAC-gt760-New-EER-9.5/instance-out.sql,366833.19999999995,13105.27,56735.45,30835.78,0.0,125897.03,0.0,63202.58,3.37,0.0,0.0,0.0,77053.72,0.0,0.0,0.00,56735.45,13105.27,0.00,83226.75,42670.28
CZ10/EPr&0&cDXGF&New&dxAC_equip/NE-dxAC-PkgAC-gt760-New-EER-10.2/instance-out.sql,363750.43,13105.27,53652.68,30835.78,0.0,125897.03,0.0,63202.58,3.37,0.0,0.0,0.0,77053.72,0.0,0.0,0.00,53652.68,13105.27,0.00,83226.75,42670.28
CZ10/EPr&0&cDXGF&New&dxAC_equip/NE-dxAC-PkgAC-gt760-New-EER-11.0/instance-out.sql,360798.17,13105.27,50700.42,30835.78,0.0,125897.03,0.0,63202.58,3.37,0.0,0.0,0.0,77053.72,0.0,0.0,0.00,50700.42,13105.27,0.00,83226.75,42670.28
CZ10/EPr&0&cDXGF&New&dxAC_equip/NE-dxAC-PkgAC-gt760-New-EER-12.0/instance-out.sql,357555.81,13105.27,47458.06,30835.78,0.0,125897.03,0.0,63202.58,3.37,0.0,0.0,0.0,77053.72,0.0,0.0,0.00,47458.06,13105.27,0.00,83226.75,42670.28
CZ10/ERC&0&cDXGF&New&dxAC_equip/NE-dxAC-PkgAC-65to134-New-EER-11.0/instance-out.sql,17840.68,793.21,1918.71,1016.35,0.0,2196.82,0.0,2938.47,3.36,0.0,0.0,0.0,8973.77,0.0,0.0,0.00,1918.71,793.21,0.00,2196.82,0.00
CZ10/ERC&0&cDXGF&New&dxAC_equip/NE-dxAC-PkgAC-65to134-New-EER-11.5/instance-out.sql,17758.989999999998,793.21,1837.02,1016.35,0.0,2196.82,0.0,2938.47,3.36,0.0,0.0,0.0,8973.77,0.0,0.0,0.00,1837.02,793.21,0.00,2196.82,0.00
CZ10/ERC&0&cDXGF&New&dxAC_equip/NE-dxAC-PkgAC-65to134-New-EER-12.0/instance-out.sql,17684.0,793.21,1762.03,1016.35,0.0,2196.82,0.0,2938.47,3.36,0.0,0.0,0.0,8973.77,0.0,0.0,0.00,1762.03,793.21,0.00,2196.82,0.00
CZ10/ERC&0&cDXGF&New&dxAC_equip/NE-dxAC-PkgAC-65to134-New-EER-12.5/instance-out.sql,17614.93,793.21,1692.96,1016.35,0.0,2196.82,0.0,2938.47,3.36,0.0,0.0,0.0,8973.77,0.0,0.0,0.00,1692.96,793.21,0.00,2196.82,0.00
CZ10/ERC&0&cDXGF&New&dxAC_equip/NE-dxAC-PkgAC-65to134-New-EER-13.0/instance-out.sql,17547.5,793.21,1625.53,1016.35,0.0,2196.82,0.0,2938.47,3.36,0.0,0.0,0.0,8973.77,0.0,0.0,0.00,1625.53,793.21,0.00,2196.82,0.00
CZ10/ERC&0&cDXGF&New&dxAC_equip/NE-dxAC-PkgAC-135to239-New-EER-10.8/instance-out.sql,17835.67,793.21,1913.7,1016.35,0.0,2196.82,0.0,2938.47,3.36,0.0,0.0,0.0,8973.77,0.0,0.0,0.00,1913.70,793.21,0.00,2196.82,0.00
CZ10/ERC&0&cDXGF&New&dxAC_equip/NE-dxAC-PkgAC-135to239-New-EER-11.5/instance-out.sql,17718.51,793.21,1796.54,1016.35,0.0,2196.82,0.0,2938.47,3.36,0.0,0.0,0.0,8973.77,0.0,0.0,0.00,1796.54,793.21,0.00,2196.82,0.00
CZ10/ERC&0&cDXGF&New&dxAC_equip/NE-dxAC-PkgAC-135to239-New-EER-12.0/instance-out.sql,17646.739999999998,793.21,1724.77,1016.35,0.0,2196.82,0.0,2938.47,3.36,0.0,0.0,0.0,8973.77,0.0,0.0,0.00,1724.77,793.21,0.00,2196.82,0.00
CZ10/ERC&0&cDXGF&New&dxAC_equip/NE-dxAC-PkgAC-135to239-New-EER-12.5/instance-out.sql,17576.79,793.21,1654.82,1016.35,0.0,2196.82,0.0,2938.47,3.36,0.0,0.0,0.0,8973.77,0.0,0.0,0.00,1654.82,793.21,0.00,2196.82,0.00
CZ10/ERC&0&cDXGF&New&dxAC_equip/NE-dxAC-PkgAC-240to759-New-EER-9.8/instance-out.sql,17892.239999999998,793.21,1970.27,1016.35,0.0,2196.82,0.0,2938.47,3.36,0.0,0.0,0.0,8973.77,0.0,0.0,0.00,1970.27,793.21,0.00,2196.82,0.00
CZ10/ERC&0&cDXGF&New&dxAC_equip/NE-dxAC-PkgAC-240to759-New-EER-10.8/instance-out.sql,17714.12,793.21,1792.15,1016.35,0.0,2196.82,0.0,2938.47,3.36,0.0,0.0,0.0,8973.77,0.0,0.0,0.00,1792.15,793.21,0.00,2196.82,0.00
CZ10/ERC&0&cDXGF&New&dxAC_equip/NE-dxAC-PkgAC-240to759-New-EER-11.5/instance-out.sql,17603.3,793.21,1681.33,1016.35,0.0,2196.82,0.0,2938.47,3.36,0.0,0.0,0.0,8973.77,0.0,0.0,0.00,1681.33,793.21,0.00,2196.82,0.00
CZ10/ERC&0&cDXGF&New&dxAC_equip/NE-dxAC-PkgAC-240to759-New-EER-12.5/instance-out.sql,17468.82,793.21,1546.85,1016.35,0.0,2196.82,0.0,2938.47,3.36,0.0,0.0,0.0,8973.77,0.0,0.0,0.00,1546.85,793.21,0.00,2196.82,0.00
CZ10/ERC&0&cDXGF&New&dxAC_equip/NE-dxAC-PkgAC-gt760-New-EER-9.5/instance-out.sql,17850.77,793.21,1928.81,1016.35,0.0,2196.82,0.0,2938.47,3.36,0.0,0.0,0.0,8973.77,0.0,0.0,0.00,1928.81,793.21,0.00,2196.82,0.00
CZ10/ERC&0&cDXGF&New&dxAC_equip/NE-dxAC-PkgAC-gt760-New-EER-10.2/instance-out.sql,17718.51,793.21,1796.54,1016.35,0.0,2196.82,0.0,2938.47,3.36,0.0,0.0,0.0,8973.77,0.0,0.0,0.00,1796.54,793.21,0.00,2196.82,0.00
CZ10/ERC&0&cDXGF&New&dxAC_equip/NE-dxAC-PkgAC-gt760-New-EER-11.0/instance-out.sql,17591.84,793.21,1669.87,1016.35,0.0,2196.82,0.0,2938.47,3.36,0.0,0.0,0.0,8973.77,0.0,0.0,0.00,1669.87,793.21,0.00,2196.82,0.00
CZ10/ERC&0&cDXGF&New&dxAC_equip/NE-dxAC-PkgAC-gt760-New-EER-12.0/instance-out.sql,17452.72,793.21,1530.75,1016.35,0.0,2196.82,0.0,2938.47,3.36,0.0,0.0,0.0,8973.77,0.0,0.0,0.00,1530.75,793.21,0.00,2196.82,0.00
CZ10/ESe&0&cDXGF&New&dxAC_equip/NE-dxAC-PkgAC-65to134-New-EER-11.0/instance-out.sql,1110051.93,73445.51,184473.55,94750.45,0.0,323176.74,0.0,223848.49,3.39,0.0,0.0,0.0,210353.79,0.0,0.0,0.00,184473.55,73445.51,0.00,259085.82,64090.92
CZ10/ESe&0&cDXGF&New&dxAC_equip/NE-dxAC-PkgAC-65to134-New-EER-11.5/instance-out.sql,1107815.29,73445.51,182236.92,94750.45,0.0,323176.74,0.0,223848.49,3.39,0.0,0.0,0.0,210353.79,0.0,0.0,0.00,182236.92,73445.51,0.00,259085.82,64090.92
CZ10/ESe&0&cDXGF&New&dxAC_equip/NE-dxAC-PkgAC-65to134-New-EER-12.0/instance-out.sql,1105762.35,73445.51,180183.98,94750.45,0.0,323176.74,0.0,223848.49,3.39,0.0,0.0,0.0,210353.79,0.0,0.0,0.00,180183.98,73445.51,0.00,259085.82,64090.92
CZ10/ESe&0&cDXGF&New&dxAC_equip/NE-dxAC-PkgAC-65to134-New-EER-12.5/instance-out.sql,1103871.35,73445.51,178292.98,94750.45,0.0,323176.74,0.0,223848.49,3.39,0.0,0.0,0.0,210353.79,0.0,0.0,0.00,178292.98,73445.51,0.00,259085.82,64090.92
CZ10/ESe&0&cDXGF&New&dxAC_equip/NE-dxAC-PkgAC-65to134-New-EER-13.0/instance-out.sql,1102025.19,73445.51,176446.82,94750.45,0.0,323176.74,0.0,223848.49,3.39,0.0,0.0,0.0,210353.79,0.0,0.0,0.00,176446.82,73445.51,0.00,259085.82,64090.92
CZ10/ESe&0&cDXGF&New&dxAC_equip/NE-dxAC-PkgAC-135to239-New-EER-10.8/instance-out.sql,1109914.83,73445.51,184336.46,94750.45,0.0,323176.74,0.0,223848.49,3.39,0.0,0.0,0.0,210353.79,0.0,0.0,0.00,184336.46,73445.51,0.00,259085.82,64090.92
CZ10/ESe&0&cDXGF&New&dxAC_equip/NE-dxAC-PkgAC-135to239-New-EER-11.5/instance-out.sql,1106707.02,73445.51,181128.65,94750.45,0.0,323176.74,0.0,223848.49,3.39,0.0,0.0,0.0,210353.79,0.0,0.0,0.00,181128.65,73445.51,0.00,259085.82,64090.92
CZ10/ESe&0&cDXGF&New&dxAC_equip/NE-dxAC-PkgAC-135to239-New-EER-12.0/instance-out.sql,1104742.2999999998,73445.51,179163.93,94750.45,0.0,323176.74,0.0,223848.49,3.39,0.0,0.0,0.0,210353.79,0.0,0.0,0.00,179163.93,73445.51,0.00,259085.82,64090.92
CZ10/ESe&0&cDXGF&New&dxAC_equip/NE-dxAC-PkgAC-135to239-New-EER-12.5/instance-out.sql,1102827.1,73445.51,177248.73,94750.45,0.0,323176.74,0.0,223848.49,3.39,0.0,0.0,0.0,210353.79,0.0,0.0,0.00,177248.73,73445.51,0.00,259085.82,64090.92
CZ10/ESe&0&cDXGF&New&dxAC_equip/NE-dxAC-PkgAC-240to759-New-EER-9.8/instance-out.sql,1111463.6,73445.51,185885.23,94750.45,0.0,323176.74,0.0,223848.49,3.39,0.0,0.0,0.0,210353.79,0.0,0.0,0.00,185885.23,73445.51,0.00,259085.82,64090.92
CZ10/ESe&0&cDXGF&New&dxAC_equip/NE-dxAC-PkgAC-240to759-New-EER-10.8/instance-out.sql,1106586.91,73445.51,181008.54,94750.45,0.0,323176.74,0.0,223848.49,3.39,0.0,0.0,0.0,210353.79,0.0,0.0,0.00,181008.54,73445.51,0.00,259085.82,64090.92
CZ10/ESe&0&cDXGF&New&dxAC_equip/NE-dxAC-PkgAC-240to759-New-EER-11.5/instance-out.sql,1103553.02,73445.51,177974.65,94750.45,0.0,323176.74,0.0,223848.49,3.39,0.0,0.0,0.0,210353.79,0.0,0.0,0.00,177974.65,73445.51,0.00,259085.82,64090.92
CZ10/ESe&0&cDXGF&New&dxAC_equip/NE-dxAC-PkgAC-240to759-New-EER-12.5/instance-out.sql,1099871.13,73445.51,174292.76,94750.45,0.0,323176.74,0.0,223848.49,3.39,0.0,0.0,0.0,210353.79,0.0,0.0,0.00,174292.76,73445.51,0.00,259085.82,64090.92
CZ10/ESe&0&cDXGF&New&dxAC_equip/NE-dxAC-PkgAC-gt760-New-EER-9.5/instance-out.sql,1110328.29,73445.51,184749.91,94750.45,0.0,323176.74,0.0,223848.49,3.39,0.0,0.0,0.0,210353.79,0.0,0.0,0.00,184749.91,73445.51,0.00,259085.82,64090.92
CZ10/ESe&0&cDXGF&New&dxAC_equip/NE-dxAC-PkgAC-gt760-New-EER-10.2/instance-out.sql,1106707.02,73445.51,181128.65,94750.45,0.0,323176.74,0.0,223848.49,3.39,0.0,0.0,0.0,210353.79,0.0,0.0,0.00,181128.65,73445.51,0.00,259085.82,64090.92
CZ10/ESe&0&cDXGF&New&dxAC_equip/NE-dxAC-PkgAC-gt760-New-EER-11.0/instance-out.sql,1103239.0699999998,73445.51,177660.69,94750.45,0.0,323176.74,0.0,223848.49,3.39,0.0,0.0,0.0,210353.79,0.0,0.0,0.00,177660.69,73445.51,0.00,259085.82,64090.92
CZ10/ESe&0&cDXGF&New&dxAC_equip/NE-dxAC-PkgAC-gt760-New-EER-12.0/instance-out.sql,1099430.3399999999,73445.51,173851.97,94750.45,0.0,323176.74,0.0,223848.49,3.39,0.0,0.0,0.0,210353.79,0.0,0.0,0.00,173851.97,73445.51,0.00,259085.82,64090.92
CZ10/EUn&0&cDXGF&New&dxAC_equip/NE-dxAC-PkgAC-65to134-New-EER-11.0/instance-out.sql,7691206.38,96674.32,1080701.14,644388.1,0.0,3682881.23,0.0,1507885.61,3.37,0.0,0.0,0.0,678672.61,0.0,0.0,0.00,1080701.14,96674.32,0.00,3555459.15,127422.08
CZ10/EUn&0&cDXGF&New&dxAC_equip/NE-dxAC-PkgAC-65to134-New-EER-11.5/instance-out.sql,7659465.35,96674.32,1048960.11,644388.1,0.0,3682881.23,0.0,1507885.61,3.37,0.0,0.0,0.0,678672.61,0.0,0.0,0.00,1048960.11,96674.32,0.00,3555459.15,127422.08
CZ10/EUn&0&cDXGF&New&dxAC_equip/NE-dxAC-PkgAC-65to134-New-EER-12.0/instance-out.sql,7630331.069999999,96674.32,1019825.83,644388.1,0.0,3682881.23,0.0,1507885.61,3.37,0.0,0.0,0.0,678672.61,0.0,0.0,0.00,1019825.83,96674.32,0.00,3555459.15,127422.08
CZ10/EUn&0&cDXGF&New&dxAC_equip/NE-dxAC-PkgAC-65to134-New-EER-12.5/instance-out.sql,7603495.09,96674.32,992989.85,644388.1,0.0,3682881.23,0.0,1507885.61,3.37,0.0,0.0,0.0,678672.61,0.0,0.0,0.00,992989.85,96674.32,0.00,3555459.15,127422.08
CZ10/EUn&0&cDXGF&New&dxAC_equip/NE-dxAC-PkgAC-65to134-New-EER-13.0/instance-out.sql,7577295.46,96674.32,966790.22,644388.1,0.0,3682881.23,0.0,1507885.61,3.37,0.0,0.0,0.0,678672.61,0.0,0.0,0.00,966790.22,96674.32,0.00,3555459.15,127422.08
CZ10/EUn&0&cDXGF&New&dxAC_equip/NE-dxAC-PkgAC-135to239-New-EER-10.8/instance-out.sql,7689260.85,96674.32,1078755.61,644388.1,0.0,3682881.23,0.0,1507885.61,3.37,0.0,0.0,0.0,678672.61,0.0,0.0,0.00,1078755.61,96674.32,0.00,3555459.15,127422.08
CZ10/EUn&0&cDXGF&New&dxAC_equip/NE-dxAC-PkgAC-135to239-New-EER-11.5/instance-out.sql,7643737.399999999,96674.32,1033232.16,644388.1,0.0,3682881.23,0.0,1507885.61,3.37,0.0,0.0,0.0,678672.61,0.0,0.0,0.00,1033232.16,96674.32,0.00,3555459.15,127422.08
CZ10/EUn&0&cDXGF&New&dxAC_equip/NE-dxAC-PkgAC-135to239-New-EER-12.0/instance-out.sql,7615855.09,96674.32,1005349.85,644388.1,0.0,3682881.23,0.0,1507885.61,3.37,0.0,0.0,0.0,678672.61,0.0,0.0,0.00,1005349.85,96674.32,0.00,3555459.15,127422.08
CZ10/EUn&0&cDXGF&New&dxAC_equip/NE-dxAC-PkgAC-135to239-New-EER-12.5/instance-out.sql,7588675.7,96674.32,978170.46,644388.1,0.0,3682881.23,0.0,1507885.61,3.37,0.0,0.0,0.0,678672.61,0.0,0.0,0.00,978170.46,96674.32,0.00,3555459.15,127422.08
CZ10/EUn&0&cDXGF&New&dxAC_equip/NE-dxAC-PkgAC-240to759-New-EER-9.8/instance-out.sql,7711240.069999999,96674.32,1100734.83,644388.1,0.0,3682881.23,0.0,1507885.61,3.37,0.0,0.0,0.0,678672.61,0.0,0.0,0.00,1100734.83,96674.32,0.00,3555459.15,127422.08
CZ10/EUn&0&cDXGF&New&dxAC_equip/NE-dxAC-PkgAC-240to759-New-EER-10.8/instance-out.sql,7642032.79,96674.32,1031527.54,644388.1,0.0,3682881.23,0.0,1507885.61,3.37,0.0,0.0,0.0,678672.61,0.0,0.0,0.00,1031527.54,96674.32,0.00,3555459.15,127422.08
CZ10/EUn&0&cDXGF&New&dxAC_equip/NE-dxAC-PkgAC-240to759-New-EER-11.5/instance-out.sql,7598977.56,96674.32,988472.32,644388.1,0.0,3682881.23,0.0,1507885.61,3.37,0.0,0.0,0.0,678672.61,0.0,0.0,0.00,988472.32,96674.32,0.00,3555459.15,127422.08
CZ10/EUn&0&cDXGF&New&dxAC_equip/NE-dxAC-PkgAC-240to759-New-EER-12.5/instance-out.sql,7546726.149999999,96674.32,936220.9,644388.1,0.0,3682881.23,0.0,1507885.61,3.37,0.0,0.0,0.0,678672.61,0.0,0.0,0.00,936220.90,96674.32,0.00,3555459.15,127422.08
CZ10/EUn&0&cDXGF&New&dxAC_equip/NE-dxAC-PkgAC-gt760-New-EER-9.5/instance-out.sql,7695128.319999999,96674.32,1084623.08,644388.1,0.0,3682881.23,0.0,1507885.61,3.37,0.0,0.0,0.0,678672.61,0.0,0.0,0.00,1084623.08,96674.32,0.00,3555459.15,127422.08
CZ10/EUn&0&cDXGF&New&dxAC_equip/NE-dxAC-PkgAC-gt760-New-EER-10.2/instance-out.sql,7643737.399999999,96674.32,1033232.16,644388.1,0.0,3682881.23,0.0,1507885.61,3.37,0.0,0.0,0.0,678672.61,0.0,0.0,0.00,1033232.16,96674.32,0.00,3555459.15,127422.08
CZ10/EUn&0&cDXGF&New&dxAC_equip/NE-dxAC-PkgAC-gt760-New-EER-11.0/instance-out.sql,7594522.069999999,96674.32,984016.82,644388.1,0.0,3682881.23,0.0,1507885.61,3.37,0.0,0.0,0.0,678672.61,0.0,0.0,0.00,984016.82,96674.32,0.00,3555459.15,127422.08
CZ10/EUn&0&cDXGF&New&dxAC_equip/NE-dxAC-PkgAC-gt760-New-EER-12.0/instance-out.sql,7540470.74,96674.32,929965.49,644388.1,0.0,3682881.23,0.0,1507885.61,3.37,0.0,0.0,0.0,678672.61,0.0,0.0,0.00,929965.49,96674.32,0.00,3555459.15,127422.08
CZ10/Gro&0&cDXGF&New&dxAC_equip/NE-dxAC-PkgAC-65to134-New-EER-11.0/instance-out.sql,1947713.72,76972.28,53205.39,157111.61,0.0,177584.03,0.0,119276.91,3.38,0.0,0.0,0.0,55063.77,1308496.34,0.0,0.00,53205.39,76972.28,0.00,177584.03,0.00
CZ10/Gro&0&cDXGF&New&dxAC_equip/NE-dxAC-PkgAC-65to134-New-EER-11.5/instance-out.sql,1945438.2,76972.28,50929.88,157111.61,0.0,177584.03,0.0,119276.91,3.38,0.0,0.0,0.0,55063.77,1308496.34,0.0,0.00,50929.88,76972.28,0.00,177584.03,0.00
CZ10/Gro&0&cDXGF&New&dxAC_equip/NE-dxAC-PkgAC-65to134-New-EER-12.0/instance-out.sql,1943349.57,76972.28,48841.24,157111.61,0.0,177584.03,0.0,119276.91,3.38,0.0,0.0,0.0,55063.77,1308496.34,0.0,0.00,48841.24,76972.28,0.00,177584.03,0.00
CZ10/Gro&0&cDXGF&New&dxAC_equip/NE-dxAC-PkgAC-65to134-New-EER-12.5/instance-out.sql,1941425.69,76972.28,46917.36,157111.61,0.0,177584.03,0.0,119276.91,3.38,0.0,0.0,0.0,55063.77,1308496.34,0.0,0.00,46917.36,76972.28,0.00,177584.03,0.00
CZ10/Gro&0&cDXGF&New&dxAC_equip/NE-dxAC-PkgAC-65to134-New-EER-13.0/instance-out.sql,1939547.44,76972.28,45039.11,157111.61,0.0,177584.03,0.0,119276.91,3.38,0.0,0.0,0.0,55063.77,1308496.34,0.0,0.00,45039.11,76972.28,0.00,177584.03,0.00
CZ10/Gro&0&cDXGF&New&dxAC_equip/NE-dxAC-PkgAC-135to239-New-EER-10.8/instance-out.sql,1947574.25,76972.28,53065.92,157111.61,0.0,177584.03,0.0,119276.91,3.38,0.0,0.0,0.0,55063.77,1308496.34,0.0,0.00,53065.92,76972.28,0.00,177584.03,0.00
CZ10/Gro&0&cDXGF&New&dxAC_equip/NE-dxAC-PkgAC-135to239-New-EER-11.5/instance-out.sql,1944310.6700000002,76972.28,49802.34,157111.61,0.0,177584.03,0.0,119276.91,3.38,0.0,0.0,0.0,55063.77,1308496.34,0.0,0.00,49802.34,76972.28,0.00,177584.03,0.00
CZ10/Gro&0&cDXGF&New&dxAC_equip/NE-dxAC-PkgAC-135to239-New-EER-12.0/instance-out.sql,1942311.78,76972.28,47803.45,157111.61,0.0,177584.03,0.0,119276.91,3.38,0.0,0.0,0.0,55063.77,1308496.34,0.0,0.00,47803.45,76972.28,0.00,177584.03,0.00
CZ10/Gro&0&cDXGF&New&dxAC_equip/NE-dxAC-PkgAC-135to239-New-EER-12.5/instance-out.sql,1940363.29,76972.28,45854.96,157111.61,0.0,177584.03,0.0,119276.91,3.38,0.0,0.0,0.0,55063.77,1308496.34,0.0,0.00,45854.96,76972.28,0.00,177584.03,0.00
CZ10/Gro&0&cDXGF&New&dxAC_equip/NE-dxAC-PkgAC-240to759-New-EER-9.8/instance-out.sql,1949149.94,76972.28,54641.61,157111.61,0.0,177584.03,0.0,119276.91,3.38,0.0,0.0,0.0,55063.77,1308496.34,0.0,0.00,54641.61,76972.28,0.00,177584.03,0.00
CZ10/Gro&0&cDXGF&New&dxAC_equip/NE-dxAC-PkgAC-240to759-New-EER-10.8/instance-out.sql,1944188.46,76972.28,49680.13,157111.61,0.0,177584.03,0.0,119276.91,3.38,0.0,0.0,0.0,55063.77,1308496.34,0.0,0.00,49680.13,76972.28,0.00,177584.03,0.00
CZ10/Gro&0&cDXGF&New&dxAC_equip/NE-dxAC-PkgAC-240to759-New-EER-11.5/instance-out.sql,1941101.83,76972.28,46593.5,157111.61,0.0,177584.03,0.0,119276.91,3.38,0.0,0.0,0.0,55063.77,1308496.34,0.0,0.00,46593.50,76972.28,0.00,177584.03,0.00
CZ10/Gro&0&cDXGF&New&dxAC_equip/NE-dxAC-PkgAC-240to759-New-EER-12.5/instance-out.sql,1937355.93,76972.28,42847.6,157111.61,0.0,177584.03,0.0,119276.91,3.38,0.0,0.0,0.0,55063.77,1308496.34,0.0,0.00,42847.60,76972.28,0.00,177584.03,0.00
CZ10/Gro&0&cDXGF&New&dxAC_equip/NE-dxAC-PkgAC-gt760-New-EER-9.5/instance-out.sql,1947994.8800000001,76972.28,53486.56,157111.61,0.0,177584.03,0.0,119276.91,3.38,0.0,0.0,0.0,55063.77,1308496.34,0.0,0.00,53486.56,76972.28,0.00,177584.03,0.00
CZ10/Gro&0&cDXGF&New&dxAC_equip/NE-dxAC-PkgAC-gt760-New-EER-10.2/instance-out.sql,1944310.6700000002,76972.28,49802.34,157111.61,0.0,177584.03,0.0,119276.91,3.38,0.0,0.0,0.0,55063.77,1308496.34,0.0,0.00,49802.34,76972.28,0.00,177584.03,0.00
CZ10/Gro&0&cDXGF&New&dxAC_equip/NE-dxAC-PkgAC-gt760-New-EER-11.0/instance-out.sql,1940782.4200000002,76972.28,46274.09,157111.61,0.0,177584.03,0.0,119276.91,3.38,0.0,0.0,0.0,55063.77,1308496.34,0.0,0.00,46274.09,76972.28,0.00,177584.03,0.00
CZ10/Gro&0&cDXGF&New&dxAC_equip/NE-dxAC-PkgAC-gt760-New-EER-12.0/instance-out.sql,1936907.47,76972.28,42399.15,157111.61,0.0,177584.03,0.0,119276.91,3.38,0.0,0.0,0.0,55063.77,1308496.34,0.0,0.00,42399.15,76972.28,0.00,177584.03,0.00
CZ10/Hsp&0&cDXGF&New&dxAC_equip/NE-dxAC-PkgAC-65to134-New-EER-11.0/instance-out.sql,3861151.42,224348.17,998428.88,625795.42,0.0,1182847.3,0.0,552355.59,40267.05,0.0,0.0,0.0,237109.01,0.0,0.0,0.00,998428.88,224348.17,0.00,1139112.10,43735.20
CZ10/Hsp&0&cDXGF&New&dxAC_equip/NE-dxAC-PkgAC-65to134-New-EER-11.5/instance-out.sql,3855049.28,224348.17,992326.73,625795.42,0.0,1182847.3,0.0,552355.59,40267.05,0.0,0.0,0.0,237109.01,0.0,0.0,0.00,992326.73,224348.17,0.00,1139112.10,43735.20
CZ10/Hsp&0&cDXGF&New&dxAC_equip/NE-dxAC-PkgAC-65to134-New-EER-12.0/instance-out.sql,3849448.27,224348.17,986725.73,625795.42,0.0,1182847.3,0.0,552355.59,40267.05,0.0,0.0,0.0,237109.01,0.0,0.0,0.00,986725.73,224348.17,0.00,1139112.10,43735.20
CZ10/Hsp&0&cDXGF&New&dxAC_equip/NE-dxAC-PkgAC-65to134-New-EER-12.5/instance-out.sql,3844289.11,224348.17,981566.56,625795.42,0.0,1182847.3,0.0,552355.59,40267.05,0.0,0.0,0.0,237109.01,0.0,0.0,0.00,981566.56,224348.17,0.00,1139112.10,43735.20
CZ10/Hsp&0&cDXGF&New&dxAC_equip/NE-dxAC-PkgAC-65to134-New-EER-13.0/instance-out.sql,3839252.28,224348.17,976529.74,625795.42,0.0,1182847.3,0.0,552355.59,40267.05,0.0,0.0,0.0,237109.01,0.0,0.0,0.00,976529.74,224348.17,0.00,1139112.10,43735.20
CZ10/Hsp&0&cDXGF&New&dxAC_equip/NE-dxAC-PkgAC-135to239-New-EER-10.8/instance-out.sql,3860777.4,224348.17,998054.86,625795.42,0.0,1182847.3,0.0,552355.59,40267.05,0.0,0.0,0.0,237109.01,0.0,0.0,0.00,998054.86,224348.17,0.00,1139112.10,43735.20
CZ10/Hsp&0&cDXGF&New&dxAC_equip/NE-dxAC-PkgAC-135to239-New-EER-11.5/instance-out.sql,3852025.61,224348.17,989303.07,625795.42,0.0,1182847.3,0.0,552355.59,40267.05,0.0,0.0,0.0,237109.01,0.0,0.0,0.00,989303.07,224348.17,0.00,1139112.10,43735.20
CZ10/Hsp&0&cDXGF&New&dxAC_equip/NE-dxAC-PkgAC-135to239-New-EER-12.0/instance-out.sql,3846665.29,224348.17,983942.75,625795.42,0.0,1182847.3,0.0,552355.59,40267.05,0.0,0.0,0.0,237109.01,0.0,0.0,0.00,983942.75,224348.17,0.00,1139112.10,43735.20
CZ10/Hsp&0&cDXGF&New&dxAC_equip/NE-dxAC-PkgAC-135to239-New-EER-12.5/instance-out.sql,3841440.11,224348.17,978717.57,625795.42,0.0,1182847.3,0.0,552355.59,40267.05,0.0,0.0,0.0,237109.01,0.0,0.0,0.00,978717.57,224348.17,0.00,1139112.10,43735.20
CZ10/Hsp&0&cDXGF&New&dxAC_equip/NE-dxAC-PkgAC-240to759-New-EER-9.8/instance-out.sql,3865002.86,224348.17,1002280.32,625795.42,0.0,1182847.3,0.0,552355.59,40267.05,0.0,0.0,0.0,237109.01,0.0,0.0,0.00,1002280.32,224348.17,0.00,1139112.10,43735.20
CZ10/Hsp&0&cDXGF&New&dxAC_equip/NE-dxAC-PkgAC-240to759-New-EER-10.8/instance-out.sql,3851697.9,224348.17,988975.36,625795.42,0.0,1182847.3,0.0,552355.59,40267.05,0.0,0.0,0.0,237109.01,0.0,0.0,0.00,988975.36,224348.17,0.00,1139112.10,43735.20
CZ10/Hsp&0&cDXGF&New&dxAC_equip/NE-dxAC-PkgAC-240to759-New-EER-11.5/instance-out.sql,3843420.62,224348.17,980698.08,625795.42,0.0,1182847.3,0.0,552355.59,40267.05,0.0,0.0,0.0,237109.01,0.0,0.0,0.00,980698.08,224348.17,0.00,1139112.10,43735.20
CZ10/Hsp&0&cDXGF&New&dxAC_equip/NE-dxAC-PkgAC-240to759-New-EER-12.5/instance-out.sql,3833375.3899999997,224348.17,970652.85,625795.42,0.0,1182847.3,0.0,552355.59,40267.05,0.0,0.0,0.0,237109.01,0.0,0.0,0.00,970652.85,224348.17,0.00,1139112.10,43735.20
CZ10/Hsp&0&cDXGF&New&dxAC_equip/NE-dxAC-PkgAC-gt760-New-EER-9.5/instance-out.sql,3861905.4099999997,224348.17,999182.87,625795.42,0.0,1182847.3,0.0,552355.59,40267.05,0.0,0.0,0.0,237109.01,0.0,0.0,0.00,999182.87,224348.17,0.00,1139112.10,43735.20
CZ10/Hsp&0&cDXGF&New&dxAC_equip/NE-dxAC-PkgAC-gt760-New-EER-10.2/instance-out.sql,3852025.61,224348.17,989303.07,625795.42,0.0,1182847.3,0.0,552355.59,40267.05,0.0,0.0,0.0,237109.01,0.0,0.0,0.00,989303.07,224348.17,0.00,1139112.10,43735.20
CZ10/Hsp&0&cDXGF&New&dxAC_equip/NE-dxAC-PkgAC-gt760-New-EER-11.0/instance-out.sql,3842564.06,224348.17,979841.52,625795.42,0.0,1182847.3,0.0,552355.59,40267.05,0.0,0.0,0.0,237109.01,0.0,0.0,0.00,979841.52,224348.17,0.00,1139112.10,43735.20
CZ10/Hsp&0&cDXGF&New&dxAC_equip/NE-dxAC-PkgAC-gt760-New-EER-12.0/instance-out.sql,3832172.8,224348.17,969450.26,625795.42,0.0,1182847.3,0.0,552355.59,40267.05,0.0,0.0,0.0,237109.01,0.0,0.0,0.00,969450.26,224348.17,0.00,1139112.10,43735.20
CZ10/MBT&0&cDXGF&New&dxAC_equip/NE-dxAC-PkgAC-65to134-New-EER-11.0/instance-out.sql,5635454.54,1427398.97,533872.43,438466.02,0.0,2167645.51,0.0,910040.66,604.85,0.0,0.0,0.0,157426.1,0.0,0.0,0.00,533872.43,1427398.97,0.00,1394057.91,773587.60
CZ10/MBT&0&cDXGF&New&dxAC_equip/NE-dxAC-PkgAC-65to134-New-EER-11.5/instance-out.sql,5629363.779999999,1427398.97,527781.66,438466.02,0.0,2167645.51,0.0,910040.66,604.85,0.0,0.0,0.0,157426.1,0.0,0.0,0.00,527781.66,1427398.97,0.00,1394057.91,773587.60
CZ10/MBT&0&cDXGF&New&dxAC_equip/NE-dxAC-PkgAC-65to134-New-EER-12.0/instance-out.sql,5623773.23,1427398.97,522191.11,438466.02,0.0,2167645.51,0.0,910040.66,604.85,0.0,0.0,0.0,157426.1,0.0,0.0,0.00,522191.11,1427398.97,0.00,1394057.91,773587.60
CZ10/MBT&0&cDXGF&New&dxAC_equip/NE-dxAC-PkgAC-65to134-New-EER-12.5/instance-out.sql,5618623.699999999,1427398.97,517041.58,438466.02,0.0,2167645.51,0.0,910040.66,604.85,0.0,0.0,0.0,157426.1,0.0,0.0,0.00,517041.58,1427398.97,0.00,1394057.91,773587.60
CZ10/MBT&0&cDXGF&New&dxAC_equip/NE-dxAC-PkgAC-65to134-New-EER-13.0/instance-out.sql,5613596.27,1427398.97,512014.15,438466.02,0.0,2167645.51,0.0,910040.66,604.85,0.0,0.0,0.0,157426.1,0.0,0.0,0.00,512014.15,1427398.97,0.00,1394057.91,773587.60
CZ10/MBT&0&cDXGF&New&dxAC_equip/NE-dxAC-PkgAC-135to239-New-EER-10.8/instance-out.sql,5635081.22,1427398.97,533499.1,438466.02,0.0,2167645.51,0.0,910040.66,604.85,0.0,0.0,0.0,157426.1,0.0,0.0,0.00,533499.10,1427398.97,0.00,1394057.91,773587.60
CZ10/MBT&0&cDXGF&New&dxAC_equip/NE-dxAC-PkgAC-135to239-New-EER-11.5/instance-out.sql,5626345.76,1427398.97,524763.64,438466.02,0.0,2167645.51,0.0,910040.66,604.85,0.0,0.0,0.0,157426.1,0.0,0.0,0.00,524763.64,1427398.97,0.00,1394057.91,773587.60
CZ10/MBT&0&cDXGF&New&dxAC_equip/NE-dxAC-PkgAC-135to239-New-EER-12.0/instance-out.sql,5620995.449999999,1427398.97,519413.33,438466.02,0.0,2167645.51,0.0,910040.66,604.85,0.0,0.0,0.0,157426.1,0.0,0.0,0.00,519413.33,1427398.97,0.00,1394057.91,773587.60
CZ10/MBT&0&cDXGF&New&dxAC_equip/NE-dxAC-PkgAC-135to239-New-EER-12.5/instance-out.sql,5615780.02,1427398.97,514197.9,438466.02,0.0,2167645.51,0.0,910040.66,604.85,0.0,0.0,0.0,157426.1,0.0,0.0,0.00,514197.90,1427398.97,0.00,1394057.91,773587.60
CZ10/MBT&0&cDXGF&New&dxAC_equip/NE-dxAC-PkgAC-240to759-New-EER-9.8/instance-out.sql,5639298.79,1427398.97,537716.67,438466.02,0.0,2167645.51,0.0,910040.66,604.85,0.0,0.0,0.0,157426.1,0.0,0.0,0.00,537716.67,1427398.97,0.00,1394057.91,773587.60
CZ10/MBT&0&cDXGF&New&dxAC_equip/NE-dxAC-PkgAC-240to759-New-EER-10.8/instance-out.sql,5626018.66,1427398.97,524436.54,438466.02,0.0,2167645.51,0.0,910040.66,604.85,0.0,0.0,0.0,157426.1,0.0,0.0,0.00,524436.54,1427398.97,0.00,1394057.91,773587.60
CZ10/MBT&0&cDXGF&New&dxAC_equip/NE-dxAC-PkgAC-240to759-New-EER-11.5/instance-out.sql,5617756.83,1427398.97,516174.71,438466.02,0.0,2167645.51,0.0,910040.66,604.85,0.0,0.0,0.0,157426.1,0.0,0.0,0.00,516174.71,1427398.97,0.00,1394057.91,773587.60
CZ10/MBT&0&cDXGF&New&dxAC_equip/NE-dxAC-PkgAC-240to759-New-EER-12.5/instance-out.sql,5607730.35,1427398.97,506148.23,438466.02,0.0,2167645.51,0.0,910040.66,604.85,0.0,0.0,0.0,157426.1,0.0,0.0,0.00,506148.23,1427398.97,0.00,1394057.91,773587.60
CZ10/MBT&0&cDXGF&New&dxAC_equip/NE-dxAC-PkgAC-gt760-New-EER-9.5/instance-out.sql,5636207.12,1427398.97,534625.0,438466.02,0.0,2167645.51,0.0,910040.66,604.85,0.0,0.0,0.0,157426.1,0.0,0.0,0.00,534625.00,1427398.97,0.00,1394057.91,773587.60
CZ10/MBT&0&cDXGF&New&dxAC_equip/NE-dxAC-PkgAC-gt760-New-EER-10.2/instance-out.sql,5626345.76,1427398.97,524763.64,438466.02,0.0,2167645.51,0.0,910040.66,604.85,0.0,0.0,0.0,157426.1,0.0,0.0,0.00,524763.64,1427398.97,0.00,1394057.91,773587.60
CZ10/MBT&0&cDXGF&New&dxAC_equip/NE-dxAC-PkgAC-gt760-New-EER-11.0/instance-out.sql,5616901.87,1427398.97,515319.75,438466.02,0.0,2167645.51,0.0,910040.66,604.85,0.0,0.0,0.0,157426.1,0.0,0.0,0.00,515319.75,1427398.97,0.00,1394057.91,773587.60
CZ10/MBT&0&cDXGF&New&dxAC_equip/NE-dxAC-PkgAC-gt760-New-EER-12.0/instance-out.sql,5606530.01,1427398.97,504947.89,438466.02,0.0,2167645.51,0.0,910040.66,604.85,0.0,0.0,0.0,157426.1,0.0,0.0,0.00,504947.89,1427398.97,0.00,1394057.91,773587.60
CZ10/MLI&0&cDXGF&New&dxAC_equip/NE-dxAC-PkgAC-65to134-New-EER-11.0/instance-out.sql,890574.33,37288.63,134664.54,153603.74,0.0,239893.0,0.0,280848.15,3.37,0.0,0.0,0.0,44272.88,0.0,0.0,0.00,134664.54,37288.63,0.00,239893.00,0.00
CZ10/MLI&0&cDXGF&New&dxAC_equip/NE-dxAC-PkgAC-65to134-New-EER-11.5/instance-out.sql,884809.23,37288.63,128899.45,153603.74,0.0,239893.0,0.0,280848.15,3.37,0.0,0.0,0.0,44272.88,0.0,0.0,0.00,128899.45,37288.63,0.00,239893.00,0.00
CZ10/MLI&0&cDXGF&New&dxAC_equip/NE-dxAC-PkgAC-65to134-New-EER-12.0/instance-out.sql,879517.6,37288.63,123607.82,153603.74,0.0,239893.0,0.0,280848.15,3.37,0.0,0.0,0.0,44272.88,0.0,0.0,0.00,123607.82,37288.63,0.00,239893.00,0.00
CZ10/MLI&0&cDXGF&New&dxAC_equip/NE-dxAC-PkgAC-65to134-New-EER-12.5/instance-out.sql,874643.41,37288.63,118733.63,153603.74,0.0,239893.0,0.0,280848.15,3.37,0.0,0.0,0.0,44272.88,0.0,0.0,0.00,118733.63,37288.63,0.00,239893.00,0.00
CZ10/MLI&0&cDXGF&New&dxAC_equip/NE-dxAC-PkgAC-65to134-New-EER-13.0/instance-out.sql,869884.8,37288.63,113975.02,153603.74,0.0,239893.0,0.0,280848.15,3.37,0.0,0.0,0.0,44272.88,0.0,0.0,0.00,113975.02,37288.63,0.00,239893.00,0.00
CZ10/MLI&0&cDXGF&New&dxAC_equip/NE-dxAC-PkgAC-135to239-New-EER-10.8/instance-out.sql,890220.96,37288.63,134311.18,153603.74,0.0,239893.0,0.0,280848.15,3.37,0.0,0.0,0.0,44272.88,0.0,0.0,0.00,134311.18,37288.63,0.00,239893.00,0.00
CZ10/MLI&0&cDXGF&New&dxAC_equip/NE-dxAC-PkgAC-135to239-New-EER-11.5/instance-out.sql,881952.58,37288.63,126042.8,153603.74,0.0,239893.0,0.0,280848.15,3.37,0.0,0.0,0.0,44272.88,0.0,0.0,0.00,126042.80,37288.63,0.00,239893.00,0.00
CZ10/MLI&0&cDXGF&New&dxAC_equip/NE-dxAC-PkgAC-135to239-New-EER-12.0/instance-out.sql,876888.35,37288.63,120978.56,153603.74,0.0,239893.0,0.0,280848.15,3.37,0.0,0.0,0.0,44272.88,0.0,0.0,0.00,120978.56,37288.63,0.00,239893.00,0.00
CZ10/MLI&0&cDXGF&New&dxAC_equip/NE-dxAC-PkgAC-135to239-New-EER-12.5/instance-out.sql,871951.78,37288.63,116042.0,153603.74,0.0,239893.0,0.0,280848.15,3.37,0.0,0.0,0.0,44272.88,0.0,0.0,0.00,116042.00,37288.63,0.00,239893.00,0.00
CZ10/MLI&0&cDXGF&New&dxAC_equip/NE-dxAC-PkgAC-240to759-New-EER-9.8/instance-out.sql,894213.02,37288.63,138303.24,153603.74,0.0,239893.0,0.0,280848.15,3.37,0.0,0.0,0.0,44272.88,0.0,0.0,0.00,138303.24,37288.63,0.00,239893.00,0.00
CZ10/MLI&0&cDXGF&New&dxAC_equip/NE-dxAC-PkgAC-240to759-New-EER-10.8/instance-out.sql,881642.97,37288.63,125733.19,153603.74,0.0,239893.0,0.0,280848.15,3.37,0.0,0.0,0.0,44272.88,0.0,0.0,0.00,125733.19,37288.63,0.00,239893.00,0.00
CZ10/MLI&0&cDXGF&New&dxAC_equip/NE-dxAC-PkgAC-240to759-New-EER-11.5/instance-out.sql,873822.9,37288.63,117913.12,153603.74,0.0,239893.0,0.0,280848.15,3.37,0.0,0.0,0.0,44272.88,0.0,0.0,0.00,117913.12,37288.63,0.00,239893.00,0.00
CZ10/MLI&0&cDXGF&New&dxAC_equip/NE-dxAC-PkgAC-240to759-New-EER-12.5/instance-out.sql,864332.52,37288.63,108422.74,153603.74,0.0,239893.0,0.0,280848.15,3.37,0.0,0.0,0.0,44272.88,0.0,0.0,0.00,108422.74,37288.63,0.00,239893.00,0.00
CZ10/MLI&0&cDXGF&New&dxAC_equip/NE-dxAC-PkgAC-gt760-New-EER-9.5/instance-out.sql,891286.66,37288.63,135376.88,153603.74,0.0,239893.0,0.0,280848.15,3.37,0.0,0.0,0.0,44272.88,0.0,0.0,0.00,135376.88,37288.63,0.00,239893.00,0.00
CZ10/MLI&0&cDXGF&New&dxAC_equip/NE-dxAC-PkgAC-gt760-New-EER-10.2/instance-out.sql,881952.58,37288.63,126042.8,153603.74,0.0,239893.0,0.0,280848.15,3.37,0.0,0.0,0.0,44272.88,0.0,0.0,0.00,126042.80,37288.63,0.00,239893.00,0.00
CZ10/MLI&0&cDXGF&New&dxAC_equip/NE-dxAC-PkgAC-gt760-New-EER-11.0/instance-out.sql,873013.65,37288.63,117103.87,153603.74,0.0,239893.0,0.0,280848.15,3.37,0.0,0.0,0.0,44272.88,0.0,0.0,0.00,117103.87,37288.63,0.00,239893.00,0.00
CZ10/MLI&0&cDXGF&New&dxAC_equip/NE-dxAC-PkgAC-gt760-New-EER-12.0/instance-out.sql,863196.36,37288.63,107286.58,153603.74,0.0,239893.0,0.0,280848.15,3.37,0.0,0.0,0.0,44272.88,0.0,0.0,0.00,107286.58,37288.63,0.00,239893.00,0.00
CZ10/Mtl&0&cDXGF&New&dxAC_equip/NE-dxAC-PkgAC-65to134-New-EER-11.0/instance-out.sql,172580.83,7467.0,43786.5,34352.14,0.0,22443.33,0.0,56905.53,3.36,0.0,0.0,0.0,7622.96,0.0,0.0,0.00,43786.50,7467.00,0.00,22191.36,251.97
CZ10/Mtl&0&cDXGF&New&dxAC_equip/NE-dxAC-PkgAC-65to134-New-EER-11.5/instance-out.sql,171096.07,7467.0,42301.74,34352.14,0.0,22443.33,0.0,56905.53,3.36,0.0,0.0,0.0,7622.96,0.0,0.0,0.00,42301.74,7467.00,0.00,22191.36,251.97
CZ10/Mtl&0&cDXGF&New&dxAC_equip/NE-dxAC-PkgAC-65to134-New-EER-12.0/instance-out.sql,169733.25,7467.0,40938.92,34352.14,0.0,22443.33,0.0,56905.53,3.36,0.0,0.0,0.0,7622.96,0.0,0.0,0.00,40938.92,7467.00,0.00,22191.36,251.97
CZ10/Mtl&0&cDXGF&New&dxAC_equip/NE-dxAC-PkgAC-65to134-New-EER-12.5/instance-out.sql,168477.94,7467.0,39683.61,34352.14,0.0,22443.33,0.0,56905.53,3.36,0.0,0.0,0.0,7622.96,0.0,0.0,0.00,39683.61,7467.00,0.00,22191.36,251.97
CZ10/Mtl&0&cDXGF&New&dxAC_equip/NE-dxAC-PkgAC-65to134-New-EER-13.0/instance-out.sql,167252.38999999998,7467.0,38458.06,34352.14,0.0,22443.33,0.0,56905.53,3.36,0.0,0.0,0.0,7622.96,0.0,0.0,0.00,38458.06,7467.00,0.00,22191.36,251.97
CZ10/Mtl&0&cDXGF&New&dxAC_equip/NE-dxAC-PkgAC-135to239-New-EER-10.8/instance-out.sql,172489.83,7467.0,43695.5,34352.14,0.0,22443.33,0.0,56905.53,3.36,0.0,0.0,0.0,7622.96,0.0,0.0,0.00,43695.50,7467.00,0.00,22191.36,251.97
CZ10/Mtl&0&cDXGF&New&dxAC_equip/NE-dxAC-PkgAC-135to239-New-EER-11.5/instance-out.sql,170360.36,7467.0,41566.03,34352.14,0.0,22443.33,0.0,56905.53,3.36,0.0,0.0,0.0,7622.96,0.0,0.0,0.00,41566.03,7467.00,0.00,22191.36,251.97
CZ10/Mtl&0&cDXGF&New&dxAC_equip/NE-dxAC-PkgAC-135to239-New-EER-12.0/instance-out.sql,169056.11,7467.0,40261.78,34352.14,0.0,22443.33,0.0,56905.53,3.36,0.0,0.0,0.0,7622.96,0.0,0.0,0.00,40261.78,7467.00,0.00,22191.36,251.97
CZ10/Mtl&0&cDXGF&New&dxAC_equip/NE-dxAC-PkgAC-135to239-New-EER-12.5/instance-out.sql,167784.72999999998,7467.0,38990.4,34352.14,0.0,22443.33,0.0,56905.53,3.36,0.0,0.0,0.0,7622.96,0.0,0.0,0.00,38990.40,7467.00,0.00,22191.36,251.97
CZ10/Mtl&0&cDXGF&New&dxAC_equip/NE-dxAC-PkgAC-240to759-New-EER-9.8/instance-out.sql,173517.94999999998,7467.0,44723.62,34352.14,0.0,22443.33,0.0,56905.53,3.36,0.0,0.0,0.0,7622.96,0.0,0.0,0.00,44723.62,7467.00,0.00,22191.36,251.97
CZ10/Mtl&0&cDXGF&New&dxAC_equip/NE-dxAC-PkgAC-240to759-New-EER-10.8/instance-out.sql,170280.63,7467.0,41486.3,34352.14,0.0,22443.33,0.0,56905.53,3.36,0.0,0.0,0.0,7622.96,0.0,0.0,0.00,41486.30,7467.00,0.00,22191.36,251.97
CZ10/Mtl&0&cDXGF&New&dxAC_equip/NE-dxAC-PkgAC-240to759-New-EER-11.5/instance-out.sql,168266.62,7467.0,39472.29,34352.14,0.0,22443.33,0.0,56905.53,3.36,0.0,0.0,0.0,7622.96,0.0,0.0,0.00,39472.29,7467.00,0.00,22191.36,251.97
CZ10/Mtl&0&cDXGF&New&dxAC_equip/NE-dxAC-PkgAC-240to759-New-EER-12.5/instance-out.sql,165822.44999999998,7467.0,37028.12,34352.14,0.0,22443.33,0.0,56905.53,3.36,0.0,0.0,0.0,7622.96,0.0,0.0,0.00,37028.12,7467.00,0.00,22191.36,251.97
CZ10/Mtl&0&cDXGF&New&dxAC_equip/NE-dxAC-PkgAC-gt760-New-EER-9.5/instance-out.sql,172764.28999999998,7467.0,43969.96,34352.14,0.0,22443.33,0.0,56905.53,3.36,0.0,0.0,0.0,7622.96,0.0,0.0,0.00,43969.96,7467.00,0.00,22191.36,251.97
CZ10/Mtl&0&cDXGF&New&dxAC_equip/NE-dxAC-PkgAC-gt760-New-EER-10.2/instance-out.sql,170360.36,7467.0,41566.03,34352.14,0.0,22443.33,0.0,56905.53,3.36,0.0,0.0,0.0,7622.96,0.0,0.0,0.00,41566.03,7467.00,0.00,22191.36,251.97
CZ10/Mtl&0&cDXGF&New&dxAC_equip/NE-dxAC-PkgAC-gt760-New-EER-11.0/instance-out.sql,168058.21,7467.0,39263.88,34352.14,0.0,22443.33,0.0,56905.53,3.36,0.0,0.0,0.0,7622.96,0.0,0.0,0.00,39263.88,7467.00,0.00,22191.36,251.97
CZ10/Mtl&0&cDXGF&New&dxAC_equip/NE-dxAC-PkgAC-gt760-New-EER-12.0/instance-out.sql,165529.84,7467.0,36735.51,34352.14,0.0,22443.33,0.0,56905.53,3.36,0.0,0.0,0.0,7622.96,0.0,0.0,0.00,36735.51,7467.00,0.00,22191.36,251.97
CZ10/Nrs&0&cDXGF&New&dxAC_equip/NE-dxAC-PkgAC-65to134-New-EER-11.0/instance-out.sql,828320.1399999999,21069.99,121683.11,103109.51,0.0,347425.87,0.0,128495.61,34.01,0.0,0.0,0.0,106502.04,0.0,0.0,0.00,121683.11,21069.99,0.00,281574.59,65851.28
CZ10/Nrs&0&cDXGF&New&dxAC_equip/NE-dxAC-PkgAC-65to134-New-EER-11.5/instance-out.sql,826293.1300000001,21069.99,119656.09,103109.51,0.0,347425.87,0.0,128495.61,34.01,0.0,0.0,0.0,106502.04,0.0,0.0,0.00,119656.09,21069.99,0.00,281574.59,65851.28
CZ10/Nrs&0&cDXGF&New&dxAC_equip/NE-dxAC-PkgAC-65to134-New-EER-12.0/instance-out.sql,824432.5800000001,21069.99,117795.54,103109.51,0.0,347425.87,0.0,128495.61,34.01,0.0,0.0,0.0,106502.04,0.0,0.0,0.00,117795.54,21069.99,0.00,281574.59,65851.28
CZ10/Nrs&0&cDXGF&New&dxAC_equip/NE-dxAC-PkgAC-65to134-New-EER-12.5/instance-out.sql,822718.8,21069.99,116081.76,103109.51,0.0,347425.87,0.0,128495.61,34.01,0.0,0.0,0.0,106502.04,0.0,0.0,0.00,116081.76,21069.99,0.00,281574.59,65851.28
CZ10/Nrs&0&cDXGF&New&dxAC_equip/NE-dxAC-PkgAC-65to134-New-EER-13.0/instance-out.sql,821045.6599999999,21069.99,114408.63,103109.51,0.0,347425.87,0.0,128495.61,34.01,0.0,0.0,0.0,106502.04,0.0,0.0,0.00,114408.63,21069.99,0.00,281574.59,65851.28
CZ10/Nrs&0&cDXGF&New&dxAC_equip/NE-dxAC-PkgAC-135to239-New-EER-10.8/instance-out.sql,828195.8999999999,21069.99,121558.87,103109.51,0.0,347425.87,0.0,128495.61,34.01,0.0,0.0,0.0,106502.04,0.0,0.0,0.00,121558.87,21069.99,0.00,281574.59,65851.28
CZ10/Nrs&0&cDXGF&New&dxAC_equip/NE-dxAC-PkgAC-135to239-New-EER-11.5/instance-out.sql,825288.72,21069.99,118651.69,103109.51,0.0,347425.87,0.0,128495.61,34.01,0.0,0.0,0.0,106502.04,0.0,0.0,0.00,118651.69,21069.99,0.00,281574.59,65851.28
CZ10/Nrs&0&cDXGF&New&dxAC_equip/NE-dxAC-PkgAC-135to239-New-EER-12.0/instance-out.sql,823508.1200000001,21069.99,116871.09,103109.51,0.0,347425.87,0.0,128495.61,34.01,0.0,0.0,0.0,106502.04,0.0,0.0,0.00,116871.09,21069.99,0.00,281574.59,65851.28
CZ10/Nrs&0&cDXGF&New&dxAC_equip/NE-dxAC-PkgAC-135to239-New-EER-12.5/instance-out.sql,821772.4099999999,21069.99,115135.38,103109.51,0.0,347425.87,0.0,128495.61,34.01,0.0,0.0,0.0,106502.04,0.0,0.0,0.00,115135.38,21069.99,0.00,281574.59,65851.28
CZ10/Nrs&0&cDXGF&New&dxAC_equip/NE-dxAC-PkgAC-240to759-New-EER-9.8/instance-out.sql,829599.52,21069.99,122962.49,103109.51,0.0,347425.87,0.0,128495.61,34.01,0.0,0.0,0.0,106502.04,0.0,0.0,0.00,122962.49,21069.99,0.00,281574.59,65851.28
CZ10/Nrs&0&cDXGF&New&dxAC_equip/NE-dxAC-PkgAC-240to759-New-EER-10.8/instance-out.sql,825179.8600000001,21069.99,118542.83,103109.51,0.0,347425.87,0.0,128495.61,34.01,0.0,0.0,0.0,106502.04,0.0,0.0,0.00,118542.83,21069.99,0.00,281574.59,65851.28
CZ10/Nrs&0&cDXGF&New&dxAC_equip/NE-dxAC-PkgAC-240to759-New-EER-11.5/instance-out.sql,822430.3,21069.99,115793.27,103109.51,0.0,347425.87,0.0,128495.61,34.01,0.0,0.0,0.0,106502.04,0.0,0.0,0.00,115793.27,21069.99,0.00,281574.59,65851.28
CZ10/Nrs&0&cDXGF&New&dxAC_equip/NE-dxAC-PkgAC-240to759-New-EER-12.5/instance-out.sql,819093.47,21069.99,112456.43,103109.51,0.0,347425.87,0.0,128495.61,34.01,0.0,0.0,0.0,106502.04,0.0,0.0,0.00,112456.43,21069.99,0.00,281574.59,65851.28
CZ10/Nrs&0&cDXGF&New&dxAC_equip/NE-dxAC-PkgAC-gt760-New-EER-9.5/instance-out.sql,828570.6000000001,21069.99,121933.57,103109.51,0.0,347425.87,0.0,128495.61,34.01,0.0,0.0,0.0,106502.04,0.0,0.0,0.00,121933.57,21069.99,0.00,281574.59,65851.28
CZ10/Nrs&0&cDXGF&New&dxAC_equip/NE-dxAC-PkgAC-gt760-New-EER-10.2/instance-out.sql,825288.72,21069.99,118651.69,103109.51,0.0,347425.87,0.0,128495.61,34.01,0.0,0.0,0.0,106502.04,0.0,0.0,0.00,118651.69,21069.99,0.00,281574.59,65851.28
CZ10/Nrs&0&cDXGF&New&dxAC_equip/NE-dxAC-PkgAC-gt760-New-EER-11.0/instance-out.sql,822145.77,21069.99,115508.74,103109.51,0.0,347425.87,0.0,128495.61,34.01,0.0,0.0,0.0,106502.04,0.0,0.0,0.00,115508.74,21069.99,0.00,281574.59,65851.28
CZ10/Nrs&0&cDXGF&New&dxAC_equip/NE-dxAC-PkgAC-gt760-New-EER-12.0/instance-out.sql,818693.99,21069.99,112056.96,103109.51,0.0,347425.87,0.0,128495.61,34.01,0.0,0.0,0.0,106502.04,0.0,0.0,0.00,112056.96,21069.99,0.00,281574.59,65851.28
CZ10/OfL&0&cDXGF&New&dxAC_equip/NE-dxAC-PkgAC-65to134-New-EER-11.0/instance-out.sql,2210812.74,24242.7,408210.42,239041.7,0.0,829334.66,0.0,598182.89,3339.44,0.0,0.0,0.0,108460.92,0.0,0.0,0.00,408210.42,24242.70,0.00,829334.66,0.00
CZ10/OfL&0&cDXGF&New&dxAC_equip/NE-dxAC-PkgAC-65to134-New-EER-11.5/instance-out.sql,2198697.45,24242.7,396095.13,239041.7,0.0,829334.66,0.0,598182.89,3339.44,0.0,0.0,0.0,108460.92,0.0,0.0,0.00,396095.13,24242.70,0.00,829334.66,0.00
CZ10/OfL&0&cDXGF&New&dxAC_equip/NE-dxAC-PkgAC-65to134-New-EER-12.0/instance-out.sql,2187577.13,24242.7,384974.81,239041.7,0.0,829334.66,0.0,598182.89,3339.44,0.0,0.0,0.0,108460.92,0.0,0.0,0.00,384974.81,24242.70,0.00,829334.66,0.00
CZ10/OfL&0&cDXGF&New&dxAC_equip/NE-dxAC-PkgAC-65to134-New-EER-12.5/instance-out.sql,2177334.05,24242.7,374731.74,239041.7,0.0,829334.66,0.0,598182.89,3339.44,0.0,0.0,0.0,108460.92,0.0,0.0,0.00,374731.74,24242.70,0.00,829334.66,0.00
CZ10/OfL&0&cDXGF&New&dxAC_equip/NE-dxAC-PkgAC-65to134-New-EER-13.0/instance-out.sql,2167333.87,24242.7,364731.55,239041.7,0.0,829334.66,0.0,598182.89,3339.44,0.0,0.0,0.0,108460.92,0.0,0.0,0.00,364731.55,24242.70,0.00,829334.66,0.00
CZ10/OfL&0&cDXGF&New&dxAC_equip/NE-dxAC-PkgAC-135to239-New-EER-10.8/instance-out.sql,2210070.15,24242.7,407467.83,239041.7,0.0,829334.66,0.0,598182.89,3339.44,0.0,0.0,0.0,108460.92,0.0,0.0,0.00,407467.83,24242.70,0.00,829334.66,0.00
CZ10/OfL&0&cDXGF&New&dxAC_equip/NE-dxAC-PkgAC-135to239-New-EER-11.5/instance-out.sql,2192694.22,24242.7,390091.9,239041.7,0.0,829334.66,0.0,598182.89,3339.44,0.0,0.0,0.0,108460.92,0.0,0.0,0.00,390091.90,24242.70,0.00,829334.66,0.00
CZ10/OfL&0&cDXGF&New&dxAC_equip/NE-dxAC-PkgAC-135to239-New-EER-12.0/instance-out.sql,2182051.77,24242.7,379449.45,239041.7,0.0,829334.66,0.0,598182.89,3339.44,0.0,0.0,0.0,108460.92,0.0,0.0,0.00,379449.45,24242.70,0.00,829334.66,0.00
CZ10/OfL&0&cDXGF&New&dxAC_equip/NE-dxAC-PkgAC-135to239-New-EER-12.5/instance-out.sql,2171677.61,24242.7,369075.3,239041.7,0.0,829334.66,0.0,598182.89,3339.44,0.0,0.0,0.0,108460.92,0.0,0.0,0.00,369075.30,24242.70,0.00,829334.66,0.00
CZ10/OfL&0&cDXGF&New&dxAC_equip/NE-dxAC-PkgAC-240to759-New-EER-9.8/instance-out.sql,2218459.43,24242.7,415857.12,239041.7,0.0,829334.66,0.0,598182.89,3339.44,0.0,0.0,0.0,108460.92,0.0,0.0,0.00,415857.12,24242.70,0.00,829334.66,0.00
CZ10/OfL&0&cDXGF&New&dxAC_equip/NE-dxAC-PkgAC-240to759-New-EER-10.8/instance-out.sql,2192043.58,24242.7,389441.26,239041.7,0.0,829334.66,0.0,598182.89,3339.44,0.0,0.0,0.0,108460.92,0.0,0.0,0.00,389441.26,24242.70,0.00,829334.66,0.00
CZ10/OfL&0&cDXGF&New&dxAC_equip/NE-dxAC-PkgAC-240to759-New-EER-11.5/instance-out.sql,2175609.75,24242.7,373007.44,239041.7,0.0,829334.66,0.0,598182.89,3339.44,0.0,0.0,0.0,108460.92,0.0,0.0,0.00,373007.44,24242.70,0.00,829334.66,0.00
CZ10/OfL&0&cDXGF&New&dxAC_equip/NE-dxAC-PkgAC-240to759-New-EER-12.5/instance-out.sql,2155665.81,24242.7,353063.5,239041.7,0.0,829334.66,0.0,598182.89,3339.44,0.0,0.0,0.0,108460.92,0.0,0.0,0.00,353063.50,24242.70,0.00,829334.66,0.00
CZ10/OfL&0&cDXGF&New&dxAC_equip/NE-dxAC-PkgAC-gt760-New-EER-9.5/instance-out.sql,2212309.71,24242.7,409707.4,239041.7,0.0,829334.66,0.0,598182.89,3339.44,0.0,0.0,0.0,108460.92,0.0,0.0,0.00,409707.40,24242.70,0.00,829334.66,0.00
CZ10/OfL&0&cDXGF&New&dxAC_equip/NE-dxAC-PkgAC-gt760-New-EER-10.2/instance-out.sql,2192694.22,24242.7,390091.9,239041.7,0.0,829334.66,0.0,598182.89,3339.44,0.0,0.0,0.0,108460.92,0.0,0.0,0.00,390091.90,24242.70,0.00,829334.66,0.00
CZ10/OfL&0&cDXGF&New&dxAC_equip/NE-dxAC-PkgAC-gt760-New-EER-11.0/instance-out.sql,2173909.12,24242.7,371306.81,239041.7,0.0,829334.66,0.0,598182.89,3339.44,0.0,0.0,0.0,108460.92,0.0,0.0,0.00,371306.81,24242.70,0.00,829334.66,0.00
CZ10/OfL&0&cDXGF&New&dxAC_equip/NE-dxAC-PkgAC-gt760-New-EER-12.0/instance-out.sql,2153278.17,24242.7,350675.86,239041.7,0.0,829334.66,0.0,598182.89,3339.44,0.0,0.0,0.0,108460.92,0.0,0.0,0.00,350675.86,24242.70,0.00,829334.66,0.00
CZ10/OfS&0&cDXGF&New&dxAC_equip/NE-dxAC-PkgAC-65to134-New-EER-11.0/instance-out.sql,116628.29000000001,2143.71,17953.29,12106.19,0.0,29387.4,0.0,34692.82,1.13,0.0,0.0,0.0,20343.74,0.0,0.0,0.00,17953.29,2143.71,0.00,29387.40,0.00
CZ10/OfS&0&cDXGF&New&dxAC_equip/NE-dxAC-PkgAC-65to134-New-EER-11.5/instance-out.sql,115864.18,2143.71,17189.18,12106.19,0.0,29387.4,0.0,34692.82,1.13,0.0,0.0,0.0,20343.74,0.0,0.0,0.00,17189.18,2143.71,0.00,29387.40,0.00
CZ10/OfS&0&cDXGF&New&dxAC_equip/NE-dxAC-PkgAC-65to134-New-EER-12.0/instance-out.sql,115162.82,2143.71,16487.82,12106.19,0.0,29387.4,0.0,34692.82,1.13,0.0,0.0,0.0,20343.74,0.0,0.0,0.00,16487.82,2143.71,0.00,29387.40,0.00
CZ10/OfS&0&cDXGF&New&dxAC_equip/NE-dxAC-PkgAC-65to134-New-EER-12.5/instance-out.sql,114516.79000000001,2143.71,15841.79,12106.19,0.0,29387.4,0.0,34692.82,1.13,0.0,0.0,0.0,20343.74,0.0,0.0,0.00,15841.79,2143.71,0.00,29387.40,0.00
CZ10/OfS&0&cDXGF&New&dxAC_equip/NE-dxAC-PkgAC-65to134-New-EER-13.0/instance-out.sql,113886.07999999999,2143.71,15211.07,12106.19,0.0,29387.4,0.0,34692.82,1.13,0.0,0.0,0.0,20343.74,0.0,0.0,0.00,15211.07,2143.71,0.00,29387.40,0.00
CZ10/OfS&0&cDXGF&New&dxAC_equip/NE-dxAC-PkgAC-135to239-New-EER-10.8/instance-out.sql,116581.45999999999,2143.71,17906.46,12106.19,0.0,29387.4,0.0,34692.82,1.13,0.0,0.0,0.0,20343.74,0.0,0.0,0.00,17906.46,2143.71,0.00,29387.40,0.00
CZ10/OfS&0&cDXGF&New&dxAC_equip/NE-dxAC-PkgAC-135to239-New-EER-11.5/instance-out.sql,115485.56,2143.71,16810.55,12106.19,0.0,29387.4,0.0,34692.82,1.13,0.0,0.0,0.0,20343.74,0.0,0.0,0.00,16810.55,2143.71,0.00,29387.40,0.00
CZ10/OfS&0&cDXGF&New&dxAC_equip/NE-dxAC-PkgAC-135to239-New-EER-12.0/instance-out.sql,114814.34,2143.71,16139.33,12106.19,0.0,29387.4,0.0,34692.82,1.13,0.0,0.0,0.0,20343.74,0.0,0.0,0.00,16139.33,2143.71,0.00,29387.40,0.00
CZ10/OfS&0&cDXGF&New&dxAC_equip/NE-dxAC-PkgAC-135to239-New-EER-12.5/instance-out.sql,114160.04000000001,2143.71,15485.03,12106.19,0.0,29387.4,0.0,34692.82,1.13,0.0,0.0,0.0,20343.74,0.0,0.0,0.00,15485.03,2143.71,0.00,29387.40,0.00
CZ10/OfS&0&cDXGF&New&dxAC_equip/NE-dxAC-PkgAC-240to759-New-EER-9.8/instance-out.sql,117110.57,2143.71,18435.57,12106.19,0.0,29387.4,0.0,34692.82,1.13,0.0,0.0,0.0,20343.74,0.0,0.0,0.00,18435.57,2143.71,0.00,29387.40,0.00
CZ10/OfS&0&cDXGF&New&dxAC_equip/NE-dxAC-PkgAC-240to759-New-EER-10.8/instance-out.sql,115444.51999999999,2143.71,16769.52,12106.19,0.0,29387.4,0.0,34692.82,1.13,0.0,0.0,0.0,20343.74,0.0,0.0,0.00,16769.52,2143.71,0.00,29387.40,0.00
CZ10/OfS&0&cDXGF&New&dxAC_equip/NE-dxAC-PkgAC-240to759-New-EER-11.5/instance-out.sql,114408.04000000001,2143.71,15733.03,12106.19,0.0,29387.4,0.0,34692.82,1.13,0.0,0.0,0.0,20343.74,0.0,0.0,0.00,15733.03,2143.71,0.00,29387.40,0.00
CZ10/OfS&0&cDXGF&New&dxAC_equip/NE-dxAC-PkgAC-240to759-New-EER-12.5/instance-out.sql,113150.17000000001,2143.71,14475.17,12106.19,0.0,29387.4,0.0,34692.82,1.13,0.0,0.0,0.0,20343.74,0.0,0.0,0.00,14475.17,2143.71,0.00,29387.40,0.00
CZ10/OfS&0&cDXGF&New&dxAC_equip/NE-dxAC-PkgAC-gt760-New-EER-9.5/instance-out.sql,116722.70999999999,2143.71,18047.71,12106.19,0.0,29387.4,0.0,34692.82,1.13,0.0,0.0,0.0,20343.74,0.0,0.0,0.00,18047.71,2143.71,0.00,29387.40,0.00
CZ10/OfS&0&cDXGF&New&dxAC_equip/NE-dxAC-PkgAC-gt760-New-EER-10.2/instance-out.sql,115485.56,2143.71,16810.55,12106.19,0.0,29387.4,0.0,34692.82,1.13,0.0,0.0,0.0,20343.74,0.0,0.0,0.00,16810.55,2143.71,0.00,29387.40,0.00
CZ10/OfS&0&cDXGF&New&dxAC_equip/NE-dxAC-PkgAC-gt760-New-EER-11.0/instance-out.sql,114300.78,2143.71,15625.77,12106.19,0.0,29387.4,0.0,34692.82,1.13,0.0,0.0,0.0,20343.74,0.0,0.0,0.00,15625.77,2143.71,0.00,29387.40,0.00
CZ10/OfS&0&cDXGF&New&dxAC_equip/NE-dxAC-PkgAC-gt760-New-EER-12.0/instance-out.sql,112999.57999999999,2143.71,14324.58,12106.19,0.0,29387.4,0.0,34692.82,1.13,0.0,0.0,0.0,20343.74,0.0,0.0,0.00,14324.58,2143.71,0.00,29387.40,0.00
CZ10/RFF&0&cDXGF&New&dxAC_equip/NE-dxAC-PkgAC-65to134-New-EER-11.0/instance-out.sql,105389.4,2830.17,14073.71,6626.33,0.0,37903.17,0.0,20234.93,3.37,0.0,0.0,0.0,23717.7,0.0,0.0,0.00,14073.71,2830.17,0.00,18423.46,19479.71
CZ10/RFF&0&cDXGF&New&dxAC_equip/NE-dxAC-PkgAC-65to134-New-EER-11.5/instance-out.sql,105097.62,2830.17,13781.94,6626.33,0.0,37903.17,0.0,20234.93,3.37,0.0,0.0,0.0,23717.7,0.0,0.0,0.00,13781.94,2830.17,0.00,18423.46,19479.71
CZ10/RFF&0&cDXGF&New&dxAC_equip/NE-dxAC-PkgAC-65to134-New-EER-12.0/instance-out.sql,104829.81,2830.17,13514.13,6626.33,0.0,37903.17,0.0,20234.93,3.37,0.0,0.0,0.0,23717.7,0.0,0.0,0.00,13514.13,2830.17,0.00,18423.46,19479.71
CZ10/RFF&0&cDXGF&New&dxAC_equip/NE-dxAC-PkgAC-65to134-New-EER-12.5/instance-out.sql,104583.13,2830.17,13267.45,6626.33,0.0,37903.17,0.0,20234.93,3.37,0.0,0.0,0.0,23717.7,0.0,0.0,0.00,13267.45,2830.17,0.00,18423.46,19479.71
CZ10/RFF&0&cDXGF&New&dxAC_equip/NE-dxAC-PkgAC-65to134-New-EER-13.0/instance-out.sql,104342.29000000001,2830.17,13026.61,6626.33,0.0,37903.17,0.0,20234.93,3.37,0.0,0.0,0.0,23717.7,0.0,0.0,0.00,13026.61,2830.17,0.00,18423.46,19479.71
CZ10/RFF&0&cDXGF&New&dxAC_equip/NE-dxAC-PkgAC-135to239-New-EER-10.8/instance-out.sql,105371.51000000001,2830.17,14055.83,6626.33,0.0,37903.17,0.0,20234.93,3.37,0.0,0.0,0.0,23717.7,0.0,0.0,0.00,14055.83,2830.17,0.00,18423.46,19479.71
CZ10/RFF&0&cDXGF&New&dxAC_equip/NE-dxAC-PkgAC-135to239-New-EER-11.5/instance-out.sql,104953.05,2830.17,13637.37,6626.33,0.0,37903.17,0.0,20234.93,3.37,0.0,0.0,0.0,23717.7,0.0,0.0,0.00,13637.37,2830.17,0.00,18423.46,19479.71
CZ10/RFF&0&cDXGF&New&dxAC_equip/NE-dxAC-PkgAC-135to239-New-EER-12.0/instance-out.sql,104696.74,2830.17,13381.06,6626.33,0.0,37903.17,0.0,20234.93,3.37,0.0,0.0,0.0,23717.7,0.0,0.0,0.00,13381.06,2830.17,0.00,18423.46,19479.71
CZ10/RFF&0&cDXGF&New&dxAC_equip/NE-dxAC-PkgAC-135to239-New-EER-12.5/instance-out.sql,104446.9,2830.17,13131.22,6626.33,0.0,37903.17,0.0,20234.93,3.37,0.0,0.0,0.0,23717.7,0.0,0.0,0.00,13131.22,2830.17,0.00,18423.46,19479.71
CZ10/RFF&0&cDXGF&New&dxAC_equip/NE-dxAC-PkgAC-240to759-New-EER-9.8/instance-out.sql,105573.55,2830.17,14257.87,6626.33,0.0,37903.17,0.0,20234.93,3.37,0.0,0.0,0.0,23717.7,0.0,0.0,0.00,14257.87,2830.17,0.00,18423.46,19479.71
CZ10/RFF&0&cDXGF&New&dxAC_equip/NE-dxAC-PkgAC-240to759-New-EER-10.8/instance-out.sql,104937.38,2830.17,13621.7,6626.33,0.0,37903.17,0.0,20234.93,3.37,0.0,0.0,0.0,23717.7,0.0,0.0,0.00,13621.70,2830.17,0.00,18423.46,19479.71
CZ10/RFF&0&cDXGF&New&dxAC_equip/NE-dxAC-PkgAC-240to759-New-EER-11.5/instance-out.sql,104541.6,2830.17,13225.92,6626.33,0.0,37903.17,0.0,20234.93,3.37,0.0,0.0,0.0,23717.7,0.0,0.0,0.00,13225.92,2830.17,0.00,18423.46,19479.71
CZ10/RFF&0&cDXGF&New&dxAC_equip/NE-dxAC-PkgAC-240to759-New-EER-12.5/instance-out.sql,104061.29000000001,2830.17,12745.61,6626.33,0.0,37903.17,0.0,20234.93,3.37,0.0,0.0,0.0,23717.7,0.0,0.0,0.00,12745.61,2830.17,0.00,18423.46,19479.71
CZ10/RFF&0&cDXGF&New&dxAC_equip/NE-dxAC-PkgAC-gt760-New-EER-9.5/instance-out.sql,105425.45000000001,2830.17,14109.77,6626.33,0.0,37903.17,0.0,20234.93,3.37,0.0,0.0,0.0,23717.7,0.0,0.0,0.00,14109.77,2830.17,0.00,18423.46,19479.71
CZ10/RFF&0&cDXGF&New&dxAC_equip/NE-dxAC-PkgAC-gt760-New-EER-10.2/instance-out.sql,104953.05,2830.17,13637.37,6626.33,0.0,37903.17,0.0,20234.93,3.37,0.0,0.0,0.0,23717.7,0.0,0.0,0.00,13637.37,2830.17,0.00,18423.46,19479.71
CZ10/RFF&0&cDXGF&New&dxAC_equip/NE-dxAC-PkgAC-gt760-New-EER-11.0/instance-out.sql,104500.65,2830.17,13184.96,6626.33,0.0,37903.17,0.0,20234.93,3.37,0.0,0.0,0.0,23717.7,0.0,0.0,0.00,13184.96,2830.17,0.00,18423.46,19479.71
CZ10/RFF&0&cDXGF&New&dxAC_equip/NE-dxAC-PkgAC-gt760-New-EER-12.0/instance-out.sql,104003.79000000001,2830.17,12688.11,6626.33,0.0,37903.17,0.0,20234.93,3.37,0.0,0.0,0.0,23717.7,0.0,0.0,0.00,12688.11,2830.17,0.00,18423.46,19479.71
CZ10/RSD&0&cDXGF&New&dxAC_equip/NE-dxAC-PkgAC-65to134-New-EER-11.0/instance-out.sql,241058.05,28913.59,32366.83,16225.45,0.0,76546.73,0.0,27227.65,17.18,0.0,0.0,0.0,59760.64,0.0,0.0,0.00,32366.83,28913.59,0.00,37475.60,39071.13
CZ10/RSD&0&cDXGF&New&dxAC_equip/NE-dxAC-PkgAC-65to134-New-EER-11.5/instance-out.sql,240928.49,28913.59,32237.26,16225.45,0.0,76546.73,0.0,27227.65,17.18,0.0,0.0,0.0,59760.64,0.0,0.0,0.00,32237.26,28913.59,0.00,37475.60,39071.13
CZ10/RSD&0&cDXGF&New&dxAC_equip/NE-dxAC-PkgAC-65to134-New-EER-12.0/instance-out.sql,240809.56,28913.59,32118.33,16225.45,0.0,76546.73,0.0,27227.65,17.18,0.0,0.0,0.0,59760.64,0.0,0.0,0.00,32118.33,28913.59,0.00,37475.60,39071.13
CZ10/RSD&0&cDXGF&New&dxAC_equip/NE-dxAC-PkgAC-65to134-New-EER-12.5/instance-out.sql,240700.01,28913.59,32008.79,16225.45,0.0,76546.73,0.0,27227.65,17.18,0.0,0.0,0.0,59760.64,0.0,0.0,0.00,32008.79,28913.59,0.00,37475.60,39071.13
CZ10/RSD&0&cDXGF&New&dxAC_equip/NE-dxAC-PkgAC-65to134-New-EER-13.0/instance-out.sql,240593.06,28913.59,31901.84,16225.45,0.0,76546.73,0.0,27227.65,17.18,0.0,0.0,0.0,59760.64,0.0,0.0,0.00,31901.84,28913.59,0.00,37475.60,39071.13
CZ10/RSD&0&cDXGF&New&dxAC_equip/NE-dxAC-PkgAC-135to239-New-EER-10.8/instance-out.sql,241050.11,28913.59,32358.89,16225.45,0.0,76546.73,0.0,27227.65,17.18,0.0,0.0,0.0,59760.64,0.0,0.0,0.00,32358.89,28913.59,0.00,37475.60,39071.13
CZ10/RSD&0&cDXGF&New&dxAC_equip/NE-dxAC-PkgAC-135to239-New-EER-11.5/instance-out.sql,240864.28,28913.59,32173.06,16225.45,0.0,76546.73,0.0,27227.65,17.18,0.0,0.0,0.0,59760.64,0.0,0.0,0.00,32173.06,28913.59,0.00,37475.60,39071.13
CZ10/RSD&0&cDXGF&New&dxAC_equip/NE-dxAC-PkgAC-135to239-New-EER-12.0/instance-out.sql,240750.46000000002,28913.59,32059.24,16225.45,0.0,76546.73,0.0,27227.65,17.18,0.0,0.0,0.0,59760.64,0.0,0.0,0.00,32059.24,28913.59,0.00,37475.60,39071.13
CZ10/RSD&0&cDXGF&New&dxAC_equip/NE-dxAC-PkgAC-135to239-New-EER-12.5/instance-out.sql,240639.52000000002,28913.59,31948.29,16225.45,0.0,76546.73,0.0,27227.65,17.18,0.0,0.0,0.0,59760.64,0.0,0.0,0.00,31948.29,28913.59,0.00,37475.60,39071.13
CZ10/RSD&0&cDXGF&New&dxAC_equip/NE-dxAC-PkgAC-240to759-New-EER-9.8/instance-out.sql,241139.83000000002,28913.59,32448.61,16225.45,0.0,76546.73,0.0,27227.65,17.18,0.0,0.0,0.0,59760.64,0.0,0.0,0.00,32448.61,28913.59,0.00,37475.60,39071.13
CZ10/RSD&0&cDXGF&New&dxAC_equip/NE-dxAC-PkgAC-240to759-New-EER-10.8/instance-out.sql,240857.32,28913.59,32166.1,16225.45,0.0,76546.73,0.0,27227.65,17.18,0.0,0.0,0.0,59760.64,0.0,0.0,0.00,32166.10,28913.59,0.00,37475.60,39071.13
CZ10/RSD&0&cDXGF&New&dxAC_equip/NE-dxAC-PkgAC-240to759-New-EER-11.5/instance-out.sql,240681.57,28913.59,31990.35,16225.45,0.0,76546.73,0.0,27227.65,17.18,0.0,0.0,0.0,59760.64,0.0,0.0,0.00,31990.35,28913.59,0.00,37475.60,39071.13
CZ10/RSD&0&cDXGF&New&dxAC_equip/NE-dxAC-PkgAC-240to759-New-EER-12.5/instance-out.sql,240468.27000000002,28913.59,31777.05,16225.45,0.0,76546.73,0.0,27227.65,17.18,0.0,0.0,0.0,59760.64,0.0,0.0,0.00,31777.05,28913.59,0.00,37475.60,39071.13
CZ10/RSD&0&cDXGF&New&dxAC_equip/NE-dxAC-PkgAC-gt760-New-EER-9.5/instance-out.sql,241074.06,28913.59,32382.84,16225.45,0.0,76546.73,0.0,27227.65,17.18,0.0,0.0,0.0,59760.64,0.0,0.0,0.00,32382.84,28913.59,0.00,37475.60,39071.13
CZ10/RSD&0&cDXGF&New&dxAC_equip/NE-dxAC-PkgAC-gt760-New-EER-10.2/instance-out.sql,240864.28,28913.59,32173.06,16225.45,0.0,76546.73,0.0,27227.65,17.18,0.0,0.0,0.0,59760.64,0.0,0.0,0.00,32173.06,28913.59,0.00,37475.60,39071.13
CZ10/RSD&0&cDXGF&New&dxAC_equip/NE-dxAC-PkgAC-gt760-New-EER-11.0/instance-out.sql,240663.38,28913.59,31972.16,16225.45,0.0,76546.73,0.0,27227.65,17.18,0.0,0.0,0.0,59760.64,0.0,0.0,0.00,31972.16,28913.59,0.00,37475.60,39071.13
CZ10/RSD&0&cDXGF&New&dxAC_equip/NE-dxAC-PkgAC-gt760-New-EER-12.0/instance-out.sql,240442.74,28913.59,31751.52,16225.45,0.0,76546.73,0.0,27227.65,17.18,0.0,0.0,0.0,59760.64,0.0,0.0,0.00,31751.52,28913.59,0.00,37475.60,39071.13
CZ10/Rt3&0&cDXGF&New&dxAC_equip/NE-dxAC-PkgAC-65to134-New-EER-11.0/instance-out.sql,1917240.17,54957.06,326920.08,394371.6,0.0,436362.0,0.0,548586.58,3.38,0.0,0.0,0.0,156039.47,0.0,0.0,0.00,326920.08,54957.06,0.00,436362.00,0.00
CZ10/Rt3&0&cDXGF&New&dxAC_equip/NE-dxAC-PkgAC-65to134-New-EER-11.5/instance-out.sql,1903699.52,54957.06,313379.43,394371.6,0.0,436362.0,0.0,548586.58,3.38,0.0,0.0,0.0,156039.47,0.0,0.0,0.00,313379.43,54957.06,0.00,436362.00,0.00
CZ10/Rt3&0&cDXGF&New&dxAC_equip/NE-dxAC-PkgAC-65to134-New-EER-12.0/instance-out.sql,1891270.91,54957.06,300950.81,394371.6,0.0,436362.0,0.0,548586.58,3.38,0.0,0.0,0.0,156039.47,0.0,0.0,0.00,300950.81,54957.06,0.00,436362.00,0.00
CZ10/Rt3&0&cDXGF&New&dxAC_equip/NE-dxAC-PkgAC-65to134-New-EER-12.5/instance-out.sql,1879822.74,54957.06,289502.64,394371.6,0.0,436362.0,0.0,548586.58,3.38,0.0,0.0,0.0,156039.47,0.0,0.0,0.00,289502.64,54957.06,0.00,436362.00,0.00
CZ10/Rt3&0&cDXGF&New&dxAC_equip/NE-dxAC-PkgAC-65to134-New-EER-13.0/instance-out.sql,1868646.04,54957.06,278325.94,394371.6,0.0,436362.0,0.0,548586.58,3.38,0.0,0.0,0.0,156039.47,0.0,0.0,0.00,278325.94,54957.06,0.00,436362.00,0.00
CZ10/Rt3&0&cDXGF&New&dxAC_equip/NE-dxAC-PkgAC-135to239-New-EER-10.8/instance-out.sql,1916410.21,54957.06,326090.12,394371.6,0.0,436362.0,0.0,548586.58,3.38,0.0,0.0,0.0,156039.47,0.0,0.0,0.00,326090.12,54957.06,0.00,436362.00,0.00
CZ10/Rt3&0&cDXGF&New&dxAC_equip/NE-dxAC-PkgAC-135to239-New-EER-11.5/instance-out.sql,1896990.01,54957.06,306669.92,394371.6,0.0,436362.0,0.0,548586.58,3.38,0.0,0.0,0.0,156039.47,0.0,0.0,0.00,306669.92,54957.06,0.00,436362.00,0.00
CZ10/Rt3&0&cDXGF&New&dxAC_equip/NE-dxAC-PkgAC-135to239-New-EER-12.0/instance-out.sql,1885095.48,54957.06,294775.39,394371.6,0.0,436362.0,0.0,548586.58,3.38,0.0,0.0,0.0,156039.47,0.0,0.0,0.00,294775.39,54957.06,0.00,436362.00,0.00
CZ10/Rt3&0&cDXGF&New&dxAC_equip/NE-dxAC-PkgAC-135to239-New-EER-12.5/instance-out.sql,1873500.82,54957.06,283180.73,394371.6,0.0,436362.0,0.0,548586.58,3.38,0.0,0.0,0.0,156039.47,0.0,0.0,0.00,283180.73,54957.06,0.00,436362.00,0.00
CZ10/Rt3&0&cDXGF&New&dxAC_equip/NE-dxAC-PkgAC-240to759-New-EER-9.8/instance-out.sql,1925786.5,54957.06,335466.4,394371.6,0.0,436362.0,0.0,548586.58,3.38,0.0,0.0,0.0,156039.47,0.0,0.0,0.00,335466.40,54957.06,0.00,436362.00,0.00
CZ10/Rt3&0&cDXGF&New&dxAC_equip/NE-dxAC-PkgAC-240to759-New-EER-10.8/instance-out.sql,1896262.83,54957.06,305942.74,394371.6,0.0,436362.0,0.0,548586.58,3.38,0.0,0.0,0.0,156039.47,0.0,0.0,0.00,305942.74,54957.06,0.00,436362.00,0.00
CZ10/Rt3&0&cDXGF&New&dxAC_equip/NE-dxAC-PkgAC-240to759-New-EER-11.5/instance-out.sql,1877895.57,54957.06,287575.48,394371.6,0.0,436362.0,0.0,548586.58,3.38,0.0,0.0,0.0,156039.47,0.0,0.0,0.00,287575.48,54957.06,0.00,436362.00,0.00
CZ10/Rt3&0&cDXGF&New&dxAC_equip/NE-dxAC-PkgAC-240to759-New-EER-12.5/instance-out.sql,1855605.24,54957.06,265285.15,394371.6,0.0,436362.0,0.0,548586.58,3.38,0.0,0.0,0.0,156039.47,0.0,0.0,0.00,265285.15,54957.06,0.00,436362.00,0.00
CZ10/Rt3&0&cDXGF&New&dxAC_equip/NE-dxAC-PkgAC-gt760-New-EER-9.5/instance-out.sql,1918913.26,54957.06,328593.17,394371.6,0.0,436362.0,0.0,548586.58,3.38,0.0,0.0,0.0,156039.47,0.0,0.0,0.00,328593.17,54957.06,0.00,436362.00,0.00
CZ10/Rt3&0&cDXGF&New&dxAC_equip/NE-dxAC-PkgAC-gt760-New-EER-10.2/instance-out.sql,1896990.01,54957.06,306669.92,394371.6,0.0,436362.0,0.0,548586.58,3.38,0.0,0.0,0.0,156039.47,0.0,0.0,0.00,306669.92,54957.06,0.00,436362.00,0.00
CZ10/Rt3&0&cDXGF&New&dxAC_equip/NE-dxAC-PkgAC-gt760-New-EER-11.0/instance-out.sql,1875994.87,54957.06,285674.77,394371.6,0.0,436362.0,0.0,548586.58,3.38,0.0,0.0,0.0,156039.47,0.0,0.0,0.00,285674.77,54957.06,0.00,436362.00,0.00
CZ10/Rt3&0&cDXGF&New&dxAC_equip/NE-dxAC-PkgAC-gt760-New-EER-12.0/instance-out.sql,1852936.69,54957.06,262616.6,394371.6,0.0,436362.0,0.0,548586.58,3.38,0.0,0.0,0.0,156039.47,0.0,0.0,0.00,262616.60,54957.06,0.00,436362.00,0.00
CZ10/RtL&0&cDXGF&New&dxAC_equip/NE-dxAC-PkgAC-65to134-New-EER-11.0/instance-out.sql,1700846.34,18034.12,272068.74,395231.18,0.0,509200.67,0.0,391317.98,3.39,0.0,0.0,0.0,114990.27,0.0,0.0,0.00,272068.74,18034.12,0.00,468847.72,40352.95
CZ10/RtL&0&cDXGF&New&dxAC_equip/NE-dxAC-PkgAC-65to134-New-EER-11.5/instance-out.sql,1689762.75,18034.12,260985.15,395231.18,0.0,509200.67,0.0,391317.98,3.39,0.0,0.0,0.0,114990.27,0.0,0.0,0.00,260985.15,18034.12,0.00,468847.72,40352.95
CZ10/RtL&0&cDXGF&New&dxAC_equip/NE-dxAC-PkgAC-65to134-New-EER-12.0/instance-out.sql,1679589.4000000001,18034.12,250811.8,395231.18,0.0,509200.67,0.0,391317.98,3.39,0.0,0.0,0.0,114990.27,0.0,0.0,0.00,250811.80,18034.12,0.00,468847.72,40352.95
CZ10/RtL&0&cDXGF&New&dxAC_equip/NE-dxAC-PkgAC-65to134-New-EER-12.5/instance-out.sql,1670218.59,18034.12,241440.99,395231.18,0.0,509200.67,0.0,391317.98,3.39,0.0,0.0,0.0,114990.27,0.0,0.0,0.00,241440.99,18034.12,0.00,468847.72,40352.95
CZ10/RtL&0&cDXGF&New&dxAC_equip/NE-dxAC-PkgAC-65to134-New-EER-13.0/instance-out.sql,1661069.99,18034.12,232292.38,395231.18,0.0,509200.67,0.0,391317.98,3.39,0.0,0.0,0.0,114990.27,0.0,0.0,0.00,232292.38,18034.12,0.00,468847.72,40352.95
CZ10/RtL&0&cDXGF&New&dxAC_equip/NE-dxAC-PkgAC-135to239-New-EER-10.8/instance-out.sql,1700166.99,18034.12,271389.39,395231.18,0.0,509200.67,0.0,391317.98,3.39,0.0,0.0,0.0,114990.27,0.0,0.0,0.00,271389.39,18034.12,0.00,468847.72,40352.95
CZ10/RtL&0&cDXGF&New&dxAC_equip/NE-dxAC-PkgAC-135to239-New-EER-11.5/instance-out.sql,1684270.73,18034.12,255493.13,395231.18,0.0,509200.67,0.0,391317.98,3.39,0.0,0.0,0.0,114990.27,0.0,0.0,0.00,255493.13,18034.12,0.00,468847.72,40352.95
CZ10/RtL&0&cDXGF&New&dxAC_equip/NE-dxAC-PkgAC-135to239-New-EER-12.0/instance-out.sql,1674534.56,18034.12,245756.95,395231.18,0.0,509200.67,0.0,391317.98,3.39,0.0,0.0,0.0,114990.27,0.0,0.0,0.00,245756.95,18034.12,0.00,468847.72,40352.95
CZ10/RtL&0&cDXGF&New&dxAC_equip/NE-dxAC-PkgAC-135to239-New-EER-12.5/instance-out.sql,1665043.83,18034.12,236266.23,395231.18,0.0,509200.67,0.0,391317.98,3.39,0.0,0.0,0.0,114990.27,0.0,0.0,0.00,236266.23,18034.12,0.00,468847.72,40352.95
CZ10/RtL&0&cDXGF&New&dxAC_equip/NE-dxAC-PkgAC-240to759-New-EER-9.8/instance-out.sql,1707841.87,18034.12,279064.27,395231.18,0.0,509200.67,0.0,391317.98,3.39,0.0,0.0,0.0,114990.27,0.0,0.0,0.00,279064.27,18034.12,0.00,468847.72,40352.95
CZ10/RtL&0&cDXGF&New&dxAC_equip/NE-dxAC-PkgAC-240to759-New-EER-10.8/instance-out.sql,1683675.5,18034.12,254897.9,395231.18,0.0,509200.67,0.0,391317.98,3.39,0.0,0.0,0.0,114990.27,0.0,0.0,0.00,254897.90,18034.12,0.00,468847.72,40352.95
CZ10/RtL&0&cDXGF&New&dxAC_equip/NE-dxAC-PkgAC-240to759-New-EER-11.5/instance-out.sql,1668641.12,18034.12,239863.52,395231.18,0.0,509200.67,0.0,391317.98,3.39,0.0,0.0,0.0,114990.27,0.0,0.0,0.00,239863.52,18034.12,0.00,468847.72,40352.95
CZ10/RtL&0&cDXGF&New&dxAC_equip/NE-dxAC-PkgAC-240to759-New-EER-12.5/instance-out.sql,1650395.54,18034.12,221617.94,395231.18,0.0,509200.67,0.0,391317.98,3.39,0.0,0.0,0.0,114990.27,0.0,0.0,0.00,221617.94,18034.12,0.00,468847.72,40352.95
CZ10/RtL&0&cDXGF&New&dxAC_equip/NE-dxAC-PkgAC-gt760-New-EER-9.5/instance-out.sql,1702215.84,18034.12,273438.24,395231.18,0.0,509200.67,0.0,391317.98,3.39,0.0,0.0,0.0,114990.27,0.0,0.0,0.00,273438.24,18034.12,0.00,468847.72,40352.95
CZ10/RtL&0&cDXGF&New&dxAC_equip/NE-dxAC-PkgAC-gt760-New-EER-10.2/instance-out.sql,1684270.73,18034.12,255493.13,395231.18,0.0,509200.67,0.0,391317.98,3.39,0.0,0.0,0.0,114990.27,0.0,0.0,0.00,255493.13,18034.12,0.00,468847.72,40352.95
CZ10/RtL&0&cDXGF&New&dxAC_equip/NE-dxAC-PkgAC-gt760-New-EER-11.0/instance-out.sql,1667085.31,18034.12,238307.71,395231.18,0.0,509200.67,0.0,391317.98,3.39,0.0,0.0,0.0,114990.27,0.0,0.0,0.00,238307.71,18034.12,0.00,468847.72,40352.95
CZ10/RtL&0&cDXGF&New&dxAC_equip/NE-dxAC-PkgAC-gt760-New-EER-12.0/instance-out.sql,1648211.22,18034.12,219433.62,395231.18,0.0,509200.67,0.0,391317.98,3.39,0.0,0.0,0.0,114990.27,0.0,0.0,0.00,219433.62,18034.12,0.00,468847.72,40352.95
CZ10/RtS&0&cDXGF&New&dxAC_equip/NE-dxAC-PkgAC-65to134-New-EER-11.0/instance-out.sql,128365.38,7103.99,22643.73,23251.32,0.0,24440.79,0.0,36201.22,3.36,0.0,0.0,0.0,14720.97,0.0,0.0,0.00,22643.73,7103.99,0.00,24440.79,0.00
CZ10/RtS&0&cDXGF&New&dxAC_equip/NE-dxAC-PkgAC-65to134-New-EER-11.5/instance-out.sql,127396.68,7103.99,21675.03,23251.32,0.0,24440.79,0.0,36201.22,3.36,0.0,0.0,0.0,14720.97,0.0,0.0,0.00,21675.03,7103.99,0.00,24440.79,0.00
CZ10/RtS&0&cDXGF&New&dxAC_equip/NE-dxAC-PkgAC-65to134-New-EER-12.0/instance-out.sql,126507.54000000001,7103.99,20785.89,23251.32,0.0,24440.79,0.0,36201.22,3.36,0.0,0.0,0.0,14720.97,0.0,0.0,0.00,20785.89,7103.99,0.00,24440.79,0.00
CZ10/RtS&0&cDXGF&New&dxAC_equip/NE-dxAC-PkgAC-65to134-New-EER-12.5/instance-out.sql,125688.54000000001,7103.99,19966.89,23251.32,0.0,24440.79,0.0,36201.22,3.36,0.0,0.0,0.0,14720.97,0.0,0.0,0.00,19966.89,7103.99,0.00,24440.79,0.00
CZ10/RtS&0&cDXGF&New&dxAC_equip/NE-dxAC-PkgAC-65to134-New-EER-13.0/instance-out.sql,124888.95999999999,7103.99,19167.31,23251.32,0.0,24440.79,0.0,36201.22,3.36,0.0,0.0,0.0,14720.97,0.0,0.0,0.00,19167.31,7103.99,0.00,24440.79,0.00
CZ10/RtS&0&cDXGF&New&dxAC_equip/NE-dxAC-PkgAC-135to239-New-EER-10.8/instance-out.sql,128306.01000000001,7103.99,22584.35,23251.32,0.0,24440.79,0.0,36201.22,3.36,0.0,0.0,0.0,14720.97,0.0,0.0,0.00,22584.35,7103.99,0.00,24440.79,0.00
CZ10/RtS&0&cDXGF&New&dxAC_equip/NE-dxAC-PkgAC-135to239-New-EER-11.5/instance-out.sql,126916.69,7103.99,21195.03,23251.32,0.0,24440.79,0.0,36201.22,3.36,0.0,0.0,0.0,14720.97,0.0,0.0,0.00,21195.03,7103.99,0.00,24440.79,0.00
CZ10/RtS&0&cDXGF&New&dxAC_equip/NE-dxAC-PkgAC-135to239-New-EER-12.0/instance-out.sql,126065.75,7103.99,20344.1,23251.32,0.0,24440.79,0.0,36201.22,3.36,0.0,0.0,0.0,14720.97,0.0,0.0,0.00,20344.10,7103.99,0.00,24440.79,0.00
CZ10/RtS&0&cDXGF&New&dxAC_equip/NE-dxAC-PkgAC-135to239-New-EER-12.5/instance-out.sql,125236.26999999999,7103.99,19514.62,23251.32,0.0,24440.79,0.0,36201.22,3.36,0.0,0.0,0.0,14720.97,0.0,0.0,0.00,19514.62,7103.99,0.00,24440.79,0.00
CZ10/RtS&0&cDXGF&New&dxAC_equip/NE-dxAC-PkgAC-240to759-New-EER-9.8/instance-out.sql,128976.78,7103.99,23255.13,23251.32,0.0,24440.79,0.0,36201.22,3.36,0.0,0.0,0.0,14720.97,0.0,0.0,0.00,23255.13,7103.99,0.00,24440.79,0.00
CZ10/RtS&0&cDXGF&New&dxAC_equip/NE-dxAC-PkgAC-240to759-New-EER-10.8/instance-out.sql,126864.66,7103.99,21143.01,23251.32,0.0,24440.79,0.0,36201.22,3.36,0.0,0.0,0.0,14720.97,0.0,0.0,0.00,21143.01,7103.99,0.00,24440.79,0.00
CZ10/RtS&0&cDXGF&New&dxAC_equip/NE-dxAC-PkgAC-240to759-New-EER-11.5/instance-out.sql,125550.67000000001,7103.99,19829.02,23251.32,0.0,24440.79,0.0,36201.22,3.36,0.0,0.0,0.0,14720.97,0.0,0.0,0.00,19829.02,7103.99,0.00,24440.79,0.00
CZ10/RtS&0&cDXGF&New&dxAC_equip/NE-dxAC-PkgAC-240to759-New-EER-12.5/instance-out.sql,123956.01999999999,7103.99,18234.37,23251.32,0.0,24440.79,0.0,36201.22,3.36,0.0,0.0,0.0,14720.97,0.0,0.0,0.00,18234.37,7103.99,0.00,24440.79,0.00
CZ10/RtS&0&cDXGF&New&dxAC_equip/NE-dxAC-PkgAC-gt760-New-EER-9.5/instance-out.sql,128485.07,7103.99,22763.42,23251.32,0.0,24440.79,0.0,36201.22,3.36,0.0,0.0,0.0,14720.97,0.0,0.0,0.00,22763.42,7103.99,0.00,24440.79,0.00
CZ10/RtS&0&cDXGF&New&dxAC_equip/NE-dxAC-PkgAC-gt760-New-EER-10.2/instance-out.sql,126916.69,7103.99,21195.03,23251.32,0.0,24440.79,0.0,36201.22,3.36,0.0,0.0,0.0,14720.97,0.0,0.0,0.00,21195.03,7103.99,0.00,24440.79,0.00
CZ10/RtS&0&cDXGF&New&dxAC_equip/NE-dxAC-PkgAC-gt760-New-EER-11.0/instance-out.sql,125414.69,7103.99,19693.04,23251.32,0.0,24440.79,0.0,36201.22,3.36,0.0,0.0,0.0,14720.97,0.0,0.0,0.00,19693.04,7103.99,0.00,24440.79,0.00
CZ10/RtS&0&cDXGF&New&dxAC_equip/NE-dxAC-PkgAC-gt760-New-EER-12.0/instance-out.sql,123765.10999999999,7103.99,18043.46,23251.32,0.0,24440.79,0.0,36201.22,3.36,0.0,0.0,0.0,14720.97,0.0,0.0,0.00,18043.46,7103.99,0.00,24440.79,0.00
CZ10/SCn&0&cDXGF&New&dxAC_equip/NE-dxAC-PkgAC-65to134-New-EER-11.0/instance-out.sql,2818746.4499999997,294629.0,453258.42,571539.04,0.0,449066.39,0.0,973163.93,3.36,0.0,0.0,0.0,77086.31,0.0,0.0,0.00,453258.42,294629.00,0.00,449066.39,0.00
CZ10/SCn&0&cDXGF&New&dxAC_equip/NE-dxAC-PkgAC-65to134-New-EER-11.5/instance-out.sql,2799338.3299999996,294629.0,433850.3,571539.04,0.0,449066.39,0.0,973163.93,3.36,0.0,0.0,0.0,77086.31,0.0,0.0,0.00,433850.30,294629.00,0.00,449066.39,0.00
CZ10/SCn&0&cDXGF&New&dxAC_equip/NE-dxAC-PkgAC-65to134-New-EER-12.0/instance-out.sql,2781524.1199999996,294629.0,416036.09,571539.04,0.0,449066.39,0.0,973163.93,3.36,0.0,0.0,0.0,77086.31,0.0,0.0,0.00,416036.09,294629.00,0.00,449066.39,0.00
CZ10/SCn&0&cDXGF&New&dxAC_equip/NE-dxAC-PkgAC-65to134-New-EER-12.5/instance-out.sql,2765115.1999999997,294629.0,399627.17,571539.04,0.0,449066.39,0.0,973163.93,3.36,0.0,0.0,0.0,77086.31,0.0,0.0,0.00,399627.17,294629.00,0.00,449066.39,0.00
CZ10/SCn&0&cDXGF&New&dxAC_equip/NE-dxAC-PkgAC-65to134-New-EER-13.0/instance-out.sql,2749095.3899999997,294629.0,383607.36,571539.04,0.0,449066.39,0.0,973163.93,3.36,0.0,0.0,0.0,77086.31,0.0,0.0,0.00,383607.36,294629.00,0.00,449066.39,0.00
CZ10/SCn&0&cDXGF&New&dxAC_equip/NE-dxAC-PkgAC-135to239-New-EER-10.8/instance-out.sql,2817556.8499999996,294629.0,452068.82,571539.04,0.0,449066.39,0.0,973163.93,3.36,0.0,0.0,0.0,77086.31,0.0,0.0,0.00,452068.82,294629.00,0.00,449066.39,0.00
CZ10/SCn&0&cDXGF&New&dxAC_equip/NE-dxAC-PkgAC-135to239-New-EER-11.5/instance-out.sql,2789721.4499999997,294629.0,424233.42,571539.04,0.0,449066.39,0.0,973163.93,3.36,0.0,0.0,0.0,77086.31,0.0,0.0,0.00,424233.42,294629.00,0.00,449066.39,0.00
CZ10/SCn&0&cDXGF&New&dxAC_equip/NE-dxAC-PkgAC-135to239-New-EER-12.0/instance-out.sql,2772672.75,294629.0,407184.72,571539.04,0.0,449066.39,0.0,973163.93,3.36,0.0,0.0,0.0,77086.31,0.0,0.0,0.00,407184.72,294629.00,0.00,449066.39,0.00
CZ10/SCn&0&cDXGF&New&dxAC_equip/NE-dxAC-PkgAC-135to239-New-EER-12.5/instance-out.sql,2756053.86,294629.0,390565.83,571539.04,0.0,449066.39,0.0,973163.93,3.36,0.0,0.0,0.0,77086.31,0.0,0.0,0.00,390565.83,294629.00,0.00,449066.39,0.00
CZ10/SCn&0&cDXGF&New&dxAC_equip/NE-dxAC-PkgAC-240to759-New-EER-9.8/instance-out.sql,2830996.09,294629.0,465508.06,571539.04,0.0,449066.39,0.0,973163.93,3.36,0.0,0.0,0.0,77086.31,0.0,0.0,0.00,465508.06,294629.00,0.00,449066.39,0.00
CZ10/SCn&0&cDXGF&New&dxAC_equip/NE-dxAC-PkgAC-240to759-New-EER-10.8/instance-out.sql,2788679.1599999997,294629.0,423191.13,571539.04,0.0,449066.39,0.0,973163.93,3.36,0.0,0.0,0.0,77086.31,0.0,0.0,0.00,423191.13,294629.00,0.00,449066.39,0.00
CZ10/SCn&0&cDXGF&New&dxAC_equip/NE-dxAC-PkgAC-240to759-New-EER-11.5/instance-out.sql,2762352.96,294629.0,396864.92,571539.04,0.0,449066.39,0.0,973163.93,3.36,0.0,0.0,0.0,77086.31,0.0,0.0,0.00,396864.92,294629.00,0.00,449066.39,0.00
CZ10/SCn&0&cDXGF&New&dxAC_equip/NE-dxAC-PkgAC-240to759-New-EER-12.5/instance-out.sql,2730403.7199999997,294629.0,364915.69,571539.04,0.0,449066.39,0.0,973163.93,3.36,0.0,0.0,0.0,77086.31,0.0,0.0,0.00,364915.69,294629.00,0.00,449066.39,0.00
CZ10/SCn&0&cDXGF&New&dxAC_equip/NE-dxAC-PkgAC-gt760-New-EER-9.5/instance-out.sql,2821144.53,294629.0,455656.5,571539.04,0.0,449066.39,0.0,973163.93,3.36,0.0,0.0,0.0,77086.31,0.0,0.0,0.00,455656.50,294629.00,0.00,449066.39,0.00
CZ10/SCn&0&cDXGF&New&dxAC_equip/NE-dxAC-PkgAC-gt760-New-EER-10.2/instance-out.sql,2789721.4499999997,294629.0,424233.42,571539.04,0.0,449066.39,0.0,973163.93,3.36,0.0,0.0,0.0,77086.31,0.0,0.0,0.00,424233.42,294629.00,0.00,449066.39,0.00
CZ10/SCn&0&cDXGF&New&dxAC_equip/NE-dxAC-PkgAC-gt760-New-EER-11.0/instance-out.sql,2759628.63,294629.0,394140.6,571539.04,0.0,449066.39,0.0,973163.93,3.36,0.0,0.0,0.0,77086.31,0.0,0.0,0.00,394140.60,294629.00,0.00,449066.39,0.00
CZ10/SCn&0&cDXGF&New&dxAC_equip/NE-dxAC-PkgAC-gt760-New-EER-12.0/instance-out.sql,2726578.84,294629.0,361090.81,571539.04,0.0,449066.39,0.0,973163.93,3.36,0.0,0.0,0.0,77086.31,0.0,0.0,0.00,361090.81,294629.00,0.00,449066.39,0.00

File Name,Electricity (kWh),Natural Gas (kWh)
CZ09/Asm&0&cDXGF&New&dxAC_equip/NE-dxAC-PkgAC-65to134-New-EER-11.0/instance-out.sql,516555.27,73482.65
CZ09/Asm&0&cDXGF&New&dxAC_equip/NE-dxAC-PkgAC-65to134-New-EER-11.5/instance-out.sql,511951.63,73482.65
CZ09/Asm&0&cDXGF&New&dxAC_equip/NE-dxAC-PkgAC-65to134-New-EER-12.0/instance-out.sql,507726.06,73482.65
CZ09/Asm&0&cDXGF&New&dxAC_equip/NE-dxAC-PkgAC-65to134-New-EER-12.5/instance-out.sql,503833.83,73482.65
CZ09/Asm&0&cDXGF&New&dxAC_equip/NE-dxAC-PkgAC-65to134-New-EER-13.0/instance-out.sql,500033.90,73482.65
CZ09/Asm&0&cDXGF&New&dxAC_equip/NE-dxAC-PkgAC-135to239-New-EER-10.8/instance-out.sql,516273.10,73482.65
CZ09/Asm&0&cDXGF&New&dxAC_equip/NE-dxAC-PkgAC-135to239-New-EER-11.5/instance-out.sql,509670.48,73482.65
CZ09/Asm&0&cDXGF&New&dxAC_equip/NE-dxAC-PkgAC-135to239-New-EER-12.0/instance-out.sql,505626.50,73482.65
CZ09/Asm&0&cDXGF&New&dxAC_equip/NE-dxAC-PkgAC-135to239-New-EER-12.5/instance-out.sql,501684.46,73482.65
CZ09/Asm&0&cDXGF&New&dxAC_equip/NE-dxAC-PkgAC-240to759-New-EER-9.8/instance-out.sql,519460.91,73482.65
CZ09/Asm&0&cDXGF&New&dxAC_equip/NE-dxAC-PkgAC-240to759-New-EER-10.8/instance-out.sql,509423.25,73482.65
CZ09/Asm&0&cDXGF&New&dxAC_equip/NE-dxAC-PkgAC-240to759-New-EER-11.5/instance-out.sql,503178.62,73482.65
CZ09/Asm&0&cDXGF&New&dxAC_equip/NE-dxAC-PkgAC-240to759-New-EER-12.5/instance-out.sql,495600.20,73482.65
CZ09/Asm&0&cDXGF&New&dxAC_equip/NE-dxAC-PkgAC-gt760-New-EER-9.5/instance-out.sql,517124.10,73482.65
CZ09/Asm&0&cDXGF&New&dxAC_equip/NE-dxAC-PkgAC-gt760-New-EER-10.2/instance-out.sql,509670.48,73482.65
CZ09/Asm&0&cDXGF&New&dxAC_equip/NE-dxAC-PkgAC-gt760-New-EER-11.0/instance-out.sql,502532.41,73482.65
CZ09/Asm&0&cDXGF&New&dxAC_equip/NE-dxAC-PkgAC-gt760-New-EER-12.0/instance-out.sql,494692.93,73482.65
CZ09/ECC&0&cDXGF&New&dxAC_equip/NE-dxAC-PkgAC-65to134-New-EER-11.0/instance-out.sql,1902422.57,492441.78
CZ09/ECC&0&cDXGF&New&dxAC_equip/NE-dxAC-PkgAC-65to134-New-EER-11.5/instance-out.sql,1892696.23,492441.78
CZ09/ECC&0&cDXGF&New&dxAC_equip/NE-dxAC-PkgAC-65to134-New-EER-12.0/instance-out.sql,1883768.68,492441.78
CZ09/ECC&0&cDXGF&New&dxAC_equip/NE-dxAC-PkgAC-65to134-New-EER-12.5/instance-out.sql,1875545.38,492441.78
CZ09/ECC&0&cDXGF&New&dxAC_equip/NE-dxAC-PkgAC-65to134-New-EER-13.0/instance-out.sql,1867517.08,492441.78
CZ09/ECC&0&cDXGF&New&dxAC_equip/NE-dxAC-PkgAC-135to239-New-EER-10.8/instance-out.sql,1901826.41,492441.78
CZ09/ECC&0&cDXGF&New&dxAC_equip/NE-dxAC-PkgAC-135to239-New-EER-11.5/instance-out.sql,1887876.75,492441.78
CZ09/ECC&0&cDXGF&New&dxAC_equip/NE-dxAC-PkgAC-135to239-New-EER-12.0/instance-out.sql,1879332.83,492441.78
CZ09/ECC&0&cDXGF&New&dxAC_equip/NE-dxAC-PkgAC-135to239-New-EER-12.5/instance-out.sql,1871004.30,492441.78
CZ09/ECC&0&cDXGF&New&dxAC_equip/NE-dxAC-PkgAC-240to759-New-EER-9.8/instance-out.sql,1908561.46,492441.78
CZ09/ECC&0&cDXGF&New&dxAC_equip/NE-dxAC-PkgAC-240to759-New-EER-10.8/instance-out.sql,1887354.41,492441.78
CZ09/ECC&0&cDXGF&New&dxAC_equip/NE-dxAC-PkgAC-240to759-New-EER-11.5/instance-out.sql,1874161.08,492441.78
CZ09/ECC&0&cDXGF&New&dxAC_equip/NE-dxAC-PkgAC-240to759-New-EER-12.5/instance-out.sql,1858149.79,492441.78
CZ09/ECC&0&cDXGF&New&dxAC_equip/NE-dxAC-PkgAC-gt760-New-EER-9.5/instance-out.sql,1903624.37,492441.78
CZ09/ECC&0&cDXGF&New&dxAC_equip/NE-dxAC-PkgAC-gt760-New-EER-10.2/instance-out.sql,1887876.75,492441.78
CZ09/ECC&0&cDXGF&New&dxAC_equip/NE-dxAC-PkgAC-gt760-New-EER-11.0/instance-out.sql,1872795.79,492441.78
CZ09/ECC&0&cDXGF&New&dxAC_equip/NE-dxAC-PkgAC-gt760-New-EER-12.0/instance-out.sql,1856232.95,492441.78
CZ09/EPr&0&cDXGF&New&dxAC_equip/NE-dxAC-PkgAC-65to134-New-EER-11.0/instance-out.sql,219864.75,125814.41
CZ09/EPr&0&cDXGF&New&dxAC_equip/NE-dxAC-PkgAC-65to134-New-EER-11.5/instance-out.sql,218427.60,125814.41
CZ09/EPr&0&cDXGF&New&dxAC_equip/NE-dxAC-PkgAC-65to134-New-EER-12.0/instance-out.sql,217108.48,125814.41
CZ09/EPr&0&cDXGF&New&dxAC_equip/NE-dxAC-PkgAC-65to134-New-EER-12.5/instance-out.sql,215893.42,125814.41
CZ09/EPr&0&cDXGF&New&dxAC_equip/NE-dxAC-PkgAC-65to134-New-EER-13.0/instance-out.sql,214707.18,125814.41
CZ09/EPr&0&cDXGF&New&dxAC_equip/NE-dxAC-PkgAC-135to239-New-EER-10.8/instance-out.sql,219776.66,125814.41
CZ09/EPr&0&cDXGF&New&dxAC_equip/NE-dxAC-PkgAC-135to239-New-EER-11.5/instance-out.sql,217715.48,125814.41
CZ09/EPr&0&cDXGF&New&dxAC_equip/NE-dxAC-PkgAC-135to239-New-EER-12.0/instance-out.sql,216453.05,125814.41
CZ09/EPr&0&cDXGF&New&dxAC_equip/NE-dxAC-PkgAC-135to239-New-EER-12.5/instance-out.sql,215222.44,125814.41
CZ09/EPr&0&cDXGF&New&dxAC_equip/NE-dxAC-PkgAC-240to759-New-EER-9.8/instance-out.sql,220771.81,125814.41
CZ09/EPr&0&cDXGF&New&dxAC_equip/NE-dxAC-PkgAC-240to759-New-EER-10.8/instance-out.sql,217638.30,125814.41
CZ09/EPr&0&cDXGF&New&dxAC_equip/NE-dxAC-PkgAC-240to759-New-EER-11.5/instance-out.sql,215688.88,125814.41
CZ09/EPr&0&cDXGF&New&dxAC_equip/NE-dxAC-PkgAC-240to759-New-EER-12.5/instance-out.sql,213323.09,125814.41
CZ09/EPr&0&cDXGF&New&dxAC_equip/NE-dxAC-PkgAC-gt760-New-EER-9.5/instance-out.sql,220042.32,125814.41
CZ09/EPr&0&cDXGF&New&dxAC_equip/NE-dxAC-PkgAC-gt760-New-EER-10.2/instance-out.sql,217715.48,125814.41
CZ09/EPr&0&cDXGF&New&dxAC_equip/NE-dxAC-PkgAC-gt760-New-EER-11.0/instance-out.sql,215487.15,125814.41
CZ09/EPr&0&cDXGF&New&dxAC_equip/NE-dxAC-PkgAC-gt760-New-EER-12.0/instance-out.sql,213039.86,125814.41
CZ09/ERC&0&cDXGF&New&dxAC_equip/NE-dxAC-PkgAC-65to134-New-EER-11.0/instance-out.sql,7339.64,9349.43
CZ09/ERC&0&cDXGF&New&dxAC_equip/NE-dxAC-PkgAC-65to134-New-EER-11.5/instance-out.sql,7281.97,9349.43
CZ09/ERC&0&cDXGF&New&dxAC_equip/NE-dxAC-PkgAC-65to134-New-EER-12.0/instance-out.sql,7229.04,9349.43
CZ09/ERC&0&cDXGF&New&dxAC_equip/NE-dxAC-PkgAC-65to134-New-EER-12.5/instance-out.sql,7180.28,9349.43
CZ09/ERC&0&cDXGF&New&dxAC_equip/NE-dxAC-PkgAC-65to134-New-EER-13.0/instance-out.sql,7132.68,9349.43
CZ09/ERC&0&cDXGF&New&dxAC_equip/NE-dxAC-PkgAC-135to239-New-EER-10.8/instance-out.sql,7336.11,9349.43
CZ09/ERC&0&cDXGF&New&dxAC_equip/NE-dxAC-PkgAC-135to239-New-EER-11.5/instance-out.sql,7253.39,9349.43
CZ09/ERC&0&cDXGF&New&dxAC_equip/NE-dxAC-PkgAC-135to239-New-EER-12.0/instance-out.sql,7202.74,9349.43
CZ09/ERC&0&cDXGF&New&dxAC_equip/NE-dxAC-PkgAC-135to239-New-EER-12.5/instance-out.sql,7153.35,9349.43
CZ09/ERC&0&cDXGF&New&dxAC_equip/NE-dxAC-PkgAC-240to759-New-EER-9.8/instance-out.sql,7376.04,9349.43
CZ09/ERC&0&cDXGF&New&dxAC_equip/NE-dxAC-PkgAC-240to759-New-EER-10.8/instance-out.sql,7250.30,9349.43
CZ09/ERC&0&cDXGF&New&dxAC_equip/NE-dxAC-PkgAC-240to759-New-EER-11.5/instance-out.sql,7172.07,9349.43
CZ09/ERC&0&cDXGF&New&dxAC_equip/NE-dxAC-PkgAC-240to759-New-EER-12.5/instance-out.sql,7077.14,9349.43
CZ09/ERC&0&cDXGF&New&dxAC_equip/NE-dxAC-PkgAC-gt760-New-EER-9.5/instance-out.sql,7346.77,9349.43
CZ09/ERC&0&cDXGF&New&dxAC_equip/NE-dxAC-PkgAC-gt760-New-EER-10.2/instance-out.sql,7253.39,9349.43
CZ09/ERC&0&cDXGF&New&dxAC_equip/NE-dxAC-PkgAC-gt760-New-EER-11.0/instance-out.sql,7163.98,9349.43
CZ09/ERC&0&cDXGF&New&dxAC_equip/NE-dxAC-PkgAC-gt760-New-EER-12.0/instance-out.sql,7065.77,9349.43
CZ09/ESe&0&cDXGF&New&dxAC_equip/NE-dxAC-PkgAC-65to134-New-EER-11.0/instance-out.sql,705600.08,312524.75
CZ09/ESe&0&cDXGF&New&dxAC_equip/NE-dxAC-PkgAC-65to134-New-EER-11.5/instance-out.sql,703899.34,312524.75
CZ09/ESe&0&cDXGF&New&dxAC_equip/NE-dxAC-PkgAC-65to134-New-EER-12.0/instance-out.sql,702338.28,312524.75
CZ09/ESe&0&cDXGF&New&dxAC_equip/NE-dxAC-PkgAC-65to134-New-EER-12.5/instance-out.sql,700900.36,312524.75
CZ09/ESe&0&cDXGF&New&dxAC_equip/NE-dxAC-PkgAC-65to134-New-EER-13.0/instance-out.sql,699496.54,312524.75
CZ09/ESe&0&cDXGF&New&dxAC_equip/NE-dxAC-PkgAC-135to239-New-EER-10.8/instance-out.sql,705495.84,312524.75
CZ09/ESe&0&cDXGF&New&dxAC_equip/NE-dxAC-PkgAC-135to239-New-EER-11.5/instance-out.sql,703056.61,312524.75
CZ09/ESe&0&cDXGF&New&dxAC_equip/NE-dxAC-PkgAC-135to239-New-EER-12.0/instance-out.sql,701562.63,312524.75
CZ09/ESe&0&cDXGF&New&dxAC_equip/NE-dxAC-PkgAC-135to239-New-EER-12.5/instance-out.sql,700106.31,312524.75
CZ09/ESe&0&cDXGF&New&dxAC_equip/NE-dxAC-PkgAC-240to759-New-EER-9.8/instance-out.sql,706673.52,312524.75
CZ09/ESe&0&cDXGF&New&dxAC_equip/NE-dxAC-PkgAC-240to759-New-EER-10.8/instance-out.sql,702965.28,312524.75
CZ09/ESe&0&cDXGF&New&dxAC_equip/NE-dxAC-PkgAC-240to759-New-EER-11.5/instance-out.sql,700658.31,312524.75
CZ09/ESe&0&cDXGF&New&dxAC_equip/NE-dxAC-PkgAC-240to759-New-EER-12.5/instance-out.sql,697858.59,312524.75
CZ09/ESe&0&cDXGF&New&dxAC_equip/NE-dxAC-PkgAC-gt760-New-EER-9.5/instance-out.sql,705810.23,312524.75
CZ09/ESe&0&cDXGF&New&dxAC_equip/NE-dxAC-PkgAC-gt760-New-EER-10.2/instance-out.sql,703056.61,312524.75
CZ09/ESe&0&cDXGF&New&dxAC_equip/NE-dxAC-PkgAC-gt760-New-EER-11.0/instance-out.sql,700419.57,312524.75
CZ09/ESe&0&cDXGF&New&dxAC_equip/NE-dxAC-PkgAC-gt760-New-EER-12.0/instance-out.sql,697523.41,312524.75
CZ09/EUn&0&cDXGF&New&dxAC_equip/NE-dxAC-PkgAC-65to134-New-EER-11.0/instance-out.sql,6512951.34,845060.47
CZ09/EUn&0&cDXGF&New&dxAC_equip/NE-dxAC-PkgAC-65to134-New-EER-11.5/instance-out.sql,6488365.90,845060.47
CZ09/EUn&0&cDXGF&New&dxAC_equip/NE-dxAC-PkgAC-65to134-New-EER-12.0/instance-out.sql,6465799.55,845060.47
CZ09/EUn&0&cDXGF&New&dxAC_equip/NE-dxAC-PkgAC-65to134-New-EER-12.5/instance-out.sql,6445013.38,845060.47
CZ09/EUn&0&cDXGF&New&dxAC_equip/NE-dxAC-PkgAC-65to134-New-EER-13.0/instance-out.sql,6424720.11,845060.47
CZ09/EUn&0&cDXGF&New&dxAC_equip/NE-dxAC-PkgAC-135to239-New-EER-10.8/instance-out.sql,6511444.40,845060.47
CZ09/EUn&0&cDXGF&New&dxAC_equip/NE-dxAC-PkgAC-135to239-New-EER-11.5/instance-out.sql,6476183.60,845060.47
CZ09/EUn&0&cDXGF&New&dxAC_equip/NE-dxAC-PkgAC-135to239-New-EER-12.0/instance-out.sql,6454586.99,845060.47
CZ09/EUn&0&cDXGF&New&dxAC_equip/NE-dxAC-PkgAC-135to239-New-EER-12.5/instance-out.sql,6433534.82,845060.47
CZ09/EUn&0&cDXGF&New&dxAC_equip/NE-dxAC-PkgAC-240to759-New-EER-9.8/instance-out.sql,6528468.70,845060.47
CZ09/EUn&0&cDXGF&New&dxAC_equip/NE-dxAC-PkgAC-240to759-New-EER-10.8/instance-out.sql,6474863.27,845060.47
CZ09/EUn&0&cDXGF&New&dxAC_equip/NE-dxAC-PkgAC-240to759-New-EER-11.5/instance-out.sql,6441514.27,845060.47
CZ09/EUn&0&cDXGF&New&dxAC_equip/NE-dxAC-PkgAC-240to759-New-EER-12.5/instance-out.sql,6401042.24,845060.47
CZ09/EUn&0&cDXGF&New&dxAC_equip/NE-dxAC-PkgAC-gt760-New-EER-9.5/instance-out.sql,6515989.13,845060.47
CZ09/EUn&0&cDXGF&New&dxAC_equip/NE-dxAC-PkgAC-gt760-New-EER-10.2/instance-out.sql,6476183.60,845060.47
CZ09/EUn&0&cDXGF&New&dxAC_equip/NE-dxAC-PkgAC-gt760-New-EER-11.0/instance-out.sql,6438063.21,845060.47
CZ09/EUn&0&cDXGF&New&dxAC_equip/NE-dxAC-PkgAC-gt760-New-EER-12.0/instance-out.sql,6396197.03,845060.47
CZ09/Gro&0&cDXGF&New&dxAC_equip/NE-dxAC-PkgAC-65to134-New-EER-11.0/instance-out.sql,1819836.14,106617.23
CZ09/Gro&0&cDXGF&New&dxAC_equip/NE-dxAC-PkgAC-65to134-New-EER-11.5/instance-out.sql,1818339.68,106617.23
CZ09/Gro&0&cDXGF&New&dxAC_equip/NE-dxAC-PkgAC-65to134-New-EER-12.0/instance-out.sql,1816966.11,106617.23
CZ09/Gro&0&cDXGF&New&dxAC_equip/NE-dxAC-PkgAC-65to134-New-EER-12.5/instance-out.sql,1815700.91,106617.23
CZ09/Gro&0&cDXGF&New&dxAC_equip/NE-dxAC-PkgAC-65to134-New-EER-13.0/instance-out.sql,1814465.70,106617.23
CZ09/Gro&0&cDXGF&New&dxAC_equip/NE-dxAC-PkgAC-135to239-New-EER-10.8/instance-out.sql,1819744.41,106617.23
CZ09/Gro&0&cDXGF&New&dxAC_equip/NE-dxAC-PkgAC-135to239-New-EER-11.5/instance-out.sql,1817598.17,106617.23
CZ09/Gro&0&cDXGF&New&dxAC_equip/NE-dxAC-PkgAC-135to239-New-EER-12.0/instance-out.sql,1816283.63,106617.23
CZ09/Gro&0&cDXGF&New&dxAC_equip/NE-dxAC-PkgAC-135to239-New-EER-12.5/instance-out.sql,1815002.23,106617.23
CZ09/Gro&0&cDXGF&New&dxAC_equip/NE-dxAC-PkgAC-240to759-New-EER-9.8/instance-out.sql,1820780.64,106617.23
CZ09/Gro&0&cDXGF&New&dxAC_equip/NE-dxAC-PkgAC-240to759-New-EER-10.8/instance-out.sql,1817517.80,106617.23
CZ09/Gro&0&cDXGF&New&dxAC_equip/NE-dxAC-PkgAC-240to759-New-EER-11.5/instance-out.sql,1815487.92,106617.23
CZ09/Gro&0&cDXGF&New&dxAC_equip/NE-dxAC-PkgAC-240to759-New-EER-12.5/instance-out.sql,1813024.48,106617.23
CZ09/Gro&0&cDXGF&New&dxAC_equip/NE-dxAC-PkgAC-gt760-New-EER-9.5/instance-out.sql,1820021.04,106617.23
CZ09/Gro&0&cDXGF&New&dxAC_equip/NE-dxAC-PkgAC-gt760-New-EER-10.2/instance-out.sql,1817598.17,106617.23
CZ09/Gro&0&cDXGF&New&dxAC_equip/NE-dxAC-PkgAC-gt760-New-EER-11.0/instance-out.sql,1815277.86,106617.23
CZ09/Gro&0&cDXGF&New&dxAC_equip/NE-dxAC-PkgAC-gt760-New-EER-12.0/instance-out.sql,1812729.56,106617.23
CZ09/Hsp&0&cDXGF&New&dxAC_equip/NE-dxAC-PkgAC-65to134-New-EER-11.0/instance-out.sql,3177438.83,418722.53
CZ09/Hsp&0&cDXGF&New&dxAC_equip/NE-dxAC-PkgAC-65to134-New-EER-11.5/instance-out.sql,3172732.11,418722.53
CZ09/Hsp&0&cDXGF&New&dxAC_equip/NE-dxAC-PkgAC-65to134-New-EER-12.0/instance-out.sql,3168411.93,418722.53
CZ09/Hsp&0&cDXGF&New&dxAC_equip/NE-dxAC-PkgAC-65to134-New-EER-12.5/instance-out.sql,3164432.56,418722.53
CZ09/Hsp&0&cDXGF&New&dxAC_equip/NE-dxAC-PkgAC-65to134-New-EER-13.0/instance-out.sql,3160547.54,418722.53
CZ09/Hsp&0&cDXGF&New&dxAC_equip/NE-dxAC-PkgAC-135to239-New-EER-10.8/instance-out.sql,3177150.34,418722.53
CZ09/Hsp&0&cDXGF&New&dxAC_equip/NE-dxAC-PkgAC-135to239-New-EER-11.5/instance-out.sql,3170399.89,418722.53
CZ09/Hsp&0&cDXGF&New&dxAC_equip/NE-dxAC-PkgAC-135to239-New-EER-12.0/instance-out.sql,3166265.36,418722.53
CZ09/Hsp&0&cDXGF&New&dxAC_equip/NE-dxAC-PkgAC-135to239-New-EER-12.5/instance-out.sql,3162235.06,418722.53
CZ09/Hsp&0&cDXGF&New&dxAC_equip/NE-dxAC-PkgAC-240to759-New-EER-9.8/instance-out.sql,3180409.52,418722.53
CZ09/Hsp&0&cDXGF&New&dxAC_equip/NE-dxAC-PkgAC-240to759-New-EER-10.8/instance-out.sql,3170147.12,418722.53
CZ09/Hsp&0&cDXGF&New&dxAC_equip/NE-dxAC-PkgAC-240to759-New-EER-11.5/instance-out.sql,3163762.68,418722.53
CZ09/Hsp&0&cDXGF&New&dxAC_equip/NE-dxAC-PkgAC-240to759-New-EER-12.5/instance-out.sql,3156014.57,418722.53
CZ09/Hsp&0&cDXGF&New&dxAC_equip/NE-dxAC-PkgAC-gt760-New-EER-9.5/instance-out.sql,3178020.39,418722.53
CZ09/Hsp&0&cDXGF&New&dxAC_equip/NE-dxAC-PkgAC-gt760-New-EER-10.2/instance-out.sql,3170399.89,418722.53
CZ09/Hsp&0&cDXGF&New&dxAC_equip/NE-dxAC-PkgAC-gt760-New-EER-11.0/instance-out.sql,3163101.99,418722.53
CZ09/Hsp&0&cDXGF&New&dxAC_equip/NE-dxAC-PkgAC-gt760-New-EER-12.0/instance-out.sql,3155086.99,418722.53
CZ09/MBT&0&cDXGF&New&dxAC_equip/NE-dxAC-PkgAC-65to134-New-EER-11.0/instance-out.sql,3090939.60,1908113.92
CZ09/MBT&0&cDXGF&New&dxAC_equip/NE-dxAC-PkgAC-65to134-New-EER-11.5/instance-out.sql,3086315.99,1908113.92
CZ09/MBT&0&cDXGF&New&dxAC_equip/NE-dxAC-PkgAC-65to134-New-EER-12.0/instance-out.sql,3082072.10,1908113.92
CZ09/MBT&0&cDXGF&New&dxAC_equip/NE-dxAC-PkgAC-65to134-New-EER-12.5/instance-out.sql,3078163.00,1908113.92
CZ09/MBT&0&cDXGF&New&dxAC_equip/NE-dxAC-PkgAC-65to134-New-EER-13.0/instance-out.sql,3074346.59,1908113.92
CZ09/MBT&0&cDXGF&New&dxAC_equip/NE-dxAC-PkgAC-135to239-New-EER-10.8/instance-out.sql,3090656.20,1908113.92
CZ09/MBT&0&cDXGF&New&dxAC_equip/NE-dxAC-PkgAC-135to239-New-EER-11.5/instance-out.sql,3084024.96,1908113.92
CZ09/MBT&0&cDXGF&New&dxAC_equip/NE-dxAC-PkgAC-135to239-New-EER-12.0/instance-out.sql,3079963.44,1908113.92
CZ09/MBT&0&cDXGF&New&dxAC_equip/NE-dxAC-PkgAC-135to239-New-EER-12.5/instance-out.sql,3076004.31,1908113.92
CZ09/MBT&0&cDXGF&New&dxAC_equip/NE-dxAC-PkgAC-240to759-New-EER-9.8/instance-out.sql,3093857.84,1908113.92
CZ09/MBT&0&cDXGF&New&dxAC_equip/NE-dxAC-PkgAC-240to759-New-EER-10.8/instance-out.sql,3083776.65,1908113.92
CZ09/MBT&0&cDXGF&New&dxAC_equip/NE-dxAC-PkgAC-240to759-New-EER-11.5/instance-out.sql,3077504.94,1908113.92
CZ09/MBT&0&cDXGF&New&dxAC_equip/NE-dxAC-PkgAC-240to759-New-EER-12.5/instance-out.sql,3069893.66,1908113.92
CZ09/MBT&0&cDXGF&New&dxAC_equip/NE-dxAC-PkgAC-gt760-New-EER-9.5/instance-out.sql,3091510.90,1908113.92
CZ09/MBT&0&cDXGF&New&dxAC_equip/NE-dxAC-PkgAC-gt760-New-EER-10.2/instance-out.sql,3084024.96,1908113.92
CZ09/MBT&0&cDXGF&New&dxAC_equip/NE-dxAC-PkgAC-gt760-New-EER-11.0/instance-out.sql,3076855.93,1908113.92
CZ09/MBT&0&cDXGF&New&dxAC_equip/NE-dxAC-PkgAC-gt760-New-EER-12.0/instance-out.sql,3068982.45,1908113.92
CZ09/MLI&0&cDXGF&New&dxAC_equip/NE-dxAC-PkgAC-65to134-New-EER-11.0/instance-out.sql,774673.82,57830.29
CZ09/MLI&0&cDXGF&New&dxAC_equip/NE-dxAC-PkgAC-65to134-New-EER-11.5/instance-out.sql,770278.85,57830.29
CZ09/MLI&0&cDXGF&New&dxAC_equip/NE-dxAC-PkgAC-65to134-New-EER-12.0/instance-out.sql,766244.83,57830.29
CZ09/MLI&0&cDXGF&New&dxAC_equip/NE-dxAC-PkgAC-65to134-New-EER-12.5/instance-out.sql,762529.03,57830.29
CZ09/MLI&0&cDXGF&New&dxAC_equip/NE-dxAC-PkgAC-65to134-New-EER-13.0/instance-out.sql,758901.34,57830.29
CZ09/MLI&0&cDXGF&New&dxAC_equip/NE-dxAC-PkgAC-135to239-New-EER-10.8/instance-out.sql,774404.44,57830.29
CZ09/MLI&0&cDXGF&New&dxAC_equip/NE-dxAC-PkgAC-135to239-New-EER-11.5/instance-out.sql,768101.11,57830.29
CZ09/MLI&0&cDXGF&New&dxAC_equip/NE-dxAC-PkgAC-135to239-New-EER-12.0/instance-out.sql,764240.44,57830.29
CZ09/MLI&0&cDXGF&New&dxAC_equip/NE-dxAC-PkgAC-135to239-New-EER-12.5/instance-out.sql,760477.09,57830.29
CZ09/MLI&0&cDXGF&New&dxAC_equip/NE-dxAC-PkgAC-240to759-New-EER-9.8/instance-out.sql,777447.75,57830.29
CZ09/MLI&0&cDXGF&New&dxAC_equip/NE-dxAC-PkgAC-240to759-New-EER-10.8/instance-out.sql,767865.08,57830.29
CZ09/MLI&0&cDXGF&New&dxAC_equip/NE-dxAC-PkgAC-240to759-New-EER-11.5/instance-out.sql,761903.52,57830.29
CZ09/MLI&0&cDXGF&New&dxAC_equip/NE-dxAC-PkgAC-240to759-New-EER-12.5/instance-out.sql,754668.62,57830.29
CZ09/MLI&0&cDXGF&New&dxAC_equip/NE-dxAC-PkgAC-gt760-New-EER-9.5/instance-out.sql,775216.86,57830.29
CZ09/MLI&0&cDXGF&New&dxAC_equip/NE-dxAC-PkgAC-gt760-New-EER-10.2/instance-out.sql,768101.11,57830.29
CZ09/MLI&0&cDXGF&New&dxAC_equip/NE-dxAC-PkgAC-gt760-New-EER-11.0/instance-out.sql,761286.60,57830.29
CZ09/MLI&0&cDXGF&New&dxAC_equip/NE-dxAC-PkgAC-gt760-New-EER-12.0/instance-out.sql,753802.47,57830.29
CZ09/Mtl&0&cDXGF&New&dxAC_equip/NE-dxAC-PkgAC-65to134-New-EER-11.0/instance-out.sql,147128.49,10726.12
CZ09/Mtl&0&cDXGF&New&dxAC_equip/NE-dxAC-PkgAC-65to134-New-EER-11.5/instance-out.sql,145958.73,10726.12
CZ09/Mtl&0&cDXGF&New&dxAC_equip/NE-dxAC-PkgAC-65to134-New-EER-12.0/instance-out.sql,144885.05,10726.12
CZ09/Mtl&0&cDXGF&New&dxAC_equip/NE-dxAC-PkgAC-65to134-New-EER-12.5/instance-out.sql,143896.06,10726.12
CZ09/Mtl&0&cDXGF&New&dxAC_equip/NE-dxAC-PkgAC-65to134-New-EER-13.0/instance-out.sql,142930.52,10726.12
CZ09/Mtl&0&cDXGF&New&dxAC_equip/NE-dxAC-PkgAC-135to239-New-EER-10.8/instance-out.sql,147056.79,10726.12
CZ09/Mtl&0&cDXGF&New&dxAC_equip/NE-dxAC-PkgAC-135to239-New-EER-11.5/instance-out.sql,145379.11,10726.12
CZ09/Mtl&0&cDXGF&New&dxAC_equip/NE-dxAC-PkgAC-135to239-New-EER-12.0/instance-out.sql,144351.56,10726.12
CZ09/Mtl&0&cDXGF&New&dxAC_equip/NE-dxAC-PkgAC-135to239-New-EER-12.5/instance-out.sql,143349.92,10726.12
CZ09/Mtl&0&cDXGF&New&dxAC_equip/NE-dxAC-PkgAC-240to759-New-EER-9.8/instance-out.sql,147866.79,10726.12
CZ09/Mtl&0&cDXGF&New&dxAC_equip/NE-dxAC-PkgAC-240to759-New-EER-10.8/instance-out.sql,145316.29,10726.12
CZ09/Mtl&0&cDXGF&New&dxAC_equip/NE-dxAC-PkgAC-240to759-New-EER-11.5/instance-out.sql,143729.57,10726.12
CZ09/Mtl&0&cDXGF&New&dxAC_equip/NE-dxAC-PkgAC-240to759-New-EER-12.5/instance-out.sql,141803.95,10726.12
CZ09/Mtl&0&cDXGF&New&dxAC_equip/NE-dxAC-PkgAC-gt760-New-EER-9.5/instance-out.sql,147273.02,10726.12
CZ09/Mtl&0&cDXGF&New&dxAC_equip/NE-dxAC-PkgAC-gt760-New-EER-10.2/instance-out.sql,145379.11,10726.12
CZ09/Mtl&0&cDXGF&New&dxAC_equip/NE-dxAC-PkgAC-gt760-New-EER-11.0/instance-out.sql,143565.38,10726.12
CZ09/Mtl&0&cDXGF&New&dxAC_equip/NE-dxAC-PkgAC-gt760-New-EER-12.0/instance-out.sql,141573.42,10726.12
CZ09/Nrs&0&cDXGF&New&dxAC_equip/NE-dxAC-PkgAC-65to134-New-EER-11.0/instance-out.sql,602277.12,184177.06
CZ09/Nrs&0&cDXGF&New&dxAC_equip/NE-dxAC-PkgAC-65to134-New-EER-11.5/instance-out.sql,600782.67,184177.06
CZ09/Nrs&0&cDXGF&New&dxAC_equip/NE-dxAC-PkgAC-65to134-New-EER-12.0/instance-out.sql,599410.96,184177.06
CZ09/Nrs&0&cDXGF&New&dxAC_equip/NE-dxAC-PkgAC-65to134-New-EER-12.5/instance-out.sql,598147.45,184177.06
CZ09/Nrs&0&cDXGF&New&dxAC_equip/NE-dxAC-PkgAC-65to134-New-EER-13.0/instance-out.sql,596913.90,184177.06
CZ09/Nrs&0&cDXGF&New&dxAC_equip/NE-dxAC-PkgAC-135to239-New-EER-10.8/instance-out.sql,602185.52,184177.06
CZ09/Nrs&0&cDXGF&New&dxAC_equip/NE-dxAC-PkgAC-135to239-New-EER-11.5/instance-out.sql,600042.16,184177.06
CZ09/Nrs&0&cDXGF&New&dxAC_equip/NE-dxAC-PkgAC-135to239-New-EER-12.0/instance-out.sql,598729.39,184177.06
CZ09/Nrs&0&cDXGF&New&dxAC_equip/NE-dxAC-PkgAC-135to239-New-EER-12.5/instance-out.sql,597449.71,184177.06
CZ09/Nrs&0&cDXGF&New&dxAC_equip/NE-dxAC-PkgAC-240to759-New-EER-9.8/instance-out.sql,603220.36,184177.06
CZ09/Nrs&0&cDXGF&New&dxAC_equip/NE-dxAC-PkgAC-240to759-New-EER-10.8/instance-out.sql,599961.90,184177.06
CZ09/Nrs&0&cDXGF&New&dxAC_equip/NE-dxAC-PkgAC-240to759-New-EER-11.5/instance-out.sql,597934.75,184177.06
CZ09/Nrs&0&cDXGF&New&dxAC_equip/NE-dxAC-PkgAC-240to759-New-EER-12.5/instance-out.sql,595474.62,184177.06
CZ09/Nrs&0&cDXGF&New&dxAC_equip/NE-dxAC-PkgAC-gt760-New-EER-9.5/instance-out.sql,602461.78,184177.06
CZ09/Nrs&0&cDXGF&New&dxAC_equip/NE-dxAC-PkgAC-gt760-New-EER-10.2/instance-out.sql,600042.16,184177.06
CZ09/Nrs&0&cDXGF&New&dxAC_equip/NE-dxAC-PkgAC-gt760-New-EER-11.0/instance-out.sql,597724.98,184177.06
CZ09/Nrs&0&cDXGF&New&dxAC_equip/NE-dxAC-PkgAC-gt760-New-EER-12.0/instance-out.sql,595180.10,184177.06
CZ09/OfL&0&cDXGF&New&dxAC_equip/NE-dxAC-PkgAC-65to134-New-EER-11.0/instance-out.sql,1961038.50,119981.21
CZ09/OfL&0&cDXGF&New&dxAC_equip/NE-dxAC-PkgAC-65to134-New-EER-11.5/instance-out.sql,1951806.96,119981.21
CZ09/OfL&0&cDXGF&New&dxAC_equip/NE-dxAC-PkgAC-65to134-New-EER-12.0/instance-out.sql,1943333.58,119981.21
CZ09/OfL&0&cDXGF&New&dxAC_equip/NE-dxAC-PkgAC-65to134-New-EER-12.5/instance-out.sql,1935528.62,119981.21
CZ09/OfL&0&cDXGF&New&dxAC_equip/NE-dxAC-PkgAC-65to134-New-EER-13.0/instance-out.sql,1927908.74,119981.21
CZ09/OfL&0&cDXGF&New&dxAC_equip/NE-dxAC-PkgAC-135to239-New-EER-10.8/instance-out.sql,1960472.66,119981.21
CZ09/OfL&0&cDXGF&New&dxAC_equip/NE-dxAC-PkgAC-135to239-New-EER-11.5/instance-out.sql,1947232.66,119981.21
CZ09/OfL&0&cDXGF&New&dxAC_equip/NE-dxAC-PkgAC-135to239-New-EER-12.0/instance-out.sql,1939123.39,119981.21
CZ09/OfL&0&cDXGF&New&dxAC_equip/NE-dxAC-PkgAC-135to239-New-EER-12.5/instance-out.sql,1931218.56,119981.21
CZ09/OfL&0&cDXGF&New&dxAC_equip/NE-dxAC-PkgAC-240to759-New-EER-9.8/instance-out.sql,1966865.08,119981.21
CZ09/OfL&0&cDXGF&New&dxAC_equip/NE-dxAC-PkgAC-240to759-New-EER-10.8/instance-out.sql,1946736.89,119981.21
CZ09/OfL&0&cDXGF&New&dxAC_equip/NE-dxAC-PkgAC-240to759-New-EER-11.5/instance-out.sql,1934214.75,119981.21
CZ09/OfL&0&cDXGF&New&dxAC_equip/NE-dxAC-PkgAC-240to759-New-EER-12.5/instance-out.sql,1919017.99,119981.21
CZ09/OfL&0&cDXGF&New&dxAC_equip/NE-dxAC-PkgAC-gt760-New-EER-9.5/instance-out.sql,1962179.15,119981.21
CZ09/OfL&0&cDXGF&New&dxAC_equip/NE-dxAC-PkgAC-gt760-New-EER-10.2/instance-out.sql,1947232.66,119981.21
CZ09/OfL&0&cDXGF&New&dxAC_equip/NE-dxAC-PkgAC-gt760-New-EER-11.0/instance-out.sql,1932918.91,119981.21
CZ09/OfL&0&cDXGF&New&dxAC_equip/NE-dxAC-PkgAC-gt760-New-EER-12.0/instance-out.sql,1917198.67,119981.21
CZ09/OfS&0&cDXGF&New&dxAC_equip/NE-dxAC-PkgAC-65to134-New-EER-11.0/instance-out.sql,86442.11,21065.12
CZ09/OfS&0&cDXGF&New&dxAC_equip/NE-dxAC-PkgAC-65to134-New-EER-11.5/instance-out.sql,85891.32,21065.12
CZ09/OfS&0&cDXGF&New&dxAC_equip/NE-dxAC-PkgAC-65to134-New-EER-12.0/instance-out.sql,85385.76,21065.12
CZ09/OfS&0&cDXGF&New&dxAC_equip/NE-dxAC-PkgAC-65to134-New-EER-12.5/instance-out.sql,84920.09,21065.12
CZ09/OfS&0&cDXGF&New&dxAC_equip/NE-dxAC-PkgAC-65to134-New-EER-13.0/instance-out.sql,84465.46,21065.12
CZ09/OfS&0&cDXGF&New&dxAC_equip/NE-dxAC-PkgAC-135to239-New-EER-10.8/instance-out.sql,86408.35,21065.12
CZ09/OfS&0&cDXGF&New&dxAC_equip/NE-dxAC-PkgAC-135to239-New-EER-11.5/instance-out.sql,85618.40,21065.12
CZ09/OfS&0&cDXGF&New&dxAC_equip/NE-dxAC-PkgAC-135to239-New-EER-12.0/instance-out.sql,85134.57,21065.12
CZ09/OfS&0&cDXGF&New&dxAC_equip/NE-dxAC-PkgAC-135to239-New-EER-12.5/instance-out.sql,84662.93,21065.12
CZ09/OfS&0&cDXGF&New&dxAC_equip/NE-dxAC-PkgAC-240to759-New-EER-9.8/instance-out.sql,86789.75,21065.12
CZ09/OfS&0&cDXGF&New&dxAC_equip/NE-dxAC-PkgAC-240to759-New-EER-10.8/instance-out.sql,85588.82,21065.12
CZ09/OfS&0&cDXGF&New&dxAC_equip/NE-dxAC-PkgAC-240to759-New-EER-11.5/instance-out.sql,84841.70,21065.12
CZ09/OfS&0&cDXGF&New&dxAC_equip/NE-dxAC-PkgAC-240to759-New-EER-12.5/instance-out.sql,83935.00,21065.12
CZ09/OfS&0&cDXGF&New&dxAC_equip/NE-dxAC-PkgAC-gt760-New-EER-9.5/instance-out.sql,86510.17,21065.12
CZ09/OfS&0&cDXGF&New&dxAC_equip/NE-dxAC-PkgAC-gt760-New-EER-10.2/instance-out.sql,85618.40,21065.12
CZ09/OfS&0&cDXGF&New&dxAC_equip/NE-dxAC-PkgAC-gt760-New-EER-11.0/instance-out.sql,84764.38,21065.12
CZ09/OfS&0&cDXGF&New&dxAC_equip/NE-dxAC-PkgAC-gt760-New-EER-12.0/instance-out.sql,83826.45,21065.12
CZ09/RFF&0&cDXGF&New&dxAC_equip/NE-dxAC-PkgAC-65to134-New-EER-11.0/instance-out.sql,56109.69,44442.18
CZ09/RFF&0&cDXGF&New&dxAC_equip/NE-dxAC-PkgAC-65to134-New-EER-11.5/instance-out.sql,55906.44,44442.18
CZ09/RFF&0&cDXGF&New&dxAC_equip/NE-dxAC-PkgAC-65to134-New-EER-12.0/instance-out.sql,55719.88,44442.18
CZ09/RFF&0&cDXGF&New&dxAC_equip/NE-dxAC-PkgAC-65to134-New-EER-12.5/instance-out.sql,55548.04,44442.18
CZ09/RFF&0&cDXGF&New&dxAC_equip/NE-dxAC-PkgAC-65to134-New-EER-13.0/instance-out.sql,55380.28,44442.18
CZ09/RFF&0&cDXGF&New&dxAC_equip/NE-dxAC-PkgAC-135to239-New-EER-10.8/instance-out.sql,56097.23,44442.18
CZ09/RFF&0&cDXGF&New&dxAC_equip/NE-dxAC-PkgAC-135to239-New-EER-11.5/instance-out.sql,55805.73,44442.18
CZ09/RFF&0&cDXGF&New&dxAC_equip/NE-dxAC-PkgAC-135to239-New-EER-12.0/instance-out.sql,55627.19,44442.18
CZ09/RFF&0&cDXGF&New&dxAC_equip/NE-dxAC-PkgAC-135to239-New-EER-12.5/instance-out.sql,55453.15,44442.18
CZ09/RFF&0&cDXGF&New&dxAC_equip/NE-dxAC-PkgAC-240to759-New-EER-9.8/instance-out.sql,56237.97,44442.18
CZ09/RFF&0&cDXGF&New&dxAC_equip/NE-dxAC-PkgAC-240to759-New-EER-10.8/instance-out.sql,55794.81,44442.18
CZ09/RFF&0&cDXGF&New&dxAC_equip/NE-dxAC-PkgAC-240to759-New-EER-11.5/instance-out.sql,55519.12,44442.18
CZ09/RFF&0&cDXGF&New&dxAC_equip/NE-dxAC-PkgAC-240to759-New-EER-12.5/instance-out.sql,55184.54,44442.18
CZ09/RFF&0&cDXGF&New&dxAC_equip/NE-dxAC-PkgAC-gt760-New-EER-9.5/instance-out.sql,56134.80,44442.18
CZ09/RFF&0&cDXGF&New&dxAC_equip/NE-dxAC-PkgAC-gt760-New-EER-10.2/instance-out.sql,55805.73,44442.18
CZ09/RFF&0&cDXGF&New&dxAC_equip/NE-dxAC-PkgAC-gt760-New-EER-11.0/instance-out.sql,55490.59,44442.18
CZ09/RFF&0&cDXGF&New&dxAC_equip/NE-dxAC-PkgAC-gt760-New-EER-12.0/instance-out.sql,55144.48,44442.18
CZ09/RSD&0&cDXGF&New&dxAC_equip/NE-dxAC-PkgAC-65to134-New-EER-11.0/instance-out.sql,104926.89,117481.20
CZ09/RSD&0&cDXGF&New&dxAC_equip/NE-dxAC-PkgAC-65to134-New-EER-11.5/instance-out.sql,104840.19,117481.20
CZ09/RSD&0&cDXGF&New&dxAC_equip/NE-dxAC-PkgAC-65to134-New-EER-12.0/instance-out.sql,104760.61,117481.20
CZ09/RSD&0&cDXGF&New&dxAC_equip/NE-dxAC-PkgAC-65to134-New-EER-12.5/instance-out.sql,104687.31,117481.20
CZ09/RSD&0&cDXGF&New&dxAC_equip/NE-dxAC-PkgAC-65to134-New-EER-13.0/instance-out.sql,104615.74,117481.20
CZ09/RSD&0&cDXGF&New&dxAC_equip/NE-dxAC-PkgAC-135to239-New-EER-10.8/instance-out.sql,104921.57,117481.20
CZ09/RSD&0&cDXGF&New&dxAC_equip/NE-dxAC-PkgAC-135to239-New-EER-11.5/instance-out.sql,104797.23,117481.20
CZ09/RSD&0&cDXGF&New&dxAC_equip/NE-dxAC-PkgAC-135to239-New-EER-12.0/instance-out.sql,104721.07,117481.20
CZ09/RSD&0&cDXGF&New&dxAC_equip/NE-dxAC-PkgAC-135to239-New-EER-12.5/instance-out.sql,104646.83,117481.20
CZ09/RSD&0&cDXGF&New&dxAC_equip/NE-dxAC-PkgAC-240to759-New-EER-9.8/instance-out.sql,104981.61,117481.20
CZ09/RSD&0&cDXGF&New&dxAC_equip/NE-dxAC-PkgAC-240to759-New-EER-10.8/instance-out.sql,104792.57,117481.20
CZ09/RSD&0&cDXGF&New&dxAC_equip/NE-dxAC-PkgAC-240to759-New-EER-11.5/instance-out.sql,104674.97,117481.20
CZ09/RSD&0&cDXGF&New&dxAC_equip/NE-dxAC-PkgAC-240to759-New-EER-12.5/instance-out.sql,104532.25,117481.20
CZ09/RSD&0&cDXGF&New&dxAC_equip/NE-dxAC-PkgAC-gt760-New-EER-9.5/instance-out.sql,104937.60,117481.20
CZ09/RSD&0&cDXGF&New&dxAC_equip/NE-dxAC-PkgAC-gt760-New-EER-10.2/instance-out.sql,104797.23,117481.20
CZ09/RSD&0&cDXGF&New&dxAC_equip/NE-dxAC-PkgAC-gt760-New-EER-11.0/instance-out.sql,104662.80,117481.20
CZ09/RSD&0&cDXGF&New&dxAC_equip/NE-dxAC-PkgAC-gt760-New-EER-12.0/instance-out.sql,104515.16,117481.20
CZ09/Rt3&0&cDXGF&New&dxAC_equip/NE-dxAC-PkgAC-65to134-New-EER-11.0/instance-out.sql,1637361.41,177987.57
CZ09/Rt3&0&cDXGF&New&dxAC_equip/NE-dxAC-PkgAC-65to134-New-EER-11.5/instance-out.sql,1626849.53,177987.57
CZ09/Rt3&0&cDXGF&New&dxAC_equip/NE-dxAC-PkgAC-65to134-New-EER-12.0/instance-out.sql,1617200.94,177987.57
CZ09/Rt3&0&cDXGF&New&dxAC_equip/NE-dxAC-PkgAC-65to134-New-EER-12.5/instance-out.sql,1608313.49,177987.57
CZ09/Rt3&0&cDXGF&New&dxAC_equip/NE-dxAC-PkgAC-65to134-New-EER-13.0/instance-out.sql,1599636.79,177987.57
CZ09/Rt3&0&cDXGF&New&dxAC_equip/NE-dxAC-PkgAC-135to239-New-EER-10.8/instance-out.sql,1636717.10,177987.57
CZ09/Rt3&0&cDXGF&New&dxAC_equip/NE-dxAC-PkgAC-135to239-New-EER-11.5/instance-out.sql,1621640.80,177987.57
CZ09/Rt3&0&cDXGF&New&dxAC_equip/NE-dxAC-PkgAC-135to239-New-EER-12.0/instance-out.sql,1612406.83,177987.57
CZ09/Rt3&0&cDXGF&New&dxAC_equip/NE-dxAC-PkgAC-135to239-New-EER-12.5/instance-out.sql,1603405.65,177987.57
CZ09/Rt3&0&cDXGF&New&dxAC_equip/NE-dxAC-PkgAC-240to759-New-EER-9.8/instance-out.sql,1643996.10,177987.57
CZ09/Rt3&0&cDXGF&New&dxAC_equip/NE-dxAC-PkgAC-240to759-New-EER-10.8/instance-out.sql,1621076.27,177987.57
CZ09/Rt3&0&cDXGF&New&dxAC_equip/NE-dxAC-PkgAC-240to759-New-EER-11.5/instance-out.sql,1606817.39,177987.57
CZ09/Rt3&0&cDXGF&New&dxAC_equip/NE-dxAC-PkgAC-240to759-New-EER-12.5/instance-out.sql,1589512.95,177987.57
CZ09/Rt3&0&cDXGF&New&dxAC_equip/NE-dxAC-PkgAC-gt760-New-EER-9.5/instance-out.sql,1638660.27,177987.57
CZ09/Rt3&0&cDXGF&New&dxAC_equip/NE-dxAC-PkgAC-gt760-New-EER-10.2/instance-out.sql,1621640.80,177987.57
CZ09/Rt3&0&cDXGF&New&dxAC_equip/NE-dxAC-PkgAC-gt760-New-EER-11.0/instance-out.sql,1605341.83,177987.57
CZ09/Rt3&0&cDXGF&New&dxAC_equip/NE-dxAC-PkgAC-gt760-New-EER-12.0/instance-out.sql,1587441.30,177987.57
CZ09/RtL&0&cDXGF&New&dxAC_equip/NE-dxAC-PkgAC-65to134-New-EER-11.0/instance-out.sql,1460959.68,160983.83
CZ09/RtL&0&cDXGF&New&dxAC_equip/NE-dxAC-PkgAC-65to134-New-EER-11.5/instance-out.sql,1452342.99,160983.83
CZ09/RtL&0&cDXGF&New&dxAC_equip/NE-dxAC-PkgAC-65to134-New-EER-12.0/instance-out.sql,1444433.95,160983.83
CZ09/RtL&0&cDXGF&New&dxAC_equip/NE-dxAC-PkgAC-65to134-New-EER-12.5/instance-out.sql,1437148.82,160983.83
CZ09/RtL&0&cDXGF&New&dxAC_equip/NE-dxAC-PkgAC-65to134-New-EER-13.0/instance-out.sql,1430036.45,160983.83
CZ09/RtL&0&cDXGF&New&dxAC_equip/NE-dxAC-PkgAC-135to239-New-EER-10.8/instance-out.sql,1460431.53,160983.83
CZ09/RtL&0&cDXGF&New&dxAC_equip/NE-dxAC-PkgAC-135to239-New-EER-11.5/instance-out.sql,1448073.34,160983.83
CZ09/RtL&0&cDXGF&New&dxAC_equip/NE-dxAC-PkgAC-135to239-New-EER-12.0/instance-out.sql,1440504.17,160983.83
CZ09/RtL&0&cDXGF&New&dxAC_equip/NE-dxAC-PkgAC-135to239-New-EER-12.5/instance-out.sql,1433125.82,160983.83
CZ09/RtL&0&cDXGF&New&dxAC_equip/NE-dxAC-PkgAC-240to759-New-EER-9.8/instance-out.sql,1466398.19,160983.83
CZ09/RtL&0&cDXGF&New&dxAC_equip/NE-dxAC-PkgAC-240to759-New-EER-10.8/instance-out.sql,1447610.59,160983.83
CZ09/RtL&0&cDXGF&New&dxAC_equip/NE-dxAC-PkgAC-240to759-New-EER-11.5/instance-out.sql,1435922.46,160983.83
CZ09/RtL&0&cDXGF&New&dxAC_equip/NE-dxAC-PkgAC-240to759-New-EER-12.5/instance-out.sql,1421737.84,160983.83
CZ09/RtL&0&cDXGF&New&dxAC_equip/NE-dxAC-PkgAC-gt760-New-EER-9.5/instance-out.sql,1462024.36,160983.83
CZ09/RtL&0&cDXGF&New&dxAC_equip/NE-dxAC-PkgAC-gt760-New-EER-10.2/instance-out.sql,1448073.34,160983.83
CZ09/RtL&0&cDXGF&New&dxAC_equip/NE-dxAC-PkgAC-gt760-New-EER-11.0/instance-out.sql,1434712.93,160983.83
CZ09/RtL&0&cDXGF&New&dxAC_equip/NE-dxAC-PkgAC-gt760-New-EER-12.0/instance-out.sql,1420039.69,160983.83
CZ09/RtS&0&cDXGF&New&dxAC_equip/NE-dxAC-PkgAC-65to134-New-EER-11.0/instance-out.sql,98374.18,18220.94
CZ09/RtS&0&cDXGF&New&dxAC_equip/NE-dxAC-PkgAC-65to134-New-EER-11.5/instance-out.sql,97664.25,18220.94
CZ09/RtS&0&cDXGF&New&dxAC_equip/NE-dxAC-PkgAC-65to134-New-EER-12.0/instance-out.sql,97012.63,18220.94
CZ09/RtS&0&cDXGF&New&dxAC_equip/NE-dxAC-PkgAC-65to134-New-EER-12.5/instance-out.sql,96412.41,18220.94
CZ09/RtS&0&cDXGF&New&dxAC_equip/NE-dxAC-PkgAC-65to134-New-EER-13.0/instance-out.sql,95826.43,18220.94
CZ09/RtS&0&cDXGF&New&dxAC_equip/NE-dxAC-PkgAC-135to239-New-EER-10.8/instance-out.sql,98330.66,18220.94
CZ09/RtS&0&cDXGF&New&dxAC_equip/NE-dxAC-PkgAC-135to239-New-EER-11.5/instance-out.sql,97312.48,18220.94
CZ09/RtS&0&cDXGF&New&dxAC_equip/NE-dxAC-PkgAC-135to239-New-EER-12.0/instance-out.sql,96688.86,18220.94
CZ09/RtS&0&cDXGF&New&dxAC_equip/NE-dxAC-PkgAC-135to239-New-EER-12.5/instance-out.sql,96080.96,18220.94
CZ09/RtS&0&cDXGF&New&dxAC_equip/NE-dxAC-PkgAC-240to759-New-EER-9.8/instance-out.sql,98822.26,18220.94
CZ09/RtS&0&cDXGF&New&dxAC_equip/NE-dxAC-PkgAC-240to759-New-EER-10.8/instance-out.sql,97274.35,18220.94
CZ09/RtS&0&cDXGF&New&dxAC_equip/NE-dxAC-PkgAC-240to759-New-EER-11.5/instance-out.sql,96311.37,18220.94
CZ09/RtS&0&cDXGF&New&dxAC_equip/NE-dxAC-PkgAC-240to759-New-EER-12.5/instance-out.sql,95142.71,18220.94
CZ09/RtS&0&cDXGF&New&dxAC_equip/NE-dxAC-PkgAC-gt760-New-EER-9.5/instance-out.sql,98461.90,18220.94
CZ09/RtS&0&cDXGF&New&dxAC_equip/NE-dxAC-PkgAC-gt760-New-EER-10.2/instance-out.sql,97312.48,18220.94
CZ09/RtS&0&cDXGF&New&dxAC_equip/NE-dxAC-PkgAC-gt760-New-EER-11.0/instance-out.sql,96211.72,18220.94
CZ09/RtS&0&cDXGF&New&dxAC_equip/NE-dxAC-PkgAC-gt760-New-EER-12.0/instance-out.sql,95002.80,18220.94
CZ09/SCn&0&cDXGF&New&dxAC_equip/NE-dxAC-PkgAC-65to134-New-EER-11.0/instance-out.sql,2337105.11,202665.97
CZ09/SCn&0&cDXGF&New&dxAC_equip/NE-dxAC-PkgAC-65to134-New-EER-11.5/instance-out.sql,2323586.72,202665.97
CZ09/SCn&0&cDXGF&New&dxAC_equip/NE-dxAC-PkgAC-65to134-New-EER-12.0/instance-out.sql,2311178.52,202665.97
CZ09/SCn&0&cDXGF&New&dxAC_equip/NE-dxAC-PkgAC-65to134-New-EER-12.5/instance-out.sql,2299749.17,202665.97
CZ09/SCn&0&cDXGF&New&dxAC_equip/NE-dxAC-PkgAC-65to134-New-EER-13.0/instance-out.sql,2288590.84,202665.97
CZ09/SCn&0&cDXGF&New&dxAC_equip/NE-dxAC-PkgAC-135to239-New-EER-10.8/instance-out.sql,2336276.52,202665.97
CZ09/SCn&0&cDXGF&New&dxAC_equip/NE-dxAC-PkgAC-135to239-New-EER-11.5/instance-out.sql,2316888.23,202665.97
CZ09/SCn&0&cDXGF&New&dxAC_equip/NE-dxAC-PkgAC-135to239-New-EER-12.0/instance-out.sql,2305013.25,202665.97
CZ09/SCn&0&cDXGF&New&dxAC_equip/NE-dxAC-PkgAC-135to239-New-EER-12.5/instance-out.sql,2293437.64,202665.97
CZ09/SCn&0&cDXGF&New&dxAC_equip/NE-dxAC-PkgAC-240to759-New-EER-9.8/instance-out.sql,2345637.39,202665.97
CZ09/SCn&0&cDXGF&New&dxAC_equip/NE-dxAC-PkgAC-240to759-New-EER-10.8/instance-out.sql,2316162.24,202665.97
CZ09/SCn&0&cDXGF&New&dxAC_equip/NE-dxAC-PkgAC-240to759-New-EER-11.5/instance-out.sql,2297825.17,202665.97
CZ09/SCn&0&cDXGF&New&dxAC_equip/NE-dxAC-PkgAC-240to759-New-EER-12.5/instance-out.sql,2275571.47,202665.97
CZ09/SCn&0&cDXGF&New&dxAC_equip/NE-dxAC-PkgAC-gt760-New-EER-9.5/instance-out.sql,2338775.45,202665.97
CZ09/SCn&0&cDXGF&New&dxAC_equip/NE-dxAC-PkgAC-gt760-New-EER-10.2/instance-out.sql,2316888.23,202665.97
CZ09/SCn&0&cDXGF&New&dxAC_equip/NE-dxAC-PkgAC-gt760-New-EER-11.0/instance-out.sql,2295927.59,202665.97
CZ09/SCn&0&cDXGF&New&dxAC_equip/NE-dxAC-PkgAC-gt760-New-EER-12.0/instance-out.sql,2272907.31,202665.97
CZ10/Asm&0&cDXGF&New&dxAC_equip/NE-dxAC-PkgAC-65to134-New-EER-11.0/instance-out.sql,571575.83,118028.99
CZ10/Asm&0&cDXGF&New&dxAC_equip/NE-dxAC-PkgAC-65to134-New-EER-11.5/instance-out.sql,564832.62,118028.99
CZ10/Asm&0&cDXGF&New&dxAC_equip/NE-dxAC-PkgAC-65to134-New-EER-12.0/instance-out.sql,558643.21,118028.99
CZ10/Asm&0&cDXGF&New&dxAC_equip/NE-dxAC-PkgAC-65to134-New-EER-12.5/instance-out.sql,552942.05,118028.99
CZ10/Asm&0&cDXGF&New&dxAC_equip/NE-dxAC-PkgAC-65to134-New-EER-13.0/instance-out.sql,547376.08,118028.99
CZ10/Asm&0&cDXGF&New&dxAC_equip/NE-dxAC-PkgAC-135to239-New-EER-10.8/instance-out.sql,571162.52,118028.99
CZ10/Asm&0&cDXGF&New&dxAC_equip/NE-dxAC-PkgAC-135to239-New-EER-11.5/instance-out.sql,561491.31,118028.99
CZ10/Asm&0&cDXGF&New&dxAC_equip/NE-dxAC-PkgAC-135to239-New-EER-12.0/instance-out.sql,555567.86,118028.99
CZ10/Asm&0&cDXGF&New&dxAC_equip/NE-dxAC-PkgAC-135to239-New-EER-12.5/instance-out.sql,549793.75,118028.99
CZ10/Asm&0&cDXGF&New&dxAC_equip/NE-dxAC-PkgAC-240to759-New-EER-9.8/instance-out.sql,575831.88,118028.99
CZ10/Asm&0&cDXGF&New&dxAC_equip/NE-dxAC-PkgAC-240to759-New-EER-10.8/instance-out.sql,561129.17,118028.99
CZ10/Asm&0&cDXGF&New&dxAC_equip/NE-dxAC-PkgAC-240to759-New-EER-11.5/instance-out.sql,551982.32,118028.99
CZ10/Asm&0&cDXGF&New&dxAC_equip/NE-dxAC-PkgAC-240to759-New-EER-12.5/instance-out.sql,540881.80,118028.99
CZ10/Asm&0&cDXGF&New&dxAC_equip/NE-dxAC-PkgAC-gt760-New-EER-9.5/instance-out.sql,572409.03,118028.99
CZ10/Asm&0&cDXGF&New&dxAC_equip/NE-dxAC-PkgAC-gt760-New-EER-10.2/instance-out.sql,561491.31,118028.99
CZ10/Asm&0&cDXGF&New&dxAC_equip/NE-dxAC-PkgAC-gt760-New-EER-11.0/instance-out.sql,551035.78,118028.99
CZ10/Asm&0&cDXGF&New&dxAC_equip/NE-dxAC-PkgAC-gt760-New-EER-12.0/instance-out.sql,539552.87,118028.99
CZ10/ECC&0&cDXGF&New&dxAC_equip/NE-dxAC-PkgAC-65to134-New-EER-11.0/instance-out.sql,2007805.37,522794.01
CZ10/ECC&0&cDXGF&New&dxAC_equip/NE-dxAC-PkgAC-65to134-New-EER-11.5/instance-out.sql,1995158.06,522794.01
CZ10/ECC&0&cDXGF&New&dxAC_equip/NE-dxAC-PkgAC-65to134-New-EER-12.0/instance-out.sql,1983549.43,522794.01
CZ10/ECC&0&cDXGF&New&dxAC_equip/NE-dxAC-PkgAC-65to134-New-EER-12.5/instance-out.sql,1972856.55,522794.01
CZ10/ECC&0&cDXGF&New&dxAC_equip/NE-dxAC-PkgAC-65to134-New-EER-13.0/instance-out.sql,1962417.23,522794.01
CZ10/ECC&0&cDXGF&New&dxAC_equip/NE-dxAC-PkgAC-135to239-New-EER-10.8/instance-out.sql,2007030.17,522794.01
CZ10/ECC&0&cDXGF&New&dxAC_equip/NE-dxAC-PkgAC-135to239-New-EER-11.5/instance-out.sql,1988891.22,522794.01
CZ10/ECC&0&cDXGF&New&dxAC_equip/NE-dxAC-PkgAC-135to239-New-EER-12.0/instance-out.sql,1977781.43,522794.01
CZ10/ECC&0&cDXGF&New&dxAC_equip/NE-dxAC-PkgAC-135to239-New-EER-12.5/instance-out.sql,1966951.72,522794.01
CZ10/ECC&0&cDXGF&New&dxAC_equip/NE-dxAC-PkgAC-240to759-New-EER-9.8/instance-out.sql,2015787.85,522794.01
CZ10/ECC&0&cDXGF&New&dxAC_equip/NE-dxAC-PkgAC-240to759-New-EER-10.8/instance-out.sql,1988212.01,522794.01
CZ10/ECC&0&cDXGF&New&dxAC_equip/NE-dxAC-PkgAC-240to759-New-EER-11.5/instance-out.sql,1971056.53,522794.01
CZ10/ECC&0&cDXGF&New&dxAC_equip/NE-dxAC-PkgAC-240to759-New-EER-12.5/instance-out.sql,1950236.80,522794.01
CZ10/ECC&0&cDXGF&New&dxAC_equip/NE-dxAC-PkgAC-gt760-New-EER-9.5/instance-out.sql,2009368.08,522794.01
CZ10/ECC&0&cDXGF&New&dxAC_equip/NE-dxAC-PkgAC-gt760-New-EER-10.2/instance-out.sql,1988891.22,522794.01
CZ10/ECC&0&cDXGF&New&dxAC_equip/NE-dxAC-PkgAC-gt760-New-EER-11.0/instance-out.sql,1969281.22,522794.01
CZ10/ECC&0&cDXGF&New&dxAC_equip/NE-dxAC-PkgAC-gt760-New-EER-12.0/instance-out.sql,1947744.31,522794.01
CZ10/EPr&0&cDXGF&New&dxAC_equip/NE-dxAC-PkgAC-65to134-New-EER-11.0/instance-out.sql,233768.67,132829.27
CZ10/EPr&0&cDXGF&New&dxAC_equip/NE-dxAC-PkgAC-65to134-New-EER-11.5/instance-out.sql,231864.63,132829.27
CZ10/EPr&0&cDXGF&New&dxAC_equip/NE-dxAC-PkgAC-65to134-New-EER-12.0/instance-out.sql,230116.96,132829.27
CZ10/EPr&0&cDXGF&New&dxAC_equip/NE-dxAC-PkgAC-65to134-New-EER-12.5/instance-out.sql,228507.16,132829.27
CZ10/EPr&0&cDXGF&New&dxAC_equip/NE-dxAC-PkgAC-65to134-New-EER-13.0/instance-out.sql,226935.54,132829.27
CZ10/EPr&0&cDXGF&New&dxAC_equip/NE-dxAC-PkgAC-135to239-New-EER-10.8/instance-out.sql,233651.96,132829.27
CZ10/EPr&0&cDXGF&New&dxAC_equip/NE-dxAC-PkgAC-135to239-New-EER-11.5/instance-out.sql,230921.16,132829.27
CZ10/EPr&0&cDXGF&New&dxAC_equip/NE-dxAC-PkgAC-135to239-New-EER-12.0/instance-out.sql,229248.60,132829.27
CZ10/EPr&0&cDXGF&New&dxAC_equip/NE-dxAC-PkgAC-135to239-New-EER-12.5/instance-out.sql,227618.20,132829.27
CZ10/EPr&0&cDXGF&New&dxAC_equip/NE-dxAC-PkgAC-240to759-New-EER-9.8/instance-out.sql,234970.42,132829.27
CZ10/EPr&0&cDXGF&New&dxAC_equip/NE-dxAC-PkgAC-240to759-New-EER-10.8/instance-out.sql,230818.91,132829.27
CZ10/EPr&0&cDXGF&New&dxAC_equip/NE-dxAC-PkgAC-240to759-New-EER-11.5/instance-out.sql,228236.17,132829.27
CZ10/EPr&0&cDXGF&New&dxAC_equip/NE-dxAC-PkgAC-240to759-New-EER-12.5/instance-out.sql,225101.78,132829.27
CZ10/EPr&0&cDXGF&New&dxAC_equip/NE-dxAC-PkgAC-gt760-New-EER-9.5/instance-out.sql,234003.93,132829.27
CZ10/EPr&0&cDXGF&New&dxAC_equip/NE-dxAC-PkgAC-gt760-New-EER-10.2/instance-out.sql,230921.16,132829.27
CZ10/EPr&0&cDXGF&New&dxAC_equip/NE-dxAC-PkgAC-gt760-New-EER-11.0/instance-out.sql,227968.90,132829.27
CZ10/EPr&0&cDXGF&New&dxAC_equip/NE-dxAC-PkgAC-gt760-New-EER-12.0/instance-out.sql,224726.54,132829.27
CZ10/ERC&0&cDXGF&New&dxAC_equip/NE-dxAC-PkgAC-65to134-New-EER-11.0/instance-out.sql,8073.71,9766.97
CZ10/ERC&0&cDXGF&New&dxAC_equip/NE-dxAC-PkgAC-65to134-New-EER-11.5/instance-out.sql,7992.02,9766.97
CZ10/ERC&0&cDXGF&New&dxAC_equip/NE-dxAC-PkgAC-65to134-New-EER-12.0/instance-out.sql,7917.03,9766.97
CZ10/ERC&0&cDXGF&New&dxAC_equip/NE-dxAC-PkgAC-65to134-New-EER-12.5/instance-out.sql,7847.96,9766.97
CZ10/ERC&0&cDXGF&New&dxAC_equip/NE-dxAC-PkgAC-65to134-New-EER-13.0/instance-out.sql,7780.53,9766.97
CZ10/ERC&0&cDXGF&New&dxAC_equip/NE-dxAC-PkgAC-135to239-New-EER-10.8/instance-out.sql,8068.70,9766.97
CZ10/ERC&0&cDXGF&New&dxAC_equip/NE-dxAC-PkgAC-135to239-New-EER-11.5/instance-out.sql,7951.54,9766.97
CZ10/ERC&0&cDXGF&New&dxAC_equip/NE-dxAC-PkgAC-135to239-New-EER-12.0/instance-out.sql,7879.77,9766.97
CZ10/ERC&0&cDXGF&New&dxAC_equip/NE-dxAC-PkgAC-135to239-New-EER-12.5/instance-out.sql,7809.82,9766.97
CZ10/ERC&0&cDXGF&New&dxAC_equip/NE-dxAC-PkgAC-240to759-New-EER-9.8/instance-out.sql,8125.27,9766.97
CZ10/ERC&0&cDXGF&New&dxAC_equip/NE-dxAC-PkgAC-240to759-New-EER-10.8/instance-out.sql,7947.15,9766.97
CZ10/ERC&0&cDXGF&New&dxAC_equip/NE-dxAC-PkgAC-240to759-New-EER-11.5/instance-out.sql,7836.33,9766.97
CZ10/ERC&0&cDXGF&New&dxAC_equip/NE-dxAC-PkgAC-240to759-New-EER-12.5/instance-out.sql,7701.85,9766.97
CZ10/ERC&0&cDXGF&New&dxAC_equip/NE-dxAC-PkgAC-gt760-New-EER-9.5/instance-out.sql,8083.80,9766.97
CZ10/ERC&0&cDXGF&New&dxAC_equip/NE-dxAC-PkgAC-gt760-New-EER-10.2/instance-out.sql,7951.54,9766.97
CZ10/ERC&0&cDXGF&New&dxAC_equip/NE-dxAC-PkgAC-gt760-New-EER-11.0/instance-out.sql,7824.87,9766.97
CZ10/ERC&0&cDXGF&New&dxAC_equip/NE-dxAC-PkgAC-gt760-New-EER-12.0/instance-out.sql,7685.75,9766.97
CZ10/ESe&0&cDXGF&New&dxAC_equip/NE-dxAC-PkgAC-65to134-New-EER-11.0/instance-out.sql,762161.71,347890.22
CZ10/ESe&0&cDXGF&New&dxAC_equip/NE-dxAC-PkgAC-65to134-New-EER-11.5/instance-out.sql,759925.07,347890.22
CZ10/ESe&0&cDXGF&New&dxAC_equip/NE-dxAC-PkgAC-65to134-New-EER-12.0/instance-out.sql,757872.13,347890.22
CZ10/ESe&0&cDXGF&New&dxAC_equip/NE-dxAC-PkgAC-65to134-New-EER-12.5/instance-out.sql,755981.13,347890.22
CZ10/ESe&0&cDXGF&New&dxAC_equip/NE-dxAC-PkgAC-65to134-New-EER-13.0/instance-out.sql,754134.97,347890.22
CZ10/ESe&0&cDXGF&New&dxAC_equip/NE-dxAC-PkgAC-135to239-New-EER-10.8/instance-out.sql,762024.61,347890.22
CZ10/ESe&0&cDXGF&New&dxAC_equip/NE-dxAC-PkgAC-135to239-New-EER-11.5/instance-out.sql,758816.80,347890.22
CZ10/ESe&0&cDXGF&New&dxAC_equip/NE-dxAC-PkgAC-135to239-New-EER-12.0/instance-out.sql,756852.08,347890.22
CZ10/ESe&0&cDXGF&New&dxAC_equip/NE-dxAC-PkgAC-135to239-New-EER-12.5/instance-out.sql,754936.88,347890.22
CZ10/ESe&0&cDXGF&New&dxAC_equip/NE-dxAC-PkgAC-240to759-New-EER-9.8/instance-out.sql,763573.38,347890.22
CZ10/ESe&0&cDXGF&New&dxAC_equip/NE-dxAC-PkgAC-240to759-New-EER-10.8/instance-out.sql,758696.69,347890.22
CZ10/ESe&0&cDXGF&New&dxAC_equip/NE-dxAC-PkgAC-240to759-New-EER-11.5/instance-out.sql,755662.80,347890.22
CZ10/ESe&0&cDXGF&New&dxAC_equip/NE-dxAC-PkgAC-240to759-New-EER-12.5/instance-out.sql,751980.91,347890.22
CZ10/ESe&0&cDXGF&New&dxAC_equip/NE-dxAC-PkgAC-gt760-New-EER-9.5/instance-out.sql,762438.07,347890.22
CZ10/ESe&0&cDXGF&New&dxAC_equip/NE-dxAC-PkgAC-gt760-New-EER-10.2/instance-out.sql,758816.80,347890.22
CZ10/ESe&0&cDXGF&New&dxAC_equip/NE-dxAC-PkgAC-gt760-New-EER-11.0/instance-out.sql,755348.85,347890.22
CZ10/ESe&0&cDXGF&New&dxAC_equip/NE-dxAC-PkgAC-gt760-New-EER-12.0/instance-out.sql,751540.12,347890.22
CZ10/EUn&0&cDXGF&New&dxAC_equip/NE-dxAC-PkgAC-65to134-New-EER-11.0/instance-out.sql,6788437.37,902769.01
CZ10/EUn&0&cDXGF&New&dxAC_equip/NE-dxAC-PkgAC-65to134-New-EER-11.5/instance-out.sql,6756696.34,902769.01
CZ10/EUn&0&cDXGF&New&dxAC_equip/NE-dxAC-PkgAC-65to134-New-EER-12.0/instance-out.sql,6727562.06,902769.01
CZ10/EUn&0&cDXGF&New&dxAC_equip/NE-dxAC-PkgAC-65to134-New-EER-12.5/instance-out.sql,6700726.08,902769.01
CZ10/EUn&0&cDXGF&New&dxAC_equip/NE-dxAC-PkgAC-65to134-New-EER-13.0/instance-out.sql,6674526.45,902769.01
CZ10/EUn&0&cDXGF&New&dxAC_equip/NE-dxAC-PkgAC-135to239-New-EER-10.8/instance-out.sql,6786491.84,902769.01
CZ10/EUn&0&cDXGF&New&dxAC_equip/NE-dxAC-PkgAC-135to239-New-EER-11.5/instance-out.sql,6740968.39,902769.01
CZ10/EUn&0&cDXGF&New&dxAC_equip/NE-dxAC-PkgAC-135to239-New-EER-12.0/instance-out.sql,6713086.08,902769.01
CZ10/EUn&0&cDXGF&New&dxAC_equip/NE-dxAC-PkgAC-135to239-New-EER-12.5/instance-out.sql,6685906.69,902769.01
CZ10/EUn&0&cDXGF&New&dxAC_equip/NE-dxAC-PkgAC-240to759-New-EER-9.8/instance-out.sql,6808471.06,902769.01
CZ10/EUn&0&cDXGF&New&dxAC_equip/NE-dxAC-PkgAC-240to759-New-EER-10.8/instance-out.sql,6739263.78,902769.01
CZ10/EUn&0&cDXGF&New&dxAC_equip/NE-dxAC-PkgAC-240to759-New-EER-11.5/instance-out.sql,6696208.55,902769.01
CZ10/EUn&0&cDXGF&New&dxAC_equip/NE-dxAC-PkgAC-240to759-New-EER-12.5/instance-out.sql,6643957.14,902769.01
CZ10/EUn&0&cDXGF&New&dxAC_equip/NE-dxAC-PkgAC-gt760-New-EER-9.5/instance-out.sql,6792359.31,902769.01
CZ10/EUn&0&cDXGF&New&dxAC_equip/NE-dxAC-PkgAC-gt760-New-EER-10.2/instance-out.sql,6740968.39,902769.01
CZ10/EUn&0&cDXGF&New&dxAC_equip/NE-dxAC-PkgAC-gt760-New-EER-11.0/instance-out.sql,6691753.06,902769.01
CZ10/EUn&0&cDXGF&New&dxAC_equip/NE-dxAC-PkgAC-gt760-New-EER-12.0/instance-out.sql,6637701.73,902769.01
CZ10/Gro&0&cDXGF&New&dxAC_equip/NE-dxAC-PkgAC-65to134-New-EER-11.0/instance-out.sql,1815677.67,132036.05
CZ10/Gro&0&cDXGF&New&dxAC_equip/NE-dxAC-PkgAC-65to134-New-EER-11.5/instance-out.sql,1813402.15,132036.05
CZ10/Gro&0&cDXGF&New&dxAC_equip/NE-dxAC-PkgAC-65to134-New-EER-12.0/instance-out.sql,1811313.52,132036.05
CZ10/Gro&0&cDXGF&New&dxAC_equip/NE-dxAC-PkgAC-65to134-New-EER-12.5/instance-out.sql,1809389.64,132036.05
CZ10/Gro&0&cDXGF&New&dxAC_equip/NE-dxAC-PkgAC-65to134-New-EER-13.0/instance-out.sql,1807511.39,132036.05
CZ10/Gro&0&cDXGF&New&dxAC_equip/NE-dxAC-PkgAC-135to239-New-EER-10.8/instance-out.sql,1815538.20,132036.05
CZ10/Gro&0&cDXGF&New&dxAC_equip/NE-dxAC-PkgAC-135to239-New-EER-11.5/instance-out.sql,1812274.62,132036.05
CZ10/Gro&0&cDXGF&New&dxAC_equip/NE-dxAC-PkgAC-135to239-New-EER-12.0/instance-out.sql,1810275.73,132036.05
CZ10/Gro&0&cDXGF&New&dxAC_equip/NE-dxAC-PkgAC-135to239-New-EER-12.5/instance-out.sql,1808327.24,132036.05
CZ10/Gro&0&cDXGF&New&dxAC_equip/NE-dxAC-PkgAC-240to759-New-EER-9.8/instance-out.sql,1817113.89,132036.05
CZ10/Gro&0&cDXGF&New&dxAC_equip/NE-dxAC-PkgAC-240to759-New-EER-10.8/instance-out.sql,1812152.41,132036.05
CZ10/Gro&0&cDXGF&New&dxAC_equip/NE-dxAC-PkgAC-240to759-New-EER-11.5/instance-out.sql,1809065.78,132036.05
CZ10/Gro&0&cDXGF&New&dxAC_equip/NE-dxAC-PkgAC-240to759-New-EER-12.5/instance-out.sql,1805319.88,132036.05
CZ10/Gro&0&cDXGF&New&dxAC_equip/NE-dxAC-PkgAC-gt760-New-EER-9.5/instance-out.sql,1815958.83,132036.05
CZ10/Gro&0&cDXGF&New&dxAC_equip/NE-dxAC-PkgAC-gt760-New-EER-10.2/instance-out.sql,1812274.62,132036.05
CZ10/Gro&0&cDXGF&New&dxAC_equip/NE-dxAC-PkgAC-gt760-New-EER-11.0/instance-out.sql,1808746.37,132036.05
CZ10/Gro&0&cDXGF&New&dxAC_equip/NE-dxAC-PkgAC-gt760-New-EER-12.0/instance-out.sql,1804871.42,132036.05
CZ10/Hsp&0&cDXGF&New&dxAC_equip/NE-dxAC-PkgAC-65to134-New-EER-11.0/instance-out.sql,3355959.04,505192.38
CZ10/Hsp&0&cDXGF&New&dxAC_equip/NE-dxAC-PkgAC-65to134-New-EER-11.5/instance-out.sql,3349856.90,505192.38
CZ10/Hsp&0&cDXGF&New&dxAC_equip/NE-dxAC-PkgAC-65to134-New-EER-12.0/instance-out.sql,3344255.89,505192.38
CZ10/Hsp&0&cDXGF&New&dxAC_equip/NE-dxAC-PkgAC-65to134-New-EER-12.5/instance-out.sql,3339096.73,505192.38
CZ10/Hsp&0&cDXGF&New&dxAC_equip/NE-dxAC-PkgAC-65to134-New-EER-13.0/instance-out.sql,3334059.90,505192.38
CZ10/Hsp&0&cDXGF&New&dxAC_equip/NE-dxAC-PkgAC-135to239-New-EER-10.8/instance-out.sql,3355585.02,505192.38
CZ10/Hsp&0&cDXGF&New&dxAC_equip/NE-dxAC-PkgAC-135to239-New-EER-11.5/instance-out.sql,3346833.23,505192.38
CZ10/Hsp&0&cDXGF&New&dxAC_equip/NE-dxAC-PkgAC-135to239-New-EER-12.0/instance-out.sql,3341472.91,505192.38
CZ10/Hsp&0&cDXGF&New&dxAC_equip/NE-dxAC-PkgAC-135to239-New-EER-12.5/instance-out.sql,3336247.73,505192.38
CZ10/Hsp&0&cDXGF&New&dxAC_equip/NE-dxAC-PkgAC-240to759-New-EER-9.8/instance-out.sql,3359810.48,505192.38
CZ10/Hsp&0&cDXGF&New&dxAC_equip/NE-dxAC-PkgAC-240to759-New-EER-10.8/instance-out.sql,3346505.52,505192.38
CZ10/Hsp&0&cDXGF&New&dxAC_equip/NE-dxAC-PkgAC-240to759-New-EER-11.5/instance-out.sql,3338228.24,505192.38
CZ10/Hsp&0&cDXGF&New&dxAC_equip/NE-dxAC-PkgAC-240to759-New-EER-12.5/instance-out.sql,3328183.01,505192.38
CZ10/Hsp&0&cDXGF&New&dxAC_equip/NE-dxAC-PkgAC-gt760-New-EER-9.5/instance-out.sql,3356713.03,505192.38
CZ10/Hsp&0&cDXGF&New&dxAC_equip/NE-dxAC-PkgAC-gt760-New-EER-10.2/instance-out.sql,3346833.23,505192.38
CZ10/Hsp&0&cDXGF&New&dxAC_equip/NE-dxAC-PkgAC-gt760-New-EER-11.0/instance-out.sql,3337371.68,505192.38
CZ10/Hsp&0&cDXGF&New&dxAC_equip/NE-dxAC-PkgAC-gt760-New-EER-12.0/instance-out.sql,3326980.42,505192.38
CZ10/MBT&0&cDXGF&New&dxAC_equip/NE-dxAC-PkgAC-65to134-New-EER-11.0/instance-out.sql,3277041.87,2358412.67
CZ10/MBT&0&cDXGF&New&dxAC_equip/NE-dxAC-PkgAC-65to134-New-EER-11.5/instance-out.sql,3270951.11,2358412.67
CZ10/MBT&0&cDXGF&New&dxAC_equip/NE-dxAC-PkgAC-65to134-New-EER-12.0/instance-out.sql,3265360.56,2358412.67
CZ10/MBT&0&cDXGF&New&dxAC_equip/NE-dxAC-PkgAC-65to134-New-EER-12.5/instance-out.sql,3260211.03,2358412.67
CZ10/MBT&0&cDXGF&New&dxAC_equip/NE-dxAC-PkgAC-65to134-New-EER-13.0/instance-out.sql,3255183.60,2358412.67
CZ10/MBT&0&cDXGF&New&dxAC_equip/NE-dxAC-PkgAC-135to239-New-EER-10.8/instance-out.sql,3276668.55,2358412.67
CZ10/MBT&0&cDXGF&New&dxAC_equip/NE-dxAC-PkgAC-135to239-New-EER-11.5/instance-out.sql,3267933.09,2358412.67
CZ10/MBT&0&cDXGF&New&dxAC_equip/NE-dxAC-PkgAC-135to239-New-EER-12.0/instance-out.sql,3262582.78,2358412.67
CZ10/MBT&0&cDXGF&New&dxAC_equip/NE-dxAC-PkgAC-135to239-New-EER-12.5/instance-out.sql,3257367.35,2358412.67
CZ10/MBT&0&cDXGF&New&dxAC_equip/NE-dxAC-PkgAC-240to759-New-EER-9.8/instance-out.sql,3280886.12,2358412.67
CZ10/MBT&0&cDXGF&New&dxAC_equip/NE-dxAC-PkgAC-240to759-New-EER-10.8/instance-out.sql,3267605.99,2358412.67
CZ10/MBT&0&cDXGF&New&dxAC_equip/NE-dxAC-PkgAC-240to759-New-EER-11.5/instance-out.sql,3259344.16,2358412.67
CZ10/MBT&0&cDXGF&New&dxAC_equip/NE-dxAC-PkgAC-240to759-New-EER-12.5/instance-out.sql,3249317.68,2358412.67
CZ10/MBT&0&cDXGF&New&dxAC_equip/NE-dxAC-PkgAC-gt760-New-EER-9.5/instance-out.sql,3277794.45,2358412.67
CZ10/MBT&0&cDXGF&New&dxAC_equip/NE-dxAC-PkgAC-gt760-New-EER-10.2/instance-out.sql,3267933.09,2358412.67
CZ10/MBT&0&cDXGF&New&dxAC_equip/NE-dxAC-PkgAC-gt760-New-EER-11.0/instance-out.sql,3258489.20,2358412.67
CZ10/MBT&0&cDXGF&New&dxAC_equip/NE-dxAC-PkgAC-gt760-New-EER-12.0/instance-out.sql,3248117.34,2358412.67
CZ10/MLI&0&cDXGF&New&dxAC_equip/NE-dxAC-PkgAC-65to134-New-EER-11.0/instance-out.sql,809012.82,81561.51
CZ10/MLI&0&cDXGF&New&dxAC_equip/NE-dxAC-PkgAC-65to134-New-EER-11.5/instance-out.sql,803247.72,81561.51
CZ10/MLI&0&cDXGF&New&dxAC_equip/NE-dxAC-PkgAC-65to134-New-EER-12.0/instance-out.sql,797956.09,81561.51
CZ10/MLI&0&cDXGF&New&dxAC_equip/NE-dxAC-PkgAC-65to134-New-EER-12.5/instance-out.sql,793081.90,81561.51
CZ10/MLI&0&cDXGF&New&dxAC_equip/NE-dxAC-PkgAC-65to134-New-EER-13.0/instance-out.sql,788323.29,81561.51
CZ10/MLI&0&cDXGF&New&dxAC_equip/NE-dxAC-PkgAC-135to239-New-EER-10.8/instance-out.sql,808659.45,81561.51
CZ10/MLI&0&cDXGF&New&dxAC_equip/NE-dxAC-PkgAC-135to239-New-EER-11.5/instance-out.sql,800391.07,81561.51
CZ10/MLI&0&cDXGF&New&dxAC_equip/NE-dxAC-PkgAC-135to239-New-EER-12.0/instance-out.sql,795326.84,81561.51
CZ10/MLI&0&cDXGF&New&dxAC_equip/NE-dxAC-PkgAC-135to239-New-EER-12.5/instance-out.sql,790390.27,81561.51
CZ10/MLI&0&cDXGF&New&dxAC_equip/NE-dxAC-PkgAC-240to759-New-EER-9.8/instance-out.sql,812651.51,81561.51
CZ10/MLI&0&cDXGF&New&dxAC_equip/NE-dxAC-PkgAC-240to759-New-EER-10.8/instance-out.sql,800081.46,81561.51
CZ10/MLI&0&cDXGF&New&dxAC_equip/NE-dxAC-PkgAC-240to759-New-EER-11.5/instance-out.sql,792261.39,81561.51
CZ10/MLI&0&cDXGF&New&dxAC_equip/NE-dxAC-PkgAC-240to759-New-EER-12.5/instance-out.sql,782771.01,81561.51
CZ10/MLI&0&cDXGF&New&dxAC_equip/NE-dxAC-PkgAC-gt760-New-EER-9.5/instance-out.sql,809725.15,81561.51
CZ10/MLI&0&cDXGF&New&dxAC_equip/NE-dxAC-PkgAC-gt760-New-EER-10.2/instance-out.sql,800391.07,81561.51
CZ10/MLI&0&cDXGF&New&dxAC_equip/NE-dxAC-PkgAC-gt760-New-EER-11.0/instance-out.sql,791452.14,81561.51
CZ10/MLI&0&cDXGF&New&dxAC_equip/NE-dxAC-PkgAC-gt760-New-EER-12.0/instance-out.sql,781634.85,81561.51
CZ10/Mtl&0&cDXGF&New&dxAC_equip/NE-dxAC-PkgAC-65to134-New-EER-11.0/instance-out.sql,157238.90,15341.93
CZ10/Mtl&0&cDXGF&New&dxAC_equip/NE-dxAC-PkgAC-65to134-New-EER-11.5/instance-out.sql,155754.14,15341.93
CZ10/Mtl&0&cDXGF&New&dxAC_equip/NE-dxAC-PkgAC-65to134-New-EER-12.0/instance-out.sql,154391.32,15341.93
CZ10/Mtl&0&cDXGF&New&dxAC_equip/NE-dxAC-PkgAC-65to134-New-EER-12.5/instance-out.sql,153136.01,15341.93
CZ10/Mtl&0&cDXGF&New&dxAC_equip/NE-dxAC-PkgAC-65to134-New-EER-13.0/instance-out.sql,151910.46,15341.93
CZ10/Mtl&0&cDXGF&New&dxAC_equip/NE-dxAC-PkgAC-135to239-New-EER-10.8/instance-out.sql,157147.90,15341.93
CZ10/Mtl&0&cDXGF&New&dxAC_equip/NE-dxAC-PkgAC-135to239-New-EER-11.5/instance-out.sql,155018.43,15341.93
CZ10/Mtl&0&cDXGF&New&dxAC_equip/NE-dxAC-PkgAC-135to239-New-EER-12.0/instance-out.sql,153714.18,15341.93
CZ10/Mtl&0&cDXGF&New&dxAC_equip/NE-dxAC-PkgAC-135to239-New-EER-12.5/instance-out.sql,152442.80,15341.93
CZ10/Mtl&0&cDXGF&New&dxAC_equip/NE-dxAC-PkgAC-240to759-New-EER-9.8/instance-out.sql,158176.02,15341.93
CZ10/Mtl&0&cDXGF&New&dxAC_equip/NE-dxAC-PkgAC-240to759-New-EER-10.8/instance-out.sql,154938.70,15341.93
CZ10/Mtl&0&cDXGF&New&dxAC_equip/NE-dxAC-PkgAC-240to759-New-EER-11.5/instance-out.sql,152924.69,15341.93
CZ10/Mtl&0&cDXGF&New&dxAC_equip/NE-dxAC-PkgAC-240to759-New-EER-12.5/instance-out.sql,150480.52,15341.93
CZ10/Mtl&0&cDXGF&New&dxAC_equip/NE-dxAC-PkgAC-gt760-New-EER-9.5/instance-out.sql,157422.36,15341.93
CZ10/Mtl&0&cDXGF&New&dxAC_equip/NE-dxAC-PkgAC-gt760-New-EER-10.2/instance-out.sql,155018.43,15341.93
CZ10/Mtl&0&cDXGF&New&dxAC_equip/NE-dxAC-PkgAC-gt760-New-EER-11.0/instance-out.sql,152716.28,15341.93
CZ10/Mtl&0&cDXGF&New&dxAC_equip/NE-dxAC-PkgAC-gt760-New-EER-12.0/instance-out.sql,150187.91,15341.93
CZ10/Nrs&0&cDXGF&New&dxAC_equip/NE-dxAC-PkgAC-65to134-New-EER-11.0/instance-out.sql,634896.82,193423.32
CZ10/Nrs&0&cDXGF&New&dxAC_equip/NE-dxAC-PkgAC-65to134-New-EER-11.5/instance-out.sql,632869.81,193423.32
CZ10/Nrs&0&cDXGF&New&dxAC_equip/NE-dxAC-PkgAC-65to134-New-EER-12.0/instance-out.sql,631009.26,193423.32
CZ10/Nrs&0&cDXGF&New&dxAC_equip/NE-dxAC-PkgAC-65to134-New-EER-12.5/instance-out.sql,629295.48,193423.32
CZ10/Nrs&0&cDXGF&New&dxAC_equip/NE-dxAC-PkgAC-65to134-New-EER-13.0/instance-out.sql,627622.34,193423.32
CZ10/Nrs&0&cDXGF&New&dxAC_equip/NE-dxAC-PkgAC-135to239-New-EER-10.8/instance-out.sql,634772.58,193423.32
CZ10/Nrs&0&cDXGF&New&dxAC_equip/NE-dxAC-PkgAC-135to239-New-EER-11.5/instance-out.sql,631865.40,193423.32
CZ10/Nrs&0&cDXGF&New&dxAC_equip/NE-dxAC-PkgAC-135to239-New-EER-12.0/instance-out.sql,630084.80,193423.32
CZ10/Nrs&0&cDXGF&New&dxAC_equip/NE-dxAC-PkgAC-135to239-New-EER-12.5/instance-out.sql,628349.09,193423.32
CZ10/Nrs&0&cDXGF&New&dxAC_equip/NE-dxAC-PkgAC-240to759-New-EER-9.8/instance-out.sql,636176.20,193423.32
CZ10/Nrs&0&cDXGF&New&dxAC_equip/NE-dxAC-PkgAC-240to759-New-EER-10.8/instance-out.sql,631756.54,193423.32
CZ10/Nrs&0&cDXGF&New&dxAC_equip/NE-dxAC-PkgAC-240to759-New-EER-11.5/instance-out.sql,629006.98,193423.32
CZ10/Nrs&0&cDXGF&New&dxAC_equip/NE-dxAC-PkgAC-240to759-New-EER-12.5/instance-out.sql,625670.15,193423.32
CZ10/Nrs&0&cDXGF&New&dxAC_equip/NE-dxAC-PkgAC-gt760-New-EER-9.5/instance-out.sql,635147.28,193423.32
CZ10/Nrs&0&cDXGF&New&dxAC_equip/NE-dxAC-PkgAC-gt760-New-EER-10.2/instance-out.sql,631865.40,193423.32
CZ10/Nrs&0&cDXGF&New&dxAC_equip/NE-dxAC-PkgAC-gt760-New-EER-11.0/instance-out.sql,628722.45,193423.32
CZ10/Nrs&0&cDXGF&New&dxAC_equip/NE-dxAC-PkgAC-gt760-New-EER-12.0/instance-out.sql,625270.67,193423.32
CZ10/OfL&0&cDXGF&New&dxAC_equip/NE-dxAC-PkgAC-65to134-New-EER-11.0/instance-out.sql,2078109.12,132703.62
CZ10/OfL&0&cDXGF&New&dxAC_equip/NE-dxAC-PkgAC-65to134-New-EER-11.5/instance-out.sql,2065993.83,132703.62
CZ10/OfL&0&cDXGF&New&dxAC_equip/NE-dxAC-PkgAC-65to134-New-EER-12.0/instance-out.sql,2054873.51,132703.62
CZ10/OfL&0&cDXGF&New&dxAC_equip/NE-dxAC-PkgAC-65to134-New-EER-12.5/instance-out.sql,2044630.43,132703.62
CZ10/OfL&0&cDXGF&New&dxAC_equip/NE-dxAC-PkgAC-65to134-New-EER-13.0/instance-out.sql,2034630.25,132703.62
CZ10/OfL&0&cDXGF&New&dxAC_equip/NE-dxAC-PkgAC-135to239-New-EER-10.8/instance-out.sql,2077366.53,132703.62
CZ10/OfL&0&cDXGF&New&dxAC_equip/NE-dxAC-PkgAC-135to239-New-EER-11.5/instance-out.sql,2059990.60,132703.62
CZ10/OfL&0&cDXGF&New&dxAC_equip/NE-dxAC-PkgAC-135to239-New-EER-12.0/instance-out.sql,2049348.15,132703.62
CZ10/OfL&0&cDXGF&New&dxAC_equip/NE-dxAC-PkgAC-135to239-New-EER-12.5/instance-out.sql,2038973.99,132703.62
CZ10/OfL&0&cDXGF&New&dxAC_equip/NE-dxAC-PkgAC-240to759-New-EER-9.8/instance-out.sql,2085755.81,132703.62
CZ10/OfL&0&cDXGF&New&dxAC_equip/NE-dxAC-PkgAC-240to759-New-EER-10.8/instance-out.sql,2059339.96,132703.62
CZ10/OfL&0&cDXGF&New&dxAC_equip/NE-dxAC-PkgAC-240to759-New-EER-11.5/instance-out.sql,2042906.13,132703.62
CZ10/OfL&0&cDXGF&New&dxAC_equip/NE-dxAC-PkgAC-240to759-New-EER-12.5/instance-out.sql,2022962.19,132703.62
CZ10/OfL&0&cDXGF&New&dxAC_equip/NE-dxAC-PkgAC-gt760-New-EER-9.5/instance-out.sql,2079606.09,132703.62
CZ10/OfL&0&cDXGF&New&dxAC_equip/NE-dxAC-PkgAC-gt760-New-EER-10.2/instance-out.sql,2059990.60,132703.62
CZ10/OfL&0&cDXGF&New&dxAC_equip/NE-dxAC-PkgAC-gt760-New-EER-11.0/instance-out.sql,2041205.50,132703.62
CZ10/OfL&0&cDXGF&New&dxAC_equip/NE-dxAC-PkgAC-gt760-New-EER-12.0/instance-out.sql,2020574.55,132703.62
CZ10/OfS&0&cDXGF&New&dxAC_equip/NE-dxAC-PkgAC-65to134-New-EER-11.0/instance-out.sql,94140.83,22487.46
CZ10/OfS&0&cDXGF&New&dxAC_equip/NE-dxAC-PkgAC-65to134-New-EER-11.5/instance-out.sql,93376.72,22487.46
CZ10/OfS&0&cDXGF&New&dxAC_equip/NE-dxAC-PkgAC-65to134-New-EER-12.0/instance-out.sql,92675.36,22487.46
CZ10/OfS&0&cDXGF&New&dxAC_equip/NE-dxAC-PkgAC-65to134-New-EER-12.5/instance-out.sql,92029.33,22487.46
CZ10/OfS&0&cDXGF&New&dxAC_equip/NE-dxAC-PkgAC-65to134-New-EER-13.0/instance-out.sql,91398.62,22487.46
CZ10/OfS&0&cDXGF&New&dxAC_equip/NE-dxAC-PkgAC-135to239-New-EER-10.8/instance-out.sql,94094.00,22487.46
CZ10/OfS&0&cDXGF&New&dxAC_equip/NE-dxAC-PkgAC-135to239-New-EER-11.5/instance-out.sql,92998.10,22487.46
CZ10/OfS&0&cDXGF&New&dxAC_equip/NE-dxAC-PkgAC-135to239-New-EER-12.0/instance-out.sql,92326.88,22487.46
CZ10/OfS&0&cDXGF&New&dxAC_equip/NE-dxAC-PkgAC-135to239-New-EER-12.5/instance-out.sql,91672.58,22487.46
CZ10/OfS&0&cDXGF&New&dxAC_equip/NE-dxAC-PkgAC-240to759-New-EER-9.8/instance-out.sql,94623.11,22487.46
CZ10/OfS&0&cDXGF&New&dxAC_equip/NE-dxAC-PkgAC-240to759-New-EER-10.8/instance-out.sql,92957.06,22487.46
CZ10/OfS&0&cDXGF&New&dxAC_equip/NE-dxAC-PkgAC-240to759-New-EER-11.5/instance-out.sql,91920.58,22487.46
CZ10/OfS&0&cDXGF&New&dxAC_equip/NE-dxAC-PkgAC-240to759-New-EER-12.5/instance-out.sql,90662.71,22487.46
CZ10/OfS&0&cDXGF&New&dxAC_equip/NE-dxAC-PkgAC-gt760-New-EER-9.5/instance-out.sql,94235.25,22487.46
CZ10/OfS&0&cDXGF&New&dxAC_equip/NE-dxAC-PkgAC-gt760-New-EER-10.2/instance-out.sql,92998.10,22487.46
CZ10/OfS&0&cDXGF&New&dxAC_equip/NE-dxAC-PkgAC-gt760-New-EER-11.0/instance-out.sql,91813.32,22487.46
CZ10/OfS&0&cDXGF&New&dxAC_equip/NE-dxAC-PkgAC-gt760-New-EER-12.0/instance-out.sql,90512.12,22487.46
CZ10/RFF&0&cDXGF&New&dxAC_equip/NE-dxAC-PkgAC-65to134-New-EER-11.0/instance-out.sql,59361.82,46027.58
CZ10/RFF&0&cDXGF&New&dxAC_equip/NE-dxAC-PkgAC-65to134-New-EER-11.5/instance-out.sql,59070.04,46027.58
CZ10/RFF&0&cDXGF&New&dxAC_equip/NE-dxAC-PkgAC-65to134-New-EER-12.0/instance-out.sql,58802.23,46027.58
CZ10/RFF&0&cDXGF&New&dxAC_equip/NE-dxAC-PkgAC-65to134-New-EER-12.5/instance-out.sql,58555.55,46027.58
CZ10/RFF&0&cDXGF&New&dxAC_equip/NE-dxAC-PkgAC-65to134-New-EER-13.0/instance-out.sql,58314.71,46027.58
CZ10/RFF&0&cDXGF&New&dxAC_equip/NE-dxAC-PkgAC-135to239-New-EER-10.8/instance-out.sql,59343.93,46027.58
CZ10/RFF&0&cDXGF&New&dxAC_equip/NE-dxAC-PkgAC-135to239-New-EER-11.5/instance-out.sql,58925.47,46027.58
CZ10/RFF&0&cDXGF&New&dxAC_equip/NE-dxAC-PkgAC-135to239-New-EER-12.0/instance-out.sql,58669.16,46027.58
CZ10/RFF&0&cDXGF&New&dxAC_equip/NE-dxAC-PkgAC-135to239-New-EER-12.5/instance-out.sql,58419.32,46027.58
CZ10/RFF&0&cDXGF&New&dxAC_equip/NE-dxAC-PkgAC-240to759-New-EER-9.8/instance-out.sql,59545.97,46027.58
CZ10/RFF&0&cDXGF&New&dxAC_equip/NE-dxAC-PkgAC-240to759-New-EER-10.8/instance-out.sql,58909.80,46027.58
CZ10/RFF&0&cDXGF&New&dxAC_equip/NE-dxAC-PkgAC-240to759-New-EER-11.5/instance-out.sql,58514.02,46027.58
CZ10/RFF&0&cDXGF&New&dxAC_equip/NE-dxAC-PkgAC-240to759-New-EER-12.5/instance-out.sql,58033.71,46027.58
CZ10/RFF&0&cDXGF&New&dxAC_equip/NE-dxAC-PkgAC-gt760-New-EER-9.5/instance-out.sql,59397.87,46027.58
CZ10/RFF&0&cDXGF&New&dxAC_equip/NE-dxAC-PkgAC-gt760-New-EER-10.2/instance-out.sql,58925.47,46027.58
CZ10/RFF&0&cDXGF&New&dxAC_equip/NE-dxAC-PkgAC-gt760-New-EER-11.0/instance-out.sql,58473.07,46027.58
CZ10/RFF&0&cDXGF&New&dxAC_equip/NE-dxAC-PkgAC-gt760-New-EER-12.0/instance-out.sql,57976.21,46027.58
CZ10/RSD&0&cDXGF&New&dxAC_equip/NE-dxAC-PkgAC-65to134-New-EER-11.0/instance-out.sql,113312.70,127745.35
CZ10/RSD&0&cDXGF&New&dxAC_equip/NE-dxAC-PkgAC-65to134-New-EER-11.5/instance-out.sql,113183.14,127745.35
CZ10/RSD&0&cDXGF&New&dxAC_equip/NE-dxAC-PkgAC-65to134-New-EER-12.0/instance-out.sql,113064.21,127745.35
CZ10/RSD&0&cDXGF&New&dxAC_equip/NE-dxAC-PkgAC-65to134-New-EER-12.5/instance-out.sql,112954.66,127745.35
CZ10/RSD&0&cDXGF&New&dxAC_equip/NE-dxAC-PkgAC-65to134-New-EER-13.0/instance-out.sql,112847.71,127745.35
CZ10/RSD&0&cDXGF&New&dxAC_equip/NE-dxAC-PkgAC-135to239-New-EER-10.8/instance-out.sql,113304.76,127745.35
CZ10/RSD&0&cDXGF&New&dxAC_equip/NE-dxAC-PkgAC-135to239-New-EER-11.5/instance-out.sql,113118.93,127745.35
CZ10/RSD&0&cDXGF&New&dxAC_equip/NE-dxAC-PkgAC-135to239-New-EER-12.0/instance-out.sql,113005.11,127745.35
CZ10/RSD&0&cDXGF&New&dxAC_equip/NE-dxAC-PkgAC-135to239-New-EER-12.5/instance-out.sql,112894.17,127745.35
CZ10/RSD&0&cDXGF&New&dxAC_equip/NE-dxAC-PkgAC-240to759-New-EER-9.8/instance-out.sql,113394.48,127745.35
CZ10/RSD&0&cDXGF&New&dxAC_equip/NE-dxAC-PkgAC-240to759-New-EER-10.8/instance-out.sql,113111.97,127745.35
CZ10/RSD&0&cDXGF&New&dxAC_equip/NE-dxAC-PkgAC-240to759-New-EER-11.5/instance-out.sql,112936.22,127745.35
CZ10/RSD&0&cDXGF&New&dxAC_equip/NE-dxAC-PkgAC-240to759-New-EER-12.5/instance-out.sql,112722.92,127745.35
CZ10/RSD&0&cDXGF&New&dxAC_equip/NE-dxAC-PkgAC-gt760-New-EER-9.5/instance-out.sql,113328.71,127745.35
CZ10/RSD&0&cDXGF&New&dxAC_equip/NE-dxAC-PkgAC-gt760-New-EER-10.2/instance-out.sql,113118.93,127745.35
CZ10/RSD&0&cDXGF&New&dxAC_equip/NE-dxAC-PkgAC-gt760-New-EER-11.0/instance-out.sql,112918.03,127745.35
CZ10/RSD&0&cDXGF&New&dxAC_equip/NE-dxAC-PkgAC-gt760-New-EER-12.0/instance-out.sql,112697.39,127745.35
CZ10/Rt3&0&cDXGF&New&dxAC_equip/NE-dxAC-PkgAC-65to134-New-EER-11.0/instance-out.sql,1706243.64,210996.53
CZ10/Rt3&0&cDXGF&New&dxAC_equip/NE-dxAC-PkgAC-65to134-New-EER-11.5/instance-out.sql,1692702.99,210996.53
CZ10/Rt3&0&cDXGF&New&dxAC_equip/NE-dxAC-PkgAC-65to134-New-EER-12.0/instance-out.sql,1680274.38,210996.53
CZ10/Rt3&0&cDXGF&New&dxAC_equip/NE-dxAC-PkgAC-65to134-New-EER-12.5/instance-out.sql,1668826.21,210996.53
CZ10/Rt3&0&cDXGF&New&dxAC_equip/NE-dxAC-PkgAC-65to134-New-EER-13.0/instance-out.sql,1657649.51,210996.53
CZ10/Rt3&0&cDXGF&New&dxAC_equip/NE-dxAC-PkgAC-135to239-New-EER-10.8/instance-out.sql,1705413.68,210996.53
CZ10/Rt3&0&cDXGF&New&dxAC_equip/NE-dxAC-PkgAC-135to239-New-EER-11.5/instance-out.sql,1685993.48,210996.53
CZ10/Rt3&0&cDXGF&New&dxAC_equip/NE-dxAC-PkgAC-135to239-New-EER-12.0/instance-out.sql,1674098.95,210996.53
CZ10/Rt3&0&cDXGF&New&dxAC_equip/NE-dxAC-PkgAC-135to239-New-EER-12.5/instance-out.sql,1662504.29,210996.53
CZ10/Rt3&0&cDXGF&New&dxAC_equip/NE-dxAC-PkgAC-240to759-New-EER-9.8/instance-out.sql,1714789.97,210996.53
CZ10/Rt3&0&cDXGF&New&dxAC_equip/NE-dxAC-PkgAC-240to759-New-EER-10.8/instance-out.sql,1685266.30,210996.53
CZ10/Rt3&0&cDXGF&New&dxAC_equip/NE-dxAC-PkgAC-240to759-New-EER-11.5/instance-out.sql,1666899.04,210996.53
CZ10/Rt3&0&cDXGF&New&dxAC_equip/NE-dxAC-PkgAC-240to759-New-EER-12.5/instance-out.sql,1644608.71,210996.53
CZ10/Rt3&0&cDXGF&New&dxAC_equip/NE-dxAC-PkgAC-gt760-New-EER-9.5/instance-out.sql,1707916.73,210996.53
CZ10/Rt3&0&cDXGF&New&dxAC_equip/NE-dxAC-PkgAC-gt760-New-EER-10.2/instance-out.sql,1685993.48,210996.53
CZ10/Rt3&0&cDXGF&New&dxAC_equip/NE-dxAC-PkgAC-gt760-New-EER-11.0/instance-out.sql,1664998.34,210996.53
CZ10/Rt3&0&cDXGF&New&dxAC_equip/NE-dxAC-PkgAC-gt760-New-EER-12.0/instance-out.sql,1641940.16,210996.53
CZ10/RtL&0&cDXGF&New&dxAC_equip/NE-dxAC-PkgAC-65to134-New-EER-11.0/instance-out.sql,1527469.01,173377.33
CZ10/RtL&0&cDXGF&New&dxAC_equip/NE-dxAC-PkgAC-65to134-New-EER-11.5/instance-out.sql,1516385.42,173377.33
CZ10/RtL&0&cDXGF&New&dxAC_equip/NE-dxAC-PkgAC-65to134-New-EER-12.0/instance-out.sql,1506212.07,173377.33
CZ10/RtL&0&cDXGF&New&dxAC_equip/NE-dxAC-PkgAC-65to134-New-EER-12.5/instance-out.sql,1496841.26,173377.33
CZ10/RtL&0&cDXGF&New&dxAC_equip/NE-dxAC-PkgAC-65to134-New-EER-13.0/instance-out.sql,1487692.66,173377.33
CZ10/RtL&0&cDXGF&New&dxAC_equip/NE-dxAC-PkgAC-135to239-New-EER-10.8/instance-out.sql,1526789.66,173377.33
CZ10/RtL&0&cDXGF&New&dxAC_equip/NE-dxAC-PkgAC-135to239-New-EER-11.5/instance-out.sql,1510893.40,173377.33
CZ10/RtL&0&cDXGF&New&dxAC_equip/NE-dxAC-PkgAC-135to239-New-EER-12.0/instance-out.sql,1501157.23,173377.33
CZ10/RtL&0&cDXGF&New&dxAC_equip/NE-dxAC-PkgAC-135to239-New-EER-12.5/instance-out.sql,1491666.50,173377.33
CZ10/RtL&0&cDXGF&New&dxAC_equip/NE-dxAC-PkgAC-240to759-New-EER-9.8/instance-out.sql,1534464.54,173377.33
CZ10/RtL&0&cDXGF&New&dxAC_equip/NE-dxAC-PkgAC-240to759-New-EER-10.8/instance-out.sql,1510298.17,173377.33
CZ10/RtL&0&cDXGF&New&dxAC_equip/NE-dxAC-PkgAC-240to759-New-EER-11.5/instance-out.sql,1495263.79,173377.33
CZ10/RtL&0&cDXGF&New&dxAC_equip/NE-dxAC-PkgAC-240to759-New-EER-12.5/instance-out.sql,1477018.21,173377.33
CZ10/RtL&0&cDXGF&New&dxAC_equip/NE-dxAC-PkgAC-gt760-New-EER-9.5/instance-out.sql,1528838.51,173377.33
CZ10/RtL&0&cDXGF&New&dxAC_equip/NE-dxAC-PkgAC-gt760-New-EER-10.2/instance-out.sql,1510893.40,173377.33
CZ10/RtL&0&cDXGF&New&dxAC_equip/NE-dxAC-PkgAC-gt760-New-EER-11.0/instance-out.sql,1493707.98,173377.33
CZ10/RtL&0&cDXGF&New&dxAC_equip/NE-dxAC-PkgAC-gt760-New-EER-12.0/instance-out.sql,1474833.89,173377.33
CZ10/RtS&0&cDXGF&New&dxAC_equip/NE-dxAC-PkgAC-65to134-New-EER-11.0/instance-out.sql,106540.42,21824.96
CZ10/RtS&0&cDXGF&New&dxAC_equip/NE-dxAC-PkgAC-65to134-New-EER-11.5/instance-out.sql,105571.72,21824.96
CZ10/RtS&0&cDXGF&New&dxAC_equip/NE-dxAC-PkgAC-65to134-New-EER-12.0/instance-out.sql,104682.58,21824.96
CZ10/RtS&0&cDXGF&New&dxAC_equip/NE-dxAC-PkgAC-65to134-New-EER-12.5/instance-out.sql,103863.58,21824.96
CZ10/RtS&0&cDXGF&New&dxAC_equip/NE-dxAC-PkgAC-65to134-New-EER-13.0/instance-out.sql,103064.00,21824.96
CZ10/RtS&0&cDXGF&New&dxAC_equip/NE-dxAC-PkgAC-135to239-New-EER-10.8/instance-out.sql,106481.05,21824.96
CZ10/RtS&0&cDXGF&New&dxAC_equip/NE-dxAC-PkgAC-135to239-New-EER-11.5/instance-out.sql,105091.73,21824.96
CZ10/RtS&0&cDXGF&New&dxAC_equip/NE-dxAC-PkgAC-135to239-New-EER-12.0/instance-out.sql,104240.79,21824.96
CZ10/RtS&0&cDXGF&New&dxAC_equip/NE-dxAC-PkgAC-135to239-New-EER-12.5/instance-out.sql,103411.31,21824.96
CZ10/RtS&0&cDXGF&New&dxAC_equip/NE-dxAC-PkgAC-240to759-New-EER-9.8/instance-out.sql,107151.82,21824.96
CZ10/RtS&0&cDXGF&New&dxAC_equip/NE-dxAC-PkgAC-240to759-New-EER-10.8/instance-out.sql,105039.70,21824.96
CZ10/RtS&0&cDXGF&New&dxAC_equip/NE-dxAC-PkgAC-240to759-New-EER-11.5/instance-out.sql,103725.71,21824.96
CZ10/RtS&0&cDXGF&New&dxAC_equip/NE-dxAC-PkgAC-240to759-New-EER-12.5/instance-out.sql,102131.06,21824.96
CZ10/RtS&0&cDXGF&New&dxAC_equip/NE-dxAC-PkgAC-gt760-New-EER-9.5/instance-out.sql,106660.11,21824.96
CZ10/RtS&0&cDXGF&New&dxAC_equip/NE-dxAC-PkgAC-gt760-New-EER-10.2/instance-out.sql,105091.73,21824.96
CZ10/RtS&0&cDXGF&New&dxAC_equip/NE-dxAC-PkgAC-gt760-New-EER-11.0/instance-out.sql,103589.73,21824.96
CZ10/RtS&0&cDXGF&New&dxAC_equip/NE-dxAC-PkgAC-gt760-New-EER-12.0/instance-out.sql,101940.15,21824.96
CZ10/SCn&0&cDXGF&New&dxAC_equip/NE-dxAC-PkgAC-65to134-New-EER-11.0/instance-out.sql,2447031.13,371715.32
CZ10/SCn&0&cDXGF&New&dxAC_equip/NE-dxAC-PkgAC-65to134-New-EER-11.5/instance-out.sql,2427623.01,371715.32
CZ10/SCn&0&cDXGF&New&dxAC_equip/NE-dxAC-PkgAC-65to134-New-EER-12.0/instance-out.sql,2409808.80,371715.32
CZ10/SCn&0&cDXGF&New&dxAC_equip/NE-dxAC-PkgAC-65to134-New-EER-12.5/instance-out.sql,2393399.88,371715.32
CZ10/SCn&0&cDXGF&New&dxAC_equip/NE-dxAC-PkgAC-65to134-New-EER-13.0/instance-out.sql,2377380.07,371715.32
CZ10/SCn&0&cDXGF&New&dxAC_equip/NE-dxAC-PkgAC-135to239-New-EER-10.8/instance-out.sql,2445841.53,371715.32
CZ10/SCn&0&cDXGF&New&dxAC_equip/NE-dxAC-PkgAC-135to239-New-EER-11.5/instance-out.sql,2418006.13,371715.32
CZ10/SCn&0&cDXGF&New&dxAC_equip/NE-dxAC-PkgAC-135to239-New-EER-12.0/instance-out.sql,2400957.43,371715.32
CZ10/SCn&0&cDXGF&New&dxAC_equip/NE-dxAC-PkgAC-135to239-New-EER-12.5/instance-out.sql,2384338.54,371715.32
CZ10/SCn&0&cDXGF&New&dxAC_equip/NE-dxAC-PkgAC-240to759-New-EER-9.8/instance-out.sql,2459280.77,371715.32
CZ10/SCn&0&cDXGF&New&dxAC_equip/NE-dxAC-PkgAC-240to759-New-EER-10.8/instance-out.sql,2416963.84,371715.32
CZ10/SCn&0&cDXGF&New&dxAC_equip/NE-dxAC-PkgAC-240to759-New-EER-11.5/instance-out.sql,2390637.64,371715.32
CZ10/SCn&0&cDXGF&New&dxAC_equip/NE-dxAC-PkgAC-240to759-New-EER-12.5/instance-out.sql,2358688.40,371715.32
CZ10/SCn&0&cDXGF&New&dxAC_equip/NE-dxAC-PkgAC-gt760-New-EER-9.5/instance-out.sql,2449429.21,371715.32
CZ10/SCn&0&cDXGF&New&dxAC_equip/NE-dxAC-PkgAC-gt760-New-EER-10.2/instance-out.sql,2418006.13,371715.32
CZ10/SCn&0&cDXGF&New&dxAC_equip/NE-dxAC-PkgAC-gt760-New-EER-11.0/instance-out.sql,2387913.31,371715.32
CZ10/SCn&0&cDXGF&New&dxAC_equip/NE-dxAC-PkgAC-gt760-New-EER-12.0/instance-out.sql,2354863.52,371715.32

File Name,Unmet Heating (Hours),Unmet Cooling (Hours)
CZ09/Asm&0&cDXGF&New&dxAC_equip/NE-dxAC-PkgAC-65to134-New-EER-11.0/instance-out.sql,0.00,0.00
CZ09/Asm&0&cDXGF&New&dxAC_equip/NE-dxAC-PkgAC-65to134-New-EER-11.5/instance-out.sql,0.00,0.00
CZ09/Asm&0&cDXGF&New&dxAC_equip/NE-dxAC-PkgAC-65to134-New-EER-12.0/instance-out.sql,0.00,0.00
CZ09/Asm&0&cDXGF&New&dxAC_equip/NE-dxAC-PkgAC-65to134-New-EER-12.5/instance-out.sql,0.00,0.00
CZ09/Asm&0&cDXGF&New&dxAC_equip/NE-dxAC-PkgAC-65to134-New-EER-13.0/instance-out.sql,0.00,0.00
CZ09/Asm&0&cDXGF&New&dxAC_equip/NE-dxAC-PkgAC-135to239-New-EER-10.8/instance-out.sql,0.00,0.00
CZ09/Asm&0&cDXGF&New&dxAC_equip/NE-dxAC-PkgAC-135to239-New-EER-11.5/instance-out.sql,0.00,0.00
CZ09/Asm&0&cDXGF&New&dxAC_equip/NE-dxAC-PkgAC-135to239-New-EER-12.0/instance-out.sql,0.00,0.00
CZ09/Asm&0&cDXGF&New&dxAC_equip/NE-dxAC-PkgAC-135to239-New-EER-12.5/instance-out.sql,0.00,0.00
CZ09/Asm&0&cDXGF&New&dxAC_equip/NE-dxAC-PkgAC-240to759-New-EER-9.8/instance-out.sql,0.00,0.00
CZ09/Asm&0&cDXGF&New&dxAC_equip/NE-dxAC-PkgAC-240to759-New-EER-10.8/instance-out.sql,0.00,0.00
CZ09/Asm&0&cDXGF&New&dxAC_equip/NE-dxAC-PkgAC-240to759-New-EER-11.5/instance-out.sql,0.00,0.00
CZ09/Asm&0&cDXGF&New&dxAC_equip/NE-dxAC-PkgAC-240to759-New-EER-12.5/instance-out.sql,0.00,0.00
CZ09/Asm&0&cDXGF&New&dxAC_equip/NE-dxAC-PkgAC-gt760-New-EER-9.5/instance-out.sql,0.00,0.00
CZ09/Asm&0&cDXGF&New&dxAC_equip/NE-dxAC-PkgAC-gt760-New-EER-10.2/instance-out.sql,0.00,0.00
CZ09/Asm&0&cDXGF&New&dxAC_equip/NE-dxAC-PkgAC-gt760-New-EER-11.0/instance-out.sql,0.00,0.00
CZ09/Asm&0&cDXGF&New&dxAC_equip/NE-dxAC-PkgAC-gt760-New-EER-12.0/instance-out.sql,0.00,0.00
CZ09/ECC&0&cDXGF&New&dxAC_equip/NE-dxAC-PkgAC-65to134-New-EER-11.0/instance-out.sql,0.00,5130.00
CZ09/ECC&0&cDXGF&New&dxAC_equip/NE-dxAC-PkgAC-65to134-New-EER-11.5/instance-out.sql,0.00,5130.00
CZ09/ECC&0&cDXGF&New&dxAC_equip/NE-dxAC-PkgAC-65to134-New-EER-12.0/instance-out.sql,0.00,5130.00
CZ09/ECC&0&cDXGF&New&dxAC_equip/NE-dxAC-PkgAC-65to134-New-EER-12.5/instance-out.sql,0.00,5130.00
CZ09/ECC&0&cDXGF&New&dxAC_equip/NE-dxAC-PkgAC-65to134-New-EER-13.0/instance-out.sql,0.00,5130.00
CZ09/ECC&0&cDXGF&New&dxAC_equip/NE-dxAC-PkgAC-135to239-New-EER-10.8/instance-out.sql,0.00,5130.00
CZ09/ECC&0&cDXGF&New&dxAC_equip/NE-dxAC-PkgAC-135to239-New-EER-11.5/instance-out.sql,0.00,5130.00
CZ09/ECC&0&cDXGF&New&dxAC_equip/NE-dxAC-PkgAC-135to239-New-EER-12.0/instance-out.sql,0.00,5130.00
CZ09/ECC&0&cDXGF&New&dxAC_equip/NE-dxAC-PkgAC-135to239-New-EER-12.5/instance-out.sql,0.00,5130.00
CZ09/ECC&0&cDXGF&New&dxAC_equip/NE-dxAC-PkgAC-240to759-New-EER-9.8/instance-out.sql,0.00,5130.00
CZ09/ECC&0&cDXGF&New&dxAC_equip/NE-dxAC-PkgAC-240to759-New-EER-10.8/instance-out.sql,0.00,5130.00
CZ09/ECC&0&cDXGF&New&dxAC_equip/NE-dxAC-PkgAC-240to759-New-EER-11.5/instance-out.sql,0.00,5130.00
CZ09/ECC&0&cDXGF&New&dxAC_equip/NE-dxAC-PkgAC-240to759-New-EER-12.5/instance-out.sql,0.00,5130.00
CZ09/ECC&0&cDXGF&New&dxAC_equip/NE-dxAC-PkgAC-gt760-New-EER-9.5/instance-out.sql,0.00,5130.00
CZ09/ECC&0&cDXGF&New&dxAC_equip/NE-dxAC-PkgAC-gt760-New-EER-10.2/instance-out.sql,0.00,5130.00
CZ09/ECC&0&cDXGF&New&dxAC_equip/NE-dxAC-PkgAC-gt760-New-EER-11.0/instance-out.sql,0.00,5130.00
CZ09/ECC&0&cDXGF&New&dxAC_equip/NE-dxAC-PkgAC-gt760-New-EER-12.0/instance-out.sql,0.00,5130.00
CZ09/EPr&0&cDXGF&New&dxAC_equip/NE-dxAC-PkgAC-65to134-New-EER-11.0/instance-out.sql,0.00,0.00
CZ09/EPr&0&cDXGF&New&dxAC_equip/NE-dxAC-PkgAC-65to134-New-EER-11.5/instance-out.sql,0.00,0.00
CZ09/EPr&0&cDXGF&New&dxAC_equip/NE-dxAC-PkgAC-65to134-New-EER-12.0/instance-out.sql,0.00,0.00
CZ09/EPr&0&cDXGF&New&dxAC_equip/NE-dxAC-PkgAC-65to134-New-EER-12.5/instance-out.sql,0.00,0.00
CZ09/EPr&0&cDXGF&New&dxAC_equip/NE-dxAC-PkgAC-65to134-New-EER-13.0/instance-out.sql,0.00,0.00
CZ09/EPr&0&cDXGF&New&dxAC_equip/NE-dxAC-PkgAC-135to239-New-EER-10.8/instance-out.sql,0.00,0.00
CZ09/EPr&0&cDXGF&New&dxAC_equip/NE-dxAC-PkgAC-135to239-New-EER-11.5/instance-out.sql,0.00,0.00
CZ09/EPr&0&cDXGF&New&dxAC_equip/NE-dxAC-PkgAC-135to239-New-EER-12.0/instance-out.sql,0.00,0.00
CZ09/EPr&0&cDXGF&New&dxAC_equip/NE-dxAC-PkgAC-135to239-New-EER-12.5/instance-out.sql,0.00,0.00
CZ09/EPr&0&cDXGF&New&dxAC_equip/NE-dxAC-PkgAC-240to759-New-EER-9.8/instance-out.sql,0.00,0.00
CZ09/EPr&0&cDXGF&New&dxAC_equip/NE-dxAC-PkgAC-240to759-New-EER-10.8/instance-out.sql,0.00,0.00
CZ09/EPr&0&cDXGF&New&dxAC_equip/NE-dxAC-PkgAC-240to759-New-EER-11.5/instance-out.sql,0.00,0.00
CZ09/EPr&0&cDXGF&New&dxAC_equip/NE-dxAC-PkgAC-240to759-New-EER-12.5/instance-out.sql,0.00,0.00
CZ09/EPr&0&cDXGF&New&dxAC_equip/NE-dxAC-PkgAC-gt760-New-EER-9.5/instance-out.sql,0.00,0.00
CZ09/EPr&0&cDXGF&New&dxAC_equip/NE-dxAC-PkgAC-gt760-New-EER-10.2/instance-out.sql,0.00,0.00
CZ09/EPr&0&cDXGF&New&dxAC_equip/NE-dxAC-PkgAC-gt760-New-EER-11.0/instance-out.sql,0.00,0.00
CZ09/EPr&0&cDXGF&New&dxAC_equip/NE-dxAC-PkgAC-gt760-New-EER-12.0/instance-out.sql,0.00,0.00
CZ09/ERC&0&cDXGF&New&dxAC_equip/NE-dxAC-PkgAC-65to134-New-EER-11.0/instance-out.sql,0.00,0.00
CZ09/ERC&0&cDXGF&New&dxAC_equip/NE-dxAC-PkgAC-65to134-New-EER-11.5/instance-out.sql,0.00,0.00
CZ09/ERC&0&cDXGF&New&dxAC_equip/NE-dxAC-PkgAC-65to134-New-EER-12.0/instance-out.sql,0.00,0.00
CZ09/ERC&0&cDXGF&New&dxAC_equip/NE-dxAC-PkgAC-65to134-New-EER-12.5/instance-out.sql,0.00,0.00
CZ09/ERC&0&cDXGF&New&dxAC_equip/NE-dxAC-PkgAC-65to134-New-EER-13.0/instance-out.sql,0.00,0.00
CZ09/ERC&0&cDXGF&New&dxAC_equip/NE-dxAC-PkgAC-135to239-New-EER-10.8/instance-out.sql,0.00,0.00
CZ09/ERC&0&cDXGF&New&dxAC_equip/NE-dxAC-PkgAC-135to239-New-EER-11.5/instance-out.sql,0.00,0.00
CZ09/ERC&0&cDXGF&New&dxAC_equip/NE-dxAC-PkgAC-135to239-New-EER-12.0/instance-out.sql,0.00,0.00
CZ09/ERC&0&cDXGF&New&dxAC_equip/NE-dxAC-PkgAC-135to239-New-EER-12.5/instance-out.sql,0.00,0.00
CZ09/ERC&0&cDXGF&New&dxAC_equip/NE-dxAC-PkgAC-240to759-New-EER-9.8/instance-out.sql,0.00,0.00
CZ09/ERC&0&cDXGF&New&dxAC_equip/NE-dxAC-PkgAC-240to759-New-EER-10.8/instance-out.sql,0.00,0.00
CZ09/ERC&0&cDXGF&New&dxAC_equip/NE-dxAC-PkgAC-240to759-New-EER-11.5/instance-out.sql,0.00,0.00
CZ09/ERC&0&cDXGF&New&dxAC_equip/NE-dxAC-PkgAC-240to759-New-EER-12.5/instance-out.sql,0.00,0.00
CZ09/ERC&0&cDXGF&New&dxAC_equip/NE-dxAC-PkgAC-gt760-New-EER-9.5/instance-out.sql,0.00,0.00
CZ09/ERC&0&cDXGF&New&dxAC_equip/NE-dxAC-PkgAC-gt760-New-EER-10.2/instance-out.sql,0.00,0.00
CZ09/ERC&0&cDXGF&New&dxAC_equip/NE-dxAC-PkgAC-gt760-New-EER-11.0/instance-out.sql,0.00,0.00
CZ09/ERC&0&cDXGF&New&dxAC_equip/NE-dxAC-PkgAC-gt760-New-EER-12.0/instance-out.sql,0.00,0.00
CZ09/ESe&0&cDXGF&New&dxAC_equip/NE-dxAC-PkgAC-65to134-New-EER-11.0/instance-out.sql,0.00,0.00
CZ09/ESe&0&cDXGF&New&dxAC_equip/NE-dxAC-PkgAC-65to134-New-EER-11.5/instance-out.sql,0.00,0.00
CZ09/ESe&0&cDXGF&New&dxAC_equip/NE-dxAC-PkgAC-65to134-New-EER-12.0/instance-out.sql,0.00,0.00
CZ09/ESe&0&cDXGF&New&dxAC_equip/NE-dxAC-PkgAC-65to134-New-EER-12.5/instance-out.sql,0.00,0.00
CZ09/ESe&0&cDXGF&New&dxAC_equip/NE-dxAC-PkgAC-65to134-New-EER-13.0/instance-out.sql,0.00,0.00
CZ09/ESe&0&cDXGF&New&dxAC_equip/NE-dxAC-PkgAC-135to239-New-EER-10.8/instance-out.sql,0.00,0.00
CZ09/ESe&0&cDXGF&New&dxAC_equip/NE-dxAC-PkgAC-135to239-New-EER-11.5/instance-out.sql,0.00,0.00
CZ09/ESe&0&cDXGF&New&dxAC_equip/NE-dxAC-PkgAC-135to239-New-EER-12.0/instance-out.sql,0.00,0.00
CZ09/ESe&0&cDXGF&New&dxAC_equip/NE-dxAC-PkgAC-135to239-New-EER-12.5/instance-out.sql,0.00,0.00
CZ09/ESe&0&cDXGF&New&dxAC_equip/NE-dxAC-PkgAC-240to759-New-EER-9.8/instance-out.sql,0.00,0.00
CZ09/ESe&0&cDXGF&New&dxAC_equip/NE-dxAC-PkgAC-240to759-New-EER-10.8/instance-out.sql,0.00,0.00
CZ09/ESe&0&cDXGF&New&dxAC_equip/NE-dxAC-PkgAC-240to759-New-EER-11.5/instance-out.sql,0.00,0.00
CZ09/ESe&0&cDXGF&New&dxAC_equip/NE-dxAC-PkgAC-240to759-New-EER-12.5/instance-out.sql,0.00,0.00
CZ09/ESe&0&cDXGF&New&dxAC_equip/NE-dxAC-PkgAC-gt760-New-EER-9.5/instance-out.sql,0.00,0.00
CZ09/ESe&0&cDXGF&New&dxAC_equip/NE-dxAC-PkgAC-gt760-New-EER-10.2/instance-out.sql,0.00,0.00
CZ09/ESe&0&cDXGF&New&dxAC_equip/NE-dxAC-PkgAC-gt760-New-EER-11.0/instance-out.sql,0.00,0.00
CZ09/ESe&0&cDXGF&New&dxAC_equip/NE-dxAC-PkgAC-gt760-New-EER-12.0/instance-out.sql,0.00,0.00
CZ09/EUn&0&cDXGF&New&dxAC_equip/NE-dxAC-PkgAC-65to134-New-EER-11.0/instance-out.sql,0.00,247.00
CZ09/EUn&0&cDXGF&New&dxAC_equip/NE-dxAC-PkgAC-65to134-New-EER-11.5/instance-out.sql,0.00,247.00
CZ09/EUn&0&cDXGF&New&dxAC_equip/NE-dxAC-PkgAC-65to134-New-EER-12.0/instance-out.sql,0.00,247.00
CZ09/EUn&0&cDXGF&New&dxAC_equip/NE-dxAC-PkgAC-65to134-New-EER-12.5/instance-out.sql,0.00,247.00
CZ09/EUn&0&cDXGF&New&dxAC_equip/NE-dxAC-PkgAC-65to134-New-EER-13.0/instance-out.sql,0.00,247.00
CZ09/EUn&0&cDXGF&New&dxAC_equip/NE-dxAC-PkgAC-135to239-New-EER-10.8/instance-out.sql,0.00,247.00
CZ09/EUn&0&cDXGF&New&dxAC_equip/NE-dxAC-PkgAC-135to239-New-EER-11.5/instance-out.sql,0.00,247.00
CZ09/EUn&0&cDXGF&New&dxAC_equip/NE-dxAC-PkgAC-135to239-New-EER-12.0/instance-out.sql,0.00,247.00
CZ09/EUn&0&cDXGF&New&dxAC_equip/NE-dxAC-PkgAC-135to239-New-EER-12.5/instance-out.sql,0.00,247.00
CZ09/EUn&0&cDXGF&New&dxAC_equip/NE-dxAC-PkgAC-240to759-New-EER-9.8/instance-out.sql,0.00,247.00
CZ09/EUn&0&cDXGF&New&dxAC_equip/NE-dxAC-PkgAC-240to759-New-EER-10.8/instance-out.sql,0.00,247.00
CZ09/EUn&0&cDXGF&New&dxAC_equip/NE-dxAC-PkgAC-240to759-New-EER-11.5/instance-out.sql,0.00,247.00
CZ09/EUn&0&cDXGF&New&dxAC_equip/NE-dxAC-PkgAC-240to759-New-EER-12.5/instance-out.sql,0.00,247.00
CZ09/EUn&0&cDXGF&New&dxAC_equip/NE-dxAC-PkgAC-gt760-New-EER-9.5/instance-out.sql,0.00,247.00
CZ09/EUn&0&cDXGF&New&dxAC_equip/NE-dxAC-PkgAC-gt760-New-EER-10.2/instance-out.sql,0.00,247.00
CZ09/EUn&0&cDXGF&New&dxAC_equip/NE-dxAC-PkgAC-gt760-New-EER-11.0/instance-out.sql,0.00,247.00
CZ09/EUn&0&cDXGF&New&dxAC_equip/NE-dxAC-PkgAC-gt760-New-EER-12.0/instance-out.sql,0.00,247.00
CZ09/Gro&0&cDXGF&New&dxAC_equip/NE-dxAC-PkgAC-65to134-New-EER-11.0/instance-out.sql,0.00,0.00
CZ09/Gro&0&cDXGF&New&dxAC_equip/NE-dxAC-PkgAC-65to134-New-EER-11.5/instance-out.sql,0.00,0.00
CZ09/Gro&0&cDXGF&New&dxAC_equip/NE-dxAC-PkgAC-65to134-New-EER-12.0/instance-out.sql,0.00,0.00
CZ09/Gro&0&cDXGF&New&dxAC_equip/NE-dxAC-PkgAC-65to134-New-EER-12.5/instance-out.sql,0.00,0.00
CZ09/Gro&0&cDXGF&New&dxAC_equip/NE-dxAC-PkgAC-65to134-New-EER-13.0/instance-out.sql,0.00,0.00
CZ09/Gro&0&cDXGF&New&dxAC_equip/NE-dxAC-PkgAC-135to239-New-EER-10.8/instance-out.sql,0.00,0.00
CZ09/Gro&0&cDXGF&New&dxAC_equip/NE-dxAC-PkgAC-135to239-New-EER-11.5/instance-out.sql,0.00,0.00
CZ09/Gro&0&cDXGF&New&dxAC_equip/NE-dxAC-PkgAC-135to239-New-EER-12.0/instance-out.sql,0.00,0.00
CZ09/Gro&0&cDXGF&New&dxAC_equip/NE-dxAC-PkgAC-135to239-New-EER-12.5/instance-out.sql,0.00,0.00
CZ09/Gro&0&cDXGF&New&dxAC_equip/NE-dxAC-PkgAC-240to759-New-EER-9.8/instance-out.sql,0.00,0.00
CZ09/Gro&0&cDXGF&New&dxAC_equip/NE-dxAC-PkgAC-240to759-New-EER-10.8/instance-out.sql,0.00,0.00
CZ09/Gro&0&cDXGF&New&dxAC_equip/NE-dxAC-PkgAC-240to759-New-EER-11.5/instance-out.sql,0.00,0.00
CZ09/Gro&0&cDXGF&New&dxAC_equip/NE-dxAC-PkgAC-240to759-New-EER-12.5/instance-out.sql,0.00,0.00
CZ09/Gro&0&cDXGF&New&dxAC_equip/NE-dxAC-PkgAC-gt760-New-EER-9.5/instance-out.sql,0.00,0.00
CZ09/Gro&0&cDXGF&New&dxAC_equip/NE-dxAC-PkgAC-gt760-New-EER-10.2/instance-out.sql,0.00,0.00
CZ09/Gro&0&cDXGF&New&dxAC_equip/NE-dxAC-PkgAC-gt760-New-EER-11.0/instance-out.sql,0.00,0.00
CZ09/Gro&0&cDXGF&New&dxAC_equip/NE-dxAC-PkgAC-gt760-New-EER-12.0/instance-out.sql,0.00,0.00
CZ09/Hsp&0&cDXGF&New&dxAC_equip/NE-dxAC-PkgAC-65to134-New-EER-11.0/instance-out.sql,0.00,246.00
CZ09/Hsp&0&cDXGF&New&dxAC_equip/NE-dxAC-PkgAC-65to134-New-EER-11.5/instance-out.sql,0.00,246.00
CZ09/Hsp&0&cDXGF&New&dxAC_equip/NE-dxAC-PkgAC-65to134-New-EER-12.0/instance-out.sql,0.00,246.00
CZ09/Hsp&0&cDXGF&New&dxAC_equip/NE-dxAC-PkgAC-65to134-New-EER-12.5/instance-out.sql,0.00,246.00
CZ09/Hsp&0&cDXGF&New&dxAC_equip/NE-dxAC-PkgAC-65to134-New-EER-13.0/instance-out.sql,0.00,246.00
CZ09/Hsp&0&cDXGF&New&dxAC_equip/NE-dxAC-PkgAC-135to239-New-EER-10.8/instance-out.sql,0.00,246.00
CZ09/Hsp&0&cDXGF&New&dxAC_equip/NE-dxAC-PkgAC-135to239-New-EER-11.5/instance-out.sql,0.00,246.00
CZ09/Hsp&0&cDXGF&New&dxAC_equip/NE-dxAC-PkgAC-135to239-New-EER-12.0/instance-out.sql,0.00,246.00
CZ09/Hsp&0&cDXGF&New&dxAC_equip/NE-dxAC-PkgAC-135to239-New-EER-12.5/instance-out.sql,0.00,246.00
CZ09/Hsp&0&cDXGF&New&dxAC_equip/NE-dxAC-PkgAC-240to759-New-EER-9.8/instance-out.sql,0.00,246.00
CZ09/Hsp&0&cDXGF&New&dxAC_equip/NE-dxAC-PkgAC-240to759-New-EER-10.8/instance-out.sql,0.00,246.00
CZ09/Hsp&0&cDXGF&New&dxAC_equip/NE-dxAC-PkgAC-240to759-New-EER-11.5/instance-out.sql,0.00,246.00
CZ09/Hsp&0&cDXGF&New&dxAC_equip/NE-dxAC-PkgAC-240to759-New-EER-12.5/instance-out.sql,0.00,246.00
CZ09/Hsp&0&cDXGF&New&dxAC_equip/NE-dxAC-PkgAC-gt760-New-EER-9.5/instance-out.sql,0.00,246.00
CZ09/Hsp&0&cDXGF&New&dxAC_equip/NE-dxAC-PkgAC-gt760-New-EER-10.2/instance-out.sql,0.00,246.00
CZ09/Hsp&0&cDXGF&New&dxAC_equip/NE-dxAC-PkgAC-gt760-New-EER-11.0/instance-out.sql,0.00,246.00
CZ09/Hsp&0&cDXGF&New&dxAC_equip/NE-dxAC-PkgAC-gt760-New-EER-12.0/instance-out.sql,0.00,246.00
CZ09/MBT&0&cDXGF&New&dxAC_equip/NE-dxAC-PkgAC-65to134-New-EER-11.0/instance-out.sql,0.00,49.00
CZ09/MBT&0&cDXGF&New&dxAC_equip/NE-dxAC-PkgAC-65to134-New-EER-11.5/instance-out.sql,0.00,49.00
CZ09/MBT&0&cDXGF&New&dxAC_equip/NE-dxAC-PkgAC-65to134-New-EER-12.0/instance-out.sql,0.00,49.00
CZ09/MBT&0&cDXGF&New&dxAC_equip/NE-dxAC-PkgAC-65to134-New-EER-12.5/instance-out.sql,0.00,49.00
CZ09/MBT&0&cDXGF&New&dxAC_equip/NE-dxAC-PkgAC-65to134-New-EER-13.0/instance-out.sql,0.00,49.00
CZ09/MBT&0&cDXGF&New&dxAC_equip/NE-dxAC-PkgAC-135to239-New-EER-10.8/instance-out.sql,0.00,49.00
CZ09/MBT&0&cDXGF&New&dxAC_equip/NE-dxAC-PkgAC-135to239-New-EER-11.5/instance-out.sql,0.00,49.00
CZ09/MBT&0&cDXGF&New&dxAC_equip/NE-dxAC-PkgAC-135to239-New-EER-12.0/instance-out.sql,0.00,49.00
CZ09/MBT&0&cDXGF&New&dxAC_equip/NE-dxAC-PkgAC-135to239-New-EER-12.5/instance-out.sql,0.00,49.00
CZ09/MBT&0&cDXGF&New&dxAC_equip/NE-dxAC-PkgAC-240to759-New-EER-9.8/instance-out.sql,0.00,49.00
CZ09/MBT&0&cDXGF&New&dxAC_equip/NE-dxAC-PkgAC-240to759-New-EER-10.8/instance-out.sql,0.00,49.00
CZ09/MBT&0&cDXGF&New&dxAC_equip/NE-dxAC-PkgAC-240to759-New-EER-11.5/instance-out.sql,0.00,49.00
CZ09/MBT&0&cDXGF&New&dxAC_equip/NE-dxAC-PkgAC-240to759-New-EER-12.5/instance-out.sql,0.00,49.00
CZ09/MBT&0&cDXGF&New&dxAC_equip/NE-dxAC-PkgAC-gt760-New-EER-9.5/instance-out.sql,0.00,49.00
CZ09/MBT&0&cDXGF&New&dxAC_equip/NE-dxAC-PkgAC-gt760-New-EER-10.2/instance-out.sql,0.00,49.00
CZ09/MBT&0&cDXGF&New&dxAC_equip/NE-dxAC-PkgAC-gt760-New-EER-11.0/instance-out.sql,0.00,49.00
CZ09/MBT&0&cDXGF&New&dxAC_equip/NE-dxAC-PkgAC-gt760-New-EER-12.0/instance-out.sql,0.00,49.00
CZ09/MLI&0&cDXGF&New&dxAC_equip/NE-dxAC-PkgAC-65to134-New-EER-11.0/instance-out.sql,0.00,0.00
CZ09/MLI&0&cDXGF&New&dxAC_equip/NE-dxAC-PkgAC-65to134-New-EER-11.5/instance-out.sql,0.00,0.00
CZ09/MLI&0&cDXGF&New&dxAC_equip/NE-dxAC-PkgAC-65to134-New-EER-12.0/instance-out.sql,0.00,0.00
CZ09/MLI&0&cDXGF&New&dxAC_equip/NE-dxAC-PkgAC-65to134-New-EER-12.5/instance-out.sql,0.00,0.00
CZ09/MLI&0&cDXGF&New&dxAC_equip/NE-dxAC-PkgAC-65to134-New-EER-13.0/instance-out.sql,0.00,0.00
CZ09/MLI&0&cDXGF&New&dxAC_equip/NE-dxAC-PkgAC-135to239-New-EER-10.8/instance-out.sql,0.00,0.00
CZ09/MLI&0&cDXGF&New&dxAC_equip/NE-dxAC-PkgAC-135to239-New-EER-11.5/instance-out.sql,0.00,0.00
CZ09/MLI&0&cDXGF&New&dxAC_equip/NE-dxAC-PkgAC-135to239-New-EER-12.0/instance-out.sql,0.00,0.00
CZ09/MLI&0&cDXGF&New&dxAC_equip/NE-dxAC-PkgAC-135to239-New-EER-12.5/instance-out.sql,0.00,0.00
CZ09/MLI&0&cDXGF&New&dxAC_equip/NE-dxAC-PkgAC-240to759-New-EER-9.8/instance-out.sql,0.00,0.00
CZ09/MLI&0&cDXGF&New&dxAC_equip/NE-dxAC-PkgAC-240to759-New-EER-10.8/instance-out.sql,0.00,0.00
CZ09/MLI&0&cDXGF&New&dxAC_equip/NE-dxAC-PkgAC-240to759-New-EER-11.5/instance-out.sql,0.00,0.00
CZ09/MLI&0&cDXGF&New&dxAC_equip/NE-dxAC-PkgAC-240to759-New-EER-12.5/instance-out.sql,0.00,0.00
CZ09/MLI&0&cDXGF&New&dxAC_equip/NE-dxAC-PkgAC-gt760-New-EER-9.5/instance-out.sql,0.00,0.00
CZ09/MLI&0&cDXGF&New&dxAC_equip/NE-dxAC-PkgAC-gt760-New-EER-10.2/instance-out.sql,0.00,0.00
CZ09/MLI&0&cDXGF&New&dxAC_equip/NE-dxAC-PkgAC-gt760-New-EER-11.0/instance-out.sql,0.00,0.00
CZ09/MLI&0&cDXGF&New&dxAC_equip/NE-dxAC-PkgAC-gt760-New-EER-12.0/instance-out.sql,0.00,0.00
CZ09/Mtl&0&cDXGF&New&dxAC_equip/NE-dxAC-PkgAC-65to134-New-EER-11.0/instance-out.sql,0.00,250.00
CZ09/Mtl&0&cDXGF&New&dxAC_equip/NE-dxAC-PkgAC-65to134-New-EER-11.5/instance-out.sql,0.00,250.00
CZ09/Mtl&0&cDXGF&New&dxAC_equip/NE-dxAC-PkgAC-65to134-New-EER-12.0/instance-out.sql,0.00,250.00
CZ09/Mtl&0&cDXGF&New&dxAC_equip/NE-dxAC-PkgAC-65to134-New-EER-12.5/instance-out.sql,0.00,250.00
CZ09/Mtl&0&cDXGF&New&dxAC_equip/NE-dxAC-PkgAC-65to134-New-EER-13.0/instance-out.sql,0.00,250.00
CZ09/Mtl&0&cDXGF&New&dxAC_equip/NE-dxAC-PkgAC-135to239-New-EER-10.8/instance-out.sql,0.00,250.00
CZ09/Mtl&0&cDXGF&New&dxAC_equip/NE-dxAC-PkgAC-135to239-New-EER-11.5/instance-out.sql,0.00,250.00
CZ09/Mtl&0&cDXGF&New&dxAC_equip/NE-dxAC-PkgAC-135to239-New-EER-12.0/instance-out.sql,0.00,250.00
CZ09/Mtl&0&cDXGF&New&dxAC_equip/NE-dxAC-PkgAC-135to239-New-EER-12.5/instance-out.sql,0.00,250.00
CZ09/Mtl&0&cDXGF&New&dxAC_equip/NE-dxAC-PkgAC-240to759-New-EER-9.8/instance-out.sql,0.00,250.00
CZ09/Mtl&0&cDXGF&New&dxAC_equip/NE-dxAC-PkgAC-240to759-New-EER-10.8/instance-out.sql,0.00,250.00
CZ09/Mtl&0&cDXGF&New&dxAC_equip/NE-dxAC-PkgAC-240to759-New-EER-11.5/instance-out.sql,0.00,250.00
CZ09/Mtl&0&cDXGF&New&dxAC_equip/NE-dxAC-PkgAC-240to759-New-EER-12.5/instance-out.sql,0.00,250.00
CZ09/Mtl&0&cDXGF&New&dxAC_equip/NE-dxAC-PkgAC-gt760-New-EER-9.5/instance-out.sql,0.00,250.00
CZ09/Mtl&0&cDXGF&New&dxAC_equip/NE-dxAC-PkgAC-gt760-New-EER-10.2/instance-out.sql,0.00,250.00
CZ09/Mtl&0&cDXGF&New&dxAC_equip/NE-dxAC-PkgAC-gt760-New-EER-11.0/instance-out.sql,0.00,250.00
CZ09/Mtl&0&cDXGF&New&dxAC_equip/NE-dxAC-PkgAC-gt760-New-EER-12.0/instance-out.sql,0.00,250.00
CZ09/Nrs&0&cDXGF&New&dxAC_equip/NE-dxAC-PkgAC-65to134-New-EER-11.0/instance-out.sql,0.00,0.00
CZ09/Nrs&0&cDXGF&New&dxAC_equip/NE-dxAC-PkgAC-65to134-New-EER-11.5/instance-out.sql,0.00,0.00
CZ09/Nrs&0&cDXGF&New&dxAC_equip/NE-dxAC-PkgAC-65to134-New-EER-12.0/instance-out.sql,0.00,0.00
CZ09/Nrs&0&cDXGF&New&dxAC_equip/NE-dxAC-PkgAC-65to134-New-EER-12.5/instance-out.sql,0.00,0.00
CZ09/Nrs&0&cDXGF&New&dxAC_equip/NE-dxAC-PkgAC-65to134-New-EER-13.0/instance-out.sql,0.00,0.00
CZ09/Nrs&0&cDXGF&New&dxAC_equip/NE-dxAC-PkgAC-135to239-New-EER-10.8/instance-out.sql,0.00,0.00
CZ09/Nrs&0&cDXGF&New&dxAC_equip/NE-dxAC-PkgAC-135to239-New-EER-11.5/instance-out.sql,0.00,0.00
CZ09/Nrs&0&cDXGF&New&dxAC_equip/NE-dxAC-PkgAC-135to239-New-EER-12.0/instance-out.sql,0.00,0.00
CZ09/Nrs&0&cDXGF&New&dxAC_equip/NE-dxAC-PkgAC-135to239-New-EER-12.5/instance-out.sql,0.00,0.00
CZ09/Nrs&0&cDXGF&New&dxAC_equip/NE-dxAC-PkgAC-240to759-New-EER-9.8/instance-out.sql,0.00,0.00
CZ09/Nrs&0&cDXGF&New&dxAC_equip/NE-dxAC-PkgAC-240to759-New-EER-10.8/instance-out.sql,0.00,0.00
CZ09/Nrs&0&cDXGF&New&dxAC_equip/NE-dxAC-PkgAC-240to759-New-EER-11.5/instance-out.sql,0.00,0.00
CZ09/Nrs&0&cDXGF&New&dxAC_equip/NE-dxAC-PkgAC-240to759-New-EER-12.5/instance-out.sql,0.00,0.00
CZ09/Nrs&0&cDXGF&New&dxAC_equip/NE-dxAC-PkgAC-gt760-New-EER-9.5/instance-out.sql,0.00,0.00
CZ09/Nrs&0&cDXGF&New&dxAC_equip/NE-dxAC-PkgAC-gt760-New-EER-10.2/instance-out.sql,0.00,0.00
CZ09/Nrs&0&cDXGF&New&dxAC_equip/NE-dxAC-PkgAC-gt760-New-EER-11.0/instance-out.sql,0.00,0.00
CZ09/Nrs&0&cDXGF&New&dxAC_equip/NE-dxAC-PkgAC-gt760-New-EER-12.0/instance-out.sql,0.00,0.00
CZ09/OfL&0&cDXGF&New&dxAC_equip/NE-dxAC-PkgAC-65to134-New-EER-11.0/instance-out.sql,0.00,197.00
CZ09/OfL&0&cDXGF&New&dxAC_equip/NE-dxAC-PkgAC-65to134-New-EER-11.5/instance-out.sql,0.00,197.00
CZ09/OfL&0&cDXGF&New&dxAC_equip/NE-dxAC-PkgAC-65to134-New-EER-12.0/instance-out.sql,0.00,197.00
CZ09/OfL&0&cDXGF&New&dxAC_equip/NE-dxAC-PkgAC-65to134-New-EER-12.5/instance-out.sql,0.00,197.00
CZ09/OfL&0&cDXGF&New&dxAC_equip/NE-dxAC-PkgAC-65to134-New-EER-13.0/instance-out.sql,0.00,197.00
CZ09/OfL&0&cDXGF&New&dxAC_equip/NE-dxAC-PkgAC-135to239-New-EER-10.8/instance-out.sql,0.00,197.00
CZ09/OfL&0&cDXGF&New&dxAC_equip/NE-dxAC-PkgAC-135to239-New-EER-11.5/instance-out.sql,0.00,197.00
CZ09/OfL&0&cDXGF&New&dxAC_equip/NE-dxAC-PkgAC-135to239-New-EER-12.0/instance-out.sql,0.00,197.00
CZ09/OfL&0&cDXGF&New&dxAC_equip/NE-dxAC-PkgAC-135to239-New-EER-12.5/instance-out.sql,0.00,197.00
CZ09/OfL&0&cDXGF&New&dxAC_equip/NE-dxAC-PkgAC-240to759-New-EER-9.8/instance-out.sql,0.00,197.00
CZ09/OfL&0&cDXGF&New&dxAC_equip/NE-dxAC-PkgAC-240to759-New-EER-10.8/instance-out.sql,0.00,197.00
CZ09/OfL&0&cDXGF&New&dxAC_equip/NE-dxAC-PkgAC-240to759-New-EER-11.5/instance-out.sql,0.00,197.00
CZ09/OfL&0&cDXGF&New&dxAC_equip/NE-dxAC-PkgAC-240to759-New-EER-12.5/instance-out.sql,0.00,197.00
CZ09/OfL&0&cDXGF&New&dxAC_equip/NE-dxAC-PkgAC-gt760-New-EER-9.5/instance-out.sql,0.00,197.00
CZ09/OfL&0&cDXGF&New&dxAC_equip/NE-dxAC-PkgAC-gt760-New-EER-10.2/instance-out.sql,0.00,197.00
CZ09/OfL&0&cDXGF&New&dxAC_equip/NE-dxAC-PkgAC-gt760-New-EER-11.0/instance-out.sql,0.00,197.00
CZ09/OfL&0&cDXGF&New&dxAC_equip/NE-dxAC-PkgAC-gt760-New-EER-12.0/instance-out.sql,0.00,197.00
CZ09/OfS&0&cDXGF&New&dxAC_equip/NE-dxAC-PkgAC-65to134-New-EER-11.0/instance-out.sql,0.00,85.00
CZ09/OfS&0&cDXGF&New&dxAC_equip/NE-dxAC-PkgAC-65to134-New-EER-11.5/instance-out.sql,0.00,85.00
CZ09/OfS&0&cDXGF&New&dxAC_equip/NE-dxAC-PkgAC-65to134-New-EER-12.0/instance-out.sql,0.00,85.00
CZ09/OfS&0&cDXGF&New&dxAC_equip/NE-dxAC-PkgAC-65to134-New-EER-12.5/instance-out.sql,0.00,85.00
CZ09/OfS&0&cDXGF&New&dxAC_equip/NE-dxAC-PkgAC-65to134-New-EER-13.0/instance-out.sql,0.00,85.00
CZ09/OfS&0&cDXGF&New&dxAC_equip/NE-dxAC-PkgAC-135to239-New-EER-10.8/instance-out.sql,0.00,85.00
CZ09/OfS&0&cDXGF&New&dxAC_equip/NE-dxAC-PkgAC-135to239-New-EER-11.5/instance-out.sql,0.00,85.00
CZ09/OfS&0&cDXGF&New&dxAC_equip/NE-dxAC-PkgAC-135to239-New-EER-12.0/instance-out.sql,0.00,85.00
CZ09/OfS&0&cDXGF&New&dxAC_equip/NE-dxAC-PkgAC-135to239-New-EER-12.5/instance-out.sql,0.00,85.00
CZ09/OfS&0&cDXGF&New&dxAC_equip/NE-dxAC-PkgAC-240to759-New-EER-9.8/instance-out.sql,0.00,85.00
CZ09/OfS&0&cDXGF&New&dxAC_equip/NE-dxAC-PkgAC-240to759-New-EER-10.8/instance-out.sql,0.00,85.00
CZ09/OfS&0&cDXGF&New&dxAC_equip/NE-dxAC-PkgAC-240to759-New-EER-11.5/instance-out.sql,0.00,85.00
CZ09/OfS&0&cDXGF&New&dxAC_equip/NE-dxAC-PkgAC-240to759-New-EER-12.5/instance-out.sql,0.00,85.00
CZ09/OfS&0&cDXGF&New&dxAC_equip/NE-dxAC-PkgAC-gt760-New-EER-9.5/instance-out.sql,0.00,85.00
CZ09/OfS&0&cDXGF&New&dxAC_equip/NE-dxAC-PkgAC-gt760-New-EER-10.2/instance-out.sql,0.00,85.00
CZ09/OfS&0&cDXGF&New&dxAC_equip/NE-dxAC-PkgAC-gt760-New-EER-11.0/instance-out.sql,0.00,85.00
CZ09/OfS&0&cDXGF&New&dxAC_equip/NE-dxAC-PkgAC-gt760-New-EER-12.0/instance-out.sql,0.00,85.00
CZ09/RFF&0&cDXGF&New&dxAC_equip/NE-dxAC-PkgAC-65to134-New-EER-11.0/instance-out.sql,0.00,0.00
CZ09/RFF&0&cDXGF&New&dxAC_equip/NE-dxAC-PkgAC-65to134-New-EER-11.5/instance-out.sql,0.00,0.00
CZ09/RFF&0&cDXGF&New&dxAC_equip/NE-dxAC-PkgAC-65to134-New-EER-12.0/instance-out.sql,0.00,0.00
CZ09/RFF&0&cDXGF&New&dxAC_equip/NE-dxAC-PkgAC-65to134-New-EER-12.5/instance-out.sql,0.00,0.00
CZ09/RFF&0&cDXGF&New&dxAC_equip/NE-dxAC-PkgAC-65to134-New-EER-13.0/instance-out.sql,0.00,0.00
CZ09/RFF&0&cDXGF&New&dxAC_equip/NE-dxAC-PkgAC-135to239-New-EER-10.8/instance-out.sql,0.00,0.00
CZ09/RFF&0&cDXGF&New&dxAC_equip/NE-dxAC-PkgAC-135to239-New-EER-11.5/instance-out.sql,0.00,0.00
CZ09/RFF&0&cDXGF&New&dxAC_equip/NE-dxAC-PkgAC-135to239-New-EER-12.0/instance-out.sql,0.00,0.00
CZ09/RFF&0&cDXGF&New&dxAC_equip/NE-dxAC-PkgAC-135to239-New-EER-12.5/instance-out.sql,0.00,0.00
CZ09/RFF&0&cDXGF&New&dxAC_equip/NE-dxAC-PkgAC-240to759-New-EER-9.8/instance-out.sql,0.00,0.00
CZ09/RFF&0&cDXGF&New&dxAC_equip/NE-dxAC-PkgAC-240to759-New-EER-10.8/instance-out.sql,0.00,0.00
CZ09/RFF&0&cDXGF&New&dxAC_equip/NE-dxAC-PkgAC-240to759-New-EER-11.5/instance-out.sql,0.00,0.00
CZ09/RFF&0&cDXGF&New&dxAC_equip/NE-dxAC-PkgAC-240to759-New-EER-12.5/instance-out.sql,0.00,0.00
CZ09/RFF&0&cDXGF&New&dxAC_equip/NE-dxAC-PkgAC-gt760-New-EER-9.5/instance-out.sql,0.00,0.00
CZ09/RFF&0&cDXGF&New&dxAC_equip/NE-dxAC-PkgAC-gt760-New-EER-10.2/instance-out.sql,0.00,0.00
CZ09/RFF&0&cDXGF&New&dxAC_equip/NE-dxAC-PkgAC-gt760-New-EER-11.0/instance-out.sql,0.00,0.00
CZ09/RFF&0&cDXGF&New&dxAC_equip/NE-dxAC-PkgAC-gt760-New-EER-12.0/instance-out.sql,0.00,0.00
CZ09/RSD&0&cDXGF&New&dxAC_equip/NE-dxAC-PkgAC-65to134-New-EER-11.0/instance-out.sql,0.00,0.00
CZ09/RSD&0&cDXGF&New&dxAC_equip/NE-dxAC-PkgAC-65to134-New-EER-11.5/instance-out.sql,0.00,0.00
CZ09/RSD&0&cDXGF&New&dxAC_equip/NE-dxAC-PkgAC-65to134-New-EER-12.0/instance-out.sql,0.00,0.00
CZ09/RSD&0&cDXGF&New&dxAC_equip/NE-dxAC-PkgAC-65to134-New-EER-12.5/instance-out.sql,0.00,0.00
CZ09/RSD&0&cDXGF&New&dxAC_equip/NE-dxAC-PkgAC-65to134-New-EER-13.0/instance-out.sql,0.00,0.00
CZ09/RSD&0&cDXGF&New&dxAC_equip/NE-dxAC-PkgAC-135to239-New-EER-10.8/instance-out.sql,0.00,0.00
CZ09/RSD&0&cDXGF&New&dxAC_equip/NE-dxAC-PkgAC-135to239-New-EER-11.5/instance-out.sql,0.00,0.00
CZ09/RSD&0&cDXGF&New&dxAC_equip/NE-dxAC-PkgAC-135to239-New-EER-12.0/instance-out.sql,0.00,0.00
CZ09/RSD&0&cDXGF&New&dxAC_equip/NE-dxAC-PkgAC-135to239-New-EER-12.5/instance-out.sql,0.00,0.00
CZ09/RSD&0&cDXGF&New&dxAC_equip/NE-dxAC-PkgAC-240to759-New-EER-9.8/instance-out.sql,0.00,0.00
CZ09/RSD&0&cDXGF&New&dxAC_equip/NE-dxAC-PkgAC-240to759-New-EER-10.8/instance-out.sql,0.00,0.00
CZ09/RSD&0&cDXGF&New&dxAC_equip/NE-dxAC-PkgAC-240to759-New-EER-11.5/instance-out.sql,0.00,0.00
CZ09/RSD&0&cDXGF&New&dxAC_equip/NE-dxAC-PkgAC-240to759-New-EER-12.5/instance-out.sql,0.00,0.00
CZ09/RSD&0&cDXGF&New&dxAC_equip/NE-dxAC-PkgAC-gt760-New-EER-9.5/instance-out.sql,0.00,0.00
CZ09/RSD&0&cDXGF&New&dxAC_equip/NE-dxAC-PkgAC-gt760-New-EER-10.2/instance-out.sql,0.00,0.00
CZ09/RSD&0&cDXGF&New&dxAC_equip/NE-dxAC-PkgAC-gt760-New-EER-11.0/instance-out.sql,0.00,0.00
CZ09/RSD&0&cDXGF&New&dxAC_equip/NE-dxAC-PkgAC-gt760-New-EER-12.0/instance-out.sql,0.00,0.00
CZ09/Rt3&0&cDXGF&New&dxAC_equip/NE-dxAC-PkgAC-65to134-New-EER-11.0/instance-out.sql,0.00,4.00
CZ09/Rt3&0&cDXGF&New&dxAC_equip/NE-dxAC-PkgAC-65to134-New-EER-11.5/instance-out.sql,0.00,4.00
CZ09/Rt3&0&cDXGF&New&dxAC_equip/NE-dxAC-PkgAC-65to134-New-EER-12.0/instance-out.sql,0.00,4.00
CZ09/Rt3&0&cDXGF&New&dxAC_equip/NE-dxAC-PkgAC-65to134-New-EER-12.5/instance-out.sql,0.00,4.00
CZ09/Rt3&0&cDXGF&New&dxAC_equip/NE-dxAC-PkgAC-65to134-New-EER-13.0/instance-out.sql,0.00,4.00
CZ09/Rt3&0&cDXGF&New&dxAC_equip/NE-dxAC-PkgAC-135to239-New-EER-10.8/instance-out.sql,0.00,4.00
CZ09/Rt3&0&cDXGF&New&dxAC_equip/NE-dxAC-PkgAC-135to239-New-EER-11.5/instance-out.sql,0.00,4.00
CZ09/Rt3&0&cDXGF&New&dxAC_equip/NE-dxAC-PkgAC-135to239-New-EER-12.0/instance-out.sql,0.00,4.00
CZ09/Rt3&0&cDXGF&New&dxAC_equip/NE-dxAC-PkgAC-135to239-New-EER-12.5/instance-out.sql,0.00,4.00
CZ09/Rt3&0&cDXGF&New&dxAC_equip/NE-dxAC-PkgAC-240to759-New-EER-9.8/instance-out.sql,0.00,4.00
CZ09/Rt3&0&cDXGF&New&dxAC_equip/NE-dxAC-PkgAC-240to759-New-EER-10.8/instance-out.sql,0.00,4.00
CZ09/Rt3&0&cDXGF&New&dxAC_equip/NE-dxAC-PkgAC-240to759-New-EER-11.5/instance-out.sql,0.00,4.00
CZ09/Rt3&0&cDXGF&New&dxAC_equip/NE-dxAC-PkgAC-240to759-New-EER-12.5/instance-out.sql,0.00,4.00
CZ09/Rt3&0&cDXGF&New&dxAC_equip/NE-dxAC-PkgAC-gt760-New-EER-9.5/instance-out.sql,0.00,4.00
CZ09/Rt3&0&cDXGF&New&dxAC_equip/NE-dxAC-PkgAC-gt760-New-EER-10.2/instance-out.sql,0.00,4.00
CZ09/Rt3&0&cDXGF&New&dxAC_equip/NE-dxAC-PkgAC-gt760-New-EER-11.0/instance-out.sql,0.00,4.00
CZ09/Rt3&0&cDXGF&New&dxAC_equip/NE-dxAC-PkgAC-gt760-New-EER-12.0/instance-out.sql,0.00,4.00
CZ09/RtL&0&cDXGF&New&dxAC_equip/NE-dxAC-PkgAC-65to134-New-EER-11.0/instance-out.sql,0.00,0.00
CZ09/RtL&0&cDXGF&New&dxAC_equip/NE-dxAC-PkgAC-65to134-New-EER-11.5/instance-out.sql,0.00,0.00
CZ09/RtL&0&cDXGF&New&dxAC_equip/NE-dxAC-PkgAC-65to134-New-EER-12.0/instance-out.sql,0.00,0.00
CZ09/RtL&0&cDXGF&New&dxAC_equip/NE-dxAC-PkgAC-65to134-New-EER-12.5/instance-out.sql,0.00,0.00
CZ09/RtL&0&cDXGF&New&dxAC_equip/NE-dxAC-PkgAC-65to134-New-EER-13.0/instance-out.sql,0.00,0.00
CZ09/RtL&0&cDXGF&New&dxAC_equip/NE-dxAC-PkgAC-135to239-New-EER-10.8/instance-out.sql,0.00,0.00
CZ09/RtL&0&cDXGF&New&dxAC_equip/NE-dxAC-PkgAC-135to239-New-EER-11.5/instance-out.sql,0.00,0.00
CZ09/RtL&0&cDXGF&New&dxAC_equip/NE-dxAC-PkgAC-135to239-New-EER-12.0/instance-out.sql,0.00,0.00
CZ09/RtL&0&cDXGF&New&dxAC_equip/NE-dxAC-PkgAC-135to239-New-EER-12.5/instance-out.sql,0.00,0.00
CZ09/RtL&0&cDXGF&New&dxAC_equip/NE-dxAC-PkgAC-240to759-New-EER-9.8/instance-out.sql,0.00,0.00
CZ09/RtL&0&cDXGF&New&dxAC_equip/NE-dxAC-PkgAC-240to759-New-EER-10.8/instance-out.sql,0.00,0.00
CZ09/RtL&0&cDXGF&New&dxAC_equip/NE-dxAC-PkgAC-240to759-New-EER-11.5/instance-out.sql,0.00,0.00
CZ09/RtL&0&cDXGF&New&dxAC_equip/NE-dxAC-PkgAC-240to759-New-EER-12.5/instance-out.sql,0.00,0.00
CZ09/RtL&0&cDXGF&New&dxAC_equip/NE-dxAC-PkgAC-gt760-New-EER-9.5/instance-out.sql,0.00,0.00
CZ09/RtL&0&cDXGF&New&dxAC_equip/NE-dxAC-PkgAC-gt760-New-EER-10.2/instance-out.sql,0.00,0.00
CZ09/RtL&0&cDXGF&New&dxAC_equip/NE-dxAC-PkgAC-gt760-New-EER-11.0/instance-out.sql,0.00,0.00
CZ09/RtL&0&cDXGF&New&dxAC_equip/NE-dxAC-PkgAC-gt760-New-EER-12.0/instance-out.sql,0.00,0.00
CZ09/RtS&0&cDXGF&New&dxAC_equip/NE-dxAC-PkgAC-65to134-New-EER-11.0/instance-out.sql,0.00,0.00
CZ09/RtS&0&cDXGF&New&dxAC_equip/NE-dxAC-PkgAC-65to134-New-EER-11.5/instance-out.sql,0.00,0.00
CZ09/RtS&0&cDXGF&New&dxAC_equip/NE-dxAC-PkgAC-65to134-New-EER-12.0/instance-out.sql,0.00,0.00
CZ09/RtS&0&cDXGF&New&dxAC_equip/NE-dxAC-PkgAC-65to134-New-EER-12.5/instance-out.sql,0.00,0.00
CZ09/RtS&0&cDXGF&New&dxAC_equip/NE-dxAC-PkgAC-65to134-New-EER-13.0/instance-out.sql,0.00,0.00
CZ09/RtS&0&cDXGF&New&dxAC_equip/NE-dxAC-PkgAC-135to239-New-EER-10.8/instance-out.sql,0.00,0.00
CZ09/RtS&0&cDXGF&New&dxAC_equip/NE-dxAC-PkgAC-135to239-New-EER-11.5/instance-out.sql,0.00,0.00
CZ09/RtS&0&cDXGF&New&dxAC_equip/NE-dxAC-PkgAC-135to239-New-EER-12.0/instance-out.sql,0.00,0.00
CZ09/RtS&0&cDXGF&New&dxAC_equip/NE-dxAC-PkgAC-135to239-New-EER-12.5/instance-out.sql,0.00,0.00
CZ09/RtS&0&cDXGF&New&dxAC_equip/NE-dxAC-PkgAC-240to759-New-EER-9.8/instance-out.sql,0.00,0.00
CZ09/RtS&0&cDXGF&New&dxAC_equip/NE-dxAC-PkgAC-240to759-New-EER-10.8/instance-out.sql,0.00,0.00
CZ09/RtS&0&cDXGF&New&dxAC_equip/NE-dxAC-PkgAC-240to759-New-EER-11.5/instance-out.sql,0.00,0.00
CZ09/RtS&0&cDXGF&New&dxAC_equip/NE-dxAC-PkgAC-240to759-New-EER-12.5/instance-out.sql,0.00,0.00
CZ09/RtS&0&cDXGF&New&dxAC_equip/NE-dxAC-PkgAC-gt760-New-EER-9.5/instance-out.sql,0.00,0.00
CZ09/RtS&0&cDXGF&New&dxAC_equip/NE-dxAC-PkgAC-gt760-New-EER-10.2/instance-out.sql,0.00,0.00
CZ09/RtS&0&cDXGF&New&dxAC_equip/NE-dxAC-PkgAC-gt760-New-EER-11.0/instance-out.sql,0.00,0.00
CZ09/RtS&0&cDXGF&New&dxAC_equip/NE-dxAC-PkgAC-gt760-New-EER-12.0/instance-out.sql,0.00,0.00
CZ09/SCn&0&cDXGF&New&dxAC_equip/NE-dxAC-PkgAC-65to134-New-EER-11.0/instance-out.sql,0.00,0.00
CZ09/SCn&0&cDXGF&New&dxAC_equip/NE-dxAC-PkgAC-65to134-New-EER-11.5/instance-out.sql,0.00,0.00
CZ09/SCn&0&cDXGF&New&dxAC_equip/NE-dxAC-PkgAC-65to134-New-EER-12.0/instance-out.sql,0.00,0.00
CZ09/SCn&0&cDXGF&New&dxAC_equip/NE-dxAC-PkgAC-65to134-New-EER-12.5/instance-out.sql,0.00,0.00
CZ09/SCn&0&cDXGF&New&dxAC_equip/NE-dxAC-PkgAC-65to134-New-EER-13.0/instance-out.sql,0.00,0.00
CZ09/SCn&0&cDXGF&New&dxAC_equip/NE-dxAC-PkgAC-135to239-New-EER-10.8/instance-out.sql,0.00,0.00
CZ09/SCn&0&cDXGF&New&dxAC_equip/NE-dxAC-PkgAC-135to239-New-EER-11.5/instance-out.sql,0.00,0.00
CZ09/SCn&0&cDXGF&New&dxAC_equip/NE-dxAC-PkgAC-135to239-New-EER-12.0/instance-out.sql,0.00,0.00
CZ09/SCn&0&cDXGF&New&dxAC_equip/NE-dxAC-PkgAC-135to239-New-EER-12.5/instance-out.sql,0.00,0.00
CZ09/SCn&0&cDXGF&New&dxAC_equip/NE-dxAC-PkgAC-240to759-New-EER-9.8/instance-out.sql,0.00,0.00
CZ09/SCn&0&cDXGF&New&dxAC_equip/NE-dxAC-PkgAC-240to759-New-EER-10.8/instance-out.sql,0.00,0.00
CZ09/SCn&0&cDXGF&New&dxAC_equip/NE-dxAC-PkgAC-240to759-New-EER-11.5/instance-out.sql,0.00,0.00
CZ09/SCn&0&cDXGF&New&dxAC_equip/NE-dxAC-PkgAC-240to759-New-EER-12.5/instance-out.sql,0.00,0.00
CZ09/SCn&0&cDXGF&New&dxAC_equip/NE-dxAC-PkgAC-gt760-New-EER-9.5/instance-out.sql,0.00,0.00
CZ09/SCn&0&cDXGF&New&dxAC_equip/NE-dxAC-PkgAC-gt760-New-EER-10.2/instance-out.sql,0.00,0.00
CZ09/SCn&0&cDXGF&New&dxAC_equip/NE-dxAC-PkgAC-gt760-New-EER-11.0/instance-out.sql,0.00,0.00
CZ09/SCn&0&cDXGF&New&dxAC_equip/NE-dxAC-PkgAC-gt760-New-EER-12.0/instance-out.sql,0.00,0.00
CZ10/Asm&0&cDXGF&New&dxAC_equip/NE-dxAC-PkgAC-65to134-New-EER-11.0/instance-out.sql,0.00,3.00
CZ10/Asm&0&cDXGF&New&dxAC_equip/NE-dxAC-PkgAC-65to134-New-EER-11.5/instance-out.sql,0.00,3.00
CZ10/Asm&0&cDXGF&New&dxAC_equip/NE-dxAC-PkgAC-65to134-New-EER-12.0/instance-out.sql,0.00,3.00
CZ10/Asm&0&cDXGF&New&dxAC_equip/NE-dxAC-PkgAC-65to134-New-EER-12.5/instance-out.sql,0.00,3.00
CZ10/Asm&0&cDXGF&New&dxAC_equip/NE-dxAC-PkgAC-65to134-New-EER-13.0/instance-out.sql,0.00,3.00
CZ10/Asm&0&cDXGF&New&dxAC_equip/NE-dxAC-PkgAC-135to239-New-EER-10.8/instance-out.sql,0.00,3.00
CZ10/Asm&0&cDXGF&New&dxAC_equip/NE-dxAC-PkgAC-135to239-New-EER-11.5/instance-out.sql,0.00,3.00
CZ10/Asm&0&cDXGF&New&dxAC_equip/NE-dxAC-PkgAC-135to239-New-EER-12.0/instance-out.sql,0.00,3.00
CZ10/Asm&0&cDXGF&New&dxAC_equip/NE-dxAC-PkgAC-135to239-New-EER-12.5/instance-out.sql,0.00,3.00
CZ10/Asm&0&cDXGF&New&dxAC_equip/NE-dxAC-PkgAC-240to759-New-EER-9.8/instance-out.sql,0.00,3.00
CZ10/Asm&0&cDXGF&New&dxAC_equip/NE-dxAC-PkgAC-240to759-New-EER-10.8/instance-out.sql,0.00,3.00
CZ10/Asm&0&cDXGF&New&dxAC_equip/NE-dxAC-PkgAC-240to759-New-EER-11.5/instance-out.sql,0.00,3.00
CZ10/Asm&0&cDXGF&New&dxAC_equip/NE-dxAC-PkgAC-240to759-New-EER-12.5/instance-out.sql,0.00,3.00
CZ10/Asm&0&cDXGF&New&dxAC_equip/NE-dxAC-PkgAC-gt760-New-EER-9.5/instance-out.sql,0.00,3.00
CZ10/Asm&0&cDXGF&New&dxAC_equip/NE-dxAC-PkgAC-gt760-New-EER-10.2/instance-out.sql,0.00,3.00
CZ10/Asm&0&cDXGF&New&dxAC_equip/NE-dxAC-PkgAC-gt760-New-EER-11.0/instance-out.sql,0.00,3.00
CZ10/Asm&0&cDXGF&New&dxAC_equip/NE-dxAC-PkgAC-gt760-New-EER-12.0/instance-out.sql,0.00,3.00
CZ10/ECC&0&cDXGF&New&dxAC_equip/NE-dxAC-PkgAC-65to134-New-EER-11.0/instance-out.sql,1.00,3631.00
CZ10/ECC&0&cDXGF&New&dxAC_equip/NE-dxAC-PkgAC-65to134-New-EER-11.5/instance-out.sql,1.00,3631.00
CZ10/ECC&0&cDXGF&New&dxAC_equip/NE-dxAC-PkgAC-65to134-New-EER-12.0/instance-out.sql,1.00,3631.00
CZ10/ECC&0&cDXGF&New&dxAC_equip/NE-dxAC-PkgAC-65to134-New-EER-12.5/instance-out.sql,1.00,3631.00
CZ10/ECC&0&cDXGF&New&dxAC_equip/NE-dxAC-PkgAC-65to134-New-EER-13.0/instance-out.sql,1.00,3631.00
CZ10/ECC&0&cDXGF&New&dxAC_equip/NE-dxAC-PkgAC-135to239-New-EER-10.8/instance-out.sql,1.00,3631.00
CZ10/ECC&0&cDXGF&New&dxAC_equip/NE-dxAC-PkgAC-135to239-New-EER-11.5/instance-out.sql,1.00,3631.00
CZ10/ECC&0&cDXGF&New&dxAC_equip/NE-dxAC-PkgAC-135to239-New-EER-12.0/instance-out.sql,1.00,3631.00
CZ10/ECC&0&cDXGF&New&dxAC_equip/NE-dxAC-PkgAC-135to239-New-EER-12.5/instance-out.sql,1.00,3631.00
CZ10/ECC&0&cDXGF&New&dxAC_equip/NE-dxAC-PkgAC-240to759-New-EER-9.8/instance-out.sql,1.00,3631.00
CZ10/ECC&0&cDXGF&New&dxAC_equip/NE-dxAC-PkgAC-240to759-New-EER-10.8/instance-out.sql,1.00,3631.00
CZ10/ECC&0&cDXGF&New&dxAC_equip/NE-dxAC-PkgAC-240to759-New-EER-11.5/instance-out.sql,1.00,3631.00
CZ10/ECC&0&cDXGF&New&dxAC_equip/NE-dxAC-PkgAC-240to759-New-EER-12.5/instance-out.sql,1.00,3631.00
CZ10/ECC&0&cDXGF&New&dxAC_equip/NE-dxAC-PkgAC-gt760-New-EER-9.5/instance-out.sql,1.00,3631.00
CZ10/ECC&0&cDXGF&New&dxAC_equip/NE-dxAC-PkgAC-gt760-New-EER-10.2/instance-out.sql,1.00,3631.00
CZ10/ECC&0&cDXGF&New&dxAC_equip/NE-dxAC-PkgAC-gt760-New-EER-11.0/instance-out.sql,1.00,3631.00
CZ10/ECC&0&cDXGF&New&dxAC_equip/NE-dxAC-PkgAC-gt760-New-EER-12.0/instance-out.sql,1.00,3631.00
CZ10/EPr&0&cDXGF&New&dxAC_equip/NE-dxAC-PkgAC-65to134-New-EER-11.0/instance-out.sql,0.00,5.00
CZ10/EPr&0&cDXGF&New&dxAC_equip/NE-dxAC-PkgAC-65to134-New-EER-11.5/instance-out.sql,0.00,5.00
CZ10/EPr&0&cDXGF&New&dxAC_equip/NE-dxAC-PkgAC-65to134-New-EER-12.0/instance-out.sql,0.00,5.00
CZ10/EPr&0&cDXGF&New&dxAC_equip/NE-dxAC-PkgAC-65to134-New-EER-12.5/instance-out.sql,0.00,5.00
CZ10/EPr&0&cDXGF&New&dxAC_equip/NE-dxAC-PkgAC-65to134-New-EER-13.0/instance-out.sql,0.00,5.00
CZ10/EPr&0&cDXGF&New&dxAC_equip/NE-dxAC-PkgAC-135to239-New-EER-10.8/instance-out.sql,0.00,5.00
CZ10/EPr&0&cDXGF&New&dxAC_equip/NE-dxAC-PkgAC-135to239-New-EER-11.5/instance-out.sql,0.00,5.00
CZ10/EPr&0&cDXGF&New&dxAC_equip/NE-dxAC-PkgAC-135to239-New-EER-12.0/instance-out.sql,0.00,5.00
CZ10/EPr&0&cDXGF&New&dxAC_equip/NE-dxAC-PkgAC-135to239-New-EER-12.5/instance-out.sql,0.00,5.00
CZ10/EPr&0&cDXGF&New&dxAC_equip/NE-dxAC-PkgAC-240to759-New-EER-9.8/instance-out.sql,0.00,5.00
CZ10/EPr&0&cDXGF&New&dxAC_equip/NE-dxAC-PkgAC-240to759-New-EER-10.8/instance-out.sql,0.00,5.00
CZ10/EPr&0&cDXGF&New&dxAC_equip/NE-dxAC-PkgAC-240to759-New-EER-11.5/instance-out.sql,0.00,5.00
CZ10/EPr&0&cDXGF&New&dxAC_equip/NE-dxAC-PkgAC-240to759-New-EER-12.5/instance-out.sql,0.00,5.00
CZ10/EPr&0&cDXGF&New&dxAC_equip/NE-dxAC-PkgAC-gt760-New-EER-9.5/instance-out.sql,0.00,5.00
CZ10/EPr&0&cDXGF&New&dxAC_equip/NE-dxAC-PkgAC-gt760-New-EER-10.2/instance-out.sql,0.00,5.00
CZ10/EPr&0&cDXGF&New&dxAC_equip/NE-dxAC-PkgAC-gt760-New-EER-11.0/instance-out.sql,0.00,5.00
CZ10/EPr&0&cDXGF&New&dxAC_equip/NE-dxAC-PkgAC-gt760-New-EER-12.0/instance-out.sql,0.00,5.00
CZ10/ERC&0&cDXGF&New&dxAC_equip/NE-dxAC-PkgAC-65to134-New-EER-11.0/instance-out.sql,0.00,0.00
CZ10/ERC&0&cDXGF&New&dxAC_equip/NE-dxAC-PkgAC-65to134-New-EER-11.5/instance-out.sql,0.00,0.00
CZ10/ERC&0&cDXGF&New&dxAC_equip/NE-dxAC-PkgAC-65to134-New-EER-12.0/instance-out.sql,0.00,0.00
CZ10/ERC&0&cDXGF&New&dxAC_equip/NE-dxAC-PkgAC-65to134-New-EER-12.5/instance-out.sql,0.00,0.00
CZ10/ERC&0&cDXGF&New&dxAC_equip/NE-dxAC-PkgAC-65to134-New-EER-13.0/instance-out.sql,0.00,0.00
CZ10/ERC&0&cDXGF&New&dxAC_equip/NE-dxAC-PkgAC-135to239-New-EER-10.8/instance-out.sql,0.00,0.00
CZ10/ERC&0&cDXGF&New&dxAC_equip/NE-dxAC-PkgAC-135to239-New-EER-11.5/instance-out.sql,0.00,0.00
CZ10/ERC&0&cDXGF&New&dxAC_equip/NE-dxAC-PkgAC-135to239-New-EER-12.0/instance-out.sql,0.00,0.00
CZ10/ERC&0&cDXGF&New&dxAC_equip/NE-dxAC-PkgAC-135to239-New-EER-12.5/instance-out.sql,0.00,0.00
CZ10/ERC&0&cDXGF&New&dxAC_equip/NE-dxAC-PkgAC-240to759-New-EER-9.8/instance-out.sql,0.00,0.00
CZ10/ERC&0&cDXGF&New&dxAC_equip/NE-dxAC-PkgAC-240to759-New-EER-10.8/instance-out.sql,0.00,0.00
CZ10/ERC&0&cDXGF&New&dxAC_equip/NE-dxAC-PkgAC-240to759-New-EER-11.5/instance-out.sql,0.00,0.00
CZ10/ERC&0&cDXGF&New&dxAC_equip/NE-dxAC-PkgAC-240to759-New-EER-12.5/instance-out.sql,0.00,0.00
CZ10/ERC&0&cDXGF&New&dxAC_equip/NE-dxAC-PkgAC-gt760-New-EER-9.5/instance-out.sql,0.00,0.00
CZ10/ERC&0&cDXGF&New&dxAC_equip/NE-dxAC-PkgAC-gt760-New-EER-10.2/instance-out.sql,0.00,0.00
CZ10/ERC&0&cDXGF&New&dxAC_equip/NE-dxAC-PkgAC-gt760-New-EER-11.0/instance-out.sql,0.00,0.00
CZ10/ERC&0&cDXGF&New&dxAC_equip/NE-dxAC-PkgAC-gt760-New-EER-12.0/instance-out.sql,0.00,0.00
CZ10/ESe&0&cDXGF&New&dxAC_equip/NE-dxAC-PkgAC-65to134-New-EER-11.0/instance-out.sql,0.00,0.00
CZ10/ESe&0&cDXGF&New&dxAC_equip/NE-dxAC-PkgAC-65to134-New-EER-11.5/instance-out.sql,0.00,0.00
CZ10/ESe&0&cDXGF&New&dxAC_equip/NE-dxAC-PkgAC-65to134-New-EER-12.0/instance-out.sql,0.00,0.00
CZ10/ESe&0&cDXGF&New&dxAC_equip/NE-dxAC-PkgAC-65to134-New-EER-12.5/instance-out.sql,0.00,0.00
CZ10/ESe&0&cDXGF&New&dxAC_equip/NE-dxAC-PkgAC-65to134-New-EER-13.0/instance-out.sql,0.00,0.00
CZ10/ESe&0&cDXGF&New&dxAC_equip/NE-dxAC-PkgAC-135to239-New-EER-10.8/instance-out.sql,0.00,0.00
CZ10/ESe&0&cDXGF&New&dxAC_equip/NE-dxAC-PkgAC-135to239-New-EER-11.5/instance-out.sql,0.00,0.00
CZ10/ESe&0&cDXGF&New&dxAC_equip/NE-dxAC-PkgAC-135to239-New-EER-12.0/instance-out.sql,0.00,0.00
CZ10/ESe&0&cDXGF&New&dxAC_equip/NE-dxAC-PkgAC-135to239-New-EER-12.5/instance-out.sql,0.00,0.00
CZ10/ESe&0&cDXGF&New&dxAC_equip/NE-dxAC-PkgAC-240to759-New-EER-9.8/instance-out.sql,0.00,0.00
CZ10/ESe&0&cDXGF&New&dxAC_equip/NE-dxAC-PkgAC-240to759-New-EER-10.8/instance-out.sql,0.00,0.00
CZ10/ESe&0&cDXGF&New&dxAC_equip/NE-dxAC-PkgAC-240to759-New-EER-11.5/instance-out.sql,0.00,0.00
CZ10/ESe&0&cDXGF&New&dxAC_equip/NE-dxAC-PkgAC-240to759-New-EER-12.5/instance-out.sql,0.00,0.00
CZ10/ESe&0&cDXGF&New&dxAC_equip/NE-dxAC-PkgAC-gt760-New-EER-9.5/instance-out.sql,0.00,0.00
CZ10/ESe&0&cDXGF&New&dxAC_equip/NE-dxAC-PkgAC-gt760-New-EER-10.2/instance-out.sql,0.00,0.00
CZ10/ESe&0&cDXGF&New&dxAC_equip/NE-dxAC-PkgAC-gt760-New-EER-11.0/instance-out.sql,0.00,0.00
CZ10/ESe&0&cDXGF&New&dxAC_equip/NE-dxAC-PkgAC-gt760-New-EER-12.0/instance-out.sql,0.00,0.00
CZ10/EUn&0&cDXGF&New&dxAC_equip/NE-dxAC-PkgAC-65to134-New-EER-11.0/instance-out.sql,0.00,269.00
CZ10/EUn&0&cDXGF&New&dxAC_equip/NE-dxAC-PkgAC-65to134-New-EER-11.5/instance-out.sql,0.00,269.00
CZ10/EUn&0&cDXGF&New&dxAC_equip/NE-dxAC-PkgAC-65to134-New-EER-12.0/instance-out.sql,0.00,269.00
CZ10/EUn&0&cDXGF&New&dxAC_equip/NE-dxAC-PkgAC-65to134-New-EER-12.5/instance-out.sql,0.00,269.00
CZ10/EUn&0&cDXGF&New&dxAC_equip/NE-dxAC-PkgAC-65to134-New-EER-13.0/instance-out.sql,0.00,269.00
CZ10/EUn&0&cDXGF&New&dxAC_equip/NE-dxAC-PkgAC-135to239-New-EER-10.8/instance-out.sql,0.00,269.00
CZ10/EUn&0&cDXGF&New&dxAC_equip/NE-dxAC-PkgAC-135to239-New-EER-11.5/instance-out.sql,0.00,269.00
CZ10/EUn&0&cDXGF&New&dxAC_equip/NE-dxAC-PkgAC-135to239-New-EER-12.0/instance-out.sql,0.00,269.00
CZ10/EUn&0&cDXGF&New&dxAC_equip/NE-dxAC-PkgAC-135to239-New-EER-12.5/instance-out.sql,0.00,269.00
CZ10/EUn&0&cDXGF&New&dxAC_equip/NE-dxAC-PkgAC-240to759-New-EER-9.8/instance-out.sql,0.00,269.00
CZ10/EUn&0&cDXGF&New&dxAC_equip/NE-dxAC-PkgAC-240to759-New-EER-10.8/instance-out.sql,0.00,269.00
CZ10/EUn&0&cDXGF&New&dxAC_equip/NE-dxAC-PkgAC-240to759-New-EER-11.5/instance-out.sql,0.00,269.00
CZ10/EUn&0&cDXGF&New&dxAC_equip/NE-dxAC-PkgAC-240to759-New-EER-12.5/instance-out.sql,0.00,269.00
CZ10/EUn&0&cDXGF&New&dxAC_equip/NE-dxAC-PkgAC-gt760-New-EER-9.5/instance-out.sql,0.00,269.00
CZ10/EUn&0&cDXGF&New&dxAC_equip/NE-dxAC-PkgAC-gt760-New-EER-10.2/instance-out.sql,0.00,269.00
CZ10/EUn&0&cDXGF&New&dxAC_equip/NE-dxAC-PkgAC-gt760-New-EER-11.0/instance-out.sql,0.00,269.00
CZ10/EUn&0&cDXGF&New&dxAC_equip/NE-dxAC-PkgAC-gt760-New-EER-12.0/instance-out.sql,0.00,269.00
CZ10/Gro&0&cDXGF&New&dxAC_equip/NE-dxAC-PkgAC-65to134-New-EER-11.0/instance-out.sql,0.00,0.00
CZ10/Gro&0&cDXGF&New&dxAC_equip/NE-dxAC-PkgAC-65to134-New-EER-11.5/instance-out.sql,0.00,0.00
CZ10/Gro&0&cDXGF&New&dxAC_equip/NE-dxAC-PkgAC-65to134-New-EER-12.0/instance-out.sql,0.00,0.00
CZ10/Gro&0&cDXGF&New&dxAC_equip/NE-dxAC-PkgAC-65to134-New-EER-12.5/instance-out.sql,0.00,0.00
CZ10/Gro&0&cDXGF&New&dxAC_equip/NE-dxAC-PkgAC-65to134-New-EER-13.0/instance-out.sql,0.00,0.00
CZ10/Gro&0&cDXGF&New&dxAC_equip/NE-dxAC-PkgAC-135to239-New-EER-10.8/instance-out.sql,0.00,0.00
CZ10/Gro&0&cDXGF&New&dxAC_equip/NE-dxAC-PkgAC-135to239-New-EER-11.5/instance-out.sql,0.00,0.00
CZ10/Gro&0&cDXGF&New&dxAC_equip/NE-dxAC-PkgAC-135to239-New-EER-12.0/instance-out.sql,0.00,0.00
CZ10/Gro&0&cDXGF&New&dxAC_equip/NE-dxAC-PkgAC-135to239-New-EER-12.5/instance-out.sql,0.00,0.00
CZ10/Gro&0&cDXGF&New&dxAC_equip/NE-dxAC-PkgAC-240to759-New-EER-9.8/instance-out.sql,0.00,0.00
CZ10/Gro&0&cDXGF&New&dxAC_equip/NE-dxAC-PkgAC-240to759-New-EER-10.8/instance-out.sql,0.00,0.00
CZ10/Gro&0&cDXGF&New&dxAC_equip/NE-dxAC-PkgAC-240to759-New-EER-11.5/instance-out.sql,0.00,0.00
CZ10/Gro&0&cDXGF&New&dxAC_equip/NE-dxAC-PkgAC-240to759-New-EER-12.5/instance-out.sql,0.00,0.00
CZ10/Gro&0&cDXGF&New&dxAC_equip/NE-dxAC-PkgAC-gt760-New-EER-9.5/instance-out.sql,0.00,0.00
CZ10/Gro&0&cDXGF&New&dxAC_equip/NE-dxAC-PkgAC-gt760-New-EER-10.2/instance-out.sql,0.00,0.00
CZ10/Gro&0&cDXGF&New&dxAC_equip/NE-dxAC-PkgAC-gt760-New-EER-11.0/instance-out.sql,0.00,0.00
CZ10/Gro&0&cDXGF&New&dxAC_equip/NE-dxAC-PkgAC-gt760-New-EER-12.0/instance-out.sql,0.00,0.00
CZ10/Hsp&0&cDXGF&New&dxAC_equip/NE-dxAC-PkgAC-65to134-New-EER-11.0/instance-out.sql,2.00,239.00
CZ10/Hsp&0&cDXGF&New&dxAC_equip/NE-dxAC-PkgAC-65to134-New-EER-11.5/instance-out.sql,2.00,239.00
CZ10/Hsp&0&cDXGF&New&dxAC_equip/NE-dxAC-PkgAC-65to134-New-EER-12.0/instance-out.sql,2.00,239.00
CZ10/Hsp&0&cDXGF&New&dxAC_equip/NE-dxAC-PkgAC-65to134-New-EER-12.5/instance-out.sql,2.00,239.00
CZ10/Hsp&0&cDXGF&New&dxAC_equip/NE-dxAC-PkgAC-65to134-New-EER-13.0/instance-out.sql,2.00,239.00
CZ10/Hsp&0&cDXGF&New&dxAC_equip/NE-dxAC-PkgAC-135to239-New-EER-10.8/instance-out.sql,2.00,239.00
CZ10/Hsp&0&cDXGF&New&dxAC_equip/NE-dxAC-PkgAC-135to239-New-EER-11.5/instance-out.sql,2.00,239.00
CZ10/Hsp&0&cDXGF&New&dxAC_equip/NE-dxAC-PkgAC-135to239-New-EER-12.0/instance-out.sql,2.00,239.00
CZ10/Hsp&0&cDXGF&New&dxAC_equip/NE-dxAC-PkgAC-135to239-New-EER-12.5/instance-out.sql,2.00,239.00
CZ10/Hsp&0&cDXGF&New&dxAC_equip/NE-dxAC-PkgAC-240to759-New-EER-9.8/instance-out.sql,2.00,239.00
CZ10/Hsp&0&cDXGF&New&dxAC_equip/NE-dxAC-PkgAC-240to759-New-EER-10.8/instance-out.sql,2.00,239.00
CZ10/Hsp&0&cDXGF&New&dxAC_equip/NE-dxAC-PkgAC-240to759-New-EER-11.5/instance-out.sql,2.00,239.00
CZ10/Hsp&0&cDXGF&New&dxAC_equip/NE-dxAC-PkgAC-240to759-New-EER-12.5/instance-out.sql,2.00,239.00
CZ10/Hsp&0&cDXGF&New&dxAC_equip/NE-dxAC-PkgAC-gt760-New-EER-9.5/instance-out.sql,2.00,239.00
CZ10/Hsp&0&cDXGF&New&dxAC_equip/NE-dxAC-PkgAC-gt760-New-EER-10.2/instance-out.sql,2.00,239.00
CZ10/Hsp&0&cDXGF&New&dxAC_equip/NE-dxAC-PkgAC-gt760-New-EER-11.0/instance-out.sql,2.00,239.00
CZ10/Hsp&0&cDXGF&New&dxAC_equip/NE-dxAC-PkgAC-gt760-New-EER-12.0/instance-out.sql,2.00,239.00
CZ10/MBT&0&cDXGF&New&dxAC_equip/NE-dxAC-PkgAC-65to134-New-EER-11.0/instance-out.sql,0.00,46.00
CZ10/MBT&0&cDXGF&New&dxAC_equip/NE-dxAC-PkgAC-65to134-New-EER-11.5/instance-out.sql,0.00,46.00
CZ10/MBT&0&cDXGF&New&dxAC_equip/NE-dxAC-PkgAC-65to134-New-EER-12.0/instance-out.sql,0.00,46.00
CZ10/MBT&0&cDXGF&New&dxAC_equip/NE-dxAC-PkgAC-65to134-New-EER-12.5/instance-out.sql,0.00,46.00
CZ10/MBT&0&cDXGF&New&dxAC_equip/NE-dxAC-PkgAC-65to134-New-EER-13.0/instance-out.sql,0.00,46.00
CZ10/MBT&0&cDXGF&New&dxAC_equip/NE-dxAC-PkgAC-135to239-New-EER-10.8/instance-out.sql,0.00,46.00
CZ10/MBT&0&cDXGF&New&dxAC_equip/NE-dxAC-PkgAC-135to239-New-EER-11.5/instance-out.sql,0.00,46.00
CZ10/MBT&0&cDXGF&New&dxAC_equip/NE-dxAC-PkgAC-135to239-New-EER-12.0/instance-out.sql,0.00,46.00
CZ10/MBT&0&cDXGF&New&dxAC_equip/NE-dxAC-PkgAC-135to239-New-EER-12.5/instance-out.sql,0.00,46.00
CZ10/MBT&0&cDXGF&New&dxAC_equip/NE-dxAC-PkgAC-240to759-New-EER-9.8/instance-out.sql,0.00,46.00
CZ10/MBT&0&cDXGF&New&dxAC_equip/NE-dxAC-PkgAC-240to759-New-EER-10.8/instance-out.sql,0.00,46.00
CZ10/MBT&0&cDXGF&New&dxAC_equip/NE-dxAC-PkgAC-240to759-New-EER-11.5/instance-out.sql,0.00,46.00
CZ10/MBT&0&cDXGF&New&dxAC_equip/NE-dxAC-PkgAC-240to759-New-EER-12.5/instance-out.sql,0.00,46.00
CZ10/MBT&0&cDXGF&New&dxAC_equip/NE-dxAC-PkgAC-gt760-New-EER-9.5/instance-out.sql,0.00,46.00
CZ10/MBT&0&cDXGF&New&dxAC_equip/NE-dxAC-PkgAC-gt760-New-EER-10.2/instance-out.sql,0.00,46.00
CZ10/MBT&0&cDXGF&New&dxAC_equip/NE-dxAC-PkgAC-gt760-New-EER-11.0/instance-out.sql,0.00,46.00
CZ10/MBT&0&cDXGF&New&dxAC_equip/NE-dxAC-PkgAC-gt760-New-EER-12.0/instance-out.sql,0.00,46.00
CZ10/MLI&0&cDXGF&New&dxAC_equip/NE-dxAC-PkgAC-65to134-New-EER-11.0/instance-out.sql,0.00,6.00
CZ10/MLI&0&cDXGF&New&dxAC_equip/NE-dxAC-PkgAC-65to134-New-EER-11.5/instance-out.sql,0.00,6.00
CZ10/MLI&0&cDXGF&New&dxAC_equip/NE-dxAC-PkgAC-65to134-New-EER-12.0/instance-out.sql,0.00,6.00
CZ10/MLI&0&cDXGF&New&dxAC_equip/NE-dxAC-PkgAC-65to134-New-EER-12.5/instance-out.sql,0.00,6.00
CZ10/MLI&0&cDXGF&New&dxAC_equip/NE-dxAC-PkgAC-65to134-New-EER-13.0/instance-out.sql,0.00,6.00
CZ10/MLI&0&cDXGF&New&dxAC_equip/NE-dxAC-PkgAC-135to239-New-EER-10.8/instance-out.sql,0.00,6.00
CZ10/MLI&0&cDXGF&New&dxAC_equip/NE-dxAC-PkgAC-135to239-New-EER-11.5/instance-out.sql,0.00,6.00
CZ10/MLI&0&cDXGF&New&dxAC_equip/NE-dxAC-PkgAC-135to239-New-EER-12.0/instance-out.sql,0.00,6.00
CZ10/MLI&0&cDXGF&New&dxAC_equip/NE-dxAC-PkgAC-135to239-New-EER-12.5/instance-out.sql,0.00,6.00
CZ10/MLI&0&cDXGF&New&dxAC_equip/NE-dxAC-PkgAC-240to759-New-EER-9.8/instance-out.sql,0.00,6.00
CZ10/MLI&0&cDXGF&New&dxAC_equip/NE-dxAC-PkgAC-240to759-New-EER-10.8/instance-out.sql,0.00,6.00
CZ10/MLI&0&cDXGF&New&dxAC_equip/NE-dxAC-PkgAC-240to759-New-EER-11.5/instance-out.sql,0.00,6.00
CZ10/MLI&0&cDXGF&New&dxAC_equip/NE-dxAC-PkgAC-240to759-New-EER-12.5/instance-out.sql,0.00,6.00
CZ10/MLI&0&cDXGF&New&dxAC_equip/NE-dxAC-PkgAC-gt760-New-EER-9.5/instance-out.sql,0.00,6.00
CZ10/MLI&0&cDXGF&New&dxAC_equip/NE-dxAC-PkgAC-gt760-New-EER-10.2/instance-out.sql,0.00,6.00
CZ10/MLI&0&cDXGF&New&dxAC_equip/NE-dxAC-PkgAC-gt760-New-EER-11.0/instance-out.sql,0.00,6.00
CZ10/MLI&0&cDXGF&New&dxAC_equip/NE-dxAC-PkgAC-gt760-New-EER-12.0/instance-out.sql,0.00,6.00
CZ10/Mtl&0&cDXGF&New&dxAC_equip/NE-dxAC-PkgAC-65to134-New-EER-11.0/instance-out.sql,0.00,256.00
CZ10/Mtl&0&cDXGF&New&dxAC_equip/NE-dxAC-PkgAC-65to134-New-EER-11.5/instance-out.sql,0.00,256.00
CZ10/Mtl&0&cDXGF&New&dxAC_equip/NE-dxAC-PkgAC-65to134-New-EER-12.0/instance-out.sql,0.00,256.00
CZ10/Mtl&0&cDXGF&New&dxAC_equip/NE-dxAC-PkgAC-65to134-New-EER-12.5/instance-out.sql,0.00,256.00
CZ10/Mtl&0&cDXGF&New&dxAC_equip/NE-dxAC-PkgAC-65to134-New-EER-13.0/instance-out.sql,0.00,256.00
CZ10/Mtl&0&cDXGF&New&dxAC_equip/NE-dxAC-PkgAC-135to239-New-EER-10.8/instance-out.sql,0.00,256.00
CZ10/Mtl&0&cDXGF&New&dxAC_equip/NE-dxAC-PkgAC-135to239-New-EER-11.5/instance-out.sql,0.00,256.00
CZ10/Mtl&0&cDXGF&New&dxAC_equip/NE-dxAC-PkgAC-135to239-New-EER-12.0/instance-out.sql,0.00,256.00
CZ10/Mtl&0&cDXGF&New&dxAC_equip/NE-dxAC-PkgAC-135to239-New-EER-12.5/instance-out.sql,0.00,256.00
CZ10/Mtl&0&cDXGF&New&dxAC_equip/NE-dxAC-PkgAC-240to759-New-EER-9.8/instance-out.sql,0.00,256.00
CZ10/Mtl&0&cDXGF&New&dxAC_equip/NE-dxAC-PkgAC-240to759-New-EER-10.8/instance-out.sql,0.00,256.00
CZ10/Mtl&0&cDXGF&New&dxAC_equip/NE-dxAC-PkgAC-240to759-New-EER-11.5/instance-out.sql,0.00,256.00
CZ10/Mtl&0&cDXGF&New&dxAC_equip/NE-dxAC-PkgAC-240to759-New-EER-12.5/instance-out.sql,0.00,256.00
CZ10/Mtl&0&cDXGF&New&dxAC_equip/NE-dxAC-PkgAC-gt760-New-EER-9.5/instance-out.sql,0.00,256.00
CZ10/Mtl&0&cDXGF&New&dxAC_equip/NE-dxAC-PkgAC-gt760-New-EER-10.2/instance-out.sql,0.00,256.00
CZ10/Mtl&0&cDXGF&New&dxAC_equip/NE-dxAC-PkgAC-gt760-New-EER-11.0/instance-out.sql,0.00,256.00
CZ10/Mtl&0&cDXGF&New&dxAC_equip/NE-dxAC-PkgAC-gt760-New-EER-12.0/instance-out.sql,0.00,256.00
CZ10/Nrs&0&cDXGF&New&dxAC_equip/NE-dxAC-PkgAC-65to134-New-EER-11.0/instance-out.sql,0.00,1.00
CZ10/Nrs&0&cDXGF&New&dxAC_equip/NE-dxAC-PkgAC-65to134-New-EER-11.5/instance-out.sql,0.00,1.00
CZ10/Nrs&0&cDXGF&New&dxAC_equip/NE-dxAC-PkgAC-65to134-New-EER-12.0/instance-out.sql,0.00,1.00
CZ10/Nrs&0&cDXGF&New&dxAC_equip/NE-dxAC-PkgAC-65to134-New-EER-12.5/instance-out.sql,0.00,1.00
CZ10/Nrs&0&cDXGF&New&dxAC_equip/NE-dxAC-PkgAC-65to134-New-EER-13.0/instance-out.sql,0.00,1.00
CZ10/Nrs&0&cDXGF&New&dxAC_equip/NE-dxAC-PkgAC-135to239-New-EER-10.8/instance-out.sql,0.00,1.00
CZ10/Nrs&0&cDXGF&New&dxAC_equip/NE-dxAC-PkgAC-135to239-New-EER-11.5/instance-out.sql,0.00,1.00
CZ10/Nrs&0&cDXGF&New&dxAC_equip/NE-dxAC-PkgAC-135to239-New-EER-12.0/instance-out.sql,0.00,1.00
CZ10/Nrs&0&cDXGF&New&dxAC_equip/NE-dxAC-PkgAC-135to239-New-EER-12.5/instance-out.sql,0.00,1.00
CZ10/Nrs&0&cDXGF&New&dxAC_equip/NE-dxAC-PkgAC-240to759-New-EER-9.8/instance-out.sql,0.00,1.00
CZ10/Nrs&0&cDXGF&New&dxAC_equip/NE-dxAC-PkgAC-240to759-New-EER-10.8/instance-out.sql,0.00,1.00
CZ10/Nrs&0&cDXGF&New&dxAC_equip/NE-dxAC-PkgAC-240to759-New-EER-11.5/instance-out.sql,0.00,1.00
CZ10/Nrs&0&cDXGF&New&dxAC_equip/NE-dxAC-PkgAC-240to759-New-EER-12.5/instance-out.sql,0.00,1.00
CZ10/Nrs&0&cDXGF&New&dxAC_equip/NE-dxAC-PkgAC-gt760-New-EER-9.5/instance-out.sql,0.00,1.00
CZ10/Nrs&0&cDXGF&New&dxAC_equip/NE-dxAC-PkgAC-gt760-New-EER-10.2/instance-out.sql,0.00,1.00
CZ10/Nrs&0&cDXGF&New&dxAC_equip/NE-dxAC-PkgAC-gt760-New-EER-11.0/instance-out.sql,0.00,1.00
CZ10/Nrs&0&cDXGF&New&dxAC_equip/NE-dxAC-PkgAC-gt760-New-EER-12.0/instance-out.sql,0.00,1.00
CZ10/OfL&0&cDXGF&New&dxAC_equip/NE-dxAC-PkgAC-65to134-New-EER-11.0/instance-out.sql,0.00,256.00
CZ10/OfL&0&cDXGF&New&dxAC_equip/NE-dxAC-PkgAC-65to134-New-EER-11.5/instance-out.sql,0.00,256.00
CZ10/OfL&0&cDXGF&New&dxAC_equip/NE-dxAC-PkgAC-65to134-New-EER-12.0/instance-out.sql,0.00,256.00
CZ10/OfL&0&cDXGF&New&dxAC_equip/NE-dxAC-PkgAC-65to134-New-EER-12.5/instance-out.sql,0.00,256.00
CZ10/OfL&0&cDXGF&New&dxAC_equip/NE-dxAC-PkgAC-65to134-New-EER-13.0/instance-out.sql,0.00,256.00
CZ10/OfL&0&cDXGF&New&dxAC_equip/NE-dxAC-PkgAC-135to239-New-EER-10.8/instance-out.sql,0.00,256.00
CZ10/OfL&0&cDXGF&New&dxAC_equip/NE-dxAC-PkgAC-135to239-New-EER-11.5/instance-out.sql,0.00,256.00
CZ10/OfL&0&cDXGF&New&dxAC_equip/NE-dxAC-PkgAC-135to239-New-EER-12.0/instance-out.sql,0.00,256.00
CZ10/OfL&0&cDXGF&New&dxAC_equip/NE-dxAC-PkgAC-135to239-New-EER-12.5/instance-out.sql,0.00,256.00
CZ10/OfL&0&cDXGF&New&dxAC_equip/NE-dxAC-PkgAC-240to759-New-EER-9.8/instance-out.sql,0.00,256.00
CZ10/OfL&0&cDXGF&New&dxAC_equip/NE-dxAC-PkgAC-240to759-New-EER-10.8/instance-out.sql,0.00,256.00
CZ10/OfL&0&cDXGF&New&dxAC_equip/NE-dxAC-PkgAC-240to759-New-EER-11.5/instance-out.sql,0.00,256.00
CZ10/OfL&0&cDXGF&New&dxAC_equip/NE-dxAC-PkgAC-240to759-New-EER-12.5/instance-out.sql,0.00,256.00
CZ10/OfL&0&cDXGF&New&dxAC_equip/NE-dxAC-PkgAC-gt760-New-EER-9.5/instance-out.sql,0.00,256.00
CZ10/OfL&0&cDXGF&New&dxAC_equip/NE-dxAC-PkgAC-gt760-New-EER-10.2/instance-out.sql,0.00,256.00
CZ10/OfL&0&cDXGF&New&dxAC_equip/NE-dxAC-PkgAC-gt760-New-EER-11.0/instance-out.sql,0.00,256.00
CZ10/OfL&0&cDXGF&New&dxAC_equip/NE-dxAC-PkgAC-gt760-New-EER-12.0/instance-out.sql,0.00,256.00
CZ10/OfS&0&cDXGF&New&dxAC_equip/NE-dxAC-PkgAC-65to134-New-EER-11.0/instance-out.sql,0.00,157.00
CZ10/OfS&0&cDXGF&New&dxAC_equip/NE-dxAC-PkgAC-65to134-New-EER-11.5/instance-out.sql,0.00,157.00
CZ10/OfS&0&cDXGF&New&dxAC_equip/NE-dxAC-PkgAC-65to134-New-EER-12.0/instance-out.sql,0.00,157.00
CZ10/OfS&0&cDXGF&New&dxAC_equip/NE-dxAC-PkgAC-65to134-New-EER-12.5/instance-out.sql,0.00,157.00
CZ10/OfS&0&cDXGF&New&dxAC_equip/NE-dxAC-PkgAC-65to134-New-EER-13.0/instance-out.sql,0.00,157.00
CZ10/OfS&0&cDXGF&New&dxAC_equip/NE-dxAC-PkgAC-135to239-New-EER-10.8/instance-out.sql,0.00,157.00
CZ10/OfS&0&cDXGF&New&dxAC_equip/NE-dxAC-PkgAC-135to239-New-EER-11.5/instance-out.sql,0.00,157.00
CZ10/OfS&0&cDXGF&New&dxAC_equip/NE-dxAC-PkgAC-135to239-New-EER-12.0/instance-out.sql,0.00,157.00
CZ10/OfS&0&cDXGF&New&dxAC_equip/NE-dxAC-PkgAC-135to239-New-EER-12.5/instance-out.sql,0.00,157.00
CZ10/OfS&0&cDXGF&New&dxAC_equip/NE-dxAC-PkgAC-240to759-New-EER-9.8/instance-out.sql,0.00,157.00
CZ10/OfS&0&cDXGF&New&dxAC_equip/NE-dxAC-PkgAC-240to759-New-EER-10.8/instance-out.sql,0.00,157.00
CZ10/OfS&0&cDXGF&New&dxAC_equip/NE-dxAC-PkgAC-240to759-New-EER-11.5/instance-out.sql,0.00,157.00
CZ10/OfS&0&cDXGF&New&dxAC_equip/NE-dxAC-PkgAC-240to759-New-EER-12.5/instance-out.sql,0.00,157.00
CZ10/OfS&0&cDXGF&New&dxAC_equip/NE-dxAC-PkgAC-gt760-New-EER-9.5/instance-out.sql,0.00,157.00
CZ10/OfS&0&cDXGF&New&dxAC_equip/NE-dxAC-PkgAC-gt760-New-EER-10.2/instance-out.sql,0.00,157.00
CZ10/OfS&0&cDXGF&New&dxAC_equip/NE-dxAC-PkgAC-gt760-New-EER-11.0/instance-out.sql,0.00,157.00
CZ10/OfS&0&cDXGF&New&dxAC_equip/NE-dxAC-PkgAC-gt760-New-EER-12.0/instance-out.sql,0.00,157.00
CZ10/RFF&0&cDXGF&New&dxAC_equip/NE-dxAC-PkgAC-65to134-New-EER-11.0/instance-out.sql,0.00,0.00
CZ10/RFF&0&cDXGF&New&dxAC_equip/NE-dxAC-PkgAC-65to134-New-EER-11.5/instance-out.sql,0.00,0.00
CZ10/RFF&0&cDXGF&New&dxAC_equip/NE-dxAC-PkgAC-65to134-New-EER-12.0/instance-out.sql,0.00,0.00
CZ10/RFF&0&cDXGF&New&dxAC_equip/NE-dxAC-PkgAC-65to134-New-EER-12.5/instance-out.sql,0.00,0.00
CZ10/RFF&0&cDXGF&New&dxAC_equip/NE-dxAC-PkgAC-65to134-New-EER-13.0/instance-out.sql,0.00,0.00
CZ10/RFF&0&cDXGF&New&dxAC_equip/NE-dxAC-PkgAC-135to239-New-EER-10.8/instance-out.sql,0.00,0.00
CZ10/RFF&0&cDXGF&New&dxAC_equip/NE-dxAC-PkgAC-135to239-New-EER-11.5/instance-out.sql,0.00,0.00
CZ10/RFF&0&cDXGF&New&dxAC_equip/NE-dxAC-PkgAC-135to239-New-EER-12.0/instance-out.sql,0.00,0.00
CZ10/RFF&0&cDXGF&New&dxAC_equip/NE-dxAC-PkgAC-135to239-New-EER-12.5/instance-out.sql,0.00,0.00
CZ10/RFF&0&cDXGF&New&dxAC_equip/NE-dxAC-PkgAC-240to759-New-EER-9.8/instance-out.sql,0.00,0.00
CZ10/RFF&0&cDXGF&New&dxAC_equip/NE-dxAC-PkgAC-240to759-New-EER-10.8/instance-out.sql,0.00,0.00
CZ10/RFF&0&cDXGF&New&dxAC_equip/NE-dxAC-PkgAC-240to759-New-EER-11.5/instance-out.sql,0.00,0.00
CZ10/RFF&0&cDXGF&New&dxAC_equip/NE-dxAC-PkgAC-240to759-New-EER-12.5/instance-out.sql,0.00,0.00
CZ10/RFF&0&cDXGF&New&dxAC_equip/NE-dxAC-PkgAC-gt760-New-EER-9.5/instance-out.sql,0.00,0.00
CZ10/RFF&0&cDXGF&New&dxAC_equip/NE-dxAC-PkgAC-gt760-New-EER-10.2/instance-out.sql,0.00,0.00
CZ10/RFF&0&cDXGF&New&dxAC_equip/NE-dxAC-PkgAC-gt760-New-EER-11.0/instance-out.sql,0.00,0.00
CZ10/RFF&0&cDXGF&New&dxAC_equip/NE-dxAC-PkgAC-gt760-New-EER-12.0/instance-out.sql,0.00,0.00
CZ10/RSD&0&cDXGF&New&dxAC_equip/NE-dxAC-PkgAC-65to134-New-EER-11.0/instance-out.sql,0.00,0.00
CZ10/RSD&0&cDXGF&New&dxAC_equip/NE-dxAC-PkgAC-65to134-New-EER-11.5/instance-out.sql,0.00,0.00
CZ10/RSD&0&cDXGF&New&dxAC_equip/NE-dxAC-PkgAC-65to134-New-EER-12.0/instance-out.sql,0.00,0.00
CZ10/RSD&0&cDXGF&New&dxAC_equip/NE-dxAC-PkgAC-65to134-New-EER-12.5/instance-out.sql,0.00,0.00
CZ10/RSD&0&cDXGF&New&dxAC_equip/NE-dxAC-PkgAC-65to134-New-EER-13.0/instance-out.sql,0.00,0.00
CZ10/RSD&0&cDXGF&New&dxAC_equip/NE-dxAC-PkgAC-135to239-New-EER-10.8/instance-out.sql,0.00,0.00
CZ10/RSD&0&cDXGF&New&dxAC_equip/NE-dxAC-PkgAC-135to239-New-EER-11.5/instance-out.sql,0.00,0.00
CZ10/RSD&0&cDXGF&New&dxAC_equip/NE-dxAC-PkgAC-135to239-New-EER-12.0/instance-out.sql,0.00,0.00
CZ10/RSD&0&cDXGF&New&dxAC_equip/NE-dxAC-PkgAC-135to239-New-EER-12.5/instance-out.sql,0.00,0.00
CZ10/RSD&0&cDXGF&New&dxAC_equip/NE-dxAC-PkgAC-240to759-New-EER-9.8/instance-out.sql,0.00,0.00
CZ10/RSD&0&cDXGF&New&dxAC_equip/NE-dxAC-PkgAC-240to759-New-EER-10.8/instance-out.sql,0.00,0.00
CZ10/RSD&0&cDXGF&New&dxAC_equip/NE-dxAC-PkgAC-240to759-New-EER-11.5/instance-out.sql,0.00,0.00
CZ10/RSD&0&cDXGF&New&dxAC_equip/NE-dxAC-PkgAC-240to759-New-EER-12.5/instance-out.sql,0.00,0.00
CZ10/RSD&0&cDXGF&New&dxAC_equip/NE-dxAC-PkgAC-gt760-New-EER-9.5/instance-out.sql,0.00,0.00
CZ10/RSD&0&cDXGF&New&dxAC_equip/NE-dxAC-PkgAC-gt760-New-EER-10.2/instance-out.sql,0.00,0.00
CZ10/RSD&0&cDXGF&New&dxAC_equip/NE-dxAC-PkgAC-gt760-New-EER-11.0/instance-out.sql,0.00,0.00
CZ10/RSD&0&cDXGF&New&dxAC_equip/NE-dxAC-PkgAC-gt760-New-EER-12.0/instance-out.sql,0.00,0.00
CZ10/Rt3&0&cDXGF&New&dxAC_equip/NE-dxAC-PkgAC-65to134-New-EER-11.0/instance-out.sql,0.00,8.00
CZ10/Rt3&0&cDXGF&New&dxAC_equip/NE-dxAC-PkgAC-65to134-New-EER-11.5/instance-out.sql,0.00,8.00
CZ10/Rt3&0&cDXGF&New&dxAC_equip/NE-dxAC-PkgAC-65to134-New-EER-12.0/instance-out.sql,0.00,8.00
CZ10/Rt3&0&cDXGF&New&dxAC_equip/NE-dxAC-PkgAC-65to134-New-EER-12.5/instance-out.sql,0.00,8.00
CZ10/Rt3&0&cDXGF&New&dxAC_equip/NE-dxAC-PkgAC-65to134-New-EER-13.0/instance-out.sql,0.00,8.00
CZ10/Rt3&0&cDXGF&New&dxAC_equip/NE-dxAC-PkgAC-135to239-New-EER-10.8/instance-out.sql,0.00,8.00
CZ10/Rt3&0&cDXGF&New&dxAC_equip/NE-dxAC-PkgAC-135to239-New-EER-11.5/instance-out.sql,0.00,8.00
CZ10/Rt3&0&cDXGF&New&dxAC_equip/NE-dxAC-PkgAC-135to239-New-EER-12.0/instance-out.sql,0.00,8.00
CZ10/Rt3&0&cDXGF&New&dxAC_equip/NE-dxAC-PkgAC-135to239-New-EER-12.5/instance-out.sql,0.00,8.00
CZ10/Rt3&0&cDXGF&New&dxAC_equip/NE-dxAC-PkgAC-240to759-New-EER-9.8/instance-out.sql,0.00,8.00
CZ10/Rt3&0&cDXGF&New&dxAC_equip/NE-dxAC-PkgAC-240to759-New-EER-10.8/instance-out.sql,0.00,8.00
CZ10/Rt3&0&cDXGF&New&dxAC_equip/NE-dxAC-PkgAC-240to759-New-EER-11.5/instance-out.sql,0.00,8.00
CZ10/Rt3&0&cDXGF&New&dxAC_equip/NE-dxAC-PkgAC-240to759-New-EER-12.5/instance-out.sql,0.00,8.00
CZ10/Rt3&0&cDXGF&New&dxAC_equip/NE-dxAC-PkgAC-gt760-New-EER-9.5/instance-out.sql,0.00,8.00
CZ10/Rt3&0&cDXGF&New&dxAC_equip/NE-dxAC-PkgAC-gt760-New-EER-10.2/instance-out.sql,0.00,8.00
CZ10/Rt3&0&cDXGF&New&dxAC_equip/NE-dxAC-PkgAC-gt760-New-EER-11.0/instance-out.sql,0.00,8.00
CZ10/Rt3&0&cDXGF&New&dxAC_equip/NE-dxAC-PkgAC-gt760-New-EER-12.0/instance-out.sql,0.00,8.00
CZ10/RtL&0&cDXGF&New&dxAC_equip/NE-dxAC-PkgAC-65to134-New-EER-11.0/instance-out.sql,0.00,0.00
CZ10/RtL&0&cDXGF&New&dxAC_equip/NE-dxAC-PkgAC-65to134-New-EER-11.5/instance-out.sql,0.00,0.00
CZ10/RtL&0&cDXGF&New&dxAC_equip/NE-dxAC-PkgAC-65to134-New-EER-12.0/instance-out.sql,0.00,0.00
CZ10/RtL&0&cDXGF&New&dxAC_equip/NE-dxAC-PkgAC-65to134-New-EER-12.5/instance-out.sql,0.00,0.00
CZ10/RtL&0&cDXGF&New&dxAC_equip/NE-dxAC-PkgAC-65to134-New-EER-13.0/instance-out.sql,0.00,0.00
CZ10/RtL&0&cDXGF&New&dxAC_equip/NE-dxAC-PkgAC-135to239-New-EER-10.8/instance-out.sql,0.00,0.00
CZ10/RtL&0&cDXGF&New&dxAC_equip/NE-dxAC-PkgAC-135to239-New-EER-11.5/instance-out.sql,0.00,0.00
CZ10/RtL&0&cDXGF&New&dxAC_equip/NE-dxAC-PkgAC-135to239-New-EER-12.0/instance-out.sql,0.00,0.00
CZ10/RtL&0&cDXGF&New&dxAC_equip/NE-dxAC-PkgAC-135to239-New-EER-12.5/instance-out.sql,0.00,0.00
CZ10/RtL&0&cDXGF&New&dxAC_equip/NE-dxAC-PkgAC-240to759-New-EER-9.8/instance-out.sql,0.00,0.00
CZ10/RtL&0&cDXGF&New&dxAC_equip/NE-dxAC-PkgAC-240to759-New-EER-10.8/instance-out.sql,0.00,0.00
CZ10/RtL&0&cDXGF&New&dxAC_equip/NE-dxAC-PkgAC-240to759-New-EER-11.5/instance-out.sql,0.00,0.00
CZ10/RtL&0&cDXGF&New&dxAC_equip/NE-dxAC-PkgAC-240to759-New-EER-12.5/instance-out.sql,0.00,0.00
CZ10/RtL&0&cDXGF&New&dxAC_equip/NE-dxAC-PkgAC-gt760-New-EER-9.5/instance-out.sql,0.00,0.00
CZ10/RtL&0&cDXGF&New&dxAC_equip/NE-dxAC-PkgAC-gt760-New-EER-10.2/instance-out.sql,0.00,0.00
CZ10/RtL&0&cDXGF&New&dxAC_equip/NE-dxAC-PkgAC-gt760-New-EER-11.0/instance-out.sql,0.00,0.00
CZ10/RtL&0&cDXGF&New&dxAC_equip/NE-dxAC-PkgAC-gt760-New-EER-12.0/instance-out.sql,0.00,0.00
CZ10/RtS&0&cDXGF&New&dxAC_equip/NE-dxAC-PkgAC-65to134-New-EER-11.0/instance-out.sql,0.00,0.00
CZ10/RtS&0&cDXGF&New&dxAC_equip/NE-dxAC-PkgAC-65to134-New-EER-11.5/instance-out.sql,0.00,0.00
CZ10/RtS&0&cDXGF&New&dxAC_equip/NE-dxAC-PkgAC-65to134-New-EER-12.0/instance-out.sql,0.00,0.00
CZ10/RtS&0&cDXGF&New&dxAC_equip/NE-dxAC-PkgAC-65to134-New-EER-12.5/instance-out.sql,0.00,0.00
CZ10/RtS&0&cDXGF&New&dxAC_equip/NE-dxAC-PkgAC-65to134-New-EER-13.0/instance-out.sql,0.00,0.00
CZ10/RtS&0&cDXGF&New&dxAC_equip/NE-dxAC-PkgAC-135to239-New-EER-10.8/instance-out.sql,0.00,0.00
CZ10/RtS&0&cDXGF&New&dxAC_equip/NE-dxAC-PkgAC-135to239-New-EER-11.5/instance-out.sql,0.00,0.00
CZ10/RtS&0&cDXGF&New&dxAC_equip/NE-dxAC-PkgAC-135to239-New-EER-12.0/instance-out.sql,0.00,0.00
CZ10/RtS&0&cDXGF&New&dxAC_equip/NE-dxAC-PkgAC-135to239-New-EER-12.5/instance-out.sql,0.00,0.00
CZ10/RtS&0&cDXGF&New&dxAC_equip/NE-dxAC-PkgAC-240to759-New-EER-9.8/instance-out.sql,0.00,0.00
CZ10/RtS&0&cDXGF&New&dxAC_equip/NE-dxAC-PkgAC-240to759-New-EER-10.8/instance-out.sql,0.00,0.00
CZ10/RtS&0&cDXGF&New&dxAC_equip/NE-dxAC-PkgAC-240to759-New-EER-11.5/instance-out.sql,0.00,0.00
CZ10/RtS&0&cDXGF&New&dxAC_equip/NE-dxAC-PkgAC-240to759-New-EER-12.5/instance-out.sql,0.00,0.00
CZ10/RtS&0&cDXGF&New&dxAC_equip/NE-dxAC-PkgAC-gt760-New-EER-9.5/instance-out.sql,0.00,0.00
CZ10/RtS&0&cDXGF&New&dxAC_equip/NE-dxAC-PkgAC-gt760-New-EER-10.2/instance-out.sql,0.00,0.00
CZ10/RtS&0&cDXGF&New&dxAC_equip/NE-dxAC-PkgAC-gt760-New-EER-11.0/instance-out.sql,0.00,0.00
CZ10/RtS&0&cDXGF&New&dxAC_equip/NE-dxAC-PkgAC-gt760-New-EER-12.0/instance-out.sql,0.00,0.00
CZ10/SCn&0&cDXGF&New&dxAC_equip/NE-dxAC-PkgAC-65to134-New-EER-11.0/instance-out.sql,0.00,0.00
CZ10/SCn&0&cDXGF&New&dxAC_equip/NE-dxAC-PkgAC-65to134-New-EER-11.5/instance-out.sql,0.00,0.00
CZ10/SCn&0&cDXGF&New&dxAC_equip/NE-dxAC-PkgAC-65to134-New-EER-12.0/instance-out.sql,0.00,0.00
CZ10/SCn&0&cDXGF&New&dxAC_equip/NE-dxAC-PkgAC-65to134-New-EER-12.5/instance-out.sql,0.00,0.00
CZ10/SCn&0&cDXGF&New&dxAC_equip/NE-dxAC-PkgAC-65to134-New-EER-13.0/instance-out.sql,0.00,0.00
CZ10/SCn&0&cDXGF&New&dxAC_equip/NE-dxAC-PkgAC-135to239-New-EER-10.8/instance-out.sql,0.00,0.00
CZ10/SCn&0&cDXGF&New&dxAC_equip/NE-dxAC-PkgAC-135to239-New-EER-11.5/instance-out.sql,0.00,0.00
CZ10/SCn&0&cDXGF&New&dxAC_equip/NE-dxAC-PkgAC-135to239-New-EER-12.0/instance-out.sql,0.00,0.00
CZ10/SCn&0&cDXGF&New&dxAC_equip/NE-dxAC-PkgAC-135to239-New-EER-12.5/instance-out.sql,0.00,0.00
CZ10/SCn&0&cDXGF&New&dxAC_equip/NE-dxAC-PkgAC-240to759-New-EER-9.8/instance-out.sql,0.00,0.00
CZ10/SCn&0&cDXGF&New&dxAC_equip/NE-dxAC-PkgAC-240to759-New-EER-10.8/instance-out.sql,0.00,0.00
CZ10/SCn&0&cDXGF&New&dxAC_equip/NE-dxAC-PkgAC-240to759-New-EER-11.5/instance-out.sql,0.00,0.00
CZ10/SCn&0&cDXGF&New&dxAC_equip/NE-dxAC-PkgAC-240to759-New-EER-12.5/instance-out.sql,0.00,0.00
CZ10/SCn&0&cDXGF&New&dxAC_equip/NE-dxAC-PkgAC-gt760-New-EER-9.5/instance-out.sql,0.00,0.00
CZ10/SCn&0&cDXGF&New&dxAC_equip/NE-dxAC-PkgAC-gt760-New-EER-10.2/instance-out.sql,0.00,0.00
CZ10/SCn&0&cDXGF&New&dxAC_equip/NE-dxAC-PkgAC-gt760-New-EER-11.0/instance-out.sql,0.00,0.00
CZ10/SCn&0&cDXGF&New&dxAC_equip/NE-dxAC-PkgAC-gt760-New-EER-12.0/instance-out.sql,0.00,0.00

