File Name,Net Site EUI (kWh/m2),Net Site Energy (kWh),Net Source EUI (kWh/m2),Net Source Energy (kWh)
CZ15/Asm&0&cDXHP&New&dxHP_equip/NE-dxHP-PkgHP-65to134-New-EER-11.0/instance-out.sql,122.26,772465.01,401.62,2537471.24
CZ15/Asm&0&cDXHP&New&dxHP_equip/NE-dxHP-PkgHP-65to134-New-EER-11.5/instance-out.sql,120.02,758274.04,394.12,2490073.40
CZ15/Asm&0&cDXHP&New&dxHP_equip/NE-dxHP-PkgHP-65to134-New-EER-12.0/instance-out.sql,117.98,745391.60,387.31,2447046.04
CZ15/Asm&0&cDXHP&New&dxHP_equip/NE-dxHP-PkgHP-135to239-New-EER-10.4/instance-out.sql,124.13,784280.08,407.87,2576933.57
CZ15/Asm&0&cDXHP&New&dxHP_equip/NE-dxHP-PkgHP-135to239-New-EER-10.8/instance-out.sql,122.09,771352.92,401.04,2533756.86
CZ15/Asm&0&cDXHP&New&dxHP_equip/NE-dxHP-PkgHP-135to239-New-EER-11.2/instance-out.sql,120.26,759811.71,394.93,2495209.20
CZ15/Asm&0&cDXHP&New&dxHP_equip/NE-dxHP-PkgHP-240to759-New-EER-9.3/instance-out.sql,126.61,799929.83,416.14,2629203.72
CZ15/Asm&0&cDXHP&New&dxHP_equip/NE-dxHP-PkgHP-240to759-New-EER-9.7/instance-out.sql,124.28,785196.09,408.35,2579993.04
CZ15/Asm&0&cDXHP&New&dxHP_equip/NE-dxHP-PkgHP-240to759-New-EER-10.0/instance-out.sql,122.73,775387.28,403.17,2547231.61
CZ15/ECC&0&cDXHP&New&dxHP_equip/NE-dxHP-PkgHP-65to134-New-EER-11.0/instance-out.sql,102.84,2715147.00,308.39,8142346.47
CZ15/ECC&0&cDXHP&New&dxHP_equip/NE-dxHP-PkgHP-65to134-New-EER-11.5/instance-out.sql,101.92,2691045.91,305.35,8061848.85
CZ15/ECC&0&cDXHP&New&dxHP_equip/NE-dxHP-PkgHP-65to134-New-EER-12.0/instance-out.sql,101.09,2668970.91,302.55,7988118.36
CZ15/ECC&0&cDXHP&New&dxHP_equip/NE-dxHP-PkgHP-135to239-New-EER-10.4/instance-out.sql,103.59,2735108.66,310.92,8209018.42
CZ15/ECC&0&cDXHP&New&dxHP_equip/NE-dxHP-PkgHP-135to239-New-EER-10.8/instance-out.sql,102.78,2713590.56,308.20,8137147.98
CZ15/ECC&0&cDXHP&New&dxHP_equip/NE-dxHP-PkgHP-135to239-New-EER-11.2/instance-out.sql,102.03,2693751.28,305.69,8070884.79
CZ15/ECC&0&cDXHP&New&dxHP_equip/NE-dxHP-PkgHP-240to759-New-EER-9.3/instance-out.sql,104.60,2761676.21,314.28,8297754.03
CZ15/ECC&0&cDXHP&New&dxHP_equip/NE-dxHP-PkgHP-240to759-New-EER-9.7/instance-out.sql,103.65,2736693.88,311.12,8214313.07
CZ15/ECC&0&cDXHP&New&dxHP_equip/NE-dxHP-PkgHP-240to759-New-EER-10.0/instance-out.sql,103.01,2719718.95,308.97,8157616.80
CZ15/EPr&0&cDXHP&New&dxHP_equip/NE-dxHP-PkgHP-65to134-New-EER-11.0/instance-out.sql,105.89,400850.67,288.37,1091596.92
CZ15/EPr&0&cDXHP&New&dxHP_equip/NE-dxHP-PkgHP-65to134-New-EER-11.5/instance-out.sql,104.82,396792.19,284.79,1078041.59
CZ15/EPr&0&cDXHP&New&dxHP_equip/NE-dxHP-PkgHP-65to134-New-EER-12.0/instance-out.sql,103.84,393085.43,281.52,1065661.02
CZ15/EPr&0&cDXHP&New&dxHP_equip/NE-dxHP-PkgHP-135to239-New-EER-10.4/instance-out.sql,106.78,404217.70,291.34,1102842.81
CZ15/EPr&0&cDXHP&New&dxHP_equip/NE-dxHP-PkgHP-135to239-New-EER-10.8/instance-out.sql,105.82,400570.72,288.12,1090661.90
CZ15/EPr&0&cDXHP&New&dxHP_equip/NE-dxHP-PkgHP-135to239-New-EER-11.2/instance-out.sql,104.94,397242.71,285.19,1079546.34
CZ15/EPr&0&cDXHP&New&dxHP_equip/NE-dxHP-PkgHP-240to759-New-EER-9.3/instance-out.sql,107.97,408692.11,295.29,1117787.34
CZ15/EPr&0&cDXHP&New&dxHP_equip/NE-dxHP-PkgHP-240to759-New-EER-9.7/instance-out.sql,106.85,404483.06,291.58,1103729.09
CZ15/EPr&0&cDXHP&New&dxHP_equip/NE-dxHP-PkgHP-240to759-New-EER-10.0/instance-out.sql,106.10,401641.57,289.07,1094238.52
CZ15/ERC&0&cDXHP&New&dxHP_equip/NE-dxHP-PkgHP-65to134-New-EER-11.0/instance-out.sql,75.20,20146.36,178.06,47701.97
CZ15/ERC&0&cDXHP&New&dxHP_equip/NE-dxHP-PkgHP-65to134-New-EER-11.5/instance-out.sql,74.46,19948.21,175.59,47040.15
CZ15/ERC&0&cDXHP&New&dxHP_equip/NE-dxHP-PkgHP-65to134-New-EER-12.0/instance-out.sql,73.79,19767.24,173.34,46435.71
CZ15/ERC&0&cDXHP&New&dxHP_equip/NE-dxHP-PkgHP-135to239-New-EER-10.4/instance-out.sql,75.82,20310.75,180.11,48251.05
CZ15/ERC&0&cDXHP&New&dxHP_equip/NE-dxHP-PkgHP-135to239-New-EER-10.8/instance-out.sql,75.15,20132.68,177.89,47656.28
CZ15/ERC&0&cDXHP&New&dxHP_equip/NE-dxHP-PkgHP-135to239-New-EER-11.2/instance-out.sql,74.55,19970.20,175.87,47113.60
CZ15/ERC&0&cDXHP&New&dxHP_equip/NE-dxHP-PkgHP-240to759-New-EER-9.3/instance-out.sql,76.63,20529.21,182.84,48980.70
CZ15/ERC&0&cDXHP&New&dxHP_equip/NE-dxHP-PkgHP-240to759-New-EER-9.7/instance-out.sql,75.86,20323.71,180.27,48294.32
CZ15/ERC&0&cDXHP&New&dxHP_equip/NE-dxHP-PkgHP-240to759-New-EER-10.0/instance-out.sql,75.35,20184.99,178.54,47830.99
CZ15/ESe&0&cDXHP&New&dxHP_equip/NE-dxHP-PkgHP-65to134-New-EER-11.0/instance-out.sql,163.52,1130316.15,459.34,3175084.28
CZ15/ESe&0&cDXHP&New&dxHP_equip/NE-dxHP-PkgHP-65to134-New-EER-11.5/instance-out.sql,162.92,1126139.45,457.33,3161134.11
CZ15/ESe&0&cDXHP&New&dxHP_equip/NE-dxHP-PkgHP-65to134-New-EER-12.0/instance-out.sql,162.37,1122314.97,455.48,3148360.34
CZ15/ESe&0&cDXHP&New&dxHP_equip/NE-dxHP-PkgHP-135to239-New-EER-10.4/instance-out.sql,164.03,1133776.07,461.02,3186640.42
CZ15/ESe&0&cDXHP&New&dxHP_equip/NE-dxHP-PkgHP-135to239-New-EER-10.8/instance-out.sql,163.49,1130044.57,459.21,3174177.19
CZ15/ESe&0&cDXHP&New&dxHP_equip/NE-dxHP-PkgHP-135to239-New-EER-11.2/instance-out.sql,162.99,1126607.77,457.55,3162698.28
CZ15/ESe&0&cDXHP&New&dxHP_equip/NE-dxHP-PkgHP-240to759-New-EER-9.3/instance-out.sql,164.69,1138380.27,463.24,3202018.43
CZ15/ESe&0&cDXHP&New&dxHP_equip/NE-dxHP-PkgHP-240to759-New-EER-9.7/instance-out.sql,164.06,1134050.62,461.15,3187557.42
CZ15/ESe&0&cDXHP&New&dxHP_equip/NE-dxHP-PkgHP-240to759-New-EER-10.0/instance-out.sql,163.64,1131110.65,459.73,3177737.90
CZ15/EUn&0&cDXHP&New&dxHP_equip/NE-dxHP-PkgHP-65to134-New-EER-11.0/instance-out.sql,106.14,8458636.45,334.48,26654863.75
CZ15/EUn&0&cDXHP&New&dxHP_equip/NE-dxHP-PkgHP-65to134-New-EER-11.5/instance-out.sql,105.36,8396004.64,331.85,26445673.53
CZ15/EUn&0&cDXHP&New&dxHP_equip/NE-dxHP-PkgHP-65to134-New-EER-12.0/instance-out.sql,104.64,8338676.02,329.45,26254195.92
CZ15/EUn&0&cDXHP&New&dxHP_equip/NE-dxHP-PkgHP-135to239-New-EER-10.4/instance-out.sql,106.79,8510531.27,336.65,26828192.46
CZ15/EUn&0&cDXHP&New&dxHP_equip/NE-dxHP-PkgHP-135to239-New-EER-10.8/instance-out.sql,106.09,8454527.44,334.31,26641139.66
CZ15/EUn&0&cDXHP&New&dxHP_equip/NE-dxHP-PkgHP-135to239-New-EER-11.2/instance-out.sql,105.45,8403016.96,332.15,26469094.67
CZ15/EUn&0&cDXHP&New&dxHP_equip/NE-dxHP-PkgHP-240to759-New-EER-9.3/instance-out.sql,107.66,8579574.84,339.55,27058798.00
CZ15/EUn&0&cDXHP&New&dxHP_equip/NE-dxHP-PkgHP-240to759-New-EER-9.7/instance-out.sql,106.85,8514645.10,336.83,26841932.65
CZ15/EUn&0&cDXHP&New&dxHP_equip/NE-dxHP-PkgHP-240to759-New-EER-10.0/instance-out.sql,106.29,8470593.30,334.98,26694799.64
CZ15/Gro&0&cDXHP&New&dxHP_equip/NE-dxHP-PkgHP-65to134-New-EER-11.0/instance-out.sql,465.99,2164450.03,1533.16,7121344.85
CZ15/Gro&0&cDXHP&New&dxHP_equip/NE-dxHP-PkgHP-65to134-New-EER-11.5/instance-out.sql,464.68,2158386.61,1528.80,7101093.00
CZ15/Gro&0&cDXHP&New&dxHP_equip/NE-dxHP-PkgHP-65to134-New-EER-12.0/instance-out.sql,463.51,2152922.66,1524.87,7082843.42
CZ15/Gro&0&cDXHP&New&dxHP_equip/NE-dxHP-PkgHP-135to239-New-EER-10.4/instance-out.sql,467.08,2169519.77,1536.81,7138277.75
CZ15/Gro&0&cDXHP&New&dxHP_equip/NE-dxHP-PkgHP-135to239-New-EER-10.8/instance-out.sql,465.87,2163906.50,1532.77,7119529.44
CZ15/Gro&0&cDXHP&New&dxHP_equip/NE-dxHP-PkgHP-135to239-New-EER-11.2/instance-out.sql,464.82,2159024.29,1529.26,7103222.86
CZ15/Gro&0&cDXHP&New&dxHP_equip/NE-dxHP-PkgHP-240to759-New-EER-9.3/instance-out.sql,468.52,2176208.76,1541.62,7160618.98
CZ15/Gro&0&cDXHP&New&dxHP_equip/NE-dxHP-PkgHP-240to759-New-EER-9.7/instance-out.sql,467.16,2169905.07,1537.09,7139564.69
CZ15/Gro&0&cDXHP&New&dxHP_equip/NE-dxHP-PkgHP-240to759-New-EER-10.0/instance-out.sql,466.27,2165779.10,1534.12,7125783.93
CZ15/Hsp&0&cDXHP&New&dxHP_equip/NE-dxHP-PkgHP-65to134-New-EER-11.0/instance-out.sql,91.53,4201235.61,287.26,13185231.36
CZ15/Hsp&0&cDXHP&New&dxHP_equip/NE-dxHP-PkgHP-65to134-New-EER-11.5/instance-out.sql,91.30,4190764.44,286.50,13150257.67
CZ15/Hsp&0&cDXHP&New&dxHP_equip/NE-dxHP-PkgHP-65to134-New-EER-12.0/instance-out.sql,91.09,4181166.43,285.80,13118200.30
CZ15/Hsp&0&cDXHP&New&dxHP_equip/NE-dxHP-PkgHP-135to239-New-EER-10.4/instance-out.sql,91.72,4209904.54,287.90,13214185.59
CZ15/Hsp&0&cDXHP&New&dxHP_equip/NE-dxHP-PkgHP-135to239-New-EER-10.8/instance-out.sql,91.52,4200571.44,287.22,13183013.04
CZ15/Hsp&0&cDXHP&New&dxHP_equip/NE-dxHP-PkgHP-135to239-New-EER-11.2/instance-out.sql,91.33,4191943.25,286.59,13154194.87
CZ15/Hsp&0&cDXHP&New&dxHP_equip/NE-dxHP-PkgHP-240to759-New-EER-9.3/instance-out.sql,91.97,4221446.91,288.74,13252737.10
CZ15/Hsp&0&cDXHP&New&dxHP_equip/NE-dxHP-PkgHP-240to759-New-EER-9.7/instance-out.sql,91.74,4210594.34,287.95,13216489.53
CZ15/Hsp&0&cDXHP&New&dxHP_equip/NE-dxHP-PkgHP-240to759-New-EER-10.0/instance-out.sql,91.57,4203207.79,287.41,13191818.45
CZ15/MBT&0&cDXHP&New&dxHP_equip/NE-dxHP-PkgHP-65to134-New-EER-11.0/instance-out.sql,159.47,5925442.52,426.19,15835532.94
CZ15/MBT&0&cDXHP&New&dxHP_equip/NE-dxHP-PkgHP-65to134-New-EER-11.5/instance-out.sql,159.10,5911634.26,424.95,15789413.35
CZ15/MBT&0&cDXHP&New&dxHP_equip/NE-dxHP-PkgHP-65to134-New-EER-12.0/instance-out.sql,158.76,5899002.48,423.81,15747223.23
CZ15/MBT&0&cDXHP&New&dxHP_equip/NE-dxHP-PkgHP-135to239-New-EER-10.4/instance-out.sql,159.78,5936887.51,427.22,15873759.22
CZ15/MBT&0&cDXHP&New&dxHP_equip/NE-dxHP-PkgHP-135to239-New-EER-10.8/instance-out.sql,159.45,5924524.24,426.10,15832465.89
CZ15/MBT&0&cDXHP&New&dxHP_equip/NE-dxHP-PkgHP-135to239-New-EER-11.2/instance-out.sql,159.14,5913176.75,425.08,15794565.27
CZ15/MBT&0&cDXHP&New&dxHP_equip/NE-dxHP-PkgHP-240to759-New-EER-9.3/instance-out.sql,160.19,5952109.76,428.58,15924601.55
CZ15/MBT&0&cDXHP&New&dxHP_equip/NE-dxHP-PkgHP-240to759-New-EER-9.7/instance-out.sql,159.81,5937793.37,427.30,15876784.80
CZ15/MBT&0&cDXHP&New&dxHP_equip/NE-dxHP-PkgHP-240to759-New-EER-10.0/instance-out.sql,159.54,5928093.18,426.42,15844386.14
CZ15/MLI&0&cDXHP&New&dxHP_equip/NE-dxHP-PkgHP-65to134-New-EER-11.0/instance-out.sql,105.23,977713.27,342.08,3178429.00
CZ15/MLI&0&cDXHP&New&dxHP_equip/NE-dxHP-PkgHP-65to134-New-EER-11.5/instance-out.sql,103.88,965197.98,337.58,3136627.91
CZ15/MLI&0&cDXHP&New&dxHP_equip/NE-dxHP-PkgHP-65to134-New-EER-12.0/instance-out.sql,102.65,953759.88,333.46,3098424.69
CZ15/MLI&0&cDXHP&New&dxHP_equip/NE-dxHP-PkgHP-135to239-New-EER-10.4/instance-out.sql,106.34,988092.37,345.81,3213095.20
CZ15/MLI&0&cDXHP&New&dxHP_equip/NE-dxHP-PkgHP-135to239-New-EER-10.8/instance-out.sql,105.13,976862.56,341.77,3175587.61
CZ15/MLI&0&cDXHP&New&dxHP_equip/NE-dxHP-PkgHP-135to239-New-EER-11.2/instance-out.sql,104.03,966590.83,338.08,3141280.03
CZ15/MLI&0&cDXHP&New&dxHP_equip/NE-dxHP-PkgHP-240to759-New-EER-9.3/instance-out.sql,107.83,1001889.87,350.77,3259178.85
CZ15/MLI&0&cDXHP&New&dxHP_equip/NE-dxHP-PkgHP-240to759-New-EER-9.7/instance-out.sql,106.43,988911.78,346.10,3215832.01
CZ15/MLI&0&cDXHP&New&dxHP_equip/NE-dxHP-PkgHP-240to759-New-EER-10.0/instance-out.sql,105.49,980137.41,342.95,3186525.62
CZ15/Mtl&0&cDXHP&New&dxHP_equip/NE-dxHP-PkgHP-65to134-New-EER-11.0/instance-out.sql,76.74,213784.26,249.98,696405.03
CZ15/Mtl&0&cDXHP&New&dxHP_equip/NE-dxHP-PkgHP-65to134-New-EER-11.5/instance-out.sql,75.67,210804.66,246.41,686453.17
CZ15/Mtl&0&cDXHP&New&dxHP_equip/NE-dxHP-PkgHP-65to134-New-EER-12.0/instance-out.sql,74.69,208078.86,243.14,677349.00
CZ15/Mtl&0&cDXHP&New&dxHP_equip/NE-dxHP-PkgHP-135to239-New-EER-10.4/instance-out.sql,77.63,216253.87,252.94,704653.52
CZ15/Mtl&0&cDXHP&New&dxHP_equip/NE-dxHP-PkgHP-135to239-New-EER-10.8/instance-out.sql,76.67,213586.22,249.75,695743.58
CZ15/Mtl&0&cDXHP&New&dxHP_equip/NE-dxHP-PkgHP-135to239-New-EER-11.2/instance-out.sql,75.79,211137.54,246.81,687564.97
CZ15/Mtl&0&cDXHP&New&dxHP_equip/NE-dxHP-PkgHP-240to759-New-EER-9.3/instance-out.sql,78.81,219538.58,256.88,715624.45
CZ15/Mtl&0&cDXHP&New&dxHP_equip/NE-dxHP-PkgHP-240to759-New-EER-9.7/instance-out.sql,77.70,216449.35,253.18,705306.42
CZ15/Mtl&0&cDXHP&New&dxHP_equip/NE-dxHP-PkgHP-240to759-New-EER-10.0/instance-out.sql,76.95,214356.10,250.67,698314.96
CZ15/Nrs&0&cDXHP&New&dxHP_equip/NE-dxHP-PkgHP-65to134-New-EER-11.0/instance-out.sql,92.75,956497.02,268.86,2772554.93
CZ15/Nrs&0&cDXHP&New&dxHP_equip/NE-dxHP-PkgHP-65to134-New-EER-11.5/instance-out.sql,92.34,952267.42,267.49,2758428.06
CZ15/Nrs&0&cDXHP&New&dxHP_equip/NE-dxHP-PkgHP-65to134-New-EER-12.0/instance-out.sql,91.97,948401.01,266.24,2745514.25
CZ15/Nrs&0&cDXHP&New&dxHP_equip/NE-dxHP-PkgHP-135to239-New-EER-10.4/instance-out.sql,93.09,960004.24,270.00,2784269.03
CZ15/Nrs&0&cDXHP&New&dxHP_equip/NE-dxHP-PkgHP-135to239-New-EER-10.8/instance-out.sql,92.73,956210.96,268.77,2771599.49
CZ15/Nrs&0&cDXHP&New&dxHP_equip/NE-dxHP-PkgHP-135to239-New-EER-11.2/instance-out.sql,92.39,952738.55,267.65,2760001.63
CZ15/Nrs&0&cDXHP&New&dxHP_equip/NE-dxHP-PkgHP-240to759-New-EER-9.3/instance-out.sql,93.55,964667.12,271.51,2799843.06
CZ15/Nrs&0&cDXHP&New&dxHP_equip/NE-dxHP-PkgHP-240to759-New-EER-9.7/instance-out.sql,93.12,960281.29,270.09,2785194.37
CZ15/Nrs&0&cDXHP&New&dxHP_equip/NE-dxHP-PkgHP-240to759-New-EER-10.0/instance-out.sql,92.83,957314.57,269.13,2775285.55
CZ15/OfL&0&cDXHP&New&dxHP_equip/NE-dxHP-PkgHP-65to134-New-EER-11.0/instance-out.sql,77.83,2530187.28,252.39,8204792.80
CZ15/OfL&0&cDXHP&New&dxHP_equip/NE-dxHP-PkgHP-65to134-New-EER-11.5/instance-out.sql,77.12,2507100.57,250.02,8127683.20
CZ15/OfL&0&cDXHP&New&dxHP_equip/NE-dxHP-PkgHP-65to134-New-EER-12.0/instance-out.sql,76.47,2485921.77,247.84,8056946.00
CZ15/OfL&0&cDXHP&New&dxHP_equip/NE-dxHP-PkgHP-135to239-New-EER-10.4/instance-out.sql,78.42,2549291.29,254.35,8268600.22
CZ15/OfL&0&cDXHP&New&dxHP_equip/NE-dxHP-PkgHP-135to239-New-EER-10.8/instance-out.sql,77.79,2528752.06,252.24,8199999.18
CZ15/OfL&0&cDXHP&New&dxHP_equip/NE-dxHP-PkgHP-135to239-New-EER-11.2/instance-out.sql,77.20,2509707.82,250.28,8136391.41
CZ15/OfL&0&cDXHP&New&dxHP_equip/NE-dxHP-PkgHP-240to759-New-EER-9.3/instance-out.sql,79.20,2574738.81,256.97,8353594.93
CZ15/OfL&0&cDXHP&New&dxHP_equip/NE-dxHP-PkgHP-240to759-New-EER-9.7/instance-out.sql,78.47,2550814.75,254.51,8273688.57
CZ15/OfL&0&cDXHP&New&dxHP_equip/NE-dxHP-PkgHP-240to759-New-EER-10.0/instance-out.sql,77.96,2534501.24,252.83,8219201.45
CZ15/OfS&0&cDXHP&New&dxHP_equip/NE-dxHP-PkgHP-65to134-New-EER-11.0/instance-out.sql,71.47,132835.23,216.86,403023.23
CZ15/OfS&0&cDXHP&New&dxHP_equip/NE-dxHP-PkgHP-65to134-New-EER-11.5/instance-out.sql,70.62,131254.85,214.01,397744.78
CZ15/OfS&0&cDXHP&New&dxHP_equip/NE-dxHP-PkgHP-65to134-New-EER-12.0/instance-out.sql,69.84,129806.24,211.41,392906.40
CZ15/OfS&0&cDXHP&New&dxHP_equip/NE-dxHP-PkgHP-135to239-New-EER-10.4/instance-out.sql,72.18,134143.58,219.21,407393.13
CZ15/OfS&0&cDXHP&New&dxHP_equip/NE-dxHP-PkgHP-135to239-New-EER-10.8/instance-out.sql,71.42,132735.03,216.68,402688.56
CZ15/OfS&0&cDXHP&New&dxHP_equip/NE-dxHP-PkgHP-135to239-New-EER-11.2/instance-out.sql,70.72,131432.78,214.33,398339.05
CZ15/OfS&0&cDXHP&New&dxHP_equip/NE-dxHP-PkgHP-240to759-New-EER-9.3/instance-out.sql,73.12,135885.63,222.34,413211.56
CZ15/OfS&0&cDXHP&New&dxHP_equip/NE-dxHP-PkgHP-240to759-New-EER-9.7/instance-out.sql,72.23,134247.69,219.39,407740.87
CZ15/OfS&0&cDXHP&New&dxHP_equip/NE-dxHP-PkgHP-240to759-New-EER-10.0/instance-out.sql,71.63,133132.83,217.39,404017.23
CZ15/RFF&0&cDXHP&New&dxHP_equip/NE-dxHP-PkgHP-65to134-New-EER-11.0/instance-out.sql,281.49,104505.99,691.29,256647.07
CZ15/RFF&0&cDXHP&New&dxHP_equip/NE-dxHP-PkgHP-65to134-New-EER-11.5/instance-out.sql,280.01,103955.73,686.34,254809.22
CZ15/RFF&0&cDXHP&New&dxHP_equip/NE-dxHP-PkgHP-65to134-New-EER-12.0/instance-out.sql,278.66,103453.25,681.82,253130.92
CZ15/RFF&0&cDXHP&New&dxHP_equip/NE-dxHP-PkgHP-135to239-New-EER-10.4/instance-out.sql,282.72,104962.54,695.40,258171.96
CZ15/RFF&0&cDXHP&New&dxHP_equip/NE-dxHP-PkgHP-135to239-New-EER-10.8/instance-out.sql,281.39,104467.89,690.95,256519.82
CZ15/RFF&0&cDXHP&New&dxHP_equip/NE-dxHP-PkgHP-135to239-New-EER-11.2/instance-out.sql,280.17,104016.78,686.89,255013.10
CZ15/RFF&0&cDXHP&New&dxHP_equip/NE-dxHP-PkgHP-240to759-New-EER-9.3/instance-out.sql,284.35,105569.20,700.85,260198.18
CZ15/RFF&0&cDXHP&New&dxHP_equip/NE-dxHP-PkgHP-240to759-New-EER-9.7/instance-out.sql,282.82,104998.51,695.72,258292.08
CZ15/RFF&0&cDXHP&New&dxHP_equip/NE-dxHP-PkgHP-240to759-New-EER-10.0/instance-out.sql,281.78,104613.39,692.25,257005.79
CZ15/RSD&0&cDXHP&New&dxHP_equip/NE-dxHP-PkgHP-65to134-New-EER-11.0/instance-out.sql,251.99,262321.24,574.91,598471.77
CZ15/RSD&0&cDXHP&New&dxHP_equip/NE-dxHP-PkgHP-65to134-New-EER-11.5/instance-out.sql,251.71,262022.73,573.95,597474.77
CZ15/RSD&0&cDXHP&New&dxHP_equip/NE-dxHP-PkgHP-65to134-New-EER-12.0/instance-out.sql,251.45,261750.70,573.08,596566.17
CZ15/RSD&0&cDXHP&New&dxHP_equip/NE-dxHP-PkgHP-135to239-New-EER-10.4/instance-out.sql,252.23,262569.20,575.70,599299.96
CZ15/RSD&0&cDXHP&New&dxHP_equip/NE-dxHP-PkgHP-135to239-New-EER-10.8/instance-out.sql,251.97,262299.64,574.84,598399.63
CZ15/RSD&0&cDXHP&New&dxHP_equip/NE-dxHP-PkgHP-135to239-New-EER-11.2/instance-out.sql,251.74,262055.59,574.06,597584.50
CZ15/RSD&0&cDXHP&New&dxHP_equip/NE-dxHP-PkgHP-240to759-New-EER-9.3/instance-out.sql,252.55,262898.33,576.76,600399.25
CZ15/RSD&0&cDXHP&New&dxHP_equip/NE-dxHP-PkgHP-240to759-New-EER-9.7/instance-out.sql,252.25,262588.63,575.77,599364.85
CZ15/RSD&0&cDXHP&New&dxHP_equip/NE-dxHP-PkgHP-240to759-New-EER-10.0/instance-out.sql,252.05,262380.59,575.10,598670.02
CZ15/Rt3&0&cDXHP&New&dxHP_equip/NE-dxHP-PkgHP-65to134-New-EER-11.0/instance-out.sql,86.52,1929021.46,275.39,6140361.12
CZ15/Rt3&0&cDXHP&New&dxHP_equip/NE-dxHP-PkgHP-65to134-New-EER-11.5/instance-out.sql,85.52,1906802.37,272.06,6066149.36
CZ15/Rt3&0&cDXHP&New&dxHP_equip/NE-dxHP-PkgHP-65to134-New-EER-12.0/instance-out.sql,84.61,1886433.76,269.01,5998118.20
CZ15/Rt3&0&cDXHP&New&dxHP_equip/NE-dxHP-PkgHP-135to239-New-EER-10.4/instance-out.sql,87.34,1947415.12,278.15,6201795.95
CZ15/Rt3&0&cDXHP&New&dxHP_equip/NE-dxHP-PkgHP-135to239-New-EER-10.8/instance-out.sql,86.45,1927616.01,275.18,6135666.91
CZ15/Rt3&0&cDXHP&New&dxHP_equip/NE-dxHP-PkgHP-135to239-New-EER-11.2/instance-out.sql,85.63,1909304.80,272.44,6074507.49
CZ15/Rt3&0&cDXHP&New&dxHP_equip/NE-dxHP-PkgHP-240to759-New-EER-9.3/instance-out.sql,88.44,1971907.10,281.82,6283599.17
CZ15/Rt3&0&cDXHP&New&dxHP_equip/NE-dxHP-PkgHP-240to759-New-EER-9.7/instance-out.sql,87.41,1948879.17,278.37,6206685.90
CZ15/Rt3&0&cDXHP&New&dxHP_equip/NE-dxHP-PkgHP-240to759-New-EER-10.0/instance-out.sql,86.70,1933201.75,276.02,6154323.29
CZ15/RtL&0&cDXHP&New&dxHP_equip/NE-dxHP-PkgHP-65to134-New-EER-11.0/instance-out.sql,161.88,1962642.45,514.64,6239474.00
CZ15/RtL&0&cDXHP&New&dxHP_equip/NE-dxHP-PkgHP-65to134-New-EER-11.5/instance-out.sql,160.04,1940287.67,508.48,6164809.05
CZ15/RtL&0&cDXHP&New&dxHP_equip/NE-dxHP-PkgHP-65to134-New-EER-12.0/instance-out.sql,158.35,1919789.08,502.83,6096343.77
CZ15/RtL&0&cDXHP&New&dxHP_equip/NE-dxHP-PkgHP-135to239-New-EER-10.4/instance-out.sql,163.41,1981145.46,519.74,6301274.07
CZ15/RtL&0&cDXHP&New&dxHP_equip/NE-dxHP-PkgHP-135to239-New-EER-10.8/instance-out.sql,161.77,1961237.88,514.25,6234782.75
CZ15/RtL&0&cDXHP&New&dxHP_equip/NE-dxHP-PkgHP-135to239-New-EER-11.2/instance-out.sql,160.24,1942808.06,509.17,6173227.16
CZ15/RtL&0&cDXHP&New&dxHP_equip/NE-dxHP-PkgHP-240to759-New-EER-9.3/instance-out.sql,165.44,2005786.69,526.52,6383575.79
CZ15/RtL&0&cDXHP&New&dxHP_equip/NE-dxHP-PkgHP-240to759-New-EER-9.7/instance-out.sql,163.53,1982619.30,520.14,6306196.69
CZ15/RtL&0&cDXHP&New&dxHP_equip/NE-dxHP-PkgHP-240to759-New-EER-10.0/instance-out.sql,162.23,1966837.12,515.79,6253484.22
CZ15/RtS&0&cDXHP&New&dxHP_equip/NE-dxHP-PkgHP-65to134-New-EER-11.0/instance-out.sql,86.36,128385.35,267.89,398265.89
CZ15/RtS&0&cDXHP&New&dxHP_equip/NE-dxHP-PkgHP-65to134-New-EER-11.5/instance-out.sql,85.28,126779.95,264.28,392903.85
CZ15/RtS&0&cDXHP&New&dxHP_equip/NE-dxHP-PkgHP-65to134-New-EER-12.0/instance-out.sql,84.29,125309.87,260.98,387993.81
CZ15/RtS&0&cDXHP&New&dxHP_equip/NE-dxHP-PkgHP-135to239-New-EER-10.4/instance-out.sql,87.25,129715.22,270.87,402707.65
CZ15/RtS&0&cDXHP&New&dxHP_equip/NE-dxHP-PkgHP-135to239-New-EER-10.8/instance-out.sql,86.29,128281.05,267.65,397917.52
CZ15/RtS&0&cDXHP&New&dxHP_equip/NE-dxHP-PkgHP-135to239-New-EER-11.2/instance-out.sql,85.40,126959.98,264.68,393505.15
CZ15/RtS&0&cDXHP&New&dxHP_equip/NE-dxHP-PkgHP-240to759-New-EER-9.3/instance-out.sql,88.44,131484.94,274.85,408618.51
CZ15/RtS&0&cDXHP&New&dxHP_equip/NE-dxHP-PkgHP-240to759-New-EER-9.7/instance-out.sql,87.32,129820.76,271.11,403060.15
CZ15/RtS&0&cDXHP&New&dxHP_equip/NE-dxHP-PkgHP-240to759-New-EER-10.0/instance-out.sql,86.56,128690.63,268.57,399285.54
CZ15/SCn&0&cDXHP&New&dxHP_equip/NE-dxHP-PkgHP-65to134-New-EER-11.0/instance-out.sql,74.29,3450954.22,244.90,11375948.53
CZ15/SCn&0&cDXHP&New&dxHP_equip/NE-dxHP-PkgHP-65to134-New-EER-11.5/instance-out.sql,73.22,3401264.41,241.33,11209984.57
CZ15/SCn&0&cDXHP&New&dxHP_equip/NE-dxHP-PkgHP-65to134-New-EER-12.0/instance-out.sql,72.25,3355908.17,238.07,11058494.73
CZ15/SCn&0&cDXHP&New&dxHP_equip/NE-dxHP-PkgHP-135to239-New-EER-10.4/instance-out.sql,75.18,3492192.80,247.87,11513685.38
CZ15/SCn&0&cDXHP&New&dxHP_equip/NE-dxHP-PkgHP-135to239-New-EER-10.8/instance-out.sql,74.22,3447480.57,244.65,11364346.53
CZ15/SCn&0&cDXHP&New&dxHP_equip/NE-dxHP-PkgHP-135to239-New-EER-11.2/instance-out.sql,73.34,3406767.34,241.73,11228364.34
CZ15/SCn&0&cDXHP&New&dxHP_equip/NE-dxHP-PkgHP-240to759-New-EER-9.3/instance-out.sql,76.36,3546976.56,251.81,11696663.16
CZ15/SCn&0&cDXHP&New&dxHP_equip/NE-dxHP-PkgHP-240to759-New-EER-9.7/instance-out.sql,75.25,3495437.56,248.10,11524522.90
CZ15/SCn&0&cDXHP&New&dxHP_equip/NE-dxHP-PkgHP-240to759-New-EER-10.0/instance-out.sql,74.50,3460691.86,245.60,11408472.27
CZ16/Asm&0&cDXHP&New&dxHP_equip/NE-dxHP-PkgHP-65to134-New-EER-11.0/instance-out.sql,111.44,704086.76,364.03,2299947.75
CZ16/Asm&0&cDXHP&New&dxHP_equip/NE-dxHP-PkgHP-65to134-New-EER-11.5/instance-out.sql,110.02,695104.17,359.28,2269945.90
CZ16/Asm&0&cDXHP&New&dxHP_equip/NE-dxHP-PkgHP-65to134-New-EER-12.0/instance-out.sql,108.87,687869.22,355.46,2245781.17
CZ16/Asm&0&cDXHP&New&dxHP_equip/NE-dxHP-PkgHP-135to239-New-EER-10.4/instance-out.sql,112.70,712054.22,368.24,2326559.07
CZ16/Asm&0&cDXHP&New&dxHP_equip/NE-dxHP-PkgHP-135to239-New-EER-10.8/instance-out.sql,111.08,701826.18,362.83,2292397.43
CZ16/Asm&0&cDXHP&New&dxHP_equip/NE-dxHP-PkgHP-135to239-New-EER-11.2/instance-out.sql,110.10,695637.60,359.56,2271727.55
CZ16/Asm&0&cDXHP&New&dxHP_equip/NE-dxHP-PkgHP-240to759-New-EER-9.3/instance-out.sql,114.28,722011.84,373.51,2359817.50
CZ16/Asm&0&cDXHP&New&dxHP_equip/NE-dxHP-PkgHP-240to759-New-EER-9.7/instance-out.sql,112.77,712495.68,368.47,2328033.53
CZ16/Asm&0&cDXHP&New&dxHP_equip/NE-dxHP-PkgHP-240to759-New-EER-10.0/instance-out.sql,112.02,707768.46,365.98,2312244.64
CZ16/ECC&0&cDXHP&New&dxHP_equip/NE-dxHP-PkgHP-65to134-New-EER-11.0/instance-out.sql,96.07,2536405.65,276.28,7294425.86
CZ16/ECC&0&cDXHP&New&dxHP_equip/NE-dxHP-PkgHP-65to134-New-EER-11.5/instance-out.sql,95.61,2524289.68,274.75,7253958.53
CZ16/ECC&0&cDXHP&New&dxHP_equip/NE-dxHP-PkgHP-65to134-New-EER-12.0/instance-out.sql,95.21,2513727.20,273.41,7218679.85
CZ16/ECC&0&cDXHP&New&dxHP_equip/NE-dxHP-PkgHP-135to239-New-EER-10.4/instance-out.sql,96.46,2546725.07,277.58,7328892.71
CZ16/ECC&0&cDXHP&New&dxHP_equip/NE-dxHP-PkgHP-135to239-New-EER-10.8/instance-out.sql,96.00,2534717.45,276.07,7288787.28
CZ16/ECC&0&cDXHP&New&dxHP_equip/NE-dxHP-PkgHP-135to239-New-EER-11.2/instance-out.sql,95.65,2525393.76,274.89,7257646.15
CZ16/ECC&0&cDXHP&New&dxHP_equip/NE-dxHP-PkgHP-240to759-New-EER-9.3/instance-out.sql,96.97,2560111.02,279.28,7373601.79
CZ16/ECC&0&cDXHP&New&dxHP_equip/NE-dxHP-PkgHP-240to759-New-EER-9.7/instance-out.sql,96.49,2547441.48,277.68,7331285.53
CZ16/ECC&0&cDXHP&New&dxHP_equip/NE-dxHP-PkgHP-240to759-New-EER-10.0/instance-out.sql,96.19,2539770.00,276.70,7305662.77
CZ16/EPr&0&cDXHP&New&dxHP_equip/NE-dxHP-PkgHP-65to134-New-EER-11.0/instance-out.sql,101.06,382557.76,260.31,985368.19
CZ16/EPr&0&cDXHP&New&dxHP_equip/NE-dxHP-PkgHP-65to134-New-EER-11.5/instance-out.sql,100.48,380370.45,258.38,978062.57
CZ16/EPr&0&cDXHP&New&dxHP_equip/NE-dxHP-PkgHP-65to134-New-EER-12.0/instance-out.sql,100.00,378535.05,256.76,971932.34
CZ16/EPr&0&cDXHP&New&dxHP_equip/NE-dxHP-PkgHP-135to239-New-EER-10.4/instance-out.sql,101.56,384458.73,261.99,991717.43
CZ16/EPr&0&cDXHP&New&dxHP_equip/NE-dxHP-PkgHP-135to239-New-EER-10.8/instance-out.sql,100.95,382131.99,259.93,983946.12
CZ16/EPr&0&cDXHP&New&dxHP_equip/NE-dxHP-PkgHP-135to239-New-EER-11.2/instance-out.sql,100.53,380535.58,258.52,978614.10
CZ16/EPr&0&cDXHP&New&dxHP_equip/NE-dxHP-PkgHP-240to759-New-EER-9.3/instance-out.sql,102.20,386879.33,264.12,999802.24
CZ16/EPr&0&cDXHP&New&dxHP_equip/NE-dxHP-PkgHP-240to759-New-EER-9.7/instance-out.sql,101.60,384577.31,262.09,992113.49
CZ16/EPr&0&cDXHP&New&dxHP_equip/NE-dxHP-PkgHP-240to759-New-EER-10.0/instance-out.sql,101.26,383307.53,260.97,987872.41
CZ16/ERC&0&cDXHP&New&dxHP_equip/NE-dxHP-PkgHP-65to134-New-EER-11.0/instance-out.sql,70.57,18905.55,156.48,41921.06
CZ16/ERC&0&cDXHP&New&dxHP_equip/NE-dxHP-PkgHP-65to134-New-EER-11.5/instance-out.sql,70.18,18801.88,155.19,41574.82
CZ16/ERC&0&cDXHP&New&dxHP_equip/NE-dxHP-PkgHP-65to134-New-EER-12.0/instance-out.sql,69.87,18717.64,154.14,41293.46
CZ16/ERC&0&cDXHP&New&dxHP_equip/NE-dxHP-PkgHP-135to239-New-EER-10.4/instance-out.sql,70.91,18997.10,157.62,42226.86
CZ16/ERC&0&cDXHP&New&dxHP_equip/NE-dxHP-PkgHP-135to239-New-EER-10.8/instance-out.sql,70.48,18880.72,156.17,41838.12
CZ16/ERC&0&cDXHP&New&dxHP_equip/NE-dxHP-PkgHP-135to239-New-EER-11.2/instance-out.sql,70.21,18808.39,155.27,41596.57
CZ16/ERC&0&cDXHP&New&dxHP_equip/NE-dxHP-PkgHP-240to759-New-EER-9.3/instance-out.sql,71.34,19111.98,159.06,42610.55
CZ16/ERC&0&cDXHP&New&dxHP_equip/NE-dxHP-PkgHP-240to759-New-EER-9.7/instance-out.sql,70.93,19002.31,157.69,42244.25
CZ16/ERC&0&cDXHP&New&dxHP_equip/NE-dxHP-PkgHP-240to759-New-EER-10.0/instance-out.sql,70.72,18946.56,156.99,42058.04
CZ16/ESe&0&cDXHP&New&dxHP_equip/NE-dxHP-PkgHP-65to134-New-EER-11.0/instance-out.sql,168.94,1167745.01,413.53,2858400.51
CZ16/ESe&0&cDXHP&New&dxHP_equip/NE-dxHP-PkgHP-65to134-New-EER-11.5/instance-out.sql,168.63,1165573.39,412.48,2851147.31
CZ16/ESe&0&cDXHP&New&dxHP_equip/NE-dxHP-PkgHP-65to134-New-EER-12.0/instance-out.sql,168.35,1163693.19,411.57,2844867.42
CZ16/ESe&0&cDXHP&New&dxHP_equip/NE-dxHP-PkgHP-135to239-New-EER-10.4/instance-out.sql,169.21,1169601.52,414.43,2864601.24
CZ16/ESe&0&cDXHP&New&dxHP_equip/NE-dxHP-PkgHP-135to239-New-EER-10.8/instance-out.sql,168.89,1167420.46,413.37,2857316.52
CZ16/ESe&0&cDXHP&New&dxHP_equip/NE-dxHP-PkgHP-135to239-New-EER-11.2/instance-out.sql,168.65,1165765.08,412.57,2851787.53
CZ16/ESe&0&cDXHP&New&dxHP_equip/NE-dxHP-PkgHP-240to759-New-EER-9.3/instance-out.sql,169.56,1172001.49,415.59,2872617.15
CZ16/ESe&0&cDXHP&New&dxHP_equip/NE-dxHP-PkgHP-240to759-New-EER-9.7/instance-out.sql,169.23,1169727.97,414.49,2865023.60
CZ16/ESe&0&cDXHP&New&dxHP_equip/NE-dxHP-PkgHP-240to759-New-EER-10.0/instance-out.sql,169.03,1168373.87,413.83,2860500.90
CZ16/EUn&0&cDXHP&New&dxHP_equip/NE-dxHP-PkgHP-65to134-New-EER-11.0/instance-out.sql,100.46,8005785.91,309.97,24701637.92
CZ16/EUn&0&cDXHP&New&dxHP_equip/NE-dxHP-PkgHP-65to134-New-EER-11.5/instance-out.sql,100.03,7971869.28,308.55,24588356.36
CZ16/EUn&0&cDXHP&New&dxHP_equip/NE-dxHP-PkgHP-65to134-New-EER-12.0/instance-out.sql,99.67,7942481.77,307.31,24490202.07
CZ16/EUn&0&cDXHP&New&dxHP_equip/NE-dxHP-PkgHP-135to239-New-EER-10.4/instance-out.sql,100.82,8034769.31,311.18,24798442.47
CZ16/EUn&0&cDXHP&New&dxHP_equip/NE-dxHP-PkgHP-135to239-New-EER-10.8/instance-out.sql,100.40,8000754.66,309.76,24684833.53
CZ16/EUn&0&cDXHP&New&dxHP_equip/NE-dxHP-PkgHP-135to239-New-EER-11.2/instance-out.sql,100.07,7974873.65,308.67,24598390.97
CZ16/EUn&0&cDXHP&New&dxHP_equip/NE-dxHP-PkgHP-240to759-New-EER-9.3/instance-out.sql,101.29,8072251.19,312.75,24923631.94
CZ16/EUn&0&cDXHP&New&dxHP_equip/NE-dxHP-PkgHP-240to759-New-EER-9.7/instance-out.sql,100.85,8036747.64,311.27,24805050.07
CZ16/EUn&0&cDXHP&New&dxHP_equip/NE-dxHP-PkgHP-240to759-New-EER-10.0/instance-out.sql,100.58,8015563.29,310.38,24734294.37
CZ16/Gro&0&cDXHP&New&dxHP_equip/NE-dxHP-PkgHP-65to134-New-EER-11.0/instance-out.sql,387.55,1800140.61,1264.55,5873669.14
CZ16/Gro&0&cDXHP&New&dxHP_equip/NE-dxHP-PkgHP-65to134-New-EER-11.5/instance-out.sql,386.71,1796228.89,1261.74,5860603.99
CZ16/Gro&0&cDXHP&New&dxHP_equip/NE-dxHP-PkgHP-65to134-New-EER-12.0/instance-out.sql,386.09,1793334.00,1259.66,5850935.04
CZ16/Gro&0&cDXHP&New&dxHP_equip/NE-dxHP-PkgHP-135to239-New-EER-10.4/instance-out.sql,388.33,1803746.25,1267.14,5885711.96
CZ16/Gro&0&cDXHP&New&dxHP_equip/NE-dxHP-PkgHP-135to239-New-EER-10.8/instance-out.sql,387.25,1798723.12,1263.53,5868934.72
CZ16/Gro&0&cDXHP&New&dxHP_equip/NE-dxHP-PkgHP-135to239-New-EER-11.2/instance-out.sql,386.74,1796338.81,1261.82,5860971.12
CZ16/Gro&0&cDXHP&New&dxHP_equip/NE-dxHP-PkgHP-240to759-New-EER-9.3/instance-out.sql,389.27,1808096.94,1270.27,5900243.28
CZ16/Gro&0&cDXHP&New&dxHP_equip/NE-dxHP-PkgHP-240to759-New-EER-9.7/instance-out.sql,388.36,1803900.00,1267.25,5886225.49
CZ16/Gro&0&cDXHP&New&dxHP_equip/NE-dxHP-PkgHP-240to759-New-EER-10.0/instance-out.sql,388.01,1802253.57,1266.07,5880726.42
CZ16/Hsp&0&cDXHP&New&dxHP_equip/NE-dxHP-PkgHP-65to134-New-EER-11.0/instance-out.sql,83.36,3825942.17,250.81,11512042.48
CZ16/Hsp&0&cDXHP&New&dxHP_equip/NE-dxHP-PkgHP-65to134-New-EER-11.5/instance-out.sql,83.24,3820541.01,250.42,11494002.63
CZ16/Hsp&0&cDXHP&New&dxHP_equip/NE-dxHP-PkgHP-65to134-New-EER-12.0/instance-out.sql,83.13,3815793.64,250.07,11478146.41
CZ16/Hsp&0&cDXHP&New&dxHP_equip/NE-dxHP-PkgHP-135to239-New-EER-10.4/instance-out.sql,83.45,3830521.84,251.14,11527338.60
CZ16/Hsp&0&cDXHP&New&dxHP_equip/NE-dxHP-PkgHP-135to239-New-EER-10.8/instance-out.sql,83.34,3825255.19,250.76,11509747.97
CZ16/Hsp&0&cDXHP&New&dxHP_equip/NE-dxHP-PkgHP-135to239-New-EER-11.2/instance-out.sql,83.25,3821051.74,250.46,11495708.44
CZ16/Hsp&0&cDXHP&New&dxHP_equip/NE-dxHP-PkgHP-240to759-New-EER-9.3/instance-out.sql,83.58,3836486.97,251.58,11547262.10
CZ16/Hsp&0&cDXHP&New&dxHP_equip/NE-dxHP-PkgHP-240to759-New-EER-9.7/instance-out.sql,83.46,3830847.04,251.17,11528424.76
CZ16/Hsp&0&cDXHP&New&dxHP_equip/NE-dxHP-PkgHP-240to759-New-EER-10.0/instance-out.sql,83.39,3827364.75,250.91,11516793.91
CZ16/MBT&0&cDXHP&New&dxHP_equip/NE-dxHP-PkgHP-65to134-New-EER-11.0/instance-out.sql,183.57,6820822.95,393.35,14615498.30
CZ16/MBT&0&cDXHP&New&dxHP_equip/NE-dxHP-PkgHP-65to134-New-EER-11.5/instance-out.sql,183.37,6813461.93,392.69,14590912.51
CZ16/MBT&0&cDXHP&New&dxHP_equip/NE-dxHP-PkgHP-65to134-New-EER-12.0/instance-out.sql,183.21,6807359.66,392.14,14570530.91
CZ16/MBT&0&cDXHP&New&dxHP_equip/NE-dxHP-PkgHP-135to239-New-EER-10.4/instance-out.sql,183.74,6827259.91,393.93,14636997.74
CZ16/MBT&0&cDXHP&New&dxHP_equip/NE-dxHP-PkgHP-135to239-New-EER-10.8/instance-out.sql,183.53,6819264.07,393.21,14610291.63
CZ16/MBT&0&cDXHP&New&dxHP_equip/NE-dxHP-PkgHP-135to239-New-EER-11.2/instance-out.sql,183.39,6813982.03,392.74,14592649.63
CZ16/MBT&0&cDXHP&New&dxHP_equip/NE-dxHP-PkgHP-240to759-New-EER-9.3/instance-out.sql,183.96,6835410.19,394.66,14664219.70
CZ16/MBT&0&cDXHP&New&dxHP_equip/NE-dxHP-PkgHP-240to759-New-EER-9.7/instance-out.sql,183.75,6827647.77,393.96,14638293.19
CZ16/MBT&0&cDXHP&New&dxHP_equip/NE-dxHP-PkgHP-240to759-New-EER-10.0/instance-out.sql,183.64,6823494.48,393.59,14624421.23
CZ16/MLI&0&cDXHP&New&dxHP_equip/NE-dxHP-PkgHP-65to134-New-EER-11.0/instance-out.sql,103.50,961669.90,333.70,3100656.11
CZ16/MLI&0&cDXHP&New&dxHP_equip/NE-dxHP-PkgHP-65to134-New-EER-11.5/instance-out.sql,102.72,954413.39,331.10,3076419.37
CZ16/MLI&0&cDXHP&New&dxHP_equip/NE-dxHP-PkgHP-65to134-New-EER-12.0/instance-out.sql,102.07,948438.13,328.95,3056462.00
CZ16/MLI&0&cDXHP&New&dxHP_equip/NE-dxHP-PkgHP-135to239-New-EER-10.4/instance-out.sql,104.18,968036.93,335.99,3121921.99
CZ16/MLI&0&cDXHP&New&dxHP_equip/NE-dxHP-PkgHP-135to239-New-EER-10.8/instance-out.sql,103.33,960064.79,333.13,3095295.04
CZ16/MLI&0&cDXHP&New&dxHP_equip/NE-dxHP-PkgHP-135to239-New-EER-11.2/instance-out.sql,102.77,954906.79,331.27,3078067.32
CZ16/MLI&0&cDXHP&New&dxHP_equip/NE-dxHP-PkgHP-240to759-New-EER-9.3/instance-out.sql,105.05,976073.77,338.88,3148765.02
CZ16/MLI&0&cDXHP&New&dxHP_equip/NE-dxHP-PkgHP-240to759-New-EER-9.7/instance-out.sql,104.22,968413.21,336.13,3123178.75
CZ16/MLI&0&cDXHP&New&dxHP_equip/NE-dxHP-PkgHP-240to759-New-EER-10.0/instance-out.sql,103.79,964383.96,334.68,3109721.05
CZ16/Mtl&0&cDXHP&New&dxHP_equip/NE-dxHP-PkgHP-65to134-New-EER-11.0/instance-out.sql,65.98,183811.53,211.67,589658.54
CZ16/Mtl&0&cDXHP&New&dxHP_equip/NE-dxHP-PkgHP-65to134-New-EER-11.5/instance-out.sql,65.36,182094.06,209.61,583922.17
CZ16/Mtl&0&cDXHP&New&dxHP_equip/NE-dxHP-PkgHP-65to134-New-EER-12.0/instance-out.sql,64.85,180663.27,207.89,579143.35
CZ16/Mtl&0&cDXHP&New&dxHP_equip/NE-dxHP-PkgHP-135to239-New-EER-10.4/instance-out.sql,66.52,185309.69,213.46,594662.37
CZ16/Mtl&0&cDXHP&New&dxHP_equip/NE-dxHP-PkgHP-135to239-New-EER-10.8/instance-out.sql,65.86,183459.67,211.24,588483.31
CZ16/Mtl&0&cDXHP&New&dxHP_equip/NE-dxHP-PkgHP-135to239-New-EER-11.2/instance-out.sql,65.41,182218.76,209.76,584338.67
CZ16/Mtl&0&cDXHP&New&dxHP_equip/NE-dxHP-PkgHP-240to759-New-EER-9.3/instance-out.sql,67.20,187210.92,215.74,601012.50
CZ16/Mtl&0&cDXHP&New&dxHP_equip/NE-dxHP-PkgHP-240to759-New-EER-9.7/instance-out.sql,66.55,185401.24,213.57,594968.14
CZ16/Mtl&0&cDXHP&New&dxHP_equip/NE-dxHP-PkgHP-240to759-New-EER-10.0/instance-out.sql,66.20,184420.91,212.40,591693.85
CZ16/Nrs&0&cDXHP&New&dxHP_equip/NE-dxHP-PkgHP-65to134-New-EER-11.0/instance-out.sql,87.23,899495.60,237.67,2450918.65
CZ16/Nrs&0&cDXHP&New&dxHP_equip/NE-dxHP-PkgHP-65to134-New-EER-11.5/instance-out.sql,87.00,897169.90,236.92,2443150.83
CZ16/Nrs&0&cDXHP&New&dxHP_equip/NE-dxHP-PkgHP-65to134-New-EER-12.0/instance-out.sql,86.81,895220.23,236.29,2436638.94
CZ16/Nrs&0&cDXHP&New&dxHP_equip/NE-dxHP-PkgHP-135to239-New-EER-10.4/instance-out.sql,87.42,901517.81,238.33,2457672.85
CZ16/Nrs&0&cDXHP&New&dxHP_equip/NE-dxHP-PkgHP-135to239-New-EER-10.8/instance-out.sql,87.18,899039.77,237.53,2449396.18
CZ16/Nrs&0&cDXHP&New&dxHP_equip/NE-dxHP-PkgHP-135to239-New-EER-11.2/instance-out.sql,87.02,897344.60,236.98,2443734.31
CZ16/Nrs&0&cDXHP&New&dxHP_equip/NE-dxHP-PkgHP-240to759-New-EER-9.3/instance-out.sql,87.67,904091.66,239.16,2466269.49
CZ16/Nrs&0&cDXHP&New&dxHP_equip/NE-dxHP-PkgHP-240to759-New-EER-9.7/instance-out.sql,87.44,901643.62,238.37,2458093.04
CZ16/Nrs&0&cDXHP&New&dxHP_equip/NE-dxHP-PkgHP-240to759-New-EER-10.0/instance-out.sql,87.30,900296.47,237.93,2453593.58
CZ16/OfL&0&cDXHP&New&dxHP_equip/NE-dxHP-PkgHP-65to134-New-EER-11.0/instance-out.sql,70.89,2304565.23,225.39,7327139.55
CZ16/OfL&0&cDXHP&New&dxHP_equip/NE-dxHP-PkgHP-65to134-New-EER-11.5/instance-out.sql,70.52,2292352.01,224.14,7286347.39
CZ16/OfL&0&cDXHP&New&dxHP_equip/NE-dxHP-PkgHP-65to134-New-EER-12.0/instance-out.sql,70.18,2281456.49,223.02,7249956.37
CZ16/OfL&0&cDXHP&New&dxHP_equip/NE-dxHP-PkgHP-135to239-New-EER-10.4/instance-out.sql,71.21,2314835.50,226.45,7361442.27
CZ16/OfL&0&cDXHP&New&dxHP_equip/NE-dxHP-PkgHP-135to239-New-EER-10.8/instance-out.sql,70.85,2303283.81,225.26,7322859.61
CZ16/OfL&0&cDXHP&New&dxHP_equip/NE-dxHP-PkgHP-135to239-New-EER-11.2/instance-out.sql,70.55,2293583.72,224.26,7290461.32
CZ16/OfL&0&cDXHP&New&dxHP_equip/NE-dxHP-PkgHP-240to759-New-EER-9.3/instance-out.sql,71.62,2328314.96,227.83,7406463.64
CZ16/OfL&0&cDXHP&New&dxHP_equip/NE-dxHP-PkgHP-240to759-New-EER-9.7/instance-out.sql,71.23,2315595.02,226.52,7363979.06
CZ16/OfL&0&cDXHP&New&dxHP_equip/NE-dxHP-PkgHP-240to759-New-EER-10.0/instance-out.sql,70.98,2307461.91,225.69,7336814.46
CZ16/OfS&0&cDXHP&New&dxHP_equip/NE-dxHP-PkgHP-65to134-New-EER-11.0/instance-out.sql,67.69,125800.84,198.78,369423.27
CZ16/OfS&0&cDXHP&New&dxHP_equip/NE-dxHP-PkgHP-65to134-New-EER-11.5/instance-out.sql,67.22,124936.94,197.22,366537.84
CZ16/OfS&0&cDXHP&New&dxHP_equip/NE-dxHP-PkgHP-65to134-New-EER-12.0/instance-out.sql,66.83,124203.13,195.90,364086.92
CZ16/OfS&0&cDXHP&New&dxHP_equip/NE-dxHP-PkgHP-135to239-New-EER-10.4/instance-out.sql,68.09,126546.92,200.12,371915.18
CZ16/OfS&0&cDXHP&New&dxHP_equip/NE-dxHP-PkgHP-135to239-New-EER-10.8/instance-out.sql,67.61,125647.74,198.50,368911.93
CZ16/OfS&0&cDXHP&New&dxHP_equip/NE-dxHP-PkgHP-135to239-New-EER-11.2/instance-out.sql,67.26,125006.41,197.35,366769.89
CZ16/OfS&0&cDXHP&New&dxHP_equip/NE-dxHP-PkgHP-240to759-New-EER-9.3/instance-out.sql,68.61,127502.46,201.83,375106.69
CZ16/OfS&0&cDXHP&New&dxHP_equip/NE-dxHP-PkgHP-240to759-New-EER-9.7/instance-out.sql,68.12,126595.09,200.20,372076.08
CZ16/OfS&0&cDXHP&New&dxHP_equip/NE-dxHP-PkgHP-240to759-New-EER-10.0/instance-out.sql,67.84,126079.24,199.28,370353.12
CZ16/RFF&0&cDXHP&New&dxHP_equip/NE-dxHP-PkgHP-65to134-New-EER-11.0/instance-out.sql,271.65,100853.77,627.98,233142.72
CZ16/RFF&0&cDXHP&New&dxHP_equip/NE-dxHP-PkgHP-65to134-New-EER-11.5/instance-out.sql,270.81,100542.19,625.18,232102.03
CZ16/RFF&0&cDXHP&New&dxHP_equip/NE-dxHP-PkgHP-65to134-New-EER-12.0/instance-out.sql,270.13,100289.94,622.91,231259.50
CZ16/RFF&0&cDXHP&New&dxHP_equip/NE-dxHP-PkgHP-135to239-New-EER-10.4/instance-out.sql,272.40,101129.46,630.46,234063.50
CZ16/RFF&0&cDXHP&New&dxHP_equip/NE-dxHP-PkgHP-135to239-New-EER-10.8/instance-out.sql,271.45,100777.55,627.29,232888.13
CZ16/RFF&0&cDXHP&New&dxHP_equip/NE-dxHP-PkgHP-135to239-New-EER-11.2/instance-out.sql,270.87,100561.31,625.35,232165.90
CZ16/RFF&0&cDXHP&New&dxHP_equip/NE-dxHP-PkgHP-240to759-New-EER-9.3/instance-out.sql,273.33,101474.79,633.57,235216.90
CZ16/RFF&0&cDXHP&New&dxHP_equip/NE-dxHP-PkgHP-240to759-New-EER-9.7/instance-out.sql,272.44,101144.96,630.60,234115.29
CZ16/RFF&0&cDXHP&New&dxHP_equip/NE-dxHP-PkgHP-240to759-New-EER-10.0/instance-out.sql,271.99,100978.91,629.10,233560.66
CZ16/RSD&0&cDXHP&New&dxHP_equip/NE-dxHP-PkgHP-65to134-New-EER-11.0/instance-out.sql,247.83,257988.24,511.67,532639.91
CZ16/RSD&0&cDXHP&New&dxHP_equip/NE-dxHP-PkgHP-65to134-New-EER-11.5/instance-out.sql,247.66,257812.84,511.11,532054.07
CZ16/RSD&0&cDXHP&New&dxHP_equip/NE-dxHP-PkgHP-65to134-New-EER-12.0/instance-out.sql,247.53,257673.06,510.66,531587.23
CZ16/RSD&0&cDXHP&New&dxHP_equip/NE-dxHP-PkgHP-135to239-New-EER-10.4/instance-out.sql,247.98,258144.62,512.17,533162.21
CZ16/RSD&0&cDXHP&New&dxHP_equip/NE-dxHP-PkgHP-135to239-New-EER-10.8/instance-out.sql,247.79,257941.55,511.52,532483.98
CZ16/RSD&0&cDXHP&New&dxHP_equip/NE-dxHP-PkgHP-135to239-New-EER-11.2/instance-out.sql,247.67,257822.53,511.14,532086.46
CZ16/RSD&0&cDXHP&New&dxHP_equip/NE-dxHP-PkgHP-240to759-New-EER-9.3/instance-out.sql,248.17,258339.14,512.79,533811.92
CZ16/RSD&0&cDXHP&New&dxHP_equip/NE-dxHP-PkgHP-240to759-New-EER-9.7/instance-out.sql,247.99,258153.01,512.20,533190.25
CZ16/RSD&0&cDXHP&New&dxHP_equip/NE-dxHP-PkgHP-240to759-New-EER-10.0/instance-out.sql,247.90,258063.12,511.91,532890.03
CZ16/Rt3&0&cDXHP&New&dxHP_equip/NE-dxHP-PkgHP-65to134-New-EER-11.0/instance-out.sql,79.12,1764177.20,246.04,5485924.89
CZ16/Rt3&0&cDXHP&New&dxHP_equip/NE-dxHP-PkgHP-65to134-New-EER-11.5/instance-out.sql,78.60,1752529.76,244.30,5447022.45
CZ16/Rt3&0&cDXHP&New&dxHP_equip/NE-dxHP-PkgHP-65to134-New-EER-12.0/instance-out.sql,78.14,1742370.50,242.78,5413090.53
CZ16/Rt3&0&cDXHP&New&dxHP_equip/NE-dxHP-PkgHP-135to239-New-EER-10.4/instance-out.sql,79.57,1774094.78,247.53,5519049.61
CZ16/Rt3&0&cDXHP&New&dxHP_equip/NE-dxHP-PkgHP-135to239-New-EER-10.8/instance-out.sql,79.05,1762563.14,245.80,5480533.95
CZ16/Rt3&0&cDXHP&New&dxHP_equip/NE-dxHP-PkgHP-135to239-New-EER-11.2/instance-out.sql,78.65,1753593.65,244.46,5450575.83
CZ16/Rt3&0&cDXHP&New&dxHP_equip/NE-dxHP-PkgHP-240to759-New-EER-9.3/instance-out.sql,80.14,1786962.80,249.45,5562028.79
CZ16/Rt3&0&cDXHP&New&dxHP_equip/NE-dxHP-PkgHP-240to759-New-EER-9.7/instance-out.sql,79.60,1774784.27,247.63,5521352.52
CZ16/Rt3&0&cDXHP&New&dxHP_equip/NE-dxHP-PkgHP-240to759-New-EER-10.0/instance-out.sql,79.27,1767401.02,246.52,5496692.45
CZ16/RtL&0&cDXHP&New&dxHP_equip/NE-dxHP-PkgHP-65to134-New-EER-11.0/instance-out.sql,147.29,1785757.47,460.29,5580559.17
CZ16/RtL&0&cDXHP&New&dxHP_equip/NE-dxHP-PkgHP-65to134-New-EER-11.5/instance-out.sql,146.31,1773860.60,457.01,5540823.63
CZ16/RtL&0&cDXHP&New&dxHP_equip/NE-dxHP-PkgHP-65to134-New-EER-12.0/instance-out.sql,145.45,1763477.53,454.15,5506144.18
CZ16/RtL&0&cDXHP&New&dxHP_equip/NE-dxHP-PkgHP-135to239-New-EER-10.4/instance-out.sql,148.13,1795884.11,463.08,5614382.16
CZ16/RtL&0&cDXHP&New&dxHP_equip/NE-dxHP-PkgHP-135to239-New-EER-10.8/instance-out.sql,147.16,1784119.43,459.84,5575088.12
CZ16/RtL&0&cDXHP&New&dxHP_equip/NE-dxHP-PkgHP-135to239-New-EER-11.2/instance-out.sql,146.40,1774950.26,457.31,5544463.09
CZ16/RtL&0&cDXHP&New&dxHP_equip/NE-dxHP-PkgHP-240to759-New-EER-9.3/instance-out.sql,149.21,1809027.35,466.70,5658280.57
CZ16/RtL&0&cDXHP&New&dxHP_equip/NE-dxHP-PkgHP-240to759-New-EER-9.7/instance-out.sql,148.18,1796589.31,463.27,5616737.53
CZ16/RtL&0&cDXHP&New&dxHP_equip/NE-dxHP-PkgHP-240to759-New-EER-10.0/instance-out.sql,147.56,1789037.87,461.19,5591515.72
CZ16/RtS&0&cDXHP&New&dxHP_equip/NE-dxHP-PkgHP-65to134-New-EER-11.0/instance-out.sql,77.07,114581.70,233.24,346751.86
CZ16/RtS&0&cDXHP&New&dxHP_equip/NE-dxHP-PkgHP-65to134-New-EER-11.5/instance-out.sql,76.50,113726.40,231.32,343895.17
CZ16/RtS&0&cDXHP&New&dxHP_equip/NE-dxHP-PkgHP-65to134-New-EER-12.0/instance-out.sql,76.01,113011.04,229.71,341505.85
CZ16/RtS&0&cDXHP&New&dxHP_equip/NE-dxHP-PkgHP-135to239-New-EER-10.4/instance-out.sql,77.57,115326.26,234.91,349238.70
CZ16/RtS&0&cDXHP&New&dxHP_equip/NE-dxHP-PkgHP-135to239-New-EER-10.8/instance-out.sql,76.96,114411.28,232.85,346182.65
CZ16/RtS&0&cDXHP&New&dxHP_equip/NE-dxHP-PkgHP-135to239-New-EER-11.2/instance-out.sql,76.54,113789.86,231.46,344107.12
CZ16/RtS&0&cDXHP&New&dxHP_equip/NE-dxHP-PkgHP-240to759-New-EER-9.3/instance-out.sql,78.21,116272.91,237.04,352400.51
CZ16/RtS&0&cDXHP&New&dxHP_equip/NE-dxHP-PkgHP-240to759-New-EER-9.7/instance-out.sql,77.60,115372.28,235.01,349392.41
CZ16/RtS&0&cDXHP&New&dxHP_equip/NE-dxHP-PkgHP-240to759-New-EER-10.0/instance-out.sql,77.27,114879.51,233.91,347746.54
CZ16/SCn&0&cDXHP&New&dxHP_equip/NE-dxHP-PkgHP-65to134-New-EER-11.0/instance-out.sql,67.91,3154500.86,222.63,10341216.92
CZ16/SCn&0&cDXHP&New&dxHP_equip/NE-dxHP-PkgHP-65to134-New-EER-11.5/instance-out.sql,67.27,3124610.79,220.48,10241384.09
CZ16/SCn&0&cDXHP&New&dxHP_equip/NE-dxHP-PkgHP-65to134-New-EER-12.0/instance-out.sql,66.76,3101074.27,218.79,10162772.09
CZ16/SCn&0&cDXHP&New&dxHP_equip/NE-dxHP-PkgHP-135to239-New-EER-10.4/instance-out.sql,68.49,3181299.16,224.56,10430723.24
CZ16/SCn&0&cDXHP&New&dxHP_equip/NE-dxHP-PkgHP-135to239-New-EER-10.8/instance-out.sql,67.73,3146067.45,222.02,10313049.31
CZ16/SCn&0&cDXHP&New&dxHP_equip/NE-dxHP-PkgHP-135to239-New-EER-11.2/instance-out.sql,67.30,3126128.30,220.59,10246452.58
CZ16/SCn&0&cDXHP&New&dxHP_equip/NE-dxHP-PkgHP-240to759-New-EER-9.3/instance-out.sql,69.20,3214463.92,226.94,10541493.54
CZ16/SCn&0&cDXHP&New&dxHP_equip/NE-dxHP-PkgHP-240to759-New-EER-9.7/instance-out.sql,68.52,3182687.14,224.65,10435359.09
CZ16/SCn&0&cDXHP&New&dxHP_equip/NE-dxHP-PkgHP-240to759-New-EER-10.0/instance-out.sql,68.20,3167824.34,223.59,10385717.34

File Name,Total (kWh),Heating (kWh),Cooling (kWh),Interior Lighting (kWh),Exterior Lighting (kWh),Interior Equipment (kWh),Exterior Equipment (kWh),Fans (kWh),Pumps (kWh),Heat Rejection (kWh),Humidification (kWh),Heat Recovery (kWh),Water Systems (kWh),Refrigeration (kWh),Generators (kWh),Heating Elec (kWh),Cooling Elec (kWh),Heating NG (kWh),Cooling NG (kWh),Interior Equipment Elec (kWh),Interior Equipment NG (kWh)
CZ15/Asm&0&cDXHP&New&dxHP_equip/NE-dxHP-PkgHP-65to134-New-EER-11.0/instance-out.sql,772465.02,11427.09,323789.27,76844.55,0.0,145823.51,0.0,196015.56,3.36,0.0,0.0,0.0,18561.67,0.0,0.0,11427.09,323789.27,0.00,0.00,145823.51,0.00
CZ15/Asm&0&cDXHP&New&dxHP_equip/NE-dxHP-PkgHP-65to134-New-EER-11.5/instance-out.sql,758274.05,11101.15,309924.24,76844.55,0.0,145823.51,0.0,196015.56,3.36,0.0,0.0,0.0,18561.67,0.0,0.0,11101.15,309924.24,0.00,0.00,145823.51,0.00
CZ15/Asm&0&cDXHP&New&dxHP_equip/NE-dxHP-PkgHP-65to134-New-EER-12.0/instance-out.sql,745391.6000000001,10945.07,297197.88,76844.55,0.0,145823.51,0.0,196015.56,3.36,0.0,0.0,0.0,18561.67,0.0,0.0,10945.07,297197.88,0.00,0.00,145823.51,0.00
CZ15/Asm&0&cDXHP&New&dxHP_equip/NE-dxHP-PkgHP-135to239-New-EER-10.4/instance-out.sql,784280.0900000001,11772.79,335258.65,76844.55,0.0,145823.51,0.0,196015.56,3.36,0.0,0.0,0.0,18561.67,0.0,0.0,11772.79,335258.65,0.00,0.00,145823.51,0.00
CZ15/Asm&0&cDXHP&New&dxHP_equip/NE-dxHP-PkgHP-135to239-New-EER-10.8/instance-out.sql,771352.93,11164.84,322939.43,76844.55,0.0,145823.51,0.0,196015.56,3.36,0.0,0.0,0.0,18561.67,0.0,0.0,11164.84,322939.43,0.00,0.00,145823.51,0.00
CZ15/Asm&0&cDXHP&New&dxHP_equip/NE-dxHP-PkgHP-135to239-New-EER-11.2/instance-out.sql,759811.7100000001,11069.58,311493.48,76844.55,0.0,145823.51,0.0,196015.56,3.36,0.0,0.0,0.0,18561.67,0.0,0.0,11069.58,311493.48,0.00,0.00,145823.51,0.00
CZ15/Asm&0&cDXHP&New&dxHP_equip/NE-dxHP-PkgHP-240to759-New-EER-9.3/instance-out.sql,799929.8300000001,12140.09,350541.1,76844.55,0.0,145823.51,0.0,196015.56,3.36,0.0,0.0,0.0,18561.67,0.0,0.0,12140.09,350541.10,0.00,0.00,145823.51,0.00
CZ15/Asm&0&cDXHP&New&dxHP_equip/NE-dxHP-PkgHP-240to759-New-EER-9.7/instance-out.sql,785196.0900000001,11772.79,336174.66,76844.55,0.0,145823.51,0.0,196015.56,3.36,0.0,0.0,0.0,18561.67,0.0,0.0,11772.79,336174.66,0.00,0.00,145823.51,0.00
CZ15/Asm&0&cDXHP&New&dxHP_equip/NE-dxHP-PkgHP-240to759-New-EER-10.0/instance-out.sql,775387.28,11772.79,326365.85,76844.55,0.0,145823.51,0.0,196015.56,3.36,0.0,0.0,0.0,18561.67,0.0,0.0,11772.79,326365.85,0.00,0.00,145823.51,0.00
CZ15/ECC&0&cDXHP&New&dxHP_equip/NE-dxHP-PkgHP-65to134-New-EER-11.0/instance-out.sql,2715147.0,3834.2999999999997,695331.7,167224.54,0.0,1013813.91,0.0,498549.71,1072.5,0.0,0.0,0.0,335320.34,0.0,0.0,3834.22,695331.70,0.08,0.00,945189.93,68623.98
CZ15/ECC&0&cDXHP&New&dxHP_equip/NE-dxHP-PkgHP-65to134-New-EER-11.5/instance-out.sql,2691045.92,3727.77,671337.15,167224.54,0.0,1013813.91,0.0,498549.71,1072.5,0.0,0.0,0.0,335320.34,0.0,0.0,3727.69,671337.15,0.08,0.00,945189.93,68623.98
CZ15/ECC&0&cDXHP&New&dxHP_equip/NE-dxHP-PkgHP-65to134-New-EER-12.0/instance-out.sql,2668970.92,3676.75,649313.16,167224.54,0.0,1013813.91,0.0,498549.71,1072.5,0.0,0.0,0.0,335320.34,0.0,0.0,3676.67,649313.16,0.08,0.00,945189.93,68623.98
CZ15/ECC&0&cDXHP&New&dxHP_equip/NE-dxHP-PkgHP-135to239-New-EER-10.4/instance-out.sql,2735108.6599999997,3947.29,715180.37,167224.54,0.0,1013813.91,0.0,498549.71,1072.5,0.0,0.0,0.0,335320.34,0.0,0.0,3947.21,715180.37,0.08,0.00,945189.93,68623.98
CZ15/ECC&0&cDXHP&New&dxHP_equip/NE-dxHP-PkgHP-135to239-New-EER-10.8/instance-out.sql,2713590.57,3748.58,693860.98,167224.54,0.0,1013813.91,0.0,498549.71,1072.5,0.0,0.0,0.0,335320.34,0.0,0.0,3748.50,693860.98,0.08,0.00,945189.93,68623.98
CZ15/ECC&0&cDXHP&New&dxHP_equip/NE-dxHP-PkgHP-135to239-New-EER-11.2/instance-out.sql,2693751.29,3717.45,674052.84,167224.54,0.0,1013813.91,0.0,498549.71,1072.5,0.0,0.0,0.0,335320.34,0.0,0.0,3717.37,674052.84,0.08,0.00,945189.93,68623.98
CZ15/ECC&0&cDXHP&New&dxHP_equip/NE-dxHP-PkgHP-240to759-New-EER-9.3/instance-out.sql,2761676.21,4067.34,741627.87,167224.54,0.0,1013813.91,0.0,498549.71,1072.5,0.0,0.0,0.0,335320.34,0.0,0.0,4067.26,741627.87,0.08,0.00,945189.93,68623.98
CZ15/ECC&0&cDXHP&New&dxHP_equip/NE-dxHP-PkgHP-240to759-New-EER-9.7/instance-out.sql,2736693.89,3947.29,716765.59,167224.54,0.0,1013813.91,0.0,498549.71,1072.5,0.0,0.0,0.0,335320.34,0.0,0.0,3947.21,716765.59,0.08,0.00,945189.93,68623.98
CZ15/ECC&0&cDXHP&New&dxHP_equip/NE-dxHP-PkgHP-240to759-New-EER-10.0/instance-out.sql,2719718.9499999997,3947.29,699790.66,167224.54,0.0,1013813.91,0.0,498549.71,1072.5,0.0,0.0,0.0,335320.34,0.0,0.0,3947.21,699790.66,0.08,0.00,945189.93,68623.98
CZ15/EPr&0&cDXHP&New&dxHP_equip/NE-dxHP-PkgHP-65to134-New-EER-11.0/instance-out.sql,400850.67,1503.55,109857.14,30835.78,0.0,125897.03,0.0,67598.38,3.37,0.0,0.0,0.0,65155.41,0.0,0.0,1503.55,109857.14,0.00,0.00,83226.75,42670.28
CZ15/EPr&0&cDXHP&New&dxHP_equip/NE-dxHP-PkgHP-65to134-New-EER-11.5/instance-out.sql,396792.18,1461.6,105840.62,30835.78,0.0,125897.03,0.0,67598.38,3.37,0.0,0.0,0.0,65155.41,0.0,0.0,1461.60,105840.62,0.00,0.00,83226.75,42670.28
CZ15/EPr&0&cDXHP&New&dxHP_equip/NE-dxHP-PkgHP-65to134-New-EER-12.0/instance-out.sql,393085.43,1441.5,102153.95,30835.78,0.0,125897.03,0.0,67598.38,3.37,0.0,0.0,0.0,65155.41,0.0,0.0,1441.50,102153.95,0.00,0.00,83226.75,42670.28
CZ15/EPr&0&cDXHP&New&dxHP_equip/NE-dxHP-PkgHP-135to239-New-EER-10.4/instance-out.sql,404217.7,1548.05,113179.68,30835.78,0.0,125897.03,0.0,67598.38,3.37,0.0,0.0,0.0,65155.41,0.0,0.0,1548.05,113179.68,0.00,0.00,83226.75,42670.28
CZ15/EPr&0&cDXHP&New&dxHP_equip/NE-dxHP-PkgHP-135to239-New-EER-10.8/instance-out.sql,400570.72000000003,1469.79,109610.96,30835.78,0.0,125897.03,0.0,67598.38,3.37,0.0,0.0,0.0,65155.41,0.0,0.0,1469.79,109610.96,0.00,0.00,83226.75,42670.28
CZ15/EPr&0&cDXHP&New&dxHP_equip/NE-dxHP-PkgHP-135to239-New-EER-11.2/instance-out.sql,397242.71,1457.53,106295.21,30835.78,0.0,125897.03,0.0,67598.38,3.37,0.0,0.0,0.0,65155.41,0.0,0.0,1457.53,106295.21,0.00,0.00,83226.75,42670.28
CZ15/EPr&0&cDXHP&New&dxHP_equip/NE-dxHP-PkgHP-240to759-New-EER-9.3/instance-out.sql,408692.11,1595.33,117606.81,30835.78,0.0,125897.03,0.0,67598.38,3.37,0.0,0.0,0.0,65155.41,0.0,0.0,1595.33,117606.81,0.00,0.00,83226.75,42670.28
CZ15/EPr&0&cDXHP&New&dxHP_equip/NE-dxHP-PkgHP-240to759-New-EER-9.7/instance-out.sql,404483.05,1548.05,113445.03,30835.78,0.0,125897.03,0.0,67598.38,3.37,0.0,0.0,0.0,65155.41,0.0,0.0,1548.05,113445.03,0.00,0.00,83226.75,42670.28
CZ15/EPr&0&cDXHP&New&dxHP_equip/NE-dxHP-PkgHP-240to759-New-EER-10.0/instance-out.sql,401641.57,1548.05,110603.55,30835.78,0.0,125897.03,0.0,67598.38,3.37,0.0,0.0,0.0,65155.41,0.0,0.0,1548.05,110603.55,0.00,0.00,83226.75,42670.28
CZ15/ERC&0&cDXHP&New&dxHP_equip/NE-dxHP-PkgHP-65to134-New-EER-11.0/instance-out.sql,20146.36,76.6,4579.15,1016.35,0.0,2196.82,0.0,3732.06,3.36,0.0,0.0,0.0,8542.03,0.0,0.0,76.60,4579.15,0.00,0.00,2196.82,0.00
CZ15/ERC&0&cDXHP&New&dxHP_equip/NE-dxHP-PkgHP-65to134-New-EER-11.5/instance-out.sql,19948.21,74.53,4383.06,1016.35,0.0,2196.82,0.0,3732.06,3.36,0.0,0.0,0.0,8542.03,0.0,0.0,74.53,4383.06,0.00,0.00,2196.82,0.00
CZ15/ERC&0&cDXHP&New&dxHP_equip/NE-dxHP-PkgHP-65to134-New-EER-12.0/instance-out.sql,19767.239999999998,73.54,4203.08,1016.35,0.0,2196.82,0.0,3732.06,3.36,0.0,0.0,0.0,8542.03,0.0,0.0,73.54,4203.08,0.00,0.00,2196.82,0.00
CZ15/ERC&0&cDXHP&New&dxHP_equip/NE-dxHP-PkgHP-135to239-New-EER-10.4/instance-out.sql,20310.760000000002,78.79,4741.35,1016.35,0.0,2196.82,0.0,3732.06,3.36,0.0,0.0,0.0,8542.03,0.0,0.0,78.79,4741.35,0.00,0.00,2196.82,0.00
CZ15/ERC&0&cDXHP&New&dxHP_equip/NE-dxHP-PkgHP-135to239-New-EER-10.8/instance-out.sql,20132.68,74.94,4567.13,1016.35,0.0,2196.82,0.0,3732.06,3.36,0.0,0.0,0.0,8542.03,0.0,0.0,74.94,4567.13,0.00,0.00,2196.82,0.00
CZ15/ERC&0&cDXHP&New&dxHP_equip/NE-dxHP-PkgHP-135to239-New-EER-11.2/instance-out.sql,19970.2,74.33,4405.26,1016.35,0.0,2196.82,0.0,3732.06,3.36,0.0,0.0,0.0,8542.03,0.0,0.0,74.33,4405.26,0.00,0.00,2196.82,0.00
CZ15/ERC&0&cDXHP&New&dxHP_equip/NE-dxHP-PkgHP-240to759-New-EER-9.3/instance-out.sql,20529.21,81.12,4957.48,1016.35,0.0,2196.82,0.0,3732.06,3.36,0.0,0.0,0.0,8542.03,0.0,0.0,81.12,4957.48,0.00,0.00,2196.82,0.00
CZ15/ERC&0&cDXHP&New&dxHP_equip/NE-dxHP-PkgHP-240to759-New-EER-9.7/instance-out.sql,20323.71,78.79,4754.31,1016.35,0.0,2196.82,0.0,3732.06,3.36,0.0,0.0,0.0,8542.03,0.0,0.0,78.79,4754.31,0.00,0.00,2196.82,0.00
CZ15/ERC&0&cDXHP&New&dxHP_equip/NE-dxHP-PkgHP-240to759-New-EER-10.0/instance-out.sql,20184.989999999998,78.79,4615.59,1016.35,0.0,2196.82,0.0,3732.06,3.36,0.0,0.0,0.0,8542.03,0.0,0.0,78.79,4615.59,0.00,0.00,2196.82,0.00
CZ15/ESe&0&cDXHP&New&dxHP_equip/NE-dxHP-PkgHP-65to134-New-EER-11.0/instance-out.sql,1130316.15,21183.45,330244.13,94750.45,0.0,323176.74,0.0,183719.35,3.39,0.0,0.0,0.0,177238.63,0.0,0.0,772.20,330244.13,20411.25,0.00,259085.82,64090.92
CZ15/ESe&0&cDXHP&New&dxHP_equip/NE-dxHP-PkgHP-65to134-New-EER-11.5/instance-out.sql,1126139.45,21162.49,326088.39,94750.45,0.0,323176.74,0.0,183719.35,3.39,0.0,0.0,0.0,177238.63,0.0,0.0,751.24,326088.39,20411.25,0.00,259085.82,64090.92
CZ15/ESe&0&cDXHP&New&dxHP_equip/NE-dxHP-PkgHP-65to134-New-EER-12.0/instance-out.sql,1122314.97,21152.46,322273.94,94750.45,0.0,323176.74,0.0,183719.35,3.39,0.0,0.0,0.0,177238.63,0.0,0.0,741.21,322273.94,20411.25,0.00,259085.82,64090.92
CZ15/ESe&0&cDXHP&New&dxHP_equip/NE-dxHP-PkgHP-135to239-New-EER-10.4/instance-out.sql,1133776.07,21205.68,333681.83,94750.45,0.0,323176.74,0.0,183719.35,3.39,0.0,0.0,0.0,177238.63,0.0,0.0,794.43,333681.83,20411.25,0.00,259085.82,64090.92
CZ15/ESe&0&cDXHP&New&dxHP_equip/NE-dxHP-PkgHP-135to239-New-EER-10.8/instance-out.sql,1130044.56,21166.59,329989.41,94750.45,0.0,323176.74,0.0,183719.35,3.39,0.0,0.0,0.0,177238.63,0.0,0.0,755.34,329989.41,20411.25,0.00,259085.82,64090.92
CZ15/ESe&0&cDXHP&New&dxHP_equip/NE-dxHP-PkgHP-135to239-New-EER-11.2/instance-out.sql,1126607.77,21160.46,326558.74,94750.45,0.0,323176.74,0.0,183719.35,3.39,0.0,0.0,0.0,177238.63,0.0,0.0,749.21,326558.74,20411.25,0.00,259085.82,64090.92
CZ15/ESe&0&cDXHP&New&dxHP_equip/NE-dxHP-PkgHP-240to759-New-EER-9.3/instance-out.sql,1138380.26,21229.29,338262.41,94750.45,0.0,323176.74,0.0,183719.35,3.39,0.0,0.0,0.0,177238.63,0.0,0.0,818.04,338262.41,20411.25,0.00,259085.82,64090.92
CZ15/ESe&0&cDXHP&New&dxHP_equip/NE-dxHP-PkgHP-240to759-New-EER-9.7/instance-out.sql,1134050.6199999999,21205.68,333956.38,94750.45,0.0,323176.74,0.0,183719.35,3.39,0.0,0.0,0.0,177238.63,0.0,0.0,794.43,333956.38,20411.25,0.00,259085.82,64090.92
CZ15/ESe&0&cDXHP&New&dxHP_equip/NE-dxHP-PkgHP-240to759-New-EER-10.0/instance-out.sql,1131110.65,21205.68,331016.4,94750.45,0.0,323176.74,0.0,183719.35,3.39,0.0,0.0,0.0,177238.63,0.0,0.0,794.43,331016.40,20411.25,0.00,259085.82,64090.92
CZ15/EUn&0&cDXHP&New&dxHP_equip/NE-dxHP-PkgHP-65to134-New-EER-11.0/instance-out.sql,8458636.45,12902.66,2025631.95,644388.1,0.0,3682881.23,0.0,1523791.56,3.37,0.0,0.0,0.0,569037.57,0.0,0.0,12902.66,2025631.95,0.00,0.00,3555459.15,127422.08
CZ15/EUn&0&cDXHP&New&dxHP_equip/NE-dxHP-PkgHP-65to134-New-EER-11.5/instance-out.sql,8396004.64,12539.33,1963363.48,644388.1,0.0,3682881.23,0.0,1523791.56,3.37,0.0,0.0,0.0,569037.57,0.0,0.0,12539.33,1963363.48,0.00,0.00,3555459.15,127422.08
CZ15/EUn&0&cDXHP&New&dxHP_equip/NE-dxHP-PkgHP-65to134-New-EER-12.0/instance-out.sql,8338676.0200000005,12365.33,1906208.85,644388.1,0.0,3682881.23,0.0,1523791.56,3.37,0.0,0.0,0.0,569037.57,0.0,0.0,12365.33,1906208.85,0.00,0.00,3555459.15,127422.08
CZ15/EUn&0&cDXHP&New&dxHP_equip/NE-dxHP-PkgHP-135to239-New-EER-10.4/instance-out.sql,8510531.27,13288.01,2077141.42,644388.1,0.0,3682881.23,0.0,1523791.56,3.37,0.0,0.0,0.0,569037.57,0.0,0.0,13288.01,2077141.42,0.00,0.00,3555459.15,127422.08
CZ15/EUn&0&cDXHP&New&dxHP_equip/NE-dxHP-PkgHP-135to239-New-EER-10.8/instance-out.sql,8454527.44,12610.32,2021815.28,644388.1,0.0,3682881.23,0.0,1523791.56,3.37,0.0,0.0,0.0,569037.57,0.0,0.0,12610.32,2021815.28,0.00,0.00,3555459.15,127422.08
CZ15/EUn&0&cDXHP&New&dxHP_equip/NE-dxHP-PkgHP-135to239-New-EER-11.2/instance-out.sql,8403016.959999999,12504.13,1970411.0,644388.1,0.0,3682881.23,0.0,1523791.56,3.37,0.0,0.0,0.0,569037.57,0.0,0.0,12504.13,1970411.00,0.00,0.00,3555459.15,127422.08
CZ15/EUn&0&cDXHP&New&dxHP_equip/NE-dxHP-PkgHP-240to759-New-EER-9.3/instance-out.sql,8579574.84,13697.45,2145775.56,644388.1,0.0,3682881.23,0.0,1523791.56,3.37,0.0,0.0,0.0,569037.57,0.0,0.0,13697.45,2145775.56,0.00,0.00,3555459.15,127422.08
CZ15/EUn&0&cDXHP&New&dxHP_equip/NE-dxHP-PkgHP-240to759-New-EER-9.7/instance-out.sql,8514645.1,13288.01,2081255.25,644388.1,0.0,3682881.23,0.0,1523791.56,3.37,0.0,0.0,0.0,569037.57,0.0,0.0,13288.01,2081255.25,0.00,0.00,3555459.15,127422.08
CZ15/EUn&0&cDXHP&New&dxHP_equip/NE-dxHP-PkgHP-240to759-New-EER-10.0/instance-out.sql,8470593.3,13288.01,2037203.46,644388.1,0.0,3682881.23,0.0,1523791.56,3.37,0.0,0.0,0.0,569037.57,0.0,0.0,13288.01,2037203.46,0.00,0.00,3555459.15,127422.08
CZ15/Gro&0&cDXHP&New&dxHP_equip/NE-dxHP-PkgHP-65to134-New-EER-11.0/instance-out.sql,2164450.0300000003,8135.5,136198.61,157111.61,0.0,177584.03,0.0,147652.72,3.38,0.0,0.0,0.0,47064.22,1490699.96,0.0,8135.50,136198.61,0.00,0.00,177584.03,0.00
CZ15/Gro&0&cDXHP&New&dxHP_equip/NE-dxHP-PkgHP-65to134-New-EER-11.5/instance-out.sql,2158386.6,7904.26,130366.43,157111.61,0.0,177584.03,0.0,147652.72,3.38,0.0,0.0,0.0,47064.22,1490699.96,0.0,7904.26,130366.43,0.00,0.00,177584.03,0.00
CZ15/Gro&0&cDXHP&New&dxHP_equip/NE-dxHP-PkgHP-65to134-New-EER-12.0/instance-out.sql,2152922.66,7793.52,125013.22,157111.61,0.0,177584.03,0.0,147652.72,3.38,0.0,0.0,0.0,47064.22,1490699.96,0.0,7793.52,125013.22,0.00,0.00,177584.03,0.00
CZ15/Gro&0&cDXHP&New&dxHP_equip/NE-dxHP-PkgHP-135to239-New-EER-10.4/instance-out.sql,2169519.7600000002,8380.76,141023.09,157111.61,0.0,177584.03,0.0,147652.72,3.38,0.0,0.0,0.0,47064.22,1490699.96,0.0,8380.76,141023.09,0.00,0.00,177584.03,0.00
CZ15/Gro&0&cDXHP&New&dxHP_equip/NE-dxHP-PkgHP-135to239-New-EER-10.8/instance-out.sql,2163906.49,7949.44,135841.14,157111.61,0.0,177584.03,0.0,147652.72,3.38,0.0,0.0,0.0,47064.22,1490699.96,0.0,7949.44,135841.14,0.00,0.00,177584.03,0.00
CZ15/Gro&0&cDXHP&New&dxHP_equip/NE-dxHP-PkgHP-135to239-New-EER-11.2/instance-out.sql,2159024.29,7881.86,131026.51,157111.61,0.0,177584.03,0.0,147652.72,3.38,0.0,0.0,0.0,47064.22,1490699.96,0.0,7881.86,131026.51,0.00,0.00,177584.03,0.00
CZ15/Gro&0&cDXHP&New&dxHP_equip/NE-dxHP-PkgHP-240to759-New-EER-9.3/instance-out.sql,2176208.75,8641.35,147451.49,157111.61,0.0,177584.03,0.0,147652.72,3.38,0.0,0.0,0.0,47064.22,1490699.96,0.0,8641.35,147451.49,0.00,0.00,177584.03,0.00
CZ15/Gro&0&cDXHP&New&dxHP_equip/NE-dxHP-PkgHP-240to759-New-EER-9.7/instance-out.sql,2169905.0700000003,8380.76,141408.4,157111.61,0.0,177584.03,0.0,147652.72,3.38,0.0,0.0,0.0,47064.22,1490699.96,0.0,8380.76,141408.40,0.00,0.00,177584.03,0.00
CZ15/Gro&0&cDXHP&New&dxHP_equip/NE-dxHP-PkgHP-240to759-New-EER-10.0/instance-out.sql,2165779.1,8380.76,137282.42,157111.61,0.0,177584.03,0.0,147652.72,3.38,0.0,0.0,0.0,47064.22,1490699.96,0.0,8380.76,137282.42,0.00,0.00,177584.03,0.00
CZ15/Hsp&0&cDXHP&New&dxHP_equip/NE-dxHP-PkgHP-65to134-New-EER-11.0/instance-out.sql,4201235.609999999,126907.79999999999,1470561.15,625795.42,0.0,1182847.3,0.0,554326.86,41007.53,0.0,0.0,0.0,199789.55,0.0,0.0,1093.01,1470561.15,125814.79,0.00,1139112.10,43735.20
CZ15/Hsp&0&cDXHP&New&dxHP_equip/NE-dxHP-PkgHP-65to134-New-EER-11.5/instance-out.sql,4190764.44,126877.73999999999,1460120.05,625795.42,0.0,1182847.3,0.0,554326.86,41007.53,0.0,0.0,0.0,199789.55,0.0,0.0,1062.95,1460120.05,125814.79,0.00,1139112.10,43735.20
CZ15/Hsp&0&cDXHP&New&dxHP_equip/NE-dxHP-PkgHP-65to134-New-EER-12.0/instance-out.sql,4181166.43,126863.34,1450536.43,625795.42,0.0,1182847.3,0.0,554326.86,41007.53,0.0,0.0,0.0,199789.55,0.0,0.0,1048.55,1450536.43,125814.79,0.00,1139112.10,43735.20
CZ15/Hsp&0&cDXHP&New&dxHP_equip/NE-dxHP-PkgHP-135to239-New-EER-10.4/instance-out.sql,4209904.54,126939.68999999999,1479198.19,625795.42,0.0,1182847.3,0.0,554326.86,41007.53,0.0,0.0,0.0,199789.55,0.0,0.0,1124.90,1479198.19,125814.79,0.00,1139112.10,43735.20
CZ15/Hsp&0&cDXHP&New&dxHP_equip/NE-dxHP-PkgHP-135to239-New-EER-10.8/instance-out.sql,4200571.4399999995,126883.61,1469921.17,625795.42,0.0,1182847.3,0.0,554326.86,41007.53,0.0,0.0,0.0,199789.55,0.0,0.0,1068.82,1469921.17,125814.79,0.00,1139112.10,43735.20
CZ15/Hsp&0&cDXHP&New&dxHP_equip/NE-dxHP-PkgHP-135to239-New-EER-11.2/instance-out.sql,4191943.25,126874.81999999999,1461301.77,625795.42,0.0,1182847.3,0.0,554326.86,41007.53,0.0,0.0,0.0,199789.55,0.0,0.0,1060.03,1461301.77,125814.79,0.00,1139112.10,43735.20
CZ15/Hsp&0&cDXHP&New&dxHP_equip/NE-dxHP-PkgHP-240to759-New-EER-9.3/instance-out.sql,4221446.91,126973.57999999999,1490706.67,625795.42,0.0,1182847.3,0.0,554326.86,41007.53,0.0,0.0,0.0,199789.55,0.0,0.0,1158.79,1490706.67,125814.79,0.00,1139112.10,43735.20
CZ15/Hsp&0&cDXHP&New&dxHP_equip/NE-dxHP-PkgHP-240to759-New-EER-9.7/instance-out.sql,4210594.34,126939.68999999999,1479887.99,625795.42,0.0,1182847.3,0.0,554326.86,41007.53,0.0,0.0,0.0,199789.55,0.0,0.0,1124.90,1479887.99,125814.79,0.00,1139112.10,43735.20
CZ15/Hsp&0&cDXHP&New&dxHP_equip/NE-dxHP-PkgHP-240to759-New-EER-10.0/instance-out.sql,4203207.79,126939.68999999999,1472501.44,625795.42,0.0,1182847.3,0.0,554326.86,41007.53,0.0,0.0,0.0,199789.55,0.0,0.0,1124.90,1472501.44,125814.79,0.00,1139112.10,43735.20
CZ15/MBT&0&cDXHP&New&dxHP_equip/NE-dxHP-PkgHP-65to134-New-EER-11.0/instance-out.sql,5925442.52,821945.52,1375868.41,438466.02,0.0,2167645.51,0.0,987954.85,650.65,0.0,0.0,0.0,132911.56,0.0,0.0,3435.92,1375868.41,818509.60,0.00,1394057.91,773587.60
CZ15/MBT&0&cDXHP&New&dxHP_equip/NE-dxHP-PkgHP-65to134-New-EER-11.5/instance-out.sql,5911634.26,821848.76,1362156.9,438466.02,0.0,2167645.51,0.0,987954.85,650.65,0.0,0.0,0.0,132911.56,0.0,0.0,3339.16,1362156.90,818509.60,0.00,1394057.91,773587.60
CZ15/MBT&0&cDXHP&New&dxHP_equip/NE-dxHP-PkgHP-65to134-New-EER-12.0/instance-out.sql,5899002.48,821802.4299999999,1349571.46,438466.02,0.0,2167645.51,0.0,987954.85,650.65,0.0,0.0,0.0,132911.56,0.0,0.0,3292.83,1349571.46,818509.60,0.00,1394057.91,773587.60
CZ15/MBT&0&cDXHP&New&dxHP_equip/NE-dxHP-PkgHP-135to239-New-EER-10.4/instance-out.sql,5936887.51,822048.13,1387210.79,438466.02,0.0,2167645.51,0.0,987954.85,650.65,0.0,0.0,0.0,132911.56,0.0,0.0,3538.53,1387210.79,818509.60,0.00,1394057.91,773587.60
CZ15/MBT&0&cDXHP&New&dxHP_equip/NE-dxHP-PkgHP-135to239-New-EER-10.8/instance-out.sql,5924524.24,821867.6699999999,1375027.98,438466.02,0.0,2167645.51,0.0,987954.85,650.65,0.0,0.0,0.0,132911.56,0.0,0.0,3358.07,1375027.98,818509.60,0.00,1394057.91,773587.60
CZ15/MBT&0&cDXHP&New&dxHP_equip/NE-dxHP-PkgHP-135to239-New-EER-11.2/instance-out.sql,5913176.75,821839.39,1363708.76,438466.02,0.0,2167645.51,0.0,987954.85,650.65,0.0,0.0,0.0,132911.56,0.0,0.0,3329.79,1363708.76,818509.60,0.00,1394057.91,773587.60
CZ15/MBT&0&cDXHP&New&dxHP_equip/NE-dxHP-PkgHP-240to759-New-EER-9.3/instance-out.sql,5952109.76,822157.16,1402324.01,438466.02,0.0,2167645.51,0.0,987954.85,650.65,0.0,0.0,0.0,132911.56,0.0,0.0,3647.56,1402324.01,818509.60,0.00,1394057.91,773587.60
CZ15/MBT&0&cDXHP&New&dxHP_equip/NE-dxHP-PkgHP-240to759-New-EER-9.7/instance-out.sql,5937793.37,822048.13,1388116.65,438466.02,0.0,2167645.51,0.0,987954.85,650.65,0.0,0.0,0.0,132911.56,0.0,0.0,3538.53,1388116.65,818509.60,0.00,1394057.91,773587.60
CZ15/MBT&0&cDXHP&New&dxHP_equip/NE-dxHP-PkgHP-240to759-New-EER-10.0/instance-out.sql,5928093.17,822048.13,1378416.45,438466.02,0.0,2167645.51,0.0,987954.85,650.65,0.0,0.0,0.0,132911.56,0.0,0.0,3538.53,1378416.45,818509.60,0.00,1394057.91,773587.60
CZ15/MLI&0&cDXHP&New&dxHP_equip/NE-dxHP-PkgHP-65to134-New-EER-11.0/instance-out.sql,977713.27,3993.68,289642.3,153603.74,0.0,239893.0,0.0,252577.47,3.37,0.0,0.0,0.0,37999.71,0.0,0.0,3993.68,289642.30,0.00,0.00,239893.00,0.00
CZ15/MLI&0&cDXHP&New&dxHP_equip/NE-dxHP-PkgHP-65to134-New-EER-11.5/instance-out.sql,965197.98,3881.2,277239.48,153603.74,0.0,239893.0,0.0,252577.47,3.37,0.0,0.0,0.0,37999.71,0.0,0.0,3881.20,277239.48,0.00,0.00,239893.00,0.00
CZ15/MLI&0&cDXHP&New&dxHP_equip/NE-dxHP-PkgHP-65to134-New-EER-12.0/instance-out.sql,953759.89,3827.34,265855.25,153603.74,0.0,239893.0,0.0,252577.47,3.37,0.0,0.0,0.0,37999.71,0.0,0.0,3827.34,265855.25,0.00,0.00,239893.00,0.00
CZ15/MLI&0&cDXHP&New&dxHP_equip/NE-dxHP-PkgHP-135to239-New-EER-10.4/instance-out.sql,988092.38,4112.97,299902.11,153603.74,0.0,239893.0,0.0,252577.47,3.37,0.0,0.0,0.0,37999.71,0.0,0.0,4112.97,299902.11,0.00,0.00,239893.00,0.00
CZ15/MLI&0&cDXHP&New&dxHP_equip/NE-dxHP-PkgHP-135to239-New-EER-10.8/instance-out.sql,976862.5599999999,3903.18,288882.08,153603.74,0.0,239893.0,0.0,252577.47,3.37,0.0,0.0,0.0,37999.71,0.0,0.0,3903.18,288882.08,0.00,0.00,239893.00,0.00
CZ15/MLI&0&cDXHP&New&dxHP_equip/NE-dxHP-PkgHP-135to239-New-EER-11.2/instance-out.sql,966590.83,3870.31,278643.22,153603.74,0.0,239893.0,0.0,252577.47,3.37,0.0,0.0,0.0,37999.71,0.0,0.0,3870.31,278643.22,0.00,0.00,239893.00,0.00
CZ15/MLI&0&cDXHP&New&dxHP_equip/NE-dxHP-PkgHP-240to759-New-EER-9.3/instance-out.sql,1001889.88,4239.72,313572.86,153603.74,0.0,239893.0,0.0,252577.47,3.37,0.0,0.0,0.0,37999.71,0.0,0.0,4239.72,313572.86,0.00,0.00,239893.00,0.00
CZ15/MLI&0&cDXHP&New&dxHP_equip/NE-dxHP-PkgHP-240to759-New-EER-9.7/instance-out.sql,988911.7799999999,4112.97,300721.51,153603.74,0.0,239893.0,0.0,252577.47,3.37,0.0,0.0,0.0,37999.71,0.0,0.0,4112.97,300721.51,0.00,0.00,239893.00,0.00
CZ15/MLI&0&cDXHP&New&dxHP_equip/NE-dxHP-PkgHP-240to759-New-EER-10.0/instance-out.sql,980137.4099999999,4112.97,291947.14,153603.74,0.0,239893.0,0.0,252577.47,3.37,0.0,0.0,0.0,37999.71,0.0,0.0,4112.97,291947.14,0.00,0.00,239893.00,0.00
CZ15/Mtl&0&cDXHP&New&dxHP_equip/NE-dxHP-PkgHP-65to134-New-EER-11.0/instance-out.sql,213784.26,771.79,88774.36,34352.14,0.0,22443.33,0.0,60000.71,3.36,0.0,0.0,0.0,7438.56,0.0,0.0,771.79,88774.36,0.00,0.00,22191.36,251.97
CZ15/Mtl&0&cDXHP&New&dxHP_equip/NE-dxHP-PkgHP-65to134-New-EER-11.5/instance-out.sql,210804.66,751.07,85815.49,34352.14,0.0,22443.33,0.0,60000.71,3.36,0.0,0.0,0.0,7438.56,0.0,0.0,751.07,85815.49,0.00,0.00,22191.36,251.97
CZ15/Mtl&0&cDXHP&New&dxHP_equip/NE-dxHP-PkgHP-65to134-New-EER-12.0/instance-out.sql,208078.87,741.14,83099.61,34352.14,0.0,22443.33,0.0,60000.71,3.36,0.0,0.0,0.0,7438.56,0.0,0.0,741.14,83099.61,0.00,0.00,22191.36,251.97
CZ15/Mtl&0&cDXHP&New&dxHP_equip/NE-dxHP-PkgHP-135to239-New-EER-10.4/instance-out.sql,216253.87,793.77,91221.98,34352.14,0.0,22443.33,0.0,60000.71,3.36,0.0,0.0,0.0,7438.56,0.0,0.0,793.77,91221.98,0.00,0.00,22191.36,251.97
CZ15/Mtl&0&cDXHP&New&dxHP_equip/NE-dxHP-PkgHP-135to239-New-EER-10.8/instance-out.sql,213586.23,755.12,88593.0,34352.14,0.0,22443.33,0.0,60000.71,3.36,0.0,0.0,0.0,7438.56,0.0,0.0,755.12,88593.00,0.00,0.00,22191.36,251.97
CZ15/Mtl&0&cDXHP&New&dxHP_equip/NE-dxHP-PkgHP-135to239-New-EER-11.2/instance-out.sql,211137.54,749.06,86150.37,34352.14,0.0,22443.33,0.0,60000.71,3.36,0.0,0.0,0.0,7438.56,0.0,0.0,749.06,86150.37,0.00,0.00,22191.36,251.97
CZ15/Mtl&0&cDXHP&New&dxHP_equip/NE-dxHP-PkgHP-240to759-New-EER-9.3/instance-out.sql,219538.58000000002,817.13,94483.34,34352.14,0.0,22443.33,0.0,60000.71,3.36,0.0,0.0,0.0,7438.56,0.0,0.0,817.13,94483.34,0.00,0.00,22191.36,251.97
CZ15/Mtl&0&cDXHP&New&dxHP_equip/NE-dxHP-PkgHP-240to759-New-EER-9.7/instance-out.sql,216449.35,793.77,91417.46,34352.14,0.0,22443.33,0.0,60000.71,3.36,0.0,0.0,0.0,7438.56,0.0,0.0,793.77,91417.46,0.00,0.00,22191.36,251.97
CZ15/Mtl&0&cDXHP&New&dxHP_equip/NE-dxHP-PkgHP-240to759-New-EER-10.0/instance-out.sql,214356.1,793.77,89324.21,34352.14,0.0,22443.33,0.0,60000.71,3.36,0.0,0.0,0.0,7438.56,0.0,0.0,793.77,89324.21,0.00,0.00,22191.36,251.97
CZ15/Nrs&0&cDXHP&New&dxHP_equip/NE-dxHP-PkgHP-65to134-New-EER-11.0/instance-out.sql,956497.03,29102.99,244868.14,103109.51,0.0,347425.87,0.0,141459.19,88.94,0.0,0.0,0.0,90442.39,0.0,0.0,1294.99,244868.14,27808.00,0.00,281574.59,65851.28
CZ15/Nrs&0&cDXHP&New&dxHP_equip/NE-dxHP-PkgHP-65to134-New-EER-11.5/instance-out.sql,952267.42,29066.92,240674.61,103109.51,0.0,347425.87,0.0,141459.19,88.94,0.0,0.0,0.0,90442.39,0.0,0.0,1258.92,240674.61,27808.00,0.00,281574.59,65851.28
CZ15/Nrs&0&cDXHP&New&dxHP_equip/NE-dxHP-PkgHP-65to134-New-EER-12.0/instance-out.sql,948401.01,29049.64,236825.47,103109.51,0.0,347425.87,0.0,141459.19,88.94,0.0,0.0,0.0,90442.39,0.0,0.0,1241.64,236825.47,27808.00,0.00,281574.59,65851.28
CZ15/Nrs&0&cDXHP&New&dxHP_equip/NE-dxHP-PkgHP-135to239-New-EER-10.4/instance-out.sql,960004.24,29141.24,248337.1,103109.51,0.0,347425.87,0.0,141459.19,88.94,0.0,0.0,0.0,90442.39,0.0,0.0,1333.24,248337.10,27808.00,0.00,281574.59,65851.28
CZ15/Nrs&0&cDXHP&New&dxHP_equip/NE-dxHP-PkgHP-135to239-New-EER-10.8/instance-out.sql,956210.9700000001,29073.97,244611.1,103109.51,0.0,347425.87,0.0,141459.19,88.94,0.0,0.0,0.0,90442.39,0.0,0.0,1265.97,244611.10,27808.00,0.00,281574.59,65851.28
CZ15/Nrs&0&cDXHP&New&dxHP_equip/NE-dxHP-PkgHP-135to239-New-EER-11.2/instance-out.sql,952738.55,29063.42,241149.23,103109.51,0.0,347425.87,0.0,141459.19,88.94,0.0,0.0,0.0,90442.39,0.0,0.0,1255.42,241149.23,27808.00,0.00,281574.59,65851.28
CZ15/Nrs&0&cDXHP&New&dxHP_equip/NE-dxHP-PkgHP-240to759-New-EER-9.3/instance-out.sql,964667.12,29181.89,252959.33,103109.51,0.0,347425.87,0.0,141459.19,88.94,0.0,0.0,0.0,90442.39,0.0,0.0,1373.89,252959.33,27808.00,0.00,281574.59,65851.28
CZ15/Nrs&0&cDXHP&New&dxHP_equip/NE-dxHP-PkgHP-240to759-New-EER-9.7/instance-out.sql,960281.29,29141.24,248614.15,103109.51,0.0,347425.87,0.0,141459.19,88.94,0.0,0.0,0.0,90442.39,0.0,0.0,1333.24,248614.15,27808.00,0.00,281574.59,65851.28
CZ15/Nrs&0&cDXHP&New&dxHP_equip/NE-dxHP-PkgHP-240to759-New-EER-10.0/instance-out.sql,957314.5800000001,29141.24,245647.43,103109.51,0.0,347425.87,0.0,141459.19,88.94,0.0,0.0,0.0,90442.39,0.0,0.0,1333.24,245647.43,27808.00,0.00,281574.59,65851.28
CZ15/OfL&0&cDXHP&New&dxHP_equip/NE-dxHP-PkgHP-65to134-New-EER-11.0/instance-out.sql,2530187.27,16480.93,739439.35,239041.7,0.0,829334.66,0.0,609840.66,4235.73,0.0,0.0,0.0,91814.23,0.0,0.0,997.87,739439.35,15483.06,0.00,829334.66,0.00
CZ15/OfL&0&cDXHP&New&dxHP_equip/NE-dxHP-PkgHP-65to134-New-EER-11.5/instance-out.sql,2507100.56,16453.829999999998,716379.74,239041.7,0.0,829334.66,0.0,609840.66,4235.73,0.0,0.0,0.0,91814.23,0.0,0.0,970.77,716379.74,15483.06,0.00,829334.66,0.00
CZ15/OfL&0&cDXHP&New&dxHP_equip/NE-dxHP-PkgHP-65to134-New-EER-12.0/instance-out.sql,2485921.7600000002,16440.86,695213.92,239041.7,0.0,829334.66,0.0,609840.66,4235.73,0.0,0.0,0.0,91814.23,0.0,0.0,957.80,695213.92,15483.06,0.00,829334.66,0.00
CZ15/OfL&0&cDXHP&New&dxHP_equip/NE-dxHP-PkgHP-135to239-New-EER-10.4/instance-out.sql,2549291.29,16509.68,758514.62,239041.7,0.0,829334.66,0.0,609840.66,4235.73,0.0,0.0,0.0,91814.23,0.0,0.0,1026.62,758514.62,15483.06,0.00,829334.66,0.00
CZ15/OfL&0&cDXHP&New&dxHP_equip/NE-dxHP-PkgHP-135to239-New-EER-10.8/instance-out.sql,2528752.05,16459.13,738025.94,239041.7,0.0,829334.66,0.0,609840.66,4235.73,0.0,0.0,0.0,91814.23,0.0,0.0,976.07,738025.94,15483.06,0.00,829334.66,0.00
CZ15/OfL&0&cDXHP&New&dxHP_equip/NE-dxHP-PkgHP-135to239-New-EER-11.2/instance-out.sql,2509707.81,16451.21,718989.61,239041.7,0.0,829334.66,0.0,609840.66,4235.73,0.0,0.0,0.0,91814.23,0.0,0.0,968.15,718989.61,15483.06,0.00,829334.66,0.00
CZ15/OfL&0&cDXHP&New&dxHP_equip/NE-dxHP-PkgHP-240to759-New-EER-9.3/instance-out.sql,2574738.8,16540.22,783931.6,239041.7,0.0,829334.66,0.0,609840.66,4235.73,0.0,0.0,0.0,91814.23,0.0,0.0,1057.16,783931.60,15483.06,0.00,829334.66,0.00
CZ15/OfL&0&cDXHP&New&dxHP_equip/NE-dxHP-PkgHP-240to759-New-EER-9.7/instance-out.sql,2550814.74,16509.68,760038.08,239041.7,0.0,829334.66,0.0,609840.66,4235.73,0.0,0.0,0.0,91814.23,0.0,0.0,1026.62,760038.08,15483.06,0.00,829334.66,0.00
CZ15/OfL&0&cDXHP&New&dxHP_equip/NE-dxHP-PkgHP-240to759-New-EER-10.0/instance-out.sql,2534501.24,16509.68,743724.57,239041.7,0.0,829334.66,0.0,609840.66,4235.73,0.0,0.0,0.0,91814.23,0.0,0.0,1026.62,743724.57,15483.06,0.00,829334.66,0.00
CZ15/OfS&0&cDXHP&New&dxHP_equip/NE-dxHP-PkgHP-65to134-New-EER-11.0/instance-out.sql,132835.23,195.87,36801.68,12106.19,0.0,29387.4,0.0,36616.64,1.13,0.0,0.0,0.0,17726.31,0.0,0.0,195.87,36801.68,0.00,0.00,29387.40,0.00
CZ15/OfS&0&cDXHP&New&dxHP_equip/NE-dxHP-PkgHP-65to134-New-EER-11.5/instance-out.sql,131254.85,191.38,35225.79,12106.19,0.0,29387.4,0.0,36616.64,1.13,0.0,0.0,0.0,17726.31,0.0,0.0,191.38,35225.79,0.00,0.00,29387.40,0.00
CZ15/OfS&0&cDXHP&New&dxHP_equip/NE-dxHP-PkgHP-65to134-New-EER-12.0/instance-out.sql,129806.23999999999,189.24,33779.32,12106.19,0.0,29387.4,0.0,36616.64,1.13,0.0,0.0,0.0,17726.31,0.0,0.0,189.24,33779.32,0.00,0.00,29387.40,0.00
CZ15/OfS&0&cDXHP&New&dxHP_equip/NE-dxHP-PkgHP-135to239-New-EER-10.4/instance-out.sql,134143.58000000002,200.62,38105.28,12106.19,0.0,29387.4,0.0,36616.64,1.13,0.0,0.0,0.0,17726.31,0.0,0.0,200.62,38105.28,0.00,0.00,29387.40,0.00
CZ15/OfS&0&cDXHP&New&dxHP_equip/NE-dxHP-PkgHP-135to239-New-EER-10.8/instance-out.sql,132735.03,192.26,36705.08,12106.19,0.0,29387.4,0.0,36616.64,1.13,0.0,0.0,0.0,17726.31,0.0,0.0,192.26,36705.08,0.00,0.00,29387.40,0.00
CZ15/OfS&0&cDXHP&New&dxHP_equip/NE-dxHP-PkgHP-135to239-New-EER-11.2/instance-out.sql,131432.78,190.95,35404.14,12106.19,0.0,29387.4,0.0,36616.64,1.13,0.0,0.0,0.0,17726.31,0.0,0.0,190.95,35404.14,0.00,0.00,29387.40,0.00
CZ15/OfS&0&cDXHP&New&dxHP_equip/NE-dxHP-PkgHP-240to759-New-EER-9.3/instance-out.sql,135885.63,205.67,39842.27,12106.19,0.0,29387.4,0.0,36616.64,1.13,0.0,0.0,0.0,17726.31,0.0,0.0,205.67,39842.27,0.00,0.00,29387.40,0.00
CZ15/OfS&0&cDXHP&New&dxHP_equip/NE-dxHP-PkgHP-240to759-New-EER-9.7/instance-out.sql,134247.69,200.62,38209.39,12106.19,0.0,29387.4,0.0,36616.64,1.13,0.0,0.0,0.0,17726.31,0.0,0.0,200.62,38209.39,0.00,0.00,29387.40,0.00
CZ15/OfS&0&cDXHP&New&dxHP_equip/NE-dxHP-PkgHP-240to759-New-EER-10.0/instance-out.sql,133132.83000000002,200.62,37094.53,12106.19,0.0,29387.4,0.0,36616.64,1.13,0.0,0.0,0.0,17726.31,0.0,0.0,200.62,37094.53,0.00,0.00,29387.40,0.00
CZ15/RFF&0&cDXHP&New&dxHP_equip/NE-dxHP-PkgHP-65to134-New-EER-11.0/instance-out.sql,104505.99,217.41,22532.77,6626.33,0.0,37903.17,0.0,16404.8,3.37,0.0,0.0,0.0,20818.12,0.0,0.0,217.41,22532.77,0.00,0.00,18423.46,19479.71
CZ15/RFF&0&cDXHP&New&dxHP_equip/NE-dxHP-PkgHP-65to134-New-EER-11.5/instance-out.sql,103955.73000000001,211.53,21988.4,6626.33,0.0,37903.17,0.0,16404.8,3.37,0.0,0.0,0.0,20818.12,0.0,0.0,211.53,21988.40,0.00,0.00,18423.46,19479.71
CZ15/RFF&0&cDXHP&New&dxHP_equip/NE-dxHP-PkgHP-65to134-New-EER-12.0/instance-out.sql,103453.25,208.71,21488.73,6626.33,0.0,37903.17,0.0,16404.8,3.37,0.0,0.0,0.0,20818.12,0.0,0.0,208.71,21488.73,0.00,0.00,18423.46,19479.71
CZ15/RFF&0&cDXHP&New&dxHP_equip/NE-dxHP-PkgHP-135to239-New-EER-10.4/instance-out.sql,104962.54000000001,223.65,22983.09,6626.33,0.0,37903.17,0.0,16404.8,3.37,0.0,0.0,0.0,20818.12,0.0,0.0,223.65,22983.09,0.00,0.00,18423.46,19479.71
CZ15/RFF&0&cDXHP&New&dxHP_equip/NE-dxHP-PkgHP-135to239-New-EER-10.8/instance-out.sql,104467.89,212.68,22499.4,6626.33,0.0,37903.17,0.0,16404.8,3.37,0.0,0.0,0.0,20818.12,0.0,0.0,212.68,22499.40,0.00,0.00,18423.46,19479.71
CZ15/RFF&0&cDXHP&New&dxHP_equip/NE-dxHP-PkgHP-135to239-New-EER-11.2/instance-out.sql,104016.77,210.96,22050.01,6626.33,0.0,37903.17,0.0,16404.8,3.37,0.0,0.0,0.0,20818.12,0.0,0.0,210.96,22050.01,0.00,0.00,18423.46,19479.71
CZ15/RFF&0&cDXHP&New&dxHP_equip/NE-dxHP-PkgHP-240to759-New-EER-9.3/instance-out.sql,105569.19,230.28,23583.11,6626.33,0.0,37903.17,0.0,16404.8,3.37,0.0,0.0,0.0,20818.12,0.0,0.0,230.28,23583.11,0.00,0.00,18423.46,19479.71
CZ15/RFF&0&cDXHP&New&dxHP_equip/NE-dxHP-PkgHP-240to759-New-EER-9.7/instance-out.sql,104998.5,223.65,23019.05,6626.33,0.0,37903.17,0.0,16404.8,3.37,0.0,0.0,0.0,20818.12,0.0,0.0,223.65,23019.05,0.00,0.00,18423.46,19479.71
CZ15/RFF&0&cDXHP&New&dxHP_equip/NE-dxHP-PkgHP-240to759-New-EER-10.0/instance-out.sql,104613.39,223.65,22633.93,6626.33,0.0,37903.17,0.0,16404.8,3.37,0.0,0.0,0.0,20818.12,0.0,0.0,223.65,22633.93,0.00,0.00,18423.46,19479.71
CZ15/RSD&0&cDXHP&New&dxHP_equip/NE-dxHP-PkgHP-65to134-New-EER-11.0/instance-out.sql,262321.23,31174.83,55681.47,16225.45,0.0,76546.73,0.0,31644.34,31.93,0.0,0.0,0.0,51016.5,0.0,0.0,162.95,55681.47,31011.88,0.00,37475.60,39071.13
CZ15/RSD&0&cDXHP&New&dxHP_equip/NE-dxHP-PkgHP-65to134-New-EER-11.5/instance-out.sql,262022.73,31170.39,55387.41,16225.45,0.0,76546.73,0.0,31644.34,31.93,0.0,0.0,0.0,51016.5,0.0,0.0,158.51,55387.41,31011.88,0.00,37475.60,39071.13
CZ15/RSD&0&cDXHP&New&dxHP_equip/NE-dxHP-PkgHP-65to134-New-EER-12.0/instance-out.sql,261750.69,31168.260000000002,55117.5,16225.45,0.0,76546.73,0.0,31644.34,31.93,0.0,0.0,0.0,51016.5,0.0,0.0,156.38,55117.50,31011.88,0.00,37475.60,39071.13
CZ15/RSD&0&cDXHP&New&dxHP_equip/NE-dxHP-PkgHP-135to239-New-EER-10.4/instance-out.sql,262569.2,31179.54,55924.72,16225.45,0.0,76546.73,0.0,31644.34,31.93,0.0,0.0,0.0,51016.5,0.0,0.0,167.66,55924.72,31011.88,0.00,37475.60,39071.13
CZ15/RSD&0&cDXHP&New&dxHP_equip/NE-dxHP-PkgHP-135to239-New-EER-10.8/instance-out.sql,262299.64,31171.260000000002,55663.45,16225.45,0.0,76546.73,0.0,31644.34,31.93,0.0,0.0,0.0,51016.5,0.0,0.0,159.38,55663.45,31011.88,0.00,37475.60,39071.13
CZ15/RSD&0&cDXHP&New&dxHP_equip/NE-dxHP-PkgHP-135to239-New-EER-11.2/instance-out.sql,262055.58,31169.960000000003,55420.69,16225.45,0.0,76546.73,0.0,31644.34,31.93,0.0,0.0,0.0,51016.5,0.0,0.0,158.08,55420.69,31011.88,0.00,37475.60,39071.13
CZ15/RSD&0&cDXHP&New&dxHP_equip/NE-dxHP-PkgHP-240to759-New-EER-9.3/instance-out.sql,262898.32,31184.54,56248.85,16225.45,0.0,76546.73,0.0,31644.34,31.93,0.0,0.0,0.0,51016.5,0.0,0.0,172.66,56248.85,31011.88,0.00,37475.60,39071.13
CZ15/RSD&0&cDXHP&New&dxHP_equip/NE-dxHP-PkgHP-240to759-New-EER-9.7/instance-out.sql,262588.62,31179.54,55944.15,16225.45,0.0,76546.73,0.0,31644.34,31.93,0.0,0.0,0.0,51016.5,0.0,0.0,167.66,55944.15,31011.88,0.00,37475.60,39071.13
CZ15/RSD&0&cDXHP&New&dxHP_equip/NE-dxHP-PkgHP-240to759-New-EER-10.0/instance-out.sql,262380.58999999997,31179.54,55736.12,16225.45,0.0,76546.73,0.0,31644.34,31.93,0.0,0.0,0.0,51016.5,0.0,0.0,167.66,55736.12,31011.88,0.00,37475.60,39071.13
CZ15/Rt3&0&cDXHP&New&dxHP_equip/NE-dxHP-PkgHP-65to134-New-EER-11.0/instance-out.sql,1929021.46,2271.5,531722.27,394371.6,0.0,436362.0,0.0,432475.93,3.38,0.0,0.0,0.0,131814.77,0.0,0.0,2132.26,531722.27,139.24,0.00,436362.00,0.00
CZ15/Rt3&0&cDXHP&New&dxHP_equip/NE-dxHP-PkgHP-65to134-New-EER-11.5/instance-out.sql,1906802.37,2212.8999999999996,509561.78,394371.6,0.0,436362.0,0.0,432475.93,3.38,0.0,0.0,0.0,131814.77,0.0,0.0,2073.66,509561.78,139.24,0.00,436362.00,0.00
CZ15/Rt3&0&cDXHP&New&dxHP_equip/NE-dxHP-PkgHP-65to134-New-EER-12.0/instance-out.sql,1886433.76,2184.84,489221.23,394371.6,0.0,436362.0,0.0,432475.93,3.38,0.0,0.0,0.0,131814.77,0.0,0.0,2045.60,489221.23,139.24,0.00,436362.00,0.00
CZ15/Rt3&0&cDXHP&New&dxHP_equip/NE-dxHP-PkgHP-135to239-New-EER-10.4/instance-out.sql,1947415.12,2333.6499999999996,550053.78,394371.6,0.0,436362.0,0.0,432475.93,3.38,0.0,0.0,0.0,131814.77,0.0,0.0,2194.41,550053.78,139.24,0.00,436362.00,0.00
CZ15/Rt3&0&cDXHP&New&dxHP_equip/NE-dxHP-PkgHP-135to239-New-EER-10.8/instance-out.sql,1927616.0,2224.3500000000004,530363.97,394371.6,0.0,436362.0,0.0,432475.93,3.38,0.0,0.0,0.0,131814.77,0.0,0.0,2085.11,530363.97,139.24,0.00,436362.00,0.00
CZ15/Rt3&0&cDXHP&New&dxHP_equip/NE-dxHP-PkgHP-135to239-New-EER-11.2/instance-out.sql,1909304.8,2207.2200000000003,512069.89,394371.6,0.0,436362.0,0.0,432475.93,3.38,0.0,0.0,0.0,131814.77,0.0,0.0,2067.98,512069.89,139.24,0.00,436362.00,0.00
CZ15/Rt3&0&cDXHP&New&dxHP_equip/NE-dxHP-PkgHP-240to759-New-EER-9.3/instance-out.sql,1971907.1,2399.6899999999996,574479.72,394371.6,0.0,436362.0,0.0,432475.93,3.38,0.0,0.0,0.0,131814.77,0.0,0.0,2260.45,574479.72,139.24,0.00,436362.00,0.00
CZ15/Rt3&0&cDXHP&New&dxHP_equip/NE-dxHP-PkgHP-240to759-New-EER-9.7/instance-out.sql,1948879.17,2333.6499999999996,551517.83,394371.6,0.0,436362.0,0.0,432475.93,3.38,0.0,0.0,0.0,131814.77,0.0,0.0,2194.41,551517.83,139.24,0.00,436362.00,0.00
CZ15/Rt3&0&cDXHP&New&dxHP_equip/NE-dxHP-PkgHP-240to759-New-EER-10.0/instance-out.sql,1933201.75,2333.6499999999996,535840.41,394371.6,0.0,436362.0,0.0,432475.93,3.38,0.0,0.0,0.0,131814.77,0.0,0.0,2194.41,535840.41,139.24,0.00,436362.00,0.00
CZ15/RtL&0&cDXHP&New&dxHP_equip/NE-dxHP-PkgHP-65to134-New-EER-11.0/instance-out.sql,1962642.44,1666.16,539171.61,395231.18,0.0,509200.67,0.0,420019.91,3.39,0.0,0.0,0.0,97349.52,0.0,0.0,1666.16,539171.61,0.00,0.00,468847.72,40352.95
CZ15/RtL&0&cDXHP&New&dxHP_equip/NE-dxHP-PkgHP-65to134-New-EER-11.5/instance-out.sql,1940287.67,1619.94,516863.06,395231.18,0.0,509200.67,0.0,420019.91,3.39,0.0,0.0,0.0,97349.52,0.0,0.0,1619.94,516863.06,0.00,0.00,468847.72,40352.95
CZ15/RtL&0&cDXHP&New&dxHP_equip/NE-dxHP-PkgHP-65to134-New-EER-12.0/instance-out.sql,1919789.08,1597.81,496386.6,395231.18,0.0,509200.67,0.0,420019.91,3.39,0.0,0.0,0.0,97349.52,0.0,0.0,1597.81,496386.60,0.00,0.00,468847.72,40352.95
CZ15/RtL&0&cDXHP&New&dxHP_equip/NE-dxHP-PkgHP-135to239-New-EER-10.4/instance-out.sql,1981145.46,1715.19,557625.6,395231.18,0.0,509200.67,0.0,420019.91,3.39,0.0,0.0,0.0,97349.52,0.0,0.0,1715.19,557625.60,0.00,0.00,468847.72,40352.95
CZ15/RtL&0&cDXHP&New&dxHP_equip/NE-dxHP-PkgHP-135to239-New-EER-10.8/instance-out.sql,1961237.88,1628.97,537804.23,395231.18,0.0,509200.67,0.0,420019.91,3.39,0.0,0.0,0.0,97349.52,0.0,0.0,1628.97,537804.23,0.00,0.00,468847.72,40352.95
CZ15/RtL&0&cDXHP&New&dxHP_equip/NE-dxHP-PkgHP-135to239-New-EER-11.2/instance-out.sql,1942808.06,1615.46,519387.93,395231.18,0.0,509200.67,0.0,420019.91,3.39,0.0,0.0,0.0,97349.52,0.0,0.0,1615.46,519387.93,0.00,0.00,468847.72,40352.95
CZ15/RtL&0&cDXHP&New&dxHP_equip/NE-dxHP-PkgHP-240to759-New-EER-9.3/instance-out.sql,2005786.69,1767.28,582214.75,395231.18,0.0,509200.67,0.0,420019.91,3.39,0.0,0.0,0.0,97349.52,0.0,0.0,1767.28,582214.75,0.00,0.00,468847.72,40352.95
CZ15/RtL&0&cDXHP&New&dxHP_equip/NE-dxHP-PkgHP-240to759-New-EER-9.7/instance-out.sql,1982619.3,1715.19,559099.44,395231.18,0.0,509200.67,0.0,420019.91,3.39,0.0,0.0,0.0,97349.52,0.0,0.0,1715.19,559099.44,0.00,0.00,468847.72,40352.95
CZ15/RtL&0&cDXHP&New&dxHP_equip/NE-dxHP-PkgHP-240to759-New-EER-10.0/instance-out.sql,1966837.1199999999,1715.19,543317.26,395231.18,0.0,509200.67,0.0,420019.91,3.39,0.0,0.0,0.0,97349.52,0.0,0.0,1715.19,543317.26,0.00,0.00,468847.72,40352.95
CZ15/RtS&0&cDXHP&New&dxHP_equip/NE-dxHP-PkgHP-65to134-New-EER-11.0/instance-out.sql,128385.34999999999,287.68,37305.46,23251.32,0.0,24440.79,0.0,29777.43,3.36,0.0,0.0,0.0,13319.31,0.0,0.0,287.68,37305.46,0.00,0.00,24440.79,0.00
CZ15/RtS&0&cDXHP&New&dxHP_equip/NE-dxHP-PkgHP-65to134-New-EER-11.5/instance-out.sql,126779.95,279.74,35707.99,23251.32,0.0,24440.79,0.0,29777.43,3.36,0.0,0.0,0.0,13319.31,0.0,0.0,279.74,35707.99,0.00,0.00,24440.79,0.00
CZ15/RtS&0&cDXHP&New&dxHP_equip/NE-dxHP-PkgHP-65to134-New-EER-12.0/instance-out.sql,125309.88,275.94,34241.72,23251.32,0.0,24440.79,0.0,29777.43,3.36,0.0,0.0,0.0,13319.31,0.0,0.0,275.94,34241.72,0.00,0.00,24440.79,0.00
CZ15/RtS&0&cDXHP&New&dxHP_equip/NE-dxHP-PkgHP-135to239-New-EER-10.4/instance-out.sql,129715.22,296.1,38626.9,23251.32,0.0,24440.79,0.0,29777.43,3.36,0.0,0.0,0.0,13319.31,0.0,0.0,296.10,38626.90,0.00,0.00,24440.79,0.00
CZ15/RtS&0&cDXHP&New&dxHP_equip/NE-dxHP-PkgHP-135to239-New-EER-10.8/instance-out.sql,128281.05,281.29,37207.54,23251.32,0.0,24440.79,0.0,29777.43,3.36,0.0,0.0,0.0,13319.31,0.0,0.0,281.29,37207.54,0.00,0.00,24440.79,0.00
CZ15/RtS&0&cDXHP&New&dxHP_equip/NE-dxHP-PkgHP-135to239-New-EER-11.2/instance-out.sql,126959.98,278.97,35888.79,23251.32,0.0,24440.79,0.0,29777.43,3.36,0.0,0.0,0.0,13319.31,0.0,0.0,278.97,35888.79,0.00,0.00,24440.79,0.00
CZ15/RtS&0&cDXHP&New&dxHP_equip/NE-dxHP-PkgHP-240to759-New-EER-9.3/instance-out.sql,131484.94,305.05,40387.67,23251.32,0.0,24440.79,0.0,29777.43,3.36,0.0,0.0,0.0,13319.31,0.0,0.0,305.05,40387.67,0.00,0.00,24440.79,0.00
CZ15/RtS&0&cDXHP&New&dxHP_equip/NE-dxHP-PkgHP-240to759-New-EER-9.7/instance-out.sql,129820.76,296.1,38732.44,23251.32,0.0,24440.79,0.0,29777.43,3.36,0.0,0.0,0.0,13319.31,0.0,0.0,296.10,38732.44,0.00,0.00,24440.79,0.00
CZ15/RtS&0&cDXHP&New&dxHP_equip/NE-dxHP-PkgHP-240to759-New-EER-10.0/instance-out.sql,128690.63,296.1,37602.32,23251.32,0.0,24440.79,0.0,29777.43,3.36,0.0,0.0,0.0,13319.31,0.0,0.0,296.10,37602.32,0.00,0.00,24440.79,0.00
CZ15/SCn&0&cDXHP&New&dxHP_equip/NE-dxHP-PkgHP-65to134-New-EER-11.0/instance-out.sql,3450954.21,20334.16,1146957.18,571539.04,0.0,449066.39,0.0,1197533.57,3.36,0.0,0.0,0.0,65520.52,0.0,0.0,20334.16,1146957.18,0.00,0.00,449066.39,0.00
CZ15/SCn&0&cDXHP&New&dxHP_equip/NE-dxHP-PkgHP-65to134-New-EER-11.5/instance-out.sql,3401264.41,19758.38,1097843.15,571539.04,0.0,449066.39,0.0,1197533.57,3.36,0.0,0.0,0.0,65520.52,0.0,0.0,19758.38,1097843.15,0.00,0.00,449066.39,0.00
CZ15/SCn&0&cDXHP&New&dxHP_equip/NE-dxHP-PkgHP-65to134-New-EER-12.0/instance-out.sql,3355908.17,19482.66,1052762.63,571539.04,0.0,449066.39,0.0,1197533.57,3.36,0.0,0.0,0.0,65520.52,0.0,0.0,19482.66,1052762.63,0.00,0.00,449066.39,0.00
CZ15/SCn&0&cDXHP&New&dxHP_equip/NE-dxHP-PkgHP-135to239-New-EER-10.4/instance-out.sql,3492192.79,20944.82,1187585.09,571539.04,0.0,449066.39,0.0,1197533.57,3.36,0.0,0.0,0.0,65520.52,0.0,0.0,20944.82,1187585.09,0.00,0.00,449066.39,0.00
CZ15/SCn&0&cDXHP&New&dxHP_equip/NE-dxHP-PkgHP-135to239-New-EER-10.8/instance-out.sql,3447480.56,19870.89,1143946.8,571539.04,0.0,449066.39,0.0,1197533.57,3.36,0.0,0.0,0.0,65520.52,0.0,0.0,19870.89,1143946.80,0.00,0.00,449066.39,0.00
CZ15/SCn&0&cDXHP&New&dxHP_equip/NE-dxHP-PkgHP-135to239-New-EER-11.2/instance-out.sql,3406767.33,19702.61,1103401.85,571539.04,0.0,449066.39,0.0,1197533.57,3.36,0.0,0.0,0.0,65520.52,0.0,0.0,19702.61,1103401.85,0.00,0.00,449066.39,0.00
CZ15/SCn&0&cDXHP&New&dxHP_equip/NE-dxHP-PkgHP-240to759-New-EER-9.3/instance-out.sql,3546976.56,21593.66,1241720.03,571539.04,0.0,449066.39,0.0,1197533.57,3.36,0.0,0.0,0.0,65520.52,0.0,0.0,21593.66,1241720.03,0.00,0.00,449066.39,0.00
CZ15/SCn&0&cDXHP&New&dxHP_equip/NE-dxHP-PkgHP-240to759-New-EER-9.7/instance-out.sql,3495437.56,20944.82,1190829.86,571539.04,0.0,449066.39,0.0,1197533.57,3.36,0.0,0.0,0.0,65520.52,0.0,0.0,20944.82,1190829.86,0.00,0.00,449066.39,0.00
CZ15/SCn&0&cDXHP&New&dxHP_equip/NE-dxHP-PkgHP-240to759-New-EER-10.0/instance-out.sql,3460691.86,20944.82,1156084.16,571539.04,0.0,449066.39,0.0,1197533.57,3.36,0.0,0.0,0.0,65520.52,0.0,0.0,20944.82,1156084.16,0.00,0.00,449066.39,0.00
CZ16/Asm&0&cDXHP&New&dxHP_equip/NE-dxHP-PkgHP-65to134-New-EER-11.0/instance-out.sql,704086.76,85615.88,156045.55,76844.55,0.0,145823.51,0.0,217206.15,3.36,0.0,0.0,0.0,22547.77,0.0,0.0,85615.88,156045.55,0.00,0.00,145823.51,0.00
CZ16/Asm&0&cDXHP&New&dxHP_equip/NE-dxHP-PkgHP-65to134-New-EER-11.5/instance-out.sql,695104.17,83315.34,149363.5,76844.55,0.0,145823.51,0.0,217206.15,3.36,0.0,0.0,0.0,22547.77,0.0,0.0,83315.34,149363.50,0.00,0.00,145823.51,0.00
CZ16/Asm&0&cDXHP&New&dxHP_equip/NE-dxHP-PkgHP-65to134-New-EER-12.0/instance-out.sql,687869.22,82213.67,143230.22,76844.55,0.0,145823.51,0.0,217206.15,3.36,0.0,0.0,0.0,22547.77,0.0,0.0,82213.67,143230.22,0.00,0.00,145823.51,0.00
CZ16/Asm&0&cDXHP&New&dxHP_equip/NE-dxHP-PkgHP-135to239-New-EER-10.4/instance-out.sql,712054.22,88055.84,161573.05,76844.55,0.0,145823.51,0.0,217206.15,3.36,0.0,0.0,0.0,22547.77,0.0,0.0,88055.84,161573.05,0.00,0.00,145823.51,0.00
CZ16/Asm&0&cDXHP&New&dxHP_equip/NE-dxHP-PkgHP-135to239-New-EER-10.8/instance-out.sql,701826.1900000001,83764.87,155635.98,76844.55,0.0,145823.51,0.0,217206.15,3.36,0.0,0.0,0.0,22547.77,0.0,0.0,83764.87,155635.98,0.00,0.00,145823.51,0.00
CZ16/Asm&0&cDXHP&New&dxHP_equip/NE-dxHP-PkgHP-135to239-New-EER-11.2/instance-out.sql,695637.6,83092.5,150119.77,76844.55,0.0,145823.51,0.0,217206.15,3.36,0.0,0.0,0.0,22547.77,0.0,0.0,83092.50,150119.77,0.00,0.00,145823.51,0.00
CZ16/Asm&0&cDXHP&New&dxHP_equip/NE-dxHP-PkgHP-240to759-New-EER-9.3/instance-out.sql,722011.84,90648.3,168938.2,76844.55,0.0,145823.51,0.0,217206.15,3.36,0.0,0.0,0.0,22547.77,0.0,0.0,90648.30,168938.20,0.00,0.00,145823.51,0.00
CZ16/Asm&0&cDXHP&New&dxHP_equip/NE-dxHP-PkgHP-240to759-New-EER-9.7/instance-out.sql,712495.68,88055.84,162014.51,76844.55,0.0,145823.51,0.0,217206.15,3.36,0.0,0.0,0.0,22547.77,0.0,0.0,88055.84,162014.51,0.00,0.00,145823.51,0.00
CZ16/Asm&0&cDXHP&New&dxHP_equip/NE-dxHP-PkgHP-240to759-New-EER-10.0/instance-out.sql,707768.47,88055.84,157287.29,76844.55,0.0,145823.51,0.0,217206.15,3.36,0.0,0.0,0.0,22547.77,0.0,0.0,88055.84,157287.29,0.00,0.00,145823.51,0.00
CZ16/ECC&0&cDXHP&New&dxHP_equip/NE-dxHP-PkgHP-65to134-New-EER-11.0/instance-out.sql,2536405.65,49846.22,341500.49,167224.54,0.0,1013813.91,0.0,519407.08,750.31,0.0,0.0,0.0,443863.1,0.0,0.0,48958.24,341500.49,887.98,0.00,945189.93,68623.98
CZ16/ECC&0&cDXHP&New&dxHP_equip/NE-dxHP-PkgHP-65to134-New-EER-11.5/instance-out.sql,2524289.68,48574.11,330656.63,167224.54,0.0,1013813.91,0.0,519407.08,750.31,0.0,0.0,0.0,443863.1,0.0,0.0,47686.13,330656.63,887.98,0.00,945189.93,68623.98
CZ16/ECC&0&cDXHP&New&dxHP_equip/NE-dxHP-PkgHP-65to134-New-EER-12.0/instance-out.sql,2513727.1999999997,47964.93,320703.33,167224.54,0.0,1013813.91,0.0,519407.08,750.31,0.0,0.0,0.0,443863.1,0.0,0.0,47076.95,320703.33,887.98,0.00,945189.93,68623.98
CZ16/ECC&0&cDXHP&New&dxHP_equip/NE-dxHP-PkgHP-135to239-New-EER-10.4/instance-out.sql,2546725.07,51195.43,350470.7,167224.54,0.0,1013813.91,0.0,519407.08,750.31,0.0,0.0,0.0,443863.1,0.0,0.0,50307.45,350470.70,887.98,0.00,945189.93,68623.98
CZ16/ECC&0&cDXHP&New&dxHP_equip/NE-dxHP-PkgHP-135to239-New-EER-10.8/instance-out.sql,2534717.4499999997,48822.69,340835.82,167224.54,0.0,1013813.91,0.0,519407.08,750.31,0.0,0.0,0.0,443863.1,0.0,0.0,47934.71,340835.82,887.98,0.00,945189.93,68623.98
CZ16/ECC&0&cDXHP&New&dxHP_equip/NE-dxHP-PkgHP-135to239-New-EER-11.2/instance-out.sql,2525393.76,48450.89000000001,331883.93,167224.54,0.0,1013813.91,0.0,519407.08,750.31,0.0,0.0,0.0,443863.1,0.0,0.0,47562.91,331883.93,887.98,0.00,945189.93,68623.98
CZ16/ECC&0&cDXHP&New&dxHP_equip/NE-dxHP-PkgHP-240to759-New-EER-9.3/instance-out.sql,2560111.02,52628.96000000001,362423.12,167224.54,0.0,1013813.91,0.0,519407.08,750.31,0.0,0.0,0.0,443863.1,0.0,0.0,51740.98,362423.12,887.98,0.00,945189.93,68623.98
CZ16/ECC&0&cDXHP&New&dxHP_equip/NE-dxHP-PkgHP-240to759-New-EER-9.7/instance-out.sql,2547441.48,51195.43,351187.11,167224.54,0.0,1013813.91,0.0,519407.08,750.31,0.0,0.0,0.0,443863.1,0.0,0.0,50307.45,351187.11,887.98,0.00,945189.93,68623.98
CZ16/ECC&0&cDXHP&New&dxHP_equip/NE-dxHP-PkgHP-240to759-New-EER-10.0/instance-out.sql,2539770.0,51195.43,343515.63,167224.54,0.0,1013813.91,0.0,519407.08,750.31,0.0,0.0,0.0,443863.1,0.0,0.0,50307.45,343515.63,887.98,0.00,945189.93,68623.98
CZ16/EPr&0&cDXHP&New&dxHP_equip/NE-dxHP-PkgHP-65to134-New-EER-11.0/instance-out.sql,382557.76,15007.29,52729.57,30835.78,0.0,125897.03,0.0,73247.65,3.37,0.0,0.0,0.0,84837.06,0.0,0.0,15007.12,52729.57,0.17,0.00,83226.75,42670.28
CZ16/EPr&0&cDXHP&New&dxHP_equip/NE-dxHP-PkgHP-65to134-New-EER-11.5/instance-out.sql,380370.44,14614.85,50934.7,30835.78,0.0,125897.03,0.0,73247.65,3.37,0.0,0.0,0.0,84837.06,0.0,0.0,14614.68,50934.70,0.17,0.00,83226.75,42670.28
CZ16/EPr&0&cDXHP&New&dxHP_equip/NE-dxHP-PkgHP-65to134-New-EER-12.0/instance-out.sql,378535.05,14426.92,49287.23,30835.78,0.0,125897.03,0.0,73247.65,3.37,0.0,0.0,0.0,84837.06,0.0,0.0,14426.75,49287.23,0.17,0.00,83226.75,42670.28
CZ16/EPr&0&cDXHP&New&dxHP_equip/NE-dxHP-PkgHP-135to239-New-EER-10.4/instance-out.sql,384458.73,15423.51,54214.32,30835.78,0.0,125897.03,0.0,73247.65,3.37,0.0,0.0,0.0,84837.06,0.0,0.0,15423.34,54214.32,0.17,0.00,83226.75,42670.28
CZ16/EPr&0&cDXHP&New&dxHP_equip/NE-dxHP-PkgHP-135to239-New-EER-10.8/instance-out.sql,382131.99,14691.53,52619.56,30835.78,0.0,125897.03,0.0,73247.65,3.37,0.0,0.0,0.0,84837.06,0.0,0.0,14691.36,52619.56,0.17,0.00,83226.75,42670.28
CZ16/EPr&0&cDXHP&New&dxHP_equip/NE-dxHP-PkgHP-135to239-New-EER-11.2/instance-out.sql,380535.57,14576.84,51137.84,30835.78,0.0,125897.03,0.0,73247.65,3.37,0.0,0.0,0.0,84837.06,0.0,0.0,14576.67,51137.84,0.17,0.00,83226.75,42670.28
CZ16/EPr&0&cDXHP&New&dxHP_equip/NE-dxHP-PkgHP-240to759-New-EER-9.3/instance-out.sql,386879.33,15865.74,56192.69,30835.78,0.0,125897.03,0.0,73247.65,3.37,0.0,0.0,0.0,84837.06,0.0,0.0,15865.57,56192.69,0.17,0.00,83226.75,42670.28
CZ16/EPr&0&cDXHP&New&dxHP_equip/NE-dxHP-PkgHP-240to759-New-EER-9.7/instance-out.sql,384577.31,15423.51,54332.9,30835.78,0.0,125897.03,0.0,73247.65,3.37,0.0,0.0,0.0,84837.06,0.0,0.0,15423.34,54332.90,0.17,0.00,83226.75,42670.28
CZ16/EPr&0&cDXHP&New&dxHP_equip/NE-dxHP-PkgHP-240to759-New-EER-10.0/instance-out.sql,383307.52,15423.51,53063.12,30835.78,0.0,125897.03,0.0,73247.65,3.37,0.0,0.0,0.0,84837.06,0.0,0.0,15423.34,53063.12,0.17,0.00,83226.75,42670.28
CZ16/ERC&0&cDXHP&New&dxHP_equip/NE-dxHP-PkgHP-65to134-New-EER-11.0/instance-out.sql,18905.550000000003,997.91,1840.38,1016.35,0.0,2196.82,0.0,3594.97,3.36,0.0,0.0,0.0,9255.77,0.0,0.0,997.91,1840.38,0.00,0.00,2196.82,0.00
CZ16/ERC&0&cDXHP&New&dxHP_equip/NE-dxHP-PkgHP-65to134-New-EER-11.5/instance-out.sql,18801.89,973.05,1761.57,1016.35,0.0,2196.82,0.0,3594.97,3.36,0.0,0.0,0.0,9255.77,0.0,0.0,973.05,1761.57,0.00,0.00,2196.82,0.00
CZ16/ERC&0&cDXHP&New&dxHP_equip/NE-dxHP-PkgHP-65to134-New-EER-12.0/instance-out.sql,18717.65,961.15,1689.23,1016.35,0.0,2196.82,0.0,3594.97,3.36,0.0,0.0,0.0,9255.77,0.0,0.0,961.15,1689.23,0.00,0.00,2196.82,0.00
CZ16/ERC&0&cDXHP&New&dxHP_equip/NE-dxHP-PkgHP-135to239-New-EER-10.4/instance-out.sql,18997.11,1024.28,1905.57,1016.35,0.0,2196.82,0.0,3594.97,3.36,0.0,0.0,0.0,9255.77,0.0,0.0,1024.28,1905.57,0.00,0.00,2196.82,0.00
CZ16/ERC&0&cDXHP&New&dxHP_equip/NE-dxHP-PkgHP-135to239-New-EER-10.8/instance-out.sql,18880.72,977.91,1835.55,1016.35,0.0,2196.82,0.0,3594.97,3.36,0.0,0.0,0.0,9255.77,0.0,0.0,977.91,1835.55,0.00,0.00,2196.82,0.00
CZ16/ERC&0&cDXHP&New&dxHP_equip/NE-dxHP-PkgHP-135to239-New-EER-11.2/instance-out.sql,18808.4,970.64,1770.49,1016.35,0.0,2196.82,0.0,3594.97,3.36,0.0,0.0,0.0,9255.77,0.0,0.0,970.64,1770.49,0.00,0.00,2196.82,0.00
CZ16/ERC&0&cDXHP&New&dxHP_equip/NE-dxHP-PkgHP-240to759-New-EER-9.3/instance-out.sql,19111.989999999998,1052.29,1992.43,1016.35,0.0,2196.82,0.0,3594.97,3.36,0.0,0.0,0.0,9255.77,0.0,0.0,1052.29,1992.43,0.00,0.00,2196.82,0.00
CZ16/ERC&0&cDXHP&New&dxHP_equip/NE-dxHP-PkgHP-240to759-New-EER-9.7/instance-out.sql,19002.32,1024.28,1910.77,1016.35,0.0,2196.82,0.0,3594.97,3.36,0.0,0.0,0.0,9255.77,0.0,0.0,1024.28,1910.77,0.00,0.00,2196.82,0.00
CZ16/ERC&0&cDXHP&New&dxHP_equip/NE-dxHP-PkgHP-240to759-New-EER-10.0/instance-out.sql,18946.56,1024.28,1855.02,1016.35,0.0,2196.82,0.0,3594.97,3.36,0.0,0.0,0.0,9255.77,0.0,0.0,1024.28,1855.02,0.00,0.00,2196.82,0.00
CZ16/ESe&0&cDXHP&New&dxHP_equip/NE-dxHP-PkgHP-65to134-New-EER-11.0/instance-out.sql,1167745.02,167849.27,149016.66,94750.45,0.0,323176.74,0.0,200128.9,3.39,0.0,0.0,0.0,232819.6,0.0,0.0,10390.91,149016.66,157458.36,0.00,259085.82,64090.92
CZ16/ESe&0&cDXHP&New&dxHP_equip/NE-dxHP-PkgHP-65to134-New-EER-11.5/instance-out.sql,1165573.4,167591.71999999997,147102.6,94750.45,0.0,323176.74,0.0,200128.9,3.39,0.0,0.0,0.0,232819.6,0.0,0.0,10133.36,147102.60,157458.36,0.00,259085.82,64090.92
CZ16/ESe&0&cDXHP&New&dxHP_equip/NE-dxHP-PkgHP-65to134-New-EER-12.0/instance-out.sql,1163693.19,167468.37999999998,145345.73,94750.45,0.0,323176.74,0.0,200128.9,3.39,0.0,0.0,0.0,232819.6,0.0,0.0,10010.02,145345.73,157458.36,0.00,259085.82,64090.92
CZ16/ESe&0&cDXHP&New&dxHP_equip/NE-dxHP-PkgHP-135to239-New-EER-10.4/instance-out.sql,1169601.52,168122.43999999997,150600.0,94750.45,0.0,323176.74,0.0,200128.9,3.39,0.0,0.0,0.0,232819.6,0.0,0.0,10664.08,150600.00,157458.36,0.00,259085.82,64090.92
CZ16/ESe&0&cDXHP&New&dxHP_equip/NE-dxHP-PkgHP-135to239-New-EER-10.8/instance-out.sql,1167420.47,167642.03999999998,148899.34,94750.45,0.0,323176.74,0.0,200128.9,3.39,0.0,0.0,0.0,232819.6,0.0,0.0,10183.68,148899.34,157458.36,0.00,259085.82,64090.92
CZ16/ESe&0&cDXHP&New&dxHP_equip/NE-dxHP-PkgHP-135to239-New-EER-11.2/instance-out.sql,1165765.08,167566.77,147319.23,94750.45,0.0,323176.74,0.0,200128.9,3.39,0.0,0.0,0.0,232819.6,0.0,0.0,10108.41,147319.23,157458.36,0.00,259085.82,64090.92
CZ16/ESe&0&cDXHP&New&dxHP_equip/NE-dxHP-PkgHP-240to759-New-EER-9.3/instance-out.sql,1172001.5,168412.68,152709.74,94750.45,0.0,323176.74,0.0,200128.9,3.39,0.0,0.0,0.0,232819.6,0.0,0.0,10954.32,152709.74,157458.36,0.00,259085.82,64090.92
CZ16/ESe&0&cDXHP&New&dxHP_equip/NE-dxHP-PkgHP-240to759-New-EER-9.7/instance-out.sql,1169727.98,168122.43999999997,150726.45,94750.45,0.0,323176.74,0.0,200128.9,3.39,0.0,0.0,0.0,232819.6,0.0,0.0,10664.08,150726.45,157458.36,0.00,259085.82,64090.92
CZ16/ESe&0&cDXHP&New&dxHP_equip/NE-dxHP-PkgHP-240to759-New-EER-10.0/instance-out.sql,1168373.88,168122.43999999997,149372.35,94750.45,0.0,323176.74,0.0,200128.9,3.39,0.0,0.0,0.0,232819.6,0.0,0.0,10664.08,149372.35,157458.36,0.00,259085.82,64090.92
CZ16/EUn&0&cDXHP&New&dxHP_equip/NE-dxHP-PkgHP-65to134-New-EER-11.0/instance-out.sql,8005785.92,164317.56,1066501.07,644388.1,0.0,3682881.23,0.0,1695602.97,3.37,0.0,0.0,0.0,752091.6,0.0,0.0,155175.76,1066501.07,9141.80,0.00,3555459.15,127422.08
CZ16/EUn&0&cDXHP&New&dxHP_equip/NE-dxHP-PkgHP-65to134-New-EER-11.5/instance-out.sql,7971869.28,160345.59999999998,1036556.4,644388.1,0.0,3682881.23,0.0,1695602.97,3.37,0.0,0.0,0.0,752091.6,0.0,0.0,151203.80,1036556.40,9141.80,0.00,3555459.15,127422.08
CZ16/EUn&0&cDXHP&New&dxHP_equip/NE-dxHP-PkgHP-65to134-New-EER-12.0/instance-out.sql,7942481.7700000005,158443.53,1009070.96,644388.1,0.0,3682881.23,0.0,1695602.97,3.37,0.0,0.0,0.0,752091.6,0.0,0.0,149301.73,1009070.96,9141.80,0.00,3555459.15,127422.08
CZ16/EUn&0&cDXHP&New&dxHP_equip/NE-dxHP-PkgHP-135to239-New-EER-10.4/instance-out.sql,8034769.3100000005,168530.25,1091271.78,644388.1,0.0,3682881.23,0.0,1695602.97,3.37,0.0,0.0,0.0,752091.6,0.0,0.0,159388.45,1091271.78,9141.80,0.00,3555459.15,127422.08
CZ16/EUn&0&cDXHP&New&dxHP_equip/NE-dxHP-PkgHP-135to239-New-EER-10.8/instance-out.sql,8000754.66,161121.72999999998,1064665.65,644388.1,0.0,3682881.23,0.0,1695602.97,3.37,0.0,0.0,0.0,752091.6,0.0,0.0,151979.93,1064665.65,9141.80,0.00,3555459.15,127422.08
CZ16/EUn&0&cDXHP&New&dxHP_equip/NE-dxHP-PkgHP-135to239-New-EER-11.2/instance-out.sql,7974873.66,159960.84999999998,1039945.52,644388.1,0.0,3682881.23,0.0,1695602.97,3.37,0.0,0.0,0.0,752091.6,0.0,0.0,150819.05,1039945.52,9141.80,0.00,3555459.15,127422.08
CZ16/EUn&0&cDXHP&New&dxHP_equip/NE-dxHP-PkgHP-240to759-New-EER-9.3/instance-out.sql,8072251.19,173006.22999999998,1124277.67,644388.1,0.0,3682881.23,0.0,1695602.97,3.37,0.0,0.0,0.0,752091.6,0.0,0.0,163864.43,1124277.67,9141.80,0.00,3555459.15,127422.08
CZ16/EUn&0&cDXHP&New&dxHP_equip/NE-dxHP-PkgHP-240to759-New-EER-9.7/instance-out.sql,8036747.640000001,168530.25,1093250.1,644388.1,0.0,3682881.23,0.0,1695602.97,3.37,0.0,0.0,0.0,752091.6,0.0,0.0,159388.45,1093250.10,9141.80,0.00,3555459.15,127422.08
CZ16/EUn&0&cDXHP&New&dxHP_equip/NE-dxHP-PkgHP-240to759-New-EER-10.0/instance-out.sql,8015563.3,168530.25,1072065.76,644388.1,0.0,3682881.23,0.0,1695602.97,3.37,0.0,0.0,0.0,752091.6,0.0,0.0,159388.45,1072065.76,9141.80,0.00,3555459.15,127422.08
CZ16/Gro&0&cDXHP&New&dxHP_equip/NE-dxHP-PkgHP-65to134-New-EER-11.0/instance-out.sql,1800140.62,58731.39,54348.7,157111.61,0.0,177584.03,0.0,138758.6,3.38,0.0,0.0,0.0,60532.28,1153070.63,0.0,58731.39,54348.70,0.00,0.00,177584.03,0.00
CZ16/Gro&0&cDXHP&New&dxHP_equip/NE-dxHP-PkgHP-65to134-New-EER-11.5/instance-out.sql,1796228.9000000001,57146.94,52021.42,157111.61,0.0,177584.03,0.0,138758.6,3.38,0.0,0.0,0.0,60532.28,1153070.63,0.0,57146.94,52021.42,0.00,0.00,177584.03,0.00
CZ16/Gro&0&cDXHP&New&dxHP_equip/NE-dxHP-PkgHP-65to134-New-EER-12.0/instance-out.sql,1793334.0,56388.19,49885.28,157111.61,0.0,177584.03,0.0,138758.6,3.38,0.0,0.0,0.0,60532.28,1153070.63,0.0,56388.19,49885.28,0.00,0.00,177584.03,0.00
CZ16/Gro&0&cDXHP&New&dxHP_equip/NE-dxHP-PkgHP-135to239-New-EER-10.4/instance-out.sql,1803746.25,60411.86,56273.85,157111.61,0.0,177584.03,0.0,138758.6,3.38,0.0,0.0,0.0,60532.28,1153070.63,0.0,60411.86,56273.85,0.00,0.00,177584.03,0.00
CZ16/Gro&0&cDXHP&New&dxHP_equip/NE-dxHP-PkgHP-135to239-New-EER-10.8/instance-out.sql,1798723.1300000001,57456.54,54206.05,157111.61,0.0,177584.03,0.0,138758.6,3.38,0.0,0.0,0.0,60532.28,1153070.63,0.0,57456.54,54206.05,0.00,0.00,177584.03,0.00
CZ16/Gro&0&cDXHP&New&dxHP_equip/NE-dxHP-PkgHP-135to239-New-EER-11.2/instance-out.sql,1796338.82,56993.46,52284.82,157111.61,0.0,177584.03,0.0,138758.6,3.38,0.0,0.0,0.0,60532.28,1153070.63,0.0,56993.46,52284.82,0.00,0.00,177584.03,0.00
CZ16/Gro&0&cDXHP&New&dxHP_equip/NE-dxHP-PkgHP-240to759-New-EER-9.3/instance-out.sql,1808096.95,62197.37,58839.04,157111.61,0.0,177584.03,0.0,138758.6,3.38,0.0,0.0,0.0,60532.28,1153070.63,0.0,62197.37,58839.04,0.00,0.00,177584.03,0.00
CZ16/Gro&0&cDXHP&New&dxHP_equip/NE-dxHP-PkgHP-240to759-New-EER-9.7/instance-out.sql,1803900.0,60411.86,56427.61,157111.61,0.0,177584.03,0.0,138758.6,3.38,0.0,0.0,0.0,60532.28,1153070.63,0.0,60411.86,56427.61,0.00,0.00,177584.03,0.00
CZ16/Gro&0&cDXHP&New&dxHP_equip/NE-dxHP-PkgHP-240to759-New-EER-10.0/instance-out.sql,1802253.58,60411.86,54781.18,157111.61,0.0,177584.03,0.0,138758.6,3.38,0.0,0.0,0.0,60532.28,1153070.63,0.0,60411.86,54781.18,0.00,0.00,177584.03,0.00
CZ16/Hsp&0&cDXHP&New&dxHP_equip/NE-dxHP-PkgHP-65to134-New-EER-11.0/instance-out.sql,3825942.17,265575.55,891186.46,625795.42,0.0,1182847.3,0.0,562649.41,35365.49,0.0,0.0,0.0,262522.53,0.0,0.0,19454.58,891186.46,246120.97,0.00,1139112.10,43735.20
CZ16/Hsp&0&cDXHP&New&dxHP_equip/NE-dxHP-PkgHP-65to134-New-EER-11.5/instance-out.sql,3820541.01,265096.72,886264.15,625795.42,0.0,1182847.3,0.0,562649.41,35365.49,0.0,0.0,0.0,262522.53,0.0,0.0,18975.75,886264.15,246120.97,0.00,1139112.10,43735.20
CZ16/Hsp&0&cDXHP&New&dxHP_equip/NE-dxHP-PkgHP-65to134-New-EER-12.0/instance-out.sql,3815793.6399999997,264867.42,881746.08,625795.42,0.0,1182847.3,0.0,562649.41,35365.49,0.0,0.0,0.0,262522.53,0.0,0.0,18746.45,881746.08,246120.97,0.00,1139112.10,43735.20
CZ16/Hsp&0&cDXHP&New&dxHP_equip/NE-dxHP-PkgHP-135to239-New-EER-10.4/instance-out.sql,3830521.84,266083.41,895258.28,625795.42,0.0,1182847.3,0.0,562649.41,35365.49,0.0,0.0,0.0,262522.53,0.0,0.0,19962.44,895258.28,246120.97,0.00,1139112.10,43735.20
CZ16/Hsp&0&cDXHP&New&dxHP_equip/NE-dxHP-PkgHP-135to239-New-EER-10.8/instance-out.sql,3825255.1900000004,265190.28,890884.76,625795.42,0.0,1182847.3,0.0,562649.41,35365.49,0.0,0.0,0.0,262522.53,0.0,0.0,19069.31,890884.76,246120.97,0.00,1139112.10,43735.20
CZ16/Hsp&0&cDXHP&New&dxHP_equip/NE-dxHP-PkgHP-135to239-New-EER-11.2/instance-out.sql,3821051.74,265050.33,886821.25,625795.42,0.0,1182847.3,0.0,562649.41,35365.49,0.0,0.0,0.0,262522.53,0.0,0.0,18929.36,886821.25,246120.97,0.00,1139112.10,43735.20
CZ16/Hsp&0&cDXHP&New&dxHP_equip/NE-dxHP-PkgHP-240to759-New-EER-9.3/instance-out.sql,3836486.96,266623.01,900683.81,625795.42,0.0,1182847.3,0.0,562649.41,35365.49,0.0,0.0,0.0,262522.53,0.0,0.0,20502.04,900683.81,246120.97,0.00,1139112.10,43735.20
CZ16/Hsp&0&cDXHP&New&dxHP_equip/NE-dxHP-PkgHP-240to759-New-EER-9.7/instance-out.sql,3830847.04,266083.41,895583.48,625795.42,0.0,1182847.3,0.0,562649.41,35365.49,0.0,0.0,0.0,262522.53,0.0,0.0,19962.44,895583.48,246120.97,0.00,1139112.10,43735.20
CZ16/Hsp&0&cDXHP&New&dxHP_equip/NE-dxHP-PkgHP-240to759-New-EER-10.0/instance-out.sql,3827364.75,266083.41,892101.19,625795.42,0.0,1182847.3,0.0,562649.41,35365.49,0.0,0.0,0.0,262522.53,0.0,0.0,19962.44,892101.19,246120.97,0.00,1139112.10,43735.20
CZ16/MBT&0&cDXHP&New&dxHP_equip/NE-dxHP-PkgHP-65to134-New-EER-11.0/instance-out.sql,6820822.949999999,2671416.3499999996,541049.08,438466.02,0.0,2167645.51,0.0,827560.57,545.2,0.0,0.0,0.0,174140.2,0.0,0.0,57848.76,541049.08,2613567.59,0.00,1394057.91,773587.60
CZ16/MBT&0&cDXHP&New&dxHP_equip/NE-dxHP-PkgHP-65to134-New-EER-11.5/instance-out.sql,6813461.93,2669926.1199999996,535178.3,438466.02,0.0,2167645.51,0.0,827560.57,545.2,0.0,0.0,0.0,174140.2,0.0,0.0,56358.53,535178.30,2613567.59,0.00,1394057.91,773587.60
CZ16/MBT&0&cDXHP&New&dxHP_equip/NE-dxHP-PkgHP-65to134-New-EER-12.0/instance-out.sql,6807359.66,2669212.48,529789.66,438466.02,0.0,2167645.51,0.0,827560.57,545.2,0.0,0.0,0.0,174140.2,0.0,0.0,55644.89,529789.66,2613567.59,0.00,1394057.91,773587.60
CZ16/MBT&0&cDXHP&New&dxHP_equip/NE-dxHP-PkgHP-135to239-New-EER-10.4/instance-out.sql,6827259.91,2672996.9099999997,545905.48,438466.02,0.0,2167645.51,0.0,827560.57,545.2,0.0,0.0,0.0,174140.2,0.0,0.0,59429.32,545905.48,2613567.59,0.00,1394057.91,773587.60
CZ16/MBT&0&cDXHP&New&dxHP_equip/NE-dxHP-PkgHP-135to239-New-EER-10.8/instance-out.sql,6819264.07,2670217.31,540689.24,438466.02,0.0,2167645.51,0.0,827560.57,545.2,0.0,0.0,0.0,174140.2,0.0,0.0,56649.72,540689.24,2613567.59,0.00,1394057.91,773587.60
CZ16/MBT&0&cDXHP&New&dxHP_equip/NE-dxHP-PkgHP-135to239-New-EER-11.2/instance-out.sql,6813982.029999999,2669781.76,535842.75,438466.02,0.0,2167645.51,0.0,827560.57,545.2,0.0,0.0,0.0,174140.2,0.0,0.0,56214.17,535842.75,2613567.59,0.00,1394057.91,773587.60
CZ16/MBT&0&cDXHP&New&dxHP_equip/NE-dxHP-PkgHP-240to759-New-EER-9.3/instance-out.sql,6835410.1899999995,2674676.2399999998,552376.43,438466.02,0.0,2167645.51,0.0,827560.57,545.2,0.0,0.0,0.0,174140.2,0.0,0.0,61108.65,552376.43,2613567.59,0.00,1394057.91,773587.60
CZ16/MBT&0&cDXHP&New&dxHP_equip/NE-dxHP-PkgHP-240to759-New-EER-9.7/instance-out.sql,6827647.77,2672996.9099999997,546293.34,438466.02,0.0,2167645.51,0.0,827560.57,545.2,0.0,0.0,0.0,174140.2,0.0,0.0,59429.32,546293.34,2613567.59,0.00,1394057.91,773587.60
CZ16/MBT&0&cDXHP&New&dxHP_equip/NE-dxHP-PkgHP-240to759-New-EER-10.0/instance-out.sql,6823494.49,2672996.9099999997,542140.06,438466.02,0.0,2167645.51,0.0,827560.57,545.2,0.0,0.0,0.0,174140.2,0.0,0.0,59429.32,542140.06,2613567.59,0.00,1394057.91,773587.60
CZ16/MLI&0&cDXHP&New&dxHP_equip/NE-dxHP-PkgHP-65to134-New-EER-11.0/instance-out.sql,961669.9,60310.04,133005.76,153603.74,0.0,239893.0,0.0,326305.63,3.37,0.0,0.0,0.0,48548.35,0.0,0.0,60310.04,133005.76,0.00,0.00,239893.00,0.00
CZ16/MLI&0&cDXHP&New&dxHP_equip/NE-dxHP-PkgHP-65to134-New-EER-11.5/instance-out.sql,954413.4,58749.0,127310.3,153603.74,0.0,239893.0,0.0,326305.63,3.37,0.0,0.0,0.0,48548.35,0.0,0.0,58749.00,127310.30,0.00,0.00,239893.00,0.00
CZ16/MLI&0&cDXHP&New&dxHP_equip/NE-dxHP-PkgHP-65to134-New-EER-12.0/instance-out.sql,948438.14,58001.45,122082.58,153603.74,0.0,239893.0,0.0,326305.63,3.37,0.0,0.0,0.0,48548.35,0.0,0.0,58001.45,122082.58,0.00,0.00,239893.00,0.00
CZ16/MLI&0&cDXHP&New&dxHP_equip/NE-dxHP-PkgHP-135to239-New-EER-10.4/instance-out.sql,968036.9299999999,61965.69,137717.14,153603.74,0.0,239893.0,0.0,326305.63,3.37,0.0,0.0,0.0,48548.35,0.0,0.0,61965.69,137717.14,0.00,0.00,239893.00,0.00
CZ16/MLI&0&cDXHP&New&dxHP_equip/NE-dxHP-PkgHP-135to239-New-EER-10.8/instance-out.sql,960064.7899999999,59054.03,132656.67,153603.74,0.0,239893.0,0.0,326305.63,3.37,0.0,0.0,0.0,48548.35,0.0,0.0,59054.03,132656.67,0.00,0.00,239893.00,0.00
CZ16/MLI&0&cDXHP&New&dxHP_equip/NE-dxHP-PkgHP-135to239-New-EER-11.2/instance-out.sql,954906.7899999999,58597.78,127954.91,153603.74,0.0,239893.0,0.0,326305.63,3.37,0.0,0.0,0.0,48548.35,0.0,0.0,58597.78,127954.91,0.00,0.00,239893.00,0.00
CZ16/MLI&0&cDXHP&New&dxHP_equip/NE-dxHP-PkgHP-240to759-New-EER-9.3/instance-out.sql,976073.77,63724.83,143994.84,153603.74,0.0,239893.0,0.0,326305.63,3.37,0.0,0.0,0.0,48548.35,0.0,0.0,63724.83,143994.84,0.00,0.00,239893.00,0.00
CZ16/MLI&0&cDXHP&New&dxHP_equip/NE-dxHP-PkgHP-240to759-New-EER-9.7/instance-out.sql,968413.21,61965.69,138093.42,153603.74,0.0,239893.0,0.0,326305.63,3.37,0.0,0.0,0.0,48548.35,0.0,0.0,61965.69,138093.42,0.00,0.00,239893.00,0.00
CZ16/MLI&0&cDXHP&New&dxHP_equip/NE-dxHP-PkgHP-240to759-New-EER-10.0/instance-out.sql,964383.96,61965.69,134064.16,153603.74,0.0,239893.0,0.0,326305.63,3.37,0.0,0.0,0.0,48548.35,0.0,0.0,61965.69,134064.16,0.00,0.00,239893.00,0.00
CZ16/Mtl&0&cDXHP&New&dxHP_equip/NE-dxHP-PkgHP-65to134-New-EER-11.0/instance-out.sql,183811.53,16309.08,40048.96,34352.14,0.0,22443.33,0.0,62906.48,3.36,0.0,0.0,0.0,7748.18,0.0,0.0,13723.98,40048.96,2585.10,0.00,22191.36,251.97
CZ16/Mtl&0&cDXHP&New&dxHP_equip/NE-dxHP-PkgHP-65to134-New-EER-11.5/instance-out.sql,182094.06,15977.32,38663.24,34352.14,0.0,22443.33,0.0,62906.48,3.36,0.0,0.0,0.0,7748.18,0.0,0.0,13392.22,38663.24,2585.10,0.00,22191.36,251.97
CZ16/Mtl&0&cDXHP&New&dxHP_equip/NE-dxHP-PkgHP-65to134-New-EER-12.0/instance-out.sql,180663.27,15818.45,37391.32,34352.14,0.0,22443.33,0.0,62906.48,3.36,0.0,0.0,0.0,7748.18,0.0,0.0,13233.35,37391.32,2585.10,0.00,22191.36,251.97
CZ16/Mtl&0&cDXHP&New&dxHP_equip/NE-dxHP-PkgHP-135to239-New-EER-10.4/instance-out.sql,185309.69,16660.94,41195.25,34352.14,0.0,22443.33,0.0,62906.48,3.36,0.0,0.0,0.0,7748.18,0.0,0.0,14075.84,41195.25,2585.10,0.00,22191.36,251.97
CZ16/Mtl&0&cDXHP&New&dxHP_equip/NE-dxHP-PkgHP-135to239-New-EER-10.8/instance-out.sql,183459.67,16042.15,39964.02,34352.14,0.0,22443.33,0.0,62906.48,3.36,0.0,0.0,0.0,7748.18,0.0,0.0,13457.05,39964.02,2585.10,0.00,22191.36,251.97
CZ16/Mtl&0&cDXHP&New&dxHP_equip/NE-dxHP-PkgHP-135to239-New-EER-11.2/instance-out.sql,182218.76,15945.19,38820.07,34352.14,0.0,22443.33,0.0,62906.48,3.36,0.0,0.0,0.0,7748.18,0.0,0.0,13360.09,38820.07,2585.10,0.00,22191.36,251.97
CZ16/Mtl&0&cDXHP&New&dxHP_equip/NE-dxHP-PkgHP-240to759-New-EER-9.3/instance-out.sql,187210.92,17034.8,42722.63,34352.14,0.0,22443.33,0.0,62906.48,3.36,0.0,0.0,0.0,7748.18,0.0,0.0,14449.70,42722.63,2585.10,0.00,22191.36,251.97
CZ16/Mtl&0&cDXHP&New&dxHP_equip/NE-dxHP-PkgHP-240to759-New-EER-9.7/instance-out.sql,185401.23,16660.94,41286.8,34352.14,0.0,22443.33,0.0,62906.48,3.36,0.0,0.0,0.0,7748.18,0.0,0.0,14075.84,41286.80,2585.10,0.00,22191.36,251.97
CZ16/Mtl&0&cDXHP&New&dxHP_equip/NE-dxHP-PkgHP-240to759-New-EER-10.0/instance-out.sql,184420.91,16660.94,40306.47,34352.14,0.0,22443.33,0.0,62906.48,3.36,0.0,0.0,0.0,7748.18,0.0,0.0,14075.84,40306.47,2585.10,0.00,22191.36,251.97
CZ16/Nrs&0&cDXHP&New&dxHP_equip/NE-dxHP-PkgHP-65to134-New-EER-11.0/instance-out.sql,899495.59,74436.98,112056.48,103109.51,0.0,347425.87,0.0,144547.06,45.03,0.0,0.0,0.0,117874.66,0.0,0.0,16821.17,112056.48,57615.81,0.00,281574.59,65851.28
CZ16/Nrs&0&cDXHP&New&dxHP_equip/NE-dxHP-PkgHP-65to134-New-EER-11.5/instance-out.sql,897169.9,74015.51,110152.26,103109.51,0.0,347425.87,0.0,144547.06,45.03,0.0,0.0,0.0,117874.66,0.0,0.0,16399.70,110152.26,57615.81,0.00,281574.59,65851.28
CZ16/Nrs&0&cDXHP&New&dxHP_equip/NE-dxHP-PkgHP-65to134-New-EER-12.0/instance-out.sql,895220.23,73813.68,108404.42,103109.51,0.0,347425.87,0.0,144547.06,45.03,0.0,0.0,0.0,117874.66,0.0,0.0,16197.87,108404.42,57615.81,0.00,281574.59,65851.28
CZ16/Nrs&0&cDXHP&New&dxHP_equip/NE-dxHP-PkgHP-135to239-New-EER-10.4/instance-out.sql,901517.81,74883.98999999999,113631.69,103109.51,0.0,347425.87,0.0,144547.06,45.03,0.0,0.0,0.0,117874.66,0.0,0.0,17268.18,113631.69,57615.81,0.00,281574.59,65851.28
CZ16/Nrs&0&cDXHP&New&dxHP_equip/NE-dxHP-PkgHP-135to239-New-EER-10.8/instance-out.sql,899039.76,74097.87,111939.77,103109.51,0.0,347425.87,0.0,144547.06,45.03,0.0,0.0,0.0,117874.66,0.0,0.0,16482.06,111939.77,57615.81,0.00,281574.59,65851.28
CZ16/Nrs&0&cDXHP&New&dxHP_equip/NE-dxHP-PkgHP-135to239-New-EER-11.2/instance-out.sql,897344.59,73974.69,110367.78,103109.51,0.0,347425.87,0.0,144547.06,45.03,0.0,0.0,0.0,117874.66,0.0,0.0,16358.88,110367.78,57615.81,0.00,281574.59,65851.28
CZ16/Nrs&0&cDXHP&New&dxHP_equip/NE-dxHP-PkgHP-240to759-New-EER-9.3/instance-out.sql,904091.65,75358.94,115730.58,103109.51,0.0,347425.87,0.0,144547.06,45.03,0.0,0.0,0.0,117874.66,0.0,0.0,17743.13,115730.58,57615.81,0.00,281574.59,65851.28
CZ16/Nrs&0&cDXHP&New&dxHP_equip/NE-dxHP-PkgHP-240to759-New-EER-9.7/instance-out.sql,901643.61,74883.98999999999,113757.49,103109.51,0.0,347425.87,0.0,144547.06,45.03,0.0,0.0,0.0,117874.66,0.0,0.0,17268.18,113757.49,57615.81,0.00,281574.59,65851.28
CZ16/Nrs&0&cDXHP&New&dxHP_equip/NE-dxHP-PkgHP-240to759-New-EER-10.0/instance-out.sql,900296.47,74883.98999999999,112410.35,103109.51,0.0,347425.87,0.0,144547.06,45.03,0.0,0.0,0.0,117874.66,0.0,0.0,17268.18,112410.35,57615.81,0.00,281574.59,65851.28
CZ16/OfL&0&cDXHP&New&dxHP_equip/NE-dxHP-PkgHP-65to134-New-EER-11.0/instance-out.sql,2304565.23,70804.37,369227.81,239041.7,0.0,829334.66,0.0,673817.49,2561.51,0.0,0.0,0.0,119777.69,0.0,0.0,29174.16,369227.81,41630.21,0.00,829334.66,0.00
CZ16/OfL&0&cDXHP&New&dxHP_equip/NE-dxHP-PkgHP-65to134-New-EER-11.5/instance-out.sql,2292352.01,70087.53,357731.42,239041.7,0.0,829334.66,0.0,673817.49,2561.51,0.0,0.0,0.0,119777.69,0.0,0.0,28457.32,357731.42,41630.21,0.00,829334.66,0.00
CZ16/OfL&0&cDXHP&New&dxHP_equip/NE-dxHP-PkgHP-65to134-New-EER-12.0/instance-out.sql,2281456.4899999998,69744.26,347179.18,239041.7,0.0,829334.66,0.0,673817.49,2561.51,0.0,0.0,0.0,119777.69,0.0,0.0,28114.05,347179.18,41630.21,0.00,829334.66,0.00
CZ16/OfL&0&cDXHP&New&dxHP_equip/NE-dxHP-PkgHP-135to239-New-EER-10.4/instance-out.sql,2314835.5,71564.65,378737.8,239041.7,0.0,829334.66,0.0,673817.49,2561.51,0.0,0.0,0.0,119777.69,0.0,0.0,29934.44,378737.80,41630.21,0.00,829334.66,0.00
CZ16/OfL&0&cDXHP&New&dxHP_equip/NE-dxHP-PkgHP-135to239-New-EER-10.8/instance-out.sql,2303283.81,70227.6,368523.15,239041.7,0.0,829334.66,0.0,673817.49,2561.51,0.0,0.0,0.0,119777.69,0.0,0.0,28597.39,368523.15,41630.21,0.00,829334.66,0.00
CZ16/OfL&0&cDXHP&New&dxHP_equip/NE-dxHP-PkgHP-135to239-New-EER-11.2/instance-out.sql,2293583.7199999997,70018.1,359032.57,239041.7,0.0,829334.66,0.0,673817.49,2561.51,0.0,0.0,0.0,119777.69,0.0,0.0,28387.89,359032.57,41630.21,0.00,829334.66,0.00
CZ16/OfL&0&cDXHP&New&dxHP_equip/NE-dxHP-PkgHP-240to759-New-EER-9.3/instance-out.sql,2328314.96,72372.44,391409.46,239041.7,0.0,829334.66,0.0,673817.49,2561.51,0.0,0.0,0.0,119777.69,0.0,0.0,30742.23,391409.46,41630.21,0.00,829334.66,0.00
CZ16/OfL&0&cDXHP&New&dxHP_equip/NE-dxHP-PkgHP-240to759-New-EER-9.7/instance-out.sql,2315595.02,71564.65,379497.32,239041.7,0.0,829334.66,0.0,673817.49,2561.51,0.0,0.0,0.0,119777.69,0.0,0.0,29934.44,379497.32,41630.21,0.00,829334.66,0.00
CZ16/OfL&0&cDXHP&New&dxHP_equip/NE-dxHP-PkgHP-240to759-New-EER-10.0/instance-out.sql,2307461.9099999997,71564.65,371364.21,239041.7,0.0,829334.66,0.0,673817.49,2561.51,0.0,0.0,0.0,119777.69,0.0,0.0,29934.44,371364.21,41630.21,0.00,829334.66,0.00
CZ16/OfS&0&cDXHP&New&dxHP_equip/NE-dxHP-PkgHP-65to134-New-EER-11.0/instance-out.sql,125800.84,6055.15,17028.37,12106.19,0.0,29387.4,0.0,39089.35,1.13,0.0,0.0,0.0,22133.25,0.0,0.0,6055.15,17028.37,0.00,0.00,29387.40,0.00
CZ16/OfS&0&cDXHP&New&dxHP_equip/NE-dxHP-PkgHP-65to134-New-EER-11.5/instance-out.sql,124936.94,5920.42,16299.2,12106.19,0.0,29387.4,0.0,39089.35,1.13,0.0,0.0,0.0,22133.25,0.0,0.0,5920.42,16299.20,0.00,0.00,29387.40,0.00
CZ16/OfS&0&cDXHP&New&dxHP_equip/NE-dxHP-PkgHP-65to134-New-EER-12.0/instance-out.sql,124203.13,5855.9,15629.91,12106.19,0.0,29387.4,0.0,39089.35,1.13,0.0,0.0,0.0,22133.25,0.0,0.0,5855.90,15629.91,0.00,0.00,29387.40,0.00
CZ16/OfS&0&cDXHP&New&dxHP_equip/NE-dxHP-PkgHP-135to239-New-EER-10.4/instance-out.sql,126546.92,6198.04,17631.56,12106.19,0.0,29387.4,0.0,39089.35,1.13,0.0,0.0,0.0,22133.25,0.0,0.0,6198.04,17631.56,0.00,0.00,29387.40,0.00
CZ16/OfS&0&cDXHP&New&dxHP_equip/NE-dxHP-PkgHP-135to239-New-EER-10.8/instance-out.sql,125647.75,5946.75,16983.68,12106.19,0.0,29387.4,0.0,39089.35,1.13,0.0,0.0,0.0,22133.25,0.0,0.0,5946.75,16983.68,0.00,0.00,29387.40,0.00
CZ16/OfS&0&cDXHP&New&dxHP_equip/NE-dxHP-PkgHP-135to239-New-EER-11.2/instance-out.sql,125006.42,5907.37,16381.72,12106.19,0.0,29387.4,0.0,39089.35,1.13,0.0,0.0,0.0,22133.25,0.0,0.0,5907.37,16381.72,0.00,0.00,29387.40,0.00
CZ16/OfS&0&cDXHP&New&dxHP_equip/NE-dxHP-PkgHP-240to759-New-EER-9.3/instance-out.sql,127502.47,6349.87,18435.27,12106.19,0.0,29387.4,0.0,39089.35,1.13,0.0,0.0,0.0,22133.25,0.0,0.0,6349.87,18435.27,0.00,0.00,29387.40,0.00
CZ16/OfS&0&cDXHP&New&dxHP_equip/NE-dxHP-PkgHP-240to759-New-EER-9.7/instance-out.sql,126595.1,6198.04,17679.73,12106.19,0.0,29387.4,0.0,39089.35,1.13,0.0,0.0,0.0,22133.25,0.0,0.0,6198.04,17679.73,0.00,0.00,29387.40,0.00
CZ16/OfS&0&cDXHP&New&dxHP_equip/NE-dxHP-PkgHP-240to759-New-EER-10.0/instance-out.sql,126079.24,6198.04,17163.87,12106.19,0.0,29387.4,0.0,39089.35,1.13,0.0,0.0,0.0,22133.25,0.0,0.0,6198.04,17163.87,0.00,0.00,29387.40,0.00
CZ16/RFF&0&cDXHP&New&dxHP_equip/NE-dxHP-PkgHP-65to134-New-EER-11.0/instance-out.sql,100853.77,3228.2900000000004,10994.77,6626.33,0.0,37903.17,0.0,16398.07,3.37,0.0,0.0,0.0,25699.75,0.0,0.0,3179.28,10994.77,49.01,0.00,18423.46,19479.71
CZ16/RFF&0&cDXHP&New&dxHP_equip/NE-dxHP-PkgHP-65to134-New-EER-11.5/instance-out.sql,100542.19,3151.44,10760.04,6626.33,0.0,37903.17,0.0,16398.07,3.37,0.0,0.0,0.0,25699.75,0.0,0.0,3102.43,10760.04,49.01,0.00,18423.46,19479.71
CZ16/RFF&0&cDXHP&New&dxHP_equip/NE-dxHP-PkgHP-65to134-New-EER-12.0/instance-out.sql,100289.93,3114.6400000000003,10544.59,6626.33,0.0,37903.17,0.0,16398.07,3.37,0.0,0.0,0.0,25699.75,0.0,0.0,3065.63,10544.59,49.01,0.00,18423.46,19479.71
CZ16/RFF&0&cDXHP&New&dxHP_equip/NE-dxHP-PkgHP-135to239-New-EER-10.4/instance-out.sql,101129.45000000001,3309.8,11188.94,6626.33,0.0,37903.17,0.0,16398.07,3.37,0.0,0.0,0.0,25699.75,0.0,0.0,3260.79,11188.94,49.01,0.00,18423.46,19479.71
CZ16/RFF&0&cDXHP&New&dxHP_equip/NE-dxHP-PkgHP-135to239-New-EER-10.8/instance-out.sql,100777.55,3166.46,10980.38,6626.33,0.0,37903.17,0.0,16398.07,3.37,0.0,0.0,0.0,25699.75,0.0,0.0,3117.45,10980.38,49.01,0.00,18423.46,19479.71
CZ16/RFF&0&cDXHP&New&dxHP_equip/NE-dxHP-PkgHP-135to239-New-EER-11.2/instance-out.sql,100561.31,3143.9900000000002,10786.61,6626.33,0.0,37903.17,0.0,16398.07,3.37,0.0,0.0,0.0,25699.75,0.0,0.0,3094.98,10786.61,49.01,0.00,18423.46,19479.71
CZ16/RFF&0&cDXHP&New&dxHP_equip/NE-dxHP-PkgHP-240to759-New-EER-9.3/instance-out.sql,101474.78,3396.4100000000003,11447.67,6626.33,0.0,37903.17,0.0,16398.07,3.37,0.0,0.0,0.0,25699.75,0.0,0.0,3347.40,11447.67,49.01,0.00,18423.46,19479.71
CZ16/RFF&0&cDXHP&New&dxHP_equip/NE-dxHP-PkgHP-240to759-New-EER-9.7/instance-out.sql,101144.95999999999,3309.8,11204.45,6626.33,0.0,37903.17,0.0,16398.07,3.37,0.0,0.0,0.0,25699.75,0.0,0.0,3260.79,11204.45,49.01,0.00,18423.46,19479.71
CZ16/RFF&0&cDXHP&New&dxHP_equip/NE-dxHP-PkgHP-240to759-New-EER-10.0/instance-out.sql,100978.9,3309.8,11038.39,6626.33,0.0,37903.17,0.0,16398.07,3.37,0.0,0.0,0.0,25699.75,0.0,0.0,3260.79,11038.39,49.01,0.00,18423.46,19479.71
CZ16/RSD&0&cDXHP&New&dxHP_equip/NE-dxHP-PkgHP-65to134-New-EER-11.0/instance-out.sql,257988.23,40691.7,26769.0,16225.45,0.0,76546.73,0.0,32003.69,13.05,0.0,0.0,0.0,65738.63,0.0,0.0,2003.50,26769.00,38688.20,0.00,37475.60,39071.13
CZ16/RSD&0&cDXHP&New&dxHP_equip/NE-dxHP-PkgHP-65to134-New-EER-11.5/instance-out.sql,257812.83000000002,40643.36,26641.95,16225.45,0.0,76546.73,0.0,32003.69,13.05,0.0,0.0,0.0,65738.63,0.0,0.0,1955.16,26641.95,38688.20,0.00,37475.60,39071.13
CZ16/RSD&0&cDXHP&New&dxHP_equip/NE-dxHP-PkgHP-65to134-New-EER-12.0/instance-out.sql,257673.06,40620.21,26525.32,16225.45,0.0,76546.73,0.0,32003.69,13.05,0.0,0.0,0.0,65738.63,0.0,0.0,1932.01,26525.32,38688.20,0.00,37475.60,39071.13
CZ16/RSD&0&cDXHP&New&dxHP_equip/NE-dxHP-PkgHP-135to239-New-EER-10.4/instance-out.sql,258144.61000000002,40742.979999999996,26874.1,16225.45,0.0,76546.73,0.0,32003.69,13.05,0.0,0.0,0.0,65738.63,0.0,0.0,2054.78,26874.10,38688.20,0.00,37475.60,39071.13
CZ16/RSD&0&cDXHP&New&dxHP_equip/NE-dxHP-PkgHP-135to239-New-EER-10.8/instance-out.sql,257941.55000000002,40652.799999999996,26761.21,16225.45,0.0,76546.73,0.0,32003.69,13.05,0.0,0.0,0.0,65738.63,0.0,0.0,1964.60,26761.21,38688.20,0.00,37475.60,39071.13
CZ16/RSD&0&cDXHP&New&dxHP_equip/NE-dxHP-PkgHP-135to239-New-EER-11.2/instance-out.sql,257822.53000000003,40638.67,26656.33,16225.45,0.0,76546.73,0.0,32003.69,13.05,0.0,0.0,0.0,65738.63,0.0,0.0,1950.47,26656.33,38688.20,0.00,37475.60,39071.13
CZ16/RSD&0&cDXHP&New&dxHP_equip/NE-dxHP-PkgHP-240to759-New-EER-9.3/instance-out.sql,258339.14,40797.46,27014.15,16225.45,0.0,76546.73,0.0,32003.69,13.05,0.0,0.0,0.0,65738.63,0.0,0.0,2109.26,27014.15,38688.20,0.00,37475.60,39071.13
CZ16/RSD&0&cDXHP&New&dxHP_equip/NE-dxHP-PkgHP-240to759-New-EER-9.7/instance-out.sql,258153.01,40742.979999999996,26882.5,16225.45,0.0,76546.73,0.0,32003.69,13.05,0.0,0.0,0.0,65738.63,0.0,0.0,2054.78,26882.50,38688.20,0.00,37475.60,39071.13
CZ16/RSD&0&cDXHP&New&dxHP_equip/NE-dxHP-PkgHP-240to759-New-EER-10.0/instance-out.sql,258063.12,40742.979999999996,26792.61,16225.45,0.0,76546.73,0.0,32003.69,13.05,0.0,0.0,0.0,65738.63,0.0,0.0,2054.78,26792.61,38688.20,0.00,37475.60,39071.13
CZ16/Rt3&0&cDXHP&New&dxHP_equip/NE-dxHP-PkgHP-65to134-New-EER-11.0/instance-out.sql,1764177.19,52322.649999999994,249615.64,394371.6,0.0,436362.0,0.0,458909.59,3.38,0.0,0.0,0.0,172592.34,0.0,0.0,47668.17,249615.64,4654.48,0.00,436362.00,0.00
CZ16/Rt3&0&cDXHP&New&dxHP_equip/NE-dxHP-PkgHP-65to134-New-EER-11.5/instance-out.sql,1752529.75,51111.66,239179.2,394371.6,0.0,436362.0,0.0,458909.59,3.38,0.0,0.0,0.0,172592.34,0.0,0.0,46457.18,239179.20,4654.48,0.00,436362.00,0.00
CZ16/Rt3&0&cDXHP&New&dxHP_equip/NE-dxHP-PkgHP-65to134-New-EER-12.0/instance-out.sql,1742370.5,50531.740000000005,229599.86,394371.6,0.0,436362.0,0.0,458909.59,3.38,0.0,0.0,0.0,172592.34,0.0,0.0,45877.26,229599.86,4654.48,0.00,436362.00,0.00
CZ16/Rt3&0&cDXHP&New&dxHP_equip/NE-dxHP-PkgHP-135to239-New-EER-10.4/instance-out.sql,1774094.77,53607.03999999999,258248.83,394371.6,0.0,436362.0,0.0,458909.59,3.38,0.0,0.0,0.0,172592.34,0.0,0.0,48952.56,258248.83,4654.48,0.00,436362.00,0.00
CZ16/Rt3&0&cDXHP&New&dxHP_equip/NE-dxHP-PkgHP-135to239-New-EER-10.8/instance-out.sql,1762563.1400000001,51348.28999999999,248975.95,394371.6,0.0,436362.0,0.0,458909.59,3.38,0.0,0.0,0.0,172592.34,0.0,0.0,46693.81,248975.95,4654.48,0.00,436362.00,0.00
CZ16/Rt3&0&cDXHP&New&dxHP_equip/NE-dxHP-PkgHP-135to239-New-EER-11.2/instance-out.sql,1753593.6400000001,50994.350000000006,240360.39,394371.6,0.0,436362.0,0.0,458909.59,3.38,0.0,0.0,0.0,172592.34,0.0,0.0,46339.87,240360.39,4654.48,0.00,436362.00,0.00
CZ16/Rt3&0&cDXHP&New&dxHP_equip/NE-dxHP-PkgHP-240to759-New-EER-9.3/instance-out.sql,1786962.79,54971.71000000001,269752.18,394371.6,0.0,436362.0,0.0,458909.59,3.38,0.0,0.0,0.0,172592.34,0.0,0.0,50317.23,269752.18,4654.48,0.00,436362.00,0.00
CZ16/Rt3&0&cDXHP&New&dxHP_equip/NE-dxHP-PkgHP-240to759-New-EER-9.7/instance-out.sql,1774784.27,53607.03999999999,258938.32,394371.6,0.0,436362.0,0.0,458909.59,3.38,0.0,0.0,0.0,172592.34,0.0,0.0,48952.56,258938.32,4654.48,0.00,436362.00,0.00
CZ16/Rt3&0&cDXHP&New&dxHP_equip/NE-dxHP-PkgHP-240to759-New-EER-10.0/instance-out.sql,1767401.01,53607.03999999999,251555.07,394371.6,0.0,436362.0,0.0,458909.59,3.38,0.0,0.0,0.0,172592.34,0.0,0.0,48952.56,251555.07,4654.48,0.00,436362.00,0.00
CZ16/RtL&0&cDXHP&New&dxHP_equip/NE-dxHP-PkgHP-65to134-New-EER-11.0/instance-out.sql,1785757.4600000002,47489.22,260912.02,395231.18,0.0,509200.67,0.0,445867.37,3.39,0.0,0.0,0.0,127053.61,0.0,0.0,47485.94,260912.02,3.28,0.00,468847.72,40352.95
CZ16/RtL&0&cDXHP&New&dxHP_equip/NE-dxHP-PkgHP-65to134-New-EER-11.5/instance-out.sql,1773860.59,46266.52,250237.85,395231.18,0.0,509200.67,0.0,445867.37,3.39,0.0,0.0,0.0,127053.61,0.0,0.0,46263.24,250237.85,3.28,0.00,468847.72,40352.95
CZ16/RtL&0&cDXHP&New&dxHP_equip/NE-dxHP-PkgHP-65to134-New-EER-12.0/instance-out.sql,1763477.53,45681.01,240440.3,395231.18,0.0,509200.67,0.0,445867.37,3.39,0.0,0.0,0.0,127053.61,0.0,0.0,45677.73,240440.30,3.28,0.00,468847.72,40352.95
CZ16/RtL&0&cDXHP&New&dxHP_equip/NE-dxHP-PkgHP-135to239-New-EER-10.4/instance-out.sql,1795884.11,48786.01,269741.87,395231.18,0.0,509200.67,0.0,445867.37,3.39,0.0,0.0,0.0,127053.61,0.0,0.0,48782.73,269741.87,3.28,0.00,468847.72,40352.95
CZ16/RtL&0&cDXHP&New&dxHP_equip/NE-dxHP-PkgHP-135to239-New-EER-10.8/instance-out.sql,1784119.4300000002,46505.44,260257.76,395231.18,0.0,509200.67,0.0,445867.37,3.39,0.0,0.0,0.0,127053.61,0.0,0.0,46502.16,260257.76,3.28,0.00,468847.72,40352.95
CZ16/RtL&0&cDXHP&New&dxHP_equip/NE-dxHP-PkgHP-135to239-New-EER-11.2/instance-out.sql,1774950.25,46148.09,251445.94,395231.18,0.0,509200.67,0.0,445867.37,3.39,0.0,0.0,0.0,127053.61,0.0,0.0,46144.81,251445.94,3.28,0.00,468847.72,40352.95
CZ16/RtL&0&cDXHP&New&dxHP_equip/NE-dxHP-PkgHP-240to759-New-EER-9.3/instance-out.sql,1809027.34,50163.86,281507.26,395231.18,0.0,509200.67,0.0,445867.37,3.39,0.0,0.0,0.0,127053.61,0.0,0.0,50160.58,281507.26,3.28,0.00,468847.72,40352.95
CZ16/RtL&0&cDXHP&New&dxHP_equip/NE-dxHP-PkgHP-240to759-New-EER-9.7/instance-out.sql,1796589.31,48786.01,270447.07,395231.18,0.0,509200.67,0.0,445867.37,3.39,0.0,0.0,0.0,127053.61,0.0,0.0,48782.73,270447.07,3.28,0.00,468847.72,40352.95
CZ16/RtL&0&cDXHP&New&dxHP_equip/NE-dxHP-PkgHP-240to759-New-EER-10.0/instance-out.sql,1789037.87,48786.01,262895.63,395231.18,0.0,509200.67,0.0,445867.37,3.39,0.0,0.0,0.0,127053.61,0.0,0.0,48782.73,262895.63,3.28,0.00,468847.72,40352.95
CZ16/RtS&0&cDXHP&New&dxHP_equip/NE-dxHP-PkgHP-65to134-New-EER-11.0/instance-out.sql,114581.7,6138.86,16266.47,23251.32,0.0,24440.79,0.0,28802.3,3.36,0.0,0.0,0.0,15678.59,0.0,0.0,6138.86,16266.47,0.00,0.00,24440.79,0.00
CZ16/RtS&0&cDXHP&New&dxHP_equip/NE-dxHP-PkgHP-65to134-New-EER-11.5/instance-out.sql,113726.4,5980.11,15569.92,23251.32,0.0,24440.79,0.0,28802.3,3.36,0.0,0.0,0.0,15678.59,0.0,0.0,5980.11,15569.92,0.00,0.00,24440.79,0.00
CZ16/RtS&0&cDXHP&New&dxHP_equip/NE-dxHP-PkgHP-65to134-New-EER-12.0/instance-out.sql,113011.03,5904.09,14930.57,23251.32,0.0,24440.79,0.0,28802.3,3.36,0.0,0.0,0.0,15678.59,0.0,0.0,5904.09,14930.57,0.00,0.00,24440.79,0.00
CZ16/RtS&0&cDXHP&New&dxHP_equip/NE-dxHP-PkgHP-135to239-New-EER-10.4/instance-out.sql,115326.26,6307.23,16842.66,23251.32,0.0,24440.79,0.0,28802.3,3.36,0.0,0.0,0.0,15678.59,0.0,0.0,6307.23,16842.66,0.00,0.00,24440.79,0.00
CZ16/RtS&0&cDXHP&New&dxHP_equip/NE-dxHP-PkgHP-135to239-New-EER-10.8/instance-out.sql,114411.26999999999,6011.13,16223.77,23251.32,0.0,24440.79,0.0,28802.3,3.36,0.0,0.0,0.0,15678.59,0.0,0.0,6011.13,16223.77,0.00,0.00,24440.79,0.00
CZ16/RtS&0&cDXHP&New&dxHP_equip/NE-dxHP-PkgHP-135to239-New-EER-11.2/instance-out.sql,113789.86,5964.73,15648.75,23251.32,0.0,24440.79,0.0,28802.3,3.36,0.0,0.0,0.0,15678.59,0.0,0.0,5964.73,15648.75,0.00,0.00,24440.79,0.00
CZ16/RtS&0&cDXHP&New&dxHP_equip/NE-dxHP-PkgHP-240to759-New-EER-9.3/instance-out.sql,116272.91,6486.12,17610.42,23251.32,0.0,24440.79,0.0,28802.3,3.36,0.0,0.0,0.0,15678.59,0.0,0.0,6486.12,17610.42,0.00,0.00,24440.79,0.00
CZ16/RtS&0&cDXHP&New&dxHP_equip/NE-dxHP-PkgHP-240to759-New-EER-9.7/instance-out.sql,115372.28,6307.23,16888.68,23251.32,0.0,24440.79,0.0,28802.3,3.36,0.0,0.0,0.0,15678.59,0.0,0.0,6307.23,16888.68,0.00,0.00,24440.79,0.00
CZ16/RtS&0&cDXHP&New&dxHP_equip/NE-dxHP-PkgHP-240to759-New-EER-10.0/instance-out.sql,114879.5,6307.23,16395.91,23251.32,0.0,24440.79,0.0,28802.3,3.36,0.0,0.0,0.0,15678.59,0.0,0.0,6307.23,16395.91,0.00,0.00,24440.79,0.00
CZ16/SCn&0&cDXHP&New&dxHP_equip/NE-dxHP-PkgHP-65to134-New-EER-11.0/instance-out.sql,3154500.86,333576.85,490621.74,571539.04,0.0,449066.39,0.0,1224732.32,3.36,0.0,0.0,0.0,84961.17,0.0,0.0,333576.85,490621.74,0.00,0.00,449066.39,0.00
CZ16/SCn&0&cDXHP&New&dxHP_equip/NE-dxHP-PkgHP-65to134-New-EER-11.5/instance-out.sql,3124610.79,324695.77,469612.75,571539.04,0.0,449066.39,0.0,1224732.32,3.36,0.0,0.0,0.0,84961.17,0.0,0.0,324695.77,469612.75,0.00,0.00,449066.39,0.00
CZ16/SCn&0&cDXHP&New&dxHP_equip/NE-dxHP-PkgHP-65to134-New-EER-12.0/instance-out.sql,3101074.27,320442.86,450329.14,571539.04,0.0,449066.39,0.0,1224732.32,3.36,0.0,0.0,0.0,84961.17,0.0,0.0,320442.86,450329.14,0.00,0.00,449066.39,0.00
CZ16/SCn&0&cDXHP&New&dxHP_equip/NE-dxHP-PkgHP-135to239-New-EER-10.4/instance-out.sql,3181299.16,342996.17,508000.72,571539.04,0.0,449066.39,0.0,1224732.32,3.36,0.0,0.0,0.0,84961.17,0.0,0.0,342996.17,508000.72,0.00,0.00,449066.39,0.00
CZ16/SCn&0&cDXHP&New&dxHP_equip/NE-dxHP-PkgHP-135to239-New-EER-10.8/instance-out.sql,3146067.4499999997,326431.15,489334.02,571539.04,0.0,449066.39,0.0,1224732.32,3.36,0.0,0.0,0.0,84961.17,0.0,0.0,326431.15,489334.02,0.00,0.00,449066.39,0.00
CZ16/SCn&0&cDXHP&New&dxHP_equip/NE-dxHP-PkgHP-135to239-New-EER-11.2/instance-out.sql,3126128.31,323835.49,471990.54,571539.04,0.0,449066.39,0.0,1224732.32,3.36,0.0,0.0,0.0,84961.17,0.0,0.0,323835.49,471990.54,0.00,0.00,449066.39,0.00
CZ16/SCn&0&cDXHP&New&dxHP_equip/NE-dxHP-PkgHP-240to759-New-EER-9.3/instance-out.sql,3214463.92,353004.21,531157.44,571539.04,0.0,449066.39,0.0,1224732.32,3.36,0.0,0.0,0.0,84961.17,0.0,0.0,353004.21,531157.44,0.00,0.00,449066.39,0.00
CZ16/SCn&0&cDXHP&New&dxHP_equip/NE-dxHP-PkgHP-240to759-New-EER-9.7/instance-out.sql,3182687.14,342996.17,509388.7,571539.04,0.0,449066.39,0.0,1224732.32,3.36,0.0,0.0,0.0,84961.17,0.0,0.0,342996.17,509388.70,0.00,0.00,449066.39,0.00
CZ16/SCn&0&cDXHP&New&dxHP_equip/NE-dxHP-PkgHP-240to759-New-EER-10.0/instance-out.sql,3167824.34,342996.17,494525.9,571539.04,0.0,449066.39,0.0,1224732.32,3.36,0.0,0.0,0.0,84961.17,0.0,0.0,342996.17,494525.90,0.00,0.00,449066.39,0.00

File Name,Electricity (kWh),Natural Gas (kWh)
CZ15/Asm&0&cDXHP&New&dxHP_equip/NE-dxHP-PkgHP-65to134-New-EER-11.0/instance-out.sql,753903.35,18561.67
CZ15/Asm&0&cDXHP&New&dxHP_equip/NE-dxHP-PkgHP-65to134-New-EER-11.5/instance-out.sql,739712.38,18561.67
CZ15/Asm&0&cDXHP&New&dxHP_equip/NE-dxHP-PkgHP-65to134-New-EER-12.0/instance-out.sql,726829.93,18561.67
CZ15/Asm&0&cDXHP&New&dxHP_equip/NE-dxHP-PkgHP-135to239-New-EER-10.4/instance-out.sql,765718.42,18561.67
CZ15/Asm&0&cDXHP&New&dxHP_equip/NE-dxHP-PkgHP-135to239-New-EER-10.8/instance-out.sql,752791.26,18561.67
CZ15/Asm&0&cDXHP&New&dxHP_equip/NE-dxHP-PkgHP-135to239-New-EER-11.2/instance-out.sql,741250.04,18561.67
CZ15/Asm&0&cDXHP&New&dxHP_equip/NE-dxHP-PkgHP-240to759-New-EER-9.3/instance-out.sql,781368.16,18561.67
CZ15/Asm&0&cDXHP&New&dxHP_equip/NE-dxHP-PkgHP-240to759-New-EER-9.7/instance-out.sql,766634.42,18561.67
CZ15/Asm&0&cDXHP&New&dxHP_equip/NE-dxHP-PkgHP-240to759-New-EER-10.0/instance-out.sql,756825.61,18561.67
CZ15/ECC&0&cDXHP&New&dxHP_equip/NE-dxHP-PkgHP-65to134-New-EER-11.0/instance-out.sql,2311202.60,403944.40
CZ15/ECC&0&cDXHP&New&dxHP_equip/NE-dxHP-PkgHP-65to134-New-EER-11.5/instance-out.sql,2287101.52,403944.40
CZ15/ECC&0&cDXHP&New&dxHP_equip/NE-dxHP-PkgHP-65to134-New-EER-12.0/instance-out.sql,2265026.52,403944.40
CZ15/ECC&0&cDXHP&New&dxHP_equip/NE-dxHP-PkgHP-135to239-New-EER-10.4/instance-out.sql,2331164.26,403944.40
CZ15/ECC&0&cDXHP&New&dxHP_equip/NE-dxHP-PkgHP-135to239-New-EER-10.8/instance-out.sql,2309646.17,403944.40
CZ15/ECC&0&cDXHP&New&dxHP_equip/NE-dxHP-PkgHP-135to239-New-EER-11.2/instance-out.sql,2289806.89,403944.40
CZ15/ECC&0&cDXHP&New&dxHP_equip/NE-dxHP-PkgHP-240to759-New-EER-9.3/instance-out.sql,2357731.81,403944.40
CZ15/ECC&0&cDXHP&New&dxHP_equip/NE-dxHP-PkgHP-240to759-New-EER-9.7/instance-out.sql,2332749.49,403944.40
CZ15/ECC&0&cDXHP&New&dxHP_equip/NE-dxHP-PkgHP-240to759-New-EER-10.0/instance-out.sql,2315774.55,403944.40
CZ15/EPr&0&cDXHP&New&dxHP_equip/NE-dxHP-PkgHP-65to134-New-EER-11.0/instance-out.sql,293024.98,107825.69
CZ15/EPr&0&cDXHP&New&dxHP_equip/NE-dxHP-PkgHP-65to134-New-EER-11.5/instance-out.sql,288966.49,107825.69
CZ15/EPr&0&cDXHP&New&dxHP_equip/NE-dxHP-PkgHP-65to134-New-EER-12.0/instance-out.sql,285259.74,107825.69
CZ15/EPr&0&cDXHP&New&dxHP_equip/NE-dxHP-PkgHP-135to239-New-EER-10.4/instance-out.sql,296392.01,107825.69
CZ15/EPr&0&cDXHP&New&dxHP_equip/NE-dxHP-PkgHP-135to239-New-EER-10.8/instance-out.sql,292745.03,107825.69
CZ15/EPr&0&cDXHP&New&dxHP_equip/NE-dxHP-PkgHP-135to239-New-EER-11.2/instance-out.sql,289417.02,107825.69
CZ15/EPr&0&cDXHP&New&dxHP_equip/NE-dxHP-PkgHP-240to759-New-EER-9.3/instance-out.sql,300866.42,107825.69
CZ15/EPr&0&cDXHP&New&dxHP_equip/NE-dxHP-PkgHP-240to759-New-EER-9.7/instance-out.sql,296657.36,107825.69
CZ15/EPr&0&cDXHP&New&dxHP_equip/NE-dxHP-PkgHP-240to759-New-EER-10.0/instance-out.sql,293815.88,107825.69
CZ15/ERC&0&cDXHP&New&dxHP_equip/NE-dxHP-PkgHP-65to134-New-EER-11.0/instance-out.sql,11604.33,8542.03
CZ15/ERC&0&cDXHP&New&dxHP_equip/NE-dxHP-PkgHP-65to134-New-EER-11.5/instance-out.sql,11406.18,8542.03
CZ15/ERC&0&cDXHP&New&dxHP_equip/NE-dxHP-PkgHP-65to134-New-EER-12.0/instance-out.sql,11225.21,8542.03
CZ15/ERC&0&cDXHP&New&dxHP_equip/NE-dxHP-PkgHP-135to239-New-EER-10.4/instance-out.sql,11768.73,8542.03
CZ15/ERC&0&cDXHP&New&dxHP_equip/NE-dxHP-PkgHP-135to239-New-EER-10.8/instance-out.sql,11590.65,8542.03
CZ15/ERC&0&cDXHP&New&dxHP_equip/NE-dxHP-PkgHP-135to239-New-EER-11.2/instance-out.sql,11428.17,8542.03
CZ15/ERC&0&cDXHP&New&dxHP_equip/NE-dxHP-PkgHP-240to759-New-EER-9.3/instance-out.sql,11987.18,8542.03
CZ15/ERC&0&cDXHP&New&dxHP_equip/NE-dxHP-PkgHP-240to759-New-EER-9.7/instance-out.sql,11781.68,8542.03
CZ15/ERC&0&cDXHP&New&dxHP_equip/NE-dxHP-PkgHP-240to759-New-EER-10.0/instance-out.sql,11642.96,8542.03
CZ15/ESe&0&cDXHP&New&dxHP_equip/NE-dxHP-PkgHP-65to134-New-EER-11.0/instance-out.sql,868575.35,261740.80
CZ15/ESe&0&cDXHP&New&dxHP_equip/NE-dxHP-PkgHP-65to134-New-EER-11.5/instance-out.sql,864398.65,261740.80
CZ15/ESe&0&cDXHP&New&dxHP_equip/NE-dxHP-PkgHP-65to134-New-EER-12.0/instance-out.sql,860574.17,261740.80
CZ15/ESe&0&cDXHP&New&dxHP_equip/NE-dxHP-PkgHP-135to239-New-EER-10.4/instance-out.sql,872035.27,261740.80
CZ15/ESe&0&cDXHP&New&dxHP_equip/NE-dxHP-PkgHP-135to239-New-EER-10.8/instance-out.sql,868303.76,261740.80
CZ15/ESe&0&cDXHP&New&dxHP_equip/NE-dxHP-PkgHP-135to239-New-EER-11.2/instance-out.sql,864866.97,261740.80
CZ15/ESe&0&cDXHP&New&dxHP_equip/NE-dxHP-PkgHP-240to759-New-EER-9.3/instance-out.sql,876639.46,261740.80
CZ15/ESe&0&cDXHP&New&dxHP_equip/NE-dxHP-PkgHP-240to759-New-EER-9.7/instance-out.sql,872309.82,261740.80
CZ15/ESe&0&cDXHP&New&dxHP_equip/NE-dxHP-PkgHP-240to759-New-EER-10.0/instance-out.sql,869369.85,261740.80
CZ15/EUn&0&cDXHP&New&dxHP_equip/NE-dxHP-PkgHP-65to134-New-EER-11.0/instance-out.sql,7762176.80,696459.65
CZ15/EUn&0&cDXHP&New&dxHP_equip/NE-dxHP-PkgHP-65to134-New-EER-11.5/instance-out.sql,7699544.99,696459.65
CZ15/EUn&0&cDXHP&New&dxHP_equip/NE-dxHP-PkgHP-65to134-New-EER-12.0/instance-out.sql,7642216.37,696459.65
CZ15/EUn&0&cDXHP&New&dxHP_equip/NE-dxHP-PkgHP-135to239-New-EER-10.4/instance-out.sql,7814071.62,696459.65
CZ15/EUn&0&cDXHP&New&dxHP_equip/NE-dxHP-PkgHP-135to239-New-EER-10.8/instance-out.sql,7758067.79,696459.65
CZ15/EUn&0&cDXHP&New&dxHP_equip/NE-dxHP-PkgHP-135to239-New-EER-11.2/instance-out.sql,7706557.31,696459.65
CZ15/EUn&0&cDXHP&New&dxHP_equip/NE-dxHP-PkgHP-240to759-New-EER-9.3/instance-out.sql,7883115.19,696459.65
CZ15/EUn&0&cDXHP&New&dxHP_equip/NE-dxHP-PkgHP-240to759-New-EER-9.7/instance-out.sql,7818185.45,696459.65
CZ15/EUn&0&cDXHP&New&dxHP_equip/NE-dxHP-PkgHP-240to759-New-EER-10.0/instance-out.sql,7774133.65,696459.65
CZ15/Gro&0&cDXHP&New&dxHP_equip/NE-dxHP-PkgHP-65to134-New-EER-11.0/instance-out.sql,2117385.81,47064.22
CZ15/Gro&0&cDXHP&New&dxHP_equip/NE-dxHP-PkgHP-65to134-New-EER-11.5/instance-out.sql,2111322.38,47064.22
CZ15/Gro&0&cDXHP&New&dxHP_equip/NE-dxHP-PkgHP-65to134-New-EER-12.0/instance-out.sql,2105858.44,47064.22
CZ15/Gro&0&cDXHP&New&dxHP_equip/NE-dxHP-PkgHP-135to239-New-EER-10.4/instance-out.sql,2122455.54,47064.22
CZ15/Gro&0&cDXHP&New&dxHP_equip/NE-dxHP-PkgHP-135to239-New-EER-10.8/instance-out.sql,2116842.27,47064.22
CZ15/Gro&0&cDXHP&New&dxHP_equip/NE-dxHP-PkgHP-135to239-New-EER-11.2/instance-out.sql,2111960.07,47064.22
CZ15/Gro&0&cDXHP&New&dxHP_equip/NE-dxHP-PkgHP-240to759-New-EER-9.3/instance-out.sql,2129144.53,47064.22
CZ15/Gro&0&cDXHP&New&dxHP_equip/NE-dxHP-PkgHP-240to759-New-EER-9.7/instance-out.sql,2122840.85,47064.22
CZ15/Gro&0&cDXHP&New&dxHP_equip/NE-dxHP-PkgHP-240to759-New-EER-10.0/instance-out.sql,2118714.88,47064.22
CZ15/Hsp&0&cDXHP&New&dxHP_equip/NE-dxHP-PkgHP-65to134-New-EER-11.0/instance-out.sql,3831896.07,369339.54
CZ15/Hsp&0&cDXHP&New&dxHP_equip/NE-dxHP-PkgHP-65to134-New-EER-11.5/instance-out.sql,3821424.90,369339.54
CZ15/Hsp&0&cDXHP&New&dxHP_equip/NE-dxHP-PkgHP-65to134-New-EER-12.0/instance-out.sql,3811826.89,369339.54
CZ15/Hsp&0&cDXHP&New&dxHP_equip/NE-dxHP-PkgHP-135to239-New-EER-10.4/instance-out.sql,3840565.00,369339.54
CZ15/Hsp&0&cDXHP&New&dxHP_equip/NE-dxHP-PkgHP-135to239-New-EER-10.8/instance-out.sql,3831231.90,369339.54
CZ15/Hsp&0&cDXHP&New&dxHP_equip/NE-dxHP-PkgHP-135to239-New-EER-11.2/instance-out.sql,3822603.71,369339.54
CZ15/Hsp&0&cDXHP&New&dxHP_equip/NE-dxHP-PkgHP-240to759-New-EER-9.3/instance-out.sql,3852107.37,369339.54
CZ15/Hsp&0&cDXHP&New&dxHP_equip/NE-dxHP-PkgHP-240to759-New-EER-9.7/instance-out.sql,3841254.80,369339.54
CZ15/Hsp&0&cDXHP&New&dxHP_equip/NE-dxHP-PkgHP-240to759-New-EER-10.0/instance-out.sql,3833868.25,369339.54
CZ15/MBT&0&cDXHP&New&dxHP_equip/NE-dxHP-PkgHP-65to134-New-EER-11.0/instance-out.sql,4200433.77,1725008.75
CZ15/MBT&0&cDXHP&New&dxHP_equip/NE-dxHP-PkgHP-65to134-New-EER-11.5/instance-out.sql,4186625.51,1725008.75
CZ15/MBT&0&cDXHP&New&dxHP_equip/NE-dxHP-PkgHP-65to134-New-EER-12.0/instance-out.sql,4173993.73,1725008.75
CZ15/MBT&0&cDXHP&New&dxHP_equip/NE-dxHP-PkgHP-135to239-New-EER-10.4/instance-out.sql,4211878.76,1725008.75
CZ15/MBT&0&cDXHP&New&dxHP_equip/NE-dxHP-PkgHP-135to239-New-EER-10.8/instance-out.sql,4199515.49,1725008.75
CZ15/MBT&0&cDXHP&New&dxHP_equip/NE-dxHP-PkgHP-135to239-New-EER-11.2/instance-out.sql,4188168.00,1725008.75
CZ15/MBT&0&cDXHP&New&dxHP_equip/NE-dxHP-PkgHP-240to759-New-EER-9.3/instance-out.sql,4227101.01,1725008.75
CZ15/MBT&0&cDXHP&New&dxHP_equip/NE-dxHP-PkgHP-240to759-New-EER-9.7/instance-out.sql,4212784.62,1725008.75
CZ15/MBT&0&cDXHP&New&dxHP_equip/NE-dxHP-PkgHP-240to759-New-EER-10.0/instance-out.sql,4203084.42,1725008.75
CZ15/MLI&0&cDXHP&New&dxHP_equip/NE-dxHP-PkgHP-65to134-New-EER-11.0/instance-out.sql,939713.56,37999.71
CZ15/MLI&0&cDXHP&New&dxHP_equip/NE-dxHP-PkgHP-65to134-New-EER-11.5/instance-out.sql,927198.27,37999.71
CZ15/MLI&0&cDXHP&New&dxHP_equip/NE-dxHP-PkgHP-65to134-New-EER-12.0/instance-out.sql,915760.18,37999.71
CZ15/MLI&0&cDXHP&New&dxHP_equip/NE-dxHP-PkgHP-135to239-New-EER-10.4/instance-out.sql,950092.67,37999.71
CZ15/MLI&0&cDXHP&New&dxHP_equip/NE-dxHP-PkgHP-135to239-New-EER-10.8/instance-out.sql,938862.85,37999.71
CZ15/MLI&0&cDXHP&New&dxHP_equip/NE-dxHP-PkgHP-135to239-New-EER-11.2/instance-out.sql,928591.12,37999.71
CZ15/MLI&0&cDXHP&New&dxHP_equip/NE-dxHP-PkgHP-240to759-New-EER-9.3/instance-out.sql,963890.17,37999.71
CZ15/MLI&0&cDXHP&New&dxHP_equip/NE-dxHP-PkgHP-240to759-New-EER-9.7/instance-out.sql,950912.07,37999.71
CZ15/MLI&0&cDXHP&New&dxHP_equip/NE-dxHP-PkgHP-240to759-New-EER-10.0/instance-out.sql,942137.70,37999.71
CZ15/Mtl&0&cDXHP&New&dxHP_equip/NE-dxHP-PkgHP-65to134-New-EER-11.0/instance-out.sql,206093.72,7690.54
CZ15/Mtl&0&cDXHP&New&dxHP_equip/NE-dxHP-PkgHP-65to134-New-EER-11.5/instance-out.sql,203114.12,7690.54
CZ15/Mtl&0&cDXHP&New&dxHP_equip/NE-dxHP-PkgHP-65to134-New-EER-12.0/instance-out.sql,200388.33,7690.54
CZ15/Mtl&0&cDXHP&New&dxHP_equip/NE-dxHP-PkgHP-135to239-New-EER-10.4/instance-out.sql,208563.33,7690.54
CZ15/Mtl&0&cDXHP&New&dxHP_equip/NE-dxHP-PkgHP-135to239-New-EER-10.8/instance-out.sql,205895.69,7690.54
CZ15/Mtl&0&cDXHP&New&dxHP_equip/NE-dxHP-PkgHP-135to239-New-EER-11.2/instance-out.sql,203447.00,7690.54
CZ15/Mtl&0&cDXHP&New&dxHP_equip/NE-dxHP-PkgHP-240to759-New-EER-9.3/instance-out.sql,211848.04,7690.54
CZ15/Mtl&0&cDXHP&New&dxHP_equip/NE-dxHP-PkgHP-240to759-New-EER-9.7/instance-out.sql,208758.81,7690.54
CZ15/Mtl&0&cDXHP&New&dxHP_equip/NE-dxHP-PkgHP-240to759-New-EER-10.0/instance-out.sql,206665.56,7690.54
CZ15/Nrs&0&cDXHP&New&dxHP_equip/NE-dxHP-PkgHP-65to134-New-EER-11.0/instance-out.sql,772395.36,184101.67
CZ15/Nrs&0&cDXHP&New&dxHP_equip/NE-dxHP-PkgHP-65to134-New-EER-11.5/instance-out.sql,768165.75,184101.67
CZ15/Nrs&0&cDXHP&New&dxHP_equip/NE-dxHP-PkgHP-65to134-New-EER-12.0/instance-out.sql,764299.34,184101.67
CZ15/Nrs&0&cDXHP&New&dxHP_equip/NE-dxHP-PkgHP-135to239-New-EER-10.4/instance-out.sql,775902.57,184101.67
CZ15/Nrs&0&cDXHP&New&dxHP_equip/NE-dxHP-PkgHP-135to239-New-EER-10.8/instance-out.sql,772109.30,184101.67
CZ15/Nrs&0&cDXHP&New&dxHP_equip/NE-dxHP-PkgHP-135to239-New-EER-11.2/instance-out.sql,768636.88,184101.67
CZ15/Nrs&0&cDXHP&New&dxHP_equip/NE-dxHP-PkgHP-240to759-New-EER-9.3/instance-out.sql,780565.45,184101.67
CZ15/Nrs&0&cDXHP&New&dxHP_equip/NE-dxHP-PkgHP-240to759-New-EER-9.7/instance-out.sql,776179.62,184101.67
CZ15/Nrs&0&cDXHP&New&dxHP_equip/NE-dxHP-PkgHP-240to759-New-EER-10.0/instance-out.sql,773212.91,184101.67
CZ15/OfL&0&cDXHP&New&dxHP_equip/NE-dxHP-PkgHP-65to134-New-EER-11.0/instance-out.sql,2422889.98,107297.29
CZ15/OfL&0&cDXHP&New&dxHP_equip/NE-dxHP-PkgHP-65to134-New-EER-11.5/instance-out.sql,2399803.27,107297.29
CZ15/OfL&0&cDXHP&New&dxHP_equip/NE-dxHP-PkgHP-65to134-New-EER-12.0/instance-out.sql,2378624.47,107297.29
CZ15/OfL&0&cDXHP&New&dxHP_equip/NE-dxHP-PkgHP-135to239-New-EER-10.4/instance-out.sql,2441994.00,107297.29
CZ15/OfL&0&cDXHP&New&dxHP_equip/NE-dxHP-PkgHP-135to239-New-EER-10.8/instance-out.sql,2421454.76,107297.29
CZ15/OfL&0&cDXHP&New&dxHP_equip/NE-dxHP-PkgHP-135to239-New-EER-11.2/instance-out.sql,2402410.52,107297.29
CZ15/OfL&0&cDXHP&New&dxHP_equip/NE-dxHP-PkgHP-240to759-New-EER-9.3/instance-out.sql,2467441.51,107297.29
CZ15/OfL&0&cDXHP&New&dxHP_equip/NE-dxHP-PkgHP-240to759-New-EER-9.7/instance-out.sql,2443517.45,107297.29
CZ15/OfL&0&cDXHP&New&dxHP_equip/NE-dxHP-PkgHP-240to759-New-EER-10.0/instance-out.sql,2427203.95,107297.29
CZ15/OfS&0&cDXHP&New&dxHP_equip/NE-dxHP-PkgHP-65to134-New-EER-11.0/instance-out.sql,115108.92,17726.31
CZ15/OfS&0&cDXHP&New&dxHP_equip/NE-dxHP-PkgHP-65to134-New-EER-11.5/instance-out.sql,113528.54,17726.31
CZ15/OfS&0&cDXHP&New&dxHP_equip/NE-dxHP-PkgHP-65to134-New-EER-12.0/instance-out.sql,112079.93,17726.31
CZ15/OfS&0&cDXHP&New&dxHP_equip/NE-dxHP-PkgHP-135to239-New-EER-10.4/instance-out.sql,116417.27,17726.31
CZ15/OfS&0&cDXHP&New&dxHP_equip/NE-dxHP-PkgHP-135to239-New-EER-10.8/instance-out.sql,115008.72,17726.31
CZ15/OfS&0&cDXHP&New&dxHP_equip/NE-dxHP-PkgHP-135to239-New-EER-11.2/instance-out.sql,113706.47,17726.31
CZ15/OfS&0&cDXHP&New&dxHP_equip/NE-dxHP-PkgHP-240to759-New-EER-9.3/instance-out.sql,118159.32,17726.31
CZ15/OfS&0&cDXHP&New&dxHP_equip/NE-dxHP-PkgHP-240to759-New-EER-9.7/instance-out.sql,116521.38,17726.31
CZ15/OfS&0&cDXHP&New&dxHP_equip/NE-dxHP-PkgHP-240to759-New-EER-10.0/instance-out.sql,115406.52,17726.31
CZ15/RFF&0&cDXHP&New&dxHP_equip/NE-dxHP-PkgHP-65to134-New-EER-11.0/instance-out.sql,64208.16,40297.83
CZ15/RFF&0&cDXHP&New&dxHP_equip/NE-dxHP-PkgHP-65to134-New-EER-11.5/instance-out.sql,63657.90,40297.83
CZ15/RFF&0&cDXHP&New&dxHP_equip/NE-dxHP-PkgHP-65to134-New-EER-12.0/instance-out.sql,63155.42,40297.83
CZ15/RFF&0&cDXHP&New&dxHP_equip/NE-dxHP-PkgHP-135to239-New-EER-10.4/instance-out.sql,64664.71,40297.83
CZ15/RFF&0&cDXHP&New&dxHP_equip/NE-dxHP-PkgHP-135to239-New-EER-10.8/instance-out.sql,64170.06,40297.83
CZ15/RFF&0&cDXHP&New&dxHP_equip/NE-dxHP-PkgHP-135to239-New-EER-11.2/instance-out.sql,63718.94,40297.83
CZ15/RFF&0&cDXHP&New&dxHP_equip/NE-dxHP-PkgHP-240to759-New-EER-9.3/instance-out.sql,65271.36,40297.83
CZ15/RFF&0&cDXHP&New&dxHP_equip/NE-dxHP-PkgHP-240to759-New-EER-9.7/instance-out.sql,64700.67,40297.83
CZ15/RFF&0&cDXHP&New&dxHP_equip/NE-dxHP-PkgHP-240to759-New-EER-10.0/instance-out.sql,64315.56,40297.83
CZ15/RSD&0&cDXHP&New&dxHP_equip/NE-dxHP-PkgHP-65to134-New-EER-11.0/instance-out.sql,141221.73,121099.50
CZ15/RSD&0&cDXHP&New&dxHP_equip/NE-dxHP-PkgHP-65to134-New-EER-11.5/instance-out.sql,140923.23,121099.50
CZ15/RSD&0&cDXHP&New&dxHP_equip/NE-dxHP-PkgHP-65to134-New-EER-12.0/instance-out.sql,140651.19,121099.50
CZ15/RSD&0&cDXHP&New&dxHP_equip/NE-dxHP-PkgHP-135to239-New-EER-10.4/instance-out.sql,141469.70,121099.50
CZ15/RSD&0&cDXHP&New&dxHP_equip/NE-dxHP-PkgHP-135to239-New-EER-10.8/instance-out.sql,141200.14,121099.50
CZ15/RSD&0&cDXHP&New&dxHP_equip/NE-dxHP-PkgHP-135to239-New-EER-11.2/instance-out.sql,140956.08,121099.50
CZ15/RSD&0&cDXHP&New&dxHP_equip/NE-dxHP-PkgHP-240to759-New-EER-9.3/instance-out.sql,141798.82,121099.50
CZ15/RSD&0&cDXHP&New&dxHP_equip/NE-dxHP-PkgHP-240to759-New-EER-9.7/instance-out.sql,141489.12,121099.50
CZ15/RSD&0&cDXHP&New&dxHP_equip/NE-dxHP-PkgHP-240to759-New-EER-10.0/instance-out.sql,141281.09,121099.50
CZ15/Rt3&0&cDXHP&New&dxHP_equip/NE-dxHP-PkgHP-65to134-New-EER-11.0/instance-out.sql,1797067.45,131954.01
CZ15/Rt3&0&cDXHP&New&dxHP_equip/NE-dxHP-PkgHP-65to134-New-EER-11.5/instance-out.sql,1774848.36,131954.01
CZ15/Rt3&0&cDXHP&New&dxHP_equip/NE-dxHP-PkgHP-65to134-New-EER-12.0/instance-out.sql,1754479.75,131954.01
CZ15/Rt3&0&cDXHP&New&dxHP_equip/NE-dxHP-PkgHP-135to239-New-EER-10.4/instance-out.sql,1815461.11,131954.01
CZ15/Rt3&0&cDXHP&New&dxHP_equip/NE-dxHP-PkgHP-135to239-New-EER-10.8/instance-out.sql,1795661.99,131954.01
CZ15/Rt3&0&cDXHP&New&dxHP_equip/NE-dxHP-PkgHP-135to239-New-EER-11.2/instance-out.sql,1777350.79,131954.01
CZ15/Rt3&0&cDXHP&New&dxHP_equip/NE-dxHP-PkgHP-240to759-New-EER-9.3/instance-out.sql,1839953.09,131954.01
CZ15/Rt3&0&cDXHP&New&dxHP_equip/NE-dxHP-PkgHP-240to759-New-EER-9.7/instance-out.sql,1816925.16,131954.01
CZ15/Rt3&0&cDXHP&New&dxHP_equip/NE-dxHP-PkgHP-240to759-New-EER-10.0/instance-out.sql,1801247.74,131954.01
CZ15/RtL&0&cDXHP&New&dxHP_equip/NE-dxHP-PkgHP-65to134-New-EER-11.0/instance-out.sql,1824939.97,137702.47
CZ15/RtL&0&cDXHP&New&dxHP_equip/NE-dxHP-PkgHP-65to134-New-EER-11.5/instance-out.sql,1802585.20,137702.47
CZ15/RtL&0&cDXHP&New&dxHP_equip/NE-dxHP-PkgHP-65to134-New-EER-12.0/instance-out.sql,1782086.61,137702.47
CZ15/RtL&0&cDXHP&New&dxHP_equip/NE-dxHP-PkgHP-135to239-New-EER-10.4/instance-out.sql,1843442.99,137702.47
CZ15/RtL&0&cDXHP&New&dxHP_equip/NE-dxHP-PkgHP-135to239-New-EER-10.8/instance-out.sql,1823535.41,137702.47
CZ15/RtL&0&cDXHP&New&dxHP_equip/NE-dxHP-PkgHP-135to239-New-EER-11.2/instance-out.sql,1805105.59,137702.47
CZ15/RtL&0&cDXHP&New&dxHP_equip/NE-dxHP-PkgHP-240to759-New-EER-9.3/instance-out.sql,1868084.22,137702.47
CZ15/RtL&0&cDXHP&New&dxHP_equip/NE-dxHP-PkgHP-240to759-New-EER-9.7/instance-out.sql,1844916.83,137702.47
CZ15/RtL&0&cDXHP&New&dxHP_equip/NE-dxHP-PkgHP-240to759-New-EER-10.0/instance-out.sql,1829134.65,137702.47
CZ15/RtS&0&cDXHP&New&dxHP_equip/NE-dxHP-PkgHP-65to134-New-EER-11.0/instance-out.sql,115066.04,13319.31
CZ15/RtS&0&cDXHP&New&dxHP_equip/NE-dxHP-PkgHP-65to134-New-EER-11.5/instance-out.sql,113460.64,13319.31
CZ15/RtS&0&cDXHP&New&dxHP_equip/NE-dxHP-PkgHP-65to134-New-EER-12.0/instance-out.sql,111990.57,13319.31
CZ15/RtS&0&cDXHP&New&dxHP_equip/NE-dxHP-PkgHP-135to239-New-EER-10.4/instance-out.sql,116395.91,13319.31
CZ15/RtS&0&cDXHP&New&dxHP_equip/NE-dxHP-PkgHP-135to239-New-EER-10.8/instance-out.sql,114961.74,13319.31
CZ15/RtS&0&cDXHP&New&dxHP_equip/NE-dxHP-PkgHP-135to239-New-EER-11.2/instance-out.sql,113640.67,13319.31
CZ15/RtS&0&cDXHP&New&dxHP_equip/NE-dxHP-PkgHP-240to759-New-EER-9.3/instance-out.sql,118165.63,13319.31
CZ15/RtS&0&cDXHP&New&dxHP_equip/NE-dxHP-PkgHP-240to759-New-EER-9.7/instance-out.sql,116501.45,13319.31
CZ15/RtS&0&cDXHP&New&dxHP_equip/NE-dxHP-PkgHP-240to759-New-EER-10.0/instance-out.sql,115371.32,13319.31
CZ15/SCn&0&cDXHP&New&dxHP_equip/NE-dxHP-PkgHP-65to134-New-EER-11.0/instance-out.sql,3385433.69,65520.52
CZ15/SCn&0&cDXHP&New&dxHP_equip/NE-dxHP-PkgHP-65to134-New-EER-11.5/instance-out.sql,3335743.89,65520.52
CZ15/SCn&0&cDXHP&New&dxHP_equip/NE-dxHP-PkgHP-65to134-New-EER-12.0/instance-out.sql,3290387.65,65520.52
CZ15/SCn&0&cDXHP&New&dxHP_equip/NE-dxHP-PkgHP-135to239-New-EER-10.4/instance-out.sql,3426672.27,65520.52
CZ15/SCn&0&cDXHP&New&dxHP_equip/NE-dxHP-PkgHP-135to239-New-EER-10.8/instance-out.sql,3381960.04,65520.52
CZ15/SCn&0&cDXHP&New&dxHP_equip/NE-dxHP-PkgHP-135to239-New-EER-11.2/instance-out.sql,3341246.81,65520.52
CZ15/SCn&0&cDXHP&New&dxHP_equip/NE-dxHP-PkgHP-240to759-New-EER-9.3/instance-out.sql,3481456.04,65520.52
CZ15/SCn&0&cDXHP&New&dxHP_equip/NE-dxHP-PkgHP-240to759-New-EER-9.7/instance-out.sql,3429917.04,65520.52
CZ15/SCn&0&cDXHP&New&dxHP_equip/NE-dxHP-PkgHP-240to759-New-EER-10.0/instance-out.sql,3395171.34,65520.52
CZ16/Asm&0&cDXHP&New&dxHP_equip/NE-dxHP-PkgHP-65to134-New-EER-11.0/instance-out.sql,681538.99,22547.77
CZ16/Asm&0&cDXHP&New&dxHP_equip/NE-dxHP-PkgHP-65to134-New-EER-11.5/instance-out.sql,672556.40,22547.77
CZ16/Asm&0&cDXHP&New&dxHP_equip/NE-dxHP-PkgHP-65to134-New-EER-12.0/instance-out.sql,665321.45,22547.77
CZ16/Asm&0&cDXHP&New&dxHP_equip/NE-dxHP-PkgHP-135to239-New-EER-10.4/instance-out.sql,689506.45,22547.77
CZ16/Asm&0&cDXHP&New&dxHP_equip/NE-dxHP-PkgHP-135to239-New-EER-10.8/instance-out.sql,679278.42,22547.77
CZ16/Asm&0&cDXHP&New&dxHP_equip/NE-dxHP-PkgHP-135to239-New-EER-11.2/instance-out.sql,673089.83,22547.77
CZ16/Asm&0&cDXHP&New&dxHP_equip/NE-dxHP-PkgHP-240to759-New-EER-9.3/instance-out.sql,699464.07,22547.77
CZ16/Asm&0&cDXHP&New&dxHP_equip/NE-dxHP-PkgHP-240to759-New-EER-9.7/instance-out.sql,689947.91,22547.77
CZ16/Asm&0&cDXHP&New&dxHP_equip/NE-dxHP-PkgHP-240to759-New-EER-10.0/instance-out.sql,685220.70,22547.77
CZ16/ECC&0&cDXHP&New&dxHP_equip/NE-dxHP-PkgHP-65to134-New-EER-11.0/instance-out.sql,2023030.59,513375.06
CZ16/ECC&0&cDXHP&New&dxHP_equip/NE-dxHP-PkgHP-65to134-New-EER-11.5/instance-out.sql,2010914.62,513375.06
CZ16/ECC&0&cDXHP&New&dxHP_equip/NE-dxHP-PkgHP-65to134-New-EER-12.0/instance-out.sql,2000352.14,513375.06
CZ16/ECC&0&cDXHP&New&dxHP_equip/NE-dxHP-PkgHP-135to239-New-EER-10.4/instance-out.sql,2033350.01,513375.06
CZ16/ECC&0&cDXHP&New&dxHP_equip/NE-dxHP-PkgHP-135to239-New-EER-10.8/instance-out.sql,2021342.39,513375.06
CZ16/ECC&0&cDXHP&New&dxHP_equip/NE-dxHP-PkgHP-135to239-New-EER-11.2/instance-out.sql,2012018.70,513375.06
CZ16/ECC&0&cDXHP&New&dxHP_equip/NE-dxHP-PkgHP-240to759-New-EER-9.3/instance-out.sql,2046735.96,513375.06
CZ16/ECC&0&cDXHP&New&dxHP_equip/NE-dxHP-PkgHP-240to759-New-EER-9.7/instance-out.sql,2034066.42,513375.06
CZ16/ECC&0&cDXHP&New&dxHP_equip/NE-dxHP-PkgHP-240to759-New-EER-10.0/instance-out.sql,2026394.94,513375.06
CZ16/EPr&0&cDXHP&New&dxHP_equip/NE-dxHP-PkgHP-65to134-New-EER-11.0/instance-out.sql,255050.25,127507.51
CZ16/EPr&0&cDXHP&New&dxHP_equip/NE-dxHP-PkgHP-65to134-New-EER-11.5/instance-out.sql,252862.93,127507.51
CZ16/EPr&0&cDXHP&New&dxHP_equip/NE-dxHP-PkgHP-65to134-New-EER-12.0/instance-out.sql,251027.54,127507.51
CZ16/EPr&0&cDXHP&New&dxHP_equip/NE-dxHP-PkgHP-135to239-New-EER-10.4/instance-out.sql,256951.22,127507.51
CZ16/EPr&0&cDXHP&New&dxHP_equip/NE-dxHP-PkgHP-135to239-New-EER-10.8/instance-out.sql,254624.48,127507.51
CZ16/EPr&0&cDXHP&New&dxHP_equip/NE-dxHP-PkgHP-135to239-New-EER-11.2/instance-out.sql,253028.06,127507.51
CZ16/EPr&0&cDXHP&New&dxHP_equip/NE-dxHP-PkgHP-240to759-New-EER-9.3/instance-out.sql,259371.82,127507.51
CZ16/EPr&0&cDXHP&New&dxHP_equip/NE-dxHP-PkgHP-240to759-New-EER-9.7/instance-out.sql,257069.80,127507.51
CZ16/EPr&0&cDXHP&New&dxHP_equip/NE-dxHP-PkgHP-240to759-New-EER-10.0/instance-out.sql,255800.01,127507.51
CZ16/ERC&0&cDXHP&New&dxHP_equip/NE-dxHP-PkgHP-65to134-New-EER-11.0/instance-out.sql,9649.78,9255.77
CZ16/ERC&0&cDXHP&New&dxHP_equip/NE-dxHP-PkgHP-65to134-New-EER-11.5/instance-out.sql,9546.12,9255.77
CZ16/ERC&0&cDXHP&New&dxHP_equip/NE-dxHP-PkgHP-65to134-New-EER-12.0/instance-out.sql,9461.88,9255.77
CZ16/ERC&0&cDXHP&New&dxHP_equip/NE-dxHP-PkgHP-135to239-New-EER-10.4/instance-out.sql,9741.34,9255.77
CZ16/ERC&0&cDXHP&New&dxHP_equip/NE-dxHP-PkgHP-135to239-New-EER-10.8/instance-out.sql,9624.95,9255.77
CZ16/ERC&0&cDXHP&New&dxHP_equip/NE-dxHP-PkgHP-135to239-New-EER-11.2/instance-out.sql,9552.63,9255.77
CZ16/ERC&0&cDXHP&New&dxHP_equip/NE-dxHP-PkgHP-240to759-New-EER-9.3/instance-out.sql,9856.22,9255.77
CZ16/ERC&0&cDXHP&New&dxHP_equip/NE-dxHP-PkgHP-240to759-New-EER-9.7/instance-out.sql,9746.55,9255.77
CZ16/ERC&0&cDXHP&New&dxHP_equip/NE-dxHP-PkgHP-240to759-New-EER-10.0/instance-out.sql,9690.79,9255.77
CZ16/ESe&0&cDXHP&New&dxHP_equip/NE-dxHP-PkgHP-65to134-New-EER-11.0/instance-out.sql,713376.14,454368.88
CZ16/ESe&0&cDXHP&New&dxHP_equip/NE-dxHP-PkgHP-65to134-New-EER-11.5/instance-out.sql,711204.52,454368.88
CZ16/ESe&0&cDXHP&New&dxHP_equip/NE-dxHP-PkgHP-65to134-New-EER-12.0/instance-out.sql,709324.31,454368.88
CZ16/ESe&0&cDXHP&New&dxHP_equip/NE-dxHP-PkgHP-135to239-New-EER-10.4/instance-out.sql,715232.64,454368.88
CZ16/ESe&0&cDXHP&New&dxHP_equip/NE-dxHP-PkgHP-135to239-New-EER-10.8/instance-out.sql,713051.59,454368.88
CZ16/ESe&0&cDXHP&New&dxHP_equip/NE-dxHP-PkgHP-135to239-New-EER-11.2/instance-out.sql,711396.20,454368.88
CZ16/ESe&0&cDXHP&New&dxHP_equip/NE-dxHP-PkgHP-240to759-New-EER-9.3/instance-out.sql,717632.62,454368.88
CZ16/ESe&0&cDXHP&New&dxHP_equip/NE-dxHP-PkgHP-240to759-New-EER-9.7/instance-out.sql,715359.10,454368.88
CZ16/ESe&0&cDXHP&New&dxHP_equip/NE-dxHP-PkgHP-240to759-New-EER-10.0/instance-out.sql,714005.00,454368.88
CZ16/EUn&0&cDXHP&New&dxHP_equip/NE-dxHP-PkgHP-65to134-New-EER-11.0/instance-out.sql,7117130.43,888655.49
CZ16/EUn&0&cDXHP&New&dxHP_equip/NE-dxHP-PkgHP-65to134-New-EER-11.5/instance-out.sql,7083213.79,888655.49
CZ16/EUn&0&cDXHP&New&dxHP_equip/NE-dxHP-PkgHP-65to134-New-EER-12.0/instance-out.sql,7053826.28,888655.49
CZ16/EUn&0&cDXHP&New&dxHP_equip/NE-dxHP-PkgHP-135to239-New-EER-10.4/instance-out.sql,7146113.82,888655.49
CZ16/EUn&0&cDXHP&New&dxHP_equip/NE-dxHP-PkgHP-135to239-New-EER-10.8/instance-out.sql,7112099.17,888655.49
CZ16/EUn&0&cDXHP&New&dxHP_equip/NE-dxHP-PkgHP-135to239-New-EER-11.2/instance-out.sql,7086218.17,888655.49
CZ16/EUn&0&cDXHP&New&dxHP_equip/NE-dxHP-PkgHP-240to759-New-EER-9.3/instance-out.sql,7183595.70,888655.49
CZ16/EUn&0&cDXHP&New&dxHP_equip/NE-dxHP-PkgHP-240to759-New-EER-9.7/instance-out.sql,7148092.15,888655.49
CZ16/EUn&0&cDXHP&New&dxHP_equip/NE-dxHP-PkgHP-240to759-New-EER-10.0/instance-out.sql,7126907.81,888655.49
CZ16/Gro&0&cDXHP&New&dxHP_equip/NE-dxHP-PkgHP-65to134-New-EER-11.0/instance-out.sql,1739608.34,60532.28
CZ16/Gro&0&cDXHP&New&dxHP_equip/NE-dxHP-PkgHP-65to134-New-EER-11.5/instance-out.sql,1735696.62,60532.28
CZ16/Gro&0&cDXHP&New&dxHP_equip/NE-dxHP-PkgHP-65to134-New-EER-12.0/instance-out.sql,1732801.72,60532.28
CZ16/Gro&0&cDXHP&New&dxHP_equip/NE-dxHP-PkgHP-135to239-New-EER-10.4/instance-out.sql,1743213.97,60532.28
CZ16/Gro&0&cDXHP&New&dxHP_equip/NE-dxHP-PkgHP-135to239-New-EER-10.8/instance-out.sql,1738190.85,60532.28
CZ16/Gro&0&cDXHP&New&dxHP_equip/NE-dxHP-PkgHP-135to239-New-EER-11.2/instance-out.sql,1735806.54,60532.28
CZ16/Gro&0&cDXHP&New&dxHP_equip/NE-dxHP-PkgHP-240to759-New-EER-9.3/instance-out.sql,1747564.67,60532.28
CZ16/Gro&0&cDXHP&New&dxHP_equip/NE-dxHP-PkgHP-240to759-New-EER-9.7/instance-out.sql,1743367.72,60532.28
CZ16/Gro&0&cDXHP&New&dxHP_equip/NE-dxHP-PkgHP-240to759-New-EER-10.0/instance-out.sql,1741721.30,60532.28
CZ16/Hsp&0&cDXHP&New&dxHP_equip/NE-dxHP-PkgHP-65to134-New-EER-11.0/instance-out.sql,3273563.47,552378.70
CZ16/Hsp&0&cDXHP&New&dxHP_equip/NE-dxHP-PkgHP-65to134-New-EER-11.5/instance-out.sql,3268162.31,552378.70
CZ16/Hsp&0&cDXHP&New&dxHP_equip/NE-dxHP-PkgHP-65to134-New-EER-12.0/instance-out.sql,3263414.94,552378.70
CZ16/Hsp&0&cDXHP&New&dxHP_equip/NE-dxHP-PkgHP-135to239-New-EER-10.4/instance-out.sql,3278143.14,552378.70
CZ16/Hsp&0&cDXHP&New&dxHP_equip/NE-dxHP-PkgHP-135to239-New-EER-10.8/instance-out.sql,3272876.49,552378.70
CZ16/Hsp&0&cDXHP&New&dxHP_equip/NE-dxHP-PkgHP-135to239-New-EER-11.2/instance-out.sql,3268673.04,552378.70
CZ16/Hsp&0&cDXHP&New&dxHP_equip/NE-dxHP-PkgHP-240to759-New-EER-9.3/instance-out.sql,3284108.26,552378.70
CZ16/Hsp&0&cDXHP&New&dxHP_equip/NE-dxHP-PkgHP-240to759-New-EER-9.7/instance-out.sql,3278468.34,552378.70
CZ16/Hsp&0&cDXHP&New&dxHP_equip/NE-dxHP-PkgHP-240to759-New-EER-10.0/instance-out.sql,3274986.05,552378.70
CZ16/MBT&0&cDXHP&New&dxHP_equip/NE-dxHP-PkgHP-65to134-New-EER-11.0/instance-out.sql,3259527.55,3561295.40
CZ16/MBT&0&cDXHP&New&dxHP_equip/NE-dxHP-PkgHP-65to134-New-EER-11.5/instance-out.sql,3252166.53,3561295.40
CZ16/MBT&0&cDXHP&New&dxHP_equip/NE-dxHP-PkgHP-65to134-New-EER-12.0/instance-out.sql,3246064.26,3561295.40
CZ16/MBT&0&cDXHP&New&dxHP_equip/NE-dxHP-PkgHP-135to239-New-EER-10.4/instance-out.sql,3265964.51,3561295.40
CZ16/MBT&0&cDXHP&New&dxHP_equip/NE-dxHP-PkgHP-135to239-New-EER-10.8/instance-out.sql,3257968.67,3561295.40
CZ16/MBT&0&cDXHP&New&dxHP_equip/NE-dxHP-PkgHP-135to239-New-EER-11.2/instance-out.sql,3252686.63,3561295.40
CZ16/MBT&0&cDXHP&New&dxHP_equip/NE-dxHP-PkgHP-240to759-New-EER-9.3/instance-out.sql,3274114.79,3561295.40
CZ16/MBT&0&cDXHP&New&dxHP_equip/NE-dxHP-PkgHP-240to759-New-EER-9.7/instance-out.sql,3266352.37,3561295.40
CZ16/MBT&0&cDXHP&New&dxHP_equip/NE-dxHP-PkgHP-240to759-New-EER-10.0/instance-out.sql,3262199.09,3561295.40
CZ16/MLI&0&cDXHP&New&dxHP_equip/NE-dxHP-PkgHP-65to134-New-EER-11.0/instance-out.sql,913121.55,48548.35
CZ16/MLI&0&cDXHP&New&dxHP_equip/NE-dxHP-PkgHP-65to134-New-EER-11.5/instance-out.sql,905865.05,48548.35
CZ16/MLI&0&cDXHP&New&dxHP_equip/NE-dxHP-PkgHP-65to134-New-EER-12.0/instance-out.sql,899889.79,48548.35
CZ16/MLI&0&cDXHP&New&dxHP_equip/NE-dxHP-PkgHP-135to239-New-EER-10.4/instance-out.sql,919488.58,48548.35
CZ16/MLI&0&cDXHP&New&dxHP_equip/NE-dxHP-PkgHP-135to239-New-EER-10.8/instance-out.sql,911516.44,48548.35
CZ16/MLI&0&cDXHP&New&dxHP_equip/NE-dxHP-PkgHP-135to239-New-EER-11.2/instance-out.sql,906358.44,48548.35
CZ16/MLI&0&cDXHP&New&dxHP_equip/NE-dxHP-PkgHP-240to759-New-EER-9.3/instance-out.sql,927525.42,48548.35
CZ16/MLI&0&cDXHP&New&dxHP_equip/NE-dxHP-PkgHP-240to759-New-EER-9.7/instance-out.sql,919864.86,48548.35
CZ16/MLI&0&cDXHP&New&dxHP_equip/NE-dxHP-PkgHP-240to759-New-EER-10.0/instance-out.sql,915835.61,48548.35
CZ16/Mtl&0&cDXHP&New&dxHP_equip/NE-dxHP-PkgHP-65to134-New-EER-11.0/instance-out.sql,173226.28,10585.25
CZ16/Mtl&0&cDXHP&New&dxHP_equip/NE-dxHP-PkgHP-65to134-New-EER-11.5/instance-out.sql,171508.81,10585.25
CZ16/Mtl&0&cDXHP&New&dxHP_equip/NE-dxHP-PkgHP-65to134-New-EER-12.0/instance-out.sql,170078.02,10585.25
CZ16/Mtl&0&cDXHP&New&dxHP_equip/NE-dxHP-PkgHP-135to239-New-EER-10.4/instance-out.sql,174724.44,10585.25
CZ16/Mtl&0&cDXHP&New&dxHP_equip/NE-dxHP-PkgHP-135to239-New-EER-10.8/instance-out.sql,172874.42,10585.25
CZ16/Mtl&0&cDXHP&New&dxHP_equip/NE-dxHP-PkgHP-135to239-New-EER-11.2/instance-out.sql,171633.51,10585.25
CZ16/Mtl&0&cDXHP&New&dxHP_equip/NE-dxHP-PkgHP-240to759-New-EER-9.3/instance-out.sql,176625.67,10585.25
CZ16/Mtl&0&cDXHP&New&dxHP_equip/NE-dxHP-PkgHP-240to759-New-EER-9.7/instance-out.sql,174815.98,10585.25
CZ16/Mtl&0&cDXHP&New&dxHP_equip/NE-dxHP-PkgHP-240to759-New-EER-10.0/instance-out.sql,173835.66,10585.25
CZ16/Nrs&0&cDXHP&New&dxHP_equip/NE-dxHP-PkgHP-65to134-New-EER-11.0/instance-out.sql,658153.84,241341.75
CZ16/Nrs&0&cDXHP&New&dxHP_equip/NE-dxHP-PkgHP-65to134-New-EER-11.5/instance-out.sql,655828.15,241341.75
CZ16/Nrs&0&cDXHP&New&dxHP_equip/NE-dxHP-PkgHP-65to134-New-EER-12.0/instance-out.sql,653878.48,241341.75
CZ16/Nrs&0&cDXHP&New&dxHP_equip/NE-dxHP-PkgHP-135to239-New-EER-10.4/instance-out.sql,660176.06,241341.75
CZ16/Nrs&0&cDXHP&New&dxHP_equip/NE-dxHP-PkgHP-135to239-New-EER-10.8/instance-out.sql,657698.01,241341.75
CZ16/Nrs&0&cDXHP&New&dxHP_equip/NE-dxHP-PkgHP-135to239-New-EER-11.2/instance-out.sql,656002.84,241341.75
CZ16/Nrs&0&cDXHP&New&dxHP_equip/NE-dxHP-PkgHP-240to759-New-EER-9.3/instance-out.sql,662749.90,241341.75
CZ16/Nrs&0&cDXHP&New&dxHP_equip/NE-dxHP-PkgHP-240to759-New-EER-9.7/instance-out.sql,660301.86,241341.75
CZ16/Nrs&0&cDXHP&New&dxHP_equip/NE-dxHP-PkgHP-240to759-New-EER-10.0/instance-out.sql,658954.72,241341.75
CZ16/OfL&0&cDXHP&New&dxHP_equip/NE-dxHP-PkgHP-65to134-New-EER-11.0/instance-out.sql,2143157.33,161407.90
CZ16/OfL&0&cDXHP&New&dxHP_equip/NE-dxHP-PkgHP-65to134-New-EER-11.5/instance-out.sql,2130944.11,161407.90
CZ16/OfL&0&cDXHP&New&dxHP_equip/NE-dxHP-PkgHP-65to134-New-EER-12.0/instance-out.sql,2120048.59,161407.90
CZ16/OfL&0&cDXHP&New&dxHP_equip/NE-dxHP-PkgHP-135to239-New-EER-10.4/instance-out.sql,2153427.60,161407.90
CZ16/OfL&0&cDXHP&New&dxHP_equip/NE-dxHP-PkgHP-135to239-New-EER-10.8/instance-out.sql,2141875.91,161407.90
CZ16/OfL&0&cDXHP&New&dxHP_equip/NE-dxHP-PkgHP-135to239-New-EER-11.2/instance-out.sql,2132175.82,161407.90
CZ16/OfL&0&cDXHP&New&dxHP_equip/NE-dxHP-PkgHP-240to759-New-EER-9.3/instance-out.sql,2166907.06,161407.90
CZ16/OfL&0&cDXHP&New&dxHP_equip/NE-dxHP-PkgHP-240to759-New-EER-9.7/instance-out.sql,2154187.12,161407.90
CZ16/OfL&0&cDXHP&New&dxHP_equip/NE-dxHP-PkgHP-240to759-New-EER-10.0/instance-out.sql,2146054.01,161407.90
CZ16/OfS&0&cDXHP&New&dxHP_equip/NE-dxHP-PkgHP-65to134-New-EER-11.0/instance-out.sql,103667.59,22133.25
CZ16/OfS&0&cDXHP&New&dxHP_equip/NE-dxHP-PkgHP-65to134-New-EER-11.5/instance-out.sql,102803.69,22133.25
CZ16/OfS&0&cDXHP&New&dxHP_equip/NE-dxHP-PkgHP-65to134-New-EER-12.0/instance-out.sql,102069.88,22133.25
CZ16/OfS&0&cDXHP&New&dxHP_equip/NE-dxHP-PkgHP-135to239-New-EER-10.4/instance-out.sql,104413.67,22133.25
CZ16/OfS&0&cDXHP&New&dxHP_equip/NE-dxHP-PkgHP-135to239-New-EER-10.8/instance-out.sql,103514.50,22133.25
CZ16/OfS&0&cDXHP&New&dxHP_equip/NE-dxHP-PkgHP-135to239-New-EER-11.2/instance-out.sql,102873.17,22133.25
CZ16/OfS&0&cDXHP&New&dxHP_equip/NE-dxHP-PkgHP-240to759-New-EER-9.3/instance-out.sql,105369.22,22133.25
CZ16/OfS&0&cDXHP&New&dxHP_equip/NE-dxHP-PkgHP-240to759-New-EER-9.7/instance-out.sql,104461.85,22133.25
CZ16/OfS&0&cDXHP&New&dxHP_equip/NE-dxHP-PkgHP-240to759-New-EER-10.0/instance-out.sql,103945.99,22133.25
CZ16/RFF&0&cDXHP&New&dxHP_equip/NE-dxHP-PkgHP-65to134-New-EER-11.0/instance-out.sql,55625.30,45228.47
CZ16/RFF&0&cDXHP&New&dxHP_equip/NE-dxHP-PkgHP-65to134-New-EER-11.5/instance-out.sql,55313.72,45228.47
CZ16/RFF&0&cDXHP&New&dxHP_equip/NE-dxHP-PkgHP-65to134-New-EER-12.0/instance-out.sql,55061.46,45228.47
CZ16/RFF&0&cDXHP&New&dxHP_equip/NE-dxHP-PkgHP-135to239-New-EER-10.4/instance-out.sql,55900.98,45228.47
CZ16/RFF&0&cDXHP&New&dxHP_equip/NE-dxHP-PkgHP-135to239-New-EER-10.8/instance-out.sql,55549.08,45228.47
CZ16/RFF&0&cDXHP&New&dxHP_equip/NE-dxHP-PkgHP-135to239-New-EER-11.2/instance-out.sql,55332.84,45228.47
CZ16/RFF&0&cDXHP&New&dxHP_equip/NE-dxHP-PkgHP-240to759-New-EER-9.3/instance-out.sql,56246.31,45228.47
CZ16/RFF&0&cDXHP&New&dxHP_equip/NE-dxHP-PkgHP-240to759-New-EER-9.7/instance-out.sql,55916.49,45228.47
CZ16/RFF&0&cDXHP&New&dxHP_equip/NE-dxHP-PkgHP-240to759-New-EER-10.0/instance-out.sql,55750.43,45228.47
CZ16/RSD&0&cDXHP&New&dxHP_equip/NE-dxHP-PkgHP-65to134-New-EER-11.0/instance-out.sql,114490.28,143497.95
CZ16/RSD&0&cDXHP&New&dxHP_equip/NE-dxHP-PkgHP-65to134-New-EER-11.5/instance-out.sql,114314.88,143497.95
CZ16/RSD&0&cDXHP&New&dxHP_equip/NE-dxHP-PkgHP-65to134-New-EER-12.0/instance-out.sql,114175.11,143497.95
CZ16/RSD&0&cDXHP&New&dxHP_equip/NE-dxHP-PkgHP-135to239-New-EER-10.4/instance-out.sql,114646.66,143497.95
CZ16/RSD&0&cDXHP&New&dxHP_equip/NE-dxHP-PkgHP-135to239-New-EER-10.8/instance-out.sql,114443.60,143497.95
CZ16/RSD&0&cDXHP&New&dxHP_equip/NE-dxHP-PkgHP-135to239-New-EER-11.2/instance-out.sql,114324.58,143497.95
CZ16/RSD&0&cDXHP&New&dxHP_equip/NE-dxHP-PkgHP-240to759-New-EER-9.3/instance-out.sql,114841.19,143497.95
CZ16/RSD&0&cDXHP&New&dxHP_equip/NE-dxHP-PkgHP-240to759-New-EER-9.7/instance-out.sql,114655.06,143497.95
CZ16/RSD&0&cDXHP&New&dxHP_equip/NE-dxHP-PkgHP-240to759-New-EER-10.0/instance-out.sql,114565.17,143497.95
CZ16/Rt3&0&cDXHP&New&dxHP_equip/NE-dxHP-PkgHP-65to134-New-EER-11.0/instance-out.sql,1586930.38,177246.81
CZ16/Rt3&0&cDXHP&New&dxHP_equip/NE-dxHP-PkgHP-65to134-New-EER-11.5/instance-out.sql,1575282.94,177246.81
CZ16/Rt3&0&cDXHP&New&dxHP_equip/NE-dxHP-PkgHP-65to134-New-EER-12.0/instance-out.sql,1565123.69,177246.81
CZ16/Rt3&0&cDXHP&New&dxHP_equip/NE-dxHP-PkgHP-135to239-New-EER-10.4/instance-out.sql,1596847.96,177246.81
CZ16/Rt3&0&cDXHP&New&dxHP_equip/NE-dxHP-PkgHP-135to239-New-EER-10.8/instance-out.sql,1585316.33,177246.81
CZ16/Rt3&0&cDXHP&New&dxHP_equip/NE-dxHP-PkgHP-135to239-New-EER-11.2/instance-out.sql,1576346.83,177246.81
CZ16/Rt3&0&cDXHP&New&dxHP_equip/NE-dxHP-PkgHP-240to759-New-EER-9.3/instance-out.sql,1609715.98,177246.81
CZ16/Rt3&0&cDXHP&New&dxHP_equip/NE-dxHP-PkgHP-240to759-New-EER-9.7/instance-out.sql,1597537.46,177246.81
CZ16/Rt3&0&cDXHP&New&dxHP_equip/NE-dxHP-PkgHP-240to759-New-EER-10.0/instance-out.sql,1590154.20,177246.81
CZ16/RtL&0&cDXHP&New&dxHP_equip/NE-dxHP-PkgHP-65to134-New-EER-11.0/instance-out.sql,1618347.62,167409.84
CZ16/RtL&0&cDXHP&New&dxHP_equip/NE-dxHP-PkgHP-65to134-New-EER-11.5/instance-out.sql,1606450.75,167409.84
CZ16/RtL&0&cDXHP&New&dxHP_equip/NE-dxHP-PkgHP-65to134-New-EER-12.0/instance-out.sql,1596067.69,167409.84
CZ16/RtL&0&cDXHP&New&dxHP_equip/NE-dxHP-PkgHP-135to239-New-EER-10.4/instance-out.sql,1628474.27,167409.84
CZ16/RtL&0&cDXHP&New&dxHP_equip/NE-dxHP-PkgHP-135to239-New-EER-10.8/instance-out.sql,1616709.59,167409.84
CZ16/RtL&0&cDXHP&New&dxHP_equip/NE-dxHP-PkgHP-135to239-New-EER-11.2/instance-out.sql,1607540.41,167409.84
CZ16/RtL&0&cDXHP&New&dxHP_equip/NE-dxHP-PkgHP-240to759-New-EER-9.3/instance-out.sql,1641617.50,167409.84
CZ16/RtL&0&cDXHP&New&dxHP_equip/NE-dxHP-PkgHP-240to759-New-EER-9.7/instance-out.sql,1629179.47,167409.84
CZ16/RtL&0&cDXHP&New&dxHP_equip/NE-dxHP-PkgHP-240to759-New-EER-10.0/instance-out.sql,1621628.03,167409.84
CZ16/RtS&0&cDXHP&New&dxHP_equip/NE-dxHP-PkgHP-65to134-New-EER-11.0/instance-out.sql,98903.11,15678.59
CZ16/RtS&0&cDXHP&New&dxHP_equip/NE-dxHP-PkgHP-65to134-New-EER-11.5/instance-out.sql,98047.81,15678.59
CZ16/RtS&0&cDXHP&New&dxHP_equip/NE-dxHP-PkgHP-65to134-New-EER-12.0/instance-out.sql,97332.44,15678.59
CZ16/RtS&0&cDXHP&New&dxHP_equip/NE-dxHP-PkgHP-135to239-New-EER-10.4/instance-out.sql,99647.67,15678.59
CZ16/RtS&0&cDXHP&New&dxHP_equip/NE-dxHP-PkgHP-135to239-New-EER-10.8/instance-out.sql,98732.68,15678.59
CZ16/RtS&0&cDXHP&New&dxHP_equip/NE-dxHP-PkgHP-135to239-New-EER-11.2/instance-out.sql,98111.27,15678.59
CZ16/RtS&0&cDXHP&New&dxHP_equip/NE-dxHP-PkgHP-240to759-New-EER-9.3/instance-out.sql,100594.32,15678.59
CZ16/RtS&0&cDXHP&New&dxHP_equip/NE-dxHP-PkgHP-240to759-New-EER-9.7/instance-out.sql,99693.69,15678.59
CZ16/RtS&0&cDXHP&New&dxHP_equip/NE-dxHP-PkgHP-240to759-New-EER-10.0/instance-out.sql,99200.91,15678.59
CZ16/SCn&0&cDXHP&New&dxHP_equip/NE-dxHP-PkgHP-65to134-New-EER-11.0/instance-out.sql,3069539.69,84961.17
CZ16/SCn&0&cDXHP&New&dxHP_equip/NE-dxHP-PkgHP-65to134-New-EER-11.5/instance-out.sql,3039649.62,84961.17
CZ16/SCn&0&cDXHP&New&dxHP_equip/NE-dxHP-PkgHP-65to134-New-EER-12.0/instance-out.sql,3016113.10,84961.17
CZ16/SCn&0&cDXHP&New&dxHP_equip/NE-dxHP-PkgHP-135to239-New-EER-10.4/instance-out.sql,3096337.99,84961.17
CZ16/SCn&0&cDXHP&New&dxHP_equip/NE-dxHP-PkgHP-135to239-New-EER-10.8/instance-out.sql,3061106.28,84961.17
CZ16/SCn&0&cDXHP&New&dxHP_equip/NE-dxHP-PkgHP-135to239-New-EER-11.2/instance-out.sql,3041167.14,84961.17
CZ16/SCn&0&cDXHP&New&dxHP_equip/NE-dxHP-PkgHP-240to759-New-EER-9.3/instance-out.sql,3129502.75,84961.17
CZ16/SCn&0&cDXHP&New&dxHP_equip/NE-dxHP-PkgHP-240to759-New-EER-9.7/instance-out.sql,3097725.97,84961.17
CZ16/SCn&0&cDXHP&New&dxHP_equip/NE-dxHP-PkgHP-240to759-New-EER-10.0/instance-out.sql,3082863.17,84961.17

File Name,Unmet Heating (Hours),Unmet Cooling (Hours)
CZ15/Asm&0&cDXHP&New&dxHP_equip/NE-dxHP-PkgHP-65to134-New-EER-11.0/instance-out.sql,0.00,343.00
CZ15/Asm&0&cDXHP&New&dxHP_equip/NE-dxHP-PkgHP-65to134-New-EER-11.5/instance-out.sql,0.00,343.00
CZ15/Asm&0&cDXHP&New&dxHP_equip/NE-dxHP-PkgHP-65to134-New-EER-12.0/instance-out.sql,0.00,343.00
CZ15/Asm&0&cDXHP&New&dxHP_equip/NE-dxHP-PkgHP-135to239-New-EER-10.4/instance-out.sql,0.00,343.00
CZ15/Asm&0&cDXHP&New&dxHP_equip/NE-dxHP-PkgHP-135to239-New-EER-10.8/instance-out.sql,0.00,343.00
CZ15/Asm&0&cDXHP&New&dxHP_equip/NE-dxHP-PkgHP-135to239-New-EER-11.2/instance-out.sql,0.00,343.00
CZ15/Asm&0&cDXHP&New&dxHP_equip/NE-dxHP-PkgHP-240to759-New-EER-9.3/instance-out.sql,0.00,343.00
CZ15/Asm&0&cDXHP&New&dxHP_equip/NE-dxHP-PkgHP-240to759-New-EER-9.7/instance-out.sql,0.00,343.00
CZ15/Asm&0&cDXHP&New&dxHP_equip/NE-dxHP-PkgHP-240to759-New-EER-10.0/instance-out.sql,0.00,343.00
CZ15/ECC&0&cDXHP&New&dxHP_equip/NE-dxHP-PkgHP-65to134-New-EER-11.0/instance-out.sql,0.00,6500.00
CZ15/ECC&0&cDXHP&New&dxHP_equip/NE-dxHP-PkgHP-65to134-New-EER-11.5/instance-out.sql,0.00,6500.00
CZ15/ECC&0&cDXHP&New&dxHP_equip/NE-dxHP-PkgHP-65to134-New-EER-12.0/instance-out.sql,0.00,6500.00
CZ15/ECC&0&cDXHP&New&dxHP_equip/NE-dxHP-PkgHP-135to239-New-EER-10.4/instance-out.sql,0.00,6500.00
CZ15/ECC&0&cDXHP&New&dxHP_equip/NE-dxHP-PkgHP-135to239-New-EER-10.8/instance-out.sql,0.00,6500.00
CZ15/ECC&0&cDXHP&New&dxHP_equip/NE-dxHP-PkgHP-135to239-New-EER-11.2/instance-out.sql,0.00,6500.00
CZ15/ECC&0&cDXHP&New&dxHP_equip/NE-dxHP-PkgHP-240to759-New-EER-9.3/instance-out.sql,0.00,6500.00
CZ15/ECC&0&cDXHP&New&dxHP_equip/NE-dxHP-PkgHP-240to759-New-EER-9.7/instance-out.sql,0.00,6500.00
CZ15/ECC&0&cDXHP&New&dxHP_equip/NE-dxHP-PkgHP-240to759-New-EER-10.0/instance-out.sql,0.00,6500.00
CZ15/EPr&0&cDXHP&New&dxHP_equip/NE-dxHP-PkgHP-65to134-New-EER-11.0/instance-out.sql,0.00,171.00
CZ15/EPr&0&cDXHP&New&dxHP_equip/NE-dxHP-PkgHP-65to134-New-EER-11.5/instance-out.sql,0.00,171.00
CZ15/EPr&0&cDXHP&New&dxHP_equip/NE-dxHP-PkgHP-65to134-New-EER-12.0/instance-out.sql,0.00,171.00
CZ15/EPr&0&cDXHP&New&dxHP_equip/NE-dxHP-PkgHP-135to239-New-EER-10.4/instance-out.sql,0.00,171.00
CZ15/EPr&0&cDXHP&New&dxHP_equip/NE-dxHP-PkgHP-135to239-New-EER-10.8/instance-out.sql,0.00,171.00
CZ15/EPr&0&cDXHP&New&dxHP_equip/NE-dxHP-PkgHP-135to239-New-EER-11.2/instance-out.sql,0.00,171.00
CZ15/EPr&0&cDXHP&New&dxHP_equip/NE-dxHP-PkgHP-240to759-New-EER-9.3/instance-out.sql,0.00,171.00
CZ15/EPr&0&cDXHP&New&dxHP_equip/NE-dxHP-PkgHP-240to759-New-EER-9.7/instance-out.sql,0.00,171.00
CZ15/EPr&0&cDXHP&New&dxHP_equip/NE-dxHP-PkgHP-240to759-New-EER-10.0/instance-out.sql,0.00,171.00
CZ15/ERC&0&cDXHP&New&dxHP_equip/NE-dxHP-PkgHP-65to134-New-EER-11.0/instance-out.sql,0.00,0.00
CZ15/ERC&0&cDXHP&New&dxHP_equip/NE-dxHP-PkgHP-65to134-New-EER-11.5/instance-out.sql,0.00,0.00
CZ15/ERC&0&cDXHP&New&dxHP_equip/NE-dxHP-PkgHP-65to134-New-EER-12.0/instance-out.sql,0.00,0.00
CZ15/ERC&0&cDXHP&New&dxHP_equip/NE-dxHP-PkgHP-135to239-New-EER-10.4/instance-out.sql,0.00,0.00
CZ15/ERC&0&cDXHP&New&dxHP_equip/NE-dxHP-PkgHP-135to239-New-EER-10.8/instance-out.sql,0.00,0.00
CZ15/ERC&0&cDXHP&New&dxHP_equip/NE-dxHP-PkgHP-135to239-New-EER-11.2/instance-out.sql,0.00,0.00
CZ15/ERC&0&cDXHP&New&dxHP_equip/NE-dxHP-PkgHP-240to759-New-EER-9.3/instance-out.sql,0.00,0.00
CZ15/ERC&0&cDXHP&New&dxHP_equip/NE-dxHP-PkgHP-240to759-New-EER-9.7/instance-out.sql,0.00,0.00
CZ15/ERC&0&cDXHP&New&dxHP_equip/NE-dxHP-PkgHP-240to759-New-EER-10.0/instance-out.sql,0.00,0.00
CZ15/ESe&0&cDXHP&New&dxHP_equip/NE-dxHP-PkgHP-65to134-New-EER-11.0/instance-out.sql,0.00,145.00
CZ15/ESe&0&cDXHP&New&dxHP_equip/NE-dxHP-PkgHP-65to134-New-EER-11.5/instance-out.sql,0.00,145.00
CZ15/ESe&0&cDXHP&New&dxHP_equip/NE-dxHP-PkgHP-65to134-New-EER-12.0/instance-out.sql,0.00,145.00
CZ15/ESe&0&cDXHP&New&dxHP_equip/NE-dxHP-PkgHP-135to239-New-EER-10.4/instance-out.sql,0.00,145.00
CZ15/ESe&0&cDXHP&New&dxHP_equip/NE-dxHP-PkgHP-135to239-New-EER-10.8/instance-out.sql,0.00,145.00
CZ15/ESe&0&cDXHP&New&dxHP_equip/NE-dxHP-PkgHP-135to239-New-EER-11.2/instance-out.sql,0.00,145.00
CZ15/ESe&0&cDXHP&New&dxHP_equip/NE-dxHP-PkgHP-240to759-New-EER-9.3/instance-out.sql,0.00,145.00
CZ15/ESe&0&cDXHP&New&dxHP_equip/NE-dxHP-PkgHP-240to759-New-EER-9.7/instance-out.sql,0.00,145.00
CZ15/ESe&0&cDXHP&New&dxHP_equip/NE-dxHP-PkgHP-240to759-New-EER-10.0/instance-out.sql,0.00,145.00
CZ15/EUn&0&cDXHP&New&dxHP_equip/NE-dxHP-PkgHP-65to134-New-EER-11.0/instance-out.sql,0.00,418.00
CZ15/EUn&0&cDXHP&New&dxHP_equip/NE-dxHP-PkgHP-65to134-New-EER-11.5/instance-out.sql,0.00,418.00
CZ15/EUn&0&cDXHP&New&dxHP_equip/NE-dxHP-PkgHP-65to134-New-EER-12.0/instance-out.sql,0.00,418.00
CZ15/EUn&0&cDXHP&New&dxHP_equip/NE-dxHP-PkgHP-135to239-New-EER-10.4/instance-out.sql,0.00,418.00
CZ15/EUn&0&cDXHP&New&dxHP_equip/NE-dxHP-PkgHP-135to239-New-EER-10.8/instance-out.sql,0.00,418.00
CZ15/EUn&0&cDXHP&New&dxHP_equip/NE-dxHP-PkgHP-135to239-New-EER-11.2/instance-out.sql,0.00,418.00
CZ15/EUn&0&cDXHP&New&dxHP_equip/NE-dxHP-PkgHP-240to759-New-EER-9.3/instance-out.sql,0.00,418.00
CZ15/EUn&0&cDXHP&New&dxHP_equip/NE-dxHP-PkgHP-240to759-New-EER-9.7/instance-out.sql,0.00,418.00
CZ15/EUn&0&cDXHP&New&dxHP_equip/NE-dxHP-PkgHP-240to759-New-EER-10.0/instance-out.sql,0.00,418.00
CZ15/Gro&0&cDXHP&New&dxHP_equip/NE-dxHP-PkgHP-65to134-New-EER-11.0/instance-out.sql,0.00,0.00
CZ15/Gro&0&cDXHP&New&dxHP_equip/NE-dxHP-PkgHP-65to134-New-EER-11.5/instance-out.sql,0.00,0.00
CZ15/Gro&0&cDXHP&New&dxHP_equip/NE-dxHP-PkgHP-65to134-New-EER-12.0/instance-out.sql,0.00,0.00
CZ15/Gro&0&cDXHP&New&dxHP_equip/NE-dxHP-PkgHP-135to239-New-EER-10.4/instance-out.sql,0.00,0.00
CZ15/Gro&0&cDXHP&New&dxHP_equip/NE-dxHP-PkgHP-135to239-New-EER-10.8/instance-out.sql,0.00,0.00
CZ15/Gro&0&cDXHP&New&dxHP_equip/NE-dxHP-PkgHP-135to239-New-EER-11.2/instance-out.sql,0.00,0.00
CZ15/Gro&0&cDXHP&New&dxHP_equip/NE-dxHP-PkgHP-240to759-New-EER-9.3/instance-out.sql,0.00,0.00
CZ15/Gro&0&cDXHP&New&dxHP_equip/NE-dxHP-PkgHP-240to759-New-EER-9.7/instance-out.sql,0.00,0.00
CZ15/Gro&0&cDXHP&New&dxHP_equip/NE-dxHP-PkgHP-240to759-New-EER-10.0/instance-out.sql,0.00,0.00
CZ15/Hsp&0&cDXHP&New&dxHP_equip/NE-dxHP-PkgHP-65to134-New-EER-11.0/instance-out.sql,0.00,83.00
CZ15/Hsp&0&cDXHP&New&dxHP_equip/NE-dxHP-PkgHP-65to134-New-EER-11.5/instance-out.sql,0.00,83.00
CZ15/Hsp&0&cDXHP&New&dxHP_equip/NE-dxHP-PkgHP-65to134-New-EER-12.0/instance-out.sql,0.00,83.00
CZ15/Hsp&0&cDXHP&New&dxHP_equip/NE-dxHP-PkgHP-135to239-New-EER-10.4/instance-out.sql,0.00,83.00
CZ15/Hsp&0&cDXHP&New&dxHP_equip/NE-dxHP-PkgHP-135to239-New-EER-10.8/instance-out.sql,0.00,83.00
CZ15/Hsp&0&cDXHP&New&dxHP_equip/NE-dxHP-PkgHP-135to239-New-EER-11.2/instance-out.sql,0.00,83.00
CZ15/Hsp&0&cDXHP&New&dxHP_equip/NE-dxHP-PkgHP-240to759-New-EER-9.3/instance-out.sql,0.00,83.00
CZ15/Hsp&0&cDXHP&New&dxHP_equip/NE-dxHP-PkgHP-240to759-New-EER-9.7/instance-out.sql,0.00,83.00
CZ15/Hsp&0&cDXHP&New&dxHP_equip/NE-dxHP-PkgHP-240to759-New-EER-10.0/instance-out.sql,0.00,83.00
CZ15/MBT&0&cDXHP&New&dxHP_equip/NE-dxHP-PkgHP-65to134-New-EER-11.0/instance-out.sql,0.00,235.00
CZ15/MBT&0&cDXHP&New&dxHP_equip/NE-dxHP-PkgHP-65to134-New-EER-11.5/instance-out.sql,0.00,235.00
CZ15/MBT&0&cDXHP&New&dxHP_equip/NE-dxHP-PkgHP-65to134-New-EER-12.0/instance-out.sql,0.00,235.00
CZ15/MBT&0&cDXHP&New&dxHP_equip/NE-dxHP-PkgHP-135to239-New-EER-10.4/instance-out.sql,0.00,235.00
CZ15/MBT&0&cDXHP&New&dxHP_equip/NE-dxHP-PkgHP-135to239-New-EER-10.8/instance-out.sql,0.00,235.00
CZ15/MBT&0&cDXHP&New&dxHP_equip/NE-dxHP-PkgHP-135to239-New-EER-11.2/instance-out.sql,0.00,235.00
CZ15/MBT&0&cDXHP&New&dxHP_equip/NE-dxHP-PkgHP-240to759-New-EER-9.3/instance-out.sql,0.00,235.00
CZ15/MBT&0&cDXHP&New&dxHP_equip/NE-dxHP-PkgHP-240to759-New-EER-9.7/instance-out.sql,0.00,235.00
CZ15/MBT&0&cDXHP&New&dxHP_equip/NE-dxHP-PkgHP-240to759-New-EER-10.0/instance-out.sql,0.00,235.00
CZ15/MLI&0&cDXHP&New&dxHP_equip/NE-dxHP-PkgHP-65to134-New-EER-11.0/instance-out.sql,0.00,0.00
CZ15/MLI&0&cDXHP&New&dxHP_equip/NE-dxHP-PkgHP-65to134-New-EER-11.5/instance-out.sql,0.00,0.00
CZ15/MLI&0&cDXHP&New&dxHP_equip/NE-dxHP-PkgHP-65to134-New-EER-12.0/instance-out.sql,0.00,0.00
CZ15/MLI&0&cDXHP&New&dxHP_equip/NE-dxHP-PkgHP-135to239-New-EER-10.4/instance-out.sql,0.00,0.00
CZ15/MLI&0&cDXHP&New&dxHP_equip/NE-dxHP-PkgHP-135to239-New-EER-10.8/instance-out.sql,0.00,0.00
CZ15/MLI&0&cDXHP&New&dxHP_equip/NE-dxHP-PkgHP-135to239-New-EER-11.2/instance-out.sql,0.00,0.00
CZ15/MLI&0&cDXHP&New&dxHP_equip/NE-dxHP-PkgHP-240to759-New-EER-9.3/instance-out.sql,0.00,0.00
CZ15/MLI&0&cDXHP&New&dxHP_equip/NE-dxHP-PkgHP-240to759-New-EER-9.7/instance-out.sql,0.00,0.00
CZ15/MLI&0&cDXHP&New&dxHP_equip/NE-dxHP-PkgHP-240to759-New-EER-10.0/instance-out.sql,0.00,0.00
CZ15/Mtl&0&cDXHP&New&dxHP_equip/NE-dxHP-PkgHP-65to134-New-EER-11.0/instance-out.sql,0.00,419.00
CZ15/Mtl&0&cDXHP&New&dxHP_equip/NE-dxHP-PkgHP-65to134-New-EER-11.5/instance-out.sql,0.00,419.00
CZ15/Mtl&0&cDXHP&New&dxHP_equip/NE-dxHP-PkgHP-65to134-New-EER-12.0/instance-out.sql,0.00,419.00
CZ15/Mtl&0&cDXHP&New&dxHP_equip/NE-dxHP-PkgHP-135to239-New-EER-10.4/instance-out.sql,0.00,419.00
CZ15/Mtl&0&cDXHP&New&dxHP_equip/NE-dxHP-PkgHP-135to239-New-EER-10.8/instance-out.sql,0.00,419.00
CZ15/Mtl&0&cDXHP&New&dxHP_equip/NE-dxHP-PkgHP-135to239-New-EER-11.2/instance-out.sql,0.00,419.00
CZ15/Mtl&0&cDXHP&New&dxHP_equip/NE-dxHP-PkgHP-240to759-New-EER-9.3/instance-out.sql,0.00,419.00
CZ15/Mtl&0&cDXHP&New&dxHP_equip/NE-dxHP-PkgHP-240to759-New-EER-9.7/instance-out.sql,0.00,419.00
CZ15/Mtl&0&cDXHP&New&dxHP_equip/NE-dxHP-PkgHP-240to759-New-EER-10.0/instance-out.sql,0.00,419.00
CZ15/Nrs&0&cDXHP&New&dxHP_equip/NE-dxHP-PkgHP-65to134-New-EER-11.0/instance-out.sql,0.00,103.00
CZ15/Nrs&0&cDXHP&New&dxHP_equip/NE-dxHP-PkgHP-65to134-New-EER-11.5/instance-out.sql,0.00,103.00
CZ15/Nrs&0&cDXHP&New&dxHP_equip/NE-dxHP-PkgHP-65to134-New-EER-12.0/instance-out.sql,0.00,103.00
CZ15/Nrs&0&cDXHP&New&dxHP_equip/NE-dxHP-PkgHP-135to239-New-EER-10.4/instance-out.sql,0.00,103.00
CZ15/Nrs&0&cDXHP&New&dxHP_equip/NE-dxHP-PkgHP-135to239-New-EER-10.8/instance-out.sql,0.00,103.00
CZ15/Nrs&0&cDXHP&New&dxHP_equip/NE-dxHP-PkgHP-135to239-New-EER-11.2/instance-out.sql,0.00,103.00
CZ15/Nrs&0&cDXHP&New&dxHP_equip/NE-dxHP-PkgHP-240to759-New-EER-9.3/instance-out.sql,0.00,103.00
CZ15/Nrs&0&cDXHP&New&dxHP_equip/NE-dxHP-PkgHP-240to759-New-EER-9.7/instance-out.sql,0.00,103.00
CZ15/Nrs&0&cDXHP&New&dxHP_equip/NE-dxHP-PkgHP-240to759-New-EER-10.0/instance-out.sql,0.00,103.00
CZ15/OfL&0&cDXHP&New&dxHP_equip/NE-dxHP-PkgHP-65to134-New-EER-11.0/instance-out.sql,0.00,325.00
CZ15/OfL&0&cDXHP&New&dxHP_equip/NE-dxHP-PkgHP-65to134-New-EER-11.5/instance-out.sql,0.00,325.00
CZ15/OfL&0&cDXHP&New&dxHP_equip/NE-dxHP-PkgHP-65to134-New-EER-12.0/instance-out.sql,0.00,325.00
CZ15/OfL&0&cDXHP&New&dxHP_equip/NE-dxHP-PkgHP-135to239-New-EER-10.4/instance-out.sql,0.00,325.00
CZ15/OfL&0&cDXHP&New&dxHP_equip/NE-dxHP-PkgHP-135to239-New-EER-10.8/instance-out.sql,0.00,325.00
CZ15/OfL&0&cDXHP&New&dxHP_equip/NE-dxHP-PkgHP-135to239-New-EER-11.2/instance-out.sql,0.00,325.00
CZ15/OfL&0&cDXHP&New&dxHP_equip/NE-dxHP-PkgHP-240to759-New-EER-9.3/instance-out.sql,0.00,325.00
CZ15/OfL&0&cDXHP&New&dxHP_equip/NE-dxHP-PkgHP-240to759-New-EER-9.7/instance-out.sql,0.00,325.00
CZ15/OfL&0&cDXHP&New&dxHP_equip/NE-dxHP-PkgHP-240to759-New-EER-10.0/instance-out.sql,0.00,325.00
CZ15/OfS&0&cDXHP&New&dxHP_equip/NE-dxHP-PkgHP-65to134-New-EER-11.0/instance-out.sql,0.00,248.00
CZ15/OfS&0&cDXHP&New&dxHP_equip/NE-dxHP-PkgHP-65to134-New-EER-11.5/instance-out.sql,0.00,248.00
CZ15/OfS&0&cDXHP&New&dxHP_equip/NE-dxHP-PkgHP-65to134-New-EER-12.0/instance-out.sql,0.00,248.00
CZ15/OfS&0&cDXHP&New&dxHP_equip/NE-dxHP-PkgHP-135to239-New-EER-10.4/instance-out.sql,0.00,248.00
CZ15/OfS&0&cDXHP&New&dxHP_equip/NE-dxHP-PkgHP-135to239-New-EER-10.8/instance-out.sql,0.00,248.00
CZ15/OfS&0&cDXHP&New&dxHP_equip/NE-dxHP-PkgHP-135to239-New-EER-11.2/instance-out.sql,0.00,248.00
CZ15/OfS&0&cDXHP&New&dxHP_equip/NE-dxHP-PkgHP-240to759-New-EER-9.3/instance-out.sql,0.00,248.00
CZ15/OfS&0&cDXHP&New&dxHP_equip/NE-dxHP-PkgHP-240to759-New-EER-9.7/instance-out.sql,0.00,248.00
CZ15/OfS&0&cDXHP&New&dxHP_equip/NE-dxHP-PkgHP-240to759-New-EER-10.0/instance-out.sql,0.00,248.00
CZ15/RFF&0&cDXHP&New&dxHP_equip/NE-dxHP-PkgHP-65to134-New-EER-11.0/instance-out.sql,0.00,0.00
CZ15/RFF&0&cDXHP&New&dxHP_equip/NE-dxHP-PkgHP-65to134-New-EER-11.5/instance-out.sql,0.00,0.00
CZ15/RFF&0&cDXHP&New&dxHP_equip/NE-dxHP-PkgHP-65to134-New-EER-12.0/instance-out.sql,0.00,0.00
CZ15/RFF&0&cDXHP&New&dxHP_equip/NE-dxHP-PkgHP-135to239-New-EER-10.4/instance-out.sql,0.00,0.00
CZ15/RFF&0&cDXHP&New&dxHP_equip/NE-dxHP-PkgHP-135to239-New-EER-10.8/instance-out.sql,0.00,0.00
CZ15/RFF&0&cDXHP&New&dxHP_equip/NE-dxHP-PkgHP-135to239-New-EER-11.2/instance-out.sql,0.00,0.00
CZ15/RFF&0&cDXHP&New&dxHP_equip/NE-dxHP-PkgHP-240to759-New-EER-9.3/instance-out.sql,0.00,0.00
CZ15/RFF&0&cDXHP&New&dxHP_equip/NE-dxHP-PkgHP-240to759-New-EER-9.7/instance-out.sql,0.00,0.00
CZ15/RFF&0&cDXHP&New&dxHP_equip/NE-dxHP-PkgHP-240to759-New-EER-10.0/instance-out.sql,0.00,0.00
CZ15/RSD&0&cDXHP&New&dxHP_equip/NE-dxHP-PkgHP-65to134-New-EER-11.0/instance-out.sql,0.00,7.00
CZ15/RSD&0&cDXHP&New&dxHP_equip/NE-dxHP-PkgHP-65to134-New-EER-11.5/instance-out.sql,0.00,7.00
CZ15/RSD&0&cDXHP&New&dxHP_equip/NE-dxHP-PkgHP-65to134-New-EER-12.0/instance-out.sql,0.00,7.00
CZ15/RSD&0&cDXHP&New&dxHP_equip/NE-dxHP-PkgHP-135to239-New-EER-10.4/instance-out.sql,0.00,7.00
CZ15/RSD&0&cDXHP&New&dxHP_equip/NE-dxHP-PkgHP-135to239-New-EER-10.8/instance-out.sql,0.00,7.00
CZ15/RSD&0&cDXHP&New&dxHP_equip/NE-dxHP-PkgHP-135to239-New-EER-11.2/instance-out.sql,0.00,7.00
CZ15/RSD&0&cDXHP&New&dxHP_equip/NE-dxHP-PkgHP-240to759-New-EER-9.3/instance-out.sql,0.00,7.00
CZ15/RSD&0&cDXHP&New&dxHP_equip/NE-dxHP-PkgHP-240to759-New-EER-9.7/instance-out.sql,0.00,7.00
CZ15/RSD&0&cDXHP&New&dxHP_equip/NE-dxHP-PkgHP-240to759-New-EER-10.0/instance-out.sql,0.00,7.00
CZ15/Rt3&0&cDXHP&New&dxHP_equip/NE-dxHP-PkgHP-65to134-New-EER-11.0/instance-out.sql,0.00,0.00
CZ15/Rt3&0&cDXHP&New&dxHP_equip/NE-dxHP-PkgHP-65to134-New-EER-11.5/instance-out.sql,0.00,0.00
CZ15/Rt3&0&cDXHP&New&dxHP_equip/NE-dxHP-PkgHP-65to134-New-EER-12.0/instance-out.sql,0.00,0.00
CZ15/Rt3&0&cDXHP&New&dxHP_equip/NE-dxHP-PkgHP-135to239-New-EER-10.4/instance-out.sql,0.00,0.00
CZ15/Rt3&0&cDXHP&New&dxHP_equip/NE-dxHP-PkgHP-135to239-New-EER-10.8/instance-out.sql,0.00,0.00
CZ15/Rt3&0&cDXHP&New&dxHP_equip/NE-dxHP-PkgHP-135to239-New-EER-11.2/instance-out.sql,0.00,0.00
CZ15/Rt3&0&cDXHP&New&dxHP_equip/NE-dxHP-PkgHP-240to759-New-EER-9.3/instance-out.sql,0.00,0.00
CZ15/Rt3&0&cDXHP&New&dxHP_equip/NE-dxHP-PkgHP-240to759-New-EER-9.7/instance-out.sql,0.00,0.00
CZ15/Rt3&0&cDXHP&New&dxHP_equip/NE-dxHP-PkgHP-240to759-New-EER-10.0/instance-out.sql,0.00,0.00
CZ15/RtL&0&cDXHP&New&dxHP_equip/NE-dxHP-PkgHP-65to134-New-EER-11.0/instance-out.sql,0.00,0.00
CZ15/RtL&0&cDXHP&New&dxHP_equip/NE-dxHP-PkgHP-65to134-New-EER-11.5/instance-out.sql,0.00,0.00
CZ15/RtL&0&cDXHP&New&dxHP_equip/NE-dxHP-PkgHP-65to134-New-EER-12.0/instance-out.sql,0.00,0.00
CZ15/RtL&0&cDXHP&New&dxHP_equip/NE-dxHP-PkgHP-135to239-New-EER-10.4/instance-out.sql,0.00,0.00
CZ15/RtL&0&cDXHP&New&dxHP_equip/NE-dxHP-PkgHP-135to239-New-EER-10.8/instance-out.sql,0.00,0.00
CZ15/RtL&0&cDXHP&New&dxHP_equip/NE-dxHP-PkgHP-135to239-New-EER-11.2/instance-out.sql,0.00,0.00
CZ15/RtL&0&cDXHP&New&dxHP_equip/NE-dxHP-PkgHP-240to759-New-EER-9.3/instance-out.sql,0.00,0.00
CZ15/RtL&0&cDXHP&New&dxHP_equip/NE-dxHP-PkgHP-240to759-New-EER-9.7/instance-out.sql,0.00,0.00
CZ15/RtL&0&cDXHP&New&dxHP_equip/NE-dxHP-PkgHP-240to759-New-EER-10.0/instance-out.sql,0.00,0.00
CZ15/RtS&0&cDXHP&New&dxHP_equip/NE-dxHP-PkgHP-65to134-New-EER-11.0/instance-out.sql,0.00,0.00
CZ15/RtS&0&cDXHP&New&dxHP_equip/NE-dxHP-PkgHP-65to134-New-EER-11.5/instance-out.sql,0.00,0.00
CZ15/RtS&0&cDXHP&New&dxHP_equip/NE-dxHP-PkgHP-65to134-New-EER-12.0/instance-out.sql,0.00,0.00
CZ15/RtS&0&cDXHP&New&dxHP_equip/NE-dxHP-PkgHP-135to239-New-EER-10.4/instance-out.sql,0.00,0.00
CZ15/RtS&0&cDXHP&New&dxHP_equip/NE-dxHP-PkgHP-135to239-New-EER-10.8/instance-out.sql,0.00,0.00
CZ15/RtS&0&cDXHP&New&dxHP_equip/NE-dxHP-PkgHP-135to239-New-EER-11.2/instance-out.sql,0.00,0.00
CZ15/RtS&0&cDXHP&New&dxHP_equip/NE-dxHP-PkgHP-240to759-New-EER-9.3/instance-out.sql,0.00,0.00
CZ15/RtS&0&cDXHP&New&dxHP_equip/NE-dxHP-PkgHP-240to759-New-EER-9.7/instance-out.sql,0.00,0.00
CZ15/RtS&0&cDXHP&New&dxHP_equip/NE-dxHP-PkgHP-240to759-New-EER-10.0/instance-out.sql,0.00,0.00
CZ15/SCn&0&cDXHP&New&dxHP_equip/NE-dxHP-PkgHP-65to134-New-EER-11.0/instance-out.sql,0.00,0.00
CZ15/SCn&0&cDXHP&New&dxHP_equip/NE-dxHP-PkgHP-65to134-New-EER-11.5/instance-out.sql,0.00,0.00
CZ15/SCn&0&cDXHP&New&dxHP_equip/NE-dxHP-PkgHP-65to134-New-EER-12.0/instance-out.sql,0.00,0.00
CZ15/SCn&0&cDXHP&New&dxHP_equip/NE-dxHP-PkgHP-135to239-New-EER-10.4/instance-out.sql,0.00,0.00
CZ15/SCn&0&cDXHP&New&dxHP_equip/NE-dxHP-PkgHP-135to239-New-EER-10.8/instance-out.sql,0.00,0.00
CZ15/SCn&0&cDXHP&New&dxHP_equip/NE-dxHP-PkgHP-135to239-New-EER-11.2/instance-out.sql,0.00,0.00
CZ15/SCn&0&cDXHP&New&dxHP_equip/NE-dxHP-PkgHP-240to759-New-EER-9.3/instance-out.sql,0.00,0.00
CZ15/SCn&0&cDXHP&New&dxHP_equip/NE-dxHP-PkgHP-240to759-New-EER-9.7/instance-out.sql,0.00,0.00
CZ15/SCn&0&cDXHP&New&dxHP_equip/NE-dxHP-PkgHP-240to759-New-EER-10.0/instance-out.sql,0.00,0.00
CZ16/Asm&0&cDXHP&New&dxHP_equip/NE-dxHP-PkgHP-65to134-New-EER-11.0/instance-out.sql,7.00,0.00
CZ16/Asm&0&cDXHP&New&dxHP_equip/NE-dxHP-PkgHP-65to134-New-EER-11.5/instance-out.sql,7.00,0.00
CZ16/Asm&0&cDXHP&New&dxHP_equip/NE-dxHP-PkgHP-65to134-New-EER-12.0/instance-out.sql,7.00,0.00
CZ16/Asm&0&cDXHP&New&dxHP_equip/NE-dxHP-PkgHP-135to239-New-EER-10.4/instance-out.sql,7.00,0.00
CZ16/Asm&0&cDXHP&New&dxHP_equip/NE-dxHP-PkgHP-135to239-New-EER-10.8/instance-out.sql,7.00,0.00
CZ16/Asm&0&cDXHP&New&dxHP_equip/NE-dxHP-PkgHP-135to239-New-EER-11.2/instance-out.sql,7.00,0.00
CZ16/Asm&0&cDXHP&New&dxHP_equip/NE-dxHP-PkgHP-240to759-New-EER-9.3/instance-out.sql,7.00,0.00
CZ16/Asm&0&cDXHP&New&dxHP_equip/NE-dxHP-PkgHP-240to759-New-EER-9.7/instance-out.sql,7.00,0.00
CZ16/Asm&0&cDXHP&New&dxHP_equip/NE-dxHP-PkgHP-240to759-New-EER-10.0/instance-out.sql,7.00,0.00
CZ16/ECC&0&cDXHP&New&dxHP_equip/NE-dxHP-PkgHP-65to134-New-EER-11.0/instance-out.sql,0.00,4801.00
CZ16/ECC&0&cDXHP&New&dxHP_equip/NE-dxHP-PkgHP-65to134-New-EER-11.5/instance-out.sql,0.00,4801.00
CZ16/ECC&0&cDXHP&New&dxHP_equip/NE-dxHP-PkgHP-65to134-New-EER-12.0/instance-out.sql,0.00,4801.00
CZ16/ECC&0&cDXHP&New&dxHP_equip/NE-dxHP-PkgHP-135to239-New-EER-10.4/instance-out.sql,0.00,4801.00
CZ16/ECC&0&cDXHP&New&dxHP_equip/NE-dxHP-PkgHP-135to239-New-EER-10.8/instance-out.sql,0.00,4801.00
CZ16/ECC&0&cDXHP&New&dxHP_equip/NE-dxHP-PkgHP-135to239-New-EER-11.2/instance-out.sql,0.00,4801.00
CZ16/ECC&0&cDXHP&New&dxHP_equip/NE-dxHP-PkgHP-240to759-New-EER-9.3/instance-out.sql,0.00,4801.00
CZ16/ECC&0&cDXHP&New&dxHP_equip/NE-dxHP-PkgHP-240to759-New-EER-9.7/instance-out.sql,0.00,4801.00
CZ16/ECC&0&cDXHP&New&dxHP_equip/NE-dxHP-PkgHP-240to759-New-EER-10.0/instance-out.sql,0.00,4801.00
CZ16/EPr&0&cDXHP&New&dxHP_equip/NE-dxHP-PkgHP-65to134-New-EER-11.0/instance-out.sql,12.00,0.00
CZ16/EPr&0&cDXHP&New&dxHP_equip/NE-dxHP-PkgHP-65to134-New-EER-11.5/instance-out.sql,12.00,0.00
CZ16/EPr&0&cDXHP&New&dxHP_equip/NE-dxHP-PkgHP-65to134-New-EER-12.0/instance-out.sql,12.00,0.00
CZ16/EPr&0&cDXHP&New&dxHP_equip/NE-dxHP-PkgHP-135to239-New-EER-10.4/instance-out.sql,12.00,0.00
CZ16/EPr&0&cDXHP&New&dxHP_equip/NE-dxHP-PkgHP-135to239-New-EER-10.8/instance-out.sql,12.00,0.00
CZ16/EPr&0&cDXHP&New&dxHP_equip/NE-dxHP-PkgHP-135to239-New-EER-11.2/instance-out.sql,12.00,0.00
CZ16/EPr&0&cDXHP&New&dxHP_equip/NE-dxHP-PkgHP-240to759-New-EER-9.3/instance-out.sql,12.00,0.00
CZ16/EPr&0&cDXHP&New&dxHP_equip/NE-dxHP-PkgHP-240to759-New-EER-9.7/instance-out.sql,12.00,0.00
CZ16/EPr&0&cDXHP&New&dxHP_equip/NE-dxHP-PkgHP-240to759-New-EER-10.0/instance-out.sql,12.00,0.00
CZ16/ERC&0&cDXHP&New&dxHP_equip/NE-dxHP-PkgHP-65to134-New-EER-11.0/instance-out.sql,3.00,0.00
CZ16/ERC&0&cDXHP&New&dxHP_equip/NE-dxHP-PkgHP-65to134-New-EER-11.5/instance-out.sql,3.00,0.00
CZ16/ERC&0&cDXHP&New&dxHP_equip/NE-dxHP-PkgHP-65to134-New-EER-12.0/instance-out.sql,3.00,0.00
CZ16/ERC&0&cDXHP&New&dxHP_equip/NE-dxHP-PkgHP-135to239-New-EER-10.4/instance-out.sql,3.00,0.00
CZ16/ERC&0&cDXHP&New&dxHP_equip/NE-dxHP-PkgHP-135to239-New-EER-10.8/instance-out.sql,3.00,0.00
CZ16/ERC&0&cDXHP&New&dxHP_equip/NE-dxHP-PkgHP-135to239-New-EER-11.2/instance-out.sql,3.00,0.00
CZ16/ERC&0&cDXHP&New&dxHP_equip/NE-dxHP-PkgHP-240to759-New-EER-9.3/instance-out.sql,3.00,0.00
CZ16/ERC&0&cDXHP&New&dxHP_equip/NE-dxHP-PkgHP-240to759-New-EER-9.7/instance-out.sql,3.00,0.00
CZ16/ERC&0&cDXHP&New&dxHP_equip/NE-dxHP-PkgHP-240to759-New-EER-10.0/instance-out.sql,3.00,0.00
CZ16/ESe&0&cDXHP&New&dxHP_equip/NE-dxHP-PkgHP-65to134-New-EER-11.0/instance-out.sql,3.00,0.00
CZ16/ESe&0&cDXHP&New&dxHP_equip/NE-dxHP-PkgHP-65to134-New-EER-11.5/instance-out.sql,3.00,0.00
CZ16/ESe&0&cDXHP&New&dxHP_equip/NE-dxHP-PkgHP-65to134-New-EER-12.0/instance-out.sql,3.00,0.00
CZ16/ESe&0&cDXHP&New&dxHP_equip/NE-dxHP-PkgHP-135to239-New-EER-10.4/instance-out.sql,3.00,0.00
CZ16/ESe&0&cDXHP&New&dxHP_equip/NE-dxHP-PkgHP-135to239-New-EER-10.8/instance-out.sql,3.00,0.00
CZ16/ESe&0&cDXHP&New&dxHP_equip/NE-dxHP-PkgHP-135to239-New-EER-11.2/instance-out.sql,3.00,0.00
CZ16/ESe&0&cDXHP&New&dxHP_equip/NE-dxHP-PkgHP-240to759-New-EER-9.3/instance-out.sql,3.00,0.00
CZ16/ESe&0&cDXHP&New&dxHP_equip/NE-dxHP-PkgHP-240to759-New-EER-9.7/instance-out.sql,3.00,0.00
CZ16/ESe&0&cDXHP&New&dxHP_equip/NE-dxHP-PkgHP-240to759-New-EER-10.0/instance-out.sql,3.00,0.00
CZ16/EUn&0&cDXHP&New&dxHP_equip/NE-dxHP-PkgHP-65to134-New-EER-11.0/instance-out.sql,6.00,218.00
CZ16/EUn&0&cDXHP&New&dxHP_equip/NE-dxHP-PkgHP-65to134-New-EER-11.5/instance-out.sql,6.00,218.00
CZ16/EUn&0&cDXHP&New&dxHP_equip/NE-dxHP-PkgHP-65to134-New-EER-12.0/instance-out.sql,6.00,218.00
CZ16/EUn&0&cDXHP&New&dxHP_equip/NE-dxHP-PkgHP-135to239-New-EER-10.4/instance-out.sql,6.00,218.00
CZ16/EUn&0&cDXHP&New&dxHP_equip/NE-dxHP-PkgHP-135to239-New-EER-10.8/instance-out.sql,6.00,218.00
CZ16/EUn&0&cDXHP&New&dxHP_equip/NE-dxHP-PkgHP-135to239-New-EER-11.2/instance-out.sql,6.00,218.00
CZ16/EUn&0&cDXHP&New&dxHP_equip/NE-dxHP-PkgHP-240to759-New-EER-9.3/instance-out.sql,6.00,218.00
CZ16/EUn&0&cDXHP&New&dxHP_equip/NE-dxHP-PkgHP-240to759-New-EER-9.7/instance-out.sql,6.00,218.00
CZ16/EUn&0&cDXHP&New&dxHP_equip/NE-dxHP-PkgHP-240to759-New-EER-10.0/instance-out.sql,6.00,218.00
CZ16/Gro&0&cDXHP&New&dxHP_equip/NE-dxHP-PkgHP-65to134-New-EER-11.0/instance-out.sql,29.00,0.00
CZ16/Gro&0&cDXHP&New&dxHP_equip/NE-dxHP-PkgHP-65to134-New-EER-11.5/instance-out.sql,29.00,0.00
CZ16/Gro&0&cDXHP&New&dxHP_equip/NE-dxHP-PkgHP-65to134-New-EER-12.0/instance-out.sql,29.00,0.00
CZ16/Gro&0&cDXHP&New&dxHP_equip/NE-dxHP-PkgHP-135to239-New-EER-10.4/instance-out.sql,29.00,0.00
CZ16/Gro&0&cDXHP&New&dxHP_equip/NE-dxHP-PkgHP-135to239-New-EER-10.8/instance-out.sql,29.00,0.00
CZ16/Gro&0&cDXHP&New&dxHP_equip/NE-dxHP-PkgHP-135to239-New-EER-11.2/instance-out.sql,29.00,0.00
CZ16/Gro&0&cDXHP&New&dxHP_equip/NE-dxHP-PkgHP-240to759-New-EER-9.3/instance-out.sql,29.00,0.00
CZ16/Gro&0&cDXHP&New&dxHP_equip/NE-dxHP-PkgHP-240to759-New-EER-9.7/instance-out.sql,29.00,0.00
CZ16/Gro&0&cDXHP&New&dxHP_equip/NE-dxHP-PkgHP-240to759-New-EER-10.0/instance-out.sql,29.00,0.00
CZ16/Hsp&0&cDXHP&New&dxHP_equip/NE-dxHP-PkgHP-65to134-New-EER-11.0/instance-out.sql,6.00,22.00
CZ16/Hsp&0&cDXHP&New&dxHP_equip/NE-dxHP-PkgHP-65to134-New-EER-11.5/instance-out.sql,6.00,22.00
CZ16/Hsp&0&cDXHP&New&dxHP_equip/NE-dxHP-PkgHP-65to134-New-EER-12.0/instance-out.sql,6.00,22.00
CZ16/Hsp&0&cDXHP&New&dxHP_equip/NE-dxHP-PkgHP-135to239-New-EER-10.4/instance-out.sql,6.00,22.00
CZ16/Hsp&0&cDXHP&New&dxHP_equip/NE-dxHP-PkgHP-135to239-New-EER-10.8/instance-out.sql,6.00,22.00
CZ16/Hsp&0&cDXHP&New&dxHP_equip/NE-dxHP-PkgHP-135to239-New-EER-11.2/instance-out.sql,6.00,22.00
CZ16/Hsp&0&cDXHP&New&dxHP_equip/NE-dxHP-PkgHP-240to759-New-EER-9.3/instance-out.sql,6.00,22.00
CZ16/Hsp&0&cDXHP&New&dxHP_equip/NE-dxHP-PkgHP-240to759-New-EER-9.7/instance-out.sql,6.00,22.00
CZ16/Hsp&0&cDXHP&New&dxHP_equip/NE-dxHP-PkgHP-240to759-New-EER-10.0/instance-out.sql,6.00,22.00
CZ16/MBT&0&cDXHP&New&dxHP_equip/NE-dxHP-PkgHP-65to134-New-EER-11.0/instance-out.sql,33.00,187.00
CZ16/MBT&0&cDXHP&New&dxHP_equip/NE-dxHP-PkgHP-65to134-New-EER-11.5/instance-out.sql,33.00,187.00
CZ16/MBT&0&cDXHP&New&dxHP_equip/NE-dxHP-PkgHP-65to134-New-EER-12.0/instance-out.sql,33.00,187.00
CZ16/MBT&0&cDXHP&New&dxHP_equip/NE-dxHP-PkgHP-135to239-New-EER-10.4/instance-out.sql,33.00,187.00
CZ16/MBT&0&cDXHP&New&dxHP_equip/NE-dxHP-PkgHP-135to239-New-EER-10.8/instance-out.sql,33.00,187.00
CZ16/MBT&0&cDXHP&New&dxHP_equip/NE-dxHP-PkgHP-135to239-New-EER-11.2/instance-out.sql,33.00,187.00
CZ16/MBT&0&cDXHP&New&dxHP_equip/NE-dxHP-PkgHP-240to759-New-EER-9.3/instance-out.sql,33.00,187.00
CZ16/MBT&0&cDXHP&New&dxHP_equip/NE-dxHP-PkgHP-240to759-New-EER-9.7/instance-out.sql,33.00,187.00
CZ16/MBT&0&cDXHP&New&dxHP_equip/NE-dxHP-PkgHP-240to759-New-EER-10.0/instance-out.sql,33.00,187.00
CZ16/MLI&0&cDXHP&New&dxHP_equip/NE-dxHP-PkgHP-65to134-New-EER-11.0/instance-out.sql,8.00,0.00
CZ16/MLI&0&cDXHP&New&dxHP_equip/NE-dxHP-PkgHP-65to134-New-EER-11.5/instance-out.sql,8.00,0.00
CZ16/MLI&0&cDXHP&New&dxHP_equip/NE-dxHP-PkgHP-65to134-New-EER-12.0/instance-out.sql,8.00,0.00
CZ16/MLI&0&cDXHP&New&dxHP_equip/NE-dxHP-PkgHP-135to239-New-EER-10.4/instance-out.sql,8.00,0.00
CZ16/MLI&0&cDXHP&New&dxHP_equip/NE-dxHP-PkgHP-135to239-New-EER-10.8/instance-out.sql,8.00,0.00
CZ16/MLI&0&cDXHP&New&dxHP_equip/NE-dxHP-PkgHP-135to239-New-EER-11.2/instance-out.sql,8.00,0.00
CZ16/MLI&0&cDXHP&New&dxHP_equip/NE-dxHP-PkgHP-240to759-New-EER-9.3/instance-out.sql,8.00,0.00
CZ16/MLI&0&cDXHP&New&dxHP_equip/NE-dxHP-PkgHP-240to759-New-EER-9.7/instance-out.sql,8.00,0.00
CZ16/MLI&0&cDXHP&New&dxHP_equip/NE-dxHP-PkgHP-240to759-New-EER-10.0/instance-out.sql,8.00,0.00
CZ16/Mtl&0&cDXHP&New&dxHP_equip/NE-dxHP-PkgHP-65to134-New-EER-11.0/instance-out.sql,37.00,221.00
CZ16/Mtl&0&cDXHP&New&dxHP_equip/NE-dxHP-PkgHP-65to134-New-EER-11.5/instance-out.sql,37.00,221.00
CZ16/Mtl&0&cDXHP&New&dxHP_equip/NE-dxHP-PkgHP-65to134-New-EER-12.0/instance-out.sql,37.00,221.00
CZ16/Mtl&0&cDXHP&New&dxHP_equip/NE-dxHP-PkgHP-135to239-New-EER-10.4/instance-out.sql,37.00,221.00
CZ16/Mtl&0&cDXHP&New&dxHP_equip/NE-dxHP-PkgHP-135to239-New-EER-10.8/instance-out.sql,37.00,221.00
CZ16/Mtl&0&cDXHP&New&dxHP_equip/NE-dxHP-PkgHP-135to239-New-EER-11.2/instance-out.sql,37.00,221.00
CZ16/Mtl&0&cDXHP&New&dxHP_equip/NE-dxHP-PkgHP-240to759-New-EER-9.3/instance-out.sql,37.00,221.00
CZ16/Mtl&0&cDXHP&New&dxHP_equip/NE-dxHP-PkgHP-240to759-New-EER-9.7/instance-out.sql,37.00,221.00
CZ16/Mtl&0&cDXHP&New&dxHP_equip/NE-dxHP-PkgHP-240to759-New-EER-10.0/instance-out.sql,37.00,221.00
CZ16/Nrs&0&cDXHP&New&dxHP_equip/NE-dxHP-PkgHP-65to134-New-EER-11.0/instance-out.sql,16.00,0.00
CZ16/Nrs&0&cDXHP&New&dxHP_equip/NE-dxHP-PkgHP-65to134-New-EER-11.5/instance-out.sql,16.00,0.00
CZ16/Nrs&0&cDXHP&New&dxHP_equip/NE-dxHP-PkgHP-65to134-New-EER-12.0/instance-out.sql,16.00,0.00
CZ16/Nrs&0&cDXHP&New&dxHP_equip/NE-dxHP-PkgHP-135to239-New-EER-10.4/instance-out.sql,16.00,0.00
CZ16/Nrs&0&cDXHP&New&dxHP_equip/NE-dxHP-PkgHP-135to239-New-EER-10.8/instance-out.sql,16.00,0.00
CZ16/Nrs&0&cDXHP&New&dxHP_equip/NE-dxHP-PkgHP-135to239-New-EER-11.2/instance-out.sql,16.00,0.00
CZ16/Nrs&0&cDXHP&New&dxHP_equip/NE-dxHP-PkgHP-240to759-New-EER-9.3/instance-out.sql,16.00,0.00
CZ16/Nrs&0&cDXHP&New&dxHP_equip/NE-dxHP-PkgHP-240to759-New-EER-9.7/instance-out.sql,16.00,0.00
CZ16/Nrs&0&cDXHP&New&dxHP_equip/NE-dxHP-PkgHP-240to759-New-EER-10.0/instance-out.sql,16.00,0.00
CZ16/OfL&0&cDXHP&New&dxHP_equip/NE-dxHP-PkgHP-65to134-New-EER-11.0/instance-out.sql,21.00,201.00
CZ16/OfL&0&cDXHP&New&dxHP_equip/NE-dxHP-PkgHP-65to134-New-EER-11.5/instance-out.sql,21.00,201.00
CZ16/OfL&0&cDXHP&New&dxHP_equip/NE-dxHP-PkgHP-65to134-New-EER-12.0/instance-out.sql,21.00,201.00
CZ16/OfL&0&cDXHP&New&dxHP_equip/NE-dxHP-PkgHP-135to239-New-EER-10.4/instance-out.sql,21.00,201.00
CZ16/OfL&0&cDXHP&New&dxHP_equip/NE-dxHP-PkgHP-135to239-New-EER-10.8/instance-out.sql,21.00,201.00
CZ16/OfL&0&cDXHP&New&dxHP_equip/NE-dxHP-PkgHP-135to239-New-EER-11.2/instance-out.sql,21.00,201.00
CZ16/OfL&0&cDXHP&New&dxHP_equip/NE-dxHP-PkgHP-240to759-New-EER-9.3/instance-out.sql,21.00,201.00
CZ16/OfL&0&cDXHP&New&dxHP_equip/NE-dxHP-PkgHP-240to759-New-EER-9.7/instance-out.sql,21.00,201.00
CZ16/OfL&0&cDXHP&New&dxHP_equip/NE-dxHP-PkgHP-240to759-New-EER-10.0/instance-out.sql,21.00,201.00
CZ16/OfS&0&cDXHP&New&dxHP_equip/NE-dxHP-PkgHP-65to134-New-EER-11.0/instance-out.sql,15.00,137.00
CZ16/OfS&0&cDXHP&New&dxHP_equip/NE-dxHP-PkgHP-65to134-New-EER-11.5/instance-out.sql,15.00,137.00
CZ16/OfS&0&cDXHP&New&dxHP_equip/NE-dxHP-PkgHP-65to134-New-EER-12.0/instance-out.sql,15.00,137.00
CZ16/OfS&0&cDXHP&New&dxHP_equip/NE-dxHP-PkgHP-135to239-New-EER-10.4/instance-out.sql,15.00,137.00
CZ16/OfS&0&cDXHP&New&dxHP_equip/NE-dxHP-PkgHP-135to239-New-EER-10.8/instance-out.sql,15.00,137.00
CZ16/OfS&0&cDXHP&New&dxHP_equip/NE-dxHP-PkgHP-135to239-New-EER-11.2/instance-out.sql,15.00,137.00
CZ16/OfS&0&cDXHP&New&dxHP_equip/NE-dxHP-PkgHP-240to759-New-EER-9.3/instance-out.sql,15.00,137.00
CZ16/OfS&0&cDXHP&New&dxHP_equip/NE-dxHP-PkgHP-240to759-New-EER-9.7/instance-out.sql,15.00,137.00
CZ16/OfS&0&cDXHP&New&dxHP_equip/NE-dxHP-PkgHP-240to759-New-EER-10.0/instance-out.sql,15.00,137.00
CZ16/RFF&0&cDXHP&New&dxHP_equip/NE-dxHP-PkgHP-65to134-New-EER-11.0/instance-out.sql,1.00,0.00
CZ16/RFF&0&cDXHP&New&dxHP_equip/NE-dxHP-PkgHP-65to134-New-EER-11.5/instance-out.sql,1.00,0.00
CZ16/RFF&0&cDXHP&New&dxHP_equip/NE-dxHP-PkgHP-65to134-New-EER-12.0/instance-out.sql,1.00,0.00
CZ16/RFF&0&cDXHP&New&dxHP_equip/NE-dxHP-PkgHP-135to239-New-EER-10.4/instance-out.sql,1.00,0.00
CZ16/RFF&0&cDXHP&New&dxHP_equip/NE-dxHP-PkgHP-135to239-New-EER-10.8/instance-out.sql,1.00,0.00
CZ16/RFF&0&cDXHP&New&dxHP_equip/NE-dxHP-PkgHP-135to239-New-EER-11.2/instance-out.sql,1.00,0.00
CZ16/RFF&0&cDXHP&New&dxHP_equip/NE-dxHP-PkgHP-240to759-New-EER-9.3/instance-out.sql,1.00,0.00
CZ16/RFF&0&cDXHP&New&dxHP_equip/NE-dxHP-PkgHP-240to759-New-EER-9.7/instance-out.sql,1.00,0.00
CZ16/RFF&0&cDXHP&New&dxHP_equip/NE-dxHP-PkgHP-240to759-New-EER-10.0/instance-out.sql,1.00,0.00
CZ16/RSD&0&cDXHP&New&dxHP_equip/NE-dxHP-PkgHP-65to134-New-EER-11.0/instance-out.sql,6.00,49.00
CZ16/RSD&0&cDXHP&New&dxHP_equip/NE-dxHP-PkgHP-65to134-New-EER-11.5/instance-out.sql,6.00,49.00
CZ16/RSD&0&cDXHP&New&dxHP_equip/NE-dxHP-PkgHP-65to134-New-EER-12.0/instance-out.sql,6.00,49.00
CZ16/RSD&0&cDXHP&New&dxHP_equip/NE-dxHP-PkgHP-135to239-New-EER-10.4/instance-out.sql,6.00,49.00
CZ16/RSD&0&cDXHP&New&dxHP_equip/NE-dxHP-PkgHP-135to239-New-EER-10.8/instance-out.sql,6.00,49.00
CZ16/RSD&0&cDXHP&New&dxHP_equip/NE-dxHP-PkgHP-135to239-New-EER-11.2/instance-out.sql,6.00,49.00
CZ16/RSD&0&cDXHP&New&dxHP_equip/NE-dxHP-PkgHP-240to759-New-EER-9.3/instance-out.sql,6.00,49.00
CZ16/RSD&0&cDXHP&New&dxHP_equip/NE-dxHP-PkgHP-240to759-New-EER-9.7/instance-out.sql,6.00,49.00
CZ16/RSD&0&cDXHP&New&dxHP_equip/NE-dxHP-PkgHP-240to759-New-EER-10.0/instance-out.sql,6.00,49.00
CZ16/Rt3&0&cDXHP&New&dxHP_equip/NE-dxHP-PkgHP-65to134-New-EER-11.0/instance-out.sql,2.00,0.00
CZ16/Rt3&0&cDXHP&New&dxHP_equip/NE-dxHP-PkgHP-65to134-New-EER-11.5/instance-out.sql,2.00,0.00
CZ16/Rt3&0&cDXHP&New&dxHP_equip/NE-dxHP-PkgHP-65to134-New-EER-12.0/instance-out.sql,2.00,0.00
CZ16/Rt3&0&cDXHP&New&dxHP_equip/NE-dxHP-PkgHP-135to239-New-EER-10.4/instance-out.sql,2.00,0.00
CZ16/Rt3&0&cDXHP&New&dxHP_equip/NE-dxHP-PkgHP-135to239-New-EER-10.8/instance-out.sql,2.00,0.00
CZ16/Rt3&0&cDXHP&New&dxHP_equip/NE-dxHP-PkgHP-135to239-New-EER-11.2/instance-out.sql,2.00,0.00
CZ16/Rt3&0&cDXHP&New&dxHP_equip/NE-dxHP-PkgHP-240to759-New-EER-9.3/instance-out.sql,2.00,0.00
CZ16/Rt3&0&cDXHP&New&dxHP_equip/NE-dxHP-PkgHP-240to759-New-EER-9.7/instance-out.sql,2.00,0.00
CZ16/Rt3&0&cDXHP&New&dxHP_equip/NE-dxHP-PkgHP-240to759-New-EER-10.0/instance-out.sql,2.00,0.00
CZ16/RtL&0&cDXHP&New&dxHP_equip/NE-dxHP-PkgHP-65to134-New-EER-11.0/instance-out.sql,3.00,0.00
CZ16/RtL&0&cDXHP&New&dxHP_equip/NE-dxHP-PkgHP-65to134-New-EER-11.5/instance-out.sql,3.00,0.00
CZ16/RtL&0&cDXHP&New&dxHP_equip/NE-dxHP-PkgHP-65to134-New-EER-12.0/instance-out.sql,3.00,0.00
CZ16/RtL&0&cDXHP&New&dxHP_equip/NE-dxHP-PkgHP-135to239-New-EER-10.4/instance-out.sql,3.00,0.00
CZ16/RtL&0&cDXHP&New&dxHP_equip/NE-dxHP-PkgHP-135to239-New-EER-10.8/instance-out.sql,3.00,0.00
CZ16/RtL&0&cDXHP&New&dxHP_equip/NE-dxHP-PkgHP-135to239-New-EER-11.2/instance-out.sql,3.00,0.00
CZ16/RtL&0&cDXHP&New&dxHP_equip/NE-dxHP-PkgHP-240to759-New-EER-9.3/instance-out.sql,3.00,0.00
CZ16/RtL&0&cDXHP&New&dxHP_equip/NE-dxHP-PkgHP-240to759-New-EER-9.7/instance-out.sql,3.00,0.00
CZ16/RtL&0&cDXHP&New&dxHP_equip/NE-dxHP-PkgHP-240to759-New-EER-10.0/instance-out.sql,3.00,0.00
CZ16/RtS&0&cDXHP&New&dxHP_equip/NE-dxHP-PkgHP-65to134-New-EER-11.0/instance-out.sql,3.00,0.00
CZ16/RtS&0&cDXHP&New&dxHP_equip/NE-dxHP-PkgHP-65to134-New-EER-11.5/instance-out.sql,3.00,0.00
CZ16/RtS&0&cDXHP&New&dxHP_equip/NE-dxHP-PkgHP-65to134-New-EER-12.0/instance-out.sql,3.00,0.00
CZ16/RtS&0&cDXHP&New&dxHP_equip/NE-dxHP-PkgHP-135to239-New-EER-10.4/instance-out.sql,3.00,0.00
CZ16/RtS&0&cDXHP&New&dxHP_equip/NE-dxHP-PkgHP-135to239-New-EER-10.8/instance-out.sql,3.00,0.00
CZ16/RtS&0&cDXHP&New&dxHP_equip/NE-dxHP-PkgHP-135to239-New-EER-11.2/instance-out.sql,3.00,0.00
CZ16/RtS&0&cDXHP&New&dxHP_equip/NE-dxHP-PkgHP-240to759-New-EER-9.3/instance-out.sql,3.00,0.00
CZ16/RtS&0&cDXHP&New&dxHP_equip/NE-dxHP-PkgHP-240to759-New-EER-9.7/instance-out.sql,3.00,0.00
CZ16/RtS&0&cDXHP&New&dxHP_equip/NE-dxHP-PkgHP-240to759-New-EER-10.0/instance-out.sql,3.00,0.00
CZ16/SCn&0&cDXHP&New&dxHP_equip/NE-dxHP-PkgHP-65to134-New-EER-11.0/instance-out.sql,4.00,0.00
CZ16/SCn&0&cDXHP&New&dxHP_equip/NE-dxHP-PkgHP-65to134-New-EER-11.5/instance-out.sql,4.00,0.00
CZ16/SCn&0&cDXHP&New&dxHP_equip/NE-dxHP-PkgHP-65to134-New-EER-12.0/instance-out.sql,4.00,0.00
CZ16/SCn&0&cDXHP&New&dxHP_equip/NE-dxHP-PkgHP-135to239-New-EER-10.4/instance-out.sql,4.00,0.00
CZ16/SCn&0&cDXHP&New&dxHP_equip/NE-dxHP-PkgHP-135to239-New-EER-10.8/instance-out.sql,4.00,0.00
CZ16/SCn&0&cDXHP&New&dxHP_equip/NE-dxHP-PkgHP-135to239-New-EER-11.2/instance-out.sql,4.00,0.00
CZ16/SCn&0&cDXHP&New&dxHP_equip/NE-dxHP-PkgHP-240to759-New-EER-9.3/instance-out.sql,4.00,0.00
CZ16/SCn&0&cDXHP&New&dxHP_equip/NE-dxHP-PkgHP-240to759-New-EER-9.7/instance-out.sql,4.00,0.00
CZ16/SCn&0&cDXHP&New&dxHP_equip/NE-dxHP-PkgHP-240to759-New-EER-10.0/instance-out.sql,4.00,0.00

