File Name,Net Site EUI (kWh/m2),Net Site Energy (kWh),Net Source EUI (kWh/m2),Net Source Energy (kWh)
CZ13/Asm&0&cDXGF&Ex&dxAC_equip/NE-dxAC-PkgAC-65to134-Ex-EER-11.0/instance-out.sql,148.92,940853.71,429.46,2713339.76
CZ13/Asm&0&cDXGF&Ex&dxAC_equip/NE-dxAC-PkgAC-65to134-Ex-EER-11.5/instance-out.sql,147.45,931585.52,424.56,2682384.00
CZ13/Asm&0&cDXGF&Ex&dxAC_equip/NE-dxAC-PkgAC-65to134-Ex-EER-12.0/instance-out.sql,146.10,923078.48,420.06,2653970.51
CZ13/Asm&0&cDXGF&Ex&dxAC_equip/NE-dxAC-PkgAC-65to134-Ex-EER-12.5/instance-out.sql,144.86,915242.54,415.92,2627798.45
CZ13/Asm&0&cDXGF&Ex&dxAC_equip/NE-dxAC-PkgAC-65to134-Ex-EER-13.0/instance-out.sql,143.65,907592.40,411.88,2602247.00
CZ13/Asm&0&cDXGF&Ex&dxAC_equip/NE-dxAC-PkgAC-135to239-Ex-EER-10.8/instance-out.sql,148.83,940285.62,429.16,2711442.36
CZ13/Asm&0&cDXGF&Ex&dxAC_equip/NE-dxAC-PkgAC-135to239-Ex-EER-11.5/instance-out.sql,146.72,926993.05,422.13,2667045.16
CZ13/Asm&0&cDXGF&Ex&dxAC_equip/NE-dxAC-PkgAC-135to239-Ex-EER-12.0/instance-out.sql,145.43,918851.58,417.83,2639852.66
CZ13/Asm&0&cDXGF&Ex&dxAC_equip/NE-dxAC-PkgAC-135to239-Ex-EER-12.5/instance-out.sql,144.18,910915.36,413.63,2613345.69
CZ13/Asm&0&cDXGF&Ex&dxAC_equip/NE-dxAC-PkgAC-240to759-Ex-EER-9.8/instance-out.sql,149.84,946703.42,432.55,2732877.81
CZ13/Asm&0&cDXGF&Ex&dxAC_equip/NE-dxAC-PkgAC-240to759-Ex-EER-10.8/instance-out.sql,146.64,926495.31,421.87,2665382.72
CZ13/Asm&0&cDXGF&Ex&dxAC_equip/NE-dxAC-PkgAC-240to759-Ex-EER-11.5/instance-out.sql,144.65,913923.45,415.22,2623392.69
CZ13/Asm&0&cDXGF&Ex&dxAC_equip/NE-dxAC-PkgAC-240to759-Ex-EER-12.5/instance-out.sql,142.24,898666.35,407.16,2572433.97
CZ13/Asm&0&cDXGF&Ex&dxAC_equip/NE-dxAC-PkgAC-gt760-Ex-EER-9.5/instance-out.sql,149.10,941998.89,430.07,2717164.67
CZ13/Asm&0&cDXGF&Ex&dxAC_equip/NE-dxAC-PkgAC-gt760-Ex-EER-10.2/instance-out.sql,146.72,926993.05,422.13,2667045.16
CZ13/Asm&0&cDXGF&Ex&dxAC_equip/NE-dxAC-PkgAC-gt760-Ex-EER-11.0/instance-out.sql,144.45,912622.47,414.54,2619047.42
CZ13/Asm&0&cDXGF&Ex&dxAC_equip/NE-dxAC-PkgAC-gt760-Ex-EER-12.0/instance-out.sql,141.95,896839.80,406.19,2566333.32
CZ13/ECC&0&cDXGF&Ex&dxAC_equip/NE-dxAC-PkgAC-65to134-Ex-EER-11.0/instance-out.sql,112.51,2970510.00,330.11,8715695.76
CZ13/ECC&0&cDXGF&Ex&dxAC_equip/NE-dxAC-PkgAC-65to134-Ex-EER-11.5/instance-out.sql,111.86,2953304.10,327.93,8658228.06
CZ13/ECC&0&cDXGF&Ex&dxAC_equip/NE-dxAC-PkgAC-65to134-Ex-EER-12.0/instance-out.sql,111.26,2937511.25,325.94,8605479.93
CZ13/ECC&0&cDXGF&Ex&dxAC_equip/NE-dxAC-PkgAC-65to134-Ex-EER-12.5/instance-out.sql,110.71,2922964.24,324.10,8556892.91
CZ13/ECC&0&cDXGF&Ex&dxAC_equip/NE-dxAC-PkgAC-65to134-Ex-EER-13.0/instance-out.sql,110.17,2908762.17,322.30,8509458.02
CZ13/ECC&0&cDXGF&Ex&dxAC_equip/NE-dxAC-PkgAC-135to239-Ex-EER-10.8/instance-out.sql,112.47,2969455.39,329.98,8712173.35
CZ13/ECC&0&cDXGF&Ex&dxAC_equip/NE-dxAC-PkgAC-135to239-Ex-EER-11.5/instance-out.sql,111.53,2944778.43,326.86,8629752.33
CZ13/ECC&0&cDXGF&Ex&dxAC_equip/NE-dxAC-PkgAC-135to239-Ex-EER-12.0/instance-out.sql,110.96,2929664.24,324.94,8579270.91
CZ13/ECC&0&cDXGF&Ex&dxAC_equip/NE-dxAC-PkgAC-135to239-Ex-EER-12.5/instance-out.sql,110.40,2914931.07,323.08,8530062.14
CZ13/ECC&0&cDXGF&Ex&dxAC_equip/NE-dxAC-PkgAC-240to759-Ex-EER-9.8/instance-out.sql,112.92,2981369.68,331.48,8751967.11
CZ13/ECC&0&cDXGF&Ex&dxAC_equip/NE-dxAC-PkgAC-240to759-Ex-EER-10.8/instance-out.sql,111.50,2943854.41,326.74,8626666.09
CZ13/ECC&0&cDXGF&Ex&dxAC_equip/NE-dxAC-PkgAC-240to759-Ex-EER-11.5/instance-out.sql,110.62,2920515.42,323.79,8548713.85
CZ13/ECC&0&cDXGF&Ex&dxAC_equip/NE-dxAC-PkgAC-240to759-Ex-EER-12.5/instance-out.sql,109.54,2892191.43,320.20,8454111.73
CZ13/ECC&0&cDXGF&Ex&dxAC_equip/NE-dxAC-PkgAC-gt760-Ex-EER-9.5/instance-out.sql,112.59,2972635.97,330.38,8722796.50
CZ13/ECC&0&cDXGF&Ex&dxAC_equip/NE-dxAC-PkgAC-gt760-Ex-EER-10.2/instance-out.sql,111.53,2944778.43,326.86,8629752.33
CZ13/ECC&0&cDXGF&Ex&dxAC_equip/NE-dxAC-PkgAC-gt760-Ex-EER-11.0/instance-out.sql,110.52,2918100.22,323.48,8540647.09
CZ13/ECC&0&cDXGF&Ex&dxAC_equip/NE-dxAC-PkgAC-gt760-Ex-EER-12.0/instance-out.sql,109.41,2888800.55,319.77,8442786.20
CZ13/EPr&0&cDXGF&Ex&dxAC_equip/NE-dxAC-PkgAC-65to134-Ex-EER-11.0/instance-out.sql,123.31,466765.04,327.06,1238059.77
CZ13/EPr&0&cDXGF&Ex&dxAC_equip/NE-dxAC-PkgAC-65to134-Ex-EER-11.5/instance-out.sql,122.54,463846.85,324.49,1228312.99
CZ13/EPr&0&cDXGF&Ex&dxAC_equip/NE-dxAC-PkgAC-65to134-Ex-EER-12.0/instance-out.sql,121.83,461168.31,322.13,1219366.67
CZ13/EPr&0&cDXGF&Ex&dxAC_equip/NE-dxAC-PkgAC-65to134-Ex-EER-12.5/instance-out.sql,121.18,458701.07,319.95,1211126.10
CZ13/EPr&0&cDXGF&Ex&dxAC_equip/NE-dxAC-PkgAC-65to134-Ex-EER-13.0/instance-out.sql,120.54,456292.34,317.82,1203080.93
CZ13/EPr&0&cDXGF&Ex&dxAC_equip/NE-dxAC-PkgAC-135to239-Ex-EER-10.8/instance-out.sql,123.26,466586.18,326.91,1237462.35
CZ13/EPr&0&cDXGF&Ex&dxAC_equip/NE-dxAC-PkgAC-135to239-Ex-EER-11.5/instance-out.sql,122.15,462400.86,323.21,1223483.38
CZ13/EPr&0&cDXGF&Ex&dxAC_equip/NE-dxAC-PkgAC-135to239-Ex-EER-12.0/instance-out.sql,121.48,459837.42,320.95,1214921.51
CZ13/EPr&0&cDXGF&Ex&dxAC_equip/NE-dxAC-PkgAC-135to239-Ex-EER-12.5/instance-out.sql,120.82,457338.61,318.75,1206575.48
CZ13/EPr&0&cDXGF&Ex&dxAC_equip/NE-dxAC-PkgAC-240to759-Ex-EER-9.8/instance-out.sql,123.79,468606.90,328.69,1244211.55
CZ13/EPr&0&cDXGF&Ex&dxAC_equip/NE-dxAC-PkgAC-240to759-Ex-EER-10.8/instance-out.sql,122.11,462244.14,323.07,1222959.94
CZ13/EPr&0&cDXGF&Ex&dxAC_equip/NE-dxAC-PkgAC-240to759-Ex-EER-11.5/instance-out.sql,121.07,458285.74,319.58,1209738.89
CZ13/EPr&0&cDXGF&Ex&dxAC_equip/NE-dxAC-PkgAC-240to759-Ex-EER-12.5/instance-out.sql,119.80,453481.87,315.34,1193693.95
CZ13/EPr&0&cDXGF&Ex&dxAC_equip/NE-dxAC-PkgAC-gt760-Ex-EER-9.5/instance-out.sql,123.40,467125.62,327.38,1239264.08
CZ13/EPr&0&cDXGF&Ex&dxAC_equip/NE-dxAC-PkgAC-gt760-Ex-EER-10.2/instance-out.sql,122.15,462400.86,323.21,1223483.38
CZ13/EPr&0&cDXGF&Ex&dxAC_equip/NE-dxAC-PkgAC-gt760-Ex-EER-11.0/instance-out.sql,120.96,457876.11,319.22,1208370.73
CZ13/EPr&0&cDXGF&Ex&dxAC_equip/NE-dxAC-PkgAC-gt760-Ex-EER-12.0/instance-out.sql,119.65,452906.76,314.84,1191773.09
CZ13/ERC&0&cDXGF&Ex&dxAC_equip/NE-dxAC-PkgAC-65to134-Ex-EER-11.0/instance-out.sql,85.39,22874.90,197.90,53016.29
CZ13/ERC&0&cDXGF&Ex&dxAC_equip/NE-dxAC-PkgAC-65to134-Ex-EER-11.5/instance-out.sql,84.87,22735.17,196.16,52549.61
CZ13/ERC&0&cDXGF&Ex&dxAC_equip/NE-dxAC-PkgAC-65to134-Ex-EER-12.0/instance-out.sql,84.39,22606.92,194.56,52121.25
CZ13/ERC&0&cDXGF&Ex&dxAC_equip/NE-dxAC-PkgAC-65to134-Ex-EER-12.5/instance-out.sql,83.95,22488.79,193.09,51726.69
CZ13/ERC&0&cDXGF&Ex&dxAC_equip/NE-dxAC-PkgAC-65to134-Ex-EER-13.0/instance-out.sql,83.52,22373.46,191.65,51341.48
CZ13/ERC&0&cDXGF&Ex&dxAC_equip/NE-dxAC-PkgAC-135to239-Ex-EER-10.8/instance-out.sql,85.36,22866.34,197.79,52987.69
CZ13/ERC&0&cDXGF&Ex&dxAC_equip/NE-dxAC-PkgAC-135to239-Ex-EER-11.5/instance-out.sql,84.61,22665.94,195.29,52318.36
CZ13/ERC&0&cDXGF&Ex&dxAC_equip/NE-dxAC-PkgAC-135to239-Ex-EER-12.0/instance-out.sql,84.15,22543.20,193.76,51908.42
CZ13/ERC&0&cDXGF&Ex&dxAC_equip/NE-dxAC-PkgAC-135to239-Ex-EER-12.5/instance-out.sql,83.70,22423.56,192.27,51508.80
CZ13/ERC&0&cDXGF&Ex&dxAC_equip/NE-dxAC-PkgAC-240to759-Ex-EER-9.8/instance-out.sql,85.72,22963.09,199.00,53310.85
CZ13/ERC&0&cDXGF&Ex&dxAC_equip/NE-dxAC-PkgAC-240to759-Ex-EER-10.8/instance-out.sql,84.58,22658.44,195.20,52293.30
CZ13/ERC&0&cDXGF&Ex&dxAC_equip/NE-dxAC-PkgAC-240to759-Ex-EER-11.5/instance-out.sql,83.87,22468.90,192.84,51660.27
CZ13/ERC&0&cDXGF&Ex&dxAC_equip/NE-dxAC-PkgAC-240to759-Ex-EER-12.5/instance-out.sql,83.01,22238.89,189.97,50892.02
CZ13/ERC&0&cDXGF&Ex&dxAC_equip/NE-dxAC-PkgAC-gt760-Ex-EER-9.5/instance-out.sql,85.45,22892.16,198.12,53073.96
CZ13/ERC&0&cDXGF&Ex&dxAC_equip/NE-dxAC-PkgAC-gt760-Ex-EER-10.2/instance-out.sql,84.61,22665.94,195.29,52318.36
CZ13/ERC&0&cDXGF&Ex&dxAC_equip/NE-dxAC-PkgAC-gt760-Ex-EER-11.0/instance-out.sql,83.80,22449.29,192.59,51594.76
CZ13/ERC&0&cDXGF&Ex&dxAC_equip/NE-dxAC-PkgAC-gt760-Ex-EER-12.0/instance-out.sql,82.91,22211.35,189.63,50800.05
CZ13/ESe&0&cDXGF&Ex&dxAC_equip/NE-dxAC-PkgAC-65to134-Ex-EER-11.0/instance-out.sql,193.35,1336485.75,518.79,3585989.81
CZ13/ESe&0&cDXGF&Ex&dxAC_equip/NE-dxAC-PkgAC-65to134-Ex-EER-11.5/instance-out.sql,192.90,1333364.91,517.28,3575566.18
CZ13/ESe&0&cDXGF&Ex&dxAC_equip/NE-dxAC-PkgAC-65to134-Ex-EER-12.0/instance-out.sql,192.49,1330500.36,515.90,3565998.59
CZ13/ESe&0&cDXGF&Ex&dxAC_equip/NE-dxAC-PkgAC-65to134-Ex-EER-12.5/instance-out.sql,192.10,1327861.79,514.62,3557185.76
CZ13/ESe&0&cDXGF&Ex&dxAC_equip/NE-dxAC-PkgAC-65to134-Ex-EER-13.0/instance-out.sql,191.73,1325285.78,513.38,3548581.90
CZ13/ESe&0&cDXGF&Ex&dxAC_equip/NE-dxAC-PkgAC-135to239-Ex-EER-10.8/instance-out.sql,193.32,1336294.46,518.70,3585350.90
CZ13/ESe&0&cDXGF&Ex&dxAC_equip/NE-dxAC-PkgAC-135to239-Ex-EER-11.5/instance-out.sql,192.68,1331818.50,516.54,3570401.18
CZ13/ESe&0&cDXGF&Ex&dxAC_equip/NE-dxAC-PkgAC-135to239-Ex-EER-12.0/instance-out.sql,192.28,1329077.05,515.21,3561244.74
CZ13/ESe&0&cDXGF&Ex&dxAC_equip/NE-dxAC-PkgAC-135to239-Ex-EER-12.5/instance-out.sql,191.89,1326404.71,513.92,3552319.13
CZ13/ESe&0&cDXGF&Ex&dxAC_equip/NE-dxAC-PkgAC-240to759-Ex-EER-9.8/instance-out.sql,193.64,1338455.51,519.74,3592568.79
CZ13/ESe&0&cDXGF&Ex&dxAC_equip/NE-dxAC-PkgAC-240to759-Ex-EER-10.8/instance-out.sql,192.65,1331650.90,516.45,3569841.39
CZ13/ESe&0&cDXGF&Ex&dxAC_equip/NE-dxAC-PkgAC-240to759-Ex-EER-11.5/instance-out.sql,192.04,1327417.61,514.41,3555702.22
CZ13/ESe&0&cDXGF&Ex&dxAC_equip/NE-dxAC-PkgAC-240to759-Ex-EER-12.5/instance-out.sql,191.30,1322280.14,511.93,3538543.06
CZ13/ESe&0&cDXGF&Ex&dxAC_equip/NE-dxAC-PkgAC-gt760-Ex-EER-9.5/instance-out.sql,193.41,1336871.37,518.98,3587277.76
CZ13/ESe&0&cDXGF&Ex&dxAC_equip/NE-dxAC-PkgAC-gt760-Ex-EER-10.2/instance-out.sql,192.68,1331818.50,516.54,3570401.18
CZ13/ESe&0&cDXGF&Ex&dxAC_equip/NE-dxAC-PkgAC-gt760-Ex-EER-11.0/instance-out.sql,191.98,1326979.54,514.20,3554239.05
CZ13/ESe&0&cDXGF&Ex&dxAC_equip/NE-dxAC-PkgAC-gt760-Ex-EER-12.0/instance-out.sql,191.21,1321665.09,511.63,3536488.81
CZ13/EUn&0&cDXGF&Ex&dxAC_equip/NE-dxAC-PkgAC-65to134-Ex-EER-11.0/instance-out.sql,116.81,9308566.26,362.07,28854046.67
CZ13/EUn&0&cDXGF&Ex&dxAC_equip/NE-dxAC-PkgAC-65to134-Ex-EER-11.5/instance-out.sql,116.24,9262945.77,360.16,28701674.22
CZ13/EUn&0&cDXGF&Ex&dxAC_equip/NE-dxAC-PkgAC-65to134-Ex-EER-12.0/instance-out.sql,115.71,9221071.88,358.41,28561815.46
CZ13/EUn&0&cDXGF&Ex&dxAC_equip/NE-dxAC-PkgAC-65to134-Ex-EER-12.5/instance-out.sql,115.23,9182501.28,356.79,28432989.63
CZ13/EUn&0&cDXGF&Ex&dxAC_equip/NE-dxAC-PkgAC-65to134-Ex-EER-13.0/instance-out.sql,114.75,9144845.29,355.21,28307218.63
CZ13/EUn&0&cDXGF&Ex&dxAC_equip/NE-dxAC-PkgAC-135to239-Ex-EER-10.8/instance-out.sql,116.77,9305770.01,361.96,28844707.18
CZ13/EUn&0&cDXGF&Ex&dxAC_equip/NE-dxAC-PkgAC-135to239-Ex-EER-11.5/instance-out.sql,115.95,9240340.42,359.21,28626172.37
CZ13/EUn&0&cDXGF&Ex&dxAC_equip/NE-dxAC-PkgAC-135to239-Ex-EER-12.0/instance-out.sql,115.45,9200265.96,357.54,28492323.68
CZ13/EUn&0&cDXGF&Ex&dxAC_equip/NE-dxAC-PkgAC-135to239-Ex-EER-12.5/instance-out.sql,114.96,9161201.78,355.90,28361849.32
CZ13/EUn&0&cDXGF&Ex&dxAC_equip/NE-dxAC-PkgAC-240to759-Ex-EER-9.8/instance-out.sql,117.17,9337360.12,363.28,28950218.15
CZ13/EUn&0&cDXGF&Ex&dxAC_equip/NE-dxAC-PkgAC-240to759-Ex-EER-10.8/instance-out.sql,115.92,9237890.43,359.11,28617989.40
CZ13/EUn&0&cDXGF&Ex&dxAC_equip/NE-dxAC-PkgAC-240to759-Ex-EER-11.5/instance-out.sql,115.14,9176008.37,356.52,28411303.31
CZ13/EUn&0&cDXGF&Ex&dxAC_equip/NE-dxAC-PkgAC-240to759-Ex-EER-12.5/instance-out.sql,114.20,9100908.87,353.37,28160470.99
CZ13/EUn&0&cDXGF&Ex&dxAC_equip/NE-dxAC-PkgAC-gt760-Ex-EER-9.5/instance-out.sql,116.88,9314203.15,362.31,28872873.89
CZ13/EUn&0&cDXGF&Ex&dxAC_equip/NE-dxAC-PkgAC-gt760-Ex-EER-10.2/instance-out.sql,115.95,9240340.42,359.21,28626172.37
CZ13/EUn&0&cDXGF&Ex&dxAC_equip/NE-dxAC-PkgAC-gt760-Ex-EER-11.0/instance-out.sql,115.06,9169604.60,356.25,28389914.74
CZ13/EUn&0&cDXGF&Ex&dxAC_equip/NE-dxAC-PkgAC-gt760-Ex-EER-12.0/instance-out.sql,114.09,9091918.14,352.99,28130441.96
CZ13/Gro&0&cDXGF&Ex&dxAC_equip/NE-dxAC-PkgAC-65to134-Ex-EER-11.0/instance-out.sql,448.15,2081602.17,1411.92,6558181.17
CZ13/Gro&0&cDXGF&Ex&dxAC_equip/NE-dxAC-PkgAC-65to134-Ex-EER-11.5/instance-out.sql,447.20,2077182.16,1408.74,6543418.36
CZ13/Gro&0&cDXGF&Ex&dxAC_equip/NE-dxAC-PkgAC-65to134-Ex-EER-12.0/instance-out.sql,446.33,2073125.16,1405.82,6529867.96
CZ13/Gro&0&cDXGF&Ex&dxAC_equip/NE-dxAC-PkgAC-65to134-Ex-EER-12.5/instance-out.sql,445.52,2069388.19,1403.14,6517386.50
CZ13/Gro&0&cDXGF&Ex&dxAC_equip/NE-dxAC-PkgAC-65to134-Ex-EER-13.0/instance-out.sql,444.74,2065739.84,1400.51,6505201.02
CZ13/Gro&0&cDXGF&Ex&dxAC_equip/NE-dxAC-PkgAC-135to239-Ex-EER-10.8/instance-out.sql,448.09,2081331.25,1411.72,6557276.30
CZ13/Gro&0&cDXGF&Ex&dxAC_equip/NE-dxAC-PkgAC-135to239-Ex-EER-11.5/instance-out.sql,446.73,2074992.02,1407.17,6536103.27
CZ13/Gro&0&cDXGF&Ex&dxAC_equip/NE-dxAC-PkgAC-135to239-Ex-EER-12.0/instance-out.sql,445.89,2071109.35,1404.37,6523135.16
CZ13/Gro&0&cDXGF&Ex&dxAC_equip/NE-dxAC-PkgAC-135to239-Ex-EER-12.5/instance-out.sql,445.08,2067324.57,1401.65,6510493.98
CZ13/Gro&0&cDXGF&Ex&dxAC_equip/NE-dxAC-PkgAC-240to759-Ex-EER-9.8/instance-out.sql,448.75,2084391.90,1413.93,6567498.87
CZ13/Gro&0&cDXGF&Ex&dxAC_equip/NE-dxAC-PkgAC-240to759-Ex-EER-10.8/instance-out.sql,446.68,2074754.64,1407.00,6535310.45
CZ13/Gro&0&cDXGF&Ex&dxAC_equip/NE-dxAC-PkgAC-240to759-Ex-EER-11.5/instance-out.sql,445.39,2068759.12,1402.68,6515285.40
CZ13/Gro&0&cDXGF&Ex&dxAC_equip/NE-dxAC-PkgAC-240to759-Ex-EER-12.5/instance-out.sql,443.82,2061483.01,1397.45,6490983.18
CZ13/Gro&0&cDXGF&Ex&dxAC_equip/NE-dxAC-PkgAC-gt760-Ex-EER-9.5/instance-out.sql,448.27,2082148.30,1412.31,6560005.27
CZ13/Gro&0&cDXGF&Ex&dxAC_equip/NE-dxAC-PkgAC-gt760-Ex-EER-10.2/instance-out.sql,446.73,2074992.02,1407.17,6536103.27
CZ13/Gro&0&cDXGF&Ex&dxAC_equip/NE-dxAC-PkgAC-gt760-Ex-EER-11.0/instance-out.sql,445.25,2068138.68,1402.24,6513213.14
CZ13/Gro&0&cDXGF&Ex&dxAC_equip/NE-dxAC-PkgAC-gt760-Ex-EER-12.0/instance-out.sql,443.63,2060611.93,1396.83,6488073.78
CZ13/Hsp&0&cDXGF&Ex&dxAC_equip/NE-dxAC-PkgAC-65to134-Ex-EER-11.0/instance-out.sql,95.08,4364054.20,290.23,13321579.71
CZ13/Hsp&0&cDXGF&Ex&dxAC_equip/NE-dxAC-PkgAC-65to134-Ex-EER-11.5/instance-out.sql,94.92,4356886.05,289.71,13297638.09
CZ13/Hsp&0&cDXGF&Ex&dxAC_equip/NE-dxAC-PkgAC-65to134-Ex-EER-12.0/instance-out.sql,94.78,4350306.59,289.23,13275662.69
CZ13/Hsp&0&cDXGF&Ex&dxAC_equip/NE-dxAC-PkgAC-65to134-Ex-EER-12.5/instance-out.sql,94.65,4344246.16,288.79,13255420.85
CZ13/Hsp&0&cDXGF&Ex&dxAC_equip/NE-dxAC-PkgAC-65to134-Ex-EER-13.0/instance-out.sql,94.52,4338329.44,288.36,13235659.00
CZ13/Hsp&0&cDXGF&Ex&dxAC_equip/NE-dxAC-PkgAC-135to239-Ex-EER-10.8/instance-out.sql,95.07,4363614.84,290.20,13320112.24
CZ13/Hsp&0&cDXGF&Ex&dxAC_equip/NE-dxAC-PkgAC-135to239-Ex-EER-11.5/instance-out.sql,94.85,4353334.17,289.45,13285774.82
CZ13/Hsp&0&cDXGF&Ex&dxAC_equip/NE-dxAC-PkgAC-135to239-Ex-EER-12.0/instance-out.sql,94.71,4347037.45,289.00,13264743.75
CZ13/Hsp&0&cDXGF&Ex&dxAC_equip/NE-dxAC-PkgAC-135to239-Ex-EER-12.5/instance-out.sql,94.57,4340899.46,288.55,13244242.88
CZ13/Hsp&0&cDXGF&Ex&dxAC_equip/NE-dxAC-PkgAC-240to759-Ex-EER-9.8/instance-out.sql,95.18,4368578.46,290.56,13336690.72
CZ13/Hsp&0&cDXGF&Ex&dxAC_equip/NE-dxAC-PkgAC-240to759-Ex-EER-10.8/instance-out.sql,94.84,4352949.22,289.43,13284489.06
CZ13/Hsp&0&cDXGF&Ex&dxAC_equip/NE-dxAC-PkgAC-240to759-Ex-EER-11.5/instance-out.sql,94.63,4343225.96,288.72,13252013.37
CZ13/Hsp&0&cDXGF&Ex&dxAC_equip/NE-dxAC-PkgAC-240to759-Ex-EER-12.5/instance-out.sql,94.37,4331425.90,287.86,13212601.18
CZ13/Hsp&0&cDXGF&Ex&dxAC_equip/NE-dxAC-PkgAC-gt760-Ex-EER-9.5/instance-out.sql,95.10,4364939.90,290.30,13324537.95
CZ13/Hsp&0&cDXGF&Ex&dxAC_equip/NE-dxAC-PkgAC-gt760-Ex-EER-10.2/instance-out.sql,94.85,4353334.17,289.45,13285774.82
CZ13/Hsp&0&cDXGF&Ex&dxAC_equip/NE-dxAC-PkgAC-gt760-Ex-EER-11.0/instance-out.sql,94.60,4342219.76,288.65,13248652.68
CZ13/Hsp&0&cDXGF&Ex&dxAC_equip/NE-dxAC-PkgAC-gt760-Ex-EER-12.0/instance-out.sql,94.34,4330013.23,287.76,13207882.85
CZ13/MBT&0&cDXGF&Ex&dxAC_equip/NE-dxAC-PkgAC-65to134-Ex-EER-11.0/instance-out.sql,181.69,6750864.87,433.82,16119128.06
CZ13/MBT&0&cDXGF&Ex&dxAC_equip/NE-dxAC-PkgAC-65to134-Ex-EER-11.5/instance-out.sql,181.43,6741287.24,432.96,16087138.78
CZ13/MBT&0&cDXGF&Ex&dxAC_equip/NE-dxAC-PkgAC-65to134-Ex-EER-12.0/instance-out.sql,181.19,6732496.18,432.17,16057776.64
CZ13/MBT&0&cDXGF&Ex&dxAC_equip/NE-dxAC-PkgAC-65to134-Ex-EER-12.5/instance-out.sql,180.98,6724398.62,431.44,16030730.78
CZ13/MBT&0&cDXGF&Ex&dxAC_equip/NE-dxAC-PkgAC-65to134-Ex-EER-13.0/instance-out.sql,180.76,6716493.07,430.73,16004326.24
CZ13/MBT&0&cDXGF&Ex&dxAC_equip/NE-dxAC-PkgAC-135to239-Ex-EER-10.8/instance-out.sql,181.67,6750277.82,433.77,16117167.31
CZ13/MBT&0&cDXGF&Ex&dxAC_equip/NE-dxAC-PkgAC-135to239-Ex-EER-11.5/instance-out.sql,181.30,6736541.45,432.53,16071287.82
CZ13/MBT&0&cDXGF&Ex&dxAC_equip/NE-dxAC-PkgAC-135to239-Ex-EER-12.0/instance-out.sql,181.08,6728128.16,431.78,16043187.45
CZ13/MBT&0&cDXGF&Ex&dxAC_equip/NE-dxAC-PkgAC-135to239-Ex-EER-12.5/instance-out.sql,180.86,6719926.97,431.04,16015795.48
CZ13/MBT&0&cDXGF&Ex&dxAC_equip/NE-dxAC-PkgAC-240to759-Ex-EER-9.8/instance-out.sql,181.85,6756909.89,434.36,16139318.43
CZ13/MBT&0&cDXGF&Ex&dxAC_equip/NE-dxAC-PkgAC-240to759-Ex-EER-10.8/instance-out.sql,181.29,6736027.09,432.49,16069569.88
CZ13/MBT&0&cDXGF&Ex&dxAC_equip/NE-dxAC-PkgAC-240to759-Ex-EER-11.5/instance-out.sql,180.94,6723035.49,431.32,16026177.92
CZ13/MBT&0&cDXGF&Ex&dxAC_equip/NE-dxAC-PkgAC-240to759-Ex-EER-12.5/instance-out.sql,180.51,6707269.00,429.90,15973517.85
CZ13/MBT&0&cDXGF&Ex&dxAC_equip/NE-dxAC-PkgAC-gt760-Ex-EER-9.5/instance-out.sql,181.72,6752048.29,433.93,16123080.67
CZ13/MBT&0&cDXGF&Ex&dxAC_equip/NE-dxAC-PkgAC-gt760-Ex-EER-10.2/instance-out.sql,181.30,6736541.45,432.53,16071287.82
CZ13/MBT&0&cDXGF&Ex&dxAC_equip/NE-dxAC-PkgAC-gt760-Ex-EER-11.0/instance-out.sql,180.90,6721691.07,431.20,16021687.58
CZ13/MBT&0&cDXGF&Ex&dxAC_equip/NE-dxAC-PkgAC-gt760-Ex-EER-12.0/instance-out.sql,180.46,6705381.47,429.73,15967213.51
CZ13/MLI&0&cDXGF&Ex&dxAC_equip/NE-dxAC-PkgAC-65to134-Ex-EER-11.0/instance-out.sql,135.86,1262324.59,417.89,3882881.72
CZ13/MLI&0&cDXGF&Ex&dxAC_equip/NE-dxAC-PkgAC-65to134-Ex-EER-11.5/instance-out.sql,134.85,1252976.05,414.53,3851657.60
CZ13/MLI&0&cDXGF&Ex&dxAC_equip/NE-dxAC-PkgAC-65to134-Ex-EER-12.0/instance-out.sql,133.93,1244395.26,411.45,3822997.78
CZ13/MLI&0&cDXGF&Ex&dxAC_equip/NE-dxAC-PkgAC-65to134-Ex-EER-12.5/instance-out.sql,133.08,1236491.39,408.61,3796598.82
CZ13/MLI&0&cDXGF&Ex&dxAC_equip/NE-dxAC-PkgAC-65to134-Ex-EER-13.0/instance-out.sql,132.25,1228774.93,405.83,3770825.86
CZ13/MLI&0&cDXGF&Ex&dxAC_equip/NE-dxAC-PkgAC-135to239-Ex-EER-10.8/instance-out.sql,135.79,1261751.58,417.69,3880967.88
CZ13/MLI&0&cDXGF&Ex&dxAC_equip/NE-dxAC-PkgAC-135to239-Ex-EER-11.5/instance-out.sql,134.35,1248343.77,412.87,3836185.78
CZ13/MLI&0&cDXGF&Ex&dxAC_equip/NE-dxAC-PkgAC-135to239-Ex-EER-12.0/instance-out.sql,133.47,1240131.72,409.91,3808757.54
CZ13/MLI&0&cDXGF&Ex&dxAC_equip/NE-dxAC-PkgAC-135to239-Ex-EER-12.5/instance-out.sql,132.61,1232126.70,407.04,3782020.77
CZ13/MLI&0&cDXGF&Ex&dxAC_equip/NE-dxAC-PkgAC-240to759-Ex-EER-9.8/instance-out.sql,136.49,1268225.02,420.01,3902589.16
CZ13/MLI&0&cDXGF&Ex&dxAC_equip/NE-dxAC-PkgAC-240to759-Ex-EER-10.8/instance-out.sql,134.30,1247841.72,412.69,3834508.93
CZ13/MLI&0&cDXGF&Ex&dxAC_equip/NE-dxAC-PkgAC-240to759-Ex-EER-11.5/instance-out.sql,132.93,1235160.86,408.13,3792154.87
CZ13/MLI&0&cDXGF&Ex&dxAC_equip/NE-dxAC-PkgAC-240to759-Ex-EER-12.5/instance-out.sql,131.28,1219771.49,402.59,3740754.37
CZ13/MLI&0&cDXGF&Ex&dxAC_equip/NE-dxAC-PkgAC-gt760-Ex-EER-9.5/instance-out.sql,135.98,1263479.70,418.31,3886739.79
CZ13/MLI&0&cDXGF&Ex&dxAC_equip/NE-dxAC-PkgAC-gt760-Ex-EER-10.2/instance-out.sql,134.35,1248343.77,412.87,3836185.78
CZ13/MLI&0&cDXGF&Ex&dxAC_equip/NE-dxAC-PkgAC-gt760-Ex-EER-11.0/instance-out.sql,132.79,1233848.60,407.66,3787771.93
CZ13/MLI&0&cDXGF&Ex&dxAC_equip/NE-dxAC-PkgAC-gt760-Ex-EER-12.0/instance-out.sql,131.08,1217929.11,401.93,3734600.83
CZ13/Mtl&0&cDXGF&Ex&dxAC_equip/NE-dxAC-PkgAC-65to134-Ex-EER-11.0/instance-out.sql,77.03,214593.10,236.58,659073.89
CZ13/Mtl&0&cDXGF&Ex&dxAC_equip/NE-dxAC-PkgAC-65to134-Ex-EER-11.5/instance-out.sql,76.39,212821.04,234.46,653155.23
CZ13/Mtl&0&cDXGF&Ex&dxAC_equip/NE-dxAC-PkgAC-65to134-Ex-EER-12.0/instance-out.sql,75.81,211194.52,232.51,647722.65
CZ13/Mtl&0&cDXGF&Ex&dxAC_equip/NE-dxAC-PkgAC-65to134-Ex-EER-12.5/instance-out.sql,75.27,209696.31,230.71,642718.62
CZ13/Mtl&0&cDXGF&Ex&dxAC_equip/NE-dxAC-PkgAC-65to134-Ex-EER-13.0/instance-out.sql,74.75,208233.63,228.96,637833.25
CZ13/Mtl&0&cDXGF&Ex&dxAC_equip/NE-dxAC-PkgAC-135to239-Ex-EER-10.8/instance-out.sql,76.99,214484.48,236.45,658711.11
CZ13/Mtl&0&cDXGF&Ex&dxAC_equip/NE-dxAC-PkgAC-135to239-Ex-EER-11.5/instance-out.sql,76.08,211942.98,233.41,650222.48
CZ13/Mtl&0&cDXGF&Ex&dxAC_equip/NE-dxAC-PkgAC-135to239-Ex-EER-12.0/instance-out.sql,75.52,210386.35,231.54,645023.35
CZ13/Mtl&0&cDXGF&Ex&dxAC_equip/NE-dxAC-PkgAC-135to239-Ex-EER-12.5/instance-out.sql,74.98,208868.97,229.72,639955.29
CZ13/Mtl&0&cDXGF&Ex&dxAC_equip/NE-dxAC-PkgAC-240to759-Ex-EER-9.8/instance-out.sql,77.43,215711.55,237.92,662809.51
CZ13/Mtl&0&cDXGF&Ex&dxAC_equip/NE-dxAC-PkgAC-240to759-Ex-EER-10.8/instance-out.sql,76.05,211847.81,233.29,649904.63
CZ13/Mtl&0&cDXGF&Ex&dxAC_equip/NE-dxAC-PkgAC-240to759-Ex-EER-11.5/instance-out.sql,75.18,209444.10,230.41,641876.25
CZ13/Mtl&0&cDXGF&Ex&dxAC_equip/NE-dxAC-PkgAC-240to759-Ex-EER-12.5/instance-out.sql,74.14,206526.99,226.91,632133.08
CZ13/Mtl&0&cDXGF&Ex&dxAC_equip/NE-dxAC-PkgAC-gt760-Ex-EER-9.5/instance-out.sql,77.11,214812.05,236.85,659805.20
CZ13/Mtl&0&cDXGF&Ex&dxAC_equip/NE-dxAC-PkgAC-gt760-Ex-EER-10.2/instance-out.sql,76.08,211942.98,233.41,650222.48
CZ13/Mtl&0&cDXGF&Ex&dxAC_equip/NE-dxAC-PkgAC-gt760-Ex-EER-11.0/instance-out.sql,75.09,209195.36,230.11,641045.45
CZ13/Mtl&0&cDXGF&Ex&dxAC_equip/NE-dxAC-PkgAC-gt760-Ex-EER-12.0/instance-out.sql,74.01,206177.76,226.49,630966.65
CZ13/Nrs&0&cDXGF&Ex&dxAC_equip/NE-dxAC-PkgAC-65to134-Ex-EER-11.0/instance-out.sql,107.42,1107735.14,304.10,3135958.95
CZ13/Nrs&0&cDXGF&Ex&dxAC_equip/NE-dxAC-PkgAC-65to134-Ex-EER-11.5/instance-out.sql,107.11,1104523.75,303.06,3125232.92
CZ13/Nrs&0&cDXGF&Ex&dxAC_equip/NE-dxAC-PkgAC-65to134-Ex-EER-12.0/instance-out.sql,106.82,1101576.10,302.11,3115387.77
CZ13/Nrs&0&cDXGF&Ex&dxAC_equip/NE-dxAC-PkgAC-65to134-Ex-EER-12.5/instance-out.sql,106.56,1098860.98,301.23,3106319.26
CZ13/Nrs&0&cDXGF&Ex&dxAC_equip/NE-dxAC-PkgAC-65to134-Ex-EER-13.0/instance-out.sql,106.30,1096210.24,300.37,3097465.80
CZ13/Nrs&0&cDXGF&Ex&dxAC_equip/NE-dxAC-PkgAC-135to239-Ex-EER-10.8/instance-out.sql,107.40,1107538.30,304.04,3135301.51
CZ13/Nrs&0&cDXGF&Ex&dxAC_equip/NE-dxAC-PkgAC-135to239-Ex-EER-11.5/instance-out.sql,106.95,1102932.48,302.55,3119918.08
CZ13/Nrs&0&cDXGF&Ex&dxAC_equip/NE-dxAC-PkgAC-135to239-Ex-EER-12.0/instance-out.sql,106.68,1100111.50,301.63,3110496.00
CZ13/Nrs&0&cDXGF&Ex&dxAC_equip/NE-dxAC-PkgAC-135to239-Ex-EER-12.5/instance-out.sql,106.41,1097361.64,300.74,3101311.45
CZ13/Nrs&0&cDXGF&Ex&dxAC_equip/NE-dxAC-PkgAC-240to759-Ex-EER-9.8/instance-out.sql,107.62,1109762.04,304.76,3142728.80
CZ13/Nrs&0&cDXGF&Ex&dxAC_equip/NE-dxAC-PkgAC-240to759-Ex-EER-10.8/instance-out.sql,106.94,1102760.02,302.49,3119342.05
CZ13/Nrs&0&cDXGF&Ex&dxAC_equip/NE-dxAC-PkgAC-240to759-Ex-EER-11.5/instance-out.sql,106.52,1098403.92,301.08,3104792.69
CZ13/Nrs&0&cDXGF&Ex&dxAC_equip/NE-dxAC-PkgAC-240to759-Ex-EER-12.5/instance-out.sql,106.00,1093117.41,299.37,3087135.72
CZ13/Nrs&0&cDXGF&Ex&dxAC_equip/NE-dxAC-PkgAC-gt760-Ex-EER-9.5/instance-out.sql,107.46,1108131.94,304.23,3137284.26
CZ13/Nrs&0&cDXGF&Ex&dxAC_equip/NE-dxAC-PkgAC-gt760-Ex-EER-10.2/instance-out.sql,106.95,1102932.48,302.55,3119918.08
CZ13/Nrs&0&cDXGF&Ex&dxAC_equip/NE-dxAC-PkgAC-gt760-Ex-EER-11.0/instance-out.sql,106.47,1097953.14,300.94,3103287.07
CZ13/Nrs&0&cDXGF&Ex&dxAC_equip/NE-dxAC-PkgAC-gt760-Ex-EER-12.0/instance-out.sql,105.94,1092484.52,299.16,3085021.87
CZ13/OfL&0&cDXGF&Ex&dxAC_equip/NE-dxAC-PkgAC-65to134-Ex-EER-11.0/instance-out.sql,92.40,3003662.80,297.06,9657026.04
CZ13/OfL&0&cDXGF&Ex&dxAC_equip/NE-dxAC-PkgAC-65to134-Ex-EER-11.5/instance-out.sql,91.78,2983723.78,295.01,9590429.71
CZ13/OfL&0&cDXGF&Ex&dxAC_equip/NE-dxAC-PkgAC-65to134-Ex-EER-12.0/instance-out.sql,91.22,2965422.26,293.13,9529302.65
CZ13/OfL&0&cDXGF&Ex&dxAC_equip/NE-dxAC-PkgAC-65to134-Ex-EER-12.5/instance-out.sql,90.70,2948564.49,291.40,9472997.68
CZ13/OfL&0&cDXGF&Ex&dxAC_equip/NE-dxAC-PkgAC-65to134-Ex-EER-13.0/instance-out.sql,90.19,2932106.46,289.71,9418027.85
CZ13/OfL&0&cDXGF&Ex&dxAC_equip/NE-dxAC-PkgAC-135to239-Ex-EER-10.8/instance-out.sql,92.36,3002440.66,296.93,9652944.09
CZ13/OfL&0&cDXGF&Ex&dxAC_equip/NE-dxAC-PkgAC-135to239-Ex-EER-11.5/instance-out.sql,91.48,2973843.83,294.00,9557430.66
CZ13/OfL&0&cDXGF&Ex&dxAC_equip/NE-dxAC-PkgAC-135to239-Ex-EER-12.0/instance-out.sql,90.94,2956328.77,292.20,9498930.38
CZ13/OfL&0&cDXGF&Ex&dxAC_equip/NE-dxAC-PkgAC-135to239-Ex-EER-12.5/instance-out.sql,90.41,2939255.27,290.44,9441904.89
CZ13/OfL&0&cDXGF&Ex&dxAC_equip/NE-dxAC-PkgAC-240to759-Ex-EER-9.8/instance-out.sql,92.78,3016247.52,298.35,9699059.01
CZ13/OfL&0&cDXGF&Ex&dxAC_equip/NE-dxAC-PkgAC-240to759-Ex-EER-10.8/instance-out.sql,91.45,2972773.03,293.89,9553854.19
CZ13/OfL&0&cDXGF&Ex&dxAC_equip/NE-dxAC-PkgAC-240to759-Ex-EER-11.5/instance-out.sql,90.61,2945726.68,291.11,9463519.39
CZ13/OfL&0&cDXGF&Ex&dxAC_equip/NE-dxAC-PkgAC-240to759-Ex-EER-12.5/instance-out.sql,89.60,2912903.48,287.74,9353889.92
CZ13/OfL&0&cDXGF&Ex&dxAC_equip/NE-dxAC-PkgAC-gt760-Ex-EER-9.5/instance-out.sql,92.47,3006126.48,297.31,9665254.71
CZ13/OfL&0&cDXGF&Ex&dxAC_equip/NE-dxAC-PkgAC-gt760-Ex-EER-10.2/instance-out.sql,91.48,2973843.83,294.00,9557430.66
CZ13/OfL&0&cDXGF&Ex&dxAC_equip/NE-dxAC-PkgAC-gt760-Ex-EER-11.0/instance-out.sql,90.53,2942927.83,290.82,9454171.25
CZ13/OfL&0&cDXGF&Ex&dxAC_equip/NE-dxAC-PkgAC-gt760-Ex-EER-12.0/instance-out.sql,89.48,2908973.97,287.33,9340765.35
CZ13/OfS&0&cDXGF&Ex&dxAC_equip/NE-dxAC-PkgAC-65to134-Ex-EER-11.0/instance-out.sql,96.35,179060.39,290.18,539290.53
CZ13/OfS&0&cDXGF&Ex&dxAC_equip/NE-dxAC-PkgAC-65to134-Ex-EER-11.5/instance-out.sql,95.51,177503.80,287.38,534091.51
CZ13/OfS&0&cDXGF&Ex&dxAC_equip/NE-dxAC-PkgAC-65to134-Ex-EER-12.0/instance-out.sql,94.74,176075.05,284.81,529319.47
CZ13/OfS&0&cDXGF&Ex&dxAC_equip/NE-dxAC-PkgAC-65to134-Ex-EER-12.5/instance-out.sql,94.03,174759.00,282.45,524923.88
CZ13/OfS&0&cDXGF&Ex&dxAC_equip/NE-dxAC-PkgAC-65to134-Ex-EER-13.0/instance-out.sql,93.34,173474.16,280.14,520632.51
CZ13/OfS&0&cDXGF&Ex&dxAC_equip/NE-dxAC-PkgAC-135to239-Ex-EER-10.8/instance-out.sql,96.30,178964.98,290.01,538971.86
CZ13/OfS&0&cDXGF&Ex&dxAC_equip/NE-dxAC-PkgAC-135to239-Ex-EER-11.5/instance-out.sql,95.09,176732.50,285.99,531515.36
CZ13/OfS&0&cDXGF&Ex&dxAC_equip/NE-dxAC-PkgAC-135to239-Ex-EER-12.0/instance-out.sql,94.36,175365.14,283.54,526948.38
CZ13/OfS&0&cDXGF&Ex&dxAC_equip/NE-dxAC-PkgAC-135to239-Ex-EER-12.5/instance-out.sql,93.64,174032.25,281.14,522496.54
CZ13/OfS&0&cDXGF&Ex&dxAC_equip/NE-dxAC-PkgAC-240to759-Ex-EER-9.8/instance-out.sql,96.88,180042.85,291.94,542571.94
CZ13/OfS&0&cDXGF&Ex&dxAC_equip/NE-dxAC-PkgAC-240to759-Ex-EER-10.8/instance-out.sql,95.05,176648.90,285.84,531236.15
CZ13/OfS&0&cDXGF&Ex&dxAC_equip/NE-dxAC-PkgAC-240to759-Ex-EER-11.5/instance-out.sql,93.91,174537.46,282.05,524183.93
CZ13/OfS&0&cDXGF&Ex&dxAC_equip/NE-dxAC-PkgAC-240to759-Ex-EER-12.5/instance-out.sql,92.53,171975.03,277.44,515625.42
CZ13/OfS&0&cDXGF&Ex&dxAC_equip/NE-dxAC-PkgAC-gt760-Ex-EER-9.5/instance-out.sql,96.45,179252.73,290.52,539932.92
CZ13/OfS&0&cDXGF&Ex&dxAC_equip/NE-dxAC-PkgAC-gt760-Ex-EER-10.2/instance-out.sql,95.09,176732.50,285.99,531515.36
CZ13/OfS&0&cDXGF&Ex&dxAC_equip/NE-dxAC-PkgAC-gt760-Ex-EER-11.0/instance-out.sql,93.80,174318.96,281.66,523454.14
CZ13/OfS&0&cDXGF&Ex&dxAC_equip/NE-dxAC-PkgAC-gt760-Ex-EER-12.0/instance-out.sql,92.37,171668.26,276.89,514600.81
CZ13/RFF&0&cDXGF&Ex&dxAC_equip/NE-dxAC-PkgAC-65to134-Ex-EER-11.0/instance-out.sql,328.16,121831.24,809.68,300602.15
CZ13/RFF&0&cDXGF&Ex&dxAC_equip/NE-dxAC-PkgAC-65to134-Ex-EER-11.5/instance-out.sql,326.86,121349.86,805.35,298994.32
CZ13/RFF&0&cDXGF&Ex&dxAC_equip/NE-dxAC-PkgAC-65to134-Ex-EER-12.0/instance-out.sql,325.67,120908.01,801.38,297518.54
CZ13/RFF&0&cDXGF&Ex&dxAC_equip/NE-dxAC-PkgAC-65to134-Ex-EER-12.5/instance-out.sql,324.57,120501.01,797.72,296159.17
CZ13/RFF&0&cDXGF&Ex&dxAC_equip/NE-dxAC-PkgAC-65to134-Ex-EER-13.0/instance-out.sql,323.50,120103.67,794.14,294832.04
CZ13/RFF&0&cDXGF&Ex&dxAC_equip/NE-dxAC-PkgAC-135to239-Ex-EER-10.8/instance-out.sql,328.08,121801.74,809.42,300503.60
CZ13/RFF&0&cDXGF&Ex&dxAC_equip/NE-dxAC-PkgAC-135to239-Ex-EER-11.5/instance-out.sql,326.22,121111.33,803.21,298197.63
CZ13/RFF&0&cDXGF&Ex&dxAC_equip/NE-dxAC-PkgAC-135to239-Ex-EER-12.0/instance-out.sql,325.08,120688.46,799.40,296785.26
CZ13/RFF&0&cDXGF&Ex&dxAC_equip/NE-dxAC-PkgAC-135to239-Ex-EER-12.5/instance-out.sql,323.97,120276.26,795.69,295408.51
CZ13/RFF&0&cDXGF&Ex&dxAC_equip/NE-dxAC-PkgAC-240to759-Ex-EER-9.8/instance-out.sql,328.98,122135.08,812.42,301616.95
CZ13/RFF&0&cDXGF&Ex&dxAC_equip/NE-dxAC-PkgAC-240to759-Ex-EER-10.8/instance-out.sql,326.15,121085.48,802.97,298111.28
CZ13/RFF&0&cDXGF&Ex&dxAC_equip/NE-dxAC-PkgAC-240to759-Ex-EER-11.5/instance-out.sql,324.39,120432.50,797.10,295930.34
CZ13/RFF&0&cDXGF&Ex&dxAC_equip/NE-dxAC-PkgAC-240to759-Ex-EER-12.5/instance-out.sql,322.26,119640.05,789.97,293283.57
CZ13/RFF&0&cDXGF&Ex&dxAC_equip/NE-dxAC-PkgAC-gt760-Ex-EER-9.5/instance-out.sql,328.32,121890.72,810.22,300800.81
CZ13/RFF&0&cDXGF&Ex&dxAC_equip/NE-dxAC-PkgAC-gt760-Ex-EER-10.2/instance-out.sql,326.22,121111.33,803.21,298197.63
CZ13/RFF&0&cDXGF&Ex&dxAC_equip/NE-dxAC-PkgAC-gt760-Ex-EER-11.0/instance-out.sql,324.21,120364.93,796.49,295704.65
CZ13/RFF&0&cDXGF&Ex&dxAC_equip/NE-dxAC-PkgAC-gt760-Ex-EER-12.0/instance-out.sql,322.00,119545.18,789.12,292966.71
CZ13/RSD&0&cDXGF&Ex&dxAC_equip/NE-dxAC-PkgAC-65to134-Ex-EER-11.0/instance-out.sql,282.65,294235.48,637.31,663432.04
CZ13/RSD&0&cDXGF&Ex&dxAC_equip/NE-dxAC-PkgAC-65to134-Ex-EER-11.5/instance-out.sql,282.42,293998.68,636.55,662641.13
CZ13/RSD&0&cDXGF&Ex&dxAC_equip/NE-dxAC-PkgAC-65to134-Ex-EER-12.0/instance-out.sql,282.21,293781.33,635.85,661915.19
CZ13/RSD&0&cDXGF&Ex&dxAC_equip/NE-dxAC-PkgAC-65to134-Ex-EER-12.5/instance-out.sql,282.02,293581.13,635.21,661246.50
CZ13/RSD&0&cDXGF&Ex&dxAC_equip/NE-dxAC-PkgAC-65to134-Ex-EER-13.0/instance-out.sql,281.83,293385.67,634.58,660593.68
CZ13/RSD&0&cDXGF&Ex&dxAC_equip/NE-dxAC-PkgAC-135to239-Ex-EER-10.8/instance-out.sql,282.64,294220.96,637.26,663383.56
CZ13/RSD&0&cDXGF&Ex&dxAC_equip/NE-dxAC-PkgAC-135to239-Ex-EER-11.5/instance-out.sql,282.31,293881.34,636.18,662249.24
CZ13/RSD&0&cDXGF&Ex&dxAC_equip/NE-dxAC-PkgAC-135to239-Ex-EER-12.0/instance-out.sql,282.11,293673.33,635.51,661554.48
CZ13/RSD&0&cDXGF&Ex&dxAC_equip/NE-dxAC-PkgAC-135to239-Ex-EER-12.5/instance-out.sql,281.92,293470.57,634.86,660877.25
CZ13/RSD&0&cDXGF&Ex&dxAC_equip/NE-dxAC-PkgAC-240to759-Ex-EER-9.8/instance-out.sql,282.79,294384.93,637.79,663931.22
CZ13/RSD&0&cDXGF&Ex&dxAC_equip/NE-dxAC-PkgAC-240to759-Ex-EER-10.8/instance-out.sql,282.30,293868.63,636.13,662206.76
CZ13/RSD&0&cDXGF&Ex&dxAC_equip/NE-dxAC-PkgAC-240to759-Ex-EER-11.5/instance-out.sql,281.99,293547.42,635.10,661133.94
CZ13/RSD&0&cDXGF&Ex&dxAC_equip/NE-dxAC-PkgAC-240to759-Ex-EER-12.5/instance-out.sql,281.62,293157.61,633.85,659831.97
CZ13/RSD&0&cDXGF&Ex&dxAC_equip/NE-dxAC-PkgAC-gt760-Ex-EER-9.5/instance-out.sql,282.68,294264.73,637.41,663529.76
CZ13/RSD&0&cDXGF&Ex&dxAC_equip/NE-dxAC-PkgAC-gt760-Ex-EER-10.2/instance-out.sql,282.31,293881.34,636.18,662249.24
CZ13/RSD&0&cDXGF&Ex&dxAC_equip/NE-dxAC-PkgAC-gt760-Ex-EER-11.0/instance-out.sql,281.96,293514.18,635.00,661022.92
CZ13/RSD&0&cDXGF&Ex&dxAC_equip/NE-dxAC-PkgAC-gt760-Ex-EER-12.0/instance-out.sql,281.57,293110.95,633.70,659676.11
CZ13/Rt3&0&cDXGF&Ex&dxAC_equip/NE-dxAC-PkgAC-65to134-Ex-EER-11.0/instance-out.sql,106.55,2375722.04,334.86,7466184.90
CZ13/Rt3&0&cDXGF&Ex&dxAC_equip/NE-dxAC-PkgAC-65to134-Ex-EER-11.5/instance-out.sql,105.82,2359397.44,332.41,7411660.72
CZ13/Rt3&0&cDXGF&Ex&dxAC_equip/NE-dxAC-PkgAC-65to134-Ex-EER-12.0/instance-out.sql,105.15,2344413.50,330.17,7361614.37
CZ13/Rt3&0&cDXGF&Ex&dxAC_equip/NE-dxAC-PkgAC-65to134-Ex-EER-12.5/instance-out.sql,104.53,2330611.59,328.10,7315515.99
CZ13/Rt3&0&cDXGF&Ex&dxAC_equip/NE-dxAC-PkgAC-65to134-Ex-EER-13.0/instance-out.sql,103.92,2317136.96,326.08,7270510.74
CZ13/Rt3&0&cDXGF&Ex&dxAC_equip/NE-dxAC-PkgAC-135to239-Ex-EER-10.8/instance-out.sql,106.51,2374721.45,334.71,7462842.91
CZ13/Rt3&0&cDXGF&Ex&dxAC_equip/NE-dxAC-PkgAC-135to239-Ex-EER-11.5/instance-out.sql,105.46,2351308.46,331.20,7384643.52
CZ13/Rt3&0&cDXGF&Ex&dxAC_equip/NE-dxAC-PkgAC-135to239-Ex-EER-12.0/instance-out.sql,104.81,2336968.42,329.05,7336747.79
CZ13/Rt3&0&cDXGF&Ex&dxAC_equip/NE-dxAC-PkgAC-135to239-Ex-EER-12.5/instance-out.sql,104.19,2322989.89,326.96,7290059.51
CZ13/Rt3&0&cDXGF&Ex&dxAC_equip/NE-dxAC-PkgAC-240to759-Ex-EER-9.8/instance-out.sql,107.01,2386025.49,336.40,7500598.42
CZ13/Rt3&0&cDXGF&Ex&dxAC_equip/NE-dxAC-PkgAC-240to759-Ex-EER-10.8/instance-out.sql,105.42,2350431.76,331.07,7381715.37
CZ13/Rt3&0&cDXGF&Ex&dxAC_equip/NE-dxAC-PkgAC-240to759-Ex-EER-11.5/instance-out.sql,104.42,2328288.20,327.75,7307755.87
CZ13/Rt3&0&cDXGF&Ex&dxAC_equip/NE-dxAC-PkgAC-240to759-Ex-EER-12.5/instance-out.sql,103.22,2301414.98,323.72,7217999.31
CZ13/Rt3&0&cDXGF&Ex&dxAC_equip/NE-dxAC-PkgAC-gt760-Ex-EER-9.5/instance-out.sql,106.64,2377739.12,335.16,7472921.94
CZ13/Rt3&0&cDXGF&Ex&dxAC_equip/NE-dxAC-PkgAC-gt760-Ex-EER-10.2/instance-out.sql,105.46,2351308.46,331.20,7384643.52
CZ13/Rt3&0&cDXGF&Ex&dxAC_equip/NE-dxAC-PkgAC-gt760-Ex-EER-11.0/instance-out.sql,104.32,2325996.71,327.41,7300102.30
CZ13/Rt3&0&cDXGF&Ex&dxAC_equip/NE-dxAC-PkgAC-gt760-Ex-EER-12.0/instance-out.sql,103.07,2298197.78,323.24,7207253.88
CZ13/RtL&0&cDXGF&Ex&dxAC_equip/NE-dxAC-PkgAC-65to134-Ex-EER-11.0/instance-out.sql,197.05,2388988.61,620.77,7526194.07
CZ13/RtL&0&cDXGF&Ex&dxAC_equip/NE-dxAC-PkgAC-65to134-Ex-EER-11.5/instance-out.sql,195.67,2372311.10,616.17,7470491.20
CZ13/RtL&0&cDXGF&Ex&dxAC_equip/NE-dxAC-PkgAC-65to134-Ex-EER-12.0/instance-out.sql,194.41,2357003.25,611.96,7419362.96
CZ13/RtL&0&cDXGF&Ex&dxAC_equip/NE-dxAC-PkgAC-65to134-Ex-EER-12.5/instance-out.sql,193.25,2342902.97,608.07,7372268.03
CZ13/RtL&0&cDXGF&Ex&dxAC_equip/NE-dxAC-PkgAC-65to134-Ex-EER-13.0/instance-out.sql,192.11,2329137.05,604.28,7326289.86
CZ13/RtL&0&cDXGF&Ex&dxAC_equip/NE-dxAC-PkgAC-135to239-Ex-EER-10.8/instance-out.sql,196.96,2387966.38,620.49,7522779.83
CZ13/RtL&0&cDXGF&Ex&dxAC_equip/NE-dxAC-PkgAC-135to239-Ex-EER-11.5/instance-out.sql,194.99,2364047.26,613.90,7442889.95
CZ13/RtL&0&cDXGF&Ex&dxAC_equip/NE-dxAC-PkgAC-135to239-Ex-EER-12.0/instance-out.sql,193.78,2349397.22,609.86,7393958.81
CZ13/RtL&0&cDXGF&Ex&dxAC_equip/NE-dxAC-PkgAC-135to239-Ex-EER-12.5/instance-out.sql,192.60,2335116.50,605.93,7346261.23
CZ13/RtL&0&cDXGF&Ex&dxAC_equip/NE-dxAC-PkgAC-240to759-Ex-EER-9.8/instance-out.sql,197.91,2399514.80,623.67,7561351.53
CZ13/RtL&0&cDXGF&Ex&dxAC_equip/NE-dxAC-PkgAC-240to759-Ex-EER-10.8/instance-out.sql,194.92,2363151.61,613.65,7439898.49
CZ13/RtL&0&cDXGF&Ex&dxAC_equip/NE-dxAC-PkgAC-240to759-Ex-EER-11.5/instance-out.sql,193.05,2340529.35,607.42,7364340.15
CZ13/RtL&0&cDXGF&Ex&dxAC_equip/NE-dxAC-PkgAC-240to759-Ex-EER-12.5/instance-out.sql,190.78,2313075.19,599.86,7272643.25
CZ13/RtL&0&cDXGF&Ex&dxAC_equip/NE-dxAC-PkgAC-gt760-Ex-EER-9.5/instance-out.sql,197.22,2391049.29,621.34,7533076.75
CZ13/RtL&0&cDXGF&Ex&dxAC_equip/NE-dxAC-PkgAC-gt760-Ex-EER-10.2/instance-out.sql,194.99,2364047.26,613.90,7442889.95
CZ13/RtL&0&cDXGF&Ex&dxAC_equip/NE-dxAC-PkgAC-gt760-Ex-EER-11.0/instance-out.sql,192.86,2338188.33,606.77,7356521.12
CZ13/RtL&0&cDXGF&Ex&dxAC_equip/NE-dxAC-PkgAC-gt760-Ex-EER-12.0/instance-out.sql,190.51,2309788.45,598.95,7261665.53
CZ13/RtS&0&cDXGF&Ex&dxAC_equip/NE-dxAC-PkgAC-65to134-Ex-EER-11.0/instance-out.sql,110.18,163809.88,331.69,493114.58
CZ13/RtS&0&cDXGF&Ex&dxAC_equip/NE-dxAC-PkgAC-65to134-Ex-EER-11.5/instance-out.sql,109.31,162504.43,328.75,488754.37
CZ13/RtS&0&cDXGF&Ex&dxAC_equip/NE-dxAC-PkgAC-65to134-Ex-EER-12.0/instance-out.sql,108.50,161306.19,326.06,484752.24
CZ13/RtS&0&cDXGF&Ex&dxAC_equip/NE-dxAC-PkgAC-65to134-Ex-EER-12.5/instance-out.sql,107.76,160202.47,323.58,481065.82
CZ13/RtS&0&cDXGF&Ex&dxAC_equip/NE-dxAC-PkgAC-65to134-Ex-EER-13.0/instance-out.sql,107.03,159124.92,321.16,477466.83
CZ13/RtS&0&cDXGF&Ex&dxAC_equip/NE-dxAC-PkgAC-135to239-Ex-EER-10.8/instance-out.sql,110.13,163729.86,331.51,492847.33
CZ13/RtS&0&cDXGF&Ex&dxAC_equip/NE-dxAC-PkgAC-135to239-Ex-EER-11.5/instance-out.sql,108.87,161857.56,327.30,486593.84
CZ13/RtS&0&cDXGF&Ex&dxAC_equip/NE-dxAC-PkgAC-135to239-Ex-EER-12.0/instance-out.sql,108.10,160710.81,324.72,482763.70
CZ13/RtS&0&cDXGF&Ex&dxAC_equip/NE-dxAC-PkgAC-135to239-Ex-EER-12.5/instance-out.sql,107.35,159592.97,322.21,479030.11
CZ13/RtS&0&cDXGF&Ex&dxAC_equip/NE-dxAC-PkgAC-240to759-Ex-EER-9.8/instance-out.sql,110.74,164633.83,333.54,495866.57
CZ13/RtS&0&cDXGF&Ex&dxAC_equip/NE-dxAC-PkgAC-240to759-Ex-EER-10.8/instance-out.sql,108.82,161787.46,327.14,486359.68
CZ13/RtS&0&cDXGF&Ex&dxAC_equip/NE-dxAC-PkgAC-240to759-Ex-EER-11.5/instance-out.sql,107.63,160016.67,323.16,480445.26
CZ13/RtS&0&cDXGF&Ex&dxAC_equip/NE-dxAC-PkgAC-240to759-Ex-EER-12.5/instance-out.sql,106.19,157867.66,318.34,473267.57
CZ13/RtS&0&cDXGF&Ex&dxAC_equip/NE-dxAC-PkgAC-gt760-Ex-EER-9.5/instance-out.sql,110.29,163971.18,332.05,493653.33
CZ13/RtS&0&cDXGF&Ex&dxAC_equip/NE-dxAC-PkgAC-gt760-Ex-EER-10.2/instance-out.sql,108.87,161857.56,327.30,486593.84
CZ13/RtS&0&cDXGF&Ex&dxAC_equip/NE-dxAC-PkgAC-gt760-Ex-EER-11.0/instance-out.sql,107.51,159833.42,322.75,479833.22
CZ13/RtS&0&cDXGF&Ex&dxAC_equip/NE-dxAC-PkgAC-gt760-Ex-EER-12.0/instance-out.sql,106.01,157610.39,317.76,472408.27
CZ13/SCn&0&cDXGF&Ex&dxAC_equip/NE-dxAC-PkgAC-65to134-Ex-EER-11.0/instance-out.sql,91.94,4270454.06,269.71,12528190.75
CZ13/SCn&0&cDXGF&Ex&dxAC_equip/NE-dxAC-PkgAC-65to134-Ex-EER-11.5/instance-out.sql,91.20,4236518.58,267.27,12414846.26
CZ13/SCn&0&cDXGF&Ex&dxAC_equip/NE-dxAC-PkgAC-65to134-Ex-EER-12.0/instance-out.sql,90.53,4205370.08,265.03,12310810.26
CZ13/SCn&0&cDXGF&Ex&dxAC_equip/NE-dxAC-PkgAC-65to134-Ex-EER-12.5/instance-out.sql,89.92,4176678.76,262.97,12214981.27
CZ13/SCn&0&cDXGF&Ex&dxAC_equip/NE-dxAC-PkgAC-65to134-Ex-EER-13.0/instance-out.sql,89.31,4148667.80,260.95,12121424.66
CZ13/SCn&0&cDXGF&Ex&dxAC_equip/NE-dxAC-PkgAC-135to239-Ex-EER-10.8/instance-out.sql,91.89,4268374.02,269.56,12521243.43
CZ13/SCn&0&cDXGF&Ex&dxAC_equip/NE-dxAC-PkgAC-135to239-Ex-EER-11.5/instance-out.sql,90.84,4219703.26,266.06,12358683.10
CZ13/SCn&0&cDXGF&Ex&dxAC_equip/NE-dxAC-PkgAC-135to239-Ex-EER-12.0/instance-out.sql,90.20,4189893.29,263.92,12259117.77
CZ13/SCn&0&cDXGF&Ex&dxAC_equip/NE-dxAC-PkgAC-135to239-Ex-EER-12.5/instance-out.sql,89.58,4160834.82,261.83,12162062.50
CZ13/SCn&0&cDXGF&Ex&dxAC_equip/NE-dxAC-PkgAC-240to759-Ex-EER-9.8/instance-out.sql,92.40,4291872.79,271.25,12599729.32
CZ13/SCn&0&cDXGF&Ex&dxAC_equip/NE-dxAC-PkgAC-240to759-Ex-EER-10.8/instance-out.sql,90.80,4217880.80,265.93,12352596.07
CZ13/SCn&0&cDXGF&Ex&dxAC_equip/NE-dxAC-PkgAC-240to759-Ex-EER-11.5/instance-out.sql,89.81,4171848.92,262.62,12198849.58
CZ13/SCn&0&cDXGF&Ex&dxAC_equip/NE-dxAC-PkgAC-240to759-Ex-EER-12.5/instance-out.sql,88.61,4115985.05,258.60,12012264.27
CZ13/SCn&0&cDXGF&Ex&dxAC_equip/NE-dxAC-PkgAC-gt760-Ex-EER-9.5/instance-out.sql,92.03,4274647.14,270.01,12542195.65
CZ13/SCn&0&cDXGF&Ex&dxAC_equip/NE-dxAC-PkgAC-gt760-Ex-EER-10.2/instance-out.sql,90.84,4219703.26,266.06,12358683.10
CZ13/SCn&0&cDXGF&Ex&dxAC_equip/NE-dxAC-PkgAC-gt760-Ex-EER-11.0/instance-out.sql,89.71,4167085.38,262.28,12182939.38
CZ13/SCn&0&cDXGF&Ex&dxAC_equip/NE-dxAC-PkgAC-gt760-Ex-EER-12.0/instance-out.sql,88.47,4109297.17,258.12,11989926.74
CZ14/Asm&0&cDXGF&Ex&dxAC_equip/NE-dxAC-PkgAC-65to134-Ex-EER-11.0/instance-out.sql,151.91,959783.75,461.22,2914029.79
CZ14/Asm&0&cDXGF&Ex&dxAC_equip/NE-dxAC-PkgAC-65to134-Ex-EER-11.5/instance-out.sql,150.04,947948.40,454.97,2874499.70
CZ14/Asm&0&cDXGF&Ex&dxAC_equip/NE-dxAC-PkgAC-65to134-Ex-EER-12.0/instance-out.sql,148.32,937085.03,449.22,2838216.05
CZ14/Asm&0&cDXGF&Ex&dxAC_equip/NE-dxAC-PkgAC-65to134-Ex-EER-12.5/instance-out.sql,146.74,927078.63,443.93,2804794.68
CZ14/Asm&0&cDXGF&Ex&dxAC_equip/NE-dxAC-PkgAC-65to134-Ex-EER-13.0/instance-out.sql,145.19,917309.51,438.77,2772165.82
CZ14/Asm&0&cDXGF&Ex&dxAC_equip/NE-dxAC-PkgAC-135to239-Ex-EER-10.8/instance-out.sql,151.80,959058.32,460.84,2911606.84
CZ14/Asm&0&cDXGF&Ex&dxAC_equip/NE-dxAC-PkgAC-135to239-Ex-EER-11.5/instance-out.sql,149.11,942083.88,451.87,2854912.21
CZ14/Asm&0&cDXGF&Ex&dxAC_equip/NE-dxAC-PkgAC-135to239-Ex-EER-12.0/instance-out.sql,147.46,931687.33,446.37,2820187.75
CZ14/Asm&0&cDXGF&Ex&dxAC_equip/NE-dxAC-PkgAC-135to239-Ex-EER-12.5/instance-out.sql,145.86,921552.89,441.01,2786338.70
CZ14/Asm&0&cDXGF&Ex&dxAC_equip/NE-dxAC-PkgAC-240to759-Ex-EER-9.8/instance-out.sql,153.09,967253.76,465.17,2938979.62
CZ14/Asm&0&cDXGF&Ex&dxAC_equip/NE-dxAC-PkgAC-240to759-Ex-EER-10.8/instance-out.sql,149.01,941448.28,451.53,2852789.29
CZ14/Asm&0&cDXGF&Ex&dxAC_equip/NE-dxAC-PkgAC-240to759-Ex-EER-11.5/instance-out.sql,146.47,925394.17,443.04,2799168.58
CZ14/Asm&0&cDXGF&Ex&dxAC_equip/NE-dxAC-PkgAC-240to759-Ex-EER-12.5/instance-out.sql,143.39,905911.06,432.74,2734094.98
CZ14/Asm&0&cDXGF&Ex&dxAC_equip/NE-dxAC-PkgAC-gt760-Ex-EER-9.5/instance-out.sql,152.14,961246.14,462.00,2918914.15
CZ14/Asm&0&cDXGF&Ex&dxAC_equip/NE-dxAC-PkgAC-gt760-Ex-EER-10.2/instance-out.sql,149.11,942083.88,451.87,2854912.21
CZ14/Asm&0&cDXGF&Ex&dxAC_equip/NE-dxAC-PkgAC-gt760-Ex-EER-11.0/instance-out.sql,146.21,923732.84,442.17,2793619.73
CZ14/Asm&0&cDXGF&Ex&dxAC_equip/NE-dxAC-PkgAC-gt760-Ex-EER-12.0/instance-out.sql,143.02,903578.59,431.51,2726304.53
CZ14/ECC&0&cDXGF&Ex&dxAC_equip/NE-dxAC-PkgAC-65to134-Ex-EER-11.0/instance-out.sql,118.01,3115669.48,352.70,9312198.77
CZ14/ECC&0&cDXGF&Ex&dxAC_equip/NE-dxAC-PkgAC-65to134-Ex-EER-11.5/instance-out.sql,117.17,3093667.48,349.92,9238712.09
CZ14/ECC&0&cDXGF&Ex&dxAC_equip/NE-dxAC-PkgAC-65to134-Ex-EER-12.0/instance-out.sql,116.41,3073472.41,347.37,9171260.55
CZ14/ECC&0&cDXGF&Ex&dxAC_equip/NE-dxAC-PkgAC-65to134-Ex-EER-12.5/instance-out.sql,115.70,3054870.45,345.01,9109130.01
CZ14/ECC&0&cDXGF&Ex&dxAC_equip/NE-dxAC-PkgAC-65to134-Ex-EER-13.0/instance-out.sql,115.02,3036709.60,342.71,9048472.77
CZ14/ECC&0&cDXGF&Ex&dxAC_equip/NE-dxAC-PkgAC-135to239-Ex-EER-10.8/instance-out.sql,117.96,3114320.89,352.53,9307694.49
CZ14/ECC&0&cDXGF&Ex&dxAC_equip/NE-dxAC-PkgAC-135to239-Ex-EER-11.5/instance-out.sql,116.76,3082765.30,348.54,9202298.81
CZ14/ECC&0&cDXGF&Ex&dxAC_equip/NE-dxAC-PkgAC-135to239-Ex-EER-12.0/instance-out.sql,116.03,3063438.06,346.10,9137745.83
CZ14/ECC&0&cDXGF&Ex&dxAC_equip/NE-dxAC-PkgAC-135to239-Ex-EER-12.5/instance-out.sql,115.32,3044598.06,343.71,9074820.23
CZ14/ECC&0&cDXGF&Ex&dxAC_equip/NE-dxAC-PkgAC-240to759-Ex-EER-9.8/instance-out.sql,118.53,3129556.28,354.46,9358580.67
CZ14/ECC&0&cDXGF&Ex&dxAC_equip/NE-dxAC-PkgAC-240to759-Ex-EER-10.8/instance-out.sql,116.72,3081583.71,348.39,9198352.30
CZ14/ECC&0&cDXGF&Ex&dxAC_equip/NE-dxAC-PkgAC-240to759-Ex-EER-11.5/instance-out.sql,115.59,3051739.03,344.62,9098671.06
CZ14/ECC&0&cDXGF&Ex&dxAC_equip/NE-dxAC-PkgAC-240to759-Ex-EER-12.5/instance-out.sql,114.21,3015519.80,340.03,8977698.84
CZ14/ECC&0&cDXGF&Ex&dxAC_equip/NE-dxAC-PkgAC-gt760-Ex-EER-9.5/instance-out.sql,118.11,3118388.06,353.05,9321278.82
CZ14/ECC&0&cDXGF&Ex&dxAC_equip/NE-dxAC-PkgAC-gt760-Ex-EER-10.2/instance-out.sql,116.76,3082765.30,348.54,9202298.81
CZ14/ECC&0&cDXGF&Ex&dxAC_equip/NE-dxAC-PkgAC-gt760-Ex-EER-11.0/instance-out.sql,115.47,3048650.60,344.23,9088355.72
CZ14/ECC&0&cDXGF&Ex&dxAC_equip/NE-dxAC-PkgAC-gt760-Ex-EER-12.0/instance-out.sql,114.05,3011183.72,339.49,8963216.34
CZ14/EPr&0&cDXGF&Ex&dxAC_equip/NE-dxAC-PkgAC-65to134-Ex-EER-11.0/instance-out.sql,127.56,482859.95,348.91,1320768.37
CZ14/EPr&0&cDXGF&Ex&dxAC_equip/NE-dxAC-PkgAC-65to134-Ex-EER-11.5/instance-out.sql,126.57,479103.61,345.60,1308222.21
CZ14/EPr&0&cDXGF&Ex&dxAC_equip/NE-dxAC-PkgAC-65to134-Ex-EER-12.0/instance-out.sql,125.66,475655.77,342.56,1296706.41
CZ14/EPr&0&cDXGF&Ex&dxAC_equip/NE-dxAC-PkgAC-65to134-Ex-EER-12.5/instance-out.sql,124.82,472479.91,339.75,1286099.05
CZ14/EPr&0&cDXGF&Ex&dxAC_equip/NE-dxAC-PkgAC-65to134-Ex-EER-13.0/instance-out.sql,124.00,469379.36,337.02,1275743.23
CZ14/EPr&0&cDXGF&Ex&dxAC_equip/NE-dxAC-PkgAC-135to239-Ex-EER-10.8/instance-out.sql,127.50,482629.71,348.71,1319999.37
CZ14/EPr&0&cDXGF&Ex&dxAC_equip/NE-dxAC-PkgAC-135to239-Ex-EER-11.5/instance-out.sql,126.08,477242.32,343.96,1302005.48
CZ14/EPr&0&cDXGF&Ex&dxAC_equip/NE-dxAC-PkgAC-135to239-Ex-EER-12.0/instance-out.sql,125.20,473942.63,341.04,1290984.55
CZ14/EPr&0&cDXGF&Ex&dxAC_equip/NE-dxAC-PkgAC-135to239-Ex-EER-12.5/instance-out.sql,124.35,470726.14,338.21,1280241.45
CZ14/EPr&0&cDXGF&Ex&dxAC_equip/NE-dxAC-PkgAC-240to759-Ex-EER-9.8/instance-out.sql,128.19,485230.80,351.00,1328687.01
CZ14/EPr&0&cDXGF&Ex&dxAC_equip/NE-dxAC-PkgAC-240to759-Ex-EER-10.8/instance-out.sql,126.02,477040.59,343.78,1301331.71
CZ14/EPr&0&cDXGF&Ex&dxAC_equip/NE-dxAC-PkgAC-240to759-Ex-EER-11.5/instance-out.sql,124.68,471945.29,339.28,1284313.43
CZ14/EPr&0&cDXGF&Ex&dxAC_equip/NE-dxAC-PkgAC-240to759-Ex-EER-12.5/instance-out.sql,123.04,465761.69,333.83,1263660.21
CZ14/EPr&0&cDXGF&Ex&dxAC_equip/NE-dxAC-PkgAC-gt760-Ex-EER-9.5/instance-out.sql,127.68,483324.08,349.32,1322318.58
CZ14/EPr&0&cDXGF&Ex&dxAC_equip/NE-dxAC-PkgAC-gt760-Ex-EER-10.2/instance-out.sql,126.08,477242.32,343.96,1302005.48
CZ14/EPr&0&cDXGF&Ex&dxAC_equip/NE-dxAC-PkgAC-gt760-Ex-EER-11.0/instance-out.sql,124.54,471418.02,338.82,1282552.32
CZ14/EPr&0&cDXGF&Ex&dxAC_equip/NE-dxAC-PkgAC-gt760-Ex-EER-12.0/instance-out.sql,122.85,465021.41,333.17,1261187.65
CZ14/ERC&0&cDXGF&Ex&dxAC_equip/NE-dxAC-PkgAC-65to134-Ex-EER-11.0/instance-out.sql,88.51,23712.01,213.95,57316.98
CZ14/ERC&0&cDXGF&Ex&dxAC_equip/NE-dxAC-PkgAC-65to134-Ex-EER-11.5/instance-out.sql,87.83,23528.31,211.66,56703.42
CZ14/ERC&0&cDXGF&Ex&dxAC_equip/NE-dxAC-PkgAC-65to134-Ex-EER-12.0/instance-out.sql,87.20,23359.70,209.56,56140.25
CZ14/ERC&0&cDXGF&Ex&dxAC_equip/NE-dxAC-PkgAC-65to134-Ex-EER-12.5/instance-out.sql,86.62,23204.39,207.62,55621.51
CZ14/ERC&0&cDXGF&Ex&dxAC_equip/NE-dxAC-PkgAC-65to134-Ex-EER-13.0/instance-out.sql,86.05,23052.76,205.73,55115.07
CZ14/ERC&0&cDXGF&Ex&dxAC_equip/NE-dxAC-PkgAC-135to239-Ex-EER-10.8/instance-out.sql,88.47,23700.75,213.81,57279.37
CZ14/ERC&0&cDXGF&Ex&dxAC_equip/NE-dxAC-PkgAC-135to239-Ex-EER-11.5/instance-out.sql,87.49,23437.29,210.53,56399.40
CZ14/ERC&0&cDXGF&Ex&dxAC_equip/NE-dxAC-PkgAC-135to239-Ex-EER-12.0/instance-out.sql,86.88,23275.92,208.52,55860.43
CZ14/ERC&0&cDXGF&Ex&dxAC_equip/NE-dxAC-PkgAC-135to239-Ex-EER-12.5/instance-out.sql,86.30,23118.62,206.56,55335.05
CZ14/ERC&0&cDXGF&Ex&dxAC_equip/NE-dxAC-PkgAC-240to759-Ex-EER-9.8/instance-out.sql,88.95,23827.96,215.40,57704.23
CZ14/ERC&0&cDXGF&Ex&dxAC_equip/NE-dxAC-PkgAC-240to759-Ex-EER-10.8/instance-out.sql,87.45,23427.42,210.41,56366.45
CZ14/ERC&0&cDXGF&Ex&dxAC_equip/NE-dxAC-PkgAC-240to759-Ex-EER-11.5/instance-out.sql,86.52,23178.24,207.30,55534.18
CZ14/ERC&0&cDXGF&Ex&dxAC_equip/NE-dxAC-PkgAC-240to759-Ex-EER-12.5/instance-out.sql,85.39,22875.84,203.53,54524.16
CZ14/ERC&0&cDXGF&Ex&dxAC_equip/NE-dxAC-PkgAC-gt760-Ex-EER-9.5/instance-out.sql,88.60,23734.71,214.24,57392.79
CZ14/ERC&0&cDXGF&Ex&dxAC_equip/NE-dxAC-PkgAC-gt760-Ex-EER-10.2/instance-out.sql,87.49,23437.29,210.53,56399.40
CZ14/ERC&0&cDXGF&Ex&dxAC_equip/NE-dxAC-PkgAC-gt760-Ex-EER-11.0/instance-out.sql,86.42,23152.46,206.98,55448.06
CZ14/ERC&0&cDXGF&Ex&dxAC_equip/NE-dxAC-PkgAC-gt760-Ex-EER-12.0/instance-out.sql,85.26,22839.64,203.08,54403.24
CZ14/ESe&0&cDXGF&Ex&dxAC_equip/NE-dxAC-PkgAC-65to134-Ex-EER-11.0/instance-out.sql,195.73,1352907.40,544.75,3765434.99
CZ14/ESe&0&cDXGF&Ex&dxAC_equip/NE-dxAC-PkgAC-65to134-Ex-EER-11.5/instance-out.sql,195.15,1348949.24,542.84,3752214.74
CZ14/ESe&0&cDXGF&Ex&dxAC_equip/NE-dxAC-PkgAC-65to134-Ex-EER-12.0/instance-out.sql,194.63,1345316.15,541.08,3740080.22
CZ14/ESe&0&cDXGF&Ex&dxAC_equip/NE-dxAC-PkgAC-65to134-Ex-EER-12.5/instance-out.sql,194.14,1341969.66,539.47,3728902.94
CZ14/ESe&0&cDXGF&Ex&dxAC_equip/NE-dxAC-PkgAC-65to134-Ex-EER-13.0/instance-out.sql,193.67,1338702.53,537.89,3717990.70
CZ14/ESe&0&cDXGF&Ex&dxAC_equip/NE-dxAC-PkgAC-135to239-Ex-EER-10.8/instance-out.sql,195.69,1352664.79,544.63,3764624.67
CZ14/ESe&0&cDXGF&Ex&dxAC_equip/NE-dxAC-PkgAC-135to239-Ex-EER-11.5/instance-out.sql,194.87,1346987.94,541.89,3745664.00
CZ14/ESe&0&cDXGF&Ex&dxAC_equip/NE-dxAC-PkgAC-135to239-Ex-EER-12.0/instance-out.sql,194.37,1343510.97,540.21,3734050.92
CZ14/ESe&0&cDXGF&Ex&dxAC_equip/NE-dxAC-PkgAC-135to239-Ex-EER-12.5/instance-out.sql,193.88,1340121.66,538.57,3722730.61
CZ14/ESe&0&cDXGF&Ex&dxAC_equip/NE-dxAC-PkgAC-240to759-Ex-EER-9.8/instance-out.sql,196.09,1355405.64,545.96,3773779.09
CZ14/ESe&0&cDXGF&Ex&dxAC_equip/NE-dxAC-PkgAC-240to759-Ex-EER-10.8/instance-out.sql,194.84,1346775.38,541.79,3744954.02
CZ14/ESe&0&cDXGF&Ex&dxAC_equip/NE-dxAC-PkgAC-240to759-Ex-EER-11.5/instance-out.sql,194.06,1341406.32,539.19,3727021.37
CZ14/ESe&0&cDXGF&Ex&dxAC_equip/NE-dxAC-PkgAC-240to759-Ex-EER-12.5/instance-out.sql,193.12,1334890.48,536.05,3705258.48
CZ14/ESe&0&cDXGF&Ex&dxAC_equip/NE-dxAC-PkgAC-gt760-Ex-EER-9.5/instance-out.sql,195.80,1353396.47,544.99,3767068.49
CZ14/ESe&0&cDXGF&Ex&dxAC_equip/NE-dxAC-PkgAC-gt760-Ex-EER-10.2/instance-out.sql,194.87,1346987.94,541.89,3745664.00
CZ14/ESe&0&cDXGF&Ex&dxAC_equip/NE-dxAC-PkgAC-gt760-Ex-EER-11.0/instance-out.sql,193.98,1340850.71,538.93,3725165.64
CZ14/ESe&0&cDXGF&Ex&dxAC_equip/NE-dxAC-PkgAC-gt760-Ex-EER-12.0/instance-out.sql,193.01,1334110.42,535.67,3702653.08
CZ14/EUn&0&cDXGF&Ex&dxAC_equip/NE-dxAC-PkgAC-65to134-Ex-EER-11.0/instance-out.sql,122.44,9757183.48,383.40,30553778.47
CZ14/EUn&0&cDXGF&Ex&dxAC_equip/NE-dxAC-PkgAC-65to134-Ex-EER-11.5/instance-out.sql,121.71,9699003.50,380.96,30359457.36
CZ14/EUn&0&cDXGF&Ex&dxAC_equip/NE-dxAC-PkgAC-65to134-Ex-EER-12.0/instance-out.sql,121.04,9645601.60,378.73,30181094.99
CZ14/EUn&0&cDXGF&Ex&dxAC_equip/NE-dxAC-PkgAC-65to134-Ex-EER-12.5/instance-out.sql,120.42,9596412.37,376.67,30016802.97
CZ14/EUn&0&cDXGF&Ex&dxAC_equip/NE-dxAC-PkgAC-65to134-Ex-EER-13.0/instance-out.sql,119.82,9548389.56,374.65,29856406.78
CZ14/EUn&0&cDXGF&Ex&dxAC_equip/NE-dxAC-PkgAC-135to239-Ex-EER-10.8/instance-out.sql,122.39,9753617.40,383.25,30541867.79
CZ14/EUn&0&cDXGF&Ex&dxAC_equip/NE-dxAC-PkgAC-135to239-Ex-EER-11.5/instance-out.sql,121.35,9670174.83,379.76,30263169.59
CZ14/EUn&0&cDXGF&Ex&dxAC_equip/NE-dxAC-PkgAC-135to239-Ex-EER-12.0/instance-out.sql,120.70,9619067.73,377.61,30092471.89
CZ14/EUn&0&cDXGF&Ex&dxAC_equip/NE-dxAC-PkgAC-135to239-Ex-EER-12.5/instance-out.sql,120.08,9569249.05,375.53,29926077.48
CZ14/EUn&0&cDXGF&Ex&dxAC_equip/NE-dxAC-PkgAC-240to759-Ex-EER-9.8/instance-out.sql,122.90,9793904.38,384.94,30676426.29
CZ14/EUn&0&cDXGF&Ex&dxAC_equip/NE-dxAC-PkgAC-240to759-Ex-EER-10.8/instance-out.sql,121.31,9667050.35,379.63,30252733.82
CZ14/EUn&0&cDXGF&Ex&dxAC_equip/NE-dxAC-PkgAC-240to759-Ex-EER-11.5/instance-out.sql,120.32,9588131.94,376.32,29989146.33
CZ14/EUn&0&cDXGF&Ex&dxAC_equip/NE-dxAC-PkgAC-240to759-Ex-EER-12.5/instance-out.sql,119.11,9492357.29,372.30,29669259.01
CZ14/EUn&0&cDXGF&Ex&dxAC_equip/NE-dxAC-PkgAC-gt760-Ex-EER-9.5/instance-out.sql,122.53,9764372.23,383.70,30577788.89
CZ14/EUn&0&cDXGF&Ex&dxAC_equip/NE-dxAC-PkgAC-gt760-Ex-EER-10.2/instance-out.sql,121.35,9670174.83,379.76,30263169.59
CZ14/EUn&0&cDXGF&Ex&dxAC_equip/NE-dxAC-PkgAC-gt760-Ex-EER-11.0/instance-out.sql,120.21,9579965.20,375.98,29961869.42
CZ14/EUn&0&cDXGF&Ex&dxAC_equip/NE-dxAC-PkgAC-gt760-Ex-EER-12.0/instance-out.sql,118.97,9480891.38,371.82,29630962.88
CZ14/Gro&0&cDXGF&Ex&dxAC_equip/NE-dxAC-PkgAC-65to134-Ex-EER-11.0/instance-out.sql,474.44,2203712.69,1520.27,7061460.20
CZ14/Gro&0&cDXGF&Ex&dxAC_equip/NE-dxAC-PkgAC-65to134-Ex-EER-11.5/instance-out.sql,473.22,2198034.37,1516.19,7042494.60
CZ14/Gro&0&cDXGF&Ex&dxAC_equip/NE-dxAC-PkgAC-65to134-Ex-EER-12.0/instance-out.sql,472.10,2192822.38,1512.44,7025086.56
CZ14/Gro&0&cDXGF&Ex&dxAC_equip/NE-dxAC-PkgAC-65to134-Ex-EER-12.5/instance-out.sql,471.06,2188021.55,1508.99,7009051.78
CZ14/Gro&0&cDXGF&Ex&dxAC_equip/NE-dxAC-PkgAC-65to134-Ex-EER-13.0/instance-out.sql,470.05,2183334.56,1505.62,6993397.23
CZ14/Gro&0&cDXGF&Ex&dxAC_equip/NE-dxAC-PkgAC-135to239-Ex-EER-10.8/instance-out.sql,474.37,2203364.64,1520.02,7060297.72
CZ14/Gro&0&cDXGF&Ex&dxAC_equip/NE-dxAC-PkgAC-135to239-Ex-EER-11.5/instance-out.sql,472.61,2195220.71,1514.16,7033096.98
CZ14/Gro&0&cDXGF&Ex&dxAC_equip/NE-dxAC-PkgAC-135to239-Ex-EER-12.0/instance-out.sql,471.54,2190232.69,1510.58,7016437.01
CZ14/Gro&0&cDXGF&Ex&dxAC_equip/NE-dxAC-PkgAC-135to239-Ex-EER-12.5/instance-out.sql,470.49,2185370.43,1507.08,7000197.04
CZ14/Gro&0&cDXGF&Ex&dxAC_equip/NE-dxAC-PkgAC-240to759-Ex-EER-9.8/instance-out.sql,475.21,2207296.62,1522.85,7073430.53
CZ14/Gro&0&cDXGF&Ex&dxAC_equip/NE-dxAC-PkgAC-240to759-Ex-EER-10.8/instance-out.sql,472.55,2194915.76,1513.95,7032078.46
CZ14/Gro&0&cDXGF&Ex&dxAC_equip/NE-dxAC-PkgAC-240to759-Ex-EER-11.5/instance-out.sql,470.89,2187213.38,1508.41,7006352.52
CZ14/Gro&0&cDXGF&Ex&dxAC_equip/NE-dxAC-PkgAC-240to759-Ex-EER-12.5/instance-out.sql,468.88,2177865.85,1501.69,6975131.75
CZ14/Gro&0&cDXGF&Ex&dxAC_equip/NE-dxAC-PkgAC-gt760-Ex-EER-9.5/instance-out.sql,474.59,2204414.30,1520.78,7063803.60
CZ14/Gro&0&cDXGF&Ex&dxAC_equip/NE-dxAC-PkgAC-gt760-Ex-EER-10.2/instance-out.sql,472.61,2195220.71,1514.16,7033096.98
CZ14/Gro&0&cDXGF&Ex&dxAC_equip/NE-dxAC-PkgAC-gt760-Ex-EER-11.0/instance-out.sql,470.72,2186416.31,1507.83,7003690.31
CZ14/Gro&0&cDXGF&Ex&dxAC_equip/NE-dxAC-PkgAC-gt760-Ex-EER-12.0/instance-out.sql,468.63,2176746.78,1500.88,6971394.08
CZ14/Hsp&0&cDXGF&Ex&dxAC_equip/NE-dxAC-PkgAC-65to134-Ex-EER-11.0/instance-out.sql,99.50,4567040.38,307.86,14130426.75
CZ14/Hsp&0&cDXGF&Ex&dxAC_equip/NE-dxAC-PkgAC-65to134-Ex-EER-11.5/instance-out.sql,99.30,4557899.65,307.19,14099896.71
CZ14/Hsp&0&cDXGF&Ex&dxAC_equip/NE-dxAC-PkgAC-65to134-Ex-EER-12.0/instance-out.sql,99.12,4549509.61,306.58,14071873.96
CZ14/Hsp&0&cDXGF&Ex&dxAC_equip/NE-dxAC-PkgAC-65to134-Ex-EER-12.5/instance-out.sql,98.95,4541781.42,306.02,14046061.83
CZ14/Hsp&0&cDXGF&Ex&dxAC_equip/NE-dxAC-PkgAC-65to134-Ex-EER-13.0/instance-out.sql,98.79,4534236.50,305.47,14020861.77
CZ14/Hsp&0&cDXGF&Ex&dxAC_equip/NE-dxAC-PkgAC-135to239-Ex-EER-10.8/instance-out.sql,99.49,4566480.11,307.82,14128555.45
CZ14/Hsp&0&cDXGF&Ex&dxAC_equip/NE-dxAC-PkgAC-135to239-Ex-EER-11.5/instance-out.sql,99.20,4553370.34,306.86,14084768.81
CZ14/Hsp&0&cDXGF&Ex&dxAC_equip/NE-dxAC-PkgAC-135to239-Ex-EER-12.0/instance-out.sql,99.03,4545340.84,306.28,14057950.27
CZ14/Hsp&0&cDXGF&Ex&dxAC_equip/NE-dxAC-PkgAC-135to239-Ex-EER-12.5/instance-out.sql,98.86,4537513.76,305.71,14031807.83
CZ14/Hsp&0&cDXGF&Ex&dxAC_equip/NE-dxAC-PkgAC-240to759-Ex-EER-9.8/instance-out.sql,99.63,4572809.65,308.28,14149696.11
CZ14/Hsp&0&cDXGF&Ex&dxAC_equip/NE-dxAC-PkgAC-240to759-Ex-EER-10.8/instance-out.sql,99.19,4552879.45,306.83,14083129.23
CZ14/Hsp&0&cDXGF&Ex&dxAC_equip/NE-dxAC-PkgAC-240to759-Ex-EER-11.5/instance-out.sql,98.92,4540480.47,305.92,14041716.66
CZ14/Hsp&0&cDXGF&Ex&dxAC_equip/NE-dxAC-PkgAC-240to759-Ex-EER-12.5/instance-out.sql,98.59,4525433.19,304.83,13991458.74
CZ14/Hsp&0&cDXGF&Ex&dxAC_equip/NE-dxAC-PkgAC-gt760-Ex-EER-9.5/instance-out.sql,99.53,4568169.81,307.94,14134199.06
CZ14/Hsp&0&cDXGF&Ex&dxAC_equip/NE-dxAC-PkgAC-gt760-Ex-EER-10.2/instance-out.sql,99.20,4553370.34,306.86,14084768.81
CZ14/Hsp&0&cDXGF&Ex&dxAC_equip/NE-dxAC-PkgAC-gt760-Ex-EER-11.0/instance-out.sql,98.89,4539197.39,305.83,14037431.15
CZ14/Hsp&0&cDXGF&Ex&dxAC_equip/NE-dxAC-PkgAC-gt760-Ex-EER-12.0/instance-out.sql,98.56,4523631.77,304.70,13985441.99
CZ14/MBT&0&cDXGF&Ex&dxAC_equip/NE-dxAC-PkgAC-65to134-Ex-EER-11.0/instance-out.sql,177.34,6589310.75,445.05,16536322.71
CZ14/MBT&0&cDXGF&Ex&dxAC_equip/NE-dxAC-PkgAC-65to134-Ex-EER-11.5/instance-out.sql,177.01,6576989.76,443.94,16495170.61
CZ14/MBT&0&cDXGF&Ex&dxAC_equip/NE-dxAC-PkgAC-65to134-Ex-EER-12.0/instance-out.sql,176.70,6565680.64,442.92,16457398.15
CZ14/MBT&0&cDXGF&Ex&dxAC_equip/NE-dxAC-PkgAC-65to134-Ex-EER-12.5/instance-out.sql,176.42,6555263.65,441.99,16422605.41
CZ14/MBT&0&cDXGF&Ex&dxAC_equip/NE-dxAC-PkgAC-65to134-Ex-EER-13.0/instance-out.sql,176.15,6545093.68,441.07,16388637.72
CZ14/MBT&0&cDXGF&Ex&dxAC_equip/NE-dxAC-PkgAC-135to239-Ex-EER-10.8/instance-out.sql,177.32,6588555.55,444.98,16533800.34
CZ14/MBT&0&cDXGF&Ex&dxAC_equip/NE-dxAC-PkgAC-135to239-Ex-EER-11.5/instance-out.sql,176.84,6570884.60,443.39,16474779.39
CZ14/MBT&0&cDXGF&Ex&dxAC_equip/NE-dxAC-PkgAC-135to239-Ex-EER-12.0/instance-out.sql,176.55,6560061.46,442.42,16438630.10
CZ14/MBT&0&cDXGF&Ex&dxAC_equip/NE-dxAC-PkgAC-135to239-Ex-EER-12.5/instance-out.sql,176.27,6549511.17,441.47,16403392.14
CZ14/MBT&0&cDXGF&Ex&dxAC_equip/NE-dxAC-PkgAC-240to759-Ex-EER-9.8/instance-out.sql,177.55,6597087.27,445.75,16562296.30
CZ14/MBT&0&cDXGF&Ex&dxAC_equip/NE-dxAC-PkgAC-240to759-Ex-EER-10.8/instance-out.sql,176.83,6570222.92,443.33,16472569.37
CZ14/MBT&0&cDXGF&Ex&dxAC_equip/NE-dxAC-PkgAC-240to759-Ex-EER-11.5/instance-out.sql,176.38,6553510.07,441.83,16416748.46
CZ14/MBT&0&cDXGF&Ex&dxAC_equip/NE-dxAC-PkgAC-240to759-Ex-EER-12.5/instance-out.sql,175.83,6533227.52,440.01,16349004.74
CZ14/MBT&0&cDXGF&Ex&dxAC_equip/NE-dxAC-PkgAC-gt760-Ex-EER-9.5/instance-out.sql,177.38,6590833.13,445.18,16541407.49
CZ14/MBT&0&cDXGF&Ex&dxAC_equip/NE-dxAC-PkgAC-gt760-Ex-EER-10.2/instance-out.sql,176.84,6570884.60,443.39,16474779.39
CZ14/MBT&0&cDXGF&Ex&dxAC_equip/NE-dxAC-PkgAC-gt760-Ex-EER-11.0/instance-out.sql,176.33,6551780.57,441.67,16410971.93
CZ14/MBT&0&cDXGF&Ex&dxAC_equip/NE-dxAC-PkgAC-gt760-Ex-EER-12.0/instance-out.sql,175.77,6530799.34,439.79,16340894.62
CZ14/MLI&0&cDXGF&Ex&dxAC_equip/NE-dxAC-PkgAC-65to134-Ex-EER-11.0/instance-out.sql,141.95,1318973.41,446.50,4148715.59
CZ14/MLI&0&cDXGF&Ex&dxAC_equip/NE-dxAC-PkgAC-65to134-Ex-EER-11.5/instance-out.sql,140.67,1307054.95,442.22,4108907.94
CZ14/MLI&0&cDXGF&Ex&dxAC_equip/NE-dxAC-PkgAC-65to134-Ex-EER-12.0/instance-out.sql,139.49,1296115.30,438.28,4072369.51
CZ14/MLI&0&cDXGF&Ex&dxAC_equip/NE-dxAC-PkgAC-65to134-Ex-EER-12.5/instance-out.sql,138.41,1286038.64,434.66,4038713.47
CZ14/MLI&0&cDXGF&Ex&dxAC_equip/NE-dxAC-PkgAC-65to134-Ex-EER-13.0/instance-out.sql,137.35,1276200.93,431.13,4005855.51
CZ14/MLI&0&cDXGF&Ex&dxAC_equip/NE-dxAC-PkgAC-135to239-Ex-EER-10.8/instance-out.sql,141.87,1318242.88,446.24,4146275.63
CZ14/MLI&0&cDXGF&Ex&dxAC_equip/NE-dxAC-PkgAC-135to239-Ex-EER-11.5/instance-out.sql,140.03,1301149.25,440.09,4089182.90
CZ14/MLI&0&cDXGF&Ex&dxAC_equip/NE-dxAC-PkgAC-135to239-Ex-EER-12.0/instance-out.sql,138.91,1290679.70,436.33,4054214.63
CZ14/MLI&0&cDXGF&Ex&dxAC_equip/NE-dxAC-PkgAC-135to239-Ex-EER-12.5/instance-out.sql,137.81,1280474.10,432.66,4020127.90
CZ14/MLI&0&cDXGF&Ex&dxAC_equip/NE-dxAC-PkgAC-240to759-Ex-EER-9.8/instance-out.sql,142.76,1326495.87,449.21,4173840.61
CZ14/MLI&0&cDXGF&Ex&dxAC_equip/NE-dxAC-PkgAC-240to759-Ex-EER-10.8/instance-out.sql,139.97,1300509.18,439.86,4087045.08
CZ14/MLI&0&cDXGF&Ex&dxAC_equip/NE-dxAC-PkgAC-240to759-Ex-EER-11.5/instance-out.sql,138.23,1284342.35,434.05,4033047.87
CZ14/MLI&0&cDXGF&Ex&dxAC_equip/NE-dxAC-PkgAC-240to759-Ex-EER-12.5/instance-out.sql,136.11,1264722.44,427.00,3967517.35
CZ14/MLI&0&cDXGF&Ex&dxAC_equip/NE-dxAC-PkgAC-gt760-Ex-EER-9.5/instance-out.sql,142.11,1320446.06,447.03,4153634.24
CZ14/MLI&0&cDXGF&Ex&dxAC_equip/NE-dxAC-PkgAC-gt760-Ex-EER-10.2/instance-out.sql,140.03,1301149.25,440.09,4089182.90
CZ14/MLI&0&cDXGF&Ex&dxAC_equip/NE-dxAC-PkgAC-gt760-Ex-EER-11.0/instance-out.sql,138.05,1282669.35,433.45,4027460.06
CZ14/MLI&0&cDXGF&Ex&dxAC_equip/NE-dxAC-PkgAC-gt760-Ex-EER-12.0/instance-out.sql,135.86,1262373.59,426.16,3959672.20
CZ14/Mtl&0&cDXGF&Ex&dxAC_equip/NE-dxAC-PkgAC-65to134-Ex-EER-11.0/instance-out.sql,81.61,227345.20,258.07,718943.09
CZ14/Mtl&0&cDXGF&Ex&dxAC_equip/NE-dxAC-PkgAC-65to134-Ex-EER-11.5/instance-out.sql,80.79,225069.43,255.34,711342.02
CZ14/Mtl&0&cDXGF&Ex&dxAC_equip/NE-dxAC-PkgAC-65to134-Ex-EER-12.0/instance-out.sql,80.04,222980.56,252.84,704365.20
CZ14/Mtl&0&cDXGF&Ex&dxAC_equip/NE-dxAC-PkgAC-65to134-Ex-EER-12.5/instance-out.sql,79.35,221056.47,250.53,697938.75
CZ14/Mtl&0&cDXGF&Ex&dxAC_equip/NE-dxAC-PkgAC-65to134-Ex-EER-13.0/instance-out.sql,78.68,219178.01,248.28,691664.69
CZ14/Mtl&0&cDXGF&Ex&dxAC_equip/NE-dxAC-PkgAC-135to239-Ex-EER-10.8/instance-out.sql,81.56,227205.71,257.91,718477.19
CZ14/Mtl&0&cDXGF&Ex&dxAC_equip/NE-dxAC-PkgAC-135to239-Ex-EER-11.5/instance-out.sql,80.39,223941.77,253.99,707575.63
CZ14/Mtl&0&cDXGF&Ex&dxAC_equip/NE-dxAC-PkgAC-135to239-Ex-EER-12.0/instance-out.sql,79.67,221942.66,251.60,700898.61
CZ14/Mtl&0&cDXGF&Ex&dxAC_equip/NE-dxAC-PkgAC-135to239-Ex-EER-12.5/instance-out.sql,78.97,219993.95,249.26,694389.93
CZ14/Mtl&0&cDXGF&Ex&dxAC_equip/NE-dxAC-PkgAC-240to759-Ex-EER-9.8/instance-out.sql,82.12,228781.57,259.80,723740.58
CZ14/Mtl&0&cDXGF&Ex&dxAC_equip/NE-dxAC-PkgAC-240to759-Ex-EER-10.8/instance-out.sql,80.34,223819.55,253.85,707167.42
CZ14/Mtl&0&cDXGF&Ex&dxAC_equip/NE-dxAC-PkgAC-240to759-Ex-EER-11.5/instance-out.sql,79.23,220732.58,250.15,696856.93
CZ14/Mtl&0&cDXGF&Ex&dxAC_equip/NE-dxAC-PkgAC-240to759-Ex-EER-12.5/instance-out.sql,77.89,216986.25,245.65,684344.22
CZ14/Mtl&0&cDXGF&Ex&dxAC_equip/NE-dxAC-PkgAC-gt760-Ex-EER-9.5/instance-out.sql,81.71,227626.39,258.41,719882.28
CZ14/Mtl&0&cDXGF&Ex&dxAC_equip/NE-dxAC-PkgAC-gt760-Ex-EER-10.2/instance-out.sql,80.39,223941.77,253.99,707575.63
CZ14/Mtl&0&cDXGF&Ex&dxAC_equip/NE-dxAC-PkgAC-gt760-Ex-EER-11.0/instance-out.sql,79.12,220413.13,249.76,695789.97
CZ14/Mtl&0&cDXGF&Ex&dxAC_equip/NE-dxAC-PkgAC-gt760-Ex-EER-12.0/instance-out.sql,77.73,216537.75,245.12,682846.22
CZ14/Nrs&0&cDXGF&Ex&dxAC_equip/NE-dxAC-PkgAC-65to134-Ex-EER-11.0/instance-out.sql,113.02,1165450.29,324.68,3348136.00
CZ14/Nrs&0&cDXGF&Ex&dxAC_equip/NE-dxAC-PkgAC-65to134-Ex-EER-11.5/instance-out.sql,112.62,1161317.39,323.34,3334332.11
CZ14/Nrs&0&cDXGF&Ex&dxAC_equip/NE-dxAC-PkgAC-65to134-Ex-EER-12.0/instance-out.sql,112.25,1157523.91,322.11,3321661.88
CZ14/Nrs&0&cDXGF&Ex&dxAC_equip/NE-dxAC-PkgAC-65to134-Ex-EER-12.5/instance-out.sql,111.91,1154029.68,320.98,3309991.15
CZ14/Nrs&0&cDXGF&Ex&dxAC_equip/NE-dxAC-PkgAC-65to134-Ex-EER-13.0/instance-out.sql,111.58,1150618.31,319.88,3298597.18
CZ14/Nrs&0&cDXGF&Ex&dxAC_equip/NE-dxAC-PkgAC-135to239-Ex-EER-10.8/instance-out.sql,112.99,1165196.97,324.60,3347289.91
CZ14/Nrs&0&cDXGF&Ex&dxAC_equip/NE-dxAC-PkgAC-135to239-Ex-EER-11.5/instance-out.sql,112.42,1159269.50,322.68,3327492.17
CZ14/Nrs&0&cDXGF&Ex&dxAC_equip/NE-dxAC-PkgAC-135to239-Ex-EER-12.0/instance-out.sql,112.07,1155639.04,321.50,3315366.41
CZ14/Nrs&0&cDXGF&Ex&dxAC_equip/NE-dxAC-PkgAC-135to239-Ex-EER-12.5/instance-out.sql,111.72,1152100.09,320.36,3303546.34
CZ14/Nrs&0&cDXGF&Ex&dxAC_equip/NE-dxAC-PkgAC-240to759-Ex-EER-9.8/instance-out.sql,113.27,1168058.82,325.52,3356848.47
CZ14/Nrs&0&cDXGF&Ex&dxAC_equip/NE-dxAC-PkgAC-240to759-Ex-EER-10.8/instance-out.sql,112.40,1159047.55,322.61,3326750.85
CZ14/Nrs&0&cDXGF&Ex&dxAC_equip/NE-dxAC-PkgAC-240to759-Ex-EER-11.5/instance-out.sql,111.85,1153441.47,320.79,3308026.52
CZ14/Nrs&0&cDXGF&Ex&dxAC_equip/NE-dxAC-PkgAC-240to759-Ex-EER-12.5/instance-out.sql,111.19,1146637.97,318.59,3285302.86
CZ14/Nrs&0&cDXGF&Ex&dxAC_equip/NE-dxAC-PkgAC-gt760-Ex-EER-9.5/instance-out.sql,113.07,1165960.96,324.84,3349841.61
CZ14/Nrs&0&cDXGF&Ex&dxAC_equip/NE-dxAC-PkgAC-gt760-Ex-EER-10.2/instance-out.sql,112.42,1159269.50,322.68,3327492.17
CZ14/Nrs&0&cDXGF&Ex&dxAC_equip/NE-dxAC-PkgAC-gt760-Ex-EER-11.0/instance-out.sql,111.80,1152861.33,320.60,3306088.87
CZ14/Nrs&0&cDXGF&Ex&dxAC_equip/NE-dxAC-PkgAC-gt760-Ex-EER-12.0/instance-out.sql,111.11,1145823.48,318.32,3282582.44
CZ14/OfL&0&cDXGF&Ex&dxAC_equip/NE-dxAC-PkgAC-65to134-Ex-EER-11.0/instance-out.sql,98.73,3209652.16,319.47,10385442.91
CZ14/OfL&0&cDXGF&Ex&dxAC_equip/NE-dxAC-PkgAC-65to134-Ex-EER-11.5/instance-out.sql,97.96,3184398.66,316.87,10301096.19
CZ14/OfL&0&cDXGF&Ex&dxAC_equip/NE-dxAC-PkgAC-65to134-Ex-EER-12.0/instance-out.sql,97.24,3161219.11,314.49,10223676.50
CZ14/OfL&0&cDXGF&Ex&dxAC_equip/NE-dxAC-PkgAC-65to134-Ex-EER-12.5/instance-out.sql,96.59,3139868.11,312.30,10152364.17
CZ14/OfL&0&cDXGF&Ex&dxAC_equip/NE-dxAC-PkgAC-65to134-Ex-EER-13.0/instance-out.sql,95.94,3119023.40,310.16,10082742.85
CZ14/OfL&0&cDXGF&Ex&dxAC_equip/NE-dxAC-PkgAC-135to239-Ex-EER-10.8/instance-out.sql,98.68,3208104.28,319.31,10380272.98
CZ14/OfL&0&cDXGF&Ex&dxAC_equip/NE-dxAC-PkgAC-135to239-Ex-EER-11.5/instance-out.sql,97.57,3171885.33,315.59,10259301.68
CZ14/OfL&0&cDXGF&Ex&dxAC_equip/NE-dxAC-PkgAC-135to239-Ex-EER-12.0/instance-out.sql,96.89,3149701.86,313.31,10185208.90
CZ14/OfL&0&cDXGF&Ex&dxAC_equip/NE-dxAC-PkgAC-135to239-Ex-EER-12.5/instance-out.sql,96.22,3128077.64,311.09,10112984.00
CZ14/OfL&0&cDXGF&Ex&dxAC_equip/NE-dxAC-PkgAC-240to759-Ex-EER-9.8/instance-out.sql,99.22,3225591.18,321.10,10438679.23
CZ14/OfL&0&cDXGF&Ex&dxAC_equip/NE-dxAC-PkgAC-240to759-Ex-EER-10.8/instance-out.sql,97.53,3170529.12,315.45,10254771.94
CZ14/OfL&0&cDXGF&Ex&dxAC_equip/NE-dxAC-PkgAC-240to759-Ex-EER-11.5/instance-out.sql,96.48,3136273.92,311.93,10140359.57
CZ14/OfL&0&cDXGF&Ex&dxAC_equip/NE-dxAC-PkgAC-240to759-Ex-EER-12.5/instance-out.sql,95.20,3094702.12,307.66,10001509.78
CZ14/OfL&0&cDXGF&Ex&dxAC_equip/NE-dxAC-PkgAC-gt760-Ex-EER-9.5/instance-out.sql,98.83,3212772.50,319.79,10395864.84
CZ14/OfL&0&cDXGF&Ex&dxAC_equip/NE-dxAC-PkgAC-gt760-Ex-EER-10.2/instance-out.sql,97.57,3171885.33,315.59,10259301.68
CZ14/OfL&0&cDXGF&Ex&dxAC_equip/NE-dxAC-PkgAC-gt760-Ex-EER-11.0/instance-out.sql,96.37,3132729.07,311.56,10128519.79
CZ14/OfL&0&cDXGF&Ex&dxAC_equip/NE-dxAC-PkgAC-gt760-Ex-EER-12.0/instance-out.sql,95.04,3089725.25,307.15,9984887.02
CZ14/OfS&0&cDXGF&Ex&dxAC_equip/NE-dxAC-PkgAC-65to134-Ex-EER-11.0/instance-out.sql,102.91,191262.35,316.49,588185.67
CZ14/OfS&0&cDXGF&Ex&dxAC_equip/NE-dxAC-PkgAC-65to134-Ex-EER-11.5/instance-out.sql,101.85,189292.86,312.95,581607.56
CZ14/OfS&0&cDXGF&Ex&dxAC_equip/NE-dxAC-PkgAC-65to134-Ex-EER-12.0/instance-out.sql,100.88,187485.11,309.70,575569.68
CZ14/OfS&0&cDXGF&Ex&dxAC_equip/NE-dxAC-PkgAC-65to134-Ex-EER-12.5/instance-out.sql,99.98,185819.97,306.70,570008.11
CZ14/OfS&0&cDXGF&Ex&dxAC_equip/NE-dxAC-PkgAC-65to134-Ex-EER-13.0/instance-out.sql,99.11,184194.31,303.78,564578.42
CZ14/OfS&0&cDXGF&Ex&dxAC_equip/NE-dxAC-PkgAC-135to239-Ex-EER-10.8/instance-out.sql,102.85,191141.63,316.27,587782.47
CZ14/OfS&0&cDXGF&Ex&dxAC_equip/NE-dxAC-PkgAC-135to239-Ex-EER-11.5/instance-out.sql,101.33,188316.95,311.19,578348.05
CZ14/OfS&0&cDXGF&Ex&dxAC_equip/NE-dxAC-PkgAC-135to239-Ex-EER-12.0/instance-out.sql,100.40,186586.89,308.08,572569.64
CZ14/OfS&0&cDXGF&Ex&dxAC_equip/NE-dxAC-PkgAC-135to239-Ex-EER-12.5/instance-out.sql,99.49,184900.44,305.05,566936.90
CZ14/OfS&0&cDXGF&Ex&dxAC_equip/NE-dxAC-PkgAC-240to759-Ex-EER-9.8/instance-out.sql,103.58,192505.42,318.72,592337.51
CZ14/OfS&0&cDXGF&Ex&dxAC_equip/NE-dxAC-PkgAC-240to759-Ex-EER-10.8/instance-out.sql,101.27,188211.18,311.00,577994.78
CZ14/OfS&0&cDXGF&Ex&dxAC_equip/NE-dxAC-PkgAC-240to759-Ex-EER-11.5/instance-out.sql,99.83,185539.66,306.20,569071.89
CZ14/OfS&0&cDXGF&Ex&dxAC_equip/NE-dxAC-PkgAC-240to759-Ex-EER-12.5/instance-out.sql,98.09,182297.52,300.37,558243.14
CZ14/OfS&0&cDXGF&Ex&dxAC_equip/NE-dxAC-PkgAC-gt760-Ex-EER-9.5/instance-out.sql,103.04,191505.70,316.92,588998.47
CZ14/OfS&0&cDXGF&Ex&dxAC_equip/NE-dxAC-PkgAC-gt760-Ex-EER-10.2/instance-out.sql,101.33,188316.95,311.19,578348.05
CZ14/OfS&0&cDXGF&Ex&dxAC_equip/NE-dxAC-PkgAC-gt760-Ex-EER-11.0/instance-out.sql,99.68,185263.20,305.70,568148.52
CZ14/OfS&0&cDXGF&Ex&dxAC_equip/NE-dxAC-PkgAC-gt760-Ex-EER-12.0/instance-out.sql,97.88,181909.38,299.68,556946.75
CZ14/RFF&0&cDXGF&Ex&dxAC_equip/NE-dxAC-PkgAC-65to134-Ex-EER-11.0/instance-out.sql,336.62,124974.33,853.87,317005.78
CZ14/RFF&0&cDXGF&Ex&dxAC_equip/NE-dxAC-PkgAC-65to134-Ex-EER-11.5/instance-out.sql,335.02,124378.82,848.51,315016.78
CZ14/RFF&0&cDXGF&Ex&dxAC_equip/NE-dxAC-PkgAC-65to134-Ex-EER-12.0/instance-out.sql,333.55,123832.22,843.59,313191.13
CZ14/RFF&0&cDXGF&Ex&dxAC_equip/NE-dxAC-PkgAC-65to134-Ex-EER-12.5/instance-out.sql,332.19,123328.74,839.06,311509.50
CZ14/RFF&0&cDXGF&Ex&dxAC_equip/NE-dxAC-PkgAC-65to134-Ex-EER-13.0/instance-out.sql,330.87,122837.19,834.64,309867.75
CZ14/RFF&0&cDXGF&Ex&dxAC_equip/NE-dxAC-PkgAC-135to239-Ex-EER-10.8/instance-out.sql,336.52,124937.83,853.54,316883.87
CZ14/RFF&0&cDXGF&Ex&dxAC_equip/NE-dxAC-PkgAC-135to239-Ex-EER-11.5/instance-out.sql,334.22,124083.74,845.85,314031.22
CZ14/RFF&0&cDXGF&Ex&dxAC_equip/NE-dxAC-PkgAC-135to239-Ex-EER-12.0/instance-out.sql,332.82,123560.63,841.15,312284.02
CZ14/RFF&0&cDXGF&Ex&dxAC_equip/NE-dxAC-PkgAC-135to239-Ex-EER-12.5/instance-out.sql,331.44,123050.70,836.56,310580.87
CZ14/RFF&0&cDXGF&Ex&dxAC_equip/NE-dxAC-PkgAC-240to759-Ex-EER-9.8/instance-out.sql,337.64,125350.19,857.25,318261.16
CZ14/RFF&0&cDXGF&Ex&dxAC_equip/NE-dxAC-PkgAC-240to759-Ex-EER-10.8/instance-out.sql,334.14,124051.76,845.57,313924.40
CZ14/RFF&0&cDXGF&Ex&dxAC_equip/NE-dxAC-PkgAC-240to759-Ex-EER-11.5/instance-out.sql,331.96,123243.98,838.30,311226.42
CZ14/RFF&0&cDXGF&Ex&dxAC_equip/NE-dxAC-PkgAC-240to759-Ex-EER-12.5/instance-out.sql,329.32,122263.67,829.48,307952.17
CZ14/RFF&0&cDXGF&Ex&dxAC_equip/NE-dxAC-PkgAC-gt760-Ex-EER-9.5/instance-out.sql,336.82,125047.91,854.53,317251.55
CZ14/RFF&0&cDXGF&Ex&dxAC_equip/NE-dxAC-PkgAC-gt760-Ex-EER-10.2/instance-out.sql,334.22,124083.74,845.85,314031.22
CZ14/RFF&0&cDXGF&Ex&dxAC_equip/NE-dxAC-PkgAC-gt760-Ex-EER-11.0/instance-out.sql,331.74,123160.39,837.55,310947.22
CZ14/RFF&0&cDXGF&Ex&dxAC_equip/NE-dxAC-PkgAC-gt760-Ex-EER-12.0/instance-out.sql,329.01,122146.31,828.43,307560.19
CZ14/RSD&0&cDXGF&Ex&dxAC_equip/NE-dxAC-PkgAC-65to134-Ex-EER-11.0/instance-out.sql,293.18,305194.63,675.50,703184.45
CZ14/RSD&0&cDXGF&Ex&dxAC_equip/NE-dxAC-PkgAC-65to134-Ex-EER-11.5/instance-out.sql,292.89,304895.83,674.54,702186.45
CZ14/RSD&0&cDXGF&Ex&dxAC_equip/NE-dxAC-PkgAC-65to134-Ex-EER-12.0/instance-out.sql,292.63,304621.56,673.66,701270.40
CZ14/RSD&0&cDXGF&Ex&dxAC_equip/NE-dxAC-PkgAC-65to134-Ex-EER-12.5/instance-out.sql,292.39,304368.93,672.85,700426.63
CZ14/RSD&0&cDXGF&Ex&dxAC_equip/NE-dxAC-PkgAC-65to134-Ex-EER-13.0/instance-out.sql,292.15,304122.30,672.06,699602.85
CZ14/RSD&0&cDXGF&Ex&dxAC_equip/NE-dxAC-PkgAC-135to239-Ex-EER-10.8/instance-out.sql,293.16,305176.31,675.44,703123.28
CZ14/RSD&0&cDXGF&Ex&dxAC_equip/NE-dxAC-PkgAC-135to239-Ex-EER-11.5/instance-out.sql,292.75,304747.77,674.07,701691.93
CZ14/RSD&0&cDXGF&Ex&dxAC_equip/NE-dxAC-PkgAC-135to239-Ex-EER-12.0/instance-out.sql,292.50,304485.29,673.22,700815.25
CZ14/RSD&0&cDXGF&Ex&dxAC_equip/NE-dxAC-PkgAC-135to239-Ex-EER-12.5/instance-out.sql,292.25,304229.43,672.40,699960.67
CZ14/RSD&0&cDXGF&Ex&dxAC_equip/NE-dxAC-PkgAC-240to759-Ex-EER-9.8/instance-out.sql,293.36,305383.22,676.10,703814.35
CZ14/RSD&0&cDXGF&Ex&dxAC_equip/NE-dxAC-PkgAC-240to759-Ex-EER-10.8/instance-out.sql,292.73,304731.72,674.01,701638.33
CZ14/RSD&0&cDXGF&Ex&dxAC_equip/NE-dxAC-PkgAC-240to759-Ex-EER-11.5/instance-out.sql,292.34,304326.41,672.71,700284.58
CZ14/RSD&0&cDXGF&Ex&dxAC_equip/NE-dxAC-PkgAC-240to759-Ex-EER-12.5/instance-out.sql,291.87,303834.52,671.13,698641.69
CZ14/RSD&0&cDXGF&Ex&dxAC_equip/NE-dxAC-PkgAC-gt760-Ex-EER-9.5/instance-out.sql,293.21,305231.55,675.62,703307.76
CZ14/RSD&0&cDXGF&Ex&dxAC_equip/NE-dxAC-PkgAC-gt760-Ex-EER-10.2/instance-out.sql,292.75,304747.77,674.07,701691.93
CZ14/RSD&0&cDXGF&Ex&dxAC_equip/NE-dxAC-PkgAC-gt760-Ex-EER-11.0/instance-out.sql,292.30,304284.46,672.58,700144.49
CZ14/RSD&0&cDXGF&Ex&dxAC_equip/NE-dxAC-PkgAC-gt760-Ex-EER-12.0/instance-out.sql,291.82,303775.63,670.95,698445.01
CZ14/Rt3&0&cDXGF&Ex&dxAC_equip/NE-dxAC-PkgAC-65to134-Ex-EER-11.0/instance-out.sql,110.64,2466994.69,351.50,7837238.60
CZ14/Rt3&0&cDXGF&Ex&dxAC_equip/NE-dxAC-PkgAC-65to134-Ex-EER-11.5/instance-out.sql,109.74,2446853.18,348.48,7769965.94
CZ14/Rt3&0&cDXGF&Ex&dxAC_equip/NE-dxAC-PkgAC-65to134-Ex-EER-12.0/instance-out.sql,108.91,2428365.80,345.71,7708218.09
CZ14/Rt3&0&cDXGF&Ex&dxAC_equip/NE-dxAC-PkgAC-65to134-Ex-EER-12.5/instance-out.sql,108.15,2411336.82,343.16,7651341.30
CZ14/Rt3&0&cDXGF&Ex&dxAC_equip/NE-dxAC-PkgAC-65to134-Ex-EER-13.0/instance-out.sql,107.40,2394711.64,340.67,7595813.22
CZ14/Rt3&0&cDXGF&Ex&dxAC_equip/NE-dxAC-PkgAC-135to239-Ex-EER-10.8/instance-out.sql,110.59,2465760.14,351.31,7833115.20
CZ14/Rt3&0&cDXGF&Ex&dxAC_equip/NE-dxAC-PkgAC-135to239-Ex-EER-11.5/instance-out.sql,109.29,2436872.89,346.99,7736631.76
CZ14/Rt3&0&cDXGF&Ex&dxAC_equip/NE-dxAC-PkgAC-135to239-Ex-EER-12.0/instance-out.sql,108.50,2419179.95,344.33,7677537.37
CZ14/Rt3&0&cDXGF&Ex&dxAC_equip/NE-dxAC-PkgAC-135to239-Ex-EER-12.5/instance-out.sql,107.73,2401933.06,341.75,7619932.75
CZ14/Rt3&0&cDXGF&Ex&dxAC_equip/NE-dxAC-PkgAC-240to759-Ex-EER-9.8/instance-out.sql,111.21,2479707.22,353.40,7879698.45
CZ14/Rt3&0&cDXGF&Ex&dxAC_equip/NE-dxAC-PkgAC-240to759-Ex-EER-10.8/instance-out.sql,109.24,2435791.21,346.82,7733018.97
CZ14/Rt3&0&cDXGF&Ex&dxAC_equip/NE-dxAC-PkgAC-240to759-Ex-EER-11.5/instance-out.sql,108.02,2408470.19,342.73,7641766.75
CZ14/Rt3&0&cDXGF&Ex&dxAC_equip/NE-dxAC-PkgAC-240to759-Ex-EER-12.5/instance-out.sql,106.53,2375313.65,337.76,7531023.92
CZ14/Rt3&0&cDXGF&Ex&dxAC_equip/NE-dxAC-PkgAC-gt760-Ex-EER-9.5/instance-out.sql,110.76,2469483.39,351.87,7845550.84
CZ14/Rt3&0&cDXGF&Ex&dxAC_equip/NE-dxAC-PkgAC-gt760-Ex-EER-10.2/instance-out.sql,109.29,2436872.89,346.99,7736631.76
CZ14/Rt3&0&cDXGF&Ex&dxAC_equip/NE-dxAC-PkgAC-gt760-Ex-EER-11.0/instance-out.sql,107.89,2405642.92,342.31,7632323.67
CZ14/Rt3&0&cDXGF&Ex&dxAC_equip/NE-dxAC-PkgAC-gt760-Ex-EER-12.0/instance-out.sql,106.35,2371344.23,337.17,7517766.06
CZ14/RtL&0&cDXGF&Ex&dxAC_equip/NE-dxAC-PkgAC-65to134-Ex-EER-11.0/instance-out.sql,206.88,2508241.33,657.80,7975123.70
CZ14/RtL&0&cDXGF&Ex&dxAC_equip/NE-dxAC-PkgAC-65to134-Ex-EER-11.5/instance-out.sql,205.16,2487395.70,652.05,7905499.29
CZ14/RtL&0&cDXGF&Ex&dxAC_equip/NE-dxAC-PkgAC-65to134-Ex-EER-12.0/instance-out.sql,203.58,2468262.03,646.78,7841592.82
CZ14/RtL&0&cDXGF&Ex&dxAC_equip/NE-dxAC-PkgAC-65to134-Ex-EER-12.5/instance-out.sql,202.13,2450637.74,641.93,7782727.70
CZ14/RtL&0&cDXGF&Ex&dxAC_equip/NE-dxAC-PkgAC-65to134-Ex-EER-13.0/instance-out.sql,200.71,2433431.37,637.19,7725258.44
CZ14/RtL&0&cDXGF&Ex&dxAC_equip/NE-dxAC-PkgAC-135to239-Ex-EER-10.8/instance-out.sql,206.78,2506963.62,657.44,7970856.15
CZ14/RtL&0&cDXGF&Ex&dxAC_equip/NE-dxAC-PkgAC-135to239-Ex-EER-11.5/instance-out.sql,204.31,2477066.51,649.21,7870999.80
CZ14/RtL&0&cDXGF&Ex&dxAC_equip/NE-dxAC-PkgAC-135to239-Ex-EER-12.0/instance-out.sql,202.80,2458755.06,644.16,7809839.55
CZ14/RtL&0&cDXGF&Ex&dxAC_equip/NE-dxAC-PkgAC-135to239-Ex-EER-12.5/instance-out.sql,201.33,2440905.24,639.25,7750221.15
CZ14/RtL&0&cDXGF&Ex&dxAC_equip/NE-dxAC-PkgAC-240to759-Ex-EER-9.8/instance-out.sql,207.97,2521398.27,661.42,8019067.88
CZ14/RtL&0&cDXGF&Ex&dxAC_equip/NE-dxAC-PkgAC-240to759-Ex-EER-10.8/instance-out.sql,204.22,2475947.02,648.90,7867260.70
CZ14/RtL&0&cDXGF&Ex&dxAC_equip/NE-dxAC-PkgAC-240to759-Ex-EER-11.5/instance-out.sql,201.89,2447670.90,641.11,7772818.45
CZ14/RtL&0&cDXGF&Ex&dxAC_equip/NE-dxAC-PkgAC-240to759-Ex-EER-12.5/instance-out.sql,199.06,2413355.25,631.66,7658204.21
CZ14/RtL&0&cDXGF&Ex&dxAC_equip/NE-dxAC-PkgAC-gt760-Ex-EER-9.5/instance-out.sql,207.09,2510817.03,658.51,7983726.53
CZ14/RtL&0&cDXGF&Ex&dxAC_equip/NE-dxAC-PkgAC-gt760-Ex-EER-10.2/instance-out.sql,204.31,2477066.51,649.21,7870999.80
CZ14/RtL&0&cDXGF&Ex&dxAC_equip/NE-dxAC-PkgAC-gt760-Ex-EER-11.0/instance-out.sql,201.65,2444744.79,640.30,7763045.25
CZ14/RtL&0&cDXGF&Ex&dxAC_equip/NE-dxAC-PkgAC-gt760-Ex-EER-12.0/instance-out.sql,198.72,2409247.07,630.53,7644482.87
CZ14/RtS&0&cDXGF&Ex&dxAC_equip/NE-dxAC-PkgAC-65to134-Ex-EER-11.0/instance-out.sql,113.56,168828.46,351.11,521998.40
CZ14/RtS&0&cDXGF&Ex&dxAC_equip/NE-dxAC-PkgAC-65to134-Ex-EER-11.5/instance-out.sql,112.47,167215.88,347.49,516612.36
CZ14/RtS&0&cDXGF&Ex&dxAC_equip/NE-dxAC-PkgAC-65to134-Ex-EER-12.0/instance-out.sql,111.48,165735.72,344.17,511668.65
CZ14/RtS&0&cDXGF&Ex&dxAC_equip/NE-dxAC-PkgAC-65to134-Ex-EER-12.5/instance-out.sql,110.56,164372.33,341.10,507114.94
CZ14/RtS&0&cDXGF&Ex&dxAC_equip/NE-dxAC-PkgAC-65to134-Ex-EER-13.0/instance-out.sql,109.67,163041.28,338.11,502669.20
CZ14/RtS&0&cDXGF&Ex&dxAC_equip/NE-dxAC-PkgAC-135to239-Ex-EER-10.8/instance-out.sql,113.49,168729.62,350.89,521668.27
CZ14/RtS&0&cDXGF&Ex&dxAC_equip/NE-dxAC-PkgAC-135to239-Ex-EER-11.5/instance-out.sql,111.94,166416.82,345.70,513943.53
CZ14/RtS&0&cDXGF&Ex&dxAC_equip/NE-dxAC-PkgAC-135to239-Ex-EER-12.0/instance-out.sql,110.98,165000.28,342.51,509212.27
CZ14/RtS&0&cDXGF&Ex&dxAC_equip/NE-dxAC-PkgAC-135to239-Ex-EER-12.5/instance-out.sql,110.06,163619.44,339.41,504600.28
CZ14/RtS&0&cDXGF&Ex&dxAC_equip/NE-dxAC-PkgAC-240to759-Ex-EER-9.8/instance-out.sql,114.24,169846.26,353.40,525397.86
CZ14/RtS&0&cDXGF&Ex&dxAC_equip/NE-dxAC-PkgAC-240to759-Ex-EER-10.8/instance-out.sql,111.88,166330.22,345.50,513654.28
CZ14/RtS&0&cDXGF&Ex&dxAC_equip/NE-dxAC-PkgAC-240to759-Ex-EER-11.5/instance-out.sql,110.41,164142.82,340.59,506348.37
CZ14/RtS&0&cDXGF&Ex&dxAC_equip/NE-dxAC-PkgAC-240to759-Ex-EER-12.5/instance-out.sql,108.62,161488.22,334.62,497481.99
CZ14/RtS&0&cDXGF&Ex&dxAC_equip/NE-dxAC-PkgAC-gt760-Ex-EER-9.5/instance-out.sql,113.69,169027.71,351.56,522663.90
CZ14/RtS&0&cDXGF&Ex&dxAC_equip/NE-dxAC-PkgAC-gt760-Ex-EER-10.2/instance-out.sql,111.94,166416.82,345.70,513943.53
CZ14/RtS&0&cDXGF&Ex&dxAC_equip/NE-dxAC-PkgAC-gt760-Ex-EER-11.0/instance-out.sql,110.26,163916.46,340.08,505592.33
CZ14/RtS&0&cDXGF&Ex&dxAC_equip/NE-dxAC-PkgAC-gt760-Ex-EER-12.0/instance-out.sql,108.41,161170.41,333.91,496420.53
CZ14/SCn&0&cDXGF&Ex&dxAC_equip/NE-dxAC-PkgAC-65to134-Ex-EER-11.0/instance-out.sql,92.05,4275790.52,281.71,13085506.18
CZ14/SCn&0&cDXGF&Ex&dxAC_equip/NE-dxAC-PkgAC-65to134-Ex-EER-11.5/instance-out.sql,91.14,4233353.29,278.66,12943765.83
CZ14/SCn&0&cDXGF&Ex&dxAC_equip/NE-dxAC-PkgAC-65to134-Ex-EER-12.0/instance-out.sql,90.30,4194401.24,275.86,12813665.99
CZ14/SCn&0&cDXGF&Ex&dxAC_equip/NE-dxAC-PkgAC-65to134-Ex-EER-12.5/instance-out.sql,89.53,4158521.98,273.28,12693829.25
CZ14/SCn&0&cDXGF&Ex&dxAC_equip/NE-dxAC-PkgAC-65to134-Ex-EER-13.0/instance-out.sql,88.77,4123493.51,270.76,12576834.18
CZ14/SCn&0&cDXGF&Ex&dxAC_equip/NE-dxAC-PkgAC-135to239-Ex-EER-10.8/instance-out.sql,91.99,4273189.38,281.52,13076818.37
CZ14/SCn&0&cDXGF&Ex&dxAC_equip/NE-dxAC-PkgAC-135to239-Ex-EER-11.5/instance-out.sql,90.68,4212325.28,277.14,12873532.28
CZ14/SCn&0&cDXGF&Ex&dxAC_equip/NE-dxAC-PkgAC-135to239-Ex-EER-12.0/instance-out.sql,89.88,4175047.09,274.46,12749023.15
CZ14/SCn&0&cDXGF&Ex&dxAC_equip/NE-dxAC-PkgAC-135to239-Ex-EER-12.5/instance-out.sql,89.10,4138708.70,271.85,12627652.90
CZ14/SCn&0&cDXGF&Ex&dxAC_equip/NE-dxAC-PkgAC-240to759-Ex-EER-9.8/instance-out.sql,92.63,4302575.22,283.63,13174967.10
CZ14/SCn&0&cDXGF&Ex&dxAC_equip/NE-dxAC-PkgAC-240to759-Ex-EER-10.8/instance-out.sql,90.63,4210046.24,276.98,12865920.29
CZ14/SCn&0&cDXGF&Ex&dxAC_equip/NE-dxAC-PkgAC-240to759-Ex-EER-11.5/instance-out.sql,89.40,4152482.12,272.84,12673656.14
CZ14/SCn&0&cDXGF&Ex&dxAC_equip/NE-dxAC-PkgAC-240to759-Ex-EER-12.5/instance-out.sql,87.89,4082622.85,267.82,12440326.16
CZ14/SCn&0&cDXGF&Ex&dxAC_equip/NE-dxAC-PkgAC-gt760-Ex-EER-9.5/instance-out.sql,92.16,4281034.08,282.08,13103019.69
CZ14/SCn&0&cDXGF&Ex&dxAC_equip/NE-dxAC-PkgAC-gt760-Ex-EER-10.2/instance-out.sql,90.68,4212325.28,277.14,12873532.28
CZ14/SCn&0&cDXGF&Ex&dxAC_equip/NE-dxAC-PkgAC-gt760-Ex-EER-11.0/instance-out.sql,89.27,4146525.19,272.41,12653760.00
CZ14/SCn&0&cDXGF&Ex&dxAC_equip/NE-dxAC-PkgAC-gt760-Ex-EER-12.0/instance-out.sql,87.71,4074259.47,267.22,12412392.47

File Name,Total (kWh),Heating (kWh),Cooling (kWh),Interior Lighting (kWh),Exterior Lighting (kWh),Interior Equipment (kWh),Exterior Equipment (kWh),Fans (kWh),Pumps (kWh),Heat Rejection (kWh),Humidification (kWh),Heat Recovery (kWh),Water Systems (kWh),Refrigeration (kWh),Generators (kWh),Heating Elec (kWh),Cooling Elec (kWh),Heating NG (kWh),Cooling NG (kWh),Interior Equipment Elec (kWh),Interior Equipment NG (kWh)
CZ13/Asm&0&cDXGF&Ex&dxAC_equip/NE-dxAC-PkgAC-65to134-Ex-EER-11.0/instance-out.sql,940853.71,166308.35,216512.5,153727.01,0.0,145823.51,0.0,237647.5,3.36,0.0,0.0,0.0,20831.47,0.0,0.0,0.00,216512.50,166308.35,0.00,145823.51,0.00
CZ13/Asm&0&cDXGF&Ex&dxAC_equip/NE-dxAC-PkgAC-65to134-Ex-EER-11.5/instance-out.sql,931585.5199999999,166308.35,207244.31,153727.01,0.0,145823.51,0.0,237647.5,3.36,0.0,0.0,0.0,20831.47,0.0,0.0,0.00,207244.31,166308.35,0.00,145823.51,0.00
CZ13/Asm&0&cDXGF&Ex&dxAC_equip/NE-dxAC-PkgAC-65to134-Ex-EER-12.0/instance-out.sql,923078.48,166308.35,198737.27,153727.01,0.0,145823.51,0.0,237647.5,3.36,0.0,0.0,0.0,20831.47,0.0,0.0,0.00,198737.27,166308.35,0.00,145823.51,0.00
CZ13/Asm&0&cDXGF&Ex&dxAC_equip/NE-dxAC-PkgAC-65to134-Ex-EER-12.5/instance-out.sql,915242.5399999999,166308.35,190901.33,153727.01,0.0,145823.51,0.0,237647.5,3.36,0.0,0.0,0.0,20831.47,0.0,0.0,0.00,190901.33,166308.35,0.00,145823.51,0.00
CZ13/Asm&0&cDXGF&Ex&dxAC_equip/NE-dxAC-PkgAC-65to134-Ex-EER-13.0/instance-out.sql,907592.4099999999,166308.35,183251.19,153727.01,0.0,145823.51,0.0,237647.5,3.36,0.0,0.0,0.0,20831.47,0.0,0.0,0.00,183251.19,166308.35,0.00,145823.51,0.00
CZ13/Asm&0&cDXGF&Ex&dxAC_equip/NE-dxAC-PkgAC-135to239-Ex-EER-10.8/instance-out.sql,940285.63,166308.35,215944.42,153727.01,0.0,145823.51,0.0,237647.5,3.36,0.0,0.0,0.0,20831.47,0.0,0.0,0.00,215944.42,166308.35,0.00,145823.51,0.00
CZ13/Asm&0&cDXGF&Ex&dxAC_equip/NE-dxAC-PkgAC-135to239-Ex-EER-11.5/instance-out.sql,926993.0499999999,166308.35,202651.84,153727.01,0.0,145823.51,0.0,237647.5,3.36,0.0,0.0,0.0,20831.47,0.0,0.0,0.00,202651.84,166308.35,0.00,145823.51,0.00
CZ13/Asm&0&cDXGF&Ex&dxAC_equip/NE-dxAC-PkgAC-135to239-Ex-EER-12.0/instance-out.sql,918851.59,166308.35,194510.37,153727.01,0.0,145823.51,0.0,237647.5,3.36,0.0,0.0,0.0,20831.47,0.0,0.0,0.00,194510.37,166308.35,0.00,145823.51,0.00
CZ13/Asm&0&cDXGF&Ex&dxAC_equip/NE-dxAC-PkgAC-135to239-Ex-EER-12.5/instance-out.sql,910915.37,166308.35,186574.15,153727.01,0.0,145823.51,0.0,237647.5,3.36,0.0,0.0,0.0,20831.47,0.0,0.0,0.00,186574.15,166308.35,0.00,145823.51,0.00
CZ13/Asm&0&cDXGF&Ex&dxAC_equip/NE-dxAC-PkgAC-240to759-Ex-EER-9.8/instance-out.sql,946703.4299999999,166308.35,222362.21,153727.01,0.0,145823.51,0.0,237647.5,3.36,0.0,0.0,0.0,20831.47,0.0,0.0,0.00,222362.21,166308.35,0.00,145823.51,0.00
CZ13/Asm&0&cDXGF&Ex&dxAC_equip/NE-dxAC-PkgAC-240to759-Ex-EER-10.8/instance-out.sql,926495.32,166308.35,202154.1,153727.01,0.0,145823.51,0.0,237647.5,3.36,0.0,0.0,0.0,20831.47,0.0,0.0,0.00,202154.10,166308.35,0.00,145823.51,0.00
CZ13/Asm&0&cDXGF&Ex&dxAC_equip/NE-dxAC-PkgAC-240to759-Ex-EER-11.5/instance-out.sql,913923.45,166308.35,189582.24,153727.01,0.0,145823.51,0.0,237647.5,3.36,0.0,0.0,0.0,20831.47,0.0,0.0,0.00,189582.24,166308.35,0.00,145823.51,0.00
CZ13/Asm&0&cDXGF&Ex&dxAC_equip/NE-dxAC-PkgAC-240to759-Ex-EER-12.5/instance-out.sql,898666.35,166308.35,174325.14,153727.01,0.0,145823.51,0.0,237647.5,3.36,0.0,0.0,0.0,20831.47,0.0,0.0,0.00,174325.14,166308.35,0.00,145823.51,0.00
CZ13/Asm&0&cDXGF&Ex&dxAC_equip/NE-dxAC-PkgAC-gt760-Ex-EER-9.5/instance-out.sql,941998.89,166308.35,217657.68,153727.01,0.0,145823.51,0.0,237647.5,3.36,0.0,0.0,0.0,20831.47,0.0,0.0,0.00,217657.68,166308.35,0.00,145823.51,0.00
CZ13/Asm&0&cDXGF&Ex&dxAC_equip/NE-dxAC-PkgAC-gt760-Ex-EER-10.2/instance-out.sql,926993.0499999999,166308.35,202651.84,153727.01,0.0,145823.51,0.0,237647.5,3.36,0.0,0.0,0.0,20831.47,0.0,0.0,0.00,202651.84,166308.35,0.00,145823.51,0.00
CZ13/Asm&0&cDXGF&Ex&dxAC_equip/NE-dxAC-PkgAC-gt760-Ex-EER-11.0/instance-out.sql,912622.47,166308.35,188281.26,153727.01,0.0,145823.51,0.0,237647.5,3.36,0.0,0.0,0.0,20831.47,0.0,0.0,0.00,188281.26,166308.35,0.00,145823.51,0.00
CZ13/Asm&0&cDXGF&Ex&dxAC_equip/NE-dxAC-PkgAC-gt760-Ex-EER-12.0/instance-out.sql,896839.8099999999,166308.35,172498.6,153727.01,0.0,145823.51,0.0,237647.5,3.36,0.0,0.0,0.0,20831.47,0.0,0.0,0.00,172498.60,166308.35,0.00,145823.51,0.00
CZ13/ECC&0&cDXGF&Ex&dxAC_equip/NE-dxAC-PkgAC-65to134-Ex-EER-11.0/instance-out.sql,2970510.0,60042.96,500510.33,358430.2,0.0,1013813.91,0.0,639364.93,1149.95,0.0,0.0,0.0,397197.71,0.0,0.0,0.00,500510.33,60042.96,0.00,945189.93,68623.98
CZ13/ECC&0&cDXGF&Ex&dxAC_equip/NE-dxAC-PkgAC-65to134-Ex-EER-11.5/instance-out.sql,2953304.1,60042.96,483304.43,358430.2,0.0,1013813.91,0.0,639364.93,1149.95,0.0,0.0,0.0,397197.71,0.0,0.0,0.00,483304.43,60042.96,0.00,945189.93,68623.98
CZ13/ECC&0&cDXGF&Ex&dxAC_equip/NE-dxAC-PkgAC-65to134-Ex-EER-12.0/instance-out.sql,2937511.25,60042.96,467511.58,358430.2,0.0,1013813.91,0.0,639364.93,1149.95,0.0,0.0,0.0,397197.71,0.0,0.0,0.00,467511.58,60042.96,0.00,945189.93,68623.98
CZ13/ECC&0&cDXGF&Ex&dxAC_equip/NE-dxAC-PkgAC-65to134-Ex-EER-12.5/instance-out.sql,2922964.2399999998,60042.96,452964.57,358430.2,0.0,1013813.91,0.0,639364.93,1149.95,0.0,0.0,0.0,397197.71,0.0,0.0,0.00,452964.57,60042.96,0.00,945189.93,68623.98
CZ13/ECC&0&cDXGF&Ex&dxAC_equip/NE-dxAC-PkgAC-65to134-Ex-EER-13.0/instance-out.sql,2908762.17,60042.96,438762.51,358430.2,0.0,1013813.91,0.0,639364.93,1149.95,0.0,0.0,0.0,397197.71,0.0,0.0,0.00,438762.51,60042.96,0.00,945189.93,68623.98
CZ13/ECC&0&cDXGF&Ex&dxAC_equip/NE-dxAC-PkgAC-135to239-Ex-EER-10.8/instance-out.sql,2969455.39,60042.96,499455.72,358430.2,0.0,1013813.91,0.0,639364.93,1149.95,0.0,0.0,0.0,397197.71,0.0,0.0,0.00,499455.72,60042.96,0.00,945189.93,68623.98
CZ13/ECC&0&cDXGF&Ex&dxAC_equip/NE-dxAC-PkgAC-135to239-Ex-EER-11.5/instance-out.sql,2944778.4299999997,60042.96,474778.77,358430.2,0.0,1013813.91,0.0,639364.93,1149.95,0.0,0.0,0.0,397197.71,0.0,0.0,0.00,474778.77,60042.96,0.00,945189.93,68623.98
CZ13/ECC&0&cDXGF&Ex&dxAC_equip/NE-dxAC-PkgAC-135to239-Ex-EER-12.0/instance-out.sql,2929664.2399999998,60042.96,459664.57,358430.2,0.0,1013813.91,0.0,639364.93,1149.95,0.0,0.0,0.0,397197.71,0.0,0.0,0.00,459664.57,60042.96,0.00,945189.93,68623.98
CZ13/ECC&0&cDXGF&Ex&dxAC_equip/NE-dxAC-PkgAC-135to239-Ex-EER-12.5/instance-out.sql,2914931.07,60042.96,444931.4,358430.2,0.0,1013813.91,0.0,639364.93,1149.95,0.0,0.0,0.0,397197.71,0.0,0.0,0.00,444931.40,60042.96,0.00,945189.93,68623.98
CZ13/ECC&0&cDXGF&Ex&dxAC_equip/NE-dxAC-PkgAC-240to759-Ex-EER-9.8/instance-out.sql,2981369.69,60042.96,511370.02,358430.2,0.0,1013813.91,0.0,639364.93,1149.95,0.0,0.0,0.0,397197.71,0.0,0.0,0.00,511370.02,60042.96,0.00,945189.93,68623.98
CZ13/ECC&0&cDXGF&Ex&dxAC_equip/NE-dxAC-PkgAC-240to759-Ex-EER-10.8/instance-out.sql,2943854.4099999997,60042.96,473854.74,358430.2,0.0,1013813.91,0.0,639364.93,1149.95,0.0,0.0,0.0,397197.71,0.0,0.0,0.00,473854.74,60042.96,0.00,945189.93,68623.98
CZ13/ECC&0&cDXGF&Ex&dxAC_equip/NE-dxAC-PkgAC-240to759-Ex-EER-11.5/instance-out.sql,2920515.42,60042.96,450515.75,358430.2,0.0,1013813.91,0.0,639364.93,1149.95,0.0,0.0,0.0,397197.71,0.0,0.0,0.00,450515.75,60042.96,0.00,945189.93,68623.98
CZ13/ECC&0&cDXGF&Ex&dxAC_equip/NE-dxAC-PkgAC-240to759-Ex-EER-12.5/instance-out.sql,2892191.4299999997,60042.96,422191.76,358430.2,0.0,1013813.91,0.0,639364.93,1149.95,0.0,0.0,0.0,397197.71,0.0,0.0,0.00,422191.76,60042.96,0.00,945189.93,68623.98
CZ13/ECC&0&cDXGF&Ex&dxAC_equip/NE-dxAC-PkgAC-gt760-Ex-EER-9.5/instance-out.sql,2972635.9699999997,60042.96,502636.3,358430.2,0.0,1013813.91,0.0,639364.93,1149.95,0.0,0.0,0.0,397197.71,0.0,0.0,0.00,502636.30,60042.96,0.00,945189.93,68623.98
CZ13/ECC&0&cDXGF&Ex&dxAC_equip/NE-dxAC-PkgAC-gt760-Ex-EER-10.2/instance-out.sql,2944778.4299999997,60042.96,474778.77,358430.2,0.0,1013813.91,0.0,639364.93,1149.95,0.0,0.0,0.0,397197.71,0.0,0.0,0.00,474778.77,60042.96,0.00,945189.93,68623.98
CZ13/ECC&0&cDXGF&Ex&dxAC_equip/NE-dxAC-PkgAC-gt760-Ex-EER-11.0/instance-out.sql,2918100.2199999997,60042.96,448100.55,358430.2,0.0,1013813.91,0.0,639364.93,1149.95,0.0,0.0,0.0,397197.71,0.0,0.0,0.00,448100.55,60042.96,0.00,945189.93,68623.98
CZ13/ECC&0&cDXGF&Ex&dxAC_equip/NE-dxAC-PkgAC-gt760-Ex-EER-12.0/instance-out.sql,2888800.55,60042.96,418800.88,358430.2,0.0,1013813.91,0.0,639364.93,1149.95,0.0,0.0,0.0,397197.71,0.0,0.0,0.00,418800.88,60042.96,0.00,945189.93,68623.98
CZ13/EPr&0&cDXGF&Ex&dxAC_equip/NE-dxAC-PkgAC-65to134-Ex-EER-11.0/instance-out.sql,466765.04000000004,20904.7,82934.62,64700.97,0.0,125897.03,0.0,95936.2,3.37,0.0,0.0,0.0,76388.16,0.0,0.0,0.00,82934.62,20904.70,0.00,83226.75,42670.28
CZ13/EPr&0&cDXGF&Ex&dxAC_equip/NE-dxAC-PkgAC-65to134-Ex-EER-11.5/instance-out.sql,463846.85000000003,20904.7,80016.42,64700.97,0.0,125897.03,0.0,95936.2,3.37,0.0,0.0,0.0,76388.16,0.0,0.0,0.00,80016.42,20904.70,0.00,83226.75,42670.28
CZ13/EPr&0&cDXGF&Ex&dxAC_equip/NE-dxAC-PkgAC-65to134-Ex-EER-12.0/instance-out.sql,461168.31,20904.7,77337.88,64700.97,0.0,125897.03,0.0,95936.2,3.37,0.0,0.0,0.0,76388.16,0.0,0.0,0.00,77337.88,20904.70,0.00,83226.75,42670.28
CZ13/EPr&0&cDXGF&Ex&dxAC_equip/NE-dxAC-PkgAC-65to134-Ex-EER-12.5/instance-out.sql,458701.07,20904.7,74870.64,64700.97,0.0,125897.03,0.0,95936.2,3.37,0.0,0.0,0.0,76388.16,0.0,0.0,0.00,74870.64,20904.70,0.00,83226.75,42670.28
CZ13/EPr&0&cDXGF&Ex&dxAC_equip/NE-dxAC-PkgAC-65to134-Ex-EER-13.0/instance-out.sql,456292.34,20904.7,72461.91,64700.97,0.0,125897.03,0.0,95936.2,3.37,0.0,0.0,0.0,76388.16,0.0,0.0,0.00,72461.91,20904.70,0.00,83226.75,42670.28
CZ13/EPr&0&cDXGF&Ex&dxAC_equip/NE-dxAC-PkgAC-135to239-Ex-EER-10.8/instance-out.sql,466586.18,20904.7,82755.75,64700.97,0.0,125897.03,0.0,95936.2,3.37,0.0,0.0,0.0,76388.16,0.0,0.0,0.00,82755.75,20904.70,0.00,83226.75,42670.28
CZ13/EPr&0&cDXGF&Ex&dxAC_equip/NE-dxAC-PkgAC-135to239-Ex-EER-11.5/instance-out.sql,462400.85000000003,20904.7,78570.43,64700.97,0.0,125897.03,0.0,95936.2,3.37,0.0,0.0,0.0,76388.16,0.0,0.0,0.00,78570.43,20904.70,0.00,83226.75,42670.28
CZ13/EPr&0&cDXGF&Ex&dxAC_equip/NE-dxAC-PkgAC-135to239-Ex-EER-12.0/instance-out.sql,459837.42000000004,20904.7,76006.99,64700.97,0.0,125897.03,0.0,95936.2,3.37,0.0,0.0,0.0,76388.16,0.0,0.0,0.00,76006.99,20904.70,0.00,83226.75,42670.28
CZ13/EPr&0&cDXGF&Ex&dxAC_equip/NE-dxAC-PkgAC-135to239-Ex-EER-12.5/instance-out.sql,457338.61,20904.7,73508.18,64700.97,0.0,125897.03,0.0,95936.2,3.37,0.0,0.0,0.0,76388.16,0.0,0.0,0.00,73508.18,20904.70,0.00,83226.75,42670.28
CZ13/EPr&0&cDXGF&Ex&dxAC_equip/NE-dxAC-PkgAC-240to759-Ex-EER-9.8/instance-out.sql,468606.89,20904.7,84776.47,64700.97,0.0,125897.03,0.0,95936.2,3.37,0.0,0.0,0.0,76388.16,0.0,0.0,0.00,84776.47,20904.70,0.00,83226.75,42670.28
CZ13/EPr&0&cDXGF&Ex&dxAC_equip/NE-dxAC-PkgAC-240to759-Ex-EER-10.8/instance-out.sql,462244.14,20904.7,78413.71,64700.97,0.0,125897.03,0.0,95936.2,3.37,0.0,0.0,0.0,76388.16,0.0,0.0,0.00,78413.71,20904.70,0.00,83226.75,42670.28
CZ13/EPr&0&cDXGF&Ex&dxAC_equip/NE-dxAC-PkgAC-240to759-Ex-EER-11.5/instance-out.sql,458285.74,20904.7,74455.31,64700.97,0.0,125897.03,0.0,95936.2,3.37,0.0,0.0,0.0,76388.16,0.0,0.0,0.00,74455.31,20904.70,0.00,83226.75,42670.28
CZ13/EPr&0&cDXGF&Ex&dxAC_equip/NE-dxAC-PkgAC-240to759-Ex-EER-12.5/instance-out.sql,453481.87,20904.7,69651.44,64700.97,0.0,125897.03,0.0,95936.2,3.37,0.0,0.0,0.0,76388.16,0.0,0.0,0.00,69651.44,20904.70,0.00,83226.75,42670.28
CZ13/EPr&0&cDXGF&Ex&dxAC_equip/NE-dxAC-PkgAC-gt760-Ex-EER-9.5/instance-out.sql,467125.62,20904.7,83295.19,64700.97,0.0,125897.03,0.0,95936.2,3.37,0.0,0.0,0.0,76388.16,0.0,0.0,0.00,83295.19,20904.70,0.00,83226.75,42670.28
CZ13/EPr&0&cDXGF&Ex&dxAC_equip/NE-dxAC-PkgAC-gt760-Ex-EER-10.2/instance-out.sql,462400.85000000003,20904.7,78570.43,64700.97,0.0,125897.03,0.0,95936.2,3.37,0.0,0.0,0.0,76388.16,0.0,0.0,0.00,78570.43,20904.70,0.00,83226.75,42670.28
CZ13/EPr&0&cDXGF&Ex&dxAC_equip/NE-dxAC-PkgAC-gt760-Ex-EER-11.0/instance-out.sql,457876.11,20904.7,74045.68,64700.97,0.0,125897.03,0.0,95936.2,3.37,0.0,0.0,0.0,76388.16,0.0,0.0,0.00,74045.68,20904.70,0.00,83226.75,42670.28
CZ13/EPr&0&cDXGF&Ex&dxAC_equip/NE-dxAC-PkgAC-gt760-Ex-EER-12.0/instance-out.sql,452906.76,20904.7,69076.33,64700.97,0.0,125897.03,0.0,95936.2,3.37,0.0,0.0,0.0,76388.16,0.0,0.0,0.00,69076.33,20904.70,0.00,83226.75,42670.28
CZ13/ERC&0&cDXGF&Ex&dxAC_equip/NE-dxAC-PkgAC-65to134-Ex-EER-11.0/instance-out.sql,22874.9,1249.37,3277.6,2224.35,0.0,2196.82,0.0,4973.96,3.36,0.0,0.0,0.0,8949.44,0.0,0.0,0.00,3277.60,1249.37,0.00,2196.82,0.00
CZ13/ERC&0&cDXGF&Ex&dxAC_equip/NE-dxAC-PkgAC-65to134-Ex-EER-11.5/instance-out.sql,22735.17,1249.37,3137.88,2224.35,0.0,2196.82,0.0,4973.96,3.36,0.0,0.0,0.0,8949.44,0.0,0.0,0.00,3137.88,1249.37,0.00,2196.82,0.00
CZ13/ERC&0&cDXGF&Ex&dxAC_equip/NE-dxAC-PkgAC-65to134-Ex-EER-12.0/instance-out.sql,22606.92,1249.37,3009.63,2224.35,0.0,2196.82,0.0,4973.96,3.36,0.0,0.0,0.0,8949.44,0.0,0.0,0.00,3009.63,1249.37,0.00,2196.82,0.00
CZ13/ERC&0&cDXGF&Ex&dxAC_equip/NE-dxAC-PkgAC-65to134-Ex-EER-12.5/instance-out.sql,22488.79,1249.37,2891.49,2224.35,0.0,2196.82,0.0,4973.96,3.36,0.0,0.0,0.0,8949.44,0.0,0.0,0.00,2891.49,1249.37,0.00,2196.82,0.00
CZ13/ERC&0&cDXGF&Ex&dxAC_equip/NE-dxAC-PkgAC-65to134-Ex-EER-13.0/instance-out.sql,22373.46,1249.37,2776.16,2224.35,0.0,2196.82,0.0,4973.96,3.36,0.0,0.0,0.0,8949.44,0.0,0.0,0.00,2776.16,1249.37,0.00,2196.82,0.00
CZ13/ERC&0&cDXGF&Ex&dxAC_equip/NE-dxAC-PkgAC-135to239-Ex-EER-10.8/instance-out.sql,22866.34,1249.37,3269.04,2224.35,0.0,2196.82,0.0,4973.96,3.36,0.0,0.0,0.0,8949.44,0.0,0.0,0.00,3269.04,1249.37,0.00,2196.82,0.00
CZ13/ERC&0&cDXGF&Ex&dxAC_equip/NE-dxAC-PkgAC-135to239-Ex-EER-11.5/instance-out.sql,22665.94,1249.37,3068.64,2224.35,0.0,2196.82,0.0,4973.96,3.36,0.0,0.0,0.0,8949.44,0.0,0.0,0.00,3068.64,1249.37,0.00,2196.82,0.00
CZ13/ERC&0&cDXGF&Ex&dxAC_equip/NE-dxAC-PkgAC-135to239-Ex-EER-12.0/instance-out.sql,22543.199999999997,1249.37,2945.9,2224.35,0.0,2196.82,0.0,4973.96,3.36,0.0,0.0,0.0,8949.44,0.0,0.0,0.00,2945.90,1249.37,0.00,2196.82,0.00
CZ13/ERC&0&cDXGF&Ex&dxAC_equip/NE-dxAC-PkgAC-135to239-Ex-EER-12.5/instance-out.sql,22423.55,1249.37,2826.26,2224.35,0.0,2196.82,0.0,4973.96,3.36,0.0,0.0,0.0,8949.44,0.0,0.0,0.00,2826.26,1249.37,0.00,2196.82,0.00
CZ13/ERC&0&cDXGF&Ex&dxAC_equip/NE-dxAC-PkgAC-240to759-Ex-EER-9.8/instance-out.sql,22963.09,1249.37,3365.79,2224.35,0.0,2196.82,0.0,4973.96,3.36,0.0,0.0,0.0,8949.44,0.0,0.0,0.00,3365.79,1249.37,0.00,2196.82,0.00
CZ13/ERC&0&cDXGF&Ex&dxAC_equip/NE-dxAC-PkgAC-240to759-Ex-EER-10.8/instance-out.sql,22658.43,1249.37,3061.14,2224.35,0.0,2196.82,0.0,4973.96,3.36,0.0,0.0,0.0,8949.44,0.0,0.0,0.00,3061.14,1249.37,0.00,2196.82,0.00
CZ13/ERC&0&cDXGF&Ex&dxAC_equip/NE-dxAC-PkgAC-240to759-Ex-EER-11.5/instance-out.sql,22468.9,1249.37,2871.61,2224.35,0.0,2196.82,0.0,4973.96,3.36,0.0,0.0,0.0,8949.44,0.0,0.0,0.00,2871.61,1249.37,0.00,2196.82,0.00
CZ13/ERC&0&cDXGF&Ex&dxAC_equip/NE-dxAC-PkgAC-240to759-Ex-EER-12.5/instance-out.sql,22238.89,1249.37,2641.59,2224.35,0.0,2196.82,0.0,4973.96,3.36,0.0,0.0,0.0,8949.44,0.0,0.0,0.00,2641.59,1249.37,0.00,2196.82,0.00
CZ13/ERC&0&cDXGF&Ex&dxAC_equip/NE-dxAC-PkgAC-gt760-Ex-EER-9.5/instance-out.sql,22892.16,1249.37,3294.87,2224.35,0.0,2196.82,0.0,4973.96,3.36,0.0,0.0,0.0,8949.44,0.0,0.0,0.00,3294.87,1249.37,0.00,2196.82,0.00
CZ13/ERC&0&cDXGF&Ex&dxAC_equip/NE-dxAC-PkgAC-gt760-Ex-EER-10.2/instance-out.sql,22665.94,1249.37,3068.64,2224.35,0.0,2196.82,0.0,4973.96,3.36,0.0,0.0,0.0,8949.44,0.0,0.0,0.00,3068.64,1249.37,0.00,2196.82,0.00
CZ13/ERC&0&cDXGF&Ex&dxAC_equip/NE-dxAC-PkgAC-gt760-Ex-EER-11.0/instance-out.sql,22449.29,1249.37,2851.99,2224.35,0.0,2196.82,0.0,4973.96,3.36,0.0,0.0,0.0,8949.44,0.0,0.0,0.00,2851.99,1249.37,0.00,2196.82,0.00
CZ13/ERC&0&cDXGF&Ex&dxAC_equip/NE-dxAC-PkgAC-gt760-Ex-EER-12.0/instance-out.sql,22211.35,1249.37,2614.06,2224.35,0.0,2196.82,0.0,4973.96,3.36,0.0,0.0,0.0,8949.44,0.0,0.0,0.00,2614.06,1249.37,0.00,2196.82,0.00
CZ13/ESe&0&cDXGF&Ex&dxAC_equip/NE-dxAC-PkgAC-65to134-Ex-EER-11.0/instance-out.sql,1336485.75,109855.98,238886.11,197959.32,0.0,323176.74,0.0,257702.18,3.39,0.0,0.0,0.0,208902.04,0.0,0.0,0.00,238886.11,109855.98,0.00,259085.82,64090.92
CZ13/ESe&0&cDXGF&Ex&dxAC_equip/NE-dxAC-PkgAC-65to134-Ex-EER-11.5/instance-out.sql,1333364.9,109855.98,235765.26,197959.32,0.0,323176.74,0.0,257702.18,3.39,0.0,0.0,0.0,208902.04,0.0,0.0,0.00,235765.26,109855.98,0.00,259085.82,64090.92
CZ13/ESe&0&cDXGF&Ex&dxAC_equip/NE-dxAC-PkgAC-65to134-Ex-EER-12.0/instance-out.sql,1330500.35,109855.98,232900.72,197959.32,0.0,323176.74,0.0,257702.18,3.39,0.0,0.0,0.0,208902.04,0.0,0.0,0.00,232900.72,109855.98,0.00,259085.82,64090.92
CZ13/ESe&0&cDXGF&Ex&dxAC_equip/NE-dxAC-PkgAC-65to134-Ex-EER-12.5/instance-out.sql,1327861.78,109855.98,230262.15,197959.32,0.0,323176.74,0.0,257702.18,3.39,0.0,0.0,0.0,208902.04,0.0,0.0,0.00,230262.15,109855.98,0.00,259085.82,64090.92
CZ13/ESe&0&cDXGF&Ex&dxAC_equip/NE-dxAC-PkgAC-65to134-Ex-EER-13.0/instance-out.sql,1325285.78,109855.98,227686.14,197959.32,0.0,323176.74,0.0,257702.18,3.39,0.0,0.0,0.0,208902.04,0.0,0.0,0.00,227686.14,109855.98,0.00,259085.82,64090.92
CZ13/ESe&0&cDXGF&Ex&dxAC_equip/NE-dxAC-PkgAC-135to239-Ex-EER-10.8/instance-out.sql,1336294.46,109855.98,238694.82,197959.32,0.0,323176.74,0.0,257702.18,3.39,0.0,0.0,0.0,208902.04,0.0,0.0,0.00,238694.82,109855.98,0.00,259085.82,64090.92
CZ13/ESe&0&cDXGF&Ex&dxAC_equip/NE-dxAC-PkgAC-135to239-Ex-EER-11.5/instance-out.sql,1331818.49,109855.98,234218.86,197959.32,0.0,323176.74,0.0,257702.18,3.39,0.0,0.0,0.0,208902.04,0.0,0.0,0.00,234218.86,109855.98,0.00,259085.82,64090.92
CZ13/ESe&0&cDXGF&Ex&dxAC_equip/NE-dxAC-PkgAC-135to239-Ex-EER-12.0/instance-out.sql,1329077.04,109855.98,231477.41,197959.32,0.0,323176.74,0.0,257702.18,3.39,0.0,0.0,0.0,208902.04,0.0,0.0,0.00,231477.41,109855.98,0.00,259085.82,64090.92
CZ13/ESe&0&cDXGF&Ex&dxAC_equip/NE-dxAC-PkgAC-135to239-Ex-EER-12.5/instance-out.sql,1326404.71,109855.98,228805.07,197959.32,0.0,323176.74,0.0,257702.18,3.39,0.0,0.0,0.0,208902.04,0.0,0.0,0.00,228805.07,109855.98,0.00,259085.82,64090.92
CZ13/ESe&0&cDXGF&Ex&dxAC_equip/NE-dxAC-PkgAC-240to759-Ex-EER-9.8/instance-out.sql,1338455.5,109855.98,240855.87,197959.32,0.0,323176.74,0.0,257702.18,3.39,0.0,0.0,0.0,208902.04,0.0,0.0,0.00,240855.87,109855.98,0.00,259085.82,64090.92
CZ13/ESe&0&cDXGF&Ex&dxAC_equip/NE-dxAC-PkgAC-240to759-Ex-EER-10.8/instance-out.sql,1331650.89,109855.98,234051.26,197959.32,0.0,323176.74,0.0,257702.18,3.39,0.0,0.0,0.0,208902.04,0.0,0.0,0.00,234051.26,109855.98,0.00,259085.82,64090.92
CZ13/ESe&0&cDXGF&Ex&dxAC_equip/NE-dxAC-PkgAC-240to759-Ex-EER-11.5/instance-out.sql,1327417.61,109855.98,229817.97,197959.32,0.0,323176.74,0.0,257702.18,3.39,0.0,0.0,0.0,208902.04,0.0,0.0,0.00,229817.97,109855.98,0.00,259085.82,64090.92
CZ13/ESe&0&cDXGF&Ex&dxAC_equip/NE-dxAC-PkgAC-240to759-Ex-EER-12.5/instance-out.sql,1322280.13,109855.98,224680.5,197959.32,0.0,323176.74,0.0,257702.18,3.39,0.0,0.0,0.0,208902.04,0.0,0.0,0.00,224680.50,109855.98,0.00,259085.82,64090.92
CZ13/ESe&0&cDXGF&Ex&dxAC_equip/NE-dxAC-PkgAC-gt760-Ex-EER-9.5/instance-out.sql,1336871.36,109855.98,239271.73,197959.32,0.0,323176.74,0.0,257702.18,3.39,0.0,0.0,0.0,208902.04,0.0,0.0,0.00,239271.73,109855.98,0.00,259085.82,64090.92
CZ13/ESe&0&cDXGF&Ex&dxAC_equip/NE-dxAC-PkgAC-gt760-Ex-EER-10.2/instance-out.sql,1331818.49,109855.98,234218.86,197959.32,0.0,323176.74,0.0,257702.18,3.39,0.0,0.0,0.0,208902.04,0.0,0.0,0.00,234218.86,109855.98,0.00,259085.82,64090.92
CZ13/ESe&0&cDXGF&Ex&dxAC_equip/NE-dxAC-PkgAC-gt760-Ex-EER-11.0/instance-out.sql,1326979.53,109855.98,229379.9,197959.32,0.0,323176.74,0.0,257702.18,3.39,0.0,0.0,0.0,208902.04,0.0,0.0,0.00,229379.90,109855.98,0.00,259085.82,64090.92
CZ13/ESe&0&cDXGF&Ex&dxAC_equip/NE-dxAC-PkgAC-gt760-Ex-EER-12.0/instance-out.sql,1321665.09,109855.98,224065.45,197959.32,0.0,323176.74,0.0,257702.18,3.39,0.0,0.0,0.0,208902.04,0.0,0.0,0.00,224065.45,109855.98,0.00,259085.82,64090.92
CZ13/EUn&0&cDXGF&Ex&dxAC_equip/NE-dxAC-PkgAC-65to134-Ex-EER-11.0/instance-out.sql,9308566.26,174579.52,1497522.98,1277404.75,0.0,3682881.23,0.0,2002788.03,3.37,0.0,0.0,0.0,673386.38,0.0,0.0,0.00,1497522.98,174579.52,0.00,3555459.15,127422.08
CZ13/EUn&0&cDXGF&Ex&dxAC_equip/NE-dxAC-PkgAC-65to134-Ex-EER-11.5/instance-out.sql,9262945.77,174579.52,1451902.49,1277404.75,0.0,3682881.23,0.0,2002788.03,3.37,0.0,0.0,0.0,673386.38,0.0,0.0,0.00,1451902.49,174579.52,0.00,3555459.15,127422.08
CZ13/EUn&0&cDXGF&Ex&dxAC_equip/NE-dxAC-PkgAC-65to134-Ex-EER-12.0/instance-out.sql,9221071.88,174579.52,1410028.61,1277404.75,0.0,3682881.23,0.0,2002788.03,3.37,0.0,0.0,0.0,673386.38,0.0,0.0,0.00,1410028.61,174579.52,0.00,3555459.15,127422.08
CZ13/EUn&0&cDXGF&Ex&dxAC_equip/NE-dxAC-PkgAC-65to134-Ex-EER-12.5/instance-out.sql,9182501.28,174579.52,1371458.0,1277404.75,0.0,3682881.23,0.0,2002788.03,3.37,0.0,0.0,0.0,673386.38,0.0,0.0,0.00,1371458.00,174579.52,0.00,3555459.15,127422.08
CZ13/EUn&0&cDXGF&Ex&dxAC_equip/NE-dxAC-PkgAC-65to134-Ex-EER-13.0/instance-out.sql,9144845.29,174579.52,1333802.01,1277404.75,0.0,3682881.23,0.0,2002788.03,3.37,0.0,0.0,0.0,673386.38,0.0,0.0,0.00,1333802.01,174579.52,0.00,3555459.15,127422.08
CZ13/EUn&0&cDXGF&Ex&dxAC_equip/NE-dxAC-PkgAC-135to239-Ex-EER-10.8/instance-out.sql,9305770.01,174579.52,1494726.73,1277404.75,0.0,3682881.23,0.0,2002788.03,3.37,0.0,0.0,0.0,673386.38,0.0,0.0,0.00,1494726.73,174579.52,0.00,3555459.15,127422.08
CZ13/EUn&0&cDXGF&Ex&dxAC_equip/NE-dxAC-PkgAC-135to239-Ex-EER-11.5/instance-out.sql,9240340.42,174579.52,1429297.14,1277404.75,0.0,3682881.23,0.0,2002788.03,3.37,0.0,0.0,0.0,673386.38,0.0,0.0,0.00,1429297.14,174579.52,0.00,3555459.15,127422.08
CZ13/EUn&0&cDXGF&Ex&dxAC_equip/NE-dxAC-PkgAC-135to239-Ex-EER-12.0/instance-out.sql,9200265.96,174579.52,1389222.68,1277404.75,0.0,3682881.23,0.0,2002788.03,3.37,0.0,0.0,0.0,673386.38,0.0,0.0,0.00,1389222.68,174579.52,0.00,3555459.15,127422.08
CZ13/EUn&0&cDXGF&Ex&dxAC_equip/NE-dxAC-PkgAC-135to239-Ex-EER-12.5/instance-out.sql,9161201.78,174579.52,1350158.5,1277404.75,0.0,3682881.23,0.0,2002788.03,3.37,0.0,0.0,0.0,673386.38,0.0,0.0,0.00,1350158.50,174579.52,0.00,3555459.15,127422.08
CZ13/EUn&0&cDXGF&Ex&dxAC_equip/NE-dxAC-PkgAC-240to759-Ex-EER-9.8/instance-out.sql,9337360.12,174579.52,1526316.84,1277404.75,0.0,3682881.23,0.0,2002788.03,3.37,0.0,0.0,0.0,673386.38,0.0,0.0,0.00,1526316.84,174579.52,0.00,3555459.15,127422.08
CZ13/EUn&0&cDXGF&Ex&dxAC_equip/NE-dxAC-PkgAC-240to759-Ex-EER-10.8/instance-out.sql,9237890.43,174579.52,1426847.15,1277404.75,0.0,3682881.23,0.0,2002788.03,3.37,0.0,0.0,0.0,673386.38,0.0,0.0,0.00,1426847.15,174579.52,0.00,3555459.15,127422.08
CZ13/EUn&0&cDXGF&Ex&dxAC_equip/NE-dxAC-PkgAC-240to759-Ex-EER-11.5/instance-out.sql,9176008.37,174579.52,1364965.09,1277404.75,0.0,3682881.23,0.0,2002788.03,3.37,0.0,0.0,0.0,673386.38,0.0,0.0,0.00,1364965.09,174579.52,0.00,3555459.15,127422.08
CZ13/EUn&0&cDXGF&Ex&dxAC_equip/NE-dxAC-PkgAC-240to759-Ex-EER-12.5/instance-out.sql,9100908.87,174579.52,1289865.59,1277404.75,0.0,3682881.23,0.0,2002788.03,3.37,0.0,0.0,0.0,673386.38,0.0,0.0,0.00,1289865.59,174579.52,0.00,3555459.15,127422.08
CZ13/EUn&0&cDXGF&Ex&dxAC_equip/NE-dxAC-PkgAC-gt760-Ex-EER-9.5/instance-out.sql,9314203.15,174579.52,1503159.87,1277404.75,0.0,3682881.23,0.0,2002788.03,3.37,0.0,0.0,0.0,673386.38,0.0,0.0,0.00,1503159.87,174579.52,0.00,3555459.15,127422.08
CZ13/EUn&0&cDXGF&Ex&dxAC_equip/NE-dxAC-PkgAC-gt760-Ex-EER-10.2/instance-out.sql,9240340.42,174579.52,1429297.14,1277404.75,0.0,3682881.23,0.0,2002788.03,3.37,0.0,0.0,0.0,673386.38,0.0,0.0,0.00,1429297.14,174579.52,0.00,3555459.15,127422.08
CZ13/EUn&0&cDXGF&Ex&dxAC_equip/NE-dxAC-PkgAC-gt760-Ex-EER-11.0/instance-out.sql,9169604.6,174579.52,1358561.33,1277404.75,0.0,3682881.23,0.0,2002788.03,3.37,0.0,0.0,0.0,673386.38,0.0,0.0,0.00,1358561.33,174579.52,0.00,3555459.15,127422.08
CZ13/EUn&0&cDXGF&Ex&dxAC_equip/NE-dxAC-PkgAC-gt760-Ex-EER-12.0/instance-out.sql,9091918.14,174579.52,1280874.86,1277404.75,0.0,3682881.23,0.0,2002788.03,3.37,0.0,0.0,0.0,673386.38,0.0,0.0,0.00,1280874.86,174579.52,0.00,3555459.15,127422.08
CZ13/Gro&0&cDXGF&Ex&dxAC_equip/NE-dxAC-PkgAC-65to134-Ex-EER-11.0/instance-out.sql,2081602.17,117255.2,103307.63,249218.65,0.0,177584.03,0.0,175176.55,3.38,0.0,0.0,0.0,54733.49,1204323.23,0.0,0.00,103307.63,117255.20,0.00,177584.03,0.00
CZ13/Gro&0&cDXGF&Ex&dxAC_equip/NE-dxAC-PkgAC-65to134-Ex-EER-11.5/instance-out.sql,2077182.16,117255.2,98887.63,249218.65,0.0,177584.03,0.0,175176.55,3.38,0.0,0.0,0.0,54733.49,1204323.23,0.0,0.00,98887.63,117255.20,0.00,177584.03,0.00
CZ13/Gro&0&cDXGF&Ex&dxAC_equip/NE-dxAC-PkgAC-65to134-Ex-EER-12.0/instance-out.sql,2073125.16,117255.2,94830.62,249218.65,0.0,177584.03,0.0,175176.55,3.38,0.0,0.0,0.0,54733.49,1204323.23,0.0,0.00,94830.62,117255.20,0.00,177584.03,0.00
CZ13/Gro&0&cDXGF&Ex&dxAC_equip/NE-dxAC-PkgAC-65to134-Ex-EER-12.5/instance-out.sql,2069388.2,117255.2,91093.66,249218.65,0.0,177584.03,0.0,175176.55,3.38,0.0,0.0,0.0,54733.49,1204323.23,0.0,0.00,91093.66,117255.20,0.00,177584.03,0.00
CZ13/Gro&0&cDXGF&Ex&dxAC_equip/NE-dxAC-PkgAC-65to134-Ex-EER-13.0/instance-out.sql,2065739.8499999999,117255.2,87445.31,249218.65,0.0,177584.03,0.0,175176.55,3.38,0.0,0.0,0.0,54733.49,1204323.23,0.0,0.00,87445.31,117255.20,0.00,177584.03,0.00
CZ13/Gro&0&cDXGF&Ex&dxAC_equip/NE-dxAC-PkgAC-135to239-Ex-EER-10.8/instance-out.sql,2081331.25,117255.2,103036.71,249218.65,0.0,177584.03,0.0,175176.55,3.38,0.0,0.0,0.0,54733.49,1204323.23,0.0,0.00,103036.71,117255.20,0.00,177584.03,0.00
CZ13/Gro&0&cDXGF&Ex&dxAC_equip/NE-dxAC-PkgAC-135to239-Ex-EER-11.5/instance-out.sql,2074992.02,117255.2,96697.48,249218.65,0.0,177584.03,0.0,175176.55,3.38,0.0,0.0,0.0,54733.49,1204323.23,0.0,0.00,96697.48,117255.20,0.00,177584.03,0.00
CZ13/Gro&0&cDXGF&Ex&dxAC_equip/NE-dxAC-PkgAC-135to239-Ex-EER-12.0/instance-out.sql,2071109.3499999999,117255.2,92814.81,249218.65,0.0,177584.03,0.0,175176.55,3.38,0.0,0.0,0.0,54733.49,1204323.23,0.0,0.00,92814.81,117255.20,0.00,177584.03,0.00
CZ13/Gro&0&cDXGF&Ex&dxAC_equip/NE-dxAC-PkgAC-135to239-Ex-EER-12.5/instance-out.sql,2067324.5699999998,117255.2,89030.03,249218.65,0.0,177584.03,0.0,175176.55,3.38,0.0,0.0,0.0,54733.49,1204323.23,0.0,0.00,89030.03,117255.20,0.00,177584.03,0.00
CZ13/Gro&0&cDXGF&Ex&dxAC_equip/NE-dxAC-PkgAC-240to759-Ex-EER-9.8/instance-out.sql,2084391.9,117255.2,106097.36,249218.65,0.0,177584.03,0.0,175176.55,3.38,0.0,0.0,0.0,54733.49,1204323.23,0.0,0.00,106097.36,117255.20,0.00,177584.03,0.00
CZ13/Gro&0&cDXGF&Ex&dxAC_equip/NE-dxAC-PkgAC-240to759-Ex-EER-10.8/instance-out.sql,2074754.65,117255.2,96460.11,249218.65,0.0,177584.03,0.0,175176.55,3.38,0.0,0.0,0.0,54733.49,1204323.23,0.0,0.00,96460.11,117255.20,0.00,177584.03,0.00
CZ13/Gro&0&cDXGF&Ex&dxAC_equip/NE-dxAC-PkgAC-240to759-Ex-EER-11.5/instance-out.sql,2068759.1199999999,117255.2,90464.58,249218.65,0.0,177584.03,0.0,175176.55,3.38,0.0,0.0,0.0,54733.49,1204323.23,0.0,0.00,90464.58,117255.20,0.00,177584.03,0.00
CZ13/Gro&0&cDXGF&Ex&dxAC_equip/NE-dxAC-PkgAC-240to759-Ex-EER-12.5/instance-out.sql,2061483.01,117255.2,83188.47,249218.65,0.0,177584.03,0.0,175176.55,3.38,0.0,0.0,0.0,54733.49,1204323.23,0.0,0.00,83188.47,117255.20,0.00,177584.03,0.00
CZ13/Gro&0&cDXGF&Ex&dxAC_equip/NE-dxAC-PkgAC-gt760-Ex-EER-9.5/instance-out.sql,2082148.3,117255.2,103853.76,249218.65,0.0,177584.03,0.0,175176.55,3.38,0.0,0.0,0.0,54733.49,1204323.23,0.0,0.00,103853.76,117255.20,0.00,177584.03,0.00
CZ13/Gro&0&cDXGF&Ex&dxAC_equip/NE-dxAC-PkgAC-gt760-Ex-EER-10.2/instance-out.sql,2074992.02,117255.2,96697.48,249218.65,0.0,177584.03,0.0,175176.55,3.38,0.0,0.0,0.0,54733.49,1204323.23,0.0,0.00,96697.48,117255.20,0.00,177584.03,0.00
CZ13/Gro&0&cDXGF&Ex&dxAC_equip/NE-dxAC-PkgAC-gt760-Ex-EER-11.0/instance-out.sql,2068138.68,117255.2,89844.14,249218.65,0.0,177584.03,0.0,175176.55,3.38,0.0,0.0,0.0,54733.49,1204323.23,0.0,0.00,89844.14,117255.20,0.00,177584.03,0.00
CZ13/Gro&0&cDXGF&Ex&dxAC_equip/NE-dxAC-PkgAC-gt760-Ex-EER-12.0/instance-out.sql,2060611.93,117255.2,82317.39,249218.65,0.0,177584.03,0.0,175176.55,3.38,0.0,0.0,0.0,54733.49,1204323.23,0.0,0.00,82317.39,117255.20,0.00,177584.03,0.00
CZ13/Hsp&0&cDXGF&Ex&dxAC_equip/NE-dxAC-PkgAC-65to134-Ex-EER-11.0/instance-out.sql,4364054.2,267792.08,1155721.34,856282.21,0.0,1182847.3,0.0,620662.38,45236.79,0.0,0.0,0.0,235512.11,0.0,0.0,0.00,1155721.34,267792.08,0.00,1139112.10,43735.20
CZ13/Hsp&0&cDXGF&Ex&dxAC_equip/NE-dxAC-PkgAC-65to134-Ex-EER-11.5/instance-out.sql,4356886.05,267792.08,1148553.19,856282.21,0.0,1182847.3,0.0,620662.38,45236.79,0.0,0.0,0.0,235512.11,0.0,0.0,0.00,1148553.19,267792.08,0.00,1139112.10,43735.20
CZ13/Hsp&0&cDXGF&Ex&dxAC_equip/NE-dxAC-PkgAC-65to134-Ex-EER-12.0/instance-out.sql,4350306.59,267792.08,1141973.73,856282.21,0.0,1182847.3,0.0,620662.38,45236.79,0.0,0.0,0.0,235512.11,0.0,0.0,0.00,1141973.73,267792.08,0.00,1139112.10,43735.20
CZ13/Hsp&0&cDXGF&Ex&dxAC_equip/NE-dxAC-PkgAC-65to134-Ex-EER-12.5/instance-out.sql,4344246.16,267792.08,1135913.3,856282.21,0.0,1182847.3,0.0,620662.38,45236.79,0.0,0.0,0.0,235512.11,0.0,0.0,0.00,1135913.30,267792.08,0.00,1139112.10,43735.20
CZ13/Hsp&0&cDXGF&Ex&dxAC_equip/NE-dxAC-PkgAC-65to134-Ex-EER-13.0/instance-out.sql,4338329.4399999995,267792.08,1129996.57,856282.21,0.0,1182847.3,0.0,620662.38,45236.79,0.0,0.0,0.0,235512.11,0.0,0.0,0.00,1129996.57,267792.08,0.00,1139112.10,43735.20
CZ13/Hsp&0&cDXGF&Ex&dxAC_equip/NE-dxAC-PkgAC-135to239-Ex-EER-10.8/instance-out.sql,4363614.84,267792.08,1155281.98,856282.21,0.0,1182847.3,0.0,620662.38,45236.79,0.0,0.0,0.0,235512.11,0.0,0.0,0.00,1155281.98,267792.08,0.00,1139112.10,43735.20
CZ13/Hsp&0&cDXGF&Ex&dxAC_equip/NE-dxAC-PkgAC-135to239-Ex-EER-11.5/instance-out.sql,4353334.17,267792.08,1145001.31,856282.21,0.0,1182847.3,0.0,620662.38,45236.79,0.0,0.0,0.0,235512.11,0.0,0.0,0.00,1145001.31,267792.08,0.00,1139112.10,43735.20
CZ13/Hsp&0&cDXGF&Ex&dxAC_equip/NE-dxAC-PkgAC-135to239-Ex-EER-12.0/instance-out.sql,4347037.45,267792.08,1138704.58,856282.21,0.0,1182847.3,0.0,620662.38,45236.79,0.0,0.0,0.0,235512.11,0.0,0.0,0.00,1138704.58,267792.08,0.00,1139112.10,43735.20
CZ13/Hsp&0&cDXGF&Ex&dxAC_equip/NE-dxAC-PkgAC-135to239-Ex-EER-12.5/instance-out.sql,4340899.46,267792.08,1132566.6,856282.21,0.0,1182847.3,0.0,620662.38,45236.79,0.0,0.0,0.0,235512.11,0.0,0.0,0.00,1132566.60,267792.08,0.00,1139112.10,43735.20
CZ13/Hsp&0&cDXGF&Ex&dxAC_equip/NE-dxAC-PkgAC-240to759-Ex-EER-9.8/instance-out.sql,4368578.46,267792.08,1160245.59,856282.21,0.0,1182847.3,0.0,620662.38,45236.79,0.0,0.0,0.0,235512.11,0.0,0.0,0.00,1160245.59,267792.08,0.00,1139112.10,43735.20
CZ13/Hsp&0&cDXGF&Ex&dxAC_equip/NE-dxAC-PkgAC-240to759-Ex-EER-10.8/instance-out.sql,4352949.22,267792.08,1144616.35,856282.21,0.0,1182847.3,0.0,620662.38,45236.79,0.0,0.0,0.0,235512.11,0.0,0.0,0.00,1144616.35,267792.08,0.00,1139112.10,43735.20
CZ13/Hsp&0&cDXGF&Ex&dxAC_equip/NE-dxAC-PkgAC-240to759-Ex-EER-11.5/instance-out.sql,4343225.96,267792.08,1134893.09,856282.21,0.0,1182847.3,0.0,620662.38,45236.79,0.0,0.0,0.0,235512.11,0.0,0.0,0.00,1134893.09,267792.08,0.00,1139112.10,43735.20
CZ13/Hsp&0&cDXGF&Ex&dxAC_equip/NE-dxAC-PkgAC-240to759-Ex-EER-12.5/instance-out.sql,4331425.899999999,267792.08,1123093.04,856282.21,0.0,1182847.3,0.0,620662.38,45236.79,0.0,0.0,0.0,235512.11,0.0,0.0,0.00,1123093.04,267792.08,0.00,1139112.10,43735.20
CZ13/Hsp&0&cDXGF&Ex&dxAC_equip/NE-dxAC-PkgAC-gt760-Ex-EER-9.5/instance-out.sql,4364939.899999999,267792.08,1156607.04,856282.21,0.0,1182847.3,0.0,620662.38,45236.79,0.0,0.0,0.0,235512.11,0.0,0.0,0.00,1156607.04,267792.08,0.00,1139112.10,43735.20
CZ13/Hsp&0&cDXGF&Ex&dxAC_equip/NE-dxAC-PkgAC-gt760-Ex-EER-10.2/instance-out.sql,4353334.17,267792.08,1145001.31,856282.21,0.0,1182847.3,0.0,620662.38,45236.79,0.0,0.0,0.0,235512.11,0.0,0.0,0.00,1145001.31,267792.08,0.00,1139112.10,43735.20
CZ13/Hsp&0&cDXGF&Ex&dxAC_equip/NE-dxAC-PkgAC-gt760-Ex-EER-11.0/instance-out.sql,4342219.76,267792.08,1133886.9,856282.21,0.0,1182847.3,0.0,620662.38,45236.79,0.0,0.0,0.0,235512.11,0.0,0.0,0.00,1133886.90,267792.08,0.00,1139112.10,43735.20
CZ13/Hsp&0&cDXGF&Ex&dxAC_equip/NE-dxAC-PkgAC-gt760-Ex-EER-12.0/instance-out.sql,4330013.2299999995,267792.08,1121680.36,856282.21,0.0,1182847.3,0.0,620662.38,45236.79,0.0,0.0,0.0,235512.11,0.0,0.0,0.00,1121680.36,267792.08,0.00,1139112.10,43735.20
CZ13/MBT&0&cDXGF&Ex&dxAC_equip/NE-dxAC-PkgAC-65to134-Ex-EER-11.0/instance-out.sql,6750864.87,1873666.53,794482.48,709539.71,0.0,2167645.51,0.0,1048432.9,705.72,0.0,0.0,0.0,156392.01,0.0,0.0,0.00,794482.48,1873666.53,0.00,1394057.91,773587.60
CZ13/MBT&0&cDXGF&Ex&dxAC_equip/NE-dxAC-PkgAC-65to134-Ex-EER-11.5/instance-out.sql,6741287.24,1873666.53,784904.86,709539.71,0.0,2167645.51,0.0,1048432.9,705.72,0.0,0.0,0.0,156392.01,0.0,0.0,0.00,784904.86,1873666.53,0.00,1394057.91,773587.60
CZ13/MBT&0&cDXGF&Ex&dxAC_equip/NE-dxAC-PkgAC-65to134-Ex-EER-12.0/instance-out.sql,6732496.18,1873666.53,776113.8,709539.71,0.0,2167645.51,0.0,1048432.9,705.72,0.0,0.0,0.0,156392.01,0.0,0.0,0.00,776113.80,1873666.53,0.00,1394057.91,773587.60
CZ13/MBT&0&cDXGF&Ex&dxAC_equip/NE-dxAC-PkgAC-65to134-Ex-EER-12.5/instance-out.sql,6724398.61,1873666.53,768016.23,709539.71,0.0,2167645.51,0.0,1048432.9,705.72,0.0,0.0,0.0,156392.01,0.0,0.0,0.00,768016.23,1873666.53,0.00,1394057.91,773587.60
CZ13/MBT&0&cDXGF&Ex&dxAC_equip/NE-dxAC-PkgAC-65to134-Ex-EER-13.0/instance-out.sql,6716493.07,1873666.53,760110.68,709539.71,0.0,2167645.51,0.0,1048432.9,705.72,0.0,0.0,0.0,156392.01,0.0,0.0,0.00,760110.68,1873666.53,0.00,1394057.91,773587.60
CZ13/MBT&0&cDXGF&Ex&dxAC_equip/NE-dxAC-PkgAC-135to239-Ex-EER-10.8/instance-out.sql,6750277.82,1873666.53,793895.43,709539.71,0.0,2167645.51,0.0,1048432.9,705.72,0.0,0.0,0.0,156392.01,0.0,0.0,0.00,793895.43,1873666.53,0.00,1394057.91,773587.60
CZ13/MBT&0&cDXGF&Ex&dxAC_equip/NE-dxAC-PkgAC-135to239-Ex-EER-11.5/instance-out.sql,6736541.4399999995,1873666.53,780159.06,709539.71,0.0,2167645.51,0.0,1048432.9,705.72,0.0,0.0,0.0,156392.01,0.0,0.0,0.00,780159.06,1873666.53,0.00,1394057.91,773587.60
CZ13/MBT&0&cDXGF&Ex&dxAC_equip/NE-dxAC-PkgAC-135to239-Ex-EER-12.0/instance-out.sql,6728128.16,1873666.53,771745.77,709539.71,0.0,2167645.51,0.0,1048432.9,705.72,0.0,0.0,0.0,156392.01,0.0,0.0,0.00,771745.77,1873666.53,0.00,1394057.91,773587.60
CZ13/MBT&0&cDXGF&Ex&dxAC_equip/NE-dxAC-PkgAC-135to239-Ex-EER-12.5/instance-out.sql,6719926.970000001,1873666.53,763544.59,709539.71,0.0,2167645.51,0.0,1048432.9,705.72,0.0,0.0,0.0,156392.01,0.0,0.0,0.00,763544.59,1873666.53,0.00,1394057.91,773587.60
CZ13/MBT&0&cDXGF&Ex&dxAC_equip/NE-dxAC-PkgAC-240to759-Ex-EER-9.8/instance-out.sql,6756909.890000001,1873666.53,800527.5,709539.71,0.0,2167645.51,0.0,1048432.9,705.72,0.0,0.0,0.0,156392.01,0.0,0.0,0.00,800527.50,1873666.53,0.00,1394057.91,773587.60
CZ13/MBT&0&cDXGF&Ex&dxAC_equip/NE-dxAC-PkgAC-240to759-Ex-EER-10.8/instance-out.sql,6736027.09,1873666.53,779644.71,709539.71,0.0,2167645.51,0.0,1048432.9,705.72,0.0,0.0,0.0,156392.01,0.0,0.0,0.00,779644.71,1873666.53,0.00,1394057.91,773587.60
CZ13/MBT&0&cDXGF&Ex&dxAC_equip/NE-dxAC-PkgAC-240to759-Ex-EER-11.5/instance-out.sql,6723035.48,1873666.53,766653.1,709539.71,0.0,2167645.51,0.0,1048432.9,705.72,0.0,0.0,0.0,156392.01,0.0,0.0,0.00,766653.10,1873666.53,0.00,1394057.91,773587.60
CZ13/MBT&0&cDXGF&Ex&dxAC_equip/NE-dxAC-PkgAC-240to759-Ex-EER-12.5/instance-out.sql,6707269.0,1873666.53,750886.61,709539.71,0.0,2167645.51,0.0,1048432.9,705.72,0.0,0.0,0.0,156392.01,0.0,0.0,0.00,750886.61,1873666.53,0.00,1394057.91,773587.60
CZ13/MBT&0&cDXGF&Ex&dxAC_equip/NE-dxAC-PkgAC-gt760-Ex-EER-9.5/instance-out.sql,6752048.28,1873666.53,795665.9,709539.71,0.0,2167645.51,0.0,1048432.9,705.72,0.0,0.0,0.0,156392.01,0.0,0.0,0.00,795665.90,1873666.53,0.00,1394057.91,773587.60
CZ13/MBT&0&cDXGF&Ex&dxAC_equip/NE-dxAC-PkgAC-gt760-Ex-EER-10.2/instance-out.sql,6736541.4399999995,1873666.53,780159.06,709539.71,0.0,2167645.51,0.0,1048432.9,705.72,0.0,0.0,0.0,156392.01,0.0,0.0,0.00,780159.06,1873666.53,0.00,1394057.91,773587.60
CZ13/MBT&0&cDXGF&Ex&dxAC_equip/NE-dxAC-PkgAC-gt760-Ex-EER-11.0/instance-out.sql,6721691.07,1873666.53,765308.69,709539.71,0.0,2167645.51,0.0,1048432.9,705.72,0.0,0.0,0.0,156392.01,0.0,0.0,0.00,765308.69,1873666.53,0.00,1394057.91,773587.60
CZ13/MBT&0&cDXGF&Ex&dxAC_equip/NE-dxAC-PkgAC-gt760-Ex-EER-12.0/instance-out.sql,6705381.470000001,1873666.53,748999.09,709539.71,0.0,2167645.51,0.0,1048432.9,705.72,0.0,0.0,0.0,156392.01,0.0,0.0,0.00,748999.09,1873666.53,0.00,1394057.91,773587.60
CZ13/MLI&0&cDXGF&Ex&dxAC_equip/NE-dxAC-PkgAC-65to134-Ex-EER-11.0/instance-out.sql,1262324.59,101339.45,218359.7,283149.19,0.0,239893.0,0.0,375571.57,3.37,0.0,0.0,0.0,44008.3,0.0,0.0,0.00,218359.70,101339.45,0.00,239893.00,0.00
CZ13/MLI&0&cDXGF&Ex&dxAC_equip/NE-dxAC-PkgAC-65to134-Ex-EER-11.5/instance-out.sql,1252976.05,101339.45,209011.16,283149.19,0.0,239893.0,0.0,375571.57,3.37,0.0,0.0,0.0,44008.3,0.0,0.0,0.00,209011.16,101339.45,0.00,239893.00,0.00
CZ13/MLI&0&cDXGF&Ex&dxAC_equip/NE-dxAC-PkgAC-65to134-Ex-EER-12.0/instance-out.sql,1244395.27,101339.45,200430.37,283149.19,0.0,239893.0,0.0,375571.57,3.37,0.0,0.0,0.0,44008.3,0.0,0.0,0.00,200430.37,101339.45,0.00,239893.00,0.00
CZ13/MLI&0&cDXGF&Ex&dxAC_equip/NE-dxAC-PkgAC-65to134-Ex-EER-12.5/instance-out.sql,1236491.39,101339.45,192526.49,283149.19,0.0,239893.0,0.0,375571.57,3.37,0.0,0.0,0.0,44008.3,0.0,0.0,0.00,192526.49,101339.45,0.00,239893.00,0.00
CZ13/MLI&0&cDXGF&Ex&dxAC_equip/NE-dxAC-PkgAC-65to134-Ex-EER-13.0/instance-out.sql,1228774.93,101339.45,184810.04,283149.19,0.0,239893.0,0.0,375571.57,3.37,0.0,0.0,0.0,44008.3,0.0,0.0,0.00,184810.04,101339.45,0.00,239893.00,0.00
CZ13/MLI&0&cDXGF&Ex&dxAC_equip/NE-dxAC-PkgAC-135to239-Ex-EER-10.8/instance-out.sql,1261751.58,101339.45,217786.69,283149.19,0.0,239893.0,0.0,375571.57,3.37,0.0,0.0,0.0,44008.3,0.0,0.0,0.00,217786.69,101339.45,0.00,239893.00,0.00
CZ13/MLI&0&cDXGF&Ex&dxAC_equip/NE-dxAC-PkgAC-135to239-Ex-EER-11.5/instance-out.sql,1248343.77,101339.45,204378.88,283149.19,0.0,239893.0,0.0,375571.57,3.37,0.0,0.0,0.0,44008.3,0.0,0.0,0.00,204378.88,101339.45,0.00,239893.00,0.00
CZ13/MLI&0&cDXGF&Ex&dxAC_equip/NE-dxAC-PkgAC-135to239-Ex-EER-12.0/instance-out.sql,1240131.72,101339.45,196166.83,283149.19,0.0,239893.0,0.0,375571.57,3.37,0.0,0.0,0.0,44008.3,0.0,0.0,0.00,196166.83,101339.45,0.00,239893.00,0.00
CZ13/MLI&0&cDXGF&Ex&dxAC_equip/NE-dxAC-PkgAC-135to239-Ex-EER-12.5/instance-out.sql,1232126.7,101339.45,188161.81,283149.19,0.0,239893.0,0.0,375571.57,3.37,0.0,0.0,0.0,44008.3,0.0,0.0,0.00,188161.81,101339.45,0.00,239893.00,0.00
CZ13/MLI&0&cDXGF&Ex&dxAC_equip/NE-dxAC-PkgAC-240to759-Ex-EER-9.8/instance-out.sql,1268225.02,101339.45,224260.13,283149.19,0.0,239893.0,0.0,375571.57,3.37,0.0,0.0,0.0,44008.3,0.0,0.0,0.00,224260.13,101339.45,0.00,239893.00,0.00
CZ13/MLI&0&cDXGF&Ex&dxAC_equip/NE-dxAC-PkgAC-240to759-Ex-EER-10.8/instance-out.sql,1247841.72,101339.45,203876.82,283149.19,0.0,239893.0,0.0,375571.57,3.37,0.0,0.0,0.0,44008.3,0.0,0.0,0.00,203876.82,101339.45,0.00,239893.00,0.00
CZ13/MLI&0&cDXGF&Ex&dxAC_equip/NE-dxAC-PkgAC-240to759-Ex-EER-11.5/instance-out.sql,1235160.86,101339.45,191195.97,283149.19,0.0,239893.0,0.0,375571.57,3.37,0.0,0.0,0.0,44008.3,0.0,0.0,0.00,191195.97,101339.45,0.00,239893.00,0.00
CZ13/MLI&0&cDXGF&Ex&dxAC_equip/NE-dxAC-PkgAC-240to759-Ex-EER-12.5/instance-out.sql,1219771.49,101339.45,175806.6,283149.19,0.0,239893.0,0.0,375571.57,3.37,0.0,0.0,0.0,44008.3,0.0,0.0,0.00,175806.60,101339.45,0.00,239893.00,0.00
CZ13/MLI&0&cDXGF&Ex&dxAC_equip/NE-dxAC-PkgAC-gt760-Ex-EER-9.5/instance-out.sql,1263479.7,101339.45,219514.81,283149.19,0.0,239893.0,0.0,375571.57,3.37,0.0,0.0,0.0,44008.3,0.0,0.0,0.00,219514.81,101339.45,0.00,239893.00,0.00
CZ13/MLI&0&cDXGF&Ex&dxAC_equip/NE-dxAC-PkgAC-gt760-Ex-EER-10.2/instance-out.sql,1248343.77,101339.45,204378.88,283149.19,0.0,239893.0,0.0,375571.57,3.37,0.0,0.0,0.0,44008.3,0.0,0.0,0.00,204378.88,101339.45,0.00,239893.00,0.00
CZ13/MLI&0&cDXGF&Ex&dxAC_equip/NE-dxAC-PkgAC-gt760-Ex-EER-11.0/instance-out.sql,1233848.61,101339.45,189883.71,283149.19,0.0,239893.0,0.0,375571.57,3.37,0.0,0.0,0.0,44008.3,0.0,0.0,0.00,189883.71,101339.45,0.00,239893.00,0.00
CZ13/MLI&0&cDXGF&Ex&dxAC_equip/NE-dxAC-PkgAC-gt760-Ex-EER-12.0/instance-out.sql,1217929.12,101339.45,173964.22,283149.19,0.0,239893.0,0.0,375571.57,3.37,0.0,0.0,0.0,44008.3,0.0,0.0,0.00,173964.22,101339.45,0.00,239893.00,0.00
CZ13/Mtl&0&cDXGF&Ex&dxAC_equip/NE-dxAC-PkgAC-65to134-Ex-EER-11.0/instance-out.sql,214593.09000000003,17282.14,53693.92,51285.47,0.0,22443.33,0.0,62269.81,3.36,0.0,0.0,0.0,7615.06,0.0,0.0,0.00,53693.92,17282.14,0.00,22191.36,251.97
CZ13/Mtl&0&cDXGF&Ex&dxAC_equip/NE-dxAC-PkgAC-65to134-Ex-EER-11.5/instance-out.sql,212821.03999999998,17282.14,51921.87,51285.47,0.0,22443.33,0.0,62269.81,3.36,0.0,0.0,0.0,7615.06,0.0,0.0,0.00,51921.87,17282.14,0.00,22191.36,251.97
CZ13/Mtl&0&cDXGF&Ex&dxAC_equip/NE-dxAC-PkgAC-65to134-Ex-EER-12.0/instance-out.sql,211194.52000000002,17282.14,50295.35,51285.47,0.0,22443.33,0.0,62269.81,3.36,0.0,0.0,0.0,7615.06,0.0,0.0,0.00,50295.35,17282.14,0.00,22191.36,251.97
CZ13/Mtl&0&cDXGF&Ex&dxAC_equip/NE-dxAC-PkgAC-65to134-Ex-EER-12.5/instance-out.sql,209696.31,17282.14,48797.13,51285.47,0.0,22443.33,0.0,62269.81,3.36,0.0,0.0,0.0,7615.06,0.0,0.0,0.00,48797.13,17282.14,0.00,22191.36,251.97
CZ13/Mtl&0&cDXGF&Ex&dxAC_equip/NE-dxAC-PkgAC-65to134-Ex-EER-13.0/instance-out.sql,208233.62,17282.14,47334.45,51285.47,0.0,22443.33,0.0,62269.81,3.36,0.0,0.0,0.0,7615.06,0.0,0.0,0.00,47334.45,17282.14,0.00,22191.36,251.97
CZ13/Mtl&0&cDXGF&Ex&dxAC_equip/NE-dxAC-PkgAC-135to239-Ex-EER-10.8/instance-out.sql,214484.47999999998,17282.14,53585.31,51285.47,0.0,22443.33,0.0,62269.81,3.36,0.0,0.0,0.0,7615.06,0.0,0.0,0.00,53585.31,17282.14,0.00,22191.36,251.97
CZ13/Mtl&0&cDXGF&Ex&dxAC_equip/NE-dxAC-PkgAC-135to239-Ex-EER-11.5/instance-out.sql,211942.96999999997,17282.14,51043.8,51285.47,0.0,22443.33,0.0,62269.81,3.36,0.0,0.0,0.0,7615.06,0.0,0.0,0.00,51043.80,17282.14,0.00,22191.36,251.97
CZ13/Mtl&0&cDXGF&Ex&dxAC_equip/NE-dxAC-PkgAC-135to239-Ex-EER-12.0/instance-out.sql,210386.34999999998,17282.14,49487.17,51285.47,0.0,22443.33,0.0,62269.81,3.36,0.0,0.0,0.0,7615.06,0.0,0.0,0.00,49487.17,17282.14,0.00,22191.36,251.97
CZ13/Mtl&0&cDXGF&Ex&dxAC_equip/NE-dxAC-PkgAC-135to239-Ex-EER-12.5/instance-out.sql,208868.96000000002,17282.14,47969.79,51285.47,0.0,22443.33,0.0,62269.81,3.36,0.0,0.0,0.0,7615.06,0.0,0.0,0.00,47969.79,17282.14,0.00,22191.36,251.97
CZ13/Mtl&0&cDXGF&Ex&dxAC_equip/NE-dxAC-PkgAC-240to759-Ex-EER-9.8/instance-out.sql,215711.53999999998,17282.14,54812.37,51285.47,0.0,22443.33,0.0,62269.81,3.36,0.0,0.0,0.0,7615.06,0.0,0.0,0.00,54812.37,17282.14,0.00,22191.36,251.97
CZ13/Mtl&0&cDXGF&Ex&dxAC_equip/NE-dxAC-PkgAC-240to759-Ex-EER-10.8/instance-out.sql,211847.81,17282.14,50948.64,51285.47,0.0,22443.33,0.0,62269.81,3.36,0.0,0.0,0.0,7615.06,0.0,0.0,0.00,50948.64,17282.14,0.00,22191.36,251.97
CZ13/Mtl&0&cDXGF&Ex&dxAC_equip/NE-dxAC-PkgAC-240to759-Ex-EER-11.5/instance-out.sql,209444.09999999998,17282.14,48544.93,51285.47,0.0,22443.33,0.0,62269.81,3.36,0.0,0.0,0.0,7615.06,0.0,0.0,0.00,48544.93,17282.14,0.00,22191.36,251.97
CZ13/Mtl&0&cDXGF&Ex&dxAC_equip/NE-dxAC-PkgAC-240to759-Ex-EER-12.5/instance-out.sql,206526.97999999998,17282.14,45627.81,51285.47,0.0,22443.33,0.0,62269.81,3.36,0.0,0.0,0.0,7615.06,0.0,0.0,0.00,45627.81,17282.14,0.00,22191.36,251.97
CZ13/Mtl&0&cDXGF&Ex&dxAC_equip/NE-dxAC-PkgAC-gt760-Ex-EER-9.5/instance-out.sql,214812.05,17282.14,53912.88,51285.47,0.0,22443.33,0.0,62269.81,3.36,0.0,0.0,0.0,7615.06,0.0,0.0,0.00,53912.88,17282.14,0.00,22191.36,251.97
CZ13/Mtl&0&cDXGF&Ex&dxAC_equip/NE-dxAC-PkgAC-gt760-Ex-EER-10.2/instance-out.sql,211942.96999999997,17282.14,51043.8,51285.47,0.0,22443.33,0.0,62269.81,3.36,0.0,0.0,0.0,7615.06,0.0,0.0,0.00,51043.80,17282.14,0.00,22191.36,251.97
CZ13/Mtl&0&cDXGF&Ex&dxAC_equip/NE-dxAC-PkgAC-gt760-Ex-EER-11.0/instance-out.sql,209195.36,17282.14,48296.18,51285.47,0.0,22443.33,0.0,62269.81,3.36,0.0,0.0,0.0,7615.06,0.0,0.0,0.00,48296.18,17282.14,0.00,22191.36,251.97
CZ13/Mtl&0&cDXGF&Ex&dxAC_equip/NE-dxAC-PkgAC-gt760-Ex-EER-12.0/instance-out.sql,206177.75,17282.14,45278.58,51285.47,0.0,22443.33,0.0,62269.81,3.36,0.0,0.0,0.0,7615.06,0.0,0.0,0.00,45278.58,17282.14,0.00,22191.36,251.97
CZ13/Nrs&0&cDXGF&Ex&dxAC_equip/NE-dxAC-PkgAC-65to134-Ex-EER-11.0/instance-out.sql,1107735.1400000001,74964.99,194197.66,200868.06,0.0,347425.87,0.0,185140.49,42.25,0.0,0.0,0.0,105095.82,0.0,0.0,0.00,194197.66,74964.99,0.00,281574.59,65851.28
CZ13/Nrs&0&cDXGF&Ex&dxAC_equip/NE-dxAC-PkgAC-65to134-Ex-EER-11.5/instance-out.sql,1104523.76,74964.99,190986.27,200868.06,0.0,347425.87,0.0,185140.49,42.25,0.0,0.0,0.0,105095.82,0.0,0.0,0.00,190986.27,74964.99,0.00,281574.59,65851.28
CZ13/Nrs&0&cDXGF&Ex&dxAC_equip/NE-dxAC-PkgAC-65to134-Ex-EER-12.0/instance-out.sql,1101576.11,74964.99,188038.62,200868.06,0.0,347425.87,0.0,185140.49,42.25,0.0,0.0,0.0,105095.82,0.0,0.0,0.00,188038.62,74964.99,0.00,281574.59,65851.28
CZ13/Nrs&0&cDXGF&Ex&dxAC_equip/NE-dxAC-PkgAC-65to134-Ex-EER-12.5/instance-out.sql,1098860.98,74964.99,185323.5,200868.06,0.0,347425.87,0.0,185140.49,42.25,0.0,0.0,0.0,105095.82,0.0,0.0,0.00,185323.50,74964.99,0.00,281574.59,65851.28
CZ13/Nrs&0&cDXGF&Ex&dxAC_equip/NE-dxAC-PkgAC-65to134-Ex-EER-13.0/instance-out.sql,1096210.25,74964.99,182672.77,200868.06,0.0,347425.87,0.0,185140.49,42.25,0.0,0.0,0.0,105095.82,0.0,0.0,0.00,182672.77,74964.99,0.00,281574.59,65851.28
CZ13/Nrs&0&cDXGF&Ex&dxAC_equip/NE-dxAC-PkgAC-135to239-Ex-EER-10.8/instance-out.sql,1107538.3,74964.99,194000.82,200868.06,0.0,347425.87,0.0,185140.49,42.25,0.0,0.0,0.0,105095.82,0.0,0.0,0.00,194000.82,74964.99,0.00,281574.59,65851.28
CZ13/Nrs&0&cDXGF&Ex&dxAC_equip/NE-dxAC-PkgAC-135to239-Ex-EER-11.5/instance-out.sql,1102932.49,74964.99,189395.0,200868.06,0.0,347425.87,0.0,185140.49,42.25,0.0,0.0,0.0,105095.82,0.0,0.0,0.00,189395.00,74964.99,0.00,281574.59,65851.28
CZ13/Nrs&0&cDXGF&Ex&dxAC_equip/NE-dxAC-PkgAC-135to239-Ex-EER-12.0/instance-out.sql,1100111.5,74964.99,186574.02,200868.06,0.0,347425.87,0.0,185140.49,42.25,0.0,0.0,0.0,105095.82,0.0,0.0,0.00,186574.02,74964.99,0.00,281574.59,65851.28
CZ13/Nrs&0&cDXGF&Ex&dxAC_equip/NE-dxAC-PkgAC-135to239-Ex-EER-12.5/instance-out.sql,1097361.6400000001,74964.99,183824.16,200868.06,0.0,347425.87,0.0,185140.49,42.25,0.0,0.0,0.0,105095.82,0.0,0.0,0.00,183824.16,74964.99,0.00,281574.59,65851.28
CZ13/Nrs&0&cDXGF&Ex&dxAC_equip/NE-dxAC-PkgAC-240to759-Ex-EER-9.8/instance-out.sql,1109762.04,74964.99,196224.56,200868.06,0.0,347425.87,0.0,185140.49,42.25,0.0,0.0,0.0,105095.82,0.0,0.0,0.00,196224.56,74964.99,0.00,281574.59,65851.28
CZ13/Nrs&0&cDXGF&Ex&dxAC_equip/NE-dxAC-PkgAC-240to759-Ex-EER-10.8/instance-out.sql,1102760.02,74964.99,189222.54,200868.06,0.0,347425.87,0.0,185140.49,42.25,0.0,0.0,0.0,105095.82,0.0,0.0,0.00,189222.54,74964.99,0.00,281574.59,65851.28
CZ13/Nrs&0&cDXGF&Ex&dxAC_equip/NE-dxAC-PkgAC-240to759-Ex-EER-11.5/instance-out.sql,1098403.93,74964.99,184866.44,200868.06,0.0,347425.87,0.0,185140.49,42.25,0.0,0.0,0.0,105095.82,0.0,0.0,0.00,184866.44,74964.99,0.00,281574.59,65851.28
CZ13/Nrs&0&cDXGF&Ex&dxAC_equip/NE-dxAC-PkgAC-240to759-Ex-EER-12.5/instance-out.sql,1093117.41,74964.99,179579.93,200868.06,0.0,347425.87,0.0,185140.49,42.25,0.0,0.0,0.0,105095.82,0.0,0.0,0.00,179579.93,74964.99,0.00,281574.59,65851.28
CZ13/Nrs&0&cDXGF&Ex&dxAC_equip/NE-dxAC-PkgAC-gt760-Ex-EER-9.5/instance-out.sql,1108131.94,74964.99,194594.46,200868.06,0.0,347425.87,0.0,185140.49,42.25,0.0,0.0,0.0,105095.82,0.0,0.0,0.00,194594.46,74964.99,0.00,281574.59,65851.28
CZ13/Nrs&0&cDXGF&Ex&dxAC_equip/NE-dxAC-PkgAC-gt760-Ex-EER-10.2/instance-out.sql,1102932.49,74964.99,189395.0,200868.06,0.0,347425.87,0.0,185140.49,42.25,0.0,0.0,0.0,105095.82,0.0,0.0,0.00,189395.00,74964.99,0.00,281574.59,65851.28
CZ13/Nrs&0&cDXGF&Ex&dxAC_equip/NE-dxAC-PkgAC-gt760-Ex-EER-11.0/instance-out.sql,1097953.1400000001,74964.99,184415.66,200868.06,0.0,347425.87,0.0,185140.49,42.25,0.0,0.0,0.0,105095.82,0.0,0.0,0.00,184415.66,74964.99,0.00,281574.59,65851.28
CZ13/Nrs&0&cDXGF&Ex&dxAC_equip/NE-dxAC-PkgAC-gt760-Ex-EER-12.0/instance-out.sql,1092484.52,74964.99,178947.04,200868.06,0.0,347425.87,0.0,185140.49,42.25,0.0,0.0,0.0,105095.82,0.0,0.0,0.00,178947.04,74964.99,0.00,281574.59,65851.28
CZ13/OfL&0&cDXGF&Ex&dxAC_equip/NE-dxAC-PkgAC-65to134-Ex-EER-11.0/instance-out.sql,3003662.8,55883.06,626412.68,462712.61,0.0,829334.66,0.0,917398.37,4172.67,0.0,0.0,0.0,107748.74,0.0,0.0,0.00,626412.68,55883.06,0.00,829334.66,0.00
CZ13/OfL&0&cDXGF&Ex&dxAC_equip/NE-dxAC-PkgAC-65to134-Ex-EER-11.5/instance-out.sql,2983723.78,55883.06,606473.66,462712.61,0.0,829334.66,0.0,917398.37,4172.67,0.0,0.0,0.0,107748.74,0.0,0.0,0.00,606473.66,55883.06,0.00,829334.66,0.00
CZ13/OfL&0&cDXGF&Ex&dxAC_equip/NE-dxAC-PkgAC-65to134-Ex-EER-12.0/instance-out.sql,2965422.27,55883.06,588172.15,462712.61,0.0,829334.66,0.0,917398.37,4172.67,0.0,0.0,0.0,107748.74,0.0,0.0,0.00,588172.15,55883.06,0.00,829334.66,0.00
CZ13/OfL&0&cDXGF&Ex&dxAC_equip/NE-dxAC-PkgAC-65to134-Ex-EER-12.5/instance-out.sql,2948564.4899999998,55883.06,571314.37,462712.61,0.0,829334.66,0.0,917398.37,4172.67,0.0,0.0,0.0,107748.74,0.0,0.0,0.00,571314.37,55883.06,0.00,829334.66,0.00
CZ13/OfL&0&cDXGF&Ex&dxAC_equip/NE-dxAC-PkgAC-65to134-Ex-EER-13.0/instance-out.sql,2932106.46,55883.06,554856.34,462712.61,0.0,829334.66,0.0,917398.37,4172.67,0.0,0.0,0.0,107748.74,0.0,0.0,0.00,554856.34,55883.06,0.00,829334.66,0.00
CZ13/OfL&0&cDXGF&Ex&dxAC_equip/NE-dxAC-PkgAC-135to239-Ex-EER-10.8/instance-out.sql,3002440.6599999997,55883.06,625190.55,462712.61,0.0,829334.66,0.0,917398.37,4172.67,0.0,0.0,0.0,107748.74,0.0,0.0,0.00,625190.55,55883.06,0.00,829334.66,0.00
CZ13/OfL&0&cDXGF&Ex&dxAC_equip/NE-dxAC-PkgAC-135to239-Ex-EER-11.5/instance-out.sql,2973843.8299999996,55883.06,596593.71,462712.61,0.0,829334.66,0.0,917398.37,4172.67,0.0,0.0,0.0,107748.74,0.0,0.0,0.00,596593.71,55883.06,0.00,829334.66,0.00
CZ13/OfL&0&cDXGF&Ex&dxAC_equip/NE-dxAC-PkgAC-135to239-Ex-EER-12.0/instance-out.sql,2956328.77,55883.06,579078.66,462712.61,0.0,829334.66,0.0,917398.37,4172.67,0.0,0.0,0.0,107748.74,0.0,0.0,0.00,579078.66,55883.06,0.00,829334.66,0.00
CZ13/OfL&0&cDXGF&Ex&dxAC_equip/NE-dxAC-PkgAC-135to239-Ex-EER-12.5/instance-out.sql,2939255.27,55883.06,562005.16,462712.61,0.0,829334.66,0.0,917398.37,4172.67,0.0,0.0,0.0,107748.74,0.0,0.0,0.00,562005.16,55883.06,0.00,829334.66,0.00
CZ13/OfL&0&cDXGF&Ex&dxAC_equip/NE-dxAC-PkgAC-240to759-Ex-EER-9.8/instance-out.sql,3016247.52,55883.06,638997.41,462712.61,0.0,829334.66,0.0,917398.37,4172.67,0.0,0.0,0.0,107748.74,0.0,0.0,0.00,638997.41,55883.06,0.00,829334.66,0.00
CZ13/OfL&0&cDXGF&Ex&dxAC_equip/NE-dxAC-PkgAC-240to759-Ex-EER-10.8/instance-out.sql,2972773.03,55883.06,595522.91,462712.61,0.0,829334.66,0.0,917398.37,4172.67,0.0,0.0,0.0,107748.74,0.0,0.0,0.00,595522.91,55883.06,0.00,829334.66,0.00
CZ13/OfL&0&cDXGF&Ex&dxAC_equip/NE-dxAC-PkgAC-240to759-Ex-EER-11.5/instance-out.sql,2945726.6799999997,55883.06,568476.56,462712.61,0.0,829334.66,0.0,917398.37,4172.67,0.0,0.0,0.0,107748.74,0.0,0.0,0.00,568476.56,55883.06,0.00,829334.66,0.00
CZ13/OfL&0&cDXGF&Ex&dxAC_equip/NE-dxAC-PkgAC-240to759-Ex-EER-12.5/instance-out.sql,2912903.4899999998,55883.06,535653.37,462712.61,0.0,829334.66,0.0,917398.37,4172.67,0.0,0.0,0.0,107748.74,0.0,0.0,0.00,535653.37,55883.06,0.00,829334.66,0.00
CZ13/OfL&0&cDXGF&Ex&dxAC_equip/NE-dxAC-PkgAC-gt760-Ex-EER-9.5/instance-out.sql,3006126.48,55883.06,628876.36,462712.61,0.0,829334.66,0.0,917398.37,4172.67,0.0,0.0,0.0,107748.74,0.0,0.0,0.00,628876.36,55883.06,0.00,829334.66,0.00
CZ13/OfL&0&cDXGF&Ex&dxAC_equip/NE-dxAC-PkgAC-gt760-Ex-EER-10.2/instance-out.sql,2973843.8299999996,55883.06,596593.71,462712.61,0.0,829334.66,0.0,917398.37,4172.67,0.0,0.0,0.0,107748.74,0.0,0.0,0.00,596593.71,55883.06,0.00,829334.66,0.00
CZ13/OfL&0&cDXGF&Ex&dxAC_equip/NE-dxAC-PkgAC-gt760-Ex-EER-11.0/instance-out.sql,2942927.8299999996,55883.06,565677.72,462712.61,0.0,829334.66,0.0,917398.37,4172.67,0.0,0.0,0.0,107748.74,0.0,0.0,0.00,565677.72,55883.06,0.00,829334.66,0.00
CZ13/OfL&0&cDXGF&Ex&dxAC_equip/NE-dxAC-PkgAC-gt760-Ex-EER-12.0/instance-out.sql,2908973.9699999997,55883.06,531723.86,462712.61,0.0,829334.66,0.0,917398.37,4172.67,0.0,0.0,0.0,107748.74,0.0,0.0,0.00,531723.86,55883.06,0.00,829334.66,0.00
CZ13/OfS&0&cDXGF&Ex&dxAC_equip/NE-dxAC-PkgAC-65to134-Ex-EER-11.0/instance-out.sql,179060.39,5394.87,36496.73,23737.13,0.0,29387.4,0.0,63807.3,1.13,0.0,0.0,0.0,20235.82,0.0,0.0,0.00,36496.73,5394.87,0.00,29387.40,0.00
CZ13/OfS&0&cDXGF&Ex&dxAC_equip/NE-dxAC-PkgAC-65to134-Ex-EER-11.5/instance-out.sql,177503.8,5394.87,34940.14,23737.13,0.0,29387.4,0.0,63807.3,1.13,0.0,0.0,0.0,20235.82,0.0,0.0,0.00,34940.14,5394.87,0.00,29387.40,0.00
CZ13/OfS&0&cDXGF&Ex&dxAC_equip/NE-dxAC-PkgAC-65to134-Ex-EER-12.0/instance-out.sql,176075.04,5394.87,33511.38,23737.13,0.0,29387.4,0.0,63807.3,1.13,0.0,0.0,0.0,20235.82,0.0,0.0,0.00,33511.38,5394.87,0.00,29387.40,0.00
CZ13/OfS&0&cDXGF&Ex&dxAC_equip/NE-dxAC-PkgAC-65to134-Ex-EER-12.5/instance-out.sql,174759.0,5394.87,32195.34,23737.13,0.0,29387.4,0.0,63807.3,1.13,0.0,0.0,0.0,20235.82,0.0,0.0,0.00,32195.34,5394.87,0.00,29387.40,0.00
CZ13/OfS&0&cDXGF&Ex&dxAC_equip/NE-dxAC-PkgAC-65to134-Ex-EER-13.0/instance-out.sql,173474.16,5394.87,30910.5,23737.13,0.0,29387.4,0.0,63807.3,1.13,0.0,0.0,0.0,20235.82,0.0,0.0,0.00,30910.50,5394.87,0.00,29387.40,0.00
CZ13/OfS&0&cDXGF&Ex&dxAC_equip/NE-dxAC-PkgAC-135to239-Ex-EER-10.8/instance-out.sql,178964.98,5394.87,36401.32,23737.13,0.0,29387.4,0.0,63807.3,1.13,0.0,0.0,0.0,20235.82,0.0,0.0,0.00,36401.32,5394.87,0.00,29387.40,0.00
CZ13/OfS&0&cDXGF&Ex&dxAC_equip/NE-dxAC-PkgAC-135to239-Ex-EER-11.5/instance-out.sql,176732.49,5394.87,34168.84,23737.13,0.0,29387.4,0.0,63807.3,1.13,0.0,0.0,0.0,20235.82,0.0,0.0,0.00,34168.84,5394.87,0.00,29387.40,0.00
CZ13/OfS&0&cDXGF&Ex&dxAC_equip/NE-dxAC-PkgAC-135to239-Ex-EER-12.0/instance-out.sql,175365.13,5394.87,32801.48,23737.13,0.0,29387.4,0.0,63807.3,1.13,0.0,0.0,0.0,20235.82,0.0,0.0,0.00,32801.48,5394.87,0.00,29387.40,0.00
CZ13/OfS&0&cDXGF&Ex&dxAC_equip/NE-dxAC-PkgAC-135to239-Ex-EER-12.5/instance-out.sql,174032.25,5394.87,31468.59,23737.13,0.0,29387.4,0.0,63807.3,1.13,0.0,0.0,0.0,20235.82,0.0,0.0,0.00,31468.59,5394.87,0.00,29387.40,0.00
CZ13/OfS&0&cDXGF&Ex&dxAC_equip/NE-dxAC-PkgAC-240to759-Ex-EER-9.8/instance-out.sql,180042.85,5394.87,37479.19,23737.13,0.0,29387.4,0.0,63807.3,1.13,0.0,0.0,0.0,20235.82,0.0,0.0,0.00,37479.19,5394.87,0.00,29387.40,0.00
CZ13/OfS&0&cDXGF&Ex&dxAC_equip/NE-dxAC-PkgAC-240to759-Ex-EER-10.8/instance-out.sql,176648.9,5394.87,34085.24,23737.13,0.0,29387.4,0.0,63807.3,1.13,0.0,0.0,0.0,20235.82,0.0,0.0,0.00,34085.24,5394.87,0.00,29387.40,0.00
CZ13/OfS&0&cDXGF&Ex&dxAC_equip/NE-dxAC-PkgAC-240to759-Ex-EER-11.5/instance-out.sql,174537.45,5394.87,31973.8,23737.13,0.0,29387.4,0.0,63807.3,1.13,0.0,0.0,0.0,20235.82,0.0,0.0,0.00,31973.80,5394.87,0.00,29387.40,0.00
CZ13/OfS&0&cDXGF&Ex&dxAC_equip/NE-dxAC-PkgAC-240to759-Ex-EER-12.5/instance-out.sql,171975.03,5394.87,29411.37,23737.13,0.0,29387.4,0.0,63807.3,1.13,0.0,0.0,0.0,20235.82,0.0,0.0,0.00,29411.37,5394.87,0.00,29387.40,0.00
CZ13/OfS&0&cDXGF&Ex&dxAC_equip/NE-dxAC-PkgAC-gt760-Ex-EER-9.5/instance-out.sql,179252.72,5394.87,36689.07,23737.13,0.0,29387.4,0.0,63807.3,1.13,0.0,0.0,0.0,20235.82,0.0,0.0,0.00,36689.07,5394.87,0.00,29387.40,0.00
CZ13/OfS&0&cDXGF&Ex&dxAC_equip/NE-dxAC-PkgAC-gt760-Ex-EER-10.2/instance-out.sql,176732.49,5394.87,34168.84,23737.13,0.0,29387.4,0.0,63807.3,1.13,0.0,0.0,0.0,20235.82,0.0,0.0,0.00,34168.84,5394.87,0.00,29387.40,0.00
CZ13/OfS&0&cDXGF&Ex&dxAC_equip/NE-dxAC-PkgAC-gt760-Ex-EER-11.0/instance-out.sql,174318.95,5394.87,31755.3,23737.13,0.0,29387.4,0.0,63807.3,1.13,0.0,0.0,0.0,20235.82,0.0,0.0,0.00,31755.30,5394.87,0.00,29387.40,0.00
CZ13/OfS&0&cDXGF&Ex&dxAC_equip/NE-dxAC-PkgAC-gt760-Ex-EER-12.0/instance-out.sql,171668.26,5394.87,29104.6,23737.13,0.0,29387.4,0.0,63807.3,1.13,0.0,0.0,0.0,20235.82,0.0,0.0,0.00,29104.60,5394.87,0.00,29387.40,0.00
CZ13/RFF&0&cDXGF&Ex&dxAC_equip/NE-dxAC-PkgAC-65to134-Ex-EER-11.0/instance-out.sql,121831.25,3287.03,19662.01,13247.63,0.0,37903.17,0.0,24130.09,3.37,0.0,0.0,0.0,23597.94,0.0,0.0,0.00,19662.01,3287.03,0.00,18423.46,19479.71
CZ13/RFF&0&cDXGF&Ex&dxAC_equip/NE-dxAC-PkgAC-65to134-Ex-EER-11.5/instance-out.sql,121349.85999999999,3287.03,19180.62,13247.63,0.0,37903.17,0.0,24130.09,3.37,0.0,0.0,0.0,23597.94,0.0,0.0,0.00,19180.62,3287.03,0.00,18423.46,19479.71
CZ13/RFF&0&cDXGF&Ex&dxAC_equip/NE-dxAC-PkgAC-65to134-Ex-EER-12.0/instance-out.sql,120908.01000000001,3287.03,18738.77,13247.63,0.0,37903.17,0.0,24130.09,3.37,0.0,0.0,0.0,23597.94,0.0,0.0,0.00,18738.77,3287.03,0.00,18423.46,19479.71
CZ13/RFF&0&cDXGF&Ex&dxAC_equip/NE-dxAC-PkgAC-65to134-Ex-EER-12.5/instance-out.sql,120501.01000000001,3287.03,18331.78,13247.63,0.0,37903.17,0.0,24130.09,3.37,0.0,0.0,0.0,23597.94,0.0,0.0,0.00,18331.78,3287.03,0.00,18423.46,19479.71
CZ13/RFF&0&cDXGF&Ex&dxAC_equip/NE-dxAC-PkgAC-65to134-Ex-EER-13.0/instance-out.sql,120103.67000000001,3287.03,17934.43,13247.63,0.0,37903.17,0.0,24130.09,3.37,0.0,0.0,0.0,23597.94,0.0,0.0,0.00,17934.43,3287.03,0.00,18423.46,19479.71
CZ13/RFF&0&cDXGF&Ex&dxAC_equip/NE-dxAC-PkgAC-135to239-Ex-EER-10.8/instance-out.sql,121801.73999999999,3287.03,19632.5,13247.63,0.0,37903.17,0.0,24130.09,3.37,0.0,0.0,0.0,23597.94,0.0,0.0,0.00,19632.50,3287.03,0.00,18423.46,19479.71
CZ13/RFF&0&cDXGF&Ex&dxAC_equip/NE-dxAC-PkgAC-135to239-Ex-EER-11.5/instance-out.sql,121111.32999999999,3287.03,18942.09,13247.63,0.0,37903.17,0.0,24130.09,3.37,0.0,0.0,0.0,23597.94,0.0,0.0,0.00,18942.09,3287.03,0.00,18423.46,19479.71
CZ13/RFF&0&cDXGF&Ex&dxAC_equip/NE-dxAC-PkgAC-135to239-Ex-EER-12.0/instance-out.sql,120688.47,3287.03,18519.23,13247.63,0.0,37903.17,0.0,24130.09,3.37,0.0,0.0,0.0,23597.94,0.0,0.0,0.00,18519.23,3287.03,0.00,18423.46,19479.71
CZ13/RFF&0&cDXGF&Ex&dxAC_equip/NE-dxAC-PkgAC-135to239-Ex-EER-12.5/instance-out.sql,120276.26000000001,3287.03,18107.03,13247.63,0.0,37903.17,0.0,24130.09,3.37,0.0,0.0,0.0,23597.94,0.0,0.0,0.00,18107.03,3287.03,0.00,18423.46,19479.71
CZ13/RFF&0&cDXGF&Ex&dxAC_equip/NE-dxAC-PkgAC-240to759-Ex-EER-9.8/instance-out.sql,122135.07999999999,3287.03,19965.84,13247.63,0.0,37903.17,0.0,24130.09,3.37,0.0,0.0,0.0,23597.94,0.0,0.0,0.00,19965.84,3287.03,0.00,18423.46,19479.71
CZ13/RFF&0&cDXGF&Ex&dxAC_equip/NE-dxAC-PkgAC-240to759-Ex-EER-10.8/instance-out.sql,121085.48000000001,3287.03,18916.24,13247.63,0.0,37903.17,0.0,24130.09,3.37,0.0,0.0,0.0,23597.94,0.0,0.0,0.00,18916.24,3287.03,0.00,18423.46,19479.71
CZ13/RFF&0&cDXGF&Ex&dxAC_equip/NE-dxAC-PkgAC-240to759-Ex-EER-11.5/instance-out.sql,120432.5,3287.03,18263.26,13247.63,0.0,37903.17,0.0,24130.09,3.37,0.0,0.0,0.0,23597.94,0.0,0.0,0.00,18263.26,3287.03,0.00,18423.46,19479.71
CZ13/RFF&0&cDXGF&Ex&dxAC_equip/NE-dxAC-PkgAC-240to759-Ex-EER-12.5/instance-out.sql,119640.04999999999,3287.03,17470.82,13247.63,0.0,37903.17,0.0,24130.09,3.37,0.0,0.0,0.0,23597.94,0.0,0.0,0.00,17470.82,3287.03,0.00,18423.46,19479.71
CZ13/RFF&0&cDXGF&Ex&dxAC_equip/NE-dxAC-PkgAC-gt760-Ex-EER-9.5/instance-out.sql,121890.73000000001,3287.03,19721.49,13247.63,0.0,37903.17,0.0,24130.09,3.37,0.0,0.0,0.0,23597.94,0.0,0.0,0.00,19721.49,3287.03,0.00,18423.46,19479.71
CZ13/RFF&0&cDXGF&Ex&dxAC_equip/NE-dxAC-PkgAC-gt760-Ex-EER-10.2/instance-out.sql,121111.32999999999,3287.03,18942.09,13247.63,0.0,37903.17,0.0,24130.09,3.37,0.0,0.0,0.0,23597.94,0.0,0.0,0.00,18942.09,3287.03,0.00,18423.46,19479.71
CZ13/RFF&0&cDXGF&Ex&dxAC_equip/NE-dxAC-PkgAC-gt760-Ex-EER-11.0/instance-out.sql,120364.93,3287.03,18195.69,13247.63,0.0,37903.17,0.0,24130.09,3.37,0.0,0.0,0.0,23597.94,0.0,0.0,0.00,18195.69,3287.03,0.00,18423.46,19479.71
CZ13/RFF&0&cDXGF&Ex&dxAC_equip/NE-dxAC-PkgAC-gt760-Ex-EER-12.0/instance-out.sql,119545.19,3287.03,17375.95,13247.63,0.0,37903.17,0.0,24130.09,3.37,0.0,0.0,0.0,23597.94,0.0,0.0,0.00,17375.95,3287.03,0.00,18423.46,19479.71
CZ13/RSD&0&cDXGF&Ex&dxAC_equip/NE-dxAC-PkgAC-65to134-Ex-EER-11.0/instance-out.sql,294235.47,40784.94,45669.48,36047.32,0.0,76546.73,0.0,35752.75,34.13,0.0,0.0,0.0,59400.13,0.0,0.0,0.00,45669.48,40784.94,0.00,37475.60,39071.13
CZ13/RSD&0&cDXGF&Ex&dxAC_equip/NE-dxAC-PkgAC-65to134-Ex-EER-11.5/instance-out.sql,293998.67000000004,40784.94,45432.68,36047.32,0.0,76546.73,0.0,35752.75,34.13,0.0,0.0,0.0,59400.13,0.0,0.0,0.00,45432.68,40784.94,0.00,37475.60,39071.13
CZ13/RSD&0&cDXGF&Ex&dxAC_equip/NE-dxAC-PkgAC-65to134-Ex-EER-12.0/instance-out.sql,293781.32,40784.94,45215.33,36047.32,0.0,76546.73,0.0,35752.75,34.13,0.0,0.0,0.0,59400.13,0.0,0.0,0.00,45215.33,40784.94,0.00,37475.60,39071.13
CZ13/RSD&0&cDXGF&Ex&dxAC_equip/NE-dxAC-PkgAC-65to134-Ex-EER-12.5/instance-out.sql,293581.12,40784.94,45015.13,36047.32,0.0,76546.73,0.0,35752.75,34.13,0.0,0.0,0.0,59400.13,0.0,0.0,0.00,45015.13,40784.94,0.00,37475.60,39071.13
CZ13/RSD&0&cDXGF&Ex&dxAC_equip/NE-dxAC-PkgAC-65to134-Ex-EER-13.0/instance-out.sql,293385.66000000003,40784.94,44819.67,36047.32,0.0,76546.73,0.0,35752.75,34.13,0.0,0.0,0.0,59400.13,0.0,0.0,0.00,44819.67,40784.94,0.00,37475.60,39071.13
CZ13/RSD&0&cDXGF&Ex&dxAC_equip/NE-dxAC-PkgAC-135to239-Ex-EER-10.8/instance-out.sql,294220.95999999996,40784.94,45654.97,36047.32,0.0,76546.73,0.0,35752.75,34.13,0.0,0.0,0.0,59400.13,0.0,0.0,0.00,45654.97,40784.94,0.00,37475.60,39071.13
CZ13/RSD&0&cDXGF&Ex&dxAC_equip/NE-dxAC-PkgAC-135to239-Ex-EER-11.5/instance-out.sql,293881.33999999997,40784.94,45315.35,36047.32,0.0,76546.73,0.0,35752.75,34.13,0.0,0.0,0.0,59400.13,0.0,0.0,0.00,45315.35,40784.94,0.00,37475.60,39071.13
CZ13/RSD&0&cDXGF&Ex&dxAC_equip/NE-dxAC-PkgAC-135to239-Ex-EER-12.0/instance-out.sql,293673.33,40784.94,45107.34,36047.32,0.0,76546.73,0.0,35752.75,34.13,0.0,0.0,0.0,59400.13,0.0,0.0,0.00,45107.34,40784.94,0.00,37475.60,39071.13
CZ13/RSD&0&cDXGF&Ex&dxAC_equip/NE-dxAC-PkgAC-135to239-Ex-EER-12.5/instance-out.sql,293470.56,40784.94,44904.57,36047.32,0.0,76546.73,0.0,35752.75,34.13,0.0,0.0,0.0,59400.13,0.0,0.0,0.00,44904.57,40784.94,0.00,37475.60,39071.13
CZ13/RSD&0&cDXGF&Ex&dxAC_equip/NE-dxAC-PkgAC-240to759-Ex-EER-9.8/instance-out.sql,294384.93,40784.94,45818.94,36047.32,0.0,76546.73,0.0,35752.75,34.13,0.0,0.0,0.0,59400.13,0.0,0.0,0.00,45818.94,40784.94,0.00,37475.60,39071.13
CZ13/RSD&0&cDXGF&Ex&dxAC_equip/NE-dxAC-PkgAC-240to759-Ex-EER-10.8/instance-out.sql,293868.62,40784.94,45302.63,36047.32,0.0,76546.73,0.0,35752.75,34.13,0.0,0.0,0.0,59400.13,0.0,0.0,0.00,45302.63,40784.94,0.00,37475.60,39071.13
CZ13/RSD&0&cDXGF&Ex&dxAC_equip/NE-dxAC-PkgAC-240to759-Ex-EER-11.5/instance-out.sql,293547.42000000004,40784.94,44981.43,36047.32,0.0,76546.73,0.0,35752.75,34.13,0.0,0.0,0.0,59400.13,0.0,0.0,0.00,44981.43,40784.94,0.00,37475.60,39071.13
CZ13/RSD&0&cDXGF&Ex&dxAC_equip/NE-dxAC-PkgAC-240to759-Ex-EER-12.5/instance-out.sql,293157.61,40784.94,44591.62,36047.32,0.0,76546.73,0.0,35752.75,34.13,0.0,0.0,0.0,59400.13,0.0,0.0,0.00,44591.62,40784.94,0.00,37475.60,39071.13
CZ13/RSD&0&cDXGF&Ex&dxAC_equip/NE-dxAC-PkgAC-gt760-Ex-EER-9.5/instance-out.sql,294264.73,40784.94,45698.74,36047.32,0.0,76546.73,0.0,35752.75,34.13,0.0,0.0,0.0,59400.13,0.0,0.0,0.00,45698.74,40784.94,0.00,37475.60,39071.13
CZ13/RSD&0&cDXGF&Ex&dxAC_equip/NE-dxAC-PkgAC-gt760-Ex-EER-10.2/instance-out.sql,293881.33999999997,40784.94,45315.35,36047.32,0.0,76546.73,0.0,35752.75,34.13,0.0,0.0,0.0,59400.13,0.0,0.0,0.00,45315.35,40784.94,0.00,37475.60,39071.13
CZ13/RSD&0&cDXGF&Ex&dxAC_equip/NE-dxAC-PkgAC-gt760-Ex-EER-11.0/instance-out.sql,293514.18,40784.94,44948.19,36047.32,0.0,76546.73,0.0,35752.75,34.13,0.0,0.0,0.0,59400.13,0.0,0.0,0.00,44948.19,40784.94,0.00,37475.60,39071.13
CZ13/RSD&0&cDXGF&Ex&dxAC_equip/NE-dxAC-PkgAC-gt760-Ex-EER-12.0/instance-out.sql,293110.94,40784.94,44544.95,36047.32,0.0,76546.73,0.0,35752.75,34.13,0.0,0.0,0.0,59400.13,0.0,0.0,0.00,44544.95,40784.94,0.00,37475.60,39071.13
CZ13/Rt3&0&cDXGF&Ex&dxAC_equip/NE-dxAC-PkgAC-65to134-Ex-EER-11.0/instance-out.sql,2375722.04,49380.52,392611.78,774348.97,0.0,436362.0,0.0,567979.55,3.38,0.0,0.0,0.0,155035.84,0.0,0.0,0.00,392611.78,49380.52,0.00,436362.00,0.00
CZ13/Rt3&0&cDXGF&Ex&dxAC_equip/NE-dxAC-PkgAC-65to134-Ex-EER-11.5/instance-out.sql,2359397.4299999997,49380.52,376287.17,774348.97,0.0,436362.0,0.0,567979.55,3.38,0.0,0.0,0.0,155035.84,0.0,0.0,0.00,376287.17,49380.52,0.00,436362.00,0.00
CZ13/Rt3&0&cDXGF&Ex&dxAC_equip/NE-dxAC-PkgAC-65to134-Ex-EER-12.0/instance-out.sql,2344413.5,49380.52,361303.23,774348.97,0.0,436362.0,0.0,567979.55,3.38,0.0,0.0,0.0,155035.84,0.0,0.0,0.00,361303.23,49380.52,0.00,436362.00,0.00
CZ13/Rt3&0&cDXGF&Ex&dxAC_equip/NE-dxAC-PkgAC-65to134-Ex-EER-12.5/instance-out.sql,2330611.59,49380.52,347501.32,774348.97,0.0,436362.0,0.0,567979.55,3.38,0.0,0.0,0.0,155035.84,0.0,0.0,0.00,347501.32,49380.52,0.00,436362.00,0.00
CZ13/Rt3&0&cDXGF&Ex&dxAC_equip/NE-dxAC-PkgAC-65to134-Ex-EER-13.0/instance-out.sql,2317136.96,49380.52,334026.7,774348.97,0.0,436362.0,0.0,567979.55,3.38,0.0,0.0,0.0,155035.84,0.0,0.0,0.00,334026.70,49380.52,0.00,436362.00,0.00
CZ13/Rt3&0&cDXGF&Ex&dxAC_equip/NE-dxAC-PkgAC-135to239-Ex-EER-10.8/instance-out.sql,2374721.44,49380.52,391611.18,774348.97,0.0,436362.0,0.0,567979.55,3.38,0.0,0.0,0.0,155035.84,0.0,0.0,0.00,391611.18,49380.52,0.00,436362.00,0.00
CZ13/Rt3&0&cDXGF&Ex&dxAC_equip/NE-dxAC-PkgAC-135to239-Ex-EER-11.5/instance-out.sql,2351308.4499999997,49380.52,368198.19,774348.97,0.0,436362.0,0.0,567979.55,3.38,0.0,0.0,0.0,155035.84,0.0,0.0,0.00,368198.19,49380.52,0.00,436362.00,0.00
CZ13/Rt3&0&cDXGF&Ex&dxAC_equip/NE-dxAC-PkgAC-135to239-Ex-EER-12.0/instance-out.sql,2336968.4099999997,49380.52,353858.15,774348.97,0.0,436362.0,0.0,567979.55,3.38,0.0,0.0,0.0,155035.84,0.0,0.0,0.00,353858.15,49380.52,0.00,436362.00,0.00
CZ13/Rt3&0&cDXGF&Ex&dxAC_equip/NE-dxAC-PkgAC-135to239-Ex-EER-12.5/instance-out.sql,2322989.8899999997,49380.52,339879.62,774348.97,0.0,436362.0,0.0,567979.55,3.38,0.0,0.0,0.0,155035.84,0.0,0.0,0.00,339879.62,49380.52,0.00,436362.00,0.00
CZ13/Rt3&0&cDXGF&Ex&dxAC_equip/NE-dxAC-PkgAC-240to759-Ex-EER-9.8/instance-out.sql,2386025.4899999998,49380.52,402915.22,774348.97,0.0,436362.0,0.0,567979.55,3.38,0.0,0.0,0.0,155035.84,0.0,0.0,0.00,402915.22,49380.52,0.00,436362.00,0.00
CZ13/Rt3&0&cDXGF&Ex&dxAC_equip/NE-dxAC-PkgAC-240to759-Ex-EER-10.8/instance-out.sql,2350431.76,49380.52,367321.5,774348.97,0.0,436362.0,0.0,567979.55,3.38,0.0,0.0,0.0,155035.84,0.0,0.0,0.00,367321.50,49380.52,0.00,436362.00,0.00
CZ13/Rt3&0&cDXGF&Ex&dxAC_equip/NE-dxAC-PkgAC-240to759-Ex-EER-11.5/instance-out.sql,2328288.1999999997,49380.52,345177.93,774348.97,0.0,436362.0,0.0,567979.55,3.38,0.0,0.0,0.0,155035.84,0.0,0.0,0.00,345177.93,49380.52,0.00,436362.00,0.00
CZ13/Rt3&0&cDXGF&Ex&dxAC_equip/NE-dxAC-PkgAC-240to759-Ex-EER-12.5/instance-out.sql,2301414.98,49380.52,318304.71,774348.97,0.0,436362.0,0.0,567979.55,3.38,0.0,0.0,0.0,155035.84,0.0,0.0,0.00,318304.71,49380.52,0.00,436362.00,0.00
CZ13/Rt3&0&cDXGF&Ex&dxAC_equip/NE-dxAC-PkgAC-gt760-Ex-EER-9.5/instance-out.sql,2377739.1199999996,49380.52,394628.85,774348.97,0.0,436362.0,0.0,567979.55,3.38,0.0,0.0,0.0,155035.84,0.0,0.0,0.00,394628.85,49380.52,0.00,436362.00,0.00
CZ13/Rt3&0&cDXGF&Ex&dxAC_equip/NE-dxAC-PkgAC-gt760-Ex-EER-10.2/instance-out.sql,2351308.4499999997,49380.52,368198.19,774348.97,0.0,436362.0,0.0,567979.55,3.38,0.0,0.0,0.0,155035.84,0.0,0.0,0.00,368198.19,49380.52,0.00,436362.00,0.00
CZ13/Rt3&0&cDXGF&Ex&dxAC_equip/NE-dxAC-PkgAC-gt760-Ex-EER-11.0/instance-out.sql,2325996.71,49380.52,342886.44,774348.97,0.0,436362.0,0.0,567979.55,3.38,0.0,0.0,0.0,155035.84,0.0,0.0,0.00,342886.44,49380.52,0.00,436362.00,0.00
CZ13/Rt3&0&cDXGF&Ex&dxAC_equip/NE-dxAC-PkgAC-gt760-Ex-EER-12.0/instance-out.sql,2298197.78,49380.52,315087.52,774348.97,0.0,436362.0,0.0,567979.55,3.38,0.0,0.0,0.0,155035.84,0.0,0.0,0.00,315087.52,49380.52,0.00,436362.00,0.00
CZ13/RtL&0&cDXGF&Ex&dxAC_equip/NE-dxAC-PkgAC-65to134-Ex-EER-11.0/instance-out.sql,2388988.6100000003,42952.91,406443.23,767420.15,0.0,509200.67,0.0,548704.18,3.39,0.0,0.0,0.0,114264.09,0.0,0.0,0.00,406443.23,42952.91,0.00,468847.72,40352.95
CZ13/RtL&0&cDXGF&Ex&dxAC_equip/NE-dxAC-PkgAC-65to134-Ex-EER-11.5/instance-out.sql,2372311.1100000003,42952.91,389765.73,767420.15,0.0,509200.67,0.0,548704.18,3.39,0.0,0.0,0.0,114264.09,0.0,0.0,0.00,389765.73,42952.91,0.00,468847.72,40352.95
CZ13/RtL&0&cDXGF&Ex&dxAC_equip/NE-dxAC-PkgAC-65to134-Ex-EER-12.0/instance-out.sql,2357003.25,42952.91,374457.87,767420.15,0.0,509200.67,0.0,548704.18,3.39,0.0,0.0,0.0,114264.09,0.0,0.0,0.00,374457.87,42952.91,0.00,468847.72,40352.95
CZ13/RtL&0&cDXGF&Ex&dxAC_equip/NE-dxAC-PkgAC-65to134-Ex-EER-12.5/instance-out.sql,2342902.97,42952.91,360357.59,767420.15,0.0,509200.67,0.0,548704.18,3.39,0.0,0.0,0.0,114264.09,0.0,0.0,0.00,360357.59,42952.91,0.00,468847.72,40352.95
CZ13/RtL&0&cDXGF&Ex&dxAC_equip/NE-dxAC-PkgAC-65to134-Ex-EER-13.0/instance-out.sql,2329137.0500000003,42952.91,346591.67,767420.15,0.0,509200.67,0.0,548704.18,3.39,0.0,0.0,0.0,114264.09,0.0,0.0,0.00,346591.67,42952.91,0.00,468847.72,40352.95
CZ13/RtL&0&cDXGF&Ex&dxAC_equip/NE-dxAC-PkgAC-135to239-Ex-EER-10.8/instance-out.sql,2387966.39,42952.91,405421.01,767420.15,0.0,509200.67,0.0,548704.18,3.39,0.0,0.0,0.0,114264.09,0.0,0.0,0.00,405421.01,42952.91,0.00,468847.72,40352.95
CZ13/RtL&0&cDXGF&Ex&dxAC_equip/NE-dxAC-PkgAC-135to239-Ex-EER-11.5/instance-out.sql,2364047.2600000002,42952.91,381501.88,767420.15,0.0,509200.67,0.0,548704.18,3.39,0.0,0.0,0.0,114264.09,0.0,0.0,0.00,381501.88,42952.91,0.00,468847.72,40352.95
CZ13/RtL&0&cDXGF&Ex&dxAC_equip/NE-dxAC-PkgAC-135to239-Ex-EER-12.0/instance-out.sql,2349397.22,42952.91,366851.84,767420.15,0.0,509200.67,0.0,548704.18,3.39,0.0,0.0,0.0,114264.09,0.0,0.0,0.00,366851.84,42952.91,0.00,468847.72,40352.95
CZ13/RtL&0&cDXGF&Ex&dxAC_equip/NE-dxAC-PkgAC-135to239-Ex-EER-12.5/instance-out.sql,2335116.5100000002,42952.91,352571.13,767420.15,0.0,509200.67,0.0,548704.18,3.39,0.0,0.0,0.0,114264.09,0.0,0.0,0.00,352571.13,42952.91,0.00,468847.72,40352.95
CZ13/RtL&0&cDXGF&Ex&dxAC_equip/NE-dxAC-PkgAC-240to759-Ex-EER-9.8/instance-out.sql,2399514.8000000003,42952.91,416969.42,767420.15,0.0,509200.67,0.0,548704.18,3.39,0.0,0.0,0.0,114264.09,0.0,0.0,0.00,416969.42,42952.91,0.00,468847.72,40352.95
CZ13/RtL&0&cDXGF&Ex&dxAC_equip/NE-dxAC-PkgAC-240to759-Ex-EER-10.8/instance-out.sql,2363151.6100000003,42952.91,380606.24,767420.15,0.0,509200.67,0.0,548704.18,3.39,0.0,0.0,0.0,114264.09,0.0,0.0,0.00,380606.24,42952.91,0.00,468847.72,40352.95
CZ13/RtL&0&cDXGF&Ex&dxAC_equip/NE-dxAC-PkgAC-240to759-Ex-EER-11.5/instance-out.sql,2340529.3600000003,42952.91,357983.98,767420.15,0.0,509200.67,0.0,548704.18,3.39,0.0,0.0,0.0,114264.09,0.0,0.0,0.00,357983.98,42952.91,0.00,468847.72,40352.95
CZ13/RtL&0&cDXGF&Ex&dxAC_equip/NE-dxAC-PkgAC-240to759-Ex-EER-12.5/instance-out.sql,2313075.1900000004,42952.91,330529.82,767420.15,0.0,509200.67,0.0,548704.18,3.39,0.0,0.0,0.0,114264.09,0.0,0.0,0.00,330529.82,42952.91,0.00,468847.72,40352.95
CZ13/RtL&0&cDXGF&Ex&dxAC_equip/NE-dxAC-PkgAC-gt760-Ex-EER-9.5/instance-out.sql,2391049.3000000003,42952.91,408503.92,767420.15,0.0,509200.67,0.0,548704.18,3.39,0.0,0.0,0.0,114264.09,0.0,0.0,0.00,408503.92,42952.91,0.00,468847.72,40352.95
CZ13/RtL&0&cDXGF&Ex&dxAC_equip/NE-dxAC-PkgAC-gt760-Ex-EER-10.2/instance-out.sql,2364047.2600000002,42952.91,381501.88,767420.15,0.0,509200.67,0.0,548704.18,3.39,0.0,0.0,0.0,114264.09,0.0,0.0,0.00,381501.88,42952.91,0.00,468847.72,40352.95
CZ13/RtL&0&cDXGF&Ex&dxAC_equip/NE-dxAC-PkgAC-gt760-Ex-EER-11.0/instance-out.sql,2338188.33,42952.91,355642.95,767420.15,0.0,509200.67,0.0,548704.18,3.39,0.0,0.0,0.0,114264.09,0.0,0.0,0.00,355642.95,42952.91,0.00,468847.72,40352.95
CZ13/RtL&0&cDXGF&Ex&dxAC_equip/NE-dxAC-PkgAC-gt760-Ex-EER-12.0/instance-out.sql,2309788.45,42952.91,327243.07,767420.15,0.0,509200.67,0.0,548704.18,3.39,0.0,0.0,0.0,114264.09,0.0,0.0,0.00,327243.07,42952.91,0.00,468847.72,40352.95
CZ13/RtS&0&cDXGF&Ex&dxAC_equip/NE-dxAC-PkgAC-65to134-Ex-EER-11.0/instance-out.sql,163809.88,8891.55,30515.37,44599.63,0.0,24440.79,0.0,40696.25,3.36,0.0,0.0,0.0,14662.93,0.0,0.0,0.00,30515.37,8891.55,0.00,24440.79,0.00
CZ13/RtS&0&cDXGF&Ex&dxAC_equip/NE-dxAC-PkgAC-65to134-Ex-EER-11.5/instance-out.sql,162504.43000000002,8891.55,29209.91,44599.63,0.0,24440.79,0.0,40696.25,3.36,0.0,0.0,0.0,14662.93,0.0,0.0,0.00,29209.91,8891.55,0.00,24440.79,0.00
CZ13/RtS&0&cDXGF&Ex&dxAC_equip/NE-dxAC-PkgAC-65to134-Ex-EER-12.0/instance-out.sql,161306.19,8891.55,28011.67,44599.63,0.0,24440.79,0.0,40696.25,3.36,0.0,0.0,0.0,14662.93,0.0,0.0,0.00,28011.67,8891.55,0.00,24440.79,0.00
CZ13/RtS&0&cDXGF&Ex&dxAC_equip/NE-dxAC-PkgAC-65to134-Ex-EER-12.5/instance-out.sql,160202.47,8891.55,26907.95,44599.63,0.0,24440.79,0.0,40696.25,3.36,0.0,0.0,0.0,14662.93,0.0,0.0,0.00,26907.95,8891.55,0.00,24440.79,0.00
CZ13/RtS&0&cDXGF&Ex&dxAC_equip/NE-dxAC-PkgAC-65to134-Ex-EER-13.0/instance-out.sql,159124.92,8891.55,25830.41,44599.63,0.0,24440.79,0.0,40696.25,3.36,0.0,0.0,0.0,14662.93,0.0,0.0,0.00,25830.41,8891.55,0.00,24440.79,0.00
CZ13/RtS&0&cDXGF&Ex&dxAC_equip/NE-dxAC-PkgAC-135to239-Ex-EER-10.8/instance-out.sql,163729.86000000002,8891.55,30435.35,44599.63,0.0,24440.79,0.0,40696.25,3.36,0.0,0.0,0.0,14662.93,0.0,0.0,0.00,30435.35,8891.55,0.00,24440.79,0.00
CZ13/RtS&0&cDXGF&Ex&dxAC_equip/NE-dxAC-PkgAC-135to239-Ex-EER-11.5/instance-out.sql,161857.56,8891.55,28563.05,44599.63,0.0,24440.79,0.0,40696.25,3.36,0.0,0.0,0.0,14662.93,0.0,0.0,0.00,28563.05,8891.55,0.00,24440.79,0.00
CZ13/RtS&0&cDXGF&Ex&dxAC_equip/NE-dxAC-PkgAC-135to239-Ex-EER-12.0/instance-out.sql,160710.81,8891.55,27416.3,44599.63,0.0,24440.79,0.0,40696.25,3.36,0.0,0.0,0.0,14662.93,0.0,0.0,0.00,27416.30,8891.55,0.00,24440.79,0.00
CZ13/RtS&0&cDXGF&Ex&dxAC_equip/NE-dxAC-PkgAC-135to239-Ex-EER-12.5/instance-out.sql,159592.97,8891.55,26298.46,44599.63,0.0,24440.79,0.0,40696.25,3.36,0.0,0.0,0.0,14662.93,0.0,0.0,0.00,26298.46,8891.55,0.00,24440.79,0.00
CZ13/RtS&0&cDXGF&Ex&dxAC_equip/NE-dxAC-PkgAC-240to759-Ex-EER-9.8/instance-out.sql,164633.83000000002,8891.55,31339.32,44599.63,0.0,24440.79,0.0,40696.25,3.36,0.0,0.0,0.0,14662.93,0.0,0.0,0.00,31339.32,8891.55,0.00,24440.79,0.00
CZ13/RtS&0&cDXGF&Ex&dxAC_equip/NE-dxAC-PkgAC-240to759-Ex-EER-10.8/instance-out.sql,161787.46000000002,8891.55,28492.94,44599.63,0.0,24440.79,0.0,40696.25,3.36,0.0,0.0,0.0,14662.93,0.0,0.0,0.00,28492.94,8891.55,0.00,24440.79,0.00
CZ13/RtS&0&cDXGF&Ex&dxAC_equip/NE-dxAC-PkgAC-240to759-Ex-EER-11.5/instance-out.sql,160016.67,8891.55,26722.16,44599.63,0.0,24440.79,0.0,40696.25,3.36,0.0,0.0,0.0,14662.93,0.0,0.0,0.00,26722.16,8891.55,0.00,24440.79,0.00
CZ13/RtS&0&cDXGF&Ex&dxAC_equip/NE-dxAC-PkgAC-240to759-Ex-EER-12.5/instance-out.sql,157867.66,8891.55,24573.15,44599.63,0.0,24440.79,0.0,40696.25,3.36,0.0,0.0,0.0,14662.93,0.0,0.0,0.00,24573.15,8891.55,0.00,24440.79,0.00
CZ13/RtS&0&cDXGF&Ex&dxAC_equip/NE-dxAC-PkgAC-gt760-Ex-EER-9.5/instance-out.sql,163971.18000000002,8891.55,30676.67,44599.63,0.0,24440.79,0.0,40696.25,3.36,0.0,0.0,0.0,14662.93,0.0,0.0,0.00,30676.67,8891.55,0.00,24440.79,0.00
CZ13/RtS&0&cDXGF&Ex&dxAC_equip/NE-dxAC-PkgAC-gt760-Ex-EER-10.2/instance-out.sql,161857.56,8891.55,28563.05,44599.63,0.0,24440.79,0.0,40696.25,3.36,0.0,0.0,0.0,14662.93,0.0,0.0,0.00,28563.05,8891.55,0.00,24440.79,0.00
CZ13/RtS&0&cDXGF&Ex&dxAC_equip/NE-dxAC-PkgAC-gt760-Ex-EER-11.0/instance-out.sql,159833.42,8891.55,26538.91,44599.63,0.0,24440.79,0.0,40696.25,3.36,0.0,0.0,0.0,14662.93,0.0,0.0,0.00,26538.91,8891.55,0.00,24440.79,0.00
CZ13/RtS&0&cDXGF&Ex&dxAC_equip/NE-dxAC-PkgAC-gt760-Ex-EER-12.0/instance-out.sql,157610.39,8891.55,24315.87,44599.63,0.0,24440.79,0.0,40696.25,3.36,0.0,0.0,0.0,14662.93,0.0,0.0,0.00,24315.87,8891.55,0.00,24440.79,0.00
CZ13/SCn&0&cDXGF&Ex&dxAC_equip/NE-dxAC-PkgAC-65to134-Ex-EER-11.0/instance-out.sql,4270454.0600000005,680112.09,792522.36,850055.03,0.0,449066.39,0.0,1422101.38,3.36,0.0,0.0,0.0,76593.45,0.0,0.0,0.00,792522.36,680112.09,0.00,449066.39,0.00
CZ13/SCn&0&cDXGF&Ex&dxAC_equip/NE-dxAC-PkgAC-65to134-Ex-EER-11.5/instance-out.sql,4236518.58,680112.09,758586.88,850055.03,0.0,449066.39,0.0,1422101.38,3.36,0.0,0.0,0.0,76593.45,0.0,0.0,0.00,758586.88,680112.09,0.00,449066.39,0.00
CZ13/SCn&0&cDXGF&Ex&dxAC_equip/NE-dxAC-PkgAC-65to134-Ex-EER-12.0/instance-out.sql,4205370.08,680112.09,727438.38,850055.03,0.0,449066.39,0.0,1422101.38,3.36,0.0,0.0,0.0,76593.45,0.0,0.0,0.00,727438.38,680112.09,0.00,449066.39,0.00
CZ13/SCn&0&cDXGF&Ex&dxAC_equip/NE-dxAC-PkgAC-65to134-Ex-EER-12.5/instance-out.sql,4176678.7600000002,680112.09,698747.07,850055.03,0.0,449066.39,0.0,1422101.38,3.36,0.0,0.0,0.0,76593.45,0.0,0.0,0.00,698747.07,680112.09,0.00,449066.39,0.00
CZ13/SCn&0&cDXGF&Ex&dxAC_equip/NE-dxAC-PkgAC-65to134-Ex-EER-13.0/instance-out.sql,4148667.8,680112.09,670736.11,850055.03,0.0,449066.39,0.0,1422101.38,3.36,0.0,0.0,0.0,76593.45,0.0,0.0,0.00,670736.11,680112.09,0.00,449066.39,0.00
CZ13/SCn&0&cDXGF&Ex&dxAC_equip/NE-dxAC-PkgAC-135to239-Ex-EER-10.8/instance-out.sql,4268374.02,680112.09,790442.32,850055.03,0.0,449066.39,0.0,1422101.38,3.36,0.0,0.0,0.0,76593.45,0.0,0.0,0.00,790442.32,680112.09,0.00,449066.39,0.00
CZ13/SCn&0&cDXGF&Ex&dxAC_equip/NE-dxAC-PkgAC-135to239-Ex-EER-11.5/instance-out.sql,4219703.26,680112.09,741771.57,850055.03,0.0,449066.39,0.0,1422101.38,3.36,0.0,0.0,0.0,76593.45,0.0,0.0,0.00,741771.57,680112.09,0.00,449066.39,0.00
CZ13/SCn&0&cDXGF&Ex&dxAC_equip/NE-dxAC-PkgAC-135to239-Ex-EER-12.0/instance-out.sql,4189893.29,680112.09,711961.59,850055.03,0.0,449066.39,0.0,1422101.38,3.36,0.0,0.0,0.0,76593.45,0.0,0.0,0.00,711961.59,680112.09,0.00,449066.39,0.00
CZ13/SCn&0&cDXGF&Ex&dxAC_equip/NE-dxAC-PkgAC-135to239-Ex-EER-12.5/instance-out.sql,4160834.82,680112.09,682903.12,850055.03,0.0,449066.39,0.0,1422101.38,3.36,0.0,0.0,0.0,76593.45,0.0,0.0,0.00,682903.12,680112.09,0.00,449066.39,0.00
CZ13/SCn&0&cDXGF&Ex&dxAC_equip/NE-dxAC-PkgAC-240to759-Ex-EER-9.8/instance-out.sql,4291872.79,680112.09,813941.09,850055.03,0.0,449066.39,0.0,1422101.38,3.36,0.0,0.0,0.0,76593.45,0.0,0.0,0.00,813941.09,680112.09,0.00,449066.39,0.00
CZ13/SCn&0&cDXGF&Ex&dxAC_equip/NE-dxAC-PkgAC-240to759-Ex-EER-10.8/instance-out.sql,4217880.8,680112.09,739949.1,850055.03,0.0,449066.39,0.0,1422101.38,3.36,0.0,0.0,0.0,76593.45,0.0,0.0,0.00,739949.10,680112.09,0.00,449066.39,0.00
CZ13/SCn&0&cDXGF&Ex&dxAC_equip/NE-dxAC-PkgAC-240to759-Ex-EER-11.5/instance-out.sql,4171848.92,680112.09,693917.22,850055.03,0.0,449066.39,0.0,1422101.38,3.36,0.0,0.0,0.0,76593.45,0.0,0.0,0.00,693917.22,680112.09,0.00,449066.39,0.00
CZ13/SCn&0&cDXGF&Ex&dxAC_equip/NE-dxAC-PkgAC-240to759-Ex-EER-12.5/instance-out.sql,4115985.05,680112.09,638053.35,850055.03,0.0,449066.39,0.0,1422101.38,3.36,0.0,0.0,0.0,76593.45,0.0,0.0,0.00,638053.35,680112.09,0.00,449066.39,0.00
CZ13/SCn&0&cDXGF&Ex&dxAC_equip/NE-dxAC-PkgAC-gt760-Ex-EER-9.5/instance-out.sql,4274647.140000001,680112.09,796715.44,850055.03,0.0,449066.39,0.0,1422101.38,3.36,0.0,0.0,0.0,76593.45,0.0,0.0,0.00,796715.44,680112.09,0.00,449066.39,0.00
CZ13/SCn&0&cDXGF&Ex&dxAC_equip/NE-dxAC-PkgAC-gt760-Ex-EER-10.2/instance-out.sql,4219703.26,680112.09,741771.57,850055.03,0.0,449066.39,0.0,1422101.38,3.36,0.0,0.0,0.0,76593.45,0.0,0.0,0.00,741771.57,680112.09,0.00,449066.39,0.00
CZ13/SCn&0&cDXGF&Ex&dxAC_equip/NE-dxAC-PkgAC-gt760-Ex-EER-11.0/instance-out.sql,4167085.38,680112.09,689153.69,850055.03,0.0,449066.39,0.0,1422101.38,3.36,0.0,0.0,0.0,76593.45,0.0,0.0,0.00,689153.69,680112.09,0.00,449066.39,0.00
CZ13/SCn&0&cDXGF&Ex&dxAC_equip/NE-dxAC-PkgAC-gt760-Ex-EER-12.0/instance-out.sql,4109297.17,680112.09,631365.47,850055.03,0.0,449066.39,0.0,1422101.38,3.36,0.0,0.0,0.0,76593.45,0.0,0.0,0.00,631365.47,680112.09,0.00,449066.39,0.00
CZ14/Asm&0&cDXGF&Ex&dxAC_equip/NE-dxAC-PkgAC-65to134-Ex-EER-11.0/instance-out.sql,959783.76,107097.95,276484.56,153727.01,0.0,145823.51,0.0,256554.76,3.36,0.0,0.0,0.0,20092.61,0.0,0.0,0.00,276484.56,107097.95,0.00,145823.51,0.00
CZ14/Asm&0&cDXGF&Ex&dxAC_equip/NE-dxAC-PkgAC-65to134-Ex-EER-11.5/instance-out.sql,947948.3999999999,107097.95,264649.21,153727.01,0.0,145823.51,0.0,256554.76,3.36,0.0,0.0,0.0,20092.61,0.0,0.0,0.00,264649.21,107097.95,0.00,145823.51,0.00
CZ14/Asm&0&cDXGF&Ex&dxAC_equip/NE-dxAC-PkgAC-65to134-Ex-EER-12.0/instance-out.sql,937085.03,107097.95,253785.84,153727.01,0.0,145823.51,0.0,256554.76,3.36,0.0,0.0,0.0,20092.61,0.0,0.0,0.00,253785.84,107097.95,0.00,145823.51,0.00
CZ14/Asm&0&cDXGF&Ex&dxAC_equip/NE-dxAC-PkgAC-65to134-Ex-EER-12.5/instance-out.sql,927078.6299999999,107097.95,243779.44,153727.01,0.0,145823.51,0.0,256554.76,3.36,0.0,0.0,0.0,20092.61,0.0,0.0,0.00,243779.44,107097.95,0.00,145823.51,0.00
CZ14/Asm&0&cDXGF&Ex&dxAC_equip/NE-dxAC-PkgAC-65to134-Ex-EER-13.0/instance-out.sql,917309.51,107097.95,234010.32,153727.01,0.0,145823.51,0.0,256554.76,3.36,0.0,0.0,0.0,20092.61,0.0,0.0,0.00,234010.32,107097.95,0.00,145823.51,0.00
CZ14/Asm&0&cDXGF&Ex&dxAC_equip/NE-dxAC-PkgAC-135to239-Ex-EER-10.8/instance-out.sql,959058.3200000001,107097.95,275759.13,153727.01,0.0,145823.51,0.0,256554.76,3.36,0.0,0.0,0.0,20092.61,0.0,0.0,0.00,275759.13,107097.95,0.00,145823.51,0.00
CZ14/Asm&0&cDXGF&Ex&dxAC_equip/NE-dxAC-PkgAC-135to239-Ex-EER-11.5/instance-out.sql,942083.8799999999,107097.95,258784.69,153727.01,0.0,145823.51,0.0,256554.76,3.36,0.0,0.0,0.0,20092.61,0.0,0.0,0.00,258784.69,107097.95,0.00,145823.51,0.00
CZ14/Asm&0&cDXGF&Ex&dxAC_equip/NE-dxAC-PkgAC-135to239-Ex-EER-12.0/instance-out.sql,931687.3400000001,107097.95,248388.14,153727.01,0.0,145823.51,0.0,256554.76,3.36,0.0,0.0,0.0,20092.61,0.0,0.0,0.00,248388.14,107097.95,0.00,145823.51,0.00
CZ14/Asm&0&cDXGF&Ex&dxAC_equip/NE-dxAC-PkgAC-135to239-Ex-EER-12.5/instance-out.sql,921552.8899999999,107097.95,238253.7,153727.01,0.0,145823.51,0.0,256554.76,3.36,0.0,0.0,0.0,20092.61,0.0,0.0,0.00,238253.70,107097.95,0.00,145823.51,0.00
CZ14/Asm&0&cDXGF&Ex&dxAC_equip/NE-dxAC-PkgAC-240to759-Ex-EER-9.8/instance-out.sql,967253.77,107097.95,283954.57,153727.01,0.0,145823.51,0.0,256554.76,3.36,0.0,0.0,0.0,20092.61,0.0,0.0,0.00,283954.57,107097.95,0.00,145823.51,0.00
CZ14/Asm&0&cDXGF&Ex&dxAC_equip/NE-dxAC-PkgAC-240to759-Ex-EER-10.8/instance-out.sql,941448.28,107097.95,258149.08,153727.01,0.0,145823.51,0.0,256554.76,3.36,0.0,0.0,0.0,20092.61,0.0,0.0,0.00,258149.08,107097.95,0.00,145823.51,0.00
CZ14/Asm&0&cDXGF&Ex&dxAC_equip/NE-dxAC-PkgAC-240to759-Ex-EER-11.5/instance-out.sql,925394.1699999999,107097.95,242094.98,153727.01,0.0,145823.51,0.0,256554.76,3.36,0.0,0.0,0.0,20092.61,0.0,0.0,0.00,242094.98,107097.95,0.00,145823.51,0.00
CZ14/Asm&0&cDXGF&Ex&dxAC_equip/NE-dxAC-PkgAC-240to759-Ex-EER-12.5/instance-out.sql,905911.06,107097.95,222611.87,153727.01,0.0,145823.51,0.0,256554.76,3.36,0.0,0.0,0.0,20092.61,0.0,0.0,0.00,222611.87,107097.95,0.00,145823.51,0.00
CZ14/Asm&0&cDXGF&Ex&dxAC_equip/NE-dxAC-PkgAC-gt760-Ex-EER-9.5/instance-out.sql,961246.1399999999,107097.95,277946.95,153727.01,0.0,145823.51,0.0,256554.76,3.36,0.0,0.0,0.0,20092.61,0.0,0.0,0.00,277946.95,107097.95,0.00,145823.51,0.00
CZ14/Asm&0&cDXGF&Ex&dxAC_equip/NE-dxAC-PkgAC-gt760-Ex-EER-10.2/instance-out.sql,942083.8799999999,107097.95,258784.69,153727.01,0.0,145823.51,0.0,256554.76,3.36,0.0,0.0,0.0,20092.61,0.0,0.0,0.00,258784.69,107097.95,0.00,145823.51,0.00
CZ14/Asm&0&cDXGF&Ex&dxAC_equip/NE-dxAC-PkgAC-gt760-Ex-EER-11.0/instance-out.sql,923732.8400000001,107097.95,240433.65,153727.01,0.0,145823.51,0.0,256554.76,3.36,0.0,0.0,0.0,20092.61,0.0,0.0,0.00,240433.65,107097.95,0.00,145823.51,0.00
CZ14/Asm&0&cDXGF&Ex&dxAC_equip/NE-dxAC-PkgAC-gt760-Ex-EER-12.0/instance-out.sql,903578.5900000001,107097.95,220279.4,153727.01,0.0,145823.51,0.0,256554.76,3.36,0.0,0.0,0.0,20092.61,0.0,0.0,0.00,220279.40,107097.95,0.00,145823.51,0.00
CZ14/ECC&0&cDXGF&Ex&dxAC_equip/NE-dxAC-PkgAC-65to134-Ex-EER-11.0/instance-out.sql,3115669.4899999998,32039.96,633114.74,358430.2,0.0,1013813.91,0.0,700569.61,1200.89,0.0,0.0,0.0,376500.16,0.0,0.0,0.00,633114.74,32039.96,0.00,945189.93,68623.98
CZ14/ECC&0&cDXGF&Ex&dxAC_equip/NE-dxAC-PkgAC-65to134-Ex-EER-11.5/instance-out.sql,3093667.4899999998,32039.96,611112.74,358430.2,0.0,1013813.91,0.0,700569.61,1200.89,0.0,0.0,0.0,376500.16,0.0,0.0,0.00,611112.74,32039.96,0.00,945189.93,68623.98
CZ14/ECC&0&cDXGF&Ex&dxAC_equip/NE-dxAC-PkgAC-65to134-Ex-EER-12.0/instance-out.sql,3073472.4099999997,32039.96,590917.67,358430.2,0.0,1013813.91,0.0,700569.61,1200.89,0.0,0.0,0.0,376500.16,0.0,0.0,0.00,590917.67,32039.96,0.00,945189.93,68623.98
CZ14/ECC&0&cDXGF&Ex&dxAC_equip/NE-dxAC-PkgAC-65to134-Ex-EER-12.5/instance-out.sql,3054870.46,32039.96,572315.71,358430.2,0.0,1013813.91,0.0,700569.61,1200.89,0.0,0.0,0.0,376500.16,0.0,0.0,0.00,572315.71,32039.96,0.00,945189.93,68623.98
CZ14/ECC&0&cDXGF&Ex&dxAC_equip/NE-dxAC-PkgAC-65to134-Ex-EER-13.0/instance-out.sql,3036709.6,32039.96,554154.86,358430.2,0.0,1013813.91,0.0,700569.61,1200.89,0.0,0.0,0.0,376500.16,0.0,0.0,0.00,554154.86,32039.96,0.00,945189.93,68623.98
CZ14/ECC&0&cDXGF&Ex&dxAC_equip/NE-dxAC-PkgAC-135to239-Ex-EER-10.8/instance-out.sql,3114320.9,32039.96,631766.16,358430.2,0.0,1013813.91,0.0,700569.61,1200.89,0.0,0.0,0.0,376500.16,0.0,0.0,0.00,631766.16,32039.96,0.00,945189.93,68623.98
CZ14/ECC&0&cDXGF&Ex&dxAC_equip/NE-dxAC-PkgAC-135to239-Ex-EER-11.5/instance-out.sql,3082765.31,32039.96,600210.56,358430.2,0.0,1013813.91,0.0,700569.61,1200.89,0.0,0.0,0.0,376500.16,0.0,0.0,0.00,600210.56,32039.96,0.00,945189.93,68623.98
CZ14/ECC&0&cDXGF&Ex&dxAC_equip/NE-dxAC-PkgAC-135to239-Ex-EER-12.0/instance-out.sql,3063438.07,32039.96,580883.32,358430.2,0.0,1013813.91,0.0,700569.61,1200.89,0.0,0.0,0.0,376500.16,0.0,0.0,0.00,580883.32,32039.96,0.00,945189.93,68623.98
CZ14/ECC&0&cDXGF&Ex&dxAC_equip/NE-dxAC-PkgAC-135to239-Ex-EER-12.5/instance-out.sql,3044598.07,32039.96,562043.32,358430.2,0.0,1013813.91,0.0,700569.61,1200.89,0.0,0.0,0.0,376500.16,0.0,0.0,0.00,562043.32,32039.96,0.00,945189.93,68623.98
CZ14/ECC&0&cDXGF&Ex&dxAC_equip/NE-dxAC-PkgAC-240to759-Ex-EER-9.8/instance-out.sql,3129556.28,32039.96,647001.54,358430.2,0.0,1013813.91,0.0,700569.61,1200.89,0.0,0.0,0.0,376500.16,0.0,0.0,0.00,647001.54,32039.96,0.00,945189.93,68623.98
CZ14/ECC&0&cDXGF&Ex&dxAC_equip/NE-dxAC-PkgAC-240to759-Ex-EER-10.8/instance-out.sql,3081583.7199999997,32039.96,599028.97,358430.2,0.0,1013813.91,0.0,700569.61,1200.89,0.0,0.0,0.0,376500.16,0.0,0.0,0.00,599028.97,32039.96,0.00,945189.93,68623.98
CZ14/ECC&0&cDXGF&Ex&dxAC_equip/NE-dxAC-PkgAC-240to759-Ex-EER-11.5/instance-out.sql,3051739.03,32039.96,569184.29,358430.2,0.0,1013813.91,0.0,700569.61,1200.89,0.0,0.0,0.0,376500.16,0.0,0.0,0.00,569184.29,32039.96,0.00,945189.93,68623.98
CZ14/ECC&0&cDXGF&Ex&dxAC_equip/NE-dxAC-PkgAC-240to759-Ex-EER-12.5/instance-out.sql,3015519.8,32039.96,532965.06,358430.2,0.0,1013813.91,0.0,700569.61,1200.89,0.0,0.0,0.0,376500.16,0.0,0.0,0.00,532965.06,32039.96,0.00,945189.93,68623.98
CZ14/ECC&0&cDXGF&Ex&dxAC_equip/NE-dxAC-PkgAC-gt760-Ex-EER-9.5/instance-out.sql,3118388.06,32039.96,635833.32,358430.2,0.0,1013813.91,0.0,700569.61,1200.89,0.0,0.0,0.0,376500.16,0.0,0.0,0.00,635833.32,32039.96,0.00,945189.93,68623.98
CZ14/ECC&0&cDXGF&Ex&dxAC_equip/NE-dxAC-PkgAC-gt760-Ex-EER-10.2/instance-out.sql,3082765.31,32039.96,600210.56,358430.2,0.0,1013813.91,0.0,700569.61,1200.89,0.0,0.0,0.0,376500.16,0.0,0.0,0.00,600210.56,32039.96,0.00,945189.93,68623.98
CZ14/ECC&0&cDXGF&Ex&dxAC_equip/NE-dxAC-PkgAC-gt760-Ex-EER-11.0/instance-out.sql,3048650.61,32039.96,566095.86,358430.2,0.0,1013813.91,0.0,700569.61,1200.89,0.0,0.0,0.0,376500.16,0.0,0.0,0.00,566095.86,32039.96,0.00,945189.93,68623.98
CZ14/ECC&0&cDXGF&Ex&dxAC_equip/NE-dxAC-PkgAC-gt760-Ex-EER-12.0/instance-out.sql,3011183.73,32039.96,528628.99,358430.2,0.0,1013813.91,0.0,700569.61,1200.89,0.0,0.0,0.0,376500.16,0.0,0.0,0.00,528628.99,32039.96,0.00,945189.93,68623.98
CZ14/EPr&0&cDXGF&Ex&dxAC_equip/NE-dxAC-PkgAC-65to134-Ex-EER-11.0/instance-out.sql,482859.95,12042.44,104136.77,64700.97,0.0,125897.03,0.0,103455.05,3.37,0.0,0.0,0.0,72624.33,0.0,0.0,0.00,104136.77,12042.44,0.00,83226.75,42670.28
CZ14/EPr&0&cDXGF&Ex&dxAC_equip/NE-dxAC-PkgAC-65to134-Ex-EER-11.5/instance-out.sql,479103.61,12042.44,100380.43,64700.97,0.0,125897.03,0.0,103455.05,3.37,0.0,0.0,0.0,72624.33,0.0,0.0,0.00,100380.43,12042.44,0.00,83226.75,42670.28
CZ14/EPr&0&cDXGF&Ex&dxAC_equip/NE-dxAC-PkgAC-65to134-Ex-EER-12.0/instance-out.sql,475655.76999999996,12042.44,96932.59,64700.97,0.0,125897.03,0.0,103455.05,3.37,0.0,0.0,0.0,72624.33,0.0,0.0,0.00,96932.59,12042.44,0.00,83226.75,42670.28
CZ14/EPr&0&cDXGF&Ex&dxAC_equip/NE-dxAC-PkgAC-65to134-Ex-EER-12.5/instance-out.sql,472479.91,12042.44,93756.73,64700.97,0.0,125897.03,0.0,103455.05,3.37,0.0,0.0,0.0,72624.33,0.0,0.0,0.00,93756.73,12042.44,0.00,83226.75,42670.28
CZ14/EPr&0&cDXGF&Ex&dxAC_equip/NE-dxAC-PkgAC-65to134-Ex-EER-13.0/instance-out.sql,469379.37,12042.44,90656.18,64700.97,0.0,125897.03,0.0,103455.05,3.37,0.0,0.0,0.0,72624.33,0.0,0.0,0.00,90656.18,12042.44,0.00,83226.75,42670.28
CZ14/EPr&0&cDXGF&Ex&dxAC_equip/NE-dxAC-PkgAC-135to239-Ex-EER-10.8/instance-out.sql,482629.70999999996,12042.44,103906.53,64700.97,0.0,125897.03,0.0,103455.05,3.37,0.0,0.0,0.0,72624.33,0.0,0.0,0.00,103906.53,12042.44,0.00,83226.75,42670.28
CZ14/EPr&0&cDXGF&Ex&dxAC_equip/NE-dxAC-PkgAC-135to239-Ex-EER-11.5/instance-out.sql,477242.32,12042.44,98519.14,64700.97,0.0,125897.03,0.0,103455.05,3.37,0.0,0.0,0.0,72624.33,0.0,0.0,0.00,98519.14,12042.44,0.00,83226.75,42670.28
CZ14/EPr&0&cDXGF&Ex&dxAC_equip/NE-dxAC-PkgAC-135to239-Ex-EER-12.0/instance-out.sql,473942.64,12042.44,95219.45,64700.97,0.0,125897.03,0.0,103455.05,3.37,0.0,0.0,0.0,72624.33,0.0,0.0,0.00,95219.45,12042.44,0.00,83226.75,42670.28
CZ14/EPr&0&cDXGF&Ex&dxAC_equip/NE-dxAC-PkgAC-135to239-Ex-EER-12.5/instance-out.sql,470726.14,12042.44,92002.96,64700.97,0.0,125897.03,0.0,103455.05,3.37,0.0,0.0,0.0,72624.33,0.0,0.0,0.00,92002.96,12042.44,0.00,83226.75,42670.28
CZ14/EPr&0&cDXGF&Ex&dxAC_equip/NE-dxAC-PkgAC-240to759-Ex-EER-9.8/instance-out.sql,485230.8,12042.44,106507.62,64700.97,0.0,125897.03,0.0,103455.05,3.37,0.0,0.0,0.0,72624.33,0.0,0.0,0.00,106507.62,12042.44,0.00,83226.75,42670.28
CZ14/EPr&0&cDXGF&Ex&dxAC_equip/NE-dxAC-PkgAC-240to759-Ex-EER-10.8/instance-out.sql,477040.58999999997,12042.44,98317.41,64700.97,0.0,125897.03,0.0,103455.05,3.37,0.0,0.0,0.0,72624.33,0.0,0.0,0.00,98317.41,12042.44,0.00,83226.75,42670.28
CZ14/EPr&0&cDXGF&Ex&dxAC_equip/NE-dxAC-PkgAC-240to759-Ex-EER-11.5/instance-out.sql,471945.3,12042.44,93222.11,64700.97,0.0,125897.03,0.0,103455.05,3.37,0.0,0.0,0.0,72624.33,0.0,0.0,0.00,93222.11,12042.44,0.00,83226.75,42670.28
CZ14/EPr&0&cDXGF&Ex&dxAC_equip/NE-dxAC-PkgAC-240to759-Ex-EER-12.5/instance-out.sql,465761.7,12042.44,87038.51,64700.97,0.0,125897.03,0.0,103455.05,3.37,0.0,0.0,0.0,72624.33,0.0,0.0,0.00,87038.51,12042.44,0.00,83226.75,42670.28
CZ14/EPr&0&cDXGF&Ex&dxAC_equip/NE-dxAC-PkgAC-gt760-Ex-EER-9.5/instance-out.sql,483324.08,12042.44,104600.9,64700.97,0.0,125897.03,0.0,103455.05,3.37,0.0,0.0,0.0,72624.33,0.0,0.0,0.00,104600.90,12042.44,0.00,83226.75,42670.28
CZ14/EPr&0&cDXGF&Ex&dxAC_equip/NE-dxAC-PkgAC-gt760-Ex-EER-10.2/instance-out.sql,477242.32,12042.44,98519.14,64700.97,0.0,125897.03,0.0,103455.05,3.37,0.0,0.0,0.0,72624.33,0.0,0.0,0.00,98519.14,12042.44,0.00,83226.75,42670.28
CZ14/EPr&0&cDXGF&Ex&dxAC_equip/NE-dxAC-PkgAC-gt760-Ex-EER-11.0/instance-out.sql,471418.01999999996,12042.44,92694.84,64700.97,0.0,125897.03,0.0,103455.05,3.37,0.0,0.0,0.0,72624.33,0.0,0.0,0.00,92694.84,12042.44,0.00,83226.75,42670.28
CZ14/EPr&0&cDXGF&Ex&dxAC_equip/NE-dxAC-PkgAC-gt760-Ex-EER-12.0/instance-out.sql,465021.41,12042.44,86298.23,64700.97,0.0,125897.03,0.0,103455.05,3.37,0.0,0.0,0.0,72624.33,0.0,0.0,0.00,86298.23,12042.44,0.00,83226.75,42670.28
CZ14/ERC&0&cDXGF&Ex&dxAC_equip/NE-dxAC-PkgAC-65to134-Ex-EER-11.0/instance-out.sql,23712.010000000002,729.88,4308.79,2224.35,0.0,2196.82,0.0,5436.11,3.36,0.0,0.0,0.0,8812.7,0.0,0.0,0.00,4308.79,729.88,0.00,2196.82,0.00
CZ14/ERC&0&cDXGF&Ex&dxAC_equip/NE-dxAC-PkgAC-65to134-Ex-EER-11.5/instance-out.sql,23528.309999999998,729.88,4125.09,2224.35,0.0,2196.82,0.0,5436.11,3.36,0.0,0.0,0.0,8812.7,0.0,0.0,0.00,4125.09,729.88,0.00,2196.82,0.00
CZ14/ERC&0&cDXGF&Ex&dxAC_equip/NE-dxAC-PkgAC-65to134-Ex-EER-12.0/instance-out.sql,23359.7,729.88,3956.47,2224.35,0.0,2196.82,0.0,5436.11,3.36,0.0,0.0,0.0,8812.7,0.0,0.0,0.00,3956.47,729.88,0.00,2196.82,0.00
CZ14/ERC&0&cDXGF&Ex&dxAC_equip/NE-dxAC-PkgAC-65to134-Ex-EER-12.5/instance-out.sql,23204.379999999997,729.88,3801.16,2224.35,0.0,2196.82,0.0,5436.11,3.36,0.0,0.0,0.0,8812.7,0.0,0.0,0.00,3801.16,729.88,0.00,2196.82,0.00
CZ14/ERC&0&cDXGF&Ex&dxAC_equip/NE-dxAC-PkgAC-65to134-Ex-EER-13.0/instance-out.sql,23052.75,729.88,3649.53,2224.35,0.0,2196.82,0.0,5436.11,3.36,0.0,0.0,0.0,8812.7,0.0,0.0,0.00,3649.53,729.88,0.00,2196.82,0.00
CZ14/ERC&0&cDXGF&Ex&dxAC_equip/NE-dxAC-PkgAC-135to239-Ex-EER-10.8/instance-out.sql,23700.75,729.88,4297.53,2224.35,0.0,2196.82,0.0,5436.11,3.36,0.0,0.0,0.0,8812.7,0.0,0.0,0.00,4297.53,729.88,0.00,2196.82,0.00
CZ14/ERC&0&cDXGF&Ex&dxAC_equip/NE-dxAC-PkgAC-135to239-Ex-EER-11.5/instance-out.sql,23437.28,729.88,4034.06,2224.35,0.0,2196.82,0.0,5436.11,3.36,0.0,0.0,0.0,8812.7,0.0,0.0,0.00,4034.06,729.88,0.00,2196.82,0.00
CZ14/ERC&0&cDXGF&Ex&dxAC_equip/NE-dxAC-PkgAC-135to239-Ex-EER-12.0/instance-out.sql,23275.92,729.88,3872.69,2224.35,0.0,2196.82,0.0,5436.11,3.36,0.0,0.0,0.0,8812.7,0.0,0.0,0.00,3872.69,729.88,0.00,2196.82,0.00
CZ14/ERC&0&cDXGF&Ex&dxAC_equip/NE-dxAC-PkgAC-135to239-Ex-EER-12.5/instance-out.sql,23118.620000000003,729.88,3715.39,2224.35,0.0,2196.82,0.0,5436.11,3.36,0.0,0.0,0.0,8812.7,0.0,0.0,0.00,3715.39,729.88,0.00,2196.82,0.00
CZ14/ERC&0&cDXGF&Ex&dxAC_equip/NE-dxAC-PkgAC-240to759-Ex-EER-9.8/instance-out.sql,23827.95,729.88,4424.73,2224.35,0.0,2196.82,0.0,5436.11,3.36,0.0,0.0,0.0,8812.7,0.0,0.0,0.00,4424.73,729.88,0.00,2196.82,0.00
CZ14/ERC&0&cDXGF&Ex&dxAC_equip/NE-dxAC-PkgAC-240to759-Ex-EER-10.8/instance-out.sql,23427.42,729.88,4024.2,2224.35,0.0,2196.82,0.0,5436.11,3.36,0.0,0.0,0.0,8812.7,0.0,0.0,0.00,4024.20,729.88,0.00,2196.82,0.00
CZ14/ERC&0&cDXGF&Ex&dxAC_equip/NE-dxAC-PkgAC-240to759-Ex-EER-11.5/instance-out.sql,23178.239999999998,729.88,3775.02,2224.35,0.0,2196.82,0.0,5436.11,3.36,0.0,0.0,0.0,8812.7,0.0,0.0,0.00,3775.02,729.88,0.00,2196.82,0.00
CZ14/ERC&0&cDXGF&Ex&dxAC_equip/NE-dxAC-PkgAC-240to759-Ex-EER-12.5/instance-out.sql,22875.83,729.88,3472.61,2224.35,0.0,2196.82,0.0,5436.11,3.36,0.0,0.0,0.0,8812.7,0.0,0.0,0.00,3472.61,729.88,0.00,2196.82,0.00
CZ14/ERC&0&cDXGF&Ex&dxAC_equip/NE-dxAC-PkgAC-gt760-Ex-EER-9.5/instance-out.sql,23734.71,729.88,4331.49,2224.35,0.0,2196.82,0.0,5436.11,3.36,0.0,0.0,0.0,8812.7,0.0,0.0,0.00,4331.49,729.88,0.00,2196.82,0.00
CZ14/ERC&0&cDXGF&Ex&dxAC_equip/NE-dxAC-PkgAC-gt760-Ex-EER-10.2/instance-out.sql,23437.28,729.88,4034.06,2224.35,0.0,2196.82,0.0,5436.11,3.36,0.0,0.0,0.0,8812.7,0.0,0.0,0.00,4034.06,729.88,0.00,2196.82,0.00
CZ14/ERC&0&cDXGF&Ex&dxAC_equip/NE-dxAC-PkgAC-gt760-Ex-EER-11.0/instance-out.sql,23152.45,729.88,3749.23,2224.35,0.0,2196.82,0.0,5436.11,3.36,0.0,0.0,0.0,8812.7,0.0,0.0,0.00,3749.23,729.88,0.00,2196.82,0.00
CZ14/ERC&0&cDXGF&Ex&dxAC_equip/NE-dxAC-PkgAC-gt760-Ex-EER-12.0/instance-out.sql,22839.629999999997,729.88,3436.41,2224.35,0.0,2196.82,0.0,5436.11,3.36,0.0,0.0,0.0,8812.7,0.0,0.0,0.00,3436.41,729.88,0.00,2196.82,0.00
CZ14/ESe&0&cDXGF&Ex&dxAC_equip/NE-dxAC-PkgAC-65to134-Ex-EER-11.0/instance-out.sql,1352907.4,65878.78,298923.89,197959.32,0.0,323176.74,0.0,268423.98,3.39,0.0,0.0,0.0,198541.31,0.0,0.0,0.00,298923.89,65878.78,0.00,259085.82,64090.92
CZ14/ESe&0&cDXGF&Ex&dxAC_equip/NE-dxAC-PkgAC-65to134-Ex-EER-11.5/instance-out.sql,1348949.24,65878.78,294965.73,197959.32,0.0,323176.74,0.0,268423.98,3.39,0.0,0.0,0.0,198541.31,0.0,0.0,0.00,294965.73,65878.78,0.00,259085.82,64090.92
CZ14/ESe&0&cDXGF&Ex&dxAC_equip/NE-dxAC-PkgAC-65to134-Ex-EER-12.0/instance-out.sql,1345316.15,65878.78,291332.64,197959.32,0.0,323176.74,0.0,268423.98,3.39,0.0,0.0,0.0,198541.31,0.0,0.0,0.00,291332.64,65878.78,0.00,259085.82,64090.92
CZ14/ESe&0&cDXGF&Ex&dxAC_equip/NE-dxAC-PkgAC-65to134-Ex-EER-12.5/instance-out.sql,1341969.6600000001,65878.78,287986.15,197959.32,0.0,323176.74,0.0,268423.98,3.39,0.0,0.0,0.0,198541.31,0.0,0.0,0.00,287986.15,65878.78,0.00,259085.82,64090.92
CZ14/ESe&0&cDXGF&Ex&dxAC_equip/NE-dxAC-PkgAC-65to134-Ex-EER-13.0/instance-out.sql,1338702.52,65878.78,284719.01,197959.32,0.0,323176.74,0.0,268423.98,3.39,0.0,0.0,0.0,198541.31,0.0,0.0,0.00,284719.01,65878.78,0.00,259085.82,64090.92
CZ14/ESe&0&cDXGF&Ex&dxAC_equip/NE-dxAC-PkgAC-135to239-Ex-EER-10.8/instance-out.sql,1352664.79,65878.78,298681.28,197959.32,0.0,323176.74,0.0,268423.98,3.39,0.0,0.0,0.0,198541.31,0.0,0.0,0.00,298681.28,65878.78,0.00,259085.82,64090.92
CZ14/ESe&0&cDXGF&Ex&dxAC_equip/NE-dxAC-PkgAC-135to239-Ex-EER-11.5/instance-out.sql,1346987.94,65878.78,293004.43,197959.32,0.0,323176.74,0.0,268423.98,3.39,0.0,0.0,0.0,198541.31,0.0,0.0,0.00,293004.43,65878.78,0.00,259085.82,64090.92
CZ14/ESe&0&cDXGF&Ex&dxAC_equip/NE-dxAC-PkgAC-135to239-Ex-EER-12.0/instance-out.sql,1343510.97,65878.78,289527.46,197959.32,0.0,323176.74,0.0,268423.98,3.39,0.0,0.0,0.0,198541.31,0.0,0.0,0.00,289527.46,65878.78,0.00,259085.82,64090.92
CZ14/ESe&0&cDXGF&Ex&dxAC_equip/NE-dxAC-PkgAC-135to239-Ex-EER-12.5/instance-out.sql,1340121.6600000001,65878.78,286138.15,197959.32,0.0,323176.74,0.0,268423.98,3.39,0.0,0.0,0.0,198541.31,0.0,0.0,0.00,286138.15,65878.78,0.00,259085.82,64090.92
CZ14/ESe&0&cDXGF&Ex&dxAC_equip/NE-dxAC-PkgAC-240to759-Ex-EER-9.8/instance-out.sql,1355405.63,65878.78,301422.12,197959.32,0.0,323176.74,0.0,268423.98,3.39,0.0,0.0,0.0,198541.31,0.0,0.0,0.00,301422.12,65878.78,0.00,259085.82,64090.92
CZ14/ESe&0&cDXGF&Ex&dxAC_equip/NE-dxAC-PkgAC-240to759-Ex-EER-10.8/instance-out.sql,1346775.37,65878.78,292791.86,197959.32,0.0,323176.74,0.0,268423.98,3.39,0.0,0.0,0.0,198541.31,0.0,0.0,0.00,292791.86,65878.78,0.00,259085.82,64090.92
CZ14/ESe&0&cDXGF&Ex&dxAC_equip/NE-dxAC-PkgAC-240to759-Ex-EER-11.5/instance-out.sql,1341406.31,65878.78,287422.8,197959.32,0.0,323176.74,0.0,268423.98,3.39,0.0,0.0,0.0,198541.31,0.0,0.0,0.00,287422.80,65878.78,0.00,259085.82,64090.92
CZ14/ESe&0&cDXGF&Ex&dxAC_equip/NE-dxAC-PkgAC-240to759-Ex-EER-12.5/instance-out.sql,1334890.48,65878.78,280906.97,197959.32,0.0,323176.74,0.0,268423.98,3.39,0.0,0.0,0.0,198541.31,0.0,0.0,0.00,280906.97,65878.78,0.00,259085.82,64090.92
CZ14/ESe&0&cDXGF&Ex&dxAC_equip/NE-dxAC-PkgAC-gt760-Ex-EER-9.5/instance-out.sql,1353396.47,65878.78,299412.96,197959.32,0.0,323176.74,0.0,268423.98,3.39,0.0,0.0,0.0,198541.31,0.0,0.0,0.00,299412.96,65878.78,0.00,259085.82,64090.92
CZ14/ESe&0&cDXGF&Ex&dxAC_equip/NE-dxAC-PkgAC-gt760-Ex-EER-10.2/instance-out.sql,1346987.94,65878.78,293004.43,197959.32,0.0,323176.74,0.0,268423.98,3.39,0.0,0.0,0.0,198541.31,0.0,0.0,0.00,293004.43,65878.78,0.00,259085.82,64090.92
CZ14/ESe&0&cDXGF&Ex&dxAC_equip/NE-dxAC-PkgAC-gt760-Ex-EER-11.0/instance-out.sql,1340850.71,65878.78,286867.2,197959.32,0.0,323176.74,0.0,268423.98,3.39,0.0,0.0,0.0,198541.31,0.0,0.0,0.00,286867.20,65878.78,0.00,259085.82,64090.92
CZ14/ESe&0&cDXGF&Ex&dxAC_equip/NE-dxAC-PkgAC-gt760-Ex-EER-12.0/instance-out.sql,1334110.42,65878.78,280126.91,197959.32,0.0,323176.74,0.0,268423.98,3.39,0.0,0.0,0.0,198541.31,0.0,0.0,0.00,280126.91,65878.78,0.00,259085.82,64090.92
CZ14/EUn&0&cDXGF&Ex&dxAC_equip/NE-dxAC-PkgAC-65to134-Ex-EER-11.0/instance-out.sql,9757183.469999999,121210.61,1881759.84,1277404.75,0.0,3682881.23,0.0,2154979.24,3.37,0.0,0.0,0.0,638944.43,0.0,0.0,0.00,1881759.84,121210.61,0.00,3555459.15,127422.08
CZ14/EUn&0&cDXGF&Ex&dxAC_equip/NE-dxAC-PkgAC-65to134-Ex-EER-11.5/instance-out.sql,9699003.5,121210.61,1823579.87,1277404.75,0.0,3682881.23,0.0,2154979.24,3.37,0.0,0.0,0.0,638944.43,0.0,0.0,0.00,1823579.87,121210.61,0.00,3555459.15,127422.08
CZ14/EUn&0&cDXGF&Ex&dxAC_equip/NE-dxAC-PkgAC-65to134-Ex-EER-12.0/instance-out.sql,9645601.59,121210.61,1770177.96,1277404.75,0.0,3682881.23,0.0,2154979.24,3.37,0.0,0.0,0.0,638944.43,0.0,0.0,0.00,1770177.96,121210.61,0.00,3555459.15,127422.08
CZ14/EUn&0&cDXGF&Ex&dxAC_equip/NE-dxAC-PkgAC-65to134-Ex-EER-12.5/instance-out.sql,9596412.37,121210.61,1720988.73,1277404.75,0.0,3682881.23,0.0,2154979.24,3.37,0.0,0.0,0.0,638944.43,0.0,0.0,0.00,1720988.73,121210.61,0.00,3555459.15,127422.08
CZ14/EUn&0&cDXGF&Ex&dxAC_equip/NE-dxAC-PkgAC-65to134-Ex-EER-13.0/instance-out.sql,9548389.549999999,121210.61,1672965.92,1277404.75,0.0,3682881.23,0.0,2154979.24,3.37,0.0,0.0,0.0,638944.43,0.0,0.0,0.00,1672965.92,121210.61,0.00,3555459.15,127422.08
CZ14/EUn&0&cDXGF&Ex&dxAC_equip/NE-dxAC-PkgAC-135to239-Ex-EER-10.8/instance-out.sql,9753617.399999999,121210.61,1878193.77,1277404.75,0.0,3682881.23,0.0,2154979.24,3.37,0.0,0.0,0.0,638944.43,0.0,0.0,0.00,1878193.77,121210.61,0.00,3555459.15,127422.08
CZ14/EUn&0&cDXGF&Ex&dxAC_equip/NE-dxAC-PkgAC-135to239-Ex-EER-11.5/instance-out.sql,9670174.83,121210.61,1794751.19,1277404.75,0.0,3682881.23,0.0,2154979.24,3.37,0.0,0.0,0.0,638944.43,0.0,0.0,0.00,1794751.19,121210.61,0.00,3555459.15,127422.08
CZ14/EUn&0&cDXGF&Ex&dxAC_equip/NE-dxAC-PkgAC-135to239-Ex-EER-12.0/instance-out.sql,9619067.729999999,121210.61,1743644.1,1277404.75,0.0,3682881.23,0.0,2154979.24,3.37,0.0,0.0,0.0,638944.43,0.0,0.0,0.00,1743644.10,121210.61,0.00,3555459.15,127422.08
CZ14/EUn&0&cDXGF&Ex&dxAC_equip/NE-dxAC-PkgAC-135to239-Ex-EER-12.5/instance-out.sql,9569249.049999999,121210.61,1693825.41,1277404.75,0.0,3682881.23,0.0,2154979.24,3.37,0.0,0.0,0.0,638944.43,0.0,0.0,0.00,1693825.41,121210.61,0.00,3555459.15,127422.08
CZ14/EUn&0&cDXGF&Ex&dxAC_equip/NE-dxAC-PkgAC-240to759-Ex-EER-9.8/instance-out.sql,9793904.379999999,121210.61,1918480.74,1277404.75,0.0,3682881.23,0.0,2154979.24,3.37,0.0,0.0,0.0,638944.43,0.0,0.0,0.00,1918480.74,121210.61,0.00,3555459.15,127422.08
CZ14/EUn&0&cDXGF&Ex&dxAC_equip/NE-dxAC-PkgAC-240to759-Ex-EER-10.8/instance-out.sql,9667050.34,121210.61,1791626.71,1277404.75,0.0,3682881.23,0.0,2154979.24,3.37,0.0,0.0,0.0,638944.43,0.0,0.0,0.00,1791626.71,121210.61,0.00,3555459.15,127422.08
CZ14/EUn&0&cDXGF&Ex&dxAC_equip/NE-dxAC-PkgAC-240to759-Ex-EER-11.5/instance-out.sql,9588131.94,121210.61,1712708.3,1277404.75,0.0,3682881.23,0.0,2154979.24,3.37,0.0,0.0,0.0,638944.43,0.0,0.0,0.00,1712708.30,121210.61,0.00,3555459.15,127422.08
CZ14/EUn&0&cDXGF&Ex&dxAC_equip/NE-dxAC-PkgAC-240to759-Ex-EER-12.5/instance-out.sql,9492357.29,121210.61,1616933.65,1277404.75,0.0,3682881.23,0.0,2154979.24,3.37,0.0,0.0,0.0,638944.43,0.0,0.0,0.00,1616933.65,121210.61,0.00,3555459.15,127422.08
CZ14/EUn&0&cDXGF&Ex&dxAC_equip/NE-dxAC-PkgAC-gt760-Ex-EER-9.5/instance-out.sql,9764372.219999999,121210.61,1888948.59,1277404.75,0.0,3682881.23,0.0,2154979.24,3.37,0.0,0.0,0.0,638944.43,0.0,0.0,0.00,1888948.59,121210.61,0.00,3555459.15,127422.08
CZ14/EUn&0&cDXGF&Ex&dxAC_equip/NE-dxAC-PkgAC-gt760-Ex-EER-10.2/instance-out.sql,9670174.83,121210.61,1794751.19,1277404.75,0.0,3682881.23,0.0,2154979.24,3.37,0.0,0.0,0.0,638944.43,0.0,0.0,0.00,1794751.19,121210.61,0.00,3555459.15,127422.08
CZ14/EUn&0&cDXGF&Ex&dxAC_equip/NE-dxAC-PkgAC-gt760-Ex-EER-11.0/instance-out.sql,9579965.19,121210.61,1704541.56,1277404.75,0.0,3682881.23,0.0,2154979.24,3.37,0.0,0.0,0.0,638944.43,0.0,0.0,0.00,1704541.56,121210.61,0.00,3555459.15,127422.08
CZ14/EUn&0&cDXGF&Ex&dxAC_equip/NE-dxAC-PkgAC-gt760-Ex-EER-12.0/instance-out.sql,9480891.379999999,121210.61,1605467.75,1277404.75,0.0,3682881.23,0.0,2154979.24,3.37,0.0,0.0,0.0,638944.43,0.0,0.0,0.00,1605467.75,121210.61,0.00,3555459.15,127422.08
CZ14/Gro&0&cDXGF&Ex&dxAC_equip/NE-dxAC-PkgAC-65to134-Ex-EER-11.0/instance-out.sql,2203712.69,78134.69,132718.63,249218.65,0.0,177584.03,0.0,194540.91,3.38,0.0,0.0,0.0,52236.08,1319276.31,0.0,0.00,132718.63,78134.69,0.00,177584.03,0.00
CZ14/Gro&0&cDXGF&Ex&dxAC_equip/NE-dxAC-PkgAC-65to134-Ex-EER-11.5/instance-out.sql,2198034.36,78134.69,127040.31,249218.65,0.0,177584.03,0.0,194540.91,3.38,0.0,0.0,0.0,52236.08,1319276.31,0.0,0.00,127040.31,78134.69,0.00,177584.03,0.00
CZ14/Gro&0&cDXGF&Ex&dxAC_equip/NE-dxAC-PkgAC-65to134-Ex-EER-12.0/instance-out.sql,2192822.38,78134.69,121828.32,249218.65,0.0,177584.03,0.0,194540.91,3.38,0.0,0.0,0.0,52236.08,1319276.31,0.0,0.00,121828.32,78134.69,0.00,177584.03,0.00
CZ14/Gro&0&cDXGF&Ex&dxAC_equip/NE-dxAC-PkgAC-65to134-Ex-EER-12.5/instance-out.sql,2188021.54,78134.69,117027.49,249218.65,0.0,177584.03,0.0,194540.91,3.38,0.0,0.0,0.0,52236.08,1319276.31,0.0,0.00,117027.49,78134.69,0.00,177584.03,0.00
CZ14/Gro&0&cDXGF&Ex&dxAC_equip/NE-dxAC-PkgAC-65to134-Ex-EER-13.0/instance-out.sql,2183334.55,78134.69,112340.5,249218.65,0.0,177584.03,0.0,194540.91,3.38,0.0,0.0,0.0,52236.08,1319276.31,0.0,0.00,112340.50,78134.69,0.00,177584.03,0.00
CZ14/Gro&0&cDXGF&Ex&dxAC_equip/NE-dxAC-PkgAC-135to239-Ex-EER-10.8/instance-out.sql,2203364.64,78134.69,132370.58,249218.65,0.0,177584.03,0.0,194540.91,3.38,0.0,0.0,0.0,52236.08,1319276.31,0.0,0.00,132370.58,78134.69,0.00,177584.03,0.00
CZ14/Gro&0&cDXGF&Ex&dxAC_equip/NE-dxAC-PkgAC-135to239-Ex-EER-11.5/instance-out.sql,2195220.71,78134.69,124226.65,249218.65,0.0,177584.03,0.0,194540.91,3.38,0.0,0.0,0.0,52236.08,1319276.31,0.0,0.00,124226.65,78134.69,0.00,177584.03,0.00
CZ14/Gro&0&cDXGF&Ex&dxAC_equip/NE-dxAC-PkgAC-135to239-Ex-EER-12.0/instance-out.sql,2190232.69,78134.69,119238.63,249218.65,0.0,177584.03,0.0,194540.91,3.38,0.0,0.0,0.0,52236.08,1319276.31,0.0,0.00,119238.63,78134.69,0.00,177584.03,0.00
CZ14/Gro&0&cDXGF&Ex&dxAC_equip/NE-dxAC-PkgAC-135to239-Ex-EER-12.5/instance-out.sql,2185370.42,78134.69,114376.37,249218.65,0.0,177584.03,0.0,194540.91,3.38,0.0,0.0,0.0,52236.08,1319276.31,0.0,0.00,114376.37,78134.69,0.00,177584.03,0.00
CZ14/Gro&0&cDXGF&Ex&dxAC_equip/NE-dxAC-PkgAC-240to759-Ex-EER-9.8/instance-out.sql,2207296.62,78134.69,136302.56,249218.65,0.0,177584.03,0.0,194540.91,3.38,0.0,0.0,0.0,52236.08,1319276.31,0.0,0.00,136302.56,78134.69,0.00,177584.03,0.00
CZ14/Gro&0&cDXGF&Ex&dxAC_equip/NE-dxAC-PkgAC-240to759-Ex-EER-10.8/instance-out.sql,2194915.76,78134.69,123921.7,249218.65,0.0,177584.03,0.0,194540.91,3.38,0.0,0.0,0.0,52236.08,1319276.31,0.0,0.00,123921.70,78134.69,0.00,177584.03,0.00
CZ14/Gro&0&cDXGF&Ex&dxAC_equip/NE-dxAC-PkgAC-240to759-Ex-EER-11.5/instance-out.sql,2187213.38,78134.69,116219.32,249218.65,0.0,177584.03,0.0,194540.91,3.38,0.0,0.0,0.0,52236.08,1319276.31,0.0,0.00,116219.32,78134.69,0.00,177584.03,0.00
CZ14/Gro&0&cDXGF&Ex&dxAC_equip/NE-dxAC-PkgAC-240to759-Ex-EER-12.5/instance-out.sql,2177865.85,78134.69,106871.79,249218.65,0.0,177584.03,0.0,194540.91,3.38,0.0,0.0,0.0,52236.08,1319276.31,0.0,0.00,106871.79,78134.69,0.00,177584.03,0.00
CZ14/Gro&0&cDXGF&Ex&dxAC_equip/NE-dxAC-PkgAC-gt760-Ex-EER-9.5/instance-out.sql,2204414.3,78134.69,133420.24,249218.65,0.0,177584.03,0.0,194540.91,3.38,0.0,0.0,0.0,52236.08,1319276.31,0.0,0.00,133420.24,78134.69,0.00,177584.03,0.00
CZ14/Gro&0&cDXGF&Ex&dxAC_equip/NE-dxAC-PkgAC-gt760-Ex-EER-10.2/instance-out.sql,2195220.71,78134.69,124226.65,249218.65,0.0,177584.03,0.0,194540.91,3.38,0.0,0.0,0.0,52236.08,1319276.31,0.0,0.00,124226.65,78134.69,0.00,177584.03,0.00
CZ14/Gro&0&cDXGF&Ex&dxAC_equip/NE-dxAC-PkgAC-gt760-Ex-EER-11.0/instance-out.sql,2186416.31,78134.69,115422.25,249218.65,0.0,177584.03,0.0,194540.91,3.38,0.0,0.0,0.0,52236.08,1319276.31,0.0,0.00,115422.25,78134.69,0.00,177584.03,0.00
CZ14/Gro&0&cDXGF&Ex&dxAC_equip/NE-dxAC-PkgAC-gt760-Ex-EER-12.0/instance-out.sql,2176746.78,78134.69,105752.72,249218.65,0.0,177584.03,0.0,194540.91,3.38,0.0,0.0,0.0,52236.08,1319276.31,0.0,0.00,105752.72,78134.69,0.00,177584.03,0.00
CZ14/Hsp&0&cDXGF&Ex&dxAC_equip/NE-dxAC-PkgAC-65to134-Ex-EER-11.0/instance-out.sql,4567040.38,222375.06,1342070.74,856282.21,0.0,1182847.3,0.0,694430.85,45180.18,0.0,0.0,0.0,223854.03,0.0,0.0,0.00,1342070.74,222375.06,0.00,1139112.10,43735.20
CZ14/Hsp&0&cDXGF&Ex&dxAC_equip/NE-dxAC-PkgAC-65to134-Ex-EER-11.5/instance-out.sql,4557899.649999999,222375.06,1332930.01,856282.21,0.0,1182847.3,0.0,694430.85,45180.18,0.0,0.0,0.0,223854.03,0.0,0.0,0.00,1332930.01,222375.06,0.00,1139112.10,43735.20
CZ14/Hsp&0&cDXGF&Ex&dxAC_equip/NE-dxAC-PkgAC-65to134-Ex-EER-12.0/instance-out.sql,4549509.6,222375.06,1324539.97,856282.21,0.0,1182847.3,0.0,694430.85,45180.18,0.0,0.0,0.0,223854.03,0.0,0.0,0.00,1324539.97,222375.06,0.00,1139112.10,43735.20
CZ14/Hsp&0&cDXGF&Ex&dxAC_equip/NE-dxAC-PkgAC-65to134-Ex-EER-12.5/instance-out.sql,4541781.42,222375.06,1316811.79,856282.21,0.0,1182847.3,0.0,694430.85,45180.18,0.0,0.0,0.0,223854.03,0.0,0.0,0.00,1316811.79,222375.06,0.00,1139112.10,43735.20
CZ14/Hsp&0&cDXGF&Ex&dxAC_equip/NE-dxAC-PkgAC-65to134-Ex-EER-13.0/instance-out.sql,4534236.49,222375.06,1309266.86,856282.21,0.0,1182847.3,0.0,694430.85,45180.18,0.0,0.0,0.0,223854.03,0.0,0.0,0.00,1309266.86,222375.06,0.00,1139112.10,43735.20
CZ14/Hsp&0&cDXGF&Ex&dxAC_equip/NE-dxAC-PkgAC-135to239-Ex-EER-10.8/instance-out.sql,4566480.109999999,222375.06,1341510.47,856282.21,0.0,1182847.3,0.0,694430.85,45180.18,0.0,0.0,0.0,223854.03,0.0,0.0,0.00,1341510.47,222375.06,0.00,1139112.10,43735.20
CZ14/Hsp&0&cDXGF&Ex&dxAC_equip/NE-dxAC-PkgAC-135to239-Ex-EER-11.5/instance-out.sql,4553370.34,222375.06,1328400.7,856282.21,0.0,1182847.3,0.0,694430.85,45180.18,0.0,0.0,0.0,223854.03,0.0,0.0,0.00,1328400.70,222375.06,0.00,1139112.10,43735.20
CZ14/Hsp&0&cDXGF&Ex&dxAC_equip/NE-dxAC-PkgAC-135to239-Ex-EER-12.0/instance-out.sql,4545340.83,222375.06,1320371.2,856282.21,0.0,1182847.3,0.0,694430.85,45180.18,0.0,0.0,0.0,223854.03,0.0,0.0,0.00,1320371.20,222375.06,0.00,1139112.10,43735.20
CZ14/Hsp&0&cDXGF&Ex&dxAC_equip/NE-dxAC-PkgAC-135to239-Ex-EER-12.5/instance-out.sql,4537513.76,222375.06,1312544.12,856282.21,0.0,1182847.3,0.0,694430.85,45180.18,0.0,0.0,0.0,223854.03,0.0,0.0,0.00,1312544.12,222375.06,0.00,1139112.10,43735.20
CZ14/Hsp&0&cDXGF&Ex&dxAC_equip/NE-dxAC-PkgAC-240to759-Ex-EER-9.8/instance-out.sql,4572809.649999999,222375.06,1347840.01,856282.21,0.0,1182847.3,0.0,694430.85,45180.18,0.0,0.0,0.0,223854.03,0.0,0.0,0.00,1347840.01,222375.06,0.00,1139112.10,43735.20
CZ14/Hsp&0&cDXGF&Ex&dxAC_equip/NE-dxAC-PkgAC-240to759-Ex-EER-10.8/instance-out.sql,4552879.4399999995,222375.06,1327909.81,856282.21,0.0,1182847.3,0.0,694430.85,45180.18,0.0,0.0,0.0,223854.03,0.0,0.0,0.00,1327909.81,222375.06,0.00,1139112.10,43735.20
CZ14/Hsp&0&cDXGF&Ex&dxAC_equip/NE-dxAC-PkgAC-240to759-Ex-EER-11.5/instance-out.sql,4540480.47,222375.06,1315510.84,856282.21,0.0,1182847.3,0.0,694430.85,45180.18,0.0,0.0,0.0,223854.03,0.0,0.0,0.00,1315510.84,222375.06,0.00,1139112.10,43735.20
CZ14/Hsp&0&cDXGF&Ex&dxAC_equip/NE-dxAC-PkgAC-240to759-Ex-EER-12.5/instance-out.sql,4525433.1899999995,222375.06,1300463.56,856282.21,0.0,1182847.3,0.0,694430.85,45180.18,0.0,0.0,0.0,223854.03,0.0,0.0,0.00,1300463.56,222375.06,0.00,1139112.10,43735.20
CZ14/Hsp&0&cDXGF&Ex&dxAC_equip/NE-dxAC-PkgAC-gt760-Ex-EER-9.5/instance-out.sql,4568169.81,222375.06,1343200.18,856282.21,0.0,1182847.3,0.0,694430.85,45180.18,0.0,0.0,0.0,223854.03,0.0,0.0,0.00,1343200.18,222375.06,0.00,1139112.10,43735.20
CZ14/Hsp&0&cDXGF&Ex&dxAC_equip/NE-dxAC-PkgAC-gt760-Ex-EER-10.2/instance-out.sql,4553370.34,222375.06,1328400.7,856282.21,0.0,1182847.3,0.0,694430.85,45180.18,0.0,0.0,0.0,223854.03,0.0,0.0,0.00,1328400.70,222375.06,0.00,1139112.10,43735.20
CZ14/Hsp&0&cDXGF&Ex&dxAC_equip/NE-dxAC-PkgAC-gt760-Ex-EER-11.0/instance-out.sql,4539197.38,222375.06,1314227.75,856282.21,0.0,1182847.3,0.0,694430.85,45180.18,0.0,0.0,0.0,223854.03,0.0,0.0,0.00,1314227.75,222375.06,0.00,1139112.10,43735.20
CZ14/Hsp&0&cDXGF&Ex&dxAC_equip/NE-dxAC-PkgAC-gt760-Ex-EER-12.0/instance-out.sql,4523631.77,222375.06,1298662.13,856282.21,0.0,1182847.3,0.0,694430.85,45180.18,0.0,0.0,0.0,223854.03,0.0,0.0,0.00,1298662.13,222375.06,0.00,1139112.10,43735.20
CZ14/MBT&0&cDXGF&Ex&dxAC_equip/NE-dxAC-PkgAC-65to134-Ex-EER-11.0/instance-out.sql,6589310.75,1464060.32,1072253.44,709539.71,0.0,2167645.51,0.0,1026369.33,707.8,0.0,0.0,0.0,148734.63,0.0,0.0,0.00,1072253.44,1464060.32,0.00,1394057.91,773587.60
CZ14/MBT&0&cDXGF&Ex&dxAC_equip/NE-dxAC-PkgAC-65to134-Ex-EER-11.5/instance-out.sql,6576989.76,1464060.32,1059932.45,709539.71,0.0,2167645.51,0.0,1026369.33,707.8,0.0,0.0,0.0,148734.63,0.0,0.0,0.00,1059932.45,1464060.32,0.00,1394057.91,773587.60
CZ14/MBT&0&cDXGF&Ex&dxAC_equip/NE-dxAC-PkgAC-65to134-Ex-EER-12.0/instance-out.sql,6565680.64,1464060.32,1048623.33,709539.71,0.0,2167645.51,0.0,1026369.33,707.8,0.0,0.0,0.0,148734.63,0.0,0.0,0.00,1048623.33,1464060.32,0.00,1394057.91,773587.60
CZ14/MBT&0&cDXGF&Ex&dxAC_equip/NE-dxAC-PkgAC-65to134-Ex-EER-12.5/instance-out.sql,6555263.65,1464060.32,1038206.35,709539.71,0.0,2167645.51,0.0,1026369.33,707.8,0.0,0.0,0.0,148734.63,0.0,0.0,0.00,1038206.35,1464060.32,0.00,1394057.91,773587.60
CZ14/MBT&0&cDXGF&Ex&dxAC_equip/NE-dxAC-PkgAC-65to134-Ex-EER-13.0/instance-out.sql,6545093.68,1464060.32,1028036.38,709539.71,0.0,2167645.51,0.0,1026369.33,707.8,0.0,0.0,0.0,148734.63,0.0,0.0,0.00,1028036.38,1464060.32,0.00,1394057.91,773587.60
CZ14/MBT&0&cDXGF&Ex&dxAC_equip/NE-dxAC-PkgAC-135to239-Ex-EER-10.8/instance-out.sql,6588555.55,1464060.32,1071498.24,709539.71,0.0,2167645.51,0.0,1026369.33,707.8,0.0,0.0,0.0,148734.63,0.0,0.0,0.00,1071498.24,1464060.32,0.00,1394057.91,773587.60
CZ14/MBT&0&cDXGF&Ex&dxAC_equip/NE-dxAC-PkgAC-135to239-Ex-EER-11.5/instance-out.sql,6570884.6,1464060.32,1053827.3,709539.71,0.0,2167645.51,0.0,1026369.33,707.8,0.0,0.0,0.0,148734.63,0.0,0.0,0.00,1053827.30,1464060.32,0.00,1394057.91,773587.60
CZ14/MBT&0&cDXGF&Ex&dxAC_equip/NE-dxAC-PkgAC-135to239-Ex-EER-12.0/instance-out.sql,6560061.46,1464060.32,1043004.16,709539.71,0.0,2167645.51,0.0,1026369.33,707.8,0.0,0.0,0.0,148734.63,0.0,0.0,0.00,1043004.16,1464060.32,0.00,1394057.91,773587.60
CZ14/MBT&0&cDXGF&Ex&dxAC_equip/NE-dxAC-PkgAC-135to239-Ex-EER-12.5/instance-out.sql,6549511.18,1464060.32,1032453.87,709539.71,0.0,2167645.51,0.0,1026369.33,707.8,0.0,0.0,0.0,148734.63,0.0,0.0,0.00,1032453.87,1464060.32,0.00,1394057.91,773587.60
CZ14/MBT&0&cDXGF&Ex&dxAC_equip/NE-dxAC-PkgAC-240to759-Ex-EER-9.8/instance-out.sql,6597087.27,1464060.32,1080029.96,709539.71,0.0,2167645.51,0.0,1026369.33,707.8,0.0,0.0,0.0,148734.63,0.0,0.0,0.00,1080029.96,1464060.32,0.00,1394057.91,773587.60
CZ14/MBT&0&cDXGF&Ex&dxAC_equip/NE-dxAC-PkgAC-240to759-Ex-EER-10.8/instance-out.sql,6570222.92,1464060.32,1053165.61,709539.71,0.0,2167645.51,0.0,1026369.33,707.8,0.0,0.0,0.0,148734.63,0.0,0.0,0.00,1053165.61,1464060.32,0.00,1394057.91,773587.60
CZ14/MBT&0&cDXGF&Ex&dxAC_equip/NE-dxAC-PkgAC-240to759-Ex-EER-11.5/instance-out.sql,6553510.08,1464060.32,1036452.77,709539.71,0.0,2167645.51,0.0,1026369.33,707.8,0.0,0.0,0.0,148734.63,0.0,0.0,0.00,1036452.77,1464060.32,0.00,1394057.91,773587.60
CZ14/MBT&0&cDXGF&Ex&dxAC_equip/NE-dxAC-PkgAC-240to759-Ex-EER-12.5/instance-out.sql,6533227.52,1464060.32,1016170.22,709539.71,0.0,2167645.51,0.0,1026369.33,707.8,0.0,0.0,0.0,148734.63,0.0,0.0,0.00,1016170.22,1464060.32,0.00,1394057.91,773587.60
CZ14/MBT&0&cDXGF&Ex&dxAC_equip/NE-dxAC-PkgAC-gt760-Ex-EER-9.5/instance-out.sql,6590833.14,1464060.32,1073775.83,709539.71,0.0,2167645.51,0.0,1026369.33,707.8,0.0,0.0,0.0,148734.63,0.0,0.0,0.00,1073775.83,1464060.32,0.00,1394057.91,773587.60
CZ14/MBT&0&cDXGF&Ex&dxAC_equip/NE-dxAC-PkgAC-gt760-Ex-EER-10.2/instance-out.sql,6570884.6,1464060.32,1053827.3,709539.71,0.0,2167645.51,0.0,1026369.33,707.8,0.0,0.0,0.0,148734.63,0.0,0.0,0.00,1053827.30,1464060.32,0.00,1394057.91,773587.60
CZ14/MBT&0&cDXGF&Ex&dxAC_equip/NE-dxAC-PkgAC-gt760-Ex-EER-11.0/instance-out.sql,6551780.58,1464060.32,1034723.27,709539.71,0.0,2167645.51,0.0,1026369.33,707.8,0.0,0.0,0.0,148734.63,0.0,0.0,0.00,1034723.27,1464060.32,0.00,1394057.91,773587.60
CZ14/MBT&0&cDXGF&Ex&dxAC_equip/NE-dxAC-PkgAC-gt760-Ex-EER-12.0/instance-out.sql,6530799.35,1464060.32,1013742.04,709539.71,0.0,2167645.51,0.0,1026369.33,707.8,0.0,0.0,0.0,148734.63,0.0,0.0,0.00,1013742.04,1464060.32,0.00,1394057.91,773587.60
CZ14/MLI&0&cDXGF&Ex&dxAC_equip/NE-dxAC-PkgAC-65to134-Ex-EER-11.0/instance-out.sql,1318973.4000000001,69882.4,278387.62,283149.19,0.0,239893.0,0.0,405610.19,3.37,0.0,0.0,0.0,42047.65,0.0,0.0,0.00,278387.62,69882.40,0.00,239893.00,0.00
CZ14/MLI&0&cDXGF&Ex&dxAC_equip/NE-dxAC-PkgAC-65to134-Ex-EER-11.5/instance-out.sql,1307054.94,69882.4,266469.16,283149.19,0.0,239893.0,0.0,405610.19,3.37,0.0,0.0,0.0,42047.65,0.0,0.0,0.00,266469.16,69882.40,0.00,239893.00,0.00
CZ14/MLI&0&cDXGF&Ex&dxAC_equip/NE-dxAC-PkgAC-65to134-Ex-EER-12.0/instance-out.sql,1296115.3,69882.4,255529.51,283149.19,0.0,239893.0,0.0,405610.19,3.37,0.0,0.0,0.0,42047.65,0.0,0.0,0.00,255529.51,69882.40,0.00,239893.00,0.00
CZ14/MLI&0&cDXGF&Ex&dxAC_equip/NE-dxAC-PkgAC-65to134-Ex-EER-12.5/instance-out.sql,1286038.6400000001,69882.4,245452.85,283149.19,0.0,239893.0,0.0,405610.19,3.37,0.0,0.0,0.0,42047.65,0.0,0.0,0.00,245452.85,69882.40,0.00,239893.00,0.00
CZ14/MLI&0&cDXGF&Ex&dxAC_equip/NE-dxAC-PkgAC-65to134-Ex-EER-13.0/instance-out.sql,1276200.92,69882.4,235615.14,283149.19,0.0,239893.0,0.0,405610.19,3.37,0.0,0.0,0.0,42047.65,0.0,0.0,0.00,235615.14,69882.40,0.00,239893.00,0.00
CZ14/MLI&0&cDXGF&Ex&dxAC_equip/NE-dxAC-PkgAC-135to239-Ex-EER-10.8/instance-out.sql,1318242.8800000001,69882.4,277657.09,283149.19,0.0,239893.0,0.0,405610.19,3.37,0.0,0.0,0.0,42047.65,0.0,0.0,0.00,277657.09,69882.40,0.00,239893.00,0.00
CZ14/MLI&0&cDXGF&Ex&dxAC_equip/NE-dxAC-PkgAC-135to239-Ex-EER-11.5/instance-out.sql,1301149.25,69882.4,260563.46,283149.19,0.0,239893.0,0.0,405610.19,3.37,0.0,0.0,0.0,42047.65,0.0,0.0,0.00,260563.46,69882.40,0.00,239893.00,0.00
CZ14/MLI&0&cDXGF&Ex&dxAC_equip/NE-dxAC-PkgAC-135to239-Ex-EER-12.0/instance-out.sql,1290679.7,69882.4,250093.91,283149.19,0.0,239893.0,0.0,405610.19,3.37,0.0,0.0,0.0,42047.65,0.0,0.0,0.00,250093.91,69882.40,0.00,239893.00,0.00
CZ14/MLI&0&cDXGF&Ex&dxAC_equip/NE-dxAC-PkgAC-135to239-Ex-EER-12.5/instance-out.sql,1280474.1,69882.4,239888.31,283149.19,0.0,239893.0,0.0,405610.19,3.37,0.0,0.0,0.0,42047.65,0.0,0.0,0.00,239888.31,69882.40,0.00,239893.00,0.00
CZ14/MLI&0&cDXGF&Ex&dxAC_equip/NE-dxAC-PkgAC-240to759-Ex-EER-9.8/instance-out.sql,1326495.86,69882.4,285910.08,283149.19,0.0,239893.0,0.0,405610.19,3.37,0.0,0.0,0.0,42047.65,0.0,0.0,0.00,285910.08,69882.40,0.00,239893.00,0.00
CZ14/MLI&0&cDXGF&Ex&dxAC_equip/NE-dxAC-PkgAC-240to759-Ex-EER-10.8/instance-out.sql,1300509.18,69882.4,259923.39,283149.19,0.0,239893.0,0.0,405610.19,3.37,0.0,0.0,0.0,42047.65,0.0,0.0,0.00,259923.39,69882.40,0.00,239893.00,0.00
CZ14/MLI&0&cDXGF&Ex&dxAC_equip/NE-dxAC-PkgAC-240to759-Ex-EER-11.5/instance-out.sql,1284342.35,69882.4,243756.56,283149.19,0.0,239893.0,0.0,405610.19,3.37,0.0,0.0,0.0,42047.65,0.0,0.0,0.00,243756.56,69882.40,0.00,239893.00,0.00
CZ14/MLI&0&cDXGF&Ex&dxAC_equip/NE-dxAC-PkgAC-240to759-Ex-EER-12.5/instance-out.sql,1264722.43,69882.4,224136.64,283149.19,0.0,239893.0,0.0,405610.19,3.37,0.0,0.0,0.0,42047.65,0.0,0.0,0.00,224136.64,69882.40,0.00,239893.00,0.00
CZ14/MLI&0&cDXGF&Ex&dxAC_equip/NE-dxAC-PkgAC-gt760-Ex-EER-9.5/instance-out.sql,1320446.05,69882.4,279860.27,283149.19,0.0,239893.0,0.0,405610.19,3.37,0.0,0.0,0.0,42047.65,0.0,0.0,0.00,279860.27,69882.40,0.00,239893.00,0.00
CZ14/MLI&0&cDXGF&Ex&dxAC_equip/NE-dxAC-PkgAC-gt760-Ex-EER-10.2/instance-out.sql,1301149.25,69882.4,260563.46,283149.19,0.0,239893.0,0.0,405610.19,3.37,0.0,0.0,0.0,42047.65,0.0,0.0,0.00,260563.46,69882.40,0.00,239893.00,0.00
CZ14/MLI&0&cDXGF&Ex&dxAC_equip/NE-dxAC-PkgAC-gt760-Ex-EER-11.0/instance-out.sql,1282669.35,69882.4,242083.56,283149.19,0.0,239893.0,0.0,405610.19,3.37,0.0,0.0,0.0,42047.65,0.0,0.0,0.00,242083.56,69882.40,0.00,239893.00,0.00
CZ14/MLI&0&cDXGF&Ex&dxAC_equip/NE-dxAC-PkgAC-gt760-Ex-EER-12.0/instance-out.sql,1262373.59,69882.4,221787.8,283149.19,0.0,239893.0,0.0,405610.19,3.37,0.0,0.0,0.0,42047.65,0.0,0.0,0.00,221787.80,69882.40,0.00,239893.00,0.00
CZ14/Mtl&0&cDXGF&Ex&dxAC_equip/NE-dxAC-PkgAC-65to134-Ex-EER-11.0/instance-out.sql,227345.19,9805.33,68329.7,51285.47,0.0,22443.33,0.0,67920.88,3.36,0.0,0.0,0.0,7557.12,0.0,0.0,0.00,68329.70,9805.33,0.00,22191.36,251.97
CZ14/Mtl&0&cDXGF&Ex&dxAC_equip/NE-dxAC-PkgAC-65to134-Ex-EER-11.5/instance-out.sql,225069.43,9805.33,66053.93,51285.47,0.0,22443.33,0.0,67920.88,3.36,0.0,0.0,0.0,7557.12,0.0,0.0,0.00,66053.93,9805.33,0.00,22191.36,251.97
CZ14/Mtl&0&cDXGF&Ex&dxAC_equip/NE-dxAC-PkgAC-65to134-Ex-EER-12.0/instance-out.sql,222980.56,9805.33,63965.06,51285.47,0.0,22443.33,0.0,67920.88,3.36,0.0,0.0,0.0,7557.12,0.0,0.0,0.00,63965.06,9805.33,0.00,22191.36,251.97
CZ14/Mtl&0&cDXGF&Ex&dxAC_equip/NE-dxAC-PkgAC-65to134-Ex-EER-12.5/instance-out.sql,221056.46999999997,9805.33,62040.97,51285.47,0.0,22443.33,0.0,67920.88,3.36,0.0,0.0,0.0,7557.12,0.0,0.0,0.00,62040.97,9805.33,0.00,22191.36,251.97
CZ14/Mtl&0&cDXGF&Ex&dxAC_equip/NE-dxAC-PkgAC-65to134-Ex-EER-13.0/instance-out.sql,219178.01,9805.33,60162.51,51285.47,0.0,22443.33,0.0,67920.88,3.36,0.0,0.0,0.0,7557.12,0.0,0.0,0.00,60162.51,9805.33,0.00,22191.36,251.97
CZ14/Mtl&0&cDXGF&Ex&dxAC_equip/NE-dxAC-PkgAC-135to239-Ex-EER-10.8/instance-out.sql,227205.7,9805.33,68190.2,51285.47,0.0,22443.33,0.0,67920.88,3.36,0.0,0.0,0.0,7557.12,0.0,0.0,0.00,68190.20,9805.33,0.00,22191.36,251.97
CZ14/Mtl&0&cDXGF&Ex&dxAC_equip/NE-dxAC-PkgAC-135to239-Ex-EER-11.5/instance-out.sql,223941.76,9805.33,64926.26,51285.47,0.0,22443.33,0.0,67920.88,3.36,0.0,0.0,0.0,7557.12,0.0,0.0,0.00,64926.26,9805.33,0.00,22191.36,251.97
CZ14/Mtl&0&cDXGF&Ex&dxAC_equip/NE-dxAC-PkgAC-135to239-Ex-EER-12.0/instance-out.sql,221942.65999999997,9805.33,62927.16,51285.47,0.0,22443.33,0.0,67920.88,3.36,0.0,0.0,0.0,7557.12,0.0,0.0,0.00,62927.16,9805.33,0.00,22191.36,251.97
CZ14/Mtl&0&cDXGF&Ex&dxAC_equip/NE-dxAC-PkgAC-135to239-Ex-EER-12.5/instance-out.sql,219993.95,9805.33,60978.45,51285.47,0.0,22443.33,0.0,67920.88,3.36,0.0,0.0,0.0,7557.12,0.0,0.0,0.00,60978.45,9805.33,0.00,22191.36,251.97
CZ14/Mtl&0&cDXGF&Ex&dxAC_equip/NE-dxAC-PkgAC-240to759-Ex-EER-9.8/instance-out.sql,228781.57,9805.33,69766.07,51285.47,0.0,22443.33,0.0,67920.88,3.36,0.0,0.0,0.0,7557.12,0.0,0.0,0.00,69766.07,9805.33,0.00,22191.36,251.97
CZ14/Mtl&0&cDXGF&Ex&dxAC_equip/NE-dxAC-PkgAC-240to759-Ex-EER-10.8/instance-out.sql,223819.55,9805.33,64804.05,51285.47,0.0,22443.33,0.0,67920.88,3.36,0.0,0.0,0.0,7557.12,0.0,0.0,0.00,64804.05,9805.33,0.00,22191.36,251.97
CZ14/Mtl&0&cDXGF&Ex&dxAC_equip/NE-dxAC-PkgAC-240to759-Ex-EER-11.5/instance-out.sql,220732.57,9805.33,61717.07,51285.47,0.0,22443.33,0.0,67920.88,3.36,0.0,0.0,0.0,7557.12,0.0,0.0,0.00,61717.07,9805.33,0.00,22191.36,251.97
CZ14/Mtl&0&cDXGF&Ex&dxAC_equip/NE-dxAC-PkgAC-240to759-Ex-EER-12.5/instance-out.sql,216986.25,9805.33,57970.75,51285.47,0.0,22443.33,0.0,67920.88,3.36,0.0,0.0,0.0,7557.12,0.0,0.0,0.00,57970.75,9805.33,0.00,22191.36,251.97
CZ14/Mtl&0&cDXGF&Ex&dxAC_equip/NE-dxAC-PkgAC-gt760-Ex-EER-9.5/instance-out.sql,227626.39,9805.33,68610.89,51285.47,0.0,22443.33,0.0,67920.88,3.36,0.0,0.0,0.0,7557.12,0.0,0.0,0.00,68610.89,9805.33,0.00,22191.36,251.97
CZ14/Mtl&0&cDXGF&Ex&dxAC_equip/NE-dxAC-PkgAC-gt760-Ex-EER-10.2/instance-out.sql,223941.76,9805.33,64926.26,51285.47,0.0,22443.33,0.0,67920.88,3.36,0.0,0.0,0.0,7557.12,0.0,0.0,0.00,64926.26,9805.33,0.00,22191.36,251.97
CZ14/Mtl&0&cDXGF&Ex&dxAC_equip/NE-dxAC-PkgAC-gt760-Ex-EER-11.0/instance-out.sql,220413.12,9805.33,61397.62,51285.47,0.0,22443.33,0.0,67920.88,3.36,0.0,0.0,0.0,7557.12,0.0,0.0,0.00,61397.62,9805.33,0.00,22191.36,251.97
CZ14/Mtl&0&cDXGF&Ex&dxAC_equip/NE-dxAC-PkgAC-gt760-Ex-EER-12.0/instance-out.sql,216537.75,9805.33,57522.25,51285.47,0.0,22443.33,0.0,67920.88,3.36,0.0,0.0,0.0,7557.12,0.0,0.0,0.00,57522.25,9805.33,0.00,22191.36,251.97
CZ14/Nrs&0&cDXGF&Ex&dxAC_equip/NE-dxAC-PkgAC-65to134-Ex-EER-11.0/instance-out.sql,1165450.29,71542.86,241700.8,200868.06,0.0,347425.87,0.0,203808.83,50.14,0.0,0.0,0.0,100053.74,0.0,0.0,0.00,241700.80,71542.86,0.00,281574.59,65851.28
CZ14/Nrs&0&cDXGF&Ex&dxAC_equip/NE-dxAC-PkgAC-65to134-Ex-EER-11.5/instance-out.sql,1161317.3900000001,71542.86,237567.9,200868.06,0.0,347425.87,0.0,203808.83,50.14,0.0,0.0,0.0,100053.74,0.0,0.0,0.00,237567.90,71542.86,0.00,281574.59,65851.28
CZ14/Nrs&0&cDXGF&Ex&dxAC_equip/NE-dxAC-PkgAC-65to134-Ex-EER-12.0/instance-out.sql,1157523.9,71542.86,233774.41,200868.06,0.0,347425.87,0.0,203808.83,50.14,0.0,0.0,0.0,100053.74,0.0,0.0,0.00,233774.41,71542.86,0.00,281574.59,65851.28
CZ14/Nrs&0&cDXGF&Ex&dxAC_equip/NE-dxAC-PkgAC-65to134-Ex-EER-12.5/instance-out.sql,1154029.6800000002,71542.86,230280.19,200868.06,0.0,347425.87,0.0,203808.83,50.14,0.0,0.0,0.0,100053.74,0.0,0.0,0.00,230280.19,71542.86,0.00,281574.59,65851.28
CZ14/Nrs&0&cDXGF&Ex&dxAC_equip/NE-dxAC-PkgAC-65to134-Ex-EER-13.0/instance-out.sql,1150618.3,71542.86,226868.81,200868.06,0.0,347425.87,0.0,203808.83,50.14,0.0,0.0,0.0,100053.74,0.0,0.0,0.00,226868.81,71542.86,0.00,281574.59,65851.28
CZ14/Nrs&0&cDXGF&Ex&dxAC_equip/NE-dxAC-PkgAC-135to239-Ex-EER-10.8/instance-out.sql,1165196.97,71542.86,241447.48,200868.06,0.0,347425.87,0.0,203808.83,50.14,0.0,0.0,0.0,100053.74,0.0,0.0,0.00,241447.48,71542.86,0.00,281574.59,65851.28
CZ14/Nrs&0&cDXGF&Ex&dxAC_equip/NE-dxAC-PkgAC-135to239-Ex-EER-11.5/instance-out.sql,1159269.5,71542.86,235520.01,200868.06,0.0,347425.87,0.0,203808.83,50.14,0.0,0.0,0.0,100053.74,0.0,0.0,0.00,235520.01,71542.86,0.00,281574.59,65851.28
CZ14/Nrs&0&cDXGF&Ex&dxAC_equip/NE-dxAC-PkgAC-135to239-Ex-EER-12.0/instance-out.sql,1155639.03,71542.86,231889.54,200868.06,0.0,347425.87,0.0,203808.83,50.14,0.0,0.0,0.0,100053.74,0.0,0.0,0.00,231889.54,71542.86,0.00,281574.59,65851.28
CZ14/Nrs&0&cDXGF&Ex&dxAC_equip/NE-dxAC-PkgAC-135to239-Ex-EER-12.5/instance-out.sql,1152100.0899999999,71542.86,228350.6,200868.06,0.0,347425.87,0.0,203808.83,50.14,0.0,0.0,0.0,100053.74,0.0,0.0,0.00,228350.60,71542.86,0.00,281574.59,65851.28
CZ14/Nrs&0&cDXGF&Ex&dxAC_equip/NE-dxAC-PkgAC-240to759-Ex-EER-9.8/instance-out.sql,1168058.81,71542.86,244309.32,200868.06,0.0,347425.87,0.0,203808.83,50.14,0.0,0.0,0.0,100053.74,0.0,0.0,0.00,244309.32,71542.86,0.00,281574.59,65851.28
CZ14/Nrs&0&cDXGF&Ex&dxAC_equip/NE-dxAC-PkgAC-240to759-Ex-EER-10.8/instance-out.sql,1159047.55,71542.86,235298.06,200868.06,0.0,347425.87,0.0,203808.83,50.14,0.0,0.0,0.0,100053.74,0.0,0.0,0.00,235298.06,71542.86,0.00,281574.59,65851.28
CZ14/Nrs&0&cDXGF&Ex&dxAC_equip/NE-dxAC-PkgAC-240to759-Ex-EER-11.5/instance-out.sql,1153441.46,71542.86,229691.97,200868.06,0.0,347425.87,0.0,203808.83,50.14,0.0,0.0,0.0,100053.74,0.0,0.0,0.00,229691.97,71542.86,0.00,281574.59,65851.28
CZ14/Nrs&0&cDXGF&Ex&dxAC_equip/NE-dxAC-PkgAC-240to759-Ex-EER-12.5/instance-out.sql,1146637.97,71542.86,222888.48,200868.06,0.0,347425.87,0.0,203808.83,50.14,0.0,0.0,0.0,100053.74,0.0,0.0,0.00,222888.48,71542.86,0.00,281574.59,65851.28
CZ14/Nrs&0&cDXGF&Ex&dxAC_equip/NE-dxAC-PkgAC-gt760-Ex-EER-9.5/instance-out.sql,1165960.95,71542.86,242211.46,200868.06,0.0,347425.87,0.0,203808.83,50.14,0.0,0.0,0.0,100053.74,0.0,0.0,0.00,242211.46,71542.86,0.00,281574.59,65851.28
CZ14/Nrs&0&cDXGF&Ex&dxAC_equip/NE-dxAC-PkgAC-gt760-Ex-EER-10.2/instance-out.sql,1159269.5,71542.86,235520.01,200868.06,0.0,347425.87,0.0,203808.83,50.14,0.0,0.0,0.0,100053.74,0.0,0.0,0.00,235520.01,71542.86,0.00,281574.59,65851.28
CZ14/Nrs&0&cDXGF&Ex&dxAC_equip/NE-dxAC-PkgAC-gt760-Ex-EER-11.0/instance-out.sql,1152861.33,71542.86,229111.84,200868.06,0.0,347425.87,0.0,203808.83,50.14,0.0,0.0,0.0,100053.74,0.0,0.0,0.00,229111.84,71542.86,0.00,281574.59,65851.28
CZ14/Nrs&0&cDXGF&Ex&dxAC_equip/NE-dxAC-PkgAC-gt760-Ex-EER-12.0/instance-out.sql,1145823.47,71542.86,222073.98,200868.06,0.0,347425.87,0.0,203808.83,50.14,0.0,0.0,0.0,100053.74,0.0,0.0,0.00,222073.98,71542.86,0.00,281574.59,65851.28
CZ14/OfL&0&cDXGF&Ex&dxAC_equip/NE-dxAC-PkgAC-65to134-Ex-EER-11.0/instance-out.sql,3209652.1599999997,43458.57,776288.72,462712.61,0.0,829334.66,0.0,990782.17,4526.46,0.0,0.0,0.0,102548.98,0.0,0.0,0.00,776288.72,43458.57,0.00,829334.66,0.00
CZ14/OfL&0&cDXGF&Ex&dxAC_equip/NE-dxAC-PkgAC-65to134-Ex-EER-11.5/instance-out.sql,3184398.65,43458.57,751035.21,462712.61,0.0,829334.66,0.0,990782.17,4526.46,0.0,0.0,0.0,102548.98,0.0,0.0,0.00,751035.21,43458.57,0.00,829334.66,0.00
CZ14/OfL&0&cDXGF&Ex&dxAC_equip/NE-dxAC-PkgAC-65to134-Ex-EER-12.0/instance-out.sql,3161219.11,43458.57,727855.66,462712.61,0.0,829334.66,0.0,990782.17,4526.46,0.0,0.0,0.0,102548.98,0.0,0.0,0.00,727855.66,43458.57,0.00,829334.66,0.00
CZ14/OfL&0&cDXGF&Ex&dxAC_equip/NE-dxAC-PkgAC-65to134-Ex-EER-12.5/instance-out.sql,3139868.11,43458.57,706504.66,462712.61,0.0,829334.66,0.0,990782.17,4526.46,0.0,0.0,0.0,102548.98,0.0,0.0,0.00,706504.66,43458.57,0.00,829334.66,0.00
CZ14/OfL&0&cDXGF&Ex&dxAC_equip/NE-dxAC-PkgAC-65to134-Ex-EER-13.0/instance-out.sql,3119023.4,43458.57,685659.96,462712.61,0.0,829334.66,0.0,990782.17,4526.46,0.0,0.0,0.0,102548.98,0.0,0.0,0.00,685659.96,43458.57,0.00,829334.66,0.00
CZ14/OfL&0&cDXGF&Ex&dxAC_equip/NE-dxAC-PkgAC-135to239-Ex-EER-10.8/instance-out.sql,3208104.28,43458.57,774740.83,462712.61,0.0,829334.66,0.0,990782.17,4526.46,0.0,0.0,0.0,102548.98,0.0,0.0,0.00,774740.83,43458.57,0.00,829334.66,0.00
CZ14/OfL&0&cDXGF&Ex&dxAC_equip/NE-dxAC-PkgAC-135to239-Ex-EER-11.5/instance-out.sql,3171885.3299999996,43458.57,738521.88,462712.61,0.0,829334.66,0.0,990782.17,4526.46,0.0,0.0,0.0,102548.98,0.0,0.0,0.00,738521.88,43458.57,0.00,829334.66,0.00
CZ14/OfL&0&cDXGF&Ex&dxAC_equip/NE-dxAC-PkgAC-135to239-Ex-EER-12.0/instance-out.sql,3149701.86,43458.57,716338.42,462712.61,0.0,829334.66,0.0,990782.17,4526.46,0.0,0.0,0.0,102548.98,0.0,0.0,0.00,716338.42,43458.57,0.00,829334.66,0.00
CZ14/OfL&0&cDXGF&Ex&dxAC_equip/NE-dxAC-PkgAC-135to239-Ex-EER-12.5/instance-out.sql,3128077.6399999997,43458.57,694714.2,462712.61,0.0,829334.66,0.0,990782.17,4526.46,0.0,0.0,0.0,102548.98,0.0,0.0,0.00,694714.20,43458.57,0.00,829334.66,0.00
CZ14/OfL&0&cDXGF&Ex&dxAC_equip/NE-dxAC-PkgAC-240to759-Ex-EER-9.8/instance-out.sql,3225591.1799999997,43458.57,792227.74,462712.61,0.0,829334.66,0.0,990782.17,4526.46,0.0,0.0,0.0,102548.98,0.0,0.0,0.00,792227.74,43458.57,0.00,829334.66,0.00
CZ14/OfL&0&cDXGF&Ex&dxAC_equip/NE-dxAC-PkgAC-240to759-Ex-EER-10.8/instance-out.sql,3170529.1199999996,43458.57,737165.67,462712.61,0.0,829334.66,0.0,990782.17,4526.46,0.0,0.0,0.0,102548.98,0.0,0.0,0.00,737165.67,43458.57,0.00,829334.66,0.00
CZ14/OfL&0&cDXGF&Ex&dxAC_equip/NE-dxAC-PkgAC-240to759-Ex-EER-11.5/instance-out.sql,3136273.92,43458.57,702910.47,462712.61,0.0,829334.66,0.0,990782.17,4526.46,0.0,0.0,0.0,102548.98,0.0,0.0,0.00,702910.47,43458.57,0.00,829334.66,0.00
CZ14/OfL&0&cDXGF&Ex&dxAC_equip/NE-dxAC-PkgAC-240to759-Ex-EER-12.5/instance-out.sql,3094702.1199999996,43458.57,661338.68,462712.61,0.0,829334.66,0.0,990782.17,4526.46,0.0,0.0,0.0,102548.98,0.0,0.0,0.00,661338.68,43458.57,0.00,829334.66,0.00
CZ14/OfL&0&cDXGF&Ex&dxAC_equip/NE-dxAC-PkgAC-gt760-Ex-EER-9.5/instance-out.sql,3212772.5,43458.57,779409.06,462712.61,0.0,829334.66,0.0,990782.17,4526.46,0.0,0.0,0.0,102548.98,0.0,0.0,0.00,779409.06,43458.57,0.00,829334.66,0.00
CZ14/OfL&0&cDXGF&Ex&dxAC_equip/NE-dxAC-PkgAC-gt760-Ex-EER-10.2/instance-out.sql,3171885.3299999996,43458.57,738521.88,462712.61,0.0,829334.66,0.0,990782.17,4526.46,0.0,0.0,0.0,102548.98,0.0,0.0,0.00,738521.88,43458.57,0.00,829334.66,0.00
CZ14/OfL&0&cDXGF&Ex&dxAC_equip/NE-dxAC-PkgAC-gt760-Ex-EER-11.0/instance-out.sql,3132729.07,43458.57,699365.63,462712.61,0.0,829334.66,0.0,990782.17,4526.46,0.0,0.0,0.0,102548.98,0.0,0.0,0.00,699365.63,43458.57,0.00,829334.66,0.00
CZ14/OfL&0&cDXGF&Ex&dxAC_equip/NE-dxAC-PkgAC-gt760-Ex-EER-12.0/instance-out.sql,3089725.25,43458.57,656361.81,462712.61,0.0,829334.66,0.0,990782.17,4526.46,0.0,0.0,0.0,102548.98,0.0,0.0,0.00,656361.81,43458.57,0.00,829334.66,0.00
CZ14/OfS&0&cDXGF&Ex&dxAC_equip/NE-dxAC-PkgAC-65to134-Ex-EER-11.0/instance-out.sql,191262.34,2661.93,46181.55,23737.13,0.0,29387.4,0.0,69874.64,1.13,0.0,0.0,0.0,19418.56,0.0,0.0,0.00,46181.55,2661.93,0.00,29387.40,0.00
CZ14/OfS&0&cDXGF&Ex&dxAC_equip/NE-dxAC-PkgAC-65to134-Ex-EER-11.5/instance-out.sql,189292.84999999998,2661.93,44212.06,23737.13,0.0,29387.4,0.0,69874.64,1.13,0.0,0.0,0.0,19418.56,0.0,0.0,0.00,44212.06,2661.93,0.00,29387.40,0.00
CZ14/OfS&0&cDXGF&Ex&dxAC_equip/NE-dxAC-PkgAC-65to134-Ex-EER-12.0/instance-out.sql,187485.09999999998,2661.93,42404.31,23737.13,0.0,29387.4,0.0,69874.64,1.13,0.0,0.0,0.0,19418.56,0.0,0.0,0.00,42404.31,2661.93,0.00,29387.40,0.00
CZ14/OfS&0&cDXGF&Ex&dxAC_equip/NE-dxAC-PkgAC-65to134-Ex-EER-12.5/instance-out.sql,185819.96,2661.93,40739.17,23737.13,0.0,29387.4,0.0,69874.64,1.13,0.0,0.0,0.0,19418.56,0.0,0.0,0.00,40739.17,2661.93,0.00,29387.40,0.00
CZ14/OfS&0&cDXGF&Ex&dxAC_equip/NE-dxAC-PkgAC-65to134-Ex-EER-13.0/instance-out.sql,184194.31,2661.93,39113.51,23737.13,0.0,29387.4,0.0,69874.64,1.13,0.0,0.0,0.0,19418.56,0.0,0.0,0.00,39113.51,2661.93,0.00,29387.40,0.00
CZ14/OfS&0&cDXGF&Ex&dxAC_equip/NE-dxAC-PkgAC-135to239-Ex-EER-10.8/instance-out.sql,191141.63,2661.93,46060.83,23737.13,0.0,29387.4,0.0,69874.64,1.13,0.0,0.0,0.0,19418.56,0.0,0.0,0.00,46060.83,2661.93,0.00,29387.40,0.00
CZ14/OfS&0&cDXGF&Ex&dxAC_equip/NE-dxAC-PkgAC-135to239-Ex-EER-11.5/instance-out.sql,188316.94999999998,2661.93,43236.15,23737.13,0.0,29387.4,0.0,69874.64,1.13,0.0,0.0,0.0,19418.56,0.0,0.0,0.00,43236.15,2661.93,0.00,29387.40,0.00
CZ14/OfS&0&cDXGF&Ex&dxAC_equip/NE-dxAC-PkgAC-135to239-Ex-EER-12.0/instance-out.sql,186586.88999999998,2661.93,41506.09,23737.13,0.0,29387.4,0.0,69874.64,1.13,0.0,0.0,0.0,19418.56,0.0,0.0,0.00,41506.09,2661.93,0.00,29387.40,0.00
CZ14/OfS&0&cDXGF&Ex&dxAC_equip/NE-dxAC-PkgAC-135to239-Ex-EER-12.5/instance-out.sql,184900.44,2661.93,39819.64,23737.13,0.0,29387.4,0.0,69874.64,1.13,0.0,0.0,0.0,19418.56,0.0,0.0,0.00,39819.64,2661.93,0.00,29387.40,0.00
CZ14/OfS&0&cDXGF&Ex&dxAC_equip/NE-dxAC-PkgAC-240to759-Ex-EER-9.8/instance-out.sql,192505.41,2661.93,47424.62,23737.13,0.0,29387.4,0.0,69874.64,1.13,0.0,0.0,0.0,19418.56,0.0,0.0,0.00,47424.62,2661.93,0.00,29387.40,0.00
CZ14/OfS&0&cDXGF&Ex&dxAC_equip/NE-dxAC-PkgAC-240to759-Ex-EER-10.8/instance-out.sql,188211.18,2661.93,43130.38,23737.13,0.0,29387.4,0.0,69874.64,1.13,0.0,0.0,0.0,19418.56,0.0,0.0,0.00,43130.38,2661.93,0.00,29387.40,0.00
CZ14/OfS&0&cDXGF&Ex&dxAC_equip/NE-dxAC-PkgAC-240to759-Ex-EER-11.5/instance-out.sql,185539.65,2661.93,40458.86,23737.13,0.0,29387.4,0.0,69874.64,1.13,0.0,0.0,0.0,19418.56,0.0,0.0,0.00,40458.86,2661.93,0.00,29387.40,0.00
CZ14/OfS&0&cDXGF&Ex&dxAC_equip/NE-dxAC-PkgAC-240to759-Ex-EER-12.5/instance-out.sql,182297.52,2661.93,37216.72,23737.13,0.0,29387.4,0.0,69874.64,1.13,0.0,0.0,0.0,19418.56,0.0,0.0,0.00,37216.72,2661.93,0.00,29387.40,0.00
CZ14/OfS&0&cDXGF&Ex&dxAC_equip/NE-dxAC-PkgAC-gt760-Ex-EER-9.5/instance-out.sql,191505.69999999998,2661.93,46424.9,23737.13,0.0,29387.4,0.0,69874.64,1.13,0.0,0.0,0.0,19418.56,0.0,0.0,0.00,46424.90,2661.93,0.00,29387.40,0.00
CZ14/OfS&0&cDXGF&Ex&dxAC_equip/NE-dxAC-PkgAC-gt760-Ex-EER-10.2/instance-out.sql,188316.94999999998,2661.93,43236.15,23737.13,0.0,29387.4,0.0,69874.64,1.13,0.0,0.0,0.0,19418.56,0.0,0.0,0.00,43236.15,2661.93,0.00,29387.40,0.00
CZ14/OfS&0&cDXGF&Ex&dxAC_equip/NE-dxAC-PkgAC-gt760-Ex-EER-11.0/instance-out.sql,185263.19999999998,2661.93,40182.4,23737.13,0.0,29387.4,0.0,69874.64,1.13,0.0,0.0,0.0,19418.56,0.0,0.0,0.00,40182.40,2661.93,0.00,29387.40,0.00
CZ14/OfS&0&cDXGF&Ex&dxAC_equip/NE-dxAC-PkgAC-gt760-Ex-EER-12.0/instance-out.sql,181909.37,2661.93,36828.58,23737.13,0.0,29387.4,0.0,69874.64,1.13,0.0,0.0,0.0,19418.56,0.0,0.0,0.00,36828.58,2661.93,0.00,29387.40,0.00
CZ14/RFF&0&cDXGF&Ex&dxAC_equip/NE-dxAC-PkgAC-65to134-Ex-EER-11.0/instance-out.sql,124974.32999999999,1616.59,23573.54,13247.63,0.0,37903.17,0.0,25937.19,3.37,0.0,0.0,0.0,22692.83,0.0,0.0,0.00,23573.54,1616.59,0.00,18423.46,19479.71
CZ14/RFF&0&cDXGF&Ex&dxAC_equip/NE-dxAC-PkgAC-65to134-Ex-EER-11.5/instance-out.sql,124378.82,1616.59,22978.03,13247.63,0.0,37903.17,0.0,25937.19,3.37,0.0,0.0,0.0,22692.83,0.0,0.0,0.00,22978.03,1616.59,0.00,18423.46,19479.71
CZ14/RFF&0&cDXGF&Ex&dxAC_equip/NE-dxAC-PkgAC-65to134-Ex-EER-12.0/instance-out.sql,123832.22,1616.59,22431.43,13247.63,0.0,37903.17,0.0,25937.19,3.37,0.0,0.0,0.0,22692.83,0.0,0.0,0.00,22431.43,1616.59,0.00,18423.46,19479.71
CZ14/RFF&0&cDXGF&Ex&dxAC_equip/NE-dxAC-PkgAC-65to134-Ex-EER-12.5/instance-out.sql,123328.73999999999,1616.59,21927.95,13247.63,0.0,37903.17,0.0,25937.19,3.37,0.0,0.0,0.0,22692.83,0.0,0.0,0.00,21927.95,1616.59,0.00,18423.46,19479.71
CZ14/RFF&0&cDXGF&Ex&dxAC_equip/NE-dxAC-PkgAC-65to134-Ex-EER-13.0/instance-out.sql,122837.19,1616.59,21436.4,13247.63,0.0,37903.17,0.0,25937.19,3.37,0.0,0.0,0.0,22692.83,0.0,0.0,0.00,21436.40,1616.59,0.00,18423.46,19479.71
CZ14/RFF&0&cDXGF&Ex&dxAC_equip/NE-dxAC-PkgAC-135to239-Ex-EER-10.8/instance-out.sql,124937.82999999999,1616.59,23537.04,13247.63,0.0,37903.17,0.0,25937.19,3.37,0.0,0.0,0.0,22692.83,0.0,0.0,0.00,23537.04,1616.59,0.00,18423.46,19479.71
CZ14/RFF&0&cDXGF&Ex&dxAC_equip/NE-dxAC-PkgAC-135to239-Ex-EER-11.5/instance-out.sql,124083.73999999999,1616.59,22682.95,13247.63,0.0,37903.17,0.0,25937.19,3.37,0.0,0.0,0.0,22692.83,0.0,0.0,0.00,22682.95,1616.59,0.00,18423.46,19479.71
CZ14/RFF&0&cDXGF&Ex&dxAC_equip/NE-dxAC-PkgAC-135to239-Ex-EER-12.0/instance-out.sql,123560.63,1616.59,22159.84,13247.63,0.0,37903.17,0.0,25937.19,3.37,0.0,0.0,0.0,22692.83,0.0,0.0,0.00,22159.84,1616.59,0.00,18423.46,19479.71
CZ14/RFF&0&cDXGF&Ex&dxAC_equip/NE-dxAC-PkgAC-135to239-Ex-EER-12.5/instance-out.sql,123050.70000000001,1616.59,21649.91,13247.63,0.0,37903.17,0.0,25937.19,3.37,0.0,0.0,0.0,22692.83,0.0,0.0,0.00,21649.91,1616.59,0.00,18423.46,19479.71
CZ14/RFF&0&cDXGF&Ex&dxAC_equip/NE-dxAC-PkgAC-240to759-Ex-EER-9.8/instance-out.sql,125350.19,1616.59,23949.4,13247.63,0.0,37903.17,0.0,25937.19,3.37,0.0,0.0,0.0,22692.83,0.0,0.0,0.00,23949.40,1616.59,0.00,18423.46,19479.71
CZ14/RFF&0&cDXGF&Ex&dxAC_equip/NE-dxAC-PkgAC-240to759-Ex-EER-10.8/instance-out.sql,124051.76000000001,1616.59,22650.97,13247.63,0.0,37903.17,0.0,25937.19,3.37,0.0,0.0,0.0,22692.83,0.0,0.0,0.00,22650.97,1616.59,0.00,18423.46,19479.71
CZ14/RFF&0&cDXGF&Ex&dxAC_equip/NE-dxAC-PkgAC-240to759-Ex-EER-11.5/instance-out.sql,123243.98000000001,1616.59,21843.19,13247.63,0.0,37903.17,0.0,25937.19,3.37,0.0,0.0,0.0,22692.83,0.0,0.0,0.00,21843.19,1616.59,0.00,18423.46,19479.71
CZ14/RFF&0&cDXGF&Ex&dxAC_equip/NE-dxAC-PkgAC-240to759-Ex-EER-12.5/instance-out.sql,122263.66999999998,1616.59,20862.88,13247.63,0.0,37903.17,0.0,25937.19,3.37,0.0,0.0,0.0,22692.83,0.0,0.0,0.00,20862.88,1616.59,0.00,18423.46,19479.71
CZ14/RFF&0&cDXGF&Ex&dxAC_equip/NE-dxAC-PkgAC-gt760-Ex-EER-9.5/instance-out.sql,125047.91,1616.59,23647.12,13247.63,0.0,37903.17,0.0,25937.19,3.37,0.0,0.0,0.0,22692.83,0.0,0.0,0.00,23647.12,1616.59,0.00,18423.46,19479.71
CZ14/RFF&0&cDXGF&Ex&dxAC_equip/NE-dxAC-PkgAC-gt760-Ex-EER-10.2/instance-out.sql,124083.73999999999,1616.59,22682.95,13247.63,0.0,37903.17,0.0,25937.19,3.37,0.0,0.0,0.0,22692.83,0.0,0.0,0.00,22682.95,1616.59,0.00,18423.46,19479.71
CZ14/RFF&0&cDXGF&Ex&dxAC_equip/NE-dxAC-PkgAC-gt760-Ex-EER-11.0/instance-out.sql,123160.38999999998,1616.59,21759.6,13247.63,0.0,37903.17,0.0,25937.19,3.37,0.0,0.0,0.0,22692.83,0.0,0.0,0.00,21759.60,1616.59,0.00,18423.46,19479.71
CZ14/RFF&0&cDXGF&Ex&dxAC_equip/NE-dxAC-PkgAC-gt760-Ex-EER-12.0/instance-out.sql,122146.31,1616.59,20745.52,13247.63,0.0,37903.17,0.0,25937.19,3.37,0.0,0.0,0.0,22692.83,0.0,0.0,0.00,20745.52,1616.59,0.00,18423.46,19479.71
CZ14/RSD&0&cDXGF&Ex&dxAC_equip/NE-dxAC-PkgAC-65to134-Ex-EER-11.0/instance-out.sql,305194.63,42141.35,54192.6,36047.32,0.0,76546.73,0.0,39555.84,40.32,0.0,0.0,0.0,56670.48,0.0,0.0,0.00,54192.60,42141.35,0.00,37475.60,39071.13
CZ14/RSD&0&cDXGF&Ex&dxAC_equip/NE-dxAC-PkgAC-65to134-Ex-EER-11.5/instance-out.sql,304895.82,42141.35,53893.79,36047.32,0.0,76546.73,0.0,39555.84,40.32,0.0,0.0,0.0,56670.48,0.0,0.0,0.00,53893.79,42141.35,0.00,37475.60,39071.13
CZ14/RSD&0&cDXGF&Ex&dxAC_equip/NE-dxAC-PkgAC-65to134-Ex-EER-12.0/instance-out.sql,304621.56,42141.35,53619.53,36047.32,0.0,76546.73,0.0,39555.84,40.32,0.0,0.0,0.0,56670.48,0.0,0.0,0.00,53619.53,42141.35,0.00,37475.60,39071.13
CZ14/RSD&0&cDXGF&Ex&dxAC_equip/NE-dxAC-PkgAC-65to134-Ex-EER-12.5/instance-out.sql,304368.93000000005,42141.35,53366.9,36047.32,0.0,76546.73,0.0,39555.84,40.32,0.0,0.0,0.0,56670.48,0.0,0.0,0.00,53366.90,42141.35,0.00,37475.60,39071.13
CZ14/RSD&0&cDXGF&Ex&dxAC_equip/NE-dxAC-PkgAC-65to134-Ex-EER-13.0/instance-out.sql,304122.29000000004,42141.35,53120.26,36047.32,0.0,76546.73,0.0,39555.84,40.32,0.0,0.0,0.0,56670.48,0.0,0.0,0.00,53120.26,42141.35,0.00,37475.60,39071.13
CZ14/RSD&0&cDXGF&Ex&dxAC_equip/NE-dxAC-PkgAC-135to239-Ex-EER-10.8/instance-out.sql,305176.31,42141.35,54174.28,36047.32,0.0,76546.73,0.0,39555.84,40.32,0.0,0.0,0.0,56670.48,0.0,0.0,0.00,54174.28,42141.35,0.00,37475.60,39071.13
CZ14/RSD&0&cDXGF&Ex&dxAC_equip/NE-dxAC-PkgAC-135to239-Ex-EER-11.5/instance-out.sql,304747.76,42141.35,53745.73,36047.32,0.0,76546.73,0.0,39555.84,40.32,0.0,0.0,0.0,56670.48,0.0,0.0,0.00,53745.73,42141.35,0.00,37475.60,39071.13
CZ14/RSD&0&cDXGF&Ex&dxAC_equip/NE-dxAC-PkgAC-135to239-Ex-EER-12.0/instance-out.sql,304485.28,42141.35,53483.26,36047.32,0.0,76546.73,0.0,39555.84,40.32,0.0,0.0,0.0,56670.48,0.0,0.0,0.00,53483.26,42141.35,0.00,37475.60,39071.13
CZ14/RSD&0&cDXGF&Ex&dxAC_equip/NE-dxAC-PkgAC-135to239-Ex-EER-12.5/instance-out.sql,304229.42000000004,42141.35,53227.39,36047.32,0.0,76546.73,0.0,39555.84,40.32,0.0,0.0,0.0,56670.48,0.0,0.0,0.00,53227.39,42141.35,0.00,37475.60,39071.13
CZ14/RSD&0&cDXGF&Ex&dxAC_equip/NE-dxAC-PkgAC-240to759-Ex-EER-9.8/instance-out.sql,305383.22,42141.35,54381.19,36047.32,0.0,76546.73,0.0,39555.84,40.32,0.0,0.0,0.0,56670.48,0.0,0.0,0.00,54381.19,42141.35,0.00,37475.60,39071.13
CZ14/RSD&0&cDXGF&Ex&dxAC_equip/NE-dxAC-PkgAC-240to759-Ex-EER-10.8/instance-out.sql,304731.72,42141.35,53729.69,36047.32,0.0,76546.73,0.0,39555.84,40.32,0.0,0.0,0.0,56670.48,0.0,0.0,0.00,53729.69,42141.35,0.00,37475.60,39071.13
CZ14/RSD&0&cDXGF&Ex&dxAC_equip/NE-dxAC-PkgAC-240to759-Ex-EER-11.5/instance-out.sql,304326.4,42141.35,53324.37,36047.32,0.0,76546.73,0.0,39555.84,40.32,0.0,0.0,0.0,56670.48,0.0,0.0,0.00,53324.37,42141.35,0.00,37475.60,39071.13
CZ14/RSD&0&cDXGF&Ex&dxAC_equip/NE-dxAC-PkgAC-240to759-Ex-EER-12.5/instance-out.sql,303834.52,42141.35,52832.49,36047.32,0.0,76546.73,0.0,39555.84,40.32,0.0,0.0,0.0,56670.48,0.0,0.0,0.00,52832.49,42141.35,0.00,37475.60,39071.13
CZ14/RSD&0&cDXGF&Ex&dxAC_equip/NE-dxAC-PkgAC-gt760-Ex-EER-9.5/instance-out.sql,305231.55000000005,42141.35,54229.52,36047.32,0.0,76546.73,0.0,39555.84,40.32,0.0,0.0,0.0,56670.48,0.0,0.0,0.00,54229.52,42141.35,0.00,37475.60,39071.13
CZ14/RSD&0&cDXGF&Ex&dxAC_equip/NE-dxAC-PkgAC-gt760-Ex-EER-10.2/instance-out.sql,304747.76,42141.35,53745.73,36047.32,0.0,76546.73,0.0,39555.84,40.32,0.0,0.0,0.0,56670.48,0.0,0.0,0.00,53745.73,42141.35,0.00,37475.60,39071.13
CZ14/RSD&0&cDXGF&Ex&dxAC_equip/NE-dxAC-PkgAC-gt760-Ex-EER-11.0/instance-out.sql,304284.46,42141.35,53282.43,36047.32,0.0,76546.73,0.0,39555.84,40.32,0.0,0.0,0.0,56670.48,0.0,0.0,0.00,53282.43,42141.35,0.00,37475.60,39071.13
CZ14/RSD&0&cDXGF&Ex&dxAC_equip/NE-dxAC-PkgAC-gt760-Ex-EER-12.0/instance-out.sql,303775.63,42141.35,52773.6,36047.32,0.0,76546.73,0.0,39555.84,40.32,0.0,0.0,0.0,56670.48,0.0,0.0,0.00,52773.60,42141.35,0.00,37475.60,39071.13
CZ14/Rt3&0&cDXGF&Ex&dxAC_equip/NE-dxAC-PkgAC-65to134-Ex-EER-11.0/instance-out.sql,2466994.69,28071.83,484378.02,774348.97,0.0,436362.0,0.0,596357.77,3.38,0.0,0.0,0.0,147472.73,0.0,0.0,0.00,484378.02,28071.83,0.00,436362.00,0.00
CZ14/Rt3&0&cDXGF&Ex&dxAC_equip/NE-dxAC-PkgAC-65to134-Ex-EER-11.5/instance-out.sql,2446853.18,28071.83,464236.5,774348.97,0.0,436362.0,0.0,596357.77,3.38,0.0,0.0,0.0,147472.73,0.0,0.0,0.00,464236.50,28071.83,0.00,436362.00,0.00
CZ14/Rt3&0&cDXGF&Ex&dxAC_equip/NE-dxAC-PkgAC-65to134-Ex-EER-12.0/instance-out.sql,2428365.8000000003,28071.83,445749.12,774348.97,0.0,436362.0,0.0,596357.77,3.38,0.0,0.0,0.0,147472.73,0.0,0.0,0.00,445749.12,28071.83,0.00,436362.00,0.00
CZ14/Rt3&0&cDXGF&Ex&dxAC_equip/NE-dxAC-PkgAC-65to134-Ex-EER-12.5/instance-out.sql,2411336.82,28071.83,428720.14,774348.97,0.0,436362.0,0.0,596357.77,3.38,0.0,0.0,0.0,147472.73,0.0,0.0,0.00,428720.14,28071.83,0.00,436362.00,0.00
CZ14/Rt3&0&cDXGF&Ex&dxAC_equip/NE-dxAC-PkgAC-65to134-Ex-EER-13.0/instance-out.sql,2394711.64,28071.83,412094.97,774348.97,0.0,436362.0,0.0,596357.77,3.38,0.0,0.0,0.0,147472.73,0.0,0.0,0.00,412094.97,28071.83,0.00,436362.00,0.00
CZ14/Rt3&0&cDXGF&Ex&dxAC_equip/NE-dxAC-PkgAC-135to239-Ex-EER-10.8/instance-out.sql,2465760.14,28071.83,483143.46,774348.97,0.0,436362.0,0.0,596357.77,3.38,0.0,0.0,0.0,147472.73,0.0,0.0,0.00,483143.46,28071.83,0.00,436362.00,0.00
CZ14/Rt3&0&cDXGF&Ex&dxAC_equip/NE-dxAC-PkgAC-135to239-Ex-EER-11.5/instance-out.sql,2436872.89,28071.83,454256.21,774348.97,0.0,436362.0,0.0,596357.77,3.38,0.0,0.0,0.0,147472.73,0.0,0.0,0.00,454256.21,28071.83,0.00,436362.00,0.00
CZ14/Rt3&0&cDXGF&Ex&dxAC_equip/NE-dxAC-PkgAC-135to239-Ex-EER-12.0/instance-out.sql,2419179.95,28071.83,436563.28,774348.97,0.0,436362.0,0.0,596357.77,3.38,0.0,0.0,0.0,147472.73,0.0,0.0,0.00,436563.28,28071.83,0.00,436362.00,0.00
CZ14/Rt3&0&cDXGF&Ex&dxAC_equip/NE-dxAC-PkgAC-135to239-Ex-EER-12.5/instance-out.sql,2401933.06,28071.83,419316.38,774348.97,0.0,436362.0,0.0,596357.77,3.38,0.0,0.0,0.0,147472.73,0.0,0.0,0.00,419316.38,28071.83,0.00,436362.00,0.00
CZ14/Rt3&0&cDXGF&Ex&dxAC_equip/NE-dxAC-PkgAC-240to759-Ex-EER-9.8/instance-out.sql,2479707.22,28071.83,497090.54,774348.97,0.0,436362.0,0.0,596357.77,3.38,0.0,0.0,0.0,147472.73,0.0,0.0,0.00,497090.54,28071.83,0.00,436362.00,0.00
CZ14/Rt3&0&cDXGF&Ex&dxAC_equip/NE-dxAC-PkgAC-240to759-Ex-EER-10.8/instance-out.sql,2435791.21,28071.83,453174.53,774348.97,0.0,436362.0,0.0,596357.77,3.38,0.0,0.0,0.0,147472.73,0.0,0.0,0.00,453174.53,28071.83,0.00,436362.00,0.00
CZ14/Rt3&0&cDXGF&Ex&dxAC_equip/NE-dxAC-PkgAC-240to759-Ex-EER-11.5/instance-out.sql,2408470.19,28071.83,425853.51,774348.97,0.0,436362.0,0.0,596357.77,3.38,0.0,0.0,0.0,147472.73,0.0,0.0,0.00,425853.51,28071.83,0.00,436362.00,0.00
CZ14/Rt3&0&cDXGF&Ex&dxAC_equip/NE-dxAC-PkgAC-240to759-Ex-EER-12.5/instance-out.sql,2375313.65,28071.83,392696.97,774348.97,0.0,436362.0,0.0,596357.77,3.38,0.0,0.0,0.0,147472.73,0.0,0.0,0.00,392696.97,28071.83,0.00,436362.00,0.00
CZ14/Rt3&0&cDXGF&Ex&dxAC_equip/NE-dxAC-PkgAC-gt760-Ex-EER-9.5/instance-out.sql,2469483.39,28071.83,486866.71,774348.97,0.0,436362.0,0.0,596357.77,3.38,0.0,0.0,0.0,147472.73,0.0,0.0,0.00,486866.71,28071.83,0.00,436362.00,0.00
CZ14/Rt3&0&cDXGF&Ex&dxAC_equip/NE-dxAC-PkgAC-gt760-Ex-EER-10.2/instance-out.sql,2436872.89,28071.83,454256.21,774348.97,0.0,436362.0,0.0,596357.77,3.38,0.0,0.0,0.0,147472.73,0.0,0.0,0.00,454256.21,28071.83,0.00,436362.00,0.00
CZ14/Rt3&0&cDXGF&Ex&dxAC_equip/NE-dxAC-PkgAC-gt760-Ex-EER-11.0/instance-out.sql,2405642.92,28071.83,423026.24,774348.97,0.0,436362.0,0.0,596357.77,3.38,0.0,0.0,0.0,147472.73,0.0,0.0,0.00,423026.24,28071.83,0.00,436362.00,0.00
CZ14/Rt3&0&cDXGF&Ex&dxAC_equip/NE-dxAC-PkgAC-gt760-Ex-EER-12.0/instance-out.sql,2371344.23,28071.83,388727.55,774348.97,0.0,436362.0,0.0,596357.77,3.38,0.0,0.0,0.0,147472.73,0.0,0.0,0.00,388727.55,28071.83,0.00,436362.00,0.00
CZ14/RtL&0&cDXGF&Ex&dxAC_equip/NE-dxAC-PkgAC-65to134-Ex-EER-11.0/instance-out.sql,2508241.33,26380.72,505899.26,767420.15,0.0,509200.67,0.0,590579.17,3.39,0.0,0.0,0.0,108757.98,0.0,0.0,0.00,505899.26,26380.72,0.00,468847.72,40352.95
CZ14/RtL&0&cDXGF&Ex&dxAC_equip/NE-dxAC-PkgAC-65to134-Ex-EER-11.5/instance-out.sql,2487395.6999999997,26380.72,485053.63,767420.15,0.0,509200.67,0.0,590579.17,3.39,0.0,0.0,0.0,108757.98,0.0,0.0,0.00,485053.63,26380.72,0.00,468847.72,40352.95
CZ14/RtL&0&cDXGF&Ex&dxAC_equip/NE-dxAC-PkgAC-65to134-Ex-EER-12.0/instance-out.sql,2468262.03,26380.72,465919.96,767420.15,0.0,509200.67,0.0,590579.17,3.39,0.0,0.0,0.0,108757.98,0.0,0.0,0.00,465919.96,26380.72,0.00,468847.72,40352.95
CZ14/RtL&0&cDXGF&Ex&dxAC_equip/NE-dxAC-PkgAC-65to134-Ex-EER-12.5/instance-out.sql,2450637.7399999998,26380.72,448295.67,767420.15,0.0,509200.67,0.0,590579.17,3.39,0.0,0.0,0.0,108757.98,0.0,0.0,0.00,448295.67,26380.72,0.00,468847.72,40352.95
CZ14/RtL&0&cDXGF&Ex&dxAC_equip/NE-dxAC-PkgAC-65to134-Ex-EER-13.0/instance-out.sql,2433431.38,26380.72,431089.3,767420.15,0.0,509200.67,0.0,590579.17,3.39,0.0,0.0,0.0,108757.98,0.0,0.0,0.00,431089.30,26380.72,0.00,468847.72,40352.95
CZ14/RtL&0&cDXGF&Ex&dxAC_equip/NE-dxAC-PkgAC-135to239-Ex-EER-10.8/instance-out.sql,2506963.63,26380.72,504621.55,767420.15,0.0,509200.67,0.0,590579.17,3.39,0.0,0.0,0.0,108757.98,0.0,0.0,0.00,504621.55,26380.72,0.00,468847.72,40352.95
CZ14/RtL&0&cDXGF&Ex&dxAC_equip/NE-dxAC-PkgAC-135to239-Ex-EER-11.5/instance-out.sql,2477066.51,26380.72,474724.44,767420.15,0.0,509200.67,0.0,590579.17,3.39,0.0,0.0,0.0,108757.98,0.0,0.0,0.00,474724.44,26380.72,0.00,468847.72,40352.95
CZ14/RtL&0&cDXGF&Ex&dxAC_equip/NE-dxAC-PkgAC-135to239-Ex-EER-12.0/instance-out.sql,2458755.06,26380.72,456412.99,767420.15,0.0,509200.67,0.0,590579.17,3.39,0.0,0.0,0.0,108757.98,0.0,0.0,0.00,456412.99,26380.72,0.00,468847.72,40352.95
CZ14/RtL&0&cDXGF&Ex&dxAC_equip/NE-dxAC-PkgAC-135to239-Ex-EER-12.5/instance-out.sql,2440905.2399999998,26380.72,438563.17,767420.15,0.0,509200.67,0.0,590579.17,3.39,0.0,0.0,0.0,108757.98,0.0,0.0,0.00,438563.17,26380.72,0.00,468847.72,40352.95
CZ14/RtL&0&cDXGF&Ex&dxAC_equip/NE-dxAC-PkgAC-240to759-Ex-EER-9.8/instance-out.sql,2521398.28,26380.72,519056.2,767420.15,0.0,509200.67,0.0,590579.17,3.39,0.0,0.0,0.0,108757.98,0.0,0.0,0.00,519056.20,26380.72,0.00,468847.72,40352.95
CZ14/RtL&0&cDXGF&Ex&dxAC_equip/NE-dxAC-PkgAC-240to759-Ex-EER-10.8/instance-out.sql,2475947.02,26380.72,473604.95,767420.15,0.0,509200.67,0.0,590579.17,3.39,0.0,0.0,0.0,108757.98,0.0,0.0,0.00,473604.95,26380.72,0.00,468847.72,40352.95
CZ14/RtL&0&cDXGF&Ex&dxAC_equip/NE-dxAC-PkgAC-240to759-Ex-EER-11.5/instance-out.sql,2447670.9,26380.72,445328.83,767420.15,0.0,509200.67,0.0,590579.17,3.39,0.0,0.0,0.0,108757.98,0.0,0.0,0.00,445328.83,26380.72,0.00,468847.72,40352.95
CZ14/RtL&0&cDXGF&Ex&dxAC_equip/NE-dxAC-PkgAC-240to759-Ex-EER-12.5/instance-out.sql,2413355.26,26380.72,411013.19,767420.15,0.0,509200.67,0.0,590579.17,3.39,0.0,0.0,0.0,108757.98,0.0,0.0,0.00,411013.19,26380.72,0.00,468847.72,40352.95
CZ14/RtL&0&cDXGF&Ex&dxAC_equip/NE-dxAC-PkgAC-gt760-Ex-EER-9.5/instance-out.sql,2510817.03,26380.72,508474.96,767420.15,0.0,509200.67,0.0,590579.17,3.39,0.0,0.0,0.0,108757.98,0.0,0.0,0.00,508474.96,26380.72,0.00,468847.72,40352.95
CZ14/RtL&0&cDXGF&Ex&dxAC_equip/NE-dxAC-PkgAC-gt760-Ex-EER-10.2/instance-out.sql,2477066.51,26380.72,474724.44,767420.15,0.0,509200.67,0.0,590579.17,3.39,0.0,0.0,0.0,108757.98,0.0,0.0,0.00,474724.44,26380.72,0.00,468847.72,40352.95
CZ14/RtL&0&cDXGF&Ex&dxAC_equip/NE-dxAC-PkgAC-gt760-Ex-EER-11.0/instance-out.sql,2444744.79,26380.72,442402.72,767420.15,0.0,509200.67,0.0,590579.17,3.39,0.0,0.0,0.0,108757.98,0.0,0.0,0.00,442402.72,26380.72,0.00,468847.72,40352.95
CZ14/RtL&0&cDXGF&Ex&dxAC_equip/NE-dxAC-PkgAC-gt760-Ex-EER-12.0/instance-out.sql,2409247.07,26380.72,406905.0,767420.15,0.0,509200.67,0.0,590579.17,3.39,0.0,0.0,0.0,108757.98,0.0,0.0,0.00,406905.00,26380.72,0.00,468847.72,40352.95
CZ14/RtS&0&cDXGF&Ex&dxAC_equip/NE-dxAC-PkgAC-65to134-Ex-EER-11.0/instance-out.sql,168828.46,4042.79,37696.34,44599.63,0.0,24440.79,0.0,43820.28,3.36,0.0,0.0,0.0,14225.27,0.0,0.0,0.00,37696.34,4042.79,0.00,24440.79,0.00
CZ14/RtS&0&cDXGF&Ex&dxAC_equip/NE-dxAC-PkgAC-65to134-Ex-EER-11.5/instance-out.sql,167215.88,4042.79,36083.76,44599.63,0.0,24440.79,0.0,43820.28,3.36,0.0,0.0,0.0,14225.27,0.0,0.0,0.00,36083.76,4042.79,0.00,24440.79,0.00
CZ14/RtS&0&cDXGF&Ex&dxAC_equip/NE-dxAC-PkgAC-65to134-Ex-EER-12.0/instance-out.sql,165735.72,4042.79,34603.6,44599.63,0.0,24440.79,0.0,43820.28,3.36,0.0,0.0,0.0,14225.27,0.0,0.0,0.00,34603.60,4042.79,0.00,24440.79,0.00
CZ14/RtS&0&cDXGF&Ex&dxAC_equip/NE-dxAC-PkgAC-65to134-Ex-EER-12.5/instance-out.sql,164372.34,4042.79,33240.22,44599.63,0.0,24440.79,0.0,43820.28,3.36,0.0,0.0,0.0,14225.27,0.0,0.0,0.00,33240.22,4042.79,0.00,24440.79,0.00
CZ14/RtS&0&cDXGF&Ex&dxAC_equip/NE-dxAC-PkgAC-65to134-Ex-EER-13.0/instance-out.sql,163041.28,4042.79,31909.16,44599.63,0.0,24440.79,0.0,43820.28,3.36,0.0,0.0,0.0,14225.27,0.0,0.0,0.00,31909.16,4042.79,0.00,24440.79,0.00
CZ14/RtS&0&cDXGF&Ex&dxAC_equip/NE-dxAC-PkgAC-135to239-Ex-EER-10.8/instance-out.sql,168729.62,4042.79,37597.5,44599.63,0.0,24440.79,0.0,43820.28,3.36,0.0,0.0,0.0,14225.27,0.0,0.0,0.00,37597.50,4042.79,0.00,24440.79,0.00
CZ14/RtS&0&cDXGF&Ex&dxAC_equip/NE-dxAC-PkgAC-135to239-Ex-EER-11.5/instance-out.sql,166416.82,4042.79,35284.71,44599.63,0.0,24440.79,0.0,43820.28,3.36,0.0,0.0,0.0,14225.27,0.0,0.0,0.00,35284.71,4042.79,0.00,24440.79,0.00
CZ14/RtS&0&cDXGF&Ex&dxAC_equip/NE-dxAC-PkgAC-135to239-Ex-EER-12.0/instance-out.sql,165000.28,4042.79,33868.16,44599.63,0.0,24440.79,0.0,43820.28,3.36,0.0,0.0,0.0,14225.27,0.0,0.0,0.00,33868.16,4042.79,0.00,24440.79,0.00
CZ14/RtS&0&cDXGF&Ex&dxAC_equip/NE-dxAC-PkgAC-135to239-Ex-EER-12.5/instance-out.sql,163619.44,4042.79,32487.32,44599.63,0.0,24440.79,0.0,43820.28,3.36,0.0,0.0,0.0,14225.27,0.0,0.0,0.00,32487.32,4042.79,0.00,24440.79,0.00
CZ14/RtS&0&cDXGF&Ex&dxAC_equip/NE-dxAC-PkgAC-240to759-Ex-EER-9.8/instance-out.sql,169846.26,4042.79,38714.14,44599.63,0.0,24440.79,0.0,43820.28,3.36,0.0,0.0,0.0,14225.27,0.0,0.0,0.00,38714.14,4042.79,0.00,24440.79,0.00
CZ14/RtS&0&cDXGF&Ex&dxAC_equip/NE-dxAC-PkgAC-240to759-Ex-EER-10.8/instance-out.sql,166330.22,4042.79,35198.1,44599.63,0.0,24440.79,0.0,43820.28,3.36,0.0,0.0,0.0,14225.27,0.0,0.0,0.00,35198.10,4042.79,0.00,24440.79,0.00
CZ14/RtS&0&cDXGF&Ex&dxAC_equip/NE-dxAC-PkgAC-240to759-Ex-EER-11.5/instance-out.sql,164142.82,4042.79,33010.7,44599.63,0.0,24440.79,0.0,43820.28,3.36,0.0,0.0,0.0,14225.27,0.0,0.0,0.00,33010.70,4042.79,0.00,24440.79,0.00
CZ14/RtS&0&cDXGF&Ex&dxAC_equip/NE-dxAC-PkgAC-240to759-Ex-EER-12.5/instance-out.sql,161488.22,4042.79,30356.1,44599.63,0.0,24440.79,0.0,43820.28,3.36,0.0,0.0,0.0,14225.27,0.0,0.0,0.00,30356.10,4042.79,0.00,24440.79,0.00
CZ14/RtS&0&cDXGF&Ex&dxAC_equip/NE-dxAC-PkgAC-gt760-Ex-EER-9.5/instance-out.sql,169027.71,4042.79,37895.59,44599.63,0.0,24440.79,0.0,43820.28,3.36,0.0,0.0,0.0,14225.27,0.0,0.0,0.00,37895.59,4042.79,0.00,24440.79,0.00
CZ14/RtS&0&cDXGF&Ex&dxAC_equip/NE-dxAC-PkgAC-gt760-Ex-EER-10.2/instance-out.sql,166416.82,4042.79,35284.71,44599.63,0.0,24440.79,0.0,43820.28,3.36,0.0,0.0,0.0,14225.27,0.0,0.0,0.00,35284.71,4042.79,0.00,24440.79,0.00
CZ14/RtS&0&cDXGF&Ex&dxAC_equip/NE-dxAC-PkgAC-gt760-Ex-EER-11.0/instance-out.sql,163916.47,4042.79,32784.35,44599.63,0.0,24440.79,0.0,43820.28,3.36,0.0,0.0,0.0,14225.27,0.0,0.0,0.00,32784.35,4042.79,0.00,24440.79,0.00
CZ14/RtS&0&cDXGF&Ex&dxAC_equip/NE-dxAC-PkgAC-gt760-Ex-EER-12.0/instance-out.sql,161170.41999999998,4042.79,30038.3,44599.63,0.0,24440.79,0.0,43820.28,3.36,0.0,0.0,0.0,14225.27,0.0,0.0,0.00,30038.30,4042.79,0.00,24440.79,0.00
CZ14/SCn&0&cDXGF&Ex&dxAC_equip/NE-dxAC-PkgAC-65to134-Ex-EER-11.0/instance-out.sql,4275790.52,448449.39,991071.83,850055.03,0.0,449066.39,0.0,1464166.02,3.36,0.0,0.0,0.0,72978.5,0.0,0.0,0.00,991071.83,448449.39,0.00,449066.39,0.00
CZ14/SCn&0&cDXGF&Ex&dxAC_equip/NE-dxAC-PkgAC-65to134-Ex-EER-11.5/instance-out.sql,4233353.29,448449.39,948634.6,850055.03,0.0,449066.39,0.0,1464166.02,3.36,0.0,0.0,0.0,72978.5,0.0,0.0,0.00,948634.60,448449.39,0.00,449066.39,0.00
CZ14/SCn&0&cDXGF&Ex&dxAC_equip/NE-dxAC-PkgAC-65to134-Ex-EER-12.0/instance-out.sql,4194401.24,448449.39,909682.55,850055.03,0.0,449066.39,0.0,1464166.02,3.36,0.0,0.0,0.0,72978.5,0.0,0.0,0.00,909682.55,448449.39,0.00,449066.39,0.00
CZ14/SCn&0&cDXGF&Ex&dxAC_equip/NE-dxAC-PkgAC-65to134-Ex-EER-12.5/instance-out.sql,4158521.98,448449.39,873803.29,850055.03,0.0,449066.39,0.0,1464166.02,3.36,0.0,0.0,0.0,72978.5,0.0,0.0,0.00,873803.29,448449.39,0.00,449066.39,0.00
CZ14/SCn&0&cDXGF&Ex&dxAC_equip/NE-dxAC-PkgAC-65to134-Ex-EER-13.0/instance-out.sql,4123493.5100000002,448449.39,838774.82,850055.03,0.0,449066.39,0.0,1464166.02,3.36,0.0,0.0,0.0,72978.5,0.0,0.0,0.00,838774.82,448449.39,0.00,449066.39,0.00
CZ14/SCn&0&cDXGF&Ex&dxAC_equip/NE-dxAC-PkgAC-135to239-Ex-EER-10.8/instance-out.sql,4273189.38,448449.39,988470.69,850055.03,0.0,449066.39,0.0,1464166.02,3.36,0.0,0.0,0.0,72978.5,0.0,0.0,0.00,988470.69,448449.39,0.00,449066.39,0.00
CZ14/SCn&0&cDXGF&Ex&dxAC_equip/NE-dxAC-PkgAC-135to239-Ex-EER-11.5/instance-out.sql,4212325.28,448449.39,927606.59,850055.03,0.0,449066.39,0.0,1464166.02,3.36,0.0,0.0,0.0,72978.5,0.0,0.0,0.00,927606.59,448449.39,0.00,449066.39,0.00
CZ14/SCn&0&cDXGF&Ex&dxAC_equip/NE-dxAC-PkgAC-135to239-Ex-EER-12.0/instance-out.sql,4175047.1,448449.39,890328.41,850055.03,0.0,449066.39,0.0,1464166.02,3.36,0.0,0.0,0.0,72978.5,0.0,0.0,0.00,890328.41,448449.39,0.00,449066.39,0.00
CZ14/SCn&0&cDXGF&Ex&dxAC_equip/NE-dxAC-PkgAC-135to239-Ex-EER-12.5/instance-out.sql,4138708.7,448449.39,853990.01,850055.03,0.0,449066.39,0.0,1464166.02,3.36,0.0,0.0,0.0,72978.5,0.0,0.0,0.00,853990.01,448449.39,0.00,449066.39,0.00
CZ14/SCn&0&cDXGF&Ex&dxAC_equip/NE-dxAC-PkgAC-240to759-Ex-EER-9.8/instance-out.sql,4302575.22,448449.39,1017856.53,850055.03,0.0,449066.39,0.0,1464166.02,3.36,0.0,0.0,0.0,72978.5,0.0,0.0,0.00,1017856.53,448449.39,0.00,449066.39,0.00
CZ14/SCn&0&cDXGF&Ex&dxAC_equip/NE-dxAC-PkgAC-240to759-Ex-EER-10.8/instance-out.sql,4210046.24,448449.39,925327.55,850055.03,0.0,449066.39,0.0,1464166.02,3.36,0.0,0.0,0.0,72978.5,0.0,0.0,0.00,925327.55,448449.39,0.00,449066.39,0.00
CZ14/SCn&0&cDXGF&Ex&dxAC_equip/NE-dxAC-PkgAC-240to759-Ex-EER-11.5/instance-out.sql,4152482.12,448449.39,867763.43,850055.03,0.0,449066.39,0.0,1464166.02,3.36,0.0,0.0,0.0,72978.5,0.0,0.0,0.00,867763.43,448449.39,0.00,449066.39,0.00
CZ14/SCn&0&cDXGF&Ex&dxAC_equip/NE-dxAC-PkgAC-240to759-Ex-EER-12.5/instance-out.sql,4082622.85,448449.39,797904.16,850055.03,0.0,449066.39,0.0,1464166.02,3.36,0.0,0.0,0.0,72978.5,0.0,0.0,0.00,797904.16,448449.39,0.00,449066.39,0.00
CZ14/SCn&0&cDXGF&Ex&dxAC_equip/NE-dxAC-PkgAC-gt760-Ex-EER-9.5/instance-out.sql,4281034.09,448449.39,996315.39,850055.03,0.0,449066.39,0.0,1464166.02,3.36,0.0,0.0,0.0,72978.5,0.0,0.0,0.00,996315.39,448449.39,0.00,449066.39,0.00
CZ14/SCn&0&cDXGF&Ex&dxAC_equip/NE-dxAC-PkgAC-gt760-Ex-EER-10.2/instance-out.sql,4212325.28,448449.39,927606.59,850055.03,0.0,449066.39,0.0,1464166.02,3.36,0.0,0.0,0.0,72978.5,0.0,0.0,0.00,927606.59,448449.39,0.00,449066.39,0.00
CZ14/SCn&0&cDXGF&Ex&dxAC_equip/NE-dxAC-PkgAC-gt760-Ex-EER-11.0/instance-out.sql,4146525.2,448449.39,861806.51,850055.03,0.0,449066.39,0.0,1464166.02,3.36,0.0,0.0,0.0,72978.5,0.0,0.0,0.00,861806.51,448449.39,0.00,449066.39,0.00
CZ14/SCn&0&cDXGF&Ex&dxAC_equip/NE-dxAC-PkgAC-gt760-Ex-EER-12.0/instance-out.sql,4074259.47,448449.39,789540.78,850055.03,0.0,449066.39,0.0,1464166.02,3.36,0.0,0.0,0.0,72978.5,0.0,0.0,0.00,789540.78,448449.39,0.00,449066.39,0.00

File Name,Electricity (kWh),Natural Gas (kWh)
CZ13/Asm&0&cDXGF&Ex&dxAC_equip/NE-dxAC-PkgAC-65to134-Ex-EER-11.0/instance-out.sql,753713.88,187139.83
CZ13/Asm&0&cDXGF&Ex&dxAC_equip/NE-dxAC-PkgAC-65to134-Ex-EER-11.5/instance-out.sql,744445.69,187139.83
CZ13/Asm&0&cDXGF&Ex&dxAC_equip/NE-dxAC-PkgAC-65to134-Ex-EER-12.0/instance-out.sql,735938.65,187139.83
CZ13/Asm&0&cDXGF&Ex&dxAC_equip/NE-dxAC-PkgAC-65to134-Ex-EER-12.5/instance-out.sql,728102.71,187139.83
CZ13/Asm&0&cDXGF&Ex&dxAC_equip/NE-dxAC-PkgAC-65to134-Ex-EER-13.0/instance-out.sql,720452.58,187139.83
CZ13/Asm&0&cDXGF&Ex&dxAC_equip/NE-dxAC-PkgAC-135to239-Ex-EER-10.8/instance-out.sql,753145.80,187139.83
CZ13/Asm&0&cDXGF&Ex&dxAC_equip/NE-dxAC-PkgAC-135to239-Ex-EER-11.5/instance-out.sql,739853.22,187139.83
CZ13/Asm&0&cDXGF&Ex&dxAC_equip/NE-dxAC-PkgAC-135to239-Ex-EER-12.0/instance-out.sql,731711.76,187139.83
CZ13/Asm&0&cDXGF&Ex&dxAC_equip/NE-dxAC-PkgAC-135to239-Ex-EER-12.5/instance-out.sql,723775.54,187139.83
CZ13/Asm&0&cDXGF&Ex&dxAC_equip/NE-dxAC-PkgAC-240to759-Ex-EER-9.8/instance-out.sql,759563.60,187139.83
CZ13/Asm&0&cDXGF&Ex&dxAC_equip/NE-dxAC-PkgAC-240to759-Ex-EER-10.8/instance-out.sql,739355.49,187139.83
CZ13/Asm&0&cDXGF&Ex&dxAC_equip/NE-dxAC-PkgAC-240to759-Ex-EER-11.5/instance-out.sql,726783.62,187139.83
CZ13/Asm&0&cDXGF&Ex&dxAC_equip/NE-dxAC-PkgAC-240to759-Ex-EER-12.5/instance-out.sql,711526.52,187139.83
CZ13/Asm&0&cDXGF&Ex&dxAC_equip/NE-dxAC-PkgAC-gt760-Ex-EER-9.5/instance-out.sql,754859.06,187139.83
CZ13/Asm&0&cDXGF&Ex&dxAC_equip/NE-dxAC-PkgAC-gt760-Ex-EER-10.2/instance-out.sql,739853.22,187139.83
CZ13/Asm&0&cDXGF&Ex&dxAC_equip/NE-dxAC-PkgAC-gt760-Ex-EER-11.0/instance-out.sql,725482.64,187139.83
CZ13/Asm&0&cDXGF&Ex&dxAC_equip/NE-dxAC-PkgAC-gt760-Ex-EER-12.0/instance-out.sql,709699.98,187139.83
CZ13/ECC&0&cDXGF&Ex&dxAC_equip/NE-dxAC-PkgAC-65to134-Ex-EER-11.0/instance-out.sql,2444645.35,525864.65
CZ13/ECC&0&cDXGF&Ex&dxAC_equip/NE-dxAC-PkgAC-65to134-Ex-EER-11.5/instance-out.sql,2427439.45,525864.65
CZ13/ECC&0&cDXGF&Ex&dxAC_equip/NE-dxAC-PkgAC-65to134-Ex-EER-12.0/instance-out.sql,2411646.60,525864.65
CZ13/ECC&0&cDXGF&Ex&dxAC_equip/NE-dxAC-PkgAC-65to134-Ex-EER-12.5/instance-out.sql,2397099.59,525864.65
CZ13/ECC&0&cDXGF&Ex&dxAC_equip/NE-dxAC-PkgAC-65to134-Ex-EER-13.0/instance-out.sql,2382897.52,525864.65
CZ13/ECC&0&cDXGF&Ex&dxAC_equip/NE-dxAC-PkgAC-135to239-Ex-EER-10.8/instance-out.sql,2443590.74,525864.65
CZ13/ECC&0&cDXGF&Ex&dxAC_equip/NE-dxAC-PkgAC-135to239-Ex-EER-11.5/instance-out.sql,2418913.78,525864.65
CZ13/ECC&0&cDXGF&Ex&dxAC_equip/NE-dxAC-PkgAC-135to239-Ex-EER-12.0/instance-out.sql,2403799.59,525864.65
CZ13/ECC&0&cDXGF&Ex&dxAC_equip/NE-dxAC-PkgAC-135to239-Ex-EER-12.5/instance-out.sql,2389066.42,525864.65
CZ13/ECC&0&cDXGF&Ex&dxAC_equip/NE-dxAC-PkgAC-240to759-Ex-EER-9.8/instance-out.sql,2455505.04,525864.65
CZ13/ECC&0&cDXGF&Ex&dxAC_equip/NE-dxAC-PkgAC-240to759-Ex-EER-10.8/instance-out.sql,2417989.76,525864.65
CZ13/ECC&0&cDXGF&Ex&dxAC_equip/NE-dxAC-PkgAC-240to759-Ex-EER-11.5/instance-out.sql,2394650.77,525864.65
CZ13/ECC&0&cDXGF&Ex&dxAC_equip/NE-dxAC-PkgAC-240to759-Ex-EER-12.5/instance-out.sql,2366326.78,525864.65
CZ13/ECC&0&cDXGF&Ex&dxAC_equip/NE-dxAC-PkgAC-gt760-Ex-EER-9.5/instance-out.sql,2446771.32,525864.65
CZ13/ECC&0&cDXGF&Ex&dxAC_equip/NE-dxAC-PkgAC-gt760-Ex-EER-10.2/instance-out.sql,2418913.78,525864.65
CZ13/ECC&0&cDXGF&Ex&dxAC_equip/NE-dxAC-PkgAC-gt760-Ex-EER-11.0/instance-out.sql,2392235.57,525864.65
CZ13/ECC&0&cDXGF&Ex&dxAC_equip/NE-dxAC-PkgAC-gt760-Ex-EER-12.0/instance-out.sql,2362935.90,525864.65
CZ13/EPr&0&cDXGF&Ex&dxAC_equip/NE-dxAC-PkgAC-65to134-Ex-EER-11.0/instance-out.sql,326801.90,139963.14
CZ13/EPr&0&cDXGF&Ex&dxAC_equip/NE-dxAC-PkgAC-65to134-Ex-EER-11.5/instance-out.sql,323883.71,139963.14
CZ13/EPr&0&cDXGF&Ex&dxAC_equip/NE-dxAC-PkgAC-65to134-Ex-EER-12.0/instance-out.sql,321205.17,139963.14
CZ13/EPr&0&cDXGF&Ex&dxAC_equip/NE-dxAC-PkgAC-65to134-Ex-EER-12.5/instance-out.sql,318737.93,139963.14
CZ13/EPr&0&cDXGF&Ex&dxAC_equip/NE-dxAC-PkgAC-65to134-Ex-EER-13.0/instance-out.sql,316329.20,139963.14
CZ13/EPr&0&cDXGF&Ex&dxAC_equip/NE-dxAC-PkgAC-135to239-Ex-EER-10.8/instance-out.sql,326623.04,139963.14
CZ13/EPr&0&cDXGF&Ex&dxAC_equip/NE-dxAC-PkgAC-135to239-Ex-EER-11.5/instance-out.sql,322437.71,139963.14
CZ13/EPr&0&cDXGF&Ex&dxAC_equip/NE-dxAC-PkgAC-135to239-Ex-EER-12.0/instance-out.sql,319874.28,139963.14
CZ13/EPr&0&cDXGF&Ex&dxAC_equip/NE-dxAC-PkgAC-135to239-Ex-EER-12.5/instance-out.sql,317375.47,139963.14
CZ13/EPr&0&cDXGF&Ex&dxAC_equip/NE-dxAC-PkgAC-240to759-Ex-EER-9.8/instance-out.sql,328643.75,139963.14
CZ13/EPr&0&cDXGF&Ex&dxAC_equip/NE-dxAC-PkgAC-240to759-Ex-EER-10.8/instance-out.sql,322281.00,139963.14
CZ13/EPr&0&cDXGF&Ex&dxAC_equip/NE-dxAC-PkgAC-240to759-Ex-EER-11.5/instance-out.sql,318322.60,139963.14
CZ13/EPr&0&cDXGF&Ex&dxAC_equip/NE-dxAC-PkgAC-240to759-Ex-EER-12.5/instance-out.sql,313518.73,139963.14
CZ13/EPr&0&cDXGF&Ex&dxAC_equip/NE-dxAC-PkgAC-gt760-Ex-EER-9.5/instance-out.sql,327162.48,139963.14
CZ13/EPr&0&cDXGF&Ex&dxAC_equip/NE-dxAC-PkgAC-gt760-Ex-EER-10.2/instance-out.sql,322437.71,139963.14
CZ13/EPr&0&cDXGF&Ex&dxAC_equip/NE-dxAC-PkgAC-gt760-Ex-EER-11.0/instance-out.sql,317912.97,139963.14
CZ13/EPr&0&cDXGF&Ex&dxAC_equip/NE-dxAC-PkgAC-gt760-Ex-EER-12.0/instance-out.sql,312943.62,139963.14
CZ13/ERC&0&cDXGF&Ex&dxAC_equip/NE-dxAC-PkgAC-65to134-Ex-EER-11.0/instance-out.sql,12676.09,10198.81
CZ13/ERC&0&cDXGF&Ex&dxAC_equip/NE-dxAC-PkgAC-65to134-Ex-EER-11.5/instance-out.sql,12536.36,10198.81
CZ13/ERC&0&cDXGF&Ex&dxAC_equip/NE-dxAC-PkgAC-65to134-Ex-EER-12.0/instance-out.sql,12408.11,10198.81
CZ13/ERC&0&cDXGF&Ex&dxAC_equip/NE-dxAC-PkgAC-65to134-Ex-EER-12.5/instance-out.sql,12289.98,10198.81
CZ13/ERC&0&cDXGF&Ex&dxAC_equip/NE-dxAC-PkgAC-65to134-Ex-EER-13.0/instance-out.sql,12174.65,10198.81
CZ13/ERC&0&cDXGF&Ex&dxAC_equip/NE-dxAC-PkgAC-135to239-Ex-EER-10.8/instance-out.sql,12667.53,10198.81
CZ13/ERC&0&cDXGF&Ex&dxAC_equip/NE-dxAC-PkgAC-135to239-Ex-EER-11.5/instance-out.sql,12467.13,10198.81
CZ13/ERC&0&cDXGF&Ex&dxAC_equip/NE-dxAC-PkgAC-135to239-Ex-EER-12.0/instance-out.sql,12344.39,10198.81
CZ13/ERC&0&cDXGF&Ex&dxAC_equip/NE-dxAC-PkgAC-135to239-Ex-EER-12.5/instance-out.sql,12224.74,10198.81
CZ13/ERC&0&cDXGF&Ex&dxAC_equip/NE-dxAC-PkgAC-240to759-Ex-EER-9.8/instance-out.sql,12764.28,10198.81
CZ13/ERC&0&cDXGF&Ex&dxAC_equip/NE-dxAC-PkgAC-240to759-Ex-EER-10.8/instance-out.sql,12459.62,10198.81
CZ13/ERC&0&cDXGF&Ex&dxAC_equip/NE-dxAC-PkgAC-240to759-Ex-EER-11.5/instance-out.sql,12270.09,10198.81
CZ13/ERC&0&cDXGF&Ex&dxAC_equip/NE-dxAC-PkgAC-240to759-Ex-EER-12.5/instance-out.sql,12040.08,10198.81
CZ13/ERC&0&cDXGF&Ex&dxAC_equip/NE-dxAC-PkgAC-gt760-Ex-EER-9.5/instance-out.sql,12693.35,10198.81
CZ13/ERC&0&cDXGF&Ex&dxAC_equip/NE-dxAC-PkgAC-gt760-Ex-EER-10.2/instance-out.sql,12467.13,10198.81
CZ13/ERC&0&cDXGF&Ex&dxAC_equip/NE-dxAC-PkgAC-gt760-Ex-EER-11.0/instance-out.sql,12250.48,10198.81
CZ13/ERC&0&cDXGF&Ex&dxAC_equip/NE-dxAC-PkgAC-gt760-Ex-EER-12.0/instance-out.sql,12012.54,10198.81
CZ13/ESe&0&cDXGF&Ex&dxAC_equip/NE-dxAC-PkgAC-65to134-Ex-EER-11.0/instance-out.sql,953636.82,382848.93
CZ13/ESe&0&cDXGF&Ex&dxAC_equip/NE-dxAC-PkgAC-65to134-Ex-EER-11.5/instance-out.sql,950515.97,382848.93
CZ13/ESe&0&cDXGF&Ex&dxAC_equip/NE-dxAC-PkgAC-65to134-Ex-EER-12.0/instance-out.sql,947651.42,382848.93
CZ13/ESe&0&cDXGF&Ex&dxAC_equip/NE-dxAC-PkgAC-65to134-Ex-EER-12.5/instance-out.sql,945012.85,382848.93
CZ13/ESe&0&cDXGF&Ex&dxAC_equip/NE-dxAC-PkgAC-65to134-Ex-EER-13.0/instance-out.sql,942436.85,382848.93
CZ13/ESe&0&cDXGF&Ex&dxAC_equip/NE-dxAC-PkgAC-135to239-Ex-EER-10.8/instance-out.sql,953445.53,382848.93
CZ13/ESe&0&cDXGF&Ex&dxAC_equip/NE-dxAC-PkgAC-135to239-Ex-EER-11.5/instance-out.sql,948969.56,382848.93
CZ13/ESe&0&cDXGF&Ex&dxAC_equip/NE-dxAC-PkgAC-135to239-Ex-EER-12.0/instance-out.sql,946228.11,382848.93
CZ13/ESe&0&cDXGF&Ex&dxAC_equip/NE-dxAC-PkgAC-135to239-Ex-EER-12.5/instance-out.sql,943555.78,382848.93
CZ13/ESe&0&cDXGF&Ex&dxAC_equip/NE-dxAC-PkgAC-240to759-Ex-EER-9.8/instance-out.sql,955606.57,382848.93
CZ13/ESe&0&cDXGF&Ex&dxAC_equip/NE-dxAC-PkgAC-240to759-Ex-EER-10.8/instance-out.sql,948801.96,382848.93
CZ13/ESe&0&cDXGF&Ex&dxAC_equip/NE-dxAC-PkgAC-240to759-Ex-EER-11.5/instance-out.sql,944568.68,382848.93
CZ13/ESe&0&cDXGF&Ex&dxAC_equip/NE-dxAC-PkgAC-240to759-Ex-EER-12.5/instance-out.sql,939431.20,382848.93
CZ13/ESe&0&cDXGF&Ex&dxAC_equip/NE-dxAC-PkgAC-gt760-Ex-EER-9.5/instance-out.sql,954022.43,382848.93
CZ13/ESe&0&cDXGF&Ex&dxAC_equip/NE-dxAC-PkgAC-gt760-Ex-EER-10.2/instance-out.sql,948969.56,382848.93
CZ13/ESe&0&cDXGF&Ex&dxAC_equip/NE-dxAC-PkgAC-gt760-Ex-EER-11.0/instance-out.sql,944130.60,382848.93
CZ13/ESe&0&cDXGF&Ex&dxAC_equip/NE-dxAC-PkgAC-gt760-Ex-EER-12.0/instance-out.sql,938816.16,382848.93
CZ13/EUn&0&cDXGF&Ex&dxAC_equip/NE-dxAC-PkgAC-65to134-Ex-EER-11.0/instance-out.sql,8333178.28,975387.98
CZ13/EUn&0&cDXGF&Ex&dxAC_equip/NE-dxAC-PkgAC-65to134-Ex-EER-11.5/instance-out.sql,8287557.79,975387.98
CZ13/EUn&0&cDXGF&Ex&dxAC_equip/NE-dxAC-PkgAC-65to134-Ex-EER-12.0/instance-out.sql,8245683.90,975387.98
CZ13/EUn&0&cDXGF&Ex&dxAC_equip/NE-dxAC-PkgAC-65to134-Ex-EER-12.5/instance-out.sql,8207113.30,975387.98
CZ13/EUn&0&cDXGF&Ex&dxAC_equip/NE-dxAC-PkgAC-65to134-Ex-EER-13.0/instance-out.sql,8169457.31,975387.98
CZ13/EUn&0&cDXGF&Ex&dxAC_equip/NE-dxAC-PkgAC-135to239-Ex-EER-10.8/instance-out.sql,8330382.03,975387.98
CZ13/EUn&0&cDXGF&Ex&dxAC_equip/NE-dxAC-PkgAC-135to239-Ex-EER-11.5/instance-out.sql,8264952.44,975387.98
CZ13/EUn&0&cDXGF&Ex&dxAC_equip/NE-dxAC-PkgAC-135to239-Ex-EER-12.0/instance-out.sql,8224877.98,975387.98
CZ13/EUn&0&cDXGF&Ex&dxAC_equip/NE-dxAC-PkgAC-135to239-Ex-EER-12.5/instance-out.sql,8185813.80,975387.98
CZ13/EUn&0&cDXGF&Ex&dxAC_equip/NE-dxAC-PkgAC-240to759-Ex-EER-9.8/instance-out.sql,8361972.14,975387.98
CZ13/EUn&0&cDXGF&Ex&dxAC_equip/NE-dxAC-PkgAC-240to759-Ex-EER-10.8/instance-out.sql,8262502.45,975387.98
CZ13/EUn&0&cDXGF&Ex&dxAC_equip/NE-dxAC-PkgAC-240to759-Ex-EER-11.5/instance-out.sql,8200620.39,975387.98
CZ13/EUn&0&cDXGF&Ex&dxAC_equip/NE-dxAC-PkgAC-240to759-Ex-EER-12.5/instance-out.sql,8125520.89,975387.98
CZ13/EUn&0&cDXGF&Ex&dxAC_equip/NE-dxAC-PkgAC-gt760-Ex-EER-9.5/instance-out.sql,8338815.17,975387.98
CZ13/EUn&0&cDXGF&Ex&dxAC_equip/NE-dxAC-PkgAC-gt760-Ex-EER-10.2/instance-out.sql,8264952.44,975387.98
CZ13/EUn&0&cDXGF&Ex&dxAC_equip/NE-dxAC-PkgAC-gt760-Ex-EER-11.0/instance-out.sql,8194216.62,975387.98
CZ13/EUn&0&cDXGF&Ex&dxAC_equip/NE-dxAC-PkgAC-gt760-Ex-EER-12.0/instance-out.sql,8116530.16,975387.98
CZ13/Gro&0&cDXGF&Ex&dxAC_equip/NE-dxAC-PkgAC-65to134-Ex-EER-11.0/instance-out.sql,1909613.48,171988.69
CZ13/Gro&0&cDXGF&Ex&dxAC_equip/NE-dxAC-PkgAC-65to134-Ex-EER-11.5/instance-out.sql,1905193.47,171988.69
CZ13/Gro&0&cDXGF&Ex&dxAC_equip/NE-dxAC-PkgAC-65to134-Ex-EER-12.0/instance-out.sql,1901136.47,171988.69
CZ13/Gro&0&cDXGF&Ex&dxAC_equip/NE-dxAC-PkgAC-65to134-Ex-EER-12.5/instance-out.sql,1897399.51,171988.69
CZ13/Gro&0&cDXGF&Ex&dxAC_equip/NE-dxAC-PkgAC-65to134-Ex-EER-13.0/instance-out.sql,1893751.16,171988.69
CZ13/Gro&0&cDXGF&Ex&dxAC_equip/NE-dxAC-PkgAC-135to239-Ex-EER-10.8/instance-out.sql,1909342.56,171988.69
CZ13/Gro&0&cDXGF&Ex&dxAC_equip/NE-dxAC-PkgAC-135to239-Ex-EER-11.5/instance-out.sql,1903003.33,171988.69
CZ13/Gro&0&cDXGF&Ex&dxAC_equip/NE-dxAC-PkgAC-135to239-Ex-EER-12.0/instance-out.sql,1899120.66,171988.69
CZ13/Gro&0&cDXGF&Ex&dxAC_equip/NE-dxAC-PkgAC-135to239-Ex-EER-12.5/instance-out.sql,1895335.88,171988.69
CZ13/Gro&0&cDXGF&Ex&dxAC_equip/NE-dxAC-PkgAC-240to759-Ex-EER-9.8/instance-out.sql,1912403.21,171988.69
CZ13/Gro&0&cDXGF&Ex&dxAC_equip/NE-dxAC-PkgAC-240to759-Ex-EER-10.8/instance-out.sql,1902765.96,171988.69
CZ13/Gro&0&cDXGF&Ex&dxAC_equip/NE-dxAC-PkgAC-240to759-Ex-EER-11.5/instance-out.sql,1896770.43,171988.69
CZ13/Gro&0&cDXGF&Ex&dxAC_equip/NE-dxAC-PkgAC-240to759-Ex-EER-12.5/instance-out.sql,1889494.32,171988.69
CZ13/Gro&0&cDXGF&Ex&dxAC_equip/NE-dxAC-PkgAC-gt760-Ex-EER-9.5/instance-out.sql,1910159.61,171988.69
CZ13/Gro&0&cDXGF&Ex&dxAC_equip/NE-dxAC-PkgAC-gt760-Ex-EER-10.2/instance-out.sql,1903003.33,171988.69
CZ13/Gro&0&cDXGF&Ex&dxAC_equip/NE-dxAC-PkgAC-gt760-Ex-EER-11.0/instance-out.sql,1896149.99,171988.69
CZ13/Gro&0&cDXGF&Ex&dxAC_equip/NE-dxAC-PkgAC-gt760-Ex-EER-12.0/instance-out.sql,1888623.24,171988.69
CZ13/Hsp&0&cDXGF&Ex&dxAC_equip/NE-dxAC-PkgAC-65to134-Ex-EER-11.0/instance-out.sql,3817014.81,547039.39
CZ13/Hsp&0&cDXGF&Ex&dxAC_equip/NE-dxAC-PkgAC-65to134-Ex-EER-11.5/instance-out.sql,3809846.66,547039.39
CZ13/Hsp&0&cDXGF&Ex&dxAC_equip/NE-dxAC-PkgAC-65to134-Ex-EER-12.0/instance-out.sql,3803267.20,547039.39
CZ13/Hsp&0&cDXGF&Ex&dxAC_equip/NE-dxAC-PkgAC-65to134-Ex-EER-12.5/instance-out.sql,3797206.77,547039.39
CZ13/Hsp&0&cDXGF&Ex&dxAC_equip/NE-dxAC-PkgAC-65to134-Ex-EER-13.0/instance-out.sql,3791290.05,547039.39
CZ13/Hsp&0&cDXGF&Ex&dxAC_equip/NE-dxAC-PkgAC-135to239-Ex-EER-10.8/instance-out.sql,3816575.45,547039.39
CZ13/Hsp&0&cDXGF&Ex&dxAC_equip/NE-dxAC-PkgAC-135to239-Ex-EER-11.5/instance-out.sql,3806294.78,547039.39
CZ13/Hsp&0&cDXGF&Ex&dxAC_equip/NE-dxAC-PkgAC-135to239-Ex-EER-12.0/instance-out.sql,3799998.06,547039.39
CZ13/Hsp&0&cDXGF&Ex&dxAC_equip/NE-dxAC-PkgAC-135to239-Ex-EER-12.5/instance-out.sql,3793860.07,547039.39
CZ13/Hsp&0&cDXGF&Ex&dxAC_equip/NE-dxAC-PkgAC-240to759-Ex-EER-9.8/instance-out.sql,3821539.07,547039.39
CZ13/Hsp&0&cDXGF&Ex&dxAC_equip/NE-dxAC-PkgAC-240to759-Ex-EER-10.8/instance-out.sql,3805909.83,547039.39
CZ13/Hsp&0&cDXGF&Ex&dxAC_equip/NE-dxAC-PkgAC-240to759-Ex-EER-11.5/instance-out.sql,3796186.57,547039.39
CZ13/Hsp&0&cDXGF&Ex&dxAC_equip/NE-dxAC-PkgAC-240to759-Ex-EER-12.5/instance-out.sql,3784386.51,547039.39
CZ13/Hsp&0&cDXGF&Ex&dxAC_equip/NE-dxAC-PkgAC-gt760-Ex-EER-9.5/instance-out.sql,3817900.51,547039.39
CZ13/Hsp&0&cDXGF&Ex&dxAC_equip/NE-dxAC-PkgAC-gt760-Ex-EER-10.2/instance-out.sql,3806294.78,547039.39
CZ13/Hsp&0&cDXGF&Ex&dxAC_equip/NE-dxAC-PkgAC-gt760-Ex-EER-11.0/instance-out.sql,3795180.37,547039.39
CZ13/Hsp&0&cDXGF&Ex&dxAC_equip/NE-dxAC-PkgAC-gt760-Ex-EER-12.0/instance-out.sql,3782973.84,547039.39
CZ13/MBT&0&cDXGF&Ex&dxAC_equip/NE-dxAC-PkgAC-65to134-Ex-EER-11.0/instance-out.sql,3947218.73,2803646.14
CZ13/MBT&0&cDXGF&Ex&dxAC_equip/NE-dxAC-PkgAC-65to134-Ex-EER-11.5/instance-out.sql,3937641.10,2803646.14
CZ13/MBT&0&cDXGF&Ex&dxAC_equip/NE-dxAC-PkgAC-65to134-Ex-EER-12.0/instance-out.sql,3928850.04,2803646.14
CZ13/MBT&0&cDXGF&Ex&dxAC_equip/NE-dxAC-PkgAC-65to134-Ex-EER-12.5/instance-out.sql,3920752.47,2803646.14
CZ13/MBT&0&cDXGF&Ex&dxAC_equip/NE-dxAC-PkgAC-65to134-Ex-EER-13.0/instance-out.sql,3912846.93,2803646.14
CZ13/MBT&0&cDXGF&Ex&dxAC_equip/NE-dxAC-PkgAC-135to239-Ex-EER-10.8/instance-out.sql,3946631.68,2803646.14
CZ13/MBT&0&cDXGF&Ex&dxAC_equip/NE-dxAC-PkgAC-135to239-Ex-EER-11.5/instance-out.sql,3932895.30,2803646.14
CZ13/MBT&0&cDXGF&Ex&dxAC_equip/NE-dxAC-PkgAC-135to239-Ex-EER-12.0/instance-out.sql,3924482.02,2803646.14
CZ13/MBT&0&cDXGF&Ex&dxAC_equip/NE-dxAC-PkgAC-135to239-Ex-EER-12.5/instance-out.sql,3916280.83,2803646.14
CZ13/MBT&0&cDXGF&Ex&dxAC_equip/NE-dxAC-PkgAC-240to759-Ex-EER-9.8/instance-out.sql,3953263.75,2803646.14
CZ13/MBT&0&cDXGF&Ex&dxAC_equip/NE-dxAC-PkgAC-240to759-Ex-EER-10.8/instance-out.sql,3932380.95,2803646.14
CZ13/MBT&0&cDXGF&Ex&dxAC_equip/NE-dxAC-PkgAC-240to759-Ex-EER-11.5/instance-out.sql,3919389.34,2803646.14
CZ13/MBT&0&cDXGF&Ex&dxAC_equip/NE-dxAC-PkgAC-240to759-Ex-EER-12.5/instance-out.sql,3903622.86,2803646.14
CZ13/MBT&0&cDXGF&Ex&dxAC_equip/NE-dxAC-PkgAC-gt760-Ex-EER-9.5/instance-out.sql,3948402.14,2803646.14
CZ13/MBT&0&cDXGF&Ex&dxAC_equip/NE-dxAC-PkgAC-gt760-Ex-EER-10.2/instance-out.sql,3932895.30,2803646.14
CZ13/MBT&0&cDXGF&Ex&dxAC_equip/NE-dxAC-PkgAC-gt760-Ex-EER-11.0/instance-out.sql,3918044.93,2803646.14
CZ13/MBT&0&cDXGF&Ex&dxAC_equip/NE-dxAC-PkgAC-gt760-Ex-EER-12.0/instance-out.sql,3901735.33,2803646.14
CZ13/MLI&0&cDXGF&Ex&dxAC_equip/NE-dxAC-PkgAC-65to134-Ex-EER-11.0/instance-out.sql,1116976.83,145347.76
CZ13/MLI&0&cDXGF&Ex&dxAC_equip/NE-dxAC-PkgAC-65to134-Ex-EER-11.5/instance-out.sql,1107628.29,145347.76
CZ13/MLI&0&cDXGF&Ex&dxAC_equip/NE-dxAC-PkgAC-65to134-Ex-EER-12.0/instance-out.sql,1099047.51,145347.76
CZ13/MLI&0&cDXGF&Ex&dxAC_equip/NE-dxAC-PkgAC-65to134-Ex-EER-12.5/instance-out.sql,1091143.63,145347.76
CZ13/MLI&0&cDXGF&Ex&dxAC_equip/NE-dxAC-PkgAC-65to134-Ex-EER-13.0/instance-out.sql,1083427.17,145347.76
CZ13/MLI&0&cDXGF&Ex&dxAC_equip/NE-dxAC-PkgAC-135to239-Ex-EER-10.8/instance-out.sql,1116403.82,145347.76
CZ13/MLI&0&cDXGF&Ex&dxAC_equip/NE-dxAC-PkgAC-135to239-Ex-EER-11.5/instance-out.sql,1102996.01,145347.76
CZ13/MLI&0&cDXGF&Ex&dxAC_equip/NE-dxAC-PkgAC-135to239-Ex-EER-12.0/instance-out.sql,1094783.96,145347.76
CZ13/MLI&0&cDXGF&Ex&dxAC_equip/NE-dxAC-PkgAC-135to239-Ex-EER-12.5/instance-out.sql,1086778.94,145347.76
CZ13/MLI&0&cDXGF&Ex&dxAC_equip/NE-dxAC-PkgAC-240to759-Ex-EER-9.8/instance-out.sql,1122877.26,145347.76
CZ13/MLI&0&cDXGF&Ex&dxAC_equip/NE-dxAC-PkgAC-240to759-Ex-EER-10.8/instance-out.sql,1102493.96,145347.76
CZ13/MLI&0&cDXGF&Ex&dxAC_equip/NE-dxAC-PkgAC-240to759-Ex-EER-11.5/instance-out.sql,1089813.10,145347.76
CZ13/MLI&0&cDXGF&Ex&dxAC_equip/NE-dxAC-PkgAC-240to759-Ex-EER-12.5/instance-out.sql,1074423.73,145347.76
CZ13/MLI&0&cDXGF&Ex&dxAC_equip/NE-dxAC-PkgAC-gt760-Ex-EER-9.5/instance-out.sql,1118131.94,145347.76
CZ13/MLI&0&cDXGF&Ex&dxAC_equip/NE-dxAC-PkgAC-gt760-Ex-EER-10.2/instance-out.sql,1102996.01,145347.76
CZ13/MLI&0&cDXGF&Ex&dxAC_equip/NE-dxAC-PkgAC-gt760-Ex-EER-11.0/instance-out.sql,1088500.85,145347.76
CZ13/MLI&0&cDXGF&Ex&dxAC_equip/NE-dxAC-PkgAC-gt760-Ex-EER-12.0/instance-out.sql,1072581.36,145347.76
CZ13/Mtl&0&cDXGF&Ex&dxAC_equip/NE-dxAC-PkgAC-65to134-Ex-EER-11.0/instance-out.sql,189443.92,25149.17
CZ13/Mtl&0&cDXGF&Ex&dxAC_equip/NE-dxAC-PkgAC-65to134-Ex-EER-11.5/instance-out.sql,187671.87,25149.17
CZ13/Mtl&0&cDXGF&Ex&dxAC_equip/NE-dxAC-PkgAC-65to134-Ex-EER-12.0/instance-out.sql,186045.35,25149.17
CZ13/Mtl&0&cDXGF&Ex&dxAC_equip/NE-dxAC-PkgAC-65to134-Ex-EER-12.5/instance-out.sql,184547.14,25149.17
CZ13/Mtl&0&cDXGF&Ex&dxAC_equip/NE-dxAC-PkgAC-65to134-Ex-EER-13.0/instance-out.sql,183084.45,25149.17
CZ13/Mtl&0&cDXGF&Ex&dxAC_equip/NE-dxAC-PkgAC-135to239-Ex-EER-10.8/instance-out.sql,189335.31,25149.17
CZ13/Mtl&0&cDXGF&Ex&dxAC_equip/NE-dxAC-PkgAC-135to239-Ex-EER-11.5/instance-out.sql,186793.80,25149.17
CZ13/Mtl&0&cDXGF&Ex&dxAC_equip/NE-dxAC-PkgAC-135to239-Ex-EER-12.0/instance-out.sql,185237.18,25149.17
CZ13/Mtl&0&cDXGF&Ex&dxAC_equip/NE-dxAC-PkgAC-135to239-Ex-EER-12.5/instance-out.sql,183719.79,25149.17
CZ13/Mtl&0&cDXGF&Ex&dxAC_equip/NE-dxAC-PkgAC-240to759-Ex-EER-9.8/instance-out.sql,190562.37,25149.17
CZ13/Mtl&0&cDXGF&Ex&dxAC_equip/NE-dxAC-PkgAC-240to759-Ex-EER-10.8/instance-out.sql,186698.64,25149.17
CZ13/Mtl&0&cDXGF&Ex&dxAC_equip/NE-dxAC-PkgAC-240to759-Ex-EER-11.5/instance-out.sql,184294.93,25149.17
CZ13/Mtl&0&cDXGF&Ex&dxAC_equip/NE-dxAC-PkgAC-240to759-Ex-EER-12.5/instance-out.sql,181377.81,25149.17
CZ13/Mtl&0&cDXGF&Ex&dxAC_equip/NE-dxAC-PkgAC-gt760-Ex-EER-9.5/instance-out.sql,189662.88,25149.17
CZ13/Mtl&0&cDXGF&Ex&dxAC_equip/NE-dxAC-PkgAC-gt760-Ex-EER-10.2/instance-out.sql,186793.80,25149.17
CZ13/Mtl&0&cDXGF&Ex&dxAC_equip/NE-dxAC-PkgAC-gt760-Ex-EER-11.0/instance-out.sql,184046.19,25149.17
CZ13/Mtl&0&cDXGF&Ex&dxAC_equip/NE-dxAC-PkgAC-gt760-Ex-EER-12.0/instance-out.sql,181028.58,25149.17
CZ13/Nrs&0&cDXGF&Ex&dxAC_equip/NE-dxAC-PkgAC-65to134-Ex-EER-11.0/instance-out.sql,861823.05,245912.09
CZ13/Nrs&0&cDXGF&Ex&dxAC_equip/NE-dxAC-PkgAC-65to134-Ex-EER-11.5/instance-out.sql,858611.67,245912.09
CZ13/Nrs&0&cDXGF&Ex&dxAC_equip/NE-dxAC-PkgAC-65to134-Ex-EER-12.0/instance-out.sql,855664.02,245912.09
CZ13/Nrs&0&cDXGF&Ex&dxAC_equip/NE-dxAC-PkgAC-65to134-Ex-EER-12.5/instance-out.sql,852948.89,245912.09
CZ13/Nrs&0&cDXGF&Ex&dxAC_equip/NE-dxAC-PkgAC-65to134-Ex-EER-13.0/instance-out.sql,850298.16,245912.09
CZ13/Nrs&0&cDXGF&Ex&dxAC_equip/NE-dxAC-PkgAC-135to239-Ex-EER-10.8/instance-out.sql,861626.21,245912.09
CZ13/Nrs&0&cDXGF&Ex&dxAC_equip/NE-dxAC-PkgAC-135to239-Ex-EER-11.5/instance-out.sql,857020.40,245912.09
CZ13/Nrs&0&cDXGF&Ex&dxAC_equip/NE-dxAC-PkgAC-135to239-Ex-EER-12.0/instance-out.sql,854199.41,245912.09
CZ13/Nrs&0&cDXGF&Ex&dxAC_equip/NE-dxAC-PkgAC-135to239-Ex-EER-12.5/instance-out.sql,851449.55,245912.09
CZ13/Nrs&0&cDXGF&Ex&dxAC_equip/NE-dxAC-PkgAC-240to759-Ex-EER-9.8/instance-out.sql,863849.95,245912.09
CZ13/Nrs&0&cDXGF&Ex&dxAC_equip/NE-dxAC-PkgAC-240to759-Ex-EER-10.8/instance-out.sql,856847.93,245912.09
CZ13/Nrs&0&cDXGF&Ex&dxAC_equip/NE-dxAC-PkgAC-240to759-Ex-EER-11.5/instance-out.sql,852491.84,245912.09
CZ13/Nrs&0&cDXGF&Ex&dxAC_equip/NE-dxAC-PkgAC-240to759-Ex-EER-12.5/instance-out.sql,847205.32,245912.09
CZ13/Nrs&0&cDXGF&Ex&dxAC_equip/NE-dxAC-PkgAC-gt760-Ex-EER-9.5/instance-out.sql,862219.85,245912.09
CZ13/Nrs&0&cDXGF&Ex&dxAC_equip/NE-dxAC-PkgAC-gt760-Ex-EER-10.2/instance-out.sql,857020.40,245912.09
CZ13/Nrs&0&cDXGF&Ex&dxAC_equip/NE-dxAC-PkgAC-gt760-Ex-EER-11.0/instance-out.sql,852041.05,245912.09
CZ13/Nrs&0&cDXGF&Ex&dxAC_equip/NE-dxAC-PkgAC-gt760-Ex-EER-12.0/instance-out.sql,846572.43,245912.09
CZ13/OfL&0&cDXGF&Ex&dxAC_equip/NE-dxAC-PkgAC-65to134-Ex-EER-11.0/instance-out.sql,2840031.00,163631.80
CZ13/OfL&0&cDXGF&Ex&dxAC_equip/NE-dxAC-PkgAC-65to134-Ex-EER-11.5/instance-out.sql,2820091.98,163631.80
CZ13/OfL&0&cDXGF&Ex&dxAC_equip/NE-dxAC-PkgAC-65to134-Ex-EER-12.0/instance-out.sql,2801790.47,163631.80
CZ13/OfL&0&cDXGF&Ex&dxAC_equip/NE-dxAC-PkgAC-65to134-Ex-EER-12.5/instance-out.sql,2784932.69,163631.80
CZ13/OfL&0&cDXGF&Ex&dxAC_equip/NE-dxAC-PkgAC-65to134-Ex-EER-13.0/instance-out.sql,2768474.66,163631.80
CZ13/OfL&0&cDXGF&Ex&dxAC_equip/NE-dxAC-PkgAC-135to239-Ex-EER-10.8/instance-out.sql,2838808.86,163631.80
CZ13/OfL&0&cDXGF&Ex&dxAC_equip/NE-dxAC-PkgAC-135to239-Ex-EER-11.5/instance-out.sql,2810212.03,163631.80
CZ13/OfL&0&cDXGF&Ex&dxAC_equip/NE-dxAC-PkgAC-135to239-Ex-EER-12.0/instance-out.sql,2792696.97,163631.80
CZ13/OfL&0&cDXGF&Ex&dxAC_equip/NE-dxAC-PkgAC-135to239-Ex-EER-12.5/instance-out.sql,2775623.47,163631.80
CZ13/OfL&0&cDXGF&Ex&dxAC_equip/NE-dxAC-PkgAC-240to759-Ex-EER-9.8/instance-out.sql,2852615.72,163631.80
CZ13/OfL&0&cDXGF&Ex&dxAC_equip/NE-dxAC-PkgAC-240to759-Ex-EER-10.8/instance-out.sql,2809141.23,163631.80
CZ13/OfL&0&cDXGF&Ex&dxAC_equip/NE-dxAC-PkgAC-240to759-Ex-EER-11.5/instance-out.sql,2782094.88,163631.80
CZ13/OfL&0&cDXGF&Ex&dxAC_equip/NE-dxAC-PkgAC-240to759-Ex-EER-12.5/instance-out.sql,2749271.69,163631.80
CZ13/OfL&0&cDXGF&Ex&dxAC_equip/NE-dxAC-PkgAC-gt760-Ex-EER-9.5/instance-out.sql,2842494.68,163631.80
CZ13/OfL&0&cDXGF&Ex&dxAC_equip/NE-dxAC-PkgAC-gt760-Ex-EER-10.2/instance-out.sql,2810212.03,163631.80
CZ13/OfL&0&cDXGF&Ex&dxAC_equip/NE-dxAC-PkgAC-gt760-Ex-EER-11.0/instance-out.sql,2779296.03,163631.80
CZ13/OfL&0&cDXGF&Ex&dxAC_equip/NE-dxAC-PkgAC-gt760-Ex-EER-12.0/instance-out.sql,2745342.17,163631.80
CZ13/OfS&0&cDXGF&Ex&dxAC_equip/NE-dxAC-PkgAC-65to134-Ex-EER-11.0/instance-out.sql,153429.70,25630.69
CZ13/OfS&0&cDXGF&Ex&dxAC_equip/NE-dxAC-PkgAC-65to134-Ex-EER-11.5/instance-out.sql,151873.11,25630.69
CZ13/OfS&0&cDXGF&Ex&dxAC_equip/NE-dxAC-PkgAC-65to134-Ex-EER-12.0/instance-out.sql,150444.35,25630.69
CZ13/OfS&0&cDXGF&Ex&dxAC_equip/NE-dxAC-PkgAC-65to134-Ex-EER-12.5/instance-out.sql,149128.31,25630.69
CZ13/OfS&0&cDXGF&Ex&dxAC_equip/NE-dxAC-PkgAC-65to134-Ex-EER-13.0/instance-out.sql,147843.47,25630.69
CZ13/OfS&0&cDXGF&Ex&dxAC_equip/NE-dxAC-PkgAC-135to239-Ex-EER-10.8/instance-out.sql,153334.29,25630.69
CZ13/OfS&0&cDXGF&Ex&dxAC_equip/NE-dxAC-PkgAC-135to239-Ex-EER-11.5/instance-out.sql,151101.80,25630.69
CZ13/OfS&0&cDXGF&Ex&dxAC_equip/NE-dxAC-PkgAC-135to239-Ex-EER-12.0/instance-out.sql,149734.44,25630.69
CZ13/OfS&0&cDXGF&Ex&dxAC_equip/NE-dxAC-PkgAC-135to239-Ex-EER-12.5/instance-out.sql,148401.56,25630.69
CZ13/OfS&0&cDXGF&Ex&dxAC_equip/NE-dxAC-PkgAC-240to759-Ex-EER-9.8/instance-out.sql,154412.16,25630.69
CZ13/OfS&0&cDXGF&Ex&dxAC_equip/NE-dxAC-PkgAC-240to759-Ex-EER-10.8/instance-out.sql,151018.21,25630.69
CZ13/OfS&0&cDXGF&Ex&dxAC_equip/NE-dxAC-PkgAC-240to759-Ex-EER-11.5/instance-out.sql,148906.76,25630.69
CZ13/OfS&0&cDXGF&Ex&dxAC_equip/NE-dxAC-PkgAC-240to759-Ex-EER-12.5/instance-out.sql,146344.34,25630.69
CZ13/OfS&0&cDXGF&Ex&dxAC_equip/NE-dxAC-PkgAC-gt760-Ex-EER-9.5/instance-out.sql,153622.03,25630.69
CZ13/OfS&0&cDXGF&Ex&dxAC_equip/NE-dxAC-PkgAC-gt760-Ex-EER-10.2/instance-out.sql,151101.80,25630.69
CZ13/OfS&0&cDXGF&Ex&dxAC_equip/NE-dxAC-PkgAC-gt760-Ex-EER-11.0/instance-out.sql,148688.26,25630.69
CZ13/OfS&0&cDXGF&Ex&dxAC_equip/NE-dxAC-PkgAC-gt760-Ex-EER-12.0/instance-out.sql,146037.57,25630.69
CZ13/RFF&0&cDXGF&Ex&dxAC_equip/NE-dxAC-PkgAC-65to134-Ex-EER-11.0/instance-out.sql,75466.57,46364.68
CZ13/RFF&0&cDXGF&Ex&dxAC_equip/NE-dxAC-PkgAC-65to134-Ex-EER-11.5/instance-out.sql,74985.18,46364.68
CZ13/RFF&0&cDXGF&Ex&dxAC_equip/NE-dxAC-PkgAC-65to134-Ex-EER-12.0/instance-out.sql,74543.33,46364.68
CZ13/RFF&0&cDXGF&Ex&dxAC_equip/NE-dxAC-PkgAC-65to134-Ex-EER-12.5/instance-out.sql,74136.33,46364.68
CZ13/RFF&0&cDXGF&Ex&dxAC_equip/NE-dxAC-PkgAC-65to134-Ex-EER-13.0/instance-out.sql,73738.99,46364.68
CZ13/RFF&0&cDXGF&Ex&dxAC_equip/NE-dxAC-PkgAC-135to239-Ex-EER-10.8/instance-out.sql,75437.06,46364.68
CZ13/RFF&0&cDXGF&Ex&dxAC_equip/NE-dxAC-PkgAC-135to239-Ex-EER-11.5/instance-out.sql,74746.65,46364.68
CZ13/RFF&0&cDXGF&Ex&dxAC_equip/NE-dxAC-PkgAC-135to239-Ex-EER-12.0/instance-out.sql,74323.79,46364.68
CZ13/RFF&0&cDXGF&Ex&dxAC_equip/NE-dxAC-PkgAC-135to239-Ex-EER-12.5/instance-out.sql,73911.58,46364.68
CZ13/RFF&0&cDXGF&Ex&dxAC_equip/NE-dxAC-PkgAC-240to759-Ex-EER-9.8/instance-out.sql,75770.40,46364.68
CZ13/RFF&0&cDXGF&Ex&dxAC_equip/NE-dxAC-PkgAC-240to759-Ex-EER-10.8/instance-out.sql,74720.80,46364.68
CZ13/RFF&0&cDXGF&Ex&dxAC_equip/NE-dxAC-PkgAC-240to759-Ex-EER-11.5/instance-out.sql,74067.82,46364.68
CZ13/RFF&0&cDXGF&Ex&dxAC_equip/NE-dxAC-PkgAC-240to759-Ex-EER-12.5/instance-out.sql,73275.37,46364.68
CZ13/RFF&0&cDXGF&Ex&dxAC_equip/NE-dxAC-PkgAC-gt760-Ex-EER-9.5/instance-out.sql,75526.05,46364.68
CZ13/RFF&0&cDXGF&Ex&dxAC_equip/NE-dxAC-PkgAC-gt760-Ex-EER-10.2/instance-out.sql,74746.65,46364.68
CZ13/RFF&0&cDXGF&Ex&dxAC_equip/NE-dxAC-PkgAC-gt760-Ex-EER-11.0/instance-out.sql,74000.25,46364.68
CZ13/RFF&0&cDXGF&Ex&dxAC_equip/NE-dxAC-PkgAC-gt760-Ex-EER-12.0/instance-out.sql,73180.51,46364.68
CZ13/RSD&0&cDXGF&Ex&dxAC_equip/NE-dxAC-PkgAC-65to134-Ex-EER-11.0/instance-out.sql,154979.28,139256.19
CZ13/RSD&0&cDXGF&Ex&dxAC_equip/NE-dxAC-PkgAC-65to134-Ex-EER-11.5/instance-out.sql,154742.48,139256.19
CZ13/RSD&0&cDXGF&Ex&dxAC_equip/NE-dxAC-PkgAC-65to134-Ex-EER-12.0/instance-out.sql,154525.13,139256.19
CZ13/RSD&0&cDXGF&Ex&dxAC_equip/NE-dxAC-PkgAC-65to134-Ex-EER-12.5/instance-out.sql,154324.93,139256.19
CZ13/RSD&0&cDXGF&Ex&dxAC_equip/NE-dxAC-PkgAC-65to134-Ex-EER-13.0/instance-out.sql,154129.47,139256.19
CZ13/RSD&0&cDXGF&Ex&dxAC_equip/NE-dxAC-PkgAC-135to239-Ex-EER-10.8/instance-out.sql,154964.77,139256.19
CZ13/RSD&0&cDXGF&Ex&dxAC_equip/NE-dxAC-PkgAC-135to239-Ex-EER-11.5/instance-out.sql,154625.15,139256.19
CZ13/RSD&0&cDXGF&Ex&dxAC_equip/NE-dxAC-PkgAC-135to239-Ex-EER-12.0/instance-out.sql,154417.14,139256.19
CZ13/RSD&0&cDXGF&Ex&dxAC_equip/NE-dxAC-PkgAC-135to239-Ex-EER-12.5/instance-out.sql,154214.37,139256.19
CZ13/RSD&0&cDXGF&Ex&dxAC_equip/NE-dxAC-PkgAC-240to759-Ex-EER-9.8/instance-out.sql,155128.74,139256.19
CZ13/RSD&0&cDXGF&Ex&dxAC_equip/NE-dxAC-PkgAC-240to759-Ex-EER-10.8/instance-out.sql,154612.43,139256.19
CZ13/RSD&0&cDXGF&Ex&dxAC_equip/NE-dxAC-PkgAC-240to759-Ex-EER-11.5/instance-out.sql,154291.23,139256.19
CZ13/RSD&0&cDXGF&Ex&dxAC_equip/NE-dxAC-PkgAC-240to759-Ex-EER-12.5/instance-out.sql,153901.42,139256.19
CZ13/RSD&0&cDXGF&Ex&dxAC_equip/NE-dxAC-PkgAC-gt760-Ex-EER-9.5/instance-out.sql,155008.54,139256.19
CZ13/RSD&0&cDXGF&Ex&dxAC_equip/NE-dxAC-PkgAC-gt760-Ex-EER-10.2/instance-out.sql,154625.15,139256.19
CZ13/RSD&0&cDXGF&Ex&dxAC_equip/NE-dxAC-PkgAC-gt760-Ex-EER-11.0/instance-out.sql,154257.99,139256.19
CZ13/RSD&0&cDXGF&Ex&dxAC_equip/NE-dxAC-PkgAC-gt760-Ex-EER-12.0/instance-out.sql,153854.75,139256.19
CZ13/Rt3&0&cDXGF&Ex&dxAC_equip/NE-dxAC-PkgAC-65to134-Ex-EER-11.0/instance-out.sql,2171305.68,204416.36
CZ13/Rt3&0&cDXGF&Ex&dxAC_equip/NE-dxAC-PkgAC-65to134-Ex-EER-11.5/instance-out.sql,2154981.07,204416.36
CZ13/Rt3&0&cDXGF&Ex&dxAC_equip/NE-dxAC-PkgAC-65to134-Ex-EER-12.0/instance-out.sql,2139997.14,204416.36
CZ13/Rt3&0&cDXGF&Ex&dxAC_equip/NE-dxAC-PkgAC-65to134-Ex-EER-12.5/instance-out.sql,2126195.23,204416.36
CZ13/Rt3&0&cDXGF&Ex&dxAC_equip/NE-dxAC-PkgAC-65to134-Ex-EER-13.0/instance-out.sql,2112720.60,204416.36
CZ13/Rt3&0&cDXGF&Ex&dxAC_equip/NE-dxAC-PkgAC-135to239-Ex-EER-10.8/instance-out.sql,2170305.08,204416.36
CZ13/Rt3&0&cDXGF&Ex&dxAC_equip/NE-dxAC-PkgAC-135to239-Ex-EER-11.5/instance-out.sql,2146892.09,204416.36
CZ13/Rt3&0&cDXGF&Ex&dxAC_equip/NE-dxAC-PkgAC-135to239-Ex-EER-12.0/instance-out.sql,2132552.05,204416.36
CZ13/Rt3&0&cDXGF&Ex&dxAC_equip/NE-dxAC-PkgAC-135to239-Ex-EER-12.5/instance-out.sql,2118573.53,204416.36
CZ13/Rt3&0&cDXGF&Ex&dxAC_equip/NE-dxAC-PkgAC-240to759-Ex-EER-9.8/instance-out.sql,2181609.13,204416.36
CZ13/Rt3&0&cDXGF&Ex&dxAC_equip/NE-dxAC-PkgAC-240to759-Ex-EER-10.8/instance-out.sql,2146015.40,204416.36
CZ13/Rt3&0&cDXGF&Ex&dxAC_equip/NE-dxAC-PkgAC-240to759-Ex-EER-11.5/instance-out.sql,2123871.84,204416.36
CZ13/Rt3&0&cDXGF&Ex&dxAC_equip/NE-dxAC-PkgAC-240to759-Ex-EER-12.5/instance-out.sql,2096998.62,204416.36
CZ13/Rt3&0&cDXGF&Ex&dxAC_equip/NE-dxAC-PkgAC-gt760-Ex-EER-9.5/instance-out.sql,2173322.76,204416.36
CZ13/Rt3&0&cDXGF&Ex&dxAC_equip/NE-dxAC-PkgAC-gt760-Ex-EER-10.2/instance-out.sql,2146892.09,204416.36
CZ13/Rt3&0&cDXGF&Ex&dxAC_equip/NE-dxAC-PkgAC-gt760-Ex-EER-11.0/instance-out.sql,2121580.35,204416.36
CZ13/Rt3&0&cDXGF&Ex&dxAC_equip/NE-dxAC-PkgAC-gt760-Ex-EER-12.0/instance-out.sql,2093781.42,204416.36
CZ13/RtL&0&cDXGF&Ex&dxAC_equip/NE-dxAC-PkgAC-65to134-Ex-EER-11.0/instance-out.sql,2191418.66,197569.95
CZ13/RtL&0&cDXGF&Ex&dxAC_equip/NE-dxAC-PkgAC-65to134-Ex-EER-11.5/instance-out.sql,2174741.16,197569.95
CZ13/RtL&0&cDXGF&Ex&dxAC_equip/NE-dxAC-PkgAC-65to134-Ex-EER-12.0/instance-out.sql,2159433.30,197569.95
CZ13/RtL&0&cDXGF&Ex&dxAC_equip/NE-dxAC-PkgAC-65to134-Ex-EER-12.5/instance-out.sql,2145333.02,197569.95
CZ13/RtL&0&cDXGF&Ex&dxAC_equip/NE-dxAC-PkgAC-65to134-Ex-EER-13.0/instance-out.sql,2131567.10,197569.95
CZ13/RtL&0&cDXGF&Ex&dxAC_equip/NE-dxAC-PkgAC-135to239-Ex-EER-10.8/instance-out.sql,2190396.44,197569.95
CZ13/RtL&0&cDXGF&Ex&dxAC_equip/NE-dxAC-PkgAC-135to239-Ex-EER-11.5/instance-out.sql,2166477.31,197569.95
CZ13/RtL&0&cDXGF&Ex&dxAC_equip/NE-dxAC-PkgAC-135to239-Ex-EER-12.0/instance-out.sql,2151827.27,197569.95
CZ13/RtL&0&cDXGF&Ex&dxAC_equip/NE-dxAC-PkgAC-135to239-Ex-EER-12.5/instance-out.sql,2137546.56,197569.95
CZ13/RtL&0&cDXGF&Ex&dxAC_equip/NE-dxAC-PkgAC-240to759-Ex-EER-9.8/instance-out.sql,2201944.85,197569.95
CZ13/RtL&0&cDXGF&Ex&dxAC_equip/NE-dxAC-PkgAC-240to759-Ex-EER-10.8/instance-out.sql,2165581.66,197569.95
CZ13/RtL&0&cDXGF&Ex&dxAC_equip/NE-dxAC-PkgAC-240to759-Ex-EER-11.5/instance-out.sql,2142959.41,197569.95
CZ13/RtL&0&cDXGF&Ex&dxAC_equip/NE-dxAC-PkgAC-240to759-Ex-EER-12.5/instance-out.sql,2115505.24,197569.95
CZ13/RtL&0&cDXGF&Ex&dxAC_equip/NE-dxAC-PkgAC-gt760-Ex-EER-9.5/instance-out.sql,2193479.35,197569.95
CZ13/RtL&0&cDXGF&Ex&dxAC_equip/NE-dxAC-PkgAC-gt760-Ex-EER-10.2/instance-out.sql,2166477.31,197569.95
CZ13/RtL&0&cDXGF&Ex&dxAC_equip/NE-dxAC-PkgAC-gt760-Ex-EER-11.0/instance-out.sql,2140618.38,197569.95
CZ13/RtL&0&cDXGF&Ex&dxAC_equip/NE-dxAC-PkgAC-gt760-Ex-EER-12.0/instance-out.sql,2112218.50,197569.95
CZ13/RtS&0&cDXGF&Ex&dxAC_equip/NE-dxAC-PkgAC-65to134-Ex-EER-11.0/instance-out.sql,140255.40,23554.48
CZ13/RtS&0&cDXGF&Ex&dxAC_equip/NE-dxAC-PkgAC-65to134-Ex-EER-11.5/instance-out.sql,138949.95,23554.48
CZ13/RtS&0&cDXGF&Ex&dxAC_equip/NE-dxAC-PkgAC-65to134-Ex-EER-12.0/instance-out.sql,137751.71,23554.48
CZ13/RtS&0&cDXGF&Ex&dxAC_equip/NE-dxAC-PkgAC-65to134-Ex-EER-12.5/instance-out.sql,136647.99,23554.48
CZ13/RtS&0&cDXGF&Ex&dxAC_equip/NE-dxAC-PkgAC-65to134-Ex-EER-13.0/instance-out.sql,135570.44,23554.48
CZ13/RtS&0&cDXGF&Ex&dxAC_equip/NE-dxAC-PkgAC-135to239-Ex-EER-10.8/instance-out.sql,140175.38,23554.48
CZ13/RtS&0&cDXGF&Ex&dxAC_equip/NE-dxAC-PkgAC-135to239-Ex-EER-11.5/instance-out.sql,138303.08,23554.48
CZ13/RtS&0&cDXGF&Ex&dxAC_equip/NE-dxAC-PkgAC-135to239-Ex-EER-12.0/instance-out.sql,137156.33,23554.48
CZ13/RtS&0&cDXGF&Ex&dxAC_equip/NE-dxAC-PkgAC-135to239-Ex-EER-12.5/instance-out.sql,136038.49,23554.48
CZ13/RtS&0&cDXGF&Ex&dxAC_equip/NE-dxAC-PkgAC-240to759-Ex-EER-9.8/instance-out.sql,141079.35,23554.48
CZ13/RtS&0&cDXGF&Ex&dxAC_equip/NE-dxAC-PkgAC-240to759-Ex-EER-10.8/instance-out.sql,138232.98,23554.48
CZ13/RtS&0&cDXGF&Ex&dxAC_equip/NE-dxAC-PkgAC-240to759-Ex-EER-11.5/instance-out.sql,136462.19,23554.48
CZ13/RtS&0&cDXGF&Ex&dxAC_equip/NE-dxAC-PkgAC-240to759-Ex-EER-12.5/instance-out.sql,134313.18,23554.48
CZ13/RtS&0&cDXGF&Ex&dxAC_equip/NE-dxAC-PkgAC-gt760-Ex-EER-9.5/instance-out.sql,140416.70,23554.48
CZ13/RtS&0&cDXGF&Ex&dxAC_equip/NE-dxAC-PkgAC-gt760-Ex-EER-10.2/instance-out.sql,138303.08,23554.48
CZ13/RtS&0&cDXGF&Ex&dxAC_equip/NE-dxAC-PkgAC-gt760-Ex-EER-11.0/instance-out.sql,136278.94,23554.48
CZ13/RtS&0&cDXGF&Ex&dxAC_equip/NE-dxAC-PkgAC-gt760-Ex-EER-12.0/instance-out.sql,134055.91,23554.48
CZ13/SCn&0&cDXGF&Ex&dxAC_equip/NE-dxAC-PkgAC-65to134-Ex-EER-11.0/instance-out.sql,3513748.52,756705.54
CZ13/SCn&0&cDXGF&Ex&dxAC_equip/NE-dxAC-PkgAC-65to134-Ex-EER-11.5/instance-out.sql,3479813.04,756705.54
CZ13/SCn&0&cDXGF&Ex&dxAC_equip/NE-dxAC-PkgAC-65to134-Ex-EER-12.0/instance-out.sql,3448664.54,756705.54
CZ13/SCn&0&cDXGF&Ex&dxAC_equip/NE-dxAC-PkgAC-65to134-Ex-EER-12.5/instance-out.sql,3419973.22,756705.54
CZ13/SCn&0&cDXGF&Ex&dxAC_equip/NE-dxAC-PkgAC-65to134-Ex-EER-13.0/instance-out.sql,3391962.26,756705.54
CZ13/SCn&0&cDXGF&Ex&dxAC_equip/NE-dxAC-PkgAC-135to239-Ex-EER-10.8/instance-out.sql,3511668.48,756705.54
CZ13/SCn&0&cDXGF&Ex&dxAC_equip/NE-dxAC-PkgAC-135to239-Ex-EER-11.5/instance-out.sql,3462997.72,756705.54
CZ13/SCn&0&cDXGF&Ex&dxAC_equip/NE-dxAC-PkgAC-135to239-Ex-EER-12.0/instance-out.sql,3433187.75,756705.54
CZ13/SCn&0&cDXGF&Ex&dxAC_equip/NE-dxAC-PkgAC-135to239-Ex-EER-12.5/instance-out.sql,3404129.28,756705.54
CZ13/SCn&0&cDXGF&Ex&dxAC_equip/NE-dxAC-PkgAC-240to759-Ex-EER-9.8/instance-out.sql,3535167.25,756705.54
CZ13/SCn&0&cDXGF&Ex&dxAC_equip/NE-dxAC-PkgAC-240to759-Ex-EER-10.8/instance-out.sql,3461175.26,756705.54
CZ13/SCn&0&cDXGF&Ex&dxAC_equip/NE-dxAC-PkgAC-240to759-Ex-EER-11.5/instance-out.sql,3415143.38,756705.54
CZ13/SCn&0&cDXGF&Ex&dxAC_equip/NE-dxAC-PkgAC-240to759-Ex-EER-12.5/instance-out.sql,3359279.51,756705.54
CZ13/SCn&0&cDXGF&Ex&dxAC_equip/NE-dxAC-PkgAC-gt760-Ex-EER-9.5/instance-out.sql,3517941.60,756705.54
CZ13/SCn&0&cDXGF&Ex&dxAC_equip/NE-dxAC-PkgAC-gt760-Ex-EER-10.2/instance-out.sql,3462997.72,756705.54
CZ13/SCn&0&cDXGF&Ex&dxAC_equip/NE-dxAC-PkgAC-gt760-Ex-EER-11.0/instance-out.sql,3410379.84,756705.54
CZ13/SCn&0&cDXGF&Ex&dxAC_equip/NE-dxAC-PkgAC-gt760-Ex-EER-12.0/instance-out.sql,3352591.63,756705.54
CZ14/Asm&0&cDXGF&Ex&dxAC_equip/NE-dxAC-PkgAC-65to134-Ex-EER-11.0/instance-out.sql,832593.20,127190.56
CZ14/Asm&0&cDXGF&Ex&dxAC_equip/NE-dxAC-PkgAC-65to134-Ex-EER-11.5/instance-out.sql,820757.84,127190.56
CZ14/Asm&0&cDXGF&Ex&dxAC_equip/NE-dxAC-PkgAC-65to134-Ex-EER-12.0/instance-out.sql,809894.47,127190.56
CZ14/Asm&0&cDXGF&Ex&dxAC_equip/NE-dxAC-PkgAC-65to134-Ex-EER-12.5/instance-out.sql,799888.07,127190.56
CZ14/Asm&0&cDXGF&Ex&dxAC_equip/NE-dxAC-PkgAC-65to134-Ex-EER-13.0/instance-out.sql,790118.95,127190.56
CZ14/Asm&0&cDXGF&Ex&dxAC_equip/NE-dxAC-PkgAC-135to239-Ex-EER-10.8/instance-out.sql,831867.76,127190.56
CZ14/Asm&0&cDXGF&Ex&dxAC_equip/NE-dxAC-PkgAC-135to239-Ex-EER-11.5/instance-out.sql,814893.32,127190.56
CZ14/Asm&0&cDXGF&Ex&dxAC_equip/NE-dxAC-PkgAC-135to239-Ex-EER-12.0/instance-out.sql,804496.78,127190.56
CZ14/Asm&0&cDXGF&Ex&dxAC_equip/NE-dxAC-PkgAC-135to239-Ex-EER-12.5/instance-out.sql,794362.33,127190.56
CZ14/Asm&0&cDXGF&Ex&dxAC_equip/NE-dxAC-PkgAC-240to759-Ex-EER-9.8/instance-out.sql,840063.21,127190.56
CZ14/Asm&0&cDXGF&Ex&dxAC_equip/NE-dxAC-PkgAC-240to759-Ex-EER-10.8/instance-out.sql,814257.72,127190.56
CZ14/Asm&0&cDXGF&Ex&dxAC_equip/NE-dxAC-PkgAC-240to759-Ex-EER-11.5/instance-out.sql,798203.61,127190.56
CZ14/Asm&0&cDXGF&Ex&dxAC_equip/NE-dxAC-PkgAC-240to759-Ex-EER-12.5/instance-out.sql,778720.50,127190.56
CZ14/Asm&0&cDXGF&Ex&dxAC_equip/NE-dxAC-PkgAC-gt760-Ex-EER-9.5/instance-out.sql,834055.58,127190.56
CZ14/Asm&0&cDXGF&Ex&dxAC_equip/NE-dxAC-PkgAC-gt760-Ex-EER-10.2/instance-out.sql,814893.32,127190.56
CZ14/Asm&0&cDXGF&Ex&dxAC_equip/NE-dxAC-PkgAC-gt760-Ex-EER-11.0/instance-out.sql,796542.28,127190.56
CZ14/Asm&0&cDXGF&Ex&dxAC_equip/NE-dxAC-PkgAC-gt760-Ex-EER-12.0/instance-out.sql,776388.03,127190.56
CZ14/ECC&0&cDXGF&Ex&dxAC_equip/NE-dxAC-PkgAC-65to134-Ex-EER-11.0/instance-out.sql,2638505.38,477164.11
CZ14/ECC&0&cDXGF&Ex&dxAC_equip/NE-dxAC-PkgAC-65to134-Ex-EER-11.5/instance-out.sql,2616503.38,477164.11
CZ14/ECC&0&cDXGF&Ex&dxAC_equip/NE-dxAC-PkgAC-65to134-Ex-EER-12.0/instance-out.sql,2596308.30,477164.11
CZ14/ECC&0&cDXGF&Ex&dxAC_equip/NE-dxAC-PkgAC-65to134-Ex-EER-12.5/instance-out.sql,2577706.35,477164.11
CZ14/ECC&0&cDXGF&Ex&dxAC_equip/NE-dxAC-PkgAC-65to134-Ex-EER-13.0/instance-out.sql,2559545.49,477164.11
CZ14/ECC&0&cDXGF&Ex&dxAC_equip/NE-dxAC-PkgAC-135to239-Ex-EER-10.8/instance-out.sql,2637156.79,477164.11
CZ14/ECC&0&cDXGF&Ex&dxAC_equip/NE-dxAC-PkgAC-135to239-Ex-EER-11.5/instance-out.sql,2605601.20,477164.11
CZ14/ECC&0&cDXGF&Ex&dxAC_equip/NE-dxAC-PkgAC-135to239-Ex-EER-12.0/instance-out.sql,2586273.96,477164.11
CZ14/ECC&0&cDXGF&Ex&dxAC_equip/NE-dxAC-PkgAC-135to239-Ex-EER-12.5/instance-out.sql,2567433.96,477164.11
CZ14/ECC&0&cDXGF&Ex&dxAC_equip/NE-dxAC-PkgAC-240to759-Ex-EER-9.8/instance-out.sql,2652392.17,477164.11
CZ14/ECC&0&cDXGF&Ex&dxAC_equip/NE-dxAC-PkgAC-240to759-Ex-EER-10.8/instance-out.sql,2604419.61,477164.11
CZ14/ECC&0&cDXGF&Ex&dxAC_equip/NE-dxAC-PkgAC-240to759-Ex-EER-11.5/instance-out.sql,2574574.92,477164.11
CZ14/ECC&0&cDXGF&Ex&dxAC_equip/NE-dxAC-PkgAC-240to759-Ex-EER-12.5/instance-out.sql,2538355.69,477164.11
CZ14/ECC&0&cDXGF&Ex&dxAC_equip/NE-dxAC-PkgAC-gt760-Ex-EER-9.5/instance-out.sql,2641223.95,477164.11
CZ14/ECC&0&cDXGF&Ex&dxAC_equip/NE-dxAC-PkgAC-gt760-Ex-EER-10.2/instance-out.sql,2605601.20,477164.11
CZ14/ECC&0&cDXGF&Ex&dxAC_equip/NE-dxAC-PkgAC-gt760-Ex-EER-11.0/instance-out.sql,2571486.50,477164.11
CZ14/ECC&0&cDXGF&Ex&dxAC_equip/NE-dxAC-PkgAC-gt760-Ex-EER-12.0/instance-out.sql,2534019.62,477164.11
CZ14/EPr&0&cDXGF&Ex&dxAC_equip/NE-dxAC-PkgAC-65to134-Ex-EER-11.0/instance-out.sql,355522.90,127337.05
CZ14/EPr&0&cDXGF&Ex&dxAC_equip/NE-dxAC-PkgAC-65to134-Ex-EER-11.5/instance-out.sql,351766.56,127337.05
CZ14/EPr&0&cDXGF&Ex&dxAC_equip/NE-dxAC-PkgAC-65to134-Ex-EER-12.0/instance-out.sql,348318.72,127337.05
CZ14/EPr&0&cDXGF&Ex&dxAC_equip/NE-dxAC-PkgAC-65to134-Ex-EER-12.5/instance-out.sql,345142.86,127337.05
CZ14/EPr&0&cDXGF&Ex&dxAC_equip/NE-dxAC-PkgAC-65to134-Ex-EER-13.0/instance-out.sql,342042.32,127337.05
CZ14/EPr&0&cDXGF&Ex&dxAC_equip/NE-dxAC-PkgAC-135to239-Ex-EER-10.8/instance-out.sql,355292.66,127337.05
CZ14/EPr&0&cDXGF&Ex&dxAC_equip/NE-dxAC-PkgAC-135to239-Ex-EER-11.5/instance-out.sql,349905.27,127337.05
CZ14/EPr&0&cDXGF&Ex&dxAC_equip/NE-dxAC-PkgAC-135to239-Ex-EER-12.0/instance-out.sql,346605.59,127337.05
CZ14/EPr&0&cDXGF&Ex&dxAC_equip/NE-dxAC-PkgAC-135to239-Ex-EER-12.5/instance-out.sql,343389.09,127337.05
CZ14/EPr&0&cDXGF&Ex&dxAC_equip/NE-dxAC-PkgAC-240to759-Ex-EER-9.8/instance-out.sql,357893.75,127337.05
CZ14/EPr&0&cDXGF&Ex&dxAC_equip/NE-dxAC-PkgAC-240to759-Ex-EER-10.8/instance-out.sql,349703.54,127337.05
CZ14/EPr&0&cDXGF&Ex&dxAC_equip/NE-dxAC-PkgAC-240to759-Ex-EER-11.5/instance-out.sql,344608.25,127337.05
CZ14/EPr&0&cDXGF&Ex&dxAC_equip/NE-dxAC-PkgAC-240to759-Ex-EER-12.5/instance-out.sql,338424.65,127337.05
CZ14/EPr&0&cDXGF&Ex&dxAC_equip/NE-dxAC-PkgAC-gt760-Ex-EER-9.5/instance-out.sql,355987.03,127337.05
CZ14/EPr&0&cDXGF&Ex&dxAC_equip/NE-dxAC-PkgAC-gt760-Ex-EER-10.2/instance-out.sql,349905.27,127337.05
CZ14/EPr&0&cDXGF&Ex&dxAC_equip/NE-dxAC-PkgAC-gt760-Ex-EER-11.0/instance-out.sql,344080.97,127337.05
CZ14/EPr&0&cDXGF&Ex&dxAC_equip/NE-dxAC-PkgAC-gt760-Ex-EER-12.0/instance-out.sql,337684.36,127337.05
CZ14/ERC&0&cDXGF&Ex&dxAC_equip/NE-dxAC-PkgAC-65to134-Ex-EER-11.0/instance-out.sql,14169.43,9542.58
CZ14/ERC&0&cDXGF&Ex&dxAC_equip/NE-dxAC-PkgAC-65to134-Ex-EER-11.5/instance-out.sql,13985.73,9542.58
CZ14/ERC&0&cDXGF&Ex&dxAC_equip/NE-dxAC-PkgAC-65to134-Ex-EER-12.0/instance-out.sql,13817.12,9542.58
CZ14/ERC&0&cDXGF&Ex&dxAC_equip/NE-dxAC-PkgAC-65to134-Ex-EER-12.5/instance-out.sql,13661.80,9542.58
CZ14/ERC&0&cDXGF&Ex&dxAC_equip/NE-dxAC-PkgAC-65to134-Ex-EER-13.0/instance-out.sql,13510.17,9542.58
CZ14/ERC&0&cDXGF&Ex&dxAC_equip/NE-dxAC-PkgAC-135to239-Ex-EER-10.8/instance-out.sql,14158.17,9542.58
CZ14/ERC&0&cDXGF&Ex&dxAC_equip/NE-dxAC-PkgAC-135to239-Ex-EER-11.5/instance-out.sql,13894.70,9542.58
CZ14/ERC&0&cDXGF&Ex&dxAC_equip/NE-dxAC-PkgAC-135to239-Ex-EER-12.0/instance-out.sql,13733.34,9542.58
CZ14/ERC&0&cDXGF&Ex&dxAC_equip/NE-dxAC-PkgAC-135to239-Ex-EER-12.5/instance-out.sql,13576.04,9542.58
CZ14/ERC&0&cDXGF&Ex&dxAC_equip/NE-dxAC-PkgAC-240to759-Ex-EER-9.8/instance-out.sql,14285.37,9542.58
CZ14/ERC&0&cDXGF&Ex&dxAC_equip/NE-dxAC-PkgAC-240to759-Ex-EER-10.8/instance-out.sql,13884.84,9542.58
CZ14/ERC&0&cDXGF&Ex&dxAC_equip/NE-dxAC-PkgAC-240to759-Ex-EER-11.5/instance-out.sql,13635.66,9542.58
CZ14/ERC&0&cDXGF&Ex&dxAC_equip/NE-dxAC-PkgAC-240to759-Ex-EER-12.5/instance-out.sql,13333.25,9542.58
CZ14/ERC&0&cDXGF&Ex&dxAC_equip/NE-dxAC-PkgAC-gt760-Ex-EER-9.5/instance-out.sql,14192.13,9542.58
CZ14/ERC&0&cDXGF&Ex&dxAC_equip/NE-dxAC-PkgAC-gt760-Ex-EER-10.2/instance-out.sql,13894.70,9542.58
CZ14/ERC&0&cDXGF&Ex&dxAC_equip/NE-dxAC-PkgAC-gt760-Ex-EER-11.0/instance-out.sql,13609.87,9542.58
CZ14/ERC&0&cDXGF&Ex&dxAC_equip/NE-dxAC-PkgAC-gt760-Ex-EER-12.0/instance-out.sql,13297.05,9542.58
CZ14/ESe&0&cDXGF&Ex&dxAC_equip/NE-dxAC-PkgAC-65to134-Ex-EER-11.0/instance-out.sql,1024396.40,328511.00
CZ14/ESe&0&cDXGF&Ex&dxAC_equip/NE-dxAC-PkgAC-65to134-Ex-EER-11.5/instance-out.sql,1020438.24,328511.00
CZ14/ESe&0&cDXGF&Ex&dxAC_equip/NE-dxAC-PkgAC-65to134-Ex-EER-12.0/instance-out.sql,1016805.15,328511.00
CZ14/ESe&0&cDXGF&Ex&dxAC_equip/NE-dxAC-PkgAC-65to134-Ex-EER-12.5/instance-out.sql,1013458.66,328511.00
CZ14/ESe&0&cDXGF&Ex&dxAC_equip/NE-dxAC-PkgAC-65to134-Ex-EER-13.0/instance-out.sql,1010191.52,328511.00
CZ14/ESe&0&cDXGF&Ex&dxAC_equip/NE-dxAC-PkgAC-135to239-Ex-EER-10.8/instance-out.sql,1024153.79,328511.00
CZ14/ESe&0&cDXGF&Ex&dxAC_equip/NE-dxAC-PkgAC-135to239-Ex-EER-11.5/instance-out.sql,1018476.94,328511.00
CZ14/ESe&0&cDXGF&Ex&dxAC_equip/NE-dxAC-PkgAC-135to239-Ex-EER-12.0/instance-out.sql,1014999.97,328511.00
CZ14/ESe&0&cDXGF&Ex&dxAC_equip/NE-dxAC-PkgAC-135to239-Ex-EER-12.5/instance-out.sql,1011610.66,328511.00
CZ14/ESe&0&cDXGF&Ex&dxAC_equip/NE-dxAC-PkgAC-240to759-Ex-EER-9.8/instance-out.sql,1026894.63,328511.00
CZ14/ESe&0&cDXGF&Ex&dxAC_equip/NE-dxAC-PkgAC-240to759-Ex-EER-10.8/instance-out.sql,1018264.37,328511.00
CZ14/ESe&0&cDXGF&Ex&dxAC_equip/NE-dxAC-PkgAC-240to759-Ex-EER-11.5/instance-out.sql,1012895.31,328511.00
CZ14/ESe&0&cDXGF&Ex&dxAC_equip/NE-dxAC-PkgAC-240to759-Ex-EER-12.5/instance-out.sql,1006379.48,328511.00
CZ14/ESe&0&cDXGF&Ex&dxAC_equip/NE-dxAC-PkgAC-gt760-Ex-EER-9.5/instance-out.sql,1024885.47,328511.00
CZ14/ESe&0&cDXGF&Ex&dxAC_equip/NE-dxAC-PkgAC-gt760-Ex-EER-10.2/instance-out.sql,1018476.94,328511.00
CZ14/ESe&0&cDXGF&Ex&dxAC_equip/NE-dxAC-PkgAC-gt760-Ex-EER-11.0/instance-out.sql,1012339.71,328511.00
CZ14/ESe&0&cDXGF&Ex&dxAC_equip/NE-dxAC-PkgAC-gt760-Ex-EER-12.0/instance-out.sql,1005599.42,328511.00
CZ14/EUn&0&cDXGF&Ex&dxAC_equip/NE-dxAC-PkgAC-65to134-Ex-EER-11.0/instance-out.sql,8869606.35,887577.12
CZ14/EUn&0&cDXGF&Ex&dxAC_equip/NE-dxAC-PkgAC-65to134-Ex-EER-11.5/instance-out.sql,8811426.38,887577.12
CZ14/EUn&0&cDXGF&Ex&dxAC_equip/NE-dxAC-PkgAC-65to134-Ex-EER-12.0/instance-out.sql,8758024.47,887577.12
CZ14/EUn&0&cDXGF&Ex&dxAC_equip/NE-dxAC-PkgAC-65to134-Ex-EER-12.5/instance-out.sql,8708835.25,887577.12
CZ14/EUn&0&cDXGF&Ex&dxAC_equip/NE-dxAC-PkgAC-65to134-Ex-EER-13.0/instance-out.sql,8660812.43,887577.12
CZ14/EUn&0&cDXGF&Ex&dxAC_equip/NE-dxAC-PkgAC-135to239-Ex-EER-10.8/instance-out.sql,8866040.28,887577.12
CZ14/EUn&0&cDXGF&Ex&dxAC_equip/NE-dxAC-PkgAC-135to239-Ex-EER-11.5/instance-out.sql,8782597.71,887577.12
CZ14/EUn&0&cDXGF&Ex&dxAC_equip/NE-dxAC-PkgAC-135to239-Ex-EER-12.0/instance-out.sql,8731490.61,887577.12
CZ14/EUn&0&cDXGF&Ex&dxAC_equip/NE-dxAC-PkgAC-135to239-Ex-EER-12.5/instance-out.sql,8681671.93,887577.12
CZ14/EUn&0&cDXGF&Ex&dxAC_equip/NE-dxAC-PkgAC-240to759-Ex-EER-9.8/instance-out.sql,8906327.26,887577.12
CZ14/EUn&0&cDXGF&Ex&dxAC_equip/NE-dxAC-PkgAC-240to759-Ex-EER-10.8/instance-out.sql,8779473.22,887577.12
CZ14/EUn&0&cDXGF&Ex&dxAC_equip/NE-dxAC-PkgAC-240to759-Ex-EER-11.5/instance-out.sql,8700554.82,887577.12
CZ14/EUn&0&cDXGF&Ex&dxAC_equip/NE-dxAC-PkgAC-240to759-Ex-EER-12.5/instance-out.sql,8604780.17,887577.12
CZ14/EUn&0&cDXGF&Ex&dxAC_equip/NE-dxAC-PkgAC-gt760-Ex-EER-9.5/instance-out.sql,8876795.10,887577.12
CZ14/EUn&0&cDXGF&Ex&dxAC_equip/NE-dxAC-PkgAC-gt760-Ex-EER-10.2/instance-out.sql,8782597.71,887577.12
CZ14/EUn&0&cDXGF&Ex&dxAC_equip/NE-dxAC-PkgAC-gt760-Ex-EER-11.0/instance-out.sql,8692388.07,887577.12
CZ14/EUn&0&cDXGF&Ex&dxAC_equip/NE-dxAC-PkgAC-gt760-Ex-EER-12.0/instance-out.sql,8593314.26,887577.12
CZ14/Gro&0&cDXGF&Ex&dxAC_equip/NE-dxAC-PkgAC-65to134-Ex-EER-11.0/instance-out.sql,2073341.92,130370.77
CZ14/Gro&0&cDXGF&Ex&dxAC_equip/NE-dxAC-PkgAC-65to134-Ex-EER-11.5/instance-out.sql,2067663.59,130370.77
CZ14/Gro&0&cDXGF&Ex&dxAC_equip/NE-dxAC-PkgAC-65to134-Ex-EER-12.0/instance-out.sql,2062451.61,130370.77
CZ14/Gro&0&cDXGF&Ex&dxAC_equip/NE-dxAC-PkgAC-65to134-Ex-EER-12.5/instance-out.sql,2057650.77,130370.77
CZ14/Gro&0&cDXGF&Ex&dxAC_equip/NE-dxAC-PkgAC-65to134-Ex-EER-13.0/instance-out.sql,2052963.78,130370.77
CZ14/Gro&0&cDXGF&Ex&dxAC_equip/NE-dxAC-PkgAC-135to239-Ex-EER-10.8/instance-out.sql,2072993.87,130370.77
CZ14/Gro&0&cDXGF&Ex&dxAC_equip/NE-dxAC-PkgAC-135to239-Ex-EER-11.5/instance-out.sql,2064849.94,130370.77
CZ14/Gro&0&cDXGF&Ex&dxAC_equip/NE-dxAC-PkgAC-135to239-Ex-EER-12.0/instance-out.sql,2059861.92,130370.77
CZ14/Gro&0&cDXGF&Ex&dxAC_equip/NE-dxAC-PkgAC-135to239-Ex-EER-12.5/instance-out.sql,2054999.65,130370.77
CZ14/Gro&0&cDXGF&Ex&dxAC_equip/NE-dxAC-PkgAC-240to759-Ex-EER-9.8/instance-out.sql,2076925.85,130370.77
CZ14/Gro&0&cDXGF&Ex&dxAC_equip/NE-dxAC-PkgAC-240to759-Ex-EER-10.8/instance-out.sql,2064544.99,130370.77
CZ14/Gro&0&cDXGF&Ex&dxAC_equip/NE-dxAC-PkgAC-240to759-Ex-EER-11.5/instance-out.sql,2056842.61,130370.77
CZ14/Gro&0&cDXGF&Ex&dxAC_equip/NE-dxAC-PkgAC-240to759-Ex-EER-12.5/instance-out.sql,2047495.08,130370.77
CZ14/Gro&0&cDXGF&Ex&dxAC_equip/NE-dxAC-PkgAC-gt760-Ex-EER-9.5/instance-out.sql,2074043.53,130370.77
CZ14/Gro&0&cDXGF&Ex&dxAC_equip/NE-dxAC-PkgAC-gt760-Ex-EER-10.2/instance-out.sql,2064849.94,130370.77
CZ14/Gro&0&cDXGF&Ex&dxAC_equip/NE-dxAC-PkgAC-gt760-Ex-EER-11.0/instance-out.sql,2056045.54,130370.77
CZ14/Gro&0&cDXGF&Ex&dxAC_equip/NE-dxAC-PkgAC-gt760-Ex-EER-12.0/instance-out.sql,2046376.01,130370.77
CZ14/Hsp&0&cDXGF&Ex&dxAC_equip/NE-dxAC-PkgAC-65to134-Ex-EER-11.0/instance-out.sql,4077076.09,489964.29
CZ14/Hsp&0&cDXGF&Ex&dxAC_equip/NE-dxAC-PkgAC-65to134-Ex-EER-11.5/instance-out.sql,4067935.36,489964.29
CZ14/Hsp&0&cDXGF&Ex&dxAC_equip/NE-dxAC-PkgAC-65to134-Ex-EER-12.0/instance-out.sql,4059545.31,489964.29
CZ14/Hsp&0&cDXGF&Ex&dxAC_equip/NE-dxAC-PkgAC-65to134-Ex-EER-12.5/instance-out.sql,4051817.13,489964.29
CZ14/Hsp&0&cDXGF&Ex&dxAC_equip/NE-dxAC-PkgAC-65to134-Ex-EER-13.0/instance-out.sql,4044272.20,489964.29
CZ14/Hsp&0&cDXGF&Ex&dxAC_equip/NE-dxAC-PkgAC-135to239-Ex-EER-10.8/instance-out.sql,4076515.82,489964.29
CZ14/Hsp&0&cDXGF&Ex&dxAC_equip/NE-dxAC-PkgAC-135to239-Ex-EER-11.5/instance-out.sql,4063406.05,489964.29
CZ14/Hsp&0&cDXGF&Ex&dxAC_equip/NE-dxAC-PkgAC-135to239-Ex-EER-12.0/instance-out.sql,4055376.54,489964.29
CZ14/Hsp&0&cDXGF&Ex&dxAC_equip/NE-dxAC-PkgAC-135to239-Ex-EER-12.5/instance-out.sql,4047549.47,489964.29
CZ14/Hsp&0&cDXGF&Ex&dxAC_equip/NE-dxAC-PkgAC-240to759-Ex-EER-9.8/instance-out.sql,4082845.36,489964.29
CZ14/Hsp&0&cDXGF&Ex&dxAC_equip/NE-dxAC-PkgAC-240to759-Ex-EER-10.8/instance-out.sql,4062915.15,489964.29
CZ14/Hsp&0&cDXGF&Ex&dxAC_equip/NE-dxAC-PkgAC-240to759-Ex-EER-11.5/instance-out.sql,4050516.18,489964.29
CZ14/Hsp&0&cDXGF&Ex&dxAC_equip/NE-dxAC-PkgAC-240to759-Ex-EER-12.5/instance-out.sql,4035468.90,489964.29
CZ14/Hsp&0&cDXGF&Ex&dxAC_equip/NE-dxAC-PkgAC-gt760-Ex-EER-9.5/instance-out.sql,4078205.52,489964.29
CZ14/Hsp&0&cDXGF&Ex&dxAC_equip/NE-dxAC-PkgAC-gt760-Ex-EER-10.2/instance-out.sql,4063406.05,489964.29
CZ14/Hsp&0&cDXGF&Ex&dxAC_equip/NE-dxAC-PkgAC-gt760-Ex-EER-11.0/instance-out.sql,4049233.09,489964.29
CZ14/Hsp&0&cDXGF&Ex&dxAC_equip/NE-dxAC-PkgAC-gt760-Ex-EER-12.0/instance-out.sql,4033667.48,489964.29
CZ14/MBT&0&cDXGF&Ex&dxAC_equip/NE-dxAC-PkgAC-65to134-Ex-EER-11.0/instance-out.sql,4202928.20,2386382.55
CZ14/MBT&0&cDXGF&Ex&dxAC_equip/NE-dxAC-PkgAC-65to134-Ex-EER-11.5/instance-out.sql,4190607.21,2386382.55
CZ14/MBT&0&cDXGF&Ex&dxAC_equip/NE-dxAC-PkgAC-65to134-Ex-EER-12.0/instance-out.sql,4179298.09,2386382.55
CZ14/MBT&0&cDXGF&Ex&dxAC_equip/NE-dxAC-PkgAC-65to134-Ex-EER-12.5/instance-out.sql,4168881.10,2386382.55
CZ14/MBT&0&cDXGF&Ex&dxAC_equip/NE-dxAC-PkgAC-65to134-Ex-EER-13.0/instance-out.sql,4158711.13,2386382.55
CZ14/MBT&0&cDXGF&Ex&dxAC_equip/NE-dxAC-PkgAC-135to239-Ex-EER-10.8/instance-out.sql,4202173.00,2386382.55
CZ14/MBT&0&cDXGF&Ex&dxAC_equip/NE-dxAC-PkgAC-135to239-Ex-EER-11.5/instance-out.sql,4184502.05,2386382.55
CZ14/MBT&0&cDXGF&Ex&dxAC_equip/NE-dxAC-PkgAC-135to239-Ex-EER-12.0/instance-out.sql,4173678.91,2386382.55
CZ14/MBT&0&cDXGF&Ex&dxAC_equip/NE-dxAC-PkgAC-135to239-Ex-EER-12.5/instance-out.sql,4163128.63,2386382.55
CZ14/MBT&0&cDXGF&Ex&dxAC_equip/NE-dxAC-PkgAC-240to759-Ex-EER-9.8/instance-out.sql,4210704.72,2386382.55
CZ14/MBT&0&cDXGF&Ex&dxAC_equip/NE-dxAC-PkgAC-240to759-Ex-EER-10.8/instance-out.sql,4183840.37,2386382.55
CZ14/MBT&0&cDXGF&Ex&dxAC_equip/NE-dxAC-PkgAC-240to759-Ex-EER-11.5/instance-out.sql,4167127.53,2386382.55
CZ14/MBT&0&cDXGF&Ex&dxAC_equip/NE-dxAC-PkgAC-240to759-Ex-EER-12.5/instance-out.sql,4146844.97,2386382.55
CZ14/MBT&0&cDXGF&Ex&dxAC_equip/NE-dxAC-PkgAC-gt760-Ex-EER-9.5/instance-out.sql,4204450.59,2386382.55
CZ14/MBT&0&cDXGF&Ex&dxAC_equip/NE-dxAC-PkgAC-gt760-Ex-EER-10.2/instance-out.sql,4184502.05,2386382.55
CZ14/MBT&0&cDXGF&Ex&dxAC_equip/NE-dxAC-PkgAC-gt760-Ex-EER-11.0/instance-out.sql,4165398.03,2386382.55
CZ14/MBT&0&cDXGF&Ex&dxAC_equip/NE-dxAC-PkgAC-gt760-Ex-EER-12.0/instance-out.sql,4144416.80,2386382.55
CZ14/MLI&0&cDXGF&Ex&dxAC_equip/NE-dxAC-PkgAC-65to134-Ex-EER-11.0/instance-out.sql,1207043.36,111930.04
CZ14/MLI&0&cDXGF&Ex&dxAC_equip/NE-dxAC-PkgAC-65to134-Ex-EER-11.5/instance-out.sql,1195124.90,111930.04
CZ14/MLI&0&cDXGF&Ex&dxAC_equip/NE-dxAC-PkgAC-65to134-Ex-EER-12.0/instance-out.sql,1184185.26,111930.04
CZ14/MLI&0&cDXGF&Ex&dxAC_equip/NE-dxAC-PkgAC-65to134-Ex-EER-12.5/instance-out.sql,1174108.60,111930.04
CZ14/MLI&0&cDXGF&Ex&dxAC_equip/NE-dxAC-PkgAC-65to134-Ex-EER-13.0/instance-out.sql,1164270.88,111930.04
CZ14/MLI&0&cDXGF&Ex&dxAC_equip/NE-dxAC-PkgAC-135to239-Ex-EER-10.8/instance-out.sql,1206312.84,111930.04
CZ14/MLI&0&cDXGF&Ex&dxAC_equip/NE-dxAC-PkgAC-135to239-Ex-EER-11.5/instance-out.sql,1189219.21,111930.04
CZ14/MLI&0&cDXGF&Ex&dxAC_equip/NE-dxAC-PkgAC-135to239-Ex-EER-12.0/instance-out.sql,1178749.66,111930.04
CZ14/MLI&0&cDXGF&Ex&dxAC_equip/NE-dxAC-PkgAC-135to239-Ex-EER-12.5/instance-out.sql,1168544.06,111930.04
CZ14/MLI&0&cDXGF&Ex&dxAC_equip/NE-dxAC-PkgAC-240to759-Ex-EER-9.8/instance-out.sql,1214565.82,111930.04
CZ14/MLI&0&cDXGF&Ex&dxAC_equip/NE-dxAC-PkgAC-240to759-Ex-EER-10.8/instance-out.sql,1188579.14,111930.04
CZ14/MLI&0&cDXGF&Ex&dxAC_equip/NE-dxAC-PkgAC-240to759-Ex-EER-11.5/instance-out.sql,1172412.31,111930.04
CZ14/MLI&0&cDXGF&Ex&dxAC_equip/NE-dxAC-PkgAC-240to759-Ex-EER-12.5/instance-out.sql,1152792.39,111930.04
CZ14/MLI&0&cDXGF&Ex&dxAC_equip/NE-dxAC-PkgAC-gt760-Ex-EER-9.5/instance-out.sql,1208516.01,111930.04
CZ14/MLI&0&cDXGF&Ex&dxAC_equip/NE-dxAC-PkgAC-gt760-Ex-EER-10.2/instance-out.sql,1189219.21,111930.04
CZ14/MLI&0&cDXGF&Ex&dxAC_equip/NE-dxAC-PkgAC-gt760-Ex-EER-11.0/instance-out.sql,1170739.31,111930.04
CZ14/MLI&0&cDXGF&Ex&dxAC_equip/NE-dxAC-PkgAC-gt760-Ex-EER-12.0/instance-out.sql,1150443.55,111930.04
CZ14/Mtl&0&cDXGF&Ex&dxAC_equip/NE-dxAC-PkgAC-65to134-Ex-EER-11.0/instance-out.sql,209730.77,17614.42
CZ14/Mtl&0&cDXGF&Ex&dxAC_equip/NE-dxAC-PkgAC-65to134-Ex-EER-11.5/instance-out.sql,207455.01,17614.42
CZ14/Mtl&0&cDXGF&Ex&dxAC_equip/NE-dxAC-PkgAC-65to134-Ex-EER-12.0/instance-out.sql,205366.14,17614.42
CZ14/Mtl&0&cDXGF&Ex&dxAC_equip/NE-dxAC-PkgAC-65to134-Ex-EER-12.5/instance-out.sql,203442.05,17614.42
CZ14/Mtl&0&cDXGF&Ex&dxAC_equip/NE-dxAC-PkgAC-65to134-Ex-EER-13.0/instance-out.sql,201563.59,17614.42
CZ14/Mtl&0&cDXGF&Ex&dxAC_equip/NE-dxAC-PkgAC-135to239-Ex-EER-10.8/instance-out.sql,209591.28,17614.42
CZ14/Mtl&0&cDXGF&Ex&dxAC_equip/NE-dxAC-PkgAC-135to239-Ex-EER-11.5/instance-out.sql,206327.34,17614.42
CZ14/Mtl&0&cDXGF&Ex&dxAC_equip/NE-dxAC-PkgAC-135to239-Ex-EER-12.0/instance-out.sql,204328.24,17614.42
CZ14/Mtl&0&cDXGF&Ex&dxAC_equip/NE-dxAC-PkgAC-135to239-Ex-EER-12.5/instance-out.sql,202379.53,17614.42
CZ14/Mtl&0&cDXGF&Ex&dxAC_equip/NE-dxAC-PkgAC-240to759-Ex-EER-9.8/instance-out.sql,211167.15,17614.42
CZ14/Mtl&0&cDXGF&Ex&dxAC_equip/NE-dxAC-PkgAC-240to759-Ex-EER-10.8/instance-out.sql,206205.13,17614.42
CZ14/Mtl&0&cDXGF&Ex&dxAC_equip/NE-dxAC-PkgAC-240to759-Ex-EER-11.5/instance-out.sql,203118.15,17614.42
CZ14/Mtl&0&cDXGF&Ex&dxAC_equip/NE-dxAC-PkgAC-240to759-Ex-EER-12.5/instance-out.sql,199371.83,17614.42
CZ14/Mtl&0&cDXGF&Ex&dxAC_equip/NE-dxAC-PkgAC-gt760-Ex-EER-9.5/instance-out.sql,210011.97,17614.42
CZ14/Mtl&0&cDXGF&Ex&dxAC_equip/NE-dxAC-PkgAC-gt760-Ex-EER-10.2/instance-out.sql,206327.34,17614.42
CZ14/Mtl&0&cDXGF&Ex&dxAC_equip/NE-dxAC-PkgAC-gt760-Ex-EER-11.0/instance-out.sql,202798.70,17614.42
CZ14/Mtl&0&cDXGF&Ex&dxAC_equip/NE-dxAC-PkgAC-gt760-Ex-EER-12.0/instance-out.sql,198923.33,17614.42
CZ14/Nrs&0&cDXGF&Ex&dxAC_equip/NE-dxAC-PkgAC-65to134-Ex-EER-11.0/instance-out.sql,928002.42,237447.87
CZ14/Nrs&0&cDXGF&Ex&dxAC_equip/NE-dxAC-PkgAC-65to134-Ex-EER-11.5/instance-out.sql,923869.52,237447.87
CZ14/Nrs&0&cDXGF&Ex&dxAC_equip/NE-dxAC-PkgAC-65to134-Ex-EER-12.0/instance-out.sql,920076.03,237447.87
CZ14/Nrs&0&cDXGF&Ex&dxAC_equip/NE-dxAC-PkgAC-65to134-Ex-EER-12.5/instance-out.sql,916581.81,237447.87
CZ14/Nrs&0&cDXGF&Ex&dxAC_equip/NE-dxAC-PkgAC-65to134-Ex-EER-13.0/instance-out.sql,913170.43,237447.87
CZ14/Nrs&0&cDXGF&Ex&dxAC_equip/NE-dxAC-PkgAC-135to239-Ex-EER-10.8/instance-out.sql,927749.10,237447.87
CZ14/Nrs&0&cDXGF&Ex&dxAC_equip/NE-dxAC-PkgAC-135to239-Ex-EER-11.5/instance-out.sql,921821.63,237447.87
CZ14/Nrs&0&cDXGF&Ex&dxAC_equip/NE-dxAC-PkgAC-135to239-Ex-EER-12.0/instance-out.sql,918191.16,237447.87
CZ14/Nrs&0&cDXGF&Ex&dxAC_equip/NE-dxAC-PkgAC-135to239-Ex-EER-12.5/instance-out.sql,914652.22,237447.87
CZ14/Nrs&0&cDXGF&Ex&dxAC_equip/NE-dxAC-PkgAC-240to759-Ex-EER-9.8/instance-out.sql,930610.94,237447.87
CZ14/Nrs&0&cDXGF&Ex&dxAC_equip/NE-dxAC-PkgAC-240to759-Ex-EER-10.8/instance-out.sql,921599.68,237447.87
CZ14/Nrs&0&cDXGF&Ex&dxAC_equip/NE-dxAC-PkgAC-240to759-Ex-EER-11.5/instance-out.sql,915993.59,237447.87
CZ14/Nrs&0&cDXGF&Ex&dxAC_equip/NE-dxAC-PkgAC-240to759-Ex-EER-12.5/instance-out.sql,909190.10,237447.87
CZ14/Nrs&0&cDXGF&Ex&dxAC_equip/NE-dxAC-PkgAC-gt760-Ex-EER-9.5/instance-out.sql,928513.08,237447.87
CZ14/Nrs&0&cDXGF&Ex&dxAC_equip/NE-dxAC-PkgAC-gt760-Ex-EER-10.2/instance-out.sql,921821.63,237447.87
CZ14/Nrs&0&cDXGF&Ex&dxAC_equip/NE-dxAC-PkgAC-gt760-Ex-EER-11.0/instance-out.sql,915413.46,237447.87
CZ14/Nrs&0&cDXGF&Ex&dxAC_equip/NE-dxAC-PkgAC-gt760-Ex-EER-12.0/instance-out.sql,908375.60,237447.87
CZ14/OfL&0&cDXGF&Ex&dxAC_equip/NE-dxAC-PkgAC-65to134-Ex-EER-11.0/instance-out.sql,3063644.61,146007.55
CZ14/OfL&0&cDXGF&Ex&dxAC_equip/NE-dxAC-PkgAC-65to134-Ex-EER-11.5/instance-out.sql,3038391.10,146007.55
CZ14/OfL&0&cDXGF&Ex&dxAC_equip/NE-dxAC-PkgAC-65to134-Ex-EER-12.0/instance-out.sql,3015211.56,146007.55
CZ14/OfL&0&cDXGF&Ex&dxAC_equip/NE-dxAC-PkgAC-65to134-Ex-EER-12.5/instance-out.sql,2993860.56,146007.55
CZ14/OfL&0&cDXGF&Ex&dxAC_equip/NE-dxAC-PkgAC-65to134-Ex-EER-13.0/instance-out.sql,2973015.85,146007.55
CZ14/OfL&0&cDXGF&Ex&dxAC_equip/NE-dxAC-PkgAC-135to239-Ex-EER-10.8/instance-out.sql,3062096.73,146007.55
CZ14/OfL&0&cDXGF&Ex&dxAC_equip/NE-dxAC-PkgAC-135to239-Ex-EER-11.5/instance-out.sql,3025877.78,146007.55
CZ14/OfL&0&cDXGF&Ex&dxAC_equip/NE-dxAC-PkgAC-135to239-Ex-EER-12.0/instance-out.sql,3003694.31,146007.55
CZ14/OfL&0&cDXGF&Ex&dxAC_equip/NE-dxAC-PkgAC-135to239-Ex-EER-12.5/instance-out.sql,2982070.09,146007.55
CZ14/OfL&0&cDXGF&Ex&dxAC_equip/NE-dxAC-PkgAC-240to759-Ex-EER-9.8/instance-out.sql,3079583.63,146007.55
CZ14/OfL&0&cDXGF&Ex&dxAC_equip/NE-dxAC-PkgAC-240to759-Ex-EER-10.8/instance-out.sql,3024521.57,146007.55
CZ14/OfL&0&cDXGF&Ex&dxAC_equip/NE-dxAC-PkgAC-240to759-Ex-EER-11.5/instance-out.sql,2990266.37,146007.55
CZ14/OfL&0&cDXGF&Ex&dxAC_equip/NE-dxAC-PkgAC-240to759-Ex-EER-12.5/instance-out.sql,2948694.57,146007.55
CZ14/OfL&0&cDXGF&Ex&dxAC_equip/NE-dxAC-PkgAC-gt760-Ex-EER-9.5/instance-out.sql,3066764.95,146007.55
CZ14/OfL&0&cDXGF&Ex&dxAC_equip/NE-dxAC-PkgAC-gt760-Ex-EER-10.2/instance-out.sql,3025877.78,146007.55
CZ14/OfL&0&cDXGF&Ex&dxAC_equip/NE-dxAC-PkgAC-gt760-Ex-EER-11.0/instance-out.sql,2986721.52,146007.55
CZ14/OfL&0&cDXGF&Ex&dxAC_equip/NE-dxAC-PkgAC-gt760-Ex-EER-12.0/instance-out.sql,2943717.70,146007.55
CZ14/OfS&0&cDXGF&Ex&dxAC_equip/NE-dxAC-PkgAC-65to134-Ex-EER-11.0/instance-out.sql,169181.85,22080.49
CZ14/OfS&0&cDXGF&Ex&dxAC_equip/NE-dxAC-PkgAC-65to134-Ex-EER-11.5/instance-out.sql,167212.36,22080.49
CZ14/OfS&0&cDXGF&Ex&dxAC_equip/NE-dxAC-PkgAC-65to134-Ex-EER-12.0/instance-out.sql,165404.61,22080.49
CZ14/OfS&0&cDXGF&Ex&dxAC_equip/NE-dxAC-PkgAC-65to134-Ex-EER-12.5/instance-out.sql,163739.47,22080.49
CZ14/OfS&0&cDXGF&Ex&dxAC_equip/NE-dxAC-PkgAC-65to134-Ex-EER-13.0/instance-out.sql,162113.82,22080.49
CZ14/OfS&0&cDXGF&Ex&dxAC_equip/NE-dxAC-PkgAC-135to239-Ex-EER-10.8/instance-out.sql,169061.14,22080.49
CZ14/OfS&0&cDXGF&Ex&dxAC_equip/NE-dxAC-PkgAC-135to239-Ex-EER-11.5/instance-out.sql,166236.46,22080.49
CZ14/OfS&0&cDXGF&Ex&dxAC_equip/NE-dxAC-PkgAC-135to239-Ex-EER-12.0/instance-out.sql,164506.40,22080.49
CZ14/OfS&0&cDXGF&Ex&dxAC_equip/NE-dxAC-PkgAC-135to239-Ex-EER-12.5/instance-out.sql,162819.95,22080.49
CZ14/OfS&0&cDXGF&Ex&dxAC_equip/NE-dxAC-PkgAC-240to759-Ex-EER-9.8/instance-out.sql,170424.92,22080.49
CZ14/OfS&0&cDXGF&Ex&dxAC_equip/NE-dxAC-PkgAC-240to759-Ex-EER-10.8/instance-out.sql,166130.69,22080.49
CZ14/OfS&0&cDXGF&Ex&dxAC_equip/NE-dxAC-PkgAC-240to759-Ex-EER-11.5/instance-out.sql,163459.16,22080.49
CZ14/OfS&0&cDXGF&Ex&dxAC_equip/NE-dxAC-PkgAC-240to759-Ex-EER-12.5/instance-out.sql,160217.03,22080.49
CZ14/OfS&0&cDXGF&Ex&dxAC_equip/NE-dxAC-PkgAC-gt760-Ex-EER-9.5/instance-out.sql,169425.21,22080.49
CZ14/OfS&0&cDXGF&Ex&dxAC_equip/NE-dxAC-PkgAC-gt760-Ex-EER-10.2/instance-out.sql,166236.46,22080.49
CZ14/OfS&0&cDXGF&Ex&dxAC_equip/NE-dxAC-PkgAC-gt760-Ex-EER-11.0/instance-out.sql,163182.71,22080.49
CZ14/OfS&0&cDXGF&Ex&dxAC_equip/NE-dxAC-PkgAC-gt760-Ex-EER-12.0/instance-out.sql,159828.88,22080.49
CZ14/RFF&0&cDXGF&Ex&dxAC_equip/NE-dxAC-PkgAC-65to134-Ex-EER-11.0/instance-out.sql,81185.20,43789.13
CZ14/RFF&0&cDXGF&Ex&dxAC_equip/NE-dxAC-PkgAC-65to134-Ex-EER-11.5/instance-out.sql,80589.69,43789.13
CZ14/RFF&0&cDXGF&Ex&dxAC_equip/NE-dxAC-PkgAC-65to134-Ex-EER-12.0/instance-out.sql,80043.09,43789.13
CZ14/RFF&0&cDXGF&Ex&dxAC_equip/NE-dxAC-PkgAC-65to134-Ex-EER-12.5/instance-out.sql,79539.61,43789.13
CZ14/RFF&0&cDXGF&Ex&dxAC_equip/NE-dxAC-PkgAC-65to134-Ex-EER-13.0/instance-out.sql,79048.06,43789.13
CZ14/RFF&0&cDXGF&Ex&dxAC_equip/NE-dxAC-PkgAC-135to239-Ex-EER-10.8/instance-out.sql,81148.70,43789.13
CZ14/RFF&0&cDXGF&Ex&dxAC_equip/NE-dxAC-PkgAC-135to239-Ex-EER-11.5/instance-out.sql,80294.61,43789.13
CZ14/RFF&0&cDXGF&Ex&dxAC_equip/NE-dxAC-PkgAC-135to239-Ex-EER-12.0/instance-out.sql,79771.50,43789.13
CZ14/RFF&0&cDXGF&Ex&dxAC_equip/NE-dxAC-PkgAC-135to239-Ex-EER-12.5/instance-out.sql,79261.57,43789.13
CZ14/RFF&0&cDXGF&Ex&dxAC_equip/NE-dxAC-PkgAC-240to759-Ex-EER-9.8/instance-out.sql,81561.06,43789.13
CZ14/RFF&0&cDXGF&Ex&dxAC_equip/NE-dxAC-PkgAC-240to759-Ex-EER-10.8/instance-out.sql,80262.63,43789.13
CZ14/RFF&0&cDXGF&Ex&dxAC_equip/NE-dxAC-PkgAC-240to759-Ex-EER-11.5/instance-out.sql,79454.85,43789.13
CZ14/RFF&0&cDXGF&Ex&dxAC_equip/NE-dxAC-PkgAC-240to759-Ex-EER-12.5/instance-out.sql,78474.54,43789.13
CZ14/RFF&0&cDXGF&Ex&dxAC_equip/NE-dxAC-PkgAC-gt760-Ex-EER-9.5/instance-out.sql,81258.78,43789.13
CZ14/RFF&0&cDXGF&Ex&dxAC_equip/NE-dxAC-PkgAC-gt760-Ex-EER-10.2/instance-out.sql,80294.61,43789.13
CZ14/RFF&0&cDXGF&Ex&dxAC_equip/NE-dxAC-PkgAC-gt760-Ex-EER-11.0/instance-out.sql,79371.26,43789.13
CZ14/RFF&0&cDXGF&Ex&dxAC_equip/NE-dxAC-PkgAC-gt760-Ex-EER-12.0/instance-out.sql,78357.18,43789.13
CZ14/RSD&0&cDXGF&Ex&dxAC_equip/NE-dxAC-PkgAC-65to134-Ex-EER-11.0/instance-out.sql,167311.68,137882.95
CZ14/RSD&0&cDXGF&Ex&dxAC_equip/NE-dxAC-PkgAC-65to134-Ex-EER-11.5/instance-out.sql,167012.87,137882.95
CZ14/RSD&0&cDXGF&Ex&dxAC_equip/NE-dxAC-PkgAC-65to134-Ex-EER-12.0/instance-out.sql,166738.61,137882.95
CZ14/RSD&0&cDXGF&Ex&dxAC_equip/NE-dxAC-PkgAC-65to134-Ex-EER-12.5/instance-out.sql,166485.98,137882.95
CZ14/RSD&0&cDXGF&Ex&dxAC_equip/NE-dxAC-PkgAC-65to134-Ex-EER-13.0/instance-out.sql,166239.34,137882.95
CZ14/RSD&0&cDXGF&Ex&dxAC_equip/NE-dxAC-PkgAC-135to239-Ex-EER-10.8/instance-out.sql,167293.36,137882.95
CZ14/RSD&0&cDXGF&Ex&dxAC_equip/NE-dxAC-PkgAC-135to239-Ex-EER-11.5/instance-out.sql,166864.81,137882.95
CZ14/RSD&0&cDXGF&Ex&dxAC_equip/NE-dxAC-PkgAC-135to239-Ex-EER-12.0/instance-out.sql,166602.33,137882.95
CZ14/RSD&0&cDXGF&Ex&dxAC_equip/NE-dxAC-PkgAC-135to239-Ex-EER-12.5/instance-out.sql,166346.47,137882.95
CZ14/RSD&0&cDXGF&Ex&dxAC_equip/NE-dxAC-PkgAC-240to759-Ex-EER-9.8/instance-out.sql,167500.27,137882.95
CZ14/RSD&0&cDXGF&Ex&dxAC_equip/NE-dxAC-PkgAC-240to759-Ex-EER-10.8/instance-out.sql,166848.77,137882.95
CZ14/RSD&0&cDXGF&Ex&dxAC_equip/NE-dxAC-PkgAC-240to759-Ex-EER-11.5/instance-out.sql,166443.45,137882.95
CZ14/RSD&0&cDXGF&Ex&dxAC_equip/NE-dxAC-PkgAC-240to759-Ex-EER-12.5/instance-out.sql,165951.57,137882.95
CZ14/RSD&0&cDXGF&Ex&dxAC_equip/NE-dxAC-PkgAC-gt760-Ex-EER-9.5/instance-out.sql,167348.60,137882.95
CZ14/RSD&0&cDXGF&Ex&dxAC_equip/NE-dxAC-PkgAC-gt760-Ex-EER-10.2/instance-out.sql,166864.81,137882.95
CZ14/RSD&0&cDXGF&Ex&dxAC_equip/NE-dxAC-PkgAC-gt760-Ex-EER-11.0/instance-out.sql,166401.51,137882.95
CZ14/RSD&0&cDXGF&Ex&dxAC_equip/NE-dxAC-PkgAC-gt760-Ex-EER-12.0/instance-out.sql,165892.68,137882.95
CZ14/Rt3&0&cDXGF&Ex&dxAC_equip/NE-dxAC-PkgAC-65to134-Ex-EER-11.0/instance-out.sql,2291450.13,175544.56
CZ14/Rt3&0&cDXGF&Ex&dxAC_equip/NE-dxAC-PkgAC-65to134-Ex-EER-11.5/instance-out.sql,2271308.62,175544.56
CZ14/Rt3&0&cDXGF&Ex&dxAC_equip/NE-dxAC-PkgAC-65to134-Ex-EER-12.0/instance-out.sql,2252821.24,175544.56
CZ14/Rt3&0&cDXGF&Ex&dxAC_equip/NE-dxAC-PkgAC-65to134-Ex-EER-12.5/instance-out.sql,2235792.26,175544.56
CZ14/Rt3&0&cDXGF&Ex&dxAC_equip/NE-dxAC-PkgAC-65to134-Ex-EER-13.0/instance-out.sql,2219167.08,175544.56
CZ14/Rt3&0&cDXGF&Ex&dxAC_equip/NE-dxAC-PkgAC-135to239-Ex-EER-10.8/instance-out.sql,2290215.58,175544.56
CZ14/Rt3&0&cDXGF&Ex&dxAC_equip/NE-dxAC-PkgAC-135to239-Ex-EER-11.5/instance-out.sql,2261328.33,175544.56
CZ14/Rt3&0&cDXGF&Ex&dxAC_equip/NE-dxAC-PkgAC-135to239-Ex-EER-12.0/instance-out.sql,2243635.39,175544.56
CZ14/Rt3&0&cDXGF&Ex&dxAC_equip/NE-dxAC-PkgAC-135to239-Ex-EER-12.5/instance-out.sql,2226388.50,175544.56
CZ14/Rt3&0&cDXGF&Ex&dxAC_equip/NE-dxAC-PkgAC-240to759-Ex-EER-9.8/instance-out.sql,2304162.66,175544.56
CZ14/Rt3&0&cDXGF&Ex&dxAC_equip/NE-dxAC-PkgAC-240to759-Ex-EER-10.8/instance-out.sql,2260246.65,175544.56
CZ14/Rt3&0&cDXGF&Ex&dxAC_equip/NE-dxAC-PkgAC-240to759-Ex-EER-11.5/instance-out.sql,2232925.63,175544.56
CZ14/Rt3&0&cDXGF&Ex&dxAC_equip/NE-dxAC-PkgAC-240to759-Ex-EER-12.5/instance-out.sql,2199769.09,175544.56
CZ14/Rt3&0&cDXGF&Ex&dxAC_equip/NE-dxAC-PkgAC-gt760-Ex-EER-9.5/instance-out.sql,2293938.83,175544.56
CZ14/Rt3&0&cDXGF&Ex&dxAC_equip/NE-dxAC-PkgAC-gt760-Ex-EER-10.2/instance-out.sql,2261328.33,175544.56
CZ14/Rt3&0&cDXGF&Ex&dxAC_equip/NE-dxAC-PkgAC-gt760-Ex-EER-11.0/instance-out.sql,2230098.36,175544.56
CZ14/Rt3&0&cDXGF&Ex&dxAC_equip/NE-dxAC-PkgAC-gt760-Ex-EER-12.0/instance-out.sql,2195799.67,175544.56
CZ14/RtL&0&cDXGF&Ex&dxAC_equip/NE-dxAC-PkgAC-65to134-Ex-EER-11.0/instance-out.sql,2332749.68,175491.65
CZ14/RtL&0&cDXGF&Ex&dxAC_equip/NE-dxAC-PkgAC-65to134-Ex-EER-11.5/instance-out.sql,2311904.05,175491.65
CZ14/RtL&0&cDXGF&Ex&dxAC_equip/NE-dxAC-PkgAC-65to134-Ex-EER-12.0/instance-out.sql,2292770.38,175491.65
CZ14/RtL&0&cDXGF&Ex&dxAC_equip/NE-dxAC-PkgAC-65to134-Ex-EER-12.5/instance-out.sql,2275146.09,175491.65
CZ14/RtL&0&cDXGF&Ex&dxAC_equip/NE-dxAC-PkgAC-65to134-Ex-EER-13.0/instance-out.sql,2257939.73,175491.65
CZ14/RtL&0&cDXGF&Ex&dxAC_equip/NE-dxAC-PkgAC-135to239-Ex-EER-10.8/instance-out.sql,2331471.98,175491.65
CZ14/RtL&0&cDXGF&Ex&dxAC_equip/NE-dxAC-PkgAC-135to239-Ex-EER-11.5/instance-out.sql,2301574.86,175491.65
CZ14/RtL&0&cDXGF&Ex&dxAC_equip/NE-dxAC-PkgAC-135to239-Ex-EER-12.0/instance-out.sql,2283263.41,175491.65
CZ14/RtL&0&cDXGF&Ex&dxAC_equip/NE-dxAC-PkgAC-135to239-Ex-EER-12.5/instance-out.sql,2265413.59,175491.65
CZ14/RtL&0&cDXGF&Ex&dxAC_equip/NE-dxAC-PkgAC-240to759-Ex-EER-9.8/instance-out.sql,2345906.63,175491.65
CZ14/RtL&0&cDXGF&Ex&dxAC_equip/NE-dxAC-PkgAC-240to759-Ex-EER-10.8/instance-out.sql,2300455.37,175491.65
CZ14/RtL&0&cDXGF&Ex&dxAC_equip/NE-dxAC-PkgAC-240to759-Ex-EER-11.5/instance-out.sql,2272179.25,175491.65
CZ14/RtL&0&cDXGF&Ex&dxAC_equip/NE-dxAC-PkgAC-240to759-Ex-EER-12.5/instance-out.sql,2237863.61,175491.65
CZ14/RtL&0&cDXGF&Ex&dxAC_equip/NE-dxAC-PkgAC-gt760-Ex-EER-9.5/instance-out.sql,2335325.38,175491.65
CZ14/RtL&0&cDXGF&Ex&dxAC_equip/NE-dxAC-PkgAC-gt760-Ex-EER-10.2/instance-out.sql,2301574.86,175491.65
CZ14/RtL&0&cDXGF&Ex&dxAC_equip/NE-dxAC-PkgAC-gt760-Ex-EER-11.0/instance-out.sql,2269253.14,175491.65
CZ14/RtL&0&cDXGF&Ex&dxAC_equip/NE-dxAC-PkgAC-gt760-Ex-EER-12.0/instance-out.sql,2233755.42,175491.65
CZ14/RtS&0&cDXGF&Ex&dxAC_equip/NE-dxAC-PkgAC-65to134-Ex-EER-11.0/instance-out.sql,150560.40,18268.06
CZ14/RtS&0&cDXGF&Ex&dxAC_equip/NE-dxAC-PkgAC-65to134-Ex-EER-11.5/instance-out.sql,148947.82,18268.06
CZ14/RtS&0&cDXGF&Ex&dxAC_equip/NE-dxAC-PkgAC-65to134-Ex-EER-12.0/instance-out.sql,147467.66,18268.06
CZ14/RtS&0&cDXGF&Ex&dxAC_equip/NE-dxAC-PkgAC-65to134-Ex-EER-12.5/instance-out.sql,146104.28,18268.06
CZ14/RtS&0&cDXGF&Ex&dxAC_equip/NE-dxAC-PkgAC-65to134-Ex-EER-13.0/instance-out.sql,144773.22,18268.06
CZ14/RtS&0&cDXGF&Ex&dxAC_equip/NE-dxAC-PkgAC-135to239-Ex-EER-10.8/instance-out.sql,150461.56,18268.06
CZ14/RtS&0&cDXGF&Ex&dxAC_equip/NE-dxAC-PkgAC-135to239-Ex-EER-11.5/instance-out.sql,148148.76,18268.06
CZ14/RtS&0&cDXGF&Ex&dxAC_equip/NE-dxAC-PkgAC-135to239-Ex-EER-12.0/instance-out.sql,146732.22,18268.06
CZ14/RtS&0&cDXGF&Ex&dxAC_equip/NE-dxAC-PkgAC-135to239-Ex-EER-12.5/instance-out.sql,145351.38,18268.06
CZ14/RtS&0&cDXGF&Ex&dxAC_equip/NE-dxAC-PkgAC-240to759-Ex-EER-9.8/instance-out.sql,151578.20,18268.06
CZ14/RtS&0&cDXGF&Ex&dxAC_equip/NE-dxAC-PkgAC-240to759-Ex-EER-10.8/instance-out.sql,148062.16,18268.06
CZ14/RtS&0&cDXGF&Ex&dxAC_equip/NE-dxAC-PkgAC-240to759-Ex-EER-11.5/instance-out.sql,145874.76,18268.06
CZ14/RtS&0&cDXGF&Ex&dxAC_equip/NE-dxAC-PkgAC-240to759-Ex-EER-12.5/instance-out.sql,143220.16,18268.06
CZ14/RtS&0&cDXGF&Ex&dxAC_equip/NE-dxAC-PkgAC-gt760-Ex-EER-9.5/instance-out.sql,150759.65,18268.06
CZ14/RtS&0&cDXGF&Ex&dxAC_equip/NE-dxAC-PkgAC-gt760-Ex-EER-10.2/instance-out.sql,148148.76,18268.06
CZ14/RtS&0&cDXGF&Ex&dxAC_equip/NE-dxAC-PkgAC-gt760-Ex-EER-11.0/instance-out.sql,145648.41,18268.06
CZ14/RtS&0&cDXGF&Ex&dxAC_equip/NE-dxAC-PkgAC-gt760-Ex-EER-12.0/instance-out.sql,142902.36,18268.06
CZ14/SCn&0&cDXGF&Ex&dxAC_equip/NE-dxAC-PkgAC-65to134-Ex-EER-11.0/instance-out.sql,3754362.63,521427.89
CZ14/SCn&0&cDXGF&Ex&dxAC_equip/NE-dxAC-PkgAC-65to134-Ex-EER-11.5/instance-out.sql,3711925.40,521427.89
CZ14/SCn&0&cDXGF&Ex&dxAC_equip/NE-dxAC-PkgAC-65to134-Ex-EER-12.0/instance-out.sql,3672973.35,521427.89
CZ14/SCn&0&cDXGF&Ex&dxAC_equip/NE-dxAC-PkgAC-65to134-Ex-EER-12.5/instance-out.sql,3637094.09,521427.89
CZ14/SCn&0&cDXGF&Ex&dxAC_equip/NE-dxAC-PkgAC-65to134-Ex-EER-13.0/instance-out.sql,3602065.62,521427.89
CZ14/SCn&0&cDXGF&Ex&dxAC_equip/NE-dxAC-PkgAC-135to239-Ex-EER-10.8/instance-out.sql,3751761.49,521427.89
CZ14/SCn&0&cDXGF&Ex&dxAC_equip/NE-dxAC-PkgAC-135to239-Ex-EER-11.5/instance-out.sql,3690897.39,521427.89
CZ14/SCn&0&cDXGF&Ex&dxAC_equip/NE-dxAC-PkgAC-135to239-Ex-EER-12.0/instance-out.sql,3653619.21,521427.89
CZ14/SCn&0&cDXGF&Ex&dxAC_equip/NE-dxAC-PkgAC-135to239-Ex-EER-12.5/instance-out.sql,3617280.81,521427.89
CZ14/SCn&0&cDXGF&Ex&dxAC_equip/NE-dxAC-PkgAC-240to759-Ex-EER-9.8/instance-out.sql,3781147.33,521427.89
CZ14/SCn&0&cDXGF&Ex&dxAC_equip/NE-dxAC-PkgAC-240to759-Ex-EER-10.8/instance-out.sql,3688618.35,521427.89
CZ14/SCn&0&cDXGF&Ex&dxAC_equip/NE-dxAC-PkgAC-240to759-Ex-EER-11.5/instance-out.sql,3631054.23,521427.89
CZ14/SCn&0&cDXGF&Ex&dxAC_equip/NE-dxAC-PkgAC-240to759-Ex-EER-12.5/instance-out.sql,3561194.96,521427.89
CZ14/SCn&0&cDXGF&Ex&dxAC_equip/NE-dxAC-PkgAC-gt760-Ex-EER-9.5/instance-out.sql,3759606.20,521427.89
CZ14/SCn&0&cDXGF&Ex&dxAC_equip/NE-dxAC-PkgAC-gt760-Ex-EER-10.2/instance-out.sql,3690897.39,521427.89
CZ14/SCn&0&cDXGF&Ex&dxAC_equip/NE-dxAC-PkgAC-gt760-Ex-EER-11.0/instance-out.sql,3625097.31,521427.89
CZ14/SCn&0&cDXGF&Ex&dxAC_equip/NE-dxAC-PkgAC-gt760-Ex-EER-12.0/instance-out.sql,3552831.58,521427.89

File Name,Unmet Heating (Hours),Unmet Cooling (Hours)
CZ13/Asm&0&cDXGF&Ex&dxAC_equip/NE-dxAC-PkgAC-65to134-Ex-EER-11.0/instance-out.sql,0.00,2.00
CZ13/Asm&0&cDXGF&Ex&dxAC_equip/NE-dxAC-PkgAC-65to134-Ex-EER-11.5/instance-out.sql,0.00,2.00
CZ13/Asm&0&cDXGF&Ex&dxAC_equip/NE-dxAC-PkgAC-65to134-Ex-EER-12.0/instance-out.sql,0.00,2.00
CZ13/Asm&0&cDXGF&Ex&dxAC_equip/NE-dxAC-PkgAC-65to134-Ex-EER-12.5/instance-out.sql,0.00,2.00
CZ13/Asm&0&cDXGF&Ex&dxAC_equip/NE-dxAC-PkgAC-65to134-Ex-EER-13.0/instance-out.sql,0.00,2.00
CZ13/Asm&0&cDXGF&Ex&dxAC_equip/NE-dxAC-PkgAC-135to239-Ex-EER-10.8/instance-out.sql,0.00,2.00
CZ13/Asm&0&cDXGF&Ex&dxAC_equip/NE-dxAC-PkgAC-135to239-Ex-EER-11.5/instance-out.sql,0.00,2.00
CZ13/Asm&0&cDXGF&Ex&dxAC_equip/NE-dxAC-PkgAC-135to239-Ex-EER-12.0/instance-out.sql,0.00,2.00
CZ13/Asm&0&cDXGF&Ex&dxAC_equip/NE-dxAC-PkgAC-135to239-Ex-EER-12.5/instance-out.sql,0.00,2.00
CZ13/Asm&0&cDXGF&Ex&dxAC_equip/NE-dxAC-PkgAC-240to759-Ex-EER-9.8/instance-out.sql,0.00,2.00
CZ13/Asm&0&cDXGF&Ex&dxAC_equip/NE-dxAC-PkgAC-240to759-Ex-EER-10.8/instance-out.sql,0.00,2.00
CZ13/Asm&0&cDXGF&Ex&dxAC_equip/NE-dxAC-PkgAC-240to759-Ex-EER-11.5/instance-out.sql,0.00,2.00
CZ13/Asm&0&cDXGF&Ex&dxAC_equip/NE-dxAC-PkgAC-240to759-Ex-EER-12.5/instance-out.sql,0.00,2.00
CZ13/Asm&0&cDXGF&Ex&dxAC_equip/NE-dxAC-PkgAC-gt760-Ex-EER-9.5/instance-out.sql,0.00,2.00
CZ13/Asm&0&cDXGF&Ex&dxAC_equip/NE-dxAC-PkgAC-gt760-Ex-EER-10.2/instance-out.sql,0.00,2.00
CZ13/Asm&0&cDXGF&Ex&dxAC_equip/NE-dxAC-PkgAC-gt760-Ex-EER-11.0/instance-out.sql,0.00,2.00
CZ13/Asm&0&cDXGF&Ex&dxAC_equip/NE-dxAC-PkgAC-gt760-Ex-EER-12.0/instance-out.sql,0.00,2.00
CZ13/ECC&0&cDXGF&Ex&dxAC_equip/NE-dxAC-PkgAC-65to134-Ex-EER-11.0/instance-out.sql,0.00,4863.00
CZ13/ECC&0&cDXGF&Ex&dxAC_equip/NE-dxAC-PkgAC-65to134-Ex-EER-11.5/instance-out.sql,0.00,4863.00
CZ13/ECC&0&cDXGF&Ex&dxAC_equip/NE-dxAC-PkgAC-65to134-Ex-EER-12.0/instance-out.sql,0.00,4863.00
CZ13/ECC&0&cDXGF&Ex&dxAC_equip/NE-dxAC-PkgAC-65to134-Ex-EER-12.5/instance-out.sql,0.00,4863.00
CZ13/ECC&0&cDXGF&Ex&dxAC_equip/NE-dxAC-PkgAC-65to134-Ex-EER-13.0/instance-out.sql,0.00,4863.00
CZ13/ECC&0&cDXGF&Ex&dxAC_equip/NE-dxAC-PkgAC-135to239-Ex-EER-10.8/instance-out.sql,0.00,4863.00
CZ13/ECC&0&cDXGF&Ex&dxAC_equip/NE-dxAC-PkgAC-135to239-Ex-EER-11.5/instance-out.sql,0.00,4863.00
CZ13/ECC&0&cDXGF&Ex&dxAC_equip/NE-dxAC-PkgAC-135to239-Ex-EER-12.0/instance-out.sql,0.00,4863.00
CZ13/ECC&0&cDXGF&Ex&dxAC_equip/NE-dxAC-PkgAC-135to239-Ex-EER-12.5/instance-out.sql,0.00,4863.00
CZ13/ECC&0&cDXGF&Ex&dxAC_equip/NE-dxAC-PkgAC-240to759-Ex-EER-9.8/instance-out.sql,0.00,4863.00
CZ13/ECC&0&cDXGF&Ex&dxAC_equip/NE-dxAC-PkgAC-240to759-Ex-EER-10.8/instance-out.sql,0.00,4863.00
CZ13/ECC&0&cDXGF&Ex&dxAC_equip/NE-dxAC-PkgAC-240to759-Ex-EER-11.5/instance-out.sql,0.00,4863.00
CZ13/ECC&0&cDXGF&Ex&dxAC_equip/NE-dxAC-PkgAC-240to759-Ex-EER-12.5/instance-out.sql,0.00,4863.00
CZ13/ECC&0&cDXGF&Ex&dxAC_equip/NE-dxAC-PkgAC-gt760-Ex-EER-9.5/instance-out.sql,0.00,4863.00
CZ13/ECC&0&cDXGF&Ex&dxAC_equip/NE-dxAC-PkgAC-gt760-Ex-EER-10.2/instance-out.sql,0.00,4863.00
CZ13/ECC&0&cDXGF&Ex&dxAC_equip/NE-dxAC-PkgAC-gt760-Ex-EER-11.0/instance-out.sql,0.00,4863.00
CZ13/ECC&0&cDXGF&Ex&dxAC_equip/NE-dxAC-PkgAC-gt760-Ex-EER-12.0/instance-out.sql,0.00,4863.00
CZ13/EPr&0&cDXGF&Ex&dxAC_equip/NE-dxAC-PkgAC-65to134-Ex-EER-11.0/instance-out.sql,0.00,0.00
CZ13/EPr&0&cDXGF&Ex&dxAC_equip/NE-dxAC-PkgAC-65to134-Ex-EER-11.5/instance-out.sql,0.00,0.00
CZ13/EPr&0&cDXGF&Ex&dxAC_equip/NE-dxAC-PkgAC-65to134-Ex-EER-12.0/instance-out.sql,0.00,0.00
CZ13/EPr&0&cDXGF&Ex&dxAC_equip/NE-dxAC-PkgAC-65to134-Ex-EER-12.5/instance-out.sql,0.00,0.00
CZ13/EPr&0&cDXGF&Ex&dxAC_equip/NE-dxAC-PkgAC-65to134-Ex-EER-13.0/instance-out.sql,0.00,0.00
CZ13/EPr&0&cDXGF&Ex&dxAC_equip/NE-dxAC-PkgAC-135to239-Ex-EER-10.8/instance-out.sql,0.00,0.00
CZ13/EPr&0&cDXGF&Ex&dxAC_equip/NE-dxAC-PkgAC-135to239-Ex-EER-11.5/instance-out.sql,0.00,0.00
CZ13/EPr&0&cDXGF&Ex&dxAC_equip/NE-dxAC-PkgAC-135to239-Ex-EER-12.0/instance-out.sql,0.00,0.00
CZ13/EPr&0&cDXGF&Ex&dxAC_equip/NE-dxAC-PkgAC-135to239-Ex-EER-12.5/instance-out.sql,0.00,0.00
CZ13/EPr&0&cDXGF&Ex&dxAC_equip/NE-dxAC-PkgAC-240to759-Ex-EER-9.8/instance-out.sql,0.00,0.00
CZ13/EPr&0&cDXGF&Ex&dxAC_equip/NE-dxAC-PkgAC-240to759-Ex-EER-10.8/instance-out.sql,0.00,0.00
CZ13/EPr&0&cDXGF&Ex&dxAC_equip/NE-dxAC-PkgAC-240to759-Ex-EER-11.5/instance-out.sql,0.00,0.00
CZ13/EPr&0&cDXGF&Ex&dxAC_equip/NE-dxAC-PkgAC-240to759-Ex-EER-12.5/instance-out.sql,0.00,0.00
CZ13/EPr&0&cDXGF&Ex&dxAC_equip/NE-dxAC-PkgAC-gt760-Ex-EER-9.5/instance-out.sql,0.00,0.00
CZ13/EPr&0&cDXGF&Ex&dxAC_equip/NE-dxAC-PkgAC-gt760-Ex-EER-10.2/instance-out.sql,0.00,0.00
CZ13/EPr&0&cDXGF&Ex&dxAC_equip/NE-dxAC-PkgAC-gt760-Ex-EER-11.0/instance-out.sql,0.00,0.00
CZ13/EPr&0&cDXGF&Ex&dxAC_equip/NE-dxAC-PkgAC-gt760-Ex-EER-12.0/instance-out.sql,0.00,0.00
CZ13/ERC&0&cDXGF&Ex&dxAC_equip/NE-dxAC-PkgAC-65to134-Ex-EER-11.0/instance-out.sql,0.00,0.00
CZ13/ERC&0&cDXGF&Ex&dxAC_equip/NE-dxAC-PkgAC-65to134-Ex-EER-11.5/instance-out.sql,0.00,0.00
CZ13/ERC&0&cDXGF&Ex&dxAC_equip/NE-dxAC-PkgAC-65to134-Ex-EER-12.0/instance-out.sql,0.00,0.00
CZ13/ERC&0&cDXGF&Ex&dxAC_equip/NE-dxAC-PkgAC-65to134-Ex-EER-12.5/instance-out.sql,0.00,0.00
CZ13/ERC&0&cDXGF&Ex&dxAC_equip/NE-dxAC-PkgAC-65to134-Ex-EER-13.0/instance-out.sql,0.00,0.00
CZ13/ERC&0&cDXGF&Ex&dxAC_equip/NE-dxAC-PkgAC-135to239-Ex-EER-10.8/instance-out.sql,0.00,0.00
CZ13/ERC&0&cDXGF&Ex&dxAC_equip/NE-dxAC-PkgAC-135to239-Ex-EER-11.5/instance-out.sql,0.00,0.00
CZ13/ERC&0&cDXGF&Ex&dxAC_equip/NE-dxAC-PkgAC-135to239-Ex-EER-12.0/instance-out.sql,0.00,0.00
CZ13/ERC&0&cDXGF&Ex&dxAC_equip/NE-dxAC-PkgAC-135to239-Ex-EER-12.5/instance-out.sql,0.00,0.00
CZ13/ERC&0&cDXGF&Ex&dxAC_equip/NE-dxAC-PkgAC-240to759-Ex-EER-9.8/instance-out.sql,0.00,0.00
CZ13/ERC&0&cDXGF&Ex&dxAC_equip/NE-dxAC-PkgAC-240to759-Ex-EER-10.8/instance-out.sql,0.00,0.00
CZ13/ERC&0&cDXGF&Ex&dxAC_equip/NE-dxAC-PkgAC-240to759-Ex-EER-11.5/instance-out.sql,0.00,0.00
CZ13/ERC&0&cDXGF&Ex&dxAC_equip/NE-dxAC-PkgAC-240to759-Ex-EER-12.5/instance-out.sql,0.00,0.00
CZ13/ERC&0&cDXGF&Ex&dxAC_equip/NE-dxAC-PkgAC-gt760-Ex-EER-9.5/instance-out.sql,0.00,0.00
CZ13/ERC&0&cDXGF&Ex&dxAC_equip/NE-dxAC-PkgAC-gt760-Ex-EER-10.2/instance-out.sql,0.00,0.00
CZ13/ERC&0&cDXGF&Ex&dxAC_equip/NE-dxAC-PkgAC-gt760-Ex-EER-11.0/instance-out.sql,0.00,0.00
CZ13/ERC&0&cDXGF&Ex&dxAC_equip/NE-dxAC-PkgAC-gt760-Ex-EER-12.0/instance-out.sql,0.00,0.00
CZ13/ESe&0&cDXGF&Ex&dxAC_equip/NE-dxAC-PkgAC-65to134-Ex-EER-11.0/instance-out.sql,1.00,0.00
CZ13/ESe&0&cDXGF&Ex&dxAC_equip/NE-dxAC-PkgAC-65to134-Ex-EER-11.5/instance-out.sql,1.00,0.00
CZ13/ESe&0&cDXGF&Ex&dxAC_equip/NE-dxAC-PkgAC-65to134-Ex-EER-12.0/instance-out.sql,1.00,0.00
CZ13/ESe&0&cDXGF&Ex&dxAC_equip/NE-dxAC-PkgAC-65to134-Ex-EER-12.5/instance-out.sql,1.00,0.00
CZ13/ESe&0&cDXGF&Ex&dxAC_equip/NE-dxAC-PkgAC-65to134-Ex-EER-13.0/instance-out.sql,1.00,0.00
CZ13/ESe&0&cDXGF&Ex&dxAC_equip/NE-dxAC-PkgAC-135to239-Ex-EER-10.8/instance-out.sql,1.00,0.00
CZ13/ESe&0&cDXGF&Ex&dxAC_equip/NE-dxAC-PkgAC-135to239-Ex-EER-11.5/instance-out.sql,1.00,0.00
CZ13/ESe&0&cDXGF&Ex&dxAC_equip/NE-dxAC-PkgAC-135to239-Ex-EER-12.0/instance-out.sql,1.00,0.00
CZ13/ESe&0&cDXGF&Ex&dxAC_equip/NE-dxAC-PkgAC-135to239-Ex-EER-12.5/instance-out.sql,1.00,0.00
CZ13/ESe&0&cDXGF&Ex&dxAC_equip/NE-dxAC-PkgAC-240to759-Ex-EER-9.8/instance-out.sql,1.00,0.00
CZ13/ESe&0&cDXGF&Ex&dxAC_equip/NE-dxAC-PkgAC-240to759-Ex-EER-10.8/instance-out.sql,1.00,0.00
CZ13/ESe&0&cDXGF&Ex&dxAC_equip/NE-dxAC-PkgAC-240to759-Ex-EER-11.5/instance-out.sql,1.00,0.00
CZ13/ESe&0&cDXGF&Ex&dxAC_equip/NE-dxAC-PkgAC-240to759-Ex-EER-12.5/instance-out.sql,1.00,0.00
CZ13/ESe&0&cDXGF&Ex&dxAC_equip/NE-dxAC-PkgAC-gt760-Ex-EER-9.5/instance-out.sql,1.00,0.00
CZ13/ESe&0&cDXGF&Ex&dxAC_equip/NE-dxAC-PkgAC-gt760-Ex-EER-10.2/instance-out.sql,1.00,0.00
CZ13/ESe&0&cDXGF&Ex&dxAC_equip/NE-dxAC-PkgAC-gt760-Ex-EER-11.0/instance-out.sql,1.00,0.00
CZ13/ESe&0&cDXGF&Ex&dxAC_equip/NE-dxAC-PkgAC-gt760-Ex-EER-12.0/instance-out.sql,1.00,0.00
CZ13/EUn&0&cDXGF&Ex&dxAC_equip/NE-dxAC-PkgAC-65to134-Ex-EER-11.0/instance-out.sql,0.00,418.00
CZ13/EUn&0&cDXGF&Ex&dxAC_equip/NE-dxAC-PkgAC-65to134-Ex-EER-11.5/instance-out.sql,0.00,418.00
CZ13/EUn&0&cDXGF&Ex&dxAC_equip/NE-dxAC-PkgAC-65to134-Ex-EER-12.0/instance-out.sql,0.00,418.00
CZ13/EUn&0&cDXGF&Ex&dxAC_equip/NE-dxAC-PkgAC-65to134-Ex-EER-12.5/instance-out.sql,0.00,418.00
CZ13/EUn&0&cDXGF&Ex&dxAC_equip/NE-dxAC-PkgAC-65to134-Ex-EER-13.0/instance-out.sql,0.00,418.00
CZ13/EUn&0&cDXGF&Ex&dxAC_equip/NE-dxAC-PkgAC-135to239-Ex-EER-10.8/instance-out.sql,0.00,418.00
CZ13/EUn&0&cDXGF&Ex&dxAC_equip/NE-dxAC-PkgAC-135to239-Ex-EER-11.5/instance-out.sql,0.00,418.00
CZ13/EUn&0&cDXGF&Ex&dxAC_equip/NE-dxAC-PkgAC-135to239-Ex-EER-12.0/instance-out.sql,0.00,418.00
CZ13/EUn&0&cDXGF&Ex&dxAC_equip/NE-dxAC-PkgAC-135to239-Ex-EER-12.5/instance-out.sql,0.00,418.00
CZ13/EUn&0&cDXGF&Ex&dxAC_equip/NE-dxAC-PkgAC-240to759-Ex-EER-9.8/instance-out.sql,0.00,418.00
CZ13/EUn&0&cDXGF&Ex&dxAC_equip/NE-dxAC-PkgAC-240to759-Ex-EER-10.8/instance-out.sql,0.00,418.00
CZ13/EUn&0&cDXGF&Ex&dxAC_equip/NE-dxAC-PkgAC-240to759-Ex-EER-11.5/instance-out.sql,0.00,418.00
CZ13/EUn&0&cDXGF&Ex&dxAC_equip/NE-dxAC-PkgAC-240to759-Ex-EER-12.5/instance-out.sql,0.00,418.00
CZ13/EUn&0&cDXGF&Ex&dxAC_equip/NE-dxAC-PkgAC-gt760-Ex-EER-9.5/instance-out.sql,0.00,418.00
CZ13/EUn&0&cDXGF&Ex&dxAC_equip/NE-dxAC-PkgAC-gt760-Ex-EER-10.2/instance-out.sql,0.00,418.00
CZ13/EUn&0&cDXGF&Ex&dxAC_equip/NE-dxAC-PkgAC-gt760-Ex-EER-11.0/instance-out.sql,0.00,418.00
CZ13/EUn&0&cDXGF&Ex&dxAC_equip/NE-dxAC-PkgAC-gt760-Ex-EER-12.0/instance-out.sql,0.00,418.00
CZ13/Gro&0&cDXGF&Ex&dxAC_equip/NE-dxAC-PkgAC-65to134-Ex-EER-11.0/instance-out.sql,0.00,0.00
CZ13/Gro&0&cDXGF&Ex&dxAC_equip/NE-dxAC-PkgAC-65to134-Ex-EER-11.5/instance-out.sql,0.00,0.00
CZ13/Gro&0&cDXGF&Ex&dxAC_equip/NE-dxAC-PkgAC-65to134-Ex-EER-12.0/instance-out.sql,0.00,0.00
CZ13/Gro&0&cDXGF&Ex&dxAC_equip/NE-dxAC-PkgAC-65to134-Ex-EER-12.5/instance-out.sql,0.00,0.00
CZ13/Gro&0&cDXGF&Ex&dxAC_equip/NE-dxAC-PkgAC-65to134-Ex-EER-13.0/instance-out.sql,0.00,0.00
CZ13/Gro&0&cDXGF&Ex&dxAC_equip/NE-dxAC-PkgAC-135to239-Ex-EER-10.8/instance-out.sql,0.00,0.00
CZ13/Gro&0&cDXGF&Ex&dxAC_equip/NE-dxAC-PkgAC-135to239-Ex-EER-11.5/instance-out.sql,0.00,0.00
CZ13/Gro&0&cDXGF&Ex&dxAC_equip/NE-dxAC-PkgAC-135to239-Ex-EER-12.0/instance-out.sql,0.00,0.00
CZ13/Gro&0&cDXGF&Ex&dxAC_equip/NE-dxAC-PkgAC-135to239-Ex-EER-12.5/instance-out.sql,0.00,0.00
CZ13/Gro&0&cDXGF&Ex&dxAC_equip/NE-dxAC-PkgAC-240to759-Ex-EER-9.8/instance-out.sql,0.00,0.00
CZ13/Gro&0&cDXGF&Ex&dxAC_equip/NE-dxAC-PkgAC-240to759-Ex-EER-10.8/instance-out.sql,0.00,0.00
CZ13/Gro&0&cDXGF&Ex&dxAC_equip/NE-dxAC-PkgAC-240to759-Ex-EER-11.5/instance-out.sql,0.00,0.00
CZ13/Gro&0&cDXGF&Ex&dxAC_equip/NE-dxAC-PkgAC-240to759-Ex-EER-12.5/instance-out.sql,0.00,0.00
CZ13/Gro&0&cDXGF&Ex&dxAC_equip/NE-dxAC-PkgAC-gt760-Ex-EER-9.5/instance-out.sql,0.00,0.00
CZ13/Gro&0&cDXGF&Ex&dxAC_equip/NE-dxAC-PkgAC-gt760-Ex-EER-10.2/instance-out.sql,0.00,0.00
CZ13/Gro&0&cDXGF&Ex&dxAC_equip/NE-dxAC-PkgAC-gt760-Ex-EER-11.0/instance-out.sql,0.00,0.00
CZ13/Gro&0&cDXGF&Ex&dxAC_equip/NE-dxAC-PkgAC-gt760-Ex-EER-12.0/instance-out.sql,0.00,0.00
CZ13/Hsp&0&cDXGF&Ex&dxAC_equip/NE-dxAC-PkgAC-65to134-Ex-EER-11.0/instance-out.sql,0.00,182.00
CZ13/Hsp&0&cDXGF&Ex&dxAC_equip/NE-dxAC-PkgAC-65to134-Ex-EER-11.5/instance-out.sql,0.00,182.00
CZ13/Hsp&0&cDXGF&Ex&dxAC_equip/NE-dxAC-PkgAC-65to134-Ex-EER-12.0/instance-out.sql,0.00,182.00
CZ13/Hsp&0&cDXGF&Ex&dxAC_equip/NE-dxAC-PkgAC-65to134-Ex-EER-12.5/instance-out.sql,0.00,182.00
CZ13/Hsp&0&cDXGF&Ex&dxAC_equip/NE-dxAC-PkgAC-65to134-Ex-EER-13.0/instance-out.sql,0.00,182.00
CZ13/Hsp&0&cDXGF&Ex&dxAC_equip/NE-dxAC-PkgAC-135to239-Ex-EER-10.8/instance-out.sql,0.00,182.00
CZ13/Hsp&0&cDXGF&Ex&dxAC_equip/NE-dxAC-PkgAC-135to239-Ex-EER-11.5/instance-out.sql,0.00,182.00
CZ13/Hsp&0&cDXGF&Ex&dxAC_equip/NE-dxAC-PkgAC-135to239-Ex-EER-12.0/instance-out.sql,0.00,182.00
CZ13/Hsp&0&cDXGF&Ex&dxAC_equip/NE-dxAC-PkgAC-135to239-Ex-EER-12.5/instance-out.sql,0.00,182.00
CZ13/Hsp&0&cDXGF&Ex&dxAC_equip/NE-dxAC-PkgAC-240to759-Ex-EER-9.8/instance-out.sql,0.00,182.00
CZ13/Hsp&0&cDXGF&Ex&dxAC_equip/NE-dxAC-PkgAC-240to759-Ex-EER-10.8/instance-out.sql,0.00,182.00
CZ13/Hsp&0&cDXGF&Ex&dxAC_equip/NE-dxAC-PkgAC-240to759-Ex-EER-11.5/instance-out.sql,0.00,182.00
CZ13/Hsp&0&cDXGF&Ex&dxAC_equip/NE-dxAC-PkgAC-240to759-Ex-EER-12.5/instance-out.sql,0.00,182.00
CZ13/Hsp&0&cDXGF&Ex&dxAC_equip/NE-dxAC-PkgAC-gt760-Ex-EER-9.5/instance-out.sql,0.00,182.00
CZ13/Hsp&0&cDXGF&Ex&dxAC_equip/NE-dxAC-PkgAC-gt760-Ex-EER-10.2/instance-out.sql,0.00,182.00
CZ13/Hsp&0&cDXGF&Ex&dxAC_equip/NE-dxAC-PkgAC-gt760-Ex-EER-11.0/instance-out.sql,0.00,182.00
CZ13/Hsp&0&cDXGF&Ex&dxAC_equip/NE-dxAC-PkgAC-gt760-Ex-EER-12.0/instance-out.sql,0.00,182.00
CZ13/MBT&0&cDXGF&Ex&dxAC_equip/NE-dxAC-PkgAC-65to134-Ex-EER-11.0/instance-out.sql,0.00,213.00
CZ13/MBT&0&cDXGF&Ex&dxAC_equip/NE-dxAC-PkgAC-65to134-Ex-EER-11.5/instance-out.sql,0.00,213.00
CZ13/MBT&0&cDXGF&Ex&dxAC_equip/NE-dxAC-PkgAC-65to134-Ex-EER-12.0/instance-out.sql,0.00,213.00
CZ13/MBT&0&cDXGF&Ex&dxAC_equip/NE-dxAC-PkgAC-65to134-Ex-EER-12.5/instance-out.sql,0.00,213.00
CZ13/MBT&0&cDXGF&Ex&dxAC_equip/NE-dxAC-PkgAC-65to134-Ex-EER-13.0/instance-out.sql,0.00,213.00
CZ13/MBT&0&cDXGF&Ex&dxAC_equip/NE-dxAC-PkgAC-135to239-Ex-EER-10.8/instance-out.sql,0.00,213.00
CZ13/MBT&0&cDXGF&Ex&dxAC_equip/NE-dxAC-PkgAC-135to239-Ex-EER-11.5/instance-out.sql,0.00,213.00
CZ13/MBT&0&cDXGF&Ex&dxAC_equip/NE-dxAC-PkgAC-135to239-Ex-EER-12.0/instance-out.sql,0.00,213.00
CZ13/MBT&0&cDXGF&Ex&dxAC_equip/NE-dxAC-PkgAC-135to239-Ex-EER-12.5/instance-out.sql,0.00,213.00
CZ13/MBT&0&cDXGF&Ex&dxAC_equip/NE-dxAC-PkgAC-240to759-Ex-EER-9.8/instance-out.sql,0.00,213.00
CZ13/MBT&0&cDXGF&Ex&dxAC_equip/NE-dxAC-PkgAC-240to759-Ex-EER-10.8/instance-out.sql,0.00,213.00
CZ13/MBT&0&cDXGF&Ex&dxAC_equip/NE-dxAC-PkgAC-240to759-Ex-EER-11.5/instance-out.sql,0.00,213.00
CZ13/MBT&0&cDXGF&Ex&dxAC_equip/NE-dxAC-PkgAC-240to759-Ex-EER-12.5/instance-out.sql,0.00,213.00
CZ13/MBT&0&cDXGF&Ex&dxAC_equip/NE-dxAC-PkgAC-gt760-Ex-EER-9.5/instance-out.sql,0.00,213.00
CZ13/MBT&0&cDXGF&Ex&dxAC_equip/NE-dxAC-PkgAC-gt760-Ex-EER-10.2/instance-out.sql,0.00,213.00
CZ13/MBT&0&cDXGF&Ex&dxAC_equip/NE-dxAC-PkgAC-gt760-Ex-EER-11.0/instance-out.sql,0.00,213.00
CZ13/MBT&0&cDXGF&Ex&dxAC_equip/NE-dxAC-PkgAC-gt760-Ex-EER-12.0/instance-out.sql,0.00,213.00
CZ13/MLI&0&cDXGF&Ex&dxAC_equip/NE-dxAC-PkgAC-65to134-Ex-EER-11.0/instance-out.sql,0.00,0.00
CZ13/MLI&0&cDXGF&Ex&dxAC_equip/NE-dxAC-PkgAC-65to134-Ex-EER-11.5/instance-out.sql,0.00,0.00
CZ13/MLI&0&cDXGF&Ex&dxAC_equip/NE-dxAC-PkgAC-65to134-Ex-EER-12.0/instance-out.sql,0.00,0.00
CZ13/MLI&0&cDXGF&Ex&dxAC_equip/NE-dxAC-PkgAC-65to134-Ex-EER-12.5/instance-out.sql,0.00,0.00
CZ13/MLI&0&cDXGF&Ex&dxAC_equip/NE-dxAC-PkgAC-65to134-Ex-EER-13.0/instance-out.sql,0.00,0.00
CZ13/MLI&0&cDXGF&Ex&dxAC_equip/NE-dxAC-PkgAC-135to239-Ex-EER-10.8/instance-out.sql,0.00,0.00
CZ13/MLI&0&cDXGF&Ex&dxAC_equip/NE-dxAC-PkgAC-135to239-Ex-EER-11.5/instance-out.sql,0.00,0.00
CZ13/MLI&0&cDXGF&Ex&dxAC_equip/NE-dxAC-PkgAC-135to239-Ex-EER-12.0/instance-out.sql,0.00,0.00
CZ13/MLI&0&cDXGF&Ex&dxAC_equip/NE-dxAC-PkgAC-135to239-Ex-EER-12.5/instance-out.sql,0.00,0.00
CZ13/MLI&0&cDXGF&Ex&dxAC_equip/NE-dxAC-PkgAC-240to759-Ex-EER-9.8/instance-out.sql,0.00,0.00
CZ13/MLI&0&cDXGF&Ex&dxAC_equip/NE-dxAC-PkgAC-240to759-Ex-EER-10.8/instance-out.sql,0.00,0.00
CZ13/MLI&0&cDXGF&Ex&dxAC_equip/NE-dxAC-PkgAC-240to759-Ex-EER-11.5/instance-out.sql,0.00,0.00
CZ13/MLI&0&cDXGF&Ex&dxAC_equip/NE-dxAC-PkgAC-240to759-Ex-EER-12.5/instance-out.sql,0.00,0.00
CZ13/MLI&0&cDXGF&Ex&dxAC_equip/NE-dxAC-PkgAC-gt760-Ex-EER-9.5/instance-out.sql,0.00,0.00
CZ13/MLI&0&cDXGF&Ex&dxAC_equip/NE-dxAC-PkgAC-gt760-Ex-EER-10.2/instance-out.sql,0.00,0.00
CZ13/MLI&0&cDXGF&Ex&dxAC_equip/NE-dxAC-PkgAC-gt760-Ex-EER-11.0/instance-out.sql,0.00,0.00
CZ13/MLI&0&cDXGF&Ex&dxAC_equip/NE-dxAC-PkgAC-gt760-Ex-EER-12.0/instance-out.sql,0.00,0.00
CZ13/Mtl&0&cDXGF&Ex&dxAC_equip/NE-dxAC-PkgAC-65to134-Ex-EER-11.0/instance-out.sql,0.00,254.00
CZ13/Mtl&0&cDXGF&Ex&dxAC_equip/NE-dxAC-PkgAC-65to134-Ex-EER-11.5/instance-out.sql,0.00,254.00
CZ13/Mtl&0&cDXGF&Ex&dxAC_equip/NE-dxAC-PkgAC-65to134-Ex-EER-12.0/instance-out.sql,0.00,254.00
CZ13/Mtl&0&cDXGF&Ex&dxAC_equip/NE-dxAC-PkgAC-65to134-Ex-EER-12.5/instance-out.sql,0.00,254.00
CZ13/Mtl&0&cDXGF&Ex&dxAC_equip/NE-dxAC-PkgAC-65to134-Ex-EER-13.0/instance-out.sql,0.00,254.00
CZ13/Mtl&0&cDXGF&Ex&dxAC_equip/NE-dxAC-PkgAC-135to239-Ex-EER-10.8/instance-out.sql,0.00,254.00
CZ13/Mtl&0&cDXGF&Ex&dxAC_equip/NE-dxAC-PkgAC-135to239-Ex-EER-11.5/instance-out.sql,0.00,254.00
CZ13/Mtl&0&cDXGF&Ex&dxAC_equip/NE-dxAC-PkgAC-135to239-Ex-EER-12.0/instance-out.sql,0.00,254.00
CZ13/Mtl&0&cDXGF&Ex&dxAC_equip/NE-dxAC-PkgAC-135to239-Ex-EER-12.5/instance-out.sql,0.00,254.00
CZ13/Mtl&0&cDXGF&Ex&dxAC_equip/NE-dxAC-PkgAC-240to759-Ex-EER-9.8/instance-out.sql,0.00,254.00
CZ13/Mtl&0&cDXGF&Ex&dxAC_equip/NE-dxAC-PkgAC-240to759-Ex-EER-10.8/instance-out.sql,0.00,254.00
CZ13/Mtl&0&cDXGF&Ex&dxAC_equip/NE-dxAC-PkgAC-240to759-Ex-EER-11.5/instance-out.sql,0.00,254.00
CZ13/Mtl&0&cDXGF&Ex&dxAC_equip/NE-dxAC-PkgAC-240to759-Ex-EER-12.5/instance-out.sql,0.00,254.00
CZ13/Mtl&0&cDXGF&Ex&dxAC_equip/NE-dxAC-PkgAC-gt760-Ex-EER-9.5/instance-out.sql,0.00,254.00
CZ13/Mtl&0&cDXGF&Ex&dxAC_equip/NE-dxAC-PkgAC-gt760-Ex-EER-10.2/instance-out.sql,0.00,254.00
CZ13/Mtl&0&cDXGF&Ex&dxAC_equip/NE-dxAC-PkgAC-gt760-Ex-EER-11.0/instance-out.sql,0.00,254.00
CZ13/Mtl&0&cDXGF&Ex&dxAC_equip/NE-dxAC-PkgAC-gt760-Ex-EER-12.0/instance-out.sql,0.00,254.00
CZ13/Nrs&0&cDXGF&Ex&dxAC_equip/NE-dxAC-PkgAC-65to134-Ex-EER-11.0/instance-out.sql,0.00,111.00
CZ13/Nrs&0&cDXGF&Ex&dxAC_equip/NE-dxAC-PkgAC-65to134-Ex-EER-11.5/instance-out.sql,0.00,111.00
CZ13/Nrs&0&cDXGF&Ex&dxAC_equip/NE-dxAC-PkgAC-65to134-Ex-EER-12.0/instance-out.sql,0.00,111.00
CZ13/Nrs&0&cDXGF&Ex&dxAC_equip/NE-dxAC-PkgAC-65to134-Ex-EER-12.5/instance-out.sql,0.00,111.00
CZ13/Nrs&0&cDXGF&Ex&dxAC_equip/NE-dxAC-PkgAC-65to134-Ex-EER-13.0/instance-out.sql,0.00,111.00
CZ13/Nrs&0&cDXGF&Ex&dxAC_equip/NE-dxAC-PkgAC-135to239-Ex-EER-10.8/instance-out.sql,0.00,111.00
CZ13/Nrs&0&cDXGF&Ex&dxAC_equip/NE-dxAC-PkgAC-135to239-Ex-EER-11.5/instance-out.sql,0.00,111.00
CZ13/Nrs&0&cDXGF&Ex&dxAC_equip/NE-dxAC-PkgAC-135to239-Ex-EER-12.0/instance-out.sql,0.00,111.00
CZ13/Nrs&0&cDXGF&Ex&dxAC_equip/NE-dxAC-PkgAC-135to239-Ex-EER-12.5/instance-out.sql,0.00,111.00
CZ13/Nrs&0&cDXGF&Ex&dxAC_equip/NE-dxAC-PkgAC-240to759-Ex-EER-9.8/instance-out.sql,0.00,111.00
CZ13/Nrs&0&cDXGF&Ex&dxAC_equip/NE-dxAC-PkgAC-240to759-Ex-EER-10.8/instance-out.sql,0.00,111.00
CZ13/Nrs&0&cDXGF&Ex&dxAC_equip/NE-dxAC-PkgAC-240to759-Ex-EER-11.5/instance-out.sql,0.00,111.00
CZ13/Nrs&0&cDXGF&Ex&dxAC_equip/NE-dxAC-PkgAC-240to759-Ex-EER-12.5/instance-out.sql,0.00,111.00
CZ13/Nrs&0&cDXGF&Ex&dxAC_equip/NE-dxAC-PkgAC-gt760-Ex-EER-9.5/instance-out.sql,0.00,111.00
CZ13/Nrs&0&cDXGF&Ex&dxAC_equip/NE-dxAC-PkgAC-gt760-Ex-EER-10.2/instance-out.sql,0.00,111.00
CZ13/Nrs&0&cDXGF&Ex&dxAC_equip/NE-dxAC-PkgAC-gt760-Ex-EER-11.0/instance-out.sql,0.00,111.00
CZ13/Nrs&0&cDXGF&Ex&dxAC_equip/NE-dxAC-PkgAC-gt760-Ex-EER-12.0/instance-out.sql,0.00,111.00
CZ13/OfL&0&cDXGF&Ex&dxAC_equip/NE-dxAC-PkgAC-65to134-Ex-EER-11.0/instance-out.sql,4.00,619.00
CZ13/OfL&0&cDXGF&Ex&dxAC_equip/NE-dxAC-PkgAC-65to134-Ex-EER-11.5/instance-out.sql,4.00,619.00
CZ13/OfL&0&cDXGF&Ex&dxAC_equip/NE-dxAC-PkgAC-65to134-Ex-EER-12.0/instance-out.sql,4.00,619.00
CZ13/OfL&0&cDXGF&Ex&dxAC_equip/NE-dxAC-PkgAC-65to134-Ex-EER-12.5/instance-out.sql,4.00,619.00
CZ13/OfL&0&cDXGF&Ex&dxAC_equip/NE-dxAC-PkgAC-65to134-Ex-EER-13.0/instance-out.sql,4.00,619.00
CZ13/OfL&0&cDXGF&Ex&dxAC_equip/NE-dxAC-PkgAC-135to239-Ex-EER-10.8/instance-out.sql,4.00,619.00
CZ13/OfL&0&cDXGF&Ex&dxAC_equip/NE-dxAC-PkgAC-135to239-Ex-EER-11.5/instance-out.sql,4.00,619.00
CZ13/OfL&0&cDXGF&Ex&dxAC_equip/NE-dxAC-PkgAC-135to239-Ex-EER-12.0/instance-out.sql,4.00,619.00
CZ13/OfL&0&cDXGF&Ex&dxAC_equip/NE-dxAC-PkgAC-135to239-Ex-EER-12.5/instance-out.sql,4.00,619.00
CZ13/OfL&0&cDXGF&Ex&dxAC_equip/NE-dxAC-PkgAC-240to759-Ex-EER-9.8/instance-out.sql,4.00,619.00
CZ13/OfL&0&cDXGF&Ex&dxAC_equip/NE-dxAC-PkgAC-240to759-Ex-EER-10.8/instance-out.sql,4.00,619.00
CZ13/OfL&0&cDXGF&Ex&dxAC_equip/NE-dxAC-PkgAC-240to759-Ex-EER-11.5/instance-out.sql,4.00,619.00
CZ13/OfL&0&cDXGF&Ex&dxAC_equip/NE-dxAC-PkgAC-240to759-Ex-EER-12.5/instance-out.sql,4.00,619.00
CZ13/OfL&0&cDXGF&Ex&dxAC_equip/NE-dxAC-PkgAC-gt760-Ex-EER-9.5/instance-out.sql,4.00,619.00
CZ13/OfL&0&cDXGF&Ex&dxAC_equip/NE-dxAC-PkgAC-gt760-Ex-EER-10.2/instance-out.sql,4.00,619.00
CZ13/OfL&0&cDXGF&Ex&dxAC_equip/NE-dxAC-PkgAC-gt760-Ex-EER-11.0/instance-out.sql,4.00,619.00
CZ13/OfL&0&cDXGF&Ex&dxAC_equip/NE-dxAC-PkgAC-gt760-Ex-EER-12.0/instance-out.sql,4.00,619.00
CZ13/OfS&0&cDXGF&Ex&dxAC_equip/NE-dxAC-PkgAC-65to134-Ex-EER-11.0/instance-out.sql,0.00,379.00
CZ13/OfS&0&cDXGF&Ex&dxAC_equip/NE-dxAC-PkgAC-65to134-Ex-EER-11.5/instance-out.sql,0.00,379.00
CZ13/OfS&0&cDXGF&Ex&dxAC_equip/NE-dxAC-PkgAC-65to134-Ex-EER-12.0/instance-out.sql,0.00,379.00
CZ13/OfS&0&cDXGF&Ex&dxAC_equip/NE-dxAC-PkgAC-65to134-Ex-EER-12.5/instance-out.sql,0.00,379.00
CZ13/OfS&0&cDXGF&Ex&dxAC_equip/NE-dxAC-PkgAC-65to134-Ex-EER-13.0/instance-out.sql,0.00,379.00
CZ13/OfS&0&cDXGF&Ex&dxAC_equip/NE-dxAC-PkgAC-135to239-Ex-EER-10.8/instance-out.sql,0.00,379.00
CZ13/OfS&0&cDXGF&Ex&dxAC_equip/NE-dxAC-PkgAC-135to239-Ex-EER-11.5/instance-out.sql,0.00,379.00
CZ13/OfS&0&cDXGF&Ex&dxAC_equip/NE-dxAC-PkgAC-135to239-Ex-EER-12.0/instance-out.sql,0.00,379.00
CZ13/OfS&0&cDXGF&Ex&dxAC_equip/NE-dxAC-PkgAC-135to239-Ex-EER-12.5/instance-out.sql,0.00,379.00
CZ13/OfS&0&cDXGF&Ex&dxAC_equip/NE-dxAC-PkgAC-240to759-Ex-EER-9.8/instance-out.sql,0.00,379.00
CZ13/OfS&0&cDXGF&Ex&dxAC_equip/NE-dxAC-PkgAC-240to759-Ex-EER-10.8/instance-out.sql,0.00,379.00
CZ13/OfS&0&cDXGF&Ex&dxAC_equip/NE-dxAC-PkgAC-240to759-Ex-EER-11.5/instance-out.sql,0.00,379.00
CZ13/OfS&0&cDXGF&Ex&dxAC_equip/NE-dxAC-PkgAC-240to759-Ex-EER-12.5/instance-out.sql,0.00,379.00
CZ13/OfS&0&cDXGF&Ex&dxAC_equip/NE-dxAC-PkgAC-gt760-Ex-EER-9.5/instance-out.sql,0.00,379.00
CZ13/OfS&0&cDXGF&Ex&dxAC_equip/NE-dxAC-PkgAC-gt760-Ex-EER-10.2/instance-out.sql,0.00,379.00
CZ13/OfS&0&cDXGF&Ex&dxAC_equip/NE-dxAC-PkgAC-gt760-Ex-EER-11.0/instance-out.sql,0.00,379.00
CZ13/OfS&0&cDXGF&Ex&dxAC_equip/NE-dxAC-PkgAC-gt760-Ex-EER-12.0/instance-out.sql,0.00,379.00
CZ13/RFF&0&cDXGF&Ex&dxAC_equip/NE-dxAC-PkgAC-65to134-Ex-EER-11.0/instance-out.sql,0.00,0.00
CZ13/RFF&0&cDXGF&Ex&dxAC_equip/NE-dxAC-PkgAC-65to134-Ex-EER-11.5/instance-out.sql,0.00,0.00
CZ13/RFF&0&cDXGF&Ex&dxAC_equip/NE-dxAC-PkgAC-65to134-Ex-EER-12.0/instance-out.sql,0.00,0.00
CZ13/RFF&0&cDXGF&Ex&dxAC_equip/NE-dxAC-PkgAC-65to134-Ex-EER-12.5/instance-out.sql,0.00,0.00
CZ13/RFF&0&cDXGF&Ex&dxAC_equip/NE-dxAC-PkgAC-65to134-Ex-EER-13.0/instance-out.sql,0.00,0.00
CZ13/RFF&0&cDXGF&Ex&dxAC_equip/NE-dxAC-PkgAC-135to239-Ex-EER-10.8/instance-out.sql,0.00,0.00
CZ13/RFF&0&cDXGF&Ex&dxAC_equip/NE-dxAC-PkgAC-135to239-Ex-EER-11.5/instance-out.sql,0.00,0.00
CZ13/RFF&0&cDXGF&Ex&dxAC_equip/NE-dxAC-PkgAC-135to239-Ex-EER-12.0/instance-out.sql,0.00,0.00
CZ13/RFF&0&cDXGF&Ex&dxAC_equip/NE-dxAC-PkgAC-135to239-Ex-EER-12.5/instance-out.sql,0.00,0.00
CZ13/RFF&0&cDXGF&Ex&dxAC_equip/NE-dxAC-PkgAC-240to759-Ex-EER-9.8/instance-out.sql,0.00,0.00
CZ13/RFF&0&cDXGF&Ex&dxAC_equip/NE-dxAC-PkgAC-240to759-Ex-EER-10.8/instance-out.sql,0.00,0.00
CZ13/RFF&0&cDXGF&Ex&dxAC_equip/NE-dxAC-PkgAC-240to759-Ex-EER-11.5/instance-out.sql,0.00,0.00
CZ13/RFF&0&cDXGF&Ex&dxAC_equip/NE-dxAC-PkgAC-240to759-Ex-EER-12.5/instance-out.sql,0.00,0.00
CZ13/RFF&0&cDXGF&Ex&dxAC_equip/NE-dxAC-PkgAC-gt760-Ex-EER-9.5/instance-out.sql,0.00,0.00
CZ13/RFF&0&cDXGF&Ex&dxAC_equip/NE-dxAC-PkgAC-gt760-Ex-EER-10.2/instance-out.sql,0.00,0.00
CZ13/RFF&0&cDXGF&Ex&dxAC_equip/NE-dxAC-PkgAC-gt760-Ex-EER-11.0/instance-out.sql,0.00,0.00
CZ13/RFF&0&cDXGF&Ex&dxAC_equip/NE-dxAC-PkgAC-gt760-Ex-EER-12.0/instance-out.sql,0.00,0.00
CZ13/RSD&0&cDXGF&Ex&dxAC_equip/NE-dxAC-PkgAC-65to134-Ex-EER-11.0/instance-out.sql,0.00,0.00
CZ13/RSD&0&cDXGF&Ex&dxAC_equip/NE-dxAC-PkgAC-65to134-Ex-EER-11.5/instance-out.sql,0.00,0.00
CZ13/RSD&0&cDXGF&Ex&dxAC_equip/NE-dxAC-PkgAC-65to134-Ex-EER-12.0/instance-out.sql,0.00,0.00
CZ13/RSD&0&cDXGF&Ex&dxAC_equip/NE-dxAC-PkgAC-65to134-Ex-EER-12.5/instance-out.sql,0.00,0.00
CZ13/RSD&0&cDXGF&Ex&dxAC_equip/NE-dxAC-PkgAC-65to134-Ex-EER-13.0/instance-out.sql,0.00,0.00
CZ13/RSD&0&cDXGF&Ex&dxAC_equip/NE-dxAC-PkgAC-135to239-Ex-EER-10.8/instance-out.sql,0.00,0.00
CZ13/RSD&0&cDXGF&Ex&dxAC_equip/NE-dxAC-PkgAC-135to239-Ex-EER-11.5/instance-out.sql,0.00,0.00
CZ13/RSD&0&cDXGF&Ex&dxAC_equip/NE-dxAC-PkgAC-135to239-Ex-EER-12.0/instance-out.sql,0.00,0.00
CZ13/RSD&0&cDXGF&Ex&dxAC_equip/NE-dxAC-PkgAC-135to239-Ex-EER-12.5/instance-out.sql,0.00,0.00
CZ13/RSD&0&cDXGF&Ex&dxAC_equip/NE-dxAC-PkgAC-240to759-Ex-EER-9.8/instance-out.sql,0.00,0.00
CZ13/RSD&0&cDXGF&Ex&dxAC_equip/NE-dxAC-PkgAC-240to759-Ex-EER-10.8/instance-out.sql,0.00,0.00
CZ13/RSD&0&cDXGF&Ex&dxAC_equip/NE-dxAC-PkgAC-240to759-Ex-EER-11.5/instance-out.sql,0.00,0.00
CZ13/RSD&0&cDXGF&Ex&dxAC_equip/NE-dxAC-PkgAC-240to759-Ex-EER-12.5/instance-out.sql,0.00,0.00
CZ13/RSD&0&cDXGF&Ex&dxAC_equip/NE-dxAC-PkgAC-gt760-Ex-EER-9.5/instance-out.sql,0.00,0.00
CZ13/RSD&0&cDXGF&Ex&dxAC_equip/NE-dxAC-PkgAC-gt760-Ex-EER-10.2/instance-out.sql,0.00,0.00
CZ13/RSD&0&cDXGF&Ex&dxAC_equip/NE-dxAC-PkgAC-gt760-Ex-EER-11.0/instance-out.sql,0.00,0.00
CZ13/RSD&0&cDXGF&Ex&dxAC_equip/NE-dxAC-PkgAC-gt760-Ex-EER-12.0/instance-out.sql,0.00,0.00
CZ13/Rt3&0&cDXGF&Ex&dxAC_equip/NE-dxAC-PkgAC-65to134-Ex-EER-11.0/instance-out.sql,0.00,0.00
CZ13/Rt3&0&cDXGF&Ex&dxAC_equip/NE-dxAC-PkgAC-65to134-Ex-EER-11.5/instance-out.sql,0.00,0.00
CZ13/Rt3&0&cDXGF&Ex&dxAC_equip/NE-dxAC-PkgAC-65to134-Ex-EER-12.0/instance-out.sql,0.00,0.00
CZ13/Rt3&0&cDXGF&Ex&dxAC_equip/NE-dxAC-PkgAC-65to134-Ex-EER-12.5/instance-out.sql,0.00,0.00
CZ13/Rt3&0&cDXGF&Ex&dxAC_equip/NE-dxAC-PkgAC-65to134-Ex-EER-13.0/instance-out.sql,0.00,0.00
CZ13/Rt3&0&cDXGF&Ex&dxAC_equip/NE-dxAC-PkgAC-135to239-Ex-EER-10.8/instance-out.sql,0.00,0.00
CZ13/Rt3&0&cDXGF&Ex&dxAC_equip/NE-dxAC-PkgAC-135to239-Ex-EER-11.5/instance-out.sql,0.00,0.00
CZ13/Rt3&0&cDXGF&Ex&dxAC_equip/NE-dxAC-PkgAC-135to239-Ex-EER-12.0/instance-out.sql,0.00,0.00
CZ13/Rt3&0&cDXGF&Ex&dxAC_equip/NE-dxAC-PkgAC-135to239-Ex-EER-12.5/instance-out.sql,0.00,0.00
CZ13/Rt3&0&cDXGF&Ex&dxAC_equip/NE-dxAC-PkgAC-240to759-Ex-EER-9.8/instance-out.sql,0.00,0.00
CZ13/Rt3&0&cDXGF&Ex&dxAC_equip/NE-dxAC-PkgAC-240to759-Ex-EER-10.8/instance-out.sql,0.00,0.00
CZ13/Rt3&0&cDXGF&Ex&dxAC_equip/NE-dxAC-PkgAC-240to759-Ex-EER-11.5/instance-out.sql,0.00,0.00
CZ13/Rt3&0&cDXGF&Ex&dxAC_equip/NE-dxAC-PkgAC-240to759-Ex-EER-12.5/instance-out.sql,0.00,0.00
CZ13/Rt3&0&cDXGF&Ex&dxAC_equip/NE-dxAC-PkgAC-gt760-Ex-EER-9.5/instance-out.sql,0.00,0.00
CZ13/Rt3&0&cDXGF&Ex&dxAC_equip/NE-dxAC-PkgAC-gt760-Ex-EER-10.2/instance-out.sql,0.00,0.00
CZ13/Rt3&0&cDXGF&Ex&dxAC_equip/NE-dxAC-PkgAC-gt760-Ex-EER-11.0/instance-out.sql,0.00,0.00
CZ13/Rt3&0&cDXGF&Ex&dxAC_equip/NE-dxAC-PkgAC-gt760-Ex-EER-12.0/instance-out.sql,0.00,0.00
CZ13/RtL&0&cDXGF&Ex&dxAC_equip/NE-dxAC-PkgAC-65to134-Ex-EER-11.0/instance-out.sql,0.00,0.00
CZ13/RtL&0&cDXGF&Ex&dxAC_equip/NE-dxAC-PkgAC-65to134-Ex-EER-11.5/instance-out.sql,0.00,0.00
CZ13/RtL&0&cDXGF&Ex&dxAC_equip/NE-dxAC-PkgAC-65to134-Ex-EER-12.0/instance-out.sql,0.00,0.00
CZ13/RtL&0&cDXGF&Ex&dxAC_equip/NE-dxAC-PkgAC-65to134-Ex-EER-12.5/instance-out.sql,0.00,0.00
CZ13/RtL&0&cDXGF&Ex&dxAC_equip/NE-dxAC-PkgAC-65to134-Ex-EER-13.0/instance-out.sql,0.00,0.00
CZ13/RtL&0&cDXGF&Ex&dxAC_equip/NE-dxAC-PkgAC-135to239-Ex-EER-10.8/instance-out.sql,0.00,0.00
CZ13/RtL&0&cDXGF&Ex&dxAC_equip/NE-dxAC-PkgAC-135to239-Ex-EER-11.5/instance-out.sql,0.00,0.00
CZ13/RtL&0&cDXGF&Ex&dxAC_equip/NE-dxAC-PkgAC-135to239-Ex-EER-12.0/instance-out.sql,0.00,0.00
CZ13/RtL&0&cDXGF&Ex&dxAC_equip/NE-dxAC-PkgAC-135to239-Ex-EER-12.5/instance-out.sql,0.00,0.00
CZ13/RtL&0&cDXGF&Ex&dxAC_equip/NE-dxAC-PkgAC-240to759-Ex-EER-9.8/instance-out.sql,0.00,0.00
CZ13/RtL&0&cDXGF&Ex&dxAC_equip/NE-dxAC-PkgAC-240to759-Ex-EER-10.8/instance-out.sql,0.00,0.00
CZ13/RtL&0&cDXGF&Ex&dxAC_equip/NE-dxAC-PkgAC-240to759-Ex-EER-11.5/instance-out.sql,0.00,0.00
CZ13/RtL&0&cDXGF&Ex&dxAC_equip/NE-dxAC-PkgAC-240to759-Ex-EER-12.5/instance-out.sql,0.00,0.00
CZ13/RtL&0&cDXGF&Ex&dxAC_equip/NE-dxAC-PkgAC-gt760-Ex-EER-9.5/instance-out.sql,0.00,0.00
CZ13/RtL&0&cDXGF&Ex&dxAC_equip/NE-dxAC-PkgAC-gt760-Ex-EER-10.2/instance-out.sql,0.00,0.00
CZ13/RtL&0&cDXGF&Ex&dxAC_equip/NE-dxAC-PkgAC-gt760-Ex-EER-11.0/instance-out.sql,0.00,0.00
CZ13/RtL&0&cDXGF&Ex&dxAC_equip/NE-dxAC-PkgAC-gt760-Ex-EER-12.0/instance-out.sql,0.00,0.00
CZ13/RtS&0&cDXGF&Ex&dxAC_equip/NE-dxAC-PkgAC-65to134-Ex-EER-11.0/instance-out.sql,0.00,0.00
CZ13/RtS&0&cDXGF&Ex&dxAC_equip/NE-dxAC-PkgAC-65to134-Ex-EER-11.5/instance-out.sql,0.00,0.00
CZ13/RtS&0&cDXGF&Ex&dxAC_equip/NE-dxAC-PkgAC-65to134-Ex-EER-12.0/instance-out.sql,0.00,0.00
CZ13/RtS&0&cDXGF&Ex&dxAC_equip/NE-dxAC-PkgAC-65to134-Ex-EER-12.5/instance-out.sql,0.00,0.00
CZ13/RtS&0&cDXGF&Ex&dxAC_equip/NE-dxAC-PkgAC-65to134-Ex-EER-13.0/instance-out.sql,0.00,0.00
CZ13/RtS&0&cDXGF&Ex&dxAC_equip/NE-dxAC-PkgAC-135to239-Ex-EER-10.8/instance-out.sql,0.00,0.00
CZ13/RtS&0&cDXGF&Ex&dxAC_equip/NE-dxAC-PkgAC-135to239-Ex-EER-11.5/instance-out.sql,0.00,0.00
CZ13/RtS&0&cDXGF&Ex&dxAC_equip/NE-dxAC-PkgAC-135to239-Ex-EER-12.0/instance-out.sql,0.00,0.00
CZ13/RtS&0&cDXGF&Ex&dxAC_equip/NE-dxAC-PkgAC-135to239-Ex-EER-12.5/instance-out.sql,0.00,0.00
CZ13/RtS&0&cDXGF&Ex&dxAC_equip/NE-dxAC-PkgAC-240to759-Ex-EER-9.8/instance-out.sql,0.00,0.00
CZ13/RtS&0&cDXGF&Ex&dxAC_equip/NE-dxAC-PkgAC-240to759-Ex-EER-10.8/instance-out.sql,0.00,0.00
CZ13/RtS&0&cDXGF&Ex&dxAC_equip/NE-dxAC-PkgAC-240to759-Ex-EER-11.5/instance-out.sql,0.00,0.00
CZ13/RtS&0&cDXGF&Ex&dxAC_equip/NE-dxAC-PkgAC-240to759-Ex-EER-12.5/instance-out.sql,0.00,0.00
CZ13/RtS&0&cDXGF&Ex&dxAC_equip/NE-dxAC-PkgAC-gt760-Ex-EER-9.5/instance-out.sql,0.00,0.00
CZ13/RtS&0&cDXGF&Ex&dxAC_equip/NE-dxAC-PkgAC-gt760-Ex-EER-10.2/instance-out.sql,0.00,0.00
CZ13/RtS&0&cDXGF&Ex&dxAC_equip/NE-dxAC-PkgAC-gt760-Ex-EER-11.0/instance-out.sql,0.00,0.00
CZ13/RtS&0&cDXGF&Ex&dxAC_equip/NE-dxAC-PkgAC-gt760-Ex-EER-12.0/instance-out.sql,0.00,0.00
CZ13/SCn&0&cDXGF&Ex&dxAC_equip/NE-dxAC-PkgAC-65to134-Ex-EER-11.0/instance-out.sql,0.00,0.00
CZ13/SCn&0&cDXGF&Ex&dxAC_equip/NE-dxAC-PkgAC-65to134-Ex-EER-11.5/instance-out.sql,0.00,0.00
CZ13/SCn&0&cDXGF&Ex&dxAC_equip/NE-dxAC-PkgAC-65to134-Ex-EER-12.0/instance-out.sql,0.00,0.00
CZ13/SCn&0&cDXGF&Ex&dxAC_equip/NE-dxAC-PkgAC-65to134-Ex-EER-12.5/instance-out.sql,0.00,0.00
CZ13/SCn&0&cDXGF&Ex&dxAC_equip/NE-dxAC-PkgAC-65to134-Ex-EER-13.0/instance-out.sql,0.00,0.00
CZ13/SCn&0&cDXGF&Ex&dxAC_equip/NE-dxAC-PkgAC-135to239-Ex-EER-10.8/instance-out.sql,0.00,0.00
CZ13/SCn&0&cDXGF&Ex&dxAC_equip/NE-dxAC-PkgAC-135to239-Ex-EER-11.5/instance-out.sql,0.00,0.00
CZ13/SCn&0&cDXGF&Ex&dxAC_equip/NE-dxAC-PkgAC-135to239-Ex-EER-12.0/instance-out.sql,0.00,0.00
CZ13/SCn&0&cDXGF&Ex&dxAC_equip/NE-dxAC-PkgAC-135to239-Ex-EER-12.5/instance-out.sql,0.00,0.00
CZ13/SCn&0&cDXGF&Ex&dxAC_equip/NE-dxAC-PkgAC-240to759-Ex-EER-9.8/instance-out.sql,0.00,0.00
CZ13/SCn&0&cDXGF&Ex&dxAC_equip/NE-dxAC-PkgAC-240to759-Ex-EER-10.8/instance-out.sql,0.00,0.00
CZ13/SCn&0&cDXGF&Ex&dxAC_equip/NE-dxAC-PkgAC-240to759-Ex-EER-11.5/instance-out.sql,0.00,0.00
CZ13/SCn&0&cDXGF&Ex&dxAC_equip/NE-dxAC-PkgAC-240to759-Ex-EER-12.5/instance-out.sql,0.00,0.00
CZ13/SCn&0&cDXGF&Ex&dxAC_equip/NE-dxAC-PkgAC-gt760-Ex-EER-9.5/instance-out.sql,0.00,0.00
CZ13/SCn&0&cDXGF&Ex&dxAC_equip/NE-dxAC-PkgAC-gt760-Ex-EER-10.2/instance-out.sql,0.00,0.00
CZ13/SCn&0&cDXGF&Ex&dxAC_equip/NE-dxAC-PkgAC-gt760-Ex-EER-11.0/instance-out.sql,0.00,0.00
CZ13/SCn&0&cDXGF&Ex&dxAC_equip/NE-dxAC-PkgAC-gt760-Ex-EER-12.0/instance-out.sql,0.00,0.00
CZ14/Asm&0&cDXGF&Ex&dxAC_equip/NE-dxAC-PkgAC-65to134-Ex-EER-11.0/instance-out.sql,0.00,21.00
CZ14/Asm&0&cDXGF&Ex&dxAC_equip/NE-dxAC-PkgAC-65to134-Ex-EER-11.5/instance-out.sql,0.00,21.00
CZ14/Asm&0&cDXGF&Ex&dxAC_equip/NE-dxAC-PkgAC-65to134-Ex-EER-12.0/instance-out.sql,0.00,21.00
CZ14/Asm&0&cDXGF&Ex&dxAC_equip/NE-dxAC-PkgAC-65to134-Ex-EER-12.5/instance-out.sql,0.00,21.00
CZ14/Asm&0&cDXGF&Ex&dxAC_equip/NE-dxAC-PkgAC-65to134-Ex-EER-13.0/instance-out.sql,0.00,21.00
CZ14/Asm&0&cDXGF&Ex&dxAC_equip/NE-dxAC-PkgAC-135to239-Ex-EER-10.8/instance-out.sql,0.00,21.00
CZ14/Asm&0&cDXGF&Ex&dxAC_equip/NE-dxAC-PkgAC-135to239-Ex-EER-11.5/instance-out.sql,0.00,21.00
CZ14/Asm&0&cDXGF&Ex&dxAC_equip/NE-dxAC-PkgAC-135to239-Ex-EER-12.0/instance-out.sql,0.00,21.00
CZ14/Asm&0&cDXGF&Ex&dxAC_equip/NE-dxAC-PkgAC-135to239-Ex-EER-12.5/instance-out.sql,0.00,21.00
CZ14/Asm&0&cDXGF&Ex&dxAC_equip/NE-dxAC-PkgAC-240to759-Ex-EER-9.8/instance-out.sql,0.00,21.00
CZ14/Asm&0&cDXGF&Ex&dxAC_equip/NE-dxAC-PkgAC-240to759-Ex-EER-10.8/instance-out.sql,0.00,21.00
CZ14/Asm&0&cDXGF&Ex&dxAC_equip/NE-dxAC-PkgAC-240to759-Ex-EER-11.5/instance-out.sql,0.00,21.00
CZ14/Asm&0&cDXGF&Ex&dxAC_equip/NE-dxAC-PkgAC-240to759-Ex-EER-12.5/instance-out.sql,0.00,21.00
CZ14/Asm&0&cDXGF&Ex&dxAC_equip/NE-dxAC-PkgAC-gt760-Ex-EER-9.5/instance-out.sql,0.00,21.00
CZ14/Asm&0&cDXGF&Ex&dxAC_equip/NE-dxAC-PkgAC-gt760-Ex-EER-10.2/instance-out.sql,0.00,21.00
CZ14/Asm&0&cDXGF&Ex&dxAC_equip/NE-dxAC-PkgAC-gt760-Ex-EER-11.0/instance-out.sql,0.00,21.00
CZ14/Asm&0&cDXGF&Ex&dxAC_equip/NE-dxAC-PkgAC-gt760-Ex-EER-12.0/instance-out.sql,0.00,21.00
CZ14/ECC&0&cDXGF&Ex&dxAC_equip/NE-dxAC-PkgAC-65to134-Ex-EER-11.0/instance-out.sql,0.00,4703.00
CZ14/ECC&0&cDXGF&Ex&dxAC_equip/NE-dxAC-PkgAC-65to134-Ex-EER-11.5/instance-out.sql,0.00,4703.00
CZ14/ECC&0&cDXGF&Ex&dxAC_equip/NE-dxAC-PkgAC-65to134-Ex-EER-12.0/instance-out.sql,0.00,4703.00
CZ14/ECC&0&cDXGF&Ex&dxAC_equip/NE-dxAC-PkgAC-65to134-Ex-EER-12.5/instance-out.sql,0.00,4703.00
CZ14/ECC&0&cDXGF&Ex&dxAC_equip/NE-dxAC-PkgAC-65to134-Ex-EER-13.0/instance-out.sql,0.00,4703.00
CZ14/ECC&0&cDXGF&Ex&dxAC_equip/NE-dxAC-PkgAC-135to239-Ex-EER-10.8/instance-out.sql,0.00,4703.00
CZ14/ECC&0&cDXGF&Ex&dxAC_equip/NE-dxAC-PkgAC-135to239-Ex-EER-11.5/instance-out.sql,0.00,4703.00
CZ14/ECC&0&cDXGF&Ex&dxAC_equip/NE-dxAC-PkgAC-135to239-Ex-EER-12.0/instance-out.sql,0.00,4703.00
CZ14/ECC&0&cDXGF&Ex&dxAC_equip/NE-dxAC-PkgAC-135to239-Ex-EER-12.5/instance-out.sql,0.00,4703.00
CZ14/ECC&0&cDXGF&Ex&dxAC_equip/NE-dxAC-PkgAC-240to759-Ex-EER-9.8/instance-out.sql,0.00,4703.00
CZ14/ECC&0&cDXGF&Ex&dxAC_equip/NE-dxAC-PkgAC-240to759-Ex-EER-10.8/instance-out.sql,0.00,4703.00
CZ14/ECC&0&cDXGF&Ex&dxAC_equip/NE-dxAC-PkgAC-240to759-Ex-EER-11.5/instance-out.sql,0.00,4703.00
CZ14/ECC&0&cDXGF&Ex&dxAC_equip/NE-dxAC-PkgAC-240to759-Ex-EER-12.5/instance-out.sql,0.00,4703.00
CZ14/ECC&0&cDXGF&Ex&dxAC_equip/NE-dxAC-PkgAC-gt760-Ex-EER-9.5/instance-out.sql,0.00,4703.00
CZ14/ECC&0&cDXGF&Ex&dxAC_equip/NE-dxAC-PkgAC-gt760-Ex-EER-10.2/instance-out.sql,0.00,4703.00
CZ14/ECC&0&cDXGF&Ex&dxAC_equip/NE-dxAC-PkgAC-gt760-Ex-EER-11.0/instance-out.sql,0.00,4703.00
CZ14/ECC&0&cDXGF&Ex&dxAC_equip/NE-dxAC-PkgAC-gt760-Ex-EER-12.0/instance-out.sql,0.00,4703.00
CZ14/EPr&0&cDXGF&Ex&dxAC_equip/NE-dxAC-PkgAC-65to134-Ex-EER-11.0/instance-out.sql,0.00,6.00
CZ14/EPr&0&cDXGF&Ex&dxAC_equip/NE-dxAC-PkgAC-65to134-Ex-EER-11.5/instance-out.sql,0.00,6.00
CZ14/EPr&0&cDXGF&Ex&dxAC_equip/NE-dxAC-PkgAC-65to134-Ex-EER-12.0/instance-out.sql,0.00,6.00
CZ14/EPr&0&cDXGF&Ex&dxAC_equip/NE-dxAC-PkgAC-65to134-Ex-EER-12.5/instance-out.sql,0.00,6.00
CZ14/EPr&0&cDXGF&Ex&dxAC_equip/NE-dxAC-PkgAC-65to134-Ex-EER-13.0/instance-out.sql,0.00,6.00
CZ14/EPr&0&cDXGF&Ex&dxAC_equip/NE-dxAC-PkgAC-135to239-Ex-EER-10.8/instance-out.sql,0.00,6.00
CZ14/EPr&0&cDXGF&Ex&dxAC_equip/NE-dxAC-PkgAC-135to239-Ex-EER-11.5/instance-out.sql,0.00,6.00
CZ14/EPr&0&cDXGF&Ex&dxAC_equip/NE-dxAC-PkgAC-135to239-Ex-EER-12.0/instance-out.sql,0.00,6.00
CZ14/EPr&0&cDXGF&Ex&dxAC_equip/NE-dxAC-PkgAC-135to239-Ex-EER-12.5/instance-out.sql,0.00,6.00
CZ14/EPr&0&cDXGF&Ex&dxAC_equip/NE-dxAC-PkgAC-240to759-Ex-EER-9.8/instance-out.sql,0.00,6.00
CZ14/EPr&0&cDXGF&Ex&dxAC_equip/NE-dxAC-PkgAC-240to759-Ex-EER-10.8/instance-out.sql,0.00,6.00
CZ14/EPr&0&cDXGF&Ex&dxAC_equip/NE-dxAC-PkgAC-240to759-Ex-EER-11.5/instance-out.sql,0.00,6.00
CZ14/EPr&0&cDXGF&Ex&dxAC_equip/NE-dxAC-PkgAC-240to759-Ex-EER-12.5/instance-out.sql,0.00,6.00
CZ14/EPr&0&cDXGF&Ex&dxAC_equip/NE-dxAC-PkgAC-gt760-Ex-EER-9.5/instance-out.sql,0.00,6.00
CZ14/EPr&0&cDXGF&Ex&dxAC_equip/NE-dxAC-PkgAC-gt760-Ex-EER-10.2/instance-out.sql,0.00,6.00
CZ14/EPr&0&cDXGF&Ex&dxAC_equip/NE-dxAC-PkgAC-gt760-Ex-EER-11.0/instance-out.sql,0.00,6.00
CZ14/EPr&0&cDXGF&Ex&dxAC_equip/NE-dxAC-PkgAC-gt760-Ex-EER-12.0/instance-out.sql,0.00,6.00
CZ14/ERC&0&cDXGF&Ex&dxAC_equip/NE-dxAC-PkgAC-65to134-Ex-EER-11.0/instance-out.sql,0.00,0.00
CZ14/ERC&0&cDXGF&Ex&dxAC_equip/NE-dxAC-PkgAC-65to134-Ex-EER-11.5/instance-out.sql,0.00,0.00
CZ14/ERC&0&cDXGF&Ex&dxAC_equip/NE-dxAC-PkgAC-65to134-Ex-EER-12.0/instance-out.sql,0.00,0.00
CZ14/ERC&0&cDXGF&Ex&dxAC_equip/NE-dxAC-PkgAC-65to134-Ex-EER-12.5/instance-out.sql,0.00,0.00
CZ14/ERC&0&cDXGF&Ex&dxAC_equip/NE-dxAC-PkgAC-65to134-Ex-EER-13.0/instance-out.sql,0.00,0.00
CZ14/ERC&0&cDXGF&Ex&dxAC_equip/NE-dxAC-PkgAC-135to239-Ex-EER-10.8/instance-out.sql,0.00,0.00
CZ14/ERC&0&cDXGF&Ex&dxAC_equip/NE-dxAC-PkgAC-135to239-Ex-EER-11.5/instance-out.sql,0.00,0.00
CZ14/ERC&0&cDXGF&Ex&dxAC_equip/NE-dxAC-PkgAC-135to239-Ex-EER-12.0/instance-out.sql,0.00,0.00
CZ14/ERC&0&cDXGF&Ex&dxAC_equip/NE-dxAC-PkgAC-135to239-Ex-EER-12.5/instance-out.sql,0.00,0.00
CZ14/ERC&0&cDXGF&Ex&dxAC_equip/NE-dxAC-PkgAC-240to759-Ex-EER-9.8/instance-out.sql,0.00,0.00
CZ14/ERC&0&cDXGF&Ex&dxAC_equip/NE-dxAC-PkgAC-240to759-Ex-EER-10.8/instance-out.sql,0.00,0.00
CZ14/ERC&0&cDXGF&Ex&dxAC_equip/NE-dxAC-PkgAC-240to759-Ex-EER-11.5/instance-out.sql,0.00,0.00
CZ14/ERC&0&cDXGF&Ex&dxAC_equip/NE-dxAC-PkgAC-240to759-Ex-EER-12.5/instance-out.sql,0.00,0.00
CZ14/ERC&0&cDXGF&Ex&dxAC_equip/NE-dxAC-PkgAC-gt760-Ex-EER-9.5/instance-out.sql,0.00,0.00
CZ14/ERC&0&cDXGF&Ex&dxAC_equip/NE-dxAC-PkgAC-gt760-Ex-EER-10.2/instance-out.sql,0.00,0.00
CZ14/ERC&0&cDXGF&Ex&dxAC_equip/NE-dxAC-PkgAC-gt760-Ex-EER-11.0/instance-out.sql,0.00,0.00
CZ14/ERC&0&cDXGF&Ex&dxAC_equip/NE-dxAC-PkgAC-gt760-Ex-EER-12.0/instance-out.sql,0.00,0.00
CZ14/ESe&0&cDXGF&Ex&dxAC_equip/NE-dxAC-PkgAC-65to134-Ex-EER-11.0/instance-out.sql,0.00,0.00
CZ14/ESe&0&cDXGF&Ex&dxAC_equip/NE-dxAC-PkgAC-65to134-Ex-EER-11.5/instance-out.sql,0.00,0.00
CZ14/ESe&0&cDXGF&Ex&dxAC_equip/NE-dxAC-PkgAC-65to134-Ex-EER-12.0/instance-out.sql,0.00,0.00
CZ14/ESe&0&cDXGF&Ex&dxAC_equip/NE-dxAC-PkgAC-65to134-Ex-EER-12.5/instance-out.sql,0.00,0.00
CZ14/ESe&0&cDXGF&Ex&dxAC_equip/NE-dxAC-PkgAC-65to134-Ex-EER-13.0/instance-out.sql,0.00,0.00
CZ14/ESe&0&cDXGF&Ex&dxAC_equip/NE-dxAC-PkgAC-135to239-Ex-EER-10.8/instance-out.sql,0.00,0.00
CZ14/ESe&0&cDXGF&Ex&dxAC_equip/NE-dxAC-PkgAC-135to239-Ex-EER-11.5/instance-out.sql,0.00,0.00
CZ14/ESe&0&cDXGF&Ex&dxAC_equip/NE-dxAC-PkgAC-135to239-Ex-EER-12.0/instance-out.sql,0.00,0.00
CZ14/ESe&0&cDXGF&Ex&dxAC_equip/NE-dxAC-PkgAC-135to239-Ex-EER-12.5/instance-out.sql,0.00,0.00
CZ14/ESe&0&cDXGF&Ex&dxAC_equip/NE-dxAC-PkgAC-240to759-Ex-EER-9.8/instance-out.sql,0.00,0.00
CZ14/ESe&0&cDXGF&Ex&dxAC_equip/NE-dxAC-PkgAC-240to759-Ex-EER-10.8/instance-out.sql,0.00,0.00
CZ14/ESe&0&cDXGF&Ex&dxAC_equip/NE-dxAC-PkgAC-240to759-Ex-EER-11.5/instance-out.sql,0.00,0.00
CZ14/ESe&0&cDXGF&Ex&dxAC_equip/NE-dxAC-PkgAC-240to759-Ex-EER-12.5/instance-out.sql,0.00,0.00
CZ14/ESe&0&cDXGF&Ex&dxAC_equip/NE-dxAC-PkgAC-gt760-Ex-EER-9.5/instance-out.sql,0.00,0.00
CZ14/ESe&0&cDXGF&Ex&dxAC_equip/NE-dxAC-PkgAC-gt760-Ex-EER-10.2/instance-out.sql,0.00,0.00
CZ14/ESe&0&cDXGF&Ex&dxAC_equip/NE-dxAC-PkgAC-gt760-Ex-EER-11.0/instance-out.sql,0.00,0.00
CZ14/ESe&0&cDXGF&Ex&dxAC_equip/NE-dxAC-PkgAC-gt760-Ex-EER-12.0/instance-out.sql,0.00,0.00
CZ14/EUn&0&cDXGF&Ex&dxAC_equip/NE-dxAC-PkgAC-65to134-Ex-EER-11.0/instance-out.sql,0.00,534.00
CZ14/EUn&0&cDXGF&Ex&dxAC_equip/NE-dxAC-PkgAC-65to134-Ex-EER-11.5/instance-out.sql,0.00,534.00
CZ14/EUn&0&cDXGF&Ex&dxAC_equip/NE-dxAC-PkgAC-65to134-Ex-EER-12.0/instance-out.sql,0.00,534.00
CZ14/EUn&0&cDXGF&Ex&dxAC_equip/NE-dxAC-PkgAC-65to134-Ex-EER-12.5/instance-out.sql,0.00,534.00
CZ14/EUn&0&cDXGF&Ex&dxAC_equip/NE-dxAC-PkgAC-65to134-Ex-EER-13.0/instance-out.sql,0.00,534.00
CZ14/EUn&0&cDXGF&Ex&dxAC_equip/NE-dxAC-PkgAC-135to239-Ex-EER-10.8/instance-out.sql,0.00,534.00
CZ14/EUn&0&cDXGF&Ex&dxAC_equip/NE-dxAC-PkgAC-135to239-Ex-EER-11.5/instance-out.sql,0.00,534.00
CZ14/EUn&0&cDXGF&Ex&dxAC_equip/NE-dxAC-PkgAC-135to239-Ex-EER-12.0/instance-out.sql,0.00,534.00
CZ14/EUn&0&cDXGF&Ex&dxAC_equip/NE-dxAC-PkgAC-135to239-Ex-EER-12.5/instance-out.sql,0.00,534.00
CZ14/EUn&0&cDXGF&Ex&dxAC_equip/NE-dxAC-PkgAC-240to759-Ex-EER-9.8/instance-out.sql,0.00,534.00
CZ14/EUn&0&cDXGF&Ex&dxAC_equip/NE-dxAC-PkgAC-240to759-Ex-EER-10.8/instance-out.sql,0.00,534.00
CZ14/EUn&0&cDXGF&Ex&dxAC_equip/NE-dxAC-PkgAC-240to759-Ex-EER-11.5/instance-out.sql,0.00,534.00
CZ14/EUn&0&cDXGF&Ex&dxAC_equip/NE-dxAC-PkgAC-240to759-Ex-EER-12.5/instance-out.sql,0.00,534.00
CZ14/EUn&0&cDXGF&Ex&dxAC_equip/NE-dxAC-PkgAC-gt760-Ex-EER-9.5/instance-out.sql,0.00,534.00
CZ14/EUn&0&cDXGF&Ex&dxAC_equip/NE-dxAC-PkgAC-gt760-Ex-EER-10.2/instance-out.sql,0.00,534.00
CZ14/EUn&0&cDXGF&Ex&dxAC_equip/NE-dxAC-PkgAC-gt760-Ex-EER-11.0/instance-out.sql,0.00,534.00
CZ14/EUn&0&cDXGF&Ex&dxAC_equip/NE-dxAC-PkgAC-gt760-Ex-EER-12.0/instance-out.sql,0.00,534.00
CZ14/Gro&0&cDXGF&Ex&dxAC_equip/NE-dxAC-PkgAC-65to134-Ex-EER-11.0/instance-out.sql,0.00,4.00
CZ14/Gro&0&cDXGF&Ex&dxAC_equip/NE-dxAC-PkgAC-65to134-Ex-EER-11.5/instance-out.sql,0.00,4.00
CZ14/Gro&0&cDXGF&Ex&dxAC_equip/NE-dxAC-PkgAC-65to134-Ex-EER-12.0/instance-out.sql,0.00,4.00
CZ14/Gro&0&cDXGF&Ex&dxAC_equip/NE-dxAC-PkgAC-65to134-Ex-EER-12.5/instance-out.sql,0.00,4.00
CZ14/Gro&0&cDXGF&Ex&dxAC_equip/NE-dxAC-PkgAC-65to134-Ex-EER-13.0/instance-out.sql,0.00,4.00
CZ14/Gro&0&cDXGF&Ex&dxAC_equip/NE-dxAC-PkgAC-135to239-Ex-EER-10.8/instance-out.sql,0.00,4.00
CZ14/Gro&0&cDXGF&Ex&dxAC_equip/NE-dxAC-PkgAC-135to239-Ex-EER-11.5/instance-out.sql,0.00,4.00
CZ14/Gro&0&cDXGF&Ex&dxAC_equip/NE-dxAC-PkgAC-135to239-Ex-EER-12.0/instance-out.sql,0.00,4.00
CZ14/Gro&0&cDXGF&Ex&dxAC_equip/NE-dxAC-PkgAC-135to239-Ex-EER-12.5/instance-out.sql,0.00,4.00
CZ14/Gro&0&cDXGF&Ex&dxAC_equip/NE-dxAC-PkgAC-240to759-Ex-EER-9.8/instance-out.sql,0.00,4.00
CZ14/Gro&0&cDXGF&Ex&dxAC_equip/NE-dxAC-PkgAC-240to759-Ex-EER-10.8/instance-out.sql,0.00,4.00
CZ14/Gro&0&cDXGF&Ex&dxAC_equip/NE-dxAC-PkgAC-240to759-Ex-EER-11.5/instance-out.sql,0.00,4.00
CZ14/Gro&0&cDXGF&Ex&dxAC_equip/NE-dxAC-PkgAC-240to759-Ex-EER-12.5/instance-out.sql,0.00,4.00
CZ14/Gro&0&cDXGF&Ex&dxAC_equip/NE-dxAC-PkgAC-gt760-Ex-EER-9.5/instance-out.sql,0.00,4.00
CZ14/Gro&0&cDXGF&Ex&dxAC_equip/NE-dxAC-PkgAC-gt760-Ex-EER-10.2/instance-out.sql,0.00,4.00
CZ14/Gro&0&cDXGF&Ex&dxAC_equip/NE-dxAC-PkgAC-gt760-Ex-EER-11.0/instance-out.sql,0.00,4.00
CZ14/Gro&0&cDXGF&Ex&dxAC_equip/NE-dxAC-PkgAC-gt760-Ex-EER-12.0/instance-out.sql,0.00,4.00
CZ14/Hsp&0&cDXGF&Ex&dxAC_equip/NE-dxAC-PkgAC-65to134-Ex-EER-11.0/instance-out.sql,0.00,380.00
CZ14/Hsp&0&cDXGF&Ex&dxAC_equip/NE-dxAC-PkgAC-65to134-Ex-EER-11.5/instance-out.sql,0.00,380.00
CZ14/Hsp&0&cDXGF&Ex&dxAC_equip/NE-dxAC-PkgAC-65to134-Ex-EER-12.0/instance-out.sql,0.00,380.00
CZ14/Hsp&0&cDXGF&Ex&dxAC_equip/NE-dxAC-PkgAC-65to134-Ex-EER-12.5/instance-out.sql,0.00,380.00
CZ14/Hsp&0&cDXGF&Ex&dxAC_equip/NE-dxAC-PkgAC-65to134-Ex-EER-13.0/instance-out.sql,0.00,380.00
CZ14/Hsp&0&cDXGF&Ex&dxAC_equip/NE-dxAC-PkgAC-135to239-Ex-EER-10.8/instance-out.sql,0.00,380.00
CZ14/Hsp&0&cDXGF&Ex&dxAC_equip/NE-dxAC-PkgAC-135to239-Ex-EER-11.5/instance-out.sql,0.00,380.00
CZ14/Hsp&0&cDXGF&Ex&dxAC_equip/NE-dxAC-PkgAC-135to239-Ex-EER-12.0/instance-out.sql,0.00,380.00
CZ14/Hsp&0&cDXGF&Ex&dxAC_equip/NE-dxAC-PkgAC-135to239-Ex-EER-12.5/instance-out.sql,0.00,380.00
CZ14/Hsp&0&cDXGF&Ex&dxAC_equip/NE-dxAC-PkgAC-240to759-Ex-EER-9.8/instance-out.sql,0.00,380.00
CZ14/Hsp&0&cDXGF&Ex&dxAC_equip/NE-dxAC-PkgAC-240to759-Ex-EER-10.8/instance-out.sql,0.00,380.00
CZ14/Hsp&0&cDXGF&Ex&dxAC_equip/NE-dxAC-PkgAC-240to759-Ex-EER-11.5/instance-out.sql,0.00,380.00
CZ14/Hsp&0&cDXGF&Ex&dxAC_equip/NE-dxAC-PkgAC-240to759-Ex-EER-12.5/instance-out.sql,0.00,380.00
CZ14/Hsp&0&cDXGF&Ex&dxAC_equip/NE-dxAC-PkgAC-gt760-Ex-EER-9.5/instance-out.sql,0.00,380.00
CZ14/Hsp&0&cDXGF&Ex&dxAC_equip/NE-dxAC-PkgAC-gt760-Ex-EER-10.2/instance-out.sql,0.00,380.00
CZ14/Hsp&0&cDXGF&Ex&dxAC_equip/NE-dxAC-PkgAC-gt760-Ex-EER-11.0/instance-out.sql,0.00,380.00
CZ14/Hsp&0&cDXGF&Ex&dxAC_equip/NE-dxAC-PkgAC-gt760-Ex-EER-12.0/instance-out.sql,0.00,380.00
CZ14/MBT&0&cDXGF&Ex&dxAC_equip/NE-dxAC-PkgAC-65to134-Ex-EER-11.0/instance-out.sql,0.00,314.00
CZ14/MBT&0&cDXGF&Ex&dxAC_equip/NE-dxAC-PkgAC-65to134-Ex-EER-11.5/instance-out.sql,0.00,314.00
CZ14/MBT&0&cDXGF&Ex&dxAC_equip/NE-dxAC-PkgAC-65to134-Ex-EER-12.0/instance-out.sql,0.00,314.00
CZ14/MBT&0&cDXGF&Ex&dxAC_equip/NE-dxAC-PkgAC-65to134-Ex-EER-12.5/instance-out.sql,0.00,314.00
CZ14/MBT&0&cDXGF&Ex&dxAC_equip/NE-dxAC-PkgAC-65to134-Ex-EER-13.0/instance-out.sql,0.00,314.00
CZ14/MBT&0&cDXGF&Ex&dxAC_equip/NE-dxAC-PkgAC-135to239-Ex-EER-10.8/instance-out.sql,0.00,314.00
CZ14/MBT&0&cDXGF&Ex&dxAC_equip/NE-dxAC-PkgAC-135to239-Ex-EER-11.5/instance-out.sql,0.00,314.00
CZ14/MBT&0&cDXGF&Ex&dxAC_equip/NE-dxAC-PkgAC-135to239-Ex-EER-12.0/instance-out.sql,0.00,314.00
CZ14/MBT&0&cDXGF&Ex&dxAC_equip/NE-dxAC-PkgAC-135to239-Ex-EER-12.5/instance-out.sql,0.00,314.00
CZ14/MBT&0&cDXGF&Ex&dxAC_equip/NE-dxAC-PkgAC-240to759-Ex-EER-9.8/instance-out.sql,0.00,314.00
CZ14/MBT&0&cDXGF&Ex&dxAC_equip/NE-dxAC-PkgAC-240to759-Ex-EER-10.8/instance-out.sql,0.00,314.00
CZ14/MBT&0&cDXGF&Ex&dxAC_equip/NE-dxAC-PkgAC-240to759-Ex-EER-11.5/instance-out.sql,0.00,314.00
CZ14/MBT&0&cDXGF&Ex&dxAC_equip/NE-dxAC-PkgAC-240to759-Ex-EER-12.5/instance-out.sql,0.00,314.00
CZ14/MBT&0&cDXGF&Ex&dxAC_equip/NE-dxAC-PkgAC-gt760-Ex-EER-9.5/instance-out.sql,0.00,314.00
CZ14/MBT&0&cDXGF&Ex&dxAC_equip/NE-dxAC-PkgAC-gt760-Ex-EER-10.2/instance-out.sql,0.00,314.00
CZ14/MBT&0&cDXGF&Ex&dxAC_equip/NE-dxAC-PkgAC-gt760-Ex-EER-11.0/instance-out.sql,0.00,314.00
CZ14/MBT&0&cDXGF&Ex&dxAC_equip/NE-dxAC-PkgAC-gt760-Ex-EER-12.0/instance-out.sql,0.00,314.00
CZ14/MLI&0&cDXGF&Ex&dxAC_equip/NE-dxAC-PkgAC-65to134-Ex-EER-11.0/instance-out.sql,0.00,0.00
CZ14/MLI&0&cDXGF&Ex&dxAC_equip/NE-dxAC-PkgAC-65to134-Ex-EER-11.5/instance-out.sql,0.00,0.00
CZ14/MLI&0&cDXGF&Ex&dxAC_equip/NE-dxAC-PkgAC-65to134-Ex-EER-12.0/instance-out.sql,0.00,0.00
CZ14/MLI&0&cDXGF&Ex&dxAC_equip/NE-dxAC-PkgAC-65to134-Ex-EER-12.5/instance-out.sql,0.00,0.00
CZ14/MLI&0&cDXGF&Ex&dxAC_equip/NE-dxAC-PkgAC-65to134-Ex-EER-13.0/instance-out.sql,0.00,0.00
CZ14/MLI&0&cDXGF&Ex&dxAC_equip/NE-dxAC-PkgAC-135to239-Ex-EER-10.8/instance-out.sql,0.00,0.00
CZ14/MLI&0&cDXGF&Ex&dxAC_equip/NE-dxAC-PkgAC-135to239-Ex-EER-11.5/instance-out.sql,0.00,0.00
CZ14/MLI&0&cDXGF&Ex&dxAC_equip/NE-dxAC-PkgAC-135to239-Ex-EER-12.0/instance-out.sql,0.00,0.00
CZ14/MLI&0&cDXGF&Ex&dxAC_equip/NE-dxAC-PkgAC-135to239-Ex-EER-12.5/instance-out.sql,0.00,0.00
CZ14/MLI&0&cDXGF&Ex&dxAC_equip/NE-dxAC-PkgAC-240to759-Ex-EER-9.8/instance-out.sql,0.00,0.00
CZ14/MLI&0&cDXGF&Ex&dxAC_equip/NE-dxAC-PkgAC-240to759-Ex-EER-10.8/instance-out.sql,0.00,0.00
CZ14/MLI&0&cDXGF&Ex&dxAC_equip/NE-dxAC-PkgAC-240to759-Ex-EER-11.5/instance-out.sql,0.00,0.00
CZ14/MLI&0&cDXGF&Ex&dxAC_equip/NE-dxAC-PkgAC-240to759-Ex-EER-12.5/instance-out.sql,0.00,0.00
CZ14/MLI&0&cDXGF&Ex&dxAC_equip/NE-dxAC-PkgAC-gt760-Ex-EER-9.5/instance-out.sql,0.00,0.00
CZ14/MLI&0&cDXGF&Ex&dxAC_equip/NE-dxAC-PkgAC-gt760-Ex-EER-10.2/instance-out.sql,0.00,0.00
CZ14/MLI&0&cDXGF&Ex&dxAC_equip/NE-dxAC-PkgAC-gt760-Ex-EER-11.0/instance-out.sql,0.00,0.00
CZ14/MLI&0&cDXGF&Ex&dxAC_equip/NE-dxAC-PkgAC-gt760-Ex-EER-12.0/instance-out.sql,0.00,0.00
CZ14/Mtl&0&cDXGF&Ex&dxAC_equip/NE-dxAC-PkgAC-65to134-Ex-EER-11.0/instance-out.sql,0.00,321.00
CZ14/Mtl&0&cDXGF&Ex&dxAC_equip/NE-dxAC-PkgAC-65to134-Ex-EER-11.5/instance-out.sql,0.00,321.00
CZ14/Mtl&0&cDXGF&Ex&dxAC_equip/NE-dxAC-PkgAC-65to134-Ex-EER-12.0/instance-out.sql,0.00,321.00
CZ14/Mtl&0&cDXGF&Ex&dxAC_equip/NE-dxAC-PkgAC-65to134-Ex-EER-12.5/instance-out.sql,0.00,321.00
CZ14/Mtl&0&cDXGF&Ex&dxAC_equip/NE-dxAC-PkgAC-65to134-Ex-EER-13.0/instance-out.sql,0.00,321.00
CZ14/Mtl&0&cDXGF&Ex&dxAC_equip/NE-dxAC-PkgAC-135to239-Ex-EER-10.8/instance-out.sql,0.00,321.00
CZ14/Mtl&0&cDXGF&Ex&dxAC_equip/NE-dxAC-PkgAC-135to239-Ex-EER-11.5/instance-out.sql,0.00,321.00
CZ14/Mtl&0&cDXGF&Ex&dxAC_equip/NE-dxAC-PkgAC-135to239-Ex-EER-12.0/instance-out.sql,0.00,321.00
CZ14/Mtl&0&cDXGF&Ex&dxAC_equip/NE-dxAC-PkgAC-135to239-Ex-EER-12.5/instance-out.sql,0.00,321.00
CZ14/Mtl&0&cDXGF&Ex&dxAC_equip/NE-dxAC-PkgAC-240to759-Ex-EER-9.8/instance-out.sql,0.00,321.00
CZ14/Mtl&0&cDXGF&Ex&dxAC_equip/NE-dxAC-PkgAC-240to759-Ex-EER-10.8/instance-out.sql,0.00,321.00
CZ14/Mtl&0&cDXGF&Ex&dxAC_equip/NE-dxAC-PkgAC-240to759-Ex-EER-11.5/instance-out.sql,0.00,321.00
CZ14/Mtl&0&cDXGF&Ex&dxAC_equip/NE-dxAC-PkgAC-240to759-Ex-EER-12.5/instance-out.sql,0.00,321.00
CZ14/Mtl&0&cDXGF&Ex&dxAC_equip/NE-dxAC-PkgAC-gt760-Ex-EER-9.5/instance-out.sql,0.00,321.00
CZ14/Mtl&0&cDXGF&Ex&dxAC_equip/NE-dxAC-PkgAC-gt760-Ex-EER-10.2/instance-out.sql,0.00,321.00
CZ14/Mtl&0&cDXGF&Ex&dxAC_equip/NE-dxAC-PkgAC-gt760-Ex-EER-11.0/instance-out.sql,0.00,321.00
CZ14/Mtl&0&cDXGF&Ex&dxAC_equip/NE-dxAC-PkgAC-gt760-Ex-EER-12.0/instance-out.sql,0.00,321.00
CZ14/Nrs&0&cDXGF&Ex&dxAC_equip/NE-dxAC-PkgAC-65to134-Ex-EER-11.0/instance-out.sql,0.00,133.00
CZ14/Nrs&0&cDXGF&Ex&dxAC_equip/NE-dxAC-PkgAC-65to134-Ex-EER-11.5/instance-out.sql,0.00,133.00
CZ14/Nrs&0&cDXGF&Ex&dxAC_equip/NE-dxAC-PkgAC-65to134-Ex-EER-12.0/instance-out.sql,0.00,133.00
CZ14/Nrs&0&cDXGF&Ex&dxAC_equip/NE-dxAC-PkgAC-65to134-Ex-EER-12.5/instance-out.sql,0.00,133.00
CZ14/Nrs&0&cDXGF&Ex&dxAC_equip/NE-dxAC-PkgAC-65to134-Ex-EER-13.0/instance-out.sql,0.00,133.00
CZ14/Nrs&0&cDXGF&Ex&dxAC_equip/NE-dxAC-PkgAC-135to239-Ex-EER-10.8/instance-out.sql,0.00,133.00
CZ14/Nrs&0&cDXGF&Ex&dxAC_equip/NE-dxAC-PkgAC-135to239-Ex-EER-11.5/instance-out.sql,0.00,133.00
CZ14/Nrs&0&cDXGF&Ex&dxAC_equip/NE-dxAC-PkgAC-135to239-Ex-EER-12.0/instance-out.sql,0.00,133.00
CZ14/Nrs&0&cDXGF&Ex&dxAC_equip/NE-dxAC-PkgAC-135to239-Ex-EER-12.5/instance-out.sql,0.00,133.00
CZ14/Nrs&0&cDXGF&Ex&dxAC_equip/NE-dxAC-PkgAC-240to759-Ex-EER-9.8/instance-out.sql,0.00,133.00
CZ14/Nrs&0&cDXGF&Ex&dxAC_equip/NE-dxAC-PkgAC-240to759-Ex-EER-10.8/instance-out.sql,0.00,133.00
CZ14/Nrs&0&cDXGF&Ex&dxAC_equip/NE-dxAC-PkgAC-240to759-Ex-EER-11.5/instance-out.sql,0.00,133.00
CZ14/Nrs&0&cDXGF&Ex&dxAC_equip/NE-dxAC-PkgAC-240to759-Ex-EER-12.5/instance-out.sql,0.00,133.00
CZ14/Nrs&0&cDXGF&Ex&dxAC_equip/NE-dxAC-PkgAC-gt760-Ex-EER-9.5/instance-out.sql,0.00,133.00
CZ14/Nrs&0&cDXGF&Ex&dxAC_equip/NE-dxAC-PkgAC-gt760-Ex-EER-10.2/instance-out.sql,0.00,133.00
CZ14/Nrs&0&cDXGF&Ex&dxAC_equip/NE-dxAC-PkgAC-gt760-Ex-EER-11.0/instance-out.sql,0.00,133.00
CZ14/Nrs&0&cDXGF&Ex&dxAC_equip/NE-dxAC-PkgAC-gt760-Ex-EER-12.0/instance-out.sql,0.00,133.00
CZ14/OfL&0&cDXGF&Ex&dxAC_equip/NE-dxAC-PkgAC-65to134-Ex-EER-11.0/instance-out.sql,8.00,739.00
CZ14/OfL&0&cDXGF&Ex&dxAC_equip/NE-dxAC-PkgAC-65to134-Ex-EER-11.5/instance-out.sql,8.00,739.00
CZ14/OfL&0&cDXGF&Ex&dxAC_equip/NE-dxAC-PkgAC-65to134-Ex-EER-12.0/instance-out.sql,8.00,739.00
CZ14/OfL&0&cDXGF&Ex&dxAC_equip/NE-dxAC-PkgAC-65to134-Ex-EER-12.5/instance-out.sql,8.00,739.00
CZ14/OfL&0&cDXGF&Ex&dxAC_equip/NE-dxAC-PkgAC-65to134-Ex-EER-13.0/instance-out.sql,8.00,739.00
CZ14/OfL&0&cDXGF&Ex&dxAC_equip/NE-dxAC-PkgAC-135to239-Ex-EER-10.8/instance-out.sql,8.00,739.00
CZ14/OfL&0&cDXGF&Ex&dxAC_equip/NE-dxAC-PkgAC-135to239-Ex-EER-11.5/instance-out.sql,8.00,739.00
CZ14/OfL&0&cDXGF&Ex&dxAC_equip/NE-dxAC-PkgAC-135to239-Ex-EER-12.0/instance-out.sql,8.00,739.00
CZ14/OfL&0&cDXGF&Ex&dxAC_equip/NE-dxAC-PkgAC-135to239-Ex-EER-12.5/instance-out.sql,8.00,739.00
CZ14/OfL&0&cDXGF&Ex&dxAC_equip/NE-dxAC-PkgAC-240to759-Ex-EER-9.8/instance-out.sql,8.00,739.00
CZ14/OfL&0&cDXGF&Ex&dxAC_equip/NE-dxAC-PkgAC-240to759-Ex-EER-10.8/instance-out.sql,8.00,739.00
CZ14/OfL&0&cDXGF&Ex&dxAC_equip/NE-dxAC-PkgAC-240to759-Ex-EER-11.5/instance-out.sql,8.00,739.00
CZ14/OfL&0&cDXGF&Ex&dxAC_equip/NE-dxAC-PkgAC-240to759-Ex-EER-12.5/instance-out.sql,8.00,739.00
CZ14/OfL&0&cDXGF&Ex&dxAC_equip/NE-dxAC-PkgAC-gt760-Ex-EER-9.5/instance-out.sql,8.00,739.00
CZ14/OfL&0&cDXGF&Ex&dxAC_equip/NE-dxAC-PkgAC-gt760-Ex-EER-10.2/instance-out.sql,8.00,739.00
CZ14/OfL&0&cDXGF&Ex&dxAC_equip/NE-dxAC-PkgAC-gt760-Ex-EER-11.0/instance-out.sql,8.00,739.00
CZ14/OfL&0&cDXGF&Ex&dxAC_equip/NE-dxAC-PkgAC-gt760-Ex-EER-12.0/instance-out.sql,8.00,739.00
CZ14/OfS&0&cDXGF&Ex&dxAC_equip/NE-dxAC-PkgAC-65to134-Ex-EER-11.0/instance-out.sql,2.00,451.00
CZ14/OfS&0&cDXGF&Ex&dxAC_equip/NE-dxAC-PkgAC-65to134-Ex-EER-11.5/instance-out.sql,2.00,451.00
CZ14/OfS&0&cDXGF&Ex&dxAC_equip/NE-dxAC-PkgAC-65to134-Ex-EER-12.0/instance-out.sql,2.00,451.00
CZ14/OfS&0&cDXGF&Ex&dxAC_equip/NE-dxAC-PkgAC-65to134-Ex-EER-12.5/instance-out.sql,2.00,451.00
CZ14/OfS&0&cDXGF&Ex&dxAC_equip/NE-dxAC-PkgAC-65to134-Ex-EER-13.0/instance-out.sql,2.00,451.00
CZ14/OfS&0&cDXGF&Ex&dxAC_equip/NE-dxAC-PkgAC-135to239-Ex-EER-10.8/instance-out.sql,2.00,451.00
CZ14/OfS&0&cDXGF&Ex&dxAC_equip/NE-dxAC-PkgAC-135to239-Ex-EER-11.5/instance-out.sql,2.00,451.00
CZ14/OfS&0&cDXGF&Ex&dxAC_equip/NE-dxAC-PkgAC-135to239-Ex-EER-12.0/instance-out.sql,2.00,451.00
CZ14/OfS&0&cDXGF&Ex&dxAC_equip/NE-dxAC-PkgAC-135to239-Ex-EER-12.5/instance-out.sql,2.00,451.00
CZ14/OfS&0&cDXGF&Ex&dxAC_equip/NE-dxAC-PkgAC-240to759-Ex-EER-9.8/instance-out.sql,2.00,451.00
CZ14/OfS&0&cDXGF&Ex&dxAC_equip/NE-dxAC-PkgAC-240to759-Ex-EER-10.8/instance-out.sql,2.00,451.00
CZ14/OfS&0&cDXGF&Ex&dxAC_equip/NE-dxAC-PkgAC-240to759-Ex-EER-11.5/instance-out.sql,2.00,451.00
CZ14/OfS&0&cDXGF&Ex&dxAC_equip/NE-dxAC-PkgAC-240to759-Ex-EER-12.5/instance-out.sql,2.00,451.00
CZ14/OfS&0&cDXGF&Ex&dxAC_equip/NE-dxAC-PkgAC-gt760-Ex-EER-9.5/instance-out.sql,2.00,451.00
CZ14/OfS&0&cDXGF&Ex&dxAC_equip/NE-dxAC-PkgAC-gt760-Ex-EER-10.2/instance-out.sql,2.00,451.00
CZ14/OfS&0&cDXGF&Ex&dxAC_equip/NE-dxAC-PkgAC-gt760-Ex-EER-11.0/instance-out.sql,2.00,451.00
CZ14/OfS&0&cDXGF&Ex&dxAC_equip/NE-dxAC-PkgAC-gt760-Ex-EER-12.0/instance-out.sql,2.00,451.00
CZ14/RFF&0&cDXGF&Ex&dxAC_equip/NE-dxAC-PkgAC-65to134-Ex-EER-11.0/instance-out.sql,2.00,0.00
CZ14/RFF&0&cDXGF&Ex&dxAC_equip/NE-dxAC-PkgAC-65to134-Ex-EER-11.5/instance-out.sql,2.00,0.00
CZ14/RFF&0&cDXGF&Ex&dxAC_equip/NE-dxAC-PkgAC-65to134-Ex-EER-12.0/instance-out.sql,2.00,0.00
CZ14/RFF&0&cDXGF&Ex&dxAC_equip/NE-dxAC-PkgAC-65to134-Ex-EER-12.5/instance-out.sql,2.00,0.00
CZ14/RFF&0&cDXGF&Ex&dxAC_equip/NE-dxAC-PkgAC-65to134-Ex-EER-13.0/instance-out.sql,2.00,0.00
CZ14/RFF&0&cDXGF&Ex&dxAC_equip/NE-dxAC-PkgAC-135to239-Ex-EER-10.8/instance-out.sql,2.00,0.00
CZ14/RFF&0&cDXGF&Ex&dxAC_equip/NE-dxAC-PkgAC-135to239-Ex-EER-11.5/instance-out.sql,2.00,0.00
CZ14/RFF&0&cDXGF&Ex&dxAC_equip/NE-dxAC-PkgAC-135to239-Ex-EER-12.0/instance-out.sql,2.00,0.00
CZ14/RFF&0&cDXGF&Ex&dxAC_equip/NE-dxAC-PkgAC-135to239-Ex-EER-12.5/instance-out.sql,2.00,0.00
CZ14/RFF&0&cDXGF&Ex&dxAC_equip/NE-dxAC-PkgAC-240to759-Ex-EER-9.8/instance-out.sql,2.00,0.00
CZ14/RFF&0&cDXGF&Ex&dxAC_equip/NE-dxAC-PkgAC-240to759-Ex-EER-10.8/instance-out.sql,2.00,0.00
CZ14/RFF&0&cDXGF&Ex&dxAC_equip/NE-dxAC-PkgAC-240to759-Ex-EER-11.5/instance-out.sql,2.00,0.00
CZ14/RFF&0&cDXGF&Ex&dxAC_equip/NE-dxAC-PkgAC-240to759-Ex-EER-12.5/instance-out.sql,2.00,0.00
CZ14/RFF&0&cDXGF&Ex&dxAC_equip/NE-dxAC-PkgAC-gt760-Ex-EER-9.5/instance-out.sql,2.00,0.00
CZ14/RFF&0&cDXGF&Ex&dxAC_equip/NE-dxAC-PkgAC-gt760-Ex-EER-10.2/instance-out.sql,2.00,0.00
CZ14/RFF&0&cDXGF&Ex&dxAC_equip/NE-dxAC-PkgAC-gt760-Ex-EER-11.0/instance-out.sql,2.00,0.00
CZ14/RFF&0&cDXGF&Ex&dxAC_equip/NE-dxAC-PkgAC-gt760-Ex-EER-12.0/instance-out.sql,2.00,0.00
CZ14/RSD&0&cDXGF&Ex&dxAC_equip/NE-dxAC-PkgAC-65to134-Ex-EER-11.0/instance-out.sql,0.00,0.00
CZ14/RSD&0&cDXGF&Ex&dxAC_equip/NE-dxAC-PkgAC-65to134-Ex-EER-11.5/instance-out.sql,0.00,0.00
CZ14/RSD&0&cDXGF&Ex&dxAC_equip/NE-dxAC-PkgAC-65to134-Ex-EER-12.0/instance-out.sql,0.00,0.00
CZ14/RSD&0&cDXGF&Ex&dxAC_equip/NE-dxAC-PkgAC-65to134-Ex-EER-12.5/instance-out.sql,0.00,0.00
CZ14/RSD&0&cDXGF&Ex&dxAC_equip/NE-dxAC-PkgAC-65to134-Ex-EER-13.0/instance-out.sql,0.00,0.00
CZ14/RSD&0&cDXGF&Ex&dxAC_equip/NE-dxAC-PkgAC-135to239-Ex-EER-10.8/instance-out.sql,0.00,0.00
CZ14/RSD&0&cDXGF&Ex&dxAC_equip/NE-dxAC-PkgAC-135to239-Ex-EER-11.5/instance-out.sql,0.00,0.00
CZ14/RSD&0&cDXGF&Ex&dxAC_equip/NE-dxAC-PkgAC-135to239-Ex-EER-12.0/instance-out.sql,0.00,0.00
CZ14/RSD&0&cDXGF&Ex&dxAC_equip/NE-dxAC-PkgAC-135to239-Ex-EER-12.5/instance-out.sql,0.00,0.00
CZ14/RSD&0&cDXGF&Ex&dxAC_equip/NE-dxAC-PkgAC-240to759-Ex-EER-9.8/instance-out.sql,0.00,0.00
CZ14/RSD&0&cDXGF&Ex&dxAC_equip/NE-dxAC-PkgAC-240to759-Ex-EER-10.8/instance-out.sql,0.00,0.00
CZ14/RSD&0&cDXGF&Ex&dxAC_equip/NE-dxAC-PkgAC-240to759-Ex-EER-11.5/instance-out.sql,0.00,0.00
CZ14/RSD&0&cDXGF&Ex&dxAC_equip/NE-dxAC-PkgAC-240to759-Ex-EER-12.5/instance-out.sql,0.00,0.00
CZ14/RSD&0&cDXGF&Ex&dxAC_equip/NE-dxAC-PkgAC-gt760-Ex-EER-9.5/instance-out.sql,0.00,0.00
CZ14/RSD&0&cDXGF&Ex&dxAC_equip/NE-dxAC-PkgAC-gt760-Ex-EER-10.2/instance-out.sql,0.00,0.00
CZ14/RSD&0&cDXGF&Ex&dxAC_equip/NE-dxAC-PkgAC-gt760-Ex-EER-11.0/instance-out.sql,0.00,0.00
CZ14/RSD&0&cDXGF&Ex&dxAC_equip/NE-dxAC-PkgAC-gt760-Ex-EER-12.0/instance-out.sql,0.00,0.00
CZ14/Rt3&0&cDXGF&Ex&dxAC_equip/NE-dxAC-PkgAC-65to134-Ex-EER-11.0/instance-out.sql,0.00,22.00
CZ14/Rt3&0&cDXGF&Ex&dxAC_equip/NE-dxAC-PkgAC-65to134-Ex-EER-11.5/instance-out.sql,0.00,22.00
CZ14/Rt3&0&cDXGF&Ex&dxAC_equip/NE-dxAC-PkgAC-65to134-Ex-EER-12.0/instance-out.sql,0.00,22.00
CZ14/Rt3&0&cDXGF&Ex&dxAC_equip/NE-dxAC-PkgAC-65to134-Ex-EER-12.5/instance-out.sql,0.00,22.00
CZ14/Rt3&0&cDXGF&Ex&dxAC_equip/NE-dxAC-PkgAC-65to134-Ex-EER-13.0/instance-out.sql,0.00,22.00
CZ14/Rt3&0&cDXGF&Ex&dxAC_equip/NE-dxAC-PkgAC-135to239-Ex-EER-10.8/instance-out.sql,0.00,22.00
CZ14/Rt3&0&cDXGF&Ex&dxAC_equip/NE-dxAC-PkgAC-135to239-Ex-EER-11.5/instance-out.sql,0.00,22.00
CZ14/Rt3&0&cDXGF&Ex&dxAC_equip/NE-dxAC-PkgAC-135to239-Ex-EER-12.0/instance-out.sql,0.00,22.00
CZ14/Rt3&0&cDXGF&Ex&dxAC_equip/NE-dxAC-PkgAC-135to239-Ex-EER-12.5/instance-out.sql,0.00,22.00
CZ14/Rt3&0&cDXGF&Ex&dxAC_equip/NE-dxAC-PkgAC-240to759-Ex-EER-9.8/instance-out.sql,0.00,22.00
CZ14/Rt3&0&cDXGF&Ex&dxAC_equip/NE-dxAC-PkgAC-240to759-Ex-EER-10.8/instance-out.sql,0.00,22.00
CZ14/Rt3&0&cDXGF&Ex&dxAC_equip/NE-dxAC-PkgAC-240to759-Ex-EER-11.5/instance-out.sql,0.00,22.00
CZ14/Rt3&0&cDXGF&Ex&dxAC_equip/NE-dxAC-PkgAC-240to759-Ex-EER-12.5/instance-out.sql,0.00,22.00
CZ14/Rt3&0&cDXGF&Ex&dxAC_equip/NE-dxAC-PkgAC-gt760-Ex-EER-9.5/instance-out.sql,0.00,22.00
CZ14/Rt3&0&cDXGF&Ex&dxAC_equip/NE-dxAC-PkgAC-gt760-Ex-EER-10.2/instance-out.sql,0.00,22.00
CZ14/Rt3&0&cDXGF&Ex&dxAC_equip/NE-dxAC-PkgAC-gt760-Ex-EER-11.0/instance-out.sql,0.00,22.00
CZ14/Rt3&0&cDXGF&Ex&dxAC_equip/NE-dxAC-PkgAC-gt760-Ex-EER-12.0/instance-out.sql,0.00,22.00
CZ14/RtL&0&cDXGF&Ex&dxAC_equip/NE-dxAC-PkgAC-65to134-Ex-EER-11.0/instance-out.sql,0.00,0.00
CZ14/RtL&0&cDXGF&Ex&dxAC_equip/NE-dxAC-PkgAC-65to134-Ex-EER-11.5/instance-out.sql,0.00,0.00
CZ14/RtL&0&cDXGF&Ex&dxAC_equip/NE-dxAC-PkgAC-65to134-Ex-EER-12.0/instance-out.sql,0.00,0.00
CZ14/RtL&0&cDXGF&Ex&dxAC_equip/NE-dxAC-PkgAC-65to134-Ex-EER-12.5/instance-out.sql,0.00,0.00
CZ14/RtL&0&cDXGF&Ex&dxAC_equip/NE-dxAC-PkgAC-65to134-Ex-EER-13.0/instance-out.sql,0.00,0.00
CZ14/RtL&0&cDXGF&Ex&dxAC_equip/NE-dxAC-PkgAC-135to239-Ex-EER-10.8/instance-out.sql,0.00,0.00
CZ14/RtL&0&cDXGF&Ex&dxAC_equip/NE-dxAC-PkgAC-135to239-Ex-EER-11.5/instance-out.sql,0.00,0.00
CZ14/RtL&0&cDXGF&Ex&dxAC_equip/NE-dxAC-PkgAC-135to239-Ex-EER-12.0/instance-out.sql,0.00,0.00
CZ14/RtL&0&cDXGF&Ex&dxAC_equip/NE-dxAC-PkgAC-135to239-Ex-EER-12.5/instance-out.sql,0.00,0.00
CZ14/RtL&0&cDXGF&Ex&dxAC_equip/NE-dxAC-PkgAC-240to759-Ex-EER-9.8/instance-out.sql,0.00,0.00
CZ14/RtL&0&cDXGF&Ex&dxAC_equip/NE-dxAC-PkgAC-240to759-Ex-EER-10.8/instance-out.sql,0.00,0.00
CZ14/RtL&0&cDXGF&Ex&dxAC_equip/NE-dxAC-PkgAC-240to759-Ex-EER-11.5/instance-out.sql,0.00,0.00
CZ14/RtL&0&cDXGF&Ex&dxAC_equip/NE-dxAC-PkgAC-240to759-Ex-EER-12.5/instance-out.sql,0.00,0.00
CZ14/RtL&0&cDXGF&Ex&dxAC_equip/NE-dxAC-PkgAC-gt760-Ex-EER-9.5/instance-out.sql,0.00,0.00
CZ14/RtL&0&cDXGF&Ex&dxAC_equip/NE-dxAC-PkgAC-gt760-Ex-EER-10.2/instance-out.sql,0.00,0.00
CZ14/RtL&0&cDXGF&Ex&dxAC_equip/NE-dxAC-PkgAC-gt760-Ex-EER-11.0/instance-out.sql,0.00,0.00
CZ14/RtL&0&cDXGF&Ex&dxAC_equip/NE-dxAC-PkgAC-gt760-Ex-EER-12.0/instance-out.sql,0.00,0.00
CZ14/RtS&0&cDXGF&Ex&dxAC_equip/NE-dxAC-PkgAC-65to134-Ex-EER-11.0/instance-out.sql,0.00,0.00
CZ14/RtS&0&cDXGF&Ex&dxAC_equip/NE-dxAC-PkgAC-65to134-Ex-EER-11.5/instance-out.sql,0.00,0.00
CZ14/RtS&0&cDXGF&Ex&dxAC_equip/NE-dxAC-PkgAC-65to134-Ex-EER-12.0/instance-out.sql,0.00,0.00
CZ14/RtS&0&cDXGF&Ex&dxAC_equip/NE-dxAC-PkgAC-65to134-Ex-EER-12.5/instance-out.sql,0.00,0.00
CZ14/RtS&0&cDXGF&Ex&dxAC_equip/NE-dxAC-PkgAC-65to134-Ex-EER-13.0/instance-out.sql,0.00,0.00
CZ14/RtS&0&cDXGF&Ex&dxAC_equip/NE-dxAC-PkgAC-135to239-Ex-EER-10.8/instance-out.sql,0.00,0.00
CZ14/RtS&0&cDXGF&Ex&dxAC_equip/NE-dxAC-PkgAC-135to239-Ex-EER-11.5/instance-out.sql,0.00,0.00
CZ14/RtS&0&cDXGF&Ex&dxAC_equip/NE-dxAC-PkgAC-135to239-Ex-EER-12.0/instance-out.sql,0.00,0.00
CZ14/RtS&0&cDXGF&Ex&dxAC_equip/NE-dxAC-PkgAC-135to239-Ex-EER-12.5/instance-out.sql,0.00,0.00
CZ14/RtS&0&cDXGF&Ex&dxAC_equip/NE-dxAC-PkgAC-240to759-Ex-EER-9.8/instance-out.sql,0.00,0.00
CZ14/RtS&0&cDXGF&Ex&dxAC_equip/NE-dxAC-PkgAC-240to759-Ex-EER-10.8/instance-out.sql,0.00,0.00
CZ14/RtS&0&cDXGF&Ex&dxAC_equip/NE-dxAC-PkgAC-240to759-Ex-EER-11.5/instance-out.sql,0.00,0.00
CZ14/RtS&0&cDXGF&Ex&dxAC_equip/NE-dxAC-PkgAC-240to759-Ex-EER-12.5/instance-out.sql,0.00,0.00
CZ14/RtS&0&cDXGF&Ex&dxAC_equip/NE-dxAC-PkgAC-gt760-Ex-EER-9.5/instance-out.sql,0.00,0.00
CZ14/RtS&0&cDXGF&Ex&dxAC_equip/NE-dxAC-PkgAC-gt760-Ex-EER-10.2/instance-out.sql,0.00,0.00
CZ14/RtS&0&cDXGF&Ex&dxAC_equip/NE-dxAC-PkgAC-gt760-Ex-EER-11.0/instance-out.sql,0.00,0.00
CZ14/RtS&0&cDXGF&Ex&dxAC_equip/NE-dxAC-PkgAC-gt760-Ex-EER-12.0/instance-out.sql,0.00,0.00
CZ14/SCn&0&cDXGF&Ex&dxAC_equip/NE-dxAC-PkgAC-65to134-Ex-EER-11.0/instance-out.sql,0.00,0.00
CZ14/SCn&0&cDXGF&Ex&dxAC_equip/NE-dxAC-PkgAC-65to134-Ex-EER-11.5/instance-out.sql,0.00,0.00
CZ14/SCn&0&cDXGF&Ex&dxAC_equip/NE-dxAC-PkgAC-65to134-Ex-EER-12.0/instance-out.sql,0.00,0.00
CZ14/SCn&0&cDXGF&Ex&dxAC_equip/NE-dxAC-PkgAC-65to134-Ex-EER-12.5/instance-out.sql,0.00,0.00
CZ14/SCn&0&cDXGF&Ex&dxAC_equip/NE-dxAC-PkgAC-65to134-Ex-EER-13.0/instance-out.sql,0.00,0.00
CZ14/SCn&0&cDXGF&Ex&dxAC_equip/NE-dxAC-PkgAC-135to239-Ex-EER-10.8/instance-out.sql,0.00,0.00
CZ14/SCn&0&cDXGF&Ex&dxAC_equip/NE-dxAC-PkgAC-135to239-Ex-EER-11.5/instance-out.sql,0.00,0.00
CZ14/SCn&0&cDXGF&Ex&dxAC_equip/NE-dxAC-PkgAC-135to239-Ex-EER-12.0/instance-out.sql,0.00,0.00
CZ14/SCn&0&cDXGF&Ex&dxAC_equip/NE-dxAC-PkgAC-135to239-Ex-EER-12.5/instance-out.sql,0.00,0.00
CZ14/SCn&0&cDXGF&Ex&dxAC_equip/NE-dxAC-PkgAC-240to759-Ex-EER-9.8/instance-out.sql,0.00,0.00
CZ14/SCn&0&cDXGF&Ex&dxAC_equip/NE-dxAC-PkgAC-240to759-Ex-EER-10.8/instance-out.sql,0.00,0.00
CZ14/SCn&0&cDXGF&Ex&dxAC_equip/NE-dxAC-PkgAC-240to759-Ex-EER-11.5/instance-out.sql,0.00,0.00
CZ14/SCn&0&cDXGF&Ex&dxAC_equip/NE-dxAC-PkgAC-240to759-Ex-EER-12.5/instance-out.sql,0.00,0.00
CZ14/SCn&0&cDXGF&Ex&dxAC_equip/NE-dxAC-PkgAC-gt760-Ex-EER-9.5/instance-out.sql,0.00,0.00
CZ14/SCn&0&cDXGF&Ex&dxAC_equip/NE-dxAC-PkgAC-gt760-Ex-EER-10.2/instance-out.sql,0.00,0.00
CZ14/SCn&0&cDXGF&Ex&dxAC_equip/NE-dxAC-PkgAC-gt760-Ex-EER-11.0/instance-out.sql,0.00,0.00
CZ14/SCn&0&cDXGF&Ex&dxAC_equip/NE-dxAC-PkgAC-gt760-Ex-EER-12.0/instance-out.sql,0.00,0.00

