File Name,Net Site EUI (kWh/m2),Net Site Energy (kWh),Net Source EUI (kWh/m2),Net Source Energy (kWh)
CZ03/Asm&0&cDXHP&Ex&dxHP_equip/NE-dxHP-PkgHP-18to33-Ex-SEER13.4/instance-out.sql,96.90,612214.62,315.39,1992635.94
CZ03/Asm&0&cDXHP&Ex&dxHP_equip/NE-dxHP-PkgHP-18to33-Ex-SEER15.2/instance-out.sql,96.48,609562.19,313.99,1983776.84
CZ03/Asm&0&cDXHP&Ex&dxHP_equip/NE-dxHP-PkgHP-18to33-Ex-SEER16.2/instance-out.sql,96.31,608490.95,313.42,1980198.90
CZ03/Asm&0&cDXHP&Ex&dxHP_equip/NE-dxHP-PkgHP-18to33-Ex-SEER17.1/instance-out.sql,96.17,607634.53,312.97,1977338.45
CZ03/Asm&0&cDXHP&Ex&dxHP_equip/NE-dxHP-PkgHP-18to33-Ex-SEER18.1/instance-out.sql,96.05,606820.35,312.54,1974619.10
CZ03/Asm&0&cDXHP&Ex&dxHP_equip/NE-dxHP-PkgHP-33to65-Ex-SEER13.4/instance-out.sql,96.90,612214.62,315.39,1992635.94
CZ03/Asm&0&cDXHP&Ex&dxHP_equip/NE-dxHP-PkgHP-33to65-Ex-SEER15.2/instance-out.sql,96.48,609562.19,313.99,1983776.84
CZ03/Asm&0&cDXHP&Ex&dxHP_equip/NE-dxHP-PkgHP-33to65-Ex-SEER16.2/instance-out.sql,96.31,608490.95,313.42,1980198.90
CZ03/Asm&0&cDXHP&Ex&dxHP_equip/NE-dxHP-PkgHP-33to65-Ex-SEER17.1/instance-out.sql,96.17,607634.53,312.97,1977338.45
CZ03/Asm&0&cDXHP&Ex&dxHP_equip/NE-dxHP-PkgHP-33to65-Ex-SEER18.1/instance-out.sql,96.05,606820.35,312.54,1974619.10
CZ03/Asm&0&cDXHP&Ex&dxHP_equip/NE-dxHP-SplitHP-18to33-Ex-SEER14.3/instance-out.sql,96.40,609083.21,313.73,1982177.04
CZ03/Asm&0&cDXHP&Ex&dxHP_equip/NE-dxHP-SplitHP-18to33-Ex-SEER15.2/instance-out.sql,96.21,607851.11,313.08,1978061.82
CZ03/Asm&0&cDXHP&Ex&dxHP_equip/NE-dxHP-SplitHP-18to33-Ex-SEER16.2/instance-out.sql,96.04,606779.87,312.52,1974483.88
CZ03/Asm&0&cDXHP&Ex&dxHP_equip/NE-dxHP-SplitHP-18to33-Ex-SEER17.1/instance-out.sql,95.90,605923.45,312.06,1971623.43
CZ03/Asm&0&cDXHP&Ex&dxHP_equip/NE-dxHP-SplitHP-18to33-Ex-SEER18.1/instance-out.sql,95.77,605109.27,311.63,1968904.08
CZ03/Asm&0&cDXHP&Ex&dxHP_equip/NE-dxHP-SplitHP-33to55-Ex-SEER14.3/instance-out.sql,96.40,609083.21,313.73,1982177.04
CZ03/Asm&0&cDXHP&Ex&dxHP_equip/NE-dxHP-SplitHP-33to55-Ex-SEER15.2/instance-out.sql,96.21,607851.11,313.08,1978061.82
CZ03/Asm&0&cDXHP&Ex&dxHP_equip/NE-dxHP-SplitHP-33to55-Ex-SEER16.2/instance-out.sql,96.04,606779.87,312.52,1974483.88
CZ03/Asm&0&cDXHP&Ex&dxHP_equip/NE-dxHP-SplitHP-33to55-Ex-SEER17.1/instance-out.sql,95.90,605923.45,312.06,1971623.43
CZ03/Asm&0&cDXHP&Ex&dxHP_equip/NE-dxHP-SplitHP-33to55-Ex-SEER18.1/instance-out.sql,95.77,605109.27,311.63,1968904.08
CZ03/ECC&0&cDXHP&Ex&dxHP_equip/NE-dxHP-PkgHP-18to33-Ex-SEER13.4/instance-out.sql,94.59,2497520.96,270.71,7147291.34
CZ03/ECC&0&cDXHP&Ex&dxHP_equip/NE-dxHP-PkgHP-18to33-Ex-SEER15.2/instance-out.sql,94.41,2492729.28,270.10,7131287.13
CZ03/ECC&0&cDXHP&Ex&dxHP_equip/NE-dxHP-PkgHP-18to33-Ex-SEER16.2/instance-out.sql,94.34,2490794.05,269.86,7124823.49
CZ03/ECC&0&cDXHP&Ex&dxHP_equip/NE-dxHP-PkgHP-18to33-Ex-SEER17.1/instance-out.sql,94.28,2489246.90,269.66,7119656.01
CZ03/ECC&0&cDXHP&Ex&dxHP_equip/NE-dxHP-PkgHP-18to33-Ex-SEER18.1/instance-out.sql,94.23,2487776.07,269.47,7114743.42
CZ03/ECC&0&cDXHP&Ex&dxHP_equip/NE-dxHP-PkgHP-33to65-Ex-SEER13.4/instance-out.sql,94.59,2497520.96,270.71,7147291.34
CZ03/ECC&0&cDXHP&Ex&dxHP_equip/NE-dxHP-PkgHP-33to65-Ex-SEER15.2/instance-out.sql,94.41,2492729.28,270.10,7131287.13
CZ03/ECC&0&cDXHP&Ex&dxHP_equip/NE-dxHP-PkgHP-33to65-Ex-SEER16.2/instance-out.sql,94.34,2490794.05,269.86,7124823.49
CZ03/ECC&0&cDXHP&Ex&dxHP_equip/NE-dxHP-PkgHP-33to65-Ex-SEER17.1/instance-out.sql,94.28,2489246.90,269.66,7119656.01
CZ03/ECC&0&cDXHP&Ex&dxHP_equip/NE-dxHP-PkgHP-33to65-Ex-SEER18.1/instance-out.sql,94.23,2487776.07,269.47,7114743.42
CZ03/ECC&0&cDXHP&Ex&dxHP_equip/NE-dxHP-SplitHP-18to33-Ex-SEER14.3/instance-out.sql,94.48,2494371.85,270.31,7136773.33
CZ03/ECC&0&cDXHP&Ex&dxHP_equip/NE-dxHP-SplitHP-18to33-Ex-SEER15.2/instance-out.sql,94.39,2492146.02,270.03,7129339.08
CZ03/ECC&0&cDXHP&Ex&dxHP_equip/NE-dxHP-SplitHP-18to33-Ex-SEER16.2/instance-out.sql,94.32,2490210.80,269.78,7122875.44
CZ03/ECC&0&cDXHP&Ex&dxHP_equip/NE-dxHP-SplitHP-18to33-Ex-SEER17.1/instance-out.sql,94.26,2488663.65,269.59,7117707.95
CZ03/ECC&0&cDXHP&Ex&dxHP_equip/NE-dxHP-SplitHP-18to33-Ex-SEER18.1/instance-out.sql,94.20,2487192.82,269.40,7112795.37
CZ03/ECC&0&cDXHP&Ex&dxHP_equip/NE-dxHP-SplitHP-33to55-Ex-SEER14.3/instance-out.sql,94.48,2494371.85,270.31,7136773.33
CZ03/ECC&0&cDXHP&Ex&dxHP_equip/NE-dxHP-SplitHP-33to55-Ex-SEER15.2/instance-out.sql,94.39,2492146.02,270.03,7129339.08
CZ03/ECC&0&cDXHP&Ex&dxHP_equip/NE-dxHP-SplitHP-33to55-Ex-SEER16.2/instance-out.sql,94.32,2490210.80,269.78,7122875.44
CZ03/ECC&0&cDXHP&Ex&dxHP_equip/NE-dxHP-SplitHP-33to55-Ex-SEER17.1/instance-out.sql,94.26,2488663.65,269.59,7117707.95
CZ03/ECC&0&cDXHP&Ex&dxHP_equip/NE-dxHP-SplitHP-33to55-Ex-SEER18.1/instance-out.sql,94.20,2487192.82,269.40,7112795.37
CZ03/EPr&0&cDXHP&Ex&dxHP_equip/NE-dxHP-PkgHP-18to33-Ex-SEER13.4/instance-out.sql,101.09,382682.60,259.52,982372.24
CZ03/EPr&0&cDXHP&Ex&dxHP_equip/NE-dxHP-PkgHP-18to33-Ex-SEER15.2/instance-out.sql,100.88,381856.54,258.79,979613.21
CZ03/EPr&0&cDXHP&Ex&dxHP_equip/NE-dxHP-PkgHP-18to33-Ex-SEER16.2/instance-out.sql,100.79,381522.92,258.49,978498.92
CZ03/EPr&0&cDXHP&Ex&dxHP_equip/NE-dxHP-PkgHP-18to33-Ex-SEER17.1/instance-out.sql,100.72,381256.20,258.26,977608.08
CZ03/EPr&0&cDXHP&Ex&dxHP_equip/NE-dxHP-PkgHP-18to33-Ex-SEER18.1/instance-out.sql,100.65,381002.64,258.04,976761.18
CZ03/EPr&0&cDXHP&Ex&dxHP_equip/NE-dxHP-PkgHP-33to65-Ex-SEER13.4/instance-out.sql,101.09,382682.60,259.52,982372.24
CZ03/EPr&0&cDXHP&Ex&dxHP_equip/NE-dxHP-PkgHP-33to65-Ex-SEER15.2/instance-out.sql,100.88,381856.54,258.79,979613.21
CZ03/EPr&0&cDXHP&Ex&dxHP_equip/NE-dxHP-PkgHP-33to65-Ex-SEER16.2/instance-out.sql,100.79,381522.92,258.49,978498.92
CZ03/EPr&0&cDXHP&Ex&dxHP_equip/NE-dxHP-PkgHP-33to65-Ex-SEER17.1/instance-out.sql,100.72,381256.20,258.26,977608.08
CZ03/EPr&0&cDXHP&Ex&dxHP_equip/NE-dxHP-PkgHP-33to65-Ex-SEER18.1/instance-out.sql,100.65,381002.64,258.04,976761.18
CZ03/EPr&0&cDXHP&Ex&dxHP_equip/NE-dxHP-SplitHP-18to33-Ex-SEER14.3/instance-out.sql,100.92,382030.90,258.94,980195.58
CZ03/EPr&0&cDXHP&Ex&dxHP_equip/NE-dxHP-SplitHP-18to33-Ex-SEER15.2/instance-out.sql,100.82,381647.18,258.60,978913.96
CZ03/EPr&0&cDXHP&Ex&dxHP_equip/NE-dxHP-SplitHP-18to33-Ex-SEER16.2/instance-out.sql,100.73,381313.56,258.31,977799.67
CZ03/EPr&0&cDXHP&Ex&dxHP_equip/NE-dxHP-SplitHP-18to33-Ex-SEER17.1/instance-out.sql,100.66,381046.84,258.07,976908.83
CZ03/EPr&0&cDXHP&Ex&dxHP_equip/NE-dxHP-SplitHP-18to33-Ex-SEER18.1/instance-out.sql,100.60,380793.28,257.85,976061.93
CZ03/EPr&0&cDXHP&Ex&dxHP_equip/NE-dxHP-SplitHP-33to55-Ex-SEER14.3/instance-out.sql,100.92,382030.90,258.94,980195.58
CZ03/EPr&0&cDXHP&Ex&dxHP_equip/NE-dxHP-SplitHP-33to55-Ex-SEER15.2/instance-out.sql,100.82,381647.18,258.60,978913.96
CZ03/EPr&0&cDXHP&Ex&dxHP_equip/NE-dxHP-SplitHP-33to55-Ex-SEER16.2/instance-out.sql,100.73,381313.56,258.31,977799.67
CZ03/EPr&0&cDXHP&Ex&dxHP_equip/NE-dxHP-SplitHP-33to55-Ex-SEER17.1/instance-out.sql,100.66,381046.84,258.07,976908.83
CZ03/EPr&0&cDXHP&Ex&dxHP_equip/NE-dxHP-SplitHP-33to55-Ex-SEER18.1/instance-out.sql,100.60,380793.28,257.85,976061.93
CZ03/ERC&0&cDXHP&Ex&dxHP_equip/NE-dxHP-PkgHP-18to33-Ex-SEER13.4/instance-out.sql,67.19,18000.95,144.74,38774.47
CZ03/ERC&0&cDXHP&Ex&dxHP_equip/NE-dxHP-PkgHP-18to33-Ex-SEER15.2/instance-out.sql,67.09,17973.23,144.39,38681.89
CZ03/ERC&0&cDXHP&Ex&dxHP_equip/NE-dxHP-PkgHP-18to33-Ex-SEER16.2/instance-out.sql,67.05,17962.03,144.25,38644.50
CZ03/ERC&0&cDXHP&Ex&dxHP_equip/NE-dxHP-PkgHP-18to33-Ex-SEER17.1/instance-out.sql,67.02,17953.08,144.14,38614.61
CZ03/ERC&0&cDXHP&Ex&dxHP_equip/NE-dxHP-PkgHP-18to33-Ex-SEER18.1/instance-out.sql,66.98,17944.58,144.04,38586.19
CZ03/ERC&0&cDXHP&Ex&dxHP_equip/NE-dxHP-PkgHP-33to65-Ex-SEER13.4/instance-out.sql,67.19,18000.95,144.74,38774.47
CZ03/ERC&0&cDXHP&Ex&dxHP_equip/NE-dxHP-PkgHP-33to65-Ex-SEER15.2/instance-out.sql,67.09,17973.23,144.39,38681.89
CZ03/ERC&0&cDXHP&Ex&dxHP_equip/NE-dxHP-PkgHP-33to65-Ex-SEER16.2/instance-out.sql,67.05,17962.03,144.25,38644.50
CZ03/ERC&0&cDXHP&Ex&dxHP_equip/NE-dxHP-PkgHP-33to65-Ex-SEER17.1/instance-out.sql,67.02,17953.08,144.14,38614.61
CZ03/ERC&0&cDXHP&Ex&dxHP_equip/NE-dxHP-PkgHP-33to65-Ex-SEER18.1/instance-out.sql,66.98,17944.58,144.04,38586.19
CZ03/ERC&0&cDXHP&Ex&dxHP_equip/NE-dxHP-SplitHP-18to33-Ex-SEER14.3/instance-out.sql,67.08,17970.62,144.36,38673.17
CZ03/ERC&0&cDXHP&Ex&dxHP_equip/NE-dxHP-SplitHP-18to33-Ex-SEER15.2/instance-out.sql,67.03,17957.74,144.20,38630.17
CZ03/ERC&0&cDXHP&Ex&dxHP_equip/NE-dxHP-SplitHP-18to33-Ex-SEER16.2/instance-out.sql,66.99,17946.55,144.06,38592.78
CZ03/ERC&0&cDXHP&Ex&dxHP_equip/NE-dxHP-SplitHP-18to33-Ex-SEER17.1/instance-out.sql,66.96,17937.60,143.95,38562.88
CZ03/ERC&0&cDXHP&Ex&dxHP_equip/NE-dxHP-SplitHP-18to33-Ex-SEER18.1/instance-out.sql,66.93,17929.09,143.84,38534.47
CZ03/ERC&0&cDXHP&Ex&dxHP_equip/NE-dxHP-SplitHP-33to55-Ex-SEER14.3/instance-out.sql,67.08,17970.62,144.36,38673.17
CZ03/ERC&0&cDXHP&Ex&dxHP_equip/NE-dxHP-SplitHP-33to55-Ex-SEER15.2/instance-out.sql,67.03,17957.74,144.20,38630.17
CZ03/ERC&0&cDXHP&Ex&dxHP_equip/NE-dxHP-SplitHP-33to55-Ex-SEER16.2/instance-out.sql,66.99,17946.55,144.06,38592.78
CZ03/ERC&0&cDXHP&Ex&dxHP_equip/NE-dxHP-SplitHP-33to55-Ex-SEER17.1/instance-out.sql,66.96,17937.60,143.95,38562.88
CZ03/ERC&0&cDXHP&Ex&dxHP_equip/NE-dxHP-SplitHP-33to55-Ex-SEER18.1/instance-out.sql,66.93,17929.09,143.84,38534.47
CZ03/ESe&0&cDXHP&Ex&dxHP_equip/NE-dxHP-PkgHP-18to33-Ex-SEER13.4/instance-out.sql,165.38,1143106.30,422.83,2922658.18
CZ03/ESe&0&cDXHP&Ex&dxHP_equip/NE-dxHP-PkgHP-18to33-Ex-SEER15.2/instance-out.sql,165.23,1142126.02,422.35,2919384.04
CZ03/ESe&0&cDXHP&Ex&dxHP_equip/NE-dxHP-PkgHP-18to33-Ex-SEER16.2/instance-out.sql,165.18,1141730.11,422.16,2918061.70
CZ03/ESe&0&cDXHP&Ex&dxHP_equip/NE-dxHP-PkgHP-18to33-Ex-SEER17.1/instance-out.sql,165.13,1141413.60,422.01,2917004.54
CZ03/ESe&0&cDXHP&Ex&dxHP_equip/NE-dxHP-PkgHP-18to33-Ex-SEER18.1/instance-out.sql,165.09,1141112.70,421.86,2915999.52
CZ03/ESe&0&cDXHP&Ex&dxHP_equip/NE-dxHP-PkgHP-33to65-Ex-SEER13.4/instance-out.sql,165.38,1143106.30,422.83,2922658.18
CZ03/ESe&0&cDXHP&Ex&dxHP_equip/NE-dxHP-PkgHP-33to65-Ex-SEER15.2/instance-out.sql,165.23,1142126.02,422.35,2919384.04
CZ03/ESe&0&cDXHP&Ex&dxHP_equip/NE-dxHP-PkgHP-33to65-Ex-SEER16.2/instance-out.sql,165.18,1141730.11,422.16,2918061.70
CZ03/ESe&0&cDXHP&Ex&dxHP_equip/NE-dxHP-PkgHP-33to65-Ex-SEER17.1/instance-out.sql,165.13,1141413.60,422.01,2917004.54
CZ03/ESe&0&cDXHP&Ex&dxHP_equip/NE-dxHP-PkgHP-33to65-Ex-SEER18.1/instance-out.sql,165.09,1141112.70,421.86,2915999.52
CZ03/ESe&0&cDXHP&Ex&dxHP_equip/NE-dxHP-SplitHP-18to33-Ex-SEER14.3/instance-out.sql,165.28,1142467.06,422.52,2920523.09
CZ03/ESe&0&cDXHP&Ex&dxHP_equip/NE-dxHP-SplitHP-18to33-Ex-SEER15.2/instance-out.sql,165.22,1142011.70,422.30,2919002.19
CZ03/ESe&0&cDXHP&Ex&dxHP_equip/NE-dxHP-SplitHP-18to33-Ex-SEER16.2/instance-out.sql,165.16,1141615.79,422.11,2917679.86
CZ03/ESe&0&cDXHP&Ex&dxHP_equip/NE-dxHP-SplitHP-18to33-Ex-SEER17.1/instance-out.sql,165.11,1141299.27,421.95,2916622.69
CZ03/ESe&0&cDXHP&Ex&dxHP_equip/NE-dxHP-SplitHP-18to33-Ex-SEER18.1/instance-out.sql,165.07,1140998.37,421.81,2915617.68
CZ03/ESe&0&cDXHP&Ex&dxHP_equip/NE-dxHP-SplitHP-33to55-Ex-SEER14.3/instance-out.sql,165.28,1142467.06,422.52,2920523.09
CZ03/ESe&0&cDXHP&Ex&dxHP_equip/NE-dxHP-SplitHP-33to55-Ex-SEER15.2/instance-out.sql,165.22,1142011.70,422.30,2919002.19
CZ03/ESe&0&cDXHP&Ex&dxHP_equip/NE-dxHP-SplitHP-33to55-Ex-SEER16.2/instance-out.sql,165.16,1141615.79,422.11,2917679.86
CZ03/ESe&0&cDXHP&Ex&dxHP_equip/NE-dxHP-SplitHP-33to55-Ex-SEER17.1/instance-out.sql,165.11,1141299.27,421.95,2916622.69
CZ03/ESe&0&cDXHP&Ex&dxHP_equip/NE-dxHP-SplitHP-33to55-Ex-SEER18.1/instance-out.sql,165.07,1140998.37,421.81,2915617.68
CZ03/EUn&0&cDXHP&Ex&dxHP_equip/NE-dxHP-PkgHP-18to33-Ex-SEER13.4/instance-out.sql,100.49,8007939.50,309.79,24687192.67
CZ03/EUn&0&cDXHP&Ex&dxHP_equip/NE-dxHP-PkgHP-18to33-Ex-SEER15.2/instance-out.sql,100.29,7992267.51,309.13,24634848.23
CZ03/EUn&0&cDXHP&Ex&dxHP_equip/NE-dxHP-PkgHP-18to33-Ex-SEER16.2/instance-out.sql,100.21,7985938.05,308.86,24613707.81
CZ03/EUn&0&cDXHP&Ex&dxHP_equip/NE-dxHP-PkgHP-18to33-Ex-SEER17.1/instance-out.sql,100.15,7980877.84,308.65,24596806.70
CZ03/EUn&0&cDXHP&Ex&dxHP_equip/NE-dxHP-PkgHP-18to33-Ex-SEER18.1/instance-out.sql,100.09,7976067.23,308.45,24580739.27
CZ03/EUn&0&cDXHP&Ex&dxHP_equip/NE-dxHP-PkgHP-33to65-Ex-SEER13.4/instance-out.sql,100.49,8007939.50,309.79,24687192.67
CZ03/EUn&0&cDXHP&Ex&dxHP_equip/NE-dxHP-PkgHP-33to65-Ex-SEER15.2/instance-out.sql,100.29,7992267.51,309.13,24634848.23
CZ03/EUn&0&cDXHP&Ex&dxHP_equip/NE-dxHP-PkgHP-33to65-Ex-SEER16.2/instance-out.sql,100.21,7985938.05,308.86,24613707.81
CZ03/EUn&0&cDXHP&Ex&dxHP_equip/NE-dxHP-PkgHP-33to65-Ex-SEER17.1/instance-out.sql,100.15,7980877.84,308.65,24596806.70
CZ03/EUn&0&cDXHP&Ex&dxHP_equip/NE-dxHP-PkgHP-33to65-Ex-SEER18.1/instance-out.sql,100.09,7976067.23,308.45,24580739.27
CZ03/EUn&0&cDXHP&Ex&dxHP_equip/NE-dxHP-SplitHP-18to33-Ex-SEER14.3/instance-out.sql,100.36,7998068.92,309.37,24654224.93
CZ03/EUn&0&cDXHP&Ex&dxHP_equip/NE-dxHP-SplitHP-18to33-Ex-SEER15.2/instance-out.sql,100.27,7990789.00,309.07,24629909.98
CZ03/EUn&0&cDXHP&Ex&dxHP_equip/NE-dxHP-SplitHP-18to33-Ex-SEER16.2/instance-out.sql,100.19,7984459.53,308.80,24608769.57
CZ03/EUn&0&cDXHP&Ex&dxHP_equip/NE-dxHP-SplitHP-18to33-Ex-SEER17.1/instance-out.sql,100.13,7979399.32,308.59,24591868.45
CZ03/EUn&0&cDXHP&Ex&dxHP_equip/NE-dxHP-SplitHP-18to33-Ex-SEER18.1/instance-out.sql,100.07,7974588.71,308.39,24575801.02
CZ03/EUn&0&cDXHP&Ex&dxHP_equip/NE-dxHP-SplitHP-33to55-Ex-SEER14.3/instance-out.sql,100.36,7998068.92,309.37,24654224.93
CZ03/EUn&0&cDXHP&Ex&dxHP_equip/NE-dxHP-SplitHP-33to55-Ex-SEER15.2/instance-out.sql,100.27,7990789.00,309.07,24629909.98
CZ03/EUn&0&cDXHP&Ex&dxHP_equip/NE-dxHP-SplitHP-33to55-Ex-SEER16.2/instance-out.sql,100.19,7984459.53,308.80,24608769.57
CZ03/EUn&0&cDXHP&Ex&dxHP_equip/NE-dxHP-SplitHP-33to55-Ex-SEER17.1/instance-out.sql,100.13,7979399.32,308.59,24591868.45
CZ03/EUn&0&cDXHP&Ex&dxHP_equip/NE-dxHP-SplitHP-33to55-Ex-SEER18.1/instance-out.sql,100.07,7974588.71,308.39,24575801.02
CZ03/Gro&0&cDXHP&Ex&dxHP_equip/NE-dxHP-PkgHP-18to33-Ex-SEER13.4/instance-out.sql,338.61,1572812.48,1100.74,5112816.93
CZ03/Gro&0&cDXHP&Ex&dxHP_equip/NE-dxHP-PkgHP-18to33-Ex-SEER15.2/instance-out.sql,338.44,1572004.86,1100.16,5110119.46
CZ03/Gro&0&cDXHP&Ex&dxHP_equip/NE-dxHP-PkgHP-18to33-Ex-SEER16.2/instance-out.sql,338.37,1571678.68,1099.93,5109030.03
CZ03/Gro&0&cDXHP&Ex&dxHP_equip/NE-dxHP-PkgHP-18to33-Ex-SEER17.1/instance-out.sql,338.31,1571417.91,1099.74,5108159.07
CZ03/Gro&0&cDXHP&Ex&dxHP_equip/NE-dxHP-PkgHP-18to33-Ex-SEER18.1/instance-out.sql,338.26,1571170.01,1099.56,5107331.06
CZ03/Gro&0&cDXHP&Ex&dxHP_equip/NE-dxHP-PkgHP-33to65-Ex-SEER13.4/instance-out.sql,338.61,1572812.48,1100.74,5112816.93
CZ03/Gro&0&cDXHP&Ex&dxHP_equip/NE-dxHP-PkgHP-33to65-Ex-SEER15.2/instance-out.sql,338.44,1572004.86,1100.16,5110119.46
CZ03/Gro&0&cDXHP&Ex&dxHP_equip/NE-dxHP-PkgHP-33to65-Ex-SEER16.2/instance-out.sql,338.37,1571678.68,1099.93,5109030.03
CZ03/Gro&0&cDXHP&Ex&dxHP_equip/NE-dxHP-PkgHP-33to65-Ex-SEER17.1/instance-out.sql,338.31,1571417.91,1099.74,5108159.07
CZ03/Gro&0&cDXHP&Ex&dxHP_equip/NE-dxHP-PkgHP-33to65-Ex-SEER18.1/instance-out.sql,338.26,1571170.01,1099.56,5107331.06
CZ03/Gro&0&cDXHP&Ex&dxHP_equip/NE-dxHP-SplitHP-18to33-Ex-SEER14.3/instance-out.sql,338.21,1570936.12,1099.40,5106549.88
CZ03/Gro&0&cDXHP&Ex&dxHP_equip/NE-dxHP-SplitHP-18to33-Ex-SEER15.2/instance-out.sql,338.13,1570560.96,1099.13,5105296.85
CZ03/Gro&0&cDXHP&Ex&dxHP_equip/NE-dxHP-SplitHP-18to33-Ex-SEER16.2/instance-out.sql,338.06,1570234.78,1098.89,5104207.42
CZ03/Gro&0&cDXHP&Ex&dxHP_equip/NE-dxHP-SplitHP-18to33-Ex-SEER17.1/instance-out.sql,338.00,1569974.02,1098.70,5103336.46
CZ03/Gro&0&cDXHP&Ex&dxHP_equip/NE-dxHP-SplitHP-18to33-Ex-SEER18.1/instance-out.sql,337.95,1569726.11,1098.53,5102508.45
CZ03/Gro&0&cDXHP&Ex&dxHP_equip/NE-dxHP-SplitHP-33to55-Ex-SEER14.3/instance-out.sql,338.21,1570936.12,1099.40,5106549.88
CZ03/Gro&0&cDXHP&Ex&dxHP_equip/NE-dxHP-SplitHP-33to55-Ex-SEER15.2/instance-out.sql,338.13,1570560.96,1099.13,5105296.85
CZ03/Gro&0&cDXHP&Ex&dxHP_equip/NE-dxHP-SplitHP-33to55-Ex-SEER16.2/instance-out.sql,338.06,1570234.78,1098.89,5104207.42
CZ03/Gro&0&cDXHP&Ex&dxHP_equip/NE-dxHP-SplitHP-33to55-Ex-SEER17.1/instance-out.sql,338.00,1569974.02,1098.70,5103336.46
CZ03/Gro&0&cDXHP&Ex&dxHP_equip/NE-dxHP-SplitHP-33to55-Ex-SEER18.1/instance-out.sql,337.95,1569726.11,1098.53,5102508.45
CZ03/Hsp&0&cDXHP&Ex&dxHP_equip/NE-dxHP-PkgHP-18to33-Ex-SEER13.4/instance-out.sql,72.79,3340855.55,219.12,10057307.13
CZ03/Hsp&0&cDXHP&Ex&dxHP_equip/NE-dxHP-PkgHP-18to33-Ex-SEER15.2/instance-out.sql,72.74,3338750.35,218.96,10050275.76
CZ03/Hsp&0&cDXHP&Ex&dxHP_equip/NE-dxHP-PkgHP-18to33-Ex-SEER16.2/instance-out.sql,72.72,3337900.12,218.90,10047436.00
CZ03/Hsp&0&cDXHP&Ex&dxHP_equip/NE-dxHP-PkgHP-18to33-Ex-SEER17.1/instance-out.sql,72.71,3337220.39,218.85,10045165.69
CZ03/Hsp&0&cDXHP&Ex&dxHP_equip/NE-dxHP-PkgHP-18to33-Ex-SEER18.1/instance-out.sql,72.69,3336574.19,218.81,10043007.37
CZ03/Hsp&0&cDXHP&Ex&dxHP_equip/NE-dxHP-PkgHP-33to65-Ex-SEER13.4/instance-out.sql,72.79,3340855.55,219.12,10057307.13
CZ03/Hsp&0&cDXHP&Ex&dxHP_equip/NE-dxHP-PkgHP-33to65-Ex-SEER15.2/instance-out.sql,72.74,3338750.35,218.96,10050275.76
CZ03/Hsp&0&cDXHP&Ex&dxHP_equip/NE-dxHP-PkgHP-33to65-Ex-SEER16.2/instance-out.sql,72.72,3337900.12,218.90,10047436.00
CZ03/Hsp&0&cDXHP&Ex&dxHP_equip/NE-dxHP-PkgHP-33to65-Ex-SEER17.1/instance-out.sql,72.71,3337220.39,218.85,10045165.69
CZ03/Hsp&0&cDXHP&Ex&dxHP_equip/NE-dxHP-PkgHP-33to65-Ex-SEER18.1/instance-out.sql,72.69,3336574.19,218.81,10043007.37
CZ03/Hsp&0&cDXHP&Ex&dxHP_equip/NE-dxHP-SplitHP-18to33-Ex-SEER14.3/instance-out.sql,72.76,3339526.77,219.02,10052868.97
CZ03/Hsp&0&cDXHP&Ex&dxHP_equip/NE-dxHP-SplitHP-18to33-Ex-SEER15.2/instance-out.sql,72.74,3338548.86,218.95,10049602.78
CZ03/Hsp&0&cDXHP&Ex&dxHP_equip/NE-dxHP-SplitHP-18to33-Ex-SEER16.2/instance-out.sql,72.72,3337698.63,218.89,10046763.01
CZ03/Hsp&0&cDXHP&Ex&dxHP_equip/NE-dxHP-SplitHP-18to33-Ex-SEER17.1/instance-out.sql,72.70,3337018.90,218.84,10044492.70
CZ03/Hsp&0&cDXHP&Ex&dxHP_equip/NE-dxHP-SplitHP-18to33-Ex-SEER18.1/instance-out.sql,72.69,3336372.70,218.79,10042334.39
CZ03/Hsp&0&cDXHP&Ex&dxHP_equip/NE-dxHP-SplitHP-33to55-Ex-SEER14.3/instance-out.sql,72.76,3339526.77,219.02,10052868.97
CZ03/Hsp&0&cDXHP&Ex&dxHP_equip/NE-dxHP-SplitHP-33to55-Ex-SEER15.2/instance-out.sql,72.74,3338548.86,218.95,10049602.78
CZ03/Hsp&0&cDXHP&Ex&dxHP_equip/NE-dxHP-SplitHP-33to55-Ex-SEER16.2/instance-out.sql,72.72,3337698.63,218.89,10046763.01
CZ03/Hsp&0&cDXHP&Ex&dxHP_equip/NE-dxHP-SplitHP-33to55-Ex-SEER17.1/instance-out.sql,72.70,3337018.90,218.84,10044492.70
CZ03/Hsp&0&cDXHP&Ex&dxHP_equip/NE-dxHP-SplitHP-33to55-Ex-SEER18.1/instance-out.sql,72.69,3336372.70,218.79,10042334.39
CZ03/MBT&0&cDXHP&Ex&dxHP_equip/NE-dxHP-PkgHP-18to33-Ex-SEER13.4/instance-out.sql,170.76,6344873.53,376.94,14005757.96
CZ03/MBT&0&cDXHP&Ex&dxHP_equip/NE-dxHP-PkgHP-18to33-Ex-SEER15.2/instance-out.sql,170.70,6342576.17,376.73,13998084.80
CZ03/MBT&0&cDXHP&Ex&dxHP_equip/NE-dxHP-PkgHP-18to33-Ex-SEER16.2/instance-out.sql,170.67,6341648.34,376.65,13994985.83
CZ03/MBT&0&cDXHP&Ex&dxHP_equip/NE-dxHP-PkgHP-18to33-Ex-SEER17.1/instance-out.sql,170.65,6340906.56,376.58,13992508.29
CZ03/MBT&0&cDXHP&Ex&dxHP_equip/NE-dxHP-PkgHP-18to33-Ex-SEER18.1/instance-out.sql,170.64,6340201.37,376.52,13990152.97
CZ03/MBT&0&cDXHP&Ex&dxHP_equip/NE-dxHP-PkgHP-33to65-Ex-SEER13.4/instance-out.sql,170.76,6344873.53,376.94,14005757.96
CZ03/MBT&0&cDXHP&Ex&dxHP_equip/NE-dxHP-PkgHP-33to65-Ex-SEER15.2/instance-out.sql,170.70,6342576.17,376.73,13998084.80
CZ03/MBT&0&cDXHP&Ex&dxHP_equip/NE-dxHP-PkgHP-33to65-Ex-SEER16.2/instance-out.sql,170.67,6341648.34,376.65,13994985.83
CZ03/MBT&0&cDXHP&Ex&dxHP_equip/NE-dxHP-PkgHP-33to65-Ex-SEER17.1/instance-out.sql,170.65,6340906.56,376.58,13992508.29
CZ03/MBT&0&cDXHP&Ex&dxHP_equip/NE-dxHP-PkgHP-33to65-Ex-SEER18.1/instance-out.sql,170.64,6340201.37,376.52,13990152.97
CZ03/MBT&0&cDXHP&Ex&dxHP_equip/NE-dxHP-SplitHP-18to33-Ex-SEER14.3/instance-out.sql,170.71,6342881.60,376.76,13999104.92
CZ03/MBT&0&cDXHP&Ex&dxHP_equip/NE-dxHP-SplitHP-18to33-Ex-SEER15.2/instance-out.sql,170.68,6341814.44,376.67,13995540.60
CZ03/MBT&0&cDXHP&Ex&dxHP_equip/NE-dxHP-SplitHP-18to33-Ex-SEER16.2/instance-out.sql,170.65,6340886.60,376.58,13992441.63
CZ03/MBT&0&cDXHP&Ex&dxHP_equip/NE-dxHP-SplitHP-18to33-Ex-SEER17.1/instance-out.sql,170.63,6340144.82,376.52,13989964.10
CZ03/MBT&0&cDXHP&Ex&dxHP_equip/NE-dxHP-SplitHP-18to33-Ex-SEER18.1/instance-out.sql,170.62,6339439.64,376.45,13987608.77
CZ03/MBT&0&cDXHP&Ex&dxHP_equip/NE-dxHP-SplitHP-33to55-Ex-SEER14.3/instance-out.sql,170.71,6342881.60,376.76,13999104.92
CZ03/MBT&0&cDXHP&Ex&dxHP_equip/NE-dxHP-SplitHP-33to55-Ex-SEER15.2/instance-out.sql,170.68,6341814.44,376.67,13995540.60
CZ03/MBT&0&cDXHP&Ex&dxHP_equip/NE-dxHP-SplitHP-33to55-Ex-SEER16.2/instance-out.sql,170.65,6340886.60,376.58,13992441.63
CZ03/MBT&0&cDXHP&Ex&dxHP_equip/NE-dxHP-SplitHP-33to55-Ex-SEER17.1/instance-out.sql,170.63,6340144.82,376.52,13989964.10
CZ03/MBT&0&cDXHP&Ex&dxHP_equip/NE-dxHP-SplitHP-33to55-Ex-SEER18.1/instance-out.sql,170.62,6339439.64,376.45,13987608.77
CZ03/MLI&0&cDXHP&Ex&dxHP_equip/NE-dxHP-PkgHP-18to33-Ex-SEER13.4/instance-out.sql,100.44,933244.56,323.35,3004450.12
CZ03/MLI&0&cDXHP&Ex&dxHP_equip/NE-dxHP-PkgHP-18to33-Ex-SEER15.2/instance-out.sql,100.20,931055.14,322.56,2997137.44
CZ03/MLI&0&cDXHP&Ex&dxHP_equip/NE-dxHP-PkgHP-18to33-Ex-SEER16.2/instance-out.sql,100.11,930170.89,322.25,2994184.06
CZ03/MLI&0&cDXHP&Ex&dxHP_equip/NE-dxHP-PkgHP-18to33-Ex-SEER17.1/instance-out.sql,100.03,929463.97,321.99,2991822.92
CZ03/MLI&0&cDXHP&Ex&dxHP_equip/NE-dxHP-PkgHP-18to33-Ex-SEER18.1/instance-out.sql,99.96,928791.91,321.75,2989578.25
CZ03/MLI&0&cDXHP&Ex&dxHP_equip/NE-dxHP-PkgHP-33to65-Ex-SEER13.4/instance-out.sql,100.44,933244.56,323.35,3004450.12
CZ03/MLI&0&cDXHP&Ex&dxHP_equip/NE-dxHP-PkgHP-33to65-Ex-SEER15.2/instance-out.sql,100.20,931055.14,322.56,2997137.44
CZ03/MLI&0&cDXHP&Ex&dxHP_equip/NE-dxHP-PkgHP-33to65-Ex-SEER16.2/instance-out.sql,100.11,930170.89,322.25,2994184.06
CZ03/MLI&0&cDXHP&Ex&dxHP_equip/NE-dxHP-PkgHP-33to65-Ex-SEER17.1/instance-out.sql,100.03,929463.97,321.99,2991822.92
CZ03/MLI&0&cDXHP&Ex&dxHP_equip/NE-dxHP-PkgHP-33to65-Ex-SEER18.1/instance-out.sql,99.96,928791.91,321.75,2989578.25
CZ03/MLI&0&cDXHP&Ex&dxHP_equip/NE-dxHP-SplitHP-18to33-Ex-SEER14.3/instance-out.sql,100.20,930998.80,322.54,2996949.27
CZ03/MLI&0&cDXHP&Ex&dxHP_equip/NE-dxHP-SplitHP-18to33-Ex-SEER15.2/instance-out.sql,100.09,929981.77,322.18,2993552.40
CZ03/MLI&0&cDXHP&Ex&dxHP_equip/NE-dxHP-SplitHP-18to33-Ex-SEER16.2/instance-out.sql,99.99,929097.53,321.86,2990599.02
CZ03/MLI&0&cDXHP&Ex&dxHP_equip/NE-dxHP-SplitHP-18to33-Ex-SEER17.1/instance-out.sql,99.92,928390.60,321.61,2988237.88
CZ03/MLI&0&cDXHP&Ex&dxHP_equip/NE-dxHP-SplitHP-18to33-Ex-SEER18.1/instance-out.sql,99.84,927718.54,321.36,2985993.21
CZ03/MLI&0&cDXHP&Ex&dxHP_equip/NE-dxHP-SplitHP-33to55-Ex-SEER14.3/instance-out.sql,100.20,930998.80,322.54,2996949.27
CZ03/MLI&0&cDXHP&Ex&dxHP_equip/NE-dxHP-SplitHP-33to55-Ex-SEER15.2/instance-out.sql,100.09,929981.77,322.18,2993552.40
CZ03/MLI&0&cDXHP&Ex&dxHP_equip/NE-dxHP-SplitHP-33to55-Ex-SEER16.2/instance-out.sql,99.99,929097.53,321.86,2990599.02
CZ03/MLI&0&cDXHP&Ex&dxHP_equip/NE-dxHP-SplitHP-33to55-Ex-SEER17.1/instance-out.sql,99.92,928390.60,321.61,2988237.88
CZ03/MLI&0&cDXHP&Ex&dxHP_equip/NE-dxHP-SplitHP-33to55-Ex-SEER18.1/instance-out.sql,99.84,927718.54,321.36,2985993.21
CZ03/Mtl&0&cDXHP&Ex&dxHP_equip/NE-dxHP-PkgHP-18to33-Ex-SEER13.4/instance-out.sql,54.02,150495.16,173.64,483732.22
CZ03/Mtl&0&cDXHP&Ex&dxHP_equip/NE-dxHP-PkgHP-18to33-Ex-SEER15.2/instance-out.sql,53.81,149916.95,172.95,481800.99
CZ03/Mtl&0&cDXHP&Ex&dxHP_equip/NE-dxHP-PkgHP-18to33-Ex-SEER16.2/instance-out.sql,53.73,149683.43,172.67,481021.03
CZ03/Mtl&0&cDXHP&Ex&dxHP_equip/NE-dxHP-PkgHP-18to33-Ex-SEER17.1/instance-out.sql,53.66,149496.73,172.44,480397.47
CZ03/Mtl&0&cDXHP&Ex&dxHP_equip/NE-dxHP-PkgHP-18to33-Ex-SEER18.1/instance-out.sql,53.60,149319.25,172.23,479804.67
CZ03/Mtl&0&cDXHP&Ex&dxHP_equip/NE-dxHP-PkgHP-33to65-Ex-SEER13.4/instance-out.sql,54.02,150495.16,173.64,483732.22
CZ03/Mtl&0&cDXHP&Ex&dxHP_equip/NE-dxHP-PkgHP-33to65-Ex-SEER15.2/instance-out.sql,53.81,149916.95,172.95,481800.99
CZ03/Mtl&0&cDXHP&Ex&dxHP_equip/NE-dxHP-PkgHP-33to65-Ex-SEER16.2/instance-out.sql,53.73,149683.43,172.67,481021.03
CZ03/Mtl&0&cDXHP&Ex&dxHP_equip/NE-dxHP-PkgHP-33to65-Ex-SEER17.1/instance-out.sql,53.66,149496.73,172.44,480397.47
CZ03/Mtl&0&cDXHP&Ex&dxHP_equip/NE-dxHP-PkgHP-33to65-Ex-SEER18.1/instance-out.sql,53.60,149319.25,172.23,479804.67
CZ03/Mtl&0&cDXHP&Ex&dxHP_equip/NE-dxHP-SplitHP-18to33-Ex-SEER14.3/instance-out.sql,53.86,150045.21,173.10,482229.38
CZ03/Mtl&0&cDXHP&Ex&dxHP_equip/NE-dxHP-SplitHP-18to33-Ex-SEER15.2/instance-out.sql,53.76,149776.62,172.78,481332.29
CZ03/Mtl&0&cDXHP&Ex&dxHP_equip/NE-dxHP-SplitHP-18to33-Ex-SEER16.2/instance-out.sql,53.68,149543.10,172.50,480552.33
CZ03/Mtl&0&cDXHP&Ex&dxHP_equip/NE-dxHP-SplitHP-18to33-Ex-SEER17.1/instance-out.sql,53.61,149356.40,172.28,479928.77
CZ03/Mtl&0&cDXHP&Ex&dxHP_equip/NE-dxHP-SplitHP-18to33-Ex-SEER18.1/instance-out.sql,53.55,149178.92,172.06,479335.97
CZ03/Mtl&0&cDXHP&Ex&dxHP_equip/NE-dxHP-SplitHP-33to55-Ex-SEER14.3/instance-out.sql,53.86,150045.21,173.10,482229.38
CZ03/Mtl&0&cDXHP&Ex&dxHP_equip/NE-dxHP-SplitHP-33to55-Ex-SEER15.2/instance-out.sql,53.76,149776.62,172.78,481332.29
CZ03/Mtl&0&cDXHP&Ex&dxHP_equip/NE-dxHP-SplitHP-33to55-Ex-SEER16.2/instance-out.sql,53.68,149543.10,172.50,480552.33
CZ03/Mtl&0&cDXHP&Ex&dxHP_equip/NE-dxHP-SplitHP-33to55-Ex-SEER17.1/instance-out.sql,53.61,149356.40,172.28,479928.77
CZ03/Mtl&0&cDXHP&Ex&dxHP_equip/NE-dxHP-SplitHP-33to55-Ex-SEER18.1/instance-out.sql,53.55,149178.92,172.06,479335.97
CZ03/Nrs&0&cDXHP&Ex&dxHP_equip/NE-dxHP-PkgHP-18to33-Ex-SEER13.4/instance-out.sql,87.74,904794.71,245.88,2535556.64
CZ03/Nrs&0&cDXHP&Ex&dxHP_equip/NE-dxHP-PkgHP-18to33-Ex-SEER15.2/instance-out.sql,87.65,903832.03,245.57,2532341.28
CZ03/Nrs&0&cDXHP&Ex&dxHP_equip/NE-dxHP-PkgHP-18to33-Ex-SEER16.2/instance-out.sql,87.61,903443.23,245.44,2531042.69
CZ03/Nrs&0&cDXHP&Ex&dxHP_equip/NE-dxHP-PkgHP-18to33-Ex-SEER17.1/instance-out.sql,87.58,903132.39,245.34,2530004.50
CZ03/Nrs&0&cDXHP&Ex&dxHP_equip/NE-dxHP-PkgHP-18to33-Ex-SEER18.1/instance-out.sql,87.55,902836.89,245.25,2529017.53
CZ03/Nrs&0&cDXHP&Ex&dxHP_equip/NE-dxHP-PkgHP-33to65-Ex-SEER13.4/instance-out.sql,87.74,904794.71,245.88,2535556.64
CZ03/Nrs&0&cDXHP&Ex&dxHP_equip/NE-dxHP-PkgHP-33to65-Ex-SEER15.2/instance-out.sql,87.65,903832.03,245.57,2532341.28
CZ03/Nrs&0&cDXHP&Ex&dxHP_equip/NE-dxHP-PkgHP-33to65-Ex-SEER16.2/instance-out.sql,87.61,903443.23,245.44,2531042.69
CZ03/Nrs&0&cDXHP&Ex&dxHP_equip/NE-dxHP-PkgHP-33to65-Ex-SEER17.1/instance-out.sql,87.58,903132.39,245.34,2530004.50
CZ03/Nrs&0&cDXHP&Ex&dxHP_equip/NE-dxHP-PkgHP-33to65-Ex-SEER18.1/instance-out.sql,87.55,902836.89,245.25,2529017.53
CZ03/Nrs&0&cDXHP&Ex&dxHP_equip/NE-dxHP-SplitHP-18to33-Ex-SEER14.3/instance-out.sql,87.68,904119.92,245.66,2533302.86
CZ03/Nrs&0&cDXHP&Ex&dxHP_equip/NE-dxHP-SplitHP-18to33-Ex-SEER15.2/instance-out.sql,87.63,903672.74,245.52,2531809.26
CZ03/Nrs&0&cDXHP&Ex&dxHP_equip/NE-dxHP-SplitHP-18to33-Ex-SEER16.2/instance-out.sql,87.59,903283.94,245.39,2530510.67
CZ03/Nrs&0&cDXHP&Ex&dxHP_equip/NE-dxHP-SplitHP-18to33-Ex-SEER17.1/instance-out.sql,87.56,902973.11,245.29,2529472.49
CZ03/Nrs&0&cDXHP&Ex&dxHP_equip/NE-dxHP-SplitHP-18to33-Ex-SEER18.1/instance-out.sql,87.54,902677.61,245.20,2528485.51
CZ03/Nrs&0&cDXHP&Ex&dxHP_equip/NE-dxHP-SplitHP-33to55-Ex-SEER14.3/instance-out.sql,87.68,904119.92,245.66,2533302.86
CZ03/Nrs&0&cDXHP&Ex&dxHP_equip/NE-dxHP-SplitHP-33to55-Ex-SEER15.2/instance-out.sql,87.63,903672.74,245.52,2531809.26
CZ03/Nrs&0&cDXHP&Ex&dxHP_equip/NE-dxHP-SplitHP-33to55-Ex-SEER16.2/instance-out.sql,87.59,903283.94,245.39,2530510.67
CZ03/Nrs&0&cDXHP&Ex&dxHP_equip/NE-dxHP-SplitHP-33to55-Ex-SEER17.1/instance-out.sql,87.56,902973.11,245.29,2529472.49
CZ03/Nrs&0&cDXHP&Ex&dxHP_equip/NE-dxHP-SplitHP-33to55-Ex-SEER18.1/instance-out.sql,87.54,902677.61,245.20,2528485.51
CZ03/OfL&0&cDXHP&Ex&dxHP_equip/NE-dxHP-PkgHP-18to33-Ex-SEER13.4/instance-out.sql,75.82,2464691.70,243.27,7908378.31
CZ03/OfL&0&cDXHP&Ex&dxHP_equip/NE-dxHP-PkgHP-18to33-Ex-SEER15.2/instance-out.sql,75.60,2457633.94,242.54,7884805.36
CZ03/OfL&0&cDXHP&Ex&dxHP_equip/NE-dxHP-PkgHP-18to33-Ex-SEER16.2/instance-out.sql,75.51,2454783.51,242.25,7875284.92
CZ03/OfL&0&cDXHP&Ex&dxHP_equip/NE-dxHP-PkgHP-18to33-Ex-SEER17.1/instance-out.sql,75.44,2452504.67,242.02,7867673.63
CZ03/OfL&0&cDXHP&Ex&dxHP_equip/NE-dxHP-PkgHP-18to33-Ex-SEER18.1/instance-out.sql,75.38,2450338.25,241.80,7860437.78
CZ03/OfL&0&cDXHP&Ex&dxHP_equip/NE-dxHP-PkgHP-33to65-Ex-SEER13.4/instance-out.sql,75.82,2464691.70,243.27,7908378.31
CZ03/OfL&0&cDXHP&Ex&dxHP_equip/NE-dxHP-PkgHP-33to65-Ex-SEER15.2/instance-out.sql,75.60,2457633.94,242.54,7884805.36
CZ03/OfL&0&cDXHP&Ex&dxHP_equip/NE-dxHP-PkgHP-33to65-Ex-SEER16.2/instance-out.sql,75.51,2454783.51,242.25,7875284.92
CZ03/OfL&0&cDXHP&Ex&dxHP_equip/NE-dxHP-PkgHP-33to65-Ex-SEER17.1/instance-out.sql,75.44,2452504.67,242.02,7867673.63
CZ03/OfL&0&cDXHP&Ex&dxHP_equip/NE-dxHP-PkgHP-33to65-Ex-SEER18.1/instance-out.sql,75.38,2450338.25,241.80,7860437.78
CZ03/OfL&0&cDXHP&Ex&dxHP_equip/NE-dxHP-SplitHP-18to33-Ex-SEER14.3/instance-out.sql,75.69,2460569.32,242.85,7894609.54
CZ03/OfL&0&cDXHP&Ex&dxHP_equip/NE-dxHP-SplitHP-18to33-Ex-SEER15.2/instance-out.sql,75.59,2457290.86,242.51,7883659.47
CZ03/OfL&0&cDXHP&Ex&dxHP_equip/NE-dxHP-SplitHP-18to33-Ex-SEER16.2/instance-out.sql,75.50,2454440.43,242.22,7874139.04
CZ03/OfL&0&cDXHP&Ex&dxHP_equip/NE-dxHP-SplitHP-18to33-Ex-SEER17.1/instance-out.sql,75.43,2452161.59,241.98,7866527.74
CZ03/OfL&0&cDXHP&Ex&dxHP_equip/NE-dxHP-SplitHP-18to33-Ex-SEER18.1/instance-out.sql,75.36,2449995.17,241.76,7859291.89
CZ03/OfL&0&cDXHP&Ex&dxHP_equip/NE-dxHP-SplitHP-33to55-Ex-SEER14.3/instance-out.sql,75.69,2460569.32,242.85,7894609.54
CZ03/OfL&0&cDXHP&Ex&dxHP_equip/NE-dxHP-SplitHP-33to55-Ex-SEER15.2/instance-out.sql,75.59,2457290.86,242.51,7883659.47
CZ03/OfL&0&cDXHP&Ex&dxHP_equip/NE-dxHP-SplitHP-33to55-Ex-SEER16.2/instance-out.sql,75.50,2454440.43,242.22,7874139.04
CZ03/OfL&0&cDXHP&Ex&dxHP_equip/NE-dxHP-SplitHP-33to55-Ex-SEER17.1/instance-out.sql,75.43,2452161.59,241.98,7866527.74
CZ03/OfL&0&cDXHP&Ex&dxHP_equip/NE-dxHP-SplitHP-33to55-Ex-SEER18.1/instance-out.sql,75.36,2449995.17,241.76,7859291.89
CZ03/OfS&0&cDXHP&Ex&dxHP_equip/NE-dxHP-PkgHP-18to33-Ex-SEER13.4/instance-out.sql,75.64,140576.91,225.05,418259.39
CZ03/OfS&0&cDXHP&Ex&dxHP_equip/NE-dxHP-PkgHP-18to33-Ex-SEER15.2/instance-out.sql,75.38,140086.22,224.17,416620.50
CZ03/OfS&0&cDXHP&Ex&dxHP_equip/NE-dxHP-PkgHP-18to33-Ex-SEER16.2/instance-out.sql,75.27,139888.05,223.82,415958.60
CZ03/OfS&0&cDXHP&Ex&dxHP_equip/NE-dxHP-PkgHP-18to33-Ex-SEER17.1/instance-out.sql,75.18,139729.61,223.53,415429.42
CZ03/OfS&0&cDXHP&Ex&dxHP_equip/NE-dxHP-PkgHP-18to33-Ex-SEER18.1/instance-out.sql,75.10,139578.99,223.26,414926.36
CZ03/OfS&0&cDXHP&Ex&dxHP_equip/NE-dxHP-PkgHP-33to65-Ex-SEER13.4/instance-out.sql,75.64,140576.91,225.05,418259.39
CZ03/OfS&0&cDXHP&Ex&dxHP_equip/NE-dxHP-PkgHP-33to65-Ex-SEER15.2/instance-out.sql,75.38,140086.22,224.17,416620.50
CZ03/OfS&0&cDXHP&Ex&dxHP_equip/NE-dxHP-PkgHP-33to65-Ex-SEER16.2/instance-out.sql,75.27,139888.05,223.82,415958.60
CZ03/OfS&0&cDXHP&Ex&dxHP_equip/NE-dxHP-PkgHP-33to65-Ex-SEER17.1/instance-out.sql,75.18,139729.61,223.53,415429.42
CZ03/OfS&0&cDXHP&Ex&dxHP_equip/NE-dxHP-PkgHP-33to65-Ex-SEER18.1/instance-out.sql,75.10,139578.99,223.26,414926.36
CZ03/OfS&0&cDXHP&Ex&dxHP_equip/NE-dxHP-SplitHP-18to33-Ex-SEER14.3/instance-out.sql,75.47,140265.23,224.49,417218.40
CZ03/OfS&0&cDXHP&Ex&dxHP_equip/NE-dxHP-SplitHP-18to33-Ex-SEER15.2/instance-out.sql,75.35,140037.30,224.08,416457.10
CZ03/OfS&0&cDXHP&Ex&dxHP_equip/NE-dxHP-SplitHP-18to33-Ex-SEER16.2/instance-out.sql,75.24,139839.13,223.73,415795.20
CZ03/OfS&0&cDXHP&Ex&dxHP_equip/NE-dxHP-SplitHP-18to33-Ex-SEER17.1/instance-out.sql,75.16,139680.69,223.44,415266.03
CZ03/OfS&0&cDXHP&Ex&dxHP_equip/NE-dxHP-SplitHP-18to33-Ex-SEER18.1/instance-out.sql,75.08,139530.07,223.17,414762.97
CZ03/OfS&0&cDXHP&Ex&dxHP_equip/NE-dxHP-SplitHP-33to55-Ex-SEER14.3/instance-out.sql,75.47,140265.23,224.49,417218.40
CZ03/OfS&0&cDXHP&Ex&dxHP_equip/NE-dxHP-SplitHP-33to55-Ex-SEER15.2/instance-out.sql,75.35,140037.30,224.08,416457.10
CZ03/OfS&0&cDXHP&Ex&dxHP_equip/NE-dxHP-SplitHP-33to55-Ex-SEER16.2/instance-out.sql,75.24,139839.13,223.73,415795.20
CZ03/OfS&0&cDXHP&Ex&dxHP_equip/NE-dxHP-SplitHP-33to55-Ex-SEER17.1/instance-out.sql,75.16,139680.69,223.44,415266.03
CZ03/OfS&0&cDXHP&Ex&dxHP_equip/NE-dxHP-SplitHP-33to55-Ex-SEER18.1/instance-out.sql,75.08,139530.07,223.17,414762.97
CZ03/RFF&0&cDXHP&Ex&dxHP_equip/NE-dxHP-PkgHP-18to33-Ex-SEER13.4/instance-out.sql,282.91,105033.13,664.31,246631.28
CZ03/RFF&0&cDXHP&Ex&dxHP_equip/NE-dxHP-PkgHP-18to33-Ex-SEER15.2/instance-out.sql,282.55,104898.93,663.10,246183.07
CZ03/RFF&0&cDXHP&Ex&dxHP_equip/NE-dxHP-PkgHP-18to33-Ex-SEER16.2/instance-out.sql,282.40,104844.74,662.62,246002.05
CZ03/RFF&0&cDXHP&Ex&dxHP_equip/NE-dxHP-PkgHP-18to33-Ex-SEER17.1/instance-out.sql,282.29,104801.41,662.23,245857.33
CZ03/RFF&0&cDXHP&Ex&dxHP_equip/NE-dxHP-PkgHP-18to33-Ex-SEER18.1/instance-out.sql,282.18,104760.22,661.86,245719.76
CZ03/RFF&0&cDXHP&Ex&dxHP_equip/NE-dxHP-PkgHP-33to65-Ex-SEER13.4/instance-out.sql,282.91,105033.13,664.31,246631.28
CZ03/RFF&0&cDXHP&Ex&dxHP_equip/NE-dxHP-PkgHP-33to65-Ex-SEER15.2/instance-out.sql,282.55,104898.93,663.10,246183.07
CZ03/RFF&0&cDXHP&Ex&dxHP_equip/NE-dxHP-PkgHP-33to65-Ex-SEER16.2/instance-out.sql,282.40,104844.74,662.62,246002.05
CZ03/RFF&0&cDXHP&Ex&dxHP_equip/NE-dxHP-PkgHP-33to65-Ex-SEER17.1/instance-out.sql,282.29,104801.41,662.23,245857.33
CZ03/RFF&0&cDXHP&Ex&dxHP_equip/NE-dxHP-PkgHP-33to65-Ex-SEER18.1/instance-out.sql,282.18,104760.22,661.86,245719.76
CZ03/RFF&0&cDXHP&Ex&dxHP_equip/NE-dxHP-SplitHP-18to33-Ex-SEER14.3/instance-out.sql,282.63,104930.73,663.39,246289.27
CZ03/RFF&0&cDXHP&Ex&dxHP_equip/NE-dxHP-SplitHP-18to33-Ex-SEER15.2/instance-out.sql,282.47,104868.40,662.83,246081.07
CZ03/RFF&0&cDXHP&Ex&dxHP_equip/NE-dxHP-SplitHP-18to33-Ex-SEER16.2/instance-out.sql,282.32,104814.20,662.34,245900.06
CZ03/RFF&0&cDXHP&Ex&dxHP_equip/NE-dxHP-SplitHP-18to33-Ex-SEER17.1/instance-out.sql,282.20,104770.87,661.95,245755.34
CZ03/RFF&0&cDXHP&Ex&dxHP_equip/NE-dxHP-SplitHP-18to33-Ex-SEER18.1/instance-out.sql,282.09,104729.68,661.58,245617.76
CZ03/RFF&0&cDXHP&Ex&dxHP_equip/NE-dxHP-SplitHP-33to55-Ex-SEER14.3/instance-out.sql,282.63,104930.73,663.39,246289.27
CZ03/RFF&0&cDXHP&Ex&dxHP_equip/NE-dxHP-SplitHP-33to55-Ex-SEER15.2/instance-out.sql,282.47,104868.40,662.83,246081.07
CZ03/RFF&0&cDXHP&Ex&dxHP_equip/NE-dxHP-SplitHP-33to55-Ex-SEER16.2/instance-out.sql,282.32,104814.20,662.34,245900.06
CZ03/RFF&0&cDXHP&Ex&dxHP_equip/NE-dxHP-SplitHP-33to55-Ex-SEER17.1/instance-out.sql,282.20,104770.87,661.95,245755.34
CZ03/RFF&0&cDXHP&Ex&dxHP_equip/NE-dxHP-SplitHP-33to55-Ex-SEER18.1/instance-out.sql,282.09,104729.68,661.58,245617.76
CZ03/RSD&0&cDXHP&Ex&dxHP_equip/NE-dxHP-PkgHP-18to33-Ex-SEER13.4/instance-out.sql,224.74,233953.42,487.41,507387.88
CZ03/RSD&0&cDXHP&Ex&dxHP_equip/NE-dxHP-PkgHP-18to33-Ex-SEER15.2/instance-out.sql,224.68,233891.19,487.21,507180.04
CZ03/RSD&0&cDXHP&Ex&dxHP_equip/NE-dxHP-PkgHP-18to33-Ex-SEER16.2/instance-out.sql,224.66,233866.06,487.13,507096.10
CZ03/RSD&0&cDXHP&Ex&dxHP_equip/NE-dxHP-PkgHP-18to33-Ex-SEER17.1/instance-out.sql,224.64,233845.97,487.07,507028.99
CZ03/RSD&0&cDXHP&Ex&dxHP_equip/NE-dxHP-PkgHP-18to33-Ex-SEER18.1/instance-out.sql,224.62,233826.87,487.01,506965.19
CZ03/RSD&0&cDXHP&Ex&dxHP_equip/NE-dxHP-PkgHP-33to65-Ex-SEER13.4/instance-out.sql,224.74,233953.42,487.41,507387.88
CZ03/RSD&0&cDXHP&Ex&dxHP_equip/NE-dxHP-PkgHP-33to65-Ex-SEER15.2/instance-out.sql,224.68,233891.19,487.21,507180.04
CZ03/RSD&0&cDXHP&Ex&dxHP_equip/NE-dxHP-PkgHP-33to65-Ex-SEER16.2/instance-out.sql,224.66,233866.06,487.13,507096.10
CZ03/RSD&0&cDXHP&Ex&dxHP_equip/NE-dxHP-PkgHP-33to65-Ex-SEER17.1/instance-out.sql,224.64,233845.97,487.07,507028.99
CZ03/RSD&0&cDXHP&Ex&dxHP_equip/NE-dxHP-PkgHP-33to65-Ex-SEER18.1/instance-out.sql,224.62,233826.87,487.01,506965.19
CZ03/RSD&0&cDXHP&Ex&dxHP_equip/NE-dxHP-SplitHP-18to33-Ex-SEER14.3/instance-out.sql,224.70,233905.58,487.26,507228.07
CZ03/RSD&0&cDXHP&Ex&dxHP_equip/NE-dxHP-SplitHP-18to33-Ex-SEER15.2/instance-out.sql,224.67,233876.67,487.16,507131.53
CZ03/RSD&0&cDXHP&Ex&dxHP_equip/NE-dxHP-SplitHP-18to33-Ex-SEER16.2/instance-out.sql,224.64,233851.54,487.08,507047.59
CZ03/RSD&0&cDXHP&Ex&dxHP_equip/NE-dxHP-SplitHP-18to33-Ex-SEER17.1/instance-out.sql,224.63,233831.45,487.02,506980.48
CZ03/RSD&0&cDXHP&Ex&dxHP_equip/NE-dxHP-SplitHP-18to33-Ex-SEER18.1/instance-out.sql,224.61,233812.35,486.96,506916.68
CZ03/RSD&0&cDXHP&Ex&dxHP_equip/NE-dxHP-SplitHP-33to55-Ex-SEER14.3/instance-out.sql,224.70,233905.58,487.26,507228.07
CZ03/RSD&0&cDXHP&Ex&dxHP_equip/NE-dxHP-SplitHP-33to55-Ex-SEER15.2/instance-out.sql,224.67,233876.67,487.16,507131.53
CZ03/RSD&0&cDXHP&Ex&dxHP_equip/NE-dxHP-SplitHP-33to55-Ex-SEER16.2/instance-out.sql,224.64,233851.54,487.08,507047.59
CZ03/RSD&0&cDXHP&Ex&dxHP_equip/NE-dxHP-SplitHP-33to55-Ex-SEER17.1/instance-out.sql,224.63,233831.45,487.02,506980.48
CZ03/RSD&0&cDXHP&Ex&dxHP_equip/NE-dxHP-SplitHP-33to55-Ex-SEER18.1/instance-out.sql,224.61,233812.35,486.96,506916.68
CZ03/Rt3&0&cDXHP&Ex&dxHP_equip/NE-dxHP-PkgHP-18to33-Ex-SEER13.4/instance-out.sql,88.84,1980743.02,278.59,6211700.79
CZ03/Rt3&0&cDXHP&Ex&dxHP_equip/NE-dxHP-PkgHP-18to33-Ex-SEER15.2/instance-out.sql,88.62,1975849.98,277.86,6195358.04
CZ03/Rt3&0&cDXHP&Ex&dxHP_equip/NE-dxHP-PkgHP-18to33-Ex-SEER16.2/instance-out.sql,88.53,1973873.83,277.56,6188757.67
CZ03/Rt3&0&cDXHP&Ex&dxHP_equip/NE-dxHP-PkgHP-18to33-Ex-SEER17.1/instance-out.sql,88.46,1972293.95,277.33,6183480.88
CZ03/Rt3&0&cDXHP&Ex&dxHP_equip/NE-dxHP-PkgHP-18to33-Ex-SEER18.1/instance-out.sql,88.39,1970792.00,277.10,6178464.38
CZ03/Rt3&0&cDXHP&Ex&dxHP_equip/NE-dxHP-PkgHP-33to65-Ex-SEER13.4/instance-out.sql,88.84,1980743.02,278.59,6211700.79
CZ03/Rt3&0&cDXHP&Ex&dxHP_equip/NE-dxHP-PkgHP-33to65-Ex-SEER15.2/instance-out.sql,88.62,1975849.98,277.86,6195358.04
CZ03/Rt3&0&cDXHP&Ex&dxHP_equip/NE-dxHP-PkgHP-33to65-Ex-SEER16.2/instance-out.sql,88.53,1973873.83,277.56,6188757.67
CZ03/Rt3&0&cDXHP&Ex&dxHP_equip/NE-dxHP-PkgHP-33to65-Ex-SEER17.1/instance-out.sql,88.46,1972293.95,277.33,6183480.88
CZ03/Rt3&0&cDXHP&Ex&dxHP_equip/NE-dxHP-PkgHP-33to65-Ex-SEER18.1/instance-out.sql,88.39,1970792.00,277.10,6178464.38
CZ03/Rt3&0&cDXHP&Ex&dxHP_equip/NE-dxHP-SplitHP-18to33-Ex-SEER14.3/instance-out.sql,88.70,1977655.52,278.13,6201388.55
CZ03/Rt3&0&cDXHP&Ex&dxHP_equip/NE-dxHP-SplitHP-18to33-Ex-SEER15.2/instance-out.sql,88.60,1975382.62,277.79,6193797.04
CZ03/Rt3&0&cDXHP&Ex&dxHP_equip/NE-dxHP-SplitHP-18to33-Ex-SEER16.2/instance-out.sql,88.51,1973406.46,277.49,6187196.68
CZ03/Rt3&0&cDXHP&Ex&dxHP_equip/NE-dxHP-SplitHP-18to33-Ex-SEER17.1/instance-out.sql,88.44,1971826.58,277.26,6181919.89
CZ03/Rt3&0&cDXHP&Ex&dxHP_equip/NE-dxHP-SplitHP-18to33-Ex-SEER18.1/instance-out.sql,88.37,1970324.64,277.03,6176903.38
CZ03/Rt3&0&cDXHP&Ex&dxHP_equip/NE-dxHP-SplitHP-33to55-Ex-SEER14.3/instance-out.sql,88.70,1977655.52,278.13,6201388.55
CZ03/Rt3&0&cDXHP&Ex&dxHP_equip/NE-dxHP-SplitHP-33to55-Ex-SEER15.2/instance-out.sql,88.60,1975382.62,277.79,6193797.04
CZ03/Rt3&0&cDXHP&Ex&dxHP_equip/NE-dxHP-SplitHP-33to55-Ex-SEER16.2/instance-out.sql,88.51,1973406.46,277.49,6187196.68
CZ03/Rt3&0&cDXHP&Ex&dxHP_equip/NE-dxHP-SplitHP-33to55-Ex-SEER17.1/instance-out.sql,88.44,1971826.58,277.26,6181919.89
CZ03/Rt3&0&cDXHP&Ex&dxHP_equip/NE-dxHP-SplitHP-33to55-Ex-SEER18.1/instance-out.sql,88.37,1970324.64,277.03,6176903.38
CZ03/RtL&0&cDXHP&Ex&dxHP_equip/NE-dxHP-PkgHP-18to33-Ex-SEER13.4/instance-out.sql,161.77,1961241.07,508.35,6163218.03
CZ03/RtL&0&cDXHP&Ex&dxHP_equip/NE-dxHP-PkgHP-18to33-Ex-SEER15.2/instance-out.sql,161.30,1955630.99,506.80,6144480.36
CZ03/RtL&0&cDXHP&Ex&dxHP_equip/NE-dxHP-PkgHP-18to33-Ex-SEER16.2/instance-out.sql,161.12,1953365.24,506.18,6136912.76
CZ03/RtL&0&cDXHP&Ex&dxHP_equip/NE-dxHP-PkgHP-18to33-Ex-SEER17.1/instance-out.sql,160.97,1951553.84,505.68,6130862.69
CZ03/RtL&0&cDXHP&Ex&dxHP_equip/NE-dxHP-PkgHP-18to33-Ex-SEER18.1/instance-out.sql,160.82,1949831.79,505.21,6125111.05
CZ03/RtL&0&cDXHP&Ex&dxHP_equip/NE-dxHP-PkgHP-33to65-Ex-SEER13.4/instance-out.sql,161.77,1961241.07,508.35,6163218.03
CZ03/RtL&0&cDXHP&Ex&dxHP_equip/NE-dxHP-PkgHP-33to65-Ex-SEER15.2/instance-out.sql,161.30,1955630.99,506.80,6144480.36
CZ03/RtL&0&cDXHP&Ex&dxHP_equip/NE-dxHP-PkgHP-33to65-Ex-SEER16.2/instance-out.sql,161.12,1953365.24,506.18,6136912.76
CZ03/RtL&0&cDXHP&Ex&dxHP_equip/NE-dxHP-PkgHP-33to65-Ex-SEER17.1/instance-out.sql,160.97,1951553.84,505.68,6130862.69
CZ03/RtL&0&cDXHP&Ex&dxHP_equip/NE-dxHP-PkgHP-33to65-Ex-SEER18.1/instance-out.sql,160.82,1949831.79,505.21,6125111.05
CZ03/RtL&0&cDXHP&Ex&dxHP_equip/NE-dxHP-SplitHP-18to33-Ex-SEER14.3/instance-out.sql,161.49,1957876.34,507.42,6151979.84
CZ03/RtL&0&cDXHP&Ex&dxHP_equip/NE-dxHP-SplitHP-18to33-Ex-SEER15.2/instance-out.sql,161.27,1955270.35,506.70,6143275.84
CZ03/RtL&0&cDXHP&Ex&dxHP_equip/NE-dxHP-SplitHP-18to33-Ex-SEER16.2/instance-out.sql,161.09,1953004.60,506.08,6135708.24
CZ03/RtL&0&cDXHP&Ex&dxHP_equip/NE-dxHP-SplitHP-18to33-Ex-SEER17.1/instance-out.sql,160.94,1951193.20,505.58,6129658.17
CZ03/RtL&0&cDXHP&Ex&dxHP_equip/NE-dxHP-SplitHP-18to33-Ex-SEER18.1/instance-out.sql,160.79,1949471.16,505.11,6123906.53
CZ03/RtL&0&cDXHP&Ex&dxHP_equip/NE-dxHP-SplitHP-33to55-Ex-SEER14.3/instance-out.sql,161.49,1957876.34,507.42,6151979.84
CZ03/RtL&0&cDXHP&Ex&dxHP_equip/NE-dxHP-SplitHP-33to55-Ex-SEER15.2/instance-out.sql,161.27,1955270.35,506.70,6143275.84
CZ03/RtL&0&cDXHP&Ex&dxHP_equip/NE-dxHP-SplitHP-33to55-Ex-SEER16.2/instance-out.sql,161.09,1953004.60,506.08,6135708.24
CZ03/RtL&0&cDXHP&Ex&dxHP_equip/NE-dxHP-SplitHP-33to55-Ex-SEER17.1/instance-out.sql,160.94,1951193.20,505.58,6129658.17
CZ03/RtL&0&cDXHP&Ex&dxHP_equip/NE-dxHP-SplitHP-33to55-Ex-SEER18.1/instance-out.sql,160.79,1949471.16,505.11,6123906.53
CZ03/RtS&0&cDXHP&Ex&dxHP_equip/NE-dxHP-PkgHP-18to33-Ex-SEER13.4/instance-out.sql,84.44,125540.19,257.67,383075.33
CZ03/RtS&0&cDXHP&Ex&dxHP_equip/NE-dxHP-PkgHP-18to33-Ex-SEER15.2/instance-out.sql,84.21,125188.76,256.88,381901.56
CZ03/RtS&0&cDXHP&Ex&dxHP_equip/NE-dxHP-PkgHP-18to33-Ex-SEER16.2/instance-out.sql,84.11,125046.83,256.56,381427.51
CZ03/RtS&0&cDXHP&Ex&dxHP_equip/NE-dxHP-PkgHP-18to33-Ex-SEER17.1/instance-out.sql,84.03,124933.36,256.31,381048.52
CZ03/RtS&0&cDXHP&Ex&dxHP_equip/NE-dxHP-PkgHP-18to33-Ex-SEER18.1/instance-out.sql,83.96,124825.49,256.06,380688.23
CZ03/RtS&0&cDXHP&Ex&dxHP_equip/NE-dxHP-PkgHP-33to65-Ex-SEER13.4/instance-out.sql,84.44,125540.19,257.67,383075.33
CZ03/RtS&0&cDXHP&Ex&dxHP_equip/NE-dxHP-PkgHP-33to65-Ex-SEER15.2/instance-out.sql,84.21,125188.76,256.88,381901.56
CZ03/RtS&0&cDXHP&Ex&dxHP_equip/NE-dxHP-PkgHP-33to65-Ex-SEER16.2/instance-out.sql,84.11,125046.83,256.56,381427.51
CZ03/RtS&0&cDXHP&Ex&dxHP_equip/NE-dxHP-PkgHP-33to65-Ex-SEER17.1/instance-out.sql,84.03,124933.36,256.31,381048.52
CZ03/RtS&0&cDXHP&Ex&dxHP_equip/NE-dxHP-PkgHP-33to65-Ex-SEER18.1/instance-out.sql,83.96,124825.49,256.06,380688.23
CZ03/RtS&0&cDXHP&Ex&dxHP_equip/NE-dxHP-SplitHP-18to33-Ex-SEER14.3/instance-out.sql,84.26,125271.52,257.07,382177.99
CZ03/RtS&0&cDXHP&Ex&dxHP_equip/NE-dxHP-SplitHP-18to33-Ex-SEER15.2/instance-out.sql,84.15,125108.28,256.70,381632.75
CZ03/RtS&0&cDXHP&Ex&dxHP_equip/NE-dxHP-SplitHP-18to33-Ex-SEER16.2/instance-out.sql,84.06,124966.35,256.38,381158.70
CZ03/RtS&0&cDXHP&Ex&dxHP_equip/NE-dxHP-SplitHP-18to33-Ex-SEER17.1/instance-out.sql,83.98,124852.88,256.13,380779.72
CZ03/RtS&0&cDXHP&Ex&dxHP_equip/NE-dxHP-SplitHP-18to33-Ex-SEER18.1/instance-out.sql,83.91,124745.01,255.88,380419.42
CZ03/RtS&0&cDXHP&Ex&dxHP_equip/NE-dxHP-SplitHP-33to55-Ex-SEER14.3/instance-out.sql,84.26,125271.52,257.07,382177.99
CZ03/RtS&0&cDXHP&Ex&dxHP_equip/NE-dxHP-SplitHP-33to55-Ex-SEER15.2/instance-out.sql,84.15,125108.28,256.70,381632.75
CZ03/RtS&0&cDXHP&Ex&dxHP_equip/NE-dxHP-SplitHP-33to55-Ex-SEER16.2/instance-out.sql,84.06,124966.35,256.38,381158.70
CZ03/RtS&0&cDXHP&Ex&dxHP_equip/NE-dxHP-SplitHP-33to55-Ex-SEER17.1/instance-out.sql,83.98,124852.88,256.13,380779.72
CZ03/RtS&0&cDXHP&Ex&dxHP_equip/NE-dxHP-SplitHP-33to55-Ex-SEER18.1/instance-out.sql,83.91,124745.01,255.88,380419.42
CZ03/SCn&0&cDXHP&Ex&dxHP_equip/NE-dxHP-PkgHP-18to33-Ex-SEER13.4/instance-out.sql,61.44,2854034.22,200.97,9335305.67
CZ03/SCn&0&cDXHP&Ex&dxHP_equip/NE-dxHP-PkgHP-18to33-Ex-SEER15.2/instance-out.sql,61.34,2849098.22,200.62,9318819.44
CZ03/SCn&0&cDXHP&Ex&dxHP_equip/NE-dxHP-PkgHP-18to33-Ex-SEER16.2/instance-out.sql,61.29,2847104.72,200.47,9312161.13
CZ03/SCn&0&cDXHP&Ex&dxHP_equip/NE-dxHP-PkgHP-18to33-Ex-SEER17.1/instance-out.sql,61.26,2845510.97,200.36,9306838.02
CZ03/SCn&0&cDXHP&Ex&dxHP_equip/NE-dxHP-PkgHP-18to33-Ex-SEER18.1/instance-out.sql,61.23,2843995.84,200.25,9301777.47
CZ03/SCn&0&cDXHP&Ex&dxHP_equip/NE-dxHP-PkgHP-33to65-Ex-SEER13.4/instance-out.sql,61.44,2854034.22,200.97,9335305.67
CZ03/SCn&0&cDXHP&Ex&dxHP_equip/NE-dxHP-PkgHP-33to65-Ex-SEER15.2/instance-out.sql,61.34,2849098.22,200.62,9318819.44
CZ03/SCn&0&cDXHP&Ex&dxHP_equip/NE-dxHP-PkgHP-33to65-Ex-SEER16.2/instance-out.sql,61.29,2847104.72,200.47,9312161.13
CZ03/SCn&0&cDXHP&Ex&dxHP_equip/NE-dxHP-PkgHP-33to65-Ex-SEER17.1/instance-out.sql,61.26,2845510.97,200.36,9306838.02
CZ03/SCn&0&cDXHP&Ex&dxHP_equip/NE-dxHP-PkgHP-33to65-Ex-SEER18.1/instance-out.sql,61.23,2843995.84,200.25,9301777.47
CZ03/SCn&0&cDXHP&Ex&dxHP_equip/NE-dxHP-SplitHP-18to33-Ex-SEER14.3/instance-out.sql,61.23,2844243.03,200.27,9302603.10
CZ03/SCn&0&cDXHP&Ex&dxHP_equip/NE-dxHP-SplitHP-18to33-Ex-SEER15.2/instance-out.sql,61.18,2841950.17,200.10,9294944.94
CZ03/SCn&0&cDXHP&Ex&dxHP_equip/NE-dxHP-SplitHP-18to33-Ex-SEER16.2/instance-out.sql,61.14,2839956.66,199.96,9288286.63
CZ03/SCn&0&cDXHP&Ex&dxHP_equip/NE-dxHP-SplitHP-18to33-Ex-SEER17.1/instance-out.sql,61.10,2838362.92,199.85,9282963.52
CZ03/SCn&0&cDXHP&Ex&dxHP_equip/NE-dxHP-SplitHP-18to33-Ex-SEER18.1/instance-out.sql,61.07,2836847.78,199.74,9277902.97
CZ03/SCn&0&cDXHP&Ex&dxHP_equip/NE-dxHP-SplitHP-33to55-Ex-SEER14.3/instance-out.sql,61.23,2844243.03,200.27,9302603.10
CZ03/SCn&0&cDXHP&Ex&dxHP_equip/NE-dxHP-SplitHP-33to55-Ex-SEER15.2/instance-out.sql,61.18,2841950.17,200.10,9294944.94
CZ03/SCn&0&cDXHP&Ex&dxHP_equip/NE-dxHP-SplitHP-33to55-Ex-SEER16.2/instance-out.sql,61.14,2839956.66,199.96,9288286.63
CZ03/SCn&0&cDXHP&Ex&dxHP_equip/NE-dxHP-SplitHP-33to55-Ex-SEER17.1/instance-out.sql,61.10,2838362.92,199.85,9282963.52
CZ03/SCn&0&cDXHP&Ex&dxHP_equip/NE-dxHP-SplitHP-33to55-Ex-SEER18.1/instance-out.sql,61.07,2836847.78,199.74,9277902.97
CZ04/Asm&0&cDXHP&Ex&dxHP_equip/NE-dxHP-PkgHP-18to33-Ex-SEER13.4/instance-out.sql,104.62,660994.38,341.38,2156843.27
CZ04/Asm&0&cDXHP&Ex&dxHP_equip/NE-dxHP-PkgHP-18to33-Ex-SEER15.2/instance-out.sql,103.68,655035.32,338.23,2136940.00
CZ04/Asm&0&cDXHP&Ex&dxHP_equip/NE-dxHP-PkgHP-18to33-Ex-SEER16.2/instance-out.sql,103.30,652628.62,336.96,2128901.64
CZ04/Asm&0&cDXHP&Ex&dxHP_equip/NE-dxHP-PkgHP-18to33-Ex-SEER17.1/instance-out.sql,102.99,650704.54,335.94,2122475.22
CZ04/Asm&0&cDXHP&Ex&dxHP_equip/NE-dxHP-PkgHP-18to33-Ex-SEER18.1/instance-out.sql,102.70,648875.38,334.97,2116365.79
CZ04/Asm&0&cDXHP&Ex&dxHP_equip/NE-dxHP-PkgHP-33to65-Ex-SEER13.4/instance-out.sql,104.62,660994.38,341.38,2156843.27
CZ04/Asm&0&cDXHP&Ex&dxHP_equip/NE-dxHP-PkgHP-33to65-Ex-SEER15.2/instance-out.sql,103.68,655035.32,338.23,2136940.00
CZ04/Asm&0&cDXHP&Ex&dxHP_equip/NE-dxHP-PkgHP-33to65-Ex-SEER16.2/instance-out.sql,103.30,652628.62,336.96,2128901.64
CZ04/Asm&0&cDXHP&Ex&dxHP_equip/NE-dxHP-PkgHP-33to65-Ex-SEER17.1/instance-out.sql,102.99,650704.54,335.94,2122475.22
CZ04/Asm&0&cDXHP&Ex&dxHP_equip/NE-dxHP-PkgHP-33to65-Ex-SEER18.1/instance-out.sql,102.70,648875.38,334.97,2116365.79
CZ04/Asm&0&cDXHP&Ex&dxHP_equip/NE-dxHP-SplitHP-18to33-Ex-SEER14.3/instance-out.sql,103.87,656265.85,338.88,2141049.99
CZ04/Asm&0&cDXHP&Ex&dxHP_equip/NE-dxHP-SplitHP-18to33-Ex-SEER15.2/instance-out.sql,103.43,653497.76,337.42,2131804.56
CZ04/Asm&0&cDXHP&Ex&dxHP_equip/NE-dxHP-SplitHP-18to33-Ex-SEER16.2/instance-out.sql,103.05,651091.07,336.14,2123766.20
CZ04/Asm&0&cDXHP&Ex&dxHP_equip/NE-dxHP-SplitHP-18to33-Ex-SEER17.1/instance-out.sql,102.75,649166.99,335.13,2117339.78
CZ04/Asm&0&cDXHP&Ex&dxHP_equip/NE-dxHP-SplitHP-18to33-Ex-SEER18.1/instance-out.sql,102.46,647337.82,334.16,2111230.35
CZ04/Asm&0&cDXHP&Ex&dxHP_equip/NE-dxHP-SplitHP-33to55-Ex-SEER14.3/instance-out.sql,103.87,656265.85,338.88,2141049.99
CZ04/Asm&0&cDXHP&Ex&dxHP_equip/NE-dxHP-SplitHP-33to55-Ex-SEER15.2/instance-out.sql,103.43,653497.76,337.42,2131804.56
CZ04/Asm&0&cDXHP&Ex&dxHP_equip/NE-dxHP-SplitHP-33to55-Ex-SEER16.2/instance-out.sql,103.05,651091.07,336.14,2123766.20
CZ04/Asm&0&cDXHP&Ex&dxHP_equip/NE-dxHP-SplitHP-33to55-Ex-SEER17.1/instance-out.sql,102.75,649166.99,335.13,2117339.78
CZ04/Asm&0&cDXHP&Ex&dxHP_equip/NE-dxHP-SplitHP-33to55-Ex-SEER18.1/instance-out.sql,102.46,647337.82,334.16,2111230.35
CZ04/ECC&0&cDXHP&Ex&dxHP_equip/NE-dxHP-PkgHP-18to33-Ex-SEER13.4/instance-out.sql,99.06,2615433.37,286.98,7577062.25
CZ04/ECC&0&cDXHP&Ex&dxHP_equip/NE-dxHP-PkgHP-18to33-Ex-SEER15.2/instance-out.sql,98.63,2604177.81,285.56,7539468.67
CZ04/ECC&0&cDXHP&Ex&dxHP_equip/NE-dxHP-PkgHP-18to33-Ex-SEER16.2/instance-out.sql,98.46,2599632.02,284.99,7524285.71
CZ04/ECC&0&cDXHP&Ex&dxHP_equip/NE-dxHP-PkgHP-18to33-Ex-SEER17.1/instance-out.sql,98.32,2595997.79,284.53,7512147.40
CZ04/ECC&0&cDXHP&Ex&dxHP_equip/NE-dxHP-PkgHP-18to33-Ex-SEER18.1/instance-out.sql,98.19,2592542.83,284.09,7500607.83
CZ04/ECC&0&cDXHP&Ex&dxHP_equip/NE-dxHP-PkgHP-33to65-Ex-SEER13.4/instance-out.sql,99.06,2615433.37,286.98,7577062.25
CZ04/ECC&0&cDXHP&Ex&dxHP_equip/NE-dxHP-PkgHP-33to65-Ex-SEER15.2/instance-out.sql,98.63,2604177.81,285.56,7539468.67
CZ04/ECC&0&cDXHP&Ex&dxHP_equip/NE-dxHP-PkgHP-33to65-Ex-SEER16.2/instance-out.sql,98.46,2599632.02,284.99,7524285.71
CZ04/ECC&0&cDXHP&Ex&dxHP_equip/NE-dxHP-PkgHP-33to65-Ex-SEER17.1/instance-out.sql,98.32,2595997.79,284.53,7512147.40
CZ04/ECC&0&cDXHP&Ex&dxHP_equip/NE-dxHP-PkgHP-33to65-Ex-SEER18.1/instance-out.sql,98.19,2592542.83,284.09,7500607.83
CZ04/ECC&0&cDXHP&Ex&dxHP_equip/NE-dxHP-SplitHP-18to33-Ex-SEER14.3/instance-out.sql,98.81,2608878.02,286.16,7555167.35
CZ04/ECC&0&cDXHP&Ex&dxHP_equip/NE-dxHP-SplitHP-18to33-Ex-SEER15.2/instance-out.sql,98.61,2603649.60,285.49,7537704.45
CZ04/ECC&0&cDXHP&Ex&dxHP_equip/NE-dxHP-SplitHP-18to33-Ex-SEER16.2/instance-out.sql,98.44,2599103.80,284.92,7522521.49
CZ04/ECC&0&cDXHP&Ex&dxHP_equip/NE-dxHP-SplitHP-18to33-Ex-SEER17.1/instance-out.sql,98.30,2595469.58,284.46,7510383.17
CZ04/ECC&0&cDXHP&Ex&dxHP_equip/NE-dxHP-SplitHP-18to33-Ex-SEER18.1/instance-out.sql,98.17,2592014.62,284.02,7498843.61
CZ04/ECC&0&cDXHP&Ex&dxHP_equip/NE-dxHP-SplitHP-33to55-Ex-SEER14.3/instance-out.sql,98.81,2608878.02,286.16,7555167.35
CZ04/ECC&0&cDXHP&Ex&dxHP_equip/NE-dxHP-SplitHP-33to55-Ex-SEER15.2/instance-out.sql,98.61,2603649.60,285.49,7537704.45
CZ04/ECC&0&cDXHP&Ex&dxHP_equip/NE-dxHP-SplitHP-33to55-Ex-SEER16.2/instance-out.sql,98.44,2599103.80,284.92,7522521.49
CZ04/ECC&0&cDXHP&Ex&dxHP_equip/NE-dxHP-SplitHP-33to55-Ex-SEER17.1/instance-out.sql,98.30,2595469.58,284.46,7510383.17
CZ04/ECC&0&cDXHP&Ex&dxHP_equip/NE-dxHP-SplitHP-33to55-Ex-SEER18.1/instance-out.sql,98.17,2592014.62,284.02,7498843.61
CZ04/EPr&0&cDXHP&Ex&dxHP_equip/NE-dxHP-PkgHP-18to33-Ex-SEER13.4/instance-out.sql,105.62,399829.66,276.37,1046175.51
CZ04/EPr&0&cDXHP&Ex&dxHP_equip/NE-dxHP-PkgHP-18to33-Ex-SEER15.2/instance-out.sql,105.13,397950.30,274.71,1039898.46
CZ04/EPr&0&cDXHP&Ex&dxHP_equip/NE-dxHP-PkgHP-18to33-Ex-SEER16.2/instance-out.sql,104.93,397191.29,274.04,1037363.35
CZ04/EPr&0&cDXHP&Ex&dxHP_equip/NE-dxHP-PkgHP-18to33-Ex-SEER17.1/instance-out.sql,104.77,396584.48,273.51,1035336.60
CZ04/EPr&0&cDXHP&Ex&dxHP_equip/NE-dxHP-PkgHP-18to33-Ex-SEER18.1/instance-out.sql,104.61,396007.60,273.00,1033409.82
CZ04/EPr&0&cDXHP&Ex&dxHP_equip/NE-dxHP-PkgHP-33to65-Ex-SEER13.4/instance-out.sql,105.62,399829.66,276.37,1046175.51
CZ04/EPr&0&cDXHP&Ex&dxHP_equip/NE-dxHP-PkgHP-33to65-Ex-SEER15.2/instance-out.sql,105.13,397950.30,274.71,1039898.46
CZ04/EPr&0&cDXHP&Ex&dxHP_equip/NE-dxHP-PkgHP-33to65-Ex-SEER16.2/instance-out.sql,104.93,397191.29,274.04,1037363.35
CZ04/EPr&0&cDXHP&Ex&dxHP_equip/NE-dxHP-PkgHP-33to65-Ex-SEER17.1/instance-out.sql,104.77,396584.48,273.51,1035336.60
CZ04/EPr&0&cDXHP&Ex&dxHP_equip/NE-dxHP-PkgHP-33to65-Ex-SEER18.1/instance-out.sql,104.61,396007.60,273.00,1033409.82
CZ04/EPr&0&cDXHP&Ex&dxHP_equip/NE-dxHP-SplitHP-18to33-Ex-SEER14.3/instance-out.sql,105.31,398638.07,275.32,1042195.60
CZ04/EPr&0&cDXHP&Ex&dxHP_equip/NE-dxHP-SplitHP-18to33-Ex-SEER15.2/instance-out.sql,105.08,397765.08,274.55,1039279.80
CZ04/EPr&0&cDXHP&Ex&dxHP_equip/NE-dxHP-SplitHP-18to33-Ex-SEER16.2/instance-out.sql,104.88,397006.06,273.88,1036744.68
CZ04/EPr&0&cDXHP&Ex&dxHP_equip/NE-dxHP-SplitHP-18to33-Ex-SEER17.1/instance-out.sql,104.72,396399.25,273.35,1034717.94
CZ04/EPr&0&cDXHP&Ex&dxHP_equip/NE-dxHP-SplitHP-18to33-Ex-SEER18.1/instance-out.sql,104.57,395822.37,272.84,1032791.16
CZ04/EPr&0&cDXHP&Ex&dxHP_equip/NE-dxHP-SplitHP-33to55-Ex-SEER14.3/instance-out.sql,105.31,398638.07,275.32,1042195.60
CZ04/EPr&0&cDXHP&Ex&dxHP_equip/NE-dxHP-SplitHP-33to55-Ex-SEER15.2/instance-out.sql,105.08,397765.08,274.55,1039279.80
CZ04/EPr&0&cDXHP&Ex&dxHP_equip/NE-dxHP-SplitHP-33to55-Ex-SEER16.2/instance-out.sql,104.88,397006.06,273.88,1036744.68
CZ04/EPr&0&cDXHP&Ex&dxHP_equip/NE-dxHP-SplitHP-33to55-Ex-SEER17.1/instance-out.sql,104.72,396399.25,273.35,1034717.94
CZ04/EPr&0&cDXHP&Ex&dxHP_equip/NE-dxHP-SplitHP-33to55-Ex-SEER18.1/instance-out.sql,104.57,395822.37,272.84,1032791.16
CZ04/ERC&0&cDXHP&Ex&dxHP_equip/NE-dxHP-PkgHP-18to33-Ex-SEER13.4/instance-out.sql,70.30,18832.83,155.99,41789.99
CZ04/ERC&0&cDXHP&Ex&dxHP_equip/NE-dxHP-PkgHP-18to33-Ex-SEER15.2/instance-out.sql,70.01,18756.61,155.04,41535.43
CZ04/ERC&0&cDXHP&Ex&dxHP_equip/NE-dxHP-PkgHP-18to33-Ex-SEER16.2/instance-out.sql,69.90,18725.83,154.66,41432.61
CZ04/ERC&0&cDXHP&Ex&dxHP_equip/NE-dxHP-PkgHP-18to33-Ex-SEER17.1/instance-out.sql,69.81,18701.22,154.35,41350.42
CZ04/ERC&0&cDXHP&Ex&dxHP_equip/NE-dxHP-PkgHP-18to33-Ex-SEER18.1/instance-out.sql,69.72,18677.82,154.06,41272.28
CZ04/ERC&0&cDXHP&Ex&dxHP_equip/NE-dxHP-PkgHP-33to65-Ex-SEER13.4/instance-out.sql,70.30,18832.83,155.99,41789.99
CZ04/ERC&0&cDXHP&Ex&dxHP_equip/NE-dxHP-PkgHP-33to65-Ex-SEER15.2/instance-out.sql,70.01,18756.61,155.04,41535.43
CZ04/ERC&0&cDXHP&Ex&dxHP_equip/NE-dxHP-PkgHP-33to65-Ex-SEER16.2/instance-out.sql,69.90,18725.83,154.66,41432.61
CZ04/ERC&0&cDXHP&Ex&dxHP_equip/NE-dxHP-PkgHP-33to65-Ex-SEER17.1/instance-out.sql,69.81,18701.22,154.35,41350.42
CZ04/ERC&0&cDXHP&Ex&dxHP_equip/NE-dxHP-PkgHP-33to65-Ex-SEER18.1/instance-out.sql,69.72,18677.82,154.06,41272.28
CZ04/ERC&0&cDXHP&Ex&dxHP_equip/NE-dxHP-SplitHP-18to33-Ex-SEER14.3/instance-out.sql,70.10,18779.15,155.32,41610.70
CZ04/ERC&0&cDXHP&Ex&dxHP_equip/NE-dxHP-SplitHP-18to33-Ex-SEER15.2/instance-out.sql,69.97,18743.74,154.88,41492.45
CZ04/ERC&0&cDXHP&Ex&dxHP_equip/NE-dxHP-SplitHP-18to33-Ex-SEER16.2/instance-out.sql,69.85,18712.96,154.50,41389.64
CZ04/ERC&0&cDXHP&Ex&dxHP_equip/NE-dxHP-SplitHP-18to33-Ex-SEER17.1/instance-out.sql,69.76,18688.35,154.19,41307.44
CZ04/ERC&0&cDXHP&Ex&dxHP_equip/NE-dxHP-SplitHP-18to33-Ex-SEER18.1/instance-out.sql,69.67,18664.96,153.90,41229.30
CZ04/ERC&0&cDXHP&Ex&dxHP_equip/NE-dxHP-SplitHP-33to55-Ex-SEER14.3/instance-out.sql,70.10,18779.15,155.32,41610.70
CZ04/ERC&0&cDXHP&Ex&dxHP_equip/NE-dxHP-SplitHP-33to55-Ex-SEER15.2/instance-out.sql,69.97,18743.74,154.88,41492.45
CZ04/ERC&0&cDXHP&Ex&dxHP_equip/NE-dxHP-SplitHP-33to55-Ex-SEER16.2/instance-out.sql,69.85,18712.96,154.50,41389.64
CZ04/ERC&0&cDXHP&Ex&dxHP_equip/NE-dxHP-SplitHP-33to55-Ex-SEER17.1/instance-out.sql,69.76,18688.35,154.19,41307.44
CZ04/ERC&0&cDXHP&Ex&dxHP_equip/NE-dxHP-SplitHP-33to55-Ex-SEER18.1/instance-out.sql,69.67,18664.96,153.90,41229.30
CZ04/ESe&0&cDXHP&Ex&dxHP_equip/NE-dxHP-PkgHP-18to33-Ex-SEER13.4/instance-out.sql,171.13,1182893.78,447.97,3096437.74
CZ04/ESe&0&cDXHP&Ex&dxHP_equip/NE-dxHP-PkgHP-18to33-Ex-SEER15.2/instance-out.sql,170.82,1180728.03,446.92,3089204.12
CZ04/ESe&0&cDXHP&Ex&dxHP_equip/NE-dxHP-PkgHP-18to33-Ex-SEER16.2/instance-out.sql,170.69,1179853.34,446.50,3086282.68
CZ04/ESe&0&cDXHP&Ex&dxHP_equip/NE-dxHP-PkgHP-18to33-Ex-SEER17.1/instance-out.sql,170.59,1179154.06,446.16,3083947.07
CZ04/ESe&0&cDXHP&Ex&dxHP_equip/NE-dxHP-PkgHP-18to33-Ex-SEER18.1/instance-out.sql,170.49,1178489.27,445.84,3081726.67
CZ04/ESe&0&cDXHP&Ex&dxHP_equip/NE-dxHP-PkgHP-33to65-Ex-SEER13.4/instance-out.sql,171.13,1182893.78,447.97,3096437.74
CZ04/ESe&0&cDXHP&Ex&dxHP_equip/NE-dxHP-PkgHP-33to65-Ex-SEER15.2/instance-out.sql,170.82,1180728.03,446.92,3089204.12
CZ04/ESe&0&cDXHP&Ex&dxHP_equip/NE-dxHP-PkgHP-33to65-Ex-SEER16.2/instance-out.sql,170.69,1179853.34,446.50,3086282.68
CZ04/ESe&0&cDXHP&Ex&dxHP_equip/NE-dxHP-PkgHP-33to65-Ex-SEER17.1/instance-out.sql,170.59,1179154.06,446.16,3083947.07
CZ04/ESe&0&cDXHP&Ex&dxHP_equip/NE-dxHP-PkgHP-33to65-Ex-SEER18.1/instance-out.sql,170.49,1178489.27,445.84,3081726.67
CZ04/ESe&0&cDXHP&Ex&dxHP_equip/NE-dxHP-SplitHP-18to33-Ex-SEER14.3/instance-out.sql,170.95,1181626.37,447.35,3092204.57
CZ04/ESe&0&cDXHP&Ex&dxHP_equip/NE-dxHP-SplitHP-18to33-Ex-SEER15.2/instance-out.sql,170.80,1180620.33,446.87,3088844.43
CZ04/ESe&0&cDXHP&Ex&dxHP_equip/NE-dxHP-SplitHP-18to33-Ex-SEER16.2/instance-out.sql,170.68,1179745.65,446.45,3085922.98
CZ04/ESe&0&cDXHP&Ex&dxHP_equip/NE-dxHP-SplitHP-18to33-Ex-SEER17.1/instance-out.sql,170.57,1179046.37,446.11,3083587.37
CZ04/ESe&0&cDXHP&Ex&dxHP_equip/NE-dxHP-SplitHP-18to33-Ex-SEER18.1/instance-out.sql,170.48,1178381.58,445.79,3081366.98
CZ04/ESe&0&cDXHP&Ex&dxHP_equip/NE-dxHP-SplitHP-33to55-Ex-SEER14.3/instance-out.sql,170.95,1181626.37,447.35,3092204.57
CZ04/ESe&0&cDXHP&Ex&dxHP_equip/NE-dxHP-SplitHP-33to55-Ex-SEER15.2/instance-out.sql,170.80,1180620.33,446.87,3088844.43
CZ04/ESe&0&cDXHP&Ex&dxHP_equip/NE-dxHP-SplitHP-33to55-Ex-SEER16.2/instance-out.sql,170.68,1179745.65,446.45,3085922.98
CZ04/ESe&0&cDXHP&Ex&dxHP_equip/NE-dxHP-SplitHP-33to55-Ex-SEER17.1/instance-out.sql,170.57,1179046.37,446.11,3083587.37
CZ04/ESe&0&cDXHP&Ex&dxHP_equip/NE-dxHP-SplitHP-33to55-Ex-SEER18.1/instance-out.sql,170.48,1178381.58,445.79,3081366.98
CZ04/EUn&0&cDXHP&Ex&dxHP_equip/NE-dxHP-PkgHP-18to33-Ex-SEER13.4/instance-out.sql,104.92,8361452.32,325.40,25931053.78
CZ04/EUn&0&cDXHP&Ex&dxHP_equip/NE-dxHP-PkgHP-18to33-Ex-SEER15.2/instance-out.sql,104.50,8328080.49,324.00,25819591.86
CZ04/EUn&0&cDXHP&Ex&dxHP_equip/NE-dxHP-PkgHP-18to33-Ex-SEER16.2/instance-out.sql,104.34,8314602.57,323.43,25774575.60
CZ04/EUn&0&cDXHP&Ex&dxHP_equip/NE-dxHP-PkgHP-18to33-Ex-SEER17.1/instance-out.sql,104.20,8303827.38,322.98,25738586.48
CZ04/EUn&0&cDXHP&Ex&dxHP_equip/NE-dxHP-PkgHP-18to33-Ex-SEER18.1/instance-out.sql,104.07,8293583.71,322.55,25704372.60
CZ04/EUn&0&cDXHP&Ex&dxHP_equip/NE-dxHP-PkgHP-33to65-Ex-SEER13.4/instance-out.sql,104.92,8361452.32,325.40,25931053.78
CZ04/EUn&0&cDXHP&Ex&dxHP_equip/NE-dxHP-PkgHP-33to65-Ex-SEER15.2/instance-out.sql,104.50,8328080.49,324.00,25819591.86
CZ04/EUn&0&cDXHP&Ex&dxHP_equip/NE-dxHP-PkgHP-33to65-Ex-SEER16.2/instance-out.sql,104.34,8314602.57,323.43,25774575.60
CZ04/EUn&0&cDXHP&Ex&dxHP_equip/NE-dxHP-PkgHP-33to65-Ex-SEER17.1/instance-out.sql,104.20,8303827.38,322.98,25738586.48
CZ04/EUn&0&cDXHP&Ex&dxHP_equip/NE-dxHP-PkgHP-33to65-Ex-SEER18.1/instance-out.sql,104.07,8293583.71,322.55,25704372.60
CZ04/EUn&0&cDXHP&Ex&dxHP_equip/NE-dxHP-SplitHP-18to33-Ex-SEER14.3/instance-out.sql,104.68,8342220.71,324.59,25866820.18
CZ04/EUn&0&cDXHP&Ex&dxHP_equip/NE-dxHP-SplitHP-18to33-Ex-SEER15.2/instance-out.sql,104.49,8326718.88,323.94,25815044.07
CZ04/EUn&0&cDXHP&Ex&dxHP_equip/NE-dxHP-SplitHP-18to33-Ex-SEER16.2/instance-out.sql,104.32,8313240.95,323.37,25770027.81
CZ04/EUn&0&cDXHP&Ex&dxHP_equip/NE-dxHP-SplitHP-18to33-Ex-SEER17.1/instance-out.sql,104.18,8302465.77,322.92,25734038.68
CZ04/EUn&0&cDXHP&Ex&dxHP_equip/NE-dxHP-SplitHP-18to33-Ex-SEER18.1/instance-out.sql,104.05,8292222.09,322.49,25699824.81
CZ04/EUn&0&cDXHP&Ex&dxHP_equip/NE-dxHP-SplitHP-33to55-Ex-SEER14.3/instance-out.sql,104.68,8342220.71,324.59,25866820.18
CZ04/EUn&0&cDXHP&Ex&dxHP_equip/NE-dxHP-SplitHP-33to55-Ex-SEER15.2/instance-out.sql,104.49,8326718.88,323.94,25815044.07
CZ04/EUn&0&cDXHP&Ex&dxHP_equip/NE-dxHP-SplitHP-33to55-Ex-SEER16.2/instance-out.sql,104.32,8313240.95,323.37,25770027.81
CZ04/EUn&0&cDXHP&Ex&dxHP_equip/NE-dxHP-SplitHP-33to55-Ex-SEER17.1/instance-out.sql,104.18,8302465.77,322.92,25734038.68
CZ04/EUn&0&cDXHP&Ex&dxHP_equip/NE-dxHP-SplitHP-33to55-Ex-SEER18.1/instance-out.sql,104.05,8292222.09,322.49,25699824.81
CZ04/Gro&0&cDXHP&Ex&dxHP_equip/NE-dxHP-PkgHP-18to33-Ex-SEER13.4/instance-out.sql,369.43,1715934.77,1204.60,5595188.34
CZ04/Gro&0&cDXHP&Ex&dxHP_equip/NE-dxHP-PkgHP-18to33-Ex-SEER15.2/instance-out.sql,368.90,1713482.27,1202.83,5586996.96
CZ04/Gro&0&cDXHP&Ex&dxHP_equip/NE-dxHP-PkgHP-18to33-Ex-SEER16.2/instance-out.sql,368.68,1712491.77,1202.12,5583688.70
CZ04/Gro&0&cDXHP&Ex&dxHP_equip/NE-dxHP-PkgHP-18to33-Ex-SEER17.1/instance-out.sql,368.51,1711699.90,1201.55,5581043.85
CZ04/Gro&0&cDXHP&Ex&dxHP_equip/NE-dxHP-PkgHP-18to33-Ex-SEER18.1/instance-out.sql,368.35,1710947.08,1201.01,5578529.46
CZ04/Gro&0&cDXHP&Ex&dxHP_equip/NE-dxHP-PkgHP-33to65-Ex-SEER13.4/instance-out.sql,369.43,1715934.77,1204.60,5595188.34
CZ04/Gro&0&cDXHP&Ex&dxHP_equip/NE-dxHP-PkgHP-33to65-Ex-SEER15.2/instance-out.sql,368.90,1713482.27,1202.83,5586996.96
CZ04/Gro&0&cDXHP&Ex&dxHP_equip/NE-dxHP-PkgHP-33to65-Ex-SEER16.2/instance-out.sql,368.68,1712491.77,1202.12,5583688.70
CZ04/Gro&0&cDXHP&Ex&dxHP_equip/NE-dxHP-PkgHP-33to65-Ex-SEER17.1/instance-out.sql,368.51,1711699.90,1201.55,5581043.85
CZ04/Gro&0&cDXHP&Ex&dxHP_equip/NE-dxHP-PkgHP-33to65-Ex-SEER18.1/instance-out.sql,368.35,1710947.08,1201.01,5578529.46
CZ04/Gro&0&cDXHP&Ex&dxHP_equip/NE-dxHP-SplitHP-18to33-Ex-SEER14.3/instance-out.sql,368.88,1713382.34,1202.76,5586663.22
CZ04/Gro&0&cDXHP&Ex&dxHP_equip/NE-dxHP-SplitHP-18to33-Ex-SEER15.2/instance-out.sql,368.63,1712243.11,1201.94,5582858.18
CZ04/Gro&0&cDXHP&Ex&dxHP_equip/NE-dxHP-SplitHP-18to33-Ex-SEER16.2/instance-out.sql,368.42,1711252.61,1201.23,5579549.92
CZ04/Gro&0&cDXHP&Ex&dxHP_equip/NE-dxHP-SplitHP-18to33-Ex-SEER17.1/instance-out.sql,368.25,1710460.74,1200.66,5576905.06
CZ04/Gro&0&cDXHP&Ex&dxHP_equip/NE-dxHP-SplitHP-18to33-Ex-SEER18.1/instance-out.sql,368.09,1709707.93,1200.12,5574390.67
CZ04/Gro&0&cDXHP&Ex&dxHP_equip/NE-dxHP-SplitHP-33to55-Ex-SEER14.3/instance-out.sql,368.88,1713382.34,1202.76,5586663.22
CZ04/Gro&0&cDXHP&Ex&dxHP_equip/NE-dxHP-SplitHP-33to55-Ex-SEER15.2/instance-out.sql,368.63,1712243.11,1201.94,5582858.18
CZ04/Gro&0&cDXHP&Ex&dxHP_equip/NE-dxHP-SplitHP-33to55-Ex-SEER16.2/instance-out.sql,368.42,1711252.61,1201.23,5579549.92
CZ04/Gro&0&cDXHP&Ex&dxHP_equip/NE-dxHP-SplitHP-33to55-Ex-SEER17.1/instance-out.sql,368.25,1710460.74,1200.66,5576905.06
CZ04/Gro&0&cDXHP&Ex&dxHP_equip/NE-dxHP-SplitHP-33to55-Ex-SEER18.1/instance-out.sql,368.09,1709707.93,1200.12,5574390.67
CZ04/Hsp&0&cDXHP&Ex&dxHP_equip/NE-dxHP-PkgHP-18to33-Ex-SEER13.4/instance-out.sql,79.17,3634003.36,240.26,11027759.45
CZ04/Hsp&0&cDXHP&Ex&dxHP_equip/NE-dxHP-PkgHP-18to33-Ex-SEER15.2/instance-out.sql,79.07,3629112.75,239.90,11011424.80
CZ04/Hsp&0&cDXHP&Ex&dxHP_equip/NE-dxHP-PkgHP-18to33-Ex-SEER16.2/instance-out.sql,79.02,3627137.57,239.76,11004827.70
CZ04/Hsp&0&cDXHP&Ex&dxHP_equip/NE-dxHP-PkgHP-18to33-Ex-SEER17.1/instance-out.sql,78.99,3625558.47,239.65,10999553.53
CZ04/Hsp&0&cDXHP&Ex&dxHP_equip/NE-dxHP-PkgHP-18to33-Ex-SEER18.1/instance-out.sql,78.96,3624057.27,239.54,10994539.51
CZ04/Hsp&0&cDXHP&Ex&dxHP_equip/NE-dxHP-PkgHP-33to65-Ex-SEER13.4/instance-out.sql,79.17,3634003.36,240.26,11027759.45
CZ04/Hsp&0&cDXHP&Ex&dxHP_equip/NE-dxHP-PkgHP-33to65-Ex-SEER15.2/instance-out.sql,79.07,3629112.75,239.90,11011424.80
CZ04/Hsp&0&cDXHP&Ex&dxHP_equip/NE-dxHP-PkgHP-33to65-Ex-SEER16.2/instance-out.sql,79.02,3627137.57,239.76,11004827.70
CZ04/Hsp&0&cDXHP&Ex&dxHP_equip/NE-dxHP-PkgHP-33to65-Ex-SEER17.1/instance-out.sql,78.99,3625558.47,239.65,10999553.53
CZ04/Hsp&0&cDXHP&Ex&dxHP_equip/NE-dxHP-PkgHP-33to65-Ex-SEER18.1/instance-out.sql,78.96,3624057.27,239.54,10994539.51
CZ04/Hsp&0&cDXHP&Ex&dxHP_equip/NE-dxHP-SplitHP-18to33-Ex-SEER14.3/instance-out.sql,79.11,3631196.13,240.06,11018383.29
CZ04/Hsp&0&cDXHP&Ex&dxHP_equip/NE-dxHP-SplitHP-18to33-Ex-SEER15.2/instance-out.sql,79.06,3628924.35,239.89,11010795.54
CZ04/Hsp&0&cDXHP&Ex&dxHP_equip/NE-dxHP-SplitHP-18to33-Ex-SEER16.2/instance-out.sql,79.02,3626949.17,239.75,11004198.45
CZ04/Hsp&0&cDXHP&Ex&dxHP_equip/NE-dxHP-SplitHP-18to33-Ex-SEER17.1/instance-out.sql,78.99,3625370.07,239.63,10998924.27
CZ04/Hsp&0&cDXHP&Ex&dxHP_equip/NE-dxHP-SplitHP-18to33-Ex-SEER18.1/instance-out.sql,78.95,3623868.87,239.52,10993910.25
CZ04/Hsp&0&cDXHP&Ex&dxHP_equip/NE-dxHP-SplitHP-33to55-Ex-SEER14.3/instance-out.sql,79.11,3631196.13,240.06,11018383.29
CZ04/Hsp&0&cDXHP&Ex&dxHP_equip/NE-dxHP-SplitHP-33to55-Ex-SEER15.2/instance-out.sql,79.06,3628924.35,239.89,11010795.54
CZ04/Hsp&0&cDXHP&Ex&dxHP_equip/NE-dxHP-SplitHP-33to55-Ex-SEER16.2/instance-out.sql,79.02,3626949.17,239.75,11004198.45
CZ04/Hsp&0&cDXHP&Ex&dxHP_equip/NE-dxHP-SplitHP-33to55-Ex-SEER17.1/instance-out.sql,78.99,3625370.07,239.63,10998924.27
CZ04/Hsp&0&cDXHP&Ex&dxHP_equip/NE-dxHP-SplitHP-33to55-Ex-SEER18.1/instance-out.sql,78.95,3623868.87,239.52,10993910.25
CZ04/MBT&0&cDXHP&Ex&dxHP_equip/NE-dxHP-PkgHP-18to33-Ex-SEER13.4/instance-out.sql,167.96,6240620.16,384.12,14272628.38
CZ04/MBT&0&cDXHP&Ex&dxHP_equip/NE-dxHP-PkgHP-18to33-Ex-SEER15.2/instance-out.sql,167.80,6234880.28,383.61,14253457.18
CZ04/MBT&0&cDXHP&Ex&dxHP_equip/NE-dxHP-PkgHP-18to33-Ex-SEER16.2/instance-out.sql,167.74,6232562.11,383.40,14245714.49
CZ04/MBT&0&cDXHP&Ex&dxHP_equip/NE-dxHP-PkgHP-18to33-Ex-SEER17.1/instance-out.sql,167.69,6230708.80,383.23,14239524.44
CZ04/MBT&0&cDXHP&Ex&dxHP_equip/NE-dxHP-PkgHP-18to33-Ex-SEER18.1/instance-out.sql,167.64,6228946.92,383.07,14233639.73
CZ04/MBT&0&cDXHP&Ex&dxHP_equip/NE-dxHP-PkgHP-33to65-Ex-SEER13.4/instance-out.sql,167.96,6240620.16,384.12,14272628.38
CZ04/MBT&0&cDXHP&Ex&dxHP_equip/NE-dxHP-PkgHP-33to65-Ex-SEER15.2/instance-out.sql,167.80,6234880.28,383.61,14253457.18
CZ04/MBT&0&cDXHP&Ex&dxHP_equip/NE-dxHP-PkgHP-33to65-Ex-SEER16.2/instance-out.sql,167.74,6232562.11,383.40,14245714.49
CZ04/MBT&0&cDXHP&Ex&dxHP_equip/NE-dxHP-PkgHP-33to65-Ex-SEER17.1/instance-out.sql,167.69,6230708.80,383.23,14239524.44
CZ04/MBT&0&cDXHP&Ex&dxHP_equip/NE-dxHP-PkgHP-33to65-Ex-SEER18.1/instance-out.sql,167.64,6228946.92,383.07,14233639.73
CZ04/MBT&0&cDXHP&Ex&dxHP_equip/NE-dxHP-SplitHP-18to33-Ex-SEER14.3/instance-out.sql,167.86,6236907.26,383.79,14260227.28
CZ04/MBT&0&cDXHP&Ex&dxHP_equip/NE-dxHP-SplitHP-18to33-Ex-SEER15.2/instance-out.sql,167.78,6234240.98,383.55,14251321.91
CZ04/MBT&0&cDXHP&Ex&dxHP_equip/NE-dxHP-SplitHP-18to33-Ex-SEER16.2/instance-out.sql,167.72,6231922.81,383.34,14243579.22
CZ04/MBT&0&cDXHP&Ex&dxHP_equip/NE-dxHP-SplitHP-18to33-Ex-SEER17.1/instance-out.sql,167.67,6230069.50,383.18,14237389.17
CZ04/MBT&0&cDXHP&Ex&dxHP_equip/NE-dxHP-SplitHP-18to33-Ex-SEER18.1/instance-out.sql,167.62,6228307.61,383.02,14231504.46
CZ04/MBT&0&cDXHP&Ex&dxHP_equip/NE-dxHP-SplitHP-33to55-Ex-SEER14.3/instance-out.sql,167.86,6236907.26,383.79,14260227.28
CZ04/MBT&0&cDXHP&Ex&dxHP_equip/NE-dxHP-SplitHP-33to55-Ex-SEER15.2/instance-out.sql,167.78,6234240.98,383.55,14251321.91
CZ04/MBT&0&cDXHP&Ex&dxHP_equip/NE-dxHP-SplitHP-33to55-Ex-SEER16.2/instance-out.sql,167.72,6231922.81,383.34,14243579.22
CZ04/MBT&0&cDXHP&Ex&dxHP_equip/NE-dxHP-SplitHP-33to55-Ex-SEER17.1/instance-out.sql,167.67,6230069.50,383.18,14237389.17
CZ04/MBT&0&cDXHP&Ex&dxHP_equip/NE-dxHP-SplitHP-33to55-Ex-SEER18.1/instance-out.sql,167.62,6228307.61,383.02,14231504.46
CZ04/MLI&0&cDXHP&Ex&dxHP_equip/NE-dxHP-PkgHP-18to33-Ex-SEER13.4/instance-out.sql,104.39,969948.49,336.91,3130444.32
CZ04/MLI&0&cDXHP&Ex&dxHP_equip/NE-dxHP-PkgHP-18to33-Ex-SEER15.2/instance-out.sql,103.78,964295.96,334.88,3111564.87
CZ04/MLI&0&cDXHP&Ex&dxHP_equip/NE-dxHP-PkgHP-18to33-Ex-SEER16.2/instance-out.sql,103.54,962013.07,334.06,3103940.00
CZ04/MLI&0&cDXHP&Ex&dxHP_equip/NE-dxHP-PkgHP-18to33-Ex-SEER17.1/instance-out.sql,103.34,960187.97,333.40,3097844.16
CZ04/MLI&0&cDXHP&Ex&dxHP_equip/NE-dxHP-PkgHP-18to33-Ex-SEER18.1/instance-out.sql,103.15,958452.89,332.78,3092049.00
CZ04/MLI&0&cDXHP&Ex&dxHP_equip/NE-dxHP-PkgHP-33to65-Ex-SEER13.4/instance-out.sql,104.39,969948.49,336.91,3130444.32
CZ04/MLI&0&cDXHP&Ex&dxHP_equip/NE-dxHP-PkgHP-33to65-Ex-SEER15.2/instance-out.sql,103.78,964295.96,334.88,3111564.87
CZ04/MLI&0&cDXHP&Ex&dxHP_equip/NE-dxHP-PkgHP-33to65-Ex-SEER16.2/instance-out.sql,103.54,962013.07,334.06,3103940.00
CZ04/MLI&0&cDXHP&Ex&dxHP_equip/NE-dxHP-PkgHP-33to65-Ex-SEER17.1/instance-out.sql,103.34,960187.97,333.40,3097844.16
CZ04/MLI&0&cDXHP&Ex&dxHP_equip/NE-dxHP-PkgHP-33to65-Ex-SEER18.1/instance-out.sql,103.15,958452.89,332.78,3092049.00
CZ04/MLI&0&cDXHP&Ex&dxHP_equip/NE-dxHP-SplitHP-18to33-Ex-SEER14.3/instance-out.sql,103.96,965942.61,335.47,3117064.65
CZ04/MLI&0&cDXHP&Ex&dxHP_equip/NE-dxHP-SplitHP-18to33-Ex-SEER15.2/instance-out.sql,103.68,963316.90,334.53,3108294.80
CZ04/MLI&0&cDXHP&Ex&dxHP_equip/NE-dxHP-SplitHP-18to33-Ex-SEER16.2/instance-out.sql,103.43,961034.01,333.71,3100669.93
CZ04/MLI&0&cDXHP&Ex&dxHP_equip/NE-dxHP-SplitHP-18to33-Ex-SEER17.1/instance-out.sql,103.23,959208.90,333.05,3094574.09
CZ04/MLI&0&cDXHP&Ex&dxHP_equip/NE-dxHP-SplitHP-18to33-Ex-SEER18.1/instance-out.sql,103.05,957473.83,332.43,3088778.93
CZ04/MLI&0&cDXHP&Ex&dxHP_equip/NE-dxHP-SplitHP-33to55-Ex-SEER14.3/instance-out.sql,103.96,965942.61,335.47,3117064.65
CZ04/MLI&0&cDXHP&Ex&dxHP_equip/NE-dxHP-SplitHP-33to55-Ex-SEER15.2/instance-out.sql,103.68,963316.90,334.53,3108294.80
CZ04/MLI&0&cDXHP&Ex&dxHP_equip/NE-dxHP-SplitHP-33to55-Ex-SEER16.2/instance-out.sql,103.43,961034.01,333.71,3100669.93
CZ04/MLI&0&cDXHP&Ex&dxHP_equip/NE-dxHP-SplitHP-33to55-Ex-SEER17.1/instance-out.sql,103.23,959208.90,333.05,3094574.09
CZ04/MLI&0&cDXHP&Ex&dxHP_equip/NE-dxHP-SplitHP-33to55-Ex-SEER18.1/instance-out.sql,103.05,957473.83,332.43,3088778.93
CZ04/Mtl&0&cDXHP&Ex&dxHP_equip/NE-dxHP-PkgHP-18to33-Ex-SEER13.4/instance-out.sql,59.38,165413.05,191.57,533664.99
CZ04/Mtl&0&cDXHP&Ex&dxHP_equip/NE-dxHP-PkgHP-18to33-Ex-SEER15.2/instance-out.sql,58.94,164182.58,190.09,529555.24
CZ04/Mtl&0&cDXHP&Ex&dxHP_equip/NE-dxHP-PkgHP-18to33-Ex-SEER16.2/instance-out.sql,58.76,163685.63,189.49,527895.44
CZ04/Mtl&0&cDXHP&Ex&dxHP_equip/NE-dxHP-PkgHP-18to33-Ex-SEER17.1/instance-out.sql,58.61,163288.34,189.02,526568.47
CZ04/Mtl&0&cDXHP&Ex&dxHP_equip/NE-dxHP-PkgHP-18to33-Ex-SEER18.1/instance-out.sql,58.48,162910.64,188.57,525306.96
CZ04/Mtl&0&cDXHP&Ex&dxHP_equip/NE-dxHP-PkgHP-33to65-Ex-SEER13.4/instance-out.sql,59.38,165413.05,191.57,533664.99
CZ04/Mtl&0&cDXHP&Ex&dxHP_equip/NE-dxHP-PkgHP-33to65-Ex-SEER15.2/instance-out.sql,58.94,164182.58,190.09,529555.24
CZ04/Mtl&0&cDXHP&Ex&dxHP_equip/NE-dxHP-PkgHP-33to65-Ex-SEER16.2/instance-out.sql,58.76,163685.63,189.49,527895.44
CZ04/Mtl&0&cDXHP&Ex&dxHP_equip/NE-dxHP-PkgHP-33to65-Ex-SEER17.1/instance-out.sql,58.61,163288.34,189.02,526568.47
CZ04/Mtl&0&cDXHP&Ex&dxHP_equip/NE-dxHP-PkgHP-33to65-Ex-SEER18.1/instance-out.sql,58.48,162910.64,188.57,525306.96
CZ04/Mtl&0&cDXHP&Ex&dxHP_equip/NE-dxHP-SplitHP-18to33-Ex-SEER14.3/instance-out.sql,59.10,164629.02,190.63,531046.35
CZ04/Mtl&0&cDXHP&Ex&dxHP_equip/NE-dxHP-SplitHP-18to33-Ex-SEER15.2/instance-out.sql,58.89,164057.45,189.94,529137.29
CZ04/Mtl&0&cDXHP&Ex&dxHP_equip/NE-dxHP-SplitHP-18to33-Ex-SEER16.2/instance-out.sql,58.71,163560.50,189.34,527477.49
CZ04/Mtl&0&cDXHP&Ex&dxHP_equip/NE-dxHP-SplitHP-18to33-Ex-SEER17.1/instance-out.sql,58.57,163163.20,188.87,526150.52
CZ04/Mtl&0&cDXHP&Ex&dxHP_equip/NE-dxHP-SplitHP-18to33-Ex-SEER18.1/instance-out.sql,58.43,162785.51,188.42,524889.01
CZ04/Mtl&0&cDXHP&Ex&dxHP_equip/NE-dxHP-SplitHP-33to55-Ex-SEER14.3/instance-out.sql,59.10,164629.02,190.63,531046.35
CZ04/Mtl&0&cDXHP&Ex&dxHP_equip/NE-dxHP-SplitHP-33to55-Ex-SEER15.2/instance-out.sql,58.89,164057.45,189.94,529137.29
CZ04/Mtl&0&cDXHP&Ex&dxHP_equip/NE-dxHP-SplitHP-33to55-Ex-SEER16.2/instance-out.sql,58.71,163560.50,189.34,527477.49
CZ04/Mtl&0&cDXHP&Ex&dxHP_equip/NE-dxHP-SplitHP-33to55-Ex-SEER17.1/instance-out.sql,58.57,163163.20,188.87,526150.52
CZ04/Mtl&0&cDXHP&Ex&dxHP_equip/NE-dxHP-SplitHP-33to55-Ex-SEER18.1/instance-out.sql,58.43,162785.51,188.42,524889.01
CZ04/Nrs&0&cDXHP&Ex&dxHP_equip/NE-dxHP-PkgHP-18to33-Ex-SEER13.4/instance-out.sql,91.24,940844.02,259.10,2671907.92
CZ04/Nrs&0&cDXHP&Ex&dxHP_equip/NE-dxHP-PkgHP-18to33-Ex-SEER15.2/instance-out.sql,91.03,938698.72,258.41,2664742.62
CZ04/Nrs&0&cDXHP&Ex&dxHP_equip/NE-dxHP-PkgHP-18to33-Ex-SEER16.2/instance-out.sql,90.94,937832.30,258.13,2661848.76
CZ04/Nrs&0&cDXHP&Ex&dxHP_equip/NE-dxHP-PkgHP-18to33-Ex-SEER17.1/instance-out.sql,90.88,937139.62,257.90,2659535.21
CZ04/Nrs&0&cDXHP&Ex&dxHP_equip/NE-dxHP-PkgHP-18to33-Ex-SEER18.1/instance-out.sql,90.81,936481.11,257.69,2657335.78
CZ04/Nrs&0&cDXHP&Ex&dxHP_equip/NE-dxHP-PkgHP-33to65-Ex-SEER13.4/instance-out.sql,91.24,940844.02,259.10,2671907.92
CZ04/Nrs&0&cDXHP&Ex&dxHP_equip/NE-dxHP-PkgHP-33to65-Ex-SEER15.2/instance-out.sql,91.03,938698.72,258.41,2664742.62
CZ04/Nrs&0&cDXHP&Ex&dxHP_equip/NE-dxHP-PkgHP-33to65-Ex-SEER16.2/instance-out.sql,90.94,937832.30,258.13,2661848.76
CZ04/Nrs&0&cDXHP&Ex&dxHP_equip/NE-dxHP-PkgHP-33to65-Ex-SEER17.1/instance-out.sql,90.88,937139.62,257.90,2659535.21
CZ04/Nrs&0&cDXHP&Ex&dxHP_equip/NE-dxHP-PkgHP-33to65-Ex-SEER18.1/instance-out.sql,90.81,936481.11,257.69,2657335.78
CZ04/Nrs&0&cDXHP&Ex&dxHP_equip/NE-dxHP-SplitHP-18to33-Ex-SEER14.3/instance-out.sql,91.11,939553.97,258.69,2667599.14
CZ04/Nrs&0&cDXHP&Ex&dxHP_equip/NE-dxHP-SplitHP-18to33-Ex-SEER15.2/instance-out.sql,91.01,938557.44,258.36,2664270.72
CZ04/Nrs&0&cDXHP&Ex&dxHP_equip/NE-dxHP-SplitHP-18to33-Ex-SEER16.2/instance-out.sql,90.93,937691.01,258.08,2661376.87
CZ04/Nrs&0&cDXHP&Ex&dxHP_equip/NE-dxHP-SplitHP-18to33-Ex-SEER17.1/instance-out.sql,90.86,936998.33,257.86,2659063.31
CZ04/Nrs&0&cDXHP&Ex&dxHP_equip/NE-dxHP-SplitHP-18to33-Ex-SEER18.1/instance-out.sql,90.80,936339.82,257.64,2656863.89
CZ04/Nrs&0&cDXHP&Ex&dxHP_equip/NE-dxHP-SplitHP-33to55-Ex-SEER14.3/instance-out.sql,91.11,939553.97,258.69,2667599.14
CZ04/Nrs&0&cDXHP&Ex&dxHP_equip/NE-dxHP-SplitHP-33to55-Ex-SEER15.2/instance-out.sql,91.01,938557.44,258.36,2664270.72
CZ04/Nrs&0&cDXHP&Ex&dxHP_equip/NE-dxHP-SplitHP-33to55-Ex-SEER16.2/instance-out.sql,90.93,937691.01,258.08,2661376.87
CZ04/Nrs&0&cDXHP&Ex&dxHP_equip/NE-dxHP-SplitHP-33to55-Ex-SEER17.1/instance-out.sql,90.86,936998.33,257.86,2659063.31
CZ04/Nrs&0&cDXHP&Ex&dxHP_equip/NE-dxHP-SplitHP-33to55-Ex-SEER18.1/instance-out.sql,90.80,936339.82,257.64,2656863.89
CZ04/OfL&0&cDXHP&Ex&dxHP_equip/NE-dxHP-PkgHP-18to33-Ex-SEER13.4/instance-out.sql,81.06,2635299.15,261.17,8490267.29
CZ04/OfL&0&cDXHP&Ex&dxHP_equip/NE-dxHP-PkgHP-18to33-Ex-SEER15.2/instance-out.sql,80.60,2620274.90,259.63,8440086.31
CZ04/OfL&0&cDXHP&Ex&dxHP_equip/NE-dxHP-PkgHP-18to33-Ex-SEER16.2/instance-out.sql,80.42,2614207.04,259.00,8419819.65
CZ04/OfL&0&cDXHP&Ex&dxHP_equip/NE-dxHP-PkgHP-18to33-Ex-SEER17.1/instance-out.sql,80.27,2609355.97,258.50,8403617.08
CZ04/OfL&0&cDXHP&Ex&dxHP_equip/NE-dxHP-PkgHP-18to33-Ex-SEER18.1/instance-out.sql,80.12,2604744.19,258.03,8388213.74
CZ04/OfL&0&cDXHP&Ex&dxHP_equip/NE-dxHP-PkgHP-33to65-Ex-SEER13.4/instance-out.sql,81.06,2635299.15,261.17,8490267.29
CZ04/OfL&0&cDXHP&Ex&dxHP_equip/NE-dxHP-PkgHP-33to65-Ex-SEER15.2/instance-out.sql,80.60,2620274.90,259.63,8440086.31
CZ04/OfL&0&cDXHP&Ex&dxHP_equip/NE-dxHP-PkgHP-33to65-Ex-SEER16.2/instance-out.sql,80.42,2614207.04,259.00,8419819.65
CZ04/OfL&0&cDXHP&Ex&dxHP_equip/NE-dxHP-PkgHP-33to65-Ex-SEER17.1/instance-out.sql,80.27,2609355.97,258.50,8403617.08
CZ04/OfL&0&cDXHP&Ex&dxHP_equip/NE-dxHP-PkgHP-33to65-Ex-SEER18.1/instance-out.sql,80.12,2604744.19,258.03,8388213.74
CZ04/OfL&0&cDXHP&Ex&dxHP_equip/NE-dxHP-SplitHP-18to33-Ex-SEER14.3/instance-out.sql,80.81,2626962.75,260.31,8462423.71
CZ04/OfL&0&cDXHP&Ex&dxHP_equip/NE-dxHP-SplitHP-18to33-Ex-SEER15.2/instance-out.sql,80.59,2619983.71,259.60,8439113.73
CZ04/OfL&0&cDXHP&Ex&dxHP_equip/NE-dxHP-SplitHP-18to33-Ex-SEER16.2/instance-out.sql,80.41,2613915.85,258.97,8418847.07
CZ04/OfL&0&cDXHP&Ex&dxHP_equip/NE-dxHP-SplitHP-18to33-Ex-SEER17.1/instance-out.sql,80.26,2609064.78,258.47,8402644.50
CZ04/OfL&0&cDXHP&Ex&dxHP_equip/NE-dxHP-SplitHP-18to33-Ex-SEER18.1/instance-out.sql,80.12,2604453.00,258.00,8387241.16
CZ04/OfL&0&cDXHP&Ex&dxHP_equip/NE-dxHP-SplitHP-33to55-Ex-SEER14.3/instance-out.sql,80.81,2626962.75,260.31,8462423.71
CZ04/OfL&0&cDXHP&Ex&dxHP_equip/NE-dxHP-SplitHP-33to55-Ex-SEER15.2/instance-out.sql,80.59,2619983.71,259.60,8439113.73
CZ04/OfL&0&cDXHP&Ex&dxHP_equip/NE-dxHP-SplitHP-33to55-Ex-SEER16.2/instance-out.sql,80.41,2613915.85,258.97,8418847.07
CZ04/OfL&0&cDXHP&Ex&dxHP_equip/NE-dxHP-SplitHP-33to55-Ex-SEER17.1/instance-out.sql,80.26,2609064.78,258.47,8402644.50
CZ04/OfL&0&cDXHP&Ex&dxHP_equip/NE-dxHP-SplitHP-33to55-Ex-SEER18.1/instance-out.sql,80.12,2604453.00,258.00,8387241.16
CZ04/OfS&0&cDXHP&Ex&dxHP_equip/NE-dxHP-PkgHP-18to33-Ex-SEER13.4/instance-out.sql,81.66,151768.74,245.93,457060.97
CZ04/OfS&0&cDXHP&Ex&dxHP_equip/NE-dxHP-PkgHP-18to33-Ex-SEER15.2/instance-out.sql,81.08,150677.36,243.97,453415.77
CZ04/OfS&0&cDXHP&Ex&dxHP_equip/NE-dxHP-PkgHP-18to33-Ex-SEER16.2/instance-out.sql,80.84,150236.59,243.18,451943.58
CZ04/OfS&0&cDXHP&Ex&dxHP_equip/NE-dxHP-PkgHP-18to33-Ex-SEER17.1/instance-out.sql,80.65,149884.20,242.54,450766.61
CZ04/OfS&0&cDXHP&Ex&dxHP_equip/NE-dxHP-PkgHP-18to33-Ex-SEER18.1/instance-out.sql,80.47,149549.20,241.94,449647.69
CZ04/OfS&0&cDXHP&Ex&dxHP_equip/NE-dxHP-PkgHP-33to65-Ex-SEER13.4/instance-out.sql,81.66,151768.74,245.93,457060.97
CZ04/OfS&0&cDXHP&Ex&dxHP_equip/NE-dxHP-PkgHP-33to65-Ex-SEER15.2/instance-out.sql,81.08,150677.36,243.97,453415.77
CZ04/OfS&0&cDXHP&Ex&dxHP_equip/NE-dxHP-PkgHP-33to65-Ex-SEER16.2/instance-out.sql,80.84,150236.59,243.18,451943.58
CZ04/OfS&0&cDXHP&Ex&dxHP_equip/NE-dxHP-PkgHP-33to65-Ex-SEER17.1/instance-out.sql,80.65,149884.20,242.54,450766.61
CZ04/OfS&0&cDXHP&Ex&dxHP_equip/NE-dxHP-PkgHP-33to65-Ex-SEER18.1/instance-out.sql,80.47,149549.20,241.94,449647.69
CZ04/OfS&0&cDXHP&Ex&dxHP_equip/NE-dxHP-SplitHP-18to33-Ex-SEER14.3/instance-out.sql,81.33,151144.76,244.81,454976.88
CZ04/OfS&0&cDXHP&Ex&dxHP_equip/NE-dxHP-SplitHP-18to33-Ex-SEER15.2/instance-out.sql,81.05,150637.80,243.90,453283.62
CZ04/OfS&0&cDXHP&Ex&dxHP_equip/NE-dxHP-SplitHP-18to33-Ex-SEER16.2/instance-out.sql,80.82,150197.02,243.11,451811.42
CZ04/OfS&0&cDXHP&Ex&dxHP_equip/NE-dxHP-SplitHP-18to33-Ex-SEER17.1/instance-out.sql,80.63,149844.64,242.47,450634.45
CZ04/OfS&0&cDXHP&Ex&dxHP_equip/NE-dxHP-SplitHP-18to33-Ex-SEER18.1/instance-out.sql,80.45,149509.63,241.87,449515.54
CZ04/OfS&0&cDXHP&Ex&dxHP_equip/NE-dxHP-SplitHP-33to55-Ex-SEER14.3/instance-out.sql,81.33,151144.76,244.81,454976.88
CZ04/OfS&0&cDXHP&Ex&dxHP_equip/NE-dxHP-SplitHP-33to55-Ex-SEER15.2/instance-out.sql,81.05,150637.80,243.90,453283.62
CZ04/OfS&0&cDXHP&Ex&dxHP_equip/NE-dxHP-SplitHP-33to55-Ex-SEER16.2/instance-out.sql,80.82,150197.02,243.11,451811.42
CZ04/OfS&0&cDXHP&Ex&dxHP_equip/NE-dxHP-SplitHP-33to55-Ex-SEER17.1/instance-out.sql,80.63,149844.64,242.47,450634.45
CZ04/OfS&0&cDXHP&Ex&dxHP_equip/NE-dxHP-SplitHP-33to55-Ex-SEER18.1/instance-out.sql,80.45,149509.63,241.87,449515.54
CZ04/RFF&0&cDXHP&Ex&dxHP_equip/NE-dxHP-PkgHP-18to33-Ex-SEER13.4/instance-out.sql,295.32,109640.78,710.00,263592.31
CZ04/RFF&0&cDXHP&Ex&dxHP_equip/NE-dxHP-PkgHP-18to33-Ex-SEER15.2/instance-out.sql,294.48,109330.14,707.20,262554.80
CZ04/RFF&0&cDXHP&Ex&dxHP_equip/NE-dxHP-PkgHP-18to33-Ex-SEER16.2/instance-out.sql,294.15,109204.69,706.07,262135.78
CZ04/RFF&0&cDXHP&Ex&dxHP_equip/NE-dxHP-PkgHP-18to33-Ex-SEER17.1/instance-out.sql,293.88,109104.39,705.17,261800.78
CZ04/RFF&0&cDXHP&Ex&dxHP_equip/NE-dxHP-PkgHP-18to33-Ex-SEER18.1/instance-out.sql,293.62,109009.04,704.31,261482.31
CZ04/RFF&0&cDXHP&Ex&dxHP_equip/NE-dxHP-PkgHP-33to65-Ex-SEER13.4/instance-out.sql,295.32,109640.78,710.00,263592.31
CZ04/RFF&0&cDXHP&Ex&dxHP_equip/NE-dxHP-PkgHP-33to65-Ex-SEER15.2/instance-out.sql,294.48,109330.14,707.20,262554.80
CZ04/RFF&0&cDXHP&Ex&dxHP_equip/NE-dxHP-PkgHP-33to65-Ex-SEER16.2/instance-out.sql,294.15,109204.69,706.07,262135.78
CZ04/RFF&0&cDXHP&Ex&dxHP_equip/NE-dxHP-PkgHP-33to65-Ex-SEER17.1/instance-out.sql,293.88,109104.39,705.17,261800.78
CZ04/RFF&0&cDXHP&Ex&dxHP_equip/NE-dxHP-PkgHP-33to65-Ex-SEER18.1/instance-out.sql,293.62,109009.04,704.31,261482.31
CZ04/RFF&0&cDXHP&Ex&dxHP_equip/NE-dxHP-SplitHP-18to33-Ex-SEER14.3/instance-out.sql,294.80,109446.85,708.25,262944.59
CZ04/RFF&0&cDXHP&Ex&dxHP_equip/NE-dxHP-SplitHP-18to33-Ex-SEER15.2/instance-out.sql,294.41,109302.55,706.95,262462.65
CZ04/RFF&0&cDXHP&Ex&dxHP_equip/NE-dxHP-SplitHP-18to33-Ex-SEER16.2/instance-out.sql,294.07,109177.10,705.82,262043.63
CZ04/RFF&0&cDXHP&Ex&dxHP_equip/NE-dxHP-SplitHP-18to33-Ex-SEER17.1/instance-out.sql,293.80,109076.80,704.92,261708.63
CZ04/RFF&0&cDXHP&Ex&dxHP_equip/NE-dxHP-SplitHP-18to33-Ex-SEER18.1/instance-out.sql,293.55,108981.45,704.06,261390.16
CZ04/RFF&0&cDXHP&Ex&dxHP_equip/NE-dxHP-SplitHP-33to55-Ex-SEER14.3/instance-out.sql,294.80,109446.85,708.25,262944.59
CZ04/RFF&0&cDXHP&Ex&dxHP_equip/NE-dxHP-SplitHP-33to55-Ex-SEER15.2/instance-out.sql,294.41,109302.55,706.95,262462.65
CZ04/RFF&0&cDXHP&Ex&dxHP_equip/NE-dxHP-SplitHP-33to55-Ex-SEER16.2/instance-out.sql,294.07,109177.10,705.82,262043.63
CZ04/RFF&0&cDXHP&Ex&dxHP_equip/NE-dxHP-SplitHP-33to55-Ex-SEER17.1/instance-out.sql,293.80,109076.80,704.92,261708.63
CZ04/RFF&0&cDXHP&Ex&dxHP_equip/NE-dxHP-SplitHP-33to55-Ex-SEER18.1/instance-out.sql,293.55,108981.45,704.06,261390.16
CZ04/RSD&0&cDXHP&Ex&dxHP_equip/NE-dxHP-PkgHP-18to33-Ex-SEER13.4/instance-out.sql,238.26,248021.17,524.07,545553.90
CZ04/RSD&0&cDXHP&Ex&dxHP_equip/NE-dxHP-PkgHP-18to33-Ex-SEER15.2/instance-out.sql,238.12,247875.05,523.61,545065.86
CZ04/RSD&0&cDXHP&Ex&dxHP_equip/NE-dxHP-PkgHP-18to33-Ex-SEER16.2/instance-out.sql,238.06,247816.03,523.42,544868.76
CZ04/RSD&0&cDXHP&Ex&dxHP_equip/NE-dxHP-PkgHP-18to33-Ex-SEER17.1/instance-out.sql,238.01,247768.85,523.26,544711.18
CZ04/RSD&0&cDXHP&Ex&dxHP_equip/NE-dxHP-PkgHP-18to33-Ex-SEER18.1/instance-out.sql,237.97,247724.00,523.12,544561.37
CZ04/RSD&0&cDXHP&Ex&dxHP_equip/NE-dxHP-PkgHP-33to65-Ex-SEER13.4/instance-out.sql,238.26,248021.17,524.07,545553.90
CZ04/RSD&0&cDXHP&Ex&dxHP_equip/NE-dxHP-PkgHP-33to65-Ex-SEER15.2/instance-out.sql,238.12,247875.05,523.61,545065.86
CZ04/RSD&0&cDXHP&Ex&dxHP_equip/NE-dxHP-PkgHP-33to65-Ex-SEER16.2/instance-out.sql,238.06,247816.03,523.42,544868.76
CZ04/RSD&0&cDXHP&Ex&dxHP_equip/NE-dxHP-PkgHP-33to65-Ex-SEER17.1/instance-out.sql,238.01,247768.85,523.26,544711.18
CZ04/RSD&0&cDXHP&Ex&dxHP_equip/NE-dxHP-PkgHP-33to65-Ex-SEER18.1/instance-out.sql,237.97,247724.00,523.12,544561.37
CZ04/RSD&0&cDXHP&Ex&dxHP_equip/NE-dxHP-SplitHP-18to33-Ex-SEER14.3/instance-out.sql,238.17,247929.80,523.78,545248.73
CZ04/RSD&0&cDXHP&Ex&dxHP_equip/NE-dxHP-SplitHP-18to33-Ex-SEER15.2/instance-out.sql,238.10,247861.92,523.56,545022.03
CZ04/RSD&0&cDXHP&Ex&dxHP_equip/NE-dxHP-SplitHP-18to33-Ex-SEER16.2/instance-out.sql,238.05,247802.91,523.37,544824.92
CZ04/RSD&0&cDXHP&Ex&dxHP_equip/NE-dxHP-SplitHP-18to33-Ex-SEER17.1/instance-out.sql,238.00,247755.73,523.22,544667.34
CZ04/RSD&0&cDXHP&Ex&dxHP_equip/NE-dxHP-SplitHP-18to33-Ex-SEER18.1/instance-out.sql,237.96,247710.88,523.08,544517.53
CZ04/RSD&0&cDXHP&Ex&dxHP_equip/NE-dxHP-SplitHP-33to55-Ex-SEER14.3/instance-out.sql,238.17,247929.80,523.78,545248.73
CZ04/RSD&0&cDXHP&Ex&dxHP_equip/NE-dxHP-SplitHP-33to55-Ex-SEER15.2/instance-out.sql,238.10,247861.92,523.56,545022.03
CZ04/RSD&0&cDXHP&Ex&dxHP_equip/NE-dxHP-SplitHP-33to55-Ex-SEER16.2/instance-out.sql,238.05,247802.91,523.37,544824.92
CZ04/RSD&0&cDXHP&Ex&dxHP_equip/NE-dxHP-SplitHP-33to55-Ex-SEER17.1/instance-out.sql,238.00,247755.73,523.22,544667.34
CZ04/RSD&0&cDXHP&Ex&dxHP_equip/NE-dxHP-SplitHP-33to55-Ex-SEER18.1/instance-out.sql,237.96,247710.88,523.08,544517.53
CZ04/Rt3&0&cDXHP&Ex&dxHP_equip/NE-dxHP-PkgHP-18to33-Ex-SEER13.4/instance-out.sql,94.18,2099913.80,297.05,6623139.85
CZ04/Rt3&0&cDXHP&Ex&dxHP_equip/NE-dxHP-PkgHP-18to33-Ex-SEER15.2/instance-out.sql,93.66,2088240.02,295.30,6584149.41
CZ04/Rt3&0&cDXHP&Ex&dxHP_equip/NE-dxHP-PkgHP-18to33-Ex-SEER16.2/instance-out.sql,93.45,2083525.31,294.59,6568402.29
CZ04/Rt3&0&cDXHP&Ex&dxHP_equip/NE-dxHP-PkgHP-18to33-Ex-SEER17.1/instance-out.sql,93.28,2079756.05,294.03,6555812.95
CZ04/Rt3&0&cDXHP&Ex&dxHP_equip/NE-dxHP-PkgHP-18to33-Ex-SEER18.1/instance-out.sql,93.12,2076172.71,293.49,6543844.61
CZ04/Rt3&0&cDXHP&Ex&dxHP_equip/NE-dxHP-PkgHP-33to65-Ex-SEER13.4/instance-out.sql,94.18,2099913.80,297.05,6623139.85
CZ04/Rt3&0&cDXHP&Ex&dxHP_equip/NE-dxHP-PkgHP-33to65-Ex-SEER15.2/instance-out.sql,93.66,2088240.02,295.30,6584149.41
CZ04/Rt3&0&cDXHP&Ex&dxHP_equip/NE-dxHP-PkgHP-33to65-Ex-SEER16.2/instance-out.sql,93.45,2083525.31,294.59,6568402.29
CZ04/Rt3&0&cDXHP&Ex&dxHP_equip/NE-dxHP-PkgHP-33to65-Ex-SEER17.1/instance-out.sql,93.28,2079756.05,294.03,6555812.95
CZ04/Rt3&0&cDXHP&Ex&dxHP_equip/NE-dxHP-PkgHP-33to65-Ex-SEER18.1/instance-out.sql,93.12,2076172.71,293.49,6543844.61
CZ04/Rt3&0&cDXHP&Ex&dxHP_equip/NE-dxHP-SplitHP-18to33-Ex-SEER14.3/instance-out.sql,93.88,2093214.25,296.04,6600763.35
CZ04/Rt3&0&cDXHP&Ex&dxHP_equip/NE-dxHP-SplitHP-18to33-Ex-SEER15.2/instance-out.sql,93.64,2087791.56,295.23,6582651.57
CZ04/Rt3&0&cDXHP&Ex&dxHP_equip/NE-dxHP-SplitHP-18to33-Ex-SEER16.2/instance-out.sql,93.43,2083076.86,294.52,6566904.46
CZ04/Rt3&0&cDXHP&Ex&dxHP_equip/NE-dxHP-SplitHP-18to33-Ex-SEER17.1/instance-out.sql,93.26,2079307.59,293.96,6554315.12
CZ04/Rt3&0&cDXHP&Ex&dxHP_equip/NE-dxHP-SplitHP-18to33-Ex-SEER18.1/instance-out.sql,93.10,2075724.26,293.42,6542346.77
CZ04/Rt3&0&cDXHP&Ex&dxHP_equip/NE-dxHP-SplitHP-33to55-Ex-SEER14.3/instance-out.sql,93.88,2093214.25,296.04,6600763.35
CZ04/Rt3&0&cDXHP&Ex&dxHP_equip/NE-dxHP-SplitHP-33to55-Ex-SEER15.2/instance-out.sql,93.64,2087791.56,295.23,6582651.57
CZ04/Rt3&0&cDXHP&Ex&dxHP_equip/NE-dxHP-SplitHP-33to55-Ex-SEER16.2/instance-out.sql,93.43,2083076.86,294.52,6566904.46
CZ04/Rt3&0&cDXHP&Ex&dxHP_equip/NE-dxHP-SplitHP-33to55-Ex-SEER17.1/instance-out.sql,93.26,2079307.59,293.96,6554315.12
CZ04/Rt3&0&cDXHP&Ex&dxHP_equip/NE-dxHP-SplitHP-33to55-Ex-SEER18.1/instance-out.sql,93.10,2075724.26,293.42,6542346.77
CZ04/RtL&0&cDXHP&Ex&dxHP_equip/NE-dxHP-PkgHP-18to33-Ex-SEER13.4/instance-out.sql,173.05,2098106.87,546.84,6629925.03
CZ04/RtL&0&cDXHP&Ex&dxHP_equip/NE-dxHP-PkgHP-18to33-Ex-SEER15.2/instance-out.sql,172.06,2086016.07,543.51,6589541.77
CZ04/RtL&0&cDXHP&Ex&dxHP_equip/NE-dxHP-PkgHP-18to33-Ex-SEER16.2/instance-out.sql,171.65,2081132.95,542.17,6573232.13
CZ04/RtL&0&cDXHP&Ex&dxHP_equip/NE-dxHP-PkgHP-18to33-Ex-SEER17.1/instance-out.sql,171.33,2077229.04,541.09,6560193.08
CZ04/RtL&0&cDXHP&Ex&dxHP_equip/NE-dxHP-PkgHP-18to33-Ex-SEER18.1/instance-out.sql,171.03,2073517.70,540.07,6547797.20
CZ04/RtL&0&cDXHP&Ex&dxHP_equip/NE-dxHP-PkgHP-33to65-Ex-SEER13.4/instance-out.sql,173.05,2098106.87,546.84,6629925.03
CZ04/RtL&0&cDXHP&Ex&dxHP_equip/NE-dxHP-PkgHP-33to65-Ex-SEER15.2/instance-out.sql,172.06,2086016.07,543.51,6589541.77
CZ04/RtL&0&cDXHP&Ex&dxHP_equip/NE-dxHP-PkgHP-33to65-Ex-SEER16.2/instance-out.sql,171.65,2081132.95,542.17,6573232.13
CZ04/RtL&0&cDXHP&Ex&dxHP_equip/NE-dxHP-PkgHP-33to65-Ex-SEER17.1/instance-out.sql,171.33,2077229.04,541.09,6560193.08
CZ04/RtL&0&cDXHP&Ex&dxHP_equip/NE-dxHP-PkgHP-33to65-Ex-SEER18.1/instance-out.sql,171.03,2073517.70,540.07,6547797.20
CZ04/RtL&0&cDXHP&Ex&dxHP_equip/NE-dxHP-SplitHP-18to33-Ex-SEER14.3/instance-out.sql,172.49,2091319.71,544.97,6607255.91
CZ04/RtL&0&cDXHP&Ex&dxHP_equip/NE-dxHP-SplitHP-18to33-Ex-SEER15.2/instance-out.sql,172.03,2085703.31,543.43,6588497.14
CZ04/RtL&0&cDXHP&Ex&dxHP_equip/NE-dxHP-SplitHP-18to33-Ex-SEER16.2/instance-out.sql,171.63,2080820.19,542.08,6572187.51
CZ04/RtL&0&cDXHP&Ex&dxHP_equip/NE-dxHP-SplitHP-18to33-Ex-SEER17.1/instance-out.sql,171.31,2076916.28,541.01,6559148.45
CZ04/RtL&0&cDXHP&Ex&dxHP_equip/NE-dxHP-SplitHP-18to33-Ex-SEER18.1/instance-out.sql,171.00,2073204.94,539.98,6546752.58
CZ04/RtL&0&cDXHP&Ex&dxHP_equip/NE-dxHP-SplitHP-33to55-Ex-SEER14.3/instance-out.sql,172.49,2091319.71,544.97,6607255.91
CZ04/RtL&0&cDXHP&Ex&dxHP_equip/NE-dxHP-SplitHP-33to55-Ex-SEER15.2/instance-out.sql,172.03,2085703.31,543.43,6588497.14
CZ04/RtL&0&cDXHP&Ex&dxHP_equip/NE-dxHP-SplitHP-33to55-Ex-SEER16.2/instance-out.sql,171.63,2080820.19,542.08,6572187.51
CZ04/RtL&0&cDXHP&Ex&dxHP_equip/NE-dxHP-SplitHP-33to55-Ex-SEER17.1/instance-out.sql,171.31,2076916.28,541.01,6559148.45
CZ04/RtL&0&cDXHP&Ex&dxHP_equip/NE-dxHP-SplitHP-33to55-Ex-SEER18.1/instance-out.sql,171.00,2073204.94,539.98,6546752.58
CZ04/RtS&0&cDXHP&Ex&dxHP_equip/NE-dxHP-PkgHP-18to33-Ex-SEER13.4/instance-out.sql,91.18,135550.32,280.67,417270.11
CZ04/RtS&0&cDXHP&Ex&dxHP_equip/NE-dxHP-PkgHP-18to33-Ex-SEER15.2/instance-out.sql,90.59,134682.50,278.72,414371.61
CZ04/RtS&0&cDXHP&Ex&dxHP_equip/NE-dxHP-PkgHP-18to33-Ex-SEER16.2/instance-out.sql,90.36,134332.02,277.93,413200.99
CZ04/RtS&0&cDXHP&Ex&dxHP_equip/NE-dxHP-PkgHP-18to33-Ex-SEER17.1/instance-out.sql,90.17,134051.82,277.30,412265.12
CZ04/RtS&0&cDXHP&Ex&dxHP_equip/NE-dxHP-PkgHP-18to33-Ex-SEER18.1/instance-out.sql,89.99,133785.44,276.70,411375.41
CZ04/RtS&0&cDXHP&Ex&dxHP_equip/NE-dxHP-PkgHP-33to65-Ex-SEER13.4/instance-out.sql,91.18,135550.32,280.67,417270.11
CZ04/RtS&0&cDXHP&Ex&dxHP_equip/NE-dxHP-PkgHP-33to65-Ex-SEER15.2/instance-out.sql,90.59,134682.50,278.72,414371.61
CZ04/RtS&0&cDXHP&Ex&dxHP_equip/NE-dxHP-PkgHP-33to65-Ex-SEER16.2/instance-out.sql,90.36,134332.02,277.93,413200.99
CZ04/RtS&0&cDXHP&Ex&dxHP_equip/NE-dxHP-PkgHP-33to65-Ex-SEER17.1/instance-out.sql,90.17,134051.82,277.30,412265.12
CZ04/RtS&0&cDXHP&Ex&dxHP_equip/NE-dxHP-PkgHP-33to65-Ex-SEER18.1/instance-out.sql,89.99,133785.44,276.70,411375.41
CZ04/RtS&0&cDXHP&Ex&dxHP_equip/NE-dxHP-SplitHP-18to33-Ex-SEER14.3/instance-out.sql,90.81,135011.78,279.46,415471.39
CZ04/RtS&0&cDXHP&Ex&dxHP_equip/NE-dxHP-SplitHP-18to33-Ex-SEER15.2/instance-out.sql,90.54,134608.66,278.55,414124.98
CZ04/RtS&0&cDXHP&Ex&dxHP_equip/NE-dxHP-SplitHP-18to33-Ex-SEER16.2/instance-out.sql,90.31,134258.18,277.77,412954.36
CZ04/RtS&0&cDXHP&Ex&dxHP_equip/NE-dxHP-SplitHP-18to33-Ex-SEER17.1/instance-out.sql,90.12,133977.98,277.14,412018.49
CZ04/RtS&0&cDXHP&Ex&dxHP_equip/NE-dxHP-SplitHP-18to33-Ex-SEER18.1/instance-out.sql,89.94,133711.60,276.54,411128.78
CZ04/RtS&0&cDXHP&Ex&dxHP_equip/NE-dxHP-SplitHP-33to55-Ex-SEER14.3/instance-out.sql,90.81,135011.78,279.46,415471.39
CZ04/RtS&0&cDXHP&Ex&dxHP_equip/NE-dxHP-SplitHP-33to55-Ex-SEER15.2/instance-out.sql,90.54,134608.66,278.55,414124.98
CZ04/RtS&0&cDXHP&Ex&dxHP_equip/NE-dxHP-SplitHP-33to55-Ex-SEER16.2/instance-out.sql,90.31,134258.18,277.77,412954.36
CZ04/RtS&0&cDXHP&Ex&dxHP_equip/NE-dxHP-SplitHP-33to55-Ex-SEER17.1/instance-out.sql,90.12,133977.98,277.14,412018.49
CZ04/RtS&0&cDXHP&Ex&dxHP_equip/NE-dxHP-SplitHP-33to55-Ex-SEER18.1/instance-out.sql,89.94,133711.60,276.54,411128.78
CZ04/SCn&0&cDXHP&Ex&dxHP_equip/NE-dxHP-PkgHP-18to33-Ex-SEER13.4/instance-out.sql,66.22,3076055.18,217.07,10083131.24
CZ04/SCn&0&cDXHP&Ex&dxHP_equip/NE-dxHP-PkgHP-18to33-Ex-SEER15.2/instance-out.sql,65.84,3058486.61,215.81,10024452.20
CZ04/SCn&0&cDXHP&Ex&dxHP_equip/NE-dxHP-PkgHP-18to33-Ex-SEER16.2/instance-out.sql,65.69,3051391.17,215.30,10000753.43
CZ04/SCn&0&cDXHP&Ex&dxHP_equip/NE-dxHP-PkgHP-18to33-Ex-SEER17.1/instance-out.sql,65.57,3045718.58,214.89,9981806.99
CZ04/SCn&0&cDXHP&Ex&dxHP_equip/NE-dxHP-PkgHP-18to33-Ex-SEER18.1/instance-out.sql,65.45,3040325.80,214.50,9963795.12
CZ04/SCn&0&cDXHP&Ex&dxHP_equip/NE-dxHP-PkgHP-33to65-Ex-SEER13.4/instance-out.sql,66.22,3076055.18,217.07,10083131.24
CZ04/SCn&0&cDXHP&Ex&dxHP_equip/NE-dxHP-PkgHP-33to65-Ex-SEER15.2/instance-out.sql,65.84,3058486.61,215.81,10024452.20
CZ04/SCn&0&cDXHP&Ex&dxHP_equip/NE-dxHP-PkgHP-33to65-Ex-SEER16.2/instance-out.sql,65.69,3051391.17,215.30,10000753.43
CZ04/SCn&0&cDXHP&Ex&dxHP_equip/NE-dxHP-PkgHP-33to65-Ex-SEER17.1/instance-out.sql,65.57,3045718.58,214.89,9981806.99
CZ04/SCn&0&cDXHP&Ex&dxHP_equip/NE-dxHP-PkgHP-33to65-Ex-SEER18.1/instance-out.sql,65.45,3040325.80,214.50,9963795.12
CZ04/SCn&0&cDXHP&Ex&dxHP_equip/NE-dxHP-SplitHP-18to33-Ex-SEER14.3/instance-out.sql,65.89,3060718.05,215.97,10031905.22
CZ04/SCn&0&cDXHP&Ex&dxHP_equip/NE-dxHP-SplitHP-18to33-Ex-SEER15.2/instance-out.sql,65.72,3052557.12,215.38,10004647.72
CZ04/SCn&0&cDXHP&Ex&dxHP_equip/NE-dxHP-SplitHP-18to33-Ex-SEER16.2/instance-out.sql,65.56,3045461.68,214.87,9980948.95
CZ04/SCn&0&cDXHP&Ex&dxHP_equip/NE-dxHP-SplitHP-18to33-Ex-SEER17.1/instance-out.sql,65.44,3039789.09,214.46,9962002.51
CZ04/SCn&0&cDXHP&Ex&dxHP_equip/NE-dxHP-SplitHP-18to33-Ex-SEER18.1/instance-out.sql,65.33,3034396.32,214.08,9943990.64
CZ04/SCn&0&cDXHP&Ex&dxHP_equip/NE-dxHP-SplitHP-33to55-Ex-SEER14.3/instance-out.sql,65.89,3060718.05,215.97,10031905.22
CZ04/SCn&0&cDXHP&Ex&dxHP_equip/NE-dxHP-SplitHP-33to55-Ex-SEER15.2/instance-out.sql,65.72,3052557.12,215.38,10004647.72
CZ04/SCn&0&cDXHP&Ex&dxHP_equip/NE-dxHP-SplitHP-33to55-Ex-SEER16.2/instance-out.sql,65.56,3045461.68,214.87,9980948.95
CZ04/SCn&0&cDXHP&Ex&dxHP_equip/NE-dxHP-SplitHP-33to55-Ex-SEER17.1/instance-out.sql,65.44,3039789.09,214.46,9962002.51
CZ04/SCn&0&cDXHP&Ex&dxHP_equip/NE-dxHP-SplitHP-33to55-Ex-SEER18.1/instance-out.sql,65.33,3034396.32,214.08,9943990.64

File Name,Total (kWh),Heating (kWh),Cooling (kWh),Interior Lighting (kWh),Exterior Lighting (kWh),Interior Equipment (kWh),Exterior Equipment (kWh),Fans (kWh),Pumps (kWh),Heat Rejection (kWh),Humidification (kWh),Heat Recovery (kWh),Water Systems (kWh),Refrigeration (kWh),Generators (kWh),Heating Elec (kWh),Cooling Elec (kWh),Heating NG (kWh),Cooling NG (kWh),Interior Equipment Elec (kWh),Interior Equipment NG (kWh)
CZ03/Asm&0&cDXHP&Ex&dxHP_equip/NE-dxHP-PkgHP-18to33-Ex-SEER13.4/instance-out.sql,612214.62,34442.61,37591.28,153727.01,0.0,145823.51,0.0,217878.97,3.36,0.0,0.0,0.0,22747.88,0.0,0.0,34442.61,37591.28,0.00,0.00,145823.51,0.00
CZ03/Asm&0&cDXHP&Ex&dxHP_equip/NE-dxHP-PkgHP-18to33-Ex-SEER15.2/instance-out.sql,609562.2,34442.61,34938.85,153727.01,0.0,145823.51,0.0,217878.97,3.36,0.0,0.0,0.0,22747.88,0.0,0.0,34442.61,34938.85,0.00,0.00,145823.51,0.00
CZ03/Asm&0&cDXHP&Ex&dxHP_equip/NE-dxHP-PkgHP-18to33-Ex-SEER16.2/instance-out.sql,608490.96,34442.61,33867.61,153727.01,0.0,145823.51,0.0,217878.97,3.36,0.0,0.0,0.0,22747.88,0.0,0.0,34442.61,33867.61,0.00,0.00,145823.51,0.00
CZ03/Asm&0&cDXHP&Ex&dxHP_equip/NE-dxHP-PkgHP-18to33-Ex-SEER17.1/instance-out.sql,607634.53,34442.61,33011.19,153727.01,0.0,145823.51,0.0,217878.97,3.36,0.0,0.0,0.0,22747.88,0.0,0.0,34442.61,33011.19,0.00,0.00,145823.51,0.00
CZ03/Asm&0&cDXHP&Ex&dxHP_equip/NE-dxHP-PkgHP-18to33-Ex-SEER18.1/instance-out.sql,606820.36,34442.61,32197.02,153727.01,0.0,145823.51,0.0,217878.97,3.36,0.0,0.0,0.0,22747.88,0.0,0.0,34442.61,32197.02,0.00,0.00,145823.51,0.00
CZ03/Asm&0&cDXHP&Ex&dxHP_equip/NE-dxHP-PkgHP-33to65-Ex-SEER13.4/instance-out.sql,612214.62,34442.61,37591.28,153727.01,0.0,145823.51,0.0,217878.97,3.36,0.0,0.0,0.0,22747.88,0.0,0.0,34442.61,37591.28,0.00,0.00,145823.51,0.00
CZ03/Asm&0&cDXHP&Ex&dxHP_equip/NE-dxHP-PkgHP-33to65-Ex-SEER15.2/instance-out.sql,609562.2,34442.61,34938.85,153727.01,0.0,145823.51,0.0,217878.97,3.36,0.0,0.0,0.0,22747.88,0.0,0.0,34442.61,34938.85,0.00,0.00,145823.51,0.00
CZ03/Asm&0&cDXHP&Ex&dxHP_equip/NE-dxHP-PkgHP-33to65-Ex-SEER16.2/instance-out.sql,608490.96,34442.61,33867.61,153727.01,0.0,145823.51,0.0,217878.97,3.36,0.0,0.0,0.0,22747.88,0.0,0.0,34442.61,33867.61,0.00,0.00,145823.51,0.00
CZ03/Asm&0&cDXHP&Ex&dxHP_equip/NE-dxHP-PkgHP-33to65-Ex-SEER17.1/instance-out.sql,607634.53,34442.61,33011.19,153727.01,0.0,145823.51,0.0,217878.97,3.36,0.0,0.0,0.0,22747.88,0.0,0.0,34442.61,33011.19,0.00,0.00,145823.51,0.00
CZ03/Asm&0&cDXHP&Ex&dxHP_equip/NE-dxHP-PkgHP-33to65-Ex-SEER18.1/instance-out.sql,606820.36,34442.61,32197.02,153727.01,0.0,145823.51,0.0,217878.97,3.36,0.0,0.0,0.0,22747.88,0.0,0.0,34442.61,32197.02,0.00,0.00,145823.51,0.00
CZ03/Asm&0&cDXHP&Ex&dxHP_equip/NE-dxHP-SplitHP-18to33-Ex-SEER14.3/instance-out.sql,609083.21,32731.53,36170.95,153727.01,0.0,145823.51,0.0,217878.97,3.36,0.0,0.0,0.0,22747.88,0.0,0.0,32731.53,36170.95,0.00,0.00,145823.51,0.00
CZ03/Asm&0&cDXHP&Ex&dxHP_equip/NE-dxHP-SplitHP-18to33-Ex-SEER15.2/instance-out.sql,607851.11,32731.53,34938.85,153727.01,0.0,145823.51,0.0,217878.97,3.36,0.0,0.0,0.0,22747.88,0.0,0.0,32731.53,34938.85,0.00,0.00,145823.51,0.00
CZ03/Asm&0&cDXHP&Ex&dxHP_equip/NE-dxHP-SplitHP-18to33-Ex-SEER16.2/instance-out.sql,606779.87,32731.53,33867.61,153727.01,0.0,145823.51,0.0,217878.97,3.36,0.0,0.0,0.0,22747.88,0.0,0.0,32731.53,33867.61,0.00,0.00,145823.51,0.00
CZ03/Asm&0&cDXHP&Ex&dxHP_equip/NE-dxHP-SplitHP-18to33-Ex-SEER17.1/instance-out.sql,605923.45,32731.53,33011.19,153727.01,0.0,145823.51,0.0,217878.97,3.36,0.0,0.0,0.0,22747.88,0.0,0.0,32731.53,33011.19,0.00,0.00,145823.51,0.00
CZ03/Asm&0&cDXHP&Ex&dxHP_equip/NE-dxHP-SplitHP-18to33-Ex-SEER18.1/instance-out.sql,605109.27,32731.53,32197.02,153727.01,0.0,145823.51,0.0,217878.97,3.36,0.0,0.0,0.0,22747.88,0.0,0.0,32731.53,32197.02,0.00,0.00,145823.51,0.00
CZ03/Asm&0&cDXHP&Ex&dxHP_equip/NE-dxHP-SplitHP-33to55-Ex-SEER14.3/instance-out.sql,609083.21,32731.53,36170.95,153727.01,0.0,145823.51,0.0,217878.97,3.36,0.0,0.0,0.0,22747.88,0.0,0.0,32731.53,36170.95,0.00,0.00,145823.51,0.00
CZ03/Asm&0&cDXHP&Ex&dxHP_equip/NE-dxHP-SplitHP-33to55-Ex-SEER15.2/instance-out.sql,607851.11,32731.53,34938.85,153727.01,0.0,145823.51,0.0,217878.97,3.36,0.0,0.0,0.0,22747.88,0.0,0.0,32731.53,34938.85,0.00,0.00,145823.51,0.00
CZ03/Asm&0&cDXHP&Ex&dxHP_equip/NE-dxHP-SplitHP-33to55-Ex-SEER16.2/instance-out.sql,606779.87,32731.53,33867.61,153727.01,0.0,145823.51,0.0,217878.97,3.36,0.0,0.0,0.0,22747.88,0.0,0.0,32731.53,33867.61,0.00,0.00,145823.51,0.00
CZ03/Asm&0&cDXHP&Ex&dxHP_equip/NE-dxHP-SplitHP-33to55-Ex-SEER17.1/instance-out.sql,605923.45,32731.53,33011.19,153727.01,0.0,145823.51,0.0,217878.97,3.36,0.0,0.0,0.0,22747.88,0.0,0.0,32731.53,33011.19,0.00,0.00,145823.51,0.00
CZ03/Asm&0&cDXHP&Ex&dxHP_equip/NE-dxHP-SplitHP-33to55-Ex-SEER18.1/instance-out.sql,605109.27,32731.53,32197.02,153727.01,0.0,145823.51,0.0,217878.97,3.36,0.0,0.0,0.0,22747.88,0.0,0.0,32731.53,32197.02,0.00,0.00,145823.51,0.00
CZ03/ECC&0&cDXHP&Ex&dxHP_equip/NE-dxHP-PkgHP-18to33-Ex-SEER13.4/instance-out.sql,2497520.96,12028.48,107431.86,358430.2,0.0,1013813.91,0.0,552738.04,966.71,0.0,0.0,0.0,452111.74,0.0,0.0,11862.05,107431.86,166.43,0.00,945189.93,68623.98
CZ03/ECC&0&cDXHP&Ex&dxHP_equip/NE-dxHP-PkgHP-18to33-Ex-SEER15.2/instance-out.sql,2492729.2800000003,12028.48,102640.18,358430.2,0.0,1013813.91,0.0,552738.04,966.71,0.0,0.0,0.0,452111.74,0.0,0.0,11862.05,102640.18,166.43,0.00,945189.93,68623.98
CZ03/ECC&0&cDXHP&Ex&dxHP_equip/NE-dxHP-PkgHP-18to33-Ex-SEER16.2/instance-out.sql,2490794.06,12028.48,100704.96,358430.2,0.0,1013813.91,0.0,552738.04,966.71,0.0,0.0,0.0,452111.74,0.0,0.0,11862.05,100704.96,166.43,0.00,945189.93,68623.98
CZ03/ECC&0&cDXHP&Ex&dxHP_equip/NE-dxHP-PkgHP-18to33-Ex-SEER17.1/instance-out.sql,2489246.91,12028.48,99157.81,358430.2,0.0,1013813.91,0.0,552738.04,966.71,0.0,0.0,0.0,452111.74,0.0,0.0,11862.05,99157.81,166.43,0.00,945189.93,68623.98
CZ03/ECC&0&cDXHP&Ex&dxHP_equip/NE-dxHP-PkgHP-18to33-Ex-SEER18.1/instance-out.sql,2487776.07,12028.48,97686.98,358430.2,0.0,1013813.91,0.0,552738.04,966.71,0.0,0.0,0.0,452111.74,0.0,0.0,11862.05,97686.98,166.43,0.00,945189.93,68623.98
CZ03/ECC&0&cDXHP&Ex&dxHP_equip/NE-dxHP-PkgHP-33to65-Ex-SEER13.4/instance-out.sql,2497520.96,12028.48,107431.86,358430.2,0.0,1013813.91,0.0,552738.04,966.71,0.0,0.0,0.0,452111.74,0.0,0.0,11862.05,107431.86,166.43,0.00,945189.93,68623.98
CZ03/ECC&0&cDXHP&Ex&dxHP_equip/NE-dxHP-PkgHP-33to65-Ex-SEER15.2/instance-out.sql,2492729.2800000003,12028.48,102640.18,358430.2,0.0,1013813.91,0.0,552738.04,966.71,0.0,0.0,0.0,452111.74,0.0,0.0,11862.05,102640.18,166.43,0.00,945189.93,68623.98
CZ03/ECC&0&cDXHP&Ex&dxHP_equip/NE-dxHP-PkgHP-33to65-Ex-SEER16.2/instance-out.sql,2490794.06,12028.48,100704.96,358430.2,0.0,1013813.91,0.0,552738.04,966.71,0.0,0.0,0.0,452111.74,0.0,0.0,11862.05,100704.96,166.43,0.00,945189.93,68623.98
CZ03/ECC&0&cDXHP&Ex&dxHP_equip/NE-dxHP-PkgHP-33to65-Ex-SEER17.1/instance-out.sql,2489246.91,12028.48,99157.81,358430.2,0.0,1013813.91,0.0,552738.04,966.71,0.0,0.0,0.0,452111.74,0.0,0.0,11862.05,99157.81,166.43,0.00,945189.93,68623.98
CZ03/ECC&0&cDXHP&Ex&dxHP_equip/NE-dxHP-PkgHP-33to65-Ex-SEER18.1/instance-out.sql,2487776.07,12028.48,97686.98,358430.2,0.0,1013813.91,0.0,552738.04,966.71,0.0,0.0,0.0,452111.74,0.0,0.0,11862.05,97686.98,166.43,0.00,945189.93,68623.98
CZ03/ECC&0&cDXHP&Ex&dxHP_equip/NE-dxHP-SplitHP-18to33-Ex-SEER14.3/instance-out.sql,2494371.85,11445.23,104866.01,358430.2,0.0,1013813.91,0.0,552738.04,966.71,0.0,0.0,0.0,452111.74,0.0,0.0,11278.80,104866.01,166.43,0.00,945189.93,68623.98
CZ03/ECC&0&cDXHP&Ex&dxHP_equip/NE-dxHP-SplitHP-18to33-Ex-SEER15.2/instance-out.sql,2492146.0300000003,11445.23,102640.18,358430.2,0.0,1013813.91,0.0,552738.04,966.71,0.0,0.0,0.0,452111.74,0.0,0.0,11278.80,102640.18,166.43,0.00,945189.93,68623.98
CZ03/ECC&0&cDXHP&Ex&dxHP_equip/NE-dxHP-SplitHP-18to33-Ex-SEER16.2/instance-out.sql,2490210.81,11445.23,100704.96,358430.2,0.0,1013813.91,0.0,552738.04,966.71,0.0,0.0,0.0,452111.74,0.0,0.0,11278.80,100704.96,166.43,0.00,945189.93,68623.98
CZ03/ECC&0&cDXHP&Ex&dxHP_equip/NE-dxHP-SplitHP-18to33-Ex-SEER17.1/instance-out.sql,2488663.65,11445.23,99157.81,358430.2,0.0,1013813.91,0.0,552738.04,966.71,0.0,0.0,0.0,452111.74,0.0,0.0,11278.80,99157.81,166.43,0.00,945189.93,68623.98
CZ03/ECC&0&cDXHP&Ex&dxHP_equip/NE-dxHP-SplitHP-18to33-Ex-SEER18.1/instance-out.sql,2487192.82,11445.23,97686.98,358430.2,0.0,1013813.91,0.0,552738.04,966.71,0.0,0.0,0.0,452111.74,0.0,0.0,11278.80,97686.98,166.43,0.00,945189.93,68623.98
CZ03/ECC&0&cDXHP&Ex&dxHP_equip/NE-dxHP-SplitHP-33to55-Ex-SEER14.3/instance-out.sql,2494371.85,11445.23,104866.01,358430.2,0.0,1013813.91,0.0,552738.04,966.71,0.0,0.0,0.0,452111.74,0.0,0.0,11278.80,104866.01,166.43,0.00,945189.93,68623.98
CZ03/ECC&0&cDXHP&Ex&dxHP_equip/NE-dxHP-SplitHP-33to55-Ex-SEER15.2/instance-out.sql,2492146.0300000003,11445.23,102640.18,358430.2,0.0,1013813.91,0.0,552738.04,966.71,0.0,0.0,0.0,452111.74,0.0,0.0,11278.80,102640.18,166.43,0.00,945189.93,68623.98
CZ03/ECC&0&cDXHP&Ex&dxHP_equip/NE-dxHP-SplitHP-33to55-Ex-SEER16.2/instance-out.sql,2490210.81,11445.23,100704.96,358430.2,0.0,1013813.91,0.0,552738.04,966.71,0.0,0.0,0.0,452111.74,0.0,0.0,11278.80,100704.96,166.43,0.00,945189.93,68623.98
CZ03/ECC&0&cDXHP&Ex&dxHP_equip/NE-dxHP-SplitHP-33to55-Ex-SEER17.1/instance-out.sql,2488663.65,11445.23,99157.81,358430.2,0.0,1013813.91,0.0,552738.04,966.71,0.0,0.0,0.0,452111.74,0.0,0.0,11278.80,99157.81,166.43,0.00,945189.93,68623.98
CZ03/ECC&0&cDXHP&Ex&dxHP_equip/NE-dxHP-SplitHP-33to55-Ex-SEER18.1/instance-out.sql,2487192.82,11445.23,97686.98,358430.2,0.0,1013813.91,0.0,552738.04,966.71,0.0,0.0,0.0,452111.74,0.0,0.0,11278.80,97686.98,166.43,0.00,945189.93,68623.98
CZ03/EPr&0&cDXHP&Ex&dxHP_equip/NE-dxHP-PkgHP-18to33-Ex-SEER13.4/instance-out.sql,382682.6,4249.03,22219.86,64700.97,0.0,125897.03,0.0,79286.71,3.37,0.0,0.0,0.0,86325.63,0.0,0.0,4249.03,22219.86,0.00,0.00,83226.75,42670.28
CZ03/EPr&0&cDXHP&Ex&dxHP_equip/NE-dxHP-PkgHP-18to33-Ex-SEER15.2/instance-out.sql,381856.55,4249.03,21393.8,64700.97,0.0,125897.03,0.0,79286.71,3.37,0.0,0.0,0.0,86325.63,0.0,0.0,4249.03,21393.80,0.00,0.00,83226.75,42670.28
CZ03/EPr&0&cDXHP&Ex&dxHP_equip/NE-dxHP-PkgHP-18to33-Ex-SEER16.2/instance-out.sql,381522.93,4249.03,21060.18,64700.97,0.0,125897.03,0.0,79286.71,3.37,0.0,0.0,0.0,86325.63,0.0,0.0,4249.03,21060.18,0.00,0.00,83226.75,42670.28
CZ03/EPr&0&cDXHP&Ex&dxHP_equip/NE-dxHP-PkgHP-18to33-Ex-SEER17.1/instance-out.sql,381256.21,4249.03,20793.46,64700.97,0.0,125897.03,0.0,79286.71,3.37,0.0,0.0,0.0,86325.63,0.0,0.0,4249.03,20793.46,0.00,0.00,83226.75,42670.28
CZ03/EPr&0&cDXHP&Ex&dxHP_equip/NE-dxHP-PkgHP-18to33-Ex-SEER18.1/instance-out.sql,381002.64,4249.03,20539.9,64700.97,0.0,125897.03,0.0,79286.71,3.37,0.0,0.0,0.0,86325.63,0.0,0.0,4249.03,20539.90,0.00,0.00,83226.75,42670.28
CZ03/EPr&0&cDXHP&Ex&dxHP_equip/NE-dxHP-PkgHP-33to65-Ex-SEER13.4/instance-out.sql,382682.6,4249.03,22219.86,64700.97,0.0,125897.03,0.0,79286.71,3.37,0.0,0.0,0.0,86325.63,0.0,0.0,4249.03,22219.86,0.00,0.00,83226.75,42670.28
CZ03/EPr&0&cDXHP&Ex&dxHP_equip/NE-dxHP-PkgHP-33to65-Ex-SEER15.2/instance-out.sql,381856.55,4249.03,21393.8,64700.97,0.0,125897.03,0.0,79286.71,3.37,0.0,0.0,0.0,86325.63,0.0,0.0,4249.03,21393.80,0.00,0.00,83226.75,42670.28
CZ03/EPr&0&cDXHP&Ex&dxHP_equip/NE-dxHP-PkgHP-33to65-Ex-SEER16.2/instance-out.sql,381522.93,4249.03,21060.18,64700.97,0.0,125897.03,0.0,79286.71,3.37,0.0,0.0,0.0,86325.63,0.0,0.0,4249.03,21060.18,0.00,0.00,83226.75,42670.28
CZ03/EPr&0&cDXHP&Ex&dxHP_equip/NE-dxHP-PkgHP-33to65-Ex-SEER17.1/instance-out.sql,381256.21,4249.03,20793.46,64700.97,0.0,125897.03,0.0,79286.71,3.37,0.0,0.0,0.0,86325.63,0.0,0.0,4249.03,20793.46,0.00,0.00,83226.75,42670.28
CZ03/EPr&0&cDXHP&Ex&dxHP_equip/NE-dxHP-PkgHP-33to65-Ex-SEER18.1/instance-out.sql,381002.64,4249.03,20539.9,64700.97,0.0,125897.03,0.0,79286.71,3.37,0.0,0.0,0.0,86325.63,0.0,0.0,4249.03,20539.90,0.00,0.00,83226.75,42670.28
CZ03/EPr&0&cDXHP&Ex&dxHP_equip/NE-dxHP-SplitHP-18to33-Ex-SEER14.3/instance-out.sql,382030.91,4039.67,21777.52,64700.97,0.0,125897.03,0.0,79286.71,3.37,0.0,0.0,0.0,86325.63,0.0,0.0,4039.67,21777.52,0.00,0.00,83226.75,42670.28
CZ03/EPr&0&cDXHP&Ex&dxHP_equip/NE-dxHP-SplitHP-18to33-Ex-SEER15.2/instance-out.sql,381647.19,4039.67,21393.8,64700.97,0.0,125897.03,0.0,79286.71,3.37,0.0,0.0,0.0,86325.63,0.0,0.0,4039.67,21393.80,0.00,0.00,83226.75,42670.28
CZ03/EPr&0&cDXHP&Ex&dxHP_equip/NE-dxHP-SplitHP-18to33-Ex-SEER16.2/instance-out.sql,381313.57,4039.67,21060.18,64700.97,0.0,125897.03,0.0,79286.71,3.37,0.0,0.0,0.0,86325.63,0.0,0.0,4039.67,21060.18,0.00,0.00,83226.75,42670.28
CZ03/EPr&0&cDXHP&Ex&dxHP_equip/NE-dxHP-SplitHP-18to33-Ex-SEER17.1/instance-out.sql,381046.85,4039.67,20793.46,64700.97,0.0,125897.03,0.0,79286.71,3.37,0.0,0.0,0.0,86325.63,0.0,0.0,4039.67,20793.46,0.00,0.00,83226.75,42670.28
CZ03/EPr&0&cDXHP&Ex&dxHP_equip/NE-dxHP-SplitHP-18to33-Ex-SEER18.1/instance-out.sql,380793.29,4039.67,20539.9,64700.97,0.0,125897.03,0.0,79286.71,3.37,0.0,0.0,0.0,86325.63,0.0,0.0,4039.67,20539.90,0.00,0.00,83226.75,42670.28
CZ03/EPr&0&cDXHP&Ex&dxHP_equip/NE-dxHP-SplitHP-33to55-Ex-SEER14.3/instance-out.sql,382030.91,4039.67,21777.52,64700.97,0.0,125897.03,0.0,79286.71,3.37,0.0,0.0,0.0,86325.63,0.0,0.0,4039.67,21777.52,0.00,0.00,83226.75,42670.28
CZ03/EPr&0&cDXHP&Ex&dxHP_equip/NE-dxHP-SplitHP-33to55-Ex-SEER15.2/instance-out.sql,381647.19,4039.67,21393.8,64700.97,0.0,125897.03,0.0,79286.71,3.37,0.0,0.0,0.0,86325.63,0.0,0.0,4039.67,21393.80,0.00,0.00,83226.75,42670.28
CZ03/EPr&0&cDXHP&Ex&dxHP_equip/NE-dxHP-SplitHP-33to55-Ex-SEER16.2/instance-out.sql,381313.57,4039.67,21060.18,64700.97,0.0,125897.03,0.0,79286.71,3.37,0.0,0.0,0.0,86325.63,0.0,0.0,4039.67,21060.18,0.00,0.00,83226.75,42670.28
CZ03/EPr&0&cDXHP&Ex&dxHP_equip/NE-dxHP-SplitHP-33to55-Ex-SEER17.1/instance-out.sql,381046.85,4039.67,20793.46,64700.97,0.0,125897.03,0.0,79286.71,3.37,0.0,0.0,0.0,86325.63,0.0,0.0,4039.67,20793.46,0.00,0.00,83226.75,42670.28
CZ03/EPr&0&cDXHP&Ex&dxHP_equip/NE-dxHP-SplitHP-33to55-Ex-SEER18.1/instance-out.sql,380793.29,4039.67,20539.9,64700.97,0.0,125897.03,0.0,79286.71,3.37,0.0,0.0,0.0,86325.63,0.0,0.0,4039.67,20539.90,0.00,0.00,83226.75,42670.28
CZ03/ERC&0&cDXHP&Ex&dxHP_equip/NE-dxHP-PkgHP-18to33-Ex-SEER13.4/instance-out.sql,18000.940000000002,316.85,392.83,2224.35,0.0,2196.82,0.0,3556.36,3.36,0.0,0.0,0.0,9310.37,0.0,0.0,316.85,392.83,0.00,0.00,2196.82,0.00
CZ03/ERC&0&cDXHP&Ex&dxHP_equip/NE-dxHP-PkgHP-18to33-Ex-SEER15.2/instance-out.sql,17973.22,316.85,365.11,2224.35,0.0,2196.82,0.0,3556.36,3.36,0.0,0.0,0.0,9310.37,0.0,0.0,316.85,365.11,0.00,0.00,2196.82,0.00
CZ03/ERC&0&cDXHP&Ex&dxHP_equip/NE-dxHP-PkgHP-18to33-Ex-SEER16.2/instance-out.sql,17962.03,316.85,353.92,2224.35,0.0,2196.82,0.0,3556.36,3.36,0.0,0.0,0.0,9310.37,0.0,0.0,316.85,353.92,0.00,0.00,2196.82,0.00
CZ03/ERC&0&cDXHP&Ex&dxHP_equip/NE-dxHP-PkgHP-18to33-Ex-SEER17.1/instance-out.sql,17953.08,316.85,344.97,2224.35,0.0,2196.82,0.0,3556.36,3.36,0.0,0.0,0.0,9310.37,0.0,0.0,316.85,344.97,0.00,0.00,2196.82,0.00
CZ03/ERC&0&cDXHP&Ex&dxHP_equip/NE-dxHP-PkgHP-18to33-Ex-SEER18.1/instance-out.sql,17944.57,316.85,336.46,2224.35,0.0,2196.82,0.0,3556.36,3.36,0.0,0.0,0.0,9310.37,0.0,0.0,316.85,336.46,0.00,0.00,2196.82,0.00
CZ03/ERC&0&cDXHP&Ex&dxHP_equip/NE-dxHP-PkgHP-33to65-Ex-SEER13.4/instance-out.sql,18000.940000000002,316.85,392.83,2224.35,0.0,2196.82,0.0,3556.36,3.36,0.0,0.0,0.0,9310.37,0.0,0.0,316.85,392.83,0.00,0.00,2196.82,0.00
CZ03/ERC&0&cDXHP&Ex&dxHP_equip/NE-dxHP-PkgHP-33to65-Ex-SEER15.2/instance-out.sql,17973.22,316.85,365.11,2224.35,0.0,2196.82,0.0,3556.36,3.36,0.0,0.0,0.0,9310.37,0.0,0.0,316.85,365.11,0.00,0.00,2196.82,0.00
CZ03/ERC&0&cDXHP&Ex&dxHP_equip/NE-dxHP-PkgHP-33to65-Ex-SEER16.2/instance-out.sql,17962.03,316.85,353.92,2224.35,0.0,2196.82,0.0,3556.36,3.36,0.0,0.0,0.0,9310.37,0.0,0.0,316.85,353.92,0.00,0.00,2196.82,0.00
CZ03/ERC&0&cDXHP&Ex&dxHP_equip/NE-dxHP-PkgHP-33to65-Ex-SEER17.1/instance-out.sql,17953.08,316.85,344.97,2224.35,0.0,2196.82,0.0,3556.36,3.36,0.0,0.0,0.0,9310.37,0.0,0.0,316.85,344.97,0.00,0.00,2196.82,0.00
CZ03/ERC&0&cDXHP&Ex&dxHP_equip/NE-dxHP-PkgHP-33to65-Ex-SEER18.1/instance-out.sql,17944.57,316.85,336.46,2224.35,0.0,2196.82,0.0,3556.36,3.36,0.0,0.0,0.0,9310.37,0.0,0.0,316.85,336.46,0.00,0.00,2196.82,0.00
CZ03/ERC&0&cDXHP&Ex&dxHP_equip/NE-dxHP-SplitHP-18to33-Ex-SEER14.3/instance-out.sql,17970.61,301.36,377.99,2224.35,0.0,2196.82,0.0,3556.36,3.36,0.0,0.0,0.0,9310.37,0.0,0.0,301.36,377.99,0.00,0.00,2196.82,0.00
CZ03/ERC&0&cDXHP&Ex&dxHP_equip/NE-dxHP-SplitHP-18to33-Ex-SEER15.2/instance-out.sql,17957.74,301.36,365.11,2224.35,0.0,2196.82,0.0,3556.36,3.36,0.0,0.0,0.0,9310.37,0.0,0.0,301.36,365.11,0.00,0.00,2196.82,0.00
CZ03/ERC&0&cDXHP&Ex&dxHP_equip/NE-dxHP-SplitHP-18to33-Ex-SEER16.2/instance-out.sql,17946.54,301.36,353.92,2224.35,0.0,2196.82,0.0,3556.36,3.36,0.0,0.0,0.0,9310.37,0.0,0.0,301.36,353.92,0.00,0.00,2196.82,0.00
CZ03/ERC&0&cDXHP&Ex&dxHP_equip/NE-dxHP-SplitHP-18to33-Ex-SEER17.1/instance-out.sql,17937.59,301.36,344.97,2224.35,0.0,2196.82,0.0,3556.36,3.36,0.0,0.0,0.0,9310.37,0.0,0.0,301.36,344.97,0.00,0.00,2196.82,0.00
CZ03/ERC&0&cDXHP&Ex&dxHP_equip/NE-dxHP-SplitHP-18to33-Ex-SEER18.1/instance-out.sql,17929.08,301.36,336.46,2224.35,0.0,2196.82,0.0,3556.36,3.36,0.0,0.0,0.0,9310.37,0.0,0.0,301.36,336.46,0.00,0.00,2196.82,0.00
CZ03/ERC&0&cDXHP&Ex&dxHP_equip/NE-dxHP-SplitHP-33to55-Ex-SEER14.3/instance-out.sql,17970.61,301.36,377.99,2224.35,0.0,2196.82,0.0,3556.36,3.36,0.0,0.0,0.0,9310.37,0.0,0.0,301.36,377.99,0.00,0.00,2196.82,0.00
CZ03/ERC&0&cDXHP&Ex&dxHP_equip/NE-dxHP-SplitHP-33to55-Ex-SEER15.2/instance-out.sql,17957.74,301.36,365.11,2224.35,0.0,2196.82,0.0,3556.36,3.36,0.0,0.0,0.0,9310.37,0.0,0.0,301.36,365.11,0.00,0.00,2196.82,0.00
CZ03/ERC&0&cDXHP&Ex&dxHP_equip/NE-dxHP-SplitHP-33to55-Ex-SEER16.2/instance-out.sql,17946.54,301.36,353.92,2224.35,0.0,2196.82,0.0,3556.36,3.36,0.0,0.0,0.0,9310.37,0.0,0.0,301.36,353.92,0.00,0.00,2196.82,0.00
CZ03/ERC&0&cDXHP&Ex&dxHP_equip/NE-dxHP-SplitHP-33to55-Ex-SEER17.1/instance-out.sql,17937.59,301.36,344.97,2224.35,0.0,2196.82,0.0,3556.36,3.36,0.0,0.0,0.0,9310.37,0.0,0.0,301.36,344.97,0.00,0.00,2196.82,0.00
CZ03/ERC&0&cDXHP&Ex&dxHP_equip/NE-dxHP-SplitHP-33to55-Ex-SEER18.1/instance-out.sql,17929.08,301.36,336.46,2224.35,0.0,2196.82,0.0,3556.36,3.36,0.0,0.0,0.0,9310.37,0.0,0.0,301.36,336.46,0.00,0.00,2196.82,0.00
CZ03/ESe&0&cDXHP&Ex&dxHP_equip/NE-dxHP-PkgHP-18to33-Ex-SEER13.4/instance-out.sql,1143106.3,92827.95,53730.12,197959.32,0.0,323176.74,0.0,239516.82,3.39,0.0,0.0,0.0,235891.96,0.0,0.0,2354.28,53730.12,90473.67,0.00,259085.82,64090.92
CZ03/ESe&0&cDXHP&Ex&dxHP_equip/NE-dxHP-PkgHP-18to33-Ex-SEER15.2/instance-out.sql,1142126.02,92827.95,52749.84,197959.32,0.0,323176.74,0.0,239516.82,3.39,0.0,0.0,0.0,235891.96,0.0,0.0,2354.28,52749.84,90473.67,0.00,259085.82,64090.92
CZ03/ESe&0&cDXHP&Ex&dxHP_equip/NE-dxHP-PkgHP-18to33-Ex-SEER16.2/instance-out.sql,1141730.11,92827.95,52353.93,197959.32,0.0,323176.74,0.0,239516.82,3.39,0.0,0.0,0.0,235891.96,0.0,0.0,2354.28,52353.93,90473.67,0.00,259085.82,64090.92
CZ03/ESe&0&cDXHP&Ex&dxHP_equip/NE-dxHP-PkgHP-18to33-Ex-SEER17.1/instance-out.sql,1141413.59,92827.95,52037.42,197959.32,0.0,323176.74,0.0,239516.82,3.39,0.0,0.0,0.0,235891.96,0.0,0.0,2354.28,52037.42,90473.67,0.00,259085.82,64090.92
CZ03/ESe&0&cDXHP&Ex&dxHP_equip/NE-dxHP-PkgHP-18to33-Ex-SEER18.1/instance-out.sql,1141112.69,92827.95,51736.51,197959.32,0.0,323176.74,0.0,239516.82,3.39,0.0,0.0,0.0,235891.96,0.0,0.0,2354.28,51736.51,90473.67,0.00,259085.82,64090.92
CZ03/ESe&0&cDXHP&Ex&dxHP_equip/NE-dxHP-PkgHP-33to65-Ex-SEER13.4/instance-out.sql,1143106.3,92827.95,53730.12,197959.32,0.0,323176.74,0.0,239516.82,3.39,0.0,0.0,0.0,235891.96,0.0,0.0,2354.28,53730.12,90473.67,0.00,259085.82,64090.92
CZ03/ESe&0&cDXHP&Ex&dxHP_equip/NE-dxHP-PkgHP-33to65-Ex-SEER15.2/instance-out.sql,1142126.02,92827.95,52749.84,197959.32,0.0,323176.74,0.0,239516.82,3.39,0.0,0.0,0.0,235891.96,0.0,0.0,2354.28,52749.84,90473.67,0.00,259085.82,64090.92
CZ03/ESe&0&cDXHP&Ex&dxHP_equip/NE-dxHP-PkgHP-33to65-Ex-SEER16.2/instance-out.sql,1141730.11,92827.95,52353.93,197959.32,0.0,323176.74,0.0,239516.82,3.39,0.0,0.0,0.0,235891.96,0.0,0.0,2354.28,52353.93,90473.67,0.00,259085.82,64090.92
CZ03/ESe&0&cDXHP&Ex&dxHP_equip/NE-dxHP-PkgHP-33to65-Ex-SEER17.1/instance-out.sql,1141413.59,92827.95,52037.42,197959.32,0.0,323176.74,0.0,239516.82,3.39,0.0,0.0,0.0,235891.96,0.0,0.0,2354.28,52037.42,90473.67,0.00,259085.82,64090.92
CZ03/ESe&0&cDXHP&Ex&dxHP_equip/NE-dxHP-PkgHP-33to65-Ex-SEER18.1/instance-out.sql,1141112.69,92827.95,51736.51,197959.32,0.0,323176.74,0.0,239516.82,3.39,0.0,0.0,0.0,235891.96,0.0,0.0,2354.28,51736.51,90473.67,0.00,259085.82,64090.92
CZ03/ESe&0&cDXHP&Ex&dxHP_equip/NE-dxHP-SplitHP-18to33-Ex-SEER14.3/instance-out.sql,1142467.05,92713.63,53205.2,197959.32,0.0,323176.74,0.0,239516.82,3.39,0.0,0.0,0.0,235891.96,0.0,0.0,2239.96,53205.20,90473.67,0.00,259085.82,64090.92
CZ03/ESe&0&cDXHP&Ex&dxHP_equip/NE-dxHP-SplitHP-18to33-Ex-SEER15.2/instance-out.sql,1142011.69,92713.63,52749.84,197959.32,0.0,323176.74,0.0,239516.82,3.39,0.0,0.0,0.0,235891.96,0.0,0.0,2239.96,52749.84,90473.67,0.00,259085.82,64090.92
CZ03/ESe&0&cDXHP&Ex&dxHP_equip/NE-dxHP-SplitHP-18to33-Ex-SEER16.2/instance-out.sql,1141615.78,92713.63,52353.93,197959.32,0.0,323176.74,0.0,239516.82,3.39,0.0,0.0,0.0,235891.96,0.0,0.0,2239.96,52353.93,90473.67,0.00,259085.82,64090.92
CZ03/ESe&0&cDXHP&Ex&dxHP_equip/NE-dxHP-SplitHP-18to33-Ex-SEER17.1/instance-out.sql,1141299.27,92713.63,52037.42,197959.32,0.0,323176.74,0.0,239516.82,3.39,0.0,0.0,0.0,235891.96,0.0,0.0,2239.96,52037.42,90473.67,0.00,259085.82,64090.92
CZ03/ESe&0&cDXHP&Ex&dxHP_equip/NE-dxHP-SplitHP-18to33-Ex-SEER18.1/instance-out.sql,1140998.3699999999,92713.63,51736.51,197959.32,0.0,323176.74,0.0,239516.82,3.39,0.0,0.0,0.0,235891.96,0.0,0.0,2239.96,51736.51,90473.67,0.00,259085.82,64090.92
CZ03/ESe&0&cDXHP&Ex&dxHP_equip/NE-dxHP-SplitHP-33to55-Ex-SEER14.3/instance-out.sql,1142467.05,92713.63,53205.2,197959.32,0.0,323176.74,0.0,239516.82,3.39,0.0,0.0,0.0,235891.96,0.0,0.0,2239.96,53205.20,90473.67,0.00,259085.82,64090.92
CZ03/ESe&0&cDXHP&Ex&dxHP_equip/NE-dxHP-SplitHP-33to55-Ex-SEER15.2/instance-out.sql,1142011.69,92713.63,52749.84,197959.32,0.0,323176.74,0.0,239516.82,3.39,0.0,0.0,0.0,235891.96,0.0,0.0,2239.96,52749.84,90473.67,0.00,259085.82,64090.92
CZ03/ESe&0&cDXHP&Ex&dxHP_equip/NE-dxHP-SplitHP-33to55-Ex-SEER16.2/instance-out.sql,1141615.78,92713.63,52353.93,197959.32,0.0,323176.74,0.0,239516.82,3.39,0.0,0.0,0.0,235891.96,0.0,0.0,2239.96,52353.93,90473.67,0.00,259085.82,64090.92
CZ03/ESe&0&cDXHP&Ex&dxHP_equip/NE-dxHP-SplitHP-33to55-Ex-SEER17.1/instance-out.sql,1141299.27,92713.63,52037.42,197959.32,0.0,323176.74,0.0,239516.82,3.39,0.0,0.0,0.0,235891.96,0.0,0.0,2239.96,52037.42,90473.67,0.00,259085.82,64090.92
CZ03/ESe&0&cDXHP&Ex&dxHP_equip/NE-dxHP-SplitHP-33to55-Ex-SEER18.1/instance-out.sql,1140998.3699999999,92713.63,51736.51,197959.32,0.0,323176.74,0.0,239516.82,3.39,0.0,0.0,0.0,235891.96,0.0,0.0,2239.96,51736.51,90473.67,0.00,259085.82,64090.92
CZ03/EUn&0&cDXHP&Ex&dxHP_equip/NE-dxHP-PkgHP-18to33-Ex-SEER13.4/instance-out.sql,8007939.51,37439.23,369244.51,1277404.75,0.0,3682881.23,0.0,1877439.0,3.37,0.0,0.0,0.0,763527.41,0.0,0.0,30296.59,369244.51,7142.64,0.00,3555459.15,127422.08
CZ03/EUn&0&cDXHP&Ex&dxHP_equip/NE-dxHP-PkgHP-18to33-Ex-SEER15.2/instance-out.sql,7992267.52,37439.23,353572.52,1277404.75,0.0,3682881.23,0.0,1877439.0,3.37,0.0,0.0,0.0,763527.41,0.0,0.0,30296.59,353572.52,7142.64,0.00,3555459.15,127422.08
CZ03/EUn&0&cDXHP&Ex&dxHP_equip/NE-dxHP-PkgHP-18to33-Ex-SEER16.2/instance-out.sql,7985938.05,37439.23,347243.05,1277404.75,0.0,3682881.23,0.0,1877439.0,3.37,0.0,0.0,0.0,763527.41,0.0,0.0,30296.59,347243.05,7142.64,0.00,3555459.15,127422.08
CZ03/EUn&0&cDXHP&Ex&dxHP_equip/NE-dxHP-PkgHP-18to33-Ex-SEER17.1/instance-out.sql,7980877.84,37439.23,342182.84,1277404.75,0.0,3682881.23,0.0,1877439.0,3.37,0.0,0.0,0.0,763527.41,0.0,0.0,30296.59,342182.84,7142.64,0.00,3555459.15,127422.08
CZ03/EUn&0&cDXHP&Ex&dxHP_equip/NE-dxHP-PkgHP-18to33-Ex-SEER18.1/instance-out.sql,7976067.2299999995,37439.23,337372.23,1277404.75,0.0,3682881.23,0.0,1877439.0,3.37,0.0,0.0,0.0,763527.41,0.0,0.0,30296.59,337372.23,7142.64,0.00,3555459.15,127422.08
CZ03/EUn&0&cDXHP&Ex&dxHP_equip/NE-dxHP-PkgHP-33to65-Ex-SEER13.4/instance-out.sql,8007939.51,37439.23,369244.51,1277404.75,0.0,3682881.23,0.0,1877439.0,3.37,0.0,0.0,0.0,763527.41,0.0,0.0,30296.59,369244.51,7142.64,0.00,3555459.15,127422.08
CZ03/EUn&0&cDXHP&Ex&dxHP_equip/NE-dxHP-PkgHP-33to65-Ex-SEER15.2/instance-out.sql,7992267.52,37439.23,353572.52,1277404.75,0.0,3682881.23,0.0,1877439.0,3.37,0.0,0.0,0.0,763527.41,0.0,0.0,30296.59,353572.52,7142.64,0.00,3555459.15,127422.08
CZ03/EUn&0&cDXHP&Ex&dxHP_equip/NE-dxHP-PkgHP-33to65-Ex-SEER16.2/instance-out.sql,7985938.05,37439.23,347243.05,1277404.75,0.0,3682881.23,0.0,1877439.0,3.37,0.0,0.0,0.0,763527.41,0.0,0.0,30296.59,347243.05,7142.64,0.00,3555459.15,127422.08
CZ03/EUn&0&cDXHP&Ex&dxHP_equip/NE-dxHP-PkgHP-33to65-Ex-SEER17.1/instance-out.sql,7980877.84,37439.23,342182.84,1277404.75,0.0,3682881.23,0.0,1877439.0,3.37,0.0,0.0,0.0,763527.41,0.0,0.0,30296.59,342182.84,7142.64,0.00,3555459.15,127422.08
CZ03/EUn&0&cDXHP&Ex&dxHP_equip/NE-dxHP-PkgHP-33to65-Ex-SEER18.1/instance-out.sql,7976067.2299999995,37439.23,337372.23,1277404.75,0.0,3682881.23,0.0,1877439.0,3.37,0.0,0.0,0.0,763527.41,0.0,0.0,30296.59,337372.23,7142.64,0.00,3555459.15,127422.08
CZ03/EUn&0&cDXHP&Ex&dxHP_equip/NE-dxHP-SplitHP-18to33-Ex-SEER14.3/instance-out.sql,7998068.93,35960.71,360852.45,1277404.75,0.0,3682881.23,0.0,1877439.0,3.37,0.0,0.0,0.0,763527.41,0.0,0.0,28818.07,360852.45,7142.64,0.00,3555459.15,127422.08
CZ03/EUn&0&cDXHP&Ex&dxHP_equip/NE-dxHP-SplitHP-18to33-Ex-SEER15.2/instance-out.sql,7990789.0,35960.71,353572.52,1277404.75,0.0,3682881.23,0.0,1877439.0,3.37,0.0,0.0,0.0,763527.41,0.0,0.0,28818.07,353572.52,7142.64,0.00,3555459.15,127422.08
CZ03/EUn&0&cDXHP&Ex&dxHP_equip/NE-dxHP-SplitHP-18to33-Ex-SEER16.2/instance-out.sql,7984459.529999999,35960.71,347243.05,1277404.75,0.0,3682881.23,0.0,1877439.0,3.37,0.0,0.0,0.0,763527.41,0.0,0.0,28818.07,347243.05,7142.64,0.00,3555459.15,127422.08
CZ03/EUn&0&cDXHP&Ex&dxHP_equip/NE-dxHP-SplitHP-18to33-Ex-SEER17.1/instance-out.sql,7979399.319999999,35960.71,342182.84,1277404.75,0.0,3682881.23,0.0,1877439.0,3.37,0.0,0.0,0.0,763527.41,0.0,0.0,28818.07,342182.84,7142.64,0.00,3555459.15,127422.08
CZ03/EUn&0&cDXHP&Ex&dxHP_equip/NE-dxHP-SplitHP-18to33-Ex-SEER18.1/instance-out.sql,7974588.71,35960.71,337372.23,1277404.75,0.0,3682881.23,0.0,1877439.0,3.37,0.0,0.0,0.0,763527.41,0.0,0.0,28818.07,337372.23,7142.64,0.00,3555459.15,127422.08
CZ03/EUn&0&cDXHP&Ex&dxHP_equip/NE-dxHP-SplitHP-33to55-Ex-SEER14.3/instance-out.sql,7998068.93,35960.71,360852.45,1277404.75,0.0,3682881.23,0.0,1877439.0,3.37,0.0,0.0,0.0,763527.41,0.0,0.0,28818.07,360852.45,7142.64,0.00,3555459.15,127422.08
CZ03/EUn&0&cDXHP&Ex&dxHP_equip/NE-dxHP-SplitHP-33to55-Ex-SEER15.2/instance-out.sql,7990789.0,35960.71,353572.52,1277404.75,0.0,3682881.23,0.0,1877439.0,3.37,0.0,0.0,0.0,763527.41,0.0,0.0,28818.07,353572.52,7142.64,0.00,3555459.15,127422.08
CZ03/EUn&0&cDXHP&Ex&dxHP_equip/NE-dxHP-SplitHP-33to55-Ex-SEER16.2/instance-out.sql,7984459.529999999,35960.71,347243.05,1277404.75,0.0,3682881.23,0.0,1877439.0,3.37,0.0,0.0,0.0,763527.41,0.0,0.0,28818.07,347243.05,7142.64,0.00,3555459.15,127422.08
CZ03/EUn&0&cDXHP&Ex&dxHP_equip/NE-dxHP-SplitHP-33to55-Ex-SEER17.1/instance-out.sql,7979399.319999999,35960.71,342182.84,1277404.75,0.0,3682881.23,0.0,1877439.0,3.37,0.0,0.0,0.0,763527.41,0.0,0.0,28818.07,342182.84,7142.64,0.00,3555459.15,127422.08
CZ03/EUn&0&cDXHP&Ex&dxHP_equip/NE-dxHP-SplitHP-33to55-Ex-SEER18.1/instance-out.sql,7974588.71,35960.71,337372.23,1277404.75,0.0,3682881.23,0.0,1877439.0,3.37,0.0,0.0,0.0,763527.41,0.0,0.0,28818.07,337372.23,7142.64,0.00,3555459.15,127422.08
CZ03/Gro&0&cDXHP&Ex&dxHP_equip/NE-dxHP-PkgHP-18to33-Ex-SEER13.4/instance-out.sql,1572812.48,29085.56,11446.0,249218.65,0.0,177584.03,0.0,139825.22,3.38,0.0,0.0,0.0,61219.69,904429.94,0.0,29085.56,11446.00,0.00,0.00,177584.03,0.00
CZ03/Gro&0&cDXHP&Ex&dxHP_equip/NE-dxHP-PkgHP-18to33-Ex-SEER15.2/instance-out.sql,1572004.8499999999,29085.56,10638.38,249218.65,0.0,177584.03,0.0,139825.22,3.38,0.0,0.0,0.0,61219.69,904429.94,0.0,29085.56,10638.38,0.00,0.00,177584.03,0.00
CZ03/Gro&0&cDXHP&Ex&dxHP_equip/NE-dxHP-PkgHP-18to33-Ex-SEER16.2/instance-out.sql,1571678.68,29085.56,10312.2,249218.65,0.0,177584.03,0.0,139825.22,3.38,0.0,0.0,0.0,61219.69,904429.94,0.0,29085.56,10312.20,0.00,0.00,177584.03,0.00
CZ03/Gro&0&cDXHP&Ex&dxHP_equip/NE-dxHP-PkgHP-18to33-Ex-SEER17.1/instance-out.sql,1571417.91,29085.56,10051.43,249218.65,0.0,177584.03,0.0,139825.22,3.38,0.0,0.0,0.0,61219.69,904429.94,0.0,29085.56,10051.43,0.00,0.00,177584.03,0.00
CZ03/Gro&0&cDXHP&Ex&dxHP_equip/NE-dxHP-PkgHP-18to33-Ex-SEER18.1/instance-out.sql,1571170.0,29085.56,9803.53,249218.65,0.0,177584.03,0.0,139825.22,3.38,0.0,0.0,0.0,61219.69,904429.94,0.0,29085.56,9803.53,0.00,0.00,177584.03,0.00
CZ03/Gro&0&cDXHP&Ex&dxHP_equip/NE-dxHP-PkgHP-33to65-Ex-SEER13.4/instance-out.sql,1572812.48,29085.56,11446.0,249218.65,0.0,177584.03,0.0,139825.22,3.38,0.0,0.0,0.0,61219.69,904429.94,0.0,29085.56,11446.00,0.00,0.00,177584.03,0.00
CZ03/Gro&0&cDXHP&Ex&dxHP_equip/NE-dxHP-PkgHP-33to65-Ex-SEER15.2/instance-out.sql,1572004.8499999999,29085.56,10638.38,249218.65,0.0,177584.03,0.0,139825.22,3.38,0.0,0.0,0.0,61219.69,904429.94,0.0,29085.56,10638.38,0.00,0.00,177584.03,0.00
CZ03/Gro&0&cDXHP&Ex&dxHP_equip/NE-dxHP-PkgHP-33to65-Ex-SEER16.2/instance-out.sql,1571678.68,29085.56,10312.2,249218.65,0.0,177584.03,0.0,139825.22,3.38,0.0,0.0,0.0,61219.69,904429.94,0.0,29085.56,10312.20,0.00,0.00,177584.03,0.00
CZ03/Gro&0&cDXHP&Ex&dxHP_equip/NE-dxHP-PkgHP-33to65-Ex-SEER17.1/instance-out.sql,1571417.91,29085.56,10051.43,249218.65,0.0,177584.03,0.0,139825.22,3.38,0.0,0.0,0.0,61219.69,904429.94,0.0,29085.56,10051.43,0.00,0.00,177584.03,0.00
CZ03/Gro&0&cDXHP&Ex&dxHP_equip/NE-dxHP-PkgHP-33to65-Ex-SEER18.1/instance-out.sql,1571170.0,29085.56,9803.53,249218.65,0.0,177584.03,0.0,139825.22,3.38,0.0,0.0,0.0,61219.69,904429.94,0.0,29085.56,9803.53,0.00,0.00,177584.03,0.00
CZ03/Gro&0&cDXHP&Ex&dxHP_equip/NE-dxHP-SplitHP-18to33-Ex-SEER14.3/instance-out.sql,1570936.1099999999,27641.67,11013.53,249218.65,0.0,177584.03,0.0,139825.22,3.38,0.0,0.0,0.0,61219.69,904429.94,0.0,27641.67,11013.53,0.00,0.00,177584.03,0.00
CZ03/Gro&0&cDXHP&Ex&dxHP_equip/NE-dxHP-SplitHP-18to33-Ex-SEER15.2/instance-out.sql,1570560.96,27641.67,10638.38,249218.65,0.0,177584.03,0.0,139825.22,3.38,0.0,0.0,0.0,61219.69,904429.94,0.0,27641.67,10638.38,0.00,0.00,177584.03,0.00
CZ03/Gro&0&cDXHP&Ex&dxHP_equip/NE-dxHP-SplitHP-18to33-Ex-SEER16.2/instance-out.sql,1570234.78,27641.67,10312.2,249218.65,0.0,177584.03,0.0,139825.22,3.38,0.0,0.0,0.0,61219.69,904429.94,0.0,27641.67,10312.20,0.00,0.00,177584.03,0.00
CZ03/Gro&0&cDXHP&Ex&dxHP_equip/NE-dxHP-SplitHP-18to33-Ex-SEER17.1/instance-out.sql,1569974.01,27641.67,10051.43,249218.65,0.0,177584.03,0.0,139825.22,3.38,0.0,0.0,0.0,61219.69,904429.94,0.0,27641.67,10051.43,0.00,0.00,177584.03,0.00
CZ03/Gro&0&cDXHP&Ex&dxHP_equip/NE-dxHP-SplitHP-18to33-Ex-SEER18.1/instance-out.sql,1569726.1099999999,27641.67,9803.53,249218.65,0.0,177584.03,0.0,139825.22,3.38,0.0,0.0,0.0,61219.69,904429.94,0.0,27641.67,9803.53,0.00,0.00,177584.03,0.00
CZ03/Gro&0&cDXHP&Ex&dxHP_equip/NE-dxHP-SplitHP-33to55-Ex-SEER14.3/instance-out.sql,1570936.1099999999,27641.67,11013.53,249218.65,0.0,177584.03,0.0,139825.22,3.38,0.0,0.0,0.0,61219.69,904429.94,0.0,27641.67,11013.53,0.00,0.00,177584.03,0.00
CZ03/Gro&0&cDXHP&Ex&dxHP_equip/NE-dxHP-SplitHP-33to55-Ex-SEER15.2/instance-out.sql,1570560.96,27641.67,10638.38,249218.65,0.0,177584.03,0.0,139825.22,3.38,0.0,0.0,0.0,61219.69,904429.94,0.0,27641.67,10638.38,0.00,0.00,177584.03,0.00
CZ03/Gro&0&cDXHP&Ex&dxHP_equip/NE-dxHP-SplitHP-33to55-Ex-SEER16.2/instance-out.sql,1570234.78,27641.67,10312.2,249218.65,0.0,177584.03,0.0,139825.22,3.38,0.0,0.0,0.0,61219.69,904429.94,0.0,27641.67,10312.20,0.00,0.00,177584.03,0.00
CZ03/Gro&0&cDXHP&Ex&dxHP_equip/NE-dxHP-SplitHP-33to55-Ex-SEER17.1/instance-out.sql,1569974.01,27641.67,10051.43,249218.65,0.0,177584.03,0.0,139825.22,3.38,0.0,0.0,0.0,61219.69,904429.94,0.0,27641.67,10051.43,0.00,0.00,177584.03,0.00
CZ03/Gro&0&cDXHP&Ex&dxHP_equip/NE-dxHP-SplitHP-33to55-Ex-SEER18.1/instance-out.sql,1569726.1099999999,27641.67,9803.53,249218.65,0.0,177584.03,0.0,139825.22,3.38,0.0,0.0,0.0,61219.69,904429.94,0.0,27641.67,9803.53,0.00,0.00,177584.03,0.00
CZ03/Hsp&0&cDXHP&Ex&dxHP_equip/NE-dxHP-PkgHP-18to33-Ex-SEER13.4/instance-out.sql,3340855.5500000003,174835.02000000002,387506.02,856282.21,0.0,1182847.3,0.0,439121.24,34439.32,0.0,0.0,0.0,265824.45,0.0,0.0,4172.07,387506.02,170662.95,0.00,1139112.10,43735.20
CZ03/Hsp&0&cDXHP&Ex&dxHP_equip/NE-dxHP-PkgHP-18to33-Ex-SEER15.2/instance-out.sql,3338750.35,174835.02000000002,385400.82,856282.21,0.0,1182847.3,0.0,439121.24,34439.32,0.0,0.0,0.0,265824.45,0.0,0.0,4172.07,385400.82,170662.95,0.00,1139112.10,43735.20
CZ03/Hsp&0&cDXHP&Ex&dxHP_equip/NE-dxHP-PkgHP-18to33-Ex-SEER16.2/instance-out.sql,3337900.13,174835.02000000002,384550.59,856282.21,0.0,1182847.3,0.0,439121.24,34439.32,0.0,0.0,0.0,265824.45,0.0,0.0,4172.07,384550.59,170662.95,0.00,1139112.10,43735.20
CZ03/Hsp&0&cDXHP&Ex&dxHP_equip/NE-dxHP-PkgHP-18to33-Ex-SEER17.1/instance-out.sql,3337220.39,174835.02000000002,383870.86,856282.21,0.0,1182847.3,0.0,439121.24,34439.32,0.0,0.0,0.0,265824.45,0.0,0.0,4172.07,383870.86,170662.95,0.00,1139112.10,43735.20
CZ03/Hsp&0&cDXHP&Ex&dxHP_equip/NE-dxHP-PkgHP-18to33-Ex-SEER18.1/instance-out.sql,3336574.19,174835.02000000002,383224.66,856282.21,0.0,1182847.3,0.0,439121.24,34439.32,0.0,0.0,0.0,265824.45,0.0,0.0,4172.07,383224.66,170662.95,0.00,1139112.10,43735.20
CZ03/Hsp&0&cDXHP&Ex&dxHP_equip/NE-dxHP-PkgHP-33to65-Ex-SEER13.4/instance-out.sql,3340855.5500000003,174835.02000000002,387506.02,856282.21,0.0,1182847.3,0.0,439121.24,34439.32,0.0,0.0,0.0,265824.45,0.0,0.0,4172.07,387506.02,170662.95,0.00,1139112.10,43735.20
CZ03/Hsp&0&cDXHP&Ex&dxHP_equip/NE-dxHP-PkgHP-33to65-Ex-SEER15.2/instance-out.sql,3338750.35,174835.02000000002,385400.82,856282.21,0.0,1182847.3,0.0,439121.24,34439.32,0.0,0.0,0.0,265824.45,0.0,0.0,4172.07,385400.82,170662.95,0.00,1139112.10,43735.20
CZ03/Hsp&0&cDXHP&Ex&dxHP_equip/NE-dxHP-PkgHP-33to65-Ex-SEER16.2/instance-out.sql,3337900.13,174835.02000000002,384550.59,856282.21,0.0,1182847.3,0.0,439121.24,34439.32,0.0,0.0,0.0,265824.45,0.0,0.0,4172.07,384550.59,170662.95,0.00,1139112.10,43735.20
CZ03/Hsp&0&cDXHP&Ex&dxHP_equip/NE-dxHP-PkgHP-33to65-Ex-SEER17.1/instance-out.sql,3337220.39,174835.02000000002,383870.86,856282.21,0.0,1182847.3,0.0,439121.24,34439.32,0.0,0.0,0.0,265824.45,0.0,0.0,4172.07,383870.86,170662.95,0.00,1139112.10,43735.20
CZ03/Hsp&0&cDXHP&Ex&dxHP_equip/NE-dxHP-PkgHP-33to65-Ex-SEER18.1/instance-out.sql,3336574.19,174835.02000000002,383224.66,856282.21,0.0,1182847.3,0.0,439121.24,34439.32,0.0,0.0,0.0,265824.45,0.0,0.0,4172.07,383224.66,170662.95,0.00,1139112.10,43735.20
CZ03/Hsp&0&cDXHP&Ex&dxHP_equip/NE-dxHP-SplitHP-18to33-Ex-SEER14.3/instance-out.sql,3339526.77,174633.53,386378.73,856282.21,0.0,1182847.3,0.0,439121.24,34439.32,0.0,0.0,0.0,265824.45,0.0,0.0,3970.58,386378.73,170662.95,0.00,1139112.10,43735.20
CZ03/Hsp&0&cDXHP&Ex&dxHP_equip/NE-dxHP-SplitHP-18to33-Ex-SEER15.2/instance-out.sql,3338548.86,174633.53,385400.82,856282.21,0.0,1182847.3,0.0,439121.24,34439.32,0.0,0.0,0.0,265824.45,0.0,0.0,3970.58,385400.82,170662.95,0.00,1139112.10,43735.20
CZ03/Hsp&0&cDXHP&Ex&dxHP_equip/NE-dxHP-SplitHP-18to33-Ex-SEER16.2/instance-out.sql,3337698.63,174633.53,384550.59,856282.21,0.0,1182847.3,0.0,439121.24,34439.32,0.0,0.0,0.0,265824.45,0.0,0.0,3970.58,384550.59,170662.95,0.00,1139112.10,43735.20
CZ03/Hsp&0&cDXHP&Ex&dxHP_equip/NE-dxHP-SplitHP-18to33-Ex-SEER17.1/instance-out.sql,3337018.9,174633.53,383870.86,856282.21,0.0,1182847.3,0.0,439121.24,34439.32,0.0,0.0,0.0,265824.45,0.0,0.0,3970.58,383870.86,170662.95,0.00,1139112.10,43735.20
CZ03/Hsp&0&cDXHP&Ex&dxHP_equip/NE-dxHP-SplitHP-18to33-Ex-SEER18.1/instance-out.sql,3336372.7,174633.53,383224.66,856282.21,0.0,1182847.3,0.0,439121.24,34439.32,0.0,0.0,0.0,265824.45,0.0,0.0,3970.58,383224.66,170662.95,0.00,1139112.10,43735.20
CZ03/Hsp&0&cDXHP&Ex&dxHP_equip/NE-dxHP-SplitHP-33to55-Ex-SEER14.3/instance-out.sql,3339526.77,174633.53,386378.73,856282.21,0.0,1182847.3,0.0,439121.24,34439.32,0.0,0.0,0.0,265824.45,0.0,0.0,3970.58,386378.73,170662.95,0.00,1139112.10,43735.20
CZ03/Hsp&0&cDXHP&Ex&dxHP_equip/NE-dxHP-SplitHP-33to55-Ex-SEER15.2/instance-out.sql,3338548.86,174633.53,385400.82,856282.21,0.0,1182847.3,0.0,439121.24,34439.32,0.0,0.0,0.0,265824.45,0.0,0.0,3970.58,385400.82,170662.95,0.00,1139112.10,43735.20
CZ03/Hsp&0&cDXHP&Ex&dxHP_equip/NE-dxHP-SplitHP-33to55-Ex-SEER16.2/instance-out.sql,3337698.63,174633.53,384550.59,856282.21,0.0,1182847.3,0.0,439121.24,34439.32,0.0,0.0,0.0,265824.45,0.0,0.0,3970.58,384550.59,170662.95,0.00,1139112.10,43735.20
CZ03/Hsp&0&cDXHP&Ex&dxHP_equip/NE-dxHP-SplitHP-33to55-Ex-SEER17.1/instance-out.sql,3337018.9,174633.53,383870.86,856282.21,0.0,1182847.3,0.0,439121.24,34439.32,0.0,0.0,0.0,265824.45,0.0,0.0,3970.58,383870.86,170662.95,0.00,1139112.10,43735.20
CZ03/Hsp&0&cDXHP&Ex&dxHP_equip/NE-dxHP-SplitHP-33to55-Ex-SEER18.1/instance-out.sql,3336372.7,174633.53,383224.66,856282.21,0.0,1182847.3,0.0,439121.24,34439.32,0.0,0.0,0.0,265824.45,0.0,0.0,3970.58,383224.66,170662.95,0.00,1139112.10,43735.20
CZ03/MBT&0&cDXHP&Ex&dxHP_equip/NE-dxHP-PkgHP-18to33-Ex-SEER13.4/instance-out.sql,6344873.53,2199551.12,98754.74,709539.71,0.0,2167645.51,0.0,992454.17,637.03,0.0,0.0,0.0,176291.25,0.0,0.0,15492.06,98754.74,2184059.06,0.00,1394057.91,773587.60
CZ03/MBT&0&cDXHP&Ex&dxHP_equip/NE-dxHP-PkgHP-18to33-Ex-SEER15.2/instance-out.sql,6342576.18,2199551.12,96457.39,709539.71,0.0,2167645.51,0.0,992454.17,637.03,0.0,0.0,0.0,176291.25,0.0,0.0,15492.06,96457.39,2184059.06,0.00,1394057.91,773587.60
CZ03/MBT&0&cDXHP&Ex&dxHP_equip/NE-dxHP-PkgHP-18to33-Ex-SEER16.2/instance-out.sql,6341648.34,2199551.12,95529.55,709539.71,0.0,2167645.51,0.0,992454.17,637.03,0.0,0.0,0.0,176291.25,0.0,0.0,15492.06,95529.55,2184059.06,0.00,1394057.91,773587.60
CZ03/MBT&0&cDXHP&Ex&dxHP_equip/NE-dxHP-PkgHP-18to33-Ex-SEER17.1/instance-out.sql,6340906.5600000005,2199551.12,94787.77,709539.71,0.0,2167645.51,0.0,992454.17,637.03,0.0,0.0,0.0,176291.25,0.0,0.0,15492.06,94787.77,2184059.06,0.00,1394057.91,773587.60
CZ03/MBT&0&cDXHP&Ex&dxHP_equip/NE-dxHP-PkgHP-18to33-Ex-SEER18.1/instance-out.sql,6340201.380000001,2199551.12,94082.59,709539.71,0.0,2167645.51,0.0,992454.17,637.03,0.0,0.0,0.0,176291.25,0.0,0.0,15492.06,94082.59,2184059.06,0.00,1394057.91,773587.60
CZ03/MBT&0&cDXHP&Ex&dxHP_equip/NE-dxHP-PkgHP-33to65-Ex-SEER13.4/instance-out.sql,6344873.53,2199551.12,98754.74,709539.71,0.0,2167645.51,0.0,992454.17,637.03,0.0,0.0,0.0,176291.25,0.0,0.0,15492.06,98754.74,2184059.06,0.00,1394057.91,773587.60
CZ03/MBT&0&cDXHP&Ex&dxHP_equip/NE-dxHP-PkgHP-33to65-Ex-SEER15.2/instance-out.sql,6342576.18,2199551.12,96457.39,709539.71,0.0,2167645.51,0.0,992454.17,637.03,0.0,0.0,0.0,176291.25,0.0,0.0,15492.06,96457.39,2184059.06,0.00,1394057.91,773587.60
CZ03/MBT&0&cDXHP&Ex&dxHP_equip/NE-dxHP-PkgHP-33to65-Ex-SEER16.2/instance-out.sql,6341648.34,2199551.12,95529.55,709539.71,0.0,2167645.51,0.0,992454.17,637.03,0.0,0.0,0.0,176291.25,0.0,0.0,15492.06,95529.55,2184059.06,0.00,1394057.91,773587.60
CZ03/MBT&0&cDXHP&Ex&dxHP_equip/NE-dxHP-PkgHP-33to65-Ex-SEER17.1/instance-out.sql,6340906.5600000005,2199551.12,94787.77,709539.71,0.0,2167645.51,0.0,992454.17,637.03,0.0,0.0,0.0,176291.25,0.0,0.0,15492.06,94787.77,2184059.06,0.00,1394057.91,773587.60
CZ03/MBT&0&cDXHP&Ex&dxHP_equip/NE-dxHP-PkgHP-33to65-Ex-SEER18.1/instance-out.sql,6340201.380000001,2199551.12,94082.59,709539.71,0.0,2167645.51,0.0,992454.17,637.03,0.0,0.0,0.0,176291.25,0.0,0.0,15492.06,94082.59,2184059.06,0.00,1394057.91,773587.60
CZ03/MBT&0&cDXHP&Ex&dxHP_equip/NE-dxHP-SplitHP-18to33-Ex-SEER14.3/instance-out.sql,6342881.6,2198789.39,97524.55,709539.71,0.0,2167645.51,0.0,992454.17,637.03,0.0,0.0,0.0,176291.25,0.0,0.0,14730.33,97524.55,2184059.06,0.00,1394057.91,773587.60
CZ03/MBT&0&cDXHP&Ex&dxHP_equip/NE-dxHP-SplitHP-18to33-Ex-SEER15.2/instance-out.sql,6341814.4399999995,2198789.39,96457.39,709539.71,0.0,2167645.51,0.0,992454.17,637.03,0.0,0.0,0.0,176291.25,0.0,0.0,14730.33,96457.39,2184059.06,0.00,1394057.91,773587.60
CZ03/MBT&0&cDXHP&Ex&dxHP_equip/NE-dxHP-SplitHP-18to33-Ex-SEER16.2/instance-out.sql,6340886.6,2198789.39,95529.55,709539.71,0.0,2167645.51,0.0,992454.17,637.03,0.0,0.0,0.0,176291.25,0.0,0.0,14730.33,95529.55,2184059.06,0.00,1394057.91,773587.60
CZ03/MBT&0&cDXHP&Ex&dxHP_equip/NE-dxHP-SplitHP-18to33-Ex-SEER17.1/instance-out.sql,6340144.83,2198789.39,94787.77,709539.71,0.0,2167645.51,0.0,992454.17,637.03,0.0,0.0,0.0,176291.25,0.0,0.0,14730.33,94787.77,2184059.06,0.00,1394057.91,773587.60
CZ03/MBT&0&cDXHP&Ex&dxHP_equip/NE-dxHP-SplitHP-18to33-Ex-SEER18.1/instance-out.sql,6339439.640000001,2198789.39,94082.59,709539.71,0.0,2167645.51,0.0,992454.17,637.03,0.0,0.0,0.0,176291.25,0.0,0.0,14730.33,94082.59,2184059.06,0.00,1394057.91,773587.60
CZ03/MBT&0&cDXHP&Ex&dxHP_equip/NE-dxHP-SplitHP-33to55-Ex-SEER14.3/instance-out.sql,6342881.6,2198789.39,97524.55,709539.71,0.0,2167645.51,0.0,992454.17,637.03,0.0,0.0,0.0,176291.25,0.0,0.0,14730.33,97524.55,2184059.06,0.00,1394057.91,773587.60
CZ03/MBT&0&cDXHP&Ex&dxHP_equip/NE-dxHP-SplitHP-33to55-Ex-SEER15.2/instance-out.sql,6341814.4399999995,2198789.39,96457.39,709539.71,0.0,2167645.51,0.0,992454.17,637.03,0.0,0.0,0.0,176291.25,0.0,0.0,14730.33,96457.39,2184059.06,0.00,1394057.91,773587.60
CZ03/MBT&0&cDXHP&Ex&dxHP_equip/NE-dxHP-SplitHP-33to55-Ex-SEER16.2/instance-out.sql,6340886.6,2198789.39,95529.55,709539.71,0.0,2167645.51,0.0,992454.17,637.03,0.0,0.0,0.0,176291.25,0.0,0.0,14730.33,95529.55,2184059.06,0.00,1394057.91,773587.60
CZ03/MBT&0&cDXHP&Ex&dxHP_equip/NE-dxHP-SplitHP-33to55-Ex-SEER17.1/instance-out.sql,6340144.83,2198789.39,94787.77,709539.71,0.0,2167645.51,0.0,992454.17,637.03,0.0,0.0,0.0,176291.25,0.0,0.0,14730.33,94787.77,2184059.06,0.00,1394057.91,773587.60
CZ03/MBT&0&cDXHP&Ex&dxHP_equip/NE-dxHP-SplitHP-33to55-Ex-SEER18.1/instance-out.sql,6339439.640000001,2198789.39,94082.59,709539.71,0.0,2167645.51,0.0,992454.17,637.03,0.0,0.0,0.0,176291.25,0.0,0.0,14730.33,94082.59,2184059.06,0.00,1394057.91,773587.60
CZ03/MLI&0&cDXHP&Ex&dxHP_equip/NE-dxHP-PkgHP-18to33-Ex-SEER13.4/instance-out.sql,933244.56,21948.5,31029.44,283149.19,0.0,239893.0,0.0,308120.88,3.37,0.0,0.0,0.0,49100.18,0.0,0.0,21948.50,31029.44,0.00,0.00,239893.00,0.00
CZ03/MLI&0&cDXHP&Ex&dxHP_equip/NE-dxHP-PkgHP-18to33-Ex-SEER15.2/instance-out.sql,931055.13,21948.5,28840.01,283149.19,0.0,239893.0,0.0,308120.88,3.37,0.0,0.0,0.0,49100.18,0.0,0.0,21948.50,28840.01,0.00,0.00,239893.00,0.00
CZ03/MLI&0&cDXHP&Ex&dxHP_equip/NE-dxHP-PkgHP-18to33-Ex-SEER16.2/instance-out.sql,930170.89,21948.5,27955.77,283149.19,0.0,239893.0,0.0,308120.88,3.37,0.0,0.0,0.0,49100.18,0.0,0.0,21948.50,27955.77,0.00,0.00,239893.00,0.00
CZ03/MLI&0&cDXHP&Ex&dxHP_equip/NE-dxHP-PkgHP-18to33-Ex-SEER17.1/instance-out.sql,929463.9600000001,21948.5,27248.84,283149.19,0.0,239893.0,0.0,308120.88,3.37,0.0,0.0,0.0,49100.18,0.0,0.0,21948.50,27248.84,0.00,0.00,239893.00,0.00
CZ03/MLI&0&cDXHP&Ex&dxHP_equip/NE-dxHP-PkgHP-18to33-Ex-SEER18.1/instance-out.sql,928791.9,21948.5,26576.78,283149.19,0.0,239893.0,0.0,308120.88,3.37,0.0,0.0,0.0,49100.18,0.0,0.0,21948.50,26576.78,0.00,0.00,239893.00,0.00
CZ03/MLI&0&cDXHP&Ex&dxHP_equip/NE-dxHP-PkgHP-33to65-Ex-SEER13.4/instance-out.sql,933244.56,21948.5,31029.44,283149.19,0.0,239893.0,0.0,308120.88,3.37,0.0,0.0,0.0,49100.18,0.0,0.0,21948.50,31029.44,0.00,0.00,239893.00,0.00
CZ03/MLI&0&cDXHP&Ex&dxHP_equip/NE-dxHP-PkgHP-33to65-Ex-SEER15.2/instance-out.sql,931055.13,21948.5,28840.01,283149.19,0.0,239893.0,0.0,308120.88,3.37,0.0,0.0,0.0,49100.18,0.0,0.0,21948.50,28840.01,0.00,0.00,239893.00,0.00
CZ03/MLI&0&cDXHP&Ex&dxHP_equip/NE-dxHP-PkgHP-33to65-Ex-SEER16.2/instance-out.sql,930170.89,21948.5,27955.77,283149.19,0.0,239893.0,0.0,308120.88,3.37,0.0,0.0,0.0,49100.18,0.0,0.0,21948.50,27955.77,0.00,0.00,239893.00,0.00
CZ03/MLI&0&cDXHP&Ex&dxHP_equip/NE-dxHP-PkgHP-33to65-Ex-SEER17.1/instance-out.sql,929463.9600000001,21948.5,27248.84,283149.19,0.0,239893.0,0.0,308120.88,3.37,0.0,0.0,0.0,49100.18,0.0,0.0,21948.50,27248.84,0.00,0.00,239893.00,0.00
CZ03/MLI&0&cDXHP&Ex&dxHP_equip/NE-dxHP-PkgHP-33to65-Ex-SEER18.1/instance-out.sql,928791.9,21948.5,26576.78,283149.19,0.0,239893.0,0.0,308120.88,3.37,0.0,0.0,0.0,49100.18,0.0,0.0,21948.50,26576.78,0.00,0.00,239893.00,0.00
CZ03/MLI&0&cDXHP&Ex&dxHP_equip/NE-dxHP-SplitHP-18to33-Ex-SEER14.3/instance-out.sql,930998.8,20875.13,29857.04,283149.19,0.0,239893.0,0.0,308120.88,3.37,0.0,0.0,0.0,49100.18,0.0,0.0,20875.13,29857.04,0.00,0.00,239893.00,0.00
CZ03/MLI&0&cDXHP&Ex&dxHP_equip/NE-dxHP-SplitHP-18to33-Ex-SEER15.2/instance-out.sql,929981.77,20875.13,28840.01,283149.19,0.0,239893.0,0.0,308120.88,3.37,0.0,0.0,0.0,49100.18,0.0,0.0,20875.13,28840.01,0.00,0.00,239893.00,0.00
CZ03/MLI&0&cDXHP&Ex&dxHP_equip/NE-dxHP-SplitHP-18to33-Ex-SEER16.2/instance-out.sql,929097.52,20875.13,27955.77,283149.19,0.0,239893.0,0.0,308120.88,3.37,0.0,0.0,0.0,49100.18,0.0,0.0,20875.13,27955.77,0.00,0.00,239893.00,0.00
CZ03/MLI&0&cDXHP&Ex&dxHP_equip/NE-dxHP-SplitHP-18to33-Ex-SEER17.1/instance-out.sql,928390.6000000001,20875.13,27248.84,283149.19,0.0,239893.0,0.0,308120.88,3.37,0.0,0.0,0.0,49100.18,0.0,0.0,20875.13,27248.84,0.00,0.00,239893.00,0.00
CZ03/MLI&0&cDXHP&Ex&dxHP_equip/NE-dxHP-SplitHP-18to33-Ex-SEER18.1/instance-out.sql,927718.54,20875.13,26576.78,283149.19,0.0,239893.0,0.0,308120.88,3.37,0.0,0.0,0.0,49100.18,0.0,0.0,20875.13,26576.78,0.00,0.00,239893.00,0.00
CZ03/MLI&0&cDXHP&Ex&dxHP_equip/NE-dxHP-SplitHP-33to55-Ex-SEER14.3/instance-out.sql,930998.8,20875.13,29857.04,283149.19,0.0,239893.0,0.0,308120.88,3.37,0.0,0.0,0.0,49100.18,0.0,0.0,20875.13,29857.04,0.00,0.00,239893.00,0.00
CZ03/MLI&0&cDXHP&Ex&dxHP_equip/NE-dxHP-SplitHP-33to55-Ex-SEER15.2/instance-out.sql,929981.77,20875.13,28840.01,283149.19,0.0,239893.0,0.0,308120.88,3.37,0.0,0.0,0.0,49100.18,0.0,0.0,20875.13,28840.01,0.00,0.00,239893.00,0.00
CZ03/MLI&0&cDXHP&Ex&dxHP_equip/NE-dxHP-SplitHP-33to55-Ex-SEER16.2/instance-out.sql,929097.52,20875.13,27955.77,283149.19,0.0,239893.0,0.0,308120.88,3.37,0.0,0.0,0.0,49100.18,0.0,0.0,20875.13,27955.77,0.00,0.00,239893.00,0.00
CZ03/MLI&0&cDXHP&Ex&dxHP_equip/NE-dxHP-SplitHP-33to55-Ex-SEER17.1/instance-out.sql,928390.6000000001,20875.13,27248.84,283149.19,0.0,239893.0,0.0,308120.88,3.37,0.0,0.0,0.0,49100.18,0.0,0.0,20875.13,27248.84,0.00,0.00,239893.00,0.00
CZ03/MLI&0&cDXHP&Ex&dxHP_equip/NE-dxHP-SplitHP-33to55-Ex-SEER18.1/instance-out.sql,927718.54,20875.13,26576.78,283149.19,0.0,239893.0,0.0,308120.88,3.37,0.0,0.0,0.0,49100.18,0.0,0.0,20875.13,26576.78,0.00,0.00,239893.00,0.00
CZ03/Mtl&0&cDXHP&Ex&dxHP_equip/NE-dxHP-PkgHP-18to33-Ex-SEER13.4/instance-out.sql,150495.16,3139.5499999999997,11641.41,51285.47,0.0,22443.33,0.0,54218.06,3.36,0.0,0.0,0.0,7763.95,0.0,0.0,2903.58,11641.41,235.97,0.00,22191.36,251.97
CZ03/Mtl&0&cDXHP&Ex&dxHP_equip/NE-dxHP-PkgHP-18to33-Ex-SEER15.2/instance-out.sql,149916.94,3139.5499999999997,11063.2,51285.47,0.0,22443.33,0.0,54218.06,3.36,0.0,0.0,0.0,7763.95,0.0,0.0,2903.58,11063.20,235.97,0.00,22191.36,251.97
CZ03/Mtl&0&cDXHP&Ex&dxHP_equip/NE-dxHP-PkgHP-18to33-Ex-SEER16.2/instance-out.sql,149683.41999999998,3139.5499999999997,10829.68,51285.47,0.0,22443.33,0.0,54218.06,3.36,0.0,0.0,0.0,7763.95,0.0,0.0,2903.58,10829.68,235.97,0.00,22191.36,251.97
CZ03/Mtl&0&cDXHP&Ex&dxHP_equip/NE-dxHP-PkgHP-18to33-Ex-SEER17.1/instance-out.sql,149496.72999999998,3139.5499999999997,10642.99,51285.47,0.0,22443.33,0.0,54218.06,3.36,0.0,0.0,0.0,7763.95,0.0,0.0,2903.58,10642.99,235.97,0.00,22191.36,251.97
CZ03/Mtl&0&cDXHP&Ex&dxHP_equip/NE-dxHP-PkgHP-18to33-Ex-SEER18.1/instance-out.sql,149319.24,3139.5499999999997,10465.5,51285.47,0.0,22443.33,0.0,54218.06,3.36,0.0,0.0,0.0,7763.95,0.0,0.0,2903.58,10465.50,235.97,0.00,22191.36,251.97
CZ03/Mtl&0&cDXHP&Ex&dxHP_equip/NE-dxHP-PkgHP-33to65-Ex-SEER13.4/instance-out.sql,150495.16,3139.5499999999997,11641.41,51285.47,0.0,22443.33,0.0,54218.06,3.36,0.0,0.0,0.0,7763.95,0.0,0.0,2903.58,11641.41,235.97,0.00,22191.36,251.97
CZ03/Mtl&0&cDXHP&Ex&dxHP_equip/NE-dxHP-PkgHP-33to65-Ex-SEER15.2/instance-out.sql,149916.94,3139.5499999999997,11063.2,51285.47,0.0,22443.33,0.0,54218.06,3.36,0.0,0.0,0.0,7763.95,0.0,0.0,2903.58,11063.20,235.97,0.00,22191.36,251.97
CZ03/Mtl&0&cDXHP&Ex&dxHP_equip/NE-dxHP-PkgHP-33to65-Ex-SEER16.2/instance-out.sql,149683.41999999998,3139.5499999999997,10829.68,51285.47,0.0,22443.33,0.0,54218.06,3.36,0.0,0.0,0.0,7763.95,0.0,0.0,2903.58,10829.68,235.97,0.00,22191.36,251.97
CZ03/Mtl&0&cDXHP&Ex&dxHP_equip/NE-dxHP-PkgHP-33to65-Ex-SEER17.1/instance-out.sql,149496.72999999998,3139.5499999999997,10642.99,51285.47,0.0,22443.33,0.0,54218.06,3.36,0.0,0.0,0.0,7763.95,0.0,0.0,2903.58,10642.99,235.97,0.00,22191.36,251.97
CZ03/Mtl&0&cDXHP&Ex&dxHP_equip/NE-dxHP-PkgHP-33to65-Ex-SEER18.1/instance-out.sql,149319.24,3139.5499999999997,10465.5,51285.47,0.0,22443.33,0.0,54218.06,3.36,0.0,0.0,0.0,7763.95,0.0,0.0,2903.58,10465.50,235.97,0.00,22191.36,251.97
CZ03/Mtl&0&cDXHP&Ex&dxHP_equip/NE-dxHP-SplitHP-18to33-Ex-SEER14.3/instance-out.sql,150045.21,2999.22,11331.79,51285.47,0.0,22443.33,0.0,54218.06,3.36,0.0,0.0,0.0,7763.95,0.0,0.0,2763.25,11331.79,235.97,0.00,22191.36,251.97
CZ03/Mtl&0&cDXHP&Ex&dxHP_equip/NE-dxHP-SplitHP-18to33-Ex-SEER15.2/instance-out.sql,149776.62,2999.22,11063.2,51285.47,0.0,22443.33,0.0,54218.06,3.36,0.0,0.0,0.0,7763.95,0.0,0.0,2763.25,11063.20,235.97,0.00,22191.36,251.97
CZ03/Mtl&0&cDXHP&Ex&dxHP_equip/NE-dxHP-SplitHP-18to33-Ex-SEER16.2/instance-out.sql,149543.09,2999.22,10829.68,51285.47,0.0,22443.33,0.0,54218.06,3.36,0.0,0.0,0.0,7763.95,0.0,0.0,2763.25,10829.68,235.97,0.00,22191.36,251.97
CZ03/Mtl&0&cDXHP&Ex&dxHP_equip/NE-dxHP-SplitHP-18to33-Ex-SEER17.1/instance-out.sql,149356.4,2999.22,10642.99,51285.47,0.0,22443.33,0.0,54218.06,3.36,0.0,0.0,0.0,7763.95,0.0,0.0,2763.25,10642.99,235.97,0.00,22191.36,251.97
CZ03/Mtl&0&cDXHP&Ex&dxHP_equip/NE-dxHP-SplitHP-18to33-Ex-SEER18.1/instance-out.sql,149178.91,2999.22,10465.5,51285.47,0.0,22443.33,0.0,54218.06,3.36,0.0,0.0,0.0,7763.95,0.0,0.0,2763.25,10465.50,235.97,0.00,22191.36,251.97
CZ03/Mtl&0&cDXHP&Ex&dxHP_equip/NE-dxHP-SplitHP-33to55-Ex-SEER14.3/instance-out.sql,150045.21,2999.22,11331.79,51285.47,0.0,22443.33,0.0,54218.06,3.36,0.0,0.0,0.0,7763.95,0.0,0.0,2763.25,11331.79,235.97,0.00,22191.36,251.97
CZ03/Mtl&0&cDXHP&Ex&dxHP_equip/NE-dxHP-SplitHP-33to55-Ex-SEER15.2/instance-out.sql,149776.62,2999.22,11063.2,51285.47,0.0,22443.33,0.0,54218.06,3.36,0.0,0.0,0.0,7763.95,0.0,0.0,2763.25,11063.20,235.97,0.00,22191.36,251.97
CZ03/Mtl&0&cDXHP&Ex&dxHP_equip/NE-dxHP-SplitHP-33to55-Ex-SEER16.2/instance-out.sql,149543.09,2999.22,10829.68,51285.47,0.0,22443.33,0.0,54218.06,3.36,0.0,0.0,0.0,7763.95,0.0,0.0,2763.25,10829.68,235.97,0.00,22191.36,251.97
CZ03/Mtl&0&cDXHP&Ex&dxHP_equip/NE-dxHP-SplitHP-33to55-Ex-SEER17.1/instance-out.sql,149356.4,2999.22,10642.99,51285.47,0.0,22443.33,0.0,54218.06,3.36,0.0,0.0,0.0,7763.95,0.0,0.0,2763.25,10642.99,235.97,0.00,22191.36,251.97
CZ03/Mtl&0&cDXHP&Ex&dxHP_equip/NE-dxHP-SplitHP-33to55-Ex-SEER18.1/instance-out.sql,149178.91,2999.22,10465.5,51285.47,0.0,22443.33,0.0,54218.06,3.36,0.0,0.0,0.0,7763.95,0.0,0.0,2763.25,10465.50,235.97,0.00,22191.36,251.97
CZ03/Nrs&0&cDXHP&Ex&dxHP_equip/NE-dxHP-PkgHP-18to33-Ex-SEER13.4/instance-out.sql,904794.71,30215.4,57615.71,200868.06,0.0,347425.87,0.0,149275.29,29.14,0.0,0.0,0.0,119365.23,0.0,0.0,3282.90,57615.71,26932.50,0.00,281574.59,65851.28
CZ03/Nrs&0&cDXHP&Ex&dxHP_equip/NE-dxHP-PkgHP-18to33-Ex-SEER15.2/instance-out.sql,903832.02,30215.4,56653.03,200868.06,0.0,347425.87,0.0,149275.29,29.14,0.0,0.0,0.0,119365.23,0.0,0.0,3282.90,56653.03,26932.50,0.00,281574.59,65851.28
CZ03/Nrs&0&cDXHP&Ex&dxHP_equip/NE-dxHP-PkgHP-18to33-Ex-SEER16.2/instance-out.sql,903443.22,30215.4,56264.23,200868.06,0.0,347425.87,0.0,149275.29,29.14,0.0,0.0,0.0,119365.23,0.0,0.0,3282.90,56264.23,26932.50,0.00,281574.59,65851.28
CZ03/Nrs&0&cDXHP&Ex&dxHP_equip/NE-dxHP-PkgHP-18to33-Ex-SEER17.1/instance-out.sql,903132.39,30215.4,55953.4,200868.06,0.0,347425.87,0.0,149275.29,29.14,0.0,0.0,0.0,119365.23,0.0,0.0,3282.90,55953.40,26932.50,0.00,281574.59,65851.28
CZ03/Nrs&0&cDXHP&Ex&dxHP_equip/NE-dxHP-PkgHP-18to33-Ex-SEER18.1/instance-out.sql,902836.89,30215.4,55657.89,200868.06,0.0,347425.87,0.0,149275.29,29.14,0.0,0.0,0.0,119365.23,0.0,0.0,3282.90,55657.89,26932.50,0.00,281574.59,65851.28
CZ03/Nrs&0&cDXHP&Ex&dxHP_equip/NE-dxHP-PkgHP-33to65-Ex-SEER13.4/instance-out.sql,904794.71,30215.4,57615.71,200868.06,0.0,347425.87,0.0,149275.29,29.14,0.0,0.0,0.0,119365.23,0.0,0.0,3282.90,57615.71,26932.50,0.00,281574.59,65851.28
CZ03/Nrs&0&cDXHP&Ex&dxHP_equip/NE-dxHP-PkgHP-33to65-Ex-SEER15.2/instance-out.sql,903832.02,30215.4,56653.03,200868.06,0.0,347425.87,0.0,149275.29,29.14,0.0,0.0,0.0,119365.23,0.0,0.0,3282.90,56653.03,26932.50,0.00,281574.59,65851.28
CZ03/Nrs&0&cDXHP&Ex&dxHP_equip/NE-dxHP-PkgHP-33to65-Ex-SEER16.2/instance-out.sql,903443.22,30215.4,56264.23,200868.06,0.0,347425.87,0.0,149275.29,29.14,0.0,0.0,0.0,119365.23,0.0,0.0,3282.90,56264.23,26932.50,0.00,281574.59,65851.28
CZ03/Nrs&0&cDXHP&Ex&dxHP_equip/NE-dxHP-PkgHP-33to65-Ex-SEER17.1/instance-out.sql,903132.39,30215.4,55953.4,200868.06,0.0,347425.87,0.0,149275.29,29.14,0.0,0.0,0.0,119365.23,0.0,0.0,3282.90,55953.40,26932.50,0.00,281574.59,65851.28
CZ03/Nrs&0&cDXHP&Ex&dxHP_equip/NE-dxHP-PkgHP-33to65-Ex-SEER18.1/instance-out.sql,902836.89,30215.4,55657.89,200868.06,0.0,347425.87,0.0,149275.29,29.14,0.0,0.0,0.0,119365.23,0.0,0.0,3282.90,55657.89,26932.50,0.00,281574.59,65851.28
CZ03/Nrs&0&cDXHP&Ex&dxHP_equip/NE-dxHP-SplitHP-18to33-Ex-SEER14.3/instance-out.sql,904119.92,30056.11,57100.21,200868.06,0.0,347425.87,0.0,149275.29,29.14,0.0,0.0,0.0,119365.23,0.0,0.0,3123.61,57100.21,26932.50,0.00,281574.59,65851.28
CZ03/Nrs&0&cDXHP&Ex&dxHP_equip/NE-dxHP-SplitHP-18to33-Ex-SEER15.2/instance-out.sql,903672.74,30056.11,56653.03,200868.06,0.0,347425.87,0.0,149275.29,29.14,0.0,0.0,0.0,119365.23,0.0,0.0,3123.61,56653.03,26932.50,0.00,281574.59,65851.28
CZ03/Nrs&0&cDXHP&Ex&dxHP_equip/NE-dxHP-SplitHP-18to33-Ex-SEER16.2/instance-out.sql,903283.9400000001,30056.11,56264.23,200868.06,0.0,347425.87,0.0,149275.29,29.14,0.0,0.0,0.0,119365.23,0.0,0.0,3123.61,56264.23,26932.50,0.00,281574.59,65851.28
CZ03/Nrs&0&cDXHP&Ex&dxHP_equip/NE-dxHP-SplitHP-18to33-Ex-SEER17.1/instance-out.sql,902973.1,30056.11,55953.4,200868.06,0.0,347425.87,0.0,149275.29,29.14,0.0,0.0,0.0,119365.23,0.0,0.0,3123.61,55953.40,26932.50,0.00,281574.59,65851.28
CZ03/Nrs&0&cDXHP&Ex&dxHP_equip/NE-dxHP-SplitHP-18to33-Ex-SEER18.1/instance-out.sql,902677.6,30056.11,55657.89,200868.06,0.0,347425.87,0.0,149275.29,29.14,0.0,0.0,0.0,119365.23,0.0,0.0,3123.61,55657.89,26932.50,0.00,281574.59,65851.28
CZ03/Nrs&0&cDXHP&Ex&dxHP_equip/NE-dxHP-SplitHP-33to55-Ex-SEER14.3/instance-out.sql,904119.92,30056.11,57100.21,200868.06,0.0,347425.87,0.0,149275.29,29.14,0.0,0.0,0.0,119365.23,0.0,0.0,3123.61,57100.21,26932.50,0.00,281574.59,65851.28
CZ03/Nrs&0&cDXHP&Ex&dxHP_equip/NE-dxHP-SplitHP-33to55-Ex-SEER15.2/instance-out.sql,903672.74,30056.11,56653.03,200868.06,0.0,347425.87,0.0,149275.29,29.14,0.0,0.0,0.0,119365.23,0.0,0.0,3123.61,56653.03,26932.50,0.00,281574.59,65851.28
CZ03/Nrs&0&cDXHP&Ex&dxHP_equip/NE-dxHP-SplitHP-33to55-Ex-SEER16.2/instance-out.sql,903283.9400000001,30056.11,56264.23,200868.06,0.0,347425.87,0.0,149275.29,29.14,0.0,0.0,0.0,119365.23,0.0,0.0,3123.61,56264.23,26932.50,0.00,281574.59,65851.28
CZ03/Nrs&0&cDXHP&Ex&dxHP_equip/NE-dxHP-SplitHP-33to55-Ex-SEER17.1/instance-out.sql,902973.1,30056.11,55953.4,200868.06,0.0,347425.87,0.0,149275.29,29.14,0.0,0.0,0.0,119365.23,0.0,0.0,3123.61,55953.40,26932.50,0.00,281574.59,65851.28
CZ03/Nrs&0&cDXHP&Ex&dxHP_equip/NE-dxHP-SplitHP-33to55-Ex-SEER18.1/instance-out.sql,902677.6,30056.11,55657.89,200868.06,0.0,347425.87,0.0,149275.29,29.14,0.0,0.0,0.0,119365.23,0.0,0.0,3123.61,55657.89,26932.50,0.00,281574.59,65851.28
CZ03/OfL&0&cDXHP&Ex&dxHP_equip/NE-dxHP-PkgHP-18to33-Ex-SEER13.4/instance-out.sql,2464691.71,26988.739999999998,162508.84,462712.61,0.0,829334.66,0.0,859135.43,2739.44,0.0,0.0,0.0,121271.98,0.0,0.0,7095.44,162508.84,19893.30,0.00,829334.66,0.00
CZ03/OfL&0&cDXHP&Ex&dxHP_equip/NE-dxHP-PkgHP-18to33-Ex-SEER15.2/instance-out.sql,2457633.94,26988.739999999998,155451.07,462712.61,0.0,829334.66,0.0,859135.43,2739.44,0.0,0.0,0.0,121271.98,0.0,0.0,7095.44,155451.07,19893.30,0.00,829334.66,0.00
CZ03/OfL&0&cDXHP&Ex&dxHP_equip/NE-dxHP-PkgHP-18to33-Ex-SEER16.2/instance-out.sql,2454783.51,26988.739999999998,152600.64,462712.61,0.0,829334.66,0.0,859135.43,2739.44,0.0,0.0,0.0,121271.98,0.0,0.0,7095.44,152600.64,19893.30,0.00,829334.66,0.00
CZ03/OfL&0&cDXHP&Ex&dxHP_equip/NE-dxHP-PkgHP-18to33-Ex-SEER17.1/instance-out.sql,2452504.6799999997,26988.739999999998,150321.81,462712.61,0.0,829334.66,0.0,859135.43,2739.44,0.0,0.0,0.0,121271.98,0.0,0.0,7095.44,150321.81,19893.30,0.00,829334.66,0.00
CZ03/OfL&0&cDXHP&Ex&dxHP_equip/NE-dxHP-PkgHP-18to33-Ex-SEER18.1/instance-out.sql,2450338.25,26988.739999999998,148155.38,462712.61,0.0,829334.66,0.0,859135.43,2739.44,0.0,0.0,0.0,121271.98,0.0,0.0,7095.44,148155.38,19893.30,0.00,829334.66,0.00
CZ03/OfL&0&cDXHP&Ex&dxHP_equip/NE-dxHP-PkgHP-33to65-Ex-SEER13.4/instance-out.sql,2464691.71,26988.739999999998,162508.84,462712.61,0.0,829334.66,0.0,859135.43,2739.44,0.0,0.0,0.0,121271.98,0.0,0.0,7095.44,162508.84,19893.30,0.00,829334.66,0.00
CZ03/OfL&0&cDXHP&Ex&dxHP_equip/NE-dxHP-PkgHP-33to65-Ex-SEER15.2/instance-out.sql,2457633.94,26988.739999999998,155451.07,462712.61,0.0,829334.66,0.0,859135.43,2739.44,0.0,0.0,0.0,121271.98,0.0,0.0,7095.44,155451.07,19893.30,0.00,829334.66,0.00
CZ03/OfL&0&cDXHP&Ex&dxHP_equip/NE-dxHP-PkgHP-33to65-Ex-SEER16.2/instance-out.sql,2454783.51,26988.739999999998,152600.64,462712.61,0.0,829334.66,0.0,859135.43,2739.44,0.0,0.0,0.0,121271.98,0.0,0.0,7095.44,152600.64,19893.30,0.00,829334.66,0.00
CZ03/OfL&0&cDXHP&Ex&dxHP_equip/NE-dxHP-PkgHP-33to65-Ex-SEER17.1/instance-out.sql,2452504.6799999997,26988.739999999998,150321.81,462712.61,0.0,829334.66,0.0,859135.43,2739.44,0.0,0.0,0.0,121271.98,0.0,0.0,7095.44,150321.81,19893.30,0.00,829334.66,0.00
CZ03/OfL&0&cDXHP&Ex&dxHP_equip/NE-dxHP-PkgHP-33to65-Ex-SEER18.1/instance-out.sql,2450338.25,26988.739999999998,148155.38,462712.61,0.0,829334.66,0.0,859135.43,2739.44,0.0,0.0,0.0,121271.98,0.0,0.0,7095.44,148155.38,19893.30,0.00,829334.66,0.00
CZ03/OfL&0&cDXHP&Ex&dxHP_equip/NE-dxHP-SplitHP-18to33-Ex-SEER14.3/instance-out.sql,2460569.32,26645.66,158729.53,462712.61,0.0,829334.66,0.0,859135.43,2739.44,0.0,0.0,0.0,121271.98,0.0,0.0,6752.36,158729.53,19893.30,0.00,829334.66,0.00
CZ03/OfL&0&cDXHP&Ex&dxHP_equip/NE-dxHP-SplitHP-18to33-Ex-SEER15.2/instance-out.sql,2457290.86,26645.66,155451.07,462712.61,0.0,829334.66,0.0,859135.43,2739.44,0.0,0.0,0.0,121271.98,0.0,0.0,6752.36,155451.07,19893.30,0.00,829334.66,0.00
CZ03/OfL&0&cDXHP&Ex&dxHP_equip/NE-dxHP-SplitHP-18to33-Ex-SEER16.2/instance-out.sql,2454440.4299999997,26645.66,152600.64,462712.61,0.0,829334.66,0.0,859135.43,2739.44,0.0,0.0,0.0,121271.98,0.0,0.0,6752.36,152600.64,19893.30,0.00,829334.66,0.00
CZ03/OfL&0&cDXHP&Ex&dxHP_equip/NE-dxHP-SplitHP-18to33-Ex-SEER17.1/instance-out.sql,2452161.5999999996,26645.66,150321.81,462712.61,0.0,829334.66,0.0,859135.43,2739.44,0.0,0.0,0.0,121271.98,0.0,0.0,6752.36,150321.81,19893.30,0.00,829334.66,0.00
CZ03/OfL&0&cDXHP&Ex&dxHP_equip/NE-dxHP-SplitHP-18to33-Ex-SEER18.1/instance-out.sql,2449995.17,26645.66,148155.38,462712.61,0.0,829334.66,0.0,859135.43,2739.44,0.0,0.0,0.0,121271.98,0.0,0.0,6752.36,148155.38,19893.30,0.00,829334.66,0.00
CZ03/OfL&0&cDXHP&Ex&dxHP_equip/NE-dxHP-SplitHP-33to55-Ex-SEER14.3/instance-out.sql,2460569.32,26645.66,158729.53,462712.61,0.0,829334.66,0.0,859135.43,2739.44,0.0,0.0,0.0,121271.98,0.0,0.0,6752.36,158729.53,19893.30,0.00,829334.66,0.00
CZ03/OfL&0&cDXHP&Ex&dxHP_equip/NE-dxHP-SplitHP-33to55-Ex-SEER15.2/instance-out.sql,2457290.86,26645.66,155451.07,462712.61,0.0,829334.66,0.0,859135.43,2739.44,0.0,0.0,0.0,121271.98,0.0,0.0,6752.36,155451.07,19893.30,0.00,829334.66,0.00
CZ03/OfL&0&cDXHP&Ex&dxHP_equip/NE-dxHP-SplitHP-33to55-Ex-SEER16.2/instance-out.sql,2454440.4299999997,26645.66,152600.64,462712.61,0.0,829334.66,0.0,859135.43,2739.44,0.0,0.0,0.0,121271.98,0.0,0.0,6752.36,152600.64,19893.30,0.00,829334.66,0.00
CZ03/OfL&0&cDXHP&Ex&dxHP_equip/NE-dxHP-SplitHP-33to55-Ex-SEER17.1/instance-out.sql,2452161.5999999996,26645.66,150321.81,462712.61,0.0,829334.66,0.0,859135.43,2739.44,0.0,0.0,0.0,121271.98,0.0,0.0,6752.36,150321.81,19893.30,0.00,829334.66,0.00
CZ03/OfL&0&cDXHP&Ex&dxHP_equip/NE-dxHP-SplitHP-33to55-Ex-SEER18.1/instance-out.sql,2449995.17,26645.66,148155.38,462712.61,0.0,829334.66,0.0,859135.43,2739.44,0.0,0.0,0.0,121271.98,0.0,0.0,6752.36,148155.38,19893.30,0.00,829334.66,0.00
CZ03/OfS&0&cDXHP&Ex&dxHP_equip/NE-dxHP-PkgHP-18to33-Ex-SEER13.4/instance-out.sql,140576.91,1048.42,6954.21,23737.13,0.0,29387.4,0.0,57090.35,1.13,0.0,0.0,0.0,22358.26,0.0,0.0,1048.42,6954.21,0.00,0.00,29387.40,0.00
CZ03/OfS&0&cDXHP&Ex&dxHP_equip/NE-dxHP-PkgHP-18to33-Ex-SEER15.2/instance-out.sql,140086.22,1048.42,6463.52,23737.13,0.0,29387.4,0.0,57090.35,1.13,0.0,0.0,0.0,22358.26,0.0,0.0,1048.42,6463.52,0.00,0.00,29387.40,0.00
CZ03/OfS&0&cDXHP&Ex&dxHP_equip/NE-dxHP-PkgHP-18to33-Ex-SEER16.2/instance-out.sql,139888.05,1048.42,6265.35,23737.13,0.0,29387.4,0.0,57090.35,1.13,0.0,0.0,0.0,22358.26,0.0,0.0,1048.42,6265.35,0.00,0.00,29387.40,0.00
CZ03/OfS&0&cDXHP&Ex&dxHP_equip/NE-dxHP-PkgHP-18to33-Ex-SEER17.1/instance-out.sql,139729.62,1048.42,6106.92,23737.13,0.0,29387.4,0.0,57090.35,1.13,0.0,0.0,0.0,22358.26,0.0,0.0,1048.42,6106.92,0.00,0.00,29387.40,0.00
CZ03/OfS&0&cDXHP&Ex&dxHP_equip/NE-dxHP-PkgHP-18to33-Ex-SEER18.1/instance-out.sql,139579.0,1048.42,5956.3,23737.13,0.0,29387.4,0.0,57090.35,1.13,0.0,0.0,0.0,22358.26,0.0,0.0,1048.42,5956.30,0.00,0.00,29387.40,0.00
CZ03/OfS&0&cDXHP&Ex&dxHP_equip/NE-dxHP-PkgHP-33to65-Ex-SEER13.4/instance-out.sql,140576.91,1048.42,6954.21,23737.13,0.0,29387.4,0.0,57090.35,1.13,0.0,0.0,0.0,22358.26,0.0,0.0,1048.42,6954.21,0.00,0.00,29387.40,0.00
CZ03/OfS&0&cDXHP&Ex&dxHP_equip/NE-dxHP-PkgHP-33to65-Ex-SEER15.2/instance-out.sql,140086.22,1048.42,6463.52,23737.13,0.0,29387.4,0.0,57090.35,1.13,0.0,0.0,0.0,22358.26,0.0,0.0,1048.42,6463.52,0.00,0.00,29387.40,0.00
CZ03/OfS&0&cDXHP&Ex&dxHP_equip/NE-dxHP-PkgHP-33to65-Ex-SEER16.2/instance-out.sql,139888.05,1048.42,6265.35,23737.13,0.0,29387.4,0.0,57090.35,1.13,0.0,0.0,0.0,22358.26,0.0,0.0,1048.42,6265.35,0.00,0.00,29387.40,0.00
CZ03/OfS&0&cDXHP&Ex&dxHP_equip/NE-dxHP-PkgHP-33to65-Ex-SEER17.1/instance-out.sql,139729.62,1048.42,6106.92,23737.13,0.0,29387.4,0.0,57090.35,1.13,0.0,0.0,0.0,22358.26,0.0,0.0,1048.42,6106.92,0.00,0.00,29387.40,0.00
CZ03/OfS&0&cDXHP&Ex&dxHP_equip/NE-dxHP-PkgHP-33to65-Ex-SEER18.1/instance-out.sql,139579.0,1048.42,5956.3,23737.13,0.0,29387.4,0.0,57090.35,1.13,0.0,0.0,0.0,22358.26,0.0,0.0,1048.42,5956.30,0.00,0.00,29387.40,0.00
CZ03/OfS&0&cDXHP&Ex&dxHP_equip/NE-dxHP-SplitHP-18to33-Ex-SEER14.3/instance-out.sql,140265.24,999.5,6691.46,23737.13,0.0,29387.4,0.0,57090.35,1.13,0.0,0.0,0.0,22358.26,0.0,0.0,999.50,6691.46,0.00,0.00,29387.40,0.00
CZ03/OfS&0&cDXHP&Ex&dxHP_equip/NE-dxHP-SplitHP-18to33-Ex-SEER15.2/instance-out.sql,140037.3,999.5,6463.52,23737.13,0.0,29387.4,0.0,57090.35,1.13,0.0,0.0,0.0,22358.26,0.0,0.0,999.50,6463.52,0.00,0.00,29387.40,0.00
CZ03/OfS&0&cDXHP&Ex&dxHP_equip/NE-dxHP-SplitHP-18to33-Ex-SEER16.2/instance-out.sql,139839.13,999.5,6265.35,23737.13,0.0,29387.4,0.0,57090.35,1.13,0.0,0.0,0.0,22358.26,0.0,0.0,999.50,6265.35,0.00,0.00,29387.40,0.00
CZ03/OfS&0&cDXHP&Ex&dxHP_equip/NE-dxHP-SplitHP-18to33-Ex-SEER17.1/instance-out.sql,139680.7,999.5,6106.92,23737.13,0.0,29387.4,0.0,57090.35,1.13,0.0,0.0,0.0,22358.26,0.0,0.0,999.50,6106.92,0.00,0.00,29387.40,0.00
CZ03/OfS&0&cDXHP&Ex&dxHP_equip/NE-dxHP-SplitHP-18to33-Ex-SEER18.1/instance-out.sql,139530.08000000002,999.5,5956.3,23737.13,0.0,29387.4,0.0,57090.35,1.13,0.0,0.0,0.0,22358.26,0.0,0.0,999.50,5956.30,0.00,0.00,29387.40,0.00
CZ03/OfS&0&cDXHP&Ex&dxHP_equip/NE-dxHP-SplitHP-33to55-Ex-SEER14.3/instance-out.sql,140265.24,999.5,6691.46,23737.13,0.0,29387.4,0.0,57090.35,1.13,0.0,0.0,0.0,22358.26,0.0,0.0,999.50,6691.46,0.00,0.00,29387.40,0.00
CZ03/OfS&0&cDXHP&Ex&dxHP_equip/NE-dxHP-SplitHP-33to55-Ex-SEER15.2/instance-out.sql,140037.3,999.5,6463.52,23737.13,0.0,29387.4,0.0,57090.35,1.13,0.0,0.0,0.0,22358.26,0.0,0.0,999.50,6463.52,0.00,0.00,29387.40,0.00
CZ03/OfS&0&cDXHP&Ex&dxHP_equip/NE-dxHP-SplitHP-33to55-Ex-SEER16.2/instance-out.sql,139839.13,999.5,6265.35,23737.13,0.0,29387.4,0.0,57090.35,1.13,0.0,0.0,0.0,22358.26,0.0,0.0,999.50,6265.35,0.00,0.00,29387.40,0.00
CZ03/OfS&0&cDXHP&Ex&dxHP_equip/NE-dxHP-SplitHP-33to55-Ex-SEER17.1/instance-out.sql,139680.7,999.5,6106.92,23737.13,0.0,29387.4,0.0,57090.35,1.13,0.0,0.0,0.0,22358.26,0.0,0.0,999.50,6106.92,0.00,0.00,29387.40,0.00
CZ03/OfS&0&cDXHP&Ex&dxHP_equip/NE-dxHP-SplitHP-33to55-Ex-SEER18.1/instance-out.sql,139530.08000000002,999.5,5956.3,23737.13,0.0,29387.4,0.0,57090.35,1.13,0.0,0.0,0.0,22358.26,0.0,0.0,999.50,5956.30,0.00,0.00,29387.40,0.00
CZ03/RFF&0&cDXHP&Ex&dxHP_equip/NE-dxHP-PkgHP-18to33-Ex-SEER13.4/instance-out.sql,105033.13,636.9100000000001,6556.98,13247.63,0.0,37903.17,0.0,20736.08,3.37,0.0,0.0,0.0,25948.98,0.0,0.0,631.94,6556.98,4.97,0.00,18423.46,19479.71
CZ03/RFF&0&cDXHP&Ex&dxHP_equip/NE-dxHP-PkgHP-18to33-Ex-SEER15.2/instance-out.sql,104898.94,636.9100000000001,6422.79,13247.63,0.0,37903.17,0.0,20736.08,3.37,0.0,0.0,0.0,25948.98,0.0,0.0,631.94,6422.79,4.97,0.00,18423.46,19479.71
CZ03/RFF&0&cDXHP&Ex&dxHP_equip/NE-dxHP-PkgHP-18to33-Ex-SEER16.2/instance-out.sql,104844.74,636.9100000000001,6368.59,13247.63,0.0,37903.17,0.0,20736.08,3.37,0.0,0.0,0.0,25948.98,0.0,0.0,631.94,6368.59,4.97,0.00,18423.46,19479.71
CZ03/RFF&0&cDXHP&Ex&dxHP_equip/NE-dxHP-PkgHP-18to33-Ex-SEER17.1/instance-out.sql,104801.41,636.9100000000001,6325.26,13247.63,0.0,37903.17,0.0,20736.08,3.37,0.0,0.0,0.0,25948.98,0.0,0.0,631.94,6325.26,4.97,0.00,18423.46,19479.71
CZ03/RFF&0&cDXHP&Ex&dxHP_equip/NE-dxHP-PkgHP-18to33-Ex-SEER18.1/instance-out.sql,104760.22,636.9100000000001,6284.07,13247.63,0.0,37903.17,0.0,20736.08,3.37,0.0,0.0,0.0,25948.98,0.0,0.0,631.94,6284.07,4.97,0.00,18423.46,19479.71
CZ03/RFF&0&cDXHP&Ex&dxHP_equip/NE-dxHP-PkgHP-33to65-Ex-SEER13.4/instance-out.sql,105033.13,636.9100000000001,6556.98,13247.63,0.0,37903.17,0.0,20736.08,3.37,0.0,0.0,0.0,25948.98,0.0,0.0,631.94,6556.98,4.97,0.00,18423.46,19479.71
CZ03/RFF&0&cDXHP&Ex&dxHP_equip/NE-dxHP-PkgHP-33to65-Ex-SEER15.2/instance-out.sql,104898.94,636.9100000000001,6422.79,13247.63,0.0,37903.17,0.0,20736.08,3.37,0.0,0.0,0.0,25948.98,0.0,0.0,631.94,6422.79,4.97,0.00,18423.46,19479.71
CZ03/RFF&0&cDXHP&Ex&dxHP_equip/NE-dxHP-PkgHP-33to65-Ex-SEER16.2/instance-out.sql,104844.74,636.9100000000001,6368.59,13247.63,0.0,37903.17,0.0,20736.08,3.37,0.0,0.0,0.0,25948.98,0.0,0.0,631.94,6368.59,4.97,0.00,18423.46,19479.71
CZ03/RFF&0&cDXHP&Ex&dxHP_equip/NE-dxHP-PkgHP-33to65-Ex-SEER17.1/instance-out.sql,104801.41,636.9100000000001,6325.26,13247.63,0.0,37903.17,0.0,20736.08,3.37,0.0,0.0,0.0,25948.98,0.0,0.0,631.94,6325.26,4.97,0.00,18423.46,19479.71
CZ03/RFF&0&cDXHP&Ex&dxHP_equip/NE-dxHP-PkgHP-33to65-Ex-SEER18.1/instance-out.sql,104760.22,636.9100000000001,6284.07,13247.63,0.0,37903.17,0.0,20736.08,3.37,0.0,0.0,0.0,25948.98,0.0,0.0,631.94,6284.07,4.97,0.00,18423.46,19479.71
CZ03/RFF&0&cDXHP&Ex&dxHP_equip/NE-dxHP-SplitHP-18to33-Ex-SEER14.3/instance-out.sql,104930.74,606.38,6485.12,13247.63,0.0,37903.17,0.0,20736.08,3.37,0.0,0.0,0.0,25948.98,0.0,0.0,601.41,6485.12,4.97,0.00,18423.46,19479.71
CZ03/RFF&0&cDXHP&Ex&dxHP_equip/NE-dxHP-SplitHP-18to33-Ex-SEER15.2/instance-out.sql,104868.4,606.38,6422.79,13247.63,0.0,37903.17,0.0,20736.08,3.37,0.0,0.0,0.0,25948.98,0.0,0.0,601.41,6422.79,4.97,0.00,18423.46,19479.71
CZ03/RFF&0&cDXHP&Ex&dxHP_equip/NE-dxHP-SplitHP-18to33-Ex-SEER16.2/instance-out.sql,104814.20000000001,606.38,6368.59,13247.63,0.0,37903.17,0.0,20736.08,3.37,0.0,0.0,0.0,25948.98,0.0,0.0,601.41,6368.59,4.97,0.00,18423.46,19479.71
CZ03/RFF&0&cDXHP&Ex&dxHP_equip/NE-dxHP-SplitHP-18to33-Ex-SEER17.1/instance-out.sql,104770.88,606.38,6325.26,13247.63,0.0,37903.17,0.0,20736.08,3.37,0.0,0.0,0.0,25948.98,0.0,0.0,601.41,6325.26,4.97,0.00,18423.46,19479.71
CZ03/RFF&0&cDXHP&Ex&dxHP_equip/NE-dxHP-SplitHP-18to33-Ex-SEER18.1/instance-out.sql,104729.68,606.38,6284.07,13247.63,0.0,37903.17,0.0,20736.08,3.37,0.0,0.0,0.0,25948.98,0.0,0.0,601.41,6284.07,4.97,0.00,18423.46,19479.71
CZ03/RFF&0&cDXHP&Ex&dxHP_equip/NE-dxHP-SplitHP-33to55-Ex-SEER14.3/instance-out.sql,104930.74,606.38,6485.12,13247.63,0.0,37903.17,0.0,20736.08,3.37,0.0,0.0,0.0,25948.98,0.0,0.0,601.41,6485.12,4.97,0.00,18423.46,19479.71
CZ03/RFF&0&cDXHP&Ex&dxHP_equip/NE-dxHP-SplitHP-33to55-Ex-SEER15.2/instance-out.sql,104868.4,606.38,6422.79,13247.63,0.0,37903.17,0.0,20736.08,3.37,0.0,0.0,0.0,25948.98,0.0,0.0,601.41,6422.79,4.97,0.00,18423.46,19479.71
CZ03/RFF&0&cDXHP&Ex&dxHP_equip/NE-dxHP-SplitHP-33to55-Ex-SEER16.2/instance-out.sql,104814.20000000001,606.38,6368.59,13247.63,0.0,37903.17,0.0,20736.08,3.37,0.0,0.0,0.0,25948.98,0.0,0.0,601.41,6368.59,4.97,0.00,18423.46,19479.71
CZ03/RFF&0&cDXHP&Ex&dxHP_equip/NE-dxHP-SplitHP-33to55-Ex-SEER17.1/instance-out.sql,104770.88,606.38,6325.26,13247.63,0.0,37903.17,0.0,20736.08,3.37,0.0,0.0,0.0,25948.98,0.0,0.0,601.41,6325.26,4.97,0.00,18423.46,19479.71
CZ03/RFF&0&cDXHP&Ex&dxHP_equip/NE-dxHP-SplitHP-33to55-Ex-SEER18.1/instance-out.sql,104729.68,606.38,6284.07,13247.63,0.0,37903.17,0.0,20736.08,3.37,0.0,0.0,0.0,25948.98,0.0,0.0,601.41,6284.07,4.97,0.00,18423.46,19479.71
CZ03/RSD&0&cDXHP&Ex&dxHP_equip/NE-dxHP-PkgHP-18to33-Ex-SEER13.4/instance-out.sql,233953.41999999998,14244.220000000001,15984.96,36047.32,0.0,76546.73,0.0,24629.9,10.53,0.0,0.0,0.0,66489.77,0.0,0.0,303.78,15984.96,13940.44,0.00,37475.60,39071.13
CZ03/RSD&0&cDXHP&Ex&dxHP_equip/NE-dxHP-PkgHP-18to33-Ex-SEER15.2/instance-out.sql,233891.19,14244.220000000001,15922.73,36047.32,0.0,76546.73,0.0,24629.9,10.53,0.0,0.0,0.0,66489.77,0.0,0.0,303.78,15922.73,13940.44,0.00,37475.60,39071.13
CZ03/RSD&0&cDXHP&Ex&dxHP_equip/NE-dxHP-PkgHP-18to33-Ex-SEER16.2/instance-out.sql,233866.06,14244.220000000001,15897.6,36047.32,0.0,76546.73,0.0,24629.9,10.53,0.0,0.0,0.0,66489.77,0.0,0.0,303.78,15897.60,13940.44,0.00,37475.60,39071.13
CZ03/RSD&0&cDXHP&Ex&dxHP_equip/NE-dxHP-PkgHP-18to33-Ex-SEER17.1/instance-out.sql,233845.97,14244.220000000001,15877.51,36047.32,0.0,76546.73,0.0,24629.9,10.53,0.0,0.0,0.0,66489.77,0.0,0.0,303.78,15877.51,13940.44,0.00,37475.60,39071.13
CZ03/RSD&0&cDXHP&Ex&dxHP_equip/NE-dxHP-PkgHP-18to33-Ex-SEER18.1/instance-out.sql,233826.87,14244.220000000001,15858.41,36047.32,0.0,76546.73,0.0,24629.9,10.53,0.0,0.0,0.0,66489.77,0.0,0.0,303.78,15858.41,13940.44,0.00,37475.60,39071.13
CZ03/RSD&0&cDXHP&Ex&dxHP_equip/NE-dxHP-PkgHP-33to65-Ex-SEER13.4/instance-out.sql,233953.41999999998,14244.220000000001,15984.96,36047.32,0.0,76546.73,0.0,24629.9,10.53,0.0,0.0,0.0,66489.77,0.0,0.0,303.78,15984.96,13940.44,0.00,37475.60,39071.13
CZ03/RSD&0&cDXHP&Ex&dxHP_equip/NE-dxHP-PkgHP-33to65-Ex-SEER15.2/instance-out.sql,233891.19,14244.220000000001,15922.73,36047.32,0.0,76546.73,0.0,24629.9,10.53,0.0,0.0,0.0,66489.77,0.0,0.0,303.78,15922.73,13940.44,0.00,37475.60,39071.13
CZ03/RSD&0&cDXHP&Ex&dxHP_equip/NE-dxHP-PkgHP-33to65-Ex-SEER16.2/instance-out.sql,233866.06,14244.220000000001,15897.6,36047.32,0.0,76546.73,0.0,24629.9,10.53,0.0,0.0,0.0,66489.77,0.0,0.0,303.78,15897.60,13940.44,0.00,37475.60,39071.13
CZ03/RSD&0&cDXHP&Ex&dxHP_equip/NE-dxHP-PkgHP-33to65-Ex-SEER17.1/instance-out.sql,233845.97,14244.220000000001,15877.51,36047.32,0.0,76546.73,0.0,24629.9,10.53,0.0,0.0,0.0,66489.77,0.0,0.0,303.78,15877.51,13940.44,0.00,37475.60,39071.13
CZ03/RSD&0&cDXHP&Ex&dxHP_equip/NE-dxHP-PkgHP-33to65-Ex-SEER18.1/instance-out.sql,233826.87,14244.220000000001,15858.41,36047.32,0.0,76546.73,0.0,24629.9,10.53,0.0,0.0,0.0,66489.77,0.0,0.0,303.78,15858.41,13940.44,0.00,37475.60,39071.13
CZ03/RSD&0&cDXHP&Ex&dxHP_equip/NE-dxHP-SplitHP-18to33-Ex-SEER14.3/instance-out.sql,233905.58000000002,14229.7,15951.64,36047.32,0.0,76546.73,0.0,24629.9,10.53,0.0,0.0,0.0,66489.77,0.0,0.0,289.26,15951.64,13940.44,0.00,37475.60,39071.13
CZ03/RSD&0&cDXHP&Ex&dxHP_equip/NE-dxHP-SplitHP-18to33-Ex-SEER15.2/instance-out.sql,233876.66999999998,14229.7,15922.73,36047.32,0.0,76546.73,0.0,24629.9,10.53,0.0,0.0,0.0,66489.77,0.0,0.0,289.26,15922.73,13940.44,0.00,37475.60,39071.13
CZ03/RSD&0&cDXHP&Ex&dxHP_equip/NE-dxHP-SplitHP-18to33-Ex-SEER16.2/instance-out.sql,233851.54,14229.7,15897.6,36047.32,0.0,76546.73,0.0,24629.9,10.53,0.0,0.0,0.0,66489.77,0.0,0.0,289.26,15897.60,13940.44,0.00,37475.60,39071.13
CZ03/RSD&0&cDXHP&Ex&dxHP_equip/NE-dxHP-SplitHP-18to33-Ex-SEER17.1/instance-out.sql,233831.45,14229.7,15877.51,36047.32,0.0,76546.73,0.0,24629.9,10.53,0.0,0.0,0.0,66489.77,0.0,0.0,289.26,15877.51,13940.44,0.00,37475.60,39071.13
CZ03/RSD&0&cDXHP&Ex&dxHP_equip/NE-dxHP-SplitHP-18to33-Ex-SEER18.1/instance-out.sql,233812.34,14229.7,15858.41,36047.32,0.0,76546.73,0.0,24629.9,10.53,0.0,0.0,0.0,66489.77,0.0,0.0,289.26,15858.41,13940.44,0.00,37475.60,39071.13
CZ03/RSD&0&cDXHP&Ex&dxHP_equip/NE-dxHP-SplitHP-33to55-Ex-SEER14.3/instance-out.sql,233905.58000000002,14229.7,15951.64,36047.32,0.0,76546.73,0.0,24629.9,10.53,0.0,0.0,0.0,66489.77,0.0,0.0,289.26,15951.64,13940.44,0.00,37475.60,39071.13
CZ03/RSD&0&cDXHP&Ex&dxHP_equip/NE-dxHP-SplitHP-33to55-Ex-SEER15.2/instance-out.sql,233876.66999999998,14229.7,15922.73,36047.32,0.0,76546.73,0.0,24629.9,10.53,0.0,0.0,0.0,66489.77,0.0,0.0,289.26,15922.73,13940.44,0.00,37475.60,39071.13
CZ03/RSD&0&cDXHP&Ex&dxHP_equip/NE-dxHP-SplitHP-33to55-Ex-SEER16.2/instance-out.sql,233851.54,14229.7,15897.6,36047.32,0.0,76546.73,0.0,24629.9,10.53,0.0,0.0,0.0,66489.77,0.0,0.0,289.26,15897.60,13940.44,0.00,37475.60,39071.13
CZ03/RSD&0&cDXHP&Ex&dxHP_equip/NE-dxHP-SplitHP-33to55-Ex-SEER17.1/instance-out.sql,233831.45,14229.7,15877.51,36047.32,0.0,76546.73,0.0,24629.9,10.53,0.0,0.0,0.0,66489.77,0.0,0.0,289.26,15877.51,13940.44,0.00,37475.60,39071.13
CZ03/RSD&0&cDXHP&Ex&dxHP_equip/NE-dxHP-SplitHP-33to55-Ex-SEER18.1/instance-out.sql,233812.34,14229.7,15858.41,36047.32,0.0,76546.73,0.0,24629.9,10.53,0.0,0.0,0.0,66489.77,0.0,0.0,289.26,15858.41,13940.44,0.00,37475.60,39071.13
CZ03/Rt3&0&cDXHP&Ex&dxHP_equip/NE-dxHP-PkgHP-18to33-Ex-SEER13.4/instance-out.sql,1980743.02,11096.77,70988.23,774348.97,0.0,436362.0,0.0,513260.45,3.38,0.0,0.0,0.0,174683.23,0.0,0.0,9599.93,70988.23,1496.84,0.00,436362.00,0.00
CZ03/Rt3&0&cDXHP&Ex&dxHP_equip/NE-dxHP-PkgHP-18to33-Ex-SEER15.2/instance-out.sql,1975849.98,11096.77,66095.19,774348.97,0.0,436362.0,0.0,513260.45,3.38,0.0,0.0,0.0,174683.23,0.0,0.0,9599.93,66095.19,1496.84,0.00,436362.00,0.00
CZ03/Rt3&0&cDXHP&Ex&dxHP_equip/NE-dxHP-PkgHP-18to33-Ex-SEER16.2/instance-out.sql,1973873.82,11096.77,64119.03,774348.97,0.0,436362.0,0.0,513260.45,3.38,0.0,0.0,0.0,174683.23,0.0,0.0,9599.93,64119.03,1496.84,0.00,436362.00,0.00
CZ03/Rt3&0&cDXHP&Ex&dxHP_equip/NE-dxHP-PkgHP-18to33-Ex-SEER17.1/instance-out.sql,1972293.95,11096.77,62539.15,774348.97,0.0,436362.0,0.0,513260.45,3.38,0.0,0.0,0.0,174683.23,0.0,0.0,9599.93,62539.15,1496.84,0.00,436362.00,0.00
CZ03/Rt3&0&cDXHP&Ex&dxHP_equip/NE-dxHP-PkgHP-18to33-Ex-SEER18.1/instance-out.sql,1970792.0,11096.77,61037.21,774348.97,0.0,436362.0,0.0,513260.45,3.38,0.0,0.0,0.0,174683.23,0.0,0.0,9599.93,61037.21,1496.84,0.00,436362.00,0.00
CZ03/Rt3&0&cDXHP&Ex&dxHP_equip/NE-dxHP-PkgHP-33to65-Ex-SEER13.4/instance-out.sql,1980743.02,11096.77,70988.23,774348.97,0.0,436362.0,0.0,513260.45,3.38,0.0,0.0,0.0,174683.23,0.0,0.0,9599.93,70988.23,1496.84,0.00,436362.00,0.00
CZ03/Rt3&0&cDXHP&Ex&dxHP_equip/NE-dxHP-PkgHP-33to65-Ex-SEER15.2/instance-out.sql,1975849.98,11096.77,66095.19,774348.97,0.0,436362.0,0.0,513260.45,3.38,0.0,0.0,0.0,174683.23,0.0,0.0,9599.93,66095.19,1496.84,0.00,436362.00,0.00
CZ03/Rt3&0&cDXHP&Ex&dxHP_equip/NE-dxHP-PkgHP-33to65-Ex-SEER16.2/instance-out.sql,1973873.82,11096.77,64119.03,774348.97,0.0,436362.0,0.0,513260.45,3.38,0.0,0.0,0.0,174683.23,0.0,0.0,9599.93,64119.03,1496.84,0.00,436362.00,0.00
CZ03/Rt3&0&cDXHP&Ex&dxHP_equip/NE-dxHP-PkgHP-33to65-Ex-SEER17.1/instance-out.sql,1972293.95,11096.77,62539.15,774348.97,0.0,436362.0,0.0,513260.45,3.38,0.0,0.0,0.0,174683.23,0.0,0.0,9599.93,62539.15,1496.84,0.00,436362.00,0.00
CZ03/Rt3&0&cDXHP&Ex&dxHP_equip/NE-dxHP-PkgHP-33to65-Ex-SEER18.1/instance-out.sql,1970792.0,11096.77,61037.21,774348.97,0.0,436362.0,0.0,513260.45,3.38,0.0,0.0,0.0,174683.23,0.0,0.0,9599.93,61037.21,1496.84,0.00,436362.00,0.00
CZ03/Rt3&0&cDXHP&Ex&dxHP_equip/NE-dxHP-SplitHP-18to33-Ex-SEER14.3/instance-out.sql,1977655.52,10629.4,68368.1,774348.97,0.0,436362.0,0.0,513260.45,3.38,0.0,0.0,0.0,174683.23,0.0,0.0,9132.56,68368.10,1496.84,0.00,436362.00,0.00
CZ03/Rt3&0&cDXHP&Ex&dxHP_equip/NE-dxHP-SplitHP-18to33-Ex-SEER15.2/instance-out.sql,1975382.62,10629.4,66095.19,774348.97,0.0,436362.0,0.0,513260.45,3.38,0.0,0.0,0.0,174683.23,0.0,0.0,9132.56,66095.19,1496.84,0.00,436362.00,0.00
CZ03/Rt3&0&cDXHP&Ex&dxHP_equip/NE-dxHP-SplitHP-18to33-Ex-SEER16.2/instance-out.sql,1973406.46,10629.4,64119.03,774348.97,0.0,436362.0,0.0,513260.45,3.38,0.0,0.0,0.0,174683.23,0.0,0.0,9132.56,64119.03,1496.84,0.00,436362.00,0.00
CZ03/Rt3&0&cDXHP&Ex&dxHP_equip/NE-dxHP-SplitHP-18to33-Ex-SEER17.1/instance-out.sql,1971826.58,10629.4,62539.15,774348.97,0.0,436362.0,0.0,513260.45,3.38,0.0,0.0,0.0,174683.23,0.0,0.0,9132.56,62539.15,1496.84,0.00,436362.00,0.00
CZ03/Rt3&0&cDXHP&Ex&dxHP_equip/NE-dxHP-SplitHP-18to33-Ex-SEER18.1/instance-out.sql,1970324.6400000001,10629.4,61037.21,774348.97,0.0,436362.0,0.0,513260.45,3.38,0.0,0.0,0.0,174683.23,0.0,0.0,9132.56,61037.21,1496.84,0.00,436362.00,0.00
CZ03/Rt3&0&cDXHP&Ex&dxHP_equip/NE-dxHP-SplitHP-33to55-Ex-SEER14.3/instance-out.sql,1977655.52,10629.4,68368.1,774348.97,0.0,436362.0,0.0,513260.45,3.38,0.0,0.0,0.0,174683.23,0.0,0.0,9132.56,68368.10,1496.84,0.00,436362.00,0.00
CZ03/Rt3&0&cDXHP&Ex&dxHP_equip/NE-dxHP-SplitHP-33to55-Ex-SEER15.2/instance-out.sql,1975382.62,10629.4,66095.19,774348.97,0.0,436362.0,0.0,513260.45,3.38,0.0,0.0,0.0,174683.23,0.0,0.0,9132.56,66095.19,1496.84,0.00,436362.00,0.00
CZ03/Rt3&0&cDXHP&Ex&dxHP_equip/NE-dxHP-SplitHP-33to55-Ex-SEER16.2/instance-out.sql,1973406.46,10629.4,64119.03,774348.97,0.0,436362.0,0.0,513260.45,3.38,0.0,0.0,0.0,174683.23,0.0,0.0,9132.56,64119.03,1496.84,0.00,436362.00,0.00
CZ03/Rt3&0&cDXHP&Ex&dxHP_equip/NE-dxHP-SplitHP-33to55-Ex-SEER17.1/instance-out.sql,1971826.58,10629.4,62539.15,774348.97,0.0,436362.0,0.0,513260.45,3.38,0.0,0.0,0.0,174683.23,0.0,0.0,9132.56,62539.15,1496.84,0.00,436362.00,0.00
CZ03/Rt3&0&cDXHP&Ex&dxHP_equip/NE-dxHP-SplitHP-33to55-Ex-SEER18.1/instance-out.sql,1970324.6400000001,10629.4,61037.21,774348.97,0.0,436362.0,0.0,513260.45,3.38,0.0,0.0,0.0,174683.23,0.0,0.0,9132.56,61037.21,1496.84,0.00,436362.00,0.00
CZ03/RtL&0&cDXHP&Ex&dxHP_equip/NE-dxHP-PkgHP-18to33-Ex-SEER13.4/instance-out.sql,1961241.07,7430.44,90833.28,767420.15,0.0,509200.67,0.0,457788.9,3.39,0.0,0.0,0.0,128564.25,0.0,0.0,7430.44,90833.28,0.00,0.00,468847.72,40352.95
CZ03/RtL&0&cDXHP&Ex&dxHP_equip/NE-dxHP-PkgHP-18to33-Ex-SEER15.2/instance-out.sql,1955630.99,7430.44,85223.2,767420.15,0.0,509200.67,0.0,457788.9,3.39,0.0,0.0,0.0,128564.25,0.0,0.0,7430.44,85223.20,0.00,0.00,468847.72,40352.95
CZ03/RtL&0&cDXHP&Ex&dxHP_equip/NE-dxHP-PkgHP-18to33-Ex-SEER16.2/instance-out.sql,1953365.24,7430.44,82957.45,767420.15,0.0,509200.67,0.0,457788.9,3.39,0.0,0.0,0.0,128564.25,0.0,0.0,7430.44,82957.45,0.00,0.00,468847.72,40352.95
CZ03/RtL&0&cDXHP&Ex&dxHP_equip/NE-dxHP-PkgHP-18to33-Ex-SEER17.1/instance-out.sql,1951553.8399999999,7430.44,81146.05,767420.15,0.0,509200.67,0.0,457788.9,3.39,0.0,0.0,0.0,128564.25,0.0,0.0,7430.44,81146.05,0.00,0.00,468847.72,40352.95
CZ03/RtL&0&cDXHP&Ex&dxHP_equip/NE-dxHP-PkgHP-18to33-Ex-SEER18.1/instance-out.sql,1949831.8,7430.44,79424.0,767420.15,0.0,509200.67,0.0,457788.9,3.39,0.0,0.0,0.0,128564.25,0.0,0.0,7430.44,79424.00,0.00,0.00,468847.72,40352.95
CZ03/RtL&0&cDXHP&Ex&dxHP_equip/NE-dxHP-PkgHP-33to65-Ex-SEER13.4/instance-out.sql,1961241.07,7430.44,90833.28,767420.15,0.0,509200.67,0.0,457788.9,3.39,0.0,0.0,0.0,128564.25,0.0,0.0,7430.44,90833.28,0.00,0.00,468847.72,40352.95
CZ03/RtL&0&cDXHP&Ex&dxHP_equip/NE-dxHP-PkgHP-33to65-Ex-SEER15.2/instance-out.sql,1955630.99,7430.44,85223.2,767420.15,0.0,509200.67,0.0,457788.9,3.39,0.0,0.0,0.0,128564.25,0.0,0.0,7430.44,85223.20,0.00,0.00,468847.72,40352.95
CZ03/RtL&0&cDXHP&Ex&dxHP_equip/NE-dxHP-PkgHP-33to65-Ex-SEER16.2/instance-out.sql,1953365.24,7430.44,82957.45,767420.15,0.0,509200.67,0.0,457788.9,3.39,0.0,0.0,0.0,128564.25,0.0,0.0,7430.44,82957.45,0.00,0.00,468847.72,40352.95
CZ03/RtL&0&cDXHP&Ex&dxHP_equip/NE-dxHP-PkgHP-33to65-Ex-SEER17.1/instance-out.sql,1951553.8399999999,7430.44,81146.05,767420.15,0.0,509200.67,0.0,457788.9,3.39,0.0,0.0,0.0,128564.25,0.0,0.0,7430.44,81146.05,0.00,0.00,468847.72,40352.95
CZ03/RtL&0&cDXHP&Ex&dxHP_equip/NE-dxHP-PkgHP-33to65-Ex-SEER18.1/instance-out.sql,1949831.8,7430.44,79424.0,767420.15,0.0,509200.67,0.0,457788.9,3.39,0.0,0.0,0.0,128564.25,0.0,0.0,7430.44,79424.00,0.00,0.00,468847.72,40352.95
CZ03/RtL&0&cDXHP&Ex&dxHP_equip/NE-dxHP-SplitHP-18to33-Ex-SEER14.3/instance-out.sql,1957876.3399999999,7069.8,87829.18,767420.15,0.0,509200.67,0.0,457788.9,3.39,0.0,0.0,0.0,128564.25,0.0,0.0,7069.80,87829.18,0.00,0.00,468847.72,40352.95
CZ03/RtL&0&cDXHP&Ex&dxHP_equip/NE-dxHP-SplitHP-18to33-Ex-SEER15.2/instance-out.sql,1955270.3599999999,7069.8,85223.2,767420.15,0.0,509200.67,0.0,457788.9,3.39,0.0,0.0,0.0,128564.25,0.0,0.0,7069.80,85223.20,0.00,0.00,468847.72,40352.95
CZ03/RtL&0&cDXHP&Ex&dxHP_equip/NE-dxHP-SplitHP-18to33-Ex-SEER16.2/instance-out.sql,1953004.6099999999,7069.8,82957.45,767420.15,0.0,509200.67,0.0,457788.9,3.39,0.0,0.0,0.0,128564.25,0.0,0.0,7069.80,82957.45,0.00,0.00,468847.72,40352.95
CZ03/RtL&0&cDXHP&Ex&dxHP_equip/NE-dxHP-SplitHP-18to33-Ex-SEER17.1/instance-out.sql,1951193.21,7069.8,81146.05,767420.15,0.0,509200.67,0.0,457788.9,3.39,0.0,0.0,0.0,128564.25,0.0,0.0,7069.80,81146.05,0.00,0.00,468847.72,40352.95
CZ03/RtL&0&cDXHP&Ex&dxHP_equip/NE-dxHP-SplitHP-18to33-Ex-SEER18.1/instance-out.sql,1949471.16,7069.8,79424.0,767420.15,0.0,509200.67,0.0,457788.9,3.39,0.0,0.0,0.0,128564.25,0.0,0.0,7069.80,79424.00,0.00,0.00,468847.72,40352.95
CZ03/RtL&0&cDXHP&Ex&dxHP_equip/NE-dxHP-SplitHP-33to55-Ex-SEER14.3/instance-out.sql,1957876.3399999999,7069.8,87829.18,767420.15,0.0,509200.67,0.0,457788.9,3.39,0.0,0.0,0.0,128564.25,0.0,0.0,7069.80,87829.18,0.00,0.00,468847.72,40352.95
CZ03/RtL&0&cDXHP&Ex&dxHP_equip/NE-dxHP-SplitHP-33to55-Ex-SEER15.2/instance-out.sql,1955270.3599999999,7069.8,85223.2,767420.15,0.0,509200.67,0.0,457788.9,3.39,0.0,0.0,0.0,128564.25,0.0,0.0,7069.80,85223.20,0.00,0.00,468847.72,40352.95
CZ03/RtL&0&cDXHP&Ex&dxHP_equip/NE-dxHP-SplitHP-33to55-Ex-SEER16.2/instance-out.sql,1953004.6099999999,7069.8,82957.45,767420.15,0.0,509200.67,0.0,457788.9,3.39,0.0,0.0,0.0,128564.25,0.0,0.0,7069.80,82957.45,0.00,0.00,468847.72,40352.95
CZ03/RtL&0&cDXHP&Ex&dxHP_equip/NE-dxHP-SplitHP-33to55-Ex-SEER17.1/instance-out.sql,1951193.21,7069.8,81146.05,767420.15,0.0,509200.67,0.0,457788.9,3.39,0.0,0.0,0.0,128564.25,0.0,0.0,7069.80,81146.05,0.00,0.00,468847.72,40352.95
CZ03/RtL&0&cDXHP&Ex&dxHP_equip/NE-dxHP-SplitHP-33to55-Ex-SEER18.1/instance-out.sql,1949471.16,7069.8,79424.0,767420.15,0.0,509200.67,0.0,457788.9,3.39,0.0,0.0,0.0,128564.25,0.0,0.0,7069.80,79424.00,0.00,0.00,468847.72,40352.95
CZ03/RtS&0&cDXHP&Ex&dxHP_equip/NE-dxHP-PkgHP-18to33-Ex-SEER13.4/instance-out.sql,125540.19,1639.71,4980.56,44599.63,0.0,24440.79,0.0,34076.35,3.36,0.0,0.0,0.0,15799.78,0.0,0.0,1639.71,4980.56,0.00,0.00,24440.79,0.00
CZ03/RtS&0&cDXHP&Ex&dxHP_equip/NE-dxHP-PkgHP-18to33-Ex-SEER15.2/instance-out.sql,125188.76,1639.71,4629.14,44599.63,0.0,24440.79,0.0,34076.35,3.36,0.0,0.0,0.0,15799.78,0.0,0.0,1639.71,4629.14,0.00,0.00,24440.79,0.00
CZ03/RtS&0&cDXHP&Ex&dxHP_equip/NE-dxHP-PkgHP-18to33-Ex-SEER16.2/instance-out.sql,125046.83,1639.71,4487.2,44599.63,0.0,24440.79,0.0,34076.35,3.36,0.0,0.0,0.0,15799.78,0.0,0.0,1639.71,4487.20,0.00,0.00,24440.79,0.00
CZ03/RtS&0&cDXHP&Ex&dxHP_equip/NE-dxHP-PkgHP-18to33-Ex-SEER17.1/instance-out.sql,124933.36,1639.71,4373.73,44599.63,0.0,24440.79,0.0,34076.35,3.36,0.0,0.0,0.0,15799.78,0.0,0.0,1639.71,4373.73,0.00,0.00,24440.79,0.00
CZ03/RtS&0&cDXHP&Ex&dxHP_equip/NE-dxHP-PkgHP-18to33-Ex-SEER18.1/instance-out.sql,124825.49,1639.71,4265.86,44599.63,0.0,24440.79,0.0,34076.35,3.36,0.0,0.0,0.0,15799.78,0.0,0.0,1639.71,4265.86,0.00,0.00,24440.79,0.00
CZ03/RtS&0&cDXHP&Ex&dxHP_equip/NE-dxHP-PkgHP-33to65-Ex-SEER13.4/instance-out.sql,125540.19,1639.71,4980.56,44599.63,0.0,24440.79,0.0,34076.35,3.36,0.0,0.0,0.0,15799.78,0.0,0.0,1639.71,4980.56,0.00,0.00,24440.79,0.00
CZ03/RtS&0&cDXHP&Ex&dxHP_equip/NE-dxHP-PkgHP-33to65-Ex-SEER15.2/instance-out.sql,125188.76,1639.71,4629.14,44599.63,0.0,24440.79,0.0,34076.35,3.36,0.0,0.0,0.0,15799.78,0.0,0.0,1639.71,4629.14,0.00,0.00,24440.79,0.00
CZ03/RtS&0&cDXHP&Ex&dxHP_equip/NE-dxHP-PkgHP-33to65-Ex-SEER16.2/instance-out.sql,125046.83,1639.71,4487.2,44599.63,0.0,24440.79,0.0,34076.35,3.36,0.0,0.0,0.0,15799.78,0.0,0.0,1639.71,4487.20,0.00,0.00,24440.79,0.00
CZ03/RtS&0&cDXHP&Ex&dxHP_equip/NE-dxHP-PkgHP-33to65-Ex-SEER17.1/instance-out.sql,124933.36,1639.71,4373.73,44599.63,0.0,24440.79,0.0,34076.35,3.36,0.0,0.0,0.0,15799.78,0.0,0.0,1639.71,4373.73,0.00,0.00,24440.79,0.00
CZ03/RtS&0&cDXHP&Ex&dxHP_equip/NE-dxHP-PkgHP-33to65-Ex-SEER18.1/instance-out.sql,124825.49,1639.71,4265.86,44599.63,0.0,24440.79,0.0,34076.35,3.36,0.0,0.0,0.0,15799.78,0.0,0.0,1639.71,4265.86,0.00,0.00,24440.79,0.00
CZ03/RtS&0&cDXHP&Ex&dxHP_equip/NE-dxHP-SplitHP-18to33-Ex-SEER14.3/instance-out.sql,125271.52,1559.23,4792.38,44599.63,0.0,24440.79,0.0,34076.35,3.36,0.0,0.0,0.0,15799.78,0.0,0.0,1559.23,4792.38,0.00,0.00,24440.79,0.00
CZ03/RtS&0&cDXHP&Ex&dxHP_equip/NE-dxHP-SplitHP-18to33-Ex-SEER15.2/instance-out.sql,125108.28,1559.23,4629.14,44599.63,0.0,24440.79,0.0,34076.35,3.36,0.0,0.0,0.0,15799.78,0.0,0.0,1559.23,4629.14,0.00,0.00,24440.79,0.00
CZ03/RtS&0&cDXHP&Ex&dxHP_equip/NE-dxHP-SplitHP-18to33-Ex-SEER16.2/instance-out.sql,124966.35,1559.23,4487.2,44599.63,0.0,24440.79,0.0,34076.35,3.36,0.0,0.0,0.0,15799.78,0.0,0.0,1559.23,4487.20,0.00,0.00,24440.79,0.00
CZ03/RtS&0&cDXHP&Ex&dxHP_equip/NE-dxHP-SplitHP-18to33-Ex-SEER17.1/instance-out.sql,124852.88,1559.23,4373.73,44599.63,0.0,24440.79,0.0,34076.35,3.36,0.0,0.0,0.0,15799.78,0.0,0.0,1559.23,4373.73,0.00,0.00,24440.79,0.00
CZ03/RtS&0&cDXHP&Ex&dxHP_equip/NE-dxHP-SplitHP-18to33-Ex-SEER18.1/instance-out.sql,124745.0,1559.23,4265.86,44599.63,0.0,24440.79,0.0,34076.35,3.36,0.0,0.0,0.0,15799.78,0.0,0.0,1559.23,4265.86,0.00,0.00,24440.79,0.00
CZ03/RtS&0&cDXHP&Ex&dxHP_equip/NE-dxHP-SplitHP-33to55-Ex-SEER14.3/instance-out.sql,125271.52,1559.23,4792.38,44599.63,0.0,24440.79,0.0,34076.35,3.36,0.0,0.0,0.0,15799.78,0.0,0.0,1559.23,4792.38,0.00,0.00,24440.79,0.00
CZ03/RtS&0&cDXHP&Ex&dxHP_equip/NE-dxHP-SplitHP-33to55-Ex-SEER15.2/instance-out.sql,125108.28,1559.23,4629.14,44599.63,0.0,24440.79,0.0,34076.35,3.36,0.0,0.0,0.0,15799.78,0.0,0.0,1559.23,4629.14,0.00,0.00,24440.79,0.00
CZ03/RtS&0&cDXHP&Ex&dxHP_equip/NE-dxHP-SplitHP-33to55-Ex-SEER16.2/instance-out.sql,124966.35,1559.23,4487.2,44599.63,0.0,24440.79,0.0,34076.35,3.36,0.0,0.0,0.0,15799.78,0.0,0.0,1559.23,4487.20,0.00,0.00,24440.79,0.00
CZ03/RtS&0&cDXHP&Ex&dxHP_equip/NE-dxHP-SplitHP-33to55-Ex-SEER17.1/instance-out.sql,124852.88,1559.23,4373.73,44599.63,0.0,24440.79,0.0,34076.35,3.36,0.0,0.0,0.0,15799.78,0.0,0.0,1559.23,4373.73,0.00,0.00,24440.79,0.00
CZ03/RtS&0&cDXHP&Ex&dxHP_equip/NE-dxHP-SplitHP-33to55-Ex-SEER18.1/instance-out.sql,124745.0,1559.23,4265.86,44599.63,0.0,24440.79,0.0,34076.35,3.36,0.0,0.0,0.0,15799.78,0.0,0.0,1559.23,4265.86,0.00,0.00,24440.79,0.00
CZ03/SCn&0&cDXHP&Ex&dxHP_equip/NE-dxHP-PkgHP-18to33-Ex-SEER13.4/instance-out.sql,2854034.2199999997,144714.81,69954.98,850055.03,0.0,449066.39,0.0,1254252.47,3.36,0.0,0.0,0.0,85987.19,0.0,0.0,144714.81,69954.98,0.00,0.00,449066.39,0.00
CZ03/SCn&0&cDXHP&Ex&dxHP_equip/NE-dxHP-PkgHP-18to33-Ex-SEER15.2/instance-out.sql,2849098.23,144714.81,65018.98,850055.03,0.0,449066.39,0.0,1254252.47,3.36,0.0,0.0,0.0,85987.19,0.0,0.0,144714.81,65018.98,0.00,0.00,449066.39,0.00
CZ03/SCn&0&cDXHP&Ex&dxHP_equip/NE-dxHP-PkgHP-18to33-Ex-SEER16.2/instance-out.sql,2847104.7199999997,144714.81,63025.48,850055.03,0.0,449066.39,0.0,1254252.47,3.36,0.0,0.0,0.0,85987.19,0.0,0.0,144714.81,63025.48,0.00,0.00,449066.39,0.00
CZ03/SCn&0&cDXHP&Ex&dxHP_equip/NE-dxHP-PkgHP-18to33-Ex-SEER17.1/instance-out.sql,2845510.9699999997,144714.81,61431.73,850055.03,0.0,449066.39,0.0,1254252.47,3.36,0.0,0.0,0.0,85987.19,0.0,0.0,144714.81,61431.73,0.00,0.00,449066.39,0.00
CZ03/SCn&0&cDXHP&Ex&dxHP_equip/NE-dxHP-PkgHP-18to33-Ex-SEER18.1/instance-out.sql,2843995.84,144714.81,59916.6,850055.03,0.0,449066.39,0.0,1254252.47,3.36,0.0,0.0,0.0,85987.19,0.0,0.0,144714.81,59916.60,0.00,0.00,449066.39,0.00
CZ03/SCn&0&cDXHP&Ex&dxHP_equip/NE-dxHP-PkgHP-33to65-Ex-SEER13.4/instance-out.sql,2854034.2199999997,144714.81,69954.98,850055.03,0.0,449066.39,0.0,1254252.47,3.36,0.0,0.0,0.0,85987.19,0.0,0.0,144714.81,69954.98,0.00,0.00,449066.39,0.00
CZ03/SCn&0&cDXHP&Ex&dxHP_equip/NE-dxHP-PkgHP-33to65-Ex-SEER15.2/instance-out.sql,2849098.23,144714.81,65018.98,850055.03,0.0,449066.39,0.0,1254252.47,3.36,0.0,0.0,0.0,85987.19,0.0,0.0,144714.81,65018.98,0.00,0.00,449066.39,0.00
CZ03/SCn&0&cDXHP&Ex&dxHP_equip/NE-dxHP-PkgHP-33to65-Ex-SEER16.2/instance-out.sql,2847104.7199999997,144714.81,63025.48,850055.03,0.0,449066.39,0.0,1254252.47,3.36,0.0,0.0,0.0,85987.19,0.0,0.0,144714.81,63025.48,0.00,0.00,449066.39,0.00
CZ03/SCn&0&cDXHP&Ex&dxHP_equip/NE-dxHP-PkgHP-33to65-Ex-SEER17.1/instance-out.sql,2845510.9699999997,144714.81,61431.73,850055.03,0.0,449066.39,0.0,1254252.47,3.36,0.0,0.0,0.0,85987.19,0.0,0.0,144714.81,61431.73,0.00,0.00,449066.39,0.00
CZ03/SCn&0&cDXHP&Ex&dxHP_equip/NE-dxHP-PkgHP-33to65-Ex-SEER18.1/instance-out.sql,2843995.84,144714.81,59916.6,850055.03,0.0,449066.39,0.0,1254252.47,3.36,0.0,0.0,0.0,85987.19,0.0,0.0,144714.81,59916.60,0.00,0.00,449066.39,0.00
CZ03/SCn&0&cDXHP&Ex&dxHP_equip/NE-dxHP-SplitHP-18to33-Ex-SEER14.3/instance-out.sql,2844243.03,137566.76,67311.84,850055.03,0.0,449066.39,0.0,1254252.47,3.36,0.0,0.0,0.0,85987.19,0.0,0.0,137566.76,67311.84,0.00,0.00,449066.39,0.00
CZ03/SCn&0&cDXHP&Ex&dxHP_equip/NE-dxHP-SplitHP-18to33-Ex-SEER15.2/instance-out.sql,2841950.17,137566.76,65018.98,850055.03,0.0,449066.39,0.0,1254252.47,3.36,0.0,0.0,0.0,85987.19,0.0,0.0,137566.76,65018.98,0.00,0.00,449066.39,0.00
CZ03/SCn&0&cDXHP&Ex&dxHP_equip/NE-dxHP-SplitHP-18to33-Ex-SEER16.2/instance-out.sql,2839956.67,137566.76,63025.48,850055.03,0.0,449066.39,0.0,1254252.47,3.36,0.0,0.0,0.0,85987.19,0.0,0.0,137566.76,63025.48,0.00,0.00,449066.39,0.00
CZ03/SCn&0&cDXHP&Ex&dxHP_equip/NE-dxHP-SplitHP-18to33-Ex-SEER17.1/instance-out.sql,2838362.92,137566.76,61431.73,850055.03,0.0,449066.39,0.0,1254252.47,3.36,0.0,0.0,0.0,85987.19,0.0,0.0,137566.76,61431.73,0.00,0.00,449066.39,0.00
CZ03/SCn&0&cDXHP&Ex&dxHP_equip/NE-dxHP-SplitHP-18to33-Ex-SEER18.1/instance-out.sql,2836847.79,137566.76,59916.6,850055.03,0.0,449066.39,0.0,1254252.47,3.36,0.0,0.0,0.0,85987.19,0.0,0.0,137566.76,59916.60,0.00,0.00,449066.39,0.00
CZ03/SCn&0&cDXHP&Ex&dxHP_equip/NE-dxHP-SplitHP-33to55-Ex-SEER14.3/instance-out.sql,2844243.03,137566.76,67311.84,850055.03,0.0,449066.39,0.0,1254252.47,3.36,0.0,0.0,0.0,85987.19,0.0,0.0,137566.76,67311.84,0.00,0.00,449066.39,0.00
CZ03/SCn&0&cDXHP&Ex&dxHP_equip/NE-dxHP-SplitHP-33to55-Ex-SEER15.2/instance-out.sql,2841950.17,137566.76,65018.98,850055.03,0.0,449066.39,0.0,1254252.47,3.36,0.0,0.0,0.0,85987.19,0.0,0.0,137566.76,65018.98,0.00,0.00,449066.39,0.00
CZ03/SCn&0&cDXHP&Ex&dxHP_equip/NE-dxHP-SplitHP-33to55-Ex-SEER16.2/instance-out.sql,2839956.67,137566.76,63025.48,850055.03,0.0,449066.39,0.0,1254252.47,3.36,0.0,0.0,0.0,85987.19,0.0,0.0,137566.76,63025.48,0.00,0.00,449066.39,0.00
CZ03/SCn&0&cDXHP&Ex&dxHP_equip/NE-dxHP-SplitHP-33to55-Ex-SEER17.1/instance-out.sql,2838362.92,137566.76,61431.73,850055.03,0.0,449066.39,0.0,1254252.47,3.36,0.0,0.0,0.0,85987.19,0.0,0.0,137566.76,61431.73,0.00,0.00,449066.39,0.00
CZ03/SCn&0&cDXHP&Ex&dxHP_equip/NE-dxHP-SplitHP-33to55-Ex-SEER18.1/instance-out.sql,2836847.79,137566.76,59916.6,850055.03,0.0,449066.39,0.0,1254252.47,3.36,0.0,0.0,0.0,85987.19,0.0,0.0,137566.76,59916.60,0.00,0.00,449066.39,0.00
CZ04/Asm&0&cDXHP&Ex&dxHP_equip/NE-dxHP-PkgHP-18to33-Ex-SEER13.4/instance-out.sql,660994.38,30891.98,84454.32,153727.01,0.0,145823.51,0.0,223905.82,3.36,0.0,0.0,0.0,22188.38,0.0,0.0,30891.98,84454.32,0.00,0.00,145823.51,0.00
CZ04/Asm&0&cDXHP&Ex&dxHP_equip/NE-dxHP-PkgHP-18to33-Ex-SEER15.2/instance-out.sql,655035.31,30891.98,78495.25,153727.01,0.0,145823.51,0.0,223905.82,3.36,0.0,0.0,0.0,22188.38,0.0,0.0,30891.98,78495.25,0.00,0.00,145823.51,0.00
CZ04/Asm&0&cDXHP&Ex&dxHP_equip/NE-dxHP-PkgHP-18to33-Ex-SEER16.2/instance-out.sql,652628.62,30891.98,76088.56,153727.01,0.0,145823.51,0.0,223905.82,3.36,0.0,0.0,0.0,22188.38,0.0,0.0,30891.98,76088.56,0.00,0.00,145823.51,0.00
CZ04/Asm&0&cDXHP&Ex&dxHP_equip/NE-dxHP-PkgHP-18to33-Ex-SEER17.1/instance-out.sql,650704.54,30891.98,74164.48,153727.01,0.0,145823.51,0.0,223905.82,3.36,0.0,0.0,0.0,22188.38,0.0,0.0,30891.98,74164.48,0.00,0.00,145823.51,0.00
CZ04/Asm&0&cDXHP&Ex&dxHP_equip/NE-dxHP-PkgHP-18to33-Ex-SEER18.1/instance-out.sql,648875.37,30891.98,72335.31,153727.01,0.0,145823.51,0.0,223905.82,3.36,0.0,0.0,0.0,22188.38,0.0,0.0,30891.98,72335.31,0.00,0.00,145823.51,0.00
CZ04/Asm&0&cDXHP&Ex&dxHP_equip/NE-dxHP-PkgHP-33to65-Ex-SEER13.4/instance-out.sql,660994.38,30891.98,84454.32,153727.01,0.0,145823.51,0.0,223905.82,3.36,0.0,0.0,0.0,22188.38,0.0,0.0,30891.98,84454.32,0.00,0.00,145823.51,0.00
CZ04/Asm&0&cDXHP&Ex&dxHP_equip/NE-dxHP-PkgHP-33to65-Ex-SEER15.2/instance-out.sql,655035.31,30891.98,78495.25,153727.01,0.0,145823.51,0.0,223905.82,3.36,0.0,0.0,0.0,22188.38,0.0,0.0,30891.98,78495.25,0.00,0.00,145823.51,0.00
CZ04/Asm&0&cDXHP&Ex&dxHP_equip/NE-dxHP-PkgHP-33to65-Ex-SEER16.2/instance-out.sql,652628.62,30891.98,76088.56,153727.01,0.0,145823.51,0.0,223905.82,3.36,0.0,0.0,0.0,22188.38,0.0,0.0,30891.98,76088.56,0.00,0.00,145823.51,0.00
CZ04/Asm&0&cDXHP&Ex&dxHP_equip/NE-dxHP-PkgHP-33to65-Ex-SEER17.1/instance-out.sql,650704.54,30891.98,74164.48,153727.01,0.0,145823.51,0.0,223905.82,3.36,0.0,0.0,0.0,22188.38,0.0,0.0,30891.98,74164.48,0.00,0.00,145823.51,0.00
CZ04/Asm&0&cDXHP&Ex&dxHP_equip/NE-dxHP-PkgHP-33to65-Ex-SEER18.1/instance-out.sql,648875.37,30891.98,72335.31,153727.01,0.0,145823.51,0.0,223905.82,3.36,0.0,0.0,0.0,22188.38,0.0,0.0,30891.98,72335.31,0.00,0.00,145823.51,0.00
CZ04/Asm&0&cDXHP&Ex&dxHP_equip/NE-dxHP-SplitHP-18to33-Ex-SEER14.3/instance-out.sql,656265.85,29354.43,81263.35,153727.01,0.0,145823.51,0.0,223905.82,3.36,0.0,0.0,0.0,22188.38,0.0,0.0,29354.43,81263.35,0.00,0.00,145823.51,0.00
CZ04/Asm&0&cDXHP&Ex&dxHP_equip/NE-dxHP-SplitHP-18to33-Ex-SEER15.2/instance-out.sql,653497.76,29354.43,78495.25,153727.01,0.0,145823.51,0.0,223905.82,3.36,0.0,0.0,0.0,22188.38,0.0,0.0,29354.43,78495.25,0.00,0.00,145823.51,0.00
CZ04/Asm&0&cDXHP&Ex&dxHP_equip/NE-dxHP-SplitHP-18to33-Ex-SEER16.2/instance-out.sql,651091.06,29354.43,76088.56,153727.01,0.0,145823.51,0.0,223905.82,3.36,0.0,0.0,0.0,22188.38,0.0,0.0,29354.43,76088.56,0.00,0.00,145823.51,0.00
CZ04/Asm&0&cDXHP&Ex&dxHP_equip/NE-dxHP-SplitHP-18to33-Ex-SEER17.1/instance-out.sql,649166.98,29354.43,74164.48,153727.01,0.0,145823.51,0.0,223905.82,3.36,0.0,0.0,0.0,22188.38,0.0,0.0,29354.43,74164.48,0.00,0.00,145823.51,0.00
CZ04/Asm&0&cDXHP&Ex&dxHP_equip/NE-dxHP-SplitHP-18to33-Ex-SEER18.1/instance-out.sql,647337.82,29354.43,72335.31,153727.01,0.0,145823.51,0.0,223905.82,3.36,0.0,0.0,0.0,22188.38,0.0,0.0,29354.43,72335.31,0.00,0.00,145823.51,0.00
CZ04/Asm&0&cDXHP&Ex&dxHP_equip/NE-dxHP-SplitHP-33to55-Ex-SEER14.3/instance-out.sql,656265.85,29354.43,81263.35,153727.01,0.0,145823.51,0.0,223905.82,3.36,0.0,0.0,0.0,22188.38,0.0,0.0,29354.43,81263.35,0.00,0.00,145823.51,0.00
CZ04/Asm&0&cDXHP&Ex&dxHP_equip/NE-dxHP-SplitHP-33to55-Ex-SEER15.2/instance-out.sql,653497.76,29354.43,78495.25,153727.01,0.0,145823.51,0.0,223905.82,3.36,0.0,0.0,0.0,22188.38,0.0,0.0,29354.43,78495.25,0.00,0.00,145823.51,0.00
CZ04/Asm&0&cDXHP&Ex&dxHP_equip/NE-dxHP-SplitHP-33to55-Ex-SEER16.2/instance-out.sql,651091.06,29354.43,76088.56,153727.01,0.0,145823.51,0.0,223905.82,3.36,0.0,0.0,0.0,22188.38,0.0,0.0,29354.43,76088.56,0.00,0.00,145823.51,0.00
CZ04/Asm&0&cDXHP&Ex&dxHP_equip/NE-dxHP-SplitHP-33to55-Ex-SEER17.1/instance-out.sql,649166.98,29354.43,74164.48,153727.01,0.0,145823.51,0.0,223905.82,3.36,0.0,0.0,0.0,22188.38,0.0,0.0,29354.43,74164.48,0.00,0.00,145823.51,0.00
CZ04/Asm&0&cDXHP&Ex&dxHP_equip/NE-dxHP-SplitHP-33to55-Ex-SEER18.1/instance-out.sql,647337.82,29354.43,72335.31,153727.01,0.0,145823.51,0.0,223905.82,3.36,0.0,0.0,0.0,22188.38,0.0,0.0,29354.43,72335.31,0.00,0.00,145823.51,0.00
CZ04/ECC&0&cDXHP&Ex&dxHP_equip/NE-dxHP-PkgHP-18to33-Ex-SEER13.4/instance-out.sql,2615433.37,10873.1,215088.82,358430.2,0.0,1013813.91,0.0,579782.59,1028.09,0.0,0.0,0.0,436416.65,0.0,0.0,10686.86,215088.82,186.24,0.00,945189.93,68623.98
CZ04/ECC&0&cDXHP&Ex&dxHP_equip/NE-dxHP-PkgHP-18to33-Ex-SEER15.2/instance-out.sql,2604177.81,10873.1,203833.26,358430.2,0.0,1013813.91,0.0,579782.59,1028.09,0.0,0.0,0.0,436416.65,0.0,0.0,10686.86,203833.26,186.24,0.00,945189.93,68623.98
CZ04/ECC&0&cDXHP&Ex&dxHP_equip/NE-dxHP-PkgHP-18to33-Ex-SEER16.2/instance-out.sql,2599632.01,10873.1,199287.47,358430.2,0.0,1013813.91,0.0,579782.59,1028.09,0.0,0.0,0.0,436416.65,0.0,0.0,10686.86,199287.47,186.24,0.00,945189.93,68623.98
CZ04/ECC&0&cDXHP&Ex&dxHP_equip/NE-dxHP-PkgHP-18to33-Ex-SEER17.1/instance-out.sql,2595997.79,10873.1,195653.24,358430.2,0.0,1013813.91,0.0,579782.59,1028.09,0.0,0.0,0.0,436416.65,0.0,0.0,10686.86,195653.24,186.24,0.00,945189.93,68623.98
CZ04/ECC&0&cDXHP&Ex&dxHP_equip/NE-dxHP-PkgHP-18to33-Ex-SEER18.1/instance-out.sql,2592542.83,10873.1,192198.28,358430.2,0.0,1013813.91,0.0,579782.59,1028.09,0.0,0.0,0.0,436416.65,0.0,0.0,10686.86,192198.28,186.24,0.00,945189.93,68623.98
CZ04/ECC&0&cDXHP&Ex&dxHP_equip/NE-dxHP-PkgHP-33to65-Ex-SEER13.4/instance-out.sql,2615433.37,10873.1,215088.82,358430.2,0.0,1013813.91,0.0,579782.59,1028.09,0.0,0.0,0.0,436416.65,0.0,0.0,10686.86,215088.82,186.24,0.00,945189.93,68623.98
CZ04/ECC&0&cDXHP&Ex&dxHP_equip/NE-dxHP-PkgHP-33to65-Ex-SEER15.2/instance-out.sql,2604177.81,10873.1,203833.26,358430.2,0.0,1013813.91,0.0,579782.59,1028.09,0.0,0.0,0.0,436416.65,0.0,0.0,10686.86,203833.26,186.24,0.00,945189.93,68623.98
CZ04/ECC&0&cDXHP&Ex&dxHP_equip/NE-dxHP-PkgHP-33to65-Ex-SEER16.2/instance-out.sql,2599632.01,10873.1,199287.47,358430.2,0.0,1013813.91,0.0,579782.59,1028.09,0.0,0.0,0.0,436416.65,0.0,0.0,10686.86,199287.47,186.24,0.00,945189.93,68623.98
CZ04/ECC&0&cDXHP&Ex&dxHP_equip/NE-dxHP-PkgHP-33to65-Ex-SEER17.1/instance-out.sql,2595997.79,10873.1,195653.24,358430.2,0.0,1013813.91,0.0,579782.59,1028.09,0.0,0.0,0.0,436416.65,0.0,0.0,10686.86,195653.24,186.24,0.00,945189.93,68623.98
CZ04/ECC&0&cDXHP&Ex&dxHP_equip/NE-dxHP-PkgHP-33to65-Ex-SEER18.1/instance-out.sql,2592542.83,10873.1,192198.28,358430.2,0.0,1013813.91,0.0,579782.59,1028.09,0.0,0.0,0.0,436416.65,0.0,0.0,10686.86,192198.28,186.24,0.00,945189.93,68623.98
CZ04/ECC&0&cDXHP&Ex&dxHP_equip/NE-dxHP-SplitHP-18to33-Ex-SEER14.3/instance-out.sql,2608878.0100000002,10344.89,209061.68,358430.2,0.0,1013813.91,0.0,579782.59,1028.09,0.0,0.0,0.0,436416.65,0.0,0.0,10158.65,209061.68,186.24,0.00,945189.93,68623.98
CZ04/ECC&0&cDXHP&Ex&dxHP_equip/NE-dxHP-SplitHP-18to33-Ex-SEER15.2/instance-out.sql,2603649.6,10344.89,203833.26,358430.2,0.0,1013813.91,0.0,579782.59,1028.09,0.0,0.0,0.0,436416.65,0.0,0.0,10158.65,203833.26,186.24,0.00,945189.93,68623.98
CZ04/ECC&0&cDXHP&Ex&dxHP_equip/NE-dxHP-SplitHP-18to33-Ex-SEER16.2/instance-out.sql,2599103.8,10344.89,199287.47,358430.2,0.0,1013813.91,0.0,579782.59,1028.09,0.0,0.0,0.0,436416.65,0.0,0.0,10158.65,199287.47,186.24,0.00,945189.93,68623.98
CZ04/ECC&0&cDXHP&Ex&dxHP_equip/NE-dxHP-SplitHP-18to33-Ex-SEER17.1/instance-out.sql,2595469.57,10344.89,195653.24,358430.2,0.0,1013813.91,0.0,579782.59,1028.09,0.0,0.0,0.0,436416.65,0.0,0.0,10158.65,195653.24,186.24,0.00,945189.93,68623.98
CZ04/ECC&0&cDXHP&Ex&dxHP_equip/NE-dxHP-SplitHP-18to33-Ex-SEER18.1/instance-out.sql,2592014.62,10344.89,192198.28,358430.2,0.0,1013813.91,0.0,579782.59,1028.09,0.0,0.0,0.0,436416.65,0.0,0.0,10158.65,192198.28,186.24,0.00,945189.93,68623.98
CZ04/ECC&0&cDXHP&Ex&dxHP_equip/NE-dxHP-SplitHP-33to55-Ex-SEER14.3/instance-out.sql,2608878.0100000002,10344.89,209061.68,358430.2,0.0,1013813.91,0.0,579782.59,1028.09,0.0,0.0,0.0,436416.65,0.0,0.0,10158.65,209061.68,186.24,0.00,945189.93,68623.98
CZ04/ECC&0&cDXHP&Ex&dxHP_equip/NE-dxHP-SplitHP-33to55-Ex-SEER15.2/instance-out.sql,2603649.6,10344.89,203833.26,358430.2,0.0,1013813.91,0.0,579782.59,1028.09,0.0,0.0,0.0,436416.65,0.0,0.0,10158.65,203833.26,186.24,0.00,945189.93,68623.98
CZ04/ECC&0&cDXHP&Ex&dxHP_equip/NE-dxHP-SplitHP-33to55-Ex-SEER16.2/instance-out.sql,2599103.8,10344.89,199287.47,358430.2,0.0,1013813.91,0.0,579782.59,1028.09,0.0,0.0,0.0,436416.65,0.0,0.0,10158.65,199287.47,186.24,0.00,945189.93,68623.98
CZ04/ECC&0&cDXHP&Ex&dxHP_equip/NE-dxHP-SplitHP-33to55-Ex-SEER17.1/instance-out.sql,2595469.57,10344.89,195653.24,358430.2,0.0,1013813.91,0.0,579782.59,1028.09,0.0,0.0,0.0,436416.65,0.0,0.0,10158.65,195653.24,186.24,0.00,945189.93,68623.98
CZ04/ECC&0&cDXHP&Ex&dxHP_equip/NE-dxHP-SplitHP-33to55-Ex-SEER18.1/instance-out.sql,2592014.62,10344.89,192198.28,358430.2,0.0,1013813.91,0.0,579782.59,1028.09,0.0,0.0,0.0,436416.65,0.0,0.0,10158.65,192198.28,186.24,0.00,945189.93,68623.98
CZ04/EPr&0&cDXHP&Ex&dxHP_equip/NE-dxHP-PkgHP-18to33-Ex-SEER13.4/instance-out.sql,399829.66000000003,3748.78,38369.58,64700.97,0.0,125897.03,0.0,83633.0,3.37,0.0,0.0,0.0,83476.93,0.0,0.0,3748.78,38369.58,0.00,0.00,83226.75,42670.28
CZ04/EPr&0&cDXHP&Ex&dxHP_equip/NE-dxHP-PkgHP-18to33-Ex-SEER15.2/instance-out.sql,397950.30000000005,3748.78,36490.23,64700.97,0.0,125897.03,0.0,83633.0,3.37,0.0,0.0,0.0,83476.93,0.0,0.0,3748.78,36490.23,0.00,0.00,83226.75,42670.28
CZ04/EPr&0&cDXHP&Ex&dxHP_equip/NE-dxHP-PkgHP-18to33-Ex-SEER16.2/instance-out.sql,397191.29000000004,3748.78,35731.21,64700.97,0.0,125897.03,0.0,83633.0,3.37,0.0,0.0,0.0,83476.93,0.0,0.0,3748.78,35731.21,0.00,0.00,83226.75,42670.28
CZ04/EPr&0&cDXHP&Ex&dxHP_equip/NE-dxHP-PkgHP-18to33-Ex-SEER17.1/instance-out.sql,396584.48000000004,3748.78,35124.4,64700.97,0.0,125897.03,0.0,83633.0,3.37,0.0,0.0,0.0,83476.93,0.0,0.0,3748.78,35124.40,0.00,0.00,83226.75,42670.28
CZ04/EPr&0&cDXHP&Ex&dxHP_equip/NE-dxHP-PkgHP-18to33-Ex-SEER18.1/instance-out.sql,396007.60000000003,3748.78,34547.52,64700.97,0.0,125897.03,0.0,83633.0,3.37,0.0,0.0,0.0,83476.93,0.0,0.0,3748.78,34547.52,0.00,0.00,83226.75,42670.28
CZ04/EPr&0&cDXHP&Ex&dxHP_equip/NE-dxHP-PkgHP-33to65-Ex-SEER13.4/instance-out.sql,399829.66000000003,3748.78,38369.58,64700.97,0.0,125897.03,0.0,83633.0,3.37,0.0,0.0,0.0,83476.93,0.0,0.0,3748.78,38369.58,0.00,0.00,83226.75,42670.28
CZ04/EPr&0&cDXHP&Ex&dxHP_equip/NE-dxHP-PkgHP-33to65-Ex-SEER15.2/instance-out.sql,397950.30000000005,3748.78,36490.23,64700.97,0.0,125897.03,0.0,83633.0,3.37,0.0,0.0,0.0,83476.93,0.0,0.0,3748.78,36490.23,0.00,0.00,83226.75,42670.28
CZ04/EPr&0&cDXHP&Ex&dxHP_equip/NE-dxHP-PkgHP-33to65-Ex-SEER16.2/instance-out.sql,397191.29000000004,3748.78,35731.21,64700.97,0.0,125897.03,0.0,83633.0,3.37,0.0,0.0,0.0,83476.93,0.0,0.0,3748.78,35731.21,0.00,0.00,83226.75,42670.28
CZ04/EPr&0&cDXHP&Ex&dxHP_equip/NE-dxHP-PkgHP-33to65-Ex-SEER17.1/instance-out.sql,396584.48000000004,3748.78,35124.4,64700.97,0.0,125897.03,0.0,83633.0,3.37,0.0,0.0,0.0,83476.93,0.0,0.0,3748.78,35124.40,0.00,0.00,83226.75,42670.28
CZ04/EPr&0&cDXHP&Ex&dxHP_equip/NE-dxHP-PkgHP-33to65-Ex-SEER18.1/instance-out.sql,396007.60000000003,3748.78,34547.52,64700.97,0.0,125897.03,0.0,83633.0,3.37,0.0,0.0,0.0,83476.93,0.0,0.0,3748.78,34547.52,0.00,0.00,83226.75,42670.28
CZ04/EPr&0&cDXHP&Ex&dxHP_equip/NE-dxHP-SplitHP-18to33-Ex-SEER14.3/instance-out.sql,398638.07,3563.56,37363.22,64700.97,0.0,125897.03,0.0,83633.0,3.37,0.0,0.0,0.0,83476.93,0.0,0.0,3563.56,37363.22,0.00,0.00,83226.75,42670.28
CZ04/EPr&0&cDXHP&Ex&dxHP_equip/NE-dxHP-SplitHP-18to33-Ex-SEER15.2/instance-out.sql,397765.08,3563.56,36490.23,64700.97,0.0,125897.03,0.0,83633.0,3.37,0.0,0.0,0.0,83476.93,0.0,0.0,3563.56,36490.23,0.00,0.00,83226.75,42670.28
CZ04/EPr&0&cDXHP&Ex&dxHP_equip/NE-dxHP-SplitHP-18to33-Ex-SEER16.2/instance-out.sql,397006.06,3563.56,35731.21,64700.97,0.0,125897.03,0.0,83633.0,3.37,0.0,0.0,0.0,83476.93,0.0,0.0,3563.56,35731.21,0.00,0.00,83226.75,42670.28
CZ04/EPr&0&cDXHP&Ex&dxHP_equip/NE-dxHP-SplitHP-18to33-Ex-SEER17.1/instance-out.sql,396399.25,3563.56,35124.4,64700.97,0.0,125897.03,0.0,83633.0,3.37,0.0,0.0,0.0,83476.93,0.0,0.0,3563.56,35124.40,0.00,0.00,83226.75,42670.28
CZ04/EPr&0&cDXHP&Ex&dxHP_equip/NE-dxHP-SplitHP-18to33-Ex-SEER18.1/instance-out.sql,395822.37,3563.56,34547.52,64700.97,0.0,125897.03,0.0,83633.0,3.37,0.0,0.0,0.0,83476.93,0.0,0.0,3563.56,34547.52,0.00,0.00,83226.75,42670.28
CZ04/EPr&0&cDXHP&Ex&dxHP_equip/NE-dxHP-SplitHP-33to55-Ex-SEER14.3/instance-out.sql,398638.07,3563.56,37363.22,64700.97,0.0,125897.03,0.0,83633.0,3.37,0.0,0.0,0.0,83476.93,0.0,0.0,3563.56,37363.22,0.00,0.00,83226.75,42670.28
CZ04/EPr&0&cDXHP&Ex&dxHP_equip/NE-dxHP-SplitHP-33to55-Ex-SEER15.2/instance-out.sql,397765.08,3563.56,36490.23,64700.97,0.0,125897.03,0.0,83633.0,3.37,0.0,0.0,0.0,83476.93,0.0,0.0,3563.56,36490.23,0.00,0.00,83226.75,42670.28
CZ04/EPr&0&cDXHP&Ex&dxHP_equip/NE-dxHP-SplitHP-33to55-Ex-SEER16.2/instance-out.sql,397006.06,3563.56,35731.21,64700.97,0.0,125897.03,0.0,83633.0,3.37,0.0,0.0,0.0,83476.93,0.0,0.0,3563.56,35731.21,0.00,0.00,83226.75,42670.28
CZ04/EPr&0&cDXHP&Ex&dxHP_equip/NE-dxHP-SplitHP-33to55-Ex-SEER17.1/instance-out.sql,396399.25,3563.56,35124.4,64700.97,0.0,125897.03,0.0,83633.0,3.37,0.0,0.0,0.0,83476.93,0.0,0.0,3563.56,35124.40,0.00,0.00,83226.75,42670.28
CZ04/EPr&0&cDXHP&Ex&dxHP_equip/NE-dxHP-SplitHP-33to55-Ex-SEER18.1/instance-out.sql,395822.37,3563.56,34547.52,64700.97,0.0,125897.03,0.0,83633.0,3.37,0.0,0.0,0.0,83476.93,0.0,0.0,3563.56,34547.52,0.00,0.00,83226.75,42670.28
CZ04/ERC&0&cDXHP&Ex&dxHP_equip/NE-dxHP-PkgHP-18to33-Ex-SEER13.4/instance-out.sql,18832.83,263.87,1080.19,2224.35,0.0,2196.82,0.0,3857.24,3.36,0.0,0.0,0.0,9207.0,0.0,0.0,263.87,1080.19,0.00,0.00,2196.82,0.00
CZ04/ERC&0&cDXHP&Ex&dxHP_equip/NE-dxHP-PkgHP-18to33-Ex-SEER15.2/instance-out.sql,18756.61,263.87,1003.97,2224.35,0.0,2196.82,0.0,3857.24,3.36,0.0,0.0,0.0,9207.0,0.0,0.0,263.87,1003.97,0.00,0.00,2196.82,0.00
CZ04/ERC&0&cDXHP&Ex&dxHP_equip/NE-dxHP-PkgHP-18to33-Ex-SEER16.2/instance-out.sql,18725.83,263.87,973.19,2224.35,0.0,2196.82,0.0,3857.24,3.36,0.0,0.0,0.0,9207.0,0.0,0.0,263.87,973.19,0.00,0.00,2196.82,0.00
CZ04/ERC&0&cDXHP&Ex&dxHP_equip/NE-dxHP-PkgHP-18to33-Ex-SEER17.1/instance-out.sql,18701.22,263.87,948.58,2224.35,0.0,2196.82,0.0,3857.24,3.36,0.0,0.0,0.0,9207.0,0.0,0.0,263.87,948.58,0.00,0.00,2196.82,0.00
CZ04/ERC&0&cDXHP&Ex&dxHP_equip/NE-dxHP-PkgHP-18to33-Ex-SEER18.1/instance-out.sql,18677.82,263.87,925.18,2224.35,0.0,2196.82,0.0,3857.24,3.36,0.0,0.0,0.0,9207.0,0.0,0.0,263.87,925.18,0.00,0.00,2196.82,0.00
CZ04/ERC&0&cDXHP&Ex&dxHP_equip/NE-dxHP-PkgHP-33to65-Ex-SEER13.4/instance-out.sql,18832.83,263.87,1080.19,2224.35,0.0,2196.82,0.0,3857.24,3.36,0.0,0.0,0.0,9207.0,0.0,0.0,263.87,1080.19,0.00,0.00,2196.82,0.00
CZ04/ERC&0&cDXHP&Ex&dxHP_equip/NE-dxHP-PkgHP-33to65-Ex-SEER15.2/instance-out.sql,18756.61,263.87,1003.97,2224.35,0.0,2196.82,0.0,3857.24,3.36,0.0,0.0,0.0,9207.0,0.0,0.0,263.87,1003.97,0.00,0.00,2196.82,0.00
CZ04/ERC&0&cDXHP&Ex&dxHP_equip/NE-dxHP-PkgHP-33to65-Ex-SEER16.2/instance-out.sql,18725.83,263.87,973.19,2224.35,0.0,2196.82,0.0,3857.24,3.36,0.0,0.0,0.0,9207.0,0.0,0.0,263.87,973.19,0.00,0.00,2196.82,0.00
CZ04/ERC&0&cDXHP&Ex&dxHP_equip/NE-dxHP-PkgHP-33to65-Ex-SEER17.1/instance-out.sql,18701.22,263.87,948.58,2224.35,0.0,2196.82,0.0,3857.24,3.36,0.0,0.0,0.0,9207.0,0.0,0.0,263.87,948.58,0.00,0.00,2196.82,0.00
CZ04/ERC&0&cDXHP&Ex&dxHP_equip/NE-dxHP-PkgHP-33to65-Ex-SEER18.1/instance-out.sql,18677.82,263.87,925.18,2224.35,0.0,2196.82,0.0,3857.24,3.36,0.0,0.0,0.0,9207.0,0.0,0.0,263.87,925.18,0.00,0.00,2196.82,0.00
CZ04/ERC&0&cDXHP&Ex&dxHP_equip/NE-dxHP-SplitHP-18to33-Ex-SEER14.3/instance-out.sql,18779.15,251.0,1039.37,2224.35,0.0,2196.82,0.0,3857.24,3.36,0.0,0.0,0.0,9207.0,0.0,0.0,251.00,1039.37,0.00,0.00,2196.82,0.00
CZ04/ERC&0&cDXHP&Ex&dxHP_equip/NE-dxHP-SplitHP-18to33-Ex-SEER15.2/instance-out.sql,18743.739999999998,251.0,1003.97,2224.35,0.0,2196.82,0.0,3857.24,3.36,0.0,0.0,0.0,9207.0,0.0,0.0,251.00,1003.97,0.00,0.00,2196.82,0.00
CZ04/ERC&0&cDXHP&Ex&dxHP_equip/NE-dxHP-SplitHP-18to33-Ex-SEER16.2/instance-out.sql,18712.96,251.0,973.19,2224.35,0.0,2196.82,0.0,3857.24,3.36,0.0,0.0,0.0,9207.0,0.0,0.0,251.00,973.19,0.00,0.00,2196.82,0.00
CZ04/ERC&0&cDXHP&Ex&dxHP_equip/NE-dxHP-SplitHP-18to33-Ex-SEER17.1/instance-out.sql,18688.35,251.0,948.58,2224.35,0.0,2196.82,0.0,3857.24,3.36,0.0,0.0,0.0,9207.0,0.0,0.0,251.00,948.58,0.00,0.00,2196.82,0.00
CZ04/ERC&0&cDXHP&Ex&dxHP_equip/NE-dxHP-SplitHP-18to33-Ex-SEER18.1/instance-out.sql,18664.95,251.0,925.18,2224.35,0.0,2196.82,0.0,3857.24,3.36,0.0,0.0,0.0,9207.0,0.0,0.0,251.00,925.18,0.00,0.00,2196.82,0.00
CZ04/ERC&0&cDXHP&Ex&dxHP_equip/NE-dxHP-SplitHP-33to55-Ex-SEER14.3/instance-out.sql,18779.15,251.0,1039.37,2224.35,0.0,2196.82,0.0,3857.24,3.36,0.0,0.0,0.0,9207.0,0.0,0.0,251.00,1039.37,0.00,0.00,2196.82,0.00
CZ04/ERC&0&cDXHP&Ex&dxHP_equip/NE-dxHP-SplitHP-33to55-Ex-SEER15.2/instance-out.sql,18743.739999999998,251.0,1003.97,2224.35,0.0,2196.82,0.0,3857.24,3.36,0.0,0.0,0.0,9207.0,0.0,0.0,251.00,1003.97,0.00,0.00,2196.82,0.00
CZ04/ERC&0&cDXHP&Ex&dxHP_equip/NE-dxHP-SplitHP-33to55-Ex-SEER16.2/instance-out.sql,18712.96,251.0,973.19,2224.35,0.0,2196.82,0.0,3857.24,3.36,0.0,0.0,0.0,9207.0,0.0,0.0,251.00,973.19,0.00,0.00,2196.82,0.00
CZ04/ERC&0&cDXHP&Ex&dxHP_equip/NE-dxHP-SplitHP-33to55-Ex-SEER17.1/instance-out.sql,18688.35,251.0,948.58,2224.35,0.0,2196.82,0.0,3857.24,3.36,0.0,0.0,0.0,9207.0,0.0,0.0,251.00,948.58,0.00,0.00,2196.82,0.00
CZ04/ERC&0&cDXHP&Ex&dxHP_equip/NE-dxHP-SplitHP-33to55-Ex-SEER18.1/instance-out.sql,18664.95,251.0,925.18,2224.35,0.0,2196.82,0.0,3857.24,3.36,0.0,0.0,0.0,9207.0,0.0,0.0,251.00,925.18,0.00,0.00,2196.82,0.00
CZ04/ESe&0&cDXHP&Ex&dxHP_equip/NE-dxHP-PkgHP-18to33-Ex-SEER13.4/instance-out.sql,1182893.78,82706.67,102540.41,197959.32,0.0,323176.74,0.0,248470.77,3.39,0.0,0.0,0.0,228036.47,0.0,0.0,2209.78,102540.41,80496.89,0.00,259085.82,64090.92
CZ04/ESe&0&cDXHP&Ex&dxHP_equip/NE-dxHP-PkgHP-18to33-Ex-SEER15.2/instance-out.sql,1180728.03,82706.67,100374.66,197959.32,0.0,323176.74,0.0,248470.77,3.39,0.0,0.0,0.0,228036.47,0.0,0.0,2209.78,100374.66,80496.89,0.00,259085.82,64090.92
CZ04/ESe&0&cDXHP&Ex&dxHP_equip/NE-dxHP-PkgHP-18to33-Ex-SEER16.2/instance-out.sql,1179853.35,82706.67,99499.97,197959.32,0.0,323176.74,0.0,248470.77,3.39,0.0,0.0,0.0,228036.47,0.0,0.0,2209.78,99499.97,80496.89,0.00,259085.82,64090.92
CZ04/ESe&0&cDXHP&Ex&dxHP_equip/NE-dxHP-PkgHP-18to33-Ex-SEER17.1/instance-out.sql,1179154.06,82706.67,98800.69,197959.32,0.0,323176.74,0.0,248470.77,3.39,0.0,0.0,0.0,228036.47,0.0,0.0,2209.78,98800.69,80496.89,0.00,259085.82,64090.92
CZ04/ESe&0&cDXHP&Ex&dxHP_equip/NE-dxHP-PkgHP-18to33-Ex-SEER18.1/instance-out.sql,1178489.27,82706.67,98135.9,197959.32,0.0,323176.74,0.0,248470.77,3.39,0.0,0.0,0.0,228036.47,0.0,0.0,2209.78,98135.90,80496.89,0.00,259085.82,64090.92
CZ04/ESe&0&cDXHP&Ex&dxHP_equip/NE-dxHP-PkgHP-33to65-Ex-SEER13.4/instance-out.sql,1182893.78,82706.67,102540.41,197959.32,0.0,323176.74,0.0,248470.77,3.39,0.0,0.0,0.0,228036.47,0.0,0.0,2209.78,102540.41,80496.89,0.00,259085.82,64090.92
CZ04/ESe&0&cDXHP&Ex&dxHP_equip/NE-dxHP-PkgHP-33to65-Ex-SEER15.2/instance-out.sql,1180728.03,82706.67,100374.66,197959.32,0.0,323176.74,0.0,248470.77,3.39,0.0,0.0,0.0,228036.47,0.0,0.0,2209.78,100374.66,80496.89,0.00,259085.82,64090.92
CZ04/ESe&0&cDXHP&Ex&dxHP_equip/NE-dxHP-PkgHP-33to65-Ex-SEER16.2/instance-out.sql,1179853.35,82706.67,99499.97,197959.32,0.0,323176.74,0.0,248470.77,3.39,0.0,0.0,0.0,228036.47,0.0,0.0,2209.78,99499.97,80496.89,0.00,259085.82,64090.92
CZ04/ESe&0&cDXHP&Ex&dxHP_equip/NE-dxHP-PkgHP-33to65-Ex-SEER17.1/instance-out.sql,1179154.06,82706.67,98800.69,197959.32,0.0,323176.74,0.0,248470.77,3.39,0.0,0.0,0.0,228036.47,0.0,0.0,2209.78,98800.69,80496.89,0.00,259085.82,64090.92
CZ04/ESe&0&cDXHP&Ex&dxHP_equip/NE-dxHP-PkgHP-33to65-Ex-SEER18.1/instance-out.sql,1178489.27,82706.67,98135.9,197959.32,0.0,323176.74,0.0,248470.77,3.39,0.0,0.0,0.0,228036.47,0.0,0.0,2209.78,98135.90,80496.89,0.00,259085.82,64090.92
CZ04/ESe&0&cDXHP&Ex&dxHP_equip/NE-dxHP-SplitHP-18to33-Ex-SEER14.3/instance-out.sql,1181626.3699999999,82598.98,101380.69,197959.32,0.0,323176.74,0.0,248470.77,3.39,0.0,0.0,0.0,228036.47,0.0,0.0,2102.09,101380.69,80496.89,0.00,259085.82,64090.92
CZ04/ESe&0&cDXHP&Ex&dxHP_equip/NE-dxHP-SplitHP-18to33-Ex-SEER15.2/instance-out.sql,1180620.34,82598.98,100374.66,197959.32,0.0,323176.74,0.0,248470.77,3.39,0.0,0.0,0.0,228036.47,0.0,0.0,2102.09,100374.66,80496.89,0.00,259085.82,64090.92
CZ04/ESe&0&cDXHP&Ex&dxHP_equip/NE-dxHP-SplitHP-18to33-Ex-SEER16.2/instance-out.sql,1179745.65,82598.98,99499.97,197959.32,0.0,323176.74,0.0,248470.77,3.39,0.0,0.0,0.0,228036.47,0.0,0.0,2102.09,99499.97,80496.89,0.00,259085.82,64090.92
CZ04/ESe&0&cDXHP&Ex&dxHP_equip/NE-dxHP-SplitHP-18to33-Ex-SEER17.1/instance-out.sql,1179046.3699999999,82598.98,98800.69,197959.32,0.0,323176.74,0.0,248470.77,3.39,0.0,0.0,0.0,228036.47,0.0,0.0,2102.09,98800.69,80496.89,0.00,259085.82,64090.92
CZ04/ESe&0&cDXHP&Ex&dxHP_equip/NE-dxHP-SplitHP-18to33-Ex-SEER18.1/instance-out.sql,1178381.58,82598.98,98135.9,197959.32,0.0,323176.74,0.0,248470.77,3.39,0.0,0.0,0.0,228036.47,0.0,0.0,2102.09,98135.90,80496.89,0.00,259085.82,64090.92
CZ04/ESe&0&cDXHP&Ex&dxHP_equip/NE-dxHP-SplitHP-33to55-Ex-SEER14.3/instance-out.sql,1181626.3699999999,82598.98,101380.69,197959.32,0.0,323176.74,0.0,248470.77,3.39,0.0,0.0,0.0,228036.47,0.0,0.0,2102.09,101380.69,80496.89,0.00,259085.82,64090.92
CZ04/ESe&0&cDXHP&Ex&dxHP_equip/NE-dxHP-SplitHP-33to55-Ex-SEER15.2/instance-out.sql,1180620.34,82598.98,100374.66,197959.32,0.0,323176.74,0.0,248470.77,3.39,0.0,0.0,0.0,228036.47,0.0,0.0,2102.09,100374.66,80496.89,0.00,259085.82,64090.92
CZ04/ESe&0&cDXHP&Ex&dxHP_equip/NE-dxHP-SplitHP-33to55-Ex-SEER16.2/instance-out.sql,1179745.65,82598.98,99499.97,197959.32,0.0,323176.74,0.0,248470.77,3.39,0.0,0.0,0.0,228036.47,0.0,0.0,2102.09,99499.97,80496.89,0.00,259085.82,64090.92
CZ04/ESe&0&cDXHP&Ex&dxHP_equip/NE-dxHP-SplitHP-33to55-Ex-SEER17.1/instance-out.sql,1179046.3699999999,82598.98,98800.69,197959.32,0.0,323176.74,0.0,248470.77,3.39,0.0,0.0,0.0,228036.47,0.0,0.0,2102.09,98800.69,80496.89,0.00,259085.82,64090.92
CZ04/ESe&0&cDXHP&Ex&dxHP_equip/NE-dxHP-SplitHP-33to55-Ex-SEER18.1/instance-out.sql,1178381.58,82598.98,98135.9,197959.32,0.0,323176.74,0.0,248470.77,3.39,0.0,0.0,0.0,228036.47,0.0,0.0,2102.09,98135.90,80496.89,0.00,259085.82,64090.92
CZ04/EUn&0&cDXHP&Ex&dxHP_equip/NE-dxHP-PkgHP-18to33-Ex-SEER13.4/instance-out.sql,8361452.319999999,33444.83,698152.88,1277404.75,0.0,3682881.23,0.0,1932130.9,3.37,0.0,0.0,0.0,737434.37,0.0,0.0,27740.01,698152.88,5704.82,0.00,3555459.15,127422.08
CZ04/EUn&0&cDXHP&Ex&dxHP_equip/NE-dxHP-PkgHP-18to33-Ex-SEER15.2/instance-out.sql,8328080.49,33444.83,664781.04,1277404.75,0.0,3682881.23,0.0,1932130.9,3.37,0.0,0.0,0.0,737434.37,0.0,0.0,27740.01,664781.04,5704.82,0.00,3555459.15,127422.08
CZ04/EUn&0&cDXHP&Ex&dxHP_equip/NE-dxHP-PkgHP-18to33-Ex-SEER16.2/instance-out.sql,8314602.569999999,33444.83,651303.12,1277404.75,0.0,3682881.23,0.0,1932130.9,3.37,0.0,0.0,0.0,737434.37,0.0,0.0,27740.01,651303.12,5704.82,0.00,3555459.15,127422.08
CZ04/EUn&0&cDXHP&Ex&dxHP_equip/NE-dxHP-PkgHP-18to33-Ex-SEER17.1/instance-out.sql,8303827.38,33444.83,640527.93,1277404.75,0.0,3682881.23,0.0,1932130.9,3.37,0.0,0.0,0.0,737434.37,0.0,0.0,27740.01,640527.93,5704.82,0.00,3555459.15,127422.08
CZ04/EUn&0&cDXHP&Ex&dxHP_equip/NE-dxHP-PkgHP-18to33-Ex-SEER18.1/instance-out.sql,8293583.7,33444.83,630284.26,1277404.75,0.0,3682881.23,0.0,1932130.9,3.37,0.0,0.0,0.0,737434.37,0.0,0.0,27740.01,630284.26,5704.82,0.00,3555459.15,127422.08
CZ04/EUn&0&cDXHP&Ex&dxHP_equip/NE-dxHP-PkgHP-33to65-Ex-SEER13.4/instance-out.sql,8361452.319999999,33444.83,698152.88,1277404.75,0.0,3682881.23,0.0,1932130.9,3.37,0.0,0.0,0.0,737434.37,0.0,0.0,27740.01,698152.88,5704.82,0.00,3555459.15,127422.08
CZ04/EUn&0&cDXHP&Ex&dxHP_equip/NE-dxHP-PkgHP-33to65-Ex-SEER15.2/instance-out.sql,8328080.49,33444.83,664781.04,1277404.75,0.0,3682881.23,0.0,1932130.9,3.37,0.0,0.0,0.0,737434.37,0.0,0.0,27740.01,664781.04,5704.82,0.00,3555459.15,127422.08
CZ04/EUn&0&cDXHP&Ex&dxHP_equip/NE-dxHP-PkgHP-33to65-Ex-SEER16.2/instance-out.sql,8314602.569999999,33444.83,651303.12,1277404.75,0.0,3682881.23,0.0,1932130.9,3.37,0.0,0.0,0.0,737434.37,0.0,0.0,27740.01,651303.12,5704.82,0.00,3555459.15,127422.08
CZ04/EUn&0&cDXHP&Ex&dxHP_equip/NE-dxHP-PkgHP-33to65-Ex-SEER17.1/instance-out.sql,8303827.38,33444.83,640527.93,1277404.75,0.0,3682881.23,0.0,1932130.9,3.37,0.0,0.0,0.0,737434.37,0.0,0.0,27740.01,640527.93,5704.82,0.00,3555459.15,127422.08
CZ04/EUn&0&cDXHP&Ex&dxHP_equip/NE-dxHP-PkgHP-33to65-Ex-SEER18.1/instance-out.sql,8293583.7,33444.83,630284.26,1277404.75,0.0,3682881.23,0.0,1932130.9,3.37,0.0,0.0,0.0,737434.37,0.0,0.0,27740.01,630284.26,5704.82,0.00,3555459.15,127422.08
CZ04/EUn&0&cDXHP&Ex&dxHP_equip/NE-dxHP-SplitHP-18to33-Ex-SEER14.3/instance-out.sql,8342220.7,32083.22,680282.87,1277404.75,0.0,3682881.23,0.0,1932130.9,3.37,0.0,0.0,0.0,737434.37,0.0,0.0,26378.40,680282.87,5704.82,0.00,3555459.15,127422.08
CZ04/EUn&0&cDXHP&Ex&dxHP_equip/NE-dxHP-SplitHP-18to33-Ex-SEER15.2/instance-out.sql,8326718.87,32083.22,664781.04,1277404.75,0.0,3682881.23,0.0,1932130.9,3.37,0.0,0.0,0.0,737434.37,0.0,0.0,26378.40,664781.04,5704.82,0.00,3555459.15,127422.08
CZ04/EUn&0&cDXHP&Ex&dxHP_equip/NE-dxHP-SplitHP-18to33-Ex-SEER16.2/instance-out.sql,8313240.95,32083.22,651303.12,1277404.75,0.0,3682881.23,0.0,1932130.9,3.37,0.0,0.0,0.0,737434.37,0.0,0.0,26378.40,651303.12,5704.82,0.00,3555459.15,127422.08
CZ04/EUn&0&cDXHP&Ex&dxHP_equip/NE-dxHP-SplitHP-18to33-Ex-SEER17.1/instance-out.sql,8302465.76,32083.22,640527.93,1277404.75,0.0,3682881.23,0.0,1932130.9,3.37,0.0,0.0,0.0,737434.37,0.0,0.0,26378.40,640527.93,5704.82,0.00,3555459.15,127422.08
CZ04/EUn&0&cDXHP&Ex&dxHP_equip/NE-dxHP-SplitHP-18to33-Ex-SEER18.1/instance-out.sql,8292222.09,32083.22,630284.26,1277404.75,0.0,3682881.23,0.0,1932130.9,3.37,0.0,0.0,0.0,737434.37,0.0,0.0,26378.40,630284.26,5704.82,0.00,3555459.15,127422.08
CZ04/EUn&0&cDXHP&Ex&dxHP_equip/NE-dxHP-SplitHP-33to55-Ex-SEER14.3/instance-out.sql,8342220.7,32083.22,680282.87,1277404.75,0.0,3682881.23,0.0,1932130.9,3.37,0.0,0.0,0.0,737434.37,0.0,0.0,26378.40,680282.87,5704.82,0.00,3555459.15,127422.08
CZ04/EUn&0&cDXHP&Ex&dxHP_equip/NE-dxHP-SplitHP-33to55-Ex-SEER15.2/instance-out.sql,8326718.87,32083.22,664781.04,1277404.75,0.0,3682881.23,0.0,1932130.9,3.37,0.0,0.0,0.0,737434.37,0.0,0.0,26378.40,664781.04,5704.82,0.00,3555459.15,127422.08
CZ04/EUn&0&cDXHP&Ex&dxHP_equip/NE-dxHP-SplitHP-33to55-Ex-SEER16.2/instance-out.sql,8313240.95,32083.22,651303.12,1277404.75,0.0,3682881.23,0.0,1932130.9,3.37,0.0,0.0,0.0,737434.37,0.0,0.0,26378.40,651303.12,5704.82,0.00,3555459.15,127422.08
CZ04/EUn&0&cDXHP&Ex&dxHP_equip/NE-dxHP-SplitHP-33to55-Ex-SEER17.1/instance-out.sql,8302465.76,32083.22,640527.93,1277404.75,0.0,3682881.23,0.0,1932130.9,3.37,0.0,0.0,0.0,737434.37,0.0,0.0,26378.40,640527.93,5704.82,0.00,3555459.15,127422.08
CZ04/EUn&0&cDXHP&Ex&dxHP_equip/NE-dxHP-SplitHP-33to55-Ex-SEER18.1/instance-out.sql,8292222.09,32083.22,630284.26,1277404.75,0.0,3682881.23,0.0,1932130.9,3.37,0.0,0.0,0.0,737434.37,0.0,0.0,26378.40,630284.26,5704.82,0.00,3555459.15,127422.08
CZ04/Gro&0&cDXHP&Ex&dxHP_equip/NE-dxHP-PkgHP-18to33-Ex-SEER13.4/instance-out.sql,1715934.77,24912.07,34757.96,249218.65,0.0,177584.03,0.0,150226.89,3.38,0.0,0.0,0.0,59325.69,1019906.1,0.0,24912.07,34757.96,0.00,0.00,177584.03,0.00
CZ04/Gro&0&cDXHP&Ex&dxHP_equip/NE-dxHP-PkgHP-18to33-Ex-SEER15.2/instance-out.sql,1713482.27,24912.07,32305.45,249218.65,0.0,177584.03,0.0,150226.89,3.38,0.0,0.0,0.0,59325.69,1019906.1,0.0,24912.07,32305.45,0.00,0.00,177584.03,0.00
CZ04/Gro&0&cDXHP&Ex&dxHP_equip/NE-dxHP-PkgHP-18to33-Ex-SEER16.2/instance-out.sql,1712491.77,24912.07,31314.95,249218.65,0.0,177584.03,0.0,150226.89,3.38,0.0,0.0,0.0,59325.69,1019906.1,0.0,24912.07,31314.95,0.00,0.00,177584.03,0.00
CZ04/Gro&0&cDXHP&Ex&dxHP_equip/NE-dxHP-PkgHP-18to33-Ex-SEER17.1/instance-out.sql,1711699.9,24912.07,30523.08,249218.65,0.0,177584.03,0.0,150226.89,3.38,0.0,0.0,0.0,59325.69,1019906.1,0.0,24912.07,30523.08,0.00,0.00,177584.03,0.00
CZ04/Gro&0&cDXHP&Ex&dxHP_equip/NE-dxHP-PkgHP-18to33-Ex-SEER18.1/instance-out.sql,1710947.0899999999,24912.07,29770.27,249218.65,0.0,177584.03,0.0,150226.89,3.38,0.0,0.0,0.0,59325.69,1019906.1,0.0,24912.07,29770.27,0.00,0.00,177584.03,0.00
CZ04/Gro&0&cDXHP&Ex&dxHP_equip/NE-dxHP-PkgHP-33to65-Ex-SEER13.4/instance-out.sql,1715934.77,24912.07,34757.96,249218.65,0.0,177584.03,0.0,150226.89,3.38,0.0,0.0,0.0,59325.69,1019906.1,0.0,24912.07,34757.96,0.00,0.00,177584.03,0.00
CZ04/Gro&0&cDXHP&Ex&dxHP_equip/NE-dxHP-PkgHP-33to65-Ex-SEER15.2/instance-out.sql,1713482.27,24912.07,32305.45,249218.65,0.0,177584.03,0.0,150226.89,3.38,0.0,0.0,0.0,59325.69,1019906.1,0.0,24912.07,32305.45,0.00,0.00,177584.03,0.00
CZ04/Gro&0&cDXHP&Ex&dxHP_equip/NE-dxHP-PkgHP-33to65-Ex-SEER16.2/instance-out.sql,1712491.77,24912.07,31314.95,249218.65,0.0,177584.03,0.0,150226.89,3.38,0.0,0.0,0.0,59325.69,1019906.1,0.0,24912.07,31314.95,0.00,0.00,177584.03,0.00
CZ04/Gro&0&cDXHP&Ex&dxHP_equip/NE-dxHP-PkgHP-33to65-Ex-SEER17.1/instance-out.sql,1711699.9,24912.07,30523.08,249218.65,0.0,177584.03,0.0,150226.89,3.38,0.0,0.0,0.0,59325.69,1019906.1,0.0,24912.07,30523.08,0.00,0.00,177584.03,0.00
CZ04/Gro&0&cDXHP&Ex&dxHP_equip/NE-dxHP-PkgHP-33to65-Ex-SEER18.1/instance-out.sql,1710947.0899999999,24912.07,29770.27,249218.65,0.0,177584.03,0.0,150226.89,3.38,0.0,0.0,0.0,59325.69,1019906.1,0.0,24912.07,29770.27,0.00,0.00,177584.03,0.00
CZ04/Gro&0&cDXHP&Ex&dxHP_equip/NE-dxHP-SplitHP-18to33-Ex-SEER14.3/instance-out.sql,1713382.3399999999,23672.91,33444.68,249218.65,0.0,177584.03,0.0,150226.89,3.38,0.0,0.0,0.0,59325.69,1019906.1,0.0,23672.91,33444.68,0.00,0.00,177584.03,0.00
CZ04/Gro&0&cDXHP&Ex&dxHP_equip/NE-dxHP-SplitHP-18to33-Ex-SEER15.2/instance-out.sql,1712243.1099999999,23672.91,32305.45,249218.65,0.0,177584.03,0.0,150226.89,3.38,0.0,0.0,0.0,59325.69,1019906.1,0.0,23672.91,32305.45,0.00,0.00,177584.03,0.00
CZ04/Gro&0&cDXHP&Ex&dxHP_equip/NE-dxHP-SplitHP-18to33-Ex-SEER16.2/instance-out.sql,1711252.6099999999,23672.91,31314.95,249218.65,0.0,177584.03,0.0,150226.89,3.38,0.0,0.0,0.0,59325.69,1019906.1,0.0,23672.91,31314.95,0.00,0.00,177584.03,0.00
CZ04/Gro&0&cDXHP&Ex&dxHP_equip/NE-dxHP-SplitHP-18to33-Ex-SEER17.1/instance-out.sql,1710460.74,23672.91,30523.08,249218.65,0.0,177584.03,0.0,150226.89,3.38,0.0,0.0,0.0,59325.69,1019906.1,0.0,23672.91,30523.08,0.00,0.00,177584.03,0.00
CZ04/Gro&0&cDXHP&Ex&dxHP_equip/NE-dxHP-SplitHP-18to33-Ex-SEER18.1/instance-out.sql,1709707.93,23672.91,29770.27,249218.65,0.0,177584.03,0.0,150226.89,3.38,0.0,0.0,0.0,59325.69,1019906.1,0.0,23672.91,29770.27,0.00,0.00,177584.03,0.00
CZ04/Gro&0&cDXHP&Ex&dxHP_equip/NE-dxHP-SplitHP-33to55-Ex-SEER14.3/instance-out.sql,1713382.3399999999,23672.91,33444.68,249218.65,0.0,177584.03,0.0,150226.89,3.38,0.0,0.0,0.0,59325.69,1019906.1,0.0,23672.91,33444.68,0.00,0.00,177584.03,0.00
CZ04/Gro&0&cDXHP&Ex&dxHP_equip/NE-dxHP-SplitHP-33to55-Ex-SEER15.2/instance-out.sql,1712243.1099999999,23672.91,32305.45,249218.65,0.0,177584.03,0.0,150226.89,3.38,0.0,0.0,0.0,59325.69,1019906.1,0.0,23672.91,32305.45,0.00,0.00,177584.03,0.00
CZ04/Gro&0&cDXHP&Ex&dxHP_equip/NE-dxHP-SplitHP-33to55-Ex-SEER16.2/instance-out.sql,1711252.6099999999,23672.91,31314.95,249218.65,0.0,177584.03,0.0,150226.89,3.38,0.0,0.0,0.0,59325.69,1019906.1,0.0,23672.91,31314.95,0.00,0.00,177584.03,0.00
CZ04/Gro&0&cDXHP&Ex&dxHP_equip/NE-dxHP-SplitHP-33to55-Ex-SEER17.1/instance-out.sql,1710460.74,23672.91,30523.08,249218.65,0.0,177584.03,0.0,150226.89,3.38,0.0,0.0,0.0,59325.69,1019906.1,0.0,23672.91,30523.08,0.00,0.00,177584.03,0.00
CZ04/Gro&0&cDXHP&Ex&dxHP_equip/NE-dxHP-SplitHP-33to55-Ex-SEER18.1/instance-out.sql,1709707.93,23672.91,29770.27,249218.65,0.0,177584.03,0.0,150226.89,3.38,0.0,0.0,0.0,59325.69,1019906.1,0.0,23672.91,29770.27,0.00,0.00,177584.03,0.00
CZ04/Hsp&0&cDXHP&Ex&dxHP_equip/NE-dxHP-PkgHP-18to33-Ex-SEER13.4/instance-out.sql,3634003.36,187159.44,612481.67,856282.21,0.0,1182847.3,0.0,500468.33,37772.46,0.0,0.0,0.0,256991.95,0.0,0.0,3886.69,612481.67,183272.75,0.00,1139112.10,43735.20
CZ04/Hsp&0&cDXHP&Ex&dxHP_equip/NE-dxHP-PkgHP-18to33-Ex-SEER15.2/instance-out.sql,3629112.75,187159.44,607591.06,856282.21,0.0,1182847.3,0.0,500468.33,37772.46,0.0,0.0,0.0,256991.95,0.0,0.0,3886.69,607591.06,183272.75,0.00,1139112.10,43735.20
CZ04/Hsp&0&cDXHP&Ex&dxHP_equip/NE-dxHP-PkgHP-18to33-Ex-SEER16.2/instance-out.sql,3627137.57,187159.44,605615.88,856282.21,0.0,1182847.3,0.0,500468.33,37772.46,0.0,0.0,0.0,256991.95,0.0,0.0,3886.69,605615.88,183272.75,0.00,1139112.10,43735.20
CZ04/Hsp&0&cDXHP&Ex&dxHP_equip/NE-dxHP-PkgHP-18to33-Ex-SEER17.1/instance-out.sql,3625558.4699999997,187159.44,604036.78,856282.21,0.0,1182847.3,0.0,500468.33,37772.46,0.0,0.0,0.0,256991.95,0.0,0.0,3886.69,604036.78,183272.75,0.00,1139112.10,43735.20
CZ04/Hsp&0&cDXHP&Ex&dxHP_equip/NE-dxHP-PkgHP-18to33-Ex-SEER18.1/instance-out.sql,3624057.27,187159.44,602535.58,856282.21,0.0,1182847.3,0.0,500468.33,37772.46,0.0,0.0,0.0,256991.95,0.0,0.0,3886.69,602535.58,183272.75,0.00,1139112.10,43735.20
CZ04/Hsp&0&cDXHP&Ex&dxHP_equip/NE-dxHP-PkgHP-33to65-Ex-SEER13.4/instance-out.sql,3634003.36,187159.44,612481.67,856282.21,0.0,1182847.3,0.0,500468.33,37772.46,0.0,0.0,0.0,256991.95,0.0,0.0,3886.69,612481.67,183272.75,0.00,1139112.10,43735.20
CZ04/Hsp&0&cDXHP&Ex&dxHP_equip/NE-dxHP-PkgHP-33to65-Ex-SEER15.2/instance-out.sql,3629112.75,187159.44,607591.06,856282.21,0.0,1182847.3,0.0,500468.33,37772.46,0.0,0.0,0.0,256991.95,0.0,0.0,3886.69,607591.06,183272.75,0.00,1139112.10,43735.20
CZ04/Hsp&0&cDXHP&Ex&dxHP_equip/NE-dxHP-PkgHP-33to65-Ex-SEER16.2/instance-out.sql,3627137.57,187159.44,605615.88,856282.21,0.0,1182847.3,0.0,500468.33,37772.46,0.0,0.0,0.0,256991.95,0.0,0.0,3886.69,605615.88,183272.75,0.00,1139112.10,43735.20
CZ04/Hsp&0&cDXHP&Ex&dxHP_equip/NE-dxHP-PkgHP-33to65-Ex-SEER17.1/instance-out.sql,3625558.4699999997,187159.44,604036.78,856282.21,0.0,1182847.3,0.0,500468.33,37772.46,0.0,0.0,0.0,256991.95,0.0,0.0,3886.69,604036.78,183272.75,0.00,1139112.10,43735.20
CZ04/Hsp&0&cDXHP&Ex&dxHP_equip/NE-dxHP-PkgHP-33to65-Ex-SEER18.1/instance-out.sql,3624057.27,187159.44,602535.58,856282.21,0.0,1182847.3,0.0,500468.33,37772.46,0.0,0.0,0.0,256991.95,0.0,0.0,3886.69,602535.58,183272.75,0.00,1139112.10,43735.20
CZ04/Hsp&0&cDXHP&Ex&dxHP_equip/NE-dxHP-SplitHP-18to33-Ex-SEER14.3/instance-out.sql,3631196.12,186971.04,609862.84,856282.21,0.0,1182847.3,0.0,500468.33,37772.46,0.0,0.0,0.0,256991.95,0.0,0.0,3698.29,609862.84,183272.75,0.00,1139112.10,43735.20
CZ04/Hsp&0&cDXHP&Ex&dxHP_equip/NE-dxHP-SplitHP-18to33-Ex-SEER15.2/instance-out.sql,3628924.34,186971.04,607591.06,856282.21,0.0,1182847.3,0.0,500468.33,37772.46,0.0,0.0,0.0,256991.95,0.0,0.0,3698.29,607591.06,183272.75,0.00,1139112.10,43735.20
CZ04/Hsp&0&cDXHP&Ex&dxHP_equip/NE-dxHP-SplitHP-18to33-Ex-SEER16.2/instance-out.sql,3626949.17,186971.04,605615.88,856282.21,0.0,1182847.3,0.0,500468.33,37772.46,0.0,0.0,0.0,256991.95,0.0,0.0,3698.29,605615.88,183272.75,0.00,1139112.10,43735.20
CZ04/Hsp&0&cDXHP&Ex&dxHP_equip/NE-dxHP-SplitHP-18to33-Ex-SEER17.1/instance-out.sql,3625370.07,186971.04,604036.78,856282.21,0.0,1182847.3,0.0,500468.33,37772.46,0.0,0.0,0.0,256991.95,0.0,0.0,3698.29,604036.78,183272.75,0.00,1139112.10,43735.20
CZ04/Hsp&0&cDXHP&Ex&dxHP_equip/NE-dxHP-SplitHP-18to33-Ex-SEER18.1/instance-out.sql,3623868.87,186971.04,602535.58,856282.21,0.0,1182847.3,0.0,500468.33,37772.46,0.0,0.0,0.0,256991.95,0.0,0.0,3698.29,602535.58,183272.75,0.00,1139112.10,43735.20
CZ04/Hsp&0&cDXHP&Ex&dxHP_equip/NE-dxHP-SplitHP-33to55-Ex-SEER14.3/instance-out.sql,3631196.12,186971.04,609862.84,856282.21,0.0,1182847.3,0.0,500468.33,37772.46,0.0,0.0,0.0,256991.95,0.0,0.0,3698.29,609862.84,183272.75,0.00,1139112.10,43735.20
CZ04/Hsp&0&cDXHP&Ex&dxHP_equip/NE-dxHP-SplitHP-33to55-Ex-SEER15.2/instance-out.sql,3628924.34,186971.04,607591.06,856282.21,0.0,1182847.3,0.0,500468.33,37772.46,0.0,0.0,0.0,256991.95,0.0,0.0,3698.29,607591.06,183272.75,0.00,1139112.10,43735.20
CZ04/Hsp&0&cDXHP&Ex&dxHP_equip/NE-dxHP-SplitHP-33to55-Ex-SEER16.2/instance-out.sql,3626949.17,186971.04,605615.88,856282.21,0.0,1182847.3,0.0,500468.33,37772.46,0.0,0.0,0.0,256991.95,0.0,0.0,3698.29,605615.88,183272.75,0.00,1139112.10,43735.20
CZ04/Hsp&0&cDXHP&Ex&dxHP_equip/NE-dxHP-SplitHP-33to55-Ex-SEER17.1/instance-out.sql,3625370.07,186971.04,604036.78,856282.21,0.0,1182847.3,0.0,500468.33,37772.46,0.0,0.0,0.0,256991.95,0.0,0.0,3698.29,604036.78,183272.75,0.00,1139112.10,43735.20
CZ04/Hsp&0&cDXHP&Ex&dxHP_equip/NE-dxHP-SplitHP-33to55-Ex-SEER18.1/instance-out.sql,3623868.87,186971.04,602535.58,856282.21,0.0,1182847.3,0.0,500468.33,37772.46,0.0,0.0,0.0,256991.95,0.0,0.0,3698.29,602535.58,183272.75,0.00,1139112.10,43735.20
CZ04/MBT&0&cDXHP&Ex&dxHP_equip/NE-dxHP-PkgHP-18to33-Ex-SEER13.4/instance-out.sql,6240620.16,1934595.6300000001,239341.85,709539.71,0.0,2167645.51,0.0,1018363.74,644.45,0.0,0.0,0.0,170489.28,0.0,0.0,12975.62,239341.85,1921620.01,0.00,1394057.91,773587.60
CZ04/MBT&0&cDXHP&Ex&dxHP_equip/NE-dxHP-PkgHP-18to33-Ex-SEER15.2/instance-out.sql,6234880.29,1934595.6300000001,233601.97,709539.71,0.0,2167645.51,0.0,1018363.74,644.45,0.0,0.0,0.0,170489.28,0.0,0.0,12975.62,233601.97,1921620.01,0.00,1394057.91,773587.60
CZ04/MBT&0&cDXHP&Ex&dxHP_equip/NE-dxHP-PkgHP-18to33-Ex-SEER16.2/instance-out.sql,6232562.11,1934595.6300000001,231283.8,709539.71,0.0,2167645.51,0.0,1018363.74,644.45,0.0,0.0,0.0,170489.28,0.0,0.0,12975.62,231283.80,1921620.01,0.00,1394057.91,773587.60
CZ04/MBT&0&cDXHP&Ex&dxHP_equip/NE-dxHP-PkgHP-18to33-Ex-SEER17.1/instance-out.sql,6230708.8100000005,1934595.6300000001,229430.49,709539.71,0.0,2167645.51,0.0,1018363.74,644.45,0.0,0.0,0.0,170489.28,0.0,0.0,12975.62,229430.49,1921620.01,0.00,1394057.91,773587.60
CZ04/MBT&0&cDXHP&Ex&dxHP_equip/NE-dxHP-PkgHP-18to33-Ex-SEER18.1/instance-out.sql,6228946.92,1934595.6300000001,227668.6,709539.71,0.0,2167645.51,0.0,1018363.74,644.45,0.0,0.0,0.0,170489.28,0.0,0.0,12975.62,227668.60,1921620.01,0.00,1394057.91,773587.60
CZ04/MBT&0&cDXHP&Ex&dxHP_equip/NE-dxHP-PkgHP-33to65-Ex-SEER13.4/instance-out.sql,6240620.16,1934595.6300000001,239341.85,709539.71,0.0,2167645.51,0.0,1018363.74,644.45,0.0,0.0,0.0,170489.28,0.0,0.0,12975.62,239341.85,1921620.01,0.00,1394057.91,773587.60
CZ04/MBT&0&cDXHP&Ex&dxHP_equip/NE-dxHP-PkgHP-33to65-Ex-SEER15.2/instance-out.sql,6234880.29,1934595.6300000001,233601.97,709539.71,0.0,2167645.51,0.0,1018363.74,644.45,0.0,0.0,0.0,170489.28,0.0,0.0,12975.62,233601.97,1921620.01,0.00,1394057.91,773587.60
CZ04/MBT&0&cDXHP&Ex&dxHP_equip/NE-dxHP-PkgHP-33to65-Ex-SEER16.2/instance-out.sql,6232562.11,1934595.6300000001,231283.8,709539.71,0.0,2167645.51,0.0,1018363.74,644.45,0.0,0.0,0.0,170489.28,0.0,0.0,12975.62,231283.80,1921620.01,0.00,1394057.91,773587.60
CZ04/MBT&0&cDXHP&Ex&dxHP_equip/NE-dxHP-PkgHP-33to65-Ex-SEER17.1/instance-out.sql,6230708.8100000005,1934595.6300000001,229430.49,709539.71,0.0,2167645.51,0.0,1018363.74,644.45,0.0,0.0,0.0,170489.28,0.0,0.0,12975.62,229430.49,1921620.01,0.00,1394057.91,773587.60
CZ04/MBT&0&cDXHP&Ex&dxHP_equip/NE-dxHP-PkgHP-33to65-Ex-SEER18.1/instance-out.sql,6228946.92,1934595.6300000001,227668.6,709539.71,0.0,2167645.51,0.0,1018363.74,644.45,0.0,0.0,0.0,170489.28,0.0,0.0,12975.62,227668.60,1921620.01,0.00,1394057.91,773587.60
CZ04/MBT&0&cDXHP&Ex&dxHP_equip/NE-dxHP-SplitHP-18to33-Ex-SEER14.3/instance-out.sql,6236907.26,1933956.32,236268.25,709539.71,0.0,2167645.51,0.0,1018363.74,644.45,0.0,0.0,0.0,170489.28,0.0,0.0,12336.31,236268.25,1921620.01,0.00,1394057.91,773587.60
CZ04/MBT&0&cDXHP&Ex&dxHP_equip/NE-dxHP-SplitHP-18to33-Ex-SEER15.2/instance-out.sql,6234240.98,1933956.32,233601.97,709539.71,0.0,2167645.51,0.0,1018363.74,644.45,0.0,0.0,0.0,170489.28,0.0,0.0,12336.31,233601.97,1921620.01,0.00,1394057.91,773587.60
CZ04/MBT&0&cDXHP&Ex&dxHP_equip/NE-dxHP-SplitHP-18to33-Ex-SEER16.2/instance-out.sql,6231922.8100000005,1933956.32,231283.8,709539.71,0.0,2167645.51,0.0,1018363.74,644.45,0.0,0.0,0.0,170489.28,0.0,0.0,12336.31,231283.80,1921620.01,0.00,1394057.91,773587.60
CZ04/MBT&0&cDXHP&Ex&dxHP_equip/NE-dxHP-SplitHP-18to33-Ex-SEER17.1/instance-out.sql,6230069.5,1933956.32,229430.49,709539.71,0.0,2167645.51,0.0,1018363.74,644.45,0.0,0.0,0.0,170489.28,0.0,0.0,12336.31,229430.49,1921620.01,0.00,1394057.91,773587.60
CZ04/MBT&0&cDXHP&Ex&dxHP_equip/NE-dxHP-SplitHP-18to33-Ex-SEER18.1/instance-out.sql,6228307.61,1933956.32,227668.6,709539.71,0.0,2167645.51,0.0,1018363.74,644.45,0.0,0.0,0.0,170489.28,0.0,0.0,12336.31,227668.60,1921620.01,0.00,1394057.91,773587.60
CZ04/MBT&0&cDXHP&Ex&dxHP_equip/NE-dxHP-SplitHP-33to55-Ex-SEER14.3/instance-out.sql,6236907.26,1933956.32,236268.25,709539.71,0.0,2167645.51,0.0,1018363.74,644.45,0.0,0.0,0.0,170489.28,0.0,0.0,12336.31,236268.25,1921620.01,0.00,1394057.91,773587.60
CZ04/MBT&0&cDXHP&Ex&dxHP_equip/NE-dxHP-SplitHP-33to55-Ex-SEER15.2/instance-out.sql,6234240.98,1933956.32,233601.97,709539.71,0.0,2167645.51,0.0,1018363.74,644.45,0.0,0.0,0.0,170489.28,0.0,0.0,12336.31,233601.97,1921620.01,0.00,1394057.91,773587.60
CZ04/MBT&0&cDXHP&Ex&dxHP_equip/NE-dxHP-SplitHP-33to55-Ex-SEER16.2/instance-out.sql,6231922.8100000005,1933956.32,231283.8,709539.71,0.0,2167645.51,0.0,1018363.74,644.45,0.0,0.0,0.0,170489.28,0.0,0.0,12336.31,231283.80,1921620.01,0.00,1394057.91,773587.60
CZ04/MBT&0&cDXHP&Ex&dxHP_equip/NE-dxHP-SplitHP-33to55-Ex-SEER17.1/instance-out.sql,6230069.5,1933956.32,229430.49,709539.71,0.0,2167645.51,0.0,1018363.74,644.45,0.0,0.0,0.0,170489.28,0.0,0.0,12336.31,229430.49,1921620.01,0.00,1394057.91,773587.60
CZ04/MBT&0&cDXHP&Ex&dxHP_equip/NE-dxHP-SplitHP-33to55-Ex-SEER18.1/instance-out.sql,6228307.61,1933956.32,227668.6,709539.71,0.0,2167645.51,0.0,1018363.74,644.45,0.0,0.0,0.0,170489.28,0.0,0.0,12336.31,227668.60,1921620.01,0.00,1394057.91,773587.60
CZ04/MLI&0&cDXHP&Ex&dxHP_equip/NE-dxHP-PkgHP-18to33-Ex-SEER13.4/instance-out.sql,969948.49,19910.9,80109.99,283149.19,0.0,239893.0,0.0,299265.97,3.37,0.0,0.0,0.0,47616.07,0.0,0.0,19910.90,80109.99,0.00,0.00,239893.00,0.00
CZ04/MLI&0&cDXHP&Ex&dxHP_equip/NE-dxHP-PkgHP-18to33-Ex-SEER15.2/instance-out.sql,964295.96,19910.9,74457.46,283149.19,0.0,239893.0,0.0,299265.97,3.37,0.0,0.0,0.0,47616.07,0.0,0.0,19910.90,74457.46,0.00,0.00,239893.00,0.00
CZ04/MLI&0&cDXHP&Ex&dxHP_equip/NE-dxHP-PkgHP-18to33-Ex-SEER16.2/instance-out.sql,962013.07,19910.9,72174.56,283149.19,0.0,239893.0,0.0,299265.97,3.37,0.0,0.0,0.0,47616.07,0.0,0.0,19910.90,72174.56,0.00,0.00,239893.00,0.00
CZ04/MLI&0&cDXHP&Ex&dxHP_equip/NE-dxHP-PkgHP-18to33-Ex-SEER17.1/instance-out.sql,960187.96,19910.9,70349.46,283149.19,0.0,239893.0,0.0,299265.97,3.37,0.0,0.0,0.0,47616.07,0.0,0.0,19910.90,70349.46,0.00,0.00,239893.00,0.00
CZ04/MLI&0&cDXHP&Ex&dxHP_equip/NE-dxHP-PkgHP-18to33-Ex-SEER18.1/instance-out.sql,958452.8899999999,19910.9,68614.38,283149.19,0.0,239893.0,0.0,299265.97,3.37,0.0,0.0,0.0,47616.07,0.0,0.0,19910.90,68614.38,0.00,0.00,239893.00,0.00
CZ04/MLI&0&cDXHP&Ex&dxHP_equip/NE-dxHP-PkgHP-33to65-Ex-SEER13.4/instance-out.sql,969948.49,19910.9,80109.99,283149.19,0.0,239893.0,0.0,299265.97,3.37,0.0,0.0,0.0,47616.07,0.0,0.0,19910.90,80109.99,0.00,0.00,239893.00,0.00
CZ04/MLI&0&cDXHP&Ex&dxHP_equip/NE-dxHP-PkgHP-33to65-Ex-SEER15.2/instance-out.sql,964295.96,19910.9,74457.46,283149.19,0.0,239893.0,0.0,299265.97,3.37,0.0,0.0,0.0,47616.07,0.0,0.0,19910.90,74457.46,0.00,0.00,239893.00,0.00
CZ04/MLI&0&cDXHP&Ex&dxHP_equip/NE-dxHP-PkgHP-33to65-Ex-SEER16.2/instance-out.sql,962013.07,19910.9,72174.56,283149.19,0.0,239893.0,0.0,299265.97,3.37,0.0,0.0,0.0,47616.07,0.0,0.0,19910.90,72174.56,0.00,0.00,239893.00,0.00
CZ04/MLI&0&cDXHP&Ex&dxHP_equip/NE-dxHP-PkgHP-33to65-Ex-SEER17.1/instance-out.sql,960187.96,19910.9,70349.46,283149.19,0.0,239893.0,0.0,299265.97,3.37,0.0,0.0,0.0,47616.07,0.0,0.0,19910.90,70349.46,0.00,0.00,239893.00,0.00
CZ04/MLI&0&cDXHP&Ex&dxHP_equip/NE-dxHP-PkgHP-33to65-Ex-SEER18.1/instance-out.sql,958452.8899999999,19910.9,68614.38,283149.19,0.0,239893.0,0.0,299265.97,3.37,0.0,0.0,0.0,47616.07,0.0,0.0,19910.90,68614.38,0.00,0.00,239893.00,0.00
CZ04/MLI&0&cDXHP&Ex&dxHP_equip/NE-dxHP-SplitHP-18to33-Ex-SEER14.3/instance-out.sql,965942.6,18931.84,77083.16,283149.19,0.0,239893.0,0.0,299265.97,3.37,0.0,0.0,0.0,47616.07,0.0,0.0,18931.84,77083.16,0.00,0.00,239893.00,0.00
CZ04/MLI&0&cDXHP&Ex&dxHP_equip/NE-dxHP-SplitHP-18to33-Ex-SEER15.2/instance-out.sql,963316.8999999999,18931.84,74457.46,283149.19,0.0,239893.0,0.0,299265.97,3.37,0.0,0.0,0.0,47616.07,0.0,0.0,18931.84,74457.46,0.00,0.00,239893.00,0.00
CZ04/MLI&0&cDXHP&Ex&dxHP_equip/NE-dxHP-SplitHP-18to33-Ex-SEER16.2/instance-out.sql,961034.0099999999,18931.84,72174.56,283149.19,0.0,239893.0,0.0,299265.97,3.37,0.0,0.0,0.0,47616.07,0.0,0.0,18931.84,72174.56,0.00,0.00,239893.00,0.00
CZ04/MLI&0&cDXHP&Ex&dxHP_equip/NE-dxHP-SplitHP-18to33-Ex-SEER17.1/instance-out.sql,959208.8999999999,18931.84,70349.46,283149.19,0.0,239893.0,0.0,299265.97,3.37,0.0,0.0,0.0,47616.07,0.0,0.0,18931.84,70349.46,0.00,0.00,239893.00,0.00
CZ04/MLI&0&cDXHP&Ex&dxHP_equip/NE-dxHP-SplitHP-18to33-Ex-SEER18.1/instance-out.sql,957473.83,18931.84,68614.38,283149.19,0.0,239893.0,0.0,299265.97,3.37,0.0,0.0,0.0,47616.07,0.0,0.0,18931.84,68614.38,0.00,0.00,239893.00,0.00
CZ04/MLI&0&cDXHP&Ex&dxHP_equip/NE-dxHP-SplitHP-33to55-Ex-SEER14.3/instance-out.sql,965942.6,18931.84,77083.16,283149.19,0.0,239893.0,0.0,299265.97,3.37,0.0,0.0,0.0,47616.07,0.0,0.0,18931.84,77083.16,0.00,0.00,239893.00,0.00
CZ04/MLI&0&cDXHP&Ex&dxHP_equip/NE-dxHP-SplitHP-33to55-Ex-SEER15.2/instance-out.sql,963316.8999999999,18931.84,74457.46,283149.19,0.0,239893.0,0.0,299265.97,3.37,0.0,0.0,0.0,47616.07,0.0,0.0,18931.84,74457.46,0.00,0.00,239893.00,0.00
CZ04/MLI&0&cDXHP&Ex&dxHP_equip/NE-dxHP-SplitHP-33to55-Ex-SEER16.2/instance-out.sql,961034.0099999999,18931.84,72174.56,283149.19,0.0,239893.0,0.0,299265.97,3.37,0.0,0.0,0.0,47616.07,0.0,0.0,18931.84,72174.56,0.00,0.00,239893.00,0.00
CZ04/MLI&0&cDXHP&Ex&dxHP_equip/NE-dxHP-SplitHP-33to55-Ex-SEER17.1/instance-out.sql,959208.8999999999,18931.84,70349.46,283149.19,0.0,239893.0,0.0,299265.97,3.37,0.0,0.0,0.0,47616.07,0.0,0.0,18931.84,70349.46,0.00,0.00,239893.00,0.00
CZ04/MLI&0&cDXHP&Ex&dxHP_equip/NE-dxHP-SplitHP-33to55-Ex-SEER18.1/instance-out.sql,957473.83,18931.84,68614.38,283149.19,0.0,239893.0,0.0,299265.97,3.37,0.0,0.0,0.0,47616.07,0.0,0.0,18931.84,68614.38,0.00,0.00,239893.00,0.00
CZ04/Mtl&0&cDXHP&Ex&dxHP_equip/NE-dxHP-PkgHP-18to33-Ex-SEER13.4/instance-out.sql,165413.05000000002,2828.89,22814.45,51285.47,0.0,22443.33,0.0,58317.09,3.36,0.0,0.0,0.0,7720.44,0.0,0.0,2596.08,22814.45,232.81,0.00,22191.36,251.97
CZ04/Mtl&0&cDXHP&Ex&dxHP_equip/NE-dxHP-PkgHP-18to33-Ex-SEER15.2/instance-out.sql,164182.59,2828.89,21583.99,51285.47,0.0,22443.33,0.0,58317.09,3.36,0.0,0.0,0.0,7720.44,0.0,0.0,2596.08,21583.99,232.81,0.00,22191.36,251.97
CZ04/Mtl&0&cDXHP&Ex&dxHP_equip/NE-dxHP-PkgHP-18to33-Ex-SEER16.2/instance-out.sql,163685.64,2828.89,21087.04,51285.47,0.0,22443.33,0.0,58317.09,3.36,0.0,0.0,0.0,7720.44,0.0,0.0,2596.08,21087.04,232.81,0.00,22191.36,251.97
CZ04/Mtl&0&cDXHP&Ex&dxHP_equip/NE-dxHP-PkgHP-18to33-Ex-SEER17.1/instance-out.sql,163288.34,2828.89,20689.75,51285.47,0.0,22443.33,0.0,58317.09,3.36,0.0,0.0,0.0,7720.44,0.0,0.0,2596.08,20689.75,232.81,0.00,22191.36,251.97
CZ04/Mtl&0&cDXHP&Ex&dxHP_equip/NE-dxHP-PkgHP-18to33-Ex-SEER18.1/instance-out.sql,162910.65000000002,2828.89,20312.05,51285.47,0.0,22443.33,0.0,58317.09,3.36,0.0,0.0,0.0,7720.44,0.0,0.0,2596.08,20312.05,232.81,0.00,22191.36,251.97
CZ04/Mtl&0&cDXHP&Ex&dxHP_equip/NE-dxHP-PkgHP-33to65-Ex-SEER13.4/instance-out.sql,165413.05000000002,2828.89,22814.45,51285.47,0.0,22443.33,0.0,58317.09,3.36,0.0,0.0,0.0,7720.44,0.0,0.0,2596.08,22814.45,232.81,0.00,22191.36,251.97
CZ04/Mtl&0&cDXHP&Ex&dxHP_equip/NE-dxHP-PkgHP-33to65-Ex-SEER15.2/instance-out.sql,164182.59,2828.89,21583.99,51285.47,0.0,22443.33,0.0,58317.09,3.36,0.0,0.0,0.0,7720.44,0.0,0.0,2596.08,21583.99,232.81,0.00,22191.36,251.97
CZ04/Mtl&0&cDXHP&Ex&dxHP_equip/NE-dxHP-PkgHP-33to65-Ex-SEER16.2/instance-out.sql,163685.64,2828.89,21087.04,51285.47,0.0,22443.33,0.0,58317.09,3.36,0.0,0.0,0.0,7720.44,0.0,0.0,2596.08,21087.04,232.81,0.00,22191.36,251.97
CZ04/Mtl&0&cDXHP&Ex&dxHP_equip/NE-dxHP-PkgHP-33to65-Ex-SEER17.1/instance-out.sql,163288.34,2828.89,20689.75,51285.47,0.0,22443.33,0.0,58317.09,3.36,0.0,0.0,0.0,7720.44,0.0,0.0,2596.08,20689.75,232.81,0.00,22191.36,251.97
CZ04/Mtl&0&cDXHP&Ex&dxHP_equip/NE-dxHP-PkgHP-33to65-Ex-SEER18.1/instance-out.sql,162910.65000000002,2828.89,20312.05,51285.47,0.0,22443.33,0.0,58317.09,3.36,0.0,0.0,0.0,7720.44,0.0,0.0,2596.08,20312.05,232.81,0.00,22191.36,251.97
CZ04/Mtl&0&cDXHP&Ex&dxHP_equip/NE-dxHP-SplitHP-18to33-Ex-SEER14.3/instance-out.sql,164629.02000000002,2703.7599999999998,22155.56,51285.47,0.0,22443.33,0.0,58317.09,3.36,0.0,0.0,0.0,7720.44,0.0,0.0,2470.95,22155.56,232.81,0.00,22191.36,251.97
CZ04/Mtl&0&cDXHP&Ex&dxHP_equip/NE-dxHP-SplitHP-18to33-Ex-SEER15.2/instance-out.sql,164057.45,2703.7599999999998,21583.99,51285.47,0.0,22443.33,0.0,58317.09,3.36,0.0,0.0,0.0,7720.44,0.0,0.0,2470.95,21583.99,232.81,0.00,22191.36,251.97
CZ04/Mtl&0&cDXHP&Ex&dxHP_equip/NE-dxHP-SplitHP-18to33-Ex-SEER16.2/instance-out.sql,163560.5,2703.7599999999998,21087.04,51285.47,0.0,22443.33,0.0,58317.09,3.36,0.0,0.0,0.0,7720.44,0.0,0.0,2470.95,21087.04,232.81,0.00,22191.36,251.97
CZ04/Mtl&0&cDXHP&Ex&dxHP_equip/NE-dxHP-SplitHP-18to33-Ex-SEER17.1/instance-out.sql,163163.21000000002,2703.7599999999998,20689.75,51285.47,0.0,22443.33,0.0,58317.09,3.36,0.0,0.0,0.0,7720.44,0.0,0.0,2470.95,20689.75,232.81,0.00,22191.36,251.97
CZ04/Mtl&0&cDXHP&Ex&dxHP_equip/NE-dxHP-SplitHP-18to33-Ex-SEER18.1/instance-out.sql,162785.51,2703.7599999999998,20312.05,51285.47,0.0,22443.33,0.0,58317.09,3.36,0.0,0.0,0.0,7720.44,0.0,0.0,2470.95,20312.05,232.81,0.00,22191.36,251.97
CZ04/Mtl&0&cDXHP&Ex&dxHP_equip/NE-dxHP-SplitHP-33to55-Ex-SEER14.3/instance-out.sql,164629.02000000002,2703.7599999999998,22155.56,51285.47,0.0,22443.33,0.0,58317.09,3.36,0.0,0.0,0.0,7720.44,0.0,0.0,2470.95,22155.56,232.81,0.00,22191.36,251.97
CZ04/Mtl&0&cDXHP&Ex&dxHP_equip/NE-dxHP-SplitHP-33to55-Ex-SEER15.2/instance-out.sql,164057.45,2703.7599999999998,21583.99,51285.47,0.0,22443.33,0.0,58317.09,3.36,0.0,0.0,0.0,7720.44,0.0,0.0,2470.95,21583.99,232.81,0.00,22191.36,251.97
CZ04/Mtl&0&cDXHP&Ex&dxHP_equip/NE-dxHP-SplitHP-33to55-Ex-SEER16.2/instance-out.sql,163560.5,2703.7599999999998,21087.04,51285.47,0.0,22443.33,0.0,58317.09,3.36,0.0,0.0,0.0,7720.44,0.0,0.0,2470.95,21087.04,232.81,0.00,22191.36,251.97
CZ04/Mtl&0&cDXHP&Ex&dxHP_equip/NE-dxHP-SplitHP-33to55-Ex-SEER17.1/instance-out.sql,163163.21000000002,2703.7599999999998,20689.75,51285.47,0.0,22443.33,0.0,58317.09,3.36,0.0,0.0,0.0,7720.44,0.0,0.0,2470.95,20689.75,232.81,0.00,22191.36,251.97
CZ04/Mtl&0&cDXHP&Ex&dxHP_equip/NE-dxHP-SplitHP-33to55-Ex-SEER18.1/instance-out.sql,162785.51,2703.7599999999998,20312.05,51285.47,0.0,22443.33,0.0,58317.09,3.36,0.0,0.0,0.0,7720.44,0.0,0.0,2470.95,20312.05,232.81,0.00,22191.36,251.97
CZ04/Nrs&0&cDXHP&Ex&dxHP_equip/NE-dxHP-PkgHP-18to33-Ex-SEER13.4/instance-out.sql,940844.03,27112.09,89881.34,200868.06,0.0,347425.87,0.0,160396.09,22.44,0.0,0.0,0.0,115138.12,0.0,0.0,2906.94,89881.34,24205.15,0.00,281574.59,65851.28
CZ04/Nrs&0&cDXHP&Ex&dxHP_equip/NE-dxHP-PkgHP-18to33-Ex-SEER15.2/instance-out.sql,938698.73,27112.09,87736.04,200868.06,0.0,347425.87,0.0,160396.09,22.44,0.0,0.0,0.0,115138.12,0.0,0.0,2906.94,87736.04,24205.15,0.00,281574.59,65851.28
CZ04/Nrs&0&cDXHP&Ex&dxHP_equip/NE-dxHP-PkgHP-18to33-Ex-SEER16.2/instance-out.sql,937832.3,27112.09,86869.62,200868.06,0.0,347425.87,0.0,160396.09,22.44,0.0,0.0,0.0,115138.12,0.0,0.0,2906.94,86869.62,24205.15,0.00,281574.59,65851.28
CZ04/Nrs&0&cDXHP&Ex&dxHP_equip/NE-dxHP-PkgHP-18to33-Ex-SEER17.1/instance-out.sql,937139.6200000001,27112.09,86176.94,200868.06,0.0,347425.87,0.0,160396.09,22.44,0.0,0.0,0.0,115138.12,0.0,0.0,2906.94,86176.94,24205.15,0.00,281574.59,65851.28
CZ04/Nrs&0&cDXHP&Ex&dxHP_equip/NE-dxHP-PkgHP-18to33-Ex-SEER18.1/instance-out.sql,936481.1100000001,27112.09,85518.43,200868.06,0.0,347425.87,0.0,160396.09,22.44,0.0,0.0,0.0,115138.12,0.0,0.0,2906.94,85518.43,24205.15,0.00,281574.59,65851.28
CZ04/Nrs&0&cDXHP&Ex&dxHP_equip/NE-dxHP-PkgHP-33to65-Ex-SEER13.4/instance-out.sql,940844.03,27112.09,89881.34,200868.06,0.0,347425.87,0.0,160396.09,22.44,0.0,0.0,0.0,115138.12,0.0,0.0,2906.94,89881.34,24205.15,0.00,281574.59,65851.28
CZ04/Nrs&0&cDXHP&Ex&dxHP_equip/NE-dxHP-PkgHP-33to65-Ex-SEER15.2/instance-out.sql,938698.73,27112.09,87736.04,200868.06,0.0,347425.87,0.0,160396.09,22.44,0.0,0.0,0.0,115138.12,0.0,0.0,2906.94,87736.04,24205.15,0.00,281574.59,65851.28
CZ04/Nrs&0&cDXHP&Ex&dxHP_equip/NE-dxHP-PkgHP-33to65-Ex-SEER16.2/instance-out.sql,937832.3,27112.09,86869.62,200868.06,0.0,347425.87,0.0,160396.09,22.44,0.0,0.0,0.0,115138.12,0.0,0.0,2906.94,86869.62,24205.15,0.00,281574.59,65851.28
CZ04/Nrs&0&cDXHP&Ex&dxHP_equip/NE-dxHP-PkgHP-33to65-Ex-SEER17.1/instance-out.sql,937139.6200000001,27112.09,86176.94,200868.06,0.0,347425.87,0.0,160396.09,22.44,0.0,0.0,0.0,115138.12,0.0,0.0,2906.94,86176.94,24205.15,0.00,281574.59,65851.28
CZ04/Nrs&0&cDXHP&Ex&dxHP_equip/NE-dxHP-PkgHP-33to65-Ex-SEER18.1/instance-out.sql,936481.1100000001,27112.09,85518.43,200868.06,0.0,347425.87,0.0,160396.09,22.44,0.0,0.0,0.0,115138.12,0.0,0.0,2906.94,85518.43,24205.15,0.00,281574.59,65851.28
CZ04/Nrs&0&cDXHP&Ex&dxHP_equip/NE-dxHP-SplitHP-18to33-Ex-SEER14.3/instance-out.sql,939553.97,26970.800000000003,88732.57,200868.06,0.0,347425.87,0.0,160396.09,22.44,0.0,0.0,0.0,115138.12,0.0,0.0,2765.65,88732.57,24205.15,0.00,281574.59,65851.28
CZ04/Nrs&0&cDXHP&Ex&dxHP_equip/NE-dxHP-SplitHP-18to33-Ex-SEER15.2/instance-out.sql,938557.44,26970.800000000003,87736.04,200868.06,0.0,347425.87,0.0,160396.09,22.44,0.0,0.0,0.0,115138.12,0.0,0.0,2765.65,87736.04,24205.15,0.00,281574.59,65851.28
CZ04/Nrs&0&cDXHP&Ex&dxHP_equip/NE-dxHP-SplitHP-18to33-Ex-SEER16.2/instance-out.sql,937691.02,26970.800000000003,86869.62,200868.06,0.0,347425.87,0.0,160396.09,22.44,0.0,0.0,0.0,115138.12,0.0,0.0,2765.65,86869.62,24205.15,0.00,281574.59,65851.28
CZ04/Nrs&0&cDXHP&Ex&dxHP_equip/NE-dxHP-SplitHP-18to33-Ex-SEER17.1/instance-out.sql,936998.3400000001,26970.800000000003,86176.94,200868.06,0.0,347425.87,0.0,160396.09,22.44,0.0,0.0,0.0,115138.12,0.0,0.0,2765.65,86176.94,24205.15,0.00,281574.59,65851.28
CZ04/Nrs&0&cDXHP&Ex&dxHP_equip/NE-dxHP-SplitHP-18to33-Ex-SEER18.1/instance-out.sql,936339.8300000001,26970.800000000003,85518.43,200868.06,0.0,347425.87,0.0,160396.09,22.44,0.0,0.0,0.0,115138.12,0.0,0.0,2765.65,85518.43,24205.15,0.00,281574.59,65851.28
CZ04/Nrs&0&cDXHP&Ex&dxHP_equip/NE-dxHP-SplitHP-33to55-Ex-SEER14.3/instance-out.sql,939553.97,26970.800000000003,88732.57,200868.06,0.0,347425.87,0.0,160396.09,22.44,0.0,0.0,0.0,115138.12,0.0,0.0,2765.65,88732.57,24205.15,0.00,281574.59,65851.28
CZ04/Nrs&0&cDXHP&Ex&dxHP_equip/NE-dxHP-SplitHP-33to55-Ex-SEER15.2/instance-out.sql,938557.44,26970.800000000003,87736.04,200868.06,0.0,347425.87,0.0,160396.09,22.44,0.0,0.0,0.0,115138.12,0.0,0.0,2765.65,87736.04,24205.15,0.00,281574.59,65851.28
CZ04/Nrs&0&cDXHP&Ex&dxHP_equip/NE-dxHP-SplitHP-33to55-Ex-SEER16.2/instance-out.sql,937691.02,26970.800000000003,86869.62,200868.06,0.0,347425.87,0.0,160396.09,22.44,0.0,0.0,0.0,115138.12,0.0,0.0,2765.65,86869.62,24205.15,0.00,281574.59,65851.28
CZ04/Nrs&0&cDXHP&Ex&dxHP_equip/NE-dxHP-SplitHP-33to55-Ex-SEER17.1/instance-out.sql,936998.3400000001,26970.800000000003,86176.94,200868.06,0.0,347425.87,0.0,160396.09,22.44,0.0,0.0,0.0,115138.12,0.0,0.0,2765.65,86176.94,24205.15,0.00,281574.59,65851.28
CZ04/Nrs&0&cDXHP&Ex&dxHP_equip/NE-dxHP-SplitHP-33to55-Ex-SEER18.1/instance-out.sql,936339.8300000001,26970.800000000003,85518.43,200868.06,0.0,347425.87,0.0,160396.09,22.44,0.0,0.0,0.0,115138.12,0.0,0.0,2765.65,85518.43,24205.15,0.00,281574.59,65851.28
CZ04/OfL&0&cDXHP&Ex&dxHP_equip/NE-dxHP-PkgHP-18to33-Ex-SEER13.4/instance-out.sql,2635299.1500000004,24580.64,305448.38,462712.61,0.0,829334.66,0.0,892639.77,3250.46,0.0,0.0,0.0,117332.63,0.0,0.0,6007.53,305448.38,18573.11,0.00,829334.66,0.00
CZ04/OfL&0&cDXHP&Ex&dxHP_equip/NE-dxHP-PkgHP-18to33-Ex-SEER15.2/instance-out.sql,2620274.9000000004,24580.64,290424.13,462712.61,0.0,829334.66,0.0,892639.77,3250.46,0.0,0.0,0.0,117332.63,0.0,0.0,6007.53,290424.13,18573.11,0.00,829334.66,0.00
CZ04/OfL&0&cDXHP&Ex&dxHP_equip/NE-dxHP-PkgHP-18to33-Ex-SEER16.2/instance-out.sql,2614207.04,24580.64,284356.27,462712.61,0.0,829334.66,0.0,892639.77,3250.46,0.0,0.0,0.0,117332.63,0.0,0.0,6007.53,284356.27,18573.11,0.00,829334.66,0.00
CZ04/OfL&0&cDXHP&Ex&dxHP_equip/NE-dxHP-PkgHP-18to33-Ex-SEER17.1/instance-out.sql,2609355.9699999997,24580.64,279505.2,462712.61,0.0,829334.66,0.0,892639.77,3250.46,0.0,0.0,0.0,117332.63,0.0,0.0,6007.53,279505.20,18573.11,0.00,829334.66,0.00
CZ04/OfL&0&cDXHP&Ex&dxHP_equip/NE-dxHP-PkgHP-18to33-Ex-SEER18.1/instance-out.sql,2604744.1900000004,24580.64,274893.42,462712.61,0.0,829334.66,0.0,892639.77,3250.46,0.0,0.0,0.0,117332.63,0.0,0.0,6007.53,274893.42,18573.11,0.00,829334.66,0.00
CZ04/OfL&0&cDXHP&Ex&dxHP_equip/NE-dxHP-PkgHP-33to65-Ex-SEER13.4/instance-out.sql,2635299.1500000004,24580.64,305448.38,462712.61,0.0,829334.66,0.0,892639.77,3250.46,0.0,0.0,0.0,117332.63,0.0,0.0,6007.53,305448.38,18573.11,0.00,829334.66,0.00
CZ04/OfL&0&cDXHP&Ex&dxHP_equip/NE-dxHP-PkgHP-33to65-Ex-SEER15.2/instance-out.sql,2620274.9000000004,24580.64,290424.13,462712.61,0.0,829334.66,0.0,892639.77,3250.46,0.0,0.0,0.0,117332.63,0.0,0.0,6007.53,290424.13,18573.11,0.00,829334.66,0.00
CZ04/OfL&0&cDXHP&Ex&dxHP_equip/NE-dxHP-PkgHP-33to65-Ex-SEER16.2/instance-out.sql,2614207.04,24580.64,284356.27,462712.61,0.0,829334.66,0.0,892639.77,3250.46,0.0,0.0,0.0,117332.63,0.0,0.0,6007.53,284356.27,18573.11,0.00,829334.66,0.00
CZ04/OfL&0&cDXHP&Ex&dxHP_equip/NE-dxHP-PkgHP-33to65-Ex-SEER17.1/instance-out.sql,2609355.9699999997,24580.64,279505.2,462712.61,0.0,829334.66,0.0,892639.77,3250.46,0.0,0.0,0.0,117332.63,0.0,0.0,6007.53,279505.20,18573.11,0.00,829334.66,0.00
CZ04/OfL&0&cDXHP&Ex&dxHP_equip/NE-dxHP-PkgHP-33to65-Ex-SEER18.1/instance-out.sql,2604744.1900000004,24580.64,274893.42,462712.61,0.0,829334.66,0.0,892639.77,3250.46,0.0,0.0,0.0,117332.63,0.0,0.0,6007.53,274893.42,18573.11,0.00,829334.66,0.00
CZ04/OfL&0&cDXHP&Ex&dxHP_equip/NE-dxHP-SplitHP-18to33-Ex-SEER14.3/instance-out.sql,2626962.75,24289.45,297403.17,462712.61,0.0,829334.66,0.0,892639.77,3250.46,0.0,0.0,0.0,117332.63,0.0,0.0,5716.34,297403.17,18573.11,0.00,829334.66,0.00
CZ04/OfL&0&cDXHP&Ex&dxHP_equip/NE-dxHP-SplitHP-18to33-Ex-SEER15.2/instance-out.sql,2619983.71,24289.45,290424.13,462712.61,0.0,829334.66,0.0,892639.77,3250.46,0.0,0.0,0.0,117332.63,0.0,0.0,5716.34,290424.13,18573.11,0.00,829334.66,0.00
CZ04/OfL&0&cDXHP&Ex&dxHP_equip/NE-dxHP-SplitHP-18to33-Ex-SEER16.2/instance-out.sql,2613915.8499999996,24289.45,284356.27,462712.61,0.0,829334.66,0.0,892639.77,3250.46,0.0,0.0,0.0,117332.63,0.0,0.0,5716.34,284356.27,18573.11,0.00,829334.66,0.00
CZ04/OfL&0&cDXHP&Ex&dxHP_equip/NE-dxHP-SplitHP-18to33-Ex-SEER17.1/instance-out.sql,2609064.7800000003,24289.45,279505.2,462712.61,0.0,829334.66,0.0,892639.77,3250.46,0.0,0.0,0.0,117332.63,0.0,0.0,5716.34,279505.20,18573.11,0.00,829334.66,0.00
CZ04/OfL&0&cDXHP&Ex&dxHP_equip/NE-dxHP-SplitHP-18to33-Ex-SEER18.1/instance-out.sql,2604453.0,24289.45,274893.42,462712.61,0.0,829334.66,0.0,892639.77,3250.46,0.0,0.0,0.0,117332.63,0.0,0.0,5716.34,274893.42,18573.11,0.00,829334.66,0.00
CZ04/OfL&0&cDXHP&Ex&dxHP_equip/NE-dxHP-SplitHP-33to55-Ex-SEER14.3/instance-out.sql,2626962.75,24289.45,297403.17,462712.61,0.0,829334.66,0.0,892639.77,3250.46,0.0,0.0,0.0,117332.63,0.0,0.0,5716.34,297403.17,18573.11,0.00,829334.66,0.00
CZ04/OfL&0&cDXHP&Ex&dxHP_equip/NE-dxHP-SplitHP-33to55-Ex-SEER15.2/instance-out.sql,2619983.71,24289.45,290424.13,462712.61,0.0,829334.66,0.0,892639.77,3250.46,0.0,0.0,0.0,117332.63,0.0,0.0,5716.34,290424.13,18573.11,0.00,829334.66,0.00
CZ04/OfL&0&cDXHP&Ex&dxHP_equip/NE-dxHP-SplitHP-33to55-Ex-SEER16.2/instance-out.sql,2613915.8499999996,24289.45,284356.27,462712.61,0.0,829334.66,0.0,892639.77,3250.46,0.0,0.0,0.0,117332.63,0.0,0.0,5716.34,284356.27,18573.11,0.00,829334.66,0.00
CZ04/OfL&0&cDXHP&Ex&dxHP_equip/NE-dxHP-SplitHP-33to55-Ex-SEER17.1/instance-out.sql,2609064.7800000003,24289.45,279505.2,462712.61,0.0,829334.66,0.0,892639.77,3250.46,0.0,0.0,0.0,117332.63,0.0,0.0,5716.34,279505.20,18573.11,0.00,829334.66,0.00
CZ04/OfL&0&cDXHP&Ex&dxHP_equip/NE-dxHP-SplitHP-33to55-Ex-SEER18.1/instance-out.sql,2604453.0,24289.45,274893.42,462712.61,0.0,829334.66,0.0,892639.77,3250.46,0.0,0.0,0.0,117332.63,0.0,0.0,5716.34,274893.42,18573.11,0.00,829334.66,0.00
CZ04/OfS&0&cDXHP&Ex&dxHP_equip/NE-dxHP-PkgHP-18to33-Ex-SEER13.4/instance-out.sql,151768.74,863.8,15467.44,23737.13,0.0,29387.4,0.0,60573.23,1.13,0.0,0.0,0.0,21738.61,0.0,0.0,863.80,15467.44,0.00,0.00,29387.40,0.00
CZ04/OfS&0&cDXHP&Ex&dxHP_equip/NE-dxHP-PkgHP-18to33-Ex-SEER15.2/instance-out.sql,150677.37,863.8,14376.06,23737.13,0.0,29387.4,0.0,60573.23,1.13,0.0,0.0,0.0,21738.61,0.0,0.0,863.80,14376.06,0.00,0.00,29387.40,0.00
CZ04/OfS&0&cDXHP&Ex&dxHP_equip/NE-dxHP-PkgHP-18to33-Ex-SEER16.2/instance-out.sql,150236.59,863.8,13935.29,23737.13,0.0,29387.4,0.0,60573.23,1.13,0.0,0.0,0.0,21738.61,0.0,0.0,863.80,13935.29,0.00,0.00,29387.40,0.00
CZ04/OfS&0&cDXHP&Ex&dxHP_equip/NE-dxHP-PkgHP-18to33-Ex-SEER17.1/instance-out.sql,149884.2,863.8,13582.9,23737.13,0.0,29387.4,0.0,60573.23,1.13,0.0,0.0,0.0,21738.61,0.0,0.0,863.80,13582.90,0.00,0.00,29387.40,0.00
CZ04/OfS&0&cDXHP&Ex&dxHP_equip/NE-dxHP-PkgHP-18to33-Ex-SEER18.1/instance-out.sql,149549.2,863.8,13247.9,23737.13,0.0,29387.4,0.0,60573.23,1.13,0.0,0.0,0.0,21738.61,0.0,0.0,863.80,13247.90,0.00,0.00,29387.40,0.00
CZ04/OfS&0&cDXHP&Ex&dxHP_equip/NE-dxHP-PkgHP-33to65-Ex-SEER13.4/instance-out.sql,151768.74,863.8,15467.44,23737.13,0.0,29387.4,0.0,60573.23,1.13,0.0,0.0,0.0,21738.61,0.0,0.0,863.80,15467.44,0.00,0.00,29387.40,0.00
CZ04/OfS&0&cDXHP&Ex&dxHP_equip/NE-dxHP-PkgHP-33to65-Ex-SEER15.2/instance-out.sql,150677.37,863.8,14376.06,23737.13,0.0,29387.4,0.0,60573.23,1.13,0.0,0.0,0.0,21738.61,0.0,0.0,863.80,14376.06,0.00,0.00,29387.40,0.00
CZ04/OfS&0&cDXHP&Ex&dxHP_equip/NE-dxHP-PkgHP-33to65-Ex-SEER16.2/instance-out.sql,150236.59,863.8,13935.29,23737.13,0.0,29387.4,0.0,60573.23,1.13,0.0,0.0,0.0,21738.61,0.0,0.0,863.80,13935.29,0.00,0.00,29387.40,0.00
CZ04/OfS&0&cDXHP&Ex&dxHP_equip/NE-dxHP-PkgHP-33to65-Ex-SEER17.1/instance-out.sql,149884.2,863.8,13582.9,23737.13,0.0,29387.4,0.0,60573.23,1.13,0.0,0.0,0.0,21738.61,0.0,0.0,863.80,13582.90,0.00,0.00,29387.40,0.00
CZ04/OfS&0&cDXHP&Ex&dxHP_equip/NE-dxHP-PkgHP-33to65-Ex-SEER18.1/instance-out.sql,149549.2,863.8,13247.9,23737.13,0.0,29387.4,0.0,60573.23,1.13,0.0,0.0,0.0,21738.61,0.0,0.0,863.80,13247.90,0.00,0.00,29387.40,0.00
CZ04/OfS&0&cDXHP&Ex&dxHP_equip/NE-dxHP-SplitHP-18to33-Ex-SEER14.3/instance-out.sql,151144.76,824.23,14883.03,23737.13,0.0,29387.4,0.0,60573.23,1.13,0.0,0.0,0.0,21738.61,0.0,0.0,824.23,14883.03,0.00,0.00,29387.40,0.00
CZ04/OfS&0&cDXHP&Ex&dxHP_equip/NE-dxHP-SplitHP-18to33-Ex-SEER15.2/instance-out.sql,150637.8,824.23,14376.06,23737.13,0.0,29387.4,0.0,60573.23,1.13,0.0,0.0,0.0,21738.61,0.0,0.0,824.23,14376.06,0.00,0.00,29387.40,0.00
CZ04/OfS&0&cDXHP&Ex&dxHP_equip/NE-dxHP-SplitHP-18to33-Ex-SEER16.2/instance-out.sql,150197.02000000002,824.23,13935.29,23737.13,0.0,29387.4,0.0,60573.23,1.13,0.0,0.0,0.0,21738.61,0.0,0.0,824.23,13935.29,0.00,0.00,29387.40,0.00
CZ04/OfS&0&cDXHP&Ex&dxHP_equip/NE-dxHP-SplitHP-18to33-Ex-SEER17.1/instance-out.sql,149844.64,824.23,13582.9,23737.13,0.0,29387.4,0.0,60573.23,1.13,0.0,0.0,0.0,21738.61,0.0,0.0,824.23,13582.90,0.00,0.00,29387.40,0.00
CZ04/OfS&0&cDXHP&Ex&dxHP_equip/NE-dxHP-SplitHP-18to33-Ex-SEER18.1/instance-out.sql,149509.63,824.23,13247.9,23737.13,0.0,29387.4,0.0,60573.23,1.13,0.0,0.0,0.0,21738.61,0.0,0.0,824.23,13247.90,0.00,0.00,29387.40,0.00
CZ04/OfS&0&cDXHP&Ex&dxHP_equip/NE-dxHP-SplitHP-33to55-Ex-SEER14.3/instance-out.sql,151144.76,824.23,14883.03,23737.13,0.0,29387.4,0.0,60573.23,1.13,0.0,0.0,0.0,21738.61,0.0,0.0,824.23,14883.03,0.00,0.00,29387.40,0.00
CZ04/OfS&0&cDXHP&Ex&dxHP_equip/NE-dxHP-SplitHP-33to55-Ex-SEER15.2/instance-out.sql,150637.8,824.23,14376.06,23737.13,0.0,29387.4,0.0,60573.23,1.13,0.0,0.0,0.0,21738.61,0.0,0.0,824.23,14376.06,0.00,0.00,29387.40,0.00
CZ04/OfS&0&cDXHP&Ex&dxHP_equip/NE-dxHP-SplitHP-33to55-Ex-SEER16.2/instance-out.sql,150197.02000000002,824.23,13935.29,23737.13,0.0,29387.4,0.0,60573.23,1.13,0.0,0.0,0.0,21738.61,0.0,0.0,824.23,13935.29,0.00,0.00,29387.40,0.00
CZ04/OfS&0&cDXHP&Ex&dxHP_equip/NE-dxHP-SplitHP-33to55-Ex-SEER17.1/instance-out.sql,149844.64,824.23,13582.9,23737.13,0.0,29387.4,0.0,60573.23,1.13,0.0,0.0,0.0,21738.61,0.0,0.0,824.23,13582.90,0.00,0.00,29387.40,0.00
CZ04/OfS&0&cDXHP&Ex&dxHP_equip/NE-dxHP-SplitHP-33to55-Ex-SEER18.1/instance-out.sql,149509.63,824.23,13247.9,23737.13,0.0,29387.4,0.0,60573.23,1.13,0.0,0.0,0.0,21738.61,0.0,0.0,824.23,13247.90,0.00,0.00,29387.40,0.00
CZ04/RFF&0&cDXHP&Ex&dxHP_equip/NE-dxHP-PkgHP-18to33-Ex-SEER13.4/instance-out.sql,109640.76999999999,577.61,10089.61,13247.63,0.0,37903.17,0.0,22556.7,3.37,0.0,0.0,0.0,25262.68,0.0,0.0,571.69,10089.61,5.92,0.00,18423.46,19479.71
CZ04/RFF&0&cDXHP&Ex&dxHP_equip/NE-dxHP-PkgHP-18to33-Ex-SEER15.2/instance-out.sql,109330.14,577.61,9778.98,13247.63,0.0,37903.17,0.0,22556.7,3.37,0.0,0.0,0.0,25262.68,0.0,0.0,571.69,9778.98,5.92,0.00,18423.46,19479.71
CZ04/RFF&0&cDXHP&Ex&dxHP_equip/NE-dxHP-PkgHP-18to33-Ex-SEER16.2/instance-out.sql,109204.69,577.61,9653.52,13247.63,0.0,37903.17,0.0,22556.7,3.37,0.0,0.0,0.0,25262.68,0.0,0.0,571.69,9653.52,5.92,0.00,18423.46,19479.71
CZ04/RFF&0&cDXHP&Ex&dxHP_equip/NE-dxHP-PkgHP-18to33-Ex-SEER17.1/instance-out.sql,109104.39,577.61,9553.23,13247.63,0.0,37903.17,0.0,22556.7,3.37,0.0,0.0,0.0,25262.68,0.0,0.0,571.69,9553.23,5.92,0.00,18423.46,19479.71
CZ04/RFF&0&cDXHP&Ex&dxHP_equip/NE-dxHP-PkgHP-18to33-Ex-SEER18.1/instance-out.sql,109009.04000000001,577.61,9457.88,13247.63,0.0,37903.17,0.0,22556.7,3.37,0.0,0.0,0.0,25262.68,0.0,0.0,571.69,9457.88,5.92,0.00,18423.46,19479.71
CZ04/RFF&0&cDXHP&Ex&dxHP_equip/NE-dxHP-PkgHP-33to65-Ex-SEER13.4/instance-out.sql,109640.76999999999,577.61,10089.61,13247.63,0.0,37903.17,0.0,22556.7,3.37,0.0,0.0,0.0,25262.68,0.0,0.0,571.69,10089.61,5.92,0.00,18423.46,19479.71
CZ04/RFF&0&cDXHP&Ex&dxHP_equip/NE-dxHP-PkgHP-33to65-Ex-SEER15.2/instance-out.sql,109330.14,577.61,9778.98,13247.63,0.0,37903.17,0.0,22556.7,3.37,0.0,0.0,0.0,25262.68,0.0,0.0,571.69,9778.98,5.92,0.00,18423.46,19479.71
CZ04/RFF&0&cDXHP&Ex&dxHP_equip/NE-dxHP-PkgHP-33to65-Ex-SEER16.2/instance-out.sql,109204.69,577.61,9653.52,13247.63,0.0,37903.17,0.0,22556.7,3.37,0.0,0.0,0.0,25262.68,0.0,0.0,571.69,9653.52,5.92,0.00,18423.46,19479.71
CZ04/RFF&0&cDXHP&Ex&dxHP_equip/NE-dxHP-PkgHP-33to65-Ex-SEER17.1/instance-out.sql,109104.39,577.61,9553.23,13247.63,0.0,37903.17,0.0,22556.7,3.37,0.0,0.0,0.0,25262.68,0.0,0.0,571.69,9553.23,5.92,0.00,18423.46,19479.71
CZ04/RFF&0&cDXHP&Ex&dxHP_equip/NE-dxHP-PkgHP-33to65-Ex-SEER18.1/instance-out.sql,109009.04000000001,577.61,9457.88,13247.63,0.0,37903.17,0.0,22556.7,3.37,0.0,0.0,0.0,25262.68,0.0,0.0,571.69,9457.88,5.92,0.00,18423.46,19479.71
CZ04/RFF&0&cDXHP&Ex&dxHP_equip/NE-dxHP-SplitHP-18to33-Ex-SEER14.3/instance-out.sql,109446.85,550.01,9923.27,13247.63,0.0,37903.17,0.0,22556.7,3.37,0.0,0.0,0.0,25262.68,0.0,0.0,544.09,9923.27,5.92,0.00,18423.46,19479.71
CZ04/RFF&0&cDXHP&Ex&dxHP_equip/NE-dxHP-SplitHP-18to33-Ex-SEER15.2/instance-out.sql,109302.54999999999,550.01,9778.98,13247.63,0.0,37903.17,0.0,22556.7,3.37,0.0,0.0,0.0,25262.68,0.0,0.0,544.09,9778.98,5.92,0.00,18423.46,19479.71
CZ04/RFF&0&cDXHP&Ex&dxHP_equip/NE-dxHP-SplitHP-18to33-Ex-SEER16.2/instance-out.sql,109177.1,550.01,9653.52,13247.63,0.0,37903.17,0.0,22556.7,3.37,0.0,0.0,0.0,25262.68,0.0,0.0,544.09,9653.52,5.92,0.00,18423.46,19479.71
CZ04/RFF&0&cDXHP&Ex&dxHP_equip/NE-dxHP-SplitHP-18to33-Ex-SEER17.1/instance-out.sql,109076.79999999999,550.01,9553.23,13247.63,0.0,37903.17,0.0,22556.7,3.37,0.0,0.0,0.0,25262.68,0.0,0.0,544.09,9553.23,5.92,0.00,18423.46,19479.71
CZ04/RFF&0&cDXHP&Ex&dxHP_equip/NE-dxHP-SplitHP-18to33-Ex-SEER18.1/instance-out.sql,108981.45,550.01,9457.88,13247.63,0.0,37903.17,0.0,22556.7,3.37,0.0,0.0,0.0,25262.68,0.0,0.0,544.09,9457.88,5.92,0.00,18423.46,19479.71
CZ04/RFF&0&cDXHP&Ex&dxHP_equip/NE-dxHP-SplitHP-33to55-Ex-SEER14.3/instance-out.sql,109446.85,550.01,9923.27,13247.63,0.0,37903.17,0.0,22556.7,3.37,0.0,0.0,0.0,25262.68,0.0,0.0,544.09,9923.27,5.92,0.00,18423.46,19479.71
CZ04/RFF&0&cDXHP&Ex&dxHP_equip/NE-dxHP-SplitHP-33to55-Ex-SEER15.2/instance-out.sql,109302.54999999999,550.01,9778.98,13247.63,0.0,37903.17,0.0,22556.7,3.37,0.0,0.0,0.0,25262.68,0.0,0.0,544.09,9778.98,5.92,0.00,18423.46,19479.71
CZ04/RFF&0&cDXHP&Ex&dxHP_equip/NE-dxHP-SplitHP-33to55-Ex-SEER16.2/instance-out.sql,109177.1,550.01,9653.52,13247.63,0.0,37903.17,0.0,22556.7,3.37,0.0,0.0,0.0,25262.68,0.0,0.0,544.09,9653.52,5.92,0.00,18423.46,19479.71
CZ04/RFF&0&cDXHP&Ex&dxHP_equip/NE-dxHP-SplitHP-33to55-Ex-SEER17.1/instance-out.sql,109076.79999999999,550.01,9553.23,13247.63,0.0,37903.17,0.0,22556.7,3.37,0.0,0.0,0.0,25262.68,0.0,0.0,544.09,9553.23,5.92,0.00,18423.46,19479.71
CZ04/RFF&0&cDXHP&Ex&dxHP_equip/NE-dxHP-SplitHP-33to55-Ex-SEER18.1/instance-out.sql,108981.45,550.01,9457.88,13247.63,0.0,37903.17,0.0,22556.7,3.37,0.0,0.0,0.0,25262.68,0.0,0.0,544.09,9457.88,5.92,0.00,18423.46,19479.71
CZ04/RSD&0&cDXHP&Ex&dxHP_equip/NE-dxHP-PkgHP-18to33-Ex-SEER13.4/instance-out.sql,248021.16999999998,20132.84,23637.99,36047.32,0.0,76546.73,0.0,27218.65,17.94,0.0,0.0,0.0,64419.7,0.0,0.0,275.74,23637.99,19857.10,0.00,37475.60,39071.13
CZ04/RSD&0&cDXHP&Ex&dxHP_equip/NE-dxHP-PkgHP-18to33-Ex-SEER15.2/instance-out.sql,247875.05,20132.84,23491.87,36047.32,0.0,76546.73,0.0,27218.65,17.94,0.0,0.0,0.0,64419.7,0.0,0.0,275.74,23491.87,19857.10,0.00,37475.60,39071.13
CZ04/RSD&0&cDXHP&Ex&dxHP_equip/NE-dxHP-PkgHP-18to33-Ex-SEER16.2/instance-out.sql,247816.03999999998,20132.84,23432.86,36047.32,0.0,76546.73,0.0,27218.65,17.94,0.0,0.0,0.0,64419.7,0.0,0.0,275.74,23432.86,19857.10,0.00,37475.60,39071.13
CZ04/RSD&0&cDXHP&Ex&dxHP_equip/NE-dxHP-PkgHP-18to33-Ex-SEER17.1/instance-out.sql,247768.86,20132.84,23385.68,36047.32,0.0,76546.73,0.0,27218.65,17.94,0.0,0.0,0.0,64419.7,0.0,0.0,275.74,23385.68,19857.10,0.00,37475.60,39071.13
CZ04/RSD&0&cDXHP&Ex&dxHP_equip/NE-dxHP-PkgHP-18to33-Ex-SEER18.1/instance-out.sql,247724.01,20132.84,23340.83,36047.32,0.0,76546.73,0.0,27218.65,17.94,0.0,0.0,0.0,64419.7,0.0,0.0,275.74,23340.83,19857.10,0.00,37475.60,39071.13
CZ04/RSD&0&cDXHP&Ex&dxHP_equip/NE-dxHP-PkgHP-33to65-Ex-SEER13.4/instance-out.sql,248021.16999999998,20132.84,23637.99,36047.32,0.0,76546.73,0.0,27218.65,17.94,0.0,0.0,0.0,64419.7,0.0,0.0,275.74,23637.99,19857.10,0.00,37475.60,39071.13
CZ04/RSD&0&cDXHP&Ex&dxHP_equip/NE-dxHP-PkgHP-33to65-Ex-SEER15.2/instance-out.sql,247875.05,20132.84,23491.87,36047.32,0.0,76546.73,0.0,27218.65,17.94,0.0,0.0,0.0,64419.7,0.0,0.0,275.74,23491.87,19857.10,0.00,37475.60,39071.13
CZ04/RSD&0&cDXHP&Ex&dxHP_equip/NE-dxHP-PkgHP-33to65-Ex-SEER16.2/instance-out.sql,247816.03999999998,20132.84,23432.86,36047.32,0.0,76546.73,0.0,27218.65,17.94,0.0,0.0,0.0,64419.7,0.0,0.0,275.74,23432.86,19857.10,0.00,37475.60,39071.13
CZ04/RSD&0&cDXHP&Ex&dxHP_equip/NE-dxHP-PkgHP-33to65-Ex-SEER17.1/instance-out.sql,247768.86,20132.84,23385.68,36047.32,0.0,76546.73,0.0,27218.65,17.94,0.0,0.0,0.0,64419.7,0.0,0.0,275.74,23385.68,19857.10,0.00,37475.60,39071.13
CZ04/RSD&0&cDXHP&Ex&dxHP_equip/NE-dxHP-PkgHP-33to65-Ex-SEER18.1/instance-out.sql,247724.01,20132.84,23340.83,36047.32,0.0,76546.73,0.0,27218.65,17.94,0.0,0.0,0.0,64419.7,0.0,0.0,275.74,23340.83,19857.10,0.00,37475.60,39071.13
CZ04/RSD&0&cDXHP&Ex&dxHP_equip/NE-dxHP-SplitHP-18to33-Ex-SEER14.3/instance-out.sql,247929.8,20119.71,23559.75,36047.32,0.0,76546.73,0.0,27218.65,17.94,0.0,0.0,0.0,64419.7,0.0,0.0,262.61,23559.75,19857.10,0.00,37475.60,39071.13
CZ04/RSD&0&cDXHP&Ex&dxHP_equip/NE-dxHP-SplitHP-18to33-Ex-SEER15.2/instance-out.sql,247861.93,20119.71,23491.87,36047.32,0.0,76546.73,0.0,27218.65,17.94,0.0,0.0,0.0,64419.7,0.0,0.0,262.61,23491.87,19857.10,0.00,37475.60,39071.13
CZ04/RSD&0&cDXHP&Ex&dxHP_equip/NE-dxHP-SplitHP-18to33-Ex-SEER16.2/instance-out.sql,247802.90999999997,20119.71,23432.86,36047.32,0.0,76546.73,0.0,27218.65,17.94,0.0,0.0,0.0,64419.7,0.0,0.0,262.61,23432.86,19857.10,0.00,37475.60,39071.13
CZ04/RSD&0&cDXHP&Ex&dxHP_equip/NE-dxHP-SplitHP-18to33-Ex-SEER17.1/instance-out.sql,247755.72999999998,20119.71,23385.68,36047.32,0.0,76546.73,0.0,27218.65,17.94,0.0,0.0,0.0,64419.7,0.0,0.0,262.61,23385.68,19857.10,0.00,37475.60,39071.13
CZ04/RSD&0&cDXHP&Ex&dxHP_equip/NE-dxHP-SplitHP-18to33-Ex-SEER18.1/instance-out.sql,247710.88,20119.71,23340.83,36047.32,0.0,76546.73,0.0,27218.65,17.94,0.0,0.0,0.0,64419.7,0.0,0.0,262.61,23340.83,19857.10,0.00,37475.60,39071.13
CZ04/RSD&0&cDXHP&Ex&dxHP_equip/NE-dxHP-SplitHP-33to55-Ex-SEER14.3/instance-out.sql,247929.8,20119.71,23559.75,36047.32,0.0,76546.73,0.0,27218.65,17.94,0.0,0.0,0.0,64419.7,0.0,0.0,262.61,23559.75,19857.10,0.00,37475.60,39071.13
CZ04/RSD&0&cDXHP&Ex&dxHP_equip/NE-dxHP-SplitHP-33to55-Ex-SEER15.2/instance-out.sql,247861.93,20119.71,23491.87,36047.32,0.0,76546.73,0.0,27218.65,17.94,0.0,0.0,0.0,64419.7,0.0,0.0,262.61,23491.87,19857.10,0.00,37475.60,39071.13
CZ04/RSD&0&cDXHP&Ex&dxHP_equip/NE-dxHP-SplitHP-33to55-Ex-SEER16.2/instance-out.sql,247802.90999999997,20119.71,23432.86,36047.32,0.0,76546.73,0.0,27218.65,17.94,0.0,0.0,0.0,64419.7,0.0,0.0,262.61,23432.86,19857.10,0.00,37475.60,39071.13
CZ04/RSD&0&cDXHP&Ex&dxHP_equip/NE-dxHP-SplitHP-33to55-Ex-SEER17.1/instance-out.sql,247755.72999999998,20119.71,23385.68,36047.32,0.0,76546.73,0.0,27218.65,17.94,0.0,0.0,0.0,64419.7,0.0,0.0,262.61,23385.68,19857.10,0.00,37475.60,39071.13
CZ04/RSD&0&cDXHP&Ex&dxHP_equip/NE-dxHP-SplitHP-33to55-Ex-SEER18.1/instance-out.sql,247710.88,20119.71,23340.83,36047.32,0.0,76546.73,0.0,27218.65,17.94,0.0,0.0,0.0,64419.7,0.0,0.0,262.61,23340.83,19857.10,0.00,37475.60,39071.13
CZ04/Rt3&0&cDXHP&Ex&dxHP_equip/NE-dxHP-PkgHP-18to33-Ex-SEER13.4/instance-out.sql,2099913.81,10513.59,169705.92,774348.97,0.0,436362.0,0.0,540032.91,3.38,0.0,0.0,0.0,168947.04,0.0,0.0,9128.20,169705.92,1385.39,0.00,436362.00,0.00
CZ04/Rt3&0&cDXHP&Ex&dxHP_equip/NE-dxHP-PkgHP-18to33-Ex-SEER15.2/instance-out.sql,2088240.02,10513.59,158032.14,774348.97,0.0,436362.0,0.0,540032.91,3.38,0.0,0.0,0.0,168947.04,0.0,0.0,9128.20,158032.14,1385.39,0.00,436362.00,0.00
CZ04/Rt3&0&cDXHP&Ex&dxHP_equip/NE-dxHP-PkgHP-18to33-Ex-SEER16.2/instance-out.sql,2083525.3199999998,10513.59,153317.43,774348.97,0.0,436362.0,0.0,540032.91,3.38,0.0,0.0,0.0,168947.04,0.0,0.0,9128.20,153317.43,1385.39,0.00,436362.00,0.00
CZ04/Rt3&0&cDXHP&Ex&dxHP_equip/NE-dxHP-PkgHP-18to33-Ex-SEER17.1/instance-out.sql,2079756.05,10513.59,149548.17,774348.97,0.0,436362.0,0.0,540032.91,3.38,0.0,0.0,0.0,168947.04,0.0,0.0,9128.20,149548.17,1385.39,0.00,436362.00,0.00
CZ04/Rt3&0&cDXHP&Ex&dxHP_equip/NE-dxHP-PkgHP-18to33-Ex-SEER18.1/instance-out.sql,2076172.72,10513.59,145964.83,774348.97,0.0,436362.0,0.0,540032.91,3.38,0.0,0.0,0.0,168947.04,0.0,0.0,9128.20,145964.83,1385.39,0.00,436362.00,0.00
CZ04/Rt3&0&cDXHP&Ex&dxHP_equip/NE-dxHP-PkgHP-33to65-Ex-SEER13.4/instance-out.sql,2099913.81,10513.59,169705.92,774348.97,0.0,436362.0,0.0,540032.91,3.38,0.0,0.0,0.0,168947.04,0.0,0.0,9128.20,169705.92,1385.39,0.00,436362.00,0.00
CZ04/Rt3&0&cDXHP&Ex&dxHP_equip/NE-dxHP-PkgHP-33to65-Ex-SEER15.2/instance-out.sql,2088240.02,10513.59,158032.14,774348.97,0.0,436362.0,0.0,540032.91,3.38,0.0,0.0,0.0,168947.04,0.0,0.0,9128.20,158032.14,1385.39,0.00,436362.00,0.00
CZ04/Rt3&0&cDXHP&Ex&dxHP_equip/NE-dxHP-PkgHP-33to65-Ex-SEER16.2/instance-out.sql,2083525.3199999998,10513.59,153317.43,774348.97,0.0,436362.0,0.0,540032.91,3.38,0.0,0.0,0.0,168947.04,0.0,0.0,9128.20,153317.43,1385.39,0.00,436362.00,0.00
CZ04/Rt3&0&cDXHP&Ex&dxHP_equip/NE-dxHP-PkgHP-33to65-Ex-SEER17.1/instance-out.sql,2079756.05,10513.59,149548.17,774348.97,0.0,436362.0,0.0,540032.91,3.38,0.0,0.0,0.0,168947.04,0.0,0.0,9128.20,149548.17,1385.39,0.00,436362.00,0.00
CZ04/Rt3&0&cDXHP&Ex&dxHP_equip/NE-dxHP-PkgHP-33to65-Ex-SEER18.1/instance-out.sql,2076172.72,10513.59,145964.83,774348.97,0.0,436362.0,0.0,540032.91,3.38,0.0,0.0,0.0,168947.04,0.0,0.0,9128.20,145964.83,1385.39,0.00,436362.00,0.00
CZ04/Rt3&0&cDXHP&Ex&dxHP_equip/NE-dxHP-SplitHP-18to33-Ex-SEER14.3/instance-out.sql,2093214.26,10065.13,163454.83,774348.97,0.0,436362.0,0.0,540032.91,3.38,0.0,0.0,0.0,168947.04,0.0,0.0,8679.74,163454.83,1385.39,0.00,436362.00,0.00
CZ04/Rt3&0&cDXHP&Ex&dxHP_equip/NE-dxHP-SplitHP-18to33-Ex-SEER15.2/instance-out.sql,2087791.5699999998,10065.13,158032.14,774348.97,0.0,436362.0,0.0,540032.91,3.38,0.0,0.0,0.0,168947.04,0.0,0.0,8679.74,158032.14,1385.39,0.00,436362.00,0.00
CZ04/Rt3&0&cDXHP&Ex&dxHP_equip/NE-dxHP-SplitHP-18to33-Ex-SEER16.2/instance-out.sql,2083076.8599999999,10065.13,153317.43,774348.97,0.0,436362.0,0.0,540032.91,3.38,0.0,0.0,0.0,168947.04,0.0,0.0,8679.74,153317.43,1385.39,0.00,436362.00,0.00
CZ04/Rt3&0&cDXHP&Ex&dxHP_equip/NE-dxHP-SplitHP-18to33-Ex-SEER17.1/instance-out.sql,2079307.5999999999,10065.13,149548.17,774348.97,0.0,436362.0,0.0,540032.91,3.38,0.0,0.0,0.0,168947.04,0.0,0.0,8679.74,149548.17,1385.39,0.00,436362.00,0.00
CZ04/Rt3&0&cDXHP&Ex&dxHP_equip/NE-dxHP-SplitHP-18to33-Ex-SEER18.1/instance-out.sql,2075724.26,10065.13,145964.83,774348.97,0.0,436362.0,0.0,540032.91,3.38,0.0,0.0,0.0,168947.04,0.0,0.0,8679.74,145964.83,1385.39,0.00,436362.00,0.00
CZ04/Rt3&0&cDXHP&Ex&dxHP_equip/NE-dxHP-SplitHP-33to55-Ex-SEER14.3/instance-out.sql,2093214.26,10065.13,163454.83,774348.97,0.0,436362.0,0.0,540032.91,3.38,0.0,0.0,0.0,168947.04,0.0,0.0,8679.74,163454.83,1385.39,0.00,436362.00,0.00
CZ04/Rt3&0&cDXHP&Ex&dxHP_equip/NE-dxHP-SplitHP-33to55-Ex-SEER15.2/instance-out.sql,2087791.5699999998,10065.13,158032.14,774348.97,0.0,436362.0,0.0,540032.91,3.38,0.0,0.0,0.0,168947.04,0.0,0.0,8679.74,158032.14,1385.39,0.00,436362.00,0.00
CZ04/Rt3&0&cDXHP&Ex&dxHP_equip/NE-dxHP-SplitHP-33to55-Ex-SEER16.2/instance-out.sql,2083076.8599999999,10065.13,153317.43,774348.97,0.0,436362.0,0.0,540032.91,3.38,0.0,0.0,0.0,168947.04,0.0,0.0,8679.74,153317.43,1385.39,0.00,436362.00,0.00
CZ04/Rt3&0&cDXHP&Ex&dxHP_equip/NE-dxHP-SplitHP-33to55-Ex-SEER17.1/instance-out.sql,2079307.5999999999,10065.13,149548.17,774348.97,0.0,436362.0,0.0,540032.91,3.38,0.0,0.0,0.0,168947.04,0.0,0.0,8679.74,149548.17,1385.39,0.00,436362.00,0.00
CZ04/Rt3&0&cDXHP&Ex&dxHP_equip/NE-dxHP-SplitHP-33to55-Ex-SEER18.1/instance-out.sql,2075724.26,10065.13,145964.83,774348.97,0.0,436362.0,0.0,540032.91,3.38,0.0,0.0,0.0,168947.04,0.0,0.0,8679.74,145964.83,1385.39,0.00,436362.00,0.00
CZ04/RtL&0&cDXHP&Ex&dxHP_equip/NE-dxHP-PkgHP-18to33-Ex-SEER13.4/instance-out.sql,2098106.87,6367.64,184236.57,767420.15,0.0,509200.67,0.0,506490.06,3.39,0.0,0.0,0.0,124388.4,0.0,0.0,6367.64,184236.57,0.00,0.00,468847.72,40352.95
CZ04/RtL&0&cDXHP&Ex&dxHP_equip/NE-dxHP-PkgHP-18to33-Ex-SEER15.2/instance-out.sql,2086016.07,6367.64,172145.77,767420.15,0.0,509200.67,0.0,506490.06,3.39,0.0,0.0,0.0,124388.4,0.0,0.0,6367.64,172145.77,0.00,0.00,468847.72,40352.95
CZ04/RtL&0&cDXHP&Ex&dxHP_equip/NE-dxHP-PkgHP-18to33-Ex-SEER16.2/instance-out.sql,2081132.9500000002,6367.64,167262.64,767420.15,0.0,509200.67,0.0,506490.06,3.39,0.0,0.0,0.0,124388.4,0.0,0.0,6367.64,167262.64,0.00,0.00,468847.72,40352.95
CZ04/RtL&0&cDXHP&Ex&dxHP_equip/NE-dxHP-PkgHP-18to33-Ex-SEER17.1/instance-out.sql,2077229.04,6367.64,163358.74,767420.15,0.0,509200.67,0.0,506490.06,3.39,0.0,0.0,0.0,124388.4,0.0,0.0,6367.64,163358.74,0.00,0.00,468847.72,40352.95
CZ04/RtL&0&cDXHP&Ex&dxHP_equip/NE-dxHP-PkgHP-18to33-Ex-SEER18.1/instance-out.sql,2073517.7000000002,6367.64,159647.4,767420.15,0.0,509200.67,0.0,506490.06,3.39,0.0,0.0,0.0,124388.4,0.0,0.0,6367.64,159647.40,0.00,0.00,468847.72,40352.95
CZ04/RtL&0&cDXHP&Ex&dxHP_equip/NE-dxHP-PkgHP-33to65-Ex-SEER13.4/instance-out.sql,2098106.87,6367.64,184236.57,767420.15,0.0,509200.67,0.0,506490.06,3.39,0.0,0.0,0.0,124388.4,0.0,0.0,6367.64,184236.57,0.00,0.00,468847.72,40352.95
CZ04/RtL&0&cDXHP&Ex&dxHP_equip/NE-dxHP-PkgHP-33to65-Ex-SEER15.2/instance-out.sql,2086016.07,6367.64,172145.77,767420.15,0.0,509200.67,0.0,506490.06,3.39,0.0,0.0,0.0,124388.4,0.0,0.0,6367.64,172145.77,0.00,0.00,468847.72,40352.95
CZ04/RtL&0&cDXHP&Ex&dxHP_equip/NE-dxHP-PkgHP-33to65-Ex-SEER16.2/instance-out.sql,2081132.9500000002,6367.64,167262.64,767420.15,0.0,509200.67,0.0,506490.06,3.39,0.0,0.0,0.0,124388.4,0.0,0.0,6367.64,167262.64,0.00,0.00,468847.72,40352.95
CZ04/RtL&0&cDXHP&Ex&dxHP_equip/NE-dxHP-PkgHP-33to65-Ex-SEER17.1/instance-out.sql,2077229.04,6367.64,163358.74,767420.15,0.0,509200.67,0.0,506490.06,3.39,0.0,0.0,0.0,124388.4,0.0,0.0,6367.64,163358.74,0.00,0.00,468847.72,40352.95
CZ04/RtL&0&cDXHP&Ex&dxHP_equip/NE-dxHP-PkgHP-33to65-Ex-SEER18.1/instance-out.sql,2073517.7000000002,6367.64,159647.4,767420.15,0.0,509200.67,0.0,506490.06,3.39,0.0,0.0,0.0,124388.4,0.0,0.0,6367.64,159647.40,0.00,0.00,468847.72,40352.95
CZ04/RtL&0&cDXHP&Ex&dxHP_equip/NE-dxHP-SplitHP-18to33-Ex-SEER14.3/instance-out.sql,2091319.7100000002,6054.88,177762.17,767420.15,0.0,509200.67,0.0,506490.06,3.39,0.0,0.0,0.0,124388.4,0.0,0.0,6054.88,177762.17,0.00,0.00,468847.72,40352.95
CZ04/RtL&0&cDXHP&Ex&dxHP_equip/NE-dxHP-SplitHP-18to33-Ex-SEER15.2/instance-out.sql,2085703.31,6054.88,172145.77,767420.15,0.0,509200.67,0.0,506490.06,3.39,0.0,0.0,0.0,124388.4,0.0,0.0,6054.88,172145.77,0.00,0.00,468847.72,40352.95
CZ04/RtL&0&cDXHP&Ex&dxHP_equip/NE-dxHP-SplitHP-18to33-Ex-SEER16.2/instance-out.sql,2080820.1900000002,6054.88,167262.64,767420.15,0.0,509200.67,0.0,506490.06,3.39,0.0,0.0,0.0,124388.4,0.0,0.0,6054.88,167262.64,0.00,0.00,468847.72,40352.95
CZ04/RtL&0&cDXHP&Ex&dxHP_equip/NE-dxHP-SplitHP-18to33-Ex-SEER17.1/instance-out.sql,2076916.28,6054.88,163358.74,767420.15,0.0,509200.67,0.0,506490.06,3.39,0.0,0.0,0.0,124388.4,0.0,0.0,6054.88,163358.74,0.00,0.00,468847.72,40352.95
CZ04/RtL&0&cDXHP&Ex&dxHP_equip/NE-dxHP-SplitHP-18to33-Ex-SEER18.1/instance-out.sql,2073204.9400000002,6054.88,159647.4,767420.15,0.0,509200.67,0.0,506490.06,3.39,0.0,0.0,0.0,124388.4,0.0,0.0,6054.88,159647.40,0.00,0.00,468847.72,40352.95
CZ04/RtL&0&cDXHP&Ex&dxHP_equip/NE-dxHP-SplitHP-33to55-Ex-SEER14.3/instance-out.sql,2091319.7100000002,6054.88,177762.17,767420.15,0.0,509200.67,0.0,506490.06,3.39,0.0,0.0,0.0,124388.4,0.0,0.0,6054.88,177762.17,0.00,0.00,468847.72,40352.95
CZ04/RtL&0&cDXHP&Ex&dxHP_equip/NE-dxHP-SplitHP-33to55-Ex-SEER15.2/instance-out.sql,2085703.31,6054.88,172145.77,767420.15,0.0,509200.67,0.0,506490.06,3.39,0.0,0.0,0.0,124388.4,0.0,0.0,6054.88,172145.77,0.00,0.00,468847.72,40352.95
CZ04/RtL&0&cDXHP&Ex&dxHP_equip/NE-dxHP-SplitHP-33to55-Ex-SEER16.2/instance-out.sql,2080820.1900000002,6054.88,167262.64,767420.15,0.0,509200.67,0.0,506490.06,3.39,0.0,0.0,0.0,124388.4,0.0,0.0,6054.88,167262.64,0.00,0.00,468847.72,40352.95
CZ04/RtL&0&cDXHP&Ex&dxHP_equip/NE-dxHP-SplitHP-33to55-Ex-SEER17.1/instance-out.sql,2076916.28,6054.88,163358.74,767420.15,0.0,509200.67,0.0,506490.06,3.39,0.0,0.0,0.0,124388.4,0.0,0.0,6054.88,163358.74,0.00,0.00,468847.72,40352.95
CZ04/RtL&0&cDXHP&Ex&dxHP_equip/NE-dxHP-SplitHP-33to55-Ex-SEER18.1/instance-out.sql,2073204.9400000002,6054.88,159647.4,767420.15,0.0,509200.67,0.0,506490.06,3.39,0.0,0.0,0.0,124388.4,0.0,0.0,6054.88,159647.40,0.00,0.00,468847.72,40352.95
CZ04/RtS&0&cDXHP&Ex&dxHP_equip/NE-dxHP-PkgHP-18to33-Ex-SEER13.4/instance-out.sql,135550.32,1497.34,12299.01,44599.63,0.0,24440.79,0.0,37242.25,3.36,0.0,0.0,0.0,15467.93,0.0,0.0,1497.34,12299.01,0.00,0.00,24440.79,0.00
CZ04/RtS&0&cDXHP&Ex&dxHP_equip/NE-dxHP-PkgHP-18to33-Ex-SEER15.2/instance-out.sql,134682.51,1497.34,11431.2,44599.63,0.0,24440.79,0.0,37242.25,3.36,0.0,0.0,0.0,15467.93,0.0,0.0,1497.34,11431.20,0.00,0.00,24440.79,0.00
CZ04/RtS&0&cDXHP&Ex&dxHP_equip/NE-dxHP-PkgHP-18to33-Ex-SEER16.2/instance-out.sql,134332.02,1497.34,11080.72,44599.63,0.0,24440.79,0.0,37242.25,3.36,0.0,0.0,0.0,15467.93,0.0,0.0,1497.34,11080.72,0.00,0.00,24440.79,0.00
CZ04/RtS&0&cDXHP&Ex&dxHP_equip/NE-dxHP-PkgHP-18to33-Ex-SEER17.1/instance-out.sql,134051.82,1497.34,10800.51,44599.63,0.0,24440.79,0.0,37242.25,3.36,0.0,0.0,0.0,15467.93,0.0,0.0,1497.34,10800.51,0.00,0.00,24440.79,0.00
CZ04/RtS&0&cDXHP&Ex&dxHP_equip/NE-dxHP-PkgHP-18to33-Ex-SEER18.1/instance-out.sql,133785.44,1497.34,10534.13,44599.63,0.0,24440.79,0.0,37242.25,3.36,0.0,0.0,0.0,15467.93,0.0,0.0,1497.34,10534.13,0.00,0.00,24440.79,0.00
CZ04/RtS&0&cDXHP&Ex&dxHP_equip/NE-dxHP-PkgHP-33to65-Ex-SEER13.4/instance-out.sql,135550.32,1497.34,12299.01,44599.63,0.0,24440.79,0.0,37242.25,3.36,0.0,0.0,0.0,15467.93,0.0,0.0,1497.34,12299.01,0.00,0.00,24440.79,0.00
CZ04/RtS&0&cDXHP&Ex&dxHP_equip/NE-dxHP-PkgHP-33to65-Ex-SEER15.2/instance-out.sql,134682.51,1497.34,11431.2,44599.63,0.0,24440.79,0.0,37242.25,3.36,0.0,0.0,0.0,15467.93,0.0,0.0,1497.34,11431.20,0.00,0.00,24440.79,0.00
CZ04/RtS&0&cDXHP&Ex&dxHP_equip/NE-dxHP-PkgHP-33to65-Ex-SEER16.2/instance-out.sql,134332.02,1497.34,11080.72,44599.63,0.0,24440.79,0.0,37242.25,3.36,0.0,0.0,0.0,15467.93,0.0,0.0,1497.34,11080.72,0.00,0.00,24440.79,0.00
CZ04/RtS&0&cDXHP&Ex&dxHP_equip/NE-dxHP-PkgHP-33to65-Ex-SEER17.1/instance-out.sql,134051.82,1497.34,10800.51,44599.63,0.0,24440.79,0.0,37242.25,3.36,0.0,0.0,0.0,15467.93,0.0,0.0,1497.34,10800.51,0.00,0.00,24440.79,0.00
CZ04/RtS&0&cDXHP&Ex&dxHP_equip/NE-dxHP-PkgHP-33to65-Ex-SEER18.1/instance-out.sql,133785.44,1497.34,10534.13,44599.63,0.0,24440.79,0.0,37242.25,3.36,0.0,0.0,0.0,15467.93,0.0,0.0,1497.34,10534.13,0.00,0.00,24440.79,0.00
CZ04/RtS&0&cDXHP&Ex&dxHP_equip/NE-dxHP-SplitHP-18to33-Ex-SEER14.3/instance-out.sql,135011.78,1423.5,11834.32,44599.63,0.0,24440.79,0.0,37242.25,3.36,0.0,0.0,0.0,15467.93,0.0,0.0,1423.50,11834.32,0.00,0.00,24440.79,0.00
CZ04/RtS&0&cDXHP&Ex&dxHP_equip/NE-dxHP-SplitHP-18to33-Ex-SEER15.2/instance-out.sql,134608.67,1423.5,11431.2,44599.63,0.0,24440.79,0.0,37242.25,3.36,0.0,0.0,0.0,15467.93,0.0,0.0,1423.50,11431.20,0.00,0.00,24440.79,0.00
CZ04/RtS&0&cDXHP&Ex&dxHP_equip/NE-dxHP-SplitHP-18to33-Ex-SEER16.2/instance-out.sql,134258.18,1423.5,11080.72,44599.63,0.0,24440.79,0.0,37242.25,3.36,0.0,0.0,0.0,15467.93,0.0,0.0,1423.50,11080.72,0.00,0.00,24440.79,0.00
CZ04/RtS&0&cDXHP&Ex&dxHP_equip/NE-dxHP-SplitHP-18to33-Ex-SEER17.1/instance-out.sql,133977.98,1423.5,10800.51,44599.63,0.0,24440.79,0.0,37242.25,3.36,0.0,0.0,0.0,15467.93,0.0,0.0,1423.50,10800.51,0.00,0.00,24440.79,0.00
CZ04/RtS&0&cDXHP&Ex&dxHP_equip/NE-dxHP-SplitHP-18to33-Ex-SEER18.1/instance-out.sql,133711.6,1423.5,10534.13,44599.63,0.0,24440.79,0.0,37242.25,3.36,0.0,0.0,0.0,15467.93,0.0,0.0,1423.50,10534.13,0.00,0.00,24440.79,0.00
CZ04/RtS&0&cDXHP&Ex&dxHP_equip/NE-dxHP-SplitHP-33to55-Ex-SEER14.3/instance-out.sql,135011.78,1423.5,11834.32,44599.63,0.0,24440.79,0.0,37242.25,3.36,0.0,0.0,0.0,15467.93,0.0,0.0,1423.50,11834.32,0.00,0.00,24440.79,0.00
CZ04/RtS&0&cDXHP&Ex&dxHP_equip/NE-dxHP-SplitHP-33to55-Ex-SEER15.2/instance-out.sql,134608.67,1423.5,11431.2,44599.63,0.0,24440.79,0.0,37242.25,3.36,0.0,0.0,0.0,15467.93,0.0,0.0,1423.50,11431.20,0.00,0.00,24440.79,0.00
CZ04/RtS&0&cDXHP&Ex&dxHP_equip/NE-dxHP-SplitHP-33to55-Ex-SEER16.2/instance-out.sql,134258.18,1423.5,11080.72,44599.63,0.0,24440.79,0.0,37242.25,3.36,0.0,0.0,0.0,15467.93,0.0,0.0,1423.50,11080.72,0.00,0.00,24440.79,0.00
CZ04/RtS&0&cDXHP&Ex&dxHP_equip/NE-dxHP-SplitHP-33to55-Ex-SEER17.1/instance-out.sql,133977.98,1423.5,10800.51,44599.63,0.0,24440.79,0.0,37242.25,3.36,0.0,0.0,0.0,15467.93,0.0,0.0,1423.50,10800.51,0.00,0.00,24440.79,0.00
CZ04/RtS&0&cDXHP&Ex&dxHP_equip/NE-dxHP-SplitHP-33to55-Ex-SEER18.1/instance-out.sql,133711.6,1423.5,10534.13,44599.63,0.0,24440.79,0.0,37242.25,3.36,0.0,0.0,0.0,15467.93,0.0,0.0,1423.50,10534.13,0.00,0.00,24440.79,0.00
CZ04/SCn&0&cDXHP&Ex&dxHP_equip/NE-dxHP-PkgHP-18to33-Ex-SEER13.4/instance-out.sql,3076055.19,119613.22,248989.1,850055.03,0.0,449066.39,0.0,1325077.73,3.36,0.0,0.0,0.0,83250.36,0.0,0.0,119613.22,248989.10,0.00,0.00,449066.39,0.00
CZ04/SCn&0&cDXHP&Ex&dxHP_equip/NE-dxHP-PkgHP-18to33-Ex-SEER15.2/instance-out.sql,3058486.61,119613.22,231420.52,850055.03,0.0,449066.39,0.0,1325077.73,3.36,0.0,0.0,0.0,83250.36,0.0,0.0,119613.22,231420.52,0.00,0.00,449066.39,0.00
CZ04/SCn&0&cDXHP&Ex&dxHP_equip/NE-dxHP-PkgHP-18to33-Ex-SEER16.2/instance-out.sql,3051391.17,119613.22,224325.08,850055.03,0.0,449066.39,0.0,1325077.73,3.36,0.0,0.0,0.0,83250.36,0.0,0.0,119613.22,224325.08,0.00,0.00,449066.39,0.00
CZ04/SCn&0&cDXHP&Ex&dxHP_equip/NE-dxHP-PkgHP-18to33-Ex-SEER17.1/instance-out.sql,3045718.58,119613.22,218652.49,850055.03,0.0,449066.39,0.0,1325077.73,3.36,0.0,0.0,0.0,83250.36,0.0,0.0,119613.22,218652.49,0.00,0.00,449066.39,0.00
CZ04/SCn&0&cDXHP&Ex&dxHP_equip/NE-dxHP-PkgHP-18to33-Ex-SEER18.1/instance-out.sql,3040325.81,119613.22,213259.72,850055.03,0.0,449066.39,0.0,1325077.73,3.36,0.0,0.0,0.0,83250.36,0.0,0.0,119613.22,213259.72,0.00,0.00,449066.39,0.00
CZ04/SCn&0&cDXHP&Ex&dxHP_equip/NE-dxHP-PkgHP-33to65-Ex-SEER13.4/instance-out.sql,3076055.19,119613.22,248989.1,850055.03,0.0,449066.39,0.0,1325077.73,3.36,0.0,0.0,0.0,83250.36,0.0,0.0,119613.22,248989.10,0.00,0.00,449066.39,0.00
CZ04/SCn&0&cDXHP&Ex&dxHP_equip/NE-dxHP-PkgHP-33to65-Ex-SEER15.2/instance-out.sql,3058486.61,119613.22,231420.52,850055.03,0.0,449066.39,0.0,1325077.73,3.36,0.0,0.0,0.0,83250.36,0.0,0.0,119613.22,231420.52,0.00,0.00,449066.39,0.00
CZ04/SCn&0&cDXHP&Ex&dxHP_equip/NE-dxHP-PkgHP-33to65-Ex-SEER16.2/instance-out.sql,3051391.17,119613.22,224325.08,850055.03,0.0,449066.39,0.0,1325077.73,3.36,0.0,0.0,0.0,83250.36,0.0,0.0,119613.22,224325.08,0.00,0.00,449066.39,0.00
CZ04/SCn&0&cDXHP&Ex&dxHP_equip/NE-dxHP-PkgHP-33to65-Ex-SEER17.1/instance-out.sql,3045718.58,119613.22,218652.49,850055.03,0.0,449066.39,0.0,1325077.73,3.36,0.0,0.0,0.0,83250.36,0.0,0.0,119613.22,218652.49,0.00,0.00,449066.39,0.00
CZ04/SCn&0&cDXHP&Ex&dxHP_equip/NE-dxHP-PkgHP-33to65-Ex-SEER18.1/instance-out.sql,3040325.81,119613.22,213259.72,850055.03,0.0,449066.39,0.0,1325077.73,3.36,0.0,0.0,0.0,83250.36,0.0,0.0,119613.22,213259.72,0.00,0.00,449066.39,0.00
CZ04/SCn&0&cDXHP&Ex&dxHP_equip/NE-dxHP-SplitHP-18to33-Ex-SEER14.3/instance-out.sql,3060718.05,113683.73,239581.45,850055.03,0.0,449066.39,0.0,1325077.73,3.36,0.0,0.0,0.0,83250.36,0.0,0.0,113683.73,239581.45,0.00,0.00,449066.39,0.00
CZ04/SCn&0&cDXHP&Ex&dxHP_equip/NE-dxHP-SplitHP-18to33-Ex-SEER15.2/instance-out.sql,3052557.13,113683.73,231420.52,850055.03,0.0,449066.39,0.0,1325077.73,3.36,0.0,0.0,0.0,83250.36,0.0,0.0,113683.73,231420.52,0.00,0.00,449066.39,0.00
CZ04/SCn&0&cDXHP&Ex&dxHP_equip/NE-dxHP-SplitHP-18to33-Ex-SEER16.2/instance-out.sql,3045461.69,113683.73,224325.08,850055.03,0.0,449066.39,0.0,1325077.73,3.36,0.0,0.0,0.0,83250.36,0.0,0.0,113683.73,224325.08,0.00,0.00,449066.39,0.00
CZ04/SCn&0&cDXHP&Ex&dxHP_equip/NE-dxHP-SplitHP-18to33-Ex-SEER17.1/instance-out.sql,3039789.1,113683.73,218652.49,850055.03,0.0,449066.39,0.0,1325077.73,3.36,0.0,0.0,0.0,83250.36,0.0,0.0,113683.73,218652.49,0.00,0.00,449066.39,0.00
CZ04/SCn&0&cDXHP&Ex&dxHP_equip/NE-dxHP-SplitHP-18to33-Ex-SEER18.1/instance-out.sql,3034396.32,113683.73,213259.72,850055.03,0.0,449066.39,0.0,1325077.73,3.36,0.0,0.0,0.0,83250.36,0.0,0.0,113683.73,213259.72,0.00,0.00,449066.39,0.00
CZ04/SCn&0&cDXHP&Ex&dxHP_equip/NE-dxHP-SplitHP-33to55-Ex-SEER14.3/instance-out.sql,3060718.05,113683.73,239581.45,850055.03,0.0,449066.39,0.0,1325077.73,3.36,0.0,0.0,0.0,83250.36,0.0,0.0,113683.73,239581.45,0.00,0.00,449066.39,0.00
CZ04/SCn&0&cDXHP&Ex&dxHP_equip/NE-dxHP-SplitHP-33to55-Ex-SEER15.2/instance-out.sql,3052557.13,113683.73,231420.52,850055.03,0.0,449066.39,0.0,1325077.73,3.36,0.0,0.0,0.0,83250.36,0.0,0.0,113683.73,231420.52,0.00,0.00,449066.39,0.00
CZ04/SCn&0&cDXHP&Ex&dxHP_equip/NE-dxHP-SplitHP-33to55-Ex-SEER16.2/instance-out.sql,3045461.69,113683.73,224325.08,850055.03,0.0,449066.39,0.0,1325077.73,3.36,0.0,0.0,0.0,83250.36,0.0,0.0,113683.73,224325.08,0.00,0.00,449066.39,0.00
CZ04/SCn&0&cDXHP&Ex&dxHP_equip/NE-dxHP-SplitHP-33to55-Ex-SEER17.1/instance-out.sql,3039789.1,113683.73,218652.49,850055.03,0.0,449066.39,0.0,1325077.73,3.36,0.0,0.0,0.0,83250.36,0.0,0.0,113683.73,218652.49,0.00,0.00,449066.39,0.00
CZ04/SCn&0&cDXHP&Ex&dxHP_equip/NE-dxHP-SplitHP-33to55-Ex-SEER18.1/instance-out.sql,3034396.32,113683.73,213259.72,850055.03,0.0,449066.39,0.0,1325077.73,3.36,0.0,0.0,0.0,83250.36,0.0,0.0,113683.73,213259.72,0.00,0.00,449066.39,0.00

File Name,Electricity (kWh),Natural Gas (kWh)
CZ03/Asm&0&cDXHP&Ex&dxHP_equip/NE-dxHP-PkgHP-18to33-Ex-SEER13.4/instance-out.sql,589466.74,22747.88
CZ03/Asm&0&cDXHP&Ex&dxHP_equip/NE-dxHP-PkgHP-18to33-Ex-SEER15.2/instance-out.sql,586814.32,22747.88
CZ03/Asm&0&cDXHP&Ex&dxHP_equip/NE-dxHP-PkgHP-18to33-Ex-SEER16.2/instance-out.sql,585743.08,22747.88
CZ03/Asm&0&cDXHP&Ex&dxHP_equip/NE-dxHP-PkgHP-18to33-Ex-SEER17.1/instance-out.sql,584886.65,22747.88
CZ03/Asm&0&cDXHP&Ex&dxHP_equip/NE-dxHP-PkgHP-18to33-Ex-SEER18.1/instance-out.sql,584072.48,22747.88
CZ03/Asm&0&cDXHP&Ex&dxHP_equip/NE-dxHP-PkgHP-33to65-Ex-SEER13.4/instance-out.sql,589466.74,22747.88
CZ03/Asm&0&cDXHP&Ex&dxHP_equip/NE-dxHP-PkgHP-33to65-Ex-SEER15.2/instance-out.sql,586814.32,22747.88
CZ03/Asm&0&cDXHP&Ex&dxHP_equip/NE-dxHP-PkgHP-33to65-Ex-SEER16.2/instance-out.sql,585743.08,22747.88
CZ03/Asm&0&cDXHP&Ex&dxHP_equip/NE-dxHP-PkgHP-33to65-Ex-SEER17.1/instance-out.sql,584886.65,22747.88
CZ03/Asm&0&cDXHP&Ex&dxHP_equip/NE-dxHP-PkgHP-33to65-Ex-SEER18.1/instance-out.sql,584072.48,22747.88
CZ03/Asm&0&cDXHP&Ex&dxHP_equip/NE-dxHP-SplitHP-18to33-Ex-SEER14.3/instance-out.sql,586335.33,22747.88
CZ03/Asm&0&cDXHP&Ex&dxHP_equip/NE-dxHP-SplitHP-18to33-Ex-SEER15.2/instance-out.sql,585103.23,22747.88
CZ03/Asm&0&cDXHP&Ex&dxHP_equip/NE-dxHP-SplitHP-18to33-Ex-SEER16.2/instance-out.sql,584031.99,22747.88
CZ03/Asm&0&cDXHP&Ex&dxHP_equip/NE-dxHP-SplitHP-18to33-Ex-SEER17.1/instance-out.sql,583175.57,22747.88
CZ03/Asm&0&cDXHP&Ex&dxHP_equip/NE-dxHP-SplitHP-18to33-Ex-SEER18.1/instance-out.sql,582361.39,22747.88
CZ03/Asm&0&cDXHP&Ex&dxHP_equip/NE-dxHP-SplitHP-33to55-Ex-SEER14.3/instance-out.sql,586335.33,22747.88
CZ03/Asm&0&cDXHP&Ex&dxHP_equip/NE-dxHP-SplitHP-33to55-Ex-SEER15.2/instance-out.sql,585103.23,22747.88
CZ03/Asm&0&cDXHP&Ex&dxHP_equip/NE-dxHP-SplitHP-33to55-Ex-SEER16.2/instance-out.sql,584031.99,22747.88
CZ03/Asm&0&cDXHP&Ex&dxHP_equip/NE-dxHP-SplitHP-33to55-Ex-SEER17.1/instance-out.sql,583175.57,22747.88
CZ03/Asm&0&cDXHP&Ex&dxHP_equip/NE-dxHP-SplitHP-33to55-Ex-SEER18.1/instance-out.sql,582361.39,22747.88
CZ03/ECC&0&cDXHP&Ex&dxHP_equip/NE-dxHP-PkgHP-18to33-Ex-SEER13.4/instance-out.sql,1976618.80,520902.16
CZ03/ECC&0&cDXHP&Ex&dxHP_equip/NE-dxHP-PkgHP-18to33-Ex-SEER15.2/instance-out.sql,1971827.12,520902.16
CZ03/ECC&0&cDXHP&Ex&dxHP_equip/NE-dxHP-PkgHP-18to33-Ex-SEER16.2/instance-out.sql,1969891.90,520902.16
CZ03/ECC&0&cDXHP&Ex&dxHP_equip/NE-dxHP-PkgHP-18to33-Ex-SEER17.1/instance-out.sql,1968344.75,520902.16
CZ03/ECC&0&cDXHP&Ex&dxHP_equip/NE-dxHP-PkgHP-18to33-Ex-SEER18.1/instance-out.sql,1966873.91,520902.16
CZ03/ECC&0&cDXHP&Ex&dxHP_equip/NE-dxHP-PkgHP-33to65-Ex-SEER13.4/instance-out.sql,1976618.80,520902.16
CZ03/ECC&0&cDXHP&Ex&dxHP_equip/NE-dxHP-PkgHP-33to65-Ex-SEER15.2/instance-out.sql,1971827.12,520902.16
CZ03/ECC&0&cDXHP&Ex&dxHP_equip/NE-dxHP-PkgHP-33to65-Ex-SEER16.2/instance-out.sql,1969891.90,520902.16
CZ03/ECC&0&cDXHP&Ex&dxHP_equip/NE-dxHP-PkgHP-33to65-Ex-SEER17.1/instance-out.sql,1968344.75,520902.16
CZ03/ECC&0&cDXHP&Ex&dxHP_equip/NE-dxHP-PkgHP-33to65-Ex-SEER18.1/instance-out.sql,1966873.91,520902.16
CZ03/ECC&0&cDXHP&Ex&dxHP_equip/NE-dxHP-SplitHP-18to33-Ex-SEER14.3/instance-out.sql,1973469.69,520902.16
CZ03/ECC&0&cDXHP&Ex&dxHP_equip/NE-dxHP-SplitHP-18to33-Ex-SEER15.2/instance-out.sql,1971243.87,520902.16
CZ03/ECC&0&cDXHP&Ex&dxHP_equip/NE-dxHP-SplitHP-18to33-Ex-SEER16.2/instance-out.sql,1969308.65,520902.16
CZ03/ECC&0&cDXHP&Ex&dxHP_equip/NE-dxHP-SplitHP-18to33-Ex-SEER17.1/instance-out.sql,1967761.49,520902.16
CZ03/ECC&0&cDXHP&Ex&dxHP_equip/NE-dxHP-SplitHP-18to33-Ex-SEER18.1/instance-out.sql,1966290.66,520902.16
CZ03/ECC&0&cDXHP&Ex&dxHP_equip/NE-dxHP-SplitHP-33to55-Ex-SEER14.3/instance-out.sql,1973469.69,520902.16
CZ03/ECC&0&cDXHP&Ex&dxHP_equip/NE-dxHP-SplitHP-33to55-Ex-SEER15.2/instance-out.sql,1971243.87,520902.16
CZ03/ECC&0&cDXHP&Ex&dxHP_equip/NE-dxHP-SplitHP-33to55-Ex-SEER16.2/instance-out.sql,1969308.65,520902.16
CZ03/ECC&0&cDXHP&Ex&dxHP_equip/NE-dxHP-SplitHP-33to55-Ex-SEER17.1/instance-out.sql,1967761.49,520902.16
CZ03/ECC&0&cDXHP&Ex&dxHP_equip/NE-dxHP-SplitHP-33to55-Ex-SEER18.1/instance-out.sql,1966290.66,520902.16
CZ03/EPr&0&cDXHP&Ex&dxHP_equip/NE-dxHP-PkgHP-18to33-Ex-SEER13.4/instance-out.sql,253686.68,128995.92
CZ03/EPr&0&cDXHP&Ex&dxHP_equip/NE-dxHP-PkgHP-18to33-Ex-SEER15.2/instance-out.sql,252860.63,128995.92
CZ03/EPr&0&cDXHP&Ex&dxHP_equip/NE-dxHP-PkgHP-18to33-Ex-SEER16.2/instance-out.sql,252527.01,128995.92
CZ03/EPr&0&cDXHP&Ex&dxHP_equip/NE-dxHP-PkgHP-18to33-Ex-SEER17.1/instance-out.sql,252260.29,128995.92
CZ03/EPr&0&cDXHP&Ex&dxHP_equip/NE-dxHP-PkgHP-18to33-Ex-SEER18.1/instance-out.sql,252006.72,128995.92
CZ03/EPr&0&cDXHP&Ex&dxHP_equip/NE-dxHP-PkgHP-33to65-Ex-SEER13.4/instance-out.sql,253686.68,128995.92
CZ03/EPr&0&cDXHP&Ex&dxHP_equip/NE-dxHP-PkgHP-33to65-Ex-SEER15.2/instance-out.sql,252860.63,128995.92
CZ03/EPr&0&cDXHP&Ex&dxHP_equip/NE-dxHP-PkgHP-33to65-Ex-SEER16.2/instance-out.sql,252527.01,128995.92
CZ03/EPr&0&cDXHP&Ex&dxHP_equip/NE-dxHP-PkgHP-33to65-Ex-SEER17.1/instance-out.sql,252260.29,128995.92
CZ03/EPr&0&cDXHP&Ex&dxHP_equip/NE-dxHP-PkgHP-33to65-Ex-SEER18.1/instance-out.sql,252006.72,128995.92
CZ03/EPr&0&cDXHP&Ex&dxHP_equip/NE-dxHP-SplitHP-18to33-Ex-SEER14.3/instance-out.sql,253034.99,128995.92
CZ03/EPr&0&cDXHP&Ex&dxHP_equip/NE-dxHP-SplitHP-18to33-Ex-SEER15.2/instance-out.sql,252651.27,128995.92
CZ03/EPr&0&cDXHP&Ex&dxHP_equip/NE-dxHP-SplitHP-18to33-Ex-SEER16.2/instance-out.sql,252317.65,128995.92
CZ03/EPr&0&cDXHP&Ex&dxHP_equip/NE-dxHP-SplitHP-18to33-Ex-SEER17.1/instance-out.sql,252050.93,128995.92
CZ03/EPr&0&cDXHP&Ex&dxHP_equip/NE-dxHP-SplitHP-18to33-Ex-SEER18.1/instance-out.sql,251797.37,128995.92
CZ03/EPr&0&cDXHP&Ex&dxHP_equip/NE-dxHP-SplitHP-33to55-Ex-SEER14.3/instance-out.sql,253034.99,128995.92
CZ03/EPr&0&cDXHP&Ex&dxHP_equip/NE-dxHP-SplitHP-33to55-Ex-SEER15.2/instance-out.sql,252651.27,128995.92
CZ03/EPr&0&cDXHP&Ex&dxHP_equip/NE-dxHP-SplitHP-33to55-Ex-SEER16.2/instance-out.sql,252317.65,128995.92
CZ03/EPr&0&cDXHP&Ex&dxHP_equip/NE-dxHP-SplitHP-33to55-Ex-SEER17.1/instance-out.sql,252050.93,128995.92
CZ03/EPr&0&cDXHP&Ex&dxHP_equip/NE-dxHP-SplitHP-33to55-Ex-SEER18.1/instance-out.sql,251797.37,128995.92
CZ03/ERC&0&cDXHP&Ex&dxHP_equip/NE-dxHP-PkgHP-18to33-Ex-SEER13.4/instance-out.sql,8690.57,9310.37
CZ03/ERC&0&cDXHP&Ex&dxHP_equip/NE-dxHP-PkgHP-18to33-Ex-SEER15.2/instance-out.sql,8662.85,9310.37
CZ03/ERC&0&cDXHP&Ex&dxHP_equip/NE-dxHP-PkgHP-18to33-Ex-SEER16.2/instance-out.sql,8651.66,9310.37
CZ03/ERC&0&cDXHP&Ex&dxHP_equip/NE-dxHP-PkgHP-18to33-Ex-SEER17.1/instance-out.sql,8642.71,9310.37
CZ03/ERC&0&cDXHP&Ex&dxHP_equip/NE-dxHP-PkgHP-18to33-Ex-SEER18.1/instance-out.sql,8634.20,9310.37
CZ03/ERC&0&cDXHP&Ex&dxHP_equip/NE-dxHP-PkgHP-33to65-Ex-SEER13.4/instance-out.sql,8690.57,9310.37
CZ03/ERC&0&cDXHP&Ex&dxHP_equip/NE-dxHP-PkgHP-33to65-Ex-SEER15.2/instance-out.sql,8662.85,9310.37
CZ03/ERC&0&cDXHP&Ex&dxHP_equip/NE-dxHP-PkgHP-33to65-Ex-SEER16.2/instance-out.sql,8651.66,9310.37
CZ03/ERC&0&cDXHP&Ex&dxHP_equip/NE-dxHP-PkgHP-33to65-Ex-SEER17.1/instance-out.sql,8642.71,9310.37
CZ03/ERC&0&cDXHP&Ex&dxHP_equip/NE-dxHP-PkgHP-33to65-Ex-SEER18.1/instance-out.sql,8634.20,9310.37
CZ03/ERC&0&cDXHP&Ex&dxHP_equip/NE-dxHP-SplitHP-18to33-Ex-SEER14.3/instance-out.sql,8660.24,9310.37
CZ03/ERC&0&cDXHP&Ex&dxHP_equip/NE-dxHP-SplitHP-18to33-Ex-SEER15.2/instance-out.sql,8647.37,9310.37
CZ03/ERC&0&cDXHP&Ex&dxHP_equip/NE-dxHP-SplitHP-18to33-Ex-SEER16.2/instance-out.sql,8636.17,9310.37
CZ03/ERC&0&cDXHP&Ex&dxHP_equip/NE-dxHP-SplitHP-18to33-Ex-SEER17.1/instance-out.sql,8627.22,9310.37
CZ03/ERC&0&cDXHP&Ex&dxHP_equip/NE-dxHP-SplitHP-18to33-Ex-SEER18.1/instance-out.sql,8618.71,9310.37
CZ03/ERC&0&cDXHP&Ex&dxHP_equip/NE-dxHP-SplitHP-33to55-Ex-SEER14.3/instance-out.sql,8660.24,9310.37
CZ03/ERC&0&cDXHP&Ex&dxHP_equip/NE-dxHP-SplitHP-33to55-Ex-SEER15.2/instance-out.sql,8647.37,9310.37
CZ03/ERC&0&cDXHP&Ex&dxHP_equip/NE-dxHP-SplitHP-33to55-Ex-SEER16.2/instance-out.sql,8636.17,9310.37
CZ03/ERC&0&cDXHP&Ex&dxHP_equip/NE-dxHP-SplitHP-33to55-Ex-SEER17.1/instance-out.sql,8627.22,9310.37
CZ03/ERC&0&cDXHP&Ex&dxHP_equip/NE-dxHP-SplitHP-33to55-Ex-SEER18.1/instance-out.sql,8618.71,9310.37
CZ03/ESe&0&cDXHP&Ex&dxHP_equip/NE-dxHP-PkgHP-18to33-Ex-SEER13.4/instance-out.sql,752649.75,390456.55
CZ03/ESe&0&cDXHP&Ex&dxHP_equip/NE-dxHP-PkgHP-18to33-Ex-SEER15.2/instance-out.sql,751669.47,390456.55
CZ03/ESe&0&cDXHP&Ex&dxHP_equip/NE-dxHP-PkgHP-18to33-Ex-SEER16.2/instance-out.sql,751273.56,390456.55
CZ03/ESe&0&cDXHP&Ex&dxHP_equip/NE-dxHP-PkgHP-18to33-Ex-SEER17.1/instance-out.sql,750957.04,390456.55
CZ03/ESe&0&cDXHP&Ex&dxHP_equip/NE-dxHP-PkgHP-18to33-Ex-SEER18.1/instance-out.sql,750656.14,390456.55
CZ03/ESe&0&cDXHP&Ex&dxHP_equip/NE-dxHP-PkgHP-33to65-Ex-SEER13.4/instance-out.sql,752649.75,390456.55
CZ03/ESe&0&cDXHP&Ex&dxHP_equip/NE-dxHP-PkgHP-33to65-Ex-SEER15.2/instance-out.sql,751669.47,390456.55
CZ03/ESe&0&cDXHP&Ex&dxHP_equip/NE-dxHP-PkgHP-33to65-Ex-SEER16.2/instance-out.sql,751273.56,390456.55
CZ03/ESe&0&cDXHP&Ex&dxHP_equip/NE-dxHP-PkgHP-33to65-Ex-SEER17.1/instance-out.sql,750957.04,390456.55
CZ03/ESe&0&cDXHP&Ex&dxHP_equip/NE-dxHP-PkgHP-33to65-Ex-SEER18.1/instance-out.sql,750656.14,390456.55
CZ03/ESe&0&cDXHP&Ex&dxHP_equip/NE-dxHP-SplitHP-18to33-Ex-SEER14.3/instance-out.sql,752010.50,390456.55
CZ03/ESe&0&cDXHP&Ex&dxHP_equip/NE-dxHP-SplitHP-18to33-Ex-SEER15.2/instance-out.sql,751555.14,390456.55
CZ03/ESe&0&cDXHP&Ex&dxHP_equip/NE-dxHP-SplitHP-18to33-Ex-SEER16.2/instance-out.sql,751159.23,390456.55
CZ03/ESe&0&cDXHP&Ex&dxHP_equip/NE-dxHP-SplitHP-18to33-Ex-SEER17.1/instance-out.sql,750842.72,390456.55
CZ03/ESe&0&cDXHP&Ex&dxHP_equip/NE-dxHP-SplitHP-18to33-Ex-SEER18.1/instance-out.sql,750541.82,390456.55
CZ03/ESe&0&cDXHP&Ex&dxHP_equip/NE-dxHP-SplitHP-33to55-Ex-SEER14.3/instance-out.sql,752010.50,390456.55
CZ03/ESe&0&cDXHP&Ex&dxHP_equip/NE-dxHP-SplitHP-33to55-Ex-SEER15.2/instance-out.sql,751555.14,390456.55
CZ03/ESe&0&cDXHP&Ex&dxHP_equip/NE-dxHP-SplitHP-33to55-Ex-SEER16.2/instance-out.sql,751159.23,390456.55
CZ03/ESe&0&cDXHP&Ex&dxHP_equip/NE-dxHP-SplitHP-33to55-Ex-SEER17.1/instance-out.sql,750842.72,390456.55
CZ03/ESe&0&cDXHP&Ex&dxHP_equip/NE-dxHP-SplitHP-33to55-Ex-SEER18.1/instance-out.sql,750541.82,390456.55
CZ03/EUn&0&cDXHP&Ex&dxHP_equip/NE-dxHP-PkgHP-18to33-Ex-SEER13.4/instance-out.sql,7109847.37,898092.14
CZ03/EUn&0&cDXHP&Ex&dxHP_equip/NE-dxHP-PkgHP-18to33-Ex-SEER15.2/instance-out.sql,7094175.38,898092.14
CZ03/EUn&0&cDXHP&Ex&dxHP_equip/NE-dxHP-PkgHP-18to33-Ex-SEER16.2/instance-out.sql,7087845.91,898092.14
CZ03/EUn&0&cDXHP&Ex&dxHP_equip/NE-dxHP-PkgHP-18to33-Ex-SEER17.1/instance-out.sql,7082785.70,898092.14
CZ03/EUn&0&cDXHP&Ex&dxHP_equip/NE-dxHP-PkgHP-18to33-Ex-SEER18.1/instance-out.sql,7077975.09,898092.14
CZ03/EUn&0&cDXHP&Ex&dxHP_equip/NE-dxHP-PkgHP-33to65-Ex-SEER13.4/instance-out.sql,7109847.37,898092.14
CZ03/EUn&0&cDXHP&Ex&dxHP_equip/NE-dxHP-PkgHP-33to65-Ex-SEER15.2/instance-out.sql,7094175.38,898092.14
CZ03/EUn&0&cDXHP&Ex&dxHP_equip/NE-dxHP-PkgHP-33to65-Ex-SEER16.2/instance-out.sql,7087845.91,898092.14
CZ03/EUn&0&cDXHP&Ex&dxHP_equip/NE-dxHP-PkgHP-33to65-Ex-SEER17.1/instance-out.sql,7082785.70,898092.14
CZ03/EUn&0&cDXHP&Ex&dxHP_equip/NE-dxHP-PkgHP-33to65-Ex-SEER18.1/instance-out.sql,7077975.09,898092.14
CZ03/EUn&0&cDXHP&Ex&dxHP_equip/NE-dxHP-SplitHP-18to33-Ex-SEER14.3/instance-out.sql,7099976.79,898092.14
CZ03/EUn&0&cDXHP&Ex&dxHP_equip/NE-dxHP-SplitHP-18to33-Ex-SEER15.2/instance-out.sql,7092696.86,898092.14
CZ03/EUn&0&cDXHP&Ex&dxHP_equip/NE-dxHP-SplitHP-18to33-Ex-SEER16.2/instance-out.sql,7086367.39,898092.14
CZ03/EUn&0&cDXHP&Ex&dxHP_equip/NE-dxHP-SplitHP-18to33-Ex-SEER17.1/instance-out.sql,7081307.18,898092.14
CZ03/EUn&0&cDXHP&Ex&dxHP_equip/NE-dxHP-SplitHP-18to33-Ex-SEER18.1/instance-out.sql,7076496.57,898092.14
CZ03/EUn&0&cDXHP&Ex&dxHP_equip/NE-dxHP-SplitHP-33to55-Ex-SEER14.3/instance-out.sql,7099976.79,898092.14
CZ03/EUn&0&cDXHP&Ex&dxHP_equip/NE-dxHP-SplitHP-33to55-Ex-SEER15.2/instance-out.sql,7092696.86,898092.14
CZ03/EUn&0&cDXHP&Ex&dxHP_equip/NE-dxHP-SplitHP-33to55-Ex-SEER16.2/instance-out.sql,7086367.39,898092.14
CZ03/EUn&0&cDXHP&Ex&dxHP_equip/NE-dxHP-SplitHP-33to55-Ex-SEER17.1/instance-out.sql,7081307.18,898092.14
CZ03/EUn&0&cDXHP&Ex&dxHP_equip/NE-dxHP-SplitHP-33to55-Ex-SEER18.1/instance-out.sql,7076496.57,898092.14
CZ03/Gro&0&cDXHP&Ex&dxHP_equip/NE-dxHP-PkgHP-18to33-Ex-SEER13.4/instance-out.sql,1511592.79,61219.69
CZ03/Gro&0&cDXHP&Ex&dxHP_equip/NE-dxHP-PkgHP-18to33-Ex-SEER15.2/instance-out.sql,1510785.16,61219.69
CZ03/Gro&0&cDXHP&Ex&dxHP_equip/NE-dxHP-PkgHP-18to33-Ex-SEER16.2/instance-out.sql,1510458.99,61219.69
CZ03/Gro&0&cDXHP&Ex&dxHP_equip/NE-dxHP-PkgHP-18to33-Ex-SEER17.1/instance-out.sql,1510198.22,61219.69
CZ03/Gro&0&cDXHP&Ex&dxHP_equip/NE-dxHP-PkgHP-18to33-Ex-SEER18.1/instance-out.sql,1509950.31,61219.69
CZ03/Gro&0&cDXHP&Ex&dxHP_equip/NE-dxHP-PkgHP-33to65-Ex-SEER13.4/instance-out.sql,1511592.79,61219.69
CZ03/Gro&0&cDXHP&Ex&dxHP_equip/NE-dxHP-PkgHP-33to65-Ex-SEER15.2/instance-out.sql,1510785.16,61219.69
CZ03/Gro&0&cDXHP&Ex&dxHP_equip/NE-dxHP-PkgHP-33to65-Ex-SEER16.2/instance-out.sql,1510458.99,61219.69
CZ03/Gro&0&cDXHP&Ex&dxHP_equip/NE-dxHP-PkgHP-33to65-Ex-SEER17.1/instance-out.sql,1510198.22,61219.69
CZ03/Gro&0&cDXHP&Ex&dxHP_equip/NE-dxHP-PkgHP-33to65-Ex-SEER18.1/instance-out.sql,1509950.31,61219.69
CZ03/Gro&0&cDXHP&Ex&dxHP_equip/NE-dxHP-SplitHP-18to33-Ex-SEER14.3/instance-out.sql,1509716.42,61219.69
CZ03/Gro&0&cDXHP&Ex&dxHP_equip/NE-dxHP-SplitHP-18to33-Ex-SEER15.2/instance-out.sql,1509341.27,61219.69
CZ03/Gro&0&cDXHP&Ex&dxHP_equip/NE-dxHP-SplitHP-18to33-Ex-SEER16.2/instance-out.sql,1509015.09,61219.69
CZ03/Gro&0&cDXHP&Ex&dxHP_equip/NE-dxHP-SplitHP-18to33-Ex-SEER17.1/instance-out.sql,1508754.32,61219.69
CZ03/Gro&0&cDXHP&Ex&dxHP_equip/NE-dxHP-SplitHP-18to33-Ex-SEER18.1/instance-out.sql,1508506.42,61219.69
CZ03/Gro&0&cDXHP&Ex&dxHP_equip/NE-dxHP-SplitHP-33to55-Ex-SEER14.3/instance-out.sql,1509716.42,61219.69
CZ03/Gro&0&cDXHP&Ex&dxHP_equip/NE-dxHP-SplitHP-33to55-Ex-SEER15.2/instance-out.sql,1509341.27,61219.69
CZ03/Gro&0&cDXHP&Ex&dxHP_equip/NE-dxHP-SplitHP-33to55-Ex-SEER16.2/instance-out.sql,1509015.09,61219.69
CZ03/Gro&0&cDXHP&Ex&dxHP_equip/NE-dxHP-SplitHP-33to55-Ex-SEER17.1/instance-out.sql,1508754.32,61219.69
CZ03/Gro&0&cDXHP&Ex&dxHP_equip/NE-dxHP-SplitHP-33to55-Ex-SEER18.1/instance-out.sql,1508506.42,61219.69
CZ03/Hsp&0&cDXHP&Ex&dxHP_equip/NE-dxHP-PkgHP-18to33-Ex-SEER13.4/instance-out.sql,2860632.95,480222.60
CZ03/Hsp&0&cDXHP&Ex&dxHP_equip/NE-dxHP-PkgHP-18to33-Ex-SEER15.2/instance-out.sql,2858527.75,480222.60
CZ03/Hsp&0&cDXHP&Ex&dxHP_equip/NE-dxHP-PkgHP-18to33-Ex-SEER16.2/instance-out.sql,2857677.53,480222.60
CZ03/Hsp&0&cDXHP&Ex&dxHP_equip/NE-dxHP-PkgHP-18to33-Ex-SEER17.1/instance-out.sql,2856997.79,480222.60
CZ03/Hsp&0&cDXHP&Ex&dxHP_equip/NE-dxHP-PkgHP-18to33-Ex-SEER18.1/instance-out.sql,2856351.59,480222.60
CZ03/Hsp&0&cDXHP&Ex&dxHP_equip/NE-dxHP-PkgHP-33to65-Ex-SEER13.4/instance-out.sql,2860632.95,480222.60
CZ03/Hsp&0&cDXHP&Ex&dxHP_equip/NE-dxHP-PkgHP-33to65-Ex-SEER15.2/instance-out.sql,2858527.75,480222.60
CZ03/Hsp&0&cDXHP&Ex&dxHP_equip/NE-dxHP-PkgHP-33to65-Ex-SEER16.2/instance-out.sql,2857677.53,480222.60
CZ03/Hsp&0&cDXHP&Ex&dxHP_equip/NE-dxHP-PkgHP-33to65-Ex-SEER17.1/instance-out.sql,2856997.79,480222.60
CZ03/Hsp&0&cDXHP&Ex&dxHP_equip/NE-dxHP-PkgHP-33to65-Ex-SEER18.1/instance-out.sql,2856351.59,480222.60
CZ03/Hsp&0&cDXHP&Ex&dxHP_equip/NE-dxHP-SplitHP-18to33-Ex-SEER14.3/instance-out.sql,2859304.17,480222.60
CZ03/Hsp&0&cDXHP&Ex&dxHP_equip/NE-dxHP-SplitHP-18to33-Ex-SEER15.2/instance-out.sql,2858326.26,480222.60
CZ03/Hsp&0&cDXHP&Ex&dxHP_equip/NE-dxHP-SplitHP-18to33-Ex-SEER16.2/instance-out.sql,2857476.03,480222.60
CZ03/Hsp&0&cDXHP&Ex&dxHP_equip/NE-dxHP-SplitHP-18to33-Ex-SEER17.1/instance-out.sql,2856796.30,480222.60
CZ03/Hsp&0&cDXHP&Ex&dxHP_equip/NE-dxHP-SplitHP-18to33-Ex-SEER18.1/instance-out.sql,2856150.10,480222.60
CZ03/Hsp&0&cDXHP&Ex&dxHP_equip/NE-dxHP-SplitHP-33to55-Ex-SEER14.3/instance-out.sql,2859304.17,480222.60
CZ03/Hsp&0&cDXHP&Ex&dxHP_equip/NE-dxHP-SplitHP-33to55-Ex-SEER15.2/instance-out.sql,2858326.26,480222.60
CZ03/Hsp&0&cDXHP&Ex&dxHP_equip/NE-dxHP-SplitHP-33to55-Ex-SEER16.2/instance-out.sql,2857476.03,480222.60
CZ03/Hsp&0&cDXHP&Ex&dxHP_equip/NE-dxHP-SplitHP-33to55-Ex-SEER17.1/instance-out.sql,2856796.30,480222.60
CZ03/Hsp&0&cDXHP&Ex&dxHP_equip/NE-dxHP-SplitHP-33to55-Ex-SEER18.1/instance-out.sql,2856150.10,480222.60
CZ03/MBT&0&cDXHP&Ex&dxHP_equip/NE-dxHP-PkgHP-18to33-Ex-SEER13.4/instance-out.sql,3210935.62,3133937.91
CZ03/MBT&0&cDXHP&Ex&dxHP_equip/NE-dxHP-PkgHP-18to33-Ex-SEER15.2/instance-out.sql,3208638.27,3133937.91
CZ03/MBT&0&cDXHP&Ex&dxHP_equip/NE-dxHP-PkgHP-18to33-Ex-SEER16.2/instance-out.sql,3207710.43,3133937.91
CZ03/MBT&0&cDXHP&Ex&dxHP_equip/NE-dxHP-PkgHP-18to33-Ex-SEER17.1/instance-out.sql,3206968.65,3133937.91
CZ03/MBT&0&cDXHP&Ex&dxHP_equip/NE-dxHP-PkgHP-18to33-Ex-SEER18.1/instance-out.sql,3206263.47,3133937.91
CZ03/MBT&0&cDXHP&Ex&dxHP_equip/NE-dxHP-PkgHP-33to65-Ex-SEER13.4/instance-out.sql,3210935.62,3133937.91
CZ03/MBT&0&cDXHP&Ex&dxHP_equip/NE-dxHP-PkgHP-33to65-Ex-SEER15.2/instance-out.sql,3208638.27,3133937.91
CZ03/MBT&0&cDXHP&Ex&dxHP_equip/NE-dxHP-PkgHP-33to65-Ex-SEER16.2/instance-out.sql,3207710.43,3133937.91
CZ03/MBT&0&cDXHP&Ex&dxHP_equip/NE-dxHP-PkgHP-33to65-Ex-SEER17.1/instance-out.sql,3206968.65,3133937.91
CZ03/MBT&0&cDXHP&Ex&dxHP_equip/NE-dxHP-PkgHP-33to65-Ex-SEER18.1/instance-out.sql,3206263.47,3133937.91
CZ03/MBT&0&cDXHP&Ex&dxHP_equip/NE-dxHP-SplitHP-18to33-Ex-SEER14.3/instance-out.sql,3208943.69,3133937.91
CZ03/MBT&0&cDXHP&Ex&dxHP_equip/NE-dxHP-SplitHP-18to33-Ex-SEER15.2/instance-out.sql,3207876.53,3133937.91
CZ03/MBT&0&cDXHP&Ex&dxHP_equip/NE-dxHP-SplitHP-18to33-Ex-SEER16.2/instance-out.sql,3206948.69,3133937.91
CZ03/MBT&0&cDXHP&Ex&dxHP_equip/NE-dxHP-SplitHP-18to33-Ex-SEER17.1/instance-out.sql,3206206.92,3133937.91
CZ03/MBT&0&cDXHP&Ex&dxHP_equip/NE-dxHP-SplitHP-18to33-Ex-SEER18.1/instance-out.sql,3205501.73,3133937.91
CZ03/MBT&0&cDXHP&Ex&dxHP_equip/NE-dxHP-SplitHP-33to55-Ex-SEER14.3/instance-out.sql,3208943.69,3133937.91
CZ03/MBT&0&cDXHP&Ex&dxHP_equip/NE-dxHP-SplitHP-33to55-Ex-SEER15.2/instance-out.sql,3207876.53,3133937.91
CZ03/MBT&0&cDXHP&Ex&dxHP_equip/NE-dxHP-SplitHP-33to55-Ex-SEER16.2/instance-out.sql,3206948.69,3133937.91
CZ03/MBT&0&cDXHP&Ex&dxHP_equip/NE-dxHP-SplitHP-33to55-Ex-SEER17.1/instance-out.sql,3206206.92,3133937.91
CZ03/MBT&0&cDXHP&Ex&dxHP_equip/NE-dxHP-SplitHP-33to55-Ex-SEER18.1/instance-out.sql,3205501.73,3133937.91
CZ03/MLI&0&cDXHP&Ex&dxHP_equip/NE-dxHP-PkgHP-18to33-Ex-SEER13.4/instance-out.sql,884144.38,49100.18
CZ03/MLI&0&cDXHP&Ex&dxHP_equip/NE-dxHP-PkgHP-18to33-Ex-SEER15.2/instance-out.sql,881954.95,49100.18
CZ03/MLI&0&cDXHP&Ex&dxHP_equip/NE-dxHP-PkgHP-18to33-Ex-SEER16.2/instance-out.sql,881070.71,49100.18
CZ03/MLI&0&cDXHP&Ex&dxHP_equip/NE-dxHP-PkgHP-18to33-Ex-SEER17.1/instance-out.sql,880363.78,49100.18
CZ03/MLI&0&cDXHP&Ex&dxHP_equip/NE-dxHP-PkgHP-18to33-Ex-SEER18.1/instance-out.sql,879691.72,49100.18
CZ03/MLI&0&cDXHP&Ex&dxHP_equip/NE-dxHP-PkgHP-33to65-Ex-SEER13.4/instance-out.sql,884144.38,49100.18
CZ03/MLI&0&cDXHP&Ex&dxHP_equip/NE-dxHP-PkgHP-33to65-Ex-SEER15.2/instance-out.sql,881954.95,49100.18
CZ03/MLI&0&cDXHP&Ex&dxHP_equip/NE-dxHP-PkgHP-33to65-Ex-SEER16.2/instance-out.sql,881070.71,49100.18
CZ03/MLI&0&cDXHP&Ex&dxHP_equip/NE-dxHP-PkgHP-33to65-Ex-SEER17.1/instance-out.sql,880363.78,49100.18
CZ03/MLI&0&cDXHP&Ex&dxHP_equip/NE-dxHP-PkgHP-33to65-Ex-SEER18.1/instance-out.sql,879691.72,49100.18
CZ03/MLI&0&cDXHP&Ex&dxHP_equip/NE-dxHP-SplitHP-18to33-Ex-SEER14.3/instance-out.sql,881898.62,49100.18
CZ03/MLI&0&cDXHP&Ex&dxHP_equip/NE-dxHP-SplitHP-18to33-Ex-SEER15.2/instance-out.sql,880881.59,49100.18
CZ03/MLI&0&cDXHP&Ex&dxHP_equip/NE-dxHP-SplitHP-18to33-Ex-SEER16.2/instance-out.sql,879997.34,49100.18
CZ03/MLI&0&cDXHP&Ex&dxHP_equip/NE-dxHP-SplitHP-18to33-Ex-SEER17.1/instance-out.sql,879290.42,49100.18
CZ03/MLI&0&cDXHP&Ex&dxHP_equip/NE-dxHP-SplitHP-18to33-Ex-SEER18.1/instance-out.sql,878618.36,49100.18
CZ03/MLI&0&cDXHP&Ex&dxHP_equip/NE-dxHP-SplitHP-33to55-Ex-SEER14.3/instance-out.sql,881898.62,49100.18
CZ03/MLI&0&cDXHP&Ex&dxHP_equip/NE-dxHP-SplitHP-33to55-Ex-SEER15.2/instance-out.sql,880881.59,49100.18
CZ03/MLI&0&cDXHP&Ex&dxHP_equip/NE-dxHP-SplitHP-33to55-Ex-SEER16.2/instance-out.sql,879997.34,49100.18
CZ03/MLI&0&cDXHP&Ex&dxHP_equip/NE-dxHP-SplitHP-33to55-Ex-SEER17.1/instance-out.sql,879290.42,49100.18
CZ03/MLI&0&cDXHP&Ex&dxHP_equip/NE-dxHP-SplitHP-33to55-Ex-SEER18.1/instance-out.sql,878618.36,49100.18
CZ03/Mtl&0&cDXHP&Ex&dxHP_equip/NE-dxHP-PkgHP-18to33-Ex-SEER13.4/instance-out.sql,142243.26,8251.90
CZ03/Mtl&0&cDXHP&Ex&dxHP_equip/NE-dxHP-PkgHP-18to33-Ex-SEER15.2/instance-out.sql,141665.04,8251.90
CZ03/Mtl&0&cDXHP&Ex&dxHP_equip/NE-dxHP-PkgHP-18to33-Ex-SEER16.2/instance-out.sql,141431.52,8251.90
CZ03/Mtl&0&cDXHP&Ex&dxHP_equip/NE-dxHP-PkgHP-18to33-Ex-SEER17.1/instance-out.sql,141244.83,8251.90
CZ03/Mtl&0&cDXHP&Ex&dxHP_equip/NE-dxHP-PkgHP-18to33-Ex-SEER18.1/instance-out.sql,141067.34,8251.90
CZ03/Mtl&0&cDXHP&Ex&dxHP_equip/NE-dxHP-PkgHP-33to65-Ex-SEER13.4/instance-out.sql,142243.26,8251.90
CZ03/Mtl&0&cDXHP&Ex&dxHP_equip/NE-dxHP-PkgHP-33to65-Ex-SEER15.2/instance-out.sql,141665.04,8251.90
CZ03/Mtl&0&cDXHP&Ex&dxHP_equip/NE-dxHP-PkgHP-33to65-Ex-SEER16.2/instance-out.sql,141431.52,8251.90
CZ03/Mtl&0&cDXHP&Ex&dxHP_equip/NE-dxHP-PkgHP-33to65-Ex-SEER17.1/instance-out.sql,141244.83,8251.90
CZ03/Mtl&0&cDXHP&Ex&dxHP_equip/NE-dxHP-PkgHP-33to65-Ex-SEER18.1/instance-out.sql,141067.34,8251.90
CZ03/Mtl&0&cDXHP&Ex&dxHP_equip/NE-dxHP-SplitHP-18to33-Ex-SEER14.3/instance-out.sql,141793.31,8251.90
CZ03/Mtl&0&cDXHP&Ex&dxHP_equip/NE-dxHP-SplitHP-18to33-Ex-SEER15.2/instance-out.sql,141524.72,8251.90
CZ03/Mtl&0&cDXHP&Ex&dxHP_equip/NE-dxHP-SplitHP-18to33-Ex-SEER16.2/instance-out.sql,141291.19,8251.90
CZ03/Mtl&0&cDXHP&Ex&dxHP_equip/NE-dxHP-SplitHP-18to33-Ex-SEER17.1/instance-out.sql,141104.50,8251.90
CZ03/Mtl&0&cDXHP&Ex&dxHP_equip/NE-dxHP-SplitHP-18to33-Ex-SEER18.1/instance-out.sql,140927.01,8251.90
CZ03/Mtl&0&cDXHP&Ex&dxHP_equip/NE-dxHP-SplitHP-33to55-Ex-SEER14.3/instance-out.sql,141793.31,8251.90
CZ03/Mtl&0&cDXHP&Ex&dxHP_equip/NE-dxHP-SplitHP-33to55-Ex-SEER15.2/instance-out.sql,141524.72,8251.90
CZ03/Mtl&0&cDXHP&Ex&dxHP_equip/NE-dxHP-SplitHP-33to55-Ex-SEER16.2/instance-out.sql,141291.19,8251.90
CZ03/Mtl&0&cDXHP&Ex&dxHP_equip/NE-dxHP-SplitHP-33to55-Ex-SEER17.1/instance-out.sql,141104.50,8251.90
CZ03/Mtl&0&cDXHP&Ex&dxHP_equip/NE-dxHP-SplitHP-33to55-Ex-SEER18.1/instance-out.sql,140927.01,8251.90
CZ03/Nrs&0&cDXHP&Ex&dxHP_equip/NE-dxHP-PkgHP-18to33-Ex-SEER13.4/instance-out.sql,692645.70,212149.01
CZ03/Nrs&0&cDXHP&Ex&dxHP_equip/NE-dxHP-PkgHP-18to33-Ex-SEER15.2/instance-out.sql,691683.01,212149.01
CZ03/Nrs&0&cDXHP&Ex&dxHP_equip/NE-dxHP-PkgHP-18to33-Ex-SEER16.2/instance-out.sql,691294.21,212149.01
CZ03/Nrs&0&cDXHP&Ex&dxHP_equip/NE-dxHP-PkgHP-18to33-Ex-SEER17.1/instance-out.sql,690983.38,212149.01
CZ03/Nrs&0&cDXHP&Ex&dxHP_equip/NE-dxHP-PkgHP-18to33-Ex-SEER18.1/instance-out.sql,690687.88,212149.01
CZ03/Nrs&0&cDXHP&Ex&dxHP_equip/NE-dxHP-PkgHP-33to65-Ex-SEER13.4/instance-out.sql,692645.70,212149.01
CZ03/Nrs&0&cDXHP&Ex&dxHP_equip/NE-dxHP-PkgHP-33to65-Ex-SEER15.2/instance-out.sql,691683.01,212149.01
CZ03/Nrs&0&cDXHP&Ex&dxHP_equip/NE-dxHP-PkgHP-33to65-Ex-SEER16.2/instance-out.sql,691294.21,212149.01
CZ03/Nrs&0&cDXHP&Ex&dxHP_equip/NE-dxHP-PkgHP-33to65-Ex-SEER17.1/instance-out.sql,690983.38,212149.01
CZ03/Nrs&0&cDXHP&Ex&dxHP_equip/NE-dxHP-PkgHP-33to65-Ex-SEER18.1/instance-out.sql,690687.88,212149.01
CZ03/Nrs&0&cDXHP&Ex&dxHP_equip/NE-dxHP-SplitHP-18to33-Ex-SEER14.3/instance-out.sql,691970.91,212149.01
CZ03/Nrs&0&cDXHP&Ex&dxHP_equip/NE-dxHP-SplitHP-18to33-Ex-SEER15.2/instance-out.sql,691523.73,212149.01
CZ03/Nrs&0&cDXHP&Ex&dxHP_equip/NE-dxHP-SplitHP-18to33-Ex-SEER16.2/instance-out.sql,691134.93,212149.01
CZ03/Nrs&0&cDXHP&Ex&dxHP_equip/NE-dxHP-SplitHP-18to33-Ex-SEER17.1/instance-out.sql,690824.09,212149.01
CZ03/Nrs&0&cDXHP&Ex&dxHP_equip/NE-dxHP-SplitHP-18to33-Ex-SEER18.1/instance-out.sql,690528.59,212149.01
CZ03/Nrs&0&cDXHP&Ex&dxHP_equip/NE-dxHP-SplitHP-33to55-Ex-SEER14.3/instance-out.sql,691970.91,212149.01
CZ03/Nrs&0&cDXHP&Ex&dxHP_equip/NE-dxHP-SplitHP-33to55-Ex-SEER15.2/instance-out.sql,691523.73,212149.01
CZ03/Nrs&0&cDXHP&Ex&dxHP_equip/NE-dxHP-SplitHP-33to55-Ex-SEER16.2/instance-out.sql,691134.93,212149.01
CZ03/Nrs&0&cDXHP&Ex&dxHP_equip/NE-dxHP-SplitHP-33to55-Ex-SEER17.1/instance-out.sql,690824.09,212149.01
CZ03/Nrs&0&cDXHP&Ex&dxHP_equip/NE-dxHP-SplitHP-33to55-Ex-SEER18.1/instance-out.sql,690528.59,212149.01
CZ03/OfL&0&cDXHP&Ex&dxHP_equip/NE-dxHP-PkgHP-18to33-Ex-SEER13.4/instance-out.sql,2323526.43,141165.28
CZ03/OfL&0&cDXHP&Ex&dxHP_equip/NE-dxHP-PkgHP-18to33-Ex-SEER15.2/instance-out.sql,2316468.66,141165.28
CZ03/OfL&0&cDXHP&Ex&dxHP_equip/NE-dxHP-PkgHP-18to33-Ex-SEER16.2/instance-out.sql,2313618.23,141165.28
CZ03/OfL&0&cDXHP&Ex&dxHP_equip/NE-dxHP-PkgHP-18to33-Ex-SEER17.1/instance-out.sql,2311339.40,141165.28
CZ03/OfL&0&cDXHP&Ex&dxHP_equip/NE-dxHP-PkgHP-18to33-Ex-SEER18.1/instance-out.sql,2309172.97,141165.28
CZ03/OfL&0&cDXHP&Ex&dxHP_equip/NE-dxHP-PkgHP-33to65-Ex-SEER13.4/instance-out.sql,2323526.43,141165.28
CZ03/OfL&0&cDXHP&Ex&dxHP_equip/NE-dxHP-PkgHP-33to65-Ex-SEER15.2/instance-out.sql,2316468.66,141165.28
CZ03/OfL&0&cDXHP&Ex&dxHP_equip/NE-dxHP-PkgHP-33to65-Ex-SEER16.2/instance-out.sql,2313618.23,141165.28
CZ03/OfL&0&cDXHP&Ex&dxHP_equip/NE-dxHP-PkgHP-33to65-Ex-SEER17.1/instance-out.sql,2311339.40,141165.28
CZ03/OfL&0&cDXHP&Ex&dxHP_equip/NE-dxHP-PkgHP-33to65-Ex-SEER18.1/instance-out.sql,2309172.97,141165.28
CZ03/OfL&0&cDXHP&Ex&dxHP_equip/NE-dxHP-SplitHP-18to33-Ex-SEER14.3/instance-out.sql,2319404.04,141165.28
CZ03/OfL&0&cDXHP&Ex&dxHP_equip/NE-dxHP-SplitHP-18to33-Ex-SEER15.2/instance-out.sql,2316125.58,141165.28
CZ03/OfL&0&cDXHP&Ex&dxHP_equip/NE-dxHP-SplitHP-18to33-Ex-SEER16.2/instance-out.sql,2313275.15,141165.28
CZ03/OfL&0&cDXHP&Ex&dxHP_equip/NE-dxHP-SplitHP-18to33-Ex-SEER17.1/instance-out.sql,2310996.32,141165.28
CZ03/OfL&0&cDXHP&Ex&dxHP_equip/NE-dxHP-SplitHP-18to33-Ex-SEER18.1/instance-out.sql,2308829.89,141165.28
CZ03/OfL&0&cDXHP&Ex&dxHP_equip/NE-dxHP-SplitHP-33to55-Ex-SEER14.3/instance-out.sql,2319404.04,141165.28
CZ03/OfL&0&cDXHP&Ex&dxHP_equip/NE-dxHP-SplitHP-33to55-Ex-SEER15.2/instance-out.sql,2316125.58,141165.28
CZ03/OfL&0&cDXHP&Ex&dxHP_equip/NE-dxHP-SplitHP-33to55-Ex-SEER16.2/instance-out.sql,2313275.15,141165.28
CZ03/OfL&0&cDXHP&Ex&dxHP_equip/NE-dxHP-SplitHP-33to55-Ex-SEER17.1/instance-out.sql,2310996.32,141165.28
CZ03/OfL&0&cDXHP&Ex&dxHP_equip/NE-dxHP-SplitHP-33to55-Ex-SEER18.1/instance-out.sql,2308829.89,141165.28
CZ03/OfS&0&cDXHP&Ex&dxHP_equip/NE-dxHP-PkgHP-18to33-Ex-SEER13.4/instance-out.sql,118218.65,22358.26
CZ03/OfS&0&cDXHP&Ex&dxHP_equip/NE-dxHP-PkgHP-18to33-Ex-SEER15.2/instance-out.sql,117727.96,22358.26
CZ03/OfS&0&cDXHP&Ex&dxHP_equip/NE-dxHP-PkgHP-18to33-Ex-SEER16.2/instance-out.sql,117529.79,22358.26
CZ03/OfS&0&cDXHP&Ex&dxHP_equip/NE-dxHP-PkgHP-18to33-Ex-SEER17.1/instance-out.sql,117371.36,22358.26
CZ03/OfS&0&cDXHP&Ex&dxHP_equip/NE-dxHP-PkgHP-18to33-Ex-SEER18.1/instance-out.sql,117220.74,22358.26
CZ03/OfS&0&cDXHP&Ex&dxHP_equip/NE-dxHP-PkgHP-33to65-Ex-SEER13.4/instance-out.sql,118218.65,22358.26
CZ03/OfS&0&cDXHP&Ex&dxHP_equip/NE-dxHP-PkgHP-33to65-Ex-SEER15.2/instance-out.sql,117727.96,22358.26
CZ03/OfS&0&cDXHP&Ex&dxHP_equip/NE-dxHP-PkgHP-33to65-Ex-SEER16.2/instance-out.sql,117529.79,22358.26
CZ03/OfS&0&cDXHP&Ex&dxHP_equip/NE-dxHP-PkgHP-33to65-Ex-SEER17.1/instance-out.sql,117371.36,22358.26
CZ03/OfS&0&cDXHP&Ex&dxHP_equip/NE-dxHP-PkgHP-33to65-Ex-SEER18.1/instance-out.sql,117220.74,22358.26
CZ03/OfS&0&cDXHP&Ex&dxHP_equip/NE-dxHP-SplitHP-18to33-Ex-SEER14.3/instance-out.sql,117906.98,22358.26
CZ03/OfS&0&cDXHP&Ex&dxHP_equip/NE-dxHP-SplitHP-18to33-Ex-SEER15.2/instance-out.sql,117679.04,22358.26
CZ03/OfS&0&cDXHP&Ex&dxHP_equip/NE-dxHP-SplitHP-18to33-Ex-SEER16.2/instance-out.sql,117480.87,22358.26
CZ03/OfS&0&cDXHP&Ex&dxHP_equip/NE-dxHP-SplitHP-18to33-Ex-SEER17.1/instance-out.sql,117322.44,22358.26
CZ03/OfS&0&cDXHP&Ex&dxHP_equip/NE-dxHP-SplitHP-18to33-Ex-SEER18.1/instance-out.sql,117171.82,22358.26
CZ03/OfS&0&cDXHP&Ex&dxHP_equip/NE-dxHP-SplitHP-33to55-Ex-SEER14.3/instance-out.sql,117906.98,22358.26
CZ03/OfS&0&cDXHP&Ex&dxHP_equip/NE-dxHP-SplitHP-33to55-Ex-SEER15.2/instance-out.sql,117679.04,22358.26
CZ03/OfS&0&cDXHP&Ex&dxHP_equip/NE-dxHP-SplitHP-33to55-Ex-SEER16.2/instance-out.sql,117480.87,22358.26
CZ03/OfS&0&cDXHP&Ex&dxHP_equip/NE-dxHP-SplitHP-33to55-Ex-SEER17.1/instance-out.sql,117322.44,22358.26
CZ03/OfS&0&cDXHP&Ex&dxHP_equip/NE-dxHP-SplitHP-33to55-Ex-SEER18.1/instance-out.sql,117171.82,22358.26
CZ03/RFF&0&cDXHP&Ex&dxHP_equip/NE-dxHP-PkgHP-18to33-Ex-SEER13.4/instance-out.sql,59599.47,45433.66
CZ03/RFF&0&cDXHP&Ex&dxHP_equip/NE-dxHP-PkgHP-18to33-Ex-SEER15.2/instance-out.sql,59465.28,45433.66
CZ03/RFF&0&cDXHP&Ex&dxHP_equip/NE-dxHP-PkgHP-18to33-Ex-SEER16.2/instance-out.sql,59411.08,45433.66
CZ03/RFF&0&cDXHP&Ex&dxHP_equip/NE-dxHP-PkgHP-18to33-Ex-SEER17.1/instance-out.sql,59367.75,45433.66
CZ03/RFF&0&cDXHP&Ex&dxHP_equip/NE-dxHP-PkgHP-18to33-Ex-SEER18.1/instance-out.sql,59326.56,45433.66
CZ03/RFF&0&cDXHP&Ex&dxHP_equip/NE-dxHP-PkgHP-33to65-Ex-SEER13.4/instance-out.sql,59599.47,45433.66
CZ03/RFF&0&cDXHP&Ex&dxHP_equip/NE-dxHP-PkgHP-33to65-Ex-SEER15.2/instance-out.sql,59465.28,45433.66
CZ03/RFF&0&cDXHP&Ex&dxHP_equip/NE-dxHP-PkgHP-33to65-Ex-SEER16.2/instance-out.sql,59411.08,45433.66
CZ03/RFF&0&cDXHP&Ex&dxHP_equip/NE-dxHP-PkgHP-33to65-Ex-SEER17.1/instance-out.sql,59367.75,45433.66
CZ03/RFF&0&cDXHP&Ex&dxHP_equip/NE-dxHP-PkgHP-33to65-Ex-SEER18.1/instance-out.sql,59326.56,45433.66
CZ03/RFF&0&cDXHP&Ex&dxHP_equip/NE-dxHP-SplitHP-18to33-Ex-SEER14.3/instance-out.sql,59497.08,45433.66
CZ03/RFF&0&cDXHP&Ex&dxHP_equip/NE-dxHP-SplitHP-18to33-Ex-SEER15.2/instance-out.sql,59434.74,45433.66
CZ03/RFF&0&cDXHP&Ex&dxHP_equip/NE-dxHP-SplitHP-18to33-Ex-SEER16.2/instance-out.sql,59380.54,45433.66
CZ03/RFF&0&cDXHP&Ex&dxHP_equip/NE-dxHP-SplitHP-18to33-Ex-SEER17.1/instance-out.sql,59337.22,45433.66
CZ03/RFF&0&cDXHP&Ex&dxHP_equip/NE-dxHP-SplitHP-18to33-Ex-SEER18.1/instance-out.sql,59296.02,45433.66
CZ03/RFF&0&cDXHP&Ex&dxHP_equip/NE-dxHP-SplitHP-33to55-Ex-SEER14.3/instance-out.sql,59497.08,45433.66
CZ03/RFF&0&cDXHP&Ex&dxHP_equip/NE-dxHP-SplitHP-33to55-Ex-SEER15.2/instance-out.sql,59434.74,45433.66
CZ03/RFF&0&cDXHP&Ex&dxHP_equip/NE-dxHP-SplitHP-33to55-Ex-SEER16.2/instance-out.sql,59380.54,45433.66
CZ03/RFF&0&cDXHP&Ex&dxHP_equip/NE-dxHP-SplitHP-33to55-Ex-SEER17.1/instance-out.sql,59337.22,45433.66
CZ03/RFF&0&cDXHP&Ex&dxHP_equip/NE-dxHP-SplitHP-33to55-Ex-SEER18.1/instance-out.sql,59296.02,45433.66
CZ03/RSD&0&cDXHP&Ex&dxHP_equip/NE-dxHP-PkgHP-18to33-Ex-SEER13.4/instance-out.sql,114452.09,119501.33
CZ03/RSD&0&cDXHP&Ex&dxHP_equip/NE-dxHP-PkgHP-18to33-Ex-SEER15.2/instance-out.sql,114389.86,119501.33
CZ03/RSD&0&cDXHP&Ex&dxHP_equip/NE-dxHP-PkgHP-18to33-Ex-SEER16.2/instance-out.sql,114364.73,119501.33
CZ03/RSD&0&cDXHP&Ex&dxHP_equip/NE-dxHP-PkgHP-18to33-Ex-SEER17.1/instance-out.sql,114344.64,119501.33
CZ03/RSD&0&cDXHP&Ex&dxHP_equip/NE-dxHP-PkgHP-18to33-Ex-SEER18.1/instance-out.sql,114325.54,119501.33
CZ03/RSD&0&cDXHP&Ex&dxHP_equip/NE-dxHP-PkgHP-33to65-Ex-SEER13.4/instance-out.sql,114452.09,119501.33
CZ03/RSD&0&cDXHP&Ex&dxHP_equip/NE-dxHP-PkgHP-33to65-Ex-SEER15.2/instance-out.sql,114389.86,119501.33
CZ03/RSD&0&cDXHP&Ex&dxHP_equip/NE-dxHP-PkgHP-33to65-Ex-SEER16.2/instance-out.sql,114364.73,119501.33
CZ03/RSD&0&cDXHP&Ex&dxHP_equip/NE-dxHP-PkgHP-33to65-Ex-SEER17.1/instance-out.sql,114344.64,119501.33
CZ03/RSD&0&cDXHP&Ex&dxHP_equip/NE-dxHP-PkgHP-33to65-Ex-SEER18.1/instance-out.sql,114325.54,119501.33
CZ03/RSD&0&cDXHP&Ex&dxHP_equip/NE-dxHP-SplitHP-18to33-Ex-SEER14.3/instance-out.sql,114404.25,119501.33
CZ03/RSD&0&cDXHP&Ex&dxHP_equip/NE-dxHP-SplitHP-18to33-Ex-SEER15.2/instance-out.sql,114375.34,119501.33
CZ03/RSD&0&cDXHP&Ex&dxHP_equip/NE-dxHP-SplitHP-18to33-Ex-SEER16.2/instance-out.sql,114350.21,119501.33
CZ03/RSD&0&cDXHP&Ex&dxHP_equip/NE-dxHP-SplitHP-18to33-Ex-SEER17.1/instance-out.sql,114330.12,119501.33
CZ03/RSD&0&cDXHP&Ex&dxHP_equip/NE-dxHP-SplitHP-18to33-Ex-SEER18.1/instance-out.sql,114311.01,119501.33
CZ03/RSD&0&cDXHP&Ex&dxHP_equip/NE-dxHP-SplitHP-33to55-Ex-SEER14.3/instance-out.sql,114404.25,119501.33
CZ03/RSD&0&cDXHP&Ex&dxHP_equip/NE-dxHP-SplitHP-33to55-Ex-SEER15.2/instance-out.sql,114375.34,119501.33
CZ03/RSD&0&cDXHP&Ex&dxHP_equip/NE-dxHP-SplitHP-33to55-Ex-SEER16.2/instance-out.sql,114350.21,119501.33
CZ03/RSD&0&cDXHP&Ex&dxHP_equip/NE-dxHP-SplitHP-33to55-Ex-SEER17.1/instance-out.sql,114330.12,119501.33
CZ03/RSD&0&cDXHP&Ex&dxHP_equip/NE-dxHP-SplitHP-33to55-Ex-SEER18.1/instance-out.sql,114311.01,119501.33
CZ03/Rt3&0&cDXHP&Ex&dxHP_equip/NE-dxHP-PkgHP-18to33-Ex-SEER13.4/instance-out.sql,1804562.95,176180.07
CZ03/Rt3&0&cDXHP&Ex&dxHP_equip/NE-dxHP-PkgHP-18to33-Ex-SEER15.2/instance-out.sql,1799669.91,176180.07
CZ03/Rt3&0&cDXHP&Ex&dxHP_equip/NE-dxHP-PkgHP-18to33-Ex-SEER16.2/instance-out.sql,1797693.75,176180.07
CZ03/Rt3&0&cDXHP&Ex&dxHP_equip/NE-dxHP-PkgHP-18to33-Ex-SEER17.1/instance-out.sql,1796113.88,176180.07
CZ03/Rt3&0&cDXHP&Ex&dxHP_equip/NE-dxHP-PkgHP-18to33-Ex-SEER18.1/instance-out.sql,1794611.93,176180.07
CZ03/Rt3&0&cDXHP&Ex&dxHP_equip/NE-dxHP-PkgHP-33to65-Ex-SEER13.4/instance-out.sql,1804562.95,176180.07
CZ03/Rt3&0&cDXHP&Ex&dxHP_equip/NE-dxHP-PkgHP-33to65-Ex-SEER15.2/instance-out.sql,1799669.91,176180.07
CZ03/Rt3&0&cDXHP&Ex&dxHP_equip/NE-dxHP-PkgHP-33to65-Ex-SEER16.2/instance-out.sql,1797693.75,176180.07
CZ03/Rt3&0&cDXHP&Ex&dxHP_equip/NE-dxHP-PkgHP-33to65-Ex-SEER17.1/instance-out.sql,1796113.88,176180.07
CZ03/Rt3&0&cDXHP&Ex&dxHP_equip/NE-dxHP-PkgHP-33to65-Ex-SEER18.1/instance-out.sql,1794611.93,176180.07
CZ03/Rt3&0&cDXHP&Ex&dxHP_equip/NE-dxHP-SplitHP-18to33-Ex-SEER14.3/instance-out.sql,1801475.45,176180.07
CZ03/Rt3&0&cDXHP&Ex&dxHP_equip/NE-dxHP-SplitHP-18to33-Ex-SEER15.2/instance-out.sql,1799202.55,176180.07
CZ03/Rt3&0&cDXHP&Ex&dxHP_equip/NE-dxHP-SplitHP-18to33-Ex-SEER16.2/instance-out.sql,1797226.39,176180.07
CZ03/Rt3&0&cDXHP&Ex&dxHP_equip/NE-dxHP-SplitHP-18to33-Ex-SEER17.1/instance-out.sql,1795646.51,176180.07
CZ03/Rt3&0&cDXHP&Ex&dxHP_equip/NE-dxHP-SplitHP-18to33-Ex-SEER18.1/instance-out.sql,1794144.57,176180.07
CZ03/Rt3&0&cDXHP&Ex&dxHP_equip/NE-dxHP-SplitHP-33to55-Ex-SEER14.3/instance-out.sql,1801475.45,176180.07
CZ03/Rt3&0&cDXHP&Ex&dxHP_equip/NE-dxHP-SplitHP-33to55-Ex-SEER15.2/instance-out.sql,1799202.55,176180.07
CZ03/Rt3&0&cDXHP&Ex&dxHP_equip/NE-dxHP-SplitHP-33to55-Ex-SEER16.2/instance-out.sql,1797226.39,176180.07
CZ03/Rt3&0&cDXHP&Ex&dxHP_equip/NE-dxHP-SplitHP-33to55-Ex-SEER17.1/instance-out.sql,1795646.51,176180.07
CZ03/Rt3&0&cDXHP&Ex&dxHP_equip/NE-dxHP-SplitHP-33to55-Ex-SEER18.1/instance-out.sql,1794144.57,176180.07
CZ03/RtL&0&cDXHP&Ex&dxHP_equip/NE-dxHP-PkgHP-18to33-Ex-SEER13.4/instance-out.sql,1792323.87,168917.20
CZ03/RtL&0&cDXHP&Ex&dxHP_equip/NE-dxHP-PkgHP-18to33-Ex-SEER15.2/instance-out.sql,1786713.79,168917.20
CZ03/RtL&0&cDXHP&Ex&dxHP_equip/NE-dxHP-PkgHP-18to33-Ex-SEER16.2/instance-out.sql,1784448.04,168917.20
CZ03/RtL&0&cDXHP&Ex&dxHP_equip/NE-dxHP-PkgHP-18to33-Ex-SEER17.1/instance-out.sql,1782636.64,168917.20
CZ03/RtL&0&cDXHP&Ex&dxHP_equip/NE-dxHP-PkgHP-18to33-Ex-SEER18.1/instance-out.sql,1780914.60,168917.20
CZ03/RtL&0&cDXHP&Ex&dxHP_equip/NE-dxHP-PkgHP-33to65-Ex-SEER13.4/instance-out.sql,1792323.87,168917.20
CZ03/RtL&0&cDXHP&Ex&dxHP_equip/NE-dxHP-PkgHP-33to65-Ex-SEER15.2/instance-out.sql,1786713.79,168917.20
CZ03/RtL&0&cDXHP&Ex&dxHP_equip/NE-dxHP-PkgHP-33to65-Ex-SEER16.2/instance-out.sql,1784448.04,168917.20
CZ03/RtL&0&cDXHP&Ex&dxHP_equip/NE-dxHP-PkgHP-33to65-Ex-SEER17.1/instance-out.sql,1782636.64,168917.20
CZ03/RtL&0&cDXHP&Ex&dxHP_equip/NE-dxHP-PkgHP-33to65-Ex-SEER18.1/instance-out.sql,1780914.60,168917.20
CZ03/RtL&0&cDXHP&Ex&dxHP_equip/NE-dxHP-SplitHP-18to33-Ex-SEER14.3/instance-out.sql,1788959.14,168917.20
CZ03/RtL&0&cDXHP&Ex&dxHP_equip/NE-dxHP-SplitHP-18to33-Ex-SEER15.2/instance-out.sql,1786353.16,168917.20
CZ03/RtL&0&cDXHP&Ex&dxHP_equip/NE-dxHP-SplitHP-18to33-Ex-SEER16.2/instance-out.sql,1784087.41,168917.20
CZ03/RtL&0&cDXHP&Ex&dxHP_equip/NE-dxHP-SplitHP-18to33-Ex-SEER17.1/instance-out.sql,1782276.01,168917.20
CZ03/RtL&0&cDXHP&Ex&dxHP_equip/NE-dxHP-SplitHP-18to33-Ex-SEER18.1/instance-out.sql,1780553.96,168917.20
CZ03/RtL&0&cDXHP&Ex&dxHP_equip/NE-dxHP-SplitHP-33to55-Ex-SEER14.3/instance-out.sql,1788959.14,168917.20
CZ03/RtL&0&cDXHP&Ex&dxHP_equip/NE-dxHP-SplitHP-33to55-Ex-SEER15.2/instance-out.sql,1786353.16,168917.20
CZ03/RtL&0&cDXHP&Ex&dxHP_equip/NE-dxHP-SplitHP-33to55-Ex-SEER16.2/instance-out.sql,1784087.41,168917.20
CZ03/RtL&0&cDXHP&Ex&dxHP_equip/NE-dxHP-SplitHP-33to55-Ex-SEER17.1/instance-out.sql,1782276.01,168917.20
CZ03/RtL&0&cDXHP&Ex&dxHP_equip/NE-dxHP-SplitHP-33to55-Ex-SEER18.1/instance-out.sql,1780553.96,168917.20
CZ03/RtS&0&cDXHP&Ex&dxHP_equip/NE-dxHP-PkgHP-18to33-Ex-SEER13.4/instance-out.sql,109740.41,15799.78
CZ03/RtS&0&cDXHP&Ex&dxHP_equip/NE-dxHP-PkgHP-18to33-Ex-SEER15.2/instance-out.sql,109388.98,15799.78
CZ03/RtS&0&cDXHP&Ex&dxHP_equip/NE-dxHP-PkgHP-18to33-Ex-SEER16.2/instance-out.sql,109247.05,15799.78
CZ03/RtS&0&cDXHP&Ex&dxHP_equip/NE-dxHP-PkgHP-18to33-Ex-SEER17.1/instance-out.sql,109133.58,15799.78
CZ03/RtS&0&cDXHP&Ex&dxHP_equip/NE-dxHP-PkgHP-18to33-Ex-SEER18.1/instance-out.sql,109025.71,15799.78
CZ03/RtS&0&cDXHP&Ex&dxHP_equip/NE-dxHP-PkgHP-33to65-Ex-SEER13.4/instance-out.sql,109740.41,15799.78
CZ03/RtS&0&cDXHP&Ex&dxHP_equip/NE-dxHP-PkgHP-33to65-Ex-SEER15.2/instance-out.sql,109388.98,15799.78
CZ03/RtS&0&cDXHP&Ex&dxHP_equip/NE-dxHP-PkgHP-33to65-Ex-SEER16.2/instance-out.sql,109247.05,15799.78
CZ03/RtS&0&cDXHP&Ex&dxHP_equip/NE-dxHP-PkgHP-33to65-Ex-SEER17.1/instance-out.sql,109133.58,15799.78
CZ03/RtS&0&cDXHP&Ex&dxHP_equip/NE-dxHP-PkgHP-33to65-Ex-SEER18.1/instance-out.sql,109025.71,15799.78
CZ03/RtS&0&cDXHP&Ex&dxHP_equip/NE-dxHP-SplitHP-18to33-Ex-SEER14.3/instance-out.sql,109471.74,15799.78
CZ03/RtS&0&cDXHP&Ex&dxHP_equip/NE-dxHP-SplitHP-18to33-Ex-SEER15.2/instance-out.sql,109308.50,15799.78
CZ03/RtS&0&cDXHP&Ex&dxHP_equip/NE-dxHP-SplitHP-18to33-Ex-SEER16.2/instance-out.sql,109166.57,15799.78
CZ03/RtS&0&cDXHP&Ex&dxHP_equip/NE-dxHP-SplitHP-18to33-Ex-SEER17.1/instance-out.sql,109053.10,15799.78
CZ03/RtS&0&cDXHP&Ex&dxHP_equip/NE-dxHP-SplitHP-18to33-Ex-SEER18.1/instance-out.sql,108945.22,15799.78
CZ03/RtS&0&cDXHP&Ex&dxHP_equip/NE-dxHP-SplitHP-33to55-Ex-SEER14.3/instance-out.sql,109471.74,15799.78
CZ03/RtS&0&cDXHP&Ex&dxHP_equip/NE-dxHP-SplitHP-33to55-Ex-SEER15.2/instance-out.sql,109308.50,15799.78
CZ03/RtS&0&cDXHP&Ex&dxHP_equip/NE-dxHP-SplitHP-33to55-Ex-SEER16.2/instance-out.sql,109166.57,15799.78
CZ03/RtS&0&cDXHP&Ex&dxHP_equip/NE-dxHP-SplitHP-33to55-Ex-SEER17.1/instance-out.sql,109053.10,15799.78
CZ03/RtS&0&cDXHP&Ex&dxHP_equip/NE-dxHP-SplitHP-33to55-Ex-SEER18.1/instance-out.sql,108945.22,15799.78
CZ03/SCn&0&cDXHP&Ex&dxHP_equip/NE-dxHP-PkgHP-18to33-Ex-SEER13.4/instance-out.sql,2768047.03,85987.19
CZ03/SCn&0&cDXHP&Ex&dxHP_equip/NE-dxHP-PkgHP-18to33-Ex-SEER15.2/instance-out.sql,2763111.04,85987.19
CZ03/SCn&0&cDXHP&Ex&dxHP_equip/NE-dxHP-PkgHP-18to33-Ex-SEER16.2/instance-out.sql,2761117.53,85987.19
CZ03/SCn&0&cDXHP&Ex&dxHP_equip/NE-dxHP-PkgHP-18to33-Ex-SEER17.1/instance-out.sql,2759523.78,85987.19
CZ03/SCn&0&cDXHP&Ex&dxHP_equip/NE-dxHP-PkgHP-18to33-Ex-SEER18.1/instance-out.sql,2758008.65,85987.19
CZ03/SCn&0&cDXHP&Ex&dxHP_equip/NE-dxHP-PkgHP-33to65-Ex-SEER13.4/instance-out.sql,2768047.03,85987.19
CZ03/SCn&0&cDXHP&Ex&dxHP_equip/NE-dxHP-PkgHP-33to65-Ex-SEER15.2/instance-out.sql,2763111.04,85987.19
CZ03/SCn&0&cDXHP&Ex&dxHP_equip/NE-dxHP-PkgHP-33to65-Ex-SEER16.2/instance-out.sql,2761117.53,85987.19
CZ03/SCn&0&cDXHP&Ex&dxHP_equip/NE-dxHP-PkgHP-33to65-Ex-SEER17.1/instance-out.sql,2759523.78,85987.19
CZ03/SCn&0&cDXHP&Ex&dxHP_equip/NE-dxHP-PkgHP-33to65-Ex-SEER18.1/instance-out.sql,2758008.65,85987.19
CZ03/SCn&0&cDXHP&Ex&dxHP_equip/NE-dxHP-SplitHP-18to33-Ex-SEER14.3/instance-out.sql,2758255.84,85987.19
CZ03/SCn&0&cDXHP&Ex&dxHP_equip/NE-dxHP-SplitHP-18to33-Ex-SEER15.2/instance-out.sql,2755962.98,85987.19
CZ03/SCn&0&cDXHP&Ex&dxHP_equip/NE-dxHP-SplitHP-18to33-Ex-SEER16.2/instance-out.sql,2753969.48,85987.19
CZ03/SCn&0&cDXHP&Ex&dxHP_equip/NE-dxHP-SplitHP-18to33-Ex-SEER17.1/instance-out.sql,2752375.73,85987.19
CZ03/SCn&0&cDXHP&Ex&dxHP_equip/NE-dxHP-SplitHP-18to33-Ex-SEER18.1/instance-out.sql,2750860.60,85987.19
CZ03/SCn&0&cDXHP&Ex&dxHP_equip/NE-dxHP-SplitHP-33to55-Ex-SEER14.3/instance-out.sql,2758255.84,85987.19
CZ03/SCn&0&cDXHP&Ex&dxHP_equip/NE-dxHP-SplitHP-33to55-Ex-SEER15.2/instance-out.sql,2755962.98,85987.19
CZ03/SCn&0&cDXHP&Ex&dxHP_equip/NE-dxHP-SplitHP-33to55-Ex-SEER16.2/instance-out.sql,2753969.48,85987.19
CZ03/SCn&0&cDXHP&Ex&dxHP_equip/NE-dxHP-SplitHP-33to55-Ex-SEER17.1/instance-out.sql,2752375.73,85987.19
CZ03/SCn&0&cDXHP&Ex&dxHP_equip/NE-dxHP-SplitHP-33to55-Ex-SEER18.1/instance-out.sql,2750860.60,85987.19
CZ04/Asm&0&cDXHP&Ex&dxHP_equip/NE-dxHP-PkgHP-18to33-Ex-SEER13.4/instance-out.sql,638806.00,22188.38
CZ04/Asm&0&cDXHP&Ex&dxHP_equip/NE-dxHP-PkgHP-18to33-Ex-SEER15.2/instance-out.sql,632846.93,22188.38
CZ04/Asm&0&cDXHP&Ex&dxHP_equip/NE-dxHP-PkgHP-18to33-Ex-SEER16.2/instance-out.sql,630440.24,22188.38
CZ04/Asm&0&cDXHP&Ex&dxHP_equip/NE-dxHP-PkgHP-18to33-Ex-SEER17.1/instance-out.sql,628516.16,22188.38
CZ04/Asm&0&cDXHP&Ex&dxHP_equip/NE-dxHP-PkgHP-18to33-Ex-SEER18.1/instance-out.sql,626686.99,22188.38
CZ04/Asm&0&cDXHP&Ex&dxHP_equip/NE-dxHP-PkgHP-33to65-Ex-SEER13.4/instance-out.sql,638806.00,22188.38
CZ04/Asm&0&cDXHP&Ex&dxHP_equip/NE-dxHP-PkgHP-33to65-Ex-SEER15.2/instance-out.sql,632846.93,22188.38
CZ04/Asm&0&cDXHP&Ex&dxHP_equip/NE-dxHP-PkgHP-33to65-Ex-SEER16.2/instance-out.sql,630440.24,22188.38
CZ04/Asm&0&cDXHP&Ex&dxHP_equip/NE-dxHP-PkgHP-33to65-Ex-SEER17.1/instance-out.sql,628516.16,22188.38
CZ04/Asm&0&cDXHP&Ex&dxHP_equip/NE-dxHP-PkgHP-33to65-Ex-SEER18.1/instance-out.sql,626686.99,22188.38
CZ04/Asm&0&cDXHP&Ex&dxHP_equip/NE-dxHP-SplitHP-18to33-Ex-SEER14.3/instance-out.sql,634077.47,22188.38
CZ04/Asm&0&cDXHP&Ex&dxHP_equip/NE-dxHP-SplitHP-18to33-Ex-SEER15.2/instance-out.sql,631309.38,22188.38
CZ04/Asm&0&cDXHP&Ex&dxHP_equip/NE-dxHP-SplitHP-18to33-Ex-SEER16.2/instance-out.sql,628902.68,22188.38
CZ04/Asm&0&cDXHP&Ex&dxHP_equip/NE-dxHP-SplitHP-18to33-Ex-SEER17.1/instance-out.sql,626978.60,22188.38
CZ04/Asm&0&cDXHP&Ex&dxHP_equip/NE-dxHP-SplitHP-18to33-Ex-SEER18.1/instance-out.sql,625149.44,22188.38
CZ04/Asm&0&cDXHP&Ex&dxHP_equip/NE-dxHP-SplitHP-33to55-Ex-SEER14.3/instance-out.sql,634077.47,22188.38
CZ04/Asm&0&cDXHP&Ex&dxHP_equip/NE-dxHP-SplitHP-33to55-Ex-SEER15.2/instance-out.sql,631309.38,22188.38
CZ04/Asm&0&cDXHP&Ex&dxHP_equip/NE-dxHP-SplitHP-33to55-Ex-SEER16.2/instance-out.sql,628902.68,22188.38
CZ04/Asm&0&cDXHP&Ex&dxHP_equip/NE-dxHP-SplitHP-33to55-Ex-SEER17.1/instance-out.sql,626978.60,22188.38
CZ04/Asm&0&cDXHP&Ex&dxHP_equip/NE-dxHP-SplitHP-33to55-Ex-SEER18.1/instance-out.sql,625149.44,22188.38
CZ04/ECC&0&cDXHP&Ex&dxHP_equip/NE-dxHP-PkgHP-18to33-Ex-SEER13.4/instance-out.sql,2110206.50,505226.87
CZ04/ECC&0&cDXHP&Ex&dxHP_equip/NE-dxHP-PkgHP-18to33-Ex-SEER15.2/instance-out.sql,2098950.94,505226.87
CZ04/ECC&0&cDXHP&Ex&dxHP_equip/NE-dxHP-PkgHP-18to33-Ex-SEER16.2/instance-out.sql,2094405.14,505226.87
CZ04/ECC&0&cDXHP&Ex&dxHP_equip/NE-dxHP-PkgHP-18to33-Ex-SEER17.1/instance-out.sql,2090770.92,505226.87
CZ04/ECC&0&cDXHP&Ex&dxHP_equip/NE-dxHP-PkgHP-18to33-Ex-SEER18.1/instance-out.sql,2087315.96,505226.87
CZ04/ECC&0&cDXHP&Ex&dxHP_equip/NE-dxHP-PkgHP-33to65-Ex-SEER13.4/instance-out.sql,2110206.50,505226.87
CZ04/ECC&0&cDXHP&Ex&dxHP_equip/NE-dxHP-PkgHP-33to65-Ex-SEER15.2/instance-out.sql,2098950.94,505226.87
CZ04/ECC&0&cDXHP&Ex&dxHP_equip/NE-dxHP-PkgHP-33to65-Ex-SEER16.2/instance-out.sql,2094405.14,505226.87
CZ04/ECC&0&cDXHP&Ex&dxHP_equip/NE-dxHP-PkgHP-33to65-Ex-SEER17.1/instance-out.sql,2090770.92,505226.87
CZ04/ECC&0&cDXHP&Ex&dxHP_equip/NE-dxHP-PkgHP-33to65-Ex-SEER18.1/instance-out.sql,2087315.96,505226.87
CZ04/ECC&0&cDXHP&Ex&dxHP_equip/NE-dxHP-SplitHP-18to33-Ex-SEER14.3/instance-out.sql,2103651.14,505226.87
CZ04/ECC&0&cDXHP&Ex&dxHP_equip/NE-dxHP-SplitHP-18to33-Ex-SEER15.2/instance-out.sql,2098422.73,505226.87
CZ04/ECC&0&cDXHP&Ex&dxHP_equip/NE-dxHP-SplitHP-18to33-Ex-SEER16.2/instance-out.sql,2093876.93,505226.87
CZ04/ECC&0&cDXHP&Ex&dxHP_equip/NE-dxHP-SplitHP-18to33-Ex-SEER17.1/instance-out.sql,2090242.70,505226.87
CZ04/ECC&0&cDXHP&Ex&dxHP_equip/NE-dxHP-SplitHP-18to33-Ex-SEER18.1/instance-out.sql,2086787.75,505226.87
CZ04/ECC&0&cDXHP&Ex&dxHP_equip/NE-dxHP-SplitHP-33to55-Ex-SEER14.3/instance-out.sql,2103651.14,505226.87
CZ04/ECC&0&cDXHP&Ex&dxHP_equip/NE-dxHP-SplitHP-33to55-Ex-SEER15.2/instance-out.sql,2098422.73,505226.87
CZ04/ECC&0&cDXHP&Ex&dxHP_equip/NE-dxHP-SplitHP-33to55-Ex-SEER16.2/instance-out.sql,2093876.93,505226.87
CZ04/ECC&0&cDXHP&Ex&dxHP_equip/NE-dxHP-SplitHP-33to55-Ex-SEER17.1/instance-out.sql,2090242.70,505226.87
CZ04/ECC&0&cDXHP&Ex&dxHP_equip/NE-dxHP-SplitHP-33to55-Ex-SEER18.1/instance-out.sql,2086787.75,505226.87
CZ04/EPr&0&cDXHP&Ex&dxHP_equip/NE-dxHP-PkgHP-18to33-Ex-SEER13.4/instance-out.sql,273682.45,126147.21
CZ04/EPr&0&cDXHP&Ex&dxHP_equip/NE-dxHP-PkgHP-18to33-Ex-SEER15.2/instance-out.sql,271803.09,126147.21
CZ04/EPr&0&cDXHP&Ex&dxHP_equip/NE-dxHP-PkgHP-18to33-Ex-SEER16.2/instance-out.sql,271044.08,126147.21
CZ04/EPr&0&cDXHP&Ex&dxHP_equip/NE-dxHP-PkgHP-18to33-Ex-SEER17.1/instance-out.sql,270437.27,126147.21
CZ04/EPr&0&cDXHP&Ex&dxHP_equip/NE-dxHP-PkgHP-18to33-Ex-SEER18.1/instance-out.sql,269860.39,126147.21
CZ04/EPr&0&cDXHP&Ex&dxHP_equip/NE-dxHP-PkgHP-33to65-Ex-SEER13.4/instance-out.sql,273682.45,126147.21
CZ04/EPr&0&cDXHP&Ex&dxHP_equip/NE-dxHP-PkgHP-33to65-Ex-SEER15.2/instance-out.sql,271803.09,126147.21
CZ04/EPr&0&cDXHP&Ex&dxHP_equip/NE-dxHP-PkgHP-33to65-Ex-SEER16.2/instance-out.sql,271044.08,126147.21
CZ04/EPr&0&cDXHP&Ex&dxHP_equip/NE-dxHP-PkgHP-33to65-Ex-SEER17.1/instance-out.sql,270437.27,126147.21
CZ04/EPr&0&cDXHP&Ex&dxHP_equip/NE-dxHP-PkgHP-33to65-Ex-SEER18.1/instance-out.sql,269860.39,126147.21
CZ04/EPr&0&cDXHP&Ex&dxHP_equip/NE-dxHP-SplitHP-18to33-Ex-SEER14.3/instance-out.sql,272490.86,126147.21
CZ04/EPr&0&cDXHP&Ex&dxHP_equip/NE-dxHP-SplitHP-18to33-Ex-SEER15.2/instance-out.sql,271617.87,126147.21
CZ04/EPr&0&cDXHP&Ex&dxHP_equip/NE-dxHP-SplitHP-18to33-Ex-SEER16.2/instance-out.sql,270858.85,126147.21
CZ04/EPr&0&cDXHP&Ex&dxHP_equip/NE-dxHP-SplitHP-18to33-Ex-SEER17.1/instance-out.sql,270252.04,126147.21
CZ04/EPr&0&cDXHP&Ex&dxHP_equip/NE-dxHP-SplitHP-18to33-Ex-SEER18.1/instance-out.sql,269675.16,126147.21
CZ04/EPr&0&cDXHP&Ex&dxHP_equip/NE-dxHP-SplitHP-33to55-Ex-SEER14.3/instance-out.sql,272490.86,126147.21
CZ04/EPr&0&cDXHP&Ex&dxHP_equip/NE-dxHP-SplitHP-33to55-Ex-SEER15.2/instance-out.sql,271617.87,126147.21
CZ04/EPr&0&cDXHP&Ex&dxHP_equip/NE-dxHP-SplitHP-33to55-Ex-SEER16.2/instance-out.sql,270858.85,126147.21
CZ04/EPr&0&cDXHP&Ex&dxHP_equip/NE-dxHP-SplitHP-33to55-Ex-SEER17.1/instance-out.sql,270252.04,126147.21
CZ04/EPr&0&cDXHP&Ex&dxHP_equip/NE-dxHP-SplitHP-33to55-Ex-SEER18.1/instance-out.sql,269675.16,126147.21
CZ04/ERC&0&cDXHP&Ex&dxHP_equip/NE-dxHP-PkgHP-18to33-Ex-SEER13.4/instance-out.sql,9625.83,9207.00
CZ04/ERC&0&cDXHP&Ex&dxHP_equip/NE-dxHP-PkgHP-18to33-Ex-SEER15.2/instance-out.sql,9549.61,9207.00
CZ04/ERC&0&cDXHP&Ex&dxHP_equip/NE-dxHP-PkgHP-18to33-Ex-SEER16.2/instance-out.sql,9518.83,9207.00
CZ04/ERC&0&cDXHP&Ex&dxHP_equip/NE-dxHP-PkgHP-18to33-Ex-SEER17.1/instance-out.sql,9494.22,9207.00
CZ04/ERC&0&cDXHP&Ex&dxHP_equip/NE-dxHP-PkgHP-18to33-Ex-SEER18.1/instance-out.sql,9470.82,9207.00
CZ04/ERC&0&cDXHP&Ex&dxHP_equip/NE-dxHP-PkgHP-33to65-Ex-SEER13.4/instance-out.sql,9625.83,9207.00
CZ04/ERC&0&cDXHP&Ex&dxHP_equip/NE-dxHP-PkgHP-33to65-Ex-SEER15.2/instance-out.sql,9549.61,9207.00
CZ04/ERC&0&cDXHP&Ex&dxHP_equip/NE-dxHP-PkgHP-33to65-Ex-SEER16.2/instance-out.sql,9518.83,9207.00
CZ04/ERC&0&cDXHP&Ex&dxHP_equip/NE-dxHP-PkgHP-33to65-Ex-SEER17.1/instance-out.sql,9494.22,9207.00
CZ04/ERC&0&cDXHP&Ex&dxHP_equip/NE-dxHP-PkgHP-33to65-Ex-SEER18.1/instance-out.sql,9470.82,9207.00
CZ04/ERC&0&cDXHP&Ex&dxHP_equip/NE-dxHP-SplitHP-18to33-Ex-SEER14.3/instance-out.sql,9572.15,9207.00
CZ04/ERC&0&cDXHP&Ex&dxHP_equip/NE-dxHP-SplitHP-18to33-Ex-SEER15.2/instance-out.sql,9536.74,9207.00
CZ04/ERC&0&cDXHP&Ex&dxHP_equip/NE-dxHP-SplitHP-18to33-Ex-SEER16.2/instance-out.sql,9505.96,9207.00
CZ04/ERC&0&cDXHP&Ex&dxHP_equip/NE-dxHP-SplitHP-18to33-Ex-SEER17.1/instance-out.sql,9481.35,9207.00
CZ04/ERC&0&cDXHP&Ex&dxHP_equip/NE-dxHP-SplitHP-18to33-Ex-SEER18.1/instance-out.sql,9457.95,9207.00
CZ04/ERC&0&cDXHP&Ex&dxHP_equip/NE-dxHP-SplitHP-33to55-Ex-SEER14.3/instance-out.sql,9572.15,9207.00
CZ04/ERC&0&cDXHP&Ex&dxHP_equip/NE-dxHP-SplitHP-33to55-Ex-SEER15.2/instance-out.sql,9536.74,9207.00
CZ04/ERC&0&cDXHP&Ex&dxHP_equip/NE-dxHP-SplitHP-33to55-Ex-SEER16.2/instance-out.sql,9505.96,9207.00
CZ04/ERC&0&cDXHP&Ex&dxHP_equip/NE-dxHP-SplitHP-33to55-Ex-SEER17.1/instance-out.sql,9481.35,9207.00
CZ04/ERC&0&cDXHP&Ex&dxHP_equip/NE-dxHP-SplitHP-33to55-Ex-SEER18.1/instance-out.sql,9457.95,9207.00
CZ04/ESe&0&cDXHP&Ex&dxHP_equip/NE-dxHP-PkgHP-18to33-Ex-SEER13.4/instance-out.sql,810269.49,372624.29
CZ04/ESe&0&cDXHP&Ex&dxHP_equip/NE-dxHP-PkgHP-18to33-Ex-SEER15.2/instance-out.sql,808103.74,372624.29
CZ04/ESe&0&cDXHP&Ex&dxHP_equip/NE-dxHP-PkgHP-18to33-Ex-SEER16.2/instance-out.sql,807229.06,372624.29
CZ04/ESe&0&cDXHP&Ex&dxHP_equip/NE-dxHP-PkgHP-18to33-Ex-SEER17.1/instance-out.sql,806529.77,372624.29
CZ04/ESe&0&cDXHP&Ex&dxHP_equip/NE-dxHP-PkgHP-18to33-Ex-SEER18.1/instance-out.sql,805864.98,372624.29
CZ04/ESe&0&cDXHP&Ex&dxHP_equip/NE-dxHP-PkgHP-33to65-Ex-SEER13.4/instance-out.sql,810269.49,372624.29
CZ04/ESe&0&cDXHP&Ex&dxHP_equip/NE-dxHP-PkgHP-33to65-Ex-SEER15.2/instance-out.sql,808103.74,372624.29
CZ04/ESe&0&cDXHP&Ex&dxHP_equip/NE-dxHP-PkgHP-33to65-Ex-SEER16.2/instance-out.sql,807229.06,372624.29
CZ04/ESe&0&cDXHP&Ex&dxHP_equip/NE-dxHP-PkgHP-33to65-Ex-SEER17.1/instance-out.sql,806529.77,372624.29
CZ04/ESe&0&cDXHP&Ex&dxHP_equip/NE-dxHP-PkgHP-33to65-Ex-SEER18.1/instance-out.sql,805864.98,372624.29
CZ04/ESe&0&cDXHP&Ex&dxHP_equip/NE-dxHP-SplitHP-18to33-Ex-SEER14.3/instance-out.sql,809002.08,372624.29
CZ04/ESe&0&cDXHP&Ex&dxHP_equip/NE-dxHP-SplitHP-18to33-Ex-SEER15.2/instance-out.sql,807996.05,372624.29
CZ04/ESe&0&cDXHP&Ex&dxHP_equip/NE-dxHP-SplitHP-18to33-Ex-SEER16.2/instance-out.sql,807121.36,372624.29
CZ04/ESe&0&cDXHP&Ex&dxHP_equip/NE-dxHP-SplitHP-18to33-Ex-SEER17.1/instance-out.sql,806422.08,372624.29
CZ04/ESe&0&cDXHP&Ex&dxHP_equip/NE-dxHP-SplitHP-18to33-Ex-SEER18.1/instance-out.sql,805757.29,372624.29
CZ04/ESe&0&cDXHP&Ex&dxHP_equip/NE-dxHP-SplitHP-33to55-Ex-SEER14.3/instance-out.sql,809002.08,372624.29
CZ04/ESe&0&cDXHP&Ex&dxHP_equip/NE-dxHP-SplitHP-33to55-Ex-SEER15.2/instance-out.sql,807996.05,372624.29
CZ04/ESe&0&cDXHP&Ex&dxHP_equip/NE-dxHP-SplitHP-33to55-Ex-SEER16.2/instance-out.sql,807121.36,372624.29
CZ04/ESe&0&cDXHP&Ex&dxHP_equip/NE-dxHP-SplitHP-33to55-Ex-SEER17.1/instance-out.sql,806422.08,372624.29
CZ04/ESe&0&cDXHP&Ex&dxHP_equip/NE-dxHP-SplitHP-33to55-Ex-SEER18.1/instance-out.sql,805757.29,372624.29
CZ04/EUn&0&cDXHP&Ex&dxHP_equip/NE-dxHP-PkgHP-18to33-Ex-SEER13.4/instance-out.sql,7490891.06,870561.26
CZ04/EUn&0&cDXHP&Ex&dxHP_equip/NE-dxHP-PkgHP-18to33-Ex-SEER15.2/instance-out.sql,7457519.23,870561.26
CZ04/EUn&0&cDXHP&Ex&dxHP_equip/NE-dxHP-PkgHP-18to33-Ex-SEER16.2/instance-out.sql,7444041.31,870561.26
CZ04/EUn&0&cDXHP&Ex&dxHP_equip/NE-dxHP-PkgHP-18to33-Ex-SEER17.1/instance-out.sql,7433266.12,870561.26
CZ04/EUn&0&cDXHP&Ex&dxHP_equip/NE-dxHP-PkgHP-18to33-Ex-SEER18.1/instance-out.sql,7423022.44,870561.26
CZ04/EUn&0&cDXHP&Ex&dxHP_equip/NE-dxHP-PkgHP-33to65-Ex-SEER13.4/instance-out.sql,7490891.06,870561.26
CZ04/EUn&0&cDXHP&Ex&dxHP_equip/NE-dxHP-PkgHP-33to65-Ex-SEER15.2/instance-out.sql,7457519.23,870561.26
CZ04/EUn&0&cDXHP&Ex&dxHP_equip/NE-dxHP-PkgHP-33to65-Ex-SEER16.2/instance-out.sql,7444041.31,870561.26
CZ04/EUn&0&cDXHP&Ex&dxHP_equip/NE-dxHP-PkgHP-33to65-Ex-SEER17.1/instance-out.sql,7433266.12,870561.26
CZ04/EUn&0&cDXHP&Ex&dxHP_equip/NE-dxHP-PkgHP-33to65-Ex-SEER18.1/instance-out.sql,7423022.44,870561.26
CZ04/EUn&0&cDXHP&Ex&dxHP_equip/NE-dxHP-SplitHP-18to33-Ex-SEER14.3/instance-out.sql,7471659.44,870561.26
CZ04/EUn&0&cDXHP&Ex&dxHP_equip/NE-dxHP-SplitHP-18to33-Ex-SEER15.2/instance-out.sql,7456157.61,870561.26
CZ04/EUn&0&cDXHP&Ex&dxHP_equip/NE-dxHP-SplitHP-18to33-Ex-SEER16.2/instance-out.sql,7442679.69,870561.26
CZ04/EUn&0&cDXHP&Ex&dxHP_equip/NE-dxHP-SplitHP-18to33-Ex-SEER17.1/instance-out.sql,7431904.50,870561.26
CZ04/EUn&0&cDXHP&Ex&dxHP_equip/NE-dxHP-SplitHP-18to33-Ex-SEER18.1/instance-out.sql,7421660.83,870561.26
CZ04/EUn&0&cDXHP&Ex&dxHP_equip/NE-dxHP-SplitHP-33to55-Ex-SEER14.3/instance-out.sql,7471659.44,870561.26
CZ04/EUn&0&cDXHP&Ex&dxHP_equip/NE-dxHP-SplitHP-33to55-Ex-SEER15.2/instance-out.sql,7456157.61,870561.26
CZ04/EUn&0&cDXHP&Ex&dxHP_equip/NE-dxHP-SplitHP-33to55-Ex-SEER16.2/instance-out.sql,7442679.69,870561.26
CZ04/EUn&0&cDXHP&Ex&dxHP_equip/NE-dxHP-SplitHP-33to55-Ex-SEER17.1/instance-out.sql,7431904.50,870561.26
CZ04/EUn&0&cDXHP&Ex&dxHP_equip/NE-dxHP-SplitHP-33to55-Ex-SEER18.1/instance-out.sql,7421660.83,870561.26
CZ04/Gro&0&cDXHP&Ex&dxHP_equip/NE-dxHP-PkgHP-18to33-Ex-SEER13.4/instance-out.sql,1656609.08,59325.69
CZ04/Gro&0&cDXHP&Ex&dxHP_equip/NE-dxHP-PkgHP-18to33-Ex-SEER15.2/instance-out.sql,1654156.58,59325.69
CZ04/Gro&0&cDXHP&Ex&dxHP_equip/NE-dxHP-PkgHP-18to33-Ex-SEER16.2/instance-out.sql,1653166.08,59325.69
CZ04/Gro&0&cDXHP&Ex&dxHP_equip/NE-dxHP-PkgHP-18to33-Ex-SEER17.1/instance-out.sql,1652374.21,59325.69
CZ04/Gro&0&cDXHP&Ex&dxHP_equip/NE-dxHP-PkgHP-18to33-Ex-SEER18.1/instance-out.sql,1651621.40,59325.69
CZ04/Gro&0&cDXHP&Ex&dxHP_equip/NE-dxHP-PkgHP-33to65-Ex-SEER13.4/instance-out.sql,1656609.08,59325.69
CZ04/Gro&0&cDXHP&Ex&dxHP_equip/NE-dxHP-PkgHP-33to65-Ex-SEER15.2/instance-out.sql,1654156.58,59325.69
CZ04/Gro&0&cDXHP&Ex&dxHP_equip/NE-dxHP-PkgHP-33to65-Ex-SEER16.2/instance-out.sql,1653166.08,59325.69
CZ04/Gro&0&cDXHP&Ex&dxHP_equip/NE-dxHP-PkgHP-33to65-Ex-SEER17.1/instance-out.sql,1652374.21,59325.69
CZ04/Gro&0&cDXHP&Ex&dxHP_equip/NE-dxHP-PkgHP-33to65-Ex-SEER18.1/instance-out.sql,1651621.40,59325.69
CZ04/Gro&0&cDXHP&Ex&dxHP_equip/NE-dxHP-SplitHP-18to33-Ex-SEER14.3/instance-out.sql,1654056.65,59325.69
CZ04/Gro&0&cDXHP&Ex&dxHP_equip/NE-dxHP-SplitHP-18to33-Ex-SEER15.2/instance-out.sql,1652917.42,59325.69
CZ04/Gro&0&cDXHP&Ex&dxHP_equip/NE-dxHP-SplitHP-18to33-Ex-SEER16.2/instance-out.sql,1651926.92,59325.69
CZ04/Gro&0&cDXHP&Ex&dxHP_equip/NE-dxHP-SplitHP-18to33-Ex-SEER17.1/instance-out.sql,1651135.05,59325.69
CZ04/Gro&0&cDXHP&Ex&dxHP_equip/NE-dxHP-SplitHP-18to33-Ex-SEER18.1/instance-out.sql,1650382.24,59325.69
CZ04/Gro&0&cDXHP&Ex&dxHP_equip/NE-dxHP-SplitHP-33to55-Ex-SEER14.3/instance-out.sql,1654056.65,59325.69
CZ04/Gro&0&cDXHP&Ex&dxHP_equip/NE-dxHP-SplitHP-33to55-Ex-SEER15.2/instance-out.sql,1652917.42,59325.69
CZ04/Gro&0&cDXHP&Ex&dxHP_equip/NE-dxHP-SplitHP-33to55-Ex-SEER16.2/instance-out.sql,1651926.92,59325.69
CZ04/Gro&0&cDXHP&Ex&dxHP_equip/NE-dxHP-SplitHP-33to55-Ex-SEER17.1/instance-out.sql,1651135.05,59325.69
CZ04/Gro&0&cDXHP&Ex&dxHP_equip/NE-dxHP-SplitHP-33to55-Ex-SEER18.1/instance-out.sql,1650382.24,59325.69
CZ04/Hsp&0&cDXHP&Ex&dxHP_equip/NE-dxHP-PkgHP-18to33-Ex-SEER13.4/instance-out.sql,3150003.46,483999.90
CZ04/Hsp&0&cDXHP&Ex&dxHP_equip/NE-dxHP-PkgHP-18to33-Ex-SEER15.2/instance-out.sql,3145112.85,483999.90
CZ04/Hsp&0&cDXHP&Ex&dxHP_equip/NE-dxHP-PkgHP-18to33-Ex-SEER16.2/instance-out.sql,3143137.67,483999.90
CZ04/Hsp&0&cDXHP&Ex&dxHP_equip/NE-dxHP-PkgHP-18to33-Ex-SEER17.1/instance-out.sql,3141558.57,483999.90
CZ04/Hsp&0&cDXHP&Ex&dxHP_equip/NE-dxHP-PkgHP-18to33-Ex-SEER18.1/instance-out.sql,3140057.37,483999.90
CZ04/Hsp&0&cDXHP&Ex&dxHP_equip/NE-dxHP-PkgHP-33to65-Ex-SEER13.4/instance-out.sql,3150003.46,483999.90
CZ04/Hsp&0&cDXHP&Ex&dxHP_equip/NE-dxHP-PkgHP-33to65-Ex-SEER15.2/instance-out.sql,3145112.85,483999.90
CZ04/Hsp&0&cDXHP&Ex&dxHP_equip/NE-dxHP-PkgHP-33to65-Ex-SEER16.2/instance-out.sql,3143137.67,483999.90
CZ04/Hsp&0&cDXHP&Ex&dxHP_equip/NE-dxHP-PkgHP-33to65-Ex-SEER17.1/instance-out.sql,3141558.57,483999.90
CZ04/Hsp&0&cDXHP&Ex&dxHP_equip/NE-dxHP-PkgHP-33to65-Ex-SEER18.1/instance-out.sql,3140057.37,483999.90
CZ04/Hsp&0&cDXHP&Ex&dxHP_equip/NE-dxHP-SplitHP-18to33-Ex-SEER14.3/instance-out.sql,3147196.22,483999.90
CZ04/Hsp&0&cDXHP&Ex&dxHP_equip/NE-dxHP-SplitHP-18to33-Ex-SEER15.2/instance-out.sql,3144924.44,483999.90
CZ04/Hsp&0&cDXHP&Ex&dxHP_equip/NE-dxHP-SplitHP-18to33-Ex-SEER16.2/instance-out.sql,3142949.27,483999.90
CZ04/Hsp&0&cDXHP&Ex&dxHP_equip/NE-dxHP-SplitHP-18to33-Ex-SEER17.1/instance-out.sql,3141370.17,483999.90
CZ04/Hsp&0&cDXHP&Ex&dxHP_equip/NE-dxHP-SplitHP-18to33-Ex-SEER18.1/instance-out.sql,3139868.97,483999.90
CZ04/Hsp&0&cDXHP&Ex&dxHP_equip/NE-dxHP-SplitHP-33to55-Ex-SEER14.3/instance-out.sql,3147196.22,483999.90
CZ04/Hsp&0&cDXHP&Ex&dxHP_equip/NE-dxHP-SplitHP-33to55-Ex-SEER15.2/instance-out.sql,3144924.44,483999.90
CZ04/Hsp&0&cDXHP&Ex&dxHP_equip/NE-dxHP-SplitHP-33to55-Ex-SEER16.2/instance-out.sql,3142949.27,483999.90
CZ04/Hsp&0&cDXHP&Ex&dxHP_equip/NE-dxHP-SplitHP-33to55-Ex-SEER17.1/instance-out.sql,3141370.17,483999.90
CZ04/Hsp&0&cDXHP&Ex&dxHP_equip/NE-dxHP-SplitHP-33to55-Ex-SEER18.1/instance-out.sql,3139868.97,483999.90
CZ04/MBT&0&cDXHP&Ex&dxHP_equip/NE-dxHP-PkgHP-18to33-Ex-SEER13.4/instance-out.sql,3374923.27,2865696.89
CZ04/MBT&0&cDXHP&Ex&dxHP_equip/NE-dxHP-PkgHP-18to33-Ex-SEER15.2/instance-out.sql,3369183.40,2865696.89
CZ04/MBT&0&cDXHP&Ex&dxHP_equip/NE-dxHP-PkgHP-18to33-Ex-SEER16.2/instance-out.sql,3366865.22,2865696.89
CZ04/MBT&0&cDXHP&Ex&dxHP_equip/NE-dxHP-PkgHP-18to33-Ex-SEER17.1/instance-out.sql,3365011.92,2865696.89
CZ04/MBT&0&cDXHP&Ex&dxHP_equip/NE-dxHP-PkgHP-18to33-Ex-SEER18.1/instance-out.sql,3363250.03,2865696.89
CZ04/MBT&0&cDXHP&Ex&dxHP_equip/NE-dxHP-PkgHP-33to65-Ex-SEER13.4/instance-out.sql,3374923.27,2865696.89
CZ04/MBT&0&cDXHP&Ex&dxHP_equip/NE-dxHP-PkgHP-33to65-Ex-SEER15.2/instance-out.sql,3369183.40,2865696.89
CZ04/MBT&0&cDXHP&Ex&dxHP_equip/NE-dxHP-PkgHP-33to65-Ex-SEER16.2/instance-out.sql,3366865.22,2865696.89
CZ04/MBT&0&cDXHP&Ex&dxHP_equip/NE-dxHP-PkgHP-33to65-Ex-SEER17.1/instance-out.sql,3365011.92,2865696.89
CZ04/MBT&0&cDXHP&Ex&dxHP_equip/NE-dxHP-PkgHP-33to65-Ex-SEER18.1/instance-out.sql,3363250.03,2865696.89
CZ04/MBT&0&cDXHP&Ex&dxHP_equip/NE-dxHP-SplitHP-18to33-Ex-SEER14.3/instance-out.sql,3371210.37,2865696.89
CZ04/MBT&0&cDXHP&Ex&dxHP_equip/NE-dxHP-SplitHP-18to33-Ex-SEER15.2/instance-out.sql,3368544.09,2865696.89
CZ04/MBT&0&cDXHP&Ex&dxHP_equip/NE-dxHP-SplitHP-18to33-Ex-SEER16.2/instance-out.sql,3366225.92,2865696.89
CZ04/MBT&0&cDXHP&Ex&dxHP_equip/NE-dxHP-SplitHP-18to33-Ex-SEER17.1/instance-out.sql,3364372.61,2865696.89
CZ04/MBT&0&cDXHP&Ex&dxHP_equip/NE-dxHP-SplitHP-18to33-Ex-SEER18.1/instance-out.sql,3362610.72,2865696.89
CZ04/MBT&0&cDXHP&Ex&dxHP_equip/NE-dxHP-SplitHP-33to55-Ex-SEER14.3/instance-out.sql,3371210.37,2865696.89
CZ04/MBT&0&cDXHP&Ex&dxHP_equip/NE-dxHP-SplitHP-33to55-Ex-SEER15.2/instance-out.sql,3368544.09,2865696.89
CZ04/MBT&0&cDXHP&Ex&dxHP_equip/NE-dxHP-SplitHP-33to55-Ex-SEER16.2/instance-out.sql,3366225.92,2865696.89
CZ04/MBT&0&cDXHP&Ex&dxHP_equip/NE-dxHP-SplitHP-33to55-Ex-SEER17.1/instance-out.sql,3364372.61,2865696.89
CZ04/MBT&0&cDXHP&Ex&dxHP_equip/NE-dxHP-SplitHP-33to55-Ex-SEER18.1/instance-out.sql,3362610.72,2865696.89
CZ04/MLI&0&cDXHP&Ex&dxHP_equip/NE-dxHP-PkgHP-18to33-Ex-SEER13.4/instance-out.sql,922332.42,47616.07
CZ04/MLI&0&cDXHP&Ex&dxHP_equip/NE-dxHP-PkgHP-18to33-Ex-SEER15.2/instance-out.sql,916679.89,47616.07
CZ04/MLI&0&cDXHP&Ex&dxHP_equip/NE-dxHP-PkgHP-18to33-Ex-SEER16.2/instance-out.sql,914397.00,47616.07
CZ04/MLI&0&cDXHP&Ex&dxHP_equip/NE-dxHP-PkgHP-18to33-Ex-SEER17.1/instance-out.sql,912571.89,47616.07
CZ04/MLI&0&cDXHP&Ex&dxHP_equip/NE-dxHP-PkgHP-18to33-Ex-SEER18.1/instance-out.sql,910836.82,47616.07
CZ04/MLI&0&cDXHP&Ex&dxHP_equip/NE-dxHP-PkgHP-33to65-Ex-SEER13.4/instance-out.sql,922332.42,47616.07
CZ04/MLI&0&cDXHP&Ex&dxHP_equip/NE-dxHP-PkgHP-33to65-Ex-SEER15.2/instance-out.sql,916679.89,47616.07
CZ04/MLI&0&cDXHP&Ex&dxHP_equip/NE-dxHP-PkgHP-33to65-Ex-SEER16.2/instance-out.sql,914397.00,47616.07
CZ04/MLI&0&cDXHP&Ex&dxHP_equip/NE-dxHP-PkgHP-33to65-Ex-SEER17.1/instance-out.sql,912571.89,47616.07
CZ04/MLI&0&cDXHP&Ex&dxHP_equip/NE-dxHP-PkgHP-33to65-Ex-SEER18.1/instance-out.sql,910836.82,47616.07
CZ04/MLI&0&cDXHP&Ex&dxHP_equip/NE-dxHP-SplitHP-18to33-Ex-SEER14.3/instance-out.sql,918326.53,47616.07
CZ04/MLI&0&cDXHP&Ex&dxHP_equip/NE-dxHP-SplitHP-18to33-Ex-SEER15.2/instance-out.sql,915700.83,47616.07
CZ04/MLI&0&cDXHP&Ex&dxHP_equip/NE-dxHP-SplitHP-18to33-Ex-SEER16.2/instance-out.sql,913417.94,47616.07
CZ04/MLI&0&cDXHP&Ex&dxHP_equip/NE-dxHP-SplitHP-18to33-Ex-SEER17.1/instance-out.sql,911592.83,47616.07
CZ04/MLI&0&cDXHP&Ex&dxHP_equip/NE-dxHP-SplitHP-18to33-Ex-SEER18.1/instance-out.sql,909857.76,47616.07
CZ04/MLI&0&cDXHP&Ex&dxHP_equip/NE-dxHP-SplitHP-33to55-Ex-SEER14.3/instance-out.sql,918326.53,47616.07
CZ04/MLI&0&cDXHP&Ex&dxHP_equip/NE-dxHP-SplitHP-33to55-Ex-SEER15.2/instance-out.sql,915700.83,47616.07
CZ04/MLI&0&cDXHP&Ex&dxHP_equip/NE-dxHP-SplitHP-33to55-Ex-SEER16.2/instance-out.sql,913417.94,47616.07
CZ04/MLI&0&cDXHP&Ex&dxHP_equip/NE-dxHP-SplitHP-33to55-Ex-SEER17.1/instance-out.sql,911592.83,47616.07
CZ04/MLI&0&cDXHP&Ex&dxHP_equip/NE-dxHP-SplitHP-33to55-Ex-SEER18.1/instance-out.sql,909857.76,47616.07
CZ04/Mtl&0&cDXHP&Ex&dxHP_equip/NE-dxHP-PkgHP-18to33-Ex-SEER13.4/instance-out.sql,157207.82,8205.23
CZ04/Mtl&0&cDXHP&Ex&dxHP_equip/NE-dxHP-PkgHP-18to33-Ex-SEER15.2/instance-out.sql,155977.36,8205.23
CZ04/Mtl&0&cDXHP&Ex&dxHP_equip/NE-dxHP-PkgHP-18to33-Ex-SEER16.2/instance-out.sql,155480.41,8205.23
CZ04/Mtl&0&cDXHP&Ex&dxHP_equip/NE-dxHP-PkgHP-18to33-Ex-SEER17.1/instance-out.sql,155083.11,8205.23
CZ04/Mtl&0&cDXHP&Ex&dxHP_equip/NE-dxHP-PkgHP-18to33-Ex-SEER18.1/instance-out.sql,154705.42,8205.23
CZ04/Mtl&0&cDXHP&Ex&dxHP_equip/NE-dxHP-PkgHP-33to65-Ex-SEER13.4/instance-out.sql,157207.82,8205.23
CZ04/Mtl&0&cDXHP&Ex&dxHP_equip/NE-dxHP-PkgHP-33to65-Ex-SEER15.2/instance-out.sql,155977.36,8205.23
CZ04/Mtl&0&cDXHP&Ex&dxHP_equip/NE-dxHP-PkgHP-33to65-Ex-SEER16.2/instance-out.sql,155480.41,8205.23
CZ04/Mtl&0&cDXHP&Ex&dxHP_equip/NE-dxHP-PkgHP-33to65-Ex-SEER17.1/instance-out.sql,155083.11,8205.23
CZ04/Mtl&0&cDXHP&Ex&dxHP_equip/NE-dxHP-PkgHP-33to65-Ex-SEER18.1/instance-out.sql,154705.42,8205.23
CZ04/Mtl&0&cDXHP&Ex&dxHP_equip/NE-dxHP-SplitHP-18to33-Ex-SEER14.3/instance-out.sql,156423.79,8205.23
CZ04/Mtl&0&cDXHP&Ex&dxHP_equip/NE-dxHP-SplitHP-18to33-Ex-SEER15.2/instance-out.sql,155852.22,8205.23
CZ04/Mtl&0&cDXHP&Ex&dxHP_equip/NE-dxHP-SplitHP-18to33-Ex-SEER16.2/instance-out.sql,155355.27,8205.23
CZ04/Mtl&0&cDXHP&Ex&dxHP_equip/NE-dxHP-SplitHP-18to33-Ex-SEER17.1/instance-out.sql,154957.98,8205.23
CZ04/Mtl&0&cDXHP&Ex&dxHP_equip/NE-dxHP-SplitHP-18to33-Ex-SEER18.1/instance-out.sql,154580.28,8205.23
CZ04/Mtl&0&cDXHP&Ex&dxHP_equip/NE-dxHP-SplitHP-33to55-Ex-SEER14.3/instance-out.sql,156423.79,8205.23
CZ04/Mtl&0&cDXHP&Ex&dxHP_equip/NE-dxHP-SplitHP-33to55-Ex-SEER15.2/instance-out.sql,155852.22,8205.23
CZ04/Mtl&0&cDXHP&Ex&dxHP_equip/NE-dxHP-SplitHP-33to55-Ex-SEER16.2/instance-out.sql,155355.27,8205.23
CZ04/Mtl&0&cDXHP&Ex&dxHP_equip/NE-dxHP-SplitHP-33to55-Ex-SEER17.1/instance-out.sql,154957.98,8205.23
CZ04/Mtl&0&cDXHP&Ex&dxHP_equip/NE-dxHP-SplitHP-33to55-Ex-SEER18.1/instance-out.sql,154580.28,8205.23
CZ04/Nrs&0&cDXHP&Ex&dxHP_equip/NE-dxHP-PkgHP-18to33-Ex-SEER13.4/instance-out.sql,735649.47,205194.56
CZ04/Nrs&0&cDXHP&Ex&dxHP_equip/NE-dxHP-PkgHP-18to33-Ex-SEER15.2/instance-out.sql,733504.17,205194.56
CZ04/Nrs&0&cDXHP&Ex&dxHP_equip/NE-dxHP-PkgHP-18to33-Ex-SEER16.2/instance-out.sql,732637.74,205194.56
CZ04/Nrs&0&cDXHP&Ex&dxHP_equip/NE-dxHP-PkgHP-18to33-Ex-SEER17.1/instance-out.sql,731945.06,205194.56
CZ04/Nrs&0&cDXHP&Ex&dxHP_equip/NE-dxHP-PkgHP-18to33-Ex-SEER18.1/instance-out.sql,731286.55,205194.56
CZ04/Nrs&0&cDXHP&Ex&dxHP_equip/NE-dxHP-PkgHP-33to65-Ex-SEER13.4/instance-out.sql,735649.47,205194.56
CZ04/Nrs&0&cDXHP&Ex&dxHP_equip/NE-dxHP-PkgHP-33to65-Ex-SEER15.2/instance-out.sql,733504.17,205194.56
CZ04/Nrs&0&cDXHP&Ex&dxHP_equip/NE-dxHP-PkgHP-33to65-Ex-SEER16.2/instance-out.sql,732637.74,205194.56
CZ04/Nrs&0&cDXHP&Ex&dxHP_equip/NE-dxHP-PkgHP-33to65-Ex-SEER17.1/instance-out.sql,731945.06,205194.56
CZ04/Nrs&0&cDXHP&Ex&dxHP_equip/NE-dxHP-PkgHP-33to65-Ex-SEER18.1/instance-out.sql,731286.55,205194.56
CZ04/Nrs&0&cDXHP&Ex&dxHP_equip/NE-dxHP-SplitHP-18to33-Ex-SEER14.3/instance-out.sql,734359.41,205194.56
CZ04/Nrs&0&cDXHP&Ex&dxHP_equip/NE-dxHP-SplitHP-18to33-Ex-SEER15.2/instance-out.sql,733362.88,205194.56
CZ04/Nrs&0&cDXHP&Ex&dxHP_equip/NE-dxHP-SplitHP-18to33-Ex-SEER16.2/instance-out.sql,732496.46,205194.56
CZ04/Nrs&0&cDXHP&Ex&dxHP_equip/NE-dxHP-SplitHP-18to33-Ex-SEER17.1/instance-out.sql,731803.78,205194.56
CZ04/Nrs&0&cDXHP&Ex&dxHP_equip/NE-dxHP-SplitHP-18to33-Ex-SEER18.1/instance-out.sql,731145.27,205194.56
CZ04/Nrs&0&cDXHP&Ex&dxHP_equip/NE-dxHP-SplitHP-33to55-Ex-SEER14.3/instance-out.sql,734359.41,205194.56
CZ04/Nrs&0&cDXHP&Ex&dxHP_equip/NE-dxHP-SplitHP-33to55-Ex-SEER15.2/instance-out.sql,733362.88,205194.56
CZ04/Nrs&0&cDXHP&Ex&dxHP_equip/NE-dxHP-SplitHP-33to55-Ex-SEER16.2/instance-out.sql,732496.46,205194.56
CZ04/Nrs&0&cDXHP&Ex&dxHP_equip/NE-dxHP-SplitHP-33to55-Ex-SEER17.1/instance-out.sql,731803.78,205194.56
CZ04/Nrs&0&cDXHP&Ex&dxHP_equip/NE-dxHP-SplitHP-33to55-Ex-SEER18.1/instance-out.sql,731145.27,205194.56
CZ04/OfL&0&cDXHP&Ex&dxHP_equip/NE-dxHP-PkgHP-18to33-Ex-SEER13.4/instance-out.sql,2499393.41,135905.74
CZ04/OfL&0&cDXHP&Ex&dxHP_equip/NE-dxHP-PkgHP-18to33-Ex-SEER15.2/instance-out.sql,2484369.16,135905.74
CZ04/OfL&0&cDXHP&Ex&dxHP_equip/NE-dxHP-PkgHP-18to33-Ex-SEER16.2/instance-out.sql,2478301.30,135905.74
CZ04/OfL&0&cDXHP&Ex&dxHP_equip/NE-dxHP-PkgHP-18to33-Ex-SEER17.1/instance-out.sql,2473450.23,135905.74
CZ04/OfL&0&cDXHP&Ex&dxHP_equip/NE-dxHP-PkgHP-18to33-Ex-SEER18.1/instance-out.sql,2468838.45,135905.74
CZ04/OfL&0&cDXHP&Ex&dxHP_equip/NE-dxHP-PkgHP-33to65-Ex-SEER13.4/instance-out.sql,2499393.41,135905.74
CZ04/OfL&0&cDXHP&Ex&dxHP_equip/NE-dxHP-PkgHP-33to65-Ex-SEER15.2/instance-out.sql,2484369.16,135905.74
CZ04/OfL&0&cDXHP&Ex&dxHP_equip/NE-dxHP-PkgHP-33to65-Ex-SEER16.2/instance-out.sql,2478301.30,135905.74
CZ04/OfL&0&cDXHP&Ex&dxHP_equip/NE-dxHP-PkgHP-33to65-Ex-SEER17.1/instance-out.sql,2473450.23,135905.74
CZ04/OfL&0&cDXHP&Ex&dxHP_equip/NE-dxHP-PkgHP-33to65-Ex-SEER18.1/instance-out.sql,2468838.45,135905.74
CZ04/OfL&0&cDXHP&Ex&dxHP_equip/NE-dxHP-SplitHP-18to33-Ex-SEER14.3/instance-out.sql,2491057.01,135905.74
CZ04/OfL&0&cDXHP&Ex&dxHP_equip/NE-dxHP-SplitHP-18to33-Ex-SEER15.2/instance-out.sql,2484077.97,135905.74
CZ04/OfL&0&cDXHP&Ex&dxHP_equip/NE-dxHP-SplitHP-18to33-Ex-SEER16.2/instance-out.sql,2478010.11,135905.74
CZ04/OfL&0&cDXHP&Ex&dxHP_equip/NE-dxHP-SplitHP-18to33-Ex-SEER17.1/instance-out.sql,2473159.04,135905.74
CZ04/OfL&0&cDXHP&Ex&dxHP_equip/NE-dxHP-SplitHP-18to33-Ex-SEER18.1/instance-out.sql,2468547.26,135905.74
CZ04/OfL&0&cDXHP&Ex&dxHP_equip/NE-dxHP-SplitHP-33to55-Ex-SEER14.3/instance-out.sql,2491057.01,135905.74
CZ04/OfL&0&cDXHP&Ex&dxHP_equip/NE-dxHP-SplitHP-33to55-Ex-SEER15.2/instance-out.sql,2484077.97,135905.74
CZ04/OfL&0&cDXHP&Ex&dxHP_equip/NE-dxHP-SplitHP-33to55-Ex-SEER16.2/instance-out.sql,2478010.11,135905.74
CZ04/OfL&0&cDXHP&Ex&dxHP_equip/NE-dxHP-SplitHP-33to55-Ex-SEER17.1/instance-out.sql,2473159.04,135905.74
CZ04/OfL&0&cDXHP&Ex&dxHP_equip/NE-dxHP-SplitHP-33to55-Ex-SEER18.1/instance-out.sql,2468547.26,135905.74
CZ04/OfS&0&cDXHP&Ex&dxHP_equip/NE-dxHP-PkgHP-18to33-Ex-SEER13.4/instance-out.sql,130030.13,21738.61
CZ04/OfS&0&cDXHP&Ex&dxHP_equip/NE-dxHP-PkgHP-18to33-Ex-SEER15.2/instance-out.sql,128938.76,21738.61
CZ04/OfS&0&cDXHP&Ex&dxHP_equip/NE-dxHP-PkgHP-18to33-Ex-SEER16.2/instance-out.sql,128497.98,21738.61
CZ04/OfS&0&cDXHP&Ex&dxHP_equip/NE-dxHP-PkgHP-18to33-Ex-SEER17.1/instance-out.sql,128145.59,21738.61
CZ04/OfS&0&cDXHP&Ex&dxHP_equip/NE-dxHP-PkgHP-18to33-Ex-SEER18.1/instance-out.sql,127810.59,21738.61
CZ04/OfS&0&cDXHP&Ex&dxHP_equip/NE-dxHP-PkgHP-33to65-Ex-SEER13.4/instance-out.sql,130030.13,21738.61
CZ04/OfS&0&cDXHP&Ex&dxHP_equip/NE-dxHP-PkgHP-33to65-Ex-SEER15.2/instance-out.sql,128938.76,21738.61
CZ04/OfS&0&cDXHP&Ex&dxHP_equip/NE-dxHP-PkgHP-33to65-Ex-SEER16.2/instance-out.sql,128497.98,21738.61
CZ04/OfS&0&cDXHP&Ex&dxHP_equip/NE-dxHP-PkgHP-33to65-Ex-SEER17.1/instance-out.sql,128145.59,21738.61
CZ04/OfS&0&cDXHP&Ex&dxHP_equip/NE-dxHP-PkgHP-33to65-Ex-SEER18.1/instance-out.sql,127810.59,21738.61
CZ04/OfS&0&cDXHP&Ex&dxHP_equip/NE-dxHP-SplitHP-18to33-Ex-SEER14.3/instance-out.sql,129406.15,21738.61
CZ04/OfS&0&cDXHP&Ex&dxHP_equip/NE-dxHP-SplitHP-18to33-Ex-SEER15.2/instance-out.sql,128899.19,21738.61
CZ04/OfS&0&cDXHP&Ex&dxHP_equip/NE-dxHP-SplitHP-18to33-Ex-SEER16.2/instance-out.sql,128458.41,21738.61
CZ04/OfS&0&cDXHP&Ex&dxHP_equip/NE-dxHP-SplitHP-18to33-Ex-SEER17.1/instance-out.sql,128106.03,21738.61
CZ04/OfS&0&cDXHP&Ex&dxHP_equip/NE-dxHP-SplitHP-18to33-Ex-SEER18.1/instance-out.sql,127771.02,21738.61
CZ04/OfS&0&cDXHP&Ex&dxHP_equip/NE-dxHP-SplitHP-33to55-Ex-SEER14.3/instance-out.sql,129406.15,21738.61
CZ04/OfS&0&cDXHP&Ex&dxHP_equip/NE-dxHP-SplitHP-33to55-Ex-SEER15.2/instance-out.sql,128899.19,21738.61
CZ04/OfS&0&cDXHP&Ex&dxHP_equip/NE-dxHP-SplitHP-33to55-Ex-SEER16.2/instance-out.sql,128458.41,21738.61
CZ04/OfS&0&cDXHP&Ex&dxHP_equip/NE-dxHP-SplitHP-33to55-Ex-SEER17.1/instance-out.sql,128106.03,21738.61
CZ04/OfS&0&cDXHP&Ex&dxHP_equip/NE-dxHP-SplitHP-33to55-Ex-SEER18.1/instance-out.sql,127771.02,21738.61
CZ04/RFF&0&cDXHP&Ex&dxHP_equip/NE-dxHP-PkgHP-18to33-Ex-SEER13.4/instance-out.sql,64892.46,44748.31
CZ04/RFF&0&cDXHP&Ex&dxHP_equip/NE-dxHP-PkgHP-18to33-Ex-SEER15.2/instance-out.sql,64581.83,44748.31
CZ04/RFF&0&cDXHP&Ex&dxHP_equip/NE-dxHP-PkgHP-18to33-Ex-SEER16.2/instance-out.sql,64456.38,44748.31
CZ04/RFF&0&cDXHP&Ex&dxHP_equip/NE-dxHP-PkgHP-18to33-Ex-SEER17.1/instance-out.sql,64356.08,44748.31
CZ04/RFF&0&cDXHP&Ex&dxHP_equip/NE-dxHP-PkgHP-18to33-Ex-SEER18.1/instance-out.sql,64260.73,44748.31
CZ04/RFF&0&cDXHP&Ex&dxHP_equip/NE-dxHP-PkgHP-33to65-Ex-SEER13.4/instance-out.sql,64892.46,44748.31
CZ04/RFF&0&cDXHP&Ex&dxHP_equip/NE-dxHP-PkgHP-33to65-Ex-SEER15.2/instance-out.sql,64581.83,44748.31
CZ04/RFF&0&cDXHP&Ex&dxHP_equip/NE-dxHP-PkgHP-33to65-Ex-SEER16.2/instance-out.sql,64456.38,44748.31
CZ04/RFF&0&cDXHP&Ex&dxHP_equip/NE-dxHP-PkgHP-33to65-Ex-SEER17.1/instance-out.sql,64356.08,44748.31
CZ04/RFF&0&cDXHP&Ex&dxHP_equip/NE-dxHP-PkgHP-33to65-Ex-SEER18.1/instance-out.sql,64260.73,44748.31
CZ04/RFF&0&cDXHP&Ex&dxHP_equip/NE-dxHP-SplitHP-18to33-Ex-SEER14.3/instance-out.sql,64698.54,44748.31
CZ04/RFF&0&cDXHP&Ex&dxHP_equip/NE-dxHP-SplitHP-18to33-Ex-SEER15.2/instance-out.sql,64554.24,44748.31
CZ04/RFF&0&cDXHP&Ex&dxHP_equip/NE-dxHP-SplitHP-18to33-Ex-SEER16.2/instance-out.sql,64428.79,44748.31
CZ04/RFF&0&cDXHP&Ex&dxHP_equip/NE-dxHP-SplitHP-18to33-Ex-SEER17.1/instance-out.sql,64328.49,44748.31
CZ04/RFF&0&cDXHP&Ex&dxHP_equip/NE-dxHP-SplitHP-18to33-Ex-SEER18.1/instance-out.sql,64233.14,44748.31
CZ04/RFF&0&cDXHP&Ex&dxHP_equip/NE-dxHP-SplitHP-33to55-Ex-SEER14.3/instance-out.sql,64698.54,44748.31
CZ04/RFF&0&cDXHP&Ex&dxHP_equip/NE-dxHP-SplitHP-33to55-Ex-SEER15.2/instance-out.sql,64554.24,44748.31
CZ04/RFF&0&cDXHP&Ex&dxHP_equip/NE-dxHP-SplitHP-33to55-Ex-SEER16.2/instance-out.sql,64428.79,44748.31
CZ04/RFF&0&cDXHP&Ex&dxHP_equip/NE-dxHP-SplitHP-33to55-Ex-SEER17.1/instance-out.sql,64328.49,44748.31
CZ04/RFF&0&cDXHP&Ex&dxHP_equip/NE-dxHP-SplitHP-33to55-Ex-SEER18.1/instance-out.sql,64233.14,44748.31
CZ04/RSD&0&cDXHP&Ex&dxHP_equip/NE-dxHP-PkgHP-18to33-Ex-SEER13.4/instance-out.sql,124673.24,123347.93
CZ04/RSD&0&cDXHP&Ex&dxHP_equip/NE-dxHP-PkgHP-18to33-Ex-SEER15.2/instance-out.sql,124527.12,123347.93
CZ04/RSD&0&cDXHP&Ex&dxHP_equip/NE-dxHP-PkgHP-18to33-Ex-SEER16.2/instance-out.sql,124468.11,123347.93
CZ04/RSD&0&cDXHP&Ex&dxHP_equip/NE-dxHP-PkgHP-18to33-Ex-SEER17.1/instance-out.sql,124420.93,123347.93
CZ04/RSD&0&cDXHP&Ex&dxHP_equip/NE-dxHP-PkgHP-18to33-Ex-SEER18.1/instance-out.sql,124376.08,123347.93
CZ04/RSD&0&cDXHP&Ex&dxHP_equip/NE-dxHP-PkgHP-33to65-Ex-SEER13.4/instance-out.sql,124673.24,123347.93
CZ04/RSD&0&cDXHP&Ex&dxHP_equip/NE-dxHP-PkgHP-33to65-Ex-SEER15.2/instance-out.sql,124527.12,123347.93
CZ04/RSD&0&cDXHP&Ex&dxHP_equip/NE-dxHP-PkgHP-33to65-Ex-SEER16.2/instance-out.sql,124468.11,123347.93
CZ04/RSD&0&cDXHP&Ex&dxHP_equip/NE-dxHP-PkgHP-33to65-Ex-SEER17.1/instance-out.sql,124420.93,123347.93
CZ04/RSD&0&cDXHP&Ex&dxHP_equip/NE-dxHP-PkgHP-33to65-Ex-SEER18.1/instance-out.sql,124376.08,123347.93
CZ04/RSD&0&cDXHP&Ex&dxHP_equip/NE-dxHP-SplitHP-18to33-Ex-SEER14.3/instance-out.sql,124581.87,123347.93
CZ04/RSD&0&cDXHP&Ex&dxHP_equip/NE-dxHP-SplitHP-18to33-Ex-SEER15.2/instance-out.sql,124514.00,123347.93
CZ04/RSD&0&cDXHP&Ex&dxHP_equip/NE-dxHP-SplitHP-18to33-Ex-SEER16.2/instance-out.sql,124454.98,123347.93
CZ04/RSD&0&cDXHP&Ex&dxHP_equip/NE-dxHP-SplitHP-18to33-Ex-SEER17.1/instance-out.sql,124407.80,123347.93
CZ04/RSD&0&cDXHP&Ex&dxHP_equip/NE-dxHP-SplitHP-18to33-Ex-SEER18.1/instance-out.sql,124362.95,123347.93
CZ04/RSD&0&cDXHP&Ex&dxHP_equip/NE-dxHP-SplitHP-33to55-Ex-SEER14.3/instance-out.sql,124581.87,123347.93
CZ04/RSD&0&cDXHP&Ex&dxHP_equip/NE-dxHP-SplitHP-33to55-Ex-SEER15.2/instance-out.sql,124514.00,123347.93
CZ04/RSD&0&cDXHP&Ex&dxHP_equip/NE-dxHP-SplitHP-33to55-Ex-SEER16.2/instance-out.sql,124454.98,123347.93
CZ04/RSD&0&cDXHP&Ex&dxHP_equip/NE-dxHP-SplitHP-33to55-Ex-SEER17.1/instance-out.sql,124407.80,123347.93
CZ04/RSD&0&cDXHP&Ex&dxHP_equip/NE-dxHP-SplitHP-33to55-Ex-SEER18.1/instance-out.sql,124362.95,123347.93
CZ04/Rt3&0&cDXHP&Ex&dxHP_equip/NE-dxHP-PkgHP-18to33-Ex-SEER13.4/instance-out.sql,1929581.38,170332.43
CZ04/Rt3&0&cDXHP&Ex&dxHP_equip/NE-dxHP-PkgHP-18to33-Ex-SEER15.2/instance-out.sql,1917907.59,170332.43
CZ04/Rt3&0&cDXHP&Ex&dxHP_equip/NE-dxHP-PkgHP-18to33-Ex-SEER16.2/instance-out.sql,1913192.89,170332.43
CZ04/Rt3&0&cDXHP&Ex&dxHP_equip/NE-dxHP-PkgHP-18to33-Ex-SEER17.1/instance-out.sql,1909423.62,170332.43
CZ04/Rt3&0&cDXHP&Ex&dxHP_equip/NE-dxHP-PkgHP-18to33-Ex-SEER18.1/instance-out.sql,1905840.29,170332.43
CZ04/Rt3&0&cDXHP&Ex&dxHP_equip/NE-dxHP-PkgHP-33to65-Ex-SEER13.4/instance-out.sql,1929581.38,170332.43
CZ04/Rt3&0&cDXHP&Ex&dxHP_equip/NE-dxHP-PkgHP-33to65-Ex-SEER15.2/instance-out.sql,1917907.59,170332.43
CZ04/Rt3&0&cDXHP&Ex&dxHP_equip/NE-dxHP-PkgHP-33to65-Ex-SEER16.2/instance-out.sql,1913192.89,170332.43
CZ04/Rt3&0&cDXHP&Ex&dxHP_equip/NE-dxHP-PkgHP-33to65-Ex-SEER17.1/instance-out.sql,1909423.62,170332.43
CZ04/Rt3&0&cDXHP&Ex&dxHP_equip/NE-dxHP-PkgHP-33to65-Ex-SEER18.1/instance-out.sql,1905840.29,170332.43
CZ04/Rt3&0&cDXHP&Ex&dxHP_equip/NE-dxHP-SplitHP-18to33-Ex-SEER14.3/instance-out.sql,1922881.83,170332.43
CZ04/Rt3&0&cDXHP&Ex&dxHP_equip/NE-dxHP-SplitHP-18to33-Ex-SEER15.2/instance-out.sql,1917459.14,170332.43
CZ04/Rt3&0&cDXHP&Ex&dxHP_equip/NE-dxHP-SplitHP-18to33-Ex-SEER16.2/instance-out.sql,1912744.43,170332.43
CZ04/Rt3&0&cDXHP&Ex&dxHP_equip/NE-dxHP-SplitHP-18to33-Ex-SEER17.1/instance-out.sql,1908975.17,170332.43
CZ04/Rt3&0&cDXHP&Ex&dxHP_equip/NE-dxHP-SplitHP-18to33-Ex-SEER18.1/instance-out.sql,1905391.83,170332.43
CZ04/Rt3&0&cDXHP&Ex&dxHP_equip/NE-dxHP-SplitHP-33to55-Ex-SEER14.3/instance-out.sql,1922881.83,170332.43
CZ04/Rt3&0&cDXHP&Ex&dxHP_equip/NE-dxHP-SplitHP-33to55-Ex-SEER15.2/instance-out.sql,1917459.14,170332.43
CZ04/Rt3&0&cDXHP&Ex&dxHP_equip/NE-dxHP-SplitHP-33to55-Ex-SEER16.2/instance-out.sql,1912744.43,170332.43
CZ04/Rt3&0&cDXHP&Ex&dxHP_equip/NE-dxHP-SplitHP-33to55-Ex-SEER17.1/instance-out.sql,1908975.17,170332.43
CZ04/Rt3&0&cDXHP&Ex&dxHP_equip/NE-dxHP-SplitHP-33to55-Ex-SEER18.1/instance-out.sql,1905391.83,170332.43
CZ04/RtL&0&cDXHP&Ex&dxHP_equip/NE-dxHP-PkgHP-18to33-Ex-SEER13.4/instance-out.sql,1933365.52,164741.35
CZ04/RtL&0&cDXHP&Ex&dxHP_equip/NE-dxHP-PkgHP-18to33-Ex-SEER15.2/instance-out.sql,1921274.72,164741.35
CZ04/RtL&0&cDXHP&Ex&dxHP_equip/NE-dxHP-PkgHP-18to33-Ex-SEER16.2/instance-out.sql,1916391.60,164741.35
CZ04/RtL&0&cDXHP&Ex&dxHP_equip/NE-dxHP-PkgHP-18to33-Ex-SEER17.1/instance-out.sql,1912487.69,164741.35
CZ04/RtL&0&cDXHP&Ex&dxHP_equip/NE-dxHP-PkgHP-18to33-Ex-SEER18.1/instance-out.sql,1908776.35,164741.35
CZ04/RtL&0&cDXHP&Ex&dxHP_equip/NE-dxHP-PkgHP-33to65-Ex-SEER13.4/instance-out.sql,1933365.52,164741.35
CZ04/RtL&0&cDXHP&Ex&dxHP_equip/NE-dxHP-PkgHP-33to65-Ex-SEER15.2/instance-out.sql,1921274.72,164741.35
CZ04/RtL&0&cDXHP&Ex&dxHP_equip/NE-dxHP-PkgHP-33to65-Ex-SEER16.2/instance-out.sql,1916391.60,164741.35
CZ04/RtL&0&cDXHP&Ex&dxHP_equip/NE-dxHP-PkgHP-33to65-Ex-SEER17.1/instance-out.sql,1912487.69,164741.35
CZ04/RtL&0&cDXHP&Ex&dxHP_equip/NE-dxHP-PkgHP-33to65-Ex-SEER18.1/instance-out.sql,1908776.35,164741.35
CZ04/RtL&0&cDXHP&Ex&dxHP_equip/NE-dxHP-SplitHP-18to33-Ex-SEER14.3/instance-out.sql,1926578.36,164741.35
CZ04/RtL&0&cDXHP&Ex&dxHP_equip/NE-dxHP-SplitHP-18to33-Ex-SEER15.2/instance-out.sql,1920961.96,164741.35
CZ04/RtL&0&cDXHP&Ex&dxHP_equip/NE-dxHP-SplitHP-18to33-Ex-SEER16.2/instance-out.sql,1916078.84,164741.35
CZ04/RtL&0&cDXHP&Ex&dxHP_equip/NE-dxHP-SplitHP-18to33-Ex-SEER17.1/instance-out.sql,1912174.93,164741.35
CZ04/RtL&0&cDXHP&Ex&dxHP_equip/NE-dxHP-SplitHP-18to33-Ex-SEER18.1/instance-out.sql,1908463.59,164741.35
CZ04/RtL&0&cDXHP&Ex&dxHP_equip/NE-dxHP-SplitHP-33to55-Ex-SEER14.3/instance-out.sql,1926578.36,164741.35
CZ04/RtL&0&cDXHP&Ex&dxHP_equip/NE-dxHP-SplitHP-33to55-Ex-SEER15.2/instance-out.sql,1920961.96,164741.35
CZ04/RtL&0&cDXHP&Ex&dxHP_equip/NE-dxHP-SplitHP-33to55-Ex-SEER16.2/instance-out.sql,1916078.84,164741.35
CZ04/RtL&0&cDXHP&Ex&dxHP_equip/NE-dxHP-SplitHP-33to55-Ex-SEER17.1/instance-out.sql,1912174.93,164741.35
CZ04/RtL&0&cDXHP&Ex&dxHP_equip/NE-dxHP-SplitHP-33to55-Ex-SEER18.1/instance-out.sql,1908463.59,164741.35
CZ04/RtS&0&cDXHP&Ex&dxHP_equip/NE-dxHP-PkgHP-18to33-Ex-SEER13.4/instance-out.sql,120082.39,15467.93
CZ04/RtS&0&cDXHP&Ex&dxHP_equip/NE-dxHP-PkgHP-18to33-Ex-SEER15.2/instance-out.sql,119214.58,15467.93
CZ04/RtS&0&cDXHP&Ex&dxHP_equip/NE-dxHP-PkgHP-18to33-Ex-SEER16.2/instance-out.sql,118864.09,15467.93
CZ04/RtS&0&cDXHP&Ex&dxHP_equip/NE-dxHP-PkgHP-18to33-Ex-SEER17.1/instance-out.sql,118583.89,15467.93
CZ04/RtS&0&cDXHP&Ex&dxHP_equip/NE-dxHP-PkgHP-18to33-Ex-SEER18.1/instance-out.sql,118317.51,15467.93
CZ04/RtS&0&cDXHP&Ex&dxHP_equip/NE-dxHP-PkgHP-33to65-Ex-SEER13.4/instance-out.sql,120082.39,15467.93
CZ04/RtS&0&cDXHP&Ex&dxHP_equip/NE-dxHP-PkgHP-33to65-Ex-SEER15.2/instance-out.sql,119214.58,15467.93
CZ04/RtS&0&cDXHP&Ex&dxHP_equip/NE-dxHP-PkgHP-33to65-Ex-SEER16.2/instance-out.sql,118864.09,15467.93
CZ04/RtS&0&cDXHP&Ex&dxHP_equip/NE-dxHP-PkgHP-33to65-Ex-SEER17.1/instance-out.sql,118583.89,15467.93
CZ04/RtS&0&cDXHP&Ex&dxHP_equip/NE-dxHP-PkgHP-33to65-Ex-SEER18.1/instance-out.sql,118317.51,15467.93
CZ04/RtS&0&cDXHP&Ex&dxHP_equip/NE-dxHP-SplitHP-18to33-Ex-SEER14.3/instance-out.sql,119543.85,15467.93
CZ04/RtS&0&cDXHP&Ex&dxHP_equip/NE-dxHP-SplitHP-18to33-Ex-SEER15.2/instance-out.sql,119140.74,15467.93
CZ04/RtS&0&cDXHP&Ex&dxHP_equip/NE-dxHP-SplitHP-18to33-Ex-SEER16.2/instance-out.sql,118790.25,15467.93
CZ04/RtS&0&cDXHP&Ex&dxHP_equip/NE-dxHP-SplitHP-18to33-Ex-SEER17.1/instance-out.sql,118510.05,15467.93
CZ04/RtS&0&cDXHP&Ex&dxHP_equip/NE-dxHP-SplitHP-18to33-Ex-SEER18.1/instance-out.sql,118243.67,15467.93
CZ04/RtS&0&cDXHP&Ex&dxHP_equip/NE-dxHP-SplitHP-33to55-Ex-SEER14.3/instance-out.sql,119543.85,15467.93
CZ04/RtS&0&cDXHP&Ex&dxHP_equip/NE-dxHP-SplitHP-33to55-Ex-SEER15.2/instance-out.sql,119140.74,15467.93
CZ04/RtS&0&cDXHP&Ex&dxHP_equip/NE-dxHP-SplitHP-33to55-Ex-SEER16.2/instance-out.sql,118790.25,15467.93
CZ04/RtS&0&cDXHP&Ex&dxHP_equip/NE-dxHP-SplitHP-33to55-Ex-SEER17.1/instance-out.sql,118510.05,15467.93
CZ04/RtS&0&cDXHP&Ex&dxHP_equip/NE-dxHP-SplitHP-33to55-Ex-SEER18.1/instance-out.sql,118243.67,15467.93
CZ04/SCn&0&cDXHP&Ex&dxHP_equip/NE-dxHP-PkgHP-18to33-Ex-SEER13.4/instance-out.sql,2992804.83,83250.36
CZ04/SCn&0&cDXHP&Ex&dxHP_equip/NE-dxHP-PkgHP-18to33-Ex-SEER15.2/instance-out.sql,2975236.25,83250.36
CZ04/SCn&0&cDXHP&Ex&dxHP_equip/NE-dxHP-PkgHP-18to33-Ex-SEER16.2/instance-out.sql,2968140.81,83250.36
CZ04/SCn&0&cDXHP&Ex&dxHP_equip/NE-dxHP-PkgHP-18to33-Ex-SEER17.1/instance-out.sql,2962468.22,83250.36
CZ04/SCn&0&cDXHP&Ex&dxHP_equip/NE-dxHP-PkgHP-18to33-Ex-SEER18.1/instance-out.sql,2957075.45,83250.36
CZ04/SCn&0&cDXHP&Ex&dxHP_equip/NE-dxHP-PkgHP-33to65-Ex-SEER13.4/instance-out.sql,2992804.83,83250.36
CZ04/SCn&0&cDXHP&Ex&dxHP_equip/NE-dxHP-PkgHP-33to65-Ex-SEER15.2/instance-out.sql,2975236.25,83250.36
CZ04/SCn&0&cDXHP&Ex&dxHP_equip/NE-dxHP-PkgHP-33to65-Ex-SEER16.2/instance-out.sql,2968140.81,83250.36
CZ04/SCn&0&cDXHP&Ex&dxHP_equip/NE-dxHP-PkgHP-33to65-Ex-SEER17.1/instance-out.sql,2962468.22,83250.36
CZ04/SCn&0&cDXHP&Ex&dxHP_equip/NE-dxHP-PkgHP-33to65-Ex-SEER18.1/instance-out.sql,2957075.45,83250.36
CZ04/SCn&0&cDXHP&Ex&dxHP_equip/NE-dxHP-SplitHP-18to33-Ex-SEER14.3/instance-out.sql,2977467.69,83250.36
CZ04/SCn&0&cDXHP&Ex&dxHP_equip/NE-dxHP-SplitHP-18to33-Ex-SEER15.2/instance-out.sql,2969306.77,83250.36
CZ04/SCn&0&cDXHP&Ex&dxHP_equip/NE-dxHP-SplitHP-18to33-Ex-SEER16.2/instance-out.sql,2962211.33,83250.36
CZ04/SCn&0&cDXHP&Ex&dxHP_equip/NE-dxHP-SplitHP-18to33-Ex-SEER17.1/instance-out.sql,2956538.74,83250.36
CZ04/SCn&0&cDXHP&Ex&dxHP_equip/NE-dxHP-SplitHP-18to33-Ex-SEER18.1/instance-out.sql,2951145.96,83250.36
CZ04/SCn&0&cDXHP&Ex&dxHP_equip/NE-dxHP-SplitHP-33to55-Ex-SEER14.3/instance-out.sql,2977467.69,83250.36
CZ04/SCn&0&cDXHP&Ex&dxHP_equip/NE-dxHP-SplitHP-33to55-Ex-SEER15.2/instance-out.sql,2969306.77,83250.36
CZ04/SCn&0&cDXHP&Ex&dxHP_equip/NE-dxHP-SplitHP-33to55-Ex-SEER16.2/instance-out.sql,2962211.33,83250.36
CZ04/SCn&0&cDXHP&Ex&dxHP_equip/NE-dxHP-SplitHP-33to55-Ex-SEER17.1/instance-out.sql,2956538.74,83250.36
CZ04/SCn&0&cDXHP&Ex&dxHP_equip/NE-dxHP-SplitHP-33to55-Ex-SEER18.1/instance-out.sql,2951145.96,83250.36

File Name,Unmet Heating (Hours),Unmet Cooling (Hours)
CZ03/Asm&0&cDXHP&Ex&dxHP_equip/NE-dxHP-PkgHP-18to33-Ex-SEER13.4/instance-out.sql,0.00,0.00
CZ03/Asm&0&cDXHP&Ex&dxHP_equip/NE-dxHP-PkgHP-18to33-Ex-SEER15.2/instance-out.sql,0.00,0.00
CZ03/Asm&0&cDXHP&Ex&dxHP_equip/NE-dxHP-PkgHP-18to33-Ex-SEER16.2/instance-out.sql,0.00,0.00
CZ03/Asm&0&cDXHP&Ex&dxHP_equip/NE-dxHP-PkgHP-18to33-Ex-SEER17.1/instance-out.sql,0.00,0.00
CZ03/Asm&0&cDXHP&Ex&dxHP_equip/NE-dxHP-PkgHP-18to33-Ex-SEER18.1/instance-out.sql,0.00,0.00
CZ03/Asm&0&cDXHP&Ex&dxHP_equip/NE-dxHP-PkgHP-33to65-Ex-SEER13.4/instance-out.sql,0.00,0.00
CZ03/Asm&0&cDXHP&Ex&dxHP_equip/NE-dxHP-PkgHP-33to65-Ex-SEER15.2/instance-out.sql,0.00,0.00
CZ03/Asm&0&cDXHP&Ex&dxHP_equip/NE-dxHP-PkgHP-33to65-Ex-SEER16.2/instance-out.sql,0.00,0.00
CZ03/Asm&0&cDXHP&Ex&dxHP_equip/NE-dxHP-PkgHP-33to65-Ex-SEER17.1/instance-out.sql,0.00,0.00
CZ03/Asm&0&cDXHP&Ex&dxHP_equip/NE-dxHP-PkgHP-33to65-Ex-SEER18.1/instance-out.sql,0.00,0.00
CZ03/Asm&0&cDXHP&Ex&dxHP_equip/NE-dxHP-SplitHP-18to33-Ex-SEER14.3/instance-out.sql,0.00,0.00
CZ03/Asm&0&cDXHP&Ex&dxHP_equip/NE-dxHP-SplitHP-18to33-Ex-SEER15.2/instance-out.sql,0.00,0.00
CZ03/Asm&0&cDXHP&Ex&dxHP_equip/NE-dxHP-SplitHP-18to33-Ex-SEER16.2/instance-out.sql,0.00,0.00
CZ03/Asm&0&cDXHP&Ex&dxHP_equip/NE-dxHP-SplitHP-18to33-Ex-SEER17.1/instance-out.sql,0.00,0.00
CZ03/Asm&0&cDXHP&Ex&dxHP_equip/NE-dxHP-SplitHP-18to33-Ex-SEER18.1/instance-out.sql,0.00,0.00
CZ03/Asm&0&cDXHP&Ex&dxHP_equip/NE-dxHP-SplitHP-33to55-Ex-SEER14.3/instance-out.sql,0.00,0.00
CZ03/Asm&0&cDXHP&Ex&dxHP_equip/NE-dxHP-SplitHP-33to55-Ex-SEER15.2/instance-out.sql,0.00,0.00
CZ03/Asm&0&cDXHP&Ex&dxHP_equip/NE-dxHP-SplitHP-33to55-Ex-SEER16.2/instance-out.sql,0.00,0.00
CZ03/Asm&0&cDXHP&Ex&dxHP_equip/NE-dxHP-SplitHP-33to55-Ex-SEER17.1/instance-out.sql,0.00,0.00
CZ03/Asm&0&cDXHP&Ex&dxHP_equip/NE-dxHP-SplitHP-33to55-Ex-SEER18.1/instance-out.sql,0.00,0.00
CZ03/ECC&0&cDXHP&Ex&dxHP_equip/NE-dxHP-PkgHP-18to33-Ex-SEER13.4/instance-out.sql,0.00,3204.00
CZ03/ECC&0&cDXHP&Ex&dxHP_equip/NE-dxHP-PkgHP-18to33-Ex-SEER15.2/instance-out.sql,0.00,3204.00
CZ03/ECC&0&cDXHP&Ex&dxHP_equip/NE-dxHP-PkgHP-18to33-Ex-SEER16.2/instance-out.sql,0.00,3204.00
CZ03/ECC&0&cDXHP&Ex&dxHP_equip/NE-dxHP-PkgHP-18to33-Ex-SEER17.1/instance-out.sql,0.00,3204.00
CZ03/ECC&0&cDXHP&Ex&dxHP_equip/NE-dxHP-PkgHP-18to33-Ex-SEER18.1/instance-out.sql,0.00,3204.00
CZ03/ECC&0&cDXHP&Ex&dxHP_equip/NE-dxHP-PkgHP-33to65-Ex-SEER13.4/instance-out.sql,0.00,3204.00
CZ03/ECC&0&cDXHP&Ex&dxHP_equip/NE-dxHP-PkgHP-33to65-Ex-SEER15.2/instance-out.sql,0.00,3204.00
CZ03/ECC&0&cDXHP&Ex&dxHP_equip/NE-dxHP-PkgHP-33to65-Ex-SEER16.2/instance-out.sql,0.00,3204.00
CZ03/ECC&0&cDXHP&Ex&dxHP_equip/NE-dxHP-PkgHP-33to65-Ex-SEER17.1/instance-out.sql,0.00,3204.00
CZ03/ECC&0&cDXHP&Ex&dxHP_equip/NE-dxHP-PkgHP-33to65-Ex-SEER18.1/instance-out.sql,0.00,3204.00
CZ03/ECC&0&cDXHP&Ex&dxHP_equip/NE-dxHP-SplitHP-18to33-Ex-SEER14.3/instance-out.sql,0.00,3204.00
CZ03/ECC&0&cDXHP&Ex&dxHP_equip/NE-dxHP-SplitHP-18to33-Ex-SEER15.2/instance-out.sql,0.00,3204.00
CZ03/ECC&0&cDXHP&Ex&dxHP_equip/NE-dxHP-SplitHP-18to33-Ex-SEER16.2/instance-out.sql,0.00,3204.00
CZ03/ECC&0&cDXHP&Ex&dxHP_equip/NE-dxHP-SplitHP-18to33-Ex-SEER17.1/instance-out.sql,0.00,3204.00
CZ03/ECC&0&cDXHP&Ex&dxHP_equip/NE-dxHP-SplitHP-18to33-Ex-SEER18.1/instance-out.sql,0.00,3204.00
CZ03/ECC&0&cDXHP&Ex&dxHP_equip/NE-dxHP-SplitHP-33to55-Ex-SEER14.3/instance-out.sql,0.00,3204.00
CZ03/ECC&0&cDXHP&Ex&dxHP_equip/NE-dxHP-SplitHP-33to55-Ex-SEER15.2/instance-out.sql,0.00,3204.00
CZ03/ECC&0&cDXHP&Ex&dxHP_equip/NE-dxHP-SplitHP-33to55-Ex-SEER16.2/instance-out.sql,0.00,3204.00
CZ03/ECC&0&cDXHP&Ex&dxHP_equip/NE-dxHP-SplitHP-33to55-Ex-SEER17.1/instance-out.sql,0.00,3204.00
CZ03/ECC&0&cDXHP&Ex&dxHP_equip/NE-dxHP-SplitHP-33to55-Ex-SEER18.1/instance-out.sql,0.00,3204.00
CZ03/EPr&0&cDXHP&Ex&dxHP_equip/NE-dxHP-PkgHP-18to33-Ex-SEER13.4/instance-out.sql,0.00,0.00
CZ03/EPr&0&cDXHP&Ex&dxHP_equip/NE-dxHP-PkgHP-18to33-Ex-SEER15.2/instance-out.sql,0.00,0.00
CZ03/EPr&0&cDXHP&Ex&dxHP_equip/NE-dxHP-PkgHP-18to33-Ex-SEER16.2/instance-out.sql,0.00,0.00
CZ03/EPr&0&cDXHP&Ex&dxHP_equip/NE-dxHP-PkgHP-18to33-Ex-SEER17.1/instance-out.sql,0.00,0.00
CZ03/EPr&0&cDXHP&Ex&dxHP_equip/NE-dxHP-PkgHP-18to33-Ex-SEER18.1/instance-out.sql,0.00,0.00
CZ03/EPr&0&cDXHP&Ex&dxHP_equip/NE-dxHP-PkgHP-33to65-Ex-SEER13.4/instance-out.sql,0.00,0.00
CZ03/EPr&0&cDXHP&Ex&dxHP_equip/NE-dxHP-PkgHP-33to65-Ex-SEER15.2/instance-out.sql,0.00,0.00
CZ03/EPr&0&cDXHP&Ex&dxHP_equip/NE-dxHP-PkgHP-33to65-Ex-SEER16.2/instance-out.sql,0.00,0.00
CZ03/EPr&0&cDXHP&Ex&dxHP_equip/NE-dxHP-PkgHP-33to65-Ex-SEER17.1/instance-out.sql,0.00,0.00
CZ03/EPr&0&cDXHP&Ex&dxHP_equip/NE-dxHP-PkgHP-33to65-Ex-SEER18.1/instance-out.sql,0.00,0.00
CZ03/EPr&0&cDXHP&Ex&dxHP_equip/NE-dxHP-SplitHP-18to33-Ex-SEER14.3/instance-out.sql,0.00,0.00
CZ03/EPr&0&cDXHP&Ex&dxHP_equip/NE-dxHP-SplitHP-18to33-Ex-SEER15.2/instance-out.sql,0.00,0.00
CZ03/EPr&0&cDXHP&Ex&dxHP_equip/NE-dxHP-SplitHP-18to33-Ex-SEER16.2/instance-out.sql,0.00,0.00
CZ03/EPr&0&cDXHP&Ex&dxHP_equip/NE-dxHP-SplitHP-18to33-Ex-SEER17.1/instance-out.sql,0.00,0.00
CZ03/EPr&0&cDXHP&Ex&dxHP_equip/NE-dxHP-SplitHP-18to33-Ex-SEER18.1/instance-out.sql,0.00,0.00
CZ03/EPr&0&cDXHP&Ex&dxHP_equip/NE-dxHP-SplitHP-33to55-Ex-SEER14.3/instance-out.sql,0.00,0.00
CZ03/EPr&0&cDXHP&Ex&dxHP_equip/NE-dxHP-SplitHP-33to55-Ex-SEER15.2/instance-out.sql,0.00,0.00
CZ03/EPr&0&cDXHP&Ex&dxHP_equip/NE-dxHP-SplitHP-33to55-Ex-SEER16.2/instance-out.sql,0.00,0.00
CZ03/EPr&0&cDXHP&Ex&dxHP_equip/NE-dxHP-SplitHP-33to55-Ex-SEER17.1/instance-out.sql,0.00,0.00
CZ03/EPr&0&cDXHP&Ex&dxHP_equip/NE-dxHP-SplitHP-33to55-Ex-SEER18.1/instance-out.sql,0.00,0.00
CZ03/ERC&0&cDXHP&Ex&dxHP_equip/NE-dxHP-PkgHP-18to33-Ex-SEER13.4/instance-out.sql,0.00,0.00
CZ03/ERC&0&cDXHP&Ex&dxHP_equip/NE-dxHP-PkgHP-18to33-Ex-SEER15.2/instance-out.sql,0.00,0.00
CZ03/ERC&0&cDXHP&Ex&dxHP_equip/NE-dxHP-PkgHP-18to33-Ex-SEER16.2/instance-out.sql,0.00,0.00
CZ03/ERC&0&cDXHP&Ex&dxHP_equip/NE-dxHP-PkgHP-18to33-Ex-SEER17.1/instance-out.sql,0.00,0.00
CZ03/ERC&0&cDXHP&Ex&dxHP_equip/NE-dxHP-PkgHP-18to33-Ex-SEER18.1/instance-out.sql,0.00,0.00
CZ03/ERC&0&cDXHP&Ex&dxHP_equip/NE-dxHP-PkgHP-33to65-Ex-SEER13.4/instance-out.sql,0.00,0.00
CZ03/ERC&0&cDXHP&Ex&dxHP_equip/NE-dxHP-PkgHP-33to65-Ex-SEER15.2/instance-out.sql,0.00,0.00
CZ03/ERC&0&cDXHP&Ex&dxHP_equip/NE-dxHP-PkgHP-33to65-Ex-SEER16.2/instance-out.sql,0.00,0.00
CZ03/ERC&0&cDXHP&Ex&dxHP_equip/NE-dxHP-PkgHP-33to65-Ex-SEER17.1/instance-out.sql,0.00,0.00
CZ03/ERC&0&cDXHP&Ex&dxHP_equip/NE-dxHP-PkgHP-33to65-Ex-SEER18.1/instance-out.sql,0.00,0.00
CZ03/ERC&0&cDXHP&Ex&dxHP_equip/NE-dxHP-SplitHP-18to33-Ex-SEER14.3/instance-out.sql,0.00,0.00
CZ03/ERC&0&cDXHP&Ex&dxHP_equip/NE-dxHP-SplitHP-18to33-Ex-SEER15.2/instance-out.sql,0.00,0.00
CZ03/ERC&0&cDXHP&Ex&dxHP_equip/NE-dxHP-SplitHP-18to33-Ex-SEER16.2/instance-out.sql,0.00,0.00
CZ03/ERC&0&cDXHP&Ex&dxHP_equip/NE-dxHP-SplitHP-18to33-Ex-SEER17.1/instance-out.sql,0.00,0.00
CZ03/ERC&0&cDXHP&Ex&dxHP_equip/NE-dxHP-SplitHP-18to33-Ex-SEER18.1/instance-out.sql,0.00,0.00
CZ03/ERC&0&cDXHP&Ex&dxHP_equip/NE-dxHP-SplitHP-33to55-Ex-SEER14.3/instance-out.sql,0.00,0.00
CZ03/ERC&0&cDXHP&Ex&dxHP_equip/NE-dxHP-SplitHP-33to55-Ex-SEER15.2/instance-out.sql,0.00,0.00
CZ03/ERC&0&cDXHP&Ex&dxHP_equip/NE-dxHP-SplitHP-33to55-Ex-SEER16.2/instance-out.sql,0.00,0.00
CZ03/ERC&0&cDXHP&Ex&dxHP_equip/NE-dxHP-SplitHP-33to55-Ex-SEER17.1/instance-out.sql,0.00,0.00
CZ03/ERC&0&cDXHP&Ex&dxHP_equip/NE-dxHP-SplitHP-33to55-Ex-SEER18.1/instance-out.sql,0.00,0.00
CZ03/ESe&0&cDXHP&Ex&dxHP_equip/NE-dxHP-PkgHP-18to33-Ex-SEER13.4/instance-out.sql,0.00,0.00
CZ03/ESe&0&cDXHP&Ex&dxHP_equip/NE-dxHP-PkgHP-18to33-Ex-SEER15.2/instance-out.sql,0.00,0.00
CZ03/ESe&0&cDXHP&Ex&dxHP_equip/NE-dxHP-PkgHP-18to33-Ex-SEER16.2/instance-out.sql,0.00,0.00
CZ03/ESe&0&cDXHP&Ex&dxHP_equip/NE-dxHP-PkgHP-18to33-Ex-SEER17.1/instance-out.sql,0.00,0.00
CZ03/ESe&0&cDXHP&Ex&dxHP_equip/NE-dxHP-PkgHP-18to33-Ex-SEER18.1/instance-out.sql,0.00,0.00
CZ03/ESe&0&cDXHP&Ex&dxHP_equip/NE-dxHP-PkgHP-33to65-Ex-SEER13.4/instance-out.sql,0.00,0.00
CZ03/ESe&0&cDXHP&Ex&dxHP_equip/NE-dxHP-PkgHP-33to65-Ex-SEER15.2/instance-out.sql,0.00,0.00
CZ03/ESe&0&cDXHP&Ex&dxHP_equip/NE-dxHP-PkgHP-33to65-Ex-SEER16.2/instance-out.sql,0.00,0.00
CZ03/ESe&0&cDXHP&Ex&dxHP_equip/NE-dxHP-PkgHP-33to65-Ex-SEER17.1/instance-out.sql,0.00,0.00
CZ03/ESe&0&cDXHP&Ex&dxHP_equip/NE-dxHP-PkgHP-33to65-Ex-SEER18.1/instance-out.sql,0.00,0.00
CZ03/ESe&0&cDXHP&Ex&dxHP_equip/NE-dxHP-SplitHP-18to33-Ex-SEER14.3/instance-out.sql,0.00,0.00
CZ03/ESe&0&cDXHP&Ex&dxHP_equip/NE-dxHP-SplitHP-18to33-Ex-SEER15.2/instance-out.sql,0.00,0.00
CZ03/ESe&0&cDXHP&Ex&dxHP_equip/NE-dxHP-SplitHP-18to33-Ex-SEER16.2/instance-out.sql,0.00,0.00
CZ03/ESe&0&cDXHP&Ex&dxHP_equip/NE-dxHP-SplitHP-18to33-Ex-SEER17.1/instance-out.sql,0.00,0.00
CZ03/ESe&0&cDXHP&Ex&dxHP_equip/NE-dxHP-SplitHP-18to33-Ex-SEER18.1/instance-out.sql,0.00,0.00
CZ03/ESe&0&cDXHP&Ex&dxHP_equip/NE-dxHP-SplitHP-33to55-Ex-SEER14.3/instance-out.sql,0.00,0.00
CZ03/ESe&0&cDXHP&Ex&dxHP_equip/NE-dxHP-SplitHP-33to55-Ex-SEER15.2/instance-out.sql,0.00,0.00
CZ03/ESe&0&cDXHP&Ex&dxHP_equip/NE-dxHP-SplitHP-33to55-Ex-SEER16.2/instance-out.sql,0.00,0.00
CZ03/ESe&0&cDXHP&Ex&dxHP_equip/NE-dxHP-SplitHP-33to55-Ex-SEER17.1/instance-out.sql,0.00,0.00
CZ03/ESe&0&cDXHP&Ex&dxHP_equip/NE-dxHP-SplitHP-33to55-Ex-SEER18.1/instance-out.sql,0.00,0.00
CZ03/EUn&0&cDXHP&Ex&dxHP_equip/NE-dxHP-PkgHP-18to33-Ex-SEER13.4/instance-out.sql,0.00,333.00
CZ03/EUn&0&cDXHP&Ex&dxHP_equip/NE-dxHP-PkgHP-18to33-Ex-SEER15.2/instance-out.sql,0.00,333.00
CZ03/EUn&0&cDXHP&Ex&dxHP_equip/NE-dxHP-PkgHP-18to33-Ex-SEER16.2/instance-out.sql,0.00,333.00
CZ03/EUn&0&cDXHP&Ex&dxHP_equip/NE-dxHP-PkgHP-18to33-Ex-SEER17.1/instance-out.sql,0.00,333.00
CZ03/EUn&0&cDXHP&Ex&dxHP_equip/NE-dxHP-PkgHP-18to33-Ex-SEER18.1/instance-out.sql,0.00,333.00
CZ03/EUn&0&cDXHP&Ex&dxHP_equip/NE-dxHP-PkgHP-33to65-Ex-SEER13.4/instance-out.sql,0.00,333.00
CZ03/EUn&0&cDXHP&Ex&dxHP_equip/NE-dxHP-PkgHP-33to65-Ex-SEER15.2/instance-out.sql,0.00,333.00
CZ03/EUn&0&cDXHP&Ex&dxHP_equip/NE-dxHP-PkgHP-33to65-Ex-SEER16.2/instance-out.sql,0.00,333.00
CZ03/EUn&0&cDXHP&Ex&dxHP_equip/NE-dxHP-PkgHP-33to65-Ex-SEER17.1/instance-out.sql,0.00,333.00
CZ03/EUn&0&cDXHP&Ex&dxHP_equip/NE-dxHP-PkgHP-33to65-Ex-SEER18.1/instance-out.sql,0.00,333.00
CZ03/EUn&0&cDXHP&Ex&dxHP_equip/NE-dxHP-SplitHP-18to33-Ex-SEER14.3/instance-out.sql,0.00,333.00
CZ03/EUn&0&cDXHP&Ex&dxHP_equip/NE-dxHP-SplitHP-18to33-Ex-SEER15.2/instance-out.sql,0.00,333.00
CZ03/EUn&0&cDXHP&Ex&dxHP_equip/NE-dxHP-SplitHP-18to33-Ex-SEER16.2/instance-out.sql,0.00,333.00
CZ03/EUn&0&cDXHP&Ex&dxHP_equip/NE-dxHP-SplitHP-18to33-Ex-SEER17.1/instance-out.sql,0.00,333.00
CZ03/EUn&0&cDXHP&Ex&dxHP_equip/NE-dxHP-SplitHP-18to33-Ex-SEER18.1/instance-out.sql,0.00,333.00
CZ03/EUn&0&cDXHP&Ex&dxHP_equip/NE-dxHP-SplitHP-33to55-Ex-SEER14.3/instance-out.sql,0.00,333.00
CZ03/EUn&0&cDXHP&Ex&dxHP_equip/NE-dxHP-SplitHP-33to55-Ex-SEER15.2/instance-out.sql,0.00,333.00
CZ03/EUn&0&cDXHP&Ex&dxHP_equip/NE-dxHP-SplitHP-33to55-Ex-SEER16.2/instance-out.sql,0.00,333.00
CZ03/EUn&0&cDXHP&Ex&dxHP_equip/NE-dxHP-SplitHP-33to55-Ex-SEER17.1/instance-out.sql,0.00,333.00
CZ03/EUn&0&cDXHP&Ex&dxHP_equip/NE-dxHP-SplitHP-33to55-Ex-SEER18.1/instance-out.sql,0.00,333.00
CZ03/Gro&0&cDXHP&Ex&dxHP_equip/NE-dxHP-PkgHP-18to33-Ex-SEER13.4/instance-out.sql,1.00,0.00
CZ03/Gro&0&cDXHP&Ex&dxHP_equip/NE-dxHP-PkgHP-18to33-Ex-SEER15.2/instance-out.sql,1.00,0.00
CZ03/Gro&0&cDXHP&Ex&dxHP_equip/NE-dxHP-PkgHP-18to33-Ex-SEER16.2/instance-out.sql,1.00,0.00
CZ03/Gro&0&cDXHP&Ex&dxHP_equip/NE-dxHP-PkgHP-18to33-Ex-SEER17.1/instance-out.sql,1.00,0.00
CZ03/Gro&0&cDXHP&Ex&dxHP_equip/NE-dxHP-PkgHP-18to33-Ex-SEER18.1/instance-out.sql,1.00,0.00
CZ03/Gro&0&cDXHP&Ex&dxHP_equip/NE-dxHP-PkgHP-33to65-Ex-SEER13.4/instance-out.sql,1.00,0.00
CZ03/Gro&0&cDXHP&Ex&dxHP_equip/NE-dxHP-PkgHP-33to65-Ex-SEER15.2/instance-out.sql,1.00,0.00
CZ03/Gro&0&cDXHP&Ex&dxHP_equip/NE-dxHP-PkgHP-33to65-Ex-SEER16.2/instance-out.sql,1.00,0.00
CZ03/Gro&0&cDXHP&Ex&dxHP_equip/NE-dxHP-PkgHP-33to65-Ex-SEER17.1/instance-out.sql,1.00,0.00
CZ03/Gro&0&cDXHP&Ex&dxHP_equip/NE-dxHP-PkgHP-33to65-Ex-SEER18.1/instance-out.sql,1.00,0.00
CZ03/Gro&0&cDXHP&Ex&dxHP_equip/NE-dxHP-SplitHP-18to33-Ex-SEER14.3/instance-out.sql,1.00,0.00
CZ03/Gro&0&cDXHP&Ex&dxHP_equip/NE-dxHP-SplitHP-18to33-Ex-SEER15.2/instance-out.sql,1.00,0.00
CZ03/Gro&0&cDXHP&Ex&dxHP_equip/NE-dxHP-SplitHP-18to33-Ex-SEER16.2/instance-out.sql,1.00,0.00
CZ03/Gro&0&cDXHP&Ex&dxHP_equip/NE-dxHP-SplitHP-18to33-Ex-SEER17.1/instance-out.sql,1.00,0.00
CZ03/Gro&0&cDXHP&Ex&dxHP_equip/NE-dxHP-SplitHP-18to33-Ex-SEER18.1/instance-out.sql,1.00,0.00
CZ03/Gro&0&cDXHP&Ex&dxHP_equip/NE-dxHP-SplitHP-33to55-Ex-SEER14.3/instance-out.sql,1.00,0.00
CZ03/Gro&0&cDXHP&Ex&dxHP_equip/NE-dxHP-SplitHP-33to55-Ex-SEER15.2/instance-out.sql,1.00,0.00
CZ03/Gro&0&cDXHP&Ex&dxHP_equip/NE-dxHP-SplitHP-33to55-Ex-SEER16.2/instance-out.sql,1.00,0.00
CZ03/Gro&0&cDXHP&Ex&dxHP_equip/NE-dxHP-SplitHP-33to55-Ex-SEER17.1/instance-out.sql,1.00,0.00
CZ03/Gro&0&cDXHP&Ex&dxHP_equip/NE-dxHP-SplitHP-33to55-Ex-SEER18.1/instance-out.sql,1.00,0.00
CZ03/Hsp&0&cDXHP&Ex&dxHP_equip/NE-dxHP-PkgHP-18to33-Ex-SEER13.4/instance-out.sql,0.00,77.00
CZ03/Hsp&0&cDXHP&Ex&dxHP_equip/NE-dxHP-PkgHP-18to33-Ex-SEER15.2/instance-out.sql,0.00,77.00
CZ03/Hsp&0&cDXHP&Ex&dxHP_equip/NE-dxHP-PkgHP-18to33-Ex-SEER16.2/instance-out.sql,0.00,77.00
CZ03/Hsp&0&cDXHP&Ex&dxHP_equip/NE-dxHP-PkgHP-18to33-Ex-SEER17.1/instance-out.sql,0.00,77.00
CZ03/Hsp&0&cDXHP&Ex&dxHP_equip/NE-dxHP-PkgHP-18to33-Ex-SEER18.1/instance-out.sql,0.00,77.00
CZ03/Hsp&0&cDXHP&Ex&dxHP_equip/NE-dxHP-PkgHP-33to65-Ex-SEER13.4/instance-out.sql,0.00,77.00
CZ03/Hsp&0&cDXHP&Ex&dxHP_equip/NE-dxHP-PkgHP-33to65-Ex-SEER15.2/instance-out.sql,0.00,77.00
CZ03/Hsp&0&cDXHP&Ex&dxHP_equip/NE-dxHP-PkgHP-33to65-Ex-SEER16.2/instance-out.sql,0.00,77.00
CZ03/Hsp&0&cDXHP&Ex&dxHP_equip/NE-dxHP-PkgHP-33to65-Ex-SEER17.1/instance-out.sql,0.00,77.00
CZ03/Hsp&0&cDXHP&Ex&dxHP_equip/NE-dxHP-PkgHP-33to65-Ex-SEER18.1/instance-out.sql,0.00,77.00
CZ03/Hsp&0&cDXHP&Ex&dxHP_equip/NE-dxHP-SplitHP-18to33-Ex-SEER14.3/instance-out.sql,0.00,77.00
CZ03/Hsp&0&cDXHP&Ex&dxHP_equip/NE-dxHP-SplitHP-18to33-Ex-SEER15.2/instance-out.sql,0.00,77.00
CZ03/Hsp&0&cDXHP&Ex&dxHP_equip/NE-dxHP-SplitHP-18to33-Ex-SEER16.2/instance-out.sql,0.00,77.00
CZ03/Hsp&0&cDXHP&Ex&dxHP_equip/NE-dxHP-SplitHP-18to33-Ex-SEER17.1/instance-out.sql,0.00,77.00
CZ03/Hsp&0&cDXHP&Ex&dxHP_equip/NE-dxHP-SplitHP-18to33-Ex-SEER18.1/instance-out.sql,0.00,77.00
CZ03/Hsp&0&cDXHP&Ex&dxHP_equip/NE-dxHP-SplitHP-33to55-Ex-SEER14.3/instance-out.sql,0.00,77.00
CZ03/Hsp&0&cDXHP&Ex&dxHP_equip/NE-dxHP-SplitHP-33to55-Ex-SEER15.2/instance-out.sql,0.00,77.00
CZ03/Hsp&0&cDXHP&Ex&dxHP_equip/NE-dxHP-SplitHP-33to55-Ex-SEER16.2/instance-out.sql,0.00,77.00
CZ03/Hsp&0&cDXHP&Ex&dxHP_equip/NE-dxHP-SplitHP-33to55-Ex-SEER17.1/instance-out.sql,0.00,77.00
CZ03/Hsp&0&cDXHP&Ex&dxHP_equip/NE-dxHP-SplitHP-33to55-Ex-SEER18.1/instance-out.sql,0.00,77.00
CZ03/MBT&0&cDXHP&Ex&dxHP_equip/NE-dxHP-PkgHP-18to33-Ex-SEER13.4/instance-out.sql,1.00,141.00
CZ03/MBT&0&cDXHP&Ex&dxHP_equip/NE-dxHP-PkgHP-18to33-Ex-SEER15.2/instance-out.sql,1.00,141.00
CZ03/MBT&0&cDXHP&Ex&dxHP_equip/NE-dxHP-PkgHP-18to33-Ex-SEER16.2/instance-out.sql,1.00,141.00
CZ03/MBT&0&cDXHP&Ex&dxHP_equip/NE-dxHP-PkgHP-18to33-Ex-SEER17.1/instance-out.sql,1.00,141.00
CZ03/MBT&0&cDXHP&Ex&dxHP_equip/NE-dxHP-PkgHP-18to33-Ex-SEER18.1/instance-out.sql,1.00,141.00
CZ03/MBT&0&cDXHP&Ex&dxHP_equip/NE-dxHP-PkgHP-33to65-Ex-SEER13.4/instance-out.sql,1.00,141.00
CZ03/MBT&0&cDXHP&Ex&dxHP_equip/NE-dxHP-PkgHP-33to65-Ex-SEER15.2/instance-out.sql,1.00,141.00
CZ03/MBT&0&cDXHP&Ex&dxHP_equip/NE-dxHP-PkgHP-33to65-Ex-SEER16.2/instance-out.sql,1.00,141.00
CZ03/MBT&0&cDXHP&Ex&dxHP_equip/NE-dxHP-PkgHP-33to65-Ex-SEER17.1/instance-out.sql,1.00,141.00
CZ03/MBT&0&cDXHP&Ex&dxHP_equip/NE-dxHP-PkgHP-33to65-Ex-SEER18.1/instance-out.sql,1.00,141.00
CZ03/MBT&0&cDXHP&Ex&dxHP_equip/NE-dxHP-SplitHP-18to33-Ex-SEER14.3/instance-out.sql,1.00,141.00
CZ03/MBT&0&cDXHP&Ex&dxHP_equip/NE-dxHP-SplitHP-18to33-Ex-SEER15.2/instance-out.sql,1.00,141.00
CZ03/MBT&0&cDXHP&Ex&dxHP_equip/NE-dxHP-SplitHP-18to33-Ex-SEER16.2/instance-out.sql,1.00,141.00
CZ03/MBT&0&cDXHP&Ex&dxHP_equip/NE-dxHP-SplitHP-18to33-Ex-SEER17.1/instance-out.sql,1.00,141.00
CZ03/MBT&0&cDXHP&Ex&dxHP_equip/NE-dxHP-SplitHP-18to33-Ex-SEER18.1/instance-out.sql,1.00,141.00
CZ03/MBT&0&cDXHP&Ex&dxHP_equip/NE-dxHP-SplitHP-33to55-Ex-SEER14.3/instance-out.sql,1.00,141.00
CZ03/MBT&0&cDXHP&Ex&dxHP_equip/NE-dxHP-SplitHP-33to55-Ex-SEER15.2/instance-out.sql,1.00,141.00
CZ03/MBT&0&cDXHP&Ex&dxHP_equip/NE-dxHP-SplitHP-33to55-Ex-SEER16.2/instance-out.sql,1.00,141.00
CZ03/MBT&0&cDXHP&Ex&dxHP_equip/NE-dxHP-SplitHP-33to55-Ex-SEER17.1/instance-out.sql,1.00,141.00
CZ03/MBT&0&cDXHP&Ex&dxHP_equip/NE-dxHP-SplitHP-33to55-Ex-SEER18.1/instance-out.sql,1.00,141.00
CZ03/MLI&0&cDXHP&Ex&dxHP_equip/NE-dxHP-PkgHP-18to33-Ex-SEER13.4/instance-out.sql,0.00,0.00
CZ03/MLI&0&cDXHP&Ex&dxHP_equip/NE-dxHP-PkgHP-18to33-Ex-SEER15.2/instance-out.sql,0.00,0.00
CZ03/MLI&0&cDXHP&Ex&dxHP_equip/NE-dxHP-PkgHP-18to33-Ex-SEER16.2/instance-out.sql,0.00,0.00
CZ03/MLI&0&cDXHP&Ex&dxHP_equip/NE-dxHP-PkgHP-18to33-Ex-SEER17.1/instance-out.sql,0.00,0.00
CZ03/MLI&0&cDXHP&Ex&dxHP_equip/NE-dxHP-PkgHP-18to33-Ex-SEER18.1/instance-out.sql,0.00,0.00
CZ03/MLI&0&cDXHP&Ex&dxHP_equip/NE-dxHP-PkgHP-33to65-Ex-SEER13.4/instance-out.sql,0.00,0.00
CZ03/MLI&0&cDXHP&Ex&dxHP_equip/NE-dxHP-PkgHP-33to65-Ex-SEER15.2/instance-out.sql,0.00,0.00
CZ03/MLI&0&cDXHP&Ex&dxHP_equip/NE-dxHP-PkgHP-33to65-Ex-SEER16.2/instance-out.sql,0.00,0.00
CZ03/MLI&0&cDXHP&Ex&dxHP_equip/NE-dxHP-PkgHP-33to65-Ex-SEER17.1/instance-out.sql,0.00,0.00
CZ03/MLI&0&cDXHP&Ex&dxHP_equip/NE-dxHP-PkgHP-33to65-Ex-SEER18.1/instance-out.sql,0.00,0.00
CZ03/MLI&0&cDXHP&Ex&dxHP_equip/NE-dxHP-SplitHP-18to33-Ex-SEER14.3/instance-out.sql,0.00,0.00
CZ03/MLI&0&cDXHP&Ex&dxHP_equip/NE-dxHP-SplitHP-18to33-Ex-SEER15.2/instance-out.sql,0.00,0.00
CZ03/MLI&0&cDXHP&Ex&dxHP_equip/NE-dxHP-SplitHP-18to33-Ex-SEER16.2/instance-out.sql,0.00,0.00
CZ03/MLI&0&cDXHP&Ex&dxHP_equip/NE-dxHP-SplitHP-18to33-Ex-SEER17.1/instance-out.sql,0.00,0.00
CZ03/MLI&0&cDXHP&Ex&dxHP_equip/NE-dxHP-SplitHP-18to33-Ex-SEER18.1/instance-out.sql,0.00,0.00
CZ03/MLI&0&cDXHP&Ex&dxHP_equip/NE-dxHP-SplitHP-33to55-Ex-SEER14.3/instance-out.sql,0.00,0.00
CZ03/MLI&0&cDXHP&Ex&dxHP_equip/NE-dxHP-SplitHP-33to55-Ex-SEER15.2/instance-out.sql,0.00,0.00
CZ03/MLI&0&cDXHP&Ex&dxHP_equip/NE-dxHP-SplitHP-33to55-Ex-SEER16.2/instance-out.sql,0.00,0.00
CZ03/MLI&0&cDXHP&Ex&dxHP_equip/NE-dxHP-SplitHP-33to55-Ex-SEER17.1/instance-out.sql,0.00,0.00
CZ03/MLI&0&cDXHP&Ex&dxHP_equip/NE-dxHP-SplitHP-33to55-Ex-SEER18.1/instance-out.sql,0.00,0.00
CZ03/Mtl&0&cDXHP&Ex&dxHP_equip/NE-dxHP-PkgHP-18to33-Ex-SEER13.4/instance-out.sql,0.00,126.00
CZ03/Mtl&0&cDXHP&Ex&dxHP_equip/NE-dxHP-PkgHP-18to33-Ex-SEER15.2/instance-out.sql,0.00,126.00
CZ03/Mtl&0&cDXHP&Ex&dxHP_equip/NE-dxHP-PkgHP-18to33-Ex-SEER16.2/instance-out.sql,0.00,126.00
CZ03/Mtl&0&cDXHP&Ex&dxHP_equip/NE-dxHP-PkgHP-18to33-Ex-SEER17.1/instance-out.sql,0.00,126.00
CZ03/Mtl&0&cDXHP&Ex&dxHP_equip/NE-dxHP-PkgHP-18to33-Ex-SEER18.1/instance-out.sql,0.00,126.00
CZ03/Mtl&0&cDXHP&Ex&dxHP_equip/NE-dxHP-PkgHP-33to65-Ex-SEER13.4/instance-out.sql,0.00,126.00
CZ03/Mtl&0&cDXHP&Ex&dxHP_equip/NE-dxHP-PkgHP-33to65-Ex-SEER15.2/instance-out.sql,0.00,126.00
CZ03/Mtl&0&cDXHP&Ex&dxHP_equip/NE-dxHP-PkgHP-33to65-Ex-SEER16.2/instance-out.sql,0.00,126.00
CZ03/Mtl&0&cDXHP&Ex&dxHP_equip/NE-dxHP-PkgHP-33to65-Ex-SEER17.1/instance-out.sql,0.00,126.00
CZ03/Mtl&0&cDXHP&Ex&dxHP_equip/NE-dxHP-PkgHP-33to65-Ex-SEER18.1/instance-out.sql,0.00,126.00
CZ03/Mtl&0&cDXHP&Ex&dxHP_equip/NE-dxHP-SplitHP-18to33-Ex-SEER14.3/instance-out.sql,0.00,126.00
CZ03/Mtl&0&cDXHP&Ex&dxHP_equip/NE-dxHP-SplitHP-18to33-Ex-SEER15.2/instance-out.sql,0.00,126.00
CZ03/Mtl&0&cDXHP&Ex&dxHP_equip/NE-dxHP-SplitHP-18to33-Ex-SEER16.2/instance-out.sql,0.00,126.00
CZ03/Mtl&0&cDXHP&Ex&dxHP_equip/NE-dxHP-SplitHP-18to33-Ex-SEER17.1/instance-out.sql,0.00,126.00
CZ03/Mtl&0&cDXHP&Ex&dxHP_equip/NE-dxHP-SplitHP-18to33-Ex-SEER18.1/instance-out.sql,0.00,126.00
CZ03/Mtl&0&cDXHP&Ex&dxHP_equip/NE-dxHP-SplitHP-33to55-Ex-SEER14.3/instance-out.sql,0.00,126.00
CZ03/Mtl&0&cDXHP&Ex&dxHP_equip/NE-dxHP-SplitHP-33to55-Ex-SEER15.2/instance-out.sql,0.00,126.00
CZ03/Mtl&0&cDXHP&Ex&dxHP_equip/NE-dxHP-SplitHP-33to55-Ex-SEER16.2/instance-out.sql,0.00,126.00
CZ03/Mtl&0&cDXHP&Ex&dxHP_equip/NE-dxHP-SplitHP-33to55-Ex-SEER17.1/instance-out.sql,0.00,126.00
CZ03/Mtl&0&cDXHP&Ex&dxHP_equip/NE-dxHP-SplitHP-33to55-Ex-SEER18.1/instance-out.sql,0.00,126.00
CZ03/Nrs&0&cDXHP&Ex&dxHP_equip/NE-dxHP-PkgHP-18to33-Ex-SEER13.4/instance-out.sql,0.00,23.00
CZ03/Nrs&0&cDXHP&Ex&dxHP_equip/NE-dxHP-PkgHP-18to33-Ex-SEER15.2/instance-out.sql,0.00,23.00
CZ03/Nrs&0&cDXHP&Ex&dxHP_equip/NE-dxHP-PkgHP-18to33-Ex-SEER16.2/instance-out.sql,0.00,23.00
CZ03/Nrs&0&cDXHP&Ex&dxHP_equip/NE-dxHP-PkgHP-18to33-Ex-SEER17.1/instance-out.sql,0.00,23.00
CZ03/Nrs&0&cDXHP&Ex&dxHP_equip/NE-dxHP-PkgHP-18to33-Ex-SEER18.1/instance-out.sql,0.00,23.00
CZ03/Nrs&0&cDXHP&Ex&dxHP_equip/NE-dxHP-PkgHP-33to65-Ex-SEER13.4/instance-out.sql,0.00,23.00
CZ03/Nrs&0&cDXHP&Ex&dxHP_equip/NE-dxHP-PkgHP-33to65-Ex-SEER15.2/instance-out.sql,0.00,23.00
CZ03/Nrs&0&cDXHP&Ex&dxHP_equip/NE-dxHP-PkgHP-33to65-Ex-SEER16.2/instance-out.sql,0.00,23.00
CZ03/Nrs&0&cDXHP&Ex&dxHP_equip/NE-dxHP-PkgHP-33to65-Ex-SEER17.1/instance-out.sql,0.00,23.00
CZ03/Nrs&0&cDXHP&Ex&dxHP_equip/NE-dxHP-PkgHP-33to65-Ex-SEER18.1/instance-out.sql,0.00,23.00
CZ03/Nrs&0&cDXHP&Ex&dxHP_equip/NE-dxHP-SplitHP-18to33-Ex-SEER14.3/instance-out.sql,0.00,23.00
CZ03/Nrs&0&cDXHP&Ex&dxHP_equip/NE-dxHP-SplitHP-18to33-Ex-SEER15.2/instance-out.sql,0.00,23.00
CZ03/Nrs&0&cDXHP&Ex&dxHP_equip/NE-dxHP-SplitHP-18to33-Ex-SEER16.2/instance-out.sql,0.00,23.00
CZ03/Nrs&0&cDXHP&Ex&dxHP_equip/NE-dxHP-SplitHP-18to33-Ex-SEER17.1/instance-out.sql,0.00,23.00
CZ03/Nrs&0&cDXHP&Ex&dxHP_equip/NE-dxHP-SplitHP-18to33-Ex-SEER18.1/instance-out.sql,0.00,23.00
CZ03/Nrs&0&cDXHP&Ex&dxHP_equip/NE-dxHP-SplitHP-33to55-Ex-SEER14.3/instance-out.sql,0.00,23.00
CZ03/Nrs&0&cDXHP&Ex&dxHP_equip/NE-dxHP-SplitHP-33to55-Ex-SEER15.2/instance-out.sql,0.00,23.00
CZ03/Nrs&0&cDXHP&Ex&dxHP_equip/NE-dxHP-SplitHP-33to55-Ex-SEER16.2/instance-out.sql,0.00,23.00
CZ03/Nrs&0&cDXHP&Ex&dxHP_equip/NE-dxHP-SplitHP-33to55-Ex-SEER17.1/instance-out.sql,0.00,23.00
CZ03/Nrs&0&cDXHP&Ex&dxHP_equip/NE-dxHP-SplitHP-33to55-Ex-SEER18.1/instance-out.sql,0.00,23.00
CZ03/OfL&0&cDXHP&Ex&dxHP_equip/NE-dxHP-PkgHP-18to33-Ex-SEER13.4/instance-out.sql,6.00,284.00
CZ03/OfL&0&cDXHP&Ex&dxHP_equip/NE-dxHP-PkgHP-18to33-Ex-SEER15.2/instance-out.sql,6.00,284.00
CZ03/OfL&0&cDXHP&Ex&dxHP_equip/NE-dxHP-PkgHP-18to33-Ex-SEER16.2/instance-out.sql,6.00,284.00
CZ03/OfL&0&cDXHP&Ex&dxHP_equip/NE-dxHP-PkgHP-18to33-Ex-SEER17.1/instance-out.sql,6.00,284.00
CZ03/OfL&0&cDXHP&Ex&dxHP_equip/NE-dxHP-PkgHP-18to33-Ex-SEER18.1/instance-out.sql,6.00,284.00
CZ03/OfL&0&cDXHP&Ex&dxHP_equip/NE-dxHP-PkgHP-33to65-Ex-SEER13.4/instance-out.sql,6.00,284.00
CZ03/OfL&0&cDXHP&Ex&dxHP_equip/NE-dxHP-PkgHP-33to65-Ex-SEER15.2/instance-out.sql,6.00,284.00
CZ03/OfL&0&cDXHP&Ex&dxHP_equip/NE-dxHP-PkgHP-33to65-Ex-SEER16.2/instance-out.sql,6.00,284.00
CZ03/OfL&0&cDXHP&Ex&dxHP_equip/NE-dxHP-PkgHP-33to65-Ex-SEER17.1/instance-out.sql,6.00,284.00
CZ03/OfL&0&cDXHP&Ex&dxHP_equip/NE-dxHP-PkgHP-33to65-Ex-SEER18.1/instance-out.sql,6.00,284.00
CZ03/OfL&0&cDXHP&Ex&dxHP_equip/NE-dxHP-SplitHP-18to33-Ex-SEER14.3/instance-out.sql,6.00,284.00
CZ03/OfL&0&cDXHP&Ex&dxHP_equip/NE-dxHP-SplitHP-18to33-Ex-SEER15.2/instance-out.sql,6.00,284.00
CZ03/OfL&0&cDXHP&Ex&dxHP_equip/NE-dxHP-SplitHP-18to33-Ex-SEER16.2/instance-out.sql,6.00,284.00
CZ03/OfL&0&cDXHP&Ex&dxHP_equip/NE-dxHP-SplitHP-18to33-Ex-SEER17.1/instance-out.sql,6.00,284.00
CZ03/OfL&0&cDXHP&Ex&dxHP_equip/NE-dxHP-SplitHP-18to33-Ex-SEER18.1/instance-out.sql,6.00,284.00
CZ03/OfL&0&cDXHP&Ex&dxHP_equip/NE-dxHP-SplitHP-33to55-Ex-SEER14.3/instance-out.sql,6.00,284.00
CZ03/OfL&0&cDXHP&Ex&dxHP_equip/NE-dxHP-SplitHP-33to55-Ex-SEER15.2/instance-out.sql,6.00,284.00
CZ03/OfL&0&cDXHP&Ex&dxHP_equip/NE-dxHP-SplitHP-33to55-Ex-SEER16.2/instance-out.sql,6.00,284.00
CZ03/OfL&0&cDXHP&Ex&dxHP_equip/NE-dxHP-SplitHP-33to55-Ex-SEER17.1/instance-out.sql,6.00,284.00
CZ03/OfL&0&cDXHP&Ex&dxHP_equip/NE-dxHP-SplitHP-33to55-Ex-SEER18.1/instance-out.sql,6.00,284.00
CZ03/OfS&0&cDXHP&Ex&dxHP_equip/NE-dxHP-PkgHP-18to33-Ex-SEER13.4/instance-out.sql,1.00,256.00
CZ03/OfS&0&cDXHP&Ex&dxHP_equip/NE-dxHP-PkgHP-18to33-Ex-SEER15.2/instance-out.sql,1.00,256.00
CZ03/OfS&0&cDXHP&Ex&dxHP_equip/NE-dxHP-PkgHP-18to33-Ex-SEER16.2/instance-out.sql,1.00,256.00
CZ03/OfS&0&cDXHP&Ex&dxHP_equip/NE-dxHP-PkgHP-18to33-Ex-SEER17.1/instance-out.sql,1.00,256.00
CZ03/OfS&0&cDXHP&Ex&dxHP_equip/NE-dxHP-PkgHP-18to33-Ex-SEER18.1/instance-out.sql,1.00,256.00
CZ03/OfS&0&cDXHP&Ex&dxHP_equip/NE-dxHP-PkgHP-33to65-Ex-SEER13.4/instance-out.sql,1.00,256.00
CZ03/OfS&0&cDXHP&Ex&dxHP_equip/NE-dxHP-PkgHP-33to65-Ex-SEER15.2/instance-out.sql,1.00,256.00
CZ03/OfS&0&cDXHP&Ex&dxHP_equip/NE-dxHP-PkgHP-33to65-Ex-SEER16.2/instance-out.sql,1.00,256.00
CZ03/OfS&0&cDXHP&Ex&dxHP_equip/NE-dxHP-PkgHP-33to65-Ex-SEER17.1/instance-out.sql,1.00,256.00
CZ03/OfS&0&cDXHP&Ex&dxHP_equip/NE-dxHP-PkgHP-33to65-Ex-SEER18.1/instance-out.sql,1.00,256.00
CZ03/OfS&0&cDXHP&Ex&dxHP_equip/NE-dxHP-SplitHP-18to33-Ex-SEER14.3/instance-out.sql,1.00,256.00
CZ03/OfS&0&cDXHP&Ex&dxHP_equip/NE-dxHP-SplitHP-18to33-Ex-SEER15.2/instance-out.sql,1.00,256.00
CZ03/OfS&0&cDXHP&Ex&dxHP_equip/NE-dxHP-SplitHP-18to33-Ex-SEER16.2/instance-out.sql,1.00,256.00
CZ03/OfS&0&cDXHP&Ex&dxHP_equip/NE-dxHP-SplitHP-18to33-Ex-SEER17.1/instance-out.sql,1.00,256.00
CZ03/OfS&0&cDXHP&Ex&dxHP_equip/NE-dxHP-SplitHP-18to33-Ex-SEER18.1/instance-out.sql,1.00,256.00
CZ03/OfS&0&cDXHP&Ex&dxHP_equip/NE-dxHP-SplitHP-33to55-Ex-SEER14.3/instance-out.sql,1.00,256.00
CZ03/OfS&0&cDXHP&Ex&dxHP_equip/NE-dxHP-SplitHP-33to55-Ex-SEER15.2/instance-out.sql,1.00,256.00
CZ03/OfS&0&cDXHP&Ex&dxHP_equip/NE-dxHP-SplitHP-33to55-Ex-SEER16.2/instance-out.sql,1.00,256.00
CZ03/OfS&0&cDXHP&Ex&dxHP_equip/NE-dxHP-SplitHP-33to55-Ex-SEER17.1/instance-out.sql,1.00,256.00
CZ03/OfS&0&cDXHP&Ex&dxHP_equip/NE-dxHP-SplitHP-33to55-Ex-SEER18.1/instance-out.sql,1.00,256.00
CZ03/RFF&0&cDXHP&Ex&dxHP_equip/NE-dxHP-PkgHP-18to33-Ex-SEER13.4/instance-out.sql,0.00,0.00
CZ03/RFF&0&cDXHP&Ex&dxHP_equip/NE-dxHP-PkgHP-18to33-Ex-SEER15.2/instance-out.sql,0.00,0.00
CZ03/RFF&0&cDXHP&Ex&dxHP_equip/NE-dxHP-PkgHP-18to33-Ex-SEER16.2/instance-out.sql,0.00,0.00
CZ03/RFF&0&cDXHP&Ex&dxHP_equip/NE-dxHP-PkgHP-18to33-Ex-SEER17.1/instance-out.sql,0.00,0.00
CZ03/RFF&0&cDXHP&Ex&dxHP_equip/NE-dxHP-PkgHP-18to33-Ex-SEER18.1/instance-out.sql,0.00,0.00
CZ03/RFF&0&cDXHP&Ex&dxHP_equip/NE-dxHP-PkgHP-33to65-Ex-SEER13.4/instance-out.sql,0.00,0.00
CZ03/RFF&0&cDXHP&Ex&dxHP_equip/NE-dxHP-PkgHP-33to65-Ex-SEER15.2/instance-out.sql,0.00,0.00
CZ03/RFF&0&cDXHP&Ex&dxHP_equip/NE-dxHP-PkgHP-33to65-Ex-SEER16.2/instance-out.sql,0.00,0.00
CZ03/RFF&0&cDXHP&Ex&dxHP_equip/NE-dxHP-PkgHP-33to65-Ex-SEER17.1/instance-out.sql,0.00,0.00
CZ03/RFF&0&cDXHP&Ex&dxHP_equip/NE-dxHP-PkgHP-33to65-Ex-SEER18.1/instance-out.sql,0.00,0.00
CZ03/RFF&0&cDXHP&Ex&dxHP_equip/NE-dxHP-SplitHP-18to33-Ex-SEER14.3/instance-out.sql,0.00,0.00
CZ03/RFF&0&cDXHP&Ex&dxHP_equip/NE-dxHP-SplitHP-18to33-Ex-SEER15.2/instance-out.sql,0.00,0.00
CZ03/RFF&0&cDXHP&Ex&dxHP_equip/NE-dxHP-SplitHP-18to33-Ex-SEER16.2/instance-out.sql,0.00,0.00
CZ03/RFF&0&cDXHP&Ex&dxHP_equip/NE-dxHP-SplitHP-18to33-Ex-SEER17.1/instance-out.sql,0.00,0.00
CZ03/RFF&0&cDXHP&Ex&dxHP_equip/NE-dxHP-SplitHP-18to33-Ex-SEER18.1/instance-out.sql,0.00,0.00
CZ03/RFF&0&cDXHP&Ex&dxHP_equip/NE-dxHP-SplitHP-33to55-Ex-SEER14.3/instance-out.sql,0.00,0.00
CZ03/RFF&0&cDXHP&Ex&dxHP_equip/NE-dxHP-SplitHP-33to55-Ex-SEER15.2/instance-out.sql,0.00,0.00
CZ03/RFF&0&cDXHP&Ex&dxHP_equip/NE-dxHP-SplitHP-33to55-Ex-SEER16.2/instance-out.sql,0.00,0.00
CZ03/RFF&0&cDXHP&Ex&dxHP_equip/NE-dxHP-SplitHP-33to55-Ex-SEER17.1/instance-out.sql,0.00,0.00
CZ03/RFF&0&cDXHP&Ex&dxHP_equip/NE-dxHP-SplitHP-33to55-Ex-SEER18.1/instance-out.sql,0.00,0.00
CZ03/RSD&0&cDXHP&Ex&dxHP_equip/NE-dxHP-PkgHP-18to33-Ex-SEER13.4/instance-out.sql,0.00,0.00
CZ03/RSD&0&cDXHP&Ex&dxHP_equip/NE-dxHP-PkgHP-18to33-Ex-SEER15.2/instance-out.sql,0.00,0.00
CZ03/RSD&0&cDXHP&Ex&dxHP_equip/NE-dxHP-PkgHP-18to33-Ex-SEER16.2/instance-out.sql,0.00,0.00
CZ03/RSD&0&cDXHP&Ex&dxHP_equip/NE-dxHP-PkgHP-18to33-Ex-SEER17.1/instance-out.sql,0.00,0.00
CZ03/RSD&0&cDXHP&Ex&dxHP_equip/NE-dxHP-PkgHP-18to33-Ex-SEER18.1/instance-out.sql,0.00,0.00
CZ03/RSD&0&cDXHP&Ex&dxHP_equip/NE-dxHP-PkgHP-33to65-Ex-SEER13.4/instance-out.sql,0.00,0.00
CZ03/RSD&0&cDXHP&Ex&dxHP_equip/NE-dxHP-PkgHP-33to65-Ex-SEER15.2/instance-out.sql,0.00,0.00
CZ03/RSD&0&cDXHP&Ex&dxHP_equip/NE-dxHP-PkgHP-33to65-Ex-SEER16.2/instance-out.sql,0.00,0.00
CZ03/RSD&0&cDXHP&Ex&dxHP_equip/NE-dxHP-PkgHP-33to65-Ex-SEER17.1/instance-out.sql,0.00,0.00
CZ03/RSD&0&cDXHP&Ex&dxHP_equip/NE-dxHP-PkgHP-33to65-Ex-SEER18.1/instance-out.sql,0.00,0.00
CZ03/RSD&0&cDXHP&Ex&dxHP_equip/NE-dxHP-SplitHP-18to33-Ex-SEER14.3/instance-out.sql,0.00,0.00
CZ03/RSD&0&cDXHP&Ex&dxHP_equip/NE-dxHP-SplitHP-18to33-Ex-SEER15.2/instance-out.sql,0.00,0.00
CZ03/RSD&0&cDXHP&Ex&dxHP_equip/NE-dxHP-SplitHP-18to33-Ex-SEER16.2/instance-out.sql,0.00,0.00
CZ03/RSD&0&cDXHP&Ex&dxHP_equip/NE-dxHP-SplitHP-18to33-Ex-SEER17.1/instance-out.sql,0.00,0.00
CZ03/RSD&0&cDXHP&Ex&dxHP_equip/NE-dxHP-SplitHP-18to33-Ex-SEER18.1/instance-out.sql,0.00,0.00
CZ03/RSD&0&cDXHP&Ex&dxHP_equip/NE-dxHP-SplitHP-33to55-Ex-SEER14.3/instance-out.sql,0.00,0.00
CZ03/RSD&0&cDXHP&Ex&dxHP_equip/NE-dxHP-SplitHP-33to55-Ex-SEER15.2/instance-out.sql,0.00,0.00
CZ03/RSD&0&cDXHP&Ex&dxHP_equip/NE-dxHP-SplitHP-33to55-Ex-SEER16.2/instance-out.sql,0.00,0.00
CZ03/RSD&0&cDXHP&Ex&dxHP_equip/NE-dxHP-SplitHP-33to55-Ex-SEER17.1/instance-out.sql,0.00,0.00
CZ03/RSD&0&cDXHP&Ex&dxHP_equip/NE-dxHP-SplitHP-33to55-Ex-SEER18.1/instance-out.sql,0.00,0.00
CZ03/Rt3&0&cDXHP&Ex&dxHP_equip/NE-dxHP-PkgHP-18to33-Ex-SEER13.4/instance-out.sql,0.00,0.00
CZ03/Rt3&0&cDXHP&Ex&dxHP_equip/NE-dxHP-PkgHP-18to33-Ex-SEER15.2/instance-out.sql,0.00,0.00
CZ03/Rt3&0&cDXHP&Ex&dxHP_equip/NE-dxHP-PkgHP-18to33-Ex-SEER16.2/instance-out.sql,0.00,0.00
CZ03/Rt3&0&cDXHP&Ex&dxHP_equip/NE-dxHP-PkgHP-18to33-Ex-SEER17.1/instance-out.sql,0.00,0.00
CZ03/Rt3&0&cDXHP&Ex&dxHP_equip/NE-dxHP-PkgHP-18to33-Ex-SEER18.1/instance-out.sql,0.00,0.00
CZ03/Rt3&0&cDXHP&Ex&dxHP_equip/NE-dxHP-PkgHP-33to65-Ex-SEER13.4/instance-out.sql,0.00,0.00
CZ03/Rt3&0&cDXHP&Ex&dxHP_equip/NE-dxHP-PkgHP-33to65-Ex-SEER15.2/instance-out.sql,0.00,0.00
CZ03/Rt3&0&cDXHP&Ex&dxHP_equip/NE-dxHP-PkgHP-33to65-Ex-SEER16.2/instance-out.sql,0.00,0.00
CZ03/Rt3&0&cDXHP&Ex&dxHP_equip/NE-dxHP-PkgHP-33to65-Ex-SEER17.1/instance-out.sql,0.00,0.00
CZ03/Rt3&0&cDXHP&Ex&dxHP_equip/NE-dxHP-PkgHP-33to65-Ex-SEER18.1/instance-out.sql,0.00,0.00
CZ03/Rt3&0&cDXHP&Ex&dxHP_equip/NE-dxHP-SplitHP-18to33-Ex-SEER14.3/instance-out.sql,0.00,0.00
CZ03/Rt3&0&cDXHP&Ex&dxHP_equip/NE-dxHP-SplitHP-18to33-Ex-SEER15.2/instance-out.sql,0.00,0.00
CZ03/Rt3&0&cDXHP&Ex&dxHP_equip/NE-dxHP-SplitHP-18to33-Ex-SEER16.2/instance-out.sql,0.00,0.00
CZ03/Rt3&0&cDXHP&Ex&dxHP_equip/NE-dxHP-SplitHP-18to33-Ex-SEER17.1/instance-out.sql,0.00,0.00
CZ03/Rt3&0&cDXHP&Ex&dxHP_equip/NE-dxHP-SplitHP-18to33-Ex-SEER18.1/instance-out.sql,0.00,0.00
CZ03/Rt3&0&cDXHP&Ex&dxHP_equip/NE-dxHP-SplitHP-33to55-Ex-SEER14.3/instance-out.sql,0.00,0.00
CZ03/Rt3&0&cDXHP&Ex&dxHP_equip/NE-dxHP-SplitHP-33to55-Ex-SEER15.2/instance-out.sql,0.00,0.00
CZ03/Rt3&0&cDXHP&Ex&dxHP_equip/NE-dxHP-SplitHP-33to55-Ex-SEER16.2/instance-out.sql,0.00,0.00
CZ03/Rt3&0&cDXHP&Ex&dxHP_equip/NE-dxHP-SplitHP-33to55-Ex-SEER17.1/instance-out.sql,0.00,0.00
CZ03/Rt3&0&cDXHP&Ex&dxHP_equip/NE-dxHP-SplitHP-33to55-Ex-SEER18.1/instance-out.sql,0.00,0.00
CZ03/RtL&0&cDXHP&Ex&dxHP_equip/NE-dxHP-PkgHP-18to33-Ex-SEER13.4/instance-out.sql,0.00,0.00
CZ03/RtL&0&cDXHP&Ex&dxHP_equip/NE-dxHP-PkgHP-18to33-Ex-SEER15.2/instance-out.sql,0.00,0.00
CZ03/RtL&0&cDXHP&Ex&dxHP_equip/NE-dxHP-PkgHP-18to33-Ex-SEER16.2/instance-out.sql,0.00,0.00
CZ03/RtL&0&cDXHP&Ex&dxHP_equip/NE-dxHP-PkgHP-18to33-Ex-SEER17.1/instance-out.sql,0.00,0.00
CZ03/RtL&0&cDXHP&Ex&dxHP_equip/NE-dxHP-PkgHP-18to33-Ex-SEER18.1/instance-out.sql,0.00,0.00
CZ03/RtL&0&cDXHP&Ex&dxHP_equip/NE-dxHP-PkgHP-33to65-Ex-SEER13.4/instance-out.sql,0.00,0.00
CZ03/RtL&0&cDXHP&Ex&dxHP_equip/NE-dxHP-PkgHP-33to65-Ex-SEER15.2/instance-out.sql,0.00,0.00
CZ03/RtL&0&cDXHP&Ex&dxHP_equip/NE-dxHP-PkgHP-33to65-Ex-SEER16.2/instance-out.sql,0.00,0.00
CZ03/RtL&0&cDXHP&Ex&dxHP_equip/NE-dxHP-PkgHP-33to65-Ex-SEER17.1/instance-out.sql,0.00,0.00
CZ03/RtL&0&cDXHP&Ex&dxHP_equip/NE-dxHP-PkgHP-33to65-Ex-SEER18.1/instance-out.sql,0.00,0.00
CZ03/RtL&0&cDXHP&Ex&dxHP_equip/NE-dxHP-SplitHP-18to33-Ex-SEER14.3/instance-out.sql,0.00,0.00
CZ03/RtL&0&cDXHP&Ex&dxHP_equip/NE-dxHP-SplitHP-18to33-Ex-SEER15.2/instance-out.sql,0.00,0.00
CZ03/RtL&0&cDXHP&Ex&dxHP_equip/NE-dxHP-SplitHP-18to33-Ex-SEER16.2/instance-out.sql,0.00,0.00
CZ03/RtL&0&cDXHP&Ex&dxHP_equip/NE-dxHP-SplitHP-18to33-Ex-SEER17.1/instance-out.sql,0.00,0.00
CZ03/RtL&0&cDXHP&Ex&dxHP_equip/NE-dxHP-SplitHP-18to33-Ex-SEER18.1/instance-out.sql,0.00,0.00
CZ03/RtL&0&cDXHP&Ex&dxHP_equip/NE-dxHP-SplitHP-33to55-Ex-SEER14.3/instance-out.sql,0.00,0.00
CZ03/RtL&0&cDXHP&Ex&dxHP_equip/NE-dxHP-SplitHP-33to55-Ex-SEER15.2/instance-out.sql,0.00,0.00
CZ03/RtL&0&cDXHP&Ex&dxHP_equip/NE-dxHP-SplitHP-33to55-Ex-SEER16.2/instance-out.sql,0.00,0.00
CZ03/RtL&0&cDXHP&Ex&dxHP_equip/NE-dxHP-SplitHP-33to55-Ex-SEER17.1/instance-out.sql,0.00,0.00
CZ03/RtL&0&cDXHP&Ex&dxHP_equip/NE-dxHP-SplitHP-33to55-Ex-SEER18.1/instance-out.sql,0.00,0.00
CZ03/RtS&0&cDXHP&Ex&dxHP_equip/NE-dxHP-PkgHP-18to33-Ex-SEER13.4/instance-out.sql,0.00,0.00
CZ03/RtS&0&cDXHP&Ex&dxHP_equip/NE-dxHP-PkgHP-18to33-Ex-SEER15.2/instance-out.sql,0.00,0.00
CZ03/RtS&0&cDXHP&Ex&dxHP_equip/NE-dxHP-PkgHP-18to33-Ex-SEER16.2/instance-out.sql,0.00,0.00
CZ03/RtS&0&cDXHP&Ex&dxHP_equip/NE-dxHP-PkgHP-18to33-Ex-SEER17.1/instance-out.sql,0.00,0.00
CZ03/RtS&0&cDXHP&Ex&dxHP_equip/NE-dxHP-PkgHP-18to33-Ex-SEER18.1/instance-out.sql,0.00,0.00
CZ03/RtS&0&cDXHP&Ex&dxHP_equip/NE-dxHP-PkgHP-33to65-Ex-SEER13.4/instance-out.sql,0.00,0.00
CZ03/RtS&0&cDXHP&Ex&dxHP_equip/NE-dxHP-PkgHP-33to65-Ex-SEER15.2/instance-out.sql,0.00,0.00
CZ03/RtS&0&cDXHP&Ex&dxHP_equip/NE-dxHP-PkgHP-33to65-Ex-SEER16.2/instance-out.sql,0.00,0.00
CZ03/RtS&0&cDXHP&Ex&dxHP_equip/NE-dxHP-PkgHP-33to65-Ex-SEER17.1/instance-out.sql,0.00,0.00
CZ03/RtS&0&cDXHP&Ex&dxHP_equip/NE-dxHP-PkgHP-33to65-Ex-SEER18.1/instance-out.sql,0.00,0.00
CZ03/RtS&0&cDXHP&Ex&dxHP_equip/NE-dxHP-SplitHP-18to33-Ex-SEER14.3/instance-out.sql,0.00,0.00
CZ03/RtS&0&cDXHP&Ex&dxHP_equip/NE-dxHP-SplitHP-18to33-Ex-SEER15.2/instance-out.sql,0.00,0.00
CZ03/RtS&0&cDXHP&Ex&dxHP_equip/NE-dxHP-SplitHP-18to33-Ex-SEER16.2/instance-out.sql,0.00,0.00
CZ03/RtS&0&cDXHP&Ex&dxHP_equip/NE-dxHP-SplitHP-18to33-Ex-SEER17.1/instance-out.sql,0.00,0.00
CZ03/RtS&0&cDXHP&Ex&dxHP_equip/NE-dxHP-SplitHP-18to33-Ex-SEER18.1/instance-out.sql,0.00,0.00
CZ03/RtS&0&cDXHP&Ex&dxHP_equip/NE-dxHP-SplitHP-33to55-Ex-SEER14.3/instance-out.sql,0.00,0.00
CZ03/RtS&0&cDXHP&Ex&dxHP_equip/NE-dxHP-SplitHP-33to55-Ex-SEER15.2/instance-out.sql,0.00,0.00
CZ03/RtS&0&cDXHP&Ex&dxHP_equip/NE-dxHP-SplitHP-33to55-Ex-SEER16.2/instance-out.sql,0.00,0.00
CZ03/RtS&0&cDXHP&Ex&dxHP_equip/NE-dxHP-SplitHP-33to55-Ex-SEER17.1/instance-out.sql,0.00,0.00
CZ03/RtS&0&cDXHP&Ex&dxHP_equip/NE-dxHP-SplitHP-33to55-Ex-SEER18.1/instance-out.sql,0.00,0.00
CZ03/SCn&0&cDXHP&Ex&dxHP_equip/NE-dxHP-PkgHP-18to33-Ex-SEER13.4/instance-out.sql,0.00,0.00
CZ03/SCn&0&cDXHP&Ex&dxHP_equip/NE-dxHP-PkgHP-18to33-Ex-SEER15.2/instance-out.sql,0.00,0.00
CZ03/SCn&0&cDXHP&Ex&dxHP_equip/NE-dxHP-PkgHP-18to33-Ex-SEER16.2/instance-out.sql,0.00,0.00
CZ03/SCn&0&cDXHP&Ex&dxHP_equip/NE-dxHP-PkgHP-18to33-Ex-SEER17.1/instance-out.sql,0.00,0.00
CZ03/SCn&0&cDXHP&Ex&dxHP_equip/NE-dxHP-PkgHP-18to33-Ex-SEER18.1/instance-out.sql,0.00,0.00
CZ03/SCn&0&cDXHP&Ex&dxHP_equip/NE-dxHP-PkgHP-33to65-Ex-SEER13.4/instance-out.sql,0.00,0.00
CZ03/SCn&0&cDXHP&Ex&dxHP_equip/NE-dxHP-PkgHP-33to65-Ex-SEER15.2/instance-out.sql,0.00,0.00
CZ03/SCn&0&cDXHP&Ex&dxHP_equip/NE-dxHP-PkgHP-33to65-Ex-SEER16.2/instance-out.sql,0.00,0.00
CZ03/SCn&0&cDXHP&Ex&dxHP_equip/NE-dxHP-PkgHP-33to65-Ex-SEER17.1/instance-out.sql,0.00,0.00
CZ03/SCn&0&cDXHP&Ex&dxHP_equip/NE-dxHP-PkgHP-33to65-Ex-SEER18.1/instance-out.sql,0.00,0.00
CZ03/SCn&0&cDXHP&Ex&dxHP_equip/NE-dxHP-SplitHP-18to33-Ex-SEER14.3/instance-out.sql,0.00,0.00
CZ03/SCn&0&cDXHP&Ex&dxHP_equip/NE-dxHP-SplitHP-18to33-Ex-SEER15.2/instance-out.sql,0.00,0.00
CZ03/SCn&0&cDXHP&Ex&dxHP_equip/NE-dxHP-SplitHP-18to33-Ex-SEER16.2/instance-out.sql,0.00,0.00
CZ03/SCn&0&cDXHP&Ex&dxHP_equip/NE-dxHP-SplitHP-18to33-Ex-SEER17.1/instance-out.sql,0.00,0.00
CZ03/SCn&0&cDXHP&Ex&dxHP_equip/NE-dxHP-SplitHP-18to33-Ex-SEER18.1/instance-out.sql,0.00,0.00
CZ03/SCn&0&cDXHP&Ex&dxHP_equip/NE-dxHP-SplitHP-33to55-Ex-SEER14.3/instance-out.sql,0.00,0.00
CZ03/SCn&0&cDXHP&Ex&dxHP_equip/NE-dxHP-SplitHP-33to55-Ex-SEER15.2/instance-out.sql,0.00,0.00
CZ03/SCn&0&cDXHP&Ex&dxHP_equip/NE-dxHP-SplitHP-33to55-Ex-SEER16.2/instance-out.sql,0.00,0.00
CZ03/SCn&0&cDXHP&Ex&dxHP_equip/NE-dxHP-SplitHP-33to55-Ex-SEER17.1/instance-out.sql,0.00,0.00
CZ03/SCn&0&cDXHP&Ex&dxHP_equip/NE-dxHP-SplitHP-33to55-Ex-SEER18.1/instance-out.sql,0.00,0.00
CZ04/Asm&0&cDXHP&Ex&dxHP_equip/NE-dxHP-PkgHP-18to33-Ex-SEER13.4/instance-out.sql,0.00,0.00
CZ04/Asm&0&cDXHP&Ex&dxHP_equip/NE-dxHP-PkgHP-18to33-Ex-SEER15.2/instance-out.sql,0.00,0.00
CZ04/Asm&0&cDXHP&Ex&dxHP_equip/NE-dxHP-PkgHP-18to33-Ex-SEER16.2/instance-out.sql,0.00,0.00
CZ04/Asm&0&cDXHP&Ex&dxHP_equip/NE-dxHP-PkgHP-18to33-Ex-SEER17.1/instance-out.sql,0.00,0.00
CZ04/Asm&0&cDXHP&Ex&dxHP_equip/NE-dxHP-PkgHP-18to33-Ex-SEER18.1/instance-out.sql,0.00,0.00
CZ04/Asm&0&cDXHP&Ex&dxHP_equip/NE-dxHP-PkgHP-33to65-Ex-SEER13.4/instance-out.sql,0.00,0.00
CZ04/Asm&0&cDXHP&Ex&dxHP_equip/NE-dxHP-PkgHP-33to65-Ex-SEER15.2/instance-out.sql,0.00,0.00
CZ04/Asm&0&cDXHP&Ex&dxHP_equip/NE-dxHP-PkgHP-33to65-Ex-SEER16.2/instance-out.sql,0.00,0.00
CZ04/Asm&0&cDXHP&Ex&dxHP_equip/NE-dxHP-PkgHP-33to65-Ex-SEER17.1/instance-out.sql,0.00,0.00
CZ04/Asm&0&cDXHP&Ex&dxHP_equip/NE-dxHP-PkgHP-33to65-Ex-SEER18.1/instance-out.sql,0.00,0.00
CZ04/Asm&0&cDXHP&Ex&dxHP_equip/NE-dxHP-SplitHP-18to33-Ex-SEER14.3/instance-out.sql,0.00,0.00
CZ04/Asm&0&cDXHP&Ex&dxHP_equip/NE-dxHP-SplitHP-18to33-Ex-SEER15.2/instance-out.sql,0.00,0.00
CZ04/Asm&0&cDXHP&Ex&dxHP_equip/NE-dxHP-SplitHP-18to33-Ex-SEER16.2/instance-out.sql,0.00,0.00
CZ04/Asm&0&cDXHP&Ex&dxHP_equip/NE-dxHP-SplitHP-18to33-Ex-SEER17.1/instance-out.sql,0.00,0.00
CZ04/Asm&0&cDXHP&Ex&dxHP_equip/NE-dxHP-SplitHP-18to33-Ex-SEER18.1/instance-out.sql,0.00,0.00
CZ04/Asm&0&cDXHP&Ex&dxHP_equip/NE-dxHP-SplitHP-33to55-Ex-SEER14.3/instance-out.sql,0.00,0.00
CZ04/Asm&0&cDXHP&Ex&dxHP_equip/NE-dxHP-SplitHP-33to55-Ex-SEER15.2/instance-out.sql,0.00,0.00
CZ04/Asm&0&cDXHP&Ex&dxHP_equip/NE-dxHP-SplitHP-33to55-Ex-SEER16.2/instance-out.sql,0.00,0.00
CZ04/Asm&0&cDXHP&Ex&dxHP_equip/NE-dxHP-SplitHP-33to55-Ex-SEER17.1/instance-out.sql,0.00,0.00
CZ04/Asm&0&cDXHP&Ex&dxHP_equip/NE-dxHP-SplitHP-33to55-Ex-SEER18.1/instance-out.sql,0.00,0.00
CZ04/ECC&0&cDXHP&Ex&dxHP_equip/NE-dxHP-PkgHP-18to33-Ex-SEER13.4/instance-out.sql,1.00,4931.00
CZ04/ECC&0&cDXHP&Ex&dxHP_equip/NE-dxHP-PkgHP-18to33-Ex-SEER15.2/instance-out.sql,1.00,4931.00
CZ04/ECC&0&cDXHP&Ex&dxHP_equip/NE-dxHP-PkgHP-18to33-Ex-SEER16.2/instance-out.sql,1.00,4931.00
CZ04/ECC&0&cDXHP&Ex&dxHP_equip/NE-dxHP-PkgHP-18to33-Ex-SEER17.1/instance-out.sql,1.00,4931.00
CZ04/ECC&0&cDXHP&Ex&dxHP_equip/NE-dxHP-PkgHP-18to33-Ex-SEER18.1/instance-out.sql,1.00,4931.00
CZ04/ECC&0&cDXHP&Ex&dxHP_equip/NE-dxHP-PkgHP-33to65-Ex-SEER13.4/instance-out.sql,1.00,4931.00
CZ04/ECC&0&cDXHP&Ex&dxHP_equip/NE-dxHP-PkgHP-33to65-Ex-SEER15.2/instance-out.sql,1.00,4931.00
CZ04/ECC&0&cDXHP&Ex&dxHP_equip/NE-dxHP-PkgHP-33to65-Ex-SEER16.2/instance-out.sql,1.00,4931.00
CZ04/ECC&0&cDXHP&Ex&dxHP_equip/NE-dxHP-PkgHP-33to65-Ex-SEER17.1/instance-out.sql,1.00,4931.00
CZ04/ECC&0&cDXHP&Ex&dxHP_equip/NE-dxHP-PkgHP-33to65-Ex-SEER18.1/instance-out.sql,1.00,4931.00
CZ04/ECC&0&cDXHP&Ex&dxHP_equip/NE-dxHP-SplitHP-18to33-Ex-SEER14.3/instance-out.sql,1.00,4931.00
CZ04/ECC&0&cDXHP&Ex&dxHP_equip/NE-dxHP-SplitHP-18to33-Ex-SEER15.2/instance-out.sql,1.00,4931.00
CZ04/ECC&0&cDXHP&Ex&dxHP_equip/NE-dxHP-SplitHP-18to33-Ex-SEER16.2/instance-out.sql,1.00,4931.00
CZ04/ECC&0&cDXHP&Ex&dxHP_equip/NE-dxHP-SplitHP-18to33-Ex-SEER17.1/instance-out.sql,1.00,4931.00
CZ04/ECC&0&cDXHP&Ex&dxHP_equip/NE-dxHP-SplitHP-18to33-Ex-SEER18.1/instance-out.sql,1.00,4931.00
CZ04/ECC&0&cDXHP&Ex&dxHP_equip/NE-dxHP-SplitHP-33to55-Ex-SEER14.3/instance-out.sql,1.00,4931.00
CZ04/ECC&0&cDXHP&Ex&dxHP_equip/NE-dxHP-SplitHP-33to55-Ex-SEER15.2/instance-out.sql,1.00,4931.00
CZ04/ECC&0&cDXHP&Ex&dxHP_equip/NE-dxHP-SplitHP-33to55-Ex-SEER16.2/instance-out.sql,1.00,4931.00
CZ04/ECC&0&cDXHP&Ex&dxHP_equip/NE-dxHP-SplitHP-33to55-Ex-SEER17.1/instance-out.sql,1.00,4931.00
CZ04/ECC&0&cDXHP&Ex&dxHP_equip/NE-dxHP-SplitHP-33to55-Ex-SEER18.1/instance-out.sql,1.00,4931.00
CZ04/EPr&0&cDXHP&Ex&dxHP_equip/NE-dxHP-PkgHP-18to33-Ex-SEER13.4/instance-out.sql,0.00,0.00
CZ04/EPr&0&cDXHP&Ex&dxHP_equip/NE-dxHP-PkgHP-18to33-Ex-SEER15.2/instance-out.sql,0.00,0.00
CZ04/EPr&0&cDXHP&Ex&dxHP_equip/NE-dxHP-PkgHP-18to33-Ex-SEER16.2/instance-out.sql,0.00,0.00
CZ04/EPr&0&cDXHP&Ex&dxHP_equip/NE-dxHP-PkgHP-18to33-Ex-SEER17.1/instance-out.sql,0.00,0.00
CZ04/EPr&0&cDXHP&Ex&dxHP_equip/NE-dxHP-PkgHP-18to33-Ex-SEER18.1/instance-out.sql,0.00,0.00
CZ04/EPr&0&cDXHP&Ex&dxHP_equip/NE-dxHP-PkgHP-33to65-Ex-SEER13.4/instance-out.sql,0.00,0.00
CZ04/EPr&0&cDXHP&Ex&dxHP_equip/NE-dxHP-PkgHP-33to65-Ex-SEER15.2/instance-out.sql,0.00,0.00
CZ04/EPr&0&cDXHP&Ex&dxHP_equip/NE-dxHP-PkgHP-33to65-Ex-SEER16.2/instance-out.sql,0.00,0.00
CZ04/EPr&0&cDXHP&Ex&dxHP_equip/NE-dxHP-PkgHP-33to65-Ex-SEER17.1/instance-out.sql,0.00,0.00
CZ04/EPr&0&cDXHP&Ex&dxHP_equip/NE-dxHP-PkgHP-33to65-Ex-SEER18.1/instance-out.sql,0.00,0.00
CZ04/EPr&0&cDXHP&Ex&dxHP_equip/NE-dxHP-SplitHP-18to33-Ex-SEER14.3/instance-out.sql,0.00,0.00
CZ04/EPr&0&cDXHP&Ex&dxHP_equip/NE-dxHP-SplitHP-18to33-Ex-SEER15.2/instance-out.sql,0.00,0.00
CZ04/EPr&0&cDXHP&Ex&dxHP_equip/NE-dxHP-SplitHP-18to33-Ex-SEER16.2/instance-out.sql,0.00,0.00
CZ04/EPr&0&cDXHP&Ex&dxHP_equip/NE-dxHP-SplitHP-18to33-Ex-SEER17.1/instance-out.sql,0.00,0.00
CZ04/EPr&0&cDXHP&Ex&dxHP_equip/NE-dxHP-SplitHP-18to33-Ex-SEER18.1/instance-out.sql,0.00,0.00
CZ04/EPr&0&cDXHP&Ex&dxHP_equip/NE-dxHP-SplitHP-33to55-Ex-SEER14.3/instance-out.sql,0.00,0.00
CZ04/EPr&0&cDXHP&Ex&dxHP_equip/NE-dxHP-SplitHP-33to55-Ex-SEER15.2/instance-out.sql,0.00,0.00
CZ04/EPr&0&cDXHP&Ex&dxHP_equip/NE-dxHP-SplitHP-33to55-Ex-SEER16.2/instance-out.sql,0.00,0.00
CZ04/EPr&0&cDXHP&Ex&dxHP_equip/NE-dxHP-SplitHP-33to55-Ex-SEER17.1/instance-out.sql,0.00,0.00
CZ04/EPr&0&cDXHP&Ex&dxHP_equip/NE-dxHP-SplitHP-33to55-Ex-SEER18.1/instance-out.sql,0.00,0.00
CZ04/ERC&0&cDXHP&Ex&dxHP_equip/NE-dxHP-PkgHP-18to33-Ex-SEER13.4/instance-out.sql,0.00,0.00
CZ04/ERC&0&cDXHP&Ex&dxHP_equip/NE-dxHP-PkgHP-18to33-Ex-SEER15.2/instance-out.sql,0.00,0.00
CZ04/ERC&0&cDXHP&Ex&dxHP_equip/NE-dxHP-PkgHP-18to33-Ex-SEER16.2/instance-out.sql,0.00,0.00
CZ04/ERC&0&cDXHP&Ex&dxHP_equip/NE-dxHP-PkgHP-18to33-Ex-SEER17.1/instance-out.sql,0.00,0.00
CZ04/ERC&0&cDXHP&Ex&dxHP_equip/NE-dxHP-PkgHP-18to33-Ex-SEER18.1/instance-out.sql,0.00,0.00
CZ04/ERC&0&cDXHP&Ex&dxHP_equip/NE-dxHP-PkgHP-33to65-Ex-SEER13.4/instance-out.sql,0.00,0.00
CZ04/ERC&0&cDXHP&Ex&dxHP_equip/NE-dxHP-PkgHP-33to65-Ex-SEER15.2/instance-out.sql,0.00,0.00
CZ04/ERC&0&cDXHP&Ex&dxHP_equip/NE-dxHP-PkgHP-33to65-Ex-SEER16.2/instance-out.sql,0.00,0.00
CZ04/ERC&0&cDXHP&Ex&dxHP_equip/NE-dxHP-PkgHP-33to65-Ex-SEER17.1/instance-out.sql,0.00,0.00
CZ04/ERC&0&cDXHP&Ex&dxHP_equip/NE-dxHP-PkgHP-33to65-Ex-SEER18.1/instance-out.sql,0.00,0.00
CZ04/ERC&0&cDXHP&Ex&dxHP_equip/NE-dxHP-SplitHP-18to33-Ex-SEER14.3/instance-out.sql,0.00,0.00
CZ04/ERC&0&cDXHP&Ex&dxHP_equip/NE-dxHP-SplitHP-18to33-Ex-SEER15.2/instance-out.sql,0.00,0.00
CZ04/ERC&0&cDXHP&Ex&dxHP_equip/NE-dxHP-SplitHP-18to33-Ex-SEER16.2/instance-out.sql,0.00,0.00
CZ04/ERC&0&cDXHP&Ex&dxHP_equip/NE-dxHP-SplitHP-18to33-Ex-SEER17.1/instance-out.sql,0.00,0.00
CZ04/ERC&0&cDXHP&Ex&dxHP_equip/NE-dxHP-SplitHP-18to33-Ex-SEER18.1/instance-out.sql,0.00,0.00
CZ04/ERC&0&cDXHP&Ex&dxHP_equip/NE-dxHP-SplitHP-33to55-Ex-SEER14.3/instance-out.sql,0.00,0.00
CZ04/ERC&0&cDXHP&Ex&dxHP_equip/NE-dxHP-SplitHP-33to55-Ex-SEER15.2/instance-out.sql,0.00,0.00
CZ04/ERC&0&cDXHP&Ex&dxHP_equip/NE-dxHP-SplitHP-33to55-Ex-SEER16.2/instance-out.sql,0.00,0.00
CZ04/ERC&0&cDXHP&Ex&dxHP_equip/NE-dxHP-SplitHP-33to55-Ex-SEER17.1/instance-out.sql,0.00,0.00
CZ04/ERC&0&cDXHP&Ex&dxHP_equip/NE-dxHP-SplitHP-33to55-Ex-SEER18.1/instance-out.sql,0.00,0.00
CZ04/ESe&0&cDXHP&Ex&dxHP_equip/NE-dxHP-PkgHP-18to33-Ex-SEER13.4/instance-out.sql,0.00,0.00
CZ04/ESe&0&cDXHP&Ex&dxHP_equip/NE-dxHP-PkgHP-18to33-Ex-SEER15.2/instance-out.sql,0.00,0.00
CZ04/ESe&0&cDXHP&Ex&dxHP_equip/NE-dxHP-PkgHP-18to33-Ex-SEER16.2/instance-out.sql,0.00,0.00
CZ04/ESe&0&cDXHP&Ex&dxHP_equip/NE-dxHP-PkgHP-18to33-Ex-SEER17.1/instance-out.sql,0.00,0.00
CZ04/ESe&0&cDXHP&Ex&dxHP_equip/NE-dxHP-PkgHP-18to33-Ex-SEER18.1/instance-out.sql,0.00,0.00
CZ04/ESe&0&cDXHP&Ex&dxHP_equip/NE-dxHP-PkgHP-33to65-Ex-SEER13.4/instance-out.sql,0.00,0.00
CZ04/ESe&0&cDXHP&Ex&dxHP_equip/NE-dxHP-PkgHP-33to65-Ex-SEER15.2/instance-out.sql,0.00,0.00
CZ04/ESe&0&cDXHP&Ex&dxHP_equip/NE-dxHP-PkgHP-33to65-Ex-SEER16.2/instance-out.sql,0.00,0.00
CZ04/ESe&0&cDXHP&Ex&dxHP_equip/NE-dxHP-PkgHP-33to65-Ex-SEER17.1/instance-out.sql,0.00,0.00
CZ04/ESe&0&cDXHP&Ex&dxHP_equip/NE-dxHP-PkgHP-33to65-Ex-SEER18.1/instance-out.sql,0.00,0.00
CZ04/ESe&0&cDXHP&Ex&dxHP_equip/NE-dxHP-SplitHP-18to33-Ex-SEER14.3/instance-out.sql,0.00,0.00
CZ04/ESe&0&cDXHP&Ex&dxHP_equip/NE-dxHP-SplitHP-18to33-Ex-SEER15.2/instance-out.sql,0.00,0.00
CZ04/ESe&0&cDXHP&Ex&dxHP_equip/NE-dxHP-SplitHP-18to33-Ex-SEER16.2/instance-out.sql,0.00,0.00
CZ04/ESe&0&cDXHP&Ex&dxHP_equip/NE-dxHP-SplitHP-18to33-Ex-SEER17.1/instance-out.sql,0.00,0.00
CZ04/ESe&0&cDXHP&Ex&dxHP_equip/NE-dxHP-SplitHP-18to33-Ex-SEER18.1/instance-out.sql,0.00,0.00
CZ04/ESe&0&cDXHP&Ex&dxHP_equip/NE-dxHP-SplitHP-33to55-Ex-SEER14.3/instance-out.sql,0.00,0.00
CZ04/ESe&0&cDXHP&Ex&dxHP_equip/NE-dxHP-SplitHP-33to55-Ex-SEER15.2/instance-out.sql,0.00,0.00
CZ04/ESe&0&cDXHP&Ex&dxHP_equip/NE-dxHP-SplitHP-33to55-Ex-SEER16.2/instance-out.sql,0.00,0.00
CZ04/ESe&0&cDXHP&Ex&dxHP_equip/NE-dxHP-SplitHP-33to55-Ex-SEER17.1/instance-out.sql,0.00,0.00
CZ04/ESe&0&cDXHP&Ex&dxHP_equip/NE-dxHP-SplitHP-33to55-Ex-SEER18.1/instance-out.sql,0.00,0.00
CZ04/EUn&0&cDXHP&Ex&dxHP_equip/NE-dxHP-PkgHP-18to33-Ex-SEER13.4/instance-out.sql,0.00,384.00
CZ04/EUn&0&cDXHP&Ex&dxHP_equip/NE-dxHP-PkgHP-18to33-Ex-SEER15.2/instance-out.sql,0.00,384.00
CZ04/EUn&0&cDXHP&Ex&dxHP_equip/NE-dxHP-PkgHP-18to33-Ex-SEER16.2/instance-out.sql,0.00,384.00
CZ04/EUn&0&cDXHP&Ex&dxHP_equip/NE-dxHP-PkgHP-18to33-Ex-SEER17.1/instance-out.sql,0.00,384.00
CZ04/EUn&0&cDXHP&Ex&dxHP_equip/NE-dxHP-PkgHP-18to33-Ex-SEER18.1/instance-out.sql,0.00,384.00
CZ04/EUn&0&cDXHP&Ex&dxHP_equip/NE-dxHP-PkgHP-33to65-Ex-SEER13.4/instance-out.sql,0.00,384.00
CZ04/EUn&0&cDXHP&Ex&dxHP_equip/NE-dxHP-PkgHP-33to65-Ex-SEER15.2/instance-out.sql,0.00,384.00
CZ04/EUn&0&cDXHP&Ex&dxHP_equip/NE-dxHP-PkgHP-33to65-Ex-SEER16.2/instance-out.sql,0.00,384.00
CZ04/EUn&0&cDXHP&Ex&dxHP_equip/NE-dxHP-PkgHP-33to65-Ex-SEER17.1/instance-out.sql,0.00,384.00
CZ04/EUn&0&cDXHP&Ex&dxHP_equip/NE-dxHP-PkgHP-33to65-Ex-SEER18.1/instance-out.sql,0.00,384.00
CZ04/EUn&0&cDXHP&Ex&dxHP_equip/NE-dxHP-SplitHP-18to33-Ex-SEER14.3/instance-out.sql,0.00,384.00
CZ04/EUn&0&cDXHP&Ex&dxHP_equip/NE-dxHP-SplitHP-18to33-Ex-SEER15.2/instance-out.sql,0.00,384.00
CZ04/EUn&0&cDXHP&Ex&dxHP_equip/NE-dxHP-SplitHP-18to33-Ex-SEER16.2/instance-out.sql,0.00,384.00
CZ04/EUn&0&cDXHP&Ex&dxHP_equip/NE-dxHP-SplitHP-18to33-Ex-SEER17.1/instance-out.sql,0.00,384.00
CZ04/EUn&0&cDXHP&Ex&dxHP_equip/NE-dxHP-SplitHP-18to33-Ex-SEER18.1/instance-out.sql,0.00,384.00
CZ04/EUn&0&cDXHP&Ex&dxHP_equip/NE-dxHP-SplitHP-33to55-Ex-SEER14.3/instance-out.sql,0.00,384.00
CZ04/EUn&0&cDXHP&Ex&dxHP_equip/NE-dxHP-SplitHP-33to55-Ex-SEER15.2/instance-out.sql,0.00,384.00
CZ04/EUn&0&cDXHP&Ex&dxHP_equip/NE-dxHP-SplitHP-33to55-Ex-SEER16.2/instance-out.sql,0.00,384.00
CZ04/EUn&0&cDXHP&Ex&dxHP_equip/NE-dxHP-SplitHP-33to55-Ex-SEER17.1/instance-out.sql,0.00,384.00
CZ04/EUn&0&cDXHP&Ex&dxHP_equip/NE-dxHP-SplitHP-33to55-Ex-SEER18.1/instance-out.sql,0.00,384.00
CZ04/Gro&0&cDXHP&Ex&dxHP_equip/NE-dxHP-PkgHP-18to33-Ex-SEER13.4/instance-out.sql,0.00,0.00
CZ04/Gro&0&cDXHP&Ex&dxHP_equip/NE-dxHP-PkgHP-18to33-Ex-SEER15.2/instance-out.sql,0.00,0.00
CZ04/Gro&0&cDXHP&Ex&dxHP_equip/NE-dxHP-PkgHP-18to33-Ex-SEER16.2/instance-out.sql,0.00,0.00
CZ04/Gro&0&cDXHP&Ex&dxHP_equip/NE-dxHP-PkgHP-18to33-Ex-SEER17.1/instance-out.sql,0.00,0.00
CZ04/Gro&0&cDXHP&Ex&dxHP_equip/NE-dxHP-PkgHP-18to33-Ex-SEER18.1/instance-out.sql,0.00,0.00
CZ04/Gro&0&cDXHP&Ex&dxHP_equip/NE-dxHP-PkgHP-33to65-Ex-SEER13.4/instance-out.sql,0.00,0.00
CZ04/Gro&0&cDXHP&Ex&dxHP_equip/NE-dxHP-PkgHP-33to65-Ex-SEER15.2/instance-out.sql,0.00,0.00
CZ04/Gro&0&cDXHP&Ex&dxHP_equip/NE-dxHP-PkgHP-33to65-Ex-SEER16.2/instance-out.sql,0.00,0.00
CZ04/Gro&0&cDXHP&Ex&dxHP_equip/NE-dxHP-PkgHP-33to65-Ex-SEER17.1/instance-out.sql,0.00,0.00
CZ04/Gro&0&cDXHP&Ex&dxHP_equip/NE-dxHP-PkgHP-33to65-Ex-SEER18.1/instance-out.sql,0.00,0.00
CZ04/Gro&0&cDXHP&Ex&dxHP_equip/NE-dxHP-SplitHP-18to33-Ex-SEER14.3/instance-out.sql,0.00,0.00
CZ04/Gro&0&cDXHP&Ex&dxHP_equip/NE-dxHP-SplitHP-18to33-Ex-SEER15.2/instance-out.sql,0.00,0.00
CZ04/Gro&0&cDXHP&Ex&dxHP_equip/NE-dxHP-SplitHP-18to33-Ex-SEER16.2/instance-out.sql,0.00,0.00
CZ04/Gro&0&cDXHP&Ex&dxHP_equip/NE-dxHP-SplitHP-18to33-Ex-SEER17.1/instance-out.sql,0.00,0.00
CZ04/Gro&0&cDXHP&Ex&dxHP_equip/NE-dxHP-SplitHP-18to33-Ex-SEER18.1/instance-out.sql,0.00,0.00
CZ04/Gro&0&cDXHP&Ex&dxHP_equip/NE-dxHP-SplitHP-33to55-Ex-SEER14.3/instance-out.sql,0.00,0.00
CZ04/Gro&0&cDXHP&Ex&dxHP_equip/NE-dxHP-SplitHP-33to55-Ex-SEER15.2/instance-out.sql,0.00,0.00
CZ04/Gro&0&cDXHP&Ex&dxHP_equip/NE-dxHP-SplitHP-33to55-Ex-SEER16.2/instance-out.sql,0.00,0.00
CZ04/Gro&0&cDXHP&Ex&dxHP_equip/NE-dxHP-SplitHP-33to55-Ex-SEER17.1/instance-out.sql,0.00,0.00
CZ04/Gro&0&cDXHP&Ex&dxHP_equip/NE-dxHP-SplitHP-33to55-Ex-SEER18.1/instance-out.sql,0.00,0.00
CZ04/Hsp&0&cDXHP&Ex&dxHP_equip/NE-dxHP-PkgHP-18to33-Ex-SEER13.4/instance-out.sql,1.00,110.00
CZ04/Hsp&0&cDXHP&Ex&dxHP_equip/NE-dxHP-PkgHP-18to33-Ex-SEER15.2/instance-out.sql,1.00,110.00
CZ04/Hsp&0&cDXHP&Ex&dxHP_equip/NE-dxHP-PkgHP-18to33-Ex-SEER16.2/instance-out.sql,1.00,110.00
CZ04/Hsp&0&cDXHP&Ex&dxHP_equip/NE-dxHP-PkgHP-18to33-Ex-SEER17.1/instance-out.sql,1.00,110.00
CZ04/Hsp&0&cDXHP&Ex&dxHP_equip/NE-dxHP-PkgHP-18to33-Ex-SEER18.1/instance-out.sql,1.00,110.00
CZ04/Hsp&0&cDXHP&Ex&dxHP_equip/NE-dxHP-PkgHP-33to65-Ex-SEER13.4/instance-out.sql,1.00,110.00
CZ04/Hsp&0&cDXHP&Ex&dxHP_equip/NE-dxHP-PkgHP-33to65-Ex-SEER15.2/instance-out.sql,1.00,110.00
CZ04/Hsp&0&cDXHP&Ex&dxHP_equip/NE-dxHP-PkgHP-33to65-Ex-SEER16.2/instance-out.sql,1.00,110.00
CZ04/Hsp&0&cDXHP&Ex&dxHP_equip/NE-dxHP-PkgHP-33to65-Ex-SEER17.1/instance-out.sql,1.00,110.00
CZ04/Hsp&0&cDXHP&Ex&dxHP_equip/NE-dxHP-PkgHP-33to65-Ex-SEER18.1/instance-out.sql,1.00,110.00
CZ04/Hsp&0&cDXHP&Ex&dxHP_equip/NE-dxHP-SplitHP-18to33-Ex-SEER14.3/instance-out.sql,1.00,110.00
CZ04/Hsp&0&cDXHP&Ex&dxHP_equip/NE-dxHP-SplitHP-18to33-Ex-SEER15.2/instance-out.sql,1.00,110.00
CZ04/Hsp&0&cDXHP&Ex&dxHP_equip/NE-dxHP-SplitHP-18to33-Ex-SEER16.2/instance-out.sql,1.00,110.00
CZ04/Hsp&0&cDXHP&Ex&dxHP_equip/NE-dxHP-SplitHP-18to33-Ex-SEER17.1/instance-out.sql,1.00,110.00
CZ04/Hsp&0&cDXHP&Ex&dxHP_equip/NE-dxHP-SplitHP-18to33-Ex-SEER18.1/instance-out.sql,1.00,110.00
CZ04/Hsp&0&cDXHP&Ex&dxHP_equip/NE-dxHP-SplitHP-33to55-Ex-SEER14.3/instance-out.sql,1.00,110.00
CZ04/Hsp&0&cDXHP&Ex&dxHP_equip/NE-dxHP-SplitHP-33to55-Ex-SEER15.2/instance-out.sql,1.00,110.00
CZ04/Hsp&0&cDXHP&Ex&dxHP_equip/NE-dxHP-SplitHP-33to55-Ex-SEER16.2/instance-out.sql,1.00,110.00
CZ04/Hsp&0&cDXHP&Ex&dxHP_equip/NE-dxHP-SplitHP-33to55-Ex-SEER17.1/instance-out.sql,1.00,110.00
CZ04/Hsp&0&cDXHP&Ex&dxHP_equip/NE-dxHP-SplitHP-33to55-Ex-SEER18.1/instance-out.sql,1.00,110.00
CZ04/MBT&0&cDXHP&Ex&dxHP_equip/NE-dxHP-PkgHP-18to33-Ex-SEER13.4/instance-out.sql,0.00,61.00
CZ04/MBT&0&cDXHP&Ex&dxHP_equip/NE-dxHP-PkgHP-18to33-Ex-SEER15.2/instance-out.sql,0.00,61.00
CZ04/MBT&0&cDXHP&Ex&dxHP_equip/NE-dxHP-PkgHP-18to33-Ex-SEER16.2/instance-out.sql,0.00,61.00
CZ04/MBT&0&cDXHP&Ex&dxHP_equip/NE-dxHP-PkgHP-18to33-Ex-SEER17.1/instance-out.sql,0.00,61.00
CZ04/MBT&0&cDXHP&Ex&dxHP_equip/NE-dxHP-PkgHP-18to33-Ex-SEER18.1/instance-out.sql,0.00,61.00
CZ04/MBT&0&cDXHP&Ex&dxHP_equip/NE-dxHP-PkgHP-33to65-Ex-SEER13.4/instance-out.sql,0.00,61.00
CZ04/MBT&0&cDXHP&Ex&dxHP_equip/NE-dxHP-PkgHP-33to65-Ex-SEER15.2/instance-out.sql,0.00,61.00
CZ04/MBT&0&cDXHP&Ex&dxHP_equip/NE-dxHP-PkgHP-33to65-Ex-SEER16.2/instance-out.sql,0.00,61.00
CZ04/MBT&0&cDXHP&Ex&dxHP_equip/NE-dxHP-PkgHP-33to65-Ex-SEER17.1/instance-out.sql,0.00,61.00
CZ04/MBT&0&cDXHP&Ex&dxHP_equip/NE-dxHP-PkgHP-33to65-Ex-SEER18.1/instance-out.sql,0.00,61.00
CZ04/MBT&0&cDXHP&Ex&dxHP_equip/NE-dxHP-SplitHP-18to33-Ex-SEER14.3/instance-out.sql,0.00,61.00
CZ04/MBT&0&cDXHP&Ex&dxHP_equip/NE-dxHP-SplitHP-18to33-Ex-SEER15.2/instance-out.sql,0.00,61.00
CZ04/MBT&0&cDXHP&Ex&dxHP_equip/NE-dxHP-SplitHP-18to33-Ex-SEER16.2/instance-out.sql,0.00,61.00
CZ04/MBT&0&cDXHP&Ex&dxHP_equip/NE-dxHP-SplitHP-18to33-Ex-SEER17.1/instance-out.sql,0.00,61.00
CZ04/MBT&0&cDXHP&Ex&dxHP_equip/NE-dxHP-SplitHP-18to33-Ex-SEER18.1/instance-out.sql,0.00,61.00
CZ04/MBT&0&cDXHP&Ex&dxHP_equip/NE-dxHP-SplitHP-33to55-Ex-SEER14.3/instance-out.sql,0.00,61.00
CZ04/MBT&0&cDXHP&Ex&dxHP_equip/NE-dxHP-SplitHP-33to55-Ex-SEER15.2/instance-out.sql,0.00,61.00
CZ04/MBT&0&cDXHP&Ex&dxHP_equip/NE-dxHP-SplitHP-33to55-Ex-SEER16.2/instance-out.sql,0.00,61.00
CZ04/MBT&0&cDXHP&Ex&dxHP_equip/NE-dxHP-SplitHP-33to55-Ex-SEER17.1/instance-out.sql,0.00,61.00
CZ04/MBT&0&cDXHP&Ex&dxHP_equip/NE-dxHP-SplitHP-33to55-Ex-SEER18.1/instance-out.sql,0.00,61.00
CZ04/MLI&0&cDXHP&Ex&dxHP_equip/NE-dxHP-PkgHP-18to33-Ex-SEER13.4/instance-out.sql,0.00,0.00
CZ04/MLI&0&cDXHP&Ex&dxHP_equip/NE-dxHP-PkgHP-18to33-Ex-SEER15.2/instance-out.sql,0.00,0.00
CZ04/MLI&0&cDXHP&Ex&dxHP_equip/NE-dxHP-PkgHP-18to33-Ex-SEER16.2/instance-out.sql,0.00,0.00
CZ04/MLI&0&cDXHP&Ex&dxHP_equip/NE-dxHP-PkgHP-18to33-Ex-SEER17.1/instance-out.sql,0.00,0.00
CZ04/MLI&0&cDXHP&Ex&dxHP_equip/NE-dxHP-PkgHP-18to33-Ex-SEER18.1/instance-out.sql,0.00,0.00
CZ04/MLI&0&cDXHP&Ex&dxHP_equip/NE-dxHP-PkgHP-33to65-Ex-SEER13.4/instance-out.sql,0.00,0.00
CZ04/MLI&0&cDXHP&Ex&dxHP_equip/NE-dxHP-PkgHP-33to65-Ex-SEER15.2/instance-out.sql,0.00,0.00
CZ04/MLI&0&cDXHP&Ex&dxHP_equip/NE-dxHP-PkgHP-33to65-Ex-SEER16.2/instance-out.sql,0.00,0.00
CZ04/MLI&0&cDXHP&Ex&dxHP_equip/NE-dxHP-PkgHP-33to65-Ex-SEER17.1/instance-out.sql,0.00,0.00
CZ04/MLI&0&cDXHP&Ex&dxHP_equip/NE-dxHP-PkgHP-33to65-Ex-SEER18.1/instance-out.sql,0.00,0.00
CZ04/MLI&0&cDXHP&Ex&dxHP_equip/NE-dxHP-SplitHP-18to33-Ex-SEER14.3/instance-out.sql,0.00,0.00
CZ04/MLI&0&cDXHP&Ex&dxHP_equip/NE-dxHP-SplitHP-18to33-Ex-SEER15.2/instance-out.sql,0.00,0.00
CZ04/MLI&0&cDXHP&Ex&dxHP_equip/NE-dxHP-SplitHP-18to33-Ex-SEER16.2/instance-out.sql,0.00,0.00
CZ04/MLI&0&cDXHP&Ex&dxHP_equip/NE-dxHP-SplitHP-18to33-Ex-SEER17.1/instance-out.sql,0.00,0.00
CZ04/MLI&0&cDXHP&Ex&dxHP_equip/NE-dxHP-SplitHP-18to33-Ex-SEER18.1/instance-out.sql,0.00,0.00
CZ04/MLI&0&cDXHP&Ex&dxHP_equip/NE-dxHP-SplitHP-33to55-Ex-SEER14.3/instance-out.sql,0.00,0.00
CZ04/MLI&0&cDXHP&Ex&dxHP_equip/NE-dxHP-SplitHP-33to55-Ex-SEER15.2/instance-out.sql,0.00,0.00
CZ04/MLI&0&cDXHP&Ex&dxHP_equip/NE-dxHP-SplitHP-33to55-Ex-SEER16.2/instance-out.sql,0.00,0.00
CZ04/MLI&0&cDXHP&Ex&dxHP_equip/NE-dxHP-SplitHP-33to55-Ex-SEER17.1/instance-out.sql,0.00,0.00
CZ04/MLI&0&cDXHP&Ex&dxHP_equip/NE-dxHP-SplitHP-33to55-Ex-SEER18.1/instance-out.sql,0.00,0.00
CZ04/Mtl&0&cDXHP&Ex&dxHP_equip/NE-dxHP-PkgHP-18to33-Ex-SEER13.4/instance-out.sql,0.00,188.00
CZ04/Mtl&0&cDXHP&Ex&dxHP_equip/NE-dxHP-PkgHP-18to33-Ex-SEER15.2/instance-out.sql,0.00,188.00
CZ04/Mtl&0&cDXHP&Ex&dxHP_equip/NE-dxHP-PkgHP-18to33-Ex-SEER16.2/instance-out.sql,0.00,188.00
CZ04/Mtl&0&cDXHP&Ex&dxHP_equip/NE-dxHP-PkgHP-18to33-Ex-SEER17.1/instance-out.sql,0.00,188.00
CZ04/Mtl&0&cDXHP&Ex&dxHP_equip/NE-dxHP-PkgHP-18to33-Ex-SEER18.1/instance-out.sql,0.00,188.00
CZ04/Mtl&0&cDXHP&Ex&dxHP_equip/NE-dxHP-PkgHP-33to65-Ex-SEER13.4/instance-out.sql,0.00,188.00
CZ04/Mtl&0&cDXHP&Ex&dxHP_equip/NE-dxHP-PkgHP-33to65-Ex-SEER15.2/instance-out.sql,0.00,188.00
CZ04/Mtl&0&cDXHP&Ex&dxHP_equip/NE-dxHP-PkgHP-33to65-Ex-SEER16.2/instance-out.sql,0.00,188.00
CZ04/Mtl&0&cDXHP&Ex&dxHP_equip/NE-dxHP-PkgHP-33to65-Ex-SEER17.1/instance-out.sql,0.00,188.00
CZ04/Mtl&0&cDXHP&Ex&dxHP_equip/NE-dxHP-PkgHP-33to65-Ex-SEER18.1/instance-out.sql,0.00,188.00
CZ04/Mtl&0&cDXHP&Ex&dxHP_equip/NE-dxHP-SplitHP-18to33-Ex-SEER14.3/instance-out.sql,0.00,188.00
CZ04/Mtl&0&cDXHP&Ex&dxHP_equip/NE-dxHP-SplitHP-18to33-Ex-SEER15.2/instance-out.sql,0.00,188.00
CZ04/Mtl&0&cDXHP&Ex&dxHP_equip/NE-dxHP-SplitHP-18to33-Ex-SEER16.2/instance-out.sql,0.00,188.00
CZ04/Mtl&0&cDXHP&Ex&dxHP_equip/NE-dxHP-SplitHP-18to33-Ex-SEER17.1/instance-out.sql,0.00,188.00
CZ04/Mtl&0&cDXHP&Ex&dxHP_equip/NE-dxHP-SplitHP-18to33-Ex-SEER18.1/instance-out.sql,0.00,188.00
CZ04/Mtl&0&cDXHP&Ex&dxHP_equip/NE-dxHP-SplitHP-33to55-Ex-SEER14.3/instance-out.sql,0.00,188.00
CZ04/Mtl&0&cDXHP&Ex&dxHP_equip/NE-dxHP-SplitHP-33to55-Ex-SEER15.2/instance-out.sql,0.00,188.00
CZ04/Mtl&0&cDXHP&Ex&dxHP_equip/NE-dxHP-SplitHP-33to55-Ex-SEER16.2/instance-out.sql,0.00,188.00
CZ04/Mtl&0&cDXHP&Ex&dxHP_equip/NE-dxHP-SplitHP-33to55-Ex-SEER17.1/instance-out.sql,0.00,188.00
CZ04/Mtl&0&cDXHP&Ex&dxHP_equip/NE-dxHP-SplitHP-33to55-Ex-SEER18.1/instance-out.sql,0.00,188.00
CZ04/Nrs&0&cDXHP&Ex&dxHP_equip/NE-dxHP-PkgHP-18to33-Ex-SEER13.4/instance-out.sql,0.00,30.00
CZ04/Nrs&0&cDXHP&Ex&dxHP_equip/NE-dxHP-PkgHP-18to33-Ex-SEER15.2/instance-out.sql,0.00,30.00
CZ04/Nrs&0&cDXHP&Ex&dxHP_equip/NE-dxHP-PkgHP-18to33-Ex-SEER16.2/instance-out.sql,0.00,30.00
CZ04/Nrs&0&cDXHP&Ex&dxHP_equip/NE-dxHP-PkgHP-18to33-Ex-SEER17.1/instance-out.sql,0.00,30.00
CZ04/Nrs&0&cDXHP&Ex&dxHP_equip/NE-dxHP-PkgHP-18to33-Ex-SEER18.1/instance-out.sql,0.00,30.00
CZ04/Nrs&0&cDXHP&Ex&dxHP_equip/NE-dxHP-PkgHP-33to65-Ex-SEER13.4/instance-out.sql,0.00,30.00
CZ04/Nrs&0&cDXHP&Ex&dxHP_equip/NE-dxHP-PkgHP-33to65-Ex-SEER15.2/instance-out.sql,0.00,30.00
CZ04/Nrs&0&cDXHP&Ex&dxHP_equip/NE-dxHP-PkgHP-33to65-Ex-SEER16.2/instance-out.sql,0.00,30.00
CZ04/Nrs&0&cDXHP&Ex&dxHP_equip/NE-dxHP-PkgHP-33to65-Ex-SEER17.1/instance-out.sql,0.00,30.00
CZ04/Nrs&0&cDXHP&Ex&dxHP_equip/NE-dxHP-PkgHP-33to65-Ex-SEER18.1/instance-out.sql,0.00,30.00
CZ04/Nrs&0&cDXHP&Ex&dxHP_equip/NE-dxHP-SplitHP-18to33-Ex-SEER14.3/instance-out.sql,0.00,30.00
CZ04/Nrs&0&cDXHP&Ex&dxHP_equip/NE-dxHP-SplitHP-18to33-Ex-SEER15.2/instance-out.sql,0.00,30.00
CZ04/Nrs&0&cDXHP&Ex&dxHP_equip/NE-dxHP-SplitHP-18to33-Ex-SEER16.2/instance-out.sql,0.00,30.00
CZ04/Nrs&0&cDXHP&Ex&dxHP_equip/NE-dxHP-SplitHP-18to33-Ex-SEER17.1/instance-out.sql,0.00,30.00
CZ04/Nrs&0&cDXHP&Ex&dxHP_equip/NE-dxHP-SplitHP-18to33-Ex-SEER18.1/instance-out.sql,0.00,30.00
CZ04/Nrs&0&cDXHP&Ex&dxHP_equip/NE-dxHP-SplitHP-33to55-Ex-SEER14.3/instance-out.sql,0.00,30.00
CZ04/Nrs&0&cDXHP&Ex&dxHP_equip/NE-dxHP-SplitHP-33to55-Ex-SEER15.2/instance-out.sql,0.00,30.00
CZ04/Nrs&0&cDXHP&Ex&dxHP_equip/NE-dxHP-SplitHP-33to55-Ex-SEER16.2/instance-out.sql,0.00,30.00
CZ04/Nrs&0&cDXHP&Ex&dxHP_equip/NE-dxHP-SplitHP-33to55-Ex-SEER17.1/instance-out.sql,0.00,30.00
CZ04/Nrs&0&cDXHP&Ex&dxHP_equip/NE-dxHP-SplitHP-33to55-Ex-SEER18.1/instance-out.sql,0.00,30.00
CZ04/OfL&0&cDXHP&Ex&dxHP_equip/NE-dxHP-PkgHP-18to33-Ex-SEER13.4/instance-out.sql,5.00,379.00
CZ04/OfL&0&cDXHP&Ex&dxHP_equip/NE-dxHP-PkgHP-18to33-Ex-SEER15.2/instance-out.sql,5.00,379.00
CZ04/OfL&0&cDXHP&Ex&dxHP_equip/NE-dxHP-PkgHP-18to33-Ex-SEER16.2/instance-out.sql,5.00,379.00
CZ04/OfL&0&cDXHP&Ex&dxHP_equip/NE-dxHP-PkgHP-18to33-Ex-SEER17.1/instance-out.sql,5.00,379.00
CZ04/OfL&0&cDXHP&Ex&dxHP_equip/NE-dxHP-PkgHP-18to33-Ex-SEER18.1/instance-out.sql,5.00,379.00
CZ04/OfL&0&cDXHP&Ex&dxHP_equip/NE-dxHP-PkgHP-33to65-Ex-SEER13.4/instance-out.sql,5.00,379.00
CZ04/OfL&0&cDXHP&Ex&dxHP_equip/NE-dxHP-PkgHP-33to65-Ex-SEER15.2/instance-out.sql,5.00,379.00
CZ04/OfL&0&cDXHP&Ex&dxHP_equip/NE-dxHP-PkgHP-33to65-Ex-SEER16.2/instance-out.sql,5.00,379.00
CZ04/OfL&0&cDXHP&Ex&dxHP_equip/NE-dxHP-PkgHP-33to65-Ex-SEER17.1/instance-out.sql,5.00,379.00
CZ04/OfL&0&cDXHP&Ex&dxHP_equip/NE-dxHP-PkgHP-33to65-Ex-SEER18.1/instance-out.sql,5.00,379.00
CZ04/OfL&0&cDXHP&Ex&dxHP_equip/NE-dxHP-SplitHP-18to33-Ex-SEER14.3/instance-out.sql,5.00,379.00
CZ04/OfL&0&cDXHP&Ex&dxHP_equip/NE-dxHP-SplitHP-18to33-Ex-SEER15.2/instance-out.sql,5.00,379.00
CZ04/OfL&0&cDXHP&Ex&dxHP_equip/NE-dxHP-SplitHP-18to33-Ex-SEER16.2/instance-out.sql,5.00,379.00
CZ04/OfL&0&cDXHP&Ex&dxHP_equip/NE-dxHP-SplitHP-18to33-Ex-SEER17.1/instance-out.sql,5.00,379.00
CZ04/OfL&0&cDXHP&Ex&dxHP_equip/NE-dxHP-SplitHP-18to33-Ex-SEER18.1/instance-out.sql,5.00,379.00
CZ04/OfL&0&cDXHP&Ex&dxHP_equip/NE-dxHP-SplitHP-33to55-Ex-SEER14.3/instance-out.sql,5.00,379.00
CZ04/OfL&0&cDXHP&Ex&dxHP_equip/NE-dxHP-SplitHP-33to55-Ex-SEER15.2/instance-out.sql,5.00,379.00
CZ04/OfL&0&cDXHP&Ex&dxHP_equip/NE-dxHP-SplitHP-33to55-Ex-SEER16.2/instance-out.sql,5.00,379.00
CZ04/OfL&0&cDXHP&Ex&dxHP_equip/NE-dxHP-SplitHP-33to55-Ex-SEER17.1/instance-out.sql,5.00,379.00
CZ04/OfL&0&cDXHP&Ex&dxHP_equip/NE-dxHP-SplitHP-33to55-Ex-SEER18.1/instance-out.sql,5.00,379.00
CZ04/OfS&0&cDXHP&Ex&dxHP_equip/NE-dxHP-PkgHP-18to33-Ex-SEER13.4/instance-out.sql,1.00,335.00
CZ04/OfS&0&cDXHP&Ex&dxHP_equip/NE-dxHP-PkgHP-18to33-Ex-SEER15.2/instance-out.sql,1.00,335.00
CZ04/OfS&0&cDXHP&Ex&dxHP_equip/NE-dxHP-PkgHP-18to33-Ex-SEER16.2/instance-out.sql,1.00,335.00
CZ04/OfS&0&cDXHP&Ex&dxHP_equip/NE-dxHP-PkgHP-18to33-Ex-SEER17.1/instance-out.sql,1.00,335.00
CZ04/OfS&0&cDXHP&Ex&dxHP_equip/NE-dxHP-PkgHP-18to33-Ex-SEER18.1/instance-out.sql,1.00,335.00
CZ04/OfS&0&cDXHP&Ex&dxHP_equip/NE-dxHP-PkgHP-33to65-Ex-SEER13.4/instance-out.sql,1.00,335.00
CZ04/OfS&0&cDXHP&Ex&dxHP_equip/NE-dxHP-PkgHP-33to65-Ex-SEER15.2/instance-out.sql,1.00,335.00
CZ04/OfS&0&cDXHP&Ex&dxHP_equip/NE-dxHP-PkgHP-33to65-Ex-SEER16.2/instance-out.sql,1.00,335.00
CZ04/OfS&0&cDXHP&Ex&dxHP_equip/NE-dxHP-PkgHP-33to65-Ex-SEER17.1/instance-out.sql,1.00,335.00
CZ04/OfS&0&cDXHP&Ex&dxHP_equip/NE-dxHP-PkgHP-33to65-Ex-SEER18.1/instance-out.sql,1.00,335.00
CZ04/OfS&0&cDXHP&Ex&dxHP_equip/NE-dxHP-SplitHP-18to33-Ex-SEER14.3/instance-out.sql,1.00,335.00
CZ04/OfS&0&cDXHP&Ex&dxHP_equip/NE-dxHP-SplitHP-18to33-Ex-SEER15.2/instance-out.sql,1.00,335.00
CZ04/OfS&0&cDXHP&Ex&dxHP_equip/NE-dxHP-SplitHP-18to33-Ex-SEER16.2/instance-out.sql,1.00,335.00
CZ04/OfS&0&cDXHP&Ex&dxHP_equip/NE-dxHP-SplitHP-18to33-Ex-SEER17.1/instance-out.sql,1.00,335.00
CZ04/OfS&0&cDXHP&Ex&dxHP_equip/NE-dxHP-SplitHP-18to33-Ex-SEER18.1/instance-out.sql,1.00,335.00
CZ04/OfS&0&cDXHP&Ex&dxHP_equip/NE-dxHP-SplitHP-33to55-Ex-SEER14.3/instance-out.sql,1.00,335.00
CZ04/OfS&0&cDXHP&Ex&dxHP_equip/NE-dxHP-SplitHP-33to55-Ex-SEER15.2/instance-out.sql,1.00,335.00
CZ04/OfS&0&cDXHP&Ex&dxHP_equip/NE-dxHP-SplitHP-33to55-Ex-SEER16.2/instance-out.sql,1.00,335.00
CZ04/OfS&0&cDXHP&Ex&dxHP_equip/NE-dxHP-SplitHP-33to55-Ex-SEER17.1/instance-out.sql,1.00,335.00
CZ04/OfS&0&cDXHP&Ex&dxHP_equip/NE-dxHP-SplitHP-33to55-Ex-SEER18.1/instance-out.sql,1.00,335.00
CZ04/RFF&0&cDXHP&Ex&dxHP_equip/NE-dxHP-PkgHP-18to33-Ex-SEER13.4/instance-out.sql,0.00,0.00
CZ04/RFF&0&cDXHP&Ex&dxHP_equip/NE-dxHP-PkgHP-18to33-Ex-SEER15.2/instance-out.sql,0.00,0.00
CZ04/RFF&0&cDXHP&Ex&dxHP_equip/NE-dxHP-PkgHP-18to33-Ex-SEER16.2/instance-out.sql,0.00,0.00
CZ04/RFF&0&cDXHP&Ex&dxHP_equip/NE-dxHP-PkgHP-18to33-Ex-SEER17.1/instance-out.sql,0.00,0.00
CZ04/RFF&0&cDXHP&Ex&dxHP_equip/NE-dxHP-PkgHP-18to33-Ex-SEER18.1/instance-out.sql,0.00,0.00
CZ04/RFF&0&cDXHP&Ex&dxHP_equip/NE-dxHP-PkgHP-33to65-Ex-SEER13.4/instance-out.sql,0.00,0.00
CZ04/RFF&0&cDXHP&Ex&dxHP_equip/NE-dxHP-PkgHP-33to65-Ex-SEER15.2/instance-out.sql,0.00,0.00
CZ04/RFF&0&cDXHP&Ex&dxHP_equip/NE-dxHP-PkgHP-33to65-Ex-SEER16.2/instance-out.sql,0.00,0.00
CZ04/RFF&0&cDXHP&Ex&dxHP_equip/NE-dxHP-PkgHP-33to65-Ex-SEER17.1/instance-out.sql,0.00,0.00
CZ04/RFF&0&cDXHP&Ex&dxHP_equip/NE-dxHP-PkgHP-33to65-Ex-SEER18.1/instance-out.sql,0.00,0.00
CZ04/RFF&0&cDXHP&Ex&dxHP_equip/NE-dxHP-SplitHP-18to33-Ex-SEER14.3/instance-out.sql,0.00,0.00
CZ04/RFF&0&cDXHP&Ex&dxHP_equip/NE-dxHP-SplitHP-18to33-Ex-SEER15.2/instance-out.sql,0.00,0.00
CZ04/RFF&0&cDXHP&Ex&dxHP_equip/NE-dxHP-SplitHP-18to33-Ex-SEER16.2/instance-out.sql,0.00,0.00
CZ04/RFF&0&cDXHP&Ex&dxHP_equip/NE-dxHP-SplitHP-18to33-Ex-SEER17.1/instance-out.sql,0.00,0.00
CZ04/RFF&0&cDXHP&Ex&dxHP_equip/NE-dxHP-SplitHP-18to33-Ex-SEER18.1/instance-out.sql,0.00,0.00
CZ04/RFF&0&cDXHP&Ex&dxHP_equip/NE-dxHP-SplitHP-33to55-Ex-SEER14.3/instance-out.sql,0.00,0.00
CZ04/RFF&0&cDXHP&Ex&dxHP_equip/NE-dxHP-SplitHP-33to55-Ex-SEER15.2/instance-out.sql,0.00,0.00
CZ04/RFF&0&cDXHP&Ex&dxHP_equip/NE-dxHP-SplitHP-33to55-Ex-SEER16.2/instance-out.sql,0.00,0.00
CZ04/RFF&0&cDXHP&Ex&dxHP_equip/NE-dxHP-SplitHP-33to55-Ex-SEER17.1/instance-out.sql,0.00,0.00
CZ04/RFF&0&cDXHP&Ex&dxHP_equip/NE-dxHP-SplitHP-33to55-Ex-SEER18.1/instance-out.sql,0.00,0.00
CZ04/RSD&0&cDXHP&Ex&dxHP_equip/NE-dxHP-PkgHP-18to33-Ex-SEER13.4/instance-out.sql,0.00,0.00
CZ04/RSD&0&cDXHP&Ex&dxHP_equip/NE-dxHP-PkgHP-18to33-Ex-SEER15.2/instance-out.sql,0.00,0.00
CZ04/RSD&0&cDXHP&Ex&dxHP_equip/NE-dxHP-PkgHP-18to33-Ex-SEER16.2/instance-out.sql,0.00,0.00
CZ04/RSD&0&cDXHP&Ex&dxHP_equip/NE-dxHP-PkgHP-18to33-Ex-SEER17.1/instance-out.sql,0.00,0.00
CZ04/RSD&0&cDXHP&Ex&dxHP_equip/NE-dxHP-PkgHP-18to33-Ex-SEER18.1/instance-out.sql,0.00,0.00
CZ04/RSD&0&cDXHP&Ex&dxHP_equip/NE-dxHP-PkgHP-33to65-Ex-SEER13.4/instance-out.sql,0.00,0.00
CZ04/RSD&0&cDXHP&Ex&dxHP_equip/NE-dxHP-PkgHP-33to65-Ex-SEER15.2/instance-out.sql,0.00,0.00
CZ04/RSD&0&cDXHP&Ex&dxHP_equip/NE-dxHP-PkgHP-33to65-Ex-SEER16.2/instance-out.sql,0.00,0.00
CZ04/RSD&0&cDXHP&Ex&dxHP_equip/NE-dxHP-PkgHP-33to65-Ex-SEER17.1/instance-out.sql,0.00,0.00
CZ04/RSD&0&cDXHP&Ex&dxHP_equip/NE-dxHP-PkgHP-33to65-Ex-SEER18.1/instance-out.sql,0.00,0.00
CZ04/RSD&0&cDXHP&Ex&dxHP_equip/NE-dxHP-SplitHP-18to33-Ex-SEER14.3/instance-out.sql,0.00,0.00
CZ04/RSD&0&cDXHP&Ex&dxHP_equip/NE-dxHP-SplitHP-18to33-Ex-SEER15.2/instance-out.sql,0.00,0.00
CZ04/RSD&0&cDXHP&Ex&dxHP_equip/NE-dxHP-SplitHP-18to33-Ex-SEER16.2/instance-out.sql,0.00,0.00
CZ04/RSD&0&cDXHP&Ex&dxHP_equip/NE-dxHP-SplitHP-18to33-Ex-SEER17.1/instance-out.sql,0.00,0.00
CZ04/RSD&0&cDXHP&Ex&dxHP_equip/NE-dxHP-SplitHP-18to33-Ex-SEER18.1/instance-out.sql,0.00,0.00
CZ04/RSD&0&cDXHP&Ex&dxHP_equip/NE-dxHP-SplitHP-33to55-Ex-SEER14.3/instance-out.sql,0.00,0.00
CZ04/RSD&0&cDXHP&Ex&dxHP_equip/NE-dxHP-SplitHP-33to55-Ex-SEER15.2/instance-out.sql,0.00,0.00
CZ04/RSD&0&cDXHP&Ex&dxHP_equip/NE-dxHP-SplitHP-33to55-Ex-SEER16.2/instance-out.sql,0.00,0.00
CZ04/RSD&0&cDXHP&Ex&dxHP_equip/NE-dxHP-SplitHP-33to55-Ex-SEER17.1/instance-out.sql,0.00,0.00
CZ04/RSD&0&cDXHP&Ex&dxHP_equip/NE-dxHP-SplitHP-33to55-Ex-SEER18.1/instance-out.sql,0.00,0.00
CZ04/Rt3&0&cDXHP&Ex&dxHP_equip/NE-dxHP-PkgHP-18to33-Ex-SEER13.4/instance-out.sql,0.00,0.00
CZ04/Rt3&0&cDXHP&Ex&dxHP_equip/NE-dxHP-PkgHP-18to33-Ex-SEER15.2/instance-out.sql,0.00,0.00
CZ04/Rt3&0&cDXHP&Ex&dxHP_equip/NE-dxHP-PkgHP-18to33-Ex-SEER16.2/instance-out.sql,0.00,0.00
CZ04/Rt3&0&cDXHP&Ex&dxHP_equip/NE-dxHP-PkgHP-18to33-Ex-SEER17.1/instance-out.sql,0.00,0.00
CZ04/Rt3&0&cDXHP&Ex&dxHP_equip/NE-dxHP-PkgHP-18to33-Ex-SEER18.1/instance-out.sql,0.00,0.00
CZ04/Rt3&0&cDXHP&Ex&dxHP_equip/NE-dxHP-PkgHP-33to65-Ex-SEER13.4/instance-out.sql,0.00,0.00
CZ04/Rt3&0&cDXHP&Ex&dxHP_equip/NE-dxHP-PkgHP-33to65-Ex-SEER15.2/instance-out.sql,0.00,0.00
CZ04/Rt3&0&cDXHP&Ex&dxHP_equip/NE-dxHP-PkgHP-33to65-Ex-SEER16.2/instance-out.sql,0.00,0.00
CZ04/Rt3&0&cDXHP&Ex&dxHP_equip/NE-dxHP-PkgHP-33to65-Ex-SEER17.1/instance-out.sql,0.00,0.00
CZ04/Rt3&0&cDXHP&Ex&dxHP_equip/NE-dxHP-PkgHP-33to65-Ex-SEER18.1/instance-out.sql,0.00,0.00
CZ04/Rt3&0&cDXHP&Ex&dxHP_equip/NE-dxHP-SplitHP-18to33-Ex-SEER14.3/instance-out.sql,0.00,0.00
CZ04/Rt3&0&cDXHP&Ex&dxHP_equip/NE-dxHP-SplitHP-18to33-Ex-SEER15.2/instance-out.sql,0.00,0.00
CZ04/Rt3&0&cDXHP&Ex&dxHP_equip/NE-dxHP-SplitHP-18to33-Ex-SEER16.2/instance-out.sql,0.00,0.00
CZ04/Rt3&0&cDXHP&Ex&dxHP_equip/NE-dxHP-SplitHP-18to33-Ex-SEER17.1/instance-out.sql,0.00,0.00
CZ04/Rt3&0&cDXHP&Ex&dxHP_equip/NE-dxHP-SplitHP-18to33-Ex-SEER18.1/instance-out.sql,0.00,0.00
CZ04/Rt3&0&cDXHP&Ex&dxHP_equip/NE-dxHP-SplitHP-33to55-Ex-SEER14.3/instance-out.sql,0.00,0.00
CZ04/Rt3&0&cDXHP&Ex&dxHP_equip/NE-dxHP-SplitHP-33to55-Ex-SEER15.2/instance-out.sql,0.00,0.00
CZ04/Rt3&0&cDXHP&Ex&dxHP_equip/NE-dxHP-SplitHP-33to55-Ex-SEER16.2/instance-out.sql,0.00,0.00
CZ04/Rt3&0&cDXHP&Ex&dxHP_equip/NE-dxHP-SplitHP-33to55-Ex-SEER17.1/instance-out.sql,0.00,0.00
CZ04/Rt3&0&cDXHP&Ex&dxHP_equip/NE-dxHP-SplitHP-33to55-Ex-SEER18.1/instance-out.sql,0.00,0.00
CZ04/RtL&0&cDXHP&Ex&dxHP_equip/NE-dxHP-PkgHP-18to33-Ex-SEER13.4/instance-out.sql,0.00,0.00
CZ04/RtL&0&cDXHP&Ex&dxHP_equip/NE-dxHP-PkgHP-18to33-Ex-SEER15.2/instance-out.sql,0.00,0.00
CZ04/RtL&0&cDXHP&Ex&dxHP_equip/NE-dxHP-PkgHP-18to33-Ex-SEER16.2/instance-out.sql,0.00,0.00
CZ04/RtL&0&cDXHP&Ex&dxHP_equip/NE-dxHP-PkgHP-18to33-Ex-SEER17.1/instance-out.sql,0.00,0.00
CZ04/RtL&0&cDXHP&Ex&dxHP_equip/NE-dxHP-PkgHP-18to33-Ex-SEER18.1/instance-out.sql,0.00,0.00
CZ04/RtL&0&cDXHP&Ex&dxHP_equip/NE-dxHP-PkgHP-33to65-Ex-SEER13.4/instance-out.sql,0.00,0.00
CZ04/RtL&0&cDXHP&Ex&dxHP_equip/NE-dxHP-PkgHP-33to65-Ex-SEER15.2/instance-out.sql,0.00,0.00
CZ04/RtL&0&cDXHP&Ex&dxHP_equip/NE-dxHP-PkgHP-33to65-Ex-SEER16.2/instance-out.sql,0.00,0.00
CZ04/RtL&0&cDXHP&Ex&dxHP_equip/NE-dxHP-PkgHP-33to65-Ex-SEER17.1/instance-out.sql,0.00,0.00
CZ04/RtL&0&cDXHP&Ex&dxHP_equip/NE-dxHP-PkgHP-33to65-Ex-SEER18.1/instance-out.sql,0.00,0.00
CZ04/RtL&0&cDXHP&Ex&dxHP_equip/NE-dxHP-SplitHP-18to33-Ex-SEER14.3/instance-out.sql,0.00,0.00
CZ04/RtL&0&cDXHP&Ex&dxHP_equip/NE-dxHP-SplitHP-18to33-Ex-SEER15.2/instance-out.sql,0.00,0.00
CZ04/RtL&0&cDXHP&Ex&dxHP_equip/NE-dxHP-SplitHP-18to33-Ex-SEER16.2/instance-out.sql,0.00,0.00
CZ04/RtL&0&cDXHP&Ex&dxHP_equip/NE-dxHP-SplitHP-18to33-Ex-SEER17.1/instance-out.sql,0.00,0.00
CZ04/RtL&0&cDXHP&Ex&dxHP_equip/NE-dxHP-SplitHP-18to33-Ex-SEER18.1/instance-out.sql,0.00,0.00
CZ04/RtL&0&cDXHP&Ex&dxHP_equip/NE-dxHP-SplitHP-33to55-Ex-SEER14.3/instance-out.sql,0.00,0.00
CZ04/RtL&0&cDXHP&Ex&dxHP_equip/NE-dxHP-SplitHP-33to55-Ex-SEER15.2/instance-out.sql,0.00,0.00
CZ04/RtL&0&cDXHP&Ex&dxHP_equip/NE-dxHP-SplitHP-33to55-Ex-SEER16.2/instance-out.sql,0.00,0.00
CZ04/RtL&0&cDXHP&Ex&dxHP_equip/NE-dxHP-SplitHP-33to55-Ex-SEER17.1/instance-out.sql,0.00,0.00
CZ04/RtL&0&cDXHP&Ex&dxHP_equip/NE-dxHP-SplitHP-33to55-Ex-SEER18.1/instance-out.sql,0.00,0.00
CZ04/RtS&0&cDXHP&Ex&dxHP_equip/NE-dxHP-PkgHP-18to33-Ex-SEER13.4/instance-out.sql,0.00,0.00
CZ04/RtS&0&cDXHP&Ex&dxHP_equip/NE-dxHP-PkgHP-18to33-Ex-SEER15.2/instance-out.sql,0.00,0.00
CZ04/RtS&0&cDXHP&Ex&dxHP_equip/NE-dxHP-PkgHP-18to33-Ex-SEER16.2/instance-out.sql,0.00,0.00
CZ04/RtS&0&cDXHP&Ex&dxHP_equip/NE-dxHP-PkgHP-18to33-Ex-SEER17.1/instance-out.sql,0.00,0.00
CZ04/RtS&0&cDXHP&Ex&dxHP_equip/NE-dxHP-PkgHP-18to33-Ex-SEER18.1/instance-out.sql,0.00,0.00
CZ04/RtS&0&cDXHP&Ex&dxHP_equip/NE-dxHP-PkgHP-33to65-Ex-SEER13.4/instance-out.sql,0.00,0.00
CZ04/RtS&0&cDXHP&Ex&dxHP_equip/NE-dxHP-PkgHP-33to65-Ex-SEER15.2/instance-out.sql,0.00,0.00
CZ04/RtS&0&cDXHP&Ex&dxHP_equip/NE-dxHP-PkgHP-33to65-Ex-SEER16.2/instance-out.sql,0.00,0.00
CZ04/RtS&0&cDXHP&Ex&dxHP_equip/NE-dxHP-PkgHP-33to65-Ex-SEER17.1/instance-out.sql,0.00,0.00
CZ04/RtS&0&cDXHP&Ex&dxHP_equip/NE-dxHP-PkgHP-33to65-Ex-SEER18.1/instance-out.sql,0.00,0.00
CZ04/RtS&0&cDXHP&Ex&dxHP_equip/NE-dxHP-SplitHP-18to33-Ex-SEER14.3/instance-out.sql,0.00,0.00
CZ04/RtS&0&cDXHP&Ex&dxHP_equip/NE-dxHP-SplitHP-18to33-Ex-SEER15.2/instance-out.sql,0.00,0.00
CZ04/RtS&0&cDXHP&Ex&dxHP_equip/NE-dxHP-SplitHP-18to33-Ex-SEER16.2/instance-out.sql,0.00,0.00
CZ04/RtS&0&cDXHP&Ex&dxHP_equip/NE-dxHP-SplitHP-18to33-Ex-SEER17.1/instance-out.sql,0.00,0.00
CZ04/RtS&0&cDXHP&Ex&dxHP_equip/NE-dxHP-SplitHP-18to33-Ex-SEER18.1/instance-out.sql,0.00,0.00
CZ04/RtS&0&cDXHP&Ex&dxHP_equip/NE-dxHP-SplitHP-33to55-Ex-SEER14.3/instance-out.sql,0.00,0.00
CZ04/RtS&0&cDXHP&Ex&dxHP_equip/NE-dxHP-SplitHP-33to55-Ex-SEER15.2/instance-out.sql,0.00,0.00
CZ04/RtS&0&cDXHP&Ex&dxHP_equip/NE-dxHP-SplitHP-33to55-Ex-SEER16.2/instance-out.sql,0.00,0.00
CZ04/RtS&0&cDXHP&Ex&dxHP_equip/NE-dxHP-SplitHP-33to55-Ex-SEER17.1/instance-out.sql,0.00,0.00
CZ04/RtS&0&cDXHP&Ex&dxHP_equip/NE-dxHP-SplitHP-33to55-Ex-SEER18.1/instance-out.sql,0.00,0.00
CZ04/SCn&0&cDXHP&Ex&dxHP_equip/NE-dxHP-PkgHP-18to33-Ex-SEER13.4/instance-out.sql,0.00,0.00
CZ04/SCn&0&cDXHP&Ex&dxHP_equip/NE-dxHP-PkgHP-18to33-Ex-SEER15.2/instance-out.sql,0.00,0.00
CZ04/SCn&0&cDXHP&Ex&dxHP_equip/NE-dxHP-PkgHP-18to33-Ex-SEER16.2/instance-out.sql,0.00,0.00
CZ04/SCn&0&cDXHP&Ex&dxHP_equip/NE-dxHP-PkgHP-18to33-Ex-SEER17.1/instance-out.sql,0.00,0.00
CZ04/SCn&0&cDXHP&Ex&dxHP_equip/NE-dxHP-PkgHP-18to33-Ex-SEER18.1/instance-out.sql,0.00,0.00
CZ04/SCn&0&cDXHP&Ex&dxHP_equip/NE-dxHP-PkgHP-33to65-Ex-SEER13.4/instance-out.sql,0.00,0.00
CZ04/SCn&0&cDXHP&Ex&dxHP_equip/NE-dxHP-PkgHP-33to65-Ex-SEER15.2/instance-out.sql,0.00,0.00
CZ04/SCn&0&cDXHP&Ex&dxHP_equip/NE-dxHP-PkgHP-33to65-Ex-SEER16.2/instance-out.sql,0.00,0.00
CZ04/SCn&0&cDXHP&Ex&dxHP_equip/NE-dxHP-PkgHP-33to65-Ex-SEER17.1/instance-out.sql,0.00,0.00
CZ04/SCn&0&cDXHP&Ex&dxHP_equip/NE-dxHP-PkgHP-33to65-Ex-SEER18.1/instance-out.sql,0.00,0.00
CZ04/SCn&0&cDXHP&Ex&dxHP_equip/NE-dxHP-SplitHP-18to33-Ex-SEER14.3/instance-out.sql,0.00,0.00
CZ04/SCn&0&cDXHP&Ex&dxHP_equip/NE-dxHP-SplitHP-18to33-Ex-SEER15.2/instance-out.sql,0.00,0.00
CZ04/SCn&0&cDXHP&Ex&dxHP_equip/NE-dxHP-SplitHP-18to33-Ex-SEER16.2/instance-out.sql,0.00,0.00
CZ04/SCn&0&cDXHP&Ex&dxHP_equip/NE-dxHP-SplitHP-18to33-Ex-SEER17.1/instance-out.sql,0.00,0.00
CZ04/SCn&0&cDXHP&Ex&dxHP_equip/NE-dxHP-SplitHP-18to33-Ex-SEER18.1/instance-out.sql,0.00,0.00
CZ04/SCn&0&cDXHP&Ex&dxHP_equip/NE-dxHP-SplitHP-33to55-Ex-SEER14.3/instance-out.sql,0.00,0.00
CZ04/SCn&0&cDXHP&Ex&dxHP_equip/NE-dxHP-SplitHP-33to55-Ex-SEER15.2/instance-out.sql,0.00,0.00
CZ04/SCn&0&cDXHP&Ex&dxHP_equip/NE-dxHP-SplitHP-33to55-Ex-SEER16.2/instance-out.sql,0.00,0.00
CZ04/SCn&0&cDXHP&Ex&dxHP_equip/NE-dxHP-SplitHP-33to55-Ex-SEER17.1/instance-out.sql,0.00,0.00
CZ04/SCn&0&cDXHP&Ex&dxHP_equip/NE-dxHP-SplitHP-33to55-Ex-SEER18.1/instance-out.sql,0.00,0.00

