File Name,Net Site EUI (kWh/m2),Net Site Energy (kWh),Net Source EUI (kWh/m2),Net Source Energy (kWh)
CZ15/Asm&0&cDXHP&Ex&dxHP_equip/NE-dxHP-PkgHP-18to33-Ex-SEER13.4/instance-out.sql,150.24,949238.84,495.07,3127895.33
CZ15/Asm&0&cDXHP&Ex&dxHP_equip/NE-dxHP-PkgHP-18to33-Ex-SEER15.2/instance-out.sql,146.05,922766.99,481.08,3039479.34
CZ15/Asm&0&cDXHP&Ex&dxHP_equip/NE-dxHP-PkgHP-18to33-Ex-SEER16.2/instance-out.sql,144.36,912075.77,475.43,3003770.67
CZ15/Asm&0&cDXHP&Ex&dxHP_equip/NE-dxHP-PkgHP-18to33-Ex-SEER17.1/instance-out.sql,143.01,903528.46,470.91,2975222.67
CZ15/Asm&0&cDXHP&Ex&dxHP_equip/NE-dxHP-PkgHP-18to33-Ex-SEER18.1/instance-out.sql,141.72,895402.78,466.61,2948082.88
CZ15/Asm&0&cDXHP&Ex&dxHP_equip/NE-dxHP-PkgHP-33to65-Ex-SEER13.4/instance-out.sql,150.24,949238.84,495.07,3127895.33
CZ15/Asm&0&cDXHP&Ex&dxHP_equip/NE-dxHP-PkgHP-33to65-Ex-SEER15.2/instance-out.sql,146.05,922766.99,481.08,3039479.34
CZ15/Asm&0&cDXHP&Ex&dxHP_equip/NE-dxHP-PkgHP-33to65-Ex-SEER16.2/instance-out.sql,144.36,912075.77,475.43,3003770.67
CZ15/Asm&0&cDXHP&Ex&dxHP_equip/NE-dxHP-PkgHP-33to65-Ex-SEER17.1/instance-out.sql,143.01,903528.46,470.91,2975222.67
CZ15/Asm&0&cDXHP&Ex&dxHP_equip/NE-dxHP-PkgHP-33to65-Ex-SEER18.1/instance-out.sql,141.72,895402.78,466.61,2948082.88
CZ15/Asm&0&cDXHP&Ex&dxHP_equip/NE-dxHP-SplitHP-18to33-Ex-SEER14.3/instance-out.sql,147.93,934625.66,487.35,3079087.32
CZ15/Asm&0&cDXHP&Ex&dxHP_equip/NE-dxHP-SplitHP-18to33-Ex-SEER15.2/instance-out.sql,145.98,922329.00,480.85,3038016.47
CZ15/Asm&0&cDXHP&Ex&dxHP_equip/NE-dxHP-SplitHP-18to33-Ex-SEER16.2/instance-out.sql,144.29,911637.78,475.20,3002307.80
CZ15/Asm&0&cDXHP&Ex&dxHP_equip/NE-dxHP-SplitHP-18to33-Ex-SEER17.1/instance-out.sql,142.94,903090.48,470.68,2973759.81
CZ15/Asm&0&cDXHP&Ex&dxHP_equip/NE-dxHP-SplitHP-18to33-Ex-SEER18.1/instance-out.sql,141.65,894964.79,466.38,2946620.01
CZ15/Asm&0&cDXHP&Ex&dxHP_equip/NE-dxHP-SplitHP-33to55-Ex-SEER14.3/instance-out.sql,147.93,934625.66,487.35,3079087.32
CZ15/Asm&0&cDXHP&Ex&dxHP_equip/NE-dxHP-SplitHP-33to55-Ex-SEER15.2/instance-out.sql,145.98,922329.00,480.85,3038016.47
CZ15/Asm&0&cDXHP&Ex&dxHP_equip/NE-dxHP-SplitHP-33to55-Ex-SEER16.2/instance-out.sql,144.29,911637.78,475.20,3002307.80
CZ15/Asm&0&cDXHP&Ex&dxHP_equip/NE-dxHP-SplitHP-33to55-Ex-SEER17.1/instance-out.sql,142.94,903090.48,470.68,2973759.81
CZ15/Asm&0&cDXHP&Ex&dxHP_equip/NE-dxHP-SplitHP-33to55-Ex-SEER18.1/instance-out.sql,141.65,894964.79,466.38,2946620.01
CZ15/ECC&0&cDXHP&Ex&dxHP_equip/NE-dxHP-PkgHP-18to33-Ex-SEER13.4/instance-out.sql,123.05,3248827.18,375.91,9924813.79
CZ15/ECC&0&cDXHP&Ex&dxHP_equip/NE-dxHP-PkgHP-18to33-Ex-SEER15.2/instance-out.sql,121.15,3198666.51,369.56,9757277.15
CZ15/ECC&0&cDXHP&Ex&dxHP_equip/NE-dxHP-PkgHP-18to33-Ex-SEER16.2/instance-out.sql,120.38,3178408.06,367.00,9689613.93
CZ15/ECC&0&cDXHP&Ex&dxHP_equip/NE-dxHP-PkgHP-18to33-Ex-SEER17.1/instance-out.sql,119.77,3162212.05,364.95,9635519.25
CZ15/ECC&0&cDXHP&Ex&dxHP_equip/NE-dxHP-PkgHP-18to33-Ex-SEER18.1/instance-out.sql,119.19,3146814.94,363.00,9584092.92
CZ15/ECC&0&cDXHP&Ex&dxHP_equip/NE-dxHP-PkgHP-33to65-Ex-SEER13.4/instance-out.sql,123.05,3248827.18,375.91,9924813.79
CZ15/ECC&0&cDXHP&Ex&dxHP_equip/NE-dxHP-PkgHP-33to65-Ex-SEER15.2/instance-out.sql,121.15,3198666.51,369.56,9757277.15
CZ15/ECC&0&cDXHP&Ex&dxHP_equip/NE-dxHP-PkgHP-33to65-Ex-SEER16.2/instance-out.sql,120.38,3178408.06,367.00,9689613.93
CZ15/ECC&0&cDXHP&Ex&dxHP_equip/NE-dxHP-PkgHP-33to65-Ex-SEER17.1/instance-out.sql,119.77,3162212.05,364.95,9635519.25
CZ15/ECC&0&cDXHP&Ex&dxHP_equip/NE-dxHP-PkgHP-33to65-Ex-SEER18.1/instance-out.sql,119.19,3146814.94,363.00,9584092.92
CZ15/ECC&0&cDXHP&Ex&dxHP_equip/NE-dxHP-SplitHP-18to33-Ex-SEER14.3/instance-out.sql,122.03,3221843.58,372.49,9834688.58
CZ15/ECC&0&cDXHP&Ex&dxHP_equip/NE-dxHP-SplitHP-18to33-Ex-SEER15.2/instance-out.sql,121.15,3198543.03,369.55,9756864.73
CZ15/ECC&0&cDXHP&Ex&dxHP_equip/NE-dxHP-SplitHP-18to33-Ex-SEER16.2/instance-out.sql,120.38,3178284.58,366.98,9689201.51
CZ15/ECC&0&cDXHP&Ex&dxHP_equip/NE-dxHP-SplitHP-18to33-Ex-SEER17.1/instance-out.sql,119.77,3162088.57,364.93,9635106.83
CZ15/ECC&0&cDXHP&Ex&dxHP_equip/NE-dxHP-SplitHP-18to33-Ex-SEER18.1/instance-out.sql,119.18,3146691.46,362.99,9583680.50
CZ15/ECC&0&cDXHP&Ex&dxHP_equip/NE-dxHP-SplitHP-33to55-Ex-SEER14.3/instance-out.sql,122.03,3221843.58,372.49,9834688.58
CZ15/ECC&0&cDXHP&Ex&dxHP_equip/NE-dxHP-SplitHP-33to55-Ex-SEER15.2/instance-out.sql,121.15,3198543.03,369.55,9756864.73
CZ15/ECC&0&cDXHP&Ex&dxHP_equip/NE-dxHP-SplitHP-33to55-Ex-SEER16.2/instance-out.sql,120.38,3178284.58,366.98,9689201.51
CZ15/ECC&0&cDXHP&Ex&dxHP_equip/NE-dxHP-SplitHP-33to55-Ex-SEER17.1/instance-out.sql,119.77,3162088.57,364.93,9635106.83
CZ15/ECC&0&cDXHP&Ex&dxHP_equip/NE-dxHP-SplitHP-33to55-Ex-SEER18.1/instance-out.sql,119.18,3146691.46,362.99,9583680.50
CZ15/EPr&0&cDXHP&Ex&dxHP_equip/NE-dxHP-PkgHP-18to33-Ex-SEER13.4/instance-out.sql,131.69,498491.36,374.52,1417716.32
CZ15/EPr&0&cDXHP&Ex&dxHP_equip/NE-dxHP-PkgHP-18to33-Ex-SEER15.2/instance-out.sql,129.41,489883.46,366.93,1388965.94
CZ15/EPr&0&cDXHP&Ex&dxHP_equip/NE-dxHP-PkgHP-18to33-Ex-SEER16.2/instance-out.sql,128.50,486406.97,363.86,1377354.49
CZ15/EPr&0&cDXHP&Ex&dxHP_equip/NE-dxHP-PkgHP-18to33-Ex-SEER17.1/instance-out.sql,127.76,483627.63,361.41,1368071.49
CZ15/EPr&0&cDXHP&Ex&dxHP_equip/NE-dxHP-PkgHP-18to33-Ex-SEER18.1/instance-out.sql,127.06,480985.39,359.08,1359246.39
CZ15/EPr&0&cDXHP&Ex&dxHP_equip/NE-dxHP-PkgHP-33to65-Ex-SEER13.4/instance-out.sql,131.69,498491.36,374.52,1417716.32
CZ15/EPr&0&cDXHP&Ex&dxHP_equip/NE-dxHP-PkgHP-33to65-Ex-SEER15.2/instance-out.sql,129.41,489883.46,366.93,1388965.94
CZ15/EPr&0&cDXHP&Ex&dxHP_equip/NE-dxHP-PkgHP-33to65-Ex-SEER16.2/instance-out.sql,128.50,486406.97,363.86,1377354.49
CZ15/EPr&0&cDXHP&Ex&dxHP_equip/NE-dxHP-PkgHP-33to65-Ex-SEER17.1/instance-out.sql,127.76,483627.63,361.41,1368071.49
CZ15/EPr&0&cDXHP&Ex&dxHP_equip/NE-dxHP-PkgHP-33to65-Ex-SEER18.1/instance-out.sql,127.06,480985.39,359.08,1359246.39
CZ15/EPr&0&cDXHP&Ex&dxHP_equip/NE-dxHP-SplitHP-18to33-Ex-SEER14.3/instance-out.sql,130.46,493832.57,370.41,1402155.99
CZ15/EPr&0&cDXHP&Ex&dxHP_equip/NE-dxHP-SplitHP-18to33-Ex-SEER15.2/instance-out.sql,129.40,489834.05,366.89,1388800.91
CZ15/EPr&0&cDXHP&Ex&dxHP_equip/NE-dxHP-SplitHP-18to33-Ex-SEER16.2/instance-out.sql,128.48,486357.56,363.82,1377189.46
CZ15/EPr&0&cDXHP&Ex&dxHP_equip/NE-dxHP-SplitHP-18to33-Ex-SEER17.1/instance-out.sql,127.75,483578.22,361.37,1367906.45
CZ15/EPr&0&cDXHP&Ex&dxHP_equip/NE-dxHP-SplitHP-18to33-Ex-SEER18.1/instance-out.sql,127.05,480935.98,359.03,1359081.36
CZ15/EPr&0&cDXHP&Ex&dxHP_equip/NE-dxHP-SplitHP-33to55-Ex-SEER14.3/instance-out.sql,130.46,493832.57,370.41,1402155.99
CZ15/EPr&0&cDXHP&Ex&dxHP_equip/NE-dxHP-SplitHP-33to55-Ex-SEER15.2/instance-out.sql,129.40,489834.05,366.89,1388800.91
CZ15/EPr&0&cDXHP&Ex&dxHP_equip/NE-dxHP-SplitHP-33to55-Ex-SEER16.2/instance-out.sql,128.48,486357.56,363.82,1377189.46
CZ15/EPr&0&cDXHP&Ex&dxHP_equip/NE-dxHP-SplitHP-33to55-Ex-SEER17.1/instance-out.sql,127.75,483578.22,361.37,1367906.45
CZ15/EPr&0&cDXHP&Ex&dxHP_equip/NE-dxHP-SplitHP-33to55-Ex-SEER18.1/instance-out.sql,127.05,480935.98,359.03,1359081.36
CZ15/ERC&0&cDXHP&Ex&dxHP_equip/NE-dxHP-PkgHP-18to33-Ex-SEER13.4/instance-out.sql,90.18,24159.36,228.09,61105.27
CZ15/ERC&0&cDXHP&Ex&dxHP_equip/NE-dxHP-PkgHP-18to33-Ex-SEER15.2/instance-out.sql,88.61,23739.46,222.86,59702.80
CZ15/ERC&0&cDXHP&Ex&dxHP_equip/NE-dxHP-PkgHP-18to33-Ex-SEER16.2/instance-out.sql,87.98,23569.87,220.74,59136.38
CZ15/ERC&0&cDXHP&Ex&dxHP_equip/NE-dxHP-PkgHP-18to33-Ex-SEER17.1/instance-out.sql,87.48,23434.29,219.05,58683.54
CZ15/ERC&0&cDXHP&Ex&dxHP_equip/NE-dxHP-PkgHP-18to33-Ex-SEER18.1/instance-out.sql,86.99,23305.40,217.45,58253.04
CZ15/ERC&0&cDXHP&Ex&dxHP_equip/NE-dxHP-PkgHP-33to65-Ex-SEER13.4/instance-out.sql,90.18,24159.36,228.09,61105.27
CZ15/ERC&0&cDXHP&Ex&dxHP_equip/NE-dxHP-PkgHP-33to65-Ex-SEER15.2/instance-out.sql,88.61,23739.46,222.86,59702.80
CZ15/ERC&0&cDXHP&Ex&dxHP_equip/NE-dxHP-PkgHP-33to65-Ex-SEER16.2/instance-out.sql,87.98,23569.87,220.74,59136.38
CZ15/ERC&0&cDXHP&Ex&dxHP_equip/NE-dxHP-PkgHP-33to65-Ex-SEER17.1/instance-out.sql,87.48,23434.29,219.05,58683.54
CZ15/ERC&0&cDXHP&Ex&dxHP_equip/NE-dxHP-PkgHP-33to65-Ex-SEER18.1/instance-out.sql,86.99,23305.40,217.45,58253.04
CZ15/ERC&0&cDXHP&Ex&dxHP_equip/NE-dxHP-SplitHP-18to33-Ex-SEER14.3/instance-out.sql,89.33,23931.95,225.26,60345.73
CZ15/ERC&0&cDXHP&Ex&dxHP_equip/NE-dxHP-SplitHP-18to33-Ex-SEER15.2/instance-out.sql,88.61,23736.90,222.83,59694.25
CZ15/ERC&0&cDXHP&Ex&dxHP_equip/NE-dxHP-SplitHP-18to33-Ex-SEER16.2/instance-out.sql,87.97,23567.31,220.71,59127.83
CZ15/ERC&0&cDXHP&Ex&dxHP_equip/NE-dxHP-SplitHP-18to33-Ex-SEER17.1/instance-out.sql,87.47,23431.73,219.02,58675.00
CZ15/ERC&0&cDXHP&Ex&dxHP_equip/NE-dxHP-SplitHP-18to33-Ex-SEER18.1/instance-out.sql,86.99,23302.84,217.42,58244.50
CZ15/ERC&0&cDXHP&Ex&dxHP_equip/NE-dxHP-SplitHP-33to55-Ex-SEER14.3/instance-out.sql,89.33,23931.95,225.26,60345.73
CZ15/ERC&0&cDXHP&Ex&dxHP_equip/NE-dxHP-SplitHP-33to55-Ex-SEER15.2/instance-out.sql,88.61,23736.90,222.83,59694.25
CZ15/ERC&0&cDXHP&Ex&dxHP_equip/NE-dxHP-SplitHP-33to55-Ex-SEER16.2/instance-out.sql,87.97,23567.31,220.71,59127.83
CZ15/ERC&0&cDXHP&Ex&dxHP_equip/NE-dxHP-SplitHP-33to55-Ex-SEER17.1/instance-out.sql,87.47,23431.73,219.02,58675.00
CZ15/ERC&0&cDXHP&Ex&dxHP_equip/NE-dxHP-SplitHP-33to55-Ex-SEER18.1/instance-out.sql,86.99,23302.84,217.42,58244.50
CZ15/ESe&0&cDXHP&Ex&dxHP_equip/NE-dxHP-PkgHP-18to33-Ex-SEER13.4/instance-out.sql,201.01,1389400.49,584.79,4042220.20
CZ15/ESe&0&cDXHP&Ex&dxHP_equip/NE-dxHP-PkgHP-18to33-Ex-SEER15.2/instance-out.sql,199.71,1380407.58,580.45,4012183.88
CZ15/ESe&0&cDXHP&Ex&dxHP_equip/NE-dxHP-PkgHP-18to33-Ex-SEER16.2/instance-out.sql,199.18,1376775.61,578.69,4000053.08
CZ15/ESe&0&cDXHP&Ex&dxHP_equip/NE-dxHP-PkgHP-18to33-Ex-SEER17.1/instance-out.sql,198.76,1373871.95,577.29,3990354.87
CZ15/ESe&0&cDXHP&Ex&dxHP_equip/NE-dxHP-PkgHP-18to33-Ex-SEER18.1/instance-out.sql,198.36,1371111.53,575.96,3981135.05
CZ15/ESe&0&cDXHP&Ex&dxHP_equip/NE-dxHP-PkgHP-33to65-Ex-SEER13.4/instance-out.sql,201.01,1389400.49,584.79,4042220.20
CZ15/ESe&0&cDXHP&Ex&dxHP_equip/NE-dxHP-PkgHP-33to65-Ex-SEER15.2/instance-out.sql,199.71,1380407.58,580.45,4012183.88
CZ15/ESe&0&cDXHP&Ex&dxHP_equip/NE-dxHP-PkgHP-33to65-Ex-SEER16.2/instance-out.sql,199.18,1376775.61,578.69,4000053.08
CZ15/ESe&0&cDXHP&Ex&dxHP_equip/NE-dxHP-PkgHP-33to65-Ex-SEER17.1/instance-out.sql,198.76,1373871.95,577.29,3990354.87
CZ15/ESe&0&cDXHP&Ex&dxHP_equip/NE-dxHP-PkgHP-33to65-Ex-SEER18.1/instance-out.sql,198.36,1371111.53,575.96,3981135.05
CZ15/ESe&0&cDXHP&Ex&dxHP_equip/NE-dxHP-SplitHP-18to33-Ex-SEER14.3/instance-out.sql,200.31,1384559.99,582.46,4026052.91
CZ15/ESe&0&cDXHP&Ex&dxHP_equip/NE-dxHP-SplitHP-18to33-Ex-SEER15.2/instance-out.sql,199.70,1380382.61,580.44,4012100.49
CZ15/ESe&0&cDXHP&Ex&dxHP_equip/NE-dxHP-SplitHP-18to33-Ex-SEER16.2/instance-out.sql,199.18,1376750.64,578.68,3999969.69
CZ15/ESe&0&cDXHP&Ex&dxHP_equip/NE-dxHP-SplitHP-18to33-Ex-SEER17.1/instance-out.sql,198.76,1373846.98,577.28,3990271.48
CZ15/ESe&0&cDXHP&Ex&dxHP_equip/NE-dxHP-SplitHP-18to33-Ex-SEER18.1/instance-out.sql,198.36,1371086.56,575.95,3981051.66
CZ15/ESe&0&cDXHP&Ex&dxHP_equip/NE-dxHP-SplitHP-33to55-Ex-SEER14.3/instance-out.sql,200.31,1384559.99,582.46,4026052.91
CZ15/ESe&0&cDXHP&Ex&dxHP_equip/NE-dxHP-SplitHP-33to55-Ex-SEER15.2/instance-out.sql,199.70,1380382.61,580.44,4012100.49
CZ15/ESe&0&cDXHP&Ex&dxHP_equip/NE-dxHP-SplitHP-33to55-Ex-SEER16.2/instance-out.sql,199.18,1376750.64,578.68,3999969.69
CZ15/ESe&0&cDXHP&Ex&dxHP_equip/NE-dxHP-SplitHP-33to55-Ex-SEER17.1/instance-out.sql,198.76,1373846.98,577.28,3990271.48
CZ15/ESe&0&cDXHP&Ex&dxHP_equip/NE-dxHP-SplitHP-33to55-Ex-SEER18.1/instance-out.sql,198.36,1371086.56,575.95,3981051.66
CZ15/EUn&0&cDXHP&Ex&dxHP_equip/NE-dxHP-PkgHP-18to33-Ex-SEER13.4/instance-out.sql,126.85,10109039.65,403.64,32166275.51
CZ15/EUn&0&cDXHP&Ex&dxHP_equip/NE-dxHP-PkgHP-18to33-Ex-SEER15.2/instance-out.sql,125.21,9978055.12,398.15,31728787.16
CZ15/EUn&0&cDXHP&Ex&dxHP_equip/NE-dxHP-PkgHP-18to33-Ex-SEER16.2/instance-out.sql,124.55,9925154.24,395.93,31552098.23
CZ15/EUn&0&cDXHP&Ex&dxHP_equip/NE-dxHP-PkgHP-18to33-Ex-SEER17.1/instance-out.sql,124.01,9882861.60,394.16,31410840.82
CZ15/EUn&0&cDXHP&Ex&dxHP_equip/NE-dxHP-PkgHP-18to33-Ex-SEER18.1/instance-out.sql,123.51,9842655.14,392.47,31276551.26
CZ15/EUn&0&cDXHP&Ex&dxHP_equip/NE-dxHP-PkgHP-33to65-Ex-SEER13.4/instance-out.sql,126.85,10109039.65,403.64,32166275.51
CZ15/EUn&0&cDXHP&Ex&dxHP_equip/NE-dxHP-PkgHP-33to65-Ex-SEER15.2/instance-out.sql,125.21,9978055.12,398.15,31728787.16
CZ15/EUn&0&cDXHP&Ex&dxHP_equip/NE-dxHP-PkgHP-33to65-Ex-SEER16.2/instance-out.sql,124.55,9925154.24,395.93,31552098.23
CZ15/EUn&0&cDXHP&Ex&dxHP_equip/NE-dxHP-PkgHP-33to65-Ex-SEER17.1/instance-out.sql,124.01,9882861.60,394.16,31410840.82
CZ15/EUn&0&cDXHP&Ex&dxHP_equip/NE-dxHP-PkgHP-33to65-Ex-SEER18.1/instance-out.sql,123.51,9842655.14,392.47,31276551.26
CZ15/EUn&0&cDXHP&Ex&dxHP_equip/NE-dxHP-SplitHP-18to33-Ex-SEER14.3/instance-out.sql,125.97,10038457.04,400.68,31930529.57
CZ15/EUn&0&cDXHP&Ex&dxHP_equip/NE-dxHP-SplitHP-18to33-Ex-SEER15.2/instance-out.sql,125.20,9977612.31,398.13,31727308.20
CZ15/EUn&0&cDXHP&Ex&dxHP_equip/NE-dxHP-SplitHP-18to33-Ex-SEER16.2/instance-out.sql,124.54,9924711.43,395.91,31550619.27
CZ15/EUn&0&cDXHP&Ex&dxHP_equip/NE-dxHP-SplitHP-18to33-Ex-SEER17.1/instance-out.sql,124.01,9882418.80,394.14,31409361.85
CZ15/EUn&0&cDXHP&Ex&dxHP_equip/NE-dxHP-SplitHP-18to33-Ex-SEER18.1/instance-out.sql,123.50,9842212.34,392.45,31275072.29
CZ15/EUn&0&cDXHP&Ex&dxHP_equip/NE-dxHP-SplitHP-33to55-Ex-SEER14.3/instance-out.sql,125.97,10038457.04,400.68,31930529.57
CZ15/EUn&0&cDXHP&Ex&dxHP_equip/NE-dxHP-SplitHP-33to55-Ex-SEER15.2/instance-out.sql,125.20,9977612.31,398.13,31727308.20
CZ15/EUn&0&cDXHP&Ex&dxHP_equip/NE-dxHP-SplitHP-33to55-Ex-SEER16.2/instance-out.sql,124.54,9924711.43,395.91,31550619.27
CZ15/EUn&0&cDXHP&Ex&dxHP_equip/NE-dxHP-SplitHP-33to55-Ex-SEER17.1/instance-out.sql,124.01,9882418.80,394.14,31409361.85
CZ15/EUn&0&cDXHP&Ex&dxHP_equip/NE-dxHP-SplitHP-33to55-Ex-SEER18.1/instance-out.sql,123.50,9842212.34,392.45,31275072.29
CZ15/Gro&0&cDXHP&Ex&dxHP_equip/NE-dxHP-PkgHP-18to33-Ex-SEER13.4/instance-out.sql,509.11,2364742.86,1677.19,7790322.80
CZ15/Gro&0&cDXHP&Ex&dxHP_equip/NE-dxHP-PkgHP-18to33-Ex-SEER15.2/instance-out.sql,506.21,2351299.36,1667.52,7745421.51
CZ15/Gro&0&cDXHP&Ex&dxHP_equip/NE-dxHP-PkgHP-18to33-Ex-SEER16.2/instance-out.sql,505.05,2345869.91,1663.62,7727287.18
CZ15/Gro&0&cDXHP&Ex&dxHP_equip/NE-dxHP-PkgHP-18to33-Ex-SEER17.1/instance-out.sql,504.11,2341529.24,1660.50,7712789.33
CZ15/Gro&0&cDXHP&Ex&dxHP_equip/NE-dxHP-PkgHP-18to33-Ex-SEER18.1/instance-out.sql,503.22,2337402.68,1657.53,7699006.62
CZ15/Gro&0&cDXHP&Ex&dxHP_equip/NE-dxHP-PkgHP-33to65-Ex-SEER13.4/instance-out.sql,509.11,2364742.86,1677.19,7790322.80
CZ15/Gro&0&cDXHP&Ex&dxHP_equip/NE-dxHP-PkgHP-33to65-Ex-SEER15.2/instance-out.sql,506.21,2351299.36,1667.52,7745421.51
CZ15/Gro&0&cDXHP&Ex&dxHP_equip/NE-dxHP-PkgHP-33to65-Ex-SEER16.2/instance-out.sql,505.05,2345869.91,1663.62,7727287.18
CZ15/Gro&0&cDXHP&Ex&dxHP_equip/NE-dxHP-PkgHP-33to65-Ex-SEER17.1/instance-out.sql,504.11,2341529.24,1660.50,7712789.33
CZ15/Gro&0&cDXHP&Ex&dxHP_equip/NE-dxHP-PkgHP-33to65-Ex-SEER18.1/instance-out.sql,503.22,2337402.68,1657.53,7699006.62
CZ15/Gro&0&cDXHP&Ex&dxHP_equip/NE-dxHP-SplitHP-18to33-Ex-SEER14.3/instance-out.sql,507.50,2357253.08,1671.80,7765306.97
CZ15/Gro&0&cDXHP&Ex&dxHP_equip/NE-dxHP-SplitHP-18to33-Ex-SEER15.2/instance-out.sql,506.15,2351008.33,1667.31,7744449.49
CZ15/Gro&0&cDXHP&Ex&dxHP_equip/NE-dxHP-SplitHP-18to33-Ex-SEER16.2/instance-out.sql,504.98,2345578.89,1663.41,7726315.16
CZ15/Gro&0&cDXHP&Ex&dxHP_equip/NE-dxHP-SplitHP-18to33-Ex-SEER17.1/instance-out.sql,504.05,2341238.22,1660.29,7711817.31
CZ15/Gro&0&cDXHP&Ex&dxHP_equip/NE-dxHP-SplitHP-18to33-Ex-SEER18.1/instance-out.sql,503.16,2337111.66,1657.32,7698034.60
CZ15/Gro&0&cDXHP&Ex&dxHP_equip/NE-dxHP-SplitHP-33to55-Ex-SEER14.3/instance-out.sql,507.50,2357253.08,1671.80,7765306.97
CZ15/Gro&0&cDXHP&Ex&dxHP_equip/NE-dxHP-SplitHP-33to55-Ex-SEER15.2/instance-out.sql,506.15,2351008.33,1667.31,7744449.49
CZ15/Gro&0&cDXHP&Ex&dxHP_equip/NE-dxHP-SplitHP-33to55-Ex-SEER16.2/instance-out.sql,504.98,2345578.89,1663.41,7726315.16
CZ15/Gro&0&cDXHP&Ex&dxHP_equip/NE-dxHP-SplitHP-33to55-Ex-SEER17.1/instance-out.sql,504.05,2341238.22,1660.29,7711817.31
CZ15/Gro&0&cDXHP&Ex&dxHP_equip/NE-dxHP-SplitHP-33to55-Ex-SEER18.1/instance-out.sql,503.16,2337111.66,1657.32,7698034.60
CZ15/Hsp&0&cDXHP&Ex&dxHP_equip/NE-dxHP-PkgHP-18to33-Ex-SEER13.4/instance-out.sql,107.76,4946172.97,337.92,15510306.01
CZ15/Hsp&0&cDXHP&Ex&dxHP_equip/NE-dxHP-PkgHP-18to33-Ex-SEER15.2/instance-out.sql,107.31,4925535.41,336.42,15441376.56
CZ15/Hsp&0&cDXHP&Ex&dxHP_equip/NE-dxHP-PkgHP-18to33-Ex-SEER16.2/instance-out.sql,107.13,4917200.50,335.81,15413537.95
CZ15/Hsp&0&cDXHP&Ex&dxHP_equip/NE-dxHP-PkgHP-18to33-Ex-SEER17.1/instance-out.sql,106.99,4910536.99,335.33,15391281.82
CZ15/Hsp&0&cDXHP&Ex&dxHP_equip/NE-dxHP-PkgHP-18to33-Ex-SEER18.1/instance-out.sql,106.85,4904202.17,334.87,15370123.53
CZ15/Hsp&0&cDXHP&Ex&dxHP_equip/NE-dxHP-PkgHP-33to65-Ex-SEER13.4/instance-out.sql,107.76,4946172.97,337.92,15510306.01
CZ15/Hsp&0&cDXHP&Ex&dxHP_equip/NE-dxHP-PkgHP-33to65-Ex-SEER15.2/instance-out.sql,107.31,4925535.41,336.42,15441376.56
CZ15/Hsp&0&cDXHP&Ex&dxHP_equip/NE-dxHP-PkgHP-33to65-Ex-SEER16.2/instance-out.sql,107.13,4917200.50,335.81,15413537.95
CZ15/Hsp&0&cDXHP&Ex&dxHP_equip/NE-dxHP-PkgHP-33to65-Ex-SEER17.1/instance-out.sql,106.99,4910536.99,335.33,15391281.82
CZ15/Hsp&0&cDXHP&Ex&dxHP_equip/NE-dxHP-PkgHP-33to65-Ex-SEER18.1/instance-out.sql,106.85,4904202.17,334.87,15370123.53
CZ15/Hsp&0&cDXHP&Ex&dxHP_equip/NE-dxHP-SplitHP-18to33-Ex-SEER14.3/instance-out.sql,107.52,4935081.14,337.11,15473259.30
CZ15/Hsp&0&cDXHP&Ex&dxHP_equip/NE-dxHP-SplitHP-18to33-Ex-SEER15.2/instance-out.sql,107.31,4925494.62,336.42,15441240.30
CZ15/Hsp&0&cDXHP&Ex&dxHP_equip/NE-dxHP-SplitHP-18to33-Ex-SEER16.2/instance-out.sql,107.13,4917159.70,335.81,15413401.69
CZ15/Hsp&0&cDXHP&Ex&dxHP_equip/NE-dxHP-SplitHP-18to33-Ex-SEER17.1/instance-out.sql,106.98,4910496.19,335.32,15391145.56
CZ15/Hsp&0&cDXHP&Ex&dxHP_equip/NE-dxHP-SplitHP-18to33-Ex-SEER18.1/instance-out.sql,106.85,4904161.37,334.86,15369987.27
CZ15/Hsp&0&cDXHP&Ex&dxHP_equip/NE-dxHP-SplitHP-33to55-Ex-SEER14.3/instance-out.sql,107.52,4935081.14,337.11,15473259.30
CZ15/Hsp&0&cDXHP&Ex&dxHP_equip/NE-dxHP-SplitHP-33to55-Ex-SEER15.2/instance-out.sql,107.31,4925494.62,336.42,15441240.30
CZ15/Hsp&0&cDXHP&Ex&dxHP_equip/NE-dxHP-SplitHP-33to55-Ex-SEER16.2/instance-out.sql,107.13,4917159.70,335.81,15413401.69
CZ15/Hsp&0&cDXHP&Ex&dxHP_equip/NE-dxHP-SplitHP-33to55-Ex-SEER17.1/instance-out.sql,106.98,4910496.19,335.32,15391145.56
CZ15/Hsp&0&cDXHP&Ex&dxHP_equip/NE-dxHP-SplitHP-33to55-Ex-SEER18.1/instance-out.sql,106.85,4904161.37,334.86,15369987.27
CZ15/MBT&0&cDXHP&Ex&dxHP_equip/NE-dxHP-PkgHP-18to33-Ex-SEER13.4/instance-out.sql,172.18,6397623.06,470.93,17498165.84
CZ15/MBT&0&cDXHP&Ex&dxHP_equip/NE-dxHP-PkgHP-18to33-Ex-SEER15.2/instance-out.sql,171.41,6368941.01,468.36,17402367.78
CZ15/MBT&0&cDXHP&Ex&dxHP_equip/NE-dxHP-PkgHP-18to33-Ex-SEER16.2/instance-out.sql,171.10,6357357.15,467.31,17363677.70
CZ15/MBT&0&cDXHP&Ex&dxHP_equip/NE-dxHP-PkgHP-18to33-Ex-SEER17.1/instance-out.sql,170.85,6348096.22,466.48,17332746.16
CZ15/MBT&0&cDXHP&Ex&dxHP_equip/NE-dxHP-PkgHP-18to33-Ex-SEER18.1/instance-out.sql,170.61,6339292.09,465.69,17303340.40
CZ15/MBT&0&cDXHP&Ex&dxHP_equip/NE-dxHP-PkgHP-33to65-Ex-SEER13.4/instance-out.sql,172.18,6397623.06,470.93,17498165.84
CZ15/MBT&0&cDXHP&Ex&dxHP_equip/NE-dxHP-PkgHP-33to65-Ex-SEER15.2/instance-out.sql,171.41,6368941.01,468.36,17402367.78
CZ15/MBT&0&cDXHP&Ex&dxHP_equip/NE-dxHP-PkgHP-33to65-Ex-SEER16.2/instance-out.sql,171.10,6357357.15,467.31,17363677.70
CZ15/MBT&0&cDXHP&Ex&dxHP_equip/NE-dxHP-PkgHP-33to65-Ex-SEER17.1/instance-out.sql,170.85,6348096.22,466.48,17332746.16
CZ15/MBT&0&cDXHP&Ex&dxHP_equip/NE-dxHP-PkgHP-33to65-Ex-SEER18.1/instance-out.sql,170.61,6339292.09,465.69,17303340.40
CZ15/MBT&0&cDXHP&Ex&dxHP_equip/NE-dxHP-SplitHP-18to33-Ex-SEER14.3/instance-out.sql,171.76,6382142.49,469.54,17446460.72
CZ15/MBT&0&cDXHP&Ex&dxHP_equip/NE-dxHP-SplitHP-18to33-Ex-SEER15.2/instance-out.sql,171.41,6368819.15,468.34,17401960.76
CZ15/MBT&0&cDXHP&Ex&dxHP_equip/NE-dxHP-SplitHP-18to33-Ex-SEER16.2/instance-out.sql,171.09,6357235.29,467.30,17363270.68
CZ15/MBT&0&cDXHP&Ex&dxHP_equip/NE-dxHP-SplitHP-18to33-Ex-SEER17.1/instance-out.sql,170.84,6347974.35,466.47,17332339.15
CZ15/MBT&0&cDXHP&Ex&dxHP_equip/NE-dxHP-SplitHP-18to33-Ex-SEER18.1/instance-out.sql,170.61,6339170.23,465.68,17302933.38
CZ15/MBT&0&cDXHP&Ex&dxHP_equip/NE-dxHP-SplitHP-33to55-Ex-SEER14.3/instance-out.sql,171.76,6382142.49,469.54,17446460.72
CZ15/MBT&0&cDXHP&Ex&dxHP_equip/NE-dxHP-SplitHP-33to55-Ex-SEER15.2/instance-out.sql,171.41,6368819.15,468.34,17401960.76
CZ15/MBT&0&cDXHP&Ex&dxHP_equip/NE-dxHP-SplitHP-33to55-Ex-SEER16.2/instance-out.sql,171.09,6357235.29,467.30,17363270.68
CZ15/MBT&0&cDXHP&Ex&dxHP_equip/NE-dxHP-SplitHP-33to55-Ex-SEER17.1/instance-out.sql,170.84,6347974.35,466.47,17332339.15
CZ15/MBT&0&cDXHP&Ex&dxHP_equip/NE-dxHP-SplitHP-33to55-Ex-SEER18.1/instance-out.sql,170.61,6339170.23,465.68,17302933.38
CZ15/MLI&0&cDXHP&Ex&dxHP_equip/NE-dxHP-PkgHP-18to33-Ex-SEER13.4/instance-out.sql,138.75,1289214.92,454.05,4218844.49
CZ15/MLI&0&cDXHP&Ex&dxHP_equip/NE-dxHP-PkgHP-18to33-Ex-SEER15.2/instance-out.sql,135.88,1262549.32,444.46,4129781.40
CZ15/MLI&0&cDXHP&Ex&dxHP_equip/NE-dxHP-PkgHP-18to33-Ex-SEER16.2/instance-out.sql,134.72,1251779.86,440.59,4093811.38
CZ15/MLI&0&cDXHP&Ex&dxHP_equip/NE-dxHP-PkgHP-18to33-Ex-SEER17.1/instance-out.sql,133.79,1243170.00,437.50,4065054.45
CZ15/MLI&0&cDXHP&Ex&dxHP_equip/NE-dxHP-PkgHP-18to33-Ex-SEER18.1/instance-out.sql,132.91,1234984.84,434.56,4037716.02
CZ15/MLI&0&cDXHP&Ex&dxHP_equip/NE-dxHP-PkgHP-33to65-Ex-SEER13.4/instance-out.sql,138.75,1289214.92,454.05,4218844.49
CZ15/MLI&0&cDXHP&Ex&dxHP_equip/NE-dxHP-PkgHP-33to65-Ex-SEER15.2/instance-out.sql,135.88,1262549.32,444.46,4129781.40
CZ15/MLI&0&cDXHP&Ex&dxHP_equip/NE-dxHP-PkgHP-33to65-Ex-SEER16.2/instance-out.sql,134.72,1251779.86,440.59,4093811.38
CZ15/MLI&0&cDXHP&Ex&dxHP_equip/NE-dxHP-PkgHP-33to65-Ex-SEER17.1/instance-out.sql,133.79,1243170.00,437.50,4065054.45
CZ15/MLI&0&cDXHP&Ex&dxHP_equip/NE-dxHP-PkgHP-33to65-Ex-SEER18.1/instance-out.sql,132.91,1234984.84,434.56,4037716.02
CZ15/MLI&0&cDXHP&Ex&dxHP_equip/NE-dxHP-SplitHP-18to33-Ex-SEER14.3/instance-out.sql,137.19,1274716.20,448.84,4170418.76
CZ15/MLI&0&cDXHP&Ex&dxHP_equip/NE-dxHP-SplitHP-18to33-Ex-SEER15.2/instance-out.sql,135.86,1262329.54,444.38,4129047.32
CZ15/MLI&0&cDXHP&Ex&dxHP_equip/NE-dxHP-SplitHP-18to33-Ex-SEER16.2/instance-out.sql,134.70,1251560.07,440.51,4093077.30
CZ15/MLI&0&cDXHP&Ex&dxHP_equip/NE-dxHP-SplitHP-18to33-Ex-SEER17.1/instance-out.sql,133.77,1242950.21,437.42,4064320.37
CZ15/MLI&0&cDXHP&Ex&dxHP_equip/NE-dxHP-SplitHP-18to33-Ex-SEER18.1/instance-out.sql,132.89,1234765.05,434.48,4036981.94
CZ15/MLI&0&cDXHP&Ex&dxHP_equip/NE-dxHP-SplitHP-33to55-Ex-SEER14.3/instance-out.sql,137.19,1274716.20,448.84,4170418.76
CZ15/MLI&0&cDXHP&Ex&dxHP_equip/NE-dxHP-SplitHP-33to55-Ex-SEER15.2/instance-out.sql,135.86,1262329.54,444.38,4129047.32
CZ15/MLI&0&cDXHP&Ex&dxHP_equip/NE-dxHP-SplitHP-33to55-Ex-SEER16.2/instance-out.sql,134.70,1251560.07,440.51,4093077.30
CZ15/MLI&0&cDXHP&Ex&dxHP_equip/NE-dxHP-SplitHP-33to55-Ex-SEER17.1/instance-out.sql,133.77,1242950.21,437.42,4064320.37
CZ15/MLI&0&cDXHP&Ex&dxHP_equip/NE-dxHP-SplitHP-33to55-Ex-SEER18.1/instance-out.sql,132.89,1234765.05,434.48,4036981.94
CZ15/Mtl&0&cDXHP&Ex&dxHP_equip/NE-dxHP-PkgHP-18to33-Ex-SEER13.4/instance-out.sql,86.85,241945.22,283.75,790462.66
CZ15/Mtl&0&cDXHP&Ex&dxHP_equip/NE-dxHP-PkgHP-18to33-Ex-SEER15.2/instance-out.sql,85.00,236798.34,277.58,773272.06
CZ15/Mtl&0&cDXHP&Ex&dxHP_equip/NE-dxHP-PkgHP-18to33-Ex-SEER16.2/instance-out.sql,84.26,234719.66,275.08,766329.27
CZ15/Mtl&0&cDXHP&Ex&dxHP_equip/NE-dxHP-PkgHP-18to33-Ex-SEER17.1/instance-out.sql,83.66,233057.82,273.09,760778.73
CZ15/Mtl&0&cDXHP&Ex&dxHP_equip/NE-dxHP-PkgHP-18to33-Ex-SEER18.1/instance-out.sql,83.09,231477.95,271.20,755501.97
CZ15/Mtl&0&cDXHP&Ex&dxHP_equip/NE-dxHP-PkgHP-33to65-Ex-SEER13.4/instance-out.sql,86.85,241945.22,283.75,790462.66
CZ15/Mtl&0&cDXHP&Ex&dxHP_equip/NE-dxHP-PkgHP-33to65-Ex-SEER15.2/instance-out.sql,85.00,236798.34,277.58,773272.06
CZ15/Mtl&0&cDXHP&Ex&dxHP_equip/NE-dxHP-PkgHP-33to65-Ex-SEER16.2/instance-out.sql,84.26,234719.66,275.08,766329.27
CZ15/Mtl&0&cDXHP&Ex&dxHP_equip/NE-dxHP-PkgHP-33to65-Ex-SEER17.1/instance-out.sql,83.66,233057.82,273.09,760778.73
CZ15/Mtl&0&cDXHP&Ex&dxHP_equip/NE-dxHP-PkgHP-33to65-Ex-SEER18.1/instance-out.sql,83.09,231477.95,271.20,755501.97
CZ15/Mtl&0&cDXHP&Ex&dxHP_equip/NE-dxHP-SplitHP-18to33-Ex-SEER14.3/instance-out.sql,85.85,239160.39,280.41,781161.31
CZ15/Mtl&0&cDXHP&Ex&dxHP_equip/NE-dxHP-SplitHP-18to33-Ex-SEER15.2/instance-out.sql,84.99,236769.57,277.54,773175.96
CZ15/Mtl&0&cDXHP&Ex&dxHP_equip/NE-dxHP-SplitHP-18to33-Ex-SEER16.2/instance-out.sql,84.25,234690.89,275.05,766233.18
CZ15/Mtl&0&cDXHP&Ex&dxHP_equip/NE-dxHP-SplitHP-18to33-Ex-SEER17.1/instance-out.sql,83.65,233029.05,273.06,760682.63
CZ15/Mtl&0&cDXHP&Ex&dxHP_equip/NE-dxHP-SplitHP-18to33-Ex-SEER18.1/instance-out.sql,83.08,231449.18,271.16,755405.87
CZ15/Mtl&0&cDXHP&Ex&dxHP_equip/NE-dxHP-SplitHP-33to55-Ex-SEER14.3/instance-out.sql,85.85,239160.39,280.41,781161.31
CZ15/Mtl&0&cDXHP&Ex&dxHP_equip/NE-dxHP-SplitHP-33to55-Ex-SEER15.2/instance-out.sql,84.99,236769.57,277.54,773175.96
CZ15/Mtl&0&cDXHP&Ex&dxHP_equip/NE-dxHP-SplitHP-33to55-Ex-SEER16.2/instance-out.sql,84.25,234690.89,275.05,766233.18
CZ15/Mtl&0&cDXHP&Ex&dxHP_equip/NE-dxHP-SplitHP-33to55-Ex-SEER17.1/instance-out.sql,83.65,233029.05,273.06,760682.63
CZ15/Mtl&0&cDXHP&Ex&dxHP_equip/NE-dxHP-SplitHP-33to55-Ex-SEER18.1/instance-out.sql,83.08,231449.18,271.16,755405.87
CZ15/Nrs&0&cDXHP&Ex&dxHP_equip/NE-dxHP-PkgHP-18to33-Ex-SEER13.4/instance-out.sql,119.45,1231763.85,352.41,3634087.77
CZ15/Nrs&0&cDXHP&Ex&dxHP_equip/NE-dxHP-PkgHP-18to33-Ex-SEER15.2/instance-out.sql,118.55,1222451.68,349.39,3602985.13
CZ15/Nrs&0&cDXHP&Ex&dxHP_equip/NE-dxHP-PkgHP-18to33-Ex-SEER16.2/instance-out.sql,118.18,1218690.77,348.17,3590423.67
CZ15/Nrs&0&cDXHP&Ex&dxHP_equip/NE-dxHP-PkgHP-18to33-Ex-SEER17.1/instance-out.sql,117.89,1215684.03,347.20,3580381.16
CZ15/Nrs&0&cDXHP&Ex&dxHP_equip/NE-dxHP-PkgHP-18to33-Ex-SEER18.1/instance-out.sql,117.61,1212825.61,346.28,3570834.03
CZ15/Nrs&0&cDXHP&Ex&dxHP_equip/NE-dxHP-PkgHP-33to65-Ex-SEER13.4/instance-out.sql,119.45,1231763.85,352.41,3634087.77
CZ15/Nrs&0&cDXHP&Ex&dxHP_equip/NE-dxHP-PkgHP-33to65-Ex-SEER15.2/instance-out.sql,118.55,1222451.68,349.39,3602985.13
CZ15/Nrs&0&cDXHP&Ex&dxHP_equip/NE-dxHP-PkgHP-33to65-Ex-SEER16.2/instance-out.sql,118.18,1218690.77,348.17,3590423.67
CZ15/Nrs&0&cDXHP&Ex&dxHP_equip/NE-dxHP-PkgHP-33to65-Ex-SEER17.1/instance-out.sql,117.89,1215684.03,347.20,3580381.16
CZ15/Nrs&0&cDXHP&Ex&dxHP_equip/NE-dxHP-PkgHP-33to65-Ex-SEER18.1/instance-out.sql,117.61,1212825.61,346.28,3570834.03
CZ15/Nrs&0&cDXHP&Ex&dxHP_equip/NE-dxHP-SplitHP-18to33-Ex-SEER14.3/instance-out.sql,118.96,1226737.89,350.78,3617301.05
CZ15/Nrs&0&cDXHP&Ex&dxHP_equip/NE-dxHP-SplitHP-18to33-Ex-SEER15.2/instance-out.sql,118.54,1222412.22,349.38,3602853.31
CZ15/Nrs&0&cDXHP&Ex&dxHP_equip/NE-dxHP-SplitHP-18to33-Ex-SEER16.2/instance-out.sql,118.18,1218651.30,348.16,3590291.85
CZ15/Nrs&0&cDXHP&Ex&dxHP_equip/NE-dxHP-SplitHP-18to33-Ex-SEER17.1/instance-out.sql,117.88,1215644.56,347.19,3580249.34
CZ15/Nrs&0&cDXHP&Ex&dxHP_equip/NE-dxHP-SplitHP-18to33-Ex-SEER18.1/instance-out.sql,117.61,1212786.14,346.26,3570702.21
CZ15/Nrs&0&cDXHP&Ex&dxHP_equip/NE-dxHP-SplitHP-33to55-Ex-SEER14.3/instance-out.sql,118.96,1226737.89,350.78,3617301.05
CZ15/Nrs&0&cDXHP&Ex&dxHP_equip/NE-dxHP-SplitHP-33to55-Ex-SEER15.2/instance-out.sql,118.54,1222412.22,349.38,3602853.31
CZ15/Nrs&0&cDXHP&Ex&dxHP_equip/NE-dxHP-SplitHP-33to55-Ex-SEER16.2/instance-out.sql,118.18,1218651.30,348.16,3590291.85
CZ15/Nrs&0&cDXHP&Ex&dxHP_equip/NE-dxHP-SplitHP-33to55-Ex-SEER17.1/instance-out.sql,117.88,1215644.56,347.19,3580249.34
CZ15/Nrs&0&cDXHP&Ex&dxHP_equip/NE-dxHP-SplitHP-33to55-Ex-SEER18.1/instance-out.sql,117.61,1212786.14,346.26,3570702.21
CZ15/OfL&0&cDXHP&Ex&dxHP_equip/NE-dxHP-PkgHP-18to33-Ex-SEER13.4/instance-out.sql,103.29,3357690.35,337.23,10963034.93
CZ15/OfL&0&cDXHP&Ex&dxHP_equip/NE-dxHP-PkgHP-18to33-Ex-SEER15.2/instance-out.sql,101.60,3302962.53,331.61,10780244.00
CZ15/OfL&0&cDXHP&Ex&dxHP_equip/NE-dxHP-PkgHP-18to33-Ex-SEER16.2/instance-out.sql,100.92,3280859.54,329.34,10706420.02
CZ15/OfL&0&cDXHP&Ex&dxHP_equip/NE-dxHP-PkgHP-18to33-Ex-SEER17.1/instance-out.sql,100.38,3263188.87,327.53,10647399.99
CZ15/OfL&0&cDXHP&Ex&dxHP_equip/NE-dxHP-PkgHP-18to33-Ex-SEER18.1/instance-out.sql,99.86,3246389.86,325.80,10591291.27
CZ15/OfL&0&cDXHP&Ex&dxHP_equip/NE-dxHP-PkgHP-33to65-Ex-SEER13.4/instance-out.sql,103.29,3357690.35,337.23,10963034.93
CZ15/OfL&0&cDXHP&Ex&dxHP_equip/NE-dxHP-PkgHP-33to65-Ex-SEER15.2/instance-out.sql,101.60,3302962.53,331.61,10780244.00
CZ15/OfL&0&cDXHP&Ex&dxHP_equip/NE-dxHP-PkgHP-33to65-Ex-SEER16.2/instance-out.sql,100.92,3280859.54,329.34,10706420.02
CZ15/OfL&0&cDXHP&Ex&dxHP_equip/NE-dxHP-PkgHP-33to65-Ex-SEER17.1/instance-out.sql,100.38,3263188.87,327.53,10647399.99
CZ15/OfL&0&cDXHP&Ex&dxHP_equip/NE-dxHP-PkgHP-33to65-Ex-SEER18.1/instance-out.sql,99.86,3246389.86,325.80,10591291.27
CZ15/OfL&0&cDXHP&Ex&dxHP_equip/NE-dxHP-SplitHP-18to33-Ex-SEER14.3/instance-out.sql,102.38,3328326.02,334.22,10864958.05
CZ15/OfL&0&cDXHP&Ex&dxHP_equip/NE-dxHP-SplitHP-18to33-Ex-SEER15.2/instance-out.sql,101.60,3302903.94,331.61,10780048.31
CZ15/OfL&0&cDXHP&Ex&dxHP_equip/NE-dxHP-SplitHP-18to33-Ex-SEER16.2/instance-out.sql,100.92,3280800.95,329.33,10706224.33
CZ15/OfL&0&cDXHP&Ex&dxHP_equip/NE-dxHP-SplitHP-18to33-Ex-SEER17.1/instance-out.sql,100.38,3263130.28,327.52,10647204.30
CZ15/OfL&0&cDXHP&Ex&dxHP_equip/NE-dxHP-SplitHP-18to33-Ex-SEER18.1/instance-out.sql,99.86,3246331.27,325.79,10591095.58
CZ15/OfL&0&cDXHP&Ex&dxHP_equip/NE-dxHP-SplitHP-33to55-Ex-SEER14.3/instance-out.sql,102.38,3328326.02,334.22,10864958.05
CZ15/OfL&0&cDXHP&Ex&dxHP_equip/NE-dxHP-SplitHP-33to55-Ex-SEER15.2/instance-out.sql,101.60,3302903.94,331.61,10780048.31
CZ15/OfL&0&cDXHP&Ex&dxHP_equip/NE-dxHP-SplitHP-33to55-Ex-SEER16.2/instance-out.sql,100.92,3280800.95,329.33,10706224.33
CZ15/OfL&0&cDXHP&Ex&dxHP_equip/NE-dxHP-SplitHP-33to55-Ex-SEER17.1/instance-out.sql,100.38,3263130.28,327.52,10647204.30
CZ15/OfL&0&cDXHP&Ex&dxHP_equip/NE-dxHP-SplitHP-33to55-Ex-SEER18.1/instance-out.sql,99.86,3246331.27,325.79,10591095.58
CZ15/OfS&0&cDXHP&Ex&dxHP_equip/NE-dxHP-PkgHP-18to33-Ex-SEER13.4/instance-out.sql,106.09,197164.75,332.47,617883.65
CZ15/OfS&0&cDXHP&Ex&dxHP_equip/NE-dxHP-PkgHP-18to33-Ex-SEER15.2/instance-out.sql,103.80,192904.71,324.81,603655.12
CZ15/OfS&0&cDXHP&Ex&dxHP_equip/NE-dxHP-PkgHP-18to33-Ex-SEER16.2/instance-out.sql,102.87,191184.21,321.72,597908.63
CZ15/OfS&0&cDXHP&Ex&dxHP_equip/NE-dxHP-PkgHP-18to33-Ex-SEER17.1/instance-out.sql,102.13,189808.71,319.25,593314.48
CZ15/OfS&0&cDXHP&Ex&dxHP_equip/NE-dxHP-PkgHP-18to33-Ex-SEER18.1/instance-out.sql,101.43,188501.07,316.90,588946.96
CZ15/OfS&0&cDXHP&Ex&dxHP_equip/NE-dxHP-PkgHP-33to65-Ex-SEER13.4/instance-out.sql,106.09,197164.75,332.47,617883.65
CZ15/OfS&0&cDXHP&Ex&dxHP_equip/NE-dxHP-PkgHP-33to65-Ex-SEER15.2/instance-out.sql,103.80,192904.71,324.81,603655.12
CZ15/OfS&0&cDXHP&Ex&dxHP_equip/NE-dxHP-PkgHP-33to65-Ex-SEER16.2/instance-out.sql,102.87,191184.21,321.72,597908.63
CZ15/OfS&0&cDXHP&Ex&dxHP_equip/NE-dxHP-PkgHP-33to65-Ex-SEER17.1/instance-out.sql,102.13,189808.71,319.25,593314.48
CZ15/OfS&0&cDXHP&Ex&dxHP_equip/NE-dxHP-PkgHP-33to65-Ex-SEER18.1/instance-out.sql,101.43,188501.07,316.90,588946.96
CZ15/OfS&0&cDXHP&Ex&dxHP_equip/NE-dxHP-SplitHP-18to33-Ex-SEER14.3/instance-out.sql,104.86,194878.66,328.36,610248.09
CZ15/OfS&0&cDXHP&Ex&dxHP_equip/NE-dxHP-SplitHP-18to33-Ex-SEER15.2/instance-out.sql,103.79,192899.79,324.80,603638.67
CZ15/OfS&0&cDXHP&Ex&dxHP_equip/NE-dxHP-SplitHP-18to33-Ex-SEER16.2/instance-out.sql,102.87,191179.28,321.71,597892.18
CZ15/OfS&0&cDXHP&Ex&dxHP_equip/NE-dxHP-SplitHP-18to33-Ex-SEER17.1/instance-out.sql,102.13,189803.79,319.24,593298.04
CZ15/OfS&0&cDXHP&Ex&dxHP_equip/NE-dxHP-SplitHP-18to33-Ex-SEER18.1/instance-out.sql,101.42,188496.15,316.89,588930.51
CZ15/OfS&0&cDXHP&Ex&dxHP_equip/NE-dxHP-SplitHP-33to55-Ex-SEER14.3/instance-out.sql,104.86,194878.66,328.36,610248.09
CZ15/OfS&0&cDXHP&Ex&dxHP_equip/NE-dxHP-SplitHP-33to55-Ex-SEER15.2/instance-out.sql,103.79,192899.79,324.80,603638.67
CZ15/OfS&0&cDXHP&Ex&dxHP_equip/NE-dxHP-SplitHP-33to55-Ex-SEER16.2/instance-out.sql,102.87,191179.28,321.71,597892.18
CZ15/OfS&0&cDXHP&Ex&dxHP_equip/NE-dxHP-SplitHP-33to55-Ex-SEER17.1/instance-out.sql,102.13,189803.79,319.24,593298.04
CZ15/OfS&0&cDXHP&Ex&dxHP_equip/NE-dxHP-SplitHP-33to55-Ex-SEER18.1/instance-out.sql,101.42,188496.15,316.89,588930.51
CZ15/RFF&0&cDXHP&Ex&dxHP_equip/NE-dxHP-PkgHP-18to33-Ex-SEER13.4/instance-out.sql,345.13,128130.97,903.83,335554.51
CZ15/RFF&0&cDXHP&Ex&dxHP_equip/NE-dxHP-PkgHP-18to33-Ex-SEER15.2/instance-out.sql,341.54,126798.96,891.85,331105.58
CZ15/RFF&0&cDXHP&Ex&dxHP_equip/NE-dxHP-PkgHP-18to33-Ex-SEER16.2/instance-out.sql,340.09,126260.99,887.01,329308.78
CZ15/RFF&0&cDXHP&Ex&dxHP_equip/NE-dxHP-PkgHP-18to33-Ex-SEER17.1/instance-out.sql,338.93,125830.91,883.14,327872.30
CZ15/RFF&0&cDXHP&Ex&dxHP_equip/NE-dxHP-PkgHP-18to33-Ex-SEER18.1/instance-out.sql,337.83,125422.04,879.46,326506.67
CZ15/RFF&0&cDXHP&Ex&dxHP_equip/NE-dxHP-PkgHP-33to65-Ex-SEER13.4/instance-out.sql,345.13,128130.97,903.83,335554.51
CZ15/RFF&0&cDXHP&Ex&dxHP_equip/NE-dxHP-PkgHP-33to65-Ex-SEER15.2/instance-out.sql,341.54,126798.96,891.85,331105.58
CZ15/RFF&0&cDXHP&Ex&dxHP_equip/NE-dxHP-PkgHP-33to65-Ex-SEER16.2/instance-out.sql,340.09,126260.99,887.01,329308.78
CZ15/RFF&0&cDXHP&Ex&dxHP_equip/NE-dxHP-PkgHP-33to65-Ex-SEER17.1/instance-out.sql,338.93,125830.91,883.14,327872.30
CZ15/RFF&0&cDXHP&Ex&dxHP_equip/NE-dxHP-PkgHP-33to65-Ex-SEER18.1/instance-out.sql,337.83,125422.04,879.46,326506.67
CZ15/RFF&0&cDXHP&Ex&dxHP_equip/NE-dxHP-SplitHP-18to33-Ex-SEER14.3/instance-out.sql,343.19,127412.18,897.36,333153.74
CZ15/RFF&0&cDXHP&Ex&dxHP_equip/NE-dxHP-SplitHP-18to33-Ex-SEER15.2/instance-out.sql,341.52,126793.43,891.80,331087.13
CZ15/RFF&0&cDXHP&Ex&dxHP_equip/NE-dxHP-SplitHP-18to33-Ex-SEER16.2/instance-out.sql,340.07,126255.47,886.96,329290.33
CZ15/RFF&0&cDXHP&Ex&dxHP_equip/NE-dxHP-SplitHP-18to33-Ex-SEER17.1/instance-out.sql,338.92,125825.38,883.09,327853.85
CZ15/RFF&0&cDXHP&Ex&dxHP_equip/NE-dxHP-SplitHP-18to33-Ex-SEER18.1/instance-out.sql,337.81,125416.51,879.41,326488.22
CZ15/RFF&0&cDXHP&Ex&dxHP_equip/NE-dxHP-SplitHP-33to55-Ex-SEER14.3/instance-out.sql,343.19,127412.18,897.36,333153.74
CZ15/RFF&0&cDXHP&Ex&dxHP_equip/NE-dxHP-SplitHP-33to55-Ex-SEER15.2/instance-out.sql,341.52,126793.43,891.80,331087.13
CZ15/RFF&0&cDXHP&Ex&dxHP_equip/NE-dxHP-SplitHP-33to55-Ex-SEER16.2/instance-out.sql,340.07,126255.47,886.96,329290.33
CZ15/RFF&0&cDXHP&Ex&dxHP_equip/NE-dxHP-SplitHP-33to55-Ex-SEER17.1/instance-out.sql,338.92,125825.38,883.09,327853.85
CZ15/RFF&0&cDXHP&Ex&dxHP_equip/NE-dxHP-SplitHP-33to55-Ex-SEER18.1/instance-out.sql,337.81,125416.51,879.41,326488.22
CZ15/RSD&0&cDXHP&Ex&dxHP_equip/NE-dxHP-PkgHP-18to33-Ex-SEER13.4/instance-out.sql,301.02,313355.52,722.28,751887.00
CZ15/RSD&0&cDXHP&Ex&dxHP_equip/NE-dxHP-PkgHP-18to33-Ex-SEER15.2/instance-out.sql,300.38,312689.41,720.15,749662.19
CZ15/RSD&0&cDXHP&Ex&dxHP_equip/NE-dxHP-PkgHP-18to33-Ex-SEER16.2/instance-out.sql,300.12,312420.39,719.28,748763.66
CZ15/RSD&0&cDXHP&Ex&dxHP_equip/NE-dxHP-PkgHP-18to33-Ex-SEER17.1/instance-out.sql,299.91,312205.31,718.59,748045.31
CZ15/RSD&0&cDXHP&Ex&dxHP_equip/NE-dxHP-PkgHP-18to33-Ex-SEER18.1/instance-out.sql,299.72,312000.84,717.94,747362.39
CZ15/RSD&0&cDXHP&Ex&dxHP_equip/NE-dxHP-PkgHP-33to65-Ex-SEER13.4/instance-out.sql,301.02,313355.52,722.28,751887.00
CZ15/RSD&0&cDXHP&Ex&dxHP_equip/NE-dxHP-PkgHP-33to65-Ex-SEER15.2/instance-out.sql,300.38,312689.41,720.15,749662.19
CZ15/RSD&0&cDXHP&Ex&dxHP_equip/NE-dxHP-PkgHP-33to65-Ex-SEER16.2/instance-out.sql,300.12,312420.39,719.28,748763.66
CZ15/RSD&0&cDXHP&Ex&dxHP_equip/NE-dxHP-PkgHP-33to65-Ex-SEER17.1/instance-out.sql,299.91,312205.31,718.59,748045.31
CZ15/RSD&0&cDXHP&Ex&dxHP_equip/NE-dxHP-PkgHP-33to65-Ex-SEER18.1/instance-out.sql,299.72,312000.84,717.94,747362.39
CZ15/RSD&0&cDXHP&Ex&dxHP_equip/NE-dxHP-SplitHP-18to33-Ex-SEER14.3/instance-out.sql,300.67,312995.42,721.13,750684.28
CZ15/RSD&0&cDXHP&Ex&dxHP_equip/NE-dxHP-SplitHP-18to33-Ex-SEER15.2/instance-out.sql,300.37,312686.00,720.14,749650.82
CZ15/RSD&0&cDXHP&Ex&dxHP_equip/NE-dxHP-SplitHP-18to33-Ex-SEER16.2/instance-out.sql,300.12,312416.98,719.27,748752.28
CZ15/RSD&0&cDXHP&Ex&dxHP_equip/NE-dxHP-SplitHP-18to33-Ex-SEER17.1/instance-out.sql,299.91,312201.90,718.58,748033.93
CZ15/RSD&0&cDXHP&Ex&dxHP_equip/NE-dxHP-SplitHP-18to33-Ex-SEER18.1/instance-out.sql,299.71,311997.44,717.93,747351.01
CZ15/RSD&0&cDXHP&Ex&dxHP_equip/NE-dxHP-SplitHP-33to55-Ex-SEER14.3/instance-out.sql,300.67,312995.42,721.13,750684.28
CZ15/RSD&0&cDXHP&Ex&dxHP_equip/NE-dxHP-SplitHP-33to55-Ex-SEER15.2/instance-out.sql,300.37,312686.00,720.14,749650.82
CZ15/RSD&0&cDXHP&Ex&dxHP_equip/NE-dxHP-SplitHP-33to55-Ex-SEER16.2/instance-out.sql,300.12,312416.98,719.27,748752.28
CZ15/RSD&0&cDXHP&Ex&dxHP_equip/NE-dxHP-SplitHP-33to55-Ex-SEER17.1/instance-out.sql,299.91,312201.90,718.58,748033.93
CZ15/RSD&0&cDXHP&Ex&dxHP_equip/NE-dxHP-SplitHP-33to55-Ex-SEER18.1/instance-out.sql,299.71,311997.44,717.93,747351.01
CZ15/Rt3&0&cDXHP&Ex&dxHP_equip/NE-dxHP-PkgHP-18to33-Ex-SEER13.4/instance-out.sql,116.82,2604751.10,376.62,8397305.56
CZ15/Rt3&0&cDXHP&Ex&dxHP_equip/NE-dxHP-PkgHP-18to33-Ex-SEER15.2/instance-out.sql,114.73,2558117.67,369.63,8241549.92
CZ15/Rt3&0&cDXHP&Ex&dxHP_equip/NE-dxHP-PkgHP-18to33-Ex-SEER16.2/instance-out.sql,113.89,2539283.77,366.81,8178644.71
CZ15/Rt3&0&cDXHP&Ex&dxHP_equip/NE-dxHP-PkgHP-18to33-Ex-SEER17.1/instance-out.sql,113.21,2524226.65,364.55,8128353.91
CZ15/Rt3&0&cDXHP&Ex&dxHP_equip/NE-dxHP-PkgHP-18to33-Ex-SEER18.1/instance-out.sql,112.57,2509912.25,362.41,8080543.82
CZ15/Rt3&0&cDXHP&Ex&dxHP_equip/NE-dxHP-PkgHP-33to65-Ex-SEER13.4/instance-out.sql,116.82,2604751.10,376.62,8397305.56
CZ15/Rt3&0&cDXHP&Ex&dxHP_equip/NE-dxHP-PkgHP-33to65-Ex-SEER15.2/instance-out.sql,114.73,2558117.67,369.63,8241549.92
CZ15/Rt3&0&cDXHP&Ex&dxHP_equip/NE-dxHP-PkgHP-33to65-Ex-SEER16.2/instance-out.sql,113.89,2539283.77,366.81,8178644.71
CZ15/Rt3&0&cDXHP&Ex&dxHP_equip/NE-dxHP-PkgHP-33to65-Ex-SEER17.1/instance-out.sql,113.21,2524226.65,364.55,8128353.91
CZ15/Rt3&0&cDXHP&Ex&dxHP_equip/NE-dxHP-PkgHP-33to65-Ex-SEER18.1/instance-out.sql,112.57,2509912.25,362.41,8080543.82
CZ15/Rt3&0&cDXHP&Ex&dxHP_equip/NE-dxHP-SplitHP-18to33-Ex-SEER14.3/instance-out.sql,115.70,2579703.57,372.86,8313646.81
CZ15/Rt3&0&cDXHP&Ex&dxHP_equip/NE-dxHP-SplitHP-18to33-Ex-SEER15.2/instance-out.sql,114.73,2558041.48,369.62,8241295.46
CZ15/Rt3&0&cDXHP&Ex&dxHP_equip/NE-dxHP-SplitHP-18to33-Ex-SEER16.2/instance-out.sql,113.88,2539207.59,366.80,8178390.24
CZ15/Rt3&0&cDXHP&Ex&dxHP_equip/NE-dxHP-SplitHP-18to33-Ex-SEER17.1/instance-out.sql,113.21,2524150.46,364.54,8128099.44
CZ15/Rt3&0&cDXHP&Ex&dxHP_equip/NE-dxHP-SplitHP-18to33-Ex-SEER18.1/instance-out.sql,112.57,2509836.06,362.40,8080289.35
CZ15/Rt3&0&cDXHP&Ex&dxHP_equip/NE-dxHP-SplitHP-33to55-Ex-SEER14.3/instance-out.sql,115.70,2579703.57,372.86,8313646.81
CZ15/Rt3&0&cDXHP&Ex&dxHP_equip/NE-dxHP-SplitHP-33to55-Ex-SEER15.2/instance-out.sql,114.73,2558041.48,369.62,8241295.46
CZ15/Rt3&0&cDXHP&Ex&dxHP_equip/NE-dxHP-SplitHP-33to55-Ex-SEER16.2/instance-out.sql,113.88,2539207.59,366.80,8178390.24
CZ15/Rt3&0&cDXHP&Ex&dxHP_equip/NE-dxHP-SplitHP-33to55-Ex-SEER17.1/instance-out.sql,113.21,2524150.46,364.54,8128099.44
CZ15/Rt3&0&cDXHP&Ex&dxHP_equip/NE-dxHP-SplitHP-33to55-Ex-SEER18.1/instance-out.sql,112.57,2509836.06,362.40,8080289.35
CZ15/RtL&0&cDXHP&Ex&dxHP_equip/NE-dxHP-PkgHP-18to33-Ex-SEER13.4/instance-out.sql,213.81,2592181.33,688.07,8342133.64
CZ15/RtL&0&cDXHP&Ex&dxHP_equip/NE-dxHP-PkgHP-18to33-Ex-SEER15.2/instance-out.sql,209.95,2545462.98,675.20,8186094.37
CZ15/RtL&0&cDXHP&Ex&dxHP_equip/NE-dxHP-PkgHP-18to33-Ex-SEER16.2/instance-out.sql,208.40,2526594.79,670.00,8123074.60
CZ15/RtL&0&cDXHP&Ex&dxHP_equip/NE-dxHP-PkgHP-18to33-Ex-SEER17.1/instance-out.sql,207.15,2511510.24,665.84,8072692.22
CZ15/RtL&0&cDXHP&Ex&dxHP_equip/NE-dxHP-PkgHP-18to33-Ex-SEER18.1/instance-out.sql,205.97,2497169.78,661.89,8024795.07
CZ15/RtL&0&cDXHP&Ex&dxHP_equip/NE-dxHP-PkgHP-33to65-Ex-SEER13.4/instance-out.sql,213.81,2592181.33,688.07,8342133.64
CZ15/RtL&0&cDXHP&Ex&dxHP_equip/NE-dxHP-PkgHP-33to65-Ex-SEER15.2/instance-out.sql,209.95,2545462.98,675.20,8186094.37
CZ15/RtL&0&cDXHP&Ex&dxHP_equip/NE-dxHP-PkgHP-33to65-Ex-SEER16.2/instance-out.sql,208.40,2526594.79,670.00,8123074.60
CZ15/RtL&0&cDXHP&Ex&dxHP_equip/NE-dxHP-PkgHP-33to65-Ex-SEER17.1/instance-out.sql,207.15,2511510.24,665.84,8072692.22
CZ15/RtL&0&cDXHP&Ex&dxHP_equip/NE-dxHP-PkgHP-33to65-Ex-SEER18.1/instance-out.sql,205.97,2497169.78,661.89,8024795.07
CZ15/RtL&0&cDXHP&Ex&dxHP_equip/NE-dxHP-SplitHP-18to33-Ex-SEER14.3/instance-out.sql,211.74,2567098.56,681.16,8258357.19
CZ15/RtL&0&cDXHP&Ex&dxHP_equip/NE-dxHP-SplitHP-18to33-Ex-SEER15.2/instance-out.sql,209.95,2545397.03,675.18,8185874.08
CZ15/RtL&0&cDXHP&Ex&dxHP_equip/NE-dxHP-SplitHP-18to33-Ex-SEER16.2/instance-out.sql,208.39,2526528.83,669.98,8122854.31
CZ15/RtL&0&cDXHP&Ex&dxHP_equip/NE-dxHP-SplitHP-18to33-Ex-SEER17.1/instance-out.sql,207.15,2511444.29,665.83,8072471.93
CZ15/RtL&0&cDXHP&Ex&dxHP_equip/NE-dxHP-SplitHP-18to33-Ex-SEER18.1/instance-out.sql,205.96,2497103.83,661.88,8024574.78
CZ15/RtL&0&cDXHP&Ex&dxHP_equip/NE-dxHP-SplitHP-33to55-Ex-SEER14.3/instance-out.sql,211.74,2567098.56,681.16,8258357.19
CZ15/RtL&0&cDXHP&Ex&dxHP_equip/NE-dxHP-SplitHP-33to55-Ex-SEER15.2/instance-out.sql,209.95,2545397.03,675.18,8185874.08
CZ15/RtL&0&cDXHP&Ex&dxHP_equip/NE-dxHP-SplitHP-33to55-Ex-SEER16.2/instance-out.sql,208.39,2526528.83,669.98,8122854.31
CZ15/RtL&0&cDXHP&Ex&dxHP_equip/NE-dxHP-SplitHP-33to55-Ex-SEER17.1/instance-out.sql,207.15,2511444.29,665.83,8072471.93
CZ15/RtL&0&cDXHP&Ex&dxHP_equip/NE-dxHP-SplitHP-33to55-Ex-SEER18.1/instance-out.sql,205.96,2497103.83,661.88,8024574.78
CZ15/RtS&0&cDXHP&Ex&dxHP_equip/NE-dxHP-PkgHP-18to33-Ex-SEER13.4/instance-out.sql,120.42,179020.43,381.64,567386.96
CZ15/RtS&0&cDXHP&Ex&dxHP_equip/NE-dxHP-PkgHP-18to33-Ex-SEER15.2/instance-out.sql,117.92,175307.55,373.30,554985.95
CZ15/RtS&0&cDXHP&Ex&dxHP_equip/NE-dxHP-PkgHP-18to33-Ex-SEER16.2/instance-out.sql,116.91,173808.03,369.93,549977.53
CZ15/RtS&0&cDXHP&Ex&dxHP_equip/NE-dxHP-PkgHP-18to33-Ex-SEER17.1/instance-out.sql,116.10,172609.21,367.24,545973.46
CZ15/RtS&0&cDXHP&Ex&dxHP_equip/NE-dxHP-PkgHP-18to33-Ex-SEER18.1/instance-out.sql,115.34,171469.52,364.68,542166.90
CZ15/RtS&0&cDXHP&Ex&dxHP_equip/NE-dxHP-PkgHP-33to65-Ex-SEER13.4/instance-out.sql,120.42,179020.43,381.64,567386.96
CZ15/RtS&0&cDXHP&Ex&dxHP_equip/NE-dxHP-PkgHP-33to65-Ex-SEER15.2/instance-out.sql,117.92,175307.55,373.30,554985.95
CZ15/RtS&0&cDXHP&Ex&dxHP_equip/NE-dxHP-PkgHP-33to65-Ex-SEER16.2/instance-out.sql,116.91,173808.03,369.93,549977.53
CZ15/RtS&0&cDXHP&Ex&dxHP_equip/NE-dxHP-PkgHP-33to65-Ex-SEER17.1/instance-out.sql,116.10,172609.21,367.24,545973.46
CZ15/RtS&0&cDXHP&Ex&dxHP_equip/NE-dxHP-PkgHP-33to65-Ex-SEER18.1/instance-out.sql,115.34,171469.52,364.68,542166.90
CZ15/RtS&0&cDXHP&Ex&dxHP_equip/NE-dxHP-SplitHP-18to33-Ex-SEER14.3/instance-out.sql,119.07,177022.63,377.16,560714.30
CZ15/RtS&0&cDXHP&Ex&dxHP_equip/NE-dxHP-SplitHP-18to33-Ex-SEER15.2/instance-out.sql,117.91,175297.93,373.28,554953.80
CZ15/RtS&0&cDXHP&Ex&dxHP_equip/NE-dxHP-SplitHP-18to33-Ex-SEER16.2/instance-out.sql,116.90,173798.41,369.91,549945.39
CZ15/RtS&0&cDXHP&Ex&dxHP_equip/NE-dxHP-SplitHP-18to33-Ex-SEER17.1/instance-out.sql,116.10,172599.58,367.22,545941.32
CZ15/RtS&0&cDXHP&Ex&dxHP_equip/NE-dxHP-SplitHP-18to33-Ex-SEER18.1/instance-out.sql,115.33,171459.89,364.66,542134.76
CZ15/RtS&0&cDXHP&Ex&dxHP_equip/NE-dxHP-SplitHP-33to55-Ex-SEER14.3/instance-out.sql,119.07,177022.63,377.16,560714.30
CZ15/RtS&0&cDXHP&Ex&dxHP_equip/NE-dxHP-SplitHP-33to55-Ex-SEER15.2/instance-out.sql,117.91,175297.93,373.28,554953.80
CZ15/RtS&0&cDXHP&Ex&dxHP_equip/NE-dxHP-SplitHP-33to55-Ex-SEER16.2/instance-out.sql,116.90,173798.41,369.91,549945.39
CZ15/RtS&0&cDXHP&Ex&dxHP_equip/NE-dxHP-SplitHP-33to55-Ex-SEER17.1/instance-out.sql,116.10,172599.58,367.22,545941.32
CZ15/RtS&0&cDXHP&Ex&dxHP_equip/NE-dxHP-SplitHP-33to55-Ex-SEER18.1/instance-out.sql,115.33,171459.89,364.66,542134.76
CZ15/SCn&0&cDXHP&Ex&dxHP_equip/NE-dxHP-PkgHP-18to33-Ex-SEER13.4/instance-out.sql,90.80,4217726.97,300.04,13936969.50
CZ15/SCn&0&cDXHP&Ex&dxHP_equip/NE-dxHP-PkgHP-18to33-Ex-SEER15.2/instance-out.sql,88.64,4117439.20,292.83,13602008.33
CZ15/SCn&0&cDXHP&Ex&dxHP_equip/NE-dxHP-PkgHP-18to33-Ex-SEER16.2/instance-out.sql,87.77,4076935.85,289.91,13466727.16
CZ15/SCn&0&cDXHP&Ex&dxHP_equip/NE-dxHP-PkgHP-18to33-Ex-SEER17.1/instance-out.sql,87.07,4044554.67,287.59,13358574.00
CZ15/SCn&0&cDXHP&Ex&dxHP_equip/NE-dxHP-PkgHP-18to33-Ex-SEER18.1/instance-out.sql,86.41,4013770.76,285.37,13255755.74
CZ15/SCn&0&cDXHP&Ex&dxHP_equip/NE-dxHP-PkgHP-33to65-Ex-SEER13.4/instance-out.sql,90.80,4217726.97,300.04,13936969.50
CZ15/SCn&0&cDXHP&Ex&dxHP_equip/NE-dxHP-PkgHP-33to65-Ex-SEER15.2/instance-out.sql,88.64,4117439.20,292.83,13602008.33
CZ15/SCn&0&cDXHP&Ex&dxHP_equip/NE-dxHP-PkgHP-33to65-Ex-SEER16.2/instance-out.sql,87.77,4076935.85,289.91,13466727.16
CZ15/SCn&0&cDXHP&Ex&dxHP_equip/NE-dxHP-PkgHP-33to65-Ex-SEER17.1/instance-out.sql,87.07,4044554.67,287.59,13358574.00
CZ15/SCn&0&cDXHP&Ex&dxHP_equip/NE-dxHP-PkgHP-33to65-Ex-SEER18.1/instance-out.sql,86.41,4013770.76,285.37,13255755.74
CZ15/SCn&0&cDXHP&Ex&dxHP_equip/NE-dxHP-SplitHP-18to33-Ex-SEER14.3/instance-out.sql,89.62,4162838.08,296.09,13753640.60
CZ15/SCn&0&cDXHP&Ex&dxHP_equip/NE-dxHP-SplitHP-18to33-Ex-SEER15.2/instance-out.sql,88.62,4116252.57,292.74,13598044.99
CZ15/SCn&0&cDXHP&Ex&dxHP_equip/NE-dxHP-SplitHP-18to33-Ex-SEER16.2/instance-out.sql,87.74,4075749.23,289.83,13462763.82
CZ15/SCn&0&cDXHP&Ex&dxHP_equip/NE-dxHP-SplitHP-18to33-Ex-SEER17.1/instance-out.sql,87.05,4043368.04,287.50,13354610.66
CZ15/SCn&0&cDXHP&Ex&dxHP_equip/NE-dxHP-SplitHP-18to33-Ex-SEER18.1/instance-out.sql,86.38,4012584.13,285.29,13251792.40
CZ15/SCn&0&cDXHP&Ex&dxHP_equip/NE-dxHP-SplitHP-33to55-Ex-SEER14.3/instance-out.sql,89.62,4162838.08,296.09,13753640.60
CZ15/SCn&0&cDXHP&Ex&dxHP_equip/NE-dxHP-SplitHP-33to55-Ex-SEER15.2/instance-out.sql,88.62,4116252.57,292.74,13598044.99
CZ15/SCn&0&cDXHP&Ex&dxHP_equip/NE-dxHP-SplitHP-33to55-Ex-SEER16.2/instance-out.sql,87.74,4075749.23,289.83,13462763.82
CZ15/SCn&0&cDXHP&Ex&dxHP_equip/NE-dxHP-SplitHP-33to55-Ex-SEER17.1/instance-out.sql,87.05,4043368.04,287.50,13354610.66
CZ15/SCn&0&cDXHP&Ex&dxHP_equip/NE-dxHP-SplitHP-33to55-Ex-SEER18.1/instance-out.sql,86.38,4012584.13,285.29,13251792.40
CZ16/Asm&0&cDXHP&Ex&dxHP_equip/NE-dxHP-PkgHP-18to33-Ex-SEER13.4/instance-out.sql,133.13,841149.77,436.49,2757737.38
CZ16/Asm&0&cDXHP&Ex&dxHP_equip/NE-dxHP-PkgHP-18to33-Ex-SEER15.2/instance-out.sql,131.13,828475.85,429.79,2715406.46
CZ16/Asm&0&cDXHP&Ex&dxHP_equip/NE-dxHP-PkgHP-18to33-Ex-SEER16.2/instance-out.sql,130.32,823357.21,427.08,2698310.23
CZ16/Asm&0&cDXHP&Ex&dxHP_equip/NE-dxHP-PkgHP-18to33-Ex-SEER17.1/instance-out.sql,129.67,819265.02,424.92,2684642.31
CZ16/Asm&0&cDXHP&Ex&dxHP_equip/NE-dxHP-PkgHP-18to33-Ex-SEER18.1/instance-out.sql,129.06,815374.69,422.86,2671648.59
CZ16/Asm&0&cDXHP&Ex&dxHP_equip/NE-dxHP-PkgHP-33to65-Ex-SEER13.4/instance-out.sql,133.13,841149.77,436.49,2757737.38
CZ16/Asm&0&cDXHP&Ex&dxHP_equip/NE-dxHP-PkgHP-33to65-Ex-SEER15.2/instance-out.sql,131.13,828475.85,429.79,2715406.46
CZ16/Asm&0&cDXHP&Ex&dxHP_equip/NE-dxHP-PkgHP-33to65-Ex-SEER16.2/instance-out.sql,130.32,823357.21,427.08,2698310.23
CZ16/Asm&0&cDXHP&Ex&dxHP_equip/NE-dxHP-PkgHP-33to65-Ex-SEER17.1/instance-out.sql,129.67,819265.02,424.92,2684642.31
CZ16/Asm&0&cDXHP&Ex&dxHP_equip/NE-dxHP-PkgHP-33to65-Ex-SEER18.1/instance-out.sql,129.06,815374.69,422.86,2671648.59
CZ16/Asm&0&cDXHP&Ex&dxHP_equip/NE-dxHP-SplitHP-18to33-Ex-SEER14.3/instance-out.sql,131.52,830931.80,431.09,2723609.35
CZ16/Asm&0&cDXHP&Ex&dxHP_equip/NE-dxHP-SplitHP-18to33-Ex-SEER15.2/instance-out.sql,130.59,825044.53,427.97,2703945.86
CZ16/Asm&0&cDXHP&Ex&dxHP_equip/NE-dxHP-SplitHP-18to33-Ex-SEER16.2/instance-out.sql,129.78,819925.90,425.27,2686849.63
CZ16/Asm&0&cDXHP&Ex&dxHP_equip/NE-dxHP-SplitHP-18to33-Ex-SEER17.1/instance-out.sql,129.13,815833.70,423.10,2673181.71
CZ16/Asm&0&cDXHP&Ex&dxHP_equip/NE-dxHP-SplitHP-18to33-Ex-SEER18.1/instance-out.sql,128.51,811943.37,421.05,2660187.99
CZ16/Asm&0&cDXHP&Ex&dxHP_equip/NE-dxHP-SplitHP-33to55-Ex-SEER14.3/instance-out.sql,131.52,830931.80,431.09,2723609.35
CZ16/Asm&0&cDXHP&Ex&dxHP_equip/NE-dxHP-SplitHP-33to55-Ex-SEER15.2/instance-out.sql,130.59,825044.53,427.97,2703945.86
CZ16/Asm&0&cDXHP&Ex&dxHP_equip/NE-dxHP-SplitHP-33to55-Ex-SEER16.2/instance-out.sql,129.78,819925.90,425.27,2686849.63
CZ16/Asm&0&cDXHP&Ex&dxHP_equip/NE-dxHP-SplitHP-33to55-Ex-SEER17.1/instance-out.sql,129.13,815833.70,423.10,2673181.71
CZ16/Asm&0&cDXHP&Ex&dxHP_equip/NE-dxHP-SplitHP-33to55-Ex-SEER18.1/instance-out.sql,128.51,811943.37,421.05,2660187.99
CZ16/ECC&0&cDXHP&Ex&dxHP_equip/NE-dxHP-PkgHP-18to33-Ex-SEER13.4/instance-out.sql,112.76,2977254.37,331.99,8765251.46
CZ16/ECC&0&cDXHP&Ex&dxHP_equip/NE-dxHP-PkgHP-18to33-Ex-SEER15.2/instance-out.sql,111.89,2954151.99,329.06,8688089.51
CZ16/ECC&0&cDXHP&Ex&dxHP_equip/NE-dxHP-PkgHP-18to33-Ex-SEER16.2/instance-out.sql,111.54,2944821.60,327.88,8656926.02
CZ16/ECC&0&cDXHP&Ex&dxHP_equip/NE-dxHP-PkgHP-18to33-Ex-SEER17.1/instance-out.sql,111.25,2937362.24,326.94,8632011.76
CZ16/ECC&0&cDXHP&Ex&dxHP_equip/NE-dxHP-PkgHP-18to33-Ex-SEER18.1/instance-out.sql,110.99,2930270.84,326.04,8608326.46
CZ16/ECC&0&cDXHP&Ex&dxHP_equip/NE-dxHP-PkgHP-33to65-Ex-SEER13.4/instance-out.sql,112.76,2977254.37,331.99,8765251.46
CZ16/ECC&0&cDXHP&Ex&dxHP_equip/NE-dxHP-PkgHP-33to65-Ex-SEER15.2/instance-out.sql,111.89,2954151.99,329.06,8688089.51
CZ16/ECC&0&cDXHP&Ex&dxHP_equip/NE-dxHP-PkgHP-33to65-Ex-SEER16.2/instance-out.sql,111.54,2944821.60,327.88,8656926.02
CZ16/ECC&0&cDXHP&Ex&dxHP_equip/NE-dxHP-PkgHP-33to65-Ex-SEER17.1/instance-out.sql,111.25,2937362.24,326.94,8632011.76
CZ16/ECC&0&cDXHP&Ex&dxHP_equip/NE-dxHP-PkgHP-33to65-Ex-SEER18.1/instance-out.sql,110.99,2930270.84,326.04,8608326.46
CZ16/ECC&0&cDXHP&Ex&dxHP_equip/NE-dxHP-SplitHP-18to33-Ex-SEER14.3/instance-out.sql,112.23,2963112.62,330.20,8718018.01
CZ16/ECC&0&cDXHP&Ex&dxHP_equip/NE-dxHP-SplitHP-18to33-Ex-SEER15.2/instance-out.sql,111.82,2952381.14,328.84,8682174.86
CZ16/ECC&0&cDXHP&Ex&dxHP_equip/NE-dxHP-SplitHP-18to33-Ex-SEER16.2/instance-out.sql,111.47,2943050.75,327.66,8651011.38
CZ16/ECC&0&cDXHP&Ex&dxHP_equip/NE-dxHP-SplitHP-18to33-Ex-SEER17.1/instance-out.sql,111.19,2935591.39,326.72,8626097.12
CZ16/ECC&0&cDXHP&Ex&dxHP_equip/NE-dxHP-SplitHP-18to33-Ex-SEER18.1/instance-out.sql,110.92,2928499.98,325.82,8602411.82
CZ16/ECC&0&cDXHP&Ex&dxHP_equip/NE-dxHP-SplitHP-33to55-Ex-SEER14.3/instance-out.sql,112.23,2963112.62,330.20,8718018.01
CZ16/ECC&0&cDXHP&Ex&dxHP_equip/NE-dxHP-SplitHP-33to55-Ex-SEER15.2/instance-out.sql,111.82,2952381.14,328.84,8682174.86
CZ16/ECC&0&cDXHP&Ex&dxHP_equip/NE-dxHP-SplitHP-33to55-Ex-SEER16.2/instance-out.sql,111.47,2943050.75,327.66,8651011.38
CZ16/ECC&0&cDXHP&Ex&dxHP_equip/NE-dxHP-SplitHP-33to55-Ex-SEER17.1/instance-out.sql,111.19,2935591.39,326.72,8626097.12
CZ16/ECC&0&cDXHP&Ex&dxHP_equip/NE-dxHP-SplitHP-33to55-Ex-SEER18.1/instance-out.sql,110.92,2928499.98,325.82,8602411.82
CZ16/EPr&0&cDXHP&Ex&dxHP_equip/NE-dxHP-PkgHP-18to33-Ex-SEER13.4/instance-out.sql,121.60,460319.13,328.92,1245083.02
CZ16/EPr&0&cDXHP&Ex&dxHP_equip/NE-dxHP-PkgHP-18to33-Ex-SEER15.2/instance-out.sql,120.58,456424.74,325.48,1232075.75
CZ16/EPr&0&cDXHP&Ex&dxHP_equip/NE-dxHP-PkgHP-18to33-Ex-SEER16.2/instance-out.sql,120.16,454851.90,324.09,1226822.48
CZ16/EPr&0&cDXHP&Ex&dxHP_equip/NE-dxHP-PkgHP-18to33-Ex-SEER17.1/instance-out.sql,119.83,453594.47,322.99,1222622.66
CZ16/EPr&0&cDXHP&Ex&dxHP_equip/NE-dxHP-PkgHP-18to33-Ex-SEER18.1/instance-out.sql,119.51,452399.06,321.93,1218630.00
CZ16/EPr&0&cDXHP&Ex&dxHP_equip/NE-dxHP-PkgHP-33to65-Ex-SEER13.4/instance-out.sql,121.60,460319.13,328.92,1245083.02
CZ16/EPr&0&cDXHP&Ex&dxHP_equip/NE-dxHP-PkgHP-33to65-Ex-SEER15.2/instance-out.sql,120.58,456424.74,325.48,1232075.75
CZ16/EPr&0&cDXHP&Ex&dxHP_equip/NE-dxHP-PkgHP-33to65-Ex-SEER16.2/instance-out.sql,120.16,454851.90,324.09,1226822.48
CZ16/EPr&0&cDXHP&Ex&dxHP_equip/NE-dxHP-PkgHP-33to65-Ex-SEER17.1/instance-out.sql,119.83,453594.47,322.99,1222622.66
CZ16/EPr&0&cDXHP&Ex&dxHP_equip/NE-dxHP-PkgHP-33to65-Ex-SEER18.1/instance-out.sql,119.51,452399.06,321.93,1218630.00
CZ16/EPr&0&cDXHP&Ex&dxHP_equip/NE-dxHP-SplitHP-18to33-Ex-SEER14.3/instance-out.sql,120.91,457675.30,326.59,1236252.64
CZ16/EPr&0&cDXHP&Ex&dxHP_equip/NE-dxHP-SplitHP-18to33-Ex-SEER15.2/instance-out.sql,120.43,455866.29,324.99,1230210.52
CZ16/EPr&0&cDXHP&Ex&dxHP_equip/NE-dxHP-SplitHP-18to33-Ex-SEER16.2/instance-out.sql,120.01,454293.45,323.60,1224957.26
CZ16/EPr&0&cDXHP&Ex&dxHP_equip/NE-dxHP-SplitHP-18to33-Ex-SEER17.1/instance-out.sql,119.68,453036.02,322.49,1220757.43
CZ16/EPr&0&cDXHP&Ex&dxHP_equip/NE-dxHP-SplitHP-18to33-Ex-SEER18.1/instance-out.sql,119.36,451840.61,321.44,1216764.77
CZ16/EPr&0&cDXHP&Ex&dxHP_equip/NE-dxHP-SplitHP-33to55-Ex-SEER14.3/instance-out.sql,120.91,457675.30,326.59,1236252.64
CZ16/EPr&0&cDXHP&Ex&dxHP_equip/NE-dxHP-SplitHP-33to55-Ex-SEER15.2/instance-out.sql,120.43,455866.29,324.99,1230210.52
CZ16/EPr&0&cDXHP&Ex&dxHP_equip/NE-dxHP-SplitHP-33to55-Ex-SEER16.2/instance-out.sql,120.01,454293.45,323.60,1224957.26
CZ16/EPr&0&cDXHP&Ex&dxHP_equip/NE-dxHP-SplitHP-33to55-Ex-SEER17.1/instance-out.sql,119.68,453036.02,322.49,1220757.43
CZ16/EPr&0&cDXHP&Ex&dxHP_equip/NE-dxHP-SplitHP-33to55-Ex-SEER18.1/instance-out.sql,119.36,451840.61,321.44,1216764.77
CZ16/ERC&0&cDXHP&Ex&dxHP_equip/NE-dxHP-PkgHP-18to33-Ex-SEER13.4/instance-out.sql,83.81,22452.49,200.70,53767.69
CZ16/ERC&0&cDXHP&Ex&dxHP_equip/NE-dxHP-PkgHP-18to33-Ex-SEER15.2/instance-out.sql,83.14,22273.70,198.48,53170.52
CZ16/ERC&0&cDXHP&Ex&dxHP_equip/NE-dxHP-PkgHP-18to33-Ex-SEER16.2/instance-out.sql,82.87,22201.49,197.58,52929.34
CZ16/ERC&0&cDXHP&Ex&dxHP_equip/NE-dxHP-PkgHP-18to33-Ex-SEER17.1/instance-out.sql,82.66,22143.76,196.86,52736.52
CZ16/ERC&0&cDXHP&Ex&dxHP_equip/NE-dxHP-PkgHP-18to33-Ex-SEER18.1/instance-out.sql,82.45,22088.87,196.17,52553.22
CZ16/ERC&0&cDXHP&Ex&dxHP_equip/NE-dxHP-PkgHP-33to65-Ex-SEER13.4/instance-out.sql,83.81,22452.49,200.70,53767.69
CZ16/ERC&0&cDXHP&Ex&dxHP_equip/NE-dxHP-PkgHP-33to65-Ex-SEER15.2/instance-out.sql,83.14,22273.70,198.48,53170.52
CZ16/ERC&0&cDXHP&Ex&dxHP_equip/NE-dxHP-PkgHP-33to65-Ex-SEER16.2/instance-out.sql,82.87,22201.49,197.58,52929.34
CZ16/ERC&0&cDXHP&Ex&dxHP_equip/NE-dxHP-PkgHP-33to65-Ex-SEER17.1/instance-out.sql,82.66,22143.76,196.86,52736.52
CZ16/ERC&0&cDXHP&Ex&dxHP_equip/NE-dxHP-PkgHP-33to65-Ex-SEER18.1/instance-out.sql,82.45,22088.87,196.17,52553.22
CZ16/ERC&0&cDXHP&Ex&dxHP_equip/NE-dxHP-SplitHP-18to33-Ex-SEER14.3/instance-out.sql,83.32,22321.11,199.07,53328.89
CZ16/ERC&0&cDXHP&Ex&dxHP_equip/NE-dxHP-SplitHP-18to33-Ex-SEER15.2/instance-out.sql,83.01,22238.06,198.03,53051.50
CZ16/ERC&0&cDXHP&Ex&dxHP_equip/NE-dxHP-SplitHP-18to33-Ex-SEER16.2/instance-out.sql,82.74,22165.85,197.13,52810.31
CZ16/ERC&0&cDXHP&Ex&dxHP_equip/NE-dxHP-SplitHP-18to33-Ex-SEER17.1/instance-out.sql,82.53,22108.12,196.41,52617.50
CZ16/ERC&0&cDXHP&Ex&dxHP_equip/NE-dxHP-SplitHP-18to33-Ex-SEER18.1/instance-out.sql,82.32,22053.24,195.73,52434.19
CZ16/ERC&0&cDXHP&Ex&dxHP_equip/NE-dxHP-SplitHP-33to55-Ex-SEER14.3/instance-out.sql,83.32,22321.11,199.07,53328.89
CZ16/ERC&0&cDXHP&Ex&dxHP_equip/NE-dxHP-SplitHP-33to55-Ex-SEER15.2/instance-out.sql,83.01,22238.06,198.03,53051.50
CZ16/ERC&0&cDXHP&Ex&dxHP_equip/NE-dxHP-SplitHP-33to55-Ex-SEER16.2/instance-out.sql,82.74,22165.85,197.13,52810.31
CZ16/ERC&0&cDXHP&Ex&dxHP_equip/NE-dxHP-SplitHP-33to55-Ex-SEER17.1/instance-out.sql,82.53,22108.12,196.41,52617.50
CZ16/ERC&0&cDXHP&Ex&dxHP_equip/NE-dxHP-SplitHP-33to55-Ex-SEER18.1/instance-out.sql,82.32,22053.24,195.73,52434.19
CZ16/ESe&0&cDXHP&Ex&dxHP_equip/NE-dxHP-PkgHP-18to33-Ex-SEER13.4/instance-out.sql,201.60,1393515.14,522.42,3611048.13
CZ16/ESe&0&cDXHP&Ex&dxHP_equip/NE-dxHP-PkgHP-18to33-Ex-SEER15.2/instance-out.sql,200.99,1389277.91,520.37,3596895.80
CZ16/ESe&0&cDXHP&Ex&dxHP_equip/NE-dxHP-PkgHP-18to33-Ex-SEER16.2/instance-out.sql,200.74,1387566.62,519.54,3591180.08
CZ16/ESe&0&cDXHP&Ex&dxHP_equip/NE-dxHP-PkgHP-18to33-Ex-SEER17.1/instance-out.sql,200.54,1386198.49,518.88,3586610.54
CZ16/ESe&0&cDXHP&Ex&dxHP_equip/NE-dxHP-PkgHP-18to33-Ex-SEER18.1/instance-out.sql,200.36,1384897.85,518.25,3582266.40
CZ16/ESe&0&cDXHP&Ex&dxHP_equip/NE-dxHP-PkgHP-33to65-Ex-SEER13.4/instance-out.sql,201.60,1393515.14,522.42,3611048.13
CZ16/ESe&0&cDXHP&Ex&dxHP_equip/NE-dxHP-PkgHP-33to65-Ex-SEER15.2/instance-out.sql,200.99,1389277.91,520.37,3596895.80
CZ16/ESe&0&cDXHP&Ex&dxHP_equip/NE-dxHP-PkgHP-33to65-Ex-SEER16.2/instance-out.sql,200.74,1387566.62,519.54,3591180.08
CZ16/ESe&0&cDXHP&Ex&dxHP_equip/NE-dxHP-PkgHP-33to65-Ex-SEER17.1/instance-out.sql,200.54,1386198.49,518.88,3586610.54
CZ16/ESe&0&cDXHP&Ex&dxHP_equip/NE-dxHP-PkgHP-33to65-Ex-SEER18.1/instance-out.sql,200.36,1384897.85,518.25,3582266.40
CZ16/ESe&0&cDXHP&Ex&dxHP_equip/NE-dxHP-SplitHP-18to33-Ex-SEER14.3/instance-out.sql,201.22,1390882.61,521.14,3602255.48
CZ16/ESe&0&cDXHP&Ex&dxHP_equip/NE-dxHP-SplitHP-18to33-Ex-SEER15.2/instance-out.sql,200.94,1388914.34,520.19,3595681.47
CZ16/ESe&0&cDXHP&Ex&dxHP_equip/NE-dxHP-SplitHP-18to33-Ex-SEER16.2/instance-out.sql,200.69,1387203.05,519.37,3589965.75
CZ16/ESe&0&cDXHP&Ex&dxHP_equip/NE-dxHP-SplitHP-18to33-Ex-SEER17.1/instance-out.sql,200.49,1385834.92,518.71,3585396.20
CZ16/ESe&0&cDXHP&Ex&dxHP_equip/NE-dxHP-SplitHP-18to33-Ex-SEER18.1/instance-out.sql,200.30,1384534.28,518.08,3581052.06
CZ16/ESe&0&cDXHP&Ex&dxHP_equip/NE-dxHP-SplitHP-33to55-Ex-SEER14.3/instance-out.sql,201.22,1390882.61,521.14,3602255.48
CZ16/ESe&0&cDXHP&Ex&dxHP_equip/NE-dxHP-SplitHP-33to55-Ex-SEER15.2/instance-out.sql,200.94,1388914.34,520.19,3595681.47
CZ16/ESe&0&cDXHP&Ex&dxHP_equip/NE-dxHP-SplitHP-33to55-Ex-SEER16.2/instance-out.sql,200.69,1387203.05,519.37,3589965.75
CZ16/ESe&0&cDXHP&Ex&dxHP_equip/NE-dxHP-SplitHP-33to55-Ex-SEER17.1/instance-out.sql,200.49,1385834.92,518.71,3585396.20
CZ16/ESe&0&cDXHP&Ex&dxHP_equip/NE-dxHP-SplitHP-33to55-Ex-SEER18.1/instance-out.sql,200.30,1384534.28,518.08,3581052.06
CZ16/EUn&0&cDXHP&Ex&dxHP_equip/NE-dxHP-PkgHP-18to33-Ex-SEER13.4/instance-out.sql,118.68,9457549.99,369.71,29462687.22
CZ16/EUn&0&cDXHP&Ex&dxHP_equip/NE-dxHP-PkgHP-18to33-Ex-SEER15.2/instance-out.sql,117.87,9392936.94,367.00,29246879.64
CZ16/EUn&0&cDXHP&Ex&dxHP_equip/NE-dxHP-PkgHP-18to33-Ex-SEER16.2/instance-out.sql,117.54,9366841.60,365.91,29159721.18
CZ16/EUn&0&cDXHP&Ex&dxHP_equip/NE-dxHP-PkgHP-18to33-Ex-SEER17.1/instance-out.sql,117.28,9345979.16,365.04,29090040.65
CZ16/EUn&0&cDXHP&Ex&dxHP_equip/NE-dxHP-PkgHP-18to33-Ex-SEER18.1/instance-out.sql,117.03,9326145.82,364.20,29023797.28
CZ16/EUn&0&cDXHP&Ex&dxHP_equip/NE-dxHP-PkgHP-33to65-Ex-SEER13.4/instance-out.sql,118.68,9457549.99,369.71,29462687.22
CZ16/EUn&0&cDXHP&Ex&dxHP_equip/NE-dxHP-PkgHP-33to65-Ex-SEER15.2/instance-out.sql,117.87,9392936.94,367.00,29246879.64
CZ16/EUn&0&cDXHP&Ex&dxHP_equip/NE-dxHP-PkgHP-33to65-Ex-SEER16.2/instance-out.sql,117.54,9366841.60,365.91,29159721.18
CZ16/EUn&0&cDXHP&Ex&dxHP_equip/NE-dxHP-PkgHP-33to65-Ex-SEER17.1/instance-out.sql,117.28,9345979.16,365.04,29090040.65
CZ16/EUn&0&cDXHP&Ex&dxHP_equip/NE-dxHP-PkgHP-33to65-Ex-SEER18.1/instance-out.sql,117.03,9326145.82,364.20,29023797.28
CZ16/EUn&0&cDXHP&Ex&dxHP_equip/NE-dxHP-SplitHP-18to33-Ex-SEER14.3/instance-out.sql,118.17,9417235.81,368.02,29328037.84
CZ16/EUn&0&cDXHP&Ex&dxHP_equip/NE-dxHP-SplitHP-18to33-Ex-SEER15.2/instance-out.sql,117.80,9387221.86,366.76,29227791.26
CZ16/EUn&0&cDXHP&Ex&dxHP_equip/NE-dxHP-SplitHP-18to33-Ex-SEER16.2/instance-out.sql,117.47,9361126.51,365.67,29140632.80
CZ16/EUn&0&cDXHP&Ex&dxHP_equip/NE-dxHP-SplitHP-18to33-Ex-SEER17.1/instance-out.sql,117.21,9340264.08,364.80,29070952.27
CZ16/EUn&0&cDXHP&Ex&dxHP_equip/NE-dxHP-SplitHP-18to33-Ex-SEER18.1/instance-out.sql,116.96,9320430.73,363.96,29004708.89
CZ16/EUn&0&cDXHP&Ex&dxHP_equip/NE-dxHP-SplitHP-33to55-Ex-SEER14.3/instance-out.sql,118.17,9417235.81,368.02,29328037.84
CZ16/EUn&0&cDXHP&Ex&dxHP_equip/NE-dxHP-SplitHP-33to55-Ex-SEER15.2/instance-out.sql,117.80,9387221.86,366.76,29227791.26
CZ16/EUn&0&cDXHP&Ex&dxHP_equip/NE-dxHP-SplitHP-33to55-Ex-SEER16.2/instance-out.sql,117.47,9361126.51,365.67,29140632.80
CZ16/EUn&0&cDXHP&Ex&dxHP_equip/NE-dxHP-SplitHP-33to55-Ex-SEER17.1/instance-out.sql,117.21,9340264.08,364.80,29070952.27
CZ16/EUn&0&cDXHP&Ex&dxHP_equip/NE-dxHP-SplitHP-33to55-Ex-SEER18.1/instance-out.sql,116.96,9320430.73,363.96,29004708.89
CZ16/Gro&0&cDXHP&Ex&dxHP_equip/NE-dxHP-PkgHP-18to33-Ex-SEER13.4/instance-out.sql,427.65,1986360.47,1398.46,6495643.31
CZ16/Gro&0&cDXHP&Ex&dxHP_equip/NE-dxHP-PkgHP-18to33-Ex-SEER15.2/instance-out.sql,426.39,1980527.31,1394.26,6476160.58
CZ16/Gro&0&cDXHP&Ex&dxHP_equip/NE-dxHP-PkgHP-18to33-Ex-SEER16.2/instance-out.sql,425.88,1978171.47,1392.57,6468292.07
CZ16/Gro&0&cDXHP&Ex&dxHP_equip/NE-dxHP-PkgHP-18to33-Ex-SEER17.1/instance-out.sql,425.48,1976288.05,1391.21,6462001.43
CZ16/Gro&0&cDXHP&Ex&dxHP_equip/NE-dxHP-PkgHP-18to33-Ex-SEER18.1/instance-out.sql,425.09,1974497.53,1389.93,6456021.09
CZ16/Gro&0&cDXHP&Ex&dxHP_equip/NE-dxHP-PkgHP-33to65-Ex-SEER13.4/instance-out.sql,427.65,1986360.47,1398.46,6495643.31
CZ16/Gro&0&cDXHP&Ex&dxHP_equip/NE-dxHP-PkgHP-33to65-Ex-SEER15.2/instance-out.sql,426.39,1980527.31,1394.26,6476160.58
CZ16/Gro&0&cDXHP&Ex&dxHP_equip/NE-dxHP-PkgHP-33to65-Ex-SEER16.2/instance-out.sql,425.88,1978171.47,1392.57,6468292.07
CZ16/Gro&0&cDXHP&Ex&dxHP_equip/NE-dxHP-PkgHP-33to65-Ex-SEER17.1/instance-out.sql,425.48,1976288.05,1391.21,6462001.43
CZ16/Gro&0&cDXHP&Ex&dxHP_equip/NE-dxHP-PkgHP-33to65-Ex-SEER18.1/instance-out.sql,425.09,1974497.53,1389.93,6456021.09
CZ16/Gro&0&cDXHP&Ex&dxHP_equip/NE-dxHP-SplitHP-18to33-Ex-SEER14.3/instance-out.sql,426.45,1980788.37,1394.45,6477032.49
CZ16/Gro&0&cDXHP&Ex&dxHP_equip/NE-dxHP-SplitHP-18to33-Ex-SEER15.2/instance-out.sql,425.86,1978078.76,1392.50,6467982.41
CZ16/Gro&0&cDXHP&Ex&dxHP_equip/NE-dxHP-SplitHP-18to33-Ex-SEER16.2/instance-out.sql,425.36,1975722.92,1390.81,6460113.89
CZ16/Gro&0&cDXHP&Ex&dxHP_equip/NE-dxHP-SplitHP-18to33-Ex-SEER17.1/instance-out.sql,424.95,1973839.49,1389.45,6453823.26
CZ16/Gro&0&cDXHP&Ex&dxHP_equip/NE-dxHP-SplitHP-18to33-Ex-SEER18.1/instance-out.sql,424.56,1972048.97,1388.16,6447842.92
CZ16/Gro&0&cDXHP&Ex&dxHP_equip/NE-dxHP-SplitHP-33to55-Ex-SEER14.3/instance-out.sql,426.45,1980788.37,1394.45,6477032.49
CZ16/Gro&0&cDXHP&Ex&dxHP_equip/NE-dxHP-SplitHP-33to55-Ex-SEER15.2/instance-out.sql,425.86,1978078.76,1392.50,6467982.41
CZ16/Gro&0&cDXHP&Ex&dxHP_equip/NE-dxHP-SplitHP-33to55-Ex-SEER16.2/instance-out.sql,425.36,1975722.92,1390.81,6460113.89
CZ16/Gro&0&cDXHP&Ex&dxHP_equip/NE-dxHP-SplitHP-33to55-Ex-SEER17.1/instance-out.sql,424.95,1973839.49,1389.45,6453823.26
CZ16/Gro&0&cDXHP&Ex&dxHP_equip/NE-dxHP-SplitHP-33to55-Ex-SEER18.1/instance-out.sql,424.56,1972048.97,1388.16,6447842.92
CZ16/Hsp&0&cDXHP&Ex&dxHP_equip/NE-dxHP-PkgHP-18to33-Ex-SEER13.4/instance-out.sql,98.48,4520369.34,294.32,13509250.07
CZ16/Hsp&0&cDXHP&Ex&dxHP_equip/NE-dxHP-PkgHP-18to33-Ex-SEER15.2/instance-out.sql,98.27,4510598.59,293.61,13476615.76
CZ16/Hsp&0&cDXHP&Ex&dxHP_equip/NE-dxHP-PkgHP-18to33-Ex-SEER16.2/instance-out.sql,98.19,4506652.47,293.33,13463435.70
CZ16/Hsp&0&cDXHP&Ex&dxHP_equip/NE-dxHP-PkgHP-18to33-Ex-SEER17.1/instance-out.sql,98.12,4503497.66,293.10,13452898.65
CZ16/Hsp&0&cDXHP&Ex&dxHP_equip/NE-dxHP-PkgHP-18to33-Ex-SEER18.1/instance-out.sql,98.05,4500498.47,292.88,13442881.36
CZ16/Hsp&0&cDXHP&Ex&dxHP_equip/NE-dxHP-PkgHP-33to65-Ex-SEER13.4/instance-out.sql,98.48,4520369.34,294.32,13509250.07
CZ16/Hsp&0&cDXHP&Ex&dxHP_equip/NE-dxHP-PkgHP-33to65-Ex-SEER15.2/instance-out.sql,98.27,4510598.59,293.61,13476615.76
CZ16/Hsp&0&cDXHP&Ex&dxHP_equip/NE-dxHP-PkgHP-33to65-Ex-SEER16.2/instance-out.sql,98.19,4506652.47,293.33,13463435.70
CZ16/Hsp&0&cDXHP&Ex&dxHP_equip/NE-dxHP-PkgHP-33to65-Ex-SEER17.1/instance-out.sql,98.12,4503497.66,293.10,13452898.65
CZ16/Hsp&0&cDXHP&Ex&dxHP_equip/NE-dxHP-PkgHP-33to65-Ex-SEER18.1/instance-out.sql,98.05,4500498.47,292.88,13442881.36
CZ16/Hsp&0&cDXHP&Ex&dxHP_equip/NE-dxHP-SplitHP-18to33-Ex-SEER14.3/instance-out.sql,98.35,4514415.61,293.89,13489364.60
CZ16/Hsp&0&cDXHP&Ex&dxHP_equip/NE-dxHP-SplitHP-18to33-Ex-SEER15.2/instance-out.sql,98.26,4509876.92,293.56,13474205.36
CZ16/Hsp&0&cDXHP&Ex&dxHP_equip/NE-dxHP-SplitHP-18to33-Ex-SEER16.2/instance-out.sql,98.17,4505930.79,293.27,13461025.30
CZ16/Hsp&0&cDXHP&Ex&dxHP_equip/NE-dxHP-SplitHP-18to33-Ex-SEER17.1/instance-out.sql,98.10,4502775.98,293.04,13450488.25
CZ16/Hsp&0&cDXHP&Ex&dxHP_equip/NE-dxHP-SplitHP-18to33-Ex-SEER18.1/instance-out.sql,98.04,4499776.80,292.83,13440470.96
CZ16/Hsp&0&cDXHP&Ex&dxHP_equip/NE-dxHP-SplitHP-33to55-Ex-SEER14.3/instance-out.sql,98.35,4514415.61,293.89,13489364.60
CZ16/Hsp&0&cDXHP&Ex&dxHP_equip/NE-dxHP-SplitHP-33to55-Ex-SEER15.2/instance-out.sql,98.26,4509876.92,293.56,13474205.36
CZ16/Hsp&0&cDXHP&Ex&dxHP_equip/NE-dxHP-SplitHP-33to55-Ex-SEER16.2/instance-out.sql,98.17,4505930.79,293.27,13461025.30
CZ16/Hsp&0&cDXHP&Ex&dxHP_equip/NE-dxHP-SplitHP-33to55-Ex-SEER17.1/instance-out.sql,98.10,4502775.98,293.04,13450488.25
CZ16/Hsp&0&cDXHP&Ex&dxHP_equip/NE-dxHP-SplitHP-33to55-Ex-SEER18.1/instance-out.sql,98.04,4499776.80,292.83,13440470.96
CZ16/MBT&0&cDXHP&Ex&dxHP_equip/NE-dxHP-PkgHP-18to33-Ex-SEER13.4/instance-out.sql,193.82,7201483.29,430.45,15994091.06
CZ16/MBT&0&cDXHP&Ex&dxHP_equip/NE-dxHP-PkgHP-18to33-Ex-SEER15.2/instance-out.sql,193.48,7188970.50,429.33,15952298.33
CZ16/MBT&0&cDXHP&Ex&dxHP_equip/NE-dxHP-PkgHP-18to33-Ex-SEER16.2/instance-out.sql,193.34,7183916.94,428.87,15935419.45
CZ16/MBT&0&cDXHP&Ex&dxHP_equip/NE-dxHP-PkgHP-18to33-Ex-SEER17.1/instance-out.sql,193.23,7179876.78,428.51,15921925.30
CZ16/MBT&0&cDXHP&Ex&dxHP_equip/NE-dxHP-PkgHP-18to33-Ex-SEER18.1/instance-out.sql,193.13,7176035.91,428.17,15909096.79
CZ16/MBT&0&cDXHP&Ex&dxHP_equip/NE-dxHP-PkgHP-33to65-Ex-SEER13.4/instance-out.sql,193.82,7201483.29,430.45,15994091.06
CZ16/MBT&0&cDXHP&Ex&dxHP_equip/NE-dxHP-PkgHP-33to65-Ex-SEER15.2/instance-out.sql,193.48,7188970.50,429.33,15952298.33
CZ16/MBT&0&cDXHP&Ex&dxHP_equip/NE-dxHP-PkgHP-33to65-Ex-SEER16.2/instance-out.sql,193.34,7183916.94,428.87,15935419.45
CZ16/MBT&0&cDXHP&Ex&dxHP_equip/NE-dxHP-PkgHP-33to65-Ex-SEER17.1/instance-out.sql,193.23,7179876.78,428.51,15921925.30
CZ16/MBT&0&cDXHP&Ex&dxHP_equip/NE-dxHP-PkgHP-33to65-Ex-SEER18.1/instance-out.sql,193.13,7176035.91,428.17,15909096.79
CZ16/MBT&0&cDXHP&Ex&dxHP_equip/NE-dxHP-SplitHP-18to33-Ex-SEER14.3/instance-out.sql,193.57,7192398.39,429.64,15963747.48
CZ16/MBT&0&cDXHP&Ex&dxHP_equip/NE-dxHP-SplitHP-18to33-Ex-SEER15.2/instance-out.sql,193.41,7186585.97,429.11,15944333.99
CZ16/MBT&0&cDXHP&Ex&dxHP_equip/NE-dxHP-SplitHP-18to33-Ex-SEER16.2/instance-out.sql,193.28,7181532.41,428.66,15927455.11
CZ16/MBT&0&cDXHP&Ex&dxHP_equip/NE-dxHP-SplitHP-18to33-Ex-SEER17.1/instance-out.sql,193.17,7177492.25,428.30,15913960.97
CZ16/MBT&0&cDXHP&Ex&dxHP_equip/NE-dxHP-SplitHP-18to33-Ex-SEER18.1/instance-out.sql,193.07,7173651.37,427.95,15901132.45
CZ16/MBT&0&cDXHP&Ex&dxHP_equip/NE-dxHP-SplitHP-33to55-Ex-SEER14.3/instance-out.sql,193.57,7192398.39,429.64,15963747.48
CZ16/MBT&0&cDXHP&Ex&dxHP_equip/NE-dxHP-SplitHP-33to55-Ex-SEER15.2/instance-out.sql,193.41,7186585.97,429.11,15944333.99
CZ16/MBT&0&cDXHP&Ex&dxHP_equip/NE-dxHP-SplitHP-33to55-Ex-SEER16.2/instance-out.sql,193.28,7181532.41,428.66,15927455.11
CZ16/MBT&0&cDXHP&Ex&dxHP_equip/NE-dxHP-SplitHP-33to55-Ex-SEER17.1/instance-out.sql,193.17,7177492.25,428.30,15913960.97
CZ16/MBT&0&cDXHP&Ex&dxHP_equip/NE-dxHP-SplitHP-33to55-Ex-SEER18.1/instance-out.sql,193.07,7173651.37,427.95,15901132.45
CZ16/MLI&0&cDXHP&Ex&dxHP_equip/NE-dxHP-PkgHP-18to33-Ex-SEER13.4/instance-out.sql,133.82,1243369.91,434.97,4041534.09
CZ16/MLI&0&cDXHP&Ex&dxHP_equip/NE-dxHP-PkgHP-18to33-Ex-SEER15.2/instance-out.sql,132.48,1230987.94,430.52,4000178.30
CZ16/MLI&0&cDXHP&Ex&dxHP_equip/NE-dxHP-PkgHP-18to33-Ex-SEER16.2/instance-out.sql,131.95,1225987.21,428.72,3983475.88
CZ16/MLI&0&cDXHP&Ex&dxHP_equip/NE-dxHP-PkgHP-18to33-Ex-SEER17.1/instance-out.sql,131.52,1221989.29,427.28,3970122.82
CZ16/MLI&0&cDXHP&Ex&dxHP_equip/NE-dxHP-PkgHP-18to33-Ex-SEER18.1/instance-out.sql,131.11,1218188.57,425.91,3957428.42
CZ16/MLI&0&cDXHP&Ex&dxHP_equip/NE-dxHP-PkgHP-33to65-Ex-SEER13.4/instance-out.sql,133.82,1243369.91,434.97,4041534.09
CZ16/MLI&0&cDXHP&Ex&dxHP_equip/NE-dxHP-PkgHP-33to65-Ex-SEER15.2/instance-out.sql,132.48,1230987.94,430.52,4000178.30
CZ16/MLI&0&cDXHP&Ex&dxHP_equip/NE-dxHP-PkgHP-33to65-Ex-SEER16.2/instance-out.sql,131.95,1225987.21,428.72,3983475.88
CZ16/MLI&0&cDXHP&Ex&dxHP_equip/NE-dxHP-PkgHP-33to65-Ex-SEER17.1/instance-out.sql,131.52,1221989.29,427.28,3970122.82
CZ16/MLI&0&cDXHP&Ex&dxHP_equip/NE-dxHP-PkgHP-33to65-Ex-SEER18.1/instance-out.sql,131.11,1218188.57,425.91,3957428.42
CZ16/MLI&0&cDXHP&Ex&dxHP_equip/NE-dxHP-SplitHP-18to33-Ex-SEER14.3/instance-out.sql,132.78,1233695.83,431.49,4009222.65
CZ16/MLI&0&cDXHP&Ex&dxHP_equip/NE-dxHP-SplitHP-18to33-Ex-SEER15.2/instance-out.sql,132.16,1227944.17,429.42,3990012.12
CZ16/MLI&0&cDXHP&Ex&dxHP_equip/NE-dxHP-SplitHP-18to33-Ex-SEER16.2/instance-out.sql,131.62,1222943.45,427.62,3973309.71
CZ16/MLI&0&cDXHP&Ex&dxHP_equip/NE-dxHP-SplitHP-18to33-Ex-SEER17.1/instance-out.sql,131.19,1218945.52,426.19,3959956.64
CZ16/MLI&0&cDXHP&Ex&dxHP_equip/NE-dxHP-SplitHP-18to33-Ex-SEER18.1/instance-out.sql,130.78,1215144.81,424.82,3947262.24
CZ16/MLI&0&cDXHP&Ex&dxHP_equip/NE-dxHP-SplitHP-33to55-Ex-SEER14.3/instance-out.sql,132.78,1233695.83,431.49,4009222.65
CZ16/MLI&0&cDXHP&Ex&dxHP_equip/NE-dxHP-SplitHP-33to55-Ex-SEER15.2/instance-out.sql,132.16,1227944.17,429.42,3990012.12
CZ16/MLI&0&cDXHP&Ex&dxHP_equip/NE-dxHP-SplitHP-33to55-Ex-SEER16.2/instance-out.sql,131.62,1222943.45,427.62,3973309.71
CZ16/MLI&0&cDXHP&Ex&dxHP_equip/NE-dxHP-SplitHP-33to55-Ex-SEER17.1/instance-out.sql,131.19,1218945.52,426.19,3959956.64
CZ16/MLI&0&cDXHP&Ex&dxHP_equip/NE-dxHP-SplitHP-33to55-Ex-SEER18.1/instance-out.sql,130.78,1215144.81,424.82,3947262.24
CZ16/Mtl&0&cDXHP&Ex&dxHP_equip/NE-dxHP-PkgHP-18to33-Ex-SEER13.4/instance-out.sql,74.29,206960.20,239.78,667983.67
CZ16/Mtl&0&cDXHP&Ex&dxHP_equip/NE-dxHP-PkgHP-18to33-Ex-SEER15.2/instance-out.sql,73.42,204538.56,236.88,659895.38
CZ16/Mtl&0&cDXHP&Ex&dxHP_equip/NE-dxHP-PkgHP-18to33-Ex-SEER16.2/instance-out.sql,73.07,203560.53,235.70,656628.75
CZ16/Mtl&0&cDXHP&Ex&dxHP_equip/NE-dxHP-PkgHP-18to33-Ex-SEER17.1/instance-out.sql,72.79,202778.62,234.77,654017.19
CZ16/Mtl&0&cDXHP&Ex&dxHP_equip/NE-dxHP-PkgHP-18to33-Ex-SEER18.1/instance-out.sql,72.52,202035.28,233.88,651534.44
CZ16/Mtl&0&cDXHP&Ex&dxHP_equip/NE-dxHP-PkgHP-33to65-Ex-SEER13.4/instance-out.sql,74.29,206960.20,239.78,667983.67
CZ16/Mtl&0&cDXHP&Ex&dxHP_equip/NE-dxHP-PkgHP-33to65-Ex-SEER15.2/instance-out.sql,73.42,204538.56,236.88,659895.38
CZ16/Mtl&0&cDXHP&Ex&dxHP_equip/NE-dxHP-PkgHP-33to65-Ex-SEER16.2/instance-out.sql,73.07,203560.53,235.70,656628.75
CZ16/Mtl&0&cDXHP&Ex&dxHP_equip/NE-dxHP-PkgHP-33to65-Ex-SEER17.1/instance-out.sql,72.79,202778.62,234.77,654017.19
CZ16/Mtl&0&cDXHP&Ex&dxHP_equip/NE-dxHP-PkgHP-33to65-Ex-SEER18.1/instance-out.sql,72.52,202035.28,233.88,651534.44
CZ16/Mtl&0&cDXHP&Ex&dxHP_equip/NE-dxHP-SplitHP-18to33-Ex-SEER14.3/instance-out.sql,73.65,205178.79,237.65,662033.76
CZ16/Mtl&0&cDXHP&Ex&dxHP_equip/NE-dxHP-SplitHP-18to33-Ex-SEER15.2/instance-out.sql,73.25,204053.89,236.30,658276.60
CZ16/Mtl&0&cDXHP&Ex&dxHP_equip/NE-dxHP-SplitHP-18to33-Ex-SEER16.2/instance-out.sql,72.90,203075.86,235.12,655009.97
CZ16/Mtl&0&cDXHP&Ex&dxHP_equip/NE-dxHP-SplitHP-18to33-Ex-SEER17.1/instance-out.sql,72.62,202293.95,234.19,652398.40
CZ16/Mtl&0&cDXHP&Ex&dxHP_equip/NE-dxHP-SplitHP-18to33-Ex-SEER18.1/instance-out.sql,72.35,201550.62,233.30,649915.66
CZ16/Mtl&0&cDXHP&Ex&dxHP_equip/NE-dxHP-SplitHP-33to55-Ex-SEER14.3/instance-out.sql,73.65,205178.79,237.65,662033.76
CZ16/Mtl&0&cDXHP&Ex&dxHP_equip/NE-dxHP-SplitHP-33to55-Ex-SEER15.2/instance-out.sql,73.25,204053.89,236.30,658276.60
CZ16/Mtl&0&cDXHP&Ex&dxHP_equip/NE-dxHP-SplitHP-33to55-Ex-SEER16.2/instance-out.sql,72.90,203075.86,235.12,655009.97
CZ16/Mtl&0&cDXHP&Ex&dxHP_equip/NE-dxHP-SplitHP-33to55-Ex-SEER17.1/instance-out.sql,72.62,202293.95,234.19,652398.40
CZ16/Mtl&0&cDXHP&Ex&dxHP_equip/NE-dxHP-SplitHP-33to55-Ex-SEER18.1/instance-out.sql,72.35,201550.62,233.30,649915.66
CZ16/Nrs&0&cDXHP&Ex&dxHP_equip/NE-dxHP-PkgHP-18to33-Ex-SEER13.4/instance-out.sql,111.06,1145226.43,307.04,3166274.91
CZ16/Nrs&0&cDXHP&Ex&dxHP_equip/NE-dxHP-PkgHP-18to33-Ex-SEER15.2/instance-out.sql,110.64,1140919.39,305.65,3151889.38
CZ16/Nrs&0&cDXHP&Ex&dxHP_equip/NE-dxHP-PkgHP-18to33-Ex-SEER16.2/instance-out.sql,110.47,1139179.89,305.09,3146079.47
CZ16/Nrs&0&cDXHP&Ex&dxHP_equip/NE-dxHP-PkgHP-18to33-Ex-SEER17.1/instance-out.sql,110.34,1137789.22,304.64,3141434.63
CZ16/Nrs&0&cDXHP&Ex&dxHP_equip/NE-dxHP-PkgHP-18to33-Ex-SEER18.1/instance-out.sql,110.21,1136467.15,304.21,3137018.91
CZ16/Nrs&0&cDXHP&Ex&dxHP_equip/NE-dxHP-PkgHP-33to65-Ex-SEER13.4/instance-out.sql,111.06,1145226.43,307.04,3166274.91
CZ16/Nrs&0&cDXHP&Ex&dxHP_equip/NE-dxHP-PkgHP-33to65-Ex-SEER15.2/instance-out.sql,110.64,1140919.39,305.65,3151889.38
CZ16/Nrs&0&cDXHP&Ex&dxHP_equip/NE-dxHP-PkgHP-33to65-Ex-SEER16.2/instance-out.sql,110.47,1139179.89,305.09,3146079.47
CZ16/Nrs&0&cDXHP&Ex&dxHP_equip/NE-dxHP-PkgHP-33to65-Ex-SEER17.1/instance-out.sql,110.34,1137789.22,304.64,3141434.63
CZ16/Nrs&0&cDXHP&Ex&dxHP_equip/NE-dxHP-PkgHP-33to65-Ex-SEER18.1/instance-out.sql,110.21,1136467.15,304.21,3137018.91
CZ16/Nrs&0&cDXHP&Ex&dxHP_equip/NE-dxHP-SplitHP-18to33-Ex-SEER14.3/instance-out.sql,110.78,1142347.54,306.11,3156659.42
CZ16/Nrs&0&cDXHP&Ex&dxHP_equip/NE-dxHP-SplitHP-18to33-Ex-SEER15.2/instance-out.sql,110.58,1140346.84,305.46,3149977.07
CZ16/Nrs&0&cDXHP&Ex&dxHP_equip/NE-dxHP-SplitHP-18to33-Ex-SEER16.2/instance-out.sql,110.41,1138607.35,304.90,3144167.17
CZ16/Nrs&0&cDXHP&Ex&dxHP_equip/NE-dxHP-SplitHP-18to33-Ex-SEER17.1/instance-out.sql,110.28,1137216.68,304.45,3139522.33
CZ16/Nrs&0&cDXHP&Ex&dxHP_equip/NE-dxHP-SplitHP-18to33-Ex-SEER18.1/instance-out.sql,110.15,1135894.60,304.02,3135106.61
CZ16/Nrs&0&cDXHP&Ex&dxHP_equip/NE-dxHP-SplitHP-33to55-Ex-SEER14.3/instance-out.sql,110.78,1142347.54,306.11,3156659.42
CZ16/Nrs&0&cDXHP&Ex&dxHP_equip/NE-dxHP-SplitHP-33to55-Ex-SEER15.2/instance-out.sql,110.58,1140346.84,305.46,3149977.07
CZ16/Nrs&0&cDXHP&Ex&dxHP_equip/NE-dxHP-SplitHP-33to55-Ex-SEER16.2/instance-out.sql,110.41,1138607.35,304.90,3144167.17
CZ16/Nrs&0&cDXHP&Ex&dxHP_equip/NE-dxHP-SplitHP-33to55-Ex-SEER17.1/instance-out.sql,110.28,1137216.68,304.45,3139522.33
CZ16/Nrs&0&cDXHP&Ex&dxHP_equip/NE-dxHP-SplitHP-33to55-Ex-SEER18.1/instance-out.sql,110.15,1135894.60,304.02,3135106.61
CZ16/OfL&0&cDXHP&Ex&dxHP_equip/NE-dxHP-PkgHP-18to33-Ex-SEER13.4/instance-out.sql,94.57,3074290.96,303.95,9881145.38
CZ16/OfL&0&cDXHP&Ex&dxHP_equip/NE-dxHP-PkgHP-18to33-Ex-SEER15.2/instance-out.sql,93.69,3045607.28,301.01,9785341.89
CZ16/OfL&0&cDXHP&Ex&dxHP_equip/NE-dxHP-PkgHP-18to33-Ex-SEER16.2/instance-out.sql,93.33,3034022.77,299.82,9746649.63
CZ16/OfL&0&cDXHP&Ex&dxHP_equip/NE-dxHP-PkgHP-18to33-Ex-SEER17.1/instance-out.sql,93.04,3024761.31,298.87,9715716.34
CZ16/OfL&0&cDXHP&Ex&dxHP_equip/NE-dxHP-PkgHP-18to33-Ex-SEER18.1/instance-out.sql,92.77,3015956.69,297.96,9686308.91
CZ16/OfL&0&cDXHP&Ex&dxHP_equip/NE-dxHP-PkgHP-33to65-Ex-SEER13.4/instance-out.sql,94.57,3074290.96,303.95,9881145.38
CZ16/OfL&0&cDXHP&Ex&dxHP_equip/NE-dxHP-PkgHP-33to65-Ex-SEER15.2/instance-out.sql,93.69,3045607.28,301.01,9785341.89
CZ16/OfL&0&cDXHP&Ex&dxHP_equip/NE-dxHP-PkgHP-33to65-Ex-SEER16.2/instance-out.sql,93.33,3034022.77,299.82,9746649.63
CZ16/OfL&0&cDXHP&Ex&dxHP_equip/NE-dxHP-PkgHP-33to65-Ex-SEER17.1/instance-out.sql,93.04,3024761.31,298.87,9715716.34
CZ16/OfL&0&cDXHP&Ex&dxHP_equip/NE-dxHP-PkgHP-33to65-Ex-SEER18.1/instance-out.sql,92.77,3015956.69,297.96,9686308.91
CZ16/OfL&0&cDXHP&Ex&dxHP_equip/NE-dxHP-SplitHP-18to33-Ex-SEER14.3/instance-out.sql,94.06,3057613.97,302.24,9825444.22
CZ16/OfL&0&cDXHP&Ex&dxHP_equip/NE-dxHP-SplitHP-18to33-Ex-SEER15.2/instance-out.sql,93.65,3044289.87,300.87,9780941.74
CZ16/OfL&0&cDXHP&Ex&dxHP_equip/NE-dxHP-SplitHP-18to33-Ex-SEER16.2/instance-out.sql,93.29,3032705.36,299.68,9742249.47
CZ16/OfL&0&cDXHP&Ex&dxHP_equip/NE-dxHP-SplitHP-18to33-Ex-SEER17.1/instance-out.sql,93.00,3023443.90,298.73,9711316.18
CZ16/OfL&0&cDXHP&Ex&dxHP_equip/NE-dxHP-SplitHP-18to33-Ex-SEER18.1/instance-out.sql,92.73,3014639.28,297.83,9681908.75
CZ16/OfL&0&cDXHP&Ex&dxHP_equip/NE-dxHP-SplitHP-33to55-Ex-SEER14.3/instance-out.sql,94.06,3057613.97,302.24,9825444.22
CZ16/OfL&0&cDXHP&Ex&dxHP_equip/NE-dxHP-SplitHP-33to55-Ex-SEER15.2/instance-out.sql,93.65,3044289.87,300.87,9780941.74
CZ16/OfL&0&cDXHP&Ex&dxHP_equip/NE-dxHP-SplitHP-33to55-Ex-SEER16.2/instance-out.sql,93.29,3032705.36,299.68,9742249.47
CZ16/OfL&0&cDXHP&Ex&dxHP_equip/NE-dxHP-SplitHP-33to55-Ex-SEER17.1/instance-out.sql,93.00,3023443.90,298.73,9711316.18
CZ16/OfL&0&cDXHP&Ex&dxHP_equip/NE-dxHP-SplitHP-33to55-Ex-SEER18.1/instance-out.sql,92.73,3014639.28,297.83,9681908.75
CZ16/OfS&0&cDXHP&Ex&dxHP_equip/NE-dxHP-PkgHP-18to33-Ex-SEER13.4/instance-out.sql,97.41,181044.20,298.06,553935.96
CZ16/OfS&0&cDXHP&Ex&dxHP_equip/NE-dxHP-PkgHP-18to33-Ex-SEER15.2/instance-out.sql,96.27,178923.81,294.25,546853.87
CZ16/OfS&0&cDXHP&Ex&dxHP_equip/NE-dxHP-PkgHP-18to33-Ex-SEER16.2/instance-out.sql,95.81,178067.45,292.71,543993.62
CZ16/OfS&0&cDXHP&Ex&dxHP_equip/NE-dxHP-PkgHP-18to33-Ex-SEER17.1/instance-out.sql,95.44,177382.81,291.48,541706.93
CZ16/OfS&0&cDXHP&Ex&dxHP_equip/NE-dxHP-PkgHP-18to33-Ex-SEER18.1/instance-out.sql,95.09,176731.95,290.31,539533.04
CZ16/OfS&0&cDXHP&Ex&dxHP_equip/NE-dxHP-PkgHP-33to65-Ex-SEER13.4/instance-out.sql,97.41,181044.20,298.06,553935.96
CZ16/OfS&0&cDXHP&Ex&dxHP_equip/NE-dxHP-PkgHP-33to65-Ex-SEER15.2/instance-out.sql,96.27,178923.81,294.25,546853.87
CZ16/OfS&0&cDXHP&Ex&dxHP_equip/NE-dxHP-PkgHP-33to65-Ex-SEER16.2/instance-out.sql,95.81,178067.45,292.71,543993.62
CZ16/OfS&0&cDXHP&Ex&dxHP_equip/NE-dxHP-PkgHP-33to65-Ex-SEER17.1/instance-out.sql,95.44,177382.81,291.48,541706.93
CZ16/OfS&0&cDXHP&Ex&dxHP_equip/NE-dxHP-PkgHP-33to65-Ex-SEER18.1/instance-out.sql,95.09,176731.95,290.31,539533.04
CZ16/OfS&0&cDXHP&Ex&dxHP_equip/NE-dxHP-SplitHP-18to33-Ex-SEER14.3/instance-out.sql,96.70,179724.14,295.68,549526.95
CZ16/OfS&0&cDXHP&Ex&dxHP_equip/NE-dxHP-SplitHP-18to33-Ex-SEER15.2/instance-out.sql,96.17,178739.18,293.91,546237.19
CZ16/OfS&0&cDXHP&Ex&dxHP_equip/NE-dxHP-SplitHP-18to33-Ex-SEER16.2/instance-out.sql,95.71,177882.82,292.38,543376.94
CZ16/OfS&0&cDXHP&Ex&dxHP_equip/NE-dxHP-SplitHP-18to33-Ex-SEER17.1/instance-out.sql,95.35,177198.18,291.15,541090.25
CZ16/OfS&0&cDXHP&Ex&dxHP_equip/NE-dxHP-SplitHP-18to33-Ex-SEER18.1/instance-out.sql,95.00,176547.31,289.98,538916.37
CZ16/OfS&0&cDXHP&Ex&dxHP_equip/NE-dxHP-SplitHP-33to55-Ex-SEER14.3/instance-out.sql,96.70,179724.14,295.68,549526.95
CZ16/OfS&0&cDXHP&Ex&dxHP_equip/NE-dxHP-SplitHP-33to55-Ex-SEER15.2/instance-out.sql,96.17,178739.18,293.91,546237.19
CZ16/OfS&0&cDXHP&Ex&dxHP_equip/NE-dxHP-SplitHP-33to55-Ex-SEER16.2/instance-out.sql,95.71,177882.82,292.38,543376.94
CZ16/OfS&0&cDXHP&Ex&dxHP_equip/NE-dxHP-SplitHP-33to55-Ex-SEER17.1/instance-out.sql,95.35,177198.18,291.15,541090.25
CZ16/OfS&0&cDXHP&Ex&dxHP_equip/NE-dxHP-SplitHP-33to55-Ex-SEER18.1/instance-out.sql,95.00,176547.31,289.98,538916.37
CZ16/RFF&0&cDXHP&Ex&dxHP_equip/NE-dxHP-PkgHP-18to33-Ex-SEER13.4/instance-out.sql,324.38,120428.79,803.48,298298.03
CZ16/RFF&0&cDXHP&Ex&dxHP_equip/NE-dxHP-PkgHP-18to33-Ex-SEER15.2/instance-out.sql,322.73,119815.74,797.96,296250.44
CZ16/RFF&0&cDXHP&Ex&dxHP_equip/NE-dxHP-PkgHP-18to33-Ex-SEER16.2/instance-out.sql,322.06,119568.14,795.73,295423.48
CZ16/RFF&0&cDXHP&Ex&dxHP_equip/NE-dxHP-PkgHP-18to33-Ex-SEER17.1/instance-out.sql,321.53,119370.20,793.95,294762.34
CZ16/RFF&0&cDXHP&Ex&dxHP_equip/NE-dxHP-PkgHP-18to33-Ex-SEER18.1/instance-out.sql,321.02,119182.02,792.26,294133.82
CZ16/RFF&0&cDXHP&Ex&dxHP_equip/NE-dxHP-PkgHP-33to65-Ex-SEER13.4/instance-out.sql,324.38,120428.79,803.48,298298.03
CZ16/RFF&0&cDXHP&Ex&dxHP_equip/NE-dxHP-PkgHP-33to65-Ex-SEER15.2/instance-out.sql,322.73,119815.74,797.96,296250.44
CZ16/RFF&0&cDXHP&Ex&dxHP_equip/NE-dxHP-PkgHP-33to65-Ex-SEER16.2/instance-out.sql,322.06,119568.14,795.73,295423.48
CZ16/RFF&0&cDXHP&Ex&dxHP_equip/NE-dxHP-PkgHP-33to65-Ex-SEER17.1/instance-out.sql,321.53,119370.20,793.95,294762.34
CZ16/RFF&0&cDXHP&Ex&dxHP_equip/NE-dxHP-PkgHP-33to65-Ex-SEER18.1/instance-out.sql,321.02,119182.02,792.26,294133.82
CZ16/RFF&0&cDXHP&Ex&dxHP_equip/NE-dxHP-SplitHP-18to33-Ex-SEER14.3/instance-out.sql,323.22,119997.48,799.60,296857.47
CZ16/RFF&0&cDXHP&Ex&dxHP_equip/NE-dxHP-SplitHP-18to33-Ex-SEER15.2/instance-out.sql,322.45,119712.71,797.03,295906.33
CZ16/RFF&0&cDXHP&Ex&dxHP_equip/NE-dxHP-SplitHP-18to33-Ex-SEER16.2/instance-out.sql,321.78,119465.12,794.81,295079.36
CZ16/RFF&0&cDXHP&Ex&dxHP_equip/NE-dxHP-SplitHP-18to33-Ex-SEER17.1/instance-out.sql,321.25,119267.17,793.03,294418.23
CZ16/RFF&0&cDXHP&Ex&dxHP_equip/NE-dxHP-SplitHP-18to33-Ex-SEER18.1/instance-out.sql,320.74,119078.99,791.33,293789.71
CZ16/RFF&0&cDXHP&Ex&dxHP_equip/NE-dxHP-SplitHP-33to55-Ex-SEER14.3/instance-out.sql,323.22,119997.48,799.60,296857.47
CZ16/RFF&0&cDXHP&Ex&dxHP_equip/NE-dxHP-SplitHP-33to55-Ex-SEER15.2/instance-out.sql,322.45,119712.71,797.03,295906.33
CZ16/RFF&0&cDXHP&Ex&dxHP_equip/NE-dxHP-SplitHP-33to55-Ex-SEER16.2/instance-out.sql,321.78,119465.12,794.81,295079.36
CZ16/RFF&0&cDXHP&Ex&dxHP_equip/NE-dxHP-SplitHP-33to55-Ex-SEER17.1/instance-out.sql,321.25,119267.17,793.03,294418.23
CZ16/RFF&0&cDXHP&Ex&dxHP_equip/NE-dxHP-SplitHP-33to55-Ex-SEER18.1/instance-out.sql,320.74,119078.99,791.33,293789.71
CZ16/RSD&0&cDXHP&Ex&dxHP_equip/NE-dxHP-PkgHP-18to33-Ex-SEER13.4/instance-out.sql,291.21,303140.67,636.14,662207.47
CZ16/RSD&0&cDXHP&Ex&dxHP_equip/NE-dxHP-PkgHP-18to33-Ex-SEER15.2/instance-out.sql,290.92,302841.16,635.17,661207.11
CZ16/RSD&0&cDXHP&Ex&dxHP_equip/NE-dxHP-PkgHP-18to33-Ex-SEER16.2/instance-out.sql,290.80,302720.20,634.79,660803.09
CZ16/RSD&0&cDXHP&Ex&dxHP_equip/NE-dxHP-PkgHP-18to33-Ex-SEER17.1/instance-out.sql,290.71,302623.49,634.48,660480.09
CZ16/RSD&0&cDXHP&Ex&dxHP_equip/NE-dxHP-PkgHP-18to33-Ex-SEER18.1/instance-out.sql,290.62,302531.55,634.18,660173.03
CZ16/RSD&0&cDXHP&Ex&dxHP_equip/NE-dxHP-PkgHP-33to65-Ex-SEER13.4/instance-out.sql,291.21,303140.67,636.14,662207.47
CZ16/RSD&0&cDXHP&Ex&dxHP_equip/NE-dxHP-PkgHP-33to65-Ex-SEER15.2/instance-out.sql,290.92,302841.16,635.17,661207.11
CZ16/RSD&0&cDXHP&Ex&dxHP_equip/NE-dxHP-PkgHP-33to65-Ex-SEER16.2/instance-out.sql,290.80,302720.20,634.79,660803.09
CZ16/RSD&0&cDXHP&Ex&dxHP_equip/NE-dxHP-PkgHP-33to65-Ex-SEER17.1/instance-out.sql,290.71,302623.49,634.48,660480.09
CZ16/RSD&0&cDXHP&Ex&dxHP_equip/NE-dxHP-PkgHP-33to65-Ex-SEER18.1/instance-out.sql,290.62,302531.55,634.18,660173.03
CZ16/RSD&0&cDXHP&Ex&dxHP_equip/NE-dxHP-SplitHP-18to33-Ex-SEER14.3/instance-out.sql,291.00,302923.29,635.44,661481.41
CZ16/RSD&0&cDXHP&Ex&dxHP_equip/NE-dxHP-SplitHP-18to33-Ex-SEER15.2/instance-out.sql,290.86,302784.16,634.99,661016.72
CZ16/RSD&0&cDXHP&Ex&dxHP_equip/NE-dxHP-SplitHP-18to33-Ex-SEER16.2/instance-out.sql,290.75,302663.20,634.60,660612.71
CZ16/RSD&0&cDXHP&Ex&dxHP_equip/NE-dxHP-SplitHP-18to33-Ex-SEER17.1/instance-out.sql,290.65,302566.49,634.29,660289.71
CZ16/RSD&0&cDXHP&Ex&dxHP_equip/NE-dxHP-SplitHP-18to33-Ex-SEER18.1/instance-out.sql,290.57,302474.55,634.00,659982.64
CZ16/RSD&0&cDXHP&Ex&dxHP_equip/NE-dxHP-SplitHP-33to55-Ex-SEER14.3/instance-out.sql,291.00,302923.29,635.44,661481.41
CZ16/RSD&0&cDXHP&Ex&dxHP_equip/NE-dxHP-SplitHP-33to55-Ex-SEER15.2/instance-out.sql,290.86,302784.16,634.99,661016.72
CZ16/RSD&0&cDXHP&Ex&dxHP_equip/NE-dxHP-SplitHP-33to55-Ex-SEER16.2/instance-out.sql,290.75,302663.20,634.60,660612.71
CZ16/RSD&0&cDXHP&Ex&dxHP_equip/NE-dxHP-SplitHP-33to55-Ex-SEER17.1/instance-out.sql,290.65,302566.49,634.29,660289.71
CZ16/RSD&0&cDXHP&Ex&dxHP_equip/NE-dxHP-SplitHP-33to55-Ex-SEER18.1/instance-out.sql,290.57,302474.55,634.00,659982.64
CZ16/Rt3&0&cDXHP&Ex&dxHP_equip/NE-dxHP-PkgHP-18to33-Ex-SEER13.4/instance-out.sql,106.46,2373675.68,337.38,7522375.37
CZ16/Rt3&0&cDXHP&Ex&dxHP_equip/NE-dxHP-PkgHP-18to33-Ex-SEER15.2/instance-out.sql,105.45,2351221.39,334.01,7447378.04
CZ16/Rt3&0&cDXHP&Ex&dxHP_equip/NE-dxHP-PkgHP-18to33-Ex-SEER16.2/instance-out.sql,105.04,2342152.75,332.65,7417088.78
CZ16/Rt3&0&cDXHP&Ex&dxHP_equip/NE-dxHP-PkgHP-18to33-Ex-SEER17.1/instance-out.sql,104.72,2334902.64,331.57,7392873.44
CZ16/Rt3&0&cDXHP&Ex&dxHP_equip/NE-dxHP-PkgHP-18to33-Ex-SEER18.1/instance-out.sql,104.41,2328010.17,330.54,7369852.58
CZ16/Rt3&0&cDXHP&Ex&dxHP_equip/NE-dxHP-PkgHP-33to65-Ex-SEER13.4/instance-out.sql,106.46,2373675.68,337.38,7522375.37
CZ16/Rt3&0&cDXHP&Ex&dxHP_equip/NE-dxHP-PkgHP-33to65-Ex-SEER15.2/instance-out.sql,105.45,2351221.39,334.01,7447378.04
CZ16/Rt3&0&cDXHP&Ex&dxHP_equip/NE-dxHP-PkgHP-33to65-Ex-SEER16.2/instance-out.sql,105.04,2342152.75,332.65,7417088.78
CZ16/Rt3&0&cDXHP&Ex&dxHP_equip/NE-dxHP-PkgHP-33to65-Ex-SEER17.1/instance-out.sql,104.72,2334902.64,331.57,7392873.44
CZ16/Rt3&0&cDXHP&Ex&dxHP_equip/NE-dxHP-PkgHP-33to65-Ex-SEER18.1/instance-out.sql,104.41,2328010.17,330.54,7369852.58
CZ16/Rt3&0&cDXHP&Ex&dxHP_equip/NE-dxHP-SplitHP-18to33-Ex-SEER14.3/instance-out.sql,105.85,2360104.92,335.34,7477049.06
CZ16/Rt3&0&cDXHP&Ex&dxHP_equip/NE-dxHP-SplitHP-18to33-Ex-SEER15.2/instance-out.sql,105.38,2349674.49,333.78,7442211.42
CZ16/Rt3&0&cDXHP&Ex&dxHP_equip/NE-dxHP-SplitHP-18to33-Ex-SEER16.2/instance-out.sql,104.98,2340605.85,332.42,7411922.16
CZ16/Rt3&0&cDXHP&Ex&dxHP_equip/NE-dxHP-SplitHP-18to33-Ex-SEER17.1/instance-out.sql,104.65,2333355.75,331.34,7387706.82
CZ16/Rt3&0&cDXHP&Ex&dxHP_equip/NE-dxHP-SplitHP-18to33-Ex-SEER18.1/instance-out.sql,104.34,2326463.28,330.30,7364685.96
CZ16/Rt3&0&cDXHP&Ex&dxHP_equip/NE-dxHP-SplitHP-33to55-Ex-SEER14.3/instance-out.sql,105.85,2360104.92,335.34,7477049.06
CZ16/Rt3&0&cDXHP&Ex&dxHP_equip/NE-dxHP-SplitHP-33to55-Ex-SEER15.2/instance-out.sql,105.38,2349674.49,333.78,7442211.42
CZ16/Rt3&0&cDXHP&Ex&dxHP_equip/NE-dxHP-SplitHP-33to55-Ex-SEER16.2/instance-out.sql,104.98,2340605.85,332.42,7411922.16
CZ16/Rt3&0&cDXHP&Ex&dxHP_equip/NE-dxHP-SplitHP-33to55-Ex-SEER17.1/instance-out.sql,104.65,2333355.75,331.34,7387706.82
CZ16/Rt3&0&cDXHP&Ex&dxHP_equip/NE-dxHP-SplitHP-33to55-Ex-SEER18.1/instance-out.sql,104.34,2326463.28,330.30,7364685.96
CZ16/RtL&0&cDXHP&Ex&dxHP_equip/NE-dxHP-PkgHP-18to33-Ex-SEER13.4/instance-out.sql,198.25,2403539.22,630.47,7643834.48
CZ16/RtL&0&cDXHP&Ex&dxHP_equip/NE-dxHP-PkgHP-18to33-Ex-SEER15.2/instance-out.sql,196.33,2380320.27,624.08,7566283.19
CZ16/RtL&0&cDXHP&Ex&dxHP_equip/NE-dxHP-PkgHP-18to33-Ex-SEER16.2/instance-out.sql,195.56,2370942.80,621.49,7534962.46
CZ16/RtL&0&cDXHP&Ex&dxHP_equip/NE-dxHP-PkgHP-18to33-Ex-SEER17.1/instance-out.sql,194.94,2363445.80,619.43,7509922.49
CZ16/RtL&0&cDXHP&Ex&dxHP_equip/NE-dxHP-PkgHP-18to33-Ex-SEER18.1/instance-out.sql,194.35,2356318.61,617.46,7486117.67
CZ16/RtL&0&cDXHP&Ex&dxHP_equip/NE-dxHP-PkgHP-33to65-Ex-SEER13.4/instance-out.sql,198.25,2403539.22,630.47,7643834.48
CZ16/RtL&0&cDXHP&Ex&dxHP_equip/NE-dxHP-PkgHP-33to65-Ex-SEER15.2/instance-out.sql,196.33,2380320.27,624.08,7566283.19
CZ16/RtL&0&cDXHP&Ex&dxHP_equip/NE-dxHP-PkgHP-33to65-Ex-SEER16.2/instance-out.sql,195.56,2370942.80,621.49,7534962.46
CZ16/RtL&0&cDXHP&Ex&dxHP_equip/NE-dxHP-PkgHP-33to65-Ex-SEER17.1/instance-out.sql,194.94,2363445.80,619.43,7509922.49
CZ16/RtL&0&cDXHP&Ex&dxHP_equip/NE-dxHP-PkgHP-33to65-Ex-SEER18.1/instance-out.sql,194.35,2356318.61,617.46,7486117.67
CZ16/RtL&0&cDXHP&Ex&dxHP_equip/NE-dxHP-SplitHP-18to33-Ex-SEER14.3/instance-out.sql,197.09,2389467.39,626.60,7596834.59
CZ16/RtL&0&cDXHP&Ex&dxHP_equip/NE-dxHP-SplitHP-18to33-Ex-SEER15.2/instance-out.sql,196.20,2378681.76,623.62,7560810.59
CZ16/RtL&0&cDXHP&Ex&dxHP_equip/NE-dxHP-SplitHP-18to33-Ex-SEER16.2/instance-out.sql,195.42,2369304.30,621.04,7529489.86
CZ16/RtL&0&cDXHP&Ex&dxHP_equip/NE-dxHP-SplitHP-18to33-Ex-SEER17.1/instance-out.sql,194.80,2361807.30,618.98,7504449.89
CZ16/RtL&0&cDXHP&Ex&dxHP_equip/NE-dxHP-SplitHP-18to33-Ex-SEER18.1/instance-out.sql,194.22,2354680.11,617.01,7480645.08
CZ16/RtL&0&cDXHP&Ex&dxHP_equip/NE-dxHP-SplitHP-33to55-Ex-SEER14.3/instance-out.sql,197.09,2389467.39,626.60,7596834.59
CZ16/RtL&0&cDXHP&Ex&dxHP_equip/NE-dxHP-SplitHP-33to55-Ex-SEER15.2/instance-out.sql,196.20,2378681.76,623.62,7560810.59
CZ16/RtL&0&cDXHP&Ex&dxHP_equip/NE-dxHP-SplitHP-33to55-Ex-SEER16.2/instance-out.sql,195.42,2369304.30,621.04,7529489.86
CZ16/RtL&0&cDXHP&Ex&dxHP_equip/NE-dxHP-SplitHP-33to55-Ex-SEER17.1/instance-out.sql,194.80,2361807.30,618.98,7504449.89
CZ16/RtL&0&cDXHP&Ex&dxHP_equip/NE-dxHP-SplitHP-33to55-Ex-SEER18.1/instance-out.sql,194.22,2354680.11,617.01,7480645.08
CZ16/RtS&0&cDXHP&Ex&dxHP_equip/NE-dxHP-PkgHP-18to33-Ex-SEER13.4/instance-out.sql,105.14,156314.44,326.99,486139.07
CZ16/RtS&0&cDXHP&Ex&dxHP_equip/NE-dxHP-PkgHP-18to33-Ex-SEER15.2/instance-out.sql,104.02,154639.42,323.23,480544.51
CZ16/RtS&0&cDXHP&Ex&dxHP_equip/NE-dxHP-PkgHP-18to33-Ex-SEER16.2/instance-out.sql,103.56,153962.93,321.71,478285.03
CZ16/RtS&0&cDXHP&Ex&dxHP_equip/NE-dxHP-PkgHP-18to33-Ex-SEER17.1/instance-out.sql,103.20,153422.09,320.50,476478.64
CZ16/RtS&0&cDXHP&Ex&dxHP_equip/NE-dxHP-PkgHP-18to33-Ex-SEER18.1/instance-out.sql,102.85,152907.94,319.34,474761.36
CZ16/RtS&0&cDXHP&Ex&dxHP_equip/NE-dxHP-PkgHP-33to65-Ex-SEER13.4/instance-out.sql,105.14,156314.44,326.99,486139.07
CZ16/RtS&0&cDXHP&Ex&dxHP_equip/NE-dxHP-PkgHP-33to65-Ex-SEER15.2/instance-out.sql,104.02,154639.42,323.23,480544.51
CZ16/RtS&0&cDXHP&Ex&dxHP_equip/NE-dxHP-PkgHP-33to65-Ex-SEER16.2/instance-out.sql,103.56,153962.93,321.71,478285.03
CZ16/RtS&0&cDXHP&Ex&dxHP_equip/NE-dxHP-PkgHP-33to65-Ex-SEER17.1/instance-out.sql,103.20,153422.09,320.50,476478.64
CZ16/RtS&0&cDXHP&Ex&dxHP_equip/NE-dxHP-PkgHP-33to65-Ex-SEER18.1/instance-out.sql,102.85,152907.94,319.34,474761.36
CZ16/RtS&0&cDXHP&Ex&dxHP_equip/NE-dxHP-SplitHP-18to33-Ex-SEER14.3/instance-out.sql,104.39,155201.02,324.49,482420.27
CZ16/RtS&0&cDXHP&Ex&dxHP_equip/NE-dxHP-SplitHP-18to33-Ex-SEER15.2/instance-out.sql,103.87,154422.95,322.74,479821.49
CZ16/RtS&0&cDXHP&Ex&dxHP_equip/NE-dxHP-SplitHP-18to33-Ex-SEER16.2/instance-out.sql,103.41,153746.45,321.22,477562.01
CZ16/RtS&0&cDXHP&Ex&dxHP_equip/NE-dxHP-SplitHP-18to33-Ex-SEER17.1/instance-out.sql,103.05,153205.62,320.01,475755.63
CZ16/RtS&0&cDXHP&Ex&dxHP_equip/NE-dxHP-SplitHP-18to33-Ex-SEER18.1/instance-out.sql,102.71,152691.46,318.85,474038.35
CZ16/RtS&0&cDXHP&Ex&dxHP_equip/NE-dxHP-SplitHP-33to55-Ex-SEER14.3/instance-out.sql,104.39,155201.02,324.49,482420.27
CZ16/RtS&0&cDXHP&Ex&dxHP_equip/NE-dxHP-SplitHP-33to55-Ex-SEER15.2/instance-out.sql,103.87,154422.95,322.74,479821.49
CZ16/RtS&0&cDXHP&Ex&dxHP_equip/NE-dxHP-SplitHP-33to55-Ex-SEER16.2/instance-out.sql,103.41,153746.45,321.22,477562.01
CZ16/RtS&0&cDXHP&Ex&dxHP_equip/NE-dxHP-SplitHP-33to55-Ex-SEER17.1/instance-out.sql,103.05,153205.62,320.01,475755.63
CZ16/RtS&0&cDXHP&Ex&dxHP_equip/NE-dxHP-SplitHP-33to55-Ex-SEER18.1/instance-out.sql,102.71,152691.46,318.85,474038.35
CZ16/SCn&0&cDXHP&Ex&dxHP_equip/NE-dxHP-PkgHP-18to33-Ex-SEER13.4/instance-out.sql,88.65,4117919.55,291.90,13559035.24
CZ16/SCn&0&cDXHP&Ex&dxHP_equip/NE-dxHP-PkgHP-18to33-Ex-SEER15.2/instance-out.sql,87.67,4072147.71,288.61,13406157.29
CZ16/SCn&0&cDXHP&Ex&dxHP_equip/NE-dxHP-PkgHP-18to33-Ex-SEER16.2/instance-out.sql,87.27,4053661.78,287.28,13344414.29
CZ16/SCn&0&cDXHP&Ex&dxHP_equip/NE-dxHP-PkgHP-18to33-Ex-SEER17.1/instance-out.sql,86.95,4038882.84,286.22,13295052.65
CZ16/SCn&0&cDXHP&Ex&dxHP_equip/NE-dxHP-PkgHP-18to33-Ex-SEER18.1/instance-out.sql,86.65,4024832.92,285.21,13248125.89
CZ16/SCn&0&cDXHP&Ex&dxHP_equip/NE-dxHP-PkgHP-33to65-Ex-SEER13.4/instance-out.sql,88.65,4117919.55,291.90,13559035.24
CZ16/SCn&0&cDXHP&Ex&dxHP_equip/NE-dxHP-PkgHP-33to65-Ex-SEER15.2/instance-out.sql,87.67,4072147.71,288.61,13406157.29
CZ16/SCn&0&cDXHP&Ex&dxHP_equip/NE-dxHP-PkgHP-33to65-Ex-SEER16.2/instance-out.sql,87.27,4053661.78,287.28,13344414.29
CZ16/SCn&0&cDXHP&Ex&dxHP_equip/NE-dxHP-PkgHP-33to65-Ex-SEER17.1/instance-out.sql,86.95,4038882.84,286.22,13295052.65
CZ16/SCn&0&cDXHP&Ex&dxHP_equip/NE-dxHP-PkgHP-33to65-Ex-SEER18.1/instance-out.sql,86.65,4024832.92,285.21,13248125.89
CZ16/SCn&0&cDXHP&Ex&dxHP_equip/NE-dxHP-SplitHP-18to33-Ex-SEER14.3/instance-out.sql,87.79,4077858.54,289.02,13425231.46
CZ16/SCn&0&cDXHP&Ex&dxHP_equip/NE-dxHP-SplitHP-18to33-Ex-SEER15.2/instance-out.sql,87.33,4056596.68,287.49,13354216.85
CZ16/SCn&0&cDXHP&Ex&dxHP_equip/NE-dxHP-SplitHP-18to33-Ex-SEER16.2/instance-out.sql,86.93,4038110.75,286.16,13292473.85
CZ16/SCn&0&cDXHP&Ex&dxHP_equip/NE-dxHP-SplitHP-18to33-Ex-SEER17.1/instance-out.sql,86.62,4023331.81,285.10,13243112.21
CZ16/SCn&0&cDXHP&Ex&dxHP_equip/NE-dxHP-SplitHP-18to33-Ex-SEER18.1/instance-out.sql,86.31,4009281.88,284.09,13196185.44
CZ16/SCn&0&cDXHP&Ex&dxHP_equip/NE-dxHP-SplitHP-33to55-Ex-SEER14.3/instance-out.sql,87.79,4077858.54,289.02,13425231.46
CZ16/SCn&0&cDXHP&Ex&dxHP_equip/NE-dxHP-SplitHP-33to55-Ex-SEER15.2/instance-out.sql,87.33,4056596.68,287.49,13354216.85
CZ16/SCn&0&cDXHP&Ex&dxHP_equip/NE-dxHP-SplitHP-33to55-Ex-SEER16.2/instance-out.sql,86.93,4038110.75,286.16,13292473.85
CZ16/SCn&0&cDXHP&Ex&dxHP_equip/NE-dxHP-SplitHP-33to55-Ex-SEER17.1/instance-out.sql,86.62,4023331.81,285.10,13243112.21
CZ16/SCn&0&cDXHP&Ex&dxHP_equip/NE-dxHP-SplitHP-33to55-Ex-SEER18.1/instance-out.sql,86.31,4009281.88,284.09,13196185.44

File Name,Total (kWh),Heating (kWh),Cooling (kWh),Interior Lighting (kWh),Exterior Lighting (kWh),Interior Equipment (kWh),Exterior Equipment (kWh),Fans (kWh),Pumps (kWh),Heat Rejection (kWh),Humidification (kWh),Heat Recovery (kWh),Water Systems (kWh),Refrigeration (kWh),Generators (kWh),Heating Elec (kWh),Cooling Elec (kWh),Heating NG (kWh),Cooling NG (kWh),Interior Equipment Elec (kWh),Interior Equipment NG (kWh)
CZ15/Asm&0&cDXHP&Ex&dxHP_equip/NE-dxHP-PkgHP-18to33-Ex-SEER13.4/instance-out.sql,949238.84,8800.83,375170.07,153727.01,0.0,145823.51,0.0,247152.18,3.36,0.0,0.0,0.0,18561.88,0.0,0.0,8800.83,375170.07,0.00,0.00,145823.51,0.00
CZ15/Asm&0&cDXHP&Ex&dxHP_equip/NE-dxHP-PkgHP-18to33-Ex-SEER15.2/instance-out.sql,922766.98,8800.83,348698.22,153727.01,0.0,145823.51,0.0,247152.18,3.36,0.0,0.0,0.0,18561.88,0.0,0.0,8800.83,348698.22,0.00,0.00,145823.51,0.00
CZ15/Asm&0&cDXHP&Ex&dxHP_equip/NE-dxHP-PkgHP-18to33-Ex-SEER16.2/instance-out.sql,912075.77,8800.83,338007.0,153727.01,0.0,145823.51,0.0,247152.18,3.36,0.0,0.0,0.0,18561.88,0.0,0.0,8800.83,338007.00,0.00,0.00,145823.51,0.00
CZ15/Asm&0&cDXHP&Ex&dxHP_equip/NE-dxHP-PkgHP-18to33-Ex-SEER17.1/instance-out.sql,903528.46,8800.83,329459.7,153727.01,0.0,145823.51,0.0,247152.18,3.36,0.0,0.0,0.0,18561.88,0.0,0.0,8800.83,329459.70,0.00,0.00,145823.51,0.00
CZ15/Asm&0&cDXHP&Ex&dxHP_equip/NE-dxHP-PkgHP-18to33-Ex-SEER18.1/instance-out.sql,895402.77,8800.83,321334.01,153727.01,0.0,145823.51,0.0,247152.18,3.36,0.0,0.0,0.0,18561.88,0.0,0.0,8800.83,321334.01,0.00,0.00,145823.51,0.00
CZ15/Asm&0&cDXHP&Ex&dxHP_equip/NE-dxHP-PkgHP-33to65-Ex-SEER13.4/instance-out.sql,949238.84,8800.83,375170.07,153727.01,0.0,145823.51,0.0,247152.18,3.36,0.0,0.0,0.0,18561.88,0.0,0.0,8800.83,375170.07,0.00,0.00,145823.51,0.00
CZ15/Asm&0&cDXHP&Ex&dxHP_equip/NE-dxHP-PkgHP-33to65-Ex-SEER15.2/instance-out.sql,922766.98,8800.83,348698.22,153727.01,0.0,145823.51,0.0,247152.18,3.36,0.0,0.0,0.0,18561.88,0.0,0.0,8800.83,348698.22,0.00,0.00,145823.51,0.00
CZ15/Asm&0&cDXHP&Ex&dxHP_equip/NE-dxHP-PkgHP-33to65-Ex-SEER16.2/instance-out.sql,912075.77,8800.83,338007.0,153727.01,0.0,145823.51,0.0,247152.18,3.36,0.0,0.0,0.0,18561.88,0.0,0.0,8800.83,338007.00,0.00,0.00,145823.51,0.00
CZ15/Asm&0&cDXHP&Ex&dxHP_equip/NE-dxHP-PkgHP-33to65-Ex-SEER17.1/instance-out.sql,903528.46,8800.83,329459.7,153727.01,0.0,145823.51,0.0,247152.18,3.36,0.0,0.0,0.0,18561.88,0.0,0.0,8800.83,329459.70,0.00,0.00,145823.51,0.00
CZ15/Asm&0&cDXHP&Ex&dxHP_equip/NE-dxHP-PkgHP-33to65-Ex-SEER18.1/instance-out.sql,895402.77,8800.83,321334.01,153727.01,0.0,145823.51,0.0,247152.18,3.36,0.0,0.0,0.0,18561.88,0.0,0.0,8800.83,321334.01,0.00,0.00,145823.51,0.00
CZ15/Asm&0&cDXHP&Ex&dxHP_equip/NE-dxHP-SplitHP-18to33-Ex-SEER14.3/instance-out.sql,934625.66,8362.84,360994.88,153727.01,0.0,145823.51,0.0,247152.18,3.36,0.0,0.0,0.0,18561.88,0.0,0.0,8362.84,360994.88,0.00,0.00,145823.51,0.00
CZ15/Asm&0&cDXHP&Ex&dxHP_equip/NE-dxHP-SplitHP-18to33-Ex-SEER15.2/instance-out.sql,922329.0,8362.84,348698.22,153727.01,0.0,145823.51,0.0,247152.18,3.36,0.0,0.0,0.0,18561.88,0.0,0.0,8362.84,348698.22,0.00,0.00,145823.51,0.00
CZ15/Asm&0&cDXHP&Ex&dxHP_equip/NE-dxHP-SplitHP-18to33-Ex-SEER16.2/instance-out.sql,911637.78,8362.84,338007.0,153727.01,0.0,145823.51,0.0,247152.18,3.36,0.0,0.0,0.0,18561.88,0.0,0.0,8362.84,338007.00,0.00,0.00,145823.51,0.00
CZ15/Asm&0&cDXHP&Ex&dxHP_equip/NE-dxHP-SplitHP-18to33-Ex-SEER17.1/instance-out.sql,903090.48,8362.84,329459.7,153727.01,0.0,145823.51,0.0,247152.18,3.36,0.0,0.0,0.0,18561.88,0.0,0.0,8362.84,329459.70,0.00,0.00,145823.51,0.00
CZ15/Asm&0&cDXHP&Ex&dxHP_equip/NE-dxHP-SplitHP-18to33-Ex-SEER18.1/instance-out.sql,894964.79,8362.84,321334.01,153727.01,0.0,145823.51,0.0,247152.18,3.36,0.0,0.0,0.0,18561.88,0.0,0.0,8362.84,321334.01,0.00,0.00,145823.51,0.00
CZ15/Asm&0&cDXHP&Ex&dxHP_equip/NE-dxHP-SplitHP-33to55-Ex-SEER14.3/instance-out.sql,934625.66,8362.84,360994.88,153727.01,0.0,145823.51,0.0,247152.18,3.36,0.0,0.0,0.0,18561.88,0.0,0.0,8362.84,360994.88,0.00,0.00,145823.51,0.00
CZ15/Asm&0&cDXHP&Ex&dxHP_equip/NE-dxHP-SplitHP-33to55-Ex-SEER15.2/instance-out.sql,922329.0,8362.84,348698.22,153727.01,0.0,145823.51,0.0,247152.18,3.36,0.0,0.0,0.0,18561.88,0.0,0.0,8362.84,348698.22,0.00,0.00,145823.51,0.00
CZ15/Asm&0&cDXHP&Ex&dxHP_equip/NE-dxHP-SplitHP-33to55-Ex-SEER16.2/instance-out.sql,911637.78,8362.84,338007.0,153727.01,0.0,145823.51,0.0,247152.18,3.36,0.0,0.0,0.0,18561.88,0.0,0.0,8362.84,338007.00,0.00,0.00,145823.51,0.00
CZ15/Asm&0&cDXHP&Ex&dxHP_equip/NE-dxHP-SplitHP-33to55-Ex-SEER17.1/instance-out.sql,903090.48,8362.84,329459.7,153727.01,0.0,145823.51,0.0,247152.18,3.36,0.0,0.0,0.0,18561.88,0.0,0.0,8362.84,329459.70,0.00,0.00,145823.51,0.00
CZ15/Asm&0&cDXHP&Ex&dxHP_equip/NE-dxHP-SplitHP-33to55-Ex-SEER18.1/instance-out.sql,894964.79,8362.84,321334.01,153727.01,0.0,145823.51,0.0,247152.18,3.36,0.0,0.0,0.0,18561.88,0.0,0.0,8362.84,321334.01,0.00,0.00,145823.51,0.00
CZ15/ECC&0&cDXHP&Ex&dxHP_equip/NE-dxHP-PkgHP-18to33-Ex-SEER13.4/instance-out.sql,3248827.17,2589.52,857893.87,358430.2,0.0,1013813.91,0.0,679445.38,1333.19,0.0,0.0,0.0,335321.1,0.0,0.0,2579.53,857893.87,9.99,0.00,945189.93,68623.98
CZ15/ECC&0&cDXHP&Ex&dxHP_equip/NE-dxHP-PkgHP-18to33-Ex-SEER15.2/instance-out.sql,3198666.5,2589.52,807733.2,358430.2,0.0,1013813.91,0.0,679445.38,1333.19,0.0,0.0,0.0,335321.1,0.0,0.0,2579.53,807733.20,9.99,0.00,945189.93,68623.98
CZ15/ECC&0&cDXHP&Ex&dxHP_equip/NE-dxHP-PkgHP-18to33-Ex-SEER16.2/instance-out.sql,3178408.06,2589.52,787474.75,358430.2,0.0,1013813.91,0.0,679445.38,1333.19,0.0,0.0,0.0,335321.1,0.0,0.0,2579.53,787474.75,9.99,0.00,945189.93,68623.98
CZ15/ECC&0&cDXHP&Ex&dxHP_equip/NE-dxHP-PkgHP-18to33-Ex-SEER17.1/instance-out.sql,3162212.04,2589.52,771278.74,358430.2,0.0,1013813.91,0.0,679445.38,1333.19,0.0,0.0,0.0,335321.1,0.0,0.0,2579.53,771278.74,9.99,0.00,945189.93,68623.98
CZ15/ECC&0&cDXHP&Ex&dxHP_equip/NE-dxHP-PkgHP-18to33-Ex-SEER18.1/instance-out.sql,3146814.94,2589.52,755881.63,358430.2,0.0,1013813.91,0.0,679445.38,1333.19,0.0,0.0,0.0,335321.1,0.0,0.0,2579.53,755881.63,9.99,0.00,945189.93,68623.98
CZ15/ECC&0&cDXHP&Ex&dxHP_equip/NE-dxHP-PkgHP-33to65-Ex-SEER13.4/instance-out.sql,3248827.17,2589.52,857893.87,358430.2,0.0,1013813.91,0.0,679445.38,1333.19,0.0,0.0,0.0,335321.1,0.0,0.0,2579.53,857893.87,9.99,0.00,945189.93,68623.98
CZ15/ECC&0&cDXHP&Ex&dxHP_equip/NE-dxHP-PkgHP-33to65-Ex-SEER15.2/instance-out.sql,3198666.5,2589.52,807733.2,358430.2,0.0,1013813.91,0.0,679445.38,1333.19,0.0,0.0,0.0,335321.1,0.0,0.0,2579.53,807733.20,9.99,0.00,945189.93,68623.98
CZ15/ECC&0&cDXHP&Ex&dxHP_equip/NE-dxHP-PkgHP-33to65-Ex-SEER16.2/instance-out.sql,3178408.06,2589.52,787474.75,358430.2,0.0,1013813.91,0.0,679445.38,1333.19,0.0,0.0,0.0,335321.1,0.0,0.0,2579.53,787474.75,9.99,0.00,945189.93,68623.98
CZ15/ECC&0&cDXHP&Ex&dxHP_equip/NE-dxHP-PkgHP-33to65-Ex-SEER17.1/instance-out.sql,3162212.04,2589.52,771278.74,358430.2,0.0,1013813.91,0.0,679445.38,1333.19,0.0,0.0,0.0,335321.1,0.0,0.0,2579.53,771278.74,9.99,0.00,945189.93,68623.98
CZ15/ECC&0&cDXHP&Ex&dxHP_equip/NE-dxHP-PkgHP-33to65-Ex-SEER18.1/instance-out.sql,3146814.94,2589.52,755881.63,358430.2,0.0,1013813.91,0.0,679445.38,1333.19,0.0,0.0,0.0,335321.1,0.0,0.0,2579.53,755881.63,9.99,0.00,945189.93,68623.98
CZ15/ECC&0&cDXHP&Ex&dxHP_equip/NE-dxHP-SplitHP-18to33-Ex-SEER14.3/instance-out.sql,3221843.5799999996,2466.04,831033.75,358430.2,0.0,1013813.91,0.0,679445.38,1333.19,0.0,0.0,0.0,335321.1,0.0,0.0,2456.05,831033.75,9.99,0.00,945189.93,68623.98
CZ15/ECC&0&cDXHP&Ex&dxHP_equip/NE-dxHP-SplitHP-18to33-Ex-SEER15.2/instance-out.sql,3198543.02,2466.04,807733.2,358430.2,0.0,1013813.91,0.0,679445.38,1333.19,0.0,0.0,0.0,335321.1,0.0,0.0,2456.05,807733.20,9.99,0.00,945189.93,68623.98
CZ15/ECC&0&cDXHP&Ex&dxHP_equip/NE-dxHP-SplitHP-18to33-Ex-SEER16.2/instance-out.sql,3178284.5799999996,2466.04,787474.75,358430.2,0.0,1013813.91,0.0,679445.38,1333.19,0.0,0.0,0.0,335321.1,0.0,0.0,2456.05,787474.75,9.99,0.00,945189.93,68623.98
CZ15/ECC&0&cDXHP&Ex&dxHP_equip/NE-dxHP-SplitHP-18to33-Ex-SEER17.1/instance-out.sql,3162088.56,2466.04,771278.74,358430.2,0.0,1013813.91,0.0,679445.38,1333.19,0.0,0.0,0.0,335321.1,0.0,0.0,2456.05,771278.74,9.99,0.00,945189.93,68623.98
CZ15/ECC&0&cDXHP&Ex&dxHP_equip/NE-dxHP-SplitHP-18to33-Ex-SEER18.1/instance-out.sql,3146691.46,2466.04,755881.63,358430.2,0.0,1013813.91,0.0,679445.38,1333.19,0.0,0.0,0.0,335321.1,0.0,0.0,2456.05,755881.63,9.99,0.00,945189.93,68623.98
CZ15/ECC&0&cDXHP&Ex&dxHP_equip/NE-dxHP-SplitHP-33to55-Ex-SEER14.3/instance-out.sql,3221843.5799999996,2466.04,831033.75,358430.2,0.0,1013813.91,0.0,679445.38,1333.19,0.0,0.0,0.0,335321.1,0.0,0.0,2456.05,831033.75,9.99,0.00,945189.93,68623.98
CZ15/ECC&0&cDXHP&Ex&dxHP_equip/NE-dxHP-SplitHP-33to55-Ex-SEER15.2/instance-out.sql,3198543.02,2466.04,807733.2,358430.2,0.0,1013813.91,0.0,679445.38,1333.19,0.0,0.0,0.0,335321.1,0.0,0.0,2456.05,807733.20,9.99,0.00,945189.93,68623.98
CZ15/ECC&0&cDXHP&Ex&dxHP_equip/NE-dxHP-SplitHP-33to55-Ex-SEER16.2/instance-out.sql,3178284.5799999996,2466.04,787474.75,358430.2,0.0,1013813.91,0.0,679445.38,1333.19,0.0,0.0,0.0,335321.1,0.0,0.0,2456.05,787474.75,9.99,0.00,945189.93,68623.98
CZ15/ECC&0&cDXHP&Ex&dxHP_equip/NE-dxHP-SplitHP-33to55-Ex-SEER17.1/instance-out.sql,3162088.56,2466.04,771278.74,358430.2,0.0,1013813.91,0.0,679445.38,1333.19,0.0,0.0,0.0,335321.1,0.0,0.0,2456.05,771278.74,9.99,0.00,945189.93,68623.98
CZ15/ECC&0&cDXHP&Ex&dxHP_equip/NE-dxHP-SplitHP-33to55-Ex-SEER18.1/instance-out.sql,3146691.46,2466.04,755881.63,358430.2,0.0,1013813.91,0.0,679445.38,1333.19,0.0,0.0,0.0,335321.1,0.0,0.0,2456.05,755881.63,9.99,0.00,945189.93,68623.98
CZ15/EPr&0&cDXHP&Ex&dxHP_equip/NE-dxHP-PkgHP-18to33-Ex-SEER13.4/instance-out.sql,498491.36,1025.91,141299.58,64700.97,0.0,125897.03,0.0,100408.87,3.37,0.0,0.0,0.0,65155.62,0.0,0.0,1025.91,141299.58,0.00,0.00,83226.75,42670.28
CZ15/EPr&0&cDXHP&Ex&dxHP_equip/NE-dxHP-PkgHP-18to33-Ex-SEER15.2/instance-out.sql,489883.45999999996,1025.91,132691.68,64700.97,0.0,125897.03,0.0,100408.87,3.37,0.0,0.0,0.0,65155.62,0.0,0.0,1025.91,132691.68,0.00,0.00,83226.75,42670.28
CZ15/EPr&0&cDXHP&Ex&dxHP_equip/NE-dxHP-PkgHP-18to33-Ex-SEER16.2/instance-out.sql,486406.98,1025.91,129215.2,64700.97,0.0,125897.03,0.0,100408.87,3.37,0.0,0.0,0.0,65155.62,0.0,0.0,1025.91,129215.20,0.00,0.00,83226.75,42670.28
CZ15/EPr&0&cDXHP&Ex&dxHP_equip/NE-dxHP-PkgHP-18to33-Ex-SEER17.1/instance-out.sql,483627.63,1025.91,126435.86,64700.97,0.0,125897.03,0.0,100408.87,3.37,0.0,0.0,0.0,65155.62,0.0,0.0,1025.91,126435.86,0.00,0.00,83226.75,42670.28
CZ15/EPr&0&cDXHP&Ex&dxHP_equip/NE-dxHP-PkgHP-18to33-Ex-SEER18.1/instance-out.sql,480985.39,1025.91,123793.61,64700.97,0.0,125897.03,0.0,100408.87,3.37,0.0,0.0,0.0,65155.62,0.0,0.0,1025.91,123793.61,0.00,0.00,83226.75,42670.28
CZ15/EPr&0&cDXHP&Ex&dxHP_equip/NE-dxHP-PkgHP-33to65-Ex-SEER13.4/instance-out.sql,498491.36,1025.91,141299.58,64700.97,0.0,125897.03,0.0,100408.87,3.37,0.0,0.0,0.0,65155.62,0.0,0.0,1025.91,141299.58,0.00,0.00,83226.75,42670.28
CZ15/EPr&0&cDXHP&Ex&dxHP_equip/NE-dxHP-PkgHP-33to65-Ex-SEER15.2/instance-out.sql,489883.45999999996,1025.91,132691.68,64700.97,0.0,125897.03,0.0,100408.87,3.37,0.0,0.0,0.0,65155.62,0.0,0.0,1025.91,132691.68,0.00,0.00,83226.75,42670.28
CZ15/EPr&0&cDXHP&Ex&dxHP_equip/NE-dxHP-PkgHP-33to65-Ex-SEER16.2/instance-out.sql,486406.98,1025.91,129215.2,64700.97,0.0,125897.03,0.0,100408.87,3.37,0.0,0.0,0.0,65155.62,0.0,0.0,1025.91,129215.20,0.00,0.00,83226.75,42670.28
CZ15/EPr&0&cDXHP&Ex&dxHP_equip/NE-dxHP-PkgHP-33to65-Ex-SEER17.1/instance-out.sql,483627.63,1025.91,126435.86,64700.97,0.0,125897.03,0.0,100408.87,3.37,0.0,0.0,0.0,65155.62,0.0,0.0,1025.91,126435.86,0.00,0.00,83226.75,42670.28
CZ15/EPr&0&cDXHP&Ex&dxHP_equip/NE-dxHP-PkgHP-33to65-Ex-SEER18.1/instance-out.sql,480985.39,1025.91,123793.61,64700.97,0.0,125897.03,0.0,100408.87,3.37,0.0,0.0,0.0,65155.62,0.0,0.0,1025.91,123793.61,0.00,0.00,83226.75,42670.28
CZ15/EPr&0&cDXHP&Ex&dxHP_equip/NE-dxHP-SplitHP-18to33-Ex-SEER14.3/instance-out.sql,493832.57999999996,976.5,136690.21,64700.97,0.0,125897.03,0.0,100408.87,3.37,0.0,0.0,0.0,65155.62,0.0,0.0,976.50,136690.21,0.00,0.00,83226.75,42670.28
CZ15/EPr&0&cDXHP&Ex&dxHP_equip/NE-dxHP-SplitHP-18to33-Ex-SEER15.2/instance-out.sql,489834.05000000005,976.5,132691.68,64700.97,0.0,125897.03,0.0,100408.87,3.37,0.0,0.0,0.0,65155.62,0.0,0.0,976.50,132691.68,0.00,0.00,83226.75,42670.28
CZ15/EPr&0&cDXHP&Ex&dxHP_equip/NE-dxHP-SplitHP-18to33-Ex-SEER16.2/instance-out.sql,486357.56999999995,976.5,129215.2,64700.97,0.0,125897.03,0.0,100408.87,3.37,0.0,0.0,0.0,65155.62,0.0,0.0,976.50,129215.20,0.00,0.00,83226.75,42670.28
CZ15/EPr&0&cDXHP&Ex&dxHP_equip/NE-dxHP-SplitHP-18to33-Ex-SEER17.1/instance-out.sql,483578.22,976.5,126435.86,64700.97,0.0,125897.03,0.0,100408.87,3.37,0.0,0.0,0.0,65155.62,0.0,0.0,976.50,126435.86,0.00,0.00,83226.75,42670.28
CZ15/EPr&0&cDXHP&Ex&dxHP_equip/NE-dxHP-SplitHP-18to33-Ex-SEER18.1/instance-out.sql,480935.98,976.5,123793.61,64700.97,0.0,125897.03,0.0,100408.87,3.37,0.0,0.0,0.0,65155.62,0.0,0.0,976.50,123793.61,0.00,0.00,83226.75,42670.28
CZ15/EPr&0&cDXHP&Ex&dxHP_equip/NE-dxHP-SplitHP-33to55-Ex-SEER14.3/instance-out.sql,493832.57999999996,976.5,136690.21,64700.97,0.0,125897.03,0.0,100408.87,3.37,0.0,0.0,0.0,65155.62,0.0,0.0,976.50,136690.21,0.00,0.00,83226.75,42670.28
CZ15/EPr&0&cDXHP&Ex&dxHP_equip/NE-dxHP-SplitHP-33to55-Ex-SEER15.2/instance-out.sql,489834.05000000005,976.5,132691.68,64700.97,0.0,125897.03,0.0,100408.87,3.37,0.0,0.0,0.0,65155.62,0.0,0.0,976.50,132691.68,0.00,0.00,83226.75,42670.28
CZ15/EPr&0&cDXHP&Ex&dxHP_equip/NE-dxHP-SplitHP-33to55-Ex-SEER16.2/instance-out.sql,486357.56999999995,976.5,129215.2,64700.97,0.0,125897.03,0.0,100408.87,3.37,0.0,0.0,0.0,65155.62,0.0,0.0,976.50,129215.20,0.00,0.00,83226.75,42670.28
CZ15/EPr&0&cDXHP&Ex&dxHP_equip/NE-dxHP-SplitHP-33to55-Ex-SEER17.1/instance-out.sql,483578.22,976.5,126435.86,64700.97,0.0,125897.03,0.0,100408.87,3.37,0.0,0.0,0.0,65155.62,0.0,0.0,976.50,126435.86,0.00,0.00,83226.75,42670.28
CZ15/EPr&0&cDXHP&Ex&dxHP_equip/NE-dxHP-SplitHP-33to55-Ex-SEER18.1/instance-out.sql,480935.98,976.5,123793.61,64700.97,0.0,125897.03,0.0,100408.87,3.37,0.0,0.0,0.0,65155.62,0.0,0.0,976.50,123793.61,0.00,0.00,83226.75,42670.28
CZ15/ERC&0&cDXHP&Ex&dxHP_equip/NE-dxHP-PkgHP-18to33-Ex-SEER13.4/instance-out.sql,24159.36,55.66,5951.03,2224.35,0.0,2196.82,0.0,5186.05,3.36,0.0,0.0,0.0,8542.08,0.0,0.0,55.66,5951.03,0.00,0.00,2196.82,0.00
CZ15/ERC&0&cDXHP&Ex&dxHP_equip/NE-dxHP-PkgHP-18to33-Ex-SEER15.2/instance-out.sql,23739.46,55.66,5531.13,2224.35,0.0,2196.82,0.0,5186.05,3.36,0.0,0.0,0.0,8542.08,0.0,0.0,55.66,5531.13,0.00,0.00,2196.82,0.00
CZ15/ERC&0&cDXHP&Ex&dxHP_equip/NE-dxHP-PkgHP-18to33-Ex-SEER16.2/instance-out.sql,23569.870000000003,55.66,5361.54,2224.35,0.0,2196.82,0.0,5186.05,3.36,0.0,0.0,0.0,8542.08,0.0,0.0,55.66,5361.54,0.00,0.00,2196.82,0.00
CZ15/ERC&0&cDXHP&Ex&dxHP_equip/NE-dxHP-PkgHP-18to33-Ex-SEER17.1/instance-out.sql,23434.29,55.66,5225.96,2224.35,0.0,2196.82,0.0,5186.05,3.36,0.0,0.0,0.0,8542.08,0.0,0.0,55.66,5225.96,0.00,0.00,2196.82,0.00
CZ15/ERC&0&cDXHP&Ex&dxHP_equip/NE-dxHP-PkgHP-18to33-Ex-SEER18.1/instance-out.sql,23305.4,55.66,5097.07,2224.35,0.0,2196.82,0.0,5186.05,3.36,0.0,0.0,0.0,8542.08,0.0,0.0,55.66,5097.07,0.00,0.00,2196.82,0.00
CZ15/ERC&0&cDXHP&Ex&dxHP_equip/NE-dxHP-PkgHP-33to65-Ex-SEER13.4/instance-out.sql,24159.36,55.66,5951.03,2224.35,0.0,2196.82,0.0,5186.05,3.36,0.0,0.0,0.0,8542.08,0.0,0.0,55.66,5951.03,0.00,0.00,2196.82,0.00
CZ15/ERC&0&cDXHP&Ex&dxHP_equip/NE-dxHP-PkgHP-33to65-Ex-SEER15.2/instance-out.sql,23739.46,55.66,5531.13,2224.35,0.0,2196.82,0.0,5186.05,3.36,0.0,0.0,0.0,8542.08,0.0,0.0,55.66,5531.13,0.00,0.00,2196.82,0.00
CZ15/ERC&0&cDXHP&Ex&dxHP_equip/NE-dxHP-PkgHP-33to65-Ex-SEER16.2/instance-out.sql,23569.870000000003,55.66,5361.54,2224.35,0.0,2196.82,0.0,5186.05,3.36,0.0,0.0,0.0,8542.08,0.0,0.0,55.66,5361.54,0.00,0.00,2196.82,0.00
CZ15/ERC&0&cDXHP&Ex&dxHP_equip/NE-dxHP-PkgHP-33to65-Ex-SEER17.1/instance-out.sql,23434.29,55.66,5225.96,2224.35,0.0,2196.82,0.0,5186.05,3.36,0.0,0.0,0.0,8542.08,0.0,0.0,55.66,5225.96,0.00,0.00,2196.82,0.00
CZ15/ERC&0&cDXHP&Ex&dxHP_equip/NE-dxHP-PkgHP-33to65-Ex-SEER18.1/instance-out.sql,23305.4,55.66,5097.07,2224.35,0.0,2196.82,0.0,5186.05,3.36,0.0,0.0,0.0,8542.08,0.0,0.0,55.66,5097.07,0.00,0.00,2196.82,0.00
CZ15/ERC&0&cDXHP&Ex&dxHP_equip/NE-dxHP-SplitHP-18to33-Ex-SEER14.3/instance-out.sql,23931.95,53.11,5726.18,2224.35,0.0,2196.82,0.0,5186.05,3.36,0.0,0.0,0.0,8542.08,0.0,0.0,53.11,5726.18,0.00,0.00,2196.82,0.00
CZ15/ERC&0&cDXHP&Ex&dxHP_equip/NE-dxHP-SplitHP-18to33-Ex-SEER15.2/instance-out.sql,23736.9,53.11,5531.13,2224.35,0.0,2196.82,0.0,5186.05,3.36,0.0,0.0,0.0,8542.08,0.0,0.0,53.11,5531.13,0.00,0.00,2196.82,0.00
CZ15/ERC&0&cDXHP&Ex&dxHP_equip/NE-dxHP-SplitHP-18to33-Ex-SEER16.2/instance-out.sql,23567.309999999998,53.11,5361.54,2224.35,0.0,2196.82,0.0,5186.05,3.36,0.0,0.0,0.0,8542.08,0.0,0.0,53.11,5361.54,0.00,0.00,2196.82,0.00
CZ15/ERC&0&cDXHP&Ex&dxHP_equip/NE-dxHP-SplitHP-18to33-Ex-SEER17.1/instance-out.sql,23431.73,53.11,5225.96,2224.35,0.0,2196.82,0.0,5186.05,3.36,0.0,0.0,0.0,8542.08,0.0,0.0,53.11,5225.96,0.00,0.00,2196.82,0.00
CZ15/ERC&0&cDXHP&Ex&dxHP_equip/NE-dxHP-SplitHP-18to33-Ex-SEER18.1/instance-out.sql,23302.84,53.11,5097.07,2224.35,0.0,2196.82,0.0,5186.05,3.36,0.0,0.0,0.0,8542.08,0.0,0.0,53.11,5097.07,0.00,0.00,2196.82,0.00
CZ15/ERC&0&cDXHP&Ex&dxHP_equip/NE-dxHP-SplitHP-33to55-Ex-SEER14.3/instance-out.sql,23931.95,53.11,5726.18,2224.35,0.0,2196.82,0.0,5186.05,3.36,0.0,0.0,0.0,8542.08,0.0,0.0,53.11,5726.18,0.00,0.00,2196.82,0.00
CZ15/ERC&0&cDXHP&Ex&dxHP_equip/NE-dxHP-SplitHP-33to55-Ex-SEER15.2/instance-out.sql,23736.9,53.11,5531.13,2224.35,0.0,2196.82,0.0,5186.05,3.36,0.0,0.0,0.0,8542.08,0.0,0.0,53.11,5531.13,0.00,0.00,2196.82,0.00
CZ15/ERC&0&cDXHP&Ex&dxHP_equip/NE-dxHP-SplitHP-33to55-Ex-SEER16.2/instance-out.sql,23567.309999999998,53.11,5361.54,2224.35,0.0,2196.82,0.0,5186.05,3.36,0.0,0.0,0.0,8542.08,0.0,0.0,53.11,5361.54,0.00,0.00,2196.82,0.00
CZ15/ERC&0&cDXHP&Ex&dxHP_equip/NE-dxHP-SplitHP-33to55-Ex-SEER17.1/instance-out.sql,23431.73,53.11,5225.96,2224.35,0.0,2196.82,0.0,5186.05,3.36,0.0,0.0,0.0,8542.08,0.0,0.0,53.11,5225.96,0.00,0.00,2196.82,0.00
CZ15/ERC&0&cDXHP&Ex&dxHP_equip/NE-dxHP-SplitHP-33to55-Ex-SEER18.1/instance-out.sql,23302.84,53.11,5097.07,2224.35,0.0,2196.82,0.0,5186.05,3.36,0.0,0.0,0.0,8542.08,0.0,0.0,53.11,5097.07,0.00,0.00,2196.82,0.00
CZ15/ESe&0&cDXHP&Ex&dxHP_equip/NE-dxHP-PkgHP-18to33-Ex-SEER13.4/instance-out.sql,1389400.5,20167.47,417991.23,197959.32,0.0,323176.74,0.0,252862.67,3.39,0.0,0.0,0.0,177239.68,0.0,0.0,539.74,417991.23,19627.73,0.00,259085.82,64090.92
CZ15/ESe&0&cDXHP&Ex&dxHP_equip/NE-dxHP-PkgHP-18to33-Ex-SEER15.2/instance-out.sql,1380407.59,20167.47,408998.32,197959.32,0.0,323176.74,0.0,252862.67,3.39,0.0,0.0,0.0,177239.68,0.0,0.0,539.74,408998.32,19627.73,0.00,259085.82,64090.92
CZ15/ESe&0&cDXHP&Ex&dxHP_equip/NE-dxHP-PkgHP-18to33-Ex-SEER16.2/instance-out.sql,1376775.61,20167.47,405366.34,197959.32,0.0,323176.74,0.0,252862.67,3.39,0.0,0.0,0.0,177239.68,0.0,0.0,539.74,405366.34,19627.73,0.00,259085.82,64090.92
CZ15/ESe&0&cDXHP&Ex&dxHP_equip/NE-dxHP-PkgHP-18to33-Ex-SEER17.1/instance-out.sql,1373871.9500000002,20167.47,402462.68,197959.32,0.0,323176.74,0.0,252862.67,3.39,0.0,0.0,0.0,177239.68,0.0,0.0,539.74,402462.68,19627.73,0.00,259085.82,64090.92
CZ15/ESe&0&cDXHP&Ex&dxHP_equip/NE-dxHP-PkgHP-18to33-Ex-SEER18.1/instance-out.sql,1371111.53,20167.47,399702.26,197959.32,0.0,323176.74,0.0,252862.67,3.39,0.0,0.0,0.0,177239.68,0.0,0.0,539.74,399702.26,19627.73,0.00,259085.82,64090.92
CZ15/ESe&0&cDXHP&Ex&dxHP_equip/NE-dxHP-PkgHP-33to65-Ex-SEER13.4/instance-out.sql,1389400.5,20167.47,417991.23,197959.32,0.0,323176.74,0.0,252862.67,3.39,0.0,0.0,0.0,177239.68,0.0,0.0,539.74,417991.23,19627.73,0.00,259085.82,64090.92
CZ15/ESe&0&cDXHP&Ex&dxHP_equip/NE-dxHP-PkgHP-33to65-Ex-SEER15.2/instance-out.sql,1380407.59,20167.47,408998.32,197959.32,0.0,323176.74,0.0,252862.67,3.39,0.0,0.0,0.0,177239.68,0.0,0.0,539.74,408998.32,19627.73,0.00,259085.82,64090.92
CZ15/ESe&0&cDXHP&Ex&dxHP_equip/NE-dxHP-PkgHP-33to65-Ex-SEER16.2/instance-out.sql,1376775.61,20167.47,405366.34,197959.32,0.0,323176.74,0.0,252862.67,3.39,0.0,0.0,0.0,177239.68,0.0,0.0,539.74,405366.34,19627.73,0.00,259085.82,64090.92
CZ15/ESe&0&cDXHP&Ex&dxHP_equip/NE-dxHP-PkgHP-33to65-Ex-SEER17.1/instance-out.sql,1373871.9500000002,20167.47,402462.68,197959.32,0.0,323176.74,0.0,252862.67,3.39,0.0,0.0,0.0,177239.68,0.0,0.0,539.74,402462.68,19627.73,0.00,259085.82,64090.92
CZ15/ESe&0&cDXHP&Ex&dxHP_equip/NE-dxHP-PkgHP-33to65-Ex-SEER18.1/instance-out.sql,1371111.53,20167.47,399702.26,197959.32,0.0,323176.74,0.0,252862.67,3.39,0.0,0.0,0.0,177239.68,0.0,0.0,539.74,399702.26,19627.73,0.00,259085.82,64090.92
CZ15/ESe&0&cDXHP&Ex&dxHP_equip/NE-dxHP-SplitHP-18to33-Ex-SEER14.3/instance-out.sql,1384559.99,20142.5,413175.69,197959.32,0.0,323176.74,0.0,252862.67,3.39,0.0,0.0,0.0,177239.68,0.0,0.0,514.77,413175.69,19627.73,0.00,259085.82,64090.92
CZ15/ESe&0&cDXHP&Ex&dxHP_equip/NE-dxHP-SplitHP-18to33-Ex-SEER15.2/instance-out.sql,1380382.62,20142.5,408998.32,197959.32,0.0,323176.74,0.0,252862.67,3.39,0.0,0.0,0.0,177239.68,0.0,0.0,514.77,408998.32,19627.73,0.00,259085.82,64090.92
CZ15/ESe&0&cDXHP&Ex&dxHP_equip/NE-dxHP-SplitHP-18to33-Ex-SEER16.2/instance-out.sql,1376750.6400000001,20142.5,405366.34,197959.32,0.0,323176.74,0.0,252862.67,3.39,0.0,0.0,0.0,177239.68,0.0,0.0,514.77,405366.34,19627.73,0.00,259085.82,64090.92
CZ15/ESe&0&cDXHP&Ex&dxHP_equip/NE-dxHP-SplitHP-18to33-Ex-SEER17.1/instance-out.sql,1373846.99,20142.5,402462.68,197959.32,0.0,323176.74,0.0,252862.67,3.39,0.0,0.0,0.0,177239.68,0.0,0.0,514.77,402462.68,19627.73,0.00,259085.82,64090.92
CZ15/ESe&0&cDXHP&Ex&dxHP_equip/NE-dxHP-SplitHP-18to33-Ex-SEER18.1/instance-out.sql,1371086.56,20142.5,399702.26,197959.32,0.0,323176.74,0.0,252862.67,3.39,0.0,0.0,0.0,177239.68,0.0,0.0,514.77,399702.26,19627.73,0.00,259085.82,64090.92
CZ15/ESe&0&cDXHP&Ex&dxHP_equip/NE-dxHP-SplitHP-33to55-Ex-SEER14.3/instance-out.sql,1384559.99,20142.5,413175.69,197959.32,0.0,323176.74,0.0,252862.67,3.39,0.0,0.0,0.0,177239.68,0.0,0.0,514.77,413175.69,19627.73,0.00,259085.82,64090.92
CZ15/ESe&0&cDXHP&Ex&dxHP_equip/NE-dxHP-SplitHP-33to55-Ex-SEER15.2/instance-out.sql,1380382.62,20142.5,408998.32,197959.32,0.0,323176.74,0.0,252862.67,3.39,0.0,0.0,0.0,177239.68,0.0,0.0,514.77,408998.32,19627.73,0.00,259085.82,64090.92
CZ15/ESe&0&cDXHP&Ex&dxHP_equip/NE-dxHP-SplitHP-33to55-Ex-SEER16.2/instance-out.sql,1376750.6400000001,20142.5,405366.34,197959.32,0.0,323176.74,0.0,252862.67,3.39,0.0,0.0,0.0,177239.68,0.0,0.0,514.77,405366.34,19627.73,0.00,259085.82,64090.92
CZ15/ESe&0&cDXHP&Ex&dxHP_equip/NE-dxHP-SplitHP-33to55-Ex-SEER17.1/instance-out.sql,1373846.99,20142.5,402462.68,197959.32,0.0,323176.74,0.0,252862.67,3.39,0.0,0.0,0.0,177239.68,0.0,0.0,514.77,402462.68,19627.73,0.00,259085.82,64090.92
CZ15/ESe&0&cDXHP&Ex&dxHP_equip/NE-dxHP-SplitHP-33to55-Ex-SEER18.1/instance-out.sql,1371086.56,20142.5,399702.26,197959.32,0.0,323176.74,0.0,252862.67,3.39,0.0,0.0,0.0,177239.68,0.0,0.0,514.77,399702.26,19627.73,0.00,259085.82,64090.92
CZ15/EUn&0&cDXHP&Ex&dxHP_equip/NE-dxHP-PkgHP-18to33-Ex-SEER13.4/instance-out.sql,10109039.65,9464.13,2520914.75,1277404.75,0.0,3682881.23,0.0,2049330.27,3.37,0.0,0.0,0.0,569041.14,0.0,0.0,9059.96,2520914.75,404.17,0.00,3555459.15,127422.08
CZ15/EUn&0&cDXHP&Ex&dxHP_equip/NE-dxHP-PkgHP-18to33-Ex-SEER15.2/instance-out.sql,9978055.120000001,9464.13,2389930.22,1277404.75,0.0,3682881.23,0.0,2049330.27,3.37,0.0,0.0,0.0,569041.14,0.0,0.0,9059.96,2389930.22,404.17,0.00,3555459.15,127422.08
CZ15/EUn&0&cDXHP&Ex&dxHP_equip/NE-dxHP-PkgHP-18to33-Ex-SEER16.2/instance-out.sql,9925154.24,9464.13,2337029.34,1277404.75,0.0,3682881.23,0.0,2049330.27,3.37,0.0,0.0,0.0,569041.14,0.0,0.0,9059.96,2337029.34,404.17,0.00,3555459.15,127422.08
CZ15/EUn&0&cDXHP&Ex&dxHP_equip/NE-dxHP-PkgHP-18to33-Ex-SEER17.1/instance-out.sql,9882861.600000001,9464.13,2294736.7,1277404.75,0.0,3682881.23,0.0,2049330.27,3.37,0.0,0.0,0.0,569041.14,0.0,0.0,9059.96,2294736.70,404.17,0.00,3555459.15,127422.08
CZ15/EUn&0&cDXHP&Ex&dxHP_equip/NE-dxHP-PkgHP-18to33-Ex-SEER18.1/instance-out.sql,9842655.14,9464.13,2254530.25,1277404.75,0.0,3682881.23,0.0,2049330.27,3.37,0.0,0.0,0.0,569041.14,0.0,0.0,9059.96,2254530.25,404.17,0.00,3555459.15,127422.08
CZ15/EUn&0&cDXHP&Ex&dxHP_equip/NE-dxHP-PkgHP-33to65-Ex-SEER13.4/instance-out.sql,10109039.65,9464.13,2520914.75,1277404.75,0.0,3682881.23,0.0,2049330.27,3.37,0.0,0.0,0.0,569041.14,0.0,0.0,9059.96,2520914.75,404.17,0.00,3555459.15,127422.08
CZ15/EUn&0&cDXHP&Ex&dxHP_equip/NE-dxHP-PkgHP-33to65-Ex-SEER15.2/instance-out.sql,9978055.120000001,9464.13,2389930.22,1277404.75,0.0,3682881.23,0.0,2049330.27,3.37,0.0,0.0,0.0,569041.14,0.0,0.0,9059.96,2389930.22,404.17,0.00,3555459.15,127422.08
CZ15/EUn&0&cDXHP&Ex&dxHP_equip/NE-dxHP-PkgHP-33to65-Ex-SEER16.2/instance-out.sql,9925154.24,9464.13,2337029.34,1277404.75,0.0,3682881.23,0.0,2049330.27,3.37,0.0,0.0,0.0,569041.14,0.0,0.0,9059.96,2337029.34,404.17,0.00,3555459.15,127422.08
CZ15/EUn&0&cDXHP&Ex&dxHP_equip/NE-dxHP-PkgHP-33to65-Ex-SEER17.1/instance-out.sql,9882861.600000001,9464.13,2294736.7,1277404.75,0.0,3682881.23,0.0,2049330.27,3.37,0.0,0.0,0.0,569041.14,0.0,0.0,9059.96,2294736.70,404.17,0.00,3555459.15,127422.08
CZ15/EUn&0&cDXHP&Ex&dxHP_equip/NE-dxHP-PkgHP-33to65-Ex-SEER18.1/instance-out.sql,9842655.14,9464.13,2254530.25,1277404.75,0.0,3682881.23,0.0,2049330.27,3.37,0.0,0.0,0.0,569041.14,0.0,0.0,9059.96,2254530.25,404.17,0.00,3555459.15,127422.08
CZ15/EUn&0&cDXHP&Ex&dxHP_equip/NE-dxHP-SplitHP-18to33-Ex-SEER14.3/instance-out.sql,10038457.040000001,9021.33,2450774.94,1277404.75,0.0,3682881.23,0.0,2049330.27,3.37,0.0,0.0,0.0,569041.14,0.0,0.0,8617.16,2450774.94,404.17,0.00,3555459.15,127422.08
CZ15/EUn&0&cDXHP&Ex&dxHP_equip/NE-dxHP-SplitHP-18to33-Ex-SEER15.2/instance-out.sql,9977612.31,9021.33,2389930.22,1277404.75,0.0,3682881.23,0.0,2049330.27,3.37,0.0,0.0,0.0,569041.14,0.0,0.0,8617.16,2389930.22,404.17,0.00,3555459.15,127422.08
CZ15/EUn&0&cDXHP&Ex&dxHP_equip/NE-dxHP-SplitHP-18to33-Ex-SEER16.2/instance-out.sql,9924711.43,9021.33,2337029.34,1277404.75,0.0,3682881.23,0.0,2049330.27,3.37,0.0,0.0,0.0,569041.14,0.0,0.0,8617.16,2337029.34,404.17,0.00,3555459.15,127422.08
CZ15/EUn&0&cDXHP&Ex&dxHP_equip/NE-dxHP-SplitHP-18to33-Ex-SEER17.1/instance-out.sql,9882418.8,9021.33,2294736.7,1277404.75,0.0,3682881.23,0.0,2049330.27,3.37,0.0,0.0,0.0,569041.14,0.0,0.0,8617.16,2294736.70,404.17,0.00,3555459.15,127422.08
CZ15/EUn&0&cDXHP&Ex&dxHP_equip/NE-dxHP-SplitHP-18to33-Ex-SEER18.1/instance-out.sql,9842212.34,9021.33,2254530.25,1277404.75,0.0,3682881.23,0.0,2049330.27,3.37,0.0,0.0,0.0,569041.14,0.0,0.0,8617.16,2254530.25,404.17,0.00,3555459.15,127422.08
CZ15/EUn&0&cDXHP&Ex&dxHP_equip/NE-dxHP-SplitHP-33to55-Ex-SEER14.3/instance-out.sql,10038457.040000001,9021.33,2450774.94,1277404.75,0.0,3682881.23,0.0,2049330.27,3.37,0.0,0.0,0.0,569041.14,0.0,0.0,8617.16,2450774.94,404.17,0.00,3555459.15,127422.08
CZ15/EUn&0&cDXHP&Ex&dxHP_equip/NE-dxHP-SplitHP-33to55-Ex-SEER15.2/instance-out.sql,9977612.31,9021.33,2389930.22,1277404.75,0.0,3682881.23,0.0,2049330.27,3.37,0.0,0.0,0.0,569041.14,0.0,0.0,8617.16,2389930.22,404.17,0.00,3555459.15,127422.08
CZ15/EUn&0&cDXHP&Ex&dxHP_equip/NE-dxHP-SplitHP-33to55-Ex-SEER16.2/instance-out.sql,9924711.43,9021.33,2337029.34,1277404.75,0.0,3682881.23,0.0,2049330.27,3.37,0.0,0.0,0.0,569041.14,0.0,0.0,8617.16,2337029.34,404.17,0.00,3555459.15,127422.08
CZ15/EUn&0&cDXHP&Ex&dxHP_equip/NE-dxHP-SplitHP-33to55-Ex-SEER17.1/instance-out.sql,9882418.8,9021.33,2294736.7,1277404.75,0.0,3682881.23,0.0,2049330.27,3.37,0.0,0.0,0.0,569041.14,0.0,0.0,8617.16,2294736.70,404.17,0.00,3555459.15,127422.08
CZ15/EUn&0&cDXHP&Ex&dxHP_equip/NE-dxHP-SplitHP-33to55-Ex-SEER18.1/instance-out.sql,9842212.34,9021.33,2254530.25,1277404.75,0.0,3682881.23,0.0,2049330.27,3.37,0.0,0.0,0.0,569041.14,0.0,0.0,8617.16,2254530.25,404.17,0.00,3555459.15,127422.08
CZ15/Gro&0&cDXHP&Ex&dxHP_equip/NE-dxHP-PkgHP-18to33-Ex-SEER13.4/instance-out.sql,2364742.85,5879.49,190526.85,249218.65,0.0,177584.03,0.0,193911.0,3.38,0.0,0.0,0.0,47064.25,1500555.2,0.0,5879.49,190526.85,0.00,0.00,177584.03,0.00
CZ15/Gro&0&cDXHP&Ex&dxHP_equip/NE-dxHP-PkgHP-18to33-Ex-SEER15.2/instance-out.sql,2351299.35,5879.49,177083.35,249218.65,0.0,177584.03,0.0,193911.0,3.38,0.0,0.0,0.0,47064.25,1500555.2,0.0,5879.49,177083.35,0.00,0.00,177584.03,0.00
CZ15/Gro&0&cDXHP&Ex&dxHP_equip/NE-dxHP-PkgHP-18to33-Ex-SEER16.2/instance-out.sql,2345869.91,5879.49,171653.91,249218.65,0.0,177584.03,0.0,193911.0,3.38,0.0,0.0,0.0,47064.25,1500555.2,0.0,5879.49,171653.91,0.00,0.00,177584.03,0.00
CZ15/Gro&0&cDXHP&Ex&dxHP_equip/NE-dxHP-PkgHP-18to33-Ex-SEER17.1/instance-out.sql,2341529.24,5879.49,167313.23,249218.65,0.0,177584.03,0.0,193911.0,3.38,0.0,0.0,0.0,47064.25,1500555.2,0.0,5879.49,167313.23,0.00,0.00,177584.03,0.00
CZ15/Gro&0&cDXHP&Ex&dxHP_equip/NE-dxHP-PkgHP-18to33-Ex-SEER18.1/instance-out.sql,2337402.68,5879.49,163186.67,249218.65,0.0,177584.03,0.0,193911.0,3.38,0.0,0.0,0.0,47064.25,1500555.2,0.0,5879.49,163186.67,0.00,0.00,177584.03,0.00
CZ15/Gro&0&cDXHP&Ex&dxHP_equip/NE-dxHP-PkgHP-33to65-Ex-SEER13.4/instance-out.sql,2364742.85,5879.49,190526.85,249218.65,0.0,177584.03,0.0,193911.0,3.38,0.0,0.0,0.0,47064.25,1500555.2,0.0,5879.49,190526.85,0.00,0.00,177584.03,0.00
CZ15/Gro&0&cDXHP&Ex&dxHP_equip/NE-dxHP-PkgHP-33to65-Ex-SEER15.2/instance-out.sql,2351299.35,5879.49,177083.35,249218.65,0.0,177584.03,0.0,193911.0,3.38,0.0,0.0,0.0,47064.25,1500555.2,0.0,5879.49,177083.35,0.00,0.00,177584.03,0.00
CZ15/Gro&0&cDXHP&Ex&dxHP_equip/NE-dxHP-PkgHP-33to65-Ex-SEER16.2/instance-out.sql,2345869.91,5879.49,171653.91,249218.65,0.0,177584.03,0.0,193911.0,3.38,0.0,0.0,0.0,47064.25,1500555.2,0.0,5879.49,171653.91,0.00,0.00,177584.03,0.00
CZ15/Gro&0&cDXHP&Ex&dxHP_equip/NE-dxHP-PkgHP-33to65-Ex-SEER17.1/instance-out.sql,2341529.24,5879.49,167313.23,249218.65,0.0,177584.03,0.0,193911.0,3.38,0.0,0.0,0.0,47064.25,1500555.2,0.0,5879.49,167313.23,0.00,0.00,177584.03,0.00
CZ15/Gro&0&cDXHP&Ex&dxHP_equip/NE-dxHP-PkgHP-33to65-Ex-SEER18.1/instance-out.sql,2337402.68,5879.49,163186.67,249218.65,0.0,177584.03,0.0,193911.0,3.38,0.0,0.0,0.0,47064.25,1500555.2,0.0,5879.49,163186.67,0.00,0.00,177584.03,0.00
CZ15/Gro&0&cDXHP&Ex&dxHP_equip/NE-dxHP-SplitHP-18to33-Ex-SEER14.3/instance-out.sql,2357253.08,5588.46,183328.1,249218.65,0.0,177584.03,0.0,193911.0,3.38,0.0,0.0,0.0,47064.25,1500555.2,0.0,5588.46,183328.10,0.00,0.00,177584.03,0.00
CZ15/Gro&0&cDXHP&Ex&dxHP_equip/NE-dxHP-SplitHP-18to33-Ex-SEER15.2/instance-out.sql,2351008.33,5588.46,177083.35,249218.65,0.0,177584.03,0.0,193911.0,3.38,0.0,0.0,0.0,47064.25,1500555.2,0.0,5588.46,177083.35,0.00,0.00,177584.03,0.00
CZ15/Gro&0&cDXHP&Ex&dxHP_equip/NE-dxHP-SplitHP-18to33-Ex-SEER16.2/instance-out.sql,2345578.89,5588.46,171653.91,249218.65,0.0,177584.03,0.0,193911.0,3.38,0.0,0.0,0.0,47064.25,1500555.2,0.0,5588.46,171653.91,0.00,0.00,177584.03,0.00
CZ15/Gro&0&cDXHP&Ex&dxHP_equip/NE-dxHP-SplitHP-18to33-Ex-SEER17.1/instance-out.sql,2341238.21,5588.46,167313.23,249218.65,0.0,177584.03,0.0,193911.0,3.38,0.0,0.0,0.0,47064.25,1500555.2,0.0,5588.46,167313.23,0.00,0.00,177584.03,0.00
CZ15/Gro&0&cDXHP&Ex&dxHP_equip/NE-dxHP-SplitHP-18to33-Ex-SEER18.1/instance-out.sql,2337111.65,5588.46,163186.67,249218.65,0.0,177584.03,0.0,193911.0,3.38,0.0,0.0,0.0,47064.25,1500555.2,0.0,5588.46,163186.67,0.00,0.00,177584.03,0.00
CZ15/Gro&0&cDXHP&Ex&dxHP_equip/NE-dxHP-SplitHP-33to55-Ex-SEER14.3/instance-out.sql,2357253.08,5588.46,183328.1,249218.65,0.0,177584.03,0.0,193911.0,3.38,0.0,0.0,0.0,47064.25,1500555.2,0.0,5588.46,183328.10,0.00,0.00,177584.03,0.00
CZ15/Gro&0&cDXHP&Ex&dxHP_equip/NE-dxHP-SplitHP-33to55-Ex-SEER15.2/instance-out.sql,2351008.33,5588.46,177083.35,249218.65,0.0,177584.03,0.0,193911.0,3.38,0.0,0.0,0.0,47064.25,1500555.2,0.0,5588.46,177083.35,0.00,0.00,177584.03,0.00
CZ15/Gro&0&cDXHP&Ex&dxHP_equip/NE-dxHP-SplitHP-33to55-Ex-SEER16.2/instance-out.sql,2345578.89,5588.46,171653.91,249218.65,0.0,177584.03,0.0,193911.0,3.38,0.0,0.0,0.0,47064.25,1500555.2,0.0,5588.46,171653.91,0.00,0.00,177584.03,0.00
CZ15/Gro&0&cDXHP&Ex&dxHP_equip/NE-dxHP-SplitHP-33to55-Ex-SEER17.1/instance-out.sql,2341238.21,5588.46,167313.23,249218.65,0.0,177584.03,0.0,193911.0,3.38,0.0,0.0,0.0,47064.25,1500555.2,0.0,5588.46,167313.23,0.00,0.00,177584.03,0.00
CZ15/Gro&0&cDXHP&Ex&dxHP_equip/NE-dxHP-SplitHP-33to55-Ex-SEER18.1/instance-out.sql,2337111.65,5588.46,163186.67,249218.65,0.0,177584.03,0.0,193911.0,3.38,0.0,0.0,0.0,47064.25,1500555.2,0.0,5588.46,163186.67,0.00,0.00,177584.03,0.00
CZ15/Hsp&0&cDXHP&Ex&dxHP_equip/NE-dxHP-PkgHP-18to33-Ex-SEER13.4/instance-out.sql,4946172.98,197767.98,1751262.47,856282.21,0.0,1182847.3,0.0,710503.08,47721.36,0.0,0.0,0.0,199788.57,0.0,0.0,859.26,1751262.47,196908.72,0.00,1139112.10,43735.20
CZ15/Hsp&0&cDXHP&Ex&dxHP_equip/NE-dxHP-PkgHP-18to33-Ex-SEER15.2/instance-out.sql,4925535.42,197767.98,1730624.91,856282.21,0.0,1182847.3,0.0,710503.08,47721.36,0.0,0.0,0.0,199788.57,0.0,0.0,859.26,1730624.91,196908.72,0.00,1139112.10,43735.20
CZ15/Hsp&0&cDXHP&Ex&dxHP_equip/NE-dxHP-PkgHP-18to33-Ex-SEER16.2/instance-out.sql,4917200.5,197767.98,1722290.0,856282.21,0.0,1182847.3,0.0,710503.08,47721.36,0.0,0.0,0.0,199788.57,0.0,0.0,859.26,1722290.00,196908.72,0.00,1139112.10,43735.20
CZ15/Hsp&0&cDXHP&Ex&dxHP_equip/NE-dxHP-PkgHP-18to33-Ex-SEER17.1/instance-out.sql,4910536.99,197767.98,1715626.49,856282.21,0.0,1182847.3,0.0,710503.08,47721.36,0.0,0.0,0.0,199788.57,0.0,0.0,859.26,1715626.49,196908.72,0.00,1139112.10,43735.20
CZ15/Hsp&0&cDXHP&Ex&dxHP_equip/NE-dxHP-PkgHP-18to33-Ex-SEER18.1/instance-out.sql,4904202.17,197767.98,1709291.67,856282.21,0.0,1182847.3,0.0,710503.08,47721.36,0.0,0.0,0.0,199788.57,0.0,0.0,859.26,1709291.67,196908.72,0.00,1139112.10,43735.20
CZ15/Hsp&0&cDXHP&Ex&dxHP_equip/NE-dxHP-PkgHP-33to65-Ex-SEER13.4/instance-out.sql,4946172.98,197767.98,1751262.47,856282.21,0.0,1182847.3,0.0,710503.08,47721.36,0.0,0.0,0.0,199788.57,0.0,0.0,859.26,1751262.47,196908.72,0.00,1139112.10,43735.20
CZ15/Hsp&0&cDXHP&Ex&dxHP_equip/NE-dxHP-PkgHP-33to65-Ex-SEER15.2/instance-out.sql,4925535.42,197767.98,1730624.91,856282.21,0.0,1182847.3,0.0,710503.08,47721.36,0.0,0.0,0.0,199788.57,0.0,0.0,859.26,1730624.91,196908.72,0.00,1139112.10,43735.20
CZ15/Hsp&0&cDXHP&Ex&dxHP_equip/NE-dxHP-PkgHP-33to65-Ex-SEER16.2/instance-out.sql,4917200.5,197767.98,1722290.0,856282.21,0.0,1182847.3,0.0,710503.08,47721.36,0.0,0.0,0.0,199788.57,0.0,0.0,859.26,1722290.00,196908.72,0.00,1139112.10,43735.20
CZ15/Hsp&0&cDXHP&Ex&dxHP_equip/NE-dxHP-PkgHP-33to65-Ex-SEER17.1/instance-out.sql,4910536.99,197767.98,1715626.49,856282.21,0.0,1182847.3,0.0,710503.08,47721.36,0.0,0.0,0.0,199788.57,0.0,0.0,859.26,1715626.49,196908.72,0.00,1139112.10,43735.20
CZ15/Hsp&0&cDXHP&Ex&dxHP_equip/NE-dxHP-PkgHP-33to65-Ex-SEER18.1/instance-out.sql,4904202.17,197767.98,1709291.67,856282.21,0.0,1182847.3,0.0,710503.08,47721.36,0.0,0.0,0.0,199788.57,0.0,0.0,859.26,1709291.67,196908.72,0.00,1139112.10,43735.20
CZ15/Hsp&0&cDXHP&Ex&dxHP_equip/NE-dxHP-SplitHP-18to33-Ex-SEER14.3/instance-out.sql,4935081.15,197727.18,1740211.44,856282.21,0.0,1182847.3,0.0,710503.08,47721.36,0.0,0.0,0.0,199788.57,0.0,0.0,818.46,1740211.44,196908.72,0.00,1139112.10,43735.20
CZ15/Hsp&0&cDXHP&Ex&dxHP_equip/NE-dxHP-SplitHP-18to33-Ex-SEER15.2/instance-out.sql,4925494.62,197727.18,1730624.91,856282.21,0.0,1182847.3,0.0,710503.08,47721.36,0.0,0.0,0.0,199788.57,0.0,0.0,818.46,1730624.91,196908.72,0.00,1139112.10,43735.20
CZ15/Hsp&0&cDXHP&Ex&dxHP_equip/NE-dxHP-SplitHP-18to33-Ex-SEER16.2/instance-out.sql,4917159.7,197727.18,1722290.0,856282.21,0.0,1182847.3,0.0,710503.08,47721.36,0.0,0.0,0.0,199788.57,0.0,0.0,818.46,1722290.00,196908.72,0.00,1139112.10,43735.20
CZ15/Hsp&0&cDXHP&Ex&dxHP_equip/NE-dxHP-SplitHP-18to33-Ex-SEER17.1/instance-out.sql,4910496.19,197727.18,1715626.49,856282.21,0.0,1182847.3,0.0,710503.08,47721.36,0.0,0.0,0.0,199788.57,0.0,0.0,818.46,1715626.49,196908.72,0.00,1139112.10,43735.20
CZ15/Hsp&0&cDXHP&Ex&dxHP_equip/NE-dxHP-SplitHP-18to33-Ex-SEER18.1/instance-out.sql,4904161.38,197727.18,1709291.67,856282.21,0.0,1182847.3,0.0,710503.08,47721.36,0.0,0.0,0.0,199788.57,0.0,0.0,818.46,1709291.67,196908.72,0.00,1139112.10,43735.20
CZ15/Hsp&0&cDXHP&Ex&dxHP_equip/NE-dxHP-SplitHP-33to55-Ex-SEER14.3/instance-out.sql,4935081.15,197727.18,1740211.44,856282.21,0.0,1182847.3,0.0,710503.08,47721.36,0.0,0.0,0.0,199788.57,0.0,0.0,818.46,1740211.44,196908.72,0.00,1139112.10,43735.20
CZ15/Hsp&0&cDXHP&Ex&dxHP_equip/NE-dxHP-SplitHP-33to55-Ex-SEER15.2/instance-out.sql,4925494.62,197727.18,1730624.91,856282.21,0.0,1182847.3,0.0,710503.08,47721.36,0.0,0.0,0.0,199788.57,0.0,0.0,818.46,1730624.91,196908.72,0.00,1139112.10,43735.20
CZ15/Hsp&0&cDXHP&Ex&dxHP_equip/NE-dxHP-SplitHP-33to55-Ex-SEER16.2/instance-out.sql,4917159.7,197727.18,1722290.0,856282.21,0.0,1182847.3,0.0,710503.08,47721.36,0.0,0.0,0.0,199788.57,0.0,0.0,818.46,1722290.00,196908.72,0.00,1139112.10,43735.20
CZ15/Hsp&0&cDXHP&Ex&dxHP_equip/NE-dxHP-SplitHP-33to55-Ex-SEER17.1/instance-out.sql,4910496.19,197727.18,1715626.49,856282.21,0.0,1182847.3,0.0,710503.08,47721.36,0.0,0.0,0.0,199788.57,0.0,0.0,818.46,1715626.49,196908.72,0.00,1139112.10,43735.20
CZ15/Hsp&0&cDXHP&Ex&dxHP_equip/NE-dxHP-SplitHP-33to55-Ex-SEER18.1/instance-out.sql,4904161.38,197727.18,1709291.67,856282.21,0.0,1182847.3,0.0,710503.08,47721.36,0.0,0.0,0.0,199788.57,0.0,0.0,818.46,1709291.67,196908.72,0.00,1139112.10,43735.20
CZ15/MBT&0&cDXHP&Ex&dxHP_equip/NE-dxHP-PkgHP-18to33-Ex-SEER13.4/instance-out.sql,6397623.07,783692.5700000001,1509827.12,709539.71,0.0,2167645.51,0.0,1093262.43,743.61,0.0,0.0,0.0,132912.11,0.0,0.0,2492.68,1509827.12,781199.89,0.00,1394057.91,773587.60
CZ15/MBT&0&cDXHP&Ex&dxHP_equip/NE-dxHP-PkgHP-18to33-Ex-SEER15.2/instance-out.sql,6368941.010000001,783692.5700000001,1481145.06,709539.71,0.0,2167645.51,0.0,1093262.43,743.61,0.0,0.0,0.0,132912.11,0.0,0.0,2492.68,1481145.06,781199.89,0.00,1394057.91,773587.60
CZ15/MBT&0&cDXHP&Ex&dxHP_equip/NE-dxHP-PkgHP-18to33-Ex-SEER16.2/instance-out.sql,6357357.16,783692.5700000001,1469561.21,709539.71,0.0,2167645.51,0.0,1093262.43,743.61,0.0,0.0,0.0,132912.11,0.0,0.0,2492.68,1469561.21,781199.89,0.00,1394057.91,773587.60
CZ15/MBT&0&cDXHP&Ex&dxHP_equip/NE-dxHP-PkgHP-18to33-Ex-SEER17.1/instance-out.sql,6348096.220000001,783692.5700000001,1460300.27,709539.71,0.0,2167645.51,0.0,1093262.43,743.61,0.0,0.0,0.0,132912.11,0.0,0.0,2492.68,1460300.27,781199.89,0.00,1394057.91,773587.60
CZ15/MBT&0&cDXHP&Ex&dxHP_equip/NE-dxHP-PkgHP-18to33-Ex-SEER18.1/instance-out.sql,6339292.100000001,783692.5700000001,1451496.15,709539.71,0.0,2167645.51,0.0,1093262.43,743.61,0.0,0.0,0.0,132912.11,0.0,0.0,2492.68,1451496.15,781199.89,0.00,1394057.91,773587.60
CZ15/MBT&0&cDXHP&Ex&dxHP_equip/NE-dxHP-PkgHP-33to65-Ex-SEER13.4/instance-out.sql,6397623.07,783692.5700000001,1509827.12,709539.71,0.0,2167645.51,0.0,1093262.43,743.61,0.0,0.0,0.0,132912.11,0.0,0.0,2492.68,1509827.12,781199.89,0.00,1394057.91,773587.60
CZ15/MBT&0&cDXHP&Ex&dxHP_equip/NE-dxHP-PkgHP-33to65-Ex-SEER15.2/instance-out.sql,6368941.010000001,783692.5700000001,1481145.06,709539.71,0.0,2167645.51,0.0,1093262.43,743.61,0.0,0.0,0.0,132912.11,0.0,0.0,2492.68,1481145.06,781199.89,0.00,1394057.91,773587.60
CZ15/MBT&0&cDXHP&Ex&dxHP_equip/NE-dxHP-PkgHP-33to65-Ex-SEER16.2/instance-out.sql,6357357.16,783692.5700000001,1469561.21,709539.71,0.0,2167645.51,0.0,1093262.43,743.61,0.0,0.0,0.0,132912.11,0.0,0.0,2492.68,1469561.21,781199.89,0.00,1394057.91,773587.60
CZ15/MBT&0&cDXHP&Ex&dxHP_equip/NE-dxHP-PkgHP-33to65-Ex-SEER17.1/instance-out.sql,6348096.220000001,783692.5700000001,1460300.27,709539.71,0.0,2167645.51,0.0,1093262.43,743.61,0.0,0.0,0.0,132912.11,0.0,0.0,2492.68,1460300.27,781199.89,0.00,1394057.91,773587.60
CZ15/MBT&0&cDXHP&Ex&dxHP_equip/NE-dxHP-PkgHP-33to65-Ex-SEER18.1/instance-out.sql,6339292.100000001,783692.5700000001,1451496.15,709539.71,0.0,2167645.51,0.0,1093262.43,743.61,0.0,0.0,0.0,132912.11,0.0,0.0,2492.68,1451496.15,781199.89,0.00,1394057.91,773587.60
CZ15/MBT&0&cDXHP&Ex&dxHP_equip/NE-dxHP-SplitHP-18to33-Ex-SEER14.3/instance-out.sql,6382142.49,783570.71,1494468.4,709539.71,0.0,2167645.51,0.0,1093262.43,743.61,0.0,0.0,0.0,132912.11,0.0,0.0,2370.82,1494468.40,781199.89,0.00,1394057.91,773587.60
CZ15/MBT&0&cDXHP&Ex&dxHP_equip/NE-dxHP-SplitHP-18to33-Ex-SEER15.2/instance-out.sql,6368819.15,783570.71,1481145.06,709539.71,0.0,2167645.51,0.0,1093262.43,743.61,0.0,0.0,0.0,132912.11,0.0,0.0,2370.82,1481145.06,781199.89,0.00,1394057.91,773587.60
CZ15/MBT&0&cDXHP&Ex&dxHP_equip/NE-dxHP-SplitHP-18to33-Ex-SEER16.2/instance-out.sql,6357235.300000001,783570.71,1469561.21,709539.71,0.0,2167645.51,0.0,1093262.43,743.61,0.0,0.0,0.0,132912.11,0.0,0.0,2370.82,1469561.21,781199.89,0.00,1394057.91,773587.60
CZ15/MBT&0&cDXHP&Ex&dxHP_equip/NE-dxHP-SplitHP-18to33-Ex-SEER17.1/instance-out.sql,6347974.36,783570.71,1460300.27,709539.71,0.0,2167645.51,0.0,1093262.43,743.61,0.0,0.0,0.0,132912.11,0.0,0.0,2370.82,1460300.27,781199.89,0.00,1394057.91,773587.60
CZ15/MBT&0&cDXHP&Ex&dxHP_equip/NE-dxHP-SplitHP-18to33-Ex-SEER18.1/instance-out.sql,6339170.24,783570.71,1451496.15,709539.71,0.0,2167645.51,0.0,1093262.43,743.61,0.0,0.0,0.0,132912.11,0.0,0.0,2370.82,1451496.15,781199.89,0.00,1394057.91,773587.60
CZ15/MBT&0&cDXHP&Ex&dxHP_equip/NE-dxHP-SplitHP-33to55-Ex-SEER14.3/instance-out.sql,6382142.49,783570.71,1494468.4,709539.71,0.0,2167645.51,0.0,1093262.43,743.61,0.0,0.0,0.0,132912.11,0.0,0.0,2370.82,1494468.40,781199.89,0.00,1394057.91,773587.60
CZ15/MBT&0&cDXHP&Ex&dxHP_equip/NE-dxHP-SplitHP-33to55-Ex-SEER15.2/instance-out.sql,6368819.15,783570.71,1481145.06,709539.71,0.0,2167645.51,0.0,1093262.43,743.61,0.0,0.0,0.0,132912.11,0.0,0.0,2370.82,1481145.06,781199.89,0.00,1394057.91,773587.60
CZ15/MBT&0&cDXHP&Ex&dxHP_equip/NE-dxHP-SplitHP-33to55-Ex-SEER16.2/instance-out.sql,6357235.300000001,783570.71,1469561.21,709539.71,0.0,2167645.51,0.0,1093262.43,743.61,0.0,0.0,0.0,132912.11,0.0,0.0,2370.82,1469561.21,781199.89,0.00,1394057.91,773587.60
CZ15/MBT&0&cDXHP&Ex&dxHP_equip/NE-dxHP-SplitHP-33to55-Ex-SEER17.1/instance-out.sql,6347974.36,783570.71,1460300.27,709539.71,0.0,2167645.51,0.0,1093262.43,743.61,0.0,0.0,0.0,132912.11,0.0,0.0,2370.82,1460300.27,781199.89,0.00,1394057.91,773587.60
CZ15/MBT&0&cDXHP&Ex&dxHP_equip/NE-dxHP-SplitHP-33to55-Ex-SEER18.1/instance-out.sql,6339170.24,783570.71,1451496.15,709539.71,0.0,2167645.51,0.0,1093262.43,743.61,0.0,0.0,0.0,132912.11,0.0,0.0,2370.82,1451496.15,781199.89,0.00,1394057.91,773587.60
CZ15/MLI&0&cDXHP&Ex&dxHP_equip/NE-dxHP-PkgHP-18to33-Ex-SEER13.4/instance-out.sql,1289214.92,4474.82,377915.88,283149.19,0.0,239893.0,0.0,345778.95,3.37,0.0,0.0,0.0,37999.71,0.0,0.0,4474.82,377915.88,0.00,0.00,239893.00,0.00
CZ15/MLI&0&cDXHP&Ex&dxHP_equip/NE-dxHP-PkgHP-18to33-Ex-SEER15.2/instance-out.sql,1262549.32,4474.82,351250.28,283149.19,0.0,239893.0,0.0,345778.95,3.37,0.0,0.0,0.0,37999.71,0.0,0.0,4474.82,351250.28,0.00,0.00,239893.00,0.00
CZ15/MLI&0&cDXHP&Ex&dxHP_equip/NE-dxHP-PkgHP-18to33-Ex-SEER16.2/instance-out.sql,1251779.8499999999,4474.82,340480.81,283149.19,0.0,239893.0,0.0,345778.95,3.37,0.0,0.0,0.0,37999.71,0.0,0.0,4474.82,340480.81,0.00,0.00,239893.00,0.00
CZ15/MLI&0&cDXHP&Ex&dxHP_equip/NE-dxHP-PkgHP-18to33-Ex-SEER17.1/instance-out.sql,1243169.99,4474.82,331870.96,283149.19,0.0,239893.0,0.0,345778.95,3.37,0.0,0.0,0.0,37999.71,0.0,0.0,4474.82,331870.96,0.00,0.00,239893.00,0.00
CZ15/MLI&0&cDXHP&Ex&dxHP_equip/NE-dxHP-PkgHP-18to33-Ex-SEER18.1/instance-out.sql,1234984.8399999999,4474.82,323685.8,283149.19,0.0,239893.0,0.0,345778.95,3.37,0.0,0.0,0.0,37999.71,0.0,0.0,4474.82,323685.80,0.00,0.00,239893.00,0.00
CZ15/MLI&0&cDXHP&Ex&dxHP_equip/NE-dxHP-PkgHP-33to65-Ex-SEER13.4/instance-out.sql,1289214.92,4474.82,377915.88,283149.19,0.0,239893.0,0.0,345778.95,3.37,0.0,0.0,0.0,37999.71,0.0,0.0,4474.82,377915.88,0.00,0.00,239893.00,0.00
CZ15/MLI&0&cDXHP&Ex&dxHP_equip/NE-dxHP-PkgHP-33to65-Ex-SEER15.2/instance-out.sql,1262549.32,4474.82,351250.28,283149.19,0.0,239893.0,0.0,345778.95,3.37,0.0,0.0,0.0,37999.71,0.0,0.0,4474.82,351250.28,0.00,0.00,239893.00,0.00
CZ15/MLI&0&cDXHP&Ex&dxHP_equip/NE-dxHP-PkgHP-33to65-Ex-SEER16.2/instance-out.sql,1251779.8499999999,4474.82,340480.81,283149.19,0.0,239893.0,0.0,345778.95,3.37,0.0,0.0,0.0,37999.71,0.0,0.0,4474.82,340480.81,0.00,0.00,239893.00,0.00
CZ15/MLI&0&cDXHP&Ex&dxHP_equip/NE-dxHP-PkgHP-33to65-Ex-SEER17.1/instance-out.sql,1243169.99,4474.82,331870.96,283149.19,0.0,239893.0,0.0,345778.95,3.37,0.0,0.0,0.0,37999.71,0.0,0.0,4474.82,331870.96,0.00,0.00,239893.00,0.00
CZ15/MLI&0&cDXHP&Ex&dxHP_equip/NE-dxHP-PkgHP-33to65-Ex-SEER18.1/instance-out.sql,1234984.8399999999,4474.82,323685.8,283149.19,0.0,239893.0,0.0,345778.95,3.37,0.0,0.0,0.0,37999.71,0.0,0.0,4474.82,323685.80,0.00,0.00,239893.00,0.00
CZ15/MLI&0&cDXHP&Ex&dxHP_equip/NE-dxHP-SplitHP-18to33-Ex-SEER14.3/instance-out.sql,1274716.2,4255.04,363636.94,283149.19,0.0,239893.0,0.0,345778.95,3.37,0.0,0.0,0.0,37999.71,0.0,0.0,4255.04,363636.94,0.00,0.00,239893.00,0.00
CZ15/MLI&0&cDXHP&Ex&dxHP_equip/NE-dxHP-SplitHP-18to33-Ex-SEER15.2/instance-out.sql,1262329.54,4255.04,351250.28,283149.19,0.0,239893.0,0.0,345778.95,3.37,0.0,0.0,0.0,37999.71,0.0,0.0,4255.04,351250.28,0.00,0.00,239893.00,0.00
CZ15/MLI&0&cDXHP&Ex&dxHP_equip/NE-dxHP-SplitHP-18to33-Ex-SEER16.2/instance-out.sql,1251560.07,4255.04,340480.81,283149.19,0.0,239893.0,0.0,345778.95,3.37,0.0,0.0,0.0,37999.71,0.0,0.0,4255.04,340480.81,0.00,0.00,239893.00,0.00
CZ15/MLI&0&cDXHP&Ex&dxHP_equip/NE-dxHP-SplitHP-18to33-Ex-SEER17.1/instance-out.sql,1242950.21,4255.04,331870.96,283149.19,0.0,239893.0,0.0,345778.95,3.37,0.0,0.0,0.0,37999.71,0.0,0.0,4255.04,331870.96,0.00,0.00,239893.00,0.00
CZ15/MLI&0&cDXHP&Ex&dxHP_equip/NE-dxHP-SplitHP-18to33-Ex-SEER18.1/instance-out.sql,1234765.05,4255.04,323685.8,283149.19,0.0,239893.0,0.0,345778.95,3.37,0.0,0.0,0.0,37999.71,0.0,0.0,4255.04,323685.80,0.00,0.00,239893.00,0.00
CZ15/MLI&0&cDXHP&Ex&dxHP_equip/NE-dxHP-SplitHP-33to55-Ex-SEER14.3/instance-out.sql,1274716.2,4255.04,363636.94,283149.19,0.0,239893.0,0.0,345778.95,3.37,0.0,0.0,0.0,37999.71,0.0,0.0,4255.04,363636.94,0.00,0.00,239893.00,0.00
CZ15/MLI&0&cDXHP&Ex&dxHP_equip/NE-dxHP-SplitHP-33to55-Ex-SEER15.2/instance-out.sql,1262329.54,4255.04,351250.28,283149.19,0.0,239893.0,0.0,345778.95,3.37,0.0,0.0,0.0,37999.71,0.0,0.0,4255.04,351250.28,0.00,0.00,239893.00,0.00
CZ15/MLI&0&cDXHP&Ex&dxHP_equip/NE-dxHP-SplitHP-33to55-Ex-SEER16.2/instance-out.sql,1251560.07,4255.04,340480.81,283149.19,0.0,239893.0,0.0,345778.95,3.37,0.0,0.0,0.0,37999.71,0.0,0.0,4255.04,340480.81,0.00,0.00,239893.00,0.00
CZ15/MLI&0&cDXHP&Ex&dxHP_equip/NE-dxHP-SplitHP-33to55-Ex-SEER17.1/instance-out.sql,1242950.21,4255.04,331870.96,283149.19,0.0,239893.0,0.0,345778.95,3.37,0.0,0.0,0.0,37999.71,0.0,0.0,4255.04,331870.96,0.00,0.00,239893.00,0.00
CZ15/MLI&0&cDXHP&Ex&dxHP_equip/NE-dxHP-SplitHP-33to55-Ex-SEER18.1/instance-out.sql,1234765.05,4255.04,323685.8,283149.19,0.0,239893.0,0.0,345778.95,3.37,0.0,0.0,0.0,37999.71,0.0,0.0,4255.04,323685.80,0.00,0.00,239893.00,0.00
CZ15/Mtl&0&cDXHP&Ex&dxHP_equip/NE-dxHP-PkgHP-18to33-Ex-SEER13.4/instance-out.sql,241945.22,623.36,93932.03,51285.47,0.0,22443.33,0.0,66219.11,3.36,0.0,0.0,0.0,7438.56,0.0,0.0,623.36,93932.03,0.00,0.00,22191.36,251.97
CZ15/Mtl&0&cDXHP&Ex&dxHP_equip/NE-dxHP-PkgHP-18to33-Ex-SEER15.2/instance-out.sql,236798.34,623.36,88785.14,51285.47,0.0,22443.33,0.0,66219.11,3.36,0.0,0.0,0.0,7438.56,0.0,0.0,623.36,88785.14,0.00,0.00,22191.36,251.97
CZ15/Mtl&0&cDXHP&Ex&dxHP_equip/NE-dxHP-PkgHP-18to33-Ex-SEER16.2/instance-out.sql,234719.66,623.36,86706.46,51285.47,0.0,22443.33,0.0,66219.11,3.36,0.0,0.0,0.0,7438.56,0.0,0.0,623.36,86706.46,0.00,0.00,22191.36,251.97
CZ15/Mtl&0&cDXHP&Ex&dxHP_equip/NE-dxHP-PkgHP-18to33-Ex-SEER17.1/instance-out.sql,233057.82,623.36,85044.62,51285.47,0.0,22443.33,0.0,66219.11,3.36,0.0,0.0,0.0,7438.56,0.0,0.0,623.36,85044.62,0.00,0.00,22191.36,251.97
CZ15/Mtl&0&cDXHP&Ex&dxHP_equip/NE-dxHP-PkgHP-18to33-Ex-SEER18.1/instance-out.sql,231477.95,623.36,83464.76,51285.47,0.0,22443.33,0.0,66219.11,3.36,0.0,0.0,0.0,7438.56,0.0,0.0,623.36,83464.76,0.00,0.00,22191.36,251.97
CZ15/Mtl&0&cDXHP&Ex&dxHP_equip/NE-dxHP-PkgHP-33to65-Ex-SEER13.4/instance-out.sql,241945.22,623.36,93932.03,51285.47,0.0,22443.33,0.0,66219.11,3.36,0.0,0.0,0.0,7438.56,0.0,0.0,623.36,93932.03,0.00,0.00,22191.36,251.97
CZ15/Mtl&0&cDXHP&Ex&dxHP_equip/NE-dxHP-PkgHP-33to65-Ex-SEER15.2/instance-out.sql,236798.34,623.36,88785.14,51285.47,0.0,22443.33,0.0,66219.11,3.36,0.0,0.0,0.0,7438.56,0.0,0.0,623.36,88785.14,0.00,0.00,22191.36,251.97
CZ15/Mtl&0&cDXHP&Ex&dxHP_equip/NE-dxHP-PkgHP-33to65-Ex-SEER16.2/instance-out.sql,234719.66,623.36,86706.46,51285.47,0.0,22443.33,0.0,66219.11,3.36,0.0,0.0,0.0,7438.56,0.0,0.0,623.36,86706.46,0.00,0.00,22191.36,251.97
CZ15/Mtl&0&cDXHP&Ex&dxHP_equip/NE-dxHP-PkgHP-33to65-Ex-SEER17.1/instance-out.sql,233057.82,623.36,85044.62,51285.47,0.0,22443.33,0.0,66219.11,3.36,0.0,0.0,0.0,7438.56,0.0,0.0,623.36,85044.62,0.00,0.00,22191.36,251.97
CZ15/Mtl&0&cDXHP&Ex&dxHP_equip/NE-dxHP-PkgHP-33to65-Ex-SEER18.1/instance-out.sql,231477.95,623.36,83464.76,51285.47,0.0,22443.33,0.0,66219.11,3.36,0.0,0.0,0.0,7438.56,0.0,0.0,623.36,83464.76,0.00,0.00,22191.36,251.97
CZ15/Mtl&0&cDXHP&Ex&dxHP_equip/NE-dxHP-SplitHP-18to33-Ex-SEER14.3/instance-out.sql,239160.38999999998,594.59,91175.97,51285.47,0.0,22443.33,0.0,66219.11,3.36,0.0,0.0,0.0,7438.56,0.0,0.0,594.59,91175.97,0.00,0.00,22191.36,251.97
CZ15/Mtl&0&cDXHP&Ex&dxHP_equip/NE-dxHP-SplitHP-18to33-Ex-SEER15.2/instance-out.sql,236769.57,594.59,88785.14,51285.47,0.0,22443.33,0.0,66219.11,3.36,0.0,0.0,0.0,7438.56,0.0,0.0,594.59,88785.14,0.00,0.00,22191.36,251.97
CZ15/Mtl&0&cDXHP&Ex&dxHP_equip/NE-dxHP-SplitHP-18to33-Ex-SEER16.2/instance-out.sql,234690.88999999998,594.59,86706.46,51285.47,0.0,22443.33,0.0,66219.11,3.36,0.0,0.0,0.0,7438.56,0.0,0.0,594.59,86706.46,0.00,0.00,22191.36,251.97
CZ15/Mtl&0&cDXHP&Ex&dxHP_equip/NE-dxHP-SplitHP-18to33-Ex-SEER17.1/instance-out.sql,233029.05,594.59,85044.62,51285.47,0.0,22443.33,0.0,66219.11,3.36,0.0,0.0,0.0,7438.56,0.0,0.0,594.59,85044.62,0.00,0.00,22191.36,251.97
CZ15/Mtl&0&cDXHP&Ex&dxHP_equip/NE-dxHP-SplitHP-18to33-Ex-SEER18.1/instance-out.sql,231449.18,594.59,83464.76,51285.47,0.0,22443.33,0.0,66219.11,3.36,0.0,0.0,0.0,7438.56,0.0,0.0,594.59,83464.76,0.00,0.00,22191.36,251.97
CZ15/Mtl&0&cDXHP&Ex&dxHP_equip/NE-dxHP-SplitHP-33to55-Ex-SEER14.3/instance-out.sql,239160.38999999998,594.59,91175.97,51285.47,0.0,22443.33,0.0,66219.11,3.36,0.0,0.0,0.0,7438.56,0.0,0.0,594.59,91175.97,0.00,0.00,22191.36,251.97
CZ15/Mtl&0&cDXHP&Ex&dxHP_equip/NE-dxHP-SplitHP-33to55-Ex-SEER15.2/instance-out.sql,236769.57,594.59,88785.14,51285.47,0.0,22443.33,0.0,66219.11,3.36,0.0,0.0,0.0,7438.56,0.0,0.0,594.59,88785.14,0.00,0.00,22191.36,251.97
CZ15/Mtl&0&cDXHP&Ex&dxHP_equip/NE-dxHP-SplitHP-33to55-Ex-SEER16.2/instance-out.sql,234690.88999999998,594.59,86706.46,51285.47,0.0,22443.33,0.0,66219.11,3.36,0.0,0.0,0.0,7438.56,0.0,0.0,594.59,86706.46,0.00,0.00,22191.36,251.97
CZ15/Mtl&0&cDXHP&Ex&dxHP_equip/NE-dxHP-SplitHP-33to55-Ex-SEER17.1/instance-out.sql,233029.05,594.59,85044.62,51285.47,0.0,22443.33,0.0,66219.11,3.36,0.0,0.0,0.0,7438.56,0.0,0.0,594.59,85044.62,0.00,0.00,22191.36,251.97
CZ15/Mtl&0&cDXHP&Ex&dxHP_equip/NE-dxHP-SplitHP-33to55-Ex-SEER18.1/instance-out.sql,231449.18,594.59,83464.76,51285.47,0.0,22443.33,0.0,66219.11,3.36,0.0,0.0,0.0,7438.56,0.0,0.0,594.59,83464.76,0.00,0.00,22191.36,251.97
CZ15/Nrs&0&cDXHP&Ex&dxHP_equip/NE-dxHP-PkgHP-18to33-Ex-SEER13.4/instance-out.sql,1231763.8499999999,55037.09,332218.09,200868.06,0.0,347425.87,0.0,206868.53,76.38,0.0,0.0,0.0,89269.83,0.0,0.0,823.92,332218.09,54213.17,0.00,281574.59,65851.28
CZ15/Nrs&0&cDXHP&Ex&dxHP_equip/NE-dxHP-PkgHP-18to33-Ex-SEER15.2/instance-out.sql,1222451.69,55037.09,322905.93,200868.06,0.0,347425.87,0.0,206868.53,76.38,0.0,0.0,0.0,89269.83,0.0,0.0,823.92,322905.93,54213.17,0.00,281574.59,65851.28
CZ15/Nrs&0&cDXHP&Ex&dxHP_equip/NE-dxHP-PkgHP-18to33-Ex-SEER16.2/instance-out.sql,1218690.77,55037.09,319145.01,200868.06,0.0,347425.87,0.0,206868.53,76.38,0.0,0.0,0.0,89269.83,0.0,0.0,823.92,319145.01,54213.17,0.00,281574.59,65851.28
CZ15/Nrs&0&cDXHP&Ex&dxHP_equip/NE-dxHP-PkgHP-18to33-Ex-SEER17.1/instance-out.sql,1215684.03,55037.09,316138.27,200868.06,0.0,347425.87,0.0,206868.53,76.38,0.0,0.0,0.0,89269.83,0.0,0.0,823.92,316138.27,54213.17,0.00,281574.59,65851.28
CZ15/Nrs&0&cDXHP&Ex&dxHP_equip/NE-dxHP-PkgHP-18to33-Ex-SEER18.1/instance-out.sql,1212825.6099999999,55037.09,313279.85,200868.06,0.0,347425.87,0.0,206868.53,76.38,0.0,0.0,0.0,89269.83,0.0,0.0,823.92,313279.85,54213.17,0.00,281574.59,65851.28
CZ15/Nrs&0&cDXHP&Ex&dxHP_equip/NE-dxHP-PkgHP-33to65-Ex-SEER13.4/instance-out.sql,1231763.8499999999,55037.09,332218.09,200868.06,0.0,347425.87,0.0,206868.53,76.38,0.0,0.0,0.0,89269.83,0.0,0.0,823.92,332218.09,54213.17,0.00,281574.59,65851.28
CZ15/Nrs&0&cDXHP&Ex&dxHP_equip/NE-dxHP-PkgHP-33to65-Ex-SEER15.2/instance-out.sql,1222451.69,55037.09,322905.93,200868.06,0.0,347425.87,0.0,206868.53,76.38,0.0,0.0,0.0,89269.83,0.0,0.0,823.92,322905.93,54213.17,0.00,281574.59,65851.28
CZ15/Nrs&0&cDXHP&Ex&dxHP_equip/NE-dxHP-PkgHP-33to65-Ex-SEER16.2/instance-out.sql,1218690.77,55037.09,319145.01,200868.06,0.0,347425.87,0.0,206868.53,76.38,0.0,0.0,0.0,89269.83,0.0,0.0,823.92,319145.01,54213.17,0.00,281574.59,65851.28
CZ15/Nrs&0&cDXHP&Ex&dxHP_equip/NE-dxHP-PkgHP-33to65-Ex-SEER17.1/instance-out.sql,1215684.03,55037.09,316138.27,200868.06,0.0,347425.87,0.0,206868.53,76.38,0.0,0.0,0.0,89269.83,0.0,0.0,823.92,316138.27,54213.17,0.00,281574.59,65851.28
CZ15/Nrs&0&cDXHP&Ex&dxHP_equip/NE-dxHP-PkgHP-33to65-Ex-SEER18.1/instance-out.sql,1212825.6099999999,55037.09,313279.85,200868.06,0.0,347425.87,0.0,206868.53,76.38,0.0,0.0,0.0,89269.83,0.0,0.0,823.92,313279.85,54213.17,0.00,281574.59,65851.28
CZ15/Nrs&0&cDXHP&Ex&dxHP_equip/NE-dxHP-SplitHP-18to33-Ex-SEER14.3/instance-out.sql,1226737.89,54997.63,327231.6,200868.06,0.0,347425.87,0.0,206868.53,76.38,0.0,0.0,0.0,89269.83,0.0,0.0,784.46,327231.60,54213.17,0.00,281574.59,65851.28
CZ15/Nrs&0&cDXHP&Ex&dxHP_equip/NE-dxHP-SplitHP-18to33-Ex-SEER15.2/instance-out.sql,1222412.22,54997.63,322905.93,200868.06,0.0,347425.87,0.0,206868.53,76.38,0.0,0.0,0.0,89269.83,0.0,0.0,784.46,322905.93,54213.17,0.00,281574.59,65851.28
CZ15/Nrs&0&cDXHP&Ex&dxHP_equip/NE-dxHP-SplitHP-18to33-Ex-SEER16.2/instance-out.sql,1218651.3,54997.63,319145.01,200868.06,0.0,347425.87,0.0,206868.53,76.38,0.0,0.0,0.0,89269.83,0.0,0.0,784.46,319145.01,54213.17,0.00,281574.59,65851.28
CZ15/Nrs&0&cDXHP&Ex&dxHP_equip/NE-dxHP-SplitHP-18to33-Ex-SEER17.1/instance-out.sql,1215644.57,54997.63,316138.27,200868.06,0.0,347425.87,0.0,206868.53,76.38,0.0,0.0,0.0,89269.83,0.0,0.0,784.46,316138.27,54213.17,0.00,281574.59,65851.28
CZ15/Nrs&0&cDXHP&Ex&dxHP_equip/NE-dxHP-SplitHP-18to33-Ex-SEER18.1/instance-out.sql,1212786.14,54997.63,313279.85,200868.06,0.0,347425.87,0.0,206868.53,76.38,0.0,0.0,0.0,89269.83,0.0,0.0,784.46,313279.85,54213.17,0.00,281574.59,65851.28
CZ15/Nrs&0&cDXHP&Ex&dxHP_equip/NE-dxHP-SplitHP-33to55-Ex-SEER14.3/instance-out.sql,1226737.89,54997.63,327231.6,200868.06,0.0,347425.87,0.0,206868.53,76.38,0.0,0.0,0.0,89269.83,0.0,0.0,784.46,327231.60,54213.17,0.00,281574.59,65851.28
CZ15/Nrs&0&cDXHP&Ex&dxHP_equip/NE-dxHP-SplitHP-33to55-Ex-SEER15.2/instance-out.sql,1222412.22,54997.63,322905.93,200868.06,0.0,347425.87,0.0,206868.53,76.38,0.0,0.0,0.0,89269.83,0.0,0.0,784.46,322905.93,54213.17,0.00,281574.59,65851.28
CZ15/Nrs&0&cDXHP&Ex&dxHP_equip/NE-dxHP-SplitHP-33to55-Ex-SEER16.2/instance-out.sql,1218651.3,54997.63,319145.01,200868.06,0.0,347425.87,0.0,206868.53,76.38,0.0,0.0,0.0,89269.83,0.0,0.0,784.46,319145.01,54213.17,0.00,281574.59,65851.28
CZ15/Nrs&0&cDXHP&Ex&dxHP_equip/NE-dxHP-SplitHP-33to55-Ex-SEER17.1/instance-out.sql,1215644.57,54997.63,316138.27,200868.06,0.0,347425.87,0.0,206868.53,76.38,0.0,0.0,0.0,89269.83,0.0,0.0,784.46,316138.27,54213.17,0.00,281574.59,65851.28
CZ15/Nrs&0&cDXHP&Ex&dxHP_equip/NE-dxHP-SplitHP-33to55-Ex-SEER18.1/instance-out.sql,1212786.14,54997.63,313279.85,200868.06,0.0,347425.87,0.0,206868.53,76.38,0.0,0.0,0.0,89269.83,0.0,0.0,784.46,313279.85,54213.17,0.00,281574.59,65851.28
CZ15/OfL&0&cDXHP&Ex&dxHP_equip/NE-dxHP-PkgHP-18to33-Ex-SEER13.4/instance-out.sql,3357690.3600000003,19159.44,1021769.39,462712.61,0.0,829334.66,0.0,927423.12,5476.62,0.0,0.0,0.0,91814.51,0.0,0.0,1226.53,1021769.39,17932.91,0.00,829334.66,0.00
CZ15/OfL&0&cDXHP&Ex&dxHP_equip/NE-dxHP-PkgHP-18to33-Ex-SEER15.2/instance-out.sql,3302962.5300000003,19159.44,967041.57,462712.61,0.0,829334.66,0.0,927423.12,5476.62,0.0,0.0,0.0,91814.51,0.0,0.0,1226.53,967041.57,17932.91,0.00,829334.66,0.00
CZ15/OfL&0&cDXHP&Ex&dxHP_equip/NE-dxHP-PkgHP-18to33-Ex-SEER16.2/instance-out.sql,3280859.54,19159.44,944938.58,462712.61,0.0,829334.66,0.0,927423.12,5476.62,0.0,0.0,0.0,91814.51,0.0,0.0,1226.53,944938.58,17932.91,0.00,829334.66,0.00
CZ15/OfL&0&cDXHP&Ex&dxHP_equip/NE-dxHP-PkgHP-18to33-Ex-SEER17.1/instance-out.sql,3263188.8800000004,19159.44,927267.91,462712.61,0.0,829334.66,0.0,927423.12,5476.62,0.0,0.0,0.0,91814.51,0.0,0.0,1226.53,927267.91,17932.91,0.00,829334.66,0.00
CZ15/OfL&0&cDXHP&Ex&dxHP_equip/NE-dxHP-PkgHP-18to33-Ex-SEER18.1/instance-out.sql,3246389.8600000003,19159.44,910468.89,462712.61,0.0,829334.66,0.0,927423.12,5476.62,0.0,0.0,0.0,91814.51,0.0,0.0,1226.53,910468.89,17932.91,0.00,829334.66,0.00
CZ15/OfL&0&cDXHP&Ex&dxHP_equip/NE-dxHP-PkgHP-33to65-Ex-SEER13.4/instance-out.sql,3357690.3600000003,19159.44,1021769.39,462712.61,0.0,829334.66,0.0,927423.12,5476.62,0.0,0.0,0.0,91814.51,0.0,0.0,1226.53,1021769.39,17932.91,0.00,829334.66,0.00
CZ15/OfL&0&cDXHP&Ex&dxHP_equip/NE-dxHP-PkgHP-33to65-Ex-SEER15.2/instance-out.sql,3302962.5300000003,19159.44,967041.57,462712.61,0.0,829334.66,0.0,927423.12,5476.62,0.0,0.0,0.0,91814.51,0.0,0.0,1226.53,967041.57,17932.91,0.00,829334.66,0.00
CZ15/OfL&0&cDXHP&Ex&dxHP_equip/NE-dxHP-PkgHP-33to65-Ex-SEER16.2/instance-out.sql,3280859.54,19159.44,944938.58,462712.61,0.0,829334.66,0.0,927423.12,5476.62,0.0,0.0,0.0,91814.51,0.0,0.0,1226.53,944938.58,17932.91,0.00,829334.66,0.00
CZ15/OfL&0&cDXHP&Ex&dxHP_equip/NE-dxHP-PkgHP-33to65-Ex-SEER17.1/instance-out.sql,3263188.8800000004,19159.44,927267.91,462712.61,0.0,829334.66,0.0,927423.12,5476.62,0.0,0.0,0.0,91814.51,0.0,0.0,1226.53,927267.91,17932.91,0.00,829334.66,0.00
CZ15/OfL&0&cDXHP&Ex&dxHP_equip/NE-dxHP-PkgHP-33to65-Ex-SEER18.1/instance-out.sql,3246389.8600000003,19159.44,910468.89,462712.61,0.0,829334.66,0.0,927423.12,5476.62,0.0,0.0,0.0,91814.51,0.0,0.0,1226.53,910468.89,17932.91,0.00,829334.66,0.00
CZ15/OfL&0&cDXHP&Ex&dxHP_equip/NE-dxHP-SplitHP-18to33-Ex-SEER14.3/instance-out.sql,3328326.02,19100.85,992463.64,462712.61,0.0,829334.66,0.0,927423.12,5476.62,0.0,0.0,0.0,91814.51,0.0,0.0,1167.94,992463.64,17932.91,0.00,829334.66,0.00
CZ15/OfL&0&cDXHP&Ex&dxHP_equip/NE-dxHP-SplitHP-18to33-Ex-SEER15.2/instance-out.sql,3302903.94,19100.85,967041.57,462712.61,0.0,829334.66,0.0,927423.12,5476.62,0.0,0.0,0.0,91814.51,0.0,0.0,1167.94,967041.57,17932.91,0.00,829334.66,0.00
CZ15/OfL&0&cDXHP&Ex&dxHP_equip/NE-dxHP-SplitHP-18to33-Ex-SEER16.2/instance-out.sql,3280800.95,19100.85,944938.58,462712.61,0.0,829334.66,0.0,927423.12,5476.62,0.0,0.0,0.0,91814.51,0.0,0.0,1167.94,944938.58,17932.91,0.00,829334.66,0.00
CZ15/OfL&0&cDXHP&Ex&dxHP_equip/NE-dxHP-SplitHP-18to33-Ex-SEER17.1/instance-out.sql,3263130.29,19100.85,927267.91,462712.61,0.0,829334.66,0.0,927423.12,5476.62,0.0,0.0,0.0,91814.51,0.0,0.0,1167.94,927267.91,17932.91,0.00,829334.66,0.00
CZ15/OfL&0&cDXHP&Ex&dxHP_equip/NE-dxHP-SplitHP-18to33-Ex-SEER18.1/instance-out.sql,3246331.27,19100.85,910468.89,462712.61,0.0,829334.66,0.0,927423.12,5476.62,0.0,0.0,0.0,91814.51,0.0,0.0,1167.94,910468.89,17932.91,0.00,829334.66,0.00
CZ15/OfL&0&cDXHP&Ex&dxHP_equip/NE-dxHP-SplitHP-33to55-Ex-SEER14.3/instance-out.sql,3328326.02,19100.85,992463.64,462712.61,0.0,829334.66,0.0,927423.12,5476.62,0.0,0.0,0.0,91814.51,0.0,0.0,1167.94,992463.64,17932.91,0.00,829334.66,0.00
CZ15/OfL&0&cDXHP&Ex&dxHP_equip/NE-dxHP-SplitHP-33to55-Ex-SEER15.2/instance-out.sql,3302903.94,19100.85,967041.57,462712.61,0.0,829334.66,0.0,927423.12,5476.62,0.0,0.0,0.0,91814.51,0.0,0.0,1167.94,967041.57,17932.91,0.00,829334.66,0.00
CZ15/OfL&0&cDXHP&Ex&dxHP_equip/NE-dxHP-SplitHP-33to55-Ex-SEER16.2/instance-out.sql,3280800.95,19100.85,944938.58,462712.61,0.0,829334.66,0.0,927423.12,5476.62,0.0,0.0,0.0,91814.51,0.0,0.0,1167.94,944938.58,17932.91,0.00,829334.66,0.00
CZ15/OfL&0&cDXHP&Ex&dxHP_equip/NE-dxHP-SplitHP-33to55-Ex-SEER17.1/instance-out.sql,3263130.29,19100.85,927267.91,462712.61,0.0,829334.66,0.0,927423.12,5476.62,0.0,0.0,0.0,91814.51,0.0,0.0,1167.94,927267.91,17932.91,0.00,829334.66,0.00
CZ15/OfL&0&cDXHP&Ex&dxHP_equip/NE-dxHP-SplitHP-33to55-Ex-SEER18.1/instance-out.sql,3246331.27,19100.85,910468.89,462712.61,0.0,829334.66,0.0,927423.12,5476.62,0.0,0.0,0.0,91814.51,0.0,0.0,1167.94,910468.89,17932.91,0.00,829334.66,0.00
CZ15/OfS&0&cDXHP&Ex&dxHP_equip/NE-dxHP-PkgHP-18to33-Ex-SEER13.4/instance-out.sql,197164.75,138.09,60375.02,23737.13,0.0,29387.4,0.0,65799.57,1.13,0.0,0.0,0.0,17726.39,0.0,0.0,138.09,60375.02,0.00,0.00,29387.40,0.00
CZ15/OfS&0&cDXHP&Ex&dxHP_equip/NE-dxHP-PkgHP-18to33-Ex-SEER15.2/instance-out.sql,192904.71000000002,138.09,56114.99,23737.13,0.0,29387.4,0.0,65799.57,1.13,0.0,0.0,0.0,17726.39,0.0,0.0,138.09,56114.99,0.00,0.00,29387.40,0.00
CZ15/OfS&0&cDXHP&Ex&dxHP_equip/NE-dxHP-PkgHP-18to33-Ex-SEER16.2/instance-out.sql,191184.2,138.09,54394.48,23737.13,0.0,29387.4,0.0,65799.57,1.13,0.0,0.0,0.0,17726.39,0.0,0.0,138.09,54394.48,0.00,0.00,29387.40,0.00
CZ15/OfS&0&cDXHP&Ex&dxHP_equip/NE-dxHP-PkgHP-18to33-Ex-SEER17.1/instance-out.sql,189808.71000000002,138.09,53018.99,23737.13,0.0,29387.4,0.0,65799.57,1.13,0.0,0.0,0.0,17726.39,0.0,0.0,138.09,53018.99,0.00,0.00,29387.40,0.00
CZ15/OfS&0&cDXHP&Ex&dxHP_equip/NE-dxHP-PkgHP-18to33-Ex-SEER18.1/instance-out.sql,188501.07,138.09,51711.34,23737.13,0.0,29387.4,0.0,65799.57,1.13,0.0,0.0,0.0,17726.39,0.0,0.0,138.09,51711.34,0.00,0.00,29387.40,0.00
CZ15/OfS&0&cDXHP&Ex&dxHP_equip/NE-dxHP-PkgHP-33to65-Ex-SEER13.4/instance-out.sql,197164.75,138.09,60375.02,23737.13,0.0,29387.4,0.0,65799.57,1.13,0.0,0.0,0.0,17726.39,0.0,0.0,138.09,60375.02,0.00,0.00,29387.40,0.00
CZ15/OfS&0&cDXHP&Ex&dxHP_equip/NE-dxHP-PkgHP-33to65-Ex-SEER15.2/instance-out.sql,192904.71000000002,138.09,56114.99,23737.13,0.0,29387.4,0.0,65799.57,1.13,0.0,0.0,0.0,17726.39,0.0,0.0,138.09,56114.99,0.00,0.00,29387.40,0.00
CZ15/OfS&0&cDXHP&Ex&dxHP_equip/NE-dxHP-PkgHP-33to65-Ex-SEER16.2/instance-out.sql,191184.2,138.09,54394.48,23737.13,0.0,29387.4,0.0,65799.57,1.13,0.0,0.0,0.0,17726.39,0.0,0.0,138.09,54394.48,0.00,0.00,29387.40,0.00
CZ15/OfS&0&cDXHP&Ex&dxHP_equip/NE-dxHP-PkgHP-33to65-Ex-SEER17.1/instance-out.sql,189808.71000000002,138.09,53018.99,23737.13,0.0,29387.4,0.0,65799.57,1.13,0.0,0.0,0.0,17726.39,0.0,0.0,138.09,53018.99,0.00,0.00,29387.40,0.00
CZ15/OfS&0&cDXHP&Ex&dxHP_equip/NE-dxHP-PkgHP-33to65-Ex-SEER18.1/instance-out.sql,188501.07,138.09,51711.34,23737.13,0.0,29387.4,0.0,65799.57,1.13,0.0,0.0,0.0,17726.39,0.0,0.0,138.09,51711.34,0.00,0.00,29387.40,0.00
CZ15/OfS&0&cDXHP&Ex&dxHP_equip/NE-dxHP-SplitHP-18to33-Ex-SEER14.3/instance-out.sql,194878.65000000002,133.17,58093.85,23737.13,0.0,29387.4,0.0,65799.57,1.13,0.0,0.0,0.0,17726.39,0.0,0.0,133.17,58093.85,0.00,0.00,29387.40,0.00
CZ15/OfS&0&cDXHP&Ex&dxHP_equip/NE-dxHP-SplitHP-18to33-Ex-SEER15.2/instance-out.sql,192899.78999999998,133.17,56114.99,23737.13,0.0,29387.4,0.0,65799.57,1.13,0.0,0.0,0.0,17726.39,0.0,0.0,133.17,56114.99,0.00,0.00,29387.40,0.00
CZ15/OfS&0&cDXHP&Ex&dxHP_equip/NE-dxHP-SplitHP-18to33-Ex-SEER16.2/instance-out.sql,191179.28000000003,133.17,54394.48,23737.13,0.0,29387.4,0.0,65799.57,1.13,0.0,0.0,0.0,17726.39,0.0,0.0,133.17,54394.48,0.00,0.00,29387.40,0.00
CZ15/OfS&0&cDXHP&Ex&dxHP_equip/NE-dxHP-SplitHP-18to33-Ex-SEER17.1/instance-out.sql,189803.78999999998,133.17,53018.99,23737.13,0.0,29387.4,0.0,65799.57,1.13,0.0,0.0,0.0,17726.39,0.0,0.0,133.17,53018.99,0.00,0.00,29387.40,0.00
CZ15/OfS&0&cDXHP&Ex&dxHP_equip/NE-dxHP-SplitHP-18to33-Ex-SEER18.1/instance-out.sql,188496.14,133.17,51711.34,23737.13,0.0,29387.4,0.0,65799.57,1.13,0.0,0.0,0.0,17726.39,0.0,0.0,133.17,51711.34,0.00,0.00,29387.40,0.00
CZ15/OfS&0&cDXHP&Ex&dxHP_equip/NE-dxHP-SplitHP-33to55-Ex-SEER14.3/instance-out.sql,194878.65000000002,133.17,58093.85,23737.13,0.0,29387.4,0.0,65799.57,1.13,0.0,0.0,0.0,17726.39,0.0,0.0,133.17,58093.85,0.00,0.00,29387.40,0.00
CZ15/OfS&0&cDXHP&Ex&dxHP_equip/NE-dxHP-SplitHP-33to55-Ex-SEER15.2/instance-out.sql,192899.78999999998,133.17,56114.99,23737.13,0.0,29387.4,0.0,65799.57,1.13,0.0,0.0,0.0,17726.39,0.0,0.0,133.17,56114.99,0.00,0.00,29387.40,0.00
CZ15/OfS&0&cDXHP&Ex&dxHP_equip/NE-dxHP-SplitHP-33to55-Ex-SEER16.2/instance-out.sql,191179.28000000003,133.17,54394.48,23737.13,0.0,29387.4,0.0,65799.57,1.13,0.0,0.0,0.0,17726.39,0.0,0.0,133.17,54394.48,0.00,0.00,29387.40,0.00
CZ15/OfS&0&cDXHP&Ex&dxHP_equip/NE-dxHP-SplitHP-33to55-Ex-SEER17.1/instance-out.sql,189803.78999999998,133.17,53018.99,23737.13,0.0,29387.4,0.0,65799.57,1.13,0.0,0.0,0.0,17726.39,0.0,0.0,133.17,53018.99,0.00,0.00,29387.40,0.00
CZ15/OfS&0&cDXHP&Ex&dxHP_equip/NE-dxHP-SplitHP-33to55-Ex-SEER18.1/instance-out.sql,188496.14,133.17,51711.34,23737.13,0.0,29387.4,0.0,65799.57,1.13,0.0,0.0,0.0,17726.39,0.0,0.0,133.17,51711.34,0.00,0.00,29387.40,0.00
CZ15/RFF&0&cDXHP&Ex&dxHP_equip/NE-dxHP-PkgHP-18to33-Ex-SEER13.4/instance-out.sql,128130.98,122.66,30858.41,13247.63,0.0,37903.17,0.0,25177.61,3.37,0.0,0.0,0.0,20818.12,0.0,0.0,122.66,30858.41,0.00,0.00,18423.46,19479.71
CZ15/RFF&0&cDXHP&Ex&dxHP_equip/NE-dxHP-PkgHP-18to33-Ex-SEER15.2/instance-out.sql,126798.95999999999,122.66,29526.39,13247.63,0.0,37903.17,0.0,25177.61,3.37,0.0,0.0,0.0,20818.12,0.0,0.0,122.66,29526.39,0.00,0.00,18423.46,19479.71
CZ15/RFF&0&cDXHP&Ex&dxHP_equip/NE-dxHP-PkgHP-18to33-Ex-SEER16.2/instance-out.sql,126261.0,122.66,28988.43,13247.63,0.0,37903.17,0.0,25177.61,3.37,0.0,0.0,0.0,20818.12,0.0,0.0,122.66,28988.43,0.00,0.00,18423.46,19479.71
CZ15/RFF&0&cDXHP&Ex&dxHP_equip/NE-dxHP-PkgHP-18to33-Ex-SEER17.1/instance-out.sql,125830.91,122.66,28558.34,13247.63,0.0,37903.17,0.0,25177.61,3.37,0.0,0.0,0.0,20818.12,0.0,0.0,122.66,28558.34,0.00,0.00,18423.46,19479.71
CZ15/RFF&0&cDXHP&Ex&dxHP_equip/NE-dxHP-PkgHP-18to33-Ex-SEER18.1/instance-out.sql,125422.04,122.66,28149.47,13247.63,0.0,37903.17,0.0,25177.61,3.37,0.0,0.0,0.0,20818.12,0.0,0.0,122.66,28149.47,0.00,0.00,18423.46,19479.71
CZ15/RFF&0&cDXHP&Ex&dxHP_equip/NE-dxHP-PkgHP-33to65-Ex-SEER13.4/instance-out.sql,128130.98,122.66,30858.41,13247.63,0.0,37903.17,0.0,25177.61,3.37,0.0,0.0,0.0,20818.12,0.0,0.0,122.66,30858.41,0.00,0.00,18423.46,19479.71
CZ15/RFF&0&cDXHP&Ex&dxHP_equip/NE-dxHP-PkgHP-33to65-Ex-SEER15.2/instance-out.sql,126798.95999999999,122.66,29526.39,13247.63,0.0,37903.17,0.0,25177.61,3.37,0.0,0.0,0.0,20818.12,0.0,0.0,122.66,29526.39,0.00,0.00,18423.46,19479.71
CZ15/RFF&0&cDXHP&Ex&dxHP_equip/NE-dxHP-PkgHP-33to65-Ex-SEER16.2/instance-out.sql,126261.0,122.66,28988.43,13247.63,0.0,37903.17,0.0,25177.61,3.37,0.0,0.0,0.0,20818.12,0.0,0.0,122.66,28988.43,0.00,0.00,18423.46,19479.71
CZ15/RFF&0&cDXHP&Ex&dxHP_equip/NE-dxHP-PkgHP-33to65-Ex-SEER17.1/instance-out.sql,125830.91,122.66,28558.34,13247.63,0.0,37903.17,0.0,25177.61,3.37,0.0,0.0,0.0,20818.12,0.0,0.0,122.66,28558.34,0.00,0.00,18423.46,19479.71
CZ15/RFF&0&cDXHP&Ex&dxHP_equip/NE-dxHP-PkgHP-33to65-Ex-SEER18.1/instance-out.sql,125422.04,122.66,28149.47,13247.63,0.0,37903.17,0.0,25177.61,3.37,0.0,0.0,0.0,20818.12,0.0,0.0,122.66,28149.47,0.00,0.00,18423.46,19479.71
CZ15/RFF&0&cDXHP&Ex&dxHP_equip/NE-dxHP-SplitHP-18to33-Ex-SEER14.3/instance-out.sql,127412.18,117.13,30145.14,13247.63,0.0,37903.17,0.0,25177.61,3.37,0.0,0.0,0.0,20818.12,0.0,0.0,117.13,30145.14,0.00,0.00,18423.46,19479.71
CZ15/RFF&0&cDXHP&Ex&dxHP_equip/NE-dxHP-SplitHP-18to33-Ex-SEER15.2/instance-out.sql,126793.44,117.13,29526.39,13247.63,0.0,37903.17,0.0,25177.61,3.37,0.0,0.0,0.0,20818.12,0.0,0.0,117.13,29526.39,0.00,0.00,18423.46,19479.71
CZ15/RFF&0&cDXHP&Ex&dxHP_equip/NE-dxHP-SplitHP-18to33-Ex-SEER16.2/instance-out.sql,126255.47,117.13,28988.43,13247.63,0.0,37903.17,0.0,25177.61,3.37,0.0,0.0,0.0,20818.12,0.0,0.0,117.13,28988.43,0.00,0.00,18423.46,19479.71
CZ15/RFF&0&cDXHP&Ex&dxHP_equip/NE-dxHP-SplitHP-18to33-Ex-SEER17.1/instance-out.sql,125825.39,117.13,28558.34,13247.63,0.0,37903.17,0.0,25177.61,3.37,0.0,0.0,0.0,20818.12,0.0,0.0,117.13,28558.34,0.00,0.00,18423.46,19479.71
CZ15/RFF&0&cDXHP&Ex&dxHP_equip/NE-dxHP-SplitHP-18to33-Ex-SEER18.1/instance-out.sql,125416.51999999999,117.13,28149.47,13247.63,0.0,37903.17,0.0,25177.61,3.37,0.0,0.0,0.0,20818.12,0.0,0.0,117.13,28149.47,0.00,0.00,18423.46,19479.71
CZ15/RFF&0&cDXHP&Ex&dxHP_equip/NE-dxHP-SplitHP-33to55-Ex-SEER14.3/instance-out.sql,127412.18,117.13,30145.14,13247.63,0.0,37903.17,0.0,25177.61,3.37,0.0,0.0,0.0,20818.12,0.0,0.0,117.13,30145.14,0.00,0.00,18423.46,19479.71
CZ15/RFF&0&cDXHP&Ex&dxHP_equip/NE-dxHP-SplitHP-33to55-Ex-SEER15.2/instance-out.sql,126793.44,117.13,29526.39,13247.63,0.0,37903.17,0.0,25177.61,3.37,0.0,0.0,0.0,20818.12,0.0,0.0,117.13,29526.39,0.00,0.00,18423.46,19479.71
CZ15/RFF&0&cDXHP&Ex&dxHP_equip/NE-dxHP-SplitHP-33to55-Ex-SEER16.2/instance-out.sql,126255.47,117.13,28988.43,13247.63,0.0,37903.17,0.0,25177.61,3.37,0.0,0.0,0.0,20818.12,0.0,0.0,117.13,28988.43,0.00,0.00,18423.46,19479.71
CZ15/RFF&0&cDXHP&Ex&dxHP_equip/NE-dxHP-SplitHP-33to55-Ex-SEER17.1/instance-out.sql,125825.39,117.13,28558.34,13247.63,0.0,37903.17,0.0,25177.61,3.37,0.0,0.0,0.0,20818.12,0.0,0.0,117.13,28558.34,0.00,0.00,18423.46,19479.71
CZ15/RFF&0&cDXHP&Ex&dxHP_equip/NE-dxHP-SplitHP-33to55-Ex-SEER18.1/instance-out.sql,125416.51999999999,117.13,28149.47,13247.63,0.0,37903.17,0.0,25177.61,3.37,0.0,0.0,0.0,20818.12,0.0,0.0,117.13,28149.47,0.00,0.00,18423.46,19479.71
CZ15/RSD&0&cDXHP&Ex&dxHP_equip/NE-dxHP-PkgHP-18to33-Ex-SEER13.4/instance-out.sql,313355.52,38518.67,70560.73,36047.32,0.0,76546.73,0.0,40616.04,49.26,0.0,0.0,0.0,51016.78,0.0,0.0,76.08,70560.73,38442.59,0.00,37475.60,39071.13
CZ15/RSD&0&cDXHP&Ex&dxHP_equip/NE-dxHP-PkgHP-18to33-Ex-SEER15.2/instance-out.sql,312689.41000000003,38518.67,69894.61,36047.32,0.0,76546.73,0.0,40616.04,49.26,0.0,0.0,0.0,51016.78,0.0,0.0,76.08,69894.61,38442.59,0.00,37475.60,39071.13
CZ15/RSD&0&cDXHP&Ex&dxHP_equip/NE-dxHP-PkgHP-18to33-Ex-SEER16.2/instance-out.sql,312420.39,38518.67,69625.59,36047.32,0.0,76546.73,0.0,40616.04,49.26,0.0,0.0,0.0,51016.78,0.0,0.0,76.08,69625.59,38442.59,0.00,37475.60,39071.13
CZ15/RSD&0&cDXHP&Ex&dxHP_equip/NE-dxHP-PkgHP-18to33-Ex-SEER17.1/instance-out.sql,312205.31,38518.67,69410.52,36047.32,0.0,76546.73,0.0,40616.04,49.26,0.0,0.0,0.0,51016.78,0.0,0.0,76.08,69410.52,38442.59,0.00,37475.60,39071.13
CZ15/RSD&0&cDXHP&Ex&dxHP_equip/NE-dxHP-PkgHP-18to33-Ex-SEER18.1/instance-out.sql,312000.85,38518.67,69206.05,36047.32,0.0,76546.73,0.0,40616.04,49.26,0.0,0.0,0.0,51016.78,0.0,0.0,76.08,69206.05,38442.59,0.00,37475.60,39071.13
CZ15/RSD&0&cDXHP&Ex&dxHP_equip/NE-dxHP-PkgHP-33to65-Ex-SEER13.4/instance-out.sql,313355.52,38518.67,70560.73,36047.32,0.0,76546.73,0.0,40616.04,49.26,0.0,0.0,0.0,51016.78,0.0,0.0,76.08,70560.73,38442.59,0.00,37475.60,39071.13
CZ15/RSD&0&cDXHP&Ex&dxHP_equip/NE-dxHP-PkgHP-33to65-Ex-SEER15.2/instance-out.sql,312689.41000000003,38518.67,69894.61,36047.32,0.0,76546.73,0.0,40616.04,49.26,0.0,0.0,0.0,51016.78,0.0,0.0,76.08,69894.61,38442.59,0.00,37475.60,39071.13
CZ15/RSD&0&cDXHP&Ex&dxHP_equip/NE-dxHP-PkgHP-33to65-Ex-SEER16.2/instance-out.sql,312420.39,38518.67,69625.59,36047.32,0.0,76546.73,0.0,40616.04,49.26,0.0,0.0,0.0,51016.78,0.0,0.0,76.08,69625.59,38442.59,0.00,37475.60,39071.13
CZ15/RSD&0&cDXHP&Ex&dxHP_equip/NE-dxHP-PkgHP-33to65-Ex-SEER17.1/instance-out.sql,312205.31,38518.67,69410.52,36047.32,0.0,76546.73,0.0,40616.04,49.26,0.0,0.0,0.0,51016.78,0.0,0.0,76.08,69410.52,38442.59,0.00,37475.60,39071.13
CZ15/RSD&0&cDXHP&Ex&dxHP_equip/NE-dxHP-PkgHP-33to65-Ex-SEER18.1/instance-out.sql,312000.85,38518.67,69206.05,36047.32,0.0,76546.73,0.0,40616.04,49.26,0.0,0.0,0.0,51016.78,0.0,0.0,76.08,69206.05,38442.59,0.00,37475.60,39071.13
CZ15/RSD&0&cDXHP&Ex&dxHP_equip/NE-dxHP-SplitHP-18to33-Ex-SEER14.3/instance-out.sql,312995.43,38515.259999999995,70204.04,36047.32,0.0,76546.73,0.0,40616.04,49.26,0.0,0.0,0.0,51016.78,0.0,0.0,72.67,70204.04,38442.59,0.00,37475.60,39071.13
CZ15/RSD&0&cDXHP&Ex&dxHP_equip/NE-dxHP-SplitHP-18to33-Ex-SEER15.2/instance-out.sql,312686.01,38515.259999999995,69894.61,36047.32,0.0,76546.73,0.0,40616.04,49.26,0.0,0.0,0.0,51016.78,0.0,0.0,72.67,69894.61,38442.59,0.00,37475.60,39071.13
CZ15/RSD&0&cDXHP&Ex&dxHP_equip/NE-dxHP-SplitHP-18to33-Ex-SEER16.2/instance-out.sql,312416.98,38515.259999999995,69625.59,36047.32,0.0,76546.73,0.0,40616.04,49.26,0.0,0.0,0.0,51016.78,0.0,0.0,72.67,69625.59,38442.59,0.00,37475.60,39071.13
CZ15/RSD&0&cDXHP&Ex&dxHP_equip/NE-dxHP-SplitHP-18to33-Ex-SEER17.1/instance-out.sql,312201.91000000003,38515.259999999995,69410.52,36047.32,0.0,76546.73,0.0,40616.04,49.26,0.0,0.0,0.0,51016.78,0.0,0.0,72.67,69410.52,38442.59,0.00,37475.60,39071.13
CZ15/RSD&0&cDXHP&Ex&dxHP_equip/NE-dxHP-SplitHP-18to33-Ex-SEER18.1/instance-out.sql,311997.44,38515.259999999995,69206.05,36047.32,0.0,76546.73,0.0,40616.04,49.26,0.0,0.0,0.0,51016.78,0.0,0.0,72.67,69206.05,38442.59,0.00,37475.60,39071.13
CZ15/RSD&0&cDXHP&Ex&dxHP_equip/NE-dxHP-SplitHP-33to55-Ex-SEER14.3/instance-out.sql,312995.43,38515.259999999995,70204.04,36047.32,0.0,76546.73,0.0,40616.04,49.26,0.0,0.0,0.0,51016.78,0.0,0.0,72.67,70204.04,38442.59,0.00,37475.60,39071.13
CZ15/RSD&0&cDXHP&Ex&dxHP_equip/NE-dxHP-SplitHP-33to55-Ex-SEER15.2/instance-out.sql,312686.01,38515.259999999995,69894.61,36047.32,0.0,76546.73,0.0,40616.04,49.26,0.0,0.0,0.0,51016.78,0.0,0.0,72.67,69894.61,38442.59,0.00,37475.60,39071.13
CZ15/RSD&0&cDXHP&Ex&dxHP_equip/NE-dxHP-SplitHP-33to55-Ex-SEER16.2/instance-out.sql,312416.98,38515.259999999995,69625.59,36047.32,0.0,76546.73,0.0,40616.04,49.26,0.0,0.0,0.0,51016.78,0.0,0.0,72.67,69625.59,38442.59,0.00,37475.60,39071.13
CZ15/RSD&0&cDXHP&Ex&dxHP_equip/NE-dxHP-SplitHP-33to55-Ex-SEER17.1/instance-out.sql,312201.91000000003,38515.259999999995,69410.52,36047.32,0.0,76546.73,0.0,40616.04,49.26,0.0,0.0,0.0,51016.78,0.0,0.0,72.67,69410.52,38442.59,0.00,37475.60,39071.13
CZ15/RSD&0&cDXHP&Ex&dxHP_equip/NE-dxHP-SplitHP-33to55-Ex-SEER18.1/instance-out.sql,311997.44,38515.259999999995,69206.05,36047.32,0.0,76546.73,0.0,40616.04,49.26,0.0,0.0,0.0,51016.78,0.0,0.0,72.67,69206.05,38442.59,0.00,37475.60,39071.13
CZ15/Rt3&0&cDXHP&Ex&dxHP_equip/NE-dxHP-PkgHP-18to33-Ex-SEER13.4/instance-out.sql,2604751.09,1742.02,680464.57,774348.97,0.0,436362.0,0.0,580014.84,3.38,0.0,0.0,0.0,131815.33,0.0,0.0,1606.58,680464.57,135.44,0.00,436362.00,0.00
CZ15/Rt3&0&cDXHP&Ex&dxHP_equip/NE-dxHP-PkgHP-18to33-Ex-SEER15.2/instance-out.sql,2558117.67,1742.02,633831.14,774348.97,0.0,436362.0,0.0,580014.84,3.38,0.0,0.0,0.0,131815.33,0.0,0.0,1606.58,633831.14,135.44,0.00,436362.00,0.00
CZ15/Rt3&0&cDXHP&Ex&dxHP_equip/NE-dxHP-PkgHP-18to33-Ex-SEER16.2/instance-out.sql,2539283.7699999996,1742.02,614997.25,774348.97,0.0,436362.0,0.0,580014.84,3.38,0.0,0.0,0.0,131815.33,0.0,0.0,1606.58,614997.25,135.44,0.00,436362.00,0.00
CZ15/Rt3&0&cDXHP&Ex&dxHP_equip/NE-dxHP-PkgHP-18to33-Ex-SEER17.1/instance-out.sql,2524226.6500000004,1742.02,599940.12,774348.97,0.0,436362.0,0.0,580014.84,3.38,0.0,0.0,0.0,131815.33,0.0,0.0,1606.58,599940.12,135.44,0.00,436362.00,0.00
CZ15/Rt3&0&cDXHP&Ex&dxHP_equip/NE-dxHP-PkgHP-18to33-Ex-SEER18.1/instance-out.sql,2509912.25,1742.02,585625.72,774348.97,0.0,436362.0,0.0,580014.84,3.38,0.0,0.0,0.0,131815.33,0.0,0.0,1606.58,585625.72,135.44,0.00,436362.00,0.00
CZ15/Rt3&0&cDXHP&Ex&dxHP_equip/NE-dxHP-PkgHP-33to65-Ex-SEER13.4/instance-out.sql,2604751.09,1742.02,680464.57,774348.97,0.0,436362.0,0.0,580014.84,3.38,0.0,0.0,0.0,131815.33,0.0,0.0,1606.58,680464.57,135.44,0.00,436362.00,0.00
CZ15/Rt3&0&cDXHP&Ex&dxHP_equip/NE-dxHP-PkgHP-33to65-Ex-SEER15.2/instance-out.sql,2558117.67,1742.02,633831.14,774348.97,0.0,436362.0,0.0,580014.84,3.38,0.0,0.0,0.0,131815.33,0.0,0.0,1606.58,633831.14,135.44,0.00,436362.00,0.00
CZ15/Rt3&0&cDXHP&Ex&dxHP_equip/NE-dxHP-PkgHP-33to65-Ex-SEER16.2/instance-out.sql,2539283.7699999996,1742.02,614997.25,774348.97,0.0,436362.0,0.0,580014.84,3.38,0.0,0.0,0.0,131815.33,0.0,0.0,1606.58,614997.25,135.44,0.00,436362.00,0.00
CZ15/Rt3&0&cDXHP&Ex&dxHP_equip/NE-dxHP-PkgHP-33to65-Ex-SEER17.1/instance-out.sql,2524226.6500000004,1742.02,599940.12,774348.97,0.0,436362.0,0.0,580014.84,3.38,0.0,0.0,0.0,131815.33,0.0,0.0,1606.58,599940.12,135.44,0.00,436362.00,0.00
CZ15/Rt3&0&cDXHP&Ex&dxHP_equip/NE-dxHP-PkgHP-33to65-Ex-SEER18.1/instance-out.sql,2509912.25,1742.02,585625.72,774348.97,0.0,436362.0,0.0,580014.84,3.38,0.0,0.0,0.0,131815.33,0.0,0.0,1606.58,585625.72,135.44,0.00,436362.00,0.00
CZ15/Rt3&0&cDXHP&Ex&dxHP_equip/NE-dxHP-SplitHP-18to33-Ex-SEER14.3/instance-out.sql,2579703.5599999996,1665.8300000000002,655493.23,774348.97,0.0,436362.0,0.0,580014.84,3.38,0.0,0.0,0.0,131815.33,0.0,0.0,1530.39,655493.23,135.44,0.00,436362.00,0.00
CZ15/Rt3&0&cDXHP&Ex&dxHP_equip/NE-dxHP-SplitHP-18to33-Ex-SEER15.2/instance-out.sql,2558041.4800000004,1665.8300000000002,633831.14,774348.97,0.0,436362.0,0.0,580014.84,3.38,0.0,0.0,0.0,131815.33,0.0,0.0,1530.39,633831.14,135.44,0.00,436362.00,0.00
CZ15/Rt3&0&cDXHP&Ex&dxHP_equip/NE-dxHP-SplitHP-18to33-Ex-SEER16.2/instance-out.sql,2539207.58,1665.8300000000002,614997.25,774348.97,0.0,436362.0,0.0,580014.84,3.38,0.0,0.0,0.0,131815.33,0.0,0.0,1530.39,614997.25,135.44,0.00,436362.00,0.00
CZ15/Rt3&0&cDXHP&Ex&dxHP_equip/NE-dxHP-SplitHP-18to33-Ex-SEER17.1/instance-out.sql,2524150.46,1665.8300000000002,599940.12,774348.97,0.0,436362.0,0.0,580014.84,3.38,0.0,0.0,0.0,131815.33,0.0,0.0,1530.39,599940.12,135.44,0.00,436362.00,0.00
CZ15/Rt3&0&cDXHP&Ex&dxHP_equip/NE-dxHP-SplitHP-18to33-Ex-SEER18.1/instance-out.sql,2509836.0599999996,1665.8300000000002,585625.72,774348.97,0.0,436362.0,0.0,580014.84,3.38,0.0,0.0,0.0,131815.33,0.0,0.0,1530.39,585625.72,135.44,0.00,436362.00,0.00
CZ15/Rt3&0&cDXHP&Ex&dxHP_equip/NE-dxHP-SplitHP-33to55-Ex-SEER14.3/instance-out.sql,2579703.5599999996,1665.8300000000002,655493.23,774348.97,0.0,436362.0,0.0,580014.84,3.38,0.0,0.0,0.0,131815.33,0.0,0.0,1530.39,655493.23,135.44,0.00,436362.00,0.00
CZ15/Rt3&0&cDXHP&Ex&dxHP_equip/NE-dxHP-SplitHP-33to55-Ex-SEER15.2/instance-out.sql,2558041.4800000004,1665.8300000000002,633831.14,774348.97,0.0,436362.0,0.0,580014.84,3.38,0.0,0.0,0.0,131815.33,0.0,0.0,1530.39,633831.14,135.44,0.00,436362.00,0.00
CZ15/Rt3&0&cDXHP&Ex&dxHP_equip/NE-dxHP-SplitHP-33to55-Ex-SEER16.2/instance-out.sql,2539207.58,1665.8300000000002,614997.25,774348.97,0.0,436362.0,0.0,580014.84,3.38,0.0,0.0,0.0,131815.33,0.0,0.0,1530.39,614997.25,135.44,0.00,436362.00,0.00
CZ15/Rt3&0&cDXHP&Ex&dxHP_equip/NE-dxHP-SplitHP-33to55-Ex-SEER17.1/instance-out.sql,2524150.46,1665.8300000000002,599940.12,774348.97,0.0,436362.0,0.0,580014.84,3.38,0.0,0.0,0.0,131815.33,0.0,0.0,1530.39,599940.12,135.44,0.00,436362.00,0.00
CZ15/Rt3&0&cDXHP&Ex&dxHP_equip/NE-dxHP-SplitHP-33to55-Ex-SEER18.1/instance-out.sql,2509836.0599999996,1665.8300000000002,585625.72,774348.97,0.0,436362.0,0.0,580014.84,3.38,0.0,0.0,0.0,131815.33,0.0,0.0,1530.39,585625.72,135.44,0.00,436362.00,0.00
CZ15/RtL&0&cDXHP&Ex&dxHP_equip/NE-dxHP-PkgHP-18to33-Ex-SEER13.4/instance-out.sql,2592181.3299999996,1370.14,684855.0,767420.15,0.0,509200.67,0.0,531982.36,3.39,0.0,0.0,0.0,97349.62,0.0,0.0,1370.14,684855.00,0.00,0.00,468847.72,40352.95
CZ15/RtL&0&cDXHP&Ex&dxHP_equip/NE-dxHP-PkgHP-18to33-Ex-SEER15.2/instance-out.sql,2545462.98,1370.14,638136.65,767420.15,0.0,509200.67,0.0,531982.36,3.39,0.0,0.0,0.0,97349.62,0.0,0.0,1370.14,638136.65,0.00,0.00,468847.72,40352.95
CZ15/RtL&0&cDXHP&Ex&dxHP_equip/NE-dxHP-PkgHP-18to33-Ex-SEER16.2/instance-out.sql,2526594.79,1370.14,619268.46,767420.15,0.0,509200.67,0.0,531982.36,3.39,0.0,0.0,0.0,97349.62,0.0,0.0,1370.14,619268.46,0.00,0.00,468847.72,40352.95
CZ15/RtL&0&cDXHP&Ex&dxHP_equip/NE-dxHP-PkgHP-18to33-Ex-SEER17.1/instance-out.sql,2511510.2399999998,1370.14,604183.91,767420.15,0.0,509200.67,0.0,531982.36,3.39,0.0,0.0,0.0,97349.62,0.0,0.0,1370.14,604183.91,0.00,0.00,468847.72,40352.95
CZ15/RtL&0&cDXHP&Ex&dxHP_equip/NE-dxHP-PkgHP-18to33-Ex-SEER18.1/instance-out.sql,2497169.78,1370.14,589843.45,767420.15,0.0,509200.67,0.0,531982.36,3.39,0.0,0.0,0.0,97349.62,0.0,0.0,1370.14,589843.45,0.00,0.00,468847.72,40352.95
CZ15/RtL&0&cDXHP&Ex&dxHP_equip/NE-dxHP-PkgHP-33to65-Ex-SEER13.4/instance-out.sql,2592181.3299999996,1370.14,684855.0,767420.15,0.0,509200.67,0.0,531982.36,3.39,0.0,0.0,0.0,97349.62,0.0,0.0,1370.14,684855.00,0.00,0.00,468847.72,40352.95
CZ15/RtL&0&cDXHP&Ex&dxHP_equip/NE-dxHP-PkgHP-33to65-Ex-SEER15.2/instance-out.sql,2545462.98,1370.14,638136.65,767420.15,0.0,509200.67,0.0,531982.36,3.39,0.0,0.0,0.0,97349.62,0.0,0.0,1370.14,638136.65,0.00,0.00,468847.72,40352.95
CZ15/RtL&0&cDXHP&Ex&dxHP_equip/NE-dxHP-PkgHP-33to65-Ex-SEER16.2/instance-out.sql,2526594.79,1370.14,619268.46,767420.15,0.0,509200.67,0.0,531982.36,3.39,0.0,0.0,0.0,97349.62,0.0,0.0,1370.14,619268.46,0.00,0.00,468847.72,40352.95
CZ15/RtL&0&cDXHP&Ex&dxHP_equip/NE-dxHP-PkgHP-33to65-Ex-SEER17.1/instance-out.sql,2511510.2399999998,1370.14,604183.91,767420.15,0.0,509200.67,0.0,531982.36,3.39,0.0,0.0,0.0,97349.62,0.0,0.0,1370.14,604183.91,0.00,0.00,468847.72,40352.95
CZ15/RtL&0&cDXHP&Ex&dxHP_equip/NE-dxHP-PkgHP-33to65-Ex-SEER18.1/instance-out.sql,2497169.78,1370.14,589843.45,767420.15,0.0,509200.67,0.0,531982.36,3.39,0.0,0.0,0.0,97349.62,0.0,0.0,1370.14,589843.45,0.00,0.00,468847.72,40352.95
CZ15/RtL&0&cDXHP&Ex&dxHP_equip/NE-dxHP-SplitHP-18to33-Ex-SEER14.3/instance-out.sql,2567098.56,1304.19,659838.18,767420.15,0.0,509200.67,0.0,531982.36,3.39,0.0,0.0,0.0,97349.62,0.0,0.0,1304.19,659838.18,0.00,0.00,468847.72,40352.95
CZ15/RtL&0&cDXHP&Ex&dxHP_equip/NE-dxHP-SplitHP-18to33-Ex-SEER15.2/instance-out.sql,2545397.03,1304.19,638136.65,767420.15,0.0,509200.67,0.0,531982.36,3.39,0.0,0.0,0.0,97349.62,0.0,0.0,1304.19,638136.65,0.00,0.00,468847.72,40352.95
CZ15/RtL&0&cDXHP&Ex&dxHP_equip/NE-dxHP-SplitHP-18to33-Ex-SEER16.2/instance-out.sql,2526528.8299999996,1304.19,619268.46,767420.15,0.0,509200.67,0.0,531982.36,3.39,0.0,0.0,0.0,97349.62,0.0,0.0,1304.19,619268.46,0.00,0.00,468847.72,40352.95
CZ15/RtL&0&cDXHP&Ex&dxHP_equip/NE-dxHP-SplitHP-18to33-Ex-SEER17.1/instance-out.sql,2511444.29,1304.19,604183.91,767420.15,0.0,509200.67,0.0,531982.36,3.39,0.0,0.0,0.0,97349.62,0.0,0.0,1304.19,604183.91,0.00,0.00,468847.72,40352.95
CZ15/RtL&0&cDXHP&Ex&dxHP_equip/NE-dxHP-SplitHP-18to33-Ex-SEER18.1/instance-out.sql,2497103.8299999996,1304.19,589843.45,767420.15,0.0,509200.67,0.0,531982.36,3.39,0.0,0.0,0.0,97349.62,0.0,0.0,1304.19,589843.45,0.00,0.00,468847.72,40352.95
CZ15/RtL&0&cDXHP&Ex&dxHP_equip/NE-dxHP-SplitHP-33to55-Ex-SEER14.3/instance-out.sql,2567098.56,1304.19,659838.18,767420.15,0.0,509200.67,0.0,531982.36,3.39,0.0,0.0,0.0,97349.62,0.0,0.0,1304.19,659838.18,0.00,0.00,468847.72,40352.95
CZ15/RtL&0&cDXHP&Ex&dxHP_equip/NE-dxHP-SplitHP-33to55-Ex-SEER15.2/instance-out.sql,2545397.03,1304.19,638136.65,767420.15,0.0,509200.67,0.0,531982.36,3.39,0.0,0.0,0.0,97349.62,0.0,0.0,1304.19,638136.65,0.00,0.00,468847.72,40352.95
CZ15/RtL&0&cDXHP&Ex&dxHP_equip/NE-dxHP-SplitHP-33to55-Ex-SEER16.2/instance-out.sql,2526528.8299999996,1304.19,619268.46,767420.15,0.0,509200.67,0.0,531982.36,3.39,0.0,0.0,0.0,97349.62,0.0,0.0,1304.19,619268.46,0.00,0.00,468847.72,40352.95
CZ15/RtL&0&cDXHP&Ex&dxHP_equip/NE-dxHP-SplitHP-33to55-Ex-SEER17.1/instance-out.sql,2511444.29,1304.19,604183.91,767420.15,0.0,509200.67,0.0,531982.36,3.39,0.0,0.0,0.0,97349.62,0.0,0.0,1304.19,604183.91,0.00,0.00,468847.72,40352.95
CZ15/RtL&0&cDXHP&Ex&dxHP_equip/NE-dxHP-SplitHP-33to55-Ex-SEER18.1/instance-out.sql,2497103.8299999996,1304.19,589843.45,767420.15,0.0,509200.67,0.0,531982.36,3.39,0.0,0.0,0.0,97349.62,0.0,0.0,1304.19,589843.45,0.00,0.00,468847.72,40352.95
CZ15/RtS&0&cDXHP&Ex&dxHP_equip/NE-dxHP-PkgHP-18to33-Ex-SEER13.4/instance-out.sql,179020.44,202.8,52620.45,44599.63,0.0,24440.79,0.0,43834.04,3.36,0.0,0.0,0.0,13319.36,0.0,0.0,202.80,52620.45,0.00,0.00,24440.79,0.00
CZ15/RtS&0&cDXHP&Ex&dxHP_equip/NE-dxHP-PkgHP-18to33-Ex-SEER15.2/instance-out.sql,175307.56,202.8,48907.57,44599.63,0.0,24440.79,0.0,43834.04,3.36,0.0,0.0,0.0,13319.36,0.0,0.0,202.80,48907.57,0.00,0.00,24440.79,0.00
CZ15/RtS&0&cDXHP&Ex&dxHP_equip/NE-dxHP-PkgHP-18to33-Ex-SEER16.2/instance-out.sql,173808.03000000003,202.8,47408.05,44599.63,0.0,24440.79,0.0,43834.04,3.36,0.0,0.0,0.0,13319.36,0.0,0.0,202.80,47408.05,0.00,0.00,24440.79,0.00
CZ15/RtS&0&cDXHP&Ex&dxHP_equip/NE-dxHP-PkgHP-18to33-Ex-SEER17.1/instance-out.sql,172609.21000000002,202.8,46209.22,44599.63,0.0,24440.79,0.0,43834.04,3.36,0.0,0.0,0.0,13319.36,0.0,0.0,202.80,46209.22,0.00,0.00,24440.79,0.00
CZ15/RtS&0&cDXHP&Ex&dxHP_equip/NE-dxHP-PkgHP-18to33-Ex-SEER18.1/instance-out.sql,171469.52000000002,202.8,45069.54,44599.63,0.0,24440.79,0.0,43834.04,3.36,0.0,0.0,0.0,13319.36,0.0,0.0,202.80,45069.54,0.00,0.00,24440.79,0.00
CZ15/RtS&0&cDXHP&Ex&dxHP_equip/NE-dxHP-PkgHP-33to65-Ex-SEER13.4/instance-out.sql,179020.44,202.8,52620.45,44599.63,0.0,24440.79,0.0,43834.04,3.36,0.0,0.0,0.0,13319.36,0.0,0.0,202.80,52620.45,0.00,0.00,24440.79,0.00
CZ15/RtS&0&cDXHP&Ex&dxHP_equip/NE-dxHP-PkgHP-33to65-Ex-SEER15.2/instance-out.sql,175307.56,202.8,48907.57,44599.63,0.0,24440.79,0.0,43834.04,3.36,0.0,0.0,0.0,13319.36,0.0,0.0,202.80,48907.57,0.00,0.00,24440.79,0.00
CZ15/RtS&0&cDXHP&Ex&dxHP_equip/NE-dxHP-PkgHP-33to65-Ex-SEER16.2/instance-out.sql,173808.03000000003,202.8,47408.05,44599.63,0.0,24440.79,0.0,43834.04,3.36,0.0,0.0,0.0,13319.36,0.0,0.0,202.80,47408.05,0.00,0.00,24440.79,0.00
CZ15/RtS&0&cDXHP&Ex&dxHP_equip/NE-dxHP-PkgHP-33to65-Ex-SEER17.1/instance-out.sql,172609.21000000002,202.8,46209.22,44599.63,0.0,24440.79,0.0,43834.04,3.36,0.0,0.0,0.0,13319.36,0.0,0.0,202.80,46209.22,0.00,0.00,24440.79,0.00
CZ15/RtS&0&cDXHP&Ex&dxHP_equip/NE-dxHP-PkgHP-33to65-Ex-SEER18.1/instance-out.sql,171469.52000000002,202.8,45069.54,44599.63,0.0,24440.79,0.0,43834.04,3.36,0.0,0.0,0.0,13319.36,0.0,0.0,202.80,45069.54,0.00,0.00,24440.79,0.00
CZ15/RtS&0&cDXHP&Ex&dxHP_equip/NE-dxHP-SplitHP-18to33-Ex-SEER14.3/instance-out.sql,177022.63,193.17,50632.27,44599.63,0.0,24440.79,0.0,43834.04,3.36,0.0,0.0,0.0,13319.36,0.0,0.0,193.17,50632.27,0.00,0.00,24440.79,0.00
CZ15/RtS&0&cDXHP&Ex&dxHP_equip/NE-dxHP-SplitHP-18to33-Ex-SEER15.2/instance-out.sql,175297.93,193.17,48907.57,44599.63,0.0,24440.79,0.0,43834.04,3.36,0.0,0.0,0.0,13319.36,0.0,0.0,193.17,48907.57,0.00,0.00,24440.79,0.00
CZ15/RtS&0&cDXHP&Ex&dxHP_equip/NE-dxHP-SplitHP-18to33-Ex-SEER16.2/instance-out.sql,173798.40999999997,193.17,47408.05,44599.63,0.0,24440.79,0.0,43834.04,3.36,0.0,0.0,0.0,13319.36,0.0,0.0,193.17,47408.05,0.00,0.00,24440.79,0.00
CZ15/RtS&0&cDXHP&Ex&dxHP_equip/NE-dxHP-SplitHP-18to33-Ex-SEER17.1/instance-out.sql,172599.59000000003,193.17,46209.22,44599.63,0.0,24440.79,0.0,43834.04,3.36,0.0,0.0,0.0,13319.36,0.0,0.0,193.17,46209.22,0.00,0.00,24440.79,0.00
CZ15/RtS&0&cDXHP&Ex&dxHP_equip/NE-dxHP-SplitHP-18to33-Ex-SEER18.1/instance-out.sql,171459.90000000002,193.17,45069.54,44599.63,0.0,24440.79,0.0,43834.04,3.36,0.0,0.0,0.0,13319.36,0.0,0.0,193.17,45069.54,0.00,0.00,24440.79,0.00
CZ15/RtS&0&cDXHP&Ex&dxHP_equip/NE-dxHP-SplitHP-33to55-Ex-SEER14.3/instance-out.sql,177022.63,193.17,50632.27,44599.63,0.0,24440.79,0.0,43834.04,3.36,0.0,0.0,0.0,13319.36,0.0,0.0,193.17,50632.27,0.00,0.00,24440.79,0.00
CZ15/RtS&0&cDXHP&Ex&dxHP_equip/NE-dxHP-SplitHP-33to55-Ex-SEER15.2/instance-out.sql,175297.93,193.17,48907.57,44599.63,0.0,24440.79,0.0,43834.04,3.36,0.0,0.0,0.0,13319.36,0.0,0.0,193.17,48907.57,0.00,0.00,24440.79,0.00
CZ15/RtS&0&cDXHP&Ex&dxHP_equip/NE-dxHP-SplitHP-33to55-Ex-SEER16.2/instance-out.sql,173798.40999999997,193.17,47408.05,44599.63,0.0,24440.79,0.0,43834.04,3.36,0.0,0.0,0.0,13319.36,0.0,0.0,193.17,47408.05,0.00,0.00,24440.79,0.00
CZ15/RtS&0&cDXHP&Ex&dxHP_equip/NE-dxHP-SplitHP-33to55-Ex-SEER17.1/instance-out.sql,172599.59000000003,193.17,46209.22,44599.63,0.0,24440.79,0.0,43834.04,3.36,0.0,0.0,0.0,13319.36,0.0,0.0,193.17,46209.22,0.00,0.00,24440.79,0.00
CZ15/RtS&0&cDXHP&Ex&dxHP_equip/NE-dxHP-SplitHP-33to55-Ex-SEER18.1/instance-out.sql,171459.90000000002,193.17,45069.54,44599.63,0.0,24440.79,0.0,43834.04,3.36,0.0,0.0,0.0,13319.36,0.0,0.0,193.17,45069.54,0.00,0.00,24440.79,0.00
CZ15/SCn&0&cDXHP&Ex&dxHP_equip/NE-dxHP-PkgHP-18to33-Ex-SEER13.4/instance-out.sql,4217726.9799999995,24041.35,1421319.88,850055.03,0.0,449066.39,0.0,1407720.43,3.36,0.0,0.0,0.0,65520.54,0.0,0.0,24041.35,1421319.88,0.00,0.00,449066.39,0.00
CZ15/SCn&0&cDXHP&Ex&dxHP_equip/NE-dxHP-PkgHP-18to33-Ex-SEER15.2/instance-out.sql,4117439.2,24041.35,1321032.1,850055.03,0.0,449066.39,0.0,1407720.43,3.36,0.0,0.0,0.0,65520.54,0.0,0.0,24041.35,1321032.10,0.00,0.00,449066.39,0.00
CZ15/SCn&0&cDXHP&Ex&dxHP_equip/NE-dxHP-PkgHP-18to33-Ex-SEER16.2/instance-out.sql,4076935.86,24041.35,1280528.76,850055.03,0.0,449066.39,0.0,1407720.43,3.36,0.0,0.0,0.0,65520.54,0.0,0.0,24041.35,1280528.76,0.00,0.00,449066.39,0.00
CZ15/SCn&0&cDXHP&Ex&dxHP_equip/NE-dxHP-PkgHP-18to33-Ex-SEER17.1/instance-out.sql,4044554.67,24041.35,1248147.57,850055.03,0.0,449066.39,0.0,1407720.43,3.36,0.0,0.0,0.0,65520.54,0.0,0.0,24041.35,1248147.57,0.00,0.00,449066.39,0.00
CZ15/SCn&0&cDXHP&Ex&dxHP_equip/NE-dxHP-PkgHP-18to33-Ex-SEER18.1/instance-out.sql,4013770.7600000002,24041.35,1217363.66,850055.03,0.0,449066.39,0.0,1407720.43,3.36,0.0,0.0,0.0,65520.54,0.0,0.0,24041.35,1217363.66,0.00,0.00,449066.39,0.00
CZ15/SCn&0&cDXHP&Ex&dxHP_equip/NE-dxHP-PkgHP-33to65-Ex-SEER13.4/instance-out.sql,4217726.9799999995,24041.35,1421319.88,850055.03,0.0,449066.39,0.0,1407720.43,3.36,0.0,0.0,0.0,65520.54,0.0,0.0,24041.35,1421319.88,0.00,0.00,449066.39,0.00
CZ15/SCn&0&cDXHP&Ex&dxHP_equip/NE-dxHP-PkgHP-33to65-Ex-SEER15.2/instance-out.sql,4117439.2,24041.35,1321032.1,850055.03,0.0,449066.39,0.0,1407720.43,3.36,0.0,0.0,0.0,65520.54,0.0,0.0,24041.35,1321032.10,0.00,0.00,449066.39,0.00
CZ15/SCn&0&cDXHP&Ex&dxHP_equip/NE-dxHP-PkgHP-33to65-Ex-SEER16.2/instance-out.sql,4076935.86,24041.35,1280528.76,850055.03,0.0,449066.39,0.0,1407720.43,3.36,0.0,0.0,0.0,65520.54,0.0,0.0,24041.35,1280528.76,0.00,0.00,449066.39,0.00
CZ15/SCn&0&cDXHP&Ex&dxHP_equip/NE-dxHP-PkgHP-33to65-Ex-SEER17.1/instance-out.sql,4044554.67,24041.35,1248147.57,850055.03,0.0,449066.39,0.0,1407720.43,3.36,0.0,0.0,0.0,65520.54,0.0,0.0,24041.35,1248147.57,0.00,0.00,449066.39,0.00
CZ15/SCn&0&cDXHP&Ex&dxHP_equip/NE-dxHP-PkgHP-33to65-Ex-SEER18.1/instance-out.sql,4013770.7600000002,24041.35,1217363.66,850055.03,0.0,449066.39,0.0,1407720.43,3.36,0.0,0.0,0.0,65520.54,0.0,0.0,24041.35,1217363.66,0.00,0.00,449066.39,0.00
CZ15/SCn&0&cDXHP&Ex&dxHP_equip/NE-dxHP-SplitHP-18to33-Ex-SEER14.3/instance-out.sql,4162838.09,22854.72,1367617.62,850055.03,0.0,449066.39,0.0,1407720.43,3.36,0.0,0.0,0.0,65520.54,0.0,0.0,22854.72,1367617.62,0.00,0.00,449066.39,0.00
CZ15/SCn&0&cDXHP&Ex&dxHP_equip/NE-dxHP-SplitHP-18to33-Ex-SEER15.2/instance-out.sql,4116252.57,22854.72,1321032.1,850055.03,0.0,449066.39,0.0,1407720.43,3.36,0.0,0.0,0.0,65520.54,0.0,0.0,22854.72,1321032.10,0.00,0.00,449066.39,0.00
CZ15/SCn&0&cDXHP&Ex&dxHP_equip/NE-dxHP-SplitHP-18to33-Ex-SEER16.2/instance-out.sql,4075749.23,22854.72,1280528.76,850055.03,0.0,449066.39,0.0,1407720.43,3.36,0.0,0.0,0.0,65520.54,0.0,0.0,22854.72,1280528.76,0.00,0.00,449066.39,0.00
CZ15/SCn&0&cDXHP&Ex&dxHP_equip/NE-dxHP-SplitHP-18to33-Ex-SEER17.1/instance-out.sql,4043368.04,22854.72,1248147.57,850055.03,0.0,449066.39,0.0,1407720.43,3.36,0.0,0.0,0.0,65520.54,0.0,0.0,22854.72,1248147.57,0.00,0.00,449066.39,0.00
CZ15/SCn&0&cDXHP&Ex&dxHP_equip/NE-dxHP-SplitHP-18to33-Ex-SEER18.1/instance-out.sql,4012584.13,22854.72,1217363.66,850055.03,0.0,449066.39,0.0,1407720.43,3.36,0.0,0.0,0.0,65520.54,0.0,0.0,22854.72,1217363.66,0.00,0.00,449066.39,0.00
CZ15/SCn&0&cDXHP&Ex&dxHP_equip/NE-dxHP-SplitHP-33to55-Ex-SEER14.3/instance-out.sql,4162838.09,22854.72,1367617.62,850055.03,0.0,449066.39,0.0,1407720.43,3.36,0.0,0.0,0.0,65520.54,0.0,0.0,22854.72,1367617.62,0.00,0.00,449066.39,0.00
CZ15/SCn&0&cDXHP&Ex&dxHP_equip/NE-dxHP-SplitHP-33to55-Ex-SEER15.2/instance-out.sql,4116252.57,22854.72,1321032.1,850055.03,0.0,449066.39,0.0,1407720.43,3.36,0.0,0.0,0.0,65520.54,0.0,0.0,22854.72,1321032.10,0.00,0.00,449066.39,0.00
CZ15/SCn&0&cDXHP&Ex&dxHP_equip/NE-dxHP-SplitHP-33to55-Ex-SEER16.2/instance-out.sql,4075749.23,22854.72,1280528.76,850055.03,0.0,449066.39,0.0,1407720.43,3.36,0.0,0.0,0.0,65520.54,0.0,0.0,22854.72,1280528.76,0.00,0.00,449066.39,0.00
CZ15/SCn&0&cDXHP&Ex&dxHP_equip/NE-dxHP-SplitHP-33to55-Ex-SEER17.1/instance-out.sql,4043368.04,22854.72,1248147.57,850055.03,0.0,449066.39,0.0,1407720.43,3.36,0.0,0.0,0.0,65520.54,0.0,0.0,22854.72,1248147.57,0.00,0.00,449066.39,0.00
CZ15/SCn&0&cDXHP&Ex&dxHP_equip/NE-dxHP-SplitHP-33to55-Ex-SEER18.1/instance-out.sql,4012584.13,22854.72,1217363.66,850055.03,0.0,449066.39,0.0,1407720.43,3.36,0.0,0.0,0.0,65520.54,0.0,0.0,22854.72,1217363.66,0.00,0.00,449066.39,0.00
CZ16/Asm&0&cDXHP&Ex&dxHP_equip/NE-dxHP-PkgHP-18to33-Ex-SEER13.4/instance-out.sql,841149.77,74033.93,179620.13,153727.01,0.0,145823.51,0.0,265393.7,3.36,0.0,0.0,0.0,22548.13,0.0,0.0,74033.93,179620.13,0.00,0.00,145823.51,0.00
CZ16/Asm&0&cDXHP&Ex&dxHP_equip/NE-dxHP-PkgHP-18to33-Ex-SEER15.2/instance-out.sql,828475.85,74033.93,166946.2,153727.01,0.0,145823.51,0.0,265393.7,3.36,0.0,0.0,0.0,22548.13,0.0,0.0,74033.93,166946.20,0.00,0.00,145823.51,0.00
CZ16/Asm&0&cDXHP&Ex&dxHP_equip/NE-dxHP-PkgHP-18to33-Ex-SEER16.2/instance-out.sql,823357.21,74033.93,161827.57,153727.01,0.0,145823.51,0.0,265393.7,3.36,0.0,0.0,0.0,22548.13,0.0,0.0,74033.93,161827.57,0.00,0.00,145823.51,0.00
CZ16/Asm&0&cDXHP&Ex&dxHP_equip/NE-dxHP-PkgHP-18to33-Ex-SEER17.1/instance-out.sql,819265.02,74033.93,157735.38,153727.01,0.0,145823.51,0.0,265393.7,3.36,0.0,0.0,0.0,22548.13,0.0,0.0,74033.93,157735.38,0.00,0.00,145823.51,0.00
CZ16/Asm&0&cDXHP&Ex&dxHP_equip/NE-dxHP-PkgHP-18to33-Ex-SEER18.1/instance-out.sql,815374.6900000001,74033.93,153845.04,153727.01,0.0,145823.51,0.0,265393.7,3.36,0.0,0.0,0.0,22548.13,0.0,0.0,74033.93,153845.04,0.00,0.00,145823.51,0.00
CZ16/Asm&0&cDXHP&Ex&dxHP_equip/NE-dxHP-PkgHP-33to65-Ex-SEER13.4/instance-out.sql,841149.77,74033.93,179620.13,153727.01,0.0,145823.51,0.0,265393.7,3.36,0.0,0.0,0.0,22548.13,0.0,0.0,74033.93,179620.13,0.00,0.00,145823.51,0.00
CZ16/Asm&0&cDXHP&Ex&dxHP_equip/NE-dxHP-PkgHP-33to65-Ex-SEER15.2/instance-out.sql,828475.85,74033.93,166946.2,153727.01,0.0,145823.51,0.0,265393.7,3.36,0.0,0.0,0.0,22548.13,0.0,0.0,74033.93,166946.20,0.00,0.00,145823.51,0.00
CZ16/Asm&0&cDXHP&Ex&dxHP_equip/NE-dxHP-PkgHP-33to65-Ex-SEER16.2/instance-out.sql,823357.21,74033.93,161827.57,153727.01,0.0,145823.51,0.0,265393.7,3.36,0.0,0.0,0.0,22548.13,0.0,0.0,74033.93,161827.57,0.00,0.00,145823.51,0.00
CZ16/Asm&0&cDXHP&Ex&dxHP_equip/NE-dxHP-PkgHP-33to65-Ex-SEER17.1/instance-out.sql,819265.02,74033.93,157735.38,153727.01,0.0,145823.51,0.0,265393.7,3.36,0.0,0.0,0.0,22548.13,0.0,0.0,74033.93,157735.38,0.00,0.00,145823.51,0.00
CZ16/Asm&0&cDXHP&Ex&dxHP_equip/NE-dxHP-PkgHP-33to65-Ex-SEER18.1/instance-out.sql,815374.6900000001,74033.93,153845.04,153727.01,0.0,145823.51,0.0,265393.7,3.36,0.0,0.0,0.0,22548.13,0.0,0.0,74033.93,153845.04,0.00,0.00,145823.51,0.00
CZ16/Asm&0&cDXHP&Ex&dxHP_equip/NE-dxHP-SplitHP-18to33-Ex-SEER14.3/instance-out.sql,830931.8,70602.62,172833.47,153727.01,0.0,145823.51,0.0,265393.7,3.36,0.0,0.0,0.0,22548.13,0.0,0.0,70602.62,172833.47,0.00,0.00,145823.51,0.00
CZ16/Asm&0&cDXHP&Ex&dxHP_equip/NE-dxHP-SplitHP-18to33-Ex-SEER15.2/instance-out.sql,825044.53,70602.62,166946.2,153727.01,0.0,145823.51,0.0,265393.7,3.36,0.0,0.0,0.0,22548.13,0.0,0.0,70602.62,166946.20,0.00,0.00,145823.51,0.00
CZ16/Asm&0&cDXHP&Ex&dxHP_equip/NE-dxHP-SplitHP-18to33-Ex-SEER16.2/instance-out.sql,819925.89,70602.62,161827.57,153727.01,0.0,145823.51,0.0,265393.7,3.36,0.0,0.0,0.0,22548.13,0.0,0.0,70602.62,161827.57,0.00,0.00,145823.51,0.00
CZ16/Asm&0&cDXHP&Ex&dxHP_equip/NE-dxHP-SplitHP-18to33-Ex-SEER17.1/instance-out.sql,815833.7,70602.62,157735.38,153727.01,0.0,145823.51,0.0,265393.7,3.36,0.0,0.0,0.0,22548.13,0.0,0.0,70602.62,157735.38,0.00,0.00,145823.51,0.00
CZ16/Asm&0&cDXHP&Ex&dxHP_equip/NE-dxHP-SplitHP-18to33-Ex-SEER18.1/instance-out.sql,811943.37,70602.62,153845.04,153727.01,0.0,145823.51,0.0,265393.7,3.36,0.0,0.0,0.0,22548.13,0.0,0.0,70602.62,153845.04,0.00,0.00,145823.51,0.00
CZ16/Asm&0&cDXHP&Ex&dxHP_equip/NE-dxHP-SplitHP-33to55-Ex-SEER14.3/instance-out.sql,830931.8,70602.62,172833.47,153727.01,0.0,145823.51,0.0,265393.7,3.36,0.0,0.0,0.0,22548.13,0.0,0.0,70602.62,172833.47,0.00,0.00,145823.51,0.00
CZ16/Asm&0&cDXHP&Ex&dxHP_equip/NE-dxHP-SplitHP-33to55-Ex-SEER15.2/instance-out.sql,825044.53,70602.62,166946.2,153727.01,0.0,145823.51,0.0,265393.7,3.36,0.0,0.0,0.0,22548.13,0.0,0.0,70602.62,166946.20,0.00,0.00,145823.51,0.00
CZ16/Asm&0&cDXHP&Ex&dxHP_equip/NE-dxHP-SplitHP-33to55-Ex-SEER16.2/instance-out.sql,819925.89,70602.62,161827.57,153727.01,0.0,145823.51,0.0,265393.7,3.36,0.0,0.0,0.0,22548.13,0.0,0.0,70602.62,161827.57,0.00,0.00,145823.51,0.00
CZ16/Asm&0&cDXHP&Ex&dxHP_equip/NE-dxHP-SplitHP-33to55-Ex-SEER17.1/instance-out.sql,815833.7,70602.62,157735.38,153727.01,0.0,145823.51,0.0,265393.7,3.36,0.0,0.0,0.0,22548.13,0.0,0.0,70602.62,157735.38,0.00,0.00,145823.51,0.00
CZ16/Asm&0&cDXHP&Ex&dxHP_equip/NE-dxHP-SplitHP-33to55-Ex-SEER18.1/instance-out.sql,811943.37,70602.62,153845.04,153727.01,0.0,145823.51,0.0,265393.7,3.36,0.0,0.0,0.0,22548.13,0.0,0.0,70602.62,153845.04,0.00,0.00,145823.51,0.00
CZ16/ECC&0&cDXHP&Ex&dxHP_equip/NE-dxHP-PkgHP-18to33-Ex-SEER13.4/instance-out.sql,2977254.37,41531.23,424765.86,358430.2,0.0,1013813.91,0.0,693904.55,950.61,0.0,0.0,0.0,443858.0,0.0,0.0,39936.40,424765.86,1594.83,0.00,945189.93,68623.98
CZ16/ECC&0&cDXHP&Ex&dxHP_equip/NE-dxHP-PkgHP-18to33-Ex-SEER15.2/instance-out.sql,2954151.99,41531.23,401663.48,358430.2,0.0,1013813.91,0.0,693904.55,950.61,0.0,0.0,0.0,443858.0,0.0,0.0,39936.40,401663.48,1594.83,0.00,945189.93,68623.98
CZ16/ECC&0&cDXHP&Ex&dxHP_equip/NE-dxHP-PkgHP-18to33-Ex-SEER16.2/instance-out.sql,2944821.6,41531.23,392333.1,358430.2,0.0,1013813.91,0.0,693904.55,950.61,0.0,0.0,0.0,443858.0,0.0,0.0,39936.40,392333.10,1594.83,0.00,945189.93,68623.98
CZ16/ECC&0&cDXHP&Ex&dxHP_equip/NE-dxHP-PkgHP-18to33-Ex-SEER17.1/instance-out.sql,2937362.24,41531.23,384873.74,358430.2,0.0,1013813.91,0.0,693904.55,950.61,0.0,0.0,0.0,443858.0,0.0,0.0,39936.40,384873.74,1594.83,0.00,945189.93,68623.98
CZ16/ECC&0&cDXHP&Ex&dxHP_equip/NE-dxHP-PkgHP-18to33-Ex-SEER18.1/instance-out.sql,2930270.83,41531.23,377782.33,358430.2,0.0,1013813.91,0.0,693904.55,950.61,0.0,0.0,0.0,443858.0,0.0,0.0,39936.40,377782.33,1594.83,0.00,945189.93,68623.98
CZ16/ECC&0&cDXHP&Ex&dxHP_equip/NE-dxHP-PkgHP-33to65-Ex-SEER13.4/instance-out.sql,2977254.37,41531.23,424765.86,358430.2,0.0,1013813.91,0.0,693904.55,950.61,0.0,0.0,0.0,443858.0,0.0,0.0,39936.40,424765.86,1594.83,0.00,945189.93,68623.98
CZ16/ECC&0&cDXHP&Ex&dxHP_equip/NE-dxHP-PkgHP-33to65-Ex-SEER15.2/instance-out.sql,2954151.99,41531.23,401663.48,358430.2,0.0,1013813.91,0.0,693904.55,950.61,0.0,0.0,0.0,443858.0,0.0,0.0,39936.40,401663.48,1594.83,0.00,945189.93,68623.98
CZ16/ECC&0&cDXHP&Ex&dxHP_equip/NE-dxHP-PkgHP-33to65-Ex-SEER16.2/instance-out.sql,2944821.6,41531.23,392333.1,358430.2,0.0,1013813.91,0.0,693904.55,950.61,0.0,0.0,0.0,443858.0,0.0,0.0,39936.40,392333.10,1594.83,0.00,945189.93,68623.98
CZ16/ECC&0&cDXHP&Ex&dxHP_equip/NE-dxHP-PkgHP-33to65-Ex-SEER17.1/instance-out.sql,2937362.24,41531.23,384873.74,358430.2,0.0,1013813.91,0.0,693904.55,950.61,0.0,0.0,0.0,443858.0,0.0,0.0,39936.40,384873.74,1594.83,0.00,945189.93,68623.98
CZ16/ECC&0&cDXHP&Ex&dxHP_equip/NE-dxHP-PkgHP-33to65-Ex-SEER18.1/instance-out.sql,2930270.83,41531.23,377782.33,358430.2,0.0,1013813.91,0.0,693904.55,950.61,0.0,0.0,0.0,443858.0,0.0,0.0,39936.40,377782.33,1594.83,0.00,945189.93,68623.98
CZ16/ECC&0&cDXHP&Ex&dxHP_equip/NE-dxHP-SplitHP-18to33-Ex-SEER14.3/instance-out.sql,2963112.61,39760.380000000005,412394.96,358430.2,0.0,1013813.91,0.0,693904.55,950.61,0.0,0.0,0.0,443858.0,0.0,0.0,38165.55,412394.96,1594.83,0.00,945189.93,68623.98
CZ16/ECC&0&cDXHP&Ex&dxHP_equip/NE-dxHP-SplitHP-18to33-Ex-SEER15.2/instance-out.sql,2952381.13,39760.380000000005,401663.48,358430.2,0.0,1013813.91,0.0,693904.55,950.61,0.0,0.0,0.0,443858.0,0.0,0.0,38165.55,401663.48,1594.83,0.00,945189.93,68623.98
CZ16/ECC&0&cDXHP&Ex&dxHP_equip/NE-dxHP-SplitHP-18to33-Ex-SEER16.2/instance-out.sql,2943050.75,39760.380000000005,392333.1,358430.2,0.0,1013813.91,0.0,693904.55,950.61,0.0,0.0,0.0,443858.0,0.0,0.0,38165.55,392333.10,1594.83,0.00,945189.93,68623.98
CZ16/ECC&0&cDXHP&Ex&dxHP_equip/NE-dxHP-SplitHP-18to33-Ex-SEER17.1/instance-out.sql,2935591.39,39760.380000000005,384873.74,358430.2,0.0,1013813.91,0.0,693904.55,950.61,0.0,0.0,0.0,443858.0,0.0,0.0,38165.55,384873.74,1594.83,0.00,945189.93,68623.98
CZ16/ECC&0&cDXHP&Ex&dxHP_equip/NE-dxHP-SplitHP-18to33-Ex-SEER18.1/instance-out.sql,2928499.98,39760.380000000005,377782.33,358430.2,0.0,1013813.91,0.0,693904.55,950.61,0.0,0.0,0.0,443858.0,0.0,0.0,38165.55,377782.33,1594.83,0.00,945189.93,68623.98
CZ16/ECC&0&cDXHP&Ex&dxHP_equip/NE-dxHP-SplitHP-33to55-Ex-SEER14.3/instance-out.sql,2963112.61,39760.380000000005,412394.96,358430.2,0.0,1013813.91,0.0,693904.55,950.61,0.0,0.0,0.0,443858.0,0.0,0.0,38165.55,412394.96,1594.83,0.00,945189.93,68623.98
CZ16/ECC&0&cDXHP&Ex&dxHP_equip/NE-dxHP-SplitHP-33to55-Ex-SEER15.2/instance-out.sql,2952381.13,39760.380000000005,401663.48,358430.2,0.0,1013813.91,0.0,693904.55,950.61,0.0,0.0,0.0,443858.0,0.0,0.0,38165.55,401663.48,1594.83,0.00,945189.93,68623.98
CZ16/ECC&0&cDXHP&Ex&dxHP_equip/NE-dxHP-SplitHP-33to55-Ex-SEER16.2/instance-out.sql,2943050.75,39760.380000000005,392333.1,358430.2,0.0,1013813.91,0.0,693904.55,950.61,0.0,0.0,0.0,443858.0,0.0,0.0,38165.55,392333.10,1594.83,0.00,945189.93,68623.98
CZ16/ECC&0&cDXHP&Ex&dxHP_equip/NE-dxHP-SplitHP-33to55-Ex-SEER17.1/instance-out.sql,2935591.39,39760.380000000005,384873.74,358430.2,0.0,1013813.91,0.0,693904.55,950.61,0.0,0.0,0.0,443858.0,0.0,0.0,38165.55,384873.74,1594.83,0.00,945189.93,68623.98
CZ16/ECC&0&cDXHP&Ex&dxHP_equip/NE-dxHP-SplitHP-33to55-Ex-SEER18.1/instance-out.sql,2928499.98,39760.380000000005,377782.33,358430.2,0.0,1013813.91,0.0,693904.55,950.61,0.0,0.0,0.0,443858.0,0.0,0.0,38165.55,377782.33,1594.83,0.00,945189.93,68623.98
CZ16/EPr&0&cDXHP&Ex&dxHP_equip/NE-dxHP-PkgHP-18to33-Ex-SEER13.4/instance-out.sql,460319.13,12520.550000000001,68189.36,64700.97,0.0,125897.03,0.0,104170.58,3.37,0.0,0.0,0.0,84837.27,0.0,0.0,12517.04,68189.36,3.51,0.00,83226.75,42670.28
CZ16/EPr&0&cDXHP&Ex&dxHP_equip/NE-dxHP-PkgHP-18to33-Ex-SEER15.2/instance-out.sql,456424.73,12520.550000000001,64294.97,64700.97,0.0,125897.03,0.0,104170.58,3.37,0.0,0.0,0.0,84837.27,0.0,0.0,12517.04,64294.97,3.51,0.00,83226.75,42670.28
CZ16/EPr&0&cDXHP&Ex&dxHP_equip/NE-dxHP-PkgHP-18to33-Ex-SEER16.2/instance-out.sql,454851.9,12520.550000000001,62722.13,64700.97,0.0,125897.03,0.0,104170.58,3.37,0.0,0.0,0.0,84837.27,0.0,0.0,12517.04,62722.13,3.51,0.00,83226.75,42670.28
CZ16/EPr&0&cDXHP&Ex&dxHP_equip/NE-dxHP-PkgHP-18to33-Ex-SEER17.1/instance-out.sql,453594.46,12520.550000000001,61464.7,64700.97,0.0,125897.03,0.0,104170.58,3.37,0.0,0.0,0.0,84837.27,0.0,0.0,12517.04,61464.70,3.51,0.00,83226.75,42670.28
CZ16/EPr&0&cDXHP&Ex&dxHP_equip/NE-dxHP-PkgHP-18to33-Ex-SEER18.1/instance-out.sql,452399.06,12520.550000000001,60269.29,64700.97,0.0,125897.03,0.0,104170.58,3.37,0.0,0.0,0.0,84837.27,0.0,0.0,12517.04,60269.29,3.51,0.00,83226.75,42670.28
CZ16/EPr&0&cDXHP&Ex&dxHP_equip/NE-dxHP-PkgHP-33to65-Ex-SEER13.4/instance-out.sql,460319.13,12520.550000000001,68189.36,64700.97,0.0,125897.03,0.0,104170.58,3.37,0.0,0.0,0.0,84837.27,0.0,0.0,12517.04,68189.36,3.51,0.00,83226.75,42670.28
CZ16/EPr&0&cDXHP&Ex&dxHP_equip/NE-dxHP-PkgHP-33to65-Ex-SEER15.2/instance-out.sql,456424.73,12520.550000000001,64294.97,64700.97,0.0,125897.03,0.0,104170.58,3.37,0.0,0.0,0.0,84837.27,0.0,0.0,12517.04,64294.97,3.51,0.00,83226.75,42670.28
CZ16/EPr&0&cDXHP&Ex&dxHP_equip/NE-dxHP-PkgHP-33to65-Ex-SEER16.2/instance-out.sql,454851.9,12520.550000000001,62722.13,64700.97,0.0,125897.03,0.0,104170.58,3.37,0.0,0.0,0.0,84837.27,0.0,0.0,12517.04,62722.13,3.51,0.00,83226.75,42670.28
CZ16/EPr&0&cDXHP&Ex&dxHP_equip/NE-dxHP-PkgHP-33to65-Ex-SEER17.1/instance-out.sql,453594.46,12520.550000000001,61464.7,64700.97,0.0,125897.03,0.0,104170.58,3.37,0.0,0.0,0.0,84837.27,0.0,0.0,12517.04,61464.70,3.51,0.00,83226.75,42670.28
CZ16/EPr&0&cDXHP&Ex&dxHP_equip/NE-dxHP-PkgHP-33to65-Ex-SEER18.1/instance-out.sql,452399.06,12520.550000000001,60269.29,64700.97,0.0,125897.03,0.0,104170.58,3.37,0.0,0.0,0.0,84837.27,0.0,0.0,12517.04,60269.29,3.51,0.00,83226.75,42670.28
CZ16/EPr&0&cDXHP&Ex&dxHP_equip/NE-dxHP-SplitHP-18to33-Ex-SEER14.3/instance-out.sql,457675.3,11962.1,66103.98,64700.97,0.0,125897.03,0.0,104170.58,3.37,0.0,0.0,0.0,84837.27,0.0,0.0,11958.59,66103.98,3.51,0.00,83226.75,42670.28
CZ16/EPr&0&cDXHP&Ex&dxHP_equip/NE-dxHP-SplitHP-18to33-Ex-SEER15.2/instance-out.sql,455866.27999999997,11962.1,64294.97,64700.97,0.0,125897.03,0.0,104170.58,3.37,0.0,0.0,0.0,84837.27,0.0,0.0,11958.59,64294.97,3.51,0.00,83226.75,42670.28
CZ16/EPr&0&cDXHP&Ex&dxHP_equip/NE-dxHP-SplitHP-18to33-Ex-SEER16.2/instance-out.sql,454293.45,11962.1,62722.13,64700.97,0.0,125897.03,0.0,104170.58,3.37,0.0,0.0,0.0,84837.27,0.0,0.0,11958.59,62722.13,3.51,0.00,83226.75,42670.28
CZ16/EPr&0&cDXHP&Ex&dxHP_equip/NE-dxHP-SplitHP-18to33-Ex-SEER17.1/instance-out.sql,453036.01,11962.1,61464.7,64700.97,0.0,125897.03,0.0,104170.58,3.37,0.0,0.0,0.0,84837.27,0.0,0.0,11958.59,61464.70,3.51,0.00,83226.75,42670.28
CZ16/EPr&0&cDXHP&Ex&dxHP_equip/NE-dxHP-SplitHP-18to33-Ex-SEER18.1/instance-out.sql,451840.61,11962.1,60269.29,64700.97,0.0,125897.03,0.0,104170.58,3.37,0.0,0.0,0.0,84837.27,0.0,0.0,11958.59,60269.29,3.51,0.00,83226.75,42670.28
CZ16/EPr&0&cDXHP&Ex&dxHP_equip/NE-dxHP-SplitHP-33to55-Ex-SEER14.3/instance-out.sql,457675.3,11962.1,66103.98,64700.97,0.0,125897.03,0.0,104170.58,3.37,0.0,0.0,0.0,84837.27,0.0,0.0,11958.59,66103.98,3.51,0.00,83226.75,42670.28
CZ16/EPr&0&cDXHP&Ex&dxHP_equip/NE-dxHP-SplitHP-33to55-Ex-SEER15.2/instance-out.sql,455866.27999999997,11962.1,64294.97,64700.97,0.0,125897.03,0.0,104170.58,3.37,0.0,0.0,0.0,84837.27,0.0,0.0,11958.59,64294.97,3.51,0.00,83226.75,42670.28
CZ16/EPr&0&cDXHP&Ex&dxHP_equip/NE-dxHP-SplitHP-33to55-Ex-SEER16.2/instance-out.sql,454293.45,11962.1,62722.13,64700.97,0.0,125897.03,0.0,104170.58,3.37,0.0,0.0,0.0,84837.27,0.0,0.0,11958.59,62722.13,3.51,0.00,83226.75,42670.28
CZ16/EPr&0&cDXHP&Ex&dxHP_equip/NE-dxHP-SplitHP-33to55-Ex-SEER17.1/instance-out.sql,453036.01,11962.1,61464.7,64700.97,0.0,125897.03,0.0,104170.58,3.37,0.0,0.0,0.0,84837.27,0.0,0.0,11958.59,61464.70,3.51,0.00,83226.75,42670.28
CZ16/EPr&0&cDXHP&Ex&dxHP_equip/NE-dxHP-SplitHP-33to55-Ex-SEER18.1/instance-out.sql,451840.61,11962.1,60269.29,64700.97,0.0,125897.03,0.0,104170.58,3.37,0.0,0.0,0.0,84837.27,0.0,0.0,11958.59,60269.29,3.51,0.00,83226.75,42670.28
CZ16/ERC&0&cDXHP&Ex&dxHP_equip/NE-dxHP-PkgHP-18to33-Ex-SEER13.4/instance-out.sql,22452.489999999998,848.95,2533.95,2224.35,0.0,2196.82,0.0,5389.23,3.36,0.0,0.0,0.0,9255.83,0.0,0.0,848.95,2533.95,0.00,0.00,2196.82,0.00
CZ16/ERC&0&cDXHP&Ex&dxHP_equip/NE-dxHP-PkgHP-18to33-Ex-SEER15.2/instance-out.sql,22273.690000000002,848.95,2355.16,2224.35,0.0,2196.82,0.0,5389.23,3.36,0.0,0.0,0.0,9255.83,0.0,0.0,848.95,2355.16,0.00,0.00,2196.82,0.00
CZ16/ERC&0&cDXHP&Ex&dxHP_equip/NE-dxHP-PkgHP-18to33-Ex-SEER16.2/instance-out.sql,22201.48,848.95,2282.95,2224.35,0.0,2196.82,0.0,5389.23,3.36,0.0,0.0,0.0,9255.83,0.0,0.0,848.95,2282.95,0.00,0.00,2196.82,0.00
CZ16/ERC&0&cDXHP&Ex&dxHP_equip/NE-dxHP-PkgHP-18to33-Ex-SEER17.1/instance-out.sql,22143.75,848.95,2225.22,2224.35,0.0,2196.82,0.0,5389.23,3.36,0.0,0.0,0.0,9255.83,0.0,0.0,848.95,2225.22,0.00,0.00,2196.82,0.00
CZ16/ERC&0&cDXHP&Ex&dxHP_equip/NE-dxHP-PkgHP-18to33-Ex-SEER18.1/instance-out.sql,22088.870000000003,848.95,2170.34,2224.35,0.0,2196.82,0.0,5389.23,3.36,0.0,0.0,0.0,9255.83,0.0,0.0,848.95,2170.34,0.00,0.00,2196.82,0.00
CZ16/ERC&0&cDXHP&Ex&dxHP_equip/NE-dxHP-PkgHP-33to65-Ex-SEER13.4/instance-out.sql,22452.489999999998,848.95,2533.95,2224.35,0.0,2196.82,0.0,5389.23,3.36,0.0,0.0,0.0,9255.83,0.0,0.0,848.95,2533.95,0.00,0.00,2196.82,0.00
CZ16/ERC&0&cDXHP&Ex&dxHP_equip/NE-dxHP-PkgHP-33to65-Ex-SEER15.2/instance-out.sql,22273.690000000002,848.95,2355.16,2224.35,0.0,2196.82,0.0,5389.23,3.36,0.0,0.0,0.0,9255.83,0.0,0.0,848.95,2355.16,0.00,0.00,2196.82,0.00
CZ16/ERC&0&cDXHP&Ex&dxHP_equip/NE-dxHP-PkgHP-33to65-Ex-SEER16.2/instance-out.sql,22201.48,848.95,2282.95,2224.35,0.0,2196.82,0.0,5389.23,3.36,0.0,0.0,0.0,9255.83,0.0,0.0,848.95,2282.95,0.00,0.00,2196.82,0.00
CZ16/ERC&0&cDXHP&Ex&dxHP_equip/NE-dxHP-PkgHP-33to65-Ex-SEER17.1/instance-out.sql,22143.75,848.95,2225.22,2224.35,0.0,2196.82,0.0,5389.23,3.36,0.0,0.0,0.0,9255.83,0.0,0.0,848.95,2225.22,0.00,0.00,2196.82,0.00
CZ16/ERC&0&cDXHP&Ex&dxHP_equip/NE-dxHP-PkgHP-33to65-Ex-SEER18.1/instance-out.sql,22088.870000000003,848.95,2170.34,2224.35,0.0,2196.82,0.0,5389.23,3.36,0.0,0.0,0.0,9255.83,0.0,0.0,848.95,2170.34,0.00,0.00,2196.82,0.00
CZ16/ERC&0&cDXHP&Ex&dxHP_equip/NE-dxHP-SplitHP-18to33-Ex-SEER14.3/instance-out.sql,22321.11,813.31,2438.21,2224.35,0.0,2196.82,0.0,5389.23,3.36,0.0,0.0,0.0,9255.83,0.0,0.0,813.31,2438.21,0.00,0.00,2196.82,0.00
CZ16/ERC&0&cDXHP&Ex&dxHP_equip/NE-dxHP-SplitHP-18to33-Ex-SEER15.2/instance-out.sql,22238.059999999998,813.31,2355.16,2224.35,0.0,2196.82,0.0,5389.23,3.36,0.0,0.0,0.0,9255.83,0.0,0.0,813.31,2355.16,0.00,0.00,2196.82,0.00
CZ16/ERC&0&cDXHP&Ex&dxHP_equip/NE-dxHP-SplitHP-18to33-Ex-SEER16.2/instance-out.sql,22165.85,813.31,2282.95,2224.35,0.0,2196.82,0.0,5389.23,3.36,0.0,0.0,0.0,9255.83,0.0,0.0,813.31,2282.95,0.00,0.00,2196.82,0.00
CZ16/ERC&0&cDXHP&Ex&dxHP_equip/NE-dxHP-SplitHP-18to33-Ex-SEER17.1/instance-out.sql,22108.120000000003,813.31,2225.22,2224.35,0.0,2196.82,0.0,5389.23,3.36,0.0,0.0,0.0,9255.83,0.0,0.0,813.31,2225.22,0.00,0.00,2196.82,0.00
CZ16/ERC&0&cDXHP&Ex&dxHP_equip/NE-dxHP-SplitHP-18to33-Ex-SEER18.1/instance-out.sql,22053.239999999998,813.31,2170.34,2224.35,0.0,2196.82,0.0,5389.23,3.36,0.0,0.0,0.0,9255.83,0.0,0.0,813.31,2170.34,0.00,0.00,2196.82,0.00
CZ16/ERC&0&cDXHP&Ex&dxHP_equip/NE-dxHP-SplitHP-33to55-Ex-SEER14.3/instance-out.sql,22321.11,813.31,2438.21,2224.35,0.0,2196.82,0.0,5389.23,3.36,0.0,0.0,0.0,9255.83,0.0,0.0,813.31,2438.21,0.00,0.00,2196.82,0.00
CZ16/ERC&0&cDXHP&Ex&dxHP_equip/NE-dxHP-SplitHP-33to55-Ex-SEER15.2/instance-out.sql,22238.059999999998,813.31,2355.16,2224.35,0.0,2196.82,0.0,5389.23,3.36,0.0,0.0,0.0,9255.83,0.0,0.0,813.31,2355.16,0.00,0.00,2196.82,0.00
CZ16/ERC&0&cDXHP&Ex&dxHP_equip/NE-dxHP-SplitHP-33to55-Ex-SEER16.2/instance-out.sql,22165.85,813.31,2282.95,2224.35,0.0,2196.82,0.0,5389.23,3.36,0.0,0.0,0.0,9255.83,0.0,0.0,813.31,2282.95,0.00,0.00,2196.82,0.00
CZ16/ERC&0&cDXHP&Ex&dxHP_equip/NE-dxHP-SplitHP-33to55-Ex-SEER17.1/instance-out.sql,22108.120000000003,813.31,2225.22,2224.35,0.0,2196.82,0.0,5389.23,3.36,0.0,0.0,0.0,9255.83,0.0,0.0,813.31,2225.22,0.00,0.00,2196.82,0.00
CZ16/ERC&0&cDXHP&Ex&dxHP_equip/NE-dxHP-SplitHP-33to55-Ex-SEER18.1/instance-out.sql,22053.239999999998,813.31,2170.34,2224.35,0.0,2196.82,0.0,5389.23,3.36,0.0,0.0,0.0,9255.83,0.0,0.0,813.31,2170.34,0.00,0.00,2196.82,0.00
CZ16/ESe&0&cDXHP&Ex&dxHP_equip/NE-dxHP-PkgHP-18to33-Ex-SEER13.4/instance-out.sql,1393515.14,166761.87,190117.8,197959.32,0.0,323176.74,0.0,282675.55,3.39,0.0,0.0,0.0,232820.48,0.0,0.0,8683.11,190117.80,158078.76,0.00,259085.82,64090.92
CZ16/ESe&0&cDXHP&Ex&dxHP_equip/NE-dxHP-PkgHP-18to33-Ex-SEER15.2/instance-out.sql,1389277.92,166761.87,185880.57,197959.32,0.0,323176.74,0.0,282675.55,3.39,0.0,0.0,0.0,232820.48,0.0,0.0,8683.11,185880.57,158078.76,0.00,259085.82,64090.92
CZ16/ESe&0&cDXHP&Ex&dxHP_equip/NE-dxHP-PkgHP-18to33-Ex-SEER16.2/instance-out.sql,1387566.6199999999,166761.87,184169.28,197959.32,0.0,323176.74,0.0,282675.55,3.39,0.0,0.0,0.0,232820.48,0.0,0.0,8683.11,184169.28,158078.76,0.00,259085.82,64090.92
CZ16/ESe&0&cDXHP&Ex&dxHP_equip/NE-dxHP-PkgHP-18to33-Ex-SEER17.1/instance-out.sql,1386198.5,166761.87,182801.15,197959.32,0.0,323176.74,0.0,282675.55,3.39,0.0,0.0,0.0,232820.48,0.0,0.0,8683.11,182801.15,158078.76,0.00,259085.82,64090.92
CZ16/ESe&0&cDXHP&Ex&dxHP_equip/NE-dxHP-PkgHP-18to33-Ex-SEER18.1/instance-out.sql,1384897.8599999999,166761.87,181500.51,197959.32,0.0,323176.74,0.0,282675.55,3.39,0.0,0.0,0.0,232820.48,0.0,0.0,8683.11,181500.51,158078.76,0.00,259085.82,64090.92
CZ16/ESe&0&cDXHP&Ex&dxHP_equip/NE-dxHP-PkgHP-33to65-Ex-SEER13.4/instance-out.sql,1393515.14,166761.87,190117.8,197959.32,0.0,323176.74,0.0,282675.55,3.39,0.0,0.0,0.0,232820.48,0.0,0.0,8683.11,190117.80,158078.76,0.00,259085.82,64090.92
CZ16/ESe&0&cDXHP&Ex&dxHP_equip/NE-dxHP-PkgHP-33to65-Ex-SEER15.2/instance-out.sql,1389277.92,166761.87,185880.57,197959.32,0.0,323176.74,0.0,282675.55,3.39,0.0,0.0,0.0,232820.48,0.0,0.0,8683.11,185880.57,158078.76,0.00,259085.82,64090.92
CZ16/ESe&0&cDXHP&Ex&dxHP_equip/NE-dxHP-PkgHP-33to65-Ex-SEER16.2/instance-out.sql,1387566.6199999999,166761.87,184169.28,197959.32,0.0,323176.74,0.0,282675.55,3.39,0.0,0.0,0.0,232820.48,0.0,0.0,8683.11,184169.28,158078.76,0.00,259085.82,64090.92
CZ16/ESe&0&cDXHP&Ex&dxHP_equip/NE-dxHP-PkgHP-33to65-Ex-SEER17.1/instance-out.sql,1386198.5,166761.87,182801.15,197959.32,0.0,323176.74,0.0,282675.55,3.39,0.0,0.0,0.0,232820.48,0.0,0.0,8683.11,182801.15,158078.76,0.00,259085.82,64090.92
CZ16/ESe&0&cDXHP&Ex&dxHP_equip/NE-dxHP-PkgHP-33to65-Ex-SEER18.1/instance-out.sql,1384897.8599999999,166761.87,181500.51,197959.32,0.0,323176.74,0.0,282675.55,3.39,0.0,0.0,0.0,232820.48,0.0,0.0,8683.11,181500.51,158078.76,0.00,259085.82,64090.92
CZ16/ESe&0&cDXHP&Ex&dxHP_equip/NE-dxHP-SplitHP-18to33-Ex-SEER14.3/instance-out.sql,1390882.6099999999,166398.30000000002,187848.84,197959.32,0.0,323176.74,0.0,282675.55,3.39,0.0,0.0,0.0,232820.48,0.0,0.0,8319.54,187848.84,158078.76,0.00,259085.82,64090.92
CZ16/ESe&0&cDXHP&Ex&dxHP_equip/NE-dxHP-SplitHP-18to33-Ex-SEER15.2/instance-out.sql,1388914.34,166398.30000000002,185880.57,197959.32,0.0,323176.74,0.0,282675.55,3.39,0.0,0.0,0.0,232820.48,0.0,0.0,8319.54,185880.57,158078.76,0.00,259085.82,64090.92
CZ16/ESe&0&cDXHP&Ex&dxHP_equip/NE-dxHP-SplitHP-18to33-Ex-SEER16.2/instance-out.sql,1387203.05,166398.30000000002,184169.28,197959.32,0.0,323176.74,0.0,282675.55,3.39,0.0,0.0,0.0,232820.48,0.0,0.0,8319.54,184169.28,158078.76,0.00,259085.82,64090.92
CZ16/ESe&0&cDXHP&Ex&dxHP_equip/NE-dxHP-SplitHP-18to33-Ex-SEER17.1/instance-out.sql,1385834.92,166398.30000000002,182801.15,197959.32,0.0,323176.74,0.0,282675.55,3.39,0.0,0.0,0.0,232820.48,0.0,0.0,8319.54,182801.15,158078.76,0.00,259085.82,64090.92
CZ16/ESe&0&cDXHP&Ex&dxHP_equip/NE-dxHP-SplitHP-18to33-Ex-SEER18.1/instance-out.sql,1384534.28,166398.30000000002,181500.51,197959.32,0.0,323176.74,0.0,282675.55,3.39,0.0,0.0,0.0,232820.48,0.0,0.0,8319.54,181500.51,158078.76,0.00,259085.82,64090.92
CZ16/ESe&0&cDXHP&Ex&dxHP_equip/NE-dxHP-SplitHP-33to55-Ex-SEER14.3/instance-out.sql,1390882.6099999999,166398.30000000002,187848.84,197959.32,0.0,323176.74,0.0,282675.55,3.39,0.0,0.0,0.0,232820.48,0.0,0.0,8319.54,187848.84,158078.76,0.00,259085.82,64090.92
CZ16/ESe&0&cDXHP&Ex&dxHP_equip/NE-dxHP-SplitHP-33to55-Ex-SEER15.2/instance-out.sql,1388914.34,166398.30000000002,185880.57,197959.32,0.0,323176.74,0.0,282675.55,3.39,0.0,0.0,0.0,232820.48,0.0,0.0,8319.54,185880.57,158078.76,0.00,259085.82,64090.92
CZ16/ESe&0&cDXHP&Ex&dxHP_equip/NE-dxHP-SplitHP-33to55-Ex-SEER16.2/instance-out.sql,1387203.05,166398.30000000002,184169.28,197959.32,0.0,323176.74,0.0,282675.55,3.39,0.0,0.0,0.0,232820.48,0.0,0.0,8319.54,184169.28,158078.76,0.00,259085.82,64090.92
CZ16/ESe&0&cDXHP&Ex&dxHP_equip/NE-dxHP-SplitHP-33to55-Ex-SEER17.1/instance-out.sql,1385834.92,166398.30000000002,182801.15,197959.32,0.0,323176.74,0.0,282675.55,3.39,0.0,0.0,0.0,232820.48,0.0,0.0,8319.54,182801.15,158078.76,0.00,259085.82,64090.92
CZ16/ESe&0&cDXHP&Ex&dxHP_equip/NE-dxHP-SplitHP-33to55-Ex-SEER18.1/instance-out.sql,1384534.28,166398.30000000002,181500.51,197959.32,0.0,323176.74,0.0,282675.55,3.39,0.0,0.0,0.0,232820.48,0.0,0.0,8319.54,181500.51,158078.76,0.00,259085.82,64090.92
CZ16/EUn&0&cDXHP&Ex&dxHP_equip/NE-dxHP-PkgHP-18to33-Ex-SEER13.4/instance-out.sql,9457549.99,178162.01,1333823.86,1277404.75,0.0,3682881.23,0.0,2233178.88,3.37,0.0,0.0,0.0,752095.89,0.0,0.0,130715.41,1333823.86,47446.60,0.00,3555459.15,127422.08
CZ16/EUn&0&cDXHP&Ex&dxHP_equip/NE-dxHP-PkgHP-18to33-Ex-SEER15.2/instance-out.sql,9392936.950000001,178162.01,1269210.81,1277404.75,0.0,3682881.23,0.0,2233178.88,3.37,0.0,0.0,0.0,752095.89,0.0,0.0,130715.41,1269210.81,47446.60,0.00,3555459.15,127422.08
CZ16/EUn&0&cDXHP&Ex&dxHP_equip/NE-dxHP-PkgHP-18to33-Ex-SEER16.2/instance-out.sql,9366841.6,178162.01,1243115.46,1277404.75,0.0,3682881.23,0.0,2233178.88,3.37,0.0,0.0,0.0,752095.89,0.0,0.0,130715.41,1243115.46,47446.60,0.00,3555459.15,127422.08
CZ16/EUn&0&cDXHP&Ex&dxHP_equip/NE-dxHP-PkgHP-18to33-Ex-SEER17.1/instance-out.sql,9345979.17,178162.01,1222253.03,1277404.75,0.0,3682881.23,0.0,2233178.88,3.37,0.0,0.0,0.0,752095.89,0.0,0.0,130715.41,1222253.03,47446.60,0.00,3555459.15,127422.08
CZ16/EUn&0&cDXHP&Ex&dxHP_equip/NE-dxHP-PkgHP-18to33-Ex-SEER18.1/instance-out.sql,9326145.82,178162.01,1202419.68,1277404.75,0.0,3682881.23,0.0,2233178.88,3.37,0.0,0.0,0.0,752095.89,0.0,0.0,130715.41,1202419.68,47446.60,0.00,3555459.15,127422.08
CZ16/EUn&0&cDXHP&Ex&dxHP_equip/NE-dxHP-PkgHP-33to65-Ex-SEER13.4/instance-out.sql,9457549.99,178162.01,1333823.86,1277404.75,0.0,3682881.23,0.0,2233178.88,3.37,0.0,0.0,0.0,752095.89,0.0,0.0,130715.41,1333823.86,47446.60,0.00,3555459.15,127422.08
CZ16/EUn&0&cDXHP&Ex&dxHP_equip/NE-dxHP-PkgHP-33to65-Ex-SEER15.2/instance-out.sql,9392936.950000001,178162.01,1269210.81,1277404.75,0.0,3682881.23,0.0,2233178.88,3.37,0.0,0.0,0.0,752095.89,0.0,0.0,130715.41,1269210.81,47446.60,0.00,3555459.15,127422.08
CZ16/EUn&0&cDXHP&Ex&dxHP_equip/NE-dxHP-PkgHP-33to65-Ex-SEER16.2/instance-out.sql,9366841.6,178162.01,1243115.46,1277404.75,0.0,3682881.23,0.0,2233178.88,3.37,0.0,0.0,0.0,752095.89,0.0,0.0,130715.41,1243115.46,47446.60,0.00,3555459.15,127422.08
CZ16/EUn&0&cDXHP&Ex&dxHP_equip/NE-dxHP-PkgHP-33to65-Ex-SEER17.1/instance-out.sql,9345979.17,178162.01,1222253.03,1277404.75,0.0,3682881.23,0.0,2233178.88,3.37,0.0,0.0,0.0,752095.89,0.0,0.0,130715.41,1222253.03,47446.60,0.00,3555459.15,127422.08
CZ16/EUn&0&cDXHP&Ex&dxHP_equip/NE-dxHP-PkgHP-33to65-Ex-SEER18.1/instance-out.sql,9326145.82,178162.01,1202419.68,1277404.75,0.0,3682881.23,0.0,2233178.88,3.37,0.0,0.0,0.0,752095.89,0.0,0.0,130715.41,1202419.68,47446.60,0.00,3555459.15,127422.08
CZ16/EUn&0&cDXHP&Ex&dxHP_equip/NE-dxHP-SplitHP-18to33-Ex-SEER14.3/instance-out.sql,9417235.81,172446.93,1299224.76,1277404.75,0.0,3682881.23,0.0,2233178.88,3.37,0.0,0.0,0.0,752095.89,0.0,0.0,125000.33,1299224.76,47446.60,0.00,3555459.15,127422.08
CZ16/EUn&0&cDXHP&Ex&dxHP_equip/NE-dxHP-SplitHP-18to33-Ex-SEER15.2/instance-out.sql,9387221.86,172446.93,1269210.81,1277404.75,0.0,3682881.23,0.0,2233178.88,3.37,0.0,0.0,0.0,752095.89,0.0,0.0,125000.33,1269210.81,47446.60,0.00,3555459.15,127422.08
CZ16/EUn&0&cDXHP&Ex&dxHP_equip/NE-dxHP-SplitHP-18to33-Ex-SEER16.2/instance-out.sql,9361126.52,172446.93,1243115.46,1277404.75,0.0,3682881.23,0.0,2233178.88,3.37,0.0,0.0,0.0,752095.89,0.0,0.0,125000.33,1243115.46,47446.60,0.00,3555459.15,127422.08
CZ16/EUn&0&cDXHP&Ex&dxHP_equip/NE-dxHP-SplitHP-18to33-Ex-SEER17.1/instance-out.sql,9340264.08,172446.93,1222253.03,1277404.75,0.0,3682881.23,0.0,2233178.88,3.37,0.0,0.0,0.0,752095.89,0.0,0.0,125000.33,1222253.03,47446.60,0.00,3555459.15,127422.08
CZ16/EUn&0&cDXHP&Ex&dxHP_equip/NE-dxHP-SplitHP-18to33-Ex-SEER18.1/instance-out.sql,9320430.74,172446.93,1202419.68,1277404.75,0.0,3682881.23,0.0,2233178.88,3.37,0.0,0.0,0.0,752095.89,0.0,0.0,125000.33,1202419.68,47446.60,0.00,3555459.15,127422.08
CZ16/EUn&0&cDXHP&Ex&dxHP_equip/NE-dxHP-SplitHP-33to55-Ex-SEER14.3/instance-out.sql,9417235.81,172446.93,1299224.76,1277404.75,0.0,3682881.23,0.0,2233178.88,3.37,0.0,0.0,0.0,752095.89,0.0,0.0,125000.33,1299224.76,47446.60,0.00,3555459.15,127422.08
CZ16/EUn&0&cDXHP&Ex&dxHP_equip/NE-dxHP-SplitHP-33to55-Ex-SEER15.2/instance-out.sql,9387221.86,172446.93,1269210.81,1277404.75,0.0,3682881.23,0.0,2233178.88,3.37,0.0,0.0,0.0,752095.89,0.0,0.0,125000.33,1269210.81,47446.60,0.00,3555459.15,127422.08
CZ16/EUn&0&cDXHP&Ex&dxHP_equip/NE-dxHP-SplitHP-33to55-Ex-SEER16.2/instance-out.sql,9361126.52,172446.93,1243115.46,1277404.75,0.0,3682881.23,0.0,2233178.88,3.37,0.0,0.0,0.0,752095.89,0.0,0.0,125000.33,1243115.46,47446.60,0.00,3555459.15,127422.08
CZ16/EUn&0&cDXHP&Ex&dxHP_equip/NE-dxHP-SplitHP-33to55-Ex-SEER17.1/instance-out.sql,9340264.08,172446.93,1222253.03,1277404.75,0.0,3682881.23,0.0,2233178.88,3.37,0.0,0.0,0.0,752095.89,0.0,0.0,125000.33,1222253.03,47446.60,0.00,3555459.15,127422.08
CZ16/EUn&0&cDXHP&Ex&dxHP_equip/NE-dxHP-SplitHP-33to55-Ex-SEER18.1/instance-out.sql,9320430.74,172446.93,1202419.68,1277404.75,0.0,3682881.23,0.0,2233178.88,3.37,0.0,0.0,0.0,752095.89,0.0,0.0,125000.33,1202419.68,47446.60,0.00,3555459.15,127422.08
CZ16/Gro&0&cDXHP&Ex&dxHP_equip/NE-dxHP-PkgHP-18to33-Ex-SEER13.4/instance-out.sql,1986360.47,52963.99,82669.86,249218.65,0.0,177584.03,0.0,195332.53,3.38,0.0,0.0,0.0,60532.34,1168055.68,0.0,52963.99,82669.86,0.00,0.00,177584.03,0.00
CZ16/Gro&0&cDXHP&Ex&dxHP_equip/NE-dxHP-PkgHP-18to33-Ex-SEER15.2/instance-out.sql,1980527.32,52963.99,76836.71,249218.65,0.0,177584.03,0.0,195332.53,3.38,0.0,0.0,0.0,60532.34,1168055.68,0.0,52963.99,76836.71,0.00,0.00,177584.03,0.00
CZ16/Gro&0&cDXHP&Ex&dxHP_equip/NE-dxHP-PkgHP-18to33-Ex-SEER16.2/instance-out.sql,1978171.48,52963.99,74480.87,249218.65,0.0,177584.03,0.0,195332.53,3.38,0.0,0.0,0.0,60532.34,1168055.68,0.0,52963.99,74480.87,0.00,0.00,177584.03,0.00
CZ16/Gro&0&cDXHP&Ex&dxHP_equip/NE-dxHP-PkgHP-18to33-Ex-SEER17.1/instance-out.sql,1976288.05,52963.99,72597.44,249218.65,0.0,177584.03,0.0,195332.53,3.38,0.0,0.0,0.0,60532.34,1168055.68,0.0,52963.99,72597.44,0.00,0.00,177584.03,0.00
CZ16/Gro&0&cDXHP&Ex&dxHP_equip/NE-dxHP-PkgHP-18to33-Ex-SEER18.1/instance-out.sql,1974497.53,52963.99,70806.92,249218.65,0.0,177584.03,0.0,195332.53,3.38,0.0,0.0,0.0,60532.34,1168055.68,0.0,52963.99,70806.92,0.00,0.00,177584.03,0.00
CZ16/Gro&0&cDXHP&Ex&dxHP_equip/NE-dxHP-PkgHP-33to65-Ex-SEER13.4/instance-out.sql,1986360.47,52963.99,82669.86,249218.65,0.0,177584.03,0.0,195332.53,3.38,0.0,0.0,0.0,60532.34,1168055.68,0.0,52963.99,82669.86,0.00,0.00,177584.03,0.00
CZ16/Gro&0&cDXHP&Ex&dxHP_equip/NE-dxHP-PkgHP-33to65-Ex-SEER15.2/instance-out.sql,1980527.32,52963.99,76836.71,249218.65,0.0,177584.03,0.0,195332.53,3.38,0.0,0.0,0.0,60532.34,1168055.68,0.0,52963.99,76836.71,0.00,0.00,177584.03,0.00
CZ16/Gro&0&cDXHP&Ex&dxHP_equip/NE-dxHP-PkgHP-33to65-Ex-SEER16.2/instance-out.sql,1978171.48,52963.99,74480.87,249218.65,0.0,177584.03,0.0,195332.53,3.38,0.0,0.0,0.0,60532.34,1168055.68,0.0,52963.99,74480.87,0.00,0.00,177584.03,0.00
CZ16/Gro&0&cDXHP&Ex&dxHP_equip/NE-dxHP-PkgHP-33to65-Ex-SEER17.1/instance-out.sql,1976288.05,52963.99,72597.44,249218.65,0.0,177584.03,0.0,195332.53,3.38,0.0,0.0,0.0,60532.34,1168055.68,0.0,52963.99,72597.44,0.00,0.00,177584.03,0.00
CZ16/Gro&0&cDXHP&Ex&dxHP_equip/NE-dxHP-PkgHP-33to65-Ex-SEER18.1/instance-out.sql,1974497.53,52963.99,70806.92,249218.65,0.0,177584.03,0.0,195332.53,3.38,0.0,0.0,0.0,60532.34,1168055.68,0.0,52963.99,70806.92,0.00,0.00,177584.03,0.00
CZ16/Gro&0&cDXHP&Ex&dxHP_equip/NE-dxHP-SplitHP-18to33-Ex-SEER14.3/instance-out.sql,1980788.37,50515.44,79546.31,249218.65,0.0,177584.03,0.0,195332.53,3.38,0.0,0.0,0.0,60532.34,1168055.68,0.0,50515.44,79546.31,0.00,0.00,177584.03,0.00
CZ16/Gro&0&cDXHP&Ex&dxHP_equip/NE-dxHP-SplitHP-18to33-Ex-SEER15.2/instance-out.sql,1978078.76,50515.44,76836.71,249218.65,0.0,177584.03,0.0,195332.53,3.38,0.0,0.0,0.0,60532.34,1168055.68,0.0,50515.44,76836.71,0.00,0.00,177584.03,0.00
CZ16/Gro&0&cDXHP&Ex&dxHP_equip/NE-dxHP-SplitHP-18to33-Ex-SEER16.2/instance-out.sql,1975722.9200000002,50515.44,74480.87,249218.65,0.0,177584.03,0.0,195332.53,3.38,0.0,0.0,0.0,60532.34,1168055.68,0.0,50515.44,74480.87,0.00,0.00,177584.03,0.00
CZ16/Gro&0&cDXHP&Ex&dxHP_equip/NE-dxHP-SplitHP-18to33-Ex-SEER17.1/instance-out.sql,1973839.5,50515.44,72597.44,249218.65,0.0,177584.03,0.0,195332.53,3.38,0.0,0.0,0.0,60532.34,1168055.68,0.0,50515.44,72597.44,0.00,0.00,177584.03,0.00
CZ16/Gro&0&cDXHP&Ex&dxHP_equip/NE-dxHP-SplitHP-18to33-Ex-SEER18.1/instance-out.sql,1972048.98,50515.44,70806.92,249218.65,0.0,177584.03,0.0,195332.53,3.38,0.0,0.0,0.0,60532.34,1168055.68,0.0,50515.44,70806.92,0.00,0.00,177584.03,0.00
CZ16/Gro&0&cDXHP&Ex&dxHP_equip/NE-dxHP-SplitHP-33to55-Ex-SEER14.3/instance-out.sql,1980788.37,50515.44,79546.31,249218.65,0.0,177584.03,0.0,195332.53,3.38,0.0,0.0,0.0,60532.34,1168055.68,0.0,50515.44,79546.31,0.00,0.00,177584.03,0.00
CZ16/Gro&0&cDXHP&Ex&dxHP_equip/NE-dxHP-SplitHP-33to55-Ex-SEER15.2/instance-out.sql,1978078.76,50515.44,76836.71,249218.65,0.0,177584.03,0.0,195332.53,3.38,0.0,0.0,0.0,60532.34,1168055.68,0.0,50515.44,76836.71,0.00,0.00,177584.03,0.00
CZ16/Gro&0&cDXHP&Ex&dxHP_equip/NE-dxHP-SplitHP-33to55-Ex-SEER16.2/instance-out.sql,1975722.9200000002,50515.44,74480.87,249218.65,0.0,177584.03,0.0,195332.53,3.38,0.0,0.0,0.0,60532.34,1168055.68,0.0,50515.44,74480.87,0.00,0.00,177584.03,0.00
CZ16/Gro&0&cDXHP&Ex&dxHP_equip/NE-dxHP-SplitHP-33to55-Ex-SEER17.1/instance-out.sql,1973839.5,50515.44,72597.44,249218.65,0.0,177584.03,0.0,195332.53,3.38,0.0,0.0,0.0,60532.34,1168055.68,0.0,50515.44,72597.44,0.00,0.00,177584.03,0.00
CZ16/Gro&0&cDXHP&Ex&dxHP_equip/NE-dxHP-SplitHP-33to55-Ex-SEER18.1/instance-out.sql,1972048.98,50515.44,70806.92,249218.65,0.0,177584.03,0.0,195332.53,3.38,0.0,0.0,0.0,60532.34,1168055.68,0.0,50515.44,70806.92,0.00,0.00,177584.03,0.00
CZ16/Hsp&0&cDXHP&Ex&dxHP_equip/NE-dxHP-PkgHP-18to33-Ex-SEER13.4/instance-out.sql,4520369.34,403784.54000000004,1069471.2,856282.21,0.0,1182847.3,0.0,704788.79,40674.37,0.0,0.0,0.0,262520.94,0.0,0.0,17156.45,1069471.20,386628.09,0.00,1139112.10,43735.20
CZ16/Hsp&0&cDXHP&Ex&dxHP_equip/NE-dxHP-PkgHP-18to33-Ex-SEER15.2/instance-out.sql,4510598.59,403784.54000000004,1059700.45,856282.21,0.0,1182847.3,0.0,704788.79,40674.37,0.0,0.0,0.0,262520.94,0.0,0.0,17156.45,1059700.45,386628.09,0.00,1139112.10,43735.20
CZ16/Hsp&0&cDXHP&Ex&dxHP_equip/NE-dxHP-PkgHP-18to33-Ex-SEER16.2/instance-out.sql,4506652.470000001,403784.54000000004,1055754.32,856282.21,0.0,1182847.3,0.0,704788.79,40674.37,0.0,0.0,0.0,262520.94,0.0,0.0,17156.45,1055754.32,386628.09,0.00,1139112.10,43735.20
CZ16/Hsp&0&cDXHP&Ex&dxHP_equip/NE-dxHP-PkgHP-18to33-Ex-SEER17.1/instance-out.sql,4503497.66,403784.54000000004,1052599.52,856282.21,0.0,1182847.3,0.0,704788.79,40674.37,0.0,0.0,0.0,262520.94,0.0,0.0,17156.45,1052599.52,386628.09,0.00,1139112.10,43735.20
CZ16/Hsp&0&cDXHP&Ex&dxHP_equip/NE-dxHP-PkgHP-18to33-Ex-SEER18.1/instance-out.sql,4500498.470000001,403784.54000000004,1049600.33,856282.21,0.0,1182847.3,0.0,704788.79,40674.37,0.0,0.0,0.0,262520.94,0.0,0.0,17156.45,1049600.33,386628.09,0.00,1139112.10,43735.20
CZ16/Hsp&0&cDXHP&Ex&dxHP_equip/NE-dxHP-PkgHP-33to65-Ex-SEER13.4/instance-out.sql,4520369.34,403784.54000000004,1069471.2,856282.21,0.0,1182847.3,0.0,704788.79,40674.37,0.0,0.0,0.0,262520.94,0.0,0.0,17156.45,1069471.20,386628.09,0.00,1139112.10,43735.20
CZ16/Hsp&0&cDXHP&Ex&dxHP_equip/NE-dxHP-PkgHP-33to65-Ex-SEER15.2/instance-out.sql,4510598.59,403784.54000000004,1059700.45,856282.21,0.0,1182847.3,0.0,704788.79,40674.37,0.0,0.0,0.0,262520.94,0.0,0.0,17156.45,1059700.45,386628.09,0.00,1139112.10,43735.20
CZ16/Hsp&0&cDXHP&Ex&dxHP_equip/NE-dxHP-PkgHP-33to65-Ex-SEER16.2/instance-out.sql,4506652.470000001,403784.54000000004,1055754.32,856282.21,0.0,1182847.3,0.0,704788.79,40674.37,0.0,0.0,0.0,262520.94,0.0,0.0,17156.45,1055754.32,386628.09,0.00,1139112.10,43735.20
CZ16/Hsp&0&cDXHP&Ex&dxHP_equip/NE-dxHP-PkgHP-33to65-Ex-SEER17.1/instance-out.sql,4503497.66,403784.54000000004,1052599.52,856282.21,0.0,1182847.3,0.0,704788.79,40674.37,0.0,0.0,0.0,262520.94,0.0,0.0,17156.45,1052599.52,386628.09,0.00,1139112.10,43735.20
CZ16/Hsp&0&cDXHP&Ex&dxHP_equip/NE-dxHP-PkgHP-33to65-Ex-SEER18.1/instance-out.sql,4500498.470000001,403784.54000000004,1049600.33,856282.21,0.0,1182847.3,0.0,704788.79,40674.37,0.0,0.0,0.0,262520.94,0.0,0.0,17156.45,1049600.33,386628.09,0.00,1139112.10,43735.20
CZ16/Hsp&0&cDXHP&Ex&dxHP_equip/NE-dxHP-SplitHP-18to33-Ex-SEER14.3/instance-out.sql,4514415.609999999,403062.87,1064239.14,856282.21,0.0,1182847.3,0.0,704788.79,40674.37,0.0,0.0,0.0,262520.94,0.0,0.0,16434.78,1064239.14,386628.09,0.00,1139112.10,43735.20
CZ16/Hsp&0&cDXHP&Ex&dxHP_equip/NE-dxHP-SplitHP-18to33-Ex-SEER15.2/instance-out.sql,4509876.92,403062.87,1059700.45,856282.21,0.0,1182847.3,0.0,704788.79,40674.37,0.0,0.0,0.0,262520.94,0.0,0.0,16434.78,1059700.45,386628.09,0.00,1139112.10,43735.20
CZ16/Hsp&0&cDXHP&Ex&dxHP_equip/NE-dxHP-SplitHP-18to33-Ex-SEER16.2/instance-out.sql,4505930.79,403062.87,1055754.32,856282.21,0.0,1182847.3,0.0,704788.79,40674.37,0.0,0.0,0.0,262520.94,0.0,0.0,16434.78,1055754.32,386628.09,0.00,1139112.10,43735.20
CZ16/Hsp&0&cDXHP&Ex&dxHP_equip/NE-dxHP-SplitHP-18to33-Ex-SEER17.1/instance-out.sql,4502775.99,403062.87,1052599.52,856282.21,0.0,1182847.3,0.0,704788.79,40674.37,0.0,0.0,0.0,262520.94,0.0,0.0,16434.78,1052599.52,386628.09,0.00,1139112.10,43735.20
CZ16/Hsp&0&cDXHP&Ex&dxHP_equip/NE-dxHP-SplitHP-18to33-Ex-SEER18.1/instance-out.sql,4499776.8,403062.87,1049600.33,856282.21,0.0,1182847.3,0.0,704788.79,40674.37,0.0,0.0,0.0,262520.94,0.0,0.0,16434.78,1049600.33,386628.09,0.00,1139112.10,43735.20
CZ16/Hsp&0&cDXHP&Ex&dxHP_equip/NE-dxHP-SplitHP-33to55-Ex-SEER14.3/instance-out.sql,4514415.609999999,403062.87,1064239.14,856282.21,0.0,1182847.3,0.0,704788.79,40674.37,0.0,0.0,0.0,262520.94,0.0,0.0,16434.78,1064239.14,386628.09,0.00,1139112.10,43735.20
CZ16/Hsp&0&cDXHP&Ex&dxHP_equip/NE-dxHP-SplitHP-33to55-Ex-SEER15.2/instance-out.sql,4509876.92,403062.87,1059700.45,856282.21,0.0,1182847.3,0.0,704788.79,40674.37,0.0,0.0,0.0,262520.94,0.0,0.0,16434.78,1059700.45,386628.09,0.00,1139112.10,43735.20
CZ16/Hsp&0&cDXHP&Ex&dxHP_equip/NE-dxHP-SplitHP-33to55-Ex-SEER16.2/instance-out.sql,4505930.79,403062.87,1055754.32,856282.21,0.0,1182847.3,0.0,704788.79,40674.37,0.0,0.0,0.0,262520.94,0.0,0.0,16434.78,1055754.32,386628.09,0.00,1139112.10,43735.20
CZ16/Hsp&0&cDXHP&Ex&dxHP_equip/NE-dxHP-SplitHP-33to55-Ex-SEER17.1/instance-out.sql,4502775.99,403062.87,1052599.52,856282.21,0.0,1182847.3,0.0,704788.79,40674.37,0.0,0.0,0.0,262520.94,0.0,0.0,16434.78,1052599.52,386628.09,0.00,1139112.10,43735.20
CZ16/Hsp&0&cDXHP&Ex&dxHP_equip/NE-dxHP-SplitHP-33to55-Ex-SEER18.1/instance-out.sql,4499776.8,403062.87,1049600.33,856282.21,0.0,1182847.3,0.0,704788.79,40674.37,0.0,0.0,0.0,262520.94,0.0,0.0,16434.78,1049600.33,386628.09,0.00,1139112.10,43735.20
CZ16/MBT&0&cDXHP&Ex&dxHP_equip/NE-dxHP-PkgHP-18to33-Ex-SEER13.4/instance-out.sql,7201483.3,2620764.76,608135.5,709539.71,0.0,2167645.51,0.0,920639.55,617.43,0.0,0.0,0.0,174140.83,0.0,0.0,53943.19,608135.50,2566821.57,0.00,1394057.91,773587.60
CZ16/MBT&0&cDXHP&Ex&dxHP_equip/NE-dxHP-PkgHP-18to33-Ex-SEER15.2/instance-out.sql,7188970.5,2620764.76,595622.7,709539.71,0.0,2167645.51,0.0,920639.55,617.43,0.0,0.0,0.0,174140.83,0.0,0.0,53943.19,595622.70,2566821.57,0.00,1394057.91,773587.60
CZ16/MBT&0&cDXHP&Ex&dxHP_equip/NE-dxHP-PkgHP-18to33-Ex-SEER16.2/instance-out.sql,7183916.95,2620764.76,590569.15,709539.71,0.0,2167645.51,0.0,920639.55,617.43,0.0,0.0,0.0,174140.83,0.0,0.0,53943.19,590569.15,2566821.57,0.00,1394057.91,773587.60
CZ16/MBT&0&cDXHP&Ex&dxHP_equip/NE-dxHP-PkgHP-18to33-Ex-SEER17.1/instance-out.sql,7179876.779999999,2620764.76,586528.98,709539.71,0.0,2167645.51,0.0,920639.55,617.43,0.0,0.0,0.0,174140.83,0.0,0.0,53943.19,586528.98,2566821.57,0.00,1394057.91,773587.60
CZ16/MBT&0&cDXHP&Ex&dxHP_equip/NE-dxHP-PkgHP-18to33-Ex-SEER18.1/instance-out.sql,7176035.91,2620764.76,582688.11,709539.71,0.0,2167645.51,0.0,920639.55,617.43,0.0,0.0,0.0,174140.83,0.0,0.0,53943.19,582688.11,2566821.57,0.00,1394057.91,773587.60
CZ16/MBT&0&cDXHP&Ex&dxHP_equip/NE-dxHP-PkgHP-33to65-Ex-SEER13.4/instance-out.sql,7201483.3,2620764.76,608135.5,709539.71,0.0,2167645.51,0.0,920639.55,617.43,0.0,0.0,0.0,174140.83,0.0,0.0,53943.19,608135.50,2566821.57,0.00,1394057.91,773587.60
CZ16/MBT&0&cDXHP&Ex&dxHP_equip/NE-dxHP-PkgHP-33to65-Ex-SEER15.2/instance-out.sql,7188970.5,2620764.76,595622.7,709539.71,0.0,2167645.51,0.0,920639.55,617.43,0.0,0.0,0.0,174140.83,0.0,0.0,53943.19,595622.70,2566821.57,0.00,1394057.91,773587.60
CZ16/MBT&0&cDXHP&Ex&dxHP_equip/NE-dxHP-PkgHP-33to65-Ex-SEER16.2/instance-out.sql,7183916.95,2620764.76,590569.15,709539.71,0.0,2167645.51,0.0,920639.55,617.43,0.0,0.0,0.0,174140.83,0.0,0.0,53943.19,590569.15,2566821.57,0.00,1394057.91,773587.60
CZ16/MBT&0&cDXHP&Ex&dxHP_equip/NE-dxHP-PkgHP-33to65-Ex-SEER17.1/instance-out.sql,7179876.779999999,2620764.76,586528.98,709539.71,0.0,2167645.51,0.0,920639.55,617.43,0.0,0.0,0.0,174140.83,0.0,0.0,53943.19,586528.98,2566821.57,0.00,1394057.91,773587.60
CZ16/MBT&0&cDXHP&Ex&dxHP_equip/NE-dxHP-PkgHP-33to65-Ex-SEER18.1/instance-out.sql,7176035.91,2620764.76,582688.11,709539.71,0.0,2167645.51,0.0,920639.55,617.43,0.0,0.0,0.0,174140.83,0.0,0.0,53943.19,582688.11,2566821.57,0.00,1394057.91,773587.60
CZ16/MBT&0&cDXHP&Ex&dxHP_equip/NE-dxHP-SplitHP-18to33-Ex-SEER14.3/instance-out.sql,7192398.390000001,2618380.23,601435.12,709539.71,0.0,2167645.51,0.0,920639.55,617.43,0.0,0.0,0.0,174140.83,0.0,0.0,51558.66,601435.12,2566821.57,0.00,1394057.91,773587.60
CZ16/MBT&0&cDXHP&Ex&dxHP_equip/NE-dxHP-SplitHP-18to33-Ex-SEER15.2/instance-out.sql,7186585.970000001,2618380.23,595622.7,709539.71,0.0,2167645.51,0.0,920639.55,617.43,0.0,0.0,0.0,174140.83,0.0,0.0,51558.66,595622.70,2566821.57,0.00,1394057.91,773587.60
CZ16/MBT&0&cDXHP&Ex&dxHP_equip/NE-dxHP-SplitHP-18to33-Ex-SEER16.2/instance-out.sql,7181532.42,2618380.23,590569.15,709539.71,0.0,2167645.51,0.0,920639.55,617.43,0.0,0.0,0.0,174140.83,0.0,0.0,51558.66,590569.15,2566821.57,0.00,1394057.91,773587.60
CZ16/MBT&0&cDXHP&Ex&dxHP_equip/NE-dxHP-SplitHP-18to33-Ex-SEER17.1/instance-out.sql,7177492.25,2618380.23,586528.98,709539.71,0.0,2167645.51,0.0,920639.55,617.43,0.0,0.0,0.0,174140.83,0.0,0.0,51558.66,586528.98,2566821.57,0.00,1394057.91,773587.60
CZ16/MBT&0&cDXHP&Ex&dxHP_equip/NE-dxHP-SplitHP-18to33-Ex-SEER18.1/instance-out.sql,7173651.38,2618380.23,582688.11,709539.71,0.0,2167645.51,0.0,920639.55,617.43,0.0,0.0,0.0,174140.83,0.0,0.0,51558.66,582688.11,2566821.57,0.00,1394057.91,773587.60
CZ16/MBT&0&cDXHP&Ex&dxHP_equip/NE-dxHP-SplitHP-33to55-Ex-SEER14.3/instance-out.sql,7192398.390000001,2618380.23,601435.12,709539.71,0.0,2167645.51,0.0,920639.55,617.43,0.0,0.0,0.0,174140.83,0.0,0.0,51558.66,601435.12,2566821.57,0.00,1394057.91,773587.60
CZ16/MBT&0&cDXHP&Ex&dxHP_equip/NE-dxHP-SplitHP-33to55-Ex-SEER15.2/instance-out.sql,7186585.970000001,2618380.23,595622.7,709539.71,0.0,2167645.51,0.0,920639.55,617.43,0.0,0.0,0.0,174140.83,0.0,0.0,51558.66,595622.70,2566821.57,0.00,1394057.91,773587.60
CZ16/MBT&0&cDXHP&Ex&dxHP_equip/NE-dxHP-SplitHP-33to55-Ex-SEER16.2/instance-out.sql,7181532.42,2618380.23,590569.15,709539.71,0.0,2167645.51,0.0,920639.55,617.43,0.0,0.0,0.0,174140.83,0.0,0.0,51558.66,590569.15,2566821.57,0.00,1394057.91,773587.60
CZ16/MBT&0&cDXHP&Ex&dxHP_equip/NE-dxHP-SplitHP-33to55-Ex-SEER17.1/instance-out.sql,7177492.25,2618380.23,586528.98,709539.71,0.0,2167645.51,0.0,920639.55,617.43,0.0,0.0,0.0,174140.83,0.0,0.0,51558.66,586528.98,2566821.57,0.00,1394057.91,773587.60
CZ16/MBT&0&cDXHP&Ex&dxHP_equip/NE-dxHP-SplitHP-33to55-Ex-SEER18.1/instance-out.sql,7173651.38,2618380.23,582688.11,709539.71,0.0,2167645.51,0.0,920639.55,617.43,0.0,0.0,0.0,174140.83,0.0,0.0,51558.66,582688.11,2566821.57,0.00,1394057.91,773587.60
CZ16/MLI&0&cDXHP&Ex&dxHP_equip/NE-dxHP-PkgHP-18to33-Ex-SEER13.4/instance-out.sql,1243369.9100000001,68345.95,175482.46,283149.19,0.0,239893.0,0.0,427947.57,3.37,0.0,0.0,0.0,48548.37,0.0,0.0,68345.95,175482.46,0.00,0.00,239893.00,0.00
CZ16/MLI&0&cDXHP&Ex&dxHP_equip/NE-dxHP-PkgHP-18to33-Ex-SEER15.2/instance-out.sql,1230987.9400000002,68345.95,163100.48,283149.19,0.0,239893.0,0.0,427947.57,3.37,0.0,0.0,0.0,48548.37,0.0,0.0,68345.95,163100.48,0.00,0.00,239893.00,0.00
CZ16/MLI&0&cDXHP&Ex&dxHP_equip/NE-dxHP-PkgHP-18to33-Ex-SEER16.2/instance-out.sql,1225987.2200000002,68345.95,158099.76,283149.19,0.0,239893.0,0.0,427947.57,3.37,0.0,0.0,0.0,48548.37,0.0,0.0,68345.95,158099.76,0.00,0.00,239893.00,0.00
CZ16/MLI&0&cDXHP&Ex&dxHP_equip/NE-dxHP-PkgHP-18to33-Ex-SEER17.1/instance-out.sql,1221989.29,68345.95,154101.83,283149.19,0.0,239893.0,0.0,427947.57,3.37,0.0,0.0,0.0,48548.37,0.0,0.0,68345.95,154101.83,0.00,0.00,239893.00,0.00
CZ16/MLI&0&cDXHP&Ex&dxHP_equip/NE-dxHP-PkgHP-18to33-Ex-SEER18.1/instance-out.sql,1218188.57,68345.95,150301.12,283149.19,0.0,239893.0,0.0,427947.57,3.37,0.0,0.0,0.0,48548.37,0.0,0.0,68345.95,150301.12,0.00,0.00,239893.00,0.00
CZ16/MLI&0&cDXHP&Ex&dxHP_equip/NE-dxHP-PkgHP-33to65-Ex-SEER13.4/instance-out.sql,1243369.9100000001,68345.95,175482.46,283149.19,0.0,239893.0,0.0,427947.57,3.37,0.0,0.0,0.0,48548.37,0.0,0.0,68345.95,175482.46,0.00,0.00,239893.00,0.00
CZ16/MLI&0&cDXHP&Ex&dxHP_equip/NE-dxHP-PkgHP-33to65-Ex-SEER15.2/instance-out.sql,1230987.9400000002,68345.95,163100.48,283149.19,0.0,239893.0,0.0,427947.57,3.37,0.0,0.0,0.0,48548.37,0.0,0.0,68345.95,163100.48,0.00,0.00,239893.00,0.00
CZ16/MLI&0&cDXHP&Ex&dxHP_equip/NE-dxHP-PkgHP-33to65-Ex-SEER16.2/instance-out.sql,1225987.2200000002,68345.95,158099.76,283149.19,0.0,239893.0,0.0,427947.57,3.37,0.0,0.0,0.0,48548.37,0.0,0.0,68345.95,158099.76,0.00,0.00,239893.00,0.00
CZ16/MLI&0&cDXHP&Ex&dxHP_equip/NE-dxHP-PkgHP-33to65-Ex-SEER17.1/instance-out.sql,1221989.29,68345.95,154101.83,283149.19,0.0,239893.0,0.0,427947.57,3.37,0.0,0.0,0.0,48548.37,0.0,0.0,68345.95,154101.83,0.00,0.00,239893.00,0.00
CZ16/MLI&0&cDXHP&Ex&dxHP_equip/NE-dxHP-PkgHP-33to65-Ex-SEER18.1/instance-out.sql,1218188.57,68345.95,150301.12,283149.19,0.0,239893.0,0.0,427947.57,3.37,0.0,0.0,0.0,48548.37,0.0,0.0,68345.95,150301.12,0.00,0.00,239893.00,0.00
CZ16/MLI&0&cDXHP&Ex&dxHP_equip/NE-dxHP-SplitHP-18to33-Ex-SEER14.3/instance-out.sql,1233695.83,65302.19,168852.14,283149.19,0.0,239893.0,0.0,427947.57,3.37,0.0,0.0,0.0,48548.37,0.0,0.0,65302.19,168852.14,0.00,0.00,239893.00,0.00
CZ16/MLI&0&cDXHP&Ex&dxHP_equip/NE-dxHP-SplitHP-18to33-Ex-SEER15.2/instance-out.sql,1227944.1700000002,65302.19,163100.48,283149.19,0.0,239893.0,0.0,427947.57,3.37,0.0,0.0,0.0,48548.37,0.0,0.0,65302.19,163100.48,0.00,0.00,239893.00,0.00
CZ16/MLI&0&cDXHP&Ex&dxHP_equip/NE-dxHP-SplitHP-18to33-Ex-SEER16.2/instance-out.sql,1222943.4500000002,65302.19,158099.76,283149.19,0.0,239893.0,0.0,427947.57,3.37,0.0,0.0,0.0,48548.37,0.0,0.0,65302.19,158099.76,0.00,0.00,239893.00,0.00
CZ16/MLI&0&cDXHP&Ex&dxHP_equip/NE-dxHP-SplitHP-18to33-Ex-SEER17.1/instance-out.sql,1218945.53,65302.19,154101.83,283149.19,0.0,239893.0,0.0,427947.57,3.37,0.0,0.0,0.0,48548.37,0.0,0.0,65302.19,154101.83,0.00,0.00,239893.00,0.00
CZ16/MLI&0&cDXHP&Ex&dxHP_equip/NE-dxHP-SplitHP-18to33-Ex-SEER18.1/instance-out.sql,1215144.81,65302.19,150301.12,283149.19,0.0,239893.0,0.0,427947.57,3.37,0.0,0.0,0.0,48548.37,0.0,0.0,65302.19,150301.12,0.00,0.00,239893.00,0.00
CZ16/MLI&0&cDXHP&Ex&dxHP_equip/NE-dxHP-SplitHP-33to55-Ex-SEER14.3/instance-out.sql,1233695.83,65302.19,168852.14,283149.19,0.0,239893.0,0.0,427947.57,3.37,0.0,0.0,0.0,48548.37,0.0,0.0,65302.19,168852.14,0.00,0.00,239893.00,0.00
CZ16/MLI&0&cDXHP&Ex&dxHP_equip/NE-dxHP-SplitHP-33to55-Ex-SEER15.2/instance-out.sql,1227944.1700000002,65302.19,163100.48,283149.19,0.0,239893.0,0.0,427947.57,3.37,0.0,0.0,0.0,48548.37,0.0,0.0,65302.19,163100.48,0.00,0.00,239893.00,0.00
CZ16/MLI&0&cDXHP&Ex&dxHP_equip/NE-dxHP-SplitHP-33to55-Ex-SEER16.2/instance-out.sql,1222943.4500000002,65302.19,158099.76,283149.19,0.0,239893.0,0.0,427947.57,3.37,0.0,0.0,0.0,48548.37,0.0,0.0,65302.19,158099.76,0.00,0.00,239893.00,0.00
CZ16/MLI&0&cDXHP&Ex&dxHP_equip/NE-dxHP-SplitHP-33to55-Ex-SEER17.1/instance-out.sql,1218945.53,65302.19,154101.83,283149.19,0.0,239893.0,0.0,427947.57,3.37,0.0,0.0,0.0,48548.37,0.0,0.0,65302.19,154101.83,0.00,0.00,239893.00,0.00
CZ16/MLI&0&cDXHP&Ex&dxHP_equip/NE-dxHP-SplitHP-33to55-Ex-SEER18.1/instance-out.sql,1215144.81,65302.19,150301.12,283149.19,0.0,239893.0,0.0,427947.57,3.37,0.0,0.0,0.0,48548.37,0.0,0.0,65302.19,150301.12,0.00,0.00,239893.00,0.00
CZ16/Mtl&0&cDXHP&Ex&dxHP_equip/NE-dxHP-PkgHP-18to33-Ex-SEER13.4/instance-out.sql,206960.19999999998,13954.31,42687.26,51285.47,0.0,22443.33,0.0,68838.29,3.36,0.0,0.0,0.0,7748.17,0.0,0.0,11809.06,42687.26,2145.25,0.00,22191.36,251.97
CZ16/Mtl&0&cDXHP&Ex&dxHP_equip/NE-dxHP-PkgHP-18to33-Ex-SEER15.2/instance-out.sql,204538.56,13954.31,40265.61,51285.47,0.0,22443.33,0.0,68838.29,3.36,0.0,0.0,0.0,7748.17,0.0,0.0,11809.06,40265.61,2145.25,0.00,22191.36,251.97
CZ16/Mtl&0&cDXHP&Ex&dxHP_equip/NE-dxHP-PkgHP-18to33-Ex-SEER16.2/instance-out.sql,203560.53,13954.31,39287.58,51285.47,0.0,22443.33,0.0,68838.29,3.36,0.0,0.0,0.0,7748.17,0.0,0.0,11809.06,39287.58,2145.25,0.00,22191.36,251.97
CZ16/Mtl&0&cDXHP&Ex&dxHP_equip/NE-dxHP-PkgHP-18to33-Ex-SEER17.1/instance-out.sql,202778.62,13954.31,38505.67,51285.47,0.0,22443.33,0.0,68838.29,3.36,0.0,0.0,0.0,7748.17,0.0,0.0,11809.06,38505.67,2145.25,0.00,22191.36,251.97
CZ16/Mtl&0&cDXHP&Ex&dxHP_equip/NE-dxHP-PkgHP-18to33-Ex-SEER18.1/instance-out.sql,202035.28,13954.31,37762.33,51285.47,0.0,22443.33,0.0,68838.29,3.36,0.0,0.0,0.0,7748.17,0.0,0.0,11809.06,37762.33,2145.25,0.00,22191.36,251.97
CZ16/Mtl&0&cDXHP&Ex&dxHP_equip/NE-dxHP-PkgHP-33to65-Ex-SEER13.4/instance-out.sql,206960.19999999998,13954.31,42687.26,51285.47,0.0,22443.33,0.0,68838.29,3.36,0.0,0.0,0.0,7748.17,0.0,0.0,11809.06,42687.26,2145.25,0.00,22191.36,251.97
CZ16/Mtl&0&cDXHP&Ex&dxHP_equip/NE-dxHP-PkgHP-33to65-Ex-SEER15.2/instance-out.sql,204538.56,13954.31,40265.61,51285.47,0.0,22443.33,0.0,68838.29,3.36,0.0,0.0,0.0,7748.17,0.0,0.0,11809.06,40265.61,2145.25,0.00,22191.36,251.97
CZ16/Mtl&0&cDXHP&Ex&dxHP_equip/NE-dxHP-PkgHP-33to65-Ex-SEER16.2/instance-out.sql,203560.53,13954.31,39287.58,51285.47,0.0,22443.33,0.0,68838.29,3.36,0.0,0.0,0.0,7748.17,0.0,0.0,11809.06,39287.58,2145.25,0.00,22191.36,251.97
CZ16/Mtl&0&cDXHP&Ex&dxHP_equip/NE-dxHP-PkgHP-33to65-Ex-SEER17.1/instance-out.sql,202778.62,13954.31,38505.67,51285.47,0.0,22443.33,0.0,68838.29,3.36,0.0,0.0,0.0,7748.17,0.0,0.0,11809.06,38505.67,2145.25,0.00,22191.36,251.97
CZ16/Mtl&0&cDXHP&Ex&dxHP_equip/NE-dxHP-PkgHP-33to65-Ex-SEER18.1/instance-out.sql,202035.28,13954.31,37762.33,51285.47,0.0,22443.33,0.0,68838.29,3.36,0.0,0.0,0.0,7748.17,0.0,0.0,11809.06,37762.33,2145.25,0.00,22191.36,251.97
CZ16/Mtl&0&cDXHP&Ex&dxHP_equip/NE-dxHP-SplitHP-18to33-Ex-SEER14.3/instance-out.sql,205178.79,13469.64,41390.51,51285.47,0.0,22443.33,0.0,68838.29,3.36,0.0,0.0,0.0,7748.17,0.0,0.0,11324.39,41390.51,2145.25,0.00,22191.36,251.97
CZ16/Mtl&0&cDXHP&Ex&dxHP_equip/NE-dxHP-SplitHP-18to33-Ex-SEER15.2/instance-out.sql,204053.88999999998,13469.64,40265.61,51285.47,0.0,22443.33,0.0,68838.29,3.36,0.0,0.0,0.0,7748.17,0.0,0.0,11324.39,40265.61,2145.25,0.00,22191.36,251.97
CZ16/Mtl&0&cDXHP&Ex&dxHP_equip/NE-dxHP-SplitHP-18to33-Ex-SEER16.2/instance-out.sql,203075.86,13469.64,39287.58,51285.47,0.0,22443.33,0.0,68838.29,3.36,0.0,0.0,0.0,7748.17,0.0,0.0,11324.39,39287.58,2145.25,0.00,22191.36,251.97
CZ16/Mtl&0&cDXHP&Ex&dxHP_equip/NE-dxHP-SplitHP-18to33-Ex-SEER17.1/instance-out.sql,202293.94999999998,13469.64,38505.67,51285.47,0.0,22443.33,0.0,68838.29,3.36,0.0,0.0,0.0,7748.17,0.0,0.0,11324.39,38505.67,2145.25,0.00,22191.36,251.97
CZ16/Mtl&0&cDXHP&Ex&dxHP_equip/NE-dxHP-SplitHP-18to33-Ex-SEER18.1/instance-out.sql,201550.62,13469.64,37762.33,51285.47,0.0,22443.33,0.0,68838.29,3.36,0.0,0.0,0.0,7748.17,0.0,0.0,11324.39,37762.33,2145.25,0.00,22191.36,251.97
CZ16/Mtl&0&cDXHP&Ex&dxHP_equip/NE-dxHP-SplitHP-33to55-Ex-SEER14.3/instance-out.sql,205178.79,13469.64,41390.51,51285.47,0.0,22443.33,0.0,68838.29,3.36,0.0,0.0,0.0,7748.17,0.0,0.0,11324.39,41390.51,2145.25,0.00,22191.36,251.97
CZ16/Mtl&0&cDXHP&Ex&dxHP_equip/NE-dxHP-SplitHP-33to55-Ex-SEER15.2/instance-out.sql,204053.88999999998,13469.64,40265.61,51285.47,0.0,22443.33,0.0,68838.29,3.36,0.0,0.0,0.0,7748.17,0.0,0.0,11324.39,40265.61,2145.25,0.00,22191.36,251.97
CZ16/Mtl&0&cDXHP&Ex&dxHP_equip/NE-dxHP-SplitHP-33to55-Ex-SEER16.2/instance-out.sql,203075.86,13469.64,39287.58,51285.47,0.0,22443.33,0.0,68838.29,3.36,0.0,0.0,0.0,7748.17,0.0,0.0,11324.39,39287.58,2145.25,0.00,22191.36,251.97
CZ16/Mtl&0&cDXHP&Ex&dxHP_equip/NE-dxHP-SplitHP-33to55-Ex-SEER17.1/instance-out.sql,202293.94999999998,13469.64,38505.67,51285.47,0.0,22443.33,0.0,68838.29,3.36,0.0,0.0,0.0,7748.17,0.0,0.0,11324.39,38505.67,2145.25,0.00,22191.36,251.97
CZ16/Mtl&0&cDXHP&Ex&dxHP_equip/NE-dxHP-SplitHP-33to55-Ex-SEER18.1/instance-out.sql,201550.62,13469.64,37762.33,51285.47,0.0,22443.33,0.0,68838.29,3.36,0.0,0.0,0.0,7748.17,0.0,0.0,11324.39,37762.33,2145.25,0.00,22191.36,251.97
CZ16/Nrs&0&cDXHP&Ex&dxHP_equip/NE-dxHP-PkgHP-18to33-Ex-SEER13.4/instance-out.sql,1145226.43,118613.76,159075.15,200868.06,0.0,347425.87,0.0,202865.97,51.63,0.0,0.0,0.0,116325.99,0.0,0.0,13489.95,159075.15,105123.81,0.00,281574.59,65851.28
CZ16/Nrs&0&cDXHP&Ex&dxHP_equip/NE-dxHP-PkgHP-18to33-Ex-SEER15.2/instance-out.sql,1140919.3900000001,118613.76,154768.11,200868.06,0.0,347425.87,0.0,202865.97,51.63,0.0,0.0,0.0,116325.99,0.0,0.0,13489.95,154768.11,105123.81,0.00,281574.59,65851.28
CZ16/Nrs&0&cDXHP&Ex&dxHP_equip/NE-dxHP-PkgHP-18to33-Ex-SEER16.2/instance-out.sql,1139179.9,118613.76,153028.61,200868.06,0.0,347425.87,0.0,202865.97,51.63,0.0,0.0,0.0,116325.99,0.0,0.0,13489.95,153028.61,105123.81,0.00,281574.59,65851.28
CZ16/Nrs&0&cDXHP&Ex&dxHP_equip/NE-dxHP-PkgHP-18to33-Ex-SEER17.1/instance-out.sql,1137789.22,118613.76,151637.94,200868.06,0.0,347425.87,0.0,202865.97,51.63,0.0,0.0,0.0,116325.99,0.0,0.0,13489.95,151637.94,105123.81,0.00,281574.59,65851.28
CZ16/Nrs&0&cDXHP&Ex&dxHP_equip/NE-dxHP-PkgHP-18to33-Ex-SEER18.1/instance-out.sql,1136467.15,118613.76,150315.87,200868.06,0.0,347425.87,0.0,202865.97,51.63,0.0,0.0,0.0,116325.99,0.0,0.0,13489.95,150315.87,105123.81,0.00,281574.59,65851.28
CZ16/Nrs&0&cDXHP&Ex&dxHP_equip/NE-dxHP-PkgHP-33to65-Ex-SEER13.4/instance-out.sql,1145226.43,118613.76,159075.15,200868.06,0.0,347425.87,0.0,202865.97,51.63,0.0,0.0,0.0,116325.99,0.0,0.0,13489.95,159075.15,105123.81,0.00,281574.59,65851.28
CZ16/Nrs&0&cDXHP&Ex&dxHP_equip/NE-dxHP-PkgHP-33to65-Ex-SEER15.2/instance-out.sql,1140919.3900000001,118613.76,154768.11,200868.06,0.0,347425.87,0.0,202865.97,51.63,0.0,0.0,0.0,116325.99,0.0,0.0,13489.95,154768.11,105123.81,0.00,281574.59,65851.28
CZ16/Nrs&0&cDXHP&Ex&dxHP_equip/NE-dxHP-PkgHP-33to65-Ex-SEER16.2/instance-out.sql,1139179.9,118613.76,153028.61,200868.06,0.0,347425.87,0.0,202865.97,51.63,0.0,0.0,0.0,116325.99,0.0,0.0,13489.95,153028.61,105123.81,0.00,281574.59,65851.28
CZ16/Nrs&0&cDXHP&Ex&dxHP_equip/NE-dxHP-PkgHP-33to65-Ex-SEER17.1/instance-out.sql,1137789.22,118613.76,151637.94,200868.06,0.0,347425.87,0.0,202865.97,51.63,0.0,0.0,0.0,116325.99,0.0,0.0,13489.95,151637.94,105123.81,0.00,281574.59,65851.28
CZ16/Nrs&0&cDXHP&Ex&dxHP_equip/NE-dxHP-PkgHP-33to65-Ex-SEER18.1/instance-out.sql,1136467.15,118613.76,150315.87,200868.06,0.0,347425.87,0.0,202865.97,51.63,0.0,0.0,0.0,116325.99,0.0,0.0,13489.95,150315.87,105123.81,0.00,281574.59,65851.28
CZ16/Nrs&0&cDXHP&Ex&dxHP_equip/NE-dxHP-SplitHP-18to33-Ex-SEER14.3/instance-out.sql,1142347.54,118041.22,156768.81,200868.06,0.0,347425.87,0.0,202865.97,51.63,0.0,0.0,0.0,116325.99,0.0,0.0,12917.41,156768.81,105123.81,0.00,281574.59,65851.28
CZ16/Nrs&0&cDXHP&Ex&dxHP_equip/NE-dxHP-SplitHP-18to33-Ex-SEER15.2/instance-out.sql,1140346.84,118041.22,154768.11,200868.06,0.0,347425.87,0.0,202865.97,51.63,0.0,0.0,0.0,116325.99,0.0,0.0,12917.41,154768.11,105123.81,0.00,281574.59,65851.28
CZ16/Nrs&0&cDXHP&Ex&dxHP_equip/NE-dxHP-SplitHP-18to33-Ex-SEER16.2/instance-out.sql,1138607.35,118041.22,153028.61,200868.06,0.0,347425.87,0.0,202865.97,51.63,0.0,0.0,0.0,116325.99,0.0,0.0,12917.41,153028.61,105123.81,0.00,281574.59,65851.28
CZ16/Nrs&0&cDXHP&Ex&dxHP_equip/NE-dxHP-SplitHP-18to33-Ex-SEER17.1/instance-out.sql,1137216.68,118041.22,151637.94,200868.06,0.0,347425.87,0.0,202865.97,51.63,0.0,0.0,0.0,116325.99,0.0,0.0,12917.41,151637.94,105123.81,0.00,281574.59,65851.28
CZ16/Nrs&0&cDXHP&Ex&dxHP_equip/NE-dxHP-SplitHP-18to33-Ex-SEER18.1/instance-out.sql,1135894.61,118041.22,150315.87,200868.06,0.0,347425.87,0.0,202865.97,51.63,0.0,0.0,0.0,116325.99,0.0,0.0,12917.41,150315.87,105123.81,0.00,281574.59,65851.28
CZ16/Nrs&0&cDXHP&Ex&dxHP_equip/NE-dxHP-SplitHP-33to55-Ex-SEER14.3/instance-out.sql,1142347.54,118041.22,156768.81,200868.06,0.0,347425.87,0.0,202865.97,51.63,0.0,0.0,0.0,116325.99,0.0,0.0,12917.41,156768.81,105123.81,0.00,281574.59,65851.28
CZ16/Nrs&0&cDXHP&Ex&dxHP_equip/NE-dxHP-SplitHP-33to55-Ex-SEER15.2/instance-out.sql,1140346.84,118041.22,154768.11,200868.06,0.0,347425.87,0.0,202865.97,51.63,0.0,0.0,0.0,116325.99,0.0,0.0,12917.41,154768.11,105123.81,0.00,281574.59,65851.28
CZ16/Nrs&0&cDXHP&Ex&dxHP_equip/NE-dxHP-SplitHP-33to55-Ex-SEER16.2/instance-out.sql,1138607.35,118041.22,153028.61,200868.06,0.0,347425.87,0.0,202865.97,51.63,0.0,0.0,0.0,116325.99,0.0,0.0,12917.41,153028.61,105123.81,0.00,281574.59,65851.28
CZ16/Nrs&0&cDXHP&Ex&dxHP_equip/NE-dxHP-SplitHP-33to55-Ex-SEER17.1/instance-out.sql,1137216.68,118041.22,151637.94,200868.06,0.0,347425.87,0.0,202865.97,51.63,0.0,0.0,0.0,116325.99,0.0,0.0,12917.41,151637.94,105123.81,0.00,281574.59,65851.28
CZ16/Nrs&0&cDXHP&Ex&dxHP_equip/NE-dxHP-SplitHP-33to55-Ex-SEER18.1/instance-out.sql,1135894.61,118041.22,150315.87,200868.06,0.0,347425.87,0.0,202865.97,51.63,0.0,0.0,0.0,116325.99,0.0,0.0,12917.41,150315.87,105123.81,0.00,281574.59,65851.28
CZ16/OfL&0&cDXHP&Ex&dxHP_equip/NE-dxHP-PkgHP-18to33-Ex-SEER13.4/instance-out.sql,3074290.96,79892.79000000001,539611.71,462712.61,0.0,829334.66,0.0,1039372.54,3575.16,0.0,0.0,0.0,119791.5,0.0,0.0,30915.68,539611.71,48977.11,0.00,829334.66,0.00
CZ16/OfL&0&cDXHP&Ex&dxHP_equip/NE-dxHP-PkgHP-18to33-Ex-SEER15.2/instance-out.sql,3045607.28,79892.79000000001,510928.03,462712.61,0.0,829334.66,0.0,1039372.54,3575.16,0.0,0.0,0.0,119791.5,0.0,0.0,30915.68,510928.03,48977.11,0.00,829334.66,0.00
CZ16/OfL&0&cDXHP&Ex&dxHP_equip/NE-dxHP-PkgHP-18to33-Ex-SEER16.2/instance-out.sql,3034022.77,79892.79000000001,499343.52,462712.61,0.0,829334.66,0.0,1039372.54,3575.16,0.0,0.0,0.0,119791.5,0.0,0.0,30915.68,499343.52,48977.11,0.00,829334.66,0.00
CZ16/OfL&0&cDXHP&Ex&dxHP_equip/NE-dxHP-PkgHP-18to33-Ex-SEER17.1/instance-out.sql,3024761.31,79892.79000000001,490082.06,462712.61,0.0,829334.66,0.0,1039372.54,3575.16,0.0,0.0,0.0,119791.5,0.0,0.0,30915.68,490082.06,48977.11,0.00,829334.66,0.00
CZ16/OfL&0&cDXHP&Ex&dxHP_equip/NE-dxHP-PkgHP-18to33-Ex-SEER18.1/instance-out.sql,3015956.69,79892.79000000001,481277.44,462712.61,0.0,829334.66,0.0,1039372.54,3575.16,0.0,0.0,0.0,119791.5,0.0,0.0,30915.68,481277.44,48977.11,0.00,829334.66,0.00
CZ16/OfL&0&cDXHP&Ex&dxHP_equip/NE-dxHP-PkgHP-33to65-Ex-SEER13.4/instance-out.sql,3074290.96,79892.79000000001,539611.71,462712.61,0.0,829334.66,0.0,1039372.54,3575.16,0.0,0.0,0.0,119791.5,0.0,0.0,30915.68,539611.71,48977.11,0.00,829334.66,0.00
CZ16/OfL&0&cDXHP&Ex&dxHP_equip/NE-dxHP-PkgHP-33to65-Ex-SEER15.2/instance-out.sql,3045607.28,79892.79000000001,510928.03,462712.61,0.0,829334.66,0.0,1039372.54,3575.16,0.0,0.0,0.0,119791.5,0.0,0.0,30915.68,510928.03,48977.11,0.00,829334.66,0.00
CZ16/OfL&0&cDXHP&Ex&dxHP_equip/NE-dxHP-PkgHP-33to65-Ex-SEER16.2/instance-out.sql,3034022.77,79892.79000000001,499343.52,462712.61,0.0,829334.66,0.0,1039372.54,3575.16,0.0,0.0,0.0,119791.5,0.0,0.0,30915.68,499343.52,48977.11,0.00,829334.66,0.00
CZ16/OfL&0&cDXHP&Ex&dxHP_equip/NE-dxHP-PkgHP-33to65-Ex-SEER17.1/instance-out.sql,3024761.31,79892.79000000001,490082.06,462712.61,0.0,829334.66,0.0,1039372.54,3575.16,0.0,0.0,0.0,119791.5,0.0,0.0,30915.68,490082.06,48977.11,0.00,829334.66,0.00
CZ16/OfL&0&cDXHP&Ex&dxHP_equip/NE-dxHP-PkgHP-33to65-Ex-SEER18.1/instance-out.sql,3015956.69,79892.79000000001,481277.44,462712.61,0.0,829334.66,0.0,1039372.54,3575.16,0.0,0.0,0.0,119791.5,0.0,0.0,30915.68,481277.44,48977.11,0.00,829334.66,0.00
CZ16/OfL&0&cDXHP&Ex&dxHP_equip/NE-dxHP-SplitHP-18to33-Ex-SEER14.3/instance-out.sql,3057613.96,78575.37,524252.13,462712.61,0.0,829334.66,0.0,1039372.54,3575.16,0.0,0.0,0.0,119791.5,0.0,0.0,29598.26,524252.13,48977.11,0.00,829334.66,0.00
CZ16/OfL&0&cDXHP&Ex&dxHP_equip/NE-dxHP-SplitHP-18to33-Ex-SEER15.2/instance-out.sql,3044289.8699999996,78575.37,510928.03,462712.61,0.0,829334.66,0.0,1039372.54,3575.16,0.0,0.0,0.0,119791.5,0.0,0.0,29598.26,510928.03,48977.11,0.00,829334.66,0.00
CZ16/OfL&0&cDXHP&Ex&dxHP_equip/NE-dxHP-SplitHP-18to33-Ex-SEER16.2/instance-out.sql,3032705.36,78575.37,499343.52,462712.61,0.0,829334.66,0.0,1039372.54,3575.16,0.0,0.0,0.0,119791.5,0.0,0.0,29598.26,499343.52,48977.11,0.00,829334.66,0.00
CZ16/OfL&0&cDXHP&Ex&dxHP_equip/NE-dxHP-SplitHP-18to33-Ex-SEER17.1/instance-out.sql,3023443.8899999997,78575.37,490082.06,462712.61,0.0,829334.66,0.0,1039372.54,3575.16,0.0,0.0,0.0,119791.5,0.0,0.0,29598.26,490082.06,48977.11,0.00,829334.66,0.00
CZ16/OfL&0&cDXHP&Ex&dxHP_equip/NE-dxHP-SplitHP-18to33-Ex-SEER18.1/instance-out.sql,3014639.27,78575.37,481277.44,462712.61,0.0,829334.66,0.0,1039372.54,3575.16,0.0,0.0,0.0,119791.5,0.0,0.0,29598.26,481277.44,48977.11,0.00,829334.66,0.00
CZ16/OfL&0&cDXHP&Ex&dxHP_equip/NE-dxHP-SplitHP-33to55-Ex-SEER14.3/instance-out.sql,3057613.96,78575.37,524252.13,462712.61,0.0,829334.66,0.0,1039372.54,3575.16,0.0,0.0,0.0,119791.5,0.0,0.0,29598.26,524252.13,48977.11,0.00,829334.66,0.00
CZ16/OfL&0&cDXHP&Ex&dxHP_equip/NE-dxHP-SplitHP-33to55-Ex-SEER15.2/instance-out.sql,3044289.8699999996,78575.37,510928.03,462712.61,0.0,829334.66,0.0,1039372.54,3575.16,0.0,0.0,0.0,119791.5,0.0,0.0,29598.26,510928.03,48977.11,0.00,829334.66,0.00
CZ16/OfL&0&cDXHP&Ex&dxHP_equip/NE-dxHP-SplitHP-33to55-Ex-SEER16.2/instance-out.sql,3032705.36,78575.37,499343.52,462712.61,0.0,829334.66,0.0,1039372.54,3575.16,0.0,0.0,0.0,119791.5,0.0,0.0,29598.26,499343.52,48977.11,0.00,829334.66,0.00
CZ16/OfL&0&cDXHP&Ex&dxHP_equip/NE-dxHP-SplitHP-33to55-Ex-SEER17.1/instance-out.sql,3023443.8899999997,78575.37,490082.06,462712.61,0.0,829334.66,0.0,1039372.54,3575.16,0.0,0.0,0.0,119791.5,0.0,0.0,29598.26,490082.06,48977.11,0.00,829334.66,0.00
CZ16/OfL&0&cDXHP&Ex&dxHP_equip/NE-dxHP-SplitHP-33to55-Ex-SEER18.1/instance-out.sql,3014639.27,78575.37,481277.44,462712.61,0.0,829334.66,0.0,1039372.54,3575.16,0.0,0.0,0.0,119791.5,0.0,0.0,29598.26,481277.44,48977.11,0.00,829334.66,0.00
CZ16/OfS&0&cDXHP&Ex&dxHP_equip/NE-dxHP-PkgHP-18to33-Ex-SEER13.4/instance-out.sql,181044.19999999998,5067.05,30051.0,23737.13,0.0,29387.4,0.0,70667.17,1.13,0.0,0.0,0.0,22133.3,0.0,0.0,5067.05,30051.00,0.00,0.00,29387.40,0.00
CZ16/OfS&0&cDXHP&Ex&dxHP_equip/NE-dxHP-PkgHP-18to33-Ex-SEER15.2/instance-out.sql,178923.81,5067.05,27930.62,23737.13,0.0,29387.4,0.0,70667.17,1.13,0.0,0.0,0.0,22133.3,0.0,0.0,5067.05,27930.62,0.00,0.00,29387.40,0.00
CZ16/OfS&0&cDXHP&Ex&dxHP_equip/NE-dxHP-PkgHP-18to33-Ex-SEER16.2/instance-out.sql,178067.44999999998,5067.05,27074.25,23737.13,0.0,29387.4,0.0,70667.17,1.13,0.0,0.0,0.0,22133.3,0.0,0.0,5067.05,27074.25,0.00,0.00,29387.40,0.00
CZ16/OfS&0&cDXHP&Ex&dxHP_equip/NE-dxHP-PkgHP-18to33-Ex-SEER17.1/instance-out.sql,177382.81,5067.05,26389.62,23737.13,0.0,29387.4,0.0,70667.17,1.13,0.0,0.0,0.0,22133.3,0.0,0.0,5067.05,26389.62,0.00,0.00,29387.40,0.00
CZ16/OfS&0&cDXHP&Ex&dxHP_equip/NE-dxHP-PkgHP-18to33-Ex-SEER18.1/instance-out.sql,176731.94,5067.05,25738.75,23737.13,0.0,29387.4,0.0,70667.17,1.13,0.0,0.0,0.0,22133.3,0.0,0.0,5067.05,25738.75,0.00,0.00,29387.40,0.00
CZ16/OfS&0&cDXHP&Ex&dxHP_equip/NE-dxHP-PkgHP-33to65-Ex-SEER13.4/instance-out.sql,181044.19999999998,5067.05,30051.0,23737.13,0.0,29387.4,0.0,70667.17,1.13,0.0,0.0,0.0,22133.3,0.0,0.0,5067.05,30051.00,0.00,0.00,29387.40,0.00
CZ16/OfS&0&cDXHP&Ex&dxHP_equip/NE-dxHP-PkgHP-33to65-Ex-SEER15.2/instance-out.sql,178923.81,5067.05,27930.62,23737.13,0.0,29387.4,0.0,70667.17,1.13,0.0,0.0,0.0,22133.3,0.0,0.0,5067.05,27930.62,0.00,0.00,29387.40,0.00
CZ16/OfS&0&cDXHP&Ex&dxHP_equip/NE-dxHP-PkgHP-33to65-Ex-SEER16.2/instance-out.sql,178067.44999999998,5067.05,27074.25,23737.13,0.0,29387.4,0.0,70667.17,1.13,0.0,0.0,0.0,22133.3,0.0,0.0,5067.05,27074.25,0.00,0.00,29387.40,0.00
CZ16/OfS&0&cDXHP&Ex&dxHP_equip/NE-dxHP-PkgHP-33to65-Ex-SEER17.1/instance-out.sql,177382.81,5067.05,26389.62,23737.13,0.0,29387.4,0.0,70667.17,1.13,0.0,0.0,0.0,22133.3,0.0,0.0,5067.05,26389.62,0.00,0.00,29387.40,0.00
CZ16/OfS&0&cDXHP&Ex&dxHP_equip/NE-dxHP-PkgHP-33to65-Ex-SEER18.1/instance-out.sql,176731.94,5067.05,25738.75,23737.13,0.0,29387.4,0.0,70667.17,1.13,0.0,0.0,0.0,22133.3,0.0,0.0,5067.05,25738.75,0.00,0.00,29387.40,0.00
CZ16/OfS&0&cDXHP&Ex&dxHP_equip/NE-dxHP-SplitHP-18to33-Ex-SEER14.3/instance-out.sql,179724.12999999998,4882.42,28915.57,23737.13,0.0,29387.4,0.0,70667.17,1.13,0.0,0.0,0.0,22133.3,0.0,0.0,4882.42,28915.57,0.00,0.00,29387.40,0.00
CZ16/OfS&0&cDXHP&Ex&dxHP_equip/NE-dxHP-SplitHP-18to33-Ex-SEER15.2/instance-out.sql,178739.18,4882.42,27930.62,23737.13,0.0,29387.4,0.0,70667.17,1.13,0.0,0.0,0.0,22133.3,0.0,0.0,4882.42,27930.62,0.00,0.00,29387.40,0.00
CZ16/OfS&0&cDXHP&Ex&dxHP_equip/NE-dxHP-SplitHP-18to33-Ex-SEER16.2/instance-out.sql,177882.81,4882.42,27074.25,23737.13,0.0,29387.4,0.0,70667.17,1.13,0.0,0.0,0.0,22133.3,0.0,0.0,4882.42,27074.25,0.00,0.00,29387.40,0.00
CZ16/OfS&0&cDXHP&Ex&dxHP_equip/NE-dxHP-SplitHP-18to33-Ex-SEER17.1/instance-out.sql,177198.18,4882.42,26389.62,23737.13,0.0,29387.4,0.0,70667.17,1.13,0.0,0.0,0.0,22133.3,0.0,0.0,4882.42,26389.62,0.00,0.00,29387.40,0.00
CZ16/OfS&0&cDXHP&Ex&dxHP_equip/NE-dxHP-SplitHP-18to33-Ex-SEER18.1/instance-out.sql,176547.31,4882.42,25738.75,23737.13,0.0,29387.4,0.0,70667.17,1.13,0.0,0.0,0.0,22133.3,0.0,0.0,4882.42,25738.75,0.00,0.00,29387.40,0.00
CZ16/OfS&0&cDXHP&Ex&dxHP_equip/NE-dxHP-SplitHP-33to55-Ex-SEER14.3/instance-out.sql,179724.12999999998,4882.42,28915.57,23737.13,0.0,29387.4,0.0,70667.17,1.13,0.0,0.0,0.0,22133.3,0.0,0.0,4882.42,28915.57,0.00,0.00,29387.40,0.00
CZ16/OfS&0&cDXHP&Ex&dxHP_equip/NE-dxHP-SplitHP-33to55-Ex-SEER15.2/instance-out.sql,178739.18,4882.42,27930.62,23737.13,0.0,29387.4,0.0,70667.17,1.13,0.0,0.0,0.0,22133.3,0.0,0.0,4882.42,27930.62,0.00,0.00,29387.40,0.00
CZ16/OfS&0&cDXHP&Ex&dxHP_equip/NE-dxHP-SplitHP-33to55-Ex-SEER16.2/instance-out.sql,177882.81,4882.42,27074.25,23737.13,0.0,29387.4,0.0,70667.17,1.13,0.0,0.0,0.0,22133.3,0.0,0.0,4882.42,27074.25,0.00,0.00,29387.40,0.00
CZ16/OfS&0&cDXHP&Ex&dxHP_equip/NE-dxHP-SplitHP-33to55-Ex-SEER17.1/instance-out.sql,177198.18,4882.42,26389.62,23737.13,0.0,29387.4,0.0,70667.17,1.13,0.0,0.0,0.0,22133.3,0.0,0.0,4882.42,26389.62,0.00,0.00,29387.40,0.00
CZ16/OfS&0&cDXHP&Ex&dxHP_equip/NE-dxHP-SplitHP-33to55-Ex-SEER18.1/instance-out.sql,176547.31,4882.42,25738.75,23737.13,0.0,29387.4,0.0,70667.17,1.13,0.0,0.0,0.0,22133.3,0.0,0.0,4882.42,25738.75,0.00,0.00,29387.40,0.00
CZ16/RFF&0&cDXHP&Ex&dxHP_equip/NE-dxHP-PkgHP-18to33-Ex-SEER13.4/instance-out.sql,120428.79,2723.95,15413.96,13247.63,0.0,37903.17,0.0,25436.87,3.37,0.0,0.0,0.0,25699.83,0.0,0.0,2576.79,15413.96,147.16,0.00,18423.46,19479.71
CZ16/RFF&0&cDXHP&Ex&dxHP_equip/NE-dxHP-PkgHP-18to33-Ex-SEER15.2/instance-out.sql,119815.73999999999,2723.95,14800.91,13247.63,0.0,37903.17,0.0,25436.87,3.37,0.0,0.0,0.0,25699.83,0.0,0.0,2576.79,14800.91,147.16,0.00,18423.46,19479.71
CZ16/RFF&0&cDXHP&Ex&dxHP_equip/NE-dxHP-PkgHP-18to33-Ex-SEER16.2/instance-out.sql,119568.14,2723.95,14553.32,13247.63,0.0,37903.17,0.0,25436.87,3.37,0.0,0.0,0.0,25699.83,0.0,0.0,2576.79,14553.32,147.16,0.00,18423.46,19479.71
CZ16/RFF&0&cDXHP&Ex&dxHP_equip/NE-dxHP-PkgHP-18to33-Ex-SEER17.1/instance-out.sql,119370.2,2723.95,14355.37,13247.63,0.0,37903.17,0.0,25436.87,3.37,0.0,0.0,0.0,25699.83,0.0,0.0,2576.79,14355.37,147.16,0.00,18423.46,19479.71
CZ16/RFF&0&cDXHP&Ex&dxHP_equip/NE-dxHP-PkgHP-18to33-Ex-SEER18.1/instance-out.sql,119182.02,2723.95,14167.19,13247.63,0.0,37903.17,0.0,25436.87,3.37,0.0,0.0,0.0,25699.83,0.0,0.0,2576.79,14167.19,147.16,0.00,18423.46,19479.71
CZ16/RFF&0&cDXHP&Ex&dxHP_equip/NE-dxHP-PkgHP-33to65-Ex-SEER13.4/instance-out.sql,120428.79,2723.95,15413.96,13247.63,0.0,37903.17,0.0,25436.87,3.37,0.0,0.0,0.0,25699.83,0.0,0.0,2576.79,15413.96,147.16,0.00,18423.46,19479.71
CZ16/RFF&0&cDXHP&Ex&dxHP_equip/NE-dxHP-PkgHP-33to65-Ex-SEER15.2/instance-out.sql,119815.73999999999,2723.95,14800.91,13247.63,0.0,37903.17,0.0,25436.87,3.37,0.0,0.0,0.0,25699.83,0.0,0.0,2576.79,14800.91,147.16,0.00,18423.46,19479.71
CZ16/RFF&0&cDXHP&Ex&dxHP_equip/NE-dxHP-PkgHP-33to65-Ex-SEER16.2/instance-out.sql,119568.14,2723.95,14553.32,13247.63,0.0,37903.17,0.0,25436.87,3.37,0.0,0.0,0.0,25699.83,0.0,0.0,2576.79,14553.32,147.16,0.00,18423.46,19479.71
CZ16/RFF&0&cDXHP&Ex&dxHP_equip/NE-dxHP-PkgHP-33to65-Ex-SEER17.1/instance-out.sql,119370.2,2723.95,14355.37,13247.63,0.0,37903.17,0.0,25436.87,3.37,0.0,0.0,0.0,25699.83,0.0,0.0,2576.79,14355.37,147.16,0.00,18423.46,19479.71
CZ16/RFF&0&cDXHP&Ex&dxHP_equip/NE-dxHP-PkgHP-33to65-Ex-SEER18.1/instance-out.sql,119182.02,2723.95,14167.19,13247.63,0.0,37903.17,0.0,25436.87,3.37,0.0,0.0,0.0,25699.83,0.0,0.0,2576.79,14167.19,147.16,0.00,18423.46,19479.71
CZ16/RFF&0&cDXHP&Ex&dxHP_equip/NE-dxHP-SplitHP-18to33-Ex-SEER14.3/instance-out.sql,119997.48,2620.92,15085.68,13247.63,0.0,37903.17,0.0,25436.87,3.37,0.0,0.0,0.0,25699.83,0.0,0.0,2473.76,15085.68,147.16,0.00,18423.46,19479.71
CZ16/RFF&0&cDXHP&Ex&dxHP_equip/NE-dxHP-SplitHP-18to33-Ex-SEER15.2/instance-out.sql,119712.70999999999,2620.92,14800.91,13247.63,0.0,37903.17,0.0,25436.87,3.37,0.0,0.0,0.0,25699.83,0.0,0.0,2473.76,14800.91,147.16,0.00,18423.46,19479.71
CZ16/RFF&0&cDXHP&Ex&dxHP_equip/NE-dxHP-SplitHP-18to33-Ex-SEER16.2/instance-out.sql,119465.11,2620.92,14553.32,13247.63,0.0,37903.17,0.0,25436.87,3.37,0.0,0.0,0.0,25699.83,0.0,0.0,2473.76,14553.32,147.16,0.00,18423.46,19479.71
CZ16/RFF&0&cDXHP&Ex&dxHP_equip/NE-dxHP-SplitHP-18to33-Ex-SEER17.1/instance-out.sql,119267.17,2620.92,14355.37,13247.63,0.0,37903.17,0.0,25436.87,3.37,0.0,0.0,0.0,25699.83,0.0,0.0,2473.76,14355.37,147.16,0.00,18423.46,19479.71
CZ16/RFF&0&cDXHP&Ex&dxHP_equip/NE-dxHP-SplitHP-18to33-Ex-SEER18.1/instance-out.sql,119078.98999999999,2620.92,14167.19,13247.63,0.0,37903.17,0.0,25436.87,3.37,0.0,0.0,0.0,25699.83,0.0,0.0,2473.76,14167.19,147.16,0.00,18423.46,19479.71
CZ16/RFF&0&cDXHP&Ex&dxHP_equip/NE-dxHP-SplitHP-33to55-Ex-SEER14.3/instance-out.sql,119997.48,2620.92,15085.68,13247.63,0.0,37903.17,0.0,25436.87,3.37,0.0,0.0,0.0,25699.83,0.0,0.0,2473.76,15085.68,147.16,0.00,18423.46,19479.71
CZ16/RFF&0&cDXHP&Ex&dxHP_equip/NE-dxHP-SplitHP-33to55-Ex-SEER15.2/instance-out.sql,119712.70999999999,2620.92,14800.91,13247.63,0.0,37903.17,0.0,25436.87,3.37,0.0,0.0,0.0,25699.83,0.0,0.0,2473.76,14800.91,147.16,0.00,18423.46,19479.71
CZ16/RFF&0&cDXHP&Ex&dxHP_equip/NE-dxHP-SplitHP-33to55-Ex-SEER16.2/instance-out.sql,119465.11,2620.92,14553.32,13247.63,0.0,37903.17,0.0,25436.87,3.37,0.0,0.0,0.0,25699.83,0.0,0.0,2473.76,14553.32,147.16,0.00,18423.46,19479.71
CZ16/RFF&0&cDXHP&Ex&dxHP_equip/NE-dxHP-SplitHP-33to55-Ex-SEER17.1/instance-out.sql,119267.17,2620.92,14355.37,13247.63,0.0,37903.17,0.0,25436.87,3.37,0.0,0.0,0.0,25699.83,0.0,0.0,2473.76,14355.37,147.16,0.00,18423.46,19479.71
CZ16/RFF&0&cDXHP&Ex&dxHP_equip/NE-dxHP-SplitHP-33to55-Ex-SEER18.1/instance-out.sql,119078.98999999999,2620.92,14167.19,13247.63,0.0,37903.17,0.0,25436.87,3.37,0.0,0.0,0.0,25699.83,0.0,0.0,2473.76,14167.19,147.16,0.00,18423.46,19479.71
CZ16/RSD&0&cDXHP&Ex&dxHP_equip/NE-dxHP-PkgHP-18to33-Ex-SEER13.4/instance-out.sql,303140.67,49404.58,35680.59,36047.32,0.0,76546.73,0.0,39697.17,25.55,0.0,0.0,0.0,65738.73,0.0,0.0,1452.83,35680.59,47951.75,0.00,37475.60,39071.13
CZ16/RSD&0&cDXHP&Ex&dxHP_equip/NE-dxHP-PkgHP-18to33-Ex-SEER15.2/instance-out.sql,302841.16,49404.58,35381.08,36047.32,0.0,76546.73,0.0,39697.17,25.55,0.0,0.0,0.0,65738.73,0.0,0.0,1452.83,35381.08,47951.75,0.00,37475.60,39071.13
CZ16/RSD&0&cDXHP&Ex&dxHP_equip/NE-dxHP-PkgHP-18to33-Ex-SEER16.2/instance-out.sql,302720.19999999995,49404.58,35260.12,36047.32,0.0,76546.73,0.0,39697.17,25.55,0.0,0.0,0.0,65738.73,0.0,0.0,1452.83,35260.12,47951.75,0.00,37475.60,39071.13
CZ16/RSD&0&cDXHP&Ex&dxHP_equip/NE-dxHP-PkgHP-18to33-Ex-SEER17.1/instance-out.sql,302623.49,49404.58,35163.41,36047.32,0.0,76546.73,0.0,39697.17,25.55,0.0,0.0,0.0,65738.73,0.0,0.0,1452.83,35163.41,47951.75,0.00,37475.60,39071.13
CZ16/RSD&0&cDXHP&Ex&dxHP_equip/NE-dxHP-PkgHP-18to33-Ex-SEER18.1/instance-out.sql,302531.56,49404.58,35071.48,36047.32,0.0,76546.73,0.0,39697.17,25.55,0.0,0.0,0.0,65738.73,0.0,0.0,1452.83,35071.48,47951.75,0.00,37475.60,39071.13
CZ16/RSD&0&cDXHP&Ex&dxHP_equip/NE-dxHP-PkgHP-33to65-Ex-SEER13.4/instance-out.sql,303140.67,49404.58,35680.59,36047.32,0.0,76546.73,0.0,39697.17,25.55,0.0,0.0,0.0,65738.73,0.0,0.0,1452.83,35680.59,47951.75,0.00,37475.60,39071.13
CZ16/RSD&0&cDXHP&Ex&dxHP_equip/NE-dxHP-PkgHP-33to65-Ex-SEER15.2/instance-out.sql,302841.16,49404.58,35381.08,36047.32,0.0,76546.73,0.0,39697.17,25.55,0.0,0.0,0.0,65738.73,0.0,0.0,1452.83,35381.08,47951.75,0.00,37475.60,39071.13
CZ16/RSD&0&cDXHP&Ex&dxHP_equip/NE-dxHP-PkgHP-33to65-Ex-SEER16.2/instance-out.sql,302720.19999999995,49404.58,35260.12,36047.32,0.0,76546.73,0.0,39697.17,25.55,0.0,0.0,0.0,65738.73,0.0,0.0,1452.83,35260.12,47951.75,0.00,37475.60,39071.13
CZ16/RSD&0&cDXHP&Ex&dxHP_equip/NE-dxHP-PkgHP-33to65-Ex-SEER17.1/instance-out.sql,302623.49,49404.58,35163.41,36047.32,0.0,76546.73,0.0,39697.17,25.55,0.0,0.0,0.0,65738.73,0.0,0.0,1452.83,35163.41,47951.75,0.00,37475.60,39071.13
CZ16/RSD&0&cDXHP&Ex&dxHP_equip/NE-dxHP-PkgHP-33to65-Ex-SEER18.1/instance-out.sql,302531.56,49404.58,35071.48,36047.32,0.0,76546.73,0.0,39697.17,25.55,0.0,0.0,0.0,65738.73,0.0,0.0,1452.83,35071.48,47951.75,0.00,37475.60,39071.13
CZ16/RSD&0&cDXHP&Ex&dxHP_equip/NE-dxHP-SplitHP-18to33-Ex-SEER14.3/instance-out.sql,302923.29,49347.58,35520.21,36047.32,0.0,76546.73,0.0,39697.17,25.55,0.0,0.0,0.0,65738.73,0.0,0.0,1395.83,35520.21,47951.75,0.00,37475.60,39071.13
CZ16/RSD&0&cDXHP&Ex&dxHP_equip/NE-dxHP-SplitHP-18to33-Ex-SEER15.2/instance-out.sql,302784.16,49347.58,35381.08,36047.32,0.0,76546.73,0.0,39697.17,25.55,0.0,0.0,0.0,65738.73,0.0,0.0,1395.83,35381.08,47951.75,0.00,37475.60,39071.13
CZ16/RSD&0&cDXHP&Ex&dxHP_equip/NE-dxHP-SplitHP-18to33-Ex-SEER16.2/instance-out.sql,302663.19999999995,49347.58,35260.12,36047.32,0.0,76546.73,0.0,39697.17,25.55,0.0,0.0,0.0,65738.73,0.0,0.0,1395.83,35260.12,47951.75,0.00,37475.60,39071.13
CZ16/RSD&0&cDXHP&Ex&dxHP_equip/NE-dxHP-SplitHP-18to33-Ex-SEER17.1/instance-out.sql,302566.49,49347.58,35163.41,36047.32,0.0,76546.73,0.0,39697.17,25.55,0.0,0.0,0.0,65738.73,0.0,0.0,1395.83,35163.41,47951.75,0.00,37475.60,39071.13
CZ16/RSD&0&cDXHP&Ex&dxHP_equip/NE-dxHP-SplitHP-18to33-Ex-SEER18.1/instance-out.sql,302474.56,49347.58,35071.48,36047.32,0.0,76546.73,0.0,39697.17,25.55,0.0,0.0,0.0,65738.73,0.0,0.0,1395.83,35071.48,47951.75,0.00,37475.60,39071.13
CZ16/RSD&0&cDXHP&Ex&dxHP_equip/NE-dxHP-SplitHP-33to55-Ex-SEER14.3/instance-out.sql,302923.29,49347.58,35520.21,36047.32,0.0,76546.73,0.0,39697.17,25.55,0.0,0.0,0.0,65738.73,0.0,0.0,1395.83,35520.21,47951.75,0.00,37475.60,39071.13
CZ16/RSD&0&cDXHP&Ex&dxHP_equip/NE-dxHP-SplitHP-33to55-Ex-SEER15.2/instance-out.sql,302784.16,49347.58,35381.08,36047.32,0.0,76546.73,0.0,39697.17,25.55,0.0,0.0,0.0,65738.73,0.0,0.0,1395.83,35381.08,47951.75,0.00,37475.60,39071.13
CZ16/RSD&0&cDXHP&Ex&dxHP_equip/NE-dxHP-SplitHP-33to55-Ex-SEER16.2/instance-out.sql,302663.19999999995,49347.58,35260.12,36047.32,0.0,76546.73,0.0,39697.17,25.55,0.0,0.0,0.0,65738.73,0.0,0.0,1395.83,35260.12,47951.75,0.00,37475.60,39071.13
CZ16/RSD&0&cDXHP&Ex&dxHP_equip/NE-dxHP-SplitHP-33to55-Ex-SEER17.1/instance-out.sql,302566.49,49347.58,35163.41,36047.32,0.0,76546.73,0.0,39697.17,25.55,0.0,0.0,0.0,65738.73,0.0,0.0,1395.83,35163.41,47951.75,0.00,37475.60,39071.13
CZ16/RSD&0&cDXHP&Ex&dxHP_equip/NE-dxHP-SplitHP-33to55-Ex-SEER18.1/instance-out.sql,302474.56,49347.58,35071.48,36047.32,0.0,76546.73,0.0,39697.17,25.55,0.0,0.0,0.0,65738.73,0.0,0.0,1395.83,35071.48,47951.75,0.00,37475.60,39071.13
CZ16/Rt3&0&cDXHP&Ex&dxHP_equip/NE-dxHP-PkgHP-18to33-Ex-SEER13.4/instance-out.sql,2373675.68,40081.600000000006,326584.03,774348.97,0.0,436362.0,0.0,623702.39,3.38,0.0,0.0,0.0,172593.3,0.0,0.0,35744.51,326584.03,4337.09,0.00,436362.00,0.00
CZ16/Rt3&0&cDXHP&Ex&dxHP_equip/NE-dxHP-PkgHP-18to33-Ex-SEER15.2/instance-out.sql,2351221.39,40081.600000000006,304129.74,774348.97,0.0,436362.0,0.0,623702.39,3.38,0.0,0.0,0.0,172593.3,0.0,0.0,35744.51,304129.74,4337.09,0.00,436362.00,0.00
CZ16/Rt3&0&cDXHP&Ex&dxHP_equip/NE-dxHP-PkgHP-18to33-Ex-SEER16.2/instance-out.sql,2342152.74,40081.600000000006,295061.1,774348.97,0.0,436362.0,0.0,623702.39,3.38,0.0,0.0,0.0,172593.3,0.0,0.0,35744.51,295061.10,4337.09,0.00,436362.00,0.00
CZ16/Rt3&0&cDXHP&Ex&dxHP_equip/NE-dxHP-PkgHP-18to33-Ex-SEER17.1/instance-out.sql,2334902.64,40081.600000000006,287811.0,774348.97,0.0,436362.0,0.0,623702.39,3.38,0.0,0.0,0.0,172593.3,0.0,0.0,35744.51,287811.00,4337.09,0.00,436362.00,0.00
CZ16/Rt3&0&cDXHP&Ex&dxHP_equip/NE-dxHP-PkgHP-18to33-Ex-SEER18.1/instance-out.sql,2328010.17,40081.600000000006,280918.53,774348.97,0.0,436362.0,0.0,623702.39,3.38,0.0,0.0,0.0,172593.3,0.0,0.0,35744.51,280918.53,4337.09,0.00,436362.00,0.00
CZ16/Rt3&0&cDXHP&Ex&dxHP_equip/NE-dxHP-PkgHP-33to65-Ex-SEER13.4/instance-out.sql,2373675.68,40081.600000000006,326584.03,774348.97,0.0,436362.0,0.0,623702.39,3.38,0.0,0.0,0.0,172593.3,0.0,0.0,35744.51,326584.03,4337.09,0.00,436362.00,0.00
CZ16/Rt3&0&cDXHP&Ex&dxHP_equip/NE-dxHP-PkgHP-33to65-Ex-SEER15.2/instance-out.sql,2351221.39,40081.600000000006,304129.74,774348.97,0.0,436362.0,0.0,623702.39,3.38,0.0,0.0,0.0,172593.3,0.0,0.0,35744.51,304129.74,4337.09,0.00,436362.00,0.00
CZ16/Rt3&0&cDXHP&Ex&dxHP_equip/NE-dxHP-PkgHP-33to65-Ex-SEER16.2/instance-out.sql,2342152.74,40081.600000000006,295061.1,774348.97,0.0,436362.0,0.0,623702.39,3.38,0.0,0.0,0.0,172593.3,0.0,0.0,35744.51,295061.10,4337.09,0.00,436362.00,0.00
CZ16/Rt3&0&cDXHP&Ex&dxHP_equip/NE-dxHP-PkgHP-33to65-Ex-SEER17.1/instance-out.sql,2334902.64,40081.600000000006,287811.0,774348.97,0.0,436362.0,0.0,623702.39,3.38,0.0,0.0,0.0,172593.3,0.0,0.0,35744.51,287811.00,4337.09,0.00,436362.00,0.00
CZ16/Rt3&0&cDXHP&Ex&dxHP_equip/NE-dxHP-PkgHP-33to65-Ex-SEER18.1/instance-out.sql,2328010.17,40081.600000000006,280918.53,774348.97,0.0,436362.0,0.0,623702.39,3.38,0.0,0.0,0.0,172593.3,0.0,0.0,35744.51,280918.53,4337.09,0.00,436362.00,0.00
CZ16/Rt3&0&cDXHP&Ex&dxHP_equip/NE-dxHP-SplitHP-18to33-Ex-SEER14.3/instance-out.sql,2360104.92,38534.71000000001,314560.17,774348.97,0.0,436362.0,0.0,623702.39,3.38,0.0,0.0,0.0,172593.3,0.0,0.0,34197.62,314560.17,4337.09,0.00,436362.00,0.00
CZ16/Rt3&0&cDXHP&Ex&dxHP_equip/NE-dxHP-SplitHP-18to33-Ex-SEER15.2/instance-out.sql,2349674.49,38534.71000000001,304129.74,774348.97,0.0,436362.0,0.0,623702.39,3.38,0.0,0.0,0.0,172593.3,0.0,0.0,34197.62,304129.74,4337.09,0.00,436362.00,0.00
CZ16/Rt3&0&cDXHP&Ex&dxHP_equip/NE-dxHP-SplitHP-18to33-Ex-SEER16.2/instance-out.sql,2340605.85,38534.71000000001,295061.1,774348.97,0.0,436362.0,0.0,623702.39,3.38,0.0,0.0,0.0,172593.3,0.0,0.0,34197.62,295061.10,4337.09,0.00,436362.00,0.00
CZ16/Rt3&0&cDXHP&Ex&dxHP_equip/NE-dxHP-SplitHP-18to33-Ex-SEER17.1/instance-out.sql,2333355.75,38534.71000000001,287811.0,774348.97,0.0,436362.0,0.0,623702.39,3.38,0.0,0.0,0.0,172593.3,0.0,0.0,34197.62,287811.00,4337.09,0.00,436362.00,0.00
CZ16/Rt3&0&cDXHP&Ex&dxHP_equip/NE-dxHP-SplitHP-18to33-Ex-SEER18.1/instance-out.sql,2326463.2800000003,38534.71000000001,280918.53,774348.97,0.0,436362.0,0.0,623702.39,3.38,0.0,0.0,0.0,172593.3,0.0,0.0,34197.62,280918.53,4337.09,0.00,436362.00,0.00
CZ16/Rt3&0&cDXHP&Ex&dxHP_equip/NE-dxHP-SplitHP-33to55-Ex-SEER14.3/instance-out.sql,2360104.92,38534.71000000001,314560.17,774348.97,0.0,436362.0,0.0,623702.39,3.38,0.0,0.0,0.0,172593.3,0.0,0.0,34197.62,314560.17,4337.09,0.00,436362.00,0.00
CZ16/Rt3&0&cDXHP&Ex&dxHP_equip/NE-dxHP-SplitHP-33to55-Ex-SEER15.2/instance-out.sql,2349674.49,38534.71000000001,304129.74,774348.97,0.0,436362.0,0.0,623702.39,3.38,0.0,0.0,0.0,172593.3,0.0,0.0,34197.62,304129.74,4337.09,0.00,436362.00,0.00
CZ16/Rt3&0&cDXHP&Ex&dxHP_equip/NE-dxHP-SplitHP-33to55-Ex-SEER16.2/instance-out.sql,2340605.85,38534.71000000001,295061.1,774348.97,0.0,436362.0,0.0,623702.39,3.38,0.0,0.0,0.0,172593.3,0.0,0.0,34197.62,295061.10,4337.09,0.00,436362.00,0.00
CZ16/Rt3&0&cDXHP&Ex&dxHP_equip/NE-dxHP-SplitHP-33to55-Ex-SEER17.1/instance-out.sql,2333355.75,38534.71000000001,287811.0,774348.97,0.0,436362.0,0.0,623702.39,3.38,0.0,0.0,0.0,172593.3,0.0,0.0,34197.62,287811.00,4337.09,0.00,436362.00,0.00
CZ16/Rt3&0&cDXHP&Ex&dxHP_equip/NE-dxHP-SplitHP-33to55-Ex-SEER18.1/instance-out.sql,2326463.2800000003,38534.71000000001,280918.53,774348.97,0.0,436362.0,0.0,623702.39,3.38,0.0,0.0,0.0,172593.3,0.0,0.0,34197.62,280918.53,4337.09,0.00,436362.00,0.00
CZ16/RtL&0&cDXHP&Ex&dxHP_equip/NE-dxHP-PkgHP-18to33-Ex-SEER13.4/instance-out.sql,2403539.2199999997,37391.51,343516.04,767420.15,0.0,509200.67,0.0,618953.82,3.39,0.0,0.0,0.0,127053.65,0.0,0.0,37337.79,343516.04,53.72,0.00,468847.72,40352.95
CZ16/RtL&0&cDXHP&Ex&dxHP_equip/NE-dxHP-PkgHP-18to33-Ex-SEER15.2/instance-out.sql,2380320.27,37391.51,320297.09,767420.15,0.0,509200.67,0.0,618953.82,3.39,0.0,0.0,0.0,127053.65,0.0,0.0,37337.79,320297.09,53.72,0.00,468847.72,40352.95
CZ16/RtL&0&cDXHP&Ex&dxHP_equip/NE-dxHP-PkgHP-18to33-Ex-SEER16.2/instance-out.sql,2370942.81,37391.51,310919.63,767420.15,0.0,509200.67,0.0,618953.82,3.39,0.0,0.0,0.0,127053.65,0.0,0.0,37337.79,310919.63,53.72,0.00,468847.72,40352.95
CZ16/RtL&0&cDXHP&Ex&dxHP_equip/NE-dxHP-PkgHP-18to33-Ex-SEER17.1/instance-out.sql,2363445.81,37391.51,303422.63,767420.15,0.0,509200.67,0.0,618953.82,3.39,0.0,0.0,0.0,127053.65,0.0,0.0,37337.79,303422.63,53.72,0.00,468847.72,40352.95
CZ16/RtL&0&cDXHP&Ex&dxHP_equip/NE-dxHP-PkgHP-18to33-Ex-SEER18.1/instance-out.sql,2356318.6199999996,37391.51,296295.44,767420.15,0.0,509200.67,0.0,618953.82,3.39,0.0,0.0,0.0,127053.65,0.0,0.0,37337.79,296295.44,53.72,0.00,468847.72,40352.95
CZ16/RtL&0&cDXHP&Ex&dxHP_equip/NE-dxHP-PkgHP-33to65-Ex-SEER13.4/instance-out.sql,2403539.2199999997,37391.51,343516.04,767420.15,0.0,509200.67,0.0,618953.82,3.39,0.0,0.0,0.0,127053.65,0.0,0.0,37337.79,343516.04,53.72,0.00,468847.72,40352.95
CZ16/RtL&0&cDXHP&Ex&dxHP_equip/NE-dxHP-PkgHP-33to65-Ex-SEER15.2/instance-out.sql,2380320.27,37391.51,320297.09,767420.15,0.0,509200.67,0.0,618953.82,3.39,0.0,0.0,0.0,127053.65,0.0,0.0,37337.79,320297.09,53.72,0.00,468847.72,40352.95
CZ16/RtL&0&cDXHP&Ex&dxHP_equip/NE-dxHP-PkgHP-33to65-Ex-SEER16.2/instance-out.sql,2370942.81,37391.51,310919.63,767420.15,0.0,509200.67,0.0,618953.82,3.39,0.0,0.0,0.0,127053.65,0.0,0.0,37337.79,310919.63,53.72,0.00,468847.72,40352.95
CZ16/RtL&0&cDXHP&Ex&dxHP_equip/NE-dxHP-PkgHP-33to65-Ex-SEER17.1/instance-out.sql,2363445.81,37391.51,303422.63,767420.15,0.0,509200.67,0.0,618953.82,3.39,0.0,0.0,0.0,127053.65,0.0,0.0,37337.79,303422.63,53.72,0.00,468847.72,40352.95
CZ16/RtL&0&cDXHP&Ex&dxHP_equip/NE-dxHP-PkgHP-33to65-Ex-SEER18.1/instance-out.sql,2356318.6199999996,37391.51,296295.44,767420.15,0.0,509200.67,0.0,618953.82,3.39,0.0,0.0,0.0,127053.65,0.0,0.0,37337.79,296295.44,53.72,0.00,468847.72,40352.95
CZ16/RtL&0&cDXHP&Ex&dxHP_equip/NE-dxHP-SplitHP-18to33-Ex-SEER14.3/instance-out.sql,2389467.4,35753.0,331082.72,767420.15,0.0,509200.67,0.0,618953.82,3.39,0.0,0.0,0.0,127053.65,0.0,0.0,35699.28,331082.72,53.72,0.00,468847.72,40352.95
CZ16/RtL&0&cDXHP&Ex&dxHP_equip/NE-dxHP-SplitHP-18to33-Ex-SEER15.2/instance-out.sql,2378681.77,35753.0,320297.09,767420.15,0.0,509200.67,0.0,618953.82,3.39,0.0,0.0,0.0,127053.65,0.0,0.0,35699.28,320297.09,53.72,0.00,468847.72,40352.95
CZ16/RtL&0&cDXHP&Ex&dxHP_equip/NE-dxHP-SplitHP-18to33-Ex-SEER16.2/instance-out.sql,2369304.3,35753.0,310919.63,767420.15,0.0,509200.67,0.0,618953.82,3.39,0.0,0.0,0.0,127053.65,0.0,0.0,35699.28,310919.63,53.72,0.00,468847.72,40352.95
CZ16/RtL&0&cDXHP&Ex&dxHP_equip/NE-dxHP-SplitHP-18to33-Ex-SEER17.1/instance-out.sql,2361807.31,35753.0,303422.63,767420.15,0.0,509200.67,0.0,618953.82,3.39,0.0,0.0,0.0,127053.65,0.0,0.0,35699.28,303422.63,53.72,0.00,468847.72,40352.95
CZ16/RtL&0&cDXHP&Ex&dxHP_equip/NE-dxHP-SplitHP-18to33-Ex-SEER18.1/instance-out.sql,2354680.1199999996,35753.0,296295.44,767420.15,0.0,509200.67,0.0,618953.82,3.39,0.0,0.0,0.0,127053.65,0.0,0.0,35699.28,296295.44,53.72,0.00,468847.72,40352.95
CZ16/RtL&0&cDXHP&Ex&dxHP_equip/NE-dxHP-SplitHP-33to55-Ex-SEER14.3/instance-out.sql,2389467.4,35753.0,331082.72,767420.15,0.0,509200.67,0.0,618953.82,3.39,0.0,0.0,0.0,127053.65,0.0,0.0,35699.28,331082.72,53.72,0.00,468847.72,40352.95
CZ16/RtL&0&cDXHP&Ex&dxHP_equip/NE-dxHP-SplitHP-33to55-Ex-SEER15.2/instance-out.sql,2378681.77,35753.0,320297.09,767420.15,0.0,509200.67,0.0,618953.82,3.39,0.0,0.0,0.0,127053.65,0.0,0.0,35699.28,320297.09,53.72,0.00,468847.72,40352.95
CZ16/RtL&0&cDXHP&Ex&dxHP_equip/NE-dxHP-SplitHP-33to55-Ex-SEER16.2/instance-out.sql,2369304.3,35753.0,310919.63,767420.15,0.0,509200.67,0.0,618953.82,3.39,0.0,0.0,0.0,127053.65,0.0,0.0,35699.28,310919.63,53.72,0.00,468847.72,40352.95
CZ16/RtL&0&cDXHP&Ex&dxHP_equip/NE-dxHP-SplitHP-33to55-Ex-SEER17.1/instance-out.sql,2361807.31,35753.0,303422.63,767420.15,0.0,509200.67,0.0,618953.82,3.39,0.0,0.0,0.0,127053.65,0.0,0.0,35699.28,303422.63,53.72,0.00,468847.72,40352.95
CZ16/RtL&0&cDXHP&Ex&dxHP_equip/NE-dxHP-SplitHP-33to55-Ex-SEER18.1/instance-out.sql,2354680.1199999996,35753.0,296295.44,767420.15,0.0,509200.67,0.0,618953.82,3.39,0.0,0.0,0.0,127053.65,0.0,0.0,35699.28,296295.44,53.72,0.00,468847.72,40352.95
CZ16/RtS&0&cDXHP&Ex&dxHP_equip/NE-dxHP-PkgHP-18to33-Ex-SEER13.4/instance-out.sql,156314.44,4950.38,23739.04,44599.63,0.0,24440.79,0.0,42902.58,3.36,0.0,0.0,0.0,15678.65,0.0,0.0,4950.38,23739.04,0.00,0.00,24440.79,0.00
CZ16/RtS&0&cDXHP&Ex&dxHP_equip/NE-dxHP-PkgHP-18to33-Ex-SEER15.2/instance-out.sql,154639.41999999998,4950.38,22064.03,44599.63,0.0,24440.79,0.0,42902.58,3.36,0.0,0.0,0.0,15678.65,0.0,0.0,4950.38,22064.03,0.00,0.00,24440.79,0.00
CZ16/RtS&0&cDXHP&Ex&dxHP_equip/NE-dxHP-PkgHP-18to33-Ex-SEER16.2/instance-out.sql,153962.93,4950.38,21387.54,44599.63,0.0,24440.79,0.0,42902.58,3.36,0.0,0.0,0.0,15678.65,0.0,0.0,4950.38,21387.54,0.00,0.00,24440.79,0.00
CZ16/RtS&0&cDXHP&Ex&dxHP_equip/NE-dxHP-PkgHP-18to33-Ex-SEER17.1/instance-out.sql,153422.09,4950.38,20846.7,44599.63,0.0,24440.79,0.0,42902.58,3.36,0.0,0.0,0.0,15678.65,0.0,0.0,4950.38,20846.70,0.00,0.00,24440.79,0.00
CZ16/RtS&0&cDXHP&Ex&dxHP_equip/NE-dxHP-PkgHP-18to33-Ex-SEER18.1/instance-out.sql,152907.94,4950.38,20332.54,44599.63,0.0,24440.79,0.0,42902.58,3.36,0.0,0.0,0.0,15678.65,0.0,0.0,4950.38,20332.54,0.00,0.00,24440.79,0.00
CZ16/RtS&0&cDXHP&Ex&dxHP_equip/NE-dxHP-PkgHP-33to65-Ex-SEER13.4/instance-out.sql,156314.44,4950.38,23739.04,44599.63,0.0,24440.79,0.0,42902.58,3.36,0.0,0.0,0.0,15678.65,0.0,0.0,4950.38,23739.04,0.00,0.00,24440.79,0.00
CZ16/RtS&0&cDXHP&Ex&dxHP_equip/NE-dxHP-PkgHP-33to65-Ex-SEER15.2/instance-out.sql,154639.41999999998,4950.38,22064.03,44599.63,0.0,24440.79,0.0,42902.58,3.36,0.0,0.0,0.0,15678.65,0.0,0.0,4950.38,22064.03,0.00,0.00,24440.79,0.00
CZ16/RtS&0&cDXHP&Ex&dxHP_equip/NE-dxHP-PkgHP-33to65-Ex-SEER16.2/instance-out.sql,153962.93,4950.38,21387.54,44599.63,0.0,24440.79,0.0,42902.58,3.36,0.0,0.0,0.0,15678.65,0.0,0.0,4950.38,21387.54,0.00,0.00,24440.79,0.00
CZ16/RtS&0&cDXHP&Ex&dxHP_equip/NE-dxHP-PkgHP-33to65-Ex-SEER17.1/instance-out.sql,153422.09,4950.38,20846.7,44599.63,0.0,24440.79,0.0,42902.58,3.36,0.0,0.0,0.0,15678.65,0.0,0.0,4950.38,20846.70,0.00,0.00,24440.79,0.00
CZ16/RtS&0&cDXHP&Ex&dxHP_equip/NE-dxHP-PkgHP-33to65-Ex-SEER18.1/instance-out.sql,152907.94,4950.38,20332.54,44599.63,0.0,24440.79,0.0,42902.58,3.36,0.0,0.0,0.0,15678.65,0.0,0.0,4950.38,20332.54,0.00,0.00,24440.79,0.00
CZ16/RtS&0&cDXHP&Ex&dxHP_equip/NE-dxHP-SplitHP-18to33-Ex-SEER14.3/instance-out.sql,155201.02,4733.91,22842.1,44599.63,0.0,24440.79,0.0,42902.58,3.36,0.0,0.0,0.0,15678.65,0.0,0.0,4733.91,22842.10,0.00,0.00,24440.79,0.00
CZ16/RtS&0&cDXHP&Ex&dxHP_equip/NE-dxHP-SplitHP-18to33-Ex-SEER15.2/instance-out.sql,154422.94999999998,4733.91,22064.03,44599.63,0.0,24440.79,0.0,42902.58,3.36,0.0,0.0,0.0,15678.65,0.0,0.0,4733.91,22064.03,0.00,0.00,24440.79,0.00
CZ16/RtS&0&cDXHP&Ex&dxHP_equip/NE-dxHP-SplitHP-18to33-Ex-SEER16.2/instance-out.sql,153746.44999999998,4733.91,21387.54,44599.63,0.0,24440.79,0.0,42902.58,3.36,0.0,0.0,0.0,15678.65,0.0,0.0,4733.91,21387.54,0.00,0.00,24440.79,0.00
CZ16/RtS&0&cDXHP&Ex&dxHP_equip/NE-dxHP-SplitHP-18to33-Ex-SEER17.1/instance-out.sql,153205.62,4733.91,20846.7,44599.63,0.0,24440.79,0.0,42902.58,3.36,0.0,0.0,0.0,15678.65,0.0,0.0,4733.91,20846.70,0.00,0.00,24440.79,0.00
CZ16/RtS&0&cDXHP&Ex&dxHP_equip/NE-dxHP-SplitHP-18to33-Ex-SEER18.1/instance-out.sql,152691.46,4733.91,20332.54,44599.63,0.0,24440.79,0.0,42902.58,3.36,0.0,0.0,0.0,15678.65,0.0,0.0,4733.91,20332.54,0.00,0.00,24440.79,0.00
CZ16/RtS&0&cDXHP&Ex&dxHP_equip/NE-dxHP-SplitHP-33to55-Ex-SEER14.3/instance-out.sql,155201.02,4733.91,22842.1,44599.63,0.0,24440.79,0.0,42902.58,3.36,0.0,0.0,0.0,15678.65,0.0,0.0,4733.91,22842.10,0.00,0.00,24440.79,0.00
CZ16/RtS&0&cDXHP&Ex&dxHP_equip/NE-dxHP-SplitHP-33to55-Ex-SEER15.2/instance-out.sql,154422.94999999998,4733.91,22064.03,44599.63,0.0,24440.79,0.0,42902.58,3.36,0.0,0.0,0.0,15678.65,0.0,0.0,4733.91,22064.03,0.00,0.00,24440.79,0.00
CZ16/RtS&0&cDXHP&Ex&dxHP_equip/NE-dxHP-SplitHP-33to55-Ex-SEER16.2/instance-out.sql,153746.44999999998,4733.91,21387.54,44599.63,0.0,24440.79,0.0,42902.58,3.36,0.0,0.0,0.0,15678.65,0.0,0.0,4733.91,21387.54,0.00,0.00,24440.79,0.00
CZ16/RtS&0&cDXHP&Ex&dxHP_equip/NE-dxHP-SplitHP-33to55-Ex-SEER17.1/instance-out.sql,153205.62,4733.91,20846.7,44599.63,0.0,24440.79,0.0,42902.58,3.36,0.0,0.0,0.0,15678.65,0.0,0.0,4733.91,20846.70,0.00,0.00,24440.79,0.00
CZ16/RtS&0&cDXHP&Ex&dxHP_equip/NE-dxHP-SplitHP-33to55-Ex-SEER18.1/instance-out.sql,152691.46,4733.91,20332.54,44599.63,0.0,24440.79,0.0,42902.58,3.36,0.0,0.0,0.0,15678.65,0.0,0.0,4733.91,20332.54,0.00,0.00,24440.79,0.00
CZ16/SCn&0&cDXHP&Ex&dxHP_equip/NE-dxHP-PkgHP-18to33-Ex-SEER13.4/instance-out.sql,4117919.55,339520.05,648697.47,850055.03,0.0,449066.39,0.0,1745616.04,3.36,0.0,0.0,0.0,84961.21,0.0,0.0,339520.05,648697.47,0.00,0.00,449066.39,0.00
CZ16/SCn&0&cDXHP&Ex&dxHP_equip/NE-dxHP-PkgHP-18to33-Ex-SEER15.2/instance-out.sql,4072147.71,339520.05,602925.63,850055.03,0.0,449066.39,0.0,1745616.04,3.36,0.0,0.0,0.0,84961.21,0.0,0.0,339520.05,602925.63,0.00,0.00,449066.39,0.00
CZ16/SCn&0&cDXHP&Ex&dxHP_equip/NE-dxHP-PkgHP-18to33-Ex-SEER16.2/instance-out.sql,4053661.78,339520.05,584439.7,850055.03,0.0,449066.39,0.0,1745616.04,3.36,0.0,0.0,0.0,84961.21,0.0,0.0,339520.05,584439.70,0.00,0.00,449066.39,0.00
CZ16/SCn&0&cDXHP&Ex&dxHP_equip/NE-dxHP-PkgHP-18to33-Ex-SEER17.1/instance-out.sql,4038882.85,339520.05,569660.77,850055.03,0.0,449066.39,0.0,1745616.04,3.36,0.0,0.0,0.0,84961.21,0.0,0.0,339520.05,569660.77,0.00,0.00,449066.39,0.00
CZ16/SCn&0&cDXHP&Ex&dxHP_equip/NE-dxHP-PkgHP-18to33-Ex-SEER18.1/instance-out.sql,4024832.92,339520.05,555610.84,850055.03,0.0,449066.39,0.0,1745616.04,3.36,0.0,0.0,0.0,84961.21,0.0,0.0,339520.05,555610.84,0.00,0.00,449066.39,0.00
CZ16/SCn&0&cDXHP&Ex&dxHP_equip/NE-dxHP-PkgHP-33to65-Ex-SEER13.4/instance-out.sql,4117919.55,339520.05,648697.47,850055.03,0.0,449066.39,0.0,1745616.04,3.36,0.0,0.0,0.0,84961.21,0.0,0.0,339520.05,648697.47,0.00,0.00,449066.39,0.00
CZ16/SCn&0&cDXHP&Ex&dxHP_equip/NE-dxHP-PkgHP-33to65-Ex-SEER15.2/instance-out.sql,4072147.71,339520.05,602925.63,850055.03,0.0,449066.39,0.0,1745616.04,3.36,0.0,0.0,0.0,84961.21,0.0,0.0,339520.05,602925.63,0.00,0.00,449066.39,0.00
CZ16/SCn&0&cDXHP&Ex&dxHP_equip/NE-dxHP-PkgHP-33to65-Ex-SEER16.2/instance-out.sql,4053661.78,339520.05,584439.7,850055.03,0.0,449066.39,0.0,1745616.04,3.36,0.0,0.0,0.0,84961.21,0.0,0.0,339520.05,584439.70,0.00,0.00,449066.39,0.00
CZ16/SCn&0&cDXHP&Ex&dxHP_equip/NE-dxHP-PkgHP-33to65-Ex-SEER17.1/instance-out.sql,4038882.85,339520.05,569660.77,850055.03,0.0,449066.39,0.0,1745616.04,3.36,0.0,0.0,0.0,84961.21,0.0,0.0,339520.05,569660.77,0.00,0.00,449066.39,0.00
CZ16/SCn&0&cDXHP&Ex&dxHP_equip/NE-dxHP-PkgHP-33to65-Ex-SEER18.1/instance-out.sql,4024832.92,339520.05,555610.84,850055.03,0.0,449066.39,0.0,1745616.04,3.36,0.0,0.0,0.0,84961.21,0.0,0.0,339520.05,555610.84,0.00,0.00,449066.39,0.00
CZ16/SCn&0&cDXHP&Ex&dxHP_equip/NE-dxHP-SplitHP-18to33-Ex-SEER14.3/instance-out.sql,4077858.54,323969.02,624187.49,850055.03,0.0,449066.39,0.0,1745616.04,3.36,0.0,0.0,0.0,84961.21,0.0,0.0,323969.02,624187.49,0.00,0.00,449066.39,0.00
CZ16/SCn&0&cDXHP&Ex&dxHP_equip/NE-dxHP-SplitHP-18to33-Ex-SEER15.2/instance-out.sql,4056596.68,323969.02,602925.63,850055.03,0.0,449066.39,0.0,1745616.04,3.36,0.0,0.0,0.0,84961.21,0.0,0.0,323969.02,602925.63,0.00,0.00,449066.39,0.00
CZ16/SCn&0&cDXHP&Ex&dxHP_equip/NE-dxHP-SplitHP-18to33-Ex-SEER16.2/instance-out.sql,4038110.75,323969.02,584439.7,850055.03,0.0,449066.39,0.0,1745616.04,3.36,0.0,0.0,0.0,84961.21,0.0,0.0,323969.02,584439.70,0.00,0.00,449066.39,0.00
CZ16/SCn&0&cDXHP&Ex&dxHP_equip/NE-dxHP-SplitHP-18to33-Ex-SEER17.1/instance-out.sql,4023331.82,323969.02,569660.77,850055.03,0.0,449066.39,0.0,1745616.04,3.36,0.0,0.0,0.0,84961.21,0.0,0.0,323969.02,569660.77,0.00,0.00,449066.39,0.00
CZ16/SCn&0&cDXHP&Ex&dxHP_equip/NE-dxHP-SplitHP-18to33-Ex-SEER18.1/instance-out.sql,4009281.89,323969.02,555610.84,850055.03,0.0,449066.39,0.0,1745616.04,3.36,0.0,0.0,0.0,84961.21,0.0,0.0,323969.02,555610.84,0.00,0.00,449066.39,0.00
CZ16/SCn&0&cDXHP&Ex&dxHP_equip/NE-dxHP-SplitHP-33to55-Ex-SEER14.3/instance-out.sql,4077858.54,323969.02,624187.49,850055.03,0.0,449066.39,0.0,1745616.04,3.36,0.0,0.0,0.0,84961.21,0.0,0.0,323969.02,624187.49,0.00,0.00,449066.39,0.00
CZ16/SCn&0&cDXHP&Ex&dxHP_equip/NE-dxHP-SplitHP-33to55-Ex-SEER15.2/instance-out.sql,4056596.68,323969.02,602925.63,850055.03,0.0,449066.39,0.0,1745616.04,3.36,0.0,0.0,0.0,84961.21,0.0,0.0,323969.02,602925.63,0.00,0.00,449066.39,0.00
CZ16/SCn&0&cDXHP&Ex&dxHP_equip/NE-dxHP-SplitHP-33to55-Ex-SEER16.2/instance-out.sql,4038110.75,323969.02,584439.7,850055.03,0.0,449066.39,0.0,1745616.04,3.36,0.0,0.0,0.0,84961.21,0.0,0.0,323969.02,584439.70,0.00,0.00,449066.39,0.00
CZ16/SCn&0&cDXHP&Ex&dxHP_equip/NE-dxHP-SplitHP-33to55-Ex-SEER17.1/instance-out.sql,4023331.82,323969.02,569660.77,850055.03,0.0,449066.39,0.0,1745616.04,3.36,0.0,0.0,0.0,84961.21,0.0,0.0,323969.02,569660.77,0.00,0.00,449066.39,0.00
CZ16/SCn&0&cDXHP&Ex&dxHP_equip/NE-dxHP-SplitHP-33to55-Ex-SEER18.1/instance-out.sql,4009281.89,323969.02,555610.84,850055.03,0.0,449066.39,0.0,1745616.04,3.36,0.0,0.0,0.0,84961.21,0.0,0.0,323969.02,555610.84,0.00,0.00,449066.39,0.00

File Name,Electricity (kWh),Natural Gas (kWh)
CZ15/Asm&0&cDXHP&Ex&dxHP_equip/NE-dxHP-PkgHP-18to33-Ex-SEER13.4/instance-out.sql,930676.96,18561.88
CZ15/Asm&0&cDXHP&Ex&dxHP_equip/NE-dxHP-PkgHP-18to33-Ex-SEER15.2/instance-out.sql,904205.10,18561.88
CZ15/Asm&0&cDXHP&Ex&dxHP_equip/NE-dxHP-PkgHP-18to33-Ex-SEER16.2/instance-out.sql,893513.89,18561.88
CZ15/Asm&0&cDXHP&Ex&dxHP_equip/NE-dxHP-PkgHP-18to33-Ex-SEER17.1/instance-out.sql,884966.58,18561.88
CZ15/Asm&0&cDXHP&Ex&dxHP_equip/NE-dxHP-PkgHP-18to33-Ex-SEER18.1/instance-out.sql,876840.89,18561.88
CZ15/Asm&0&cDXHP&Ex&dxHP_equip/NE-dxHP-PkgHP-33to65-Ex-SEER13.4/instance-out.sql,930676.96,18561.88
CZ15/Asm&0&cDXHP&Ex&dxHP_equip/NE-dxHP-PkgHP-33to65-Ex-SEER15.2/instance-out.sql,904205.10,18561.88
CZ15/Asm&0&cDXHP&Ex&dxHP_equip/NE-dxHP-PkgHP-33to65-Ex-SEER16.2/instance-out.sql,893513.89,18561.88
CZ15/Asm&0&cDXHP&Ex&dxHP_equip/NE-dxHP-PkgHP-33to65-Ex-SEER17.1/instance-out.sql,884966.58,18561.88
CZ15/Asm&0&cDXHP&Ex&dxHP_equip/NE-dxHP-PkgHP-33to65-Ex-SEER18.1/instance-out.sql,876840.89,18561.88
CZ15/Asm&0&cDXHP&Ex&dxHP_equip/NE-dxHP-SplitHP-18to33-Ex-SEER14.3/instance-out.sql,916063.78,18561.88
CZ15/Asm&0&cDXHP&Ex&dxHP_equip/NE-dxHP-SplitHP-18to33-Ex-SEER15.2/instance-out.sql,903767.12,18561.88
CZ15/Asm&0&cDXHP&Ex&dxHP_equip/NE-dxHP-SplitHP-18to33-Ex-SEER16.2/instance-out.sql,893075.90,18561.88
CZ15/Asm&0&cDXHP&Ex&dxHP_equip/NE-dxHP-SplitHP-18to33-Ex-SEER17.1/instance-out.sql,884528.60,18561.88
CZ15/Asm&0&cDXHP&Ex&dxHP_equip/NE-dxHP-SplitHP-18to33-Ex-SEER18.1/instance-out.sql,876402.91,18561.88
CZ15/Asm&0&cDXHP&Ex&dxHP_equip/NE-dxHP-SplitHP-33to55-Ex-SEER14.3/instance-out.sql,916063.78,18561.88
CZ15/Asm&0&cDXHP&Ex&dxHP_equip/NE-dxHP-SplitHP-33to55-Ex-SEER15.2/instance-out.sql,903767.12,18561.88
CZ15/Asm&0&cDXHP&Ex&dxHP_equip/NE-dxHP-SplitHP-33to55-Ex-SEER16.2/instance-out.sql,893075.90,18561.88
CZ15/Asm&0&cDXHP&Ex&dxHP_equip/NE-dxHP-SplitHP-33to55-Ex-SEER17.1/instance-out.sql,884528.60,18561.88
CZ15/Asm&0&cDXHP&Ex&dxHP_equip/NE-dxHP-SplitHP-33to55-Ex-SEER18.1/instance-out.sql,876402.91,18561.88
CZ15/ECC&0&cDXHP&Ex&dxHP_equip/NE-dxHP-PkgHP-18to33-Ex-SEER13.4/instance-out.sql,2844872.10,403955.07
CZ15/ECC&0&cDXHP&Ex&dxHP_equip/NE-dxHP-PkgHP-18to33-Ex-SEER15.2/instance-out.sql,2794711.43,403955.07
CZ15/ECC&0&cDXHP&Ex&dxHP_equip/NE-dxHP-PkgHP-18to33-Ex-SEER16.2/instance-out.sql,2774452.99,403955.07
CZ15/ECC&0&cDXHP&Ex&dxHP_equip/NE-dxHP-PkgHP-18to33-Ex-SEER17.1/instance-out.sql,2758256.97,403955.07
CZ15/ECC&0&cDXHP&Ex&dxHP_equip/NE-dxHP-PkgHP-18to33-Ex-SEER18.1/instance-out.sql,2742859.87,403955.07
CZ15/ECC&0&cDXHP&Ex&dxHP_equip/NE-dxHP-PkgHP-33to65-Ex-SEER13.4/instance-out.sql,2844872.10,403955.07
CZ15/ECC&0&cDXHP&Ex&dxHP_equip/NE-dxHP-PkgHP-33to65-Ex-SEER15.2/instance-out.sql,2794711.43,403955.07
CZ15/ECC&0&cDXHP&Ex&dxHP_equip/NE-dxHP-PkgHP-33to65-Ex-SEER16.2/instance-out.sql,2774452.99,403955.07
CZ15/ECC&0&cDXHP&Ex&dxHP_equip/NE-dxHP-PkgHP-33to65-Ex-SEER17.1/instance-out.sql,2758256.97,403955.07
CZ15/ECC&0&cDXHP&Ex&dxHP_equip/NE-dxHP-PkgHP-33to65-Ex-SEER18.1/instance-out.sql,2742859.87,403955.07
CZ15/ECC&0&cDXHP&Ex&dxHP_equip/NE-dxHP-SplitHP-18to33-Ex-SEER14.3/instance-out.sql,2817888.51,403955.07
CZ15/ECC&0&cDXHP&Ex&dxHP_equip/NE-dxHP-SplitHP-18to33-Ex-SEER15.2/instance-out.sql,2794587.95,403955.07
CZ15/ECC&0&cDXHP&Ex&dxHP_equip/NE-dxHP-SplitHP-18to33-Ex-SEER16.2/instance-out.sql,2774329.51,403955.07
CZ15/ECC&0&cDXHP&Ex&dxHP_equip/NE-dxHP-SplitHP-18to33-Ex-SEER17.1/instance-out.sql,2758133.49,403955.07
CZ15/ECC&0&cDXHP&Ex&dxHP_equip/NE-dxHP-SplitHP-18to33-Ex-SEER18.1/instance-out.sql,2742736.39,403955.07
CZ15/ECC&0&cDXHP&Ex&dxHP_equip/NE-dxHP-SplitHP-33to55-Ex-SEER14.3/instance-out.sql,2817888.51,403955.07
CZ15/ECC&0&cDXHP&Ex&dxHP_equip/NE-dxHP-SplitHP-33to55-Ex-SEER15.2/instance-out.sql,2794587.95,403955.07
CZ15/ECC&0&cDXHP&Ex&dxHP_equip/NE-dxHP-SplitHP-33to55-Ex-SEER16.2/instance-out.sql,2774329.51,403955.07
CZ15/ECC&0&cDXHP&Ex&dxHP_equip/NE-dxHP-SplitHP-33to55-Ex-SEER17.1/instance-out.sql,2758133.49,403955.07
CZ15/ECC&0&cDXHP&Ex&dxHP_equip/NE-dxHP-SplitHP-33to55-Ex-SEER18.1/instance-out.sql,2742736.39,403955.07
CZ15/EPr&0&cDXHP&Ex&dxHP_equip/NE-dxHP-PkgHP-18to33-Ex-SEER13.4/instance-out.sql,390665.45,107825.91
CZ15/EPr&0&cDXHP&Ex&dxHP_equip/NE-dxHP-PkgHP-18to33-Ex-SEER15.2/instance-out.sql,382057.55,107825.91
CZ15/EPr&0&cDXHP&Ex&dxHP_equip/NE-dxHP-PkgHP-18to33-Ex-SEER16.2/instance-out.sql,378581.07,107825.91
CZ15/EPr&0&cDXHP&Ex&dxHP_equip/NE-dxHP-PkgHP-18to33-Ex-SEER17.1/instance-out.sql,375801.72,107825.91
CZ15/EPr&0&cDXHP&Ex&dxHP_equip/NE-dxHP-PkgHP-18to33-Ex-SEER18.1/instance-out.sql,373159.48,107825.91
CZ15/EPr&0&cDXHP&Ex&dxHP_equip/NE-dxHP-PkgHP-33to65-Ex-SEER13.4/instance-out.sql,390665.45,107825.91
CZ15/EPr&0&cDXHP&Ex&dxHP_equip/NE-dxHP-PkgHP-33to65-Ex-SEER15.2/instance-out.sql,382057.55,107825.91
CZ15/EPr&0&cDXHP&Ex&dxHP_equip/NE-dxHP-PkgHP-33to65-Ex-SEER16.2/instance-out.sql,378581.07,107825.91
CZ15/EPr&0&cDXHP&Ex&dxHP_equip/NE-dxHP-PkgHP-33to65-Ex-SEER17.1/instance-out.sql,375801.72,107825.91
CZ15/EPr&0&cDXHP&Ex&dxHP_equip/NE-dxHP-PkgHP-33to65-Ex-SEER18.1/instance-out.sql,373159.48,107825.91
CZ15/EPr&0&cDXHP&Ex&dxHP_equip/NE-dxHP-SplitHP-18to33-Ex-SEER14.3/instance-out.sql,386006.67,107825.91
CZ15/EPr&0&cDXHP&Ex&dxHP_equip/NE-dxHP-SplitHP-18to33-Ex-SEER15.2/instance-out.sql,382008.14,107825.91
CZ15/EPr&0&cDXHP&Ex&dxHP_equip/NE-dxHP-SplitHP-18to33-Ex-SEER16.2/instance-out.sql,378531.66,107825.91
CZ15/EPr&0&cDXHP&Ex&dxHP_equip/NE-dxHP-SplitHP-18to33-Ex-SEER17.1/instance-out.sql,375752.31,107825.91
CZ15/EPr&0&cDXHP&Ex&dxHP_equip/NE-dxHP-SplitHP-18to33-Ex-SEER18.1/instance-out.sql,373110.07,107825.91
CZ15/EPr&0&cDXHP&Ex&dxHP_equip/NE-dxHP-SplitHP-33to55-Ex-SEER14.3/instance-out.sql,386006.67,107825.91
CZ15/EPr&0&cDXHP&Ex&dxHP_equip/NE-dxHP-SplitHP-33to55-Ex-SEER15.2/instance-out.sql,382008.14,107825.91
CZ15/EPr&0&cDXHP&Ex&dxHP_equip/NE-dxHP-SplitHP-33to55-Ex-SEER16.2/instance-out.sql,378531.66,107825.91
CZ15/EPr&0&cDXHP&Ex&dxHP_equip/NE-dxHP-SplitHP-33to55-Ex-SEER17.1/instance-out.sql,375752.31,107825.91
CZ15/EPr&0&cDXHP&Ex&dxHP_equip/NE-dxHP-SplitHP-33to55-Ex-SEER18.1/instance-out.sql,373110.07,107825.91
CZ15/ERC&0&cDXHP&Ex&dxHP_equip/NE-dxHP-PkgHP-18to33-Ex-SEER13.4/instance-out.sql,15617.28,8542.08
CZ15/ERC&0&cDXHP&Ex&dxHP_equip/NE-dxHP-PkgHP-18to33-Ex-SEER15.2/instance-out.sql,15197.38,8542.08
CZ15/ERC&0&cDXHP&Ex&dxHP_equip/NE-dxHP-PkgHP-18to33-Ex-SEER16.2/instance-out.sql,15027.79,8542.08
CZ15/ERC&0&cDXHP&Ex&dxHP_equip/NE-dxHP-PkgHP-18to33-Ex-SEER17.1/instance-out.sql,14892.21,8542.08
CZ15/ERC&0&cDXHP&Ex&dxHP_equip/NE-dxHP-PkgHP-18to33-Ex-SEER18.1/instance-out.sql,14763.32,8542.08
CZ15/ERC&0&cDXHP&Ex&dxHP_equip/NE-dxHP-PkgHP-33to65-Ex-SEER13.4/instance-out.sql,15617.28,8542.08
CZ15/ERC&0&cDXHP&Ex&dxHP_equip/NE-dxHP-PkgHP-33to65-Ex-SEER15.2/instance-out.sql,15197.38,8542.08
CZ15/ERC&0&cDXHP&Ex&dxHP_equip/NE-dxHP-PkgHP-33to65-Ex-SEER16.2/instance-out.sql,15027.79,8542.08
CZ15/ERC&0&cDXHP&Ex&dxHP_equip/NE-dxHP-PkgHP-33to65-Ex-SEER17.1/instance-out.sql,14892.21,8542.08
CZ15/ERC&0&cDXHP&Ex&dxHP_equip/NE-dxHP-PkgHP-33to65-Ex-SEER18.1/instance-out.sql,14763.32,8542.08
CZ15/ERC&0&cDXHP&Ex&dxHP_equip/NE-dxHP-SplitHP-18to33-Ex-SEER14.3/instance-out.sql,15389.87,8542.08
CZ15/ERC&0&cDXHP&Ex&dxHP_equip/NE-dxHP-SplitHP-18to33-Ex-SEER15.2/instance-out.sql,15194.82,8542.08
CZ15/ERC&0&cDXHP&Ex&dxHP_equip/NE-dxHP-SplitHP-18to33-Ex-SEER16.2/instance-out.sql,15025.23,8542.08
CZ15/ERC&0&cDXHP&Ex&dxHP_equip/NE-dxHP-SplitHP-18to33-Ex-SEER17.1/instance-out.sql,14889.65,8542.08
CZ15/ERC&0&cDXHP&Ex&dxHP_equip/NE-dxHP-SplitHP-18to33-Ex-SEER18.1/instance-out.sql,14760.76,8542.08
CZ15/ERC&0&cDXHP&Ex&dxHP_equip/NE-dxHP-SplitHP-33to55-Ex-SEER14.3/instance-out.sql,15389.87,8542.08
CZ15/ERC&0&cDXHP&Ex&dxHP_equip/NE-dxHP-SplitHP-33to55-Ex-SEER15.2/instance-out.sql,15194.82,8542.08
CZ15/ERC&0&cDXHP&Ex&dxHP_equip/NE-dxHP-SplitHP-33to55-Ex-SEER16.2/instance-out.sql,15025.23,8542.08
CZ15/ERC&0&cDXHP&Ex&dxHP_equip/NE-dxHP-SplitHP-33to55-Ex-SEER17.1/instance-out.sql,14889.65,8542.08
CZ15/ERC&0&cDXHP&Ex&dxHP_equip/NE-dxHP-SplitHP-33to55-Ex-SEER18.1/instance-out.sql,14760.76,8542.08
CZ15/ESe&0&cDXHP&Ex&dxHP_equip/NE-dxHP-PkgHP-18to33-Ex-SEER13.4/instance-out.sql,1128442.17,260958.33
CZ15/ESe&0&cDXHP&Ex&dxHP_equip/NE-dxHP-PkgHP-18to33-Ex-SEER15.2/instance-out.sql,1119449.26,260958.33
CZ15/ESe&0&cDXHP&Ex&dxHP_equip/NE-dxHP-PkgHP-18to33-Ex-SEER16.2/instance-out.sql,1115817.28,260958.33
CZ15/ESe&0&cDXHP&Ex&dxHP_equip/NE-dxHP-PkgHP-18to33-Ex-SEER17.1/instance-out.sql,1112913.62,260958.33
CZ15/ESe&0&cDXHP&Ex&dxHP_equip/NE-dxHP-PkgHP-18to33-Ex-SEER18.1/instance-out.sql,1110153.20,260958.33
CZ15/ESe&0&cDXHP&Ex&dxHP_equip/NE-dxHP-PkgHP-33to65-Ex-SEER13.4/instance-out.sql,1128442.17,260958.33
CZ15/ESe&0&cDXHP&Ex&dxHP_equip/NE-dxHP-PkgHP-33to65-Ex-SEER15.2/instance-out.sql,1119449.26,260958.33
CZ15/ESe&0&cDXHP&Ex&dxHP_equip/NE-dxHP-PkgHP-33to65-Ex-SEER16.2/instance-out.sql,1115817.28,260958.33
CZ15/ESe&0&cDXHP&Ex&dxHP_equip/NE-dxHP-PkgHP-33to65-Ex-SEER17.1/instance-out.sql,1112913.62,260958.33
CZ15/ESe&0&cDXHP&Ex&dxHP_equip/NE-dxHP-PkgHP-33to65-Ex-SEER18.1/instance-out.sql,1110153.20,260958.33
CZ15/ESe&0&cDXHP&Ex&dxHP_equip/NE-dxHP-SplitHP-18to33-Ex-SEER14.3/instance-out.sql,1123601.66,260958.33
CZ15/ESe&0&cDXHP&Ex&dxHP_equip/NE-dxHP-SplitHP-18to33-Ex-SEER15.2/instance-out.sql,1119424.29,260958.33
CZ15/ESe&0&cDXHP&Ex&dxHP_equip/NE-dxHP-SplitHP-18to33-Ex-SEER16.2/instance-out.sql,1115792.31,260958.33
CZ15/ESe&0&cDXHP&Ex&dxHP_equip/NE-dxHP-SplitHP-18to33-Ex-SEER17.1/instance-out.sql,1112888.66,260958.33
CZ15/ESe&0&cDXHP&Ex&dxHP_equip/NE-dxHP-SplitHP-18to33-Ex-SEER18.1/instance-out.sql,1110128.23,260958.33
CZ15/ESe&0&cDXHP&Ex&dxHP_equip/NE-dxHP-SplitHP-33to55-Ex-SEER14.3/instance-out.sql,1123601.66,260958.33
CZ15/ESe&0&cDXHP&Ex&dxHP_equip/NE-dxHP-SplitHP-33to55-Ex-SEER15.2/instance-out.sql,1119424.29,260958.33
CZ15/ESe&0&cDXHP&Ex&dxHP_equip/NE-dxHP-SplitHP-33to55-Ex-SEER16.2/instance-out.sql,1115792.31,260958.33
CZ15/ESe&0&cDXHP&Ex&dxHP_equip/NE-dxHP-SplitHP-33to55-Ex-SEER17.1/instance-out.sql,1112888.66,260958.33
CZ15/ESe&0&cDXHP&Ex&dxHP_equip/NE-dxHP-SplitHP-33to55-Ex-SEER18.1/instance-out.sql,1110128.23,260958.33
CZ15/EUn&0&cDXHP&Ex&dxHP_equip/NE-dxHP-PkgHP-18to33-Ex-SEER13.4/instance-out.sql,9412172.26,696867.39
CZ15/EUn&0&cDXHP&Ex&dxHP_equip/NE-dxHP-PkgHP-18to33-Ex-SEER15.2/instance-out.sql,9281187.73,696867.39
CZ15/EUn&0&cDXHP&Ex&dxHP_equip/NE-dxHP-PkgHP-18to33-Ex-SEER16.2/instance-out.sql,9228286.85,696867.39
CZ15/EUn&0&cDXHP&Ex&dxHP_equip/NE-dxHP-PkgHP-18to33-Ex-SEER17.1/instance-out.sql,9185994.21,696867.39
CZ15/EUn&0&cDXHP&Ex&dxHP_equip/NE-dxHP-PkgHP-18to33-Ex-SEER18.1/instance-out.sql,9145787.75,696867.39
CZ15/EUn&0&cDXHP&Ex&dxHP_equip/NE-dxHP-PkgHP-33to65-Ex-SEER13.4/instance-out.sql,9412172.26,696867.39
CZ15/EUn&0&cDXHP&Ex&dxHP_equip/NE-dxHP-PkgHP-33to65-Ex-SEER15.2/instance-out.sql,9281187.73,696867.39
CZ15/EUn&0&cDXHP&Ex&dxHP_equip/NE-dxHP-PkgHP-33to65-Ex-SEER16.2/instance-out.sql,9228286.85,696867.39
CZ15/EUn&0&cDXHP&Ex&dxHP_equip/NE-dxHP-PkgHP-33to65-Ex-SEER17.1/instance-out.sql,9185994.21,696867.39
CZ15/EUn&0&cDXHP&Ex&dxHP_equip/NE-dxHP-PkgHP-33to65-Ex-SEER18.1/instance-out.sql,9145787.75,696867.39
CZ15/EUn&0&cDXHP&Ex&dxHP_equip/NE-dxHP-SplitHP-18to33-Ex-SEER14.3/instance-out.sql,9341589.65,696867.39
CZ15/EUn&0&cDXHP&Ex&dxHP_equip/NE-dxHP-SplitHP-18to33-Ex-SEER15.2/instance-out.sql,9280744.92,696867.39
CZ15/EUn&0&cDXHP&Ex&dxHP_equip/NE-dxHP-SplitHP-18to33-Ex-SEER16.2/instance-out.sql,9227844.04,696867.39
CZ15/EUn&0&cDXHP&Ex&dxHP_equip/NE-dxHP-SplitHP-18to33-Ex-SEER17.1/instance-out.sql,9185551.41,696867.39
CZ15/EUn&0&cDXHP&Ex&dxHP_equip/NE-dxHP-SplitHP-18to33-Ex-SEER18.1/instance-out.sql,9145344.95,696867.39
CZ15/EUn&0&cDXHP&Ex&dxHP_equip/NE-dxHP-SplitHP-33to55-Ex-SEER14.3/instance-out.sql,9341589.65,696867.39
CZ15/EUn&0&cDXHP&Ex&dxHP_equip/NE-dxHP-SplitHP-33to55-Ex-SEER15.2/instance-out.sql,9280744.92,696867.39
CZ15/EUn&0&cDXHP&Ex&dxHP_equip/NE-dxHP-SplitHP-33to55-Ex-SEER16.2/instance-out.sql,9227844.04,696867.39
CZ15/EUn&0&cDXHP&Ex&dxHP_equip/NE-dxHP-SplitHP-33to55-Ex-SEER17.1/instance-out.sql,9185551.41,696867.39
CZ15/EUn&0&cDXHP&Ex&dxHP_equip/NE-dxHP-SplitHP-33to55-Ex-SEER18.1/instance-out.sql,9145344.95,696867.39
CZ15/Gro&0&cDXHP&Ex&dxHP_equip/NE-dxHP-PkgHP-18to33-Ex-SEER13.4/instance-out.sql,2317678.60,47064.25
CZ15/Gro&0&cDXHP&Ex&dxHP_equip/NE-dxHP-PkgHP-18to33-Ex-SEER15.2/instance-out.sql,2304235.10,47064.25
CZ15/Gro&0&cDXHP&Ex&dxHP_equip/NE-dxHP-PkgHP-18to33-Ex-SEER16.2/instance-out.sql,2298805.66,47064.25
CZ15/Gro&0&cDXHP&Ex&dxHP_equip/NE-dxHP-PkgHP-18to33-Ex-SEER17.1/instance-out.sql,2294464.99,47064.25
CZ15/Gro&0&cDXHP&Ex&dxHP_equip/NE-dxHP-PkgHP-18to33-Ex-SEER18.1/instance-out.sql,2290338.43,47064.25
CZ15/Gro&0&cDXHP&Ex&dxHP_equip/NE-dxHP-PkgHP-33to65-Ex-SEER13.4/instance-out.sql,2317678.60,47064.25
CZ15/Gro&0&cDXHP&Ex&dxHP_equip/NE-dxHP-PkgHP-33to65-Ex-SEER15.2/instance-out.sql,2304235.10,47064.25
CZ15/Gro&0&cDXHP&Ex&dxHP_equip/NE-dxHP-PkgHP-33to65-Ex-SEER16.2/instance-out.sql,2298805.66,47064.25
CZ15/Gro&0&cDXHP&Ex&dxHP_equip/NE-dxHP-PkgHP-33to65-Ex-SEER17.1/instance-out.sql,2294464.99,47064.25
CZ15/Gro&0&cDXHP&Ex&dxHP_equip/NE-dxHP-PkgHP-33to65-Ex-SEER18.1/instance-out.sql,2290338.43,47064.25
CZ15/Gro&0&cDXHP&Ex&dxHP_equip/NE-dxHP-SplitHP-18to33-Ex-SEER14.3/instance-out.sql,2310188.83,47064.25
CZ15/Gro&0&cDXHP&Ex&dxHP_equip/NE-dxHP-SplitHP-18to33-Ex-SEER15.2/instance-out.sql,2303944.08,47064.25
CZ15/Gro&0&cDXHP&Ex&dxHP_equip/NE-dxHP-SplitHP-18to33-Ex-SEER16.2/instance-out.sql,2298514.64,47064.25
CZ15/Gro&0&cDXHP&Ex&dxHP_equip/NE-dxHP-SplitHP-18to33-Ex-SEER17.1/instance-out.sql,2294173.96,47064.25
CZ15/Gro&0&cDXHP&Ex&dxHP_equip/NE-dxHP-SplitHP-18to33-Ex-SEER18.1/instance-out.sql,2290047.40,47064.25
CZ15/Gro&0&cDXHP&Ex&dxHP_equip/NE-dxHP-SplitHP-33to55-Ex-SEER14.3/instance-out.sql,2310188.83,47064.25
CZ15/Gro&0&cDXHP&Ex&dxHP_equip/NE-dxHP-SplitHP-33to55-Ex-SEER15.2/instance-out.sql,2303944.08,47064.25
CZ15/Gro&0&cDXHP&Ex&dxHP_equip/NE-dxHP-SplitHP-33to55-Ex-SEER16.2/instance-out.sql,2298514.64,47064.25
CZ15/Gro&0&cDXHP&Ex&dxHP_equip/NE-dxHP-SplitHP-33to55-Ex-SEER17.1/instance-out.sql,2294173.96,47064.25
CZ15/Gro&0&cDXHP&Ex&dxHP_equip/NE-dxHP-SplitHP-33to55-Ex-SEER18.1/instance-out.sql,2290047.40,47064.25
CZ15/Hsp&0&cDXHP&Ex&dxHP_equip/NE-dxHP-PkgHP-18to33-Ex-SEER13.4/instance-out.sql,4505740.48,440432.50
CZ15/Hsp&0&cDXHP&Ex&dxHP_equip/NE-dxHP-PkgHP-18to33-Ex-SEER15.2/instance-out.sql,4485102.92,440432.50
CZ15/Hsp&0&cDXHP&Ex&dxHP_equip/NE-dxHP-PkgHP-18to33-Ex-SEER16.2/instance-out.sql,4476768.00,440432.50
CZ15/Hsp&0&cDXHP&Ex&dxHP_equip/NE-dxHP-PkgHP-18to33-Ex-SEER17.1/instance-out.sql,4470104.49,440432.50
CZ15/Hsp&0&cDXHP&Ex&dxHP_equip/NE-dxHP-PkgHP-18to33-Ex-SEER18.1/instance-out.sql,4463769.67,440432.50
CZ15/Hsp&0&cDXHP&Ex&dxHP_equip/NE-dxHP-PkgHP-33to65-Ex-SEER13.4/instance-out.sql,4505740.48,440432.50
CZ15/Hsp&0&cDXHP&Ex&dxHP_equip/NE-dxHP-PkgHP-33to65-Ex-SEER15.2/instance-out.sql,4485102.92,440432.50
CZ15/Hsp&0&cDXHP&Ex&dxHP_equip/NE-dxHP-PkgHP-33to65-Ex-SEER16.2/instance-out.sql,4476768.00,440432.50
CZ15/Hsp&0&cDXHP&Ex&dxHP_equip/NE-dxHP-PkgHP-33to65-Ex-SEER17.1/instance-out.sql,4470104.49,440432.50
CZ15/Hsp&0&cDXHP&Ex&dxHP_equip/NE-dxHP-PkgHP-33to65-Ex-SEER18.1/instance-out.sql,4463769.67,440432.50
CZ15/Hsp&0&cDXHP&Ex&dxHP_equip/NE-dxHP-SplitHP-18to33-Ex-SEER14.3/instance-out.sql,4494648.65,440432.50
CZ15/Hsp&0&cDXHP&Ex&dxHP_equip/NE-dxHP-SplitHP-18to33-Ex-SEER15.2/instance-out.sql,4485062.12,440432.50
CZ15/Hsp&0&cDXHP&Ex&dxHP_equip/NE-dxHP-SplitHP-18to33-Ex-SEER16.2/instance-out.sql,4476727.20,440432.50
CZ15/Hsp&0&cDXHP&Ex&dxHP_equip/NE-dxHP-SplitHP-18to33-Ex-SEER17.1/instance-out.sql,4470063.69,440432.50
CZ15/Hsp&0&cDXHP&Ex&dxHP_equip/NE-dxHP-SplitHP-18to33-Ex-SEER18.1/instance-out.sql,4463728.88,440432.50
CZ15/Hsp&0&cDXHP&Ex&dxHP_equip/NE-dxHP-SplitHP-33to55-Ex-SEER14.3/instance-out.sql,4494648.65,440432.50
CZ15/Hsp&0&cDXHP&Ex&dxHP_equip/NE-dxHP-SplitHP-33to55-Ex-SEER15.2/instance-out.sql,4485062.12,440432.50
CZ15/Hsp&0&cDXHP&Ex&dxHP_equip/NE-dxHP-SplitHP-33to55-Ex-SEER16.2/instance-out.sql,4476727.20,440432.50
CZ15/Hsp&0&cDXHP&Ex&dxHP_equip/NE-dxHP-SplitHP-33to55-Ex-SEER17.1/instance-out.sql,4470063.69,440432.50
CZ15/Hsp&0&cDXHP&Ex&dxHP_equip/NE-dxHP-SplitHP-33to55-Ex-SEER18.1/instance-out.sql,4463728.88,440432.50
CZ15/MBT&0&cDXHP&Ex&dxHP_equip/NE-dxHP-PkgHP-18to33-Ex-SEER13.4/instance-out.sql,4709923.46,1687699.61
CZ15/MBT&0&cDXHP&Ex&dxHP_equip/NE-dxHP-PkgHP-18to33-Ex-SEER15.2/instance-out.sql,4681241.40,1687699.61
CZ15/MBT&0&cDXHP&Ex&dxHP_equip/NE-dxHP-PkgHP-18to33-Ex-SEER16.2/instance-out.sql,4669657.55,1687699.61
CZ15/MBT&0&cDXHP&Ex&dxHP_equip/NE-dxHP-PkgHP-18to33-Ex-SEER17.1/instance-out.sql,4660396.61,1687699.61
CZ15/MBT&0&cDXHP&Ex&dxHP_equip/NE-dxHP-PkgHP-18to33-Ex-SEER18.1/instance-out.sql,4651592.49,1687699.61
CZ15/MBT&0&cDXHP&Ex&dxHP_equip/NE-dxHP-PkgHP-33to65-Ex-SEER13.4/instance-out.sql,4709923.46,1687699.61
CZ15/MBT&0&cDXHP&Ex&dxHP_equip/NE-dxHP-PkgHP-33to65-Ex-SEER15.2/instance-out.sql,4681241.40,1687699.61
CZ15/MBT&0&cDXHP&Ex&dxHP_equip/NE-dxHP-PkgHP-33to65-Ex-SEER16.2/instance-out.sql,4669657.55,1687699.61
CZ15/MBT&0&cDXHP&Ex&dxHP_equip/NE-dxHP-PkgHP-33to65-Ex-SEER17.1/instance-out.sql,4660396.61,1687699.61
CZ15/MBT&0&cDXHP&Ex&dxHP_equip/NE-dxHP-PkgHP-33to65-Ex-SEER18.1/instance-out.sql,4651592.49,1687699.61
CZ15/MBT&0&cDXHP&Ex&dxHP_equip/NE-dxHP-SplitHP-18to33-Ex-SEER14.3/instance-out.sql,4694442.88,1687699.61
CZ15/MBT&0&cDXHP&Ex&dxHP_equip/NE-dxHP-SplitHP-18to33-Ex-SEER15.2/instance-out.sql,4681119.54,1687699.61
CZ15/MBT&0&cDXHP&Ex&dxHP_equip/NE-dxHP-SplitHP-18to33-Ex-SEER16.2/instance-out.sql,4669535.69,1687699.61
CZ15/MBT&0&cDXHP&Ex&dxHP_equip/NE-dxHP-SplitHP-18to33-Ex-SEER17.1/instance-out.sql,4660274.75,1687699.61
CZ15/MBT&0&cDXHP&Ex&dxHP_equip/NE-dxHP-SplitHP-18to33-Ex-SEER18.1/instance-out.sql,4651470.63,1687699.61
CZ15/MBT&0&cDXHP&Ex&dxHP_equip/NE-dxHP-SplitHP-33to55-Ex-SEER14.3/instance-out.sql,4694442.88,1687699.61
CZ15/MBT&0&cDXHP&Ex&dxHP_equip/NE-dxHP-SplitHP-33to55-Ex-SEER15.2/instance-out.sql,4681119.54,1687699.61
CZ15/MBT&0&cDXHP&Ex&dxHP_equip/NE-dxHP-SplitHP-33to55-Ex-SEER16.2/instance-out.sql,4669535.69,1687699.61
CZ15/MBT&0&cDXHP&Ex&dxHP_equip/NE-dxHP-SplitHP-33to55-Ex-SEER17.1/instance-out.sql,4660274.75,1687699.61
CZ15/MBT&0&cDXHP&Ex&dxHP_equip/NE-dxHP-SplitHP-33to55-Ex-SEER18.1/instance-out.sql,4651470.63,1687699.61
CZ15/MLI&0&cDXHP&Ex&dxHP_equip/NE-dxHP-PkgHP-18to33-Ex-SEER13.4/instance-out.sql,1251215.21,37999.71
CZ15/MLI&0&cDXHP&Ex&dxHP_equip/NE-dxHP-PkgHP-18to33-Ex-SEER15.2/instance-out.sql,1224549.61,37999.71
CZ15/MLI&0&cDXHP&Ex&dxHP_equip/NE-dxHP-PkgHP-18to33-Ex-SEER16.2/instance-out.sql,1213780.14,37999.71
CZ15/MLI&0&cDXHP&Ex&dxHP_equip/NE-dxHP-PkgHP-18to33-Ex-SEER17.1/instance-out.sql,1205170.28,37999.71
CZ15/MLI&0&cDXHP&Ex&dxHP_equip/NE-dxHP-PkgHP-18to33-Ex-SEER18.1/instance-out.sql,1196985.13,37999.71
CZ15/MLI&0&cDXHP&Ex&dxHP_equip/NE-dxHP-PkgHP-33to65-Ex-SEER13.4/instance-out.sql,1251215.21,37999.71
CZ15/MLI&0&cDXHP&Ex&dxHP_equip/NE-dxHP-PkgHP-33to65-Ex-SEER15.2/instance-out.sql,1224549.61,37999.71
CZ15/MLI&0&cDXHP&Ex&dxHP_equip/NE-dxHP-PkgHP-33to65-Ex-SEER16.2/instance-out.sql,1213780.14,37999.71
CZ15/MLI&0&cDXHP&Ex&dxHP_equip/NE-dxHP-PkgHP-33to65-Ex-SEER17.1/instance-out.sql,1205170.28,37999.71
CZ15/MLI&0&cDXHP&Ex&dxHP_equip/NE-dxHP-PkgHP-33to65-Ex-SEER18.1/instance-out.sql,1196985.13,37999.71
CZ15/MLI&0&cDXHP&Ex&dxHP_equip/NE-dxHP-SplitHP-18to33-Ex-SEER14.3/instance-out.sql,1236716.49,37999.71
CZ15/MLI&0&cDXHP&Ex&dxHP_equip/NE-dxHP-SplitHP-18to33-Ex-SEER15.2/instance-out.sql,1224329.83,37999.71
CZ15/MLI&0&cDXHP&Ex&dxHP_equip/NE-dxHP-SplitHP-18to33-Ex-SEER16.2/instance-out.sql,1213560.36,37999.71
CZ15/MLI&0&cDXHP&Ex&dxHP_equip/NE-dxHP-SplitHP-18to33-Ex-SEER17.1/instance-out.sql,1204950.50,37999.71
CZ15/MLI&0&cDXHP&Ex&dxHP_equip/NE-dxHP-SplitHP-18to33-Ex-SEER18.1/instance-out.sql,1196765.34,37999.71
CZ15/MLI&0&cDXHP&Ex&dxHP_equip/NE-dxHP-SplitHP-33to55-Ex-SEER14.3/instance-out.sql,1236716.49,37999.71
CZ15/MLI&0&cDXHP&Ex&dxHP_equip/NE-dxHP-SplitHP-33to55-Ex-SEER15.2/instance-out.sql,1224329.83,37999.71
CZ15/MLI&0&cDXHP&Ex&dxHP_equip/NE-dxHP-SplitHP-33to55-Ex-SEER16.2/instance-out.sql,1213560.36,37999.71
CZ15/MLI&0&cDXHP&Ex&dxHP_equip/NE-dxHP-SplitHP-33to55-Ex-SEER17.1/instance-out.sql,1204950.50,37999.71
CZ15/MLI&0&cDXHP&Ex&dxHP_equip/NE-dxHP-SplitHP-33to55-Ex-SEER18.1/instance-out.sql,1196765.34,37999.71
CZ15/Mtl&0&cDXHP&Ex&dxHP_equip/NE-dxHP-PkgHP-18to33-Ex-SEER13.4/instance-out.sql,234254.69,7690.53
CZ15/Mtl&0&cDXHP&Ex&dxHP_equip/NE-dxHP-PkgHP-18to33-Ex-SEER15.2/instance-out.sql,229107.81,7690.53
CZ15/Mtl&0&cDXHP&Ex&dxHP_equip/NE-dxHP-PkgHP-18to33-Ex-SEER16.2/instance-out.sql,227029.13,7690.53
CZ15/Mtl&0&cDXHP&Ex&dxHP_equip/NE-dxHP-PkgHP-18to33-Ex-SEER17.1/instance-out.sql,225367.29,7690.53
CZ15/Mtl&0&cDXHP&Ex&dxHP_equip/NE-dxHP-PkgHP-18to33-Ex-SEER18.1/instance-out.sql,223787.42,7690.53
CZ15/Mtl&0&cDXHP&Ex&dxHP_equip/NE-dxHP-PkgHP-33to65-Ex-SEER13.4/instance-out.sql,234254.69,7690.53
CZ15/Mtl&0&cDXHP&Ex&dxHP_equip/NE-dxHP-PkgHP-33to65-Ex-SEER15.2/instance-out.sql,229107.81,7690.53
CZ15/Mtl&0&cDXHP&Ex&dxHP_equip/NE-dxHP-PkgHP-33to65-Ex-SEER16.2/instance-out.sql,227029.13,7690.53
CZ15/Mtl&0&cDXHP&Ex&dxHP_equip/NE-dxHP-PkgHP-33to65-Ex-SEER17.1/instance-out.sql,225367.29,7690.53
CZ15/Mtl&0&cDXHP&Ex&dxHP_equip/NE-dxHP-PkgHP-33to65-Ex-SEER18.1/instance-out.sql,223787.42,7690.53
CZ15/Mtl&0&cDXHP&Ex&dxHP_equip/NE-dxHP-SplitHP-18to33-Ex-SEER14.3/instance-out.sql,231469.86,7690.53
CZ15/Mtl&0&cDXHP&Ex&dxHP_equip/NE-dxHP-SplitHP-18to33-Ex-SEER15.2/instance-out.sql,229079.04,7690.53
CZ15/Mtl&0&cDXHP&Ex&dxHP_equip/NE-dxHP-SplitHP-18to33-Ex-SEER16.2/instance-out.sql,227000.36,7690.53
CZ15/Mtl&0&cDXHP&Ex&dxHP_equip/NE-dxHP-SplitHP-18to33-Ex-SEER17.1/instance-out.sql,225338.52,7690.53
CZ15/Mtl&0&cDXHP&Ex&dxHP_equip/NE-dxHP-SplitHP-18to33-Ex-SEER18.1/instance-out.sql,223758.65,7690.53
CZ15/Mtl&0&cDXHP&Ex&dxHP_equip/NE-dxHP-SplitHP-33to55-Ex-SEER14.3/instance-out.sql,231469.86,7690.53
CZ15/Mtl&0&cDXHP&Ex&dxHP_equip/NE-dxHP-SplitHP-33to55-Ex-SEER15.2/instance-out.sql,229079.04,7690.53
CZ15/Mtl&0&cDXHP&Ex&dxHP_equip/NE-dxHP-SplitHP-33to55-Ex-SEER16.2/instance-out.sql,227000.36,7690.53
CZ15/Mtl&0&cDXHP&Ex&dxHP_equip/NE-dxHP-SplitHP-33to55-Ex-SEER17.1/instance-out.sql,225338.52,7690.53
CZ15/Mtl&0&cDXHP&Ex&dxHP_equip/NE-dxHP-SplitHP-33to55-Ex-SEER18.1/instance-out.sql,223758.65,7690.53
CZ15/Nrs&0&cDXHP&Ex&dxHP_equip/NE-dxHP-PkgHP-18to33-Ex-SEER13.4/instance-out.sql,1022429.57,209334.28
CZ15/Nrs&0&cDXHP&Ex&dxHP_equip/NE-dxHP-PkgHP-18to33-Ex-SEER15.2/instance-out.sql,1013117.41,209334.28
CZ15/Nrs&0&cDXHP&Ex&dxHP_equip/NE-dxHP-PkgHP-18to33-Ex-SEER16.2/instance-out.sql,1009356.49,209334.28
CZ15/Nrs&0&cDXHP&Ex&dxHP_equip/NE-dxHP-PkgHP-18to33-Ex-SEER17.1/instance-out.sql,1006349.75,209334.28
CZ15/Nrs&0&cDXHP&Ex&dxHP_equip/NE-dxHP-PkgHP-18to33-Ex-SEER18.1/instance-out.sql,1003491.33,209334.28
CZ15/Nrs&0&cDXHP&Ex&dxHP_equip/NE-dxHP-PkgHP-33to65-Ex-SEER13.4/instance-out.sql,1022429.57,209334.28
CZ15/Nrs&0&cDXHP&Ex&dxHP_equip/NE-dxHP-PkgHP-33to65-Ex-SEER15.2/instance-out.sql,1013117.41,209334.28
CZ15/Nrs&0&cDXHP&Ex&dxHP_equip/NE-dxHP-PkgHP-33to65-Ex-SEER16.2/instance-out.sql,1009356.49,209334.28
CZ15/Nrs&0&cDXHP&Ex&dxHP_equip/NE-dxHP-PkgHP-33to65-Ex-SEER17.1/instance-out.sql,1006349.75,209334.28
CZ15/Nrs&0&cDXHP&Ex&dxHP_equip/NE-dxHP-PkgHP-33to65-Ex-SEER18.1/instance-out.sql,1003491.33,209334.28
CZ15/Nrs&0&cDXHP&Ex&dxHP_equip/NE-dxHP-SplitHP-18to33-Ex-SEER14.3/instance-out.sql,1017403.61,209334.28
CZ15/Nrs&0&cDXHP&Ex&dxHP_equip/NE-dxHP-SplitHP-18to33-Ex-SEER15.2/instance-out.sql,1013077.94,209334.28
CZ15/Nrs&0&cDXHP&Ex&dxHP_equip/NE-dxHP-SplitHP-18to33-Ex-SEER16.2/instance-out.sql,1009317.02,209334.28
CZ15/Nrs&0&cDXHP&Ex&dxHP_equip/NE-dxHP-SplitHP-18to33-Ex-SEER17.1/instance-out.sql,1006310.29,209334.28
CZ15/Nrs&0&cDXHP&Ex&dxHP_equip/NE-dxHP-SplitHP-18to33-Ex-SEER18.1/instance-out.sql,1003451.86,209334.28
CZ15/Nrs&0&cDXHP&Ex&dxHP_equip/NE-dxHP-SplitHP-33to55-Ex-SEER14.3/instance-out.sql,1017403.61,209334.28
CZ15/Nrs&0&cDXHP&Ex&dxHP_equip/NE-dxHP-SplitHP-33to55-Ex-SEER15.2/instance-out.sql,1013077.94,209334.28
CZ15/Nrs&0&cDXHP&Ex&dxHP_equip/NE-dxHP-SplitHP-33to55-Ex-SEER16.2/instance-out.sql,1009317.02,209334.28
CZ15/Nrs&0&cDXHP&Ex&dxHP_equip/NE-dxHP-SplitHP-33to55-Ex-SEER17.1/instance-out.sql,1006310.29,209334.28
CZ15/Nrs&0&cDXHP&Ex&dxHP_equip/NE-dxHP-SplitHP-33to55-Ex-SEER18.1/instance-out.sql,1003451.86,209334.28
CZ15/OfL&0&cDXHP&Ex&dxHP_equip/NE-dxHP-PkgHP-18to33-Ex-SEER13.4/instance-out.sql,3247942.93,109747.43
CZ15/OfL&0&cDXHP&Ex&dxHP_equip/NE-dxHP-PkgHP-18to33-Ex-SEER15.2/instance-out.sql,3193215.10,109747.43
CZ15/OfL&0&cDXHP&Ex&dxHP_equip/NE-dxHP-PkgHP-18to33-Ex-SEER16.2/instance-out.sql,3171112.11,109747.43
CZ15/OfL&0&cDXHP&Ex&dxHP_equip/NE-dxHP-PkgHP-18to33-Ex-SEER17.1/instance-out.sql,3153441.45,109747.43
CZ15/OfL&0&cDXHP&Ex&dxHP_equip/NE-dxHP-PkgHP-18to33-Ex-SEER18.1/instance-out.sql,3136642.43,109747.43
CZ15/OfL&0&cDXHP&Ex&dxHP_equip/NE-dxHP-PkgHP-33to65-Ex-SEER13.4/instance-out.sql,3247942.93,109747.43
CZ15/OfL&0&cDXHP&Ex&dxHP_equip/NE-dxHP-PkgHP-33to65-Ex-SEER15.2/instance-out.sql,3193215.10,109747.43
CZ15/OfL&0&cDXHP&Ex&dxHP_equip/NE-dxHP-PkgHP-33to65-Ex-SEER16.2/instance-out.sql,3171112.11,109747.43
CZ15/OfL&0&cDXHP&Ex&dxHP_equip/NE-dxHP-PkgHP-33to65-Ex-SEER17.1/instance-out.sql,3153441.45,109747.43
CZ15/OfL&0&cDXHP&Ex&dxHP_equip/NE-dxHP-PkgHP-33to65-Ex-SEER18.1/instance-out.sql,3136642.43,109747.43
CZ15/OfL&0&cDXHP&Ex&dxHP_equip/NE-dxHP-SplitHP-18to33-Ex-SEER14.3/instance-out.sql,3218578.59,109747.43
CZ15/OfL&0&cDXHP&Ex&dxHP_equip/NE-dxHP-SplitHP-18to33-Ex-SEER15.2/instance-out.sql,3193156.51,109747.43
CZ15/OfL&0&cDXHP&Ex&dxHP_equip/NE-dxHP-SplitHP-18to33-Ex-SEER16.2/instance-out.sql,3171053.52,109747.43
CZ15/OfL&0&cDXHP&Ex&dxHP_equip/NE-dxHP-SplitHP-18to33-Ex-SEER17.1/instance-out.sql,3153382.86,109747.43
CZ15/OfL&0&cDXHP&Ex&dxHP_equip/NE-dxHP-SplitHP-18to33-Ex-SEER18.1/instance-out.sql,3136583.84,109747.43
CZ15/OfL&0&cDXHP&Ex&dxHP_equip/NE-dxHP-SplitHP-33to55-Ex-SEER14.3/instance-out.sql,3218578.59,109747.43
CZ15/OfL&0&cDXHP&Ex&dxHP_equip/NE-dxHP-SplitHP-33to55-Ex-SEER15.2/instance-out.sql,3193156.51,109747.43
CZ15/OfL&0&cDXHP&Ex&dxHP_equip/NE-dxHP-SplitHP-33to55-Ex-SEER16.2/instance-out.sql,3171053.52,109747.43
CZ15/OfL&0&cDXHP&Ex&dxHP_equip/NE-dxHP-SplitHP-33to55-Ex-SEER17.1/instance-out.sql,3153382.86,109747.43
CZ15/OfL&0&cDXHP&Ex&dxHP_equip/NE-dxHP-SplitHP-33to55-Ex-SEER18.1/instance-out.sql,3136583.84,109747.43
CZ15/OfS&0&cDXHP&Ex&dxHP_equip/NE-dxHP-PkgHP-18to33-Ex-SEER13.4/instance-out.sql,179438.36,17726.39
CZ15/OfS&0&cDXHP&Ex&dxHP_equip/NE-dxHP-PkgHP-18to33-Ex-SEER15.2/instance-out.sql,175178.32,17726.39
CZ15/OfS&0&cDXHP&Ex&dxHP_equip/NE-dxHP-PkgHP-18to33-Ex-SEER16.2/instance-out.sql,173457.81,17726.39
CZ15/OfS&0&cDXHP&Ex&dxHP_equip/NE-dxHP-PkgHP-18to33-Ex-SEER17.1/instance-out.sql,172082.32,17726.39
CZ15/OfS&0&cDXHP&Ex&dxHP_equip/NE-dxHP-PkgHP-18to33-Ex-SEER18.1/instance-out.sql,170774.68,17726.39
CZ15/OfS&0&cDXHP&Ex&dxHP_equip/NE-dxHP-PkgHP-33to65-Ex-SEER13.4/instance-out.sql,179438.36,17726.39
CZ15/OfS&0&cDXHP&Ex&dxHP_equip/NE-dxHP-PkgHP-33to65-Ex-SEER15.2/instance-out.sql,175178.32,17726.39
CZ15/OfS&0&cDXHP&Ex&dxHP_equip/NE-dxHP-PkgHP-33to65-Ex-SEER16.2/instance-out.sql,173457.81,17726.39
CZ15/OfS&0&cDXHP&Ex&dxHP_equip/NE-dxHP-PkgHP-33to65-Ex-SEER17.1/instance-out.sql,172082.32,17726.39
CZ15/OfS&0&cDXHP&Ex&dxHP_equip/NE-dxHP-PkgHP-33to65-Ex-SEER18.1/instance-out.sql,170774.68,17726.39
CZ15/OfS&0&cDXHP&Ex&dxHP_equip/NE-dxHP-SplitHP-18to33-Ex-SEER14.3/instance-out.sql,177152.26,17726.39
CZ15/OfS&0&cDXHP&Ex&dxHP_equip/NE-dxHP-SplitHP-18to33-Ex-SEER15.2/instance-out.sql,175173.40,17726.39
CZ15/OfS&0&cDXHP&Ex&dxHP_equip/NE-dxHP-SplitHP-18to33-Ex-SEER16.2/instance-out.sql,173452.89,17726.39
CZ15/OfS&0&cDXHP&Ex&dxHP_equip/NE-dxHP-SplitHP-18to33-Ex-SEER17.1/instance-out.sql,172077.40,17726.39
CZ15/OfS&0&cDXHP&Ex&dxHP_equip/NE-dxHP-SplitHP-18to33-Ex-SEER18.1/instance-out.sql,170769.75,17726.39
CZ15/OfS&0&cDXHP&Ex&dxHP_equip/NE-dxHP-SplitHP-33to55-Ex-SEER14.3/instance-out.sql,177152.26,17726.39
CZ15/OfS&0&cDXHP&Ex&dxHP_equip/NE-dxHP-SplitHP-33to55-Ex-SEER15.2/instance-out.sql,175173.40,17726.39
CZ15/OfS&0&cDXHP&Ex&dxHP_equip/NE-dxHP-SplitHP-33to55-Ex-SEER16.2/instance-out.sql,173452.89,17726.39
CZ15/OfS&0&cDXHP&Ex&dxHP_equip/NE-dxHP-SplitHP-33to55-Ex-SEER17.1/instance-out.sql,172077.40,17726.39
CZ15/OfS&0&cDXHP&Ex&dxHP_equip/NE-dxHP-SplitHP-33to55-Ex-SEER18.1/instance-out.sql,170769.75,17726.39
CZ15/RFF&0&cDXHP&Ex&dxHP_equip/NE-dxHP-PkgHP-18to33-Ex-SEER13.4/instance-out.sql,87833.14,40297.84
CZ15/RFF&0&cDXHP&Ex&dxHP_equip/NE-dxHP-PkgHP-18to33-Ex-SEER15.2/instance-out.sql,86501.12,40297.84
CZ15/RFF&0&cDXHP&Ex&dxHP_equip/NE-dxHP-PkgHP-18to33-Ex-SEER16.2/instance-out.sql,85963.16,40297.84
CZ15/RFF&0&cDXHP&Ex&dxHP_equip/NE-dxHP-PkgHP-18to33-Ex-SEER17.1/instance-out.sql,85533.07,40297.84
CZ15/RFF&0&cDXHP&Ex&dxHP_equip/NE-dxHP-PkgHP-18to33-Ex-SEER18.1/instance-out.sql,85124.20,40297.84
CZ15/RFF&0&cDXHP&Ex&dxHP_equip/NE-dxHP-PkgHP-33to65-Ex-SEER13.4/instance-out.sql,87833.14,40297.84
CZ15/RFF&0&cDXHP&Ex&dxHP_equip/NE-dxHP-PkgHP-33to65-Ex-SEER15.2/instance-out.sql,86501.12,40297.84
CZ15/RFF&0&cDXHP&Ex&dxHP_equip/NE-dxHP-PkgHP-33to65-Ex-SEER16.2/instance-out.sql,85963.16,40297.84
CZ15/RFF&0&cDXHP&Ex&dxHP_equip/NE-dxHP-PkgHP-33to65-Ex-SEER17.1/instance-out.sql,85533.07,40297.84
CZ15/RFF&0&cDXHP&Ex&dxHP_equip/NE-dxHP-PkgHP-33to65-Ex-SEER18.1/instance-out.sql,85124.20,40297.84
CZ15/RFF&0&cDXHP&Ex&dxHP_equip/NE-dxHP-SplitHP-18to33-Ex-SEER14.3/instance-out.sql,87114.34,40297.84
CZ15/RFF&0&cDXHP&Ex&dxHP_equip/NE-dxHP-SplitHP-18to33-Ex-SEER15.2/instance-out.sql,86495.60,40297.84
CZ15/RFF&0&cDXHP&Ex&dxHP_equip/NE-dxHP-SplitHP-18to33-Ex-SEER16.2/instance-out.sql,85957.63,40297.84
CZ15/RFF&0&cDXHP&Ex&dxHP_equip/NE-dxHP-SplitHP-18to33-Ex-SEER17.1/instance-out.sql,85527.55,40297.84
CZ15/RFF&0&cDXHP&Ex&dxHP_equip/NE-dxHP-SplitHP-18to33-Ex-SEER18.1/instance-out.sql,85118.68,40297.84
CZ15/RFF&0&cDXHP&Ex&dxHP_equip/NE-dxHP-SplitHP-33to55-Ex-SEER14.3/instance-out.sql,87114.34,40297.84
CZ15/RFF&0&cDXHP&Ex&dxHP_equip/NE-dxHP-SplitHP-33to55-Ex-SEER15.2/instance-out.sql,86495.60,40297.84
CZ15/RFF&0&cDXHP&Ex&dxHP_equip/NE-dxHP-SplitHP-33to55-Ex-SEER16.2/instance-out.sql,85957.63,40297.84
CZ15/RFF&0&cDXHP&Ex&dxHP_equip/NE-dxHP-SplitHP-33to55-Ex-SEER17.1/instance-out.sql,85527.55,40297.84
CZ15/RFF&0&cDXHP&Ex&dxHP_equip/NE-dxHP-SplitHP-33to55-Ex-SEER18.1/instance-out.sql,85118.68,40297.84
CZ15/RSD&0&cDXHP&Ex&dxHP_equip/NE-dxHP-PkgHP-18to33-Ex-SEER13.4/instance-out.sql,184825.02,128530.50
CZ15/RSD&0&cDXHP&Ex&dxHP_equip/NE-dxHP-PkgHP-18to33-Ex-SEER15.2/instance-out.sql,184158.91,128530.50
CZ15/RSD&0&cDXHP&Ex&dxHP_equip/NE-dxHP-PkgHP-18to33-Ex-SEER16.2/instance-out.sql,183889.89,128530.50
CZ15/RSD&0&cDXHP&Ex&dxHP_equip/NE-dxHP-PkgHP-18to33-Ex-SEER17.1/instance-out.sql,183674.81,128530.50
CZ15/RSD&0&cDXHP&Ex&dxHP_equip/NE-dxHP-PkgHP-18to33-Ex-SEER18.1/instance-out.sql,183470.35,128530.50
CZ15/RSD&0&cDXHP&Ex&dxHP_equip/NE-dxHP-PkgHP-33to65-Ex-SEER13.4/instance-out.sql,184825.02,128530.50
CZ15/RSD&0&cDXHP&Ex&dxHP_equip/NE-dxHP-PkgHP-33to65-Ex-SEER15.2/instance-out.sql,184158.91,128530.50
CZ15/RSD&0&cDXHP&Ex&dxHP_equip/NE-dxHP-PkgHP-33to65-Ex-SEER16.2/instance-out.sql,183889.89,128530.50
CZ15/RSD&0&cDXHP&Ex&dxHP_equip/NE-dxHP-PkgHP-33to65-Ex-SEER17.1/instance-out.sql,183674.81,128530.50
CZ15/RSD&0&cDXHP&Ex&dxHP_equip/NE-dxHP-PkgHP-33to65-Ex-SEER18.1/instance-out.sql,183470.35,128530.50
CZ15/RSD&0&cDXHP&Ex&dxHP_equip/NE-dxHP-SplitHP-18to33-Ex-SEER14.3/instance-out.sql,184464.93,128530.50
CZ15/RSD&0&cDXHP&Ex&dxHP_equip/NE-dxHP-SplitHP-18to33-Ex-SEER15.2/instance-out.sql,184155.51,128530.50
CZ15/RSD&0&cDXHP&Ex&dxHP_equip/NE-dxHP-SplitHP-18to33-Ex-SEER16.2/instance-out.sql,183886.48,128530.50
CZ15/RSD&0&cDXHP&Ex&dxHP_equip/NE-dxHP-SplitHP-18to33-Ex-SEER17.1/instance-out.sql,183671.41,128530.50
CZ15/RSD&0&cDXHP&Ex&dxHP_equip/NE-dxHP-SplitHP-18to33-Ex-SEER18.1/instance-out.sql,183466.94,128530.50
CZ15/RSD&0&cDXHP&Ex&dxHP_equip/NE-dxHP-SplitHP-33to55-Ex-SEER14.3/instance-out.sql,184464.93,128530.50
CZ15/RSD&0&cDXHP&Ex&dxHP_equip/NE-dxHP-SplitHP-33to55-Ex-SEER15.2/instance-out.sql,184155.51,128530.50
CZ15/RSD&0&cDXHP&Ex&dxHP_equip/NE-dxHP-SplitHP-33to55-Ex-SEER16.2/instance-out.sql,183886.48,128530.50
CZ15/RSD&0&cDXHP&Ex&dxHP_equip/NE-dxHP-SplitHP-33to55-Ex-SEER17.1/instance-out.sql,183671.41,128530.50
CZ15/RSD&0&cDXHP&Ex&dxHP_equip/NE-dxHP-SplitHP-33to55-Ex-SEER18.1/instance-out.sql,183466.94,128530.50
CZ15/Rt3&0&cDXHP&Ex&dxHP_equip/NE-dxHP-PkgHP-18to33-Ex-SEER13.4/instance-out.sql,2472800.33,131950.76
CZ15/Rt3&0&cDXHP&Ex&dxHP_equip/NE-dxHP-PkgHP-18to33-Ex-SEER15.2/instance-out.sql,2426166.91,131950.76
CZ15/Rt3&0&cDXHP&Ex&dxHP_equip/NE-dxHP-PkgHP-18to33-Ex-SEER16.2/instance-out.sql,2407333.01,131950.76
CZ15/Rt3&0&cDXHP&Ex&dxHP_equip/NE-dxHP-PkgHP-18to33-Ex-SEER17.1/instance-out.sql,2392275.89,131950.76
CZ15/Rt3&0&cDXHP&Ex&dxHP_equip/NE-dxHP-PkgHP-18to33-Ex-SEER18.1/instance-out.sql,2377961.49,131950.76
CZ15/Rt3&0&cDXHP&Ex&dxHP_equip/NE-dxHP-PkgHP-33to65-Ex-SEER13.4/instance-out.sql,2472800.33,131950.76
CZ15/Rt3&0&cDXHP&Ex&dxHP_equip/NE-dxHP-PkgHP-33to65-Ex-SEER15.2/instance-out.sql,2426166.91,131950.76
CZ15/Rt3&0&cDXHP&Ex&dxHP_equip/NE-dxHP-PkgHP-33to65-Ex-SEER16.2/instance-out.sql,2407333.01,131950.76
CZ15/Rt3&0&cDXHP&Ex&dxHP_equip/NE-dxHP-PkgHP-33to65-Ex-SEER17.1/instance-out.sql,2392275.89,131950.76
CZ15/Rt3&0&cDXHP&Ex&dxHP_equip/NE-dxHP-PkgHP-33to65-Ex-SEER18.1/instance-out.sql,2377961.49,131950.76
CZ15/Rt3&0&cDXHP&Ex&dxHP_equip/NE-dxHP-SplitHP-18to33-Ex-SEER14.3/instance-out.sql,2447752.80,131950.76
CZ15/Rt3&0&cDXHP&Ex&dxHP_equip/NE-dxHP-SplitHP-18to33-Ex-SEER15.2/instance-out.sql,2426090.72,131950.76
CZ15/Rt3&0&cDXHP&Ex&dxHP_equip/NE-dxHP-SplitHP-18to33-Ex-SEER16.2/instance-out.sql,2407256.82,131950.76
CZ15/Rt3&0&cDXHP&Ex&dxHP_equip/NE-dxHP-SplitHP-18to33-Ex-SEER17.1/instance-out.sql,2392199.70,131950.76
CZ15/Rt3&0&cDXHP&Ex&dxHP_equip/NE-dxHP-SplitHP-18to33-Ex-SEER18.1/instance-out.sql,2377885.30,131950.76
CZ15/Rt3&0&cDXHP&Ex&dxHP_equip/NE-dxHP-SplitHP-33to55-Ex-SEER14.3/instance-out.sql,2447752.80,131950.76
CZ15/Rt3&0&cDXHP&Ex&dxHP_equip/NE-dxHP-SplitHP-33to55-Ex-SEER15.2/instance-out.sql,2426090.72,131950.76
CZ15/Rt3&0&cDXHP&Ex&dxHP_equip/NE-dxHP-SplitHP-33to55-Ex-SEER16.2/instance-out.sql,2407256.82,131950.76
CZ15/Rt3&0&cDXHP&Ex&dxHP_equip/NE-dxHP-SplitHP-33to55-Ex-SEER17.1/instance-out.sql,2392199.70,131950.76
CZ15/Rt3&0&cDXHP&Ex&dxHP_equip/NE-dxHP-SplitHP-33to55-Ex-SEER18.1/instance-out.sql,2377885.30,131950.76
CZ15/RtL&0&cDXHP&Ex&dxHP_equip/NE-dxHP-PkgHP-18to33-Ex-SEER13.4/instance-out.sql,2454478.76,137702.57
CZ15/RtL&0&cDXHP&Ex&dxHP_equip/NE-dxHP-PkgHP-18to33-Ex-SEER15.2/instance-out.sql,2407760.41,137702.57
CZ15/RtL&0&cDXHP&Ex&dxHP_equip/NE-dxHP-PkgHP-18to33-Ex-SEER16.2/instance-out.sql,2388892.22,137702.57
CZ15/RtL&0&cDXHP&Ex&dxHP_equip/NE-dxHP-PkgHP-18to33-Ex-SEER17.1/instance-out.sql,2373807.67,137702.57
CZ15/RtL&0&cDXHP&Ex&dxHP_equip/NE-dxHP-PkgHP-18to33-Ex-SEER18.1/instance-out.sql,2359467.21,137702.57
CZ15/RtL&0&cDXHP&Ex&dxHP_equip/NE-dxHP-PkgHP-33to65-Ex-SEER13.4/instance-out.sql,2454478.76,137702.57
CZ15/RtL&0&cDXHP&Ex&dxHP_equip/NE-dxHP-PkgHP-33to65-Ex-SEER15.2/instance-out.sql,2407760.41,137702.57
CZ15/RtL&0&cDXHP&Ex&dxHP_equip/NE-dxHP-PkgHP-33to65-Ex-SEER16.2/instance-out.sql,2388892.22,137702.57
CZ15/RtL&0&cDXHP&Ex&dxHP_equip/NE-dxHP-PkgHP-33to65-Ex-SEER17.1/instance-out.sql,2373807.67,137702.57
CZ15/RtL&0&cDXHP&Ex&dxHP_equip/NE-dxHP-PkgHP-33to65-Ex-SEER18.1/instance-out.sql,2359467.21,137702.57
CZ15/RtL&0&cDXHP&Ex&dxHP_equip/NE-dxHP-SplitHP-18to33-Ex-SEER14.3/instance-out.sql,2429395.99,137702.57
CZ15/RtL&0&cDXHP&Ex&dxHP_equip/NE-dxHP-SplitHP-18to33-Ex-SEER15.2/instance-out.sql,2407694.46,137702.57
CZ15/RtL&0&cDXHP&Ex&dxHP_equip/NE-dxHP-SplitHP-18to33-Ex-SEER16.2/instance-out.sql,2388826.26,137702.57
CZ15/RtL&0&cDXHP&Ex&dxHP_equip/NE-dxHP-SplitHP-18to33-Ex-SEER17.1/instance-out.sql,2373741.72,137702.57
CZ15/RtL&0&cDXHP&Ex&dxHP_equip/NE-dxHP-SplitHP-18to33-Ex-SEER18.1/instance-out.sql,2359401.26,137702.57
CZ15/RtL&0&cDXHP&Ex&dxHP_equip/NE-dxHP-SplitHP-33to55-Ex-SEER14.3/instance-out.sql,2429395.99,137702.57
CZ15/RtL&0&cDXHP&Ex&dxHP_equip/NE-dxHP-SplitHP-33to55-Ex-SEER15.2/instance-out.sql,2407694.46,137702.57
CZ15/RtL&0&cDXHP&Ex&dxHP_equip/NE-dxHP-SplitHP-33to55-Ex-SEER16.2/instance-out.sql,2388826.26,137702.57
CZ15/RtL&0&cDXHP&Ex&dxHP_equip/NE-dxHP-SplitHP-33to55-Ex-SEER17.1/instance-out.sql,2373741.72,137702.57
CZ15/RtL&0&cDXHP&Ex&dxHP_equip/NE-dxHP-SplitHP-33to55-Ex-SEER18.1/instance-out.sql,2359401.26,137702.57
CZ15/RtS&0&cDXHP&Ex&dxHP_equip/NE-dxHP-PkgHP-18to33-Ex-SEER13.4/instance-out.sql,165701.08,13319.36
CZ15/RtS&0&cDXHP&Ex&dxHP_equip/NE-dxHP-PkgHP-18to33-Ex-SEER15.2/instance-out.sql,161988.20,13319.36
CZ15/RtS&0&cDXHP&Ex&dxHP_equip/NE-dxHP-PkgHP-18to33-Ex-SEER16.2/instance-out.sql,160488.67,13319.36
CZ15/RtS&0&cDXHP&Ex&dxHP_equip/NE-dxHP-PkgHP-18to33-Ex-SEER17.1/instance-out.sql,159289.85,13319.36
CZ15/RtS&0&cDXHP&Ex&dxHP_equip/NE-dxHP-PkgHP-18to33-Ex-SEER18.1/instance-out.sql,158150.16,13319.36
CZ15/RtS&0&cDXHP&Ex&dxHP_equip/NE-dxHP-PkgHP-33to65-Ex-SEER13.4/instance-out.sql,165701.08,13319.36
CZ15/RtS&0&cDXHP&Ex&dxHP_equip/NE-dxHP-PkgHP-33to65-Ex-SEER15.2/instance-out.sql,161988.20,13319.36
CZ15/RtS&0&cDXHP&Ex&dxHP_equip/NE-dxHP-PkgHP-33to65-Ex-SEER16.2/instance-out.sql,160488.67,13319.36
CZ15/RtS&0&cDXHP&Ex&dxHP_equip/NE-dxHP-PkgHP-33to65-Ex-SEER17.1/instance-out.sql,159289.85,13319.36
CZ15/RtS&0&cDXHP&Ex&dxHP_equip/NE-dxHP-PkgHP-33to65-Ex-SEER18.1/instance-out.sql,158150.16,13319.36
CZ15/RtS&0&cDXHP&Ex&dxHP_equip/NE-dxHP-SplitHP-18to33-Ex-SEER14.3/instance-out.sql,163703.27,13319.36
CZ15/RtS&0&cDXHP&Ex&dxHP_equip/NE-dxHP-SplitHP-18to33-Ex-SEER15.2/instance-out.sql,161978.57,13319.36
CZ15/RtS&0&cDXHP&Ex&dxHP_equip/NE-dxHP-SplitHP-18to33-Ex-SEER16.2/instance-out.sql,160479.05,13319.36
CZ15/RtS&0&cDXHP&Ex&dxHP_equip/NE-dxHP-SplitHP-18to33-Ex-SEER17.1/instance-out.sql,159280.23,13319.36
CZ15/RtS&0&cDXHP&Ex&dxHP_equip/NE-dxHP-SplitHP-18to33-Ex-SEER18.1/instance-out.sql,158140.54,13319.36
CZ15/RtS&0&cDXHP&Ex&dxHP_equip/NE-dxHP-SplitHP-33to55-Ex-SEER14.3/instance-out.sql,163703.27,13319.36
CZ15/RtS&0&cDXHP&Ex&dxHP_equip/NE-dxHP-SplitHP-33to55-Ex-SEER15.2/instance-out.sql,161978.57,13319.36
CZ15/RtS&0&cDXHP&Ex&dxHP_equip/NE-dxHP-SplitHP-33to55-Ex-SEER16.2/instance-out.sql,160479.05,13319.36
CZ15/RtS&0&cDXHP&Ex&dxHP_equip/NE-dxHP-SplitHP-33to55-Ex-SEER17.1/instance-out.sql,159280.23,13319.36
CZ15/RtS&0&cDXHP&Ex&dxHP_equip/NE-dxHP-SplitHP-33to55-Ex-SEER18.1/instance-out.sql,158140.54,13319.36
CZ15/SCn&0&cDXHP&Ex&dxHP_equip/NE-dxHP-PkgHP-18to33-Ex-SEER13.4/instance-out.sql,4152206.44,65520.54
CZ15/SCn&0&cDXHP&Ex&dxHP_equip/NE-dxHP-PkgHP-18to33-Ex-SEER15.2/instance-out.sql,4051918.66,65520.54
CZ15/SCn&0&cDXHP&Ex&dxHP_equip/NE-dxHP-PkgHP-18to33-Ex-SEER16.2/instance-out.sql,4011415.32,65520.54
CZ15/SCn&0&cDXHP&Ex&dxHP_equip/NE-dxHP-PkgHP-18to33-Ex-SEER17.1/instance-out.sql,3979034.13,65520.54
CZ15/SCn&0&cDXHP&Ex&dxHP_equip/NE-dxHP-PkgHP-18to33-Ex-SEER18.1/instance-out.sql,3948250.22,65520.54
CZ15/SCn&0&cDXHP&Ex&dxHP_equip/NE-dxHP-PkgHP-33to65-Ex-SEER13.4/instance-out.sql,4152206.44,65520.54
CZ15/SCn&0&cDXHP&Ex&dxHP_equip/NE-dxHP-PkgHP-33to65-Ex-SEER15.2/instance-out.sql,4051918.66,65520.54
CZ15/SCn&0&cDXHP&Ex&dxHP_equip/NE-dxHP-PkgHP-33to65-Ex-SEER16.2/instance-out.sql,4011415.32,65520.54
CZ15/SCn&0&cDXHP&Ex&dxHP_equip/NE-dxHP-PkgHP-33to65-Ex-SEER17.1/instance-out.sql,3979034.13,65520.54
CZ15/SCn&0&cDXHP&Ex&dxHP_equip/NE-dxHP-PkgHP-33to65-Ex-SEER18.1/instance-out.sql,3948250.22,65520.54
CZ15/SCn&0&cDXHP&Ex&dxHP_equip/NE-dxHP-SplitHP-18to33-Ex-SEER14.3/instance-out.sql,4097317.55,65520.54
CZ15/SCn&0&cDXHP&Ex&dxHP_equip/NE-dxHP-SplitHP-18to33-Ex-SEER15.2/instance-out.sql,4050732.03,65520.54
CZ15/SCn&0&cDXHP&Ex&dxHP_equip/NE-dxHP-SplitHP-18to33-Ex-SEER16.2/instance-out.sql,4010228.69,65520.54
CZ15/SCn&0&cDXHP&Ex&dxHP_equip/NE-dxHP-SplitHP-18to33-Ex-SEER17.1/instance-out.sql,3977847.50,65520.54
CZ15/SCn&0&cDXHP&Ex&dxHP_equip/NE-dxHP-SplitHP-18to33-Ex-SEER18.1/instance-out.sql,3947063.59,65520.54
CZ15/SCn&0&cDXHP&Ex&dxHP_equip/NE-dxHP-SplitHP-33to55-Ex-SEER14.3/instance-out.sql,4097317.55,65520.54
CZ15/SCn&0&cDXHP&Ex&dxHP_equip/NE-dxHP-SplitHP-33to55-Ex-SEER15.2/instance-out.sql,4050732.03,65520.54
CZ15/SCn&0&cDXHP&Ex&dxHP_equip/NE-dxHP-SplitHP-33to55-Ex-SEER16.2/instance-out.sql,4010228.69,65520.54
CZ15/SCn&0&cDXHP&Ex&dxHP_equip/NE-dxHP-SplitHP-33to55-Ex-SEER17.1/instance-out.sql,3977847.50,65520.54
CZ15/SCn&0&cDXHP&Ex&dxHP_equip/NE-dxHP-SplitHP-33to55-Ex-SEER18.1/instance-out.sql,3947063.59,65520.54
CZ16/Asm&0&cDXHP&Ex&dxHP_equip/NE-dxHP-PkgHP-18to33-Ex-SEER13.4/instance-out.sql,818601.64,22548.13
CZ16/Asm&0&cDXHP&Ex&dxHP_equip/NE-dxHP-PkgHP-18to33-Ex-SEER15.2/instance-out.sql,805927.72,22548.13
CZ16/Asm&0&cDXHP&Ex&dxHP_equip/NE-dxHP-PkgHP-18to33-Ex-SEER16.2/instance-out.sql,800809.08,22548.13
CZ16/Asm&0&cDXHP&Ex&dxHP_equip/NE-dxHP-PkgHP-18to33-Ex-SEER17.1/instance-out.sql,796716.89,22548.13
CZ16/Asm&0&cDXHP&Ex&dxHP_equip/NE-dxHP-PkgHP-18to33-Ex-SEER18.1/instance-out.sql,792826.56,22548.13
CZ16/Asm&0&cDXHP&Ex&dxHP_equip/NE-dxHP-PkgHP-33to65-Ex-SEER13.4/instance-out.sql,818601.64,22548.13
CZ16/Asm&0&cDXHP&Ex&dxHP_equip/NE-dxHP-PkgHP-33to65-Ex-SEER15.2/instance-out.sql,805927.72,22548.13
CZ16/Asm&0&cDXHP&Ex&dxHP_equip/NE-dxHP-PkgHP-33to65-Ex-SEER16.2/instance-out.sql,800809.08,22548.13
CZ16/Asm&0&cDXHP&Ex&dxHP_equip/NE-dxHP-PkgHP-33to65-Ex-SEER17.1/instance-out.sql,796716.89,22548.13
CZ16/Asm&0&cDXHP&Ex&dxHP_equip/NE-dxHP-PkgHP-33to65-Ex-SEER18.1/instance-out.sql,792826.56,22548.13
CZ16/Asm&0&cDXHP&Ex&dxHP_equip/NE-dxHP-SplitHP-18to33-Ex-SEER14.3/instance-out.sql,808383.67,22548.13
CZ16/Asm&0&cDXHP&Ex&dxHP_equip/NE-dxHP-SplitHP-18to33-Ex-SEER15.2/instance-out.sql,802496.40,22548.13
CZ16/Asm&0&cDXHP&Ex&dxHP_equip/NE-dxHP-SplitHP-18to33-Ex-SEER16.2/instance-out.sql,797377.76,22548.13
CZ16/Asm&0&cDXHP&Ex&dxHP_equip/NE-dxHP-SplitHP-18to33-Ex-SEER17.1/instance-out.sql,793285.57,22548.13
CZ16/Asm&0&cDXHP&Ex&dxHP_equip/NE-dxHP-SplitHP-18to33-Ex-SEER18.1/instance-out.sql,789395.24,22548.13
CZ16/Asm&0&cDXHP&Ex&dxHP_equip/NE-dxHP-SplitHP-33to55-Ex-SEER14.3/instance-out.sql,808383.67,22548.13
CZ16/Asm&0&cDXHP&Ex&dxHP_equip/NE-dxHP-SplitHP-33to55-Ex-SEER15.2/instance-out.sql,802496.40,22548.13
CZ16/Asm&0&cDXHP&Ex&dxHP_equip/NE-dxHP-SplitHP-33to55-Ex-SEER16.2/instance-out.sql,797377.76,22548.13
CZ16/Asm&0&cDXHP&Ex&dxHP_equip/NE-dxHP-SplitHP-33to55-Ex-SEER17.1/instance-out.sql,793285.57,22548.13
CZ16/Asm&0&cDXHP&Ex&dxHP_equip/NE-dxHP-SplitHP-33to55-Ex-SEER18.1/instance-out.sql,789395.24,22548.13
CZ16/ECC&0&cDXHP&Ex&dxHP_equip/NE-dxHP-PkgHP-18to33-Ex-SEER13.4/instance-out.sql,2463177.56,514076.81
CZ16/ECC&0&cDXHP&Ex&dxHP_equip/NE-dxHP-PkgHP-18to33-Ex-SEER15.2/instance-out.sql,2440075.18,514076.81
CZ16/ECC&0&cDXHP&Ex&dxHP_equip/NE-dxHP-PkgHP-18to33-Ex-SEER16.2/instance-out.sql,2430744.79,514076.81
CZ16/ECC&0&cDXHP&Ex&dxHP_equip/NE-dxHP-PkgHP-18to33-Ex-SEER17.1/instance-out.sql,2423285.43,514076.81
CZ16/ECC&0&cDXHP&Ex&dxHP_equip/NE-dxHP-PkgHP-18to33-Ex-SEER18.1/instance-out.sql,2416194.02,514076.81
CZ16/ECC&0&cDXHP&Ex&dxHP_equip/NE-dxHP-PkgHP-33to65-Ex-SEER13.4/instance-out.sql,2463177.56,514076.81
CZ16/ECC&0&cDXHP&Ex&dxHP_equip/NE-dxHP-PkgHP-33to65-Ex-SEER15.2/instance-out.sql,2440075.18,514076.81
CZ16/ECC&0&cDXHP&Ex&dxHP_equip/NE-dxHP-PkgHP-33to65-Ex-SEER16.2/instance-out.sql,2430744.79,514076.81
CZ16/ECC&0&cDXHP&Ex&dxHP_equip/NE-dxHP-PkgHP-33to65-Ex-SEER17.1/instance-out.sql,2423285.43,514076.81
CZ16/ECC&0&cDXHP&Ex&dxHP_equip/NE-dxHP-PkgHP-33to65-Ex-SEER18.1/instance-out.sql,2416194.02,514076.81
CZ16/ECC&0&cDXHP&Ex&dxHP_equip/NE-dxHP-SplitHP-18to33-Ex-SEER14.3/instance-out.sql,2449035.80,514076.81
CZ16/ECC&0&cDXHP&Ex&dxHP_equip/NE-dxHP-SplitHP-18to33-Ex-SEER15.2/instance-out.sql,2438304.32,514076.81
CZ16/ECC&0&cDXHP&Ex&dxHP_equip/NE-dxHP-SplitHP-18to33-Ex-SEER16.2/instance-out.sql,2428973.94,514076.81
CZ16/ECC&0&cDXHP&Ex&dxHP_equip/NE-dxHP-SplitHP-18to33-Ex-SEER17.1/instance-out.sql,2421514.58,514076.81
CZ16/ECC&0&cDXHP&Ex&dxHP_equip/NE-dxHP-SplitHP-18to33-Ex-SEER18.1/instance-out.sql,2414423.17,514076.81
CZ16/ECC&0&cDXHP&Ex&dxHP_equip/NE-dxHP-SplitHP-33to55-Ex-SEER14.3/instance-out.sql,2449035.80,514076.81
CZ16/ECC&0&cDXHP&Ex&dxHP_equip/NE-dxHP-SplitHP-33to55-Ex-SEER15.2/instance-out.sql,2438304.32,514076.81
CZ16/ECC&0&cDXHP&Ex&dxHP_equip/NE-dxHP-SplitHP-33to55-Ex-SEER16.2/instance-out.sql,2428973.94,514076.81
CZ16/ECC&0&cDXHP&Ex&dxHP_equip/NE-dxHP-SplitHP-33to55-Ex-SEER17.1/instance-out.sql,2421514.58,514076.81
CZ16/ECC&0&cDXHP&Ex&dxHP_equip/NE-dxHP-SplitHP-33to55-Ex-SEER18.1/instance-out.sql,2414423.17,514076.81
CZ16/EPr&0&cDXHP&Ex&dxHP_equip/NE-dxHP-PkgHP-18to33-Ex-SEER13.4/instance-out.sql,332808.07,127511.06
CZ16/EPr&0&cDXHP&Ex&dxHP_equip/NE-dxHP-PkgHP-18to33-Ex-SEER15.2/instance-out.sql,328913.67,127511.06
CZ16/EPr&0&cDXHP&Ex&dxHP_equip/NE-dxHP-PkgHP-18to33-Ex-SEER16.2/instance-out.sql,327340.84,127511.06
CZ16/EPr&0&cDXHP&Ex&dxHP_equip/NE-dxHP-PkgHP-18to33-Ex-SEER17.1/instance-out.sql,326083.40,127511.06
CZ16/EPr&0&cDXHP&Ex&dxHP_equip/NE-dxHP-PkgHP-18to33-Ex-SEER18.1/instance-out.sql,324888.00,127511.06
CZ16/EPr&0&cDXHP&Ex&dxHP_equip/NE-dxHP-PkgHP-33to65-Ex-SEER13.4/instance-out.sql,332808.07,127511.06
CZ16/EPr&0&cDXHP&Ex&dxHP_equip/NE-dxHP-PkgHP-33to65-Ex-SEER15.2/instance-out.sql,328913.67,127511.06
CZ16/EPr&0&cDXHP&Ex&dxHP_equip/NE-dxHP-PkgHP-33to65-Ex-SEER16.2/instance-out.sql,327340.84,127511.06
CZ16/EPr&0&cDXHP&Ex&dxHP_equip/NE-dxHP-PkgHP-33to65-Ex-SEER17.1/instance-out.sql,326083.40,127511.06
CZ16/EPr&0&cDXHP&Ex&dxHP_equip/NE-dxHP-PkgHP-33to65-Ex-SEER18.1/instance-out.sql,324888.00,127511.06
CZ16/EPr&0&cDXHP&Ex&dxHP_equip/NE-dxHP-SplitHP-18to33-Ex-SEER14.3/instance-out.sql,330164.24,127511.06
CZ16/EPr&0&cDXHP&Ex&dxHP_equip/NE-dxHP-SplitHP-18to33-Ex-SEER15.2/instance-out.sql,328355.22,127511.06
CZ16/EPr&0&cDXHP&Ex&dxHP_equip/NE-dxHP-SplitHP-18to33-Ex-SEER16.2/instance-out.sql,326782.39,127511.06
CZ16/EPr&0&cDXHP&Ex&dxHP_equip/NE-dxHP-SplitHP-18to33-Ex-SEER17.1/instance-out.sql,325524.95,127511.06
CZ16/EPr&0&cDXHP&Ex&dxHP_equip/NE-dxHP-SplitHP-18to33-Ex-SEER18.1/instance-out.sql,324329.55,127511.06
CZ16/EPr&0&cDXHP&Ex&dxHP_equip/NE-dxHP-SplitHP-33to55-Ex-SEER14.3/instance-out.sql,330164.24,127511.06
CZ16/EPr&0&cDXHP&Ex&dxHP_equip/NE-dxHP-SplitHP-33to55-Ex-SEER15.2/instance-out.sql,328355.22,127511.06
CZ16/EPr&0&cDXHP&Ex&dxHP_equip/NE-dxHP-SplitHP-33to55-Ex-SEER16.2/instance-out.sql,326782.39,127511.06
CZ16/EPr&0&cDXHP&Ex&dxHP_equip/NE-dxHP-SplitHP-33to55-Ex-SEER17.1/instance-out.sql,325524.95,127511.06
CZ16/EPr&0&cDXHP&Ex&dxHP_equip/NE-dxHP-SplitHP-33to55-Ex-SEER18.1/instance-out.sql,324329.55,127511.06
CZ16/ERC&0&cDXHP&Ex&dxHP_equip/NE-dxHP-PkgHP-18to33-Ex-SEER13.4/instance-out.sql,13196.66,9255.83
CZ16/ERC&0&cDXHP&Ex&dxHP_equip/NE-dxHP-PkgHP-18to33-Ex-SEER15.2/instance-out.sql,13017.86,9255.83
CZ16/ERC&0&cDXHP&Ex&dxHP_equip/NE-dxHP-PkgHP-18to33-Ex-SEER16.2/instance-out.sql,12945.65,9255.83
CZ16/ERC&0&cDXHP&Ex&dxHP_equip/NE-dxHP-PkgHP-18to33-Ex-SEER17.1/instance-out.sql,12887.92,9255.83
CZ16/ERC&0&cDXHP&Ex&dxHP_equip/NE-dxHP-PkgHP-18to33-Ex-SEER18.1/instance-out.sql,12833.04,9255.83
CZ16/ERC&0&cDXHP&Ex&dxHP_equip/NE-dxHP-PkgHP-33to65-Ex-SEER13.4/instance-out.sql,13196.66,9255.83
CZ16/ERC&0&cDXHP&Ex&dxHP_equip/NE-dxHP-PkgHP-33to65-Ex-SEER15.2/instance-out.sql,13017.86,9255.83
CZ16/ERC&0&cDXHP&Ex&dxHP_equip/NE-dxHP-PkgHP-33to65-Ex-SEER16.2/instance-out.sql,12945.65,9255.83
CZ16/ERC&0&cDXHP&Ex&dxHP_equip/NE-dxHP-PkgHP-33to65-Ex-SEER17.1/instance-out.sql,12887.92,9255.83
CZ16/ERC&0&cDXHP&Ex&dxHP_equip/NE-dxHP-PkgHP-33to65-Ex-SEER18.1/instance-out.sql,12833.04,9255.83
CZ16/ERC&0&cDXHP&Ex&dxHP_equip/NE-dxHP-SplitHP-18to33-Ex-SEER14.3/instance-out.sql,13065.28,9255.83
CZ16/ERC&0&cDXHP&Ex&dxHP_equip/NE-dxHP-SplitHP-18to33-Ex-SEER15.2/instance-out.sql,12982.23,9255.83
CZ16/ERC&0&cDXHP&Ex&dxHP_equip/NE-dxHP-SplitHP-18to33-Ex-SEER16.2/instance-out.sql,12910.02,9255.83
CZ16/ERC&0&cDXHP&Ex&dxHP_equip/NE-dxHP-SplitHP-18to33-Ex-SEER17.1/instance-out.sql,12852.29,9255.83
CZ16/ERC&0&cDXHP&Ex&dxHP_equip/NE-dxHP-SplitHP-18to33-Ex-SEER18.1/instance-out.sql,12797.41,9255.83
CZ16/ERC&0&cDXHP&Ex&dxHP_equip/NE-dxHP-SplitHP-33to55-Ex-SEER14.3/instance-out.sql,13065.28,9255.83
CZ16/ERC&0&cDXHP&Ex&dxHP_equip/NE-dxHP-SplitHP-33to55-Ex-SEER15.2/instance-out.sql,12982.23,9255.83
CZ16/ERC&0&cDXHP&Ex&dxHP_equip/NE-dxHP-SplitHP-33to55-Ex-SEER16.2/instance-out.sql,12910.02,9255.83
CZ16/ERC&0&cDXHP&Ex&dxHP_equip/NE-dxHP-SplitHP-33to55-Ex-SEER17.1/instance-out.sql,12852.29,9255.83
CZ16/ERC&0&cDXHP&Ex&dxHP_equip/NE-dxHP-SplitHP-33to55-Ex-SEER18.1/instance-out.sql,12797.41,9255.83
CZ16/ESe&0&cDXHP&Ex&dxHP_equip/NE-dxHP-PkgHP-18to33-Ex-SEER13.4/instance-out.sql,938524.98,454990.16
CZ16/ESe&0&cDXHP&Ex&dxHP_equip/NE-dxHP-PkgHP-18to33-Ex-SEER15.2/instance-out.sql,934287.76,454990.16
CZ16/ESe&0&cDXHP&Ex&dxHP_equip/NE-dxHP-PkgHP-18to33-Ex-SEER16.2/instance-out.sql,932576.46,454990.16
CZ16/ESe&0&cDXHP&Ex&dxHP_equip/NE-dxHP-PkgHP-18to33-Ex-SEER17.1/instance-out.sql,931208.34,454990.16
CZ16/ESe&0&cDXHP&Ex&dxHP_equip/NE-dxHP-PkgHP-18to33-Ex-SEER18.1/instance-out.sql,929907.70,454990.16
CZ16/ESe&0&cDXHP&Ex&dxHP_equip/NE-dxHP-PkgHP-33to65-Ex-SEER13.4/instance-out.sql,938524.98,454990.16
CZ16/ESe&0&cDXHP&Ex&dxHP_equip/NE-dxHP-PkgHP-33to65-Ex-SEER15.2/instance-out.sql,934287.76,454990.16
CZ16/ESe&0&cDXHP&Ex&dxHP_equip/NE-dxHP-PkgHP-33to65-Ex-SEER16.2/instance-out.sql,932576.46,454990.16
CZ16/ESe&0&cDXHP&Ex&dxHP_equip/NE-dxHP-PkgHP-33to65-Ex-SEER17.1/instance-out.sql,931208.34,454990.16
CZ16/ESe&0&cDXHP&Ex&dxHP_equip/NE-dxHP-PkgHP-33to65-Ex-SEER18.1/instance-out.sql,929907.70,454990.16
CZ16/ESe&0&cDXHP&Ex&dxHP_equip/NE-dxHP-SplitHP-18to33-Ex-SEER14.3/instance-out.sql,935892.45,454990.16
CZ16/ESe&0&cDXHP&Ex&dxHP_equip/NE-dxHP-SplitHP-18to33-Ex-SEER15.2/instance-out.sql,933924.18,454990.16
CZ16/ESe&0&cDXHP&Ex&dxHP_equip/NE-dxHP-SplitHP-18to33-Ex-SEER16.2/instance-out.sql,932212.89,454990.16
CZ16/ESe&0&cDXHP&Ex&dxHP_equip/NE-dxHP-SplitHP-18to33-Ex-SEER17.1/instance-out.sql,930844.76,454990.16
CZ16/ESe&0&cDXHP&Ex&dxHP_equip/NE-dxHP-SplitHP-18to33-Ex-SEER18.1/instance-out.sql,929544.12,454990.16
CZ16/ESe&0&cDXHP&Ex&dxHP_equip/NE-dxHP-SplitHP-33to55-Ex-SEER14.3/instance-out.sql,935892.45,454990.16
CZ16/ESe&0&cDXHP&Ex&dxHP_equip/NE-dxHP-SplitHP-33to55-Ex-SEER15.2/instance-out.sql,933924.18,454990.16
CZ16/ESe&0&cDXHP&Ex&dxHP_equip/NE-dxHP-SplitHP-33to55-Ex-SEER16.2/instance-out.sql,932212.89,454990.16
CZ16/ESe&0&cDXHP&Ex&dxHP_equip/NE-dxHP-SplitHP-33to55-Ex-SEER17.1/instance-out.sql,930844.76,454990.16
CZ16/ESe&0&cDXHP&Ex&dxHP_equip/NE-dxHP-SplitHP-33to55-Ex-SEER18.1/instance-out.sql,929544.12,454990.16
CZ16/EUn&0&cDXHP&Ex&dxHP_equip/NE-dxHP-PkgHP-18to33-Ex-SEER13.4/instance-out.sql,8530585.42,926964.57
CZ16/EUn&0&cDXHP&Ex&dxHP_equip/NE-dxHP-PkgHP-18to33-Ex-SEER15.2/instance-out.sql,8465972.38,926964.57
CZ16/EUn&0&cDXHP&Ex&dxHP_equip/NE-dxHP-PkgHP-18to33-Ex-SEER16.2/instance-out.sql,8439877.03,926964.57
CZ16/EUn&0&cDXHP&Ex&dxHP_equip/NE-dxHP-PkgHP-18to33-Ex-SEER17.1/instance-out.sql,8419014.60,926964.57
CZ16/EUn&0&cDXHP&Ex&dxHP_equip/NE-dxHP-PkgHP-18to33-Ex-SEER18.1/instance-out.sql,8399181.25,926964.57
CZ16/EUn&0&cDXHP&Ex&dxHP_equip/NE-dxHP-PkgHP-33to65-Ex-SEER13.4/instance-out.sql,8530585.42,926964.57
CZ16/EUn&0&cDXHP&Ex&dxHP_equip/NE-dxHP-PkgHP-33to65-Ex-SEER15.2/instance-out.sql,8465972.38,926964.57
CZ16/EUn&0&cDXHP&Ex&dxHP_equip/NE-dxHP-PkgHP-33to65-Ex-SEER16.2/instance-out.sql,8439877.03,926964.57
CZ16/EUn&0&cDXHP&Ex&dxHP_equip/NE-dxHP-PkgHP-33to65-Ex-SEER17.1/instance-out.sql,8419014.60,926964.57
CZ16/EUn&0&cDXHP&Ex&dxHP_equip/NE-dxHP-PkgHP-33to65-Ex-SEER18.1/instance-out.sql,8399181.25,926964.57
CZ16/EUn&0&cDXHP&Ex&dxHP_equip/NE-dxHP-SplitHP-18to33-Ex-SEER14.3/instance-out.sql,8490271.24,926964.57
CZ16/EUn&0&cDXHP&Ex&dxHP_equip/NE-dxHP-SplitHP-18to33-Ex-SEER15.2/instance-out.sql,8460257.29,926964.57
CZ16/EUn&0&cDXHP&Ex&dxHP_equip/NE-dxHP-SplitHP-18to33-Ex-SEER16.2/instance-out.sql,8434161.95,926964.57
CZ16/EUn&0&cDXHP&Ex&dxHP_equip/NE-dxHP-SplitHP-18to33-Ex-SEER17.1/instance-out.sql,8413299.51,926964.57
CZ16/EUn&0&cDXHP&Ex&dxHP_equip/NE-dxHP-SplitHP-18to33-Ex-SEER18.1/instance-out.sql,8393466.17,926964.57
CZ16/EUn&0&cDXHP&Ex&dxHP_equip/NE-dxHP-SplitHP-33to55-Ex-SEER14.3/instance-out.sql,8490271.24,926964.57
CZ16/EUn&0&cDXHP&Ex&dxHP_equip/NE-dxHP-SplitHP-33to55-Ex-SEER15.2/instance-out.sql,8460257.29,926964.57
CZ16/EUn&0&cDXHP&Ex&dxHP_equip/NE-dxHP-SplitHP-33to55-Ex-SEER16.2/instance-out.sql,8434161.95,926964.57
CZ16/EUn&0&cDXHP&Ex&dxHP_equip/NE-dxHP-SplitHP-33to55-Ex-SEER17.1/instance-out.sql,8413299.51,926964.57
CZ16/EUn&0&cDXHP&Ex&dxHP_equip/NE-dxHP-SplitHP-33to55-Ex-SEER18.1/instance-out.sql,8393466.17,926964.57
CZ16/Gro&0&cDXHP&Ex&dxHP_equip/NE-dxHP-PkgHP-18to33-Ex-SEER13.4/instance-out.sql,1925828.13,60532.34
CZ16/Gro&0&cDXHP&Ex&dxHP_equip/NE-dxHP-PkgHP-18to33-Ex-SEER15.2/instance-out.sql,1919994.98,60532.34
CZ16/Gro&0&cDXHP&Ex&dxHP_equip/NE-dxHP-PkgHP-18to33-Ex-SEER16.2/instance-out.sql,1917639.14,60532.34
CZ16/Gro&0&cDXHP&Ex&dxHP_equip/NE-dxHP-PkgHP-18to33-Ex-SEER17.1/instance-out.sql,1915755.71,60532.34
CZ16/Gro&0&cDXHP&Ex&dxHP_equip/NE-dxHP-PkgHP-18to33-Ex-SEER18.1/instance-out.sql,1913965.19,60532.34
CZ16/Gro&0&cDXHP&Ex&dxHP_equip/NE-dxHP-PkgHP-33to65-Ex-SEER13.4/instance-out.sql,1925828.13,60532.34
CZ16/Gro&0&cDXHP&Ex&dxHP_equip/NE-dxHP-PkgHP-33to65-Ex-SEER15.2/instance-out.sql,1919994.98,60532.34
CZ16/Gro&0&cDXHP&Ex&dxHP_equip/NE-dxHP-PkgHP-33to65-Ex-SEER16.2/instance-out.sql,1917639.14,60532.34
CZ16/Gro&0&cDXHP&Ex&dxHP_equip/NE-dxHP-PkgHP-33to65-Ex-SEER17.1/instance-out.sql,1915755.71,60532.34
CZ16/Gro&0&cDXHP&Ex&dxHP_equip/NE-dxHP-PkgHP-33to65-Ex-SEER18.1/instance-out.sql,1913965.19,60532.34
CZ16/Gro&0&cDXHP&Ex&dxHP_equip/NE-dxHP-SplitHP-18to33-Ex-SEER14.3/instance-out.sql,1920256.03,60532.34
CZ16/Gro&0&cDXHP&Ex&dxHP_equip/NE-dxHP-SplitHP-18to33-Ex-SEER15.2/instance-out.sql,1917546.42,60532.34
CZ16/Gro&0&cDXHP&Ex&dxHP_equip/NE-dxHP-SplitHP-18to33-Ex-SEER16.2/instance-out.sql,1915190.58,60532.34
CZ16/Gro&0&cDXHP&Ex&dxHP_equip/NE-dxHP-SplitHP-18to33-Ex-SEER17.1/instance-out.sql,1913307.16,60532.34
CZ16/Gro&0&cDXHP&Ex&dxHP_equip/NE-dxHP-SplitHP-18to33-Ex-SEER18.1/instance-out.sql,1911516.64,60532.34
CZ16/Gro&0&cDXHP&Ex&dxHP_equip/NE-dxHP-SplitHP-33to55-Ex-SEER14.3/instance-out.sql,1920256.03,60532.34
CZ16/Gro&0&cDXHP&Ex&dxHP_equip/NE-dxHP-SplitHP-33to55-Ex-SEER15.2/instance-out.sql,1917546.42,60532.34
CZ16/Gro&0&cDXHP&Ex&dxHP_equip/NE-dxHP-SplitHP-33to55-Ex-SEER16.2/instance-out.sql,1915190.58,60532.34
CZ16/Gro&0&cDXHP&Ex&dxHP_equip/NE-dxHP-SplitHP-33to55-Ex-SEER17.1/instance-out.sql,1913307.16,60532.34
CZ16/Gro&0&cDXHP&Ex&dxHP_equip/NE-dxHP-SplitHP-33to55-Ex-SEER18.1/instance-out.sql,1911516.64,60532.34
CZ16/Hsp&0&cDXHP&Ex&dxHP_equip/NE-dxHP-PkgHP-18to33-Ex-SEER13.4/instance-out.sql,3827485.11,692884.23
CZ16/Hsp&0&cDXHP&Ex&dxHP_equip/NE-dxHP-PkgHP-18to33-Ex-SEER15.2/instance-out.sql,3817714.36,692884.23
CZ16/Hsp&0&cDXHP&Ex&dxHP_equip/NE-dxHP-PkgHP-18to33-Ex-SEER16.2/instance-out.sql,3813768.24,692884.23
CZ16/Hsp&0&cDXHP&Ex&dxHP_equip/NE-dxHP-PkgHP-18to33-Ex-SEER17.1/instance-out.sql,3810613.43,692884.23
CZ16/Hsp&0&cDXHP&Ex&dxHP_equip/NE-dxHP-PkgHP-18to33-Ex-SEER18.1/instance-out.sql,3807614.24,692884.23
CZ16/Hsp&0&cDXHP&Ex&dxHP_equip/NE-dxHP-PkgHP-33to65-Ex-SEER13.4/instance-out.sql,3827485.11,692884.23
CZ16/Hsp&0&cDXHP&Ex&dxHP_equip/NE-dxHP-PkgHP-33to65-Ex-SEER15.2/instance-out.sql,3817714.36,692884.23
CZ16/Hsp&0&cDXHP&Ex&dxHP_equip/NE-dxHP-PkgHP-33to65-Ex-SEER16.2/instance-out.sql,3813768.24,692884.23
CZ16/Hsp&0&cDXHP&Ex&dxHP_equip/NE-dxHP-PkgHP-33to65-Ex-SEER17.1/instance-out.sql,3810613.43,692884.23
CZ16/Hsp&0&cDXHP&Ex&dxHP_equip/NE-dxHP-PkgHP-33to65-Ex-SEER18.1/instance-out.sql,3807614.24,692884.23
CZ16/Hsp&0&cDXHP&Ex&dxHP_equip/NE-dxHP-SplitHP-18to33-Ex-SEER14.3/instance-out.sql,3821531.38,692884.23
CZ16/Hsp&0&cDXHP&Ex&dxHP_equip/NE-dxHP-SplitHP-18to33-Ex-SEER15.2/instance-out.sql,3816992.69,692884.23
CZ16/Hsp&0&cDXHP&Ex&dxHP_equip/NE-dxHP-SplitHP-18to33-Ex-SEER16.2/instance-out.sql,3813046.56,692884.23
CZ16/Hsp&0&cDXHP&Ex&dxHP_equip/NE-dxHP-SplitHP-18to33-Ex-SEER17.1/instance-out.sql,3809891.76,692884.23
CZ16/Hsp&0&cDXHP&Ex&dxHP_equip/NE-dxHP-SplitHP-18to33-Ex-SEER18.1/instance-out.sql,3806892.57,692884.23
CZ16/Hsp&0&cDXHP&Ex&dxHP_equip/NE-dxHP-SplitHP-33to55-Ex-SEER14.3/instance-out.sql,3821531.38,692884.23
CZ16/Hsp&0&cDXHP&Ex&dxHP_equip/NE-dxHP-SplitHP-33to55-Ex-SEER15.2/instance-out.sql,3816992.69,692884.23
CZ16/Hsp&0&cDXHP&Ex&dxHP_equip/NE-dxHP-SplitHP-33to55-Ex-SEER16.2/instance-out.sql,3813046.56,692884.23
CZ16/Hsp&0&cDXHP&Ex&dxHP_equip/NE-dxHP-SplitHP-33to55-Ex-SEER17.1/instance-out.sql,3809891.76,692884.23
CZ16/Hsp&0&cDXHP&Ex&dxHP_equip/NE-dxHP-SplitHP-33to55-Ex-SEER18.1/instance-out.sql,3806892.57,692884.23
CZ16/MBT&0&cDXHP&Ex&dxHP_equip/NE-dxHP-PkgHP-18to33-Ex-SEER13.4/instance-out.sql,3686933.30,3514550.00
CZ16/MBT&0&cDXHP&Ex&dxHP_equip/NE-dxHP-PkgHP-18to33-Ex-SEER15.2/instance-out.sql,3674420.50,3514550.00
CZ16/MBT&0&cDXHP&Ex&dxHP_equip/NE-dxHP-PkgHP-18to33-Ex-SEER16.2/instance-out.sql,3669366.95,3514550.00
CZ16/MBT&0&cDXHP&Ex&dxHP_equip/NE-dxHP-PkgHP-18to33-Ex-SEER17.1/instance-out.sql,3665326.78,3514550.00
CZ16/MBT&0&cDXHP&Ex&dxHP_equip/NE-dxHP-PkgHP-18to33-Ex-SEER18.1/instance-out.sql,3661485.91,3514550.00
CZ16/MBT&0&cDXHP&Ex&dxHP_equip/NE-dxHP-PkgHP-33to65-Ex-SEER13.4/instance-out.sql,3686933.30,3514550.00
CZ16/MBT&0&cDXHP&Ex&dxHP_equip/NE-dxHP-PkgHP-33to65-Ex-SEER15.2/instance-out.sql,3674420.50,3514550.00
CZ16/MBT&0&cDXHP&Ex&dxHP_equip/NE-dxHP-PkgHP-33to65-Ex-SEER16.2/instance-out.sql,3669366.95,3514550.00
CZ16/MBT&0&cDXHP&Ex&dxHP_equip/NE-dxHP-PkgHP-33to65-Ex-SEER17.1/instance-out.sql,3665326.78,3514550.00
CZ16/MBT&0&cDXHP&Ex&dxHP_equip/NE-dxHP-PkgHP-33to65-Ex-SEER18.1/instance-out.sql,3661485.91,3514550.00
CZ16/MBT&0&cDXHP&Ex&dxHP_equip/NE-dxHP-SplitHP-18to33-Ex-SEER14.3/instance-out.sql,3677848.39,3514550.00
CZ16/MBT&0&cDXHP&Ex&dxHP_equip/NE-dxHP-SplitHP-18to33-Ex-SEER15.2/instance-out.sql,3672035.97,3514550.00
CZ16/MBT&0&cDXHP&Ex&dxHP_equip/NE-dxHP-SplitHP-18to33-Ex-SEER16.2/instance-out.sql,3666982.42,3514550.00
CZ16/MBT&0&cDXHP&Ex&dxHP_equip/NE-dxHP-SplitHP-18to33-Ex-SEER17.1/instance-out.sql,3662942.25,3514550.00
CZ16/MBT&0&cDXHP&Ex&dxHP_equip/NE-dxHP-SplitHP-18to33-Ex-SEER18.1/instance-out.sql,3659101.38,3514550.00
CZ16/MBT&0&cDXHP&Ex&dxHP_equip/NE-dxHP-SplitHP-33to55-Ex-SEER14.3/instance-out.sql,3677848.39,3514550.00
CZ16/MBT&0&cDXHP&Ex&dxHP_equip/NE-dxHP-SplitHP-33to55-Ex-SEER15.2/instance-out.sql,3672035.97,3514550.00
CZ16/MBT&0&cDXHP&Ex&dxHP_equip/NE-dxHP-SplitHP-33to55-Ex-SEER16.2/instance-out.sql,3666982.42,3514550.00
CZ16/MBT&0&cDXHP&Ex&dxHP_equip/NE-dxHP-SplitHP-33to55-Ex-SEER17.1/instance-out.sql,3662942.25,3514550.00
CZ16/MBT&0&cDXHP&Ex&dxHP_equip/NE-dxHP-SplitHP-33to55-Ex-SEER18.1/instance-out.sql,3659101.38,3514550.00
CZ16/MLI&0&cDXHP&Ex&dxHP_equip/NE-dxHP-PkgHP-18to33-Ex-SEER13.4/instance-out.sql,1194821.54,48548.37
CZ16/MLI&0&cDXHP&Ex&dxHP_equip/NE-dxHP-PkgHP-18to33-Ex-SEER15.2/instance-out.sql,1182439.57,48548.37
CZ16/MLI&0&cDXHP&Ex&dxHP_equip/NE-dxHP-PkgHP-18to33-Ex-SEER16.2/instance-out.sql,1177438.85,48548.37
CZ16/MLI&0&cDXHP&Ex&dxHP_equip/NE-dxHP-PkgHP-18to33-Ex-SEER17.1/instance-out.sql,1173440.92,48548.37
CZ16/MLI&0&cDXHP&Ex&dxHP_equip/NE-dxHP-PkgHP-18to33-Ex-SEER18.1/instance-out.sql,1169640.20,48548.37
CZ16/MLI&0&cDXHP&Ex&dxHP_equip/NE-dxHP-PkgHP-33to65-Ex-SEER13.4/instance-out.sql,1194821.54,48548.37
CZ16/MLI&0&cDXHP&Ex&dxHP_equip/NE-dxHP-PkgHP-33to65-Ex-SEER15.2/instance-out.sql,1182439.57,48548.37
CZ16/MLI&0&cDXHP&Ex&dxHP_equip/NE-dxHP-PkgHP-33to65-Ex-SEER16.2/instance-out.sql,1177438.85,48548.37
CZ16/MLI&0&cDXHP&Ex&dxHP_equip/NE-dxHP-PkgHP-33to65-Ex-SEER17.1/instance-out.sql,1173440.92,48548.37
CZ16/MLI&0&cDXHP&Ex&dxHP_equip/NE-dxHP-PkgHP-33to65-Ex-SEER18.1/instance-out.sql,1169640.20,48548.37
CZ16/MLI&0&cDXHP&Ex&dxHP_equip/NE-dxHP-SplitHP-18to33-Ex-SEER14.3/instance-out.sql,1185147.46,48548.37
CZ16/MLI&0&cDXHP&Ex&dxHP_equip/NE-dxHP-SplitHP-18to33-Ex-SEER15.2/instance-out.sql,1179395.80,48548.37
CZ16/MLI&0&cDXHP&Ex&dxHP_equip/NE-dxHP-SplitHP-18to33-Ex-SEER16.2/instance-out.sql,1174395.08,48548.37
CZ16/MLI&0&cDXHP&Ex&dxHP_equip/NE-dxHP-SplitHP-18to33-Ex-SEER17.1/instance-out.sql,1170397.16,48548.37
CZ16/MLI&0&cDXHP&Ex&dxHP_equip/NE-dxHP-SplitHP-18to33-Ex-SEER18.1/instance-out.sql,1166596.44,48548.37
CZ16/MLI&0&cDXHP&Ex&dxHP_equip/NE-dxHP-SplitHP-33to55-Ex-SEER14.3/instance-out.sql,1185147.46,48548.37
CZ16/MLI&0&cDXHP&Ex&dxHP_equip/NE-dxHP-SplitHP-33to55-Ex-SEER15.2/instance-out.sql,1179395.80,48548.37
CZ16/MLI&0&cDXHP&Ex&dxHP_equip/NE-dxHP-SplitHP-33to55-Ex-SEER16.2/instance-out.sql,1174395.08,48548.37
CZ16/MLI&0&cDXHP&Ex&dxHP_equip/NE-dxHP-SplitHP-33to55-Ex-SEER17.1/instance-out.sql,1170397.16,48548.37
CZ16/MLI&0&cDXHP&Ex&dxHP_equip/NE-dxHP-SplitHP-33to55-Ex-SEER18.1/instance-out.sql,1166596.44,48548.37
CZ16/Mtl&0&cDXHP&Ex&dxHP_equip/NE-dxHP-PkgHP-18to33-Ex-SEER13.4/instance-out.sql,196814.80,10145.40
CZ16/Mtl&0&cDXHP&Ex&dxHP_equip/NE-dxHP-PkgHP-18to33-Ex-SEER15.2/instance-out.sql,194393.16,10145.40
CZ16/Mtl&0&cDXHP&Ex&dxHP_equip/NE-dxHP-PkgHP-18to33-Ex-SEER16.2/instance-out.sql,193415.13,10145.40
CZ16/Mtl&0&cDXHP&Ex&dxHP_equip/NE-dxHP-PkgHP-18to33-Ex-SEER17.1/instance-out.sql,192633.22,10145.40
CZ16/Mtl&0&cDXHP&Ex&dxHP_equip/NE-dxHP-PkgHP-18to33-Ex-SEER18.1/instance-out.sql,191889.88,10145.40
CZ16/Mtl&0&cDXHP&Ex&dxHP_equip/NE-dxHP-PkgHP-33to65-Ex-SEER13.4/instance-out.sql,196814.80,10145.40
CZ16/Mtl&0&cDXHP&Ex&dxHP_equip/NE-dxHP-PkgHP-33to65-Ex-SEER15.2/instance-out.sql,194393.16,10145.40
CZ16/Mtl&0&cDXHP&Ex&dxHP_equip/NE-dxHP-PkgHP-33to65-Ex-SEER16.2/instance-out.sql,193415.13,10145.40
CZ16/Mtl&0&cDXHP&Ex&dxHP_equip/NE-dxHP-PkgHP-33to65-Ex-SEER17.1/instance-out.sql,192633.22,10145.40
CZ16/Mtl&0&cDXHP&Ex&dxHP_equip/NE-dxHP-PkgHP-33to65-Ex-SEER18.1/instance-out.sql,191889.88,10145.40
CZ16/Mtl&0&cDXHP&Ex&dxHP_equip/NE-dxHP-SplitHP-18to33-Ex-SEER14.3/instance-out.sql,195033.39,10145.40
CZ16/Mtl&0&cDXHP&Ex&dxHP_equip/NE-dxHP-SplitHP-18to33-Ex-SEER15.2/instance-out.sql,193908.49,10145.40
CZ16/Mtl&0&cDXHP&Ex&dxHP_equip/NE-dxHP-SplitHP-18to33-Ex-SEER16.2/instance-out.sql,192930.46,10145.40
CZ16/Mtl&0&cDXHP&Ex&dxHP_equip/NE-dxHP-SplitHP-18to33-Ex-SEER17.1/instance-out.sql,192148.55,10145.40
CZ16/Mtl&0&cDXHP&Ex&dxHP_equip/NE-dxHP-SplitHP-18to33-Ex-SEER18.1/instance-out.sql,191405.22,10145.40
CZ16/Mtl&0&cDXHP&Ex&dxHP_equip/NE-dxHP-SplitHP-33to55-Ex-SEER14.3/instance-out.sql,195033.39,10145.40
CZ16/Mtl&0&cDXHP&Ex&dxHP_equip/NE-dxHP-SplitHP-33to55-Ex-SEER15.2/instance-out.sql,193908.49,10145.40
CZ16/Mtl&0&cDXHP&Ex&dxHP_equip/NE-dxHP-SplitHP-33to55-Ex-SEER16.2/instance-out.sql,192930.46,10145.40
CZ16/Mtl&0&cDXHP&Ex&dxHP_equip/NE-dxHP-SplitHP-33to55-Ex-SEER17.1/instance-out.sql,192148.55,10145.40
CZ16/Mtl&0&cDXHP&Ex&dxHP_equip/NE-dxHP-SplitHP-33to55-Ex-SEER18.1/instance-out.sql,191405.22,10145.40
CZ16/Nrs&0&cDXHP&Ex&dxHP_equip/NE-dxHP-PkgHP-18to33-Ex-SEER13.4/instance-out.sql,857925.35,287301.08
CZ16/Nrs&0&cDXHP&Ex&dxHP_equip/NE-dxHP-PkgHP-18to33-Ex-SEER15.2/instance-out.sql,853618.31,287301.08
CZ16/Nrs&0&cDXHP&Ex&dxHP_equip/NE-dxHP-PkgHP-18to33-Ex-SEER16.2/instance-out.sql,851878.82,287301.08
CZ16/Nrs&0&cDXHP&Ex&dxHP_equip/NE-dxHP-PkgHP-18to33-Ex-SEER17.1/instance-out.sql,850488.14,287301.08
CZ16/Nrs&0&cDXHP&Ex&dxHP_equip/NE-dxHP-PkgHP-18to33-Ex-SEER18.1/instance-out.sql,849166.07,287301.08
CZ16/Nrs&0&cDXHP&Ex&dxHP_equip/NE-dxHP-PkgHP-33to65-Ex-SEER13.4/instance-out.sql,857925.35,287301.08
CZ16/Nrs&0&cDXHP&Ex&dxHP_equip/NE-dxHP-PkgHP-33to65-Ex-SEER15.2/instance-out.sql,853618.31,287301.08
CZ16/Nrs&0&cDXHP&Ex&dxHP_equip/NE-dxHP-PkgHP-33to65-Ex-SEER16.2/instance-out.sql,851878.82,287301.08
CZ16/Nrs&0&cDXHP&Ex&dxHP_equip/NE-dxHP-PkgHP-33to65-Ex-SEER17.1/instance-out.sql,850488.14,287301.08
CZ16/Nrs&0&cDXHP&Ex&dxHP_equip/NE-dxHP-PkgHP-33to65-Ex-SEER18.1/instance-out.sql,849166.07,287301.08
CZ16/Nrs&0&cDXHP&Ex&dxHP_equip/NE-dxHP-SplitHP-18to33-Ex-SEER14.3/instance-out.sql,855046.46,287301.08
CZ16/Nrs&0&cDXHP&Ex&dxHP_equip/NE-dxHP-SplitHP-18to33-Ex-SEER15.2/instance-out.sql,853045.76,287301.08
CZ16/Nrs&0&cDXHP&Ex&dxHP_equip/NE-dxHP-SplitHP-18to33-Ex-SEER16.2/instance-out.sql,851306.27,287301.08
CZ16/Nrs&0&cDXHP&Ex&dxHP_equip/NE-dxHP-SplitHP-18to33-Ex-SEER17.1/instance-out.sql,849915.60,287301.08
CZ16/Nrs&0&cDXHP&Ex&dxHP_equip/NE-dxHP-SplitHP-18to33-Ex-SEER18.1/instance-out.sql,848593.53,287301.08
CZ16/Nrs&0&cDXHP&Ex&dxHP_equip/NE-dxHP-SplitHP-33to55-Ex-SEER14.3/instance-out.sql,855046.46,287301.08
CZ16/Nrs&0&cDXHP&Ex&dxHP_equip/NE-dxHP-SplitHP-33to55-Ex-SEER15.2/instance-out.sql,853045.76,287301.08
CZ16/Nrs&0&cDXHP&Ex&dxHP_equip/NE-dxHP-SplitHP-33to55-Ex-SEER16.2/instance-out.sql,851306.27,287301.08
CZ16/Nrs&0&cDXHP&Ex&dxHP_equip/NE-dxHP-SplitHP-33to55-Ex-SEER17.1/instance-out.sql,849915.60,287301.08
CZ16/Nrs&0&cDXHP&Ex&dxHP_equip/NE-dxHP-SplitHP-33to55-Ex-SEER18.1/instance-out.sql,848593.53,287301.08
CZ16/OfL&0&cDXHP&Ex&dxHP_equip/NE-dxHP-PkgHP-18to33-Ex-SEER13.4/instance-out.sql,2905522.35,168768.61
CZ16/OfL&0&cDXHP&Ex&dxHP_equip/NE-dxHP-PkgHP-18to33-Ex-SEER15.2/instance-out.sql,2876838.67,168768.61
CZ16/OfL&0&cDXHP&Ex&dxHP_equip/NE-dxHP-PkgHP-18to33-Ex-SEER16.2/instance-out.sql,2865254.16,168768.61
CZ16/OfL&0&cDXHP&Ex&dxHP_equip/NE-dxHP-PkgHP-18to33-Ex-SEER17.1/instance-out.sql,2855992.70,168768.61
CZ16/OfL&0&cDXHP&Ex&dxHP_equip/NE-dxHP-PkgHP-18to33-Ex-SEER18.1/instance-out.sql,2847188.08,168768.61
CZ16/OfL&0&cDXHP&Ex&dxHP_equip/NE-dxHP-PkgHP-33to65-Ex-SEER13.4/instance-out.sql,2905522.35,168768.61
CZ16/OfL&0&cDXHP&Ex&dxHP_equip/NE-dxHP-PkgHP-33to65-Ex-SEER15.2/instance-out.sql,2876838.67,168768.61
CZ16/OfL&0&cDXHP&Ex&dxHP_equip/NE-dxHP-PkgHP-33to65-Ex-SEER16.2/instance-out.sql,2865254.16,168768.61
CZ16/OfL&0&cDXHP&Ex&dxHP_equip/NE-dxHP-PkgHP-33to65-Ex-SEER17.1/instance-out.sql,2855992.70,168768.61
CZ16/OfL&0&cDXHP&Ex&dxHP_equip/NE-dxHP-PkgHP-33to65-Ex-SEER18.1/instance-out.sql,2847188.08,168768.61
CZ16/OfL&0&cDXHP&Ex&dxHP_equip/NE-dxHP-SplitHP-18to33-Ex-SEER14.3/instance-out.sql,2888845.35,168768.61
CZ16/OfL&0&cDXHP&Ex&dxHP_equip/NE-dxHP-SplitHP-18to33-Ex-SEER15.2/instance-out.sql,2875521.26,168768.61
CZ16/OfL&0&cDXHP&Ex&dxHP_equip/NE-dxHP-SplitHP-18to33-Ex-SEER16.2/instance-out.sql,2863936.75,168768.61
CZ16/OfL&0&cDXHP&Ex&dxHP_equip/NE-dxHP-SplitHP-18to33-Ex-SEER17.1/instance-out.sql,2854675.28,168768.61
CZ16/OfL&0&cDXHP&Ex&dxHP_equip/NE-dxHP-SplitHP-18to33-Ex-SEER18.1/instance-out.sql,2845870.66,168768.61
CZ16/OfL&0&cDXHP&Ex&dxHP_equip/NE-dxHP-SplitHP-33to55-Ex-SEER14.3/instance-out.sql,2888845.35,168768.61
CZ16/OfL&0&cDXHP&Ex&dxHP_equip/NE-dxHP-SplitHP-33to55-Ex-SEER15.2/instance-out.sql,2875521.26,168768.61
CZ16/OfL&0&cDXHP&Ex&dxHP_equip/NE-dxHP-SplitHP-33to55-Ex-SEER16.2/instance-out.sql,2863936.75,168768.61
CZ16/OfL&0&cDXHP&Ex&dxHP_equip/NE-dxHP-SplitHP-33to55-Ex-SEER17.1/instance-out.sql,2854675.28,168768.61
CZ16/OfL&0&cDXHP&Ex&dxHP_equip/NE-dxHP-SplitHP-33to55-Ex-SEER18.1/instance-out.sql,2845870.66,168768.61
CZ16/OfS&0&cDXHP&Ex&dxHP_equip/NE-dxHP-PkgHP-18to33-Ex-SEER13.4/instance-out.sql,158910.90,22133.30
CZ16/OfS&0&cDXHP&Ex&dxHP_equip/NE-dxHP-PkgHP-18to33-Ex-SEER15.2/instance-out.sql,156790.51,22133.30
CZ16/OfS&0&cDXHP&Ex&dxHP_equip/NE-dxHP-PkgHP-18to33-Ex-SEER16.2/instance-out.sql,155934.15,22133.30
CZ16/OfS&0&cDXHP&Ex&dxHP_equip/NE-dxHP-PkgHP-18to33-Ex-SEER17.1/instance-out.sql,155249.51,22133.30
CZ16/OfS&0&cDXHP&Ex&dxHP_equip/NE-dxHP-PkgHP-18to33-Ex-SEER18.1/instance-out.sql,154598.64,22133.30
CZ16/OfS&0&cDXHP&Ex&dxHP_equip/NE-dxHP-PkgHP-33to65-Ex-SEER13.4/instance-out.sql,158910.90,22133.30
CZ16/OfS&0&cDXHP&Ex&dxHP_equip/NE-dxHP-PkgHP-33to65-Ex-SEER15.2/instance-out.sql,156790.51,22133.30
CZ16/OfS&0&cDXHP&Ex&dxHP_equip/NE-dxHP-PkgHP-33to65-Ex-SEER16.2/instance-out.sql,155934.15,22133.30
CZ16/OfS&0&cDXHP&Ex&dxHP_equip/NE-dxHP-PkgHP-33to65-Ex-SEER17.1/instance-out.sql,155249.51,22133.30
CZ16/OfS&0&cDXHP&Ex&dxHP_equip/NE-dxHP-PkgHP-33to65-Ex-SEER18.1/instance-out.sql,154598.64,22133.30
CZ16/OfS&0&cDXHP&Ex&dxHP_equip/NE-dxHP-SplitHP-18to33-Ex-SEER14.3/instance-out.sql,157590.83,22133.30
CZ16/OfS&0&cDXHP&Ex&dxHP_equip/NE-dxHP-SplitHP-18to33-Ex-SEER15.2/instance-out.sql,156605.88,22133.30
CZ16/OfS&0&cDXHP&Ex&dxHP_equip/NE-dxHP-SplitHP-18to33-Ex-SEER16.2/instance-out.sql,155749.51,22133.30
CZ16/OfS&0&cDXHP&Ex&dxHP_equip/NE-dxHP-SplitHP-18to33-Ex-SEER17.1/instance-out.sql,155064.88,22133.30
CZ16/OfS&0&cDXHP&Ex&dxHP_equip/NE-dxHP-SplitHP-18to33-Ex-SEER18.1/instance-out.sql,154414.01,22133.30
CZ16/OfS&0&cDXHP&Ex&dxHP_equip/NE-dxHP-SplitHP-33to55-Ex-SEER14.3/instance-out.sql,157590.83,22133.30
CZ16/OfS&0&cDXHP&Ex&dxHP_equip/NE-dxHP-SplitHP-33to55-Ex-SEER15.2/instance-out.sql,156605.88,22133.30
CZ16/OfS&0&cDXHP&Ex&dxHP_equip/NE-dxHP-SplitHP-33to55-Ex-SEER16.2/instance-out.sql,155749.51,22133.30
CZ16/OfS&0&cDXHP&Ex&dxHP_equip/NE-dxHP-SplitHP-33to55-Ex-SEER17.1/instance-out.sql,155064.88,22133.30
CZ16/OfS&0&cDXHP&Ex&dxHP_equip/NE-dxHP-SplitHP-33to55-Ex-SEER18.1/instance-out.sql,154414.01,22133.30
CZ16/RFF&0&cDXHP&Ex&dxHP_equip/NE-dxHP-PkgHP-18to33-Ex-SEER13.4/instance-out.sql,75102.09,45326.70
CZ16/RFF&0&cDXHP&Ex&dxHP_equip/NE-dxHP-PkgHP-18to33-Ex-SEER15.2/instance-out.sql,74489.04,45326.70
CZ16/RFF&0&cDXHP&Ex&dxHP_equip/NE-dxHP-PkgHP-18to33-Ex-SEER16.2/instance-out.sql,74241.44,45326.70
CZ16/RFF&0&cDXHP&Ex&dxHP_equip/NE-dxHP-PkgHP-18to33-Ex-SEER17.1/instance-out.sql,74043.50,45326.70
CZ16/RFF&0&cDXHP&Ex&dxHP_equip/NE-dxHP-PkgHP-18to33-Ex-SEER18.1/instance-out.sql,73855.32,45326.70
CZ16/RFF&0&cDXHP&Ex&dxHP_equip/NE-dxHP-PkgHP-33to65-Ex-SEER13.4/instance-out.sql,75102.09,45326.70
CZ16/RFF&0&cDXHP&Ex&dxHP_equip/NE-dxHP-PkgHP-33to65-Ex-SEER15.2/instance-out.sql,74489.04,45326.70
CZ16/RFF&0&cDXHP&Ex&dxHP_equip/NE-dxHP-PkgHP-33to65-Ex-SEER16.2/instance-out.sql,74241.44,45326.70
CZ16/RFF&0&cDXHP&Ex&dxHP_equip/NE-dxHP-PkgHP-33to65-Ex-SEER17.1/instance-out.sql,74043.50,45326.70
CZ16/RFF&0&cDXHP&Ex&dxHP_equip/NE-dxHP-PkgHP-33to65-Ex-SEER18.1/instance-out.sql,73855.32,45326.70
CZ16/RFF&0&cDXHP&Ex&dxHP_equip/NE-dxHP-SplitHP-18to33-Ex-SEER14.3/instance-out.sql,74670.78,45326.70
CZ16/RFF&0&cDXHP&Ex&dxHP_equip/NE-dxHP-SplitHP-18to33-Ex-SEER15.2/instance-out.sql,74386.01,45326.70
CZ16/RFF&0&cDXHP&Ex&dxHP_equip/NE-dxHP-SplitHP-18to33-Ex-SEER16.2/instance-out.sql,74138.41,45326.70
CZ16/RFF&0&cDXHP&Ex&dxHP_equip/NE-dxHP-SplitHP-18to33-Ex-SEER17.1/instance-out.sql,73940.47,45326.70
CZ16/RFF&0&cDXHP&Ex&dxHP_equip/NE-dxHP-SplitHP-18to33-Ex-SEER18.1/instance-out.sql,73752.29,45326.70
CZ16/RFF&0&cDXHP&Ex&dxHP_equip/NE-dxHP-SplitHP-33to55-Ex-SEER14.3/instance-out.sql,74670.78,45326.70
CZ16/RFF&0&cDXHP&Ex&dxHP_equip/NE-dxHP-SplitHP-33to55-Ex-SEER15.2/instance-out.sql,74386.01,45326.70
CZ16/RFF&0&cDXHP&Ex&dxHP_equip/NE-dxHP-SplitHP-33to55-Ex-SEER16.2/instance-out.sql,74138.41,45326.70
CZ16/RFF&0&cDXHP&Ex&dxHP_equip/NE-dxHP-SplitHP-33to55-Ex-SEER17.1/instance-out.sql,73940.47,45326.70
CZ16/RFF&0&cDXHP&Ex&dxHP_equip/NE-dxHP-SplitHP-33to55-Ex-SEER18.1/instance-out.sql,73752.29,45326.70
CZ16/RSD&0&cDXHP&Ex&dxHP_equip/NE-dxHP-PkgHP-18to33-Ex-SEER13.4/instance-out.sql,150379.06,152761.61
CZ16/RSD&0&cDXHP&Ex&dxHP_equip/NE-dxHP-PkgHP-18to33-Ex-SEER15.2/instance-out.sql,150079.55,152761.61
CZ16/RSD&0&cDXHP&Ex&dxHP_equip/NE-dxHP-PkgHP-18to33-Ex-SEER16.2/instance-out.sql,149958.59,152761.61
CZ16/RSD&0&cDXHP&Ex&dxHP_equip/NE-dxHP-PkgHP-18to33-Ex-SEER17.1/instance-out.sql,149861.88,152761.61
CZ16/RSD&0&cDXHP&Ex&dxHP_equip/NE-dxHP-PkgHP-18to33-Ex-SEER18.1/instance-out.sql,149769.95,152761.61
CZ16/RSD&0&cDXHP&Ex&dxHP_equip/NE-dxHP-PkgHP-33to65-Ex-SEER13.4/instance-out.sql,150379.06,152761.61
CZ16/RSD&0&cDXHP&Ex&dxHP_equip/NE-dxHP-PkgHP-33to65-Ex-SEER15.2/instance-out.sql,150079.55,152761.61
CZ16/RSD&0&cDXHP&Ex&dxHP_equip/NE-dxHP-PkgHP-33to65-Ex-SEER16.2/instance-out.sql,149958.59,152761.61
CZ16/RSD&0&cDXHP&Ex&dxHP_equip/NE-dxHP-PkgHP-33to65-Ex-SEER17.1/instance-out.sql,149861.88,152761.61
CZ16/RSD&0&cDXHP&Ex&dxHP_equip/NE-dxHP-PkgHP-33to65-Ex-SEER18.1/instance-out.sql,149769.95,152761.61
CZ16/RSD&0&cDXHP&Ex&dxHP_equip/NE-dxHP-SplitHP-18to33-Ex-SEER14.3/instance-out.sql,150161.68,152761.61
CZ16/RSD&0&cDXHP&Ex&dxHP_equip/NE-dxHP-SplitHP-18to33-Ex-SEER15.2/instance-out.sql,150022.55,152761.61
CZ16/RSD&0&cDXHP&Ex&dxHP_equip/NE-dxHP-SplitHP-18to33-Ex-SEER16.2/instance-out.sql,149901.59,152761.61
CZ16/RSD&0&cDXHP&Ex&dxHP_equip/NE-dxHP-SplitHP-18to33-Ex-SEER17.1/instance-out.sql,149804.88,152761.61
CZ16/RSD&0&cDXHP&Ex&dxHP_equip/NE-dxHP-SplitHP-18to33-Ex-SEER18.1/instance-out.sql,149712.95,152761.61
CZ16/RSD&0&cDXHP&Ex&dxHP_equip/NE-dxHP-SplitHP-33to55-Ex-SEER14.3/instance-out.sql,150161.68,152761.61
CZ16/RSD&0&cDXHP&Ex&dxHP_equip/NE-dxHP-SplitHP-33to55-Ex-SEER15.2/instance-out.sql,150022.55,152761.61
CZ16/RSD&0&cDXHP&Ex&dxHP_equip/NE-dxHP-SplitHP-33to55-Ex-SEER16.2/instance-out.sql,149901.59,152761.61
CZ16/RSD&0&cDXHP&Ex&dxHP_equip/NE-dxHP-SplitHP-33to55-Ex-SEER17.1/instance-out.sql,149804.88,152761.61
CZ16/RSD&0&cDXHP&Ex&dxHP_equip/NE-dxHP-SplitHP-33to55-Ex-SEER18.1/instance-out.sql,149712.95,152761.61
CZ16/Rt3&0&cDXHP&Ex&dxHP_equip/NE-dxHP-PkgHP-18to33-Ex-SEER13.4/instance-out.sql,2196745.29,176930.39
CZ16/Rt3&0&cDXHP&Ex&dxHP_equip/NE-dxHP-PkgHP-18to33-Ex-SEER15.2/instance-out.sql,2174291.00,176930.39
CZ16/Rt3&0&cDXHP&Ex&dxHP_equip/NE-dxHP-PkgHP-18to33-Ex-SEER16.2/instance-out.sql,2165222.35,176930.39
CZ16/Rt3&0&cDXHP&Ex&dxHP_equip/NE-dxHP-PkgHP-18to33-Ex-SEER17.1/instance-out.sql,2157972.25,176930.39
CZ16/Rt3&0&cDXHP&Ex&dxHP_equip/NE-dxHP-PkgHP-18to33-Ex-SEER18.1/instance-out.sql,2151079.78,176930.39
CZ16/Rt3&0&cDXHP&Ex&dxHP_equip/NE-dxHP-PkgHP-33to65-Ex-SEER13.4/instance-out.sql,2196745.29,176930.39
CZ16/Rt3&0&cDXHP&Ex&dxHP_equip/NE-dxHP-PkgHP-33to65-Ex-SEER15.2/instance-out.sql,2174291.00,176930.39
CZ16/Rt3&0&cDXHP&Ex&dxHP_equip/NE-dxHP-PkgHP-33to65-Ex-SEER16.2/instance-out.sql,2165222.35,176930.39
CZ16/Rt3&0&cDXHP&Ex&dxHP_equip/NE-dxHP-PkgHP-33to65-Ex-SEER17.1/instance-out.sql,2157972.25,176930.39
CZ16/Rt3&0&cDXHP&Ex&dxHP_equip/NE-dxHP-PkgHP-33to65-Ex-SEER18.1/instance-out.sql,2151079.78,176930.39
CZ16/Rt3&0&cDXHP&Ex&dxHP_equip/NE-dxHP-SplitHP-18to33-Ex-SEER14.3/instance-out.sql,2183174.53,176930.39
CZ16/Rt3&0&cDXHP&Ex&dxHP_equip/NE-dxHP-SplitHP-18to33-Ex-SEER15.2/instance-out.sql,2172744.10,176930.39
CZ16/Rt3&0&cDXHP&Ex&dxHP_equip/NE-dxHP-SplitHP-18to33-Ex-SEER16.2/instance-out.sql,2163675.46,176930.39
CZ16/Rt3&0&cDXHP&Ex&dxHP_equip/NE-dxHP-SplitHP-18to33-Ex-SEER17.1/instance-out.sql,2156425.36,176930.39
CZ16/Rt3&0&cDXHP&Ex&dxHP_equip/NE-dxHP-SplitHP-18to33-Ex-SEER18.1/instance-out.sql,2149532.89,176930.39
CZ16/Rt3&0&cDXHP&Ex&dxHP_equip/NE-dxHP-SplitHP-33to55-Ex-SEER14.3/instance-out.sql,2183174.53,176930.39
CZ16/Rt3&0&cDXHP&Ex&dxHP_equip/NE-dxHP-SplitHP-33to55-Ex-SEER15.2/instance-out.sql,2172744.10,176930.39
CZ16/Rt3&0&cDXHP&Ex&dxHP_equip/NE-dxHP-SplitHP-33to55-Ex-SEER16.2/instance-out.sql,2163675.46,176930.39
CZ16/Rt3&0&cDXHP&Ex&dxHP_equip/NE-dxHP-SplitHP-33to55-Ex-SEER17.1/instance-out.sql,2156425.36,176930.39
CZ16/Rt3&0&cDXHP&Ex&dxHP_equip/NE-dxHP-SplitHP-33to55-Ex-SEER18.1/instance-out.sql,2149532.89,176930.39
CZ16/RtL&0&cDXHP&Ex&dxHP_equip/NE-dxHP-PkgHP-18to33-Ex-SEER13.4/instance-out.sql,2236078.90,167460.32
CZ16/RtL&0&cDXHP&Ex&dxHP_equip/NE-dxHP-PkgHP-18to33-Ex-SEER15.2/instance-out.sql,2212859.95,167460.32
CZ16/RtL&0&cDXHP&Ex&dxHP_equip/NE-dxHP-PkgHP-18to33-Ex-SEER16.2/instance-out.sql,2203482.49,167460.32
CZ16/RtL&0&cDXHP&Ex&dxHP_equip/NE-dxHP-PkgHP-18to33-Ex-SEER17.1/instance-out.sql,2195985.49,167460.32
CZ16/RtL&0&cDXHP&Ex&dxHP_equip/NE-dxHP-PkgHP-18to33-Ex-SEER18.1/instance-out.sql,2188858.30,167460.32
CZ16/RtL&0&cDXHP&Ex&dxHP_equip/NE-dxHP-PkgHP-33to65-Ex-SEER13.4/instance-out.sql,2236078.90,167460.32
CZ16/RtL&0&cDXHP&Ex&dxHP_equip/NE-dxHP-PkgHP-33to65-Ex-SEER15.2/instance-out.sql,2212859.95,167460.32
CZ16/RtL&0&cDXHP&Ex&dxHP_equip/NE-dxHP-PkgHP-33to65-Ex-SEER16.2/instance-out.sql,2203482.49,167460.32
CZ16/RtL&0&cDXHP&Ex&dxHP_equip/NE-dxHP-PkgHP-33to65-Ex-SEER17.1/instance-out.sql,2195985.49,167460.32
CZ16/RtL&0&cDXHP&Ex&dxHP_equip/NE-dxHP-PkgHP-33to65-Ex-SEER18.1/instance-out.sql,2188858.30,167460.32
CZ16/RtL&0&cDXHP&Ex&dxHP_equip/NE-dxHP-SplitHP-18to33-Ex-SEER14.3/instance-out.sql,2222007.08,167460.32
CZ16/RtL&0&cDXHP&Ex&dxHP_equip/NE-dxHP-SplitHP-18to33-Ex-SEER15.2/instance-out.sql,2211221.45,167460.32
CZ16/RtL&0&cDXHP&Ex&dxHP_equip/NE-dxHP-SplitHP-18to33-Ex-SEER16.2/instance-out.sql,2201843.98,167460.32
CZ16/RtL&0&cDXHP&Ex&dxHP_equip/NE-dxHP-SplitHP-18to33-Ex-SEER17.1/instance-out.sql,2194346.99,167460.32
CZ16/RtL&0&cDXHP&Ex&dxHP_equip/NE-dxHP-SplitHP-18to33-Ex-SEER18.1/instance-out.sql,2187219.80,167460.32
CZ16/RtL&0&cDXHP&Ex&dxHP_equip/NE-dxHP-SplitHP-33to55-Ex-SEER14.3/instance-out.sql,2222007.08,167460.32
CZ16/RtL&0&cDXHP&Ex&dxHP_equip/NE-dxHP-SplitHP-33to55-Ex-SEER15.2/instance-out.sql,2211221.45,167460.32
CZ16/RtL&0&cDXHP&Ex&dxHP_equip/NE-dxHP-SplitHP-33to55-Ex-SEER16.2/instance-out.sql,2201843.98,167460.32
CZ16/RtL&0&cDXHP&Ex&dxHP_equip/NE-dxHP-SplitHP-33to55-Ex-SEER17.1/instance-out.sql,2194346.99,167460.32
CZ16/RtL&0&cDXHP&Ex&dxHP_equip/NE-dxHP-SplitHP-33to55-Ex-SEER18.1/instance-out.sql,2187219.80,167460.32
CZ16/RtS&0&cDXHP&Ex&dxHP_equip/NE-dxHP-PkgHP-18to33-Ex-SEER13.4/instance-out.sql,140635.79,15678.65
CZ16/RtS&0&cDXHP&Ex&dxHP_equip/NE-dxHP-PkgHP-18to33-Ex-SEER15.2/instance-out.sql,138960.77,15678.65
CZ16/RtS&0&cDXHP&Ex&dxHP_equip/NE-dxHP-PkgHP-18to33-Ex-SEER16.2/instance-out.sql,138284.28,15678.65
CZ16/RtS&0&cDXHP&Ex&dxHP_equip/NE-dxHP-PkgHP-18to33-Ex-SEER17.1/instance-out.sql,137743.44,15678.65
CZ16/RtS&0&cDXHP&Ex&dxHP_equip/NE-dxHP-PkgHP-18to33-Ex-SEER18.1/instance-out.sql,137229.29,15678.65
CZ16/RtS&0&cDXHP&Ex&dxHP_equip/NE-dxHP-PkgHP-33to65-Ex-SEER13.4/instance-out.sql,140635.79,15678.65
CZ16/RtS&0&cDXHP&Ex&dxHP_equip/NE-dxHP-PkgHP-33to65-Ex-SEER15.2/instance-out.sql,138960.77,15678.65
CZ16/RtS&0&cDXHP&Ex&dxHP_equip/NE-dxHP-PkgHP-33to65-Ex-SEER16.2/instance-out.sql,138284.28,15678.65
CZ16/RtS&0&cDXHP&Ex&dxHP_equip/NE-dxHP-PkgHP-33to65-Ex-SEER17.1/instance-out.sql,137743.44,15678.65
CZ16/RtS&0&cDXHP&Ex&dxHP_equip/NE-dxHP-PkgHP-33to65-Ex-SEER18.1/instance-out.sql,137229.29,15678.65
CZ16/RtS&0&cDXHP&Ex&dxHP_equip/NE-dxHP-SplitHP-18to33-Ex-SEER14.3/instance-out.sql,139522.37,15678.65
CZ16/RtS&0&cDXHP&Ex&dxHP_equip/NE-dxHP-SplitHP-18to33-Ex-SEER15.2/instance-out.sql,138744.30,15678.65
CZ16/RtS&0&cDXHP&Ex&dxHP_equip/NE-dxHP-SplitHP-18to33-Ex-SEER16.2/instance-out.sql,138067.80,15678.65
CZ16/RtS&0&cDXHP&Ex&dxHP_equip/NE-dxHP-SplitHP-18to33-Ex-SEER17.1/instance-out.sql,137526.97,15678.65
CZ16/RtS&0&cDXHP&Ex&dxHP_equip/NE-dxHP-SplitHP-18to33-Ex-SEER18.1/instance-out.sql,137012.81,15678.65
CZ16/RtS&0&cDXHP&Ex&dxHP_equip/NE-dxHP-SplitHP-33to55-Ex-SEER14.3/instance-out.sql,139522.37,15678.65
CZ16/RtS&0&cDXHP&Ex&dxHP_equip/NE-dxHP-SplitHP-33to55-Ex-SEER15.2/instance-out.sql,138744.30,15678.65
CZ16/RtS&0&cDXHP&Ex&dxHP_equip/NE-dxHP-SplitHP-33to55-Ex-SEER16.2/instance-out.sql,138067.80,15678.65
CZ16/RtS&0&cDXHP&Ex&dxHP_equip/NE-dxHP-SplitHP-33to55-Ex-SEER17.1/instance-out.sql,137526.97,15678.65
CZ16/RtS&0&cDXHP&Ex&dxHP_equip/NE-dxHP-SplitHP-33to55-Ex-SEER18.1/instance-out.sql,137012.81,15678.65
CZ16/SCn&0&cDXHP&Ex&dxHP_equip/NE-dxHP-PkgHP-18to33-Ex-SEER13.4/instance-out.sql,4032958.34,84961.21
CZ16/SCn&0&cDXHP&Ex&dxHP_equip/NE-dxHP-PkgHP-18to33-Ex-SEER15.2/instance-out.sql,3987186.50,84961.21
CZ16/SCn&0&cDXHP&Ex&dxHP_equip/NE-dxHP-PkgHP-18to33-Ex-SEER16.2/instance-out.sql,3968700.57,84961.21
CZ16/SCn&0&cDXHP&Ex&dxHP_equip/NE-dxHP-PkgHP-18to33-Ex-SEER17.1/instance-out.sql,3953921.64,84961.21
CZ16/SCn&0&cDXHP&Ex&dxHP_equip/NE-dxHP-PkgHP-18to33-Ex-SEER18.1/instance-out.sql,3939871.71,84961.21
CZ16/SCn&0&cDXHP&Ex&dxHP_equip/NE-dxHP-PkgHP-33to65-Ex-SEER13.4/instance-out.sql,4032958.34,84961.21
CZ16/SCn&0&cDXHP&Ex&dxHP_equip/NE-dxHP-PkgHP-33to65-Ex-SEER15.2/instance-out.sql,3987186.50,84961.21
CZ16/SCn&0&cDXHP&Ex&dxHP_equip/NE-dxHP-PkgHP-33to65-Ex-SEER16.2/instance-out.sql,3968700.57,84961.21
CZ16/SCn&0&cDXHP&Ex&dxHP_equip/NE-dxHP-PkgHP-33to65-Ex-SEER17.1/instance-out.sql,3953921.64,84961.21
CZ16/SCn&0&cDXHP&Ex&dxHP_equip/NE-dxHP-PkgHP-33to65-Ex-SEER18.1/instance-out.sql,3939871.71,84961.21
CZ16/SCn&0&cDXHP&Ex&dxHP_equip/NE-dxHP-SplitHP-18to33-Ex-SEER14.3/instance-out.sql,3992897.33,84961.21
CZ16/SCn&0&cDXHP&Ex&dxHP_equip/NE-dxHP-SplitHP-18to33-Ex-SEER15.2/instance-out.sql,3971635.47,84961.21
CZ16/SCn&0&cDXHP&Ex&dxHP_equip/NE-dxHP-SplitHP-18to33-Ex-SEER16.2/instance-out.sql,3953149.54,84961.21
CZ16/SCn&0&cDXHP&Ex&dxHP_equip/NE-dxHP-SplitHP-18to33-Ex-SEER17.1/instance-out.sql,3938370.61,84961.21
CZ16/SCn&0&cDXHP&Ex&dxHP_equip/NE-dxHP-SplitHP-18to33-Ex-SEER18.1/instance-out.sql,3924320.68,84961.21
CZ16/SCn&0&cDXHP&Ex&dxHP_equip/NE-dxHP-SplitHP-33to55-Ex-SEER14.3/instance-out.sql,3992897.33,84961.21
CZ16/SCn&0&cDXHP&Ex&dxHP_equip/NE-dxHP-SplitHP-33to55-Ex-SEER15.2/instance-out.sql,3971635.47,84961.21
CZ16/SCn&0&cDXHP&Ex&dxHP_equip/NE-dxHP-SplitHP-33to55-Ex-SEER16.2/instance-out.sql,3953149.54,84961.21
CZ16/SCn&0&cDXHP&Ex&dxHP_equip/NE-dxHP-SplitHP-33to55-Ex-SEER17.1/instance-out.sql,3938370.61,84961.21
CZ16/SCn&0&cDXHP&Ex&dxHP_equip/NE-dxHP-SplitHP-33to55-Ex-SEER18.1/instance-out.sql,3924320.68,84961.21

File Name,Unmet Heating (Hours),Unmet Cooling (Hours)
CZ15/Asm&0&cDXHP&Ex&dxHP_equip/NE-dxHP-PkgHP-18to33-Ex-SEER13.4/instance-out.sql,0.00,163.00
CZ15/Asm&0&cDXHP&Ex&dxHP_equip/NE-dxHP-PkgHP-18to33-Ex-SEER15.2/instance-out.sql,0.00,163.00
CZ15/Asm&0&cDXHP&Ex&dxHP_equip/NE-dxHP-PkgHP-18to33-Ex-SEER16.2/instance-out.sql,0.00,163.00
CZ15/Asm&0&cDXHP&Ex&dxHP_equip/NE-dxHP-PkgHP-18to33-Ex-SEER17.1/instance-out.sql,0.00,163.00
CZ15/Asm&0&cDXHP&Ex&dxHP_equip/NE-dxHP-PkgHP-18to33-Ex-SEER18.1/instance-out.sql,0.00,163.00
CZ15/Asm&0&cDXHP&Ex&dxHP_equip/NE-dxHP-PkgHP-33to65-Ex-SEER13.4/instance-out.sql,0.00,163.00
CZ15/Asm&0&cDXHP&Ex&dxHP_equip/NE-dxHP-PkgHP-33to65-Ex-SEER15.2/instance-out.sql,0.00,163.00
CZ15/Asm&0&cDXHP&Ex&dxHP_equip/NE-dxHP-PkgHP-33to65-Ex-SEER16.2/instance-out.sql,0.00,163.00
CZ15/Asm&0&cDXHP&Ex&dxHP_equip/NE-dxHP-PkgHP-33to65-Ex-SEER17.1/instance-out.sql,0.00,163.00
CZ15/Asm&0&cDXHP&Ex&dxHP_equip/NE-dxHP-PkgHP-33to65-Ex-SEER18.1/instance-out.sql,0.00,163.00
CZ15/Asm&0&cDXHP&Ex&dxHP_equip/NE-dxHP-SplitHP-18to33-Ex-SEER14.3/instance-out.sql,0.00,163.00
CZ15/Asm&0&cDXHP&Ex&dxHP_equip/NE-dxHP-SplitHP-18to33-Ex-SEER15.2/instance-out.sql,0.00,163.00
CZ15/Asm&0&cDXHP&Ex&dxHP_equip/NE-dxHP-SplitHP-18to33-Ex-SEER16.2/instance-out.sql,0.00,163.00
CZ15/Asm&0&cDXHP&Ex&dxHP_equip/NE-dxHP-SplitHP-18to33-Ex-SEER17.1/instance-out.sql,0.00,163.00
CZ15/Asm&0&cDXHP&Ex&dxHP_equip/NE-dxHP-SplitHP-18to33-Ex-SEER18.1/instance-out.sql,0.00,163.00
CZ15/Asm&0&cDXHP&Ex&dxHP_equip/NE-dxHP-SplitHP-33to55-Ex-SEER14.3/instance-out.sql,0.00,163.00
CZ15/Asm&0&cDXHP&Ex&dxHP_equip/NE-dxHP-SplitHP-33to55-Ex-SEER15.2/instance-out.sql,0.00,163.00
CZ15/Asm&0&cDXHP&Ex&dxHP_equip/NE-dxHP-SplitHP-33to55-Ex-SEER16.2/instance-out.sql,0.00,163.00
CZ15/Asm&0&cDXHP&Ex&dxHP_equip/NE-dxHP-SplitHP-33to55-Ex-SEER17.1/instance-out.sql,0.00,163.00
CZ15/Asm&0&cDXHP&Ex&dxHP_equip/NE-dxHP-SplitHP-33to55-Ex-SEER18.1/instance-out.sql,0.00,163.00
CZ15/ECC&0&cDXHP&Ex&dxHP_equip/NE-dxHP-PkgHP-18to33-Ex-SEER13.4/instance-out.sql,0.00,6011.00
CZ15/ECC&0&cDXHP&Ex&dxHP_equip/NE-dxHP-PkgHP-18to33-Ex-SEER15.2/instance-out.sql,0.00,6011.00
CZ15/ECC&0&cDXHP&Ex&dxHP_equip/NE-dxHP-PkgHP-18to33-Ex-SEER16.2/instance-out.sql,0.00,6011.00
CZ15/ECC&0&cDXHP&Ex&dxHP_equip/NE-dxHP-PkgHP-18to33-Ex-SEER17.1/instance-out.sql,0.00,6011.00
CZ15/ECC&0&cDXHP&Ex&dxHP_equip/NE-dxHP-PkgHP-18to33-Ex-SEER18.1/instance-out.sql,0.00,6011.00
CZ15/ECC&0&cDXHP&Ex&dxHP_equip/NE-dxHP-PkgHP-33to65-Ex-SEER13.4/instance-out.sql,0.00,6011.00
CZ15/ECC&0&cDXHP&Ex&dxHP_equip/NE-dxHP-PkgHP-33to65-Ex-SEER15.2/instance-out.sql,0.00,6011.00
CZ15/ECC&0&cDXHP&Ex&dxHP_equip/NE-dxHP-PkgHP-33to65-Ex-SEER16.2/instance-out.sql,0.00,6011.00
CZ15/ECC&0&cDXHP&Ex&dxHP_equip/NE-dxHP-PkgHP-33to65-Ex-SEER17.1/instance-out.sql,0.00,6011.00
CZ15/ECC&0&cDXHP&Ex&dxHP_equip/NE-dxHP-PkgHP-33to65-Ex-SEER18.1/instance-out.sql,0.00,6011.00
CZ15/ECC&0&cDXHP&Ex&dxHP_equip/NE-dxHP-SplitHP-18to33-Ex-SEER14.3/instance-out.sql,0.00,6011.00
CZ15/ECC&0&cDXHP&Ex&dxHP_equip/NE-dxHP-SplitHP-18to33-Ex-SEER15.2/instance-out.sql,0.00,6011.00
CZ15/ECC&0&cDXHP&Ex&dxHP_equip/NE-dxHP-SplitHP-18to33-Ex-SEER16.2/instance-out.sql,0.00,6011.00
CZ15/ECC&0&cDXHP&Ex&dxHP_equip/NE-dxHP-SplitHP-18to33-Ex-SEER17.1/instance-out.sql,0.00,6011.00
CZ15/ECC&0&cDXHP&Ex&dxHP_equip/NE-dxHP-SplitHP-18to33-Ex-SEER18.1/instance-out.sql,0.00,6011.00
CZ15/ECC&0&cDXHP&Ex&dxHP_equip/NE-dxHP-SplitHP-33to55-Ex-SEER14.3/instance-out.sql,0.00,6011.00
CZ15/ECC&0&cDXHP&Ex&dxHP_equip/NE-dxHP-SplitHP-33to55-Ex-SEER15.2/instance-out.sql,0.00,6011.00
CZ15/ECC&0&cDXHP&Ex&dxHP_equip/NE-dxHP-SplitHP-33to55-Ex-SEER16.2/instance-out.sql,0.00,6011.00
CZ15/ECC&0&cDXHP&Ex&dxHP_equip/NE-dxHP-SplitHP-33to55-Ex-SEER17.1/instance-out.sql,0.00,6011.00
CZ15/ECC&0&cDXHP&Ex&dxHP_equip/NE-dxHP-SplitHP-33to55-Ex-SEER18.1/instance-out.sql,0.00,6011.00
CZ15/EPr&0&cDXHP&Ex&dxHP_equip/NE-dxHP-PkgHP-18to33-Ex-SEER13.4/instance-out.sql,0.00,51.00
CZ15/EPr&0&cDXHP&Ex&dxHP_equip/NE-dxHP-PkgHP-18to33-Ex-SEER15.2/instance-out.sql,0.00,51.00
CZ15/EPr&0&cDXHP&Ex&dxHP_equip/NE-dxHP-PkgHP-18to33-Ex-SEER16.2/instance-out.sql,0.00,51.00
CZ15/EPr&0&cDXHP&Ex&dxHP_equip/NE-dxHP-PkgHP-18to33-Ex-SEER17.1/instance-out.sql,0.00,51.00
CZ15/EPr&0&cDXHP&Ex&dxHP_equip/NE-dxHP-PkgHP-18to33-Ex-SEER18.1/instance-out.sql,0.00,51.00
CZ15/EPr&0&cDXHP&Ex&dxHP_equip/NE-dxHP-PkgHP-33to65-Ex-SEER13.4/instance-out.sql,0.00,51.00
CZ15/EPr&0&cDXHP&Ex&dxHP_equip/NE-dxHP-PkgHP-33to65-Ex-SEER15.2/instance-out.sql,0.00,51.00
CZ15/EPr&0&cDXHP&Ex&dxHP_equip/NE-dxHP-PkgHP-33to65-Ex-SEER16.2/instance-out.sql,0.00,51.00
CZ15/EPr&0&cDXHP&Ex&dxHP_equip/NE-dxHP-PkgHP-33to65-Ex-SEER17.1/instance-out.sql,0.00,51.00
CZ15/EPr&0&cDXHP&Ex&dxHP_equip/NE-dxHP-PkgHP-33to65-Ex-SEER18.1/instance-out.sql,0.00,51.00
CZ15/EPr&0&cDXHP&Ex&dxHP_equip/NE-dxHP-SplitHP-18to33-Ex-SEER14.3/instance-out.sql,0.00,51.00
CZ15/EPr&0&cDXHP&Ex&dxHP_equip/NE-dxHP-SplitHP-18to33-Ex-SEER15.2/instance-out.sql,0.00,51.00
CZ15/EPr&0&cDXHP&Ex&dxHP_equip/NE-dxHP-SplitHP-18to33-Ex-SEER16.2/instance-out.sql,0.00,51.00
CZ15/EPr&0&cDXHP&Ex&dxHP_equip/NE-dxHP-SplitHP-18to33-Ex-SEER17.1/instance-out.sql,0.00,51.00
CZ15/EPr&0&cDXHP&Ex&dxHP_equip/NE-dxHP-SplitHP-18to33-Ex-SEER18.1/instance-out.sql,0.00,51.00
CZ15/EPr&0&cDXHP&Ex&dxHP_equip/NE-dxHP-SplitHP-33to55-Ex-SEER14.3/instance-out.sql,0.00,51.00
CZ15/EPr&0&cDXHP&Ex&dxHP_equip/NE-dxHP-SplitHP-33to55-Ex-SEER15.2/instance-out.sql,0.00,51.00
CZ15/EPr&0&cDXHP&Ex&dxHP_equip/NE-dxHP-SplitHP-33to55-Ex-SEER16.2/instance-out.sql,0.00,51.00
CZ15/EPr&0&cDXHP&Ex&dxHP_equip/NE-dxHP-SplitHP-33to55-Ex-SEER17.1/instance-out.sql,0.00,51.00
CZ15/EPr&0&cDXHP&Ex&dxHP_equip/NE-dxHP-SplitHP-33to55-Ex-SEER18.1/instance-out.sql,0.00,51.00
CZ15/ERC&0&cDXHP&Ex&dxHP_equip/NE-dxHP-PkgHP-18to33-Ex-SEER13.4/instance-out.sql,0.00,0.00
CZ15/ERC&0&cDXHP&Ex&dxHP_equip/NE-dxHP-PkgHP-18to33-Ex-SEER15.2/instance-out.sql,0.00,0.00
CZ15/ERC&0&cDXHP&Ex&dxHP_equip/NE-dxHP-PkgHP-18to33-Ex-SEER16.2/instance-out.sql,0.00,0.00
CZ15/ERC&0&cDXHP&Ex&dxHP_equip/NE-dxHP-PkgHP-18to33-Ex-SEER17.1/instance-out.sql,0.00,0.00
CZ15/ERC&0&cDXHP&Ex&dxHP_equip/NE-dxHP-PkgHP-18to33-Ex-SEER18.1/instance-out.sql,0.00,0.00
CZ15/ERC&0&cDXHP&Ex&dxHP_equip/NE-dxHP-PkgHP-33to65-Ex-SEER13.4/instance-out.sql,0.00,0.00
CZ15/ERC&0&cDXHP&Ex&dxHP_equip/NE-dxHP-PkgHP-33to65-Ex-SEER15.2/instance-out.sql,0.00,0.00
CZ15/ERC&0&cDXHP&Ex&dxHP_equip/NE-dxHP-PkgHP-33to65-Ex-SEER16.2/instance-out.sql,0.00,0.00
CZ15/ERC&0&cDXHP&Ex&dxHP_equip/NE-dxHP-PkgHP-33to65-Ex-SEER17.1/instance-out.sql,0.00,0.00
CZ15/ERC&0&cDXHP&Ex&dxHP_equip/NE-dxHP-PkgHP-33to65-Ex-SEER18.1/instance-out.sql,0.00,0.00
CZ15/ERC&0&cDXHP&Ex&dxHP_equip/NE-dxHP-SplitHP-18to33-Ex-SEER14.3/instance-out.sql,0.00,0.00
CZ15/ERC&0&cDXHP&Ex&dxHP_equip/NE-dxHP-SplitHP-18to33-Ex-SEER15.2/instance-out.sql,0.00,0.00
CZ15/ERC&0&cDXHP&Ex&dxHP_equip/NE-dxHP-SplitHP-18to33-Ex-SEER16.2/instance-out.sql,0.00,0.00
CZ15/ERC&0&cDXHP&Ex&dxHP_equip/NE-dxHP-SplitHP-18to33-Ex-SEER17.1/instance-out.sql,0.00,0.00
CZ15/ERC&0&cDXHP&Ex&dxHP_equip/NE-dxHP-SplitHP-18to33-Ex-SEER18.1/instance-out.sql,0.00,0.00
CZ15/ERC&0&cDXHP&Ex&dxHP_equip/NE-dxHP-SplitHP-33to55-Ex-SEER14.3/instance-out.sql,0.00,0.00
CZ15/ERC&0&cDXHP&Ex&dxHP_equip/NE-dxHP-SplitHP-33to55-Ex-SEER15.2/instance-out.sql,0.00,0.00
CZ15/ERC&0&cDXHP&Ex&dxHP_equip/NE-dxHP-SplitHP-33to55-Ex-SEER16.2/instance-out.sql,0.00,0.00
CZ15/ERC&0&cDXHP&Ex&dxHP_equip/NE-dxHP-SplitHP-33to55-Ex-SEER17.1/instance-out.sql,0.00,0.00
CZ15/ERC&0&cDXHP&Ex&dxHP_equip/NE-dxHP-SplitHP-33to55-Ex-SEER18.1/instance-out.sql,0.00,0.00
CZ15/ESe&0&cDXHP&Ex&dxHP_equip/NE-dxHP-PkgHP-18to33-Ex-SEER13.4/instance-out.sql,0.00,43.00
CZ15/ESe&0&cDXHP&Ex&dxHP_equip/NE-dxHP-PkgHP-18to33-Ex-SEER15.2/instance-out.sql,0.00,43.00
CZ15/ESe&0&cDXHP&Ex&dxHP_equip/NE-dxHP-PkgHP-18to33-Ex-SEER16.2/instance-out.sql,0.00,43.00
CZ15/ESe&0&cDXHP&Ex&dxHP_equip/NE-dxHP-PkgHP-18to33-Ex-SEER17.1/instance-out.sql,0.00,43.00
CZ15/ESe&0&cDXHP&Ex&dxHP_equip/NE-dxHP-PkgHP-18to33-Ex-SEER18.1/instance-out.sql,0.00,43.00
CZ15/ESe&0&cDXHP&Ex&dxHP_equip/NE-dxHP-PkgHP-33to65-Ex-SEER13.4/instance-out.sql,0.00,43.00
CZ15/ESe&0&cDXHP&Ex&dxHP_equip/NE-dxHP-PkgHP-33to65-Ex-SEER15.2/instance-out.sql,0.00,43.00
CZ15/ESe&0&cDXHP&Ex&dxHP_equip/NE-dxHP-PkgHP-33to65-Ex-SEER16.2/instance-out.sql,0.00,43.00
CZ15/ESe&0&cDXHP&Ex&dxHP_equip/NE-dxHP-PkgHP-33to65-Ex-SEER17.1/instance-out.sql,0.00,43.00
CZ15/ESe&0&cDXHP&Ex&dxHP_equip/NE-dxHP-PkgHP-33to65-Ex-SEER18.1/instance-out.sql,0.00,43.00
CZ15/ESe&0&cDXHP&Ex&dxHP_equip/NE-dxHP-SplitHP-18to33-Ex-SEER14.3/instance-out.sql,0.00,43.00
CZ15/ESe&0&cDXHP&Ex&dxHP_equip/NE-dxHP-SplitHP-18to33-Ex-SEER15.2/instance-out.sql,0.00,43.00
CZ15/ESe&0&cDXHP&Ex&dxHP_equip/NE-dxHP-SplitHP-18to33-Ex-SEER16.2/instance-out.sql,0.00,43.00
CZ15/ESe&0&cDXHP&Ex&dxHP_equip/NE-dxHP-SplitHP-18to33-Ex-SEER17.1/instance-out.sql,0.00,43.00
CZ15/ESe&0&cDXHP&Ex&dxHP_equip/NE-dxHP-SplitHP-18to33-Ex-SEER18.1/instance-out.sql,0.00,43.00
CZ15/ESe&0&cDXHP&Ex&dxHP_equip/NE-dxHP-SplitHP-33to55-Ex-SEER14.3/instance-out.sql,0.00,43.00
CZ15/ESe&0&cDXHP&Ex&dxHP_equip/NE-dxHP-SplitHP-33to55-Ex-SEER15.2/instance-out.sql,0.00,43.00
CZ15/ESe&0&cDXHP&Ex&dxHP_equip/NE-dxHP-SplitHP-33to55-Ex-SEER16.2/instance-out.sql,0.00,43.00
CZ15/ESe&0&cDXHP&Ex&dxHP_equip/NE-dxHP-SplitHP-33to55-Ex-SEER17.1/instance-out.sql,0.00,43.00
CZ15/ESe&0&cDXHP&Ex&dxHP_equip/NE-dxHP-SplitHP-33to55-Ex-SEER18.1/instance-out.sql,0.00,43.00
CZ15/EUn&0&cDXHP&Ex&dxHP_equip/NE-dxHP-PkgHP-18to33-Ex-SEER13.4/instance-out.sql,0.00,566.00
CZ15/EUn&0&cDXHP&Ex&dxHP_equip/NE-dxHP-PkgHP-18to33-Ex-SEER15.2/instance-out.sql,0.00,566.00
CZ15/EUn&0&cDXHP&Ex&dxHP_equip/NE-dxHP-PkgHP-18to33-Ex-SEER16.2/instance-out.sql,0.00,566.00
CZ15/EUn&0&cDXHP&Ex&dxHP_equip/NE-dxHP-PkgHP-18to33-Ex-SEER17.1/instance-out.sql,0.00,566.00
CZ15/EUn&0&cDXHP&Ex&dxHP_equip/NE-dxHP-PkgHP-18to33-Ex-SEER18.1/instance-out.sql,0.00,566.00
CZ15/EUn&0&cDXHP&Ex&dxHP_equip/NE-dxHP-PkgHP-33to65-Ex-SEER13.4/instance-out.sql,0.00,566.00
CZ15/EUn&0&cDXHP&Ex&dxHP_equip/NE-dxHP-PkgHP-33to65-Ex-SEER15.2/instance-out.sql,0.00,566.00
CZ15/EUn&0&cDXHP&Ex&dxHP_equip/NE-dxHP-PkgHP-33to65-Ex-SEER16.2/instance-out.sql,0.00,566.00
CZ15/EUn&0&cDXHP&Ex&dxHP_equip/NE-dxHP-PkgHP-33to65-Ex-SEER17.1/instance-out.sql,0.00,566.00
CZ15/EUn&0&cDXHP&Ex&dxHP_equip/NE-dxHP-PkgHP-33to65-Ex-SEER18.1/instance-out.sql,0.00,566.00
CZ15/EUn&0&cDXHP&Ex&dxHP_equip/NE-dxHP-SplitHP-18to33-Ex-SEER14.3/instance-out.sql,0.00,566.00
CZ15/EUn&0&cDXHP&Ex&dxHP_equip/NE-dxHP-SplitHP-18to33-Ex-SEER15.2/instance-out.sql,0.00,566.00
CZ15/EUn&0&cDXHP&Ex&dxHP_equip/NE-dxHP-SplitHP-18to33-Ex-SEER16.2/instance-out.sql,0.00,566.00
CZ15/EUn&0&cDXHP&Ex&dxHP_equip/NE-dxHP-SplitHP-18to33-Ex-SEER17.1/instance-out.sql,0.00,566.00
CZ15/EUn&0&cDXHP&Ex&dxHP_equip/NE-dxHP-SplitHP-18to33-Ex-SEER18.1/instance-out.sql,0.00,566.00
CZ15/EUn&0&cDXHP&Ex&dxHP_equip/NE-dxHP-SplitHP-33to55-Ex-SEER14.3/instance-out.sql,0.00,566.00
CZ15/EUn&0&cDXHP&Ex&dxHP_equip/NE-dxHP-SplitHP-33to55-Ex-SEER15.2/instance-out.sql,0.00,566.00
CZ15/EUn&0&cDXHP&Ex&dxHP_equip/NE-dxHP-SplitHP-33to55-Ex-SEER16.2/instance-out.sql,0.00,566.00
CZ15/EUn&0&cDXHP&Ex&dxHP_equip/NE-dxHP-SplitHP-33to55-Ex-SEER17.1/instance-out.sql,0.00,566.00
CZ15/EUn&0&cDXHP&Ex&dxHP_equip/NE-dxHP-SplitHP-33to55-Ex-SEER18.1/instance-out.sql,0.00,566.00
CZ15/Gro&0&cDXHP&Ex&dxHP_equip/NE-dxHP-PkgHP-18to33-Ex-SEER13.4/instance-out.sql,0.00,0.00
CZ15/Gro&0&cDXHP&Ex&dxHP_equip/NE-dxHP-PkgHP-18to33-Ex-SEER15.2/instance-out.sql,0.00,0.00
CZ15/Gro&0&cDXHP&Ex&dxHP_equip/NE-dxHP-PkgHP-18to33-Ex-SEER16.2/instance-out.sql,0.00,0.00
CZ15/Gro&0&cDXHP&Ex&dxHP_equip/NE-dxHP-PkgHP-18to33-Ex-SEER17.1/instance-out.sql,0.00,0.00
CZ15/Gro&0&cDXHP&Ex&dxHP_equip/NE-dxHP-PkgHP-18to33-Ex-SEER18.1/instance-out.sql,0.00,0.00
CZ15/Gro&0&cDXHP&Ex&dxHP_equip/NE-dxHP-PkgHP-33to65-Ex-SEER13.4/instance-out.sql,0.00,0.00
CZ15/Gro&0&cDXHP&Ex&dxHP_equip/NE-dxHP-PkgHP-33to65-Ex-SEER15.2/instance-out.sql,0.00,0.00
CZ15/Gro&0&cDXHP&Ex&dxHP_equip/NE-dxHP-PkgHP-33to65-Ex-SEER16.2/instance-out.sql,0.00,0.00
CZ15/Gro&0&cDXHP&Ex&dxHP_equip/NE-dxHP-PkgHP-33to65-Ex-SEER17.1/instance-out.sql,0.00,0.00
CZ15/Gro&0&cDXHP&Ex&dxHP_equip/NE-dxHP-PkgHP-33to65-Ex-SEER18.1/instance-out.sql,0.00,0.00
CZ15/Gro&0&cDXHP&Ex&dxHP_equip/NE-dxHP-SplitHP-18to33-Ex-SEER14.3/instance-out.sql,0.00,0.00
CZ15/Gro&0&cDXHP&Ex&dxHP_equip/NE-dxHP-SplitHP-18to33-Ex-SEER15.2/instance-out.sql,0.00,0.00
CZ15/Gro&0&cDXHP&Ex&dxHP_equip/NE-dxHP-SplitHP-18to33-Ex-SEER16.2/instance-out.sql,0.00,0.00
CZ15/Gro&0&cDXHP&Ex&dxHP_equip/NE-dxHP-SplitHP-18to33-Ex-SEER17.1/instance-out.sql,0.00,0.00
CZ15/Gro&0&cDXHP&Ex&dxHP_equip/NE-dxHP-SplitHP-18to33-Ex-SEER18.1/instance-out.sql,0.00,0.00
CZ15/Gro&0&cDXHP&Ex&dxHP_equip/NE-dxHP-SplitHP-33to55-Ex-SEER14.3/instance-out.sql,0.00,0.00
CZ15/Gro&0&cDXHP&Ex&dxHP_equip/NE-dxHP-SplitHP-33to55-Ex-SEER15.2/instance-out.sql,0.00,0.00
CZ15/Gro&0&cDXHP&Ex&dxHP_equip/NE-dxHP-SplitHP-33to55-Ex-SEER16.2/instance-out.sql,0.00,0.00
CZ15/Gro&0&cDXHP&Ex&dxHP_equip/NE-dxHP-SplitHP-33to55-Ex-SEER17.1/instance-out.sql,0.00,0.00
CZ15/Gro&0&cDXHP&Ex&dxHP_equip/NE-dxHP-SplitHP-33to55-Ex-SEER18.1/instance-out.sql,0.00,0.00
CZ15/Hsp&0&cDXHP&Ex&dxHP_equip/NE-dxHP-PkgHP-18to33-Ex-SEER13.4/instance-out.sql,0.00,290.00
CZ15/Hsp&0&cDXHP&Ex&dxHP_equip/NE-dxHP-PkgHP-18to33-Ex-SEER15.2/instance-out.sql,0.00,290.00
CZ15/Hsp&0&cDXHP&Ex&dxHP_equip/NE-dxHP-PkgHP-18to33-Ex-SEER16.2/instance-out.sql,0.00,290.00
CZ15/Hsp&0&cDXHP&Ex&dxHP_equip/NE-dxHP-PkgHP-18to33-Ex-SEER17.1/instance-out.sql,0.00,290.00
CZ15/Hsp&0&cDXHP&Ex&dxHP_equip/NE-dxHP-PkgHP-18to33-Ex-SEER18.1/instance-out.sql,0.00,290.00
CZ15/Hsp&0&cDXHP&Ex&dxHP_equip/NE-dxHP-PkgHP-33to65-Ex-SEER13.4/instance-out.sql,0.00,290.00
CZ15/Hsp&0&cDXHP&Ex&dxHP_equip/NE-dxHP-PkgHP-33to65-Ex-SEER15.2/instance-out.sql,0.00,290.00
CZ15/Hsp&0&cDXHP&Ex&dxHP_equip/NE-dxHP-PkgHP-33to65-Ex-SEER16.2/instance-out.sql,0.00,290.00
CZ15/Hsp&0&cDXHP&Ex&dxHP_equip/NE-dxHP-PkgHP-33to65-Ex-SEER17.1/instance-out.sql,0.00,290.00
CZ15/Hsp&0&cDXHP&Ex&dxHP_equip/NE-dxHP-PkgHP-33to65-Ex-SEER18.1/instance-out.sql,0.00,290.00
CZ15/Hsp&0&cDXHP&Ex&dxHP_equip/NE-dxHP-SplitHP-18to33-Ex-SEER14.3/instance-out.sql,0.00,290.00
CZ15/Hsp&0&cDXHP&Ex&dxHP_equip/NE-dxHP-SplitHP-18to33-Ex-SEER15.2/instance-out.sql,0.00,290.00
CZ15/Hsp&0&cDXHP&Ex&dxHP_equip/NE-dxHP-SplitHP-18to33-Ex-SEER16.2/instance-out.sql,0.00,290.00
CZ15/Hsp&0&cDXHP&Ex&dxHP_equip/NE-dxHP-SplitHP-18to33-Ex-SEER17.1/instance-out.sql,0.00,290.00
CZ15/Hsp&0&cDXHP&Ex&dxHP_equip/NE-dxHP-SplitHP-18to33-Ex-SEER18.1/instance-out.sql,0.00,290.00
CZ15/Hsp&0&cDXHP&Ex&dxHP_equip/NE-dxHP-SplitHP-33to55-Ex-SEER14.3/instance-out.sql,0.00,290.00
CZ15/Hsp&0&cDXHP&Ex&dxHP_equip/NE-dxHP-SplitHP-33to55-Ex-SEER15.2/instance-out.sql,0.00,290.00
CZ15/Hsp&0&cDXHP&Ex&dxHP_equip/NE-dxHP-SplitHP-33to55-Ex-SEER16.2/instance-out.sql,0.00,290.00
CZ15/Hsp&0&cDXHP&Ex&dxHP_equip/NE-dxHP-SplitHP-33to55-Ex-SEER17.1/instance-out.sql,0.00,290.00
CZ15/Hsp&0&cDXHP&Ex&dxHP_equip/NE-dxHP-SplitHP-33to55-Ex-SEER18.1/instance-out.sql,0.00,290.00
CZ15/MBT&0&cDXHP&Ex&dxHP_equip/NE-dxHP-PkgHP-18to33-Ex-SEER13.4/instance-out.sql,0.00,479.00
CZ15/MBT&0&cDXHP&Ex&dxHP_equip/NE-dxHP-PkgHP-18to33-Ex-SEER15.2/instance-out.sql,0.00,479.00
CZ15/MBT&0&cDXHP&Ex&dxHP_equip/NE-dxHP-PkgHP-18to33-Ex-SEER16.2/instance-out.sql,0.00,479.00
CZ15/MBT&0&cDXHP&Ex&dxHP_equip/NE-dxHP-PkgHP-18to33-Ex-SEER17.1/instance-out.sql,0.00,479.00
CZ15/MBT&0&cDXHP&Ex&dxHP_equip/NE-dxHP-PkgHP-18to33-Ex-SEER18.1/instance-out.sql,0.00,479.00
CZ15/MBT&0&cDXHP&Ex&dxHP_equip/NE-dxHP-PkgHP-33to65-Ex-SEER13.4/instance-out.sql,0.00,479.00
CZ15/MBT&0&cDXHP&Ex&dxHP_equip/NE-dxHP-PkgHP-33to65-Ex-SEER15.2/instance-out.sql,0.00,479.00
CZ15/MBT&0&cDXHP&Ex&dxHP_equip/NE-dxHP-PkgHP-33to65-Ex-SEER16.2/instance-out.sql,0.00,479.00
CZ15/MBT&0&cDXHP&Ex&dxHP_equip/NE-dxHP-PkgHP-33to65-Ex-SEER17.1/instance-out.sql,0.00,479.00
CZ15/MBT&0&cDXHP&Ex&dxHP_equip/NE-dxHP-PkgHP-33to65-Ex-SEER18.1/instance-out.sql,0.00,479.00
CZ15/MBT&0&cDXHP&Ex&dxHP_equip/NE-dxHP-SplitHP-18to33-Ex-SEER14.3/instance-out.sql,0.00,479.00
CZ15/MBT&0&cDXHP&Ex&dxHP_equip/NE-dxHP-SplitHP-18to33-Ex-SEER15.2/instance-out.sql,0.00,479.00
CZ15/MBT&0&cDXHP&Ex&dxHP_equip/NE-dxHP-SplitHP-18to33-Ex-SEER16.2/instance-out.sql,0.00,479.00
CZ15/MBT&0&cDXHP&Ex&dxHP_equip/NE-dxHP-SplitHP-18to33-Ex-SEER17.1/instance-out.sql,0.00,479.00
CZ15/MBT&0&cDXHP&Ex&dxHP_equip/NE-dxHP-SplitHP-18to33-Ex-SEER18.1/instance-out.sql,0.00,479.00
CZ15/MBT&0&cDXHP&Ex&dxHP_equip/NE-dxHP-SplitHP-33to55-Ex-SEER14.3/instance-out.sql,0.00,479.00
CZ15/MBT&0&cDXHP&Ex&dxHP_equip/NE-dxHP-SplitHP-33to55-Ex-SEER15.2/instance-out.sql,0.00,479.00
CZ15/MBT&0&cDXHP&Ex&dxHP_equip/NE-dxHP-SplitHP-33to55-Ex-SEER16.2/instance-out.sql,0.00,479.00
CZ15/MBT&0&cDXHP&Ex&dxHP_equip/NE-dxHP-SplitHP-33to55-Ex-SEER17.1/instance-out.sql,0.00,479.00
CZ15/MBT&0&cDXHP&Ex&dxHP_equip/NE-dxHP-SplitHP-33to55-Ex-SEER18.1/instance-out.sql,0.00,479.00
CZ15/MLI&0&cDXHP&Ex&dxHP_equip/NE-dxHP-PkgHP-18to33-Ex-SEER13.4/instance-out.sql,0.00,4.00
CZ15/MLI&0&cDXHP&Ex&dxHP_equip/NE-dxHP-PkgHP-18to33-Ex-SEER15.2/instance-out.sql,0.00,4.00
CZ15/MLI&0&cDXHP&Ex&dxHP_equip/NE-dxHP-PkgHP-18to33-Ex-SEER16.2/instance-out.sql,0.00,4.00
CZ15/MLI&0&cDXHP&Ex&dxHP_equip/NE-dxHP-PkgHP-18to33-Ex-SEER17.1/instance-out.sql,0.00,4.00
CZ15/MLI&0&cDXHP&Ex&dxHP_equip/NE-dxHP-PkgHP-18to33-Ex-SEER18.1/instance-out.sql,0.00,4.00
CZ15/MLI&0&cDXHP&Ex&dxHP_equip/NE-dxHP-PkgHP-33to65-Ex-SEER13.4/instance-out.sql,0.00,4.00
CZ15/MLI&0&cDXHP&Ex&dxHP_equip/NE-dxHP-PkgHP-33to65-Ex-SEER15.2/instance-out.sql,0.00,4.00
CZ15/MLI&0&cDXHP&Ex&dxHP_equip/NE-dxHP-PkgHP-33to65-Ex-SEER16.2/instance-out.sql,0.00,4.00
CZ15/MLI&0&cDXHP&Ex&dxHP_equip/NE-dxHP-PkgHP-33to65-Ex-SEER17.1/instance-out.sql,0.00,4.00
CZ15/MLI&0&cDXHP&Ex&dxHP_equip/NE-dxHP-PkgHP-33to65-Ex-SEER18.1/instance-out.sql,0.00,4.00
CZ15/MLI&0&cDXHP&Ex&dxHP_equip/NE-dxHP-SplitHP-18to33-Ex-SEER14.3/instance-out.sql,0.00,4.00
CZ15/MLI&0&cDXHP&Ex&dxHP_equip/NE-dxHP-SplitHP-18to33-Ex-SEER15.2/instance-out.sql,0.00,4.00
CZ15/MLI&0&cDXHP&Ex&dxHP_equip/NE-dxHP-SplitHP-18to33-Ex-SEER16.2/instance-out.sql,0.00,4.00
CZ15/MLI&0&cDXHP&Ex&dxHP_equip/NE-dxHP-SplitHP-18to33-Ex-SEER17.1/instance-out.sql,0.00,4.00
CZ15/MLI&0&cDXHP&Ex&dxHP_equip/NE-dxHP-SplitHP-18to33-Ex-SEER18.1/instance-out.sql,0.00,4.00
CZ15/MLI&0&cDXHP&Ex&dxHP_equip/NE-dxHP-SplitHP-33to55-Ex-SEER14.3/instance-out.sql,0.00,4.00
CZ15/MLI&0&cDXHP&Ex&dxHP_equip/NE-dxHP-SplitHP-33to55-Ex-SEER15.2/instance-out.sql,0.00,4.00
CZ15/MLI&0&cDXHP&Ex&dxHP_equip/NE-dxHP-SplitHP-33to55-Ex-SEER16.2/instance-out.sql,0.00,4.00
CZ15/MLI&0&cDXHP&Ex&dxHP_equip/NE-dxHP-SplitHP-33to55-Ex-SEER17.1/instance-out.sql,0.00,4.00
CZ15/MLI&0&cDXHP&Ex&dxHP_equip/NE-dxHP-SplitHP-33to55-Ex-SEER18.1/instance-out.sql,0.00,4.00
CZ15/Mtl&0&cDXHP&Ex&dxHP_equip/NE-dxHP-PkgHP-18to33-Ex-SEER13.4/instance-out.sql,0.00,402.00
CZ15/Mtl&0&cDXHP&Ex&dxHP_equip/NE-dxHP-PkgHP-18to33-Ex-SEER15.2/instance-out.sql,0.00,402.00
CZ15/Mtl&0&cDXHP&Ex&dxHP_equip/NE-dxHP-PkgHP-18to33-Ex-SEER16.2/instance-out.sql,0.00,402.00
CZ15/Mtl&0&cDXHP&Ex&dxHP_equip/NE-dxHP-PkgHP-18to33-Ex-SEER17.1/instance-out.sql,0.00,402.00
CZ15/Mtl&0&cDXHP&Ex&dxHP_equip/NE-dxHP-PkgHP-18to33-Ex-SEER18.1/instance-out.sql,0.00,402.00
CZ15/Mtl&0&cDXHP&Ex&dxHP_equip/NE-dxHP-PkgHP-33to65-Ex-SEER13.4/instance-out.sql,0.00,402.00
CZ15/Mtl&0&cDXHP&Ex&dxHP_equip/NE-dxHP-PkgHP-33to65-Ex-SEER15.2/instance-out.sql,0.00,402.00
CZ15/Mtl&0&cDXHP&Ex&dxHP_equip/NE-dxHP-PkgHP-33to65-Ex-SEER16.2/instance-out.sql,0.00,402.00
CZ15/Mtl&0&cDXHP&Ex&dxHP_equip/NE-dxHP-PkgHP-33to65-Ex-SEER17.1/instance-out.sql,0.00,402.00
CZ15/Mtl&0&cDXHP&Ex&dxHP_equip/NE-dxHP-PkgHP-33to65-Ex-SEER18.1/instance-out.sql,0.00,402.00
CZ15/Mtl&0&cDXHP&Ex&dxHP_equip/NE-dxHP-SplitHP-18to33-Ex-SEER14.3/instance-out.sql,0.00,402.00
CZ15/Mtl&0&cDXHP&Ex&dxHP_equip/NE-dxHP-SplitHP-18to33-Ex-SEER15.2/instance-out.sql,0.00,402.00
CZ15/Mtl&0&cDXHP&Ex&dxHP_equip/NE-dxHP-SplitHP-18to33-Ex-SEER16.2/instance-out.sql,0.00,402.00
CZ15/Mtl&0&cDXHP&Ex&dxHP_equip/NE-dxHP-SplitHP-18to33-Ex-SEER17.1/instance-out.sql,0.00,402.00
CZ15/Mtl&0&cDXHP&Ex&dxHP_equip/NE-dxHP-SplitHP-18to33-Ex-SEER18.1/instance-out.sql,0.00,402.00
CZ15/Mtl&0&cDXHP&Ex&dxHP_equip/NE-dxHP-SplitHP-33to55-Ex-SEER14.3/instance-out.sql,0.00,402.00
CZ15/Mtl&0&cDXHP&Ex&dxHP_equip/NE-dxHP-SplitHP-33to55-Ex-SEER15.2/instance-out.sql,0.00,402.00
CZ15/Mtl&0&cDXHP&Ex&dxHP_equip/NE-dxHP-SplitHP-33to55-Ex-SEER16.2/instance-out.sql,0.00,402.00
CZ15/Mtl&0&cDXHP&Ex&dxHP_equip/NE-dxHP-SplitHP-33to55-Ex-SEER17.1/instance-out.sql,0.00,402.00
CZ15/Mtl&0&cDXHP&Ex&dxHP_equip/NE-dxHP-SplitHP-33to55-Ex-SEER18.1/instance-out.sql,0.00,402.00
CZ15/Nrs&0&cDXHP&Ex&dxHP_equip/NE-dxHP-PkgHP-18to33-Ex-SEER13.4/instance-out.sql,0.00,203.00
CZ15/Nrs&0&cDXHP&Ex&dxHP_equip/NE-dxHP-PkgHP-18to33-Ex-SEER15.2/instance-out.sql,0.00,203.00
CZ15/Nrs&0&cDXHP&Ex&dxHP_equip/NE-dxHP-PkgHP-18to33-Ex-SEER16.2/instance-out.sql,0.00,203.00
CZ15/Nrs&0&cDXHP&Ex&dxHP_equip/NE-dxHP-PkgHP-18to33-Ex-SEER17.1/instance-out.sql,0.00,203.00
CZ15/Nrs&0&cDXHP&Ex&dxHP_equip/NE-dxHP-PkgHP-18to33-Ex-SEER18.1/instance-out.sql,0.00,203.00
CZ15/Nrs&0&cDXHP&Ex&dxHP_equip/NE-dxHP-PkgHP-33to65-Ex-SEER13.4/instance-out.sql,0.00,203.00
CZ15/Nrs&0&cDXHP&Ex&dxHP_equip/NE-dxHP-PkgHP-33to65-Ex-SEER15.2/instance-out.sql,0.00,203.00
CZ15/Nrs&0&cDXHP&Ex&dxHP_equip/NE-dxHP-PkgHP-33to65-Ex-SEER16.2/instance-out.sql,0.00,203.00
CZ15/Nrs&0&cDXHP&Ex&dxHP_equip/NE-dxHP-PkgHP-33to65-Ex-SEER17.1/instance-out.sql,0.00,203.00
CZ15/Nrs&0&cDXHP&Ex&dxHP_equip/NE-dxHP-PkgHP-33to65-Ex-SEER18.1/instance-out.sql,0.00,203.00
CZ15/Nrs&0&cDXHP&Ex&dxHP_equip/NE-dxHP-SplitHP-18to33-Ex-SEER14.3/instance-out.sql,0.00,203.00
CZ15/Nrs&0&cDXHP&Ex&dxHP_equip/NE-dxHP-SplitHP-18to33-Ex-SEER15.2/instance-out.sql,0.00,203.00
CZ15/Nrs&0&cDXHP&Ex&dxHP_equip/NE-dxHP-SplitHP-18to33-Ex-SEER16.2/instance-out.sql,0.00,203.00
CZ15/Nrs&0&cDXHP&Ex&dxHP_equip/NE-dxHP-SplitHP-18to33-Ex-SEER17.1/instance-out.sql,0.00,203.00
CZ15/Nrs&0&cDXHP&Ex&dxHP_equip/NE-dxHP-SplitHP-18to33-Ex-SEER18.1/instance-out.sql,0.00,203.00
CZ15/Nrs&0&cDXHP&Ex&dxHP_equip/NE-dxHP-SplitHP-33to55-Ex-SEER14.3/instance-out.sql,0.00,203.00
CZ15/Nrs&0&cDXHP&Ex&dxHP_equip/NE-dxHP-SplitHP-33to55-Ex-SEER15.2/instance-out.sql,0.00,203.00
CZ15/Nrs&0&cDXHP&Ex&dxHP_equip/NE-dxHP-SplitHP-33to55-Ex-SEER16.2/instance-out.sql,0.00,203.00
CZ15/Nrs&0&cDXHP&Ex&dxHP_equip/NE-dxHP-SplitHP-33to55-Ex-SEER17.1/instance-out.sql,0.00,203.00
CZ15/Nrs&0&cDXHP&Ex&dxHP_equip/NE-dxHP-SplitHP-33to55-Ex-SEER18.1/instance-out.sql,0.00,203.00
CZ15/OfL&0&cDXHP&Ex&dxHP_equip/NE-dxHP-PkgHP-18to33-Ex-SEER13.4/instance-out.sql,0.00,571.00
CZ15/OfL&0&cDXHP&Ex&dxHP_equip/NE-dxHP-PkgHP-18to33-Ex-SEER15.2/instance-out.sql,0.00,571.00
CZ15/OfL&0&cDXHP&Ex&dxHP_equip/NE-dxHP-PkgHP-18to33-Ex-SEER16.2/instance-out.sql,0.00,571.00
CZ15/OfL&0&cDXHP&Ex&dxHP_equip/NE-dxHP-PkgHP-18to33-Ex-SEER17.1/instance-out.sql,0.00,571.00
CZ15/OfL&0&cDXHP&Ex&dxHP_equip/NE-dxHP-PkgHP-18to33-Ex-SEER18.1/instance-out.sql,0.00,571.00
CZ15/OfL&0&cDXHP&Ex&dxHP_equip/NE-dxHP-PkgHP-33to65-Ex-SEER13.4/instance-out.sql,0.00,571.00
CZ15/OfL&0&cDXHP&Ex&dxHP_equip/NE-dxHP-PkgHP-33to65-Ex-SEER15.2/instance-out.sql,0.00,571.00
CZ15/OfL&0&cDXHP&Ex&dxHP_equip/NE-dxHP-PkgHP-33to65-Ex-SEER16.2/instance-out.sql,0.00,571.00
CZ15/OfL&0&cDXHP&Ex&dxHP_equip/NE-dxHP-PkgHP-33to65-Ex-SEER17.1/instance-out.sql,0.00,571.00
CZ15/OfL&0&cDXHP&Ex&dxHP_equip/NE-dxHP-PkgHP-33to65-Ex-SEER18.1/instance-out.sql,0.00,571.00
CZ15/OfL&0&cDXHP&Ex&dxHP_equip/NE-dxHP-SplitHP-18to33-Ex-SEER14.3/instance-out.sql,0.00,571.00
CZ15/OfL&0&cDXHP&Ex&dxHP_equip/NE-dxHP-SplitHP-18to33-Ex-SEER15.2/instance-out.sql,0.00,571.00
CZ15/OfL&0&cDXHP&Ex&dxHP_equip/NE-dxHP-SplitHP-18to33-Ex-SEER16.2/instance-out.sql,0.00,571.00
CZ15/OfL&0&cDXHP&Ex&dxHP_equip/NE-dxHP-SplitHP-18to33-Ex-SEER17.1/instance-out.sql,0.00,571.00
CZ15/OfL&0&cDXHP&Ex&dxHP_equip/NE-dxHP-SplitHP-18to33-Ex-SEER18.1/instance-out.sql,0.00,571.00
CZ15/OfL&0&cDXHP&Ex&dxHP_equip/NE-dxHP-SplitHP-33to55-Ex-SEER14.3/instance-out.sql,0.00,571.00
CZ15/OfL&0&cDXHP&Ex&dxHP_equip/NE-dxHP-SplitHP-33to55-Ex-SEER15.2/instance-out.sql,0.00,571.00
CZ15/OfL&0&cDXHP&Ex&dxHP_equip/NE-dxHP-SplitHP-33to55-Ex-SEER16.2/instance-out.sql,0.00,571.00
CZ15/OfL&0&cDXHP&Ex&dxHP_equip/NE-dxHP-SplitHP-33to55-Ex-SEER17.1/instance-out.sql,0.00,571.00
CZ15/OfL&0&cDXHP&Ex&dxHP_equip/NE-dxHP-SplitHP-33to55-Ex-SEER18.1/instance-out.sql,0.00,571.00
CZ15/OfS&0&cDXHP&Ex&dxHP_equip/NE-dxHP-PkgHP-18to33-Ex-SEER13.4/instance-out.sql,0.00,528.00
CZ15/OfS&0&cDXHP&Ex&dxHP_equip/NE-dxHP-PkgHP-18to33-Ex-SEER15.2/instance-out.sql,0.00,528.00
CZ15/OfS&0&cDXHP&Ex&dxHP_equip/NE-dxHP-PkgHP-18to33-Ex-SEER16.2/instance-out.sql,0.00,528.00
CZ15/OfS&0&cDXHP&Ex&dxHP_equip/NE-dxHP-PkgHP-18to33-Ex-SEER17.1/instance-out.sql,0.00,528.00
CZ15/OfS&0&cDXHP&Ex&dxHP_equip/NE-dxHP-PkgHP-18to33-Ex-SEER18.1/instance-out.sql,0.00,528.00
CZ15/OfS&0&cDXHP&Ex&dxHP_equip/NE-dxHP-PkgHP-33to65-Ex-SEER13.4/instance-out.sql,0.00,528.00
CZ15/OfS&0&cDXHP&Ex&dxHP_equip/NE-dxHP-PkgHP-33to65-Ex-SEER15.2/instance-out.sql,0.00,528.00
CZ15/OfS&0&cDXHP&Ex&dxHP_equip/NE-dxHP-PkgHP-33to65-Ex-SEER16.2/instance-out.sql,0.00,528.00
CZ15/OfS&0&cDXHP&Ex&dxHP_equip/NE-dxHP-PkgHP-33to65-Ex-SEER17.1/instance-out.sql,0.00,528.00
CZ15/OfS&0&cDXHP&Ex&dxHP_equip/NE-dxHP-PkgHP-33to65-Ex-SEER18.1/instance-out.sql,0.00,528.00
CZ15/OfS&0&cDXHP&Ex&dxHP_equip/NE-dxHP-SplitHP-18to33-Ex-SEER14.3/instance-out.sql,0.00,528.00
CZ15/OfS&0&cDXHP&Ex&dxHP_equip/NE-dxHP-SplitHP-18to33-Ex-SEER15.2/instance-out.sql,0.00,528.00
CZ15/OfS&0&cDXHP&Ex&dxHP_equip/NE-dxHP-SplitHP-18to33-Ex-SEER16.2/instance-out.sql,0.00,528.00
CZ15/OfS&0&cDXHP&Ex&dxHP_equip/NE-dxHP-SplitHP-18to33-Ex-SEER17.1/instance-out.sql,0.00,528.00
CZ15/OfS&0&cDXHP&Ex&dxHP_equip/NE-dxHP-SplitHP-18to33-Ex-SEER18.1/instance-out.sql,0.00,528.00
CZ15/OfS&0&cDXHP&Ex&dxHP_equip/NE-dxHP-SplitHP-33to55-Ex-SEER14.3/instance-out.sql,0.00,528.00
CZ15/OfS&0&cDXHP&Ex&dxHP_equip/NE-dxHP-SplitHP-33to55-Ex-SEER15.2/instance-out.sql,0.00,528.00
CZ15/OfS&0&cDXHP&Ex&dxHP_equip/NE-dxHP-SplitHP-33to55-Ex-SEER16.2/instance-out.sql,0.00,528.00
CZ15/OfS&0&cDXHP&Ex&dxHP_equip/NE-dxHP-SplitHP-33to55-Ex-SEER17.1/instance-out.sql,0.00,528.00
CZ15/OfS&0&cDXHP&Ex&dxHP_equip/NE-dxHP-SplitHP-33to55-Ex-SEER18.1/instance-out.sql,0.00,528.00
CZ15/RFF&0&cDXHP&Ex&dxHP_equip/NE-dxHP-PkgHP-18to33-Ex-SEER13.4/instance-out.sql,0.00,2.00
CZ15/RFF&0&cDXHP&Ex&dxHP_equip/NE-dxHP-PkgHP-18to33-Ex-SEER15.2/instance-out.sql,0.00,2.00
CZ15/RFF&0&cDXHP&Ex&dxHP_equip/NE-dxHP-PkgHP-18to33-Ex-SEER16.2/instance-out.sql,0.00,2.00
CZ15/RFF&0&cDXHP&Ex&dxHP_equip/NE-dxHP-PkgHP-18to33-Ex-SEER17.1/instance-out.sql,0.00,2.00
CZ15/RFF&0&cDXHP&Ex&dxHP_equip/NE-dxHP-PkgHP-18to33-Ex-SEER18.1/instance-out.sql,0.00,2.00
CZ15/RFF&0&cDXHP&Ex&dxHP_equip/NE-dxHP-PkgHP-33to65-Ex-SEER13.4/instance-out.sql,0.00,2.00
CZ15/RFF&0&cDXHP&Ex&dxHP_equip/NE-dxHP-PkgHP-33to65-Ex-SEER15.2/instance-out.sql,0.00,2.00
CZ15/RFF&0&cDXHP&Ex&dxHP_equip/NE-dxHP-PkgHP-33to65-Ex-SEER16.2/instance-out.sql,0.00,2.00
CZ15/RFF&0&cDXHP&Ex&dxHP_equip/NE-dxHP-PkgHP-33to65-Ex-SEER17.1/instance-out.sql,0.00,2.00
CZ15/RFF&0&cDXHP&Ex&dxHP_equip/NE-dxHP-PkgHP-33to65-Ex-SEER18.1/instance-out.sql,0.00,2.00
CZ15/RFF&0&cDXHP&Ex&dxHP_equip/NE-dxHP-SplitHP-18to33-Ex-SEER14.3/instance-out.sql,0.00,2.00
CZ15/RFF&0&cDXHP&Ex&dxHP_equip/NE-dxHP-SplitHP-18to33-Ex-SEER15.2/instance-out.sql,0.00,2.00
CZ15/RFF&0&cDXHP&Ex&dxHP_equip/NE-dxHP-SplitHP-18to33-Ex-SEER16.2/instance-out.sql,0.00,2.00
CZ15/RFF&0&cDXHP&Ex&dxHP_equip/NE-dxHP-SplitHP-18to33-Ex-SEER17.1/instance-out.sql,0.00,2.00
CZ15/RFF&0&cDXHP&Ex&dxHP_equip/NE-dxHP-SplitHP-18to33-Ex-SEER18.1/instance-out.sql,0.00,2.00
CZ15/RFF&0&cDXHP&Ex&dxHP_equip/NE-dxHP-SplitHP-33to55-Ex-SEER14.3/instance-out.sql,0.00,2.00
CZ15/RFF&0&cDXHP&Ex&dxHP_equip/NE-dxHP-SplitHP-33to55-Ex-SEER15.2/instance-out.sql,0.00,2.00
CZ15/RFF&0&cDXHP&Ex&dxHP_equip/NE-dxHP-SplitHP-33to55-Ex-SEER16.2/instance-out.sql,0.00,2.00
CZ15/RFF&0&cDXHP&Ex&dxHP_equip/NE-dxHP-SplitHP-33to55-Ex-SEER17.1/instance-out.sql,0.00,2.00
CZ15/RFF&0&cDXHP&Ex&dxHP_equip/NE-dxHP-SplitHP-33to55-Ex-SEER18.1/instance-out.sql,0.00,2.00
CZ15/RSD&0&cDXHP&Ex&dxHP_equip/NE-dxHP-PkgHP-18to33-Ex-SEER13.4/instance-out.sql,0.00,0.00
CZ15/RSD&0&cDXHP&Ex&dxHP_equip/NE-dxHP-PkgHP-18to33-Ex-SEER15.2/instance-out.sql,0.00,0.00
CZ15/RSD&0&cDXHP&Ex&dxHP_equip/NE-dxHP-PkgHP-18to33-Ex-SEER16.2/instance-out.sql,0.00,0.00
CZ15/RSD&0&cDXHP&Ex&dxHP_equip/NE-dxHP-PkgHP-18to33-Ex-SEER17.1/instance-out.sql,0.00,0.00
CZ15/RSD&0&cDXHP&Ex&dxHP_equip/NE-dxHP-PkgHP-18to33-Ex-SEER18.1/instance-out.sql,0.00,0.00
CZ15/RSD&0&cDXHP&Ex&dxHP_equip/NE-dxHP-PkgHP-33to65-Ex-SEER13.4/instance-out.sql,0.00,0.00
CZ15/RSD&0&cDXHP&Ex&dxHP_equip/NE-dxHP-PkgHP-33to65-Ex-SEER15.2/instance-out.sql,0.00,0.00
CZ15/RSD&0&cDXHP&Ex&dxHP_equip/NE-dxHP-PkgHP-33to65-Ex-SEER16.2/instance-out.sql,0.00,0.00
CZ15/RSD&0&cDXHP&Ex&dxHP_equip/NE-dxHP-PkgHP-33to65-Ex-SEER17.1/instance-out.sql,0.00,0.00
CZ15/RSD&0&cDXHP&Ex&dxHP_equip/NE-dxHP-PkgHP-33to65-Ex-SEER18.1/instance-out.sql,0.00,0.00
CZ15/RSD&0&cDXHP&Ex&dxHP_equip/NE-dxHP-SplitHP-18to33-Ex-SEER14.3/instance-out.sql,0.00,0.00
CZ15/RSD&0&cDXHP&Ex&dxHP_equip/NE-dxHP-SplitHP-18to33-Ex-SEER15.2/instance-out.sql,0.00,0.00
CZ15/RSD&0&cDXHP&Ex&dxHP_equip/NE-dxHP-SplitHP-18to33-Ex-SEER16.2/instance-out.sql,0.00,0.00
CZ15/RSD&0&cDXHP&Ex&dxHP_equip/NE-dxHP-SplitHP-18to33-Ex-SEER17.1/instance-out.sql,0.00,0.00
CZ15/RSD&0&cDXHP&Ex&dxHP_equip/NE-dxHP-SplitHP-18to33-Ex-SEER18.1/instance-out.sql,0.00,0.00
CZ15/RSD&0&cDXHP&Ex&dxHP_equip/NE-dxHP-SplitHP-33to55-Ex-SEER14.3/instance-out.sql,0.00,0.00
CZ15/RSD&0&cDXHP&Ex&dxHP_equip/NE-dxHP-SplitHP-33to55-Ex-SEER15.2/instance-out.sql,0.00,0.00
CZ15/RSD&0&cDXHP&Ex&dxHP_equip/NE-dxHP-SplitHP-33to55-Ex-SEER16.2/instance-out.sql,0.00,0.00
CZ15/RSD&0&cDXHP&Ex&dxHP_equip/NE-dxHP-SplitHP-33to55-Ex-SEER17.1/instance-out.sql,0.00,0.00
CZ15/RSD&0&cDXHP&Ex&dxHP_equip/NE-dxHP-SplitHP-33to55-Ex-SEER18.1/instance-out.sql,0.00,0.00
CZ15/Rt3&0&cDXHP&Ex&dxHP_equip/NE-dxHP-PkgHP-18to33-Ex-SEER13.4/instance-out.sql,0.00,0.00
CZ15/Rt3&0&cDXHP&Ex&dxHP_equip/NE-dxHP-PkgHP-18to33-Ex-SEER15.2/instance-out.sql,0.00,0.00
CZ15/Rt3&0&cDXHP&Ex&dxHP_equip/NE-dxHP-PkgHP-18to33-Ex-SEER16.2/instance-out.sql,0.00,0.00
CZ15/Rt3&0&cDXHP&Ex&dxHP_equip/NE-dxHP-PkgHP-18to33-Ex-SEER17.1/instance-out.sql,0.00,0.00
CZ15/Rt3&0&cDXHP&Ex&dxHP_equip/NE-dxHP-PkgHP-18to33-Ex-SEER18.1/instance-out.sql,0.00,0.00
CZ15/Rt3&0&cDXHP&Ex&dxHP_equip/NE-dxHP-PkgHP-33to65-Ex-SEER13.4/instance-out.sql,0.00,0.00
CZ15/Rt3&0&cDXHP&Ex&dxHP_equip/NE-dxHP-PkgHP-33to65-Ex-SEER15.2/instance-out.sql,0.00,0.00
CZ15/Rt3&0&cDXHP&Ex&dxHP_equip/NE-dxHP-PkgHP-33to65-Ex-SEER16.2/instance-out.sql,0.00,0.00
CZ15/Rt3&0&cDXHP&Ex&dxHP_equip/NE-dxHP-PkgHP-33to65-Ex-SEER17.1/instance-out.sql,0.00,0.00
CZ15/Rt3&0&cDXHP&Ex&dxHP_equip/NE-dxHP-PkgHP-33to65-Ex-SEER18.1/instance-out.sql,0.00,0.00
CZ15/Rt3&0&cDXHP&Ex&dxHP_equip/NE-dxHP-SplitHP-18to33-Ex-SEER14.3/instance-out.sql,0.00,0.00
CZ15/Rt3&0&cDXHP&Ex&dxHP_equip/NE-dxHP-SplitHP-18to33-Ex-SEER15.2/instance-out.sql,0.00,0.00
CZ15/Rt3&0&cDXHP&Ex&dxHP_equip/NE-dxHP-SplitHP-18to33-Ex-SEER16.2/instance-out.sql,0.00,0.00
CZ15/Rt3&0&cDXHP&Ex&dxHP_equip/NE-dxHP-SplitHP-18to33-Ex-SEER17.1/instance-out.sql,0.00,0.00
CZ15/Rt3&0&cDXHP&Ex&dxHP_equip/NE-dxHP-SplitHP-18to33-Ex-SEER18.1/instance-out.sql,0.00,0.00
CZ15/Rt3&0&cDXHP&Ex&dxHP_equip/NE-dxHP-SplitHP-33to55-Ex-SEER14.3/instance-out.sql,0.00,0.00
CZ15/Rt3&0&cDXHP&Ex&dxHP_equip/NE-dxHP-SplitHP-33to55-Ex-SEER15.2/instance-out.sql,0.00,0.00
CZ15/Rt3&0&cDXHP&Ex&dxHP_equip/NE-dxHP-SplitHP-33to55-Ex-SEER16.2/instance-out.sql,0.00,0.00
CZ15/Rt3&0&cDXHP&Ex&dxHP_equip/NE-dxHP-SplitHP-33to55-Ex-SEER17.1/instance-out.sql,0.00,0.00
CZ15/Rt3&0&cDXHP&Ex&dxHP_equip/NE-dxHP-SplitHP-33to55-Ex-SEER18.1/instance-out.sql,0.00,0.00
CZ15/RtL&0&cDXHP&Ex&dxHP_equip/NE-dxHP-PkgHP-18to33-Ex-SEER13.4/instance-out.sql,0.00,0.00
CZ15/RtL&0&cDXHP&Ex&dxHP_equip/NE-dxHP-PkgHP-18to33-Ex-SEER15.2/instance-out.sql,0.00,0.00
CZ15/RtL&0&cDXHP&Ex&dxHP_equip/NE-dxHP-PkgHP-18to33-Ex-SEER16.2/instance-out.sql,0.00,0.00
CZ15/RtL&0&cDXHP&Ex&dxHP_equip/NE-dxHP-PkgHP-18to33-Ex-SEER17.1/instance-out.sql,0.00,0.00
CZ15/RtL&0&cDXHP&Ex&dxHP_equip/NE-dxHP-PkgHP-18to33-Ex-SEER18.1/instance-out.sql,0.00,0.00
CZ15/RtL&0&cDXHP&Ex&dxHP_equip/NE-dxHP-PkgHP-33to65-Ex-SEER13.4/instance-out.sql,0.00,0.00
CZ15/RtL&0&cDXHP&Ex&dxHP_equip/NE-dxHP-PkgHP-33to65-Ex-SEER15.2/instance-out.sql,0.00,0.00
CZ15/RtL&0&cDXHP&Ex&dxHP_equip/NE-dxHP-PkgHP-33to65-Ex-SEER16.2/instance-out.sql,0.00,0.00
CZ15/RtL&0&cDXHP&Ex&dxHP_equip/NE-dxHP-PkgHP-33to65-Ex-SEER17.1/instance-out.sql,0.00,0.00
CZ15/RtL&0&cDXHP&Ex&dxHP_equip/NE-dxHP-PkgHP-33to65-Ex-SEER18.1/instance-out.sql,0.00,0.00
CZ15/RtL&0&cDXHP&Ex&dxHP_equip/NE-dxHP-SplitHP-18to33-Ex-SEER14.3/instance-out.sql,0.00,0.00
CZ15/RtL&0&cDXHP&Ex&dxHP_equip/NE-dxHP-SplitHP-18to33-Ex-SEER15.2/instance-out.sql,0.00,0.00
CZ15/RtL&0&cDXHP&Ex&dxHP_equip/NE-dxHP-SplitHP-18to33-Ex-SEER16.2/instance-out.sql,0.00,0.00
CZ15/RtL&0&cDXHP&Ex&dxHP_equip/NE-dxHP-SplitHP-18to33-Ex-SEER17.1/instance-out.sql,0.00,0.00
CZ15/RtL&0&cDXHP&Ex&dxHP_equip/NE-dxHP-SplitHP-18to33-Ex-SEER18.1/instance-out.sql,0.00,0.00
CZ15/RtL&0&cDXHP&Ex&dxHP_equip/NE-dxHP-SplitHP-33to55-Ex-SEER14.3/instance-out.sql,0.00,0.00
CZ15/RtL&0&cDXHP&Ex&dxHP_equip/NE-dxHP-SplitHP-33to55-Ex-SEER15.2/instance-out.sql,0.00,0.00
CZ15/RtL&0&cDXHP&Ex&dxHP_equip/NE-dxHP-SplitHP-33to55-Ex-SEER16.2/instance-out.sql,0.00,0.00
CZ15/RtL&0&cDXHP&Ex&dxHP_equip/NE-dxHP-SplitHP-33to55-Ex-SEER17.1/instance-out.sql,0.00,0.00
CZ15/RtL&0&cDXHP&Ex&dxHP_equip/NE-dxHP-SplitHP-33to55-Ex-SEER18.1/instance-out.sql,0.00,0.00
CZ15/RtS&0&cDXHP&Ex&dxHP_equip/NE-dxHP-PkgHP-18to33-Ex-SEER13.4/instance-out.sql,0.00,0.00
CZ15/RtS&0&cDXHP&Ex&dxHP_equip/NE-dxHP-PkgHP-18to33-Ex-SEER15.2/instance-out.sql,0.00,0.00
CZ15/RtS&0&cDXHP&Ex&dxHP_equip/NE-dxHP-PkgHP-18to33-Ex-SEER16.2/instance-out.sql,0.00,0.00
CZ15/RtS&0&cDXHP&Ex&dxHP_equip/NE-dxHP-PkgHP-18to33-Ex-SEER17.1/instance-out.sql,0.00,0.00
CZ15/RtS&0&cDXHP&Ex&dxHP_equip/NE-dxHP-PkgHP-18to33-Ex-SEER18.1/instance-out.sql,0.00,0.00
CZ15/RtS&0&cDXHP&Ex&dxHP_equip/NE-dxHP-PkgHP-33to65-Ex-SEER13.4/instance-out.sql,0.00,0.00
CZ15/RtS&0&cDXHP&Ex&dxHP_equip/NE-dxHP-PkgHP-33to65-Ex-SEER15.2/instance-out.sql,0.00,0.00
CZ15/RtS&0&cDXHP&Ex&dxHP_equip/NE-dxHP-PkgHP-33to65-Ex-SEER16.2/instance-out.sql,0.00,0.00
CZ15/RtS&0&cDXHP&Ex&dxHP_equip/NE-dxHP-PkgHP-33to65-Ex-SEER17.1/instance-out.sql,0.00,0.00
CZ15/RtS&0&cDXHP&Ex&dxHP_equip/NE-dxHP-PkgHP-33to65-Ex-SEER18.1/instance-out.sql,0.00,0.00
CZ15/RtS&0&cDXHP&Ex&dxHP_equip/NE-dxHP-SplitHP-18to33-Ex-SEER14.3/instance-out.sql,0.00,0.00
CZ15/RtS&0&cDXHP&Ex&dxHP_equip/NE-dxHP-SplitHP-18to33-Ex-SEER15.2/instance-out.sql,0.00,0.00
CZ15/RtS&0&cDXHP&Ex&dxHP_equip/NE-dxHP-SplitHP-18to33-Ex-SEER16.2/instance-out.sql,0.00,0.00
CZ15/RtS&0&cDXHP&Ex&dxHP_equip/NE-dxHP-SplitHP-18to33-Ex-SEER17.1/instance-out.sql,0.00,0.00
CZ15/RtS&0&cDXHP&Ex&dxHP_equip/NE-dxHP-SplitHP-18to33-Ex-SEER18.1/instance-out.sql,0.00,0.00
CZ15/RtS&0&cDXHP&Ex&dxHP_equip/NE-dxHP-SplitHP-33to55-Ex-SEER14.3/instance-out.sql,0.00,0.00
CZ15/RtS&0&cDXHP&Ex&dxHP_equip/NE-dxHP-SplitHP-33to55-Ex-SEER15.2/instance-out.sql,0.00,0.00
CZ15/RtS&0&cDXHP&Ex&dxHP_equip/NE-dxHP-SplitHP-33to55-Ex-SEER16.2/instance-out.sql,0.00,0.00
CZ15/RtS&0&cDXHP&Ex&dxHP_equip/NE-dxHP-SplitHP-33to55-Ex-SEER17.1/instance-out.sql,0.00,0.00
CZ15/RtS&0&cDXHP&Ex&dxHP_equip/NE-dxHP-SplitHP-33to55-Ex-SEER18.1/instance-out.sql,0.00,0.00
CZ15/SCn&0&cDXHP&Ex&dxHP_equip/NE-dxHP-PkgHP-18to33-Ex-SEER13.4/instance-out.sql,0.00,0.00
CZ15/SCn&0&cDXHP&Ex&dxHP_equip/NE-dxHP-PkgHP-18to33-Ex-SEER15.2/instance-out.sql,0.00,0.00
CZ15/SCn&0&cDXHP&Ex&dxHP_equip/NE-dxHP-PkgHP-18to33-Ex-SEER16.2/instance-out.sql,0.00,0.00
CZ15/SCn&0&cDXHP&Ex&dxHP_equip/NE-dxHP-PkgHP-18to33-Ex-SEER17.1/instance-out.sql,0.00,0.00
CZ15/SCn&0&cDXHP&Ex&dxHP_equip/NE-dxHP-PkgHP-18to33-Ex-SEER18.1/instance-out.sql,0.00,0.00
CZ15/SCn&0&cDXHP&Ex&dxHP_equip/NE-dxHP-PkgHP-33to65-Ex-SEER13.4/instance-out.sql,0.00,0.00
CZ15/SCn&0&cDXHP&Ex&dxHP_equip/NE-dxHP-PkgHP-33to65-Ex-SEER15.2/instance-out.sql,0.00,0.00
CZ15/SCn&0&cDXHP&Ex&dxHP_equip/NE-dxHP-PkgHP-33to65-Ex-SEER16.2/instance-out.sql,0.00,0.00
CZ15/SCn&0&cDXHP&Ex&dxHP_equip/NE-dxHP-PkgHP-33to65-Ex-SEER17.1/instance-out.sql,0.00,0.00
CZ15/SCn&0&cDXHP&Ex&dxHP_equip/NE-dxHP-PkgHP-33to65-Ex-SEER18.1/instance-out.sql,0.00,0.00
CZ15/SCn&0&cDXHP&Ex&dxHP_equip/NE-dxHP-SplitHP-18to33-Ex-SEER14.3/instance-out.sql,0.00,0.00
CZ15/SCn&0&cDXHP&Ex&dxHP_equip/NE-dxHP-SplitHP-18to33-Ex-SEER15.2/instance-out.sql,0.00,0.00
CZ15/SCn&0&cDXHP&Ex&dxHP_equip/NE-dxHP-SplitHP-18to33-Ex-SEER16.2/instance-out.sql,0.00,0.00
CZ15/SCn&0&cDXHP&Ex&dxHP_equip/NE-dxHP-SplitHP-18to33-Ex-SEER17.1/instance-out.sql,0.00,0.00
CZ15/SCn&0&cDXHP&Ex&dxHP_equip/NE-dxHP-SplitHP-18to33-Ex-SEER18.1/instance-out.sql,0.00,0.00
CZ15/SCn&0&cDXHP&Ex&dxHP_equip/NE-dxHP-SplitHP-33to55-Ex-SEER14.3/instance-out.sql,0.00,0.00
CZ15/SCn&0&cDXHP&Ex&dxHP_equip/NE-dxHP-SplitHP-33to55-Ex-SEER15.2/instance-out.sql,0.00,0.00
CZ15/SCn&0&cDXHP&Ex&dxHP_equip/NE-dxHP-SplitHP-33to55-Ex-SEER16.2/instance-out.sql,0.00,0.00
CZ15/SCn&0&cDXHP&Ex&dxHP_equip/NE-dxHP-SplitHP-33to55-Ex-SEER17.1/instance-out.sql,0.00,0.00
CZ15/SCn&0&cDXHP&Ex&dxHP_equip/NE-dxHP-SplitHP-33to55-Ex-SEER18.1/instance-out.sql,0.00,0.00
CZ16/Asm&0&cDXHP&Ex&dxHP_equip/NE-dxHP-PkgHP-18to33-Ex-SEER13.4/instance-out.sql,2.00,0.00
CZ16/Asm&0&cDXHP&Ex&dxHP_equip/NE-dxHP-PkgHP-18to33-Ex-SEER15.2/instance-out.sql,2.00,0.00
CZ16/Asm&0&cDXHP&Ex&dxHP_equip/NE-dxHP-PkgHP-18to33-Ex-SEER16.2/instance-out.sql,2.00,0.00
CZ16/Asm&0&cDXHP&Ex&dxHP_equip/NE-dxHP-PkgHP-18to33-Ex-SEER17.1/instance-out.sql,2.00,0.00
CZ16/Asm&0&cDXHP&Ex&dxHP_equip/NE-dxHP-PkgHP-18to33-Ex-SEER18.1/instance-out.sql,2.00,0.00
CZ16/Asm&0&cDXHP&Ex&dxHP_equip/NE-dxHP-PkgHP-33to65-Ex-SEER13.4/instance-out.sql,2.00,0.00
CZ16/Asm&0&cDXHP&Ex&dxHP_equip/NE-dxHP-PkgHP-33to65-Ex-SEER15.2/instance-out.sql,2.00,0.00
CZ16/Asm&0&cDXHP&Ex&dxHP_equip/NE-dxHP-PkgHP-33to65-Ex-SEER16.2/instance-out.sql,2.00,0.00
CZ16/Asm&0&cDXHP&Ex&dxHP_equip/NE-dxHP-PkgHP-33to65-Ex-SEER17.1/instance-out.sql,2.00,0.00
CZ16/Asm&0&cDXHP&Ex&dxHP_equip/NE-dxHP-PkgHP-33to65-Ex-SEER18.1/instance-out.sql,2.00,0.00
CZ16/Asm&0&cDXHP&Ex&dxHP_equip/NE-dxHP-SplitHP-18to33-Ex-SEER14.3/instance-out.sql,2.00,0.00
CZ16/Asm&0&cDXHP&Ex&dxHP_equip/NE-dxHP-SplitHP-18to33-Ex-SEER15.2/instance-out.sql,2.00,0.00
CZ16/Asm&0&cDXHP&Ex&dxHP_equip/NE-dxHP-SplitHP-18to33-Ex-SEER16.2/instance-out.sql,2.00,0.00
CZ16/Asm&0&cDXHP&Ex&dxHP_equip/NE-dxHP-SplitHP-18to33-Ex-SEER17.1/instance-out.sql,2.00,0.00
CZ16/Asm&0&cDXHP&Ex&dxHP_equip/NE-dxHP-SplitHP-18to33-Ex-SEER18.1/instance-out.sql,2.00,0.00
CZ16/Asm&0&cDXHP&Ex&dxHP_equip/NE-dxHP-SplitHP-33to55-Ex-SEER14.3/instance-out.sql,2.00,0.00
CZ16/Asm&0&cDXHP&Ex&dxHP_equip/NE-dxHP-SplitHP-33to55-Ex-SEER15.2/instance-out.sql,2.00,0.00
CZ16/Asm&0&cDXHP&Ex&dxHP_equip/NE-dxHP-SplitHP-33to55-Ex-SEER16.2/instance-out.sql,2.00,0.00
CZ16/Asm&0&cDXHP&Ex&dxHP_equip/NE-dxHP-SplitHP-33to55-Ex-SEER17.1/instance-out.sql,2.00,0.00
CZ16/Asm&0&cDXHP&Ex&dxHP_equip/NE-dxHP-SplitHP-33to55-Ex-SEER18.1/instance-out.sql,2.00,0.00
CZ16/ECC&0&cDXHP&Ex&dxHP_equip/NE-dxHP-PkgHP-18to33-Ex-SEER13.4/instance-out.sql,1.00,4159.00
CZ16/ECC&0&cDXHP&Ex&dxHP_equip/NE-dxHP-PkgHP-18to33-Ex-SEER15.2/instance-out.sql,1.00,4159.00
CZ16/ECC&0&cDXHP&Ex&dxHP_equip/NE-dxHP-PkgHP-18to33-Ex-SEER16.2/instance-out.sql,1.00,4159.00
CZ16/ECC&0&cDXHP&Ex&dxHP_equip/NE-dxHP-PkgHP-18to33-Ex-SEER17.1/instance-out.sql,1.00,4159.00
CZ16/ECC&0&cDXHP&Ex&dxHP_equip/NE-dxHP-PkgHP-18to33-Ex-SEER18.1/instance-out.sql,1.00,4159.00
CZ16/ECC&0&cDXHP&Ex&dxHP_equip/NE-dxHP-PkgHP-33to65-Ex-SEER13.4/instance-out.sql,1.00,4159.00
CZ16/ECC&0&cDXHP&Ex&dxHP_equip/NE-dxHP-PkgHP-33to65-Ex-SEER15.2/instance-out.sql,1.00,4159.00
CZ16/ECC&0&cDXHP&Ex&dxHP_equip/NE-dxHP-PkgHP-33to65-Ex-SEER16.2/instance-out.sql,1.00,4159.00
CZ16/ECC&0&cDXHP&Ex&dxHP_equip/NE-dxHP-PkgHP-33to65-Ex-SEER17.1/instance-out.sql,1.00,4159.00
CZ16/ECC&0&cDXHP&Ex&dxHP_equip/NE-dxHP-PkgHP-33to65-Ex-SEER18.1/instance-out.sql,1.00,4159.00
CZ16/ECC&0&cDXHP&Ex&dxHP_equip/NE-dxHP-SplitHP-18to33-Ex-SEER14.3/instance-out.sql,1.00,4159.00
CZ16/ECC&0&cDXHP&Ex&dxHP_equip/NE-dxHP-SplitHP-18to33-Ex-SEER15.2/instance-out.sql,1.00,4159.00
CZ16/ECC&0&cDXHP&Ex&dxHP_equip/NE-dxHP-SplitHP-18to33-Ex-SEER16.2/instance-out.sql,1.00,4159.00
CZ16/ECC&0&cDXHP&Ex&dxHP_equip/NE-dxHP-SplitHP-18to33-Ex-SEER17.1/instance-out.sql,1.00,4159.00
CZ16/ECC&0&cDXHP&Ex&dxHP_equip/NE-dxHP-SplitHP-18to33-Ex-SEER18.1/instance-out.sql,1.00,4159.00
CZ16/ECC&0&cDXHP&Ex&dxHP_equip/NE-dxHP-SplitHP-33to55-Ex-SEER14.3/instance-out.sql,1.00,4159.00
CZ16/ECC&0&cDXHP&Ex&dxHP_equip/NE-dxHP-SplitHP-33to55-Ex-SEER15.2/instance-out.sql,1.00,4159.00
CZ16/ECC&0&cDXHP&Ex&dxHP_equip/NE-dxHP-SplitHP-33to55-Ex-SEER16.2/instance-out.sql,1.00,4159.00
CZ16/ECC&0&cDXHP&Ex&dxHP_equip/NE-dxHP-SplitHP-33to55-Ex-SEER17.1/instance-out.sql,1.00,4159.00
CZ16/ECC&0&cDXHP&Ex&dxHP_equip/NE-dxHP-SplitHP-33to55-Ex-SEER18.1/instance-out.sql,1.00,4159.00
CZ16/EPr&0&cDXHP&Ex&dxHP_equip/NE-dxHP-PkgHP-18to33-Ex-SEER13.4/instance-out.sql,2.00,0.00
CZ16/EPr&0&cDXHP&Ex&dxHP_equip/NE-dxHP-PkgHP-18to33-Ex-SEER15.2/instance-out.sql,2.00,0.00
CZ16/EPr&0&cDXHP&Ex&dxHP_equip/NE-dxHP-PkgHP-18to33-Ex-SEER16.2/instance-out.sql,2.00,0.00
CZ16/EPr&0&cDXHP&Ex&dxHP_equip/NE-dxHP-PkgHP-18to33-Ex-SEER17.1/instance-out.sql,2.00,0.00
CZ16/EPr&0&cDXHP&Ex&dxHP_equip/NE-dxHP-PkgHP-18to33-Ex-SEER18.1/instance-out.sql,2.00,0.00
CZ16/EPr&0&cDXHP&Ex&dxHP_equip/NE-dxHP-PkgHP-33to65-Ex-SEER13.4/instance-out.sql,2.00,0.00
CZ16/EPr&0&cDXHP&Ex&dxHP_equip/NE-dxHP-PkgHP-33to65-Ex-SEER15.2/instance-out.sql,2.00,0.00
CZ16/EPr&0&cDXHP&Ex&dxHP_equip/NE-dxHP-PkgHP-33to65-Ex-SEER16.2/instance-out.sql,2.00,0.00
CZ16/EPr&0&cDXHP&Ex&dxHP_equip/NE-dxHP-PkgHP-33to65-Ex-SEER17.1/instance-out.sql,2.00,0.00
CZ16/EPr&0&cDXHP&Ex&dxHP_equip/NE-dxHP-PkgHP-33to65-Ex-SEER18.1/instance-out.sql,2.00,0.00
CZ16/EPr&0&cDXHP&Ex&dxHP_equip/NE-dxHP-SplitHP-18to33-Ex-SEER14.3/instance-out.sql,2.00,0.00
CZ16/EPr&0&cDXHP&Ex&dxHP_equip/NE-dxHP-SplitHP-18to33-Ex-SEER15.2/instance-out.sql,2.00,0.00
CZ16/EPr&0&cDXHP&Ex&dxHP_equip/NE-dxHP-SplitHP-18to33-Ex-SEER16.2/instance-out.sql,2.00,0.00
CZ16/EPr&0&cDXHP&Ex&dxHP_equip/NE-dxHP-SplitHP-18to33-Ex-SEER17.1/instance-out.sql,2.00,0.00
CZ16/EPr&0&cDXHP&Ex&dxHP_equip/NE-dxHP-SplitHP-18to33-Ex-SEER18.1/instance-out.sql,2.00,0.00
CZ16/EPr&0&cDXHP&Ex&dxHP_equip/NE-dxHP-SplitHP-33to55-Ex-SEER14.3/instance-out.sql,2.00,0.00
CZ16/EPr&0&cDXHP&Ex&dxHP_equip/NE-dxHP-SplitHP-33to55-Ex-SEER15.2/instance-out.sql,2.00,0.00
CZ16/EPr&0&cDXHP&Ex&dxHP_equip/NE-dxHP-SplitHP-33to55-Ex-SEER16.2/instance-out.sql,2.00,0.00
CZ16/EPr&0&cDXHP&Ex&dxHP_equip/NE-dxHP-SplitHP-33to55-Ex-SEER17.1/instance-out.sql,2.00,0.00
CZ16/EPr&0&cDXHP&Ex&dxHP_equip/NE-dxHP-SplitHP-33to55-Ex-SEER18.1/instance-out.sql,2.00,0.00
CZ16/ERC&0&cDXHP&Ex&dxHP_equip/NE-dxHP-PkgHP-18to33-Ex-SEER13.4/instance-out.sql,1.00,0.00
CZ16/ERC&0&cDXHP&Ex&dxHP_equip/NE-dxHP-PkgHP-18to33-Ex-SEER15.2/instance-out.sql,1.00,0.00
CZ16/ERC&0&cDXHP&Ex&dxHP_equip/NE-dxHP-PkgHP-18to33-Ex-SEER16.2/instance-out.sql,1.00,0.00
CZ16/ERC&0&cDXHP&Ex&dxHP_equip/NE-dxHP-PkgHP-18to33-Ex-SEER17.1/instance-out.sql,1.00,0.00
CZ16/ERC&0&cDXHP&Ex&dxHP_equip/NE-dxHP-PkgHP-18to33-Ex-SEER18.1/instance-out.sql,1.00,0.00
CZ16/ERC&0&cDXHP&Ex&dxHP_equip/NE-dxHP-PkgHP-33to65-Ex-SEER13.4/instance-out.sql,1.00,0.00
CZ16/ERC&0&cDXHP&Ex&dxHP_equip/NE-dxHP-PkgHP-33to65-Ex-SEER15.2/instance-out.sql,1.00,0.00
CZ16/ERC&0&cDXHP&Ex&dxHP_equip/NE-dxHP-PkgHP-33to65-Ex-SEER16.2/instance-out.sql,1.00,0.00
CZ16/ERC&0&cDXHP&Ex&dxHP_equip/NE-dxHP-PkgHP-33to65-Ex-SEER17.1/instance-out.sql,1.00,0.00
CZ16/ERC&0&cDXHP&Ex&dxHP_equip/NE-dxHP-PkgHP-33to65-Ex-SEER18.1/instance-out.sql,1.00,0.00
CZ16/ERC&0&cDXHP&Ex&dxHP_equip/NE-dxHP-SplitHP-18to33-Ex-SEER14.3/instance-out.sql,1.00,0.00
CZ16/ERC&0&cDXHP&Ex&dxHP_equip/NE-dxHP-SplitHP-18to33-Ex-SEER15.2/instance-out.sql,1.00,0.00
CZ16/ERC&0&cDXHP&Ex&dxHP_equip/NE-dxHP-SplitHP-18to33-Ex-SEER16.2/instance-out.sql,1.00,0.00
CZ16/ERC&0&cDXHP&Ex&dxHP_equip/NE-dxHP-SplitHP-18to33-Ex-SEER17.1/instance-out.sql,1.00,0.00
CZ16/ERC&0&cDXHP&Ex&dxHP_equip/NE-dxHP-SplitHP-18to33-Ex-SEER18.1/instance-out.sql,1.00,0.00
CZ16/ERC&0&cDXHP&Ex&dxHP_equip/NE-dxHP-SplitHP-33to55-Ex-SEER14.3/instance-out.sql,1.00,0.00
CZ16/ERC&0&cDXHP&Ex&dxHP_equip/NE-dxHP-SplitHP-33to55-Ex-SEER15.2/instance-out.sql,1.00,0.00
CZ16/ERC&0&cDXHP&Ex&dxHP_equip/NE-dxHP-SplitHP-33to55-Ex-SEER16.2/instance-out.sql,1.00,0.00
CZ16/ERC&0&cDXHP&Ex&dxHP_equip/NE-dxHP-SplitHP-33to55-Ex-SEER17.1/instance-out.sql,1.00,0.00
CZ16/ERC&0&cDXHP&Ex&dxHP_equip/NE-dxHP-SplitHP-33to55-Ex-SEER18.1/instance-out.sql,1.00,0.00
CZ16/ESe&0&cDXHP&Ex&dxHP_equip/NE-dxHP-PkgHP-18to33-Ex-SEER13.4/instance-out.sql,1.00,0.00
CZ16/ESe&0&cDXHP&Ex&dxHP_equip/NE-dxHP-PkgHP-18to33-Ex-SEER15.2/instance-out.sql,1.00,0.00
CZ16/ESe&0&cDXHP&Ex&dxHP_equip/NE-dxHP-PkgHP-18to33-Ex-SEER16.2/instance-out.sql,1.00,0.00
CZ16/ESe&0&cDXHP&Ex&dxHP_equip/NE-dxHP-PkgHP-18to33-Ex-SEER17.1/instance-out.sql,1.00,0.00
CZ16/ESe&0&cDXHP&Ex&dxHP_equip/NE-dxHP-PkgHP-18to33-Ex-SEER18.1/instance-out.sql,1.00,0.00
CZ16/ESe&0&cDXHP&Ex&dxHP_equip/NE-dxHP-PkgHP-33to65-Ex-SEER13.4/instance-out.sql,1.00,0.00
CZ16/ESe&0&cDXHP&Ex&dxHP_equip/NE-dxHP-PkgHP-33to65-Ex-SEER15.2/instance-out.sql,1.00,0.00
CZ16/ESe&0&cDXHP&Ex&dxHP_equip/NE-dxHP-PkgHP-33to65-Ex-SEER16.2/instance-out.sql,1.00,0.00
CZ16/ESe&0&cDXHP&Ex&dxHP_equip/NE-dxHP-PkgHP-33to65-Ex-SEER17.1/instance-out.sql,1.00,0.00
CZ16/ESe&0&cDXHP&Ex&dxHP_equip/NE-dxHP-PkgHP-33to65-Ex-SEER18.1/instance-out.sql,1.00,0.00
CZ16/ESe&0&cDXHP&Ex&dxHP_equip/NE-dxHP-SplitHP-18to33-Ex-SEER14.3/instance-out.sql,1.00,0.00
CZ16/ESe&0&cDXHP&Ex&dxHP_equip/NE-dxHP-SplitHP-18to33-Ex-SEER15.2/instance-out.sql,1.00,0.00
CZ16/ESe&0&cDXHP&Ex&dxHP_equip/NE-dxHP-SplitHP-18to33-Ex-SEER16.2/instance-out.sql,1.00,0.00
CZ16/ESe&0&cDXHP&Ex&dxHP_equip/NE-dxHP-SplitHP-18to33-Ex-SEER17.1/instance-out.sql,1.00,0.00
CZ16/ESe&0&cDXHP&Ex&dxHP_equip/NE-dxHP-SplitHP-18to33-Ex-SEER18.1/instance-out.sql,1.00,0.00
CZ16/ESe&0&cDXHP&Ex&dxHP_equip/NE-dxHP-SplitHP-33to55-Ex-SEER14.3/instance-out.sql,1.00,0.00
CZ16/ESe&0&cDXHP&Ex&dxHP_equip/NE-dxHP-SplitHP-33to55-Ex-SEER15.2/instance-out.sql,1.00,0.00
CZ16/ESe&0&cDXHP&Ex&dxHP_equip/NE-dxHP-SplitHP-33to55-Ex-SEER16.2/instance-out.sql,1.00,0.00
CZ16/ESe&0&cDXHP&Ex&dxHP_equip/NE-dxHP-SplitHP-33to55-Ex-SEER17.1/instance-out.sql,1.00,0.00
CZ16/ESe&0&cDXHP&Ex&dxHP_equip/NE-dxHP-SplitHP-33to55-Ex-SEER18.1/instance-out.sql,1.00,0.00
CZ16/EUn&0&cDXHP&Ex&dxHP_equip/NE-dxHP-PkgHP-18to33-Ex-SEER13.4/instance-out.sql,8.00,437.00
CZ16/EUn&0&cDXHP&Ex&dxHP_equip/NE-dxHP-PkgHP-18to33-Ex-SEER15.2/instance-out.sql,8.00,437.00
CZ16/EUn&0&cDXHP&Ex&dxHP_equip/NE-dxHP-PkgHP-18to33-Ex-SEER16.2/instance-out.sql,8.00,437.00
CZ16/EUn&0&cDXHP&Ex&dxHP_equip/NE-dxHP-PkgHP-18to33-Ex-SEER17.1/instance-out.sql,8.00,437.00
CZ16/EUn&0&cDXHP&Ex&dxHP_equip/NE-dxHP-PkgHP-18to33-Ex-SEER18.1/instance-out.sql,8.00,437.00
CZ16/EUn&0&cDXHP&Ex&dxHP_equip/NE-dxHP-PkgHP-33to65-Ex-SEER13.4/instance-out.sql,8.00,437.00
CZ16/EUn&0&cDXHP&Ex&dxHP_equip/NE-dxHP-PkgHP-33to65-Ex-SEER15.2/instance-out.sql,8.00,437.00
CZ16/EUn&0&cDXHP&Ex&dxHP_equip/NE-dxHP-PkgHP-33to65-Ex-SEER16.2/instance-out.sql,8.00,437.00
CZ16/EUn&0&cDXHP&Ex&dxHP_equip/NE-dxHP-PkgHP-33to65-Ex-SEER17.1/instance-out.sql,8.00,437.00
CZ16/EUn&0&cDXHP&Ex&dxHP_equip/NE-dxHP-PkgHP-33to65-Ex-SEER18.1/instance-out.sql,8.00,437.00
CZ16/EUn&0&cDXHP&Ex&dxHP_equip/NE-dxHP-SplitHP-18to33-Ex-SEER14.3/instance-out.sql,8.00,437.00
CZ16/EUn&0&cDXHP&Ex&dxHP_equip/NE-dxHP-SplitHP-18to33-Ex-SEER15.2/instance-out.sql,8.00,437.00
CZ16/EUn&0&cDXHP&Ex&dxHP_equip/NE-dxHP-SplitHP-18to33-Ex-SEER16.2/instance-out.sql,8.00,437.00
CZ16/EUn&0&cDXHP&Ex&dxHP_equip/NE-dxHP-SplitHP-18to33-Ex-SEER17.1/instance-out.sql,8.00,437.00
CZ16/EUn&0&cDXHP&Ex&dxHP_equip/NE-dxHP-SplitHP-18to33-Ex-SEER18.1/instance-out.sql,8.00,437.00
CZ16/EUn&0&cDXHP&Ex&dxHP_equip/NE-dxHP-SplitHP-33to55-Ex-SEER14.3/instance-out.sql,8.00,437.00
CZ16/EUn&0&cDXHP&Ex&dxHP_equip/NE-dxHP-SplitHP-33to55-Ex-SEER15.2/instance-out.sql,8.00,437.00
CZ16/EUn&0&cDXHP&Ex&dxHP_equip/NE-dxHP-SplitHP-33to55-Ex-SEER16.2/instance-out.sql,8.00,437.00
CZ16/EUn&0&cDXHP&Ex&dxHP_equip/NE-dxHP-SplitHP-33to55-Ex-SEER17.1/instance-out.sql,8.00,437.00
CZ16/EUn&0&cDXHP&Ex&dxHP_equip/NE-dxHP-SplitHP-33to55-Ex-SEER18.1/instance-out.sql,8.00,437.00
CZ16/Gro&0&cDXHP&Ex&dxHP_equip/NE-dxHP-PkgHP-18to33-Ex-SEER13.4/instance-out.sql,7.00,0.00
CZ16/Gro&0&cDXHP&Ex&dxHP_equip/NE-dxHP-PkgHP-18to33-Ex-SEER15.2/instance-out.sql,7.00,0.00
CZ16/Gro&0&cDXHP&Ex&dxHP_equip/NE-dxHP-PkgHP-18to33-Ex-SEER16.2/instance-out.sql,7.00,0.00
CZ16/Gro&0&cDXHP&Ex&dxHP_equip/NE-dxHP-PkgHP-18to33-Ex-SEER17.1/instance-out.sql,7.00,0.00
CZ16/Gro&0&cDXHP&Ex&dxHP_equip/NE-dxHP-PkgHP-18to33-Ex-SEER18.1/instance-out.sql,7.00,0.00
CZ16/Gro&0&cDXHP&Ex&dxHP_equip/NE-dxHP-PkgHP-33to65-Ex-SEER13.4/instance-out.sql,7.00,0.00
CZ16/Gro&0&cDXHP&Ex&dxHP_equip/NE-dxHP-PkgHP-33to65-Ex-SEER15.2/instance-out.sql,7.00,0.00
CZ16/Gro&0&cDXHP&Ex&dxHP_equip/NE-dxHP-PkgHP-33to65-Ex-SEER16.2/instance-out.sql,7.00,0.00
CZ16/Gro&0&cDXHP&Ex&dxHP_equip/NE-dxHP-PkgHP-33to65-Ex-SEER17.1/instance-out.sql,7.00,0.00
CZ16/Gro&0&cDXHP&Ex&dxHP_equip/NE-dxHP-PkgHP-33to65-Ex-SEER18.1/instance-out.sql,7.00,0.00
CZ16/Gro&0&cDXHP&Ex&dxHP_equip/NE-dxHP-SplitHP-18to33-Ex-SEER14.3/instance-out.sql,7.00,0.00
CZ16/Gro&0&cDXHP&Ex&dxHP_equip/NE-dxHP-SplitHP-18to33-Ex-SEER15.2/instance-out.sql,7.00,0.00
CZ16/Gro&0&cDXHP&Ex&dxHP_equip/NE-dxHP-SplitHP-18to33-Ex-SEER16.2/instance-out.sql,7.00,0.00
CZ16/Gro&0&cDXHP&Ex&dxHP_equip/NE-dxHP-SplitHP-18to33-Ex-SEER17.1/instance-out.sql,7.00,0.00
CZ16/Gro&0&cDXHP&Ex&dxHP_equip/NE-dxHP-SplitHP-18to33-Ex-SEER18.1/instance-out.sql,7.00,0.00
CZ16/Gro&0&cDXHP&Ex&dxHP_equip/NE-dxHP-SplitHP-33to55-Ex-SEER14.3/instance-out.sql,7.00,0.00
CZ16/Gro&0&cDXHP&Ex&dxHP_equip/NE-dxHP-SplitHP-33to55-Ex-SEER15.2/instance-out.sql,7.00,0.00
CZ16/Gro&0&cDXHP&Ex&dxHP_equip/NE-dxHP-SplitHP-33to55-Ex-SEER16.2/instance-out.sql,7.00,0.00
CZ16/Gro&0&cDXHP&Ex&dxHP_equip/NE-dxHP-SplitHP-33to55-Ex-SEER17.1/instance-out.sql,7.00,0.00
CZ16/Gro&0&cDXHP&Ex&dxHP_equip/NE-dxHP-SplitHP-33to55-Ex-SEER18.1/instance-out.sql,7.00,0.00
CZ16/Hsp&0&cDXHP&Ex&dxHP_equip/NE-dxHP-PkgHP-18to33-Ex-SEER13.4/instance-out.sql,11.00,130.00
CZ16/Hsp&0&cDXHP&Ex&dxHP_equip/NE-dxHP-PkgHP-18to33-Ex-SEER15.2/instance-out.sql,11.00,130.00
CZ16/Hsp&0&cDXHP&Ex&dxHP_equip/NE-dxHP-PkgHP-18to33-Ex-SEER16.2/instance-out.sql,11.00,130.00
CZ16/Hsp&0&cDXHP&Ex&dxHP_equip/NE-dxHP-PkgHP-18to33-Ex-SEER17.1/instance-out.sql,11.00,130.00
CZ16/Hsp&0&cDXHP&Ex&dxHP_equip/NE-dxHP-PkgHP-18to33-Ex-SEER18.1/instance-out.sql,11.00,130.00
CZ16/Hsp&0&cDXHP&Ex&dxHP_equip/NE-dxHP-PkgHP-33to65-Ex-SEER13.4/instance-out.sql,11.00,130.00
CZ16/Hsp&0&cDXHP&Ex&dxHP_equip/NE-dxHP-PkgHP-33to65-Ex-SEER15.2/instance-out.sql,11.00,130.00
CZ16/Hsp&0&cDXHP&Ex&dxHP_equip/NE-dxHP-PkgHP-33to65-Ex-SEER16.2/instance-out.sql,11.00,130.00
CZ16/Hsp&0&cDXHP&Ex&dxHP_equip/NE-dxHP-PkgHP-33to65-Ex-SEER17.1/instance-out.sql,11.00,130.00
CZ16/Hsp&0&cDXHP&Ex&dxHP_equip/NE-dxHP-PkgHP-33to65-Ex-SEER18.1/instance-out.sql,11.00,130.00
CZ16/Hsp&0&cDXHP&Ex&dxHP_equip/NE-dxHP-SplitHP-18to33-Ex-SEER14.3/instance-out.sql,11.00,130.00
CZ16/Hsp&0&cDXHP&Ex&dxHP_equip/NE-dxHP-SplitHP-18to33-Ex-SEER15.2/instance-out.sql,11.00,130.00
CZ16/Hsp&0&cDXHP&Ex&dxHP_equip/NE-dxHP-SplitHP-18to33-Ex-SEER16.2/instance-out.sql,11.00,130.00
CZ16/Hsp&0&cDXHP&Ex&dxHP_equip/NE-dxHP-SplitHP-18to33-Ex-SEER17.1/instance-out.sql,11.00,130.00
CZ16/Hsp&0&cDXHP&Ex&dxHP_equip/NE-dxHP-SplitHP-18to33-Ex-SEER18.1/instance-out.sql,11.00,130.00
CZ16/Hsp&0&cDXHP&Ex&dxHP_equip/NE-dxHP-SplitHP-33to55-Ex-SEER14.3/instance-out.sql,11.00,130.00
CZ16/Hsp&0&cDXHP&Ex&dxHP_equip/NE-dxHP-SplitHP-33to55-Ex-SEER15.2/instance-out.sql,11.00,130.00
CZ16/Hsp&0&cDXHP&Ex&dxHP_equip/NE-dxHP-SplitHP-33to55-Ex-SEER16.2/instance-out.sql,11.00,130.00
CZ16/Hsp&0&cDXHP&Ex&dxHP_equip/NE-dxHP-SplitHP-33to55-Ex-SEER17.1/instance-out.sql,11.00,130.00
CZ16/Hsp&0&cDXHP&Ex&dxHP_equip/NE-dxHP-SplitHP-33to55-Ex-SEER18.1/instance-out.sql,11.00,130.00
CZ16/MBT&0&cDXHP&Ex&dxHP_equip/NE-dxHP-PkgHP-18to33-Ex-SEER13.4/instance-out.sql,17.00,323.00
CZ16/MBT&0&cDXHP&Ex&dxHP_equip/NE-dxHP-PkgHP-18to33-Ex-SEER15.2/instance-out.sql,17.00,323.00
CZ16/MBT&0&cDXHP&Ex&dxHP_equip/NE-dxHP-PkgHP-18to33-Ex-SEER16.2/instance-out.sql,17.00,323.00
CZ16/MBT&0&cDXHP&Ex&dxHP_equip/NE-dxHP-PkgHP-18to33-Ex-SEER17.1/instance-out.sql,17.00,323.00
CZ16/MBT&0&cDXHP&Ex&dxHP_equip/NE-dxHP-PkgHP-18to33-Ex-SEER18.1/instance-out.sql,17.00,323.00
CZ16/MBT&0&cDXHP&Ex&dxHP_equip/NE-dxHP-PkgHP-33to65-Ex-SEER13.4/instance-out.sql,17.00,323.00
CZ16/MBT&0&cDXHP&Ex&dxHP_equip/NE-dxHP-PkgHP-33to65-Ex-SEER15.2/instance-out.sql,17.00,323.00
CZ16/MBT&0&cDXHP&Ex&dxHP_equip/NE-dxHP-PkgHP-33to65-Ex-SEER16.2/instance-out.sql,17.00,323.00
CZ16/MBT&0&cDXHP&Ex&dxHP_equip/NE-dxHP-PkgHP-33to65-Ex-SEER17.1/instance-out.sql,17.00,323.00
CZ16/MBT&0&cDXHP&Ex&dxHP_equip/NE-dxHP-PkgHP-33to65-Ex-SEER18.1/instance-out.sql,17.00,323.00
CZ16/MBT&0&cDXHP&Ex&dxHP_equip/NE-dxHP-SplitHP-18to33-Ex-SEER14.3/instance-out.sql,17.00,323.00
CZ16/MBT&0&cDXHP&Ex&dxHP_equip/NE-dxHP-SplitHP-18to33-Ex-SEER15.2/instance-out.sql,17.00,323.00
CZ16/MBT&0&cDXHP&Ex&dxHP_equip/NE-dxHP-SplitHP-18to33-Ex-SEER16.2/instance-out.sql,17.00,323.00
CZ16/MBT&0&cDXHP&Ex&dxHP_equip/NE-dxHP-SplitHP-18to33-Ex-SEER17.1/instance-out.sql,17.00,323.00
CZ16/MBT&0&cDXHP&Ex&dxHP_equip/NE-dxHP-SplitHP-18to33-Ex-SEER18.1/instance-out.sql,17.00,323.00
CZ16/MBT&0&cDXHP&Ex&dxHP_equip/NE-dxHP-SplitHP-33to55-Ex-SEER14.3/instance-out.sql,17.00,323.00
CZ16/MBT&0&cDXHP&Ex&dxHP_equip/NE-dxHP-SplitHP-33to55-Ex-SEER15.2/instance-out.sql,17.00,323.00
CZ16/MBT&0&cDXHP&Ex&dxHP_equip/NE-dxHP-SplitHP-33to55-Ex-SEER16.2/instance-out.sql,17.00,323.00
CZ16/MBT&0&cDXHP&Ex&dxHP_equip/NE-dxHP-SplitHP-33to55-Ex-SEER17.1/instance-out.sql,17.00,323.00
CZ16/MBT&0&cDXHP&Ex&dxHP_equip/NE-dxHP-SplitHP-33to55-Ex-SEER18.1/instance-out.sql,17.00,323.00
CZ16/MLI&0&cDXHP&Ex&dxHP_equip/NE-dxHP-PkgHP-18to33-Ex-SEER13.4/instance-out.sql,11.00,0.00
CZ16/MLI&0&cDXHP&Ex&dxHP_equip/NE-dxHP-PkgHP-18to33-Ex-SEER15.2/instance-out.sql,11.00,0.00
CZ16/MLI&0&cDXHP&Ex&dxHP_equip/NE-dxHP-PkgHP-18to33-Ex-SEER16.2/instance-out.sql,11.00,0.00
CZ16/MLI&0&cDXHP&Ex&dxHP_equip/NE-dxHP-PkgHP-18to33-Ex-SEER17.1/instance-out.sql,11.00,0.00
CZ16/MLI&0&cDXHP&Ex&dxHP_equip/NE-dxHP-PkgHP-18to33-Ex-SEER18.1/instance-out.sql,11.00,0.00
CZ16/MLI&0&cDXHP&Ex&dxHP_equip/NE-dxHP-PkgHP-33to65-Ex-SEER13.4/instance-out.sql,11.00,0.00
CZ16/MLI&0&cDXHP&Ex&dxHP_equip/NE-dxHP-PkgHP-33to65-Ex-SEER15.2/instance-out.sql,11.00,0.00
CZ16/MLI&0&cDXHP&Ex&dxHP_equip/NE-dxHP-PkgHP-33to65-Ex-SEER16.2/instance-out.sql,11.00,0.00
CZ16/MLI&0&cDXHP&Ex&dxHP_equip/NE-dxHP-PkgHP-33to65-Ex-SEER17.1/instance-out.sql,11.00,0.00
CZ16/MLI&0&cDXHP&Ex&dxHP_equip/NE-dxHP-PkgHP-33to65-Ex-SEER18.1/instance-out.sql,11.00,0.00
CZ16/MLI&0&cDXHP&Ex&dxHP_equip/NE-dxHP-SplitHP-18to33-Ex-SEER14.3/instance-out.sql,11.00,0.00
CZ16/MLI&0&cDXHP&Ex&dxHP_equip/NE-dxHP-SplitHP-18to33-Ex-SEER15.2/instance-out.sql,11.00,0.00
CZ16/MLI&0&cDXHP&Ex&dxHP_equip/NE-dxHP-SplitHP-18to33-Ex-SEER16.2/instance-out.sql,11.00,0.00
CZ16/MLI&0&cDXHP&Ex&dxHP_equip/NE-dxHP-SplitHP-18to33-Ex-SEER17.1/instance-out.sql,11.00,0.00
CZ16/MLI&0&cDXHP&Ex&dxHP_equip/NE-dxHP-SplitHP-18to33-Ex-SEER18.1/instance-out.sql,11.00,0.00
CZ16/MLI&0&cDXHP&Ex&dxHP_equip/NE-dxHP-SplitHP-33to55-Ex-SEER14.3/instance-out.sql,11.00,0.00
CZ16/MLI&0&cDXHP&Ex&dxHP_equip/NE-dxHP-SplitHP-33to55-Ex-SEER15.2/instance-out.sql,11.00,0.00
CZ16/MLI&0&cDXHP&Ex&dxHP_equip/NE-dxHP-SplitHP-33to55-Ex-SEER16.2/instance-out.sql,11.00,0.00
CZ16/MLI&0&cDXHP&Ex&dxHP_equip/NE-dxHP-SplitHP-33to55-Ex-SEER17.1/instance-out.sql,11.00,0.00
CZ16/MLI&0&cDXHP&Ex&dxHP_equip/NE-dxHP-SplitHP-33to55-Ex-SEER18.1/instance-out.sql,11.00,0.00
CZ16/Mtl&0&cDXHP&Ex&dxHP_equip/NE-dxHP-PkgHP-18to33-Ex-SEER13.4/instance-out.sql,25.00,239.00
CZ16/Mtl&0&cDXHP&Ex&dxHP_equip/NE-dxHP-PkgHP-18to33-Ex-SEER15.2/instance-out.sql,25.00,239.00
CZ16/Mtl&0&cDXHP&Ex&dxHP_equip/NE-dxHP-PkgHP-18to33-Ex-SEER16.2/instance-out.sql,25.00,239.00
CZ16/Mtl&0&cDXHP&Ex&dxHP_equip/NE-dxHP-PkgHP-18to33-Ex-SEER17.1/instance-out.sql,25.00,239.00
CZ16/Mtl&0&cDXHP&Ex&dxHP_equip/NE-dxHP-PkgHP-18to33-Ex-SEER18.1/instance-out.sql,25.00,239.00
CZ16/Mtl&0&cDXHP&Ex&dxHP_equip/NE-dxHP-PkgHP-33to65-Ex-SEER13.4/instance-out.sql,25.00,239.00
CZ16/Mtl&0&cDXHP&Ex&dxHP_equip/NE-dxHP-PkgHP-33to65-Ex-SEER15.2/instance-out.sql,25.00,239.00
CZ16/Mtl&0&cDXHP&Ex&dxHP_equip/NE-dxHP-PkgHP-33to65-Ex-SEER16.2/instance-out.sql,25.00,239.00
CZ16/Mtl&0&cDXHP&Ex&dxHP_equip/NE-dxHP-PkgHP-33to65-Ex-SEER17.1/instance-out.sql,25.00,239.00
CZ16/Mtl&0&cDXHP&Ex&dxHP_equip/NE-dxHP-PkgHP-33to65-Ex-SEER18.1/instance-out.sql,25.00,239.00
CZ16/Mtl&0&cDXHP&Ex&dxHP_equip/NE-dxHP-SplitHP-18to33-Ex-SEER14.3/instance-out.sql,25.00,239.00
CZ16/Mtl&0&cDXHP&Ex&dxHP_equip/NE-dxHP-SplitHP-18to33-Ex-SEER15.2/instance-out.sql,25.00,239.00
CZ16/Mtl&0&cDXHP&Ex&dxHP_equip/NE-dxHP-SplitHP-18to33-Ex-SEER16.2/instance-out.sql,25.00,239.00
CZ16/Mtl&0&cDXHP&Ex&dxHP_equip/NE-dxHP-SplitHP-18to33-Ex-SEER17.1/instance-out.sql,25.00,239.00
CZ16/Mtl&0&cDXHP&Ex&dxHP_equip/NE-dxHP-SplitHP-18to33-Ex-SEER18.1/instance-out.sql,25.00,239.00
CZ16/Mtl&0&cDXHP&Ex&dxHP_equip/NE-dxHP-SplitHP-33to55-Ex-SEER14.3/instance-out.sql,25.00,239.00
CZ16/Mtl&0&cDXHP&Ex&dxHP_equip/NE-dxHP-SplitHP-33to55-Ex-SEER15.2/instance-out.sql,25.00,239.00
CZ16/Mtl&0&cDXHP&Ex&dxHP_equip/NE-dxHP-SplitHP-33to55-Ex-SEER16.2/instance-out.sql,25.00,239.00
CZ16/Mtl&0&cDXHP&Ex&dxHP_equip/NE-dxHP-SplitHP-33to55-Ex-SEER17.1/instance-out.sql,25.00,239.00
CZ16/Mtl&0&cDXHP&Ex&dxHP_equip/NE-dxHP-SplitHP-33to55-Ex-SEER18.1/instance-out.sql,25.00,239.00
CZ16/Nrs&0&cDXHP&Ex&dxHP_equip/NE-dxHP-PkgHP-18to33-Ex-SEER13.4/instance-out.sql,0.00,46.00
CZ16/Nrs&0&cDXHP&Ex&dxHP_equip/NE-dxHP-PkgHP-18to33-Ex-SEER15.2/instance-out.sql,0.00,46.00
CZ16/Nrs&0&cDXHP&Ex&dxHP_equip/NE-dxHP-PkgHP-18to33-Ex-SEER16.2/instance-out.sql,0.00,46.00
CZ16/Nrs&0&cDXHP&Ex&dxHP_equip/NE-dxHP-PkgHP-18to33-Ex-SEER17.1/instance-out.sql,0.00,46.00
CZ16/Nrs&0&cDXHP&Ex&dxHP_equip/NE-dxHP-PkgHP-18to33-Ex-SEER18.1/instance-out.sql,0.00,46.00
CZ16/Nrs&0&cDXHP&Ex&dxHP_equip/NE-dxHP-PkgHP-33to65-Ex-SEER13.4/instance-out.sql,0.00,46.00
CZ16/Nrs&0&cDXHP&Ex&dxHP_equip/NE-dxHP-PkgHP-33to65-Ex-SEER15.2/instance-out.sql,0.00,46.00
CZ16/Nrs&0&cDXHP&Ex&dxHP_equip/NE-dxHP-PkgHP-33to65-Ex-SEER16.2/instance-out.sql,0.00,46.00
CZ16/Nrs&0&cDXHP&Ex&dxHP_equip/NE-dxHP-PkgHP-33to65-Ex-SEER17.1/instance-out.sql,0.00,46.00
CZ16/Nrs&0&cDXHP&Ex&dxHP_equip/NE-dxHP-PkgHP-33to65-Ex-SEER18.1/instance-out.sql,0.00,46.00
CZ16/Nrs&0&cDXHP&Ex&dxHP_equip/NE-dxHP-SplitHP-18to33-Ex-SEER14.3/instance-out.sql,0.00,46.00
CZ16/Nrs&0&cDXHP&Ex&dxHP_equip/NE-dxHP-SplitHP-18to33-Ex-SEER15.2/instance-out.sql,0.00,46.00
CZ16/Nrs&0&cDXHP&Ex&dxHP_equip/NE-dxHP-SplitHP-18to33-Ex-SEER16.2/instance-out.sql,0.00,46.00
CZ16/Nrs&0&cDXHP&Ex&dxHP_equip/NE-dxHP-SplitHP-18to33-Ex-SEER17.1/instance-out.sql,0.00,46.00
CZ16/Nrs&0&cDXHP&Ex&dxHP_equip/NE-dxHP-SplitHP-18to33-Ex-SEER18.1/instance-out.sql,0.00,46.00
CZ16/Nrs&0&cDXHP&Ex&dxHP_equip/NE-dxHP-SplitHP-33to55-Ex-SEER14.3/instance-out.sql,0.00,46.00
CZ16/Nrs&0&cDXHP&Ex&dxHP_equip/NE-dxHP-SplitHP-33to55-Ex-SEER15.2/instance-out.sql,0.00,46.00
CZ16/Nrs&0&cDXHP&Ex&dxHP_equip/NE-dxHP-SplitHP-33to55-Ex-SEER16.2/instance-out.sql,0.00,46.00
CZ16/Nrs&0&cDXHP&Ex&dxHP_equip/NE-dxHP-SplitHP-33to55-Ex-SEER17.1/instance-out.sql,0.00,46.00
CZ16/Nrs&0&cDXHP&Ex&dxHP_equip/NE-dxHP-SplitHP-33to55-Ex-SEER18.1/instance-out.sql,0.00,46.00
CZ16/OfL&0&cDXHP&Ex&dxHP_equip/NE-dxHP-PkgHP-18to33-Ex-SEER13.4/instance-out.sql,60.00,471.00
CZ16/OfL&0&cDXHP&Ex&dxHP_equip/NE-dxHP-PkgHP-18to33-Ex-SEER15.2/instance-out.sql,60.00,471.00
CZ16/OfL&0&cDXHP&Ex&dxHP_equip/NE-dxHP-PkgHP-18to33-Ex-SEER16.2/instance-out.sql,60.00,471.00
CZ16/OfL&0&cDXHP&Ex&dxHP_equip/NE-dxHP-PkgHP-18to33-Ex-SEER17.1/instance-out.sql,60.00,471.00
CZ16/OfL&0&cDXHP&Ex&dxHP_equip/NE-dxHP-PkgHP-18to33-Ex-SEER18.1/instance-out.sql,60.00,471.00
CZ16/OfL&0&cDXHP&Ex&dxHP_equip/NE-dxHP-PkgHP-33to65-Ex-SEER13.4/instance-out.sql,60.00,471.00
CZ16/OfL&0&cDXHP&Ex&dxHP_equip/NE-dxHP-PkgHP-33to65-Ex-SEER15.2/instance-out.sql,60.00,471.00
CZ16/OfL&0&cDXHP&Ex&dxHP_equip/NE-dxHP-PkgHP-33to65-Ex-SEER16.2/instance-out.sql,60.00,471.00
CZ16/OfL&0&cDXHP&Ex&dxHP_equip/NE-dxHP-PkgHP-33to65-Ex-SEER17.1/instance-out.sql,60.00,471.00
CZ16/OfL&0&cDXHP&Ex&dxHP_equip/NE-dxHP-PkgHP-33to65-Ex-SEER18.1/instance-out.sql,60.00,471.00
CZ16/OfL&0&cDXHP&Ex&dxHP_equip/NE-dxHP-SplitHP-18to33-Ex-SEER14.3/instance-out.sql,60.00,471.00
CZ16/OfL&0&cDXHP&Ex&dxHP_equip/NE-dxHP-SplitHP-18to33-Ex-SEER15.2/instance-out.sql,60.00,471.00
CZ16/OfL&0&cDXHP&Ex&dxHP_equip/NE-dxHP-SplitHP-18to33-Ex-SEER16.2/instance-out.sql,60.00,471.00
CZ16/OfL&0&cDXHP&Ex&dxHP_equip/NE-dxHP-SplitHP-18to33-Ex-SEER17.1/instance-out.sql,60.00,471.00
CZ16/OfL&0&cDXHP&Ex&dxHP_equip/NE-dxHP-SplitHP-18to33-Ex-SEER18.1/instance-out.sql,60.00,471.00
CZ16/OfL&0&cDXHP&Ex&dxHP_equip/NE-dxHP-SplitHP-33to55-Ex-SEER14.3/instance-out.sql,60.00,471.00
CZ16/OfL&0&cDXHP&Ex&dxHP_equip/NE-dxHP-SplitHP-33to55-Ex-SEER15.2/instance-out.sql,60.00,471.00
CZ16/OfL&0&cDXHP&Ex&dxHP_equip/NE-dxHP-SplitHP-33to55-Ex-SEER16.2/instance-out.sql,60.00,471.00
CZ16/OfL&0&cDXHP&Ex&dxHP_equip/NE-dxHP-SplitHP-33to55-Ex-SEER17.1/instance-out.sql,60.00,471.00
CZ16/OfL&0&cDXHP&Ex&dxHP_equip/NE-dxHP-SplitHP-33to55-Ex-SEER18.1/instance-out.sql,60.00,471.00
CZ16/OfS&0&cDXHP&Ex&dxHP_equip/NE-dxHP-PkgHP-18to33-Ex-SEER13.4/instance-out.sql,23.00,367.00
CZ16/OfS&0&cDXHP&Ex&dxHP_equip/NE-dxHP-PkgHP-18to33-Ex-SEER15.2/instance-out.sql,23.00,367.00
CZ16/OfS&0&cDXHP&Ex&dxHP_equip/NE-dxHP-PkgHP-18to33-Ex-SEER16.2/instance-out.sql,23.00,367.00
CZ16/OfS&0&cDXHP&Ex&dxHP_equip/NE-dxHP-PkgHP-18to33-Ex-SEER17.1/instance-out.sql,23.00,367.00
CZ16/OfS&0&cDXHP&Ex&dxHP_equip/NE-dxHP-PkgHP-18to33-Ex-SEER18.1/instance-out.sql,23.00,367.00
CZ16/OfS&0&cDXHP&Ex&dxHP_equip/NE-dxHP-PkgHP-33to65-Ex-SEER13.4/instance-out.sql,23.00,367.00
CZ16/OfS&0&cDXHP&Ex&dxHP_equip/NE-dxHP-PkgHP-33to65-Ex-SEER15.2/instance-out.sql,23.00,367.00
CZ16/OfS&0&cDXHP&Ex&dxHP_equip/NE-dxHP-PkgHP-33to65-Ex-SEER16.2/instance-out.sql,23.00,367.00
CZ16/OfS&0&cDXHP&Ex&dxHP_equip/NE-dxHP-PkgHP-33to65-Ex-SEER17.1/instance-out.sql,23.00,367.00
CZ16/OfS&0&cDXHP&Ex&dxHP_equip/NE-dxHP-PkgHP-33to65-Ex-SEER18.1/instance-out.sql,23.00,367.00
CZ16/OfS&0&cDXHP&Ex&dxHP_equip/NE-dxHP-SplitHP-18to33-Ex-SEER14.3/instance-out.sql,23.00,367.00
CZ16/OfS&0&cDXHP&Ex&dxHP_equip/NE-dxHP-SplitHP-18to33-Ex-SEER15.2/instance-out.sql,23.00,367.00
CZ16/OfS&0&cDXHP&Ex&dxHP_equip/NE-dxHP-SplitHP-18to33-Ex-SEER16.2/instance-out.sql,23.00,367.00
CZ16/OfS&0&cDXHP&Ex&dxHP_equip/NE-dxHP-SplitHP-18to33-Ex-SEER17.1/instance-out.sql,23.00,367.00
CZ16/OfS&0&cDXHP&Ex&dxHP_equip/NE-dxHP-SplitHP-18to33-Ex-SEER18.1/instance-out.sql,23.00,367.00
CZ16/OfS&0&cDXHP&Ex&dxHP_equip/NE-dxHP-SplitHP-33to55-Ex-SEER14.3/instance-out.sql,23.00,367.00
CZ16/OfS&0&cDXHP&Ex&dxHP_equip/NE-dxHP-SplitHP-33to55-Ex-SEER15.2/instance-out.sql,23.00,367.00
CZ16/OfS&0&cDXHP&Ex&dxHP_equip/NE-dxHP-SplitHP-33to55-Ex-SEER16.2/instance-out.sql,23.00,367.00
CZ16/OfS&0&cDXHP&Ex&dxHP_equip/NE-dxHP-SplitHP-33to55-Ex-SEER17.1/instance-out.sql,23.00,367.00
CZ16/OfS&0&cDXHP&Ex&dxHP_equip/NE-dxHP-SplitHP-33to55-Ex-SEER18.1/instance-out.sql,23.00,367.00
CZ16/RFF&0&cDXHP&Ex&dxHP_equip/NE-dxHP-PkgHP-18to33-Ex-SEER13.4/instance-out.sql,1.00,0.00
CZ16/RFF&0&cDXHP&Ex&dxHP_equip/NE-dxHP-PkgHP-18to33-Ex-SEER15.2/instance-out.sql,1.00,0.00
CZ16/RFF&0&cDXHP&Ex&dxHP_equip/NE-dxHP-PkgHP-18to33-Ex-SEER16.2/instance-out.sql,1.00,0.00
CZ16/RFF&0&cDXHP&Ex&dxHP_equip/NE-dxHP-PkgHP-18to33-Ex-SEER17.1/instance-out.sql,1.00,0.00
CZ16/RFF&0&cDXHP&Ex&dxHP_equip/NE-dxHP-PkgHP-18to33-Ex-SEER18.1/instance-out.sql,1.00,0.00
CZ16/RFF&0&cDXHP&Ex&dxHP_equip/NE-dxHP-PkgHP-33to65-Ex-SEER13.4/instance-out.sql,1.00,0.00
CZ16/RFF&0&cDXHP&Ex&dxHP_equip/NE-dxHP-PkgHP-33to65-Ex-SEER15.2/instance-out.sql,1.00,0.00
CZ16/RFF&0&cDXHP&Ex&dxHP_equip/NE-dxHP-PkgHP-33to65-Ex-SEER16.2/instance-out.sql,1.00,0.00
CZ16/RFF&0&cDXHP&Ex&dxHP_equip/NE-dxHP-PkgHP-33to65-Ex-SEER17.1/instance-out.sql,1.00,0.00
CZ16/RFF&0&cDXHP&Ex&dxHP_equip/NE-dxHP-PkgHP-33to65-Ex-SEER18.1/instance-out.sql,1.00,0.00
CZ16/RFF&0&cDXHP&Ex&dxHP_equip/NE-dxHP-SplitHP-18to33-Ex-SEER14.3/instance-out.sql,1.00,0.00
CZ16/RFF&0&cDXHP&Ex&dxHP_equip/NE-dxHP-SplitHP-18to33-Ex-SEER15.2/instance-out.sql,1.00,0.00
CZ16/RFF&0&cDXHP&Ex&dxHP_equip/NE-dxHP-SplitHP-18to33-Ex-SEER16.2/instance-out.sql,1.00,0.00
CZ16/RFF&0&cDXHP&Ex&dxHP_equip/NE-dxHP-SplitHP-18to33-Ex-SEER17.1/instance-out.sql,1.00,0.00
CZ16/RFF&0&cDXHP&Ex&dxHP_equip/NE-dxHP-SplitHP-18to33-Ex-SEER18.1/instance-out.sql,1.00,0.00
CZ16/RFF&0&cDXHP&Ex&dxHP_equip/NE-dxHP-SplitHP-33to55-Ex-SEER14.3/instance-out.sql,1.00,0.00
CZ16/RFF&0&cDXHP&Ex&dxHP_equip/NE-dxHP-SplitHP-33to55-Ex-SEER15.2/instance-out.sql,1.00,0.00
CZ16/RFF&0&cDXHP&Ex&dxHP_equip/NE-dxHP-SplitHP-33to55-Ex-SEER16.2/instance-out.sql,1.00,0.00
CZ16/RFF&0&cDXHP&Ex&dxHP_equip/NE-dxHP-SplitHP-33to55-Ex-SEER17.1/instance-out.sql,1.00,0.00
CZ16/RFF&0&cDXHP&Ex&dxHP_equip/NE-dxHP-SplitHP-33to55-Ex-SEER18.1/instance-out.sql,1.00,0.00
CZ16/RSD&0&cDXHP&Ex&dxHP_equip/NE-dxHP-PkgHP-18to33-Ex-SEER13.4/instance-out.sql,1.00,0.00
CZ16/RSD&0&cDXHP&Ex&dxHP_equip/NE-dxHP-PkgHP-18to33-Ex-SEER15.2/instance-out.sql,1.00,0.00
CZ16/RSD&0&cDXHP&Ex&dxHP_equip/NE-dxHP-PkgHP-18to33-Ex-SEER16.2/instance-out.sql,1.00,0.00
CZ16/RSD&0&cDXHP&Ex&dxHP_equip/NE-dxHP-PkgHP-18to33-Ex-SEER17.1/instance-out.sql,1.00,0.00
CZ16/RSD&0&cDXHP&Ex&dxHP_equip/NE-dxHP-PkgHP-18to33-Ex-SEER18.1/instance-out.sql,1.00,0.00
CZ16/RSD&0&cDXHP&Ex&dxHP_equip/NE-dxHP-PkgHP-33to65-Ex-SEER13.4/instance-out.sql,1.00,0.00
CZ16/RSD&0&cDXHP&Ex&dxHP_equip/NE-dxHP-PkgHP-33to65-Ex-SEER15.2/instance-out.sql,1.00,0.00
CZ16/RSD&0&cDXHP&Ex&dxHP_equip/NE-dxHP-PkgHP-33to65-Ex-SEER16.2/instance-out.sql,1.00,0.00
CZ16/RSD&0&cDXHP&Ex&dxHP_equip/NE-dxHP-PkgHP-33to65-Ex-SEER17.1/instance-out.sql,1.00,0.00
CZ16/RSD&0&cDXHP&Ex&dxHP_equip/NE-dxHP-PkgHP-33to65-Ex-SEER18.1/instance-out.sql,1.00,0.00
CZ16/RSD&0&cDXHP&Ex&dxHP_equip/NE-dxHP-SplitHP-18to33-Ex-SEER14.3/instance-out.sql,1.00,0.00
CZ16/RSD&0&cDXHP&Ex&dxHP_equip/NE-dxHP-SplitHP-18to33-Ex-SEER15.2/instance-out.sql,1.00,0.00
CZ16/RSD&0&cDXHP&Ex&dxHP_equip/NE-dxHP-SplitHP-18to33-Ex-SEER16.2/instance-out.sql,1.00,0.00
CZ16/RSD&0&cDXHP&Ex&dxHP_equip/NE-dxHP-SplitHP-18to33-Ex-SEER17.1/instance-out.sql,1.00,0.00
CZ16/RSD&0&cDXHP&Ex&dxHP_equip/NE-dxHP-SplitHP-18to33-Ex-SEER18.1/instance-out.sql,1.00,0.00
CZ16/RSD&0&cDXHP&Ex&dxHP_equip/NE-dxHP-SplitHP-33to55-Ex-SEER14.3/instance-out.sql,1.00,0.00
CZ16/RSD&0&cDXHP&Ex&dxHP_equip/NE-dxHP-SplitHP-33to55-Ex-SEER15.2/instance-out.sql,1.00,0.00
CZ16/RSD&0&cDXHP&Ex&dxHP_equip/NE-dxHP-SplitHP-33to55-Ex-SEER16.2/instance-out.sql,1.00,0.00
CZ16/RSD&0&cDXHP&Ex&dxHP_equip/NE-dxHP-SplitHP-33to55-Ex-SEER17.1/instance-out.sql,1.00,0.00
CZ16/RSD&0&cDXHP&Ex&dxHP_equip/NE-dxHP-SplitHP-33to55-Ex-SEER18.1/instance-out.sql,1.00,0.00
CZ16/Rt3&0&cDXHP&Ex&dxHP_equip/NE-dxHP-PkgHP-18to33-Ex-SEER13.4/instance-out.sql,3.00,0.00
CZ16/Rt3&0&cDXHP&Ex&dxHP_equip/NE-dxHP-PkgHP-18to33-Ex-SEER15.2/instance-out.sql,3.00,0.00
CZ16/Rt3&0&cDXHP&Ex&dxHP_equip/NE-dxHP-PkgHP-18to33-Ex-SEER16.2/instance-out.sql,3.00,0.00
CZ16/Rt3&0&cDXHP&Ex&dxHP_equip/NE-dxHP-PkgHP-18to33-Ex-SEER17.1/instance-out.sql,3.00,0.00
CZ16/Rt3&0&cDXHP&Ex&dxHP_equip/NE-dxHP-PkgHP-18to33-Ex-SEER18.1/instance-out.sql,3.00,0.00
CZ16/Rt3&0&cDXHP&Ex&dxHP_equip/NE-dxHP-PkgHP-33to65-Ex-SEER13.4/instance-out.sql,3.00,0.00
CZ16/Rt3&0&cDXHP&Ex&dxHP_equip/NE-dxHP-PkgHP-33to65-Ex-SEER15.2/instance-out.sql,3.00,0.00
CZ16/Rt3&0&cDXHP&Ex&dxHP_equip/NE-dxHP-PkgHP-33to65-Ex-SEER16.2/instance-out.sql,3.00,0.00
CZ16/Rt3&0&cDXHP&Ex&dxHP_equip/NE-dxHP-PkgHP-33to65-Ex-SEER17.1/instance-out.sql,3.00,0.00
CZ16/Rt3&0&cDXHP&Ex&dxHP_equip/NE-dxHP-PkgHP-33to65-Ex-SEER18.1/instance-out.sql,3.00,0.00
CZ16/Rt3&0&cDXHP&Ex&dxHP_equip/NE-dxHP-SplitHP-18to33-Ex-SEER14.3/instance-out.sql,3.00,0.00
CZ16/Rt3&0&cDXHP&Ex&dxHP_equip/NE-dxHP-SplitHP-18to33-Ex-SEER15.2/instance-out.sql,3.00,0.00
CZ16/Rt3&0&cDXHP&Ex&dxHP_equip/NE-dxHP-SplitHP-18to33-Ex-SEER16.2/instance-out.sql,3.00,0.00
CZ16/Rt3&0&cDXHP&Ex&dxHP_equip/NE-dxHP-SplitHP-18to33-Ex-SEER17.1/instance-out.sql,3.00,0.00
CZ16/Rt3&0&cDXHP&Ex&dxHP_equip/NE-dxHP-SplitHP-18to33-Ex-SEER18.1/instance-out.sql,3.00,0.00
CZ16/Rt3&0&cDXHP&Ex&dxHP_equip/NE-dxHP-SplitHP-33to55-Ex-SEER14.3/instance-out.sql,3.00,0.00
CZ16/Rt3&0&cDXHP&Ex&dxHP_equip/NE-dxHP-SplitHP-33to55-Ex-SEER15.2/instance-out.sql,3.00,0.00
CZ16/Rt3&0&cDXHP&Ex&dxHP_equip/NE-dxHP-SplitHP-33to55-Ex-SEER16.2/instance-out.sql,3.00,0.00
CZ16/Rt3&0&cDXHP&Ex&dxHP_equip/NE-dxHP-SplitHP-33to55-Ex-SEER17.1/instance-out.sql,3.00,0.00
CZ16/Rt3&0&cDXHP&Ex&dxHP_equip/NE-dxHP-SplitHP-33to55-Ex-SEER18.1/instance-out.sql,3.00,0.00
CZ16/RtL&0&cDXHP&Ex&dxHP_equip/NE-dxHP-PkgHP-18to33-Ex-SEER13.4/instance-out.sql,3.00,0.00
CZ16/RtL&0&cDXHP&Ex&dxHP_equip/NE-dxHP-PkgHP-18to33-Ex-SEER15.2/instance-out.sql,3.00,0.00
CZ16/RtL&0&cDXHP&Ex&dxHP_equip/NE-dxHP-PkgHP-18to33-Ex-SEER16.2/instance-out.sql,3.00,0.00
CZ16/RtL&0&cDXHP&Ex&dxHP_equip/NE-dxHP-PkgHP-18to33-Ex-SEER17.1/instance-out.sql,3.00,0.00
CZ16/RtL&0&cDXHP&Ex&dxHP_equip/NE-dxHP-PkgHP-18to33-Ex-SEER18.1/instance-out.sql,3.00,0.00
CZ16/RtL&0&cDXHP&Ex&dxHP_equip/NE-dxHP-PkgHP-33to65-Ex-SEER13.4/instance-out.sql,3.00,0.00
CZ16/RtL&0&cDXHP&Ex&dxHP_equip/NE-dxHP-PkgHP-33to65-Ex-SEER15.2/instance-out.sql,3.00,0.00
CZ16/RtL&0&cDXHP&Ex&dxHP_equip/NE-dxHP-PkgHP-33to65-Ex-SEER16.2/instance-out.sql,3.00,0.00
CZ16/RtL&0&cDXHP&Ex&dxHP_equip/NE-dxHP-PkgHP-33to65-Ex-SEER17.1/instance-out.sql,3.00,0.00
CZ16/RtL&0&cDXHP&Ex&dxHP_equip/NE-dxHP-PkgHP-33to65-Ex-SEER18.1/instance-out.sql,3.00,0.00
CZ16/RtL&0&cDXHP&Ex&dxHP_equip/NE-dxHP-SplitHP-18to33-Ex-SEER14.3/instance-out.sql,3.00,0.00
CZ16/RtL&0&cDXHP&Ex&dxHP_equip/NE-dxHP-SplitHP-18to33-Ex-SEER15.2/instance-out.sql,3.00,0.00
CZ16/RtL&0&cDXHP&Ex&dxHP_equip/NE-dxHP-SplitHP-18to33-Ex-SEER16.2/instance-out.sql,3.00,0.00
CZ16/RtL&0&cDXHP&Ex&dxHP_equip/NE-dxHP-SplitHP-18to33-Ex-SEER17.1/instance-out.sql,3.00,0.00
CZ16/RtL&0&cDXHP&Ex&dxHP_equip/NE-dxHP-SplitHP-18to33-Ex-SEER18.1/instance-out.sql,3.00,0.00
CZ16/RtL&0&cDXHP&Ex&dxHP_equip/NE-dxHP-SplitHP-33to55-Ex-SEER14.3/instance-out.sql,3.00,0.00
CZ16/RtL&0&cDXHP&Ex&dxHP_equip/NE-dxHP-SplitHP-33to55-Ex-SEER15.2/instance-out.sql,3.00,0.00
CZ16/RtL&0&cDXHP&Ex&dxHP_equip/NE-dxHP-SplitHP-33to55-Ex-SEER16.2/instance-out.sql,3.00,0.00
CZ16/RtL&0&cDXHP&Ex&dxHP_equip/NE-dxHP-SplitHP-33to55-Ex-SEER17.1/instance-out.sql,3.00,0.00
CZ16/RtL&0&cDXHP&Ex&dxHP_equip/NE-dxHP-SplitHP-33to55-Ex-SEER18.1/instance-out.sql,3.00,0.00
CZ16/RtS&0&cDXHP&Ex&dxHP_equip/NE-dxHP-PkgHP-18to33-Ex-SEER13.4/instance-out.sql,3.00,0.00
CZ16/RtS&0&cDXHP&Ex&dxHP_equip/NE-dxHP-PkgHP-18to33-Ex-SEER15.2/instance-out.sql,3.00,0.00
CZ16/RtS&0&cDXHP&Ex&dxHP_equip/NE-dxHP-PkgHP-18to33-Ex-SEER16.2/instance-out.sql,3.00,0.00
CZ16/RtS&0&cDXHP&Ex&dxHP_equip/NE-dxHP-PkgHP-18to33-Ex-SEER17.1/instance-out.sql,3.00,0.00
CZ16/RtS&0&cDXHP&Ex&dxHP_equip/NE-dxHP-PkgHP-18to33-Ex-SEER18.1/instance-out.sql,3.00,0.00
CZ16/RtS&0&cDXHP&Ex&dxHP_equip/NE-dxHP-PkgHP-33to65-Ex-SEER13.4/instance-out.sql,3.00,0.00
CZ16/RtS&0&cDXHP&Ex&dxHP_equip/NE-dxHP-PkgHP-33to65-Ex-SEER15.2/instance-out.sql,3.00,0.00
CZ16/RtS&0&cDXHP&Ex&dxHP_equip/NE-dxHP-PkgHP-33to65-Ex-SEER16.2/instance-out.sql,3.00,0.00
CZ16/RtS&0&cDXHP&Ex&dxHP_equip/NE-dxHP-PkgHP-33to65-Ex-SEER17.1/instance-out.sql,3.00,0.00
CZ16/RtS&0&cDXHP&Ex&dxHP_equip/NE-dxHP-PkgHP-33to65-Ex-SEER18.1/instance-out.sql,3.00,0.00
CZ16/RtS&0&cDXHP&Ex&dxHP_equip/NE-dxHP-SplitHP-18to33-Ex-SEER14.3/instance-out.sql,3.00,0.00
CZ16/RtS&0&cDXHP&Ex&dxHP_equip/NE-dxHP-SplitHP-18to33-Ex-SEER15.2/instance-out.sql,3.00,0.00
CZ16/RtS&0&cDXHP&Ex&dxHP_equip/NE-dxHP-SplitHP-18to33-Ex-SEER16.2/instance-out.sql,3.00,0.00
CZ16/RtS&0&cDXHP&Ex&dxHP_equip/NE-dxHP-SplitHP-18to33-Ex-SEER17.1/instance-out.sql,3.00,0.00
CZ16/RtS&0&cDXHP&Ex&dxHP_equip/NE-dxHP-SplitHP-18to33-Ex-SEER18.1/instance-out.sql,3.00,0.00
CZ16/RtS&0&cDXHP&Ex&dxHP_equip/NE-dxHP-SplitHP-33to55-Ex-SEER14.3/instance-out.sql,3.00,0.00
CZ16/RtS&0&cDXHP&Ex&dxHP_equip/NE-dxHP-SplitHP-33to55-Ex-SEER15.2/instance-out.sql,3.00,0.00
CZ16/RtS&0&cDXHP&Ex&dxHP_equip/NE-dxHP-SplitHP-33to55-Ex-SEER16.2/instance-out.sql,3.00,0.00
CZ16/RtS&0&cDXHP&Ex&dxHP_equip/NE-dxHP-SplitHP-33to55-Ex-SEER17.1/instance-out.sql,3.00,0.00
CZ16/RtS&0&cDXHP&Ex&dxHP_equip/NE-dxHP-SplitHP-33to55-Ex-SEER18.1/instance-out.sql,3.00,0.00
CZ16/SCn&0&cDXHP&Ex&dxHP_equip/NE-dxHP-PkgHP-18to33-Ex-SEER13.4/instance-out.sql,5.00,0.00
CZ16/SCn&0&cDXHP&Ex&dxHP_equip/NE-dxHP-PkgHP-18to33-Ex-SEER15.2/instance-out.sql,5.00,0.00
CZ16/SCn&0&cDXHP&Ex&dxHP_equip/NE-dxHP-PkgHP-18to33-Ex-SEER16.2/instance-out.sql,5.00,0.00
CZ16/SCn&0&cDXHP&Ex&dxHP_equip/NE-dxHP-PkgHP-18to33-Ex-SEER17.1/instance-out.sql,5.00,0.00
CZ16/SCn&0&cDXHP&Ex&dxHP_equip/NE-dxHP-PkgHP-18to33-Ex-SEER18.1/instance-out.sql,5.00,0.00
CZ16/SCn&0&cDXHP&Ex&dxHP_equip/NE-dxHP-PkgHP-33to65-Ex-SEER13.4/instance-out.sql,5.00,0.00
CZ16/SCn&0&cDXHP&Ex&dxHP_equip/NE-dxHP-PkgHP-33to65-Ex-SEER15.2/instance-out.sql,5.00,0.00
CZ16/SCn&0&cDXHP&Ex&dxHP_equip/NE-dxHP-PkgHP-33to65-Ex-SEER16.2/instance-out.sql,5.00,0.00
CZ16/SCn&0&cDXHP&Ex&dxHP_equip/NE-dxHP-PkgHP-33to65-Ex-SEER17.1/instance-out.sql,5.00,0.00
CZ16/SCn&0&cDXHP&Ex&dxHP_equip/NE-dxHP-PkgHP-33to65-Ex-SEER18.1/instance-out.sql,5.00,0.00
CZ16/SCn&0&cDXHP&Ex&dxHP_equip/NE-dxHP-SplitHP-18to33-Ex-SEER14.3/instance-out.sql,5.00,0.00
CZ16/SCn&0&cDXHP&Ex&dxHP_equip/NE-dxHP-SplitHP-18to33-Ex-SEER15.2/instance-out.sql,5.00,0.00
CZ16/SCn&0&cDXHP&Ex&dxHP_equip/NE-dxHP-SplitHP-18to33-Ex-SEER16.2/instance-out.sql,5.00,0.00
CZ16/SCn&0&cDXHP&Ex&dxHP_equip/NE-dxHP-SplitHP-18to33-Ex-SEER17.1/instance-out.sql,5.00,0.00
CZ16/SCn&0&cDXHP&Ex&dxHP_equip/NE-dxHP-SplitHP-18to33-Ex-SEER18.1/instance-out.sql,5.00,0.00
CZ16/SCn&0&cDXHP&Ex&dxHP_equip/NE-dxHP-SplitHP-33to55-Ex-SEER14.3/instance-out.sql,5.00,0.00
CZ16/SCn&0&cDXHP&Ex&dxHP_equip/NE-dxHP-SplitHP-33to55-Ex-SEER15.2/instance-out.sql,5.00,0.00
CZ16/SCn&0&cDXHP&Ex&dxHP_equip/NE-dxHP-SplitHP-33to55-Ex-SEER16.2/instance-out.sql,5.00,0.00
CZ16/SCn&0&cDXHP&Ex&dxHP_equip/NE-dxHP-SplitHP-33to55-Ex-SEER17.1/instance-out.sql,5.00,0.00
CZ16/SCn&0&cDXHP&Ex&dxHP_equip/NE-dxHP-SplitHP-33to55-Ex-SEER18.1/instance-out.sql,5.00,0.00

