File Name,Net Site EUI (kWh/m2),Net Site Energy (kWh),Net Source EUI (kWh/m2),Net Source Energy (kWh)
CZ01/Asm&0&cDXHP&Ex&dxHP_equip/NE-dxHP-PkgHP-18to33-Ex-SEER13.4/instance-out.sql,97.39,615320.65,316.48,1999545.17
CZ01/Asm&0&cDXHP&Ex&dxHP_equip/NE-dxHP-PkgHP-18to33-Ex-SEER15.2/instance-out.sql,97.37,615165.69,316.40,1999027.60
CZ01/Asm&0&cDXHP&Ex&dxHP_equip/NE-dxHP-PkgHP-18to33-Ex-SEER16.2/instance-out.sql,97.36,615103.10,316.37,1998818.56
CZ01/Asm&0&cDXHP&Ex&dxHP_equip/NE-dxHP-PkgHP-18to33-Ex-SEER17.1/instance-out.sql,97.35,615053.07,316.34,1998651.45
CZ01/Asm&0&cDXHP&Ex&dxHP_equip/NE-dxHP-PkgHP-18to33-Ex-SEER18.1/instance-out.sql,97.34,615005.50,316.32,1998492.58
CZ01/Asm&0&cDXHP&Ex&dxHP_equip/NE-dxHP-PkgHP-33to65-Ex-SEER13.4/instance-out.sql,97.39,615320.65,316.48,1999545.17
CZ01/Asm&0&cDXHP&Ex&dxHP_equip/NE-dxHP-PkgHP-33to65-Ex-SEER15.2/instance-out.sql,97.37,615165.69,316.40,1999027.60
CZ01/Asm&0&cDXHP&Ex&dxHP_equip/NE-dxHP-PkgHP-33to65-Ex-SEER16.2/instance-out.sql,97.36,615103.10,316.37,1998818.56
CZ01/Asm&0&cDXHP&Ex&dxHP_equip/NE-dxHP-PkgHP-33to65-Ex-SEER17.1/instance-out.sql,97.35,615053.07,316.34,1998651.45
CZ01/Asm&0&cDXHP&Ex&dxHP_equip/NE-dxHP-PkgHP-33to65-Ex-SEER18.1/instance-out.sql,97.34,615005.50,316.32,1998492.58
CZ01/Asm&0&cDXHP&Ex&dxHP_equip/NE-dxHP-SplitHP-18to33-Ex-SEER14.3/instance-out.sql,96.71,611030.77,314.21,1985216.96
CZ01/Asm&0&cDXHP&Ex&dxHP_equip/NE-dxHP-SplitHP-18to33-Ex-SEER15.2/instance-out.sql,96.70,610958.78,314.18,1984976.54
CZ01/Asm&0&cDXHP&Ex&dxHP_equip/NE-dxHP-SplitHP-18to33-Ex-SEER16.2/instance-out.sql,96.69,610896.20,314.14,1984767.50
CZ01/Asm&0&cDXHP&Ex&dxHP_equip/NE-dxHP-SplitHP-18to33-Ex-SEER17.1/instance-out.sql,96.68,610846.16,314.12,1984600.39
CZ01/Asm&0&cDXHP&Ex&dxHP_equip/NE-dxHP-SplitHP-18to33-Ex-SEER18.1/instance-out.sql,96.68,610798.60,314.09,1984441.52
CZ01/Asm&0&cDXHP&Ex&dxHP_equip/NE-dxHP-SplitHP-33to55-Ex-SEER14.3/instance-out.sql,96.71,611030.77,314.21,1985216.96
CZ01/Asm&0&cDXHP&Ex&dxHP_equip/NE-dxHP-SplitHP-33to55-Ex-SEER15.2/instance-out.sql,96.70,610958.78,314.18,1984976.54
CZ01/Asm&0&cDXHP&Ex&dxHP_equip/NE-dxHP-SplitHP-33to55-Ex-SEER16.2/instance-out.sql,96.69,610896.20,314.14,1984767.50
CZ01/Asm&0&cDXHP&Ex&dxHP_equip/NE-dxHP-SplitHP-33to55-Ex-SEER17.1/instance-out.sql,96.68,610846.16,314.12,1984600.39
CZ01/Asm&0&cDXHP&Ex&dxHP_equip/NE-dxHP-SplitHP-33to55-Ex-SEER18.1/instance-out.sql,96.68,610798.60,314.09,1984441.52
CZ01/ECC&0&cDXHP&Ex&dxHP_equip/NE-dxHP-PkgHP-18to33-Ex-SEER13.4/instance-out.sql,91.97,2428310.16,258.37,6821552.42
CZ01/ECC&0&cDXHP&Ex&dxHP_equip/NE-dxHP-PkgHP-18to33-Ex-SEER15.2/instance-out.sql,91.96,2427948.44,258.32,6820344.27
CZ01/ECC&0&cDXHP&Ex&dxHP_equip/NE-dxHP-PkgHP-18to33-Ex-SEER16.2/instance-out.sql,91.95,2427802.35,258.30,6819856.34
CZ01/ECC&0&cDXHP&Ex&dxHP_equip/NE-dxHP-PkgHP-18to33-Ex-SEER17.1/instance-out.sql,91.95,2427685.56,258.29,6819466.25
CZ01/ECC&0&cDXHP&Ex&dxHP_equip/NE-dxHP-PkgHP-18to33-Ex-SEER18.1/instance-out.sql,91.95,2427574.53,258.28,6819095.40
CZ01/ECC&0&cDXHP&Ex&dxHP_equip/NE-dxHP-PkgHP-33to65-Ex-SEER13.4/instance-out.sql,91.97,2428310.16,258.37,6821552.42
CZ01/ECC&0&cDXHP&Ex&dxHP_equip/NE-dxHP-PkgHP-33to65-Ex-SEER15.2/instance-out.sql,91.96,2427948.44,258.32,6820344.27
CZ01/ECC&0&cDXHP&Ex&dxHP_equip/NE-dxHP-PkgHP-33to65-Ex-SEER16.2/instance-out.sql,91.95,2427802.35,258.30,6819856.34
CZ01/ECC&0&cDXHP&Ex&dxHP_equip/NE-dxHP-PkgHP-33to65-Ex-SEER17.1/instance-out.sql,91.95,2427685.56,258.29,6819466.25
CZ01/ECC&0&cDXHP&Ex&dxHP_equip/NE-dxHP-PkgHP-33to65-Ex-SEER18.1/instance-out.sql,91.95,2427574.53,258.28,6819095.40
CZ01/ECC&0&cDXHP&Ex&dxHP_equip/NE-dxHP-SplitHP-18to33-Ex-SEER14.3/instance-out.sql,91.91,2426542.47,258.15,6815648.31
CZ01/ECC&0&cDXHP&Ex&dxHP_equip/NE-dxHP-SplitHP-18to33-Ex-SEER15.2/instance-out.sql,91.90,2426374.44,258.12,6815087.11
CZ01/ECC&0&cDXHP&Ex&dxHP_equip/NE-dxHP-SplitHP-18to33-Ex-SEER16.2/instance-out.sql,91.89,2426228.35,258.11,6814599.17
CZ01/ECC&0&cDXHP&Ex&dxHP_equip/NE-dxHP-SplitHP-18to33-Ex-SEER17.1/instance-out.sql,91.89,2426111.56,258.09,6814209.08
CZ01/ECC&0&cDXHP&Ex&dxHP_equip/NE-dxHP-SplitHP-18to33-Ex-SEER18.1/instance-out.sql,91.89,2426000.53,258.08,6813838.24
CZ01/ECC&0&cDXHP&Ex&dxHP_equip/NE-dxHP-SplitHP-33to55-Ex-SEER14.3/instance-out.sql,91.91,2426542.47,258.15,6815648.31
CZ01/ECC&0&cDXHP&Ex&dxHP_equip/NE-dxHP-SplitHP-33to55-Ex-SEER15.2/instance-out.sql,91.90,2426374.44,258.12,6815087.11
CZ01/ECC&0&cDXHP&Ex&dxHP_equip/NE-dxHP-SplitHP-33to55-Ex-SEER16.2/instance-out.sql,91.89,2426228.35,258.11,6814599.17
CZ01/ECC&0&cDXHP&Ex&dxHP_equip/NE-dxHP-SplitHP-33to55-Ex-SEER17.1/instance-out.sql,91.89,2426111.56,258.09,6814209.08
CZ01/ECC&0&cDXHP&Ex&dxHP_equip/NE-dxHP-SplitHP-33to55-Ex-SEER18.1/instance-out.sql,91.89,2426000.53,258.08,6813838.24
CZ01/EPr&0&cDXHP&Ex&dxHP_equip/NE-dxHP-PkgHP-18to33-Ex-SEER13.4/instance-out.sql,99.91,378185.09,251.04,950274.98
CZ01/EPr&0&cDXHP&Ex&dxHP_equip/NE-dxHP-PkgHP-18to33-Ex-SEER15.2/instance-out.sql,99.89,378130.92,250.99,950094.05
CZ01/EPr&0&cDXHP&Ex&dxHP_equip/NE-dxHP-PkgHP-18to33-Ex-SEER16.2/instance-out.sql,99.89,378109.04,250.97,950020.98
CZ01/EPr&0&cDXHP&Ex&dxHP_equip/NE-dxHP-PkgHP-18to33-Ex-SEER17.1/instance-out.sql,99.88,378091.55,250.96,949962.56
CZ01/EPr&0&cDXHP&Ex&dxHP_equip/NE-dxHP-PkgHP-18to33-Ex-SEER18.1/instance-out.sql,99.88,378074.92,250.94,949907.02
CZ01/EPr&0&cDXHP&Ex&dxHP_equip/NE-dxHP-PkgHP-33to65-Ex-SEER13.4/instance-out.sql,99.91,378185.09,251.04,950274.98
CZ01/EPr&0&cDXHP&Ex&dxHP_equip/NE-dxHP-PkgHP-33to65-Ex-SEER15.2/instance-out.sql,99.89,378130.92,250.99,950094.05
CZ01/EPr&0&cDXHP&Ex&dxHP_equip/NE-dxHP-PkgHP-33to65-Ex-SEER16.2/instance-out.sql,99.89,378109.04,250.97,950020.98
CZ01/EPr&0&cDXHP&Ex&dxHP_equip/NE-dxHP-PkgHP-33to65-Ex-SEER17.1/instance-out.sql,99.88,378091.55,250.96,949962.56
CZ01/EPr&0&cDXHP&Ex&dxHP_equip/NE-dxHP-PkgHP-33to65-Ex-SEER18.1/instance-out.sql,99.88,378074.92,250.94,949907.02
CZ01/EPr&0&cDXHP&Ex&dxHP_equip/NE-dxHP-SplitHP-18to33-Ex-SEER14.3/instance-out.sql,99.74,377552.09,250.48,948160.75
CZ01/EPr&0&cDXHP&Ex&dxHP_equip/NE-dxHP-SplitHP-18to33-Ex-SEER15.2/instance-out.sql,99.73,377526.92,250.46,948076.70
CZ01/EPr&0&cDXHP&Ex&dxHP_equip/NE-dxHP-SplitHP-18to33-Ex-SEER16.2/instance-out.sql,99.73,377505.05,250.44,948003.63
CZ01/EPr&0&cDXHP&Ex&dxHP_equip/NE-dxHP-SplitHP-18to33-Ex-SEER17.1/instance-out.sql,99.72,377487.55,250.42,947945.21
CZ01/EPr&0&cDXHP&Ex&dxHP_equip/NE-dxHP-SplitHP-18to33-Ex-SEER18.1/instance-out.sql,99.72,377470.93,250.41,947889.68
CZ01/EPr&0&cDXHP&Ex&dxHP_equip/NE-dxHP-SplitHP-33to55-Ex-SEER14.3/instance-out.sql,99.74,377552.09,250.48,948160.75
CZ01/EPr&0&cDXHP&Ex&dxHP_equip/NE-dxHP-SplitHP-33to55-Ex-SEER15.2/instance-out.sql,99.73,377526.92,250.46,948076.70
CZ01/EPr&0&cDXHP&Ex&dxHP_equip/NE-dxHP-SplitHP-33to55-Ex-SEER16.2/instance-out.sql,99.73,377505.05,250.44,948003.63
CZ01/EPr&0&cDXHP&Ex&dxHP_equip/NE-dxHP-SplitHP-33to55-Ex-SEER17.1/instance-out.sql,99.72,377487.55,250.42,947945.21
CZ01/EPr&0&cDXHP&Ex&dxHP_equip/NE-dxHP-SplitHP-33to55-Ex-SEER18.1/instance-out.sql,99.72,377470.93,250.41,947889.68
CZ01/ERC&0&cDXHP&Ex&dxHP_equip/NE-dxHP-PkgHP-18to33-Ex-SEER13.4/instance-out.sql,67.40,18056.44,143.12,38340.82
CZ01/ERC&0&cDXHP&Ex&dxHP_equip/NE-dxHP-PkgHP-18to33-Ex-SEER15.2/instance-out.sql,67.40,18055.14,143.10,38336.47
CZ01/ERC&0&cDXHP&Ex&dxHP_equip/NE-dxHP-PkgHP-18to33-Ex-SEER16.2/instance-out.sql,67.39,18054.61,143.10,38334.71
CZ01/ERC&0&cDXHP&Ex&dxHP_equip/NE-dxHP-PkgHP-18to33-Ex-SEER17.1/instance-out.sql,67.39,18054.19,143.09,38333.31
CZ01/ERC&0&cDXHP&Ex&dxHP_equip/NE-dxHP-PkgHP-18to33-Ex-SEER18.1/instance-out.sql,67.39,18053.79,143.09,38331.97
CZ01/ERC&0&cDXHP&Ex&dxHP_equip/NE-dxHP-PkgHP-33to65-Ex-SEER13.4/instance-out.sql,67.40,18056.44,143.12,38340.82
CZ01/ERC&0&cDXHP&Ex&dxHP_equip/NE-dxHP-PkgHP-33to65-Ex-SEER15.2/instance-out.sql,67.40,18055.14,143.10,38336.47
CZ01/ERC&0&cDXHP&Ex&dxHP_equip/NE-dxHP-PkgHP-33to65-Ex-SEER16.2/instance-out.sql,67.39,18054.61,143.10,38334.71
CZ01/ERC&0&cDXHP&Ex&dxHP_equip/NE-dxHP-PkgHP-33to65-Ex-SEER17.1/instance-out.sql,67.39,18054.19,143.09,38333.31
CZ01/ERC&0&cDXHP&Ex&dxHP_equip/NE-dxHP-PkgHP-33to65-Ex-SEER18.1/instance-out.sql,67.39,18053.79,143.09,38331.97
CZ01/ERC&0&cDXHP&Ex&dxHP_equip/NE-dxHP-SplitHP-18to33-Ex-SEER14.3/instance-out.sql,67.23,18010.38,142.54,38186.97
CZ01/ERC&0&cDXHP&Ex&dxHP_equip/NE-dxHP-SplitHP-18to33-Ex-SEER15.2/instance-out.sql,67.23,18009.77,142.54,38184.95
CZ01/ERC&0&cDXHP&Ex&dxHP_equip/NE-dxHP-SplitHP-18to33-Ex-SEER16.2/instance-out.sql,67.23,18009.25,142.53,38183.20
CZ01/ERC&0&cDXHP&Ex&dxHP_equip/NE-dxHP-SplitHP-18to33-Ex-SEER17.1/instance-out.sql,67.22,18008.83,142.53,38181.79
CZ01/ERC&0&cDXHP&Ex&dxHP_equip/NE-dxHP-SplitHP-18to33-Ex-SEER18.1/instance-out.sql,67.22,18008.43,142.52,38180.46
CZ01/ERC&0&cDXHP&Ex&dxHP_equip/NE-dxHP-SplitHP-33to55-Ex-SEER14.3/instance-out.sql,67.23,18010.38,142.54,38186.97
CZ01/ERC&0&cDXHP&Ex&dxHP_equip/NE-dxHP-SplitHP-33to55-Ex-SEER15.2/instance-out.sql,67.23,18009.77,142.54,38184.95
CZ01/ERC&0&cDXHP&Ex&dxHP_equip/NE-dxHP-SplitHP-33to55-Ex-SEER16.2/instance-out.sql,67.23,18009.25,142.53,38183.20
CZ01/ERC&0&cDXHP&Ex&dxHP_equip/NE-dxHP-SplitHP-33to55-Ex-SEER17.1/instance-out.sql,67.22,18008.83,142.53,38181.79
CZ01/ERC&0&cDXHP&Ex&dxHP_equip/NE-dxHP-SplitHP-33to55-Ex-SEER18.1/instance-out.sql,67.22,18008.43,142.52,38180.46
CZ01/ESe&0&cDXHP&Ex&dxHP_equip/NE-dxHP-PkgHP-18to33-Ex-SEER13.4/instance-out.sql,177.19,1224744.65,417.36,2884878.18
CZ01/ESe&0&cDXHP&Ex&dxHP_equip/NE-dxHP-PkgHP-18to33-Ex-SEER15.2/instance-out.sql,177.17,1224665.16,417.32,2884612.70
CZ01/ESe&0&cDXHP&Ex&dxHP_equip/NE-dxHP-PkgHP-18to33-Ex-SEER16.2/instance-out.sql,177.17,1224633.06,417.31,2884505.48
CZ01/ESe&0&cDXHP&Ex&dxHP_equip/NE-dxHP-PkgHP-18to33-Ex-SEER17.1/instance-out.sql,177.17,1224607.39,417.29,2884419.76
CZ01/ESe&0&cDXHP&Ex&dxHP_equip/NE-dxHP-PkgHP-18to33-Ex-SEER18.1/instance-out.sql,177.16,1224582.99,417.28,2884338.26
CZ01/ESe&0&cDXHP&Ex&dxHP_equip/NE-dxHP-PkgHP-33to65-Ex-SEER13.4/instance-out.sql,177.19,1224744.65,417.36,2884878.18
CZ01/ESe&0&cDXHP&Ex&dxHP_equip/NE-dxHP-PkgHP-33to65-Ex-SEER15.2/instance-out.sql,177.17,1224665.16,417.32,2884612.70
CZ01/ESe&0&cDXHP&Ex&dxHP_equip/NE-dxHP-PkgHP-33to65-Ex-SEER16.2/instance-out.sql,177.17,1224633.06,417.31,2884505.48
CZ01/ESe&0&cDXHP&Ex&dxHP_equip/NE-dxHP-PkgHP-33to65-Ex-SEER17.1/instance-out.sql,177.17,1224607.39,417.29,2884419.76
CZ01/ESe&0&cDXHP&Ex&dxHP_equip/NE-dxHP-PkgHP-33to65-Ex-SEER18.1/instance-out.sql,177.16,1224582.99,417.28,2884338.26
CZ01/ESe&0&cDXHP&Ex&dxHP_equip/NE-dxHP-SplitHP-18to33-Ex-SEER14.3/instance-out.sql,177.14,1224400.00,417.19,2883727.05
CZ01/ESe&0&cDXHP&Ex&dxHP_equip/NE-dxHP-SplitHP-18to33-Ex-SEER15.2/instance-out.sql,177.13,1224363.07,417.18,2883603.72
CZ01/ESe&0&cDXHP&Ex&dxHP_equip/NE-dxHP-SplitHP-18to33-Ex-SEER16.2/instance-out.sql,177.13,1224330.97,417.16,2883496.50
CZ01/ESe&0&cDXHP&Ex&dxHP_equip/NE-dxHP-SplitHP-18to33-Ex-SEER17.1/instance-out.sql,177.12,1224305.30,417.15,2883410.78
CZ01/ESe&0&cDXHP&Ex&dxHP_equip/NE-dxHP-SplitHP-18to33-Ex-SEER18.1/instance-out.sql,177.12,1224280.91,417.14,2883329.29
CZ01/ESe&0&cDXHP&Ex&dxHP_equip/NE-dxHP-SplitHP-33to55-Ex-SEER14.3/instance-out.sql,177.14,1224400.00,417.19,2883727.05
CZ01/ESe&0&cDXHP&Ex&dxHP_equip/NE-dxHP-SplitHP-33to55-Ex-SEER15.2/instance-out.sql,177.13,1224363.07,417.18,2883603.72
CZ01/ESe&0&cDXHP&Ex&dxHP_equip/NE-dxHP-SplitHP-33to55-Ex-SEER16.2/instance-out.sql,177.13,1224330.97,417.16,2883496.50
CZ01/ESe&0&cDXHP&Ex&dxHP_equip/NE-dxHP-SplitHP-33to55-Ex-SEER17.1/instance-out.sql,177.12,1224305.30,417.15,2883410.78
CZ01/ESe&0&cDXHP&Ex&dxHP_equip/NE-dxHP-SplitHP-33to55-Ex-SEER18.1/instance-out.sql,177.12,1224280.91,417.14,2883329.29
CZ01/EUn&0&cDXHP&Ex&dxHP_equip/NE-dxHP-PkgHP-18to33-Ex-SEER13.4/instance-out.sql,97.37,7759385.64,296.87,23657971.12
CZ01/EUn&0&cDXHP&Ex&dxHP_equip/NE-dxHP-PkgHP-18to33-Ex-SEER15.2/instance-out.sql,97.35,7758042.37,296.82,23653484.60
CZ01/EUn&0&cDXHP&Ex&dxHP_equip/NE-dxHP-PkgHP-18to33-Ex-SEER16.2/instance-out.sql,97.34,7757499.87,296.79,23651672.62
CZ01/EUn&0&cDXHP&Ex&dxHP_equip/NE-dxHP-PkgHP-18to33-Ex-SEER17.1/instance-out.sql,97.34,7757066.15,296.77,23650224.00
CZ01/EUn&0&cDXHP&Ex&dxHP_equip/NE-dxHP-PkgHP-18to33-Ex-SEER18.1/instance-out.sql,97.33,7756653.82,296.76,23648846.84
CZ01/EUn&0&cDXHP&Ex&dxHP_equip/NE-dxHP-PkgHP-33to65-Ex-SEER13.4/instance-out.sql,97.37,7759385.64,296.87,23657971.12
CZ01/EUn&0&cDXHP&Ex&dxHP_equip/NE-dxHP-PkgHP-33to65-Ex-SEER15.2/instance-out.sql,97.35,7758042.37,296.82,23653484.60
CZ01/EUn&0&cDXHP&Ex&dxHP_equip/NE-dxHP-PkgHP-33to65-Ex-SEER16.2/instance-out.sql,97.34,7757499.87,296.79,23651672.62
CZ01/EUn&0&cDXHP&Ex&dxHP_equip/NE-dxHP-PkgHP-33to65-Ex-SEER17.1/instance-out.sql,97.34,7757066.15,296.77,23650224.00
CZ01/EUn&0&cDXHP&Ex&dxHP_equip/NE-dxHP-PkgHP-33to65-Ex-SEER18.1/instance-out.sql,97.33,7756653.82,296.76,23648846.84
CZ01/EUn&0&cDXHP&Ex&dxHP_equip/NE-dxHP-SplitHP-18to33-Ex-SEER14.3/instance-out.sql,97.31,7754841.63,296.68,23642794.11
CZ01/EUn&0&cDXHP&Ex&dxHP_equip/NE-dxHP-SplitHP-18to33-Ex-SEER15.2/instance-out.sql,97.30,7754217.66,296.65,23640710.04
CZ01/EUn&0&cDXHP&Ex&dxHP_equip/NE-dxHP-SplitHP-18to33-Ex-SEER16.2/instance-out.sql,97.30,7753675.15,296.63,23638898.07
CZ01/EUn&0&cDXHP&Ex&dxHP_equip/NE-dxHP-SplitHP-18to33-Ex-SEER17.1/instance-out.sql,97.29,7753241.43,296.61,23637449.45
CZ01/EUn&0&cDXHP&Ex&dxHP_equip/NE-dxHP-SplitHP-18to33-Ex-SEER18.1/instance-out.sql,97.29,7752829.11,296.60,23636072.29
CZ01/EUn&0&cDXHP&Ex&dxHP_equip/NE-dxHP-SplitHP-33to55-Ex-SEER14.3/instance-out.sql,97.31,7754841.63,296.68,23642794.11
CZ01/EUn&0&cDXHP&Ex&dxHP_equip/NE-dxHP-SplitHP-33to55-Ex-SEER15.2/instance-out.sql,97.30,7754217.66,296.65,23640710.04
CZ01/EUn&0&cDXHP&Ex&dxHP_equip/NE-dxHP-SplitHP-33to55-Ex-SEER16.2/instance-out.sql,97.30,7753675.15,296.63,23638898.07
CZ01/EUn&0&cDXHP&Ex&dxHP_equip/NE-dxHP-SplitHP-33to55-Ex-SEER17.1/instance-out.sql,97.29,7753241.43,296.61,23637449.45
CZ01/EUn&0&cDXHP&Ex&dxHP_equip/NE-dxHP-SplitHP-33to55-Ex-SEER18.1/instance-out.sql,97.29,7752829.11,296.60,23636072.29
CZ01/Gro&0&cDXHP&Ex&dxHP_equip/NE-dxHP-PkgHP-18to33-Ex-SEER13.4/instance-out.sql,267.15,1240871.05,859.53,3992425.12
CZ01/Gro&0&cDXHP&Ex&dxHP_equip/NE-dxHP-PkgHP-18to33-Ex-SEER15.2/instance-out.sql,267.14,1240844.79,859.52,3992337.41
CZ01/Gro&0&cDXHP&Ex&dxHP_equip/NE-dxHP-PkgHP-18to33-Ex-SEER16.2/instance-out.sql,267.14,1240834.19,859.51,3992301.98
CZ01/Gro&0&cDXHP&Ex&dxHP_equip/NE-dxHP-PkgHP-18to33-Ex-SEER17.1/instance-out.sql,267.14,1240825.71,859.50,3992273.66
CZ01/Gro&0&cDXHP&Ex&dxHP_equip/NE-dxHP-PkgHP-18to33-Ex-SEER18.1/instance-out.sql,267.14,1240817.65,859.50,3992246.74
CZ01/Gro&0&cDXHP&Ex&dxHP_equip/NE-dxHP-PkgHP-33to65-Ex-SEER13.4/instance-out.sql,267.15,1240871.05,859.53,3992425.12
CZ01/Gro&0&cDXHP&Ex&dxHP_equip/NE-dxHP-PkgHP-33to65-Ex-SEER15.2/instance-out.sql,267.14,1240844.79,859.52,3992337.41
CZ01/Gro&0&cDXHP&Ex&dxHP_equip/NE-dxHP-PkgHP-33to65-Ex-SEER16.2/instance-out.sql,267.14,1240834.19,859.51,3992301.98
CZ01/Gro&0&cDXHP&Ex&dxHP_equip/NE-dxHP-PkgHP-33to65-Ex-SEER17.1/instance-out.sql,267.14,1240825.71,859.50,3992273.66
CZ01/Gro&0&cDXHP&Ex&dxHP_equip/NE-dxHP-PkgHP-33to65-Ex-SEER18.1/instance-out.sql,267.14,1240817.65,859.50,3992246.74
CZ01/Gro&0&cDXHP&Ex&dxHP_equip/NE-dxHP-SplitHP-18to33-Ex-SEER14.3/instance-out.sql,266.47,1237722.68,857.27,3981909.54
CZ01/Gro&0&cDXHP&Ex&dxHP_equip/NE-dxHP-SplitHP-18to33-Ex-SEER15.2/instance-out.sql,266.47,1237710.48,857.26,3981868.80
CZ01/Gro&0&cDXHP&Ex&dxHP_equip/NE-dxHP-SplitHP-18to33-Ex-SEER16.2/instance-out.sql,266.47,1237699.87,857.25,3981833.37
CZ01/Gro&0&cDXHP&Ex&dxHP_equip/NE-dxHP-SplitHP-18to33-Ex-SEER17.1/instance-out.sql,266.46,1237691.40,857.25,3981805.05
CZ01/Gro&0&cDXHP&Ex&dxHP_equip/NE-dxHP-SplitHP-18to33-Ex-SEER18.1/instance-out.sql,266.46,1237683.33,857.24,3981778.13
CZ01/Gro&0&cDXHP&Ex&dxHP_equip/NE-dxHP-SplitHP-33to55-Ex-SEER14.3/instance-out.sql,266.47,1237722.68,857.27,3981909.54
CZ01/Gro&0&cDXHP&Ex&dxHP_equip/NE-dxHP-SplitHP-33to55-Ex-SEER15.2/instance-out.sql,266.47,1237710.48,857.26,3981868.80
CZ01/Gro&0&cDXHP&Ex&dxHP_equip/NE-dxHP-SplitHP-33to55-Ex-SEER16.2/instance-out.sql,266.47,1237699.87,857.25,3981833.37
CZ01/Gro&0&cDXHP&Ex&dxHP_equip/NE-dxHP-SplitHP-33to55-Ex-SEER17.1/instance-out.sql,266.46,1237691.40,857.25,3981805.05
CZ01/Gro&0&cDXHP&Ex&dxHP_equip/NE-dxHP-SplitHP-33to55-Ex-SEER18.1/instance-out.sql,266.46,1237683.33,857.24,3981778.13
CZ01/Hsp&0&cDXHP&Ex&dxHP_equip/NE-dxHP-PkgHP-18to33-Ex-SEER13.4/instance-out.sql,68.82,3158566.05,199.28,9146592.32
CZ01/Hsp&0&cDXHP&Ex&dxHP_equip/NE-dxHP-PkgHP-18to33-Ex-SEER15.2/instance-out.sql,68.81,3158428.42,199.27,9146132.61
CZ01/Hsp&0&cDXHP&Ex&dxHP_equip/NE-dxHP-PkgHP-18to33-Ex-SEER16.2/instance-out.sql,68.81,3158372.83,199.26,9145946.94
CZ01/Hsp&0&cDXHP&Ex&dxHP_equip/NE-dxHP-PkgHP-18to33-Ex-SEER17.1/instance-out.sql,68.81,3158328.39,199.26,9145798.51
CZ01/Hsp&0&cDXHP&Ex&dxHP_equip/NE-dxHP-PkgHP-18to33-Ex-SEER18.1/instance-out.sql,68.81,3158286.14,199.25,9145657.40
CZ01/Hsp&0&cDXHP&Ex&dxHP_equip/NE-dxHP-PkgHP-33to65-Ex-SEER13.4/instance-out.sql,68.82,3158566.05,199.28,9146592.32
CZ01/Hsp&0&cDXHP&Ex&dxHP_equip/NE-dxHP-PkgHP-33to65-Ex-SEER15.2/instance-out.sql,68.81,3158428.42,199.27,9146132.61
CZ01/Hsp&0&cDXHP&Ex&dxHP_equip/NE-dxHP-PkgHP-33to65-Ex-SEER16.2/instance-out.sql,68.81,3158372.83,199.26,9145946.94
CZ01/Hsp&0&cDXHP&Ex&dxHP_equip/NE-dxHP-PkgHP-33to65-Ex-SEER17.1/instance-out.sql,68.81,3158328.39,199.26,9145798.51
CZ01/Hsp&0&cDXHP&Ex&dxHP_equip/NE-dxHP-PkgHP-33to65-Ex-SEER18.1/instance-out.sql,68.81,3158286.14,199.25,9145657.40
CZ01/Hsp&0&cDXHP&Ex&dxHP_equip/NE-dxHP-SplitHP-18to33-Ex-SEER14.3/instance-out.sql,68.80,3158018.19,199.24,9144762.45
CZ01/Hsp&0&cDXHP&Ex&dxHP_equip/NE-dxHP-SplitHP-18to33-Ex-SEER15.2/instance-out.sql,68.80,3157954.25,199.23,9144548.90
CZ01/Hsp&0&cDXHP&Ex&dxHP_equip/NE-dxHP-SplitHP-18to33-Ex-SEER16.2/instance-out.sql,68.80,3157898.66,199.23,9144363.24
CZ01/Hsp&0&cDXHP&Ex&dxHP_equip/NE-dxHP-SplitHP-18to33-Ex-SEER17.1/instance-out.sql,68.80,3157854.22,199.22,9144214.80
CZ01/Hsp&0&cDXHP&Ex&dxHP_equip/NE-dxHP-SplitHP-18to33-Ex-SEER18.1/instance-out.sql,68.80,3157811.97,199.22,9144073.69
CZ01/Hsp&0&cDXHP&Ex&dxHP_equip/NE-dxHP-SplitHP-33to55-Ex-SEER14.3/instance-out.sql,68.80,3158018.19,199.24,9144762.45
CZ01/Hsp&0&cDXHP&Ex&dxHP_equip/NE-dxHP-SplitHP-33to55-Ex-SEER15.2/instance-out.sql,68.80,3157954.25,199.23,9144548.90
CZ01/Hsp&0&cDXHP&Ex&dxHP_equip/NE-dxHP-SplitHP-33to55-Ex-SEER16.2/instance-out.sql,68.80,3157898.66,199.23,9144363.24
CZ01/Hsp&0&cDXHP&Ex&dxHP_equip/NE-dxHP-SplitHP-33to55-Ex-SEER17.1/instance-out.sql,68.80,3157854.22,199.22,9144214.80
CZ01/Hsp&0&cDXHP&Ex&dxHP_equip/NE-dxHP-SplitHP-33to55-Ex-SEER18.1/instance-out.sql,68.80,3157811.97,199.22,9144073.69
CZ01/MBT&0&cDXHP&Ex&dxHP_equip/NE-dxHP-PkgHP-18to33-Ex-SEER13.4/instance-out.sql,216.97,8061919.10,420.69,15631320.81
CZ01/MBT&0&cDXHP&Ex&dxHP_equip/NE-dxHP-PkgHP-18to33-Ex-SEER15.2/instance-out.sql,216.97,8061784.19,420.68,15630870.20
CZ01/MBT&0&cDXHP&Ex&dxHP_equip/NE-dxHP-PkgHP-18to33-Ex-SEER16.2/instance-out.sql,216.97,8061729.70,420.67,15630688.22
CZ01/MBT&0&cDXHP&Ex&dxHP_equip/NE-dxHP-PkgHP-18to33-Ex-SEER17.1/instance-out.sql,216.97,8061686.14,420.67,15630542.72
CZ01/MBT&0&cDXHP&Ex&dxHP_equip/NE-dxHP-PkgHP-18to33-Ex-SEER18.1/instance-out.sql,216.97,8061644.73,420.67,15630404.41
CZ01/MBT&0&cDXHP&Ex&dxHP_equip/NE-dxHP-PkgHP-33to65-Ex-SEER13.4/instance-out.sql,216.97,8061919.10,420.69,15631320.81
CZ01/MBT&0&cDXHP&Ex&dxHP_equip/NE-dxHP-PkgHP-33to65-Ex-SEER15.2/instance-out.sql,216.97,8061784.19,420.68,15630870.20
CZ01/MBT&0&cDXHP&Ex&dxHP_equip/NE-dxHP-PkgHP-33to65-Ex-SEER16.2/instance-out.sql,216.97,8061729.70,420.67,15630688.22
CZ01/MBT&0&cDXHP&Ex&dxHP_equip/NE-dxHP-PkgHP-33to65-Ex-SEER17.1/instance-out.sql,216.97,8061686.14,420.67,15630542.72
CZ01/MBT&0&cDXHP&Ex&dxHP_equip/NE-dxHP-PkgHP-33to65-Ex-SEER18.1/instance-out.sql,216.97,8061644.73,420.67,15630404.41
CZ01/MBT&0&cDXHP&Ex&dxHP_equip/NE-dxHP-SplitHP-18to33-Ex-SEER14.3/instance-out.sql,216.91,8059768.51,420.50,15624137.82
CZ01/MBT&0&cDXHP&Ex&dxHP_equip/NE-dxHP-SplitHP-18to33-Ex-SEER15.2/instance-out.sql,216.91,8059705.84,420.49,15623928.50
CZ01/MBT&0&cDXHP&Ex&dxHP_equip/NE-dxHP-SplitHP-18to33-Ex-SEER16.2/instance-out.sql,216.91,8059651.35,420.49,15623746.52
CZ01/MBT&0&cDXHP&Ex&dxHP_equip/NE-dxHP-SplitHP-18to33-Ex-SEER17.1/instance-out.sql,216.91,8059607.79,420.48,15623601.02
CZ01/MBT&0&cDXHP&Ex&dxHP_equip/NE-dxHP-SplitHP-18to33-Ex-SEER18.1/instance-out.sql,216.91,8059566.38,420.48,15623462.71
CZ01/MBT&0&cDXHP&Ex&dxHP_equip/NE-dxHP-SplitHP-33to55-Ex-SEER14.3/instance-out.sql,216.91,8059768.51,420.50,15624137.82
CZ01/MBT&0&cDXHP&Ex&dxHP_equip/NE-dxHP-SplitHP-33to55-Ex-SEER15.2/instance-out.sql,216.91,8059705.84,420.49,15623928.50
CZ01/MBT&0&cDXHP&Ex&dxHP_equip/NE-dxHP-SplitHP-33to55-Ex-SEER16.2/instance-out.sql,216.91,8059651.35,420.49,15623746.52
CZ01/MBT&0&cDXHP&Ex&dxHP_equip/NE-dxHP-SplitHP-33to55-Ex-SEER17.1/instance-out.sql,216.91,8059607.79,420.48,15623601.02
CZ01/MBT&0&cDXHP&Ex&dxHP_equip/NE-dxHP-SplitHP-33to55-Ex-SEER18.1/instance-out.sql,216.91,8059566.38,420.48,15623462.71
CZ01/MLI&0&cDXHP&Ex&dxHP_equip/NE-dxHP-PkgHP-18to33-Ex-SEER13.4/instance-out.sql,101.83,946140.35,327.00,3038359.22
CZ01/MLI&0&cDXHP&Ex&dxHP_equip/NE-dxHP-PkgHP-18to33-Ex-SEER15.2/instance-out.sql,101.82,946041.31,326.96,3038028.44
CZ01/MLI&0&cDXHP&Ex&dxHP_equip/NE-dxHP-PkgHP-18to33-Ex-SEER16.2/instance-out.sql,101.81,946001.31,326.95,3037894.85
CZ01/MLI&0&cDXHP&Ex&dxHP_equip/NE-dxHP-PkgHP-18to33-Ex-SEER17.1/instance-out.sql,101.81,945969.34,326.94,3037788.05
CZ01/MLI&0&cDXHP&Ex&dxHP_equip/NE-dxHP-PkgHP-18to33-Ex-SEER18.1/instance-out.sql,101.81,945938.94,326.93,3037686.52
CZ01/MLI&0&cDXHP&Ex&dxHP_equip/NE-dxHP-PkgHP-33to65-Ex-SEER13.4/instance-out.sql,101.83,946140.35,327.00,3038359.22
CZ01/MLI&0&cDXHP&Ex&dxHP_equip/NE-dxHP-PkgHP-33to65-Ex-SEER15.2/instance-out.sql,101.82,946041.31,326.96,3038028.44
CZ01/MLI&0&cDXHP&Ex&dxHP_equip/NE-dxHP-PkgHP-33to65-Ex-SEER16.2/instance-out.sql,101.81,946001.31,326.95,3037894.85
CZ01/MLI&0&cDXHP&Ex&dxHP_equip/NE-dxHP-PkgHP-33to65-Ex-SEER17.1/instance-out.sql,101.81,945969.34,326.94,3037788.05
CZ01/MLI&0&cDXHP&Ex&dxHP_equip/NE-dxHP-PkgHP-33to65-Ex-SEER18.1/instance-out.sql,101.81,945938.94,326.93,3037686.52
CZ01/MLI&0&cDXHP&Ex&dxHP_equip/NE-dxHP-SplitHP-18to33-Ex-SEER14.3/instance-out.sql,101.55,943551.98,326.07,3029714.08
CZ01/MLI&0&cDXHP&Ex&dxHP_equip/NE-dxHP-SplitHP-18to33-Ex-SEER15.2/instance-out.sql,101.54,943505.98,326.05,3029560.43
CZ01/MLI&0&cDXHP&Ex&dxHP_equip/NE-dxHP-SplitHP-18to33-Ex-SEER16.2/instance-out.sql,101.54,943465.98,326.04,3029426.84
CZ01/MLI&0&cDXHP&Ex&dxHP_equip/NE-dxHP-SplitHP-18to33-Ex-SEER17.1/instance-out.sql,101.54,943434.01,326.03,3029320.04
CZ01/MLI&0&cDXHP&Ex&dxHP_equip/NE-dxHP-SplitHP-18to33-Ex-SEER18.1/instance-out.sql,101.53,943403.61,326.02,3029218.51
CZ01/MLI&0&cDXHP&Ex&dxHP_equip/NE-dxHP-SplitHP-33to55-Ex-SEER14.3/instance-out.sql,101.55,943551.98,326.07,3029714.08
CZ01/MLI&0&cDXHP&Ex&dxHP_equip/NE-dxHP-SplitHP-33to55-Ex-SEER15.2/instance-out.sql,101.54,943505.98,326.05,3029560.43
CZ01/MLI&0&cDXHP&Ex&dxHP_equip/NE-dxHP-SplitHP-33to55-Ex-SEER16.2/instance-out.sql,101.54,943465.98,326.04,3029426.84
CZ01/MLI&0&cDXHP&Ex&dxHP_equip/NE-dxHP-SplitHP-33to55-Ex-SEER17.1/instance-out.sql,101.54,943434.01,326.03,3029320.04
CZ01/MLI&0&cDXHP&Ex&dxHP_equip/NE-dxHP-SplitHP-33to55-Ex-SEER18.1/instance-out.sql,101.53,943403.61,326.02,3029218.51
CZ01/Mtl&0&cDXHP&Ex&dxHP_equip/NE-dxHP-PkgHP-18to33-Ex-SEER13.4/instance-out.sql,50.54,140801.61,161.60,450190.97
CZ01/Mtl&0&cDXHP&Ex&dxHP_equip/NE-dxHP-PkgHP-18to33-Ex-SEER15.2/instance-out.sql,50.52,140752.89,161.54,450028.25
CZ01/Mtl&0&cDXHP&Ex&dxHP_equip/NE-dxHP-PkgHP-18to33-Ex-SEER16.2/instance-out.sql,50.52,140733.22,161.52,449962.53
CZ01/Mtl&0&cDXHP&Ex&dxHP_equip/NE-dxHP-PkgHP-18to33-Ex-SEER17.1/instance-out.sql,50.51,140717.48,161.50,449909.99
CZ01/Mtl&0&cDXHP&Ex&dxHP_equip/NE-dxHP-PkgHP-18to33-Ex-SEER18.1/instance-out.sql,50.51,140702.53,161.48,449860.04
CZ01/Mtl&0&cDXHP&Ex&dxHP_equip/NE-dxHP-PkgHP-33to65-Ex-SEER13.4/instance-out.sql,50.54,140801.61,161.60,450190.97
CZ01/Mtl&0&cDXHP&Ex&dxHP_equip/NE-dxHP-PkgHP-33to65-Ex-SEER15.2/instance-out.sql,50.52,140752.89,161.54,450028.25
CZ01/Mtl&0&cDXHP&Ex&dxHP_equip/NE-dxHP-PkgHP-33to65-Ex-SEER16.2/instance-out.sql,50.52,140733.22,161.52,449962.53
CZ01/Mtl&0&cDXHP&Ex&dxHP_equip/NE-dxHP-PkgHP-33to65-Ex-SEER17.1/instance-out.sql,50.51,140717.48,161.50,449909.99
CZ01/Mtl&0&cDXHP&Ex&dxHP_equip/NE-dxHP-PkgHP-33to65-Ex-SEER18.1/instance-out.sql,50.51,140702.53,161.48,449860.04
CZ01/Mtl&0&cDXHP&Ex&dxHP_equip/NE-dxHP-SplitHP-18to33-Ex-SEER14.3/instance-out.sql,50.39,140365.87,161.08,448735.59
CZ01/Mtl&0&cDXHP&Ex&dxHP_equip/NE-dxHP-SplitHP-18to33-Ex-SEER15.2/instance-out.sql,50.38,140343.24,161.05,448660.01
CZ01/Mtl&0&cDXHP&Ex&dxHP_equip/NE-dxHP-SplitHP-18to33-Ex-SEER16.2/instance-out.sql,50.37,140323.56,161.03,448594.29
CZ01/Mtl&0&cDXHP&Ex&dxHP_equip/NE-dxHP-SplitHP-18to33-Ex-SEER17.1/instance-out.sql,50.37,140307.83,161.01,448541.75
CZ01/Mtl&0&cDXHP&Ex&dxHP_equip/NE-dxHP-SplitHP-18to33-Ex-SEER18.1/instance-out.sql,50.36,140292.88,160.99,448491.80
CZ01/Mtl&0&cDXHP&Ex&dxHP_equip/NE-dxHP-SplitHP-33to55-Ex-SEER14.3/instance-out.sql,50.39,140365.87,161.08,448735.59
CZ01/Mtl&0&cDXHP&Ex&dxHP_equip/NE-dxHP-SplitHP-33to55-Ex-SEER15.2/instance-out.sql,50.38,140343.24,161.05,448660.01
CZ01/Mtl&0&cDXHP&Ex&dxHP_equip/NE-dxHP-SplitHP-33to55-Ex-SEER16.2/instance-out.sql,50.37,140323.56,161.03,448594.29
CZ01/Mtl&0&cDXHP&Ex&dxHP_equip/NE-dxHP-SplitHP-33to55-Ex-SEER17.1/instance-out.sql,50.37,140307.83,161.01,448541.75
CZ01/Mtl&0&cDXHP&Ex&dxHP_equip/NE-dxHP-SplitHP-33to55-Ex-SEER18.1/instance-out.sql,50.36,140292.88,160.99,448491.80
CZ01/Nrs&0&cDXHP&Ex&dxHP_equip/NE-dxHP-PkgHP-18to33-Ex-SEER13.4/instance-out.sql,87.38,901023.91,234.64,2419675.58
CZ01/Nrs&0&cDXHP&Ex&dxHP_equip/NE-dxHP-PkgHP-18to33-Ex-SEER15.2/instance-out.sql,87.37,900955.06,234.62,2419445.61
CZ01/Nrs&0&cDXHP&Ex&dxHP_equip/NE-dxHP-PkgHP-18to33-Ex-SEER16.2/instance-out.sql,87.37,900927.25,234.61,2419352.73
CZ01/Nrs&0&cDXHP&Ex&dxHP_equip/NE-dxHP-PkgHP-18to33-Ex-SEER17.1/instance-out.sql,87.36,900905.02,234.61,2419278.48
CZ01/Nrs&0&cDXHP&Ex&dxHP_equip/NE-dxHP-PkgHP-18to33-Ex-SEER18.1/instance-out.sql,87.36,900883.88,234.60,2419207.89
CZ01/Nrs&0&cDXHP&Ex&dxHP_equip/NE-dxHP-PkgHP-33to65-Ex-SEER13.4/instance-out.sql,87.38,901023.91,234.64,2419675.58
CZ01/Nrs&0&cDXHP&Ex&dxHP_equip/NE-dxHP-PkgHP-33to65-Ex-SEER15.2/instance-out.sql,87.37,900955.06,234.62,2419445.61
CZ01/Nrs&0&cDXHP&Ex&dxHP_equip/NE-dxHP-PkgHP-33to65-Ex-SEER16.2/instance-out.sql,87.37,900927.25,234.61,2419352.73
CZ01/Nrs&0&cDXHP&Ex&dxHP_equip/NE-dxHP-PkgHP-33to65-Ex-SEER17.1/instance-out.sql,87.36,900905.02,234.61,2419278.48
CZ01/Nrs&0&cDXHP&Ex&dxHP_equip/NE-dxHP-PkgHP-33to65-Ex-SEER18.1/instance-out.sql,87.36,900883.88,234.60,2419207.89
CZ01/Nrs&0&cDXHP&Ex&dxHP_equip/NE-dxHP-SplitHP-18to33-Ex-SEER14.3/instance-out.sql,87.33,900534.92,234.49,2418042.36
CZ01/Nrs&0&cDXHP&Ex&dxHP_equip/NE-dxHP-SplitHP-18to33-Ex-SEER15.2/instance-out.sql,87.32,900502.94,234.48,2417935.54
CZ01/Nrs&0&cDXHP&Ex&dxHP_equip/NE-dxHP-SplitHP-18to33-Ex-SEER16.2/instance-out.sql,87.32,900475.13,234.47,2417842.66
CZ01/Nrs&0&cDXHP&Ex&dxHP_equip/NE-dxHP-SplitHP-18to33-Ex-SEER17.1/instance-out.sql,87.32,900452.90,234.46,2417768.41
CZ01/Nrs&0&cDXHP&Ex&dxHP_equip/NE-dxHP-SplitHP-18to33-Ex-SEER18.1/instance-out.sql,87.32,900431.77,234.45,2417697.82
CZ01/Nrs&0&cDXHP&Ex&dxHP_equip/NE-dxHP-SplitHP-33to55-Ex-SEER14.3/instance-out.sql,87.33,900534.92,234.49,2418042.36
CZ01/Nrs&0&cDXHP&Ex&dxHP_equip/NE-dxHP-SplitHP-33to55-Ex-SEER15.2/instance-out.sql,87.32,900502.94,234.48,2417935.54
CZ01/Nrs&0&cDXHP&Ex&dxHP_equip/NE-dxHP-SplitHP-33to55-Ex-SEER16.2/instance-out.sql,87.32,900475.13,234.47,2417842.66
CZ01/Nrs&0&cDXHP&Ex&dxHP_equip/NE-dxHP-SplitHP-33to55-Ex-SEER17.1/instance-out.sql,87.32,900452.90,234.46,2417768.41
CZ01/Nrs&0&cDXHP&Ex&dxHP_equip/NE-dxHP-SplitHP-33to55-Ex-SEER18.1/instance-out.sql,87.32,900431.77,234.45,2417697.82
CZ01/OfL&0&cDXHP&Ex&dxHP_equip/NE-dxHP-PkgHP-18to33-Ex-SEER13.4/instance-out.sql,70.50,2291837.96,223.22,7256556.18
CZ01/OfL&0&cDXHP&Ex&dxHP_equip/NE-dxHP-PkgHP-18to33-Ex-SEER15.2/instance-out.sql,70.48,2291204.46,223.15,7254440.29
CZ01/OfL&0&cDXHP&Ex&dxHP_equip/NE-dxHP-PkgHP-18to33-Ex-SEER16.2/instance-out.sql,70.47,2290948.60,223.13,7253585.74
CZ01/OfL&0&cDXHP&Ex&dxHP_equip/NE-dxHP-PkgHP-18to33-Ex-SEER17.1/instance-out.sql,70.47,2290744.06,223.11,7252902.55
CZ01/OfL&0&cDXHP&Ex&dxHP_equip/NE-dxHP-PkgHP-18to33-Ex-SEER18.1/instance-out.sql,70.46,2290549.60,223.09,7252253.07
CZ01/OfL&0&cDXHP&Ex&dxHP_equip/NE-dxHP-PkgHP-33to65-Ex-SEER13.4/instance-out.sql,70.50,2291837.96,223.22,7256556.18
CZ01/OfL&0&cDXHP&Ex&dxHP_equip/NE-dxHP-PkgHP-33to65-Ex-SEER15.2/instance-out.sql,70.48,2291204.46,223.15,7254440.29
CZ01/OfL&0&cDXHP&Ex&dxHP_equip/NE-dxHP-PkgHP-33to65-Ex-SEER16.2/instance-out.sql,70.47,2290948.60,223.13,7253585.74
CZ01/OfL&0&cDXHP&Ex&dxHP_equip/NE-dxHP-PkgHP-33to65-Ex-SEER17.1/instance-out.sql,70.47,2290744.06,223.11,7252902.55
CZ01/OfL&0&cDXHP&Ex&dxHP_equip/NE-dxHP-PkgHP-33to65-Ex-SEER18.1/instance-out.sql,70.46,2290549.60,223.09,7252253.07
CZ01/OfL&0&cDXHP&Ex&dxHP_equip/NE-dxHP-SplitHP-18to33-Ex-SEER14.3/instance-out.sql,70.46,2290627.67,223.10,7252513.83
CZ01/OfL&0&cDXHP&Ex&dxHP_equip/NE-dxHP-SplitHP-18to33-Ex-SEER15.2/instance-out.sql,70.45,2290333.40,223.06,7251530.96
CZ01/OfL&0&cDXHP&Ex&dxHP_equip/NE-dxHP-SplitHP-18to33-Ex-SEER16.2/instance-out.sql,70.45,2290077.55,223.04,7250676.41
CZ01/OfL&0&cDXHP&Ex&dxHP_equip/NE-dxHP-SplitHP-18to33-Ex-SEER17.1/instance-out.sql,70.44,2289873.00,223.02,7249993.23
CZ01/OfL&0&cDXHP&Ex&dxHP_equip/NE-dxHP-SplitHP-18to33-Ex-SEER18.1/instance-out.sql,70.43,2289678.55,223.00,7249343.74
CZ01/OfL&0&cDXHP&Ex&dxHP_equip/NE-dxHP-SplitHP-33to55-Ex-SEER14.3/instance-out.sql,70.46,2290627.67,223.10,7252513.83
CZ01/OfL&0&cDXHP&Ex&dxHP_equip/NE-dxHP-SplitHP-33to55-Ex-SEER15.2/instance-out.sql,70.45,2290333.40,223.06,7251530.96
CZ01/OfL&0&cDXHP&Ex&dxHP_equip/NE-dxHP-SplitHP-33to55-Ex-SEER16.2/instance-out.sql,70.45,2290077.55,223.04,7250676.41
CZ01/OfL&0&cDXHP&Ex&dxHP_equip/NE-dxHP-SplitHP-33to55-Ex-SEER17.1/instance-out.sql,70.44,2289873.00,223.02,7249993.23
CZ01/OfL&0&cDXHP&Ex&dxHP_equip/NE-dxHP-SplitHP-33to55-Ex-SEER18.1/instance-out.sql,70.43,2289678.55,223.00,7249343.74
CZ01/OfS&0&cDXHP&Ex&dxHP_equip/NE-dxHP-PkgHP-18to33-Ex-SEER13.4/instance-out.sql,69.99,130073.33,204.12,379346.69
CZ01/OfS&0&cDXHP&Ex&dxHP_equip/NE-dxHP-PkgHP-18to33-Ex-SEER15.2/instance-out.sql,69.97,130035.15,204.05,379219.15
CZ01/OfS&0&cDXHP&Ex&dxHP_equip/NE-dxHP-PkgHP-18to33-Ex-SEER16.2/instance-out.sql,69.96,130019.73,204.02,379167.64
CZ01/OfS&0&cDXHP&Ex&dxHP_equip/NE-dxHP-PkgHP-18to33-Ex-SEER17.1/instance-out.sql,69.95,130007.40,204.00,379126.46
CZ01/OfS&0&cDXHP&Ex&dxHP_equip/NE-dxHP-PkgHP-18to33-Ex-SEER18.1/instance-out.sql,69.95,129995.68,203.98,379087.31
CZ01/OfS&0&cDXHP&Ex&dxHP_equip/NE-dxHP-PkgHP-33to65-Ex-SEER13.4/instance-out.sql,69.99,130073.33,204.12,379346.69
CZ01/OfS&0&cDXHP&Ex&dxHP_equip/NE-dxHP-PkgHP-33to65-Ex-SEER15.2/instance-out.sql,69.97,130035.15,204.05,379219.15
CZ01/OfS&0&cDXHP&Ex&dxHP_equip/NE-dxHP-PkgHP-33to65-Ex-SEER16.2/instance-out.sql,69.96,130019.73,204.02,379167.64
CZ01/OfS&0&cDXHP&Ex&dxHP_equip/NE-dxHP-PkgHP-33to65-Ex-SEER17.1/instance-out.sql,69.95,130007.40,204.00,379126.46
CZ01/OfS&0&cDXHP&Ex&dxHP_equip/NE-dxHP-PkgHP-33to65-Ex-SEER18.1/instance-out.sql,69.95,129995.68,203.98,379087.31
CZ01/OfS&0&cDXHP&Ex&dxHP_equip/NE-dxHP-SplitHP-18to33-Ex-SEER14.3/instance-out.sql,69.90,129901.37,203.81,378772.34
CZ01/OfS&0&cDXHP&Ex&dxHP_equip/NE-dxHP-SplitHP-18to33-Ex-SEER15.2/instance-out.sql,69.89,129883.64,203.77,378713.10
CZ01/OfS&0&cDXHP&Ex&dxHP_equip/NE-dxHP-SplitHP-18to33-Ex-SEER16.2/instance-out.sql,69.88,129868.21,203.75,378661.59
CZ01/OfS&0&cDXHP&Ex&dxHP_equip/NE-dxHP-SplitHP-18to33-Ex-SEER17.1/instance-out.sql,69.87,129855.88,203.72,378620.41
CZ01/OfS&0&cDXHP&Ex&dxHP_equip/NE-dxHP-SplitHP-18to33-Ex-SEER18.1/instance-out.sql,69.87,129844.16,203.70,378581.26
CZ01/OfS&0&cDXHP&Ex&dxHP_equip/NE-dxHP-SplitHP-33to55-Ex-SEER14.3/instance-out.sql,69.90,129901.37,203.81,378772.34
CZ01/OfS&0&cDXHP&Ex&dxHP_equip/NE-dxHP-SplitHP-33to55-Ex-SEER15.2/instance-out.sql,69.89,129883.64,203.77,378713.10
CZ01/OfS&0&cDXHP&Ex&dxHP_equip/NE-dxHP-SplitHP-33to55-Ex-SEER16.2/instance-out.sql,69.88,129868.21,203.75,378661.59
CZ01/OfS&0&cDXHP&Ex&dxHP_equip/NE-dxHP-SplitHP-33to55-Ex-SEER17.1/instance-out.sql,69.87,129855.88,203.72,378620.41
CZ01/OfS&0&cDXHP&Ex&dxHP_equip/NE-dxHP-SplitHP-33to55-Ex-SEER18.1/instance-out.sql,69.87,129844.16,203.70,378581.26
CZ01/RFF&0&cDXHP&Ex&dxHP_equip/NE-dxHP-PkgHP-18to33-Ex-SEER13.4/instance-out.sql,271.66,100857.48,615.22,228404.27
CZ01/RFF&0&cDXHP&Ex&dxHP_equip/NE-dxHP-PkgHP-18to33-Ex-SEER15.2/instance-out.sql,271.64,100849.12,615.14,228376.37
CZ01/RFF&0&cDXHP&Ex&dxHP_equip/NE-dxHP-PkgHP-18to33-Ex-SEER16.2/instance-out.sql,271.63,100845.75,615.11,228365.10
CZ01/RFF&0&cDXHP&Ex&dxHP_equip/NE-dxHP-PkgHP-18to33-Ex-SEER17.1/instance-out.sql,271.62,100843.05,615.09,228356.10
CZ01/RFF&0&cDXHP&Ex&dxHP_equip/NE-dxHP-PkgHP-18to33-Ex-SEER18.1/instance-out.sql,271.62,100840.49,615.06,228347.53
CZ01/RFF&0&cDXHP&Ex&dxHP_equip/NE-dxHP-PkgHP-33to65-Ex-SEER13.4/instance-out.sql,271.66,100857.48,615.22,228404.27
CZ01/RFF&0&cDXHP&Ex&dxHP_equip/NE-dxHP-PkgHP-33to65-Ex-SEER15.2/instance-out.sql,271.64,100849.12,615.14,228376.37
CZ01/RFF&0&cDXHP&Ex&dxHP_equip/NE-dxHP-PkgHP-33to65-Ex-SEER16.2/instance-out.sql,271.63,100845.75,615.11,228365.10
CZ01/RFF&0&cDXHP&Ex&dxHP_equip/NE-dxHP-PkgHP-33to65-Ex-SEER17.1/instance-out.sql,271.62,100843.05,615.09,228356.10
CZ01/RFF&0&cDXHP&Ex&dxHP_equip/NE-dxHP-PkgHP-33to65-Ex-SEER18.1/instance-out.sql,271.62,100840.49,615.06,228347.53
CZ01/RFF&0&cDXHP&Ex&dxHP_equip/NE-dxHP-SplitHP-18to33-Ex-SEER14.3/instance-out.sql,271.40,100760.84,614.35,228081.50
CZ01/RFF&0&cDXHP&Ex&dxHP_equip/NE-dxHP-SplitHP-18to33-Ex-SEER15.2/instance-out.sql,271.39,100756.96,614.31,228068.54
CZ01/RFF&0&cDXHP&Ex&dxHP_equip/NE-dxHP-SplitHP-18to33-Ex-SEER16.2/instance-out.sql,271.38,100753.59,614.28,228057.27
CZ01/RFF&0&cDXHP&Ex&dxHP_equip/NE-dxHP-SplitHP-18to33-Ex-SEER17.1/instance-out.sql,271.38,100750.89,614.26,228048.27
CZ01/RFF&0&cDXHP&Ex&dxHP_equip/NE-dxHP-SplitHP-18to33-Ex-SEER18.1/instance-out.sql,271.37,100748.33,614.23,228039.70
CZ01/RFF&0&cDXHP&Ex&dxHP_equip/NE-dxHP-SplitHP-33to55-Ex-SEER14.3/instance-out.sql,271.40,100760.84,614.35,228081.50
CZ01/RFF&0&cDXHP&Ex&dxHP_equip/NE-dxHP-SplitHP-33to55-Ex-SEER15.2/instance-out.sql,271.39,100756.96,614.31,228068.54
CZ01/RFF&0&cDXHP&Ex&dxHP_equip/NE-dxHP-SplitHP-33to55-Ex-SEER16.2/instance-out.sql,271.38,100753.59,614.28,228057.27
CZ01/RFF&0&cDXHP&Ex&dxHP_equip/NE-dxHP-SplitHP-33to55-Ex-SEER17.1/instance-out.sql,271.38,100750.89,614.26,228048.27
CZ01/RFF&0&cDXHP&Ex&dxHP_equip/NE-dxHP-SplitHP-33to55-Ex-SEER18.1/instance-out.sql,271.37,100748.33,614.23,228039.70
CZ01/RSD&0&cDXHP&Ex&dxHP_equip/NE-dxHP-PkgHP-18to33-Ex-SEER13.4/instance-out.sql,238.29,248054.27,492.86,513055.69
CZ01/RSD&0&cDXHP&Ex&dxHP_equip/NE-dxHP-PkgHP-18to33-Ex-SEER15.2/instance-out.sql,238.29,248051.31,492.85,513045.80
CZ01/RSD&0&cDXHP&Ex&dxHP_equip/NE-dxHP-PkgHP-18to33-Ex-SEER16.2/instance-out.sql,238.28,248050.11,492.84,513041.80
CZ01/RSD&0&cDXHP&Ex&dxHP_equip/NE-dxHP-PkgHP-18to33-Ex-SEER17.1/instance-out.sql,238.28,248049.16,492.84,513038.61
CZ01/RSD&0&cDXHP&Ex&dxHP_equip/NE-dxHP-PkgHP-18to33-Ex-SEER18.1/instance-out.sql,238.28,248048.25,492.84,513035.57
CZ01/RSD&0&cDXHP&Ex&dxHP_equip/NE-dxHP-PkgHP-33to65-Ex-SEER13.4/instance-out.sql,238.29,248054.27,492.86,513055.69
CZ01/RSD&0&cDXHP&Ex&dxHP_equip/NE-dxHP-PkgHP-33to65-Ex-SEER15.2/instance-out.sql,238.29,248051.31,492.85,513045.80
CZ01/RSD&0&cDXHP&Ex&dxHP_equip/NE-dxHP-PkgHP-33to65-Ex-SEER16.2/instance-out.sql,238.28,248050.11,492.84,513041.80
CZ01/RSD&0&cDXHP&Ex&dxHP_equip/NE-dxHP-PkgHP-33to65-Ex-SEER17.1/instance-out.sql,238.28,248049.16,492.84,513038.61
CZ01/RSD&0&cDXHP&Ex&dxHP_equip/NE-dxHP-PkgHP-33to65-Ex-SEER18.1/instance-out.sql,238.28,248048.25,492.84,513035.57
CZ01/RSD&0&cDXHP&Ex&dxHP_equip/NE-dxHP-SplitHP-18to33-Ex-SEER14.3/instance-out.sql,238.24,248003.38,492.69,512885.71
CZ01/RSD&0&cDXHP&Ex&dxHP_equip/NE-dxHP-SplitHP-18to33-Ex-SEER15.2/instance-out.sql,238.24,248002.00,492.69,512881.12
CZ01/RSD&0&cDXHP&Ex&dxHP_equip/NE-dxHP-SplitHP-18to33-Ex-SEER16.2/instance-out.sql,238.24,248000.81,492.68,512877.12
CZ01/RSD&0&cDXHP&Ex&dxHP_equip/NE-dxHP-SplitHP-18to33-Ex-SEER17.1/instance-out.sql,238.24,247999.85,492.68,512873.93
CZ01/RSD&0&cDXHP&Ex&dxHP_equip/NE-dxHP-SplitHP-18to33-Ex-SEER18.1/instance-out.sql,238.23,247998.94,492.68,512870.89
CZ01/RSD&0&cDXHP&Ex&dxHP_equip/NE-dxHP-SplitHP-33to55-Ex-SEER14.3/instance-out.sql,238.24,248003.38,492.69,512885.71
CZ01/RSD&0&cDXHP&Ex&dxHP_equip/NE-dxHP-SplitHP-33to55-Ex-SEER15.2/instance-out.sql,238.24,248002.00,492.69,512881.12
CZ01/RSD&0&cDXHP&Ex&dxHP_equip/NE-dxHP-SplitHP-33to55-Ex-SEER16.2/instance-out.sql,238.24,248000.81,492.68,512877.12
CZ01/RSD&0&cDXHP&Ex&dxHP_equip/NE-dxHP-SplitHP-33to55-Ex-SEER17.1/instance-out.sql,238.24,247999.85,492.68,512873.93
CZ01/RSD&0&cDXHP&Ex&dxHP_equip/NE-dxHP-SplitHP-33to55-Ex-SEER18.1/instance-out.sql,238.23,247998.94,492.68,512870.89
CZ01/Rt3&0&cDXHP&Ex&dxHP_equip/NE-dxHP-PkgHP-18to33-Ex-SEER13.4/instance-out.sql,84.87,1892297.94,263.52,5875641.36
CZ01/Rt3&0&cDXHP&Ex&dxHP_equip/NE-dxHP-PkgHP-18to33-Ex-SEER15.2/instance-out.sql,84.86,1892036.28,263.48,5874767.41
CZ01/Rt3&0&cDXHP&Ex&dxHP_equip/NE-dxHP-PkgHP-18to33-Ex-SEER16.2/instance-out.sql,84.85,1891930.60,263.47,5874414.45
CZ01/Rt3&0&cDXHP&Ex&dxHP_equip/NE-dxHP-PkgHP-18to33-Ex-SEER17.1/instance-out.sql,84.85,1891846.12,263.45,5874132.26
CZ01/Rt3&0&cDXHP&Ex&dxHP_equip/NE-dxHP-PkgHP-18to33-Ex-SEER18.1/instance-out.sql,84.84,1891765.80,263.44,5873864.00
CZ01/Rt3&0&cDXHP&Ex&dxHP_equip/NE-dxHP-PkgHP-33to65-Ex-SEER13.4/instance-out.sql,84.87,1892297.94,263.52,5875641.36
CZ01/Rt3&0&cDXHP&Ex&dxHP_equip/NE-dxHP-PkgHP-33to65-Ex-SEER15.2/instance-out.sql,84.86,1892036.28,263.48,5874767.41
CZ01/Rt3&0&cDXHP&Ex&dxHP_equip/NE-dxHP-PkgHP-33to65-Ex-SEER16.2/instance-out.sql,84.85,1891930.60,263.47,5874414.45
CZ01/Rt3&0&cDXHP&Ex&dxHP_equip/NE-dxHP-PkgHP-33to65-Ex-SEER17.1/instance-out.sql,84.85,1891846.12,263.45,5874132.26
CZ01/Rt3&0&cDXHP&Ex&dxHP_equip/NE-dxHP-PkgHP-33to65-Ex-SEER18.1/instance-out.sql,84.84,1891765.80,263.44,5873864.00
CZ01/Rt3&0&cDXHP&Ex&dxHP_equip/NE-dxHP-SplitHP-18to33-Ex-SEER14.3/instance-out.sql,84.82,1891201.52,263.36,5871979.31
CZ01/Rt3&0&cDXHP&Ex&dxHP_equip/NE-dxHP-SplitHP-18to33-Ex-SEER15.2/instance-out.sql,84.81,1891079.97,263.34,5871573.34
CZ01/Rt3&0&cDXHP&Ex&dxHP_equip/NE-dxHP-SplitHP-18to33-Ex-SEER16.2/instance-out.sql,84.81,1890974.29,263.32,5871220.38
CZ01/Rt3&0&cDXHP&Ex&dxHP_equip/NE-dxHP-SplitHP-18to33-Ex-SEER17.1/instance-out.sql,84.81,1890889.81,263.31,5870938.19
CZ01/Rt3&0&cDXHP&Ex&dxHP_equip/NE-dxHP-SplitHP-18to33-Ex-SEER18.1/instance-out.sql,84.80,1890809.49,263.30,5870669.93
CZ01/Rt3&0&cDXHP&Ex&dxHP_equip/NE-dxHP-SplitHP-33to55-Ex-SEER14.3/instance-out.sql,84.82,1891201.52,263.36,5871979.31
CZ01/Rt3&0&cDXHP&Ex&dxHP_equip/NE-dxHP-SplitHP-33to55-Ex-SEER15.2/instance-out.sql,84.81,1891079.97,263.34,5871573.34
CZ01/Rt3&0&cDXHP&Ex&dxHP_equip/NE-dxHP-SplitHP-33to55-Ex-SEER16.2/instance-out.sql,84.81,1890974.29,263.32,5871220.38
CZ01/Rt3&0&cDXHP&Ex&dxHP_equip/NE-dxHP-SplitHP-33to55-Ex-SEER17.1/instance-out.sql,84.81,1890889.81,263.31,5870938.19
CZ01/Rt3&0&cDXHP&Ex&dxHP_equip/NE-dxHP-SplitHP-33to55-Ex-SEER18.1/instance-out.sql,84.80,1890809.49,263.30,5870669.93
CZ01/RtL&0&cDXHP&Ex&dxHP_equip/NE-dxHP-PkgHP-18to33-Ex-SEER13.4/instance-out.sql,157.81,1913255.57,493.00,5977117.28
CZ01/RtL&0&cDXHP&Ex&dxHP_equip/NE-dxHP-PkgHP-18to33-Ex-SEER15.2/instance-out.sql,157.78,1912955.56,492.92,5976115.23
CZ01/RtL&0&cDXHP&Ex&dxHP_equip/NE-dxHP-PkgHP-18to33-Ex-SEER16.2/instance-out.sql,157.77,1912834.39,492.88,5975710.53
CZ01/RtL&0&cDXHP&Ex&dxHP_equip/NE-dxHP-PkgHP-18to33-Ex-SEER17.1/instance-out.sql,157.76,1912737.52,492.86,5975386.99
CZ01/RtL&0&cDXHP&Ex&dxHP_equip/NE-dxHP-PkgHP-18to33-Ex-SEER18.1/instance-out.sql,157.76,1912645.43,492.83,5975079.40
CZ01/RtL&0&cDXHP&Ex&dxHP_equip/NE-dxHP-PkgHP-33to65-Ex-SEER13.4/instance-out.sql,157.81,1913255.57,493.00,5977117.28
CZ01/RtL&0&cDXHP&Ex&dxHP_equip/NE-dxHP-PkgHP-33to65-Ex-SEER15.2/instance-out.sql,157.78,1912955.56,492.92,5976115.23
CZ01/RtL&0&cDXHP&Ex&dxHP_equip/NE-dxHP-PkgHP-33to65-Ex-SEER16.2/instance-out.sql,157.77,1912834.39,492.88,5975710.53
CZ01/RtL&0&cDXHP&Ex&dxHP_equip/NE-dxHP-PkgHP-33to65-Ex-SEER17.1/instance-out.sql,157.76,1912737.52,492.86,5975386.99
CZ01/RtL&0&cDXHP&Ex&dxHP_equip/NE-dxHP-PkgHP-33to65-Ex-SEER18.1/instance-out.sql,157.76,1912645.43,492.83,5975079.40
CZ01/RtL&0&cDXHP&Ex&dxHP_equip/NE-dxHP-SplitHP-18to33-Ex-SEER14.3/instance-out.sql,157.72,1912171.41,492.70,5973496.17
CZ01/RtL&0&cDXHP&Ex&dxHP_equip/NE-dxHP-SplitHP-18to33-Ex-SEER15.2/instance-out.sql,157.71,1912032.05,492.66,5973030.70
CZ01/RtL&0&cDXHP&Ex&dxHP_equip/NE-dxHP-SplitHP-18to33-Ex-SEER16.2/instance-out.sql,157.70,1911910.88,492.63,5972626.00
CZ01/RtL&0&cDXHP&Ex&dxHP_equip/NE-dxHP-SplitHP-18to33-Ex-SEER17.1/instance-out.sql,157.69,1911814.01,492.60,5972302.45
CZ01/RtL&0&cDXHP&Ex&dxHP_equip/NE-dxHP-SplitHP-18to33-Ex-SEER18.1/instance-out.sql,157.68,1911721.92,492.58,5971994.87
CZ01/RtL&0&cDXHP&Ex&dxHP_equip/NE-dxHP-SplitHP-33to55-Ex-SEER14.3/instance-out.sql,157.72,1912171.41,492.70,5973496.17
CZ01/RtL&0&cDXHP&Ex&dxHP_equip/NE-dxHP-SplitHP-33to55-Ex-SEER15.2/instance-out.sql,157.71,1912032.05,492.66,5973030.70
CZ01/RtL&0&cDXHP&Ex&dxHP_equip/NE-dxHP-SplitHP-33to55-Ex-SEER16.2/instance-out.sql,157.70,1911910.88,492.63,5972626.00
CZ01/RtL&0&cDXHP&Ex&dxHP_equip/NE-dxHP-SplitHP-33to55-Ex-SEER17.1/instance-out.sql,157.69,1911814.01,492.60,5972302.45
CZ01/RtL&0&cDXHP&Ex&dxHP_equip/NE-dxHP-SplitHP-33to55-Ex-SEER18.1/instance-out.sql,157.68,1911721.92,492.58,5971994.87
CZ01/RtS&0&cDXHP&Ex&dxHP_equip/NE-dxHP-PkgHP-18to33-Ex-SEER13.4/instance-out.sql,80.02,118957.88,241.50,359040.49
CZ01/RtS&0&cDXHP&Ex&dxHP_equip/NE-dxHP-PkgHP-18to33-Ex-SEER15.2/instance-out.sql,80.00,118940.67,241.46,358982.99
CZ01/RtS&0&cDXHP&Ex&dxHP_equip/NE-dxHP-PkgHP-18to33-Ex-SEER16.2/instance-out.sql,80.00,118933.72,241.45,358959.77
CZ01/RtS&0&cDXHP&Ex&dxHP_equip/NE-dxHP-PkgHP-18to33-Ex-SEER17.1/instance-out.sql,80.00,118928.16,241.44,358941.21
CZ01/RtS&0&cDXHP&Ex&dxHP_equip/NE-dxHP-PkgHP-18to33-Ex-SEER18.1/instance-out.sql,79.99,118922.87,241.42,358923.56
CZ01/RtS&0&cDXHP&Ex&dxHP_equip/NE-dxHP-PkgHP-33to65-Ex-SEER13.4/instance-out.sql,80.02,118957.88,241.50,359040.49
CZ01/RtS&0&cDXHP&Ex&dxHP_equip/NE-dxHP-PkgHP-33to65-Ex-SEER15.2/instance-out.sql,80.00,118940.67,241.46,358982.99
CZ01/RtS&0&cDXHP&Ex&dxHP_equip/NE-dxHP-PkgHP-33to65-Ex-SEER16.2/instance-out.sql,80.00,118933.72,241.45,358959.77
CZ01/RtS&0&cDXHP&Ex&dxHP_equip/NE-dxHP-PkgHP-33to65-Ex-SEER17.1/instance-out.sql,80.00,118928.16,241.44,358941.21
CZ01/RtS&0&cDXHP&Ex&dxHP_equip/NE-dxHP-PkgHP-33to65-Ex-SEER18.1/instance-out.sql,79.99,118922.87,241.42,358923.56
CZ01/RtS&0&cDXHP&Ex&dxHP_equip/NE-dxHP-SplitHP-18to33-Ex-SEER14.3/instance-out.sql,79.87,118741.86,241.02,358318.97
CZ01/RtS&0&cDXHP&Ex&dxHP_equip/NE-dxHP-SplitHP-18to33-Ex-SEER15.2/instance-out.sql,79.86,118733.86,241.00,358292.27
CZ01/RtS&0&cDXHP&Ex&dxHP_equip/NE-dxHP-SplitHP-18to33-Ex-SEER16.2/instance-out.sql,79.86,118726.91,240.98,358269.04
CZ01/RtS&0&cDXHP&Ex&dxHP_equip/NE-dxHP-SplitHP-18to33-Ex-SEER17.1/instance-out.sql,79.86,118721.35,240.97,358250.48
CZ01/RtS&0&cDXHP&Ex&dxHP_equip/NE-dxHP-SplitHP-18to33-Ex-SEER18.1/instance-out.sql,79.85,118716.07,240.96,358232.83
CZ01/RtS&0&cDXHP&Ex&dxHP_equip/NE-dxHP-SplitHP-33to55-Ex-SEER14.3/instance-out.sql,79.87,118741.86,241.02,358318.97
CZ01/RtS&0&cDXHP&Ex&dxHP_equip/NE-dxHP-SplitHP-33to55-Ex-SEER15.2/instance-out.sql,79.86,118733.86,241.00,358292.27
CZ01/RtS&0&cDXHP&Ex&dxHP_equip/NE-dxHP-SplitHP-33to55-Ex-SEER16.2/instance-out.sql,79.86,118726.91,240.98,358269.04
CZ01/RtS&0&cDXHP&Ex&dxHP_equip/NE-dxHP-SplitHP-33to55-Ex-SEER17.1/instance-out.sql,79.86,118721.35,240.97,358250.48
CZ01/RtS&0&cDXHP&Ex&dxHP_equip/NE-dxHP-SplitHP-33to55-Ex-SEER18.1/instance-out.sql,79.85,118716.07,240.96,358232.83
CZ01/SCn&0&cDXHP&Ex&dxHP_equip/NE-dxHP-PkgHP-18to33-Ex-SEER13.4/instance-out.sql,66.87,3106263.23,218.75,10160871.41
CZ01/SCn&0&cDXHP&Ex&dxHP_equip/NE-dxHP-PkgHP-18to33-Ex-SEER15.2/instance-out.sql,66.87,3106135.70,218.74,10160445.45
CZ01/SCn&0&cDXHP&Ex&dxHP_equip/NE-dxHP-PkgHP-18to33-Ex-SEER16.2/instance-out.sql,66.87,3106084.19,218.73,10160273.41
CZ01/SCn&0&cDXHP&Ex&dxHP_equip/NE-dxHP-PkgHP-18to33-Ex-SEER17.1/instance-out.sql,66.87,3106043.01,218.73,10160135.88
CZ01/SCn&0&cDXHP&Ex&dxHP_equip/NE-dxHP-PkgHP-18to33-Ex-SEER18.1/instance-out.sql,66.87,3106003.86,218.73,10160005.13
CZ01/SCn&0&cDXHP&Ex&dxHP_equip/NE-dxHP-PkgHP-33to65-Ex-SEER13.4/instance-out.sql,66.87,3106263.23,218.75,10160871.41
CZ01/SCn&0&cDXHP&Ex&dxHP_equip/NE-dxHP-PkgHP-33to65-Ex-SEER15.2/instance-out.sql,66.87,3106135.70,218.74,10160445.45
CZ01/SCn&0&cDXHP&Ex&dxHP_equip/NE-dxHP-PkgHP-33to65-Ex-SEER16.2/instance-out.sql,66.87,3106084.19,218.73,10160273.41
CZ01/SCn&0&cDXHP&Ex&dxHP_equip/NE-dxHP-PkgHP-33to65-Ex-SEER17.1/instance-out.sql,66.87,3106043.01,218.73,10160135.88
CZ01/SCn&0&cDXHP&Ex&dxHP_equip/NE-dxHP-PkgHP-33to65-Ex-SEER18.1/instance-out.sql,66.87,3106003.86,218.73,10160005.13
CZ01/SCn&0&cDXHP&Ex&dxHP_equip/NE-dxHP-SplitHP-18to33-Ex-SEER14.3/instance-out.sql,66.52,3089847.80,217.57,10106043.86
CZ01/SCn&0&cDXHP&Ex&dxHP_equip/NE-dxHP-SplitHP-18to33-Ex-SEER15.2/instance-out.sql,66.52,3089788.55,217.56,10105845.99
CZ01/SCn&0&cDXHP&Ex&dxHP_equip/NE-dxHP-SplitHP-18to33-Ex-SEER16.2/instance-out.sql,66.52,3089737.05,217.56,10105673.96
CZ01/SCn&0&cDXHP&Ex&dxHP_equip/NE-dxHP-SplitHP-18to33-Ex-SEER17.1/instance-out.sql,66.52,3089695.87,217.55,10105536.43
CZ01/SCn&0&cDXHP&Ex&dxHP_equip/NE-dxHP-SplitHP-18to33-Ex-SEER18.1/instance-out.sql,66.51,3089656.72,217.55,10105405.67
CZ01/SCn&0&cDXHP&Ex&dxHP_equip/NE-dxHP-SplitHP-33to55-Ex-SEER14.3/instance-out.sql,66.52,3089847.80,217.57,10106043.86
CZ01/SCn&0&cDXHP&Ex&dxHP_equip/NE-dxHP-SplitHP-33to55-Ex-SEER15.2/instance-out.sql,66.52,3089788.55,217.56,10105845.99
CZ01/SCn&0&cDXHP&Ex&dxHP_equip/NE-dxHP-SplitHP-33to55-Ex-SEER16.2/instance-out.sql,66.52,3089737.05,217.56,10105673.96
CZ01/SCn&0&cDXHP&Ex&dxHP_equip/NE-dxHP-SplitHP-33to55-Ex-SEER17.1/instance-out.sql,66.52,3089695.87,217.55,10105536.43
CZ01/SCn&0&cDXHP&Ex&dxHP_equip/NE-dxHP-SplitHP-33to55-Ex-SEER18.1/instance-out.sql,66.51,3089656.72,217.55,10105405.67
CZ02/Asm&0&cDXHP&Ex&dxHP_equip/NE-dxHP-PkgHP-18to33-Ex-SEER13.4/instance-out.sql,105.66,667572.97,344.63,2177387.85
CZ02/Asm&0&cDXHP&Ex&dxHP_equip/NE-dxHP-PkgHP-18to33-Ex-SEER15.2/instance-out.sql,104.87,662572.22,341.99,2160685.34
CZ02/Asm&0&cDXHP&Ex&dxHP_equip/NE-dxHP-PkgHP-18to33-Ex-SEER16.2/instance-out.sql,104.55,660552.56,340.92,2153939.68
CZ02/Asm&0&cDXHP&Ex&dxHP_equip/NE-dxHP-PkgHP-18to33-Ex-SEER17.1/instance-out.sql,104.29,658937.91,340.07,2148546.73
CZ02/Asm&0&cDXHP&Ex&dxHP_equip/NE-dxHP-PkgHP-18to33-Ex-SEER18.1/instance-out.sql,104.05,657402.90,339.25,2143419.80
CZ02/Asm&0&cDXHP&Ex&dxHP_equip/NE-dxHP-PkgHP-33to65-Ex-SEER13.4/instance-out.sql,105.66,667572.97,344.63,2177387.85
CZ02/Asm&0&cDXHP&Ex&dxHP_equip/NE-dxHP-PkgHP-33to65-Ex-SEER15.2/instance-out.sql,104.87,662572.22,341.99,2160685.34
CZ02/Asm&0&cDXHP&Ex&dxHP_equip/NE-dxHP-PkgHP-33to65-Ex-SEER16.2/instance-out.sql,104.55,660552.56,340.92,2153939.68
CZ02/Asm&0&cDXHP&Ex&dxHP_equip/NE-dxHP-PkgHP-33to65-Ex-SEER17.1/instance-out.sql,104.29,658937.91,340.07,2148546.73
CZ02/Asm&0&cDXHP&Ex&dxHP_equip/NE-dxHP-PkgHP-33to65-Ex-SEER18.1/instance-out.sql,104.05,657402.90,339.25,2143419.80
CZ02/Asm&0&cDXHP&Ex&dxHP_equip/NE-dxHP-SplitHP-18to33-Ex-SEER14.3/instance-out.sql,104.83,662350.51,341.87,2159944.81
CZ02/Asm&0&cDXHP&Ex&dxHP_equip/NE-dxHP-SplitHP-18to33-Ex-SEER15.2/instance-out.sql,104.47,660027.57,340.64,2152186.19
CZ02/Asm&0&cDXHP&Ex&dxHP_equip/NE-dxHP-SplitHP-18to33-Ex-SEER16.2/instance-out.sql,104.15,658007.91,339.57,2145440.53
CZ02/Asm&0&cDXHP&Ex&dxHP_equip/NE-dxHP-SplitHP-18to33-Ex-SEER17.1/instance-out.sql,103.89,656393.25,338.72,2140047.58
CZ02/Asm&0&cDXHP&Ex&dxHP_equip/NE-dxHP-SplitHP-18to33-Ex-SEER18.1/instance-out.sql,103.65,654858.24,337.91,2134920.65
CZ02/Asm&0&cDXHP&Ex&dxHP_equip/NE-dxHP-SplitHP-33to55-Ex-SEER14.3/instance-out.sql,104.83,662350.51,341.87,2159944.81
CZ02/Asm&0&cDXHP&Ex&dxHP_equip/NE-dxHP-SplitHP-33to55-Ex-SEER15.2/instance-out.sql,104.47,660027.57,340.64,2152186.19
CZ02/Asm&0&cDXHP&Ex&dxHP_equip/NE-dxHP-SplitHP-33to55-Ex-SEER16.2/instance-out.sql,104.15,658007.91,339.57,2145440.53
CZ02/Asm&0&cDXHP&Ex&dxHP_equip/NE-dxHP-SplitHP-33to55-Ex-SEER17.1/instance-out.sql,103.89,656393.25,338.72,2140047.58
CZ02/Asm&0&cDXHP&Ex&dxHP_equip/NE-dxHP-SplitHP-33to55-Ex-SEER18.1/instance-out.sql,103.65,654858.24,337.91,2134920.65
CZ02/ECC&0&cDXHP&Ex&dxHP_equip/NE-dxHP-PkgHP-18to33-Ex-SEER13.4/instance-out.sql,98.52,2601215.89,283.67,7489624.70
CZ02/ECC&0&cDXHP&Ex&dxHP_equip/NE-dxHP-PkgHP-18to33-Ex-SEER15.2/instance-out.sql,98.18,2592134.32,282.52,7459292.22
CZ02/ECC&0&cDXHP&Ex&dxHP_equip/NE-dxHP-PkgHP-18to33-Ex-SEER16.2/instance-out.sql,98.04,2588466.53,282.06,7447041.81
CZ02/ECC&0&cDXHP&Ex&dxHP_equip/NE-dxHP-PkgHP-18to33-Ex-SEER17.1/instance-out.sql,97.93,2585534.24,281.69,7437247.98
CZ02/ECC&0&cDXHP&Ex&dxHP_equip/NE-dxHP-PkgHP-18to33-Ex-SEER18.1/instance-out.sql,97.82,2582746.60,281.34,7427937.26
CZ02/ECC&0&cDXHP&Ex&dxHP_equip/NE-dxHP-PkgHP-33to65-Ex-SEER13.4/instance-out.sql,98.52,2601215.89,283.67,7489624.70
CZ02/ECC&0&cDXHP&Ex&dxHP_equip/NE-dxHP-PkgHP-33to65-Ex-SEER15.2/instance-out.sql,98.18,2592134.32,282.52,7459292.22
CZ02/ECC&0&cDXHP&Ex&dxHP_equip/NE-dxHP-PkgHP-33to65-Ex-SEER16.2/instance-out.sql,98.04,2588466.53,282.06,7447041.81
CZ02/ECC&0&cDXHP&Ex&dxHP_equip/NE-dxHP-PkgHP-33to65-Ex-SEER17.1/instance-out.sql,97.93,2585534.24,281.69,7437247.98
CZ02/ECC&0&cDXHP&Ex&dxHP_equip/NE-dxHP-PkgHP-33to65-Ex-SEER18.1/instance-out.sql,97.82,2582746.60,281.34,7427937.26
CZ02/ECC&0&cDXHP&Ex&dxHP_equip/NE-dxHP-SplitHP-18to33-Ex-SEER14.3/instance-out.sql,98.29,2595185.85,282.91,7469484.34
CZ02/ECC&0&cDXHP&Ex&dxHP_equip/NE-dxHP-SplitHP-18to33-Ex-SEER15.2/instance-out.sql,98.13,2590967.29,282.38,7455394.35
CZ02/ECC&0&cDXHP&Ex&dxHP_equip/NE-dxHP-SplitHP-18to33-Ex-SEER16.2/instance-out.sql,98.00,2587299.50,281.91,7443143.94
CZ02/ECC&0&cDXHP&Ex&dxHP_equip/NE-dxHP-SplitHP-18to33-Ex-SEER17.1/instance-out.sql,97.88,2584367.21,281.54,7433350.11
CZ02/ECC&0&cDXHP&Ex&dxHP_equip/NE-dxHP-SplitHP-18to33-Ex-SEER18.1/instance-out.sql,97.78,2581579.57,281.19,7424039.38
CZ02/ECC&0&cDXHP&Ex&dxHP_equip/NE-dxHP-SplitHP-33to55-Ex-SEER14.3/instance-out.sql,98.29,2595185.85,282.91,7469484.34
CZ02/ECC&0&cDXHP&Ex&dxHP_equip/NE-dxHP-SplitHP-33to55-Ex-SEER15.2/instance-out.sql,98.13,2590967.29,282.38,7455394.35
CZ02/ECC&0&cDXHP&Ex&dxHP_equip/NE-dxHP-SplitHP-33to55-Ex-SEER16.2/instance-out.sql,98.00,2587299.50,281.91,7443143.94
CZ02/ECC&0&cDXHP&Ex&dxHP_equip/NE-dxHP-SplitHP-33to55-Ex-SEER17.1/instance-out.sql,97.88,2584367.21,281.54,7433350.11
CZ02/ECC&0&cDXHP&Ex&dxHP_equip/NE-dxHP-SplitHP-33to55-Ex-SEER18.1/instance-out.sql,97.78,2581579.57,281.19,7424039.38
CZ02/EPr&0&cDXHP&Ex&dxHP_equip/NE-dxHP-PkgHP-18to33-Ex-SEER13.4/instance-out.sql,105.61,399760.00,274.45,1038894.09
CZ02/EPr&0&cDXHP&Ex&dxHP_equip/NE-dxHP-PkgHP-18to33-Ex-SEER15.2/instance-out.sql,105.21,398249.03,273.12,1033847.45
CZ02/EPr&0&cDXHP&Ex&dxHP_equip/NE-dxHP-PkgHP-18to33-Ex-SEER16.2/instance-out.sql,105.05,397638.79,272.58,1031809.26
CZ02/EPr&0&cDXHP&Ex&dxHP_equip/NE-dxHP-PkgHP-18to33-Ex-SEER17.1/instance-out.sql,104.92,397150.93,272.15,1030179.79
CZ02/EPr&0&cDXHP&Ex&dxHP_equip/NE-dxHP-PkgHP-18to33-Ex-SEER18.1/instance-out.sql,104.79,396687.13,271.74,1028630.69
CZ02/EPr&0&cDXHP&Ex&dxHP_equip/NE-dxHP-PkgHP-33to65-Ex-SEER13.4/instance-out.sql,105.61,399760.00,274.45,1038894.09
CZ02/EPr&0&cDXHP&Ex&dxHP_equip/NE-dxHP-PkgHP-33to65-Ex-SEER15.2/instance-out.sql,105.21,398249.03,273.12,1033847.45
CZ02/EPr&0&cDXHP&Ex&dxHP_equip/NE-dxHP-PkgHP-33to65-Ex-SEER16.2/instance-out.sql,105.05,397638.79,272.58,1031809.26
CZ02/EPr&0&cDXHP&Ex&dxHP_equip/NE-dxHP-PkgHP-33to65-Ex-SEER17.1/instance-out.sql,104.92,397150.93,272.15,1030179.79
CZ02/EPr&0&cDXHP&Ex&dxHP_equip/NE-dxHP-PkgHP-33to65-Ex-SEER18.1/instance-out.sql,104.79,396687.13,271.74,1028630.69
CZ02/EPr&0&cDXHP&Ex&dxHP_equip/NE-dxHP-SplitHP-18to33-Ex-SEER14.3/instance-out.sql,105.30,398582.24,273.41,1034960.38
CZ02/EPr&0&cDXHP&Ex&dxHP_equip/NE-dxHP-SplitHP-18to33-Ex-SEER15.2/instance-out.sql,105.11,397880.37,272.79,1032616.13
CZ02/EPr&0&cDXHP&Ex&dxHP_equip/NE-dxHP-SplitHP-18to33-Ex-SEER16.2/instance-out.sql,104.95,397270.13,272.25,1030577.93
CZ02/EPr&0&cDXHP&Ex&dxHP_equip/NE-dxHP-SplitHP-18to33-Ex-SEER17.1/instance-out.sql,104.82,396782.27,271.82,1028948.46
CZ02/EPr&0&cDXHP&Ex&dxHP_equip/NE-dxHP-SplitHP-18to33-Ex-SEER18.1/instance-out.sql,104.70,396318.47,271.41,1027399.37
CZ02/EPr&0&cDXHP&Ex&dxHP_equip/NE-dxHP-SplitHP-33to55-Ex-SEER14.3/instance-out.sql,105.30,398582.24,273.41,1034960.38
CZ02/EPr&0&cDXHP&Ex&dxHP_equip/NE-dxHP-SplitHP-33to55-Ex-SEER15.2/instance-out.sql,105.11,397880.37,272.79,1032616.13
CZ02/EPr&0&cDXHP&Ex&dxHP_equip/NE-dxHP-SplitHP-33to55-Ex-SEER16.2/instance-out.sql,104.95,397270.13,272.25,1030577.93
CZ02/EPr&0&cDXHP&Ex&dxHP_equip/NE-dxHP-SplitHP-33to55-Ex-SEER17.1/instance-out.sql,104.82,396782.27,271.82,1028948.46
CZ02/EPr&0&cDXHP&Ex&dxHP_equip/NE-dxHP-SplitHP-33to55-Ex-SEER18.1/instance-out.sql,104.70,396318.47,271.41,1027399.37
CZ02/ERC&0&cDXHP&Ex&dxHP_equip/NE-dxHP-PkgHP-18to33-Ex-SEER13.4/instance-out.sql,70.87,18986.45,156.96,42047.50
CZ02/ERC&0&cDXHP&Ex&dxHP_equip/NE-dxHP-PkgHP-18to33-Ex-SEER15.2/instance-out.sql,70.65,18928.06,156.23,41852.47
CZ02/ERC&0&cDXHP&Ex&dxHP_equip/NE-dxHP-PkgHP-18to33-Ex-SEER16.2/instance-out.sql,70.57,18904.48,155.93,41773.70
CZ02/ERC&0&cDXHP&Ex&dxHP_equip/NE-dxHP-PkgHP-18to33-Ex-SEER17.1/instance-out.sql,70.50,18885.63,155.70,41710.73
CZ02/ERC&0&cDXHP&Ex&dxHP_equip/NE-dxHP-PkgHP-18to33-Ex-SEER18.1/instance-out.sql,70.43,18867.70,155.47,41650.87
CZ02/ERC&0&cDXHP&Ex&dxHP_equip/NE-dxHP-PkgHP-33to65-Ex-SEER13.4/instance-out.sql,70.87,18986.45,156.96,42047.50
CZ02/ERC&0&cDXHP&Ex&dxHP_equip/NE-dxHP-PkgHP-33to65-Ex-SEER15.2/instance-out.sql,70.65,18928.06,156.23,41852.47
CZ02/ERC&0&cDXHP&Ex&dxHP_equip/NE-dxHP-PkgHP-33to65-Ex-SEER16.2/instance-out.sql,70.57,18904.48,155.93,41773.70
CZ02/ERC&0&cDXHP&Ex&dxHP_equip/NE-dxHP-PkgHP-33to65-Ex-SEER17.1/instance-out.sql,70.50,18885.63,155.70,41710.73
CZ02/ERC&0&cDXHP&Ex&dxHP_equip/NE-dxHP-PkgHP-33to65-Ex-SEER18.1/instance-out.sql,70.43,18867.70,155.47,41650.87
CZ02/ERC&0&cDXHP&Ex&dxHP_equip/NE-dxHP-SplitHP-18to33-Ex-SEER14.3/instance-out.sql,70.66,18930.54,156.26,41860.73
CZ02/ERC&0&cDXHP&Ex&dxHP_equip/NE-dxHP-SplitHP-18to33-Ex-SEER15.2/instance-out.sql,70.56,18903.41,155.92,41770.14
CZ02/ERC&0&cDXHP&Ex&dxHP_equip/NE-dxHP-SplitHP-18to33-Ex-SEER16.2/instance-out.sql,70.47,18879.83,155.63,41691.37
CZ02/ERC&0&cDXHP&Ex&dxHP_equip/NE-dxHP-SplitHP-18to33-Ex-SEER17.1/instance-out.sql,70.40,18860.98,155.39,41628.40
CZ02/ERC&0&cDXHP&Ex&dxHP_equip/NE-dxHP-SplitHP-18to33-Ex-SEER18.1/instance-out.sql,70.34,18843.05,155.17,41568.54
CZ02/ERC&0&cDXHP&Ex&dxHP_equip/NE-dxHP-SplitHP-33to55-Ex-SEER14.3/instance-out.sql,70.66,18930.54,156.26,41860.73
CZ02/ERC&0&cDXHP&Ex&dxHP_equip/NE-dxHP-SplitHP-33to55-Ex-SEER15.2/instance-out.sql,70.56,18903.41,155.92,41770.14
CZ02/ERC&0&cDXHP&Ex&dxHP_equip/NE-dxHP-SplitHP-33to55-Ex-SEER16.2/instance-out.sql,70.47,18879.83,155.63,41691.37
CZ02/ERC&0&cDXHP&Ex&dxHP_equip/NE-dxHP-SplitHP-33to55-Ex-SEER17.1/instance-out.sql,70.40,18860.98,155.39,41628.40
CZ02/ERC&0&cDXHP&Ex&dxHP_equip/NE-dxHP-SplitHP-33to55-Ex-SEER18.1/instance-out.sql,70.34,18843.05,155.17,41568.54
CZ02/ESe&0&cDXHP&Ex&dxHP_equip/NE-dxHP-PkgHP-18to33-Ex-SEER13.4/instance-out.sql,178.24,1232031.32,450.85,3116358.49
CZ02/ESe&0&cDXHP&Ex&dxHP_equip/NE-dxHP-PkgHP-18to33-Ex-SEER15.2/instance-out.sql,177.98,1230260.04,449.99,3110442.44
CZ02/ESe&0&cDXHP&Ex&dxHP_equip/NE-dxHP-PkgHP-18to33-Ex-SEER16.2/instance-out.sql,177.88,1229544.68,449.65,3108053.12
CZ02/ESe&0&cDXHP&Ex&dxHP_equip/NE-dxHP-PkgHP-18to33-Ex-SEER17.1/instance-out.sql,177.80,1228972.77,449.37,3106142.93
CZ02/ESe&0&cDXHP&Ex&dxHP_equip/NE-dxHP-PkgHP-18to33-Ex-SEER18.1/instance-out.sql,177.72,1228429.06,449.11,3104326.96
CZ02/ESe&0&cDXHP&Ex&dxHP_equip/NE-dxHP-PkgHP-33to65-Ex-SEER13.4/instance-out.sql,178.24,1232031.32,450.85,3116358.49
CZ02/ESe&0&cDXHP&Ex&dxHP_equip/NE-dxHP-PkgHP-33to65-Ex-SEER15.2/instance-out.sql,177.98,1230260.04,449.99,3110442.44
CZ02/ESe&0&cDXHP&Ex&dxHP_equip/NE-dxHP-PkgHP-33to65-Ex-SEER16.2/instance-out.sql,177.88,1229544.68,449.65,3108053.12
CZ02/ESe&0&cDXHP&Ex&dxHP_equip/NE-dxHP-PkgHP-33to65-Ex-SEER17.1/instance-out.sql,177.80,1228972.77,449.37,3106142.93
CZ02/ESe&0&cDXHP&Ex&dxHP_equip/NE-dxHP-PkgHP-33to65-Ex-SEER18.1/instance-out.sql,177.72,1228429.06,449.11,3104326.96
CZ02/ESe&0&cDXHP&Ex&dxHP_equip/NE-dxHP-SplitHP-18to33-Ex-SEER14.3/instance-out.sql,178.07,1230849.33,450.28,3112410.65
CZ02/ESe&0&cDXHP&Ex&dxHP_equip/NE-dxHP-SplitHP-18to33-Ex-SEER15.2/instance-out.sql,177.95,1230026.54,449.88,3109662.54
CZ02/ESe&0&cDXHP&Ex&dxHP_equip/NE-dxHP-SplitHP-18to33-Ex-SEER16.2/instance-out.sql,177.85,1229311.18,449.53,3107273.22
CZ02/ESe&0&cDXHP&Ex&dxHP_equip/NE-dxHP-SplitHP-18to33-Ex-SEER17.1/instance-out.sql,177.76,1228739.26,449.26,3105363.03
CZ02/ESe&0&cDXHP&Ex&dxHP_equip/NE-dxHP-SplitHP-18to33-Ex-SEER18.1/instance-out.sql,177.69,1228195.56,449.00,3103547.07
CZ02/ESe&0&cDXHP&Ex&dxHP_equip/NE-dxHP-SplitHP-33to55-Ex-SEER14.3/instance-out.sql,178.07,1230849.33,450.28,3112410.65
CZ02/ESe&0&cDXHP&Ex&dxHP_equip/NE-dxHP-SplitHP-33to55-Ex-SEER15.2/instance-out.sql,177.95,1230026.54,449.88,3109662.54
CZ02/ESe&0&cDXHP&Ex&dxHP_equip/NE-dxHP-SplitHP-33to55-Ex-SEER16.2/instance-out.sql,177.85,1229311.18,449.53,3107273.22
CZ02/ESe&0&cDXHP&Ex&dxHP_equip/NE-dxHP-SplitHP-33to55-Ex-SEER17.1/instance-out.sql,177.76,1228739.26,449.26,3105363.03
CZ02/ESe&0&cDXHP&Ex&dxHP_equip/NE-dxHP-SplitHP-33to55-Ex-SEER18.1/instance-out.sql,177.69,1228195.56,449.00,3103547.07
CZ02/EUn&0&cDXHP&Ex&dxHP_equip/NE-dxHP-PkgHP-18to33-Ex-SEER13.4/instance-out.sql,104.44,8322813.92,322.60,25707998.56
CZ02/EUn&0&cDXHP&Ex&dxHP_equip/NE-dxHP-PkgHP-18to33-Ex-SEER15.2/instance-out.sql,104.09,8294837.91,321.42,25614558.70
CZ02/EUn&0&cDXHP&Ex&dxHP_equip/NE-dxHP-PkgHP-18to33-Ex-SEER16.2/instance-out.sql,103.95,8283539.21,320.95,25576821.03
CZ02/EUn&0&cDXHP&Ex&dxHP_equip/NE-dxHP-PkgHP-18to33-Ex-SEER17.1/instance-out.sql,103.83,8274506.24,320.57,25546650.92
CZ02/EUn&0&cDXHP&Ex&dxHP_equip/NE-dxHP-PkgHP-18to33-Ex-SEER18.1/instance-out.sql,103.72,8265918.85,320.21,25517969.02
CZ02/EUn&0&cDXHP&Ex&dxHP_equip/NE-dxHP-PkgHP-33to65-Ex-SEER13.4/instance-out.sql,104.44,8322813.92,322.60,25707998.56
CZ02/EUn&0&cDXHP&Ex&dxHP_equip/NE-dxHP-PkgHP-33to65-Ex-SEER15.2/instance-out.sql,104.09,8294837.91,321.42,25614558.70
CZ02/EUn&0&cDXHP&Ex&dxHP_equip/NE-dxHP-PkgHP-33to65-Ex-SEER16.2/instance-out.sql,103.95,8283539.21,320.95,25576821.03
CZ02/EUn&0&cDXHP&Ex&dxHP_equip/NE-dxHP-PkgHP-33to65-Ex-SEER17.1/instance-out.sql,103.83,8274506.24,320.57,25546650.92
CZ02/EUn&0&cDXHP&Ex&dxHP_equip/NE-dxHP-PkgHP-33to65-Ex-SEER18.1/instance-out.sql,103.72,8265918.85,320.21,25517969.02
CZ02/EUn&0&cDXHP&Ex&dxHP_equip/NE-dxHP-SplitHP-18to33-Ex-SEER14.3/instance-out.sql,104.21,8304860.25,321.84,25648033.30
CZ02/EUn&0&cDXHP&Ex&dxHP_equip/NE-dxHP-SplitHP-18to33-Ex-SEER15.2/instance-out.sql,104.05,8291864.88,321.30,25604628.76
CZ02/EUn&0&cDXHP&Ex&dxHP_equip/NE-dxHP-SplitHP-18to33-Ex-SEER16.2/instance-out.sql,103.91,8280566.18,320.83,25566891.10
CZ02/EUn&0&cDXHP&Ex&dxHP_equip/NE-dxHP-SplitHP-18to33-Ex-SEER17.1/instance-out.sql,103.80,8271533.21,320.45,25536720.99
CZ02/EUn&0&cDXHP&Ex&dxHP_equip/NE-dxHP-SplitHP-18to33-Ex-SEER18.1/instance-out.sql,103.69,8262945.81,320.09,25508039.09
CZ02/EUn&0&cDXHP&Ex&dxHP_equip/NE-dxHP-SplitHP-33to55-Ex-SEER14.3/instance-out.sql,104.21,8304860.25,321.84,25648033.30
CZ02/EUn&0&cDXHP&Ex&dxHP_equip/NE-dxHP-SplitHP-33to55-Ex-SEER15.2/instance-out.sql,104.05,8291864.88,321.30,25604628.76
CZ02/EUn&0&cDXHP&Ex&dxHP_equip/NE-dxHP-SplitHP-33to55-Ex-SEER16.2/instance-out.sql,103.91,8280566.18,320.83,25566891.10
CZ02/EUn&0&cDXHP&Ex&dxHP_equip/NE-dxHP-SplitHP-33to55-Ex-SEER17.1/instance-out.sql,103.80,8271533.21,320.45,25536720.99
CZ02/EUn&0&cDXHP&Ex&dxHP_equip/NE-dxHP-SplitHP-33to55-Ex-SEER18.1/instance-out.sql,103.69,8262945.81,320.09,25508039.09
CZ02/Gro&0&cDXHP&Ex&dxHP_equip/NE-dxHP-PkgHP-18to33-Ex-SEER13.4/instance-out.sql,356.82,1657375.22,1161.45,5394769.48
CZ02/Gro&0&cDXHP&Ex&dxHP_equip/NE-dxHP-PkgHP-18to33-Ex-SEER15.2/instance-out.sql,356.42,1655503.11,1160.10,5388516.62
CZ02/Gro&0&cDXHP&Ex&dxHP_equip/NE-dxHP-PkgHP-18to33-Ex-SEER16.2/instance-out.sql,356.25,1654747.02,1159.56,5385991.27
CZ02/Gro&0&cDXHP&Ex&dxHP_equip/NE-dxHP-PkgHP-18to33-Ex-SEER17.1/instance-out.sql,356.12,1654142.54,1159.12,5383972.32
CZ02/Gro&0&cDXHP&Ex&dxHP_equip/NE-dxHP-PkgHP-18to33-Ex-SEER18.1/instance-out.sql,356.00,1653567.89,1158.71,5382052.97
CZ02/Gro&0&cDXHP&Ex&dxHP_equip/NE-dxHP-PkgHP-33to65-Ex-SEER13.4/instance-out.sql,356.82,1657375.22,1161.45,5394769.48
CZ02/Gro&0&cDXHP&Ex&dxHP_equip/NE-dxHP-PkgHP-33to65-Ex-SEER15.2/instance-out.sql,356.42,1655503.11,1160.10,5388516.62
CZ02/Gro&0&cDXHP&Ex&dxHP_equip/NE-dxHP-PkgHP-33to65-Ex-SEER16.2/instance-out.sql,356.25,1654747.02,1159.56,5385991.27
CZ02/Gro&0&cDXHP&Ex&dxHP_equip/NE-dxHP-PkgHP-33to65-Ex-SEER17.1/instance-out.sql,356.12,1654142.54,1159.12,5383972.32
CZ02/Gro&0&cDXHP&Ex&dxHP_equip/NE-dxHP-PkgHP-33to65-Ex-SEER18.1/instance-out.sql,356.00,1653567.89,1158.71,5382052.97
CZ02/Gro&0&cDXHP&Ex&dxHP_equip/NE-dxHP-SplitHP-18to33-Ex-SEER14.3/instance-out.sql,356.18,1654431.84,1159.33,5384938.59
CZ02/Gro&0&cDXHP&Ex&dxHP_equip/NE-dxHP-SplitHP-18to33-Ex-SEER15.2/instance-out.sql,356.00,1653562.21,1158.71,5382034.02
CZ02/Gro&0&cDXHP&Ex&dxHP_equip/NE-dxHP-SplitHP-18to33-Ex-SEER16.2/instance-out.sql,355.83,1652806.12,1158.16,5379508.67
CZ02/Gro&0&cDXHP&Ex&dxHP_equip/NE-dxHP-SplitHP-18to33-Ex-SEER17.1/instance-out.sql,355.70,1652201.65,1157.73,5377489.73
CZ02/Gro&0&cDXHP&Ex&dxHP_equip/NE-dxHP-SplitHP-18to33-Ex-SEER18.1/instance-out.sql,355.58,1651626.99,1157.31,5375570.38
CZ02/Gro&0&cDXHP&Ex&dxHP_equip/NE-dxHP-SplitHP-33to55-Ex-SEER14.3/instance-out.sql,356.18,1654431.84,1159.33,5384938.59
CZ02/Gro&0&cDXHP&Ex&dxHP_equip/NE-dxHP-SplitHP-33to55-Ex-SEER15.2/instance-out.sql,356.00,1653562.21,1158.71,5382034.02
CZ02/Gro&0&cDXHP&Ex&dxHP_equip/NE-dxHP-SplitHP-33to55-Ex-SEER16.2/instance-out.sql,355.83,1652806.12,1158.16,5379508.67
CZ02/Gro&0&cDXHP&Ex&dxHP_equip/NE-dxHP-SplitHP-33to55-Ex-SEER17.1/instance-out.sql,355.70,1652201.65,1157.73,5377489.73
CZ02/Gro&0&cDXHP&Ex&dxHP_equip/NE-dxHP-SplitHP-33to55-Ex-SEER18.1/instance-out.sql,355.58,1651626.99,1157.31,5375570.38
CZ02/Hsp&0&cDXHP&Ex&dxHP_equip/NE-dxHP-PkgHP-18to33-Ex-SEER13.4/instance-out.sql,79.69,3657863.56,237.04,10879782.62
CZ02/Hsp&0&cDXHP&Ex&dxHP_equip/NE-dxHP-PkgHP-18to33-Ex-SEER15.2/instance-out.sql,79.60,3653803.94,236.74,10866223.51
CZ02/Hsp&0&cDXHP&Ex&dxHP_equip/NE-dxHP-PkgHP-18to33-Ex-SEER16.2/instance-out.sql,79.57,3652164.38,236.62,10860747.38
CZ02/Hsp&0&cDXHP&Ex&dxHP_equip/NE-dxHP-PkgHP-18to33-Ex-SEER17.1/instance-out.sql,79.54,3650853.60,236.53,10856369.38
CZ02/Hsp&0&cDXHP&Ex&dxHP_equip/NE-dxHP-PkgHP-18to33-Ex-SEER18.1/instance-out.sql,79.51,3649607.48,236.44,10852207.33
CZ02/Hsp&0&cDXHP&Ex&dxHP_equip/NE-dxHP-PkgHP-33to65-Ex-SEER13.4/instance-out.sql,79.69,3657863.56,237.04,10879782.62
CZ02/Hsp&0&cDXHP&Ex&dxHP_equip/NE-dxHP-PkgHP-33to65-Ex-SEER15.2/instance-out.sql,79.60,3653803.94,236.74,10866223.51
CZ02/Hsp&0&cDXHP&Ex&dxHP_equip/NE-dxHP-PkgHP-33to65-Ex-SEER16.2/instance-out.sql,79.57,3652164.38,236.62,10860747.38
CZ02/Hsp&0&cDXHP&Ex&dxHP_equip/NE-dxHP-PkgHP-33to65-Ex-SEER17.1/instance-out.sql,79.54,3650853.60,236.53,10856369.38
CZ02/Hsp&0&cDXHP&Ex&dxHP_equip/NE-dxHP-PkgHP-33to65-Ex-SEER18.1/instance-out.sql,79.51,3649607.48,236.44,10852207.33
CZ02/Hsp&0&cDXHP&Ex&dxHP_equip/NE-dxHP-SplitHP-18to33-Ex-SEER14.3/instance-out.sql,79.64,3655278.27,236.85,10871147.78
CZ02/Hsp&0&cDXHP&Ex&dxHP_equip/NE-dxHP-SplitHP-18to33-Ex-SEER15.2/instance-out.sql,79.60,3653392.51,236.71,10864849.33
CZ02/Hsp&0&cDXHP&Ex&dxHP_equip/NE-dxHP-SplitHP-18to33-Ex-SEER16.2/instance-out.sql,79.56,3651752.95,236.59,10859373.19
CZ02/Hsp&0&cDXHP&Ex&dxHP_equip/NE-dxHP-SplitHP-18to33-Ex-SEER17.1/instance-out.sql,79.53,3650442.17,236.50,10854995.19
CZ02/Hsp&0&cDXHP&Ex&dxHP_equip/NE-dxHP-SplitHP-18to33-Ex-SEER18.1/instance-out.sql,79.50,3649196.05,236.41,10850833.14
CZ02/Hsp&0&cDXHP&Ex&dxHP_equip/NE-dxHP-SplitHP-33to55-Ex-SEER14.3/instance-out.sql,79.64,3655278.27,236.85,10871147.78
CZ02/Hsp&0&cDXHP&Ex&dxHP_equip/NE-dxHP-SplitHP-33to55-Ex-SEER15.2/instance-out.sql,79.60,3653392.51,236.71,10864849.33
CZ02/Hsp&0&cDXHP&Ex&dxHP_equip/NE-dxHP-SplitHP-33to55-Ex-SEER16.2/instance-out.sql,79.56,3651752.95,236.59,10859373.19
CZ02/Hsp&0&cDXHP&Ex&dxHP_equip/NE-dxHP-SplitHP-33to55-Ex-SEER17.1/instance-out.sql,79.53,3650442.17,236.50,10854995.19
CZ02/Hsp&0&cDXHP&Ex&dxHP_equip/NE-dxHP-SplitHP-33to55-Ex-SEER18.1/instance-out.sql,79.50,3649196.05,236.41,10850833.14
CZ02/MBT&0&cDXHP&Ex&dxHP_equip/NE-dxHP-PkgHP-18to33-Ex-SEER13.4/instance-out.sql,186.88,6943947.92,401.90,14933187.95
CZ02/MBT&0&cDXHP&Ex&dxHP_equip/NE-dxHP-PkgHP-18to33-Ex-SEER15.2/instance-out.sql,186.76,6939432.08,401.50,14918105.05
CZ02/MBT&0&cDXHP&Ex&dxHP_equip/NE-dxHP-PkgHP-18to33-Ex-SEER16.2/instance-out.sql,186.71,6937608.27,401.33,14912013.50
CZ02/MBT&0&cDXHP&Ex&dxHP_equip/NE-dxHP-PkgHP-18to33-Ex-SEER17.1/instance-out.sql,186.67,6936150.18,401.20,14907143.50
CZ02/MBT&0&cDXHP&Ex&dxHP_equip/NE-dxHP-PkgHP-18to33-Ex-SEER18.1/instance-out.sql,186.64,6934764.02,401.08,14902513.72
CZ02/MBT&0&cDXHP&Ex&dxHP_equip/NE-dxHP-PkgHP-33to65-Ex-SEER13.4/instance-out.sql,186.88,6943947.92,401.90,14933187.95
CZ02/MBT&0&cDXHP&Ex&dxHP_equip/NE-dxHP-PkgHP-33to65-Ex-SEER15.2/instance-out.sql,186.76,6939432.08,401.50,14918105.05
CZ02/MBT&0&cDXHP&Ex&dxHP_equip/NE-dxHP-PkgHP-33to65-Ex-SEER16.2/instance-out.sql,186.71,6937608.27,401.33,14912013.50
CZ02/MBT&0&cDXHP&Ex&dxHP_equip/NE-dxHP-PkgHP-33to65-Ex-SEER17.1/instance-out.sql,186.67,6936150.18,401.20,14907143.50
CZ02/MBT&0&cDXHP&Ex&dxHP_equip/NE-dxHP-PkgHP-33to65-Ex-SEER18.1/instance-out.sql,186.64,6934764.02,401.08,14902513.72
CZ02/MBT&0&cDXHP&Ex&dxHP_equip/NE-dxHP-SplitHP-18to33-Ex-SEER14.3/instance-out.sql,186.78,6940228.64,401.57,14920765.55
CZ02/MBT&0&cDXHP&Ex&dxHP_equip/NE-dxHP-SplitHP-18to33-Ex-SEER15.2/instance-out.sql,186.73,6938130.95,401.38,14913759.27
CZ02/MBT&0&cDXHP&Ex&dxHP_equip/NE-dxHP-SplitHP-18to33-Ex-SEER16.2/instance-out.sql,186.68,6936307.14,401.21,14907667.73
CZ02/MBT&0&cDXHP&Ex&dxHP_equip/NE-dxHP-SplitHP-18to33-Ex-SEER17.1/instance-out.sql,186.64,6934849.05,401.08,14902797.72
CZ02/MBT&0&cDXHP&Ex&dxHP_equip/NE-dxHP-SplitHP-18to33-Ex-SEER18.1/instance-out.sql,186.60,6933462.89,400.96,14898167.94
CZ02/MBT&0&cDXHP&Ex&dxHP_equip/NE-dxHP-SplitHP-33to55-Ex-SEER14.3/instance-out.sql,186.78,6940228.64,401.57,14920765.55
CZ02/MBT&0&cDXHP&Ex&dxHP_equip/NE-dxHP-SplitHP-33to55-Ex-SEER15.2/instance-out.sql,186.73,6938130.95,401.38,14913759.27
CZ02/MBT&0&cDXHP&Ex&dxHP_equip/NE-dxHP-SplitHP-33to55-Ex-SEER16.2/instance-out.sql,186.68,6936307.14,401.21,14907667.73
CZ02/MBT&0&cDXHP&Ex&dxHP_equip/NE-dxHP-SplitHP-33to55-Ex-SEER17.1/instance-out.sql,186.64,6934849.05,401.08,14902797.72
CZ02/MBT&0&cDXHP&Ex&dxHP_equip/NE-dxHP-SplitHP-33to55-Ex-SEER18.1/instance-out.sql,186.60,6933462.89,400.96,14898167.94
CZ02/MLI&0&cDXHP&Ex&dxHP_equip/NE-dxHP-PkgHP-18to33-Ex-SEER13.4/instance-out.sql,106.63,990746.02,343.98,3196128.52
CZ02/MLI&0&cDXHP&Ex&dxHP_equip/NE-dxHP-PkgHP-18to33-Ex-SEER15.2/instance-out.sql,106.15,986310.60,342.39,3181314.19
CZ02/MLI&0&cDXHP&Ex&dxHP_equip/NE-dxHP-PkgHP-18to33-Ex-SEER16.2/instance-out.sql,105.96,984519.26,341.74,3175331.11
CZ02/MLI&0&cDXHP&Ex&dxHP_equip/NE-dxHP-PkgHP-18to33-Ex-SEER17.1/instance-out.sql,105.80,983087.13,341.23,3170547.82
CZ02/MLI&0&cDXHP&Ex&dxHP_equip/NE-dxHP-PkgHP-18to33-Ex-SEER18.1/instance-out.sql,105.66,981725.65,340.74,3166000.48
CZ02/MLI&0&cDXHP&Ex&dxHP_equip/NE-dxHP-PkgHP-33to65-Ex-SEER13.4/instance-out.sql,106.63,990746.02,343.98,3196128.52
CZ02/MLI&0&cDXHP&Ex&dxHP_equip/NE-dxHP-PkgHP-33to65-Ex-SEER15.2/instance-out.sql,106.15,986310.60,342.39,3181314.19
CZ02/MLI&0&cDXHP&Ex&dxHP_equip/NE-dxHP-PkgHP-33to65-Ex-SEER16.2/instance-out.sql,105.96,984519.26,341.74,3175331.11
CZ02/MLI&0&cDXHP&Ex&dxHP_equip/NE-dxHP-PkgHP-33to65-Ex-SEER17.1/instance-out.sql,105.80,983087.13,341.23,3170547.82
CZ02/MLI&0&cDXHP&Ex&dxHP_equip/NE-dxHP-PkgHP-33to65-Ex-SEER18.1/instance-out.sql,105.66,981725.65,340.74,3166000.48
CZ02/MLI&0&cDXHP&Ex&dxHP_equip/NE-dxHP-SplitHP-18to33-Ex-SEER14.3/instance-out.sql,106.17,986532.06,342.47,3182053.89
CZ02/MLI&0&cDXHP&Ex&dxHP_equip/NE-dxHP-SplitHP-18to33-Ex-SEER15.2/instance-out.sql,105.95,984471.73,341.72,3175172.36
CZ02/MLI&0&cDXHP&Ex&dxHP_equip/NE-dxHP-SplitHP-18to33-Ex-SEER16.2/instance-out.sql,105.76,982680.38,341.08,3169189.28
CZ02/MLI&0&cDXHP&Ex&dxHP_equip/NE-dxHP-SplitHP-18to33-Ex-SEER17.1/instance-out.sql,105.61,981248.26,340.57,3164405.99
CZ02/MLI&0&cDXHP&Ex&dxHP_equip/NE-dxHP-SplitHP-18to33-Ex-SEER18.1/instance-out.sql,105.46,979886.78,340.08,3159858.65
CZ02/MLI&0&cDXHP&Ex&dxHP_equip/NE-dxHP-SplitHP-33to55-Ex-SEER14.3/instance-out.sql,106.17,986532.06,342.47,3182053.89
CZ02/MLI&0&cDXHP&Ex&dxHP_equip/NE-dxHP-SplitHP-33to55-Ex-SEER15.2/instance-out.sql,105.95,984471.73,341.72,3175172.36
CZ02/MLI&0&cDXHP&Ex&dxHP_equip/NE-dxHP-SplitHP-33to55-Ex-SEER16.2/instance-out.sql,105.76,982680.38,341.08,3169189.28
CZ02/MLI&0&cDXHP&Ex&dxHP_equip/NE-dxHP-SplitHP-33to55-Ex-SEER17.1/instance-out.sql,105.61,981248.26,340.57,3164405.99
CZ02/MLI&0&cDXHP&Ex&dxHP_equip/NE-dxHP-SplitHP-33to55-Ex-SEER18.1/instance-out.sql,105.46,979886.78,340.08,3159858.65
CZ02/Mtl&0&cDXHP&Ex&dxHP_equip/NE-dxHP-PkgHP-18to33-Ex-SEER13.4/instance-out.sql,58.92,164138.37,189.84,528860.67
CZ02/Mtl&0&cDXHP&Ex&dxHP_equip/NE-dxHP-PkgHP-18to33-Ex-SEER15.2/instance-out.sql,58.55,163121.95,188.62,525465.83
CZ02/Mtl&0&cDXHP&Ex&dxHP_equip/NE-dxHP-PkgHP-18to33-Ex-SEER16.2/instance-out.sql,58.41,162711.45,188.13,524094.75
CZ02/Mtl&0&cDXHP&Ex&dxHP_equip/NE-dxHP-PkgHP-18to33-Ex-SEER17.1/instance-out.sql,58.29,162383.26,187.74,522998.61
CZ02/Mtl&0&cDXHP&Ex&dxHP_equip/NE-dxHP-PkgHP-18to33-Ex-SEER18.1/instance-out.sql,58.18,162071.27,187.36,521956.55
CZ02/Mtl&0&cDXHP&Ex&dxHP_equip/NE-dxHP-PkgHP-33to65-Ex-SEER13.4/instance-out.sql,58.92,164138.37,189.84,528860.67
CZ02/Mtl&0&cDXHP&Ex&dxHP_equip/NE-dxHP-PkgHP-33to65-Ex-SEER15.2/instance-out.sql,58.55,163121.95,188.62,525465.83
CZ02/Mtl&0&cDXHP&Ex&dxHP_equip/NE-dxHP-PkgHP-33to65-Ex-SEER16.2/instance-out.sql,58.41,162711.45,188.13,524094.75
CZ02/Mtl&0&cDXHP&Ex&dxHP_equip/NE-dxHP-PkgHP-33to65-Ex-SEER17.1/instance-out.sql,58.29,162383.26,187.74,522998.61
CZ02/Mtl&0&cDXHP&Ex&dxHP_equip/NE-dxHP-PkgHP-33to65-Ex-SEER18.1/instance-out.sql,58.18,162071.27,187.36,521956.55
CZ02/Mtl&0&cDXHP&Ex&dxHP_equip/NE-dxHP-SplitHP-18to33-Ex-SEER14.3/instance-out.sql,58.63,163327.18,188.87,526151.32
CZ02/Mtl&0&cDXHP&Ex&dxHP_equip/NE-dxHP-SplitHP-18to33-Ex-SEER15.2/instance-out.sql,58.46,162855.04,188.30,524574.35
CZ02/Mtl&0&cDXHP&Ex&dxHP_equip/NE-dxHP-SplitHP-18to33-Ex-SEER16.2/instance-out.sql,58.31,162444.54,187.81,523203.28
CZ02/Mtl&0&cDXHP&Ex&dxHP_equip/NE-dxHP-SplitHP-18to33-Ex-SEER17.1/instance-out.sql,58.19,162116.35,187.42,522107.14
CZ02/Mtl&0&cDXHP&Ex&dxHP_equip/NE-dxHP-SplitHP-18to33-Ex-SEER18.1/instance-out.sql,58.08,161804.36,187.04,521065.08
CZ02/Mtl&0&cDXHP&Ex&dxHP_equip/NE-dxHP-SplitHP-33to55-Ex-SEER14.3/instance-out.sql,58.63,163327.18,188.87,526151.32
CZ02/Mtl&0&cDXHP&Ex&dxHP_equip/NE-dxHP-SplitHP-33to55-Ex-SEER15.2/instance-out.sql,58.46,162855.04,188.30,524574.35
CZ02/Mtl&0&cDXHP&Ex&dxHP_equip/NE-dxHP-SplitHP-33to55-Ex-SEER16.2/instance-out.sql,58.31,162444.54,187.81,523203.28
CZ02/Mtl&0&cDXHP&Ex&dxHP_equip/NE-dxHP-SplitHP-33to55-Ex-SEER17.1/instance-out.sql,58.19,162116.35,187.42,522107.14
CZ02/Mtl&0&cDXHP&Ex&dxHP_equip/NE-dxHP-SplitHP-33to55-Ex-SEER18.1/instance-out.sql,58.08,161804.36,187.04,521065.08
CZ02/Nrs&0&cDXHP&Ex&dxHP_equip/NE-dxHP-PkgHP-18to33-Ex-SEER13.4/instance-out.sql,92.47,953528.35,257.20,2652229.77
CZ02/Nrs&0&cDXHP&Ex&dxHP_equip/NE-dxHP-PkgHP-18to33-Ex-SEER15.2/instance-out.sql,92.30,951765.93,256.62,2646343.27
CZ02/Nrs&0&cDXHP&Ex&dxHP_equip/NE-dxHP-PkgHP-18to33-Ex-SEER16.2/instance-out.sql,92.23,951054.14,256.39,2643965.88
CZ02/Nrs&0&cDXHP&Ex&dxHP_equip/NE-dxHP-PkgHP-18to33-Ex-SEER17.1/instance-out.sql,92.17,950485.08,256.21,2642065.23
CZ02/Nrs&0&cDXHP&Ex&dxHP_equip/NE-dxHP-PkgHP-18to33-Ex-SEER18.1/instance-out.sql,92.12,949944.09,256.03,2640258.34
CZ02/Nrs&0&cDXHP&Ex&dxHP_equip/NE-dxHP-PkgHP-33to65-Ex-SEER13.4/instance-out.sql,92.47,953528.35,257.20,2652229.77
CZ02/Nrs&0&cDXHP&Ex&dxHP_equip/NE-dxHP-PkgHP-33to65-Ex-SEER15.2/instance-out.sql,92.30,951765.93,256.62,2646343.27
CZ02/Nrs&0&cDXHP&Ex&dxHP_equip/NE-dxHP-PkgHP-33to65-Ex-SEER16.2/instance-out.sql,92.23,951054.14,256.39,2643965.88
CZ02/Nrs&0&cDXHP&Ex&dxHP_equip/NE-dxHP-PkgHP-33to65-Ex-SEER17.1/instance-out.sql,92.17,950485.08,256.21,2642065.23
CZ02/Nrs&0&cDXHP&Ex&dxHP_equip/NE-dxHP-PkgHP-33to65-Ex-SEER18.1/instance-out.sql,92.12,949944.09,256.03,2640258.34
CZ02/Nrs&0&cDXHP&Ex&dxHP_equip/NE-dxHP-SplitHP-18to33-Ex-SEER14.3/instance-out.sql,92.35,952277.67,256.79,2648052.48
CZ02/Nrs&0&cDXHP&Ex&dxHP_equip/NE-dxHP-SplitHP-18to33-Ex-SEER15.2/instance-out.sql,92.27,951458.99,256.53,2645318.09
CZ02/Nrs&0&cDXHP&Ex&dxHP_equip/NE-dxHP-SplitHP-18to33-Ex-SEER16.2/instance-out.sql,92.20,950747.19,256.29,2642940.70
CZ02/Nrs&0&cDXHP&Ex&dxHP_equip/NE-dxHP-SplitHP-18to33-Ex-SEER17.1/instance-out.sql,92.14,950178.14,256.11,2641040.05
CZ02/Nrs&0&cDXHP&Ex&dxHP_equip/NE-dxHP-SplitHP-18to33-Ex-SEER18.1/instance-out.sql,92.09,949637.15,255.93,2639233.15
CZ02/Nrs&0&cDXHP&Ex&dxHP_equip/NE-dxHP-SplitHP-33to55-Ex-SEER14.3/instance-out.sql,92.35,952277.67,256.79,2648052.48
CZ02/Nrs&0&cDXHP&Ex&dxHP_equip/NE-dxHP-SplitHP-33to55-Ex-SEER15.2/instance-out.sql,92.27,951458.99,256.53,2645318.09
CZ02/Nrs&0&cDXHP&Ex&dxHP_equip/NE-dxHP-SplitHP-33to55-Ex-SEER16.2/instance-out.sql,92.20,950747.19,256.29,2642940.70
CZ02/Nrs&0&cDXHP&Ex&dxHP_equip/NE-dxHP-SplitHP-33to55-Ex-SEER17.1/instance-out.sql,92.14,950178.14,256.11,2641040.05
CZ02/Nrs&0&cDXHP&Ex&dxHP_equip/NE-dxHP-SplitHP-33to55-Ex-SEER18.1/instance-out.sql,92.09,949637.15,255.93,2639233.15
CZ02/OfL&0&cDXHP&Ex&dxHP_equip/NE-dxHP-PkgHP-18to33-Ex-SEER13.4/instance-out.sql,80.12,2604515.48,256.77,8347282.36
CZ02/OfL&0&cDXHP&Ex&dxHP_equip/NE-dxHP-PkgHP-18to33-Ex-SEER15.2/instance-out.sql,79.73,2591929.53,255.48,8305245.28
CZ02/OfL&0&cDXHP&Ex&dxHP_equip/NE-dxHP-PkgHP-18to33-Ex-SEER16.2/instance-out.sql,79.57,2586846.43,254.96,8288267.71
CZ02/OfL&0&cDXHP&Ex&dxHP_equip/NE-dxHP-PkgHP-18to33-Ex-SEER17.1/instance-out.sql,79.45,2582782.64,254.54,8274694.66
CZ02/OfL&0&cDXHP&Ex&dxHP_equip/NE-dxHP-PkgHP-18to33-Ex-SEER18.1/instance-out.sql,79.33,2578919.31,254.14,8261791.14
CZ02/OfL&0&cDXHP&Ex&dxHP_equip/NE-dxHP-PkgHP-33to65-Ex-SEER13.4/instance-out.sql,80.12,2604515.48,256.77,8347282.36
CZ02/OfL&0&cDXHP&Ex&dxHP_equip/NE-dxHP-PkgHP-33to65-Ex-SEER15.2/instance-out.sql,79.73,2591929.53,255.48,8305245.28
CZ02/OfL&0&cDXHP&Ex&dxHP_equip/NE-dxHP-PkgHP-33to65-Ex-SEER16.2/instance-out.sql,79.57,2586846.43,254.96,8288267.71
CZ02/OfL&0&cDXHP&Ex&dxHP_equip/NE-dxHP-PkgHP-33to65-Ex-SEER17.1/instance-out.sql,79.45,2582782.64,254.54,8274694.66
CZ02/OfL&0&cDXHP&Ex&dxHP_equip/NE-dxHP-PkgHP-33to65-Ex-SEER18.1/instance-out.sql,79.33,2578919.31,254.14,8261791.14
CZ02/OfL&0&cDXHP&Ex&dxHP_equip/NE-dxHP-SplitHP-18to33-Ex-SEER14.3/instance-out.sql,79.89,2597138.81,256.01,8322644.29
CZ02/OfL&0&cDXHP&Ex&dxHP_equip/NE-dxHP-SplitHP-18to33-Ex-SEER15.2/instance-out.sql,79.71,2591292.41,255.41,8303117.29
CZ02/OfL&0&cDXHP&Ex&dxHP_equip/NE-dxHP-SplitHP-18to33-Ex-SEER16.2/instance-out.sql,79.55,2586209.30,254.89,8286139.72
CZ02/OfL&0&cDXHP&Ex&dxHP_equip/NE-dxHP-SplitHP-18to33-Ex-SEER17.1/instance-out.sql,79.43,2582145.52,254.47,8272566.67
CZ02/OfL&0&cDXHP&Ex&dxHP_equip/NE-dxHP-SplitHP-18to33-Ex-SEER18.1/instance-out.sql,79.31,2578282.19,254.08,8259663.15
CZ02/OfL&0&cDXHP&Ex&dxHP_equip/NE-dxHP-SplitHP-33to55-Ex-SEER14.3/instance-out.sql,79.89,2597138.81,256.01,8322644.29
CZ02/OfL&0&cDXHP&Ex&dxHP_equip/NE-dxHP-SplitHP-33to55-Ex-SEER15.2/instance-out.sql,79.71,2591292.41,255.41,8303117.29
CZ02/OfL&0&cDXHP&Ex&dxHP_equip/NE-dxHP-SplitHP-33to55-Ex-SEER16.2/instance-out.sql,79.55,2586209.30,254.89,8286139.72
CZ02/OfL&0&cDXHP&Ex&dxHP_equip/NE-dxHP-SplitHP-33to55-Ex-SEER17.1/instance-out.sql,79.43,2582145.52,254.47,8272566.67
CZ02/OfL&0&cDXHP&Ex&dxHP_equip/NE-dxHP-SplitHP-33to55-Ex-SEER18.1/instance-out.sql,79.31,2578282.19,254.08,8259663.15
CZ02/OfS&0&cDXHP&Ex&dxHP_equip/NE-dxHP-PkgHP-18to33-Ex-SEER13.4/instance-out.sql,80.64,149869.41,241.67,449136.85
CZ02/OfS&0&cDXHP&Ex&dxHP_equip/NE-dxHP-PkgHP-18to33-Ex-SEER15.2/instance-out.sql,80.17,148988.00,240.08,446192.92
CZ02/OfS&0&cDXHP&Ex&dxHP_equip/NE-dxHP-PkgHP-18to33-Ex-SEER16.2/instance-out.sql,79.97,148632.02,239.44,445003.95
CZ02/OfS&0&cDXHP&Ex&dxHP_equip/NE-dxHP-PkgHP-18to33-Ex-SEER17.1/instance-out.sql,79.82,148347.42,238.93,444053.40
CZ02/OfS&0&cDXHP&Ex&dxHP_equip/NE-dxHP-PkgHP-18to33-Ex-SEER18.1/instance-out.sql,79.68,148076.87,238.45,443149.75
CZ02/OfS&0&cDXHP&Ex&dxHP_equip/NE-dxHP-PkgHP-33to65-Ex-SEER13.4/instance-out.sql,80.64,149869.41,241.67,449136.85
CZ02/OfS&0&cDXHP&Ex&dxHP_equip/NE-dxHP-PkgHP-33to65-Ex-SEER15.2/instance-out.sql,80.17,148988.00,240.08,446192.92
CZ02/OfS&0&cDXHP&Ex&dxHP_equip/NE-dxHP-PkgHP-33to65-Ex-SEER16.2/instance-out.sql,79.97,148632.02,239.44,445003.95
CZ02/OfS&0&cDXHP&Ex&dxHP_equip/NE-dxHP-PkgHP-33to65-Ex-SEER17.1/instance-out.sql,79.82,148347.42,238.93,444053.40
CZ02/OfS&0&cDXHP&Ex&dxHP_equip/NE-dxHP-PkgHP-33to65-Ex-SEER18.1/instance-out.sql,79.68,148076.87,238.45,443149.75
CZ02/OfS&0&cDXHP&Ex&dxHP_equip/NE-dxHP-SplitHP-18to33-Ex-SEER14.3/instance-out.sql,80.33,149299.35,240.64,447232.85
CZ02/OfS&0&cDXHP&Ex&dxHP_equip/NE-dxHP-SplitHP-18to33-Ex-SEER15.2/instance-out.sql,80.11,148889.92,239.91,445865.34
CZ02/OfS&0&cDXHP&Ex&dxHP_equip/NE-dxHP-SplitHP-18to33-Ex-SEER16.2/instance-out.sql,79.92,148533.94,239.27,444676.37
CZ02/OfS&0&cDXHP&Ex&dxHP_equip/NE-dxHP-SplitHP-18to33-Ex-SEER17.1/instance-out.sql,79.77,148249.35,238.76,443725.82
CZ02/OfS&0&cDXHP&Ex&dxHP_equip/NE-dxHP-SplitHP-18to33-Ex-SEER18.1/instance-out.sql,79.62,147978.79,238.27,442822.17
CZ02/OfS&0&cDXHP&Ex&dxHP_equip/NE-dxHP-SplitHP-33to55-Ex-SEER14.3/instance-out.sql,80.33,149299.35,240.64,447232.85
CZ02/OfS&0&cDXHP&Ex&dxHP_equip/NE-dxHP-SplitHP-33to55-Ex-SEER15.2/instance-out.sql,80.11,148889.92,239.91,445865.34
CZ02/OfS&0&cDXHP&Ex&dxHP_equip/NE-dxHP-SplitHP-33to55-Ex-SEER16.2/instance-out.sql,79.92,148533.94,239.27,444676.37
CZ02/OfS&0&cDXHP&Ex&dxHP_equip/NE-dxHP-SplitHP-33to55-Ex-SEER17.1/instance-out.sql,79.77,148249.35,238.76,443725.82
CZ02/OfS&0&cDXHP&Ex&dxHP_equip/NE-dxHP-SplitHP-33to55-Ex-SEER18.1/instance-out.sql,79.62,147978.79,238.27,442822.17
CZ02/RFF&0&cDXHP&Ex&dxHP_equip/NE-dxHP-PkgHP-18to33-Ex-SEER13.4/instance-out.sql,294.13,109199.38,700.98,260244.85
CZ02/RFF&0&cDXHP&Ex&dxHP_equip/NE-dxHP-PkgHP-18to33-Ex-SEER15.2/instance-out.sql,293.46,108949.93,698.74,259411.68
CZ02/RFF&0&cDXHP&Ex&dxHP_equip/NE-dxHP-PkgHP-18to33-Ex-SEER16.2/instance-out.sql,293.19,108849.18,697.83,259075.19
CZ02/RFF&0&cDXHP&Ex&dxHP_equip/NE-dxHP-PkgHP-18to33-Ex-SEER17.1/instance-out.sql,292.97,108768.64,697.10,258806.18
CZ02/RFF&0&cDXHP&Ex&dxHP_equip/NE-dxHP-PkgHP-18to33-Ex-SEER18.1/instance-out.sql,292.77,108692.07,696.42,258550.43
CZ02/RFF&0&cDXHP&Ex&dxHP_equip/NE-dxHP-PkgHP-33to65-Ex-SEER13.4/instance-out.sql,294.13,109199.38,700.98,260244.85
CZ02/RFF&0&cDXHP&Ex&dxHP_equip/NE-dxHP-PkgHP-33to65-Ex-SEER15.2/instance-out.sql,293.46,108949.93,698.74,259411.68
CZ02/RFF&0&cDXHP&Ex&dxHP_equip/NE-dxHP-PkgHP-33to65-Ex-SEER16.2/instance-out.sql,293.19,108849.18,697.83,259075.19
CZ02/RFF&0&cDXHP&Ex&dxHP_equip/NE-dxHP-PkgHP-33to65-Ex-SEER17.1/instance-out.sql,292.97,108768.64,697.10,258806.18
CZ02/RFF&0&cDXHP&Ex&dxHP_equip/NE-dxHP-PkgHP-33to65-Ex-SEER18.1/instance-out.sql,292.77,108692.07,696.42,258550.43
CZ02/RFF&0&cDXHP&Ex&dxHP_equip/NE-dxHP-SplitHP-18to33-Ex-SEER14.3/instance-out.sql,293.60,109002.75,699.21,259588.09
CZ02/RFF&0&cDXHP&Ex&dxHP_equip/NE-dxHP-SplitHP-18to33-Ex-SEER15.2/instance-out.sql,293.29,108886.87,698.17,259201.06
CZ02/RFF&0&cDXHP&Ex&dxHP_equip/NE-dxHP-SplitHP-18to33-Ex-SEER16.2/instance-out.sql,293.02,108786.13,697.26,258864.57
CZ02/RFF&0&cDXHP&Ex&dxHP_equip/NE-dxHP-SplitHP-18to33-Ex-SEER17.1/instance-out.sql,292.80,108705.58,696.54,258595.56
CZ02/RFF&0&cDXHP&Ex&dxHP_equip/NE-dxHP-SplitHP-18to33-Ex-SEER18.1/instance-out.sql,292.60,108629.01,695.85,258339.81
CZ02/RFF&0&cDXHP&Ex&dxHP_equip/NE-dxHP-SplitHP-33to55-Ex-SEER14.3/instance-out.sql,293.60,109002.75,699.21,259588.09
CZ02/RFF&0&cDXHP&Ex&dxHP_equip/NE-dxHP-SplitHP-33to55-Ex-SEER15.2/instance-out.sql,293.29,108886.87,698.17,259201.06
CZ02/RFF&0&cDXHP&Ex&dxHP_equip/NE-dxHP-SplitHP-33to55-Ex-SEER16.2/instance-out.sql,293.02,108786.13,697.26,258864.57
CZ02/RFF&0&cDXHP&Ex&dxHP_equip/NE-dxHP-SplitHP-33to55-Ex-SEER17.1/instance-out.sql,292.80,108705.58,696.54,258595.56
CZ02/RFF&0&cDXHP&Ex&dxHP_equip/NE-dxHP-SplitHP-33to55-Ex-SEER18.1/instance-out.sql,292.60,108629.01,695.85,258339.81
CZ02/RSD&0&cDXHP&Ex&dxHP_equip/NE-dxHP-PkgHP-18to33-Ex-SEER13.4/instance-out.sql,243.59,253578.34,524.41,545901.07
CZ02/RSD&0&cDXHP&Ex&dxHP_equip/NE-dxHP-PkgHP-18to33-Ex-SEER15.2/instance-out.sql,243.48,253459.91,524.03,545505.52
CZ02/RSD&0&cDXHP&Ex&dxHP_equip/NE-dxHP-PkgHP-18to33-Ex-SEER16.2/instance-out.sql,243.43,253412.08,523.87,545345.76
CZ02/RSD&0&cDXHP&Ex&dxHP_equip/NE-dxHP-PkgHP-18to33-Ex-SEER17.1/instance-out.sql,243.40,253373.84,523.75,545218.04
CZ02/RSD&0&cDXHP&Ex&dxHP_equip/NE-dxHP-PkgHP-18to33-Ex-SEER18.1/instance-out.sql,243.36,253337.49,523.64,545096.62
CZ02/RSD&0&cDXHP&Ex&dxHP_equip/NE-dxHP-PkgHP-33to65-Ex-SEER13.4/instance-out.sql,243.59,253578.34,524.41,545901.07
CZ02/RSD&0&cDXHP&Ex&dxHP_equip/NE-dxHP-PkgHP-33to65-Ex-SEER15.2/instance-out.sql,243.48,253459.91,524.03,545505.52
CZ02/RSD&0&cDXHP&Ex&dxHP_equip/NE-dxHP-PkgHP-33to65-Ex-SEER16.2/instance-out.sql,243.43,253412.08,523.87,545345.76
CZ02/RSD&0&cDXHP&Ex&dxHP_equip/NE-dxHP-PkgHP-33to65-Ex-SEER17.1/instance-out.sql,243.40,253373.84,523.75,545218.04
CZ02/RSD&0&cDXHP&Ex&dxHP_equip/NE-dxHP-PkgHP-33to65-Ex-SEER18.1/instance-out.sql,243.36,253337.49,523.64,545096.62
CZ02/RSD&0&cDXHP&Ex&dxHP_equip/NE-dxHP-SplitHP-18to33-Ex-SEER14.3/instance-out.sql,243.50,253484.21,524.11,545586.66
CZ02/RSD&0&cDXHP&Ex&dxHP_equip/NE-dxHP-SplitHP-18to33-Ex-SEER15.2/instance-out.sql,243.45,253429.19,523.93,545402.92
CZ02/RSD&0&cDXHP&Ex&dxHP_equip/NE-dxHP-SplitHP-18to33-Ex-SEER16.2/instance-out.sql,243.41,253381.36,523.78,545243.16
CZ02/RSD&0&cDXHP&Ex&dxHP_equip/NE-dxHP-SplitHP-18to33-Ex-SEER17.1/instance-out.sql,243.37,253343.12,523.65,545115.45
CZ02/RSD&0&cDXHP&Ex&dxHP_equip/NE-dxHP-SplitHP-18to33-Ex-SEER18.1/instance-out.sql,243.33,253306.77,523.54,544994.03
CZ02/RSD&0&cDXHP&Ex&dxHP_equip/NE-dxHP-SplitHP-33to55-Ex-SEER14.3/instance-out.sql,243.50,253484.21,524.11,545586.66
CZ02/RSD&0&cDXHP&Ex&dxHP_equip/NE-dxHP-SplitHP-33to55-Ex-SEER15.2/instance-out.sql,243.45,253429.19,523.93,545402.92
CZ02/RSD&0&cDXHP&Ex&dxHP_equip/NE-dxHP-SplitHP-33to55-Ex-SEER16.2/instance-out.sql,243.41,253381.36,523.78,545243.16
CZ02/RSD&0&cDXHP&Ex&dxHP_equip/NE-dxHP-SplitHP-33to55-Ex-SEER17.1/instance-out.sql,243.37,253343.12,523.65,545115.45
CZ02/RSD&0&cDXHP&Ex&dxHP_equip/NE-dxHP-SplitHP-33to55-Ex-SEER18.1/instance-out.sql,243.33,253306.77,523.54,544994.03
CZ02/Rt3&0&cDXHP&Ex&dxHP_equip/NE-dxHP-PkgHP-18to33-Ex-SEER13.4/instance-out.sql,93.54,2085697.15,294.05,6556331.71
CZ02/Rt3&0&cDXHP&Ex&dxHP_equip/NE-dxHP-PkgHP-18to33-Ex-SEER15.2/instance-out.sql,93.11,2076076.66,292.61,6524199.29
CZ02/Rt3&0&cDXHP&Ex&dxHP_equip/NE-dxHP-PkgHP-18to33-Ex-SEER16.2/instance-out.sql,92.94,2072191.23,292.03,6511221.93
CZ02/Rt3&0&cDXHP&Ex&dxHP_equip/NE-dxHP-PkgHP-18to33-Ex-SEER17.1/instance-out.sql,92.80,2069084.94,291.56,6500846.93
CZ02/Rt3&0&cDXHP&Ex&dxHP_equip/NE-dxHP-PkgHP-18to33-Ex-SEER18.1/instance-out.sql,92.67,2066131.87,291.12,6490983.70
CZ02/Rt3&0&cDXHP&Ex&dxHP_equip/NE-dxHP-PkgHP-33to65-Ex-SEER13.4/instance-out.sql,93.54,2085697.15,294.05,6556331.71
CZ02/Rt3&0&cDXHP&Ex&dxHP_equip/NE-dxHP-PkgHP-33to65-Ex-SEER15.2/instance-out.sql,93.11,2076076.66,292.61,6524199.29
CZ02/Rt3&0&cDXHP&Ex&dxHP_equip/NE-dxHP-PkgHP-33to65-Ex-SEER16.2/instance-out.sql,92.94,2072191.23,292.03,6511221.93
CZ02/Rt3&0&cDXHP&Ex&dxHP_equip/NE-dxHP-PkgHP-33to65-Ex-SEER17.1/instance-out.sql,92.80,2069084.94,291.56,6500846.93
CZ02/Rt3&0&cDXHP&Ex&dxHP_equip/NE-dxHP-PkgHP-33to65-Ex-SEER18.1/instance-out.sql,92.67,2066131.87,291.12,6490983.70
CZ02/Rt3&0&cDXHP&Ex&dxHP_equip/NE-dxHP-SplitHP-18to33-Ex-SEER14.3/instance-out.sql,93.27,2079583.78,293.13,6535913.06
CZ02/Rt3&0&cDXHP&Ex&dxHP_equip/NE-dxHP-SplitHP-18to33-Ex-SEER15.2/instance-out.sql,93.07,2075114.89,292.46,6520986.96
CZ02/Rt3&0&cDXHP&Ex&dxHP_equip/NE-dxHP-SplitHP-18to33-Ex-SEER16.2/instance-out.sql,92.89,2071229.45,291.88,6508009.60
CZ02/Rt3&0&cDXHP&Ex&dxHP_equip/NE-dxHP-SplitHP-18to33-Ex-SEER17.1/instance-out.sql,92.75,2068123.16,291.42,6497634.60
CZ02/Rt3&0&cDXHP&Ex&dxHP_equip/NE-dxHP-SplitHP-18to33-Ex-SEER18.1/instance-out.sql,92.62,2065170.10,290.97,6487771.37
CZ02/Rt3&0&cDXHP&Ex&dxHP_equip/NE-dxHP-SplitHP-33to55-Ex-SEER14.3/instance-out.sql,93.27,2079583.78,293.13,6535913.06
CZ02/Rt3&0&cDXHP&Ex&dxHP_equip/NE-dxHP-SplitHP-33to55-Ex-SEER15.2/instance-out.sql,93.07,2075114.89,292.46,6520986.96
CZ02/Rt3&0&cDXHP&Ex&dxHP_equip/NE-dxHP-SplitHP-33to55-Ex-SEER16.2/instance-out.sql,92.89,2071229.45,291.88,6508009.60
CZ02/Rt3&0&cDXHP&Ex&dxHP_equip/NE-dxHP-SplitHP-33to55-Ex-SEER17.1/instance-out.sql,92.75,2068123.16,291.42,6497634.60
CZ02/Rt3&0&cDXHP&Ex&dxHP_equip/NE-dxHP-SplitHP-33to55-Ex-SEER18.1/instance-out.sql,92.62,2065170.10,290.97,6487771.37
CZ02/RtL&0&cDXHP&Ex&dxHP_equip/NE-dxHP-PkgHP-18to33-Ex-SEER13.4/instance-out.sql,171.63,2080789.28,541.19,6561426.29
CZ02/RtL&0&cDXHP&Ex&dxHP_equip/NE-dxHP-PkgHP-18to33-Ex-SEER15.2/instance-out.sql,170.80,2070724.36,538.42,6527809.45
CZ02/RtL&0&cDXHP&Ex&dxHP_equip/NE-dxHP-PkgHP-18to33-Ex-SEER16.2/instance-out.sql,170.46,2066659.43,537.30,6514232.57
CZ02/RtL&0&cDXHP&Ex&dxHP_equip/NE-dxHP-PkgHP-18to33-Ex-SEER17.1/instance-out.sql,170.19,2063409.64,536.41,6503378.28
CZ02/RtL&0&cDXHP&Ex&dxHP_equip/NE-dxHP-PkgHP-18to33-Ex-SEER18.1/instance-out.sql,169.94,2060320.15,535.55,6493059.39
CZ02/RtL&0&cDXHP&Ex&dxHP_equip/NE-dxHP-PkgHP-33to65-Ex-SEER13.4/instance-out.sql,171.63,2080789.28,541.19,6561426.29
CZ02/RtL&0&cDXHP&Ex&dxHP_equip/NE-dxHP-PkgHP-33to65-Ex-SEER15.2/instance-out.sql,170.80,2070724.36,538.42,6527809.45
CZ02/RtL&0&cDXHP&Ex&dxHP_equip/NE-dxHP-PkgHP-33to65-Ex-SEER16.2/instance-out.sql,170.46,2066659.43,537.30,6514232.57
CZ02/RtL&0&cDXHP&Ex&dxHP_equip/NE-dxHP-PkgHP-33to65-Ex-SEER17.1/instance-out.sql,170.19,2063409.64,536.41,6503378.28
CZ02/RtL&0&cDXHP&Ex&dxHP_equip/NE-dxHP-PkgHP-33to65-Ex-SEER18.1/instance-out.sql,169.94,2060320.15,535.55,6493059.39
CZ02/RtL&0&cDXHP&Ex&dxHP_equip/NE-dxHP-SplitHP-18to33-Ex-SEER14.3/instance-out.sql,171.12,2074640.65,539.50,6540889.84
CZ02/RtL&0&cDXHP&Ex&dxHP_equip/NE-dxHP-SplitHP-18to33-Ex-SEER15.2/instance-out.sql,170.73,2069965.30,538.21,6525274.20
CZ02/RtL&0&cDXHP&Ex&dxHP_equip/NE-dxHP-SplitHP-18to33-Ex-SEER16.2/instance-out.sql,170.40,2065900.37,537.09,6511697.32
CZ02/RtL&0&cDXHP&Ex&dxHP_equip/NE-dxHP-SplitHP-18to33-Ex-SEER17.1/instance-out.sql,170.13,2062650.58,536.20,6500843.02
CZ02/RtL&0&cDXHP&Ex&dxHP_equip/NE-dxHP-SplitHP-18to33-Ex-SEER18.1/instance-out.sql,169.87,2059561.10,535.35,6490524.14
CZ02/RtL&0&cDXHP&Ex&dxHP_equip/NE-dxHP-SplitHP-33to55-Ex-SEER14.3/instance-out.sql,171.12,2074640.65,539.50,6540889.84
CZ02/RtL&0&cDXHP&Ex&dxHP_equip/NE-dxHP-SplitHP-33to55-Ex-SEER15.2/instance-out.sql,170.73,2069965.30,538.21,6525274.20
CZ02/RtL&0&cDXHP&Ex&dxHP_equip/NE-dxHP-SplitHP-33to55-Ex-SEER16.2/instance-out.sql,170.40,2065900.37,537.09,6511697.32
CZ02/RtL&0&cDXHP&Ex&dxHP_equip/NE-dxHP-SplitHP-33to55-Ex-SEER17.1/instance-out.sql,170.13,2062650.58,536.20,6500843.02
CZ02/RtL&0&cDXHP&Ex&dxHP_equip/NE-dxHP-SplitHP-33to55-Ex-SEER18.1/instance-out.sql,169.87,2059561.10,535.35,6490524.14
CZ02/RtS&0&cDXHP&Ex&dxHP_equip/NE-dxHP-PkgHP-18to33-Ex-SEER13.4/instance-out.sql,90.81,135007.85,278.88,414612.52
CZ02/RtS&0&cDXHP&Ex&dxHP_equip/NE-dxHP-PkgHP-18to33-Ex-SEER15.2/instance-out.sql,90.35,134318.44,277.33,412309.89
CZ02/RtS&0&cDXHP&Ex&dxHP_equip/NE-dxHP-PkgHP-18to33-Ex-SEER16.2/instance-out.sql,90.16,134040.01,276.71,411379.93
CZ02/RtS&0&cDXHP&Ex&dxHP_equip/NE-dxHP-PkgHP-18to33-Ex-SEER17.1/instance-out.sql,90.01,133817.41,276.21,410636.45
CZ02/RtS&0&cDXHP&Ex&dxHP_equip/NE-dxHP-PkgHP-18to33-Ex-SEER18.1/instance-out.sql,89.87,133605.79,275.73,409929.64
CZ02/RtS&0&cDXHP&Ex&dxHP_equip/NE-dxHP-PkgHP-33to65-Ex-SEER13.4/instance-out.sql,90.81,135007.85,278.88,414612.52
CZ02/RtS&0&cDXHP&Ex&dxHP_equip/NE-dxHP-PkgHP-33to65-Ex-SEER15.2/instance-out.sql,90.35,134318.44,277.33,412309.89
CZ02/RtS&0&cDXHP&Ex&dxHP_equip/NE-dxHP-PkgHP-33to65-Ex-SEER16.2/instance-out.sql,90.16,134040.01,276.71,411379.93
CZ02/RtS&0&cDXHP&Ex&dxHP_equip/NE-dxHP-PkgHP-33to65-Ex-SEER17.1/instance-out.sql,90.01,133817.41,276.21,410636.45
CZ02/RtS&0&cDXHP&Ex&dxHP_equip/NE-dxHP-PkgHP-33to65-Ex-SEER18.1/instance-out.sql,89.87,133605.79,275.73,409929.64
CZ02/RtS&0&cDXHP&Ex&dxHP_equip/NE-dxHP-SplitHP-18to33-Ex-SEER14.3/instance-out.sql,90.46,134487.22,277.71,412873.63
CZ02/RtS&0&cDXHP&Ex&dxHP_equip/NE-dxHP-SplitHP-18to33-Ex-SEER15.2/instance-out.sql,90.25,134166.98,276.99,411804.02
CZ02/RtS&0&cDXHP&Ex&dxHP_equip/NE-dxHP-SplitHP-18to33-Ex-SEER16.2/instance-out.sql,90.06,133888.55,276.37,410874.05
CZ02/RtS&0&cDXHP&Ex&dxHP_equip/NE-dxHP-SplitHP-18to33-Ex-SEER17.1/instance-out.sql,89.91,133665.95,275.87,410130.57
CZ02/RtS&0&cDXHP&Ex&dxHP_equip/NE-dxHP-SplitHP-18to33-Ex-SEER18.1/instance-out.sql,89.77,133454.33,275.39,409423.77
CZ02/RtS&0&cDXHP&Ex&dxHP_equip/NE-dxHP-SplitHP-33to55-Ex-SEER14.3/instance-out.sql,90.46,134487.22,277.71,412873.63
CZ02/RtS&0&cDXHP&Ex&dxHP_equip/NE-dxHP-SplitHP-33to55-Ex-SEER15.2/instance-out.sql,90.25,134166.98,276.99,411804.02
CZ02/RtS&0&cDXHP&Ex&dxHP_equip/NE-dxHP-SplitHP-33to55-Ex-SEER16.2/instance-out.sql,90.06,133888.55,276.37,410874.05
CZ02/RtS&0&cDXHP&Ex&dxHP_equip/NE-dxHP-SplitHP-33to55-Ex-SEER17.1/instance-out.sql,89.91,133665.95,275.87,410130.57
CZ02/RtS&0&cDXHP&Ex&dxHP_equip/NE-dxHP-SplitHP-33to55-Ex-SEER18.1/instance-out.sql,89.77,133454.33,275.39,409423.77
CZ02/SCn&0&cDXHP&Ex&dxHP_equip/NE-dxHP-PkgHP-18to33-Ex-SEER13.4/instance-out.sql,70.47,3273427.83,231.11,10735391.70
CZ02/SCn&0&cDXHP&Ex&dxHP_equip/NE-dxHP-PkgHP-18to33-Ex-SEER15.2/instance-out.sql,70.18,3260028.66,230.15,10690638.49
CZ02/SCn&0&cDXHP&Ex&dxHP_equip/NE-dxHP-PkgHP-18to33-Ex-SEER16.2/instance-out.sql,70.07,3254617.13,229.76,10672563.96
CZ02/SCn&0&cDXHP&Ex&dxHP_equip/NE-dxHP-PkgHP-18to33-Ex-SEER17.1/instance-out.sql,69.97,3250290.77,229.45,10658113.93
CZ02/SCn&0&cDXHP&Ex&dxHP_equip/NE-dxHP-PkgHP-18to33-Ex-SEER18.1/instance-out.sql,69.88,3246177.82,229.15,10644376.67
CZ02/SCn&0&cDXHP&Ex&dxHP_equip/NE-dxHP-PkgHP-33to65-Ex-SEER13.4/instance-out.sql,70.47,3273427.83,231.11,10735391.70
CZ02/SCn&0&cDXHP&Ex&dxHP_equip/NE-dxHP-PkgHP-33to65-Ex-SEER15.2/instance-out.sql,70.18,3260028.66,230.15,10690638.49
CZ02/SCn&0&cDXHP&Ex&dxHP_equip/NE-dxHP-PkgHP-33to65-Ex-SEER16.2/instance-out.sql,70.07,3254617.13,229.76,10672563.96
CZ02/SCn&0&cDXHP&Ex&dxHP_equip/NE-dxHP-PkgHP-33to65-Ex-SEER17.1/instance-out.sql,69.97,3250290.77,229.45,10658113.93
CZ02/SCn&0&cDXHP&Ex&dxHP_equip/NE-dxHP-PkgHP-33to65-Ex-SEER18.1/instance-out.sql,69.88,3246177.82,229.15,10644376.67
CZ02/SCn&0&cDXHP&Ex&dxHP_equip/NE-dxHP-SplitHP-18to33-Ex-SEER14.3/instance-out.sql,70.10,3256278.21,229.88,10678111.99
CZ02/SCn&0&cDXHP&Ex&dxHP_equip/NE-dxHP-SplitHP-18to33-Ex-SEER15.2/instance-out.sql,69.97,3250054.05,229.43,10657323.31
CZ02/SCn&0&cDXHP&Ex&dxHP_equip/NE-dxHP-SplitHP-18to33-Ex-SEER16.2/instance-out.sql,69.85,3244642.52,229.04,10639248.78
CZ02/SCn&0&cDXHP&Ex&dxHP_equip/NE-dxHP-SplitHP-18to33-Ex-SEER17.1/instance-out.sql,69.76,3240316.16,228.73,10624798.74
CZ02/SCn&0&cDXHP&Ex&dxHP_equip/NE-dxHP-SplitHP-18to33-Ex-SEER18.1/instance-out.sql,69.67,3236203.21,228.44,10611061.49
CZ02/SCn&0&cDXHP&Ex&dxHP_equip/NE-dxHP-SplitHP-33to55-Ex-SEER14.3/instance-out.sql,70.10,3256278.21,229.88,10678111.99
CZ02/SCn&0&cDXHP&Ex&dxHP_equip/NE-dxHP-SplitHP-33to55-Ex-SEER15.2/instance-out.sql,69.97,3250054.05,229.43,10657323.31
CZ02/SCn&0&cDXHP&Ex&dxHP_equip/NE-dxHP-SplitHP-33to55-Ex-SEER16.2/instance-out.sql,69.85,3244642.52,229.04,10639248.78
CZ02/SCn&0&cDXHP&Ex&dxHP_equip/NE-dxHP-SplitHP-33to55-Ex-SEER17.1/instance-out.sql,69.76,3240316.16,228.73,10624798.74
CZ02/SCn&0&cDXHP&Ex&dxHP_equip/NE-dxHP-SplitHP-33to55-Ex-SEER18.1/instance-out.sql,69.67,3236203.21,228.44,10611061.49

File Name,Total (kWh),Heating (kWh),Cooling (kWh),Interior Lighting (kWh),Exterior Lighting (kWh),Interior Equipment (kWh),Exterior Equipment (kWh),Fans (kWh),Pumps (kWh),Heat Rejection (kWh),Humidification (kWh),Heat Recovery (kWh),Water Systems (kWh),Refrigeration (kWh),Generators (kWh),Heating Elec (kWh),Cooling Elec (kWh),Heating NG (kWh),Cooling NG (kWh),Interior Equipment Elec (kWh),Interior Equipment NG (kWh)
CZ01/Asm&0&cDXHP&Ex&dxHP_equip/NE-dxHP-PkgHP-18to33-Ex-SEER13.4/instance-out.sql,615320.6499999999,84497.36,2196.19,153727.01,0.0,145823.51,0.0,204814.26,3.36,0.0,0.0,0.0,24258.96,0.0,0.0,84497.36,2196.19,0.00,0.00,145823.51,0.00
CZ01/Asm&0&cDXHP&Ex&dxHP_equip/NE-dxHP-PkgHP-18to33-Ex-SEER15.2/instance-out.sql,615165.69,84497.36,2041.23,153727.01,0.0,145823.51,0.0,204814.26,3.36,0.0,0.0,0.0,24258.96,0.0,0.0,84497.36,2041.23,0.00,0.00,145823.51,0.00
CZ01/Asm&0&cDXHP&Ex&dxHP_equip/NE-dxHP-PkgHP-18to33-Ex-SEER16.2/instance-out.sql,615103.1,84497.36,1978.64,153727.01,0.0,145823.51,0.0,204814.26,3.36,0.0,0.0,0.0,24258.96,0.0,0.0,84497.36,1978.64,0.00,0.00,145823.51,0.00
CZ01/Asm&0&cDXHP&Ex&dxHP_equip/NE-dxHP-PkgHP-18to33-Ex-SEER17.1/instance-out.sql,615053.07,84497.36,1928.61,153727.01,0.0,145823.51,0.0,204814.26,3.36,0.0,0.0,0.0,24258.96,0.0,0.0,84497.36,1928.61,0.00,0.00,145823.51,0.00
CZ01/Asm&0&cDXHP&Ex&dxHP_equip/NE-dxHP-PkgHP-18to33-Ex-SEER18.1/instance-out.sql,615005.5,84497.36,1881.04,153727.01,0.0,145823.51,0.0,204814.26,3.36,0.0,0.0,0.0,24258.96,0.0,0.0,84497.36,1881.04,0.00,0.00,145823.51,0.00
CZ01/Asm&0&cDXHP&Ex&dxHP_equip/NE-dxHP-PkgHP-33to65-Ex-SEER13.4/instance-out.sql,615320.6499999999,84497.36,2196.19,153727.01,0.0,145823.51,0.0,204814.26,3.36,0.0,0.0,0.0,24258.96,0.0,0.0,84497.36,2196.19,0.00,0.00,145823.51,0.00
CZ01/Asm&0&cDXHP&Ex&dxHP_equip/NE-dxHP-PkgHP-33to65-Ex-SEER15.2/instance-out.sql,615165.69,84497.36,2041.23,153727.01,0.0,145823.51,0.0,204814.26,3.36,0.0,0.0,0.0,24258.96,0.0,0.0,84497.36,2041.23,0.00,0.00,145823.51,0.00
CZ01/Asm&0&cDXHP&Ex&dxHP_equip/NE-dxHP-PkgHP-33to65-Ex-SEER16.2/instance-out.sql,615103.1,84497.36,1978.64,153727.01,0.0,145823.51,0.0,204814.26,3.36,0.0,0.0,0.0,24258.96,0.0,0.0,84497.36,1978.64,0.00,0.00,145823.51,0.00
CZ01/Asm&0&cDXHP&Ex&dxHP_equip/NE-dxHP-PkgHP-33to65-Ex-SEER17.1/instance-out.sql,615053.07,84497.36,1928.61,153727.01,0.0,145823.51,0.0,204814.26,3.36,0.0,0.0,0.0,24258.96,0.0,0.0,84497.36,1928.61,0.00,0.00,145823.51,0.00
CZ01/Asm&0&cDXHP&Ex&dxHP_equip/NE-dxHP-PkgHP-33to65-Ex-SEER18.1/instance-out.sql,615005.5,84497.36,1881.04,153727.01,0.0,145823.51,0.0,204814.26,3.36,0.0,0.0,0.0,24258.96,0.0,0.0,84497.36,1881.04,0.00,0.00,145823.51,0.00
CZ01/Asm&0&cDXHP&Ex&dxHP_equip/NE-dxHP-SplitHP-18to33-Ex-SEER14.3/instance-out.sql,611030.76,80290.46,2113.21,153727.01,0.0,145823.51,0.0,204814.26,3.36,0.0,0.0,0.0,24258.96,0.0,0.0,80290.46,2113.21,0.00,0.00,145823.51,0.00
CZ01/Asm&0&cDXHP&Ex&dxHP_equip/NE-dxHP-SplitHP-18to33-Ex-SEER15.2/instance-out.sql,610958.7799999999,80290.46,2041.23,153727.01,0.0,145823.51,0.0,204814.26,3.36,0.0,0.0,0.0,24258.96,0.0,0.0,80290.46,2041.23,0.00,0.00,145823.51,0.00
CZ01/Asm&0&cDXHP&Ex&dxHP_equip/NE-dxHP-SplitHP-18to33-Ex-SEER16.2/instance-out.sql,610896.2,80290.46,1978.64,153727.01,0.0,145823.51,0.0,204814.26,3.36,0.0,0.0,0.0,24258.96,0.0,0.0,80290.46,1978.64,0.00,0.00,145823.51,0.00
CZ01/Asm&0&cDXHP&Ex&dxHP_equip/NE-dxHP-SplitHP-18to33-Ex-SEER17.1/instance-out.sql,610846.1599999999,80290.46,1928.61,153727.01,0.0,145823.51,0.0,204814.26,3.36,0.0,0.0,0.0,24258.96,0.0,0.0,80290.46,1928.61,0.00,0.00,145823.51,0.00
CZ01/Asm&0&cDXHP&Ex&dxHP_equip/NE-dxHP-SplitHP-18to33-Ex-SEER18.1/instance-out.sql,610798.6,80290.46,1881.04,153727.01,0.0,145823.51,0.0,204814.26,3.36,0.0,0.0,0.0,24258.96,0.0,0.0,80290.46,1881.04,0.00,0.00,145823.51,0.00
CZ01/Asm&0&cDXHP&Ex&dxHP_equip/NE-dxHP-SplitHP-33to55-Ex-SEER14.3/instance-out.sql,611030.76,80290.46,2113.21,153727.01,0.0,145823.51,0.0,204814.26,3.36,0.0,0.0,0.0,24258.96,0.0,0.0,80290.46,2113.21,0.00,0.00,145823.51,0.00
CZ01/Asm&0&cDXHP&Ex&dxHP_equip/NE-dxHP-SplitHP-33to55-Ex-SEER15.2/instance-out.sql,610958.7799999999,80290.46,2041.23,153727.01,0.0,145823.51,0.0,204814.26,3.36,0.0,0.0,0.0,24258.96,0.0,0.0,80290.46,2041.23,0.00,0.00,145823.51,0.00
CZ01/Asm&0&cDXHP&Ex&dxHP_equip/NE-dxHP-SplitHP-33to55-Ex-SEER16.2/instance-out.sql,610896.2,80290.46,1978.64,153727.01,0.0,145823.51,0.0,204814.26,3.36,0.0,0.0,0.0,24258.96,0.0,0.0,80290.46,1978.64,0.00,0.00,145823.51,0.00
CZ01/Asm&0&cDXHP&Ex&dxHP_equip/NE-dxHP-SplitHP-33to55-Ex-SEER17.1/instance-out.sql,610846.1599999999,80290.46,1928.61,153727.01,0.0,145823.51,0.0,204814.26,3.36,0.0,0.0,0.0,24258.96,0.0,0.0,80290.46,1928.61,0.00,0.00,145823.51,0.00
CZ01/Asm&0&cDXHP&Ex&dxHP_equip/NE-dxHP-SplitHP-33to55-Ex-SEER18.1/instance-out.sql,610798.6,80290.46,1881.04,153727.01,0.0,145823.51,0.0,204814.26,3.36,0.0,0.0,0.0,24258.96,0.0,0.0,80290.46,1881.04,0.00,0.00,145823.51,0.00
CZ01/ECC&0&cDXHP&Ex&dxHP_equip/NE-dxHP-PkgHP-18to33-Ex-SEER13.4/instance-out.sql,2428310.16,32139.649999999998,25737.37,358430.2,0.0,1013813.91,0.0,504216.91,759.88,0.0,0.0,0.0,493212.24,0.0,0.0,31828.67,25737.37,310.98,0.00,945189.93,68623.98
CZ01/ECC&0&cDXHP&Ex&dxHP_equip/NE-dxHP-PkgHP-18to33-Ex-SEER15.2/instance-out.sql,2427948.44,32139.649999999998,25375.65,358430.2,0.0,1013813.91,0.0,504216.91,759.88,0.0,0.0,0.0,493212.24,0.0,0.0,31828.67,25375.65,310.98,0.00,945189.93,68623.98
CZ01/ECC&0&cDXHP&Ex&dxHP_equip/NE-dxHP-PkgHP-18to33-Ex-SEER16.2/instance-out.sql,2427802.36,32139.649999999998,25229.56,358430.2,0.0,1013813.91,0.0,504216.91,759.88,0.0,0.0,0.0,493212.24,0.0,0.0,31828.67,25229.56,310.98,0.00,945189.93,68623.98
CZ01/ECC&0&cDXHP&Ex&dxHP_equip/NE-dxHP-PkgHP-18to33-Ex-SEER17.1/instance-out.sql,2427685.56,32139.649999999998,25112.77,358430.2,0.0,1013813.91,0.0,504216.91,759.88,0.0,0.0,0.0,493212.24,0.0,0.0,31828.67,25112.77,310.98,0.00,945189.93,68623.98
CZ01/ECC&0&cDXHP&Ex&dxHP_equip/NE-dxHP-PkgHP-18to33-Ex-SEER18.1/instance-out.sql,2427574.5300000003,32139.649999999998,25001.74,358430.2,0.0,1013813.91,0.0,504216.91,759.88,0.0,0.0,0.0,493212.24,0.0,0.0,31828.67,25001.74,310.98,0.00,945189.93,68623.98
CZ01/ECC&0&cDXHP&Ex&dxHP_equip/NE-dxHP-PkgHP-33to65-Ex-SEER13.4/instance-out.sql,2428310.16,32139.649999999998,25737.37,358430.2,0.0,1013813.91,0.0,504216.91,759.88,0.0,0.0,0.0,493212.24,0.0,0.0,31828.67,25737.37,310.98,0.00,945189.93,68623.98
CZ01/ECC&0&cDXHP&Ex&dxHP_equip/NE-dxHP-PkgHP-33to65-Ex-SEER15.2/instance-out.sql,2427948.44,32139.649999999998,25375.65,358430.2,0.0,1013813.91,0.0,504216.91,759.88,0.0,0.0,0.0,493212.24,0.0,0.0,31828.67,25375.65,310.98,0.00,945189.93,68623.98
CZ01/ECC&0&cDXHP&Ex&dxHP_equip/NE-dxHP-PkgHP-33to65-Ex-SEER16.2/instance-out.sql,2427802.36,32139.649999999998,25229.56,358430.2,0.0,1013813.91,0.0,504216.91,759.88,0.0,0.0,0.0,493212.24,0.0,0.0,31828.67,25229.56,310.98,0.00,945189.93,68623.98
CZ01/ECC&0&cDXHP&Ex&dxHP_equip/NE-dxHP-PkgHP-33to65-Ex-SEER17.1/instance-out.sql,2427685.56,32139.649999999998,25112.77,358430.2,0.0,1013813.91,0.0,504216.91,759.88,0.0,0.0,0.0,493212.24,0.0,0.0,31828.67,25112.77,310.98,0.00,945189.93,68623.98
CZ01/ECC&0&cDXHP&Ex&dxHP_equip/NE-dxHP-PkgHP-33to65-Ex-SEER18.1/instance-out.sql,2427574.5300000003,32139.649999999998,25001.74,358430.2,0.0,1013813.91,0.0,504216.91,759.88,0.0,0.0,0.0,493212.24,0.0,0.0,31828.67,25001.74,310.98,0.00,945189.93,68623.98
CZ01/ECC&0&cDXHP&Ex&dxHP_equip/NE-dxHP-SplitHP-18to33-Ex-SEER14.3/instance-out.sql,2426542.4699999997,30565.649999999998,25543.67,358430.2,0.0,1013813.91,0.0,504216.91,759.88,0.0,0.0,0.0,493212.24,0.0,0.0,30254.67,25543.67,310.98,0.00,945189.93,68623.98
CZ01/ECC&0&cDXHP&Ex&dxHP_equip/NE-dxHP-SplitHP-18to33-Ex-SEER15.2/instance-out.sql,2426374.44,30565.649999999998,25375.65,358430.2,0.0,1013813.91,0.0,504216.91,759.88,0.0,0.0,0.0,493212.24,0.0,0.0,30254.67,25375.65,310.98,0.00,945189.93,68623.98
CZ01/ECC&0&cDXHP&Ex&dxHP_equip/NE-dxHP-SplitHP-18to33-Ex-SEER16.2/instance-out.sql,2426228.3499999996,30565.649999999998,25229.56,358430.2,0.0,1013813.91,0.0,504216.91,759.88,0.0,0.0,0.0,493212.24,0.0,0.0,30254.67,25229.56,310.98,0.00,945189.93,68623.98
CZ01/ECC&0&cDXHP&Ex&dxHP_equip/NE-dxHP-SplitHP-18to33-Ex-SEER17.1/instance-out.sql,2426111.56,30565.649999999998,25112.77,358430.2,0.0,1013813.91,0.0,504216.91,759.88,0.0,0.0,0.0,493212.24,0.0,0.0,30254.67,25112.77,310.98,0.00,945189.93,68623.98
CZ01/ECC&0&cDXHP&Ex&dxHP_equip/NE-dxHP-SplitHP-18to33-Ex-SEER18.1/instance-out.sql,2426000.5300000003,30565.649999999998,25001.74,358430.2,0.0,1013813.91,0.0,504216.91,759.88,0.0,0.0,0.0,493212.24,0.0,0.0,30254.67,25001.74,310.98,0.00,945189.93,68623.98
CZ01/ECC&0&cDXHP&Ex&dxHP_equip/NE-dxHP-SplitHP-33to55-Ex-SEER14.3/instance-out.sql,2426542.4699999997,30565.649999999998,25543.67,358430.2,0.0,1013813.91,0.0,504216.91,759.88,0.0,0.0,0.0,493212.24,0.0,0.0,30254.67,25543.67,310.98,0.00,945189.93,68623.98
CZ01/ECC&0&cDXHP&Ex&dxHP_equip/NE-dxHP-SplitHP-33to55-Ex-SEER15.2/instance-out.sql,2426374.44,30565.649999999998,25375.65,358430.2,0.0,1013813.91,0.0,504216.91,759.88,0.0,0.0,0.0,493212.24,0.0,0.0,30254.67,25375.65,310.98,0.00,945189.93,68623.98
CZ01/ECC&0&cDXHP&Ex&dxHP_equip/NE-dxHP-SplitHP-33to55-Ex-SEER16.2/instance-out.sql,2426228.3499999996,30565.649999999998,25229.56,358430.2,0.0,1013813.91,0.0,504216.91,759.88,0.0,0.0,0.0,493212.24,0.0,0.0,30254.67,25229.56,310.98,0.00,945189.93,68623.98
CZ01/ECC&0&cDXHP&Ex&dxHP_equip/NE-dxHP-SplitHP-33to55-Ex-SEER17.1/instance-out.sql,2426111.56,30565.649999999998,25112.77,358430.2,0.0,1013813.91,0.0,504216.91,759.88,0.0,0.0,0.0,493212.24,0.0,0.0,30254.67,25112.77,310.98,0.00,945189.93,68623.98
CZ01/ECC&0&cDXHP&Ex&dxHP_equip/NE-dxHP-SplitHP-33to55-Ex-SEER18.1/instance-out.sql,2426000.5300000003,30565.649999999998,25001.74,358430.2,0.0,1013813.91,0.0,504216.91,759.88,0.0,0.0,0.0,493212.24,0.0,0.0,30254.67,25001.74,310.98,0.00,945189.93,68623.98
CZ01/EPr&0&cDXHP&Ex&dxHP_equip/NE-dxHP-PkgHP-18to33-Ex-SEER13.4/instance-out.sql,378185.08999999997,12211.4,8442.02,64700.97,0.0,125897.03,0.0,73157.83,3.37,0.0,0.0,0.0,93772.46,0.0,0.0,12211.40,8442.02,0.00,0.00,83226.75,42670.28
CZ01/EPr&0&cDXHP&Ex&dxHP_equip/NE-dxHP-PkgHP-18to33-Ex-SEER15.2/instance-out.sql,378130.92000000004,12211.4,8387.85,64700.97,0.0,125897.03,0.0,73157.83,3.37,0.0,0.0,0.0,93772.46,0.0,0.0,12211.40,8387.85,0.00,0.00,83226.75,42670.28
CZ01/EPr&0&cDXHP&Ex&dxHP_equip/NE-dxHP-PkgHP-18to33-Ex-SEER16.2/instance-out.sql,378109.04000000004,12211.4,8365.97,64700.97,0.0,125897.03,0.0,73157.83,3.37,0.0,0.0,0.0,93772.46,0.0,0.0,12211.40,8365.97,0.00,0.00,83226.75,42670.28
CZ01/EPr&0&cDXHP&Ex&dxHP_equip/NE-dxHP-PkgHP-18to33-Ex-SEER17.1/instance-out.sql,378091.55,12211.4,8348.48,64700.97,0.0,125897.03,0.0,73157.83,3.37,0.0,0.0,0.0,93772.46,0.0,0.0,12211.40,8348.48,0.00,0.00,83226.75,42670.28
CZ01/EPr&0&cDXHP&Ex&dxHP_equip/NE-dxHP-PkgHP-18to33-Ex-SEER18.1/instance-out.sql,378074.93,12211.4,8331.85,64700.97,0.0,125897.03,0.0,73157.83,3.37,0.0,0.0,0.0,93772.46,0.0,0.0,12211.40,8331.85,0.00,0.00,83226.75,42670.28
CZ01/EPr&0&cDXHP&Ex&dxHP_equip/NE-dxHP-PkgHP-33to65-Ex-SEER13.4/instance-out.sql,378185.08999999997,12211.4,8442.02,64700.97,0.0,125897.03,0.0,73157.83,3.37,0.0,0.0,0.0,93772.46,0.0,0.0,12211.40,8442.02,0.00,0.00,83226.75,42670.28
CZ01/EPr&0&cDXHP&Ex&dxHP_equip/NE-dxHP-PkgHP-33to65-Ex-SEER15.2/instance-out.sql,378130.92000000004,12211.4,8387.85,64700.97,0.0,125897.03,0.0,73157.83,3.37,0.0,0.0,0.0,93772.46,0.0,0.0,12211.40,8387.85,0.00,0.00,83226.75,42670.28
CZ01/EPr&0&cDXHP&Ex&dxHP_equip/NE-dxHP-PkgHP-33to65-Ex-SEER16.2/instance-out.sql,378109.04000000004,12211.4,8365.97,64700.97,0.0,125897.03,0.0,73157.83,3.37,0.0,0.0,0.0,93772.46,0.0,0.0,12211.40,8365.97,0.00,0.00,83226.75,42670.28
CZ01/EPr&0&cDXHP&Ex&dxHP_equip/NE-dxHP-PkgHP-33to65-Ex-SEER17.1/instance-out.sql,378091.55,12211.4,8348.48,64700.97,0.0,125897.03,0.0,73157.83,3.37,0.0,0.0,0.0,93772.46,0.0,0.0,12211.40,8348.48,0.00,0.00,83226.75,42670.28
CZ01/EPr&0&cDXHP&Ex&dxHP_equip/NE-dxHP-PkgHP-33to65-Ex-SEER18.1/instance-out.sql,378074.93,12211.4,8331.85,64700.97,0.0,125897.03,0.0,73157.83,3.37,0.0,0.0,0.0,93772.46,0.0,0.0,12211.40,8331.85,0.00,0.00,83226.75,42670.28
CZ01/EPr&0&cDXHP&Ex&dxHP_equip/NE-dxHP-SplitHP-18to33-Ex-SEER14.3/instance-out.sql,377552.08999999997,11607.41,8413.01,64700.97,0.0,125897.03,0.0,73157.83,3.37,0.0,0.0,0.0,93772.46,0.0,0.0,11607.41,8413.01,0.00,0.00,83226.75,42670.28
CZ01/EPr&0&cDXHP&Ex&dxHP_equip/NE-dxHP-SplitHP-18to33-Ex-SEER15.2/instance-out.sql,377526.93,11607.41,8387.85,64700.97,0.0,125897.03,0.0,73157.83,3.37,0.0,0.0,0.0,93772.46,0.0,0.0,11607.41,8387.85,0.00,0.00,83226.75,42670.28
CZ01/EPr&0&cDXHP&Ex&dxHP_equip/NE-dxHP-SplitHP-18to33-Ex-SEER16.2/instance-out.sql,377505.05,11607.41,8365.97,64700.97,0.0,125897.03,0.0,73157.83,3.37,0.0,0.0,0.0,93772.46,0.0,0.0,11607.41,8365.97,0.00,0.00,83226.75,42670.28
CZ01/EPr&0&cDXHP&Ex&dxHP_equip/NE-dxHP-SplitHP-18to33-Ex-SEER17.1/instance-out.sql,377487.56,11607.41,8348.48,64700.97,0.0,125897.03,0.0,73157.83,3.37,0.0,0.0,0.0,93772.46,0.0,0.0,11607.41,8348.48,0.00,0.00,83226.75,42670.28
CZ01/EPr&0&cDXHP&Ex&dxHP_equip/NE-dxHP-SplitHP-18to33-Ex-SEER18.1/instance-out.sql,377470.93,11607.41,8331.85,64700.97,0.0,125897.03,0.0,73157.83,3.37,0.0,0.0,0.0,93772.46,0.0,0.0,11607.41,8331.85,0.00,0.00,83226.75,42670.28
CZ01/EPr&0&cDXHP&Ex&dxHP_equip/NE-dxHP-SplitHP-33to55-Ex-SEER14.3/instance-out.sql,377552.08999999997,11607.41,8413.01,64700.97,0.0,125897.03,0.0,73157.83,3.37,0.0,0.0,0.0,93772.46,0.0,0.0,11607.41,8413.01,0.00,0.00,83226.75,42670.28
CZ01/EPr&0&cDXHP&Ex&dxHP_equip/NE-dxHP-SplitHP-33to55-Ex-SEER15.2/instance-out.sql,377526.93,11607.41,8387.85,64700.97,0.0,125897.03,0.0,73157.83,3.37,0.0,0.0,0.0,93772.46,0.0,0.0,11607.41,8387.85,0.00,0.00,83226.75,42670.28
CZ01/EPr&0&cDXHP&Ex&dxHP_equip/NE-dxHP-SplitHP-33to55-Ex-SEER16.2/instance-out.sql,377505.05,11607.41,8365.97,64700.97,0.0,125897.03,0.0,73157.83,3.37,0.0,0.0,0.0,93772.46,0.0,0.0,11607.41,8365.97,0.00,0.00,83226.75,42670.28
CZ01/EPr&0&cDXHP&Ex&dxHP_equip/NE-dxHP-SplitHP-33to55-Ex-SEER17.1/instance-out.sql,377487.56,11607.41,8348.48,64700.97,0.0,125897.03,0.0,73157.83,3.37,0.0,0.0,0.0,93772.46,0.0,0.0,11607.41,8348.48,0.00,0.00,83226.75,42670.28
CZ01/EPr&0&cDXHP&Ex&dxHP_equip/NE-dxHP-SplitHP-33to55-Ex-SEER18.1/instance-out.sql,377470.93,11607.41,8331.85,64700.97,0.0,125897.03,0.0,73157.83,3.37,0.0,0.0,0.0,93772.46,0.0,0.0,11607.41,8331.85,0.00,0.00,83226.75,42670.28
CZ01/ERC&0&cDXHP&Ex&dxHP_equip/NE-dxHP-PkgHP-18to33-Ex-SEER13.4/instance-out.sql,18056.440000000002,924.67,18.45,2224.35,0.0,2196.82,0.0,3108.46,3.36,0.0,0.0,0.0,9580.33,0.0,0.0,924.67,18.45,0.00,0.00,2196.82,0.00
CZ01/ERC&0&cDXHP&Ex&dxHP_equip/NE-dxHP-PkgHP-18to33-Ex-SEER15.2/instance-out.sql,18055.14,924.67,17.15,2224.35,0.0,2196.82,0.0,3108.46,3.36,0.0,0.0,0.0,9580.33,0.0,0.0,924.67,17.15,0.00,0.00,2196.82,0.00
CZ01/ERC&0&cDXHP&Ex&dxHP_equip/NE-dxHP-PkgHP-18to33-Ex-SEER16.2/instance-out.sql,18054.61,924.67,16.62,2224.35,0.0,2196.82,0.0,3108.46,3.36,0.0,0.0,0.0,9580.33,0.0,0.0,924.67,16.62,0.00,0.00,2196.82,0.00
CZ01/ERC&0&cDXHP&Ex&dxHP_equip/NE-dxHP-PkgHP-18to33-Ex-SEER17.1/instance-out.sql,18054.190000000002,924.67,16.2,2224.35,0.0,2196.82,0.0,3108.46,3.36,0.0,0.0,0.0,9580.33,0.0,0.0,924.67,16.20,0.00,0.00,2196.82,0.00
CZ01/ERC&0&cDXHP&Ex&dxHP_equip/NE-dxHP-PkgHP-18to33-Ex-SEER18.1/instance-out.sql,18053.79,924.67,15.8,2224.35,0.0,2196.82,0.0,3108.46,3.36,0.0,0.0,0.0,9580.33,0.0,0.0,924.67,15.80,0.00,0.00,2196.82,0.00
CZ01/ERC&0&cDXHP&Ex&dxHP_equip/NE-dxHP-PkgHP-33to65-Ex-SEER13.4/instance-out.sql,18056.440000000002,924.67,18.45,2224.35,0.0,2196.82,0.0,3108.46,3.36,0.0,0.0,0.0,9580.33,0.0,0.0,924.67,18.45,0.00,0.00,2196.82,0.00
CZ01/ERC&0&cDXHP&Ex&dxHP_equip/NE-dxHP-PkgHP-33to65-Ex-SEER15.2/instance-out.sql,18055.14,924.67,17.15,2224.35,0.0,2196.82,0.0,3108.46,3.36,0.0,0.0,0.0,9580.33,0.0,0.0,924.67,17.15,0.00,0.00,2196.82,0.00
CZ01/ERC&0&cDXHP&Ex&dxHP_equip/NE-dxHP-PkgHP-33to65-Ex-SEER16.2/instance-out.sql,18054.61,924.67,16.62,2224.35,0.0,2196.82,0.0,3108.46,3.36,0.0,0.0,0.0,9580.33,0.0,0.0,924.67,16.62,0.00,0.00,2196.82,0.00
CZ01/ERC&0&cDXHP&Ex&dxHP_equip/NE-dxHP-PkgHP-33to65-Ex-SEER17.1/instance-out.sql,18054.190000000002,924.67,16.2,2224.35,0.0,2196.82,0.0,3108.46,3.36,0.0,0.0,0.0,9580.33,0.0,0.0,924.67,16.20,0.00,0.00,2196.82,0.00
CZ01/ERC&0&cDXHP&Ex&dxHP_equip/NE-dxHP-PkgHP-33to65-Ex-SEER18.1/instance-out.sql,18053.79,924.67,15.8,2224.35,0.0,2196.82,0.0,3108.46,3.36,0.0,0.0,0.0,9580.33,0.0,0.0,924.67,15.80,0.00,0.00,2196.82,0.00
CZ01/ERC&0&cDXHP&Ex&dxHP_equip/NE-dxHP-SplitHP-18to33-Ex-SEER14.3/instance-out.sql,18010.379999999997,879.31,17.76,2224.35,0.0,2196.82,0.0,3108.46,3.36,0.0,0.0,0.0,9580.33,0.0,0.0,879.31,17.76,0.00,0.00,2196.82,0.00
CZ01/ERC&0&cDXHP&Ex&dxHP_equip/NE-dxHP-SplitHP-18to33-Ex-SEER15.2/instance-out.sql,18009.78,879.31,17.15,2224.35,0.0,2196.82,0.0,3108.46,3.36,0.0,0.0,0.0,9580.33,0.0,0.0,879.31,17.15,0.00,0.00,2196.82,0.00
CZ01/ERC&0&cDXHP&Ex&dxHP_equip/NE-dxHP-SplitHP-18to33-Ex-SEER16.2/instance-out.sql,18009.25,879.31,16.62,2224.35,0.0,2196.82,0.0,3108.46,3.36,0.0,0.0,0.0,9580.33,0.0,0.0,879.31,16.62,0.00,0.00,2196.82,0.00
CZ01/ERC&0&cDXHP&Ex&dxHP_equip/NE-dxHP-SplitHP-18to33-Ex-SEER17.1/instance-out.sql,18008.83,879.31,16.2,2224.35,0.0,2196.82,0.0,3108.46,3.36,0.0,0.0,0.0,9580.33,0.0,0.0,879.31,16.20,0.00,0.00,2196.82,0.00
CZ01/ERC&0&cDXHP&Ex&dxHP_equip/NE-dxHP-SplitHP-18to33-Ex-SEER18.1/instance-out.sql,18008.43,879.31,15.8,2224.35,0.0,2196.82,0.0,3108.46,3.36,0.0,0.0,0.0,9580.33,0.0,0.0,879.31,15.80,0.00,0.00,2196.82,0.00
CZ01/ERC&0&cDXHP&Ex&dxHP_equip/NE-dxHP-SplitHP-33to55-Ex-SEER14.3/instance-out.sql,18010.379999999997,879.31,17.76,2224.35,0.0,2196.82,0.0,3108.46,3.36,0.0,0.0,0.0,9580.33,0.0,0.0,879.31,17.76,0.00,0.00,2196.82,0.00
CZ01/ERC&0&cDXHP&Ex&dxHP_equip/NE-dxHP-SplitHP-33to55-Ex-SEER15.2/instance-out.sql,18009.78,879.31,17.15,2224.35,0.0,2196.82,0.0,3108.46,3.36,0.0,0.0,0.0,9580.33,0.0,0.0,879.31,17.15,0.00,0.00,2196.82,0.00
CZ01/ERC&0&cDXHP&Ex&dxHP_equip/NE-dxHP-SplitHP-33to55-Ex-SEER16.2/instance-out.sql,18009.25,879.31,16.62,2224.35,0.0,2196.82,0.0,3108.46,3.36,0.0,0.0,0.0,9580.33,0.0,0.0,879.31,16.62,0.00,0.00,2196.82,0.00
CZ01/ERC&0&cDXHP&Ex&dxHP_equip/NE-dxHP-SplitHP-33to55-Ex-SEER17.1/instance-out.sql,18008.83,879.31,16.2,2224.35,0.0,2196.82,0.0,3108.46,3.36,0.0,0.0,0.0,9580.33,0.0,0.0,879.31,16.20,0.00,0.00,2196.82,0.00
CZ01/ERC&0&cDXHP&Ex&dxHP_equip/NE-dxHP-SplitHP-33to55-Ex-SEER18.1/instance-out.sql,18008.43,879.31,15.8,2224.35,0.0,2196.82,0.0,3108.46,3.36,0.0,0.0,0.0,9580.33,0.0,0.0,879.31,15.80,0.00,0.00,2196.82,0.00
CZ01/ESe&0&cDXHP&Ex&dxHP_equip/NE-dxHP-PkgHP-18to33-Ex-SEER13.4/instance-out.sql,1224744.65,210984.48,14716.75,197959.32,0.0,323176.74,0.0,220951.53,3.39,0.0,0.0,0.0,256952.44,0.0,0.0,6180.07,14716.75,204804.41,0.00,259085.82,64090.92
CZ01/ESe&0&cDXHP&Ex&dxHP_equip/NE-dxHP-PkgHP-18to33-Ex-SEER15.2/instance-out.sql,1224665.1600000001,210984.48,14637.26,197959.32,0.0,323176.74,0.0,220951.53,3.39,0.0,0.0,0.0,256952.44,0.0,0.0,6180.07,14637.26,204804.41,0.00,259085.82,64090.92
CZ01/ESe&0&cDXHP&Ex&dxHP_equip/NE-dxHP-PkgHP-18to33-Ex-SEER16.2/instance-out.sql,1224633.06,210984.48,14605.16,197959.32,0.0,323176.74,0.0,220951.53,3.39,0.0,0.0,0.0,256952.44,0.0,0.0,6180.07,14605.16,204804.41,0.00,259085.82,64090.92
CZ01/ESe&0&cDXHP&Ex&dxHP_equip/NE-dxHP-PkgHP-18to33-Ex-SEER17.1/instance-out.sql,1224607.3900000001,210984.48,14579.49,197959.32,0.0,323176.74,0.0,220951.53,3.39,0.0,0.0,0.0,256952.44,0.0,0.0,6180.07,14579.49,204804.41,0.00,259085.82,64090.92
CZ01/ESe&0&cDXHP&Ex&dxHP_equip/NE-dxHP-PkgHP-18to33-Ex-SEER18.1/instance-out.sql,1224582.99,210984.48,14555.1,197959.32,0.0,323176.74,0.0,220951.53,3.39,0.0,0.0,0.0,256952.44,0.0,0.0,6180.07,14555.10,204804.41,0.00,259085.82,64090.92
CZ01/ESe&0&cDXHP&Ex&dxHP_equip/NE-dxHP-PkgHP-33to65-Ex-SEER13.4/instance-out.sql,1224744.65,210984.48,14716.75,197959.32,0.0,323176.74,0.0,220951.53,3.39,0.0,0.0,0.0,256952.44,0.0,0.0,6180.07,14716.75,204804.41,0.00,259085.82,64090.92
CZ01/ESe&0&cDXHP&Ex&dxHP_equip/NE-dxHP-PkgHP-33to65-Ex-SEER15.2/instance-out.sql,1224665.1600000001,210984.48,14637.26,197959.32,0.0,323176.74,0.0,220951.53,3.39,0.0,0.0,0.0,256952.44,0.0,0.0,6180.07,14637.26,204804.41,0.00,259085.82,64090.92
CZ01/ESe&0&cDXHP&Ex&dxHP_equip/NE-dxHP-PkgHP-33to65-Ex-SEER16.2/instance-out.sql,1224633.06,210984.48,14605.16,197959.32,0.0,323176.74,0.0,220951.53,3.39,0.0,0.0,0.0,256952.44,0.0,0.0,6180.07,14605.16,204804.41,0.00,259085.82,64090.92
CZ01/ESe&0&cDXHP&Ex&dxHP_equip/NE-dxHP-PkgHP-33to65-Ex-SEER17.1/instance-out.sql,1224607.3900000001,210984.48,14579.49,197959.32,0.0,323176.74,0.0,220951.53,3.39,0.0,0.0,0.0,256952.44,0.0,0.0,6180.07,14579.49,204804.41,0.00,259085.82,64090.92
CZ01/ESe&0&cDXHP&Ex&dxHP_equip/NE-dxHP-PkgHP-33to65-Ex-SEER18.1/instance-out.sql,1224582.99,210984.48,14555.1,197959.32,0.0,323176.74,0.0,220951.53,3.39,0.0,0.0,0.0,256952.44,0.0,0.0,6180.07,14555.10,204804.41,0.00,259085.82,64090.92
CZ01/ESe&0&cDXHP&Ex&dxHP_equip/NE-dxHP-SplitHP-18to33-Ex-SEER14.3/instance-out.sql,1224400.0,210682.39,14674.18,197959.32,0.0,323176.74,0.0,220951.53,3.39,0.0,0.0,0.0,256952.44,0.0,0.0,5877.98,14674.18,204804.41,0.00,259085.82,64090.92
CZ01/ESe&0&cDXHP&Ex&dxHP_equip/NE-dxHP-SplitHP-18to33-Ex-SEER15.2/instance-out.sql,1224363.07,210682.39,14637.26,197959.32,0.0,323176.74,0.0,220951.53,3.39,0.0,0.0,0.0,256952.44,0.0,0.0,5877.98,14637.26,204804.41,0.00,259085.82,64090.92
CZ01/ESe&0&cDXHP&Ex&dxHP_equip/NE-dxHP-SplitHP-18to33-Ex-SEER16.2/instance-out.sql,1224330.97,210682.39,14605.16,197959.32,0.0,323176.74,0.0,220951.53,3.39,0.0,0.0,0.0,256952.44,0.0,0.0,5877.98,14605.16,204804.41,0.00,259085.82,64090.92
CZ01/ESe&0&cDXHP&Ex&dxHP_equip/NE-dxHP-SplitHP-18to33-Ex-SEER17.1/instance-out.sql,1224305.31,210682.39,14579.49,197959.32,0.0,323176.74,0.0,220951.53,3.39,0.0,0.0,0.0,256952.44,0.0,0.0,5877.98,14579.49,204804.41,0.00,259085.82,64090.92
CZ01/ESe&0&cDXHP&Ex&dxHP_equip/NE-dxHP-SplitHP-18to33-Ex-SEER18.1/instance-out.sql,1224280.9100000001,210682.39,14555.1,197959.32,0.0,323176.74,0.0,220951.53,3.39,0.0,0.0,0.0,256952.44,0.0,0.0,5877.98,14555.10,204804.41,0.00,259085.82,64090.92
CZ01/ESe&0&cDXHP&Ex&dxHP_equip/NE-dxHP-SplitHP-33to55-Ex-SEER14.3/instance-out.sql,1224400.0,210682.39,14674.18,197959.32,0.0,323176.74,0.0,220951.53,3.39,0.0,0.0,0.0,256952.44,0.0,0.0,5877.98,14674.18,204804.41,0.00,259085.82,64090.92
CZ01/ESe&0&cDXHP&Ex&dxHP_equip/NE-dxHP-SplitHP-33to55-Ex-SEER15.2/instance-out.sql,1224363.07,210682.39,14637.26,197959.32,0.0,323176.74,0.0,220951.53,3.39,0.0,0.0,0.0,256952.44,0.0,0.0,5877.98,14637.26,204804.41,0.00,259085.82,64090.92
CZ01/ESe&0&cDXHP&Ex&dxHP_equip/NE-dxHP-SplitHP-33to55-Ex-SEER16.2/instance-out.sql,1224330.97,210682.39,14605.16,197959.32,0.0,323176.74,0.0,220951.53,3.39,0.0,0.0,0.0,256952.44,0.0,0.0,5877.98,14605.16,204804.41,0.00,259085.82,64090.92
CZ01/ESe&0&cDXHP&Ex&dxHP_equip/NE-dxHP-SplitHP-33to55-Ex-SEER17.1/instance-out.sql,1224305.31,210682.39,14579.49,197959.32,0.0,323176.74,0.0,220951.53,3.39,0.0,0.0,0.0,256952.44,0.0,0.0,5877.98,14579.49,204804.41,0.00,259085.82,64090.92
CZ01/ESe&0&cDXHP&Ex&dxHP_equip/NE-dxHP-SplitHP-33to55-Ex-SEER18.1/instance-out.sql,1224280.9100000001,210682.39,14555.1,197959.32,0.0,323176.74,0.0,220951.53,3.39,0.0,0.0,0.0,256952.44,0.0,0.0,5877.98,14555.10,204804.41,0.00,259085.82,64090.92
CZ01/EUn&0&cDXHP&Ex&dxHP_equip/NE-dxHP-PkgHP-18to33-Ex-SEER13.4/instance-out.sql,7759385.640000001,101866.75,97919.59,1277404.75,0.0,3682881.23,0.0,1766491.44,3.37,0.0,0.0,0.0,832818.51,0.0,0.0,77206.81,97919.59,24659.94,0.00,3555459.15,127422.08
CZ01/EUn&0&cDXHP&Ex&dxHP_equip/NE-dxHP-PkgHP-18to33-Ex-SEER15.2/instance-out.sql,7758042.37,101866.75,96576.32,1277404.75,0.0,3682881.23,0.0,1766491.44,3.37,0.0,0.0,0.0,832818.51,0.0,0.0,77206.81,96576.32,24659.94,0.00,3555459.15,127422.08
CZ01/EUn&0&cDXHP&Ex&dxHP_equip/NE-dxHP-PkgHP-18to33-Ex-SEER16.2/instance-out.sql,7757499.86,101866.75,96033.81,1277404.75,0.0,3682881.23,0.0,1766491.44,3.37,0.0,0.0,0.0,832818.51,0.0,0.0,77206.81,96033.81,24659.94,0.00,3555459.15,127422.08
CZ01/EUn&0&cDXHP&Ex&dxHP_equip/NE-dxHP-PkgHP-18to33-Ex-SEER17.1/instance-out.sql,7757066.140000001,101866.75,95600.09,1277404.75,0.0,3682881.23,0.0,1766491.44,3.37,0.0,0.0,0.0,832818.51,0.0,0.0,77206.81,95600.09,24659.94,0.00,3555459.15,127422.08
CZ01/EUn&0&cDXHP&Ex&dxHP_equip/NE-dxHP-PkgHP-18to33-Ex-SEER18.1/instance-out.sql,7756653.82,101866.75,95187.77,1277404.75,0.0,3682881.23,0.0,1766491.44,3.37,0.0,0.0,0.0,832818.51,0.0,0.0,77206.81,95187.77,24659.94,0.00,3555459.15,127422.08
CZ01/EUn&0&cDXHP&Ex&dxHP_equip/NE-dxHP-PkgHP-33to65-Ex-SEER13.4/instance-out.sql,7759385.640000001,101866.75,97919.59,1277404.75,0.0,3682881.23,0.0,1766491.44,3.37,0.0,0.0,0.0,832818.51,0.0,0.0,77206.81,97919.59,24659.94,0.00,3555459.15,127422.08
CZ01/EUn&0&cDXHP&Ex&dxHP_equip/NE-dxHP-PkgHP-33to65-Ex-SEER15.2/instance-out.sql,7758042.37,101866.75,96576.32,1277404.75,0.0,3682881.23,0.0,1766491.44,3.37,0.0,0.0,0.0,832818.51,0.0,0.0,77206.81,96576.32,24659.94,0.00,3555459.15,127422.08
CZ01/EUn&0&cDXHP&Ex&dxHP_equip/NE-dxHP-PkgHP-33to65-Ex-SEER16.2/instance-out.sql,7757499.86,101866.75,96033.81,1277404.75,0.0,3682881.23,0.0,1766491.44,3.37,0.0,0.0,0.0,832818.51,0.0,0.0,77206.81,96033.81,24659.94,0.00,3555459.15,127422.08
CZ01/EUn&0&cDXHP&Ex&dxHP_equip/NE-dxHP-PkgHP-33to65-Ex-SEER17.1/instance-out.sql,7757066.140000001,101866.75,95600.09,1277404.75,0.0,3682881.23,0.0,1766491.44,3.37,0.0,0.0,0.0,832818.51,0.0,0.0,77206.81,95600.09,24659.94,0.00,3555459.15,127422.08
CZ01/EUn&0&cDXHP&Ex&dxHP_equip/NE-dxHP-PkgHP-33to65-Ex-SEER18.1/instance-out.sql,7756653.82,101866.75,95187.77,1277404.75,0.0,3682881.23,0.0,1766491.44,3.37,0.0,0.0,0.0,832818.51,0.0,0.0,77206.81,95187.77,24659.94,0.00,3555459.15,127422.08
CZ01/EUn&0&cDXHP&Ex&dxHP_equip/NE-dxHP-SplitHP-18to33-Ex-SEER14.3/instance-out.sql,7754841.62,98042.03,97200.29,1277404.75,0.0,3682881.23,0.0,1766491.44,3.37,0.0,0.0,0.0,832818.51,0.0,0.0,73382.09,97200.29,24659.94,0.00,3555459.15,127422.08
CZ01/EUn&0&cDXHP&Ex&dxHP_equip/NE-dxHP-SplitHP-18to33-Ex-SEER15.2/instance-out.sql,7754217.65,98042.03,96576.32,1277404.75,0.0,3682881.23,0.0,1766491.44,3.37,0.0,0.0,0.0,832818.51,0.0,0.0,73382.09,96576.32,24659.94,0.00,3555459.15,127422.08
CZ01/EUn&0&cDXHP&Ex&dxHP_equip/NE-dxHP-SplitHP-18to33-Ex-SEER16.2/instance-out.sql,7753675.140000001,98042.03,96033.81,1277404.75,0.0,3682881.23,0.0,1766491.44,3.37,0.0,0.0,0.0,832818.51,0.0,0.0,73382.09,96033.81,24659.94,0.00,3555459.15,127422.08
CZ01/EUn&0&cDXHP&Ex&dxHP_equip/NE-dxHP-SplitHP-18to33-Ex-SEER17.1/instance-out.sql,7753241.430000001,98042.03,95600.09,1277404.75,0.0,3682881.23,0.0,1766491.44,3.37,0.0,0.0,0.0,832818.51,0.0,0.0,73382.09,95600.09,24659.94,0.00,3555459.15,127422.08
CZ01/EUn&0&cDXHP&Ex&dxHP_equip/NE-dxHP-SplitHP-18to33-Ex-SEER18.1/instance-out.sql,7752829.100000001,98042.03,95187.77,1277404.75,0.0,3682881.23,0.0,1766491.44,3.37,0.0,0.0,0.0,832818.51,0.0,0.0,73382.09,95187.77,24659.94,0.00,3555459.15,127422.08
CZ01/EUn&0&cDXHP&Ex&dxHP_equip/NE-dxHP-SplitHP-33to55-Ex-SEER14.3/instance-out.sql,7754841.62,98042.03,97200.29,1277404.75,0.0,3682881.23,0.0,1766491.44,3.37,0.0,0.0,0.0,832818.51,0.0,0.0,73382.09,97200.29,24659.94,0.00,3555459.15,127422.08
CZ01/EUn&0&cDXHP&Ex&dxHP_equip/NE-dxHP-SplitHP-33to55-Ex-SEER15.2/instance-out.sql,7754217.65,98042.03,96576.32,1277404.75,0.0,3682881.23,0.0,1766491.44,3.37,0.0,0.0,0.0,832818.51,0.0,0.0,73382.09,96576.32,24659.94,0.00,3555459.15,127422.08
CZ01/EUn&0&cDXHP&Ex&dxHP_equip/NE-dxHP-SplitHP-33to55-Ex-SEER16.2/instance-out.sql,7753675.140000001,98042.03,96033.81,1277404.75,0.0,3682881.23,0.0,1766491.44,3.37,0.0,0.0,0.0,832818.51,0.0,0.0,73382.09,96033.81,24659.94,0.00,3555459.15,127422.08
CZ01/EUn&0&cDXHP&Ex&dxHP_equip/NE-dxHP-SplitHP-33to55-Ex-SEER17.1/instance-out.sql,7753241.430000001,98042.03,95600.09,1277404.75,0.0,3682881.23,0.0,1766491.44,3.37,0.0,0.0,0.0,832818.51,0.0,0.0,73382.09,95600.09,24659.94,0.00,3555459.15,127422.08
CZ01/EUn&0&cDXHP&Ex&dxHP_equip/NE-dxHP-SplitHP-33to55-Ex-SEER18.1/instance-out.sql,7752829.100000001,98042.03,95187.77,1277404.75,0.0,3682881.23,0.0,1766491.44,3.37,0.0,0.0,0.0,832818.51,0.0,0.0,73382.09,95187.77,24659.94,0.00,3555459.15,127422.08
CZ01/Gro&0&cDXHP&Ex&dxHP_equip/NE-dxHP-PkgHP-18to33-Ex-SEER13.4/instance-out.sql,1240871.0599999998,62929.11,372.17,249218.65,0.0,177584.03,0.0,135584.8,3.38,0.0,0.0,0.0,66325.43,548853.48,0.0,62929.11,372.17,0.00,0.00,177584.03,0.00
CZ01/Gro&0&cDXHP&Ex&dxHP_equip/NE-dxHP-PkgHP-18to33-Ex-SEER15.2/instance-out.sql,1240844.8,62929.11,345.91,249218.65,0.0,177584.03,0.0,135584.8,3.38,0.0,0.0,0.0,66325.43,548853.48,0.0,62929.11,345.91,0.00,0.00,177584.03,0.00
CZ01/Gro&0&cDXHP&Ex&dxHP_equip/NE-dxHP-PkgHP-18to33-Ex-SEER16.2/instance-out.sql,1240834.19,62929.11,335.3,249218.65,0.0,177584.03,0.0,135584.8,3.38,0.0,0.0,0.0,66325.43,548853.48,0.0,62929.11,335.30,0.00,0.00,177584.03,0.00
CZ01/Gro&0&cDXHP&Ex&dxHP_equip/NE-dxHP-PkgHP-18to33-Ex-SEER17.1/instance-out.sql,1240825.71,62929.11,326.82,249218.65,0.0,177584.03,0.0,135584.8,3.38,0.0,0.0,0.0,66325.43,548853.48,0.0,62929.11,326.82,0.00,0.00,177584.03,0.00
CZ01/Gro&0&cDXHP&Ex&dxHP_equip/NE-dxHP-PkgHP-18to33-Ex-SEER18.1/instance-out.sql,1240817.65,62929.11,318.76,249218.65,0.0,177584.03,0.0,135584.8,3.38,0.0,0.0,0.0,66325.43,548853.48,0.0,62929.11,318.76,0.00,0.00,177584.03,0.00
CZ01/Gro&0&cDXHP&Ex&dxHP_equip/NE-dxHP-PkgHP-33to65-Ex-SEER13.4/instance-out.sql,1240871.0599999998,62929.11,372.17,249218.65,0.0,177584.03,0.0,135584.8,3.38,0.0,0.0,0.0,66325.43,548853.48,0.0,62929.11,372.17,0.00,0.00,177584.03,0.00
CZ01/Gro&0&cDXHP&Ex&dxHP_equip/NE-dxHP-PkgHP-33to65-Ex-SEER15.2/instance-out.sql,1240844.8,62929.11,345.91,249218.65,0.0,177584.03,0.0,135584.8,3.38,0.0,0.0,0.0,66325.43,548853.48,0.0,62929.11,345.91,0.00,0.00,177584.03,0.00
CZ01/Gro&0&cDXHP&Ex&dxHP_equip/NE-dxHP-PkgHP-33to65-Ex-SEER16.2/instance-out.sql,1240834.19,62929.11,335.3,249218.65,0.0,177584.03,0.0,135584.8,3.38,0.0,0.0,0.0,66325.43,548853.48,0.0,62929.11,335.30,0.00,0.00,177584.03,0.00
CZ01/Gro&0&cDXHP&Ex&dxHP_equip/NE-dxHP-PkgHP-33to65-Ex-SEER17.1/instance-out.sql,1240825.71,62929.11,326.82,249218.65,0.0,177584.03,0.0,135584.8,3.38,0.0,0.0,0.0,66325.43,548853.48,0.0,62929.11,326.82,0.00,0.00,177584.03,0.00
CZ01/Gro&0&cDXHP&Ex&dxHP_equip/NE-dxHP-PkgHP-33to65-Ex-SEER18.1/instance-out.sql,1240817.65,62929.11,318.76,249218.65,0.0,177584.03,0.0,135584.8,3.38,0.0,0.0,0.0,66325.43,548853.48,0.0,62929.11,318.76,0.00,0.00,177584.03,0.00
CZ01/Gro&0&cDXHP&Ex&dxHP_equip/NE-dxHP-SplitHP-18to33-Ex-SEER14.3/instance-out.sql,1237722.68,59794.8,358.1,249218.65,0.0,177584.03,0.0,135584.8,3.38,0.0,0.0,0.0,66325.43,548853.48,0.0,59794.80,358.10,0.00,0.00,177584.03,0.00
CZ01/Gro&0&cDXHP&Ex&dxHP_equip/NE-dxHP-SplitHP-18to33-Ex-SEER15.2/instance-out.sql,1237710.48,59794.8,345.91,249218.65,0.0,177584.03,0.0,135584.8,3.38,0.0,0.0,0.0,66325.43,548853.48,0.0,59794.80,345.91,0.00,0.00,177584.03,0.00
CZ01/Gro&0&cDXHP&Ex&dxHP_equip/NE-dxHP-SplitHP-18to33-Ex-SEER16.2/instance-out.sql,1237699.88,59794.8,335.3,249218.65,0.0,177584.03,0.0,135584.8,3.38,0.0,0.0,0.0,66325.43,548853.48,0.0,59794.80,335.30,0.00,0.00,177584.03,0.00
CZ01/Gro&0&cDXHP&Ex&dxHP_equip/NE-dxHP-SplitHP-18to33-Ex-SEER17.1/instance-out.sql,1237691.4,59794.8,326.82,249218.65,0.0,177584.03,0.0,135584.8,3.38,0.0,0.0,0.0,66325.43,548853.48,0.0,59794.80,326.82,0.00,0.00,177584.03,0.00
CZ01/Gro&0&cDXHP&Ex&dxHP_equip/NE-dxHP-SplitHP-18to33-Ex-SEER18.1/instance-out.sql,1237683.3399999999,59794.8,318.76,249218.65,0.0,177584.03,0.0,135584.8,3.38,0.0,0.0,0.0,66325.43,548853.48,0.0,59794.80,318.76,0.00,0.00,177584.03,0.00
CZ01/Gro&0&cDXHP&Ex&dxHP_equip/NE-dxHP-SplitHP-33to55-Ex-SEER14.3/instance-out.sql,1237722.68,59794.8,358.1,249218.65,0.0,177584.03,0.0,135584.8,3.38,0.0,0.0,0.0,66325.43,548853.48,0.0,59794.80,358.10,0.00,0.00,177584.03,0.00
CZ01/Gro&0&cDXHP&Ex&dxHP_equip/NE-dxHP-SplitHP-33to55-Ex-SEER15.2/instance-out.sql,1237710.48,59794.8,345.91,249218.65,0.0,177584.03,0.0,135584.8,3.38,0.0,0.0,0.0,66325.43,548853.48,0.0,59794.80,345.91,0.00,0.00,177584.03,0.00
CZ01/Gro&0&cDXHP&Ex&dxHP_equip/NE-dxHP-SplitHP-33to55-Ex-SEER16.2/instance-out.sql,1237699.88,59794.8,335.3,249218.65,0.0,177584.03,0.0,135584.8,3.38,0.0,0.0,0.0,66325.43,548853.48,0.0,59794.80,335.30,0.00,0.00,177584.03,0.00
CZ01/Gro&0&cDXHP&Ex&dxHP_equip/NE-dxHP-SplitHP-33to55-Ex-SEER17.1/instance-out.sql,1237691.4,59794.8,326.82,249218.65,0.0,177584.03,0.0,135584.8,3.38,0.0,0.0,0.0,66325.43,548853.48,0.0,59794.80,326.82,0.00,0.00,177584.03,0.00
CZ01/Gro&0&cDXHP&Ex&dxHP_equip/NE-dxHP-SplitHP-33to55-Ex-SEER18.1/instance-out.sql,1237683.3399999999,59794.8,318.76,249218.65,0.0,177584.03,0.0,135584.8,3.38,0.0,0.0,0.0,66325.43,548853.48,0.0,59794.80,318.76,0.00,0.00,177584.03,0.00
CZ01/Hsp&0&cDXHP&Ex&dxHP_equip/NE-dxHP-PkgHP-18to33-Ex-SEER13.4/instance-out.sql,3158566.05,288202.72000000003,117781.35,856282.21,0.0,1182847.3,0.0,396810.91,27055.87,0.0,0.0,0.0,289585.7,0.0,0.0,9653.45,117781.35,278549.27,0.00,1139112.10,43735.20
CZ01/Hsp&0&cDXHP&Ex&dxHP_equip/NE-dxHP-PkgHP-18to33-Ex-SEER15.2/instance-out.sql,3158428.42,288202.72000000003,117643.72,856282.21,0.0,1182847.3,0.0,396810.91,27055.87,0.0,0.0,0.0,289585.7,0.0,0.0,9653.45,117643.72,278549.27,0.00,1139112.10,43735.20
CZ01/Hsp&0&cDXHP&Ex&dxHP_equip/NE-dxHP-PkgHP-18to33-Ex-SEER16.2/instance-out.sql,3158372.83,288202.72000000003,117588.13,856282.21,0.0,1182847.3,0.0,396810.91,27055.87,0.0,0.0,0.0,289585.7,0.0,0.0,9653.45,117588.13,278549.27,0.00,1139112.10,43735.20
CZ01/Hsp&0&cDXHP&Ex&dxHP_equip/NE-dxHP-PkgHP-18to33-Ex-SEER17.1/instance-out.sql,3158328.39,288202.72000000003,117543.69,856282.21,0.0,1182847.3,0.0,396810.91,27055.87,0.0,0.0,0.0,289585.7,0.0,0.0,9653.45,117543.69,278549.27,0.00,1139112.10,43735.20
CZ01/Hsp&0&cDXHP&Ex&dxHP_equip/NE-dxHP-PkgHP-18to33-Ex-SEER18.1/instance-out.sql,3158286.14,288202.72000000003,117501.44,856282.21,0.0,1182847.3,0.0,396810.91,27055.87,0.0,0.0,0.0,289585.7,0.0,0.0,9653.45,117501.44,278549.27,0.00,1139112.10,43735.20
CZ01/Hsp&0&cDXHP&Ex&dxHP_equip/NE-dxHP-PkgHP-33to65-Ex-SEER13.4/instance-out.sql,3158566.05,288202.72000000003,117781.35,856282.21,0.0,1182847.3,0.0,396810.91,27055.87,0.0,0.0,0.0,289585.7,0.0,0.0,9653.45,117781.35,278549.27,0.00,1139112.10,43735.20
CZ01/Hsp&0&cDXHP&Ex&dxHP_equip/NE-dxHP-PkgHP-33to65-Ex-SEER15.2/instance-out.sql,3158428.42,288202.72000000003,117643.72,856282.21,0.0,1182847.3,0.0,396810.91,27055.87,0.0,0.0,0.0,289585.7,0.0,0.0,9653.45,117643.72,278549.27,0.00,1139112.10,43735.20
CZ01/Hsp&0&cDXHP&Ex&dxHP_equip/NE-dxHP-PkgHP-33to65-Ex-SEER16.2/instance-out.sql,3158372.83,288202.72000000003,117588.13,856282.21,0.0,1182847.3,0.0,396810.91,27055.87,0.0,0.0,0.0,289585.7,0.0,0.0,9653.45,117588.13,278549.27,0.00,1139112.10,43735.20
CZ01/Hsp&0&cDXHP&Ex&dxHP_equip/NE-dxHP-PkgHP-33to65-Ex-SEER17.1/instance-out.sql,3158328.39,288202.72000000003,117543.69,856282.21,0.0,1182847.3,0.0,396810.91,27055.87,0.0,0.0,0.0,289585.7,0.0,0.0,9653.45,117543.69,278549.27,0.00,1139112.10,43735.20
CZ01/Hsp&0&cDXHP&Ex&dxHP_equip/NE-dxHP-PkgHP-33to65-Ex-SEER18.1/instance-out.sql,3158286.14,288202.72000000003,117501.44,856282.21,0.0,1182847.3,0.0,396810.91,27055.87,0.0,0.0,0.0,289585.7,0.0,0.0,9653.45,117501.44,278549.27,0.00,1139112.10,43735.20
CZ01/Hsp&0&cDXHP&Ex&dxHP_equip/NE-dxHP-SplitHP-18to33-Ex-SEER14.3/instance-out.sql,3158018.19,287728.55000000005,117707.65,856282.21,0.0,1182847.3,0.0,396810.91,27055.87,0.0,0.0,0.0,289585.7,0.0,0.0,9179.28,117707.65,278549.27,0.00,1139112.10,43735.20
CZ01/Hsp&0&cDXHP&Ex&dxHP_equip/NE-dxHP-SplitHP-18to33-Ex-SEER15.2/instance-out.sql,3157954.25,287728.55000000005,117643.72,856282.21,0.0,1182847.3,0.0,396810.91,27055.87,0.0,0.0,0.0,289585.7,0.0,0.0,9179.28,117643.72,278549.27,0.00,1139112.10,43735.20
CZ01/Hsp&0&cDXHP&Ex&dxHP_equip/NE-dxHP-SplitHP-18to33-Ex-SEER16.2/instance-out.sql,3157898.66,287728.55000000005,117588.13,856282.21,0.0,1182847.3,0.0,396810.91,27055.87,0.0,0.0,0.0,289585.7,0.0,0.0,9179.28,117588.13,278549.27,0.00,1139112.10,43735.20
CZ01/Hsp&0&cDXHP&Ex&dxHP_equip/NE-dxHP-SplitHP-18to33-Ex-SEER17.1/instance-out.sql,3157854.2199999997,287728.55000000005,117543.69,856282.21,0.0,1182847.3,0.0,396810.91,27055.87,0.0,0.0,0.0,289585.7,0.0,0.0,9179.28,117543.69,278549.27,0.00,1139112.10,43735.20
CZ01/Hsp&0&cDXHP&Ex&dxHP_equip/NE-dxHP-SplitHP-18to33-Ex-SEER18.1/instance-out.sql,3157811.9699999997,287728.55000000005,117501.44,856282.21,0.0,1182847.3,0.0,396810.91,27055.87,0.0,0.0,0.0,289585.7,0.0,0.0,9179.28,117501.44,278549.27,0.00,1139112.10,43735.20
CZ01/Hsp&0&cDXHP&Ex&dxHP_equip/NE-dxHP-SplitHP-33to55-Ex-SEER14.3/instance-out.sql,3158018.19,287728.55000000005,117707.65,856282.21,0.0,1182847.3,0.0,396810.91,27055.87,0.0,0.0,0.0,289585.7,0.0,0.0,9179.28,117707.65,278549.27,0.00,1139112.10,43735.20
CZ01/Hsp&0&cDXHP&Ex&dxHP_equip/NE-dxHP-SplitHP-33to55-Ex-SEER15.2/instance-out.sql,3157954.25,287728.55000000005,117643.72,856282.21,0.0,1182847.3,0.0,396810.91,27055.87,0.0,0.0,0.0,289585.7,0.0,0.0,9179.28,117643.72,278549.27,0.00,1139112.10,43735.20
CZ01/Hsp&0&cDXHP&Ex&dxHP_equip/NE-dxHP-SplitHP-33to55-Ex-SEER16.2/instance-out.sql,3157898.66,287728.55000000005,117588.13,856282.21,0.0,1182847.3,0.0,396810.91,27055.87,0.0,0.0,0.0,289585.7,0.0,0.0,9179.28,117588.13,278549.27,0.00,1139112.10,43735.20
CZ01/Hsp&0&cDXHP&Ex&dxHP_equip/NE-dxHP-SplitHP-33to55-Ex-SEER17.1/instance-out.sql,3157854.2199999997,287728.55000000005,117543.69,856282.21,0.0,1182847.3,0.0,396810.91,27055.87,0.0,0.0,0.0,289585.7,0.0,0.0,9179.28,117543.69,278549.27,0.00,1139112.10,43735.20
CZ01/Hsp&0&cDXHP&Ex&dxHP_equip/NE-dxHP-SplitHP-33to55-Ex-SEER18.1/instance-out.sql,3157811.9699999997,287728.55000000005,117501.44,856282.21,0.0,1182847.3,0.0,396810.91,27055.87,0.0,0.0,0.0,289585.7,0.0,0.0,9179.28,117501.44,278549.27,0.00,1139112.10,43735.20
CZ01/MBT&0&cDXHP&Ex&dxHP_equip/NE-dxHP-PkgHP-18to33-Ex-SEER13.4/instance-out.sql,8061919.1,4002428.9,27602.96,709539.71,0.0,2167645.51,0.0,962211.96,580.78,0.0,0.0,0.0,191909.28,0.0,0.0,41851.21,27602.96,3960577.69,0.00,1394057.91,773587.60
CZ01/MBT&0&cDXHP&Ex&dxHP_equip/NE-dxHP-PkgHP-18to33-Ex-SEER15.2/instance-out.sql,8061784.19,4002428.9,27468.05,709539.71,0.0,2167645.51,0.0,962211.96,580.78,0.0,0.0,0.0,191909.28,0.0,0.0,41851.21,27468.05,3960577.69,0.00,1394057.91,773587.60
CZ01/MBT&0&cDXHP&Ex&dxHP_equip/NE-dxHP-PkgHP-18to33-Ex-SEER16.2/instance-out.sql,8061729.7,4002428.9,27413.57,709539.71,0.0,2167645.51,0.0,962211.96,580.78,0.0,0.0,0.0,191909.28,0.0,0.0,41851.21,27413.57,3960577.69,0.00,1394057.91,773587.60
CZ01/MBT&0&cDXHP&Ex&dxHP_equip/NE-dxHP-PkgHP-18to33-Ex-SEER17.1/instance-out.sql,8061686.140000001,4002428.9,27370.0,709539.71,0.0,2167645.51,0.0,962211.96,580.78,0.0,0.0,0.0,191909.28,0.0,0.0,41851.21,27370.00,3960577.69,0.00,1394057.91,773587.60
CZ01/MBT&0&cDXHP&Ex&dxHP_equip/NE-dxHP-PkgHP-18to33-Ex-SEER18.1/instance-out.sql,8061644.73,4002428.9,27328.59,709539.71,0.0,2167645.51,0.0,962211.96,580.78,0.0,0.0,0.0,191909.28,0.0,0.0,41851.21,27328.59,3960577.69,0.00,1394057.91,773587.60
CZ01/MBT&0&cDXHP&Ex&dxHP_equip/NE-dxHP-PkgHP-33to65-Ex-SEER13.4/instance-out.sql,8061919.1,4002428.9,27602.96,709539.71,0.0,2167645.51,0.0,962211.96,580.78,0.0,0.0,0.0,191909.28,0.0,0.0,41851.21,27602.96,3960577.69,0.00,1394057.91,773587.60
CZ01/MBT&0&cDXHP&Ex&dxHP_equip/NE-dxHP-PkgHP-33to65-Ex-SEER15.2/instance-out.sql,8061784.19,4002428.9,27468.05,709539.71,0.0,2167645.51,0.0,962211.96,580.78,0.0,0.0,0.0,191909.28,0.0,0.0,41851.21,27468.05,3960577.69,0.00,1394057.91,773587.60
CZ01/MBT&0&cDXHP&Ex&dxHP_equip/NE-dxHP-PkgHP-33to65-Ex-SEER16.2/instance-out.sql,8061729.7,4002428.9,27413.57,709539.71,0.0,2167645.51,0.0,962211.96,580.78,0.0,0.0,0.0,191909.28,0.0,0.0,41851.21,27413.57,3960577.69,0.00,1394057.91,773587.60
CZ01/MBT&0&cDXHP&Ex&dxHP_equip/NE-dxHP-PkgHP-33to65-Ex-SEER17.1/instance-out.sql,8061686.140000001,4002428.9,27370.0,709539.71,0.0,2167645.51,0.0,962211.96,580.78,0.0,0.0,0.0,191909.28,0.0,0.0,41851.21,27370.00,3960577.69,0.00,1394057.91,773587.60
CZ01/MBT&0&cDXHP&Ex&dxHP_equip/NE-dxHP-PkgHP-33to65-Ex-SEER18.1/instance-out.sql,8061644.73,4002428.9,27328.59,709539.71,0.0,2167645.51,0.0,962211.96,580.78,0.0,0.0,0.0,191909.28,0.0,0.0,41851.21,27328.59,3960577.69,0.00,1394057.91,773587.60
CZ01/MBT&0&cDXHP&Ex&dxHP_equip/NE-dxHP-SplitHP-18to33-Ex-SEER14.3/instance-out.sql,8059768.51,4000350.55,27530.72,709539.71,0.0,2167645.51,0.0,962211.96,580.78,0.0,0.0,0.0,191909.28,0.0,0.0,39772.86,27530.72,3960577.69,0.00,1394057.91,773587.60
CZ01/MBT&0&cDXHP&Ex&dxHP_equip/NE-dxHP-SplitHP-18to33-Ex-SEER15.2/instance-out.sql,8059705.84,4000350.55,27468.05,709539.71,0.0,2167645.51,0.0,962211.96,580.78,0.0,0.0,0.0,191909.28,0.0,0.0,39772.86,27468.05,3960577.69,0.00,1394057.91,773587.60
CZ01/MBT&0&cDXHP&Ex&dxHP_equip/NE-dxHP-SplitHP-18to33-Ex-SEER16.2/instance-out.sql,8059651.35,4000350.55,27413.57,709539.71,0.0,2167645.51,0.0,962211.96,580.78,0.0,0.0,0.0,191909.28,0.0,0.0,39772.86,27413.57,3960577.69,0.00,1394057.91,773587.60
CZ01/MBT&0&cDXHP&Ex&dxHP_equip/NE-dxHP-SplitHP-18to33-Ex-SEER17.1/instance-out.sql,8059607.790000001,4000350.55,27370.0,709539.71,0.0,2167645.51,0.0,962211.96,580.78,0.0,0.0,0.0,191909.28,0.0,0.0,39772.86,27370.00,3960577.69,0.00,1394057.91,773587.60
CZ01/MBT&0&cDXHP&Ex&dxHP_equip/NE-dxHP-SplitHP-18to33-Ex-SEER18.1/instance-out.sql,8059566.380000001,4000350.55,27328.59,709539.71,0.0,2167645.51,0.0,962211.96,580.78,0.0,0.0,0.0,191909.28,0.0,0.0,39772.86,27328.59,3960577.69,0.00,1394057.91,773587.60
CZ01/MBT&0&cDXHP&Ex&dxHP_equip/NE-dxHP-SplitHP-33to55-Ex-SEER14.3/instance-out.sql,8059768.51,4000350.55,27530.72,709539.71,0.0,2167645.51,0.0,962211.96,580.78,0.0,0.0,0.0,191909.28,0.0,0.0,39772.86,27530.72,3960577.69,0.00,1394057.91,773587.60
CZ01/MBT&0&cDXHP&Ex&dxHP_equip/NE-dxHP-SplitHP-33to55-Ex-SEER15.2/instance-out.sql,8059705.84,4000350.55,27468.05,709539.71,0.0,2167645.51,0.0,962211.96,580.78,0.0,0.0,0.0,191909.28,0.0,0.0,39772.86,27468.05,3960577.69,0.00,1394057.91,773587.60
CZ01/MBT&0&cDXHP&Ex&dxHP_equip/NE-dxHP-SplitHP-33to55-Ex-SEER16.2/instance-out.sql,8059651.35,4000350.55,27413.57,709539.71,0.0,2167645.51,0.0,962211.96,580.78,0.0,0.0,0.0,191909.28,0.0,0.0,39772.86,27413.57,3960577.69,0.00,1394057.91,773587.60
CZ01/MBT&0&cDXHP&Ex&dxHP_equip/NE-dxHP-SplitHP-33to55-Ex-SEER17.1/instance-out.sql,8059607.790000001,4000350.55,27370.0,709539.71,0.0,2167645.51,0.0,962211.96,580.78,0.0,0.0,0.0,191909.28,0.0,0.0,39772.86,27370.00,3960577.69,0.00,1394057.91,773587.60
CZ01/MBT&0&cDXHP&Ex&dxHP_equip/NE-dxHP-SplitHP-33to55-Ex-SEER18.1/instance-out.sql,8059566.380000001,4000350.55,27328.59,709539.71,0.0,2167645.51,0.0,962211.96,580.78,0.0,0.0,0.0,191909.28,0.0,0.0,39772.86,27328.59,3960577.69,0.00,1394057.91,773587.60
CZ01/MLI&0&cDXHP&Ex&dxHP_equip/NE-dxHP-PkgHP-18to33-Ex-SEER13.4/instance-out.sql,946140.3500000001,50931.54,1403.55,283149.19,0.0,239893.0,0.0,317663.51,3.37,0.0,0.0,0.0,53096.18,0.0,0.0,50931.54,1403.55,0.00,0.00,239893.00,0.00
CZ01/MLI&0&cDXHP&Ex&dxHP_equip/NE-dxHP-PkgHP-18to33-Ex-SEER15.2/instance-out.sql,946041.31,50931.54,1304.52,283149.19,0.0,239893.0,0.0,317663.51,3.37,0.0,0.0,0.0,53096.18,0.0,0.0,50931.54,1304.52,0.00,0.00,239893.00,0.00
CZ01/MLI&0&cDXHP&Ex&dxHP_equip/NE-dxHP-PkgHP-18to33-Ex-SEER16.2/instance-out.sql,946001.3200000001,50931.54,1264.52,283149.19,0.0,239893.0,0.0,317663.51,3.37,0.0,0.0,0.0,53096.18,0.0,0.0,50931.54,1264.52,0.00,0.00,239893.00,0.00
CZ01/MLI&0&cDXHP&Ex&dxHP_equip/NE-dxHP-PkgHP-18to33-Ex-SEER17.1/instance-out.sql,945969.3400000001,50931.54,1232.54,283149.19,0.0,239893.0,0.0,317663.51,3.37,0.0,0.0,0.0,53096.18,0.0,0.0,50931.54,1232.54,0.00,0.00,239893.00,0.00
CZ01/MLI&0&cDXHP&Ex&dxHP_equip/NE-dxHP-PkgHP-18to33-Ex-SEER18.1/instance-out.sql,945938.9400000001,50931.54,1202.15,283149.19,0.0,239893.0,0.0,317663.51,3.37,0.0,0.0,0.0,53096.18,0.0,0.0,50931.54,1202.15,0.00,0.00,239893.00,0.00
CZ01/MLI&0&cDXHP&Ex&dxHP_equip/NE-dxHP-PkgHP-33to65-Ex-SEER13.4/instance-out.sql,946140.3500000001,50931.54,1403.55,283149.19,0.0,239893.0,0.0,317663.51,3.37,0.0,0.0,0.0,53096.18,0.0,0.0,50931.54,1403.55,0.00,0.00,239893.00,0.00
CZ01/MLI&0&cDXHP&Ex&dxHP_equip/NE-dxHP-PkgHP-33to65-Ex-SEER15.2/instance-out.sql,946041.31,50931.54,1304.52,283149.19,0.0,239893.0,0.0,317663.51,3.37,0.0,0.0,0.0,53096.18,0.0,0.0,50931.54,1304.52,0.00,0.00,239893.00,0.00
CZ01/MLI&0&cDXHP&Ex&dxHP_equip/NE-dxHP-PkgHP-33to65-Ex-SEER16.2/instance-out.sql,946001.3200000001,50931.54,1264.52,283149.19,0.0,239893.0,0.0,317663.51,3.37,0.0,0.0,0.0,53096.18,0.0,0.0,50931.54,1264.52,0.00,0.00,239893.00,0.00
CZ01/MLI&0&cDXHP&Ex&dxHP_equip/NE-dxHP-PkgHP-33to65-Ex-SEER17.1/instance-out.sql,945969.3400000001,50931.54,1232.54,283149.19,0.0,239893.0,0.0,317663.51,3.37,0.0,0.0,0.0,53096.18,0.0,0.0,50931.54,1232.54,0.00,0.00,239893.00,0.00
CZ01/MLI&0&cDXHP&Ex&dxHP_equip/NE-dxHP-PkgHP-33to65-Ex-SEER18.1/instance-out.sql,945938.9400000001,50931.54,1202.15,283149.19,0.0,239893.0,0.0,317663.51,3.37,0.0,0.0,0.0,53096.18,0.0,0.0,50931.54,1202.15,0.00,0.00,239893.00,0.00
CZ01/MLI&0&cDXHP&Ex&dxHP_equip/NE-dxHP-SplitHP-18to33-Ex-SEER14.3/instance-out.sql,943551.9800000001,48396.21,1350.52,283149.19,0.0,239893.0,0.0,317663.51,3.37,0.0,0.0,0.0,53096.18,0.0,0.0,48396.21,1350.52,0.00,0.00,239893.00,0.00
CZ01/MLI&0&cDXHP&Ex&dxHP_equip/NE-dxHP-SplitHP-18to33-Ex-SEER15.2/instance-out.sql,943505.9800000001,48396.21,1304.52,283149.19,0.0,239893.0,0.0,317663.51,3.37,0.0,0.0,0.0,53096.18,0.0,0.0,48396.21,1304.52,0.00,0.00,239893.00,0.00
CZ01/MLI&0&cDXHP&Ex&dxHP_equip/NE-dxHP-SplitHP-18to33-Ex-SEER16.2/instance-out.sql,943465.9800000001,48396.21,1264.52,283149.19,0.0,239893.0,0.0,317663.51,3.37,0.0,0.0,0.0,53096.18,0.0,0.0,48396.21,1264.52,0.00,0.00,239893.00,0.00
CZ01/MLI&0&cDXHP&Ex&dxHP_equip/NE-dxHP-SplitHP-18to33-Ex-SEER17.1/instance-out.sql,943434.01,48396.21,1232.54,283149.19,0.0,239893.0,0.0,317663.51,3.37,0.0,0.0,0.0,53096.18,0.0,0.0,48396.21,1232.54,0.00,0.00,239893.00,0.00
CZ01/MLI&0&cDXHP&Ex&dxHP_equip/NE-dxHP-SplitHP-18to33-Ex-SEER18.1/instance-out.sql,943403.6100000001,48396.21,1202.15,283149.19,0.0,239893.0,0.0,317663.51,3.37,0.0,0.0,0.0,53096.18,0.0,0.0,48396.21,1202.15,0.00,0.00,239893.00,0.00
CZ01/MLI&0&cDXHP&Ex&dxHP_equip/NE-dxHP-SplitHP-33to55-Ex-SEER14.3/instance-out.sql,943551.9800000001,48396.21,1350.52,283149.19,0.0,239893.0,0.0,317663.51,3.37,0.0,0.0,0.0,53096.18,0.0,0.0,48396.21,1350.52,0.00,0.00,239893.00,0.00
CZ01/MLI&0&cDXHP&Ex&dxHP_equip/NE-dxHP-SplitHP-33to55-Ex-SEER15.2/instance-out.sql,943505.9800000001,48396.21,1304.52,283149.19,0.0,239893.0,0.0,317663.51,3.37,0.0,0.0,0.0,53096.18,0.0,0.0,48396.21,1304.52,0.00,0.00,239893.00,0.00
CZ01/MLI&0&cDXHP&Ex&dxHP_equip/NE-dxHP-SplitHP-33to55-Ex-SEER16.2/instance-out.sql,943465.9800000001,48396.21,1264.52,283149.19,0.0,239893.0,0.0,317663.51,3.37,0.0,0.0,0.0,53096.18,0.0,0.0,48396.21,1264.52,0.00,0.00,239893.00,0.00
CZ01/MLI&0&cDXHP&Ex&dxHP_equip/NE-dxHP-SplitHP-33to55-Ex-SEER17.1/instance-out.sql,943434.01,48396.21,1232.54,283149.19,0.0,239893.0,0.0,317663.51,3.37,0.0,0.0,0.0,53096.18,0.0,0.0,48396.21,1232.54,0.00,0.00,239893.00,0.00
CZ01/MLI&0&cDXHP&Ex&dxHP_equip/NE-dxHP-SplitHP-33to55-Ex-SEER18.1/instance-out.sql,943403.6100000001,48396.21,1202.15,283149.19,0.0,239893.0,0.0,317663.51,3.37,0.0,0.0,0.0,53096.18,0.0,0.0,48396.21,1202.15,0.00,0.00,239893.00,0.00
CZ01/Mtl&0&cDXHP&Ex&dxHP_equip/NE-dxHP-PkgHP-18to33-Ex-SEER13.4/instance-out.sql,140801.61000000002,9003.02,1656.89,51285.47,0.0,22443.33,0.0,48528.23,3.36,0.0,0.0,0.0,7881.3,0.0,0.0,8376.41,1656.89,626.61,0.00,22191.36,251.97
CZ01/Mtl&0&cDXHP&Ex&dxHP_equip/NE-dxHP-PkgHP-18to33-Ex-SEER15.2/instance-out.sql,140752.89,9003.02,1608.17,51285.47,0.0,22443.33,0.0,48528.23,3.36,0.0,0.0,0.0,7881.3,0.0,0.0,8376.41,1608.17,626.61,0.00,22191.36,251.97
CZ01/Mtl&0&cDXHP&Ex&dxHP_equip/NE-dxHP-PkgHP-18to33-Ex-SEER16.2/instance-out.sql,140733.21,9003.02,1588.49,51285.47,0.0,22443.33,0.0,48528.23,3.36,0.0,0.0,0.0,7881.3,0.0,0.0,8376.41,1588.49,626.61,0.00,22191.36,251.97
CZ01/Mtl&0&cDXHP&Ex&dxHP_equip/NE-dxHP-PkgHP-18to33-Ex-SEER17.1/instance-out.sql,140717.48,9003.02,1572.76,51285.47,0.0,22443.33,0.0,48528.23,3.36,0.0,0.0,0.0,7881.3,0.0,0.0,8376.41,1572.76,626.61,0.00,22191.36,251.97
CZ01/Mtl&0&cDXHP&Ex&dxHP_equip/NE-dxHP-PkgHP-18to33-Ex-SEER18.1/instance-out.sql,140702.53,9003.02,1557.81,51285.47,0.0,22443.33,0.0,48528.23,3.36,0.0,0.0,0.0,7881.3,0.0,0.0,8376.41,1557.81,626.61,0.00,22191.36,251.97
CZ01/Mtl&0&cDXHP&Ex&dxHP_equip/NE-dxHP-PkgHP-33to65-Ex-SEER13.4/instance-out.sql,140801.61000000002,9003.02,1656.89,51285.47,0.0,22443.33,0.0,48528.23,3.36,0.0,0.0,0.0,7881.3,0.0,0.0,8376.41,1656.89,626.61,0.00,22191.36,251.97
CZ01/Mtl&0&cDXHP&Ex&dxHP_equip/NE-dxHP-PkgHP-33to65-Ex-SEER15.2/instance-out.sql,140752.89,9003.02,1608.17,51285.47,0.0,22443.33,0.0,48528.23,3.36,0.0,0.0,0.0,7881.3,0.0,0.0,8376.41,1608.17,626.61,0.00,22191.36,251.97
CZ01/Mtl&0&cDXHP&Ex&dxHP_equip/NE-dxHP-PkgHP-33to65-Ex-SEER16.2/instance-out.sql,140733.21,9003.02,1588.49,51285.47,0.0,22443.33,0.0,48528.23,3.36,0.0,0.0,0.0,7881.3,0.0,0.0,8376.41,1588.49,626.61,0.00,22191.36,251.97
CZ01/Mtl&0&cDXHP&Ex&dxHP_equip/NE-dxHP-PkgHP-33to65-Ex-SEER17.1/instance-out.sql,140717.48,9003.02,1572.76,51285.47,0.0,22443.33,0.0,48528.23,3.36,0.0,0.0,0.0,7881.3,0.0,0.0,8376.41,1572.76,626.61,0.00,22191.36,251.97
CZ01/Mtl&0&cDXHP&Ex&dxHP_equip/NE-dxHP-PkgHP-33to65-Ex-SEER18.1/instance-out.sql,140702.53,9003.02,1557.81,51285.47,0.0,22443.33,0.0,48528.23,3.36,0.0,0.0,0.0,7881.3,0.0,0.0,8376.41,1557.81,626.61,0.00,22191.36,251.97
CZ01/Mtl&0&cDXHP&Ex&dxHP_equip/NE-dxHP-SplitHP-18to33-Ex-SEER14.3/instance-out.sql,140365.87,8593.37,1630.8,51285.47,0.0,22443.33,0.0,48528.23,3.36,0.0,0.0,0.0,7881.3,0.0,0.0,7966.76,1630.80,626.61,0.00,22191.36,251.97
CZ01/Mtl&0&cDXHP&Ex&dxHP_equip/NE-dxHP-SplitHP-18to33-Ex-SEER15.2/instance-out.sql,140343.24,8593.37,1608.17,51285.47,0.0,22443.33,0.0,48528.23,3.36,0.0,0.0,0.0,7881.3,0.0,0.0,7966.76,1608.17,626.61,0.00,22191.36,251.97
CZ01/Mtl&0&cDXHP&Ex&dxHP_equip/NE-dxHP-SplitHP-18to33-Ex-SEER16.2/instance-out.sql,140323.56,8593.37,1588.49,51285.47,0.0,22443.33,0.0,48528.23,3.36,0.0,0.0,0.0,7881.3,0.0,0.0,7966.76,1588.49,626.61,0.00,22191.36,251.97
CZ01/Mtl&0&cDXHP&Ex&dxHP_equip/NE-dxHP-SplitHP-18to33-Ex-SEER17.1/instance-out.sql,140307.83000000002,8593.37,1572.76,51285.47,0.0,22443.33,0.0,48528.23,3.36,0.0,0.0,0.0,7881.3,0.0,0.0,7966.76,1572.76,626.61,0.00,22191.36,251.97
CZ01/Mtl&0&cDXHP&Ex&dxHP_equip/NE-dxHP-SplitHP-18to33-Ex-SEER18.1/instance-out.sql,140292.87,8593.37,1557.81,51285.47,0.0,22443.33,0.0,48528.23,3.36,0.0,0.0,0.0,7881.3,0.0,0.0,7966.76,1557.81,626.61,0.00,22191.36,251.97
CZ01/Mtl&0&cDXHP&Ex&dxHP_equip/NE-dxHP-SplitHP-33to55-Ex-SEER14.3/instance-out.sql,140365.87,8593.37,1630.8,51285.47,0.0,22443.33,0.0,48528.23,3.36,0.0,0.0,0.0,7881.3,0.0,0.0,7966.76,1630.80,626.61,0.00,22191.36,251.97
CZ01/Mtl&0&cDXHP&Ex&dxHP_equip/NE-dxHP-SplitHP-33to55-Ex-SEER15.2/instance-out.sql,140343.24,8593.37,1608.17,51285.47,0.0,22443.33,0.0,48528.23,3.36,0.0,0.0,0.0,7881.3,0.0,0.0,7966.76,1608.17,626.61,0.00,22191.36,251.97
CZ01/Mtl&0&cDXHP&Ex&dxHP_equip/NE-dxHP-SplitHP-33to55-Ex-SEER16.2/instance-out.sql,140323.56,8593.37,1588.49,51285.47,0.0,22443.33,0.0,48528.23,3.36,0.0,0.0,0.0,7881.3,0.0,0.0,7966.76,1588.49,626.61,0.00,22191.36,251.97
CZ01/Mtl&0&cDXHP&Ex&dxHP_equip/NE-dxHP-SplitHP-33to55-Ex-SEER17.1/instance-out.sql,140307.83000000002,8593.37,1572.76,51285.47,0.0,22443.33,0.0,48528.23,3.36,0.0,0.0,0.0,7881.3,0.0,0.0,7966.76,1572.76,626.61,0.00,22191.36,251.97
CZ01/Mtl&0&cDXHP&Ex&dxHP_equip/NE-dxHP-SplitHP-33to55-Ex-SEER18.1/instance-out.sql,140292.87,8593.37,1557.81,51285.47,0.0,22443.33,0.0,48528.23,3.36,0.0,0.0,0.0,7881.3,0.0,0.0,7966.76,1557.81,626.61,0.00,22191.36,251.97
CZ01/Nrs&0&cDXHP&Ex&dxHP_equip/NE-dxHP-PkgHP-18to33-Ex-SEER13.4/instance-out.sql,901023.9099999999,70382.75,20418.14,200868.06,0.0,347425.87,0.0,131755.55,31.83,0.0,0.0,0.0,130141.71,0.0,0.0,9182.42,20418.14,61200.33,0.00,281574.59,65851.28
CZ01/Nrs&0&cDXHP&Ex&dxHP_equip/NE-dxHP-PkgHP-18to33-Ex-SEER15.2/instance-out.sql,900955.06,70382.75,20349.29,200868.06,0.0,347425.87,0.0,131755.55,31.83,0.0,0.0,0.0,130141.71,0.0,0.0,9182.42,20349.29,61200.33,0.00,281574.59,65851.28
CZ01/Nrs&0&cDXHP&Ex&dxHP_equip/NE-dxHP-PkgHP-18to33-Ex-SEER16.2/instance-out.sql,900927.25,70382.75,20321.48,200868.06,0.0,347425.87,0.0,131755.55,31.83,0.0,0.0,0.0,130141.71,0.0,0.0,9182.42,20321.48,61200.33,0.00,281574.59,65851.28
CZ01/Nrs&0&cDXHP&Ex&dxHP_equip/NE-dxHP-PkgHP-18to33-Ex-SEER17.1/instance-out.sql,900905.02,70382.75,20299.25,200868.06,0.0,347425.87,0.0,131755.55,31.83,0.0,0.0,0.0,130141.71,0.0,0.0,9182.42,20299.25,61200.33,0.00,281574.59,65851.28
CZ01/Nrs&0&cDXHP&Ex&dxHP_equip/NE-dxHP-PkgHP-18to33-Ex-SEER18.1/instance-out.sql,900883.8800000001,70382.75,20278.11,200868.06,0.0,347425.87,0.0,131755.55,31.83,0.0,0.0,0.0,130141.71,0.0,0.0,9182.42,20278.11,61200.33,0.00,281574.59,65851.28
CZ01/Nrs&0&cDXHP&Ex&dxHP_equip/NE-dxHP-PkgHP-33to65-Ex-SEER13.4/instance-out.sql,901023.9099999999,70382.75,20418.14,200868.06,0.0,347425.87,0.0,131755.55,31.83,0.0,0.0,0.0,130141.71,0.0,0.0,9182.42,20418.14,61200.33,0.00,281574.59,65851.28
CZ01/Nrs&0&cDXHP&Ex&dxHP_equip/NE-dxHP-PkgHP-33to65-Ex-SEER15.2/instance-out.sql,900955.06,70382.75,20349.29,200868.06,0.0,347425.87,0.0,131755.55,31.83,0.0,0.0,0.0,130141.71,0.0,0.0,9182.42,20349.29,61200.33,0.00,281574.59,65851.28
CZ01/Nrs&0&cDXHP&Ex&dxHP_equip/NE-dxHP-PkgHP-33to65-Ex-SEER16.2/instance-out.sql,900927.25,70382.75,20321.48,200868.06,0.0,347425.87,0.0,131755.55,31.83,0.0,0.0,0.0,130141.71,0.0,0.0,9182.42,20321.48,61200.33,0.00,281574.59,65851.28
CZ01/Nrs&0&cDXHP&Ex&dxHP_equip/NE-dxHP-PkgHP-33to65-Ex-SEER17.1/instance-out.sql,900905.02,70382.75,20299.25,200868.06,0.0,347425.87,0.0,131755.55,31.83,0.0,0.0,0.0,130141.71,0.0,0.0,9182.42,20299.25,61200.33,0.00,281574.59,65851.28
CZ01/Nrs&0&cDXHP&Ex&dxHP_equip/NE-dxHP-PkgHP-33to65-Ex-SEER18.1/instance-out.sql,900883.8800000001,70382.75,20278.11,200868.06,0.0,347425.87,0.0,131755.55,31.83,0.0,0.0,0.0,130141.71,0.0,0.0,9182.42,20278.11,61200.33,0.00,281574.59,65851.28
CZ01/Nrs&0&cDXHP&Ex&dxHP_equip/NE-dxHP-SplitHP-18to33-Ex-SEER14.3/instance-out.sql,900534.9199999999,69930.63,20381.27,200868.06,0.0,347425.87,0.0,131755.55,31.83,0.0,0.0,0.0,130141.71,0.0,0.0,8730.30,20381.27,61200.33,0.00,281574.59,65851.28
CZ01/Nrs&0&cDXHP&Ex&dxHP_equip/NE-dxHP-SplitHP-18to33-Ex-SEER15.2/instance-out.sql,900502.94,69930.63,20349.29,200868.06,0.0,347425.87,0.0,131755.55,31.83,0.0,0.0,0.0,130141.71,0.0,0.0,8730.30,20349.29,61200.33,0.00,281574.59,65851.28
CZ01/Nrs&0&cDXHP&Ex&dxHP_equip/NE-dxHP-SplitHP-18to33-Ex-SEER16.2/instance-out.sql,900475.1300000001,69930.63,20321.48,200868.06,0.0,347425.87,0.0,131755.55,31.83,0.0,0.0,0.0,130141.71,0.0,0.0,8730.30,20321.48,61200.33,0.00,281574.59,65851.28
CZ01/Nrs&0&cDXHP&Ex&dxHP_equip/NE-dxHP-SplitHP-18to33-Ex-SEER17.1/instance-out.sql,900452.8999999999,69930.63,20299.25,200868.06,0.0,347425.87,0.0,131755.55,31.83,0.0,0.0,0.0,130141.71,0.0,0.0,8730.30,20299.25,61200.33,0.00,281574.59,65851.28
CZ01/Nrs&0&cDXHP&Ex&dxHP_equip/NE-dxHP-SplitHP-18to33-Ex-SEER18.1/instance-out.sql,900431.77,69930.63,20278.11,200868.06,0.0,347425.87,0.0,131755.55,31.83,0.0,0.0,0.0,130141.71,0.0,0.0,8730.30,20278.11,61200.33,0.00,281574.59,65851.28
CZ01/Nrs&0&cDXHP&Ex&dxHP_equip/NE-dxHP-SplitHP-33to55-Ex-SEER14.3/instance-out.sql,900534.9199999999,69930.63,20381.27,200868.06,0.0,347425.87,0.0,131755.55,31.83,0.0,0.0,0.0,130141.71,0.0,0.0,8730.30,20381.27,61200.33,0.00,281574.59,65851.28
CZ01/Nrs&0&cDXHP&Ex&dxHP_equip/NE-dxHP-SplitHP-33to55-Ex-SEER15.2/instance-out.sql,900502.94,69930.63,20349.29,200868.06,0.0,347425.87,0.0,131755.55,31.83,0.0,0.0,0.0,130141.71,0.0,0.0,8730.30,20349.29,61200.33,0.00,281574.59,65851.28
CZ01/Nrs&0&cDXHP&Ex&dxHP_equip/NE-dxHP-SplitHP-33to55-Ex-SEER16.2/instance-out.sql,900475.1300000001,69930.63,20321.48,200868.06,0.0,347425.87,0.0,131755.55,31.83,0.0,0.0,0.0,130141.71,0.0,0.0,8730.30,20321.48,61200.33,0.00,281574.59,65851.28
CZ01/Nrs&0&cDXHP&Ex&dxHP_equip/NE-dxHP-SplitHP-33to55-Ex-SEER17.1/instance-out.sql,900452.8999999999,69930.63,20299.25,200868.06,0.0,347425.87,0.0,131755.55,31.83,0.0,0.0,0.0,130141.71,0.0,0.0,8730.30,20299.25,61200.33,0.00,281574.59,65851.28
CZ01/Nrs&0&cDXHP&Ex&dxHP_equip/NE-dxHP-SplitHP-33to55-Ex-SEER18.1/instance-out.sql,900431.77,69930.63,20278.11,200868.06,0.0,347425.87,0.0,131755.55,31.83,0.0,0.0,0.0,130141.71,0.0,0.0,8730.30,20278.11,61200.33,0.00,281574.59,65851.28
CZ01/OfL&0&cDXHP&Ex&dxHP_equip/NE-dxHP-PkgHP-18to33-Ex-SEER13.4/instance-out.sql,2291837.95,59425.75,18611.85,462712.61,0.0,829334.66,0.0,789272.57,610.12,0.0,0.0,0.0,131870.41,0.0,0.0,17644.78,18611.85,41780.97,0.00,829334.66,0.00
CZ01/OfL&0&cDXHP&Ex&dxHP_equip/NE-dxHP-PkgHP-18to33-Ex-SEER15.2/instance-out.sql,2291204.45,59425.75,17978.35,462712.61,0.0,829334.66,0.0,789272.57,610.12,0.0,0.0,0.0,131870.41,0.0,0.0,17644.78,17978.35,41780.97,0.00,829334.66,0.00
CZ01/OfL&0&cDXHP&Ex&dxHP_equip/NE-dxHP-PkgHP-18to33-Ex-SEER16.2/instance-out.sql,2290948.6,59425.75,17722.49,462712.61,0.0,829334.66,0.0,789272.57,610.12,0.0,0.0,0.0,131870.41,0.0,0.0,17644.78,17722.49,41780.97,0.00,829334.66,0.00
CZ01/OfL&0&cDXHP&Ex&dxHP_equip/NE-dxHP-PkgHP-18to33-Ex-SEER17.1/instance-out.sql,2290744.0500000003,59425.75,17517.95,462712.61,0.0,829334.66,0.0,789272.57,610.12,0.0,0.0,0.0,131870.41,0.0,0.0,17644.78,17517.95,41780.97,0.00,829334.66,0.00
CZ01/OfL&0&cDXHP&Ex&dxHP_equip/NE-dxHP-PkgHP-18to33-Ex-SEER18.1/instance-out.sql,2290549.6,59425.75,17323.49,462712.61,0.0,829334.66,0.0,789272.57,610.12,0.0,0.0,0.0,131870.41,0.0,0.0,17644.78,17323.49,41780.97,0.00,829334.66,0.00
CZ01/OfL&0&cDXHP&Ex&dxHP_equip/NE-dxHP-PkgHP-33to65-Ex-SEER13.4/instance-out.sql,2291837.95,59425.75,18611.85,462712.61,0.0,829334.66,0.0,789272.57,610.12,0.0,0.0,0.0,131870.41,0.0,0.0,17644.78,18611.85,41780.97,0.00,829334.66,0.00
CZ01/OfL&0&cDXHP&Ex&dxHP_equip/NE-dxHP-PkgHP-33to65-Ex-SEER15.2/instance-out.sql,2291204.45,59425.75,17978.35,462712.61,0.0,829334.66,0.0,789272.57,610.12,0.0,0.0,0.0,131870.41,0.0,0.0,17644.78,17978.35,41780.97,0.00,829334.66,0.00
CZ01/OfL&0&cDXHP&Ex&dxHP_equip/NE-dxHP-PkgHP-33to65-Ex-SEER16.2/instance-out.sql,2290948.6,59425.75,17722.49,462712.61,0.0,829334.66,0.0,789272.57,610.12,0.0,0.0,0.0,131870.41,0.0,0.0,17644.78,17722.49,41780.97,0.00,829334.66,0.00
CZ01/OfL&0&cDXHP&Ex&dxHP_equip/NE-dxHP-PkgHP-33to65-Ex-SEER17.1/instance-out.sql,2290744.0500000003,59425.75,17517.95,462712.61,0.0,829334.66,0.0,789272.57,610.12,0.0,0.0,0.0,131870.41,0.0,0.0,17644.78,17517.95,41780.97,0.00,829334.66,0.00
CZ01/OfL&0&cDXHP&Ex&dxHP_equip/NE-dxHP-PkgHP-33to65-Ex-SEER18.1/instance-out.sql,2290549.6,59425.75,17323.49,462712.61,0.0,829334.66,0.0,789272.57,610.12,0.0,0.0,0.0,131870.41,0.0,0.0,17644.78,17323.49,41780.97,0.00,829334.66,0.00
CZ01/OfL&0&cDXHP&Ex&dxHP_equip/NE-dxHP-SplitHP-18to33-Ex-SEER14.3/instance-out.sql,2290627.67,58554.69,18272.62,462712.61,0.0,829334.66,0.0,789272.57,610.12,0.0,0.0,0.0,131870.41,0.0,0.0,16773.72,18272.62,41780.97,0.00,829334.66,0.00
CZ01/OfL&0&cDXHP&Ex&dxHP_equip/NE-dxHP-SplitHP-18to33-Ex-SEER15.2/instance-out.sql,2290333.4,58554.69,17978.35,462712.61,0.0,829334.66,0.0,789272.57,610.12,0.0,0.0,0.0,131870.41,0.0,0.0,16773.72,17978.35,41780.97,0.00,829334.66,0.00
CZ01/OfL&0&cDXHP&Ex&dxHP_equip/NE-dxHP-SplitHP-18to33-Ex-SEER16.2/instance-out.sql,2290077.54,58554.69,17722.49,462712.61,0.0,829334.66,0.0,789272.57,610.12,0.0,0.0,0.0,131870.41,0.0,0.0,16773.72,17722.49,41780.97,0.00,829334.66,0.00
CZ01/OfL&0&cDXHP&Ex&dxHP_equip/NE-dxHP-SplitHP-18to33-Ex-SEER17.1/instance-out.sql,2289873.0,58554.69,17517.95,462712.61,0.0,829334.66,0.0,789272.57,610.12,0.0,0.0,0.0,131870.41,0.0,0.0,16773.72,17517.95,41780.97,0.00,829334.66,0.00
CZ01/OfL&0&cDXHP&Ex&dxHP_equip/NE-dxHP-SplitHP-18to33-Ex-SEER18.1/instance-out.sql,2289678.54,58554.69,17323.49,462712.61,0.0,829334.66,0.0,789272.57,610.12,0.0,0.0,0.0,131870.41,0.0,0.0,16773.72,17323.49,41780.97,0.00,829334.66,0.00
CZ01/OfL&0&cDXHP&Ex&dxHP_equip/NE-dxHP-SplitHP-33to55-Ex-SEER14.3/instance-out.sql,2290627.67,58554.69,18272.62,462712.61,0.0,829334.66,0.0,789272.57,610.12,0.0,0.0,0.0,131870.41,0.0,0.0,16773.72,18272.62,41780.97,0.00,829334.66,0.00
CZ01/OfL&0&cDXHP&Ex&dxHP_equip/NE-dxHP-SplitHP-33to55-Ex-SEER15.2/instance-out.sql,2290333.4,58554.69,17978.35,462712.61,0.0,829334.66,0.0,789272.57,610.12,0.0,0.0,0.0,131870.41,0.0,0.0,16773.72,17978.35,41780.97,0.00,829334.66,0.00
CZ01/OfL&0&cDXHP&Ex&dxHP_equip/NE-dxHP-SplitHP-33to55-Ex-SEER16.2/instance-out.sql,2290077.54,58554.69,17722.49,462712.61,0.0,829334.66,0.0,789272.57,610.12,0.0,0.0,0.0,131870.41,0.0,0.0,16773.72,17722.49,41780.97,0.00,829334.66,0.00
CZ01/OfL&0&cDXHP&Ex&dxHP_equip/NE-dxHP-SplitHP-33to55-Ex-SEER17.1/instance-out.sql,2289873.0,58554.69,17517.95,462712.61,0.0,829334.66,0.0,789272.57,610.12,0.0,0.0,0.0,131870.41,0.0,0.0,16773.72,17517.95,41780.97,0.00,829334.66,0.00
CZ01/OfL&0&cDXHP&Ex&dxHP_equip/NE-dxHP-SplitHP-33to55-Ex-SEER18.1/instance-out.sql,2289678.54,58554.69,17323.49,462712.61,0.0,829334.66,0.0,789272.57,610.12,0.0,0.0,0.0,131870.41,0.0,0.0,16773.72,17323.49,41780.97,0.00,829334.66,0.00
CZ01/OfS&0&cDXHP&Ex&dxHP_equip/NE-dxHP-PkgHP-18to33-Ex-SEER13.4/instance-out.sql,130073.33,3182.59,541.19,23737.13,0.0,29387.4,0.0,49195.0,1.13,0.0,0.0,0.0,24028.89,0.0,0.0,3182.59,541.19,0.00,0.00,29387.40,0.00
CZ01/OfS&0&cDXHP&Ex&dxHP_equip/NE-dxHP-PkgHP-18to33-Ex-SEER15.2/instance-out.sql,130035.15,3182.59,503.0,23737.13,0.0,29387.4,0.0,49195.0,1.13,0.0,0.0,0.0,24028.89,0.0,0.0,3182.59,503.00,0.00,0.00,29387.40,0.00
CZ01/OfS&0&cDXHP&Ex&dxHP_equip/NE-dxHP-PkgHP-18to33-Ex-SEER16.2/instance-out.sql,130019.73,3182.59,487.58,23737.13,0.0,29387.4,0.0,49195.0,1.13,0.0,0.0,0.0,24028.89,0.0,0.0,3182.59,487.58,0.00,0.00,29387.40,0.00
CZ01/OfS&0&cDXHP&Ex&dxHP_equip/NE-dxHP-PkgHP-18to33-Ex-SEER17.1/instance-out.sql,130007.4,3182.59,475.25,23737.13,0.0,29387.4,0.0,49195.0,1.13,0.0,0.0,0.0,24028.89,0.0,0.0,3182.59,475.25,0.00,0.00,29387.40,0.00
CZ01/OfS&0&cDXHP&Ex&dxHP_equip/NE-dxHP-PkgHP-18to33-Ex-SEER18.1/instance-out.sql,129995.67,3182.59,463.53,23737.13,0.0,29387.4,0.0,49195.0,1.13,0.0,0.0,0.0,24028.89,0.0,0.0,3182.59,463.53,0.00,0.00,29387.40,0.00
CZ01/OfS&0&cDXHP&Ex&dxHP_equip/NE-dxHP-PkgHP-33to65-Ex-SEER13.4/instance-out.sql,130073.33,3182.59,541.19,23737.13,0.0,29387.4,0.0,49195.0,1.13,0.0,0.0,0.0,24028.89,0.0,0.0,3182.59,541.19,0.00,0.00,29387.40,0.00
CZ01/OfS&0&cDXHP&Ex&dxHP_equip/NE-dxHP-PkgHP-33to65-Ex-SEER15.2/instance-out.sql,130035.15,3182.59,503.0,23737.13,0.0,29387.4,0.0,49195.0,1.13,0.0,0.0,0.0,24028.89,0.0,0.0,3182.59,503.00,0.00,0.00,29387.40,0.00
CZ01/OfS&0&cDXHP&Ex&dxHP_equip/NE-dxHP-PkgHP-33to65-Ex-SEER16.2/instance-out.sql,130019.73,3182.59,487.58,23737.13,0.0,29387.4,0.0,49195.0,1.13,0.0,0.0,0.0,24028.89,0.0,0.0,3182.59,487.58,0.00,0.00,29387.40,0.00
CZ01/OfS&0&cDXHP&Ex&dxHP_equip/NE-dxHP-PkgHP-33to65-Ex-SEER17.1/instance-out.sql,130007.4,3182.59,475.25,23737.13,0.0,29387.4,0.0,49195.0,1.13,0.0,0.0,0.0,24028.89,0.0,0.0,3182.59,475.25,0.00,0.00,29387.40,0.00
CZ01/OfS&0&cDXHP&Ex&dxHP_equip/NE-dxHP-PkgHP-33to65-Ex-SEER18.1/instance-out.sql,129995.67,3182.59,463.53,23737.13,0.0,29387.4,0.0,49195.0,1.13,0.0,0.0,0.0,24028.89,0.0,0.0,3182.59,463.53,0.00,0.00,29387.40,0.00
CZ01/OfS&0&cDXHP&Ex&dxHP_equip/NE-dxHP-SplitHP-18to33-Ex-SEER14.3/instance-out.sql,129901.37,3031.08,520.74,23737.13,0.0,29387.4,0.0,49195.0,1.13,0.0,0.0,0.0,24028.89,0.0,0.0,3031.08,520.74,0.00,0.00,29387.40,0.00
CZ01/OfS&0&cDXHP&Ex&dxHP_equip/NE-dxHP-SplitHP-18to33-Ex-SEER15.2/instance-out.sql,129883.64,3031.08,503.0,23737.13,0.0,29387.4,0.0,49195.0,1.13,0.0,0.0,0.0,24028.89,0.0,0.0,3031.08,503.00,0.00,0.00,29387.40,0.00
CZ01/OfS&0&cDXHP&Ex&dxHP_equip/NE-dxHP-SplitHP-18to33-Ex-SEER16.2/instance-out.sql,129868.21,3031.08,487.58,23737.13,0.0,29387.4,0.0,49195.0,1.13,0.0,0.0,0.0,24028.89,0.0,0.0,3031.08,487.58,0.00,0.00,29387.40,0.00
CZ01/OfS&0&cDXHP&Ex&dxHP_equip/NE-dxHP-SplitHP-18to33-Ex-SEER17.1/instance-out.sql,129855.88,3031.08,475.25,23737.13,0.0,29387.4,0.0,49195.0,1.13,0.0,0.0,0.0,24028.89,0.0,0.0,3031.08,475.25,0.00,0.00,29387.40,0.00
CZ01/OfS&0&cDXHP&Ex&dxHP_equip/NE-dxHP-SplitHP-18to33-Ex-SEER18.1/instance-out.sql,129844.16,3031.08,463.53,23737.13,0.0,29387.4,0.0,49195.0,1.13,0.0,0.0,0.0,24028.89,0.0,0.0,3031.08,463.53,0.00,0.00,29387.40,0.00
CZ01/OfS&0&cDXHP&Ex&dxHP_equip/NE-dxHP-SplitHP-33to55-Ex-SEER14.3/instance-out.sql,129901.37,3031.08,520.74,23737.13,0.0,29387.4,0.0,49195.0,1.13,0.0,0.0,0.0,24028.89,0.0,0.0,3031.08,520.74,0.00,0.00,29387.40,0.00
CZ01/OfS&0&cDXHP&Ex&dxHP_equip/NE-dxHP-SplitHP-33to55-Ex-SEER15.2/instance-out.sql,129883.64,3031.08,503.0,23737.13,0.0,29387.4,0.0,49195.0,1.13,0.0,0.0,0.0,24028.89,0.0,0.0,3031.08,503.00,0.00,0.00,29387.40,0.00
CZ01/OfS&0&cDXHP&Ex&dxHP_equip/NE-dxHP-SplitHP-33to55-Ex-SEER16.2/instance-out.sql,129868.21,3031.08,487.58,23737.13,0.0,29387.4,0.0,49195.0,1.13,0.0,0.0,0.0,24028.89,0.0,0.0,3031.08,487.58,0.00,0.00,29387.40,0.00
CZ01/OfS&0&cDXHP&Ex&dxHP_equip/NE-dxHP-SplitHP-33to55-Ex-SEER17.1/instance-out.sql,129855.88,3031.08,475.25,23737.13,0.0,29387.4,0.0,49195.0,1.13,0.0,0.0,0.0,24028.89,0.0,0.0,3031.08,475.25,0.00,0.00,29387.40,0.00
CZ01/OfS&0&cDXHP&Ex&dxHP_equip/NE-dxHP-SplitHP-33to55-Ex-SEER18.1/instance-out.sql,129844.16,3031.08,463.53,23737.13,0.0,29387.4,0.0,49195.0,1.13,0.0,0.0,0.0,24028.89,0.0,0.0,3031.08,463.53,0.00,0.00,29387.40,0.00
CZ01/RFF&0&cDXHP&Ex&dxHP_equip/NE-dxHP-PkgHP-18to33-Ex-SEER13.4/instance-out.sql,100857.48,1925.16,2863.11,13247.63,0.0,37903.17,0.0,17115.52,3.37,0.0,0.0,0.0,27799.51,0.0,0.0,1904.03,2863.11,21.13,0.00,18423.46,19479.71
CZ01/RFF&0&cDXHP&Ex&dxHP_equip/NE-dxHP-PkgHP-18to33-Ex-SEER15.2/instance-out.sql,100849.12,1925.16,2854.76,13247.63,0.0,37903.17,0.0,17115.52,3.37,0.0,0.0,0.0,27799.51,0.0,0.0,1904.03,2854.76,21.13,0.00,18423.46,19479.71
CZ01/RFF&0&cDXHP&Ex&dxHP_equip/NE-dxHP-PkgHP-18to33-Ex-SEER16.2/instance-out.sql,100845.75,1925.16,2851.38,13247.63,0.0,37903.17,0.0,17115.52,3.37,0.0,0.0,0.0,27799.51,0.0,0.0,1904.03,2851.38,21.13,0.00,18423.46,19479.71
CZ01/RFF&0&cDXHP&Ex&dxHP_equip/NE-dxHP-PkgHP-18to33-Ex-SEER17.1/instance-out.sql,100843.04999999999,1925.16,2848.69,13247.63,0.0,37903.17,0.0,17115.52,3.37,0.0,0.0,0.0,27799.51,0.0,0.0,1904.03,2848.69,21.13,0.00,18423.46,19479.71
CZ01/RFF&0&cDXHP&Ex&dxHP_equip/NE-dxHP-PkgHP-18to33-Ex-SEER18.1/instance-out.sql,100840.48999999999,1925.16,2846.12,13247.63,0.0,37903.17,0.0,17115.52,3.37,0.0,0.0,0.0,27799.51,0.0,0.0,1904.03,2846.12,21.13,0.00,18423.46,19479.71
CZ01/RFF&0&cDXHP&Ex&dxHP_equip/NE-dxHP-PkgHP-33to65-Ex-SEER13.4/instance-out.sql,100857.48,1925.16,2863.11,13247.63,0.0,37903.17,0.0,17115.52,3.37,0.0,0.0,0.0,27799.51,0.0,0.0,1904.03,2863.11,21.13,0.00,18423.46,19479.71
CZ01/RFF&0&cDXHP&Ex&dxHP_equip/NE-dxHP-PkgHP-33to65-Ex-SEER15.2/instance-out.sql,100849.12,1925.16,2854.76,13247.63,0.0,37903.17,0.0,17115.52,3.37,0.0,0.0,0.0,27799.51,0.0,0.0,1904.03,2854.76,21.13,0.00,18423.46,19479.71
CZ01/RFF&0&cDXHP&Ex&dxHP_equip/NE-dxHP-PkgHP-33to65-Ex-SEER16.2/instance-out.sql,100845.75,1925.16,2851.38,13247.63,0.0,37903.17,0.0,17115.52,3.37,0.0,0.0,0.0,27799.51,0.0,0.0,1904.03,2851.38,21.13,0.00,18423.46,19479.71
CZ01/RFF&0&cDXHP&Ex&dxHP_equip/NE-dxHP-PkgHP-33to65-Ex-SEER17.1/instance-out.sql,100843.04999999999,1925.16,2848.69,13247.63,0.0,37903.17,0.0,17115.52,3.37,0.0,0.0,0.0,27799.51,0.0,0.0,1904.03,2848.69,21.13,0.00,18423.46,19479.71
CZ01/RFF&0&cDXHP&Ex&dxHP_equip/NE-dxHP-PkgHP-33to65-Ex-SEER18.1/instance-out.sql,100840.48999999999,1925.16,2846.12,13247.63,0.0,37903.17,0.0,17115.52,3.37,0.0,0.0,0.0,27799.51,0.0,0.0,1904.03,2846.12,21.13,0.00,18423.46,19479.71
CZ01/RFF&0&cDXHP&Ex&dxHP_equip/NE-dxHP-SplitHP-18to33-Ex-SEER14.3/instance-out.sql,100760.84,1832.99,2858.64,13247.63,0.0,37903.17,0.0,17115.52,3.37,0.0,0.0,0.0,27799.51,0.0,0.0,1811.86,2858.64,21.13,0.00,18423.46,19479.71
CZ01/RFF&0&cDXHP&Ex&dxHP_equip/NE-dxHP-SplitHP-18to33-Ex-SEER15.2/instance-out.sql,100756.95999999999,1832.99,2854.76,13247.63,0.0,37903.17,0.0,17115.52,3.37,0.0,0.0,0.0,27799.51,0.0,0.0,1811.86,2854.76,21.13,0.00,18423.46,19479.71
CZ01/RFF&0&cDXHP&Ex&dxHP_equip/NE-dxHP-SplitHP-18to33-Ex-SEER16.2/instance-out.sql,100753.59,1832.99,2851.38,13247.63,0.0,37903.17,0.0,17115.52,3.37,0.0,0.0,0.0,27799.51,0.0,0.0,1811.86,2851.38,21.13,0.00,18423.46,19479.71
CZ01/RFF&0&cDXHP&Ex&dxHP_equip/NE-dxHP-SplitHP-18to33-Ex-SEER17.1/instance-out.sql,100750.89,1832.99,2848.69,13247.63,0.0,37903.17,0.0,17115.52,3.37,0.0,0.0,0.0,27799.51,0.0,0.0,1811.86,2848.69,21.13,0.00,18423.46,19479.71
CZ01/RFF&0&cDXHP&Ex&dxHP_equip/NE-dxHP-SplitHP-18to33-Ex-SEER18.1/instance-out.sql,100748.32,1832.99,2846.12,13247.63,0.0,37903.17,0.0,17115.52,3.37,0.0,0.0,0.0,27799.51,0.0,0.0,1811.86,2846.12,21.13,0.00,18423.46,19479.71
CZ01/RFF&0&cDXHP&Ex&dxHP_equip/NE-dxHP-SplitHP-33to55-Ex-SEER14.3/instance-out.sql,100760.84,1832.99,2858.64,13247.63,0.0,37903.17,0.0,17115.52,3.37,0.0,0.0,0.0,27799.51,0.0,0.0,1811.86,2858.64,21.13,0.00,18423.46,19479.71
CZ01/RFF&0&cDXHP&Ex&dxHP_equip/NE-dxHP-SplitHP-33to55-Ex-SEER15.2/instance-out.sql,100756.95999999999,1832.99,2854.76,13247.63,0.0,37903.17,0.0,17115.52,3.37,0.0,0.0,0.0,27799.51,0.0,0.0,1811.86,2854.76,21.13,0.00,18423.46,19479.71
CZ01/RFF&0&cDXHP&Ex&dxHP_equip/NE-dxHP-SplitHP-33to55-Ex-SEER16.2/instance-out.sql,100753.59,1832.99,2851.38,13247.63,0.0,37903.17,0.0,17115.52,3.37,0.0,0.0,0.0,27799.51,0.0,0.0,1811.86,2851.38,21.13,0.00,18423.46,19479.71
CZ01/RFF&0&cDXHP&Ex&dxHP_equip/NE-dxHP-SplitHP-33to55-Ex-SEER17.1/instance-out.sql,100750.89,1832.99,2848.69,13247.63,0.0,37903.17,0.0,17115.52,3.37,0.0,0.0,0.0,27799.51,0.0,0.0,1811.86,2848.69,21.13,0.00,18423.46,19479.71
CZ01/RFF&0&cDXHP&Ex&dxHP_equip/NE-dxHP-SplitHP-33to55-Ex-SEER18.1/instance-out.sql,100748.32,1832.99,2846.12,13247.63,0.0,37903.17,0.0,17115.52,3.37,0.0,0.0,0.0,27799.51,0.0,0.0,1811.86,2846.12,21.13,0.00,18423.46,19479.71
CZ01/RSD&0&cDXHP&Ex&dxHP_equip/NE-dxHP-PkgHP-18to33-Ex-SEER13.4/instance-out.sql,248054.27000000002,27452.07,8581.37,36047.32,0.0,76546.73,0.0,27343.92,11.89,0.0,0.0,0.0,72070.97,0.0,0.0,1025.23,8581.37,26426.84,0.00,37475.60,39071.13
CZ01/RSD&0&cDXHP&Ex&dxHP_equip/NE-dxHP-PkgHP-18to33-Ex-SEER15.2/instance-out.sql,248051.31,27452.07,8578.41,36047.32,0.0,76546.73,0.0,27343.92,11.89,0.0,0.0,0.0,72070.97,0.0,0.0,1025.23,8578.41,26426.84,0.00,37475.60,39071.13
CZ01/RSD&0&cDXHP&Ex&dxHP_equip/NE-dxHP-PkgHP-18to33-Ex-SEER16.2/instance-out.sql,248050.12,27452.07,8577.21,36047.32,0.0,76546.73,0.0,27343.92,11.89,0.0,0.0,0.0,72070.97,0.0,0.0,1025.23,8577.21,26426.84,0.00,37475.60,39071.13
CZ01/RSD&0&cDXHP&Ex&dxHP_equip/NE-dxHP-PkgHP-18to33-Ex-SEER17.1/instance-out.sql,248049.16,27452.07,8576.26,36047.32,0.0,76546.73,0.0,27343.92,11.89,0.0,0.0,0.0,72070.97,0.0,0.0,1025.23,8576.26,26426.84,0.00,37475.60,39071.13
CZ01/RSD&0&cDXHP&Ex&dxHP_equip/NE-dxHP-PkgHP-18to33-Ex-SEER18.1/instance-out.sql,248048.25,27452.07,8575.35,36047.32,0.0,76546.73,0.0,27343.92,11.89,0.0,0.0,0.0,72070.97,0.0,0.0,1025.23,8575.35,26426.84,0.00,37475.60,39071.13
CZ01/RSD&0&cDXHP&Ex&dxHP_equip/NE-dxHP-PkgHP-33to65-Ex-SEER13.4/instance-out.sql,248054.27000000002,27452.07,8581.37,36047.32,0.0,76546.73,0.0,27343.92,11.89,0.0,0.0,0.0,72070.97,0.0,0.0,1025.23,8581.37,26426.84,0.00,37475.60,39071.13
CZ01/RSD&0&cDXHP&Ex&dxHP_equip/NE-dxHP-PkgHP-33to65-Ex-SEER15.2/instance-out.sql,248051.31,27452.07,8578.41,36047.32,0.0,76546.73,0.0,27343.92,11.89,0.0,0.0,0.0,72070.97,0.0,0.0,1025.23,8578.41,26426.84,0.00,37475.60,39071.13
CZ01/RSD&0&cDXHP&Ex&dxHP_equip/NE-dxHP-PkgHP-33to65-Ex-SEER16.2/instance-out.sql,248050.12,27452.07,8577.21,36047.32,0.0,76546.73,0.0,27343.92,11.89,0.0,0.0,0.0,72070.97,0.0,0.0,1025.23,8577.21,26426.84,0.00,37475.60,39071.13
CZ01/RSD&0&cDXHP&Ex&dxHP_equip/NE-dxHP-PkgHP-33to65-Ex-SEER17.1/instance-out.sql,248049.16,27452.07,8576.26,36047.32,0.0,76546.73,0.0,27343.92,11.89,0.0,0.0,0.0,72070.97,0.0,0.0,1025.23,8576.26,26426.84,0.00,37475.60,39071.13
CZ01/RSD&0&cDXHP&Ex&dxHP_equip/NE-dxHP-PkgHP-33to65-Ex-SEER18.1/instance-out.sql,248048.25,27452.07,8575.35,36047.32,0.0,76546.73,0.0,27343.92,11.89,0.0,0.0,0.0,72070.97,0.0,0.0,1025.23,8575.35,26426.84,0.00,37475.60,39071.13
CZ01/RSD&0&cDXHP&Ex&dxHP_equip/NE-dxHP-SplitHP-18to33-Ex-SEER14.3/instance-out.sql,248003.38,27402.76,8579.79,36047.32,0.0,76546.73,0.0,27343.92,11.89,0.0,0.0,0.0,72070.97,0.0,0.0,975.92,8579.79,26426.84,0.00,37475.60,39071.13
CZ01/RSD&0&cDXHP&Ex&dxHP_equip/NE-dxHP-SplitHP-18to33-Ex-SEER15.2/instance-out.sql,248002.01,27402.76,8578.41,36047.32,0.0,76546.73,0.0,27343.92,11.89,0.0,0.0,0.0,72070.97,0.0,0.0,975.92,8578.41,26426.84,0.00,37475.60,39071.13
CZ01/RSD&0&cDXHP&Ex&dxHP_equip/NE-dxHP-SplitHP-18to33-Ex-SEER16.2/instance-out.sql,248000.81,27402.76,8577.21,36047.32,0.0,76546.73,0.0,27343.92,11.89,0.0,0.0,0.0,72070.97,0.0,0.0,975.92,8577.21,26426.84,0.00,37475.60,39071.13
CZ01/RSD&0&cDXHP&Ex&dxHP_equip/NE-dxHP-SplitHP-18to33-Ex-SEER17.1/instance-out.sql,247999.85,27402.76,8576.26,36047.32,0.0,76546.73,0.0,27343.92,11.89,0.0,0.0,0.0,72070.97,0.0,0.0,975.92,8576.26,26426.84,0.00,37475.60,39071.13
CZ01/RSD&0&cDXHP&Ex&dxHP_equip/NE-dxHP-SplitHP-18to33-Ex-SEER18.1/instance-out.sql,247998.94,27402.76,8575.35,36047.32,0.0,76546.73,0.0,27343.92,11.89,0.0,0.0,0.0,72070.97,0.0,0.0,975.92,8575.35,26426.84,0.00,37475.60,39071.13
CZ01/RSD&0&cDXHP&Ex&dxHP_equip/NE-dxHP-SplitHP-33to55-Ex-SEER14.3/instance-out.sql,248003.38,27402.76,8579.79,36047.32,0.0,76546.73,0.0,27343.92,11.89,0.0,0.0,0.0,72070.97,0.0,0.0,975.92,8579.79,26426.84,0.00,37475.60,39071.13
CZ01/RSD&0&cDXHP&Ex&dxHP_equip/NE-dxHP-SplitHP-33to55-Ex-SEER15.2/instance-out.sql,248002.01,27402.76,8578.41,36047.32,0.0,76546.73,0.0,27343.92,11.89,0.0,0.0,0.0,72070.97,0.0,0.0,975.92,8578.41,26426.84,0.00,37475.60,39071.13
CZ01/RSD&0&cDXHP&Ex&dxHP_equip/NE-dxHP-SplitHP-33to55-Ex-SEER16.2/instance-out.sql,248000.81,27402.76,8577.21,36047.32,0.0,76546.73,0.0,27343.92,11.89,0.0,0.0,0.0,72070.97,0.0,0.0,975.92,8577.21,26426.84,0.00,37475.60,39071.13
CZ01/RSD&0&cDXHP&Ex&dxHP_equip/NE-dxHP-SplitHP-33to55-Ex-SEER17.1/instance-out.sql,247999.85,27402.76,8576.26,36047.32,0.0,76546.73,0.0,27343.92,11.89,0.0,0.0,0.0,72070.97,0.0,0.0,975.92,8576.26,26426.84,0.00,37475.60,39071.13
CZ01/RSD&0&cDXHP&Ex&dxHP_equip/NE-dxHP-SplitHP-33to55-Ex-SEER18.1/instance-out.sql,247998.94,27402.76,8575.35,36047.32,0.0,76546.73,0.0,27343.92,11.89,0.0,0.0,0.0,72070.97,0.0,0.0,975.92,8575.35,26426.84,0.00,37475.60,39071.13
CZ01/Rt3&0&cDXHP&Ex&dxHP_equip/NE-dxHP-PkgHP-18to33-Ex-SEER13.4/instance-out.sql,1892297.95,23146.11,3791.13,774348.97,0.0,436362.0,0.0,464506.82,3.38,0.0,0.0,0.0,190139.53,0.0,0.0,19376.45,3791.13,3769.66,0.00,436362.00,0.00
CZ01/Rt3&0&cDXHP&Ex&dxHP_equip/NE-dxHP-PkgHP-18to33-Ex-SEER15.2/instance-out.sql,1892036.28,23146.11,3529.47,774348.97,0.0,436362.0,0.0,464506.82,3.38,0.0,0.0,0.0,190139.53,0.0,0.0,19376.45,3529.47,3769.66,0.00,436362.00,0.00
CZ01/Rt3&0&cDXHP&Ex&dxHP_equip/NE-dxHP-PkgHP-18to33-Ex-SEER16.2/instance-out.sql,1891930.5999999999,23146.11,3423.79,774348.97,0.0,436362.0,0.0,464506.82,3.38,0.0,0.0,0.0,190139.53,0.0,0.0,19376.45,3423.79,3769.66,0.00,436362.00,0.00
CZ01/Rt3&0&cDXHP&Ex&dxHP_equip/NE-dxHP-PkgHP-18to33-Ex-SEER17.1/instance-out.sql,1891846.1199999999,23146.11,3339.31,774348.97,0.0,436362.0,0.0,464506.82,3.38,0.0,0.0,0.0,190139.53,0.0,0.0,19376.45,3339.31,3769.66,0.00,436362.00,0.00
CZ01/Rt3&0&cDXHP&Ex&dxHP_equip/NE-dxHP-PkgHP-18to33-Ex-SEER18.1/instance-out.sql,1891765.8,23146.11,3258.99,774348.97,0.0,436362.0,0.0,464506.82,3.38,0.0,0.0,0.0,190139.53,0.0,0.0,19376.45,3258.99,3769.66,0.00,436362.00,0.00
CZ01/Rt3&0&cDXHP&Ex&dxHP_equip/NE-dxHP-PkgHP-33to65-Ex-SEER13.4/instance-out.sql,1892297.95,23146.11,3791.13,774348.97,0.0,436362.0,0.0,464506.82,3.38,0.0,0.0,0.0,190139.53,0.0,0.0,19376.45,3791.13,3769.66,0.00,436362.00,0.00
CZ01/Rt3&0&cDXHP&Ex&dxHP_equip/NE-dxHP-PkgHP-33to65-Ex-SEER15.2/instance-out.sql,1892036.28,23146.11,3529.47,774348.97,0.0,436362.0,0.0,464506.82,3.38,0.0,0.0,0.0,190139.53,0.0,0.0,19376.45,3529.47,3769.66,0.00,436362.00,0.00
CZ01/Rt3&0&cDXHP&Ex&dxHP_equip/NE-dxHP-PkgHP-33to65-Ex-SEER16.2/instance-out.sql,1891930.5999999999,23146.11,3423.79,774348.97,0.0,436362.0,0.0,464506.82,3.38,0.0,0.0,0.0,190139.53,0.0,0.0,19376.45,3423.79,3769.66,0.00,436362.00,0.00
CZ01/Rt3&0&cDXHP&Ex&dxHP_equip/NE-dxHP-PkgHP-33to65-Ex-SEER17.1/instance-out.sql,1891846.1199999999,23146.11,3339.31,774348.97,0.0,436362.0,0.0,464506.82,3.38,0.0,0.0,0.0,190139.53,0.0,0.0,19376.45,3339.31,3769.66,0.00,436362.00,0.00
CZ01/Rt3&0&cDXHP&Ex&dxHP_equip/NE-dxHP-PkgHP-33to65-Ex-SEER18.1/instance-out.sql,1891765.8,23146.11,3258.99,774348.97,0.0,436362.0,0.0,464506.82,3.38,0.0,0.0,0.0,190139.53,0.0,0.0,19376.45,3258.99,3769.66,0.00,436362.00,0.00
CZ01/Rt3&0&cDXHP&Ex&dxHP_equip/NE-dxHP-SplitHP-18to33-Ex-SEER14.3/instance-out.sql,1891201.52,22189.8,3651.02,774348.97,0.0,436362.0,0.0,464506.82,3.38,0.0,0.0,0.0,190139.53,0.0,0.0,18420.14,3651.02,3769.66,0.00,436362.00,0.00
CZ01/Rt3&0&cDXHP&Ex&dxHP_equip/NE-dxHP-SplitHP-18to33-Ex-SEER15.2/instance-out.sql,1891079.97,22189.8,3529.47,774348.97,0.0,436362.0,0.0,464506.82,3.38,0.0,0.0,0.0,190139.53,0.0,0.0,18420.14,3529.47,3769.66,0.00,436362.00,0.00
CZ01/Rt3&0&cDXHP&Ex&dxHP_equip/NE-dxHP-SplitHP-18to33-Ex-SEER16.2/instance-out.sql,1890974.3,22189.8,3423.79,774348.97,0.0,436362.0,0.0,464506.82,3.38,0.0,0.0,0.0,190139.53,0.0,0.0,18420.14,3423.79,3769.66,0.00,436362.00,0.00
CZ01/Rt3&0&cDXHP&Ex&dxHP_equip/NE-dxHP-SplitHP-18to33-Ex-SEER17.1/instance-out.sql,1890889.81,22189.8,3339.31,774348.97,0.0,436362.0,0.0,464506.82,3.38,0.0,0.0,0.0,190139.53,0.0,0.0,18420.14,3339.31,3769.66,0.00,436362.00,0.00
CZ01/Rt3&0&cDXHP&Ex&dxHP_equip/NE-dxHP-SplitHP-18to33-Ex-SEER18.1/instance-out.sql,1890809.49,22189.8,3258.99,774348.97,0.0,436362.0,0.0,464506.82,3.38,0.0,0.0,0.0,190139.53,0.0,0.0,18420.14,3258.99,3769.66,0.00,436362.00,0.00
CZ01/Rt3&0&cDXHP&Ex&dxHP_equip/NE-dxHP-SplitHP-33to55-Ex-SEER14.3/instance-out.sql,1891201.52,22189.8,3651.02,774348.97,0.0,436362.0,0.0,464506.82,3.38,0.0,0.0,0.0,190139.53,0.0,0.0,18420.14,3651.02,3769.66,0.00,436362.00,0.00
CZ01/Rt3&0&cDXHP&Ex&dxHP_equip/NE-dxHP-SplitHP-33to55-Ex-SEER15.2/instance-out.sql,1891079.97,22189.8,3529.47,774348.97,0.0,436362.0,0.0,464506.82,3.38,0.0,0.0,0.0,190139.53,0.0,0.0,18420.14,3529.47,3769.66,0.00,436362.00,0.00
CZ01/Rt3&0&cDXHP&Ex&dxHP_equip/NE-dxHP-SplitHP-33to55-Ex-SEER16.2/instance-out.sql,1890974.3,22189.8,3423.79,774348.97,0.0,436362.0,0.0,464506.82,3.38,0.0,0.0,0.0,190139.53,0.0,0.0,18420.14,3423.79,3769.66,0.00,436362.00,0.00
CZ01/Rt3&0&cDXHP&Ex&dxHP_equip/NE-dxHP-SplitHP-33to55-Ex-SEER17.1/instance-out.sql,1890889.81,22189.8,3339.31,774348.97,0.0,436362.0,0.0,464506.82,3.38,0.0,0.0,0.0,190139.53,0.0,0.0,18420.14,3339.31,3769.66,0.00,436362.00,0.00
CZ01/Rt3&0&cDXHP&Ex&dxHP_equip/NE-dxHP-SplitHP-33to55-Ex-SEER18.1/instance-out.sql,1890809.49,22189.8,3258.99,774348.97,0.0,436362.0,0.0,464506.82,3.38,0.0,0.0,0.0,190139.53,0.0,0.0,18420.14,3258.99,3769.66,0.00,436362.00,0.00
CZ01/RtL&0&cDXHP&Ex&dxHP_equip/NE-dxHP-PkgHP-18to33-Ex-SEER13.4/instance-out.sql,1913255.57,18618.05,12246.01,767420.15,0.0,509200.67,0.0,465939.01,3.39,0.0,0.0,0.0,139828.3,0.0,0.0,18617.73,12246.01,0.32,0.00,468847.72,40352.95
CZ01/RtL&0&cDXHP&Ex&dxHP_equip/NE-dxHP-PkgHP-18to33-Ex-SEER15.2/instance-out.sql,1912955.56,18618.05,11945.99,767420.15,0.0,509200.67,0.0,465939.01,3.39,0.0,0.0,0.0,139828.3,0.0,0.0,18617.73,11945.99,0.32,0.00,468847.72,40352.95
CZ01/RtL&0&cDXHP&Ex&dxHP_equip/NE-dxHP-PkgHP-18to33-Ex-SEER16.2/instance-out.sql,1912834.3900000001,18618.05,11824.83,767420.15,0.0,509200.67,0.0,465939.01,3.39,0.0,0.0,0.0,139828.3,0.0,0.0,18617.73,11824.83,0.32,0.00,468847.72,40352.95
CZ01/RtL&0&cDXHP&Ex&dxHP_equip/NE-dxHP-PkgHP-18to33-Ex-SEER17.1/instance-out.sql,1912737.52,18618.05,11727.96,767420.15,0.0,509200.67,0.0,465939.01,3.39,0.0,0.0,0.0,139828.3,0.0,0.0,18617.73,11727.96,0.32,0.00,468847.72,40352.95
CZ01/RtL&0&cDXHP&Ex&dxHP_equip/NE-dxHP-PkgHP-18to33-Ex-SEER18.1/instance-out.sql,1912645.4300000002,18618.05,11635.87,767420.15,0.0,509200.67,0.0,465939.01,3.39,0.0,0.0,0.0,139828.3,0.0,0.0,18617.73,11635.87,0.32,0.00,468847.72,40352.95
CZ01/RtL&0&cDXHP&Ex&dxHP_equip/NE-dxHP-PkgHP-33to65-Ex-SEER13.4/instance-out.sql,1913255.57,18618.05,12246.01,767420.15,0.0,509200.67,0.0,465939.01,3.39,0.0,0.0,0.0,139828.3,0.0,0.0,18617.73,12246.01,0.32,0.00,468847.72,40352.95
CZ01/RtL&0&cDXHP&Ex&dxHP_equip/NE-dxHP-PkgHP-33to65-Ex-SEER15.2/instance-out.sql,1912955.56,18618.05,11945.99,767420.15,0.0,509200.67,0.0,465939.01,3.39,0.0,0.0,0.0,139828.3,0.0,0.0,18617.73,11945.99,0.32,0.00,468847.72,40352.95
CZ01/RtL&0&cDXHP&Ex&dxHP_equip/NE-dxHP-PkgHP-33to65-Ex-SEER16.2/instance-out.sql,1912834.3900000001,18618.05,11824.83,767420.15,0.0,509200.67,0.0,465939.01,3.39,0.0,0.0,0.0,139828.3,0.0,0.0,18617.73,11824.83,0.32,0.00,468847.72,40352.95
CZ01/RtL&0&cDXHP&Ex&dxHP_equip/NE-dxHP-PkgHP-33to65-Ex-SEER17.1/instance-out.sql,1912737.52,18618.05,11727.96,767420.15,0.0,509200.67,0.0,465939.01,3.39,0.0,0.0,0.0,139828.3,0.0,0.0,18617.73,11727.96,0.32,0.00,468847.72,40352.95
CZ01/RtL&0&cDXHP&Ex&dxHP_equip/NE-dxHP-PkgHP-33to65-Ex-SEER18.1/instance-out.sql,1912645.4300000002,18618.05,11635.87,767420.15,0.0,509200.67,0.0,465939.01,3.39,0.0,0.0,0.0,139828.3,0.0,0.0,18617.73,11635.87,0.32,0.00,468847.72,40352.95
CZ01/RtL&0&cDXHP&Ex&dxHP_equip/NE-dxHP-SplitHP-18to33-Ex-SEER14.3/instance-out.sql,1912171.4100000001,17694.53,12085.36,767420.15,0.0,509200.67,0.0,465939.01,3.39,0.0,0.0,0.0,139828.3,0.0,0.0,17694.21,12085.36,0.32,0.00,468847.72,40352.95
CZ01/RtL&0&cDXHP&Ex&dxHP_equip/NE-dxHP-SplitHP-18to33-Ex-SEER15.2/instance-out.sql,1912032.05,17694.53,11945.99,767420.15,0.0,509200.67,0.0,465939.01,3.39,0.0,0.0,0.0,139828.3,0.0,0.0,17694.21,11945.99,0.32,0.00,468847.72,40352.95
CZ01/RtL&0&cDXHP&Ex&dxHP_equip/NE-dxHP-SplitHP-18to33-Ex-SEER16.2/instance-out.sql,1911910.8800000001,17694.53,11824.83,767420.15,0.0,509200.67,0.0,465939.01,3.39,0.0,0.0,0.0,139828.3,0.0,0.0,17694.21,11824.83,0.32,0.00,468847.72,40352.95
CZ01/RtL&0&cDXHP&Ex&dxHP_equip/NE-dxHP-SplitHP-18to33-Ex-SEER17.1/instance-out.sql,1911814.01,17694.53,11727.96,767420.15,0.0,509200.67,0.0,465939.01,3.39,0.0,0.0,0.0,139828.3,0.0,0.0,17694.21,11727.96,0.32,0.00,468847.72,40352.95
CZ01/RtL&0&cDXHP&Ex&dxHP_equip/NE-dxHP-SplitHP-18to33-Ex-SEER18.1/instance-out.sql,1911721.9200000002,17694.53,11635.87,767420.15,0.0,509200.67,0.0,465939.01,3.39,0.0,0.0,0.0,139828.3,0.0,0.0,17694.21,11635.87,0.32,0.00,468847.72,40352.95
CZ01/RtL&0&cDXHP&Ex&dxHP_equip/NE-dxHP-SplitHP-33to55-Ex-SEER14.3/instance-out.sql,1912171.4100000001,17694.53,12085.36,767420.15,0.0,509200.67,0.0,465939.01,3.39,0.0,0.0,0.0,139828.3,0.0,0.0,17694.21,12085.36,0.32,0.00,468847.72,40352.95
CZ01/RtL&0&cDXHP&Ex&dxHP_equip/NE-dxHP-SplitHP-33to55-Ex-SEER15.2/instance-out.sql,1912032.05,17694.53,11945.99,767420.15,0.0,509200.67,0.0,465939.01,3.39,0.0,0.0,0.0,139828.3,0.0,0.0,17694.21,11945.99,0.32,0.00,468847.72,40352.95
CZ01/RtL&0&cDXHP&Ex&dxHP_equip/NE-dxHP-SplitHP-33to55-Ex-SEER16.2/instance-out.sql,1911910.8800000001,17694.53,11824.83,767420.15,0.0,509200.67,0.0,465939.01,3.39,0.0,0.0,0.0,139828.3,0.0,0.0,17694.21,11824.83,0.32,0.00,468847.72,40352.95
CZ01/RtL&0&cDXHP&Ex&dxHP_equip/NE-dxHP-SplitHP-33to55-Ex-SEER17.1/instance-out.sql,1911814.01,17694.53,11727.96,767420.15,0.0,509200.67,0.0,465939.01,3.39,0.0,0.0,0.0,139828.3,0.0,0.0,17694.21,11727.96,0.32,0.00,468847.72,40352.95
CZ01/RtL&0&cDXHP&Ex&dxHP_equip/NE-dxHP-SplitHP-33to55-Ex-SEER18.1/instance-out.sql,1911721.9200000002,17694.53,11635.87,767420.15,0.0,509200.67,0.0,465939.01,3.39,0.0,0.0,0.0,139828.3,0.0,0.0,17694.21,11635.87,0.32,0.00,468847.72,40352.95
CZ01/RtS&0&cDXHP&Ex&dxHP_equip/NE-dxHP-PkgHP-18to33-Ex-SEER13.4/instance-out.sql,118957.88,4175.05,243.98,44599.63,0.0,24440.79,0.0,28801.29,3.36,0.0,0.0,0.0,16693.78,0.0,0.0,4175.05,243.98,0.00,0.00,24440.79,0.00
CZ01/RtS&0&cDXHP&Ex&dxHP_equip/NE-dxHP-PkgHP-18to33-Ex-SEER15.2/instance-out.sql,118940.67,4175.05,226.77,44599.63,0.0,24440.79,0.0,28801.29,3.36,0.0,0.0,0.0,16693.78,0.0,0.0,4175.05,226.77,0.00,0.00,24440.79,0.00
CZ01/RtS&0&cDXHP&Ex&dxHP_equip/NE-dxHP-PkgHP-18to33-Ex-SEER16.2/instance-out.sql,118933.72,4175.05,219.81,44599.63,0.0,24440.79,0.0,28801.29,3.36,0.0,0.0,0.0,16693.78,0.0,0.0,4175.05,219.81,0.00,0.00,24440.79,0.00
CZ01/RtS&0&cDXHP&Ex&dxHP_equip/NE-dxHP-PkgHP-18to33-Ex-SEER17.1/instance-out.sql,118928.16,4175.05,214.26,44599.63,0.0,24440.79,0.0,28801.29,3.36,0.0,0.0,0.0,16693.78,0.0,0.0,4175.05,214.26,0.00,0.00,24440.79,0.00
CZ01/RtS&0&cDXHP&Ex&dxHP_equip/NE-dxHP-PkgHP-18to33-Ex-SEER18.1/instance-out.sql,118922.87,4175.05,208.97,44599.63,0.0,24440.79,0.0,28801.29,3.36,0.0,0.0,0.0,16693.78,0.0,0.0,4175.05,208.97,0.00,0.00,24440.79,0.00
CZ01/RtS&0&cDXHP&Ex&dxHP_equip/NE-dxHP-PkgHP-33to65-Ex-SEER13.4/instance-out.sql,118957.88,4175.05,243.98,44599.63,0.0,24440.79,0.0,28801.29,3.36,0.0,0.0,0.0,16693.78,0.0,0.0,4175.05,243.98,0.00,0.00,24440.79,0.00
CZ01/RtS&0&cDXHP&Ex&dxHP_equip/NE-dxHP-PkgHP-33to65-Ex-SEER15.2/instance-out.sql,118940.67,4175.05,226.77,44599.63,0.0,24440.79,0.0,28801.29,3.36,0.0,0.0,0.0,16693.78,0.0,0.0,4175.05,226.77,0.00,0.00,24440.79,0.00
CZ01/RtS&0&cDXHP&Ex&dxHP_equip/NE-dxHP-PkgHP-33to65-Ex-SEER16.2/instance-out.sql,118933.72,4175.05,219.81,44599.63,0.0,24440.79,0.0,28801.29,3.36,0.0,0.0,0.0,16693.78,0.0,0.0,4175.05,219.81,0.00,0.00,24440.79,0.00
CZ01/RtS&0&cDXHP&Ex&dxHP_equip/NE-dxHP-PkgHP-33to65-Ex-SEER17.1/instance-out.sql,118928.16,4175.05,214.26,44599.63,0.0,24440.79,0.0,28801.29,3.36,0.0,0.0,0.0,16693.78,0.0,0.0,4175.05,214.26,0.00,0.00,24440.79,0.00
CZ01/RtS&0&cDXHP&Ex&dxHP_equip/NE-dxHP-PkgHP-33to65-Ex-SEER18.1/instance-out.sql,118922.87,4175.05,208.97,44599.63,0.0,24440.79,0.0,28801.29,3.36,0.0,0.0,0.0,16693.78,0.0,0.0,4175.05,208.97,0.00,0.00,24440.79,0.00
CZ01/RtS&0&cDXHP&Ex&dxHP_equip/NE-dxHP-SplitHP-18to33-Ex-SEER14.3/instance-out.sql,118741.86,3968.25,234.76,44599.63,0.0,24440.79,0.0,28801.29,3.36,0.0,0.0,0.0,16693.78,0.0,0.0,3968.25,234.76,0.00,0.00,24440.79,0.00
CZ01/RtS&0&cDXHP&Ex&dxHP_equip/NE-dxHP-SplitHP-18to33-Ex-SEER15.2/instance-out.sql,118733.86,3968.25,226.77,44599.63,0.0,24440.79,0.0,28801.29,3.36,0.0,0.0,0.0,16693.78,0.0,0.0,3968.25,226.77,0.00,0.00,24440.79,0.00
CZ01/RtS&0&cDXHP&Ex&dxHP_equip/NE-dxHP-SplitHP-18to33-Ex-SEER16.2/instance-out.sql,118726.91,3968.25,219.81,44599.63,0.0,24440.79,0.0,28801.29,3.36,0.0,0.0,0.0,16693.78,0.0,0.0,3968.25,219.81,0.00,0.00,24440.79,0.00
CZ01/RtS&0&cDXHP&Ex&dxHP_equip/NE-dxHP-SplitHP-18to33-Ex-SEER17.1/instance-out.sql,118721.35,3968.25,214.26,44599.63,0.0,24440.79,0.0,28801.29,3.36,0.0,0.0,0.0,16693.78,0.0,0.0,3968.25,214.26,0.00,0.00,24440.79,0.00
CZ01/RtS&0&cDXHP&Ex&dxHP_equip/NE-dxHP-SplitHP-18to33-Ex-SEER18.1/instance-out.sql,118716.06999999999,3968.25,208.97,44599.63,0.0,24440.79,0.0,28801.29,3.36,0.0,0.0,0.0,16693.78,0.0,0.0,3968.25,208.97,0.00,0.00,24440.79,0.00
CZ01/RtS&0&cDXHP&Ex&dxHP_equip/NE-dxHP-SplitHP-33to55-Ex-SEER14.3/instance-out.sql,118741.86,3968.25,234.76,44599.63,0.0,24440.79,0.0,28801.29,3.36,0.0,0.0,0.0,16693.78,0.0,0.0,3968.25,234.76,0.00,0.00,24440.79,0.00
CZ01/RtS&0&cDXHP&Ex&dxHP_equip/NE-dxHP-SplitHP-33to55-Ex-SEER15.2/instance-out.sql,118733.86,3968.25,226.77,44599.63,0.0,24440.79,0.0,28801.29,3.36,0.0,0.0,0.0,16693.78,0.0,0.0,3968.25,226.77,0.00,0.00,24440.79,0.00
CZ01/RtS&0&cDXHP&Ex&dxHP_equip/NE-dxHP-SplitHP-33to55-Ex-SEER16.2/instance-out.sql,118726.91,3968.25,219.81,44599.63,0.0,24440.79,0.0,28801.29,3.36,0.0,0.0,0.0,16693.78,0.0,0.0,3968.25,219.81,0.00,0.00,24440.79,0.00
CZ01/RtS&0&cDXHP&Ex&dxHP_equip/NE-dxHP-SplitHP-33to55-Ex-SEER17.1/instance-out.sql,118721.35,3968.25,214.26,44599.63,0.0,24440.79,0.0,28801.29,3.36,0.0,0.0,0.0,16693.78,0.0,0.0,3968.25,214.26,0.00,0.00,24440.79,0.00
CZ01/RtS&0&cDXHP&Ex&dxHP_equip/NE-dxHP-SplitHP-33to55-Ex-SEER18.1/instance-out.sql,118716.06999999999,3968.25,208.97,44599.63,0.0,24440.79,0.0,28801.29,3.36,0.0,0.0,0.0,16693.78,0.0,0.0,3968.25,208.97,0.00,0.00,24440.79,0.00
CZ01/SCn&0&cDXHP&Ex&dxHP_equip/NE-dxHP-PkgHP-18to33-Ex-SEER13.4/instance-out.sql,3106263.23,327954.34,1807.45,850055.03,0.0,449066.39,0.0,1384028.31,3.36,0.0,0.0,0.0,93348.36,0.0,0.0,327954.34,1807.45,0.00,0.00,449066.39,0.00
CZ01/SCn&0&cDXHP&Ex&dxHP_equip/NE-dxHP-PkgHP-18to33-Ex-SEER15.2/instance-out.sql,3106135.6999999997,327954.34,1679.92,850055.03,0.0,449066.39,0.0,1384028.31,3.36,0.0,0.0,0.0,93348.36,0.0,0.0,327954.34,1679.92,0.00,0.00,449066.39,0.00
CZ01/SCn&0&cDXHP&Ex&dxHP_equip/NE-dxHP-PkgHP-18to33-Ex-SEER16.2/instance-out.sql,3106084.19,327954.34,1628.41,850055.03,0.0,449066.39,0.0,1384028.31,3.36,0.0,0.0,0.0,93348.36,0.0,0.0,327954.34,1628.41,0.00,0.00,449066.39,0.00
CZ01/SCn&0&cDXHP&Ex&dxHP_equip/NE-dxHP-PkgHP-18to33-Ex-SEER17.1/instance-out.sql,3106043.02,327954.34,1587.23,850055.03,0.0,449066.39,0.0,1384028.31,3.36,0.0,0.0,0.0,93348.36,0.0,0.0,327954.34,1587.23,0.00,0.00,449066.39,0.00
CZ01/SCn&0&cDXHP&Ex&dxHP_equip/NE-dxHP-PkgHP-18to33-Ex-SEER18.1/instance-out.sql,3106003.8699999996,327954.34,1548.08,850055.03,0.0,449066.39,0.0,1384028.31,3.36,0.0,0.0,0.0,93348.36,0.0,0.0,327954.34,1548.08,0.00,0.00,449066.39,0.00
CZ01/SCn&0&cDXHP&Ex&dxHP_equip/NE-dxHP-PkgHP-33to65-Ex-SEER13.4/instance-out.sql,3106263.23,327954.34,1807.45,850055.03,0.0,449066.39,0.0,1384028.31,3.36,0.0,0.0,0.0,93348.36,0.0,0.0,327954.34,1807.45,0.00,0.00,449066.39,0.00
CZ01/SCn&0&cDXHP&Ex&dxHP_equip/NE-dxHP-PkgHP-33to65-Ex-SEER15.2/instance-out.sql,3106135.6999999997,327954.34,1679.92,850055.03,0.0,449066.39,0.0,1384028.31,3.36,0.0,0.0,0.0,93348.36,0.0,0.0,327954.34,1679.92,0.00,0.00,449066.39,0.00
CZ01/SCn&0&cDXHP&Ex&dxHP_equip/NE-dxHP-PkgHP-33to65-Ex-SEER16.2/instance-out.sql,3106084.19,327954.34,1628.41,850055.03,0.0,449066.39,0.0,1384028.31,3.36,0.0,0.0,0.0,93348.36,0.0,0.0,327954.34,1628.41,0.00,0.00,449066.39,0.00
CZ01/SCn&0&cDXHP&Ex&dxHP_equip/NE-dxHP-PkgHP-33to65-Ex-SEER17.1/instance-out.sql,3106043.02,327954.34,1587.23,850055.03,0.0,449066.39,0.0,1384028.31,3.36,0.0,0.0,0.0,93348.36,0.0,0.0,327954.34,1587.23,0.00,0.00,449066.39,0.00
CZ01/SCn&0&cDXHP&Ex&dxHP_equip/NE-dxHP-PkgHP-33to65-Ex-SEER18.1/instance-out.sql,3106003.8699999996,327954.34,1548.08,850055.03,0.0,449066.39,0.0,1384028.31,3.36,0.0,0.0,0.0,93348.36,0.0,0.0,327954.34,1548.08,0.00,0.00,449066.39,0.00
CZ01/SCn&0&cDXHP&Ex&dxHP_equip/NE-dxHP-SplitHP-18to33-Ex-SEER14.3/instance-out.sql,3089847.8,311607.19,1739.16,850055.03,0.0,449066.39,0.0,1384028.31,3.36,0.0,0.0,0.0,93348.36,0.0,0.0,311607.19,1739.16,0.00,0.00,449066.39,0.00
CZ01/SCn&0&cDXHP&Ex&dxHP_equip/NE-dxHP-SplitHP-18to33-Ex-SEER15.2/instance-out.sql,3089788.56,311607.19,1679.92,850055.03,0.0,449066.39,0.0,1384028.31,3.36,0.0,0.0,0.0,93348.36,0.0,0.0,311607.19,1679.92,0.00,0.00,449066.39,0.00
CZ01/SCn&0&cDXHP&Ex&dxHP_equip/NE-dxHP-SplitHP-18to33-Ex-SEER16.2/instance-out.sql,3089737.05,311607.19,1628.41,850055.03,0.0,449066.39,0.0,1384028.31,3.36,0.0,0.0,0.0,93348.36,0.0,0.0,311607.19,1628.41,0.00,0.00,449066.39,0.00
CZ01/SCn&0&cDXHP&Ex&dxHP_equip/NE-dxHP-SplitHP-18to33-Ex-SEER17.1/instance-out.sql,3089695.8699999996,311607.19,1587.23,850055.03,0.0,449066.39,0.0,1384028.31,3.36,0.0,0.0,0.0,93348.36,0.0,0.0,311607.19,1587.23,0.00,0.00,449066.39,0.00
CZ01/SCn&0&cDXHP&Ex&dxHP_equip/NE-dxHP-SplitHP-18to33-Ex-SEER18.1/instance-out.sql,3089656.73,311607.19,1548.08,850055.03,0.0,449066.39,0.0,1384028.31,3.36,0.0,0.0,0.0,93348.36,0.0,0.0,311607.19,1548.08,0.00,0.00,449066.39,0.00
CZ01/SCn&0&cDXHP&Ex&dxHP_equip/NE-dxHP-SplitHP-33to55-Ex-SEER14.3/instance-out.sql,3089847.8,311607.19,1739.16,850055.03,0.0,449066.39,0.0,1384028.31,3.36,0.0,0.0,0.0,93348.36,0.0,0.0,311607.19,1739.16,0.00,0.00,449066.39,0.00
CZ01/SCn&0&cDXHP&Ex&dxHP_equip/NE-dxHP-SplitHP-33to55-Ex-SEER15.2/instance-out.sql,3089788.56,311607.19,1679.92,850055.03,0.0,449066.39,0.0,1384028.31,3.36,0.0,0.0,0.0,93348.36,0.0,0.0,311607.19,1679.92,0.00,0.00,449066.39,0.00
CZ01/SCn&0&cDXHP&Ex&dxHP_equip/NE-dxHP-SplitHP-33to55-Ex-SEER16.2/instance-out.sql,3089737.05,311607.19,1628.41,850055.03,0.0,449066.39,0.0,1384028.31,3.36,0.0,0.0,0.0,93348.36,0.0,0.0,311607.19,1628.41,0.00,0.00,449066.39,0.00
CZ01/SCn&0&cDXHP&Ex&dxHP_equip/NE-dxHP-SplitHP-33to55-Ex-SEER17.1/instance-out.sql,3089695.8699999996,311607.19,1587.23,850055.03,0.0,449066.39,0.0,1384028.31,3.36,0.0,0.0,0.0,93348.36,0.0,0.0,311607.19,1587.23,0.00,0.00,449066.39,0.00
CZ01/SCn&0&cDXHP&Ex&dxHP_equip/NE-dxHP-SplitHP-33to55-Ex-SEER18.1/instance-out.sql,3089656.73,311607.19,1548.08,850055.03,0.0,449066.39,0.0,1384028.31,3.36,0.0,0.0,0.0,93348.36,0.0,0.0,311607.19,1548.08,0.00,0.00,449066.39,0.00
CZ02/Asm&0&cDXHP&Ex&dxHP_equip/NE-dxHP-PkgHP-18to33-Ex-SEER13.4/instance-out.sql,667572.97,52150.68,70872.72,153727.01,0.0,145823.51,0.0,222184.59,3.36,0.0,0.0,0.0,22811.11,0.0,0.0,52150.68,70872.72,0.00,0.00,145823.51,0.00
CZ02/Asm&0&cDXHP&Ex&dxHP_equip/NE-dxHP-PkgHP-18to33-Ex-SEER15.2/instance-out.sql,662572.22,52150.68,65871.97,153727.01,0.0,145823.51,0.0,222184.59,3.36,0.0,0.0,0.0,22811.11,0.0,0.0,52150.68,65871.97,0.00,0.00,145823.51,0.00
CZ02/Asm&0&cDXHP&Ex&dxHP_equip/NE-dxHP-PkgHP-18to33-Ex-SEER16.2/instance-out.sql,660552.5599999999,52150.68,63852.31,153727.01,0.0,145823.51,0.0,222184.59,3.36,0.0,0.0,0.0,22811.11,0.0,0.0,52150.68,63852.31,0.00,0.00,145823.51,0.00
CZ02/Asm&0&cDXHP&Ex&dxHP_equip/NE-dxHP-PkgHP-18to33-Ex-SEER17.1/instance-out.sql,658937.9,52150.68,62237.65,153727.01,0.0,145823.51,0.0,222184.59,3.36,0.0,0.0,0.0,22811.11,0.0,0.0,52150.68,62237.65,0.00,0.00,145823.51,0.00
CZ02/Asm&0&cDXHP&Ex&dxHP_equip/NE-dxHP-PkgHP-18to33-Ex-SEER18.1/instance-out.sql,657402.89,52150.68,60702.64,153727.01,0.0,145823.51,0.0,222184.59,3.36,0.0,0.0,0.0,22811.11,0.0,0.0,52150.68,60702.64,0.00,0.00,145823.51,0.00
CZ02/Asm&0&cDXHP&Ex&dxHP_equip/NE-dxHP-PkgHP-33to65-Ex-SEER13.4/instance-out.sql,667572.97,52150.68,70872.72,153727.01,0.0,145823.51,0.0,222184.59,3.36,0.0,0.0,0.0,22811.11,0.0,0.0,52150.68,70872.72,0.00,0.00,145823.51,0.00
CZ02/Asm&0&cDXHP&Ex&dxHP_equip/NE-dxHP-PkgHP-33to65-Ex-SEER15.2/instance-out.sql,662572.22,52150.68,65871.97,153727.01,0.0,145823.51,0.0,222184.59,3.36,0.0,0.0,0.0,22811.11,0.0,0.0,52150.68,65871.97,0.00,0.00,145823.51,0.00
CZ02/Asm&0&cDXHP&Ex&dxHP_equip/NE-dxHP-PkgHP-33to65-Ex-SEER16.2/instance-out.sql,660552.5599999999,52150.68,63852.31,153727.01,0.0,145823.51,0.0,222184.59,3.36,0.0,0.0,0.0,22811.11,0.0,0.0,52150.68,63852.31,0.00,0.00,145823.51,0.00
CZ02/Asm&0&cDXHP&Ex&dxHP_equip/NE-dxHP-PkgHP-33to65-Ex-SEER17.1/instance-out.sql,658937.9,52150.68,62237.65,153727.01,0.0,145823.51,0.0,222184.59,3.36,0.0,0.0,0.0,22811.11,0.0,0.0,52150.68,62237.65,0.00,0.00,145823.51,0.00
CZ02/Asm&0&cDXHP&Ex&dxHP_equip/NE-dxHP-PkgHP-33to65-Ex-SEER18.1/instance-out.sql,657402.89,52150.68,60702.64,153727.01,0.0,145823.51,0.0,222184.59,3.36,0.0,0.0,0.0,22811.11,0.0,0.0,52150.68,60702.64,0.00,0.00,145823.51,0.00
CZ02/Asm&0&cDXHP&Ex&dxHP_equip/NE-dxHP-SplitHP-18to33-Ex-SEER14.3/instance-out.sql,662350.5,49606.02,68194.91,153727.01,0.0,145823.51,0.0,222184.59,3.36,0.0,0.0,0.0,22811.11,0.0,0.0,49606.02,68194.91,0.00,0.00,145823.51,0.00
CZ02/Asm&0&cDXHP&Ex&dxHP_equip/NE-dxHP-SplitHP-18to33-Ex-SEER15.2/instance-out.sql,660027.5599999999,49606.02,65871.97,153727.01,0.0,145823.51,0.0,222184.59,3.36,0.0,0.0,0.0,22811.11,0.0,0.0,49606.02,65871.97,0.00,0.00,145823.51,0.00
CZ02/Asm&0&cDXHP&Ex&dxHP_equip/NE-dxHP-SplitHP-18to33-Ex-SEER16.2/instance-out.sql,658007.9,49606.02,63852.31,153727.01,0.0,145823.51,0.0,222184.59,3.36,0.0,0.0,0.0,22811.11,0.0,0.0,49606.02,63852.31,0.00,0.00,145823.51,0.00
CZ02/Asm&0&cDXHP&Ex&dxHP_equip/NE-dxHP-SplitHP-18to33-Ex-SEER17.1/instance-out.sql,656393.25,49606.02,62237.65,153727.01,0.0,145823.51,0.0,222184.59,3.36,0.0,0.0,0.0,22811.11,0.0,0.0,49606.02,62237.65,0.00,0.00,145823.51,0.00
CZ02/Asm&0&cDXHP&Ex&dxHP_equip/NE-dxHP-SplitHP-18to33-Ex-SEER18.1/instance-out.sql,654858.24,49606.02,60702.64,153727.01,0.0,145823.51,0.0,222184.59,3.36,0.0,0.0,0.0,22811.11,0.0,0.0,49606.02,60702.64,0.00,0.00,145823.51,0.00
CZ02/Asm&0&cDXHP&Ex&dxHP_equip/NE-dxHP-SplitHP-33to55-Ex-SEER14.3/instance-out.sql,662350.5,49606.02,68194.91,153727.01,0.0,145823.51,0.0,222184.59,3.36,0.0,0.0,0.0,22811.11,0.0,0.0,49606.02,68194.91,0.00,0.00,145823.51,0.00
CZ02/Asm&0&cDXHP&Ex&dxHP_equip/NE-dxHP-SplitHP-33to55-Ex-SEER15.2/instance-out.sql,660027.5599999999,49606.02,65871.97,153727.01,0.0,145823.51,0.0,222184.59,3.36,0.0,0.0,0.0,22811.11,0.0,0.0,49606.02,65871.97,0.00,0.00,145823.51,0.00
CZ02/Asm&0&cDXHP&Ex&dxHP_equip/NE-dxHP-SplitHP-33to55-Ex-SEER16.2/instance-out.sql,658007.9,49606.02,63852.31,153727.01,0.0,145823.51,0.0,222184.59,3.36,0.0,0.0,0.0,22811.11,0.0,0.0,49606.02,63852.31,0.00,0.00,145823.51,0.00
CZ02/Asm&0&cDXHP&Ex&dxHP_equip/NE-dxHP-SplitHP-33to55-Ex-SEER17.1/instance-out.sql,656393.25,49606.02,62237.65,153727.01,0.0,145823.51,0.0,222184.59,3.36,0.0,0.0,0.0,22811.11,0.0,0.0,49606.02,62237.65,0.00,0.00,145823.51,0.00
CZ02/Asm&0&cDXHP&Ex&dxHP_equip/NE-dxHP-SplitHP-33to55-Ex-SEER18.1/instance-out.sql,654858.24,49606.02,60702.64,153727.01,0.0,145823.51,0.0,222184.59,3.36,0.0,0.0,0.0,22811.11,0.0,0.0,49606.02,60702.64,0.00,0.00,145823.51,0.00
CZ02/ECC&0&cDXHP&Ex&dxHP_equip/NE-dxHP-PkgHP-18to33-Ex-SEER13.4/instance-out.sql,2601215.8899999997,25865.93,179010.85,358430.2,0.0,1013813.91,0.0,569833.21,914.75,0.0,0.0,0.0,453347.04,0.0,0.0,25186.98,179010.85,678.95,0.00,945189.93,68623.98
CZ02/ECC&0&cDXHP&Ex&dxHP_equip/NE-dxHP-PkgHP-18to33-Ex-SEER15.2/instance-out.sql,2592134.31,25865.93,169929.27,358430.2,0.0,1013813.91,0.0,569833.21,914.75,0.0,0.0,0.0,453347.04,0.0,0.0,25186.98,169929.27,678.95,0.00,945189.93,68623.98
CZ02/ECC&0&cDXHP&Ex&dxHP_equip/NE-dxHP-PkgHP-18to33-Ex-SEER16.2/instance-out.sql,2588466.52,25865.93,166261.48,358430.2,0.0,1013813.91,0.0,569833.21,914.75,0.0,0.0,0.0,453347.04,0.0,0.0,25186.98,166261.48,678.95,0.00,945189.93,68623.98
CZ02/ECC&0&cDXHP&Ex&dxHP_equip/NE-dxHP-PkgHP-18to33-Ex-SEER17.1/instance-out.sql,2585534.24,25865.93,163329.2,358430.2,0.0,1013813.91,0.0,569833.21,914.75,0.0,0.0,0.0,453347.04,0.0,0.0,25186.98,163329.20,678.95,0.00,945189.93,68623.98
CZ02/ECC&0&cDXHP&Ex&dxHP_equip/NE-dxHP-PkgHP-18to33-Ex-SEER18.1/instance-out.sql,2582746.5999999996,25865.93,160541.56,358430.2,0.0,1013813.91,0.0,569833.21,914.75,0.0,0.0,0.0,453347.04,0.0,0.0,25186.98,160541.56,678.95,0.00,945189.93,68623.98
CZ02/ECC&0&cDXHP&Ex&dxHP_equip/NE-dxHP-PkgHP-33to65-Ex-SEER13.4/instance-out.sql,2601215.8899999997,25865.93,179010.85,358430.2,0.0,1013813.91,0.0,569833.21,914.75,0.0,0.0,0.0,453347.04,0.0,0.0,25186.98,179010.85,678.95,0.00,945189.93,68623.98
CZ02/ECC&0&cDXHP&Ex&dxHP_equip/NE-dxHP-PkgHP-33to65-Ex-SEER15.2/instance-out.sql,2592134.31,25865.93,169929.27,358430.2,0.0,1013813.91,0.0,569833.21,914.75,0.0,0.0,0.0,453347.04,0.0,0.0,25186.98,169929.27,678.95,0.00,945189.93,68623.98
CZ02/ECC&0&cDXHP&Ex&dxHP_equip/NE-dxHP-PkgHP-33to65-Ex-SEER16.2/instance-out.sql,2588466.52,25865.93,166261.48,358430.2,0.0,1013813.91,0.0,569833.21,914.75,0.0,0.0,0.0,453347.04,0.0,0.0,25186.98,166261.48,678.95,0.00,945189.93,68623.98
CZ02/ECC&0&cDXHP&Ex&dxHP_equip/NE-dxHP-PkgHP-33to65-Ex-SEER17.1/instance-out.sql,2585534.24,25865.93,163329.2,358430.2,0.0,1013813.91,0.0,569833.21,914.75,0.0,0.0,0.0,453347.04,0.0,0.0,25186.98,163329.20,678.95,0.00,945189.93,68623.98
CZ02/ECC&0&cDXHP&Ex&dxHP_equip/NE-dxHP-PkgHP-33to65-Ex-SEER18.1/instance-out.sql,2582746.5999999996,25865.93,160541.56,358430.2,0.0,1013813.91,0.0,569833.21,914.75,0.0,0.0,0.0,453347.04,0.0,0.0,25186.98,160541.56,678.95,0.00,945189.93,68623.98
CZ02/ECC&0&cDXHP&Ex&dxHP_equip/NE-dxHP-SplitHP-18to33-Ex-SEER14.3/instance-out.sql,2595185.84,24698.9,174147.83,358430.2,0.0,1013813.91,0.0,569833.21,914.75,0.0,0.0,0.0,453347.04,0.0,0.0,24019.95,174147.83,678.95,0.00,945189.93,68623.98
CZ02/ECC&0&cDXHP&Ex&dxHP_equip/NE-dxHP-SplitHP-18to33-Ex-SEER15.2/instance-out.sql,2590967.2800000003,24698.9,169929.27,358430.2,0.0,1013813.91,0.0,569833.21,914.75,0.0,0.0,0.0,453347.04,0.0,0.0,24019.95,169929.27,678.95,0.00,945189.93,68623.98
CZ02/ECC&0&cDXHP&Ex&dxHP_equip/NE-dxHP-SplitHP-18to33-Ex-SEER16.2/instance-out.sql,2587299.5,24698.9,166261.48,358430.2,0.0,1013813.91,0.0,569833.21,914.75,0.0,0.0,0.0,453347.04,0.0,0.0,24019.95,166261.48,678.95,0.00,945189.93,68623.98
CZ02/ECC&0&cDXHP&Ex&dxHP_equip/NE-dxHP-SplitHP-18to33-Ex-SEER17.1/instance-out.sql,2584367.21,24698.9,163329.2,358430.2,0.0,1013813.91,0.0,569833.21,914.75,0.0,0.0,0.0,453347.04,0.0,0.0,24019.95,163329.20,678.95,0.00,945189.93,68623.98
CZ02/ECC&0&cDXHP&Ex&dxHP_equip/NE-dxHP-SplitHP-18to33-Ex-SEER18.1/instance-out.sql,2581579.5700000003,24698.9,160541.56,358430.2,0.0,1013813.91,0.0,569833.21,914.75,0.0,0.0,0.0,453347.04,0.0,0.0,24019.95,160541.56,678.95,0.00,945189.93,68623.98
CZ02/ECC&0&cDXHP&Ex&dxHP_equip/NE-dxHP-SplitHP-33to55-Ex-SEER14.3/instance-out.sql,2595185.84,24698.9,174147.83,358430.2,0.0,1013813.91,0.0,569833.21,914.75,0.0,0.0,0.0,453347.04,0.0,0.0,24019.95,174147.83,678.95,0.00,945189.93,68623.98
CZ02/ECC&0&cDXHP&Ex&dxHP_equip/NE-dxHP-SplitHP-33to55-Ex-SEER15.2/instance-out.sql,2590967.2800000003,24698.9,169929.27,358430.2,0.0,1013813.91,0.0,569833.21,914.75,0.0,0.0,0.0,453347.04,0.0,0.0,24019.95,169929.27,678.95,0.00,945189.93,68623.98
CZ02/ECC&0&cDXHP&Ex&dxHP_equip/NE-dxHP-SplitHP-33to55-Ex-SEER16.2/instance-out.sql,2587299.5,24698.9,166261.48,358430.2,0.0,1013813.91,0.0,569833.21,914.75,0.0,0.0,0.0,453347.04,0.0,0.0,24019.95,166261.48,678.95,0.00,945189.93,68623.98
CZ02/ECC&0&cDXHP&Ex&dxHP_equip/NE-dxHP-SplitHP-33to55-Ex-SEER17.1/instance-out.sql,2584367.21,24698.9,163329.2,358430.2,0.0,1013813.91,0.0,569833.21,914.75,0.0,0.0,0.0,453347.04,0.0,0.0,24019.95,163329.20,678.95,0.00,945189.93,68623.98
CZ02/ECC&0&cDXHP&Ex&dxHP_equip/NE-dxHP-SplitHP-33to55-Ex-SEER18.1/instance-out.sql,2581579.5700000003,24698.9,160541.56,358430.2,0.0,1013813.91,0.0,569833.21,914.75,0.0,0.0,0.0,453347.04,0.0,0.0,24019.95,160541.56,678.95,0.00,945189.93,68623.98
CZ02/EPr&0&cDXHP&Ex&dxHP_equip/NE-dxHP-PkgHP-18to33-Ex-SEER13.4/instance-out.sql,399760.0,7859.77,32010.6,64700.97,0.0,125897.03,0.0,82737.3,3.37,0.0,0.0,0.0,86550.96,0.0,0.0,7859.77,32010.60,0.00,0.00,83226.75,42670.28
CZ02/EPr&0&cDXHP&Ex&dxHP_equip/NE-dxHP-PkgHP-18to33-Ex-SEER15.2/instance-out.sql,398249.02999999997,7859.77,30499.63,64700.97,0.0,125897.03,0.0,82737.3,3.37,0.0,0.0,0.0,86550.96,0.0,0.0,7859.77,30499.63,0.00,0.00,83226.75,42670.28
CZ02/EPr&0&cDXHP&Ex&dxHP_equip/NE-dxHP-PkgHP-18to33-Ex-SEER16.2/instance-out.sql,397638.79,7859.77,29889.39,64700.97,0.0,125897.03,0.0,82737.3,3.37,0.0,0.0,0.0,86550.96,0.0,0.0,7859.77,29889.39,0.00,0.00,83226.75,42670.28
CZ02/EPr&0&cDXHP&Ex&dxHP_equip/NE-dxHP-PkgHP-18to33-Ex-SEER17.1/instance-out.sql,397150.92,7859.77,29401.53,64700.97,0.0,125897.03,0.0,82737.3,3.37,0.0,0.0,0.0,86550.96,0.0,0.0,7859.77,29401.53,0.00,0.00,83226.75,42670.28
CZ02/EPr&0&cDXHP&Ex&dxHP_equip/NE-dxHP-PkgHP-18to33-Ex-SEER18.1/instance-out.sql,396687.12,7859.77,28937.73,64700.97,0.0,125897.03,0.0,82737.3,3.37,0.0,0.0,0.0,86550.96,0.0,0.0,7859.77,28937.73,0.00,0.00,83226.75,42670.28
CZ02/EPr&0&cDXHP&Ex&dxHP_equip/NE-dxHP-PkgHP-33to65-Ex-SEER13.4/instance-out.sql,399760.0,7859.77,32010.6,64700.97,0.0,125897.03,0.0,82737.3,3.37,0.0,0.0,0.0,86550.96,0.0,0.0,7859.77,32010.60,0.00,0.00,83226.75,42670.28
CZ02/EPr&0&cDXHP&Ex&dxHP_equip/NE-dxHP-PkgHP-33to65-Ex-SEER15.2/instance-out.sql,398249.02999999997,7859.77,30499.63,64700.97,0.0,125897.03,0.0,82737.3,3.37,0.0,0.0,0.0,86550.96,0.0,0.0,7859.77,30499.63,0.00,0.00,83226.75,42670.28
CZ02/EPr&0&cDXHP&Ex&dxHP_equip/NE-dxHP-PkgHP-33to65-Ex-SEER16.2/instance-out.sql,397638.79,7859.77,29889.39,64700.97,0.0,125897.03,0.0,82737.3,3.37,0.0,0.0,0.0,86550.96,0.0,0.0,7859.77,29889.39,0.00,0.00,83226.75,42670.28
CZ02/EPr&0&cDXHP&Ex&dxHP_equip/NE-dxHP-PkgHP-33to65-Ex-SEER17.1/instance-out.sql,397150.92,7859.77,29401.53,64700.97,0.0,125897.03,0.0,82737.3,3.37,0.0,0.0,0.0,86550.96,0.0,0.0,7859.77,29401.53,0.00,0.00,83226.75,42670.28
CZ02/EPr&0&cDXHP&Ex&dxHP_equip/NE-dxHP-PkgHP-33to65-Ex-SEER18.1/instance-out.sql,396687.12,7859.77,28937.73,64700.97,0.0,125897.03,0.0,82737.3,3.37,0.0,0.0,0.0,86550.96,0.0,0.0,7859.77,28937.73,0.00,0.00,83226.75,42670.28
CZ02/EPr&0&cDXHP&Ex&dxHP_equip/NE-dxHP-SplitHP-18to33-Ex-SEER14.3/instance-out.sql,398582.24,7491.11,31201.5,64700.97,0.0,125897.03,0.0,82737.3,3.37,0.0,0.0,0.0,86550.96,0.0,0.0,7491.11,31201.50,0.00,0.00,83226.75,42670.28
CZ02/EPr&0&cDXHP&Ex&dxHP_equip/NE-dxHP-SplitHP-18to33-Ex-SEER15.2/instance-out.sql,397880.37,7491.11,30499.63,64700.97,0.0,125897.03,0.0,82737.3,3.37,0.0,0.0,0.0,86550.96,0.0,0.0,7491.11,30499.63,0.00,0.00,83226.75,42670.28
CZ02/EPr&0&cDXHP&Ex&dxHP_equip/NE-dxHP-SplitHP-18to33-Ex-SEER16.2/instance-out.sql,397270.13,7491.11,29889.39,64700.97,0.0,125897.03,0.0,82737.3,3.37,0.0,0.0,0.0,86550.96,0.0,0.0,7491.11,29889.39,0.00,0.00,83226.75,42670.28
CZ02/EPr&0&cDXHP&Ex&dxHP_equip/NE-dxHP-SplitHP-18to33-Ex-SEER17.1/instance-out.sql,396782.26,7491.11,29401.53,64700.97,0.0,125897.03,0.0,82737.3,3.37,0.0,0.0,0.0,86550.96,0.0,0.0,7491.11,29401.53,0.00,0.00,83226.75,42670.28
CZ02/EPr&0&cDXHP&Ex&dxHP_equip/NE-dxHP-SplitHP-18to33-Ex-SEER18.1/instance-out.sql,396318.45999999996,7491.11,28937.73,64700.97,0.0,125897.03,0.0,82737.3,3.37,0.0,0.0,0.0,86550.96,0.0,0.0,7491.11,28937.73,0.00,0.00,83226.75,42670.28
CZ02/EPr&0&cDXHP&Ex&dxHP_equip/NE-dxHP-SplitHP-33to55-Ex-SEER14.3/instance-out.sql,398582.24,7491.11,31201.5,64700.97,0.0,125897.03,0.0,82737.3,3.37,0.0,0.0,0.0,86550.96,0.0,0.0,7491.11,31201.50,0.00,0.00,83226.75,42670.28
CZ02/EPr&0&cDXHP&Ex&dxHP_equip/NE-dxHP-SplitHP-33to55-Ex-SEER15.2/instance-out.sql,397880.37,7491.11,30499.63,64700.97,0.0,125897.03,0.0,82737.3,3.37,0.0,0.0,0.0,86550.96,0.0,0.0,7491.11,30499.63,0.00,0.00,83226.75,42670.28
CZ02/EPr&0&cDXHP&Ex&dxHP_equip/NE-dxHP-SplitHP-33to55-Ex-SEER16.2/instance-out.sql,397270.13,7491.11,29889.39,64700.97,0.0,125897.03,0.0,82737.3,3.37,0.0,0.0,0.0,86550.96,0.0,0.0,7491.11,29889.39,0.00,0.00,83226.75,42670.28
CZ02/EPr&0&cDXHP&Ex&dxHP_equip/NE-dxHP-SplitHP-33to55-Ex-SEER17.1/instance-out.sql,396782.26,7491.11,29401.53,64700.97,0.0,125897.03,0.0,82737.3,3.37,0.0,0.0,0.0,86550.96,0.0,0.0,7491.11,29401.53,0.00,0.00,83226.75,42670.28
CZ02/EPr&0&cDXHP&Ex&dxHP_equip/NE-dxHP-SplitHP-33to55-Ex-SEER18.1/instance-out.sql,396318.45999999996,7491.11,28937.73,64700.97,0.0,125897.03,0.0,82737.3,3.37,0.0,0.0,0.0,86550.96,0.0,0.0,7491.11,28937.73,0.00,0.00,83226.75,42670.28
CZ02/ERC&0&cDXHP&Ex&dxHP_equip/NE-dxHP-PkgHP-18to33-Ex-SEER13.4/instance-out.sql,18986.449999999997,536.15,827.55,2224.35,0.0,2196.82,0.0,3879.76,3.36,0.0,0.0,0.0,9318.47,0.0,0.0,536.15,827.55,0.00,0.00,2196.82,0.00
CZ02/ERC&0&cDXHP&Ex&dxHP_equip/NE-dxHP-PkgHP-18to33-Ex-SEER15.2/instance-out.sql,18928.059999999998,536.15,769.15,2224.35,0.0,2196.82,0.0,3879.76,3.36,0.0,0.0,0.0,9318.47,0.0,0.0,536.15,769.15,0.00,0.00,2196.82,0.00
CZ02/ERC&0&cDXHP&Ex&dxHP_equip/NE-dxHP-PkgHP-18to33-Ex-SEER16.2/instance-out.sql,18904.48,536.15,745.57,2224.35,0.0,2196.82,0.0,3879.76,3.36,0.0,0.0,0.0,9318.47,0.0,0.0,536.15,745.57,0.00,0.00,2196.82,0.00
CZ02/ERC&0&cDXHP&Ex&dxHP_equip/NE-dxHP-PkgHP-18to33-Ex-SEER17.1/instance-out.sql,18885.62,536.15,726.72,2224.35,0.0,2196.82,0.0,3879.76,3.36,0.0,0.0,0.0,9318.47,0.0,0.0,536.15,726.72,0.00,0.00,2196.82,0.00
CZ02/ERC&0&cDXHP&Ex&dxHP_equip/NE-dxHP-PkgHP-18to33-Ex-SEER18.1/instance-out.sql,18867.699999999997,536.15,708.79,2224.35,0.0,2196.82,0.0,3879.76,3.36,0.0,0.0,0.0,9318.47,0.0,0.0,536.15,708.79,0.00,0.00,2196.82,0.00
CZ02/ERC&0&cDXHP&Ex&dxHP_equip/NE-dxHP-PkgHP-33to65-Ex-SEER13.4/instance-out.sql,18986.449999999997,536.15,827.55,2224.35,0.0,2196.82,0.0,3879.76,3.36,0.0,0.0,0.0,9318.47,0.0,0.0,536.15,827.55,0.00,0.00,2196.82,0.00
CZ02/ERC&0&cDXHP&Ex&dxHP_equip/NE-dxHP-PkgHP-33to65-Ex-SEER15.2/instance-out.sql,18928.059999999998,536.15,769.15,2224.35,0.0,2196.82,0.0,3879.76,3.36,0.0,0.0,0.0,9318.47,0.0,0.0,536.15,769.15,0.00,0.00,2196.82,0.00
CZ02/ERC&0&cDXHP&Ex&dxHP_equip/NE-dxHP-PkgHP-33to65-Ex-SEER16.2/instance-out.sql,18904.48,536.15,745.57,2224.35,0.0,2196.82,0.0,3879.76,3.36,0.0,0.0,0.0,9318.47,0.0,0.0,536.15,745.57,0.00,0.00,2196.82,0.00
CZ02/ERC&0&cDXHP&Ex&dxHP_equip/NE-dxHP-PkgHP-33to65-Ex-SEER17.1/instance-out.sql,18885.62,536.15,726.72,2224.35,0.0,2196.82,0.0,3879.76,3.36,0.0,0.0,0.0,9318.47,0.0,0.0,536.15,726.72,0.00,0.00,2196.82,0.00
CZ02/ERC&0&cDXHP&Ex&dxHP_equip/NE-dxHP-PkgHP-33to65-Ex-SEER18.1/instance-out.sql,18867.699999999997,536.15,708.79,2224.35,0.0,2196.82,0.0,3879.76,3.36,0.0,0.0,0.0,9318.47,0.0,0.0,536.15,708.79,0.00,0.00,2196.82,0.00
CZ02/ERC&0&cDXHP&Ex&dxHP_equip/NE-dxHP-SplitHP-18to33-Ex-SEER14.3/instance-out.sql,18930.53,511.5,796.28,2224.35,0.0,2196.82,0.0,3879.76,3.36,0.0,0.0,0.0,9318.47,0.0,0.0,511.50,796.28,0.00,0.00,2196.82,0.00
CZ02/ERC&0&cDXHP&Ex&dxHP_equip/NE-dxHP-SplitHP-18to33-Ex-SEER15.2/instance-out.sql,18903.41,511.5,769.15,2224.35,0.0,2196.82,0.0,3879.76,3.36,0.0,0.0,0.0,9318.47,0.0,0.0,511.50,769.15,0.00,0.00,2196.82,0.00
CZ02/ERC&0&cDXHP&Ex&dxHP_equip/NE-dxHP-SplitHP-18to33-Ex-SEER16.2/instance-out.sql,18879.83,511.5,745.57,2224.35,0.0,2196.82,0.0,3879.76,3.36,0.0,0.0,0.0,9318.47,0.0,0.0,511.50,745.57,0.00,0.00,2196.82,0.00
CZ02/ERC&0&cDXHP&Ex&dxHP_equip/NE-dxHP-SplitHP-18to33-Ex-SEER17.1/instance-out.sql,18860.97,511.5,726.72,2224.35,0.0,2196.82,0.0,3879.76,3.36,0.0,0.0,0.0,9318.47,0.0,0.0,511.50,726.72,0.00,0.00,2196.82,0.00
CZ02/ERC&0&cDXHP&Ex&dxHP_equip/NE-dxHP-SplitHP-18to33-Ex-SEER18.1/instance-out.sql,18843.05,511.5,708.79,2224.35,0.0,2196.82,0.0,3879.76,3.36,0.0,0.0,0.0,9318.47,0.0,0.0,511.50,708.79,0.00,0.00,2196.82,0.00
CZ02/ERC&0&cDXHP&Ex&dxHP_equip/NE-dxHP-SplitHP-33to55-Ex-SEER14.3/instance-out.sql,18930.53,511.5,796.28,2224.35,0.0,2196.82,0.0,3879.76,3.36,0.0,0.0,0.0,9318.47,0.0,0.0,511.50,796.28,0.00,0.00,2196.82,0.00
CZ02/ERC&0&cDXHP&Ex&dxHP_equip/NE-dxHP-SplitHP-33to55-Ex-SEER15.2/instance-out.sql,18903.41,511.5,769.15,2224.35,0.0,2196.82,0.0,3879.76,3.36,0.0,0.0,0.0,9318.47,0.0,0.0,511.50,769.15,0.00,0.00,2196.82,0.00
CZ02/ERC&0&cDXHP&Ex&dxHP_equip/NE-dxHP-SplitHP-33to55-Ex-SEER16.2/instance-out.sql,18879.83,511.5,745.57,2224.35,0.0,2196.82,0.0,3879.76,3.36,0.0,0.0,0.0,9318.47,0.0,0.0,511.50,745.57,0.00,0.00,2196.82,0.00
CZ02/ERC&0&cDXHP&Ex&dxHP_equip/NE-dxHP-SplitHP-33to55-Ex-SEER17.1/instance-out.sql,18860.97,511.5,726.72,2224.35,0.0,2196.82,0.0,3879.76,3.36,0.0,0.0,0.0,9318.47,0.0,0.0,511.50,726.72,0.00,0.00,2196.82,0.00
CZ02/ERC&0&cDXHP&Ex&dxHP_equip/NE-dxHP-SplitHP-33to55-Ex-SEER18.1/instance-out.sql,18843.05,511.5,708.79,2224.35,0.0,2196.82,0.0,3879.76,3.36,0.0,0.0,0.0,9318.47,0.0,0.0,511.50,708.79,0.00,0.00,2196.82,0.00
CZ02/ESe&0&cDXHP&Ex&dxHP_equip/NE-dxHP-PkgHP-18to33-Ex-SEER13.4/instance-out.sql,1232031.3199999998,139853.19,85216.95,197959.32,0.0,323176.74,0.0,249094.64,3.39,0.0,0.0,0.0,236727.08,0.0,0.0,5160.46,85216.95,134692.73,0.00,259085.82,64090.92
CZ02/ESe&0&cDXHP&Ex&dxHP_equip/NE-dxHP-PkgHP-18to33-Ex-SEER15.2/instance-out.sql,1230260.04,139853.19,83445.68,197959.32,0.0,323176.74,0.0,249094.64,3.39,0.0,0.0,0.0,236727.08,0.0,0.0,5160.46,83445.68,134692.73,0.00,259085.82,64090.92
CZ02/ESe&0&cDXHP&Ex&dxHP_equip/NE-dxHP-PkgHP-18to33-Ex-SEER16.2/instance-out.sql,1229544.68,139853.19,82730.32,197959.32,0.0,323176.74,0.0,249094.64,3.39,0.0,0.0,0.0,236727.08,0.0,0.0,5160.46,82730.32,134692.73,0.00,259085.82,64090.92
CZ02/ESe&0&cDXHP&Ex&dxHP_equip/NE-dxHP-PkgHP-18to33-Ex-SEER17.1/instance-out.sql,1228972.76,139853.19,82158.4,197959.32,0.0,323176.74,0.0,249094.64,3.39,0.0,0.0,0.0,236727.08,0.0,0.0,5160.46,82158.40,134692.73,0.00,259085.82,64090.92
CZ02/ESe&0&cDXHP&Ex&dxHP_equip/NE-dxHP-PkgHP-18to33-Ex-SEER18.1/instance-out.sql,1228429.06,139853.19,81614.7,197959.32,0.0,323176.74,0.0,249094.64,3.39,0.0,0.0,0.0,236727.08,0.0,0.0,5160.46,81614.70,134692.73,0.00,259085.82,64090.92
CZ02/ESe&0&cDXHP&Ex&dxHP_equip/NE-dxHP-PkgHP-33to65-Ex-SEER13.4/instance-out.sql,1232031.3199999998,139853.19,85216.95,197959.32,0.0,323176.74,0.0,249094.64,3.39,0.0,0.0,0.0,236727.08,0.0,0.0,5160.46,85216.95,134692.73,0.00,259085.82,64090.92
CZ02/ESe&0&cDXHP&Ex&dxHP_equip/NE-dxHP-PkgHP-33to65-Ex-SEER15.2/instance-out.sql,1230260.04,139853.19,83445.68,197959.32,0.0,323176.74,0.0,249094.64,3.39,0.0,0.0,0.0,236727.08,0.0,0.0,5160.46,83445.68,134692.73,0.00,259085.82,64090.92
CZ02/ESe&0&cDXHP&Ex&dxHP_equip/NE-dxHP-PkgHP-33to65-Ex-SEER16.2/instance-out.sql,1229544.68,139853.19,82730.32,197959.32,0.0,323176.74,0.0,249094.64,3.39,0.0,0.0,0.0,236727.08,0.0,0.0,5160.46,82730.32,134692.73,0.00,259085.82,64090.92
CZ02/ESe&0&cDXHP&Ex&dxHP_equip/NE-dxHP-PkgHP-33to65-Ex-SEER17.1/instance-out.sql,1228972.76,139853.19,82158.4,197959.32,0.0,323176.74,0.0,249094.64,3.39,0.0,0.0,0.0,236727.08,0.0,0.0,5160.46,82158.40,134692.73,0.00,259085.82,64090.92
CZ02/ESe&0&cDXHP&Ex&dxHP_equip/NE-dxHP-PkgHP-33to65-Ex-SEER18.1/instance-out.sql,1228429.06,139853.19,81614.7,197959.32,0.0,323176.74,0.0,249094.64,3.39,0.0,0.0,0.0,236727.08,0.0,0.0,5160.46,81614.70,134692.73,0.00,259085.82,64090.92
CZ02/ESe&0&cDXHP&Ex&dxHP_equip/NE-dxHP-SplitHP-18to33-Ex-SEER14.3/instance-out.sql,1230849.33,139619.69,84268.47,197959.32,0.0,323176.74,0.0,249094.64,3.39,0.0,0.0,0.0,236727.08,0.0,0.0,4926.96,84268.47,134692.73,0.00,259085.82,64090.92
CZ02/ESe&0&cDXHP&Ex&dxHP_equip/NE-dxHP-SplitHP-18to33-Ex-SEER15.2/instance-out.sql,1230026.54,139619.69,83445.68,197959.32,0.0,323176.74,0.0,249094.64,3.39,0.0,0.0,0.0,236727.08,0.0,0.0,4926.96,83445.68,134692.73,0.00,259085.82,64090.92
CZ02/ESe&0&cDXHP&Ex&dxHP_equip/NE-dxHP-SplitHP-18to33-Ex-SEER16.2/instance-out.sql,1229311.17,139619.69,82730.32,197959.32,0.0,323176.74,0.0,249094.64,3.39,0.0,0.0,0.0,236727.08,0.0,0.0,4926.96,82730.32,134692.73,0.00,259085.82,64090.92
CZ02/ESe&0&cDXHP&Ex&dxHP_equip/NE-dxHP-SplitHP-18to33-Ex-SEER17.1/instance-out.sql,1228739.26,139619.69,82158.4,197959.32,0.0,323176.74,0.0,249094.64,3.39,0.0,0.0,0.0,236727.08,0.0,0.0,4926.96,82158.40,134692.73,0.00,259085.82,64090.92
CZ02/ESe&0&cDXHP&Ex&dxHP_equip/NE-dxHP-SplitHP-18to33-Ex-SEER18.1/instance-out.sql,1228195.56,139619.69,81614.7,197959.32,0.0,323176.74,0.0,249094.64,3.39,0.0,0.0,0.0,236727.08,0.0,0.0,4926.96,81614.70,134692.73,0.00,259085.82,64090.92
CZ02/ESe&0&cDXHP&Ex&dxHP_equip/NE-dxHP-SplitHP-33to55-Ex-SEER14.3/instance-out.sql,1230849.33,139619.69,84268.47,197959.32,0.0,323176.74,0.0,249094.64,3.39,0.0,0.0,0.0,236727.08,0.0,0.0,4926.96,84268.47,134692.73,0.00,259085.82,64090.92
CZ02/ESe&0&cDXHP&Ex&dxHP_equip/NE-dxHP-SplitHP-33to55-Ex-SEER15.2/instance-out.sql,1230026.54,139619.69,83445.68,197959.32,0.0,323176.74,0.0,249094.64,3.39,0.0,0.0,0.0,236727.08,0.0,0.0,4926.96,83445.68,134692.73,0.00,259085.82,64090.92
CZ02/ESe&0&cDXHP&Ex&dxHP_equip/NE-dxHP-SplitHP-33to55-Ex-SEER16.2/instance-out.sql,1229311.17,139619.69,82730.32,197959.32,0.0,323176.74,0.0,249094.64,3.39,0.0,0.0,0.0,236727.08,0.0,0.0,4926.96,82730.32,134692.73,0.00,259085.82,64090.92
CZ02/ESe&0&cDXHP&Ex&dxHP_equip/NE-dxHP-SplitHP-33to55-Ex-SEER17.1/instance-out.sql,1228739.26,139619.69,82158.4,197959.32,0.0,323176.74,0.0,249094.64,3.39,0.0,0.0,0.0,236727.08,0.0,0.0,4926.96,82158.40,134692.73,0.00,259085.82,64090.92
CZ02/ESe&0&cDXHP&Ex&dxHP_equip/NE-dxHP-SplitHP-33to55-Ex-SEER18.1/instance-out.sql,1228195.56,139619.69,81614.7,197959.32,0.0,323176.74,0.0,249094.64,3.39,0.0,0.0,0.0,236727.08,0.0,0.0,4926.96,81614.70,134692.73,0.00,259085.82,64090.92
CZ02/EUn&0&cDXHP&Ex&dxHP_equip/NE-dxHP-PkgHP-18to33-Ex-SEER13.4/instance-out.sql,8322813.92,82909.19,601240.03,1277404.75,0.0,3682881.23,0.0,1912328.99,3.37,0.0,0.0,0.0,766046.36,0.0,0.0,64820.75,601240.03,18088.44,0.00,3555459.15,127422.08
CZ02/EUn&0&cDXHP&Ex&dxHP_equip/NE-dxHP-PkgHP-18to33-Ex-SEER15.2/instance-out.sql,8294837.91,82909.19,573264.02,1277404.75,0.0,3682881.23,0.0,1912328.99,3.37,0.0,0.0,0.0,766046.36,0.0,0.0,64820.75,573264.02,18088.44,0.00,3555459.15,127422.08
CZ02/EUn&0&cDXHP&Ex&dxHP_equip/NE-dxHP-PkgHP-18to33-Ex-SEER16.2/instance-out.sql,8283539.21,82909.19,561965.32,1277404.75,0.0,3682881.23,0.0,1912328.99,3.37,0.0,0.0,0.0,766046.36,0.0,0.0,64820.75,561965.32,18088.44,0.00,3555459.15,127422.08
CZ02/EUn&0&cDXHP&Ex&dxHP_equip/NE-dxHP-PkgHP-18to33-Ex-SEER17.1/instance-out.sql,8274506.24,82909.19,552932.35,1277404.75,0.0,3682881.23,0.0,1912328.99,3.37,0.0,0.0,0.0,766046.36,0.0,0.0,64820.75,552932.35,18088.44,0.00,3555459.15,127422.08
CZ02/EUn&0&cDXHP&Ex&dxHP_equip/NE-dxHP-PkgHP-18to33-Ex-SEER18.1/instance-out.sql,8265918.85,82909.19,544344.96,1277404.75,0.0,3682881.23,0.0,1912328.99,3.37,0.0,0.0,0.0,766046.36,0.0,0.0,64820.75,544344.96,18088.44,0.00,3555459.15,127422.08
CZ02/EUn&0&cDXHP&Ex&dxHP_equip/NE-dxHP-PkgHP-33to65-Ex-SEER13.4/instance-out.sql,8322813.92,82909.19,601240.03,1277404.75,0.0,3682881.23,0.0,1912328.99,3.37,0.0,0.0,0.0,766046.36,0.0,0.0,64820.75,601240.03,18088.44,0.00,3555459.15,127422.08
CZ02/EUn&0&cDXHP&Ex&dxHP_equip/NE-dxHP-PkgHP-33to65-Ex-SEER15.2/instance-out.sql,8294837.91,82909.19,573264.02,1277404.75,0.0,3682881.23,0.0,1912328.99,3.37,0.0,0.0,0.0,766046.36,0.0,0.0,64820.75,573264.02,18088.44,0.00,3555459.15,127422.08
CZ02/EUn&0&cDXHP&Ex&dxHP_equip/NE-dxHP-PkgHP-33to65-Ex-SEER16.2/instance-out.sql,8283539.21,82909.19,561965.32,1277404.75,0.0,3682881.23,0.0,1912328.99,3.37,0.0,0.0,0.0,766046.36,0.0,0.0,64820.75,561965.32,18088.44,0.00,3555459.15,127422.08
CZ02/EUn&0&cDXHP&Ex&dxHP_equip/NE-dxHP-PkgHP-33to65-Ex-SEER17.1/instance-out.sql,8274506.24,82909.19,552932.35,1277404.75,0.0,3682881.23,0.0,1912328.99,3.37,0.0,0.0,0.0,766046.36,0.0,0.0,64820.75,552932.35,18088.44,0.00,3555459.15,127422.08
CZ02/EUn&0&cDXHP&Ex&dxHP_equip/NE-dxHP-PkgHP-33to65-Ex-SEER18.1/instance-out.sql,8265918.85,82909.19,544344.96,1277404.75,0.0,3682881.23,0.0,1912328.99,3.37,0.0,0.0,0.0,766046.36,0.0,0.0,64820.75,544344.96,18088.44,0.00,3555459.15,127422.08
CZ02/EUn&0&cDXHP&Ex&dxHP_equip/NE-dxHP-SplitHP-18to33-Ex-SEER14.3/instance-out.sql,8304860.25,79936.15,586259.39,1277404.75,0.0,3682881.23,0.0,1912328.99,3.37,0.0,0.0,0.0,766046.36,0.0,0.0,61847.71,586259.39,18088.44,0.00,3555459.15,127422.08
CZ02/EUn&0&cDXHP&Ex&dxHP_equip/NE-dxHP-SplitHP-18to33-Ex-SEER15.2/instance-out.sql,8291864.88,79936.15,573264.02,1277404.75,0.0,3682881.23,0.0,1912328.99,3.37,0.0,0.0,0.0,766046.36,0.0,0.0,61847.71,573264.02,18088.44,0.00,3555459.15,127422.08
CZ02/EUn&0&cDXHP&Ex&dxHP_equip/NE-dxHP-SplitHP-18to33-Ex-SEER16.2/instance-out.sql,8280566.17,79936.15,561965.32,1277404.75,0.0,3682881.23,0.0,1912328.99,3.37,0.0,0.0,0.0,766046.36,0.0,0.0,61847.71,561965.32,18088.44,0.00,3555459.15,127422.08
CZ02/EUn&0&cDXHP&Ex&dxHP_equip/NE-dxHP-SplitHP-18to33-Ex-SEER17.1/instance-out.sql,8271533.21,79936.15,552932.35,1277404.75,0.0,3682881.23,0.0,1912328.99,3.37,0.0,0.0,0.0,766046.36,0.0,0.0,61847.71,552932.35,18088.44,0.00,3555459.15,127422.08
CZ02/EUn&0&cDXHP&Ex&dxHP_equip/NE-dxHP-SplitHP-18to33-Ex-SEER18.1/instance-out.sql,8262945.81,79936.15,544344.96,1277404.75,0.0,3682881.23,0.0,1912328.99,3.37,0.0,0.0,0.0,766046.36,0.0,0.0,61847.71,544344.96,18088.44,0.00,3555459.15,127422.08
CZ02/EUn&0&cDXHP&Ex&dxHP_equip/NE-dxHP-SplitHP-33to55-Ex-SEER14.3/instance-out.sql,8304860.25,79936.15,586259.39,1277404.75,0.0,3682881.23,0.0,1912328.99,3.37,0.0,0.0,0.0,766046.36,0.0,0.0,61847.71,586259.39,18088.44,0.00,3555459.15,127422.08
CZ02/EUn&0&cDXHP&Ex&dxHP_equip/NE-dxHP-SplitHP-33to55-Ex-SEER15.2/instance-out.sql,8291864.88,79936.15,573264.02,1277404.75,0.0,3682881.23,0.0,1912328.99,3.37,0.0,0.0,0.0,766046.36,0.0,0.0,61847.71,573264.02,18088.44,0.00,3555459.15,127422.08
CZ02/EUn&0&cDXHP&Ex&dxHP_equip/NE-dxHP-SplitHP-33to55-Ex-SEER16.2/instance-out.sql,8280566.17,79936.15,561965.32,1277404.75,0.0,3682881.23,0.0,1912328.99,3.37,0.0,0.0,0.0,766046.36,0.0,0.0,61847.71,561965.32,18088.44,0.00,3555459.15,127422.08
CZ02/EUn&0&cDXHP&Ex&dxHP_equip/NE-dxHP-SplitHP-33to55-Ex-SEER17.1/instance-out.sql,8271533.21,79936.15,552932.35,1277404.75,0.0,3682881.23,0.0,1912328.99,3.37,0.0,0.0,0.0,766046.36,0.0,0.0,61847.71,552932.35,18088.44,0.00,3555459.15,127422.08
CZ02/EUn&0&cDXHP&Ex&dxHP_equip/NE-dxHP-SplitHP-33to55-Ex-SEER18.1/instance-out.sql,8262945.81,79936.15,544344.96,1277404.75,0.0,3682881.23,0.0,1912328.99,3.37,0.0,0.0,0.0,766046.36,0.0,0.0,61847.71,544344.96,18088.44,0.00,3555459.15,127422.08
CZ02/Gro&0&cDXHP&Ex&dxHP_equip/NE-dxHP-PkgHP-18to33-Ex-SEER13.4/instance-out.sql,1657375.22,39970.19,26532.38,249218.65,0.0,177584.03,0.0,143843.1,3.38,0.0,0.0,0.0,61432.08,958791.4,0.0,39970.19,26532.38,0.00,0.00,177584.03,0.00
CZ02/Gro&0&cDXHP&Ex&dxHP_equip/NE-dxHP-PkgHP-18to33-Ex-SEER15.2/instance-out.sql,1655503.11,39970.19,24660.27,249218.65,0.0,177584.03,0.0,143843.1,3.38,0.0,0.0,0.0,61432.08,958791.4,0.0,39970.19,24660.27,0.00,0.00,177584.03,0.00
CZ02/Gro&0&cDXHP&Ex&dxHP_equip/NE-dxHP-PkgHP-18to33-Ex-SEER16.2/instance-out.sql,1654747.01,39970.19,23904.17,249218.65,0.0,177584.03,0.0,143843.1,3.38,0.0,0.0,0.0,61432.08,958791.4,0.0,39970.19,23904.17,0.00,0.00,177584.03,0.00
CZ02/Gro&0&cDXHP&Ex&dxHP_equip/NE-dxHP-PkgHP-18to33-Ex-SEER17.1/instance-out.sql,1654142.54,39970.19,23299.7,249218.65,0.0,177584.03,0.0,143843.1,3.38,0.0,0.0,0.0,61432.08,958791.4,0.0,39970.19,23299.70,0.00,0.00,177584.03,0.00
CZ02/Gro&0&cDXHP&Ex&dxHP_equip/NE-dxHP-PkgHP-18to33-Ex-SEER18.1/instance-out.sql,1653567.8800000001,39970.19,22725.04,249218.65,0.0,177584.03,0.0,143843.1,3.38,0.0,0.0,0.0,61432.08,958791.4,0.0,39970.19,22725.04,0.00,0.00,177584.03,0.00
CZ02/Gro&0&cDXHP&Ex&dxHP_equip/NE-dxHP-PkgHP-33to65-Ex-SEER13.4/instance-out.sql,1657375.22,39970.19,26532.38,249218.65,0.0,177584.03,0.0,143843.1,3.38,0.0,0.0,0.0,61432.08,958791.4,0.0,39970.19,26532.38,0.00,0.00,177584.03,0.00
CZ02/Gro&0&cDXHP&Ex&dxHP_equip/NE-dxHP-PkgHP-33to65-Ex-SEER15.2/instance-out.sql,1655503.11,39970.19,24660.27,249218.65,0.0,177584.03,0.0,143843.1,3.38,0.0,0.0,0.0,61432.08,958791.4,0.0,39970.19,24660.27,0.00,0.00,177584.03,0.00
CZ02/Gro&0&cDXHP&Ex&dxHP_equip/NE-dxHP-PkgHP-33to65-Ex-SEER16.2/instance-out.sql,1654747.01,39970.19,23904.17,249218.65,0.0,177584.03,0.0,143843.1,3.38,0.0,0.0,0.0,61432.08,958791.4,0.0,39970.19,23904.17,0.00,0.00,177584.03,0.00
CZ02/Gro&0&cDXHP&Ex&dxHP_equip/NE-dxHP-PkgHP-33to65-Ex-SEER17.1/instance-out.sql,1654142.54,39970.19,23299.7,249218.65,0.0,177584.03,0.0,143843.1,3.38,0.0,0.0,0.0,61432.08,958791.4,0.0,39970.19,23299.70,0.00,0.00,177584.03,0.00
CZ02/Gro&0&cDXHP&Ex&dxHP_equip/NE-dxHP-PkgHP-33to65-Ex-SEER18.1/instance-out.sql,1653567.8800000001,39970.19,22725.04,249218.65,0.0,177584.03,0.0,143843.1,3.38,0.0,0.0,0.0,61432.08,958791.4,0.0,39970.19,22725.04,0.00,0.00,177584.03,0.00
CZ02/Gro&0&cDXHP&Ex&dxHP_equip/NE-dxHP-SplitHP-18to33-Ex-SEER14.3/instance-out.sql,1654431.84,38029.3,25529.9,249218.65,0.0,177584.03,0.0,143843.1,3.38,0.0,0.0,0.0,61432.08,958791.4,0.0,38029.30,25529.90,0.00,0.00,177584.03,0.00
CZ02/Gro&0&cDXHP&Ex&dxHP_equip/NE-dxHP-SplitHP-18to33-Ex-SEER15.2/instance-out.sql,1653562.21,38029.3,24660.27,249218.65,0.0,177584.03,0.0,143843.1,3.38,0.0,0.0,0.0,61432.08,958791.4,0.0,38029.30,24660.27,0.00,0.00,177584.03,0.00
CZ02/Gro&0&cDXHP&Ex&dxHP_equip/NE-dxHP-SplitHP-18to33-Ex-SEER16.2/instance-out.sql,1652806.12,38029.3,23904.17,249218.65,0.0,177584.03,0.0,143843.1,3.38,0.0,0.0,0.0,61432.08,958791.4,0.0,38029.30,23904.17,0.00,0.00,177584.03,0.00
CZ02/Gro&0&cDXHP&Ex&dxHP_equip/NE-dxHP-SplitHP-18to33-Ex-SEER17.1/instance-out.sql,1652201.6400000001,38029.3,23299.7,249218.65,0.0,177584.03,0.0,143843.1,3.38,0.0,0.0,0.0,61432.08,958791.4,0.0,38029.30,23299.70,0.00,0.00,177584.03,0.00
CZ02/Gro&0&cDXHP&Ex&dxHP_equip/NE-dxHP-SplitHP-18to33-Ex-SEER18.1/instance-out.sql,1651626.99,38029.3,22725.04,249218.65,0.0,177584.03,0.0,143843.1,3.38,0.0,0.0,0.0,61432.08,958791.4,0.0,38029.30,22725.04,0.00,0.00,177584.03,0.00
CZ02/Gro&0&cDXHP&Ex&dxHP_equip/NE-dxHP-SplitHP-33to55-Ex-SEER14.3/instance-out.sql,1654431.84,38029.3,25529.9,249218.65,0.0,177584.03,0.0,143843.1,3.38,0.0,0.0,0.0,61432.08,958791.4,0.0,38029.30,25529.90,0.00,0.00,177584.03,0.00
CZ02/Gro&0&cDXHP&Ex&dxHP_equip/NE-dxHP-SplitHP-33to55-Ex-SEER15.2/instance-out.sql,1653562.21,38029.3,24660.27,249218.65,0.0,177584.03,0.0,143843.1,3.38,0.0,0.0,0.0,61432.08,958791.4,0.0,38029.30,24660.27,0.00,0.00,177584.03,0.00
CZ02/Gro&0&cDXHP&Ex&dxHP_equip/NE-dxHP-SplitHP-33to55-Ex-SEER16.2/instance-out.sql,1652806.12,38029.3,23904.17,249218.65,0.0,177584.03,0.0,143843.1,3.38,0.0,0.0,0.0,61432.08,958791.4,0.0,38029.30,23904.17,0.00,0.00,177584.03,0.00
CZ02/Gro&0&cDXHP&Ex&dxHP_equip/NE-dxHP-SplitHP-33to55-Ex-SEER17.1/instance-out.sql,1652201.6400000001,38029.3,23299.7,249218.65,0.0,177584.03,0.0,143843.1,3.38,0.0,0.0,0.0,61432.08,958791.4,0.0,38029.30,23299.70,0.00,0.00,177584.03,0.00
CZ02/Gro&0&cDXHP&Ex&dxHP_equip/NE-dxHP-SplitHP-33to55-Ex-SEER18.1/instance-out.sql,1651626.99,38029.3,22725.04,249218.65,0.0,177584.03,0.0,143843.1,3.38,0.0,0.0,0.0,61432.08,958791.4,0.0,38029.30,22725.04,0.00,0.00,177584.03,0.00
CZ02/Hsp&0&cDXHP&Ex&dxHP_equip/NE-dxHP-PkgHP-18to33-Ex-SEER13.4/instance-out.sql,3657863.5599999996,281898.76,547718.32,856282.21,0.0,1182847.3,0.0,485423.25,36904.58,0.0,0.0,0.0,266789.15,0.0,0.0,9134.12,547718.32,272764.64,0.00,1139112.10,43735.20
CZ02/Hsp&0&cDXHP&Ex&dxHP_equip/NE-dxHP-PkgHP-18to33-Ex-SEER15.2/instance-out.sql,3653803.9400000004,281898.76,543658.7,856282.21,0.0,1182847.3,0.0,485423.25,36904.58,0.0,0.0,0.0,266789.15,0.0,0.0,9134.12,543658.70,272764.64,0.00,1139112.10,43735.20
CZ02/Hsp&0&cDXHP&Ex&dxHP_equip/NE-dxHP-PkgHP-18to33-Ex-SEER16.2/instance-out.sql,3652164.38,281898.76,542019.14,856282.21,0.0,1182847.3,0.0,485423.25,36904.58,0.0,0.0,0.0,266789.15,0.0,0.0,9134.12,542019.14,272764.64,0.00,1139112.10,43735.20
CZ02/Hsp&0&cDXHP&Ex&dxHP_equip/NE-dxHP-PkgHP-18to33-Ex-SEER17.1/instance-out.sql,3650853.5999999996,281898.76,540708.36,856282.21,0.0,1182847.3,0.0,485423.25,36904.58,0.0,0.0,0.0,266789.15,0.0,0.0,9134.12,540708.36,272764.64,0.00,1139112.10,43735.20
CZ02/Hsp&0&cDXHP&Ex&dxHP_equip/NE-dxHP-PkgHP-18to33-Ex-SEER18.1/instance-out.sql,3649607.4800000004,281898.76,539462.24,856282.21,0.0,1182847.3,0.0,485423.25,36904.58,0.0,0.0,0.0,266789.15,0.0,0.0,9134.12,539462.24,272764.64,0.00,1139112.10,43735.20
CZ02/Hsp&0&cDXHP&Ex&dxHP_equip/NE-dxHP-PkgHP-33to65-Ex-SEER13.4/instance-out.sql,3657863.5599999996,281898.76,547718.32,856282.21,0.0,1182847.3,0.0,485423.25,36904.58,0.0,0.0,0.0,266789.15,0.0,0.0,9134.12,547718.32,272764.64,0.00,1139112.10,43735.20
CZ02/Hsp&0&cDXHP&Ex&dxHP_equip/NE-dxHP-PkgHP-33to65-Ex-SEER15.2/instance-out.sql,3653803.9400000004,281898.76,543658.7,856282.21,0.0,1182847.3,0.0,485423.25,36904.58,0.0,0.0,0.0,266789.15,0.0,0.0,9134.12,543658.70,272764.64,0.00,1139112.10,43735.20
CZ02/Hsp&0&cDXHP&Ex&dxHP_equip/NE-dxHP-PkgHP-33to65-Ex-SEER16.2/instance-out.sql,3652164.38,281898.76,542019.14,856282.21,0.0,1182847.3,0.0,485423.25,36904.58,0.0,0.0,0.0,266789.15,0.0,0.0,9134.12,542019.14,272764.64,0.00,1139112.10,43735.20
CZ02/Hsp&0&cDXHP&Ex&dxHP_equip/NE-dxHP-PkgHP-33to65-Ex-SEER17.1/instance-out.sql,3650853.5999999996,281898.76,540708.36,856282.21,0.0,1182847.3,0.0,485423.25,36904.58,0.0,0.0,0.0,266789.15,0.0,0.0,9134.12,540708.36,272764.64,0.00,1139112.10,43735.20
CZ02/Hsp&0&cDXHP&Ex&dxHP_equip/NE-dxHP-PkgHP-33to65-Ex-SEER18.1/instance-out.sql,3649607.4800000004,281898.76,539462.24,856282.21,0.0,1182847.3,0.0,485423.25,36904.58,0.0,0.0,0.0,266789.15,0.0,0.0,9134.12,539462.24,272764.64,0.00,1139112.10,43735.20
CZ02/Hsp&0&cDXHP&Ex&dxHP_equip/NE-dxHP-SplitHP-18to33-Ex-SEER14.3/instance-out.sql,3655278.2699999996,281487.33,545544.47,856282.21,0.0,1182847.3,0.0,485423.25,36904.58,0.0,0.0,0.0,266789.15,0.0,0.0,8722.69,545544.47,272764.64,0.00,1139112.10,43735.20
CZ02/Hsp&0&cDXHP&Ex&dxHP_equip/NE-dxHP-SplitHP-18to33-Ex-SEER15.2/instance-out.sql,3653392.51,281487.33,543658.7,856282.21,0.0,1182847.3,0.0,485423.25,36904.58,0.0,0.0,0.0,266789.15,0.0,0.0,8722.69,543658.70,272764.64,0.00,1139112.10,43735.20
CZ02/Hsp&0&cDXHP&Ex&dxHP_equip/NE-dxHP-SplitHP-18to33-Ex-SEER16.2/instance-out.sql,3651752.95,281487.33,542019.14,856282.21,0.0,1182847.3,0.0,485423.25,36904.58,0.0,0.0,0.0,266789.15,0.0,0.0,8722.69,542019.14,272764.64,0.00,1139112.10,43735.20
CZ02/Hsp&0&cDXHP&Ex&dxHP_equip/NE-dxHP-SplitHP-18to33-Ex-SEER17.1/instance-out.sql,3650442.17,281487.33,540708.36,856282.21,0.0,1182847.3,0.0,485423.25,36904.58,0.0,0.0,0.0,266789.15,0.0,0.0,8722.69,540708.36,272764.64,0.00,1139112.10,43735.20
CZ02/Hsp&0&cDXHP&Ex&dxHP_equip/NE-dxHP-SplitHP-18to33-Ex-SEER18.1/instance-out.sql,3649196.05,281487.33,539462.24,856282.21,0.0,1182847.3,0.0,485423.25,36904.58,0.0,0.0,0.0,266789.15,0.0,0.0,8722.69,539462.24,272764.64,0.00,1139112.10,43735.20
CZ02/Hsp&0&cDXHP&Ex&dxHP_equip/NE-dxHP-SplitHP-33to55-Ex-SEER14.3/instance-out.sql,3655278.2699999996,281487.33,545544.47,856282.21,0.0,1182847.3,0.0,485423.25,36904.58,0.0,0.0,0.0,266789.15,0.0,0.0,8722.69,545544.47,272764.64,0.00,1139112.10,43735.20
CZ02/Hsp&0&cDXHP&Ex&dxHP_equip/NE-dxHP-SplitHP-33to55-Ex-SEER15.2/instance-out.sql,3653392.51,281487.33,543658.7,856282.21,0.0,1182847.3,0.0,485423.25,36904.58,0.0,0.0,0.0,266789.15,0.0,0.0,8722.69,543658.70,272764.64,0.00,1139112.10,43735.20
CZ02/Hsp&0&cDXHP&Ex&dxHP_equip/NE-dxHP-SplitHP-33to55-Ex-SEER16.2/instance-out.sql,3651752.95,281487.33,542019.14,856282.21,0.0,1182847.3,0.0,485423.25,36904.58,0.0,0.0,0.0,266789.15,0.0,0.0,8722.69,542019.14,272764.64,0.00,1139112.10,43735.20
CZ02/Hsp&0&cDXHP&Ex&dxHP_equip/NE-dxHP-SplitHP-33to55-Ex-SEER17.1/instance-out.sql,3650442.17,281487.33,540708.36,856282.21,0.0,1182847.3,0.0,485423.25,36904.58,0.0,0.0,0.0,266789.15,0.0,0.0,8722.69,540708.36,272764.64,0.00,1139112.10,43735.20
CZ02/Hsp&0&cDXHP&Ex&dxHP_equip/NE-dxHP-SplitHP-33to55-Ex-SEER18.1/instance-out.sql,3649196.05,281487.33,539462.24,856282.21,0.0,1182847.3,0.0,485423.25,36904.58,0.0,0.0,0.0,266789.15,0.0,0.0,8722.69,539462.24,272764.64,0.00,1139112.10,43735.20
CZ02/MBT&0&cDXHP&Ex&dxHP_equip/NE-dxHP-PkgHP-18to33-Ex-SEER13.4/instance-out.sql,6943947.92,2679346.06,197573.43,709539.71,0.0,2167645.51,0.0,1012281.69,626.86,0.0,0.0,0.0,176934.65,0.0,0.0,27775.81,197573.43,2651570.25,0.00,1394057.91,773587.60
CZ02/MBT&0&cDXHP&Ex&dxHP_equip/NE-dxHP-PkgHP-18to33-Ex-SEER15.2/instance-out.sql,6939432.08,2679346.06,193057.59,709539.71,0.0,2167645.51,0.0,1012281.69,626.86,0.0,0.0,0.0,176934.65,0.0,0.0,27775.81,193057.59,2651570.25,0.00,1394057.91,773587.60
CZ02/MBT&0&cDXHP&Ex&dxHP_equip/NE-dxHP-PkgHP-18to33-Ex-SEER16.2/instance-out.sql,6937608.26,2679346.06,191233.78,709539.71,0.0,2167645.51,0.0,1012281.69,626.86,0.0,0.0,0.0,176934.65,0.0,0.0,27775.81,191233.78,2651570.25,0.00,1394057.91,773587.60
CZ02/MBT&0&cDXHP&Ex&dxHP_equip/NE-dxHP-PkgHP-18to33-Ex-SEER17.1/instance-out.sql,6936150.18,2679346.06,189775.69,709539.71,0.0,2167645.51,0.0,1012281.69,626.86,0.0,0.0,0.0,176934.65,0.0,0.0,27775.81,189775.69,2651570.25,0.00,1394057.91,773587.60
CZ02/MBT&0&cDXHP&Ex&dxHP_equip/NE-dxHP-PkgHP-18to33-Ex-SEER18.1/instance-out.sql,6934764.02,2679346.06,188389.53,709539.71,0.0,2167645.51,0.0,1012281.69,626.86,0.0,0.0,0.0,176934.65,0.0,0.0,27775.81,188389.53,2651570.25,0.00,1394057.91,773587.60
CZ02/MBT&0&cDXHP&Ex&dxHP_equip/NE-dxHP-PkgHP-33to65-Ex-SEER13.4/instance-out.sql,6943947.92,2679346.06,197573.43,709539.71,0.0,2167645.51,0.0,1012281.69,626.86,0.0,0.0,0.0,176934.65,0.0,0.0,27775.81,197573.43,2651570.25,0.00,1394057.91,773587.60
CZ02/MBT&0&cDXHP&Ex&dxHP_equip/NE-dxHP-PkgHP-33to65-Ex-SEER15.2/instance-out.sql,6939432.08,2679346.06,193057.59,709539.71,0.0,2167645.51,0.0,1012281.69,626.86,0.0,0.0,0.0,176934.65,0.0,0.0,27775.81,193057.59,2651570.25,0.00,1394057.91,773587.60
CZ02/MBT&0&cDXHP&Ex&dxHP_equip/NE-dxHP-PkgHP-33to65-Ex-SEER16.2/instance-out.sql,6937608.26,2679346.06,191233.78,709539.71,0.0,2167645.51,0.0,1012281.69,626.86,0.0,0.0,0.0,176934.65,0.0,0.0,27775.81,191233.78,2651570.25,0.00,1394057.91,773587.60
CZ02/MBT&0&cDXHP&Ex&dxHP_equip/NE-dxHP-PkgHP-33to65-Ex-SEER17.1/instance-out.sql,6936150.18,2679346.06,189775.69,709539.71,0.0,2167645.51,0.0,1012281.69,626.86,0.0,0.0,0.0,176934.65,0.0,0.0,27775.81,189775.69,2651570.25,0.00,1394057.91,773587.60
CZ02/MBT&0&cDXHP&Ex&dxHP_equip/NE-dxHP-PkgHP-33to65-Ex-SEER18.1/instance-out.sql,6934764.02,2679346.06,188389.53,709539.71,0.0,2167645.51,0.0,1012281.69,626.86,0.0,0.0,0.0,176934.65,0.0,0.0,27775.81,188389.53,2651570.25,0.00,1394057.91,773587.60
CZ02/MBT&0&cDXHP&Ex&dxHP_equip/NE-dxHP-SplitHP-18to33-Ex-SEER14.3/instance-out.sql,6940228.640000001,2678044.93,195155.28,709539.71,0.0,2167645.51,0.0,1012281.69,626.86,0.0,0.0,0.0,176934.65,0.0,0.0,26474.68,195155.28,2651570.25,0.00,1394057.91,773587.60
CZ02/MBT&0&cDXHP&Ex&dxHP_equip/NE-dxHP-SplitHP-18to33-Ex-SEER15.2/instance-out.sql,6938130.95,2678044.93,193057.59,709539.71,0.0,2167645.51,0.0,1012281.69,626.86,0.0,0.0,0.0,176934.65,0.0,0.0,26474.68,193057.59,2651570.25,0.00,1394057.91,773587.60
CZ02/MBT&0&cDXHP&Ex&dxHP_equip/NE-dxHP-SplitHP-18to33-Ex-SEER16.2/instance-out.sql,6936307.13,2678044.93,191233.78,709539.71,0.0,2167645.51,0.0,1012281.69,626.86,0.0,0.0,0.0,176934.65,0.0,0.0,26474.68,191233.78,2651570.25,0.00,1394057.91,773587.60
CZ02/MBT&0&cDXHP&Ex&dxHP_equip/NE-dxHP-SplitHP-18to33-Ex-SEER17.1/instance-out.sql,6934849.05,2678044.93,189775.69,709539.71,0.0,2167645.51,0.0,1012281.69,626.86,0.0,0.0,0.0,176934.65,0.0,0.0,26474.68,189775.69,2651570.25,0.00,1394057.91,773587.60
CZ02/MBT&0&cDXHP&Ex&dxHP_equip/NE-dxHP-SplitHP-18to33-Ex-SEER18.1/instance-out.sql,6933462.890000001,2678044.93,188389.53,709539.71,0.0,2167645.51,0.0,1012281.69,626.86,0.0,0.0,0.0,176934.65,0.0,0.0,26474.68,188389.53,2651570.25,0.00,1394057.91,773587.60
CZ02/MBT&0&cDXHP&Ex&dxHP_equip/NE-dxHP-SplitHP-33to55-Ex-SEER14.3/instance-out.sql,6940228.640000001,2678044.93,195155.28,709539.71,0.0,2167645.51,0.0,1012281.69,626.86,0.0,0.0,0.0,176934.65,0.0,0.0,26474.68,195155.28,2651570.25,0.00,1394057.91,773587.60
CZ02/MBT&0&cDXHP&Ex&dxHP_equip/NE-dxHP-SplitHP-33to55-Ex-SEER15.2/instance-out.sql,6938130.95,2678044.93,193057.59,709539.71,0.0,2167645.51,0.0,1012281.69,626.86,0.0,0.0,0.0,176934.65,0.0,0.0,26474.68,193057.59,2651570.25,0.00,1394057.91,773587.60
CZ02/MBT&0&cDXHP&Ex&dxHP_equip/NE-dxHP-SplitHP-33to55-Ex-SEER16.2/instance-out.sql,6936307.13,2678044.93,191233.78,709539.71,0.0,2167645.51,0.0,1012281.69,626.86,0.0,0.0,0.0,176934.65,0.0,0.0,26474.68,191233.78,2651570.25,0.00,1394057.91,773587.60
CZ02/MBT&0&cDXHP&Ex&dxHP_equip/NE-dxHP-SplitHP-33to55-Ex-SEER17.1/instance-out.sql,6934849.05,2678044.93,189775.69,709539.71,0.0,2167645.51,0.0,1012281.69,626.86,0.0,0.0,0.0,176934.65,0.0,0.0,26474.68,189775.69,2651570.25,0.00,1394057.91,773587.60
CZ02/MBT&0&cDXHP&Ex&dxHP_equip/NE-dxHP-SplitHP-33to55-Ex-SEER18.1/instance-out.sql,6933462.890000001,2678044.93,188389.53,709539.71,0.0,2167645.51,0.0,1012281.69,626.86,0.0,0.0,0.0,176934.65,0.0,0.0,26474.68,188389.53,2651570.25,0.00,1394057.91,773587.60
CZ02/MLI&0&cDXHP&Ex&dxHP_equip/NE-dxHP-PkgHP-18to33-Ex-SEER13.4/instance-out.sql,990746.02,39570.96,62860.71,283149.19,0.0,239893.0,0.0,316004.42,3.37,0.0,0.0,0.0,49264.37,0.0,0.0,39570.96,62860.71,0.00,0.00,239893.00,0.00
CZ02/MLI&0&cDXHP&Ex&dxHP_equip/NE-dxHP-PkgHP-18to33-Ex-SEER15.2/instance-out.sql,986310.6,39570.96,58425.28,283149.19,0.0,239893.0,0.0,316004.42,3.37,0.0,0.0,0.0,49264.37,0.0,0.0,39570.96,58425.28,0.00,0.00,239893.00,0.00
CZ02/MLI&0&cDXHP&Ex&dxHP_equip/NE-dxHP-PkgHP-18to33-Ex-SEER16.2/instance-out.sql,984519.25,39570.96,56633.94,283149.19,0.0,239893.0,0.0,316004.42,3.37,0.0,0.0,0.0,49264.37,0.0,0.0,39570.96,56633.94,0.00,0.00,239893.00,0.00
CZ02/MLI&0&cDXHP&Ex&dxHP_equip/NE-dxHP-PkgHP-18to33-Ex-SEER17.1/instance-out.sql,983087.13,39570.96,55201.82,283149.19,0.0,239893.0,0.0,316004.42,3.37,0.0,0.0,0.0,49264.37,0.0,0.0,39570.96,55201.82,0.00,0.00,239893.00,0.00
CZ02/MLI&0&cDXHP&Ex&dxHP_equip/NE-dxHP-PkgHP-18to33-Ex-SEER18.1/instance-out.sql,981725.65,39570.96,53840.34,283149.19,0.0,239893.0,0.0,316004.42,3.37,0.0,0.0,0.0,49264.37,0.0,0.0,39570.96,53840.34,0.00,0.00,239893.00,0.00
CZ02/MLI&0&cDXHP&Ex&dxHP_equip/NE-dxHP-PkgHP-33to65-Ex-SEER13.4/instance-out.sql,990746.02,39570.96,62860.71,283149.19,0.0,239893.0,0.0,316004.42,3.37,0.0,0.0,0.0,49264.37,0.0,0.0,39570.96,62860.71,0.00,0.00,239893.00,0.00
CZ02/MLI&0&cDXHP&Ex&dxHP_equip/NE-dxHP-PkgHP-33to65-Ex-SEER15.2/instance-out.sql,986310.6,39570.96,58425.28,283149.19,0.0,239893.0,0.0,316004.42,3.37,0.0,0.0,0.0,49264.37,0.0,0.0,39570.96,58425.28,0.00,0.00,239893.00,0.00
CZ02/MLI&0&cDXHP&Ex&dxHP_equip/NE-dxHP-PkgHP-33to65-Ex-SEER16.2/instance-out.sql,984519.25,39570.96,56633.94,283149.19,0.0,239893.0,0.0,316004.42,3.37,0.0,0.0,0.0,49264.37,0.0,0.0,39570.96,56633.94,0.00,0.00,239893.00,0.00
CZ02/MLI&0&cDXHP&Ex&dxHP_equip/NE-dxHP-PkgHP-33to65-Ex-SEER17.1/instance-out.sql,983087.13,39570.96,55201.82,283149.19,0.0,239893.0,0.0,316004.42,3.37,0.0,0.0,0.0,49264.37,0.0,0.0,39570.96,55201.82,0.00,0.00,239893.00,0.00
CZ02/MLI&0&cDXHP&Ex&dxHP_equip/NE-dxHP-PkgHP-33to65-Ex-SEER18.1/instance-out.sql,981725.65,39570.96,53840.34,283149.19,0.0,239893.0,0.0,316004.42,3.37,0.0,0.0,0.0,49264.37,0.0,0.0,39570.96,53840.34,0.00,0.00,239893.00,0.00
CZ02/MLI&0&cDXHP&Ex&dxHP_equip/NE-dxHP-SplitHP-18to33-Ex-SEER14.3/instance-out.sql,986532.0599999999,37732.08,60485.62,283149.19,0.0,239893.0,0.0,316004.42,3.37,0.0,0.0,0.0,49264.37,0.0,0.0,37732.08,60485.62,0.00,0.00,239893.00,0.00
CZ02/MLI&0&cDXHP&Ex&dxHP_equip/NE-dxHP-SplitHP-18to33-Ex-SEER15.2/instance-out.sql,984471.72,37732.08,58425.28,283149.19,0.0,239893.0,0.0,316004.42,3.37,0.0,0.0,0.0,49264.37,0.0,0.0,37732.08,58425.28,0.00,0.00,239893.00,0.00
CZ02/MLI&0&cDXHP&Ex&dxHP_equip/NE-dxHP-SplitHP-18to33-Ex-SEER16.2/instance-out.sql,982680.38,37732.08,56633.94,283149.19,0.0,239893.0,0.0,316004.42,3.37,0.0,0.0,0.0,49264.37,0.0,0.0,37732.08,56633.94,0.00,0.00,239893.00,0.00
CZ02/MLI&0&cDXHP&Ex&dxHP_equip/NE-dxHP-SplitHP-18to33-Ex-SEER17.1/instance-out.sql,981248.26,37732.08,55201.82,283149.19,0.0,239893.0,0.0,316004.42,3.37,0.0,0.0,0.0,49264.37,0.0,0.0,37732.08,55201.82,0.00,0.00,239893.00,0.00
CZ02/MLI&0&cDXHP&Ex&dxHP_equip/NE-dxHP-SplitHP-18to33-Ex-SEER18.1/instance-out.sql,979886.78,37732.08,53840.34,283149.19,0.0,239893.0,0.0,316004.42,3.37,0.0,0.0,0.0,49264.37,0.0,0.0,37732.08,53840.34,0.00,0.00,239893.00,0.00
CZ02/MLI&0&cDXHP&Ex&dxHP_equip/NE-dxHP-SplitHP-33to55-Ex-SEER14.3/instance-out.sql,986532.0599999999,37732.08,60485.62,283149.19,0.0,239893.0,0.0,316004.42,3.37,0.0,0.0,0.0,49264.37,0.0,0.0,37732.08,60485.62,0.00,0.00,239893.00,0.00
CZ02/MLI&0&cDXHP&Ex&dxHP_equip/NE-dxHP-SplitHP-33to55-Ex-SEER15.2/instance-out.sql,984471.72,37732.08,58425.28,283149.19,0.0,239893.0,0.0,316004.42,3.37,0.0,0.0,0.0,49264.37,0.0,0.0,37732.08,58425.28,0.00,0.00,239893.00,0.00
CZ02/MLI&0&cDXHP&Ex&dxHP_equip/NE-dxHP-SplitHP-33to55-Ex-SEER16.2/instance-out.sql,982680.38,37732.08,56633.94,283149.19,0.0,239893.0,0.0,316004.42,3.37,0.0,0.0,0.0,49264.37,0.0,0.0,37732.08,56633.94,0.00,0.00,239893.00,0.00
CZ02/MLI&0&cDXHP&Ex&dxHP_equip/NE-dxHP-SplitHP-33to55-Ex-SEER17.1/instance-out.sql,981248.26,37732.08,55201.82,283149.19,0.0,239893.0,0.0,316004.42,3.37,0.0,0.0,0.0,49264.37,0.0,0.0,37732.08,55201.82,0.00,0.00,239893.00,0.00
CZ02/MLI&0&cDXHP&Ex&dxHP_equip/NE-dxHP-SplitHP-33to55-Ex-SEER18.1/instance-out.sql,979886.78,37732.08,53840.34,283149.19,0.0,239893.0,0.0,316004.42,3.37,0.0,0.0,0.0,49264.37,0.0,0.0,37732.08,53840.34,0.00,0.00,239893.00,0.00
CZ02/Mtl&0&cDXHP&Ex&dxHP_equip/NE-dxHP-PkgHP-18to33-Ex-SEER13.4/instance-out.sql,164138.36000000002,6349.07,18584.08,51285.47,0.0,22443.33,0.0,57703.84,3.36,0.0,0.0,0.0,7769.22,0.0,0.0,5926.53,18584.08,422.54,0.00,22191.36,251.97
CZ02/Mtl&0&cDXHP&Ex&dxHP_equip/NE-dxHP-PkgHP-18to33-Ex-SEER15.2/instance-out.sql,163121.95,6349.07,17567.66,51285.47,0.0,22443.33,0.0,57703.84,3.36,0.0,0.0,0.0,7769.22,0.0,0.0,5926.53,17567.66,422.54,0.00,22191.36,251.97
CZ02/Mtl&0&cDXHP&Ex&dxHP_equip/NE-dxHP-PkgHP-18to33-Ex-SEER16.2/instance-out.sql,162711.44,6349.07,17157.15,51285.47,0.0,22443.33,0.0,57703.84,3.36,0.0,0.0,0.0,7769.22,0.0,0.0,5926.53,17157.15,422.54,0.00,22191.36,251.97
CZ02/Mtl&0&cDXHP&Ex&dxHP_equip/NE-dxHP-PkgHP-18to33-Ex-SEER17.1/instance-out.sql,162383.26,6349.07,16828.97,51285.47,0.0,22443.33,0.0,57703.84,3.36,0.0,0.0,0.0,7769.22,0.0,0.0,5926.53,16828.97,422.54,0.00,22191.36,251.97
CZ02/Mtl&0&cDXHP&Ex&dxHP_equip/NE-dxHP-PkgHP-18to33-Ex-SEER18.1/instance-out.sql,162071.26,6349.07,16516.97,51285.47,0.0,22443.33,0.0,57703.84,3.36,0.0,0.0,0.0,7769.22,0.0,0.0,5926.53,16516.97,422.54,0.00,22191.36,251.97
CZ02/Mtl&0&cDXHP&Ex&dxHP_equip/NE-dxHP-PkgHP-33to65-Ex-SEER13.4/instance-out.sql,164138.36000000002,6349.07,18584.08,51285.47,0.0,22443.33,0.0,57703.84,3.36,0.0,0.0,0.0,7769.22,0.0,0.0,5926.53,18584.08,422.54,0.00,22191.36,251.97
CZ02/Mtl&0&cDXHP&Ex&dxHP_equip/NE-dxHP-PkgHP-33to65-Ex-SEER15.2/instance-out.sql,163121.95,6349.07,17567.66,51285.47,0.0,22443.33,0.0,57703.84,3.36,0.0,0.0,0.0,7769.22,0.0,0.0,5926.53,17567.66,422.54,0.00,22191.36,251.97
CZ02/Mtl&0&cDXHP&Ex&dxHP_equip/NE-dxHP-PkgHP-33to65-Ex-SEER16.2/instance-out.sql,162711.44,6349.07,17157.15,51285.47,0.0,22443.33,0.0,57703.84,3.36,0.0,0.0,0.0,7769.22,0.0,0.0,5926.53,17157.15,422.54,0.00,22191.36,251.97
CZ02/Mtl&0&cDXHP&Ex&dxHP_equip/NE-dxHP-PkgHP-33to65-Ex-SEER17.1/instance-out.sql,162383.26,6349.07,16828.97,51285.47,0.0,22443.33,0.0,57703.84,3.36,0.0,0.0,0.0,7769.22,0.0,0.0,5926.53,16828.97,422.54,0.00,22191.36,251.97
CZ02/Mtl&0&cDXHP&Ex&dxHP_equip/NE-dxHP-PkgHP-33to65-Ex-SEER18.1/instance-out.sql,162071.26,6349.07,16516.97,51285.47,0.0,22443.33,0.0,57703.84,3.36,0.0,0.0,0.0,7769.22,0.0,0.0,5926.53,16516.97,422.54,0.00,22191.36,251.97
CZ02/Mtl&0&cDXHP&Ex&dxHP_equip/NE-dxHP-SplitHP-18to33-Ex-SEER14.3/instance-out.sql,163327.18000000002,6082.16,18039.8,51285.47,0.0,22443.33,0.0,57703.84,3.36,0.0,0.0,0.0,7769.22,0.0,0.0,5659.62,18039.80,422.54,0.00,22191.36,251.97
CZ02/Mtl&0&cDXHP&Ex&dxHP_equip/NE-dxHP-SplitHP-18to33-Ex-SEER15.2/instance-out.sql,162855.04,6082.16,17567.66,51285.47,0.0,22443.33,0.0,57703.84,3.36,0.0,0.0,0.0,7769.22,0.0,0.0,5659.62,17567.66,422.54,0.00,22191.36,251.97
CZ02/Mtl&0&cDXHP&Ex&dxHP_equip/NE-dxHP-SplitHP-18to33-Ex-SEER16.2/instance-out.sql,162444.54,6082.16,17157.15,51285.47,0.0,22443.33,0.0,57703.84,3.36,0.0,0.0,0.0,7769.22,0.0,0.0,5659.62,17157.15,422.54,0.00,22191.36,251.97
CZ02/Mtl&0&cDXHP&Ex&dxHP_equip/NE-dxHP-SplitHP-18to33-Ex-SEER17.1/instance-out.sql,162116.35,6082.16,16828.97,51285.47,0.0,22443.33,0.0,57703.84,3.36,0.0,0.0,0.0,7769.22,0.0,0.0,5659.62,16828.97,422.54,0.00,22191.36,251.97
CZ02/Mtl&0&cDXHP&Ex&dxHP_equip/NE-dxHP-SplitHP-18to33-Ex-SEER18.1/instance-out.sql,161804.36000000002,6082.16,16516.97,51285.47,0.0,22443.33,0.0,57703.84,3.36,0.0,0.0,0.0,7769.22,0.0,0.0,5659.62,16516.97,422.54,0.00,22191.36,251.97
CZ02/Mtl&0&cDXHP&Ex&dxHP_equip/NE-dxHP-SplitHP-33to55-Ex-SEER14.3/instance-out.sql,163327.18000000002,6082.16,18039.8,51285.47,0.0,22443.33,0.0,57703.84,3.36,0.0,0.0,0.0,7769.22,0.0,0.0,5659.62,18039.80,422.54,0.00,22191.36,251.97
CZ02/Mtl&0&cDXHP&Ex&dxHP_equip/NE-dxHP-SplitHP-33to55-Ex-SEER15.2/instance-out.sql,162855.04,6082.16,17567.66,51285.47,0.0,22443.33,0.0,57703.84,3.36,0.0,0.0,0.0,7769.22,0.0,0.0,5659.62,17567.66,422.54,0.00,22191.36,251.97
CZ02/Mtl&0&cDXHP&Ex&dxHP_equip/NE-dxHP-SplitHP-33to55-Ex-SEER16.2/instance-out.sql,162444.54,6082.16,17157.15,51285.47,0.0,22443.33,0.0,57703.84,3.36,0.0,0.0,0.0,7769.22,0.0,0.0,5659.62,17157.15,422.54,0.00,22191.36,251.97
CZ02/Mtl&0&cDXHP&Ex&dxHP_equip/NE-dxHP-SplitHP-33to55-Ex-SEER17.1/instance-out.sql,162116.35,6082.16,16828.97,51285.47,0.0,22443.33,0.0,57703.84,3.36,0.0,0.0,0.0,7769.22,0.0,0.0,5659.62,16828.97,422.54,0.00,22191.36,251.97
CZ02/Mtl&0&cDXHP&Ex&dxHP_equip/NE-dxHP-SplitHP-33to55-Ex-SEER18.1/instance-out.sql,161804.36000000002,6082.16,16516.97,51285.47,0.0,22443.33,0.0,57703.84,3.36,0.0,0.0,0.0,7769.22,0.0,0.0,5659.62,16516.97,422.54,0.00,22191.36,251.97
CZ02/Nrs&0&cDXHP&Ex&dxHP_equip/NE-dxHP-PkgHP-18to33-Ex-SEER13.4/instance-out.sql,953528.36,53485.909999999996,76235.24,200868.06,0.0,347425.87,0.0,155837.29,30.23,0.0,0.0,0.0,119645.75,0.0,0.0,6730.46,76235.24,46755.45,0.00,281574.59,65851.28
CZ02/Nrs&0&cDXHP&Ex&dxHP_equip/NE-dxHP-PkgHP-18to33-Ex-SEER15.2/instance-out.sql,951765.9299999999,53485.909999999996,74472.82,200868.06,0.0,347425.87,0.0,155837.29,30.23,0.0,0.0,0.0,119645.75,0.0,0.0,6730.46,74472.82,46755.45,0.00,281574.59,65851.28
CZ02/Nrs&0&cDXHP&Ex&dxHP_equip/NE-dxHP-PkgHP-18to33-Ex-SEER16.2/instance-out.sql,951054.14,53485.909999999996,73761.02,200868.06,0.0,347425.87,0.0,155837.29,30.23,0.0,0.0,0.0,119645.75,0.0,0.0,6730.46,73761.02,46755.45,0.00,281574.59,65851.28
CZ02/Nrs&0&cDXHP&Ex&dxHP_equip/NE-dxHP-PkgHP-18to33-Ex-SEER17.1/instance-out.sql,950485.08,53485.909999999996,73191.97,200868.06,0.0,347425.87,0.0,155837.29,30.23,0.0,0.0,0.0,119645.75,0.0,0.0,6730.46,73191.97,46755.45,0.00,281574.59,65851.28
CZ02/Nrs&0&cDXHP&Ex&dxHP_equip/NE-dxHP-PkgHP-18to33-Ex-SEER18.1/instance-out.sql,949944.09,53485.909999999996,72650.98,200868.06,0.0,347425.87,0.0,155837.29,30.23,0.0,0.0,0.0,119645.75,0.0,0.0,6730.46,72650.98,46755.45,0.00,281574.59,65851.28
CZ02/Nrs&0&cDXHP&Ex&dxHP_equip/NE-dxHP-PkgHP-33to65-Ex-SEER13.4/instance-out.sql,953528.36,53485.909999999996,76235.24,200868.06,0.0,347425.87,0.0,155837.29,30.23,0.0,0.0,0.0,119645.75,0.0,0.0,6730.46,76235.24,46755.45,0.00,281574.59,65851.28
CZ02/Nrs&0&cDXHP&Ex&dxHP_equip/NE-dxHP-PkgHP-33to65-Ex-SEER15.2/instance-out.sql,951765.9299999999,53485.909999999996,74472.82,200868.06,0.0,347425.87,0.0,155837.29,30.23,0.0,0.0,0.0,119645.75,0.0,0.0,6730.46,74472.82,46755.45,0.00,281574.59,65851.28
CZ02/Nrs&0&cDXHP&Ex&dxHP_equip/NE-dxHP-PkgHP-33to65-Ex-SEER16.2/instance-out.sql,951054.14,53485.909999999996,73761.02,200868.06,0.0,347425.87,0.0,155837.29,30.23,0.0,0.0,0.0,119645.75,0.0,0.0,6730.46,73761.02,46755.45,0.00,281574.59,65851.28
CZ02/Nrs&0&cDXHP&Ex&dxHP_equip/NE-dxHP-PkgHP-33to65-Ex-SEER17.1/instance-out.sql,950485.08,53485.909999999996,73191.97,200868.06,0.0,347425.87,0.0,155837.29,30.23,0.0,0.0,0.0,119645.75,0.0,0.0,6730.46,73191.97,46755.45,0.00,281574.59,65851.28
CZ02/Nrs&0&cDXHP&Ex&dxHP_equip/NE-dxHP-PkgHP-33to65-Ex-SEER18.1/instance-out.sql,949944.09,53485.909999999996,72650.98,200868.06,0.0,347425.87,0.0,155837.29,30.23,0.0,0.0,0.0,119645.75,0.0,0.0,6730.46,72650.98,46755.45,0.00,281574.59,65851.28
CZ02/Nrs&0&cDXHP&Ex&dxHP_equip/NE-dxHP-SplitHP-18to33-Ex-SEER14.3/instance-out.sql,952277.6699999999,53178.97,75291.5,200868.06,0.0,347425.87,0.0,155837.29,30.23,0.0,0.0,0.0,119645.75,0.0,0.0,6423.52,75291.50,46755.45,0.00,281574.59,65851.28
CZ02/Nrs&0&cDXHP&Ex&dxHP_equip/NE-dxHP-SplitHP-18to33-Ex-SEER15.2/instance-out.sql,951458.99,53178.97,74472.82,200868.06,0.0,347425.87,0.0,155837.29,30.23,0.0,0.0,0.0,119645.75,0.0,0.0,6423.52,74472.82,46755.45,0.00,281574.59,65851.28
CZ02/Nrs&0&cDXHP&Ex&dxHP_equip/NE-dxHP-SplitHP-18to33-Ex-SEER16.2/instance-out.sql,950747.2,53178.97,73761.02,200868.06,0.0,347425.87,0.0,155837.29,30.23,0.0,0.0,0.0,119645.75,0.0,0.0,6423.52,73761.02,46755.45,0.00,281574.59,65851.28
CZ02/Nrs&0&cDXHP&Ex&dxHP_equip/NE-dxHP-SplitHP-18to33-Ex-SEER17.1/instance-out.sql,950178.14,53178.97,73191.97,200868.06,0.0,347425.87,0.0,155837.29,30.23,0.0,0.0,0.0,119645.75,0.0,0.0,6423.52,73191.97,46755.45,0.00,281574.59,65851.28
CZ02/Nrs&0&cDXHP&Ex&dxHP_equip/NE-dxHP-SplitHP-18to33-Ex-SEER18.1/instance-out.sql,949637.15,53178.97,72650.98,200868.06,0.0,347425.87,0.0,155837.29,30.23,0.0,0.0,0.0,119645.75,0.0,0.0,6423.52,72650.98,46755.45,0.00,281574.59,65851.28
CZ02/Nrs&0&cDXHP&Ex&dxHP_equip/NE-dxHP-SplitHP-33to55-Ex-SEER14.3/instance-out.sql,952277.6699999999,53178.97,75291.5,200868.06,0.0,347425.87,0.0,155837.29,30.23,0.0,0.0,0.0,119645.75,0.0,0.0,6423.52,75291.50,46755.45,0.00,281574.59,65851.28
CZ02/Nrs&0&cDXHP&Ex&dxHP_equip/NE-dxHP-SplitHP-33to55-Ex-SEER15.2/instance-out.sql,951458.99,53178.97,74472.82,200868.06,0.0,347425.87,0.0,155837.29,30.23,0.0,0.0,0.0,119645.75,0.0,0.0,6423.52,74472.82,46755.45,0.00,281574.59,65851.28
CZ02/Nrs&0&cDXHP&Ex&dxHP_equip/NE-dxHP-SplitHP-33to55-Ex-SEER16.2/instance-out.sql,950747.2,53178.97,73761.02,200868.06,0.0,347425.87,0.0,155837.29,30.23,0.0,0.0,0.0,119645.75,0.0,0.0,6423.52,73761.02,46755.45,0.00,281574.59,65851.28
CZ02/Nrs&0&cDXHP&Ex&dxHP_equip/NE-dxHP-SplitHP-33to55-Ex-SEER17.1/instance-out.sql,950178.14,53178.97,73191.97,200868.06,0.0,347425.87,0.0,155837.29,30.23,0.0,0.0,0.0,119645.75,0.0,0.0,6423.52,73191.97,46755.45,0.00,281574.59,65851.28
CZ02/Nrs&0&cDXHP&Ex&dxHP_equip/NE-dxHP-SplitHP-33to55-Ex-SEER18.1/instance-out.sql,949637.15,53178.97,72650.98,200868.06,0.0,347425.87,0.0,155837.29,30.23,0.0,0.0,0.0,119645.75,0.0,0.0,6423.52,72650.98,46755.45,0.00,281574.59,65851.28
CZ02/OfL&0&cDXHP&Ex&dxHP_equip/NE-dxHP-PkgHP-18to33-Ex-SEER13.4/instance-out.sql,2604515.48,45981.09,257135.88,462712.61,0.0,829334.66,0.0,884855.05,2789.69,0.0,0.0,0.0,121706.5,0.0,0.0,14264.41,257135.88,31716.68,0.00,829334.66,0.00
CZ02/OfL&0&cDXHP&Ex&dxHP_equip/NE-dxHP-PkgHP-18to33-Ex-SEER15.2/instance-out.sql,2591929.5300000003,45981.09,244549.93,462712.61,0.0,829334.66,0.0,884855.05,2789.69,0.0,0.0,0.0,121706.5,0.0,0.0,14264.41,244549.93,31716.68,0.00,829334.66,0.00
CZ02/OfL&0&cDXHP&Ex&dxHP_equip/NE-dxHP-PkgHP-18to33-Ex-SEER16.2/instance-out.sql,2586846.43,45981.09,239466.82,462712.61,0.0,829334.66,0.0,884855.05,2789.69,0.0,0.0,0.0,121706.5,0.0,0.0,14264.41,239466.82,31716.68,0.00,829334.66,0.00
CZ02/OfL&0&cDXHP&Ex&dxHP_equip/NE-dxHP-PkgHP-18to33-Ex-SEER17.1/instance-out.sql,2582782.64,45981.09,235403.04,462712.61,0.0,829334.66,0.0,884855.05,2789.69,0.0,0.0,0.0,121706.5,0.0,0.0,14264.41,235403.04,31716.68,0.00,829334.66,0.00
CZ02/OfL&0&cDXHP&Ex&dxHP_equip/NE-dxHP-PkgHP-18to33-Ex-SEER18.1/instance-out.sql,2578919.31,45981.09,231539.71,462712.61,0.0,829334.66,0.0,884855.05,2789.69,0.0,0.0,0.0,121706.5,0.0,0.0,14264.41,231539.71,31716.68,0.00,829334.66,0.00
CZ02/OfL&0&cDXHP&Ex&dxHP_equip/NE-dxHP-PkgHP-33to65-Ex-SEER13.4/instance-out.sql,2604515.48,45981.09,257135.88,462712.61,0.0,829334.66,0.0,884855.05,2789.69,0.0,0.0,0.0,121706.5,0.0,0.0,14264.41,257135.88,31716.68,0.00,829334.66,0.00
CZ02/OfL&0&cDXHP&Ex&dxHP_equip/NE-dxHP-PkgHP-33to65-Ex-SEER15.2/instance-out.sql,2591929.5300000003,45981.09,244549.93,462712.61,0.0,829334.66,0.0,884855.05,2789.69,0.0,0.0,0.0,121706.5,0.0,0.0,14264.41,244549.93,31716.68,0.00,829334.66,0.00
CZ02/OfL&0&cDXHP&Ex&dxHP_equip/NE-dxHP-PkgHP-33to65-Ex-SEER16.2/instance-out.sql,2586846.43,45981.09,239466.82,462712.61,0.0,829334.66,0.0,884855.05,2789.69,0.0,0.0,0.0,121706.5,0.0,0.0,14264.41,239466.82,31716.68,0.00,829334.66,0.00
CZ02/OfL&0&cDXHP&Ex&dxHP_equip/NE-dxHP-PkgHP-33to65-Ex-SEER17.1/instance-out.sql,2582782.64,45981.09,235403.04,462712.61,0.0,829334.66,0.0,884855.05,2789.69,0.0,0.0,0.0,121706.5,0.0,0.0,14264.41,235403.04,31716.68,0.00,829334.66,0.00
CZ02/OfL&0&cDXHP&Ex&dxHP_equip/NE-dxHP-PkgHP-33to65-Ex-SEER18.1/instance-out.sql,2578919.31,45981.09,231539.71,462712.61,0.0,829334.66,0.0,884855.05,2789.69,0.0,0.0,0.0,121706.5,0.0,0.0,14264.41,231539.71,31716.68,0.00,829334.66,0.00
CZ02/OfL&0&cDXHP&Ex&dxHP_equip/NE-dxHP-SplitHP-18to33-Ex-SEER14.3/instance-out.sql,2597138.81,45343.97,250396.33,462712.61,0.0,829334.66,0.0,884855.05,2789.69,0.0,0.0,0.0,121706.5,0.0,0.0,13627.29,250396.33,31716.68,0.00,829334.66,0.00
CZ02/OfL&0&cDXHP&Ex&dxHP_equip/NE-dxHP-SplitHP-18to33-Ex-SEER15.2/instance-out.sql,2591292.41,45343.97,244549.93,462712.61,0.0,829334.66,0.0,884855.05,2789.69,0.0,0.0,0.0,121706.5,0.0,0.0,13627.29,244549.93,31716.68,0.00,829334.66,0.00
CZ02/OfL&0&cDXHP&Ex&dxHP_equip/NE-dxHP-SplitHP-18to33-Ex-SEER16.2/instance-out.sql,2586209.3000000003,45343.97,239466.82,462712.61,0.0,829334.66,0.0,884855.05,2789.69,0.0,0.0,0.0,121706.5,0.0,0.0,13627.29,239466.82,31716.68,0.00,829334.66,0.00
CZ02/OfL&0&cDXHP&Ex&dxHP_equip/NE-dxHP-SplitHP-18to33-Ex-SEER17.1/instance-out.sql,2582145.52,45343.97,235403.04,462712.61,0.0,829334.66,0.0,884855.05,2789.69,0.0,0.0,0.0,121706.5,0.0,0.0,13627.29,235403.04,31716.68,0.00,829334.66,0.00
CZ02/OfL&0&cDXHP&Ex&dxHP_equip/NE-dxHP-SplitHP-18to33-Ex-SEER18.1/instance-out.sql,2578282.19,45343.97,231539.71,462712.61,0.0,829334.66,0.0,884855.05,2789.69,0.0,0.0,0.0,121706.5,0.0,0.0,13627.29,231539.71,31716.68,0.00,829334.66,0.00
CZ02/OfL&0&cDXHP&Ex&dxHP_equip/NE-dxHP-SplitHP-33to55-Ex-SEER14.3/instance-out.sql,2597138.81,45343.97,250396.33,462712.61,0.0,829334.66,0.0,884855.05,2789.69,0.0,0.0,0.0,121706.5,0.0,0.0,13627.29,250396.33,31716.68,0.00,829334.66,0.00
CZ02/OfL&0&cDXHP&Ex&dxHP_equip/NE-dxHP-SplitHP-33to55-Ex-SEER15.2/instance-out.sql,2591292.41,45343.97,244549.93,462712.61,0.0,829334.66,0.0,884855.05,2789.69,0.0,0.0,0.0,121706.5,0.0,0.0,13627.29,244549.93,31716.68,0.00,829334.66,0.00
CZ02/OfL&0&cDXHP&Ex&dxHP_equip/NE-dxHP-SplitHP-33to55-Ex-SEER16.2/instance-out.sql,2586209.3000000003,45343.97,239466.82,462712.61,0.0,829334.66,0.0,884855.05,2789.69,0.0,0.0,0.0,121706.5,0.0,0.0,13627.29,239466.82,31716.68,0.00,829334.66,0.00
CZ02/OfL&0&cDXHP&Ex&dxHP_equip/NE-dxHP-SplitHP-33to55-Ex-SEER17.1/instance-out.sql,2582145.52,45343.97,235403.04,462712.61,0.0,829334.66,0.0,884855.05,2789.69,0.0,0.0,0.0,121706.5,0.0,0.0,13627.29,235403.04,31716.68,0.00,829334.66,0.00
CZ02/OfL&0&cDXHP&Ex&dxHP_equip/NE-dxHP-SplitHP-33to55-Ex-SEER18.1/instance-out.sql,2578282.19,45343.97,231539.71,462712.61,0.0,829334.66,0.0,884855.05,2789.69,0.0,0.0,0.0,121706.5,0.0,0.0,13627.29,231539.71,31716.68,0.00,829334.66,0.00
CZ02/OfS&0&cDXHP&Ex&dxHP_equip/NE-dxHP-PkgHP-18to33-Ex-SEER13.4/instance-out.sql,149869.41,2342.31,12491.8,23737.13,0.0,29387.4,0.0,59481.81,1.13,0.0,0.0,0.0,22427.82,0.0,0.0,2342.31,12491.80,0.00,0.00,29387.40,0.00
CZ02/OfS&0&cDXHP&Ex&dxHP_equip/NE-dxHP-PkgHP-18to33-Ex-SEER15.2/instance-out.sql,148988.0,2342.31,11610.39,23737.13,0.0,29387.4,0.0,59481.81,1.13,0.0,0.0,0.0,22427.82,0.0,0.0,2342.31,11610.39,0.00,0.00,29387.40,0.00
CZ02/OfS&0&cDXHP&Ex&dxHP_equip/NE-dxHP-PkgHP-18to33-Ex-SEER16.2/instance-out.sql,148632.02,2342.31,11254.41,23737.13,0.0,29387.4,0.0,59481.81,1.13,0.0,0.0,0.0,22427.82,0.0,0.0,2342.31,11254.41,0.00,0.00,29387.40,0.00
CZ02/OfS&0&cDXHP&Ex&dxHP_equip/NE-dxHP-PkgHP-18to33-Ex-SEER17.1/instance-out.sql,148347.42,2342.31,10969.81,23737.13,0.0,29387.4,0.0,59481.81,1.13,0.0,0.0,0.0,22427.82,0.0,0.0,2342.31,10969.81,0.00,0.00,29387.40,0.00
CZ02/OfS&0&cDXHP&Ex&dxHP_equip/NE-dxHP-PkgHP-18to33-Ex-SEER18.1/instance-out.sql,148076.87,2342.31,10699.26,23737.13,0.0,29387.4,0.0,59481.81,1.13,0.0,0.0,0.0,22427.82,0.0,0.0,2342.31,10699.26,0.00,0.00,29387.40,0.00
CZ02/OfS&0&cDXHP&Ex&dxHP_equip/NE-dxHP-PkgHP-33to65-Ex-SEER13.4/instance-out.sql,149869.41,2342.31,12491.8,23737.13,0.0,29387.4,0.0,59481.81,1.13,0.0,0.0,0.0,22427.82,0.0,0.0,2342.31,12491.80,0.00,0.00,29387.40,0.00
CZ02/OfS&0&cDXHP&Ex&dxHP_equip/NE-dxHP-PkgHP-33to65-Ex-SEER15.2/instance-out.sql,148988.0,2342.31,11610.39,23737.13,0.0,29387.4,0.0,59481.81,1.13,0.0,0.0,0.0,22427.82,0.0,0.0,2342.31,11610.39,0.00,0.00,29387.40,0.00
CZ02/OfS&0&cDXHP&Ex&dxHP_equip/NE-dxHP-PkgHP-33to65-Ex-SEER16.2/instance-out.sql,148632.02,2342.31,11254.41,23737.13,0.0,29387.4,0.0,59481.81,1.13,0.0,0.0,0.0,22427.82,0.0,0.0,2342.31,11254.41,0.00,0.00,29387.40,0.00
CZ02/OfS&0&cDXHP&Ex&dxHP_equip/NE-dxHP-PkgHP-33to65-Ex-SEER17.1/instance-out.sql,148347.42,2342.31,10969.81,23737.13,0.0,29387.4,0.0,59481.81,1.13,0.0,0.0,0.0,22427.82,0.0,0.0,2342.31,10969.81,0.00,0.00,29387.40,0.00
CZ02/OfS&0&cDXHP&Ex&dxHP_equip/NE-dxHP-PkgHP-33to65-Ex-SEER18.1/instance-out.sql,148076.87,2342.31,10699.26,23737.13,0.0,29387.4,0.0,59481.81,1.13,0.0,0.0,0.0,22427.82,0.0,0.0,2342.31,10699.26,0.00,0.00,29387.40,0.00
CZ02/OfS&0&cDXHP&Ex&dxHP_equip/NE-dxHP-SplitHP-18to33-Ex-SEER14.3/instance-out.sql,149299.35,2244.24,12019.82,23737.13,0.0,29387.4,0.0,59481.81,1.13,0.0,0.0,0.0,22427.82,0.0,0.0,2244.24,12019.82,0.00,0.00,29387.40,0.00
CZ02/OfS&0&cDXHP&Ex&dxHP_equip/NE-dxHP-SplitHP-18to33-Ex-SEER15.2/instance-out.sql,148889.92,2244.24,11610.39,23737.13,0.0,29387.4,0.0,59481.81,1.13,0.0,0.0,0.0,22427.82,0.0,0.0,2244.24,11610.39,0.00,0.00,29387.40,0.00
CZ02/OfS&0&cDXHP&Ex&dxHP_equip/NE-dxHP-SplitHP-18to33-Ex-SEER16.2/instance-out.sql,148533.94,2244.24,11254.41,23737.13,0.0,29387.4,0.0,59481.81,1.13,0.0,0.0,0.0,22427.82,0.0,0.0,2244.24,11254.41,0.00,0.00,29387.40,0.00
CZ02/OfS&0&cDXHP&Ex&dxHP_equip/NE-dxHP-SplitHP-18to33-Ex-SEER17.1/instance-out.sql,148249.35,2244.24,10969.81,23737.13,0.0,29387.4,0.0,59481.81,1.13,0.0,0.0,0.0,22427.82,0.0,0.0,2244.24,10969.81,0.00,0.00,29387.40,0.00
CZ02/OfS&0&cDXHP&Ex&dxHP_equip/NE-dxHP-SplitHP-18to33-Ex-SEER18.1/instance-out.sql,147978.79,2244.24,10699.26,23737.13,0.0,29387.4,0.0,59481.81,1.13,0.0,0.0,0.0,22427.82,0.0,0.0,2244.24,10699.26,0.00,0.00,29387.40,0.00
CZ02/OfS&0&cDXHP&Ex&dxHP_equip/NE-dxHP-SplitHP-33to55-Ex-SEER14.3/instance-out.sql,149299.35,2244.24,12019.82,23737.13,0.0,29387.4,0.0,59481.81,1.13,0.0,0.0,0.0,22427.82,0.0,0.0,2244.24,12019.82,0.00,0.00,29387.40,0.00
CZ02/OfS&0&cDXHP&Ex&dxHP_equip/NE-dxHP-SplitHP-33to55-Ex-SEER15.2/instance-out.sql,148889.92,2244.24,11610.39,23737.13,0.0,29387.4,0.0,59481.81,1.13,0.0,0.0,0.0,22427.82,0.0,0.0,2244.24,11610.39,0.00,0.00,29387.40,0.00
CZ02/OfS&0&cDXHP&Ex&dxHP_equip/NE-dxHP-SplitHP-33to55-Ex-SEER16.2/instance-out.sql,148533.94,2244.24,11254.41,23737.13,0.0,29387.4,0.0,59481.81,1.13,0.0,0.0,0.0,22427.82,0.0,0.0,2244.24,11254.41,0.00,0.00,29387.40,0.00
CZ02/OfS&0&cDXHP&Ex&dxHP_equip/NE-dxHP-SplitHP-33to55-Ex-SEER17.1/instance-out.sql,148249.35,2244.24,10969.81,23737.13,0.0,29387.4,0.0,59481.81,1.13,0.0,0.0,0.0,22427.82,0.0,0.0,2244.24,10969.81,0.00,0.00,29387.40,0.00
CZ02/OfS&0&cDXHP&Ex&dxHP_equip/NE-dxHP-SplitHP-33to55-Ex-SEER18.1/instance-out.sql,147978.79,2244.24,10699.26,23737.13,0.0,29387.4,0.0,59481.81,1.13,0.0,0.0,0.0,22427.82,0.0,0.0,2244.24,10699.26,0.00,0.00,29387.40,0.00
CZ02/RFF&0&cDXHP&Ex&dxHP_equip/NE-dxHP-PkgHP-18to33-Ex-SEER13.4/instance-out.sql,109199.39,1462.13,8369.51,13247.63,0.0,37903.17,0.0,22187.68,3.37,0.0,0.0,0.0,26025.88,0.0,0.0,1402.49,8369.51,59.64,0.00,18423.46,19479.71
CZ02/RFF&0&cDXHP&Ex&dxHP_equip/NE-dxHP-PkgHP-18to33-Ex-SEER15.2/instance-out.sql,108949.93,1462.13,8120.06,13247.63,0.0,37903.17,0.0,22187.68,3.37,0.0,0.0,0.0,26025.88,0.0,0.0,1402.49,8120.06,59.64,0.00,18423.46,19479.71
CZ02/RFF&0&cDXHP&Ex&dxHP_equip/NE-dxHP-PkgHP-18to33-Ex-SEER16.2/instance-out.sql,108849.19,1462.13,8019.31,13247.63,0.0,37903.17,0.0,22187.68,3.37,0.0,0.0,0.0,26025.88,0.0,0.0,1402.49,8019.31,59.64,0.00,18423.46,19479.71
CZ02/RFF&0&cDXHP&Ex&dxHP_equip/NE-dxHP-PkgHP-18to33-Ex-SEER17.1/instance-out.sql,108768.65,1462.13,7938.77,13247.63,0.0,37903.17,0.0,22187.68,3.37,0.0,0.0,0.0,26025.88,0.0,0.0,1402.49,7938.77,59.64,0.00,18423.46,19479.71
CZ02/RFF&0&cDXHP&Ex&dxHP_equip/NE-dxHP-PkgHP-18to33-Ex-SEER18.1/instance-out.sql,108692.07999999999,1462.13,7862.2,13247.63,0.0,37903.17,0.0,22187.68,3.37,0.0,0.0,0.0,26025.88,0.0,0.0,1402.49,7862.20,59.64,0.00,18423.46,19479.71
CZ02/RFF&0&cDXHP&Ex&dxHP_equip/NE-dxHP-PkgHP-33to65-Ex-SEER13.4/instance-out.sql,109199.39,1462.13,8369.51,13247.63,0.0,37903.17,0.0,22187.68,3.37,0.0,0.0,0.0,26025.88,0.0,0.0,1402.49,8369.51,59.64,0.00,18423.46,19479.71
CZ02/RFF&0&cDXHP&Ex&dxHP_equip/NE-dxHP-PkgHP-33to65-Ex-SEER15.2/instance-out.sql,108949.93,1462.13,8120.06,13247.63,0.0,37903.17,0.0,22187.68,3.37,0.0,0.0,0.0,26025.88,0.0,0.0,1402.49,8120.06,59.64,0.00,18423.46,19479.71
CZ02/RFF&0&cDXHP&Ex&dxHP_equip/NE-dxHP-PkgHP-33to65-Ex-SEER16.2/instance-out.sql,108849.19,1462.13,8019.31,13247.63,0.0,37903.17,0.0,22187.68,3.37,0.0,0.0,0.0,26025.88,0.0,0.0,1402.49,8019.31,59.64,0.00,18423.46,19479.71
CZ02/RFF&0&cDXHP&Ex&dxHP_equip/NE-dxHP-PkgHP-33to65-Ex-SEER17.1/instance-out.sql,108768.65,1462.13,7938.77,13247.63,0.0,37903.17,0.0,22187.68,3.37,0.0,0.0,0.0,26025.88,0.0,0.0,1402.49,7938.77,59.64,0.00,18423.46,19479.71
CZ02/RFF&0&cDXHP&Ex&dxHP_equip/NE-dxHP-PkgHP-33to65-Ex-SEER18.1/instance-out.sql,108692.07999999999,1462.13,7862.2,13247.63,0.0,37903.17,0.0,22187.68,3.37,0.0,0.0,0.0,26025.88,0.0,0.0,1402.49,7862.20,59.64,0.00,18423.46,19479.71
CZ02/RFF&0&cDXHP&Ex&dxHP_equip/NE-dxHP-SplitHP-18to33-Ex-SEER14.3/instance-out.sql,109002.75,1399.0700000000002,8235.93,13247.63,0.0,37903.17,0.0,22187.68,3.37,0.0,0.0,0.0,26025.88,0.0,0.0,1339.43,8235.93,59.64,0.00,18423.46,19479.71
CZ02/RFF&0&cDXHP&Ex&dxHP_equip/NE-dxHP-SplitHP-18to33-Ex-SEER15.2/instance-out.sql,108886.88,1399.0700000000002,8120.06,13247.63,0.0,37903.17,0.0,22187.68,3.37,0.0,0.0,0.0,26025.88,0.0,0.0,1339.43,8120.06,59.64,0.00,18423.46,19479.71
CZ02/RFF&0&cDXHP&Ex&dxHP_equip/NE-dxHP-SplitHP-18to33-Ex-SEER16.2/instance-out.sql,108786.13,1399.0700000000002,8019.31,13247.63,0.0,37903.17,0.0,22187.68,3.37,0.0,0.0,0.0,26025.88,0.0,0.0,1339.43,8019.31,59.64,0.00,18423.46,19479.71
CZ02/RFF&0&cDXHP&Ex&dxHP_equip/NE-dxHP-SplitHP-18to33-Ex-SEER17.1/instance-out.sql,108705.59,1399.0700000000002,7938.77,13247.63,0.0,37903.17,0.0,22187.68,3.37,0.0,0.0,0.0,26025.88,0.0,0.0,1339.43,7938.77,59.64,0.00,18423.46,19479.71
CZ02/RFF&0&cDXHP&Ex&dxHP_equip/NE-dxHP-SplitHP-18to33-Ex-SEER18.1/instance-out.sql,108629.01999999999,1399.0700000000002,7862.2,13247.63,0.0,37903.17,0.0,22187.68,3.37,0.0,0.0,0.0,26025.88,0.0,0.0,1339.43,7862.20,59.64,0.00,18423.46,19479.71
CZ02/RFF&0&cDXHP&Ex&dxHP_equip/NE-dxHP-SplitHP-33to55-Ex-SEER14.3/instance-out.sql,109002.75,1399.0700000000002,8235.93,13247.63,0.0,37903.17,0.0,22187.68,3.37,0.0,0.0,0.0,26025.88,0.0,0.0,1339.43,8235.93,59.64,0.00,18423.46,19479.71
CZ02/RFF&0&cDXHP&Ex&dxHP_equip/NE-dxHP-SplitHP-33to55-Ex-SEER15.2/instance-out.sql,108886.88,1399.0700000000002,8120.06,13247.63,0.0,37903.17,0.0,22187.68,3.37,0.0,0.0,0.0,26025.88,0.0,0.0,1339.43,8120.06,59.64,0.00,18423.46,19479.71
CZ02/RFF&0&cDXHP&Ex&dxHP_equip/NE-dxHP-SplitHP-33to55-Ex-SEER16.2/instance-out.sql,108786.13,1399.0700000000002,8019.31,13247.63,0.0,37903.17,0.0,22187.68,3.37,0.0,0.0,0.0,26025.88,0.0,0.0,1339.43,8019.31,59.64,0.00,18423.46,19479.71
CZ02/RFF&0&cDXHP&Ex&dxHP_equip/NE-dxHP-SplitHP-33to55-Ex-SEER17.1/instance-out.sql,108705.59,1399.0700000000002,7938.77,13247.63,0.0,37903.17,0.0,22187.68,3.37,0.0,0.0,0.0,26025.88,0.0,0.0,1339.43,7938.77,59.64,0.00,18423.46,19479.71
CZ02/RFF&0&cDXHP&Ex&dxHP_equip/NE-dxHP-SplitHP-33to55-Ex-SEER18.1/instance-out.sql,108629.01999999999,1399.0700000000002,7862.2,13247.63,0.0,37903.17,0.0,22187.68,3.37,0.0,0.0,0.0,26025.88,0.0,0.0,1339.43,7862.20,59.64,0.00,18423.46,19479.71
CZ02/RSD&0&cDXHP&Ex&dxHP_equip/NE-dxHP-PkgHP-18to33-Ex-SEER13.4/instance-out.sql,253578.34000000003,26195.83,20163.92,36047.32,0.0,76546.73,0.0,27889.07,13.67,0.0,0.0,0.0,66721.82,0.0,0.0,697.63,20163.92,25498.20,0.00,37475.60,39071.13
CZ02/RSD&0&cDXHP&Ex&dxHP_equip/NE-dxHP-PkgHP-18to33-Ex-SEER15.2/instance-out.sql,253459.91000000003,26195.83,20045.49,36047.32,0.0,76546.73,0.0,27889.07,13.67,0.0,0.0,0.0,66721.82,0.0,0.0,697.63,20045.49,25498.20,0.00,37475.60,39071.13
CZ02/RSD&0&cDXHP&Ex&dxHP_equip/NE-dxHP-PkgHP-18to33-Ex-SEER16.2/instance-out.sql,253412.08000000002,26195.83,19997.66,36047.32,0.0,76546.73,0.0,27889.07,13.67,0.0,0.0,0.0,66721.82,0.0,0.0,697.63,19997.66,25498.20,0.00,37475.60,39071.13
CZ02/RSD&0&cDXHP&Ex&dxHP_equip/NE-dxHP-PkgHP-18to33-Ex-SEER17.1/instance-out.sql,253373.84000000003,26195.83,19959.42,36047.32,0.0,76546.73,0.0,27889.07,13.67,0.0,0.0,0.0,66721.82,0.0,0.0,697.63,19959.42,25498.20,0.00,37475.60,39071.13
CZ02/RSD&0&cDXHP&Ex&dxHP_equip/NE-dxHP-PkgHP-18to33-Ex-SEER18.1/instance-out.sql,253337.49000000002,26195.83,19923.06,36047.32,0.0,76546.73,0.0,27889.07,13.67,0.0,0.0,0.0,66721.82,0.0,0.0,697.63,19923.06,25498.20,0.00,37475.60,39071.13
CZ02/RSD&0&cDXHP&Ex&dxHP_equip/NE-dxHP-PkgHP-33to65-Ex-SEER13.4/instance-out.sql,253578.34000000003,26195.83,20163.92,36047.32,0.0,76546.73,0.0,27889.07,13.67,0.0,0.0,0.0,66721.82,0.0,0.0,697.63,20163.92,25498.20,0.00,37475.60,39071.13
CZ02/RSD&0&cDXHP&Ex&dxHP_equip/NE-dxHP-PkgHP-33to65-Ex-SEER15.2/instance-out.sql,253459.91000000003,26195.83,20045.49,36047.32,0.0,76546.73,0.0,27889.07,13.67,0.0,0.0,0.0,66721.82,0.0,0.0,697.63,20045.49,25498.20,0.00,37475.60,39071.13
CZ02/RSD&0&cDXHP&Ex&dxHP_equip/NE-dxHP-PkgHP-33to65-Ex-SEER16.2/instance-out.sql,253412.08000000002,26195.83,19997.66,36047.32,0.0,76546.73,0.0,27889.07,13.67,0.0,0.0,0.0,66721.82,0.0,0.0,697.63,19997.66,25498.20,0.00,37475.60,39071.13
CZ02/RSD&0&cDXHP&Ex&dxHP_equip/NE-dxHP-PkgHP-33to65-Ex-SEER17.1/instance-out.sql,253373.84000000003,26195.83,19959.42,36047.32,0.0,76546.73,0.0,27889.07,13.67,0.0,0.0,0.0,66721.82,0.0,0.0,697.63,19959.42,25498.20,0.00,37475.60,39071.13
CZ02/RSD&0&cDXHP&Ex&dxHP_equip/NE-dxHP-PkgHP-33to65-Ex-SEER18.1/instance-out.sql,253337.49000000002,26195.83,19923.06,36047.32,0.0,76546.73,0.0,27889.07,13.67,0.0,0.0,0.0,66721.82,0.0,0.0,697.63,19923.06,25498.20,0.00,37475.60,39071.13
CZ02/RSD&0&cDXHP&Ex&dxHP_equip/NE-dxHP-SplitHP-18to33-Ex-SEER14.3/instance-out.sql,253484.2,26165.11,20100.5,36047.32,0.0,76546.73,0.0,27889.07,13.67,0.0,0.0,0.0,66721.82,0.0,0.0,666.91,20100.50,25498.20,0.00,37475.60,39071.13
CZ02/RSD&0&cDXHP&Ex&dxHP_equip/NE-dxHP-SplitHP-18to33-Ex-SEER15.2/instance-out.sql,253429.19,26165.11,20045.49,36047.32,0.0,76546.73,0.0,27889.07,13.67,0.0,0.0,0.0,66721.82,0.0,0.0,666.91,20045.49,25498.20,0.00,37475.60,39071.13
CZ02/RSD&0&cDXHP&Ex&dxHP_equip/NE-dxHP-SplitHP-18to33-Ex-SEER16.2/instance-out.sql,253381.36000000002,26165.11,19997.66,36047.32,0.0,76546.73,0.0,27889.07,13.67,0.0,0.0,0.0,66721.82,0.0,0.0,666.91,19997.66,25498.20,0.00,37475.60,39071.13
CZ02/RSD&0&cDXHP&Ex&dxHP_equip/NE-dxHP-SplitHP-18to33-Ex-SEER17.1/instance-out.sql,253343.12,26165.11,19959.42,36047.32,0.0,76546.73,0.0,27889.07,13.67,0.0,0.0,0.0,66721.82,0.0,0.0,666.91,19959.42,25498.20,0.00,37475.60,39071.13
CZ02/RSD&0&cDXHP&Ex&dxHP_equip/NE-dxHP-SplitHP-18to33-Ex-SEER18.1/instance-out.sql,253306.77000000002,26165.11,19923.06,36047.32,0.0,76546.73,0.0,27889.07,13.67,0.0,0.0,0.0,66721.82,0.0,0.0,666.91,19923.06,25498.20,0.00,37475.60,39071.13
CZ02/RSD&0&cDXHP&Ex&dxHP_equip/NE-dxHP-SplitHP-33to55-Ex-SEER14.3/instance-out.sql,253484.2,26165.11,20100.5,36047.32,0.0,76546.73,0.0,27889.07,13.67,0.0,0.0,0.0,66721.82,0.0,0.0,666.91,20100.50,25498.20,0.00,37475.60,39071.13
CZ02/RSD&0&cDXHP&Ex&dxHP_equip/NE-dxHP-SplitHP-33to55-Ex-SEER15.2/instance-out.sql,253429.19,26165.11,20045.49,36047.32,0.0,76546.73,0.0,27889.07,13.67,0.0,0.0,0.0,66721.82,0.0,0.0,666.91,20045.49,25498.20,0.00,37475.60,39071.13
CZ02/RSD&0&cDXHP&Ex&dxHP_equip/NE-dxHP-SplitHP-33to55-Ex-SEER16.2/instance-out.sql,253381.36000000002,26165.11,19997.66,36047.32,0.0,76546.73,0.0,27889.07,13.67,0.0,0.0,0.0,66721.82,0.0,0.0,666.91,19997.66,25498.20,0.00,37475.60,39071.13
CZ02/RSD&0&cDXHP&Ex&dxHP_equip/NE-dxHP-SplitHP-33to55-Ex-SEER17.1/instance-out.sql,253343.12,26165.11,19959.42,36047.32,0.0,76546.73,0.0,27889.07,13.67,0.0,0.0,0.0,66721.82,0.0,0.0,666.91,19959.42,25498.20,0.00,37475.60,39071.13
CZ02/RSD&0&cDXHP&Ex&dxHP_equip/NE-dxHP-SplitHP-33to55-Ex-SEER18.1/instance-out.sql,253306.77000000002,26165.11,19923.06,36047.32,0.0,76546.73,0.0,27889.07,13.67,0.0,0.0,0.0,66721.82,0.0,0.0,666.91,19923.06,25498.20,0.00,37475.60,39071.13
CZ02/Rt3&0&cDXHP&Ex&dxHP_equip/NE-dxHP-PkgHP-18to33-Ex-SEER13.4/instance-out.sql,2085697.1500000001,24495.65,139658.75,774348.97,0.0,436362.0,0.0,535503.19,3.38,0.0,0.0,0.0,175325.21,0.0,0.0,21060.82,139658.75,3434.83,0.00,436362.00,0.00
CZ02/Rt3&0&cDXHP&Ex&dxHP_equip/NE-dxHP-PkgHP-18to33-Ex-SEER15.2/instance-out.sql,2076076.67,24495.65,130038.26,774348.97,0.0,436362.0,0.0,535503.19,3.38,0.0,0.0,0.0,175325.21,0.0,0.0,21060.82,130038.26,3434.83,0.00,436362.00,0.00
CZ02/Rt3&0&cDXHP&Ex&dxHP_equip/NE-dxHP-PkgHP-18to33-Ex-SEER16.2/instance-out.sql,2072191.23,24495.65,126152.83,774348.97,0.0,436362.0,0.0,535503.19,3.38,0.0,0.0,0.0,175325.21,0.0,0.0,21060.82,126152.83,3434.83,0.00,436362.00,0.00
CZ02/Rt3&0&cDXHP&Ex&dxHP_equip/NE-dxHP-PkgHP-18to33-Ex-SEER17.1/instance-out.sql,2069084.94,24495.65,123046.54,774348.97,0.0,436362.0,0.0,535503.19,3.38,0.0,0.0,0.0,175325.21,0.0,0.0,21060.82,123046.54,3434.83,0.00,436362.00,0.00
CZ02/Rt3&0&cDXHP&Ex&dxHP_equip/NE-dxHP-PkgHP-18to33-Ex-SEER18.1/instance-out.sql,2066131.8800000001,24495.65,120093.48,774348.97,0.0,436362.0,0.0,535503.19,3.38,0.0,0.0,0.0,175325.21,0.0,0.0,21060.82,120093.48,3434.83,0.00,436362.00,0.00
CZ02/Rt3&0&cDXHP&Ex&dxHP_equip/NE-dxHP-PkgHP-33to65-Ex-SEER13.4/instance-out.sql,2085697.1500000001,24495.65,139658.75,774348.97,0.0,436362.0,0.0,535503.19,3.38,0.0,0.0,0.0,175325.21,0.0,0.0,21060.82,139658.75,3434.83,0.00,436362.00,0.00
CZ02/Rt3&0&cDXHP&Ex&dxHP_equip/NE-dxHP-PkgHP-33to65-Ex-SEER15.2/instance-out.sql,2076076.67,24495.65,130038.26,774348.97,0.0,436362.0,0.0,535503.19,3.38,0.0,0.0,0.0,175325.21,0.0,0.0,21060.82,130038.26,3434.83,0.00,436362.00,0.00
CZ02/Rt3&0&cDXHP&Ex&dxHP_equip/NE-dxHP-PkgHP-33to65-Ex-SEER16.2/instance-out.sql,2072191.23,24495.65,126152.83,774348.97,0.0,436362.0,0.0,535503.19,3.38,0.0,0.0,0.0,175325.21,0.0,0.0,21060.82,126152.83,3434.83,0.00,436362.00,0.00
CZ02/Rt3&0&cDXHP&Ex&dxHP_equip/NE-dxHP-PkgHP-33to65-Ex-SEER17.1/instance-out.sql,2069084.94,24495.65,123046.54,774348.97,0.0,436362.0,0.0,535503.19,3.38,0.0,0.0,0.0,175325.21,0.0,0.0,21060.82,123046.54,3434.83,0.00,436362.00,0.00
CZ02/Rt3&0&cDXHP&Ex&dxHP_equip/NE-dxHP-PkgHP-33to65-Ex-SEER18.1/instance-out.sql,2066131.8800000001,24495.65,120093.48,774348.97,0.0,436362.0,0.0,535503.19,3.38,0.0,0.0,0.0,175325.21,0.0,0.0,21060.82,120093.48,3434.83,0.00,436362.00,0.00
CZ02/Rt3&0&cDXHP&Ex&dxHP_equip/NE-dxHP-SplitHP-18to33-Ex-SEER14.3/instance-out.sql,2079583.78,23533.879999999997,134507.16,774348.97,0.0,436362.0,0.0,535503.19,3.38,0.0,0.0,0.0,175325.21,0.0,0.0,20099.05,134507.16,3434.83,0.00,436362.00,0.00
CZ02/Rt3&0&cDXHP&Ex&dxHP_equip/NE-dxHP-SplitHP-18to33-Ex-SEER15.2/instance-out.sql,2075114.8900000001,23533.879999999997,130038.26,774348.97,0.0,436362.0,0.0,535503.19,3.38,0.0,0.0,0.0,175325.21,0.0,0.0,20099.05,130038.26,3434.83,0.00,436362.00,0.00
CZ02/Rt3&0&cDXHP&Ex&dxHP_equip/NE-dxHP-SplitHP-18to33-Ex-SEER16.2/instance-out.sql,2071229.45,23533.879999999997,126152.83,774348.97,0.0,436362.0,0.0,535503.19,3.38,0.0,0.0,0.0,175325.21,0.0,0.0,20099.05,126152.83,3434.83,0.00,436362.00,0.00
CZ02/Rt3&0&cDXHP&Ex&dxHP_equip/NE-dxHP-SplitHP-18to33-Ex-SEER17.1/instance-out.sql,2068123.17,23533.879999999997,123046.54,774348.97,0.0,436362.0,0.0,535503.19,3.38,0.0,0.0,0.0,175325.21,0.0,0.0,20099.05,123046.54,3434.83,0.00,436362.00,0.00
CZ02/Rt3&0&cDXHP&Ex&dxHP_equip/NE-dxHP-SplitHP-18to33-Ex-SEER18.1/instance-out.sql,2065170.1,23533.879999999997,120093.48,774348.97,0.0,436362.0,0.0,535503.19,3.38,0.0,0.0,0.0,175325.21,0.0,0.0,20099.05,120093.48,3434.83,0.00,436362.00,0.00
CZ02/Rt3&0&cDXHP&Ex&dxHP_equip/NE-dxHP-SplitHP-33to55-Ex-SEER14.3/instance-out.sql,2079583.78,23533.879999999997,134507.16,774348.97,0.0,436362.0,0.0,535503.19,3.38,0.0,0.0,0.0,175325.21,0.0,0.0,20099.05,134507.16,3434.83,0.00,436362.00,0.00
CZ02/Rt3&0&cDXHP&Ex&dxHP_equip/NE-dxHP-SplitHP-33to55-Ex-SEER15.2/instance-out.sql,2075114.8900000001,23533.879999999997,130038.26,774348.97,0.0,436362.0,0.0,535503.19,3.38,0.0,0.0,0.0,175325.21,0.0,0.0,20099.05,130038.26,3434.83,0.00,436362.00,0.00
CZ02/Rt3&0&cDXHP&Ex&dxHP_equip/NE-dxHP-SplitHP-33to55-Ex-SEER16.2/instance-out.sql,2071229.45,23533.879999999997,126152.83,774348.97,0.0,436362.0,0.0,535503.19,3.38,0.0,0.0,0.0,175325.21,0.0,0.0,20099.05,126152.83,3434.83,0.00,436362.00,0.00
CZ02/Rt3&0&cDXHP&Ex&dxHP_equip/NE-dxHP-SplitHP-33to55-Ex-SEER17.1/instance-out.sql,2068123.17,23533.879999999997,123046.54,774348.97,0.0,436362.0,0.0,535503.19,3.38,0.0,0.0,0.0,175325.21,0.0,0.0,20099.05,123046.54,3434.83,0.00,436362.00,0.00
CZ02/Rt3&0&cDXHP&Ex&dxHP_equip/NE-dxHP-SplitHP-33to55-Ex-SEER18.1/instance-out.sql,2065170.1,23533.879999999997,120093.48,774348.97,0.0,436362.0,0.0,535503.19,3.38,0.0,0.0,0.0,175325.21,0.0,0.0,20099.05,120093.48,3434.83,0.00,436362.00,0.00
CZ02/RtL&0&cDXHP&Ex&dxHP_equip/NE-dxHP-PkgHP-18to33-Ex-SEER13.4/instance-out.sql,2080789.28,16766.239999999998,154200.58,767420.15,0.0,509200.67,0.0,504163.77,3.39,0.0,0.0,0.0,129034.5,0.0,0.0,16764.28,154200.58,1.96,0.00,468847.72,40352.95
CZ02/RtL&0&cDXHP&Ex&dxHP_equip/NE-dxHP-PkgHP-18to33-Ex-SEER15.2/instance-out.sql,2070724.3599999999,16766.239999999998,144135.65,767420.15,0.0,509200.67,0.0,504163.77,3.39,0.0,0.0,0.0,129034.5,0.0,0.0,16764.28,144135.65,1.96,0.00,468847.72,40352.95
CZ02/RtL&0&cDXHP&Ex&dxHP_equip/NE-dxHP-PkgHP-18to33-Ex-SEER16.2/instance-out.sql,2066659.43,16766.239999999998,140070.72,767420.15,0.0,509200.67,0.0,504163.77,3.39,0.0,0.0,0.0,129034.5,0.0,0.0,16764.28,140070.72,1.96,0.00,468847.72,40352.95
CZ02/RtL&0&cDXHP&Ex&dxHP_equip/NE-dxHP-PkgHP-18to33-Ex-SEER17.1/instance-out.sql,2063409.64,16766.239999999998,136820.93,767420.15,0.0,509200.67,0.0,504163.77,3.39,0.0,0.0,0.0,129034.5,0.0,0.0,16764.28,136820.93,1.96,0.00,468847.72,40352.95
CZ02/RtL&0&cDXHP&Ex&dxHP_equip/NE-dxHP-PkgHP-18to33-Ex-SEER18.1/instance-out.sql,2060320.15,16766.239999999998,133731.45,767420.15,0.0,509200.67,0.0,504163.77,3.39,0.0,0.0,0.0,129034.5,0.0,0.0,16764.28,133731.45,1.96,0.00,468847.72,40352.95
CZ02/RtL&0&cDXHP&Ex&dxHP_equip/NE-dxHP-PkgHP-33to65-Ex-SEER13.4/instance-out.sql,2080789.28,16766.239999999998,154200.58,767420.15,0.0,509200.67,0.0,504163.77,3.39,0.0,0.0,0.0,129034.5,0.0,0.0,16764.28,154200.58,1.96,0.00,468847.72,40352.95
CZ02/RtL&0&cDXHP&Ex&dxHP_equip/NE-dxHP-PkgHP-33to65-Ex-SEER15.2/instance-out.sql,2070724.3599999999,16766.239999999998,144135.65,767420.15,0.0,509200.67,0.0,504163.77,3.39,0.0,0.0,0.0,129034.5,0.0,0.0,16764.28,144135.65,1.96,0.00,468847.72,40352.95
CZ02/RtL&0&cDXHP&Ex&dxHP_equip/NE-dxHP-PkgHP-33to65-Ex-SEER16.2/instance-out.sql,2066659.43,16766.239999999998,140070.72,767420.15,0.0,509200.67,0.0,504163.77,3.39,0.0,0.0,0.0,129034.5,0.0,0.0,16764.28,140070.72,1.96,0.00,468847.72,40352.95
CZ02/RtL&0&cDXHP&Ex&dxHP_equip/NE-dxHP-PkgHP-33to65-Ex-SEER17.1/instance-out.sql,2063409.64,16766.239999999998,136820.93,767420.15,0.0,509200.67,0.0,504163.77,3.39,0.0,0.0,0.0,129034.5,0.0,0.0,16764.28,136820.93,1.96,0.00,468847.72,40352.95
CZ02/RtL&0&cDXHP&Ex&dxHP_equip/NE-dxHP-PkgHP-33to65-Ex-SEER18.1/instance-out.sql,2060320.15,16766.239999999998,133731.45,767420.15,0.0,509200.67,0.0,504163.77,3.39,0.0,0.0,0.0,129034.5,0.0,0.0,16764.28,133731.45,1.96,0.00,468847.72,40352.95
CZ02/RtL&0&cDXHP&Ex&dxHP_equip/NE-dxHP-SplitHP-18to33-Ex-SEER14.3/instance-out.sql,2074640.65,16007.179999999998,148811.0,767420.15,0.0,509200.67,0.0,504163.77,3.39,0.0,0.0,0.0,129034.5,0.0,0.0,16005.22,148811.00,1.96,0.00,468847.72,40352.95
CZ02/RtL&0&cDXHP&Ex&dxHP_equip/NE-dxHP-SplitHP-18to33-Ex-SEER15.2/instance-out.sql,2069965.2999999998,16007.179999999998,144135.65,767420.15,0.0,509200.67,0.0,504163.77,3.39,0.0,0.0,0.0,129034.5,0.0,0.0,16005.22,144135.65,1.96,0.00,468847.72,40352.95
CZ02/RtL&0&cDXHP&Ex&dxHP_equip/NE-dxHP-SplitHP-18to33-Ex-SEER16.2/instance-out.sql,2065900.3699999999,16007.179999999998,140070.72,767420.15,0.0,509200.67,0.0,504163.77,3.39,0.0,0.0,0.0,129034.5,0.0,0.0,16005.22,140070.72,1.96,0.00,468847.72,40352.95
CZ02/RtL&0&cDXHP&Ex&dxHP_equip/NE-dxHP-SplitHP-18to33-Ex-SEER17.1/instance-out.sql,2062650.5799999998,16007.179999999998,136820.93,767420.15,0.0,509200.67,0.0,504163.77,3.39,0.0,0.0,0.0,129034.5,0.0,0.0,16005.22,136820.93,1.96,0.00,468847.72,40352.95
CZ02/RtL&0&cDXHP&Ex&dxHP_equip/NE-dxHP-SplitHP-18to33-Ex-SEER18.1/instance-out.sql,2059561.0999999999,16007.179999999998,133731.45,767420.15,0.0,509200.67,0.0,504163.77,3.39,0.0,0.0,0.0,129034.5,0.0,0.0,16005.22,133731.45,1.96,0.00,468847.72,40352.95
CZ02/RtL&0&cDXHP&Ex&dxHP_equip/NE-dxHP-SplitHP-33to55-Ex-SEER14.3/instance-out.sql,2074640.65,16007.179999999998,148811.0,767420.15,0.0,509200.67,0.0,504163.77,3.39,0.0,0.0,0.0,129034.5,0.0,0.0,16005.22,148811.00,1.96,0.00,468847.72,40352.95
CZ02/RtL&0&cDXHP&Ex&dxHP_equip/NE-dxHP-SplitHP-33to55-Ex-SEER15.2/instance-out.sql,2069965.2999999998,16007.179999999998,144135.65,767420.15,0.0,509200.67,0.0,504163.77,3.39,0.0,0.0,0.0,129034.5,0.0,0.0,16005.22,144135.65,1.96,0.00,468847.72,40352.95
CZ02/RtL&0&cDXHP&Ex&dxHP_equip/NE-dxHP-SplitHP-33to55-Ex-SEER16.2/instance-out.sql,2065900.3699999999,16007.179999999998,140070.72,767420.15,0.0,509200.67,0.0,504163.77,3.39,0.0,0.0,0.0,129034.5,0.0,0.0,16005.22,140070.72,1.96,0.00,468847.72,40352.95
CZ02/RtL&0&cDXHP&Ex&dxHP_equip/NE-dxHP-SplitHP-33to55-Ex-SEER17.1/instance-out.sql,2062650.5799999998,16007.179999999998,136820.93,767420.15,0.0,509200.67,0.0,504163.77,3.39,0.0,0.0,0.0,129034.5,0.0,0.0,16005.22,136820.93,1.96,0.00,468847.72,40352.95
CZ02/RtL&0&cDXHP&Ex&dxHP_equip/NE-dxHP-SplitHP-33to55-Ex-SEER18.1/instance-out.sql,2059561.0999999999,16007.179999999998,133731.45,767420.15,0.0,509200.67,0.0,504163.77,3.39,0.0,0.0,0.0,129034.5,0.0,0.0,16005.22,133731.45,1.96,0.00,468847.72,40352.95
CZ02/RtS&0&cDXHP&Ex&dxHP_equip/NE-dxHP-PkgHP-18to33-Ex-SEER13.4/instance-out.sql,135007.85,3232.85,9770.6,44599.63,0.0,24440.79,0.0,37123.85,3.36,0.0,0.0,0.0,15836.76,0.0,0.0,3232.85,9770.60,0.00,0.00,24440.79,0.00
CZ02/RtS&0&cDXHP&Ex&dxHP_equip/NE-dxHP-PkgHP-18to33-Ex-SEER15.2/instance-out.sql,134318.44,3232.85,9081.19,44599.63,0.0,24440.79,0.0,37123.85,3.36,0.0,0.0,0.0,15836.76,0.0,0.0,3232.85,9081.19,0.00,0.00,24440.79,0.00
CZ02/RtS&0&cDXHP&Ex&dxHP_equip/NE-dxHP-PkgHP-18to33-Ex-SEER16.2/instance-out.sql,134040.01,3232.85,8802.76,44599.63,0.0,24440.79,0.0,37123.85,3.36,0.0,0.0,0.0,15836.76,0.0,0.0,3232.85,8802.76,0.00,0.00,24440.79,0.00
CZ02/RtS&0&cDXHP&Ex&dxHP_equip/NE-dxHP-PkgHP-18to33-Ex-SEER17.1/instance-out.sql,133817.41,3232.85,8580.16,44599.63,0.0,24440.79,0.0,37123.85,3.36,0.0,0.0,0.0,15836.76,0.0,0.0,3232.85,8580.16,0.00,0.00,24440.79,0.00
CZ02/RtS&0&cDXHP&Ex&dxHP_equip/NE-dxHP-PkgHP-18to33-Ex-SEER18.1/instance-out.sql,133605.79,3232.85,8368.54,44599.63,0.0,24440.79,0.0,37123.85,3.36,0.0,0.0,0.0,15836.76,0.0,0.0,3232.85,8368.54,0.00,0.00,24440.79,0.00
CZ02/RtS&0&cDXHP&Ex&dxHP_equip/NE-dxHP-PkgHP-33to65-Ex-SEER13.4/instance-out.sql,135007.85,3232.85,9770.6,44599.63,0.0,24440.79,0.0,37123.85,3.36,0.0,0.0,0.0,15836.76,0.0,0.0,3232.85,9770.60,0.00,0.00,24440.79,0.00
CZ02/RtS&0&cDXHP&Ex&dxHP_equip/NE-dxHP-PkgHP-33to65-Ex-SEER15.2/instance-out.sql,134318.44,3232.85,9081.19,44599.63,0.0,24440.79,0.0,37123.85,3.36,0.0,0.0,0.0,15836.76,0.0,0.0,3232.85,9081.19,0.00,0.00,24440.79,0.00
CZ02/RtS&0&cDXHP&Ex&dxHP_equip/NE-dxHP-PkgHP-33to65-Ex-SEER16.2/instance-out.sql,134040.01,3232.85,8802.76,44599.63,0.0,24440.79,0.0,37123.85,3.36,0.0,0.0,0.0,15836.76,0.0,0.0,3232.85,8802.76,0.00,0.00,24440.79,0.00
CZ02/RtS&0&cDXHP&Ex&dxHP_equip/NE-dxHP-PkgHP-33to65-Ex-SEER17.1/instance-out.sql,133817.41,3232.85,8580.16,44599.63,0.0,24440.79,0.0,37123.85,3.36,0.0,0.0,0.0,15836.76,0.0,0.0,3232.85,8580.16,0.00,0.00,24440.79,0.00
CZ02/RtS&0&cDXHP&Ex&dxHP_equip/NE-dxHP-PkgHP-33to65-Ex-SEER18.1/instance-out.sql,133605.79,3232.85,8368.54,44599.63,0.0,24440.79,0.0,37123.85,3.36,0.0,0.0,0.0,15836.76,0.0,0.0,3232.85,8368.54,0.00,0.00,24440.79,0.00
CZ02/RtS&0&cDXHP&Ex&dxHP_equip/NE-dxHP-SplitHP-18to33-Ex-SEER14.3/instance-out.sql,134487.22,3081.39,9401.43,44599.63,0.0,24440.79,0.0,37123.85,3.36,0.0,0.0,0.0,15836.76,0.0,0.0,3081.39,9401.43,0.00,0.00,24440.79,0.00
CZ02/RtS&0&cDXHP&Ex&dxHP_equip/NE-dxHP-SplitHP-18to33-Ex-SEER15.2/instance-out.sql,134166.98,3081.39,9081.19,44599.63,0.0,24440.79,0.0,37123.85,3.36,0.0,0.0,0.0,15836.76,0.0,0.0,3081.39,9081.19,0.00,0.00,24440.79,0.00
CZ02/RtS&0&cDXHP&Ex&dxHP_equip/NE-dxHP-SplitHP-18to33-Ex-SEER16.2/instance-out.sql,133888.55,3081.39,8802.76,44599.63,0.0,24440.79,0.0,37123.85,3.36,0.0,0.0,0.0,15836.76,0.0,0.0,3081.39,8802.76,0.00,0.00,24440.79,0.00
CZ02/RtS&0&cDXHP&Ex&dxHP_equip/NE-dxHP-SplitHP-18to33-Ex-SEER17.1/instance-out.sql,133665.95,3081.39,8580.16,44599.63,0.0,24440.79,0.0,37123.85,3.36,0.0,0.0,0.0,15836.76,0.0,0.0,3081.39,8580.16,0.00,0.00,24440.79,0.00
CZ02/RtS&0&cDXHP&Ex&dxHP_equip/NE-dxHP-SplitHP-18to33-Ex-SEER18.1/instance-out.sql,133454.33000000002,3081.39,8368.54,44599.63,0.0,24440.79,0.0,37123.85,3.36,0.0,0.0,0.0,15836.76,0.0,0.0,3081.39,8368.54,0.00,0.00,24440.79,0.00
CZ02/RtS&0&cDXHP&Ex&dxHP_equip/NE-dxHP-SplitHP-33to55-Ex-SEER14.3/instance-out.sql,134487.22,3081.39,9401.43,44599.63,0.0,24440.79,0.0,37123.85,3.36,0.0,0.0,0.0,15836.76,0.0,0.0,3081.39,9401.43,0.00,0.00,24440.79,0.00
CZ02/RtS&0&cDXHP&Ex&dxHP_equip/NE-dxHP-SplitHP-33to55-Ex-SEER15.2/instance-out.sql,134166.98,3081.39,9081.19,44599.63,0.0,24440.79,0.0,37123.85,3.36,0.0,0.0,0.0,15836.76,0.0,0.0,3081.39,9081.19,0.00,0.00,24440.79,0.00
CZ02/RtS&0&cDXHP&Ex&dxHP_equip/NE-dxHP-SplitHP-33to55-Ex-SEER16.2/instance-out.sql,133888.55,3081.39,8802.76,44599.63,0.0,24440.79,0.0,37123.85,3.36,0.0,0.0,0.0,15836.76,0.0,0.0,3081.39,8802.76,0.00,0.00,24440.79,0.00
CZ02/RtS&0&cDXHP&Ex&dxHP_equip/NE-dxHP-SplitHP-33to55-Ex-SEER17.1/instance-out.sql,133665.95,3081.39,8580.16,44599.63,0.0,24440.79,0.0,37123.85,3.36,0.0,0.0,0.0,15836.76,0.0,0.0,3081.39,8580.16,0.00,0.00,24440.79,0.00
CZ02/RtS&0&cDXHP&Ex&dxHP_equip/NE-dxHP-SplitHP-33to55-Ex-SEER18.1/instance-out.sql,133454.33000000002,3081.39,8368.54,44599.63,0.0,24440.79,0.0,37123.85,3.36,0.0,0.0,0.0,15836.76,0.0,0.0,3081.39,8368.54,0.00,0.00,24440.79,0.00
CZ02/SCn&0&cDXHP&Ex&dxHP_equip/NE-dxHP-PkgHP-18to33-Ex-SEER13.4/instance-out.sql,3273427.83,209678.22,189898.5,850055.03,0.0,449066.39,0.0,1488438.83,3.36,0.0,0.0,0.0,86287.5,0.0,0.0,209678.22,189898.50,0.00,0.00,449066.39,0.00
CZ02/SCn&0&cDXHP&Ex&dxHP_equip/NE-dxHP-PkgHP-18to33-Ex-SEER15.2/instance-out.sql,3260028.66,209678.22,176499.33,850055.03,0.0,449066.39,0.0,1488438.83,3.36,0.0,0.0,0.0,86287.5,0.0,0.0,209678.22,176499.33,0.00,0.00,449066.39,0.00
CZ02/SCn&0&cDXHP&Ex&dxHP_equip/NE-dxHP-PkgHP-18to33-Ex-SEER16.2/instance-out.sql,3254617.13,209678.22,171087.8,850055.03,0.0,449066.39,0.0,1488438.83,3.36,0.0,0.0,0.0,86287.5,0.0,0.0,209678.22,171087.80,0.00,0.00,449066.39,0.00
CZ02/SCn&0&cDXHP&Ex&dxHP_equip/NE-dxHP-PkgHP-18to33-Ex-SEER17.1/instance-out.sql,3250290.77,209678.22,166761.44,850055.03,0.0,449066.39,0.0,1488438.83,3.36,0.0,0.0,0.0,86287.5,0.0,0.0,209678.22,166761.44,0.00,0.00,449066.39,0.00
CZ02/SCn&0&cDXHP&Ex&dxHP_equip/NE-dxHP-PkgHP-18to33-Ex-SEER18.1/instance-out.sql,3246177.82,209678.22,162648.49,850055.03,0.0,449066.39,0.0,1488438.83,3.36,0.0,0.0,0.0,86287.5,0.0,0.0,209678.22,162648.49,0.00,0.00,449066.39,0.00
CZ02/SCn&0&cDXHP&Ex&dxHP_equip/NE-dxHP-PkgHP-33to65-Ex-SEER13.4/instance-out.sql,3273427.83,209678.22,189898.5,850055.03,0.0,449066.39,0.0,1488438.83,3.36,0.0,0.0,0.0,86287.5,0.0,0.0,209678.22,189898.50,0.00,0.00,449066.39,0.00
CZ02/SCn&0&cDXHP&Ex&dxHP_equip/NE-dxHP-PkgHP-33to65-Ex-SEER15.2/instance-out.sql,3260028.66,209678.22,176499.33,850055.03,0.0,449066.39,0.0,1488438.83,3.36,0.0,0.0,0.0,86287.5,0.0,0.0,209678.22,176499.33,0.00,0.00,449066.39,0.00
CZ02/SCn&0&cDXHP&Ex&dxHP_equip/NE-dxHP-PkgHP-33to65-Ex-SEER16.2/instance-out.sql,3254617.13,209678.22,171087.8,850055.03,0.0,449066.39,0.0,1488438.83,3.36,0.0,0.0,0.0,86287.5,0.0,0.0,209678.22,171087.80,0.00,0.00,449066.39,0.00
CZ02/SCn&0&cDXHP&Ex&dxHP_equip/NE-dxHP-PkgHP-33to65-Ex-SEER17.1/instance-out.sql,3250290.77,209678.22,166761.44,850055.03,0.0,449066.39,0.0,1488438.83,3.36,0.0,0.0,0.0,86287.5,0.0,0.0,209678.22,166761.44,0.00,0.00,449066.39,0.00
CZ02/SCn&0&cDXHP&Ex&dxHP_equip/NE-dxHP-PkgHP-33to65-Ex-SEER18.1/instance-out.sql,3246177.82,209678.22,162648.49,850055.03,0.0,449066.39,0.0,1488438.83,3.36,0.0,0.0,0.0,86287.5,0.0,0.0,209678.22,162648.49,0.00,0.00,449066.39,0.00
CZ02/SCn&0&cDXHP&Ex&dxHP_equip/NE-dxHP-SplitHP-18to33-Ex-SEER14.3/instance-out.sql,3256278.21,199703.62,182723.49,850055.03,0.0,449066.39,0.0,1488438.83,3.36,0.0,0.0,0.0,86287.5,0.0,0.0,199703.62,182723.49,0.00,0.00,449066.39,0.00
CZ02/SCn&0&cDXHP&Ex&dxHP_equip/NE-dxHP-SplitHP-18to33-Ex-SEER15.2/instance-out.sql,3250054.06,199703.62,176499.33,850055.03,0.0,449066.39,0.0,1488438.83,3.36,0.0,0.0,0.0,86287.5,0.0,0.0,199703.62,176499.33,0.00,0.00,449066.39,0.00
CZ02/SCn&0&cDXHP&Ex&dxHP_equip/NE-dxHP-SplitHP-18to33-Ex-SEER16.2/instance-out.sql,3244642.52,199703.62,171087.8,850055.03,0.0,449066.39,0.0,1488438.83,3.36,0.0,0.0,0.0,86287.5,0.0,0.0,199703.62,171087.80,0.00,0.00,449066.39,0.00
CZ02/SCn&0&cDXHP&Ex&dxHP_equip/NE-dxHP-SplitHP-18to33-Ex-SEER17.1/instance-out.sql,3240316.16,199703.62,166761.44,850055.03,0.0,449066.39,0.0,1488438.83,3.36,0.0,0.0,0.0,86287.5,0.0,0.0,199703.62,166761.44,0.00,0.00,449066.39,0.00
CZ02/SCn&0&cDXHP&Ex&dxHP_equip/NE-dxHP-SplitHP-18to33-Ex-SEER18.1/instance-out.sql,3236203.21,199703.62,162648.49,850055.03,0.0,449066.39,0.0,1488438.83,3.36,0.0,0.0,0.0,86287.5,0.0,0.0,199703.62,162648.49,0.00,0.00,449066.39,0.00
CZ02/SCn&0&cDXHP&Ex&dxHP_equip/NE-dxHP-SplitHP-33to55-Ex-SEER14.3/instance-out.sql,3256278.21,199703.62,182723.49,850055.03,0.0,449066.39,0.0,1488438.83,3.36,0.0,0.0,0.0,86287.5,0.0,0.0,199703.62,182723.49,0.00,0.00,449066.39,0.00
CZ02/SCn&0&cDXHP&Ex&dxHP_equip/NE-dxHP-SplitHP-33to55-Ex-SEER15.2/instance-out.sql,3250054.06,199703.62,176499.33,850055.03,0.0,449066.39,0.0,1488438.83,3.36,0.0,0.0,0.0,86287.5,0.0,0.0,199703.62,176499.33,0.00,0.00,449066.39,0.00
CZ02/SCn&0&cDXHP&Ex&dxHP_equip/NE-dxHP-SplitHP-33to55-Ex-SEER16.2/instance-out.sql,3244642.52,199703.62,171087.8,850055.03,0.0,449066.39,0.0,1488438.83,3.36,0.0,0.0,0.0,86287.5,0.0,0.0,199703.62,171087.80,0.00,0.00,449066.39,0.00
CZ02/SCn&0&cDXHP&Ex&dxHP_equip/NE-dxHP-SplitHP-33to55-Ex-SEER17.1/instance-out.sql,3240316.16,199703.62,166761.44,850055.03,0.0,449066.39,0.0,1488438.83,3.36,0.0,0.0,0.0,86287.5,0.0,0.0,199703.62,166761.44,0.00,0.00,449066.39,0.00
CZ02/SCn&0&cDXHP&Ex&dxHP_equip/NE-dxHP-SplitHP-33to55-Ex-SEER18.1/instance-out.sql,3236203.21,199703.62,162648.49,850055.03,0.0,449066.39,0.0,1488438.83,3.36,0.0,0.0,0.0,86287.5,0.0,0.0,199703.62,162648.49,0.00,0.00,449066.39,0.00

File Name,Electricity (kWh),Natural Gas (kWh)
CZ01/Asm&0&cDXHP&Ex&dxHP_equip/NE-dxHP-PkgHP-18to33-Ex-SEER13.4/instance-out.sql,591061.69,24258.96
CZ01/Asm&0&cDXHP&Ex&dxHP_equip/NE-dxHP-PkgHP-18to33-Ex-SEER15.2/instance-out.sql,590906.73,24258.96
CZ01/Asm&0&cDXHP&Ex&dxHP_equip/NE-dxHP-PkgHP-18to33-Ex-SEER16.2/instance-out.sql,590844.14,24258.96
CZ01/Asm&0&cDXHP&Ex&dxHP_equip/NE-dxHP-PkgHP-18to33-Ex-SEER17.1/instance-out.sql,590794.11,24258.96
CZ01/Asm&0&cDXHP&Ex&dxHP_equip/NE-dxHP-PkgHP-18to33-Ex-SEER18.1/instance-out.sql,590746.54,24258.96
CZ01/Asm&0&cDXHP&Ex&dxHP_equip/NE-dxHP-PkgHP-33to65-Ex-SEER13.4/instance-out.sql,591061.69,24258.96
CZ01/Asm&0&cDXHP&Ex&dxHP_equip/NE-dxHP-PkgHP-33to65-Ex-SEER15.2/instance-out.sql,590906.73,24258.96
CZ01/Asm&0&cDXHP&Ex&dxHP_equip/NE-dxHP-PkgHP-33to65-Ex-SEER16.2/instance-out.sql,590844.14,24258.96
CZ01/Asm&0&cDXHP&Ex&dxHP_equip/NE-dxHP-PkgHP-33to65-Ex-SEER17.1/instance-out.sql,590794.11,24258.96
CZ01/Asm&0&cDXHP&Ex&dxHP_equip/NE-dxHP-PkgHP-33to65-Ex-SEER18.1/instance-out.sql,590746.54,24258.96
CZ01/Asm&0&cDXHP&Ex&dxHP_equip/NE-dxHP-SplitHP-18to33-Ex-SEER14.3/instance-out.sql,586771.80,24258.96
CZ01/Asm&0&cDXHP&Ex&dxHP_equip/NE-dxHP-SplitHP-18to33-Ex-SEER15.2/instance-out.sql,586699.82,24258.96
CZ01/Asm&0&cDXHP&Ex&dxHP_equip/NE-dxHP-SplitHP-18to33-Ex-SEER16.2/instance-out.sql,586637.24,24258.96
CZ01/Asm&0&cDXHP&Ex&dxHP_equip/NE-dxHP-SplitHP-18to33-Ex-SEER17.1/instance-out.sql,586587.20,24258.96
CZ01/Asm&0&cDXHP&Ex&dxHP_equip/NE-dxHP-SplitHP-18to33-Ex-SEER18.1/instance-out.sql,586539.64,24258.96
CZ01/Asm&0&cDXHP&Ex&dxHP_equip/NE-dxHP-SplitHP-33to55-Ex-SEER14.3/instance-out.sql,586771.80,24258.96
CZ01/Asm&0&cDXHP&Ex&dxHP_equip/NE-dxHP-SplitHP-33to55-Ex-SEER15.2/instance-out.sql,586699.82,24258.96
CZ01/Asm&0&cDXHP&Ex&dxHP_equip/NE-dxHP-SplitHP-33to55-Ex-SEER16.2/instance-out.sql,586637.24,24258.96
CZ01/Asm&0&cDXHP&Ex&dxHP_equip/NE-dxHP-SplitHP-33to55-Ex-SEER17.1/instance-out.sql,586587.20,24258.96
CZ01/Asm&0&cDXHP&Ex&dxHP_equip/NE-dxHP-SplitHP-33to55-Ex-SEER18.1/instance-out.sql,586539.64,24258.96
CZ01/ECC&0&cDXHP&Ex&dxHP_equip/NE-dxHP-PkgHP-18to33-Ex-SEER13.4/instance-out.sql,1866162.96,562147.20
CZ01/ECC&0&cDXHP&Ex&dxHP_equip/NE-dxHP-PkgHP-18to33-Ex-SEER15.2/instance-out.sql,1865801.24,562147.20
CZ01/ECC&0&cDXHP&Ex&dxHP_equip/NE-dxHP-PkgHP-18to33-Ex-SEER16.2/instance-out.sql,1865655.16,562147.20
CZ01/ECC&0&cDXHP&Ex&dxHP_equip/NE-dxHP-PkgHP-18to33-Ex-SEER17.1/instance-out.sql,1865538.36,562147.20
CZ01/ECC&0&cDXHP&Ex&dxHP_equip/NE-dxHP-PkgHP-18to33-Ex-SEER18.1/instance-out.sql,1865427.33,562147.20
CZ01/ECC&0&cDXHP&Ex&dxHP_equip/NE-dxHP-PkgHP-33to65-Ex-SEER13.4/instance-out.sql,1866162.96,562147.20
CZ01/ECC&0&cDXHP&Ex&dxHP_equip/NE-dxHP-PkgHP-33to65-Ex-SEER15.2/instance-out.sql,1865801.24,562147.20
CZ01/ECC&0&cDXHP&Ex&dxHP_equip/NE-dxHP-PkgHP-33to65-Ex-SEER16.2/instance-out.sql,1865655.16,562147.20
CZ01/ECC&0&cDXHP&Ex&dxHP_equip/NE-dxHP-PkgHP-33to65-Ex-SEER17.1/instance-out.sql,1865538.36,562147.20
CZ01/ECC&0&cDXHP&Ex&dxHP_equip/NE-dxHP-PkgHP-33to65-Ex-SEER18.1/instance-out.sql,1865427.33,562147.20
CZ01/ECC&0&cDXHP&Ex&dxHP_equip/NE-dxHP-SplitHP-18to33-Ex-SEER14.3/instance-out.sql,1864395.27,562147.20
CZ01/ECC&0&cDXHP&Ex&dxHP_equip/NE-dxHP-SplitHP-18to33-Ex-SEER15.2/instance-out.sql,1864227.24,562147.20
CZ01/ECC&0&cDXHP&Ex&dxHP_equip/NE-dxHP-SplitHP-18to33-Ex-SEER16.2/instance-out.sql,1864081.15,562147.20
CZ01/ECC&0&cDXHP&Ex&dxHP_equip/NE-dxHP-SplitHP-18to33-Ex-SEER17.1/instance-out.sql,1863964.36,562147.20
CZ01/ECC&0&cDXHP&Ex&dxHP_equip/NE-dxHP-SplitHP-18to33-Ex-SEER18.1/instance-out.sql,1863853.33,562147.20
CZ01/ECC&0&cDXHP&Ex&dxHP_equip/NE-dxHP-SplitHP-33to55-Ex-SEER14.3/instance-out.sql,1864395.27,562147.20
CZ01/ECC&0&cDXHP&Ex&dxHP_equip/NE-dxHP-SplitHP-33to55-Ex-SEER15.2/instance-out.sql,1864227.24,562147.20
CZ01/ECC&0&cDXHP&Ex&dxHP_equip/NE-dxHP-SplitHP-33to55-Ex-SEER16.2/instance-out.sql,1864081.15,562147.20
CZ01/ECC&0&cDXHP&Ex&dxHP_equip/NE-dxHP-SplitHP-33to55-Ex-SEER17.1/instance-out.sql,1863964.36,562147.20
CZ01/ECC&0&cDXHP&Ex&dxHP_equip/NE-dxHP-SplitHP-33to55-Ex-SEER18.1/instance-out.sql,1863853.33,562147.20
CZ01/EPr&0&cDXHP&Ex&dxHP_equip/NE-dxHP-PkgHP-18to33-Ex-SEER13.4/instance-out.sql,241742.34,136442.75
CZ01/EPr&0&cDXHP&Ex&dxHP_equip/NE-dxHP-PkgHP-18to33-Ex-SEER15.2/instance-out.sql,241688.17,136442.75
CZ01/EPr&0&cDXHP&Ex&dxHP_equip/NE-dxHP-PkgHP-18to33-Ex-SEER16.2/instance-out.sql,241666.29,136442.75
CZ01/EPr&0&cDXHP&Ex&dxHP_equip/NE-dxHP-PkgHP-18to33-Ex-SEER17.1/instance-out.sql,241648.80,136442.75
CZ01/EPr&0&cDXHP&Ex&dxHP_equip/NE-dxHP-PkgHP-18to33-Ex-SEER18.1/instance-out.sql,241632.18,136442.75
CZ01/EPr&0&cDXHP&Ex&dxHP_equip/NE-dxHP-PkgHP-33to65-Ex-SEER13.4/instance-out.sql,241742.34,136442.75
CZ01/EPr&0&cDXHP&Ex&dxHP_equip/NE-dxHP-PkgHP-33to65-Ex-SEER15.2/instance-out.sql,241688.17,136442.75
CZ01/EPr&0&cDXHP&Ex&dxHP_equip/NE-dxHP-PkgHP-33to65-Ex-SEER16.2/instance-out.sql,241666.29,136442.75
CZ01/EPr&0&cDXHP&Ex&dxHP_equip/NE-dxHP-PkgHP-33to65-Ex-SEER17.1/instance-out.sql,241648.80,136442.75
CZ01/EPr&0&cDXHP&Ex&dxHP_equip/NE-dxHP-PkgHP-33to65-Ex-SEER18.1/instance-out.sql,241632.18,136442.75
CZ01/EPr&0&cDXHP&Ex&dxHP_equip/NE-dxHP-SplitHP-18to33-Ex-SEER14.3/instance-out.sql,241109.34,136442.75
CZ01/EPr&0&cDXHP&Ex&dxHP_equip/NE-dxHP-SplitHP-18to33-Ex-SEER15.2/instance-out.sql,241084.18,136442.75
CZ01/EPr&0&cDXHP&Ex&dxHP_equip/NE-dxHP-SplitHP-18to33-Ex-SEER16.2/instance-out.sql,241062.30,136442.75
CZ01/EPr&0&cDXHP&Ex&dxHP_equip/NE-dxHP-SplitHP-18to33-Ex-SEER17.1/instance-out.sql,241044.81,136442.75
CZ01/EPr&0&cDXHP&Ex&dxHP_equip/NE-dxHP-SplitHP-18to33-Ex-SEER18.1/instance-out.sql,241028.18,136442.75
CZ01/EPr&0&cDXHP&Ex&dxHP_equip/NE-dxHP-SplitHP-33to55-Ex-SEER14.3/instance-out.sql,241109.34,136442.75
CZ01/EPr&0&cDXHP&Ex&dxHP_equip/NE-dxHP-SplitHP-33to55-Ex-SEER15.2/instance-out.sql,241084.18,136442.75
CZ01/EPr&0&cDXHP&Ex&dxHP_equip/NE-dxHP-SplitHP-33to55-Ex-SEER16.2/instance-out.sql,241062.30,136442.75
CZ01/EPr&0&cDXHP&Ex&dxHP_equip/NE-dxHP-SplitHP-33to55-Ex-SEER17.1/instance-out.sql,241044.81,136442.75
CZ01/EPr&0&cDXHP&Ex&dxHP_equip/NE-dxHP-SplitHP-33to55-Ex-SEER18.1/instance-out.sql,241028.18,136442.75
CZ01/ERC&0&cDXHP&Ex&dxHP_equip/NE-dxHP-PkgHP-18to33-Ex-SEER13.4/instance-out.sql,8476.11,9580.33
CZ01/ERC&0&cDXHP&Ex&dxHP_equip/NE-dxHP-PkgHP-18to33-Ex-SEER15.2/instance-out.sql,8474.81,9580.33
CZ01/ERC&0&cDXHP&Ex&dxHP_equip/NE-dxHP-PkgHP-18to33-Ex-SEER16.2/instance-out.sql,8474.28,9580.33
CZ01/ERC&0&cDXHP&Ex&dxHP_equip/NE-dxHP-PkgHP-18to33-Ex-SEER17.1/instance-out.sql,8473.86,9580.33
CZ01/ERC&0&cDXHP&Ex&dxHP_equip/NE-dxHP-PkgHP-18to33-Ex-SEER18.1/instance-out.sql,8473.46,9580.33
CZ01/ERC&0&cDXHP&Ex&dxHP_equip/NE-dxHP-PkgHP-33to65-Ex-SEER13.4/instance-out.sql,8476.11,9580.33
CZ01/ERC&0&cDXHP&Ex&dxHP_equip/NE-dxHP-PkgHP-33to65-Ex-SEER15.2/instance-out.sql,8474.81,9580.33
CZ01/ERC&0&cDXHP&Ex&dxHP_equip/NE-dxHP-PkgHP-33to65-Ex-SEER16.2/instance-out.sql,8474.28,9580.33
CZ01/ERC&0&cDXHP&Ex&dxHP_equip/NE-dxHP-PkgHP-33to65-Ex-SEER17.1/instance-out.sql,8473.86,9580.33
CZ01/ERC&0&cDXHP&Ex&dxHP_equip/NE-dxHP-PkgHP-33to65-Ex-SEER18.1/instance-out.sql,8473.46,9580.33
CZ01/ERC&0&cDXHP&Ex&dxHP_equip/NE-dxHP-SplitHP-18to33-Ex-SEER14.3/instance-out.sql,8430.05,9580.33
CZ01/ERC&0&cDXHP&Ex&dxHP_equip/NE-dxHP-SplitHP-18to33-Ex-SEER15.2/instance-out.sql,8429.45,9580.33
CZ01/ERC&0&cDXHP&Ex&dxHP_equip/NE-dxHP-SplitHP-18to33-Ex-SEER16.2/instance-out.sql,8428.92,9580.33
CZ01/ERC&0&cDXHP&Ex&dxHP_equip/NE-dxHP-SplitHP-18to33-Ex-SEER17.1/instance-out.sql,8428.50,9580.33
CZ01/ERC&0&cDXHP&Ex&dxHP_equip/NE-dxHP-SplitHP-18to33-Ex-SEER18.1/instance-out.sql,8428.10,9580.33
CZ01/ERC&0&cDXHP&Ex&dxHP_equip/NE-dxHP-SplitHP-33to55-Ex-SEER14.3/instance-out.sql,8430.05,9580.33
CZ01/ERC&0&cDXHP&Ex&dxHP_equip/NE-dxHP-SplitHP-33to55-Ex-SEER15.2/instance-out.sql,8429.45,9580.33
CZ01/ERC&0&cDXHP&Ex&dxHP_equip/NE-dxHP-SplitHP-33to55-Ex-SEER16.2/instance-out.sql,8428.92,9580.33
CZ01/ERC&0&cDXHP&Ex&dxHP_equip/NE-dxHP-SplitHP-33to55-Ex-SEER17.1/instance-out.sql,8428.50,9580.33
CZ01/ERC&0&cDXHP&Ex&dxHP_equip/NE-dxHP-SplitHP-33to55-Ex-SEER18.1/instance-out.sql,8428.10,9580.33
CZ01/ESe&0&cDXHP&Ex&dxHP_equip/NE-dxHP-PkgHP-18to33-Ex-SEER13.4/instance-out.sql,698896.88,525847.77
CZ01/ESe&0&cDXHP&Ex&dxHP_equip/NE-dxHP-PkgHP-18to33-Ex-SEER15.2/instance-out.sql,698817.39,525847.77
CZ01/ESe&0&cDXHP&Ex&dxHP_equip/NE-dxHP-PkgHP-18to33-Ex-SEER16.2/instance-out.sql,698785.29,525847.77
CZ01/ESe&0&cDXHP&Ex&dxHP_equip/NE-dxHP-PkgHP-18to33-Ex-SEER17.1/instance-out.sql,698759.62,525847.77
CZ01/ESe&0&cDXHP&Ex&dxHP_equip/NE-dxHP-PkgHP-18to33-Ex-SEER18.1/instance-out.sql,698735.22,525847.77
CZ01/ESe&0&cDXHP&Ex&dxHP_equip/NE-dxHP-PkgHP-33to65-Ex-SEER13.4/instance-out.sql,698896.88,525847.77
CZ01/ESe&0&cDXHP&Ex&dxHP_equip/NE-dxHP-PkgHP-33to65-Ex-SEER15.2/instance-out.sql,698817.39,525847.77
CZ01/ESe&0&cDXHP&Ex&dxHP_equip/NE-dxHP-PkgHP-33to65-Ex-SEER16.2/instance-out.sql,698785.29,525847.77
CZ01/ESe&0&cDXHP&Ex&dxHP_equip/NE-dxHP-PkgHP-33to65-Ex-SEER17.1/instance-out.sql,698759.62,525847.77
CZ01/ESe&0&cDXHP&Ex&dxHP_equip/NE-dxHP-PkgHP-33to65-Ex-SEER18.1/instance-out.sql,698735.22,525847.77
CZ01/ESe&0&cDXHP&Ex&dxHP_equip/NE-dxHP-SplitHP-18to33-Ex-SEER14.3/instance-out.sql,698552.23,525847.77
CZ01/ESe&0&cDXHP&Ex&dxHP_equip/NE-dxHP-SplitHP-18to33-Ex-SEER15.2/instance-out.sql,698515.30,525847.77
CZ01/ESe&0&cDXHP&Ex&dxHP_equip/NE-dxHP-SplitHP-18to33-Ex-SEER16.2/instance-out.sql,698483.20,525847.77
CZ01/ESe&0&cDXHP&Ex&dxHP_equip/NE-dxHP-SplitHP-18to33-Ex-SEER17.1/instance-out.sql,698457.54,525847.77
CZ01/ESe&0&cDXHP&Ex&dxHP_equip/NE-dxHP-SplitHP-18to33-Ex-SEER18.1/instance-out.sql,698433.14,525847.77
CZ01/ESe&0&cDXHP&Ex&dxHP_equip/NE-dxHP-SplitHP-33to55-Ex-SEER14.3/instance-out.sql,698552.23,525847.77
CZ01/ESe&0&cDXHP&Ex&dxHP_equip/NE-dxHP-SplitHP-33to55-Ex-SEER15.2/instance-out.sql,698515.30,525847.77
CZ01/ESe&0&cDXHP&Ex&dxHP_equip/NE-dxHP-SplitHP-33to55-Ex-SEER16.2/instance-out.sql,698483.20,525847.77
CZ01/ESe&0&cDXHP&Ex&dxHP_equip/NE-dxHP-SplitHP-33to55-Ex-SEER17.1/instance-out.sql,698457.54,525847.77
CZ01/ESe&0&cDXHP&Ex&dxHP_equip/NE-dxHP-SplitHP-33to55-Ex-SEER18.1/instance-out.sql,698433.14,525847.77
CZ01/EUn&0&cDXHP&Ex&dxHP_equip/NE-dxHP-PkgHP-18to33-Ex-SEER13.4/instance-out.sql,6774485.11,984900.53
CZ01/EUn&0&cDXHP&Ex&dxHP_equip/NE-dxHP-PkgHP-18to33-Ex-SEER15.2/instance-out.sql,6773141.84,984900.53
CZ01/EUn&0&cDXHP&Ex&dxHP_equip/NE-dxHP-PkgHP-18to33-Ex-SEER16.2/instance-out.sql,6772599.33,984900.53
CZ01/EUn&0&cDXHP&Ex&dxHP_equip/NE-dxHP-PkgHP-18to33-Ex-SEER17.1/instance-out.sql,6772165.61,984900.53
CZ01/EUn&0&cDXHP&Ex&dxHP_equip/NE-dxHP-PkgHP-18to33-Ex-SEER18.1/instance-out.sql,6771753.29,984900.53
CZ01/EUn&0&cDXHP&Ex&dxHP_equip/NE-dxHP-PkgHP-33to65-Ex-SEER13.4/instance-out.sql,6774485.11,984900.53
CZ01/EUn&0&cDXHP&Ex&dxHP_equip/NE-dxHP-PkgHP-33to65-Ex-SEER15.2/instance-out.sql,6773141.84,984900.53
CZ01/EUn&0&cDXHP&Ex&dxHP_equip/NE-dxHP-PkgHP-33to65-Ex-SEER16.2/instance-out.sql,6772599.33,984900.53
CZ01/EUn&0&cDXHP&Ex&dxHP_equip/NE-dxHP-PkgHP-33to65-Ex-SEER17.1/instance-out.sql,6772165.61,984900.53
CZ01/EUn&0&cDXHP&Ex&dxHP_equip/NE-dxHP-PkgHP-33to65-Ex-SEER18.1/instance-out.sql,6771753.29,984900.53
CZ01/EUn&0&cDXHP&Ex&dxHP_equip/NE-dxHP-SplitHP-18to33-Ex-SEER14.3/instance-out.sql,6769941.09,984900.53
CZ01/EUn&0&cDXHP&Ex&dxHP_equip/NE-dxHP-SplitHP-18to33-Ex-SEER15.2/instance-out.sql,6769317.12,984900.53
CZ01/EUn&0&cDXHP&Ex&dxHP_equip/NE-dxHP-SplitHP-18to33-Ex-SEER16.2/instance-out.sql,6768774.61,984900.53
CZ01/EUn&0&cDXHP&Ex&dxHP_equip/NE-dxHP-SplitHP-18to33-Ex-SEER17.1/instance-out.sql,6768340.90,984900.53
CZ01/EUn&0&cDXHP&Ex&dxHP_equip/NE-dxHP-SplitHP-18to33-Ex-SEER18.1/instance-out.sql,6767928.57,984900.53
CZ01/EUn&0&cDXHP&Ex&dxHP_equip/NE-dxHP-SplitHP-33to55-Ex-SEER14.3/instance-out.sql,6769941.09,984900.53
CZ01/EUn&0&cDXHP&Ex&dxHP_equip/NE-dxHP-SplitHP-33to55-Ex-SEER15.2/instance-out.sql,6769317.12,984900.53
CZ01/EUn&0&cDXHP&Ex&dxHP_equip/NE-dxHP-SplitHP-33to55-Ex-SEER16.2/instance-out.sql,6768774.61,984900.53
CZ01/EUn&0&cDXHP&Ex&dxHP_equip/NE-dxHP-SplitHP-33to55-Ex-SEER17.1/instance-out.sql,6768340.90,984900.53
CZ01/EUn&0&cDXHP&Ex&dxHP_equip/NE-dxHP-SplitHP-33to55-Ex-SEER18.1/instance-out.sql,6767928.57,984900.53
CZ01/Gro&0&cDXHP&Ex&dxHP_equip/NE-dxHP-PkgHP-18to33-Ex-SEER13.4/instance-out.sql,1174545.63,66325.43
CZ01/Gro&0&cDXHP&Ex&dxHP_equip/NE-dxHP-PkgHP-18to33-Ex-SEER15.2/instance-out.sql,1174519.37,66325.43
CZ01/Gro&0&cDXHP&Ex&dxHP_equip/NE-dxHP-PkgHP-18to33-Ex-SEER16.2/instance-out.sql,1174508.76,66325.43
CZ01/Gro&0&cDXHP&Ex&dxHP_equip/NE-dxHP-PkgHP-18to33-Ex-SEER17.1/instance-out.sql,1174500.28,66325.43
CZ01/Gro&0&cDXHP&Ex&dxHP_equip/NE-dxHP-PkgHP-18to33-Ex-SEER18.1/instance-out.sql,1174492.22,66325.43
CZ01/Gro&0&cDXHP&Ex&dxHP_equip/NE-dxHP-PkgHP-33to65-Ex-SEER13.4/instance-out.sql,1174545.63,66325.43
CZ01/Gro&0&cDXHP&Ex&dxHP_equip/NE-dxHP-PkgHP-33to65-Ex-SEER15.2/instance-out.sql,1174519.37,66325.43
CZ01/Gro&0&cDXHP&Ex&dxHP_equip/NE-dxHP-PkgHP-33to65-Ex-SEER16.2/instance-out.sql,1174508.76,66325.43
CZ01/Gro&0&cDXHP&Ex&dxHP_equip/NE-dxHP-PkgHP-33to65-Ex-SEER17.1/instance-out.sql,1174500.28,66325.43
CZ01/Gro&0&cDXHP&Ex&dxHP_equip/NE-dxHP-PkgHP-33to65-Ex-SEER18.1/instance-out.sql,1174492.22,66325.43
CZ01/Gro&0&cDXHP&Ex&dxHP_equip/NE-dxHP-SplitHP-18to33-Ex-SEER14.3/instance-out.sql,1171397.25,66325.43
CZ01/Gro&0&cDXHP&Ex&dxHP_equip/NE-dxHP-SplitHP-18to33-Ex-SEER15.2/instance-out.sql,1171385.05,66325.43
CZ01/Gro&0&cDXHP&Ex&dxHP_equip/NE-dxHP-SplitHP-18to33-Ex-SEER16.2/instance-out.sql,1171374.45,66325.43
CZ01/Gro&0&cDXHP&Ex&dxHP_equip/NE-dxHP-SplitHP-18to33-Ex-SEER17.1/instance-out.sql,1171365.97,66325.43
CZ01/Gro&0&cDXHP&Ex&dxHP_equip/NE-dxHP-SplitHP-18to33-Ex-SEER18.1/instance-out.sql,1171357.91,66325.43
CZ01/Gro&0&cDXHP&Ex&dxHP_equip/NE-dxHP-SplitHP-33to55-Ex-SEER14.3/instance-out.sql,1171397.25,66325.43
CZ01/Gro&0&cDXHP&Ex&dxHP_equip/NE-dxHP-SplitHP-33to55-Ex-SEER15.2/instance-out.sql,1171385.05,66325.43
CZ01/Gro&0&cDXHP&Ex&dxHP_equip/NE-dxHP-SplitHP-33to55-Ex-SEER16.2/instance-out.sql,1171374.45,66325.43
CZ01/Gro&0&cDXHP&Ex&dxHP_equip/NE-dxHP-SplitHP-33to55-Ex-SEER17.1/instance-out.sql,1171365.97,66325.43
CZ01/Gro&0&cDXHP&Ex&dxHP_equip/NE-dxHP-SplitHP-33to55-Ex-SEER18.1/instance-out.sql,1171357.91,66325.43
CZ01/Hsp&0&cDXHP&Ex&dxHP_equip/NE-dxHP-PkgHP-18to33-Ex-SEER13.4/instance-out.sql,2546695.88,611870.17
CZ01/Hsp&0&cDXHP&Ex&dxHP_equip/NE-dxHP-PkgHP-18to33-Ex-SEER15.2/instance-out.sql,2546558.25,611870.17
CZ01/Hsp&0&cDXHP&Ex&dxHP_equip/NE-dxHP-PkgHP-18to33-Ex-SEER16.2/instance-out.sql,2546502.66,611870.17
CZ01/Hsp&0&cDXHP&Ex&dxHP_equip/NE-dxHP-PkgHP-18to33-Ex-SEER17.1/instance-out.sql,2546458.22,611870.17
CZ01/Hsp&0&cDXHP&Ex&dxHP_equip/NE-dxHP-PkgHP-18to33-Ex-SEER18.1/instance-out.sql,2546415.97,611870.17
CZ01/Hsp&0&cDXHP&Ex&dxHP_equip/NE-dxHP-PkgHP-33to65-Ex-SEER13.4/instance-out.sql,2546695.88,611870.17
CZ01/Hsp&0&cDXHP&Ex&dxHP_equip/NE-dxHP-PkgHP-33to65-Ex-SEER15.2/instance-out.sql,2546558.25,611870.17
CZ01/Hsp&0&cDXHP&Ex&dxHP_equip/NE-dxHP-PkgHP-33to65-Ex-SEER16.2/instance-out.sql,2546502.66,611870.17
CZ01/Hsp&0&cDXHP&Ex&dxHP_equip/NE-dxHP-PkgHP-33to65-Ex-SEER17.1/instance-out.sql,2546458.22,611870.17
CZ01/Hsp&0&cDXHP&Ex&dxHP_equip/NE-dxHP-PkgHP-33to65-Ex-SEER18.1/instance-out.sql,2546415.97,611870.17
CZ01/Hsp&0&cDXHP&Ex&dxHP_equip/NE-dxHP-SplitHP-18to33-Ex-SEER14.3/instance-out.sql,2546148.02,611870.17
CZ01/Hsp&0&cDXHP&Ex&dxHP_equip/NE-dxHP-SplitHP-18to33-Ex-SEER15.2/instance-out.sql,2546084.08,611870.17
CZ01/Hsp&0&cDXHP&Ex&dxHP_equip/NE-dxHP-SplitHP-18to33-Ex-SEER16.2/instance-out.sql,2546028.49,611870.17
CZ01/Hsp&0&cDXHP&Ex&dxHP_equip/NE-dxHP-SplitHP-18to33-Ex-SEER17.1/instance-out.sql,2545984.05,611870.17
CZ01/Hsp&0&cDXHP&Ex&dxHP_equip/NE-dxHP-SplitHP-18to33-Ex-SEER18.1/instance-out.sql,2545941.80,611870.17
CZ01/Hsp&0&cDXHP&Ex&dxHP_equip/NE-dxHP-SplitHP-33to55-Ex-SEER14.3/instance-out.sql,2546148.02,611870.17
CZ01/Hsp&0&cDXHP&Ex&dxHP_equip/NE-dxHP-SplitHP-33to55-Ex-SEER15.2/instance-out.sql,2546084.08,611870.17
CZ01/Hsp&0&cDXHP&Ex&dxHP_equip/NE-dxHP-SplitHP-33to55-Ex-SEER16.2/instance-out.sql,2546028.49,611870.17
CZ01/Hsp&0&cDXHP&Ex&dxHP_equip/NE-dxHP-SplitHP-33to55-Ex-SEER17.1/instance-out.sql,2545984.05,611870.17
CZ01/Hsp&0&cDXHP&Ex&dxHP_equip/NE-dxHP-SplitHP-33to55-Ex-SEER18.1/instance-out.sql,2545941.80,611870.17
CZ01/MBT&0&cDXHP&Ex&dxHP_equip/NE-dxHP-PkgHP-18to33-Ex-SEER13.4/instance-out.sql,3135844.53,4926074.57
CZ01/MBT&0&cDXHP&Ex&dxHP_equip/NE-dxHP-PkgHP-18to33-Ex-SEER15.2/instance-out.sql,3135709.62,4926074.57
CZ01/MBT&0&cDXHP&Ex&dxHP_equip/NE-dxHP-PkgHP-18to33-Ex-SEER16.2/instance-out.sql,3135655.13,4926074.57
CZ01/MBT&0&cDXHP&Ex&dxHP_equip/NE-dxHP-PkgHP-18to33-Ex-SEER17.1/instance-out.sql,3135611.57,4926074.57
CZ01/MBT&0&cDXHP&Ex&dxHP_equip/NE-dxHP-PkgHP-18to33-Ex-SEER18.1/instance-out.sql,3135570.16,4926074.57
CZ01/MBT&0&cDXHP&Ex&dxHP_equip/NE-dxHP-PkgHP-33to65-Ex-SEER13.4/instance-out.sql,3135844.53,4926074.57
CZ01/MBT&0&cDXHP&Ex&dxHP_equip/NE-dxHP-PkgHP-33to65-Ex-SEER15.2/instance-out.sql,3135709.62,4926074.57
CZ01/MBT&0&cDXHP&Ex&dxHP_equip/NE-dxHP-PkgHP-33to65-Ex-SEER16.2/instance-out.sql,3135655.13,4926074.57
CZ01/MBT&0&cDXHP&Ex&dxHP_equip/NE-dxHP-PkgHP-33to65-Ex-SEER17.1/instance-out.sql,3135611.57,4926074.57
CZ01/MBT&0&cDXHP&Ex&dxHP_equip/NE-dxHP-PkgHP-33to65-Ex-SEER18.1/instance-out.sql,3135570.16,4926074.57
CZ01/MBT&0&cDXHP&Ex&dxHP_equip/NE-dxHP-SplitHP-18to33-Ex-SEER14.3/instance-out.sql,3133693.94,4926074.57
CZ01/MBT&0&cDXHP&Ex&dxHP_equip/NE-dxHP-SplitHP-18to33-Ex-SEER15.2/instance-out.sql,3133631.27,4926074.57
CZ01/MBT&0&cDXHP&Ex&dxHP_equip/NE-dxHP-SplitHP-18to33-Ex-SEER16.2/instance-out.sql,3133576.78,4926074.57
CZ01/MBT&0&cDXHP&Ex&dxHP_equip/NE-dxHP-SplitHP-18to33-Ex-SEER17.1/instance-out.sql,3133533.22,4926074.57
CZ01/MBT&0&cDXHP&Ex&dxHP_equip/NE-dxHP-SplitHP-18to33-Ex-SEER18.1/instance-out.sql,3133491.81,4926074.57
CZ01/MBT&0&cDXHP&Ex&dxHP_equip/NE-dxHP-SplitHP-33to55-Ex-SEER14.3/instance-out.sql,3133693.94,4926074.57
CZ01/MBT&0&cDXHP&Ex&dxHP_equip/NE-dxHP-SplitHP-33to55-Ex-SEER15.2/instance-out.sql,3133631.27,4926074.57
CZ01/MBT&0&cDXHP&Ex&dxHP_equip/NE-dxHP-SplitHP-33to55-Ex-SEER16.2/instance-out.sql,3133576.78,4926074.57
CZ01/MBT&0&cDXHP&Ex&dxHP_equip/NE-dxHP-SplitHP-33to55-Ex-SEER17.1/instance-out.sql,3133533.22,4926074.57
CZ01/MBT&0&cDXHP&Ex&dxHP_equip/NE-dxHP-SplitHP-33to55-Ex-SEER18.1/instance-out.sql,3133491.81,4926074.57
CZ01/MLI&0&cDXHP&Ex&dxHP_equip/NE-dxHP-PkgHP-18to33-Ex-SEER13.4/instance-out.sql,893044.17,53096.18
CZ01/MLI&0&cDXHP&Ex&dxHP_equip/NE-dxHP-PkgHP-18to33-Ex-SEER15.2/instance-out.sql,892945.13,53096.18
CZ01/MLI&0&cDXHP&Ex&dxHP_equip/NE-dxHP-PkgHP-18to33-Ex-SEER16.2/instance-out.sql,892905.14,53096.18
CZ01/MLI&0&cDXHP&Ex&dxHP_equip/NE-dxHP-PkgHP-18to33-Ex-SEER17.1/instance-out.sql,892873.16,53096.18
CZ01/MLI&0&cDXHP&Ex&dxHP_equip/NE-dxHP-PkgHP-18to33-Ex-SEER18.1/instance-out.sql,892842.76,53096.18
CZ01/MLI&0&cDXHP&Ex&dxHP_equip/NE-dxHP-PkgHP-33to65-Ex-SEER13.4/instance-out.sql,893044.17,53096.18
CZ01/MLI&0&cDXHP&Ex&dxHP_equip/NE-dxHP-PkgHP-33to65-Ex-SEER15.2/instance-out.sql,892945.13,53096.18
CZ01/MLI&0&cDXHP&Ex&dxHP_equip/NE-dxHP-PkgHP-33to65-Ex-SEER16.2/instance-out.sql,892905.14,53096.18
CZ01/MLI&0&cDXHP&Ex&dxHP_equip/NE-dxHP-PkgHP-33to65-Ex-SEER17.1/instance-out.sql,892873.16,53096.18
CZ01/MLI&0&cDXHP&Ex&dxHP_equip/NE-dxHP-PkgHP-33to65-Ex-SEER18.1/instance-out.sql,892842.76,53096.18
CZ01/MLI&0&cDXHP&Ex&dxHP_equip/NE-dxHP-SplitHP-18to33-Ex-SEER14.3/instance-out.sql,890455.80,53096.18
CZ01/MLI&0&cDXHP&Ex&dxHP_equip/NE-dxHP-SplitHP-18to33-Ex-SEER15.2/instance-out.sql,890409.80,53096.18
CZ01/MLI&0&cDXHP&Ex&dxHP_equip/NE-dxHP-SplitHP-18to33-Ex-SEER16.2/instance-out.sql,890369.80,53096.18
CZ01/MLI&0&cDXHP&Ex&dxHP_equip/NE-dxHP-SplitHP-18to33-Ex-SEER17.1/instance-out.sql,890337.83,53096.18
CZ01/MLI&0&cDXHP&Ex&dxHP_equip/NE-dxHP-SplitHP-18to33-Ex-SEER18.1/instance-out.sql,890307.43,53096.18
CZ01/MLI&0&cDXHP&Ex&dxHP_equip/NE-dxHP-SplitHP-33to55-Ex-SEER14.3/instance-out.sql,890455.80,53096.18
CZ01/MLI&0&cDXHP&Ex&dxHP_equip/NE-dxHP-SplitHP-33to55-Ex-SEER15.2/instance-out.sql,890409.80,53096.18
CZ01/MLI&0&cDXHP&Ex&dxHP_equip/NE-dxHP-SplitHP-33to55-Ex-SEER16.2/instance-out.sql,890369.80,53096.18
CZ01/MLI&0&cDXHP&Ex&dxHP_equip/NE-dxHP-SplitHP-33to55-Ex-SEER17.1/instance-out.sql,890337.83,53096.18
CZ01/MLI&0&cDXHP&Ex&dxHP_equip/NE-dxHP-SplitHP-33to55-Ex-SEER18.1/instance-out.sql,890307.43,53096.18
CZ01/Mtl&0&cDXHP&Ex&dxHP_equip/NE-dxHP-PkgHP-18to33-Ex-SEER13.4/instance-out.sql,132041.73,8759.88
CZ01/Mtl&0&cDXHP&Ex&dxHP_equip/NE-dxHP-PkgHP-18to33-Ex-SEER15.2/instance-out.sql,131993.01,8759.88
CZ01/Mtl&0&cDXHP&Ex&dxHP_equip/NE-dxHP-PkgHP-18to33-Ex-SEER16.2/instance-out.sql,131973.33,8759.88
CZ01/Mtl&0&cDXHP&Ex&dxHP_equip/NE-dxHP-PkgHP-18to33-Ex-SEER17.1/instance-out.sql,131957.60,8759.88
CZ01/Mtl&0&cDXHP&Ex&dxHP_equip/NE-dxHP-PkgHP-18to33-Ex-SEER18.1/instance-out.sql,131942.65,8759.88
CZ01/Mtl&0&cDXHP&Ex&dxHP_equip/NE-dxHP-PkgHP-33to65-Ex-SEER13.4/instance-out.sql,132041.73,8759.88
CZ01/Mtl&0&cDXHP&Ex&dxHP_equip/NE-dxHP-PkgHP-33to65-Ex-SEER15.2/instance-out.sql,131993.01,8759.88
CZ01/Mtl&0&cDXHP&Ex&dxHP_equip/NE-dxHP-PkgHP-33to65-Ex-SEER16.2/instance-out.sql,131973.33,8759.88
CZ01/Mtl&0&cDXHP&Ex&dxHP_equip/NE-dxHP-PkgHP-33to65-Ex-SEER17.1/instance-out.sql,131957.60,8759.88
CZ01/Mtl&0&cDXHP&Ex&dxHP_equip/NE-dxHP-PkgHP-33to65-Ex-SEER18.1/instance-out.sql,131942.65,8759.88
CZ01/Mtl&0&cDXHP&Ex&dxHP_equip/NE-dxHP-SplitHP-18to33-Ex-SEER14.3/instance-out.sql,131605.99,8759.88
CZ01/Mtl&0&cDXHP&Ex&dxHP_equip/NE-dxHP-SplitHP-18to33-Ex-SEER15.2/instance-out.sql,131583.36,8759.88
CZ01/Mtl&0&cDXHP&Ex&dxHP_equip/NE-dxHP-SplitHP-18to33-Ex-SEER16.2/instance-out.sql,131563.68,8759.88
CZ01/Mtl&0&cDXHP&Ex&dxHP_equip/NE-dxHP-SplitHP-18to33-Ex-SEER17.1/instance-out.sql,131547.95,8759.88
CZ01/Mtl&0&cDXHP&Ex&dxHP_equip/NE-dxHP-SplitHP-18to33-Ex-SEER18.1/instance-out.sql,131532.99,8759.88
CZ01/Mtl&0&cDXHP&Ex&dxHP_equip/NE-dxHP-SplitHP-33to55-Ex-SEER14.3/instance-out.sql,131605.99,8759.88
CZ01/Mtl&0&cDXHP&Ex&dxHP_equip/NE-dxHP-SplitHP-33to55-Ex-SEER15.2/instance-out.sql,131583.36,8759.88
CZ01/Mtl&0&cDXHP&Ex&dxHP_equip/NE-dxHP-SplitHP-33to55-Ex-SEER16.2/instance-out.sql,131563.68,8759.88
CZ01/Mtl&0&cDXHP&Ex&dxHP_equip/NE-dxHP-SplitHP-33to55-Ex-SEER17.1/instance-out.sql,131547.95,8759.88
CZ01/Mtl&0&cDXHP&Ex&dxHP_equip/NE-dxHP-SplitHP-33to55-Ex-SEER18.1/instance-out.sql,131532.99,8759.88
CZ01/Nrs&0&cDXHP&Ex&dxHP_equip/NE-dxHP-PkgHP-18to33-Ex-SEER13.4/instance-out.sql,643830.59,257193.32
CZ01/Nrs&0&cDXHP&Ex&dxHP_equip/NE-dxHP-PkgHP-18to33-Ex-SEER15.2/instance-out.sql,643761.74,257193.32
CZ01/Nrs&0&cDXHP&Ex&dxHP_equip/NE-dxHP-PkgHP-18to33-Ex-SEER16.2/instance-out.sql,643733.93,257193.32
CZ01/Nrs&0&cDXHP&Ex&dxHP_equip/NE-dxHP-PkgHP-18to33-Ex-SEER17.1/instance-out.sql,643711.70,257193.32
CZ01/Nrs&0&cDXHP&Ex&dxHP_equip/NE-dxHP-PkgHP-18to33-Ex-SEER18.1/instance-out.sql,643690.56,257193.32
CZ01/Nrs&0&cDXHP&Ex&dxHP_equip/NE-dxHP-PkgHP-33to65-Ex-SEER13.4/instance-out.sql,643830.59,257193.32
CZ01/Nrs&0&cDXHP&Ex&dxHP_equip/NE-dxHP-PkgHP-33to65-Ex-SEER15.2/instance-out.sql,643761.74,257193.32
CZ01/Nrs&0&cDXHP&Ex&dxHP_equip/NE-dxHP-PkgHP-33to65-Ex-SEER16.2/instance-out.sql,643733.93,257193.32
CZ01/Nrs&0&cDXHP&Ex&dxHP_equip/NE-dxHP-PkgHP-33to65-Ex-SEER17.1/instance-out.sql,643711.70,257193.32
CZ01/Nrs&0&cDXHP&Ex&dxHP_equip/NE-dxHP-PkgHP-33to65-Ex-SEER18.1/instance-out.sql,643690.56,257193.32
CZ01/Nrs&0&cDXHP&Ex&dxHP_equip/NE-dxHP-SplitHP-18to33-Ex-SEER14.3/instance-out.sql,643341.60,257193.32
CZ01/Nrs&0&cDXHP&Ex&dxHP_equip/NE-dxHP-SplitHP-18to33-Ex-SEER15.2/instance-out.sql,643309.62,257193.32
CZ01/Nrs&0&cDXHP&Ex&dxHP_equip/NE-dxHP-SplitHP-18to33-Ex-SEER16.2/instance-out.sql,643281.81,257193.32
CZ01/Nrs&0&cDXHP&Ex&dxHP_equip/NE-dxHP-SplitHP-18to33-Ex-SEER17.1/instance-out.sql,643259.58,257193.32
CZ01/Nrs&0&cDXHP&Ex&dxHP_equip/NE-dxHP-SplitHP-18to33-Ex-SEER18.1/instance-out.sql,643238.45,257193.32
CZ01/Nrs&0&cDXHP&Ex&dxHP_equip/NE-dxHP-SplitHP-33to55-Ex-SEER14.3/instance-out.sql,643341.60,257193.32
CZ01/Nrs&0&cDXHP&Ex&dxHP_equip/NE-dxHP-SplitHP-33to55-Ex-SEER15.2/instance-out.sql,643309.62,257193.32
CZ01/Nrs&0&cDXHP&Ex&dxHP_equip/NE-dxHP-SplitHP-33to55-Ex-SEER16.2/instance-out.sql,643281.81,257193.32
CZ01/Nrs&0&cDXHP&Ex&dxHP_equip/NE-dxHP-SplitHP-33to55-Ex-SEER17.1/instance-out.sql,643259.58,257193.32
CZ01/Nrs&0&cDXHP&Ex&dxHP_equip/NE-dxHP-SplitHP-33to55-Ex-SEER18.1/instance-out.sql,643238.45,257193.32
CZ01/OfL&0&cDXHP&Ex&dxHP_equip/NE-dxHP-PkgHP-18to33-Ex-SEER13.4/instance-out.sql,2118186.58,173651.37
CZ01/OfL&0&cDXHP&Ex&dxHP_equip/NE-dxHP-PkgHP-18to33-Ex-SEER15.2/instance-out.sql,2117553.08,173651.37
CZ01/OfL&0&cDXHP&Ex&dxHP_equip/NE-dxHP-PkgHP-18to33-Ex-SEER16.2/instance-out.sql,2117297.23,173651.37
CZ01/OfL&0&cDXHP&Ex&dxHP_equip/NE-dxHP-PkgHP-18to33-Ex-SEER17.1/instance-out.sql,2117092.68,173651.37
CZ01/OfL&0&cDXHP&Ex&dxHP_equip/NE-dxHP-PkgHP-18to33-Ex-SEER18.1/instance-out.sql,2116898.23,173651.37
CZ01/OfL&0&cDXHP&Ex&dxHP_equip/NE-dxHP-PkgHP-33to65-Ex-SEER13.4/instance-out.sql,2118186.58,173651.37
CZ01/OfL&0&cDXHP&Ex&dxHP_equip/NE-dxHP-PkgHP-33to65-Ex-SEER15.2/instance-out.sql,2117553.08,173651.37
CZ01/OfL&0&cDXHP&Ex&dxHP_equip/NE-dxHP-PkgHP-33to65-Ex-SEER16.2/instance-out.sql,2117297.23,173651.37
CZ01/OfL&0&cDXHP&Ex&dxHP_equip/NE-dxHP-PkgHP-33to65-Ex-SEER17.1/instance-out.sql,2117092.68,173651.37
CZ01/OfL&0&cDXHP&Ex&dxHP_equip/NE-dxHP-PkgHP-33to65-Ex-SEER18.1/instance-out.sql,2116898.23,173651.37
CZ01/OfL&0&cDXHP&Ex&dxHP_equip/NE-dxHP-SplitHP-18to33-Ex-SEER14.3/instance-out.sql,2116976.30,173651.37
CZ01/OfL&0&cDXHP&Ex&dxHP_equip/NE-dxHP-SplitHP-18to33-Ex-SEER15.2/instance-out.sql,2116682.03,173651.37
CZ01/OfL&0&cDXHP&Ex&dxHP_equip/NE-dxHP-SplitHP-18to33-Ex-SEER16.2/instance-out.sql,2116426.17,173651.37
CZ01/OfL&0&cDXHP&Ex&dxHP_equip/NE-dxHP-SplitHP-18to33-Ex-SEER17.1/instance-out.sql,2116221.63,173651.37
CZ01/OfL&0&cDXHP&Ex&dxHP_equip/NE-dxHP-SplitHP-18to33-Ex-SEER18.1/instance-out.sql,2116027.17,173651.37
CZ01/OfL&0&cDXHP&Ex&dxHP_equip/NE-dxHP-SplitHP-33to55-Ex-SEER14.3/instance-out.sql,2116976.30,173651.37
CZ01/OfL&0&cDXHP&Ex&dxHP_equip/NE-dxHP-SplitHP-33to55-Ex-SEER15.2/instance-out.sql,2116682.03,173651.37
CZ01/OfL&0&cDXHP&Ex&dxHP_equip/NE-dxHP-SplitHP-33to55-Ex-SEER16.2/instance-out.sql,2116426.17,173651.37
CZ01/OfL&0&cDXHP&Ex&dxHP_equip/NE-dxHP-SplitHP-33to55-Ex-SEER17.1/instance-out.sql,2116221.63,173651.37
CZ01/OfL&0&cDXHP&Ex&dxHP_equip/NE-dxHP-SplitHP-33to55-Ex-SEER18.1/instance-out.sql,2116027.17,173651.37
CZ01/OfS&0&cDXHP&Ex&dxHP_equip/NE-dxHP-PkgHP-18to33-Ex-SEER13.4/instance-out.sql,106044.44,24028.89
CZ01/OfS&0&cDXHP&Ex&dxHP_equip/NE-dxHP-PkgHP-18to33-Ex-SEER15.2/instance-out.sql,106006.26,24028.89
CZ01/OfS&0&cDXHP&Ex&dxHP_equip/NE-dxHP-PkgHP-18to33-Ex-SEER16.2/instance-out.sql,105990.84,24028.89
CZ01/OfS&0&cDXHP&Ex&dxHP_equip/NE-dxHP-PkgHP-18to33-Ex-SEER17.1/instance-out.sql,105978.51,24028.89
CZ01/OfS&0&cDXHP&Ex&dxHP_equip/NE-dxHP-PkgHP-18to33-Ex-SEER18.1/instance-out.sql,105966.78,24028.89
CZ01/OfS&0&cDXHP&Ex&dxHP_equip/NE-dxHP-PkgHP-33to65-Ex-SEER13.4/instance-out.sql,106044.44,24028.89
CZ01/OfS&0&cDXHP&Ex&dxHP_equip/NE-dxHP-PkgHP-33to65-Ex-SEER15.2/instance-out.sql,106006.26,24028.89
CZ01/OfS&0&cDXHP&Ex&dxHP_equip/NE-dxHP-PkgHP-33to65-Ex-SEER16.2/instance-out.sql,105990.84,24028.89
CZ01/OfS&0&cDXHP&Ex&dxHP_equip/NE-dxHP-PkgHP-33to65-Ex-SEER17.1/instance-out.sql,105978.51,24028.89
CZ01/OfS&0&cDXHP&Ex&dxHP_equip/NE-dxHP-PkgHP-33to65-Ex-SEER18.1/instance-out.sql,105966.78,24028.89
CZ01/OfS&0&cDXHP&Ex&dxHP_equip/NE-dxHP-SplitHP-18to33-Ex-SEER14.3/instance-out.sql,105872.48,24028.89
CZ01/OfS&0&cDXHP&Ex&dxHP_equip/NE-dxHP-SplitHP-18to33-Ex-SEER15.2/instance-out.sql,105854.75,24028.89
CZ01/OfS&0&cDXHP&Ex&dxHP_equip/NE-dxHP-SplitHP-18to33-Ex-SEER16.2/instance-out.sql,105839.32,24028.89
CZ01/OfS&0&cDXHP&Ex&dxHP_equip/NE-dxHP-SplitHP-18to33-Ex-SEER17.1/instance-out.sql,105826.99,24028.89
CZ01/OfS&0&cDXHP&Ex&dxHP_equip/NE-dxHP-SplitHP-18to33-Ex-SEER18.1/instance-out.sql,105815.27,24028.89
CZ01/OfS&0&cDXHP&Ex&dxHP_equip/NE-dxHP-SplitHP-33to55-Ex-SEER14.3/instance-out.sql,105872.48,24028.89
CZ01/OfS&0&cDXHP&Ex&dxHP_equip/NE-dxHP-SplitHP-33to55-Ex-SEER15.2/instance-out.sql,105854.75,24028.89
CZ01/OfS&0&cDXHP&Ex&dxHP_equip/NE-dxHP-SplitHP-33to55-Ex-SEER16.2/instance-out.sql,105839.32,24028.89
CZ01/OfS&0&cDXHP&Ex&dxHP_equip/NE-dxHP-SplitHP-33to55-Ex-SEER17.1/instance-out.sql,105826.99,24028.89
CZ01/OfS&0&cDXHP&Ex&dxHP_equip/NE-dxHP-SplitHP-33to55-Ex-SEER18.1/instance-out.sql,105815.27,24028.89
CZ01/RFF&0&cDXHP&Ex&dxHP_equip/NE-dxHP-PkgHP-18to33-Ex-SEER13.4/instance-out.sql,53557.13,47300.35
CZ01/RFF&0&cDXHP&Ex&dxHP_equip/NE-dxHP-PkgHP-18to33-Ex-SEER15.2/instance-out.sql,53548.77,47300.35
CZ01/RFF&0&cDXHP&Ex&dxHP_equip/NE-dxHP-PkgHP-18to33-Ex-SEER16.2/instance-out.sql,53545.40,47300.35
CZ01/RFF&0&cDXHP&Ex&dxHP_equip/NE-dxHP-PkgHP-18to33-Ex-SEER17.1/instance-out.sql,53542.70,47300.35
CZ01/RFF&0&cDXHP&Ex&dxHP_equip/NE-dxHP-PkgHP-18to33-Ex-SEER18.1/instance-out.sql,53540.14,47300.35
CZ01/RFF&0&cDXHP&Ex&dxHP_equip/NE-dxHP-PkgHP-33to65-Ex-SEER13.4/instance-out.sql,53557.13,47300.35
CZ01/RFF&0&cDXHP&Ex&dxHP_equip/NE-dxHP-PkgHP-33to65-Ex-SEER15.2/instance-out.sql,53548.77,47300.35
CZ01/RFF&0&cDXHP&Ex&dxHP_equip/NE-dxHP-PkgHP-33to65-Ex-SEER16.2/instance-out.sql,53545.40,47300.35
CZ01/RFF&0&cDXHP&Ex&dxHP_equip/NE-dxHP-PkgHP-33to65-Ex-SEER17.1/instance-out.sql,53542.70,47300.35
CZ01/RFF&0&cDXHP&Ex&dxHP_equip/NE-dxHP-PkgHP-33to65-Ex-SEER18.1/instance-out.sql,53540.14,47300.35
CZ01/RFF&0&cDXHP&Ex&dxHP_equip/NE-dxHP-SplitHP-18to33-Ex-SEER14.3/instance-out.sql,53460.49,47300.35
CZ01/RFF&0&cDXHP&Ex&dxHP_equip/NE-dxHP-SplitHP-18to33-Ex-SEER15.2/instance-out.sql,53456.61,47300.35
CZ01/RFF&0&cDXHP&Ex&dxHP_equip/NE-dxHP-SplitHP-18to33-Ex-SEER16.2/instance-out.sql,53453.24,47300.35
CZ01/RFF&0&cDXHP&Ex&dxHP_equip/NE-dxHP-SplitHP-18to33-Ex-SEER17.1/instance-out.sql,53450.54,47300.35
CZ01/RFF&0&cDXHP&Ex&dxHP_equip/NE-dxHP-SplitHP-18to33-Ex-SEER18.1/instance-out.sql,53447.97,47300.35
CZ01/RFF&0&cDXHP&Ex&dxHP_equip/NE-dxHP-SplitHP-33to55-Ex-SEER14.3/instance-out.sql,53460.49,47300.35
CZ01/RFF&0&cDXHP&Ex&dxHP_equip/NE-dxHP-SplitHP-33to55-Ex-SEER15.2/instance-out.sql,53456.61,47300.35
CZ01/RFF&0&cDXHP&Ex&dxHP_equip/NE-dxHP-SplitHP-33to55-Ex-SEER16.2/instance-out.sql,53453.24,47300.35
CZ01/RFF&0&cDXHP&Ex&dxHP_equip/NE-dxHP-SplitHP-33to55-Ex-SEER17.1/instance-out.sql,53450.54,47300.35
CZ01/RFF&0&cDXHP&Ex&dxHP_equip/NE-dxHP-SplitHP-33to55-Ex-SEER18.1/instance-out.sql,53447.97,47300.35
CZ01/RSD&0&cDXHP&Ex&dxHP_equip/NE-dxHP-PkgHP-18to33-Ex-SEER13.4/instance-out.sql,110485.33,137568.94
CZ01/RSD&0&cDXHP&Ex&dxHP_equip/NE-dxHP-PkgHP-18to33-Ex-SEER15.2/instance-out.sql,110482.37,137568.94
CZ01/RSD&0&cDXHP&Ex&dxHP_equip/NE-dxHP-PkgHP-18to33-Ex-SEER16.2/instance-out.sql,110481.18,137568.94
CZ01/RSD&0&cDXHP&Ex&dxHP_equip/NE-dxHP-PkgHP-18to33-Ex-SEER17.1/instance-out.sql,110480.22,137568.94
CZ01/RSD&0&cDXHP&Ex&dxHP_equip/NE-dxHP-PkgHP-18to33-Ex-SEER18.1/instance-out.sql,110479.31,137568.94
CZ01/RSD&0&cDXHP&Ex&dxHP_equip/NE-dxHP-PkgHP-33to65-Ex-SEER13.4/instance-out.sql,110485.33,137568.94
CZ01/RSD&0&cDXHP&Ex&dxHP_equip/NE-dxHP-PkgHP-33to65-Ex-SEER15.2/instance-out.sql,110482.37,137568.94
CZ01/RSD&0&cDXHP&Ex&dxHP_equip/NE-dxHP-PkgHP-33to65-Ex-SEER16.2/instance-out.sql,110481.18,137568.94
CZ01/RSD&0&cDXHP&Ex&dxHP_equip/NE-dxHP-PkgHP-33to65-Ex-SEER17.1/instance-out.sql,110480.22,137568.94
CZ01/RSD&0&cDXHP&Ex&dxHP_equip/NE-dxHP-PkgHP-33to65-Ex-SEER18.1/instance-out.sql,110479.31,137568.94
CZ01/RSD&0&cDXHP&Ex&dxHP_equip/NE-dxHP-SplitHP-18to33-Ex-SEER14.3/instance-out.sql,110434.44,137568.94
CZ01/RSD&0&cDXHP&Ex&dxHP_equip/NE-dxHP-SplitHP-18to33-Ex-SEER15.2/instance-out.sql,110433.07,137568.94
CZ01/RSD&0&cDXHP&Ex&dxHP_equip/NE-dxHP-SplitHP-18to33-Ex-SEER16.2/instance-out.sql,110431.87,137568.94
CZ01/RSD&0&cDXHP&Ex&dxHP_equip/NE-dxHP-SplitHP-18to33-Ex-SEER17.1/instance-out.sql,110430.91,137568.94
CZ01/RSD&0&cDXHP&Ex&dxHP_equip/NE-dxHP-SplitHP-18to33-Ex-SEER18.1/instance-out.sql,110430.00,137568.94
CZ01/RSD&0&cDXHP&Ex&dxHP_equip/NE-dxHP-SplitHP-33to55-Ex-SEER14.3/instance-out.sql,110434.44,137568.94
CZ01/RSD&0&cDXHP&Ex&dxHP_equip/NE-dxHP-SplitHP-33to55-Ex-SEER15.2/instance-out.sql,110433.07,137568.94
CZ01/RSD&0&cDXHP&Ex&dxHP_equip/NE-dxHP-SplitHP-33to55-Ex-SEER16.2/instance-out.sql,110431.87,137568.94
CZ01/RSD&0&cDXHP&Ex&dxHP_equip/NE-dxHP-SplitHP-33to55-Ex-SEER17.1/instance-out.sql,110430.91,137568.94
CZ01/RSD&0&cDXHP&Ex&dxHP_equip/NE-dxHP-SplitHP-33to55-Ex-SEER18.1/instance-out.sql,110430.00,137568.94
CZ01/Rt3&0&cDXHP&Ex&dxHP_equip/NE-dxHP-PkgHP-18to33-Ex-SEER13.4/instance-out.sql,1698388.76,193909.19
CZ01/Rt3&0&cDXHP&Ex&dxHP_equip/NE-dxHP-PkgHP-18to33-Ex-SEER15.2/instance-out.sql,1698127.09,193909.19
CZ01/Rt3&0&cDXHP&Ex&dxHP_equip/NE-dxHP-PkgHP-18to33-Ex-SEER16.2/instance-out.sql,1698021.41,193909.19
CZ01/Rt3&0&cDXHP&Ex&dxHP_equip/NE-dxHP-PkgHP-18to33-Ex-SEER17.1/instance-out.sql,1697936.93,193909.19
CZ01/Rt3&0&cDXHP&Ex&dxHP_equip/NE-dxHP-PkgHP-18to33-Ex-SEER18.1/instance-out.sql,1697856.61,193909.19
CZ01/Rt3&0&cDXHP&Ex&dxHP_equip/NE-dxHP-PkgHP-33to65-Ex-SEER13.4/instance-out.sql,1698388.76,193909.19
CZ01/Rt3&0&cDXHP&Ex&dxHP_equip/NE-dxHP-PkgHP-33to65-Ex-SEER15.2/instance-out.sql,1698127.09,193909.19
CZ01/Rt3&0&cDXHP&Ex&dxHP_equip/NE-dxHP-PkgHP-33to65-Ex-SEER16.2/instance-out.sql,1698021.41,193909.19
CZ01/Rt3&0&cDXHP&Ex&dxHP_equip/NE-dxHP-PkgHP-33to65-Ex-SEER17.1/instance-out.sql,1697936.93,193909.19
CZ01/Rt3&0&cDXHP&Ex&dxHP_equip/NE-dxHP-PkgHP-33to65-Ex-SEER18.1/instance-out.sql,1697856.61,193909.19
CZ01/Rt3&0&cDXHP&Ex&dxHP_equip/NE-dxHP-SplitHP-18to33-Ex-SEER14.3/instance-out.sql,1697292.33,193909.19
CZ01/Rt3&0&cDXHP&Ex&dxHP_equip/NE-dxHP-SplitHP-18to33-Ex-SEER15.2/instance-out.sql,1697170.78,193909.19
CZ01/Rt3&0&cDXHP&Ex&dxHP_equip/NE-dxHP-SplitHP-18to33-Ex-SEER16.2/instance-out.sql,1697065.11,193909.19
CZ01/Rt3&0&cDXHP&Ex&dxHP_equip/NE-dxHP-SplitHP-18to33-Ex-SEER17.1/instance-out.sql,1696980.62,193909.19
CZ01/Rt3&0&cDXHP&Ex&dxHP_equip/NE-dxHP-SplitHP-18to33-Ex-SEER18.1/instance-out.sql,1696900.30,193909.19
CZ01/Rt3&0&cDXHP&Ex&dxHP_equip/NE-dxHP-SplitHP-33to55-Ex-SEER14.3/instance-out.sql,1697292.33,193909.19
CZ01/Rt3&0&cDXHP&Ex&dxHP_equip/NE-dxHP-SplitHP-33to55-Ex-SEER15.2/instance-out.sql,1697170.78,193909.19
CZ01/Rt3&0&cDXHP&Ex&dxHP_equip/NE-dxHP-SplitHP-33to55-Ex-SEER16.2/instance-out.sql,1697065.11,193909.19
CZ01/Rt3&0&cDXHP&Ex&dxHP_equip/NE-dxHP-SplitHP-33to55-Ex-SEER17.1/instance-out.sql,1696980.62,193909.19
CZ01/Rt3&0&cDXHP&Ex&dxHP_equip/NE-dxHP-SplitHP-33to55-Ex-SEER18.1/instance-out.sql,1696900.30,193909.19
CZ01/RtL&0&cDXHP&Ex&dxHP_equip/NE-dxHP-PkgHP-18to33-Ex-SEER13.4/instance-out.sql,1733074.00,180181.57
CZ01/RtL&0&cDXHP&Ex&dxHP_equip/NE-dxHP-PkgHP-18to33-Ex-SEER15.2/instance-out.sql,1732773.99,180181.57
CZ01/RtL&0&cDXHP&Ex&dxHP_equip/NE-dxHP-PkgHP-18to33-Ex-SEER16.2/instance-out.sql,1732652.82,180181.57
CZ01/RtL&0&cDXHP&Ex&dxHP_equip/NE-dxHP-PkgHP-18to33-Ex-SEER17.1/instance-out.sql,1732555.95,180181.57
CZ01/RtL&0&cDXHP&Ex&dxHP_equip/NE-dxHP-PkgHP-18to33-Ex-SEER18.1/instance-out.sql,1732463.86,180181.57
CZ01/RtL&0&cDXHP&Ex&dxHP_equip/NE-dxHP-PkgHP-33to65-Ex-SEER13.4/instance-out.sql,1733074.00,180181.57
CZ01/RtL&0&cDXHP&Ex&dxHP_equip/NE-dxHP-PkgHP-33to65-Ex-SEER15.2/instance-out.sql,1732773.99,180181.57
CZ01/RtL&0&cDXHP&Ex&dxHP_equip/NE-dxHP-PkgHP-33to65-Ex-SEER16.2/instance-out.sql,1732652.82,180181.57
CZ01/RtL&0&cDXHP&Ex&dxHP_equip/NE-dxHP-PkgHP-33to65-Ex-SEER17.1/instance-out.sql,1732555.95,180181.57
CZ01/RtL&0&cDXHP&Ex&dxHP_equip/NE-dxHP-PkgHP-33to65-Ex-SEER18.1/instance-out.sql,1732463.86,180181.57
CZ01/RtL&0&cDXHP&Ex&dxHP_equip/NE-dxHP-SplitHP-18to33-Ex-SEER14.3/instance-out.sql,1731989.84,180181.57
CZ01/RtL&0&cDXHP&Ex&dxHP_equip/NE-dxHP-SplitHP-18to33-Ex-SEER15.2/instance-out.sql,1731850.48,180181.57
CZ01/RtL&0&cDXHP&Ex&dxHP_equip/NE-dxHP-SplitHP-18to33-Ex-SEER16.2/instance-out.sql,1731729.31,180181.57
CZ01/RtL&0&cDXHP&Ex&dxHP_equip/NE-dxHP-SplitHP-18to33-Ex-SEER17.1/instance-out.sql,1731632.44,180181.57
CZ01/RtL&0&cDXHP&Ex&dxHP_equip/NE-dxHP-SplitHP-18to33-Ex-SEER18.1/instance-out.sql,1731540.35,180181.57
CZ01/RtL&0&cDXHP&Ex&dxHP_equip/NE-dxHP-SplitHP-33to55-Ex-SEER14.3/instance-out.sql,1731989.84,180181.57
CZ01/RtL&0&cDXHP&Ex&dxHP_equip/NE-dxHP-SplitHP-33to55-Ex-SEER15.2/instance-out.sql,1731850.48,180181.57
CZ01/RtL&0&cDXHP&Ex&dxHP_equip/NE-dxHP-SplitHP-33to55-Ex-SEER16.2/instance-out.sql,1731729.31,180181.57
CZ01/RtL&0&cDXHP&Ex&dxHP_equip/NE-dxHP-SplitHP-33to55-Ex-SEER17.1/instance-out.sql,1731632.44,180181.57
CZ01/RtL&0&cDXHP&Ex&dxHP_equip/NE-dxHP-SplitHP-33to55-Ex-SEER18.1/instance-out.sql,1731540.35,180181.57
CZ01/RtS&0&cDXHP&Ex&dxHP_equip/NE-dxHP-PkgHP-18to33-Ex-SEER13.4/instance-out.sql,102264.10,16693.78
CZ01/RtS&0&cDXHP&Ex&dxHP_equip/NE-dxHP-PkgHP-18to33-Ex-SEER15.2/instance-out.sql,102246.89,16693.78
CZ01/RtS&0&cDXHP&Ex&dxHP_equip/NE-dxHP-PkgHP-18to33-Ex-SEER16.2/instance-out.sql,102239.94,16693.78
CZ01/RtS&0&cDXHP&Ex&dxHP_equip/NE-dxHP-PkgHP-18to33-Ex-SEER17.1/instance-out.sql,102234.38,16693.78
CZ01/RtS&0&cDXHP&Ex&dxHP_equip/NE-dxHP-PkgHP-18to33-Ex-SEER18.1/instance-out.sql,102229.09,16693.78
CZ01/RtS&0&cDXHP&Ex&dxHP_equip/NE-dxHP-PkgHP-33to65-Ex-SEER13.4/instance-out.sql,102264.10,16693.78
CZ01/RtS&0&cDXHP&Ex&dxHP_equip/NE-dxHP-PkgHP-33to65-Ex-SEER15.2/instance-out.sql,102246.89,16693.78
CZ01/RtS&0&cDXHP&Ex&dxHP_equip/NE-dxHP-PkgHP-33to65-Ex-SEER16.2/instance-out.sql,102239.94,16693.78
CZ01/RtS&0&cDXHP&Ex&dxHP_equip/NE-dxHP-PkgHP-33to65-Ex-SEER17.1/instance-out.sql,102234.38,16693.78
CZ01/RtS&0&cDXHP&Ex&dxHP_equip/NE-dxHP-PkgHP-33to65-Ex-SEER18.1/instance-out.sql,102229.09,16693.78
CZ01/RtS&0&cDXHP&Ex&dxHP_equip/NE-dxHP-SplitHP-18to33-Ex-SEER14.3/instance-out.sql,102048.08,16693.78
CZ01/RtS&0&cDXHP&Ex&dxHP_equip/NE-dxHP-SplitHP-18to33-Ex-SEER15.2/instance-out.sql,102040.08,16693.78
CZ01/RtS&0&cDXHP&Ex&dxHP_equip/NE-dxHP-SplitHP-18to33-Ex-SEER16.2/instance-out.sql,102033.13,16693.78
CZ01/RtS&0&cDXHP&Ex&dxHP_equip/NE-dxHP-SplitHP-18to33-Ex-SEER17.1/instance-out.sql,102027.57,16693.78
CZ01/RtS&0&cDXHP&Ex&dxHP_equip/NE-dxHP-SplitHP-18to33-Ex-SEER18.1/instance-out.sql,102022.29,16693.78
CZ01/RtS&0&cDXHP&Ex&dxHP_equip/NE-dxHP-SplitHP-33to55-Ex-SEER14.3/instance-out.sql,102048.08,16693.78
CZ01/RtS&0&cDXHP&Ex&dxHP_equip/NE-dxHP-SplitHP-33to55-Ex-SEER15.2/instance-out.sql,102040.08,16693.78
CZ01/RtS&0&cDXHP&Ex&dxHP_equip/NE-dxHP-SplitHP-33to55-Ex-SEER16.2/instance-out.sql,102033.13,16693.78
CZ01/RtS&0&cDXHP&Ex&dxHP_equip/NE-dxHP-SplitHP-33to55-Ex-SEER17.1/instance-out.sql,102027.57,16693.78
CZ01/RtS&0&cDXHP&Ex&dxHP_equip/NE-dxHP-SplitHP-33to55-Ex-SEER18.1/instance-out.sql,102022.29,16693.78
CZ01/SCn&0&cDXHP&Ex&dxHP_equip/NE-dxHP-PkgHP-18to33-Ex-SEER13.4/instance-out.sql,3012914.87,93348.36
CZ01/SCn&0&cDXHP&Ex&dxHP_equip/NE-dxHP-PkgHP-18to33-Ex-SEER15.2/instance-out.sql,3012787.34,93348.36
CZ01/SCn&0&cDXHP&Ex&dxHP_equip/NE-dxHP-PkgHP-18to33-Ex-SEER16.2/instance-out.sql,3012735.83,93348.36
CZ01/SCn&0&cDXHP&Ex&dxHP_equip/NE-dxHP-PkgHP-18to33-Ex-SEER17.1/instance-out.sql,3012694.66,93348.36
CZ01/SCn&0&cDXHP&Ex&dxHP_equip/NE-dxHP-PkgHP-18to33-Ex-SEER18.1/instance-out.sql,3012655.51,93348.36
CZ01/SCn&0&cDXHP&Ex&dxHP_equip/NE-dxHP-PkgHP-33to65-Ex-SEER13.4/instance-out.sql,3012914.87,93348.36
CZ01/SCn&0&cDXHP&Ex&dxHP_equip/NE-dxHP-PkgHP-33to65-Ex-SEER15.2/instance-out.sql,3012787.34,93348.36
CZ01/SCn&0&cDXHP&Ex&dxHP_equip/NE-dxHP-PkgHP-33to65-Ex-SEER16.2/instance-out.sql,3012735.83,93348.36
CZ01/SCn&0&cDXHP&Ex&dxHP_equip/NE-dxHP-PkgHP-33to65-Ex-SEER17.1/instance-out.sql,3012694.66,93348.36
CZ01/SCn&0&cDXHP&Ex&dxHP_equip/NE-dxHP-PkgHP-33to65-Ex-SEER18.1/instance-out.sql,3012655.51,93348.36
CZ01/SCn&0&cDXHP&Ex&dxHP_equip/NE-dxHP-SplitHP-18to33-Ex-SEER14.3/instance-out.sql,2996499.44,93348.36
CZ01/SCn&0&cDXHP&Ex&dxHP_equip/NE-dxHP-SplitHP-18to33-Ex-SEER15.2/instance-out.sql,2996440.20,93348.36
CZ01/SCn&0&cDXHP&Ex&dxHP_equip/NE-dxHP-SplitHP-18to33-Ex-SEER16.2/instance-out.sql,2996388.69,93348.36
CZ01/SCn&0&cDXHP&Ex&dxHP_equip/NE-dxHP-SplitHP-18to33-Ex-SEER17.1/instance-out.sql,2996347.51,93348.36
CZ01/SCn&0&cDXHP&Ex&dxHP_equip/NE-dxHP-SplitHP-18to33-Ex-SEER18.1/instance-out.sql,2996308.37,93348.36
CZ01/SCn&0&cDXHP&Ex&dxHP_equip/NE-dxHP-SplitHP-33to55-Ex-SEER14.3/instance-out.sql,2996499.44,93348.36
CZ01/SCn&0&cDXHP&Ex&dxHP_equip/NE-dxHP-SplitHP-33to55-Ex-SEER15.2/instance-out.sql,2996440.20,93348.36
CZ01/SCn&0&cDXHP&Ex&dxHP_equip/NE-dxHP-SplitHP-33to55-Ex-SEER16.2/instance-out.sql,2996388.69,93348.36
CZ01/SCn&0&cDXHP&Ex&dxHP_equip/NE-dxHP-SplitHP-33to55-Ex-SEER17.1/instance-out.sql,2996347.51,93348.36
CZ01/SCn&0&cDXHP&Ex&dxHP_equip/NE-dxHP-SplitHP-33to55-Ex-SEER18.1/instance-out.sql,2996308.37,93348.36
CZ02/Asm&0&cDXHP&Ex&dxHP_equip/NE-dxHP-PkgHP-18to33-Ex-SEER13.4/instance-out.sql,644761.86,22811.11
CZ02/Asm&0&cDXHP&Ex&dxHP_equip/NE-dxHP-PkgHP-18to33-Ex-SEER15.2/instance-out.sql,639761.11,22811.11
CZ02/Asm&0&cDXHP&Ex&dxHP_equip/NE-dxHP-PkgHP-18to33-Ex-SEER16.2/instance-out.sql,637741.45,22811.11
CZ02/Asm&0&cDXHP&Ex&dxHP_equip/NE-dxHP-PkgHP-18to33-Ex-SEER17.1/instance-out.sql,636126.79,22811.11
CZ02/Asm&0&cDXHP&Ex&dxHP_equip/NE-dxHP-PkgHP-18to33-Ex-SEER18.1/instance-out.sql,634591.78,22811.11
CZ02/Asm&0&cDXHP&Ex&dxHP_equip/NE-dxHP-PkgHP-33to65-Ex-SEER13.4/instance-out.sql,644761.86,22811.11
CZ02/Asm&0&cDXHP&Ex&dxHP_equip/NE-dxHP-PkgHP-33to65-Ex-SEER15.2/instance-out.sql,639761.11,22811.11
CZ02/Asm&0&cDXHP&Ex&dxHP_equip/NE-dxHP-PkgHP-33to65-Ex-SEER16.2/instance-out.sql,637741.45,22811.11
CZ02/Asm&0&cDXHP&Ex&dxHP_equip/NE-dxHP-PkgHP-33to65-Ex-SEER17.1/instance-out.sql,636126.79,22811.11
CZ02/Asm&0&cDXHP&Ex&dxHP_equip/NE-dxHP-PkgHP-33to65-Ex-SEER18.1/instance-out.sql,634591.78,22811.11
CZ02/Asm&0&cDXHP&Ex&dxHP_equip/NE-dxHP-SplitHP-18to33-Ex-SEER14.3/instance-out.sql,639539.39,22811.11
CZ02/Asm&0&cDXHP&Ex&dxHP_equip/NE-dxHP-SplitHP-18to33-Ex-SEER15.2/instance-out.sql,637216.45,22811.11
CZ02/Asm&0&cDXHP&Ex&dxHP_equip/NE-dxHP-SplitHP-18to33-Ex-SEER16.2/instance-out.sql,635196.79,22811.11
CZ02/Asm&0&cDXHP&Ex&dxHP_equip/NE-dxHP-SplitHP-18to33-Ex-SEER17.1/instance-out.sql,633582.14,22811.11
CZ02/Asm&0&cDXHP&Ex&dxHP_equip/NE-dxHP-SplitHP-18to33-Ex-SEER18.1/instance-out.sql,632047.13,22811.11
CZ02/Asm&0&cDXHP&Ex&dxHP_equip/NE-dxHP-SplitHP-33to55-Ex-SEER14.3/instance-out.sql,639539.39,22811.11
CZ02/Asm&0&cDXHP&Ex&dxHP_equip/NE-dxHP-SplitHP-33to55-Ex-SEER15.2/instance-out.sql,637216.45,22811.11
CZ02/Asm&0&cDXHP&Ex&dxHP_equip/NE-dxHP-SplitHP-33to55-Ex-SEER16.2/instance-out.sql,635196.79,22811.11
CZ02/Asm&0&cDXHP&Ex&dxHP_equip/NE-dxHP-SplitHP-33to55-Ex-SEER17.1/instance-out.sql,633582.14,22811.11
CZ02/Asm&0&cDXHP&Ex&dxHP_equip/NE-dxHP-SplitHP-33to55-Ex-SEER18.1/instance-out.sql,632047.13,22811.11
CZ02/ECC&0&cDXHP&Ex&dxHP_equip/NE-dxHP-PkgHP-18to33-Ex-SEER13.4/instance-out.sql,2078565.92,522649.97
CZ02/ECC&0&cDXHP&Ex&dxHP_equip/NE-dxHP-PkgHP-18to33-Ex-SEER15.2/instance-out.sql,2069484.34,522649.97
CZ02/ECC&0&cDXHP&Ex&dxHP_equip/NE-dxHP-PkgHP-18to33-Ex-SEER16.2/instance-out.sql,2065816.55,522649.97
CZ02/ECC&0&cDXHP&Ex&dxHP_equip/NE-dxHP-PkgHP-18to33-Ex-SEER17.1/instance-out.sql,2062884.27,522649.97
CZ02/ECC&0&cDXHP&Ex&dxHP_equip/NE-dxHP-PkgHP-18to33-Ex-SEER18.1/instance-out.sql,2060096.63,522649.97
CZ02/ECC&0&cDXHP&Ex&dxHP_equip/NE-dxHP-PkgHP-33to65-Ex-SEER13.4/instance-out.sql,2078565.92,522649.97
CZ02/ECC&0&cDXHP&Ex&dxHP_equip/NE-dxHP-PkgHP-33to65-Ex-SEER15.2/instance-out.sql,2069484.34,522649.97
CZ02/ECC&0&cDXHP&Ex&dxHP_equip/NE-dxHP-PkgHP-33to65-Ex-SEER16.2/instance-out.sql,2065816.55,522649.97
CZ02/ECC&0&cDXHP&Ex&dxHP_equip/NE-dxHP-PkgHP-33to65-Ex-SEER17.1/instance-out.sql,2062884.27,522649.97
CZ02/ECC&0&cDXHP&Ex&dxHP_equip/NE-dxHP-PkgHP-33to65-Ex-SEER18.1/instance-out.sql,2060096.63,522649.97
CZ02/ECC&0&cDXHP&Ex&dxHP_equip/NE-dxHP-SplitHP-18to33-Ex-SEER14.3/instance-out.sql,2072535.87,522649.97
CZ02/ECC&0&cDXHP&Ex&dxHP_equip/NE-dxHP-SplitHP-18to33-Ex-SEER15.2/instance-out.sql,2068317.31,522649.97
CZ02/ECC&0&cDXHP&Ex&dxHP_equip/NE-dxHP-SplitHP-18to33-Ex-SEER16.2/instance-out.sql,2064649.53,522649.97
CZ02/ECC&0&cDXHP&Ex&dxHP_equip/NE-dxHP-SplitHP-18to33-Ex-SEER17.1/instance-out.sql,2061717.24,522649.97
CZ02/ECC&0&cDXHP&Ex&dxHP_equip/NE-dxHP-SplitHP-18to33-Ex-SEER18.1/instance-out.sql,2058929.60,522649.97
CZ02/ECC&0&cDXHP&Ex&dxHP_equip/NE-dxHP-SplitHP-33to55-Ex-SEER14.3/instance-out.sql,2072535.87,522649.97
CZ02/ECC&0&cDXHP&Ex&dxHP_equip/NE-dxHP-SplitHP-33to55-Ex-SEER15.2/instance-out.sql,2068317.31,522649.97
CZ02/ECC&0&cDXHP&Ex&dxHP_equip/NE-dxHP-SplitHP-33to55-Ex-SEER16.2/instance-out.sql,2064649.53,522649.97
CZ02/ECC&0&cDXHP&Ex&dxHP_equip/NE-dxHP-SplitHP-33to55-Ex-SEER17.1/instance-out.sql,2061717.24,522649.97
CZ02/ECC&0&cDXHP&Ex&dxHP_equip/NE-dxHP-SplitHP-33to55-Ex-SEER18.1/instance-out.sql,2058929.60,522649.97
CZ02/EPr&0&cDXHP&Ex&dxHP_equip/NE-dxHP-PkgHP-18to33-Ex-SEER13.4/instance-out.sql,270538.76,129221.24
CZ02/EPr&0&cDXHP&Ex&dxHP_equip/NE-dxHP-PkgHP-18to33-Ex-SEER15.2/instance-out.sql,269027.79,129221.24
CZ02/EPr&0&cDXHP&Ex&dxHP_equip/NE-dxHP-PkgHP-18to33-Ex-SEER16.2/instance-out.sql,268417.55,129221.24
CZ02/EPr&0&cDXHP&Ex&dxHP_equip/NE-dxHP-PkgHP-18to33-Ex-SEER17.1/instance-out.sql,267929.68,129221.24
CZ02/EPr&0&cDXHP&Ex&dxHP_equip/NE-dxHP-PkgHP-18to33-Ex-SEER18.1/instance-out.sql,267465.88,129221.24
CZ02/EPr&0&cDXHP&Ex&dxHP_equip/NE-dxHP-PkgHP-33to65-Ex-SEER13.4/instance-out.sql,270538.76,129221.24
CZ02/EPr&0&cDXHP&Ex&dxHP_equip/NE-dxHP-PkgHP-33to65-Ex-SEER15.2/instance-out.sql,269027.79,129221.24
CZ02/EPr&0&cDXHP&Ex&dxHP_equip/NE-dxHP-PkgHP-33to65-Ex-SEER16.2/instance-out.sql,268417.55,129221.24
CZ02/EPr&0&cDXHP&Ex&dxHP_equip/NE-dxHP-PkgHP-33to65-Ex-SEER17.1/instance-out.sql,267929.68,129221.24
CZ02/EPr&0&cDXHP&Ex&dxHP_equip/NE-dxHP-PkgHP-33to65-Ex-SEER18.1/instance-out.sql,267465.88,129221.24
CZ02/EPr&0&cDXHP&Ex&dxHP_equip/NE-dxHP-SplitHP-18to33-Ex-SEER14.3/instance-out.sql,269361.00,129221.24
CZ02/EPr&0&cDXHP&Ex&dxHP_equip/NE-dxHP-SplitHP-18to33-Ex-SEER15.2/instance-out.sql,268659.13,129221.24
CZ02/EPr&0&cDXHP&Ex&dxHP_equip/NE-dxHP-SplitHP-18to33-Ex-SEER16.2/instance-out.sql,268048.89,129221.24
CZ02/EPr&0&cDXHP&Ex&dxHP_equip/NE-dxHP-SplitHP-18to33-Ex-SEER17.1/instance-out.sql,267561.02,129221.24
CZ02/EPr&0&cDXHP&Ex&dxHP_equip/NE-dxHP-SplitHP-18to33-Ex-SEER18.1/instance-out.sql,267097.22,129221.24
CZ02/EPr&0&cDXHP&Ex&dxHP_equip/NE-dxHP-SplitHP-33to55-Ex-SEER14.3/instance-out.sql,269361.00,129221.24
CZ02/EPr&0&cDXHP&Ex&dxHP_equip/NE-dxHP-SplitHP-33to55-Ex-SEER15.2/instance-out.sql,268659.13,129221.24
CZ02/EPr&0&cDXHP&Ex&dxHP_equip/NE-dxHP-SplitHP-33to55-Ex-SEER16.2/instance-out.sql,268048.89,129221.24
CZ02/EPr&0&cDXHP&Ex&dxHP_equip/NE-dxHP-SplitHP-33to55-Ex-SEER17.1/instance-out.sql,267561.02,129221.24
CZ02/EPr&0&cDXHP&Ex&dxHP_equip/NE-dxHP-SplitHP-33to55-Ex-SEER18.1/instance-out.sql,267097.22,129221.24
CZ02/ERC&0&cDXHP&Ex&dxHP_equip/NE-dxHP-PkgHP-18to33-Ex-SEER13.4/instance-out.sql,9667.98,9318.47
CZ02/ERC&0&cDXHP&Ex&dxHP_equip/NE-dxHP-PkgHP-18to33-Ex-SEER15.2/instance-out.sql,9609.59,9318.47
CZ02/ERC&0&cDXHP&Ex&dxHP_equip/NE-dxHP-PkgHP-18to33-Ex-SEER16.2/instance-out.sql,9586.01,9318.47
CZ02/ERC&0&cDXHP&Ex&dxHP_equip/NE-dxHP-PkgHP-18to33-Ex-SEER17.1/instance-out.sql,9567.15,9318.47
CZ02/ERC&0&cDXHP&Ex&dxHP_equip/NE-dxHP-PkgHP-18to33-Ex-SEER18.1/instance-out.sql,9549.23,9318.47
CZ02/ERC&0&cDXHP&Ex&dxHP_equip/NE-dxHP-PkgHP-33to65-Ex-SEER13.4/instance-out.sql,9667.98,9318.47
CZ02/ERC&0&cDXHP&Ex&dxHP_equip/NE-dxHP-PkgHP-33to65-Ex-SEER15.2/instance-out.sql,9609.59,9318.47
CZ02/ERC&0&cDXHP&Ex&dxHP_equip/NE-dxHP-PkgHP-33to65-Ex-SEER16.2/instance-out.sql,9586.01,9318.47
CZ02/ERC&0&cDXHP&Ex&dxHP_equip/NE-dxHP-PkgHP-33to65-Ex-SEER17.1/instance-out.sql,9567.15,9318.47
CZ02/ERC&0&cDXHP&Ex&dxHP_equip/NE-dxHP-PkgHP-33to65-Ex-SEER18.1/instance-out.sql,9549.23,9318.47
CZ02/ERC&0&cDXHP&Ex&dxHP_equip/NE-dxHP-SplitHP-18to33-Ex-SEER14.3/instance-out.sql,9612.06,9318.47
CZ02/ERC&0&cDXHP&Ex&dxHP_equip/NE-dxHP-SplitHP-18to33-Ex-SEER15.2/instance-out.sql,9584.94,9318.47
CZ02/ERC&0&cDXHP&Ex&dxHP_equip/NE-dxHP-SplitHP-18to33-Ex-SEER16.2/instance-out.sql,9561.36,9318.47
CZ02/ERC&0&cDXHP&Ex&dxHP_equip/NE-dxHP-SplitHP-18to33-Ex-SEER17.1/instance-out.sql,9542.50,9318.47
CZ02/ERC&0&cDXHP&Ex&dxHP_equip/NE-dxHP-SplitHP-18to33-Ex-SEER18.1/instance-out.sql,9524.58,9318.47
CZ02/ERC&0&cDXHP&Ex&dxHP_equip/NE-dxHP-SplitHP-33to55-Ex-SEER14.3/instance-out.sql,9612.06,9318.47
CZ02/ERC&0&cDXHP&Ex&dxHP_equip/NE-dxHP-SplitHP-33to55-Ex-SEER15.2/instance-out.sql,9584.94,9318.47
CZ02/ERC&0&cDXHP&Ex&dxHP_equip/NE-dxHP-SplitHP-33to55-Ex-SEER16.2/instance-out.sql,9561.36,9318.47
CZ02/ERC&0&cDXHP&Ex&dxHP_equip/NE-dxHP-SplitHP-33to55-Ex-SEER17.1/instance-out.sql,9542.50,9318.47
CZ02/ERC&0&cDXHP&Ex&dxHP_equip/NE-dxHP-SplitHP-33to55-Ex-SEER18.1/instance-out.sql,9524.58,9318.47
CZ02/ESe&0&cDXHP&Ex&dxHP_equip/NE-dxHP-PkgHP-18to33-Ex-SEER13.4/instance-out.sql,796520.59,435510.73
CZ02/ESe&0&cDXHP&Ex&dxHP_equip/NE-dxHP-PkgHP-18to33-Ex-SEER15.2/instance-out.sql,794749.31,435510.73
CZ02/ESe&0&cDXHP&Ex&dxHP_equip/NE-dxHP-PkgHP-18to33-Ex-SEER16.2/instance-out.sql,794033.95,435510.73
CZ02/ESe&0&cDXHP&Ex&dxHP_equip/NE-dxHP-PkgHP-18to33-Ex-SEER17.1/instance-out.sql,793462.03,435510.73
CZ02/ESe&0&cDXHP&Ex&dxHP_equip/NE-dxHP-PkgHP-18to33-Ex-SEER18.1/instance-out.sql,792918.33,435510.73
CZ02/ESe&0&cDXHP&Ex&dxHP_equip/NE-dxHP-PkgHP-33to65-Ex-SEER13.4/instance-out.sql,796520.59,435510.73
CZ02/ESe&0&cDXHP&Ex&dxHP_equip/NE-dxHP-PkgHP-33to65-Ex-SEER15.2/instance-out.sql,794749.31,435510.73
CZ02/ESe&0&cDXHP&Ex&dxHP_equip/NE-dxHP-PkgHP-33to65-Ex-SEER16.2/instance-out.sql,794033.95,435510.73
CZ02/ESe&0&cDXHP&Ex&dxHP_equip/NE-dxHP-PkgHP-33to65-Ex-SEER17.1/instance-out.sql,793462.03,435510.73
CZ02/ESe&0&cDXHP&Ex&dxHP_equip/NE-dxHP-PkgHP-33to65-Ex-SEER18.1/instance-out.sql,792918.33,435510.73
CZ02/ESe&0&cDXHP&Ex&dxHP_equip/NE-dxHP-SplitHP-18to33-Ex-SEER14.3/instance-out.sql,795338.60,435510.73
CZ02/ESe&0&cDXHP&Ex&dxHP_equip/NE-dxHP-SplitHP-18to33-Ex-SEER15.2/instance-out.sql,794515.81,435510.73
CZ02/ESe&0&cDXHP&Ex&dxHP_equip/NE-dxHP-SplitHP-18to33-Ex-SEER16.2/instance-out.sql,793800.44,435510.73
CZ02/ESe&0&cDXHP&Ex&dxHP_equip/NE-dxHP-SplitHP-18to33-Ex-SEER17.1/instance-out.sql,793228.53,435510.73
CZ02/ESe&0&cDXHP&Ex&dxHP_equip/NE-dxHP-SplitHP-18to33-Ex-SEER18.1/instance-out.sql,792684.83,435510.73
CZ02/ESe&0&cDXHP&Ex&dxHP_equip/NE-dxHP-SplitHP-33to55-Ex-SEER14.3/instance-out.sql,795338.60,435510.73
CZ02/ESe&0&cDXHP&Ex&dxHP_equip/NE-dxHP-SplitHP-33to55-Ex-SEER15.2/instance-out.sql,794515.81,435510.73
CZ02/ESe&0&cDXHP&Ex&dxHP_equip/NE-dxHP-SplitHP-33to55-Ex-SEER16.2/instance-out.sql,793800.44,435510.73
CZ02/ESe&0&cDXHP&Ex&dxHP_equip/NE-dxHP-SplitHP-33to55-Ex-SEER17.1/instance-out.sql,793228.53,435510.73
CZ02/ESe&0&cDXHP&Ex&dxHP_equip/NE-dxHP-SplitHP-33to55-Ex-SEER18.1/instance-out.sql,792684.83,435510.73
CZ02/EUn&0&cDXHP&Ex&dxHP_equip/NE-dxHP-PkgHP-18to33-Ex-SEER13.4/instance-out.sql,7411257.04,911556.88
CZ02/EUn&0&cDXHP&Ex&dxHP_equip/NE-dxHP-PkgHP-18to33-Ex-SEER15.2/instance-out.sql,7383281.03,911556.88
CZ02/EUn&0&cDXHP&Ex&dxHP_equip/NE-dxHP-PkgHP-18to33-Ex-SEER16.2/instance-out.sql,7371982.33,911556.88
CZ02/EUn&0&cDXHP&Ex&dxHP_equip/NE-dxHP-PkgHP-18to33-Ex-SEER17.1/instance-out.sql,7362949.36,911556.88
CZ02/EUn&0&cDXHP&Ex&dxHP_equip/NE-dxHP-PkgHP-18to33-Ex-SEER18.1/instance-out.sql,7354361.97,911556.88
CZ02/EUn&0&cDXHP&Ex&dxHP_equip/NE-dxHP-PkgHP-33to65-Ex-SEER13.4/instance-out.sql,7411257.04,911556.88
CZ02/EUn&0&cDXHP&Ex&dxHP_equip/NE-dxHP-PkgHP-33to65-Ex-SEER15.2/instance-out.sql,7383281.03,911556.88
CZ02/EUn&0&cDXHP&Ex&dxHP_equip/NE-dxHP-PkgHP-33to65-Ex-SEER16.2/instance-out.sql,7371982.33,911556.88
CZ02/EUn&0&cDXHP&Ex&dxHP_equip/NE-dxHP-PkgHP-33to65-Ex-SEER17.1/instance-out.sql,7362949.36,911556.88
CZ02/EUn&0&cDXHP&Ex&dxHP_equip/NE-dxHP-PkgHP-33to65-Ex-SEER18.1/instance-out.sql,7354361.97,911556.88
CZ02/EUn&0&cDXHP&Ex&dxHP_equip/NE-dxHP-SplitHP-18to33-Ex-SEER14.3/instance-out.sql,7393303.37,911556.88
CZ02/EUn&0&cDXHP&Ex&dxHP_equip/NE-dxHP-SplitHP-18to33-Ex-SEER15.2/instance-out.sql,7380308.00,911556.88
CZ02/EUn&0&cDXHP&Ex&dxHP_equip/NE-dxHP-SplitHP-18to33-Ex-SEER16.2/instance-out.sql,7369009.29,911556.88
CZ02/EUn&0&cDXHP&Ex&dxHP_equip/NE-dxHP-SplitHP-18to33-Ex-SEER17.1/instance-out.sql,7359976.33,911556.88
CZ02/EUn&0&cDXHP&Ex&dxHP_equip/NE-dxHP-SplitHP-18to33-Ex-SEER18.1/instance-out.sql,7351388.93,911556.88
CZ02/EUn&0&cDXHP&Ex&dxHP_equip/NE-dxHP-SplitHP-33to55-Ex-SEER14.3/instance-out.sql,7393303.37,911556.88
CZ02/EUn&0&cDXHP&Ex&dxHP_equip/NE-dxHP-SplitHP-33to55-Ex-SEER15.2/instance-out.sql,7380308.00,911556.88
CZ02/EUn&0&cDXHP&Ex&dxHP_equip/NE-dxHP-SplitHP-33to55-Ex-SEER16.2/instance-out.sql,7369009.29,911556.88
CZ02/EUn&0&cDXHP&Ex&dxHP_equip/NE-dxHP-SplitHP-33to55-Ex-SEER17.1/instance-out.sql,7359976.33,911556.88
CZ02/EUn&0&cDXHP&Ex&dxHP_equip/NE-dxHP-SplitHP-33to55-Ex-SEER18.1/instance-out.sql,7351388.93,911556.88
CZ02/Gro&0&cDXHP&Ex&dxHP_equip/NE-dxHP-PkgHP-18to33-Ex-SEER13.4/instance-out.sql,1595943.14,61432.08
CZ02/Gro&0&cDXHP&Ex&dxHP_equip/NE-dxHP-PkgHP-18to33-Ex-SEER15.2/instance-out.sql,1594071.03,61432.08
CZ02/Gro&0&cDXHP&Ex&dxHP_equip/NE-dxHP-PkgHP-18to33-Ex-SEER16.2/instance-out.sql,1593314.93,61432.08
CZ02/Gro&0&cDXHP&Ex&dxHP_equip/NE-dxHP-PkgHP-18to33-Ex-SEER17.1/instance-out.sql,1592710.46,61432.08
CZ02/Gro&0&cDXHP&Ex&dxHP_equip/NE-dxHP-PkgHP-18to33-Ex-SEER18.1/instance-out.sql,1592135.80,61432.08
CZ02/Gro&0&cDXHP&Ex&dxHP_equip/NE-dxHP-PkgHP-33to65-Ex-SEER13.4/instance-out.sql,1595943.14,61432.08
CZ02/Gro&0&cDXHP&Ex&dxHP_equip/NE-dxHP-PkgHP-33to65-Ex-SEER15.2/instance-out.sql,1594071.03,61432.08
CZ02/Gro&0&cDXHP&Ex&dxHP_equip/NE-dxHP-PkgHP-33to65-Ex-SEER16.2/instance-out.sql,1593314.93,61432.08
CZ02/Gro&0&cDXHP&Ex&dxHP_equip/NE-dxHP-PkgHP-33to65-Ex-SEER17.1/instance-out.sql,1592710.46,61432.08
CZ02/Gro&0&cDXHP&Ex&dxHP_equip/NE-dxHP-PkgHP-33to65-Ex-SEER18.1/instance-out.sql,1592135.80,61432.08
CZ02/Gro&0&cDXHP&Ex&dxHP_equip/NE-dxHP-SplitHP-18to33-Ex-SEER14.3/instance-out.sql,1592999.76,61432.08
CZ02/Gro&0&cDXHP&Ex&dxHP_equip/NE-dxHP-SplitHP-18to33-Ex-SEER15.2/instance-out.sql,1592130.13,61432.08
CZ02/Gro&0&cDXHP&Ex&dxHP_equip/NE-dxHP-SplitHP-18to33-Ex-SEER16.2/instance-out.sql,1591374.04,61432.08
CZ02/Gro&0&cDXHP&Ex&dxHP_equip/NE-dxHP-SplitHP-18to33-Ex-SEER17.1/instance-out.sql,1590769.56,61432.08
CZ02/Gro&0&cDXHP&Ex&dxHP_equip/NE-dxHP-SplitHP-18to33-Ex-SEER18.1/instance-out.sql,1590194.91,61432.08
CZ02/Gro&0&cDXHP&Ex&dxHP_equip/NE-dxHP-SplitHP-33to55-Ex-SEER14.3/instance-out.sql,1592999.76,61432.08
CZ02/Gro&0&cDXHP&Ex&dxHP_equip/NE-dxHP-SplitHP-33to55-Ex-SEER15.2/instance-out.sql,1592130.13,61432.08
CZ02/Gro&0&cDXHP&Ex&dxHP_equip/NE-dxHP-SplitHP-33to55-Ex-SEER16.2/instance-out.sql,1591374.04,61432.08
CZ02/Gro&0&cDXHP&Ex&dxHP_equip/NE-dxHP-SplitHP-33to55-Ex-SEER17.1/instance-out.sql,1590769.56,61432.08
CZ02/Gro&0&cDXHP&Ex&dxHP_equip/NE-dxHP-SplitHP-33to55-Ex-SEER18.1/instance-out.sql,1590194.91,61432.08
CZ02/Hsp&0&cDXHP&Ex&dxHP_equip/NE-dxHP-PkgHP-18to33-Ex-SEER13.4/instance-out.sql,3074574.57,583288.99
CZ02/Hsp&0&cDXHP&Ex&dxHP_equip/NE-dxHP-PkgHP-18to33-Ex-SEER15.2/instance-out.sql,3070514.95,583288.99
CZ02/Hsp&0&cDXHP&Ex&dxHP_equip/NE-dxHP-PkgHP-18to33-Ex-SEER16.2/instance-out.sql,3068875.39,583288.99
CZ02/Hsp&0&cDXHP&Ex&dxHP_equip/NE-dxHP-PkgHP-18to33-Ex-SEER17.1/instance-out.sql,3067564.61,583288.99
CZ02/Hsp&0&cDXHP&Ex&dxHP_equip/NE-dxHP-PkgHP-18to33-Ex-SEER18.1/instance-out.sql,3066318.49,583288.99
CZ02/Hsp&0&cDXHP&Ex&dxHP_equip/NE-dxHP-PkgHP-33to65-Ex-SEER13.4/instance-out.sql,3074574.57,583288.99
CZ02/Hsp&0&cDXHP&Ex&dxHP_equip/NE-dxHP-PkgHP-33to65-Ex-SEER15.2/instance-out.sql,3070514.95,583288.99
CZ02/Hsp&0&cDXHP&Ex&dxHP_equip/NE-dxHP-PkgHP-33to65-Ex-SEER16.2/instance-out.sql,3068875.39,583288.99
CZ02/Hsp&0&cDXHP&Ex&dxHP_equip/NE-dxHP-PkgHP-33to65-Ex-SEER17.1/instance-out.sql,3067564.61,583288.99
CZ02/Hsp&0&cDXHP&Ex&dxHP_equip/NE-dxHP-PkgHP-33to65-Ex-SEER18.1/instance-out.sql,3066318.49,583288.99
CZ02/Hsp&0&cDXHP&Ex&dxHP_equip/NE-dxHP-SplitHP-18to33-Ex-SEER14.3/instance-out.sql,3071989.28,583288.99
CZ02/Hsp&0&cDXHP&Ex&dxHP_equip/NE-dxHP-SplitHP-18to33-Ex-SEER15.2/instance-out.sql,3070103.52,583288.99
CZ02/Hsp&0&cDXHP&Ex&dxHP_equip/NE-dxHP-SplitHP-18to33-Ex-SEER16.2/instance-out.sql,3068463.96,583288.99
CZ02/Hsp&0&cDXHP&Ex&dxHP_equip/NE-dxHP-SplitHP-18to33-Ex-SEER17.1/instance-out.sql,3067153.18,583288.99
CZ02/Hsp&0&cDXHP&Ex&dxHP_equip/NE-dxHP-SplitHP-18to33-Ex-SEER18.1/instance-out.sql,3065907.06,583288.99
CZ02/Hsp&0&cDXHP&Ex&dxHP_equip/NE-dxHP-SplitHP-33to55-Ex-SEER14.3/instance-out.sql,3071989.28,583288.99
CZ02/Hsp&0&cDXHP&Ex&dxHP_equip/NE-dxHP-SplitHP-33to55-Ex-SEER15.2/instance-out.sql,3070103.52,583288.99
CZ02/Hsp&0&cDXHP&Ex&dxHP_equip/NE-dxHP-SplitHP-33to55-Ex-SEER16.2/instance-out.sql,3068463.96,583288.99
CZ02/Hsp&0&cDXHP&Ex&dxHP_equip/NE-dxHP-SplitHP-33to55-Ex-SEER17.1/instance-out.sql,3067153.18,583288.99
CZ02/Hsp&0&cDXHP&Ex&dxHP_equip/NE-dxHP-SplitHP-33to55-Ex-SEER18.1/instance-out.sql,3065907.06,583288.99
CZ02/MBT&0&cDXHP&Ex&dxHP_equip/NE-dxHP-PkgHP-18to33-Ex-SEER13.4/instance-out.sql,3341855.42,3602092.50
CZ02/MBT&0&cDXHP&Ex&dxHP_equip/NE-dxHP-PkgHP-18to33-Ex-SEER15.2/instance-out.sql,3337339.58,3602092.50
CZ02/MBT&0&cDXHP&Ex&dxHP_equip/NE-dxHP-PkgHP-18to33-Ex-SEER16.2/instance-out.sql,3335515.76,3602092.50
CZ02/MBT&0&cDXHP&Ex&dxHP_equip/NE-dxHP-PkgHP-18to33-Ex-SEER17.1/instance-out.sql,3334057.68,3602092.50
CZ02/MBT&0&cDXHP&Ex&dxHP_equip/NE-dxHP-PkgHP-18to33-Ex-SEER18.1/instance-out.sql,3332671.52,3602092.50
CZ02/MBT&0&cDXHP&Ex&dxHP_equip/NE-dxHP-PkgHP-33to65-Ex-SEER13.4/instance-out.sql,3341855.42,3602092.50
CZ02/MBT&0&cDXHP&Ex&dxHP_equip/NE-dxHP-PkgHP-33to65-Ex-SEER15.2/instance-out.sql,3337339.58,3602092.50
CZ02/MBT&0&cDXHP&Ex&dxHP_equip/NE-dxHP-PkgHP-33to65-Ex-SEER16.2/instance-out.sql,3335515.76,3602092.50
CZ02/MBT&0&cDXHP&Ex&dxHP_equip/NE-dxHP-PkgHP-33to65-Ex-SEER17.1/instance-out.sql,3334057.68,3602092.50
CZ02/MBT&0&cDXHP&Ex&dxHP_equip/NE-dxHP-PkgHP-33to65-Ex-SEER18.1/instance-out.sql,3332671.52,3602092.50
CZ02/MBT&0&cDXHP&Ex&dxHP_equip/NE-dxHP-SplitHP-18to33-Ex-SEER14.3/instance-out.sql,3338136.14,3602092.50
CZ02/MBT&0&cDXHP&Ex&dxHP_equip/NE-dxHP-SplitHP-18to33-Ex-SEER15.2/instance-out.sql,3336038.45,3602092.50
CZ02/MBT&0&cDXHP&Ex&dxHP_equip/NE-dxHP-SplitHP-18to33-Ex-SEER16.2/instance-out.sql,3334214.63,3602092.50
CZ02/MBT&0&cDXHP&Ex&dxHP_equip/NE-dxHP-SplitHP-18to33-Ex-SEER17.1/instance-out.sql,3332756.55,3602092.50
CZ02/MBT&0&cDXHP&Ex&dxHP_equip/NE-dxHP-SplitHP-18to33-Ex-SEER18.1/instance-out.sql,3331370.39,3602092.50
CZ02/MBT&0&cDXHP&Ex&dxHP_equip/NE-dxHP-SplitHP-33to55-Ex-SEER14.3/instance-out.sql,3338136.14,3602092.50
CZ02/MBT&0&cDXHP&Ex&dxHP_equip/NE-dxHP-SplitHP-33to55-Ex-SEER15.2/instance-out.sql,3336038.45,3602092.50
CZ02/MBT&0&cDXHP&Ex&dxHP_equip/NE-dxHP-SplitHP-33to55-Ex-SEER16.2/instance-out.sql,3334214.63,3602092.50
CZ02/MBT&0&cDXHP&Ex&dxHP_equip/NE-dxHP-SplitHP-33to55-Ex-SEER17.1/instance-out.sql,3332756.55,3602092.50
CZ02/MBT&0&cDXHP&Ex&dxHP_equip/NE-dxHP-SplitHP-33to55-Ex-SEER18.1/instance-out.sql,3331370.39,3602092.50
CZ02/MLI&0&cDXHP&Ex&dxHP_equip/NE-dxHP-PkgHP-18to33-Ex-SEER13.4/instance-out.sql,941481.65,49264.37
CZ02/MLI&0&cDXHP&Ex&dxHP_equip/NE-dxHP-PkgHP-18to33-Ex-SEER15.2/instance-out.sql,937046.23,49264.37
CZ02/MLI&0&cDXHP&Ex&dxHP_equip/NE-dxHP-PkgHP-18to33-Ex-SEER16.2/instance-out.sql,935254.88,49264.37
CZ02/MLI&0&cDXHP&Ex&dxHP_equip/NE-dxHP-PkgHP-18to33-Ex-SEER17.1/instance-out.sql,933822.76,49264.37
CZ02/MLI&0&cDXHP&Ex&dxHP_equip/NE-dxHP-PkgHP-18to33-Ex-SEER18.1/instance-out.sql,932461.28,49264.37
CZ02/MLI&0&cDXHP&Ex&dxHP_equip/NE-dxHP-PkgHP-33to65-Ex-SEER13.4/instance-out.sql,941481.65,49264.37
CZ02/MLI&0&cDXHP&Ex&dxHP_equip/NE-dxHP-PkgHP-33to65-Ex-SEER15.2/instance-out.sql,937046.23,49264.37
CZ02/MLI&0&cDXHP&Ex&dxHP_equip/NE-dxHP-PkgHP-33to65-Ex-SEER16.2/instance-out.sql,935254.88,49264.37
CZ02/MLI&0&cDXHP&Ex&dxHP_equip/NE-dxHP-PkgHP-33to65-Ex-SEER17.1/instance-out.sql,933822.76,49264.37
CZ02/MLI&0&cDXHP&Ex&dxHP_equip/NE-dxHP-PkgHP-33to65-Ex-SEER18.1/instance-out.sql,932461.28,49264.37
CZ02/MLI&0&cDXHP&Ex&dxHP_equip/NE-dxHP-SplitHP-18to33-Ex-SEER14.3/instance-out.sql,937267.69,49264.37
CZ02/MLI&0&cDXHP&Ex&dxHP_equip/NE-dxHP-SplitHP-18to33-Ex-SEER15.2/instance-out.sql,935207.35,49264.37
CZ02/MLI&0&cDXHP&Ex&dxHP_equip/NE-dxHP-SplitHP-18to33-Ex-SEER16.2/instance-out.sql,933416.01,49264.37
CZ02/MLI&0&cDXHP&Ex&dxHP_equip/NE-dxHP-SplitHP-18to33-Ex-SEER17.1/instance-out.sql,931983.89,49264.37
CZ02/MLI&0&cDXHP&Ex&dxHP_equip/NE-dxHP-SplitHP-18to33-Ex-SEER18.1/instance-out.sql,930622.41,49264.37
CZ02/MLI&0&cDXHP&Ex&dxHP_equip/NE-dxHP-SplitHP-33to55-Ex-SEER14.3/instance-out.sql,937267.69,49264.37
CZ02/MLI&0&cDXHP&Ex&dxHP_equip/NE-dxHP-SplitHP-33to55-Ex-SEER15.2/instance-out.sql,935207.35,49264.37
CZ02/MLI&0&cDXHP&Ex&dxHP_equip/NE-dxHP-SplitHP-33to55-Ex-SEER16.2/instance-out.sql,933416.01,49264.37
CZ02/MLI&0&cDXHP&Ex&dxHP_equip/NE-dxHP-SplitHP-33to55-Ex-SEER17.1/instance-out.sql,931983.89,49264.37
CZ02/MLI&0&cDXHP&Ex&dxHP_equip/NE-dxHP-SplitHP-33to55-Ex-SEER18.1/instance-out.sql,930622.41,49264.37
CZ02/Mtl&0&cDXHP&Ex&dxHP_equip/NE-dxHP-PkgHP-18to33-Ex-SEER13.4/instance-out.sql,155694.63,8443.73
CZ02/Mtl&0&cDXHP&Ex&dxHP_equip/NE-dxHP-PkgHP-18to33-Ex-SEER15.2/instance-out.sql,154678.22,8443.73
CZ02/Mtl&0&cDXHP&Ex&dxHP_equip/NE-dxHP-PkgHP-18to33-Ex-SEER16.2/instance-out.sql,154267.71,8443.73
CZ02/Mtl&0&cDXHP&Ex&dxHP_equip/NE-dxHP-PkgHP-18to33-Ex-SEER17.1/instance-out.sql,153939.53,8443.73
CZ02/Mtl&0&cDXHP&Ex&dxHP_equip/NE-dxHP-PkgHP-18to33-Ex-SEER18.1/instance-out.sql,153627.53,8443.73
CZ02/Mtl&0&cDXHP&Ex&dxHP_equip/NE-dxHP-PkgHP-33to65-Ex-SEER13.4/instance-out.sql,155694.63,8443.73
CZ02/Mtl&0&cDXHP&Ex&dxHP_equip/NE-dxHP-PkgHP-33to65-Ex-SEER15.2/instance-out.sql,154678.22,8443.73
CZ02/Mtl&0&cDXHP&Ex&dxHP_equip/NE-dxHP-PkgHP-33to65-Ex-SEER16.2/instance-out.sql,154267.71,8443.73
CZ02/Mtl&0&cDXHP&Ex&dxHP_equip/NE-dxHP-PkgHP-33to65-Ex-SEER17.1/instance-out.sql,153939.53,8443.73
CZ02/Mtl&0&cDXHP&Ex&dxHP_equip/NE-dxHP-PkgHP-33to65-Ex-SEER18.1/instance-out.sql,153627.53,8443.73
CZ02/Mtl&0&cDXHP&Ex&dxHP_equip/NE-dxHP-SplitHP-18to33-Ex-SEER14.3/instance-out.sql,154883.45,8443.73
CZ02/Mtl&0&cDXHP&Ex&dxHP_equip/NE-dxHP-SplitHP-18to33-Ex-SEER15.2/instance-out.sql,154411.31,8443.73
CZ02/Mtl&0&cDXHP&Ex&dxHP_equip/NE-dxHP-SplitHP-18to33-Ex-SEER16.2/instance-out.sql,154000.81,8443.73
CZ02/Mtl&0&cDXHP&Ex&dxHP_equip/NE-dxHP-SplitHP-18to33-Ex-SEER17.1/instance-out.sql,153672.62,8443.73
CZ02/Mtl&0&cDXHP&Ex&dxHP_equip/NE-dxHP-SplitHP-18to33-Ex-SEER18.1/instance-out.sql,153360.63,8443.73
CZ02/Mtl&0&cDXHP&Ex&dxHP_equip/NE-dxHP-SplitHP-33to55-Ex-SEER14.3/instance-out.sql,154883.45,8443.73
CZ02/Mtl&0&cDXHP&Ex&dxHP_equip/NE-dxHP-SplitHP-33to55-Ex-SEER15.2/instance-out.sql,154411.31,8443.73
CZ02/Mtl&0&cDXHP&Ex&dxHP_equip/NE-dxHP-SplitHP-33to55-Ex-SEER16.2/instance-out.sql,154000.81,8443.73
CZ02/Mtl&0&cDXHP&Ex&dxHP_equip/NE-dxHP-SplitHP-33to55-Ex-SEER17.1/instance-out.sql,153672.62,8443.73
CZ02/Mtl&0&cDXHP&Ex&dxHP_equip/NE-dxHP-SplitHP-33to55-Ex-SEER18.1/instance-out.sql,153360.63,8443.73
CZ02/Nrs&0&cDXHP&Ex&dxHP_equip/NE-dxHP-PkgHP-18to33-Ex-SEER13.4/instance-out.sql,721275.88,232252.48
CZ02/Nrs&0&cDXHP&Ex&dxHP_equip/NE-dxHP-PkgHP-18to33-Ex-SEER15.2/instance-out.sql,719513.45,232252.48
CZ02/Nrs&0&cDXHP&Ex&dxHP_equip/NE-dxHP-PkgHP-18to33-Ex-SEER16.2/instance-out.sql,718801.66,232252.48
CZ02/Nrs&0&cDXHP&Ex&dxHP_equip/NE-dxHP-PkgHP-18to33-Ex-SEER17.1/instance-out.sql,718232.60,232252.48
CZ02/Nrs&0&cDXHP&Ex&dxHP_equip/NE-dxHP-PkgHP-18to33-Ex-SEER18.1/instance-out.sql,717691.61,232252.48
CZ02/Nrs&0&cDXHP&Ex&dxHP_equip/NE-dxHP-PkgHP-33to65-Ex-SEER13.4/instance-out.sql,721275.88,232252.48
CZ02/Nrs&0&cDXHP&Ex&dxHP_equip/NE-dxHP-PkgHP-33to65-Ex-SEER15.2/instance-out.sql,719513.45,232252.48
CZ02/Nrs&0&cDXHP&Ex&dxHP_equip/NE-dxHP-PkgHP-33to65-Ex-SEER16.2/instance-out.sql,718801.66,232252.48
CZ02/Nrs&0&cDXHP&Ex&dxHP_equip/NE-dxHP-PkgHP-33to65-Ex-SEER17.1/instance-out.sql,718232.60,232252.48
CZ02/Nrs&0&cDXHP&Ex&dxHP_equip/NE-dxHP-PkgHP-33to65-Ex-SEER18.1/instance-out.sql,717691.61,232252.48
CZ02/Nrs&0&cDXHP&Ex&dxHP_equip/NE-dxHP-SplitHP-18to33-Ex-SEER14.3/instance-out.sql,720025.19,232252.48
CZ02/Nrs&0&cDXHP&Ex&dxHP_equip/NE-dxHP-SplitHP-18to33-Ex-SEER15.2/instance-out.sql,719206.51,232252.48
CZ02/Nrs&0&cDXHP&Ex&dxHP_equip/NE-dxHP-SplitHP-18to33-Ex-SEER16.2/instance-out.sql,718494.72,232252.48
CZ02/Nrs&0&cDXHP&Ex&dxHP_equip/NE-dxHP-SplitHP-18to33-Ex-SEER17.1/instance-out.sql,717925.66,232252.48
CZ02/Nrs&0&cDXHP&Ex&dxHP_equip/NE-dxHP-SplitHP-18to33-Ex-SEER18.1/instance-out.sql,717384.67,232252.48
CZ02/Nrs&0&cDXHP&Ex&dxHP_equip/NE-dxHP-SplitHP-33to55-Ex-SEER14.3/instance-out.sql,720025.19,232252.48
CZ02/Nrs&0&cDXHP&Ex&dxHP_equip/NE-dxHP-SplitHP-33to55-Ex-SEER15.2/instance-out.sql,719206.51,232252.48
CZ02/Nrs&0&cDXHP&Ex&dxHP_equip/NE-dxHP-SplitHP-33to55-Ex-SEER16.2/instance-out.sql,718494.72,232252.48
CZ02/Nrs&0&cDXHP&Ex&dxHP_equip/NE-dxHP-SplitHP-33to55-Ex-SEER17.1/instance-out.sql,717925.66,232252.48
CZ02/Nrs&0&cDXHP&Ex&dxHP_equip/NE-dxHP-SplitHP-33to55-Ex-SEER18.1/instance-out.sql,717384.67,232252.48
CZ02/OfL&0&cDXHP&Ex&dxHP_equip/NE-dxHP-PkgHP-18to33-Ex-SEER13.4/instance-out.sql,2451092.30,153423.18
CZ02/OfL&0&cDXHP&Ex&dxHP_equip/NE-dxHP-PkgHP-18to33-Ex-SEER15.2/instance-out.sql,2438506.35,153423.18
CZ02/OfL&0&cDXHP&Ex&dxHP_equip/NE-dxHP-PkgHP-18to33-Ex-SEER16.2/instance-out.sql,2433423.25,153423.18
CZ02/OfL&0&cDXHP&Ex&dxHP_equip/NE-dxHP-PkgHP-18to33-Ex-SEER17.1/instance-out.sql,2429359.46,153423.18
CZ02/OfL&0&cDXHP&Ex&dxHP_equip/NE-dxHP-PkgHP-18to33-Ex-SEER18.1/instance-out.sql,2425496.13,153423.18
CZ02/OfL&0&cDXHP&Ex&dxHP_equip/NE-dxHP-PkgHP-33to65-Ex-SEER13.4/instance-out.sql,2451092.30,153423.18
CZ02/OfL&0&cDXHP&Ex&dxHP_equip/NE-dxHP-PkgHP-33to65-Ex-SEER15.2/instance-out.sql,2438506.35,153423.18
CZ02/OfL&0&cDXHP&Ex&dxHP_equip/NE-dxHP-PkgHP-33to65-Ex-SEER16.2/instance-out.sql,2433423.25,153423.18
CZ02/OfL&0&cDXHP&Ex&dxHP_equip/NE-dxHP-PkgHP-33to65-Ex-SEER17.1/instance-out.sql,2429359.46,153423.18
CZ02/OfL&0&cDXHP&Ex&dxHP_equip/NE-dxHP-PkgHP-33to65-Ex-SEER18.1/instance-out.sql,2425496.13,153423.18
CZ02/OfL&0&cDXHP&Ex&dxHP_equip/NE-dxHP-SplitHP-18to33-Ex-SEER14.3/instance-out.sql,2443715.63,153423.18
CZ02/OfL&0&cDXHP&Ex&dxHP_equip/NE-dxHP-SplitHP-18to33-Ex-SEER15.2/instance-out.sql,2437869.23,153423.18
CZ02/OfL&0&cDXHP&Ex&dxHP_equip/NE-dxHP-SplitHP-18to33-Ex-SEER16.2/instance-out.sql,2432786.12,153423.18
CZ02/OfL&0&cDXHP&Ex&dxHP_equip/NE-dxHP-SplitHP-18to33-Ex-SEER17.1/instance-out.sql,2428722.34,153423.18
CZ02/OfL&0&cDXHP&Ex&dxHP_equip/NE-dxHP-SplitHP-18to33-Ex-SEER18.1/instance-out.sql,2424859.01,153423.18
CZ02/OfL&0&cDXHP&Ex&dxHP_equip/NE-dxHP-SplitHP-33to55-Ex-SEER14.3/instance-out.sql,2443715.63,153423.18
CZ02/OfL&0&cDXHP&Ex&dxHP_equip/NE-dxHP-SplitHP-33to55-Ex-SEER15.2/instance-out.sql,2437869.23,153423.18
CZ02/OfL&0&cDXHP&Ex&dxHP_equip/NE-dxHP-SplitHP-33to55-Ex-SEER16.2/instance-out.sql,2432786.12,153423.18
CZ02/OfL&0&cDXHP&Ex&dxHP_equip/NE-dxHP-SplitHP-33to55-Ex-SEER17.1/instance-out.sql,2428722.34,153423.18
CZ02/OfL&0&cDXHP&Ex&dxHP_equip/NE-dxHP-SplitHP-33to55-Ex-SEER18.1/instance-out.sql,2424859.01,153423.18
CZ02/OfS&0&cDXHP&Ex&dxHP_equip/NE-dxHP-PkgHP-18to33-Ex-SEER13.4/instance-out.sql,127441.59,22427.82
CZ02/OfS&0&cDXHP&Ex&dxHP_equip/NE-dxHP-PkgHP-18to33-Ex-SEER15.2/instance-out.sql,126560.18,22427.82
CZ02/OfS&0&cDXHP&Ex&dxHP_equip/NE-dxHP-PkgHP-18to33-Ex-SEER16.2/instance-out.sql,126204.20,22427.82
CZ02/OfS&0&cDXHP&Ex&dxHP_equip/NE-dxHP-PkgHP-18to33-Ex-SEER17.1/instance-out.sql,125919.60,22427.82
CZ02/OfS&0&cDXHP&Ex&dxHP_equip/NE-dxHP-PkgHP-18to33-Ex-SEER18.1/instance-out.sql,125649.05,22427.82
CZ02/OfS&0&cDXHP&Ex&dxHP_equip/NE-dxHP-PkgHP-33to65-Ex-SEER13.4/instance-out.sql,127441.59,22427.82
CZ02/OfS&0&cDXHP&Ex&dxHP_equip/NE-dxHP-PkgHP-33to65-Ex-SEER15.2/instance-out.sql,126560.18,22427.82
CZ02/OfS&0&cDXHP&Ex&dxHP_equip/NE-dxHP-PkgHP-33to65-Ex-SEER16.2/instance-out.sql,126204.20,22427.82
CZ02/OfS&0&cDXHP&Ex&dxHP_equip/NE-dxHP-PkgHP-33to65-Ex-SEER17.1/instance-out.sql,125919.60,22427.82
CZ02/OfS&0&cDXHP&Ex&dxHP_equip/NE-dxHP-PkgHP-33to65-Ex-SEER18.1/instance-out.sql,125649.05,22427.82
CZ02/OfS&0&cDXHP&Ex&dxHP_equip/NE-dxHP-SplitHP-18to33-Ex-SEER14.3/instance-out.sql,126871.53,22427.82
CZ02/OfS&0&cDXHP&Ex&dxHP_equip/NE-dxHP-SplitHP-18to33-Ex-SEER15.2/instance-out.sql,126462.10,22427.82
CZ02/OfS&0&cDXHP&Ex&dxHP_equip/NE-dxHP-SplitHP-18to33-Ex-SEER16.2/instance-out.sql,126106.12,22427.82
CZ02/OfS&0&cDXHP&Ex&dxHP_equip/NE-dxHP-SplitHP-18to33-Ex-SEER17.1/instance-out.sql,125821.53,22427.82
CZ02/OfS&0&cDXHP&Ex&dxHP_equip/NE-dxHP-SplitHP-18to33-Ex-SEER18.1/instance-out.sql,125550.97,22427.82
CZ02/OfS&0&cDXHP&Ex&dxHP_equip/NE-dxHP-SplitHP-33to55-Ex-SEER14.3/instance-out.sql,126871.53,22427.82
CZ02/OfS&0&cDXHP&Ex&dxHP_equip/NE-dxHP-SplitHP-33to55-Ex-SEER15.2/instance-out.sql,126462.10,22427.82
CZ02/OfS&0&cDXHP&Ex&dxHP_equip/NE-dxHP-SplitHP-33to55-Ex-SEER16.2/instance-out.sql,126106.12,22427.82
CZ02/OfS&0&cDXHP&Ex&dxHP_equip/NE-dxHP-SplitHP-33to55-Ex-SEER17.1/instance-out.sql,125821.53,22427.82
CZ02/OfS&0&cDXHP&Ex&dxHP_equip/NE-dxHP-SplitHP-33to55-Ex-SEER18.1/instance-out.sql,125550.97,22427.82
CZ02/RFF&0&cDXHP&Ex&dxHP_equip/NE-dxHP-PkgHP-18to33-Ex-SEER13.4/instance-out.sql,63634.15,45565.24
CZ02/RFF&0&cDXHP&Ex&dxHP_equip/NE-dxHP-PkgHP-18to33-Ex-SEER15.2/instance-out.sql,63384.69,45565.24
CZ02/RFF&0&cDXHP&Ex&dxHP_equip/NE-dxHP-PkgHP-18to33-Ex-SEER16.2/instance-out.sql,63283.95,45565.24
CZ02/RFF&0&cDXHP&Ex&dxHP_equip/NE-dxHP-PkgHP-18to33-Ex-SEER17.1/instance-out.sql,63203.41,45565.24
CZ02/RFF&0&cDXHP&Ex&dxHP_equip/NE-dxHP-PkgHP-18to33-Ex-SEER18.1/instance-out.sql,63126.84,45565.24
CZ02/RFF&0&cDXHP&Ex&dxHP_equip/NE-dxHP-PkgHP-33to65-Ex-SEER13.4/instance-out.sql,63634.15,45565.24
CZ02/RFF&0&cDXHP&Ex&dxHP_equip/NE-dxHP-PkgHP-33to65-Ex-SEER15.2/instance-out.sql,63384.69,45565.24
CZ02/RFF&0&cDXHP&Ex&dxHP_equip/NE-dxHP-PkgHP-33to65-Ex-SEER16.2/instance-out.sql,63283.95,45565.24
CZ02/RFF&0&cDXHP&Ex&dxHP_equip/NE-dxHP-PkgHP-33to65-Ex-SEER17.1/instance-out.sql,63203.41,45565.24
CZ02/RFF&0&cDXHP&Ex&dxHP_equip/NE-dxHP-PkgHP-33to65-Ex-SEER18.1/instance-out.sql,63126.84,45565.24
CZ02/RFF&0&cDXHP&Ex&dxHP_equip/NE-dxHP-SplitHP-18to33-Ex-SEER14.3/instance-out.sql,63437.51,45565.24
CZ02/RFF&0&cDXHP&Ex&dxHP_equip/NE-dxHP-SplitHP-18to33-Ex-SEER15.2/instance-out.sql,63321.64,45565.24
CZ02/RFF&0&cDXHP&Ex&dxHP_equip/NE-dxHP-SplitHP-18to33-Ex-SEER16.2/instance-out.sql,63220.89,45565.24
CZ02/RFF&0&cDXHP&Ex&dxHP_equip/NE-dxHP-SplitHP-18to33-Ex-SEER17.1/instance-out.sql,63140.35,45565.24
CZ02/RFF&0&cDXHP&Ex&dxHP_equip/NE-dxHP-SplitHP-18to33-Ex-SEER18.1/instance-out.sql,63063.78,45565.24
CZ02/RFF&0&cDXHP&Ex&dxHP_equip/NE-dxHP-SplitHP-33to55-Ex-SEER14.3/instance-out.sql,63437.51,45565.24
CZ02/RFF&0&cDXHP&Ex&dxHP_equip/NE-dxHP-SplitHP-33to55-Ex-SEER15.2/instance-out.sql,63321.64,45565.24
CZ02/RFF&0&cDXHP&Ex&dxHP_equip/NE-dxHP-SplitHP-33to55-Ex-SEER16.2/instance-out.sql,63220.89,45565.24
CZ02/RFF&0&cDXHP&Ex&dxHP_equip/NE-dxHP-SplitHP-33to55-Ex-SEER17.1/instance-out.sql,63140.35,45565.24
CZ02/RFF&0&cDXHP&Ex&dxHP_equip/NE-dxHP-SplitHP-33to55-Ex-SEER18.1/instance-out.sql,63063.78,45565.24
CZ02/RSD&0&cDXHP&Ex&dxHP_equip/NE-dxHP-PkgHP-18to33-Ex-SEER13.4/instance-out.sql,122287.20,131291.14
CZ02/RSD&0&cDXHP&Ex&dxHP_equip/NE-dxHP-PkgHP-18to33-Ex-SEER15.2/instance-out.sql,122168.77,131291.14
CZ02/RSD&0&cDXHP&Ex&dxHP_equip/NE-dxHP-PkgHP-18to33-Ex-SEER16.2/instance-out.sql,122120.94,131291.14
CZ02/RSD&0&cDXHP&Ex&dxHP_equip/NE-dxHP-PkgHP-18to33-Ex-SEER17.1/instance-out.sql,122082.70,131291.14
CZ02/RSD&0&cDXHP&Ex&dxHP_equip/NE-dxHP-PkgHP-18to33-Ex-SEER18.1/instance-out.sql,122046.35,131291.14
CZ02/RSD&0&cDXHP&Ex&dxHP_equip/NE-dxHP-PkgHP-33to65-Ex-SEER13.4/instance-out.sql,122287.20,131291.14
CZ02/RSD&0&cDXHP&Ex&dxHP_equip/NE-dxHP-PkgHP-33to65-Ex-SEER15.2/instance-out.sql,122168.77,131291.14
CZ02/RSD&0&cDXHP&Ex&dxHP_equip/NE-dxHP-PkgHP-33to65-Ex-SEER16.2/instance-out.sql,122120.94,131291.14
CZ02/RSD&0&cDXHP&Ex&dxHP_equip/NE-dxHP-PkgHP-33to65-Ex-SEER17.1/instance-out.sql,122082.70,131291.14
CZ02/RSD&0&cDXHP&Ex&dxHP_equip/NE-dxHP-PkgHP-33to65-Ex-SEER18.1/instance-out.sql,122046.35,131291.14
CZ02/RSD&0&cDXHP&Ex&dxHP_equip/NE-dxHP-SplitHP-18to33-Ex-SEER14.3/instance-out.sql,122193.06,131291.14
CZ02/RSD&0&cDXHP&Ex&dxHP_equip/NE-dxHP-SplitHP-18to33-Ex-SEER15.2/instance-out.sql,122138.05,131291.14
CZ02/RSD&0&cDXHP&Ex&dxHP_equip/NE-dxHP-SplitHP-18to33-Ex-SEER16.2/instance-out.sql,122090.22,131291.14
CZ02/RSD&0&cDXHP&Ex&dxHP_equip/NE-dxHP-SplitHP-18to33-Ex-SEER17.1/instance-out.sql,122051.98,131291.14
CZ02/RSD&0&cDXHP&Ex&dxHP_equip/NE-dxHP-SplitHP-18to33-Ex-SEER18.1/instance-out.sql,122015.63,131291.14
CZ02/RSD&0&cDXHP&Ex&dxHP_equip/NE-dxHP-SplitHP-33to55-Ex-SEER14.3/instance-out.sql,122193.06,131291.14
CZ02/RSD&0&cDXHP&Ex&dxHP_equip/NE-dxHP-SplitHP-33to55-Ex-SEER15.2/instance-out.sql,122138.05,131291.14
CZ02/RSD&0&cDXHP&Ex&dxHP_equip/NE-dxHP-SplitHP-33to55-Ex-SEER16.2/instance-out.sql,122090.22,131291.14
CZ02/RSD&0&cDXHP&Ex&dxHP_equip/NE-dxHP-SplitHP-33to55-Ex-SEER17.1/instance-out.sql,122051.98,131291.14
CZ02/RSD&0&cDXHP&Ex&dxHP_equip/NE-dxHP-SplitHP-33to55-Ex-SEER18.1/instance-out.sql,122015.63,131291.14
CZ02/Rt3&0&cDXHP&Ex&dxHP_equip/NE-dxHP-PkgHP-18to33-Ex-SEER13.4/instance-out.sql,1906937.11,178760.04
CZ02/Rt3&0&cDXHP&Ex&dxHP_equip/NE-dxHP-PkgHP-18to33-Ex-SEER15.2/instance-out.sql,1897316.63,178760.04
CZ02/Rt3&0&cDXHP&Ex&dxHP_equip/NE-dxHP-PkgHP-18to33-Ex-SEER16.2/instance-out.sql,1893431.19,178760.04
CZ02/Rt3&0&cDXHP&Ex&dxHP_equip/NE-dxHP-PkgHP-18to33-Ex-SEER17.1/instance-out.sql,1890324.90,178760.04
CZ02/Rt3&0&cDXHP&Ex&dxHP_equip/NE-dxHP-PkgHP-18to33-Ex-SEER18.1/instance-out.sql,1887371.84,178760.04
CZ02/Rt3&0&cDXHP&Ex&dxHP_equip/NE-dxHP-PkgHP-33to65-Ex-SEER13.4/instance-out.sql,1906937.11,178760.04
CZ02/Rt3&0&cDXHP&Ex&dxHP_equip/NE-dxHP-PkgHP-33to65-Ex-SEER15.2/instance-out.sql,1897316.63,178760.04
CZ02/Rt3&0&cDXHP&Ex&dxHP_equip/NE-dxHP-PkgHP-33to65-Ex-SEER16.2/instance-out.sql,1893431.19,178760.04
CZ02/Rt3&0&cDXHP&Ex&dxHP_equip/NE-dxHP-PkgHP-33to65-Ex-SEER17.1/instance-out.sql,1890324.90,178760.04
CZ02/Rt3&0&cDXHP&Ex&dxHP_equip/NE-dxHP-PkgHP-33to65-Ex-SEER18.1/instance-out.sql,1887371.84,178760.04
CZ02/Rt3&0&cDXHP&Ex&dxHP_equip/NE-dxHP-SplitHP-18to33-Ex-SEER14.3/instance-out.sql,1900823.74,178760.04
CZ02/Rt3&0&cDXHP&Ex&dxHP_equip/NE-dxHP-SplitHP-18to33-Ex-SEER15.2/instance-out.sql,1896354.85,178760.04
CZ02/Rt3&0&cDXHP&Ex&dxHP_equip/NE-dxHP-SplitHP-18to33-Ex-SEER16.2/instance-out.sql,1892469.41,178760.04
CZ02/Rt3&0&cDXHP&Ex&dxHP_equip/NE-dxHP-SplitHP-18to33-Ex-SEER17.1/instance-out.sql,1889363.13,178760.04
CZ02/Rt3&0&cDXHP&Ex&dxHP_equip/NE-dxHP-SplitHP-18to33-Ex-SEER18.1/instance-out.sql,1886410.06,178760.04
CZ02/Rt3&0&cDXHP&Ex&dxHP_equip/NE-dxHP-SplitHP-33to55-Ex-SEER14.3/instance-out.sql,1900823.74,178760.04
CZ02/Rt3&0&cDXHP&Ex&dxHP_equip/NE-dxHP-SplitHP-33to55-Ex-SEER15.2/instance-out.sql,1896354.85,178760.04
CZ02/Rt3&0&cDXHP&Ex&dxHP_equip/NE-dxHP-SplitHP-33to55-Ex-SEER16.2/instance-out.sql,1892469.41,178760.04
CZ02/Rt3&0&cDXHP&Ex&dxHP_equip/NE-dxHP-SplitHP-33to55-Ex-SEER17.1/instance-out.sql,1889363.13,178760.04
CZ02/Rt3&0&cDXHP&Ex&dxHP_equip/NE-dxHP-SplitHP-33to55-Ex-SEER18.1/instance-out.sql,1886410.06,178760.04
CZ02/RtL&0&cDXHP&Ex&dxHP_equip/NE-dxHP-PkgHP-18to33-Ex-SEER13.4/instance-out.sql,1911399.87,169389.41
CZ02/RtL&0&cDXHP&Ex&dxHP_equip/NE-dxHP-PkgHP-18to33-Ex-SEER15.2/instance-out.sql,1901334.95,169389.41
CZ02/RtL&0&cDXHP&Ex&dxHP_equip/NE-dxHP-PkgHP-18to33-Ex-SEER16.2/instance-out.sql,1897270.02,169389.41
CZ02/RtL&0&cDXHP&Ex&dxHP_equip/NE-dxHP-PkgHP-18to33-Ex-SEER17.1/instance-out.sql,1894020.23,169389.41
CZ02/RtL&0&cDXHP&Ex&dxHP_equip/NE-dxHP-PkgHP-18to33-Ex-SEER18.1/instance-out.sql,1890930.74,169389.41
CZ02/RtL&0&cDXHP&Ex&dxHP_equip/NE-dxHP-PkgHP-33to65-Ex-SEER13.4/instance-out.sql,1911399.87,169389.41
CZ02/RtL&0&cDXHP&Ex&dxHP_equip/NE-dxHP-PkgHP-33to65-Ex-SEER15.2/instance-out.sql,1901334.95,169389.41
CZ02/RtL&0&cDXHP&Ex&dxHP_equip/NE-dxHP-PkgHP-33to65-Ex-SEER16.2/instance-out.sql,1897270.02,169389.41
CZ02/RtL&0&cDXHP&Ex&dxHP_equip/NE-dxHP-PkgHP-33to65-Ex-SEER17.1/instance-out.sql,1894020.23,169389.41
CZ02/RtL&0&cDXHP&Ex&dxHP_equip/NE-dxHP-PkgHP-33to65-Ex-SEER18.1/instance-out.sql,1890930.74,169389.41
CZ02/RtL&0&cDXHP&Ex&dxHP_equip/NE-dxHP-SplitHP-18to33-Ex-SEER14.3/instance-out.sql,1905251.24,169389.41
CZ02/RtL&0&cDXHP&Ex&dxHP_equip/NE-dxHP-SplitHP-18to33-Ex-SEER15.2/instance-out.sql,1900575.89,169389.41
CZ02/RtL&0&cDXHP&Ex&dxHP_equip/NE-dxHP-SplitHP-18to33-Ex-SEER16.2/instance-out.sql,1896510.96,169389.41
CZ02/RtL&0&cDXHP&Ex&dxHP_equip/NE-dxHP-SplitHP-18to33-Ex-SEER17.1/instance-out.sql,1893261.17,169389.41
CZ02/RtL&0&cDXHP&Ex&dxHP_equip/NE-dxHP-SplitHP-18to33-Ex-SEER18.1/instance-out.sql,1890171.69,169389.41
CZ02/RtL&0&cDXHP&Ex&dxHP_equip/NE-dxHP-SplitHP-33to55-Ex-SEER14.3/instance-out.sql,1905251.24,169389.41
CZ02/RtL&0&cDXHP&Ex&dxHP_equip/NE-dxHP-SplitHP-33to55-Ex-SEER15.2/instance-out.sql,1900575.89,169389.41
CZ02/RtL&0&cDXHP&Ex&dxHP_equip/NE-dxHP-SplitHP-33to55-Ex-SEER16.2/instance-out.sql,1896510.96,169389.41
CZ02/RtL&0&cDXHP&Ex&dxHP_equip/NE-dxHP-SplitHP-33to55-Ex-SEER17.1/instance-out.sql,1893261.17,169389.41
CZ02/RtL&0&cDXHP&Ex&dxHP_equip/NE-dxHP-SplitHP-33to55-Ex-SEER18.1/instance-out.sql,1890171.69,169389.41
CZ02/RtS&0&cDXHP&Ex&dxHP_equip/NE-dxHP-PkgHP-18to33-Ex-SEER13.4/instance-out.sql,119171.09,15836.76
CZ02/RtS&0&cDXHP&Ex&dxHP_equip/NE-dxHP-PkgHP-18to33-Ex-SEER15.2/instance-out.sql,118481.68,15836.76
CZ02/RtS&0&cDXHP&Ex&dxHP_equip/NE-dxHP-PkgHP-18to33-Ex-SEER16.2/instance-out.sql,118203.25,15836.76
CZ02/RtS&0&cDXHP&Ex&dxHP_equip/NE-dxHP-PkgHP-18to33-Ex-SEER17.1/instance-out.sql,117980.65,15836.76
CZ02/RtS&0&cDXHP&Ex&dxHP_equip/NE-dxHP-PkgHP-18to33-Ex-SEER18.1/instance-out.sql,117769.03,15836.76
CZ02/RtS&0&cDXHP&Ex&dxHP_equip/NE-dxHP-PkgHP-33to65-Ex-SEER13.4/instance-out.sql,119171.09,15836.76
CZ02/RtS&0&cDXHP&Ex&dxHP_equip/NE-dxHP-PkgHP-33to65-Ex-SEER15.2/instance-out.sql,118481.68,15836.76
CZ02/RtS&0&cDXHP&Ex&dxHP_equip/NE-dxHP-PkgHP-33to65-Ex-SEER16.2/instance-out.sql,118203.25,15836.76
CZ02/RtS&0&cDXHP&Ex&dxHP_equip/NE-dxHP-PkgHP-33to65-Ex-SEER17.1/instance-out.sql,117980.65,15836.76
CZ02/RtS&0&cDXHP&Ex&dxHP_equip/NE-dxHP-PkgHP-33to65-Ex-SEER18.1/instance-out.sql,117769.03,15836.76
CZ02/RtS&0&cDXHP&Ex&dxHP_equip/NE-dxHP-SplitHP-18to33-Ex-SEER14.3/instance-out.sql,118650.46,15836.76
CZ02/RtS&0&cDXHP&Ex&dxHP_equip/NE-dxHP-SplitHP-18to33-Ex-SEER15.2/instance-out.sql,118330.22,15836.76
CZ02/RtS&0&cDXHP&Ex&dxHP_equip/NE-dxHP-SplitHP-18to33-Ex-SEER16.2/instance-out.sql,118051.79,15836.76
CZ02/RtS&0&cDXHP&Ex&dxHP_equip/NE-dxHP-SplitHP-18to33-Ex-SEER17.1/instance-out.sql,117829.19,15836.76
CZ02/RtS&0&cDXHP&Ex&dxHP_equip/NE-dxHP-SplitHP-18to33-Ex-SEER18.1/instance-out.sql,117617.57,15836.76
CZ02/RtS&0&cDXHP&Ex&dxHP_equip/NE-dxHP-SplitHP-33to55-Ex-SEER14.3/instance-out.sql,118650.46,15836.76
CZ02/RtS&0&cDXHP&Ex&dxHP_equip/NE-dxHP-SplitHP-33to55-Ex-SEER15.2/instance-out.sql,118330.22,15836.76
CZ02/RtS&0&cDXHP&Ex&dxHP_equip/NE-dxHP-SplitHP-33to55-Ex-SEER16.2/instance-out.sql,118051.79,15836.76
CZ02/RtS&0&cDXHP&Ex&dxHP_equip/NE-dxHP-SplitHP-33to55-Ex-SEER17.1/instance-out.sql,117829.19,15836.76
CZ02/RtS&0&cDXHP&Ex&dxHP_equip/NE-dxHP-SplitHP-33to55-Ex-SEER18.1/instance-out.sql,117617.57,15836.76
CZ02/SCn&0&cDXHP&Ex&dxHP_equip/NE-dxHP-PkgHP-18to33-Ex-SEER13.4/instance-out.sql,3187140.33,86287.50
CZ02/SCn&0&cDXHP&Ex&dxHP_equip/NE-dxHP-PkgHP-18to33-Ex-SEER15.2/instance-out.sql,3173741.16,86287.50
CZ02/SCn&0&cDXHP&Ex&dxHP_equip/NE-dxHP-PkgHP-18to33-Ex-SEER16.2/instance-out.sql,3168329.63,86287.50
CZ02/SCn&0&cDXHP&Ex&dxHP_equip/NE-dxHP-PkgHP-18to33-Ex-SEER17.1/instance-out.sql,3164003.27,86287.50
CZ02/SCn&0&cDXHP&Ex&dxHP_equip/NE-dxHP-PkgHP-18to33-Ex-SEER18.1/instance-out.sql,3159890.32,86287.50
CZ02/SCn&0&cDXHP&Ex&dxHP_equip/NE-dxHP-PkgHP-33to65-Ex-SEER13.4/instance-out.sql,3187140.33,86287.50
CZ02/SCn&0&cDXHP&Ex&dxHP_equip/NE-dxHP-PkgHP-33to65-Ex-SEER15.2/instance-out.sql,3173741.16,86287.50
CZ02/SCn&0&cDXHP&Ex&dxHP_equip/NE-dxHP-PkgHP-33to65-Ex-SEER16.2/instance-out.sql,3168329.63,86287.50
CZ02/SCn&0&cDXHP&Ex&dxHP_equip/NE-dxHP-PkgHP-33to65-Ex-SEER17.1/instance-out.sql,3164003.27,86287.50
CZ02/SCn&0&cDXHP&Ex&dxHP_equip/NE-dxHP-PkgHP-33to65-Ex-SEER18.1/instance-out.sql,3159890.32,86287.50
CZ02/SCn&0&cDXHP&Ex&dxHP_equip/NE-dxHP-SplitHP-18to33-Ex-SEER14.3/instance-out.sql,3169990.71,86287.50
CZ02/SCn&0&cDXHP&Ex&dxHP_equip/NE-dxHP-SplitHP-18to33-Ex-SEER15.2/instance-out.sql,3163766.56,86287.50
CZ02/SCn&0&cDXHP&Ex&dxHP_equip/NE-dxHP-SplitHP-18to33-Ex-SEER16.2/instance-out.sql,3158355.02,86287.50
CZ02/SCn&0&cDXHP&Ex&dxHP_equip/NE-dxHP-SplitHP-18to33-Ex-SEER17.1/instance-out.sql,3154028.66,86287.50
CZ02/SCn&0&cDXHP&Ex&dxHP_equip/NE-dxHP-SplitHP-18to33-Ex-SEER18.1/instance-out.sql,3149915.71,86287.50
CZ02/SCn&0&cDXHP&Ex&dxHP_equip/NE-dxHP-SplitHP-33to55-Ex-SEER14.3/instance-out.sql,3169990.71,86287.50
CZ02/SCn&0&cDXHP&Ex&dxHP_equip/NE-dxHP-SplitHP-33to55-Ex-SEER15.2/instance-out.sql,3163766.56,86287.50
CZ02/SCn&0&cDXHP&Ex&dxHP_equip/NE-dxHP-SplitHP-33to55-Ex-SEER16.2/instance-out.sql,3158355.02,86287.50
CZ02/SCn&0&cDXHP&Ex&dxHP_equip/NE-dxHP-SplitHP-33to55-Ex-SEER17.1/instance-out.sql,3154028.66,86287.50
CZ02/SCn&0&cDXHP&Ex&dxHP_equip/NE-dxHP-SplitHP-33to55-Ex-SEER18.1/instance-out.sql,3149915.71,86287.50

File Name,Unmet Heating (Hours),Unmet Cooling (Hours)
CZ01/Asm&0&cDXHP&Ex&dxHP_equip/NE-dxHP-PkgHP-18to33-Ex-SEER13.4/instance-out.sql,0.00,0.00
CZ01/Asm&0&cDXHP&Ex&dxHP_equip/NE-dxHP-PkgHP-18to33-Ex-SEER15.2/instance-out.sql,0.00,0.00
CZ01/Asm&0&cDXHP&Ex&dxHP_equip/NE-dxHP-PkgHP-18to33-Ex-SEER16.2/instance-out.sql,0.00,0.00
CZ01/Asm&0&cDXHP&Ex&dxHP_equip/NE-dxHP-PkgHP-18to33-Ex-SEER17.1/instance-out.sql,0.00,0.00
CZ01/Asm&0&cDXHP&Ex&dxHP_equip/NE-dxHP-PkgHP-18to33-Ex-SEER18.1/instance-out.sql,0.00,0.00
CZ01/Asm&0&cDXHP&Ex&dxHP_equip/NE-dxHP-PkgHP-33to65-Ex-SEER13.4/instance-out.sql,0.00,0.00
CZ01/Asm&0&cDXHP&Ex&dxHP_equip/NE-dxHP-PkgHP-33to65-Ex-SEER15.2/instance-out.sql,0.00,0.00
CZ01/Asm&0&cDXHP&Ex&dxHP_equip/NE-dxHP-PkgHP-33to65-Ex-SEER16.2/instance-out.sql,0.00,0.00
CZ01/Asm&0&cDXHP&Ex&dxHP_equip/NE-dxHP-PkgHP-33to65-Ex-SEER17.1/instance-out.sql,0.00,0.00
CZ01/Asm&0&cDXHP&Ex&dxHP_equip/NE-dxHP-PkgHP-33to65-Ex-SEER18.1/instance-out.sql,0.00,0.00
CZ01/Asm&0&cDXHP&Ex&dxHP_equip/NE-dxHP-SplitHP-18to33-Ex-SEER14.3/instance-out.sql,0.00,0.00
CZ01/Asm&0&cDXHP&Ex&dxHP_equip/NE-dxHP-SplitHP-18to33-Ex-SEER15.2/instance-out.sql,0.00,0.00
CZ01/Asm&0&cDXHP&Ex&dxHP_equip/NE-dxHP-SplitHP-18to33-Ex-SEER16.2/instance-out.sql,0.00,0.00
CZ01/Asm&0&cDXHP&Ex&dxHP_equip/NE-dxHP-SplitHP-18to33-Ex-SEER17.1/instance-out.sql,0.00,0.00
CZ01/Asm&0&cDXHP&Ex&dxHP_equip/NE-dxHP-SplitHP-18to33-Ex-SEER18.1/instance-out.sql,0.00,0.00
CZ01/Asm&0&cDXHP&Ex&dxHP_equip/NE-dxHP-SplitHP-33to55-Ex-SEER14.3/instance-out.sql,0.00,0.00
CZ01/Asm&0&cDXHP&Ex&dxHP_equip/NE-dxHP-SplitHP-33to55-Ex-SEER15.2/instance-out.sql,0.00,0.00
CZ01/Asm&0&cDXHP&Ex&dxHP_equip/NE-dxHP-SplitHP-33to55-Ex-SEER16.2/instance-out.sql,0.00,0.00
CZ01/Asm&0&cDXHP&Ex&dxHP_equip/NE-dxHP-SplitHP-33to55-Ex-SEER17.1/instance-out.sql,0.00,0.00
CZ01/Asm&0&cDXHP&Ex&dxHP_equip/NE-dxHP-SplitHP-33to55-Ex-SEER18.1/instance-out.sql,0.00,0.00
CZ01/ECC&0&cDXHP&Ex&dxHP_equip/NE-dxHP-PkgHP-18to33-Ex-SEER13.4/instance-out.sql,1.00,2959.00
CZ01/ECC&0&cDXHP&Ex&dxHP_equip/NE-dxHP-PkgHP-18to33-Ex-SEER15.2/instance-out.sql,1.00,2959.00
CZ01/ECC&0&cDXHP&Ex&dxHP_equip/NE-dxHP-PkgHP-18to33-Ex-SEER16.2/instance-out.sql,1.00,2959.00
CZ01/ECC&0&cDXHP&Ex&dxHP_equip/NE-dxHP-PkgHP-18to33-Ex-SEER17.1/instance-out.sql,1.00,2959.00
CZ01/ECC&0&cDXHP&Ex&dxHP_equip/NE-dxHP-PkgHP-18to33-Ex-SEER18.1/instance-out.sql,1.00,2959.00
CZ01/ECC&0&cDXHP&Ex&dxHP_equip/NE-dxHP-PkgHP-33to65-Ex-SEER13.4/instance-out.sql,1.00,2959.00
CZ01/ECC&0&cDXHP&Ex&dxHP_equip/NE-dxHP-PkgHP-33to65-Ex-SEER15.2/instance-out.sql,1.00,2959.00
CZ01/ECC&0&cDXHP&Ex&dxHP_equip/NE-dxHP-PkgHP-33to65-Ex-SEER16.2/instance-out.sql,1.00,2959.00
CZ01/ECC&0&cDXHP&Ex&dxHP_equip/NE-dxHP-PkgHP-33to65-Ex-SEER17.1/instance-out.sql,1.00,2959.00
CZ01/ECC&0&cDXHP&Ex&dxHP_equip/NE-dxHP-PkgHP-33to65-Ex-SEER18.1/instance-out.sql,1.00,2959.00
CZ01/ECC&0&cDXHP&Ex&dxHP_equip/NE-dxHP-SplitHP-18to33-Ex-SEER14.3/instance-out.sql,1.00,2959.00
CZ01/ECC&0&cDXHP&Ex&dxHP_equip/NE-dxHP-SplitHP-18to33-Ex-SEER15.2/instance-out.sql,1.00,2959.00
CZ01/ECC&0&cDXHP&Ex&dxHP_equip/NE-dxHP-SplitHP-18to33-Ex-SEER16.2/instance-out.sql,1.00,2959.00
CZ01/ECC&0&cDXHP&Ex&dxHP_equip/NE-dxHP-SplitHP-18to33-Ex-SEER17.1/instance-out.sql,1.00,2959.00
CZ01/ECC&0&cDXHP&Ex&dxHP_equip/NE-dxHP-SplitHP-18to33-Ex-SEER18.1/instance-out.sql,1.00,2959.00
CZ01/ECC&0&cDXHP&Ex&dxHP_equip/NE-dxHP-SplitHP-33to55-Ex-SEER14.3/instance-out.sql,1.00,2959.00
CZ01/ECC&0&cDXHP&Ex&dxHP_equip/NE-dxHP-SplitHP-33to55-Ex-SEER15.2/instance-out.sql,1.00,2959.00
CZ01/ECC&0&cDXHP&Ex&dxHP_equip/NE-dxHP-SplitHP-33to55-Ex-SEER16.2/instance-out.sql,1.00,2959.00
CZ01/ECC&0&cDXHP&Ex&dxHP_equip/NE-dxHP-SplitHP-33to55-Ex-SEER17.1/instance-out.sql,1.00,2959.00
CZ01/ECC&0&cDXHP&Ex&dxHP_equip/NE-dxHP-SplitHP-33to55-Ex-SEER18.1/instance-out.sql,1.00,2959.00
CZ01/EPr&0&cDXHP&Ex&dxHP_equip/NE-dxHP-PkgHP-18to33-Ex-SEER13.4/instance-out.sql,0.00,0.00
CZ01/EPr&0&cDXHP&Ex&dxHP_equip/NE-dxHP-PkgHP-18to33-Ex-SEER15.2/instance-out.sql,0.00,0.00
CZ01/EPr&0&cDXHP&Ex&dxHP_equip/NE-dxHP-PkgHP-18to33-Ex-SEER16.2/instance-out.sql,0.00,0.00
CZ01/EPr&0&cDXHP&Ex&dxHP_equip/NE-dxHP-PkgHP-18to33-Ex-SEER17.1/instance-out.sql,0.00,0.00
CZ01/EPr&0&cDXHP&Ex&dxHP_equip/NE-dxHP-PkgHP-18to33-Ex-SEER18.1/instance-out.sql,0.00,0.00
CZ01/EPr&0&cDXHP&Ex&dxHP_equip/NE-dxHP-PkgHP-33to65-Ex-SEER13.4/instance-out.sql,0.00,0.00
CZ01/EPr&0&cDXHP&Ex&dxHP_equip/NE-dxHP-PkgHP-33to65-Ex-SEER15.2/instance-out.sql,0.00,0.00
CZ01/EPr&0&cDXHP&Ex&dxHP_equip/NE-dxHP-PkgHP-33to65-Ex-SEER16.2/instance-out.sql,0.00,0.00
CZ01/EPr&0&cDXHP&Ex&dxHP_equip/NE-dxHP-PkgHP-33to65-Ex-SEER17.1/instance-out.sql,0.00,0.00
CZ01/EPr&0&cDXHP&Ex&dxHP_equip/NE-dxHP-PkgHP-33to65-Ex-SEER18.1/instance-out.sql,0.00,0.00
CZ01/EPr&0&cDXHP&Ex&dxHP_equip/NE-dxHP-SplitHP-18to33-Ex-SEER14.3/instance-out.sql,0.00,0.00
CZ01/EPr&0&cDXHP&Ex&dxHP_equip/NE-dxHP-SplitHP-18to33-Ex-SEER15.2/instance-out.sql,0.00,0.00
CZ01/EPr&0&cDXHP&Ex&dxHP_equip/NE-dxHP-SplitHP-18to33-Ex-SEER16.2/instance-out.sql,0.00,0.00
CZ01/EPr&0&cDXHP&Ex&dxHP_equip/NE-dxHP-SplitHP-18to33-Ex-SEER17.1/instance-out.sql,0.00,0.00
CZ01/EPr&0&cDXHP&Ex&dxHP_equip/NE-dxHP-SplitHP-18to33-Ex-SEER18.1/instance-out.sql,0.00,0.00
CZ01/EPr&0&cDXHP&Ex&dxHP_equip/NE-dxHP-SplitHP-33to55-Ex-SEER14.3/instance-out.sql,0.00,0.00
CZ01/EPr&0&cDXHP&Ex&dxHP_equip/NE-dxHP-SplitHP-33to55-Ex-SEER15.2/instance-out.sql,0.00,0.00
CZ01/EPr&0&cDXHP&Ex&dxHP_equip/NE-dxHP-SplitHP-33to55-Ex-SEER16.2/instance-out.sql,0.00,0.00
CZ01/EPr&0&cDXHP&Ex&dxHP_equip/NE-dxHP-SplitHP-33to55-Ex-SEER17.1/instance-out.sql,0.00,0.00
CZ01/EPr&0&cDXHP&Ex&dxHP_equip/NE-dxHP-SplitHP-33to55-Ex-SEER18.1/instance-out.sql,0.00,0.00
CZ01/ERC&0&cDXHP&Ex&dxHP_equip/NE-dxHP-PkgHP-18to33-Ex-SEER13.4/instance-out.sql,0.00,0.00
CZ01/ERC&0&cDXHP&Ex&dxHP_equip/NE-dxHP-PkgHP-18to33-Ex-SEER15.2/instance-out.sql,0.00,0.00
CZ01/ERC&0&cDXHP&Ex&dxHP_equip/NE-dxHP-PkgHP-18to33-Ex-SEER16.2/instance-out.sql,0.00,0.00
CZ01/ERC&0&cDXHP&Ex&dxHP_equip/NE-dxHP-PkgHP-18to33-Ex-SEER17.1/instance-out.sql,0.00,0.00
CZ01/ERC&0&cDXHP&Ex&dxHP_equip/NE-dxHP-PkgHP-18to33-Ex-SEER18.1/instance-out.sql,0.00,0.00
CZ01/ERC&0&cDXHP&Ex&dxHP_equip/NE-dxHP-PkgHP-33to65-Ex-SEER13.4/instance-out.sql,0.00,0.00
CZ01/ERC&0&cDXHP&Ex&dxHP_equip/NE-dxHP-PkgHP-33to65-Ex-SEER15.2/instance-out.sql,0.00,0.00
CZ01/ERC&0&cDXHP&Ex&dxHP_equip/NE-dxHP-PkgHP-33to65-Ex-SEER16.2/instance-out.sql,0.00,0.00
CZ01/ERC&0&cDXHP&Ex&dxHP_equip/NE-dxHP-PkgHP-33to65-Ex-SEER17.1/instance-out.sql,0.00,0.00
CZ01/ERC&0&cDXHP&Ex&dxHP_equip/NE-dxHP-PkgHP-33to65-Ex-SEER18.1/instance-out.sql,0.00,0.00
CZ01/ERC&0&cDXHP&Ex&dxHP_equip/NE-dxHP-SplitHP-18to33-Ex-SEER14.3/instance-out.sql,0.00,0.00
CZ01/ERC&0&cDXHP&Ex&dxHP_equip/NE-dxHP-SplitHP-18to33-Ex-SEER15.2/instance-out.sql,0.00,0.00
CZ01/ERC&0&cDXHP&Ex&dxHP_equip/NE-dxHP-SplitHP-18to33-Ex-SEER16.2/instance-out.sql,0.00,0.00
CZ01/ERC&0&cDXHP&Ex&dxHP_equip/NE-dxHP-SplitHP-18to33-Ex-SEER17.1/instance-out.sql,0.00,0.00
CZ01/ERC&0&cDXHP&Ex&dxHP_equip/NE-dxHP-SplitHP-18to33-Ex-SEER18.1/instance-out.sql,0.00,0.00
CZ01/ERC&0&cDXHP&Ex&dxHP_equip/NE-dxHP-SplitHP-33to55-Ex-SEER14.3/instance-out.sql,0.00,0.00
CZ01/ERC&0&cDXHP&Ex&dxHP_equip/NE-dxHP-SplitHP-33to55-Ex-SEER15.2/instance-out.sql,0.00,0.00
CZ01/ERC&0&cDXHP&Ex&dxHP_equip/NE-dxHP-SplitHP-33to55-Ex-SEER16.2/instance-out.sql,0.00,0.00
CZ01/ERC&0&cDXHP&Ex&dxHP_equip/NE-dxHP-SplitHP-33to55-Ex-SEER17.1/instance-out.sql,0.00,0.00
CZ01/ERC&0&cDXHP&Ex&dxHP_equip/NE-dxHP-SplitHP-33to55-Ex-SEER18.1/instance-out.sql,0.00,0.00
CZ01/ESe&0&cDXHP&Ex&dxHP_equip/NE-dxHP-PkgHP-18to33-Ex-SEER13.4/instance-out.sql,1.00,0.00
CZ01/ESe&0&cDXHP&Ex&dxHP_equip/NE-dxHP-PkgHP-18to33-Ex-SEER15.2/instance-out.sql,1.00,0.00
CZ01/ESe&0&cDXHP&Ex&dxHP_equip/NE-dxHP-PkgHP-18to33-Ex-SEER16.2/instance-out.sql,1.00,0.00
CZ01/ESe&0&cDXHP&Ex&dxHP_equip/NE-dxHP-PkgHP-18to33-Ex-SEER17.1/instance-out.sql,1.00,0.00
CZ01/ESe&0&cDXHP&Ex&dxHP_equip/NE-dxHP-PkgHP-18to33-Ex-SEER18.1/instance-out.sql,1.00,0.00
CZ01/ESe&0&cDXHP&Ex&dxHP_equip/NE-dxHP-PkgHP-33to65-Ex-SEER13.4/instance-out.sql,1.00,0.00
CZ01/ESe&0&cDXHP&Ex&dxHP_equip/NE-dxHP-PkgHP-33to65-Ex-SEER15.2/instance-out.sql,1.00,0.00
CZ01/ESe&0&cDXHP&Ex&dxHP_equip/NE-dxHP-PkgHP-33to65-Ex-SEER16.2/instance-out.sql,1.00,0.00
CZ01/ESe&0&cDXHP&Ex&dxHP_equip/NE-dxHP-PkgHP-33to65-Ex-SEER17.1/instance-out.sql,1.00,0.00
CZ01/ESe&0&cDXHP&Ex&dxHP_equip/NE-dxHP-PkgHP-33to65-Ex-SEER18.1/instance-out.sql,1.00,0.00
CZ01/ESe&0&cDXHP&Ex&dxHP_equip/NE-dxHP-SplitHP-18to33-Ex-SEER14.3/instance-out.sql,1.00,0.00
CZ01/ESe&0&cDXHP&Ex&dxHP_equip/NE-dxHP-SplitHP-18to33-Ex-SEER15.2/instance-out.sql,1.00,0.00
CZ01/ESe&0&cDXHP&Ex&dxHP_equip/NE-dxHP-SplitHP-18to33-Ex-SEER16.2/instance-out.sql,1.00,0.00
CZ01/ESe&0&cDXHP&Ex&dxHP_equip/NE-dxHP-SplitHP-18to33-Ex-SEER17.1/instance-out.sql,1.00,0.00
CZ01/ESe&0&cDXHP&Ex&dxHP_equip/NE-dxHP-SplitHP-18to33-Ex-SEER18.1/instance-out.sql,1.00,0.00
CZ01/ESe&0&cDXHP&Ex&dxHP_equip/NE-dxHP-SplitHP-33to55-Ex-SEER14.3/instance-out.sql,1.00,0.00
CZ01/ESe&0&cDXHP&Ex&dxHP_equip/NE-dxHP-SplitHP-33to55-Ex-SEER15.2/instance-out.sql,1.00,0.00
CZ01/ESe&0&cDXHP&Ex&dxHP_equip/NE-dxHP-SplitHP-33to55-Ex-SEER16.2/instance-out.sql,1.00,0.00
CZ01/ESe&0&cDXHP&Ex&dxHP_equip/NE-dxHP-SplitHP-33to55-Ex-SEER17.1/instance-out.sql,1.00,0.00
CZ01/ESe&0&cDXHP&Ex&dxHP_equip/NE-dxHP-SplitHP-33to55-Ex-SEER18.1/instance-out.sql,1.00,0.00
CZ01/EUn&0&cDXHP&Ex&dxHP_equip/NE-dxHP-PkgHP-18to33-Ex-SEER13.4/instance-out.sql,1.00,203.00
CZ01/EUn&0&cDXHP&Ex&dxHP_equip/NE-dxHP-PkgHP-18to33-Ex-SEER15.2/instance-out.sql,1.00,203.00
CZ01/EUn&0&cDXHP&Ex&dxHP_equip/NE-dxHP-PkgHP-18to33-Ex-SEER16.2/instance-out.sql,1.00,203.00
CZ01/EUn&0&cDXHP&Ex&dxHP_equip/NE-dxHP-PkgHP-18to33-Ex-SEER17.1/instance-out.sql,1.00,203.00
CZ01/EUn&0&cDXHP&Ex&dxHP_equip/NE-dxHP-PkgHP-18to33-Ex-SEER18.1/instance-out.sql,1.00,203.00
CZ01/EUn&0&cDXHP&Ex&dxHP_equip/NE-dxHP-PkgHP-33to65-Ex-SEER13.4/instance-out.sql,1.00,203.00
CZ01/EUn&0&cDXHP&Ex&dxHP_equip/NE-dxHP-PkgHP-33to65-Ex-SEER15.2/instance-out.sql,1.00,203.00
CZ01/EUn&0&cDXHP&Ex&dxHP_equip/NE-dxHP-PkgHP-33to65-Ex-SEER16.2/instance-out.sql,1.00,203.00
CZ01/EUn&0&cDXHP&Ex&dxHP_equip/NE-dxHP-PkgHP-33to65-Ex-SEER17.1/instance-out.sql,1.00,203.00
CZ01/EUn&0&cDXHP&Ex&dxHP_equip/NE-dxHP-PkgHP-33to65-Ex-SEER18.1/instance-out.sql,1.00,203.00
CZ01/EUn&0&cDXHP&Ex&dxHP_equip/NE-dxHP-SplitHP-18to33-Ex-SEER14.3/instance-out.sql,1.00,203.00
CZ01/EUn&0&cDXHP&Ex&dxHP_equip/NE-dxHP-SplitHP-18to33-Ex-SEER15.2/instance-out.sql,1.00,203.00
CZ01/EUn&0&cDXHP&Ex&dxHP_equip/NE-dxHP-SplitHP-18to33-Ex-SEER16.2/instance-out.sql,1.00,203.00
CZ01/EUn&0&cDXHP&Ex&dxHP_equip/NE-dxHP-SplitHP-18to33-Ex-SEER17.1/instance-out.sql,1.00,203.00
CZ01/EUn&0&cDXHP&Ex&dxHP_equip/NE-dxHP-SplitHP-18to33-Ex-SEER18.1/instance-out.sql,1.00,203.00
CZ01/EUn&0&cDXHP&Ex&dxHP_equip/NE-dxHP-SplitHP-33to55-Ex-SEER14.3/instance-out.sql,1.00,203.00
CZ01/EUn&0&cDXHP&Ex&dxHP_equip/NE-dxHP-SplitHP-33to55-Ex-SEER15.2/instance-out.sql,1.00,203.00
CZ01/EUn&0&cDXHP&Ex&dxHP_equip/NE-dxHP-SplitHP-33to55-Ex-SEER16.2/instance-out.sql,1.00,203.00
CZ01/EUn&0&cDXHP&Ex&dxHP_equip/NE-dxHP-SplitHP-33to55-Ex-SEER17.1/instance-out.sql,1.00,203.00
CZ01/EUn&0&cDXHP&Ex&dxHP_equip/NE-dxHP-SplitHP-33to55-Ex-SEER18.1/instance-out.sql,1.00,203.00
CZ01/Gro&0&cDXHP&Ex&dxHP_equip/NE-dxHP-PkgHP-18to33-Ex-SEER13.4/instance-out.sql,0.00,0.00
CZ01/Gro&0&cDXHP&Ex&dxHP_equip/NE-dxHP-PkgHP-18to33-Ex-SEER15.2/instance-out.sql,0.00,0.00
CZ01/Gro&0&cDXHP&Ex&dxHP_equip/NE-dxHP-PkgHP-18to33-Ex-SEER16.2/instance-out.sql,0.00,0.00
CZ01/Gro&0&cDXHP&Ex&dxHP_equip/NE-dxHP-PkgHP-18to33-Ex-SEER17.1/instance-out.sql,0.00,0.00
CZ01/Gro&0&cDXHP&Ex&dxHP_equip/NE-dxHP-PkgHP-18to33-Ex-SEER18.1/instance-out.sql,0.00,0.00
CZ01/Gro&0&cDXHP&Ex&dxHP_equip/NE-dxHP-PkgHP-33to65-Ex-SEER13.4/instance-out.sql,0.00,0.00
CZ01/Gro&0&cDXHP&Ex&dxHP_equip/NE-dxHP-PkgHP-33to65-Ex-SEER15.2/instance-out.sql,0.00,0.00
CZ01/Gro&0&cDXHP&Ex&dxHP_equip/NE-dxHP-PkgHP-33to65-Ex-SEER16.2/instance-out.sql,0.00,0.00
CZ01/Gro&0&cDXHP&Ex&dxHP_equip/NE-dxHP-PkgHP-33to65-Ex-SEER17.1/instance-out.sql,0.00,0.00
CZ01/Gro&0&cDXHP&Ex&dxHP_equip/NE-dxHP-PkgHP-33to65-Ex-SEER18.1/instance-out.sql,0.00,0.00
CZ01/Gro&0&cDXHP&Ex&dxHP_equip/NE-dxHP-SplitHP-18to33-Ex-SEER14.3/instance-out.sql,0.00,0.00
CZ01/Gro&0&cDXHP&Ex&dxHP_equip/NE-dxHP-SplitHP-18to33-Ex-SEER15.2/instance-out.sql,0.00,0.00
CZ01/Gro&0&cDXHP&Ex&dxHP_equip/NE-dxHP-SplitHP-18to33-Ex-SEER16.2/instance-out.sql,0.00,0.00
CZ01/Gro&0&cDXHP&Ex&dxHP_equip/NE-dxHP-SplitHP-18to33-Ex-SEER17.1/instance-out.sql,0.00,0.00
CZ01/Gro&0&cDXHP&Ex&dxHP_equip/NE-dxHP-SplitHP-18to33-Ex-SEER18.1/instance-out.sql,0.00,0.00
CZ01/Gro&0&cDXHP&Ex&dxHP_equip/NE-dxHP-SplitHP-33to55-Ex-SEER14.3/instance-out.sql,0.00,0.00
CZ01/Gro&0&cDXHP&Ex&dxHP_equip/NE-dxHP-SplitHP-33to55-Ex-SEER15.2/instance-out.sql,0.00,0.00
CZ01/Gro&0&cDXHP&Ex&dxHP_equip/NE-dxHP-SplitHP-33to55-Ex-SEER16.2/instance-out.sql,0.00,0.00
CZ01/Gro&0&cDXHP&Ex&dxHP_equip/NE-dxHP-SplitHP-33to55-Ex-SEER17.1/instance-out.sql,0.00,0.00
CZ01/Gro&0&cDXHP&Ex&dxHP_equip/NE-dxHP-SplitHP-33to55-Ex-SEER18.1/instance-out.sql,0.00,0.00
CZ01/Hsp&0&cDXHP&Ex&dxHP_equip/NE-dxHP-PkgHP-18to33-Ex-SEER13.4/instance-out.sql,1.00,204.00
CZ01/Hsp&0&cDXHP&Ex&dxHP_equip/NE-dxHP-PkgHP-18to33-Ex-SEER15.2/instance-out.sql,1.00,204.00
CZ01/Hsp&0&cDXHP&Ex&dxHP_equip/NE-dxHP-PkgHP-18to33-Ex-SEER16.2/instance-out.sql,1.00,204.00
CZ01/Hsp&0&cDXHP&Ex&dxHP_equip/NE-dxHP-PkgHP-18to33-Ex-SEER17.1/instance-out.sql,1.00,204.00
CZ01/Hsp&0&cDXHP&Ex&dxHP_equip/NE-dxHP-PkgHP-18to33-Ex-SEER18.1/instance-out.sql,1.00,204.00
CZ01/Hsp&0&cDXHP&Ex&dxHP_equip/NE-dxHP-PkgHP-33to65-Ex-SEER13.4/instance-out.sql,1.00,204.00
CZ01/Hsp&0&cDXHP&Ex&dxHP_equip/NE-dxHP-PkgHP-33to65-Ex-SEER15.2/instance-out.sql,1.00,204.00
CZ01/Hsp&0&cDXHP&Ex&dxHP_equip/NE-dxHP-PkgHP-33to65-Ex-SEER16.2/instance-out.sql,1.00,204.00
CZ01/Hsp&0&cDXHP&Ex&dxHP_equip/NE-dxHP-PkgHP-33to65-Ex-SEER17.1/instance-out.sql,1.00,204.00
CZ01/Hsp&0&cDXHP&Ex&dxHP_equip/NE-dxHP-PkgHP-33to65-Ex-SEER18.1/instance-out.sql,1.00,204.00
CZ01/Hsp&0&cDXHP&Ex&dxHP_equip/NE-dxHP-SplitHP-18to33-Ex-SEER14.3/instance-out.sql,1.00,204.00
CZ01/Hsp&0&cDXHP&Ex&dxHP_equip/NE-dxHP-SplitHP-18to33-Ex-SEER15.2/instance-out.sql,1.00,204.00
CZ01/Hsp&0&cDXHP&Ex&dxHP_equip/NE-dxHP-SplitHP-18to33-Ex-SEER16.2/instance-out.sql,1.00,204.00
CZ01/Hsp&0&cDXHP&Ex&dxHP_equip/NE-dxHP-SplitHP-18to33-Ex-SEER17.1/instance-out.sql,1.00,204.00
CZ01/Hsp&0&cDXHP&Ex&dxHP_equip/NE-dxHP-SplitHP-18to33-Ex-SEER18.1/instance-out.sql,1.00,204.00
CZ01/Hsp&0&cDXHP&Ex&dxHP_equip/NE-dxHP-SplitHP-33to55-Ex-SEER14.3/instance-out.sql,1.00,204.00
CZ01/Hsp&0&cDXHP&Ex&dxHP_equip/NE-dxHP-SplitHP-33to55-Ex-SEER15.2/instance-out.sql,1.00,204.00
CZ01/Hsp&0&cDXHP&Ex&dxHP_equip/NE-dxHP-SplitHP-33to55-Ex-SEER16.2/instance-out.sql,1.00,204.00
CZ01/Hsp&0&cDXHP&Ex&dxHP_equip/NE-dxHP-SplitHP-33to55-Ex-SEER17.1/instance-out.sql,1.00,204.00
CZ01/Hsp&0&cDXHP&Ex&dxHP_equip/NE-dxHP-SplitHP-33to55-Ex-SEER18.1/instance-out.sql,1.00,204.00
CZ01/MBT&0&cDXHP&Ex&dxHP_equip/NE-dxHP-PkgHP-18to33-Ex-SEER13.4/instance-out.sql,0.00,188.00
CZ01/MBT&0&cDXHP&Ex&dxHP_equip/NE-dxHP-PkgHP-18to33-Ex-SEER15.2/instance-out.sql,0.00,188.00
CZ01/MBT&0&cDXHP&Ex&dxHP_equip/NE-dxHP-PkgHP-18to33-Ex-SEER16.2/instance-out.sql,0.00,188.00
CZ01/MBT&0&cDXHP&Ex&dxHP_equip/NE-dxHP-PkgHP-18to33-Ex-SEER17.1/instance-out.sql,0.00,188.00
CZ01/MBT&0&cDXHP&Ex&dxHP_equip/NE-dxHP-PkgHP-18to33-Ex-SEER18.1/instance-out.sql,0.00,188.00
CZ01/MBT&0&cDXHP&Ex&dxHP_equip/NE-dxHP-PkgHP-33to65-Ex-SEER13.4/instance-out.sql,0.00,188.00
CZ01/MBT&0&cDXHP&Ex&dxHP_equip/NE-dxHP-PkgHP-33to65-Ex-SEER15.2/instance-out.sql,0.00,188.00
CZ01/MBT&0&cDXHP&Ex&dxHP_equip/NE-dxHP-PkgHP-33to65-Ex-SEER16.2/instance-out.sql,0.00,188.00
CZ01/MBT&0&cDXHP&Ex&dxHP_equip/NE-dxHP-PkgHP-33to65-Ex-SEER17.1/instance-out.sql,0.00,188.00
CZ01/MBT&0&cDXHP&Ex&dxHP_equip/NE-dxHP-PkgHP-33to65-Ex-SEER18.1/instance-out.sql,0.00,188.00
CZ01/MBT&0&cDXHP&Ex&dxHP_equip/NE-dxHP-SplitHP-18to33-Ex-SEER14.3/instance-out.sql,0.00,188.00
CZ01/MBT&0&cDXHP&Ex&dxHP_equip/NE-dxHP-SplitHP-18to33-Ex-SEER15.2/instance-out.sql,0.00,188.00
CZ01/MBT&0&cDXHP&Ex&dxHP_equip/NE-dxHP-SplitHP-18to33-Ex-SEER16.2/instance-out.sql,0.00,188.00
CZ01/MBT&0&cDXHP&Ex&dxHP_equip/NE-dxHP-SplitHP-18to33-Ex-SEER17.1/instance-out.sql,0.00,188.00
CZ01/MBT&0&cDXHP&Ex&dxHP_equip/NE-dxHP-SplitHP-18to33-Ex-SEER18.1/instance-out.sql,0.00,188.00
CZ01/MBT&0&cDXHP&Ex&dxHP_equip/NE-dxHP-SplitHP-33to55-Ex-SEER14.3/instance-out.sql,0.00,188.00
CZ01/MBT&0&cDXHP&Ex&dxHP_equip/NE-dxHP-SplitHP-33to55-Ex-SEER15.2/instance-out.sql,0.00,188.00
CZ01/MBT&0&cDXHP&Ex&dxHP_equip/NE-dxHP-SplitHP-33to55-Ex-SEER16.2/instance-out.sql,0.00,188.00
CZ01/MBT&0&cDXHP&Ex&dxHP_equip/NE-dxHP-SplitHP-33to55-Ex-SEER17.1/instance-out.sql,0.00,188.00
CZ01/MBT&0&cDXHP&Ex&dxHP_equip/NE-dxHP-SplitHP-33to55-Ex-SEER18.1/instance-out.sql,0.00,188.00
CZ01/MLI&0&cDXHP&Ex&dxHP_equip/NE-dxHP-PkgHP-18to33-Ex-SEER13.4/instance-out.sql,0.00,0.00
CZ01/MLI&0&cDXHP&Ex&dxHP_equip/NE-dxHP-PkgHP-18to33-Ex-SEER15.2/instance-out.sql,0.00,0.00
CZ01/MLI&0&cDXHP&Ex&dxHP_equip/NE-dxHP-PkgHP-18to33-Ex-SEER16.2/instance-out.sql,0.00,0.00
CZ01/MLI&0&cDXHP&Ex&dxHP_equip/NE-dxHP-PkgHP-18to33-Ex-SEER17.1/instance-out.sql,0.00,0.00
CZ01/MLI&0&cDXHP&Ex&dxHP_equip/NE-dxHP-PkgHP-18to33-Ex-SEER18.1/instance-out.sql,0.00,0.00
CZ01/MLI&0&cDXHP&Ex&dxHP_equip/NE-dxHP-PkgHP-33to65-Ex-SEER13.4/instance-out.sql,0.00,0.00
CZ01/MLI&0&cDXHP&Ex&dxHP_equip/NE-dxHP-PkgHP-33to65-Ex-SEER15.2/instance-out.sql,0.00,0.00
CZ01/MLI&0&cDXHP&Ex&dxHP_equip/NE-dxHP-PkgHP-33to65-Ex-SEER16.2/instance-out.sql,0.00,0.00
CZ01/MLI&0&cDXHP&Ex&dxHP_equip/NE-dxHP-PkgHP-33to65-Ex-SEER17.1/instance-out.sql,0.00,0.00
CZ01/MLI&0&cDXHP&Ex&dxHP_equip/NE-dxHP-PkgHP-33to65-Ex-SEER18.1/instance-out.sql,0.00,0.00
CZ01/MLI&0&cDXHP&Ex&dxHP_equip/NE-dxHP-SplitHP-18to33-Ex-SEER14.3/instance-out.sql,0.00,0.00
CZ01/MLI&0&cDXHP&Ex&dxHP_equip/NE-dxHP-SplitHP-18to33-Ex-SEER15.2/instance-out.sql,0.00,0.00
CZ01/MLI&0&cDXHP&Ex&dxHP_equip/NE-dxHP-SplitHP-18to33-Ex-SEER16.2/instance-out.sql,0.00,0.00
CZ01/MLI&0&cDXHP&Ex&dxHP_equip/NE-dxHP-SplitHP-18to33-Ex-SEER17.1/instance-out.sql,0.00,0.00
CZ01/MLI&0&cDXHP&Ex&dxHP_equip/NE-dxHP-SplitHP-18to33-Ex-SEER18.1/instance-out.sql,0.00,0.00
CZ01/MLI&0&cDXHP&Ex&dxHP_equip/NE-dxHP-SplitHP-33to55-Ex-SEER14.3/instance-out.sql,0.00,0.00
CZ01/MLI&0&cDXHP&Ex&dxHP_equip/NE-dxHP-SplitHP-33to55-Ex-SEER15.2/instance-out.sql,0.00,0.00
CZ01/MLI&0&cDXHP&Ex&dxHP_equip/NE-dxHP-SplitHP-33to55-Ex-SEER16.2/instance-out.sql,0.00,0.00
CZ01/MLI&0&cDXHP&Ex&dxHP_equip/NE-dxHP-SplitHP-33to55-Ex-SEER17.1/instance-out.sql,0.00,0.00
CZ01/MLI&0&cDXHP&Ex&dxHP_equip/NE-dxHP-SplitHP-33to55-Ex-SEER18.1/instance-out.sql,0.00,0.00
CZ01/Mtl&0&cDXHP&Ex&dxHP_equip/NE-dxHP-PkgHP-18to33-Ex-SEER13.4/instance-out.sql,0.00,47.00
CZ01/Mtl&0&cDXHP&Ex&dxHP_equip/NE-dxHP-PkgHP-18to33-Ex-SEER15.2/instance-out.sql,0.00,47.00
CZ01/Mtl&0&cDXHP&Ex&dxHP_equip/NE-dxHP-PkgHP-18to33-Ex-SEER16.2/instance-out.sql,0.00,47.00
CZ01/Mtl&0&cDXHP&Ex&dxHP_equip/NE-dxHP-PkgHP-18to33-Ex-SEER17.1/instance-out.sql,0.00,47.00
CZ01/Mtl&0&cDXHP&Ex&dxHP_equip/NE-dxHP-PkgHP-18to33-Ex-SEER18.1/instance-out.sql,0.00,47.00
CZ01/Mtl&0&cDXHP&Ex&dxHP_equip/NE-dxHP-PkgHP-33to65-Ex-SEER13.4/instance-out.sql,0.00,47.00
CZ01/Mtl&0&cDXHP&Ex&dxHP_equip/NE-dxHP-PkgHP-33to65-Ex-SEER15.2/instance-out.sql,0.00,47.00
CZ01/Mtl&0&cDXHP&Ex&dxHP_equip/NE-dxHP-PkgHP-33to65-Ex-SEER16.2/instance-out.sql,0.00,47.00
CZ01/Mtl&0&cDXHP&Ex&dxHP_equip/NE-dxHP-PkgHP-33to65-Ex-SEER17.1/instance-out.sql,0.00,47.00
CZ01/Mtl&0&cDXHP&Ex&dxHP_equip/NE-dxHP-PkgHP-33to65-Ex-SEER18.1/instance-out.sql,0.00,47.00
CZ01/Mtl&0&cDXHP&Ex&dxHP_equip/NE-dxHP-SplitHP-18to33-Ex-SEER14.3/instance-out.sql,0.00,47.00
CZ01/Mtl&0&cDXHP&Ex&dxHP_equip/NE-dxHP-SplitHP-18to33-Ex-SEER15.2/instance-out.sql,0.00,47.00
CZ01/Mtl&0&cDXHP&Ex&dxHP_equip/NE-dxHP-SplitHP-18to33-Ex-SEER16.2/instance-out.sql,0.00,47.00
CZ01/Mtl&0&cDXHP&Ex&dxHP_equip/NE-dxHP-SplitHP-18to33-Ex-SEER17.1/instance-out.sql,0.00,47.00
CZ01/Mtl&0&cDXHP&Ex&dxHP_equip/NE-dxHP-SplitHP-18to33-Ex-SEER18.1/instance-out.sql,0.00,47.00
CZ01/Mtl&0&cDXHP&Ex&dxHP_equip/NE-dxHP-SplitHP-33to55-Ex-SEER14.3/instance-out.sql,0.00,47.00
CZ01/Mtl&0&cDXHP&Ex&dxHP_equip/NE-dxHP-SplitHP-33to55-Ex-SEER15.2/instance-out.sql,0.00,47.00
CZ01/Mtl&0&cDXHP&Ex&dxHP_equip/NE-dxHP-SplitHP-33to55-Ex-SEER16.2/instance-out.sql,0.00,47.00
CZ01/Mtl&0&cDXHP&Ex&dxHP_equip/NE-dxHP-SplitHP-33to55-Ex-SEER17.1/instance-out.sql,0.00,47.00
CZ01/Mtl&0&cDXHP&Ex&dxHP_equip/NE-dxHP-SplitHP-33to55-Ex-SEER18.1/instance-out.sql,0.00,47.00
CZ01/Nrs&0&cDXHP&Ex&dxHP_equip/NE-dxHP-PkgHP-18to33-Ex-SEER13.4/instance-out.sql,0.00,0.00
CZ01/Nrs&0&cDXHP&Ex&dxHP_equip/NE-dxHP-PkgHP-18to33-Ex-SEER15.2/instance-out.sql,0.00,0.00
CZ01/Nrs&0&cDXHP&Ex&dxHP_equip/NE-dxHP-PkgHP-18to33-Ex-SEER16.2/instance-out.sql,0.00,0.00
CZ01/Nrs&0&cDXHP&Ex&dxHP_equip/NE-dxHP-PkgHP-18to33-Ex-SEER17.1/instance-out.sql,0.00,0.00
CZ01/Nrs&0&cDXHP&Ex&dxHP_equip/NE-dxHP-PkgHP-18to33-Ex-SEER18.1/instance-out.sql,0.00,0.00
CZ01/Nrs&0&cDXHP&Ex&dxHP_equip/NE-dxHP-PkgHP-33to65-Ex-SEER13.4/instance-out.sql,0.00,0.00
CZ01/Nrs&0&cDXHP&Ex&dxHP_equip/NE-dxHP-PkgHP-33to65-Ex-SEER15.2/instance-out.sql,0.00,0.00
CZ01/Nrs&0&cDXHP&Ex&dxHP_equip/NE-dxHP-PkgHP-33to65-Ex-SEER16.2/instance-out.sql,0.00,0.00
CZ01/Nrs&0&cDXHP&Ex&dxHP_equip/NE-dxHP-PkgHP-33to65-Ex-SEER17.1/instance-out.sql,0.00,0.00
CZ01/Nrs&0&cDXHP&Ex&dxHP_equip/NE-dxHP-PkgHP-33to65-Ex-SEER18.1/instance-out.sql,0.00,0.00
CZ01/Nrs&0&cDXHP&Ex&dxHP_equip/NE-dxHP-SplitHP-18to33-Ex-SEER14.3/instance-out.sql,0.00,0.00
CZ01/Nrs&0&cDXHP&Ex&dxHP_equip/NE-dxHP-SplitHP-18to33-Ex-SEER15.2/instance-out.sql,0.00,0.00
CZ01/Nrs&0&cDXHP&Ex&dxHP_equip/NE-dxHP-SplitHP-18to33-Ex-SEER16.2/instance-out.sql,0.00,0.00
CZ01/Nrs&0&cDXHP&Ex&dxHP_equip/NE-dxHP-SplitHP-18to33-Ex-SEER17.1/instance-out.sql,0.00,0.00
CZ01/Nrs&0&cDXHP&Ex&dxHP_equip/NE-dxHP-SplitHP-18to33-Ex-SEER18.1/instance-out.sql,0.00,0.00
CZ01/Nrs&0&cDXHP&Ex&dxHP_equip/NE-dxHP-SplitHP-33to55-Ex-SEER14.3/instance-out.sql,0.00,0.00
CZ01/Nrs&0&cDXHP&Ex&dxHP_equip/NE-dxHP-SplitHP-33to55-Ex-SEER15.2/instance-out.sql,0.00,0.00
CZ01/Nrs&0&cDXHP&Ex&dxHP_equip/NE-dxHP-SplitHP-33to55-Ex-SEER16.2/instance-out.sql,0.00,0.00
CZ01/Nrs&0&cDXHP&Ex&dxHP_equip/NE-dxHP-SplitHP-33to55-Ex-SEER17.1/instance-out.sql,0.00,0.00
CZ01/Nrs&0&cDXHP&Ex&dxHP_equip/NE-dxHP-SplitHP-33to55-Ex-SEER18.1/instance-out.sql,0.00,0.00
CZ01/OfL&0&cDXHP&Ex&dxHP_equip/NE-dxHP-PkgHP-18to33-Ex-SEER13.4/instance-out.sql,15.00,159.00
CZ01/OfL&0&cDXHP&Ex&dxHP_equip/NE-dxHP-PkgHP-18to33-Ex-SEER15.2/instance-out.sql,15.00,159.00
CZ01/OfL&0&cDXHP&Ex&dxHP_equip/NE-dxHP-PkgHP-18to33-Ex-SEER16.2/instance-out.sql,15.00,159.00
CZ01/OfL&0&cDXHP&Ex&dxHP_equip/NE-dxHP-PkgHP-18to33-Ex-SEER17.1/instance-out.sql,15.00,159.00
CZ01/OfL&0&cDXHP&Ex&dxHP_equip/NE-dxHP-PkgHP-18to33-Ex-SEER18.1/instance-out.sql,15.00,159.00
CZ01/OfL&0&cDXHP&Ex&dxHP_equip/NE-dxHP-PkgHP-33to65-Ex-SEER13.4/instance-out.sql,15.00,159.00
CZ01/OfL&0&cDXHP&Ex&dxHP_equip/NE-dxHP-PkgHP-33to65-Ex-SEER15.2/instance-out.sql,15.00,159.00
CZ01/OfL&0&cDXHP&Ex&dxHP_equip/NE-dxHP-PkgHP-33to65-Ex-SEER16.2/instance-out.sql,15.00,159.00
CZ01/OfL&0&cDXHP&Ex&dxHP_equip/NE-dxHP-PkgHP-33to65-Ex-SEER17.1/instance-out.sql,15.00,159.00
CZ01/OfL&0&cDXHP&Ex&dxHP_equip/NE-dxHP-PkgHP-33to65-Ex-SEER18.1/instance-out.sql,15.00,159.00
CZ01/OfL&0&cDXHP&Ex&dxHP_equip/NE-dxHP-SplitHP-18to33-Ex-SEER14.3/instance-out.sql,15.00,159.00
CZ01/OfL&0&cDXHP&Ex&dxHP_equip/NE-dxHP-SplitHP-18to33-Ex-SEER15.2/instance-out.sql,15.00,159.00
CZ01/OfL&0&cDXHP&Ex&dxHP_equip/NE-dxHP-SplitHP-18to33-Ex-SEER16.2/instance-out.sql,15.00,159.00
CZ01/OfL&0&cDXHP&Ex&dxHP_equip/NE-dxHP-SplitHP-18to33-Ex-SEER17.1/instance-out.sql,15.00,159.00
CZ01/OfL&0&cDXHP&Ex&dxHP_equip/NE-dxHP-SplitHP-18to33-Ex-SEER18.1/instance-out.sql,15.00,159.00
CZ01/OfL&0&cDXHP&Ex&dxHP_equip/NE-dxHP-SplitHP-33to55-Ex-SEER14.3/instance-out.sql,15.00,159.00
CZ01/OfL&0&cDXHP&Ex&dxHP_equip/NE-dxHP-SplitHP-33to55-Ex-SEER15.2/instance-out.sql,15.00,159.00
CZ01/OfL&0&cDXHP&Ex&dxHP_equip/NE-dxHP-SplitHP-33to55-Ex-SEER16.2/instance-out.sql,15.00,159.00
CZ01/OfL&0&cDXHP&Ex&dxHP_equip/NE-dxHP-SplitHP-33to55-Ex-SEER17.1/instance-out.sql,15.00,159.00
CZ01/OfL&0&cDXHP&Ex&dxHP_equip/NE-dxHP-SplitHP-33to55-Ex-SEER18.1/instance-out.sql,15.00,159.00
CZ01/OfS&0&cDXHP&Ex&dxHP_equip/NE-dxHP-PkgHP-18to33-Ex-SEER13.4/instance-out.sql,6.00,113.00
CZ01/OfS&0&cDXHP&Ex&dxHP_equip/NE-dxHP-PkgHP-18to33-Ex-SEER15.2/instance-out.sql,6.00,113.00
CZ01/OfS&0&cDXHP&Ex&dxHP_equip/NE-dxHP-PkgHP-18to33-Ex-SEER16.2/instance-out.sql,6.00,113.00
CZ01/OfS&0&cDXHP&Ex&dxHP_equip/NE-dxHP-PkgHP-18to33-Ex-SEER17.1/instance-out.sql,6.00,113.00
CZ01/OfS&0&cDXHP&Ex&dxHP_equip/NE-dxHP-PkgHP-18to33-Ex-SEER18.1/instance-out.sql,6.00,113.00
CZ01/OfS&0&cDXHP&Ex&dxHP_equip/NE-dxHP-PkgHP-33to65-Ex-SEER13.4/instance-out.sql,6.00,113.00
CZ01/OfS&0&cDXHP&Ex&dxHP_equip/NE-dxHP-PkgHP-33to65-Ex-SEER15.2/instance-out.sql,6.00,113.00
CZ01/OfS&0&cDXHP&Ex&dxHP_equip/NE-dxHP-PkgHP-33to65-Ex-SEER16.2/instance-out.sql,6.00,113.00
CZ01/OfS&0&cDXHP&Ex&dxHP_equip/NE-dxHP-PkgHP-33to65-Ex-SEER17.1/instance-out.sql,6.00,113.00
CZ01/OfS&0&cDXHP&Ex&dxHP_equip/NE-dxHP-PkgHP-33to65-Ex-SEER18.1/instance-out.sql,6.00,113.00
CZ01/OfS&0&cDXHP&Ex&dxHP_equip/NE-dxHP-SplitHP-18to33-Ex-SEER14.3/instance-out.sql,6.00,113.00
CZ01/OfS&0&cDXHP&Ex&dxHP_equip/NE-dxHP-SplitHP-18to33-Ex-SEER15.2/instance-out.sql,6.00,113.00
CZ01/OfS&0&cDXHP&Ex&dxHP_equip/NE-dxHP-SplitHP-18to33-Ex-SEER16.2/instance-out.sql,6.00,113.00
CZ01/OfS&0&cDXHP&Ex&dxHP_equip/NE-dxHP-SplitHP-18to33-Ex-SEER17.1/instance-out.sql,6.00,113.00
CZ01/OfS&0&cDXHP&Ex&dxHP_equip/NE-dxHP-SplitHP-18to33-Ex-SEER18.1/instance-out.sql,6.00,113.00
CZ01/OfS&0&cDXHP&Ex&dxHP_equip/NE-dxHP-SplitHP-33to55-Ex-SEER14.3/instance-out.sql,6.00,113.00
CZ01/OfS&0&cDXHP&Ex&dxHP_equip/NE-dxHP-SplitHP-33to55-Ex-SEER15.2/instance-out.sql,6.00,113.00
CZ01/OfS&0&cDXHP&Ex&dxHP_equip/NE-dxHP-SplitHP-33to55-Ex-SEER16.2/instance-out.sql,6.00,113.00
CZ01/OfS&0&cDXHP&Ex&dxHP_equip/NE-dxHP-SplitHP-33to55-Ex-SEER17.1/instance-out.sql,6.00,113.00
CZ01/OfS&0&cDXHP&Ex&dxHP_equip/NE-dxHP-SplitHP-33to55-Ex-SEER18.1/instance-out.sql,6.00,113.00
CZ01/RFF&0&cDXHP&Ex&dxHP_equip/NE-dxHP-PkgHP-18to33-Ex-SEER13.4/instance-out.sql,0.00,0.00
CZ01/RFF&0&cDXHP&Ex&dxHP_equip/NE-dxHP-PkgHP-18to33-Ex-SEER15.2/instance-out.sql,0.00,0.00
CZ01/RFF&0&cDXHP&Ex&dxHP_equip/NE-dxHP-PkgHP-18to33-Ex-SEER16.2/instance-out.sql,0.00,0.00
CZ01/RFF&0&cDXHP&Ex&dxHP_equip/NE-dxHP-PkgHP-18to33-Ex-SEER17.1/instance-out.sql,0.00,0.00
CZ01/RFF&0&cDXHP&Ex&dxHP_equip/NE-dxHP-PkgHP-18to33-Ex-SEER18.1/instance-out.sql,0.00,0.00
CZ01/RFF&0&cDXHP&Ex&dxHP_equip/NE-dxHP-PkgHP-33to65-Ex-SEER13.4/instance-out.sql,0.00,0.00
CZ01/RFF&0&cDXHP&Ex&dxHP_equip/NE-dxHP-PkgHP-33to65-Ex-SEER15.2/instance-out.sql,0.00,0.00
CZ01/RFF&0&cDXHP&Ex&dxHP_equip/NE-dxHP-PkgHP-33to65-Ex-SEER16.2/instance-out.sql,0.00,0.00
CZ01/RFF&0&cDXHP&Ex&dxHP_equip/NE-dxHP-PkgHP-33to65-Ex-SEER17.1/instance-out.sql,0.00,0.00
CZ01/RFF&0&cDXHP&Ex&dxHP_equip/NE-dxHP-PkgHP-33to65-Ex-SEER18.1/instance-out.sql,0.00,0.00
CZ01/RFF&0&cDXHP&Ex&dxHP_equip/NE-dxHP-SplitHP-18to33-Ex-SEER14.3/instance-out.sql,0.00,0.00
CZ01/RFF&0&cDXHP&Ex&dxHP_equip/NE-dxHP-SplitHP-18to33-Ex-SEER15.2/instance-out.sql,0.00,0.00
CZ01/RFF&0&cDXHP&Ex&dxHP_equip/NE-dxHP-SplitHP-18to33-Ex-SEER16.2/instance-out.sql,0.00,0.00
CZ01/RFF&0&cDXHP&Ex&dxHP_equip/NE-dxHP-SplitHP-18to33-Ex-SEER17.1/instance-out.sql,0.00,0.00
CZ01/RFF&0&cDXHP&Ex&dxHP_equip/NE-dxHP-SplitHP-18to33-Ex-SEER18.1/instance-out.sql,0.00,0.00
CZ01/RFF&0&cDXHP&Ex&dxHP_equip/NE-dxHP-SplitHP-33to55-Ex-SEER14.3/instance-out.sql,0.00,0.00
CZ01/RFF&0&cDXHP&Ex&dxHP_equip/NE-dxHP-SplitHP-33to55-Ex-SEER15.2/instance-out.sql,0.00,0.00
CZ01/RFF&0&cDXHP&Ex&dxHP_equip/NE-dxHP-SplitHP-33to55-Ex-SEER16.2/instance-out.sql,0.00,0.00
CZ01/RFF&0&cDXHP&Ex&dxHP_equip/NE-dxHP-SplitHP-33to55-Ex-SEER17.1/instance-out.sql,0.00,0.00
CZ01/RFF&0&cDXHP&Ex&dxHP_equip/NE-dxHP-SplitHP-33to55-Ex-SEER18.1/instance-out.sql,0.00,0.00
CZ01/RSD&0&cDXHP&Ex&dxHP_equip/NE-dxHP-PkgHP-18to33-Ex-SEER13.4/instance-out.sql,0.00,0.00
CZ01/RSD&0&cDXHP&Ex&dxHP_equip/NE-dxHP-PkgHP-18to33-Ex-SEER15.2/instance-out.sql,0.00,0.00
CZ01/RSD&0&cDXHP&Ex&dxHP_equip/NE-dxHP-PkgHP-18to33-Ex-SEER16.2/instance-out.sql,0.00,0.00
CZ01/RSD&0&cDXHP&Ex&dxHP_equip/NE-dxHP-PkgHP-18to33-Ex-SEER17.1/instance-out.sql,0.00,0.00
CZ01/RSD&0&cDXHP&Ex&dxHP_equip/NE-dxHP-PkgHP-18to33-Ex-SEER18.1/instance-out.sql,0.00,0.00
CZ01/RSD&0&cDXHP&Ex&dxHP_equip/NE-dxHP-PkgHP-33to65-Ex-SEER13.4/instance-out.sql,0.00,0.00
CZ01/RSD&0&cDXHP&Ex&dxHP_equip/NE-dxHP-PkgHP-33to65-Ex-SEER15.2/instance-out.sql,0.00,0.00
CZ01/RSD&0&cDXHP&Ex&dxHP_equip/NE-dxHP-PkgHP-33to65-Ex-SEER16.2/instance-out.sql,0.00,0.00
CZ01/RSD&0&cDXHP&Ex&dxHP_equip/NE-dxHP-PkgHP-33to65-Ex-SEER17.1/instance-out.sql,0.00,0.00
CZ01/RSD&0&cDXHP&Ex&dxHP_equip/NE-dxHP-PkgHP-33to65-Ex-SEER18.1/instance-out.sql,0.00,0.00
CZ01/RSD&0&cDXHP&Ex&dxHP_equip/NE-dxHP-SplitHP-18to33-Ex-SEER14.3/instance-out.sql,0.00,0.00
CZ01/RSD&0&cDXHP&Ex&dxHP_equip/NE-dxHP-SplitHP-18to33-Ex-SEER15.2/instance-out.sql,0.00,0.00
CZ01/RSD&0&cDXHP&Ex&dxHP_equip/NE-dxHP-SplitHP-18to33-Ex-SEER16.2/instance-out.sql,0.00,0.00
CZ01/RSD&0&cDXHP&Ex&dxHP_equip/NE-dxHP-SplitHP-18to33-Ex-SEER17.1/instance-out.sql,0.00,0.00
CZ01/RSD&0&cDXHP&Ex&dxHP_equip/NE-dxHP-SplitHP-18to33-Ex-SEER18.1/instance-out.sql,0.00,0.00
CZ01/RSD&0&cDXHP&Ex&dxHP_equip/NE-dxHP-SplitHP-33to55-Ex-SEER14.3/instance-out.sql,0.00,0.00
CZ01/RSD&0&cDXHP&Ex&dxHP_equip/NE-dxHP-SplitHP-33to55-Ex-SEER15.2/instance-out.sql,0.00,0.00
CZ01/RSD&0&cDXHP&Ex&dxHP_equip/NE-dxHP-SplitHP-33to55-Ex-SEER16.2/instance-out.sql,0.00,0.00
CZ01/RSD&0&cDXHP&Ex&dxHP_equip/NE-dxHP-SplitHP-33to55-Ex-SEER17.1/instance-out.sql,0.00,0.00
CZ01/RSD&0&cDXHP&Ex&dxHP_equip/NE-dxHP-SplitHP-33to55-Ex-SEER18.1/instance-out.sql,0.00,0.00
CZ01/Rt3&0&cDXHP&Ex&dxHP_equip/NE-dxHP-PkgHP-18to33-Ex-SEER13.4/instance-out.sql,0.00,0.00
CZ01/Rt3&0&cDXHP&Ex&dxHP_equip/NE-dxHP-PkgHP-18to33-Ex-SEER15.2/instance-out.sql,0.00,0.00
CZ01/Rt3&0&cDXHP&Ex&dxHP_equip/NE-dxHP-PkgHP-18to33-Ex-SEER16.2/instance-out.sql,0.00,0.00
CZ01/Rt3&0&cDXHP&Ex&dxHP_equip/NE-dxHP-PkgHP-18to33-Ex-SEER17.1/instance-out.sql,0.00,0.00
CZ01/Rt3&0&cDXHP&Ex&dxHP_equip/NE-dxHP-PkgHP-18to33-Ex-SEER18.1/instance-out.sql,0.00,0.00
CZ01/Rt3&0&cDXHP&Ex&dxHP_equip/NE-dxHP-PkgHP-33to65-Ex-SEER13.4/instance-out.sql,0.00,0.00
CZ01/Rt3&0&cDXHP&Ex&dxHP_equip/NE-dxHP-PkgHP-33to65-Ex-SEER15.2/instance-out.sql,0.00,0.00
CZ01/Rt3&0&cDXHP&Ex&dxHP_equip/NE-dxHP-PkgHP-33to65-Ex-SEER16.2/instance-out.sql,0.00,0.00
CZ01/Rt3&0&cDXHP&Ex&dxHP_equip/NE-dxHP-PkgHP-33to65-Ex-SEER17.1/instance-out.sql,0.00,0.00
CZ01/Rt3&0&cDXHP&Ex&dxHP_equip/NE-dxHP-PkgHP-33to65-Ex-SEER18.1/instance-out.sql,0.00,0.00
CZ01/Rt3&0&cDXHP&Ex&dxHP_equip/NE-dxHP-SplitHP-18to33-Ex-SEER14.3/instance-out.sql,0.00,0.00
CZ01/Rt3&0&cDXHP&Ex&dxHP_equip/NE-dxHP-SplitHP-18to33-Ex-SEER15.2/instance-out.sql,0.00,0.00
CZ01/Rt3&0&cDXHP&Ex&dxHP_equip/NE-dxHP-SplitHP-18to33-Ex-SEER16.2/instance-out.sql,0.00,0.00
CZ01/Rt3&0&cDXHP&Ex&dxHP_equip/NE-dxHP-SplitHP-18to33-Ex-SEER17.1/instance-out.sql,0.00,0.00
CZ01/Rt3&0&cDXHP&Ex&dxHP_equip/NE-dxHP-SplitHP-18to33-Ex-SEER18.1/instance-out.sql,0.00,0.00
CZ01/Rt3&0&cDXHP&Ex&dxHP_equip/NE-dxHP-SplitHP-33to55-Ex-SEER14.3/instance-out.sql,0.00,0.00
CZ01/Rt3&0&cDXHP&Ex&dxHP_equip/NE-dxHP-SplitHP-33to55-Ex-SEER15.2/instance-out.sql,0.00,0.00
CZ01/Rt3&0&cDXHP&Ex&dxHP_equip/NE-dxHP-SplitHP-33to55-Ex-SEER16.2/instance-out.sql,0.00,0.00
CZ01/Rt3&0&cDXHP&Ex&dxHP_equip/NE-dxHP-SplitHP-33to55-Ex-SEER17.1/instance-out.sql,0.00,0.00
CZ01/Rt3&0&cDXHP&Ex&dxHP_equip/NE-dxHP-SplitHP-33to55-Ex-SEER18.1/instance-out.sql,0.00,0.00
CZ01/RtL&0&cDXHP&Ex&dxHP_equip/NE-dxHP-PkgHP-18to33-Ex-SEER13.4/instance-out.sql,0.00,0.00
CZ01/RtL&0&cDXHP&Ex&dxHP_equip/NE-dxHP-PkgHP-18to33-Ex-SEER15.2/instance-out.sql,0.00,0.00
CZ01/RtL&0&cDXHP&Ex&dxHP_equip/NE-dxHP-PkgHP-18to33-Ex-SEER16.2/instance-out.sql,0.00,0.00
CZ01/RtL&0&cDXHP&Ex&dxHP_equip/NE-dxHP-PkgHP-18to33-Ex-SEER17.1/instance-out.sql,0.00,0.00
CZ01/RtL&0&cDXHP&Ex&dxHP_equip/NE-dxHP-PkgHP-18to33-Ex-SEER18.1/instance-out.sql,0.00,0.00
CZ01/RtL&0&cDXHP&Ex&dxHP_equip/NE-dxHP-PkgHP-33to65-Ex-SEER13.4/instance-out.sql,0.00,0.00
CZ01/RtL&0&cDXHP&Ex&dxHP_equip/NE-dxHP-PkgHP-33to65-Ex-SEER15.2/instance-out.sql,0.00,0.00
CZ01/RtL&0&cDXHP&Ex&dxHP_equip/NE-dxHP-PkgHP-33to65-Ex-SEER16.2/instance-out.sql,0.00,0.00
CZ01/RtL&0&cDXHP&Ex&dxHP_equip/NE-dxHP-PkgHP-33to65-Ex-SEER17.1/instance-out.sql,0.00,0.00
CZ01/RtL&0&cDXHP&Ex&dxHP_equip/NE-dxHP-PkgHP-33to65-Ex-SEER18.1/instance-out.sql,0.00,0.00
CZ01/RtL&0&cDXHP&Ex&dxHP_equip/NE-dxHP-SplitHP-18to33-Ex-SEER14.3/instance-out.sql,0.00,0.00
CZ01/RtL&0&cDXHP&Ex&dxHP_equip/NE-dxHP-SplitHP-18to33-Ex-SEER15.2/instance-out.sql,0.00,0.00
CZ01/RtL&0&cDXHP&Ex&dxHP_equip/NE-dxHP-SplitHP-18to33-Ex-SEER16.2/instance-out.sql,0.00,0.00
CZ01/RtL&0&cDXHP&Ex&dxHP_equip/NE-dxHP-SplitHP-18to33-Ex-SEER17.1/instance-out.sql,0.00,0.00
CZ01/RtL&0&cDXHP&Ex&dxHP_equip/NE-dxHP-SplitHP-18to33-Ex-SEER18.1/instance-out.sql,0.00,0.00
CZ01/RtL&0&cDXHP&Ex&dxHP_equip/NE-dxHP-SplitHP-33to55-Ex-SEER14.3/instance-out.sql,0.00,0.00
CZ01/RtL&0&cDXHP&Ex&dxHP_equip/NE-dxHP-SplitHP-33to55-Ex-SEER15.2/instance-out.sql,0.00,0.00
CZ01/RtL&0&cDXHP&Ex&dxHP_equip/NE-dxHP-SplitHP-33to55-Ex-SEER16.2/instance-out.sql,0.00,0.00
CZ01/RtL&0&cDXHP&Ex&dxHP_equip/NE-dxHP-SplitHP-33to55-Ex-SEER17.1/instance-out.sql,0.00,0.00
CZ01/RtL&0&cDXHP&Ex&dxHP_equip/NE-dxHP-SplitHP-33to55-Ex-SEER18.1/instance-out.sql,0.00,0.00
CZ01/RtS&0&cDXHP&Ex&dxHP_equip/NE-dxHP-PkgHP-18to33-Ex-SEER13.4/instance-out.sql,0.00,0.00
CZ01/RtS&0&cDXHP&Ex&dxHP_equip/NE-dxHP-PkgHP-18to33-Ex-SEER15.2/instance-out.sql,0.00,0.00
CZ01/RtS&0&cDXHP&Ex&dxHP_equip/NE-dxHP-PkgHP-18to33-Ex-SEER16.2/instance-out.sql,0.00,0.00
CZ01/RtS&0&cDXHP&Ex&dxHP_equip/NE-dxHP-PkgHP-18to33-Ex-SEER17.1/instance-out.sql,0.00,0.00
CZ01/RtS&0&cDXHP&Ex&dxHP_equip/NE-dxHP-PkgHP-18to33-Ex-SEER18.1/instance-out.sql,0.00,0.00
CZ01/RtS&0&cDXHP&Ex&dxHP_equip/NE-dxHP-PkgHP-33to65-Ex-SEER13.4/instance-out.sql,0.00,0.00
CZ01/RtS&0&cDXHP&Ex&dxHP_equip/NE-dxHP-PkgHP-33to65-Ex-SEER15.2/instance-out.sql,0.00,0.00
CZ01/RtS&0&cDXHP&Ex&dxHP_equip/NE-dxHP-PkgHP-33to65-Ex-SEER16.2/instance-out.sql,0.00,0.00
CZ01/RtS&0&cDXHP&Ex&dxHP_equip/NE-dxHP-PkgHP-33to65-Ex-SEER17.1/instance-out.sql,0.00,0.00
CZ01/RtS&0&cDXHP&Ex&dxHP_equip/NE-dxHP-PkgHP-33to65-Ex-SEER18.1/instance-out.sql,0.00,0.00
CZ01/RtS&0&cDXHP&Ex&dxHP_equip/NE-dxHP-SplitHP-18to33-Ex-SEER14.3/instance-out.sql,0.00,0.00
CZ01/RtS&0&cDXHP&Ex&dxHP_equip/NE-dxHP-SplitHP-18to33-Ex-SEER15.2/instance-out.sql,0.00,0.00
CZ01/RtS&0&cDXHP&Ex&dxHP_equip/NE-dxHP-SplitHP-18to33-Ex-SEER16.2/instance-out.sql,0.00,0.00
CZ01/RtS&0&cDXHP&Ex&dxHP_equip/NE-dxHP-SplitHP-18to33-Ex-SEER17.1/instance-out.sql,0.00,0.00
CZ01/RtS&0&cDXHP&Ex&dxHP_equip/NE-dxHP-SplitHP-18to33-Ex-SEER18.1/instance-out.sql,0.00,0.00
CZ01/RtS&0&cDXHP&Ex&dxHP_equip/NE-dxHP-SplitHP-33to55-Ex-SEER14.3/instance-out.sql,0.00,0.00
CZ01/RtS&0&cDXHP&Ex&dxHP_equip/NE-dxHP-SplitHP-33to55-Ex-SEER15.2/instance-out.sql,0.00,0.00
CZ01/RtS&0&cDXHP&Ex&dxHP_equip/NE-dxHP-SplitHP-33to55-Ex-SEER16.2/instance-out.sql,0.00,0.00
CZ01/RtS&0&cDXHP&Ex&dxHP_equip/NE-dxHP-SplitHP-33to55-Ex-SEER17.1/instance-out.sql,0.00,0.00
CZ01/RtS&0&cDXHP&Ex&dxHP_equip/NE-dxHP-SplitHP-33to55-Ex-SEER18.1/instance-out.sql,0.00,0.00
CZ01/SCn&0&cDXHP&Ex&dxHP_equip/NE-dxHP-PkgHP-18to33-Ex-SEER13.4/instance-out.sql,0.00,0.00
CZ01/SCn&0&cDXHP&Ex&dxHP_equip/NE-dxHP-PkgHP-18to33-Ex-SEER15.2/instance-out.sql,0.00,0.00
CZ01/SCn&0&cDXHP&Ex&dxHP_equip/NE-dxHP-PkgHP-18to33-Ex-SEER16.2/instance-out.sql,0.00,0.00
CZ01/SCn&0&cDXHP&Ex&dxHP_equip/NE-dxHP-PkgHP-18to33-Ex-SEER17.1/instance-out.sql,0.00,0.00
CZ01/SCn&0&cDXHP&Ex&dxHP_equip/NE-dxHP-PkgHP-18to33-Ex-SEER18.1/instance-out.sql,0.00,0.00
CZ01/SCn&0&cDXHP&Ex&dxHP_equip/NE-dxHP-PkgHP-33to65-Ex-SEER13.4/instance-out.sql,0.00,0.00
CZ01/SCn&0&cDXHP&Ex&dxHP_equip/NE-dxHP-PkgHP-33to65-Ex-SEER15.2/instance-out.sql,0.00,0.00
CZ01/SCn&0&cDXHP&Ex&dxHP_equip/NE-dxHP-PkgHP-33to65-Ex-SEER16.2/instance-out.sql,0.00,0.00
CZ01/SCn&0&cDXHP&Ex&dxHP_equip/NE-dxHP-PkgHP-33to65-Ex-SEER17.1/instance-out.sql,0.00,0.00
CZ01/SCn&0&cDXHP&Ex&dxHP_equip/NE-dxHP-PkgHP-33to65-Ex-SEER18.1/instance-out.sql,0.00,0.00
CZ01/SCn&0&cDXHP&Ex&dxHP_equip/NE-dxHP-SplitHP-18to33-Ex-SEER14.3/instance-out.sql,0.00,0.00
CZ01/SCn&0&cDXHP&Ex&dxHP_equip/NE-dxHP-SplitHP-18to33-Ex-SEER15.2/instance-out.sql,0.00,0.00
CZ01/SCn&0&cDXHP&Ex&dxHP_equip/NE-dxHP-SplitHP-18to33-Ex-SEER16.2/instance-out.sql,0.00,0.00
CZ01/SCn&0&cDXHP&Ex&dxHP_equip/NE-dxHP-SplitHP-18to33-Ex-SEER17.1/instance-out.sql,0.00,0.00
CZ01/SCn&0&cDXHP&Ex&dxHP_equip/NE-dxHP-SplitHP-18to33-Ex-SEER18.1/instance-out.sql,0.00,0.00
CZ01/SCn&0&cDXHP&Ex&dxHP_equip/NE-dxHP-SplitHP-33to55-Ex-SEER14.3/instance-out.sql,0.00,0.00
CZ01/SCn&0&cDXHP&Ex&dxHP_equip/NE-dxHP-SplitHP-33to55-Ex-SEER15.2/instance-out.sql,0.00,0.00
CZ01/SCn&0&cDXHP&Ex&dxHP_equip/NE-dxHP-SplitHP-33to55-Ex-SEER16.2/instance-out.sql,0.00,0.00
CZ01/SCn&0&cDXHP&Ex&dxHP_equip/NE-dxHP-SplitHP-33to55-Ex-SEER17.1/instance-out.sql,0.00,0.00
CZ01/SCn&0&cDXHP&Ex&dxHP_equip/NE-dxHP-SplitHP-33to55-Ex-SEER18.1/instance-out.sql,0.00,0.00
CZ02/Asm&0&cDXHP&Ex&dxHP_equip/NE-dxHP-PkgHP-18to33-Ex-SEER13.4/instance-out.sql,0.00,0.00
CZ02/Asm&0&cDXHP&Ex&dxHP_equip/NE-dxHP-PkgHP-18to33-Ex-SEER15.2/instance-out.sql,0.00,0.00
CZ02/Asm&0&cDXHP&Ex&dxHP_equip/NE-dxHP-PkgHP-18to33-Ex-SEER16.2/instance-out.sql,0.00,0.00
CZ02/Asm&0&cDXHP&Ex&dxHP_equip/NE-dxHP-PkgHP-18to33-Ex-SEER17.1/instance-out.sql,0.00,0.00
CZ02/Asm&0&cDXHP&Ex&dxHP_equip/NE-dxHP-PkgHP-18to33-Ex-SEER18.1/instance-out.sql,0.00,0.00
CZ02/Asm&0&cDXHP&Ex&dxHP_equip/NE-dxHP-PkgHP-33to65-Ex-SEER13.4/instance-out.sql,0.00,0.00
CZ02/Asm&0&cDXHP&Ex&dxHP_equip/NE-dxHP-PkgHP-33to65-Ex-SEER15.2/instance-out.sql,0.00,0.00
CZ02/Asm&0&cDXHP&Ex&dxHP_equip/NE-dxHP-PkgHP-33to65-Ex-SEER16.2/instance-out.sql,0.00,0.00
CZ02/Asm&0&cDXHP&Ex&dxHP_equip/NE-dxHP-PkgHP-33to65-Ex-SEER17.1/instance-out.sql,0.00,0.00
CZ02/Asm&0&cDXHP&Ex&dxHP_equip/NE-dxHP-PkgHP-33to65-Ex-SEER18.1/instance-out.sql,0.00,0.00
CZ02/Asm&0&cDXHP&Ex&dxHP_equip/NE-dxHP-SplitHP-18to33-Ex-SEER14.3/instance-out.sql,0.00,0.00
CZ02/Asm&0&cDXHP&Ex&dxHP_equip/NE-dxHP-SplitHP-18to33-Ex-SEER15.2/instance-out.sql,0.00,0.00
CZ02/Asm&0&cDXHP&Ex&dxHP_equip/NE-dxHP-SplitHP-18to33-Ex-SEER16.2/instance-out.sql,0.00,0.00
CZ02/Asm&0&cDXHP&Ex&dxHP_equip/NE-dxHP-SplitHP-18to33-Ex-SEER17.1/instance-out.sql,0.00,0.00
CZ02/Asm&0&cDXHP&Ex&dxHP_equip/NE-dxHP-SplitHP-18to33-Ex-SEER18.1/instance-out.sql,0.00,0.00
CZ02/Asm&0&cDXHP&Ex&dxHP_equip/NE-dxHP-SplitHP-33to55-Ex-SEER14.3/instance-out.sql,0.00,0.00
CZ02/Asm&0&cDXHP&Ex&dxHP_equip/NE-dxHP-SplitHP-33to55-Ex-SEER15.2/instance-out.sql,0.00,0.00
CZ02/Asm&0&cDXHP&Ex&dxHP_equip/NE-dxHP-SplitHP-33to55-Ex-SEER16.2/instance-out.sql,0.00,0.00
CZ02/Asm&0&cDXHP&Ex&dxHP_equip/NE-dxHP-SplitHP-33to55-Ex-SEER17.1/instance-out.sql,0.00,0.00
CZ02/Asm&0&cDXHP&Ex&dxHP_equip/NE-dxHP-SplitHP-33to55-Ex-SEER18.1/instance-out.sql,0.00,0.00
CZ02/ECC&0&cDXHP&Ex&dxHP_equip/NE-dxHP-PkgHP-18to33-Ex-SEER13.4/instance-out.sql,1.00,4440.00
CZ02/ECC&0&cDXHP&Ex&dxHP_equip/NE-dxHP-PkgHP-18to33-Ex-SEER15.2/instance-out.sql,1.00,4440.00
CZ02/ECC&0&cDXHP&Ex&dxHP_equip/NE-dxHP-PkgHP-18to33-Ex-SEER16.2/instance-out.sql,1.00,4440.00
CZ02/ECC&0&cDXHP&Ex&dxHP_equip/NE-dxHP-PkgHP-18to33-Ex-SEER17.1/instance-out.sql,1.00,4440.00
CZ02/ECC&0&cDXHP&Ex&dxHP_equip/NE-dxHP-PkgHP-18to33-Ex-SEER18.1/instance-out.sql,1.00,4440.00
CZ02/ECC&0&cDXHP&Ex&dxHP_equip/NE-dxHP-PkgHP-33to65-Ex-SEER13.4/instance-out.sql,1.00,4440.00
CZ02/ECC&0&cDXHP&Ex&dxHP_equip/NE-dxHP-PkgHP-33to65-Ex-SEER15.2/instance-out.sql,1.00,4440.00
CZ02/ECC&0&cDXHP&Ex&dxHP_equip/NE-dxHP-PkgHP-33to65-Ex-SEER16.2/instance-out.sql,1.00,4440.00
CZ02/ECC&0&cDXHP&Ex&dxHP_equip/NE-dxHP-PkgHP-33to65-Ex-SEER17.1/instance-out.sql,1.00,4440.00
CZ02/ECC&0&cDXHP&Ex&dxHP_equip/NE-dxHP-PkgHP-33to65-Ex-SEER18.1/instance-out.sql,1.00,4440.00
CZ02/ECC&0&cDXHP&Ex&dxHP_equip/NE-dxHP-SplitHP-18to33-Ex-SEER14.3/instance-out.sql,1.00,4440.00
CZ02/ECC&0&cDXHP&Ex&dxHP_equip/NE-dxHP-SplitHP-18to33-Ex-SEER15.2/instance-out.sql,1.00,4440.00
CZ02/ECC&0&cDXHP&Ex&dxHP_equip/NE-dxHP-SplitHP-18to33-Ex-SEER16.2/instance-out.sql,1.00,4440.00
CZ02/ECC&0&cDXHP&Ex&dxHP_equip/NE-dxHP-SplitHP-18to33-Ex-SEER17.1/instance-out.sql,1.00,4440.00
CZ02/ECC&0&cDXHP&Ex&dxHP_equip/NE-dxHP-SplitHP-18to33-Ex-SEER18.1/instance-out.sql,1.00,4440.00
CZ02/ECC&0&cDXHP&Ex&dxHP_equip/NE-dxHP-SplitHP-33to55-Ex-SEER14.3/instance-out.sql,1.00,4440.00
CZ02/ECC&0&cDXHP&Ex&dxHP_equip/NE-dxHP-SplitHP-33to55-Ex-SEER15.2/instance-out.sql,1.00,4440.00
CZ02/ECC&0&cDXHP&Ex&dxHP_equip/NE-dxHP-SplitHP-33to55-Ex-SEER16.2/instance-out.sql,1.00,4440.00
CZ02/ECC&0&cDXHP&Ex&dxHP_equip/NE-dxHP-SplitHP-33to55-Ex-SEER17.1/instance-out.sql,1.00,4440.00
CZ02/ECC&0&cDXHP&Ex&dxHP_equip/NE-dxHP-SplitHP-33to55-Ex-SEER18.1/instance-out.sql,1.00,4440.00
CZ02/EPr&0&cDXHP&Ex&dxHP_equip/NE-dxHP-PkgHP-18to33-Ex-SEER13.4/instance-out.sql,2.00,0.00
CZ02/EPr&0&cDXHP&Ex&dxHP_equip/NE-dxHP-PkgHP-18to33-Ex-SEER15.2/instance-out.sql,2.00,0.00
CZ02/EPr&0&cDXHP&Ex&dxHP_equip/NE-dxHP-PkgHP-18to33-Ex-SEER16.2/instance-out.sql,2.00,0.00
CZ02/EPr&0&cDXHP&Ex&dxHP_equip/NE-dxHP-PkgHP-18to33-Ex-SEER17.1/instance-out.sql,2.00,0.00
CZ02/EPr&0&cDXHP&Ex&dxHP_equip/NE-dxHP-PkgHP-18to33-Ex-SEER18.1/instance-out.sql,2.00,0.00
CZ02/EPr&0&cDXHP&Ex&dxHP_equip/NE-dxHP-PkgHP-33to65-Ex-SEER13.4/instance-out.sql,2.00,0.00
CZ02/EPr&0&cDXHP&Ex&dxHP_equip/NE-dxHP-PkgHP-33to65-Ex-SEER15.2/instance-out.sql,2.00,0.00
CZ02/EPr&0&cDXHP&Ex&dxHP_equip/NE-dxHP-PkgHP-33to65-Ex-SEER16.2/instance-out.sql,2.00,0.00
CZ02/EPr&0&cDXHP&Ex&dxHP_equip/NE-dxHP-PkgHP-33to65-Ex-SEER17.1/instance-out.sql,2.00,0.00
CZ02/EPr&0&cDXHP&Ex&dxHP_equip/NE-dxHP-PkgHP-33to65-Ex-SEER18.1/instance-out.sql,2.00,0.00
CZ02/EPr&0&cDXHP&Ex&dxHP_equip/NE-dxHP-SplitHP-18to33-Ex-SEER14.3/instance-out.sql,2.00,0.00
CZ02/EPr&0&cDXHP&Ex&dxHP_equip/NE-dxHP-SplitHP-18to33-Ex-SEER15.2/instance-out.sql,2.00,0.00
CZ02/EPr&0&cDXHP&Ex&dxHP_equip/NE-dxHP-SplitHP-18to33-Ex-SEER16.2/instance-out.sql,2.00,0.00
CZ02/EPr&0&cDXHP&Ex&dxHP_equip/NE-dxHP-SplitHP-18to33-Ex-SEER17.1/instance-out.sql,2.00,0.00
CZ02/EPr&0&cDXHP&Ex&dxHP_equip/NE-dxHP-SplitHP-18to33-Ex-SEER18.1/instance-out.sql,2.00,0.00
CZ02/EPr&0&cDXHP&Ex&dxHP_equip/NE-dxHP-SplitHP-33to55-Ex-SEER14.3/instance-out.sql,2.00,0.00
CZ02/EPr&0&cDXHP&Ex&dxHP_equip/NE-dxHP-SplitHP-33to55-Ex-SEER15.2/instance-out.sql,2.00,0.00
CZ02/EPr&0&cDXHP&Ex&dxHP_equip/NE-dxHP-SplitHP-33to55-Ex-SEER16.2/instance-out.sql,2.00,0.00
CZ02/EPr&0&cDXHP&Ex&dxHP_equip/NE-dxHP-SplitHP-33to55-Ex-SEER17.1/instance-out.sql,2.00,0.00
CZ02/EPr&0&cDXHP&Ex&dxHP_equip/NE-dxHP-SplitHP-33to55-Ex-SEER18.1/instance-out.sql,2.00,0.00
CZ02/ERC&0&cDXHP&Ex&dxHP_equip/NE-dxHP-PkgHP-18to33-Ex-SEER13.4/instance-out.sql,0.00,0.00
CZ02/ERC&0&cDXHP&Ex&dxHP_equip/NE-dxHP-PkgHP-18to33-Ex-SEER15.2/instance-out.sql,0.00,0.00
CZ02/ERC&0&cDXHP&Ex&dxHP_equip/NE-dxHP-PkgHP-18to33-Ex-SEER16.2/instance-out.sql,0.00,0.00
CZ02/ERC&0&cDXHP&Ex&dxHP_equip/NE-dxHP-PkgHP-18to33-Ex-SEER17.1/instance-out.sql,0.00,0.00
CZ02/ERC&0&cDXHP&Ex&dxHP_equip/NE-dxHP-PkgHP-18to33-Ex-SEER18.1/instance-out.sql,0.00,0.00
CZ02/ERC&0&cDXHP&Ex&dxHP_equip/NE-dxHP-PkgHP-33to65-Ex-SEER13.4/instance-out.sql,0.00,0.00
CZ02/ERC&0&cDXHP&Ex&dxHP_equip/NE-dxHP-PkgHP-33to65-Ex-SEER15.2/instance-out.sql,0.00,0.00
CZ02/ERC&0&cDXHP&Ex&dxHP_equip/NE-dxHP-PkgHP-33to65-Ex-SEER16.2/instance-out.sql,0.00,0.00
CZ02/ERC&0&cDXHP&Ex&dxHP_equip/NE-dxHP-PkgHP-33to65-Ex-SEER17.1/instance-out.sql,0.00,0.00
CZ02/ERC&0&cDXHP&Ex&dxHP_equip/NE-dxHP-PkgHP-33to65-Ex-SEER18.1/instance-out.sql,0.00,0.00
CZ02/ERC&0&cDXHP&Ex&dxHP_equip/NE-dxHP-SplitHP-18to33-Ex-SEER14.3/instance-out.sql,0.00,0.00
CZ02/ERC&0&cDXHP&Ex&dxHP_equip/NE-dxHP-SplitHP-18to33-Ex-SEER15.2/instance-out.sql,0.00,0.00
CZ02/ERC&0&cDXHP&Ex&dxHP_equip/NE-dxHP-SplitHP-18to33-Ex-SEER16.2/instance-out.sql,0.00,0.00
CZ02/ERC&0&cDXHP&Ex&dxHP_equip/NE-dxHP-SplitHP-18to33-Ex-SEER17.1/instance-out.sql,0.00,0.00
CZ02/ERC&0&cDXHP&Ex&dxHP_equip/NE-dxHP-SplitHP-18to33-Ex-SEER18.1/instance-out.sql,0.00,0.00
CZ02/ERC&0&cDXHP&Ex&dxHP_equip/NE-dxHP-SplitHP-33to55-Ex-SEER14.3/instance-out.sql,0.00,0.00
CZ02/ERC&0&cDXHP&Ex&dxHP_equip/NE-dxHP-SplitHP-33to55-Ex-SEER15.2/instance-out.sql,0.00,0.00
CZ02/ERC&0&cDXHP&Ex&dxHP_equip/NE-dxHP-SplitHP-33to55-Ex-SEER16.2/instance-out.sql,0.00,0.00
CZ02/ERC&0&cDXHP&Ex&dxHP_equip/NE-dxHP-SplitHP-33to55-Ex-SEER17.1/instance-out.sql,0.00,0.00
CZ02/ERC&0&cDXHP&Ex&dxHP_equip/NE-dxHP-SplitHP-33to55-Ex-SEER18.1/instance-out.sql,0.00,0.00
CZ02/ESe&0&cDXHP&Ex&dxHP_equip/NE-dxHP-PkgHP-18to33-Ex-SEER13.4/instance-out.sql,0.00,0.00
CZ02/ESe&0&cDXHP&Ex&dxHP_equip/NE-dxHP-PkgHP-18to33-Ex-SEER15.2/instance-out.sql,0.00,0.00
CZ02/ESe&0&cDXHP&Ex&dxHP_equip/NE-dxHP-PkgHP-18to33-Ex-SEER16.2/instance-out.sql,0.00,0.00
CZ02/ESe&0&cDXHP&Ex&dxHP_equip/NE-dxHP-PkgHP-18to33-Ex-SEER17.1/instance-out.sql,0.00,0.00
CZ02/ESe&0&cDXHP&Ex&dxHP_equip/NE-dxHP-PkgHP-18to33-Ex-SEER18.1/instance-out.sql,0.00,0.00
CZ02/ESe&0&cDXHP&Ex&dxHP_equip/NE-dxHP-PkgHP-33to65-Ex-SEER13.4/instance-out.sql,0.00,0.00
CZ02/ESe&0&cDXHP&Ex&dxHP_equip/NE-dxHP-PkgHP-33to65-Ex-SEER15.2/instance-out.sql,0.00,0.00
CZ02/ESe&0&cDXHP&Ex&dxHP_equip/NE-dxHP-PkgHP-33to65-Ex-SEER16.2/instance-out.sql,0.00,0.00
CZ02/ESe&0&cDXHP&Ex&dxHP_equip/NE-dxHP-PkgHP-33to65-Ex-SEER17.1/instance-out.sql,0.00,0.00
CZ02/ESe&0&cDXHP&Ex&dxHP_equip/NE-dxHP-PkgHP-33to65-Ex-SEER18.1/instance-out.sql,0.00,0.00
CZ02/ESe&0&cDXHP&Ex&dxHP_equip/NE-dxHP-SplitHP-18to33-Ex-SEER14.3/instance-out.sql,0.00,0.00
CZ02/ESe&0&cDXHP&Ex&dxHP_equip/NE-dxHP-SplitHP-18to33-Ex-SEER15.2/instance-out.sql,0.00,0.00
CZ02/ESe&0&cDXHP&Ex&dxHP_equip/NE-dxHP-SplitHP-18to33-Ex-SEER16.2/instance-out.sql,0.00,0.00
CZ02/ESe&0&cDXHP&Ex&dxHP_equip/NE-dxHP-SplitHP-18to33-Ex-SEER17.1/instance-out.sql,0.00,0.00
CZ02/ESe&0&cDXHP&Ex&dxHP_equip/NE-dxHP-SplitHP-18to33-Ex-SEER18.1/instance-out.sql,0.00,0.00
CZ02/ESe&0&cDXHP&Ex&dxHP_equip/NE-dxHP-SplitHP-33to55-Ex-SEER14.3/instance-out.sql,0.00,0.00
CZ02/ESe&0&cDXHP&Ex&dxHP_equip/NE-dxHP-SplitHP-33to55-Ex-SEER15.2/instance-out.sql,0.00,0.00
CZ02/ESe&0&cDXHP&Ex&dxHP_equip/NE-dxHP-SplitHP-33to55-Ex-SEER16.2/instance-out.sql,0.00,0.00
CZ02/ESe&0&cDXHP&Ex&dxHP_equip/NE-dxHP-SplitHP-33to55-Ex-SEER17.1/instance-out.sql,0.00,0.00
CZ02/ESe&0&cDXHP&Ex&dxHP_equip/NE-dxHP-SplitHP-33to55-Ex-SEER18.1/instance-out.sql,0.00,0.00
CZ02/EUn&0&cDXHP&Ex&dxHP_equip/NE-dxHP-PkgHP-18to33-Ex-SEER13.4/instance-out.sql,0.00,335.00
CZ02/EUn&0&cDXHP&Ex&dxHP_equip/NE-dxHP-PkgHP-18to33-Ex-SEER15.2/instance-out.sql,0.00,335.00
CZ02/EUn&0&cDXHP&Ex&dxHP_equip/NE-dxHP-PkgHP-18to33-Ex-SEER16.2/instance-out.sql,0.00,335.00
CZ02/EUn&0&cDXHP&Ex&dxHP_equip/NE-dxHP-PkgHP-18to33-Ex-SEER17.1/instance-out.sql,0.00,335.00
CZ02/EUn&0&cDXHP&Ex&dxHP_equip/NE-dxHP-PkgHP-18to33-Ex-SEER18.1/instance-out.sql,0.00,335.00
CZ02/EUn&0&cDXHP&Ex&dxHP_equip/NE-dxHP-PkgHP-33to65-Ex-SEER13.4/instance-out.sql,0.00,335.00
CZ02/EUn&0&cDXHP&Ex&dxHP_equip/NE-dxHP-PkgHP-33to65-Ex-SEER15.2/instance-out.sql,0.00,335.00
CZ02/EUn&0&cDXHP&Ex&dxHP_equip/NE-dxHP-PkgHP-33to65-Ex-SEER16.2/instance-out.sql,0.00,335.00
CZ02/EUn&0&cDXHP&Ex&dxHP_equip/NE-dxHP-PkgHP-33to65-Ex-SEER17.1/instance-out.sql,0.00,335.00
CZ02/EUn&0&cDXHP&Ex&dxHP_equip/NE-dxHP-PkgHP-33to65-Ex-SEER18.1/instance-out.sql,0.00,335.00
CZ02/EUn&0&cDXHP&Ex&dxHP_equip/NE-dxHP-SplitHP-18to33-Ex-SEER14.3/instance-out.sql,0.00,335.00
CZ02/EUn&0&cDXHP&Ex&dxHP_equip/NE-dxHP-SplitHP-18to33-Ex-SEER15.2/instance-out.sql,0.00,335.00
CZ02/EUn&0&cDXHP&Ex&dxHP_equip/NE-dxHP-SplitHP-18to33-Ex-SEER16.2/instance-out.sql,0.00,335.00
CZ02/EUn&0&cDXHP&Ex&dxHP_equip/NE-dxHP-SplitHP-18to33-Ex-SEER17.1/instance-out.sql,0.00,335.00
CZ02/EUn&0&cDXHP&Ex&dxHP_equip/NE-dxHP-SplitHP-18to33-Ex-SEER18.1/instance-out.sql,0.00,335.00
CZ02/EUn&0&cDXHP&Ex&dxHP_equip/NE-dxHP-SplitHP-33to55-Ex-SEER14.3/instance-out.sql,0.00,335.00
CZ02/EUn&0&cDXHP&Ex&dxHP_equip/NE-dxHP-SplitHP-33to55-Ex-SEER15.2/instance-out.sql,0.00,335.00
CZ02/EUn&0&cDXHP&Ex&dxHP_equip/NE-dxHP-SplitHP-33to55-Ex-SEER16.2/instance-out.sql,0.00,335.00
CZ02/EUn&0&cDXHP&Ex&dxHP_equip/NE-dxHP-SplitHP-33to55-Ex-SEER17.1/instance-out.sql,0.00,335.00
CZ02/EUn&0&cDXHP&Ex&dxHP_equip/NE-dxHP-SplitHP-33to55-Ex-SEER18.1/instance-out.sql,0.00,335.00
CZ02/Gro&0&cDXHP&Ex&dxHP_equip/NE-dxHP-PkgHP-18to33-Ex-SEER13.4/instance-out.sql,7.00,0.00
CZ02/Gro&0&cDXHP&Ex&dxHP_equip/NE-dxHP-PkgHP-18to33-Ex-SEER15.2/instance-out.sql,7.00,0.00
CZ02/Gro&0&cDXHP&Ex&dxHP_equip/NE-dxHP-PkgHP-18to33-Ex-SEER16.2/instance-out.sql,7.00,0.00
CZ02/Gro&0&cDXHP&Ex&dxHP_equip/NE-dxHP-PkgHP-18to33-Ex-SEER17.1/instance-out.sql,7.00,0.00
CZ02/Gro&0&cDXHP&Ex&dxHP_equip/NE-dxHP-PkgHP-18to33-Ex-SEER18.1/instance-out.sql,7.00,0.00
CZ02/Gro&0&cDXHP&Ex&dxHP_equip/NE-dxHP-PkgHP-33to65-Ex-SEER13.4/instance-out.sql,7.00,0.00
CZ02/Gro&0&cDXHP&Ex&dxHP_equip/NE-dxHP-PkgHP-33to65-Ex-SEER15.2/instance-out.sql,7.00,0.00
CZ02/Gro&0&cDXHP&Ex&dxHP_equip/NE-dxHP-PkgHP-33to65-Ex-SEER16.2/instance-out.sql,7.00,0.00
CZ02/Gro&0&cDXHP&Ex&dxHP_equip/NE-dxHP-PkgHP-33to65-Ex-SEER17.1/instance-out.sql,7.00,0.00
CZ02/Gro&0&cDXHP&Ex&dxHP_equip/NE-dxHP-PkgHP-33to65-Ex-SEER18.1/instance-out.sql,7.00,0.00
CZ02/Gro&0&cDXHP&Ex&dxHP_equip/NE-dxHP-SplitHP-18to33-Ex-SEER14.3/instance-out.sql,7.00,0.00
CZ02/Gro&0&cDXHP&Ex&dxHP_equip/NE-dxHP-SplitHP-18to33-Ex-SEER15.2/instance-out.sql,7.00,0.00
CZ02/Gro&0&cDXHP&Ex&dxHP_equip/NE-dxHP-SplitHP-18to33-Ex-SEER16.2/instance-out.sql,7.00,0.00
CZ02/Gro&0&cDXHP&Ex&dxHP_equip/NE-dxHP-SplitHP-18to33-Ex-SEER17.1/instance-out.sql,7.00,0.00
CZ02/Gro&0&cDXHP&Ex&dxHP_equip/NE-dxHP-SplitHP-18to33-Ex-SEER18.1/instance-out.sql,7.00,0.00
CZ02/Gro&0&cDXHP&Ex&dxHP_equip/NE-dxHP-SplitHP-33to55-Ex-SEER14.3/instance-out.sql,7.00,0.00
CZ02/Gro&0&cDXHP&Ex&dxHP_equip/NE-dxHP-SplitHP-33to55-Ex-SEER15.2/instance-out.sql,7.00,0.00
CZ02/Gro&0&cDXHP&Ex&dxHP_equip/NE-dxHP-SplitHP-33to55-Ex-SEER16.2/instance-out.sql,7.00,0.00
CZ02/Gro&0&cDXHP&Ex&dxHP_equip/NE-dxHP-SplitHP-33to55-Ex-SEER17.1/instance-out.sql,7.00,0.00
CZ02/Gro&0&cDXHP&Ex&dxHP_equip/NE-dxHP-SplitHP-33to55-Ex-SEER18.1/instance-out.sql,7.00,0.00
CZ02/Hsp&0&cDXHP&Ex&dxHP_equip/NE-dxHP-PkgHP-18to33-Ex-SEER13.4/instance-out.sql,1.00,61.00
CZ02/Hsp&0&cDXHP&Ex&dxHP_equip/NE-dxHP-PkgHP-18to33-Ex-SEER15.2/instance-out.sql,1.00,61.00
CZ02/Hsp&0&cDXHP&Ex&dxHP_equip/NE-dxHP-PkgHP-18to33-Ex-SEER16.2/instance-out.sql,1.00,61.00
CZ02/Hsp&0&cDXHP&Ex&dxHP_equip/NE-dxHP-PkgHP-18to33-Ex-SEER17.1/instance-out.sql,1.00,61.00
CZ02/Hsp&0&cDXHP&Ex&dxHP_equip/NE-dxHP-PkgHP-18to33-Ex-SEER18.1/instance-out.sql,1.00,61.00
CZ02/Hsp&0&cDXHP&Ex&dxHP_equip/NE-dxHP-PkgHP-33to65-Ex-SEER13.4/instance-out.sql,1.00,61.00
CZ02/Hsp&0&cDXHP&Ex&dxHP_equip/NE-dxHP-PkgHP-33to65-Ex-SEER15.2/instance-out.sql,1.00,61.00
CZ02/Hsp&0&cDXHP&Ex&dxHP_equip/NE-dxHP-PkgHP-33to65-Ex-SEER16.2/instance-out.sql,1.00,61.00
CZ02/Hsp&0&cDXHP&Ex&dxHP_equip/NE-dxHP-PkgHP-33to65-Ex-SEER17.1/instance-out.sql,1.00,61.00
CZ02/Hsp&0&cDXHP&Ex&dxHP_equip/NE-dxHP-PkgHP-33to65-Ex-SEER18.1/instance-out.sql,1.00,61.00
CZ02/Hsp&0&cDXHP&Ex&dxHP_equip/NE-dxHP-SplitHP-18to33-Ex-SEER14.3/instance-out.sql,1.00,61.00
CZ02/Hsp&0&cDXHP&Ex&dxHP_equip/NE-dxHP-SplitHP-18to33-Ex-SEER15.2/instance-out.sql,1.00,61.00
CZ02/Hsp&0&cDXHP&Ex&dxHP_equip/NE-dxHP-SplitHP-18to33-Ex-SEER16.2/instance-out.sql,1.00,61.00
CZ02/Hsp&0&cDXHP&Ex&dxHP_equip/NE-dxHP-SplitHP-18to33-Ex-SEER17.1/instance-out.sql,1.00,61.00
CZ02/Hsp&0&cDXHP&Ex&dxHP_equip/NE-dxHP-SplitHP-18to33-Ex-SEER18.1/instance-out.sql,1.00,61.00
CZ02/Hsp&0&cDXHP&Ex&dxHP_equip/NE-dxHP-SplitHP-33to55-Ex-SEER14.3/instance-out.sql,1.00,61.00
CZ02/Hsp&0&cDXHP&Ex&dxHP_equip/NE-dxHP-SplitHP-33to55-Ex-SEER15.2/instance-out.sql,1.00,61.00
CZ02/Hsp&0&cDXHP&Ex&dxHP_equip/NE-dxHP-SplitHP-33to55-Ex-SEER16.2/instance-out.sql,1.00,61.00
CZ02/Hsp&0&cDXHP&Ex&dxHP_equip/NE-dxHP-SplitHP-33to55-Ex-SEER17.1/instance-out.sql,1.00,61.00
CZ02/Hsp&0&cDXHP&Ex&dxHP_equip/NE-dxHP-SplitHP-33to55-Ex-SEER18.1/instance-out.sql,1.00,61.00
CZ02/MBT&0&cDXHP&Ex&dxHP_equip/NE-dxHP-PkgHP-18to33-Ex-SEER13.4/instance-out.sql,5.00,32.00
CZ02/MBT&0&cDXHP&Ex&dxHP_equip/NE-dxHP-PkgHP-18to33-Ex-SEER15.2/instance-out.sql,5.00,32.00
CZ02/MBT&0&cDXHP&Ex&dxHP_equip/NE-dxHP-PkgHP-18to33-Ex-SEER16.2/instance-out.sql,5.00,32.00
CZ02/MBT&0&cDXHP&Ex&dxHP_equip/NE-dxHP-PkgHP-18to33-Ex-SEER17.1/instance-out.sql,5.00,32.00
CZ02/MBT&0&cDXHP&Ex&dxHP_equip/NE-dxHP-PkgHP-18to33-Ex-SEER18.1/instance-out.sql,5.00,32.00
CZ02/MBT&0&cDXHP&Ex&dxHP_equip/NE-dxHP-PkgHP-33to65-Ex-SEER13.4/instance-out.sql,5.00,32.00
CZ02/MBT&0&cDXHP&Ex&dxHP_equip/NE-dxHP-PkgHP-33to65-Ex-SEER15.2/instance-out.sql,5.00,32.00
CZ02/MBT&0&cDXHP&Ex&dxHP_equip/NE-dxHP-PkgHP-33to65-Ex-SEER16.2/instance-out.sql,5.00,32.00
CZ02/MBT&0&cDXHP&Ex&dxHP_equip/NE-dxHP-PkgHP-33to65-Ex-SEER17.1/instance-out.sql,5.00,32.00
CZ02/MBT&0&cDXHP&Ex&dxHP_equip/NE-dxHP-PkgHP-33to65-Ex-SEER18.1/instance-out.sql,5.00,32.00
CZ02/MBT&0&cDXHP&Ex&dxHP_equip/NE-dxHP-SplitHP-18to33-Ex-SEER14.3/instance-out.sql,5.00,32.00
CZ02/MBT&0&cDXHP&Ex&dxHP_equip/NE-dxHP-SplitHP-18to33-Ex-SEER15.2/instance-out.sql,5.00,32.00
CZ02/MBT&0&cDXHP&Ex&dxHP_equip/NE-dxHP-SplitHP-18to33-Ex-SEER16.2/instance-out.sql,5.00,32.00
CZ02/MBT&0&cDXHP&Ex&dxHP_equip/NE-dxHP-SplitHP-18to33-Ex-SEER17.1/instance-out.sql,5.00,32.00
CZ02/MBT&0&cDXHP&Ex&dxHP_equip/NE-dxHP-SplitHP-18to33-Ex-SEER18.1/instance-out.sql,5.00,32.00
CZ02/MBT&0&cDXHP&Ex&dxHP_equip/NE-dxHP-SplitHP-33to55-Ex-SEER14.3/instance-out.sql,5.00,32.00
CZ02/MBT&0&cDXHP&Ex&dxHP_equip/NE-dxHP-SplitHP-33to55-Ex-SEER15.2/instance-out.sql,5.00,32.00
CZ02/MBT&0&cDXHP&Ex&dxHP_equip/NE-dxHP-SplitHP-33to55-Ex-SEER16.2/instance-out.sql,5.00,32.00
CZ02/MBT&0&cDXHP&Ex&dxHP_equip/NE-dxHP-SplitHP-33to55-Ex-SEER17.1/instance-out.sql,5.00,32.00
CZ02/MBT&0&cDXHP&Ex&dxHP_equip/NE-dxHP-SplitHP-33to55-Ex-SEER18.1/instance-out.sql,5.00,32.00
CZ02/MLI&0&cDXHP&Ex&dxHP_equip/NE-dxHP-PkgHP-18to33-Ex-SEER13.4/instance-out.sql,1.00,0.00
CZ02/MLI&0&cDXHP&Ex&dxHP_equip/NE-dxHP-PkgHP-18to33-Ex-SEER15.2/instance-out.sql,1.00,0.00
CZ02/MLI&0&cDXHP&Ex&dxHP_equip/NE-dxHP-PkgHP-18to33-Ex-SEER16.2/instance-out.sql,1.00,0.00
CZ02/MLI&0&cDXHP&Ex&dxHP_equip/NE-dxHP-PkgHP-18to33-Ex-SEER17.1/instance-out.sql,1.00,0.00
CZ02/MLI&0&cDXHP&Ex&dxHP_equip/NE-dxHP-PkgHP-18to33-Ex-SEER18.1/instance-out.sql,1.00,0.00
CZ02/MLI&0&cDXHP&Ex&dxHP_equip/NE-dxHP-PkgHP-33to65-Ex-SEER13.4/instance-out.sql,1.00,0.00
CZ02/MLI&0&cDXHP&Ex&dxHP_equip/NE-dxHP-PkgHP-33to65-Ex-SEER15.2/instance-out.sql,1.00,0.00
CZ02/MLI&0&cDXHP&Ex&dxHP_equip/NE-dxHP-PkgHP-33to65-Ex-SEER16.2/instance-out.sql,1.00,0.00
CZ02/MLI&0&cDXHP&Ex&dxHP_equip/NE-dxHP-PkgHP-33to65-Ex-SEER17.1/instance-out.sql,1.00,0.00
CZ02/MLI&0&cDXHP&Ex&dxHP_equip/NE-dxHP-PkgHP-33to65-Ex-SEER18.1/instance-out.sql,1.00,0.00
CZ02/MLI&0&cDXHP&Ex&dxHP_equip/NE-dxHP-SplitHP-18to33-Ex-SEER14.3/instance-out.sql,1.00,0.00
CZ02/MLI&0&cDXHP&Ex&dxHP_equip/NE-dxHP-SplitHP-18to33-Ex-SEER15.2/instance-out.sql,1.00,0.00
CZ02/MLI&0&cDXHP&Ex&dxHP_equip/NE-dxHP-SplitHP-18to33-Ex-SEER16.2/instance-out.sql,1.00,0.00
CZ02/MLI&0&cDXHP&Ex&dxHP_equip/NE-dxHP-SplitHP-18to33-Ex-SEER17.1/instance-out.sql,1.00,0.00
CZ02/MLI&0&cDXHP&Ex&dxHP_equip/NE-dxHP-SplitHP-18to33-Ex-SEER18.1/instance-out.sql,1.00,0.00
CZ02/MLI&0&cDXHP&Ex&dxHP_equip/NE-dxHP-SplitHP-33to55-Ex-SEER14.3/instance-out.sql,1.00,0.00
CZ02/MLI&0&cDXHP&Ex&dxHP_equip/NE-dxHP-SplitHP-33to55-Ex-SEER15.2/instance-out.sql,1.00,0.00
CZ02/MLI&0&cDXHP&Ex&dxHP_equip/NE-dxHP-SplitHP-33to55-Ex-SEER16.2/instance-out.sql,1.00,0.00
CZ02/MLI&0&cDXHP&Ex&dxHP_equip/NE-dxHP-SplitHP-33to55-Ex-SEER17.1/instance-out.sql,1.00,0.00
CZ02/MLI&0&cDXHP&Ex&dxHP_equip/NE-dxHP-SplitHP-33to55-Ex-SEER18.1/instance-out.sql,1.00,0.00
CZ02/Mtl&0&cDXHP&Ex&dxHP_equip/NE-dxHP-PkgHP-18to33-Ex-SEER13.4/instance-out.sql,6.00,139.00
CZ02/Mtl&0&cDXHP&Ex&dxHP_equip/NE-dxHP-PkgHP-18to33-Ex-SEER15.2/instance-out.sql,6.00,139.00
CZ02/Mtl&0&cDXHP&Ex&dxHP_equip/NE-dxHP-PkgHP-18to33-Ex-SEER16.2/instance-out.sql,6.00,139.00
CZ02/Mtl&0&cDXHP&Ex&dxHP_equip/NE-dxHP-PkgHP-18to33-Ex-SEER17.1/instance-out.sql,6.00,139.00
CZ02/Mtl&0&cDXHP&Ex&dxHP_equip/NE-dxHP-PkgHP-18to33-Ex-SEER18.1/instance-out.sql,6.00,139.00
CZ02/Mtl&0&cDXHP&Ex&dxHP_equip/NE-dxHP-PkgHP-33to65-Ex-SEER13.4/instance-out.sql,6.00,139.00
CZ02/Mtl&0&cDXHP&Ex&dxHP_equip/NE-dxHP-PkgHP-33to65-Ex-SEER15.2/instance-out.sql,6.00,139.00
CZ02/Mtl&0&cDXHP&Ex&dxHP_equip/NE-dxHP-PkgHP-33to65-Ex-SEER16.2/instance-out.sql,6.00,139.00
CZ02/Mtl&0&cDXHP&Ex&dxHP_equip/NE-dxHP-PkgHP-33to65-Ex-SEER17.1/instance-out.sql,6.00,139.00
CZ02/Mtl&0&cDXHP&Ex&dxHP_equip/NE-dxHP-PkgHP-33to65-Ex-SEER18.1/instance-out.sql,6.00,139.00
CZ02/Mtl&0&cDXHP&Ex&dxHP_equip/NE-dxHP-SplitHP-18to33-Ex-SEER14.3/instance-out.sql,6.00,139.00
CZ02/Mtl&0&cDXHP&Ex&dxHP_equip/NE-dxHP-SplitHP-18to33-Ex-SEER15.2/instance-out.sql,6.00,139.00
CZ02/Mtl&0&cDXHP&Ex&dxHP_equip/NE-dxHP-SplitHP-18to33-Ex-SEER16.2/instance-out.sql,6.00,139.00
CZ02/Mtl&0&cDXHP&Ex&dxHP_equip/NE-dxHP-SplitHP-18to33-Ex-SEER17.1/instance-out.sql,6.00,139.00
CZ02/Mtl&0&cDXHP&Ex&dxHP_equip/NE-dxHP-SplitHP-18to33-Ex-SEER18.1/instance-out.sql,6.00,139.00
CZ02/Mtl&0&cDXHP&Ex&dxHP_equip/NE-dxHP-SplitHP-33to55-Ex-SEER14.3/instance-out.sql,6.00,139.00
CZ02/Mtl&0&cDXHP&Ex&dxHP_equip/NE-dxHP-SplitHP-33to55-Ex-SEER15.2/instance-out.sql,6.00,139.00
CZ02/Mtl&0&cDXHP&Ex&dxHP_equip/NE-dxHP-SplitHP-33to55-Ex-SEER16.2/instance-out.sql,6.00,139.00
CZ02/Mtl&0&cDXHP&Ex&dxHP_equip/NE-dxHP-SplitHP-33to55-Ex-SEER17.1/instance-out.sql,6.00,139.00
CZ02/Mtl&0&cDXHP&Ex&dxHP_equip/NE-dxHP-SplitHP-33to55-Ex-SEER18.1/instance-out.sql,6.00,139.00
CZ02/Nrs&0&cDXHP&Ex&dxHP_equip/NE-dxHP-PkgHP-18to33-Ex-SEER13.4/instance-out.sql,0.00,10.00
CZ02/Nrs&0&cDXHP&Ex&dxHP_equip/NE-dxHP-PkgHP-18to33-Ex-SEER15.2/instance-out.sql,0.00,10.00
CZ02/Nrs&0&cDXHP&Ex&dxHP_equip/NE-dxHP-PkgHP-18to33-Ex-SEER16.2/instance-out.sql,0.00,10.00
CZ02/Nrs&0&cDXHP&Ex&dxHP_equip/NE-dxHP-PkgHP-18to33-Ex-SEER17.1/instance-out.sql,0.00,10.00
CZ02/Nrs&0&cDXHP&Ex&dxHP_equip/NE-dxHP-PkgHP-18to33-Ex-SEER18.1/instance-out.sql,0.00,10.00
CZ02/Nrs&0&cDXHP&Ex&dxHP_equip/NE-dxHP-PkgHP-33to65-Ex-SEER13.4/instance-out.sql,0.00,10.00
CZ02/Nrs&0&cDXHP&Ex&dxHP_equip/NE-dxHP-PkgHP-33to65-Ex-SEER15.2/instance-out.sql,0.00,10.00
CZ02/Nrs&0&cDXHP&Ex&dxHP_equip/NE-dxHP-PkgHP-33to65-Ex-SEER16.2/instance-out.sql,0.00,10.00
CZ02/Nrs&0&cDXHP&Ex&dxHP_equip/NE-dxHP-PkgHP-33to65-Ex-SEER17.1/instance-out.sql,0.00,10.00
CZ02/Nrs&0&cDXHP&Ex&dxHP_equip/NE-dxHP-PkgHP-33to65-Ex-SEER18.1/instance-out.sql,0.00,10.00
CZ02/Nrs&0&cDXHP&Ex&dxHP_equip/NE-dxHP-SplitHP-18to33-Ex-SEER14.3/instance-out.sql,0.00,10.00
CZ02/Nrs&0&cDXHP&Ex&dxHP_equip/NE-dxHP-SplitHP-18to33-Ex-SEER15.2/instance-out.sql,0.00,10.00
CZ02/Nrs&0&cDXHP&Ex&dxHP_equip/NE-dxHP-SplitHP-18to33-Ex-SEER16.2/instance-out.sql,0.00,10.00
CZ02/Nrs&0&cDXHP&Ex&dxHP_equip/NE-dxHP-SplitHP-18to33-Ex-SEER17.1/instance-out.sql,0.00,10.00
CZ02/Nrs&0&cDXHP&Ex&dxHP_equip/NE-dxHP-SplitHP-18to33-Ex-SEER18.1/instance-out.sql,0.00,10.00
CZ02/Nrs&0&cDXHP&Ex&dxHP_equip/NE-dxHP-SplitHP-33to55-Ex-SEER14.3/instance-out.sql,0.00,10.00
CZ02/Nrs&0&cDXHP&Ex&dxHP_equip/NE-dxHP-SplitHP-33to55-Ex-SEER15.2/instance-out.sql,0.00,10.00
CZ02/Nrs&0&cDXHP&Ex&dxHP_equip/NE-dxHP-SplitHP-33to55-Ex-SEER16.2/instance-out.sql,0.00,10.00
CZ02/Nrs&0&cDXHP&Ex&dxHP_equip/NE-dxHP-SplitHP-33to55-Ex-SEER17.1/instance-out.sql,0.00,10.00
CZ02/Nrs&0&cDXHP&Ex&dxHP_equip/NE-dxHP-SplitHP-33to55-Ex-SEER18.1/instance-out.sql,0.00,10.00
CZ02/OfL&0&cDXHP&Ex&dxHP_equip/NE-dxHP-PkgHP-18to33-Ex-SEER13.4/instance-out.sql,19.00,324.00
CZ02/OfL&0&cDXHP&Ex&dxHP_equip/NE-dxHP-PkgHP-18to33-Ex-SEER15.2/instance-out.sql,19.00,324.00
CZ02/OfL&0&cDXHP&Ex&dxHP_equip/NE-dxHP-PkgHP-18to33-Ex-SEER16.2/instance-out.sql,19.00,324.00
CZ02/OfL&0&cDXHP&Ex&dxHP_equip/NE-dxHP-PkgHP-18to33-Ex-SEER17.1/instance-out.sql,19.00,324.00
CZ02/OfL&0&cDXHP&Ex&dxHP_equip/NE-dxHP-PkgHP-18to33-Ex-SEER18.1/instance-out.sql,19.00,324.00
CZ02/OfL&0&cDXHP&Ex&dxHP_equip/NE-dxHP-PkgHP-33to65-Ex-SEER13.4/instance-out.sql,19.00,324.00
CZ02/OfL&0&cDXHP&Ex&dxHP_equip/NE-dxHP-PkgHP-33to65-Ex-SEER15.2/instance-out.sql,19.00,324.00
CZ02/OfL&0&cDXHP&Ex&dxHP_equip/NE-dxHP-PkgHP-33to65-Ex-SEER16.2/instance-out.sql,19.00,324.00
CZ02/OfL&0&cDXHP&Ex&dxHP_equip/NE-dxHP-PkgHP-33to65-Ex-SEER17.1/instance-out.sql,19.00,324.00
CZ02/OfL&0&cDXHP&Ex&dxHP_equip/NE-dxHP-PkgHP-33to65-Ex-SEER18.1/instance-out.sql,19.00,324.00
CZ02/OfL&0&cDXHP&Ex&dxHP_equip/NE-dxHP-SplitHP-18to33-Ex-SEER14.3/instance-out.sql,19.00,324.00
CZ02/OfL&0&cDXHP&Ex&dxHP_equip/NE-dxHP-SplitHP-18to33-Ex-SEER15.2/instance-out.sql,19.00,324.00
CZ02/OfL&0&cDXHP&Ex&dxHP_equip/NE-dxHP-SplitHP-18to33-Ex-SEER16.2/instance-out.sql,19.00,324.00
CZ02/OfL&0&cDXHP&Ex&dxHP_equip/NE-dxHP-SplitHP-18to33-Ex-SEER17.1/instance-out.sql,19.00,324.00
CZ02/OfL&0&cDXHP&Ex&dxHP_equip/NE-dxHP-SplitHP-18to33-Ex-SEER18.1/instance-out.sql,19.00,324.00
CZ02/OfL&0&cDXHP&Ex&dxHP_equip/NE-dxHP-SplitHP-33to55-Ex-SEER14.3/instance-out.sql,19.00,324.00
CZ02/OfL&0&cDXHP&Ex&dxHP_equip/NE-dxHP-SplitHP-33to55-Ex-SEER15.2/instance-out.sql,19.00,324.00
CZ02/OfL&0&cDXHP&Ex&dxHP_equip/NE-dxHP-SplitHP-33to55-Ex-SEER16.2/instance-out.sql,19.00,324.00
CZ02/OfL&0&cDXHP&Ex&dxHP_equip/NE-dxHP-SplitHP-33to55-Ex-SEER17.1/instance-out.sql,19.00,324.00
CZ02/OfL&0&cDXHP&Ex&dxHP_equip/NE-dxHP-SplitHP-33to55-Ex-SEER18.1/instance-out.sql,19.00,324.00
CZ02/OfS&0&cDXHP&Ex&dxHP_equip/NE-dxHP-PkgHP-18to33-Ex-SEER13.4/instance-out.sql,5.00,258.00
CZ02/OfS&0&cDXHP&Ex&dxHP_equip/NE-dxHP-PkgHP-18to33-Ex-SEER15.2/instance-out.sql,5.00,258.00
CZ02/OfS&0&cDXHP&Ex&dxHP_equip/NE-dxHP-PkgHP-18to33-Ex-SEER16.2/instance-out.sql,5.00,258.00
CZ02/OfS&0&cDXHP&Ex&dxHP_equip/NE-dxHP-PkgHP-18to33-Ex-SEER17.1/instance-out.sql,5.00,258.00
CZ02/OfS&0&cDXHP&Ex&dxHP_equip/NE-dxHP-PkgHP-18to33-Ex-SEER18.1/instance-out.sql,5.00,258.00
CZ02/OfS&0&cDXHP&Ex&dxHP_equip/NE-dxHP-PkgHP-33to65-Ex-SEER13.4/instance-out.sql,5.00,258.00
CZ02/OfS&0&cDXHP&Ex&dxHP_equip/NE-dxHP-PkgHP-33to65-Ex-SEER15.2/instance-out.sql,5.00,258.00
CZ02/OfS&0&cDXHP&Ex&dxHP_equip/NE-dxHP-PkgHP-33to65-Ex-SEER16.2/instance-out.sql,5.00,258.00
CZ02/OfS&0&cDXHP&Ex&dxHP_equip/NE-dxHP-PkgHP-33to65-Ex-SEER17.1/instance-out.sql,5.00,258.00
CZ02/OfS&0&cDXHP&Ex&dxHP_equip/NE-dxHP-PkgHP-33to65-Ex-SEER18.1/instance-out.sql,5.00,258.00
CZ02/OfS&0&cDXHP&Ex&dxHP_equip/NE-dxHP-SplitHP-18to33-Ex-SEER14.3/instance-out.sql,5.00,258.00
CZ02/OfS&0&cDXHP&Ex&dxHP_equip/NE-dxHP-SplitHP-18to33-Ex-SEER15.2/instance-out.sql,5.00,258.00
CZ02/OfS&0&cDXHP&Ex&dxHP_equip/NE-dxHP-SplitHP-18to33-Ex-SEER16.2/instance-out.sql,5.00,258.00
CZ02/OfS&0&cDXHP&Ex&dxHP_equip/NE-dxHP-SplitHP-18to33-Ex-SEER17.1/instance-out.sql,5.00,258.00
CZ02/OfS&0&cDXHP&Ex&dxHP_equip/NE-dxHP-SplitHP-18to33-Ex-SEER18.1/instance-out.sql,5.00,258.00
CZ02/OfS&0&cDXHP&Ex&dxHP_equip/NE-dxHP-SplitHP-33to55-Ex-SEER14.3/instance-out.sql,5.00,258.00
CZ02/OfS&0&cDXHP&Ex&dxHP_equip/NE-dxHP-SplitHP-33to55-Ex-SEER15.2/instance-out.sql,5.00,258.00
CZ02/OfS&0&cDXHP&Ex&dxHP_equip/NE-dxHP-SplitHP-33to55-Ex-SEER16.2/instance-out.sql,5.00,258.00
CZ02/OfS&0&cDXHP&Ex&dxHP_equip/NE-dxHP-SplitHP-33to55-Ex-SEER17.1/instance-out.sql,5.00,258.00
CZ02/OfS&0&cDXHP&Ex&dxHP_equip/NE-dxHP-SplitHP-33to55-Ex-SEER18.1/instance-out.sql,5.00,258.00
CZ02/RFF&0&cDXHP&Ex&dxHP_equip/NE-dxHP-PkgHP-18to33-Ex-SEER13.4/instance-out.sql,0.00,0.00
CZ02/RFF&0&cDXHP&Ex&dxHP_equip/NE-dxHP-PkgHP-18to33-Ex-SEER15.2/instance-out.sql,0.00,0.00
CZ02/RFF&0&cDXHP&Ex&dxHP_equip/NE-dxHP-PkgHP-18to33-Ex-SEER16.2/instance-out.sql,0.00,0.00
CZ02/RFF&0&cDXHP&Ex&dxHP_equip/NE-dxHP-PkgHP-18to33-Ex-SEER17.1/instance-out.sql,0.00,0.00
CZ02/RFF&0&cDXHP&Ex&dxHP_equip/NE-dxHP-PkgHP-18to33-Ex-SEER18.1/instance-out.sql,0.00,0.00
CZ02/RFF&0&cDXHP&Ex&dxHP_equip/NE-dxHP-PkgHP-33to65-Ex-SEER13.4/instance-out.sql,0.00,0.00
CZ02/RFF&0&cDXHP&Ex&dxHP_equip/NE-dxHP-PkgHP-33to65-Ex-SEER15.2/instance-out.sql,0.00,0.00
CZ02/RFF&0&cDXHP&Ex&dxHP_equip/NE-dxHP-PkgHP-33to65-Ex-SEER16.2/instance-out.sql,0.00,0.00
CZ02/RFF&0&cDXHP&Ex&dxHP_equip/NE-dxHP-PkgHP-33to65-Ex-SEER17.1/instance-out.sql,0.00,0.00
CZ02/RFF&0&cDXHP&Ex&dxHP_equip/NE-dxHP-PkgHP-33to65-Ex-SEER18.1/instance-out.sql,0.00,0.00
CZ02/RFF&0&cDXHP&Ex&dxHP_equip/NE-dxHP-SplitHP-18to33-Ex-SEER14.3/instance-out.sql,0.00,0.00
CZ02/RFF&0&cDXHP&Ex&dxHP_equip/NE-dxHP-SplitHP-18to33-Ex-SEER15.2/instance-out.sql,0.00,0.00
CZ02/RFF&0&cDXHP&Ex&dxHP_equip/NE-dxHP-SplitHP-18to33-Ex-SEER16.2/instance-out.sql,0.00,0.00
CZ02/RFF&0&cDXHP&Ex&dxHP_equip/NE-dxHP-SplitHP-18to33-Ex-SEER17.1/instance-out.sql,0.00,0.00
CZ02/RFF&0&cDXHP&Ex&dxHP_equip/NE-dxHP-SplitHP-18to33-Ex-SEER18.1/instance-out.sql,0.00,0.00
CZ02/RFF&0&cDXHP&Ex&dxHP_equip/NE-dxHP-SplitHP-33to55-Ex-SEER14.3/instance-out.sql,0.00,0.00
CZ02/RFF&0&cDXHP&Ex&dxHP_equip/NE-dxHP-SplitHP-33to55-Ex-SEER15.2/instance-out.sql,0.00,0.00
CZ02/RFF&0&cDXHP&Ex&dxHP_equip/NE-dxHP-SplitHP-33to55-Ex-SEER16.2/instance-out.sql,0.00,0.00
CZ02/RFF&0&cDXHP&Ex&dxHP_equip/NE-dxHP-SplitHP-33to55-Ex-SEER17.1/instance-out.sql,0.00,0.00
CZ02/RFF&0&cDXHP&Ex&dxHP_equip/NE-dxHP-SplitHP-33to55-Ex-SEER18.1/instance-out.sql,0.00,0.00
CZ02/RSD&0&cDXHP&Ex&dxHP_equip/NE-dxHP-PkgHP-18to33-Ex-SEER13.4/instance-out.sql,0.00,0.00
CZ02/RSD&0&cDXHP&Ex&dxHP_equip/NE-dxHP-PkgHP-18to33-Ex-SEER15.2/instance-out.sql,0.00,0.00
CZ02/RSD&0&cDXHP&Ex&dxHP_equip/NE-dxHP-PkgHP-18to33-Ex-SEER16.2/instance-out.sql,0.00,0.00
CZ02/RSD&0&cDXHP&Ex&dxHP_equip/NE-dxHP-PkgHP-18to33-Ex-SEER17.1/instance-out.sql,0.00,0.00
CZ02/RSD&0&cDXHP&Ex&dxHP_equip/NE-dxHP-PkgHP-18to33-Ex-SEER18.1/instance-out.sql,0.00,0.00
CZ02/RSD&0&cDXHP&Ex&dxHP_equip/NE-dxHP-PkgHP-33to65-Ex-SEER13.4/instance-out.sql,0.00,0.00
CZ02/RSD&0&cDXHP&Ex&dxHP_equip/NE-dxHP-PkgHP-33to65-Ex-SEER15.2/instance-out.sql,0.00,0.00
CZ02/RSD&0&cDXHP&Ex&dxHP_equip/NE-dxHP-PkgHP-33to65-Ex-SEER16.2/instance-out.sql,0.00,0.00
CZ02/RSD&0&cDXHP&Ex&dxHP_equip/NE-dxHP-PkgHP-33to65-Ex-SEER17.1/instance-out.sql,0.00,0.00
CZ02/RSD&0&cDXHP&Ex&dxHP_equip/NE-dxHP-PkgHP-33to65-Ex-SEER18.1/instance-out.sql,0.00,0.00
CZ02/RSD&0&cDXHP&Ex&dxHP_equip/NE-dxHP-SplitHP-18to33-Ex-SEER14.3/instance-out.sql,0.00,0.00
CZ02/RSD&0&cDXHP&Ex&dxHP_equip/NE-dxHP-SplitHP-18to33-Ex-SEER15.2/instance-out.sql,0.00,0.00
CZ02/RSD&0&cDXHP&Ex&dxHP_equip/NE-dxHP-SplitHP-18to33-Ex-SEER16.2/instance-out.sql,0.00,0.00
CZ02/RSD&0&cDXHP&Ex&dxHP_equip/NE-dxHP-SplitHP-18to33-Ex-SEER17.1/instance-out.sql,0.00,0.00
CZ02/RSD&0&cDXHP&Ex&dxHP_equip/NE-dxHP-SplitHP-18to33-Ex-SEER18.1/instance-out.sql,0.00,0.00
CZ02/RSD&0&cDXHP&Ex&dxHP_equip/NE-dxHP-SplitHP-33to55-Ex-SEER14.3/instance-out.sql,0.00,0.00
CZ02/RSD&0&cDXHP&Ex&dxHP_equip/NE-dxHP-SplitHP-33to55-Ex-SEER15.2/instance-out.sql,0.00,0.00
CZ02/RSD&0&cDXHP&Ex&dxHP_equip/NE-dxHP-SplitHP-33to55-Ex-SEER16.2/instance-out.sql,0.00,0.00
CZ02/RSD&0&cDXHP&Ex&dxHP_equip/NE-dxHP-SplitHP-33to55-Ex-SEER17.1/instance-out.sql,0.00,0.00
CZ02/RSD&0&cDXHP&Ex&dxHP_equip/NE-dxHP-SplitHP-33to55-Ex-SEER18.1/instance-out.sql,0.00,0.00
CZ02/Rt3&0&cDXHP&Ex&dxHP_equip/NE-dxHP-PkgHP-18to33-Ex-SEER13.4/instance-out.sql,2.00,0.00
CZ02/Rt3&0&cDXHP&Ex&dxHP_equip/NE-dxHP-PkgHP-18to33-Ex-SEER15.2/instance-out.sql,2.00,0.00
CZ02/Rt3&0&cDXHP&Ex&dxHP_equip/NE-dxHP-PkgHP-18to33-Ex-SEER16.2/instance-out.sql,2.00,0.00
CZ02/Rt3&0&cDXHP&Ex&dxHP_equip/NE-dxHP-PkgHP-18to33-Ex-SEER17.1/instance-out.sql,2.00,0.00
CZ02/Rt3&0&cDXHP&Ex&dxHP_equip/NE-dxHP-PkgHP-18to33-Ex-SEER18.1/instance-out.sql,2.00,0.00
CZ02/Rt3&0&cDXHP&Ex&dxHP_equip/NE-dxHP-PkgHP-33to65-Ex-SEER13.4/instance-out.sql,2.00,0.00
CZ02/Rt3&0&cDXHP&Ex&dxHP_equip/NE-dxHP-PkgHP-33to65-Ex-SEER15.2/instance-out.sql,2.00,0.00
CZ02/Rt3&0&cDXHP&Ex&dxHP_equip/NE-dxHP-PkgHP-33to65-Ex-SEER16.2/instance-out.sql,2.00,0.00
CZ02/Rt3&0&cDXHP&Ex&dxHP_equip/NE-dxHP-PkgHP-33to65-Ex-SEER17.1/instance-out.sql,2.00,0.00
CZ02/Rt3&0&cDXHP&Ex&dxHP_equip/NE-dxHP-PkgHP-33to65-Ex-SEER18.1/instance-out.sql,2.00,0.00
CZ02/Rt3&0&cDXHP&Ex&dxHP_equip/NE-dxHP-SplitHP-18to33-Ex-SEER14.3/instance-out.sql,2.00,0.00
CZ02/Rt3&0&cDXHP&Ex&dxHP_equip/NE-dxHP-SplitHP-18to33-Ex-SEER15.2/instance-out.sql,2.00,0.00
CZ02/Rt3&0&cDXHP&Ex&dxHP_equip/NE-dxHP-SplitHP-18to33-Ex-SEER16.2/instance-out.sql,2.00,0.00
CZ02/Rt3&0&cDXHP&Ex&dxHP_equip/NE-dxHP-SplitHP-18to33-Ex-SEER17.1/instance-out.sql,2.00,0.00
CZ02/Rt3&0&cDXHP&Ex&dxHP_equip/NE-dxHP-SplitHP-18to33-Ex-SEER18.1/instance-out.sql,2.00,0.00
CZ02/Rt3&0&cDXHP&Ex&dxHP_equip/NE-dxHP-SplitHP-33to55-Ex-SEER14.3/instance-out.sql,2.00,0.00
CZ02/Rt3&0&cDXHP&Ex&dxHP_equip/NE-dxHP-SplitHP-33to55-Ex-SEER15.2/instance-out.sql,2.00,0.00
CZ02/Rt3&0&cDXHP&Ex&dxHP_equip/NE-dxHP-SplitHP-33to55-Ex-SEER16.2/instance-out.sql,2.00,0.00
CZ02/Rt3&0&cDXHP&Ex&dxHP_equip/NE-dxHP-SplitHP-33to55-Ex-SEER17.1/instance-out.sql,2.00,0.00
CZ02/Rt3&0&cDXHP&Ex&dxHP_equip/NE-dxHP-SplitHP-33to55-Ex-SEER18.1/instance-out.sql,2.00,0.00
CZ02/RtL&0&cDXHP&Ex&dxHP_equip/NE-dxHP-PkgHP-18to33-Ex-SEER13.4/instance-out.sql,0.00,0.00
CZ02/RtL&0&cDXHP&Ex&dxHP_equip/NE-dxHP-PkgHP-18to33-Ex-SEER15.2/instance-out.sql,0.00,0.00
CZ02/RtL&0&cDXHP&Ex&dxHP_equip/NE-dxHP-PkgHP-18to33-Ex-SEER16.2/instance-out.sql,0.00,0.00
CZ02/RtL&0&cDXHP&Ex&dxHP_equip/NE-dxHP-PkgHP-18to33-Ex-SEER17.1/instance-out.sql,0.00,0.00
CZ02/RtL&0&cDXHP&Ex&dxHP_equip/NE-dxHP-PkgHP-18to33-Ex-SEER18.1/instance-out.sql,0.00,0.00
CZ02/RtL&0&cDXHP&Ex&dxHP_equip/NE-dxHP-PkgHP-33to65-Ex-SEER13.4/instance-out.sql,0.00,0.00
CZ02/RtL&0&cDXHP&Ex&dxHP_equip/NE-dxHP-PkgHP-33to65-Ex-SEER15.2/instance-out.sql,0.00,0.00
CZ02/RtL&0&cDXHP&Ex&dxHP_equip/NE-dxHP-PkgHP-33to65-Ex-SEER16.2/instance-out.sql,0.00,0.00
CZ02/RtL&0&cDXHP&Ex&dxHP_equip/NE-dxHP-PkgHP-33to65-Ex-SEER17.1/instance-out.sql,0.00,0.00
CZ02/RtL&0&cDXHP&Ex&dxHP_equip/NE-dxHP-PkgHP-33to65-Ex-SEER18.1/instance-out.sql,0.00,0.00
CZ02/RtL&0&cDXHP&Ex&dxHP_equip/NE-dxHP-SplitHP-18to33-Ex-SEER14.3/instance-out.sql,0.00,0.00
CZ02/RtL&0&cDXHP&Ex&dxHP_equip/NE-dxHP-SplitHP-18to33-Ex-SEER15.2/instance-out.sql,0.00,0.00
CZ02/RtL&0&cDXHP&Ex&dxHP_equip/NE-dxHP-SplitHP-18to33-Ex-SEER16.2/instance-out.sql,0.00,0.00
CZ02/RtL&0&cDXHP&Ex&dxHP_equip/NE-dxHP-SplitHP-18to33-Ex-SEER17.1/instance-out.sql,0.00,0.00
CZ02/RtL&0&cDXHP&Ex&dxHP_equip/NE-dxHP-SplitHP-18to33-Ex-SEER18.1/instance-out.sql,0.00,0.00
CZ02/RtL&0&cDXHP&Ex&dxHP_equip/NE-dxHP-SplitHP-33to55-Ex-SEER14.3/instance-out.sql,0.00,0.00
CZ02/RtL&0&cDXHP&Ex&dxHP_equip/NE-dxHP-SplitHP-33to55-Ex-SEER15.2/instance-out.sql,0.00,0.00
CZ02/RtL&0&cDXHP&Ex&dxHP_equip/NE-dxHP-SplitHP-33to55-Ex-SEER16.2/instance-out.sql,0.00,0.00
CZ02/RtL&0&cDXHP&Ex&dxHP_equip/NE-dxHP-SplitHP-33to55-Ex-SEER17.1/instance-out.sql,0.00,0.00
CZ02/RtL&0&cDXHP&Ex&dxHP_equip/NE-dxHP-SplitHP-33to55-Ex-SEER18.1/instance-out.sql,0.00,0.00
CZ02/RtS&0&cDXHP&Ex&dxHP_equip/NE-dxHP-PkgHP-18to33-Ex-SEER13.4/instance-out.sql,0.00,0.00
CZ02/RtS&0&cDXHP&Ex&dxHP_equip/NE-dxHP-PkgHP-18to33-Ex-SEER15.2/instance-out.sql,0.00,0.00
CZ02/RtS&0&cDXHP&Ex&dxHP_equip/NE-dxHP-PkgHP-18to33-Ex-SEER16.2/instance-out.sql,0.00,0.00
CZ02/RtS&0&cDXHP&Ex&dxHP_equip/NE-dxHP-PkgHP-18to33-Ex-SEER17.1/instance-out.sql,0.00,0.00
CZ02/RtS&0&cDXHP&Ex&dxHP_equip/NE-dxHP-PkgHP-18to33-Ex-SEER18.1/instance-out.sql,0.00,0.00
CZ02/RtS&0&cDXHP&Ex&dxHP_equip/NE-dxHP-PkgHP-33to65-Ex-SEER13.4/instance-out.sql,0.00,0.00
CZ02/RtS&0&cDXHP&Ex&dxHP_equip/NE-dxHP-PkgHP-33to65-Ex-SEER15.2/instance-out.sql,0.00,0.00
CZ02/RtS&0&cDXHP&Ex&dxHP_equip/NE-dxHP-PkgHP-33to65-Ex-SEER16.2/instance-out.sql,0.00,0.00
CZ02/RtS&0&cDXHP&Ex&dxHP_equip/NE-dxHP-PkgHP-33to65-Ex-SEER17.1/instance-out.sql,0.00,0.00
CZ02/RtS&0&cDXHP&Ex&dxHP_equip/NE-dxHP-PkgHP-33to65-Ex-SEER18.1/instance-out.sql,0.00,0.00
CZ02/RtS&0&cDXHP&Ex&dxHP_equip/NE-dxHP-SplitHP-18to33-Ex-SEER14.3/instance-out.sql,0.00,0.00
CZ02/RtS&0&cDXHP&Ex&dxHP_equip/NE-dxHP-SplitHP-18to33-Ex-SEER15.2/instance-out.sql,0.00,0.00
CZ02/RtS&0&cDXHP&Ex&dxHP_equip/NE-dxHP-SplitHP-18to33-Ex-SEER16.2/instance-out.sql,0.00,0.00
CZ02/RtS&0&cDXHP&Ex&dxHP_equip/NE-dxHP-SplitHP-18to33-Ex-SEER17.1/instance-out.sql,0.00,0.00
CZ02/RtS&0&cDXHP&Ex&dxHP_equip/NE-dxHP-SplitHP-18to33-Ex-SEER18.1/instance-out.sql,0.00,0.00
CZ02/RtS&0&cDXHP&Ex&dxHP_equip/NE-dxHP-SplitHP-33to55-Ex-SEER14.3/instance-out.sql,0.00,0.00
CZ02/RtS&0&cDXHP&Ex&dxHP_equip/NE-dxHP-SplitHP-33to55-Ex-SEER15.2/instance-out.sql,0.00,0.00
CZ02/RtS&0&cDXHP&Ex&dxHP_equip/NE-dxHP-SplitHP-33to55-Ex-SEER16.2/instance-out.sql,0.00,0.00
CZ02/RtS&0&cDXHP&Ex&dxHP_equip/NE-dxHP-SplitHP-33to55-Ex-SEER17.1/instance-out.sql,0.00,0.00
CZ02/RtS&0&cDXHP&Ex&dxHP_equip/NE-dxHP-SplitHP-33to55-Ex-SEER18.1/instance-out.sql,0.00,0.00
CZ02/SCn&0&cDXHP&Ex&dxHP_equip/NE-dxHP-PkgHP-18to33-Ex-SEER13.4/instance-out.sql,0.00,0.00
CZ02/SCn&0&cDXHP&Ex&dxHP_equip/NE-dxHP-PkgHP-18to33-Ex-SEER15.2/instance-out.sql,0.00,0.00
CZ02/SCn&0&cDXHP&Ex&dxHP_equip/NE-dxHP-PkgHP-18to33-Ex-SEER16.2/instance-out.sql,0.00,0.00
CZ02/SCn&0&cDXHP&Ex&dxHP_equip/NE-dxHP-PkgHP-18to33-Ex-SEER17.1/instance-out.sql,0.00,0.00
CZ02/SCn&0&cDXHP&Ex&dxHP_equip/NE-dxHP-PkgHP-18to33-Ex-SEER18.1/instance-out.sql,0.00,0.00
CZ02/SCn&0&cDXHP&Ex&dxHP_equip/NE-dxHP-PkgHP-33to65-Ex-SEER13.4/instance-out.sql,0.00,0.00
CZ02/SCn&0&cDXHP&Ex&dxHP_equip/NE-dxHP-PkgHP-33to65-Ex-SEER15.2/instance-out.sql,0.00,0.00
CZ02/SCn&0&cDXHP&Ex&dxHP_equip/NE-dxHP-PkgHP-33to65-Ex-SEER16.2/instance-out.sql,0.00,0.00
CZ02/SCn&0&cDXHP&Ex&dxHP_equip/NE-dxHP-PkgHP-33to65-Ex-SEER17.1/instance-out.sql,0.00,0.00
CZ02/SCn&0&cDXHP&Ex&dxHP_equip/NE-dxHP-PkgHP-33to65-Ex-SEER18.1/instance-out.sql,0.00,0.00
CZ02/SCn&0&cDXHP&Ex&dxHP_equip/NE-dxHP-SplitHP-18to33-Ex-SEER14.3/instance-out.sql,0.00,0.00
CZ02/SCn&0&cDXHP&Ex&dxHP_equip/NE-dxHP-SplitHP-18to33-Ex-SEER15.2/instance-out.sql,0.00,0.00
CZ02/SCn&0&cDXHP&Ex&dxHP_equip/NE-dxHP-SplitHP-18to33-Ex-SEER16.2/instance-out.sql,0.00,0.00
CZ02/SCn&0&cDXHP&Ex&dxHP_equip/NE-dxHP-SplitHP-18to33-Ex-SEER17.1/instance-out.sql,0.00,0.00
CZ02/SCn&0&cDXHP&Ex&dxHP_equip/NE-dxHP-SplitHP-18to33-Ex-SEER18.1/instance-out.sql,0.00,0.00
CZ02/SCn&0&cDXHP&Ex&dxHP_equip/NE-dxHP-SplitHP-33to55-Ex-SEER14.3/instance-out.sql,0.00,0.00
CZ02/SCn&0&cDXHP&Ex&dxHP_equip/NE-dxHP-SplitHP-33to55-Ex-SEER15.2/instance-out.sql,0.00,0.00
CZ02/SCn&0&cDXHP&Ex&dxHP_equip/NE-dxHP-SplitHP-33to55-Ex-SEER16.2/instance-out.sql,0.00,0.00
CZ02/SCn&0&cDXHP&Ex&dxHP_equip/NE-dxHP-SplitHP-33to55-Ex-SEER17.1/instance-out.sql,0.00,0.00
CZ02/SCn&0&cDXHP&Ex&dxHP_equip/NE-dxHP-SplitHP-33to55-Ex-SEER18.1/instance-out.sql,0.00,0.00

